time_sec,roll,pitch,yaw,roll_des,pitch_des,yaw_des,gyro_x,gyro_y,gyro_z,accel_x,accel_y,accel_z,vbat,ibat,lat,lon,alt,motor_1,motor_2,motor_3,motor_4,flight_mode
0.0,-2.8367,0.7914,130.027,0.0,-0.2405,130.027,,,,,,,,,,,,0.0,0.0,0.0,0.0,0
0.02,-2.8367,0.7914,130.027,0.0,-0.2405,130.027,,,,,,,,,,,,0.0,0.0,0.0,0.0,0
0.04,-2.8367,0.7914,130.027,0.0,-0.2405,130.027,,,,,,,,,,,,0.0,0.0,0.0,0.0,0
0.06,-2.8367,0.7914,130.027,0.0,-0.2405,130.027,,,,,,,,,,,,0.0,0.0,0.0,0.0,0
0.08,-2.8367,0.7914,130.027,0.0,-0.2405,130.027,,,,,,,,,,,,0.0,0.0,0.0,0.0,0
0.1,-2.8367,0.7914,130.027,0.0,-0.2405,130.027,,,,,,,,,,,,0.0,0.0,0.0,0.0,0
0.12,-2.8367,0.7914,130.027,0.0,-0.2405,130.027,,,,,,,,,,,,0.0,0.0,0.0,0.0,0
0.14,-2.8367,0.7914,130.027,0.0,-0.2405,130.027,,,,,,,,,,,,0.0,0.0,0.0,0.0,0
0.16,-2.8431,0.7919,130.0261,0.0,-0.2404,130.0261,,,,,,,,,,,,0.0,0.0,0.0,0.0,0
0.18,-2.8431,0.7919,130.0261,0.0,-0.2404,130.0261,,,,,,,,,,,,0.0,0.0,0.0,0.0,0
0.2,-2.8431,0.7919,130.0261,0.0,-0.2404,130.0261,,,,,,,,,,,,0.0,0.0,0.0,0.0,0
0.22,-2.8431,0.7919,130.0261,0.0,-0.2404,130.0261,,,,,,,,,,,,0.0,0.0,0.0,0.0,0
0.24,-2.8431,0.7919,130.0261,0.0,-0.2404,130.0261,,,,,,,,,,,,0.0,0.0,0.0,0.0,0
0.26,-2.8462,0.7901,130.0216,0.0,-0.2404,130.0216,,,,,,,,,,,,0.0,0.0,0.0,0.0,0
0.28,-2.8462,0.7901,130.0216,0.0,-0.2404,130.0216,,,,,,,,,,,,0.0,0.0,0.0,0.0,0
0.3,-2.8462,0.7901,130.0216,0.0,-0.2404,130.0216,,,,,,,,,,,,0.0,0.0,0.0,0.0,0
0.32,-2.8462,0.7901,130.0216,0.0,-0.2404,130.0216,,,,,,,,,,,,0.0,0.0,0.0,0.0,0
0.34,-2.8462,0.7901,130.0216,0.0,-0.2404,130.0216,,,,,,,,,,,,0.0,0.0,0.0,0.0,0
0.36,-2.8525,0.79,130.0181,0.0,-0.2404,130.0181,,,,,,,,,,,,0.0,0.0,0.0,0.0,0
0.38,-2.8525,0.79,130.0181,0.0,-0.2404,130.0181,,,,,,,,,,,,0.0,0.0,0.0,0.0,0
0.4,-2.8525,0.79,130.0181,0.0,-0.2404,130.0181,,,,,,,,,,,,0.0,0.0,0.0,0.0,0
0.42,-2.8525,0.79,130.0181,0.0,-0.2404,130.0181,,,,,,,,,,,,0.0,0.0,0.0,0.0,0
0.44,-2.8525,0.79,130.0181,0.0,-0.2404,130.0181,,,,,,,,,,,,0.0,0.0,0.0,0.0,0
0.46,-2.8548,0.785,130.0129,0.0,-0.2404,130.0129,,,,,,,,,,,,0.0,0.0,0.0,0.0,0
0.48,-2.8548,0.785,130.0129,0.0,-0.2404,130.0129,,,,,,,,,,,,0.0,0.0,0.0,0.0,0
0.5,-2.8548,0.785,130.0129,0.0,-0.2404,130.0129,,,,,,,,,,,,0.0,0.0,0.0,0.0,0
0.52,-2.8548,0.785,130.0129,0.0,-0.2404,130.0129,,,,,,,,,,,,0.0,0.0,0.0,0.0,0
0.54,-2.8548,0.785,130.0129,0.0,-0.2404,130.0129,,,,,,,,,,,,0.0,0.0,0.0,0.0,0
0.56,-2.8563,0.7829,130.0078,0.0,-0.2404,130.0078,,,,,,,,,,,,0.0,0.0,0.0,0.0,0
0.58,-2.8563,0.7829,130.0078,0.0,-0.2404,130.0078,,,,,,,,,,,,0.0,0.0,0.0,0.0,0
0.6,-2.8563,0.7829,130.0078,0.0,-0.2404,130.0078,,,,,,,,,,,,0.0,0.0,0.0,0.0,0
0.62,-2.8563,0.7829,130.0078,0.0,-0.2404,130.0078,,,,,,,,,,,,0.0,0.0,0.0,0.0,0
0.64,-2.8563,0.7829,130.0078,0.0,-0.2404,130.0078,,,,,,,,,,,,0.0,0.0,0.0,0.0,0
0.66,-2.8604,0.7792,130.0136,0.0,-0.2404,130.0136,,,,,,,,,,,,0.0,0.0,0.0,0.0,0
0.68,-2.8604,0.7792,130.0136,0.0,-0.2404,130.0136,,,,,,,,,,,,0.0,0.0,0.0,0.0,0
0.7,-2.8604,0.7792,130.0136,0.0,-0.2404,130.0136,,,,,,,,,,,,0.0,0.0,0.0,0.0,0
0.72,-2.8604,0.7792,130.0136,0.0,-0.2404,130.0136,,,,,,,,,,,,0.0,0.0,0.0,0.0,0
0.74,-2.8604,0.7792,130.0136,0.0,-0.2404,130.0136,,,,,,,,,,,,0.0,0.0,0.0,0.0,0
0.76,-2.8629,0.7748,130.0105,0.0,-0.2404,130.0105,,,,,,,,,,,,0.0,0.0,0.0,0.0,0
0.78,-2.8629,0.7748,130.0105,0.0,-0.2404,130.0105,,,,,,,,,,,,0.0,0.0,0.0,0.0,0
0.8,-2.8629,0.7748,130.0105,0.0,-0.2404,130.0105,,,,,,,,,,,,0.0,0.0,0.0,0.0,0
0.82,-2.8629,0.7748,130.0105,0.0,-0.2404,130.0105,,,,,,,,,,,,0.0,0.0,0.0,0.0,0
0.84,-2.8629,0.7748,130.0105,0.0,-0.2404,130.0105,,,,,,,,,,,,0.0,0.0,0.0,0.0,0
0.86,-2.8638,0.774,130.0215,0.0,-0.2404,130.0215,,,,,,,,,,,,0.0,0.0,0.0,0.0,0
0.88,-2.8638,0.774,130.0215,0.0,-0.2404,130.0215,,,,,,,,,,,,0.0,0.0,0.0,0.0,0
0.9,-2.8638,0.774,130.0215,0.0,-0.2404,130.0215,,,,,,,,,,,,0.0,0.0,0.0,0.0,0
0.92,-2.8638,0.774,130.0215,0.0,-0.2404,130.0215,,,,,,,,,,,,0.0,0.0,0.0,0.0,0
0.94,-2.8638,0.774,130.0215,0.0,-0.2404,130.0215,,,,,,,,,,,,0.0,0.0,0.0,0.0,0
0.96,-2.8675,0.7693,130.0171,0.0,-0.2404,130.0171,,,,,,,,,,,,0.0,0.0,0.0,0.0,0
0.98,-2.8675,0.7693,130.0171,0.0,-0.2404,130.0171,,,,,,,,,,,,0.0,0.0,0.0,0.0,0
1.0,-2.8675,0.7693,130.0171,0.0,-0.2404,130.0171,,,,,,,,,,,,0.0,0.0,0.0,0.0,0
1.02,-2.8675,0.7693,130.0171,0.0,-0.2404,130.0171,,,,,,,,,,,,0.0,0.0,0.0,0.0,0
1.04,-2.8675,0.7693,130.0171,0.0,-0.2404,130.0171,,,,,,,,,,,,0.0,0.0,0.0,0.0,0
1.06,-2.8713,0.7654,130.0306,0.0,-0.2404,130.0306,,,,,,,,,,,,0.0,0.0,0.0,0.0,0
1.08,-2.8713,0.7654,130.0306,0.0,-0.2404,130.0306,,,,,,,,,,,,0.0,0.0,0.0,0.0,0
1.1,-2.8713,0.7654,130.0306,0.0,-0.2404,130.0306,,,,,,,,,,,,0.0,0.0,0.0,0.0,0
1.12,-2.8713,0.7654,130.0306,0.0,-0.2404,130.0306,,,,,,,,,,,,0.0,0.0,0.0,0.0,0
1.14,-2.8713,0.7654,130.0306,0.0,-0.2404,130.0306,,,,,,,,,,,,0.0,0.0,0.0,0.0,0
1.16,-2.8731,0.7622,130.0138,0.0,-0.2404,130.0138,,,,,,,,,,,,0.0,0.0,0.0,0.0,0
1.18,-2.8731,0.7622,130.0138,0.0,-0.2404,130.0138,,,,,,,,,,,,0.0,0.0,0.0,0.0,0
1.2,-2.8731,0.7622,130.0138,0.0,-0.2404,130.0138,,,,,,,,,,,,0.0,0.0,0.0,0.0,0
1.22,-2.8731,0.7622,130.0138,0.0,-0.2404,130.0138,,,,,,,,,,,,0.0,0.0,0.0,0.0,0
1.24,-2.8731,0.7622,130.0138,0.0,-0.2404,130.0138,,,,,,,,,,,,0.0,0.0,0.0,0.0,0
1.26,-2.8723,0.7548,130.0214,0.0,-0.2404,130.0214,,,,,,,,,,,,0.0,0.0,0.0,0.0,0
1.28,-2.8723,0.7548,130.0214,0.0,-0.2404,130.0214,,,,,,,,,,,,0.0,0.0,0.0,0.0,0
1.3,-2.8723,0.7548,130.0214,0.0,-0.2404,130.0214,,,,,,,,,,,,0.0,0.0,0.0,0.0,0
1.32,-2.8723,0.7548,130.0214,0.0,-0.2404,130.0214,,,,,,,,,,,,0.0,0.0,0.0,0.0,0
1.34,-2.8723,0.7548,130.0214,0.0,-0.2404,130.0214,,,,,,,,,,,,0.0,0.0,0.0,0.0,0
1.36,-2.87,0.7509,130.0043,0.0,-0.2404,130.0043,,,,,,,,,,,,0.0,0.0,0.0,0.0,0
1.38,-2.87,0.7509,130.0043,0.0,-0.2404,130.0043,,,,,,,,,,,,0.0,0.0,0.0,0.0,0
1.4,-2.87,0.7509,130.0043,0.0,-0.2404,130.0043,,,,,,,,,,,,0.0,0.0,0.0,0.0,0
1.42,-2.87,0.7509,130.0043,0.0,-0.2404,130.0043,,,,,,,,,,,,0.0,0.0,0.0,0.0,0
1.44,-2.87,0.7509,130.0043,0.0,-0.2404,130.0043,,,,,,,,,,,,0.0,0.0,0.0,0.0,0
1.46,-2.8668,0.7461,130.0119,0.0,-0.2404,130.0119,,,,,,,,,,,,0.0,0.0,0.0,0.0,0
1.48,-2.8668,0.7461,130.0119,0.0,-0.2404,130.0119,,,,,,,,,,,,0.0,0.0,0.0,0.0,0
1.5,-2.8668,0.7461,130.0119,0.0,-0.2404,130.0119,,,,,,,,,,,,0.0,0.0,0.0,0.0,0
1.52,-2.8668,0.7461,130.0119,0.0,-0.2404,130.0119,,,,,,,,,,,,0.0,0.0,0.0,0.0,0
1.54,-2.8668,0.7461,130.0119,0.0,-0.2404,130.0119,,,,,,,,,,,,0.0,0.0,0.0,0.0,0
1.56,-2.8661,0.742,130.0035,0.0,-0.2404,130.0035,,,,,,,,,,,,0.0,0.0,0.0,0.0,0
1.58,-2.8661,0.742,130.0035,0.0,-0.2404,130.0035,,,,,,,,,,,,0.0,0.0,0.0,0.0,0
1.6,-2.8661,0.742,130.0035,0.0,-0.2404,130.0035,,,,,,,,,,,,0.0,0.0,0.0,0.0,0
1.62,-2.8661,0.742,130.0035,0.0,-0.2404,130.0035,,,,,,,,,,,,0.0,0.0,0.0,0.0,0
1.64,-2.8661,0.742,130.0035,0.0,-0.2404,130.0035,,,,,,,,,,,,0.0,0.0,0.0,0.0,0
1.66,-2.866,0.743,130.0128,0.0,-0.2404,130.0128,,,,,,,,,,,,0.0,0.0,0.0,0.0,0
1.68,-2.866,0.743,130.0128,0.0,-0.2404,130.0128,,,,,,,,,,,,0.0,0.0,0.0,0.0,0
1.7,-2.866,0.743,130.0128,0.0,-0.2404,130.0128,,,,,,,,,,,,0.0,0.0,0.0,0.0,0
1.72,-2.866,0.743,130.0128,0.0,-0.2404,130.0128,,,,,,,,,,,,0.0,0.0,0.0,0.0,0
1.74,-2.866,0.743,130.0128,0.0,-0.2404,130.0128,,,,,,,,,,,,0.0,0.0,0.0,0.0,0
1.76,-2.8641,0.7412,129.9965,0.0,-0.2404,129.9965,,,,,,,,,,,,0.0,0.0,0.0,0.0,0
1.78,-2.8641,0.7412,129.9965,0.0,-0.2404,129.9965,,,,,,,,,,,,0.0,0.0,0.0,0.0,0
1.8,-2.8641,0.7412,129.9965,0.0,-0.2404,129.9965,,,,,,,,,,,,0.0,0.0,0.0,0.0,0
1.82,-2.8641,0.7412,129.9965,0.0,-0.2404,129.9965,,,,,,,,,,,,0.0,0.0,0.0,0.0,0
1.84,-2.8641,0.7412,129.9965,0.0,-0.2404,129.9965,,,,,,,,,,,,0.0,0.0,0.0,0.0,0
1.86,-2.8636,0.7344,130.0029,0.0,-0.2404,130.0029,,,,,,,,,,,,0.0,0.0,0.0,0.0,0
1.88,-2.8636,0.7344,130.0029,0.0,-0.2404,130.0029,,,,,,,,,,,,0.0,0.0,0.0,0.0,0
1.9,-2.8636,0.7344,130.0029,0.0,-0.2404,130.0029,,,,,,,,,,,,0.0,0.0,0.0,0.0,0
1.92,-2.8636,0.7344,130.0029,0.0,-0.2404,130.0029,,,,,,,,,,,,0.0,0.0,0.0,0.0,0
1.94,-2.8636,0.7344,130.0029,0.0,-0.2404,130.0029,,,,,,,,,,,,0.0,0.0,0.0,0.0,0
1.96,-2.8637,0.7315,129.9823,0.0,-0.2404,129.9823,,,,,,,,,,,,0.0,0.0,0.0,0.0,0
1.98,-2.8637,0.7315,129.9823,0.0,-0.2404,129.9823,,,,,,,,,,,,0.0,0.0,0.0,0.0,0
2.0,-2.8637,0.7315,129.9823,0.0,-0.2404,129.9823,,,,,,,,,,,,0.0,0.0,0.0,0.0,0
2.02,-2.8637,0.7315,129.9823,0.0,-0.2404,129.9823,,,,,,,,,,,,0.0,0.0,0.0,0.0,0
2.04,-2.8637,0.7315,129.9823,0.0,-0.2404,129.9823,,,,,,,,,,,,0.0,0.0,0.0,0.0,0
2.06,-2.8592,0.7255,130.0154,0.0,-0.2157,130.0154,,,,,,,,,,,,0.0,0.0,0.0,0.0,0
2.08,-2.8592,0.7255,130.0154,0.0,-0.2157,130.0154,,,,,,,,,,,,0.0,0.0,0.0,0.0,0
2.1,-2.8592,0.7255,130.0154,0.0,-0.2157,130.0154,,,,,,,,,,,,0.0,0.0,0.0,0.0,0
2.12,-2.8592,0.7255,130.0154,0.0,-0.2157,130.0154,,,,,,,,,,,,0.0,0.0,0.0,0.0,0
2.14,-2.8592,0.7255,130.0154,0.0,-0.2157,130.0154,,,,,,,,,,,,0.0,0.0,0.0,0.0,0
2.16,-2.8555,0.726,129.977,0.0,-0.1101,129.977,,,,,,,,,,,,0.0,0.0,0.0,0.0,0
2.18,-2.8555,0.726,129.977,0.0,-0.1101,129.977,,,,,,,,,,,,0.0,0.0,0.0,0.0,0
2.2,-2.8555,0.726,129.977,0.0,-0.1101,129.977,,,,,,,,,,,,0.0,0.0,0.0,0.0,0
2.22,-2.8555,0.726,129.977,0.0,-0.1101,129.977,,,,,,,,,,,,0.0,0.0,0.0,0.0,0
2.24,-2.8555,0.726,129.977,0.0,-0.1101,129.977,,,,,,,,,,,,0.0,0.0,0.0,0.0,0
2.26,-2.8503,0.721,130.0163,0.0,-0.0562,130.0162,,,,,,,,,,,,0.0,0.0,0.0,0.0,0
2.28,-2.8503,0.721,130.0163,0.0,-0.0562,130.0162,,,,,,,,,,,,0.0,0.0,0.0,0.0,0
2.3,-2.8503,0.721,130.0163,0.0,-0.0562,130.0162,,,,,,,,,,,,0.0,0.0,0.0,0.0,0
2.32,-2.8503,0.721,130.0163,0.0,-0.0562,130.0162,,,,,,,,,,,,0.0,0.0,0.0,0.0,0
2.34,-2.8503,0.721,130.0163,0.0,-0.0562,130.0162,,,,,,,,,,,,0.0,0.0,0.0,0.0,0
2.36,-2.8474,0.7182,129.9789,0.0,-0.0228,129.9789,,,,,,,,,,,,0.0,0.0,0.0,0.0,0
2.38,-2.8474,0.7182,129.9789,0.0,-0.0228,129.9789,,,,,,,,,,,,0.0,0.0,0.0,0.0,0
2.4,-2.8474,0.7182,129.9789,0.0,-0.0228,129.9789,,,,,,,,,,,,0.0,0.0,0.0,0.0,0
2.42,-2.8474,0.7182,129.9789,0.0,-0.0228,129.9789,,,,,,,,,,,,0.0,0.0,0.0,0.0,0
2.44,-2.8474,0.7182,129.9789,0.0,-0.0228,129.9789,,,,,,,,,,,,0.0,0.0,0.0,0.0,0
2.46,-2.8461,0.7065,130.0095,0.0,1.0754,130.0095,,,,,,,,,,,,0.0,0.0,0.0,0.0,0
2.48,-2.8461,0.7065,130.0095,0.0,1.0754,130.0095,,,,,,,,,,,,0.0,0.0,0.0,0.0,0
2.5,-2.8461,0.7065,130.0095,0.0,1.0754,130.0095,,,,,,,,,,,,0.0,0.0,0.0,0.0,0
2.52,-2.8461,0.7065,130.0095,0.0,1.0754,130.0095,,,,,,,,,,,,0.0,0.0,0.0,0.0,0
2.54,-2.8461,0.7065,130.0095,0.0,1.0754,130.0095,,,,,,,,,,,,0.0,0.0,0.0,0.0,0
2.56,-2.8419,0.7019,129.9587,0.0,2.3372,129.9587,,,,,,,,,,,,0.0,0.0,0.0,0.0,0
2.58,-2.8419,0.7019,129.9587,0.0,2.3372,129.9587,,,,,,,,,,,,0.0,0.0,0.0,0.0,0
2.6,-2.8419,0.7019,129.9587,0.0,2.3372,129.9587,,,,,,,,,,,,0.0,0.0,0.0,0.0,0
2.62,-2.8419,0.7019,129.9587,0.0,2.3372,129.9587,,,,,,,,,,,,0.0,0.0,0.0,0.0,0
2.64,-2.8419,0.7019,129.9587,0.0,2.3372,129.9587,,,,,,,,,,,,0.0,0.0,0.0,0.0,0
2.66,-2.8313,0.6952,130.0157,0.0,3.1231,130.0157,,,,,,,,,,,,0.0,0.0,0.0,0.0,0
2.68,-2.8313,0.6952,130.0157,0.0,3.1231,130.0157,,,,,,,,,,,,0.0,0.0,0.0,0.0,0
2.7,-2.8313,0.6952,130.0157,0.0,3.1231,130.0157,,,,,,,,,,,,0.0,0.0,0.0,0.0,0
2.72,-2.8313,0.6952,130.0157,0.0,3.1231,130.0157,,,,,,,,,,,,0.0,0.0,0.0,0.0,0
2.74,-2.8313,0.6952,130.0157,0.0,3.1231,130.0157,,,,,,,,,,,,0.0,0.0,0.0,0.0,0
2.76,-2.8317,0.7001,129.9589,0.0,3.3819,129.9589,,,,,,,,,,,,0.0,0.0,0.0,0.0,0
2.78,-2.8317,0.7001,129.9589,0.0,3.3819,129.9589,,,,,,,,,,,,0.0,0.0,0.0,0.0,0
2.8,-2.8317,0.7001,129.9589,0.0,3.3819,129.9589,,,,,,,,,,,,0.0,0.0,0.0,0.0,0
2.82,-2.8317,0.7001,129.9589,0.0,3.3819,129.9589,,,,,,,,,,,,0.0,0.0,0.0,0.0,0
2.84,-2.8317,0.7001,129.9589,0.0,3.3819,129.9589,,,,,,,,,,,,0.0,0.0,0.0,0.0,0
2.86,-2.8403,0.6944,130.0102,0.0,3.8969,130.0102,,,,,,,,,,,,0.0,0.0,0.0,0.0,0
2.88,-2.8403,0.6944,130.0102,0.0,3.8969,130.0102,,,,,,,,,,,,0.0,0.0,0.0,0.0,0
2.9,-2.8403,0.6944,130.0102,0.0,3.8969,130.0102,,,,,,,,,,,,0.0,0.0,0.0,0.0,0
2.92,-2.8403,0.6944,130.0102,0.0,3.8969,130.0102,,,,,,,,,,,,0.0,0.0,0.0,0.0,0
2.94,-2.8403,0.6944,130.0102,0.0,3.8969,130.0102,,,,,,,,,,,,0.0,0.0,0.0,0.0,0
2.96,-2.8414,0.6962,129.9864,0.0,5.748,129.9864,,,,,,,,,,,,0.0,0.0,0.0,0.0,0
2.98,-2.8414,0.6962,129.9864,0.0,5.748,129.9864,,,,,,,,,,,,0.0,0.0,0.0,0.0,0
3.0,-2.8414,0.6962,129.9864,0.0,5.748,129.9864,,,,,,,,,,,,0.0,0.0,0.0,0.0,0
3.02,-2.8414,0.6962,129.9864,0.0,5.748,129.9864,,,,,,,,,,,,0.0,0.0,0.0,0.0,0
3.04,-2.8414,0.6962,129.9864,0.0,5.748,129.9864,,,,,,,,,,,,0.0,0.0,0.0,0.0,0
3.06,-2.8465,0.6996,130.0023,0.0,5.136,130.0023,,,,,,,,,,,,0.0,0.0,0.0,0.0,0
3.08,-2.8465,0.6996,130.0023,0.0,5.136,130.0023,,,,,,,,,,,,0.0,0.0,0.0,0.0,0
3.1,-2.8465,0.6996,130.0023,0.0,5.136,130.0023,,,,,,,,,,,,0.0,0.0,0.0,0.0,0
3.12,-2.8465,0.6996,130.0023,0.0,5.136,130.0023,,,,,,,,,,,,0.0,0.0,0.0,0.0,0
3.14,-2.8465,0.6996,130.0023,0.0,5.136,130.0023,,,,,,,,,,,,0.0,0.0,0.0,0.0,0
3.16,-2.8379,0.6917,129.991,0.0,4.9328,129.991,,,,,,,,,,,,0.0,0.0,0.0,0.0,0
3.18,-2.8379,0.6917,129.991,0.0,4.9328,129.991,,,,,,,,,,,,0.0,0.0,0.0,0.0,0
3.2,-2.8379,0.6917,129.991,0.0,4.9328,129.991,,,,,,,,,,,,0.0,0.0,0.0,0.0,0
3.22,-2.8379,0.6917,129.991,0.0,4.9328,129.991,,,,,,,,,,,,0.0,0.0,0.0,0.0,0
3.24,-2.8379,0.6917,129.991,0.0,4.9328,129.991,,,,,,,,,,,,0.0,0.0,0.0,0.0,0
3.26,-2.8405,0.6871,130.0038,0.0,4.7324,130.0038,,,,,,,,,,,,0.0,0.0,0.0,0.0,0
3.28,-2.8405,0.6871,130.0038,0.0,4.7324,130.0038,,,,,,,,,,,,0.0,0.0,0.0,0.0,0
3.3,-2.8405,0.6871,130.0038,0.0,4.7324,130.0038,,,,,,,,,,,,0.0,0.0,0.0,0.0,0
3.32,-2.8405,0.6871,130.0038,0.0,4.7324,130.0038,,,,,,,,,,,,0.0,0.0,0.0,0.0,0
3.34,-2.8405,0.6871,130.0038,0.0,4.7324,130.0038,,,,,,,,,,,,0.0,0.0,0.0,0.0,0
3.36,-2.8389,0.6859,130.0101,0.0,4.9467,130.0101,,,,,,,,,,,,0.0,0.0,0.0,0.0,0
3.38,-2.8389,0.6859,130.0101,0.0,4.9467,130.0101,,,,,,,,,,,,0.0,0.0,0.0,0.0,0
3.4,-2.8389,0.6859,130.0101,0.0,4.9467,130.0101,,,,,,,,,,,,0.0,0.0,0.0,0.0,0
3.42,-2.8389,0.6859,130.0101,0.0,4.9467,130.0101,,,,,,,,,,,,0.0,0.0,0.0,0.0,0
3.44,-2.8389,0.6859,130.0101,0.0,4.9467,130.0101,,,,,,,,,,,,0.0,0.0,0.0,0.0,0
3.46,-2.8341,0.6932,130.0173,0.0,5.1281,130.0173,,,,,,,,,,,,0.0,0.0,0.0,0.0,0
3.48,-2.8341,0.6932,130.0173,0.0,5.1281,130.0173,,,,,,,,,,,,0.0,0.0,0.0,0.0,0
3.5,-2.8341,0.6932,130.0173,0.0,5.1281,130.0173,,,,,,,,,,,,0.0,0.0,0.0,0.0,0
3.52,-2.8341,0.6932,130.0173,0.0,5.1281,130.0173,,,,,,,,,,,,0.0,0.0,0.0,0.0,0
3.54,-2.8341,0.6932,130.0173,0.0,5.1281,130.0173,,,,,,,,,,,,0.0,0.0,0.0,0.0,0
3.56,-2.8286,0.6926,130.0136,0.0,5.4816,130.0136,,,,,,,,,,,,0.0,0.0,0.0,0.0,0
3.58,-2.8286,0.6926,130.0136,0.0,5.4816,130.0136,,,,,,,,,,,,0.0,0.0,0.0,0.0,0
3.6,-2.8286,0.6926,130.0136,0.0,5.4816,130.0136,,,,,,,,,,,,0.0,0.0,0.0,0.0,0
3.62,-2.8286,0.6926,130.0136,0.0,5.4816,130.0136,,,,,,,,,,,,0.0,0.0,0.0,0.0,0
3.64,-2.8286,0.6926,130.0136,0.0,5.4816,130.0136,,,,,,,,,,,,0.0,0.0,0.0,0.0,0
3.66,-2.8189,0.6926,130.0304,0.0,5.6664,130.0304,,,,,,,,,,,,0.0,0.0,0.0,0.0,0
3.68,-2.8189,0.6926,130.0304,0.0,5.6664,130.0304,,,,,,,,,,,,0.0,0.0,0.0,0.0,0
3.7,-2.8189,0.6926,130.0304,0.0,5.6664,130.0304,,,,,,,,,,,,0.0,0.0,0.0,0.0,0
3.72,-2.8189,0.6926,130.0304,0.0,5.6664,130.0304,,,,,,,,,,,,0.0,0.0,0.0,0.0,0
3.74,-2.8189,0.6926,130.0304,0.0,5.6664,130.0304,,,,,,,,,,,,0.0,0.0,0.0,0.0,0
3.76,-2.8164,0.7052,130.0065,0.0,5.7378,130.0065,,,,,,,,,,,,0.0,0.0,0.0,0.0,0
3.78,-2.8164,0.7052,130.0065,0.0,5.7378,130.0065,,,,,,,,,,,,0.0,0.0,0.0,0.0,0
3.8,-2.8164,0.7052,130.0065,0.0,5.7378,130.0065,,,,,,,,,,,,0.0,0.0,0.0,0.0,0
3.82,-2.8164,0.7052,130.0065,0.0,5.7378,130.0065,,,,,,,,,,,,0.0,0.0,0.0,0.0,0
3.84,-2.8164,0.7052,130.0065,0.0,5.7378,130.0065,,,,,,,,,,,,0.0,0.0,0.0,0.0,0
3.86,-2.8222,0.6948,130.0206,0.0,5.8377,130.0206,,,,,,,,,,,,0.0,0.0,0.0,0.0,0
3.88,-2.8222,0.6948,130.0206,0.0,5.8377,130.0206,,,,,,,,,,,,0.0,0.0,0.0,0.0,0
3.9,-2.8222,0.6948,130.0206,0.0,5.8377,130.0206,,,,,,,,,,,,0.0,0.0,0.0,0.0,0
3.92,-2.8222,0.6948,130.0206,0.0,5.8377,130.0206,,,,,,,,,,,,0.0,0.0,0.0,0.0,0
3.94,-2.8222,0.6948,130.0206,0.0,5.8377,130.0206,,,,,,,,,,,,0.0,0.0,0.0,0.0,0
3.96,-2.8172,0.7079,130.0376,0.0,5.8891,130.0377,,,,,,,,,,,,0.0,0.0,0.0,0.0,0
3.98,-2.8172,0.7079,130.0376,0.0,5.8891,130.0377,,,,,,,,,,,,0.0,0.0,0.0,0.0,0
4.0,-2.8172,0.7079,130.0376,0.0,5.8891,130.0377,,,,,,,,,,,,0.0,0.0,0.0,0.0,0
4.02,-2.8172,0.7079,130.0376,0.0,5.8891,130.0377,,,,,,,,,,,,0.0,0.0,0.0,0.0,0
4.04,-2.8172,0.7079,130.0376,0.0,5.8891,130.0377,,,,,,,,,,,,0.0,0.0,0.0,0.0,0
4.06,-2.8288,0.7224,130.0583,0.0,5.7944,130.0583,,,,,,,,,,,,0.0,0.0,0.0,0.0,0
4.08,-2.8288,0.7224,130.0583,0.0,5.7944,130.0583,,,,,,,,,,,,0.0,0.0,0.0,0.0,0
4.1,-2.8288,0.7224,130.0583,0.0,5.7944,130.0583,,,,,,,,,,,,0.0,0.0,0.0,0.0,0
4.12,-2.8288,0.7224,130.0583,0.0,5.7944,130.0583,,,,,,,,,,,,0.0,0.0,0.0,0.0,0
4.14,-2.8288,0.7224,130.0583,0.0,5.7944,130.0583,,,,,,,,,,,,0.0,0.0,0.0,0.0,0
4.16,-2.819,0.7336,130.0368,0.0,5.7275,130.0368,,,,,,,,,,,,0.0,0.0,0.0,0.0,0
4.18,-2.819,0.7336,130.0368,0.0,5.7275,130.0368,,,,,,,,,,,,0.0,0.0,0.0,0.0,0
4.2,-2.819,0.7336,130.0368,0.0,5.7275,130.0368,,,,,,,,,,,,0.0,0.0,0.0,0.0,0
4.22,-2.819,0.7336,130.0368,0.0,5.7275,130.0368,,,,,,,,,,,,0.0,0.0,0.0,0.0,0
4.24,-2.819,0.7336,130.0368,0.0,5.7275,130.0368,,,,,,,,,,,,0.0,0.0,0.0,0.0,0
4.26,-2.8125,0.7368,130.0692,0.0,5.635,130.0692,,,,,,,,,,,,0.0,0.0,0.0,0.0,0
4.28,-2.8125,0.7368,130.0692,0.0,5.635,130.0692,,,,,,,,,,,,0.0,0.0,0.0,0.0,0
4.3,-2.8125,0.7368,130.0692,0.0,5.635,130.0692,,,,,,,,,,,,0.0,0.0,0.0,0.0,0
4.32,-2.8125,0.7368,130.0692,0.0,5.635,130.0692,,,,,,,,,,,,0.0,0.0,0.0,0.0,0
4.34,-2.8125,0.7368,130.0692,0.0,5.635,130.0692,,,,,,,,,,,,0.0,0.0,0.0,0.0,0
4.36,-2.8159,0.7408,130.0464,0.0,6.2986,130.0463,,,,,,,,,,,,0.0,0.0,0.0,0.0,0
4.38,-2.8159,0.7408,130.0464,0.0,6.2986,130.0463,,,,,,,,,,,,0.0,0.0,0.0,0.0,0
4.4,-2.8159,0.7408,130.0464,0.0,6.2986,130.0463,,,,,,,,,,,,0.0,0.0,0.0,0.0,0
4.42,-2.8159,0.7408,130.0464,0.0,6.2986,130.0463,,,,,,,,,,,,0.0,0.0,0.0,0.0,0
4.44,-2.8159,0.7408,130.0464,0.0,6.2986,130.0463,,,,,,,,,,,,0.0,0.0,0.0,0.0,0
4.46,-2.8112,0.7377,130.0892,0.0,7.3048,130.0892,,,,,,,,,,,,0.0,0.0,0.0,0.0,0
4.48,-2.8112,0.7377,130.0892,0.0,7.3048,130.0892,,,,,,,,,,,,0.0,0.0,0.0,0.0,0
4.5,-2.8112,0.7377,130.0892,0.0,7.3048,130.0892,,,,,,,,,,,,0.0,0.0,0.0,0.0,0
4.52,-2.8112,0.7377,130.0892,0.0,7.3048,130.0892,,,,,,,,,,,,0.0,0.0,0.0,0.0,0
4.54,-2.8112,0.7377,130.0892,0.0,7.3048,130.0892,,,,,,,,,,,,0.0,0.0,0.0,0.0,0
4.56,-2.8072,0.7384,130.049,0.0,8.9799,130.049,,,,,,,,,,,,0.0,0.0,0.0,0.0,0
4.58,-2.8072,0.7384,130.049,0.0,8.9799,130.049,,,,,,,,,,,,0.0,0.0,0.0,0.0,0
4.6,-2.8072,0.7384,130.049,0.0,8.9799,130.049,,,,,,,,,,,,0.0,0.0,0.0,0.0,0
4.62,-2.8072,0.7384,130.049,0.0,8.9799,130.049,,,,,,,,,,,,0.0,0.0,0.0,0.0,0
4.64,-2.8072,0.7384,130.049,0.0,8.9799,130.049,,,,,,,,,,,,0.0,0.0,0.0,0.0,0
4.66,-2.7992,0.7449,130.0906,0.0,9.5992,130.0906,,,,,,,,,,,,0.0,0.0,0.0,0.0,0
4.68,-2.7992,0.7449,130.0906,0.0,9.5992,130.0906,,,,,,,,,,,,0.0,0.0,0.0,0.0,0
4.7,-2.7992,0.7449,130.0906,0.0,9.5992,130.0906,,,,,,,,,,,,0.0,0.0,0.0,0.0,0
4.72,-2.7992,0.7449,130.0906,0.0,9.5992,130.0906,,,,,,,,,,,,0.0,0.0,0.0,0.0,0
4.74,-2.7992,0.7449,130.0906,0.0,9.5992,130.0906,,,,,,,,,,,,0.0,0.0,0.0,0.0,0
4.76,-2.8032,0.7524,130.0639,0.0,9.9773,130.0639,,,,,,,,,,,,0.0,0.0,0.0,0.0,0
4.78,-2.8032,0.7524,130.0639,0.0,9.9773,130.0639,,,,,,,,,,,,0.0,0.0,0.0,0.0,0
4.8,-2.8032,0.7524,130.0639,0.0,9.9773,130.0639,,,,,,,,,,,,0.0,0.0,0.0,0.0,0
4.82,-2.8032,0.7524,130.0639,0.0,9.9773,130.0639,,,,,,,,,,,,0.0,0.0,0.0,0.0,0
4.84,-2.8032,0.7524,130.0639,0.0,9.9773,130.0639,,,,,,,,,,,,0.0,0.0,0.0,0.0,0
4.86,-2.8089,0.76,130.0802,0.0,10.2523,130.0802,,,,,,,,,,,,0.0,0.0,0.0,0.0,0
4.88,-2.8089,0.76,130.0802,0.0,10.2523,130.0802,,,,,,,,,,,,0.0,0.0,0.0,0.0,0
4.9,-2.8089,0.76,130.0802,0.0,10.2523,130.0802,,,,,,,,,,,,0.0,0.0,0.0,0.0,0
4.92,-2.8089,0.76,130.0802,0.0,10.2523,130.0802,,,,,,,,,,,,0.0,0.0,0.0,0.0,0
4.94,-2.8089,0.76,130.0802,0.0,10.2523,130.0802,,,,,,,,,,,,0.0,0.0,0.0,0.0,0
4.96,-2.8165,0.77,130.0546,0.0,10.4649,130.0546,,,,,,,,,,,,0.0,0.0,0.0,0.0,0
4.98,-2.8165,0.77,130.0546,0.0,10.4649,130.0546,,,,,,,,,,,,0.0,0.0,0.0,0.0,0
5.0,-2.8165,0.77,130.0546,0.0,10.4649,130.0546,,,,,,,,,,,,0.0,0.0,0.0,0.0,0
5.02,-2.8165,0.77,130.0546,0.0,10.4649,130.0546,,,,,,,,,,,,0.0,0.0,0.0,0.0,0
5.04,-2.8165,0.77,130.0546,0.0,10.4649,130.0546,,,,,,,,,,,,0.0,0.0,0.0,0.0,0
5.06,-2.8277,0.7665,130.0845,0.0,10.7606,130.0845,,,,,,,,,,,,0.0,0.0,0.0,0.0,0
5.08,-2.8277,0.7665,130.0845,0.0,10.7606,130.0845,,,,,,,,,,,,0.0,0.0,0.0,0.0,0
5.1,-2.8277,0.7665,130.0845,0.0,10.7606,130.0845,,,,,,,,,,,,0.0,0.0,0.0,0.0,0
5.12,-2.8277,0.7665,130.0845,0.0,10.7606,130.0845,,,,,,,,,,,,0.0,0.0,0.0,0.0,0
5.14,-2.8277,0.7665,130.0845,0.0,10.7606,130.0845,,,,,,,,,,,,0.0,0.0,0.0,0.0,0
5.16,-2.8268,0.7829,130.0723,0.0,10.6896,130.0723,,,,,,,,,,,,0.0,0.0,0.0,0.0,0
5.18,-2.8268,0.7829,130.0723,0.0,10.6896,130.0723,,,,,,,,,,,,0.0,0.0,0.0,0.0,0
5.2,-2.8268,0.7829,130.0723,0.0,10.6896,130.0723,,,,,,,,,,,,0.0,0.0,0.0,0.0,0
5.22,-2.8268,0.7829,130.0723,0.0,10.6896,130.0723,,,,,,,,,,,,0.0,0.0,0.0,0.0,0
5.24,-2.8268,0.7829,130.0723,0.0,10.6896,130.0723,,,,,,,,,,,,0.0,0.0,0.0,0.0,0
5.26,-2.8159,0.7782,130.1068,0.0,10.801,130.1068,,,,,,,,,,,,0.0,0.0,0.0,0.0,0
5.28,-2.8159,0.7782,130.1068,0.0,10.801,130.1068,,,,,,,,,,,,0.0,0.0,0.0,0.0,0
5.3,-2.8159,0.7782,130.1068,0.0,10.801,130.1068,,,,,,,,,,,,0.0,0.0,0.0,0.0,0
5.32,-2.8159,0.7782,130.1068,0.0,10.801,130.1068,,,,,,,,,,,,0.0,0.0,0.0,0.0,0
5.34,-2.8159,0.7782,130.1068,0.0,10.801,130.1068,,,,,,,,,,,,0.0,0.0,0.0,0.0,0
5.36,-2.8115,0.7882,130.0456,0.0,10.7613,130.0456,,,,,,,,,,,,0.0,0.0,0.0,0.0,0
5.38,-2.8115,0.7882,130.0456,0.0,10.7613,130.0456,,,,,,,,,,,,0.0,0.0,0.0,0.0,0
5.4,-2.8115,0.7882,130.0456,0.0,10.7613,130.0456,,,,,,,,,,,,0.0,0.0,0.0,0.0,0
5.42,-2.8115,0.7882,130.0456,0.0,10.7613,130.0456,,,,,,,,,,,,0.0,0.0,0.0,0.0,0
5.44,-2.8115,0.7882,130.0456,0.0,10.7613,130.0456,,,,,,,,,,,,0.0,0.0,0.0,0.0,0
5.46,-2.8156,0.798,130.1097,0.0,10.7097,130.1097,,,,,,,,,,,,0.0,0.0,0.0,0.0,0
5.48,-2.8156,0.798,130.1097,0.0,10.7097,130.1097,,,,,,,,,,,,0.0,0.0,0.0,0.0,0
5.5,-2.8156,0.798,130.1097,0.0,10.7097,130.1097,,,,,,,,,,,,0.0,0.0,0.0,0.0,0
5.52,-2.8156,0.798,130.1097,0.0,10.7097,130.1097,,,,,,,,,,,,0.0,0.0,0.0,0.0,0
5.54,-2.8156,0.798,130.1097,0.0,10.7097,130.1097,,,,,,,,,,,,0.0,0.0,0.0,0.0,0
5.56,-2.82,0.8076,130.0652,0.0,10.6614,130.0652,,,,,,,,,,,,0.0,0.0,0.0,0.0,0
5.58,-2.82,0.8076,130.0652,0.0,10.6614,130.0652,,,,,,,,,,,,0.0,0.0,0.0,0.0,0
5.6,-2.82,0.8076,130.0652,0.0,10.6614,130.0652,,,,,,,,,,,,0.0,0.0,0.0,0.0,0
5.62,-2.82,0.8076,130.0652,0.0,10.6614,130.0652,,,,,,,,,,,,0.0,0.0,0.0,0.0,0
5.64,-2.82,0.8076,130.0652,0.0,10.6614,130.0652,,,,,,,,,,,,0.0,0.0,0.0,0.0,0
5.66,-2.8085,0.8068,130.1147,0.0,10.6319,130.1147,,,,,,,,,,,,0.0,0.0,0.0,0.0,0
5.68,-2.8085,0.8068,130.1147,0.0,10.6319,130.1147,,,,,,,,,,,,0.0,0.0,0.0,0.0,0
5.7,-2.8085,0.8068,130.1147,0.0,10.6319,130.1147,,,,,,,,,,,,0.0,0.0,0.0,0.0,0
5.72,-2.8085,0.8068,130.1147,0.0,10.6319,130.1147,,,,,,,,,,,,0.0,0.0,0.0,0.0,0
5.74,-2.8085,0.8068,130.1147,0.0,10.6319,130.1147,,,,,,,,,,,,0.0,0.0,0.0,0.0,0
5.76,-2.8085,0.8138,130.0624,0.0,10.6587,130.0624,,,,,,,,,,,,0.0,0.0,0.0,0.0,0
5.78,-2.8085,0.8138,130.0624,0.0,10.6587,130.0624,,,,,,,,,,,,0.0,0.0,0.0,0.0,0
5.8,-2.8085,0.8138,130.0624,0.0,10.6587,130.0624,,,,,,,,,,,,0.0,0.0,0.0,0.0,0
5.82,-2.8085,0.8138,130.0624,0.0,10.6587,130.0624,,,,,,,,,,,,0.0,0.0,0.0,0.0,0
5.84,-2.8085,0.8138,130.0624,0.0,10.6587,130.0624,,,,,,,,,,,,0.0,0.0,0.0,0.0,0
5.86,-2.8103,0.8134,130.1166,0.0,10.6724,130.1166,,,,,,,,,,,,0.0,0.0,0.0,0.0,0
5.88,-2.8103,0.8134,130.1166,0.0,10.6724,130.1166,,,,,,,,,,,,0.0,0.0,0.0,0.0,0
5.9,-2.8103,0.8134,130.1166,0.0,10.6724,130.1166,,,,,,,,,,,,0.0,0.0,0.0,0.0,0
5.92,-2.8103,0.8134,130.1166,0.0,10.6724,130.1166,,,,,,,,,,,,0.0,0.0,0.0,0.0,0
5.94,-2.8103,0.8134,130.1166,0.0,10.6724,130.1166,,,,,,,,,,,,0.0,0.0,0.0,0.0,0
5.96,-2.8125,0.8196,130.0649,0.0,10.8819,130.0649,,,,,,,,,,,,0.0,0.0,0.0,0.0,0
5.98,-2.8125,0.8196,130.0649,0.0,10.8819,130.0649,,,,,,,,,,,,0.0,0.0,0.0,0.0,0
6.0,-2.8125,0.8196,130.0649,0.0,10.8819,130.0649,,,,,,,,,,,,0.0,0.0,0.0,0.0,0
6.02,-2.8125,0.8196,130.0649,0.0,10.8819,130.0649,,,,,,,,,,,,0.0,0.0,0.0,0.0,0
6.04,-2.8125,0.8196,130.0649,0.0,10.8819,130.0649,,,,,,,,,,,,0.0,0.0,0.0,0.0,0
6.06,-2.8242,0.8227,130.1027,0.0,10.8397,130.1027,,,,,,,,,,,,0.0,0.0,0.0,0.0,0
6.08,-2.8242,0.8227,130.1027,0.0,10.8397,130.1027,,,,,,,,,,,,0.0,0.0,0.0,0.0,0
6.1,-2.8242,0.8227,130.1027,0.0,10.8397,130.1027,,,,,,,,,,,,0.0,0.0,0.0,0.0,0
6.12,-2.8242,0.8227,130.1027,0.0,10.8397,130.1027,,,,,,,,,,,,0.0,0.0,0.0,0.0,0
6.14,-2.8242,0.8227,130.1027,0.0,10.8397,130.1027,,,,,,,,,,,,0.0,0.0,0.0,0.0,0
6.16,-2.8323,0.8263,130.0748,0.0,11.3536,130.0748,,,,,,,,,,,,0.0,0.0,0.0,0.0,0
6.18,-2.8323,0.8263,130.0748,0.0,11.3536,130.0748,,,,,,,,,,,,0.0,0.0,0.0,0.0,0
6.2,-2.8323,0.8263,130.0748,0.0,11.3536,130.0748,,,,,,,,,,,,0.0,0.0,0.0,0.0,0
6.22,-2.8323,0.8263,130.0748,0.0,11.3536,130.0748,,,,,,,,,,,,0.0,0.0,0.0,0.0,0
6.24,-2.8323,0.8263,130.0748,0.0,11.3536,130.0748,,,,,,,,,,,,0.0,0.0,0.0,0.0,0
6.26,-2.8333,0.8303,130.1124,0.0,11.5291,130.1124,,,,,,,,,,,,0.0,0.0,0.0,0.0,0
6.28,-2.8333,0.8303,130.1124,0.0,11.5291,130.1124,,,,,,,,,,,,0.0,0.0,0.0,0.0,0
6.3,-2.8333,0.8303,130.1124,0.0,11.5291,130.1124,,,,,,,,,,,,0.0,0.0,0.0,0.0,0
6.32,-2.8333,0.8303,130.1124,0.0,11.5291,130.1124,,,,,,,,,,,,0.0,0.0,0.0,0.0,0
6.34,-2.8333,0.8303,130.1124,0.0,11.5291,130.1124,,,,,,,,,,,,0.0,0.0,0.0,0.0,0
6.36,-2.8402,0.8365,130.1016,0.0,12.5946,130.1016,,,,,,,,,,,,0.0,0.0,0.0,0.0,0
6.38,-2.8402,0.8365,130.1016,0.0,12.5946,130.1016,,,,,,,,,,,,0.0,0.0,0.0,0.0,0
6.4,-2.8402,0.8365,130.1016,0.0,12.5946,130.1016,,,,,,,,,,,,0.0,0.0,0.0,0.0,0
6.42,-2.8402,0.8365,130.1016,0.0,12.5946,130.1016,,,,,,,,,,,,0.0,0.0,0.0,0.0,0
6.44,-2.8402,0.8365,130.1016,0.0,12.5946,130.1016,,,,,,,,,,,,0.0,0.0,0.0,0.0,0
6.46,-2.8379,0.8348,130.1061,0.0,13.9684,130.1061,,,,,,,,,,,,0.0,0.0,0.0,0.0,0
6.48,-2.8379,0.8348,130.1061,0.0,13.9684,130.1061,,,,,,,,,,,,0.0,0.0,0.0,0.0,0
6.5,-2.8379,0.8348,130.1061,0.0,13.9684,130.1061,,,,,,,,,,,,0.0,0.0,0.0,0.0,0
6.52,-2.8379,0.8348,130.1061,0.0,13.9684,130.1061,,,,,,,,,,,,0.0,0.0,0.0,0.0,0
6.54,-2.8379,0.8348,130.1061,0.0,13.9684,130.1061,,,,,,,,,,,,0.0,0.0,0.0,0.0,0
6.56,-2.8384,0.8342,130.0997,0.0,14.7013,130.0997,,,,,,,,,,,,0.0,0.0,0.0,0.0,0
6.58,-2.8384,0.8342,130.0997,0.0,14.7013,130.0997,,,,,,,,,,,,0.0,0.0,0.0,0.0,0
6.6,-2.8384,0.8342,130.0997,0.0,14.7013,130.0997,,,,,,,,,,,,0.0,0.0,0.0,0.0,0
6.62,-2.8384,0.8342,130.0997,0.0,14.7013,130.0997,,,,,,,,,,,,0.0,0.0,0.0,0.0,0
6.64,-2.8384,0.8342,130.0997,0.0,14.7013,130.0997,,,,,,,,,,,,0.0,0.0,0.0,0.0,0
6.66,-2.8513,0.8382,130.1003,0.0,14.998,130.1003,,,,,,,,,,,,0.0,0.0,0.0,0.0,0
6.68,-2.8513,0.8382,130.1003,0.0,14.998,130.1003,,,,,,,,,,,,0.0,0.0,0.0,0.0,0
6.7,-2.8513,0.8382,130.1003,0.0,14.998,130.1003,,,,,,,,,,,,0.0,0.0,0.0,0.0,0
6.72,-2.8513,0.8382,130.1003,0.0,14.998,130.1003,,,,,,,,,,,,0.0,0.0,0.0,0.0,0
6.74,-2.8513,0.8382,130.1003,0.0,14.998,130.1003,,,,,,,,,,,,0.0,0.0,0.0,0.0,0
6.76,-2.8626,0.8464,130.1111,0.0,15.4053,130.1111,,,,,,,,,,,,0.0,0.0,0.0,0.0,0
6.78,-2.8626,0.8464,130.1111,0.0,15.4053,130.1111,,,,,,,,,,,,0.0,0.0,0.0,0.0,0
6.8,-2.8626,0.8464,130.1111,0.0,15.4053,130.1111,,,,,,,,,,,,0.0,0.0,0.0,0.0,0
6.82,-2.8626,0.8464,130.1111,0.0,15.4053,130.1111,,,,,,,,,,,,0.0,0.0,0.0,0.0,0
6.84,-2.8626,0.8464,130.1111,0.0,15.4053,130.1111,,,,,,,,,,,,0.0,0.0,0.0,0.0,0
6.86,-2.877,0.8544,130.0901,0.0,15.3128,130.0901,,,,,,,,,,,,0.0,0.0,0.0,0.0,0
6.88,-2.877,0.8544,130.0901,0.0,15.3128,130.0901,,,,,,,,,,,,0.0,0.0,0.0,0.0,0
6.9,-2.877,0.8544,130.0901,0.0,15.3128,130.0901,,,,,,,,,,,,0.0,0.0,0.0,0.0,0
6.92,-2.877,0.8544,130.0901,0.0,15.3128,130.0901,,,,,,,,,,,,0.0,0.0,0.0,0.0,0
6.94,-2.877,0.8544,130.0901,0.0,15.3128,130.0901,,,,,,,,,,,,0.0,0.0,0.0,0.0,0
6.96,-2.877,0.8487,130.1304,0.0,15.2473,130.1304,,,,,,,,,,,,0.0,0.0,0.0,0.0,0
6.98,-2.877,0.8487,130.1304,0.0,15.2473,130.1304,,,,,,,,,,,,0.0,0.0,0.0,0.0,0
7.0,-2.877,0.8487,130.1304,0.0,15.2473,130.1304,,,,,,,,,,,,0.0,0.0,0.0,0.0,0
7.02,-2.877,0.8487,130.1304,0.0,15.2473,130.1304,,,,,,,,,,,,0.0,0.0,0.0,0.0,0
7.04,-2.877,0.8487,130.1304,0.0,15.2473,130.1304,,,,,,,,,,,,0.0,0.0,0.0,0.0,0
7.06,-2.8771,0.8463,130.1,0.0,15.0764,130.1,,,,,,,,,,,,0.0,0.0,0.0,0.0,0
7.08,-2.8771,0.8463,130.1,0.0,15.0764,130.1,,,,,,,,,,,,0.0,0.0,0.0,0.0,0
7.1,-2.8771,0.8463,130.1,0.0,15.0764,130.1,,,,,,,,,,,,0.0,0.0,0.0,0.0,0
7.12,-2.8771,0.8463,130.1,0.0,15.0764,130.1,,,,,,,,,,,,0.0,0.0,0.0,0.0,0
7.14,-2.8771,0.8463,130.1,0.0,15.0764,130.1,,,,,,,,,,,,0.0,0.0,0.0,0.0,0
7.16,-2.883,0.8448,130.1294,0.0,14.9707,130.1294,,,,,,,,,,,,0.0,0.0,0.0,0.0,0
7.18,-2.883,0.8448,130.1294,0.0,14.9707,130.1294,,,,,,,,,,,,0.0,0.0,0.0,0.0,0
7.2,-2.883,0.8448,130.1294,0.0,14.9707,130.1294,,,,,,,,,,,,0.0,0.0,0.0,0.0,0
7.22,-2.883,0.8448,130.1294,0.0,14.9707,130.1294,,,,,,,,,,,,0.0,0.0,0.0,0.0,0
7.24,-2.883,0.8448,130.1294,0.0,14.9707,130.1294,,,,,,,,,,,,0.0,0.0,0.0,0.0,0
7.26,-2.8873,0.8468,130.0999,0.0,14.8923,130.0999,,,,,,,,,,,,0.0,0.0,0.0,0.0,0
7.28,-2.8873,0.8468,130.0999,0.0,14.8923,130.0999,,,,,,,,,,,,0.0,0.0,0.0,0.0,0
7.3,-2.8873,0.8468,130.0999,0.0,14.8923,130.0999,,,,,,,,,,,,0.0,0.0,0.0,0.0,0
7.32,-2.8873,0.8468,130.0999,0.0,14.8923,130.0999,,,,,,,,,,,,0.0,0.0,0.0,0.0,0
7.34,-2.8873,0.8468,130.0999,0.0,14.8923,130.0999,,,,,,,,,,,,0.0,0.0,0.0,0.0,0
7.36,-2.8938,0.8462,130.1303,-0.0,14.869,130.1303,,,,,,,,,,,,0.0,0.0,0.0,0.0,0
7.38,-2.8938,0.8462,130.1303,-0.0,14.869,130.1303,,,,,,,,,,,,0.0,0.0,0.0,0.0,0
7.4,-2.8938,0.8462,130.1303,-0.0,14.869,130.1303,,,,,,,,,,,,0.0,0.0,0.0,0.0,0
7.42,-2.8938,0.8462,130.1303,-0.0,14.869,130.1303,,,,,,,,,,,,0.0,0.0,0.0,0.0,0
7.44,-2.8938,0.8462,130.1303,-0.0,14.869,130.1303,,,,,,,,,,,,0.0,0.0,0.0,0.0,0
7.46,-2.8954,0.8498,130.1062,-0.0,14.8609,130.1062,,,,,,,,,,,,0.0,0.0,0.0,0.0,0
7.48,-2.8954,0.8498,130.1062,-0.0,14.8609,130.1062,,,,,,,,,,,,0.0,0.0,0.0,0.0,0
7.5,-2.8954,0.8498,130.1062,-0.0,14.8609,130.1062,,,,,,,,,,,,0.0,0.0,0.0,0.0,0
7.52,-2.8954,0.8498,130.1062,-0.0,14.8609,130.1062,,,,,,,,,,,,0.0,0.0,0.0,0.0,0
7.54,-2.8954,0.8498,130.1062,-0.0,14.8609,130.1062,,,,,,,,,,,,0.0,0.0,0.0,0.0,0
7.56,-2.9007,0.8501,130.141,-0.0,14.8417,130.141,,,,,,,,,,,,0.0,0.0,0.0,0.0,0
7.58,-2.9007,0.8501,130.141,-0.0,14.8417,130.141,,,,,,,,,,,,0.0,0.0,0.0,0.0,0
7.6,-2.9007,0.8501,130.141,-0.0,14.8417,130.141,,,,,,,,,,,,0.0,0.0,0.0,0.0,0
7.62,-2.9007,0.8501,130.141,-0.0,14.8417,130.141,,,,,,,,,,,,0.0,0.0,0.0,0.0,0
7.64,-2.9007,0.8501,130.141,-0.0,14.8417,130.141,,,,,,,,,,,,0.0,0.0,0.0,0.0,0
7.66,-2.9021,0.8494,130.1165,0.0,14.8265,130.1164,,,,,,,,,,,,0.0,0.0,0.0,0.0,0
7.68,-2.9021,0.8494,130.1165,0.0,14.8265,130.1164,,,,,,,,,,,,0.0,0.0,0.0,0.0,0
7.7,-2.9021,0.8494,130.1165,0.0,14.8265,130.1164,,,,,,,,,,,,0.0,0.0,0.0,0.0,0
7.72,-2.9021,0.8494,130.1165,0.0,14.8265,130.1164,,,,,,,,,,,,0.0,0.0,0.0,0.0,0
7.74,-2.9021,0.8494,130.1165,0.0,14.8265,130.1164,,,,,,,,,,,,0.0,0.0,0.0,0.0,0
7.76,-2.9059,0.8481,130.1384,0.0,10.3569,130.1384,,,,,,,,,,,,0.0,0.0,0.0,0.0,0
7.78,-2.9059,0.8481,130.1384,0.0,10.3569,130.1384,,,,,,,,,,,,0.0,0.0,0.0,0.0,0
7.8,-2.9059,0.8481,130.1384,0.0,10.3569,130.1384,,,,,,,,,,,,0.0,0.0,0.0,0.0,0
7.82,-2.9059,0.8481,130.1384,0.0,10.3569,130.1384,,,,,,,,,,,,0.0,0.0,0.0,0.0,0
7.84,-2.9059,0.8481,130.1384,0.0,10.3569,130.1384,,,,,,,,,,,,0.0,0.0,0.0,0.0,0
7.86,-2.9119,0.8448,130.1241,0.0,3.4152,130.1241,,,,,,,,,,,,0.0,0.0,0.0,0.0,0
7.88,-2.9119,0.8448,130.1241,0.0,3.4152,130.1241,,,,,,,,,,,,0.0,0.0,0.0,0.0,0
7.9,-2.9119,0.8448,130.1241,0.0,3.4152,130.1241,,,,,,,,,,,,0.0,0.0,0.0,0.0,0
7.92,-2.9119,0.8448,130.1241,0.0,3.4152,130.1241,,,,,,,,,,,,0.0,0.0,0.0,0.0,0
7.94,-2.9119,0.8448,130.1241,0.0,3.4152,130.1241,,,,,,,,,,,,0.0,0.0,0.0,0.0,0
7.96,-2.9149,0.8392,130.1279,0.0,-2.9153,130.1279,,,,,,,,,,,,0.0,0.0,0.0,0.0,0
7.98,-2.9149,0.8392,130.1279,0.0,-2.9153,130.1279,,,,,,,,,,,,0.0,0.0,0.0,0.0,0
8.0,-2.9149,0.8392,130.1279,0.0,-2.9153,130.1279,,,,,,,,,,,,0.0,0.0,0.0,0.0,0
8.02,-2.9149,0.8392,130.1279,0.0,-2.9153,130.1279,,,,,,,,,,,,0.0,0.0,0.0,0.0,0
8.04,-2.9149,0.8392,130.1279,0.0,-2.9153,130.1279,,,,,,,,,,,,0.0,0.0,0.0,0.0,0
8.06,-2.9159,0.8378,130.1116,0.0,-6.4832,130.1116,,,,,,,,,,,,0.0,0.0,0.0,0.0,0
8.08,-2.9159,0.8378,130.1116,0.0,-6.4832,130.1116,,,,,,,,,,,,0.0,0.0,0.0,0.0,0
8.1,-2.9159,0.8378,130.1116,0.0,-6.4832,130.1116,,,,,,,,,,,,0.0,0.0,0.0,0.0,0
8.12,-2.9159,0.8378,130.1116,0.0,-6.4832,130.1116,,,,,,,,,,,,0.0,0.0,0.0,0.0,0
8.14,-2.9159,0.8378,130.1116,0.0,-6.4832,130.1116,,,,,,,,,,,,0.0,0.0,0.0,0.0,0
8.16,-2.9237,0.8369,130.1239,0.0,-7.3159,130.1239,,,,,,,,,,,,0.0,0.0,0.0,0.0,0
8.18,-2.9237,0.8369,130.1239,0.0,-7.3159,130.1239,,,,,,,,,,,,0.0,0.0,0.0,0.0,0
8.2,-2.9237,0.8369,130.1239,0.0,-7.3159,130.1239,,,,,,,,,,,,0.0,0.0,0.0,0.0,0
8.22,-2.9237,0.8369,130.1239,0.0,-7.3159,130.1239,,,,,,,,,,,,0.0,0.0,0.0,0.0,0
8.24,-2.9237,0.8369,130.1239,0.0,-7.3159,130.1239,,,,,,,,,,,,0.0,0.0,0.0,0.0,0
8.26,-2.9294,0.8393,130.125,0.0,-7.3916,130.125,,,,,,,,,,,,0.0,0.0,0.0,0.0,0
8.28,-2.9294,0.8393,130.125,0.0,-7.3916,130.125,,,,,,,,,,,,0.0,0.0,0.0,0.0,0
8.3,-2.9294,0.8393,130.125,0.0,-7.3916,130.125,,,,,,,,,,,,0.0,0.0,0.0,0.0,0
8.32,-2.9294,0.8393,130.125,0.0,-7.3916,130.125,,,,,,,,,,,,0.0,0.0,0.0,0.0,0
8.34,-2.9294,0.8393,130.125,0.0,-7.3916,130.125,,,,,,,,,,,,0.0,0.0,0.0,0.0,0
8.36,-2.9354,0.8406,130.1229,0.0,-7.2655,130.1229,,,,,,,,,,,,0.0,0.0,0.0,0.0,0
8.38,-2.9354,0.8406,130.1229,0.0,-7.2655,130.1229,,,,,,,,,,,,0.0,0.0,0.0,0.0,0
8.4,-2.9354,0.8406,130.1229,0.0,-7.2655,130.1229,,,,,,,,,,,,0.0,0.0,0.0,0.0,0
8.42,-2.9354,0.8406,130.1229,0.0,-7.2655,130.1229,,,,,,,,,,,,0.0,0.0,0.0,0.0,0
8.44,-2.9354,0.8406,130.1229,0.0,-7.2655,130.1229,,,,,,,,,,,,0.0,0.0,0.0,0.0,0
8.46,-2.9397,0.8373,130.1251,0.0,-7.1889,130.1252,,,,,,,,,,,,0.0,0.0,0.0,0.0,0
8.48,-2.9397,0.8373,130.1251,0.0,-7.1889,130.1252,,,,,,,,,,,,0.0,0.0,0.0,0.0,0
8.5,-2.9397,0.8373,130.1251,0.0,-7.1889,130.1252,,,,,,,,,,,,0.0,0.0,0.0,0.0,0
8.52,-2.9397,0.8373,130.1251,0.0,-7.1889,130.1252,,,,,,,,,,,,0.0,0.0,0.0,0.0,0
8.54,-2.9397,0.8373,130.1251,0.0,-7.1889,130.1252,,,,,,,,,,,,0.0,0.0,0.0,0.0,0
8.56,-2.9441,0.8371,130.1104,0.0,-7.1011,130.1104,,,,,,,,,,,,0.0,0.0,0.0,0.0,0
8.58,-2.9441,0.8371,130.1104,0.0,-7.1011,130.1104,,,,,,,,,,,,0.0,0.0,0.0,0.0,0
8.6,-2.9441,0.8371,130.1104,0.0,-7.1011,130.1104,,,,,,,,,,,,0.0,0.0,0.0,0.0,0
8.62,-2.9441,0.8371,130.1104,0.0,-7.1011,130.1104,,,,,,,,,,,,0.0,0.0,0.0,0.0,0
8.64,-2.9441,0.8371,130.1104,0.0,-7.1011,130.1104,,,,,,,,,,,,0.0,0.0,0.0,0.0,0
8.66,-2.9459,0.8347,130.1145,0.0,-6.9768,130.1145,,,,,,,,,,,,0.0,0.0,0.0,0.0,0
8.68,-2.9459,0.8347,130.1145,0.0,-6.9768,130.1145,,,,,,,,,,,,0.0,0.0,0.0,0.0,0
8.7,-2.9459,0.8347,130.1145,0.0,-6.9768,130.1145,,,,,,,,,,,,0.0,0.0,0.0,0.0,0
8.72,-2.9459,0.8347,130.1145,0.0,-6.9768,130.1145,,,,,,,,,,,,0.0,0.0,0.0,0.0,0
8.74,-2.9459,0.8347,130.1145,0.0,-6.9768,130.1145,,,,,,,,,,,,0.0,0.0,0.0,0.0,0
8.76,-2.9439,0.8297,130.1043,-0.0,-6.4468,130.1043,,,,,,,,,,,,0.0,0.0,0.0,0.0,0
8.78,-2.9439,0.8297,130.1043,-0.0,-6.4468,130.1043,,,,,,,,,,,,0.0,0.0,0.0,0.0,0
8.8,-2.9439,0.8297,130.1043,-0.0,-6.4468,130.1043,,,,,,,,,,,,0.0,0.0,0.0,0.0,0
8.82,-2.9439,0.8297,130.1043,-0.0,-6.4468,130.1043,,,,,,,,,,,,0.0,0.0,0.0,0.0,0
8.84,-2.9439,0.8297,130.1043,-0.0,-6.4468,130.1043,,,,,,,,,,,,0.0,0.0,0.0,0.0,0
8.86,-2.9438,0.8285,130.1206,-0.0,-5.7273,130.1206,,,,,,,,,,,,0.0,0.0,0.0,0.0,0
8.88,-2.9438,0.8285,130.1206,-0.0,-5.7273,130.1206,,,,,,,,,,,,0.0,0.0,0.0,0.0,0
8.9,-2.9438,0.8285,130.1206,-0.0,-5.7273,130.1206,,,,,,,,,,,,0.0,0.0,0.0,0.0,0
8.92,-2.9438,0.8285,130.1206,-0.0,-5.7273,130.1206,,,,,,,,,,,,0.0,0.0,0.0,0.0,0
8.94,-2.9438,0.8285,130.1206,-0.0,-5.7273,130.1206,,,,,,,,,,,,0.0,0.0,0.0,0.0,0
8.96,-2.9442,0.8263,130.1077,-0.0,-5.6997,130.1077,,,,,,,,,,,,0.0,0.0,0.0,0.0,0
8.98,-2.9442,0.8263,130.1077,-0.0,-5.6997,130.1077,,,,,,,,,,,,0.0,0.0,0.0,0.0,0
9.0,-2.9442,0.8263,130.1077,-0.0,-5.6997,130.1077,,,,,,,,,,,,0.0,0.0,0.0,0.0,0
9.02,-2.9442,0.8263,130.1077,-0.0,-5.6997,130.1077,,,,,,,,,,,,0.0,0.0,0.0,0.0,0
9.04,-2.9442,0.8263,130.1077,-0.0,-5.6997,130.1077,,,,,,,,,,,,0.0,0.0,0.0,0.0,0
9.06,-2.948,0.8229,130.1227,0.0,-5.4607,130.1227,,,,,,,,,,,,0.0,0.0,0.0,0.0,0
9.08,-2.948,0.8229,130.1227,0.0,-5.4607,130.1227,,,,,,,,,,,,0.0,0.0,0.0,0.0,0
9.1,-2.948,0.8229,130.1227,0.0,-5.4607,130.1227,,,,,,,,,,,,0.0,0.0,0.0,0.0,0
9.12,-2.948,0.8229,130.1227,0.0,-5.4607,130.1227,,,,,,,,,,,,0.0,0.0,0.0,0.0,0
9.14,-2.948,0.8229,130.1227,0.0,-5.4607,130.1227,,,,,,,,,,,,0.0,0.0,0.0,0.0,0
9.16,-2.9516,0.8252,130.1092,-0.0,-5.6933,130.1092,,,,,,,,,,,,0.0,0.0,0.0,0.0,0
9.18,-2.9516,0.8252,130.1092,-0.0,-5.6933,130.1092,,,,,,,,,,,,0.0,0.0,0.0,0.0,0
9.2,-2.9516,0.8252,130.1092,-0.0,-5.6933,130.1092,,,,,,,,,,,,0.0,0.0,0.0,0.0,0
9.22,-2.9516,0.8252,130.1092,-0.0,-5.6933,130.1092,,,,,,,,,,,,0.0,0.0,0.0,0.0,0
9.24,-2.9516,0.8252,130.1092,-0.0,-5.6933,130.1092,,,,,,,,,,,,0.0,0.0,0.0,0.0,0
9.26,-2.9548,0.8235,130.123,-0.0,-6.1745,130.123,,,,,,,,,,,,0.0,0.0,0.0,0.0,0
9.28,-2.9548,0.8235,130.123,-0.0,-6.1745,130.123,,,,,,,,,,,,0.0,0.0,0.0,0.0,0
9.3,-2.9548,0.8235,130.123,-0.0,-6.1745,130.123,,,,,,,,,,,,0.0,0.0,0.0,0.0,0
9.32,-2.9548,0.8235,130.123,-0.0,-6.1745,130.123,,,,,,,,,,,,0.0,0.0,0.0,0.0,0
9.34,-2.9548,0.8235,130.123,-0.0,-6.1745,130.123,,,,,,,,,,,,0.0,0.0,0.0,0.0,0
9.36,-2.9551,0.8252,130.1144,-0.0,-6.6036,130.1144,,,,,,,,,,,,0.0,0.0,0.0,0.0,0
9.38,-2.9551,0.8252,130.1144,-0.0,-6.6036,130.1144,,,,,,,,,,,,0.0,0.0,0.0,0.0,0
9.4,-2.9551,0.8252,130.1144,-0.0,-6.6036,130.1144,,,,,,,,,,,,0.0,0.0,0.0,0.0,0
9.42,-2.9551,0.8252,130.1144,-0.0,-6.6036,130.1144,,,,,,,,,,,,0.0,0.0,0.0,0.0,0
9.44,-2.9551,0.8252,130.1144,-0.0,-6.6036,130.1144,,,,,,,,,,,,0.0,0.0,0.0,0.0,0
9.46,-2.9535,0.8238,130.1297,-0.0,-5.205,130.1297,,,,,,,,,,,,0.0,0.0,0.0,0.0,0
9.48,-2.9535,0.8238,130.1297,-0.0,-5.205,130.1297,,,,,,,,,,,,0.0,0.0,0.0,0.0,0
9.5,-2.9535,0.8238,130.1297,-0.0,-5.205,130.1297,,,,,,,,,,,,0.0,0.0,0.0,0.0,0
9.52,-2.9535,0.8238,130.1297,-0.0,-5.205,130.1297,,,,,,,,,,,,0.0,0.0,0.0,0.0,0
9.54,-2.9535,0.8238,130.1297,-0.0,-5.205,130.1297,,,,,,,,,,,,0.0,0.0,0.0,0.0,0
9.56,-2.9545,0.8285,130.1227,-0.0,-4.515,130.1227,,,,,,,,,,,,0.0,0.0,0.0,0.0,0
9.58,-2.9545,0.8285,130.1227,-0.0,-4.515,130.1227,,,,,,,,,,,,0.0,0.0,0.0,0.0,0
9.6,-2.9545,0.8285,130.1227,-0.0,-4.515,130.1227,,,,,,,,,,,,0.0,0.0,0.0,0.0,0
9.62,-2.9545,0.8285,130.1227,-0.0,-4.515,130.1227,,,,,,,,,,,,0.0,0.0,0.0,0.0,0
9.64,-2.9545,0.8285,130.1227,-0.0,-4.515,130.1227,,,,,,,,,,,,0.0,0.0,0.0,0.0,0
9.66,-2.9539,0.8286,130.1382,-0.0,-3.9317,130.1382,,,,,,,,,,,,0.0,0.0,0.0,0.0,0
9.68,-2.9539,0.8286,130.1382,-0.0,-3.9317,130.1382,,,,,,,,,,,,0.0,0.0,0.0,0.0,0
9.7,-2.9539,0.8286,130.1382,-0.0,-3.9317,130.1382,,,,,,,,,,,,0.0,0.0,0.0,0.0,0
9.72,-2.9539,0.8286,130.1382,-0.0,-3.9317,130.1382,,,,,,,,,,,,0.0,0.0,0.0,0.0,0
9.74,-2.9539,0.8286,130.1382,-0.0,-3.9317,130.1382,,,,,,,,,,,,0.0,0.0,0.0,0.0,0
9.76,-2.9569,0.8318,130.1266,-0.0,-3.2101,130.1266,,,,,,,,,,,,0.0,0.0,0.0,0.0,0
9.78,-2.9569,0.8318,130.1266,-0.0,-3.2101,130.1266,,,,,,,,,,,,0.0,0.0,0.0,0.0,0
9.8,-2.9569,0.8318,130.1266,-0.0,-3.2101,130.1266,,,,,,,,,,,,0.0,0.0,0.0,0.0,0
9.82,-2.9569,0.8318,130.1266,-0.0,-3.2101,130.1266,,,,,,,,,,,,0.0,0.0,0.0,0.0,0
9.84,-2.9569,0.8318,130.1266,-0.0,-3.2101,130.1266,,,,,,,,,,,,0.0,0.0,0.0,0.0,0
9.86,-2.9576,0.8286,130.1378,-0.0,-2.1204,130.1378,,,,,,,,,,,,0.0,0.0,0.0,0.0,0
9.88,-2.9576,0.8286,130.1378,-0.0,-2.1204,130.1378,,,,,,,,,,,,0.0,0.0,0.0,0.0,0
9.9,-2.9576,0.8286,130.1378,-0.0,-2.1204,130.1378,,,,,,,,,,,,0.0,0.0,0.0,0.0,0
9.92,-2.9576,0.8286,130.1378,-0.0,-2.1204,130.1378,,,,,,,,,,,,0.0,0.0,0.0,0.0,0
9.94,-2.9576,0.8286,130.1378,-0.0,-2.1204,130.1378,,,,,,,,,,,,0.0,0.0,0.0,0.0,0
9.96,-2.9551,0.8267,130.1348,-0.0,-1.5409,130.1348,,,,,,,,,,,,0.0,0.0,0.0,0.0,0
9.98,-2.9551,0.8267,130.1348,-0.0,-1.5409,130.1348,,,,,,,,,,,,0.0,0.0,0.0,0.0,0
10.0,-2.9551,0.8267,130.1348,-0.0,-1.5409,130.1348,,,,,,,,,,,,0.0,0.0,0.0,0.0,0
10.02,-2.9551,0.8267,130.1348,-0.0,-1.5409,130.1348,,,,,,,,,,,,0.0,0.0,0.0,0.0,0
10.04,-2.9551,0.8267,130.1348,-0.0,-1.5409,130.1348,,,,,,,,,,,,0.0,0.0,0.0,0.0,0
10.06,-2.9571,0.8254,130.1398,-0.0,-1.3831,130.1398,,,,,,,,,,,,0.0,0.0,0.0,0.0,0
10.08,-2.9571,0.8254,130.1398,-0.0,-1.3831,130.1398,,,,,,,,,,,,0.0,0.0,0.0,0.0,0
10.1,-2.9571,0.8254,130.1398,-0.0,-1.3831,130.1398,,,,,,,,,,,,0.0,0.0,0.0,0.0,0
10.12,-2.9571,0.8254,130.1398,-0.0,-1.3831,130.1398,,,,,,,,,,,,0.0,0.0,0.0,0.0,0
10.14,-2.9571,0.8254,130.1398,-0.0,-1.3831,130.1398,,,,,,,,,,,,0.0,0.0,0.0,0.0,0
10.16,-2.9599,0.8261,130.1292,-0.0,-1.8207,130.1292,,,,,,,,,,,,0.0,0.0,0.0,0.0,0
10.18,-2.9599,0.8261,130.1292,-0.0,-1.8207,130.1292,,,,,,,,,,,,0.0,0.0,0.0,0.0,0
10.2,-2.9599,0.8261,130.1292,-0.0,-1.8207,130.1292,,,,,,,,,,,,0.0,0.0,0.0,0.0,0
10.22,-2.9599,0.8261,130.1292,-0.0,-1.8207,130.1292,,,,,,,,,,,,0.0,0.0,0.0,0.0,0
10.24,-2.9599,0.8261,130.1292,-0.0,-1.8207,130.1292,,,,,,,,,,,,0.0,0.0,0.0,0.0,0
10.26,-2.9642,0.8247,130.136,-0.0,-1.6403,130.136,,,,,,,,,,,,0.0,0.0,0.0,0.0,0
10.28,-2.9642,0.8247,130.136,-0.0,-1.6403,130.136,,,,,,,,,,,,0.0,0.0,0.0,0.0,0
10.3,-2.9642,0.8247,130.136,-0.0,-1.6403,130.136,,,,,,,,,,,,0.0,0.0,0.0,0.0,0
10.32,-2.9642,0.8247,130.136,-0.0,-1.6403,130.136,,,,,,,,,,,,0.0,0.0,0.0,0.0,0
10.34,-2.9642,0.8247,130.136,-0.0,-1.6403,130.136,,,,,,,,,,,,0.0,0.0,0.0,0.0,0
10.36,-2.9615,0.8252,130.1327,-0.0,-1.9328,130.1327,,,,,,,,,,,,0.0,0.0,0.0,0.0,0
10.38,-2.9615,0.8252,130.1327,-0.0,-1.9328,130.1327,,,,,,,,,,,,0.0,0.0,0.0,0.0,0
10.4,-2.9615,0.8252,130.1327,-0.0,-1.9328,130.1327,,,,,,,,,,,,0.0,0.0,0.0,0.0,0
10.42,-2.9615,0.8252,130.1327,-0.0,-1.9328,130.1327,,,,,,,,,,,,0.0,0.0,0.0,0.0,0
10.44,-2.9615,0.8252,130.1327,-0.0,-1.9328,130.1327,,,,,,,,,,,,0.0,0.0,0.0,0.0,0
10.46,-2.9628,0.8224,130.1391,-0.0,-1.2867,130.1391,,,,,,,,,,,,0.0,0.0,0.0,0.0,0
10.48,-2.9628,0.8224,130.1391,-0.0,-1.2867,130.1391,,,,,,,,,,,,0.0,0.0,0.0,0.0,0
10.5,-2.9628,0.8224,130.1391,-0.0,-1.2867,130.1391,,,,,,,,,,,,0.0,0.0,0.0,0.0,0
10.52,-2.9628,0.8224,130.1391,-0.0,-1.2867,130.1391,,,,,,,,,,,,0.0,0.0,0.0,0.0,0
10.54,-2.9628,0.8224,130.1391,-0.0,-1.2867,130.1391,,,,,,,,,,,,0.0,0.0,0.0,0.0,0
10.56,-2.9624,0.8198,130.1378,-0.0,-1.1891,130.1378,,,,,,,,,,,,0.0,0.0,0.0,0.0,0
10.58,-2.9624,0.8198,130.1378,-0.0,-1.1891,130.1378,,,,,,,,,,,,0.0,0.0,0.0,0.0,0
10.6,-2.9624,0.8198,130.1378,-0.0,-1.1891,130.1378,,,,,,,,,,,,0.0,0.0,0.0,0.0,0
10.62,-2.9624,0.8198,130.1378,-0.0,-1.1891,130.1378,,,,,,,,,,,,0.0,0.0,0.0,0.0,0
10.64,-2.9624,0.8198,130.1378,-0.0,-1.1891,130.1378,,,,,,,,,,,,0.0,0.0,0.0,0.0,0
10.66,-2.9615,0.8176,130.1384,-0.0,-1.1814,130.1384,,,,,,,,,,,,0.0,0.0,0.0,0.0,0
10.68,-2.9615,0.8176,130.1384,-0.0,-1.1814,130.1384,,,,,,,,,,,,0.0,0.0,0.0,0.0,0
10.7,-2.9615,0.8176,130.1384,-0.0,-1.1814,130.1384,,,,,,,,,,,,0.0,0.0,0.0,0.0,0
10.72,-2.9615,0.8176,130.1384,-0.0,-1.1814,130.1384,,,,,,,,,,,,0.0,0.0,0.0,0.0,0
10.74,-2.9615,0.8176,130.1384,-0.0,-1.1814,130.1384,,,,,,,,,,,,0.0,0.0,0.0,0.0,0
10.76,-2.968,0.8163,130.139,-0.0,-1.2747,130.139,,,,,,,,,,,,0.0,0.0,0.0,0.0,0
10.78,-2.968,0.8163,130.139,-0.0,-1.2747,130.139,,,,,,,,,,,,0.0,0.0,0.0,0.0,0
10.8,-2.968,0.8163,130.139,-0.0,-1.2747,130.139,,,,,,,,,,,,0.0,0.0,0.0,0.0,0
10.82,-2.968,0.8163,130.139,-0.0,-1.2747,130.139,,,,,,,,,,,,0.0,0.0,0.0,0.0,0
10.84,-2.968,0.8163,130.139,-0.0,-1.2747,130.139,,,,,,,,,,,,0.0,0.0,0.0,0.0,0
10.86,-2.9692,0.817,130.1343,-0.0,-1.3048,130.1343,,,,,,,,,,,,0.0,0.0,0.0,0.0,0
10.88,-2.9692,0.817,130.1343,-0.0,-1.3048,130.1343,,,,,,,,,,,,0.0,0.0,0.0,0.0,0
10.9,-2.9692,0.817,130.1343,-0.0,-1.3048,130.1343,,,,,,,,,,,,0.0,0.0,0.0,0.0,0
10.92,-2.9692,0.817,130.1343,-0.0,-1.3048,130.1343,,,,,,,,,,,,0.0,0.0,0.0,0.0,0
10.94,-2.9692,0.817,130.1343,-0.0,-1.3048,130.1343,,,,,,,,,,,,0.0,0.0,0.0,0.0,0
10.96,-2.9678,0.8112,130.1398,-0.0,-1.4075,130.1398,,,,,,,,,,,,0.0,0.0,0.0,0.0,0
10.98,-2.9678,0.8112,130.1398,-0.0,-1.4075,130.1398,,,,,,,,,,,,0.0,0.0,0.0,0.0,0
11.0,-2.9678,0.8112,130.1398,-0.0,-1.4075,130.1398,,,,,,,,,,,,0.0,0.0,0.0,0.0,0
11.02,-2.9678,0.8112,130.1398,-0.0,-1.4075,130.1398,,,,,,,,,,,,0.0,0.0,0.0,0.0,0
11.04,-2.9678,0.8112,130.1398,-0.0,-1.4075,130.1398,,,,,,,,,,,,0.0,0.0,0.0,0.0,0
11.06,-2.968,0.8077,130.1371,-0.0,-1.4117,130.1371,,,,,,,,,,,,0.0,0.0,0.0,0.0,0
11.08,-2.968,0.8077,130.1371,-0.0,-1.4117,130.1371,,,,,,,,,,,,0.0,0.0,0.0,0.0,0
11.1,-2.968,0.8077,130.1371,-0.0,-1.4117,130.1371,,,,,,,,,,,,0.0,0.0,0.0,0.0,0
11.12,-2.968,0.8077,130.1371,-0.0,-1.4117,130.1371,,,,,,,,,,,,0.0,0.0,0.0,0.0,0
11.14,-2.968,0.8077,130.1371,-0.0,-1.4117,130.1371,,,,,,,,,,,,0.0,0.0,0.0,0.0,0
11.16,-2.9652,0.8075,130.1471,-0.0,-2.3431,130.1471,,,,,,,,,,,,0.0,0.0,0.0,0.0,0
11.18,-2.9652,0.8075,130.1471,-0.0,-2.3431,130.1471,,,,,,,,,,,,0.0,0.0,0.0,0.0,0
11.2,-2.9652,0.8075,130.1471,-0.0,-2.3431,130.1471,,,,,,,,,,,,0.0,0.0,0.0,0.0,0
11.22,-2.9652,0.8075,130.1471,-0.0,-2.3431,130.1471,,,,,,,,,,,,0.0,0.0,0.0,0.0,0
11.24,-2.9652,0.8075,130.1471,-0.0,-2.3431,130.1471,,,,,,,,,,,,0.0,0.0,0.0,0.0,0
11.26,-2.9689,0.8047,130.1344,-0.0,-3.3321,130.1344,,,,,,,,,,,,0.0,0.0,0.0,0.0,0
11.28,-2.9689,0.8047,130.1344,-0.0,-3.3321,130.1344,,,,,,,,,,,,0.0,0.0,0.0,0.0,0
11.3,-2.9689,0.8047,130.1344,-0.0,-3.3321,130.1344,,,,,,,,,,,,0.0,0.0,0.0,0.0,0
11.32,-2.9689,0.8047,130.1344,-0.0,-3.3321,130.1344,,,,,,,,,,,,0.0,0.0,0.0,0.0,0
11.34,-2.9689,0.8047,130.1344,-0.0,-3.3321,130.1344,,,,,,,,,,,,0.0,0.0,0.0,0.0,0
11.36,-2.9692,0.801,130.1491,-0.0,-4.2931,130.1491,,,,,,,,,,,,0.0,0.0,0.0,0.0,0
11.38,-2.9692,0.801,130.1491,-0.0,-4.2931,130.1491,,,,,,,,,,,,0.0,0.0,0.0,0.0,0
11.4,-2.9692,0.801,130.1491,-0.0,-4.2931,130.1491,,,,,,,,,,,,0.0,0.0,0.0,0.0,0
11.42,-2.9692,0.801,130.1491,-0.0,-4.2931,130.1491,,,,,,,,,,,,0.0,0.0,0.0,0.0,0
11.44,-2.9692,0.801,130.1491,-0.0,-4.2931,130.1491,,,,,,,,,,,,0.0,0.0,0.0,0.0,0
11.46,-2.9704,0.7978,130.134,-0.0,-4.5787,130.134,,,,,,,,,,,,0.0,0.0,0.0,0.0,0
11.48,-2.9704,0.7978,130.134,-0.0,-4.5787,130.134,,,,,,,,,,,,0.0,0.0,0.0,0.0,0
11.5,-2.9704,0.7978,130.134,-0.0,-4.5787,130.134,,,,,,,,,,,,0.0,0.0,0.0,0.0,0
11.52,-2.9704,0.7978,130.134,-0.0,-4.5787,130.134,,,,,,,,,,,,0.0,0.0,0.0,0.0,0
11.54,-2.9704,0.7978,130.134,-0.0,-4.5787,130.134,,,,,,,,,,,,0.0,0.0,0.0,0.0,0
11.56,-2.9716,0.798,130.145,-0.0,-4.5282,130.145,,,,,,,,,,,,0.0,0.0,0.0,0.0,0
11.58,-2.9716,0.798,130.145,-0.0,-4.5282,130.145,,,,,,,,,,,,0.0,0.0,0.0,0.0,0
11.6,-2.9716,0.798,130.145,-0.0,-4.5282,130.145,,,,,,,,,,,,0.0,0.0,0.0,0.0,0
11.62,-2.9716,0.798,130.145,-0.0,-4.5282,130.145,,,,,,,,,,,,0.0,0.0,0.0,0.0,0
11.64,-2.9716,0.798,130.145,-0.0,-4.5282,130.145,,,,,,,,,,,,0.0,0.0,0.0,0.0,0
11.66,-2.9705,0.7961,130.1308,-0.0,-4.3659,130.1309,,,,,,,,,,,,0.0,0.0,0.0,0.0,0
11.68,-2.9705,0.7961,130.1308,-0.0,-4.3659,130.1309,,,,,,,,,,,,0.0,0.0,0.0,0.0,0
11.7,-2.9705,0.7961,130.1308,-0.0,-4.3659,130.1309,,,,,,,,,,,,0.0,0.0,0.0,0.0,0
11.72,-2.9705,0.7961,130.1308,-0.0,-4.3659,130.1309,,,,,,,,,,,,0.0,0.0,0.0,0.0,0
11.74,-2.9705,0.7961,130.1308,-0.0,-4.3659,130.1309,,,,,,,,,,,,0.0,0.0,0.0,0.0,0
11.76,-2.9687,0.7939,130.1382,-0.0,-4.2795,130.1382,,,,,,,,,,,,0.0,0.0,0.0,0.0,0
11.78,-2.9687,0.7939,130.1382,-0.0,-4.2795,130.1382,,,,,,,,,,,,0.0,0.0,0.0,0.0,0
11.8,-2.9687,0.7939,130.1382,-0.0,-4.2795,130.1382,,,,,,,,,,,,0.0,0.0,0.0,0.0,0
11.82,-2.9687,0.7939,130.1382,-0.0,-4.2795,130.1382,,,,,,,,,,,,0.0,0.0,0.0,0.0,0
11.84,-2.9687,0.7939,130.1382,-0.0,-4.2795,130.1382,,,,,,,,,,,,0.0,0.0,0.0,0.0,0
11.86,-2.9683,0.7868,130.1278,0.0,-4.101,130.1278,,,,,,,,,,,,0.0,0.0,0.0,0.0,0
11.88,-2.9683,0.7868,130.1278,0.0,-4.101,130.1278,,,,,,,,,,,,0.0,0.0,0.0,0.0,0
11.9,-2.9683,0.7868,130.1278,0.0,-4.101,130.1278,,,,,,,,,,,,0.0,0.0,0.0,0.0,0
11.92,-2.9683,0.7868,130.1278,0.0,-4.101,130.1278,,,,,,,,,,,,0.0,0.0,0.0,0.0,0
11.94,-2.9683,0.7868,130.1278,0.0,-4.101,130.1278,,,,,,,,,,,,0.0,0.0,0.0,0.0,0
11.96,-2.9625,0.7872,130.1335,-0.0,-2.9424,130.1335,,,,,,,,,,,,0.0,0.0,0.0,0.0,0
11.98,-2.9625,0.7872,130.1335,-0.0,-2.9424,130.1335,,,,,,,,,,,,0.0,0.0,0.0,0.0,0
12.0,-2.9625,0.7872,130.1335,-0.0,-2.9424,130.1335,,,,,,,,,,,,0.0,0.0,0.0,0.0,0
12.02,-2.9625,0.7872,130.1335,-0.0,-2.9424,130.1335,,,,,,,,,,,,0.0,0.0,0.0,0.0,0
12.04,-2.9625,0.7872,130.1335,-0.0,-2.9424,130.1335,,,,,,,,,,,,0.0,0.0,0.0,0.0,0
12.06,-2.957,0.7835,130.1193,-0.0,-2.9145,130.1193,,,,,,,,,,,,0.0,0.0,0.0,0.0,0
12.08,-2.957,0.7835,130.1193,-0.0,-2.9145,130.1193,,,,,,,,,,,,0.0,0.0,0.0,0.0,0
12.1,-2.957,0.7835,130.1193,-0.0,-2.9145,130.1193,,,,,,,,,,,,0.0,0.0,0.0,0.0,0
12.12,-2.957,0.7835,130.1193,-0.0,-2.9145,130.1193,,,,,,,,,,,,0.0,0.0,0.0,0.0,0
12.14,-2.957,0.7835,130.1193,-0.0,-2.9145,130.1193,,,,,,,,,,,,0.0,0.0,0.0,0.0,0
12.16,-2.9542,0.781,130.1288,0.0,-2.6444,130.1288,,,,,,,,,,,,0.0,0.0,0.0,0.0,0
12.18,-2.9542,0.781,130.1288,0.0,-2.6444,130.1288,,,,,,,,,,,,0.0,0.0,0.0,0.0,0
12.2,-2.9542,0.781,130.1288,0.0,-2.6444,130.1288,,,,,,,,,,,,0.0,0.0,0.0,0.0,0
12.22,-2.9542,0.781,130.1288,0.0,-2.6444,130.1288,,,,,,,,,,,,0.0,0.0,0.0,0.0,0
12.24,-2.9542,0.781,130.1288,0.0,-2.6444,130.1288,,,,,,,,,,,,0.0,0.0,0.0,0.0,0
12.26,-2.9521,0.7804,130.1163,0.0,-2.8084,130.1162,,,,,,,,,,,,0.0,0.0,0.0,0.0,0
12.28,-2.9521,0.7804,130.1163,0.0,-2.8084,130.1162,,,,,,,,,,,,0.0,0.0,0.0,0.0,0
12.3,-2.9521,0.7804,130.1163,0.0,-2.8084,130.1162,,,,,,,,,,,,0.0,0.0,0.0,0.0,0
12.32,-2.9521,0.7804,130.1163,0.0,-2.8084,130.1162,,,,,,,,,,,,0.0,0.0,0.0,0.0,0
12.34,-2.9521,0.7804,130.1163,0.0,-2.8084,130.1162,,,,,,,,,,,,0.0,0.0,0.0,0.0,0
12.36,-2.9488,0.7778,130.1257,-0.0,-2.7851,130.1257,,,,,,,,,,,,0.0,0.0,0.0,0.0,0
12.38,-2.9488,0.7778,130.1257,-0.0,-2.7851,130.1257,,,,,,,,,,,,0.0,0.0,0.0,0.0,0
12.4,-2.9488,0.7778,130.1257,-0.0,-2.7851,130.1257,,,,,,,,,,,,0.0,0.0,0.0,0.0,0
12.42,-2.9488,0.7778,130.1257,-0.0,-2.7851,130.1257,,,,,,,,,,,,0.0,0.0,0.0,0.0,0
12.44,-2.9488,0.7778,130.1257,-0.0,-2.7851,130.1257,,,,,,,,,,,,0.0,0.0,0.0,0.0,0
12.46,-2.9481,0.7748,130.115,-0.0,-2.8588,130.115,,,,,,,,,,,,0.0,0.0,0.0,0.0,0
12.48,-2.9481,0.7748,130.115,-0.0,-2.8588,130.115,,,,,,,,,,,,0.0,0.0,0.0,0.0,0
12.5,-2.9481,0.7748,130.115,-0.0,-2.8588,130.115,,,,,,,,,,,,0.0,0.0,0.0,0.0,0
12.52,-2.9481,0.7748,130.115,-0.0,-2.8588,130.115,,,,,,,,,,,,0.0,0.0,0.0,0.0,0
12.54,-2.9481,0.7748,130.115,-0.0,-2.8588,130.115,,,,,,,,,,,,0.0,0.0,0.0,0.0,0
12.56,-2.9493,0.7728,130.1271,-0.0,-2.8965,130.1271,,,,,,,,,,,,0.0,0.0,0.0,0.0,0
12.58,-2.9493,0.7728,130.1271,-0.0,-2.8965,130.1271,,,,,,,,,,,,0.0,0.0,0.0,0.0,0
12.6,-2.9493,0.7728,130.1271,-0.0,-2.8965,130.1271,,,,,,,,,,,,0.0,0.0,0.0,0.0,0
12.62,-2.9493,0.7728,130.1271,-0.0,-2.8965,130.1271,,,,,,,,,,,,0.0,0.0,0.0,0.0,0
12.64,-2.9493,0.7728,130.1271,-0.0,-2.8965,130.1271,,,,,,,,,,,,0.0,0.0,0.0,0.0,0
12.66,-2.9487,0.7684,130.1202,-0.0,-2.9374,130.1202,,,,,,,,,,,,0.0,0.0,0.0,0.0,0
12.68,-2.9487,0.7684,130.1202,-0.0,-2.9374,130.1202,,,,,,,,,,,,0.0,0.0,0.0,0.0,0
12.7,-2.9487,0.7684,130.1202,-0.0,-2.9374,130.1202,,,,,,,,,,,,0.0,0.0,0.0,0.0,0
12.72,-2.9487,0.7684,130.1202,-0.0,-2.9374,130.1202,,,,,,,,,,,,0.0,0.0,0.0,0.0,0
12.74,-2.9487,0.7684,130.1202,-0.0,-2.9374,130.1202,,,,,,,,,,,,0.0,0.0,0.0,0.0,0
12.76,-2.9474,0.7642,130.1304,-0.0,-2.9761,130.1304,,,,,,,,,,,,0.0,0.0,0.0,0.0,0
12.78,-2.9474,0.7642,130.1304,-0.0,-2.9761,130.1304,,,,,,,,,,,,0.0,0.0,0.0,0.0,0
12.8,-2.9474,0.7642,130.1304,-0.0,-2.9761,130.1304,,,,,,,,,,,,0.0,0.0,0.0,0.0,0
12.82,-2.9474,0.7642,130.1304,-0.0,-2.9761,130.1304,,,,,,,,,,,,0.0,0.0,0.0,0.0,0
12.84,-2.9474,0.7642,130.1304,-0.0,-2.9761,130.1304,,,,,,,,,,,,0.0,0.0,0.0,0.0,0
12.86,-2.9429,0.7594,130.122,-0.0,-3.0599,130.1221,,,,,,,,,,,,0.0,0.0,0.0,0.0,0
12.88,-2.9429,0.7594,130.122,-0.0,-3.0599,130.1221,,,,,,,,,,,,0.0,0.0,0.0,0.0,0
12.9,-2.9429,0.7594,130.122,-0.0,-3.0599,130.1221,,,,,,,,,,,,0.0,0.0,0.0,0.0,0
12.92,-2.9429,0.7594,130.122,-0.0,-3.0599,130.1221,,,,,,,,,,,,0.0,0.0,0.0,0.0,0
12.94,-2.9429,0.7594,130.122,-0.0,-3.0599,130.1221,,,,,,,,,,,,0.0,0.0,0.0,0.0,0
12.96,-2.9406,0.7626,130.13,0.0,-3.1114,130.13,,,,,,,,,,,,0.0,0.0,0.0,0.0,0
12.98,-2.9406,0.7626,130.13,0.0,-3.1114,130.13,,,,,,,,,,,,0.0,0.0,0.0,0.0,0
13.0,-2.9406,0.7626,130.13,0.0,-3.1114,130.13,,,,,,,,,,,,0.0,0.0,0.0,0.0,0
13.02,-2.9406,0.7626,130.13,0.0,-3.1114,130.13,,,,,,,,,,,,0.0,0.0,0.0,0.0,0
13.04,-2.9406,0.7626,130.13,0.0,-3.1114,130.13,,,,,,,,,,,,0.0,0.0,0.0,0.0,0
13.06,-2.9434,0.7594,130.1241,0.0,-3.0929,130.1241,,,,,,,,,,,,0.0,0.0,0.0,0.0,0
13.08,-2.9434,0.7594,130.1241,0.0,-3.0929,130.1241,,,,,,,,,,,,0.0,0.0,0.0,0.0,0
13.1,-2.9434,0.7594,130.1241,0.0,-3.0929,130.1241,,,,,,,,,,,,0.0,0.0,0.0,0.0,0
13.12,-2.9434,0.7594,130.1241,0.0,-3.0929,130.1241,,,,,,,,,,,,0.0,0.0,0.0,0.0,0
13.14,-2.9434,0.7594,130.1241,0.0,-3.0929,130.1241,,,,,,,,,,,,0.0,0.0,0.0,0.0,0
13.16,-2.9424,0.7556,130.1286,0.0,-3.0934,130.1285,,,,,,,,,,,,0.0,0.0,0.0,0.0,0
13.18,-2.9424,0.7556,130.1286,0.0,-3.0934,130.1285,,,,,,,,,,,,0.0,0.0,0.0,0.0,0
13.2,-2.9424,0.7556,130.1286,0.0,-3.0934,130.1285,,,,,,,,,,,,0.0,0.0,0.0,0.0,0
13.22,-2.9424,0.7556,130.1286,0.0,-3.0934,130.1285,,,,,,,,,,,,0.0,0.0,0.0,0.0,0
13.24,-2.9424,0.7556,130.1286,0.0,-3.0934,130.1285,,,,,,,,,,,,0.0,0.0,0.0,0.0,0
13.26,-2.9458,0.752,130.1198,0.0,-3.112,130.1198,,,,,,,,,,,,0.0,0.0,0.0,0.0,0
13.28,-2.9458,0.752,130.1198,0.0,-3.112,130.1198,,,,,,,,,,,,0.0,0.0,0.0,0.0,0
13.3,-2.9458,0.752,130.1198,0.0,-3.112,130.1198,,,,,,,,,,,,0.0,0.0,0.0,0.0,0
13.32,-2.9458,0.752,130.1198,0.0,-3.112,130.1198,,,,,,,,,,,,0.0,0.0,0.0,0.0,0
13.34,-2.9458,0.752,130.1198,0.0,-3.112,130.1198,,,,,,,,,,,,0.0,0.0,0.0,0.0,0
13.36,-2.9431,0.7493,130.1221,0.0,-3.0876,130.1221,,,,,,,,,,,,0.0,0.0,0.0,0.0,0
13.38,-2.9431,0.7493,130.1221,0.0,-3.0876,130.1221,,,,,,,,,,,,0.0,0.0,0.0,0.0,0
13.4,-2.9431,0.7493,130.1221,0.0,-3.0876,130.1221,,,,,,,,,,,,0.0,0.0,0.0,0.0,0
13.42,-2.9431,0.7493,130.1221,0.0,-3.0876,130.1221,,,,,,,,,,,,0.0,0.0,0.0,0.0,0
13.44,-2.9431,0.7493,130.1221,0.0,-3.0876,130.1221,,,,,,,,,,,,0.0,0.0,0.0,0.0,0
13.46,-2.9368,0.7473,130.1134,0.0,-3.0571,130.1134,,,,,,,,,,,,0.0,0.0,0.0,0.0,0
13.48,-2.9368,0.7473,130.1134,0.0,-3.0571,130.1134,,,,,,,,,,,,0.0,0.0,0.0,0.0,0
13.5,-2.9368,0.7473,130.1134,0.0,-3.0571,130.1134,,,,,,,,,,,,0.0,0.0,0.0,0.0,0
13.52,-2.9368,0.7473,130.1134,0.0,-3.0571,130.1134,,,,,,,,,,,,0.0,0.0,0.0,0.0,0
13.54,-2.9368,0.7473,130.1134,0.0,-3.0571,130.1134,,,,,,,,,,,,0.0,0.0,0.0,0.0,0
13.56,-2.9365,0.742,130.1157,-0.0,-2.2471,130.1157,,,,,,,,,,,,0.0,0.0,0.0,0.0,0
13.58,-2.9365,0.742,130.1157,-0.0,-2.2471,130.1157,,,,,,,,,,,,0.0,0.0,0.0,0.0,0
13.6,-2.9365,0.742,130.1157,-0.0,-2.2471,130.1157,,,,,,,,,,,,0.0,0.0,0.0,0.0,0
13.62,-2.9365,0.742,130.1157,-0.0,-2.2471,130.1157,,,,,,,,,,,,0.0,0.0,0.0,0.0,0
13.64,-2.9365,0.742,130.1157,-0.0,-2.2471,130.1157,,,,,,,,,,,,0.0,0.0,0.0,0.0,0
13.66,-2.9308,0.7409,130.1124,-0.0,-1.9064,130.1124,,,,,,,,,,,,0.0,0.0,0.0,0.0,0
13.68,-2.9308,0.7409,130.1124,-0.0,-1.9064,130.1124,,,,,,,,,,,,0.0,0.0,0.0,0.0,0
13.7,-2.9308,0.7409,130.1124,-0.0,-1.9064,130.1124,,,,,,,,,,,,0.0,0.0,0.0,0.0,0
13.72,-2.9308,0.7409,130.1124,-0.0,-1.9064,130.1124,,,,,,,,,,,,0.0,0.0,0.0,0.0,0
13.74,-2.9308,0.7409,130.1124,-0.0,-1.9064,130.1124,,,,,,,,,,,,0.0,0.0,0.0,0.0,0
13.76,-2.929,0.7357,130.1097,0.0,-0.9733,130.1097,,,,,,,,,,,,0.0,0.0,0.0,0.0,0
13.78,-2.929,0.7357,130.1097,0.0,-0.9733,130.1097,,,,,,,,,,,,0.0,0.0,0.0,0.0,0
13.8,-2.929,0.7357,130.1097,0.0,-0.9733,130.1097,,,,,,,,,,,,0.0,0.0,0.0,0.0,0
13.82,-2.929,0.7357,130.1097,0.0,-0.9733,130.1097,,,,,,,,,,,,0.0,0.0,0.0,0.0,0
13.84,-2.929,0.7357,130.1097,0.0,-0.9733,130.1097,,,,,,,,,,,,0.0,0.0,0.0,0.0,0
13.86,-2.9299,0.7345,130.1109,0.0,-0.4167,130.1109,,,,,,,,,,,,0.0,0.0,0.0,0.0,0
13.88,-2.9299,0.7345,130.1109,0.0,-0.4167,130.1109,,,,,,,,,,,,0.0,0.0,0.0,0.0,0
13.9,-2.9299,0.7345,130.1109,0.0,-0.4167,130.1109,,,,,,,,,,,,0.0,0.0,0.0,0.0,0
13.92,-2.9299,0.7345,130.1109,0.0,-0.4167,130.1109,,,,,,,,,,,,0.0,0.0,0.0,0.0,0
13.94,-2.9299,0.7345,130.1109,0.0,-0.4167,130.1109,,,,,,,,,,,,0.0,0.0,0.0,0.0,0
13.96,-2.9269,0.7331,130.1041,0.0,0.3173,130.1041,,,,,,,,,,,,0.0,0.0,0.0,0.0,0
13.98,-2.9269,0.7331,130.1041,0.0,0.3173,130.1041,,,,,,,,,,,,0.0,0.0,0.0,0.0,0
14.0,-2.9269,0.7331,130.1041,0.0,0.3173,130.1041,,,,,,,,,,,,0.0,0.0,0.0,0.0,0
14.02,-2.9269,0.7331,130.1041,0.0,0.3173,130.1041,,,,,,,,,,,,0.0,0.0,0.0,0.0,0
14.04,-2.9269,0.7331,130.1041,0.0,0.3173,130.1041,,,,,,,,,,,,0.0,0.0,0.0,0.0,0
14.06,-2.9246,0.7352,130.1148,0.0,1.0151,130.1148,,,,,,,,,,,,0.0,0.0,0.0,0.0,0
14.08,-2.9246,0.7352,130.1148,0.0,1.0151,130.1148,,,,,,,,,,,,0.0,0.0,0.0,0.0,0
14.1,-2.9246,0.7352,130.1148,0.0,1.0151,130.1148,,,,,,,,,,,,0.0,0.0,0.0,0.0,0
14.12,-2.9246,0.7352,130.1148,0.0,1.0151,130.1148,,,,,,,,,,,,0.0,0.0,0.0,0.0,0
14.14,-2.9246,0.7352,130.1148,0.0,1.0151,130.1148,,,,,,,,,,,,0.0,0.0,0.0,0.0,0
14.16,-2.926,0.7342,130.1046,0.0,0.8079,130.1046,,,,,,,,,,,,0.0,0.0,0.0,0.0,0
14.18,-2.926,0.7342,130.1046,0.0,0.8079,130.1046,,,,,,,,,,,,0.0,0.0,0.0,0.0,0
14.2,-2.926,0.7342,130.1046,0.0,0.8079,130.1046,,,,,,,,,,,,0.0,0.0,0.0,0.0,0
14.22,-2.926,0.7342,130.1046,0.0,0.8079,130.1046,,,,,,,,,,,,0.0,0.0,0.0,0.0,0
14.24,-2.926,0.7342,130.1046,0.0,0.8079,130.1046,,,,,,,,,,,,0.0,0.0,0.0,0.0,0
14.26,-2.9249,0.7308,130.1288,0.0,0.4775,130.1288,,,,,,,,,,,,0.0,0.0,0.0,0.0,0
14.28,-2.9249,0.7308,130.1288,0.0,0.4775,130.1288,,,,,,,,,,,,0.0,0.0,0.0,0.0,0
14.3,-2.9249,0.7308,130.1288,0.0,0.4775,130.1288,,,,,,,,,,,,0.0,0.0,0.0,0.0,0
14.32,-2.9249,0.7308,130.1288,0.0,0.4775,130.1288,,,,,,,,,,,,0.0,0.0,0.0,0.0,0
14.34,-2.9249,0.7308,130.1288,0.0,0.4775,130.1288,,,,,,,,,,,,0.0,0.0,0.0,0.0,0
14.36,-2.9257,0.734,130.1064,0.0,0.4032,130.1064,,,,,,,,,,,,0.0,0.0,0.0,0.0,0
14.38,-2.9257,0.734,130.1064,0.0,0.4032,130.1064,,,,,,,,,,,,0.0,0.0,0.0,0.0,0
14.4,-2.9257,0.734,130.1064,0.0,0.4032,130.1064,,,,,,,,,,,,0.0,0.0,0.0,0.0,0
14.42,-2.9257,0.734,130.1064,0.0,0.4032,130.1064,,,,,,,,,,,,0.0,0.0,0.0,0.0,0
14.44,-2.9257,0.734,130.1064,0.0,0.4032,130.1064,,,,,,,,,,,,0.0,0.0,0.0,0.0,0
14.46,-2.9251,0.7318,130.1372,0.0,0.5485,130.1372,,,,,,,,,,,,0.0,0.0,0.0,0.0,0
14.48,-2.9251,0.7318,130.1372,0.0,0.5485,130.1372,,,,,,,,,,,,0.0,0.0,0.0,0.0,0
14.5,-2.9251,0.7318,130.1372,0.0,0.5485,130.1372,,,,,,,,,,,,0.0,0.0,0.0,0.0,0
14.52,-2.9251,0.7318,130.1372,0.0,0.5485,130.1372,,,,,,,,,,,,0.0,0.0,0.0,0.0,0
14.54,-2.9251,0.7318,130.1372,0.0,0.5485,130.1372,,,,,,,,,,,,0.0,0.0,0.0,0.0,0
14.56,-2.9216,0.7309,130.1124,0.0,0.7766,130.1124,,,,,,,,,,,,0.0,0.0,0.0,0.0,0
14.58,-2.9216,0.7309,130.1124,0.0,0.7766,130.1124,,,,,,,,,,,,0.0,0.0,0.0,0.0,0
14.6,-2.9216,0.7309,130.1124,0.0,0.7766,130.1124,,,,,,,,,,,,0.0,0.0,0.0,0.0,0
14.62,-2.9216,0.7309,130.1124,0.0,0.7766,130.1124,,,,,,,,,,,,0.0,0.0,0.0,0.0,0
14.64,-2.9216,0.7309,130.1124,0.0,0.7766,130.1124,,,,,,,,,,,,0.0,0.0,0.0,0.0,0
14.66,-2.9208,0.73,130.135,0.0,0.611,130.135,,,,,,,,,,,,0.0,0.0,0.0,0.0,0
14.68,-2.9208,0.73,130.135,0.0,0.611,130.135,,,,,,,,,,,,0.0,0.0,0.0,0.0,0
14.7,-2.9208,0.73,130.135,0.0,0.611,130.135,,,,,,,,,,,,0.0,0.0,0.0,0.0,0
14.72,-2.9208,0.73,130.135,0.0,0.611,130.135,,,,,,,,,,,,0.0,0.0,0.0,0.0,0
14.74,-2.9208,0.73,130.135,0.0,0.611,130.135,,,,,,,,,,,,0.0,0.0,0.0,0.0,0
14.76,-2.9178,0.7276,130.107,0.0,0.3125,130.107,,,,,,,,,,,,0.0,0.0,0.0,0.0,0
14.78,-2.9178,0.7276,130.107,0.0,0.3125,130.107,,,,,,,,,,,,0.0,0.0,0.0,0.0,0
14.8,-2.9178,0.7276,130.107,0.0,0.3125,130.107,,,,,,,,,,,,0.0,0.0,0.0,0.0,0
14.82,-2.9178,0.7276,130.107,0.0,0.3125,130.107,,,,,,,,,,,,0.0,0.0,0.0,0.0,0
14.84,-2.9178,0.7276,130.107,0.0,0.3125,130.107,,,,,,,,,,,,0.0,0.0,0.0,0.0,0
14.86,-2.9178,0.7231,130.1386,0.0,0.1595,130.1386,,,,,,,,,,,,0.0,0.0,0.0,0.0,0
14.88,-2.9178,0.7231,130.1386,0.0,0.1595,130.1386,,,,,,,,,,,,0.0,0.0,0.0,0.0,0
14.9,-2.9178,0.7231,130.1386,0.0,0.1595,130.1386,,,,,,,,,,,,0.0,0.0,0.0,0.0,0
14.92,-2.9178,0.7231,130.1386,0.0,0.1595,130.1386,,,,,,,,,,,,0.0,0.0,0.0,0.0,0
14.94,-2.9178,0.7231,130.1386,0.0,0.1595,130.1386,,,,,,,,,,,,0.0,0.0,0.0,0.0,0
14.96,-2.9225,0.7242,130.1093,0.0,0.0814,130.1093,,,,,,,,,,,,0.0,0.0,0.0,0.0,0
14.98,-2.9225,0.7242,130.1093,0.0,0.0814,130.1093,,,,,,,,,,,,0.0,0.0,0.0,0.0,0
15.0,-2.9225,0.7242,130.1093,0.0,0.0814,130.1093,,,,,,,,,,,,0.0,0.0,0.0,0.0,0
15.02,-2.9225,0.7242,130.1093,0.0,0.0814,130.1093,,,,,,,,,,,,0.0,0.0,0.0,0.0,0
15.04,-2.9225,0.7242,130.1093,0.0,0.0814,130.1093,,,,,,,,,,,,0.0,0.0,0.0,0.0,0
15.06,-2.9277,0.7238,130.1308,0.0,0.0416,130.1308,,,,,,,,,,,,0.0,0.0,0.0,0.0,0
15.08,-2.9277,0.7238,130.1308,0.0,0.0416,130.1308,,,,,,,,,,,,0.0,0.0,0.0,0.0,0
15.1,-2.9277,0.7238,130.1308,0.0,0.0416,130.1308,,,,,,,,,,,,0.0,0.0,0.0,0.0,0
15.12,-2.9277,0.7238,130.1308,0.0,0.0416,130.1308,,,,,,,,,,,,0.0,0.0,0.0,0.0,0
15.14,-2.9277,0.7238,130.1308,0.0,0.0416,130.1308,,,,,,,,,,,,0.0,0.0,0.0,0.0,0
15.16,-2.9293,0.7234,130.1057,0.0,0.0212,130.1057,,,,,,,,,,,,0.0,0.0,0.0,0.0,0
15.18,-2.9293,0.7234,130.1057,0.0,0.0212,130.1057,,,,,,,,,,,,0.0,0.0,0.0,0.0,0
15.2,-2.9293,0.7234,130.1057,0.0,0.0212,130.1057,,,,,,,,,,,,0.0,0.0,0.0,0.0,0
15.22,-2.9293,0.7234,130.1057,0.0,0.0212,130.1057,,,,,,,,,,,,0.0,0.0,0.0,0.0,0
15.24,-2.9293,0.7234,130.1057,0.0,0.0212,130.1057,,,,,,,,,,,,0.0,0.0,0.0,0.0,0
15.26,-2.9332,0.7262,130.1282,0.0,0.0108,130.1282,,,,,,,,,,,,0.0,0.0,0.0,0.0,0
15.28,-2.9332,0.7262,130.1282,0.0,0.0108,130.1282,,,,,,,,,,,,0.0,0.0,0.0,0.0,0
15.3,-2.9332,0.7262,130.1282,0.0,0.0108,130.1282,,,,,,,,,,,,0.0,0.0,0.0,0.0,0
15.32,-2.9332,0.7262,130.1282,0.0,0.0108,130.1282,,,,,,,,,,,,0.0,0.0,0.0,0.0,0
15.34,-2.9332,0.7262,130.1282,0.0,0.0108,130.1282,,,,,,,,,,,,0.0,0.0,0.0,0.0,0
15.36,-2.9376,0.7258,130.1023,0.0,0.0055,130.1022,,,,,,,,,,,,0.0,0.0,0.0,0.0,0
15.38,-2.9376,0.7258,130.1023,0.0,0.0055,130.1022,,,,,,,,,,,,0.0,0.0,0.0,0.0,0
15.4,-2.9376,0.7258,130.1023,0.0,0.0055,130.1022,,,,,,,,,,,,0.0,0.0,0.0,0.0,0
15.42,-2.9376,0.7258,130.1023,0.0,0.0055,130.1022,,,,,,,,,,,,0.0,0.0,0.0,0.0,0
15.44,-2.9376,0.7258,130.1023,0.0,0.0055,130.1022,,,,,,,,,,,,0.0,0.0,0.0,0.0,0
15.46,-2.941,0.727,130.1137,0.0,0.0028,130.1137,,,,,,,,,,,,0.0,0.0,0.0,0.0,0
15.48,-2.941,0.727,130.1137,0.0,0.0028,130.1137,,,,,,,,,,,,0.0,0.0,0.0,0.0,0
15.5,-2.941,0.727,130.1137,0.0,0.0028,130.1137,,,,,,,,,,,,0.0,0.0,0.0,0.0,0
15.52,-2.941,0.727,130.1137,0.0,0.0028,130.1137,,,,,,,,,,,,0.0,0.0,0.0,0.0,0
15.54,-2.941,0.727,130.1137,0.0,0.0028,130.1137,,,,,,,,,,,,0.0,0.0,0.0,0.0,0
15.56,-2.942,0.7296,130.0965,0.0,0.0014,130.0965,,,,,,,,,,,,0.0,0.0,0.0,0.0,0
15.58,-2.942,0.7296,130.0965,0.0,0.0014,130.0965,,,,,,,,,,,,0.0,0.0,0.0,0.0,0
15.6,-2.942,0.7296,130.0965,0.0,0.0014,130.0965,,,,,,,,,,,,0.0,0.0,0.0,0.0,0
15.62,-2.942,0.7296,130.0965,0.0,0.0014,130.0965,,,,,,,,,,,,0.0,0.0,0.0,0.0,0
15.64,-2.942,0.7296,130.0965,0.0,0.0014,130.0965,,,,,,,,,,,,0.0,0.0,0.0,0.0,0
15.66,-2.9429,0.7288,130.1092,0.0,0.0007,130.1092,,,,,,,,,,,,0.0,0.0,0.0,0.0,0
15.68,-2.9429,0.7288,130.1092,0.0,0.0007,130.1092,,,,,,,,,,,,0.0,0.0,0.0,0.0,0
15.7,-2.9429,0.7288,130.1092,0.0,0.0007,130.1092,,,,,,,,,,,,0.0,0.0,0.0,0.0,0
15.72,-2.9429,0.7288,130.1092,0.0,0.0007,130.1092,,,,,,,,,,,,0.0,0.0,0.0,0.0,0
15.74,-2.9429,0.7288,130.1092,0.0,0.0007,130.1092,,,,,,,,,,,,0.0,0.0,0.0,0.0,0
15.76,-2.9426,0.7231,130.0989,0.0,0.0004,130.0989,,,,,,,,,,,,0.0,0.0,0.0,0.0,0
15.78,-2.9426,0.7231,130.0989,0.0,0.0004,130.0989,,,,,,,,,,,,0.0,0.0,0.0,0.0,0
15.8,-2.9426,0.7231,130.0989,0.0,0.0004,130.0989,,,,,,,,,,,,0.0,0.0,0.0,0.0,0
15.82,-2.9426,0.7231,130.0989,0.0,0.0004,130.0989,,,,,,,,,,,,0.0,0.0,0.0,0.0,0
15.84,-2.9426,0.7231,130.0989,0.0,0.0004,130.0989,,,,,,,,,,,,0.0,0.0,0.0,0.0,0
15.86,-2.9455,0.7195,130.1016,0.0,0.0004,130.1016,,,,,,,,,,,,0.0,0.0,0.0,0.0,0
15.88,-2.9455,0.7195,130.1016,0.0,0.0004,130.1016,,,,,,,,,,,,0.0,0.0,0.0,0.0,0
15.9,-2.9455,0.7195,130.1016,0.0,0.0004,130.1016,,,,,,,,,,,,0.0,0.0,0.0,0.0,0
15.92,-2.9455,0.7195,130.1016,0.0,0.0004,130.1016,,,,,,,,,,,,0.0,0.0,0.0,0.0,0
15.94,-2.9455,0.7195,130.1016,0.0,0.0004,130.1016,,,,,,,,,,,,0.0,0.0,0.0,0.0,0
15.96,-2.9492,0.7165,130.0952,0.0,0.0004,130.0952,,,,,,,,,,,,0.0,0.0,0.0,0.0,0
15.98,-2.9492,0.7165,130.0952,0.0,0.0004,130.0952,,,,,,,,,,,,0.0,0.0,0.0,0.0,0
16.0,-2.9492,0.7165,130.0952,0.0,0.0004,130.0952,,,,,,,,,,,,0.0,0.0,0.0,0.0,0
16.02,-2.9492,0.7165,130.0952,0.0,0.0004,130.0952,,,,,,,,,,,,0.0,0.0,0.0,0.0,0
16.04,-2.9492,0.7165,130.0952,0.0,0.0004,130.0952,,,,,,,,,,,,0.0,0.0,0.0,0.0,0
16.06,-2.9472,0.717,130.097,0.0,0.0243,130.097,,,,,,,,,,,,0.0,0.0,0.0,0.0,0
16.08,-2.9472,0.717,130.097,0.0,0.0243,130.097,,,,,,,,,,,,0.0,0.0,0.0,0.0,0
16.1,-2.9472,0.717,130.097,0.0,0.0243,130.097,,,,,,,,,,,,0.0,0.0,0.0,0.0,0
16.12,-2.9472,0.717,130.097,0.0,0.0243,130.097,,,,,,,,,,,,0.0,0.0,0.0,0.0,0
16.14,-2.9472,0.717,130.097,0.0,0.0243,130.097,,,,,,,,,,,,0.0,0.0,0.0,0.0,0
16.16,-2.9498,0.7129,130.0959,0.0,0.0693,130.0959,,,,,,,,,,,,0.0,0.0,0.0,0.0,0
16.18,-2.9498,0.7129,130.0959,0.0,0.0693,130.0959,,,,,,,,,,,,0.0,0.0,0.0,0.0,0
16.2,-2.9498,0.7129,130.0959,0.0,0.0693,130.0959,,,,,,,,,,,,0.0,0.0,0.0,0.0,0
16.22,-2.9498,0.7129,130.0959,0.0,0.0693,130.0959,,,,,,,,,,,,0.0,0.0,0.0,0.0,0
16.24,-2.9498,0.7129,130.0959,0.0,0.0693,130.0959,,,,,,,,,,,,0.0,0.0,0.0,0.0,0
16.26,-2.9521,0.7073,130.0973,0.0,0.116,130.0973,,,,,,,,,,,,0.0,0.0,0.0,0.0,0
16.28,-2.9521,0.7073,130.0973,0.0,0.116,130.0973,,,,,,,,,,,,0.0,0.0,0.0,0.0,0
16.3,-2.9521,0.7073,130.0973,0.0,0.116,130.0973,,,,,,,,,,,,0.0,0.0,0.0,0.0,0
16.32,-2.9521,0.7073,130.0973,0.0,0.116,130.0973,,,,,,,,,,,,0.0,0.0,0.0,0.0,0
16.34,-2.9521,0.7073,130.0973,0.0,0.116,130.0973,,,,,,,,,,,,0.0,0.0,0.0,0.0,0
16.36,-2.9483,0.7054,130.0961,0.0,0.1839,130.0961,,,,,,,,,,,,0.0,0.0,0.0,0.0,0
16.38,-2.9483,0.7054,130.0961,0.0,0.1839,130.0961,,,,,,,,,,,,0.0,0.0,0.0,0.0,0
16.4,-2.9483,0.7054,130.0961,0.0,0.1839,130.0961,,,,,,,,,,,,0.0,0.0,0.0,0.0,0
16.42,-2.9483,0.7054,130.0961,0.0,0.1839,130.0961,,,,,,,,,,,,0.0,0.0,0.0,0.0,0
16.44,-2.9483,0.7054,130.0961,0.0,0.1839,130.0961,,,,,,,,,,,,0.0,0.0,0.0,0.0,0
16.46,-2.9474,0.7032,130.0914,0.0,0.2482,130.0915,,,,,,,,,,,,0.0,0.0,0.0,0.0,0
16.48,-2.9474,0.7032,130.0914,0.0,0.2482,130.0915,,,,,,,,,,,,0.0,0.0,0.0,0.0,0
16.5,-2.9474,0.7032,130.0914,0.0,0.2482,130.0915,,,,,,,,,,,,0.0,0.0,0.0,0.0,0
16.52,-2.9474,0.7032,130.0914,0.0,0.2482,130.0915,,,,,,,,,,,,0.0,0.0,0.0,0.0,0
16.54,-2.9474,0.7032,130.0914,0.0,0.2482,130.0915,,,,,,,,,,,,0.0,0.0,0.0,0.0,0
16.56,-2.9498,0.7044,130.0962,0.0,0.2845,130.0962,,,,,,,,,,,,0.0,0.0,0.0,0.0,0
16.58,-2.9498,0.7044,130.0962,0.0,0.2845,130.0962,,,,,,,,,,,,0.0,0.0,0.0,0.0,0
16.6,-2.9498,0.7044,130.0962,0.0,0.2845,130.0962,,,,,,,,,,,,0.0,0.0,0.0,0.0,0
16.62,-2.9498,0.7044,130.0962,0.0,0.2845,130.0962,,,,,,,,,,,,0.0,0.0,0.0,0.0,0
16.64,-2.9498,0.7044,130.0962,0.0,0.2845,130.0962,,,,,,,,,,,,0.0,0.0,0.0,0.0,0
16.66,-2.9512,0.702,130.0924,0.0,0.3195,130.0924,,,,,,,,,,,,0.0,0.0,0.0,0.0,0
16.68,-2.9512,0.702,130.0924,0.0,0.3195,130.0924,,,,,,,,,,,,0.0,0.0,0.0,0.0,0
16.7,-2.9512,0.702,130.0924,0.0,0.3195,130.0924,,,,,,,,,,,,0.0,0.0,0.0,0.0,0
16.72,-2.9512,0.702,130.0924,0.0,0.3195,130.0924,,,,,,,,,,,,0.0,0.0,0.0,0.0,0
16.74,-2.9512,0.702,130.0924,0.0,0.3195,130.0924,,,,,,,,,,,,0.0,0.0,0.0,0.0,0
16.76,-2.951,0.6996,130.0983,0.0,0.2218,130.0983,,,,,,,,,,,,0.0,0.0,0.0,0.0,0
16.78,-2.951,0.6996,130.0983,0.0,0.2218,130.0983,,,,,,,,,,,,0.029,0.029,0.029,0.029,0
16.8,-2.951,0.6996,130.0983,0.0,0.2218,130.0983,,,,,,,,,,,,0.029,0.029,0.029,0.029,0
16.82,-2.951,0.6996,130.0983,0.0,0.2218,130.0983,,,,,,,,,,,,0.029,0.029,0.029,0.029,0
16.84,-2.951,0.6996,130.0983,0.0,0.2218,130.0983,,,,,,,,,,,,0.029,0.029,0.029,0.029,0
16.86,-2.9489,0.6974,130.0862,0.0,0.1113,130.0862,,,,,,,,,,,,0.029,0.029,0.029,0.029,0
16.88,-2.9489,0.6974,130.0862,0.0,0.1113,130.0862,,,,,,,,,,,,0.059,0.059,0.059,0.059,0
16.9,-2.9489,0.6974,130.0862,0.0,0.1113,130.0862,,,,,,,,,,,,0.059,0.059,0.059,0.059,0
16.92,-2.9489,0.6974,130.0862,0.0,0.1113,130.0862,,,,,,,,,,,,0.059,0.059,0.059,0.059,0
16.94,-2.9489,0.6974,130.0862,0.0,0.1113,130.0862,,,,,,,,,,,,0.059,0.059,0.059,0.059,0
16.96,-2.9496,0.6886,130.1157,0.0,-0.235,130.1158,,,,,,,,,,,,0.059,0.059,0.059,0.059,0
16.98,-2.9496,0.6886,130.1157,0.0,-0.235,130.1158,,,,,,,,,,,,0.089,0.089,0.089,0.089,0
17.0,-2.9496,0.6886,130.1157,0.0,-0.235,130.1158,,,,,,,,,,,,0.089,0.089,0.089,0.089,0
17.02,-2.9496,0.6886,130.1157,0.0,-0.235,130.1158,,,,,,,,,,,,0.089,0.089,0.089,0.089,0
17.04,-2.9496,0.6886,130.1157,0.0,-0.235,130.1158,,,,,,,,,,,,0.089,0.089,0.089,0.089,0
17.06,-2.9543,0.6847,130.2104,0.0,-0.3043,130.2104,,,,,,,,,,,,0.089,0.089,0.089,0.089,0
17.08,-2.9543,0.6847,130.2104,0.0,-0.3043,130.2104,,,,,,,,,,,,0.1,0.1,0.1,0.1,0
17.1,-2.9543,0.6847,130.2104,0.0,-0.3043,130.2104,,,,,,,,,,,,0.1,0.1,0.1,0.1,0
17.12,-2.9543,0.6847,130.2104,0.0,-0.3043,130.2104,,,,,,,,,,,,0.1,0.1,0.1,0.1,0
17.14,-2.9543,0.6847,130.2104,0.0,-0.3043,130.2104,,,,,,,,,,,,0.1,0.1,0.1,0.1,0
17.16,-2.9561,0.6887,130.015,0.0,-0.2728,130.015,,,,,,,,,,,,0.1,0.1,0.1,0.1,0
17.18,-2.9561,0.6887,130.015,0.0,-0.2728,130.015,,,,,,,,,,,,0.1,0.1,0.1,0.1,0
17.2,-2.9561,0.6887,130.015,0.0,-0.2728,130.015,,,,,,,,,,,,0.1,0.1,0.1,0.1,0
17.22,-2.9561,0.6887,130.015,0.0,-0.2728,130.015,,,,,,,,,,,,0.1,0.1,0.1,0.1,0
17.24,-2.9561,0.6887,130.015,0.0,-0.2728,130.015,,,,,,,,,,,,0.1,0.1,0.1,0.1,0
17.26,-2.952,0.6805,130.1214,0.0,-0.2568,130.1214,,,,,,,,,,,,0.1,0.1,0.1,0.1,0
17.28,-2.952,0.6805,130.1214,0.0,-0.2568,130.1214,,,,,,,,,,,,0.1,0.1,0.1,0.1,0
17.3,-2.952,0.6805,130.1214,0.0,-0.2568,130.1214,,,,,,,,,,,,0.1,0.1,0.1,0.1,0
17.32,-2.952,0.6805,130.1214,0.0,-0.2568,130.1214,,,,,,,,,,,,0.1,0.1,0.1,0.1,0
17.34,-2.952,0.6805,130.1214,0.0,-0.2568,130.1214,,,,,,,,,,,,0.1,0.1,0.1,0.1,0
17.36,-2.947,0.6822,129.935,0.0,-0.2486,129.935,,,,,,,,,,,,0.1,0.1,0.1,0.1,0
17.38,-2.947,0.6822,129.935,0.0,-0.2486,129.935,,,,,,,,,,,,0.1,0.1,0.1,0.1,0
17.4,-2.947,0.6822,129.935,0.0,-0.2486,129.935,,,,,,,,,,,,0.1,0.1,0.1,0.1,0
17.42,-2.947,0.6822,129.935,0.0,-0.2486,129.935,,,,,,,,,,,,0.1,0.1,0.1,0.1,0
17.44,-2.947,0.6822,129.935,0.0,-0.2486,129.935,,,,,,,,,,,,0.1,0.1,0.1,0.1,0
17.46,-2.9495,0.6797,130.0207,0.0,-0.2444,130.0207,,,,,,,,,,,,0.1,0.1,0.1,0.1,0
17.48,-2.9495,0.6797,130.0207,0.0,-0.2444,130.0207,,,,,,,,,,,,0.1,0.1,0.1,0.1,0
17.5,-2.9495,0.6797,130.0207,0.0,-0.2444,130.0207,,,,,,,,,,,,0.1,0.1,0.1,0.1,0
17.52,-2.9495,0.6797,130.0207,0.0,-0.2444,130.0207,,,,,,,,,,,,0.1,0.1,0.1,0.1,0
17.54,-2.9495,0.6797,130.0207,0.0,-0.2444,130.0207,,,,,,,,,,,,0.1,0.1,0.1,0.1,0
17.56,-2.9465,0.6802,129.8683,0.0,-0.2422,129.8683,,,,,,,,,,,,0.1,0.1,0.1,0.1,0
17.58,-2.9465,0.6802,129.8683,0.0,-0.2422,129.8683,,,,,,,,,,,,0.1,0.1,0.1,0.1,0
17.6,-2.9465,0.6802,129.8683,0.0,-0.2422,129.8683,,,,,,,,,,,,0.1,0.1,0.1,0.1,0
17.62,-2.9465,0.6802,129.8683,0.0,-0.2422,129.8683,,,,,,,,,,,,0.1,0.1,0.1,0.1,0
17.64,-2.9465,0.6802,129.8683,0.0,-0.2422,129.8683,,,,,,,,,,,,0.1,0.1,0.1,0.1,0
17.66,-2.948,0.685,129.9469,0.0,-0.2323,129.9469,,,,,,,,,,,,0.1,0.1,0.1,0.1,0
17.68,-2.948,0.685,129.9469,0.0,-0.2323,129.9469,,,,,,,,,,,,0.1,0.1,0.1,0.1,0
17.7,-2.948,0.685,129.9469,0.0,-0.2323,129.9469,,,,,,,,,,,,0.1,0.1,0.1,0.1,0
17.72,-2.948,0.685,129.9469,0.0,-0.2323,129.9469,,,,,,,,,,,,0.1,0.1,0.1,0.1,0
17.74,-2.948,0.685,129.9469,0.0,-0.2323,129.9469,,,,,,,,,,,,0.1,0.1,0.1,0.1,0
17.76,-2.9616,0.7018,129.8408,0.0,-0.1087,129.8408,,,,,,,,,,,,0.1,0.1,0.1,0.1,0
17.78,-2.9616,0.7018,129.8408,0.0,-0.1087,129.8408,,,,,,,,,,,,0.1,0.1,0.1,0.1,0
17.8,-2.9616,0.7018,129.8408,0.0,-0.1087,129.8408,,,,,,,,,,,,0.1,0.1,0.1,0.1,0
17.82,-2.9616,0.7018,129.8408,0.0,-0.1087,129.8408,,,,,,,,,,,,0.1,0.1,0.1,0.1,0
17.84,-2.9616,0.7018,129.8408,0.0,-0.1087,129.8408,,,,,,,,,,,,0.1,0.1,0.1,0.1,0
17.86,-2.9701,0.7019,129.8999,0.0,1.3,129.8999,,,,,,,,,,,,0.1,0.1,0.1,0.1,0
17.88,-2.9701,0.7019,129.8999,0.0,1.3,129.8999,,,,,,,,,,,,0.1,0.1,0.1,0.1,0
17.9,-2.9701,0.7019,129.8999,0.0,1.3,129.8999,,,,,,,,,,,,0.1,0.1,0.1,0.1,0
17.92,-2.9701,0.7019,129.8999,0.0,1.3,129.8999,,,,,,,,,,,,0.1,0.1,0.1,0.1,0
17.94,-2.9701,0.7019,129.8999,0.0,1.3,129.8999,,,,,,,,,,,,0.1,0.1,0.1,0.1,0
17.96,-2.9524,0.708,129.7919,0.0,1.3782,129.7919,,,,,,,,,,,,0.1,0.1,0.1,0.1,0
17.98,-2.9524,0.708,129.7919,0.0,1.3782,129.7919,,,,,,,,,,,,0.1,0.1,0.1,0.1,0
18.0,-2.9524,0.708,129.7919,0.0,1.3782,129.7919,,,,,,,,,,,,0.1,0.1,0.1,0.1,0
18.02,-2.9524,0.708,129.7919,0.0,1.3782,129.7919,,,,,,,,,,,,0.1,0.1,0.1,0.1,0
18.04,-2.9524,0.708,129.7919,0.0,1.3782,129.7919,,,,,,,,,,,,0.1,0.1,0.1,0.1,0
18.06,-2.957,0.715,129.8389,0.0,1.2832,129.8389,,,,,,,,,,,,0.1,0.1,0.1,0.1,0
18.08,-2.957,0.715,129.8389,0.0,1.2832,129.8389,,,,,,,,,,,,0.1,0.1,0.1,0.1,0
18.1,-2.957,0.715,129.8389,0.0,1.2832,129.8389,,,,,,,,,,,,0.1,0.1,0.1,0.1,0
18.12,-2.957,0.715,129.8389,0.0,1.2832,129.8389,,,,,,,,,,,,0.1,0.1,0.1,0.1,0
18.14,-2.957,0.715,129.8389,0.0,1.2832,129.8389,,,,,,,,,,,,0.1,0.1,0.1,0.1,0
18.16,-2.9486,0.7178,129.7572,0.0,2.984,129.7572,,,,,,,,,,,,0.1,0.1,0.1,0.1,0
18.18,-2.9486,0.7178,129.7572,0.0,2.984,129.7572,,,,,,,,,,,,0.1,0.1,0.1,0.1,0
18.2,-2.9486,0.7178,129.7572,0.0,2.984,129.7572,,,,,,,,,,,,0.1,0.1,0.1,0.1,0
18.22,-2.9486,0.7178,129.7572,0.0,2.984,129.7572,,,,,,,,,,,,0.1,0.1,0.1,0.1,0
18.24,-2.9486,0.7178,129.7572,0.0,2.984,129.7572,,,,,,,,,,,,0.1,0.1,0.1,0.1,0
18.26,-2.9554,0.7178,129.7857,0.0,1.4817,129.7857,,,,,,,,,,,,0.1,0.1,0.1,0.1,0
18.28,-2.9554,0.7178,129.7857,0.0,1.4817,129.7857,,,,,,,,,,,,0.1,0.1,0.1,0.1,0
18.3,-2.9554,0.7178,129.7857,0.0,1.4817,129.7857,,,,,,,,,,,,0.1,0.1,0.1,0.1,0
18.32,-2.9554,0.7178,129.7857,0.0,1.4817,129.7857,,,,,,,,,,,,0.1,0.1,0.1,0.1,0
18.34,-2.9554,0.7178,129.7857,0.0,1.4817,129.7857,,,,,,,,,,,,0.1,0.1,0.1,0.1,0
18.36,-2.9354,0.7259,129.7209,0.0,0.639,129.7209,,,,,,,,,,,,0.1,0.1,0.1,0.1,0
18.38,-2.9354,0.7259,129.7209,0.0,0.639,129.7209,,,,,,,,,,,,0.1,0.1,0.1,0.1,0
18.4,-2.9354,0.7259,129.7209,0.0,0.639,129.7209,,,,,,,,,,,,0.1,0.1,0.1,0.1,0
18.42,-2.9354,0.7259,129.7209,0.0,0.639,129.7209,,,,,,,,,,,,0.1,0.1,0.1,0.1,0
18.44,-2.9354,0.7259,129.7209,0.0,0.639,129.7209,,,,,,,,,,,,0.1,0.1,0.1,0.1,0
18.46,-2.944,0.7201,129.7307,0.0,0.2088,129.7307,,,,,,,,,,,,0.1,0.1,0.1,0.1,0
18.48,-2.944,0.7201,129.7307,0.0,0.2088,129.7307,,,,,,,,,,,,0.1,0.1,0.1,0.1,0
18.5,-2.944,0.7201,129.7307,0.0,0.2088,129.7307,,,,,,,,,,,,0.1,0.1,0.1,0.1,0
18.52,-2.944,0.7201,129.7307,0.0,0.2088,129.7307,,,,,,,,,,,,0.1,0.1,0.1,0.1,0
18.54,-2.944,0.7201,129.7307,0.0,0.2088,129.7307,,,,,,,,,,,,0.1,0.1,0.1,0.1,0
18.56,-2.9517,0.7353,129.6791,0.0,-0.0109,129.6791,,,,,,,,,,,,0.1,0.1,0.1,0.1,0
18.58,-2.9517,0.7353,129.6791,0.0,-0.0109,129.6791,,,,,,,,,,,,0.1,0.1,0.1,0.1,0
18.6,-2.9517,0.7353,129.6791,0.0,-0.0109,129.6791,,,,,,,,,,,,0.1,0.1,0.1,0.1,0
18.62,-2.9517,0.7353,129.6791,0.0,-0.0109,129.6791,,,,,,,,,,,,0.1,0.1,0.1,0.1,0
18.64,-2.9517,0.7353,129.6791,0.0,-0.0109,129.6791,,,,,,,,,,,,0.1,0.1,0.1,0.1,0
18.66,-2.95,0.7519,129.6928,0.0,-0.123,129.6928,,,,,,,,,,,,0.1,0.1,0.1,0.1,0
18.68,-2.95,0.7519,129.6928,0.0,-0.123,129.6928,,,,,,,,,,,,0.1,0.1,0.1,0.1,0
18.7,-2.95,0.7519,129.6928,0.0,-0.123,129.6928,,,,,,,,,,,,0.1,0.1,0.1,0.1,0
18.72,-2.95,0.7519,129.6928,0.0,-0.123,129.6928,,,,,,,,,,,,0.1,0.1,0.1,0.1,0
18.74,-2.95,0.7519,129.6928,0.0,-0.123,129.6928,,,,,,,,,,,,0.1,0.1,0.1,0.1,0
18.76,-2.9495,0.7488,129.6334,0.0,-0.1803,129.6334,,,,,,,,,,,,0.1,0.1,0.1,0.1,0
18.78,-2.9495,0.7488,129.6334,0.0,-0.1803,129.6334,,,,,,,,,,,,0.1,0.1,0.1,0.1,0
18.8,-2.9495,0.7488,129.6334,0.0,-0.1803,129.6334,,,,,,,,,,,,0.1,0.1,0.1,0.1,0
18.82,-2.9495,0.7488,129.6334,0.0,-0.1803,129.6334,,,,,,,,,,,,0.1,0.1,0.1,0.1,0
18.84,-2.9495,0.7488,129.6334,0.0,-0.1803,129.6334,,,,,,,,,,,,0.1,0.1,0.1,0.1,0
18.86,-2.9518,0.7544,129.6475,0.0,-0.2095,129.6475,,,,,,,,,,,,0.1,0.1,0.1,0.1,0
18.88,-2.9518,0.7544,129.6475,0.0,-0.2095,129.6475,,,,,,,,,,,,0.1,0.1,0.1,0.1,0
18.9,-2.9518,0.7544,129.6475,0.0,-0.2095,129.6475,,,,,,,,,,,,0.1,0.1,0.1,0.1,0
18.92,-2.9518,0.7544,129.6475,0.0,-0.2095,129.6475,,,,,,,,,,,,0.1,0.1,0.1,0.1,0
18.94,-2.9518,0.7544,129.6475,0.0,-0.2095,129.6475,,,,,,,,,,,,0.1,0.1,0.1,0.1,0
18.96,-2.9478,0.7543,129.6089,0.0,-0.2244,129.6089,,,,,,,,,,,,0.1,0.1,0.1,0.1,0
18.98,-2.9478,0.7543,129.6089,0.0,-0.2244,129.6089,,,,,,,,,,,,0.1,0.1,0.1,0.1,0
19.0,-2.9478,0.7543,129.6089,0.0,-0.2244,129.6089,,,,,,,,,,,,0.1,0.1,0.1,0.1,0
19.02,-2.9478,0.7543,129.6089,0.0,-0.2244,129.6089,,,,,,,,,,,,0.1,0.1,0.1,0.1,0
19.04,-2.9478,0.7543,129.6089,0.0,-0.2244,129.6089,,,,,,,,,,,,0.1,0.1,0.1,0.1,0
19.06,-2.9391,0.7557,129.6154,0.0,-0.2321,129.6154,,,,,,,,,,,,0.1,0.1,0.1,0.1,0
19.08,-2.9391,0.7557,129.6154,0.0,-0.2321,129.6154,,,,,,,,,,,,0.1,0.1,0.1,0.1,0
19.1,-2.9391,0.7557,129.6154,0.0,-0.2321,129.6154,,,,,,,,,,,,0.1,0.1,0.1,0.1,0
19.12,-2.9391,0.7557,129.6154,0.0,-0.2321,129.6154,,,,,,,,,,,,0.1,0.1,0.1,0.1,0
19.14,-2.9391,0.7557,129.6154,0.0,-0.2321,129.6154,,,,,,,,,,,,0.1,0.1,0.1,0.1,0
19.16,-2.9267,0.7669,129.5688,0.0,-0.2359,129.5688,,,,,,,,,,,,0.1,0.1,0.1,0.1,0
19.18,-2.9267,0.7669,129.5688,0.0,-0.2359,129.5688,,,,,,,,,,,,0.1,0.1,0.1,0.1,0
19.2,-2.9267,0.7669,129.5688,0.0,-0.2359,129.5688,,,,,,,,,,,,0.1,0.1,0.1,0.1,0
19.22,-2.9267,0.7669,129.5688,0.0,-0.2359,129.5688,,,,,,,,,,,,0.1,0.1,0.1,0.1,0
19.24,-2.9267,0.7669,129.5688,0.0,-0.2359,129.5688,,,,,,,,,,,,0.1,0.1,0.1,0.1,0
19.26,-2.9376,0.7639,129.5602,0.0,-0.2379,129.5602,,,,,,,,,,,,0.1,0.1,0.1,0.1,0
19.28,-2.9376,0.7639,129.5602,0.0,-0.2379,129.5602,,,,,,,,,,,,0.1,0.1,0.1,0.1,0
19.3,-2.9376,0.7639,129.5602,0.0,-0.2379,129.5602,,,,,,,,,,,,0.1,0.1,0.1,0.1,0
19.32,-2.9376,0.7639,129.5602,0.0,-0.2379,129.5602,,,,,,,,,,,,0.1,0.1,0.1,0.1,0
19.34,-2.9376,0.7639,129.5602,0.0,-0.2379,129.5602,,,,,,,,,,,,0.1,0.1,0.1,0.1,0
19.36,-2.9416,0.7636,129.5262,0.0,-0.2389,129.5262,,,,,,,,,,,,0.1,0.1,0.1,0.1,0
19.38,-2.9416,0.7636,129.5262,0.0,-0.2389,129.5262,,,,,,,,,,,,0.1,0.1,0.1,0.1,0
19.4,-2.9416,0.7636,129.5262,0.0,-0.2389,129.5262,,,,,,,,,,,,0.1,0.1,0.1,0.1,0
19.42,-2.9416,0.7636,129.5262,0.0,-0.2389,129.5262,,,,,,,,,,,,0.1,0.1,0.1,0.1,0
19.44,-2.9416,0.7636,129.5262,0.0,-0.2389,129.5262,,,,,,,,,,,,0.1,0.1,0.1,0.1,0
19.46,-2.953,0.7756,129.5258,0.0,-0.2395,129.5258,,,,,,,,,,,,0.1,0.1,0.1,0.1,0
19.48,-2.953,0.7756,129.5258,0.0,-0.2395,129.5258,,,,,,,,,,,,0.1,0.1,0.1,0.1,0
19.5,-2.953,0.7756,129.5258,0.0,-0.2395,129.5258,,,,,,,,,,,,0.1,0.1,0.1,0.1,0
19.52,-2.953,0.7756,129.5258,0.0,-0.2395,129.5258,,,,,,,,,,,,0.1,0.1,0.1,0.1,0
19.54,-2.953,0.7756,129.5258,0.0,-0.2395,129.5258,,,,,,,,,,,,0.1,0.1,0.1,0.1,0
19.56,-2.9593,0.7892,129.5191,0.0,-0.2396,129.5191,,,,,,,,,,,,0.1,0.1,0.1,0.1,0
19.58,-2.9593,0.7892,129.5191,0.0,-0.2396,129.5191,,,,,,,,,,,,0.1,0.1,0.1,0.1,0
19.6,-2.9593,0.7892,129.5191,0.0,-0.2396,129.5191,,,,,,,,,,,,0.1,0.1,0.1,0.1,0
19.62,-2.9593,0.7892,129.5191,0.0,-0.2396,129.5191,,,,,,,,,,,,0.1,0.1,0.1,0.1,0
19.64,-2.9593,0.7892,129.5191,0.0,-0.2396,129.5191,,,,,,,,,,,,0.1,0.1,0.1,0.1,0
19.66,-2.9602,0.7963,129.5062,0.0,-0.2396,129.5062,,,,,,,,,,,,0.1,0.1,0.1,0.1,0
19.68,-2.9602,0.7963,129.5062,0.0,-0.2396,129.5062,,,,,,,,,,,,0.1,0.1,0.1,0.1,0
19.7,-2.9602,0.7963,129.5062,0.0,-0.2396,129.5062,,,,,,,,,,,,0.1,0.1,0.1,0.1,0
19.72,-2.9602,0.7963,129.5062,0.0,-0.2396,129.5062,,,,,,,,,,,,0.1,0.1,0.1,0.1,0
19.74,-2.9602,0.7963,129.5062,0.0,-0.2396,129.5062,,,,,,,,,,,,0.1,0.1,0.1,0.1,0
19.76,-2.9508,0.7921,129.4705,0.0,-0.2396,129.4705,,,,,,,,,,,,0.1,0.1,0.1,0.1,0
19.78,-2.9508,0.7921,129.4705,0.0,-0.2396,129.4705,,,,,,,,,,,,0.1,0.1,0.1,0.1,0
19.8,-2.9508,0.7921,129.4705,0.0,-0.2396,129.4705,,,,,,,,,,,,0.1,0.1,0.1,0.1,0
19.82,-2.9508,0.7921,129.4705,0.0,-0.2396,129.4705,,,,,,,,,,,,0.1,0.1,0.1,0.1,0
19.84,-2.9508,0.7921,129.4705,0.0,-0.2396,129.4705,,,,,,,,,,,,0.1,0.1,0.1,0.1,0
19.86,-2.9428,0.7854,129.4414,0.0,-0.2396,129.4414,,,,,,,,,,,,0.1,0.1,0.1,0.1,0
19.88,-2.9428,0.7854,129.4414,0.0,-0.2396,129.4414,,,,,,,,,,,,0.1,0.1,0.1,0.1,0
19.9,-2.9428,0.7854,129.4414,0.0,-0.2396,129.4414,,,,,,,,,,,,0.1,0.1,0.1,0.1,0
19.92,-2.9428,0.7854,129.4414,0.0,-0.2396,129.4414,,,,,,,,,,,,0.1,0.1,0.1,0.1,0
19.94,-2.9428,0.7854,129.4414,0.0,-0.2396,129.4414,,,,,,,,,,,,0.1,0.1,0.1,0.1,0
19.96,-2.9458,0.7911,129.4277,0.0,-0.2396,129.4277,,,,,,,,,,,,0.1,0.1,0.1,0.1,0
19.98,-2.9458,0.7911,129.4277,0.0,-0.2396,129.4277,,,,,,,,,,,,0.1,0.1,0.1,0.1,0
20.0,-2.9458,0.7911,129.4277,0.0,-0.2396,129.4277,,,,,,,,,,,,0.1,0.1,0.1,0.1,0
20.02,-2.9458,0.7911,129.4277,0.0,-0.2396,129.4277,,,,,,,,,,,,0.1,0.1,0.1,0.1,0
20.04,-2.9458,0.7911,129.4277,0.0,-0.2396,129.4277,,,,,,,,,,,,0.1,0.1,0.1,0.1,0
20.06,-2.9427,0.7866,129.418,0.0,-0.2396,129.418,,,,,,,,,,,,0.1,0.1,0.1,0.1,0
20.08,-2.9427,0.7866,129.418,0.0,-0.2396,129.418,,,,,,,,,,,,0.1,0.1,0.1,0.1,0
20.1,-2.9427,0.7866,129.418,0.0,-0.2396,129.418,,,,,,,,,,,,0.1,0.1,0.1,0.1,0
20.12,-2.9427,0.7866,129.418,0.0,-0.2396,129.418,,,,,,,,,,,,0.1,0.1,0.1,0.1,0
20.14,-2.9427,0.7866,129.418,0.0,-0.2396,129.418,,,,,,,,,,,,0.1,0.1,0.1,0.1,0
20.16,-2.946,0.8074,129.4209,0.0,-0.2396,129.4209,,,,,,,,,,,,0.1,0.1,0.1,0.1,0
20.18,-2.946,0.8074,129.4209,0.0,-0.2396,129.4209,,,,,,,,,,,,0.1,0.1,0.1,0.1,0
20.2,-2.946,0.8074,129.4209,0.0,-0.2396,129.4209,,,,,,,,,,,,0.1,0.1,0.1,0.1,0
20.22,-2.946,0.8074,129.4209,0.0,-0.2396,129.4209,,,,,,,,,,,,0.1,0.1,0.1,0.1,0
20.24,-2.946,0.8074,129.4209,0.0,-0.2396,129.4209,,,,,,,,,,,,0.1,0.1,0.1,0.1,0
20.26,-2.9607,0.8172,129.4028,0.0,-0.2396,129.4028,,,,,,,,,,,,0.1,0.1,0.1,0.1,0
20.28,-2.9607,0.8172,129.4028,0.0,-0.2396,129.4028,,,,,,,,,,,,0.1,0.1,0.1,0.1,0
20.3,-2.9607,0.8172,129.4028,0.0,-0.2396,129.4028,,,,,,,,,,,,0.1,0.1,0.1,0.1,0
20.32,-2.9607,0.8172,129.4028,0.0,-0.2396,129.4028,,,,,,,,,,,,0.1,0.1,0.1,0.1,0
20.34,-2.9607,0.8172,129.4028,0.0,-0.2396,129.4028,,,,,,,,,,,,0.1,0.1,0.1,0.1,0
20.36,-2.9562,0.8216,129.4038,0.0,-0.2396,129.4038,,,,,,,,,,,,0.1,0.1,0.1,0.1,0
20.38,-2.9562,0.8216,129.4038,0.0,-0.2396,129.4038,,,,,,,,,,,,0.1,0.1,0.1,0.1,0
20.4,-2.9562,0.8216,129.4038,0.0,-0.2396,129.4038,,,,,,,,,,,,0.1,0.1,0.1,0.1,0
20.42,-2.9562,0.8216,129.4038,0.0,-0.2396,129.4038,,,,,,,,,,,,0.1,0.1,0.1,0.1,0
20.44,-2.9562,0.8216,129.4038,0.0,-0.2396,129.4038,,,,,,,,,,,,0.1,0.1,0.1,0.1,0
20.46,-2.941,0.82,129.3801,0.0,-0.2396,129.3801,,,,,,,,,,,,0.1,0.1,0.1,0.1,0
20.48,-2.941,0.82,129.3801,0.0,-0.2396,129.3801,,,,,,,,,,,,0.1,0.1,0.1,0.1,0
20.5,-2.941,0.82,129.3801,0.0,-0.2396,129.3801,,,,,,,,,,,,0.1,0.1,0.1,0.1,0
20.52,-2.941,0.82,129.3801,0.0,-0.2396,129.3801,,,,,,,,,,,,0.1,0.1,0.1,0.1,0
20.54,-2.941,0.82,129.3801,0.0,-0.2396,129.3801,,,,,,,,,,,,0.1,0.1,0.1,0.1,0
20.56,-2.9382,0.8177,129.3697,0.0,-0.2396,129.3697,,,,,,,,,,,,0.1,0.1,0.1,0.1,0
20.58,-2.9382,0.8177,129.3697,0.0,-0.2396,129.3697,,,,,,,,,,,,0.1,0.1,0.1,0.1,0
20.6,-2.9382,0.8177,129.3697,0.0,-0.2396,129.3697,,,,,,,,,,,,0.1,0.1,0.1,0.1,0
20.62,-2.9382,0.8177,129.3697,0.0,-0.2396,129.3697,,,,,,,,,,,,0.1,0.1,0.1,0.1,0
20.64,-2.9382,0.8177,129.3697,0.0,-0.2396,129.3697,,,,,,,,,,,,0.1,0.1,0.1,0.1,0
20.66,-2.932,0.8225,129.3266,0.0,-0.2396,129.3266,,,,,,,,,,,,0.1,0.1,0.1,0.1,0
20.68,-2.932,0.8225,129.3266,0.0,-0.2396,129.3266,,,,,,,,,,,,0.1,0.1,0.1,0.1,0
20.7,-2.932,0.8225,129.3266,0.0,-0.2396,129.3266,,,,,,,,,,,,0.1,0.1,0.1,0.1,0
20.72,-2.932,0.8225,129.3266,0.0,-0.2396,129.3266,,,,,,,,,,,,0.1,0.1,0.1,0.1,0
20.74,-2.932,0.8225,129.3266,0.0,-0.2396,129.3266,,,,,,,,,,,,0.1,0.1,0.1,0.1,0
20.76,-2.9469,0.8229,129.3235,0.0,-0.2396,129.3235,,,,,,,,,,,,0.1,0.1,0.1,0.1,0
20.78,-2.9469,0.8229,129.3235,0.0,-0.2396,129.3235,,,,,,,,,,,,0.1,0.1,0.1,0.1,0
20.8,-2.9469,0.8229,129.3235,0.0,-0.2396,129.3235,,,,,,,,,,,,0.1,0.1,0.1,0.1,0
20.82,-2.9469,0.8229,129.3235,0.0,-0.2396,129.3235,,,,,,,,,,,,0.1,0.1,0.1,0.1,0
20.84,-2.9469,0.8229,129.3235,0.0,-0.2396,129.3235,,,,,,,,,,,,0.1,0.1,0.1,0.1,0
20.86,-2.9521,0.8291,129.2716,0.0,-0.2396,129.2717,,,,,,,,,,,,0.1,0.1,0.1,0.1,0
20.88,-2.9521,0.8291,129.2716,0.0,-0.2396,129.2717,,,,,,,,,,,,0.1,0.1,0.1,0.1,0
20.9,-2.9521,0.8291,129.2716,0.0,-0.2396,129.2717,,,,,,,,,,,,0.1,0.1,0.1,0.1,0
20.92,-2.9521,0.8291,129.2716,0.0,-0.2396,129.2717,,,,,,,,,,,,0.1,0.1,0.1,0.1,0
20.94,-2.9521,0.8291,129.2716,0.0,-0.2396,129.2717,,,,,,,,,,,,0.1,0.1,0.1,0.1,0
20.96,-2.9476,0.8359,129.2984,0.0,-0.2396,129.2984,,,,,,,,,,,,0.1,0.1,0.1,0.1,0
20.98,-2.9476,0.8359,129.2984,0.0,-0.2396,129.2984,,,,,,,,,,,,0.1,0.1,0.1,0.1,0
21.0,-2.9476,0.8359,129.2984,0.0,-0.2396,129.2984,,,,,,,,,,,,0.1,0.1,0.1,0.1,0
21.02,-2.9476,0.8359,129.2984,0.0,-0.2396,129.2984,,,,,,,,,,,,0.1,0.1,0.1,0.1,0
21.04,-2.9476,0.8359,129.2984,0.0,-0.2396,129.2984,,,,,,,,,,,,0.1,0.1,0.1,0.1,0
21.06,-2.9469,0.8406,129.2614,0.0,-0.2396,129.2614,,,,,,,,,,,,0.1,0.1,0.1,0.1,0
21.08,-2.9469,0.8406,129.2614,0.0,-0.2396,129.2614,,,,,,,,,,,,0.1,0.1,0.1,0.1,0
21.1,-2.9469,0.8406,129.2614,0.0,-0.2396,129.2614,,,,,,,,,,,,0.1,0.1,0.1,0.1,0
21.12,-2.9469,0.8406,129.2614,0.0,-0.2396,129.2614,,,,,,,,,,,,0.1,0.1,0.1,0.1,0
21.14,-2.9469,0.8406,129.2614,0.0,-0.2396,129.2614,,,,,,,,,,,,0.1,0.1,0.1,0.1,0
21.16,-2.9477,0.8499,129.2647,0.0,-0.2396,129.2647,,,,,,,,,,,,0.1,0.1,0.1,0.1,0
21.18,-2.9477,0.8499,129.2647,0.0,-0.2396,129.2647,,,,,,,,,,,,0.1,0.1,0.1,0.1,0
21.2,-2.9477,0.8499,129.2647,0.0,-0.2396,129.2647,,,,,,,,,,,,0.1,0.1,0.1,0.1,0
21.22,-2.9477,0.8499,129.2647,0.0,-0.2396,129.2647,,,,,,,,,,,,0.1,0.1,0.1,0.1,0
21.24,-2.9477,0.8499,129.2647,0.0,-0.2396,129.2647,,,,,,,,,,,,0.1,0.1,0.1,0.1,0
21.26,-2.9493,0.8638,129.2227,0.0,-0.2396,129.2227,,,,,,,,,,,,0.1,0.1,0.1,0.1,0
21.28,-2.9493,0.8638,129.2227,0.0,-0.2396,129.2227,,,,,,,,,,,,0.1,0.1,0.1,0.1,0
21.3,-2.9493,0.8638,129.2227,0.0,-0.2396,129.2227,,,,,,,,,,,,0.1,0.1,0.1,0.1,0
21.32,-2.9493,0.8638,129.2227,0.0,-0.2396,129.2227,,,,,,,,,,,,0.1,0.1,0.1,0.1,0
21.34,-2.9493,0.8638,129.2227,0.0,-0.2396,129.2227,,,,,,,,,,,,0.1,0.1,0.1,0.1,0
21.36,-2.9491,0.8585,129.2219,0.0,-0.2396,129.2219,,,,,,,,,,,,0.1,0.1,0.1,0.1,0
21.38,-2.9491,0.8585,129.2219,0.0,-0.2396,129.2219,,,,,,,,,,,,0.1,0.1,0.1,0.1,0
21.4,-2.9491,0.8585,129.2219,0.0,-0.2396,129.2219,,,,,,,,,,,,0.1,0.1,0.1,0.1,0
21.42,-2.9491,0.8585,129.2219,0.0,-0.2396,129.2219,,,,,,,,,,,,0.1,0.1,0.1,0.1,0
21.44,-2.9491,0.8585,129.2219,0.0,-0.2396,129.2219,,,,,,,,,,,,0.1,0.1,0.1,0.1,0
21.46,-2.9346,0.8504,129.2054,0.0,-0.2396,129.2054,,,,,,,,,,,,0.1,0.1,0.1,0.1,0
21.48,-2.9346,0.8504,129.2054,0.0,-0.2396,129.2054,,,,,,,,,,,,0.1,0.1,0.1,0.1,0
21.5,-2.9346,0.8504,129.2054,0.0,-0.2396,129.2054,,,,,,,,,,,,0.1,0.1,0.1,0.1,0
21.52,-2.9346,0.8504,129.2054,0.0,-0.2396,129.2054,,,,,,,,,,,,0.1,0.1,0.1,0.1,0
21.54,-2.9346,0.8504,129.2054,0.0,-0.2396,129.2054,,,,,,,,,,,,0.1,0.1,0.1,0.1,0
21.56,-2.9339,0.8574,129.2154,0.0,-0.2396,129.2154,,,,,,,,,,,,0.1,0.1,0.1,0.1,0
21.58,-2.9339,0.8574,129.2154,0.0,-0.2396,129.2154,,,,,,,,,,,,0.1,0.1,0.1,0.1,0
21.6,-2.9339,0.8574,129.2154,0.0,-0.2396,129.2154,,,,,,,,,,,,0.1,0.1,0.1,0.1,0
21.62,-2.9339,0.8574,129.2154,0.0,-0.2396,129.2154,,,,,,,,,,,,0.1,0.1,0.1,0.1,0
21.64,-2.9339,0.8574,129.2154,0.0,-0.2396,129.2154,,,,,,,,,,,,0.1,0.1,0.1,0.1,0
21.66,-2.9469,0.8644,129.1956,0.0,-0.2396,129.1956,,,,,,,,,,,,0.1,0.1,0.1,0.1,0
21.68,-2.9469,0.8644,129.1956,0.0,-0.2396,129.1956,,,,,,,,,,,,0.1,0.1,0.1,0.1,0
21.7,-2.9469,0.8644,129.1956,0.0,-0.2396,129.1956,,,,,,,,,,,,0.1,0.1,0.1,0.1,0
21.72,-2.9469,0.8644,129.1956,0.0,-0.2396,129.1956,,,,,,,,,,,,0.1,0.1,0.1,0.1,0
21.74,-2.9469,0.8644,129.1956,0.0,-0.2396,129.1956,,,,,,,,,,,,0.1,0.1,0.1,0.1,0
21.76,-2.9576,0.866,129.1892,0.0,-0.2396,129.1892,,,,,,,,,,,,0.1,0.1,0.1,0.1,0
21.78,-2.9576,0.866,129.1892,0.0,-0.2396,129.1892,,,,,,,,,,,,0.1,0.1,0.1,0.1,0
21.8,-2.9576,0.866,129.1892,0.0,-0.2396,129.1892,,,,,,,,,,,,0.1,0.1,0.1,0.1,0
21.82,-2.9576,0.866,129.1892,0.0,-0.2396,129.1892,,,,,,,,,,,,0.1,0.1,0.1,0.1,0
21.84,-2.9576,0.866,129.1892,0.0,-0.2396,129.1892,,,,,,,,,,,,0.1,0.1,0.1,0.1,0
21.86,-2.9584,0.8759,129.1786,0.0,-0.249,129.1786,,,,,,,,,,,,0.1,0.1,0.1,0.1,0
21.88,-2.9584,0.8759,129.1786,0.0,-0.249,129.1786,,,,,,,,,,,,0.1,0.1,0.1,0.1,0
21.9,-2.9584,0.8759,129.1786,0.0,-0.249,129.1786,,,,,,,,,,,,0.1,0.1,0.1,0.1,0
21.92,-2.9584,0.8759,129.1786,0.0,-0.249,129.1786,,,,,,,,,,,,0.1,0.1,0.1,0.1,0
21.94,-2.9584,0.8759,129.1786,0.0,-0.249,129.1786,,,,,,,,,,,,0.1,0.1,0.1,0.1,0
21.96,-2.947,0.872,129.1694,0.0,-0.2568,129.1694,,,,,,,,,,,,0.1,0.1,0.1,0.1,0
21.98,-2.947,0.872,129.1694,0.0,-0.2568,129.1694,,,,,,,,,,,,0.1,0.1,0.1,0.1,0
22.0,-2.947,0.872,129.1694,0.0,-0.2568,129.1694,,,,,,,,,,,,0.1,0.1,0.1,0.1,0
22.02,-2.947,0.872,129.1694,0.0,-0.2568,129.1694,,,,,,,,,,,,0.1,0.1,0.1,0.1,0
22.04,-2.947,0.872,129.1694,0.0,-0.2568,129.1694,,,,,,,,,,,,0.1,0.1,0.1,0.1,0
22.06,-2.9446,0.8839,129.1455,0.0,-0.2486,129.1455,,,,,,,,,,,,0.1,0.1,0.1,0.1,0
22.08,-2.9446,0.8839,129.1455,0.0,-0.2486,129.1455,,,,,,,,,,,,0.1,0.1,0.1,0.1,0
22.1,-2.9446,0.8839,129.1455,0.0,-0.2486,129.1455,,,,,,,,,,,,0.1,0.1,0.1,0.1,0
22.12,-2.9446,0.8839,129.1455,0.0,-0.2486,129.1455,,,,,,,,,,,,0.1,0.1,0.1,0.1,0
22.14,-2.9446,0.8839,129.1455,0.0,-0.2486,129.1455,,,,,,,,,,,,0.1,0.1,0.1,0.1,0
22.16,-2.9503,0.8902,129.1519,0.0,-0.2492,129.1519,,,,,,,,,,,,0.1,0.1,0.1,0.1,0
22.18,-2.9503,0.8902,129.1519,0.0,-0.2492,129.1519,,,,,,,,,,,,0.1,0.1,0.1,0.1,0
22.2,-2.9503,0.8902,129.1519,0.0,-0.2492,129.1519,,,,,,,,,,,,0.1,0.1,0.1,0.1,0
22.22,-2.9503,0.8902,129.1519,0.0,-0.2492,129.1519,,,,,,,,,,,,0.1,0.1,0.1,0.1,0
22.24,-2.9503,0.8902,129.1519,0.0,-0.2492,129.1519,,,,,,,,,,,,0.1,0.1,0.1,0.1,0
22.26,-2.954,0.8905,129.1314,0.0,-0.2973,129.1314,,,,,,,,,,,,0.1,0.1,0.1,0.1,0
22.28,-2.954,0.8905,129.1314,0.0,-0.2973,129.1314,,,,,,,,,,,,0.1,0.1,0.1,0.1,0
22.3,-2.954,0.8905,129.1314,0.0,-0.2973,129.1314,,,,,,,,,,,,0.1,0.1,0.1,0.1,0
22.32,-2.954,0.8905,129.1314,0.0,-0.2973,129.1314,,,,,,,,,,,,0.1,0.1,0.1,0.1,0
22.34,-2.954,0.8905,129.1314,0.0,-0.2973,129.1314,,,,,,,,,,,,0.1,0.1,0.1,0.1,0
22.36,-2.9492,0.895,129.1245,0.0,-0.2725,129.1245,,,,,,,,,,,,0.1,0.1,0.1,0.1,0
22.38,-2.9492,0.895,129.1245,0.0,-0.2725,129.1245,,,,,,,,,,,,0.1,0.1,0.1,0.1,0
22.4,-2.9492,0.895,129.1245,0.0,-0.2725,129.1245,,,,,,,,,,,,0.1,0.1,0.1,0.1,0
22.42,-2.9492,0.895,129.1245,0.0,-0.2725,129.1245,,,,,,,,,,,,0.1,0.1,0.1,0.1,0
22.44,-2.9492,0.895,129.1245,0.0,-0.2725,129.1245,,,,,,,,,,,,0.1,0.1,0.1,0.1,0
22.46,-2.9463,0.8866,129.096,0.0,-0.2566,129.096,,,,,,,,,,,,0.1,0.1,0.1,0.1,0
22.48,-2.9463,0.8866,129.096,0.0,-0.2566,129.096,,,,,,,,,,,,0.1,0.1,0.1,0.1,0
22.5,-2.9463,0.8866,129.096,0.0,-0.2566,129.096,,,,,,,,,,,,0.1,0.1,0.1,0.1,0
22.52,-2.9463,0.8866,129.096,0.0,-0.2566,129.096,,,,,,,,,,,,0.1,0.1,0.1,0.1,0
22.54,-2.9463,0.8866,129.096,0.0,-0.2566,129.096,,,,,,,,,,,,0.1,0.1,0.1,0.1,0
22.56,-2.9463,0.8753,129.1068,0.0,-0.2485,129.1068,,,,,,,,,,,,0.1,0.1,0.1,0.1,0
22.58,-2.9463,0.8753,129.1068,0.0,-0.2485,129.1068,,,,,,,,,,,,0.1,0.1,0.1,0.1,0
22.6,-2.9463,0.8753,129.1068,0.0,-0.2485,129.1068,,,,,,,,,,,,0.1,0.1,0.1,0.1,0
22.62,-2.9463,0.8753,129.1068,0.0,-0.2485,129.1068,,,,,,,,,,,,0.1,0.1,0.1,0.1,0
22.64,-2.9463,0.8753,129.1068,0.0,-0.2485,129.1068,,,,,,,,,,,,0.1,0.1,0.1,0.1,0
22.66,-2.9427,0.8798,129.0959,0.0,-0.2443,129.0959,,,,,,,,,,,,0.1,0.1,0.1,0.1,0
22.68,-2.9427,0.8798,129.0959,0.0,-0.2443,129.0959,,,,,,,,,,,,0.1,0.1,0.1,0.1,0
22.7,-2.9427,0.8798,129.0959,0.0,-0.2443,129.0959,,,,,,,,,,,,0.1,0.1,0.1,0.1,0
22.72,-2.9427,0.8798,129.0959,0.0,-0.2443,129.0959,,,,,,,,,,,,0.1,0.1,0.1,0.1,0
22.74,-2.9427,0.8798,129.0959,0.0,-0.2443,129.0959,,,,,,,,,,,,0.1,0.1,0.1,0.1,0
22.76,-2.9565,0.8969,129.0888,0.0,-0.2395,129.0888,,,,,,,,,,,,0.1,0.1,0.1,0.1,0
22.78,-2.9565,0.8969,129.0888,0.0,-0.2395,129.0888,,,,,,,,,,,,0.1,0.1,0.1,0.1,0
22.8,-2.9565,0.8969,129.0888,0.0,-0.2395,129.0888,,,,,,,,,,,,0.1,0.1,0.1,0.1,0
22.82,-2.9565,0.8969,129.0888,0.0,-0.2395,129.0888,,,,,,,,,,,,0.1,0.1,0.1,0.1,0
22.84,-2.9565,0.8969,129.0888,0.0,-0.2395,129.0888,,,,,,,,,,,,0.1,0.1,0.1,0.1,0
22.86,-2.9656,0.9046,129.0702,0.0,-0.2396,129.0702,,,,,,,,,,,,0.1,0.1,0.1,0.1,0
22.88,-2.9656,0.9046,129.0702,0.0,-0.2396,129.0702,,,,,,,,,,,,0.1,0.1,0.1,0.1,0
22.9,-2.9656,0.9046,129.0702,0.0,-0.2396,129.0702,,,,,,,,,,,,0.1,0.1,0.1,0.1,0
22.92,-2.9656,0.9046,129.0702,0.0,-0.2396,129.0702,,,,,,,,,,,,0.1,0.1,0.1,0.1,0
22.94,-2.9656,0.9046,129.0702,0.0,-0.2396,129.0702,,,,,,,,,,,,0.1,0.1,0.1,0.1,0
22.96,-2.9474,0.9096,129.0574,0.0,-0.1569,129.0574,,,,,,,,,,,,0.1,0.1,0.1,0.1,0
22.98,-2.9474,0.9096,129.0574,0.0,-0.1569,129.0574,,,,,,,,,,,,0.1,0.1,0.1,0.1,0
23.0,-2.9474,0.9096,129.0574,0.0,-0.1569,129.0574,,,,,,,,,,,,0.1,0.1,0.1,0.1,0
23.02,-2.9474,0.9096,129.0574,0.0,-0.1569,129.0574,,,,,,,,,,,,0.1,0.1,0.1,0.1,0
23.04,-2.9474,0.9096,129.0574,0.0,-0.1569,129.0574,,,,,,,,,,,,0.1,0.1,0.1,0.1,0
23.06,-2.9374,0.8988,129.0465,0.0,-0.1802,129.0465,,,,,,,,,,,,0.1,0.1,0.1,0.1,0
23.08,-2.9374,0.8988,129.0465,0.0,-0.1802,129.0465,,,,,,,,,,,,0.1,0.1,0.1,0.1,0
23.1,-2.9374,0.8988,129.0465,0.0,-0.1802,129.0465,,,,,,,,,,,,0.1,0.1,0.1,0.1,0
23.12,-2.9374,0.8988,129.0465,0.0,-0.1802,129.0465,,,,,,,,,,,,0.1,0.1,0.1,0.1,0
23.14,-2.9374,0.8988,129.0465,0.0,-0.1802,129.0465,,,,,,,,,,,,0.1,0.1,0.1,0.1,0
23.16,-2.9379,0.9056,129.0303,0.0,-0.2095,129.0303,,,,,,,,,,,,0.1,0.1,0.1,0.1,0
23.18,-2.9379,0.9056,129.0303,0.0,-0.2095,129.0303,,,,,,,,,,,,0.1,0.1,0.1,0.1,0
23.2,-2.9379,0.9056,129.0303,0.0,-0.2095,129.0303,,,,,,,,,,,,0.1,0.1,0.1,0.1,0
23.22,-2.9379,0.9056,129.0303,0.0,-0.2095,129.0303,,,,,,,,,,,,0.1,0.1,0.1,0.1,0
23.24,-2.9379,0.9056,129.0303,0.0,-0.2095,129.0303,,,,,,,,,,,,0.1,0.1,0.1,0.1,0
23.26,-2.9538,0.9002,129.0077,0.0,-0.2244,129.0077,,,,,,,,,,,,0.1,0.1,0.1,0.1,0
23.28,-2.9538,0.9002,129.0077,0.0,-0.2244,129.0077,,,,,,,,,,,,0.1,0.1,0.1,0.1,0
23.3,-2.9538,0.9002,129.0077,0.0,-0.2244,129.0077,,,,,,,,,,,,0.1,0.1,0.1,0.1,0
23.32,-2.9538,0.9002,129.0077,0.0,-0.2244,129.0077,,,,,,,,,,,,0.1,0.1,0.1,0.1,0
23.34,-2.9538,0.9002,129.0077,0.0,-0.2244,129.0077,,,,,,,,,,,,0.1,0.1,0.1,0.1,0
23.36,-2.9525,0.8984,129.0006,0.0,-0.232,129.0006,,,,,,,,,,,,0.1,0.1,0.1,0.1,0
23.38,-2.9525,0.8984,129.0006,0.0,-0.232,129.0006,,,,,,,,,,,,0.1,0.1,0.1,0.1,0
23.4,-2.9525,0.8984,129.0006,0.0,-0.232,129.0006,,,,,,,,,,,,0.1,0.1,0.1,0.1,0
23.42,-2.9525,0.8984,129.0006,0.0,-0.232,129.0006,,,,,,,,,,,,0.1,0.1,0.1,0.1,0
23.44,-2.9525,0.8984,129.0006,0.0,-0.232,129.0006,,,,,,,,,,,,0.1,0.1,0.1,0.1,0
23.46,-2.9467,0.9,128.9911,0.0,-0.2359,128.9911,,,,,,,,,,,,0.1,0.1,0.1,0.1,0
23.48,-2.9467,0.9,128.9911,0.0,-0.2359,128.9911,,,,,,,,,,,,0.1,0.1,0.1,0.1,0
23.5,-2.9467,0.9,128.9911,0.0,-0.2359,128.9911,,,,,,,,,,,,0.1,0.1,0.1,0.1,0
23.52,-2.9467,0.9,128.9911,0.0,-0.2359,128.9911,,,,,,,,,,,,0.1,0.1,0.1,0.1,0
23.54,-2.9467,0.9,128.9911,0.0,-0.2359,128.9911,,,,,,,,,,,,0.1,0.1,0.1,0.1,0
23.56,-2.9358,0.9128,128.9859,0.0,-0.2379,128.9859,,,,,,,,,,,,0.1,0.1,0.1,0.1,0
23.58,-2.9358,0.9128,128.9859,0.0,-0.2379,128.9859,,,,,,,,,,,,0.1,0.1,0.1,0.1,0
23.6,-2.9358,0.9128,128.9859,0.0,-0.2379,128.9859,,,,,,,,,,,,0.1,0.1,0.1,0.1,0
23.62,-2.9358,0.9128,128.9859,0.0,-0.2379,128.9859,,,,,,,,,,,,0.1,0.1,0.1,0.1,0
23.64,-2.9358,0.9128,128.9859,0.0,-0.2379,128.9859,,,,,,,,,,,,0.1,0.1,0.1,0.1,0
23.66,-2.9454,0.9127,128.9675,0.0,-0.2389,128.9675,,,,,,,,,,,,0.1,0.1,0.1,0.1,0
23.68,-2.9454,0.9127,128.9675,0.0,-0.2389,128.9675,,,,,,,,,,,,0.1,0.1,0.1,0.1,0
23.7,-2.9454,0.9127,128.9675,0.0,-0.2389,128.9675,,,,,,,,,,,,0.1,0.1,0.1,0.1,0
23.72,-2.9454,0.9127,128.9675,0.0,-0.2389,128.9675,,,,,,,,,,,,0.1,0.1,0.1,0.1,0
23.74,-2.9454,0.9127,128.9675,0.0,-0.2389,128.9675,,,,,,,,,,,,0.1,0.1,0.1,0.1,0
23.76,-2.9552,0.9261,128.9606,0.0,-0.2395,128.9606,,,,,,,,,,,,0.1,0.1,0.1,0.1,0
23.78,-2.9552,0.9261,128.9606,0.0,-0.2395,128.9606,,,,,,,,,,,,0.1,0.1,0.1,0.1,0
23.8,-2.9552,0.9261,128.9606,0.0,-0.2395,128.9606,,,,,,,,,,,,0.1,0.1,0.1,0.1,0
23.82,-2.9552,0.9261,128.9606,0.0,-0.2395,128.9606,,,,,,,,,,,,0.1,0.1,0.1,0.1,0
23.84,-2.9552,0.9261,128.9606,0.0,-0.2395,128.9606,,,,,,,,,,,,0.1,0.1,0.1,0.1,0
23.86,-2.9579,0.9318,128.9402,0.0,-0.2417,128.9402,,,,,,,,,,,,0.1,0.1,0.1,0.1,0
23.88,-2.9579,0.9318,128.9402,0.0,-0.2417,128.9402,,,,,,,,,,,,0.1,0.1,0.1,0.1,0
23.9,-2.9579,0.9318,128.9402,0.0,-0.2417,128.9402,,,,,,,,,,,,0.1,0.1,0.1,0.1,0
23.92,-2.9579,0.9318,128.9402,0.0,-0.2417,128.9402,,,,,,,,,,,,0.1,0.1,0.1,0.1,0
23.94,-2.9579,0.9318,128.9402,0.0,-0.2417,128.9402,,,,,,,,,,,,0.1,0.1,0.1,0.1,0
23.96,-2.9484,0.9221,128.9304,0.0,-0.2409,128.9304,,,,,,,,,,,,0.1,0.1,0.1,0.1,0
23.98,-2.9484,0.9221,128.9304,0.0,-0.2409,128.9304,,,,,,,,,,,,0.1,0.1,0.1,0.1,0
24.0,-2.9484,0.9221,128.9304,0.0,-0.2409,128.9304,,,,,,,,,,,,0.1,0.1,0.1,0.1,0
24.02,-2.9484,0.9221,128.9304,0.0,-0.2409,128.9304,,,,,,,,,,,,0.1,0.1,0.1,0.1,0
24.04,-2.9484,0.9221,128.9304,0.0,-0.2409,128.9304,,,,,,,,,,,,0.1,0.1,0.1,0.1,0
24.06,-2.9376,0.9176,128.9244,0.0,-0.2404,128.9245,,,,,,,,,,,,0.1,0.1,0.1,0.1,0
24.08,-2.9376,0.9176,128.9244,0.0,-0.2404,128.9245,,,,,,,,,,,,0.1,0.1,0.1,0.1,0
24.1,-2.9376,0.9176,128.9244,0.0,-0.2404,128.9245,,,,,,,,,,,,0.1,0.1,0.1,0.1,0
24.12,-2.9376,0.9176,128.9244,0.0,-0.2404,128.9245,,,,,,,,,,,,0.1,0.1,0.1,0.1,0
24.14,-2.9376,0.9176,128.9244,0.0,-0.2404,128.9245,,,,,,,,,,,,0.1,0.1,0.1,0.1,0
24.16,-2.9521,0.9232,128.9203,0.0,-0.2404,128.9203,,,,,,,,,,,,0.1,0.1,0.1,0.1,0
24.18,-2.9521,0.9232,128.9203,0.0,-0.2404,128.9203,,,,,,,,,,,,0.1,0.1,0.1,0.1,0
24.2,-2.9521,0.9232,128.9203,0.0,-0.2404,128.9203,,,,,,,,,,,,0.1,0.1,0.1,0.1,0
24.22,-2.9521,0.9232,128.9203,0.0,-0.2404,128.9203,,,,,,,,,,,,0.1,0.1,0.1,0.1,0
24.24,-2.9521,0.9232,128.9203,0.0,-0.2404,128.9203,,,,,,,,,,,,0.1,0.1,0.1,0.1,0
24.26,-2.9533,0.934,128.9075,0.0,-0.2404,128.9075,,,,,,,,,,,,0.1,0.1,0.1,0.1,0
24.28,-2.9533,0.934,128.9075,0.0,-0.2404,128.9075,,,,,,,,,,,,0.1,0.1,0.1,0.1,0
24.3,-2.9533,0.934,128.9075,0.0,-0.2404,128.9075,,,,,,,,,,,,0.1,0.1,0.1,0.1,0
24.32,-2.9533,0.934,128.9075,0.0,-0.2404,128.9075,,,,,,,,,,,,0.1,0.1,0.1,0.1,0
24.34,-2.9533,0.934,128.9075,0.0,-0.2404,128.9075,,,,,,,,,,,,0.1,0.1,0.1,0.1,0
24.36,-2.9566,0.9429,128.8892,0.0,-0.2404,128.8892,,,,,,,,,,,,0.1,0.1,0.1,0.1,0
24.38,-2.9566,0.9429,128.8892,0.0,-0.2404,128.8892,,,,,,,,,,,,0.1,0.1,0.1,0.1,0
24.4,-2.9566,0.9429,128.8892,0.0,-0.2404,128.8892,,,,,,,,,,,,0.1,0.1,0.1,0.1,0
24.42,-2.9566,0.9429,128.8892,0.0,-0.2404,128.8892,,,,,,,,,,,,0.1,0.1,0.1,0.1,0
24.44,-2.9566,0.9429,128.8892,0.0,-0.2404,128.8892,,,,,,,,,,,,0.1,0.1,0.1,0.1,0
24.46,-2.9449,0.941,128.8727,0.0,-0.2404,128.8726,,,,,,,,,,,,0.1,0.1,0.1,0.1,0
24.48,-2.9449,0.941,128.8727,0.0,-0.2404,128.8726,,,,,,,,,,,,0.1,0.1,0.1,0.1,0
24.5,-2.9449,0.941,128.8727,0.0,-0.2404,128.8726,,,,,,,,,,,,0.1,0.1,0.1,0.1,0
24.52,-2.9449,0.941,128.8727,0.0,-0.2404,128.8726,,,,,,,,,,,,0.1,0.1,0.1,0.1,0
24.54,-2.9449,0.941,128.8727,0.0,-0.2404,128.8726,,,,,,,,,,,,0.1,0.1,0.1,0.1,0
24.56,-2.9428,0.9327,128.8588,0.0,-0.2404,128.8588,,,,,,,,,,,,0.1,0.1,0.1,0.1,0
24.58,-2.9428,0.9327,128.8588,0.0,-0.2404,128.8588,,,,,,,,,,,,0.1,0.1,0.1,0.1,0
24.6,-2.9428,0.9327,128.8588,0.0,-0.2404,128.8588,,,,,,,,,,,,0.1,0.1,0.1,0.1,0
24.62,-2.9428,0.9327,128.8588,0.0,-0.2404,128.8588,,,,,,,,,,,,0.1,0.1,0.1,0.1,0
24.64,-2.9428,0.9327,128.8588,0.0,-0.2404,128.8588,,,,,,,,,,,,0.1,0.1,0.1,0.1,0
24.66,-2.9443,0.9278,128.8158,0.0,-0.2404,128.8158,,,,,,,,,,,,0.1,0.1,0.1,0.1,0
24.68,-2.9443,0.9278,128.8158,0.0,-0.2404,128.8158,,,,,,,,,,,,0.0,0.0,0.0,0.0,0
24.7,-2.9443,0.9278,128.8158,0.0,-0.2404,128.8158,,,,,,,,,,,,0.0,0.0,0.0,0.0,0
24.72,-2.9443,0.9278,128.8158,0.0,-0.2404,128.8158,,,,,,,,,,,,0.0,0.0,0.0,0.0,0
24.74,-2.9443,0.9278,128.8158,0.0,-0.2404,128.8158,,,,,,,,,,,,0.0,0.0,0.0,0.0,0
24.76,-2.9572,0.9337,128.8445,0.0,-0.2404,128.8446,,,,,,,,,,,,0.0,0.0,0.0,0.0,0
24.78,-2.9572,0.9337,128.8445,0.0,-0.2404,128.8446,,,,,,,,,,,,0.0,0.0,0.0,0.0,0
24.8,-2.9572,0.9337,128.8445,0.0,-0.2404,128.8446,,,,,,,,,,,,0.0,0.0,0.0,0.0,0
24.82,-2.9572,0.9337,128.8445,0.0,-0.2404,128.8446,,,,,,,,,,,,0.0,0.0,0.0,0.0,0
24.84,-2.9572,0.9337,128.8445,0.0,-0.2404,128.8446,,,,,,,,,,,,0.0,0.0,0.0,0.0,0
24.86,-2.9506,0.9342,128.7843,0.0,-0.2404,128.7843,,,,,,,,,,,,0.0,0.0,0.0,0.0,0
24.88,-2.9506,0.9342,128.7843,0.0,-0.2404,128.7843,,,,,,,,,,,,0.0,0.0,0.0,0.0,0
24.9,-2.9506,0.9342,128.7843,0.0,-0.2404,128.7843,,,,,,,,,,,,0.0,0.0,0.0,0.0,0
24.92,-2.9506,0.9342,128.7843,0.0,-0.2404,128.7843,,,,,,,,,,,,0.0,0.0,0.0,0.0,0
24.94,-2.9506,0.9342,128.7843,0.0,-0.2404,128.7843,,,,,,,,,,,,0.0,0.0,0.0,0.0,0
24.96,-2.942,0.94,128.8484,0.0,-0.2404,128.8484,,,,,,,,,,,,0.0,0.0,0.0,0.0,0
24.98,-2.942,0.94,128.8484,0.0,-0.2404,128.8484,,,,,,,,,,,,0.0,0.0,0.0,0.0,0
25.0,-2.942,0.94,128.8484,0.0,-0.2404,128.8484,,,,,,,,,,,,0.0,0.0,0.0,0.0,0
25.02,-2.942,0.94,128.8484,0.0,-0.2404,128.8484,,,,,,,,,,,,0.0,0.0,0.0,0.0,0
25.04,-2.942,0.94,128.8484,0.0,-0.2404,128.8484,,,,,,,,,,,,0.0,0.0,0.0,0.0,0
25.06,-2.9462,0.9462,128.8279,0.0,-0.2404,128.828,,,,,,,,,,,,0.0,0.0,0.0,0.0,0
25.08,-2.9462,0.9462,128.8279,0.0,-0.2404,128.828,,,,,,,,,,,,0.0,0.0,0.0,0.0,0
25.1,-2.9462,0.9462,128.8279,0.0,-0.2404,128.828,,,,,,,,,,,,0.0,0.0,0.0,0.0,0
25.12,-2.9462,0.9462,128.8279,0.0,-0.2404,128.828,,,,,,,,,,,,0.0,0.0,0.0,0.0,0
25.14,-2.9462,0.9462,128.8279,0.0,-0.2404,128.828,,,,,,,,,,,,0.0,0.0,0.0,0.0,0
25.16,-2.9386,0.9366,128.8768,0.0,-0.2404,128.8768,,,,,,,,,,,,0.0,0.0,0.0,0.0,0
25.18,-2.9386,0.9366,128.8768,0.0,-0.2404,128.8768,,,,,,,,,,,,0.0,0.0,0.0,0.0,0
25.2,-2.9386,0.9366,128.8768,0.0,-0.2404,128.8768,,,,,,,,,,,,0.0,0.0,0.0,0.0,0
25.22,-2.9386,0.9366,128.8768,0.0,-0.2404,128.8768,,,,,,,,,,,,0.0,0.0,0.0,0.0,0
25.24,-2.9386,0.9366,128.8768,0.0,-0.2404,128.8768,,,,,,,,,,,,0.0,0.0,0.0,0.0,0
25.26,-2.9314,0.9316,128.8739,0.0,-0.2404,128.8739,,,,,,,,,,,,0.0,0.0,0.0,0.0,0
25.28,-2.9314,0.9316,128.8739,0.0,-0.2404,128.8739,,,,,,,,,,,,0.0,0.0,0.0,0.0,0
25.3,-2.9314,0.9316,128.8739,0.0,-0.2404,128.8739,,,,,,,,,,,,0.0,0.0,0.0,0.0,0
25.32,-2.9314,0.9316,128.8739,0.0,-0.2404,128.8739,,,,,,,,,,,,0.0,0.0,0.0,0.0,0
25.34,-2.9314,0.9316,128.8739,0.0,-0.2404,128.8739,,,,,,,,,,,,0.0,0.0,0.0,0.0,0
25.36,-2.9389,0.9305,128.9244,0.0,-0.2404,128.9244,,,,,,,,,,,,0.0,0.0,0.0,0.0,0
25.38,-2.9389,0.9305,128.9244,0.0,-0.2404,128.9244,,,,,,,,,,,,0.0,0.0,0.0,0.0,0
25.4,-2.9389,0.9305,128.9244,0.0,-0.2404,128.9244,,,,,,,,,,,,0.0,0.0,0.0,0.0,0
25.42,-2.9389,0.9305,128.9244,0.0,-0.2404,128.9244,,,,,,,,,,,,0.0,0.0,0.0,0.0,0
25.44,-2.9389,0.9305,128.9244,0.0,-0.2404,128.9244,,,,,,,,,,,,0.0,0.0,0.0,0.0,0
25.46,-2.9459,0.9314,128.8753,0.0,-0.2404,128.8753,,,,,,,,,,,,0.0,0.0,0.0,0.0,0
25.48,-2.9459,0.9314,128.8753,0.0,-0.2404,128.8753,,,,,,,,,,,,0.0,0.0,0.0,0.0,0
25.5,-2.9459,0.9314,128.8753,0.0,-0.2404,128.8753,,,,,,,,,,,,0.0,0.0,0.0,0.0,0
25.52,-2.9459,0.9314,128.8753,0.0,-0.2404,128.8753,,,,,,,,,,,,0.0,0.0,0.0,0.0,0
25.54,-2.9459,0.9314,128.8753,0.0,-0.2404,128.8753,,,,,,,,,,,,0.0,0.0,0.0,0.0,0
25.56,-2.9423,0.9303,128.9701,0.0,-0.2404,128.9701,,,,,,,,,,,,0.0,0.0,0.0,0.0,0
25.58,-2.9423,0.9303,128.9701,0.0,-0.2404,128.9701,,,,,,,,,,,,0.0,0.0,0.0,0.0,0
25.6,-2.9423,0.9303,128.9701,0.0,-0.2404,128.9701,,,,,,,,,,,,0.0,0.0,0.0,0.0,0
25.62,-2.9423,0.9303,128.9701,0.0,-0.2404,128.9701,,,,,,,,,,,,0.0,0.0,0.0,0.0,0
25.64,-2.9423,0.9303,128.9701,0.0,-0.2404,128.9701,,,,,,,,,,,,0.0,0.0,0.0,0.0,0
25.66,-2.9469,0.9358,128.8983,0.0,-0.2404,128.8983,,,,,,,,,,,,0.0,0.0,0.0,0.0,0
25.68,-2.9469,0.9358,128.8983,0.0,-0.2404,128.8983,,,,,,,,,,,,0.0,0.0,0.0,0.0,0
25.7,-2.9469,0.9358,128.8983,0.0,-0.2404,128.8983,,,,,,,,,,,,0.0,0.0,0.0,0.0,0
25.72,-2.9469,0.9358,128.8983,0.0,-0.2404,128.8983,,,,,,,,,,,,0.0,0.0,0.0,0.0,0
25.74,-2.9469,0.9358,128.8983,0.0,-0.2404,128.8983,,,,,,,,,,,,0.0,0.0,0.0,0.0,0
25.76,-2.9431,0.9326,128.9803,0.0,-0.2404,128.9803,,,,,,,,,,,,0.0,0.0,0.0,0.0,0
25.78,-2.9431,0.9326,128.9803,0.0,-0.2404,128.9803,,,,,,,,,,,,0.0,0.0,0.0,0.0,0
25.8,-2.9431,0.9326,128.9803,0.0,-0.2404,128.9803,,,,,,,,,,,,0.0,0.0,0.0,0.0,0
25.82,-2.9431,0.9326,128.9803,0.0,-0.2404,128.9803,,,,,,,,,,,,0.0,0.0,0.0,0.0,0
25.84,-2.9431,0.9326,128.9803,0.0,-0.2404,128.9803,,,,,,,,,,,,0.0,0.0,0.0,0.0,0
25.86,-2.9426,0.9309,128.9191,0.0,-0.2404,128.9191,,,,,,,,,,,,0.0,0.0,0.0,0.0,0
25.88,-2.9426,0.9309,128.9191,0.0,-0.2404,128.9191,,,,,,,,,,,,0.0,0.0,0.0,0.0,0
25.9,-2.9426,0.9309,128.9191,0.0,-0.2404,128.9191,,,,,,,,,,,,0.0,0.0,0.0,0.0,0
25.92,-2.9426,0.9309,128.9191,0.0,-0.2404,128.9191,,,,,,,,,,,,0.0,0.0,0.0,0.0,0
25.94,-2.9426,0.9309,128.9191,0.0,-0.2404,128.9191,,,,,,,,,,,,0.0,0.0,0.0,0.0,0
25.96,-2.9374,0.9207,129.0005,0.0,-0.2404,129.0005,,,,,,,,,,,,0.0,0.0,0.0,0.0,0
25.98,-2.9374,0.9207,129.0005,0.0,-0.2404,129.0005,,,,,,,,,,,,0.0,0.0,0.0,0.0,0
26.0,-2.9374,0.9207,129.0005,0.0,-0.2404,129.0005,,,,,,,,,,,,0.0,0.0,0.0,0.0,0
26.02,-2.9374,0.9207,129.0005,0.0,-0.2404,129.0005,,,,,,,,,,,,0.0,0.0,0.0,0.0,0
26.04,-2.9374,0.9207,129.0005,0.0,-0.2404,129.0005,,,,,,,,,,,,0.0,0.0,0.0,0.0,0
26.06,-2.928,0.9138,128.9409,0.0,-0.2404,128.9409,,,,,,,,,,,,0.0,0.0,0.0,0.0,0
26.08,-2.928,0.9138,128.9409,0.0,-0.2404,128.9409,,,,,,,,,,,,0.0,0.0,0.0,0.0,0
26.1,-2.928,0.9138,128.9409,0.0,-0.2404,128.9409,,,,,,,,,,,,0.0,0.0,0.0,0.0,0
26.12,-2.928,0.9138,128.9409,0.0,-0.2404,128.9409,,,,,,,,,,,,0.0,0.0,0.0,0.0,0
26.14,-2.928,0.9138,128.9409,0.0,-0.2404,128.9409,,,,,,,,,,,,0.0,0.0,0.0,0.0,0
26.16,-2.9201,0.8972,129.0355,0.0,-0.2404,129.0355,,,,,,,,,,,,0.0,0.0,0.0,0.0,0
26.18,-2.9201,0.8972,129.0355,0.0,-0.2404,129.0355,,,,,,,,,,,,0.0,0.0,0.0,0.0,0
26.2,-2.9201,0.8972,129.0355,0.0,-0.2404,129.0355,,,,,,,,,,,,0.0,0.0,0.0,0.0,0
26.22,-2.9201,0.8972,129.0355,0.0,-0.2404,129.0355,,,,,,,,,,,,0.0,0.0,0.0,0.0,0
26.24,-2.9201,0.8972,129.0355,0.0,-0.2404,129.0355,,,,,,,,,,,,0.0,0.0,0.0,0.0,0
26.26,-2.9138,0.8925,128.968,0.0,-0.2404,128.968,,,,,,,,,,,,0.0,0.0,0.0,0.0,0
26.28,-2.9138,0.8925,128.968,0.0,-0.2404,128.968,,,,,,,,,,,,0.0,0.0,0.0,0.0,0
26.3,-2.9138,0.8925,128.968,0.0,-0.2404,128.968,,,,,,,,,,,,0.0,0.0,0.0,0.0,0
26.32,-2.9138,0.8925,128.968,0.0,-0.2404,128.968,,,,,,,,,,,,0.0,0.0,0.0,0.0,0
26.34,-2.9138,0.8925,128.968,0.0,-0.2404,128.968,,,,,,,,,,,,0.0,0.0,0.0,0.0,0
26.36,-2.9067,0.8787,129.0627,0.0,-0.2404,129.0627,,,,,,,,,,,,0.0,0.0,0.0,0.0,0
26.38,-2.9067,0.8787,129.0627,0.0,-0.2404,129.0627,,,,,,,,,,,,0.0,0.0,0.0,0.0,0
26.4,-2.9067,0.8787,129.0627,0.0,-0.2404,129.0627,,,,,,,,,,,,0.0,0.0,0.0,0.0,0
26.42,-2.9067,0.8787,129.0627,0.0,-0.2404,129.0627,,,,,,,,,,,,0.0,0.0,0.0,0.0,0
26.44,-2.9067,0.8787,129.0627,0.0,-0.2404,129.0627,,,,,,,,,,,,0.0,0.0,0.0,0.0,0
26.46,-2.8998,0.8709,128.9864,0.0,-0.2404,128.9864,,,,,,,,,,,,0.0,0.0,0.0,0.0,0
26.48,-2.8998,0.8709,128.9864,0.0,-0.2404,128.9864,,,,,,,,,,,,0.0,0.0,0.0,0.0,0
26.5,-2.8998,0.8709,128.9864,0.0,-0.2404,128.9864,,,,,,,,,,,,0.0,0.0,0.0,0.0,0
26.52,-2.8998,0.8709,128.9864,0.0,-0.2404,128.9864,,,,,,,,,,,,0.0,0.0,0.0,0.0,0
26.54,-2.8998,0.8709,128.9864,0.0,-0.2404,128.9864,,,,,,,,,,,,0.0,0.0,0.0,0.0,0
26.56,-2.896,0.8542,129.0758,0.0,-0.2404,129.0758,,,,,,,,,,,,0.0,0.0,0.0,0.0,0
26.58,-2.896,0.8542,129.0758,0.0,-0.2404,129.0758,,,,,,,,,,,,0.0,0.0,0.0,0.0,0
26.6,-2.896,0.8542,129.0758,0.0,-0.2404,129.0758,,,,,,,,,,,,0.0,0.0,0.0,0.0,0
26.62,-2.896,0.8542,129.0758,0.0,-0.2404,129.0758,,,,,,,,,,,,0.0,0.0,0.0,0.0,0
26.64,-2.896,0.8542,129.0758,0.0,-0.2404,129.0758,,,,,,,,,,,,0.0,0.0,0.0,0.0,0
26.66,-2.8877,0.8449,129.0021,0.0,-0.2404,129.0021,,,,,,,,,,,,0.0,0.0,0.0,0.0,0
26.68,-2.8877,0.8449,129.0021,0.0,-0.2404,129.0021,,,,,,,,,,,,0.0,0.0,0.0,0.0,0
26.7,-2.8877,0.8449,129.0021,0.0,-0.2404,129.0021,,,,,,,,,,,,0.0,0.0,0.0,0.0,0
26.72,-2.8877,0.8449,129.0021,0.0,-0.2404,129.0021,,,,,,,,,,,,0.0,0.0,0.0,0.0,0
26.74,-2.8877,0.8449,129.0021,0.0,-0.2404,129.0021,,,,,,,,,,,,0.0,0.0,0.0,0.0,0
26.76,-2.8787,0.829,129.0808,0.0,-0.2404,129.0808,,,,,,,,,,,,0.0,0.0,0.0,0.0,0
26.78,-2.8787,0.829,129.0808,0.0,-0.2404,129.0808,,,,,,,,,,,,0.0,0.0,0.0,0.0,0
26.8,-2.8787,0.829,129.0808,0.0,-0.2404,129.0808,,,,,,,,,,,,0.0,0.0,0.0,0.0,0
26.82,-2.8787,0.829,129.0808,0.0,-0.2404,129.0808,,,,,,,,,,,,0.0,0.0,0.0,0.0,0
26.84,-2.8787,0.829,129.0808,0.0,-0.2404,129.0808,,,,,,,,,,,,0.0,0.0,0.0,0.0,0
26.86,-2.871,0.8222,129.0187,0.0,-0.2404,129.0187,,,,,,,,,,,,0.0,0.0,0.0,0.0,0
26.88,-2.871,0.8222,129.0187,0.0,-0.2404,129.0187,,,,,,,,,,,,0.0,0.0,0.0,0.0,0
26.9,-2.871,0.8222,129.0187,0.0,-0.2404,129.0187,,,,,,,,,,,,0.0,0.0,0.0,0.0,0
26.92,-2.871,0.8222,129.0187,0.0,-0.2404,129.0187,,,,,,,,,,,,0.0,0.0,0.0,0.0,0
26.94,-2.871,0.8222,129.0187,0.0,-0.2404,129.0187,,,,,,,,,,,,0.0,0.0,0.0,0.0,0
26.96,-2.8605,0.8069,129.0881,0.0,-0.2404,129.0881,,,,,,,,,,,,0.0,0.0,0.0,0.0,0
26.98,-2.8605,0.8069,129.0881,0.0,-0.2404,129.0881,,,,,,,,,,,,0.0,0.0,0.0,0.0,0
27.0,-2.8605,0.8069,129.0881,0.0,-0.2404,129.0881,,,,,,,,,,,,0.0,0.0,0.0,0.0,0
27.02,-2.8605,0.8069,129.0881,0.0,-0.2404,129.0881,,,,,,,,,,,,0.0,0.0,0.0,0.0,0
27.04,-2.8605,0.8069,129.0881,0.0,-0.2404,129.0881,,,,,,,,,,,,0.0,0.0,0.0,0.0,0
27.06,-2.8504,0.7967,129.0336,0.0,-0.2404,129.0336,,,,,,,,,,,,0.0,0.0,0.0,0.0,0
27.08,-2.8504,0.7967,129.0336,0.0,-0.2404,129.0336,,,,,,,,,,,,0.0,0.0,0.0,0.0,0
27.1,-2.8504,0.7967,129.0336,0.0,-0.2404,129.0336,,,,,,,,,,,,0.0,0.0,0.0,0.0,0
27.12,-2.8504,0.7967,129.0336,0.0,-0.2404,129.0336,,,,,,,,,,,,0.0,0.0,0.0,0.0,0
27.14,-2.8504,0.7967,129.0336,0.0,-0.2404,129.0336,,,,,,,,,,,,0.0,0.0,0.0,0.0,0
27.16,-2.8439,0.7831,129.0965,0.0,-0.2404,129.0965,,,,,,,,,,,,0.0,0.0,0.0,0.0,0
27.18,-2.8439,0.7831,129.0965,0.0,-0.2404,129.0965,,,,,,,,,,,,0.0,0.0,0.0,0.0,0
27.2,-2.8439,0.7831,129.0965,0.0,-0.2404,129.0965,,,,,,,,,,,,0.0,0.0,0.0,0.0,0
27.22,-2.8439,0.7831,129.0965,0.0,-0.2404,129.0965,,,,,,,,,,,,0.0,0.0,0.0,0.0,0
27.24,-2.8439,0.7831,129.0965,0.0,-0.2404,129.0965,,,,,,,,,,,,0.0,0.0,0.0,0.0,0
27.26,-2.8354,0.7702,129.0505,0.0,-0.2404,129.0505,,,,,,,,,,,,0.0,0.0,0.0,0.0,0
27.28,-2.8354,0.7702,129.0505,0.0,-0.2404,129.0505,,,,,,,,,,,,0.0,0.0,0.0,0.0,0
27.3,-2.8354,0.7702,129.0505,0.0,-0.2404,129.0505,,,,,,,,,,,,0.0,0.0,0.0,0.0,0
27.32,-2.8354,0.7702,129.0505,0.0,-0.2404,129.0505,,,,,,,,,,,,0.0,0.0,0.0,0.0,0
27.34,-2.8354,0.7702,129.0505,0.0,-0.2404,129.0505,,,,,,,,,,,,0.0,0.0,0.0,0.0,0
27.36,-2.8292,0.7564,129.1079,0.0,-0.2404,129.1079,,,,,,,,,,,,0.0,0.0,0.0,0.0,0
27.38,-2.8292,0.7564,129.1079,0.0,-0.2404,129.1079,,,,,,,,,,,,0.0,0.0,0.0,0.0,0
27.4,-2.8292,0.7564,129.1079,0.0,-0.2404,129.1079,,,,,,,,,,,,0.0,0.0,0.0,0.0,0
27.42,-2.8292,0.7564,129.1079,0.0,-0.2404,129.1079,,,,,,,,,,,,0.0,0.0,0.0,0.0,0
27.44,-2.8292,0.7564,129.1079,0.0,-0.2404,129.1079,,,,,,,,,,,,0.0,0.0,0.0,0.0,0
27.46,-2.8228,0.7527,129.0681,0.0,-0.2404,129.0681,,,,,,,,,,,,0.0,0.0,0.0,0.0,0
27.48,-2.8228,0.7527,129.0681,0.0,-0.2404,129.0681,,,,,,,,,,,,0.0,0.0,0.0,0.0,0
27.5,-2.8228,0.7527,129.0681,0.0,-0.2404,129.0681,,,,,,,,,,,,0.0,0.0,0.0,0.0,0
27.52,-2.8228,0.7527,129.0681,0.0,-0.2404,129.0681,,,,,,,,,,,,0.0,0.0,0.0,0.0,0
27.54,-2.8228,0.7527,129.0681,0.0,-0.2404,129.0681,,,,,,,,,,,,0.0,0.0,0.0,0.0,0
27.56,-2.8199,0.7419,129.1152,0.0,-0.2404,129.1152,,,,,,,,,,,,0.0,0.0,0.0,0.0,0
27.58,-2.8199,0.7419,129.1152,0.0,-0.2404,129.1152,,,,,,,,,,,,0.0,0.0,0.0,0.0,0
27.6,-2.8199,0.7419,129.1152,0.0,-0.2404,129.1152,,,,,,,,,,,,0.0,0.0,0.0,0.0,0
27.62,-2.8199,0.7419,129.1152,0.0,-0.2404,129.1152,,,,,,,,,,,,0.0,0.0,0.0,0.0,0
27.64,-2.8199,0.7419,129.1152,0.0,-0.2404,129.1152,,,,,,,,,,,,0.0,0.0,0.0,0.0,0
27.66,-2.8132,0.7361,129.0895,0.0,-0.2404,129.0895,,,,,,,,,,,,0.0,0.0,0.0,0.0,0
27.68,-2.8132,0.7361,129.0895,0.0,-0.2404,129.0895,,,,,,,,,,,,0.0,0.0,0.0,0.0,0
27.7,-2.8132,0.7361,129.0895,0.0,-0.2404,129.0895,,,,,,,,,,,,0.0,0.0,0.0,0.0,0
27.72,-2.8132,0.7361,129.0895,0.0,-0.2404,129.0895,,,,,,,,,,,,0.0,0.0,0.0,0.0,0
27.74,-2.8132,0.7361,129.0895,0.0,-0.2404,129.0895,,,,,,,,,,,,0.0,0.0,0.0,0.0,0
27.76,-2.8098,0.7275,129.1302,0.0,-0.2027,129.1302,,,,,,,,,,,,0.0,0.0,0.0,0.0,0
27.78,-2.8098,0.7275,129.1302,0.0,-0.2027,129.1302,,,,,,,,,,,,0.0,0.0,0.0,0.0,0
27.8,-2.8098,0.7275,129.1302,0.0,-0.2027,129.1302,,,,,,,,,,,,0.0,0.0,0.0,0.0,0
27.82,-2.8098,0.7275,129.1302,0.0,-0.2027,129.1302,,,,,,,,,,,,0.0,0.0,0.0,0.0,0
27.84,-2.8098,0.7275,129.1302,0.0,-0.2027,129.1302,,,,,,,,,,,,0.0,0.0,0.0,0.0,0
27.86,-2.8037,0.7215,129.1134,0.0,-0.2209,129.1134,,,,,,,,,,,,0.0,0.0,0.0,0.0,0
27.88,-2.8037,0.7215,129.1134,0.0,-0.2209,129.1134,,,,,,,,,,,,0.0,0.0,0.0,0.0,0
27.9,-2.8037,0.7215,129.1134,0.0,-0.2209,129.1134,,,,,,,,,,,,0.0,0.0,0.0,0.0,0
27.92,-2.8037,0.7215,129.1134,0.0,-0.2209,129.1134,,,,,,,,,,,,0.0,0.0,0.0,0.0,0
27.94,-2.8037,0.7215,129.1134,0.0,-0.2209,129.1134,,,,,,,,,,,,0.0,0.0,0.0,0.0,0
27.96,-2.798,0.7159,129.1427,0.0,-0.2303,129.1427,,,,,,,,,,,,0.0,0.0,0.0,0.0,0
27.98,-2.798,0.7159,129.1427,0.0,-0.2303,129.1427,,,,,,,,,,,,0.0,0.0,0.0,0.0,0
28.0,-2.798,0.7159,129.1427,0.0,-0.2303,129.1427,,,,,,,,,,,,0.0,0.0,0.0,0.0,0
28.02,-2.798,0.7159,129.1427,0.0,-0.2303,129.1427,,,,,,,,,,,,0.0,0.0,0.0,0.0,0
28.04,-2.798,0.7159,129.1427,0.0,-0.2303,129.1427,,,,,,,,,,,,0.0,0.0,0.0,0.0,0
28.06,-2.7942,0.7126,129.1304,0.0,-0.235,129.1304,,,,,,,,,,,,0.0,0.0,0.0,0.0,0
28.08,-2.7942,0.7126,129.1304,0.0,-0.235,129.1304,,,,,,,,,,,,0.0,0.0,0.0,0.0,0
28.1,-2.7942,0.7126,129.1304,0.0,-0.235,129.1304,,,,,,,,,,,,0.0,0.0,0.0,0.0,0
28.12,-2.7942,0.7126,129.1304,0.0,-0.235,129.1304,,,,,,,,,,,,0.0,0.0,0.0,0.0,0
28.14,-2.7942,0.7126,129.1304,0.0,-0.235,129.1304,,,,,,,,,,,,0.0,0.0,0.0,0.0,0
28.16,-2.7864,0.7063,129.1516,0.0,-0.2375,129.1516,,,,,,,,,,,,0.0,0.0,0.0,0.0,0
28.18,-2.7864,0.7063,129.1516,0.0,-0.2375,129.1516,,,,,,,,,,,,0.0,0.0,0.0,0.0,0
28.2,-2.7864,0.7063,129.1516,0.0,-0.2375,129.1516,,,,,,,,,,,,0.0,0.0,0.0,0.0,0
28.22,-2.7864,0.7063,129.1516,0.0,-0.2375,129.1516,,,,,,,,,,,,0.0,0.0,0.0,0.0,0
28.24,-2.7864,0.7063,129.1516,0.0,-0.2375,129.1516,,,,,,,,,,,,0.0,0.0,0.0,0.0,0
28.26,-2.7839,0.7015,129.1438,0.0,-0.2387,129.1438,,,,,,,,,,,,0.0,0.0,0.0,0.0,0
28.28,-2.7839,0.7015,129.1438,0.0,-0.2387,129.1438,,,,,,,,,,,,0.0,0.0,0.0,0.0,0
28.3,-2.7839,0.7015,129.1438,0.0,-0.2387,129.1438,,,,,,,,,,,,0.0,0.0,0.0,0.0,0
28.32,-2.7839,0.7015,129.1438,0.0,-0.2387,129.1438,,,,,,,,,,,,0.0,0.0,0.0,0.0,0
28.34,-2.7839,0.7015,129.1438,0.0,-0.2387,129.1438,,,,,,,,,,,,0.0,0.0,0.0,0.0,0
28.36,-2.7818,0.6987,129.1599,0.0,-0.2393,129.1599,,,,,,,,,,,,0.0,0.0,0.0,0.0,0
28.38,-2.7818,0.6987,129.1599,0.0,-0.2393,129.1599,,,,,,,,,,,,0.0,0.0,0.0,0.0,0
28.4,-2.7818,0.6987,129.1599,0.0,-0.2393,129.1599,,,,,,,,,,,,0.0,0.0,0.0,0.0,0
28.42,-2.7818,0.6987,129.1599,0.0,-0.2393,129.1599,,,,,,,,,,,,0.0,0.0,0.0,0.0,0
28.44,-2.7818,0.6987,129.1599,0.0,-0.2393,129.1599,,,,,,,,,,,,0.0,0.0,0.0,0.0,0
28.46,-2.7793,0.6967,129.1641,0.0,-0.2396,129.1641,,,,,,,,,,,,0.0,0.0,0.0,0.0,0
28.48,-2.7793,0.6967,129.1641,0.0,-0.2396,129.1641,,,,,,,,,,,,0.0,0.0,0.0,0.0,0
28.5,-2.7793,0.6967,129.1641,0.0,-0.2396,129.1641,,,,,,,,,,,,0.0,0.0,0.0,0.0,0
28.52,-2.7793,0.6967,129.1641,0.0,-0.2396,129.1641,,,,,,,,,,,,0.0,0.0,0.0,0.0,0
28.54,-2.7793,0.6967,129.1641,0.0,-0.2396,129.1641,,,,,,,,,,,,0.0,0.0,0.0,0.0,0
28.56,-2.7746,0.6971,129.1693,0.0,-0.2396,129.1693,,,,,,,,,,,,0.0,0.0,0.0,0.0,0
28.58,-2.7746,0.6971,129.1693,0.0,-0.2396,129.1693,,,,,,,,,,,,0.0,0.0,0.0,0.0,0
28.6,-2.7746,0.6971,129.1693,0.0,-0.2396,129.1693,,,,,,,,,,,,0.0,0.0,0.0,0.0,0
28.62,-2.7746,0.6971,129.1693,0.0,-0.2396,129.1693,,,,,,,,,,,,0.0,0.0,0.0,0.0,0
28.64,-2.7746,0.6971,129.1693,0.0,-0.2396,129.1693,,,,,,,,,,,,0.0,0.0,0.0,0.0,0
28.66,-2.7668,0.6965,129.1756,0.0,-0.2396,129.1756,,,,,,,,,,,,0.0,0.0,0.0,0.0,0
28.68,-2.7668,0.6965,129.1756,0.0,-0.2396,129.1756,,,,,,,,,,,,0.0,0.0,0.0,0.0,0
28.7,-2.7668,0.6965,129.1756,0.0,-0.2396,129.1756,,,,,,,,,,,,0.0,0.0,0.0,0.0,0
28.72,-2.7668,0.6965,129.1756,0.0,-0.2396,129.1756,,,,,,,,,,,,0.0,0.0,0.0,0.0,0
28.74,-2.7668,0.6965,129.1756,0.0,-0.2396,129.1756,,,,,,,,,,,,0.0,0.0,0.0,0.0,0
28.76,-2.7638,0.694,129.1759,0.0,-0.2396,129.1759,,,,,,,,,,,,0.0,0.0,0.0,0.0,0
28.78,-2.7638,0.694,129.1759,0.0,-0.2396,129.1759,,,,,,,,,,,,0.0,0.0,0.0,0.0,0
28.8,-2.7638,0.694,129.1759,0.0,-0.2396,129.1759,,,,,,,,,,,,0.0,0.0,0.0,0.0,0
28.82,-2.7638,0.694,129.1759,0.0,-0.2396,129.1759,,,,,,,,,,,,0.0,0.0,0.0,0.0,0
28.84,-2.7638,0.694,129.1759,0.0,-0.2396,129.1759,,,,,,,,,,,,0.0,0.0,0.0,0.0,0
28.86,-2.7583,0.692,129.1917,0.0,-0.2396,129.1917,,,,,,,,,,,,0.0,0.0,0.0,0.0,0
28.88,-2.7583,0.692,129.1917,0.0,-0.2396,129.1917,,,,,,,,,,,,0.0,0.0,0.0,0.0,0
28.9,-2.7583,0.692,129.1917,0.0,-0.2396,129.1917,,,,,,,,,,,,0.0,0.0,0.0,0.0,0
28.92,-2.7583,0.692,129.1917,0.0,-0.2396,129.1917,,,,,,,,,,,,0.0,0.0,0.0,0.0,0
28.94,-2.7583,0.692,129.1917,0.0,-0.2396,129.1917,,,,,,,,,,,,0.0,0.0,0.0,0.0,0
28.96,-2.7539,0.6919,129.1906,0.0,-0.2396,129.1906,,,,,,,,,,,,0.0,0.0,0.0,0.0,0
28.98,-2.7539,0.6919,129.1906,0.0,-0.2396,129.1906,,,,,,,,,,,,0.0,0.0,0.0,0.0,0
29.0,-2.7539,0.6919,129.1906,0.0,-0.2396,129.1906,,,,,,,,,,,,0.0,0.0,0.0,0.0,0
29.02,-2.7539,0.6919,129.1906,0.0,-0.2396,129.1906,,,,,,,,,,,,0.0,0.0,0.0,0.0,0
29.04,-2.7539,0.6919,129.1906,0.0,-0.2396,129.1906,,,,,,,,,,,,0.0,0.0,0.0,0.0,0
29.06,-2.7458,0.6908,129.2113,0.0,-0.2396,129.2113,,,,,,,,,,,,0.0,0.0,0.0,0.0,0
29.08,-2.7458,0.6908,129.2113,0.0,-0.2396,129.2113,,,,,,,,,,,,0.0,0.0,0.0,0.0,0
29.1,-2.7458,0.6908,129.2113,0.0,-0.2396,129.2113,,,,,,,,,,,,0.0,0.0,0.0,0.0,0
29.12,-2.7458,0.6908,129.2113,0.0,-0.2396,129.2113,,,,,,,,,,,,0.0,0.0,0.0,0.0,0
29.14,-2.7458,0.6908,129.2113,0.0,-0.2396,129.2113,,,,,,,,,,,,0.0,0.0,0.0,0.0,0
29.16,-2.7408,0.6885,129.2033,0.0,-0.2396,129.2033,,,,,,,,,,,,0.0,0.0,0.0,0.0,0
29.18,-2.7408,0.6885,129.2033,0.0,-0.2396,129.2033,,,,,,,,,,,,0.0,0.0,0.0,0.0,0
29.2,-2.7408,0.6885,129.2033,0.0,-0.2396,129.2033,,,,,,,,,,,,0.0,0.0,0.0,0.0,0
29.22,-2.7408,0.6885,129.2033,0.0,-0.2396,129.2033,,,,,,,,,,,,0.0,0.0,0.0,0.0,0
29.24,-2.7408,0.6885,129.2033,0.0,-0.2396,129.2033,,,,,,,,,,,,0.0,0.0,0.0,0.0,0
29.26,-2.7373,0.6879,129.2184,0.0,-0.2396,129.2184,,,,,,,,,,,,0.0,0.0,0.0,0.0,0
29.28,-2.7373,0.6879,129.2184,0.0,-0.2396,129.2184,,,,,,,,,,,,0.0,0.0,0.0,0.0,0
29.3,-2.7373,0.6879,129.2184,0.0,-0.2396,129.2184,,,,,,,,,,,,0.0,0.0,0.0,0.0,0
29.32,-2.7373,0.6879,129.2184,0.0,-0.2396,129.2184,,,,,,,,,,,,0.0,0.0,0.0,0.0,0
29.34,-2.7373,0.6879,129.2184,0.0,-0.2396,129.2184,,,,,,,,,,,,0.0,0.0,0.0,0.0,0
29.36,-2.7362,0.6894,129.2079,0.0,-0.2396,129.2079,,,,,,,,,,,,0.0,0.0,0.0,0.0,0
29.38,-2.7362,0.6894,129.2079,0.0,-0.2396,129.2079,,,,,,,,,,,,0.0,0.0,0.0,0.0,0
29.4,-2.7362,0.6894,129.2079,0.0,-0.2396,129.2079,,,,,,,,,,,,0.0,0.0,0.0,0.0,0
29.42,-2.7362,0.6894,129.2079,0.0,-0.2396,129.2079,,,,,,,,,,,,0.0,0.0,0.0,0.0,0
29.44,-2.7362,0.6894,129.2079,0.0,-0.2396,129.2079,,,,,,,,,,,,0.0,0.0,0.0,0.0,0
29.46,-2.7313,0.6883,129.2248,0.0,-0.2396,129.2248,,,,,,,,,,,,0.0,0.0,0.0,0.0,0
29.48,-2.7313,0.6883,129.2248,0.0,-0.2396,129.2248,,,,,,,,,,,,0.0,0.0,0.0,0.0,0
29.5,-2.7313,0.6883,129.2248,0.0,-0.2396,129.2248,,,,,,,,,,,,0.0,0.0,0.0,0.0,0
29.52,-2.7313,0.6883,129.2248,0.0,-0.2396,129.2248,,,,,,,,,,,,0.0,0.0,0.0,0.0,0
29.54,-2.7313,0.6883,129.2248,0.0,-0.2396,129.2248,,,,,,,,,,,,0.0,0.0,0.0,0.0,0
29.56,-2.7295,0.6888,129.2097,0.0,-0.2396,129.2097,,,,,,,,,,,,0.0,0.0,0.0,0.0,0
29.58,-2.7295,0.6888,129.2097,0.0,-0.2396,129.2097,,,,,,,,,,,,0.0,0.0,0.0,0.0,0
29.6,-2.7295,0.6888,129.2097,0.0,-0.2396,129.2097,,,,,,,,,,,,0.0,0.0,0.0,0.0,0
29.62,-2.7295,0.6888,129.2097,0.0,-0.2396,129.2097,,,,,,,,,,,,0.0,0.0,0.0,0.0,0
29.64,-2.7295,0.6888,129.2097,0.0,-0.2396,129.2097,,,,,,,,,,,,0.0,0.0,0.0,0.0,0
29.66,-2.7264,0.6864,129.2293,0.0,-0.2396,129.2293,,,,,,,,,,,,0.0,0.0,0.0,0.0,0
29.68,-2.7264,0.6864,129.2293,0.0,-0.2396,129.2293,,,,,,,,,,,,0.0,0.0,0.0,0.0,0
29.7,-2.7264,0.6864,129.2293,0.0,-0.2396,129.2293,,,,,,,,,,,,0.0,0.0,0.0,0.0,0
29.72,-2.7264,0.6864,129.2293,0.0,-0.2396,129.2293,,,,,,,,,,,,0.0,0.0,0.0,0.0,0
29.74,-2.7264,0.6864,129.2293,0.0,-0.2396,129.2293,,,,,,,,,,,,0.0,0.0,0.0,0.0,0
29.76,-2.7251,0.689,129.221,0.0,-0.2396,129.221,,,,,,,,,,,,0.0,0.0,0.0,0.0,0
29.78,-2.7251,0.689,129.221,0.0,-0.2396,129.221,,,,,,,,,,,,0.0,0.0,0.0,0.0,0
29.8,-2.7251,0.689,129.221,0.0,-0.2396,129.221,,,,,,,,,,,,0.0,0.0,0.0,0.0,0
29.82,-2.7251,0.689,129.221,0.0,-0.2396,129.221,,,,,,,,,,,,0.0,0.0,0.0,0.0,0
29.84,-2.7251,0.689,129.221,0.0,-0.2396,129.221,,,,,,,,,,,,0.0,0.0,0.0,0.0,0
29.86,-2.7246,0.6914,129.2417,0.0,-0.2396,129.2417,,,,,,,,,,,,0.0,0.0,0.0,0.0,0
29.88,-2.7246,0.6914,129.2417,0.0,-0.2396,129.2417,,,,,,,,,,,,0.0,0.0,0.0,0.0,0
29.9,-2.7246,0.6914,129.2417,0.0,-0.2396,129.2417,,,,,,,,,,,,0.0,0.0,0.0,0.0,0
29.92,-2.7246,0.6914,129.2417,0.0,-0.2396,129.2417,,,,,,,,,,,,0.0,0.0,0.0,0.0,0
29.94,-2.7246,0.6914,129.2417,0.0,-0.2396,129.2417,,,,,,,,,,,,0.0,0.0,0.0,0.0,0
29.96,-2.7246,0.6904,129.236,0.0,-0.2396,129.236,,,,,,,,,,,,0.0,0.0,0.0,0.0,0
29.98,-2.7246,0.6904,129.236,0.0,-0.2396,129.236,,,,,,,,,,,,0.0,0.0,0.0,0.0,0
30.0,-2.7246,0.6904,129.236,0.0,-0.2396,129.236,,,,,,,,,,,,0.0,0.0,0.0,0.0,0
30.02,-2.7246,0.6904,129.236,0.0,-0.2396,129.236,,,,,,,,,,,,0.0,0.0,0.0,0.0,0
30.04,-2.7246,0.6904,129.236,0.0,-0.2396,129.236,,,,,,,,,,,,0.0,0.0,0.0,0.0,0
30.06,-2.7221,0.6922,129.2568,0.0,-0.2396,129.2568,,,,,,,,,,,,0.0,0.0,0.0,0.0,0
30.08,-2.7221,0.6922,129.2568,0.0,-0.2396,129.2568,,,,,,,,,,,,0.0,0.0,0.0,0.0,0
30.1,-2.7221,0.6922,129.2568,0.0,-0.2396,129.2568,,,,,,,,,,,,0.0,0.0,0.0,0.0,0
30.12,-2.7221,0.6922,129.2568,0.0,-0.2396,129.2568,,,,,,,,,,,,0.0,0.0,0.0,0.0,0
30.14,-2.7221,0.6922,129.2568,0.0,-0.2396,129.2568,,,,,,,,,,,,0.0,0.0,0.0,0.0,0
30.16,-2.7192,0.6907,129.2503,0.0,-0.2396,129.2503,,,,,,,,,,,,0.0,0.0,0.0,0.0,0
30.18,-2.7192,0.6907,129.2503,0.0,-0.2396,129.2503,,,,,,,,,,,,0.0,0.0,0.0,0.0,0
30.2,-2.7192,0.6907,129.2503,0.0,-0.2396,129.2503,,,,,,,,,,,,0.0,0.0,0.0,0.0,0
30.22,-2.7192,0.6907,129.2503,0.0,-0.2396,129.2503,,,,,,,,,,,,0.0,0.0,0.0,0.0,0
30.24,-2.7192,0.6907,129.2503,0.0,-0.2396,129.2503,,,,,,,,,,,,0.0,0.0,0.0,0.0,0
30.26,-2.7166,0.6843,129.2648,0.0,-0.2396,129.2648,,,,,,,,,,,,0.0,0.0,0.0,0.0,0
30.28,-2.7166,0.6843,129.2648,0.0,-0.2396,129.2648,,,,,,,,,,,,0.0,0.0,0.0,0.0,0
30.3,-2.7166,0.6843,129.2648,0.0,-0.2396,129.2648,,,,,,,,,,,,0.0,0.0,0.0,0.0,0
30.32,-2.7166,0.6843,129.2648,0.0,-0.2396,129.2648,,,,,,,,,,,,0.0,0.0,0.0,0.0,0
30.34,-2.7166,0.6843,129.2648,0.0,-0.2396,129.2648,,,,,,,,,,,,0.0,0.0,0.0,0.0,0
30.36,-2.7138,0.6848,129.2613,0.0,-0.2416,129.2613,,,,,,,,,,,,0.0,0.0,0.0,0.0,0
30.38,-2.7138,0.6848,129.2613,0.0,-0.2416,129.2613,,,,,,,,,,,,0.0,0.0,0.0,0.0,0
30.4,-2.7138,0.6848,129.2613,0.0,-0.2416,129.2613,,,,,,,,,,,,0.0,0.0,0.0,0.0,0
30.42,-2.7138,0.6848,129.2613,0.0,-0.2416,129.2613,,,,,,,,,,,,0.0,0.0,0.0,0.0,0
30.44,-2.7138,0.6848,129.2613,0.0,-0.2416,129.2613,,,,,,,,,,,,0.0,0.0,0.0,0.0,0
30.46,-2.7112,0.6866,129.272,0.0,-0.2702,129.272,,,,,,,,,,,,0.0,0.0,0.0,0.0,0
30.48,-2.7112,0.6866,129.272,0.0,-0.2702,129.272,,,,,,,,,,,,0.0,0.0,0.0,0.0,0
30.5,-2.7112,0.6866,129.272,0.0,-0.2702,129.272,,,,,,,,,,,,0.0,0.0,0.0,0.0,0
30.52,-2.7112,0.6866,129.272,0.0,-0.2702,129.272,,,,,,,,,,,,0.0,0.0,0.0,0.0,0
30.54,-2.7112,0.6866,129.272,0.0,-0.2702,129.272,,,,,,,,,,,,0.0,0.0,0.0,0.0,0
30.56,-2.7098,0.688,129.2701,0.0,-0.2804,129.2701,,,,,,,,,,,,0.0,0.0,0.0,0.0,0
30.58,-2.7098,0.688,129.2701,0.0,-0.2804,129.2701,,,,,,,,,,,,0.0,0.0,0.0,0.0,0
30.6,-2.7098,0.688,129.2701,0.0,-0.2804,129.2701,,,,,,,,,,,,0.0,0.0,0.0,0.0,0
30.62,-2.7098,0.688,129.2701,0.0,-0.2804,129.2701,,,,,,,,,,,,0.0,0.0,0.0,0.0,0
30.64,-2.7098,0.688,129.2701,0.0,-0.2804,129.2701,,,,,,,,,,,,0.0,0.0,0.0,0.0,0
30.66,-2.7056,0.6915,129.2799,0.0,-0.2816,129.2799,,,,,,,,,,,,0.0,0.0,0.0,0.0,0
30.68,-2.7056,0.6915,129.2799,0.0,-0.2816,129.2799,,,,,,,,,,,,0.0,0.0,0.0,0.0,0
30.7,-2.7056,0.6915,129.2799,0.0,-0.2816,129.2799,,,,,,,,,,,,0.0,0.0,0.0,0.0,0
30.72,-2.7056,0.6915,129.2799,0.0,-0.2816,129.2799,,,,,,,,,,,,0.0,0.0,0.0,0.0,0
30.74,-2.7056,0.6915,129.2799,0.0,-0.2816,129.2799,,,,,,,,,,,,0.0,0.0,0.0,0.0,0
30.76,-2.7065,0.6927,129.2778,0.0,-0.2648,129.2778,,,,,,,,,,,,0.0,0.0,0.0,0.0,0
30.78,-2.7065,0.6927,129.2778,0.0,-0.2648,129.2778,,,,,,,,,,,,0.0,0.0,0.0,0.0,0
30.8,-2.7065,0.6927,129.2778,0.0,-0.2648,129.2778,,,,,,,,,,,,0.0,0.0,0.0,0.0,0
30.82,-2.7065,0.6927,129.2778,0.0,-0.2648,129.2778,,,,,,,,,,,,0.0,0.0,0.0,0.0,0
30.84,-2.7065,0.6927,129.2778,0.0,-0.2648,129.2778,,,,,,,,,,,,0.0,0.0,0.0,0.0,0
30.86,-2.706,0.694,129.2813,0.0,-0.2527,129.2813,,,,,,,,,,,,0.0,0.0,0.0,0.0,0
30.88,-2.706,0.694,129.2813,0.0,-0.2527,129.2813,,,,,,,,,,,,0.0,0.0,0.0,0.0,0
30.9,-2.706,0.694,129.2813,0.0,-0.2527,129.2813,,,,,,,,,,,,0.0,0.0,0.0,0.0,0
30.92,-2.706,0.694,129.2813,0.0,-0.2527,129.2813,,,,,,,,,,,,0.0,0.0,0.0,0.0,0
30.94,-2.706,0.694,129.2813,0.0,-0.2527,129.2813,,,,,,,,,,,,0.0,0.0,0.0,0.0,0
30.96,-2.7036,0.6967,129.2859,0.0,-0.2465,129.2859,,,,,,,,,,,,0.0,0.0,0.0,0.0,0
30.98,-2.7036,0.6967,129.2859,0.0,-0.2465,129.2859,,,,,,,,,,,,0.0,0.0,0.0,0.0,0
31.0,-2.7036,0.6967,129.2859,0.0,-0.2465,129.2859,,,,,,,,,,,,0.0,0.0,0.0,0.0,0
31.02,-2.7036,0.6967,129.2859,0.0,-0.2465,129.2859,,,,,,,,,,,,0.0,0.0,0.0,0.0,0
31.04,-2.7036,0.6967,129.2859,0.0,-0.2465,129.2859,,,,,,,,,,,,0.0,0.0,0.0,0.0,0
31.06,-2.7016,0.6947,129.2865,0.0,-0.2433,129.2865,,,,,,,,,,,,0.0,0.0,0.0,0.0,0
31.08,-2.7016,0.6947,129.2865,0.0,-0.2433,129.2865,,,,,,,,,,,,0.0,0.0,0.0,0.0,0
31.1,-2.7016,0.6947,129.2865,0.0,-0.2433,129.2865,,,,,,,,,,,,0.0,0.0,0.0,0.0,0
31.12,-2.7016,0.6947,129.2865,0.0,-0.2433,129.2865,,,,,,,,,,,,0.0,0.0,0.0,0.0,0
31.14,-2.7016,0.6947,129.2865,0.0,-0.2433,129.2865,,,,,,,,,,,,0.0,0.0,0.0,0.0,0
31.16,-2.6991,0.6967,129.2948,0.0,-0.2417,129.2948,,,,,,,,,,,,0.0,0.0,0.0,0.0,0
31.18,-2.6991,0.6967,129.2948,0.0,-0.2417,129.2948,,,,,,,,,,,,0.0,0.0,0.0,0.0,0
31.2,-2.6991,0.6967,129.2948,0.0,-0.2417,129.2948,,,,,,,,,,,,0.0,0.0,0.0,0.0,0
31.22,-2.6991,0.6967,129.2948,0.0,-0.2417,129.2948,,,,,,,,,,,,0.0,0.0,0.0,0.0,0
31.24,-2.6991,0.6967,129.2948,0.0,-0.2417,129.2948,,,,,,,,,,,,0.0,0.0,0.0,0.0,0
31.26,-2.6977,0.6965,129.3003,0.0,-0.2409,129.3003,,,,,,,,,,,,0.0,0.0,0.0,0.0,0
31.28,-2.6977,0.6965,129.3003,0.0,-0.2409,129.3003,,,,,,,,,,,,0.0,0.0,0.0,0.0,0
31.3,-2.6977,0.6965,129.3003,0.0,-0.2409,129.3003,,,,,,,,,,,,0.0,0.0,0.0,0.0,0
31.32,-2.6977,0.6965,129.3003,0.0,-0.2409,129.3003,,,,,,,,,,,,0.0,0.0,0.0,0.0,0
31.34,-2.6977,0.6965,129.3003,0.0,-0.2409,129.3003,,,,,,,,,,,,0.0,0.0,0.0,0.0,0
31.36,-2.695,0.6994,129.308,0.0,-0.2404,129.308,,,,,,,,,,,,0.0,0.0,0.0,0.0,0
31.38,-2.695,0.6994,129.308,0.0,-0.2404,129.308,,,,,,,,,,,,0.0,0.0,0.0,0.0,0
31.4,-2.695,0.6994,129.308,0.0,-0.2404,129.308,,,,,,,,,,,,0.0,0.0,0.0,0.0,0
31.42,-2.695,0.6994,129.308,0.0,-0.2404,129.308,,,,,,,,,,,,0.0,0.0,0.0,0.0,0
31.44,-2.695,0.6994,129.308,0.0,-0.2404,129.308,,,,,,,,,,,,0.0,0.0,0.0,0.0,0
31.46,-2.6971,0.7023,129.3076,0.0,-0.2404,129.3076,,,,,,,,,,,,0.0,0.0,0.0,0.0,0
31.48,-2.6971,0.7023,129.3076,0.0,-0.2404,129.3076,,,,,,,,,,,,0.0,0.0,0.0,0.0,0
31.5,-2.6971,0.7023,129.3076,0.0,-0.2404,129.3076,,,,,,,,,,,,0.0,0.0,0.0,0.0,0
31.52,-2.6971,0.7023,129.3076,0.0,-0.2404,129.3076,,,,,,,,,,,,0.0,0.0,0.0,0.0,0
31.54,-2.6971,0.7023,129.3076,0.0,-0.2404,129.3076,,,,,,,,,,,,0.0,0.0,0.0,0.0,0
31.56,-2.6931,0.7015,129.3163,0.0,-0.2404,129.3163,,,,,,,,,,,,0.0,0.0,0.0,0.0,0
31.58,-2.6931,0.7015,129.3163,0.0,-0.2404,129.3163,,,,,,,,,,,,0.0,0.0,0.0,0.0,0
31.6,-2.6931,0.7015,129.3163,0.0,-0.2404,129.3163,,,,,,,,,,,,0.0,0.0,0.0,0.0,0
31.62,-2.6931,0.7015,129.3163,0.0,-0.2404,129.3163,,,,,,,,,,,,0.0,0.0,0.0,0.0,0
31.64,-2.6931,0.7015,129.3163,0.0,-0.2404,129.3163,,,,,,,,,,,,0.0,0.0,0.0,0.0,0
31.66,-2.6912,0.7009,129.3137,0.0,-0.2404,129.3137,,,,,,,,,,,,0.0,0.0,0.0,0.0,0
31.68,-2.6912,0.7009,129.3137,0.0,-0.2404,129.3137,,,,,,,,,,,,0.0,0.0,0.0,0.0,0
31.7,-2.6912,0.7009,129.3137,0.0,-0.2404,129.3137,,,,,,,,,,,,0.0,0.0,0.0,0.0,0
31.72,-2.6912,0.7009,129.3137,0.0,-0.2404,129.3137,,,,,,,,,,,,0.0,0.0,0.0,0.0,0
31.74,-2.6912,0.7009,129.3137,0.0,-0.2404,129.3137,,,,,,,,,,,,0.0,0.0,0.0,0.0,0
31.76,-2.6897,0.7008,129.3241,0.0,-0.2404,129.3241,,,,,,,,,,,,0.0,0.0,0.0,0.0,0
31.78,-2.6897,0.7008,129.3241,0.0,-0.2404,129.3241,,,,,,,,,,,,0.0,0.0,0.0,0.0,0
31.8,-2.6897,0.7008,129.3241,0.0,-0.2404,129.3241,,,,,,,,,,,,0.0,0.0,0.0,0.0,0
31.82,-2.6897,0.7008,129.3241,0.0,-0.2404,129.3241,,,,,,,,,,,,0.0,0.0,0.0,0.0,0
31.84,-2.6897,0.7008,129.3241,0.0,-0.2404,129.3241,,,,,,,,,,,,0.0,0.0,0.0,0.0,0
31.86,-2.6872,0.7031,129.3221,0.0,-0.2404,129.3221,,,,,,,,,,,,0.0,0.0,0.0,0.0,0
31.88,-2.6872,0.7031,129.3221,0.0,-0.2404,129.3221,,,,,,,,,,,,0.0,0.0,0.0,0.0,0
31.9,-2.6872,0.7031,129.3221,0.0,-0.2404,129.3221,,,,,,,,,,,,0.0,0.0,0.0,0.0,0
31.92,-2.6872,0.7031,129.3221,0.0,-0.2404,129.3221,,,,,,,,,,,,0.0,0.0,0.0,0.0,0
31.94,-2.6872,0.7031,129.3221,0.0,-0.2404,129.3221,,,,,,,,,,,,0.0,0.0,0.0,0.0,0
31.96,-2.6855,0.7021,129.3336,0.0,-0.1654,129.3336,,,,,,,,,,,,0.0,0.0,0.0,0.0,0
31.98,-2.6855,0.7021,129.3336,0.0,-0.1654,129.3336,,,,,,,,,,,,0.0,0.0,0.0,0.0,0
32.0,-2.6855,0.7021,129.3336,0.0,-0.1654,129.3336,,,,,,,,,,,,0.0,0.0,0.0,0.0,0
32.02,-2.6855,0.7021,129.3336,0.0,-0.1654,129.3336,,,,,,,,,,,,0.0,0.0,0.0,0.0,0
32.04,-2.6855,0.7021,129.3336,0.0,-0.1654,129.3336,,,,,,,,,,,,0.0,0.0,0.0,0.0,0
32.06,-2.679,0.7031,129.3286,0.0,-0.1138,129.3286,,,,,,,,,,,,0.0,0.0,0.0,0.0,0
32.08,-2.679,0.7031,129.3286,0.0,-0.1138,129.3286,,,,,,,,,,,,0.0,0.0,0.0,0.0,0
32.1,-2.679,0.7031,129.3286,0.0,-0.1138,129.3286,,,,,,,,,,,,0.0,0.0,0.0,0.0,0
32.12,-2.679,0.7031,129.3286,0.0,-0.1138,129.3286,,,,,,,,,,,,0.0,0.0,0.0,0.0,0
32.14,-2.679,0.7031,129.3286,0.0,-0.1138,129.3286,,,,,,,,,,,,0.0,0.0,0.0,0.0,0
32.16,-2.6769,0.7024,129.3332,0.0,-0.1064,129.3332,,,,,,,,,,,,0.0,0.0,0.0,0.0,0
32.18,-2.6769,0.7024,129.3332,0.0,-0.1064,129.3332,,,,,,,,,,,,0.0,0.0,0.0,0.0,0
32.2,-2.6769,0.7024,129.3332,0.0,-0.1064,129.3332,,,,,,,,,,,,0.0,0.0,0.0,0.0,0
32.22,-2.6769,0.7024,129.3332,0.0,-0.1064,129.3332,,,,,,,,,,,,0.0,0.0,0.0,0.0,0
32.24,-2.6769,0.7024,129.3332,0.0,-0.1064,129.3332,,,,,,,,,,,,0.0,0.0,0.0,0.0,0
32.26,-2.68,0.7039,129.3327,0.0,-0.1638,129.3327,,,,,,,,,,,,0.0,0.0,0.0,0.0,0
32.28,-2.68,0.7039,129.3327,0.0,-0.1638,129.3327,,,,,,,,,,,,0.0,0.0,0.0,0.0,0
32.3,-2.68,0.7039,129.3327,0.0,-0.1638,129.3327,,,,,,,,,,,,0.0,0.0,0.0,0.0,0
32.32,-2.68,0.7039,129.3327,0.0,-0.1638,129.3327,,,,,,,,,,,,0.0,0.0,0.0,0.0,0
32.34,-2.68,0.7039,129.3327,0.0,-0.1638,129.3327,,,,,,,,,,,,0.0,0.0,0.0,0.0,0
32.36,-2.678,0.71,129.3427,0.0,-0.2011,129.3427,,,,,,,,,,,,0.0,0.0,0.0,0.0,0
32.38,-2.678,0.71,129.3427,0.0,-0.2011,129.3427,,,,,,,,,,,,0.0,0.0,0.0,0.0,0
32.4,-2.678,0.71,129.3427,0.0,-0.2011,129.3427,,,,,,,,,,,,0.0,0.0,0.0,0.0,0
32.42,-2.678,0.71,129.3427,0.0,-0.2011,129.3427,,,,,,,,,,,,0.0,0.0,0.0,0.0,0
32.44,-2.678,0.71,129.3427,0.0,-0.2011,129.3427,,,,,,,,,,,,0.0,0.0,0.0,0.0,0
32.46,-2.6784,0.7153,129.3399,0.0,-0.2201,129.3399,,,,,,,,,,,,0.0,0.0,0.0,0.0,0
32.48,-2.6784,0.7153,129.3399,0.0,-0.2201,129.3399,,,,,,,,,,,,0.0,0.0,0.0,0.0,0
32.5,-2.6784,0.7153,129.3399,0.0,-0.2201,129.3399,,,,,,,,,,,,0.0,0.0,0.0,0.0,0
32.52,-2.6784,0.7153,129.3399,0.0,-0.2201,129.3399,,,,,,,,,,,,0.0,0.0,0.0,0.0,0
32.54,-2.6784,0.7153,129.3399,0.0,-0.2201,129.3399,,,,,,,,,,,,0.0,0.0,0.0,0.0,0
32.56,-2.6768,0.7211,129.3505,0.0,-0.2374,129.3505,,,,,,,,,,,,0.0,0.0,0.0,0.0,0
32.58,-2.6768,0.7211,129.3505,0.0,-0.2374,129.3505,,,,,,,,,,,,0.0,0.0,0.0,0.0,0
32.6,-2.6768,0.7211,129.3505,0.0,-0.2374,129.3505,,,,,,,,,,,,0.0,0.0,0.0,0.0,0
32.62,-2.6768,0.7211,129.3505,0.0,-0.2374,129.3505,,,,,,,,,,,,0.0,0.0,0.0,0.0,0
32.64,-2.6768,0.7211,129.3505,0.0,-0.2374,129.3505,,,,,,,,,,,,0.0,0.0,0.0,0.0,0
32.66,-2.6741,0.7285,129.3471,0.0,-0.2502,129.3471,,,,,,,,,,,,0.0,0.0,0.0,0.0,0
32.68,-2.6741,0.7285,129.3471,0.0,-0.2502,129.3471,,,,,,,,,,,,0.0,0.0,0.0,0.0,0
32.7,-2.6741,0.7285,129.3471,0.0,-0.2502,129.3471,,,,,,,,,,,,0.0,0.0,0.0,0.0,0
32.72,-2.6741,0.7285,129.3471,0.0,-0.2502,129.3471,,,,,,,,,,,,0.0,0.0,0.0,0.0,0
32.74,-2.6741,0.7285,129.3471,0.0,-0.2502,129.3471,,,,,,,,,,,,0.0,0.0,0.0,0.0,0
32.76,-2.6745,0.7375,129.354,0.0,-0.2009,129.354,,,,,,,,,,,,0.0,0.0,0.0,0.0,0
32.78,-2.6745,0.7375,129.354,0.0,-0.2009,129.354,,,,,,,,,,,,0.0,0.0,0.0,0.0,0
32.8,-2.6745,0.7375,129.354,0.0,-0.2009,129.354,,,,,,,,,,,,0.0,0.0,0.0,0.0,0
32.82,-2.6745,0.7375,129.354,0.0,-0.2009,129.354,,,,,,,,,,,,0.0,0.0,0.0,0.0,0
32.84,-2.6745,0.7375,129.354,0.0,-0.2009,129.354,,,,,,,,,,,,0.0,0.0,0.0,0.0,0
32.86,-2.6742,0.7456,129.3527,0.0,-0.1598,129.3527,,,,,,,,,,,,0.0,0.0,0.0,0.0,0
32.88,-2.6742,0.7456,129.3527,0.0,-0.1598,129.3527,,,,,,,,,,,,0.0,0.0,0.0,0.0,0
32.9,-2.6742,0.7456,129.3527,0.0,-0.1598,129.3527,,,,,,,,,,,,0.0,0.0,0.0,0.0,0
32.92,-2.6742,0.7456,129.3527,0.0,-0.1598,129.3527,,,,,,,,,,,,0.0,0.0,0.0,0.0,0
32.94,-2.6742,0.7456,129.3527,0.0,-0.1598,129.3527,,,,,,,,,,,,0.0,0.0,0.0,0.0,0
32.96,-2.679,0.7528,129.3615,0.0,-0.1639,129.3615,,,,,,,,,,,,0.0,0.0,0.0,0.0,0
32.98,-2.679,0.7528,129.3615,0.0,-0.1639,129.3615,,,,,,,,,,,,0.0,0.0,0.0,0.0,0
33.0,-2.679,0.7528,129.3615,0.0,-0.1639,129.3615,,,,,,,,,,,,0.0,0.0,0.0,0.0,0
33.02,-2.679,0.7528,129.3615,0.0,-0.1639,129.3615,,,,,,,,,,,,0.0,0.0,0.0,0.0,0
33.04,-2.679,0.7528,129.3615,0.0,-0.1639,129.3615,,,,,,,,,,,,0.0,0.0,0.0,0.0,0
33.06,-2.6767,0.7608,129.3653,0.0,-0.0863,129.3653,,,,,,,,,,,,0.0,0.0,0.0,0.0,0
33.08,-2.6767,0.7608,129.3653,0.0,-0.0863,129.3653,,,,,,,,,,,,0.0,0.0,0.0,0.0,0
33.1,-2.6767,0.7608,129.3653,0.0,-0.0863,129.3653,,,,,,,,,,,,0.0,0.0,0.0,0.0,0
33.12,-2.6767,0.7608,129.3653,0.0,-0.0863,129.3653,,,,,,,,,,,,0.0,0.0,0.0,0.0,0
33.14,-2.6767,0.7608,129.3653,0.0,-0.0863,129.3653,,,,,,,,,,,,0.0,0.0,0.0,0.0,0
33.16,-2.6756,0.7649,129.3679,0.0,-0.0481,129.3679,,,,,,,,,,,,0.0,0.0,0.0,0.0,0
33.18,-2.6756,0.7649,129.3679,0.0,-0.0481,129.3679,,,,,,,,,,,,0.0,0.0,0.0,0.0,0
33.2,-2.6756,0.7649,129.3679,0.0,-0.0481,129.3679,,,,,,,,,,,,0.0,0.0,0.0,0.0,0
33.22,-2.6756,0.7649,129.3679,0.0,-0.0481,129.3679,,,,,,,,,,,,0.0,0.0,0.0,0.0,0
33.24,-2.6756,0.7649,129.3679,0.0,-0.0481,129.3679,,,,,,,,,,,,0.0,0.0,0.0,0.0,0
33.26,-2.6765,0.7701,129.368,0.0,-0.0569,129.368,,,,,,,,,,,,0.0,0.0,0.0,0.0,0
33.28,-2.6765,0.7701,129.368,0.0,-0.0569,129.368,,,,,,,,,,,,0.0,0.0,0.0,0.0,0
33.3,-2.6765,0.7701,129.368,0.0,-0.0569,129.368,,,,,,,,,,,,0.0,0.0,0.0,0.0,0
33.32,-2.6765,0.7701,129.368,0.0,-0.0569,129.368,,,,,,,,,,,,0.0,0.0,0.0,0.0,0
33.34,-2.6765,0.7701,129.368,0.0,-0.0569,129.368,,,,,,,,,,,,0.0,0.0,0.0,0.0,0
33.36,-2.6748,0.774,129.3692,0.0,-0.1465,129.3692,,,,,,,,,,,,0.0,0.0,0.0,0.0,0
33.38,-2.6748,0.774,129.3692,0.0,-0.1465,129.3692,,,,,,,,,,,,0.0,0.0,0.0,0.0,0
33.4,-2.6748,0.774,129.3692,0.0,-0.1465,129.3692,,,,,,,,,,,,0.0,0.0,0.0,0.0,0
33.42,-2.6748,0.774,129.3692,0.0,-0.1465,129.3692,,,,,,,,,,,,0.0,0.0,0.0,0.0,0
33.44,-2.6748,0.774,129.3692,0.0,-0.1465,129.3692,,,,,,,,,,,,0.0,0.0,0.0,0.0,0
33.46,-2.6769,0.7771,129.371,0.0,-0.1923,129.371,,,,,,,,,,,,0.0,0.0,0.0,0.0,0
33.48,-2.6769,0.7771,129.371,0.0,-0.1923,129.371,,,,,,,,,,,,0.0,0.0,0.0,0.0,0
33.5,-2.6769,0.7771,129.371,0.0,-0.1923,129.371,,,,,,,,,,,,0.0,0.0,0.0,0.0,0
33.52,-2.6769,0.7771,129.371,0.0,-0.1923,129.371,,,,,,,,,,,,0.0,0.0,0.0,0.0,0
33.54,-2.6769,0.7771,129.371,0.0,-0.1923,129.371,,,,,,,,,,,,0.0,0.0,0.0,0.0,0
33.56,-2.677,0.7811,129.3727,0.0,-0.2156,129.3727,,,,,,,,,,,,0.0,0.0,0.0,0.0,0
33.58,-2.677,0.7811,129.3727,0.0,-0.2156,129.3727,,,,,,,,,,,,0.0,0.0,0.0,0.0,0
33.6,-2.677,0.7811,129.3727,0.0,-0.2156,129.3727,,,,,,,,,,,,0.0,0.0,0.0,0.0,0
33.62,-2.677,0.7811,129.3727,0.0,-0.2156,129.3727,,,,,,,,,,,,0.0,0.0,0.0,0.0,0
33.64,-2.677,0.7811,129.3727,0.0,-0.2156,129.3727,,,,,,,,,,,,0.0,0.0,0.0,0.0,0
33.66,-2.6718,0.7845,129.3759,0.0,-0.2276,129.3759,,,,,,,,,,,,0.0,0.0,0.0,0.0,0
33.68,-2.6718,0.7845,129.3759,0.0,-0.2276,129.3759,,,,,,,,,,,,0.0,0.0,0.0,0.0,0
33.7,-2.6718,0.7845,129.3759,0.0,-0.2276,129.3759,,,,,,,,,,,,0.0,0.0,0.0,0.0,0
33.72,-2.6718,0.7845,129.3759,0.0,-0.2276,129.3759,,,,,,,,,,,,0.0,0.0,0.0,0.0,0
33.74,-2.6718,0.7845,129.3759,0.0,-0.2276,129.3759,,,,,,,,,,,,0.0,0.0,0.0,0.0,0
33.76,-2.6689,0.7916,129.3799,0.0,-0.2336,129.3799,,,,,,,,,,,,0.0,0.0,0.0,0.0,0
33.78,-2.6689,0.7916,129.3799,0.0,-0.2336,129.3799,,,,,,,,,,,,0.0,0.0,0.0,0.0,0
33.8,-2.6689,0.7916,129.3799,0.0,-0.2336,129.3799,,,,,,,,,,,,0.0,0.0,0.0,0.0,0
33.82,-2.6689,0.7916,129.3799,0.0,-0.2336,129.3799,,,,,,,,,,,,0.0,0.0,0.0,0.0,0
33.84,-2.6689,0.7916,129.3799,0.0,-0.2336,129.3799,,,,,,,,,,,,0.0,0.0,0.0,0.0,0
33.86,-2.67,0.7939,129.3855,0.0,-0.2368,129.3855,,,,,,,,,,,,0.0,0.0,0.0,0.0,0
33.88,-2.67,0.7939,129.3855,0.0,-0.2368,129.3855,,,,,,,,,,,,0.0,0.0,0.0,0.0,0
33.9,-2.67,0.7939,129.3855,0.0,-0.2368,129.3855,,,,,,,,,,,,0.0,0.0,0.0,0.0,0
33.92,-2.67,0.7939,129.3855,0.0,-0.2368,129.3855,,,,,,,,,,,,0.0,0.0,0.0,0.0,0
33.94,-2.67,0.7939,129.3855,0.0,-0.2368,129.3855,,,,,,,,,,,,0.0,0.0,0.0,0.0,0
33.96,-2.6689,0.8006,129.3882,0.0,-0.2383,129.3882,,,,,,,,,,,,0.0,0.0,0.0,0.0,0
33.98,-2.6689,0.8006,129.3882,0.0,-0.2383,129.3882,,,,,,,,,,,,0.0,0.0,0.0,0.0,0
34.0,-2.6689,0.8006,129.3882,0.0,-0.2383,129.3882,,,,,,,,,,,,0.0,0.0,0.0,0.0,0
34.02,-2.6689,0.8006,129.3882,0.0,-0.2383,129.3882,,,,,,,,,,,,0.0,0.0,0.0,0.0,0
34.04,-2.6689,0.8006,129.3882,0.0,-0.2383,129.3882,,,,,,,,,,,,0.0,0.0,0.0,0.0,0
34.06,-2.6733,0.8076,129.3917,0.0,-0.2392,129.3918,,,,,,,,,,,,0.0,0.0,0.0,0.0,0
34.08,-2.6733,0.8076,129.3917,0.0,-0.2392,129.3918,,,,,,,,,,,,0.0,0.0,0.0,0.0,0
34.1,-2.6733,0.8076,129.3917,0.0,-0.2392,129.3918,,,,,,,,,,,,0.0,0.0,0.0,0.0,0
34.12,-2.6733,0.8076,129.3917,0.0,-0.2392,129.3918,,,,,,,,,,,,0.0,0.0,0.0,0.0,0
34.14,-2.6733,0.8076,129.3917,0.0,-0.2392,129.3918,,,,,,,,,,,,0.0,0.0,0.0,0.0,0
34.16,-2.6761,0.8162,129.3949,0.0,-0.2396,129.3949,,,,,,,,,,,,0.0,0.0,0.0,0.0,0
34.18,-2.6761,0.8162,129.3949,0.0,-0.2396,129.3949,,,,,,,,,,,,0.0,0.0,0.0,0.0,0
34.2,-2.6761,0.8162,129.3949,0.0,-0.2396,129.3949,,,,,,,,,,,,0.0,0.0,0.0,0.0,0
34.22,-2.6761,0.8162,129.3949,0.0,-0.2396,129.3949,,,,,,,,,,,,0.0,0.0,0.0,0.0,0
34.24,-2.6761,0.8162,129.3949,0.0,-0.2396,129.3949,,,,,,,,,,,,0.0,0.0,0.0,0.0,0
34.26,-2.6775,0.8204,129.3985,0.0,-0.2396,129.3985,,,,,,,,,,,,0.0,0.0,0.0,0.0,0
34.28,-2.6775,0.8204,129.3985,0.0,-0.2396,129.3985,,,,,,,,,,,,0.0,0.0,0.0,0.0,0
34.3,-2.6775,0.8204,129.3985,0.0,-0.2396,129.3985,,,,,,,,,,,,0.0,0.0,0.0,0.0,0
34.32,-2.6775,0.8204,129.3985,0.0,-0.2396,129.3985,,,,,,,,,,,,0.0,0.0,0.0,0.0,0
34.34,-2.6775,0.8204,129.3985,0.0,-0.2396,129.3985,,,,,,,,,,,,0.0,0.0,0.0,0.0,0
34.36,-2.6828,0.8266,129.4001,0.0,-0.2396,129.4001,,,,,,,,,,,,0.0,0.0,0.0,0.0,0
34.38,-2.6828,0.8266,129.4001,0.0,-0.2396,129.4001,,,,,,,,,,,,0.0,0.0,0.0,0.0,0
34.4,-2.6828,0.8266,129.4001,0.0,-0.2396,129.4001,,,,,,,,,,,,0.0,0.0,0.0,0.0,0
34.42,-2.6828,0.8266,129.4001,0.0,-0.2396,129.4001,,,,,,,,,,,,0.0,0.0,0.0,0.0,0
34.44,-2.6828,0.8266,129.4001,0.0,-0.2396,129.4001,,,,,,,,,,,,0.0,0.0,0.0,0.0,0
34.46,-2.6902,0.8331,129.4024,0.0,-0.2396,129.4024,,,,,,,,,,,,0.0,0.0,0.0,0.0,0
34.48,-2.6902,0.8331,129.4024,0.0,-0.2396,129.4024,,,,,,,,,,,,0.0,0.0,0.0,0.0,0
34.5,-2.6902,0.8331,129.4024,0.0,-0.2396,129.4024,,,,,,,,,,,,0.0,0.0,0.0,0.0,0
34.52,-2.6902,0.8331,129.4024,0.0,-0.2396,129.4024,,,,,,,,,,,,0.0,0.0,0.0,0.0,0
34.54,-2.6902,0.8331,129.4024,0.0,-0.2396,129.4024,,,,,,,,,,,,0.0,0.0,0.0,0.0,0
34.56,-2.6985,0.8405,129.4018,0.0,-0.2396,129.4018,,,,,,,,,,,,0.0,0.0,0.0,0.0,0
34.58,-2.6985,0.8405,129.4018,0.0,-0.2396,129.4018,,,,,,,,,,,,0.0,0.0,0.0,0.0,0
34.6,-2.6985,0.8405,129.4018,0.0,-0.2396,129.4018,,,,,,,,,,,,0.0,0.0,0.0,0.0,0
34.62,-2.6985,0.8405,129.4018,0.0,-0.2396,129.4018,,,,,,,,,,,,0.0,0.0,0.0,0.0,0
34.64,-2.6985,0.8405,129.4018,0.0,-0.2396,129.4018,,,,,,,,,,,,0.0,0.0,0.0,0.0,0
34.66,-2.7062,0.8468,129.4035,0.0,-0.2396,129.4035,,,,,,,,,,,,0.0,0.0,0.0,0.0,0
34.68,-2.7062,0.8468,129.4035,0.0,-0.2396,129.4035,,,,,,,,,,,,0.0,0.0,0.0,0.0,0
34.7,-2.7062,0.8468,129.4035,0.0,-0.2396,129.4035,,,,,,,,,,,,0.0,0.0,0.0,0.0,0
34.72,-2.7062,0.8468,129.4035,0.0,-0.2396,129.4035,,,,,,,,,,,,0.0,0.0,0.0,0.0,0
34.74,-2.7062,0.8468,129.4035,0.0,-0.2396,129.4035,,,,,,,,,,,,0.0,0.0,0.0,0.0,0
34.76,-2.7117,0.8506,129.4054,0.0,-0.2396,129.4054,,,,,,,,,,,,0.0,0.0,0.0,0.0,0
34.78,-2.7117,0.8506,129.4054,0.0,-0.2396,129.4054,,,,,,,,,,,,0.0,0.0,0.0,0.0,0
34.8,-2.7117,0.8506,129.4054,0.0,-0.2396,129.4054,,,,,,,,,,,,0.0,0.0,0.0,0.0,0
34.82,-2.7117,0.8506,129.4054,0.0,-0.2396,129.4054,,,,,,,,,,,,0.0,0.0,0.0,0.0,0
34.84,-2.7117,0.8506,129.4054,0.0,-0.2396,129.4054,,,,,,,,,,,,0.0,0.0,0.0,0.0,0
34.86,-2.718,0.8549,129.4097,0.0,-0.2396,129.4097,,,,,,,,,,,,0.0,0.0,0.0,0.0,0
34.88,-2.718,0.8549,129.4097,0.0,-0.2396,129.4097,,,,,,,,,,,,0.0,0.0,0.0,0.0,0
34.9,-2.718,0.8549,129.4097,0.0,-0.2396,129.4097,,,,,,,,,,,,0.0,0.0,0.0,0.0,0
34.92,-2.718,0.8549,129.4097,0.0,-0.2396,129.4097,,,,,,,,,,,,0.0,0.0,0.0,0.0,0
34.94,-2.718,0.8549,129.4097,0.0,-0.2396,129.4097,,,,,,,,,,,,0.0,0.0,0.0,0.0,0
34.96,-2.7233,0.8603,129.4134,0.0,-0.2396,129.4134,,,,,,,,,,,,0.0,0.0,0.0,0.0,0
34.98,-2.7233,0.8603,129.4134,0.0,-0.2396,129.4134,,,,,,,,,,,,0.0,0.0,0.0,0.0,0
35.0,-2.7233,0.8603,129.4134,0.0,-0.2396,129.4134,,,,,,,,,,,,0.0,0.0,0.0,0.0,0
35.02,-2.7233,0.8603,129.4134,0.0,-0.2396,129.4134,,,,,,,,,,,,0.0,0.0,0.0,0.0,0
35.04,-2.7233,0.8603,129.4134,0.0,-0.2396,129.4134,,,,,,,,,,,,0.0,0.0,0.0,0.0,0
35.06,-2.73,0.8639,129.4156,0.0,-0.2396,129.4156,,,,,,,,,,,,0.0,0.0,0.0,0.0,0
35.08,-2.73,0.8639,129.4156,0.0,-0.2396,129.4156,,,,,,,,,,,,0.0,0.0,0.0,0.0,0
35.1,-2.73,0.8639,129.4156,0.0,-0.2396,129.4156,,,,,,,,,,,,0.0,0.0,0.0,0.0,0
35.12,-2.73,0.8639,129.4156,0.0,-0.2396,129.4156,,,,,,,,,,,,0.0,0.0,0.0,0.0,0
35.14,-2.73,0.8639,129.4156,0.0,-0.2396,129.4156,,,,,,,,,,,,0.0,0.0,0.0,0.0,0
35.16,-2.7374,0.8649,129.4184,0.0,-0.2396,129.4184,,,,,,,,,,,,0.0,0.0,0.0,0.0,0
35.18,-2.7374,0.8649,129.4184,0.0,-0.2396,129.4184,,,,,,,,,,,,0.0,0.0,0.0,0.0,0
35.2,-2.7374,0.8649,129.4184,0.0,-0.2396,129.4184,,,,,,,,,,,,0.0,0.0,0.0,0.0,0
35.22,-2.7374,0.8649,129.4184,0.0,-0.2396,129.4184,,,,,,,,,,,,0.0,0.0,0.0,0.0,0
35.24,-2.7374,0.8649,129.4184,0.0,-0.2396,129.4184,,,,,,,,,,,,0.0,0.0,0.0,0.0,0
35.26,-2.7441,0.8655,129.4232,0.0,-0.2396,129.4232,,,,,,,,,,,,0.0,0.0,0.0,0.0,0
35.28,-2.7441,0.8655,129.4232,0.0,-0.2396,129.4232,,,,,,,,,,,,0.0,0.0,0.0,0.0,0
35.3,-2.7441,0.8655,129.4232,0.0,-0.2396,129.4232,,,,,,,,,,,,0.0,0.0,0.0,0.0,0
35.32,-2.7441,0.8655,129.4232,0.0,-0.2396,129.4232,,,,,,,,,,,,0.0,0.0,0.0,0.0,0
35.34,-2.7441,0.8655,129.4232,0.0,-0.2396,129.4232,,,,,,,,,,,,0.0,0.0,0.0,0.0,0
35.36,-2.7475,0.8696,129.432,0.0,-0.2396,129.432,,,,,,,,,,,,0.0,0.0,0.0,0.0,0
35.38,-2.7475,0.8696,129.432,0.0,-0.2396,129.432,,,,,,,,,,,,0.0,0.0,0.0,0.0,0
35.4,-2.7475,0.8696,129.432,0.0,-0.2396,129.432,,,,,,,,,,,,0.0,0.0,0.0,0.0,0
35.42,-2.7475,0.8696,129.432,0.0,-0.2396,129.432,,,,,,,,,,,,0.0,0.0,0.0,0.0,0
35.44,-2.7475,0.8696,129.432,0.0,-0.2396,129.432,,,,,,,,,,,,0.0,0.0,0.0,0.0,0
35.46,-2.7529,0.8715,129.4345,0.0,-0.2396,129.4345,,,,,,,,,,,,0.0,0.0,0.0,0.0,0
35.48,-2.7529,0.8715,129.4345,0.0,-0.2396,129.4345,,,,,,,,,,,,0.0,0.0,0.0,0.0,0
35.5,-2.7529,0.8715,129.4345,0.0,-0.2396,129.4345,,,,,,,,,,,,0.0,0.0,0.0,0.0,0
35.52,-2.7529,0.8715,129.4345,0.0,-0.2396,129.4345,,,,,,,,,,,,0.0,0.0,0.0,0.0,0
35.54,-2.7529,0.8715,129.4345,0.0,-0.2396,129.4345,,,,,,,,,,,,0.0,0.0,0.0,0.0,0
35.56,-2.7561,0.8727,129.4428,0.0,-0.2396,129.4428,,,,,,,,,,,,0.0,0.0,0.0,0.0,0
35.58,-2.7561,0.8727,129.4428,0.0,-0.2396,129.4428,,,,,,,,,,,,0.0,0.0,0.0,0.0,0
35.6,-2.7561,0.8727,129.4428,0.0,-0.2396,129.4428,,,,,,,,,,,,0.0,0.0,0.0,0.0,0
35.62,-2.7561,0.8727,129.4428,0.0,-0.2396,129.4428,,,,,,,,,,,,0.0,0.0,0.0,0.0,0
35.64,-2.7561,0.8727,129.4428,0.0,-0.2396,129.4428,,,,,,,,,,,,0.0,0.0,0.0,0.0,0
35.66,-2.7636,0.8768,129.4472,0.0,-0.2396,129.4472,,,,,,,,,,,,0.0,0.0,0.0,0.0,0
35.68,-2.7636,0.8768,129.4472,0.0,-0.2396,129.4472,,,,,,,,,,,,0.0,0.0,0.0,0.0,0
35.7,-2.7636,0.8768,129.4472,0.0,-0.2396,129.4472,,,,,,,,,,,,0.0,0.0,0.0,0.0,0
35.72,-2.7636,0.8768,129.4472,0.0,-0.2396,129.4472,,,,,,,,,,,,0.0,0.0,0.0,0.0,0
35.74,-2.7636,0.8768,129.4472,0.0,-0.2396,129.4472,,,,,,,,,,,,0.0,0.0,0.0,0.0,0
35.76,-2.7692,0.8806,129.4575,0.0,-0.2396,129.4575,,,,,,,,,,,,0.0,0.0,0.0,0.0,0
35.78,-2.7692,0.8806,129.4575,0.0,-0.2396,129.4575,,,,,,,,,,,,0.0,0.0,0.0,0.0,0
35.8,-2.7692,0.8806,129.4575,0.0,-0.2396,129.4575,,,,,,,,,,,,0.0,0.0,0.0,0.0,0
35.82,-2.7692,0.8806,129.4575,0.0,-0.2396,129.4575,,,,,,,,,,,,0.0,0.0,0.0,0.0,0
35.84,-2.7692,0.8806,129.4575,0.0,-0.2396,129.4575,,,,,,,,,,,,0.0,0.0,0.0,0.0,0
35.86,-2.7736,0.8849,129.4579,0.0,-0.2396,129.4579,,,,,,,,,,,,0.0,0.0,0.0,0.0,0
35.88,-2.7736,0.8849,129.4579,0.0,-0.2396,129.4579,,,,,,,,,,,,0.0,0.0,0.0,0.0,0
35.9,-2.7736,0.8849,129.4579,0.0,-0.2396,129.4579,,,,,,,,,,,,0.0,0.0,0.0,0.0,0
35.92,-2.7736,0.8849,129.4579,0.0,-0.2396,129.4579,,,,,,,,,,,,0.0,0.0,0.0,0.0,0
35.94,-2.7736,0.8849,129.4579,0.0,-0.2396,129.4579,,,,,,,,,,,,0.0,0.0,0.0,0.0,0
35.96,-2.7791,0.8874,129.461,0.0,-0.2396,129.461,,,,,,,,,,,,0.0,0.0,0.0,0.0,0
35.98,-2.7791,0.8874,129.461,0.0,-0.2396,129.461,,,,,,,,,,,,0.0,0.0,0.0,0.0,0
36.0,-2.7791,0.8874,129.461,0.0,-0.2396,129.461,,,,,,,,,,,,0.0,0.0,0.0,0.0,0
36.02,-2.7791,0.8874,129.461,0.0,-0.2396,129.461,,,,,,,,,,,,0.0,0.0,0.0,0.0,0
36.04,-2.7791,0.8874,129.461,0.0,-0.2396,129.461,,,,,,,,,,,,0.0,0.0,0.0,0.0,0
36.06,-2.7821,0.8894,129.4674,0.0,-0.2396,129.4674,,,,,,,,,,,,0.0,0.0,0.0,0.0,0
36.08,-2.7821,0.8894,129.4674,0.0,-0.2396,129.4674,,,,,,,,,,,,0.0,0.0,0.0,0.0,0
36.1,-2.7821,0.8894,129.4674,0.0,-0.2396,129.4674,,,,,,,,,,,,0.0,0.0,0.0,0.0,0
36.12,-2.7821,0.8894,129.4674,0.0,-0.2396,129.4674,,,,,,,,,,,,0.0,0.0,0.0,0.0,0
36.14,-2.7821,0.8894,129.4674,0.0,-0.2396,129.4674,,,,,,,,,,,,0.0,0.0,0.0,0.0,0
36.16,-2.7863,0.8906,129.4769,0.0,-0.2396,129.4769,,,,,,,,,,,,0.0,0.0,0.0,0.0,0
36.18,-2.7863,0.8906,129.4769,0.0,-0.2396,129.4769,,,,,,,,,,,,0.0,0.0,0.0,0.0,0
36.2,-2.7863,0.8906,129.4769,0.0,-0.2396,129.4769,,,,,,,,,,,,0.0,0.0,0.0,0.0,0
36.22,-2.7863,0.8906,129.4769,0.0,-0.2396,129.4769,,,,,,,,,,,,0.0,0.0,0.0,0.0,0
36.24,-2.7863,0.8906,129.4769,0.0,-0.2396,129.4769,,,,,,,,,,,,0.0,0.0,0.0,0.0,0
36.26,-2.7942,0.8945,129.4846,0.0,-0.2396,129.4846,,,,,,,,,,,,0.0,0.0,0.0,0.0,0
36.28,-2.7942,0.8945,129.4846,0.0,-0.2396,129.4846,,,,,,,,,,,,0.0,0.0,0.0,0.0,0
36.3,-2.7942,0.8945,129.4846,0.0,-0.2396,129.4846,,,,,,,,,,,,0.0,0.0,0.0,0.0,0
36.32,-2.7942,0.8945,129.4846,0.0,-0.2396,129.4846,,,,,,,,,,,,0.0,0.0,0.0,0.0,0
36.34,-2.7942,0.8945,129.4846,0.0,-0.2396,129.4846,,,,,,,,,,,,0.0,0.0,0.0,0.0,0
36.36,-2.8,0.8964,129.4917,0.0,-0.2396,129.4917,,,,,,,,,,,,0.0,0.0,0.0,0.0,0
36.38,-2.8,0.8964,129.4917,0.0,-0.2396,129.4917,,,,,,,,,,,,0.0,0.0,0.0,0.0,0
36.4,-2.8,0.8964,129.4917,0.0,-0.2396,129.4917,,,,,,,,,,,,0.0,0.0,0.0,0.0,0
36.42,-2.8,0.8964,129.4917,0.0,-0.2396,129.4917,,,,,,,,,,,,0.0,0.0,0.0,0.0,0
36.44,-2.8,0.8964,129.4917,0.0,-0.2396,129.4917,,,,,,,,,,,,0.0,0.0,0.0,0.0,0
36.46,-2.8079,0.8974,129.4991,0.0,-0.2396,129.4991,,,,,,,,,,,,0.0,0.0,0.0,0.0,0
36.48,-2.8079,0.8974,129.4991,0.0,-0.2396,129.4991,,,,,,,,,,,,0.0,0.0,0.0,0.0,0
36.5,-2.8079,0.8974,129.4991,0.0,-0.2396,129.4991,,,,,,,,,,,,0.0,0.0,0.0,0.0,0
36.52,-2.8079,0.8974,129.4991,0.0,-0.2396,129.4991,,,,,,,,,,,,0.0,0.0,0.0,0.0,0
36.54,-2.8079,0.8974,129.4991,0.0,-0.2396,129.4991,,,,,,,,,,,,0.0,0.0,0.0,0.0,0
36.56,-2.8118,0.8998,129.5044,0.0,-0.2396,129.5044,,,,,,,,,,,,0.0,0.0,0.0,0.0,0
36.58,-2.8118,0.8998,129.5044,0.0,-0.2396,129.5044,,,,,,,,,,,,0.0,0.0,0.0,0.0,0
36.6,-2.8118,0.8998,129.5044,0.0,-0.2396,129.5044,,,,,,,,,,,,0.0,0.0,0.0,0.0,0
36.62,-2.8118,0.8998,129.5044,0.0,-0.2396,129.5044,,,,,,,,,,,,0.0,0.0,0.0,0.0,0
36.64,-2.8118,0.8998,129.5044,0.0,-0.2396,129.5044,,,,,,,,,,,,0.0,0.0,0.0,0.0,0
36.66,-2.8158,0.9018,129.516,0.0,-0.2396,129.5159,,,,,,,,,,,,0.0,0.0,0.0,0.0,0
36.68,-2.8158,0.9018,129.516,0.0,-0.2396,129.5159,,,,,,,,,,,,0.0,0.0,0.0,0.0,0
36.7,-2.8158,0.9018,129.516,0.0,-0.2396,129.5159,,,,,,,,,,,,0.0,0.0,0.0,0.0,0
36.72,-2.8158,0.9018,129.516,0.0,-0.2396,129.5159,,,,,,,,,,,,0.0,0.0,0.0,0.0,0
36.74,-2.8158,0.9018,129.516,0.0,-0.2396,129.5159,,,,,,,,,,,,0.0,0.0,0.0,0.0,0
36.76,-2.8181,0.9056,129.5253,0.0,-0.2396,129.5253,,,,,,,,,,,,0.0,0.0,0.0,0.0,0
36.78,-2.8181,0.9056,129.5253,0.0,-0.2396,129.5253,,,,,,,,,,,,0.0,0.0,0.0,0.0,0
36.8,-2.8181,0.9056,129.5253,0.0,-0.2396,129.5253,,,,,,,,,,,,0.0,0.0,0.0,0.0,0
36.82,-2.8181,0.9056,129.5253,0.0,-0.2396,129.5253,,,,,,,,,,,,0.0,0.0,0.0,0.0,0
36.84,-2.8181,0.9056,129.5253,0.0,-0.2396,129.5253,,,,,,,,,,,,0.0,0.0,0.0,0.0,0
36.86,-2.8253,0.9093,129.5293,0.0,-0.2396,129.5293,,,,,,,,,,,,0.0,0.0,0.0,0.0,0
36.88,-2.8253,0.9093,129.5293,0.0,-0.2396,129.5293,,,,,,,,,,,,0.0,0.0,0.0,0.0,0
36.9,-2.8253,0.9093,129.5293,0.0,-0.2396,129.5293,,,,,,,,,,,,0.0,0.0,0.0,0.0,0
36.92,-2.8253,0.9093,129.5293,0.0,-0.2396,129.5293,,,,,,,,,,,,0.0,0.0,0.0,0.0,0
36.94,-2.8253,0.9093,129.5293,0.0,-0.2396,129.5293,,,,,,,,,,,,0.0,0.0,0.0,0.0,0
36.96,-2.8302,0.9158,129.5354,0.0,-0.2396,129.5354,,,,,,,,,,,,0.0,0.0,0.0,0.0,0
36.98,-2.8302,0.9158,129.5354,0.0,-0.2396,129.5354,,,,,,,,,,,,0.0,0.0,0.0,0.0,0
37.0,-2.8302,0.9158,129.5354,0.0,-0.2396,129.5354,,,,,,,,,,,,0.0,0.0,0.0,0.0,0
37.02,-2.8302,0.9158,129.5354,0.0,-0.2396,129.5354,,,,,,,,,,,,0.0,0.0,0.0,0.0,0
37.04,-2.8302,0.9158,129.5354,0.0,-0.2396,129.5354,,,,,,,,,,,,0.0,0.0,0.0,0.0,0
37.06,-2.8333,0.9185,129.5424,0.0,-0.2396,129.5424,,,,,,,,,,,,0.0,0.0,0.0,0.0,0
37.08,-2.8333,0.9185,129.5424,0.0,-0.2396,129.5424,,,,,,,,,,,,0.0,0.0,0.0,0.0,0
37.1,-2.8333,0.9185,129.5424,0.0,-0.2396,129.5424,,,,,,,,,,,,0.0,0.0,0.0,0.0,0
37.12,-2.8333,0.9185,129.5424,0.0,-0.2396,129.5424,,,,,,,,,,,,0.0,0.0,0.0,0.0,0
37.14,-2.8333,0.9185,129.5424,0.0,-0.2396,129.5424,,,,,,,,,,,,0.0,0.0,0.0,0.0,0
37.16,-2.8357,0.9215,129.5468,0.0,-0.2396,129.5468,,,,,,,,,,,,0.0,0.0,0.0,0.0,0
37.18,-2.8357,0.9215,129.5468,0.0,-0.2396,129.5468,,,,,,,,,,,,0.0,0.0,0.0,0.0,0
37.2,-2.8357,0.9215,129.5468,0.0,-0.2396,129.5468,,,,,,,,,,,,0.0,0.0,0.0,0.0,0
37.22,-2.8357,0.9215,129.5468,0.0,-0.2396,129.5468,,,,,,,,,,,,0.0,0.0,0.0,0.0,0
37.24,-2.8357,0.9215,129.5468,0.0,-0.2396,129.5468,,,,,,,,,,,,0.0,0.0,0.0,0.0,0
37.26,-2.8399,0.922,129.553,0.0,-0.2396,129.553,,,,,,,,,,,,0.0,0.0,0.0,0.0,0
37.28,-2.8399,0.922,129.553,0.0,-0.2396,129.553,,,,,,,,,,,,0.0,0.0,0.0,0.0,0
37.3,-2.8399,0.922,129.553,0.0,-0.2396,129.553,,,,,,,,,,,,0.0,0.0,0.0,0.0,0
37.32,-2.8399,0.922,129.553,0.0,-0.2396,129.553,,,,,,,,,,,,0.0,0.0,0.0,0.0,0
37.34,-2.8399,0.922,129.553,0.0,-0.2396,129.553,,,,,,,,,,,,0.0,0.0,0.0,0.0,0
37.36,-2.8421,0.9235,129.559,0.0,-0.2396,129.559,,,,,,,,,,,,0.0,0.0,0.0,0.0,0
37.38,-2.8421,0.9235,129.559,0.0,-0.2396,129.559,,,,,,,,,,,,0.0,0.0,0.0,0.0,0
37.4,-2.8421,0.9235,129.559,0.0,-0.2396,129.559,,,,,,,,,,,,0.0,0.0,0.0,0.0,0
37.42,-2.8421,0.9235,129.559,0.0,-0.2396,129.559,,,,,,,,,,,,0.0,0.0,0.0,0.0,0
37.44,-2.8421,0.9235,129.559,0.0,-0.2396,129.559,,,,,,,,,,,,0.0,0.0,0.0,0.0,0
37.46,-2.8459,0.9232,129.5677,0.0,-0.2396,129.5677,,,,,,,,,,,,0.0,0.0,0.0,0.0,0
37.48,-2.8459,0.9232,129.5677,0.0,-0.2396,129.5677,,,,,,,,,,,,0.0,0.0,0.0,0.0,0
37.5,-2.8459,0.9232,129.5677,0.0,-0.2396,129.5677,,,,,,,,,,,,0.0,0.0,0.0,0.0,0
37.52,-2.8459,0.9232,129.5677,0.0,-0.2396,129.5677,,,,,,,,,,,,0.0,0.0,0.0,0.0,0
37.54,-2.8459,0.9232,129.5677,0.0,-0.2396,129.5677,,,,,,,,,,,,0.0,0.0,0.0,0.0,0
37.56,-2.8516,0.921,129.5742,0.0,-0.2396,129.5742,,,,,,,,,,,,0.0,0.0,0.0,0.0,0
37.58,-2.8516,0.921,129.5742,0.0,-0.2396,129.5742,,,,,,,,,,,,0.0,0.0,0.0,0.0,0
37.6,-2.8516,0.921,129.5742,0.0,-0.2396,129.5742,,,,,,,,,,,,0.0,0.0,0.0,0.0,0
37.62,-2.8516,0.921,129.5742,0.0,-0.2396,129.5742,,,,,,,,,,,,0.0,0.0,0.0,0.0,0
37.64,-2.8516,0.921,129.5742,0.0,-0.2396,129.5742,,,,,,,,,,,,0.0,0.0,0.0,0.0,0
37.66,-2.8549,0.9222,129.5845,0.0,-0.2396,129.5845,,,,,,,,,,,,0.0,0.0,0.0,0.0,0
37.68,-2.8549,0.9222,129.5845,0.0,-0.2396,129.5845,,,,,,,,,,,,0.0,0.0,0.0,0.0,0
37.7,-2.8549,0.9222,129.5845,0.0,-0.2396,129.5845,,,,,,,,,,,,0.0,0.0,0.0,0.0,0
37.72,-2.8549,0.9222,129.5845,0.0,-0.2396,129.5845,,,,,,,,,,,,0.0,0.0,0.0,0.0,0
37.74,-2.8549,0.9222,129.5845,0.0,-0.2396,129.5845,,,,,,,,,,,,0.0,0.0,0.0,0.0,0
37.76,-2.8573,0.9191,129.5892,0.0,-0.2396,129.5892,,,,,,,,,,,,0.0,0.0,0.0,0.0,0
37.78,-2.8573,0.9191,129.5892,0.0,-0.2396,129.5892,,,,,,,,,,,,0.0,0.0,0.0,0.0,0
37.8,-2.8573,0.9191,129.5892,0.0,-0.2396,129.5892,,,,,,,,,,,,0.0,0.0,0.0,0.0,0
37.82,-2.8573,0.9191,129.5892,0.0,-0.2396,129.5892,,,,,,,,,,,,0.0,0.0,0.0,0.0,0
37.84,-2.8573,0.9191,129.5892,0.0,-0.2396,129.5892,,,,,,,,,,,,0.0,0.0,0.0,0.0,0
37.86,-2.8612,0.9208,129.5932,0.0,-0.2396,129.5932,,,,,,,,,,,,0.0,0.0,0.0,0.0,0
37.88,-2.8612,0.9208,129.5932,0.0,-0.2396,129.5932,,,,,,,,,,,,0.0,0.0,0.0,0.0,0
37.9,-2.8612,0.9208,129.5932,0.0,-0.2396,129.5932,,,,,,,,,,,,0.0,0.0,0.0,0.0,0
37.92,-2.8612,0.9208,129.5932,0.0,-0.2396,129.5932,,,,,,,,,,,,0.0,0.0,0.0,0.0,0
37.94,-2.8612,0.9208,129.5932,0.0,-0.2396,129.5932,,,,,,,,,,,,0.0,0.0,0.0,0.0,0
37.96,-2.863,0.9231,129.5981,0.0,-0.2396,129.5981,,,,,,,,,,,,0.0,0.0,0.0,0.0,0
37.98,-2.863,0.9231,129.5981,0.0,-0.2396,129.5981,,,,,,,,,,,,0.0,0.0,0.0,0.0,0
38.0,-2.863,0.9231,129.5981,0.0,-0.2396,129.5981,,,,,,,,,,,,0.0,0.0,0.0,0.0,0
38.02,-2.863,0.9231,129.5981,0.0,-0.2396,129.5981,,,,,,,,,,,,0.0,0.0,0.0,0.0,0
38.04,-2.863,0.9231,129.5981,0.0,-0.2396,129.5981,,,,,,,,,,,,0.0,0.0,0.0,0.0,0
38.06,-2.8675,0.9221,129.6056,0.0,-0.2396,129.6056,,,,,,,,,,,,0.0,0.0,0.0,0.0,0
38.08,-2.8675,0.9221,129.6056,0.0,-0.2396,129.6056,,,,,,,,,,,,0.0,0.0,0.0,0.0,0
38.1,-2.8675,0.9221,129.6056,0.0,-0.2396,129.6056,,,,,,,,,,,,0.0,0.0,0.0,0.0,0
38.12,-2.8675,0.9221,129.6056,0.0,-0.2396,129.6056,,,,,,,,,,,,0.0,0.0,0.0,0.0,0
38.14,-2.8675,0.9221,129.6056,0.0,-0.2396,129.6056,,,,,,,,,,,,0.0,0.0,0.0,0.0,0
38.16,-2.8689,0.9214,129.6104,0.0,-0.2396,129.6104,,,,,,,,,,,,0.0,0.0,0.0,0.0,0
38.18,-2.8689,0.9214,129.6104,0.0,-0.2396,129.6104,,,,,,,,,,,,0.0,0.0,0.0,0.0,0
38.2,-2.8689,0.9214,129.6104,0.0,-0.2396,129.6104,,,,,,,,,,,,0.0,0.0,0.0,0.0,0
38.22,-2.8689,0.9214,129.6104,0.0,-0.2396,129.6104,,,,,,,,,,,,0.0,0.0,0.0,0.0,0
38.24,-2.8689,0.9214,129.6104,0.0,-0.2396,129.6104,,,,,,,,,,,,0.0,0.0,0.0,0.0,0
38.26,-2.872,0.9216,129.6171,0.0,-0.2396,129.6171,,,,,,,,,,,,0.0,0.0,0.0,0.0,0
38.28,-2.872,0.9216,129.6171,0.0,-0.2396,129.6171,,,,,,,,,,,,0.0,0.0,0.0,0.0,0
38.3,-2.872,0.9216,129.6171,0.0,-0.2396,129.6171,,,,,,,,,,,,0.0,0.0,0.0,0.0,0
38.32,-2.872,0.9216,129.6171,0.0,-0.2396,129.6171,,,,,,,,,,,,0.0,0.0,0.0,0.0,0
38.34,-2.872,0.9216,129.6171,0.0,-0.2396,129.6171,,,,,,,,,,,,0.0,0.0,0.0,0.0,0
38.36,-2.8762,0.92,129.6273,0.0,-0.2396,129.6273,,,,,,,,,,,,0.0,0.0,0.0,0.0,0
38.38,-2.8762,0.92,129.6273,0.0,-0.2396,129.6273,,,,,,,,,,,,0.0,0.0,0.0,0.0,0
38.4,-2.8762,0.92,129.6273,0.0,-0.2396,129.6273,,,,,,,,,,,,0.0,0.0,0.0,0.0,0
38.42,-2.8762,0.92,129.6273,0.0,-0.2396,129.6273,,,,,,,,,,,,0.0,0.0,0.0,0.0,0
38.44,-2.8762,0.92,129.6273,0.0,-0.2396,129.6273,,,,,,,,,,,,0.0,0.0,0.0,0.0,0
38.46,-2.8794,0.9179,129.6315,0.0,-0.2396,129.6315,,,,,,,,,,,,0.0,0.0,0.0,0.0,0
38.48,-2.8794,0.9179,129.6315,0.0,-0.2396,129.6315,,,,,,,,,,,,0.0,0.0,0.0,0.0,0
38.5,-2.8794,0.9179,129.6315,0.0,-0.2396,129.6315,,,,,,,,,,,,0.0,0.0,0.0,0.0,0
38.52,-2.8794,0.9179,129.6315,0.0,-0.2396,129.6315,,,,,,,,,,,,0.0,0.0,0.0,0.0,0
38.54,-2.8794,0.9179,129.6315,0.0,-0.2396,129.6315,,,,,,,,,,,,0.0,0.0,0.0,0.0,0
38.56,-2.8881,0.9202,129.6404,0.0,-0.2396,129.6404,,,,,,,,,,,,0.0,0.0,0.0,0.0,0
38.58,-2.8881,0.9202,129.6404,0.0,-0.2396,129.6404,,,,,,,,,,,,0.0,0.0,0.0,0.0,0
38.6,-2.8881,0.9202,129.6404,0.0,-0.2396,129.6404,,,,,,,,,,,,0.0,0.0,0.0,0.0,0
38.62,-2.8881,0.9202,129.6404,0.0,-0.2396,129.6404,,,,,,,,,,,,0.0,0.0,0.0,0.0,0
38.64,-2.8881,0.9202,129.6404,0.0,-0.2396,129.6404,,,,,,,,,,,,0.0,0.0,0.0,0.0,0
38.66,-2.8869,0.9175,129.6433,0.0,-0.2396,129.6433,,,,,,,,,,,,0.0,0.0,0.0,0.0,0
38.68,-2.8869,0.9175,129.6433,0.0,-0.2396,129.6433,,,,,,,,,,,,0.0,0.0,0.0,0.0,0
38.7,-2.8869,0.9175,129.6433,0.0,-0.2396,129.6433,,,,,,,,,,,,0.0,0.0,0.0,0.0,0
38.72,-2.8869,0.9175,129.6433,0.0,-0.2396,129.6433,,,,,,,,,,,,0.0,0.0,0.0,0.0,0
38.74,-2.8869,0.9175,129.6433,0.0,-0.2396,129.6433,,,,,,,,,,,,0.0,0.0,0.0,0.0,0
38.76,-2.8864,0.9159,129.6478,0.0,-0.2396,129.6478,,,,,,,,,,,,0.0,0.0,0.0,0.0,0
38.78,-2.8864,0.9159,129.6478,0.0,-0.2396,129.6478,,,,,,,,,,,,0.0,0.0,0.0,0.0,0
38.8,-2.8864,0.9159,129.6478,0.0,-0.2396,129.6478,,,,,,,,,,,,0.0,0.0,0.0,0.0,0
38.82,-2.8864,0.9159,129.6478,0.0,-0.2396,129.6478,,,,,,,,,,,,0.0,0.0,0.0,0.0,0
38.84,-2.8864,0.9159,129.6478,0.0,-0.2396,129.6478,,,,,,,,,,,,0.0,0.0,0.0,0.0,0
38.86,-2.8872,0.915,129.655,0.0,-0.2396,129.655,,,,,,,,,,,,0.0,0.0,0.0,0.0,0
38.88,-2.8872,0.915,129.655,0.0,-0.2396,129.655,,,,,,,,,,,,0.0,0.0,0.0,0.0,0
38.9,-2.8872,0.915,129.655,0.0,-0.2396,129.655,,,,,,,,,,,,0.0,0.0,0.0,0.0,0
38.92,-2.8872,0.915,129.655,0.0,-0.2396,129.655,,,,,,,,,,,,0.0,0.0,0.0,0.0,0
38.94,-2.8872,0.915,129.655,0.0,-0.2396,129.655,,,,,,,,,,,,0.0,0.0,0.0,0.0,0
38.96,-2.8911,0.9176,129.6644,0.0,-0.2396,129.6644,,,,,,,,,,,,0.0,0.0,0.0,0.0,0
38.98,-2.8911,0.9176,129.6644,0.0,-0.2396,129.6644,,,,,,,,,,,,0.0,0.0,0.0,0.0,0
39.0,-2.8911,0.9176,129.6644,0.0,-0.2396,129.6644,,,,,,,,,,,,0.0,0.0,0.0,0.0,0
39.02,-2.8911,0.9176,129.6644,0.0,-0.2396,129.6644,,,,,,,,,,,,0.0,0.0,0.0,0.0,0
39.04,-2.8911,0.9176,129.6644,0.0,-0.2396,129.6644,,,,,,,,,,,,0.0,0.0,0.0,0.0,0
39.06,-2.8924,0.9179,129.6711,0.0,-0.2396,129.6711,,,,,,,,,,,,0.0,0.0,0.0,0.0,0
39.08,-2.8924,0.9179,129.6711,0.0,-0.2396,129.6711,,,,,,,,,,,,0.0,0.0,0.0,0.0,0
39.1,-2.8924,0.9179,129.6711,0.0,-0.2396,129.6711,,,,,,,,,,,,0.0,0.0,0.0,0.0,0
39.12,-2.8924,0.9179,129.6711,0.0,-0.2396,129.6711,,,,,,,,,,,,0.0,0.0,0.0,0.0,0
39.14,-2.8924,0.9179,129.6711,0.0,-0.2396,129.6711,,,,,,,,,,,,0.0,0.0,0.0,0.0,0
39.16,-2.8976,0.9167,129.6778,0.0,-0.2396,129.6778,,,,,,,,,,,,0.0,0.0,0.0,0.0,0
39.18,-2.8976,0.9167,129.6778,0.0,-0.2396,129.6778,,,,,,,,,,,,0.0,0.0,0.0,0.0,0
39.2,-2.8976,0.9167,129.6778,0.0,-0.2396,129.6778,,,,,,,,,,,,0.0,0.0,0.0,0.0,0
39.22,-2.8976,0.9167,129.6778,0.0,-0.2396,129.6778,,,,,,,,,,,,0.0,0.0,0.0,0.0,0
39.24,-2.8976,0.9167,129.6778,0.0,-0.2396,129.6778,,,,,,,,,,,,0.0,0.0,0.0,0.0,0
39.26,-2.8997,0.9135,129.678,0.0,-0.2396,129.678,,,,,,,,,,,,0.0,0.0,0.0,0.0,0
39.28,-2.8997,0.9135,129.678,0.0,-0.2396,129.678,,,,,,,,,,,,0.0,0.0,0.0,0.0,0
39.3,-2.8997,0.9135,129.678,0.0,-0.2396,129.678,,,,,,,,,,,,0.0,0.0,0.0,0.0,0
39.32,-2.8997,0.9135,129.678,0.0,-0.2396,129.678,,,,,,,,,,,,0.0,0.0,0.0,0.0,0
39.34,-2.8997,0.9135,129.678,0.0,-0.2396,129.678,,,,,,,,,,,,0.0,0.0,0.0,0.0,0
39.36,-2.8997,0.9174,129.6802,0.0,-0.2396,129.6802,,,,,,,,,,,,0.0,0.0,0.0,0.0,0
39.38,-2.8997,0.9174,129.6802,0.0,-0.2396,129.6802,,,,,,,,,,,,0.0,0.0,0.0,0.0,0
39.4,-2.8997,0.9174,129.6802,0.0,-0.2396,129.6802,,,,,,,,,,,,0.0,0.0,0.0,0.0,0
39.42,-2.8997,0.9174,129.6802,0.0,-0.2396,129.6802,,,,,,,,,,,,0.0,0.0,0.0,0.0,0
39.44,-2.8997,0.9174,129.6802,0.0,-0.2396,129.6802,,,,,,,,,,,,0.0,0.0,0.0,0.0,0
39.46,-2.9022,0.917,129.6839,0.0,-0.2396,129.6839,,,,,,,,,,,,0.0,0.0,0.0,0.0,0
39.48,-2.9022,0.917,129.6839,0.0,-0.2396,129.6839,,,,,,,,,,,,0.0,0.0,0.0,0.0,0
39.5,-2.9022,0.917,129.6839,0.0,-0.2396,129.6839,,,,,,,,,,,,0.0,0.0,0.0,0.0,0
39.52,-2.9022,0.917,129.6839,0.0,-0.2396,129.6839,,,,,,,,,,,,0.0,0.0,0.0,0.0,0
39.54,-2.9022,0.917,129.6839,0.0,-0.2396,129.6839,,,,,,,,,,,,0.0,0.0,0.0,0.0,0
39.56,-2.9022,0.917,129.6839,0.0,-0.2396,129.6839,,,,,,,,,,,,0.0,0.0,0.0,0.0,0
39.58,-2.9022,0.917,129.6839,0.0,-0.2396,129.6839,,,,,,,,,,,,0.0,0.0,0.0,0.0,0
39.6,-2.9022,0.917,129.6839,0.0,-0.2396,129.6839,,,,,,,,,,,,0.0,0.0,0.0,0.0,0
39.62,-2.9022,0.917,129.6839,0.0,-0.2396,129.6839,,,,,,,,,,,,0.0,0.0,0.0,0.0,0
39.64,-2.9022,0.917,129.6839,0.0,-0.2396,129.6839,,,,,,,,,,,,0.0,0.0,0.0,0.0,0
39.66,-2.9022,0.917,129.6839,0.0,-0.2396,129.6839,,,,,,,,,,,,0.0,0.0,0.0,0.0,0
39.68,-2.9022,0.917,129.6839,0.0,-0.2396,129.6839,,,,,,,,,,,,0.0,0.0,0.0,0.0,0
39.7,-2.9022,0.917,129.6839,0.0,-0.2396,129.6839,,,,,,,,,,,,0.0,0.0,0.0,0.0,0
39.72,-2.9022,0.917,129.6839,0.0,-0.2396,129.6839,,,,,,,,,,,,0.0,0.0,0.0,0.0,0
39.74,-2.9022,0.917,129.6839,0.0,-0.2396,129.6839,,,,,,,,,,,,0.0,0.0,0.0,0.0,0
39.76,-2.9022,0.917,129.6839,0.0,-0.2396,129.6839,,,,,,,,,,,,0.0,0.0,0.0,0.0,0
39.78,-2.9022,0.917,129.6839,0.0,-0.2396,129.6839,,,,,,,,,,,,0.0,0.0,0.0,0.0,0
39.8,-2.9022,0.917,129.6839,0.0,-0.2396,129.6839,,,,,,,,,,,,0.0,0.0,0.0,0.0,0
39.82,-2.9022,0.917,129.6839,0.0,-0.2396,129.6839,,,,,,,,,,,,0.0,0.0,0.0,0.0,0
39.84,-2.9022,0.917,129.6839,0.0,-0.2396,129.6839,,,,,,,,,,,,0.0,0.0,0.0,0.0,0
39.86,-2.9022,0.917,129.6839,0.0,-0.2396,129.6839,,,,,,,,,,,,0.0,0.0,0.0,0.0,0
39.88,-2.9022,0.917,129.6839,0.0,-0.2396,129.6839,,,,,,,,,,,,0.0,0.0,0.0,0.0,0
39.9,-2.9022,0.917,129.6839,0.0,-0.2396,129.6839,,,,,,,,,,,,0.0,0.0,0.0,0.0,0
39.92,-2.9022,0.917,129.6839,0.0,-0.2396,129.6839,,,,,,,,,,,,0.0,0.0,0.0,0.0,0
39.94,-2.9022,0.917,129.6839,0.0,-0.2396,129.6839,,,,,,,,,,,,0.0,0.0,0.0,0.0,0
39.96,-2.9022,0.917,129.6839,0.0,-0.2396,129.6839,,,,,,,,,,,,0.0,0.0,0.0,0.0,0
39.98,-2.9022,0.917,129.6839,0.0,-0.2396,129.6839,,,,,,,,,,,,0.0,0.0,0.0,0.0,0
40.0,-2.9022,0.917,129.6839,0.0,-0.2396,129.6839,,,,,,,,,,,,0.0,0.0,0.0,0.0,0
40.02,-2.9022,0.917,129.6839,0.0,-0.2396,129.6839,,,,,,,,,,,,0.0,0.0,0.0,0.0,0
40.04,-2.9022,0.917,129.6839,0.0,-0.2396,129.6839,,,,,,,,,,,,0.0,0.0,0.0,0.0,0
40.06,-2.9022,0.917,129.6839,0.0,-0.2396,129.6839,,,,,,,,,,,,0.0,0.0,0.0,0.0,0
40.08,-2.9022,0.917,129.6839,0.0,-0.2396,129.6839,,,,,,,,,,,,0.0,0.0,0.0,0.0,0
40.1,-2.9022,0.917,129.6839,0.0,-0.2396,129.6839,,,,,,,,,,,,0.0,0.0,0.0,0.0,0
40.12,-2.9022,0.917,129.6839,0.0,-0.2396,129.6839,,,,,,,,,,,,0.0,0.0,0.0,0.0,0
40.14,-2.9022,0.917,129.6839,0.0,-0.2396,129.6839,,,,,,,,,,,,0.0,0.0,0.0,0.0,0
40.16,-2.9022,0.917,129.6839,0.0,-0.2396,129.6839,,,,,,,,,,,,0.0,0.0,0.0,0.0,0
40.18,-2.9022,0.917,129.6839,0.0,-0.2396,129.6839,,,,,,,,,,,,0.0,0.0,0.0,0.0,0
40.2,-2.9022,0.917,129.6839,0.0,-0.2396,129.6839,,,,,,,,,,,,0.0,0.0,0.0,0.0,0
40.22,-2.9022,0.917,129.6839,0.0,-0.2396,129.6839,,,,,,,,,,,,0.0,0.0,0.0,0.0,0
40.24,-2.9022,0.917,129.6839,0.0,-0.2396,129.6839,,,,,,,,,,,,0.0,0.0,0.0,0.0,0
40.26,-2.9022,0.917,129.6839,0.0,-0.2396,129.6839,,,,,,,,,,,,0.0,0.0,0.0,0.0,0
40.28,-2.9022,0.917,129.6839,0.0,-0.2396,129.6839,,,,,,,,,,,,0.0,0.0,0.0,0.0,0
40.3,-2.9022,0.917,129.6839,0.0,-0.2396,129.6839,,,,,,,,,,,,0.0,0.0,0.0,0.0,0
40.32,-2.9022,0.917,129.6839,0.0,-0.2396,129.6839,,,,,,,,,,,,0.0,0.0,0.0,0.0,0
40.34,-2.9022,0.917,129.6839,0.0,-0.2396,129.6839,,,,,,,,,,,,0.0,0.0,0.0,0.0,0
40.36,-2.9022,0.917,129.6839,0.0,-0.2396,129.6839,,,,,,,,,,,,0.0,0.0,0.0,0.0,0
40.38,-2.9022,0.917,129.6839,0.0,-0.2396,129.6839,,,,,,,,,,,,0.0,0.0,0.0,0.0,0
40.4,-2.9022,0.917,129.6839,0.0,-0.2396,129.6839,,,,,,,,,,,,0.0,0.0,0.0,0.0,0
40.42,-2.9022,0.917,129.6839,0.0,-0.2396,129.6839,,,,,,,,,,,,0.0,0.0,0.0,0.0,0
40.44,-2.9022,0.917,129.6839,0.0,-0.2396,129.6839,,,,,,,,,,,,0.0,0.0,0.0,0.0,0
40.46,-2.9022,0.917,129.6839,0.0,-0.2396,129.6839,,,,,,,,,,,,0.0,0.0,0.0,0.0,0
40.48,-2.9022,0.917,129.6839,0.0,-0.2396,129.6839,,,,,,,,,,,,0.0,0.0,0.0,0.0,0
40.5,-2.9022,0.917,129.6839,0.0,-0.2396,129.6839,,,,,,,,,,,,0.0,0.0,0.0,0.0,0
40.52,-2.9022,0.917,129.6839,0.0,-0.2396,129.6839,,,,,,,,,,,,0.0,0.0,0.0,0.0,0
40.54,-2.9022,0.917,129.6839,0.0,-0.2396,129.6839,,,,,,,,,,,,0.0,0.0,0.0,0.0,0
40.56,-2.9022,0.917,129.6839,0.0,-0.2396,129.6839,,,,,,,,,,,,0.0,0.0,0.0,0.0,0
40.58,-2.9022,0.917,129.6839,0.0,-0.2396,129.6839,,,,,,,,,,,,0.0,0.0,0.0,0.0,0
40.6,-2.9022,0.917,129.6839,0.0,-0.2396,129.6839,,,,,,,,,,,,0.0,0.0,0.0,0.0,0
40.62,-2.9022,0.917,129.6839,0.0,-0.2396,129.6839,,,,,,,,,,,,0.0,0.0,0.0,0.0,0
40.64,-2.9022,0.917,129.6839,0.0,-0.2396,129.6839,,,,,,,,,,,,0.0,0.0,0.0,0.0,0
40.66,-2.9022,0.917,129.6839,0.0,-0.2396,129.6839,,,,,,,,,,,,0.0,0.0,0.0,0.0,0
40.68,-2.9022,0.917,129.6839,0.0,-0.2396,129.6839,,,,,,,,,,,,0.0,0.0,0.0,0.0,0
40.7,-2.9022,0.917,129.6839,0.0,-0.2396,129.6839,,,,,,,,,,,,0.0,0.0,0.0,0.0,0
40.72,-2.9022,0.917,129.6839,0.0,-0.2396,129.6839,,,,,,,,,,,,0.0,0.0,0.0,0.0,0
40.74,-2.9022,0.917,129.6839,0.0,-0.2396,129.6839,,,,,,,,,,,,0.0,0.0,0.0,0.0,0
40.76,-2.9022,0.917,129.6839,0.0,-0.2396,129.6839,,,,,,,,,,,,0.0,0.0,0.0,0.0,0
40.78,-2.9022,0.917,129.6839,0.0,-0.2396,129.6839,,,,,,,,,,,,0.0,0.0,0.0,0.0,0
40.8,-2.9022,0.917,129.6839,0.0,-0.2396,129.6839,,,,,,,,,,,,0.0,0.0,0.0,0.0,0
40.82,-2.9022,0.917,129.6839,0.0,-0.2396,129.6839,,,,,,,,,,,,0.0,0.0,0.0,0.0,0
40.84,-2.9022,0.917,129.6839,0.0,-0.2396,129.6839,,,,,,,,,,,,0.0,0.0,0.0,0.0,0
40.86,-2.9022,0.917,129.6839,0.0,-0.2396,129.6839,,,,,,,,,,,,0.0,0.0,0.0,0.0,0
40.88,-2.9022,0.917,129.6839,0.0,-0.2396,129.6839,,,,,,,,,,,,0.0,0.0,0.0,0.0,0
40.9,-2.9022,0.917,129.6839,0.0,-0.2396,129.6839,,,,,,,,,,,,0.0,0.0,0.0,0.0,0
40.92,-2.9022,0.917,129.6839,0.0,-0.2396,129.6839,,,,,,,,,,,,0.0,0.0,0.0,0.0,0
40.94,-2.9022,0.917,129.6839,0.0,-0.2396,129.6839,,,,,,,,,,,,0.0,0.0,0.0,0.0,0
40.96,-2.9022,0.917,129.6839,0.0,-0.2396,129.6839,,,,,,,,,,,,0.0,0.0,0.0,0.0,0
40.98,-2.9022,0.917,129.6839,0.0,-0.2396,129.6839,,,,,,,,,,,,0.0,0.0,0.0,0.0,0
41.0,-2.9022,0.917,129.6839,0.0,-0.2396,129.6839,,,,,,,,,,,,0.0,0.0,0.0,0.0,0
41.02,-2.9022,0.917,129.6839,0.0,-0.2396,129.6839,,,,,,,,,,,,0.0,0.0,0.0,0.0,0
41.04,-2.9022,0.917,129.6839,0.0,-0.2396,129.6839,,,,,,,,,,,,0.0,0.0,0.0,0.0,0
41.06,-2.9022,0.917,129.6839,0.0,-0.2396,129.6839,,,,,,,,,,,,0.0,0.0,0.0,0.0,0
41.08,-2.9022,0.917,129.6839,0.0,-0.2396,129.6839,,,,,,,,,,,,0.0,0.0,0.0,0.0,0
41.1,-2.9022,0.917,129.6839,0.0,-0.2396,129.6839,,,,,,,,,,,,0.0,0.0,0.0,0.0,0
41.12,-2.9022,0.917,129.6839,0.0,-0.2396,129.6839,,,,,,,,,,,,0.0,0.0,0.0,0.0,0
41.14,-2.9022,0.917,129.6839,0.0,-0.2396,129.6839,,,,,,,,,,,,0.0,0.0,0.0,0.0,0
41.16,-2.9022,0.917,129.6839,0.0,-0.2396,129.6839,,,,,,,,,,,,0.0,0.0,0.0,0.0,0
41.18,-2.9022,0.917,129.6839,0.0,-0.2396,129.6839,,,,,,,,,,,,0.0,0.0,0.0,0.0,0
41.2,-2.9022,0.917,129.6839,0.0,-0.2396,129.6839,,,,,,,,,,,,0.0,0.0,0.0,0.0,0
41.22,-2.9022,0.917,129.6839,0.0,-0.2396,129.6839,,,,,,,,,,,,0.0,0.0,0.0,0.0,0
41.24,-2.9022,0.917,129.6839,0.0,-0.2396,129.6839,,,,,,,,,,,,0.0,0.0,0.0,0.0,0
41.26,-2.9022,0.917,129.6839,0.0,-0.2396,129.6839,,,,,,,,,,,,0.0,0.0,0.0,0.0,0
41.28,-2.9022,0.917,129.6839,0.0,-0.2396,129.6839,,,,,,,,,,,,0.0,0.0,0.0,0.0,0
41.3,-2.9022,0.917,129.6839,0.0,-0.2396,129.6839,,,,,,,,,,,,0.0,0.0,0.0,0.0,0
41.32,-2.9022,0.917,129.6839,0.0,-0.2396,129.6839,,,,,,,,,,,,0.0,0.0,0.0,0.0,0
41.34,-2.9022,0.917,129.6839,0.0,-0.2396,129.6839,,,,,,,,,,,,0.0,0.0,0.0,0.0,0
41.36,-2.9022,0.917,129.6839,0.0,-0.2396,129.6839,,,,,,,,,,,,0.0,0.0,0.0,0.0,0
41.38,-2.9022,0.917,129.6839,0.0,-0.2396,129.6839,,,,,,,,,,,,0.0,0.0,0.0,0.0,0
41.4,-2.9022,0.917,129.6839,0.0,-0.2396,129.6839,,,,,,,,,,,,0.0,0.0,0.0,0.0,0
41.42,-2.9022,0.917,129.6839,0.0,-0.2396,129.6839,,,,,,,,,,,,0.0,0.0,0.0,0.0,0
41.44,-2.9022,0.917,129.6839,0.0,-0.2396,129.6839,,,,,,,,,,,,0.0,0.0,0.0,0.0,0
41.46,-2.9022,0.917,129.6839,0.0,-0.2396,129.6839,,,,,,,,,,,,0.0,0.0,0.0,0.0,0
41.48,-2.9022,0.917,129.6839,0.0,-0.2396,129.6839,,,,,,,,,,,,0.0,0.0,0.0,0.0,0
41.5,-2.9022,0.917,129.6839,0.0,-0.2396,129.6839,,,,,,,,,,,,0.0,0.0,0.0,0.0,0
41.52,-2.9022,0.917,129.6839,0.0,-0.2396,129.6839,,,,,,,,,,,,0.0,0.0,0.0,0.0,0
41.54,-2.9022,0.917,129.6839,0.0,-0.2396,129.6839,,,,,,,,,,,,0.0,0.0,0.0,0.0,0
41.56,-2.9022,0.917,129.6839,0.0,-0.2396,129.6839,,,,,,,,,,,,0.0,0.0,0.0,0.0,0
41.58,-2.9022,0.917,129.6839,0.0,-0.2396,129.6839,,,,,,,,,,,,0.0,0.0,0.0,0.0,0
41.6,-2.9022,0.917,129.6839,0.0,-0.2396,129.6839,,,,,,,,,,,,0.0,0.0,0.0,0.0,0
41.62,-2.9022,0.917,129.6839,0.0,-0.2396,129.6839,,,,,,,,,,,,0.0,0.0,0.0,0.0,0
41.64,-2.9022,0.917,129.6839,0.0,-0.2396,129.6839,,,,,,,,,,,,0.0,0.0,0.0,0.0,0
41.66,-2.9022,0.917,129.6839,0.0,-0.2396,129.6839,,,,,,,,,,,,0.0,0.0,0.0,0.0,0
41.68,-2.9022,0.917,129.6839,0.0,-0.2396,129.6839,,,,,,,,,,,,0.0,0.0,0.0,0.0,0
41.7,-2.9022,0.917,129.6839,0.0,-0.2396,129.6839,,,,,,,,,,,,0.0,0.0,0.0,0.0,0
41.72,-2.9022,0.917,129.6839,0.0,-0.2396,129.6839,,,,,,,,,,,,0.0,0.0,0.0,0.0,0
41.74,-2.9022,0.917,129.6839,0.0,-0.2396,129.6839,,,,,,,,,,,,0.0,0.0,0.0,0.0,0
41.76,-2.9022,0.917,129.6839,0.0,-0.2396,129.6839,,,,,,,,,,,,0.0,0.0,0.0,0.0,0
41.78,-2.9022,0.917,129.6839,0.0,-0.2396,129.6839,,,,,,,,,,,,0.0,0.0,0.0,0.0,0
41.8,-2.9022,0.917,129.6839,0.0,-0.2396,129.6839,,,,,,,,,,,,0.0,0.0,0.0,0.0,0
41.82,-2.9022,0.917,129.6839,0.0,-0.2396,129.6839,,,,,,,,,,,,0.0,0.0,0.0,0.0,0
41.84,-2.9022,0.917,129.6839,0.0,-0.2396,129.6839,,,,,,,,,,,,0.0,0.0,0.0,0.0,0
41.86,-2.9022,0.917,129.6839,0.0,-0.2396,129.6839,,,,,,,,,,,,0.0,0.0,0.0,0.0,0
41.88,-2.9022,0.917,129.6839,0.0,-0.2396,129.6839,,,,,,,,,,,,0.0,0.0,0.0,0.0,0
41.9,-2.9022,0.917,129.6839,0.0,-0.2396,129.6839,,,,,,,,,,,,0.0,0.0,0.0,0.0,0
41.92,-2.9022,0.917,129.6839,0.0,-0.2396,129.6839,,,,,,,,,,,,0.0,0.0,0.0,0.0,0
41.94,-2.9022,0.917,129.6839,0.0,-0.2396,129.6839,,,,,,,,,,,,0.0,0.0,0.0,0.0,0
41.96,-2.9022,0.917,129.6839,0.0,-0.2396,129.6839,,,,,,,,,,,,0.0,0.0,0.0,0.0,0
41.98,-2.9022,0.917,129.6839,0.0,-0.2396,129.6839,,,,,,,,,,,,0.0,0.0,0.0,0.0,0
42.0,-2.9022,0.917,129.6839,0.0,-0.2396,129.6839,,,,,,,,,,,,0.0,0.0,0.0,0.0,0
42.02,-2.9022,0.917,129.6839,0.0,-0.2396,129.6839,,,,,,,,,,,,0.0,0.0,0.0,0.0,0
42.04,-2.9022,0.917,129.6839,0.0,-0.2396,129.6839,,,,,,,,,,,,0.0,0.0,0.0,0.0,0
42.06,-2.9022,0.917,129.6839,0.0,-0.2396,129.6839,,,,,,,,,,,,0.0,0.0,0.0,0.0,0
42.08,-2.9022,0.917,129.6839,0.0,-0.2396,129.6839,,,,,,,,,,,,0.0,0.0,0.0,0.0,0
42.1,-2.9022,0.917,129.6839,0.0,-0.2396,129.6839,,,,,,,,,,,,0.0,0.0,0.0,0.0,0
42.12,-2.9022,0.917,129.6839,0.0,-0.2396,129.6839,,,,,,,,,,,,0.0,0.0,0.0,0.0,0
42.14,-2.9022,0.917,129.6839,0.0,-0.2396,129.6839,,,,,,,,,,,,0.0,0.0,0.0,0.0,0
42.16,-2.9022,0.917,129.6839,0.0,-0.2396,129.6839,,,,,,,,,,,,0.0,0.0,0.0,0.0,0
42.18,-2.9022,0.917,129.6839,0.0,-0.2396,129.6839,,,,,,,,,,,,0.0,0.0,0.0,0.0,0
42.2,-2.9022,0.917,129.6839,0.0,-0.2396,129.6839,,,,,,,,,,,,0.0,0.0,0.0,0.0,0
42.22,-2.9022,0.917,129.6839,0.0,-0.2396,129.6839,,,,,,,,,,,,0.0,0.0,0.0,0.0,0
42.24,-2.9022,0.917,129.6839,0.0,-0.2396,129.6839,,,,,,,,,,,,0.0,0.0,0.0,0.0,0
42.26,-2.9022,0.917,129.6839,0.0,-0.2396,129.6839,,,,,,,,,,,,0.0,0.0,0.0,0.0,0
42.28,-2.9022,0.917,129.6839,0.0,-0.2396,129.6839,,,,,,,,,,,,0.0,0.0,0.0,0.0,0
42.3,-2.9022,0.917,129.6839,0.0,-0.2396,129.6839,,,,,,,,,,,,0.0,0.0,0.0,0.0,0
42.32,-2.9022,0.917,129.6839,0.0,-0.2396,129.6839,,,,,,,,,,,,0.0,0.0,0.0,0.0,0
42.34,-2.9022,0.917,129.6839,0.0,-0.2396,129.6839,,,,,,,,,,,,0.0,0.0,0.0,0.0,0
42.36,-2.9022,0.917,129.6839,0.0,-0.2396,129.6839,,,,,,,,,,,,0.0,0.0,0.0,0.0,0
42.38,-2.9022,0.917,129.6839,0.0,-0.2396,129.6839,,,,,,,,,,,,0.0,0.0,0.0,0.0,0
42.4,-2.9022,0.917,129.6839,0.0,-0.2396,129.6839,,,,,,,,,,,,0.0,0.0,0.0,0.0,0
42.42,-2.9022,0.917,129.6839,0.0,-0.2396,129.6839,,,,,,,,,,,,0.0,0.0,0.0,0.0,0
42.44,-2.9022,0.917,129.6839,0.0,-0.2396,129.6839,,,,,,,,,,,,0.0,0.0,0.0,0.0,0
42.46,-2.9022,0.917,129.6839,0.0,-0.2396,129.6839,,,,,,,,,,,,0.0,0.0,0.0,0.0,0
42.48,-2.9022,0.917,129.6839,0.0,-0.2396,129.6839,,,,,,,,,,,,0.0,0.0,0.0,0.0,0
42.5,-2.9022,0.917,129.6839,0.0,-0.2396,129.6839,,,,,,,,,,,,0.0,0.0,0.0,0.0,0
42.52,-2.9022,0.917,129.6839,0.0,-0.2396,129.6839,,,,,,,,,,,,0.0,0.0,0.0,0.0,0
42.54,-2.9022,0.917,129.6839,0.0,-0.2396,129.6839,,,,,,,,,,,,0.0,0.0,0.0,0.0,0
42.56,-2.9022,0.917,129.6839,0.0,-0.2396,129.6839,,,,,,,,,,,,0.0,0.0,0.0,0.0,0
42.58,-2.9022,0.917,129.6839,0.0,-0.2396,129.6839,,,,,,,,,,,,0.0,0.0,0.0,0.0,0
42.6,-2.9022,0.917,129.6839,0.0,-0.2396,129.6839,,,,,,,,,,,,0.0,0.0,0.0,0.0,0
42.62,-2.9022,0.917,129.6839,0.0,-0.2396,129.6839,,,,,,,,,,,,0.0,0.0,0.0,0.0,0
42.64,-2.9022,0.917,129.6839,0.0,-0.2396,129.6839,,,,,,,,,,,,0.0,0.0,0.0,0.0,0
42.66,-2.9022,0.917,129.6839,0.0,-0.2396,129.6839,,,,,,,,,,,,0.0,0.0,0.0,0.0,0
42.68,-2.9022,0.917,129.6839,0.0,-0.2396,129.6839,,,,,,,,,,,,0.0,0.0,0.0,0.0,0
42.7,-2.9022,0.917,129.6839,0.0,-0.2396,129.6839,,,,,,,,,,,,0.0,0.0,0.0,0.0,0
42.72,-2.9022,0.917,129.6839,0.0,-0.2396,129.6839,,,,,,,,,,,,0.0,0.0,0.0,0.0,0
42.74,-2.9022,0.917,129.6839,0.0,-0.2396,129.6839,,,,,,,,,,,,0.0,0.0,0.0,0.0,0
42.76,-2.9022,0.917,129.6839,0.0,-0.2396,129.6839,,,,,,,,,,,,0.0,0.0,0.0,0.0,0
42.78,-2.9022,0.917,129.6839,0.0,-0.2396,129.6839,,,,,,,,,,,,0.0,0.0,0.0,0.0,0
42.8,-2.9022,0.917,129.6839,0.0,-0.2396,129.6839,,,,,,,,,,,,0.0,0.0,0.0,0.0,0
42.82,-2.9022,0.917,129.6839,0.0,-0.2396,129.6839,,,,,,,,,,,,0.0,0.0,0.0,0.0,0
42.84,-2.9022,0.917,129.6839,0.0,-0.2396,129.6839,,,,,,,,,,,,0.0,0.0,0.0,0.0,0
42.86,-2.9022,0.917,129.6839,0.0,-0.2396,129.6839,,,,,,,,,,,,0.0,0.0,0.0,0.0,0
42.88,-2.9022,0.917,129.6839,0.0,-0.2396,129.6839,,,,,,,,,,,,0.0,0.0,0.0,0.0,0
42.9,-2.9022,0.917,129.6839,0.0,-0.2396,129.6839,,,,,,,,,,,,0.0,0.0,0.0,0.0,0
42.92,-2.9022,0.917,129.6839,0.0,-0.2396,129.6839,,,,,,,,,,,,0.0,0.0,0.0,0.0,0
42.94,-2.9022,0.917,129.6839,0.0,-0.2396,129.6839,,,,,,,,,,,,0.0,0.0,0.0,0.0,0
42.96,-2.9022,0.917,129.6839,0.0,-0.2396,129.6839,,,,,,,,,,,,0.0,0.0,0.0,0.0,0
42.98,-2.9022,0.917,129.6839,0.0,-0.2396,129.6839,,,,,,,,,,,,0.0,0.0,0.0,0.0,0
43.0,-2.9022,0.917,129.6839,0.0,-0.2396,129.6839,,,,,,,,,,,,0.0,0.0,0.0,0.0,0
43.02,-2.9022,0.917,129.6839,0.0,-0.2396,129.6839,,,,,,,,,,,,0.0,0.0,0.0,0.0,0
43.04,-2.9022,0.917,129.6839,0.0,-0.2396,129.6839,,,,,,,,,,,,0.0,0.0,0.0,0.0,0
43.06,-2.9022,0.917,129.6839,0.0,-0.2396,129.6839,,,,,,,,,,,,0.0,0.0,0.0,0.0,0
43.08,-2.9022,0.917,129.6839,0.0,-0.2396,129.6839,,,,,,,,,,,,0.0,0.0,0.0,0.0,0
43.1,-2.9022,0.917,129.6839,0.0,-0.2396,129.6839,,,,,,,,,,,,0.0,0.0,0.0,0.0,0
43.12,-2.9022,0.917,129.6839,0.0,-0.2396,129.6839,,,,,,,,,,,,0.0,0.0,0.0,0.0,0
43.14,-2.9022,0.917,129.6839,0.0,-0.2396,129.6839,,,,,,,,,,,,0.0,0.0,0.0,0.0,0
43.16,-2.9022,0.917,129.6839,0.0,-0.2396,129.6839,,,,,,,,,,,,0.0,0.0,0.0,0.0,0
43.18,-2.9022,0.917,129.6839,0.0,-0.2396,129.6839,,,,,,,,,,,,0.0,0.0,0.0,0.0,0
43.2,-2.9022,0.917,129.6839,0.0,-0.2396,129.6839,,,,,,,,,,,,0.0,0.0,0.0,0.0,0
43.22,-2.9022,0.917,129.6839,0.0,-0.2396,129.6839,,,,,,,,,,,,0.0,0.0,0.0,0.0,0
43.24,-2.9022,0.917,129.6839,0.0,-0.2396,129.6839,,,,,,,,,,,,0.0,0.0,0.0,0.0,0
43.26,-2.9022,0.917,129.6839,0.0,-0.2396,129.6839,,,,,,,,,,,,0.0,0.0,0.0,0.0,0
43.28,-2.9022,0.917,129.6839,0.0,-0.2396,129.6839,,,,,,,,,,,,0.0,0.0,0.0,0.0,0
43.3,-2.9022,0.917,129.6839,0.0,-0.2396,129.6839,,,,,,,,,,,,0.0,0.0,0.0,0.0,0
43.32,-2.9022,0.917,129.6839,0.0,-0.2396,129.6839,,,,,,,,,,,,0.0,0.0,0.0,0.0,0
43.34,-2.9022,0.917,129.6839,0.0,-0.2396,129.6839,,,,,,,,,,,,0.0,0.0,0.0,0.0,0
43.36,-2.9022,0.917,129.6839,0.0,-0.2396,129.6839,,,,,,,,,,,,0.0,0.0,0.0,0.0,0
43.38,-2.9022,0.917,129.6839,0.0,-0.2396,129.6839,,,,,,,,,,,,0.0,0.0,0.0,0.0,0
43.4,-2.9022,0.917,129.6839,0.0,-0.2396,129.6839,,,,,,,,,,,,0.0,0.0,0.0,0.0,0
43.42,-2.9022,0.917,129.6839,0.0,-0.2396,129.6839,,,,,,,,,,,,0.0,0.0,0.0,0.0,0
43.44,-2.9022,0.917,129.6839,0.0,-0.2396,129.6839,,,,,,,,,,,,0.0,0.0,0.0,0.0,0
43.46,-2.9022,0.917,129.6839,0.0,-0.2396,129.6839,,,,,,,,,,,,0.0,0.0,0.0,0.0,0
43.48,-2.9022,0.917,129.6839,0.0,-0.2396,129.6839,,,,,,,,,,,,0.0,0.0,0.0,0.0,0
43.5,-2.9022,0.917,129.6839,0.0,-0.2396,129.6839,,,,,,,,,,,,0.0,0.0,0.0,0.0,0
43.52,-2.9022,0.917,129.6839,0.0,-0.2396,129.6839,,,,,,,,,,,,0.0,0.0,0.0,0.0,0
43.54,-2.9022,0.917,129.6839,0.0,-0.2396,129.6839,,,,,,,,,,,,0.0,0.0,0.0,0.0,0
43.56,-2.9022,0.917,129.6839,0.0,-0.2396,129.6839,,,,,,,,,,,,0.0,0.0,0.0,0.0,0
43.58,-2.9022,0.917,129.6839,0.0,-0.2396,129.6839,,,,,,,,,,,,0.0,0.0,0.0,0.0,0
43.6,-2.9022,0.917,129.6839,0.0,-0.2396,129.6839,,,,,,,,,,,,0.0,0.0,0.0,0.0,0
43.62,-2.9022,0.917,129.6839,0.0,-0.2396,129.6839,,,,,,,,,,,,0.0,0.0,0.0,0.0,0
43.64,-2.9022,0.917,129.6839,0.0,-0.2396,129.6839,,,,,,,,,,,,0.0,0.0,0.0,0.0,0
43.66,-2.9022,0.917,129.6839,0.0,-0.2396,129.6839,,,,,,,,,,,,0.0,0.0,0.0,0.0,0
43.68,-2.9022,0.917,129.6839,0.0,-0.2396,129.6839,,,,,,,,,,,,0.0,0.0,0.0,0.0,0
43.7,-2.9022,0.917,129.6839,0.0,-0.2396,129.6839,,,,,,,,,,,,0.0,0.0,0.0,0.0,0
43.72,-2.9022,0.917,129.6839,0.0,-0.2396,129.6839,,,,,,,,,,,,0.0,0.0,0.0,0.0,0
43.74,-2.9022,0.917,129.6839,0.0,-0.2396,129.6839,,,,,,,,,,,,0.0,0.0,0.0,0.0,0
43.76,-2.9022,0.917,129.6839,0.0,-0.2396,129.6839,,,,,,,,,,,,0.0,0.0,0.0,0.0,0
43.78,-2.9022,0.917,129.6839,0.0,-0.2396,129.6839,,,,,,,,,,,,0.0,0.0,0.0,0.0,0
43.8,-2.9022,0.917,129.6839,0.0,-0.2396,129.6839,,,,,,,,,,,,0.0,0.0,0.0,0.0,0
43.82,-2.9022,0.917,129.6839,0.0,-0.2396,129.6839,,,,,,,,,,,,0.0,0.0,0.0,0.0,0
43.84,-2.9022,0.917,129.6839,0.0,-0.2396,129.6839,,,,,,,,,,,,0.0,0.0,0.0,0.0,0
43.86,-2.9022,0.917,129.6839,0.0,-0.2396,129.6839,,,,,,,,,,,,0.0,0.0,0.0,0.0,0
43.88,-2.9022,0.917,129.6839,0.0,-0.2396,129.6839,,,,,,,,,,,,0.0,0.0,0.0,0.0,0
43.9,-2.9022,0.917,129.6839,0.0,-0.2396,129.6839,,,,,,,,,,,,0.0,0.0,0.0,0.0,0
43.92,-2.9022,0.917,129.6839,0.0,-0.2396,129.6839,,,,,,,,,,,,0.0,0.0,0.0,0.0,0
43.94,-2.9022,0.917,129.6839,0.0,-0.2396,129.6839,,,,,,,,,,,,0.0,0.0,0.0,0.0,0
43.96,-2.9022,0.917,129.6839,0.0,-0.2396,129.6839,,,,,,,,,,,,0.0,0.0,0.0,0.0,0
43.98,-2.9022,0.917,129.6839,0.0,-0.2396,129.6839,,,,,,,,,,,,0.0,0.0,0.0,0.0,0
44.0,-2.9022,0.917,129.6839,0.0,-0.2396,129.6839,,,,,,,,,,,,0.0,0.0,0.0,0.0,0
44.02,-2.9022,0.917,129.6839,0.0,-0.2396,129.6839,,,,,,,,,,,,0.0,0.0,0.0,0.0,0
44.04,-2.9022,0.917,129.6839,0.0,-0.2396,129.6839,,,,,,,,,,,,0.0,0.0,0.0,0.0,0
44.06,-2.9022,0.917,129.6839,0.0,-0.2396,129.6839,,,,,,,,,,,,0.0,0.0,0.0,0.0,0
44.08,-2.9022,0.917,129.6839,0.0,-0.2396,129.6839,,,,,,,,,,,,0.0,0.0,0.0,0.0,0
44.1,-2.9022,0.917,129.6839,0.0,-0.2396,129.6839,,,,,,,,,,,,0.0,0.0,0.0,0.0,0
44.12,-2.9022,0.917,129.6839,0.0,-0.2396,129.6839,,,,,,,,,,,,0.0,0.0,0.0,0.0,0
44.14,-2.9022,0.917,129.6839,0.0,-0.2396,129.6839,,,,,,,,,,,,0.0,0.0,0.0,0.0,0
44.16,-2.9022,0.917,129.6839,0.0,-0.2396,129.6839,,,,,,,,,,,,0.0,0.0,0.0,0.0,0
44.18,-2.9022,0.917,129.6839,0.0,-0.2396,129.6839,,,,,,,,,,,,0.0,0.0,0.0,0.0,0
44.2,-2.9022,0.917,129.6839,0.0,-0.2396,129.6839,,,,,,,,,,,,0.0,0.0,0.0,0.0,0
44.22,-2.9022,0.917,129.6839,0.0,-0.2396,129.6839,,,,,,,,,,,,0.0,0.0,0.0,0.0,0
44.24,-2.9022,0.917,129.6839,0.0,-0.2396,129.6839,,,,,,,,,,,,0.0,0.0,0.0,0.0,0
44.26,-2.9022,0.917,129.6839,0.0,-0.2396,129.6839,,,,,,,,,,,,0.0,0.0,0.0,0.0,0
44.28,-2.9022,0.917,129.6839,0.0,-0.2396,129.6839,,,,,,,,,,,,0.0,0.0,0.0,0.0,0
44.3,-2.9022,0.917,129.6839,0.0,-0.2396,129.6839,,,,,,,,,,,,0.0,0.0,0.0,0.0,0
44.32,-2.9022,0.917,129.6839,0.0,-0.2396,129.6839,,,,,,,,,,,,0.0,0.0,0.0,0.0,0
44.34,-2.9022,0.917,129.6839,0.0,-0.2396,129.6839,,,,,,,,,,,,0.0,0.0,0.0,0.0,0
44.36,-2.9022,0.917,129.6839,0.0,-0.2396,129.6839,,,,,,,,,,,,0.0,0.0,0.0,0.0,0
44.38,-2.9022,0.917,129.6839,0.0,-0.2396,129.6839,,,,,,,,,,,,0.0,0.0,0.0,0.0,0
44.4,-2.9022,0.917,129.6839,0.0,-0.2396,129.6839,,,,,,,,,,,,0.0,0.0,0.0,0.0,0
44.42,-2.9022,0.917,129.6839,0.0,-0.2396,129.6839,,,,,,,,,,,,0.0,0.0,0.0,0.0,0
44.44,-2.9022,0.917,129.6839,0.0,-0.2396,129.6839,,,,,,,,,,,,0.0,0.0,0.0,0.0,0
44.46,-2.9022,0.917,129.6839,0.0,-0.2396,129.6839,,,,,,,,,,,,0.0,0.0,0.0,0.0,0
44.48,-2.9022,0.917,129.6839,0.0,-0.2396,129.6839,,,,,,,,,,,,0.0,0.0,0.0,0.0,0
44.5,-2.9022,0.917,129.6839,0.0,-0.2396,129.6839,,,,,,,,,,,,0.0,0.0,0.0,0.0,0
44.52,-2.9022,0.917,129.6839,0.0,-0.2396,129.6839,,,,,,,,,,,,0.0,0.0,0.0,0.0,0
44.54,-2.9022,0.917,129.6839,0.0,-0.2396,129.6839,,,,,,,,,,,,0.0,0.0,0.0,0.0,0
44.56,-2.9022,0.917,129.6839,0.0,-0.2396,129.6839,,,,,,,,,,,,0.0,0.0,0.0,0.0,0
44.58,-2.9022,0.917,129.6839,0.0,-0.2396,129.6839,,,,,,,,,,,,0.0,0.0,0.0,0.0,0
44.6,-2.9022,0.917,129.6839,0.0,-0.2396,129.6839,,,,,,,,,,,,0.0,0.0,0.0,0.0,0
44.62,-2.9022,0.917,129.6839,0.0,-0.2396,129.6839,,,,,,,,,,,,0.0,0.0,0.0,0.0,0
44.64,-2.9022,0.917,129.6839,0.0,-0.2396,129.6839,,,,,,,,,,,,0.0,0.0,0.0,0.0,0
44.66,-2.9022,0.917,129.6839,0.0,-0.2396,129.6839,,,,,,,,,,,,0.0,0.0,0.0,0.0,0
44.68,-2.9022,0.917,129.6839,0.0,-0.2396,129.6839,,,,,,,,,,,,0.0,0.0,0.0,0.0,0
44.7,-2.9022,0.917,129.6839,0.0,-0.2396,129.6839,,,,,,,,,,,,0.0,0.0,0.0,0.0,0
44.72,-2.9022,0.917,129.6839,0.0,-0.2396,129.6839,,,,,,,,,,,,0.0,0.0,0.0,0.0,0
44.74,-2.9022,0.917,129.6839,0.0,-0.2396,129.6839,,,,,,,,,,,,0.0,0.0,0.0,0.0,0
44.76,-2.9022,0.917,129.6839,0.0,-0.2396,129.6839,,,,,,,,,,,,0.0,0.0,0.0,0.0,0
44.78,-2.9022,0.917,129.6839,0.0,-0.2396,129.6839,,,,,,,,,,,,0.0,0.0,0.0,0.0,0
44.8,-2.9022,0.917,129.6839,0.0,-0.2396,129.6839,,,,,,,,,,,,0.0,0.0,0.0,0.0,0
44.82,-2.9022,0.917,129.6839,0.0,-0.2396,129.6839,,,,,,,,,,,,0.0,0.0,0.0,0.0,0
44.84,-2.9022,0.917,129.6839,0.0,-0.2396,129.6839,,,,,,,,,,,,0.0,0.0,0.0,0.0,0
44.86,-2.9022,0.917,129.6839,0.0,-0.2396,129.6839,,,,,,,,,,,,0.0,0.0,0.0,0.0,0
44.88,-2.9022,0.917,129.6839,0.0,-0.2396,129.6839,,,,,,,,,,,,0.0,0.0,0.0,0.0,0
44.9,-2.9022,0.917,129.6839,0.0,-0.2396,129.6839,,,,,,,,,,,,0.0,0.0,0.0,0.0,0
44.92,-2.9022,0.917,129.6839,0.0,-0.2396,129.6839,,,,,,,,,,,,0.0,0.0,0.0,0.0,0
44.94,-2.9022,0.917,129.6839,0.0,-0.2396,129.6839,,,,,,,,,,,,0.0,0.0,0.0,0.0,0
44.96,-2.9022,0.917,129.6839,0.0,-0.2396,129.6839,,,,,,,,,,,,0.0,0.0,0.0,0.0,0
44.98,-2.9022,0.917,129.6839,0.0,-0.2396,129.6839,,,,,,,,,,,,0.0,0.0,0.0,0.0,0
45.0,-2.9022,0.917,129.6839,0.0,-0.2396,129.6839,,,,,,,,,,,,0.0,0.0,0.0,0.0,0
45.02,-2.9022,0.917,129.6839,0.0,-0.2396,129.6839,,,,,,,,,,,,0.0,0.0,0.0,0.0,0
45.04,-2.9022,0.917,129.6839,0.0,-0.2396,129.6839,,,,,,,,,,,,0.0,0.0,0.0,0.0,0
45.06,-2.9022,0.917,129.6839,0.0,-0.2396,129.6839,,,,,,,,,,,,0.0,0.0,0.0,0.0,0
45.08,-2.9022,0.917,129.6839,0.0,-0.2396,129.6839,,,,,,,,,,,,0.0,0.0,0.0,0.0,0
45.1,-2.9022,0.917,129.6839,0.0,-0.2396,129.6839,,,,,,,,,,,,0.0,0.0,0.0,0.0,0
45.12,-2.9022,0.917,129.6839,0.0,-0.2396,129.6839,,,,,,,,,,,,0.0,0.0,0.0,0.0,0
45.14,-2.9022,0.917,129.6839,0.0,-0.2396,129.6839,,,,,,,,,,,,0.0,0.0,0.0,0.0,0
45.16,-2.9022,0.917,129.6839,0.0,-0.2396,129.6839,,,,,,,,,,,,0.0,0.0,0.0,0.0,0
45.18,-2.9022,0.917,129.6839,0.0,-0.2396,129.6839,,,,,,,,,,,,0.0,0.0,0.0,0.0,0
45.2,-2.9022,0.917,129.6839,0.0,-0.2396,129.6839,,,,,,,,,,,,0.0,0.0,0.0,0.0,0
45.22,-2.9022,0.917,129.6839,0.0,-0.2396,129.6839,,,,,,,,,,,,0.0,0.0,0.0,0.0,0
45.24,-2.9022,0.917,129.6839,0.0,-0.2396,129.6839,,,,,,,,,,,,0.0,0.0,0.0,0.0,0
45.26,-2.9022,0.917,129.6839,0.0,-0.2396,129.6839,,,,,,,,,,,,0.0,0.0,0.0,0.0,0
45.28,-2.9022,0.917,129.6839,0.0,-0.2396,129.6839,,,,,,,,,,,,0.0,0.0,0.0,0.0,0
45.3,-2.9022,0.917,129.6839,0.0,-0.2396,129.6839,,,,,,,,,,,,0.0,0.0,0.0,0.0,0
45.32,-2.9022,0.917,129.6839,0.0,-0.2396,129.6839,,,,,,,,,,,,0.0,0.0,0.0,0.0,0
45.34,-2.9022,0.917,129.6839,0.0,-0.2396,129.6839,,,,,,,,,,,,0.0,0.0,0.0,0.0,0
45.36,-2.9022,0.917,129.6839,0.0,-0.2396,129.6839,,,,,,,,,,,,0.0,0.0,0.0,0.0,0
45.38,-2.9022,0.917,129.6839,0.0,-0.2396,129.6839,,,,,,,,,,,,0.0,0.0,0.0,0.0,0
45.4,-2.9022,0.917,129.6839,0.0,-0.2396,129.6839,,,,,,,,,,,,0.0,0.0,0.0,0.0,0
45.42,-2.9022,0.917,129.6839,0.0,-0.2396,129.6839,,,,,,,,,,,,0.0,0.0,0.0,0.0,0
45.44,-2.9022,0.917,129.6839,0.0,-0.2396,129.6839,,,,,,,,,,,,0.0,0.0,0.0,0.0,0
45.46,-2.9022,0.917,129.6839,0.0,-0.2396,129.6839,,,,,,,,,,,,0.0,0.0,0.0,0.0,0
45.48,-2.9022,0.917,129.6839,0.0,-0.2396,129.6839,,,,,,,,,,,,0.0,0.0,0.0,0.0,0
45.5,-2.9022,0.917,129.6839,0.0,-0.2396,129.6839,,,,,,,,,,,,0.0,0.0,0.0,0.0,0
45.52,-2.9022,0.917,129.6839,0.0,-0.2396,129.6839,,,,,,,,,,,,0.0,0.0,0.0,0.0,0
45.54,-2.9022,0.917,129.6839,0.0,-0.2396,129.6839,,,,,,,,,,,,0.0,0.0,0.0,0.0,0
45.56,-2.9022,0.917,129.6839,0.0,-0.2396,129.6839,,,,,,,,,,,,0.0,0.0,0.0,0.0,0
45.58,-2.9022,0.917,129.6839,0.0,-0.2396,129.6839,,,,,,,,,,,,0.0,0.0,0.0,0.0,0
45.6,-2.9022,0.917,129.6839,0.0,-0.2396,129.6839,,,,,,,,,,,,0.0,0.0,0.0,0.0,0
45.62,-2.9022,0.917,129.6839,0.0,-0.2396,129.6839,,,,,,,,,,,,0.0,0.0,0.0,0.0,0
45.64,-2.9022,0.917,129.6839,0.0,-0.2396,129.6839,,,,,,,,,,,,0.0,0.0,0.0,0.0,0
45.66,-2.9022,0.917,129.6839,0.0,-0.2396,129.6839,,,,,,,,,,,,0.0,0.0,0.0,0.0,0
45.68,-2.9022,0.917,129.6839,0.0,-0.2396,129.6839,,,,,,,,,,,,0.0,0.0,0.0,0.0,0
45.7,-2.9022,0.917,129.6839,0.0,-0.2396,129.6839,,,,,,,,,,,,0.0,0.0,0.0,0.0,0
45.72,-2.9022,0.917,129.6839,0.0,-0.2396,129.6839,,,,,,,,,,,,0.0,0.0,0.0,0.0,0
45.74,-2.9022,0.917,129.6839,0.0,-0.2396,129.6839,,,,,,,,,,,,0.0,0.0,0.0,0.0,0
45.76,-2.9022,0.917,129.6839,0.0,-0.2396,129.6839,,,,,,,,,,,,0.0,0.0,0.0,0.0,0
45.78,-2.9022,0.917,129.6839,0.0,-0.2396,129.6839,,,,,,,,,,,,0.0,0.0,0.0,0.0,0
45.8,-2.9022,0.917,129.6839,0.0,-0.2396,129.6839,,,,,,,,,,,,0.0,0.0,0.0,0.0,0
45.82,-2.9022,0.917,129.6839,0.0,-0.2396,129.6839,,,,,,,,,,,,0.0,0.0,0.0,0.0,0
45.84,-2.9022,0.917,129.6839,0.0,-0.2396,129.6839,,,,,,,,,,,,0.0,0.0,0.0,0.0,0
45.86,-2.9022,0.917,129.6839,0.0,-0.2396,129.6839,,,,,,,,,,,,0.0,0.0,0.0,0.0,0
45.88,-2.9022,0.917,129.6839,0.0,-0.2396,129.6839,,,,,,,,,,,,0.0,0.0,0.0,0.0,0
45.9,-2.9022,0.917,129.6839,0.0,-0.2396,129.6839,,,,,,,,,,,,0.0,0.0,0.0,0.0,0
45.92,-2.9022,0.917,129.6839,0.0,-0.2396,129.6839,,,,,,,,,,,,0.0,0.0,0.0,0.0,0
45.94,-2.9022,0.917,129.6839,0.0,-0.2396,129.6839,,,,,,,,,,,,0.0,0.0,0.0,0.0,0
45.96,-2.9022,0.917,129.6839,0.0,-0.2396,129.6839,,,,,,,,,,,,0.0,0.0,0.0,0.0,0
45.98,-2.9022,0.917,129.6839,0.0,-0.2396,129.6839,,,,,,,,,,,,0.0,0.0,0.0,0.0,0
46.0,-2.9022,0.917,129.6839,0.0,-0.2396,129.6839,,,,,,,,,,,,0.0,0.0,0.0,0.0,0
46.02,-2.9022,0.917,129.6839,0.0,-0.2396,129.6839,,,,,,,,,,,,0.0,0.0,0.0,0.0,0
46.04,-2.9022,0.917,129.6839,0.0,-0.2396,129.6839,,,,,,,,,,,,0.0,0.0,0.0,0.0,0
46.06,-2.9022,0.917,129.6839,0.0,-0.2396,129.6839,,,,,,,,,,,,0.0,0.0,0.0,0.0,0
46.08,-2.9022,0.917,129.6839,0.0,-0.2396,129.6839,,,,,,,,,,,,0.0,0.0,0.0,0.0,0
46.1,-2.9022,0.917,129.6839,0.0,-0.2396,129.6839,,,,,,,,,,,,0.0,0.0,0.0,0.0,0
46.12,-2.9022,0.917,129.6839,0.0,-0.2396,129.6839,,,,,,,,,,,,0.0,0.0,0.0,0.0,0
46.14,-2.9022,0.917,129.6839,0.0,-0.2396,129.6839,,,,,,,,,,,,0.0,0.0,0.0,0.0,0
46.16,-2.9022,0.917,129.6839,0.0,-0.2396,129.6839,,,,,,,,,,,,0.0,0.0,0.0,0.0,0
46.18,-2.9022,0.917,129.6839,0.0,-0.2396,129.6839,,,,,,,,,,,,0.0,0.0,0.0,0.0,0
46.2,-2.9022,0.917,129.6839,0.0,-0.2396,129.6839,,,,,,,,,,,,0.0,0.0,0.0,0.0,0
46.22,-2.9022,0.917,129.6839,0.0,-0.2396,129.6839,,,,,,,,,,,,0.0,0.0,0.0,0.0,0
46.24,-2.9022,0.917,129.6839,0.0,-0.2396,129.6839,,,,,,,,,,,,0.0,0.0,0.0,0.0,0
46.26,-2.9022,0.917,129.6839,0.0,-0.2396,129.6839,,,,,,,,,,,,0.0,0.0,0.0,0.0,0
46.28,-2.9022,0.917,129.6839,0.0,-0.2396,129.6839,,,,,,,,,,,,0.0,0.0,0.0,0.0,0
46.3,-2.9022,0.917,129.6839,0.0,-0.2396,129.6839,,,,,,,,,,,,0.0,0.0,0.0,0.0,0
46.32,-2.9022,0.917,129.6839,0.0,-0.2396,129.6839,,,,,,,,,,,,0.0,0.0,0.0,0.0,0
46.34,-2.9022,0.917,129.6839,0.0,-0.2396,129.6839,,,,,,,,,,,,0.0,0.0,0.0,0.0,0
46.36,-2.9022,0.917,129.6839,0.0,-0.2396,129.6839,,,,,,,,,,,,0.0,0.0,0.0,0.0,0
46.38,-2.9022,0.917,129.6839,0.0,-0.2396,129.6839,,,,,,,,,,,,0.0,0.0,0.0,0.0,0
46.4,-2.9022,0.917,129.6839,0.0,-0.2396,129.6839,,,,,,,,,,,,0.0,0.0,0.0,0.0,0
46.42,-2.9022,0.917,129.6839,0.0,-0.2396,129.6839,,,,,,,,,,,,0.0,0.0,0.0,0.0,0
46.44,-2.9022,0.917,129.6839,0.0,-0.2396,129.6839,,,,,,,,,,,,0.0,0.0,0.0,0.0,0
46.46,-2.9022,0.917,129.6839,0.0,-0.2396,129.6839,,,,,,,,,,,,0.0,0.0,0.0,0.0,0
46.48,-2.9022,0.917,129.6839,0.0,-0.2396,129.6839,,,,,,,,,,,,0.0,0.0,0.0,0.0,0
46.5,-2.9022,0.917,129.6839,0.0,-0.2396,129.6839,,,,,,,,,,,,0.0,0.0,0.0,0.0,0
46.52,-2.9022,0.917,129.6839,0.0,-0.2396,129.6839,,,,,,,,,,,,0.0,0.0,0.0,0.0,0
46.54,-2.9022,0.917,129.6839,0.0,-0.2396,129.6839,,,,,,,,,,,,0.0,0.0,0.0,0.0,0
46.56,-2.9022,0.917,129.6839,0.0,-0.2396,129.6839,,,,,,,,,,,,0.0,0.0,0.0,0.0,0
46.58,-2.9022,0.917,129.6839,0.0,-0.2396,129.6839,,,,,,,,,,,,0.0,0.0,0.0,0.0,0
46.6,-2.9022,0.917,129.6839,0.0,-0.2396,129.6839,,,,,,,,,,,,0.0,0.0,0.0,0.0,0
46.62,-2.9022,0.917,129.6839,0.0,-0.2396,129.6839,,,,,,,,,,,,0.0,0.0,0.0,0.0,0
46.64,-2.9022,0.917,129.6839,0.0,-0.2396,129.6839,,,,,,,,,,,,0.0,0.0,0.0,0.0,0
46.66,-2.9022,0.917,129.6839,0.0,-0.2396,129.6839,,,,,,,,,,,,0.0,0.0,0.0,0.0,0
46.68,-2.9022,0.917,129.6839,0.0,-0.2396,129.6839,,,,,,,,,,,,0.0,0.0,0.0,0.0,0
46.7,-2.9022,0.917,129.6839,0.0,-0.2396,129.6839,,,,,,,,,,,,0.0,0.0,0.0,0.0,0
46.72,-2.9022,0.917,129.6839,0.0,-0.2396,129.6839,,,,,,,,,,,,0.0,0.0,0.0,0.0,0
46.74,-2.9022,0.917,129.6839,0.0,-0.2396,129.6839,,,,,,,,,,,,0.0,0.0,0.0,0.0,0
46.76,-2.9022,0.917,129.6839,0.0,-0.2396,129.6839,,,,,,,,,,,,0.0,0.0,0.0,0.0,0
46.78,-2.9022,0.917,129.6839,0.0,-0.2396,129.6839,,,,,,,,,,,,0.0,0.0,0.0,0.0,0
46.8,-2.9022,0.917,129.6839,0.0,-0.2396,129.6839,,,,,,,,,,,,0.0,0.0,0.0,0.0,0
46.82,-2.9022,0.917,129.6839,0.0,-0.2396,129.6839,,,,,,,,,,,,0.0,0.0,0.0,0.0,0
46.84,-2.9022,0.917,129.6839,0.0,-0.2396,129.6839,,,,,,,,,,,,0.0,0.0,0.0,0.0,0
46.86,-2.9022,0.917,129.6839,0.0,-0.2396,129.6839,,,,,,,,,,,,0.0,0.0,0.0,0.0,0
46.88,-2.9022,0.917,129.6839,0.0,-0.2396,129.6839,,,,,,,,,,,,0.0,0.0,0.0,0.0,0
46.9,-2.9022,0.917,129.6839,0.0,-0.2396,129.6839,,,,,,,,,,,,0.0,0.0,0.0,0.0,0
46.92,-2.9022,0.917,129.6839,0.0,-0.2396,129.6839,,,,,,,,,,,,0.0,0.0,0.0,0.0,0
46.94,-2.9022,0.917,129.6839,0.0,-0.2396,129.6839,,,,,,,,,,,,0.0,0.0,0.0,0.0,0
46.96,-2.9022,0.917,129.6839,0.0,-0.2396,129.6839,,,,,,,,,,,,0.0,0.0,0.0,0.0,0
46.98,-2.9022,0.917,129.6839,0.0,-0.2396,129.6839,,,,,,,,,,,,0.0,0.0,0.0,0.0,0
47.0,-2.9022,0.917,129.6839,0.0,-0.2396,129.6839,,,,,,,,,,,,0.0,0.0,0.0,0.0,0
47.02,-2.9022,0.917,129.6839,0.0,-0.2396,129.6839,,,,,,,,,,,,0.0,0.0,0.0,0.0,0
47.04,-2.9022,0.917,129.6839,0.0,-0.2396,129.6839,,,,,,,,,,,,0.0,0.0,0.0,0.0,0
47.06,-2.9022,0.917,129.6839,0.0,-0.2396,129.6839,,,,,,,,,,,,0.0,0.0,0.0,0.0,0
47.08,-2.9022,0.917,129.6839,0.0,-0.2396,129.6839,,,,,,,,,,,,0.0,0.0,0.0,0.0,0
47.1,-2.9022,0.917,129.6839,0.0,-0.2396,129.6839,,,,,,,,,,,,0.0,0.0,0.0,0.0,0
47.12,-2.9022,0.917,129.6839,0.0,-0.2396,129.6839,,,,,,,,,,,,0.0,0.0,0.0,0.0,0
47.14,-2.9022,0.917,129.6839,0.0,-0.2396,129.6839,,,,,,,,,,,,0.0,0.0,0.0,0.0,0
47.16,-2.9022,0.917,129.6839,0.0,-0.2396,129.6839,,,,,,,,,,,,0.0,0.0,0.0,0.0,0
47.18,-2.9022,0.917,129.6839,0.0,-0.2396,129.6839,,,,,,,,,,,,0.0,0.0,0.0,0.0,0
47.2,-2.9022,0.917,129.6839,0.0,-0.2396,129.6839,,,,,,,,,,,,0.0,0.0,0.0,0.0,0
47.22,-2.9022,0.917,129.6839,0.0,-0.2396,129.6839,,,,,,,,,,,,0.0,0.0,0.0,0.0,0
47.24,-2.9022,0.917,129.6839,0.0,-0.2396,129.6839,,,,,,,,,,,,0.0,0.0,0.0,0.0,0
47.26,-2.9022,0.917,129.6839,0.0,-0.2396,129.6839,,,,,,,,,,,,0.0,0.0,0.0,0.0,0
47.28,-2.9022,0.917,129.6839,0.0,-0.2396,129.6839,,,,,,,,,,,,0.0,0.0,0.0,0.0,0
47.3,-2.9022,0.917,129.6839,0.0,-0.2396,129.6839,,,,,,,,,,,,0.0,0.0,0.0,0.0,0
47.32,-2.9022,0.917,129.6839,0.0,-0.2396,129.6839,,,,,,,,,,,,0.0,0.0,0.0,0.0,0
47.34,-2.9022,0.917,129.6839,0.0,-0.2396,129.6839,,,,,,,,,,,,0.0,0.0,0.0,0.0,0
47.36,-2.9022,0.917,129.6839,0.0,-0.2396,129.6839,,,,,,,,,,,,0.0,0.0,0.0,0.0,0
47.38,-2.9022,0.917,129.6839,0.0,-0.2396,129.6839,,,,,,,,,,,,0.0,0.0,0.0,0.0,0
47.4,-2.9022,0.917,129.6839,0.0,-0.2396,129.6839,,,,,,,,,,,,0.0,0.0,0.0,0.0,0
47.42,-2.9022,0.917,129.6839,0.0,-0.2396,129.6839,,,,,,,,,,,,0.0,0.0,0.0,0.0,0
47.44,-2.9022,0.917,129.6839,0.0,-0.2396,129.6839,,,,,,,,,,,,0.0,0.0,0.0,0.0,0
47.46,-2.9022,0.917,129.6839,0.0,-0.2396,129.6839,,,,,,,,,,,,0.0,0.0,0.0,0.0,0
47.48,-2.9022,0.917,129.6839,0.0,-0.2396,129.6839,,,,,,,,,,,,0.0,0.0,0.0,0.0,0
47.5,-2.9022,0.917,129.6839,0.0,-0.2396,129.6839,,,,,,,,,,,,0.0,0.0,0.0,0.0,0
47.52,-2.9022,0.917,129.6839,0.0,-0.2396,129.6839,,,,,,,,,,,,0.0,0.0,0.0,0.0,0
47.54,-2.9022,0.917,129.6839,0.0,-0.2396,129.6839,,,,,,,,,,,,0.0,0.0,0.0,0.0,0
47.56,-2.9022,0.917,129.6839,0.0,-0.2396,129.6839,,,,,,,,,,,,0.0,0.0,0.0,0.0,0
47.58,-2.9022,0.917,129.6839,0.0,-0.2396,129.6839,,,,,,,,,,,,0.0,0.0,0.0,0.0,0
47.6,-2.9022,0.917,129.6839,0.0,-0.2396,129.6839,,,,,,,,,,,,0.0,0.0,0.0,0.0,0
47.62,-2.9022,0.917,129.6839,0.0,-0.2396,129.6839,,,,,,,,,,,,0.0,0.0,0.0,0.0,0
47.64,-2.9022,0.917,129.6839,0.0,-0.2396,129.6839,,,,,,,,,,,,0.0,0.0,0.0,0.0,0
47.66,-2.9022,0.917,129.6839,0.0,-0.2396,129.6839,,,,,,,,,,,,0.0,0.0,0.0,0.0,0
47.68,-2.9022,0.917,129.6839,0.0,-0.2396,129.6839,,,,,,,,,,,,0.0,0.0,0.0,0.0,0
47.7,-2.9022,0.917,129.6839,0.0,-0.2396,129.6839,,,,,,,,,,,,0.0,0.0,0.0,0.0,0
47.72,-2.9022,0.917,129.6839,0.0,-0.2396,129.6839,,,,,,,,,,,,0.0,0.0,0.0,0.0,0
47.74,-2.9022,0.917,129.6839,0.0,-0.2396,129.6839,,,,,,,,,,,,0.0,0.0,0.0,0.0,0
47.76,-2.9022,0.917,129.6839,0.0,-0.2396,129.6839,,,,,,,,,,,,0.0,0.0,0.0,0.0,0
47.78,-2.9022,0.917,129.6839,0.0,-0.2396,129.6839,,,,,,,,,,,,0.0,0.0,0.0,0.0,0
47.8,-2.9022,0.917,129.6839,0.0,-0.2396,129.6839,,,,,,,,,,,,0.0,0.0,0.0,0.0,0
47.82,-2.9022,0.917,129.6839,0.0,-0.2396,129.6839,,,,,,,,,,,,0.0,0.0,0.0,0.0,0
47.84,-2.9022,0.917,129.6839,0.0,-0.2396,129.6839,,,,,,,,,,,,0.0,0.0,0.0,0.0,0
47.86,-2.9022,0.917,129.6839,0.0,-0.2396,129.6839,,,,,,,,,,,,0.0,0.0,0.0,0.0,0
47.88,-2.9022,0.917,129.6839,0.0,-0.2396,129.6839,,,,,,,,,,,,0.0,0.0,0.0,0.0,0
47.9,-2.9022,0.917,129.6839,0.0,-0.2396,129.6839,,,,,,,,,,,,0.0,0.0,0.0,0.0,0
47.92,-2.9022,0.917,129.6839,0.0,-0.2396,129.6839,,,,,,,,,,,,0.0,0.0,0.0,0.0,0
47.94,-2.9022,0.917,129.6839,0.0,-0.2396,129.6839,,,,,,,,,,,,0.0,0.0,0.0,0.0,0
47.96,-2.9022,0.917,129.6839,0.0,-0.2396,129.6839,,,,,,,,,,,,0.0,0.0,0.0,0.0,0
47.98,-2.9022,0.917,129.6839,0.0,-0.2396,129.6839,,,,,,,,,,,,0.0,0.0,0.0,0.0,0
48.0,-2.9022,0.917,129.6839,0.0,-0.2396,129.6839,,,,,,,,,,,,0.0,0.0,0.0,0.0,0
48.02,-2.9022,0.917,129.6839,0.0,-0.2396,129.6839,,,,,,,,,,,,0.0,0.0,0.0,0.0,0
48.04,-2.9022,0.917,129.6839,0.0,-0.2396,129.6839,,,,,,,,,,,,0.0,0.0,0.0,0.0,0
48.06,-2.9022,0.917,129.6839,0.0,-0.2396,129.6839,,,,,,,,,,,,0.0,0.0,0.0,0.0,0
48.08,-2.9022,0.917,129.6839,0.0,-0.2396,129.6839,,,,,,,,,,,,0.0,0.0,0.0,0.0,0
48.1,-2.9022,0.917,129.6839,0.0,-0.2396,129.6839,,,,,,,,,,,,0.0,0.0,0.0,0.0,0
48.12,-2.9022,0.917,129.6839,0.0,-0.2396,129.6839,,,,,,,,,,,,0.0,0.0,0.0,0.0,0
48.14,-2.9022,0.917,129.6839,0.0,-0.2396,129.6839,,,,,,,,,,,,0.0,0.0,0.0,0.0,0
48.16,-2.9022,0.917,129.6839,0.0,-0.2396,129.6839,,,,,,,,,,,,0.0,0.0,0.0,0.0,0
48.18,-2.9022,0.917,129.6839,0.0,-0.2396,129.6839,,,,,,,,,,,,0.0,0.0,0.0,0.0,0
48.2,-2.9022,0.917,129.6839,0.0,-0.2396,129.6839,,,,,,,,,,,,0.0,0.0,0.0,0.0,0
48.22,-2.9022,0.917,129.6839,0.0,-0.2396,129.6839,,,,,,,,,,,,0.0,0.0,0.0,0.0,0
48.24,-2.9022,0.917,129.6839,0.0,-0.2396,129.6839,,,,,,,,,,,,0.0,0.0,0.0,0.0,0
48.26,-2.9022,0.917,129.6839,0.0,-0.2396,129.6839,,,,,,,,,,,,0.0,0.0,0.0,0.0,0
48.28,-2.9022,0.917,129.6839,0.0,-0.2396,129.6839,,,,,,,,,,,,0.0,0.0,0.0,0.0,0
48.3,-2.9022,0.917,129.6839,0.0,-0.2396,129.6839,,,,,,,,,,,,0.0,0.0,0.0,0.0,0
48.32,-2.9022,0.917,129.6839,0.0,-0.2396,129.6839,,,,,,,,,,,,0.0,0.0,0.0,0.0,0
48.34,-2.9022,0.917,129.6839,0.0,-0.2396,129.6839,,,,,,,,,,,,0.0,0.0,0.0,0.0,0
48.36,-2.9022,0.917,129.6839,0.0,-0.2396,129.6839,,,,,,,,,,,,0.0,0.0,0.0,0.0,0
48.38,-2.9022,0.917,129.6839,0.0,-0.2396,129.6839,,,,,,,,,,,,0.0,0.0,0.0,0.0,0
48.4,-2.9022,0.917,129.6839,0.0,-0.2396,129.6839,,,,,,,,,,,,0.0,0.0,0.0,0.0,0
48.42,-2.9022,0.917,129.6839,0.0,-0.2396,129.6839,,,,,,,,,,,,0.0,0.0,0.0,0.0,0
48.44,-2.9022,0.917,129.6839,0.0,-0.2396,129.6839,,,,,,,,,,,,0.0,0.0,0.0,0.0,0
48.46,-2.9022,0.917,129.6839,0.0,-0.2396,129.6839,,,,,,,,,,,,0.0,0.0,0.0,0.0,0
48.48,-2.9022,0.917,129.6839,0.0,-0.2396,129.6839,,,,,,,,,,,,0.0,0.0,0.0,0.0,0
48.5,-2.9022,0.917,129.6839,0.0,-0.2396,129.6839,,,,,,,,,,,,0.0,0.0,0.0,0.0,0
48.52,-2.9022,0.917,129.6839,0.0,-0.2396,129.6839,,,,,,,,,,,,0.0,0.0,0.0,0.0,0
48.54,-2.9022,0.917,129.6839,0.0,-0.2396,129.6839,,,,,,,,,,,,0.0,0.0,0.0,0.0,0
48.56,-2.9022,0.917,129.6839,0.0,-0.2396,129.6839,,,,,,,,,,,,0.0,0.0,0.0,0.0,0
48.58,-2.9022,0.917,129.6839,0.0,-0.2396,129.6839,,,,,,,,,,,,0.0,0.0,0.0,0.0,0
48.6,-2.9022,0.917,129.6839,0.0,-0.2396,129.6839,,,,,,,,,,,,0.0,0.0,0.0,0.0,0
48.62,-2.9022,0.917,129.6839,0.0,-0.2396,129.6839,,,,,,,,,,,,0.0,0.0,0.0,0.0,0
48.64,-2.9022,0.917,129.6839,0.0,-0.2396,129.6839,,,,,,,,,,,,0.0,0.0,0.0,0.0,0
48.66,-2.9022,0.917,129.6839,0.0,-0.2396,129.6839,,,,,,,,,,,,0.0,0.0,0.0,0.0,0
48.68,-2.9022,0.917,129.6839,0.0,-0.2396,129.6839,,,,,,,,,,,,0.0,0.0,0.0,0.0,0
48.7,-2.9022,0.917,129.6839,0.0,-0.2396,129.6839,,,,,,,,,,,,0.0,0.0,0.0,0.0,0
48.72,-2.9022,0.917,129.6839,0.0,-0.2396,129.6839,,,,,,,,,,,,0.0,0.0,0.0,0.0,0
48.74,-2.9022,0.917,129.6839,0.0,-0.2396,129.6839,,,,,,,,,,,,0.0,0.0,0.0,0.0,0
48.76,-2.9022,0.917,129.6839,0.0,-0.2396,129.6839,,,,,,,,,,,,0.0,0.0,0.0,0.0,0
48.78,-2.9022,0.917,129.6839,0.0,-0.2396,129.6839,,,,,,,,,,,,0.0,0.0,0.0,0.0,0
48.8,-2.9022,0.917,129.6839,0.0,-0.2396,129.6839,,,,,,,,,,,,0.0,0.0,0.0,0.0,0
48.82,-2.9022,0.917,129.6839,0.0,-0.2396,129.6839,,,,,,,,,,,,0.0,0.0,0.0,0.0,0
48.84,-2.9022,0.917,129.6839,0.0,-0.2396,129.6839,,,,,,,,,,,,0.0,0.0,0.0,0.0,0
48.86,-2.9022,0.917,129.6839,0.0,-0.2396,129.6839,,,,,,,,,,,,0.0,0.0,0.0,0.0,0
48.88,-2.9022,0.917,129.6839,0.0,-0.2396,129.6839,,,,,,,,,,,,0.0,0.0,0.0,0.0,0
48.9,-2.9022,0.917,129.6839,0.0,-0.2396,129.6839,,,,,,,,,,,,0.0,0.0,0.0,0.0,0
48.92,-2.9022,0.917,129.6839,0.0,-0.2396,129.6839,,,,,,,,,,,,0.0,0.0,0.0,0.0,0
48.94,-2.9022,0.917,129.6839,0.0,-0.2396,129.6839,,,,,,,,,,,,0.0,0.0,0.0,0.0,0
48.96,-2.9022,0.917,129.6839,0.0,-0.2396,129.6839,,,,,,,,,,,,0.0,0.0,0.0,0.0,0
48.98,-2.9022,0.917,129.6839,0.0,-0.2396,129.6839,,,,,,,,,,,,0.0,0.0,0.0,0.0,0
49.0,-2.9022,0.917,129.6839,0.0,-0.2396,129.6839,,,,,,,,,,,,0.0,0.0,0.0,0.0,0
49.02,-2.9022,0.917,129.6839,0.0,-0.2396,129.6839,,,,,,,,,,,,0.0,0.0,0.0,0.0,0
49.04,-2.9022,0.917,129.6839,0.0,-0.2396,129.6839,,,,,,,,,,,,0.0,0.0,0.0,0.0,0
49.06,-2.9022,0.917,129.6839,0.0,-0.2396,129.6839,,,,,,,,,,,,0.0,0.0,0.0,0.0,0
49.08,-2.9022,0.917,129.6839,0.0,-0.2396,129.6839,,,,,,,,,,,,0.0,0.0,0.0,0.0,0
49.1,-2.9022,0.917,129.6839,0.0,-0.2396,129.6839,,,,,,,,,,,,0.0,0.0,0.0,0.0,0
49.12,-2.9022,0.917,129.6839,0.0,-0.2396,129.6839,,,,,,,,,,,,0.0,0.0,0.0,0.0,0
49.14,-2.9022,0.917,129.6839,0.0,-0.2396,129.6839,,,,,,,,,,,,0.0,0.0,0.0,0.0,0
49.16,-2.9022,0.917,129.6839,0.0,-0.2396,129.6839,,,,,,,,,,,,0.0,0.0,0.0,0.0,0
49.18,-2.9022,0.917,129.6839,0.0,-0.2396,129.6839,,,,,,,,,,,,0.0,0.0,0.0,0.0,0
49.2,-2.9022,0.917,129.6839,0.0,-0.2396,129.6839,,,,,,,,,,,,0.0,0.0,0.0,0.0,0
49.22,-2.9022,0.917,129.6839,0.0,-0.2396,129.6839,,,,,,,,,,,,0.0,0.0,0.0,0.0,0
49.24,-2.9022,0.917,129.6839,0.0,-0.2396,129.6839,,,,,,,,,,,,0.0,0.0,0.0,0.0,0
49.26,-2.9022,0.917,129.6839,0.0,-0.2396,129.6839,,,,,,,,,,,,0.0,0.0,0.0,0.0,0
49.28,-2.9022,0.917,129.6839,0.0,-0.2396,129.6839,,,,,,,,,,,,0.0,0.0,0.0,0.0,0
49.3,-2.9022,0.917,129.6839,0.0,-0.2396,129.6839,,,,,,,,,,,,0.0,0.0,0.0,0.0,0
49.32,-2.9022,0.917,129.6839,0.0,-0.2396,129.6839,,,,,,,,,,,,0.0,0.0,0.0,0.0,0
49.34,-2.9022,0.917,129.6839,0.0,-0.2396,129.6839,,,,,,,,,,,,0.0,0.0,0.0,0.0,0
49.36,-2.9022,0.917,129.6839,0.0,-0.2396,129.6839,,,,,,,,,,,,0.0,0.0,0.0,0.0,0
49.38,-2.9022,0.917,129.6839,0.0,-0.2396,129.6839,,,,,,,,,,,,0.0,0.0,0.0,0.0,0
49.4,-2.9022,0.917,129.6839,0.0,-0.2396,129.6839,,,,,,,,,,,,0.0,0.0,0.0,0.0,0
49.42,-2.9022,0.917,129.6839,0.0,-0.2396,129.6839,,,,,,,,,,,,0.0,0.0,0.0,0.0,0
49.44,-2.9022,0.917,129.6839,0.0,-0.2396,129.6839,,,,,,,,,,,,0.0,0.0,0.0,0.0,0
49.46,-2.9022,0.917,129.6839,0.0,-0.2396,129.6839,,,,,,,,,,,,0.0,0.0,0.0,0.0,0
49.48,-2.9022,0.917,129.6839,0.0,-0.2396,129.6839,,,,,,,,,,,,0.0,0.0,0.0,0.0,0
49.5,-2.9022,0.917,129.6839,0.0,-0.2396,129.6839,,,,,,,,,,,,0.0,0.0,0.0,0.0,0
49.52,-2.9022,0.917,129.6839,0.0,-0.2396,129.6839,,,,,,,,,,,,0.0,0.0,0.0,0.0,0
49.54,-2.9022,0.917,129.6839,0.0,-0.2396,129.6839,,,,,,,,,,,,0.0,0.0,0.0,0.0,0
49.56,-2.9022,0.917,129.6839,0.0,-0.2396,129.6839,,,,,,,,,,,,0.0,0.0,0.0,0.0,0
49.58,-2.9022,0.917,129.6839,0.0,-0.2396,129.6839,,,,,,,,,,,,0.0,0.0,0.0,0.0,0
49.6,-2.9022,0.917,129.6839,0.0,-0.2396,129.6839,,,,,,,,,,,,0.0,0.0,0.0,0.0,0
49.62,-2.9022,0.917,129.6839,0.0,-0.2396,129.6839,,,,,,,,,,,,0.0,0.0,0.0,0.0,0
49.64,-2.9022,0.917,129.6839,0.0,-0.2396,129.6839,,,,,,,,,,,,0.0,0.0,0.0,0.0,0
49.66,-2.9022,0.917,129.6839,0.0,-0.2396,129.6839,,,,,,,,,,,,0.0,0.0,0.0,0.0,0
49.68,-2.9022,0.917,129.6839,0.0,-0.2396,129.6839,,,,,,,,,,,,0.0,0.0,0.0,0.0,0
49.7,-2.9022,0.917,129.6839,0.0,-0.2396,129.6839,,,,,,,,,,,,0.0,0.0,0.0,0.0,0
49.72,-2.9022,0.917,129.6839,0.0,-0.2396,129.6839,,,,,,,,,,,,0.0,0.0,0.0,0.0,0
49.74,-2.9022,0.917,129.6839,0.0,-0.2396,129.6839,,,,,,,,,,,,0.0,0.0,0.0,0.0,0
49.76,-2.9022,0.917,129.6839,0.0,-0.2396,129.6839,,,,,,,,,,,,0.0,0.0,0.0,0.0,0
49.78,-2.9022,0.917,129.6839,0.0,-0.2396,129.6839,,,,,,,,,,,,0.0,0.0,0.0,0.0,0
49.8,-2.9022,0.917,129.6839,0.0,-0.2396,129.6839,,,,,,,,,,,,0.0,0.0,0.0,0.0,0
49.82,-2.9022,0.917,129.6839,0.0,-0.2396,129.6839,,,,,,,,,,,,0.0,0.0,0.0,0.0,0
49.84,-2.9022,0.917,129.6839,0.0,-0.2396,129.6839,,,,,,,,,,,,0.0,0.0,0.0,0.0,0
49.86,-2.9022,0.917,129.6839,0.0,-0.2396,129.6839,,,,,,,,,,,,0.0,0.0,0.0,0.0,0
49.88,-2.9022,0.917,129.6839,0.0,-0.2396,129.6839,,,,,,,,,,,,0.0,0.0,0.0,0.0,0
49.9,-2.9022,0.917,129.6839,0.0,-0.2396,129.6839,,,,,,,,,,,,0.0,0.0,0.0,0.0,0
49.92,-2.9022,0.917,129.6839,0.0,-0.2396,129.6839,,,,,,,,,,,,0.0,0.0,0.0,0.0,0
49.94,-2.9022,0.917,129.6839,0.0,-0.2396,129.6839,,,,,,,,,,,,0.0,0.0,0.0,0.0,0
49.96,-2.9022,0.917,129.6839,0.0,-0.2396,129.6839,,,,,,,,,,,,0.0,0.0,0.0,0.0,0
49.98,-2.9022,0.917,129.6839,0.0,-0.2396,129.6839,,,,,,,,,,,,0.0,0.0,0.0,0.0,0
50.0,-2.9022,0.917,129.6839,0.0,-0.2396,129.6839,,,,,,,,,,,,0.0,0.0,0.0,0.0,0
50.02,-2.9022,0.917,129.6839,0.0,-0.2396,129.6839,,,,,,,,,,,,0.0,0.0,0.0,0.0,0
50.04,-2.9022,0.917,129.6839,0.0,-0.2396,129.6839,,,,,,,,,,,,0.0,0.0,0.0,0.0,0
50.06,-2.9022,0.917,129.6839,0.0,-0.2396,129.6839,,,,,,,,,,,,0.0,0.0,0.0,0.0,0
50.08,-2.9022,0.917,129.6839,0.0,-0.2396,129.6839,,,,,,,,,,,,0.0,0.0,0.0,0.0,0
50.1,-2.9022,0.917,129.6839,0.0,-0.2396,129.6839,,,,,,,,,,,,0.0,0.0,0.0,0.0,0
50.12,-2.9022,0.917,129.6839,0.0,-0.2396,129.6839,,,,,,,,,,,,0.0,0.0,0.0,0.0,0
50.14,-2.9022,0.917,129.6839,0.0,-0.2396,129.6839,,,,,,,,,,,,0.0,0.0,0.0,0.0,0
50.16,-2.9022,0.917,129.6839,0.0,-0.2396,129.6839,,,,,,,,,,,,0.0,0.0,0.0,0.0,0
50.18,-2.9022,0.917,129.6839,0.0,-0.2396,129.6839,,,,,,,,,,,,0.0,0.0,0.0,0.0,0
50.2,-2.9022,0.917,129.6839,0.0,-0.2396,129.6839,,,,,,,,,,,,0.0,0.0,0.0,0.0,0
50.22,-2.9022,0.917,129.6839,0.0,-0.2396,129.6839,,,,,,,,,,,,0.0,0.0,0.0,0.0,0
50.24,-2.9022,0.917,129.6839,0.0,-0.2396,129.6839,,,,,,,,,,,,0.0,0.0,0.0,0.0,0
50.26,-2.9022,0.917,129.6839,0.0,-0.2396,129.6839,,,,,,,,,,,,0.0,0.0,0.0,0.0,0
50.28,-2.9022,0.917,129.6839,0.0,-0.2396,129.6839,,,,,,,,,,,,0.0,0.0,0.0,0.0,0
50.3,-2.9022,0.917,129.6839,0.0,-0.2396,129.6839,,,,,,,,,,,,0.0,0.0,0.0,0.0,0
50.32,-2.9022,0.917,129.6839,0.0,-0.2396,129.6839,,,,,,,,,,,,0.0,0.0,0.0,0.0,0
50.34,-2.9022,0.917,129.6839,0.0,-0.2396,129.6839,,,,,,,,,,,,0.0,0.0,0.0,0.0,0
50.36,-2.9022,0.917,129.6839,0.0,-0.2396,129.6839,,,,,,,,,,,,0.0,0.0,0.0,0.0,0
50.38,-2.9022,0.917,129.6839,0.0,-0.2396,129.6839,,,,,,,,,,,,0.0,0.0,0.0,0.0,0
50.4,-2.9022,0.917,129.6839,0.0,-0.2396,129.6839,,,,,,,,,,,,0.0,0.0,0.0,0.0,0
50.42,-2.9022,0.917,129.6839,0.0,-0.2396,129.6839,,,,,,,,,,,,0.0,0.0,0.0,0.0,0
50.44,-2.9022,0.917,129.6839,0.0,-0.2396,129.6839,,,,,,,,,,,,0.0,0.0,0.0,0.0,0
50.46,-2.9022,0.917,129.6839,0.0,-0.2396,129.6839,,,,,,,,,,,,0.0,0.0,0.0,0.0,0
50.48,-2.9022,0.917,129.6839,0.0,-0.2396,129.6839,,,,,,,,,,,,0.0,0.0,0.0,0.0,0
50.5,-2.9022,0.917,129.6839,0.0,-0.2396,129.6839,,,,,,,,,,,,0.0,0.0,0.0,0.0,0
50.52,-2.9022,0.917,129.6839,0.0,-0.2396,129.6839,,,,,,,,,,,,0.0,0.0,0.0,0.0,0
50.54,-2.9022,0.917,129.6839,0.0,-0.2396,129.6839,,,,,,,,,,,,0.0,0.0,0.0,0.0,0
50.56,-2.9022,0.917,129.6839,0.0,-0.2396,129.6839,,,,,,,,,,,,0.0,0.0,0.0,0.0,0
50.58,-2.9022,0.917,129.6839,0.0,-0.2396,129.6839,,,,,,,,,,,,0.0,0.0,0.0,0.0,0
50.6,-2.9022,0.917,129.6839,0.0,-0.2396,129.6839,,,,,,,,,,,,0.0,0.0,0.0,0.0,0
50.62,-2.9022,0.917,129.6839,0.0,-0.2396,129.6839,,,,,,,,,,,,0.0,0.0,0.0,0.0,0
50.64,-2.9022,0.917,129.6839,0.0,-0.2396,129.6839,,,,,,,,,,,,0.0,0.0,0.0,0.0,0
50.66,-2.9022,0.917,129.6839,0.0,-0.2396,129.6839,,,,,,,,,,,,0.0,0.0,0.0,0.0,0
50.68,-2.9022,0.917,129.6839,0.0,-0.2396,129.6839,,,,,,,,,,,,0.0,0.0,0.0,0.0,0
50.7,-2.9022,0.917,129.6839,0.0,-0.2396,129.6839,,,,,,,,,,,,0.0,0.0,0.0,0.0,0
50.72,-2.9022,0.917,129.6839,0.0,-0.2396,129.6839,,,,,,,,,,,,0.0,0.0,0.0,0.0,0
50.74,-2.9022,0.917,129.6839,0.0,-0.2396,129.6839,,,,,,,,,,,,0.0,0.0,0.0,0.0,0
50.76,-2.9022,0.917,129.6839,0.0,-0.2396,129.6839,,,,,,,,,,,,0.0,0.0,0.0,0.0,0
50.78,-2.9022,0.917,129.6839,0.0,-0.2396,129.6839,,,,,,,,,,,,0.0,0.0,0.0,0.0,0
50.8,-2.9022,0.917,129.6839,0.0,-0.2396,129.6839,,,,,,,,,,,,0.0,0.0,0.0,0.0,0
50.82,-2.9022,0.917,129.6839,0.0,-0.2396,129.6839,,,,,,,,,,,,0.0,0.0,0.0,0.0,0
50.84,-2.9022,0.917,129.6839,0.0,-0.2396,129.6839,,,,,,,,,,,,0.0,0.0,0.0,0.0,0
50.86,-2.9022,0.917,129.6839,0.0,-0.2396,129.6839,,,,,,,,,,,,0.0,0.0,0.0,0.0,0
50.88,-2.9022,0.917,129.6839,0.0,-0.2396,129.6839,,,,,,,,,,,,0.0,0.0,0.0,0.0,0
50.9,-2.9022,0.917,129.6839,0.0,-0.2396,129.6839,,,,,,,,,,,,0.0,0.0,0.0,0.0,0
50.92,-2.9022,0.917,129.6839,0.0,-0.2396,129.6839,,,,,,,,,,,,0.0,0.0,0.0,0.0,0
50.94,-2.9022,0.917,129.6839,0.0,-0.2396,129.6839,,,,,,,,,,,,0.0,0.0,0.0,0.0,0
50.96,-2.9022,0.917,129.6839,0.0,-0.2396,129.6839,,,,,,,,,,,,0.0,0.0,0.0,0.0,0
50.98,-2.9022,0.917,129.6839,0.0,-0.2396,129.6839,,,,,,,,,,,,0.0,0.0,0.0,0.0,0
51.0,-2.9022,0.917,129.6839,0.0,-0.2396,129.6839,,,,,,,,,,,,0.0,0.0,0.0,0.0,0
51.02,-2.9022,0.917,129.6839,0.0,-0.2396,129.6839,,,,,,,,,,,,0.0,0.0,0.0,0.0,0
51.04,-2.9022,0.917,129.6839,0.0,-0.2396,129.6839,,,,,,,,,,,,0.0,0.0,0.0,0.0,0
51.06,-2.9022,0.917,129.6839,0.0,-0.2396,129.6839,,,,,,,,,,,,0.0,0.0,0.0,0.0,0
51.08,-2.9022,0.917,129.6839,0.0,-0.2396,129.6839,,,,,,,,,,,,0.0,0.0,0.0,0.0,0
51.1,-2.9022,0.917,129.6839,0.0,-0.2396,129.6839,,,,,,,,,,,,0.0,0.0,0.0,0.0,0
51.12,-2.9022,0.917,129.6839,0.0,-0.2396,129.6839,,,,,,,,,,,,0.0,0.0,0.0,0.0,0
51.14,-2.9022,0.917,129.6839,0.0,-0.2396,129.6839,,,,,,,,,,,,0.0,0.0,0.0,0.0,0
51.16,-2.9022,0.917,129.6839,0.0,-0.2396,129.6839,,,,,,,,,,,,0.0,0.0,0.0,0.0,0
51.18,-2.9022,0.917,129.6839,0.0,-0.2396,129.6839,,,,,,,,,,,,0.0,0.0,0.0,0.0,0
51.2,-2.9022,0.917,129.6839,0.0,-0.2396,129.6839,,,,,,,,,,,,0.0,0.0,0.0,0.0,0
51.22,-2.9022,0.917,129.6839,0.0,-0.2396,129.6839,,,,,,,,,,,,0.0,0.0,0.0,0.0,0
51.24,-2.9022,0.917,129.6839,0.0,-0.2396,129.6839,,,,,,,,,,,,0.0,0.0,0.0,0.0,0
51.26,-2.9022,0.917,129.6839,0.0,-0.2396,129.6839,,,,,,,,,,,,0.0,0.0,0.0,0.0,0
51.28,-2.9022,0.917,129.6839,0.0,-0.2396,129.6839,,,,,,,,,,,,0.0,0.0,0.0,0.0,0
51.3,-2.9022,0.917,129.6839,0.0,-0.2396,129.6839,,,,,,,,,,,,0.0,0.0,0.0,0.0,0
51.32,-2.9022,0.917,129.6839,0.0,-0.2396,129.6839,,,,,,,,,,,,0.0,0.0,0.0,0.0,0
51.34,-2.9022,0.917,129.6839,0.0,-0.2396,129.6839,,,,,,,,,,,,0.0,0.0,0.0,0.0,0
51.36,-2.9022,0.917,129.6839,0.0,-0.2396,129.6839,,,,,,,,,,,,0.0,0.0,0.0,0.0,0
51.38,-2.9022,0.917,129.6839,0.0,-0.2396,129.6839,,,,,,,,,,,,0.0,0.0,0.0,0.0,0
51.4,-2.9022,0.917,129.6839,0.0,-0.2396,129.6839,,,,,,,,,,,,0.0,0.0,0.0,0.0,0
51.42,-2.9022,0.917,129.6839,0.0,-0.2396,129.6839,,,,,,,,,,,,0.0,0.0,0.0,0.0,0
51.44,-2.9022,0.917,129.6839,0.0,-0.2396,129.6839,,,,,,,,,,,,0.0,0.0,0.0,0.0,0
51.46,-2.9022,0.917,129.6839,0.0,-0.2396,129.6839,,,,,,,,,,,,0.0,0.0,0.0,0.0,0
51.48,-2.9022,0.917,129.6839,0.0,-0.2396,129.6839,,,,,,,,,,,,0.0,0.0,0.0,0.0,0
51.5,-2.9022,0.917,129.6839,0.0,-0.2396,129.6839,,,,,,,,,,,,0.0,0.0,0.0,0.0,0
51.52,-2.9022,0.917,129.6839,0.0,-0.2396,129.6839,,,,,,,,,,,,0.0,0.0,0.0,0.0,0
51.54,-2.9022,0.917,129.6839,0.0,-0.2396,129.6839,,,,,,,,,,,,0.0,0.0,0.0,0.0,0
51.56,-2.9022,0.917,129.6839,0.0,-0.2396,129.6839,,,,,,,,,,,,0.0,0.0,0.0,0.0,0
51.58,-2.9022,0.917,129.6839,0.0,-0.2396,129.6839,,,,,,,,,,,,0.0,0.0,0.0,0.0,0
51.6,-2.9022,0.917,129.6839,0.0,-0.2396,129.6839,,,,,,,,,,,,0.0,0.0,0.0,0.0,0
51.62,-2.9022,0.917,129.6839,0.0,-0.2396,129.6839,,,,,,,,,,,,0.0,0.0,0.0,0.0,0
51.64,-2.9022,0.917,129.6839,0.0,-0.2396,129.6839,,,,,,,,,,,,0.0,0.0,0.0,0.0,0
51.66,-2.9022,0.917,129.6839,0.0,-0.2396,129.6839,,,,,,,,,,,,0.0,0.0,0.0,0.0,0
51.68,-2.9022,0.917,129.6839,0.0,-0.2396,129.6839,,,,,,,,,,,,0.0,0.0,0.0,0.0,0
51.7,-2.9022,0.917,129.6839,0.0,-0.2396,129.6839,,,,,,,,,,,,0.0,0.0,0.0,0.0,0
51.72,-2.9022,0.917,129.6839,0.0,-0.2396,129.6839,,,,,,,,,,,,0.0,0.0,0.0,0.0,0
51.74,-2.9022,0.917,129.6839,0.0,-0.2396,129.6839,,,,,,,,,,,,0.0,0.0,0.0,0.0,0
51.76,-2.9022,0.917,129.6839,0.0,-0.2396,129.6839,,,,,,,,,,,,0.0,0.0,0.0,0.0,0
51.78,-2.9022,0.917,129.6839,0.0,-0.2396,129.6839,,,,,,,,,,,,0.0,0.0,0.0,0.0,0
51.8,-2.9022,0.917,129.6839,0.0,-0.2396,129.6839,,,,,,,,,,,,0.0,0.0,0.0,0.0,0
51.82,-2.9022,0.917,129.6839,0.0,-0.2396,129.6839,,,,,,,,,,,,0.0,0.0,0.0,0.0,0
51.84,-2.9022,0.917,129.6839,0.0,-0.2396,129.6839,,,,,,,,,,,,0.0,0.0,0.0,0.0,0
51.86,-2.9022,0.917,129.6839,0.0,-0.2396,129.6839,,,,,,,,,,,,0.0,0.0,0.0,0.0,0
51.88,-2.9022,0.917,129.6839,0.0,-0.2396,129.6839,,,,,,,,,,,,0.0,0.0,0.0,0.0,0
51.9,-2.9022,0.917,129.6839,0.0,-0.2396,129.6839,,,,,,,,,,,,0.0,0.0,0.0,0.0,0
51.92,-2.9022,0.917,129.6839,0.0,-0.2396,129.6839,,,,,,,,,,,,0.0,0.0,0.0,0.0,0
51.94,-2.9022,0.917,129.6839,0.0,-0.2396,129.6839,,,,,,,,,,,,0.0,0.0,0.0,0.0,0
51.96,-2.9022,0.917,129.6839,0.0,-0.2396,129.6839,,,,,,,,,,,,0.0,0.0,0.0,0.0,0
51.98,-2.9022,0.917,129.6839,0.0,-0.2396,129.6839,,,,,,,,,,,,0.0,0.0,0.0,0.0,0
52.0,-2.9022,0.917,129.6839,0.0,-0.2396,129.6839,,,,,,,,,,,,0.0,0.0,0.0,0.0,0
52.02,-2.9022,0.917,129.6839,0.0,-0.2396,129.6839,,,,,,,,,,,,0.0,0.0,0.0,0.0,0
52.04,-2.9022,0.917,129.6839,0.0,-0.2396,129.6839,,,,,,,,,,,,0.0,0.0,0.0,0.0,0
52.06,-2.9022,0.917,129.6839,0.0,-0.2396,129.6839,,,,,,,,,,,,0.0,0.0,0.0,0.0,0
52.08,-2.9022,0.917,129.6839,0.0,-0.2396,129.6839,,,,,,,,,,,,0.0,0.0,0.0,0.0,0
52.1,-2.9022,0.917,129.6839,0.0,-0.2396,129.6839,,,,,,,,,,,,0.0,0.0,0.0,0.0,0
52.12,-2.9022,0.917,129.6839,0.0,-0.2396,129.6839,,,,,,,,,,,,0.0,0.0,0.0,0.0,0
52.14,-2.9022,0.917,129.6839,0.0,-0.2396,129.6839,,,,,,,,,,,,0.0,0.0,0.0,0.0,0
52.16,-2.9022,0.917,129.6839,0.0,-0.2396,129.6839,,,,,,,,,,,,0.0,0.0,0.0,0.0,0
52.18,-2.9022,0.917,129.6839,0.0,-0.2396,129.6839,,,,,,,,,,,,0.0,0.0,0.0,0.0,0
52.2,-2.9022,0.917,129.6839,0.0,-0.2396,129.6839,,,,,,,,,,,,0.0,0.0,0.0,0.0,0
52.22,-2.9022,0.917,129.6839,0.0,-0.2396,129.6839,,,,,,,,,,,,0.0,0.0,0.0,0.0,0
52.24,-2.9022,0.917,129.6839,0.0,-0.2396,129.6839,,,,,,,,,,,,0.0,0.0,0.0,0.0,0
52.26,-2.9022,0.917,129.6839,0.0,-0.2396,129.6839,,,,,,,,,,,,0.0,0.0,0.0,0.0,0
52.28,-2.9022,0.917,129.6839,0.0,-0.2396,129.6839,,,,,,,,,,,,0.0,0.0,0.0,0.0,0
52.3,-2.9022,0.917,129.6839,0.0,-0.2396,129.6839,,,,,,,,,,,,0.0,0.0,0.0,0.0,0
52.32,-2.9022,0.917,129.6839,0.0,-0.2396,129.6839,,,,,,,,,,,,0.0,0.0,0.0,0.0,0
52.34,-2.9022,0.917,129.6839,0.0,-0.2396,129.6839,,,,,,,,,,,,0.0,0.0,0.0,0.0,0
52.36,-2.9022,0.917,129.6839,0.0,-0.2396,129.6839,,,,,,,,,,,,0.0,0.0,0.0,0.0,0
52.38,-2.9022,0.917,129.6839,0.0,-0.2396,129.6839,,,,,,,,,,,,0.0,0.0,0.0,0.0,0
52.4,-2.9022,0.917,129.6839,0.0,-0.2396,129.6839,,,,,,,,,,,,0.0,0.0,0.0,0.0,0
52.42,-2.9022,0.917,129.6839,0.0,-0.2396,129.6839,,,,,,,,,,,,0.0,0.0,0.0,0.0,0
52.44,-2.9022,0.917,129.6839,0.0,-0.2396,129.6839,,,,,,,,,,,,0.0,0.0,0.0,0.0,0
52.46,-2.9022,0.917,129.6839,0.0,-0.2396,129.6839,,,,,,,,,,,,0.0,0.0,0.0,0.0,0
52.48,-2.9022,0.917,129.6839,0.0,-0.2396,129.6839,,,,,,,,,,,,0.0,0.0,0.0,0.0,0
52.5,-2.9022,0.917,129.6839,0.0,-0.2396,129.6839,,,,,,,,,,,,0.0,0.0,0.0,0.0,0
52.52,-2.9022,0.917,129.6839,0.0,-0.2396,129.6839,,,,,,,,,,,,0.0,0.0,0.0,0.0,0
52.54,-2.9022,0.917,129.6839,0.0,-0.2396,129.6839,,,,,,,,,,,,0.0,0.0,0.0,0.0,0
52.56,-2.9022,0.917,129.6839,0.0,-0.2396,129.6839,,,,,,,,,,,,0.0,0.0,0.0,0.0,0
52.58,-2.9022,0.917,129.6839,0.0,-0.2396,129.6839,,,,,,,,,,,,0.0,0.0,0.0,0.0,0
52.6,-2.9022,0.917,129.6839,0.0,-0.2396,129.6839,,,,,,,,,,,,0.0,0.0,0.0,0.0,0
52.62,-2.9022,0.917,129.6839,0.0,-0.2396,129.6839,,,,,,,,,,,,0.0,0.0,0.0,0.0,0
52.64,-2.9022,0.917,129.6839,0.0,-0.2396,129.6839,,,,,,,,,,,,0.0,0.0,0.0,0.0,0
52.66,-2.9022,0.917,129.6839,0.0,-0.2396,129.6839,,,,,,,,,,,,0.0,0.0,0.0,0.0,0
52.68,-2.9022,0.917,129.6839,0.0,-0.2396,129.6839,,,,,,,,,,,,0.0,0.0,0.0,0.0,0
52.7,-2.9022,0.917,129.6839,0.0,-0.2396,129.6839,,,,,,,,,,,,0.0,0.0,0.0,0.0,0
52.72,-2.9022,0.917,129.6839,0.0,-0.2396,129.6839,,,,,,,,,,,,0.0,0.0,0.0,0.0,0
52.74,-2.9022,0.917,129.6839,0.0,-0.2396,129.6839,,,,,,,,,,,,0.0,0.0,0.0,0.0,0
52.76,-2.889,0.9023,129.4927,-0.0,-0.171,129.4927,,,,,,,,,,,,0.0,0.0,0.0,0.0,0
52.78,-2.889,0.9023,129.4927,-0.0,-0.171,129.4927,,,,,,,,,,,,0.0,0.0,0.0,0.0,0
52.8,-2.889,0.9023,129.4927,-0.0,-0.171,129.4927,,,,,,,,,,,,0.0,0.0,0.0,0.0,0
52.82,-2.889,0.9023,129.4927,-0.0,-0.171,129.4927,,,,,,,,,,,,0.0,0.0,0.0,0.0,0
52.84,-2.889,0.9023,129.4927,-0.0,-0.171,129.4927,,,,,,,,,,,,0.0,0.0,0.0,0.0,0
52.86,-2.889,0.9023,129.4927,-0.0,-0.171,129.4927,,,,,,,,,,,,0.0,0.0,0.0,0.0,0
52.88,-2.889,0.9023,129.4927,-0.0,-0.171,129.4927,,,,,,,,,,,,0.0,0.0,0.0,0.0,0
52.9,-2.889,0.9023,129.4927,-0.0,-0.171,129.4927,,,,,,,,,,,,0.0,0.0,0.0,0.0,0
52.92,-2.889,0.9023,129.4927,-0.0,-0.171,129.4927,,,,,,,,,,,,0.0,0.0,0.0,0.0,0
52.94,-2.889,0.9023,129.4927,-0.0,-0.171,129.4927,,,,,,,,,,,,0.0,0.0,0.0,0.0,0
52.96,-2.889,0.9023,129.4927,-0.0,-0.171,129.4927,,,,,,,,,,,,0.0,0.0,0.0,0.0,0
52.98,-2.889,0.9023,129.4927,-0.0,-0.171,129.4927,,,,,,,,,,,,0.0,0.0,0.0,0.0,0
53.0,-2.889,0.9023,129.4927,-0.0,-0.171,129.4927,,,,,,,,,,,,0.0,0.0,0.0,0.0,0
53.02,-2.889,0.9023,129.4927,-0.0,-0.171,129.4927,,,,,,,,,,,,0.0,0.0,0.0,0.0,0
53.04,-2.889,0.9023,129.4927,-0.0,-0.171,129.4927,,,,,,,,,,,,0.0,0.0,0.0,0.0,0
53.06,-2.889,0.9023,129.4927,-0.0,-0.171,129.4927,,,,,,,,,,,,0.0,0.0,0.0,0.0,0
53.08,-2.889,0.9023,129.4927,-0.0,-0.171,129.4927,,,,,,,,,,,,0.0,0.0,0.0,0.0,0
53.1,-2.889,0.9023,129.4927,-0.0,-0.171,129.4927,,,,,,,,,,,,0.0,0.0,0.0,0.0,0
53.12,-2.889,0.9023,129.4927,-0.0,-0.171,129.4927,,,,,,,,,,,,0.0,0.0,0.0,0.0,0
53.14,-2.889,0.9023,129.4927,-0.0,-0.171,129.4927,,,,,,,,,,,,0.0,0.0,0.0,0.0,0
53.16,-2.889,0.9023,129.4927,-0.0,-0.171,129.4927,,,,,,,,,,,,0.0,0.0,0.0,0.0,0
53.18,-2.889,0.9023,129.4927,-0.0,-0.171,129.4927,,,,,,,,,,,,0.0,0.0,0.0,0.0,0
53.2,-2.889,0.9023,129.4927,-0.0,-0.171,129.4927,,,,,,,,,,,,0.0,0.0,0.0,0.0,0
53.22,-2.889,0.9023,129.4927,-0.0,-0.171,129.4927,,,,,,,,,,,,0.0,0.0,0.0,0.0,0
53.24,-2.889,0.9023,129.4927,-0.0,-0.171,129.4927,,,,,,,,,,,,0.0,0.0,0.0,0.0,0
53.26,-2.889,0.9023,129.4927,-0.0,-0.171,129.4927,,,,,,,,,,,,0.0,0.0,0.0,0.0,0
53.28,-2.889,0.9023,129.4927,-0.0,-0.171,129.4927,,,,,,,,,,,,0.0,0.0,0.0,0.0,0
53.3,-2.889,0.9023,129.4927,-0.0,-0.171,129.4927,,,,,,,,,,,,0.0,0.0,0.0,0.0,0
53.32,-2.889,0.9023,129.4927,-0.0,-0.171,129.4927,,,,,,,,,,,,0.0,0.0,0.0,0.0,0
53.34,-2.889,0.9023,129.4927,-0.0,-0.171,129.4927,,,,,,,,,,,,0.0,0.0,0.0,0.0,0
53.36,-2.889,0.9023,129.4927,-0.0,-0.171,129.4927,,,,,,,,,,,,0.0,0.0,0.0,0.0,0
53.38,-2.889,0.9023,129.4927,-0.0,-0.171,129.4927,,,,,,,,,,,,0.0,0.0,0.0,0.0,0
53.4,-2.889,0.9023,129.4927,-0.0,-0.171,129.4927,,,,,,,,,,,,0.0,0.0,0.0,0.0,0
53.42,-2.889,0.9023,129.4927,-0.0,-0.171,129.4927,,,,,,,,,,,,0.0,0.0,0.0,0.0,0
53.44,-2.889,0.9023,129.4927,-0.0,-0.171,129.4927,,,,,,,,,,,,0.0,0.0,0.0,0.0,0
53.46,-2.889,0.9023,129.4927,-0.0,-0.171,129.4927,,,,,,,,,,,,0.0,0.0,0.0,0.0,0
53.48,-2.889,0.9023,129.4927,-0.0,-0.171,129.4927,,,,,,,,,,,,0.0,0.0,0.0,0.0,0
53.5,-2.889,0.9023,129.4927,-0.0,-0.171,129.4927,,,,,,,,,,,,0.0,0.0,0.0,0.0,0
53.52,-2.889,0.9023,129.4927,-0.0,-0.171,129.4927,,,,,,,,,,,,0.0,0.0,0.0,0.0,0
53.54,-2.889,0.9023,129.4927,-0.0,-0.171,129.4927,,,,,,,,,,,,0.0,0.0,0.0,0.0,0
53.56,-2.889,0.9023,129.4927,-0.0,-0.171,129.4927,,,,,,,,,,,,0.0,0.0,0.0,0.0,0
53.58,-2.889,0.9023,129.4927,-0.0,-0.171,129.4927,,,,,,,,,,,,0.0,0.0,0.0,0.0,0
53.6,-2.889,0.9023,129.4927,-0.0,-0.171,129.4927,,,,,,,,,,,,0.0,0.0,0.0,0.0,0
53.62,-2.889,0.9023,129.4927,-0.0,-0.171,129.4927,,,,,,,,,,,,0.0,0.0,0.0,0.0,0
53.64,-2.889,0.9023,129.4927,-0.0,-0.171,129.4927,,,,,,,,,,,,0.0,0.0,0.0,0.0,0
53.66,-2.889,0.9023,129.4927,-0.0,-0.171,129.4927,,,,,,,,,,,,0.0,0.0,0.0,0.0,0
53.68,-2.889,0.9023,129.4927,-0.0,-0.171,129.4927,,,,,,,,,,,,0.0,0.0,0.0,0.0,0
53.7,-2.889,0.9023,129.4927,-0.0,-0.171,129.4927,,,,,,,,,,,,0.0,0.0,0.0,0.0,0
53.72,-2.889,0.9023,129.4927,-0.0,-0.171,129.4927,,,,,,,,,,,,0.0,0.0,0.0,0.0,0
53.74,-2.889,0.9023,129.4927,-0.0,-0.171,129.4927,,,,,,,,,,,,0.0,0.0,0.0,0.0,0
53.76,-2.889,0.9023,129.4927,-0.0,-0.171,129.4927,,,,,,,,,,,,0.0,0.0,0.0,0.0,0
53.78,-2.889,0.9023,129.4927,-0.0,-0.171,129.4927,,,,,,,,,,,,0.0,0.0,0.0,0.0,0
53.8,-2.889,0.9023,129.4927,-0.0,-0.171,129.4927,,,,,,,,,,,,0.0,0.0,0.0,0.0,0
53.82,-2.889,0.9023,129.4927,-0.0,-0.171,129.4927,,,,,,,,,,,,0.0,0.0,0.0,0.0,0
53.84,-2.889,0.9023,129.4927,-0.0,-0.171,129.4927,,,,,,,,,,,,0.0,0.0,0.0,0.0,0
53.86,-2.889,0.9023,129.4927,-0.0,-0.171,129.4927,,,,,,,,,,,,0.0,0.0,0.0,0.0,0
53.88,-2.889,0.9023,129.4927,-0.0,-0.171,129.4927,,,,,,,,,,,,0.0,0.0,0.0,0.0,0
53.9,-2.889,0.9023,129.4927,-0.0,-0.171,129.4927,,,,,,,,,,,,0.0,0.0,0.0,0.0,0
53.92,-2.889,0.9023,129.4927,-0.0,-0.171,129.4927,,,,,,,,,,,,0.0,0.0,0.0,0.0,0
53.94,-2.889,0.9023,129.4927,-0.0,-0.171,129.4927,,,,,,,,,,,,0.0,0.0,0.0,0.0,0
53.96,-2.889,0.9023,129.4927,-0.0,-0.171,129.4927,,,,,,,,,,,,0.0,0.0,0.0,0.0,0
53.98,-2.889,0.9023,129.4927,-0.0,-0.171,129.4927,,,,,,,,,,,,0.0,0.0,0.0,0.0,0
54.0,-2.889,0.9023,129.4927,-0.0,-0.171,129.4927,,,,,,,,,,,,0.0,0.0,0.0,0.0,0
54.02,-2.889,0.9023,129.4927,-0.0,-0.171,129.4927,,,,,,,,,,,,0.0,0.0,0.0,0.0,0
54.04,-2.889,0.9023,129.4927,-0.0,-0.171,129.4927,,,,,,,,,,,,0.0,0.0,0.0,0.0,0
54.06,-2.889,0.9023,129.4927,-0.0,-0.171,129.4927,,,,,,,,,,,,0.0,0.0,0.0,0.0,0
54.08,-2.889,0.9023,129.4927,-0.0,-0.171,129.4927,,,,,,,,,,,,0.0,0.0,0.0,0.0,0
54.1,-2.889,0.9023,129.4927,-0.0,-0.171,129.4927,,,,,,,,,,,,0.0,0.0,0.0,0.0,0
54.12,-2.889,0.9023,129.4927,-0.0,-0.171,129.4927,,,,,,,,,,,,0.0,0.0,0.0,0.0,0
54.14,-2.889,0.9023,129.4927,-0.0,-0.171,129.4927,,,,,,,,,,,,0.0,0.0,0.0,0.0,0
54.16,-2.889,0.9023,129.4927,-0.0,-0.171,129.4927,,,,,,,,,,,,0.0,0.0,0.0,0.0,0
54.18,-2.889,0.9023,129.4927,-0.0,-0.171,129.4927,,,,,,,,,,,,0.0,0.0,0.0,0.0,0
54.2,-2.889,0.9023,129.4927,-0.0,-0.171,129.4927,,,,,,,,,,,,0.0,0.0,0.0,0.0,0
54.22,-2.889,0.9023,129.4927,-0.0,-0.171,129.4927,,,,,,,,,,,,0.0,0.0,0.0,0.0,0
54.24,-2.889,0.9023,129.4927,-0.0,-0.171,129.4927,,,,,,,,,,,,0.0,0.0,0.0,0.0,0
54.26,-2.889,0.9023,129.4927,-0.0,-0.171,129.4927,,,,,,,,,,,,0.0,0.0,0.0,0.0,0
54.28,-2.889,0.9023,129.4927,-0.0,-0.171,129.4927,,,,,,,,,,,,0.0,0.0,0.0,0.0,0
54.3,-2.889,0.9023,129.4927,-0.0,-0.171,129.4927,,,,,,,,,,,,0.0,0.0,0.0,0.0,0
54.32,-2.889,0.9023,129.4927,-0.0,-0.171,129.4927,,,,,,,,,,,,0.0,0.0,0.0,0.0,0
54.34,-2.889,0.9023,129.4927,-0.0,-0.171,129.4927,,,,,,,,,,,,0.0,0.0,0.0,0.0,0
54.36,-2.889,0.9023,129.4927,-0.0,-0.171,129.4927,,,,,,,,,,,,0.0,0.0,0.0,0.0,0
54.38,-2.889,0.9023,129.4927,-0.0,-0.171,129.4927,,,,,,,,,,,,0.0,0.0,0.0,0.0,0
54.4,-2.889,0.9023,129.4927,-0.0,-0.171,129.4927,,,,,,,,,,,,0.0,0.0,0.0,0.0,0
54.42,-2.889,0.9023,129.4927,-0.0,-0.171,129.4927,,,,,,,,,,,,0.0,0.0,0.0,0.0,0
54.44,-2.889,0.9023,129.4927,-0.0,-0.171,129.4927,,,,,,,,,,,,0.0,0.0,0.0,0.0,0
54.46,-2.889,0.9023,129.4927,-0.0,-0.171,129.4927,,,,,,,,,,,,0.0,0.0,0.0,0.0,0
54.48,-2.889,0.9023,129.4927,-0.0,-0.171,129.4927,,,,,,,,,,,,0.0,0.0,0.0,0.0,0
54.5,-2.889,0.9023,129.4927,-0.0,-0.171,129.4927,,,,,,,,,,,,0.0,0.0,0.0,0.0,0
54.52,-2.889,0.9023,129.4927,-0.0,-0.171,129.4927,,,,,,,,,,,,0.0,0.0,0.0,0.0,0
54.54,-2.889,0.9023,129.4927,-0.0,-0.171,129.4927,,,,,,,,,,,,0.0,0.0,0.0,0.0,0
54.56,-2.889,0.9023,129.4927,-0.0,-0.171,129.4927,,,,,,,,,,,,0.0,0.0,0.0,0.0,0
54.58,-2.889,0.9023,129.4927,-0.0,-0.171,129.4927,,,,,,,,,,,,0.0,0.0,0.0,0.0,0
54.6,-2.889,0.9023,129.4927,-0.0,-0.171,129.4927,,,,,,,,,,,,0.0,0.0,0.0,0.0,0
54.62,-2.889,0.9023,129.4927,-0.0,-0.171,129.4927,,,,,,,,,,,,0.0,0.0,0.0,0.0,0
54.64,-2.889,0.9023,129.4927,-0.0,-0.171,129.4927,,,,,,,,,,,,0.0,0.0,0.0,0.0,0
54.66,-2.889,0.9023,129.4927,-0.0,-0.171,129.4927,,,,,,,,,,,,0.0,0.0,0.0,0.0,0
54.68,-2.889,0.9023,129.4927,-0.0,-0.171,129.4927,,,,,,,,,,,,0.0,0.0,0.0,0.0,0
54.7,-2.889,0.9023,129.4927,-0.0,-0.171,129.4927,,,,,,,,,,,,0.0,0.0,0.0,0.0,0
54.72,-2.889,0.9023,129.4927,-0.0,-0.171,129.4927,,,,,,,,,,,,0.0,0.0,0.0,0.0,0
54.74,-2.889,0.9023,129.4927,-0.0,-0.171,129.4927,,,,,,,,,,,,0.0,0.0,0.0,0.0,0
54.76,-2.889,0.9023,129.4927,-0.0,-0.171,129.4927,,,,,,,,,,,,0.0,0.0,0.0,0.0,0
54.78,-2.889,0.9023,129.4927,-0.0,-0.171,129.4927,,,,,,,,,,,,0.0,0.0,0.0,0.0,0
54.8,-2.889,0.9023,129.4927,-0.0,-0.171,129.4927,,,,,,,,,,,,0.0,0.0,0.0,0.0,0
54.82,-2.889,0.9023,129.4927,-0.0,-0.171,129.4927,,,,,,,,,,,,0.0,0.0,0.0,0.0,0
54.84,-2.889,0.9023,129.4927,-0.0,-0.171,129.4927,,,,,,,,,,,,0.0,0.0,0.0,0.0,0
54.86,-2.889,0.9023,129.4927,-0.0,-0.171,129.4927,,,,,,,,,,,,0.0,0.0,0.0,0.0,0
54.88,-2.889,0.9023,129.4927,-0.0,-0.171,129.4927,,,,,,,,,,,,0.0,0.0,0.0,0.0,0
54.9,-2.889,0.9023,129.4927,-0.0,-0.171,129.4927,,,,,,,,,,,,0.0,0.0,0.0,0.0,0
54.92,-2.889,0.9023,129.4927,-0.0,-0.171,129.4927,,,,,,,,,,,,0.0,0.0,0.0,0.0,0
54.94,-2.889,0.9023,129.4927,-0.0,-0.171,129.4927,,,,,,,,,,,,0.0,0.0,0.0,0.0,0
54.96,-2.889,0.9023,129.4927,-0.0,-0.171,129.4927,,,,,,,,,,,,0.0,0.0,0.0,0.0,0
54.98,-2.889,0.9023,129.4927,-0.0,-0.171,129.4927,,,,,,,,,,,,0.0,0.0,0.0,0.0,0
55.0,-2.889,0.9023,129.4927,-0.0,-0.171,129.4927,,,,,,,,,,,,0.0,0.0,0.0,0.0,0
55.02,-2.889,0.9023,129.4927,-0.0,-0.171,129.4927,,,,,,,,,,,,0.0,0.0,0.0,0.0,0
55.04,-2.889,0.9023,129.4927,-0.0,-0.171,129.4927,,,,,,,,,,,,0.0,0.0,0.0,0.0,0
55.06,-2.889,0.9023,129.4927,-0.0,-0.171,129.4927,,,,,,,,,,,,0.0,0.0,0.0,0.0,0
55.08,-2.889,0.9023,129.4927,-0.0,-0.171,129.4927,,,,,,,,,,,,0.0,0.0,0.0,0.0,0
55.1,-2.889,0.9023,129.4927,-0.0,-0.171,129.4927,,,,,,,,,,,,0.0,0.0,0.0,0.0,0
55.12,-2.889,0.9023,129.4927,-0.0,-0.171,129.4927,,,,,,,,,,,,0.0,0.0,0.0,0.0,0
55.14,-2.889,0.9023,129.4927,-0.0,-0.171,129.4927,,,,,,,,,,,,0.0,0.0,0.0,0.0,0
55.16,-2.889,0.9023,129.4927,-0.0,-0.171,129.4927,,,,,,,,,,,,0.0,0.0,0.0,0.0,0
55.18,-2.889,0.9023,129.4927,-0.0,-0.171,129.4927,,,,,,,,,,,,0.0,0.0,0.0,0.0,0
55.2,-2.889,0.9023,129.4927,-0.0,-0.171,129.4927,,,,,,,,,,,,0.0,0.0,0.0,0.0,0
55.22,-2.889,0.9023,129.4927,-0.0,-0.171,129.4927,,,,,,,,,,,,0.0,0.0,0.0,0.0,0
55.24,-2.889,0.9023,129.4927,-0.0,-0.171,129.4927,,,,,,,,,,,,0.0,0.0,0.0,0.0,0
55.26,-2.889,0.9023,129.4927,-0.0,-0.171,129.4927,,,,,,,,,,,,0.0,0.0,0.0,0.0,0
55.28,-2.889,0.9023,129.4927,-0.0,-0.171,129.4927,,,,,,,,,,,,0.0,0.0,0.0,0.0,0
55.3,-2.889,0.9023,129.4927,-0.0,-0.171,129.4927,,,,,,,,,,,,0.0,0.0,0.0,0.0,0
55.32,-2.889,0.9023,129.4927,-0.0,-0.171,129.4927,,,,,,,,,,,,0.0,0.0,0.0,0.0,0
55.34,-2.889,0.9023,129.4927,-0.0,-0.171,129.4927,,,,,,,,,,,,0.0,0.0,0.0,0.0,0
55.36,-2.889,0.9023,129.4927,-0.0,-0.171,129.4927,,,,,,,,,,,,0.0,0.0,0.0,0.0,0
55.38,-2.889,0.9023,129.4927,-0.0,-0.171,129.4927,,,,,,,,,,,,0.0,0.0,0.0,0.0,0
55.4,-2.889,0.9023,129.4927,-0.0,-0.171,129.4927,,,,,,,,,,,,0.0,0.0,0.0,0.0,0
55.42,-2.889,0.9023,129.4927,-0.0,-0.171,129.4927,,,,,,,,,,,,0.0,0.0,0.0,0.0,0
55.44,-2.889,0.9023,129.4927,-0.0,-0.171,129.4927,,,,,,,,,,,,0.0,0.0,0.0,0.0,0
55.46,-2.889,0.9023,129.4927,-0.0,-0.171,129.4927,,,,,,,,,,,,0.0,0.0,0.0,0.0,0
55.48,-2.889,0.9023,129.4927,-0.0,-0.171,129.4927,,,,,,,,,,,,0.0,0.0,0.0,0.0,0
55.5,-2.889,0.9023,129.4927,-0.0,-0.171,129.4927,,,,,,,,,,,,0.0,0.0,0.0,0.0,0
55.52,-2.889,0.9023,129.4927,-0.0,-0.171,129.4927,,,,,,,,,,,,0.0,0.0,0.0,0.0,0
55.54,-2.889,0.9023,129.4927,-0.0,-0.171,129.4927,,,,,,,,,,,,0.0,0.0,0.0,0.0,0
55.56,-2.889,0.9023,129.4927,-0.0,-0.171,129.4927,,,,,,,,,,,,0.0,0.0,0.0,0.0,0
55.58,-2.889,0.9023,129.4927,-0.0,-0.171,129.4927,,,,,,,,,,,,0.0,0.0,0.0,0.0,0
55.6,-2.889,0.9023,129.4927,-0.0,-0.171,129.4927,,,,,,,,,,,,0.0,0.0,0.0,0.0,0
55.62,-2.889,0.9023,129.4927,-0.0,-0.171,129.4927,,,,,,,,,,,,0.0,0.0,0.0,0.0,0
55.64,-2.889,0.9023,129.4927,-0.0,-0.171,129.4927,,,,,,,,,,,,0.0,0.0,0.0,0.0,0
55.66,-2.889,0.9023,129.4927,-0.0,-0.171,129.4927,,,,,,,,,,,,0.0,0.0,0.0,0.0,0
55.68,-2.889,0.9023,129.4927,-0.0,-0.171,129.4927,,,,,,,,,,,,0.0,0.0,0.0,0.0,0
55.7,-2.889,0.9023,129.4927,-0.0,-0.171,129.4927,,,,,,,,,,,,0.0,0.0,0.0,0.0,0
55.72,-2.889,0.9023,129.4927,-0.0,-0.171,129.4927,,,,,,,,,,,,0.0,0.0,0.0,0.0,0
55.74,-2.889,0.9023,129.4927,-0.0,-0.171,129.4927,,,,,,,,,,,,0.0,0.0,0.0,0.0,0
55.76,-2.889,0.9023,129.4927,-0.0,-0.171,129.4927,,,,,,,,,,,,0.0,0.0,0.0,0.0,0
55.78,-2.889,0.9023,129.4927,-0.0,-0.171,129.4927,,,,,,,,,,,,0.0,0.0,0.0,0.0,0
55.8,-2.889,0.9023,129.4927,-0.0,-0.171,129.4927,,,,,,,,,,,,0.0,0.0,0.0,0.0,0
55.82,-2.889,0.9023,129.4927,-0.0,-0.171,129.4927,,,,,,,,,,,,0.0,0.0,0.0,0.0,0
55.84,-2.889,0.9023,129.4927,-0.0,-0.171,129.4927,,,,,,,,,,,,0.0,0.0,0.0,0.0,0
55.86,-2.889,0.9023,129.4927,-0.0,-0.171,129.4927,,,,,,,,,,,,0.0,0.0,0.0,0.0,0
55.88,-2.889,0.9023,129.4927,-0.0,-0.171,129.4927,,,,,,,,,,,,0.0,0.0,0.0,0.0,0
55.9,-2.889,0.9023,129.4927,-0.0,-0.171,129.4927,,,,,,,,,,,,0.0,0.0,0.0,0.0,0
55.92,-2.889,0.9023,129.4927,-0.0,-0.171,129.4927,,,,,,,,,,,,0.0,0.0,0.0,0.0,0
55.94,-2.889,0.9023,129.4927,-0.0,-0.171,129.4927,,,,,,,,,,,,0.0,0.0,0.0,0.0,0
55.96,-2.889,0.9023,129.4927,-0.0,-0.171,129.4927,,,,,,,,,,,,0.0,0.0,0.0,0.0,0
55.98,-2.889,0.9023,129.4927,-0.0,-0.171,129.4927,,,,,,,,,,,,0.0,0.0,0.0,0.0,0
56.0,-2.889,0.9023,129.4927,-0.0,-0.171,129.4927,,,,,,,,,,,,0.0,0.0,0.0,0.0,0
56.02,-2.889,0.9023,129.4927,-0.0,-0.171,129.4927,,,,,,,,,,,,0.0,0.0,0.0,0.0,0
56.04,-2.889,0.9023,129.4927,-0.0,-0.171,129.4927,,,,,,,,,,,,0.0,0.0,0.0,0.0,0
56.06,-2.889,0.9023,129.4927,-0.0,-0.171,129.4927,,,,,,,,,,,,0.0,0.0,0.0,0.0,0
56.08,-2.889,0.9023,129.4927,-0.0,-0.171,129.4927,,,,,,,,,,,,0.0,0.0,0.0,0.0,0
56.1,-2.889,0.9023,129.4927,-0.0,-0.171,129.4927,,,,,,,,,,,,0.0,0.0,0.0,0.0,0
56.12,-2.889,0.9023,129.4927,-0.0,-0.171,129.4927,,,,,,,,,,,,0.0,0.0,0.0,0.0,0
56.14,-2.889,0.9023,129.4927,-0.0,-0.171,129.4927,,,,,,,,,,,,0.0,0.0,0.0,0.0,0
56.16,-2.889,0.9023,129.4927,-0.0,-0.171,129.4927,,,,,,,,,,,,0.0,0.0,0.0,0.0,0
56.18,-2.889,0.9023,129.4927,-0.0,-0.171,129.4927,,,,,,,,,,,,0.0,0.0,0.0,0.0,0
56.2,-2.889,0.9023,129.4927,-0.0,-0.171,129.4927,,,,,,,,,,,,0.0,0.0,0.0,0.0,0
56.22,-2.889,0.9023,129.4927,-0.0,-0.171,129.4927,,,,,,,,,,,,0.0,0.0,0.0,0.0,0
56.24,-2.889,0.9023,129.4927,-0.0,-0.171,129.4927,,,,,,,,,,,,0.0,0.0,0.0,0.0,0
56.26,-2.889,0.9023,129.4927,-0.0,-0.171,129.4927,,,,,,,,,,,,0.0,0.0,0.0,0.0,0
56.28,-2.889,0.9023,129.4927,-0.0,-0.171,129.4927,,,,,,,,,,,,0.0,0.0,0.0,0.0,0
56.3,-2.889,0.9023,129.4927,-0.0,-0.171,129.4927,,,,,,,,,,,,0.0,0.0,0.0,0.0,0
56.32,-2.889,0.9023,129.4927,-0.0,-0.171,129.4927,,,,,,,,,,,,0.0,0.0,0.0,0.0,0
56.34,-2.889,0.9023,129.4927,-0.0,-0.171,129.4927,,,,,,,,,,,,0.0,0.0,0.0,0.0,0
56.36,-2.889,0.9023,129.4927,-0.0,-0.171,129.4927,,,,,,,,,,,,0.0,0.0,0.0,0.0,0
56.38,-2.889,0.9023,129.4927,-0.0,-0.171,129.4927,,,,,,,,,,,,0.0,0.0,0.0,0.0,0
56.4,-2.889,0.9023,129.4927,-0.0,-0.171,129.4927,,,,,,,,,,,,0.0,0.0,0.0,0.0,0
56.42,-2.889,0.9023,129.4927,-0.0,-0.171,129.4927,,,,,,,,,,,,0.0,0.0,0.0,0.0,0
56.44,-2.889,0.9023,129.4927,-0.0,-0.171,129.4927,,,,,,,,,,,,0.0,0.0,0.0,0.0,0
56.46,-2.889,0.9023,129.4927,-0.0,-0.171,129.4927,,,,,,,,,,,,0.0,0.0,0.0,0.0,0
56.48,-2.889,0.9023,129.4927,-0.0,-0.171,129.4927,,,,,,,,,,,,0.0,0.0,0.0,0.0,0
56.5,-2.889,0.9023,129.4927,-0.0,-0.171,129.4927,,,,,,,,,,,,0.0,0.0,0.0,0.0,0
56.52,-2.889,0.9023,129.4927,-0.0,-0.171,129.4927,,,,,,,,,,,,0.0,0.0,0.0,0.0,0
56.54,-2.889,0.9023,129.4927,-0.0,-0.171,129.4927,,,,,,,,,,,,0.0,0.0,0.0,0.0,0
56.56,-2.889,0.9023,129.4927,-0.0,-0.171,129.4927,,,,,,,,,,,,0.0,0.0,0.0,0.0,0
56.58,-2.889,0.9023,129.4927,-0.0,-0.171,129.4927,,,,,,,,,,,,0.0,0.0,0.0,0.0,0
56.6,-2.889,0.9023,129.4927,-0.0,-0.171,129.4927,,,,,,,,,,,,0.0,0.0,0.0,0.0,0
56.62,-2.889,0.9023,129.4927,-0.0,-0.171,129.4927,,,,,,,,,,,,0.0,0.0,0.0,0.0,0
56.64,-2.889,0.9023,129.4927,-0.0,-0.171,129.4927,,,,,,,,,,,,0.0,0.0,0.0,0.0,0
56.66,-2.889,0.9023,129.4927,-0.0,-0.171,129.4927,,,,,,,,,,,,0.0,0.0,0.0,0.0,0
56.68,-2.889,0.9023,129.4927,-0.0,-0.171,129.4927,,,,,,,,,,,,0.0,0.0,0.0,0.0,0
56.7,-2.889,0.9023,129.4927,-0.0,-0.171,129.4927,,,,,,,,,,,,0.0,0.0,0.0,0.0,0
56.72,-2.889,0.9023,129.4927,-0.0,-0.171,129.4927,,,,,,,,,,,,0.0,0.0,0.0,0.0,0
56.74,-2.889,0.9023,129.4927,-0.0,-0.171,129.4927,,,,,,,,,,,,0.0,0.0,0.0,0.0,0
56.76,-2.889,0.9023,129.4927,-0.0,-0.171,129.4927,,,,,,,,,,,,0.0,0.0,0.0,0.0,0
56.78,-2.889,0.9023,129.4927,-0.0,-0.171,129.4927,,,,,,,,,,,,0.0,0.0,0.0,0.0,0
56.8,-2.889,0.9023,129.4927,-0.0,-0.171,129.4927,,,,,,,,,,,,0.0,0.0,0.0,0.0,0
56.82,-2.889,0.9023,129.4927,-0.0,-0.171,129.4927,,,,,,,,,,,,0.0,0.0,0.0,0.0,0
56.84,-2.889,0.9023,129.4927,-0.0,-0.171,129.4927,,,,,,,,,,,,0.0,0.0,0.0,0.0,0
56.86,-2.889,0.9023,129.4927,-0.0,-0.171,129.4927,,,,,,,,,,,,0.0,0.0,0.0,0.0,0
56.88,-2.889,0.9023,129.4927,-0.0,-0.171,129.4927,,,,,,,,,,,,0.0,0.0,0.0,0.0,0
56.9,-2.889,0.9023,129.4927,-0.0,-0.171,129.4927,,,,,,,,,,,,0.0,0.0,0.0,0.0,0
56.92,-2.889,0.9023,129.4927,-0.0,-0.171,129.4927,,,,,,,,,,,,0.0,0.0,0.0,0.0,0
56.94,-2.889,0.9023,129.4927,-0.0,-0.171,129.4927,,,,,,,,,,,,0.0,0.0,0.0,0.0,0
56.96,-2.889,0.9023,129.4927,-0.0,-0.171,129.4927,,,,,,,,,,,,0.0,0.0,0.0,0.0,0
56.98,-2.889,0.9023,129.4927,-0.0,-0.171,129.4927,,,,,,,,,,,,0.0,0.0,0.0,0.0,0
57.0,-2.889,0.9023,129.4927,-0.0,-0.171,129.4927,,,,,,,,,,,,0.0,0.0,0.0,0.0,0
57.02,-2.889,0.9023,129.4927,-0.0,-0.171,129.4927,,,,,,,,,,,,0.0,0.0,0.0,0.0,0
57.04,-2.889,0.9023,129.4927,-0.0,-0.171,129.4927,,,,,,,,,,,,0.0,0.0,0.0,0.0,0
57.06,-2.889,0.9023,129.4927,-0.0,-0.171,129.4927,,,,,,,,,,,,0.0,0.0,0.0,0.0,0
57.08,-2.889,0.9023,129.4927,-0.0,-0.171,129.4927,,,,,,,,,,,,0.0,0.0,0.0,0.0,0
57.1,-2.889,0.9023,129.4927,-0.0,-0.171,129.4927,,,,,,,,,,,,0.0,0.0,0.0,0.0,0
57.12,-2.889,0.9023,129.4927,-0.0,-0.171,129.4927,,,,,,,,,,,,0.0,0.0,0.0,0.0,0
57.14,-2.889,0.9023,129.4927,-0.0,-0.171,129.4927,,,,,,,,,,,,0.0,0.0,0.0,0.0,0
57.16,-2.889,0.9023,129.4927,-0.0,-0.171,129.4927,,,,,,,,,,,,0.0,0.0,0.0,0.0,0
57.18,-2.889,0.9023,129.4927,-0.0,-0.171,129.4927,,,,,,,,,,,,0.0,0.0,0.0,0.0,0
57.2,-2.889,0.9023,129.4927,-0.0,-0.171,129.4927,,,,,,,,,,,,0.0,0.0,0.0,0.0,0
57.22,-2.889,0.9023,129.4927,-0.0,-0.171,129.4927,,,,,,,,,,,,0.0,0.0,0.0,0.0,0
57.24,-2.889,0.9023,129.4927,-0.0,-0.171,129.4927,,,,,,,,,,,,0.0,0.0,0.0,0.0,0
57.26,-2.889,0.9023,129.4927,-0.0,-0.171,129.4927,,,,,,,,,,,,0.0,0.0,0.0,0.0,0
57.28,-2.889,0.9023,129.4927,-0.0,-0.171,129.4927,,,,,,,,,,,,0.0,0.0,0.0,0.0,0
57.3,-2.889,0.9023,129.4927,-0.0,-0.171,129.4927,,,,,,,,,,,,0.0,0.0,0.0,0.0,0
57.32,-2.889,0.9023,129.4927,-0.0,-0.171,129.4927,,,,,,,,,,,,0.0,0.0,0.0,0.0,0
57.34,-2.889,0.9023,129.4927,-0.0,-0.171,129.4927,,,,,,,,,,,,0.0,0.0,0.0,0.0,0
57.36,-2.889,0.9023,129.4927,-0.0,-0.171,129.4927,,,,,,,,,,,,0.0,0.0,0.0,0.0,0
57.38,-2.889,0.9023,129.4927,-0.0,-0.171,129.4927,,,,,,,,,,,,0.0,0.0,0.0,0.0,0
57.4,-2.889,0.9023,129.4927,-0.0,-0.171,129.4927,,,,,,,,,,,,0.0,0.0,0.0,0.0,0
57.42,-2.889,0.9023,129.4927,-0.0,-0.171,129.4927,,,,,,,,,,,,0.0,0.0,0.0,0.0,0
57.44,-2.889,0.9023,129.4927,-0.0,-0.171,129.4927,,,,,,,,,,,,0.0,0.0,0.0,0.0,0
57.46,-2.889,0.9023,129.4927,-0.0,-0.171,129.4927,,,,,,,,,,,,0.0,0.0,0.0,0.0,0
57.48,-2.889,0.9023,129.4927,-0.0,-0.171,129.4927,,,,,,,,,,,,0.0,0.0,0.0,0.0,0
57.5,-2.889,0.9023,129.4927,-0.0,-0.171,129.4927,,,,,,,,,,,,0.0,0.0,0.0,0.0,0
57.52,-2.889,0.9023,129.4927,-0.0,-0.171,129.4927,,,,,,,,,,,,0.0,0.0,0.0,0.0,0
57.54,-2.889,0.9023,129.4927,-0.0,-0.171,129.4927,,,,,,,,,,,,0.0,0.0,0.0,0.0,0
57.56,-2.889,0.9023,129.4927,-0.0,-0.171,129.4927,,,,,,,,,,,,0.0,0.0,0.0,0.0,0
57.58,-2.889,0.9023,129.4927,-0.0,-0.171,129.4927,,,,,,,,,,,,0.0,0.0,0.0,0.0,0
57.6,-2.889,0.9023,129.4927,-0.0,-0.171,129.4927,,,,,,,,,,,,0.0,0.0,0.0,0.0,0
57.62,-2.889,0.9023,129.4927,-0.0,-0.171,129.4927,,,,,,,,,,,,0.0,0.0,0.0,0.0,0
57.64,-2.889,0.9023,129.4927,-0.0,-0.171,129.4927,,,,,,,,,,,,0.0,0.0,0.0,0.0,0
57.66,-2.889,0.9023,129.4927,-0.0,-0.171,129.4927,,,,,,,,,,,,0.0,0.0,0.0,0.0,0
57.68,-2.889,0.9023,129.4927,-0.0,-0.171,129.4927,,,,,,,,,,,,0.0,0.0,0.0,0.0,0
57.7,-2.889,0.9023,129.4927,-0.0,-0.171,129.4927,,,,,,,,,,,,0.0,0.0,0.0,0.0,0
57.72,-2.889,0.9023,129.4927,-0.0,-0.171,129.4927,,,,,,,,,,,,0.0,0.0,0.0,0.0,0
57.74,-2.889,0.9023,129.4927,-0.0,-0.171,129.4927,,,,,,,,,,,,0.0,0.0,0.0,0.0,0
57.76,-2.889,0.9023,129.4927,-0.0,-0.171,129.4927,,,,,,,,,,,,0.0,0.0,0.0,0.0,0
57.78,-2.889,0.9023,129.4927,-0.0,-0.171,129.4927,,,,,,,,,,,,0.0,0.0,0.0,0.0,0
57.8,-2.889,0.9023,129.4927,-0.0,-0.171,129.4927,,,,,,,,,,,,0.0,0.0,0.0,0.0,0
57.82,-2.889,0.9023,129.4927,-0.0,-0.171,129.4927,,,,,,,,,,,,0.0,0.0,0.0,0.0,0
57.84,-2.889,0.9023,129.4927,-0.0,-0.171,129.4927,,,,,,,,,,,,0.0,0.0,0.0,0.0,0
57.86,-2.889,0.9023,129.4927,-0.0,-0.171,129.4927,,,,,,,,,,,,0.0,0.0,0.0,0.0,0
57.88,-2.889,0.9023,129.4927,-0.0,-0.171,129.4927,,,,,,,,,,,,0.0,0.0,0.0,0.0,0
57.9,-2.889,0.9023,129.4927,-0.0,-0.171,129.4927,,,,,,,,,,,,0.0,0.0,0.0,0.0,0
57.92,-2.889,0.9023,129.4927,-0.0,-0.171,129.4927,,,,,,,,,,,,0.0,0.0,0.0,0.0,0
57.94,-2.889,0.9023,129.4927,-0.0,-0.171,129.4927,,,,,,,,,,,,0.0,0.0,0.0,0.0,0
57.96,-2.889,0.9023,129.4927,-0.0,-0.171,129.4927,,,,,,,,,,,,0.0,0.0,0.0,0.0,0
57.98,-2.889,0.9023,129.4927,-0.0,-0.171,129.4927,,,,,,,,,,,,0.0,0.0,0.0,0.0,0
58.0,-2.889,0.9023,129.4927,-0.0,-0.171,129.4927,,,,,,,,,,,,0.0,0.0,0.0,0.0,0
58.02,-2.889,0.9023,129.4927,-0.0,-0.171,129.4927,,,,,,,,,,,,0.0,0.0,0.0,0.0,0
58.04,-2.889,0.9023,129.4927,-0.0,-0.171,129.4927,,,,,,,,,,,,0.0,0.0,0.0,0.0,0
58.06,-2.889,0.9023,129.4927,-0.0,-0.171,129.4927,,,,,,,,,,,,0.0,0.0,0.0,0.0,0
58.08,-2.889,0.9023,129.4927,-0.0,-0.171,129.4927,,,,,,,,,,,,0.0,0.0,0.0,0.0,0
58.1,-2.889,0.9023,129.4927,-0.0,-0.171,129.4927,,,,,,,,,,,,0.0,0.0,0.0,0.0,0
58.12,-2.889,0.9023,129.4927,-0.0,-0.171,129.4927,,,,,,,,,,,,0.0,0.0,0.0,0.0,0
58.14,-2.889,0.9023,129.4927,-0.0,-0.171,129.4927,,,,,,,,,,,,0.0,0.0,0.0,0.0,0
58.16,-2.889,0.9023,129.4927,-0.0,-0.171,129.4927,,,,,,,,,,,,0.0,0.0,0.0,0.0,0
58.18,-2.889,0.9023,129.4927,-0.0,-0.171,129.4927,,,,,,,,,,,,0.0,0.0,0.0,0.0,0
58.2,-2.889,0.9023,129.4927,-0.0,-0.171,129.4927,,,,,,,,,,,,0.0,0.0,0.0,0.0,0
58.22,-2.889,0.9023,129.4927,-0.0,-0.171,129.4927,,,,,,,,,,,,0.0,0.0,0.0,0.0,0
58.24,-2.889,0.9023,129.4927,-0.0,-0.171,129.4927,,,,,,,,,,,,0.0,0.0,0.0,0.0,0
58.26,-2.889,0.9023,129.4927,-0.0,-0.171,129.4927,,,,,,,,,,,,0.0,0.0,0.0,0.0,0
58.28,-2.889,0.9023,129.4927,-0.0,-0.171,129.4927,,,,,,,,,,,,0.0,0.0,0.0,0.0,0
58.3,-2.889,0.9023,129.4927,-0.0,-0.171,129.4927,,,,,,,,,,,,0.0,0.0,0.0,0.0,0
58.32,-2.889,0.9023,129.4927,-0.0,-0.171,129.4927,,,,,,,,,,,,0.0,0.0,0.0,0.0,0
58.34,-2.889,0.9023,129.4927,-0.0,-0.171,129.4927,,,,,,,,,,,,0.0,0.0,0.0,0.0,0
58.36,-2.889,0.9023,129.4927,-0.0,-0.171,129.4927,,,,,,,,,,,,0.0,0.0,0.0,0.0,0
58.38,-2.889,0.9023,129.4927,-0.0,-0.171,129.4927,,,,,,,,,,,,0.0,0.0,0.0,0.0,0
58.4,-2.889,0.9023,129.4927,-0.0,-0.171,129.4927,,,,,,,,,,,,0.0,0.0,0.0,0.0,0
58.42,-2.889,0.9023,129.4927,-0.0,-0.171,129.4927,,,,,,,,,,,,0.0,0.0,0.0,0.0,0
58.44,-2.889,0.9023,129.4927,-0.0,-0.171,129.4927,,,,,,,,,,,,0.0,0.0,0.0,0.0,0
58.46,-2.889,0.9023,129.4927,-0.0,-0.171,129.4927,,,,,,,,,,,,0.0,0.0,0.0,0.0,0
58.48,-2.889,0.9023,129.4927,-0.0,-0.171,129.4927,,,,,,,,,,,,0.0,0.0,0.0,0.0,0
58.5,-2.889,0.9023,129.4927,-0.0,-0.171,129.4927,,,,,,,,,,,,0.0,0.0,0.0,0.0,0
58.52,-2.889,0.9023,129.4927,-0.0,-0.171,129.4927,,,,,,,,,,,,0.0,0.0,0.0,0.0,0
58.54,-2.889,0.9023,129.4927,-0.0,-0.171,129.4927,,,,,,,,,,,,0.0,0.0,0.0,0.0,0
58.56,-2.889,0.9023,129.4927,-0.0,-0.171,129.4927,,,,,,,,,,,,0.0,0.0,0.0,0.0,0
58.58,-2.889,0.9023,129.4927,-0.0,-0.171,129.4927,,,,,,,,,,,,0.0,0.0,0.0,0.0,0
58.6,-2.889,0.9023,129.4927,-0.0,-0.171,129.4927,,,,,,,,,,,,0.0,0.0,0.0,0.0,0
58.62,-2.889,0.9023,129.4927,-0.0,-0.171,129.4927,,,,,,,,,,,,0.0,0.0,0.0,0.0,0
58.64,-2.889,0.9023,129.4927,-0.0,-0.171,129.4927,,,,,,,,,,,,0.0,0.0,0.0,0.0,0
58.66,-2.889,0.9023,129.4927,-0.0,-0.171,129.4927,,,,,,,,,,,,0.0,0.0,0.0,0.0,0
58.68,-2.889,0.9023,129.4927,-0.0,-0.171,129.4927,,,,,,,,,,,,0.0,0.0,0.0,0.0,0
58.7,-2.889,0.9023,129.4927,-0.0,-0.171,129.4927,,,,,,,,,,,,0.0,0.0,0.0,0.0,0
58.72,-2.889,0.9023,129.4927,-0.0,-0.171,129.4927,,,,,,,,,,,,0.0,0.0,0.0,0.0,0
58.74,-2.889,0.9023,129.4927,-0.0,-0.171,129.4927,,,,,,,,,,,,0.0,0.0,0.0,0.0,0
58.76,-2.889,0.9023,129.4927,-0.0,-0.171,129.4927,,,,,,,,,,,,0.0,0.0,0.0,0.0,0
58.78,-2.889,0.9023,129.4927,-0.0,-0.171,129.4927,,,,,,,,,,,,0.0,0.0,0.0,0.0,0
58.8,-2.889,0.9023,129.4927,-0.0,-0.171,129.4927,,,,,,,,,,,,0.0,0.0,0.0,0.0,0
58.82,-2.889,0.9023,129.4927,-0.0,-0.171,129.4927,,,,,,,,,,,,0.0,0.0,0.0,0.0,0
58.84,-2.889,0.9023,129.4927,-0.0,-0.171,129.4927,,,,,,,,,,,,0.0,0.0,0.0,0.0,0
58.86,-2.889,0.9023,129.4927,-0.0,-0.171,129.4927,,,,,,,,,,,,0.0,0.0,0.0,0.0,0
58.88,-2.889,0.9023,129.4927,-0.0,-0.171,129.4927,,,,,,,,,,,,0.0,0.0,0.0,0.0,0
58.9,-2.889,0.9023,129.4927,-0.0,-0.171,129.4927,,,,,,,,,,,,0.0,0.0,0.0,0.0,0
58.92,-2.889,0.9023,129.4927,-0.0,-0.171,129.4927,,,,,,,,,,,,0.0,0.0,0.0,0.0,0
58.94,-2.889,0.9023,129.4927,-0.0,-0.171,129.4927,,,,,,,,,,,,0.0,0.0,0.0,0.0,0
58.96,-2.889,0.9023,129.4927,-0.0,-0.171,129.4927,,,,,,,,,,,,0.0,0.0,0.0,0.0,0
58.98,-2.889,0.9023,129.4927,-0.0,-0.171,129.4927,,,,,,,,,,,,0.0,0.0,0.0,0.0,0
59.0,-2.889,0.9023,129.4927,-0.0,-0.171,129.4927,,,,,,,,,,,,0.0,0.0,0.0,0.0,0
59.02,-2.889,0.9023,129.4927,-0.0,-0.171,129.4927,,,,,,,,,,,,0.0,0.0,0.0,0.0,0
59.04,-2.889,0.9023,129.4927,-0.0,-0.171,129.4927,,,,,,,,,,,,0.0,0.0,0.0,0.0,0
59.06,-2.889,0.9023,129.4927,-0.0,-0.171,129.4927,,,,,,,,,,,,0.0,0.0,0.0,0.0,0
59.08,-2.889,0.9023,129.4927,-0.0,-0.171,129.4927,,,,,,,,,,,,0.0,0.0,0.0,0.0,0
59.1,-2.889,0.9023,129.4927,-0.0,-0.171,129.4927,,,,,,,,,,,,0.0,0.0,0.0,0.0,0
59.12,-2.889,0.9023,129.4927,-0.0,-0.171,129.4927,,,,,,,,,,,,0.0,0.0,0.0,0.0,0
59.14,-2.889,0.9023,129.4927,-0.0,-0.171,129.4927,,,,,,,,,,,,0.0,0.0,0.0,0.0,0
59.16,-2.889,0.9023,129.4927,-0.0,-0.171,129.4927,,,,,,,,,,,,0.0,0.0,0.0,0.0,0
59.18,-2.889,0.9023,129.4927,-0.0,-0.171,129.4927,,,,,,,,,,,,0.0,0.0,0.0,0.0,0
59.2,-2.889,0.9023,129.4927,-0.0,-0.171,129.4927,,,,,,,,,,,,0.0,0.0,0.0,0.0,0
59.22,-2.889,0.9023,129.4927,-0.0,-0.171,129.4927,,,,,,,,,,,,0.0,0.0,0.0,0.0,0
59.24,-2.889,0.9023,129.4927,-0.0,-0.171,129.4927,,,,,,,,,,,,0.0,0.0,0.0,0.0,0
59.26,-2.889,0.9023,129.4927,-0.0,-0.171,129.4927,,,,,,,,,,,,0.0,0.0,0.0,0.0,0
59.28,-2.889,0.9023,129.4927,-0.0,-0.171,129.4927,,,,,,,,,,,,0.0,0.0,0.0,0.0,0
59.3,-2.889,0.9023,129.4927,-0.0,-0.171,129.4927,,,,,,,,,,,,0.0,0.0,0.0,0.0,0
59.32,-2.889,0.9023,129.4927,-0.0,-0.171,129.4927,,,,,,,,,,,,0.0,0.0,0.0,0.0,0
59.34,-2.889,0.9023,129.4927,-0.0,-0.171,129.4927,,,,,,,,,,,,0.0,0.0,0.0,0.0,0
59.36,-2.889,0.9023,129.4927,-0.0,-0.171,129.4927,,,,,,,,,,,,0.0,0.0,0.0,0.0,0
59.38,-2.889,0.9023,129.4927,-0.0,-0.171,129.4927,,,,,,,,,,,,0.0,0.0,0.0,0.0,0
59.4,-2.889,0.9023,129.4927,-0.0,-0.171,129.4927,,,,,,,,,,,,0.0,0.0,0.0,0.0,0
59.42,-2.889,0.9023,129.4927,-0.0,-0.171,129.4927,,,,,,,,,,,,0.0,0.0,0.0,0.0,0
59.44,-2.889,0.9023,129.4927,-0.0,-0.171,129.4927,,,,,,,,,,,,0.0,0.0,0.0,0.0,0
59.46,-2.889,0.9023,129.4927,-0.0,-0.171,129.4927,,,,,,,,,,,,0.0,0.0,0.0,0.0,0
59.48,-2.889,0.9023,129.4927,-0.0,-0.171,129.4927,,,,,,,,,,,,0.0,0.0,0.0,0.0,0
59.5,-2.889,0.9023,129.4927,-0.0,-0.171,129.4927,,,,,,,,,,,,0.0,0.0,0.0,0.0,0
59.52,-2.889,0.9023,129.4927,-0.0,-0.171,129.4927,,,,,,,,,,,,0.0,0.0,0.0,0.0,0
59.54,-2.889,0.9023,129.4927,-0.0,-0.171,129.4927,,,,,,,,,,,,0.0,0.0,0.0,0.0,0
59.56,-2.889,0.9023,129.4927,-0.0,-0.171,129.4927,,,,,,,,,,,,0.0,0.0,0.0,0.0,0
59.58,-2.889,0.9023,129.4927,-0.0,-0.171,129.4927,,,,,,,,,,,,0.0,0.0,0.0,0.0,0
59.6,-2.889,0.9023,129.4927,-0.0,-0.171,129.4927,,,,,,,,,,,,0.0,0.0,0.0,0.0,0
59.62,-2.889,0.9023,129.4927,-0.0,-0.171,129.4927,,,,,,,,,,,,0.0,0.0,0.0,0.0,0
59.64,-2.889,0.9023,129.4927,-0.0,-0.171,129.4927,,,,,,,,,,,,0.0,0.0,0.0,0.0,0
59.66,-2.889,0.9023,129.4927,-0.0,-0.171,129.4927,,,,,,,,,,,,0.0,0.0,0.0,0.0,0
59.68,-2.889,0.9023,129.4927,-0.0,-0.171,129.4927,,,,,,,,,,,,0.0,0.0,0.0,0.0,0
59.7,-2.889,0.9023,129.4927,-0.0,-0.171,129.4927,,,,,,,,,,,,0.0,0.0,0.0,0.0,0
59.72,-2.889,0.9023,129.4927,-0.0,-0.171,129.4927,,,,,,,,,,,,0.0,0.0,0.0,0.0,0
59.74,-2.889,0.9023,129.4927,-0.0,-0.171,129.4927,,,,,,,,,,,,0.0,0.0,0.0,0.0,0
59.76,-2.889,0.9023,129.4927,-0.0,-0.171,129.4927,,,,,,,,,,,,0.0,0.0,0.0,0.0,0
59.78,-2.889,0.9023,129.4927,-0.0,-0.171,129.4927,,,,,,,,,,,,0.0,0.0,0.0,0.0,0
59.8,-2.889,0.9023,129.4927,-0.0,-0.171,129.4927,,,,,,,,,,,,0.0,0.0,0.0,0.0,0
59.82,-2.889,0.9023,129.4927,-0.0,-0.171,129.4927,,,,,,,,,,,,0.0,0.0,0.0,0.0,0
59.84,-2.889,0.9023,129.4927,-0.0,-0.171,129.4927,,,,,,,,,,,,0.0,0.0,0.0,0.0,0
59.86,-2.889,0.9023,129.4927,-0.0,-0.171,129.4927,,,,,,,,,,,,0.0,0.0,0.0,0.0,0
59.88,-2.889,0.9023,129.4927,-0.0,-0.171,129.4927,,,,,,,,,,,,0.0,0.0,0.0,0.0,0
59.9,-2.889,0.9023,129.4927,-0.0,-0.171,129.4927,,,,,,,,,,,,0.0,0.0,0.0,0.0,0
59.92,-2.889,0.9023,129.4927,-0.0,-0.171,129.4927,,,,,,,,,,,,0.0,0.0,0.0,0.0,0
59.94,-2.889,0.9023,129.4927,-0.0,-0.171,129.4927,,,,,,,,,,,,0.0,0.0,0.0,0.0,0
59.96,-2.889,0.9023,129.4927,-0.0,-0.171,129.4927,,,,,,,,,,,,0.0,0.0,0.0,0.0,0
59.98,-2.889,0.9023,129.4927,-0.0,-0.171,129.4927,,,,,,,,,,,,0.0,0.0,0.0,0.0,0
60.0,-2.889,0.9023,129.4927,-0.0,-0.171,129.4927,,,,,,,,,,,,0.0,0.0,0.0,0.0,0
60.02,-2.889,0.9023,129.4927,-0.0,-0.171,129.4927,,,,,,,,,,,,0.0,0.0,0.0,0.0,0
60.04,-2.889,0.9023,129.4927,-0.0,-0.171,129.4927,,,,,,,,,,,,0.0,0.0,0.0,0.0,0
60.06,-2.889,0.9023,129.4927,-0.0,-0.171,129.4927,,,,,,,,,,,,0.0,0.0,0.0,0.0,0
60.08,-2.889,0.9023,129.4927,-0.0,-0.171,129.4927,,,,,,,,,,,,0.0,0.0,0.0,0.0,0
60.1,-2.889,0.9023,129.4927,-0.0,-0.171,129.4927,,,,,,,,,,,,0.0,0.0,0.0,0.0,0
60.12,-2.889,0.9023,129.4927,-0.0,-0.171,129.4927,,,,,,,,,,,,0.0,0.0,0.0,0.0,0
60.14,-2.889,0.9023,129.4927,-0.0,-0.171,129.4927,,,,,,,,,,,,0.0,0.0,0.0,0.0,0
60.16,-2.889,0.9023,129.4927,-0.0,-0.171,129.4927,,,,,,,,,,,,0.0,0.0,0.0,0.0,0
60.18,-2.889,0.9023,129.4927,-0.0,-0.171,129.4927,,,,,,,,,,,,0.0,0.0,0.0,0.0,0
60.2,-2.889,0.9023,129.4927,-0.0,-0.171,129.4927,,,,,,,,,,,,0.0,0.0,0.0,0.0,0
60.22,-2.889,0.9023,129.4927,-0.0,-0.171,129.4927,,,,,,,,,,,,0.0,0.0,0.0,0.0,0
60.24,-2.889,0.9023,129.4927,-0.0,-0.171,129.4927,,,,,,,,,,,,0.0,0.0,0.0,0.0,0
60.26,-2.889,0.9023,129.4927,-0.0,-0.171,129.4927,,,,,,,,,,,,0.0,0.0,0.0,0.0,0
60.28,-2.889,0.9023,129.4927,-0.0,-0.171,129.4927,,,,,,,,,,,,0.0,0.0,0.0,0.0,0
60.3,-2.889,0.9023,129.4927,-0.0,-0.171,129.4927,,,,,,,,,,,,0.0,0.0,0.0,0.0,0
60.32,-2.889,0.9023,129.4927,-0.0,-0.171,129.4927,,,,,,,,,,,,0.0,0.0,0.0,0.0,0
60.34,-2.889,0.9023,129.4927,-0.0,-0.171,129.4927,,,,,,,,,,,,0.0,0.0,0.0,0.0,0
60.36,-2.889,0.9023,129.4927,-0.0,-0.171,129.4927,,,,,,,,,,,,0.0,0.0,0.0,0.0,0
60.38,-2.889,0.9023,129.4927,-0.0,-0.171,129.4927,,,,,,,,,,,,0.0,0.0,0.0,0.0,0
60.4,-2.889,0.9023,129.4927,-0.0,-0.171,129.4927,,,,,,,,,,,,0.0,0.0,0.0,0.0,0
60.42,-2.889,0.9023,129.4927,-0.0,-0.171,129.4927,,,,,,,,,,,,0.0,0.0,0.0,0.0,0
60.44,-2.889,0.9023,129.4927,-0.0,-0.171,129.4927,,,,,,,,,,,,0.0,0.0,0.0,0.0,0
60.46,-2.889,0.9023,129.4927,-0.0,-0.171,129.4927,,,,,,,,,,,,0.0,0.0,0.0,0.0,0
60.48,-2.889,0.9023,129.4927,-0.0,-0.171,129.4927,,,,,,,,,,,,0.0,0.0,0.0,0.0,0
60.5,-2.889,0.9023,129.4927,-0.0,-0.171,129.4927,,,,,,,,,,,,0.0,0.0,0.0,0.0,0
60.52,-2.889,0.9023,129.4927,-0.0,-0.171,129.4927,,,,,,,,,,,,0.0,0.0,0.0,0.0,0
60.54,-2.889,0.9023,129.4927,-0.0,-0.171,129.4927,,,,,,,,,,,,0.0,0.0,0.0,0.0,0
60.56,-2.889,0.9023,129.4927,-0.0,-0.171,129.4927,,,,,,,,,,,,0.0,0.0,0.0,0.0,0
60.58,-2.889,0.9023,129.4927,-0.0,-0.171,129.4927,,,,,,,,,,,,0.0,0.0,0.0,0.0,0
60.6,-2.889,0.9023,129.4927,-0.0,-0.171,129.4927,,,,,,,,,,,,0.0,0.0,0.0,0.0,0
60.62,-2.889,0.9023,129.4927,-0.0,-0.171,129.4927,,,,,,,,,,,,0.0,0.0,0.0,0.0,0
60.64,-2.889,0.9023,129.4927,-0.0,-0.171,129.4927,,,,,,,,,,,,0.0,0.0,0.0,0.0,0
60.66,-2.889,0.9023,129.4927,-0.0,-0.171,129.4927,,,,,,,,,,,,0.0,0.0,0.0,0.0,0
60.68,-2.889,0.9023,129.4927,-0.0,-0.171,129.4927,,,,,,,,,,,,0.0,0.0,0.0,0.0,0
60.7,-2.889,0.9023,129.4927,-0.0,-0.171,129.4927,,,,,,,,,,,,0.0,0.0,0.0,0.0,0
60.72,-2.889,0.9023,129.4927,-0.0,-0.171,129.4927,,,,,,,,,,,,0.0,0.0,0.0,0.0,0
60.74,-2.889,0.9023,129.4927,-0.0,-0.171,129.4927,,,,,,,,,,,,0.0,0.0,0.0,0.0,0
60.76,-2.889,0.9023,129.4927,-0.0,-0.171,129.4927,,,,,,,,,,,,0.0,0.0,0.0,0.0,0
60.78,-2.889,0.9023,129.4927,-0.0,-0.171,129.4927,,,,,,,,,,,,0.0,0.0,0.0,0.0,0
60.8,-2.889,0.9023,129.4927,-0.0,-0.171,129.4927,,,,,,,,,,,,0.0,0.0,0.0,0.0,0
60.82,-2.889,0.9023,129.4927,-0.0,-0.171,129.4927,,,,,,,,,,,,0.0,0.0,0.0,0.0,0
60.84,-2.889,0.9023,129.4927,-0.0,-0.171,129.4927,,,,,,,,,,,,0.0,0.0,0.0,0.0,0
60.86,-2.889,0.9023,129.4927,-0.0,-0.171,129.4927,,,,,,,,,,,,0.0,0.0,0.0,0.0,0
60.88,-2.889,0.9023,129.4927,-0.0,-0.171,129.4927,,,,,,,,,,,,0.0,0.0,0.0,0.0,0
60.9,-2.889,0.9023,129.4927,-0.0,-0.171,129.4927,,,,,,,,,,,,0.0,0.0,0.0,0.0,0
60.92,-2.889,0.9023,129.4927,-0.0,-0.171,129.4927,,,,,,,,,,,,0.0,0.0,0.0,0.0,0
60.94,-2.889,0.9023,129.4927,-0.0,-0.171,129.4927,,,,,,,,,,,,0.0,0.0,0.0,0.0,0
60.96,-2.889,0.9023,129.4927,-0.0,-0.171,129.4927,,,,,,,,,,,,0.0,0.0,0.0,0.0,0
60.98,-2.889,0.9023,129.4927,-0.0,-0.171,129.4927,,,,,,,,,,,,0.0,0.0,0.0,0.0,0
61.0,-2.889,0.9023,129.4927,-0.0,-0.171,129.4927,,,,,,,,,,,,0.0,0.0,0.0,0.0,0
61.02,-2.889,0.9023,129.4927,-0.0,-0.171,129.4927,,,,,,,,,,,,0.0,0.0,0.0,0.0,0
61.04,-2.889,0.9023,129.4927,-0.0,-0.171,129.4927,,,,,,,,,,,,0.0,0.0,0.0,0.0,0
61.06,-2.889,0.9023,129.4927,-0.0,-0.171,129.4927,,,,,,,,,,,,0.0,0.0,0.0,0.0,0
61.08,-2.889,0.9023,129.4927,-0.0,-0.171,129.4927,,,,,,,,,,,,0.0,0.0,0.0,0.0,0
61.1,-2.889,0.9023,129.4927,-0.0,-0.171,129.4927,,,,,,,,,,,,0.0,0.0,0.0,0.0,0
61.12,-2.889,0.9023,129.4927,-0.0,-0.171,129.4927,,,,,,,,,,,,0.0,0.0,0.0,0.0,0
61.14,-2.889,0.9023,129.4927,-0.0,-0.171,129.4927,,,,,,,,,,,,0.0,0.0,0.0,0.0,0
61.16,-2.889,0.9023,129.4927,-0.0,-0.171,129.4927,,,,,,,,,,,,0.0,0.0,0.0,0.0,0
61.18,-2.889,0.9023,129.4927,-0.0,-0.171,129.4927,,,,,,,,,,,,0.0,0.0,0.0,0.0,0
61.2,-2.889,0.9023,129.4927,-0.0,-0.171,129.4927,,,,,,,,,,,,0.0,0.0,0.0,0.0,0
61.22,-2.889,0.9023,129.4927,-0.0,-0.171,129.4927,,,,,,,,,,,,0.0,0.0,0.0,0.0,0
61.24,-2.889,0.9023,129.4927,-0.0,-0.171,129.4927,,,,,,,,,,,,0.0,0.0,0.0,0.0,0
61.26,-2.889,0.9023,129.4927,-0.0,-0.171,129.4927,,,,,,,,,,,,0.0,0.0,0.0,0.0,0
61.28,-2.889,0.9023,129.4927,-0.0,-0.171,129.4927,,,,,,,,,,,,0.0,0.0,0.0,0.0,0
61.3,-2.889,0.9023,129.4927,-0.0,-0.171,129.4927,,,,,,,,,,,,0.0,0.0,0.0,0.0,0
61.32,-2.889,0.9023,129.4927,-0.0,-0.171,129.4927,,,,,,,,,,,,0.0,0.0,0.0,0.0,0
61.34,-2.889,0.9023,129.4927,-0.0,-0.171,129.4927,,,,,,,,,,,,0.0,0.0,0.0,0.0,0
61.36,-2.889,0.9023,129.4927,-0.0,-0.171,129.4927,,,,,,,,,,,,0.0,0.0,0.0,0.0,0
61.38,-2.889,0.9023,129.4927,-0.0,-0.171,129.4927,,,,,,,,,,,,0.0,0.0,0.0,0.0,0
61.4,-2.889,0.9023,129.4927,-0.0,-0.171,129.4927,,,,,,,,,,,,0.0,0.0,0.0,0.0,0
61.42,-2.889,0.9023,129.4927,-0.0,-0.171,129.4927,,,,,,,,,,,,0.0,0.0,0.0,0.0,0
61.44,-2.889,0.9023,129.4927,-0.0,-0.171,129.4927,,,,,,,,,,,,0.0,0.0,0.0,0.0,0
61.46,-2.889,0.9023,129.4927,-0.0,-0.171,129.4927,,,,,,,,,,,,0.0,0.0,0.0,0.0,0
61.48,-2.889,0.9023,129.4927,-0.0,-0.171,129.4927,,,,,,,,,,,,0.0,0.0,0.0,0.0,0
61.5,-2.889,0.9023,129.4927,-0.0,-0.171,129.4927,,,,,,,,,,,,0.0,0.0,0.0,0.0,0
61.52,-2.889,0.9023,129.4927,-0.0,-0.171,129.4927,,,,,,,,,,,,0.0,0.0,0.0,0.0,0
61.54,-2.889,0.9023,129.4927,-0.0,-0.171,129.4927,,,,,,,,,,,,0.0,0.0,0.0,0.0,0
61.56,-2.889,0.9023,129.4927,-0.0,-0.171,129.4927,,,,,,,,,,,,0.0,0.0,0.0,0.0,0
61.58,-2.889,0.9023,129.4927,-0.0,-0.171,129.4927,,,,,,,,,,,,0.0,0.0,0.0,0.0,0
61.6,-2.889,0.9023,129.4927,-0.0,-0.171,129.4927,,,,,,,,,,,,0.0,0.0,0.0,0.0,0
61.62,-2.889,0.9023,129.4927,-0.0,-0.171,129.4927,,,,,,,,,,,,0.0,0.0,0.0,0.0,0
61.64,-2.889,0.9023,129.4927,-0.0,-0.171,129.4927,,,,,,,,,,,,0.0,0.0,0.0,0.0,0
61.66,-2.889,0.9023,129.4927,-0.0,-0.171,129.4927,,,,,,,,,,,,0.0,0.0,0.0,0.0,0
61.68,-2.889,0.9023,129.4927,-0.0,-0.171,129.4927,,,,,,,,,,,,0.0,0.0,0.0,0.0,0
61.7,-2.889,0.9023,129.4927,-0.0,-0.171,129.4927,,,,,,,,,,,,0.0,0.0,0.0,0.0,0
61.72,-2.889,0.9023,129.4927,-0.0,-0.171,129.4927,,,,,,,,,,,,0.0,0.0,0.0,0.0,0
61.74,-2.889,0.9023,129.4927,-0.0,-0.171,129.4927,,,,,,,,,,,,0.0,0.0,0.0,0.0,0
61.76,-2.889,0.9023,129.4927,-0.0,-0.171,129.4927,,,,,,,,,,,,0.0,0.0,0.0,0.0,0
61.78,-2.889,0.9023,129.4927,-0.0,-0.171,129.4927,,,,,,,,,,,,0.0,0.0,0.0,0.0,0
61.8,-2.889,0.9023,129.4927,-0.0,-0.171,129.4927,,,,,,,,,,,,0.0,0.0,0.0,0.0,0
61.82,-2.889,0.9023,129.4927,-0.0,-0.171,129.4927,,,,,,,,,,,,0.0,0.0,0.0,0.0,0
61.84,-2.889,0.9023,129.4927,-0.0,-0.171,129.4927,,,,,,,,,,,,0.0,0.0,0.0,0.0,0
61.86,-2.889,0.9023,129.4927,-0.0,-0.171,129.4927,,,,,,,,,,,,0.0,0.0,0.0,0.0,0
61.88,-2.889,0.9023,129.4927,-0.0,-0.171,129.4927,,,,,,,,,,,,0.0,0.0,0.0,0.0,0
61.9,-2.889,0.9023,129.4927,-0.0,-0.171,129.4927,,,,,,,,,,,,0.0,0.0,0.0,0.0,0
61.92,-2.889,0.9023,129.4927,-0.0,-0.171,129.4927,,,,,,,,,,,,0.0,0.0,0.0,0.0,0
61.94,-2.889,0.9023,129.4927,-0.0,-0.171,129.4927,,,,,,,,,,,,0.0,0.0,0.0,0.0,0
61.96,-2.889,0.9023,129.4927,-0.0,-0.171,129.4927,,,,,,,,,,,,0.0,0.0,0.0,0.0,0
61.98,-2.889,0.9023,129.4927,-0.0,-0.171,129.4927,,,,,,,,,,,,0.0,0.0,0.0,0.0,0
62.0,-2.889,0.9023,129.4927,-0.0,-0.171,129.4927,,,,,,,,,,,,0.0,0.0,0.0,0.0,0
62.02,-2.889,0.9023,129.4927,-0.0,-0.171,129.4927,,,,,,,,,,,,0.0,0.0,0.0,0.0,0
62.04,-2.889,0.9023,129.4927,-0.0,-0.171,129.4927,,,,,,,,,,,,0.0,0.0,0.0,0.0,0
62.06,-2.889,0.9023,129.4927,-0.0,-0.171,129.4927,,,,,,,,,,,,0.0,0.0,0.0,0.0,0
62.08,-2.889,0.9023,129.4927,-0.0,-0.171,129.4927,,,,,,,,,,,,0.0,0.0,0.0,0.0,0
62.1,-2.889,0.9023,129.4927,-0.0,-0.171,129.4927,,,,,,,,,,,,0.0,0.0,0.0,0.0,0
62.12,-2.889,0.9023,129.4927,-0.0,-0.171,129.4927,,,,,,,,,,,,0.0,0.0,0.0,0.0,0
62.14,-2.889,0.9023,129.4927,-0.0,-0.171,129.4927,,,,,,,,,,,,0.0,0.0,0.0,0.0,0
62.16,-2.889,0.9023,129.4927,-0.0,-0.171,129.4927,,,,,,,,,,,,0.0,0.0,0.0,0.0,0
62.18,-2.889,0.9023,129.4927,-0.0,-0.171,129.4927,,,,,,,,,,,,0.0,0.0,0.0,0.0,0
62.2,-2.889,0.9023,129.4927,-0.0,-0.171,129.4927,,,,,,,,,,,,0.0,0.0,0.0,0.0,0
62.22,-2.889,0.9023,129.4927,-0.0,-0.171,129.4927,,,,,,,,,,,,0.0,0.0,0.0,0.0,0
62.24,-2.889,0.9023,129.4927,-0.0,-0.171,129.4927,,,,,,,,,,,,0.0,0.0,0.0,0.0,0
62.26,-2.889,0.9023,129.4927,-0.0,-0.171,129.4927,,,,,,,,,,,,0.0,0.0,0.0,0.0,0
62.28,-2.889,0.9023,129.4927,-0.0,-0.171,129.4927,,,,,,,,,,,,0.0,0.0,0.0,0.0,0
62.3,-2.889,0.9023,129.4927,-0.0,-0.171,129.4927,,,,,,,,,,,,0.0,0.0,0.0,0.0,0
62.32,-2.889,0.9023,129.4927,-0.0,-0.171,129.4927,,,,,,,,,,,,0.0,0.0,0.0,0.0,0
62.34,-2.889,0.9023,129.4927,-0.0,-0.171,129.4927,,,,,,,,,,,,0.0,0.0,0.0,0.0,0
62.36,-2.889,0.9023,129.4927,-0.0,-0.171,129.4927,,,,,,,,,,,,0.0,0.0,0.0,0.0,0
62.38,-2.889,0.9023,129.4927,-0.0,-0.171,129.4927,,,,,,,,,,,,0.0,0.0,0.0,0.0,0
62.4,-2.889,0.9023,129.4927,-0.0,-0.171,129.4927,,,,,,,,,,,,0.0,0.0,0.0,0.0,0
62.42,-2.889,0.9023,129.4927,-0.0,-0.171,129.4927,,,,,,,,,,,,0.0,0.0,0.0,0.0,0
62.44,-2.889,0.9023,129.4927,-0.0,-0.171,129.4927,,,,,,,,,,,,0.0,0.0,0.0,0.0,0
62.46,-2.889,0.9023,129.4927,-0.0,-0.171,129.4927,,,,,,,,,,,,0.0,0.0,0.0,0.0,0
62.48,-2.889,0.9023,129.4927,-0.0,-0.171,129.4927,,,,,,,,,,,,0.0,0.0,0.0,0.0,0
62.5,-2.889,0.9023,129.4927,-0.0,-0.171,129.4927,,,,,,,,,,,,0.0,0.0,0.0,0.0,0
62.52,-2.889,0.9023,129.4927,-0.0,-0.171,129.4927,,,,,,,,,,,,0.0,0.0,0.0,0.0,0
62.54,-2.889,0.9023,129.4927,-0.0,-0.171,129.4927,,,,,,,,,,,,0.0,0.0,0.0,0.0,0
62.56,-2.889,0.9023,129.4927,-0.0,-0.171,129.4927,,,,,,,,,,,,0.0,0.0,0.0,0.0,0
62.58,-2.889,0.9023,129.4927,-0.0,-0.171,129.4927,,,,,,,,,,,,0.0,0.0,0.0,0.0,0
62.6,-2.889,0.9023,129.4927,-0.0,-0.171,129.4927,,,,,,,,,,,,0.0,0.0,0.0,0.0,0
62.62,-2.889,0.9023,129.4927,-0.0,-0.171,129.4927,,,,,,,,,,,,0.0,0.0,0.0,0.0,0
62.64,-2.889,0.9023,129.4927,-0.0,-0.171,129.4927,,,,,,,,,,,,0.0,0.0,0.0,0.0,0
62.66,-2.889,0.9023,129.4927,-0.0,-0.171,129.4927,,,,,,,,,,,,0.0,0.0,0.0,0.0,0
62.68,-2.889,0.9023,129.4927,-0.0,-0.171,129.4927,,,,,,,,,,,,0.0,0.0,0.0,0.0,0
62.7,-2.889,0.9023,129.4927,-0.0,-0.171,129.4927,,,,,,,,,,,,0.0,0.0,0.0,0.0,0
62.72,-2.889,0.9023,129.4927,-0.0,-0.171,129.4927,,,,,,,,,,,,0.0,0.0,0.0,0.0,0
62.74,-2.889,0.9023,129.4927,-0.0,-0.171,129.4927,,,,,,,,,,,,0.0,0.0,0.0,0.0,0
62.76,-2.889,0.9023,129.4927,-0.0,-0.171,129.4927,,,,,,,,,,,,0.0,0.0,0.0,0.0,0
62.78,-2.889,0.9023,129.4927,-0.0,-0.171,129.4927,,,,,,,,,,,,0.0,0.0,0.0,0.0,0
62.8,-2.889,0.9023,129.4927,-0.0,-0.171,129.4927,,,,,,,,,,,,0.0,0.0,0.0,0.0,0
62.82,-2.889,0.9023,129.4927,-0.0,-0.171,129.4927,,,,,,,,,,,,0.0,0.0,0.0,0.0,0
62.84,-2.889,0.9023,129.4927,-0.0,-0.171,129.4927,,,,,,,,,,,,0.0,0.0,0.0,0.0,0
62.86,-2.889,0.9023,129.4927,-0.0,-0.171,129.4927,,,,,,,,,,,,0.0,0.0,0.0,0.0,0
62.88,-2.889,0.9023,129.4927,-0.0,-0.171,129.4927,,,,,,,,,,,,0.0,0.0,0.0,0.0,0
62.9,-2.889,0.9023,129.4927,-0.0,-0.171,129.4927,,,,,,,,,,,,0.0,0.0,0.0,0.0,0
62.92,-2.889,0.9023,129.4927,-0.0,-0.171,129.4927,,,,,,,,,,,,0.0,0.0,0.0,0.0,0
62.94,-2.889,0.9023,129.4927,-0.0,-0.171,129.4927,,,,,,,,,,,,0.0,0.0,0.0,0.0,0
62.96,-2.889,0.9023,129.4927,-0.0,-0.171,129.4927,,,,,,,,,,,,0.0,0.0,0.0,0.0,0
62.98,-2.889,0.9023,129.4927,-0.0,-0.171,129.4927,,,,,,,,,,,,0.0,0.0,0.0,0.0,0
63.0,-2.889,0.9023,129.4927,-0.0,-0.171,129.4927,,,,,,,,,,,,0.0,0.0,0.0,0.0,0
63.02,-2.889,0.9023,129.4927,-0.0,-0.171,129.4927,,,,,,,,,,,,0.0,0.0,0.0,0.0,0
63.04,-2.889,0.9023,129.4927,-0.0,-0.171,129.4927,,,,,,,,,,,,0.0,0.0,0.0,0.0,0
63.06,-2.889,0.9023,129.4927,-0.0,-0.171,129.4927,,,,,,,,,,,,0.0,0.0,0.0,0.0,0
63.08,-2.889,0.9023,129.4927,-0.0,-0.171,129.4927,,,,,,,,,,,,0.0,0.0,0.0,0.0,0
63.1,-2.889,0.9023,129.4927,-0.0,-0.171,129.4927,,,,,,,,,,,,0.0,0.0,0.0,0.0,0
63.12,-2.889,0.9023,129.4927,-0.0,-0.171,129.4927,,,,,,,,,,,,0.0,0.0,0.0,0.0,0
63.14,-2.889,0.9023,129.4927,-0.0,-0.171,129.4927,,,,,,,,,,,,0.0,0.0,0.0,0.0,0
63.16,-2.889,0.9023,129.4927,-0.0,-0.171,129.4927,,,,,,,,,,,,0.0,0.0,0.0,0.0,0
63.18,-2.889,0.9023,129.4927,-0.0,-0.171,129.4927,,,,,,,,,,,,0.0,0.0,0.0,0.0,0
63.2,-2.889,0.9023,129.4927,-0.0,-0.171,129.4927,,,,,,,,,,,,0.0,0.0,0.0,0.0,0
63.22,-2.889,0.9023,129.4927,-0.0,-0.171,129.4927,,,,,,,,,,,,0.0,0.0,0.0,0.0,0
63.24,-2.889,0.9023,129.4927,-0.0,-0.171,129.4927,,,,,,,,,,,,0.0,0.0,0.0,0.0,0
63.26,-2.889,0.9023,129.4927,-0.0,-0.171,129.4927,,,,,,,,,,,,0.0,0.0,0.0,0.0,0
63.28,-2.889,0.9023,129.4927,-0.0,-0.171,129.4927,,,,,,,,,,,,0.0,0.0,0.0,0.0,0
63.3,-2.889,0.9023,129.4927,-0.0,-0.171,129.4927,,,,,,,,,,,,0.0,0.0,0.0,0.0,0
63.32,-2.889,0.9023,129.4927,-0.0,-0.171,129.4927,,,,,,,,,,,,0.0,0.0,0.0,0.0,0
63.34,-2.889,0.9023,129.4927,-0.0,-0.171,129.4927,,,,,,,,,,,,0.0,0.0,0.0,0.0,0
63.36,-2.889,0.9023,129.4927,-0.0,-0.171,129.4927,,,,,,,,,,,,0.0,0.0,0.0,0.0,0
63.38,-2.889,0.9023,129.4927,-0.0,-0.171,129.4927,,,,,,,,,,,,0.0,0.0,0.0,0.0,0
63.4,-2.889,0.9023,129.4927,-0.0,-0.171,129.4927,,,,,,,,,,,,0.0,0.0,0.0,0.0,0
63.42,-2.889,0.9023,129.4927,-0.0,-0.171,129.4927,,,,,,,,,,,,0.0,0.0,0.0,0.0,0
63.44,-2.889,0.9023,129.4927,-0.0,-0.171,129.4927,,,,,,,,,,,,0.0,0.0,0.0,0.0,0
63.46,-2.889,0.9023,129.4927,-0.0,-0.171,129.4927,,,,,,,,,,,,0.0,0.0,0.0,0.0,0
63.48,-2.889,0.9023,129.4927,-0.0,-0.171,129.4927,,,,,,,,,,,,0.0,0.0,0.0,0.0,0
63.5,-2.889,0.9023,129.4927,-0.0,-0.171,129.4927,,,,,,,,,,,,0.0,0.0,0.0,0.0,0
63.52,-2.889,0.9023,129.4927,-0.0,-0.171,129.4927,,,,,,,,,,,,0.0,0.0,0.0,0.0,0
63.54,-2.889,0.9023,129.4927,-0.0,-0.171,129.4927,,,,,,,,,,,,0.0,0.0,0.0,0.0,0
63.56,-2.889,0.9023,129.4927,-0.0,-0.171,129.4927,,,,,,,,,,,,0.0,0.0,0.0,0.0,0
63.58,-2.889,0.9023,129.4927,-0.0,-0.171,129.4927,,,,,,,,,,,,0.0,0.0,0.0,0.0,0
63.6,-2.889,0.9023,129.4927,-0.0,-0.171,129.4927,,,,,,,,,,,,0.0,0.0,0.0,0.0,0
63.62,-2.889,0.9023,129.4927,-0.0,-0.171,129.4927,,,,,,,,,,,,0.0,0.0,0.0,0.0,0
63.64,-2.889,0.9023,129.4927,-0.0,-0.171,129.4927,,,,,,,,,,,,0.0,0.0,0.0,0.0,0
63.66,-2.889,0.9023,129.4927,-0.0,-0.171,129.4927,,,,,,,,,,,,0.0,0.0,0.0,0.0,0
63.68,-2.889,0.9023,129.4927,-0.0,-0.171,129.4927,,,,,,,,,,,,0.0,0.0,0.0,0.0,0
63.7,-2.889,0.9023,129.4927,-0.0,-0.171,129.4927,,,,,,,,,,,,0.0,0.0,0.0,0.0,0
63.72,-2.889,0.9023,129.4927,-0.0,-0.171,129.4927,,,,,,,,,,,,0.0,0.0,0.0,0.0,0
63.74,-2.889,0.9023,129.4927,-0.0,-0.171,129.4927,,,,,,,,,,,,0.0,0.0,0.0,0.0,0
63.76,-2.889,0.9023,129.4927,-0.0,-0.171,129.4927,,,,,,,,,,,,0.0,0.0,0.0,0.0,0
63.78,-2.889,0.9023,129.4927,-0.0,-0.171,129.4927,,,,,,,,,,,,0.0,0.0,0.0,0.0,0
63.8,-2.889,0.9023,129.4927,-0.0,-0.171,129.4927,,,,,,,,,,,,0.0,0.0,0.0,0.0,0
63.82,-2.889,0.9023,129.4927,-0.0,-0.171,129.4927,,,,,,,,,,,,0.0,0.0,0.0,0.0,0
63.84,-2.889,0.9023,129.4927,-0.0,-0.171,129.4927,,,,,,,,,,,,0.0,0.0,0.0,0.0,0
63.86,-2.889,0.9023,129.4927,-0.0,-0.171,129.4927,,,,,,,,,,,,0.0,0.0,0.0,0.0,0
63.88,-2.889,0.9023,129.4927,-0.0,-0.171,129.4927,,,,,,,,,,,,0.0,0.0,0.0,0.0,0
63.9,-2.889,0.9023,129.4927,-0.0,-0.171,129.4927,,,,,,,,,,,,0.0,0.0,0.0,0.0,0
63.92,-2.889,0.9023,129.4927,-0.0,-0.171,129.4927,,,,,,,,,,,,0.0,0.0,0.0,0.0,0
63.94,-2.889,0.9023,129.4927,-0.0,-0.171,129.4927,,,,,,,,,,,,0.0,0.0,0.0,0.0,0
63.96,-2.889,0.9023,129.4927,-0.0,-0.171,129.4927,,,,,,,,,,,,0.0,0.0,0.0,0.0,0
63.98,-2.889,0.9023,129.4927,-0.0,-0.171,129.4927,,,,,,,,,,,,0.0,0.0,0.0,0.0,0
64.0,-2.889,0.9023,129.4927,-0.0,-0.171,129.4927,,,,,,,,,,,,0.0,0.0,0.0,0.0,0
64.02,-2.889,0.9023,129.4927,-0.0,-0.171,129.4927,,,,,,,,,,,,0.0,0.0,0.0,0.0,0
64.04,-2.889,0.9023,129.4927,-0.0,-0.171,129.4927,,,,,,,,,,,,0.0,0.0,0.0,0.0,0
64.06,-2.889,0.9023,129.4927,-0.0,-0.171,129.4927,,,,,,,,,,,,0.0,0.0,0.0,0.0,0
64.08,-2.889,0.9023,129.4927,-0.0,-0.171,129.4927,,,,,,,,,,,,0.0,0.0,0.0,0.0,0
64.1,-2.889,0.9023,129.4927,-0.0,-0.171,129.4927,,,,,,,,,,,,0.0,0.0,0.0,0.0,0
64.12,-2.889,0.9023,129.4927,-0.0,-0.171,129.4927,,,,,,,,,,,,0.0,0.0,0.0,0.0,0
64.14,-2.889,0.9023,129.4927,-0.0,-0.171,129.4927,,,,,,,,,,,,0.0,0.0,0.0,0.0,0
64.16,-2.889,0.9023,129.4927,-0.0,-0.171,129.4927,,,,,,,,,,,,0.0,0.0,0.0,0.0,0
64.18,-2.889,0.9023,129.4927,-0.0,-0.171,129.4927,,,,,,,,,,,,0.0,0.0,0.0,0.0,0
64.2,-2.889,0.9023,129.4927,-0.0,-0.171,129.4927,,,,,,,,,,,,0.0,0.0,0.0,0.0,0
64.22,-2.889,0.9023,129.4927,-0.0,-0.171,129.4927,,,,,,,,,,,,0.0,0.0,0.0,0.0,0
64.24,-2.889,0.9023,129.4927,-0.0,-0.171,129.4927,,,,,,,,,,,,0.0,0.0,0.0,0.0,0
64.26,-2.889,0.9023,129.4927,-0.0,-0.171,129.4927,,,,,,,,,,,,0.0,0.0,0.0,0.0,0
64.28,-2.889,0.9023,129.4927,-0.0,-0.171,129.4927,,,,,,,,,,,,0.0,0.0,0.0,0.0,0
64.3,-2.889,0.9023,129.4927,-0.0,-0.171,129.4927,,,,,,,,,,,,0.0,0.0,0.0,0.0,0
64.32,-2.889,0.9023,129.4927,-0.0,-0.171,129.4927,,,,,,,,,,,,0.0,0.0,0.0,0.0,0
64.34,-2.889,0.9023,129.4927,-0.0,-0.171,129.4927,,,,,,,,,,,,0.0,0.0,0.0,0.0,0
64.36,-2.889,0.9023,129.4927,-0.0,-0.171,129.4927,,,,,,,,,,,,0.0,0.0,0.0,0.0,0
64.38,-2.889,0.9023,129.4927,-0.0,-0.171,129.4927,,,,,,,,,,,,0.0,0.0,0.0,0.0,0
64.4,-2.889,0.9023,129.4927,-0.0,-0.171,129.4927,,,,,,,,,,,,0.0,0.0,0.0,0.0,0
64.42,-2.889,0.9023,129.4927,-0.0,-0.171,129.4927,,,,,,,,,,,,0.0,0.0,0.0,0.0,0
64.44,-2.889,0.9023,129.4927,-0.0,-0.171,129.4927,,,,,,,,,,,,0.0,0.0,0.0,0.0,0
64.46,-2.889,0.9023,129.4927,-0.0,-0.171,129.4927,,,,,,,,,,,,0.0,0.0,0.0,0.0,0
64.48,-2.889,0.9023,129.4927,-0.0,-0.171,129.4927,,,,,,,,,,,,0.0,0.0,0.0,0.0,0
64.5,-2.889,0.9023,129.4927,-0.0,-0.171,129.4927,,,,,,,,,,,,0.0,0.0,0.0,0.0,0
64.52,-2.889,0.9023,129.4927,-0.0,-0.171,129.4927,,,,,,,,,,,,0.0,0.0,0.0,0.0,0
64.54,-2.889,0.9023,129.4927,-0.0,-0.171,129.4927,,,,,,,,,,,,0.0,0.0,0.0,0.0,0
64.56,-2.889,0.9023,129.4927,-0.0,-0.171,129.4927,,,,,,,,,,,,0.0,0.0,0.0,0.0,0
64.58,-2.889,0.9023,129.4927,-0.0,-0.171,129.4927,,,,,,,,,,,,0.0,0.0,0.0,0.0,0
64.6,-2.889,0.9023,129.4927,-0.0,-0.171,129.4927,,,,,,,,,,,,0.0,0.0,0.0,0.0,0
64.62,-2.889,0.9023,129.4927,-0.0,-0.171,129.4927,,,,,,,,,,,,0.0,0.0,0.0,0.0,0
64.64,-2.889,0.9023,129.4927,-0.0,-0.171,129.4927,,,,,,,,,,,,0.0,0.0,0.0,0.0,0
64.66,-2.889,0.9023,129.4927,-0.0,-0.171,129.4927,,,,,,,,,,,,0.0,0.0,0.0,0.0,0
64.68,-2.889,0.9023,129.4927,-0.0,-0.171,129.4927,,,,,,,,,,,,0.0,0.0,0.0,0.0,0
64.7,-2.889,0.9023,129.4927,-0.0,-0.171,129.4927,,,,,,,,,,,,0.0,0.0,0.0,0.0,0
64.72,-2.889,0.9023,129.4927,-0.0,-0.171,129.4927,,,,,,,,,,,,0.0,0.0,0.0,0.0,0
64.74,-2.889,0.9023,129.4927,-0.0,-0.171,129.4927,,,,,,,,,,,,0.0,0.0,0.0,0.0,0
64.76,-2.889,0.9023,129.4927,-0.0,-0.171,129.4927,,,,,,,,,,,,0.0,0.0,0.0,0.0,0
64.78,-2.889,0.9023,129.4927,-0.0,-0.171,129.4927,,,,,,,,,,,,0.0,0.0,0.0,0.0,0
64.8,-2.889,0.9023,129.4927,-0.0,-0.171,129.4927,,,,,,,,,,,,0.0,0.0,0.0,0.0,0
64.82,-2.889,0.9023,129.4927,-0.0,-0.171,129.4927,,,,,,,,,,,,0.0,0.0,0.0,0.0,0
64.84,-2.889,0.9023,129.4927,-0.0,-0.171,129.4927,,,,,,,,,,,,0.0,0.0,0.0,0.0,0
64.86,-2.889,0.9023,129.4927,-0.0,-0.171,129.4927,,,,,,,,,,,,0.0,0.0,0.0,0.0,0
64.88,-2.889,0.9023,129.4927,-0.0,-0.171,129.4927,,,,,,,,,,,,0.0,0.0,0.0,0.0,0
64.9,-2.889,0.9023,129.4927,-0.0,-0.171,129.4927,,,,,,,,,,,,0.0,0.0,0.0,0.0,0
64.92,-2.889,0.9023,129.4927,-0.0,-0.171,129.4927,,,,,,,,,,,,0.0,0.0,0.0,0.0,0
64.94,-2.889,0.9023,129.4927,-0.0,-0.171,129.4927,,,,,,,,,,,,0.0,0.0,0.0,0.0,0
64.96,-2.889,0.9023,129.4927,-0.0,-0.171,129.4927,,,,,,,,,,,,0.0,0.0,0.0,0.0,0
64.98,-2.889,0.9023,129.4927,-0.0,-0.171,129.4927,,,,,,,,,,,,0.0,0.0,0.0,0.0,0
65.0,-2.889,0.9023,129.4927,-0.0,-0.171,129.4927,,,,,,,,,,,,0.0,0.0,0.0,0.0,0
65.02,-2.889,0.9023,129.4927,-0.0,-0.171,129.4927,,,,,,,,,,,,0.0,0.0,0.0,0.0,0
65.04,-2.889,0.9023,129.4927,-0.0,-0.171,129.4927,,,,,,,,,,,,0.0,0.0,0.0,0.0,0
65.06,-2.889,0.9023,129.4927,-0.0,-0.171,129.4927,,,,,,,,,,,,0.0,0.0,0.0,0.0,0
65.08,-2.889,0.9023,129.4927,-0.0,-0.171,129.4927,,,,,,,,,,,,0.0,0.0,0.0,0.0,0
65.1,-2.889,0.9023,129.4927,-0.0,-0.171,129.4927,,,,,,,,,,,,0.0,0.0,0.0,0.0,0
65.12,-2.889,0.9023,129.4927,-0.0,-0.171,129.4927,,,,,,,,,,,,0.0,0.0,0.0,0.0,0
65.14,-2.889,0.9023,129.4927,-0.0,-0.171,129.4927,,,,,,,,,,,,0.0,0.0,0.0,0.0,0
65.16,-2.889,0.9023,129.4927,-0.0,-0.171,129.4927,,,,,,,,,,,,0.0,0.0,0.0,0.0,0
65.18,-2.889,0.9023,129.4927,-0.0,-0.171,129.4927,,,,,,,,,,,,0.0,0.0,0.0,0.0,0
65.2,-2.889,0.9023,129.4927,-0.0,-0.171,129.4927,,,,,,,,,,,,0.0,0.0,0.0,0.0,0
65.22,-2.889,0.9023,129.4927,-0.0,-0.171,129.4927,,,,,,,,,,,,0.0,0.0,0.0,0.0,0
65.24,-2.889,0.9023,129.4927,-0.0,-0.171,129.4927,,,,,,,,,,,,0.0,0.0,0.0,0.0,0
65.26,-2.889,0.9023,129.4927,-0.0,-0.171,129.4927,,,,,,,,,,,,0.0,0.0,0.0,0.0,0
65.28,-2.889,0.9023,129.4927,-0.0,-0.171,129.4927,,,,,,,,,,,,0.0,0.0,0.0,0.0,0
65.3,-2.889,0.9023,129.4927,-0.0,-0.171,129.4927,,,,,,,,,,,,0.0,0.0,0.0,0.0,0
65.32,-2.889,0.9023,129.4927,-0.0,-0.171,129.4927,,,,,,,,,,,,0.0,0.0,0.0,0.0,0
65.34,-2.889,0.9023,129.4927,-0.0,-0.171,129.4927,,,,,,,,,,,,0.0,0.0,0.0,0.0,0
65.36,-2.889,0.9023,129.4927,-0.0,-0.171,129.4927,,,,,,,,,,,,0.0,0.0,0.0,0.0,0
65.38,-2.889,0.9023,129.4927,-0.0,-0.171,129.4927,,,,,,,,,,,,0.0,0.0,0.0,0.0,0
65.4,-2.889,0.9023,129.4927,-0.0,-0.171,129.4927,,,,,,,,,,,,0.0,0.0,0.0,0.0,0
65.42,-2.889,0.9023,129.4927,-0.0,-0.171,129.4927,,,,,,,,,,,,0.0,0.0,0.0,0.0,0
65.44,-2.889,0.9023,129.4927,-0.0,-0.171,129.4927,,,,,,,,,,,,0.0,0.0,0.0,0.0,0
65.46,-2.889,0.9023,129.4927,-0.0,-0.171,129.4927,,,,,,,,,,,,0.0,0.0,0.0,0.0,0
65.48,-2.889,0.9023,129.4927,-0.0,-0.171,129.4927,,,,,,,,,,,,0.0,0.0,0.0,0.0,0
65.5,-2.889,0.9023,129.4927,-0.0,-0.171,129.4927,,,,,,,,,,,,0.0,0.0,0.0,0.0,0
65.52,-2.889,0.9023,129.4927,-0.0,-0.171,129.4927,,,,,,,,,,,,0.0,0.0,0.0,0.0,0
65.54,-2.889,0.9023,129.4927,-0.0,-0.171,129.4927,,,,,,,,,,,,0.0,0.0,0.0,0.0,0
65.56,-2.889,0.9023,129.4927,-0.0,-0.171,129.4927,,,,,,,,,,,,0.0,0.0,0.0,0.0,0
65.58,-2.889,0.9023,129.4927,-0.0,-0.171,129.4927,,,,,,,,,,,,0.0,0.0,0.0,0.0,0
65.6,-2.889,0.9023,129.4927,-0.0,-0.171,129.4927,,,,,,,,,,,,0.0,0.0,0.0,0.0,0
65.62,-2.889,0.9023,129.4927,-0.0,-0.171,129.4927,,,,,,,,,,,,0.0,0.0,0.0,0.0,0
65.64,-2.889,0.9023,129.4927,-0.0,-0.171,129.4927,,,,,,,,,,,,0.0,0.0,0.0,0.0,0
65.66,-2.889,0.9023,129.4927,-0.0,-0.171,129.4927,,,,,,,,,,,,0.0,0.0,0.0,0.0,0
65.68,-2.889,0.9023,129.4927,-0.0,-0.171,129.4927,,,,,,,,,,,,0.0,0.0,0.0,0.0,0
65.7,-2.889,0.9023,129.4927,-0.0,-0.171,129.4927,,,,,,,,,,,,0.0,0.0,0.0,0.0,0
65.72,-2.889,0.9023,129.4927,-0.0,-0.171,129.4927,,,,,,,,,,,,0.0,0.0,0.0,0.0,0
65.74,-2.889,0.9023,129.4927,-0.0,-0.171,129.4927,,,,,,,,,,,,0.0,0.0,0.0,0.0,0
65.76,-2.889,0.9023,129.4927,-0.0,-0.171,129.4927,,,,,,,,,,,,0.0,0.0,0.0,0.0,0
65.78,-2.889,0.9023,129.4927,-0.0,-0.171,129.4927,,,,,,,,,,,,0.0,0.0,0.0,0.0,0
65.8,-2.889,0.9023,129.4927,-0.0,-0.171,129.4927,,,,,,,,,,,,0.0,0.0,0.0,0.0,0
65.82,-2.889,0.9023,129.4927,-0.0,-0.171,129.4927,,,,,,,,,,,,0.0,0.0,0.0,0.0,0
65.84,-2.889,0.9023,129.4927,-0.0,-0.171,129.4927,,,,,,,,,,,,0.0,0.0,0.0,0.0,0
65.86,-2.889,0.9023,129.4927,-0.0,-0.171,129.4927,,,,,,,,,,,,0.0,0.0,0.0,0.0,0
65.88,-2.889,0.9023,129.4927,-0.0,-0.171,129.4927,,,,,,,,,,,,0.0,0.0,0.0,0.0,0
65.9,-2.889,0.9023,129.4927,-0.0,-0.171,129.4927,,,,,,,,,,,,0.0,0.0,0.0,0.0,0
65.92,-2.889,0.9023,129.4927,-0.0,-0.171,129.4927,,,,,,,,,,,,0.0,0.0,0.0,0.0,0
65.94,-2.889,0.9023,129.4927,-0.0,-0.171,129.4927,,,,,,,,,,,,0.0,0.0,0.0,0.0,0
65.96,-2.889,0.9023,129.4927,-0.0,-0.171,129.4927,,,,,,,,,,,,0.0,0.0,0.0,0.0,0
65.98,-2.889,0.9023,129.4927,-0.0,-0.171,129.4927,,,,,,,,,,,,0.0,0.0,0.0,0.0,0
66.0,-2.889,0.9023,129.4927,-0.0,-0.171,129.4927,,,,,,,,,,,,0.0,0.0,0.0,0.0,0
66.02,-2.889,0.9023,129.4927,-0.0,-0.171,129.4927,,,,,,,,,,,,0.0,0.0,0.0,0.0,0
66.04,-2.889,0.9023,129.4927,-0.0,-0.171,129.4927,,,,,,,,,,,,0.0,0.0,0.0,0.0,0
66.06,-2.8877,0.906,129.4865,-0.0,-0.2048,129.4865,,,,,,,,,,,,0.0,0.0,0.0,0.0,0
66.08,-2.8877,0.906,129.4865,-0.0,-0.2048,129.4865,,,,,,,,,,,,0.0,0.0,0.0,0.0,0
66.1,-2.8877,0.906,129.4865,-0.0,-0.2048,129.4865,,,,,,,,,,,,0.0,0.0,0.0,0.0,0
66.12,-2.8877,0.906,129.4865,-0.0,-0.2048,129.4865,,,,,,,,,,,,0.0,0.0,0.0,0.0,0
66.14,-2.8877,0.906,129.4865,-0.0,-0.2048,129.4865,,,,,,,,,,,,0.0,0.0,0.0,0.0,0
66.16,-2.8863,0.9084,129.4825,-0.0,-0.2336,129.4825,,,,,,,,,,,,0.0,0.0,0.0,0.0,0
66.18,-2.8863,0.9084,129.4825,-0.0,-0.2336,129.4825,,,,,,,,,,,,0.0,0.0,0.0,0.0,0
66.2,-2.8863,0.9084,129.4825,-0.0,-0.2336,129.4825,,,,,,,,,,,,0.0,0.0,0.0,0.0,0
66.22,-2.8863,0.9084,129.4825,-0.0,-0.2336,129.4825,,,,,,,,,,,,0.0,0.0,0.0,0.0,0
66.24,-2.8863,0.9084,129.4825,-0.0,-0.2336,129.4825,,,,,,,,,,,,0.0,0.0,0.0,0.0,0
66.26,-2.8864,0.912,129.4785,-0.0,-0.2367,129.4785,,,,,,,,,,,,0.0,0.0,0.0,0.0,0
66.28,-2.8864,0.912,129.4785,-0.0,-0.2367,129.4785,,,,,,,,,,,,0.0,0.0,0.0,0.0,0
66.3,-2.8864,0.912,129.4785,-0.0,-0.2367,129.4785,,,,,,,,,,,,0.0,0.0,0.0,0.0,0
66.32,-2.8864,0.912,129.4785,-0.0,-0.2367,129.4785,,,,,,,,,,,,0.0,0.0,0.0,0.0,0
66.34,-2.8864,0.912,129.4785,-0.0,-0.2367,129.4785,,,,,,,,,,,,0.0,0.0,0.0,0.0,0
66.36,-2.8867,0.9137,129.4767,-0.0,-0.2383,129.4767,,,,,,,,,,,,0.0,0.0,0.0,0.0,0
66.38,-2.8867,0.9137,129.4767,-0.0,-0.2383,129.4767,,,,,,,,,,,,0.0,0.0,0.0,0.0,0
66.4,-2.8867,0.9137,129.4767,-0.0,-0.2383,129.4767,,,,,,,,,,,,0.0,0.0,0.0,0.0,0
66.42,-2.8867,0.9137,129.4767,-0.0,-0.2383,129.4767,,,,,,,,,,,,0.0,0.0,0.0,0.0,0
66.44,-2.8867,0.9137,129.4767,-0.0,-0.2383,129.4767,,,,,,,,,,,,0.0,0.0,0.0,0.0,0
66.46,-2.8837,0.9128,129.4731,-0.0,-0.2391,129.4731,,,,,,,,,,,,0.0,0.0,0.0,0.0,0
66.48,-2.8837,0.9128,129.4731,-0.0,-0.2391,129.4731,,,,,,,,,,,,0.0,0.0,0.0,0.0,0
66.5,-2.8837,0.9128,129.4731,-0.0,-0.2391,129.4731,,,,,,,,,,,,0.0,0.0,0.0,0.0,0
66.52,-2.8837,0.9128,129.4731,-0.0,-0.2391,129.4731,,,,,,,,,,,,0.0,0.0,0.0,0.0,0
66.54,-2.8837,0.9128,129.4731,-0.0,-0.2391,129.4731,,,,,,,,,,,,0.0,0.0,0.0,0.0,0
66.56,-2.8828,0.9142,129.4644,-0.0,-0.2396,129.4644,,,,,,,,,,,,0.0,0.0,0.0,0.0,0
66.58,-2.8828,0.9142,129.4644,-0.0,-0.2396,129.4644,,,,,,,,,,,,0.0,0.0,0.0,0.0,0
66.6,-2.8828,0.9142,129.4644,-0.0,-0.2396,129.4644,,,,,,,,,,,,0.0,0.0,0.0,0.0,0
66.62,-2.8828,0.9142,129.4644,-0.0,-0.2396,129.4644,,,,,,,,,,,,0.0,0.0,0.0,0.0,0
66.64,-2.8828,0.9142,129.4644,-0.0,-0.2396,129.4644,,,,,,,,,,,,0.0,0.0,0.0,0.0,0
66.66,-2.8811,0.9149,129.4604,-0.0,-0.2396,129.4604,,,,,,,,,,,,0.0,0.0,0.0,0.0,0
66.68,-2.8811,0.9149,129.4604,-0.0,-0.2396,129.4604,,,,,,,,,,,,0.0,0.0,0.0,0.0,0
66.7,-2.8811,0.9149,129.4604,-0.0,-0.2396,129.4604,,,,,,,,,,,,0.0,0.0,0.0,0.0,0
66.72,-2.8811,0.9149,129.4604,-0.0,-0.2396,129.4604,,,,,,,,,,,,0.0,0.0,0.0,0.0,0
66.74,-2.8811,0.9149,129.4604,-0.0,-0.2396,129.4604,,,,,,,,,,,,0.0,0.0,0.0,0.0,0
66.76,-2.8758,0.9182,129.4549,-0.0,-0.2406,129.4549,,,,,,,,,,,,0.0,0.0,0.0,0.0,0
66.78,-2.8758,0.9182,129.4549,-0.0,-0.2406,129.4549,,,,,,,,,,,,0.0,0.0,0.0,0.0,0
66.8,-2.8758,0.9182,129.4549,-0.0,-0.2406,129.4549,,,,,,,,,,,,0.0,0.0,0.0,0.0,0
66.82,-2.8758,0.9182,129.4549,-0.0,-0.2406,129.4549,,,,,,,,,,,,0.0,0.0,0.0,0.0,0
66.84,-2.8758,0.9182,129.4549,-0.0,-0.2406,129.4549,,,,,,,,,,,,0.0,0.0,0.0,0.0,0
66.86,-2.8757,0.9219,129.451,-0.0,-0.2697,129.451,,,,,,,,,,,,0.0,0.0,0.0,0.0,0
66.88,-2.8757,0.9219,129.451,-0.0,-0.2697,129.451,,,,,,,,,,,,0.0,0.0,0.0,0.0,0
66.9,-2.8757,0.9219,129.451,-0.0,-0.2697,129.451,,,,,,,,,,,,0.0,0.0,0.0,0.0,0
66.92,-2.8757,0.9219,129.451,-0.0,-0.2697,129.451,,,,,,,,,,,,0.0,0.0,0.0,0.0,0
66.94,-2.8757,0.9219,129.451,-0.0,-0.2697,129.451,,,,,,,,,,,,0.0,0.0,0.0,0.0,0
66.96,-2.8753,0.924,129.4487,-0.0,-0.259,129.4487,,,,,,,,,,,,0.0,0.0,0.0,0.0,0
66.98,-2.8753,0.924,129.4487,-0.0,-0.259,129.4487,,,,,,,,,,,,0.0,0.0,0.0,0.0,0
67.0,-2.8753,0.924,129.4487,-0.0,-0.259,129.4487,,,,,,,,,,,,0.0,0.0,0.0,0.0,0
67.02,-2.8753,0.924,129.4487,-0.0,-0.259,129.4487,,,,,,,,,,,,0.0,0.0,0.0,0.0,0
67.04,-2.8753,0.924,129.4487,-0.0,-0.259,129.4487,,,,,,,,,,,,0.0,0.0,0.0,0.0,0
67.06,-2.876,0.9244,129.4426,-0.0,-0.2786,129.4426,,,,,,,,,,,,0.0,0.0,0.0,0.0,0
67.08,-2.876,0.9244,129.4426,-0.0,-0.2786,129.4426,,,,,,,,,,,,0.0,0.0,0.0,0.0,0
67.1,-2.876,0.9244,129.4426,-0.0,-0.2786,129.4426,,,,,,,,,,,,0.0,0.0,0.0,0.0,0
67.12,-2.876,0.9244,129.4426,-0.0,-0.2786,129.4426,,,,,,,,,,,,0.0,0.0,0.0,0.0,0
67.14,-2.876,0.9244,129.4426,-0.0,-0.2786,129.4426,,,,,,,,,,,,0.0,0.0,0.0,0.0,0
67.16,-2.8783,0.9288,129.4363,-0.0,-0.2891,129.4363,,,,,,,,,,,,0.0,0.0,0.0,0.0,0
67.18,-2.8783,0.9288,129.4363,-0.0,-0.2891,129.4363,,,,,,,,,,,,0.0,0.0,0.0,0.0,0
67.2,-2.8783,0.9288,129.4363,-0.0,-0.2891,129.4363,,,,,,,,,,,,0.0,0.0,0.0,0.0,0
67.22,-2.8783,0.9288,129.4363,-0.0,-0.2891,129.4363,,,,,,,,,,,,0.0,0.0,0.0,0.0,0
67.24,-2.8783,0.9288,129.4363,-0.0,-0.2891,129.4363,,,,,,,,,,,,0.0,0.0,0.0,0.0,0
67.26,-2.8776,0.9325,129.4343,-0.0,-0.2773,129.4343,,,,,,,,,,,,0.0,0.0,0.0,0.0,0
67.28,-2.8776,0.9325,129.4343,-0.0,-0.2773,129.4343,,,,,,,,,,,,0.0,0.0,0.0,0.0,0
67.3,-2.8776,0.9325,129.4343,-0.0,-0.2773,129.4343,,,,,,,,,,,,0.0,0.0,0.0,0.0,0
67.32,-2.8776,0.9325,129.4343,-0.0,-0.2773,129.4343,,,,,,,,,,,,0.0,0.0,0.0,0.0,0
67.34,-2.8776,0.9325,129.4343,-0.0,-0.2773,129.4343,,,,,,,,,,,,0.0,0.0,0.0,0.0,0
67.36,-2.8742,0.934,129.4265,-0.0,-0.259,129.4265,,,,,,,,,,,,0.0,0.0,0.0,0.0,0
67.38,-2.8742,0.934,129.4265,-0.0,-0.259,129.4265,,,,,,,,,,,,0.0,0.0,0.0,0.0,0
67.4,-2.8742,0.934,129.4265,-0.0,-0.259,129.4265,,,,,,,,,,,,0.0,0.0,0.0,0.0,0
67.42,-2.8742,0.934,129.4265,-0.0,-0.259,129.4265,,,,,,,,,,,,0.0,0.0,0.0,0.0,0
67.44,-2.8742,0.934,129.4265,-0.0,-0.259,129.4265,,,,,,,,,,,,0.0,0.0,0.0,0.0,0
67.46,-2.8712,0.9311,129.4272,-0.0,-0.2497,129.4272,,,,,,,,,,,,0.0,0.0,0.0,0.0,0
67.48,-2.8712,0.9311,129.4272,-0.0,-0.2497,129.4272,,,,,,,,,,,,0.0,0.0,0.0,0.0,0
67.5,-2.8712,0.9311,129.4272,-0.0,-0.2497,129.4272,,,,,,,,,,,,0.0,0.0,0.0,0.0,0
67.52,-2.8712,0.9311,129.4272,-0.0,-0.2497,129.4272,,,,,,,,,,,,0.0,0.0,0.0,0.0,0
67.54,-2.8712,0.9311,129.4272,-0.0,-0.2497,129.4272,,,,,,,,,,,,0.0,0.0,0.0,0.0,0
67.56,-2.8703,0.9328,129.4212,-0.0,-0.245,129.4212,,,,,,,,,,,,0.0,0.0,0.0,0.0,0
67.58,-2.8703,0.9328,129.4212,-0.0,-0.245,129.4212,,,,,,,,,,,,0.0,0.0,0.0,0.0,0
67.6,-2.8703,0.9328,129.4212,-0.0,-0.245,129.4212,,,,,,,,,,,,0.0,0.0,0.0,0.0,0
67.62,-2.8703,0.9328,129.4212,-0.0,-0.245,129.4212,,,,,,,,,,,,0.0,0.0,0.0,0.0,0
67.64,-2.8703,0.9328,129.4212,-0.0,-0.245,129.4212,,,,,,,,,,,,0.0,0.0,0.0,0.0,0
67.66,-2.8639,0.9356,129.4186,-0.0,-0.2425,129.4186,,,,,,,,,,,,0.0,0.0,0.0,0.0,0
67.68,-2.8639,0.9356,129.4186,-0.0,-0.2425,129.4186,,,,,,,,,,,,0.0,0.0,0.0,0.0,0
67.7,-2.8639,0.9356,129.4186,-0.0,-0.2425,129.4186,,,,,,,,,,,,0.0,0.0,0.0,0.0,0
67.72,-2.8639,0.9356,129.4186,-0.0,-0.2425,129.4186,,,,,,,,,,,,0.0,0.0,0.0,0.0,0
67.74,-2.8639,0.9356,129.4186,-0.0,-0.2425,129.4186,,,,,,,,,,,,0.0,0.0,0.0,0.0,0
67.76,-2.8629,0.9393,129.4182,-0.0,-0.2413,129.4182,,,,,,,,,,,,0.0,0.0,0.0,0.0,0
67.78,-2.8629,0.9393,129.4182,-0.0,-0.2413,129.4182,,,,,,,,,,,,0.0,0.0,0.0,0.0,0
67.8,-2.8629,0.9393,129.4182,-0.0,-0.2413,129.4182,,,,,,,,,,,,0.0,0.0,0.0,0.0,0
67.82,-2.8629,0.9393,129.4182,-0.0,-0.2413,129.4182,,,,,,,,,,,,0.0,0.0,0.0,0.0,0
67.84,-2.8629,0.9393,129.4182,-0.0,-0.2413,129.4182,,,,,,,,,,,,0.0,0.0,0.0,0.0,0
67.86,-2.8636,0.9435,129.4153,-0.0,-0.2407,129.4153,,,,,,,,,,,,0.0,0.0,0.0,0.0,0
67.88,-2.8636,0.9435,129.4153,-0.0,-0.2407,129.4153,,,,,,,,,,,,0.0,0.0,0.0,0.0,0
67.9,-2.8636,0.9435,129.4153,-0.0,-0.2407,129.4153,,,,,,,,,,,,0.0,0.0,0.0,0.0,0
67.92,-2.8636,0.9435,129.4153,-0.0,-0.2407,129.4153,,,,,,,,,,,,0.0,0.0,0.0,0.0,0
67.94,-2.8636,0.9435,129.4153,-0.0,-0.2407,129.4153,,,,,,,,,,,,0.0,0.0,0.0,0.0,0
67.96,-2.8619,0.9428,129.4093,-0.0,-0.2404,129.4093,,,,,,,,,,,,0.0,0.0,0.0,0.0,0
67.98,-2.8619,0.9428,129.4093,-0.0,-0.2404,129.4093,,,,,,,,,,,,0.0,0.0,0.0,0.0,0
68.0,-2.8619,0.9428,129.4093,-0.0,-0.2404,129.4093,,,,,,,,,,,,0.0,0.0,0.0,0.0,0
68.02,-2.8619,0.9428,129.4093,-0.0,-0.2404,129.4093,,,,,,,,,,,,0.0,0.0,0.0,0.0,0
68.04,-2.8619,0.9428,129.4093,-0.0,-0.2404,129.4093,,,,,,,,,,,,0.0,0.0,0.0,0.0,0
68.06,-2.8585,0.9451,129.4044,-0.0,-0.2261,129.4044,,,,,,,,,,,,0.0,0.0,0.0,0.0,0
68.08,-2.8585,0.9451,129.4044,-0.0,-0.2261,129.4044,,,,,,,,,,,,0.0,0.0,0.0,0.0,0
68.1,-2.8585,0.9451,129.4044,-0.0,-0.2261,129.4044,,,,,,,,,,,,0.0,0.0,0.0,0.0,0
68.12,-2.8585,0.9451,129.4044,-0.0,-0.2261,129.4044,,,,,,,,,,,,0.0,0.0,0.0,0.0,0
68.14,-2.8585,0.9451,129.4044,-0.0,-0.2261,129.4044,,,,,,,,,,,,0.0,0.0,0.0,0.0,0
68.16,-2.8541,0.9481,129.3956,-0.0,-0.196,129.3956,,,,,,,,,,,,0.0,0.0,0.0,0.0,0
68.18,-2.8541,0.9481,129.3956,-0.0,-0.196,129.3956,,,,,,,,,,,,0.0,0.0,0.0,0.0,0
68.2,-2.8541,0.9481,129.3956,-0.0,-0.196,129.3956,,,,,,,,,,,,0.0,0.0,0.0,0.0,0
68.22,-2.8541,0.9481,129.3956,-0.0,-0.196,129.3956,,,,,,,,,,,,0.0,0.0,0.0,0.0,0
68.24,-2.8541,0.9481,129.3956,-0.0,-0.196,129.3956,,,,,,,,,,,,0.0,0.0,0.0,0.0,0
68.26,-2.8517,0.9525,129.3901,-0.0,-0.2111,129.3901,,,,,,,,,,,,0.0,0.0,0.0,0.0,0
68.28,-2.8517,0.9525,129.3901,-0.0,-0.2111,129.3901,,,,,,,,,,,,0.0,0.0,0.0,0.0,0
68.3,-2.8517,0.9525,129.3901,-0.0,-0.2111,129.3901,,,,,,,,,,,,0.0,0.0,0.0,0.0,0
68.32,-2.8517,0.9525,129.3901,-0.0,-0.2111,129.3901,,,,,,,,,,,,0.0,0.0,0.0,0.0,0
68.34,-2.8517,0.9525,129.3901,-0.0,-0.2111,129.3901,,,,,,,,,,,,0.0,0.0,0.0,0.0,0
68.36,-2.8492,0.9493,129.3834,-0.0,-0.2253,129.3834,,,,,,,,,,,,0.0,0.0,0.0,0.0,0
68.38,-2.8492,0.9493,129.3834,-0.0,-0.2253,129.3834,,,,,,,,,,,,0.0,0.0,0.0,0.0,0
68.4,-2.8492,0.9493,129.3834,-0.0,-0.2253,129.3834,,,,,,,,,,,,0.0,0.0,0.0,0.0,0
68.42,-2.8492,0.9493,129.3834,-0.0,-0.2253,129.3834,,,,,,,,,,,,0.0,0.0,0.0,0.0,0
68.44,-2.8492,0.9493,129.3834,-0.0,-0.2253,129.3834,,,,,,,,,,,,0.0,0.0,0.0,0.0,0
68.46,-2.85,0.9484,129.3797,-0.0,-0.2325,129.3797,,,,,,,,,,,,0.0,0.0,0.0,0.0,0
68.48,-2.85,0.9484,129.3797,-0.0,-0.2325,129.3797,,,,,,,,,,,,0.0,0.0,0.0,0.0,0
68.5,-2.85,0.9484,129.3797,-0.0,-0.2325,129.3797,,,,,,,,,,,,0.0,0.0,0.0,0.0,0
68.52,-2.85,0.9484,129.3797,-0.0,-0.2325,129.3797,,,,,,,,,,,,0.0,0.0,0.0,0.0,0
68.54,-2.85,0.9484,129.3797,-0.0,-0.2325,129.3797,,,,,,,,,,,,0.0,0.0,0.0,0.0,0
68.56,-2.8515,0.9482,129.3773,-0.0,-0.2362,129.3773,,,,,,,,,,,,0.0,0.0,0.0,0.0,0
68.58,-2.8515,0.9482,129.3773,-0.0,-0.2362,129.3773,,,,,,,,,,,,0.0,0.0,0.0,0.0,0
68.6,-2.8515,0.9482,129.3773,-0.0,-0.2362,129.3773,,,,,,,,,,,,0.0,0.0,0.0,0.0,0
68.62,-2.8515,0.9482,129.3773,-0.0,-0.2362,129.3773,,,,,,,,,,,,0.0,0.0,0.0,0.0,0
68.64,-2.8515,0.9482,129.3773,-0.0,-0.2362,129.3773,,,,,,,,,,,,0.0,0.0,0.0,0.0,0
68.66,-2.85,0.9473,129.3747,-0.0,-0.238,129.3747,,,,,,,,,,,,0.0,0.0,0.0,0.0,0
68.68,-2.85,0.9473,129.3747,-0.0,-0.238,129.3747,,,,,,,,,,,,0.0,0.0,0.0,0.0,0
68.7,-2.85,0.9473,129.3747,-0.0,-0.238,129.3747,,,,,,,,,,,,0.0,0.0,0.0,0.0,0
68.72,-2.85,0.9473,129.3747,-0.0,-0.238,129.3747,,,,,,,,,,,,0.0,0.0,0.0,0.0,0
68.74,-2.85,0.9473,129.3747,-0.0,-0.238,129.3747,,,,,,,,,,,,0.0,0.0,0.0,0.0,0
68.76,-2.8468,0.945,129.3713,-0.0,-0.239,129.3713,,,,,,,,,,,,0.0,0.0,0.0,0.0,0
68.78,-2.8468,0.945,129.3713,-0.0,-0.239,129.3713,,,,,,,,,,,,0.0,0.0,0.0,0.0,0
68.8,-2.8468,0.945,129.3713,-0.0,-0.239,129.3713,,,,,,,,,,,,0.0,0.0,0.0,0.0,0
68.82,-2.8468,0.945,129.3713,-0.0,-0.239,129.3713,,,,,,,,,,,,0.0,0.0,0.0,0.0,0
68.84,-2.8468,0.945,129.3713,-0.0,-0.239,129.3713,,,,,,,,,,,,0.0,0.0,0.0,0.0,0
68.86,-2.8465,0.9453,129.3676,-0.0,-0.2395,129.3676,,,,,,,,,,,,0.0,0.0,0.0,0.0,0
68.88,-2.8465,0.9453,129.3676,-0.0,-0.2395,129.3676,,,,,,,,,,,,0.0,0.0,0.0,0.0,0
68.9,-2.8465,0.9453,129.3676,-0.0,-0.2395,129.3676,,,,,,,,,,,,0.0,0.0,0.0,0.0,0
68.92,-2.8465,0.9453,129.3676,-0.0,-0.2395,129.3676,,,,,,,,,,,,0.0,0.0,0.0,0.0,0
68.94,-2.8465,0.9453,129.3676,-0.0,-0.2395,129.3676,,,,,,,,,,,,0.0,0.0,0.0,0.0,0
68.96,-2.8507,0.9466,129.3643,-0.0,-0.2035,129.3643,,,,,,,,,,,,0.0,0.0,0.0,0.0,0
68.98,-2.8507,0.9466,129.3643,-0.0,-0.2035,129.3643,,,,,,,,,,,,0.0,0.0,0.0,0.0,0
69.0,-2.8507,0.9466,129.3643,-0.0,-0.2035,129.3643,,,,,,,,,,,,0.0,0.0,0.0,0.0,0
69.02,-2.8507,0.9466,129.3643,-0.0,-0.2035,129.3643,,,,,,,,,,,,0.0,0.0,0.0,0.0,0
69.04,-2.8507,0.9466,129.3643,-0.0,-0.2035,129.3643,,,,,,,,,,,,0.0,0.0,0.0,0.0,0
69.06,-2.8507,0.9478,129.3626,-0.0,-0.1039,129.3626,,,,,,,,,,,,0.0,0.0,0.0,0.0,0
69.08,-2.8507,0.9478,129.3626,-0.0,-0.1039,129.3626,,,,,,,,,,,,0.0,0.0,0.0,0.0,0
69.1,-2.8507,0.9478,129.3626,-0.0,-0.1039,129.3626,,,,,,,,,,,,0.0,0.0,0.0,0.0,0
69.12,-2.8507,0.9478,129.3626,-0.0,-0.1039,129.3626,,,,,,,,,,,,0.0,0.0,0.0,0.0,0
69.14,-2.8507,0.9478,129.3626,-0.0,-0.1039,129.3626,,,,,,,,,,,,0.0,0.0,0.0,0.0,0
69.16,-2.8478,0.9508,129.3531,-0.0,-0.1184,129.3531,,,,,,,,,,,,0.0,0.0,0.0,0.0,0
69.18,-2.8478,0.9508,129.3531,-0.0,-0.1184,129.3531,,,,,,,,,,,,0.0,0.0,0.0,0.0,0
69.2,-2.8478,0.9508,129.3531,-0.0,-0.1184,129.3531,,,,,,,,,,,,0.0,0.0,0.0,0.0,0
69.22,-2.8478,0.9508,129.3531,-0.0,-0.1184,129.3531,,,,,,,,,,,,0.0,0.0,0.0,0.0,0
69.24,-2.8478,0.9508,129.3531,-0.0,-0.1184,129.3531,,,,,,,,,,,,0.0,0.0,0.0,0.0,0
69.26,-2.8467,0.9522,129.3489,-0.0,-0.2024,129.3489,,,,,,,,,,,,0.0,0.0,0.0,0.0,0
69.28,-2.8467,0.9522,129.3489,-0.0,-0.2024,129.3489,,,,,,,,,,,,0.0,0.0,0.0,0.0,0
69.3,-2.8467,0.9522,129.3489,-0.0,-0.2024,129.3489,,,,,,,,,,,,0.0,0.0,0.0,0.0,0
69.32,-2.8467,0.9522,129.3489,-0.0,-0.2024,129.3489,,,,,,,,,,,,0.0,0.0,0.0,0.0,0
69.34,-2.8467,0.9522,129.3489,-0.0,-0.2024,129.3489,,,,,,,,,,,,0.0,0.0,0.0,0.0,0
69.36,-2.8456,0.9535,129.3462,-0.0,-0.2307,129.3462,,,,,,,,,,,,0.0,0.0,0.0,0.0,0
69.38,-2.8456,0.9535,129.3462,-0.0,-0.2307,129.3462,,,,,,,,,,,,0.0,0.0,0.0,0.0,0
69.4,-2.8456,0.9535,129.3462,-0.0,-0.2307,129.3462,,,,,,,,,,,,0.0,0.0,0.0,0.0,0
69.42,-2.8456,0.9535,129.3462,-0.0,-0.2307,129.3462,,,,,,,,,,,,0.0,0.0,0.0,0.0,0
69.44,-2.8456,0.9535,129.3462,-0.0,-0.2307,129.3462,,,,,,,,,,,,0.0,0.0,0.0,0.0,0
69.46,-2.843,0.9483,129.3439,-0.0,-0.257,129.3439,,,,,,,,,,,,0.0,0.0,0.0,0.0,0
69.48,-2.843,0.9483,129.3439,-0.0,-0.257,129.3439,,,,,,,,,,,,0.0,0.0,0.0,0.0,0
69.5,-2.843,0.9483,129.3439,-0.0,-0.257,129.3439,,,,,,,,,,,,0.0,0.0,0.0,0.0,0
69.52,-2.843,0.9483,129.3439,-0.0,-0.257,129.3439,,,,,,,,,,,,0.0,0.0,0.0,0.0,0
69.54,-2.843,0.9483,129.3439,-0.0,-0.257,129.3439,,,,,,,,,,,,0.0,0.0,0.0,0.0,0
69.56,-2.842,0.9466,129.3348,-0.0,-0.2616,129.3348,,,,,,,,,,,,0.0,0.0,0.0,0.0,0
69.58,-2.842,0.9466,129.3348,-0.0,-0.2616,129.3348,,,,,,,,,,,,0.0,0.0,0.0,0.0,0
69.6,-2.842,0.9466,129.3348,-0.0,-0.2616,129.3348,,,,,,,,,,,,0.0,0.0,0.0,0.0,0
69.62,-2.842,0.9466,129.3348,-0.0,-0.2616,129.3348,,,,,,,,,,,,0.0,0.0,0.0,0.0,0
69.64,-2.842,0.9466,129.3348,-0.0,-0.2616,129.3348,,,,,,,,,,,,0.0,0.0,0.0,0.0,0
69.66,-2.8402,0.9461,129.3309,-0.0,-0.2235,129.3309,,,,,,,,,,,,0.0,0.0,0.0,0.0,0
69.68,-2.8402,0.9461,129.3309,-0.0,-0.2235,129.3309,,,,,,,,,,,,0.0,0.0,0.0,0.0,0
69.7,-2.8402,0.9461,129.3309,-0.0,-0.2235,129.3309,,,,,,,,,,,,0.0,0.0,0.0,0.0,0
69.72,-2.8402,0.9461,129.3309,-0.0,-0.2235,129.3309,,,,,,,,,,,,0.0,0.0,0.0,0.0,0
69.74,-2.8402,0.9461,129.3309,-0.0,-0.2235,129.3309,,,,,,,,,,,,0.0,0.0,0.0,0.0,0
69.76,-2.8379,0.9411,129.328,-0.0,-0.2311,129.328,,,,,,,,,,,,0.0,0.0,0.0,0.0,0
69.78,-2.8379,0.9411,129.328,-0.0,-0.2311,129.328,,,,,,,,,,,,0.0,0.0,0.0,0.0,0
69.8,-2.8379,0.9411,129.328,-0.0,-0.2311,129.328,,,,,,,,,,,,0.0,0.0,0.0,0.0,0
69.82,-2.8379,0.9411,129.328,-0.0,-0.2311,129.328,,,,,,,,,,,,0.0,0.0,0.0,0.0,0
69.84,-2.8379,0.9411,129.328,-0.0,-0.2311,129.328,,,,,,,,,,,,0.0,0.0,0.0,0.0,0
69.86,-2.8352,0.9397,129.3199,-0.0,-0.2477,129.3199,,,,,,,,,,,,0.0,0.0,0.0,0.0,0
69.88,-2.8352,0.9397,129.3199,-0.0,-0.2477,129.3199,,,,,,,,,,,,0.0,0.0,0.0,0.0,0
69.9,-2.8352,0.9397,129.3199,-0.0,-0.2477,129.3199,,,,,,,,,,,,0.0,0.0,0.0,0.0,0
69.92,-2.8352,0.9397,129.3199,-0.0,-0.2477,129.3199,,,,,,,,,,,,0.0,0.0,0.0,0.0,0
69.94,-2.8352,0.9397,129.3199,-0.0,-0.2477,129.3199,,,,,,,,,,,,0.0,0.0,0.0,0.0,0
69.96,-2.8285,0.9365,129.3131,-0.0,-0.2439,129.3131,,,,,,,,,,,,0.0,0.0,0.0,0.0,0
69.98,-2.8285,0.9365,129.3131,-0.0,-0.2439,129.3131,,,,,,,,,,,,0.0,0.0,0.0,0.0,0
70.0,-2.8285,0.9365,129.3131,-0.0,-0.2439,129.3131,,,,,,,,,,,,0.0,0.0,0.0,0.0,0
70.02,-2.8285,0.9365,129.3131,-0.0,-0.2439,129.3131,,,,,,,,,,,,0.0,0.0,0.0,0.0,0
70.04,-2.8285,0.9365,129.3131,-0.0,-0.2439,129.3131,,,,,,,,,,,,0.0,0.0,0.0,0.0,0
70.06,-2.829,0.9348,129.3084,-0.0,-0.242,129.3084,,,,,,,,,,,,0.0,0.0,0.0,0.0,0
70.08,-2.829,0.9348,129.3084,-0.0,-0.242,129.3084,,,,,,,,,,,,0.0,0.0,0.0,0.0,0
70.1,-2.829,0.9348,129.3084,-0.0,-0.242,129.3084,,,,,,,,,,,,0.0,0.0,0.0,0.0,0
70.12,-2.829,0.9348,129.3084,-0.0,-0.242,129.3084,,,,,,,,,,,,0.0,0.0,0.0,0.0,0
70.14,-2.829,0.9348,129.3084,-0.0,-0.242,129.3084,,,,,,,,,,,,0.0,0.0,0.0,0.0,0
70.16,-2.8294,0.9345,129.3094,-0.0,-0.241,129.3094,,,,,,,,,,,,0.0,0.0,0.0,0.0,0
70.18,-2.8294,0.9345,129.3094,-0.0,-0.241,129.3094,,,,,,,,,,,,0.0,0.0,0.0,0.0,0
70.2,-2.8294,0.9345,129.3094,-0.0,-0.241,129.3094,,,,,,,,,,,,0.0,0.0,0.0,0.0,0
70.22,-2.8294,0.9345,129.3094,-0.0,-0.241,129.3094,,,,,,,,,,,,0.0,0.0,0.0,0.0,0
70.24,-2.8294,0.9345,129.3094,-0.0,-0.241,129.3094,,,,,,,,,,,,0.0,0.0,0.0,0.0,0
70.26,-2.8274,0.9326,129.3069,-0.0,-0.2624,129.3069,,,,,,,,,,,,0.0,0.0,0.0,0.0,0
70.28,-2.8274,0.9326,129.3069,-0.0,-0.2624,129.3069,,,,,,,,,,,,0.0,0.0,0.0,0.0,0
70.3,-2.8274,0.9326,129.3069,-0.0,-0.2624,129.3069,,,,,,,,,,,,0.0,0.0,0.0,0.0,0
70.32,-2.8274,0.9326,129.3069,-0.0,-0.2624,129.3069,,,,,,,,,,,,0.0,0.0,0.0,0.0,0
70.34,-2.8274,0.9326,129.3069,-0.0,-0.2624,129.3069,,,,,,,,,,,,0.0,0.0,0.0,0.0,0
70.36,-2.8259,0.9288,129.3016,-0.0,-0.2698,129.3016,,,,,,,,,,,,0.0,0.0,0.0,0.0,0
70.38,-2.8259,0.9288,129.3016,-0.0,-0.2698,129.3016,,,,,,,,,,,,0.0,0.0,0.0,0.0,0
70.4,-2.8259,0.9288,129.3016,-0.0,-0.2698,129.3016,,,,,,,,,,,,0.0,0.0,0.0,0.0,0
70.42,-2.8259,0.9288,129.3016,-0.0,-0.2698,129.3016,,,,,,,,,,,,0.0,0.0,0.0,0.0,0
70.44,-2.8259,0.9288,129.3016,-0.0,-0.2698,129.3016,,,,,,,,,,,,0.0,0.0,0.0,0.0,0
70.46,-2.825,0.9285,129.2996,-0.0,-0.2552,129.2996,,,,,,,,,,,,0.0,0.0,0.0,0.0,0
70.48,-2.825,0.9285,129.2996,-0.0,-0.2552,129.2996,,,,,,,,,,,,0.0,0.0,0.0,0.0,0
70.5,-2.825,0.9285,129.2996,-0.0,-0.2552,129.2996,,,,,,,,,,,,0.0,0.0,0.0,0.0,0
70.52,-2.825,0.9285,129.2996,-0.0,-0.2552,129.2996,,,,,,,,,,,,0.0,0.0,0.0,0.0,0
70.54,-2.825,0.9285,129.2996,-0.0,-0.2552,129.2996,,,,,,,,,,,,0.0,0.0,0.0,0.0,0
70.56,-2.8254,0.9273,129.2923,-0.0,-0.2478,129.2923,,,,,,,,,,,,0.0,0.0,0.0,0.0,0
70.58,-2.8254,0.9273,129.2923,-0.0,-0.2478,129.2923,,,,,,,,,,,,0.0,0.0,0.0,0.0,0
70.6,-2.8254,0.9273,129.2923,-0.0,-0.2478,129.2923,,,,,,,,,,,,0.0,0.0,0.0,0.0,0
70.62,-2.8254,0.9273,129.2923,-0.0,-0.2478,129.2923,,,,,,,,,,,,0.0,0.0,0.0,0.0,0
70.64,-2.8254,0.9273,129.2923,-0.0,-0.2478,129.2923,,,,,,,,,,,,0.0,0.0,0.0,0.0,0
70.66,-2.8232,0.9253,129.2874,-0.0,-0.244,129.2874,,,,,,,,,,,,0.0,0.0,0.0,0.0,0
70.68,-2.8232,0.9253,129.2874,-0.0,-0.244,129.2874,,,,,,,,,,,,0.0,0.0,0.0,0.0,0
70.7,-2.8232,0.9253,129.2874,-0.0,-0.244,129.2874,,,,,,,,,,,,0.0,0.0,0.0,0.0,0
70.72,-2.8232,0.9253,129.2874,-0.0,-0.244,129.2874,,,,,,,,,,,,0.0,0.0,0.0,0.0,0
70.74,-2.8232,0.9253,129.2874,-0.0,-0.244,129.2874,,,,,,,,,,,,0.0,0.0,0.0,0.0,0
70.76,-2.8262,0.9211,129.2829,-0.0,-0.242,129.2829,,,,,,,,,,,,0.0,0.0,0.0,0.0,0
70.78,-2.8262,0.9211,129.2829,-0.0,-0.242,129.2829,,,,,,,,,,,,0.0,0.0,0.0,0.0,0
70.8,-2.8262,0.9211,129.2829,-0.0,-0.242,129.2829,,,,,,,,,,,,0.0,0.0,0.0,0.0,0
70.82,-2.8262,0.9211,129.2829,-0.0,-0.242,129.2829,,,,,,,,,,,,0.0,0.0,0.0,0.0,0
70.84,-2.8262,0.9211,129.2829,-0.0,-0.242,129.2829,,,,,,,,,,,,0.0,0.0,0.0,0.0,0
70.86,-2.8245,0.9194,129.2747,-0.0,-0.241,129.2747,,,,,,,,,,,,0.0,0.0,0.0,0.0,0
70.88,-2.8245,0.9194,129.2747,-0.0,-0.241,129.2747,,,,,,,,,,,,0.0,0.0,0.0,0.0,0
70.9,-2.8245,0.9194,129.2747,-0.0,-0.241,129.2747,,,,,,,,,,,,0.0,0.0,0.0,0.0,0
70.92,-2.8245,0.9194,129.2747,-0.0,-0.241,129.2747,,,,,,,,,,,,0.0,0.0,0.0,0.0,0
70.94,-2.8245,0.9194,129.2747,-0.0,-0.241,129.2747,,,,,,,,,,,,0.0,0.0,0.0,0.0,0
70.96,-2.8216,0.9167,129.2704,-0.0,-0.2405,129.2704,,,,,,,,,,,,0.0,0.0,0.0,0.0,0
70.98,-2.8216,0.9167,129.2704,-0.0,-0.2405,129.2704,,,,,,,,,,,,0.0,0.0,0.0,0.0,0
71.0,-2.8216,0.9167,129.2704,-0.0,-0.2405,129.2704,,,,,,,,,,,,0.0,0.0,0.0,0.0,0
71.02,-2.8216,0.9167,129.2704,-0.0,-0.2405,129.2704,,,,,,,,,,,,0.0,0.0,0.0,0.0,0
71.04,-2.8216,0.9167,129.2704,-0.0,-0.2405,129.2704,,,,,,,,,,,,0.0,0.0,0.0,0.0,0
71.06,-2.8265,0.9171,129.264,-0.0,-0.2404,129.264,,,,,,,,,,,,0.0,0.0,0.0,0.0,0
71.08,-2.8265,0.9171,129.264,-0.0,-0.2404,129.264,,,,,,,,,,,,0.0,0.0,0.0,0.0,0
71.1,-2.8265,0.9171,129.264,-0.0,-0.2404,129.264,,,,,,,,,,,,0.0,0.0,0.0,0.0,0
71.12,-2.8265,0.9171,129.264,-0.0,-0.2404,129.264,,,,,,,,,,,,0.0,0.0,0.0,0.0,0
71.14,-2.8265,0.9171,129.264,-0.0,-0.2404,129.264,,,,,,,,,,,,0.0,0.0,0.0,0.0,0
71.16,-2.83,0.9143,129.2629,-0.0,-0.2287,129.2629,,,,,,,,,,,,0.0,0.0,0.0,0.0,0
71.18,-2.83,0.9143,129.2629,-0.0,-0.2287,129.2629,,,,,,,,,,,,0.0,0.0,0.0,0.0,0
71.2,-2.83,0.9143,129.2629,-0.0,-0.2287,129.2629,,,,,,,,,,,,0.0,0.0,0.0,0.0,0
71.22,-2.83,0.9143,129.2629,-0.0,-0.2287,129.2629,,,,,,,,,,,,0.0,0.0,0.0,0.0,0
71.24,-2.83,0.9143,129.2629,-0.0,-0.2287,129.2629,,,,,,,,,,,,0.0,0.0,0.0,0.0,0
71.26,-2.8327,0.9122,129.2528,0.0,-0.1975,129.2528,,,,,,,,,,,,0.0,0.0,0.0,0.0,0
71.28,-2.8327,0.9122,129.2528,0.0,-0.1975,129.2528,,,,,,,,,,,,0.0,0.0,0.0,0.0,0
71.3,-2.8327,0.9122,129.2528,0.0,-0.1975,129.2528,,,,,,,,,,,,0.0,0.0,0.0,0.0,0
71.32,-2.8327,0.9122,129.2528,0.0,-0.1975,129.2528,,,,,,,,,,,,0.0,0.0,0.0,0.0,0
71.34,-2.8327,0.9122,129.2528,0.0,-0.1975,129.2528,,,,,,,,,,,,0.0,0.0,0.0,0.0,0
71.36,-2.8363,0.9094,129.2545,0.0,-0.2183,129.2545,,,,,,,,,,,,0.0,0.0,0.0,0.0,0
71.38,-2.8363,0.9094,129.2545,0.0,-0.2183,129.2545,,,,,,,,,,,,0.0,0.0,0.0,0.0,0
71.4,-2.8363,0.9094,129.2545,0.0,-0.2183,129.2545,,,,,,,,,,,,0.0,0.0,0.0,0.0,0
71.42,-2.8363,0.9094,129.2545,0.0,-0.2183,129.2545,,,,,,,,,,,,0.0,0.0,0.0,0.0,0
71.44,-2.8363,0.9094,129.2545,0.0,-0.2183,129.2545,,,,,,,,,,,,0.0,0.0,0.0,0.0,0
71.46,-2.8447,0.906,129.252,0.0,-0.2309,129.252,,,,,,,,,,,,0.0,0.0,0.0,0.0,0
71.48,-2.8447,0.906,129.252,0.0,-0.2309,129.252,,,,,,,,,,,,0.0,0.0,0.0,0.0,0
71.5,-2.8447,0.906,129.252,0.0,-0.2309,129.252,,,,,,,,,,,,0.0,0.0,0.0,0.0,0
71.52,-2.8447,0.906,129.252,0.0,-0.2309,129.252,,,,,,,,,,,,0.0,0.0,0.0,0.0,0
71.54,-2.8447,0.906,129.252,0.0,-0.2309,129.252,,,,,,,,,,,,0.0,0.0,0.0,0.0,0
71.56,-2.8504,0.9068,129.2528,0.0,-0.2354,129.2528,,,,,,,,,,,,0.0,0.0,0.0,0.0,0
71.58,-2.8504,0.9068,129.2528,0.0,-0.2354,129.2528,,,,,,,,,,,,0.0,0.0,0.0,0.0,0
71.6,-2.8504,0.9068,129.2528,0.0,-0.2354,129.2528,,,,,,,,,,,,0.0,0.0,0.0,0.0,0
71.62,-2.8504,0.9068,129.2528,0.0,-0.2354,129.2528,,,,,,,,,,,,0.0,0.0,0.0,0.0,0
71.64,-2.8504,0.9068,129.2528,0.0,-0.2354,129.2528,,,,,,,,,,,,0.0,0.0,0.0,0.0,0
71.66,-2.8563,0.9055,129.2487,0.0,-0.2376,129.2487,,,,,,,,,,,,0.0,0.0,0.0,0.0,0
71.68,-2.8563,0.9055,129.2487,0.0,-0.2376,129.2487,,,,,,,,,,,,0.0,0.0,0.0,0.0,0
71.7,-2.8563,0.9055,129.2487,0.0,-0.2376,129.2487,,,,,,,,,,,,0.0,0.0,0.0,0.0,0
71.72,-2.8563,0.9055,129.2487,0.0,-0.2376,129.2487,,,,,,,,,,,,0.0,0.0,0.0,0.0,0
71.74,-2.8563,0.9055,129.2487,0.0,-0.2376,129.2487,,,,,,,,,,,,0.0,0.0,0.0,0.0,0
71.76,-2.8603,0.9043,129.2476,0.0,-0.2388,129.2476,,,,,,,,,,,,0.0,0.0,0.0,0.0,0
71.78,-2.8603,0.9043,129.2476,0.0,-0.2388,129.2476,,,,,,,,,,,,0.0,0.0,0.0,0.0,0
71.8,-2.8603,0.9043,129.2476,0.0,-0.2388,129.2476,,,,,,,,,,,,0.0,0.0,0.0,0.0,0
71.82,-2.8603,0.9043,129.2476,0.0,-0.2388,129.2476,,,,,,,,,,,,0.0,0.0,0.0,0.0,0
71.84,-2.8603,0.9043,129.2476,0.0,-0.2388,129.2476,,,,,,,,,,,,0.0,0.0,0.0,0.0,0
71.86,-2.8663,0.9047,129.2445,-0.0,-0.2394,129.2445,,,,,,,,,,,,0.0,0.0,0.0,0.0,0
71.88,-2.8663,0.9047,129.2445,-0.0,-0.2394,129.2445,,,,,,,,,,,,0.0,0.0,0.0,0.0,0
71.9,-2.8663,0.9047,129.2445,-0.0,-0.2394,129.2445,,,,,,,,,,,,0.0,0.0,0.0,0.0,0
71.92,-2.8663,0.9047,129.2445,-0.0,-0.2394,129.2445,,,,,,,,,,,,0.0,0.0,0.0,0.0,0
71.94,-2.8663,0.9047,129.2445,-0.0,-0.2394,129.2445,,,,,,,,,,,,0.0,0.0,0.0,0.0,0
71.96,-2.8734,0.907,129.2367,0.0,-0.2396,129.2367,,,,,,,,,,,,0.0,0.0,0.0,0.0,0
71.98,-2.8734,0.907,129.2367,0.0,-0.2396,129.2367,,,,,,,,,,,,0.0,0.0,0.0,0.0,0
72.0,-2.8734,0.907,129.2367,0.0,-0.2396,129.2367,,,,,,,,,,,,0.0,0.0,0.0,0.0,0
72.02,-2.8734,0.907,129.2367,0.0,-0.2396,129.2367,,,,,,,,,,,,0.0,0.0,0.0,0.0,0
72.04,-2.8734,0.907,129.2367,0.0,-0.2396,129.2367,,,,,,,,,,,,0.0,0.0,0.0,0.0,0
72.06,-2.8762,0.9047,129.2405,-0.0,-0.2505,129.2405,,,,,,,,,,,,0.0,0.0,0.0,0.0,0
72.08,-2.8762,0.9047,129.2405,-0.0,-0.2505,129.2405,,,,,,,,,,,,0.0,0.0,0.0,0.0,0
72.1,-2.8762,0.9047,129.2405,-0.0,-0.2505,129.2405,,,,,,,,,,,,0.0,0.0,0.0,0.0,0
72.12,-2.8762,0.9047,129.2405,-0.0,-0.2505,129.2405,,,,,,,,,,,,0.0,0.0,0.0,0.0,0
72.14,-2.8762,0.9047,129.2405,-0.0,-0.2505,129.2405,,,,,,,,,,,,0.0,0.0,0.0,0.0,0
72.16,-2.8818,0.9076,129.237,-0.0,-0.2454,129.2371,,,,,,,,,,,,0.0,0.0,0.0,0.0,0
72.18,-2.8818,0.9076,129.237,-0.0,-0.2454,129.2371,,,,,,,,,,,,0.0,0.0,0.0,0.0,0
72.2,-2.8818,0.9076,129.237,-0.0,-0.2454,129.2371,,,,,,,,,,,,0.0,0.0,0.0,0.0,0
72.22,-2.8818,0.9076,129.237,-0.0,-0.2454,129.2371,,,,,,,,,,,,0.0,0.0,0.0,0.0,0
72.24,-2.8818,0.9076,129.237,-0.0,-0.2454,129.2371,,,,,,,,,,,,0.0,0.0,0.0,0.0,0
72.26,-2.887,0.9081,129.2375,-0.0,-0.2427,129.2375,,,,,,,,,,,,0.0,0.0,0.0,0.0,0
72.28,-2.887,0.9081,129.2375,-0.0,-0.2427,129.2375,,,,,,,,,,,,0.0,0.0,0.0,0.0,0
72.3,-2.887,0.9081,129.2375,-0.0,-0.2427,129.2375,,,,,,,,,,,,0.0,0.0,0.0,0.0,0
72.32,-2.887,0.9081,129.2375,-0.0,-0.2427,129.2375,,,,,,,,,,,,0.0,0.0,0.0,0.0,0
72.34,-2.887,0.9081,129.2375,-0.0,-0.2427,129.2375,,,,,,,,,,,,0.0,0.0,0.0,0.0,0
72.36,-2.8922,0.9059,129.23,-0.0,-0.1464,129.23,,,,,,,,,,,,0.0,0.0,0.0,0.0,0
72.38,-2.8922,0.9059,129.23,-0.0,-0.1464,129.23,,,,,,,,,,,,0.0,0.0,0.0,0.0,0
72.4,-2.8922,0.9059,129.23,-0.0,-0.1464,129.23,,,,,,,,,,,,0.0,0.0,0.0,0.0,0
72.42,-2.8922,0.9059,129.23,-0.0,-0.1464,129.23,,,,,,,,,,,,0.0,0.0,0.0,0.0,0
72.44,-2.8922,0.9059,129.23,-0.0,-0.1464,129.23,,,,,,,,,,,,0.0,0.0,0.0,0.0,0
72.46,-2.895,0.9004,129.2316,-0.0,-0.0748,129.2316,,,,,,,,,,,,0.0,0.0,0.0,0.0,0
72.48,-2.895,0.9004,129.2316,-0.0,-0.0748,129.2316,,,,,,,,,,,,0.0,0.0,0.0,0.0,0
72.5,-2.895,0.9004,129.2316,-0.0,-0.0748,129.2316,,,,,,,,,,,,0.0,0.0,0.0,0.0,0
72.52,-2.895,0.9004,129.2316,-0.0,-0.0748,129.2316,,,,,,,,,,,,0.0,0.0,0.0,0.0,0
72.54,-2.895,0.9004,129.2316,-0.0,-0.0748,129.2316,,,,,,,,,,,,0.0,0.0,0.0,0.0,0
72.56,-2.9004,0.8976,129.226,-0.0,-0.0382,129.2261,,,,,,,,,,,,0.0,0.0,0.0,0.0,0
72.58,-2.9004,0.8976,129.226,-0.0,-0.0382,129.2261,,,,,,,,,,,,0.0,0.0,0.0,0.0,0
72.6,-2.9004,0.8976,129.226,-0.0,-0.0382,129.2261,,,,,,,,,,,,0.0,0.0,0.0,0.0,0
72.62,-2.9004,0.8976,129.226,-0.0,-0.0382,129.2261,,,,,,,,,,,,0.0,0.0,0.0,0.0,0
72.64,-2.9004,0.8976,129.226,-0.0,-0.0382,129.2261,,,,,,,,,,,,0.0,0.0,0.0,0.0,0
72.66,-2.9055,0.8969,129.2281,-0.0,-0.0195,129.2281,,,,,,,,,,,,0.0,0.0,0.0,0.0,0
72.68,-2.9055,0.8969,129.2281,-0.0,-0.0195,129.2281,,,,,,,,,,,,0.0,0.0,0.0,0.0,0
72.7,-2.9055,0.8969,129.2281,-0.0,-0.0195,129.2281,,,,,,,,,,,,0.0,0.0,0.0,0.0,0
72.72,-2.9055,0.8969,129.2281,-0.0,-0.0195,129.2281,,,,,,,,,,,,0.0,0.0,0.0,0.0,0
72.74,-2.9055,0.8969,129.2281,-0.0,-0.0195,129.2281,,,,,,,,,,,,0.0,0.0,0.0,0.0,0
72.76,-2.9105,0.8945,129.2201,-0.0,-0.0099,129.2201,,,,,,,,,,,,0.0,0.0,0.0,0.0,0
72.78,-2.9105,0.8945,129.2201,-0.0,-0.0099,129.2201,,,,,,,,,,,,0.0,0.0,0.0,0.0,0
72.8,-2.9105,0.8945,129.2201,-0.0,-0.0099,129.2201,,,,,,,,,,,,0.0,0.0,0.0,0.0,0
72.82,-2.9105,0.8945,129.2201,-0.0,-0.0099,129.2201,,,,,,,,,,,,0.0,0.0,0.0,0.0,0
72.84,-2.9105,0.8945,129.2201,-0.0,-0.0099,129.2201,,,,,,,,,,,,0.0,0.0,0.0,0.0,0
72.86,-2.9147,0.8893,129.2224,-0.0,-0.0051,129.2224,,,,,,,,,,,,0.0,0.0,0.0,0.0,0
72.88,-2.9147,0.8893,129.2224,-0.0,-0.0051,129.2224,,,,,,,,,,,,0.0,0.0,0.0,0.0,0
72.9,-2.9147,0.8893,129.2224,-0.0,-0.0051,129.2224,,,,,,,,,,,,0.0,0.0,0.0,0.0,0
72.92,-2.9147,0.8893,129.2224,-0.0,-0.0051,129.2224,,,,,,,,,,,,0.0,0.0,0.0,0.0,0
72.94,-2.9147,0.8893,129.2224,-0.0,-0.0051,129.2224,,,,,,,,,,,,0.0,0.0,0.0,0.0,0
72.96,-2.9225,0.8854,129.2128,-0.0,-0.0026,129.2128,,,,,,,,,,,,0.0,0.0,0.0,0.0,0
72.98,-2.9225,0.8854,129.2128,-0.0,-0.0026,129.2128,,,,,,,,,,,,0.0,0.0,0.0,0.0,0
73.0,-2.9225,0.8854,129.2128,-0.0,-0.0026,129.2128,,,,,,,,,,,,0.0,0.0,0.0,0.0,0
73.02,-2.9225,0.8854,129.2128,-0.0,-0.0026,129.2128,,,,,,,,,,,,0.0,0.0,0.0,0.0,0
73.04,-2.9225,0.8854,129.2128,-0.0,-0.0026,129.2128,,,,,,,,,,,,0.0,0.0,0.0,0.0,0
73.06,-2.9315,0.8849,129.2149,-0.0,-0.0013,129.2149,,,,,,,,,,,,0.0,0.0,0.0,0.0,0
73.08,-2.9315,0.8849,129.2149,-0.0,-0.0013,129.2149,,,,,,,,,,,,0.0,0.0,0.0,0.0,0
73.1,-2.9315,0.8849,129.2149,-0.0,-0.0013,129.2149,,,,,,,,,,,,0.0,0.0,0.0,0.0,0
73.12,-2.9315,0.8849,129.2149,-0.0,-0.0013,129.2149,,,,,,,,,,,,0.0,0.0,0.0,0.0,0
73.14,-2.9315,0.8849,129.2149,-0.0,-0.0013,129.2149,,,,,,,,,,,,0.0,0.0,0.0,0.0,0
73.16,-2.9368,0.8828,129.2101,-0.0,-0.0007,129.2101,,,,,,,,,,,,0.0,0.0,0.0,0.0,0
73.18,-2.9368,0.8828,129.2101,-0.0,-0.0007,129.2101,,,,,,,,,,,,0.0,0.0,0.0,0.0,0
73.2,-2.9368,0.8828,129.2101,-0.0,-0.0007,129.2101,,,,,,,,,,,,0.0,0.0,0.0,0.0,0
73.22,-2.9368,0.8828,129.2101,-0.0,-0.0007,129.2101,,,,,,,,,,,,0.0,0.0,0.0,0.0,0
73.24,-2.9368,0.8828,129.2101,-0.0,-0.0007,129.2101,,,,,,,,,,,,0.0,0.0,0.0,0.0,0
73.26,-2.9429,0.8795,129.2119,0.0,-0.0202,129.2119,,,,,,,,,,,,0.0,0.0,0.0,0.0,0
73.28,-2.9429,0.8795,129.2119,0.0,-0.0202,129.2119,,,,,,,,,,,,0.0,0.0,0.0,0.0,0
73.3,-2.9429,0.8795,129.2119,0.0,-0.0202,129.2119,,,,,,,,,,,,0.0,0.0,0.0,0.0,0
73.32,-2.9429,0.8795,129.2119,0.0,-0.0202,129.2119,,,,,,,,,,,,0.0,0.0,0.0,0.0,0
73.34,-2.9429,0.8795,129.2119,0.0,-0.0202,129.2119,,,,,,,,,,,,0.0,0.0,0.0,0.0,0
73.36,-2.9454,0.8769,129.2066,0.0,-0.0191,129.2066,,,,,,,,,,,,0.0,0.0,0.0,0.0,0
73.38,-2.9454,0.8769,129.2066,0.0,-0.0191,129.2066,,,,,,,,,,,,0.0,0.0,0.0,0.0,0
73.4,-2.9454,0.8769,129.2066,0.0,-0.0191,129.2066,,,,,,,,,,,,0.0,0.0,0.0,0.0,0
73.42,-2.9454,0.8769,129.2066,0.0,-0.0191,129.2066,,,,,,,,,,,,0.0,0.0,0.0,0.0,0
73.44,-2.9454,0.8769,129.2066,0.0,-0.0191,129.2066,,,,,,,,,,,,0.0,0.0,0.0,0.0,0
73.46,-2.9507,0.875,129.2035,0.0,-0.0098,129.2035,,,,,,,,,,,,0.0,0.0,0.0,0.0,0
73.48,-2.9507,0.875,129.2035,0.0,-0.0098,129.2035,,,,,,,,,,,,0.0,0.0,0.0,0.0,0
73.5,-2.9507,0.875,129.2035,0.0,-0.0098,129.2035,,,,,,,,,,,,0.0,0.0,0.0,0.0,0
73.52,-2.9507,0.875,129.2035,0.0,-0.0098,129.2035,,,,,,,,,,,,0.0,0.0,0.0,0.0,0
73.54,-2.9507,0.875,129.2035,0.0,-0.0098,129.2035,,,,,,,,,,,,0.0,0.0,0.0,0.0,0
73.56,-2.9564,0.8719,129.2009,0.0,-0.0184,129.2009,,,,,,,,,,,,0.0,0.0,0.0,0.0,0
73.58,-2.9564,0.8719,129.2009,0.0,-0.0184,129.2009,,,,,,,,,,,,0.0,0.0,0.0,0.0,0
73.6,-2.9564,0.8719,129.2009,0.0,-0.0184,129.2009,,,,,,,,,,,,0.0,0.0,0.0,0.0,0
73.62,-2.9564,0.8719,129.2009,0.0,-0.0184,129.2009,,,,,,,,,,,,0.0,0.0,0.0,0.0,0
73.64,-2.9564,0.8719,129.2009,0.0,-0.0184,129.2009,,,,,,,,,,,,0.0,0.0,0.0,0.0,0
73.66,-2.9601,0.8707,129.203,0.0,-0.0757,129.203,,,,,,,,,,,,0.0,0.0,0.0,0.0,0
73.68,-2.9601,0.8707,129.203,0.0,-0.0757,129.203,,,,,,,,,,,,0.0,0.0,0.0,0.0,0
73.7,-2.9601,0.8707,129.203,0.0,-0.0757,129.203,,,,,,,,,,,,0.0,0.0,0.0,0.0,0
73.72,-2.9601,0.8707,129.203,0.0,-0.0757,129.203,,,,,,,,,,,,0.0,0.0,0.0,0.0,0
73.74,-2.9601,0.8707,129.203,0.0,-0.0757,129.203,,,,,,,,,,,,0.0,0.0,0.0,0.0,0
73.76,-2.9629,0.8683,129.2048,0.0,-0.1561,129.2048,,,,,,,,,,,,0.0,0.0,0.0,0.0,0
73.78,-2.9629,0.8683,129.2048,0.0,-0.1561,129.2048,,,,,,,,,,,,0.0,0.0,0.0,0.0,0
73.8,-2.9629,0.8683,129.2048,0.0,-0.1561,129.2048,,,,,,,,,,,,0.0,0.0,0.0,0.0,0
73.82,-2.9629,0.8683,129.2048,0.0,-0.1561,129.2048,,,,,,,,,,,,0.0,0.0,0.0,0.0,0
73.84,-2.9629,0.8683,129.2048,0.0,-0.1561,129.2048,,,,,,,,,,,,0.0,0.0,0.0,0.0,0
73.86,-2.9692,0.8653,129.2036,0.0,-0.1972,129.2036,,,,,,,,,,,,0.0,0.0,0.0,0.0,0
73.88,-2.9692,0.8653,129.2036,0.0,-0.1972,129.2036,,,,,,,,,,,,0.0,0.0,0.0,0.0,0
73.9,-2.9692,0.8653,129.2036,0.0,-0.1972,129.2036,,,,,,,,,,,,0.0,0.0,0.0,0.0,0
73.92,-2.9692,0.8653,129.2036,0.0,-0.1972,129.2036,,,,,,,,,,,,0.0,0.0,0.0,0.0,0
73.94,-2.9692,0.8653,129.2036,0.0,-0.1972,129.2036,,,,,,,,,,,,0.0,0.0,0.0,0.0,0
73.96,-2.9727,0.862,129.2009,0.0,-0.2181,129.2009,,,,,,,,,,,,0.0,0.0,0.0,0.0,0
73.98,-2.9727,0.862,129.2009,0.0,-0.2181,129.2009,,,,,,,,,,,,0.0,0.0,0.0,0.0,0
74.0,-2.9727,0.862,129.2009,0.0,-0.2181,129.2009,,,,,,,,,,,,0.0,0.0,0.0,0.0,0
74.02,-2.9727,0.862,129.2009,0.0,-0.2181,129.2009,,,,,,,,,,,,0.0,0.0,0.0,0.0,0
74.04,-2.9727,0.862,129.2009,0.0,-0.2181,129.2009,,,,,,,,,,,,0.0,0.0,0.0,0.0,0
74.06,-2.9745,0.8601,129.1938,0.0,-0.2089,129.1938,,,,,,,,,,,,0.0,0.0,0.0,0.0,0
74.08,-2.9745,0.8601,129.1938,0.0,-0.2089,129.1938,,,,,,,,,,,,0.0,0.0,0.0,0.0,0
74.1,-2.9745,0.8601,129.1938,0.0,-0.2089,129.1938,,,,,,,,,,,,0.0,0.0,0.0,0.0,0
74.12,-2.9745,0.8601,129.1938,0.0,-0.2089,129.1938,,,,,,,,,,,,0.0,0.0,0.0,0.0,0
74.14,-2.9745,0.8601,129.1938,0.0,-0.2089,129.1938,,,,,,,,,,,,0.0,0.0,0.0,0.0,0
74.16,-2.9803,0.8585,129.1923,0.0,-0.1259,129.1923,,,,,,,,,,,,0.0,0.0,0.0,0.0,0
74.18,-2.9803,0.8585,129.1923,0.0,-0.1259,129.1923,,,,,,,,,,,,0.0,0.0,0.0,0.0,0
74.2,-2.9803,0.8585,129.1923,0.0,-0.1259,129.1923,,,,,,,,,,,,0.0,0.0,0.0,0.0,0
74.22,-2.9803,0.8585,129.1923,0.0,-0.1259,129.1923,,,,,,,,,,,,0.0,0.0,0.0,0.0,0
74.24,-2.9803,0.8585,129.1923,0.0,-0.1259,129.1923,,,,,,,,,,,,0.0,0.0,0.0,0.0,0
74.26,-2.9869,0.8584,129.1856,0.0,-0.0643,129.1856,,,,,,,,,,,,0.0,0.0,0.0,0.0,0
74.28,-2.9869,0.8584,129.1856,0.0,-0.0643,129.1856,,,,,,,,,,,,0.0,0.0,0.0,0.0,0
74.3,-2.9869,0.8584,129.1856,0.0,-0.0643,129.1856,,,,,,,,,,,,0.0,0.0,0.0,0.0,0
74.32,-2.9869,0.8584,129.1856,0.0,-0.0643,129.1856,,,,,,,,,,,,0.0,0.0,0.0,0.0,0
74.34,-2.9869,0.8584,129.1856,0.0,-0.0643,129.1856,,,,,,,,,,,,0.0,0.0,0.0,0.0,0
74.36,-2.9882,0.8554,129.1855,0.0,-0.0328,129.1855,,,,,,,,,,,,0.0,0.0,0.0,0.0,0
74.38,-2.9882,0.8554,129.1855,0.0,-0.0328,129.1855,,,,,,,,,,,,0.0,0.0,0.0,0.0,0
74.4,-2.9882,0.8554,129.1855,0.0,-0.0328,129.1855,,,,,,,,,,,,0.0,0.0,0.0,0.0,0
74.42,-2.9882,0.8554,129.1855,0.0,-0.0328,129.1855,,,,,,,,,,,,0.0,0.0,0.0,0.0,0
74.44,-2.9882,0.8554,129.1855,0.0,-0.0328,129.1855,,,,,,,,,,,,0.0,0.0,0.0,0.0,0
74.46,-2.9922,0.8527,129.1805,0.0,-0.0168,129.1805,,,,,,,,,,,,0.0,0.0,0.0,0.0,0
74.48,-2.9922,0.8527,129.1805,0.0,-0.0168,129.1805,,,,,,,,,,,,0.0,0.0,0.0,0.0,0
74.5,-2.9922,0.8527,129.1805,0.0,-0.0168,129.1805,,,,,,,,,,,,0.0,0.0,0.0,0.0,0
74.52,-2.9922,0.8527,129.1805,0.0,-0.0168,129.1805,,,,,,,,,,,,0.0,0.0,0.0,0.0,0
74.54,-2.9922,0.8527,129.1805,0.0,-0.0168,129.1805,,,,,,,,,,,,0.0,0.0,0.0,0.0,0
74.56,-2.9925,0.8511,129.1815,0.0,-0.0086,129.1815,,,,,,,,,,,,0.0,0.0,0.0,0.0,0
74.58,-2.9925,0.8511,129.1815,0.0,-0.0086,129.1815,,,,,,,,,,,,0.0,0.0,0.0,0.0,0
74.6,-2.9925,0.8511,129.1815,0.0,-0.0086,129.1815,,,,,,,,,,,,0.0,0.0,0.0,0.0,0
74.62,-2.9925,0.8511,129.1815,0.0,-0.0086,129.1815,,,,,,,,,,,,0.0,0.0,0.0,0.0,0
74.64,-2.9925,0.8511,129.1815,0.0,-0.0086,129.1815,,,,,,,,,,,,0.0,0.0,0.0,0.0,0
74.66,-2.9957,0.8499,129.1781,0.0,-0.0044,129.1781,,,,,,,,,,,,0.0,0.0,0.0,0.0,0
74.68,-2.9957,0.8499,129.1781,0.0,-0.0044,129.1781,,,,,,,,,,,,0.0,0.0,0.0,0.0,0
74.7,-2.9957,0.8499,129.1781,0.0,-0.0044,129.1781,,,,,,,,,,,,0.0,0.0,0.0,0.0,0
74.72,-2.9957,0.8499,129.1781,0.0,-0.0044,129.1781,,,,,,,,,,,,0.0,0.0,0.0,0.0,0
74.74,-2.9957,0.8499,129.1781,0.0,-0.0044,129.1781,,,,,,,,,,,,0.0,0.0,0.0,0.0,0
74.76,-2.9979,0.8505,129.1751,0.0,-0.0022,129.1751,,,,,,,,,,,,0.0,0.0,0.0,0.0,0
74.78,-2.9979,0.8505,129.1751,0.0,-0.0022,129.1751,,,,,,,,,,,,0.0,0.0,0.0,0.0,0
74.8,-2.9979,0.8505,129.1751,0.0,-0.0022,129.1751,,,,,,,,,,,,0.0,0.0,0.0,0.0,0
74.82,-2.9979,0.8505,129.1751,0.0,-0.0022,129.1751,,,,,,,,,,,,0.0,0.0,0.0,0.0,0
74.84,-2.9979,0.8505,129.1751,0.0,-0.0022,129.1751,,,,,,,,,,,,0.0,0.0,0.0,0.0,0
74.86,-3.0008,0.8484,129.1714,0.0,-0.0011,129.1714,,,,,,,,,,,,0.0,0.0,0.0,0.0,0
74.88,-3.0008,0.8484,129.1714,0.0,-0.0011,129.1714,,,,,,,,,,,,0.0,0.0,0.0,0.0,0
74.9,-3.0008,0.8484,129.1714,0.0,-0.0011,129.1714,,,,,,,,,,,,0.0,0.0,0.0,0.0,0
74.92,-3.0008,0.8484,129.1714,0.0,-0.0011,129.1714,,,,,,,,,,,,0.0,0.0,0.0,0.0,0
74.94,-3.0008,0.8484,129.1714,0.0,-0.0011,129.1714,,,,,,,,,,,,0.0,0.0,0.0,0.0,0
74.96,-3.0028,0.8514,129.174,0.0,-0.0006,129.174,,,,,,,,,,,,0.0,0.0,0.0,0.0,0
74.98,-3.0028,0.8514,129.174,0.0,-0.0006,129.174,,,,,,,,,,,,0.0,0.0,0.0,0.0,0
75.0,-3.0028,0.8514,129.174,0.0,-0.0006,129.174,,,,,,,,,,,,0.0,0.0,0.0,0.0,0
75.02,-3.0028,0.8514,129.174,0.0,-0.0006,129.174,,,,,,,,,,,,0.0,0.0,0.0,0.0,0
75.04,-3.0028,0.8514,129.174,0.0,-0.0006,129.174,,,,,,,,,,,,0.0,0.0,0.0,0.0,0
75.06,-3.0058,0.8556,129.1697,0.0,0.0207,129.1697,,,,,,,,,,,,0.0,0.0,0.0,0.0,0
75.08,-3.0058,0.8556,129.1697,0.0,0.0207,129.1697,,,,,,,,,,,,0.0,0.0,0.0,0.0,0
75.1,-3.0058,0.8556,129.1697,0.0,0.0207,129.1697,,,,,,,,,,,,0.0,0.0,0.0,0.0,0
75.12,-3.0058,0.8556,129.1697,0.0,0.0207,129.1697,,,,,,,,,,,,0.0,0.0,0.0,0.0,0
75.14,-3.0058,0.8556,129.1697,0.0,0.0207,129.1697,,,,,,,,,,,,0.0,0.0,0.0,0.0,0
75.16,-3.0049,0.8517,129.1664,0.0,0.1868,129.1664,,,,,,,,,,,,0.0,0.0,0.0,0.0,0
75.18,-3.0049,0.8517,129.1664,0.0,0.1868,129.1664,,,,,,,,,,,,0.0,0.0,0.0,0.0,0
75.2,-3.0049,0.8517,129.1664,0.0,0.1868,129.1664,,,,,,,,,,,,0.0,0.0,0.0,0.0,0
75.22,-3.0049,0.8517,129.1664,0.0,0.1868,129.1664,,,,,,,,,,,,0.0,0.0,0.0,0.0,0
75.24,-3.0049,0.8517,129.1664,0.0,0.1868,129.1664,,,,,,,,,,,,0.0,0.0,0.0,0.0,0
75.26,-3.01,0.8527,129.169,0.0,0.4056,129.169,,,,,,,,,,,,0.0,0.0,0.0,0.0,0
75.28,-3.01,0.8527,129.169,0.0,0.4056,129.169,,,,,,,,,,,,0.0,0.0,0.0,0.0,0
75.3,-3.01,0.8527,129.169,0.0,0.4056,129.169,,,,,,,,,,,,0.0,0.0,0.0,0.0,0
75.32,-3.01,0.8527,129.169,0.0,0.4056,129.169,,,,,,,,,,,,0.0,0.0,0.0,0.0,0
75.34,-3.01,0.8527,129.169,0.0,0.4056,129.169,,,,,,,,,,,,0.0,0.0,0.0,0.0,0
75.36,-3.0115,0.8542,129.1688,0.0,0.8348,129.1688,,,,,,,,,,,,0.0,0.0,0.0,0.0,0
75.38,-3.0115,0.8542,129.1688,0.0,0.8348,129.1688,,,,,,,,,,,,0.0,0.0,0.0,0.0,0
75.4,-3.0115,0.8542,129.1688,0.0,0.8348,129.1688,,,,,,,,,,,,0.0,0.0,0.0,0.0,0
75.42,-3.0115,0.8542,129.1688,0.0,0.8348,129.1688,,,,,,,,,,,,0.0,0.0,0.0,0.0,0
75.44,-3.0115,0.8542,129.1688,0.0,0.8348,129.1688,,,,,,,,,,,,0.0,0.0,0.0,0.0,0
75.46,-3.0176,0.8541,129.1642,0.0,1.6571,129.1642,,,,,,,,,,,,0.0,0.0,0.0,0.0,0
75.48,-3.0176,0.8541,129.1642,0.0,1.6571,129.1642,,,,,,,,,,,,0.0,0.0,0.0,0.0,0
75.5,-3.0176,0.8541,129.1642,0.0,1.6571,129.1642,,,,,,,,,,,,0.0,0.0,0.0,0.0,0
75.52,-3.0176,0.8541,129.1642,0.0,1.6571,129.1642,,,,,,,,,,,,0.0,0.0,0.0,0.0,0
75.54,-3.0176,0.8541,129.1642,0.0,1.6571,129.1642,,,,,,,,,,,,0.0,0.0,0.0,0.0,0
75.56,-3.0194,0.8501,129.1633,-0.0,2.0465,129.1632,,,,,,,,,,,,0.0,0.0,0.0,0.0,0
75.58,-3.0194,0.8501,129.1633,-0.0,2.0465,129.1632,,,,,,,,,,,,0.0,0.0,0.0,0.0,0
75.6,-3.0194,0.8501,129.1633,-0.0,2.0465,129.1632,,,,,,,,,,,,0.0,0.0,0.0,0.0,0
75.62,-3.0194,0.8501,129.1633,-0.0,2.0465,129.1632,,,,,,,,,,,,0.0,0.0,0.0,0.0,0
75.64,-3.0194,0.8501,129.1633,-0.0,2.0465,129.1632,,,,,,,,,,,,0.0,0.0,0.0,0.0,0
75.66,-3.0233,0.8521,129.1591,0.0,1.8093,129.1591,,,,,,,,,,,,0.0,0.0,0.0,0.0,0
75.68,-3.0233,0.8521,129.1591,0.0,1.8093,129.1591,,,,,,,,,,,,0.0,0.0,0.0,0.0,0
75.7,-3.0233,0.8521,129.1591,0.0,1.8093,129.1591,,,,,,,,,,,,0.0,0.0,0.0,0.0,0
75.72,-3.0233,0.8521,129.1591,0.0,1.8093,129.1591,,,,,,,,,,,,0.0,0.0,0.0,0.0,0
75.74,-3.0233,0.8521,129.1591,0.0,1.8093,129.1591,,,,,,,,,,,,0.0,0.0,0.0,0.0,0
75.76,-3.0237,0.8487,129.1548,0.0,1.5016,129.1548,,,,,,,,,,,,0.0,0.0,0.0,0.0,0
75.78,-3.0237,0.8487,129.1548,0.0,1.5016,129.1548,,,,,,,,,,,,0.0,0.0,0.0,0.0,0
75.8,-3.0237,0.8487,129.1548,0.0,1.5016,129.1548,,,,,,,,,,,,0.0,0.0,0.0,0.0,0
75.82,-3.0237,0.8487,129.1548,0.0,1.5016,129.1548,,,,,,,,,,,,0.0,0.0,0.0,0.0,0
75.84,-3.0237,0.8487,129.1548,0.0,1.5016,129.1548,,,,,,,,,,,,0.0,0.0,0.0,0.0,0
75.86,-3.0244,0.8464,129.1539,0.0,1.3617,129.1539,,,,,,,,,,,,0.0,0.0,0.0,0.0,0
75.88,-3.0244,0.8464,129.1539,0.0,1.3617,129.1539,,,,,,,,,,,,0.0,0.0,0.0,0.0,0
75.9,-3.0244,0.8464,129.1539,0.0,1.3617,129.1539,,,,,,,,,,,,0.0,0.0,0.0,0.0,0
75.92,-3.0244,0.8464,129.1539,0.0,1.3617,129.1539,,,,,,,,,,,,0.0,0.0,0.0,0.0,0
75.94,-3.0244,0.8464,129.1539,0.0,1.3617,129.1539,,,,,,,,,,,,0.0,0.0,0.0,0.0,0
75.96,-3.0268,0.8463,129.1481,0.0,1.4557,129.1481,,,,,,,,,,,,0.0,0.0,0.0,0.0,0
75.98,-3.0268,0.8463,129.1481,0.0,1.4557,129.1481,,,,,,,,,,,,0.0,0.0,0.0,0.0,0
76.0,-3.0268,0.8463,129.1481,0.0,1.4557,129.1481,,,,,,,,,,,,0.0,0.0,0.0,0.0,0
76.02,-3.0268,0.8463,129.1481,0.0,1.4557,129.1481,,,,,,,,,,,,0.0,0.0,0.0,0.0,0
76.04,-3.0268,0.8463,129.1481,0.0,1.4557,129.1481,,,,,,,,,,,,0.0,0.0,0.0,0.0,0
76.06,-3.0307,0.8457,129.1485,0.0,1.5813,129.1485,,,,,,,,,,,,0.0,0.0,0.0,0.0,0
76.08,-3.0307,0.8457,129.1485,0.0,1.5813,129.1485,,,,,,,,,,,,0.0,0.0,0.0,0.0,0
76.1,-3.0307,0.8457,129.1485,0.0,1.5813,129.1485,,,,,,,,,,,,0.0,0.0,0.0,0.0,0
76.12,-3.0307,0.8457,129.1485,0.0,1.5813,129.1485,,,,,,,,,,,,0.0,0.0,0.0,0.0,0
76.14,-3.0307,0.8457,129.1485,0.0,1.5813,129.1485,,,,,,,,,,,,0.0,0.0,0.0,0.0,0
76.16,-3.0286,0.8442,129.1449,0.0,1.7762,129.1449,,,,,,,,,,,,0.0,0.0,0.0,0.0,0
76.18,-3.0286,0.8442,129.1449,0.0,1.7762,129.1449,,,,,,,,,,,,0.0,0.0,0.0,0.0,0
76.2,-3.0286,0.8442,129.1449,0.0,1.7762,129.1449,,,,,,,,,,,,0.0,0.0,0.0,0.0,0
76.22,-3.0286,0.8442,129.1449,0.0,1.7762,129.1449,,,,,,,,,,,,0.0,0.0,0.0,0.0,0
76.24,-3.0286,0.8442,129.1449,0.0,1.7762,129.1449,,,,,,,,,,,,0.0,0.0,0.0,0.0,0
76.26,-3.0303,0.8397,129.1462,0.0,2.0164,129.1462,,,,,,,,,,,,0.0,0.0,0.0,0.0,0
76.28,-3.0303,0.8397,129.1462,0.0,2.0164,129.1462,,,,,,,,,,,,0.0,0.0,0.0,0.0,0
76.3,-3.0303,0.8397,129.1462,0.0,2.0164,129.1462,,,,,,,,,,,,0.0,0.0,0.0,0.0,0
76.32,-3.0303,0.8397,129.1462,0.0,2.0164,129.1462,,,,,,,,,,,,0.0,0.0,0.0,0.0,0
76.34,-3.0303,0.8397,129.1462,0.0,2.0164,129.1462,,,,,,,,,,,,0.0,0.0,0.0,0.0,0
76.36,-3.0314,0.8396,129.1429,0.0,2.2884,129.1428,,,,,,,,,,,,0.0,0.0,0.0,0.0,0
76.38,-3.0314,0.8396,129.1429,0.0,2.2884,129.1428,,,,,,,,,,,,0.0,0.0,0.0,0.0,0
76.4,-3.0314,0.8396,129.1429,0.0,2.2884,129.1428,,,,,,,,,,,,0.0,0.0,0.0,0.0,0
76.42,-3.0314,0.8396,129.1429,0.0,2.2884,129.1428,,,,,,,,,,,,0.0,0.0,0.0,0.0,0
76.44,-3.0314,0.8396,129.1429,0.0,2.2884,129.1428,,,,,,,,,,,,0.0,0.0,0.0,0.0,0
76.46,-3.0338,0.8335,129.1442,0.0,2.4783,129.1442,,,,,,,,,,,,0.0,0.0,0.0,0.0,0
76.48,-3.0338,0.8335,129.1442,0.0,2.4783,129.1442,,,,,,,,,,,,0.0,0.0,0.0,0.0,0
76.5,-3.0338,0.8335,129.1442,0.0,2.4783,129.1442,,,,,,,,,,,,0.0,0.0,0.0,0.0,0
76.52,-3.0338,0.8335,129.1442,0.0,2.4783,129.1442,,,,,,,,,,,,0.0,0.0,0.0,0.0,0
76.54,-3.0338,0.8335,129.1442,0.0,2.4783,129.1442,,,,,,,,,,,,0.0,0.0,0.0,0.0,0
76.56,-3.0352,0.8329,129.1421,0.0,3.1978,129.1421,,,,,,,,,,,,0.0,0.0,0.0,0.0,0
76.58,-3.0352,0.8329,129.1421,0.0,3.1978,129.1421,,,,,,,,,,,,0.0,0.0,0.0,0.0,0
76.6,-3.0352,0.8329,129.1421,0.0,3.1978,129.1421,,,,,,,,,,,,0.0,0.0,0.0,0.0,0
76.62,-3.0352,0.8329,129.1421,0.0,3.1978,129.1421,,,,,,,,,,,,0.0,0.0,0.0,0.0,0
76.64,-3.0352,0.8329,129.1421,0.0,3.1978,129.1421,,,,,,,,,,,,0.0,0.0,0.0,0.0,0
76.66,-3.0356,0.8299,129.1361,0.0,3.8592,129.136,,,,,,,,,,,,0.0,0.0,0.0,0.0,0
76.68,-3.0356,0.8299,129.1361,0.0,3.8592,129.136,,,,,,,,,,,,0.0,0.0,0.0,0.0,0
76.7,-3.0356,0.8299,129.1361,0.0,3.8592,129.136,,,,,,,,,,,,0.0,0.0,0.0,0.0,0
76.72,-3.0356,0.8299,129.1361,0.0,3.8592,129.136,,,,,,,,,,,,0.0,0.0,0.0,0.0,0
76.74,-3.0356,0.8299,129.1361,0.0,3.8592,129.136,,,,,,,,,,,,0.0,0.0,0.0,0.0,0
76.76,-3.0348,0.8285,129.1342,0.0,3.6809,129.1342,,,,,,,,,,,,0.0,0.0,0.0,0.0,0
76.78,-3.0348,0.8285,129.1342,0.0,3.6809,129.1342,,,,,,,,,,,,0.0,0.0,0.0,0.0,0
76.8,-3.0348,0.8285,129.1342,0.0,3.6809,129.1342,,,,,,,,,,,,0.0,0.0,0.0,0.0,0
76.82,-3.0348,0.8285,129.1342,0.0,3.6809,129.1342,,,,,,,,,,,,0.0,0.0,0.0,0.0,0
76.84,-3.0348,0.8285,129.1342,0.0,3.6809,129.1342,,,,,,,,,,,,0.0,0.0,0.0,0.0,0
76.86,-3.0337,0.827,129.1368,0.0,3.4724,129.1368,,,,,,,,,,,,0.0,0.0,0.0,0.0,0
76.88,-3.0337,0.827,129.1368,0.0,3.4724,129.1368,,,,,,,,,,,,0.0,0.0,0.0,0.0,0
76.9,-3.0337,0.827,129.1368,0.0,3.4724,129.1368,,,,,,,,,,,,0.0,0.0,0.0,0.0,0
76.92,-3.0337,0.827,129.1368,0.0,3.4724,129.1368,,,,,,,,,,,,0.0,0.0,0.0,0.0,0
76.94,-3.0337,0.827,129.1368,0.0,3.4724,129.1368,,,,,,,,,,,,0.0,0.0,0.0,0.0,0
76.96,-3.0341,0.827,129.1373,0.0,3.3226,129.1373,,,,,,,,,,,,0.0,0.0,0.0,0.0,0
76.98,-3.0341,0.827,129.1373,0.0,3.3226,129.1373,,,,,,,,,,,,0.0,0.0,0.0,0.0,0
77.0,-3.0341,0.827,129.1373,0.0,3.3226,129.1373,,,,,,,,,,,,0.0,0.0,0.0,0.0,0
77.02,-3.0341,0.827,129.1373,0.0,3.3226,129.1373,,,,,,,,,,,,0.0,0.0,0.0,0.0,0
77.04,-3.0341,0.827,129.1373,0.0,3.3226,129.1373,,,,,,,,,,,,0.0,0.0,0.0,0.0,0
77.06,-3.0347,0.827,129.134,0.0,3.2768,129.134,,,,,,,,,,,,0.0,0.0,0.0,0.0,0
77.08,-3.0347,0.827,129.134,0.0,3.2768,129.134,,,,,,,,,,,,0.0,0.0,0.0,0.0,0
77.1,-3.0347,0.827,129.134,0.0,3.2768,129.134,,,,,,,,,,,,0.0,0.0,0.0,0.0,0
77.12,-3.0347,0.827,129.134,0.0,3.2768,129.134,,,,,,,,,,,,0.0,0.0,0.0,0.0,0
77.14,-3.0347,0.827,129.134,0.0,3.2768,129.134,,,,,,,,,,,,0.0,0.0,0.0,0.0,0
77.16,-3.0383,0.8289,129.1352,0.0,3.2935,129.1352,,,,,,,,,,,,0.0,0.0,0.0,0.0,0
77.18,-3.0383,0.8289,129.1352,0.0,3.2935,129.1352,,,,,,,,,,,,0.0,0.0,0.0,0.0,0
77.2,-3.0383,0.8289,129.1352,0.0,3.2935,129.1352,,,,,,,,,,,,0.0,0.0,0.0,0.0,0
77.22,-3.0383,0.8289,129.1352,0.0,3.2935,129.1352,,,,,,,,,,,,0.0,0.0,0.0,0.0,0
77.24,-3.0383,0.8289,129.1352,0.0,3.2935,129.1352,,,,,,,,,,,,0.0,0.0,0.0,0.0,0
77.26,-3.0395,0.8272,129.1355,0.0,3.326,129.1355,,,,,,,,,,,,0.0,0.0,0.0,0.0,0
77.28,-3.0395,0.8272,129.1355,0.0,3.326,129.1355,,,,,,,,,,,,0.0,0.0,0.0,0.0,0
77.3,-3.0395,0.8272,129.1355,0.0,3.326,129.1355,,,,,,,,,,,,0.0,0.0,0.0,0.0,0
77.32,-3.0395,0.8272,129.1355,0.0,3.326,129.1355,,,,,,,,,,,,0.0,0.0,0.0,0.0,0
77.34,-3.0395,0.8272,129.1355,0.0,3.326,129.1355,,,,,,,,,,,,0.0,0.0,0.0,0.0,0
77.36,-3.0398,0.8276,129.1368,0.0,3.3519,129.1368,,,,,,,,,,,,0.0,0.0,0.0,0.0,0
77.38,-3.0398,0.8276,129.1368,0.0,3.3519,129.1368,,,,,,,,,,,,0.0,0.0,0.0,0.0,0
77.4,-3.0398,0.8276,129.1368,0.0,3.3519,129.1368,,,,,,,,,,,,0.0,0.0,0.0,0.0,0
77.42,-3.0398,0.8276,129.1368,0.0,3.3519,129.1368,,,,,,,,,,,,0.0,0.0,0.0,0.0,0
77.44,-3.0398,0.8276,129.1368,0.0,3.3519,129.1368,,,,,,,,,,,,0.0,0.0,0.0,0.0,0
77.46,-3.041,0.8321,129.1332,0.0,3.375,129.1332,,,,,,,,,,,,0.0,0.0,0.0,0.0,0
77.48,-3.041,0.8321,129.1332,0.0,3.375,129.1332,,,,,,,,,,,,0.0,0.0,0.0,0.0,0
77.5,-3.041,0.8321,129.1332,0.0,3.375,129.1332,,,,,,,,,,,,0.0,0.0,0.0,0.0,0
77.52,-3.041,0.8321,129.1332,0.0,3.375,129.1332,,,,,,,,,,,,0.0,0.0,0.0,0.0,0
77.54,-3.041,0.8321,129.1332,0.0,3.375,129.1332,,,,,,,,,,,,0.0,0.0,0.0,0.0,0
77.56,-3.0431,0.8388,129.133,0.0,3.4915,129.133,,,,,,,,,,,,0.0,0.0,0.0,0.0,0
77.58,-3.0431,0.8388,129.133,0.0,3.4915,129.133,,,,,,,,,,,,0.0,0.0,0.0,0.0,0
77.6,-3.0431,0.8388,129.133,0.0,3.4915,129.133,,,,,,,,,,,,0.0,0.0,0.0,0.0,0
77.62,-3.0431,0.8388,129.133,0.0,3.4915,129.133,,,,,,,,,,,,0.0,0.0,0.0,0.0,0
77.64,-3.0431,0.8388,129.133,0.0,3.4915,129.133,,,,,,,,,,,,0.0,0.0,0.0,0.0,0
77.66,-3.0456,0.8415,129.1283,0.0,3.6254,129.1283,,,,,,,,,,,,0.0,0.0,0.0,0.0,0
77.68,-3.0456,0.8415,129.1283,0.0,3.6254,129.1283,,,,,,,,,,,,0.0,0.0,0.0,0.0,0
77.7,-3.0456,0.8415,129.1283,0.0,3.6254,129.1283,,,,,,,,,,,,0.0,0.0,0.0,0.0,0
77.72,-3.0456,0.8415,129.1283,0.0,3.6254,129.1283,,,,,,,,,,,,0.0,0.0,0.0,0.0,0
77.74,-3.0456,0.8415,129.1283,0.0,3.6254,129.1283,,,,,,,,,,,,0.0,0.0,0.0,0.0,0
77.76,-3.0432,0.8484,129.1305,0.0,3.7887,129.1305,,,,,,,,,,,,0.0,0.0,0.0,0.0,0
77.78,-3.0432,0.8484,129.1305,0.0,3.7887,129.1305,,,,,,,,,,,,0.0,0.0,0.0,0.0,0
77.8,-3.0432,0.8484,129.1305,0.0,3.7887,129.1305,,,,,,,,,,,,0.0,0.0,0.0,0.0,0
77.82,-3.0432,0.8484,129.1305,0.0,3.7887,129.1305,,,,,,,,,,,,0.0,0.0,0.0,0.0,0
77.84,-3.0432,0.8484,129.1305,0.0,3.7887,129.1305,,,,,,,,,,,,0.0,0.0,0.0,0.0,0
77.86,-3.0432,0.856,129.1279,0.0,3.9055,129.1279,,,,,,,,,,,,0.0,0.0,0.0,0.0,0
77.88,-3.0432,0.856,129.1279,0.0,3.9055,129.1279,,,,,,,,,,,,0.0,0.0,0.0,0.0,0
77.9,-3.0432,0.856,129.1279,0.0,3.9055,129.1279,,,,,,,,,,,,0.0,0.0,0.0,0.0,0
77.92,-3.0432,0.856,129.1279,0.0,3.9055,129.1279,,,,,,,,,,,,0.0,0.0,0.0,0.0,0
77.94,-3.0432,0.856,129.1279,0.0,3.9055,129.1279,,,,,,,,,,,,0.0,0.0,0.0,0.0,0
77.96,-3.0449,0.8599,129.1249,0.0,4.0907,129.1249,,,,,,,,,,,,0.0,0.0,0.0,0.0,0
77.98,-3.0449,0.8599,129.1249,0.0,4.0907,129.1249,,,,,,,,,,,,0.0,0.0,0.0,0.0,0
78.0,-3.0449,0.8599,129.1249,0.0,4.0907,129.1249,,,,,,,,,,,,0.0,0.0,0.0,0.0,0
78.02,-3.0449,0.8599,129.1249,0.0,4.0907,129.1249,,,,,,,,,,,,0.0,0.0,0.0,0.0,0
78.04,-3.0449,0.8599,129.1249,0.0,4.0907,129.1249,,,,,,,,,,,,0.0,0.0,0.0,0.0,0
78.06,-3.045,0.8631,129.1242,0.0,4.2915,129.1242,,,,,,,,,,,,0.0,0.0,0.0,0.0,0
78.08,-3.045,0.8631,129.1242,0.0,4.2915,129.1242,,,,,,,,,,,,0.0,0.0,0.0,0.0,0
78.1,-3.045,0.8631,129.1242,0.0,4.2915,129.1242,,,,,,,,,,,,0.0,0.0,0.0,0.0,0
78.12,-3.045,0.8631,129.1242,0.0,4.2915,129.1242,,,,,,,,,,,,0.0,0.0,0.0,0.0,0
78.14,-3.045,0.8631,129.1242,0.0,4.2915,129.1242,,,,,,,,,,,,0.0,0.0,0.0,0.0,0
78.16,-3.0436,0.8657,129.1212,0.0,5.2957,129.1212,,,,,,,,,,,,0.0,0.0,0.0,0.0,0
78.18,-3.0436,0.8657,129.1212,0.0,5.2957,129.1212,,,,,,,,,,,,0.0,0.0,0.0,0.0,0
78.2,-3.0436,0.8657,129.1212,0.0,5.2957,129.1212,,,,,,,,,,,,0.0,0.0,0.0,0.0,0
78.22,-3.0436,0.8657,129.1212,0.0,5.2957,129.1212,,,,,,,,,,,,0.0,0.0,0.0,0.0,0
78.24,-3.0436,0.8657,129.1212,0.0,5.2957,129.1212,,,,,,,,,,,,0.0,0.0,0.0,0.0,0
78.26,-3.0439,0.8729,129.1199,0.0,6.5335,129.1199,,,,,,,,,,,,0.0,0.0,0.0,0.0,0
78.28,-3.0439,0.8729,129.1199,0.0,6.5335,129.1199,,,,,,,,,,,,0.0,0.0,0.0,0.0,0
78.3,-3.0439,0.8729,129.1199,0.0,6.5335,129.1199,,,,,,,,,,,,0.0,0.0,0.0,0.0,0
78.32,-3.0439,0.8729,129.1199,0.0,6.5335,129.1199,,,,,,,,,,,,0.0,0.0,0.0,0.0,0
78.34,-3.0439,0.8729,129.1199,0.0,6.5335,129.1199,,,,,,,,,,,,0.0,0.0,0.0,0.0,0
78.36,-3.0408,0.8754,129.1162,0.0,7.5555,129.1162,,,,,,,,,,,,0.0,0.0,0.0,0.0,0
78.38,-3.0408,0.8754,129.1162,0.0,7.5555,129.1162,,,,,,,,,,,,0.0,0.0,0.0,0.0,0
78.4,-3.0408,0.8754,129.1162,0.0,7.5555,129.1162,,,,,,,,,,,,0.0,0.0,0.0,0.0,0
78.42,-3.0408,0.8754,129.1162,0.0,7.5555,129.1162,,,,,,,,,,,,0.0,0.0,0.0,0.0,0
78.44,-3.0408,0.8754,129.1162,0.0,7.5555,129.1162,,,,,,,,,,,,0.0,0.0,0.0,0.0,0
78.46,-3.0426,0.8779,129.1106,0.0,8.9701,129.1106,,,,,,,,,,,,0.0,0.0,0.0,0.0,0
78.48,-3.0426,0.8779,129.1106,0.0,8.9701,129.1106,,,,,,,,,,,,0.0,0.0,0.0,0.0,0
78.5,-3.0426,0.8779,129.1106,0.0,8.9701,129.1106,,,,,,,,,,,,0.0,0.0,0.0,0.0,0
78.52,-3.0426,0.8779,129.1106,0.0,8.9701,129.1106,,,,,,,,,,,,0.0,0.0,0.0,0.0,0
78.54,-3.0426,0.8779,129.1106,0.0,8.9701,129.1106,,,,,,,,,,,,0.0,0.0,0.0,0.0,0
78.56,-3.0396,0.8827,129.1093,0.0,10.1313,129.1093,,,,,,,,,,,,0.0,0.0,0.0,0.0,0
78.58,-3.0396,0.8827,129.1093,0.0,10.1313,129.1093,,,,,,,,,,,,0.0,0.0,0.0,0.0,0
78.6,-3.0396,0.8827,129.1093,0.0,10.1313,129.1093,,,,,,,,,,,,0.0,0.0,0.0,0.0,0
78.62,-3.0396,0.8827,129.1093,0.0,10.1313,129.1093,,,,,,,,,,,,0.0,0.0,0.0,0.0,0
78.64,-3.0396,0.8827,129.1093,0.0,10.1313,129.1093,,,,,,,,,,,,0.0,0.0,0.0,0.0,0
78.66,-3.041,0.8909,129.1108,0.0,10.7909,129.1108,,,,,,,,,,,,0.0,0.0,0.0,0.0,0
78.68,-3.041,0.8909,129.1108,0.0,10.7909,129.1108,,,,,,,,,,,,0.0,0.0,0.0,0.0,0
78.7,-3.041,0.8909,129.1108,0.0,10.7909,129.1108,,,,,,,,,,,,0.0,0.0,0.0,0.0,0
78.72,-3.041,0.8909,129.1108,0.0,10.7909,129.1108,,,,,,,,,,,,0.0,0.0,0.0,0.0,0
78.74,-3.041,0.8909,129.1108,0.0,10.7909,129.1108,,,,,,,,,,,,0.0,0.0,0.0,0.0,0
78.76,-3.039,0.8914,129.1106,0.0,10.0673,129.1106,,,,,,,,,,,,0.0,0.0,0.0,0.0,0
78.78,-3.039,0.8914,129.1106,0.0,10.0673,129.1106,,,,,,,,,,,,0.0,0.0,0.0,0.0,0
78.8,-3.039,0.8914,129.1106,0.0,10.0673,129.1106,,,,,,,,,,,,0.0,0.0,0.0,0.0,0
78.82,-3.039,0.8914,129.1106,0.0,10.0673,129.1106,,,,,,,,,,,,0.0,0.0,0.0,0.0,0
78.84,-3.039,0.8914,129.1106,0.0,10.0673,129.1106,,,,,,,,,,,,0.0,0.0,0.0,0.0,0
78.86,-3.0428,0.8934,129.1083,0.0,5.7412,129.1083,,,,,,,,,,,,0.0,0.0,0.0,0.0,0
78.88,-3.0428,0.8934,129.1083,0.0,5.7412,129.1083,,,,,,,,,,,,0.0,0.0,0.0,0.0,0
78.9,-3.0428,0.8934,129.1083,0.0,5.7412,129.1083,,,,,,,,,,,,0.0,0.0,0.0,0.0,0
78.92,-3.0428,0.8934,129.1083,0.0,5.7412,129.1083,,,,,,,,,,,,0.0,0.0,0.0,0.0,0
78.94,-3.0428,0.8934,129.1083,0.0,5.7412,129.1083,,,,,,,,,,,,0.0,0.0,0.0,0.0,0
78.96,-3.043,0.8961,129.1071,0.0,2.7882,129.1071,,,,,,,,,,,,0.0,0.0,0.0,0.0,0
78.98,-3.043,0.8961,129.1071,0.0,2.7882,129.1071,,,,,,,,,,,,0.0,0.0,0.0,0.0,0
79.0,-3.043,0.8961,129.1071,0.0,2.7882,129.1071,,,,,,,,,,,,0.0,0.0,0.0,0.0,0
79.02,-3.043,0.8961,129.1071,0.0,2.7882,129.1071,,,,,,,,,,,,0.0,0.0,0.0,0.0,0
79.04,-3.043,0.8961,129.1071,0.0,2.7882,129.1071,,,,,,,,,,,,0.0,0.0,0.0,0.0,0
79.06,-3.0407,0.8997,129.1068,0.0,1.306,129.1068,,,,,,,,,,,,0.0,0.0,0.0,0.0,0
79.08,-3.0407,0.8997,129.1068,0.0,1.306,129.1068,,,,,,,,,,,,0.0,0.0,0.0,0.0,0
79.1,-3.0407,0.8997,129.1068,0.0,1.306,129.1068,,,,,,,,,,,,0.0,0.0,0.0,0.0,0
79.12,-3.0407,0.8997,129.1068,0.0,1.306,129.1068,,,,,,,,,,,,0.0,0.0,0.0,0.0,0
79.14,-3.0407,0.8997,129.1068,0.0,1.306,129.1068,,,,,,,,,,,,0.0,0.0,0.0,0.0,0
79.16,-3.0366,0.9052,129.1017,0.0,0.5493,129.1017,,,,,,,,,,,,0.0,0.0,0.0,0.0,0
79.18,-3.0366,0.9052,129.1017,0.0,0.5493,129.1017,,,,,,,,,,,,0.0,0.0,0.0,0.0,0
79.2,-3.0366,0.9052,129.1017,0.0,0.5493,129.1017,,,,,,,,,,,,0.0,0.0,0.0,0.0,0
79.22,-3.0366,0.9052,129.1017,0.0,0.5493,129.1017,,,,,,,,,,,,0.0,0.0,0.0,0.0,0
79.24,-3.0366,0.9052,129.1017,0.0,0.5493,129.1017,,,,,,,,,,,,0.0,0.0,0.0,0.0,0
79.26,-3.0396,0.9068,129.1023,0.0,0.163,129.1023,,,,,,,,,,,,0.0,0.0,0.0,0.0,0
79.28,-3.0396,0.9068,129.1023,0.0,0.163,129.1023,,,,,,,,,,,,0.0,0.0,0.0,0.0,0
79.3,-3.0396,0.9068,129.1023,0.0,0.163,129.1023,,,,,,,,,,,,0.0,0.0,0.0,0.0,0
79.32,-3.0396,0.9068,129.1023,0.0,0.163,129.1023,,,,,,,,,,,,0.0,0.0,0.0,0.0,0
79.34,-3.0396,0.9068,129.1023,0.0,0.163,129.1023,,,,,,,,,,,,0.0,0.0,0.0,0.0,0
79.36,-3.0433,0.9092,129.0986,0.0,-0.0343,129.0986,,,,,,,,,,,,0.0,0.0,0.0,0.0,0
79.38,-3.0433,0.9092,129.0986,0.0,-0.0343,129.0986,,,,,,,,,,,,0.0,0.0,0.0,0.0,0
79.4,-3.0433,0.9092,129.0986,0.0,-0.0343,129.0986,,,,,,,,,,,,0.0,0.0,0.0,0.0,0
79.42,-3.0433,0.9092,129.0986,0.0,-0.0343,129.0986,,,,,,,,,,,,0.0,0.0,0.0,0.0,0
79.44,-3.0433,0.9092,129.0986,0.0,-0.0343,129.0986,,,,,,,,,,,,0.0,0.0,0.0,0.0,0
79.46,-3.0445,0.9115,129.0959,0.0,-0.135,129.0959,,,,,,,,,,,,0.0,0.0,0.0,0.0,0
79.48,-3.0445,0.9115,129.0959,0.0,-0.135,129.0959,,,,,,,,,,,,0.0,0.0,0.0,0.0,0
79.5,-3.0445,0.9115,129.0959,0.0,-0.135,129.0959,,,,,,,,,,,,0.0,0.0,0.0,0.0,0
79.52,-3.0445,0.9115,129.0959,0.0,-0.135,129.0959,,,,,,,,,,,,0.0,0.0,0.0,0.0,0
79.54,-3.0445,0.9115,129.0959,0.0,-0.135,129.0959,,,,,,,,,,,,0.0,0.0,0.0,0.0,0
79.56,-3.0408,0.9159,129.0928,0.0,-0.1864,129.0928,,,,,,,,,,,,0.0,0.0,0.0,0.0,0
79.58,-3.0408,0.9159,129.0928,0.0,-0.1864,129.0928,,,,,,,,,,,,0.0,0.0,0.0,0.0,0
79.6,-3.0408,0.9159,129.0928,0.0,-0.1864,129.0928,,,,,,,,,,,,0.0,0.0,0.0,0.0,0
79.62,-3.0408,0.9159,129.0928,0.0,-0.1864,129.0928,,,,,,,,,,,,0.0,0.0,0.0,0.0,0
79.64,-3.0408,0.9159,129.0928,0.0,-0.1864,129.0928,,,,,,,,,,,,0.0,0.0,0.0,0.0,0
79.66,-3.0387,0.9135,129.0945,0.0,-0.2126,129.0945,,,,,,,,,,,,0.0,0.0,0.0,0.0,0
79.68,-3.0387,0.9135,129.0945,0.0,-0.2126,129.0945,,,,,,,,,,,,0.0,0.0,0.0,0.0,0
79.7,-3.0387,0.9135,129.0945,0.0,-0.2126,129.0945,,,,,,,,,,,,0.0,0.0,0.0,0.0,0
79.72,-3.0387,0.9135,129.0945,0.0,-0.2126,129.0945,,,,,,,,,,,,0.0,0.0,0.0,0.0,0
79.74,-3.0387,0.9135,129.0945,0.0,-0.2126,129.0945,,,,,,,,,,,,0.0,0.0,0.0,0.0,0
79.76,-3.0343,0.9175,129.0906,0.0,-0.226,129.0906,,,,,,,,,,,,0.0,0.0,0.0,0.0,0
79.78,-3.0343,0.9175,129.0906,0.0,-0.226,129.0906,,,,,,,,,,,,0.0,0.0,0.0,0.0,0
79.8,-3.0343,0.9175,129.0906,0.0,-0.226,129.0906,,,,,,,,,,,,0.0,0.0,0.0,0.0,0
79.82,-3.0343,0.9175,129.0906,0.0,-0.226,129.0906,,,,,,,,,,,,0.0,0.0,0.0,0.0,0
79.84,-3.0343,0.9175,129.0906,0.0,-0.226,129.0906,,,,,,,,,,,,0.0,0.0,0.0,0.0,0
79.86,-3.0326,0.9191,129.0877,0.0,-0.2329,129.0877,,,,,,,,,,,,0.0,0.0,0.0,0.0,0
79.88,-3.0326,0.9191,129.0877,0.0,-0.2329,129.0877,,,,,,,,,,,,0.0,0.0,0.0,0.0,0
79.9,-3.0326,0.9191,129.0877,0.0,-0.2329,129.0877,,,,,,,,,,,,0.0,0.0,0.0,0.0,0
79.92,-3.0326,0.9191,129.0877,0.0,-0.2329,129.0877,,,,,,,,,,,,0.0,0.0,0.0,0.0,0
79.94,-3.0326,0.9191,129.0877,0.0,-0.2329,129.0877,,,,,,,,,,,,0.0,0.0,0.0,0.0,0
79.96,-3.0313,0.9221,129.0857,0.0,-0.2364,129.0857,,,,,,,,,,,,0.0,0.0,0.0,0.0,0
79.98,-3.0313,0.9221,129.0857,0.0,-0.2364,129.0857,,,,,,,,,,,,0.0,0.0,0.0,0.0,0
80.0,-3.0313,0.9221,129.0857,0.0,-0.2364,129.0857,,,,,,,,,,,,0.0,0.0,0.0,0.0,0
80.02,-3.0313,0.9221,129.0857,0.0,-0.2364,129.0857,,,,,,,,,,,,0.0,0.0,0.0,0.0,0
80.04,-3.0313,0.9221,129.0857,0.0,-0.2364,129.0857,,,,,,,,,,,,0.0,0.0,0.0,0.0,0
80.06,-3.027,0.9229,129.0842,0.0,-0.2381,129.0842,,,,,,,,,,,,0.0,0.0,0.0,0.0,0
80.08,-3.027,0.9229,129.0842,0.0,-0.2381,129.0842,,,,,,,,,,,,0.0,0.0,0.0,0.0,0
80.1,-3.027,0.9229,129.0842,0.0,-0.2381,129.0842,,,,,,,,,,,,0.0,0.0,0.0,0.0,0
80.12,-3.027,0.9229,129.0842,0.0,-0.2381,129.0842,,,,,,,,,,,,0.0,0.0,0.0,0.0,0
80.14,-3.027,0.9229,129.0842,0.0,-0.2381,129.0842,,,,,,,,,,,,0.0,0.0,0.0,0.0,0
80.16,-3.0258,0.9244,129.0822,0.0,-0.2391,129.0822,,,,,,,,,,,,0.0,0.0,0.0,0.0,0
80.18,-3.0258,0.9244,129.0822,0.0,-0.2391,129.0822,,,,,,,,,,,,0.0,0.0,0.0,0.0,0
80.2,-3.0258,0.9244,129.0822,0.0,-0.2391,129.0822,,,,,,,,,,,,0.0,0.0,0.0,0.0,0
80.22,-3.0258,0.9244,129.0822,0.0,-0.2391,129.0822,,,,,,,,,,,,0.0,0.0,0.0,0.0,0
80.24,-3.0258,0.9244,129.0822,0.0,-0.2391,129.0822,,,,,,,,,,,,0.0,0.0,0.0,0.0,0
80.26,-3.0253,0.9322,129.076,0.0,-0.2665,129.076,,,,,,,,,,,,0.0,0.0,0.0,0.0,0
80.28,-3.0253,0.9322,129.076,0.0,-0.2665,129.076,,,,,,,,,,,,0.0,0.0,0.0,0.0,0
80.3,-3.0253,0.9322,129.076,0.0,-0.2665,129.076,,,,,,,,,,,,0.0,0.0,0.0,0.0,0
80.32,-3.0253,0.9322,129.076,0.0,-0.2665,129.076,,,,,,,,,,,,0.0,0.0,0.0,0.0,0
80.34,-3.0253,0.9322,129.076,0.0,-0.2665,129.076,,,,,,,,,,,,0.0,0.0,0.0,0.0,0
80.36,-3.0258,0.936,129.0762,0.0,-0.3626,129.0762,,,,,,,,,,,,0.0,0.0,0.0,0.0,0
80.38,-3.0258,0.936,129.0762,0.0,-0.3626,129.0762,,,,,,,,,,,,0.0,0.0,0.0,0.0,0
80.4,-3.0258,0.936,129.0762,0.0,-0.3626,129.0762,,,,,,,,,,,,0.0,0.0,0.0,0.0,0
80.42,-3.0258,0.936,129.0762,0.0,-0.3626,129.0762,,,,,,,,,,,,0.0,0.0,0.0,0.0,0
80.44,-3.0258,0.936,129.0762,0.0,-0.3626,129.0762,,,,,,,,,,,,0.0,0.0,0.0,0.0,0
80.46,-3.0248,0.9418,129.0742,0.0,-0.3558,129.0742,,,,,,,,,,,,0.0,0.0,0.0,0.0,0
80.48,-3.0248,0.9418,129.0742,0.0,-0.3558,129.0742,,,,,,,,,,,,0.0,0.0,0.0,0.0,0
80.5,-3.0248,0.9418,129.0742,0.0,-0.3558,129.0742,,,,,,,,,,,,0.0,0.0,0.0,0.0,0
80.52,-3.0248,0.9418,129.0742,0.0,-0.3558,129.0742,,,,,,,,,,,,0.0,0.0,0.0,0.0,0
80.54,-3.0248,0.9418,129.0742,0.0,-0.3558,129.0742,,,,,,,,,,,,0.0,0.0,0.0,0.0,0
80.56,-3.0189,0.9453,129.0734,0.0,-0.4426,129.0734,,,,,,,,,,,,0.0,0.0,0.0,0.0,0
80.58,-3.0189,0.9453,129.0734,0.0,-0.4426,129.0734,,,,,,,,,,,,0.0,0.0,0.0,0.0,0
80.6,-3.0189,0.9453,129.0734,0.0,-0.4426,129.0734,,,,,,,,,,,,0.0,0.0,0.0,0.0,0
80.62,-3.0189,0.9453,129.0734,0.0,-0.4426,129.0734,,,,,,,,,,,,0.0,0.0,0.0,0.0,0
80.64,-3.0189,0.9453,129.0734,0.0,-0.4426,129.0734,,,,,,,,,,,,0.0,0.0,0.0,0.0,0
80.66,-3.0189,0.949,129.0719,0.0,-0.4184,129.0719,,,,,,,,,,,,0.0,0.0,0.0,0.0,0
80.68,-3.0189,0.949,129.0719,0.0,-0.4184,129.0719,,,,,,,,,,,,0.0,0.0,0.0,0.0,0
80.7,-3.0189,0.949,129.0719,0.0,-0.4184,129.0719,,,,,,,,,,,,0.0,0.0,0.0,0.0,0
80.72,-3.0189,0.949,129.0719,0.0,-0.4184,129.0719,,,,,,,,,,,,0.0,0.0,0.0,0.0,0
80.74,-3.0189,0.949,129.0719,0.0,-0.4184,129.0719,,,,,,,,,,,,0.0,0.0,0.0,0.0,0
80.76,-3.0161,0.9496,129.0707,0.0,-0.3252,129.0706,,,,,,,,,,,,0.0,0.0,0.0,0.0,0
80.78,-3.0161,0.9496,129.0707,0.0,-0.3252,129.0706,,,,,,,,,,,,0.0,0.0,0.0,0.0,0
80.8,-3.0161,0.9496,129.0707,0.0,-0.3252,129.0706,,,,,,,,,,,,0.0,0.0,0.0,0.0,0
80.82,-3.0161,0.9496,129.0707,0.0,-0.3252,129.0706,,,,,,,,,,,,0.0,0.0,0.0,0.0,0
80.84,-3.0161,0.9496,129.0707,0.0,-0.3252,129.0706,,,,,,,,,,,,0.0,0.0,0.0,0.0,0
80.86,-3.01,0.9489,129.0637,0.0,-0.1698,129.0637,,,,,,,,,,,,0.0,0.0,0.0,0.0,0
80.88,-3.01,0.9489,129.0637,0.0,-0.1698,129.0637,,,,,,,,,,,,0.0,0.0,0.0,0.0,0
80.9,-3.01,0.9489,129.0637,0.0,-0.1698,129.0637,,,,,,,,,,,,0.0,0.0,0.0,0.0,0
80.92,-3.01,0.9489,129.0637,0.0,-0.1698,129.0637,,,,,,,,,,,,0.0,0.0,0.0,0.0,0
80.94,-3.01,0.9489,129.0637,0.0,-0.1698,129.0637,,,,,,,,,,,,0.0,0.0,0.0,0.0,0
80.96,-3.0075,0.9536,129.0654,0.0,-0.0534,129.0654,,,,,,,,,,,,0.0,0.0,0.0,0.0,0
80.98,-3.0075,0.9536,129.0654,0.0,-0.0534,129.0654,,,,,,,,,,,,0.0,0.0,0.0,0.0,0
81.0,-3.0075,0.9536,129.0654,0.0,-0.0534,129.0654,,,,,,,,,,,,0.0,0.0,0.0,0.0,0
81.02,-3.0075,0.9536,129.0654,0.0,-0.0534,129.0654,,,,,,,,,,,,0.0,0.0,0.0,0.0,0
81.04,-3.0075,0.9536,129.0654,0.0,-0.0534,129.0654,,,,,,,,,,,,0.0,0.0,0.0,0.0,0
81.06,-3.0053,0.9537,129.0653,0.0,0.4256,129.0653,,,,,,,,,,,,0.0,0.0,0.0,0.0,0
81.08,-3.0053,0.9537,129.0653,0.0,0.4256,129.0653,,,,,,,,,,,,0.0,0.0,0.0,0.0,0
81.1,-3.0053,0.9537,129.0653,0.0,0.4256,129.0653,,,,,,,,,,,,0.0,0.0,0.0,0.0,0
81.12,-3.0053,0.9537,129.0653,0.0,0.4256,129.0653,,,,,,,,,,,,0.0,0.0,0.0,0.0,0
81.14,-3.0053,0.9537,129.0653,0.0,0.4256,129.0653,,,,,,,,,,,,0.0,0.0,0.0,0.0,0
81.16,-3.0028,0.956,129.0632,0.0,0.71,129.0632,,,,,,,,,,,,0.0,0.0,0.0,0.0,0
81.18,-3.0028,0.956,129.0632,0.0,0.71,129.0632,,,,,,,,,,,,0.0,0.0,0.0,0.0,0
81.2,-3.0028,0.956,129.0632,0.0,0.71,129.0632,,,,,,,,,,,,0.0,0.0,0.0,0.0,0
81.22,-3.0028,0.956,129.0632,0.0,0.71,129.0632,,,,,,,,,,,,0.0,0.0,0.0,0.0,0
81.24,-3.0028,0.956,129.0632,0.0,0.71,129.0632,,,,,,,,,,,,0.0,0.0,0.0,0.0,0
81.26,-3.0,0.9614,129.0633,0.0,1.0051,129.0633,,,,,,,,,,,,0.0,0.0,0.0,0.0,0
81.28,-3.0,0.9614,129.0633,0.0,1.0051,129.0633,,,,,,,,,,,,0.0,0.0,0.0,0.0,0
81.3,-3.0,0.9614,129.0633,0.0,1.0051,129.0633,,,,,,,,,,,,0.0,0.0,0.0,0.0,0
81.32,-3.0,0.9614,129.0633,0.0,1.0051,129.0633,,,,,,,,,,,,0.0,0.0,0.0,0.0,0
81.34,-3.0,0.9614,129.0633,0.0,1.0051,129.0633,,,,,,,,,,,,0.0,0.0,0.0,0.0,0
81.36,-3.0003,0.96,129.061,0.0,1.5972,129.061,,,,,,,,,,,,0.0,0.0,0.0,0.0,0
81.38,-3.0003,0.96,129.061,0.0,1.5972,129.061,,,,,,,,,,,,0.0,0.0,0.0,0.0,0
81.4,-3.0003,0.96,129.061,0.0,1.5972,129.061,,,,,,,,,,,,0.0,0.0,0.0,0.0,0
81.42,-3.0003,0.96,129.061,0.0,1.5972,129.061,,,,,,,,,,,,0.0,0.0,0.0,0.0,0
81.44,-3.0003,0.96,129.061,0.0,1.5972,129.061,,,,,,,,,,,,0.0,0.0,0.0,0.0,0
81.46,-2.9982,0.9645,129.0606,0.0,2.0722,129.0606,,,,,,,,,,,,0.0,0.0,0.0,0.0,0
81.48,-2.9982,0.9645,129.0606,0.0,2.0722,129.0606,,,,,,,,,,,,0.0,0.0,0.0,0.0,0
81.5,-2.9982,0.9645,129.0606,0.0,2.0722,129.0606,,,,,,,,,,,,0.0,0.0,0.0,0.0,0
81.52,-2.9982,0.9645,129.0606,0.0,2.0722,129.0606,,,,,,,,,,,,0.0,0.0,0.0,0.0,0
81.54,-2.9982,0.9645,129.0606,0.0,2.0722,129.0606,,,,,,,,,,,,0.0,0.0,0.0,0.0,0
81.56,-2.9954,0.9647,129.0605,0.0,2.2118,129.0605,,,,,,,,,,,,0.0,0.0,0.0,0.0,0
81.58,-2.9954,0.9647,129.0605,0.0,2.2118,129.0605,,,,,,,,,,,,0.0,0.0,0.0,0.0,0
81.6,-2.9954,0.9647,129.0605,0.0,2.2118,129.0605,,,,,,,,,,,,0.0,0.0,0.0,0.0,0
81.62,-2.9954,0.9647,129.0605,0.0,2.2118,129.0605,,,,,,,,,,,,0.0,0.0,0.0,0.0,0
81.64,-2.9954,0.9647,129.0605,0.0,2.2118,129.0605,,,,,,,,,,,,0.0,0.0,0.0,0.0,0
81.66,-2.9898,0.9641,129.0597,0.0,2.1856,129.0597,,,,,,,,,,,,0.0,0.0,0.0,0.0,0
81.68,-2.9898,0.9641,129.0597,0.0,2.1856,129.0597,,,,,,,,,,,,0.0,0.0,0.0,0.0,0
81.7,-2.9898,0.9641,129.0597,0.0,2.1856,129.0597,,,,,,,,,,,,0.0,0.0,0.0,0.0,0
81.72,-2.9898,0.9641,129.0597,0.0,2.1856,129.0597,,,,,,,,,,,,0.0,0.0,0.0,0.0,0
81.74,-2.9898,0.9641,129.0597,0.0,2.1856,129.0597,,,,,,,,,,,,0.0,0.0,0.0,0.0,0
81.76,-2.9849,0.9668,129.0528,0.0,2.3241,129.0528,,,,,,,,,,,,0.0,0.0,0.0,0.0,0
81.78,-2.9849,0.9668,129.0528,0.0,2.3241,129.0528,,,,,,,,,,,,0.0,0.0,0.0,0.0,0
81.8,-2.9849,0.9668,129.0528,0.0,2.3241,129.0528,,,,,,,,,,,,0.0,0.0,0.0,0.0,0
81.82,-2.9849,0.9668,129.0528,0.0,2.3241,129.0528,,,,,,,,,,,,0.0,0.0,0.0,0.0,0
81.84,-2.9849,0.9668,129.0528,0.0,2.3241,129.0528,,,,,,,,,,,,0.0,0.0,0.0,0.0,0
81.86,-2.9827,0.97,129.0509,0.0,2.3951,129.0509,,,,,,,,,,,,0.0,0.0,0.0,0.0,0
81.88,-2.9827,0.97,129.0509,0.0,2.3951,129.0509,,,,,,,,,,,,0.0,0.0,0.0,0.0,0
81.9,-2.9827,0.97,129.0509,0.0,2.3951,129.0509,,,,,,,,,,,,0.0,0.0,0.0,0.0,0
81.92,-2.9827,0.97,129.0509,0.0,2.3951,129.0509,,,,,,,,,,,,0.0,0.0,0.0,0.0,0
81.94,-2.9827,0.97,129.0509,0.0,2.3951,129.0509,,,,,,,,,,,,0.0,0.0,0.0,0.0,0
81.96,-2.9809,0.974,129.0475,0.1243,2.301,129.0475,,,,,,,,,,,,0.0,0.0,0.0,0.0,0
81.98,-2.9809,0.974,129.0475,0.1243,2.301,129.0475,,,,,,,,,,,,0.0,0.0,0.0,0.0,0
82.0,-2.9809,0.974,129.0475,0.1243,2.301,129.0475,,,,,,,,,,,,0.0,0.0,0.0,0.0,0
82.02,-2.9809,0.974,129.0475,0.1243,2.301,129.0475,,,,,,,,,,,,0.0,0.0,0.0,0.0,0
82.04,-2.9809,0.974,129.0475,0.1243,2.301,129.0475,,,,,,,,,,,,0.0,0.0,0.0,0.0,0
82.06,-2.9741,0.9757,129.0401,0.0634,2.1693,129.0401,,,,,,,,,,,,0.0,0.0,0.0,0.0,0
82.08,-2.9741,0.9757,129.0401,0.0634,2.1693,129.0401,,,,,,,,,,,,0.0,0.0,0.0,0.0,0
82.1,-2.9741,0.9757,129.0401,0.0634,2.1693,129.0401,,,,,,,,,,,,0.0,0.0,0.0,0.0,0
82.12,-2.9741,0.9757,129.0401,0.0634,2.1693,129.0401,,,,,,,,,,,,0.0,0.0,0.0,0.0,0
82.14,-2.9741,0.9757,129.0401,0.0634,2.1693,129.0401,,,,,,,,,,,,0.0,0.0,0.0,0.0,0
82.16,-2.9708,0.9765,129.0384,0.078,2.3117,129.0385,,,,,,,,,,,,0.0,0.0,0.0,0.0,0
82.18,-2.9708,0.9765,129.0384,0.078,2.3117,129.0385,,,,,,,,,,,,0.0,0.0,0.0,0.0,0
82.2,-2.9708,0.9765,129.0384,0.078,2.3117,129.0385,,,,,,,,,,,,0.0,0.0,0.0,0.0,0
82.22,-2.9708,0.9765,129.0384,0.078,2.3117,129.0385,,,,,,,,,,,,0.0,0.0,0.0,0.0,0
82.24,-2.9708,0.9765,129.0384,0.078,2.3117,129.0385,,,,,,,,,,,,0.0,0.0,0.0,0.0,0
82.26,-2.9667,0.9749,129.0374,0.124,2.4734,129.0374,,,,,,,,,,,,0.0,0.0,0.0,0.0,0
82.28,-2.9667,0.9749,129.0374,0.124,2.4734,129.0374,,,,,,,,,,,,0.0,0.0,0.0,0.0,0
82.3,-2.9667,0.9749,129.0374,0.124,2.4734,129.0374,,,,,,,,,,,,0.0,0.0,0.0,0.0,0
82.32,-2.9667,0.9749,129.0374,0.124,2.4734,129.0374,,,,,,,,,,,,0.0,0.0,0.0,0.0,0
82.34,-2.9667,0.9749,129.0374,0.124,2.4734,129.0374,,,,,,,,,,,,0.0,0.0,0.0,0.0,0
82.36,-2.9656,0.9794,129.0386,0.1619,2.6189,129.0386,,,,,,,,,,,,0.0,0.0,0.0,0.0,0
82.38,-2.9656,0.9794,129.0386,0.1619,2.6189,129.0386,,,,,,,,,,,,0.0,0.0,0.0,0.0,0
82.4,-2.9656,0.9794,129.0386,0.1619,2.6189,129.0386,,,,,,,,,,,,0.0,0.0,0.0,0.0,0
82.42,-2.9656,0.9794,129.0386,0.1619,2.6189,129.0386,,,,,,,,,,,,0.0,0.0,0.0,0.0,0
82.44,-2.9656,0.9794,129.0386,0.1619,2.6189,129.0386,,,,,,,,,,,,0.0,0.0,0.0,0.0,0
82.46,-2.9627,0.9808,129.0331,0.2339,2.7654,129.0331,,,,,,,,,,,,0.0,0.0,0.0,0.0,0
82.48,-2.9627,0.9808,129.0331,0.2339,2.7654,129.0331,,,,,,,,,,,,0.0,0.0,0.0,0.0,0
82.5,-2.9627,0.9808,129.0331,0.2339,2.7654,129.0331,,,,,,,,,,,,0.0,0.0,0.0,0.0,0
82.52,-2.9627,0.9808,129.0331,0.2339,2.7654,129.0331,,,,,,,,,,,,0.0,0.0,0.0,0.0,0
82.54,-2.9627,0.9808,129.0331,0.2339,2.7654,129.0331,,,,,,,,,,,,0.0,0.0,0.0,0.0,0
82.56,-2.9607,0.9796,129.0311,0.412,2.9394,129.0311,,,,,,,,,,,,0.0,0.0,0.0,0.0,0
82.58,-2.9607,0.9796,129.0311,0.412,2.9394,129.0311,,,,,,,,,,,,0.0,0.0,0.0,0.0,0
82.6,-2.9607,0.9796,129.0311,0.412,2.9394,129.0311,,,,,,,,,,,,0.0,0.0,0.0,0.0,0
82.62,-2.9607,0.9796,129.0311,0.412,2.9394,129.0311,,,,,,,,,,,,0.0,0.0,0.0,0.0,0
82.64,-2.9607,0.9796,129.0311,0.412,2.9394,129.0311,,,,,,,,,,,,0.0,0.0,0.0,0.0,0
82.66,-2.9565,0.9807,129.0271,0.5468,3.0539,129.0271,,,,,,,,,,,,0.0,0.0,0.0,0.0,0
82.68,-2.9565,0.9807,129.0271,0.5468,3.0539,129.0271,,,,,,,,,,,,0.0,0.0,0.0,0.0,0
82.7,-2.9565,0.9807,129.0271,0.5468,3.0539,129.0271,,,,,,,,,,,,0.0,0.0,0.0,0.0,0
82.72,-2.9565,0.9807,129.0271,0.5468,3.0539,129.0271,,,,,,,,,,,,0.0,0.0,0.0,0.0,0
82.74,-2.9565,0.9807,129.0271,0.5468,3.0539,129.0271,,,,,,,,,,,,0.0,0.0,0.0,0.0,0
82.76,-2.955,0.9824,129.0273,0.6679,3.2157,129.0273,,,,,,,,,,,,0.0,0.0,0.0,0.0,0
82.78,-2.955,0.9824,129.0273,0.6679,3.2157,129.0273,,,,,,,,,,,,0.0,0.0,0.0,0.0,0
82.8,-2.955,0.9824,129.0273,0.6679,3.2157,129.0273,,,,,,,,,,,,0.0,0.0,0.0,0.0,0
82.82,-2.955,0.9824,129.0273,0.6679,3.2157,129.0273,,,,,,,,,,,,0.0,0.0,0.0,0.0,0
82.84,-2.955,0.9824,129.0273,0.6679,3.2157,129.0273,,,,,,,,,,,,0.0,0.0,0.0,0.0,0
82.86,-2.9511,0.9867,129.0259,0.8539,3.4677,129.0259,,,,,,,,,,,,0.0,0.0,0.0,0.0,0
82.88,-2.9511,0.9867,129.0259,0.8539,3.4677,129.0259,,,,,,,,,,,,0.0,0.0,0.0,0.0,0
82.9,-2.9511,0.9867,129.0259,0.8539,3.4677,129.0259,,,,,,,,,,,,0.0,0.0,0.0,0.0,0
82.92,-2.9511,0.9867,129.0259,0.8539,3.4677,129.0259,,,,,,,,,,,,0.0,0.0,0.0,0.0,0
82.94,-2.9511,0.9867,129.0259,0.8539,3.4677,129.0259,,,,,,,,,,,,0.0,0.0,0.0,0.0,0
82.96,-2.9515,0.9845,129.0242,0.9504,3.6238,129.0242,,,,,,,,,,,,0.0,0.0,0.0,0.0,0
82.98,-2.9515,0.9845,129.0242,0.9504,3.6238,129.0242,,,,,,,,,,,,0.0,0.0,0.0,0.0,0
83.0,-2.9515,0.9845,129.0242,0.9504,3.6238,129.0242,,,,,,,,,,,,0.0,0.0,0.0,0.0,0
83.02,-2.9515,0.9845,129.0242,0.9504,3.6238,129.0242,,,,,,,,,,,,0.0,0.0,0.0,0.0,0
83.04,-2.9515,0.9845,129.0242,0.9504,3.6238,129.0242,,,,,,,,,,,,0.0,0.0,0.0,0.0,0
83.06,-2.95,0.9897,129.0178,1.0459,3.6975,129.0178,,,,,,,,,,,,0.0,0.0,0.0,0.0,0
83.08,-2.95,0.9897,129.0178,1.0459,3.6975,129.0178,,,,,,,,,,,,0.0,0.0,0.0,0.0,0
83.1,-2.95,0.9897,129.0178,1.0459,3.6975,129.0178,,,,,,,,,,,,0.0,0.0,0.0,0.0,0
83.12,-2.95,0.9897,129.0178,1.0459,3.6975,129.0178,,,,,,,,,,,,0.0,0.0,0.0,0.0,0
83.14,-2.95,0.9897,129.0178,1.0459,3.6975,129.0178,,,,,,,,,,,,0.0,0.0,0.0,0.0,0
83.16,-2.9484,0.9946,129.0225,1.1701,3.7545,129.0225,,,,,,,,,,,,0.0,0.0,0.0,0.0,0
83.18,-2.9484,0.9946,129.0225,1.1701,3.7545,129.0225,,,,,,,,,,,,0.0,0.0,0.0,0.0,0
83.2,-2.9484,0.9946,129.0225,1.1701,3.7545,129.0225,,,,,,,,,,,,0.0,0.0,0.0,0.0,0
83.22,-2.9484,0.9946,129.0225,1.1701,3.7545,129.0225,,,,,,,,,,,,0.0,0.0,0.0,0.0,0
83.24,-2.9484,0.9946,129.0225,1.1701,3.7545,129.0225,,,,,,,,,,,,0.0,0.0,0.0,0.0,0
83.26,-2.9441,0.9978,129.0209,1.2014,3.8499,129.0209,,,,,,,,,,,,0.0,0.0,0.0,0.0,0
83.28,-2.9441,0.9978,129.0209,1.2014,3.8499,129.0209,,,,,,,,,,,,0.0,0.0,0.0,0.0,0
83.3,-2.9441,0.9978,129.0209,1.2014,3.8499,129.0209,,,,,,,,,,,,0.0,0.0,0.0,0.0,0
83.32,-2.9441,0.9978,129.0209,1.2014,3.8499,129.0209,,,,,,,,,,,,0.0,0.0,0.0,0.0,0
83.34,-2.9441,0.9978,129.0209,1.2014,3.8499,129.0209,,,,,,,,,,,,0.0,0.0,0.0,0.0,0
83.36,-2.9401,0.9978,129.0185,0.9931,3.9859,129.0185,,,,,,,,,,,,0.0,0.0,0.0,0.0,0
83.38,-2.9401,0.9978,129.0185,0.9931,3.9859,129.0185,,,,,,,,,,,,0.0,0.0,0.0,0.0,0
83.4,-2.9401,0.9978,129.0185,0.9931,3.9859,129.0185,,,,,,,,,,,,0.0,0.0,0.0,0.0,0
83.42,-2.9401,0.9978,129.0185,0.9931,3.9859,129.0185,,,,,,,,,,,,0.0,0.0,0.0,0.0,0
83.44,-2.9401,0.9978,129.0185,0.9931,3.9859,129.0185,,,,,,,,,,,,0.0,0.0,0.0,0.0,0
83.46,-2.9354,0.9956,129.0191,0.5504,4.1756,129.0191,,,,,,,,,,,,0.0,0.0,0.0,0.0,0
83.48,-2.9354,0.9956,129.0191,0.5504,4.1756,129.0191,,,,,,,,,,,,0.0,0.0,0.0,0.0,0
83.5,-2.9354,0.9956,129.0191,0.5504,4.1756,129.0191,,,,,,,,,,,,0.0,0.0,0.0,0.0,0
83.52,-2.9354,0.9956,129.0191,0.5504,4.1756,129.0191,,,,,,,,,,,,0.0,0.0,0.0,0.0,0
83.54,-2.9354,0.9956,129.0191,0.5504,4.1756,129.0191,,,,,,,,,,,,0.0,0.0,0.0,0.0,0
83.56,-2.9338,0.9969,129.0144,1.0234,4.5268,129.0144,,,,,,,,,,,,0.0,0.0,0.0,0.0,0
83.58,-2.9338,0.9969,129.0144,1.0234,4.5268,129.0144,,,,,,,,,,,,0.0,0.0,0.0,0.0,0
83.6,-2.9338,0.9969,129.0144,1.0234,4.5268,129.0144,,,,,,,,,,,,0.0,0.0,0.0,0.0,0
83.62,-2.9338,0.9969,129.0144,1.0234,4.5268,129.0144,,,,,,,,,,,,0.0,0.0,0.0,0.0,0
83.64,-2.9338,0.9969,129.0144,1.0234,4.5268,129.0144,,,,,,,,,,,,0.0,0.0,0.0,0.0,0
83.66,-2.9289,0.997,129.0141,0.6596,4.4382,129.0141,,,,,,,,,,,,0.0,0.0,0.0,0.0,0
83.68,-2.9289,0.997,129.0141,0.6596,4.4382,129.0141,,,,,,,,,,,,0.0,0.0,0.0,0.0,0
83.7,-2.9289,0.997,129.0141,0.6596,4.4382,129.0141,,,,,,,,,,,,0.0,0.0,0.0,0.0,0
83.72,-2.9289,0.997,129.0141,0.6596,4.4382,129.0141,,,,,,,,,,,,0.0,0.0,0.0,0.0,0
83.74,-2.9289,0.997,129.0141,0.6596,4.4382,129.0141,,,,,,,,,,,,0.0,0.0,0.0,0.0,0
83.76,-2.9268,0.9995,129.0113,0.53,4.5936,129.0113,,,,,,,,,,,,0.0,0.0,0.0,0.0,0
83.78,-2.9268,0.9995,129.0113,0.53,4.5936,129.0113,,,,,,,,,,,,0.0,0.0,0.0,0.0,0
83.8,-2.9268,0.9995,129.0113,0.53,4.5936,129.0113,,,,,,,,,,,,0.0,0.0,0.0,0.0,0
83.82,-2.9268,0.9995,129.0113,0.53,4.5936,129.0113,,,,,,,,,,,,0.0,0.0,0.0,0.0,0
83.84,-2.9268,0.9995,129.0113,0.53,4.5936,129.0113,,,,,,,,,,,,0.0,0.0,0.0,0.0,0
83.86,-2.9227,1.0001,129.0092,0.3198,4.7652,129.0092,,,,,,,,,,,,0.0,0.0,0.0,0.0,0
83.88,-2.9227,1.0001,129.0092,0.3198,4.7652,129.0092,,,,,,,,,,,,0.0,0.0,0.0,0.0,0
83.9,-2.9227,1.0001,129.0092,0.3198,4.7652,129.0092,,,,,,,,,,,,0.0,0.0,0.0,0.0,0
83.92,-2.9227,1.0001,129.0092,0.3198,4.7652,129.0092,,,,,,,,,,,,0.0,0.0,0.0,0.0,0
83.94,-2.9227,1.0001,129.0092,0.3198,4.7652,129.0092,,,,,,,,,,,,0.0,0.0,0.0,0.0,0
83.96,-2.9165,1.0004,129.0089,0.1633,4.973,129.0088,,,,,,,,,,,,0.0,0.0,0.0,0.0,0
83.98,-2.9165,1.0004,129.0089,0.1633,4.973,129.0088,,,,,,,,,,,,0.0,0.0,0.0,0.0,0
84.0,-2.9165,1.0004,129.0089,0.1633,4.973,129.0088,,,,,,,,,,,,0.0,0.0,0.0,0.0,0
84.02,-2.9165,1.0004,129.0089,0.1633,4.973,129.0088,,,,,,,,,,,,0.0,0.0,0.0,0.0,0
84.04,-2.9165,1.0004,129.0089,0.1633,4.973,129.0088,,,,,,,,,,,,0.0,0.0,0.0,0.0,0
84.06,-2.916,0.9983,129.0097,0.0834,5.2806,129.0097,,,,,,,,,,,,0.0,0.0,0.0,0.0,0
84.08,-2.916,0.9983,129.0097,0.0834,5.2806,129.0097,,,,,,,,,,,,0.0,0.0,0.0,0.0,0
84.1,-2.916,0.9983,129.0097,0.0834,5.2806,129.0097,,,,,,,,,,,,0.0,0.0,0.0,0.0,0
84.12,-2.916,0.9983,129.0097,0.0834,5.2806,129.0097,,,,,,,,,,,,0.0,0.0,0.0,0.0,0
84.14,-2.916,0.9983,129.0097,0.0834,5.2806,129.0097,,,,,,,,,,,,0.0,0.0,0.0,0.0,0
84.16,-2.9097,1.0013,129.0047,0.0426,5.5246,129.0047,,,,,,,,,,,,0.0,0.0,0.0,0.0,0
84.18,-2.9097,1.0013,129.0047,0.0426,5.5246,129.0047,,,,,,,,,,,,0.0,0.0,0.0,0.0,0
84.2,-2.9097,1.0013,129.0047,0.0426,5.5246,129.0047,,,,,,,,,,,,0.0,0.0,0.0,0.0,0
84.22,-2.9097,1.0013,129.0047,0.0426,5.5246,129.0047,,,,,,,,,,,,0.0,0.0,0.0,0.0,0
84.24,-2.9097,1.0013,129.0047,0.0426,5.5246,129.0047,,,,,,,,,,,,0.0,0.0,0.0,0.0,0
84.26,-2.9108,1.0036,129.0025,0.0217,5.1504,129.0025,,,,,,,,,,,,0.0,0.0,0.0,0.0,0
84.28,-2.9108,1.0036,129.0025,0.0217,5.1504,129.0025,,,,,,,,,,,,0.0,0.0,0.0,0.0,0
84.3,-2.9108,1.0036,129.0025,0.0217,5.1504,129.0025,,,,,,,,,,,,0.0,0.0,0.0,0.0,0
84.32,-2.9108,1.0036,129.0025,0.0217,5.1504,129.0025,,,,,,,,,,,,0.0,0.0,0.0,0.0,0
84.34,-2.9108,1.0036,129.0025,0.0217,5.1504,129.0025,,,,,,,,,,,,0.0,0.0,0.0,0.0,0
84.36,-2.9028,1.0041,128.9978,0.0111,2.9245,128.9978,,,,,,,,,,,,0.0,0.0,0.0,0.0,0
84.38,-2.9028,1.0041,128.9978,0.0111,2.9245,128.9978,,,,,,,,,,,,0.0,0.0,0.0,0.0,0
84.4,-2.9028,1.0041,128.9978,0.0111,2.9245,128.9978,,,,,,,,,,,,0.0,0.0,0.0,0.0,0
84.42,-2.9028,1.0041,128.9978,0.0111,2.9245,128.9978,,,,,,,,,,,,0.0,0.0,0.0,0.0,0
84.44,-2.9028,1.0041,128.9978,0.0111,2.9245,128.9978,,,,,,,,,,,,0.0,0.0,0.0,0.0,0
84.46,-2.8991,1.0036,128.9949,0.0057,1.147,128.9949,,,,,,,,,,,,0.0,0.0,0.0,0.0,0
84.48,-2.8991,1.0036,128.9949,0.0057,1.147,128.9949,,,,,,,,,,,,0.0,0.0,0.0,0.0,0
84.5,-2.8991,1.0036,128.9949,0.0057,1.147,128.9949,,,,,,,,,,,,0.0,0.0,0.0,0.0,0
84.52,-2.8991,1.0036,128.9949,0.0057,1.147,128.9949,,,,,,,,,,,,0.0,0.0,0.0,0.0,0
84.54,-2.8991,1.0036,128.9949,0.0057,1.147,128.9949,,,,,,,,,,,,0.0,0.0,0.0,0.0,0
84.56,-2.8977,1.0012,128.9936,0.0029,0.4647,128.9936,,,,,,,,,,,,0.0,0.0,0.0,0.0,0
84.58,-2.8977,1.0012,128.9936,0.0029,0.4647,128.9936,,,,,,,,,,,,0.0,0.0,0.0,0.0,0
84.6,-2.8977,1.0012,128.9936,0.0029,0.4647,128.9936,,,,,,,,,,,,0.0,0.0,0.0,0.0,0
84.62,-2.8977,1.0012,128.9936,0.0029,0.4647,128.9936,,,,,,,,,,,,0.0,0.0,0.0,0.0,0
84.64,-2.8977,1.0012,128.9936,0.0029,0.4647,128.9936,,,,,,,,,,,,0.0,0.0,0.0,0.0,0
84.66,-2.897,1.0006,128.9907,0.0015,0.2275,128.9907,,,,,,,,,,,,0.0,0.0,0.0,0.0,0
84.68,-2.897,1.0006,128.9907,0.0015,0.2275,128.9907,,,,,,,,,,,,0.0,0.0,0.0,0.0,0
84.7,-2.897,1.0006,128.9907,0.0015,0.2275,128.9907,,,,,,,,,,,,0.0,0.0,0.0,0.0,0
84.72,-2.897,1.0006,128.9907,0.0015,0.2275,128.9907,,,,,,,,,,,,0.0,0.0,0.0,0.0,0
84.74,-2.897,1.0006,128.9907,0.0015,0.2275,128.9907,,,,,,,,,,,,0.0,0.0,0.0,0.0,0
84.76,-2.8977,1.0003,128.9895,0.0008,0.1162,128.9895,,,,,,,,,,,,0.0,0.0,0.0,0.0,0
84.78,-2.8977,1.0003,128.9895,0.0008,0.1162,128.9895,,,,,,,,,,,,0.0,0.0,0.0,0.0,0
84.8,-2.8977,1.0003,128.9895,0.0008,0.1162,128.9895,,,,,,,,,,,,0.0,0.0,0.0,0.0,0
84.82,-2.8977,1.0003,128.9895,0.0008,0.1162,128.9895,,,,,,,,,,,,0.0,0.0,0.0,0.0,0
84.84,-2.8977,1.0003,128.9895,0.0008,0.1162,128.9895,,,,,,,,,,,,0.0,0.0,0.0,0.0,0
84.86,-2.8928,0.9954,128.9837,0.0004,0.2635,128.9837,,,,,,,,,,,,0.0,0.0,0.0,0.0,0
84.88,-2.8928,0.9954,128.9837,0.0004,0.2635,128.9837,,,,,,,,,,,,0.0,0.0,0.0,0.0,0
84.9,-2.8928,0.9954,128.9837,0.0004,0.2635,128.9837,,,,,,,,,,,,0.0,0.0,0.0,0.0,0
84.92,-2.8928,0.9954,128.9837,0.0004,0.2635,128.9837,,,,,,,,,,,,0.0,0.0,0.0,0.0,0
84.94,-2.8928,0.9954,128.9837,0.0004,0.2635,128.9837,,,,,,,,,,,,0.0,0.0,0.0,0.0,0
84.96,-2.8896,0.9942,128.9826,0.0002,1.1946,128.9825,,,,,,,,,,,,0.0,0.0,0.0,0.0,0
84.98,-2.8896,0.9942,128.9826,0.0002,1.1946,128.9825,,,,,,,,,,,,0.0,0.0,0.0,0.0,0
85.0,-2.8896,0.9942,128.9826,0.0002,1.1946,128.9825,,,,,,,,,,,,0.0,0.0,0.0,0.0,0
85.02,-2.8896,0.9942,128.9826,0.0002,1.1946,128.9825,,,,,,,,,,,,0.0,0.0,0.0,0.0,0
85.04,-2.8896,0.9942,128.9826,0.0002,1.1946,128.9825,,,,,,,,,,,,0.0,0.0,0.0,0.0,0
85.06,-2.8869,0.9925,128.9797,0.0001,2.0454,128.9797,,,,,,,,,,,,0.0,0.0,0.0,0.0,0
85.08,-2.8869,0.9925,128.9797,0.0001,2.0454,128.9797,,,,,,,,,,,,0.0,0.0,0.0,0.0,0
85.1,-2.8869,0.9925,128.9797,0.0001,2.0454,128.9797,,,,,,,,,,,,0.0,0.0,0.0,0.0,0
85.12,-2.8869,0.9925,128.9797,0.0001,2.0454,128.9797,,,,,,,,,,,,0.0,0.0,0.0,0.0,0
85.14,-2.8869,0.9925,128.9797,0.0001,2.0454,128.9797,,,,,,,,,,,,0.0,0.0,0.0,0.0,0
85.16,-2.8867,0.9926,128.9775,0.0001,2.9491,128.9775,,,,,,,,,,,,0.0,0.0,0.0,0.0,0
85.18,-2.8867,0.9926,128.9775,0.0001,2.9491,128.9775,,,,,,,,,,,,0.0,0.0,0.0,0.0,0
85.2,-2.8867,0.9926,128.9775,0.0001,2.9491,128.9775,,,,,,,,,,,,0.0,0.0,0.0,0.0,0
85.22,-2.8867,0.9926,128.9775,0.0001,2.9491,128.9775,,,,,,,,,,,,0.0,0.0,0.0,0.0,0
85.24,-2.8867,0.9926,128.9775,0.0001,2.9491,128.9775,,,,,,,,,,,,0.0,0.0,0.0,0.0,0
85.26,-2.8818,0.99,128.9732,0.0,3.5773,128.9732,,,,,,,,,,,,0.0,0.0,0.0,0.0,0
85.28,-2.8818,0.99,128.9732,0.0,3.5773,128.9732,,,,,,,,,,,,0.0,0.0,0.0,0.0,0
85.3,-2.8818,0.99,128.9732,0.0,3.5773,128.9732,,,,,,,,,,,,0.0,0.0,0.0,0.0,0
85.32,-2.8818,0.99,128.9732,0.0,3.5773,128.9732,,,,,,,,,,,,0.0,0.0,0.0,0.0,0
85.34,-2.8818,0.99,128.9732,0.0,3.5773,128.9732,,,,,,,,,,,,0.0,0.0,0.0,0.0,0
85.36,-2.8797,0.9871,128.9718,0.0,4.0476,128.9718,,,,,,,,,,,,0.0,0.0,0.0,0.0,0
85.38,-2.8797,0.9871,128.9718,0.0,4.0476,128.9718,,,,,,,,,,,,0.0,0.0,0.0,0.0,0
85.4,-2.8797,0.9871,128.9718,0.0,4.0476,128.9718,,,,,,,,,,,,0.0,0.0,0.0,0.0,0
85.42,-2.8797,0.9871,128.9718,0.0,4.0476,128.9718,,,,,,,,,,,,0.0,0.0,0.0,0.0,0
85.44,-2.8797,0.9871,128.9718,0.0,4.0476,128.9718,,,,,,,,,,,,0.0,0.0,0.0,0.0,0
85.46,-2.8759,0.9886,128.9679,0.0,4.3985,128.9679,,,,,,,,,,,,0.0,0.0,0.0,0.0,0
85.48,-2.8759,0.9886,128.9679,0.0,4.3985,128.9679,,,,,,,,,,,,0.0,0.0,0.0,0.0,0
85.5,-2.8759,0.9886,128.9679,0.0,4.3985,128.9679,,,,,,,,,,,,0.0,0.0,0.0,0.0,0
85.52,-2.8759,0.9886,128.9679,0.0,4.3985,128.9679,,,,,,,,,,,,0.0,0.0,0.0,0.0,0
85.54,-2.8759,0.9886,128.9679,0.0,4.3985,128.9679,,,,,,,,,,,,0.0,0.0,0.0,0.0,0
85.56,-2.8702,0.9854,128.9654,0.0,4.9207,128.9654,,,,,,,,,,,,0.0,0.0,0.0,0.0,0
85.58,-2.8702,0.9854,128.9654,0.0,4.9207,128.9654,,,,,,,,,,,,0.0,0.0,0.0,0.0,0
85.6,-2.8702,0.9854,128.9654,0.0,4.9207,128.9654,,,,,,,,,,,,0.0,0.0,0.0,0.0,0
85.62,-2.8702,0.9854,128.9654,0.0,4.9207,128.9654,,,,,,,,,,,,0.0,0.0,0.0,0.0,0
85.64,-2.8702,0.9854,128.9654,0.0,4.9207,128.9654,,,,,,,,,,,,0.0,0.0,0.0,0.0,0
85.66,-2.8714,0.9835,128.96,0.0,5.3595,128.96,,,,,,,,,,,,0.0,0.0,0.0,0.0,0
85.68,-2.8714,0.9835,128.96,0.0,5.3595,128.96,,,,,,,,,,,,0.0,0.0,0.0,0.0,0
85.7,-2.8714,0.9835,128.96,0.0,5.3595,128.96,,,,,,,,,,,,0.0,0.0,0.0,0.0,0
85.72,-2.8714,0.9835,128.96,0.0,5.3595,128.96,,,,,,,,,,,,0.0,0.0,0.0,0.0,0
85.74,-2.8714,0.9835,128.96,0.0,5.3595,128.96,,,,,,,,,,,,0.0,0.0,0.0,0.0,0
85.76,-2.8696,0.9809,128.9616,0.0,5.7153,128.9616,,,,,,,,,,,,0.0,0.0,0.0,0.0,0
85.78,-2.8696,0.9809,128.9616,0.0,5.7153,128.9616,,,,,,,,,,,,0.0,0.0,0.0,0.0,0
85.8,-2.8696,0.9809,128.9616,0.0,5.7153,128.9616,,,,,,,,,,,,0.0,0.0,0.0,0.0,0
85.82,-2.8696,0.9809,128.9616,0.0,5.7153,128.9616,,,,,,,,,,,,0.0,0.0,0.0,0.0,0
85.84,-2.8696,0.9809,128.9616,0.0,5.7153,128.9616,,,,,,,,,,,,0.0,0.0,0.0,0.0,0
85.86,-2.865,0.9794,128.9612,0.0,6.2642,128.9612,,,,,,,,,,,,0.0,0.0,0.0,0.0,0
85.88,-2.865,0.9794,128.9612,0.0,6.2642,128.9612,,,,,,,,,,,,0.0,0.0,0.0,0.0,0
85.9,-2.865,0.9794,128.9612,0.0,6.2642,128.9612,,,,,,,,,,,,0.0,0.0,0.0,0.0,0
85.92,-2.865,0.9794,128.9612,0.0,6.2642,128.9612,,,,,,,,,,,,0.0,0.0,0.0,0.0,0
85.94,-2.865,0.9794,128.9612,0.0,6.2642,128.9612,,,,,,,,,,,,0.0,0.0,0.0,0.0,0
85.96,-2.8658,0.9796,128.9552,0.0,6.5641,128.9552,,,,,,,,,,,,0.0,0.0,0.0,0.0,0
85.98,-2.8658,0.9796,128.9552,0.0,6.5641,128.9552,,,,,,,,,,,,0.0,0.0,0.0,0.0,0
86.0,-2.8658,0.9796,128.9552,0.0,6.5641,128.9552,,,,,,,,,,,,0.0,0.0,0.0,0.0,0
86.02,-2.8658,0.9796,128.9552,0.0,6.5641,128.9552,,,,,,,,,,,,0.0,0.0,0.0,0.0,0
86.04,-2.8658,0.9796,128.9552,0.0,6.5641,128.9552,,,,,,,,,,,,0.0,0.0,0.0,0.0,0
86.06,-2.8631,0.9789,128.9503,0.0,6.7148,128.9503,,,,,,,,,,,,0.0,0.0,0.0,0.0,0
86.08,-2.8631,0.9789,128.9503,0.0,6.7148,128.9503,,,,,,,,,,,,0.0,0.0,0.0,0.0,0
86.1,-2.8631,0.9789,128.9503,0.0,6.7148,128.9503,,,,,,,,,,,,0.0,0.0,0.0,0.0,0
86.12,-2.8631,0.9789,128.9503,0.0,6.7148,128.9503,,,,,,,,,,,,0.0,0.0,0.0,0.0,0
86.14,-2.8631,0.9789,128.9503,0.0,6.7148,128.9503,,,,,,,,,,,,0.0,0.0,0.0,0.0,0
86.16,-2.8603,0.976,128.95,0.0,6.8106,128.95,,,,,,,,,,,,0.0,0.0,0.0,0.0,0
86.18,-2.8603,0.976,128.95,0.0,6.8106,128.95,,,,,,,,,,,,0.0,0.0,0.0,0.0,0
86.2,-2.8603,0.976,128.95,0.0,6.8106,128.95,,,,,,,,,,,,0.0,0.0,0.0,0.0,0
86.22,-2.8603,0.976,128.95,0.0,6.8106,128.95,,,,,,,,,,,,0.0,0.0,0.0,0.0,0
86.24,-2.8603,0.976,128.95,0.0,6.8106,128.95,,,,,,,,,,,,0.0,0.0,0.0,0.0,0
86.26,-2.8552,0.974,128.9424,0.0,6.9131,128.9424,,,,,,,,,,,,0.0,0.0,0.0,0.0,0
86.28,-2.8552,0.974,128.9424,0.0,6.9131,128.9424,,,,,,,,,,,,0.0,0.0,0.0,0.0,0
86.3,-2.8552,0.974,128.9424,0.0,6.9131,128.9424,,,,,,,,,,,,0.0,0.0,0.0,0.0,0
86.32,-2.8552,0.974,128.9424,0.0,6.9131,128.9424,,,,,,,,,,,,0.0,0.0,0.0,0.0,0
86.34,-2.8552,0.974,128.9424,0.0,6.9131,128.9424,,,,,,,,,,,,0.0,0.0,0.0,0.0,0
86.36,-2.8552,0.9702,128.9428,0.0,6.9654,128.9428,,,,,,,,,,,,0.0,0.0,0.0,0.0,0
86.38,-2.8552,0.9702,128.9428,0.0,6.9654,128.9428,,,,,,,,,,,,0.0,0.0,0.0,0.0,0
86.4,-2.8552,0.9702,128.9428,0.0,6.9654,128.9428,,,,,,,,,,,,0.0,0.0,0.0,0.0,0
86.42,-2.8552,0.9702,128.9428,0.0,6.9654,128.9428,,,,,,,,,,,,0.0,0.0,0.0,0.0,0
86.44,-2.8552,0.9702,128.9428,0.0,6.9654,128.9428,,,,,,,,,,,,0.0,0.0,0.0,0.0,0
86.46,-2.8523,0.9676,128.9469,0.0,7.0241,128.9469,,,,,,,,,,,,0.0,0.0,0.0,0.0,0
86.48,-2.8523,0.9676,128.9469,0.0,7.0241,128.9469,,,,,,,,,,,,0.0,0.0,0.0,0.0,0
86.5,-2.8523,0.9676,128.9469,0.0,7.0241,128.9469,,,,,,,,,,,,0.0,0.0,0.0,0.0,0
86.52,-2.8523,0.9676,128.9469,0.0,7.0241,128.9469,,,,,,,,,,,,0.0,0.0,0.0,0.0,0
86.54,-2.8523,0.9676,128.9469,0.0,7.0241,128.9469,,,,,,,,,,,,0.0,0.0,0.0,0.0,0
86.56,-2.8495,0.9648,128.9447,0.0,7.1109,128.9447,,,,,,,,,,,,0.0,0.0,0.0,0.0,0
86.58,-2.8495,0.9648,128.9447,0.0,7.1109,128.9447,,,,,,,,,,,,0.0,0.0,0.0,0.0,0
86.6,-2.8495,0.9648,128.9447,0.0,7.1109,128.9447,,,,,,,,,,,,0.0,0.0,0.0,0.0,0
86.62,-2.8495,0.9648,128.9447,0.0,7.1109,128.9447,,,,,,,,,,,,0.0,0.0,0.0,0.0,0
86.64,-2.8495,0.9648,128.9447,0.0,7.1109,128.9447,,,,,,,,,,,,0.0,0.0,0.0,0.0,0
86.66,-2.8502,0.9616,128.9419,0.0,7.1572,128.9418,,,,,,,,,,,,0.0,0.0,0.0,0.0,0
86.68,-2.8502,0.9616,128.9419,0.0,7.1572,128.9418,,,,,,,,,,,,0.0,0.0,0.0,0.0,0
86.7,-2.8502,0.9616,128.9419,0.0,7.1572,128.9418,,,,,,,,,,,,0.0,0.0,0.0,0.0,0
86.72,-2.8502,0.9616,128.9419,0.0,7.1572,128.9418,,,,,,,,,,,,0.0,0.0,0.0,0.0,0
86.74,-2.8502,0.9616,128.9419,0.0,7.1572,128.9418,,,,,,,,,,,,0.0,0.0,0.0,0.0,0
86.76,-2.8466,0.9594,128.937,0.0,7.1722,128.937,,,,,,,,,,,,0.0,0.0,0.0,0.0,0
86.78,-2.8466,0.9594,128.937,0.0,7.1722,128.937,,,,,,,,,,,,0.0,0.0,0.0,0.0,0
86.8,-2.8466,0.9594,128.937,0.0,7.1722,128.937,,,,,,,,,,,,0.0,0.0,0.0,0.0,0
86.82,-2.8466,0.9594,128.937,0.0,7.1722,128.937,,,,,,,,,,,,0.0,0.0,0.0,0.0,0
86.84,-2.8466,0.9594,128.937,0.0,7.1722,128.937,,,,,,,,,,,,0.0,0.0,0.0,0.0,0
86.86,-2.8448,0.9549,128.9395,0.0,7.189,128.9395,,,,,,,,,,,,0.0,0.0,0.0,0.0,0
86.88,-2.8448,0.9549,128.9395,0.0,7.189,128.9395,,,,,,,,,,,,0.0,0.0,0.0,0.0,0
86.9,-2.8448,0.9549,128.9395,0.0,7.189,128.9395,,,,,,,,,,,,0.0,0.0,0.0,0.0,0
86.92,-2.8448,0.9549,128.9395,0.0,7.189,128.9395,,,,,,,,,,,,0.0,0.0,0.0,0.0,0
86.94,-2.8448,0.9549,128.9395,0.0,7.189,128.9395,,,,,,,,,,,,0.0,0.0,0.0,0.0,0
86.96,-2.8431,0.951,128.9358,0.0,7.2296,128.9359,,,,,,,,,,,,0.0,0.0,0.0,0.0,0
86.98,-2.8431,0.951,128.9358,0.0,7.2296,128.9359,,,,,,,,,,,,0.0,0.0,0.0,0.0,0
87.0,-2.8431,0.951,128.9358,0.0,7.2296,128.9359,,,,,,,,,,,,0.0,0.0,0.0,0.0,0
87.02,-2.8431,0.951,128.9358,0.0,7.2296,128.9359,,,,,,,,,,,,0.0,0.0,0.0,0.0,0
87.04,-2.8431,0.951,128.9358,0.0,7.2296,128.9359,,,,,,,,,,,,0.0,0.0,0.0,0.0,0
87.06,-2.8423,0.9503,128.9338,0.0,7.2771,128.9338,,,,,,,,,,,,0.0,0.0,0.0,0.0,0
87.08,-2.8423,0.9503,128.9338,0.0,7.2771,128.9338,,,,,,,,,,,,0.0,0.0,0.0,0.0,0
87.1,-2.8423,0.9503,128.9338,0.0,7.2771,128.9338,,,,,,,,,,,,0.0,0.0,0.0,0.0,0
87.12,-2.8423,0.9503,128.9338,0.0,7.2771,128.9338,,,,,,,,,,,,0.0,0.0,0.0,0.0,0
87.14,-2.8423,0.9503,128.9338,0.0,7.2771,128.9338,,,,,,,,,,,,0.0,0.0,0.0,0.0,0
87.16,-2.8424,0.9499,128.9337,0.0,7.3062,128.9337,,,,,,,,,,,,0.0,0.0,0.0,0.0,0
87.18,-2.8424,0.9499,128.9337,0.0,7.3062,128.9337,,,,,,,,,,,,0.0,0.0,0.0,0.0,0
87.2,-2.8424,0.9499,128.9337,0.0,7.3062,128.9337,,,,,,,,,,,,0.0,0.0,0.0,0.0,0
87.22,-2.8424,0.9499,128.9337,0.0,7.3062,128.9337,,,,,,,,,,,,0.0,0.0,0.0,0.0,0
87.24,-2.8424,0.9499,128.9337,0.0,7.3062,128.9337,,,,,,,,,,,,0.0,0.0,0.0,0.0,0
87.26,-2.8392,0.9441,128.9272,0.0,7.336,128.9272,,,,,,,,,,,,0.0,0.0,0.0,0.0,0
87.28,-2.8392,0.9441,128.9272,0.0,7.336,128.9272,,,,,,,,,,,,0.0,0.0,0.0,0.0,0
87.3,-2.8392,0.9441,128.9272,0.0,7.336,128.9272,,,,,,,,,,,,0.0,0.0,0.0,0.0,0
87.32,-2.8392,0.9441,128.9272,0.0,7.336,128.9272,,,,,,,,,,,,0.0,0.0,0.0,0.0,0
87.34,-2.8392,0.9441,128.9272,0.0,7.336,128.9272,,,,,,,,,,,,0.0,0.0,0.0,0.0,0
87.36,-2.8349,0.9382,128.9268,0.0,7.3608,128.9269,,,,,,,,,,,,0.0,0.0,0.0,0.0,0
87.38,-2.8349,0.9382,128.9268,0.0,7.3608,128.9269,,,,,,,,,,,,0.0,0.0,0.0,0.0,0
87.4,-2.8349,0.9382,128.9268,0.0,7.3608,128.9269,,,,,,,,,,,,0.0,0.0,0.0,0.0,0
87.42,-2.8349,0.9382,128.9268,0.0,7.3608,128.9269,,,,,,,,,,,,0.0,0.0,0.0,0.0,0
87.44,-2.8349,0.9382,128.9268,0.0,7.3608,128.9269,,,,,,,,,,,,0.0,0.0,0.0,0.0,0
87.46,-2.8353,0.9367,128.9278,0.0,7.4472,128.9278,,,,,,,,,,,,0.0,0.0,0.0,0.0,0
87.48,-2.8353,0.9367,128.9278,0.0,7.4472,128.9278,,,,,,,,,,,,0.0,0.0,0.0,0.0,0
87.5,-2.8353,0.9367,128.9278,0.0,7.4472,128.9278,,,,,,,,,,,,0.0,0.0,0.0,0.0,0
87.52,-2.8353,0.9367,128.9278,0.0,7.4472,128.9278,,,,,,,,,,,,0.0,0.0,0.0,0.0,0
87.54,-2.8353,0.9367,128.9278,0.0,7.4472,128.9278,,,,,,,,,,,,0.0,0.0,0.0,0.0,0
87.56,-2.8311,0.9346,128.9255,0.0,7.5564,128.9255,,,,,,,,,,,,0.0,0.0,0.0,0.0,0
87.58,-2.8311,0.9346,128.9255,0.0,7.5564,128.9255,,,,,,,,,,,,0.0,0.0,0.0,0.0,0
87.6,-2.8311,0.9346,128.9255,0.0,7.5564,128.9255,,,,,,,,,,,,0.0,0.0,0.0,0.0,0
87.62,-2.8311,0.9346,128.9255,0.0,7.5564,128.9255,,,,,,,,,,,,0.0,0.0,0.0,0.0,0
87.64,-2.8311,0.9346,128.9255,0.0,7.5564,128.9255,,,,,,,,,,,,0.0,0.0,0.0,0.0,0
87.66,-2.83,0.9326,128.9207,0.0,7.7132,128.9207,,,,,,,,,,,,0.0,0.0,0.0,0.0,0
87.68,-2.83,0.9326,128.9207,0.0,7.7132,128.9207,,,,,,,,,,,,0.0,0.0,0.0,0.0,0
87.7,-2.83,0.9326,128.9207,0.0,7.7132,128.9207,,,,,,,,,,,,0.0,0.0,0.0,0.0,0
87.72,-2.83,0.9326,128.9207,0.0,7.7132,128.9207,,,,,,,,,,,,0.0,0.0,0.0,0.0,0
87.74,-2.83,0.9326,128.9207,0.0,7.7132,128.9207,,,,,,,,,,,,0.0,0.0,0.0,0.0,0
87.76,-2.8273,0.9291,128.916,0.0,7.8137,128.916,,,,,,,,,,,,0.0,0.0,0.0,0.0,0
87.78,-2.8273,0.9291,128.916,0.0,7.8137,128.916,,,,,,,,,,,,0.0,0.0,0.0,0.0,0
87.8,-2.8273,0.9291,128.916,0.0,7.8137,128.916,,,,,,,,,,,,0.0,0.0,0.0,0.0,0
87.82,-2.8273,0.9291,128.916,0.0,7.8137,128.916,,,,,,,,,,,,0.0,0.0,0.0,0.0,0
87.84,-2.8273,0.9291,128.916,0.0,7.8137,128.916,,,,,,,,,,,,0.0,0.0,0.0,0.0,0
87.86,-2.8271,0.924,128.9117,0.0,7.7728,128.9116,,,,,,,,,,,,0.0,0.0,0.0,0.0,0
87.88,-2.8271,0.924,128.9117,0.0,7.7728,128.9116,,,,,,,,,,,,0.0,0.0,0.0,0.0,0
87.9,-2.8271,0.924,128.9117,0.0,7.7728,128.9116,,,,,,,,,,,,0.0,0.0,0.0,0.0,0
87.92,-2.8271,0.924,128.9117,0.0,7.7728,128.9116,,,,,,,,,,,,0.0,0.0,0.0,0.0,0
87.94,-2.8271,0.924,128.9117,0.0,7.7728,128.9116,,,,,,,,,,,,0.0,0.0,0.0,0.0,0
87.96,-2.8223,0.9245,128.908,0.0,7.867,128.908,,,,,,,,,,,,0.0,0.0,0.0,0.0,0
87.98,-2.8223,0.9245,128.908,0.0,7.867,128.908,,,,,,,,,,,,0.0,0.0,0.0,0.0,0
88.0,-2.8223,0.9245,128.908,0.0,7.867,128.908,,,,,,,,,,,,0.0,0.0,0.0,0.0,0
88.02,-2.8223,0.9245,128.908,0.0,7.867,128.908,,,,,,,,,,,,0.0,0.0,0.0,0.0,0
88.04,-2.8223,0.9245,128.908,0.0,7.867,128.908,,,,,,,,,,,,0.0,0.0,0.0,0.0,0
88.06,-2.8232,0.9224,128.9021,0.0,8.0508,128.9021,,,,,,,,,,,,0.0,0.0,0.0,0.0,0
88.08,-2.8232,0.9224,128.9021,0.0,8.0508,128.9021,,,,,,,,,,,,0.0,0.0,0.0,0.0,0
88.1,-2.8232,0.9224,128.9021,0.0,8.0508,128.9021,,,,,,,,,,,,0.0,0.0,0.0,0.0,0
88.12,-2.8232,0.9224,128.9021,0.0,8.0508,128.9021,,,,,,,,,,,,0.0,0.0,0.0,0.0,0
88.14,-2.8232,0.9224,128.9021,0.0,8.0508,128.9021,,,,,,,,,,,,0.0,0.0,0.0,0.0,0
88.16,-2.8201,0.9137,128.9017,0.0,8.3754,128.9017,,,,,,,,,,,,0.0,0.0,0.0,0.0,0
88.18,-2.8201,0.9137,128.9017,0.0,8.3754,128.9017,,,,,,,,,,,,0.0,0.0,0.0,0.0,0
88.2,-2.8201,0.9137,128.9017,0.0,8.3754,128.9017,,,,,,,,,,,,0.0,0.0,0.0,0.0,0
88.22,-2.8201,0.9137,128.9017,0.0,8.3754,128.9017,,,,,,,,,,,,0.0,0.0,0.0,0.0,0
88.24,-2.8201,0.9137,128.9017,0.0,8.3754,128.9017,,,,,,,,,,,,0.0,0.0,0.0,0.0,0
88.26,-2.8187,0.9137,128.9025,0.0,8.7886,128.9025,,,,,,,,,,,,0.0,0.0,0.0,0.0,0
88.28,-2.8187,0.9137,128.9025,0.0,8.7886,128.9025,,,,,,,,,,,,0.0,0.0,0.0,0.0,0
88.3,-2.8187,0.9137,128.9025,0.0,8.7886,128.9025,,,,,,,,,,,,0.0,0.0,0.0,0.0,0
88.32,-2.8187,0.9137,128.9025,0.0,8.7886,128.9025,,,,,,,,,,,,0.0,0.0,0.0,0.0,0
88.34,-2.8187,0.9137,128.9025,0.0,8.7886,128.9025,,,,,,,,,,,,0.0,0.0,0.0,0.0,0
88.36,-2.8166,0.9109,128.9008,0.0,9.1173,128.9008,,,,,,,,,,,,0.0,0.0,0.0,0.0,0
88.38,-2.8166,0.9109,128.9008,0.0,9.1173,128.9008,,,,,,,,,,,,0.0,0.0,0.0,0.0,0
88.4,-2.8166,0.9109,128.9008,0.0,9.1173,128.9008,,,,,,,,,,,,0.0,0.0,0.0,0.0,0
88.42,-2.8166,0.9109,128.9008,0.0,9.1173,128.9008,,,,,,,,,,,,0.0,0.0,0.0,0.0,0
88.44,-2.8166,0.9109,128.9008,0.0,9.1173,128.9008,,,,,,,,,,,,0.0,0.0,0.0,0.0,0
88.46,-2.8174,0.9048,128.8967,0.0,9.2922,128.8967,,,,,,,,,,,,0.0,0.0,0.0,0.0,0
88.48,-2.8174,0.9048,128.8967,0.0,9.2922,128.8967,,,,,,,,,,,,0.0,0.0,0.0,0.0,0
88.5,-2.8174,0.9048,128.8967,0.0,9.2922,128.8967,,,,,,,,,,,,0.0,0.0,0.0,0.0,0
88.52,-2.8174,0.9048,128.8967,0.0,9.2922,128.8967,,,,,,,,,,,,0.0,0.0,0.0,0.0,0
88.54,-2.8174,0.9048,128.8967,0.0,9.2922,128.8967,,,,,,,,,,,,0.0,0.0,0.0,0.0,0
88.56,-2.8179,0.9031,128.8933,0.0,9.3465,128.8932,,,,,,,,,,,,0.0,0.0,0.0,0.0,0
88.58,-2.8179,0.9031,128.8933,0.0,9.3465,128.8932,,,,,,,,,,,,0.0,0.0,0.0,0.0,0
88.6,-2.8179,0.9031,128.8933,0.0,9.3465,128.8932,,,,,,,,,,,,0.0,0.0,0.0,0.0,0
88.62,-2.8179,0.9031,128.8933,0.0,9.3465,128.8932,,,,,,,,,,,,0.0,0.0,0.0,0.0,0
88.64,-2.8179,0.9031,128.8933,0.0,9.3465,128.8932,,,,,,,,,,,,0.0,0.0,0.0,0.0,0
88.66,-2.8145,0.9014,128.8934,0.0,9.3085,128.8934,,,,,,,,,,,,0.0,0.0,0.0,0.0,0
88.68,-2.8145,0.9014,128.8934,0.0,9.3085,128.8934,,,,,,,,,,,,0.0,0.0,0.0,0.0,0
88.7,-2.8145,0.9014,128.8934,0.0,9.3085,128.8934,,,,,,,,,,,,0.0,0.0,0.0,0.0,0
88.72,-2.8145,0.9014,128.8934,0.0,9.3085,128.8934,,,,,,,,,,,,0.0,0.0,0.0,0.0,0
88.74,-2.8145,0.9014,128.8934,0.0,9.3085,128.8934,,,,,,,,,,,,0.0,0.0,0.0,0.0,0
88.76,-2.8134,0.9029,128.8931,0.0,9.1908,128.8932,,,,,,,,,,,,0.0,0.0,0.0,0.0,0
88.78,-2.8134,0.9029,128.8931,0.0,9.1908,128.8932,,,,,,,,,,,,0.0,0.0,0.0,0.0,0
88.8,-2.8134,0.9029,128.8931,0.0,9.1908,128.8932,,,,,,,,,,,,0.0,0.0,0.0,0.0,0
88.82,-2.8134,0.9029,128.8931,0.0,9.1908,128.8932,,,,,,,,,,,,0.0,0.0,0.0,0.0,0
88.84,-2.8134,0.9029,128.8931,0.0,9.1908,128.8932,,,,,,,,,,,,0.0,0.0,0.0,0.0,0
88.86,-2.8133,0.9006,128.8898,0.0,9.117,128.8898,,,,,,,,,,,,0.0,0.0,0.0,0.0,0
88.88,-2.8133,0.9006,128.8898,0.0,9.117,128.8898,,,,,,,,,,,,0.0,0.0,0.0,0.0,0
88.9,-2.8133,0.9006,128.8898,0.0,9.117,128.8898,,,,,,,,,,,,0.0,0.0,0.0,0.0,0
88.92,-2.8133,0.9006,128.8898,0.0,9.117,128.8898,,,,,,,,,,,,0.0,0.0,0.0,0.0,0
88.94,-2.8133,0.9006,128.8898,0.0,9.117,128.8898,,,,,,,,,,,,0.0,0.0,0.0,0.0,0
88.96,-2.8109,0.8974,128.8865,0.0,9.0793,128.8865,,,,,,,,,,,,0.0,0.0,0.0,0.0,0
88.98,-2.8109,0.8974,128.8865,0.0,9.0793,128.8865,,,,,,,,,,,,0.0,0.0,0.0,0.0,0
89.0,-2.8109,0.8974,128.8865,0.0,9.0793,128.8865,,,,,,,,,,,,0.0,0.0,0.0,0.0,0
89.02,-2.8109,0.8974,128.8865,0.0,9.0793,128.8865,,,,,,,,,,,,0.0,0.0,0.0,0.0,0
89.04,-2.8109,0.8974,128.8865,0.0,9.0793,128.8865,,,,,,,,,,,,0.0,0.0,0.0,0.0,0
89.06,-2.8104,0.894,128.8823,0.0,9.0943,128.8823,,,,,,,,,,,,0.0,0.0,0.0,0.0,0
89.08,-2.8104,0.894,128.8823,0.0,9.0943,128.8823,,,,,,,,,,,,0.0,0.0,0.0,0.0,0
89.1,-2.8104,0.894,128.8823,0.0,9.0943,128.8823,,,,,,,,,,,,0.0,0.0,0.0,0.0,0
89.12,-2.8104,0.894,128.8823,0.0,9.0943,128.8823,,,,,,,,,,,,0.0,0.0,0.0,0.0,0
89.14,-2.8104,0.894,128.8823,0.0,9.0943,128.8823,,,,,,,,,,,,0.0,0.0,0.0,0.0,0
89.16,-2.8132,0.89,128.884,0.0,9.121,128.884,,,,,,,,,,,,0.0,0.0,0.0,0.0,0
89.18,-2.8132,0.89,128.884,0.0,9.121,128.884,,,,,,,,,,,,0.0,0.0,0.0,0.0,0
89.2,-2.8132,0.89,128.884,0.0,9.121,128.884,,,,,,,,,,,,0.0,0.0,0.0,0.0,0
89.22,-2.8132,0.89,128.884,0.0,9.121,128.884,,,,,,,,,,,,0.0,0.0,0.0,0.0,0
89.24,-2.8132,0.89,128.884,0.0,9.121,128.884,,,,,,,,,,,,0.0,0.0,0.0,0.0,0
89.26,-2.8157,0.8881,128.8873,0.0,9.1401,128.8873,,,,,,,,,,,,0.0,0.0,0.0,0.0,0
89.28,-2.8157,0.8881,128.8873,0.0,9.1401,128.8873,,,,,,,,,,,,0.0,0.0,0.0,0.0,0
89.3,-2.8157,0.8881,128.8873,0.0,9.1401,128.8873,,,,,,,,,,,,0.0,0.0,0.0,0.0,0
89.32,-2.8157,0.8881,128.8873,0.0,9.1401,128.8873,,,,,,,,,,,,0.0,0.0,0.0,0.0,0
89.34,-2.8157,0.8881,128.8873,0.0,9.1401,128.8873,,,,,,,,,,,,0.0,0.0,0.0,0.0,0
89.36,-2.8156,0.887,128.8863,0.0,9.1498,128.8863,,,,,,,,,,,,0.0,0.0,0.0,0.0,0
89.38,-2.8156,0.887,128.8863,0.0,9.1498,128.8863,,,,,,,,,,,,0.0,0.0,0.0,0.0,0
89.4,-2.8156,0.887,128.8863,0.0,9.1498,128.8863,,,,,,,,,,,,0.0,0.0,0.0,0.0,0
89.42,-2.8156,0.887,128.8863,0.0,9.1498,128.8863,,,,,,,,,,,,0.0,0.0,0.0,0.0,0
89.44,-2.8156,0.887,128.8863,0.0,9.1498,128.8863,,,,,,,,,,,,0.0,0.0,0.0,0.0,0
89.46,-2.8155,0.8841,128.8853,0.0,9.0937,128.8853,,,,,,,,,,,,0.0,0.0,0.0,0.0,0
89.48,-2.8155,0.8841,128.8853,0.0,9.0937,128.8853,,,,,,,,,,,,0.0,0.0,0.0,0.0,0
89.5,-2.8155,0.8841,128.8853,0.0,9.0937,128.8853,,,,,,,,,,,,0.0,0.0,0.0,0.0,0
89.52,-2.8155,0.8841,128.8853,0.0,9.0937,128.8853,,,,,,,,,,,,0.0,0.0,0.0,0.0,0
89.54,-2.8155,0.8841,128.8853,0.0,9.0937,128.8853,,,,,,,,,,,,0.0,0.0,0.0,0.0,0
89.56,-2.8125,0.8821,128.8832,0.0,7.8939,128.8832,,,,,,,,,,,,0.0,0.0,0.0,0.0,0
89.58,-2.8125,0.8821,128.8832,0.0,7.8939,128.8832,,,,,,,,,,,,0.0,0.0,0.0,0.0,0
89.6,-2.8125,0.8821,128.8832,0.0,7.8939,128.8832,,,,,,,,,,,,0.0,0.0,0.0,0.0,0
89.62,-2.8125,0.8821,128.8832,0.0,7.8939,128.8832,,,,,,,,,,,,0.0,0.0,0.0,0.0,0
89.64,-2.8125,0.8821,128.8832,0.0,7.8939,128.8832,,,,,,,,,,,,0.0,0.0,0.0,0.0,0
89.66,-2.8136,0.8813,128.8821,0.0,5.8874,128.8821,,,,,,,,,,,,0.0,0.0,0.0,0.0,0
89.68,-2.8136,0.8813,128.8821,0.0,5.8874,128.8821,,,,,,,,,,,,0.0,0.0,0.0,0.0,0
89.7,-2.8136,0.8813,128.8821,0.0,5.8874,128.8821,,,,,,,,,,,,0.0,0.0,0.0,0.0,0
89.72,-2.8136,0.8813,128.8821,0.0,5.8874,128.8821,,,,,,,,,,,,0.0,0.0,0.0,0.0,0
89.74,-2.8136,0.8813,128.8821,0.0,5.8874,128.8821,,,,,,,,,,,,0.0,0.0,0.0,0.0,0
89.76,-2.8123,0.88,128.8782,0.0,5.0615,128.8782,,,,,,,,,,,,0.0,0.0,0.0,0.0,0
89.78,-2.8123,0.88,128.8782,0.0,5.0615,128.8782,,,,,,,,,,,,0.0,0.0,0.0,0.0,0
89.8,-2.8123,0.88,128.8782,0.0,5.0615,128.8782,,,,,,,,,,,,0.0,0.0,0.0,0.0,0
89.82,-2.8123,0.88,128.8782,0.0,5.0615,128.8782,,,,,,,,,,,,0.0,0.0,0.0,0.0,0
89.84,-2.8123,0.88,128.8782,0.0,5.0615,128.8782,,,,,,,,,,,,0.0,0.0,0.0,0.0,0
89.86,-2.8119,0.8752,128.8781,0.0,4.0868,128.8781,,,,,,,,,,,,0.0,0.0,0.0,0.0,0
89.88,-2.8119,0.8752,128.8781,0.0,4.0868,128.8781,,,,,,,,,,,,0.0,0.0,0.0,0.0,0
89.9,-2.8119,0.8752,128.8781,0.0,4.0868,128.8781,,,,,,,,,,,,0.0,0.0,0.0,0.0,0
89.92,-2.8119,0.8752,128.8781,0.0,4.0868,128.8781,,,,,,,,,,,,0.0,0.0,0.0,0.0,0
89.94,-2.8119,0.8752,128.8781,0.0,4.0868,128.8781,,,,,,,,,,,,0.0,0.0,0.0,0.0,0
89.96,-2.8093,0.8714,128.8777,0.0,3.011,128.8777,,,,,,,,,,,,0.0,0.0,0.0,0.0,0
89.98,-2.8093,0.8714,128.8777,0.0,3.011,128.8777,,,,,,,,,,,,0.0,0.0,0.0,0.0,0
90.0,-2.8093,0.8714,128.8777,0.0,3.011,128.8777,,,,,,,,,,,,0.0,0.0,0.0,0.0,0
90.02,-2.8093,0.8714,128.8777,0.0,3.011,128.8777,,,,,,,,,,,,0.0,0.0,0.0,0.0,0
90.04,-2.8093,0.8714,128.8777,0.0,3.011,128.8777,,,,,,,,,,,,0.0,0.0,0.0,0.0,0
90.06,-2.8028,0.8694,128.8768,0.0,1.431,128.8768,,,,,,,,,,,,0.0,0.0,0.0,0.0,0
90.08,-2.8028,0.8694,128.8768,0.0,1.431,128.8768,,,,,,,,,,,,0.0,0.0,0.0,0.0,0
90.1,-2.8028,0.8694,128.8768,0.0,1.431,128.8768,,,,,,,,,,,,0.0,0.0,0.0,0.0,0
90.12,-2.8028,0.8694,128.8768,0.0,1.431,128.8768,,,,,,,,,,,,0.0,0.0,0.0,0.0,0
90.14,-2.8028,0.8694,128.8768,0.0,1.431,128.8768,,,,,,,,,,,,0.0,0.0,0.0,0.0,0
90.16,-2.7976,0.8683,128.8741,0.0,0.6131,128.8741,,,,,,,,,,,,0.0,0.0,0.0,0.0,0
90.18,-2.7976,0.8683,128.8741,0.0,0.6131,128.8741,,,,,,,,,,,,0.0,0.0,0.0,0.0,0
90.2,-2.7976,0.8683,128.8741,0.0,0.6131,128.8741,,,,,,,,,,,,0.0,0.0,0.0,0.0,0
90.22,-2.7976,0.8683,128.8741,0.0,0.6131,128.8741,,,,,,,,,,,,0.0,0.0,0.0,0.0,0
90.24,-2.7976,0.8683,128.8741,0.0,0.6131,128.8741,,,,,,,,,,,,0.0,0.0,0.0,0.0,0
90.26,-2.7931,0.8661,128.8698,0.0,0.1955,128.8698,,,,,,,,,,,,0.0,0.0,0.0,0.0,0
90.28,-2.7931,0.8661,128.8698,0.0,0.1955,128.8698,,,,,,,,,,,,0.0,0.0,0.0,0.0,0
90.3,-2.7931,0.8661,128.8698,0.0,0.1955,128.8698,,,,,,,,,,,,0.0,0.0,0.0,0.0,0
90.32,-2.7931,0.8661,128.8698,0.0,0.1955,128.8698,,,,,,,,,,,,0.0,0.0,0.0,0.0,0
90.34,-2.7931,0.8661,128.8698,0.0,0.1955,128.8698,,,,,,,,,,,,0.0,0.0,0.0,0.0,0
90.36,-2.792,0.867,128.8724,0.0,-0.0176,128.8724,,,,,,,,,,,,0.0,0.0,0.0,0.0,0
90.38,-2.792,0.867,128.8724,0.0,-0.0176,128.8724,,,,,,,,,,,,0.0,0.0,0.0,0.0,0
90.4,-2.792,0.867,128.8724,0.0,-0.0176,128.8724,,,,,,,,,,,,0.0,0.0,0.0,0.0,0
90.42,-2.792,0.867,128.8724,0.0,-0.0176,128.8724,,,,,,,,,,,,0.0,0.0,0.0,0.0,0
90.44,-2.792,0.867,128.8724,0.0,-0.0176,128.8724,,,,,,,,,,,,0.0,0.0,0.0,0.0,0
90.46,-2.7933,0.8667,128.872,0.0,-0.1265,128.872,,,,,,,,,,,,0.0,0.0,0.0,0.0,0
90.48,-2.7933,0.8667,128.872,0.0,-0.1265,128.872,,,,,,,,,,,,0.0,0.0,0.0,0.0,0
90.5,-2.7933,0.8667,128.872,0.0,-0.1265,128.872,,,,,,,,,,,,0.0,0.0,0.0,0.0,0
90.52,-2.7933,0.8667,128.872,0.0,-0.1265,128.872,,,,,,,,,,,,0.0,0.0,0.0,0.0,0
90.54,-2.7933,0.8667,128.872,0.0,-0.1265,128.872,,,,,,,,,,,,0.0,0.0,0.0,0.0,0
90.56,-2.7923,0.8676,128.8742,0.0,-0.182,128.8742,,,,,,,,,,,,0.0,0.0,0.0,0.0,0
90.58,-2.7923,0.8676,128.8742,0.0,-0.182,128.8742,,,,,,,,,,,,0.0,0.0,0.0,0.0,0
90.6,-2.7923,0.8676,128.8742,0.0,-0.182,128.8742,,,,,,,,,,,,0.0,0.0,0.0,0.0,0
90.62,-2.7923,0.8676,128.8742,0.0,-0.182,128.8742,,,,,,,,,,,,0.0,0.0,0.0,0.0,0
90.64,-2.7923,0.8676,128.8742,0.0,-0.182,128.8742,,,,,,,,,,,,0.0,0.0,0.0,0.0,0
90.66,-2.7914,0.8632,128.8732,0.0,-0.2104,128.8733,,,,,,,,,,,,0.0,0.0,0.0,0.0,0
90.68,-2.7914,0.8632,128.8732,0.0,-0.2104,128.8733,,,,,,,,,,,,0.0,0.0,0.0,0.0,0
90.7,-2.7914,0.8632,128.8732,0.0,-0.2104,128.8733,,,,,,,,,,,,0.0,0.0,0.0,0.0,0
90.72,-2.7914,0.8632,128.8732,0.0,-0.2104,128.8733,,,,,,,,,,,,0.0,0.0,0.0,0.0,0
90.74,-2.7914,0.8632,128.8732,0.0,-0.2104,128.8733,,,,,,,,,,,,0.0,0.0,0.0,0.0,0
90.76,-2.79,0.8614,128.874,0.0,-0.2249,128.874,,,,,,,,,,,,0.0,0.0,0.0,0.0,0
90.78,-2.79,0.8614,128.874,0.0,-0.2249,128.874,,,,,,,,,,,,0.0,0.0,0.0,0.0,0
90.8,-2.79,0.8614,128.874,0.0,-0.2249,128.874,,,,,,,,,,,,0.0,0.0,0.0,0.0,0
90.82,-2.79,0.8614,128.874,0.0,-0.2249,128.874,,,,,,,,,,,,0.0,0.0,0.0,0.0,0
90.84,-2.79,0.8614,128.874,0.0,-0.2249,128.874,,,,,,,,,,,,0.0,0.0,0.0,0.0,0
90.86,-2.7903,0.8618,128.8759,0.0,-0.2323,128.8759,,,,,,,,,,,,0.0,0.0,0.0,0.0,0
90.88,-2.7903,0.8618,128.8759,0.0,-0.2323,128.8759,,,,,,,,,,,,0.0,0.0,0.0,0.0,0
90.9,-2.7903,0.8618,128.8759,0.0,-0.2323,128.8759,,,,,,,,,,,,0.0,0.0,0.0,0.0,0
90.92,-2.7903,0.8618,128.8759,0.0,-0.2323,128.8759,,,,,,,,,,,,0.0,0.0,0.0,0.0,0
90.94,-2.7903,0.8618,128.8759,0.0,-0.2323,128.8759,,,,,,,,,,,,0.0,0.0,0.0,0.0,0
90.96,-2.7897,0.8595,128.8748,0.0,-0.2361,128.8748,,,,,,,,,,,,0.0,0.0,0.0,0.0,0
90.98,-2.7897,0.8595,128.8748,0.0,-0.2361,128.8748,,,,,,,,,,,,0.0,0.0,0.0,0.0,0
91.0,-2.7897,0.8595,128.8748,0.0,-0.2361,128.8748,,,,,,,,,,,,0.0,0.0,0.0,0.0,0
91.02,-2.7897,0.8595,128.8748,0.0,-0.2361,128.8748,,,,,,,,,,,,0.0,0.0,0.0,0.0,0
91.04,-2.7897,0.8595,128.8748,0.0,-0.2361,128.8748,,,,,,,,,,,,0.0,0.0,0.0,0.0,0
91.06,-2.7874,0.8593,128.8732,0.0,-0.238,128.8732,,,,,,,,,,,,0.0,0.0,0.0,0.0,0
91.08,-2.7874,0.8593,128.8732,0.0,-0.238,128.8732,,,,,,,,,,,,0.0,0.0,0.0,0.0,0
91.1,-2.7874,0.8593,128.8732,0.0,-0.238,128.8732,,,,,,,,,,,,0.0,0.0,0.0,0.0,0
91.12,-2.7874,0.8593,128.8732,0.0,-0.238,128.8732,,,,,,,,,,,,0.0,0.0,0.0,0.0,0
91.14,-2.7874,0.8593,128.8732,0.0,-0.238,128.8732,,,,,,,,,,,,0.0,0.0,0.0,0.0,0
91.16,-2.7834,0.8608,128.8724,0.0,-0.239,128.8724,,,,,,,,,,,,0.0,0.0,0.0,0.0,0
91.18,-2.7834,0.8608,128.8724,0.0,-0.239,128.8724,,,,,,,,,,,,0.0,0.0,0.0,0.0,0
91.2,-2.7834,0.8608,128.8724,0.0,-0.239,128.8724,,,,,,,,,,,,0.0,0.0,0.0,0.0,0
91.22,-2.7834,0.8608,128.8724,0.0,-0.239,128.8724,,,,,,,,,,,,0.0,0.0,0.0,0.0,0
91.24,-2.7834,0.8608,128.8724,0.0,-0.239,128.8724,,,,,,,,,,,,0.0,0.0,0.0,0.0,0
91.26,-2.7789,0.8614,128.873,0.0,-0.2395,128.873,,,,,,,,,,,,0.0,0.0,0.0,0.0,0
91.28,-2.7789,0.8614,128.873,0.0,-0.2395,128.873,,,,,,,,,,,,0.0,0.0,0.0,0.0,0
91.3,-2.7789,0.8614,128.873,0.0,-0.2395,128.873,,,,,,,,,,,,0.0,0.0,0.0,0.0,0
91.32,-2.7789,0.8614,128.873,0.0,-0.2395,128.873,,,,,,,,,,,,0.0,0.0,0.0,0.0,0
91.34,-2.7789,0.8614,128.873,0.0,-0.2395,128.873,,,,,,,,,,,,0.0,0.0,0.0,0.0,0
91.36,-2.7794,0.8599,128.8675,0.0,-0.2396,128.8675,,,,,,,,,,,,0.0,0.0,0.0,0.0,0
91.38,-2.7794,0.8599,128.8675,0.0,-0.2396,128.8675,,,,,,,,,,,,0.0,0.0,0.0,0.0,0
91.4,-2.7794,0.8599,128.8675,0.0,-0.2396,128.8675,,,,,,,,,,,,0.0,0.0,0.0,0.0,0
91.42,-2.7794,0.8599,128.8675,0.0,-0.2396,128.8675,,,,,,,,,,,,0.0,0.0,0.0,0.0,0
91.44,-2.7794,0.8599,128.8675,0.0,-0.2396,128.8675,,,,,,,,,,,,0.0,0.0,0.0,0.0,0
91.46,-2.7752,0.8572,128.8677,0.0,-0.2396,128.8677,,,,,,,,,,,,0.0,0.0,0.0,0.0,0
91.48,-2.7752,0.8572,128.8677,0.0,-0.2396,128.8677,,,,,,,,,,,,0.0,0.0,0.0,0.0,0
91.5,-2.7752,0.8572,128.8677,0.0,-0.2396,128.8677,,,,,,,,,,,,0.0,0.0,0.0,0.0,0
91.52,-2.7752,0.8572,128.8677,0.0,-0.2396,128.8677,,,,,,,,,,,,0.0,0.0,0.0,0.0,0
91.54,-2.7752,0.8572,128.8677,0.0,-0.2396,128.8677,,,,,,,,,,,,0.0,0.0,0.0,0.0,0
91.56,-2.7746,0.855,128.8639,0.0,-0.2396,128.8639,,,,,,,,,,,,0.0,0.0,0.0,0.0,0
91.58,-2.7746,0.855,128.8639,0.0,-0.2396,128.8639,,,,,,,,,,,,0.0,0.0,0.0,0.0,0
91.6,-2.7746,0.855,128.8639,0.0,-0.2396,128.8639,,,,,,,,,,,,0.0,0.0,0.0,0.0,0
91.62,-2.7746,0.855,128.8639,0.0,-0.2396,128.8639,,,,,,,,,,,,0.0,0.0,0.0,0.0,0
91.64,-2.7746,0.855,128.8639,0.0,-0.2396,128.8639,,,,,,,,,,,,0.0,0.0,0.0,0.0,0
91.66,-2.7725,0.8529,128.8625,0.0,-0.2396,128.8625,,,,,,,,,,,,0.0,0.0,0.0,0.0,0
91.68,-2.7725,0.8529,128.8625,0.0,-0.2396,128.8625,,,,,,,,,,,,0.0,0.0,0.0,0.0,0
91.7,-2.7725,0.8529,128.8625,0.0,-0.2396,128.8625,,,,,,,,,,,,0.0,0.0,0.0,0.0,0
91.72,-2.7725,0.8529,128.8625,0.0,-0.2396,128.8625,,,,,,,,,,,,0.0,0.0,0.0,0.0,0
91.74,-2.7725,0.8529,128.8625,0.0,-0.2396,128.8625,,,,,,,,,,,,0.0,0.0,0.0,0.0,0
91.76,-2.7682,0.8569,128.8575,0.0,-0.194,128.8575,,,,,,,,,,,,0.0,0.0,0.0,0.0,0
91.78,-2.7682,0.8569,128.8575,0.0,-0.194,128.8575,,,,,,,,,,,,0.0,0.0,0.0,0.0,0
91.8,-2.7682,0.8569,128.8575,0.0,-0.194,128.8575,,,,,,,,,,,,0.0,0.0,0.0,0.0,0
91.82,-2.7682,0.8569,128.8575,0.0,-0.194,128.8575,,,,,,,,,,,,0.0,0.0,0.0,0.0,0
91.84,-2.7682,0.8569,128.8575,0.0,-0.194,128.8575,,,,,,,,,,,,0.0,0.0,0.0,0.0,0
91.86,-2.766,0.8529,128.8598,0.0,-0.099,128.8598,,,,,,,,,,,,0.0,0.0,0.0,0.0,0
91.88,-2.766,0.8529,128.8598,0.0,-0.099,128.8598,,,,,,,,,,,,0.0,0.0,0.0,0.0,0
91.9,-2.766,0.8529,128.8598,0.0,-0.099,128.8598,,,,,,,,,,,,0.0,0.0,0.0,0.0,0
91.92,-2.766,0.8529,128.8598,0.0,-0.099,128.8598,,,,,,,,,,,,0.0,0.0,0.0,0.0,0
91.94,-2.766,0.8529,128.8598,0.0,-0.099,128.8598,,,,,,,,,,,,0.0,0.0,0.0,0.0,0
91.96,-2.7649,0.8491,128.8566,0.0,-0.0418,128.8566,,,,,,,,,,,,0.0,0.0,0.0,0.0,0
91.98,-2.7649,0.8491,128.8566,0.0,-0.0418,128.8566,,,,,,,,,,,,0.0,0.0,0.0,0.0,0
92.0,-2.7649,0.8491,128.8566,0.0,-0.0418,128.8566,,,,,,,,,,,,0.0,0.0,0.0,0.0,0
92.02,-2.7649,0.8491,128.8566,0.0,-0.0418,128.8566,,,,,,,,,,,,0.0,0.0,0.0,0.0,0
92.04,-2.7649,0.8491,128.8566,0.0,-0.0418,128.8566,,,,,,,,,,,,0.0,0.0,0.0,0.0,0
92.06,-2.7646,0.8464,128.857,0.0,0.254,128.857,,,,,,,,,,,,0.0,0.0,0.0,0.0,0
92.08,-2.7646,0.8464,128.857,0.0,0.254,128.857,,,,,,,,,,,,0.0,0.0,0.0,0.0,0
92.1,-2.7646,0.8464,128.857,0.0,0.254,128.857,,,,,,,,,,,,0.0,0.0,0.0,0.0,0
92.12,-2.7646,0.8464,128.857,0.0,0.254,128.857,,,,,,,,,,,,0.0,0.0,0.0,0.0,0
92.14,-2.7646,0.8464,128.857,0.0,0.254,128.857,,,,,,,,,,,,0.0,0.0,0.0,0.0,0
92.16,-2.7601,0.8455,128.858,0.0,0.3534,128.858,,,,,,,,,,,,0.0,0.0,0.0,0.0,0
92.18,-2.7601,0.8455,128.858,0.0,0.3534,128.858,,,,,,,,,,,,0.0,0.0,0.0,0.0,0
92.2,-2.7601,0.8455,128.858,0.0,0.3534,128.858,,,,,,,,,,,,0.0,0.0,0.0,0.0,0
92.22,-2.7601,0.8455,128.858,0.0,0.3534,128.858,,,,,,,,,,,,0.0,0.0,0.0,0.0,0
92.24,-2.7601,0.8455,128.858,0.0,0.3534,128.858,,,,,,,,,,,,0.0,0.0,0.0,0.0,0
92.26,-2.7595,0.8473,128.8562,0.0,0.5032,128.8562,,,,,,,,,,,,0.0,0.0,0.0,0.0,0
92.28,-2.7595,0.8473,128.8562,0.0,0.5032,128.8562,,,,,,,,,,,,0.0,0.0,0.0,0.0,0
92.3,-2.7595,0.8473,128.8562,0.0,0.5032,128.8562,,,,,,,,,,,,0.0,0.0,0.0,0.0,0
92.32,-2.7595,0.8473,128.8562,0.0,0.5032,128.8562,,,,,,,,,,,,0.0,0.0,0.0,0.0,0
92.34,-2.7595,0.8473,128.8562,0.0,0.5032,128.8562,,,,,,,,,,,,0.0,0.0,0.0,0.0,0
92.36,-2.7623,0.8462,128.8603,0.0,1.0773,128.8603,,,,,,,,,,,,0.0,0.0,0.0,0.0,0
92.38,-2.7623,0.8462,128.8603,0.0,1.0773,128.8603,,,,,,,,,,,,0.0,0.0,0.0,0.0,0
92.4,-2.7623,0.8462,128.8603,0.0,1.0773,128.8603,,,,,,,,,,,,0.0,0.0,0.0,0.0,0
92.42,-2.7623,0.8462,128.8603,0.0,1.0773,128.8603,,,,,,,,,,,,0.0,0.0,0.0,0.0,0
92.44,-2.7623,0.8462,128.8603,0.0,1.0773,128.8603,,,,,,,,,,,,0.0,0.0,0.0,0.0,0
92.46,-2.7607,0.8439,128.8569,0.0,1.2338,128.8569,,,,,,,,,,,,0.0,0.0,0.0,0.0,0
92.48,-2.7607,0.8439,128.8569,0.0,1.2338,128.8569,,,,,,,,,,,,0.0,0.0,0.0,0.0,0
92.5,-2.7607,0.8439,128.8569,0.0,1.2338,128.8569,,,,,,,,,,,,0.0,0.0,0.0,0.0,0
92.52,-2.7607,0.8439,128.8569,0.0,1.2338,128.8569,,,,,,,,,,,,0.0,0.0,0.0,0.0,0
92.54,-2.7607,0.8439,128.8569,0.0,1.2338,128.8569,,,,,,,,,,,,0.0,0.0,0.0,0.0,0
92.56,-2.7622,0.8399,128.8545,0.0,1.1852,128.8545,,,,,,,,,,,,0.0,0.0,0.0,0.0,0
92.58,-2.7622,0.8399,128.8545,0.0,1.1852,128.8545,,,,,,,,,,,,0.0,0.0,0.0,0.0,0
92.6,-2.7622,0.8399,128.8545,0.0,1.1852,128.8545,,,,,,,,,,,,0.0,0.0,0.0,0.0,0
92.62,-2.7622,0.8399,128.8545,0.0,1.1852,128.8545,,,,,,,,,,,,0.0,0.0,0.0,0.0,0
92.64,-2.7622,0.8399,128.8545,0.0,1.1852,128.8545,,,,,,,,,,,,0.0,0.0,0.0,0.0,0
92.66,-2.7617,0.8374,128.852,0.0,1.1229,128.852,,,,,,,,,,,,0.0,0.0,0.0,0.0,0
92.68,-2.7617,0.8374,128.852,0.0,1.1229,128.852,,,,,,,,,,,,0.0,0.0,0.0,0.0,0
92.7,-2.7617,0.8374,128.852,0.0,1.1229,128.852,,,,,,,,,,,,0.0,0.0,0.0,0.0,0
92.72,-2.7617,0.8374,128.852,0.0,1.1229,128.852,,,,,,,,,,,,0.0,0.0,0.0,0.0,0
92.74,-2.7617,0.8374,128.852,0.0,1.1229,128.852,,,,,,,,,,,,0.0,0.0,0.0,0.0,0
92.76,-2.7647,0.8329,128.85,0.0,1.1388,128.85,,,,,,,,,,,,0.0,0.0,0.0,0.0,0
92.78,-2.7647,0.8329,128.85,0.0,1.1388,128.85,,,,,,,,,,,,0.0,0.0,0.0,0.0,0
92.8,-2.7647,0.8329,128.85,0.0,1.1388,128.85,,,,,,,,,,,,0.0,0.0,0.0,0.0,0
92.82,-2.7647,0.8329,128.85,0.0,1.1388,128.85,,,,,,,,,,,,0.0,0.0,0.0,0.0,0
92.84,-2.7647,0.8329,128.85,0.0,1.1388,128.85,,,,,,,,,,,,0.0,0.0,0.0,0.0,0
92.86,-2.7658,0.8351,128.8494,0.0,1.1576,128.8494,,,,,,,,,,,,0.0,0.0,0.0,0.0,0
92.88,-2.7658,0.8351,128.8494,0.0,1.1576,128.8494,,,,,,,,,,,,0.0,0.0,0.0,0.0,0
92.9,-2.7658,0.8351,128.8494,0.0,1.1576,128.8494,,,,,,,,,,,,0.0,0.0,0.0,0.0,0
92.92,-2.7658,0.8351,128.8494,0.0,1.1576,128.8494,,,,,,,,,,,,0.0,0.0,0.0,0.0,0
92.94,-2.7658,0.8351,128.8494,0.0,1.1576,128.8494,,,,,,,,,,,,0.0,0.0,0.0,0.0,0
92.96,-2.7652,0.8313,128.853,0.0,1.1485,128.853,,,,,,,,,,,,0.0,0.0,0.0,0.0,0
92.98,-2.7652,0.8313,128.853,0.0,1.1485,128.853,,,,,,,,,,,,0.0,0.0,0.0,0.0,0
93.0,-2.7652,0.8313,128.853,0.0,1.1485,128.853,,,,,,,,,,,,0.0,0.0,0.0,0.0,0
93.02,-2.7652,0.8313,128.853,0.0,1.1485,128.853,,,,,,,,,,,,0.0,0.0,0.0,0.0,0
93.04,-2.7652,0.8313,128.853,0.0,1.1485,128.853,,,,,,,,,,,,0.0,0.0,0.0,0.0,0
93.06,-2.7649,0.8273,128.8501,0.0,1.0921,128.8501,,,,,,,,,,,,0.0,0.0,0.0,0.0,0
93.08,-2.7649,0.8273,128.8501,0.0,1.0921,128.8501,,,,,,,,,,,,0.0,0.0,0.0,0.0,0
93.1,-2.7649,0.8273,128.8501,0.0,1.0921,128.8501,,,,,,,,,,,,0.0,0.0,0.0,0.0,0
93.12,-2.7649,0.8273,128.8501,0.0,1.0921,128.8501,,,,,,,,,,,,0.0,0.0,0.0,0.0,0
93.14,-2.7649,0.8273,128.8501,0.0,1.0921,128.8501,,,,,,,,,,,,0.0,0.0,0.0,0.0,0
93.16,-2.7629,0.8285,128.8471,0.0,0.9984,128.8471,,,,,,,,,,,,0.0,0.0,0.0,0.0,0
93.18,-2.7629,0.8285,128.8471,0.0,0.9984,128.8471,,,,,,,,,,,,0.0,0.0,0.0,0.0,0
93.2,-2.7629,0.8285,128.8471,0.0,0.9984,128.8471,,,,,,,,,,,,0.0,0.0,0.0,0.0,0
93.22,-2.7629,0.8285,128.8471,0.0,0.9984,128.8471,,,,,,,,,,,,0.0,0.0,0.0,0.0,0
93.24,-2.7629,0.8285,128.8471,0.0,0.9984,128.8471,,,,,,,,,,,,0.0,0.0,0.0,0.0,0
93.26,-2.7617,0.8257,128.845,0.0,0.9322,128.845,,,,,,,,,,,,0.0,0.0,0.0,0.0,0
93.28,-2.7617,0.8257,128.845,0.0,0.9322,128.845,,,,,,,,,,,,0.0,0.0,0.0,0.0,0
93.3,-2.7617,0.8257,128.845,0.0,0.9322,128.845,,,,,,,,,,,,0.0,0.0,0.0,0.0,0
93.32,-2.7617,0.8257,128.845,0.0,0.9322,128.845,,,,,,,,,,,,0.0,0.0,0.0,0.0,0
93.34,-2.7617,0.8257,128.845,0.0,0.9322,128.845,,,,,,,,,,,,0.0,0.0,0.0,0.0,0
93.36,-2.7657,0.8239,128.8418,0.0,1.3763,128.8418,,,,,,,,,,,,0.0,0.0,0.0,0.0,0
93.38,-2.7657,0.8239,128.8418,0.0,1.3763,128.8418,,,,,,,,,,,,0.0,0.0,0.0,0.0,0
93.4,-2.7657,0.8239,128.8418,0.0,1.3763,128.8418,,,,,,,,,,,,0.0,0.0,0.0,0.0,0
93.42,-2.7657,0.8239,128.8418,0.0,1.3763,128.8418,,,,,,,,,,,,0.0,0.0,0.0,0.0,0
93.44,-2.7657,0.8239,128.8418,0.0,1.3763,128.8418,,,,,,,,,,,,0.0,0.0,0.0,0.0,0
93.46,-2.7652,0.8263,128.8414,0.0,1.4139,128.8414,,,,,,,,,,,,0.0,0.0,0.0,0.0,0
93.48,-2.7652,0.8263,128.8414,0.0,1.4139,128.8414,,,,,,,,,,,,0.0,0.0,0.0,0.0,0
93.5,-2.7652,0.8263,128.8414,0.0,1.4139,128.8414,,,,,,,,,,,,0.0,0.0,0.0,0.0,0
93.52,-2.7652,0.8263,128.8414,0.0,1.4139,128.8414,,,,,,,,,,,,0.0,0.0,0.0,0.0,0
93.54,-2.7652,0.8263,128.8414,0.0,1.4139,128.8414,,,,,,,,,,,,0.0,0.0,0.0,0.0,0
93.56,-2.7681,0.8242,128.838,0.0,1.2392,128.838,,,,,,,,,,,,0.0,0.0,0.0,0.0,0
93.58,-2.7681,0.8242,128.838,0.0,1.2392,128.838,,,,,,,,,,,,0.0,0.0,0.0,0.0,0
93.6,-2.7681,0.8242,128.838,0.0,1.2392,128.838,,,,,,,,,,,,0.0,0.0,0.0,0.0,0
93.62,-2.7681,0.8242,128.838,0.0,1.2392,128.838,,,,,,,,,,,,0.0,0.0,0.0,0.0,0
93.64,-2.7681,0.8242,128.838,0.0,1.2392,128.838,,,,,,,,,,,,0.0,0.0,0.0,0.0,0
93.66,-2.7677,0.8252,128.8383,0.0,1.4651,128.8383,,,,,,,,,,,,0.0,0.0,0.0,0.0,0
93.68,-2.7677,0.8252,128.8383,0.0,1.4651,128.8383,,,,,,,,,,,,0.0,0.0,0.0,0.0,0
93.7,-2.7677,0.8252,128.8383,0.0,1.4651,128.8383,,,,,,,,,,,,0.0,0.0,0.0,0.0,0
93.72,-2.7677,0.8252,128.8383,0.0,1.4651,128.8383,,,,,,,,,,,,0.0,0.0,0.0,0.0,0
93.74,-2.7677,0.8252,128.8383,0.0,1.4651,128.8383,,,,,,,,,,,,0.0,0.0,0.0,0.0,0
93.76,-2.7675,0.8275,128.8337,0.0,2.0226,128.8337,,,,,,,,,,,,0.0,0.0,0.0,0.0,0
93.78,-2.7675,0.8275,128.8337,0.0,2.0226,128.8337,,,,,,,,,,,,0.0,0.0,0.0,0.0,0
93.8,-2.7675,0.8275,128.8337,0.0,2.0226,128.8337,,,,,,,,,,,,0.0,0.0,0.0,0.0,0
93.82,-2.7675,0.8275,128.8337,0.0,2.0226,128.8337,,,,,,,,,,,,0.0,0.0,0.0,0.0,0
93.84,-2.7675,0.8275,128.8337,0.0,2.0226,128.8337,,,,,,,,,,,,0.0,0.0,0.0,0.0,0
93.86,-2.7691,0.8298,128.8341,0.0,2.7541,128.8341,,,,,,,,,,,,0.0,0.0,0.0,0.0,0
93.88,-2.7691,0.8298,128.8341,0.0,2.7541,128.8341,,,,,,,,,,,,0.0,0.0,0.0,0.0,0
93.9,-2.7691,0.8298,128.8341,0.0,2.7541,128.8341,,,,,,,,,,,,0.0,0.0,0.0,0.0,0
93.92,-2.7691,0.8298,128.8341,0.0,2.7541,128.8341,,,,,,,,,,,,0.0,0.0,0.0,0.0,0
93.94,-2.7691,0.8298,128.8341,0.0,2.7541,128.8341,,,,,,,,,,,,0.0,0.0,0.0,0.0,0
93.96,-2.7695,0.8269,128.8323,0.0,3.2595,128.8323,,,,,,,,,,,,0.0,0.0,0.0,0.0,0
93.98,-2.7695,0.8269,128.8323,0.0,3.2595,128.8323,,,,,,,,,,,,0.0,0.0,0.0,0.0,0
94.0,-2.7695,0.8269,128.8323,0.0,3.2595,128.8323,,,,,,,,,,,,0.0,0.0,0.0,0.0,0
94.02,-2.7695,0.8269,128.8323,0.0,3.2595,128.8323,,,,,,,,,,,,0.0,0.0,0.0,0.0,0
94.04,-2.7695,0.8269,128.8323,0.0,3.2595,128.8323,,,,,,,,,,,,0.0,0.0,0.0,0.0,0
94.06,-2.7683,0.8293,128.8315,0.0,3.5357,128.8315,,,,,,,,,,,,0.0,0.0,0.0,0.0,0
94.08,-2.7683,0.8293,128.8315,0.0,3.5357,128.8315,,,,,,,,,,,,0.0,0.0,0.0,0.0,0
94.1,-2.7683,0.8293,128.8315,0.0,3.5357,128.8315,,,,,,,,,,,,0.0,0.0,0.0,0.0,0
94.12,-2.7683,0.8293,128.8315,0.0,3.5357,128.8315,,,,,,,,,,,,0.0,0.0,0.0,0.0,0
94.14,-2.7683,0.8293,128.8315,0.0,3.5357,128.8315,,,,,,,,,,,,0.0,0.0,0.0,0.0,0
94.16,-2.7678,0.8342,128.8276,0.0,3.6407,128.8276,,,,,,,,,,,,0.0,0.0,0.0,0.0,0
94.18,-2.7678,0.8342,128.8276,0.0,3.6407,128.8276,,,,,,,,,,,,0.0,0.0,0.0,0.0,0
94.2,-2.7678,0.8342,128.8276,0.0,3.6407,128.8276,,,,,,,,,,,,0.0,0.0,0.0,0.0,0
94.22,-2.7678,0.8342,128.8276,0.0,3.6407,128.8276,,,,,,,,,,,,0.0,0.0,0.0,0.0,0
94.24,-2.7678,0.8342,128.8276,0.0,3.6407,128.8276,,,,,,,,,,,,0.0,0.0,0.0,0.0,0
94.26,-2.7689,0.8365,128.8251,0.0,3.677,128.8251,,,,,,,,,,,,0.0,0.0,0.0,0.0,0
94.28,-2.7689,0.8365,128.8251,0.0,3.677,128.8251,,,,,,,,,,,,0.0,0.0,0.0,0.0,0
94.3,-2.7689,0.8365,128.8251,0.0,3.677,128.8251,,,,,,,,,,,,0.0,0.0,0.0,0.0,0
94.32,-2.7689,0.8365,128.8251,0.0,3.677,128.8251,,,,,,,,,,,,0.0,0.0,0.0,0.0,0
94.34,-2.7689,0.8365,128.8251,0.0,3.677,128.8251,,,,,,,,,,,,0.0,0.0,0.0,0.0,0
94.36,-2.7726,0.8412,128.8222,0.0,3.4992,128.8222,,,,,,,,,,,,0.0,0.0,0.0,0.0,0
94.38,-2.7726,0.8412,128.8222,0.0,3.4992,128.8222,,,,,,,,,,,,0.0,0.0,0.0,0.0,0
94.4,-2.7726,0.8412,128.8222,0.0,3.4992,128.8222,,,,,,,,,,,,0.0,0.0,0.0,0.0,0
94.42,-2.7726,0.8412,128.8222,0.0,3.4992,128.8222,,,,,,,,,,,,0.0,0.0,0.0,0.0,0
94.44,-2.7726,0.8412,128.8222,0.0,3.4992,128.8222,,,,,,,,,,,,0.0,0.0,0.0,0.0,0
94.46,-2.7723,0.8472,128.8212,0.0,3.2942,128.8212,,,,,,,,,,,,0.0,0.0,0.0,0.0,0
94.48,-2.7723,0.8472,128.8212,0.0,3.2942,128.8212,,,,,,,,,,,,0.0,0.0,0.0,0.0,0
94.5,-2.7723,0.8472,128.8212,0.0,3.2942,128.8212,,,,,,,,,,,,0.0,0.0,0.0,0.0,0
94.52,-2.7723,0.8472,128.8212,0.0,3.2942,128.8212,,,,,,,,,,,,0.0,0.0,0.0,0.0,0
94.54,-2.7723,0.8472,128.8212,0.0,3.2942,128.8212,,,,,,,,,,,,0.0,0.0,0.0,0.0,0
94.56,-2.7764,0.8546,128.8169,0.0,3.1215,128.8169,,,,,,,,,,,,0.0,0.0,0.0,0.0,0
94.58,-2.7764,0.8546,128.8169,0.0,3.1215,128.8169,,,,,,,,,,,,0.0,0.0,0.0,0.0,0
94.6,-2.7764,0.8546,128.8169,0.0,3.1215,128.8169,,,,,,,,,,,,0.0,0.0,0.0,0.0,0
94.62,-2.7764,0.8546,128.8169,0.0,3.1215,128.8169,,,,,,,,,,,,0.0,0.0,0.0,0.0,0
94.64,-2.7764,0.8546,128.8169,0.0,3.1215,128.8169,,,,,,,,,,,,0.0,0.0,0.0,0.0,0
94.66,-2.7772,0.861,128.8177,0.0,3.0915,128.8177,,,,,,,,,,,,0.0,0.0,0.0,0.0,0
94.68,-2.7772,0.861,128.8177,0.0,3.0915,128.8177,,,,,,,,,,,,0.0,0.0,0.0,0.0,0
94.7,-2.7772,0.861,128.8177,0.0,3.0915,128.8177,,,,,,,,,,,,0.0,0.0,0.0,0.0,0
94.72,-2.7772,0.861,128.8177,0.0,3.0915,128.8177,,,,,,,,,,,,0.0,0.0,0.0,0.0,0
94.74,-2.7772,0.861,128.8177,0.0,3.0915,128.8177,,,,,,,,,,,,0.0,0.0,0.0,0.0,0
94.76,-2.7772,0.8683,128.8194,0.0,3.0858,128.8194,,,,,,,,,,,,0.0,0.0,0.0,0.0,0
94.78,-2.7772,0.8683,128.8194,0.0,3.0858,128.8194,,,,,,,,,,,,0.0,0.0,0.0,0.0,0
94.8,-2.7772,0.8683,128.8194,0.0,3.0858,128.8194,,,,,,,,,,,,0.0,0.0,0.0,0.0,0
94.82,-2.7772,0.8683,128.8194,0.0,3.0858,128.8194,,,,,,,,,,,,0.0,0.0,0.0,0.0,0
94.84,-2.7772,0.8683,128.8194,0.0,3.0858,128.8194,,,,,,,,,,,,0.0,0.0,0.0,0.0,0
94.86,-2.7762,0.8719,128.8166,0.0,3.105,128.8166,,,,,,,,,,,,0.0,0.0,0.0,0.0,0
94.88,-2.7762,0.8719,128.8166,0.0,3.105,128.8166,,,,,,,,,,,,0.0,0.0,0.0,0.0,0
94.9,-2.7762,0.8719,128.8166,0.0,3.105,128.8166,,,,,,,,,,,,0.0,0.0,0.0,0.0,0
94.92,-2.7762,0.8719,128.8166,0.0,3.105,128.8166,,,,,,,,,,,,0.0,0.0,0.0,0.0,0
94.94,-2.7762,0.8719,128.8166,0.0,3.105,128.8166,,,,,,,,,,,,0.0,0.0,0.0,0.0,0
94.96,-2.7774,0.8766,128.8165,0.0,3.0912,128.8165,,,,,,,,,,,,0.0,0.0,0.0,0.0,0
94.98,-2.7774,0.8766,128.8165,0.0,3.0912,128.8165,,,,,,,,,,,,0.0,0.0,0.0,0.0,0
95.0,-2.7774,0.8766,128.8165,0.0,3.0912,128.8165,,,,,,,,,,,,0.0,0.0,0.0,0.0,0
95.02,-2.7774,0.8766,128.8165,0.0,3.0912,128.8165,,,,,,,,,,,,0.0,0.0,0.0,0.0,0
95.04,-2.7774,0.8766,128.8165,0.0,3.0912,128.8165,,,,,,,,,,,,0.0,0.0,0.0,0.0,0
95.06,-2.7796,0.8834,128.8103,0.0,3.0765,128.8103,,,,,,,,,,,,0.0,0.0,0.0,0.0,0
95.08,-2.7796,0.8834,128.8103,0.0,3.0765,128.8103,,,,,,,,,,,,0.0,0.0,0.0,0.0,0
95.1,-2.7796,0.8834,128.8103,0.0,3.0765,128.8103,,,,,,,,,,,,0.0,0.0,0.0,0.0,0
95.12,-2.7796,0.8834,128.8103,0.0,3.0765,128.8103,,,,,,,,,,,,0.0,0.0,0.0,0.0,0
95.14,-2.7796,0.8834,128.8103,0.0,3.0765,128.8103,,,,,,,,,,,,0.0,0.0,0.0,0.0,0
95.16,-2.7816,0.8873,128.8125,0.0,3.0612,128.8125,,,,,,,,,,,,0.0,0.0,0.0,0.0,0
95.18,-2.7816,0.8873,128.8125,0.0,3.0612,128.8125,,,,,,,,,,,,0.0,0.0,0.0,0.0,0
95.2,-2.7816,0.8873,128.8125,0.0,3.0612,128.8125,,,,,,,,,,,,0.0,0.0,0.0,0.0,0
95.22,-2.7816,0.8873,128.8125,0.0,3.0612,128.8125,,,,,,,,,,,,0.0,0.0,0.0,0.0,0
95.24,-2.7816,0.8873,128.8125,0.0,3.0612,128.8125,,,,,,,,,,,,0.0,0.0,0.0,0.0,0
95.26,-2.7808,0.8921,128.8103,0.0,3.0301,128.8103,,,,,,,,,,,,0.0,0.0,0.0,0.0,0
95.28,-2.7808,0.8921,128.8103,0.0,3.0301,128.8103,,,,,,,,,,,,0.0,0.0,0.0,0.0,0
95.3,-2.7808,0.8921,128.8103,0.0,3.0301,128.8103,,,,,,,,,,,,0.0,0.0,0.0,0.0,0
95.32,-2.7808,0.8921,128.8103,0.0,3.0301,128.8103,,,,,,,,,,,,0.0,0.0,0.0,0.0,0
95.34,-2.7808,0.8921,128.8103,0.0,3.0301,128.8103,,,,,,,,,,,,0.0,0.0,0.0,0.0,0
95.36,-2.7824,0.8946,128.8058,0.0,3.0385,128.8058,,,,,,,,,,,,0.0,0.0,0.0,0.0,0
95.38,-2.7824,0.8946,128.8058,0.0,3.0385,128.8058,,,,,,,,,,,,0.0,0.0,0.0,0.0,0
95.4,-2.7824,0.8946,128.8058,0.0,3.0385,128.8058,,,,,,,,,,,,0.0,0.0,0.0,0.0,0
95.42,-2.7824,0.8946,128.8058,0.0,3.0385,128.8058,,,,,,,,,,,,0.0,0.0,0.0,0.0,0
95.44,-2.7824,0.8946,128.8058,0.0,3.0385,128.8058,,,,,,,,,,,,0.0,0.0,0.0,0.0,0
95.46,-2.7808,0.9016,128.8042,0.0,3.1216,128.8042,,,,,,,,,,,,0.0,0.0,0.0,0.0,0
95.48,-2.7808,0.9016,128.8042,0.0,3.1216,128.8042,,,,,,,,,,,,0.0,0.0,0.0,0.0,0
95.5,-2.7808,0.9016,128.8042,0.0,3.1216,128.8042,,,,,,,,,,,,0.0,0.0,0.0,0.0,0
95.52,-2.7808,0.9016,128.8042,0.0,3.1216,128.8042,,,,,,,,,,,,0.0,0.0,0.0,0.0,0
95.54,-2.7808,0.9016,128.8042,0.0,3.1216,128.8042,,,,,,,,,,,,0.0,0.0,0.0,0.0,0
95.56,-2.7819,0.9099,128.8031,0.0,3.0895,128.8031,,,,,,,,,,,,0.0,0.0,0.0,0.0,0
95.58,-2.7819,0.9099,128.8031,0.0,3.0895,128.8031,,,,,,,,,,,,0.0,0.0,0.0,0.0,0
95.6,-2.7819,0.9099,128.8031,0.0,3.0895,128.8031,,,,,,,,,,,,0.0,0.0,0.0,0.0,0
95.62,-2.7819,0.9099,128.8031,0.0,3.0895,128.8031,,,,,,,,,,,,0.0,0.0,0.0,0.0,0
95.64,-2.7819,0.9099,128.8031,0.0,3.0895,128.8031,,,,,,,,,,,,0.0,0.0,0.0,0.0,0
95.66,-2.7826,0.9154,128.8132,0.0,3.1117,128.8132,,,,,,,,,,,,0.0,0.0,0.0,0.0,0
95.68,-2.7826,0.9154,128.8132,0.0,3.1117,128.8132,,,,,,,,,,,,0.0,0.0,0.0,0.0,0
95.7,-2.7826,0.9154,128.8132,0.0,3.1117,128.8132,,,,,,,,,,,,0.0,0.0,0.0,0.0,0
95.72,-2.7826,0.9154,128.8132,0.0,3.1117,128.8132,,,,,,,,,,,,0.0,0.0,0.0,0.0,0
95.74,-2.7826,0.9154,128.8132,0.0,3.1117,128.8132,,,,,,,,,,,,0.0,0.0,0.0,0.0,0
95.76,-2.7868,0.9245,128.8153,0.0,3.1406,128.8153,,,,,,,,,,,,0.0,0.0,0.0,0.0,0
95.78,-2.7868,0.9245,128.8153,0.0,3.1406,128.8153,,,,,,,,,,,,0.0,0.0,0.0,0.0,0
95.8,-2.7868,0.9245,128.8153,0.0,3.1406,128.8153,,,,,,,,,,,,0.0,0.0,0.0,0.0,0
95.82,-2.7868,0.9245,128.8153,0.0,3.1406,128.8153,,,,,,,,,,,,0.0,0.0,0.0,0.0,0
95.84,-2.7868,0.9245,128.8153,0.0,3.1406,128.8153,,,,,,,,,,,,0.0,0.0,0.0,0.0,0
95.86,-2.7873,0.9306,128.8235,0.0,3.3788,128.8235,,,,,,,,,,,,0.0,0.0,0.0,0.0,0
95.88,-2.7873,0.9306,128.8235,0.0,3.3788,128.8235,,,,,,,,,,,,0.0,0.0,0.0,0.0,0
95.9,-2.7873,0.9306,128.8235,0.0,3.3788,128.8235,,,,,,,,,,,,0.0,0.0,0.0,0.0,0
95.92,-2.7873,0.9306,128.8235,0.0,3.3788,128.8235,,,,,,,,,,,,0.0,0.0,0.0,0.0,0
95.94,-2.7873,0.9306,128.8235,0.0,3.3788,128.8235,,,,,,,,,,,,0.0,0.0,0.0,0.0,0
95.96,-2.7871,0.9306,128.8246,0.0,3.7835,128.8246,,,,,,,,,,,,0.0,0.0,0.0,0.0,0
95.98,-2.7871,0.9306,128.8246,0.0,3.7835,128.8246,,,,,,,,,,,,0.0,0.0,0.0,0.0,0
96.0,-2.7871,0.9306,128.8246,0.0,3.7835,128.8246,,,,,,,,,,,,0.0,0.0,0.0,0.0,0
96.02,-2.7871,0.9306,128.8246,0.0,3.7835,128.8246,,,,,,,,,,,,0.0,0.0,0.0,0.0,0
96.04,-2.7871,0.9306,128.8246,0.0,3.7835,128.8246,,,,,,,,,,,,0.0,0.0,0.0,0.0,0
96.06,-2.7932,0.9358,128.8285,0.0,4.3463,128.8285,,,,,,,,,,,,0.0,0.0,0.0,0.0,0
96.08,-2.7932,0.9358,128.8285,0.0,4.3463,128.8285,,,,,,,,,,,,0.0,0.0,0.0,0.0,0
96.1,-2.7932,0.9358,128.8285,0.0,4.3463,128.8285,,,,,,,,,,,,0.0,0.0,0.0,0.0,0
96.12,-2.7932,0.9358,128.8285,0.0,4.3463,128.8285,,,,,,,,,,,,0.0,0.0,0.0,0.0,0
96.14,-2.7932,0.9358,128.8285,0.0,4.3463,128.8285,,,,,,,,,,,,0.0,0.0,0.0,0.0,0
96.16,-2.7927,0.943,128.8403,0.0,5.0056,128.8403,,,,,,,,,,,,0.0,0.0,0.0,0.0,0
96.18,-2.7927,0.943,128.8403,0.0,5.0056,128.8403,,,,,,,,,,,,0.0,0.0,0.0,0.0,0
96.2,-2.7927,0.943,128.8403,0.0,5.0056,128.8403,,,,,,,,,,,,0.0,0.0,0.0,0.0,0
96.22,-2.7927,0.943,128.8403,0.0,5.0056,128.8403,,,,,,,,,,,,0.0,0.0,0.0,0.0,0
96.24,-2.7927,0.943,128.8403,0.0,5.0056,128.8403,,,,,,,,,,,,0.0,0.0,0.0,0.0,0
96.26,-2.7959,0.9485,128.8397,0.0,5.2479,128.8397,,,,,,,,,,,,0.0,0.0,0.0,0.0,0
96.28,-2.7959,0.9485,128.8397,0.0,5.2479,128.8397,,,,,,,,,,,,0.0,0.0,0.0,0.0,0
96.3,-2.7959,0.9485,128.8397,0.0,5.2479,128.8397,,,,,,,,,,,,0.0,0.0,0.0,0.0,0
96.32,-2.7959,0.9485,128.8397,0.0,5.2479,128.8397,,,,,,,,,,,,0.0,0.0,0.0,0.0,0
96.34,-2.7959,0.9485,128.8397,0.0,5.2479,128.8397,,,,,,,,,,,,0.0,0.0,0.0,0.0,0
96.36,-2.7931,0.9531,128.8489,0.0,5.4001,128.8489,,,,,,,,,,,,0.0,0.0,0.0,0.0,0
96.38,-2.7931,0.9531,128.8489,0.0,5.4001,128.8489,,,,,,,,,,,,0.0,0.0,0.0,0.0,0
96.4,-2.7931,0.9531,128.8489,0.0,5.4001,128.8489,,,,,,,,,,,,0.0,0.0,0.0,0.0,0
96.42,-2.7931,0.9531,128.8489,0.0,5.4001,128.8489,,,,,,,,,,,,0.0,0.0,0.0,0.0,0
96.44,-2.7931,0.9531,128.8489,0.0,5.4001,128.8489,,,,,,,,,,,,0.0,0.0,0.0,0.0,0
96.46,-2.7899,0.9578,128.8496,0.0,5.5172,128.8496,,,,,,,,,,,,0.0,0.0,0.0,0.0,0
96.48,-2.7899,0.9578,128.8496,0.0,5.5172,128.8496,,,,,,,,,,,,0.0,0.0,0.0,0.0,0
96.5,-2.7899,0.9578,128.8496,0.0,5.5172,128.8496,,,,,,,,,,,,0.0,0.0,0.0,0.0,0
96.52,-2.7899,0.9578,128.8496,0.0,5.5172,128.8496,,,,,,,,,,,,0.0,0.0,0.0,0.0,0
96.54,-2.7899,0.9578,128.8496,0.0,5.5172,128.8496,,,,,,,,,,,,0.0,0.0,0.0,0.0,0
96.56,-2.7903,0.9634,128.8568,0.0,5.5061,128.8568,,,,,,,,,,,,0.0,0.0,0.0,0.0,0
96.58,-2.7903,0.9634,128.8568,0.0,5.5061,128.8568,,,,,,,,,,,,0.0,0.0,0.0,0.0,0
96.6,-2.7903,0.9634,128.8568,0.0,5.5061,128.8568,,,,,,,,,,,,0.0,0.0,0.0,0.0,0
96.62,-2.7903,0.9634,128.8568,0.0,5.5061,128.8568,,,,,,,,,,,,0.0,0.0,0.0,0.0,0
96.64,-2.7903,0.9634,128.8568,0.0,5.5061,128.8568,,,,,,,,,,,,0.0,0.0,0.0,0.0,0
96.66,-2.7882,0.9654,128.8587,0.0,5.3791,128.8587,,,,,,,,,,,,0.0,0.0,0.0,0.0,0
96.68,-2.7882,0.9654,128.8587,0.0,5.3791,128.8587,,,,,,,,,,,,0.0,0.0,0.0,0.0,0
96.7,-2.7882,0.9654,128.8587,0.0,5.3791,128.8587,,,,,,,,,,,,0.0,0.0,0.0,0.0,0
96.72,-2.7882,0.9654,128.8587,0.0,5.3791,128.8587,,,,,,,,,,,,0.0,0.0,0.0,0.0,0
96.74,-2.7882,0.9654,128.8587,0.0,5.3791,128.8587,,,,,,,,,,,,0.0,0.0,0.0,0.0,0
96.76,-2.7869,0.9677,128.8648,0.0,5.2006,128.8648,,,,,,,,,,,,0.0,0.0,0.0,0.0,0
96.78,-2.7869,0.9677,128.8648,0.0,5.2006,128.8648,,,,,,,,,,,,0.0,0.0,0.0,0.0,0
96.8,-2.7869,0.9677,128.8648,0.0,5.2006,128.8648,,,,,,,,,,,,0.0,0.0,0.0,0.0,0
96.82,-2.7869,0.9677,128.8648,0.0,5.2006,128.8648,,,,,,,,,,,,0.0,0.0,0.0,0.0,0
96.84,-2.7869,0.9677,128.8648,0.0,5.2006,128.8648,,,,,,,,,,,,0.0,0.0,0.0,0.0,0
96.86,-2.7818,0.9708,128.8697,0.0,5.1057,128.8697,,,,,,,,,,,,0.0,0.0,0.0,0.0,0
96.88,-2.7818,0.9708,128.8697,0.0,5.1057,128.8697,,,,,,,,,,,,0.0,0.0,0.0,0.0,0
96.9,-2.7818,0.9708,128.8697,0.0,5.1057,128.8697,,,,,,,,,,,,0.0,0.0,0.0,0.0,0
96.92,-2.7818,0.9708,128.8697,0.0,5.1057,128.8697,,,,,,,,,,,,0.0,0.0,0.0,0.0,0
96.94,-2.7818,0.9708,128.8697,0.0,5.1057,128.8697,,,,,,,,,,,,0.0,0.0,0.0,0.0,0
96.96,-2.7832,0.9768,128.8706,0.0,5.0572,128.8706,,,,,,,,,,,,0.0,0.0,0.0,0.0,0
96.98,-2.7832,0.9768,128.8706,0.0,5.0572,128.8706,,,,,,,,,,,,0.0,0.0,0.0,0.0,0
97.0,-2.7832,0.9768,128.8706,0.0,5.0572,128.8706,,,,,,,,,,,,0.0,0.0,0.0,0.0,0
97.02,-2.7832,0.9768,128.8706,0.0,5.0572,128.8706,,,,,,,,,,,,0.0,0.0,0.0,0.0,0
97.04,-2.7832,0.9768,128.8706,0.0,5.0572,128.8706,,,,,,,,,,,,0.0,0.0,0.0,0.0,0
97.06,-2.7844,0.9827,128.8794,0.0,5.0325,128.8794,,,,,,,,,,,,0.0,0.0,0.0,0.0,0
97.08,-2.7844,0.9827,128.8794,0.0,5.0325,128.8794,,,,,,,,,,,,0.0,0.0,0.0,0.0,0
97.1,-2.7844,0.9827,128.8794,0.0,5.0325,128.8794,,,,,,,,,,,,0.0,0.0,0.0,0.0,0
97.12,-2.7844,0.9827,128.8794,0.0,5.0325,128.8794,,,,,,,,,,,,0.0,0.0,0.0,0.0,0
97.14,-2.7844,0.9827,128.8794,0.0,5.0325,128.8794,,,,,,,,,,,,0.0,0.0,0.0,0.0,0
97.16,-2.7799,0.9845,128.8793,0.0,5.0198,128.8793,,,,,,,,,,,,0.0,0.0,0.0,0.0,0
97.18,-2.7799,0.9845,128.8793,0.0,5.0198,128.8793,,,,,,,,,,,,0.0,0.0,0.0,0.0,0
97.2,-2.7799,0.9845,128.8793,0.0,5.0198,128.8793,,,,,,,,,,,,0.0,0.0,0.0,0.0,0
97.22,-2.7799,0.9845,128.8793,0.0,5.0198,128.8793,,,,,,,,,,,,0.0,0.0,0.0,0.0,0
97.24,-2.7799,0.9845,128.8793,0.0,5.0198,128.8793,,,,,,,,,,,,0.0,0.0,0.0,0.0,0
97.26,-2.7828,0.9893,128.89,0.0,5.0134,128.89,,,,,,,,,,,,0.0,0.0,0.0,0.0,0
97.28,-2.7828,0.9893,128.89,0.0,5.0134,128.89,,,,,,,,,,,,0.0,0.0,0.0,0.0,0
97.3,-2.7828,0.9893,128.89,0.0,5.0134,128.89,,,,,,,,,,,,0.0,0.0,0.0,0.0,0
97.32,-2.7828,0.9893,128.89,0.0,5.0134,128.89,,,,,,,,,,,,0.0,0.0,0.0,0.0,0
97.34,-2.7828,0.9893,128.89,0.0,5.0134,128.89,,,,,,,,,,,,0.0,0.0,0.0,0.0,0
97.36,-2.7839,0.9986,128.8956,0.0,5.0158,128.8956,,,,,,,,,,,,0.0,0.0,0.0,0.0,0
97.38,-2.7839,0.9986,128.8956,0.0,5.0158,128.8956,,,,,,,,,,,,0.0,0.0,0.0,0.0,0
97.4,-2.7839,0.9986,128.8956,0.0,5.0158,128.8956,,,,,,,,,,,,0.0,0.0,0.0,0.0,0
97.42,-2.7839,0.9986,128.8956,0.0,5.0158,128.8956,,,,,,,,,,,,0.0,0.0,0.0,0.0,0
97.44,-2.7839,0.9986,128.8956,0.0,5.0158,128.8956,,,,,,,,,,,,0.0,0.0,0.0,0.0,0
97.46,-2.7846,1.0003,128.9052,0.0,5.0275,128.9051,,,,,,,,,,,,0.0,0.0,0.0,0.0,0
97.48,-2.7846,1.0003,128.9052,0.0,5.0275,128.9051,,,,,,,,,,,,0.0,0.0,0.0,0.0,0
97.5,-2.7846,1.0003,128.9052,0.0,5.0275,128.9051,,,,,,,,,,,,0.0,0.0,0.0,0.0,0
97.52,-2.7846,1.0003,128.9052,0.0,5.0275,128.9051,,,,,,,,,,,,0.0,0.0,0.0,0.0,0
97.54,-2.7846,1.0003,128.9052,0.0,5.0275,128.9051,,,,,,,,,,,,0.0,0.0,0.0,0.0,0
97.56,-2.7839,1.0034,128.9049,0.0,5.2984,128.9049,,,,,,,,,,,,0.0,0.0,0.0,0.0,0
97.58,-2.7839,1.0034,128.9049,0.0,5.2984,128.9049,,,,,,,,,,,,0.0,0.0,0.0,0.0,0
97.6,-2.7839,1.0034,128.9049,0.0,5.2984,128.9049,,,,,,,,,,,,0.0,0.0,0.0,0.0,0
97.62,-2.7839,1.0034,128.9049,0.0,5.2984,128.9049,,,,,,,,,,,,0.0,0.0,0.0,0.0,0
97.64,-2.7839,1.0034,128.9049,0.0,5.2984,128.9049,,,,,,,,,,,,0.0,0.0,0.0,0.0,0
97.66,-2.7848,1.01,128.916,0.0,4.9799,128.916,,,,,,,,,,,,0.0,0.0,0.0,0.0,0
97.68,-2.7848,1.01,128.916,0.0,4.9799,128.916,,,,,,,,,,,,0.0,0.0,0.0,0.0,0
97.7,-2.7848,1.01,128.916,0.0,4.9799,128.916,,,,,,,,,,,,0.0,0.0,0.0,0.0,0
97.72,-2.7848,1.01,128.916,0.0,4.9799,128.916,,,,,,,,,,,,0.0,0.0,0.0,0.0,0
97.74,-2.7848,1.01,128.916,0.0,4.9799,128.916,,,,,,,,,,,,0.0,0.0,0.0,0.0,0
97.76,-2.7822,1.012,128.9215,0.0,3.6813,128.9215,,,,,,,,,,,,0.0,0.0,0.0,0.0,0
97.78,-2.7822,1.012,128.9215,0.0,3.6813,128.9215,,,,,,,,,,,,0.0,0.0,0.0,0.0,0
97.8,-2.7822,1.012,128.9215,0.0,3.6813,128.9215,,,,,,,,,,,,0.0,0.0,0.0,0.0,0
97.82,-2.7822,1.012,128.9215,0.0,3.6813,128.9215,,,,,,,,,,,,0.0,0.0,0.0,0.0,0
97.84,-2.7822,1.012,128.9215,0.0,3.6813,128.9215,,,,,,,,,,,,0.0,0.0,0.0,0.0,0
97.86,-2.779,1.0093,128.9257,0.0,-1.3065,128.9257,,,,,,,,,,,,0.0,0.0,0.0,0.0,0
97.88,-2.779,1.0093,128.9257,0.0,-1.3065,128.9257,,,,,,,,,,,,0.0,0.0,0.0,0.0,0
97.9,-2.779,1.0093,128.9257,0.0,-1.3065,128.9257,,,,,,,,,,,,0.0,0.0,0.0,0.0,0
97.92,-2.779,1.0093,128.9257,0.0,-1.3065,128.9257,,,,,,,,,,,,0.0,0.0,0.0,0.0,0
97.94,-2.779,1.0093,128.9257,0.0,-1.3065,128.9257,,,,,,,,,,,,0.0,0.0,0.0,0.0,0
97.96,-2.7767,1.012,128.9329,0.0,-6.5532,128.9329,,,,,,,,,,,,0.0,0.0,0.0,0.0,0
97.98,-2.7767,1.012,128.9329,0.0,-6.5532,128.9329,,,,,,,,,,,,0.0,0.0,0.0,0.0,0
98.0,-2.7767,1.012,128.9329,0.0,-6.5532,128.9329,,,,,,,,,,,,0.0,0.0,0.0,0.0,0
98.02,-2.7767,1.012,128.9329,0.0,-6.5532,128.9329,,,,,,,,,,,,0.0,0.0,0.0,0.0,0
98.04,-2.7767,1.012,128.9329,0.0,-6.5532,128.9329,,,,,,,,,,,,0.0,0.0,0.0,0.0,0
98.06,-2.7769,1.0132,128.9364,0.0,-7.3374,128.9364,,,,,,,,,,,,0.0,0.0,0.0,0.0,0
98.08,-2.7769,1.0132,128.9364,0.0,-7.3374,128.9364,,,,,,,,,,,,0.0,0.0,0.0,0.0,0
98.1,-2.7769,1.0132,128.9364,0.0,-7.3374,128.9364,,,,,,,,,,,,0.0,0.0,0.0,0.0,0
98.12,-2.7769,1.0132,128.9364,0.0,-7.3374,128.9364,,,,,,,,,,,,0.0,0.0,0.0,0.0,0
98.14,-2.7769,1.0132,128.9364,0.0,-7.3374,128.9364,,,,,,,,,,,,0.0,0.0,0.0,0.0,0
98.16,-2.7769,1.0177,128.9398,0.0,-7.2495,128.9398,,,,,,,,,,,,0.0,0.0,0.0,0.0,0
98.18,-2.7769,1.0177,128.9398,0.0,-7.2495,128.9398,,,,,,,,,,,,0.0,0.0,0.0,0.0,0
98.2,-2.7769,1.0177,128.9398,0.0,-7.2495,128.9398,,,,,,,,,,,,0.0,0.0,0.0,0.0,0
98.22,-2.7769,1.0177,128.9398,0.0,-7.2495,128.9398,,,,,,,,,,,,0.0,0.0,0.0,0.0,0
98.24,-2.7769,1.0177,128.9398,0.0,-7.2495,128.9398,,,,,,,,,,,,0.0,0.0,0.0,0.0,0
98.26,-2.779,1.0176,128.942,0.0,-6.2442,128.942,,,,,,,,,,,,0.0,0.0,0.0,0.0,0
98.28,-2.779,1.0176,128.942,0.0,-6.2442,128.942,,,,,,,,,,,,0.0,0.0,0.0,0.0,0
98.3,-2.779,1.0176,128.942,0.0,-6.2442,128.942,,,,,,,,,,,,0.0,0.0,0.0,0.0,0
98.32,-2.779,1.0176,128.942,0.0,-6.2442,128.942,,,,,,,,,,,,0.0,0.0,0.0,0.0,0
98.34,-2.779,1.0176,128.942,0.0,-6.2442,128.942,,,,,,,,,,,,0.0,0.0,0.0,0.0,0
98.36,-2.7787,1.0234,128.9449,0.0,-6.5396,128.9449,,,,,,,,,,,,0.0,0.0,0.0,0.0,0
98.38,-2.7787,1.0234,128.9449,0.0,-6.5396,128.9449,,,,,,,,,,,,0.0,0.0,0.0,0.0,0
98.4,-2.7787,1.0234,128.9449,0.0,-6.5396,128.9449,,,,,,,,,,,,0.0,0.0,0.0,0.0,0
98.42,-2.7787,1.0234,128.9449,0.0,-6.5396,128.9449,,,,,,,,,,,,0.0,0.0,0.0,0.0,0
98.44,-2.7787,1.0234,128.9449,0.0,-6.5396,128.9449,,,,,,,,,,,,0.0,0.0,0.0,0.0,0
98.46,-2.7777,1.025,128.946,0.0,-6.3141,128.946,,,,,,,,,,,,0.0,0.0,0.0,0.0,0
98.48,-2.7777,1.025,128.946,0.0,-6.3141,128.946,,,,,,,,,,,,0.0,0.0,0.0,0.0,0
98.5,-2.7777,1.025,128.946,0.0,-6.3141,128.946,,,,,,,,,,,,0.0,0.0,0.0,0.0,0
98.52,-2.7777,1.025,128.946,0.0,-6.3141,128.946,,,,,,,,,,,,0.0,0.0,0.0,0.0,0
98.54,-2.7777,1.025,128.946,0.0,-6.3141,128.946,,,,,,,,,,,,0.0,0.0,0.0,0.0,0
98.56,-2.7764,1.0271,128.95,0.0,-5.7509,128.95,,,,,,,,,,,,0.0,0.0,0.0,0.0,0
98.58,-2.7764,1.0271,128.95,0.0,-5.7509,128.95,,,,,,,,,,,,0.0,0.0,0.0,0.0,0
98.6,-2.7764,1.0271,128.95,0.0,-5.7509,128.95,,,,,,,,,,,,0.0,0.0,0.0,0.0,0
98.62,-2.7764,1.0271,128.95,0.0,-5.7509,128.95,,,,,,,,,,,,0.0,0.0,0.0,0.0,0
98.64,-2.7764,1.0271,128.95,0.0,-5.7509,128.95,,,,,,,,,,,,0.0,0.0,0.0,0.0,0
98.66,-2.7748,1.0282,128.9561,0.0,-5.417,128.9561,,,,,,,,,,,,0.0,0.0,0.0,0.0,0
98.68,-2.7748,1.0282,128.9561,0.0,-5.417,128.9561,,,,,,,,,,,,0.0,0.0,0.0,0.0,0
98.7,-2.7748,1.0282,128.9561,0.0,-5.417,128.9561,,,,,,,,,,,,0.0,0.0,0.0,0.0,0
98.72,-2.7748,1.0282,128.9561,0.0,-5.417,128.9561,,,,,,,,,,,,0.0,0.0,0.0,0.0,0
98.74,-2.7748,1.0282,128.9561,0.0,-5.417,128.9561,,,,,,,,,,,,0.0,0.0,0.0,0.0,0
98.76,-2.7765,1.0281,128.9595,0.0,-5.0325,128.9595,,,,,,,,,,,,0.0,0.0,0.0,0.0,0
98.78,-2.7765,1.0281,128.9595,0.0,-5.0325,128.9595,,,,,,,,,,,,0.0,0.0,0.0,0.0,0
98.8,-2.7765,1.0281,128.9595,0.0,-5.0325,128.9595,,,,,,,,,,,,0.0,0.0,0.0,0.0,0
98.82,-2.7765,1.0281,128.9595,0.0,-5.0325,128.9595,,,,,,,,,,,,0.0,0.0,0.0,0.0,0
98.84,-2.7765,1.0281,128.9595,0.0,-5.0325,128.9595,,,,,,,,,,,,0.0,0.0,0.0,0.0,0
98.86,-2.7775,1.0293,128.9592,0.0,-4.5818,128.9592,,,,,,,,,,,,0.0,0.0,0.0,0.0,0
98.88,-2.7775,1.0293,128.9592,0.0,-4.5818,128.9592,,,,,,,,,,,,0.0,0.0,0.0,0.0,0
98.9,-2.7775,1.0293,128.9592,0.0,-4.5818,128.9592,,,,,,,,,,,,0.0,0.0,0.0,0.0,0
98.92,-2.7775,1.0293,128.9592,0.0,-4.5818,128.9592,,,,,,,,,,,,0.0,0.0,0.0,0.0,0
98.94,-2.7775,1.0293,128.9592,0.0,-4.5818,128.9592,,,,,,,,,,,,0.0,0.0,0.0,0.0,0
98.96,-2.7773,1.0292,128.9686,0.0,-4.3316,128.9686,,,,,,,,,,,,0.0,0.0,0.0,0.0,0
98.98,-2.7773,1.0292,128.9686,0.0,-4.3316,128.9686,,,,,,,,,,,,0.0,0.0,0.0,0.0,0
99.0,-2.7773,1.0292,128.9686,0.0,-4.3316,128.9686,,,,,,,,,,,,0.0,0.0,0.0,0.0,0
99.02,-2.7773,1.0292,128.9686,0.0,-4.3316,128.9686,,,,,,,,,,,,0.0,0.0,0.0,0.0,0
99.04,-2.7773,1.0292,128.9686,0.0,-4.3316,128.9686,,,,,,,,,,,,0.0,0.0,0.0,0.0,0
99.06,-2.7795,1.0293,128.9733,0.0,-4.0563,128.9733,,,,,,,,,,,,0.0,0.0,0.0,0.0,0
99.08,-2.7795,1.0293,128.9733,0.0,-4.0563,128.9733,,,,,,,,,,,,0.0,0.0,0.0,0.0,0
99.1,-2.7795,1.0293,128.9733,0.0,-4.0563,128.9733,,,,,,,,,,,,0.0,0.0,0.0,0.0,0
99.12,-2.7795,1.0293,128.9733,0.0,-4.0563,128.9733,,,,,,,,,,,,0.0,0.0,0.0,0.0,0
99.14,-2.7795,1.0293,128.9733,0.0,-4.0563,128.9733,,,,,,,,,,,,0.0,0.0,0.0,0.0,0
99.16,-2.7773,1.0303,128.9732,0.0,-4.0038,128.9732,,,,,,,,,,,,0.0,0.0,0.0,0.0,0
99.18,-2.7773,1.0303,128.9732,0.0,-4.0038,128.9732,,,,,,,,,,,,0.0,0.0,0.0,0.0,0
99.2,-2.7773,1.0303,128.9732,0.0,-4.0038,128.9732,,,,,,,,,,,,0.0,0.0,0.0,0.0,0
99.22,-2.7773,1.0303,128.9732,0.0,-4.0038,128.9732,,,,,,,,,,,,0.0,0.0,0.0,0.0,0
99.24,-2.7773,1.0303,128.9732,0.0,-4.0038,128.9732,,,,,,,,,,,,0.0,0.0,0.0,0.0,0
99.26,-2.7757,1.029,128.9723,0.0,-3.9791,128.9723,,,,,,,,,,,,0.0,0.0,0.0,0.0,0
99.28,-2.7757,1.029,128.9723,0.0,-3.9791,128.9723,,,,,,,,,,,,0.0,0.0,0.0,0.0,0
99.3,-2.7757,1.029,128.9723,0.0,-3.9791,128.9723,,,,,,,,,,,,0.0,0.0,0.0,0.0,0
99.32,-2.7757,1.029,128.9723,0.0,-3.9791,128.9723,,,,,,,,,,,,0.0,0.0,0.0,0.0,0
99.34,-2.7757,1.029,128.9723,0.0,-3.9791,128.9723,,,,,,,,,,,,0.0,0.0,0.0,0.0,0
99.36,-2.7773,1.0295,128.9726,0.0,-3.9404,128.9726,,,,,,,,,,,,0.0,0.0,0.0,0.0,0
99.38,-2.7773,1.0295,128.9726,0.0,-3.9404,128.9726,,,,,,,,,,,,0.0,0.0,0.0,0.0,0
99.4,-2.7773,1.0295,128.9726,0.0,-3.9404,128.9726,,,,,,,,,,,,0.0,0.0,0.0,0.0,0
99.42,-2.7773,1.0295,128.9726,0.0,-3.9404,128.9726,,,,,,,,,,,,0.0,0.0,0.0,0.0,0
99.44,-2.7773,1.0295,128.9726,0.0,-3.9404,128.9726,,,,,,,,,,,,0.0,0.0,0.0,0.0,0
99.46,-2.7813,1.0311,128.976,0.0,-3.8032,128.976,,,,,,,,,,,,0.0,0.0,0.0,0.0,0
99.48,-2.7813,1.0311,128.976,0.0,-3.8032,128.976,,,,,,,,,,,,0.0,0.0,0.0,0.0,0
99.5,-2.7813,1.0311,128.976,0.0,-3.8032,128.976,,,,,,,,,,,,0.0,0.0,0.0,0.0,0
99.52,-2.7813,1.0311,128.976,0.0,-3.8032,128.976,,,,,,,,,,,,0.0,0.0,0.0,0.0,0
99.54,-2.7813,1.0311,128.976,0.0,-3.8032,128.976,,,,,,,,,,,,0.0,0.0,0.0,0.0,0
99.56,-2.7778,1.034,128.9754,0.0,-3.6101,128.9754,,,,,,,,,,,,0.0,0.0,0.0,0.0,0
99.58,-2.7778,1.034,128.9754,0.0,-3.6101,128.9754,,,,,,,,,,,,0.0,0.0,0.0,0.0,0
99.6,-2.7778,1.034,128.9754,0.0,-3.6101,128.9754,,,,,,,,,,,,0.0,0.0,0.0,0.0,0
99.62,-2.7778,1.034,128.9754,0.0,-3.6101,128.9754,,,,,,,,,,,,0.0,0.0,0.0,0.0,0
99.64,-2.7778,1.034,128.9754,0.0,-3.6101,128.9754,,,,,,,,,,,,0.0,0.0,0.0,0.0,0
99.66,-2.7813,1.0368,128.9829,0.0,-2.7017,128.9829,,,,,,,,,,,,0.0,0.0,0.0,0.0,0
99.68,-2.7813,1.0368,128.9829,0.0,-2.7017,128.9829,,,,,,,,,,,,0.0,0.0,0.0,0.0,0
99.7,-2.7813,1.0368,128.9829,0.0,-2.7017,128.9829,,,,,,,,,,,,0.0,0.0,0.0,0.0,0
99.72,-2.7813,1.0368,128.9829,0.0,-2.7017,128.9829,,,,,,,,,,,,0.0,0.0,0.0,0.0,0
99.74,-2.7813,1.0368,128.9829,0.0,-2.7017,128.9829,,,,,,,,,,,,0.0,0.0,0.0,0.0,0
99.76,-2.7846,1.0395,128.9898,0.0,-1.9903,128.9898,,,,,,,,,,,,0.0,0.0,0.0,0.0,0
99.78,-2.7846,1.0395,128.9898,0.0,-1.9903,128.9898,,,,,,,,,,,,0.0,0.0,0.0,0.0,0
99.8,-2.7846,1.0395,128.9898,0.0,-1.9903,128.9898,,,,,,,,,,,,0.0,0.0,0.0,0.0,0
99.82,-2.7846,1.0395,128.9898,0.0,-1.9903,128.9898,,,,,,,,,,,,0.0,0.0,0.0,0.0,0
99.84,-2.7846,1.0395,128.9898,0.0,-1.9903,128.9898,,,,,,,,,,,,0.0,0.0,0.0,0.0,0
99.86,-2.7857,1.0374,128.994,0.0,-1.7213,128.994,,,,,,,,,,,,0.0,0.0,0.0,0.0,0
99.88,-2.7857,1.0374,128.994,0.0,-1.7213,128.994,,,,,,,,,,,,0.0,0.0,0.0,0.0,0
99.9,-2.7857,1.0374,128.994,0.0,-1.7213,128.994,,,,,,,,,,,,0.0,0.0,0.0,0.0,0
99.92,-2.7857,1.0374,128.994,0.0,-1.7213,128.994,,,,,,,,,,,,0.0,0.0,0.0,0.0,0
99.94,-2.7857,1.0374,128.994,0.0,-1.7213,128.994,,,,,,,,,,,,0.0,0.0,0.0,0.0,0
99.96,-2.7849,1.0384,128.9954,0.0,-1.5082,128.9954,,,,,,,,,,,,0.0,0.0,0.0,0.0,0
99.98,-2.7849,1.0384,128.9954,0.0,-1.5082,128.9954,,,,,,,,,,,,0.0,0.0,0.0,0.0,0
100.0,-2.7849,1.0384,128.9954,0.0,-1.5082,128.9954,,,,,,,,,,,,0.0,0.0,0.0,0.0,0
100.02,-2.7849,1.0384,128.9954,0.0,-1.5082,128.9954,,,,,,,,,,,,0.0,0.0,0.0,0.0,0
100.04,-2.7849,1.0384,128.9954,0.0,-1.5082,128.9954,,,,,,,,,,,,0.0,0.0,0.0,0.0,0
100.06,-2.7828,1.0358,129.0039,0.0,-1.2933,129.0039,,,,,,,,,,,,0.0,0.0,0.0,0.0,0
100.08,-2.7828,1.0358,129.0039,0.0,-1.2933,129.0039,,,,,,,,,,,,0.0,0.0,0.0,0.0,0
100.1,-2.7828,1.0358,129.0039,0.0,-1.2933,129.0039,,,,,,,,,,,,0.0,0.0,0.0,0.0,0
100.12,-2.7828,1.0358,129.0039,0.0,-1.2933,129.0039,,,,,,,,,,,,0.0,0.0,0.0,0.0,0
100.14,-2.7828,1.0358,129.0039,0.0,-1.2933,129.0039,,,,,,,,,,,,0.0,0.0,0.0,0.0,0
100.16,-2.7833,1.0372,129.0084,0.0,-1.2367,129.0084,,,,,,,,,,,,0.0,0.0,0.0,0.0,0
100.18,-2.7833,1.0372,129.0084,0.0,-1.2367,129.0084,,,,,,,,,,,,0.0,0.0,0.0,0.0,0
100.2,-2.7833,1.0372,129.0084,0.0,-1.2367,129.0084,,,,,,,,,,,,0.0,0.0,0.0,0.0,0
100.22,-2.7833,1.0372,129.0084,0.0,-1.2367,129.0084,,,,,,,,,,,,0.0,0.0,0.0,0.0,0
100.24,-2.7833,1.0372,129.0084,0.0,-1.2367,129.0084,,,,,,,,,,,,0.0,0.0,0.0,0.0,0
100.26,-2.7834,1.0381,129.015,0.0,-1.3601,129.015,,,,,,,,,,,,0.0,0.0,0.0,0.0,0
100.28,-2.7834,1.0381,129.015,0.0,-1.3601,129.015,,,,,,,,,,,,0.0,0.0,0.0,0.0,0
100.3,-2.7834,1.0381,129.015,0.0,-1.3601,129.015,,,,,,,,,,,,0.0,0.0,0.0,0.0,0
100.32,-2.7834,1.0381,129.015,0.0,-1.3601,129.015,,,,,,,,,,,,0.0,0.0,0.0,0.0,0
100.34,-2.7834,1.0381,129.015,0.0,-1.3601,129.015,,,,,,,,,,,,0.0,0.0,0.0,0.0,0
100.36,-2.7844,1.0356,129.0137,0.0,-1.4106,129.0138,,,,,,,,,,,,0.0,0.0,0.0,0.0,0
100.38,-2.7844,1.0356,129.0137,0.0,-1.4106,129.0138,,,,,,,,,,,,0.0,0.0,0.0,0.0,0
100.4,-2.7844,1.0356,129.0137,0.0,-1.4106,129.0138,,,,,,,,,,,,0.0,0.0,0.0,0.0,0
100.42,-2.7844,1.0356,129.0137,0.0,-1.4106,129.0138,,,,,,,,,,,,0.0,0.0,0.0,0.0,0
100.44,-2.7844,1.0356,129.0137,0.0,-1.4106,129.0138,,,,,,,,,,,,0.0,0.0,0.0,0.0,0
100.46,-2.7899,1.0344,129.0224,0.0,-1.4518,129.0224,,,,,,,,,,,,0.0,0.0,0.0,0.0,0
100.48,-2.7899,1.0344,129.0224,0.0,-1.4518,129.0224,,,,,,,,,,,,0.0,0.0,0.0,0.0,0
100.5,-2.7899,1.0344,129.0224,0.0,-1.4518,129.0224,,,,,,,,,,,,0.0,0.0,0.0,0.0,0
100.52,-2.7899,1.0344,129.0224,0.0,-1.4518,129.0224,,,,,,,,,,,,0.0,0.0,0.0,0.0,0
100.54,-2.7899,1.0344,129.0224,0.0,-1.4518,129.0224,,,,,,,,,,,,0.0,0.0,0.0,0.0,0
100.56,-2.7913,1.0343,129.0219,0.0,-1.4852,129.0218,,,,,,,,,,,,0.0,0.0,0.0,0.0,0
100.58,-2.7913,1.0343,129.0219,0.0,-1.4852,129.0218,,,,,,,,,,,,0.0,0.0,0.0,0.0,0
100.6,-2.7913,1.0343,129.0219,0.0,-1.4852,129.0218,,,,,,,,,,,,0.0,0.0,0.0,0.0,0
100.62,-2.7913,1.0343,129.0219,0.0,-1.4852,129.0218,,,,,,,,,,,,0.0,0.0,0.0,0.0,0
100.64,-2.7913,1.0343,129.0219,0.0,-1.4852,129.0218,,,,,,,,,,,,0.0,0.0,0.0,0.0,0
100.66,-2.7904,1.0339,129.0303,0.0,-1.1518,129.0303,,,,,,,,,,,,0.0,0.0,0.0,0.0,0
100.68,-2.7904,1.0339,129.0303,0.0,-1.1518,129.0303,,,,,,,,,,,,0.0,0.0,0.0,0.0,0
100.7,-2.7904,1.0339,129.0303,0.0,-1.1518,129.0303,,,,,,,,,,,,0.0,0.0,0.0,0.0,0
100.72,-2.7904,1.0339,129.0303,0.0,-1.1518,129.0303,,,,,,,,,,,,0.0,0.0,0.0,0.0,0
100.74,-2.7904,1.0339,129.0303,0.0,-1.1518,129.0303,,,,,,,,,,,,0.0,0.0,0.0,0.0,0
100.76,-2.7902,1.0308,129.024,0.0,-1.109,129.024,,,,,,,,,,,,0.0,0.0,0.0,0.0,0
100.78,-2.7902,1.0308,129.024,0.0,-1.109,129.024,,,,,,,,,,,,0.0,0.0,0.0,0.0,0
100.8,-2.7902,1.0308,129.024,0.0,-1.109,129.024,,,,,,,,,,,,0.0,0.0,0.0,0.0,0
100.82,-2.7902,1.0308,129.024,0.0,-1.109,129.024,,,,,,,,,,,,0.0,0.0,0.0,0.0,0
100.84,-2.7902,1.0308,129.024,0.0,-1.109,129.024,,,,,,,,,,,,0.0,0.0,0.0,0.0,0
100.86,-2.7914,1.0275,129.034,0.0,-1.1404,129.034,,,,,,,,,,,,0.0,0.0,0.0,0.0,0
100.88,-2.7914,1.0275,129.034,0.0,-1.1404,129.034,,,,,,,,,,,,0.0,0.0,0.0,0.0,0
100.9,-2.7914,1.0275,129.034,0.0,-1.1404,129.034,,,,,,,,,,,,0.0,0.0,0.0,0.0,0
100.92,-2.7914,1.0275,129.034,0.0,-1.1404,129.034,,,,,,,,,,,,0.0,0.0,0.0,0.0,0
100.94,-2.7914,1.0275,129.034,0.0,-1.1404,129.034,,,,,,,,,,,,0.0,0.0,0.0,0.0,0
100.96,-2.7877,1.0251,129.0332,0.0,-1.2968,129.0332,,,,,,,,,,,,0.0,0.0,0.0,0.0,0
100.98,-2.7877,1.0251,129.0332,0.0,-1.2968,129.0332,,,,,,,,,,,,0.0,0.0,0.0,0.0,0
101.0,-2.7877,1.0251,129.0332,0.0,-1.2968,129.0332,,,,,,,,,,,,0.0,0.0,0.0,0.0,0
101.02,-2.7877,1.0251,129.0332,0.0,-1.2968,129.0332,,,,,,,,,,,,0.0,0.0,0.0,0.0,0
101.04,-2.7877,1.0251,129.0332,0.0,-1.2968,129.0332,,,,,,,,,,,,0.0,0.0,0.0,0.0,0
101.06,-2.7831,1.0186,129.038,0.0,-1.3944,129.038,,,,,,,,,,,,0.0,0.0,0.0,0.0,0
101.08,-2.7831,1.0186,129.038,0.0,-1.3944,129.038,,,,,,,,,,,,0.0,0.0,0.0,0.0,0
101.1,-2.7831,1.0186,129.038,0.0,-1.3944,129.038,,,,,,,,,,,,0.0,0.0,0.0,0.0,0
101.12,-2.7831,1.0186,129.038,0.0,-1.3944,129.038,,,,,,,,,,,,0.0,0.0,0.0,0.0,0
101.14,-2.7831,1.0186,129.038,0.0,-1.3944,129.038,,,,,,,,,,,,0.0,0.0,0.0,0.0,0
101.16,-2.7838,1.0198,129.0401,0.0,-1.157,129.0401,,,,,,,,,,,,0.0,0.0,0.0,0.0,0
101.18,-2.7838,1.0198,129.0401,0.0,-1.157,129.0401,,,,,,,,,,,,0.0,0.0,0.0,0.0,0
101.2,-2.7838,1.0198,129.0401,0.0,-1.157,129.0401,,,,,,,,,,,,0.0,0.0,0.0,0.0,0
101.22,-2.7838,1.0198,129.0401,0.0,-1.157,129.0401,,,,,,,,,,,,0.0,0.0,0.0,0.0,0
101.24,-2.7838,1.0198,129.0401,0.0,-1.157,129.0401,,,,,,,,,,,,0.0,0.0,0.0,0.0,0
101.26,-2.7829,1.0191,129.0444,0.0,-0.9819,129.0444,,,,,,,,,,,,0.0,0.0,0.0,0.0,0
101.28,-2.7829,1.0191,129.0444,0.0,-0.9819,129.0444,,,,,,,,,,,,0.0,0.0,0.0,0.0,0
101.3,-2.7829,1.0191,129.0444,0.0,-0.9819,129.0444,,,,,,,,,,,,0.0,0.0,0.0,0.0,0
101.32,-2.7829,1.0191,129.0444,0.0,-0.9819,129.0444,,,,,,,,,,,,0.0,0.0,0.0,0.0,0
101.34,-2.7829,1.0191,129.0444,0.0,-0.9819,129.0444,,,,,,,,,,,,0.0,0.0,0.0,0.0,0
101.36,-2.7847,1.0199,129.0459,0.0,-0.5319,129.0459,,,,,,,,,,,,0.0,0.0,0.0,0.0,0
101.38,-2.7847,1.0199,129.0459,0.0,-0.5319,129.0459,,,,,,,,,,,,0.0,0.0,0.0,0.0,0
101.4,-2.7847,1.0199,129.0459,0.0,-0.5319,129.0459,,,,,,,,,,,,0.0,0.0,0.0,0.0,0
101.42,-2.7847,1.0199,129.0459,0.0,-0.5319,129.0459,,,,,,,,,,,,0.0,0.0,0.0,0.0,0
101.44,-2.7847,1.0199,129.0459,0.0,-0.5319,129.0459,,,,,,,,,,,,0.0,0.0,0.0,0.0,0
101.46,-2.7874,1.0168,129.0475,0.0,0.3815,129.0475,,,,,,,,,,,,0.0,0.0,0.0,0.0,0
101.48,-2.7874,1.0168,129.0475,0.0,0.3815,129.0475,,,,,,,,,,,,0.0,0.0,0.0,0.0,0
101.5,-2.7874,1.0168,129.0475,0.0,0.3815,129.0475,,,,,,,,,,,,0.0,0.0,0.0,0.0,0
101.52,-2.7874,1.0168,129.0475,0.0,0.3815,129.0475,,,,,,,,,,,,0.0,0.0,0.0,0.0,0
101.54,-2.7874,1.0168,129.0475,0.0,0.3815,129.0475,,,,,,,,,,,,0.0,0.0,0.0,0.0,0
101.56,-2.787,1.0123,129.0517,0.0,0.3358,129.0517,,,,,,,,,,,,0.0,0.0,0.0,0.0,0
101.58,-2.787,1.0123,129.0517,0.0,0.3358,129.0517,,,,,,,,,,,,0.0,0.0,0.0,0.0,0
101.6,-2.787,1.0123,129.0517,0.0,0.3358,129.0517,,,,,,,,,,,,0.0,0.0,0.0,0.0,0
101.62,-2.787,1.0123,129.0517,0.0,0.3358,129.0517,,,,,,,,,,,,0.0,0.0,0.0,0.0,0
101.64,-2.787,1.0123,129.0517,0.0,0.3358,129.0517,,,,,,,,,,,,0.0,0.0,0.0,0.0,0
101.66,-2.7846,1.0133,129.0547,0.0,0.1182,129.0547,,,,,,,,,,,,0.0,0.0,0.0,0.0,0
101.68,-2.7846,1.0133,129.0547,0.0,0.1182,129.0547,,,,,,,,,,,,0.0,0.0,0.0,0.0,0
101.7,-2.7846,1.0133,129.0547,0.0,0.1182,129.0547,,,,,,,,,,,,0.0,0.0,0.0,0.0,0
101.72,-2.7846,1.0133,129.0547,0.0,0.1182,129.0547,,,,,,,,,,,,0.0,0.0,0.0,0.0,0
101.74,-2.7846,1.0133,129.0547,0.0,0.1182,129.0547,,,,,,,,,,,,0.0,0.0,0.0,0.0,0
101.76,-2.7866,1.0148,129.0555,0.0,-0.0571,129.0555,,,,,,,,,,,,0.0,0.0,0.0,0.0,0
101.78,-2.7866,1.0148,129.0555,0.0,-0.0571,129.0555,,,,,,,,,,,,0.0,0.0,0.0,0.0,0
101.8,-2.7866,1.0148,129.0555,0.0,-0.0571,129.0555,,,,,,,,,,,,0.0,0.0,0.0,0.0,0
101.82,-2.7866,1.0148,129.0555,0.0,-0.0571,129.0555,,,,,,,,,,,,0.0,0.0,0.0,0.0,0
101.84,-2.7866,1.0148,129.0555,0.0,-0.0571,129.0555,,,,,,,,,,,,0.0,0.0,0.0,0.0,0
101.86,-2.7826,1.0119,129.0564,0.0,-0.1466,129.0564,,,,,,,,,,,,0.0,0.0,0.0,0.0,0
101.88,-2.7826,1.0119,129.0564,0.0,-0.1466,129.0564,,,,,,,,,,,,0.0,0.0,0.0,0.0,0
101.9,-2.7826,1.0119,129.0564,0.0,-0.1466,129.0564,,,,,,,,,,,,0.0,0.0,0.0,0.0,0
101.92,-2.7826,1.0119,129.0564,0.0,-0.1466,129.0564,,,,,,,,,,,,0.0,0.0,0.0,0.0,0
101.94,-2.7826,1.0119,129.0564,0.0,-0.1466,129.0564,,,,,,,,,,,,0.0,0.0,0.0,0.0,0
101.96,-2.7825,1.0074,129.0652,0.0,-0.1923,129.0652,,,,,,,,,,,,0.0,0.0,0.0,0.0,0
101.98,-2.7825,1.0074,129.0652,0.0,-0.1923,129.0652,,,,,,,,,,,,0.0,0.0,0.0,0.0,0
102.0,-2.7825,1.0074,129.0652,0.0,-0.1923,129.0652,,,,,,,,,,,,0.0,0.0,0.0,0.0,0
102.02,-2.7825,1.0074,129.0652,0.0,-0.1923,129.0652,,,,,,,,,,,,0.0,0.0,0.0,0.0,0
102.04,-2.7825,1.0074,129.0652,0.0,-0.1923,129.0652,,,,,,,,,,,,0.0,0.0,0.0,0.0,0
102.06,-2.7815,1.0077,129.0624,0.0,-0.2157,129.0624,,,,,,,,,,,,0.0,0.0,0.0,0.0,0
102.08,-2.7815,1.0077,129.0624,0.0,-0.2157,129.0624,,,,,,,,,,,,0.0,0.0,0.0,0.0,0
102.1,-2.7815,1.0077,129.0624,0.0,-0.2157,129.0624,,,,,,,,,,,,0.0,0.0,0.0,0.0,0
102.12,-2.7815,1.0077,129.0624,0.0,-0.2157,129.0624,,,,,,,,,,,,0.0,0.0,0.0,0.0,0
102.14,-2.7815,1.0077,129.0624,0.0,-0.2157,129.0624,,,,,,,,,,,,0.0,0.0,0.0,0.0,0
102.16,-2.7821,1.0058,129.0713,0.0,-0.2276,129.0712,,,,,,,,,,,,0.0,0.0,0.0,0.0,0
102.18,-2.7821,1.0058,129.0713,0.0,-0.2276,129.0712,,,,,,,,,,,,0.0,0.0,0.0,0.0,0
102.2,-2.7821,1.0058,129.0713,0.0,-0.2276,129.0712,,,,,,,,,,,,0.0,0.0,0.0,0.0,0
102.22,-2.7821,1.0058,129.0713,0.0,-0.2276,129.0712,,,,,,,,,,,,0.0,0.0,0.0,0.0,0
102.24,-2.7821,1.0058,129.0713,0.0,-0.2276,129.0712,,,,,,,,,,,,0.0,0.0,0.0,0.0,0
102.26,-2.7826,1.0027,129.0707,0.0,-0.2337,129.0707,,,,,,,,,,,,0.0,0.0,0.0,0.0,0
102.28,-2.7826,1.0027,129.0707,0.0,-0.2337,129.0707,,,,,,,,,,,,0.0,0.0,0.0,0.0,0
102.3,-2.7826,1.0027,129.0707,0.0,-0.2337,129.0707,,,,,,,,,,,,0.0,0.0,0.0,0.0,0
102.32,-2.7826,1.0027,129.0707,0.0,-0.2337,129.0707,,,,,,,,,,,,0.0,0.0,0.0,0.0,0
102.34,-2.7826,1.0027,129.0707,0.0,-0.2337,129.0707,,,,,,,,,,,,0.0,0.0,0.0,0.0,0
102.36,-2.7832,0.9991,129.0758,0.0,-0.2368,129.0757,,,,,,,,,,,,0.0,0.0,0.0,0.0,0
102.38,-2.7832,0.9991,129.0758,0.0,-0.2368,129.0757,,,,,,,,,,,,0.0,0.0,0.0,0.0,0
102.4,-2.7832,0.9991,129.0758,0.0,-0.2368,129.0757,,,,,,,,,,,,0.0,0.0,0.0,0.0,0
102.42,-2.7832,0.9991,129.0758,0.0,-0.2368,129.0757,,,,,,,,,,,,0.0,0.0,0.0,0.0,0
102.44,-2.7832,0.9991,129.0758,0.0,-0.2368,129.0757,,,,,,,,,,,,0.0,0.0,0.0,0.0,0
102.46,-2.7837,0.9969,129.0778,0.0,-0.2383,129.0778,,,,,,,,,,,,0.0,0.0,0.0,0.0,0
102.48,-2.7837,0.9969,129.0778,0.0,-0.2383,129.0778,,,,,,,,,,,,0.0,0.0,0.0,0.0,0
102.5,-2.7837,0.9969,129.0778,0.0,-0.2383,129.0778,,,,,,,,,,,,0.0,0.0,0.0,0.0,0
102.52,-2.7837,0.9969,129.0778,0.0,-0.2383,129.0778,,,,,,,,,,,,0.0,0.0,0.0,0.0,0
102.54,-2.7837,0.9969,129.0778,0.0,-0.2383,129.0778,,,,,,,,,,,,0.0,0.0,0.0,0.0,0
102.56,-2.7806,0.9923,129.0797,0.0,-0.2392,129.0797,,,,,,,,,,,,0.0,0.0,0.0,0.0,0
102.58,-2.7806,0.9923,129.0797,0.0,-0.2392,129.0797,,,,,,,,,,,,0.0,0.0,0.0,0.0,0
102.6,-2.7806,0.9923,129.0797,0.0,-0.2392,129.0797,,,,,,,,,,,,0.0,0.0,0.0,0.0,0
102.62,-2.7806,0.9923,129.0797,0.0,-0.2392,129.0797,,,,,,,,,,,,0.0,0.0,0.0,0.0,0
102.64,-2.7806,0.9923,129.0797,0.0,-0.2392,129.0797,,,,,,,,,,,,0.0,0.0,0.0,0.0,0
102.66,-2.7786,0.9909,129.0826,0.0,-0.2396,129.0826,,,,,,,,,,,,0.0,0.0,0.0,0.0,0
102.68,-2.7786,0.9909,129.0826,0.0,-0.2396,129.0826,,,,,,,,,,,,0.0,0.0,0.0,0.0,0
102.7,-2.7786,0.9909,129.0826,0.0,-0.2396,129.0826,,,,,,,,,,,,0.0,0.0,0.0,0.0,0
102.72,-2.7786,0.9909,129.0826,0.0,-0.2396,129.0826,,,,,,,,,,,,0.0,0.0,0.0,0.0,0
102.74,-2.7786,0.9909,129.0826,0.0,-0.2396,129.0826,,,,,,,,,,,,0.0,0.0,0.0,0.0,0
102.76,-2.7765,0.9861,129.0887,0.0,-0.2396,129.0887,,,,,,,,,,,,0.0,0.0,0.0,0.0,0
102.78,-2.7765,0.9861,129.0887,0.0,-0.2396,129.0887,,,,,,,,,,,,0.0,0.0,0.0,0.0,0
102.8,-2.7765,0.9861,129.0887,0.0,-0.2396,129.0887,,,,,,,,,,,,0.0,0.0,0.0,0.0,0
102.82,-2.7765,0.9861,129.0887,0.0,-0.2396,129.0887,,,,,,,,,,,,0.0,0.0,0.0,0.0,0
102.84,-2.7765,0.9861,129.0887,0.0,-0.2396,129.0887,,,,,,,,,,,,0.0,0.0,0.0,0.0,0
102.86,-2.777,0.9847,129.0934,0.0,-0.2445,129.0934,,,,,,,,,,,,0.0,0.0,0.0,0.0,0
102.88,-2.777,0.9847,129.0934,0.0,-0.2445,129.0934,,,,,,,,,,,,0.0,0.0,0.0,0.0,0
102.9,-2.777,0.9847,129.0934,0.0,-0.2445,129.0934,,,,,,,,,,,,0.0,0.0,0.0,0.0,0
102.92,-2.777,0.9847,129.0934,0.0,-0.2445,129.0934,,,,,,,,,,,,0.0,0.0,0.0,0.0,0
102.94,-2.777,0.9847,129.0934,0.0,-0.2445,129.0934,,,,,,,,,,,,0.0,0.0,0.0,0.0,0
102.96,-2.7774,0.9829,129.1021,0.0,-0.2717,129.1021,,,,,,,,,,,,0.0,0.0,0.0,0.0,0
102.98,-2.7774,0.9829,129.1021,0.0,-0.2717,129.1021,,,,,,,,,,,,0.0,0.0,0.0,0.0,0
103.0,-2.7774,0.9829,129.1021,0.0,-0.2717,129.1021,,,,,,,,,,,,0.0,0.0,0.0,0.0,0
103.02,-2.7774,0.9829,129.1021,0.0,-0.2717,129.1021,,,,,,,,,,,,0.0,0.0,0.0,0.0,0
103.04,-2.7774,0.9829,129.1021,0.0,-0.2717,129.1021,,,,,,,,,,,,0.0,0.0,0.0,0.0,0
103.06,-2.7764,0.9831,129.1061,0.0,-0.2772,129.1061,,,,,,,,,,,,0.0,0.0,0.0,0.0,0
103.08,-2.7764,0.9831,129.1061,0.0,-0.2772,129.1061,,,,,,,,,,,,0.0,0.0,0.0,0.0,0
103.1,-2.7764,0.9831,129.1061,0.0,-0.2772,129.1061,,,,,,,,,,,,0.0,0.0,0.0,0.0,0
103.12,-2.7764,0.9831,129.1061,0.0,-0.2772,129.1061,,,,,,,,,,,,0.0,0.0,0.0,0.0,0
103.14,-2.7764,0.9831,129.1061,0.0,-0.2772,129.1061,,,,,,,,,,,,0.0,0.0,0.0,0.0,0
103.16,-2.7752,0.9849,129.1117,0.0,-0.2857,129.1117,,,,,,,,,,,,0.0,0.0,0.0,0.0,0
103.18,-2.7752,0.9849,129.1117,0.0,-0.2857,129.1117,,,,,,,,,,,,0.0,0.0,0.0,0.0,0
103.2,-2.7752,0.9849,129.1117,0.0,-0.2857,129.1117,,,,,,,,,,,,0.0,0.0,0.0,0.0,0
103.22,-2.7752,0.9849,129.1117,0.0,-0.2857,129.1117,,,,,,,,,,,,0.0,0.0,0.0,0.0,0
103.24,-2.7752,0.9849,129.1117,0.0,-0.2857,129.1117,,,,,,,,,,,,0.0,0.0,0.0,0.0,0
103.26,-2.7721,0.9806,129.1158,0.0,-0.1677,129.1158,,,,,,,,,,,,0.0,0.0,0.0,0.0,0
103.28,-2.7721,0.9806,129.1158,0.0,-0.1677,129.1158,,,,,,,,,,,,0.0,0.0,0.0,0.0,0
103.3,-2.7721,0.9806,129.1158,0.0,-0.1677,129.1158,,,,,,,,,,,,0.0,0.0,0.0,0.0,0
103.32,-2.7721,0.9806,129.1158,0.0,-0.1677,129.1158,,,,,,,,,,,,0.0,0.0,0.0,0.0,0
103.34,-2.7721,0.9806,129.1158,0.0,-0.1677,129.1158,,,,,,,,,,,,0.0,0.0,0.0,0.0,0
103.36,-2.7673,0.9747,129.1139,0.0,-0.0664,129.1139,,,,,,,,,,,,0.0,0.0,0.0,0.0,0
103.38,-2.7673,0.9747,129.1139,0.0,-0.0664,129.1139,,,,,,,,,,,,0.0,0.0,0.0,0.0,0
103.4,-2.7673,0.9747,129.1139,0.0,-0.0664,129.1139,,,,,,,,,,,,0.0,0.0,0.0,0.0,0
103.42,-2.7673,0.9747,129.1139,0.0,-0.0664,129.1139,,,,,,,,,,,,0.0,0.0,0.0,0.0,0
103.44,-2.7673,0.9747,129.1139,0.0,-0.0664,129.1139,,,,,,,,,,,,0.0,0.0,0.0,0.0,0
103.46,-2.7671,0.9734,129.1223,0.0,0.3214,129.1223,,,,,,,,,,,,0.0,0.0,0.0,0.0,0
103.48,-2.7671,0.9734,129.1223,0.0,0.3214,129.1223,,,,,,,,,,,,0.0,0.0,0.0,0.0,0
103.5,-2.7671,0.9734,129.1223,0.0,0.3214,129.1223,,,,,,,,,,,,0.0,0.0,0.0,0.0,0
103.52,-2.7671,0.9734,129.1223,0.0,0.3214,129.1223,,,,,,,,,,,,0.0,0.0,0.0,0.0,0
103.54,-2.7671,0.9734,129.1223,0.0,0.3214,129.1223,,,,,,,,,,,,0.0,0.0,0.0,0.0,0
103.56,-2.7674,0.9726,129.1229,0.0,1.2726,129.1229,,,,,,,,,,,,0.0,0.0,0.0,0.0,0
103.58,-2.7674,0.9726,129.1229,0.0,1.2726,129.1229,,,,,,,,,,,,0.0,0.0,0.0,0.0,0
103.6,-2.7674,0.9726,129.1229,0.0,1.2726,129.1229,,,,,,,,,,,,0.0,0.0,0.0,0.0,0
103.62,-2.7674,0.9726,129.1229,0.0,1.2726,129.1229,,,,,,,,,,,,0.0,0.0,0.0,0.0,0
103.64,-2.7674,0.9726,129.1229,0.0,1.2726,129.1229,,,,,,,,,,,,0.0,0.0,0.0,0.0,0
103.66,-2.7672,0.9664,129.1267,0.0,2.1505,129.1267,,,,,,,,,,,,0.0,0.0,0.0,0.0,0
103.68,-2.7672,0.9664,129.1267,0.0,2.1505,129.1267,,,,,,,,,,,,0.0,0.0,0.0,0.0,0
103.7,-2.7672,0.9664,129.1267,0.0,2.1505,129.1267,,,,,,,,,,,,0.0,0.0,0.0,0.0,0
103.72,-2.7672,0.9664,129.1267,0.0,2.1505,129.1267,,,,,,,,,,,,0.0,0.0,0.0,0.0,0
103.74,-2.7672,0.9664,129.1267,0.0,2.1505,129.1267,,,,,,,,,,,,0.0,0.0,0.0,0.0,0
103.76,-2.7713,0.9663,129.1291,0.0,2.6618,129.1291,,,,,,,,,,,,0.0,0.0,0.0,0.0,0
103.78,-2.7713,0.9663,129.1291,0.0,2.6618,129.1291,,,,,,,,,,,,0.0,0.0,0.0,0.0,0
103.8,-2.7713,0.9663,129.1291,0.0,2.6618,129.1291,,,,,,,,,,,,0.0,0.0,0.0,0.0,0
103.82,-2.7713,0.9663,129.1291,0.0,2.6618,129.1291,,,,,,,,,,,,0.0,0.0,0.0,0.0,0
103.84,-2.7713,0.9663,129.1291,0.0,2.6618,129.1291,,,,,,,,,,,,0.0,0.0,0.0,0.0,0
103.86,-2.7676,0.9676,129.13,0.0,2.868,129.13,,,,,,,,,,,,0.0,0.0,0.0,0.0,0
103.88,-2.7676,0.9676,129.13,0.0,2.868,129.13,,,,,,,,,,,,0.0,0.0,0.0,0.0,0
103.9,-2.7676,0.9676,129.13,0.0,2.868,129.13,,,,,,,,,,,,0.0,0.0,0.0,0.0,0
103.92,-2.7676,0.9676,129.13,0.0,2.868,129.13,,,,,,,,,,,,0.0,0.0,0.0,0.0,0
103.94,-2.7676,0.9676,129.13,0.0,2.868,129.13,,,,,,,,,,,,0.0,0.0,0.0,0.0,0
103.96,-2.7667,0.9651,129.1369,0.0,3.0296,129.1369,,,,,,,,,,,,0.0,0.0,0.0,0.0,0
103.98,-2.7667,0.9651,129.1369,0.0,3.0296,129.1369,,,,,,,,,,,,0.0,0.0,0.0,0.0,0
104.0,-2.7667,0.9651,129.1369,0.0,3.0296,129.1369,,,,,,,,,,,,0.0,0.0,0.0,0.0,0
104.02,-2.7667,0.9651,129.1369,0.0,3.0296,129.1369,,,,,,,,,,,,0.0,0.0,0.0,0.0,0
104.04,-2.7667,0.9651,129.1369,0.0,3.0296,129.1369,,,,,,,,,,,,0.0,0.0,0.0,0.0,0
104.06,-2.7691,0.9621,129.1388,0.0,3.0097,129.1388,,,,,,,,,,,,0.0,0.0,0.0,0.0,0
104.08,-2.7691,0.9621,129.1388,0.0,3.0097,129.1388,,,,,,,,,,,,0.0,0.0,0.0,0.0,0
104.1,-2.7691,0.9621,129.1388,0.0,3.0097,129.1388,,,,,,,,,,,,0.0,0.0,0.0,0.0,0
104.12,-2.7691,0.9621,129.1388,0.0,3.0097,129.1388,,,,,,,,,,,,0.0,0.0,0.0,0.0,0
104.14,-2.7691,0.9621,129.1388,0.0,3.0097,129.1388,,,,,,,,,,,,0.0,0.0,0.0,0.0,0
104.16,-2.7691,0.9593,129.1427,0.0,2.8906,129.1427,,,,,,,,,,,,0.0,0.0,0.0,0.0,0
104.18,-2.7691,0.9593,129.1427,0.0,2.8906,129.1427,,,,,,,,,,,,0.0,0.0,0.0,0.0,0
104.2,-2.7691,0.9593,129.1427,0.0,2.8906,129.1427,,,,,,,,,,,,0.0,0.0,0.0,0.0,0
104.22,-2.7691,0.9593,129.1427,0.0,2.8906,129.1427,,,,,,,,,,,,0.0,0.0,0.0,0.0,0
104.24,-2.7691,0.9593,129.1427,0.0,2.8906,129.1427,,,,,,,,,,,,0.0,0.0,0.0,0.0,0
104.26,-2.764,0.9551,129.1487,0.0,2.8133,129.1487,,,,,,,,,,,,0.0,0.0,0.0,0.0,0
104.28,-2.764,0.9551,129.1487,0.0,2.8133,129.1487,,,,,,,,,,,,0.0,0.0,0.0,0.0,0
104.3,-2.764,0.9551,129.1487,0.0,2.8133,129.1487,,,,,,,,,,,,0.0,0.0,0.0,0.0,0
104.32,-2.764,0.9551,129.1487,0.0,2.8133,129.1487,,,,,,,,,,,,0.0,0.0,0.0,0.0,0
104.34,-2.764,0.9551,129.1487,0.0,2.8133,129.1487,,,,,,,,,,,,0.0,0.0,0.0,0.0,0
104.36,-2.7625,0.951,129.1567,0.0,2.7827,129.1567,,,,,,,,,,,,0.0,0.0,0.0,0.0,0
104.38,-2.7625,0.951,129.1567,0.0,2.7827,129.1567,,,,,,,,,,,,0.0,0.0,0.0,0.0,0
104.4,-2.7625,0.951,129.1567,0.0,2.7827,129.1567,,,,,,,,,,,,0.0,0.0,0.0,0.0,0
104.42,-2.7625,0.951,129.1567,0.0,2.7827,129.1567,,,,,,,,,,,,0.0,0.0,0.0,0.0,0
104.44,-2.7625,0.951,129.1567,0.0,2.7827,129.1567,,,,,,,,,,,,0.0,0.0,0.0,0.0,0
104.46,-2.7613,0.9443,129.1574,0.0,2.8236,129.1574,,,,,,,,,,,,0.0,0.0,0.0,0.0,0
104.48,-2.7613,0.9443,129.1574,0.0,2.8236,129.1574,,,,,,,,,,,,0.0,0.0,0.0,0.0,0
104.5,-2.7613,0.9443,129.1574,0.0,2.8236,129.1574,,,,,,,,,,,,0.0,0.0,0.0,0.0,0
104.52,-2.7613,0.9443,129.1574,0.0,2.8236,129.1574,,,,,,,,,,,,0.0,0.0,0.0,0.0,0
104.54,-2.7613,0.9443,129.1574,0.0,2.8236,129.1574,,,,,,,,,,,,0.0,0.0,0.0,0.0,0
104.56,-2.7637,0.9413,129.1646,0.0,2.8905,129.1646,,,,,,,,,,,,0.0,0.0,0.0,0.0,0
104.58,-2.7637,0.9413,129.1646,0.0,2.8905,129.1646,,,,,,,,,,,,0.0,0.0,0.0,0.0,0
104.6,-2.7637,0.9413,129.1646,0.0,2.8905,129.1646,,,,,,,,,,,,0.0,0.0,0.0,0.0,0
104.62,-2.7637,0.9413,129.1646,0.0,2.8905,129.1646,,,,,,,,,,,,0.0,0.0,0.0,0.0,0
104.64,-2.7637,0.9413,129.1646,0.0,2.8905,129.1646,,,,,,,,,,,,0.0,0.0,0.0,0.0,0
104.66,-2.7628,0.9422,129.1729,0.0,3.0043,129.1729,,,,,,,,,,,,0.0,0.0,0.0,0.0,0
104.68,-2.7628,0.9422,129.1729,0.0,3.0043,129.1729,,,,,,,,,,,,0.0,0.0,0.0,0.0,0
104.7,-2.7628,0.9422,129.1729,0.0,3.0043,129.1729,,,,,,,,,,,,0.0,0.0,0.0,0.0,0
104.72,-2.7628,0.9422,129.1729,0.0,3.0043,129.1729,,,,,,,,,,,,0.0,0.0,0.0,0.0,0
104.74,-2.7628,0.9422,129.1729,0.0,3.0043,129.1729,,,,,,,,,,,,0.0,0.0,0.0,0.0,0
104.76,-2.7655,0.9442,129.1736,0.0,3.0815,129.1736,,,,,,,,,,,,0.0,0.0,0.0,0.0,0
104.78,-2.7655,0.9442,129.1736,0.0,3.0815,129.1736,,,,,,,,,,,,0.0,0.0,0.0,0.0,0
104.8,-2.7655,0.9442,129.1736,0.0,3.0815,129.1736,,,,,,,,,,,,0.0,0.0,0.0,0.0,0
104.82,-2.7655,0.9442,129.1736,0.0,3.0815,129.1736,,,,,,,,,,,,0.0,0.0,0.0,0.0,0
104.84,-2.7655,0.9442,129.1736,0.0,3.0815,129.1736,,,,,,,,,,,,0.0,0.0,0.0,0.0,0
104.86,-2.7666,0.9423,129.1781,0.0,3.308,129.1781,,,,,,,,,,,,0.0,0.0,0.0,0.0,0
104.88,-2.7666,0.9423,129.1781,0.0,3.308,129.1781,,,,,,,,,,,,0.0,0.0,0.0,0.0,0
104.9,-2.7666,0.9423,129.1781,0.0,3.308,129.1781,,,,,,,,,,,,0.0,0.0,0.0,0.0,0
104.92,-2.7666,0.9423,129.1781,0.0,3.308,129.1781,,,,,,,,,,,,0.0,0.0,0.0,0.0,0
104.94,-2.7666,0.9423,129.1781,0.0,3.308,129.1781,,,,,,,,,,,,0.0,0.0,0.0,0.0,0
104.96,-2.7678,0.9412,129.1825,0.0,3.5595,129.1825,,,,,,,,,,,,0.0,0.0,0.0,0.0,0
104.98,-2.7678,0.9412,129.1825,0.0,3.5595,129.1825,,,,,,,,,,,,0.0,0.0,0.0,0.0,0
105.0,-2.7678,0.9412,129.1825,0.0,3.5595,129.1825,,,,,,,,,,,,0.0,0.0,0.0,0.0,0
105.02,-2.7678,0.9412,129.1825,0.0,3.5595,129.1825,,,,,,,,,,,,0.0,0.0,0.0,0.0,0
105.04,-2.7678,0.9412,129.1825,0.0,3.5595,129.1825,,,,,,,,,,,,0.0,0.0,0.0,0.0,0
105.06,-2.77,0.9397,129.1845,0.0,3.88,129.1845,,,,,,,,,,,,0.0,0.0,0.0,0.0,0
105.08,-2.77,0.9397,129.1845,0.0,3.88,129.1845,,,,,,,,,,,,0.0,0.0,0.0,0.0,0
105.1,-2.77,0.9397,129.1845,0.0,3.88,129.1845,,,,,,,,,,,,0.0,0.0,0.0,0.0,0
105.12,-2.77,0.9397,129.1845,0.0,3.88,129.1845,,,,,,,,,,,,0.0,0.0,0.0,0.0,0
105.14,-2.77,0.9397,129.1845,0.0,3.88,129.1845,,,,,,,,,,,,0.0,0.0,0.0,0.0,0
105.16,-2.766,0.9398,129.1846,0.0,4.2938,129.1846,,,,,,,,,,,,0.0,0.0,0.0,0.0,0
105.18,-2.766,0.9398,129.1846,0.0,4.2938,129.1846,,,,,,,,,,,,0.0,0.0,0.0,0.0,0
105.2,-2.766,0.9398,129.1846,0.0,4.2938,129.1846,,,,,,,,,,,,0.0,0.0,0.0,0.0,0
105.22,-2.766,0.9398,129.1846,0.0,4.2938,129.1846,,,,,,,,,,,,0.0,0.0,0.0,0.0,0
105.24,-2.766,0.9398,129.1846,0.0,4.2938,129.1846,,,,,,,,,,,,0.0,0.0,0.0,0.0,0
105.26,-2.7655,0.9388,129.1905,0.0,4.7096,129.1905,,,,,,,,,,,,0.0,0.0,0.0,0.0,0
105.28,-2.7655,0.9388,129.1905,0.0,4.7096,129.1905,,,,,,,,,,,,0.0,0.0,0.0,0.0,0
105.3,-2.7655,0.9388,129.1905,0.0,4.7096,129.1905,,,,,,,,,,,,0.0,0.0,0.0,0.0,0
105.32,-2.7655,0.9388,129.1905,0.0,4.7096,129.1905,,,,,,,,,,,,0.0,0.0,0.0,0.0,0
105.34,-2.7655,0.9388,129.1905,0.0,4.7096,129.1905,,,,,,,,,,,,0.0,0.0,0.0,0.0,0
105.36,-2.7688,0.9381,129.1948,0.0,5.0864,129.1948,,,,,,,,,,,,0.0,0.0,0.0,0.0,0
105.38,-2.7688,0.9381,129.1948,0.0,5.0864,129.1948,,,,,,,,,,,,0.0,0.0,0.0,0.0,0
105.4,-2.7688,0.9381,129.1948,0.0,5.0864,129.1948,,,,,,,,,,,,0.0,0.0,0.0,0.0,0
105.42,-2.7688,0.9381,129.1948,0.0,5.0864,129.1948,,,,,,,,,,,,0.0,0.0,0.0,0.0,0
105.44,-2.7688,0.9381,129.1948,0.0,5.0864,129.1948,,,,,,,,,,,,0.0,0.0,0.0,0.0,0
105.46,-2.7647,0.9369,129.1976,0.0,5.346,129.1975,,,,,,,,,,,,0.0,0.0,0.0,0.0,0
105.48,-2.7647,0.9369,129.1976,0.0,5.346,129.1975,,,,,,,,,,,,0.0,0.0,0.0,0.0,0
105.5,-2.7647,0.9369,129.1976,0.0,5.346,129.1975,,,,,,,,,,,,0.0,0.0,0.0,0.0,0
105.52,-2.7647,0.9369,129.1976,0.0,5.346,129.1975,,,,,,,,,,,,0.0,0.0,0.0,0.0,0
105.54,-2.7647,0.9369,129.1976,0.0,5.346,129.1975,,,,,,,,,,,,0.0,0.0,0.0,0.0,0
105.56,-2.7602,0.9365,129.1996,0.0,5.4894,129.1996,,,,,,,,,,,,0.0,0.0,0.0,0.0,0
105.58,-2.7602,0.9365,129.1996,0.0,5.4894,129.1996,,,,,,,,,,,,0.0,0.0,0.0,0.0,0
105.6,-2.7602,0.9365,129.1996,0.0,5.4894,129.1996,,,,,,,,,,,,0.0,0.0,0.0,0.0,0
105.62,-2.7602,0.9365,129.1996,0.0,5.4894,129.1996,,,,,,,,,,,,0.0,0.0,0.0,0.0,0
105.64,-2.7602,0.9365,129.1996,0.0,5.4894,129.1996,,,,,,,,,,,,0.0,0.0,0.0,0.0,0
105.66,-2.7642,0.9341,129.197,0.0,5.8106,129.197,,,,,,,,,,,,0.0,0.0,0.0,0.0,0
105.68,-2.7642,0.9341,129.197,0.0,5.8106,129.197,,,,,,,,,,,,0.0,0.0,0.0,0.0,0
105.7,-2.7642,0.9341,129.197,0.0,5.8106,129.197,,,,,,,,,,,,0.0,0.0,0.0,0.0,0
105.72,-2.7642,0.9341,129.197,0.0,5.8106,129.197,,,,,,,,,,,,0.0,0.0,0.0,0.0,0
105.74,-2.7642,0.9341,129.197,0.0,5.8106,129.197,,,,,,,,,,,,0.0,0.0,0.0,0.0,0
105.76,-2.7639,0.932,129.1986,0.0,5.9085,129.1986,,,,,,,,,,,,0.0,0.0,0.0,0.0,0
105.78,-2.7639,0.932,129.1986,0.0,5.9085,129.1986,,,,,,,,,,,,0.0,0.0,0.0,0.0,0
105.8,-2.7639,0.932,129.1986,0.0,5.9085,129.1986,,,,,,,,,,,,0.0,0.0,0.0,0.0,0
105.82,-2.7639,0.932,129.1986,0.0,5.9085,129.1986,,,,,,,,,,,,0.0,0.0,0.0,0.0,0
105.84,-2.7639,0.932,129.1986,0.0,5.9085,129.1986,,,,,,,,,,,,0.0,0.0,0.0,0.0,0
105.86,-2.7664,0.9294,129.2077,0.0,5.7613,129.2077,,,,,,,,,,,,0.0,0.0,0.0,0.0,0
105.88,-2.7664,0.9294,129.2077,0.0,5.7613,129.2077,,,,,,,,,,,,0.0,0.0,0.0,0.0,0
105.9,-2.7664,0.9294,129.2077,0.0,5.7613,129.2077,,,,,,,,,,,,0.0,0.0,0.0,0.0,0
105.92,-2.7664,0.9294,129.2077,0.0,5.7613,129.2077,,,,,,,,,,,,0.0,0.0,0.0,0.0,0
105.94,-2.7664,0.9294,129.2077,0.0,5.7613,129.2077,,,,,,,,,,,,0.0,0.0,0.0,0.0,0
105.96,-2.7674,0.9328,129.2211,0.0,5.6361,129.2211,,,,,,,,,,,,0.0,0.0,0.0,0.0,0
105.98,-2.7674,0.9328,129.2211,0.0,5.6361,129.2211,,,,,,,,,,,,0.0,0.0,0.0,0.0,0
106.0,-2.7674,0.9328,129.2211,0.0,5.6361,129.2211,,,,,,,,,,,,0.0,0.0,0.0,0.0,0
106.02,-2.7674,0.9328,129.2211,0.0,5.6361,129.2211,,,,,,,,,,,,0.0,0.0,0.0,0.0,0
106.04,-2.7674,0.9328,129.2211,0.0,5.6361,129.2211,,,,,,,,,,,,0.0,0.0,0.0,0.0,0
106.06,-2.7717,0.9303,129.2171,0.0,5.5887,129.2171,,,,,,,,,,,,0.0,0.0,0.0,0.0,0
106.08,-2.7717,0.9303,129.2171,0.0,5.5887,129.2171,,,,,,,,,,,,0.0,0.0,0.0,0.0,0
106.1,-2.7717,0.9303,129.2171,0.0,5.5887,129.2171,,,,,,,,,,,,0.0,0.0,0.0,0.0,0
106.12,-2.7717,0.9303,129.2171,0.0,5.5887,129.2171,,,,,,,,,,,,0.0,0.0,0.0,0.0,0
106.14,-2.7717,0.9303,129.2171,0.0,5.5887,129.2171,,,,,,,,,,,,0.0,0.0,0.0,0.0,0
106.16,-2.7761,0.9271,129.2196,0.0,5.5548,129.2196,,,,,,,,,,,,0.0,0.0,0.0,0.0,0
106.18,-2.7761,0.9271,129.2196,0.0,5.5548,129.2196,,,,,,,,,,,,0.0,0.0,0.0,0.0,0
106.2,-2.7761,0.9271,129.2196,0.0,5.5548,129.2196,,,,,,,,,,,,0.0,0.0,0.0,0.0,0
106.22,-2.7761,0.9271,129.2196,0.0,5.5548,129.2196,,,,,,,,,,,,0.0,0.0,0.0,0.0,0
106.24,-2.7761,0.9271,129.2196,0.0,5.5548,129.2196,,,,,,,,,,,,0.0,0.0,0.0,0.0,0
106.26,-2.7781,0.9278,129.2166,0.0,5.5408,129.2166,,,,,,,,,,,,0.0,0.0,0.0,0.0,0
106.28,-2.7781,0.9278,129.2166,0.0,5.5408,129.2166,,,,,,,,,,,,0.0,0.0,0.0,0.0,0
106.3,-2.7781,0.9278,129.2166,0.0,5.5408,129.2166,,,,,,,,,,,,0.0,0.0,0.0,0.0,0
106.32,-2.7781,0.9278,129.2166,0.0,5.5408,129.2166,,,,,,,,,,,,0.0,0.0,0.0,0.0,0
106.34,-2.7781,0.9278,129.2166,0.0,5.5408,129.2166,,,,,,,,,,,,0.0,0.0,0.0,0.0,0
106.36,-2.7819,0.9254,129.2198,0.0,5.4938,129.2197,,,,,,,,,,,,0.0,0.0,0.0,0.0,0
106.38,-2.7819,0.9254,129.2198,0.0,5.4938,129.2197,,,,,,,,,,,,0.0,0.0,0.0,0.0,0
106.4,-2.7819,0.9254,129.2198,0.0,5.4938,129.2197,,,,,,,,,,,,0.0,0.0,0.0,0.0,0
106.42,-2.7819,0.9254,129.2198,0.0,5.4938,129.2197,,,,,,,,,,,,0.0,0.0,0.0,0.0,0
106.44,-2.7819,0.9254,129.2198,0.0,5.4938,129.2197,,,,,,,,,,,,0.0,0.0,0.0,0.0,0
106.46,-2.7928,0.9244,129.2267,0.0,5.426,129.2267,,,,,,,,,,,,0.0,0.0,0.0,0.0,0
106.48,-2.7928,0.9244,129.2267,0.0,5.426,129.2267,,,,,,,,,,,,0.0,0.0,0.0,0.0,0
106.5,-2.7928,0.9244,129.2267,0.0,5.426,129.2267,,,,,,,,,,,,0.0,0.0,0.0,0.0,0
106.52,-2.7928,0.9244,129.2267,0.0,5.426,129.2267,,,,,,,,,,,,0.0,0.0,0.0,0.0,0
106.54,-2.7928,0.9244,129.2267,0.0,5.426,129.2267,,,,,,,,,,,,0.0,0.0,0.0,0.0,0
106.56,-2.7952,0.924,129.2253,0.0,5.3709,129.2253,,,,,,,,,,,,0.0,0.0,0.0,0.0,0
106.58,-2.7952,0.924,129.2253,0.0,5.3709,129.2253,,,,,,,,,,,,0.0,0.0,0.0,0.0,0
106.6,-2.7952,0.924,129.2253,0.0,5.3709,129.2253,,,,,,,,,,,,0.0,0.0,0.0,0.0,0
106.62,-2.7952,0.924,129.2253,0.0,5.3709,129.2253,,,,,,,,,,,,0.0,0.0,0.0,0.0,0
106.64,-2.7952,0.924,129.2253,0.0,5.3709,129.2253,,,,,,,,,,,,0.0,0.0,0.0,0.0,0
106.66,-2.8009,0.9205,129.2272,0.0,5.3427,129.2272,,,,,,,,,,,,0.0,0.0,0.0,0.0,0
106.68,-2.8009,0.9205,129.2272,0.0,5.3427,129.2272,,,,,,,,,,,,0.0,0.0,0.0,0.0,0
106.7,-2.8009,0.9205,129.2272,0.0,5.3427,129.2272,,,,,,,,,,,,0.0,0.0,0.0,0.0,0
106.72,-2.8009,0.9205,129.2272,0.0,5.3427,129.2272,,,,,,,,,,,,0.0,0.0,0.0,0.0,0
106.74,-2.8009,0.9205,129.2272,0.0,5.3427,129.2272,,,,,,,,,,,,0.0,0.0,0.0,0.0,0
106.76,-2.8058,0.9192,129.2315,0.0,5.2878,129.2315,,,,,,,,,,,,0.0,0.0,0.0,0.0,0
106.78,-2.8058,0.9192,129.2315,0.0,5.2878,129.2315,,,,,,,,,,,,0.0,0.0,0.0,0.0,0
106.8,-2.8058,0.9192,129.2315,0.0,5.2878,129.2315,,,,,,,,,,,,0.0,0.0,0.0,0.0,0
106.82,-2.8058,0.9192,129.2315,0.0,5.2878,129.2315,,,,,,,,,,,,0.0,0.0,0.0,0.0,0
106.84,-2.8058,0.9192,129.2315,0.0,5.2878,129.2315,,,,,,,,,,,,0.0,0.0,0.0,0.0,0
106.86,-2.8099,0.9144,129.2254,0.0,5.2582,129.2254,,,,,,,,,,,,0.0,0.0,0.0,0.0,0
106.88,-2.8099,0.9144,129.2254,0.0,5.2582,129.2254,,,,,,,,,,,,0.0,0.0,0.0,0.0,0
106.9,-2.8099,0.9144,129.2254,0.0,5.2582,129.2254,,,,,,,,,,,,0.0,0.0,0.0,0.0,0
106.92,-2.8099,0.9144,129.2254,0.0,5.2582,129.2254,,,,,,,,,,,,0.0,0.0,0.0,0.0,0
106.94,-2.8099,0.9144,129.2254,0.0,5.2582,129.2254,,,,,,,,,,,,0.0,0.0,0.0,0.0,0
106.96,-2.8131,0.9113,129.2281,0.0,5.5061,129.2281,,,,,,,,,,,,0.0,0.0,0.0,0.0,0
106.98,-2.8131,0.9113,129.2281,0.0,5.5061,129.2281,,,,,,,,,,,,0.0,0.0,0.0,0.0,0
107.0,-2.8131,0.9113,129.2281,0.0,5.5061,129.2281,,,,,,,,,,,,0.0,0.0,0.0,0.0,0
107.02,-2.8131,0.9113,129.2281,0.0,5.5061,129.2281,,,,,,,,,,,,0.0,0.0,0.0,0.0,0
107.04,-2.8131,0.9113,129.2281,0.0,5.5061,129.2281,,,,,,,,,,,,0.0,0.0,0.0,0.0,0
107.06,-2.8202,0.908,129.2255,0.0,5.6089,129.2255,,,,,,,,,,,,0.0,0.0,0.0,0.0,0
107.08,-2.8202,0.908,129.2255,0.0,5.6089,129.2255,,,,,,,,,,,,0.0,0.0,0.0,0.0,0
107.1,-2.8202,0.908,129.2255,0.0,5.6089,129.2255,,,,,,,,,,,,0.0,0.0,0.0,0.0,0
107.12,-2.8202,0.908,129.2255,0.0,5.6089,129.2255,,,,,,,,,,,,0.0,0.0,0.0,0.0,0
107.14,-2.8202,0.908,129.2255,0.0,5.6089,129.2255,,,,,,,,,,,,0.0,0.0,0.0,0.0,0
107.16,-2.8238,0.9074,129.2252,0.0,5.633,129.2252,,,,,,,,,,,,0.0,0.0,0.0,0.0,0
107.18,-2.8238,0.9074,129.2252,0.0,5.633,129.2252,,,,,,,,,,,,0.0,0.0,0.0,0.0,0
107.2,-2.8238,0.9074,129.2252,0.0,5.633,129.2252,,,,,,,,,,,,0.0,0.0,0.0,0.0,0
107.22,-2.8238,0.9074,129.2252,0.0,5.633,129.2252,,,,,,,,,,,,0.0,0.0,0.0,0.0,0
107.24,-2.8238,0.9074,129.2252,0.0,5.633,129.2252,,,,,,,,,,,,0.0,0.0,0.0,0.0,0
107.26,-2.8286,0.9061,129.2283,0.0,5.8007,129.2283,,,,,,,,,,,,0.0,0.0,0.0,0.0,0
107.28,-2.8286,0.9061,129.2283,0.0,5.8007,129.2283,,,,,,,,,,,,0.0,0.0,0.0,0.0,0
107.3,-2.8286,0.9061,129.2283,0.0,5.8007,129.2283,,,,,,,,,,,,0.0,0.0,0.0,0.0,0
107.32,-2.8286,0.9061,129.2283,0.0,5.8007,129.2283,,,,,,,,,,,,0.0,0.0,0.0,0.0,0
107.34,-2.8286,0.9061,129.2283,0.0,5.8007,129.2283,,,,,,,,,,,,0.0,0.0,0.0,0.0,0
107.36,-2.8347,0.9026,129.2285,0.0,6.5271,129.2285,,,,,,,,,,,,0.0,0.0,0.0,0.0,0
107.38,-2.8347,0.9026,129.2285,0.0,6.5271,129.2285,,,,,,,,,,,,0.0,0.0,0.0,0.0,0
107.4,-2.8347,0.9026,129.2285,0.0,6.5271,129.2285,,,,,,,,,,,,0.0,0.0,0.0,0.0,0
107.42,-2.8347,0.9026,129.2285,0.0,6.5271,129.2285,,,,,,,,,,,,0.0,0.0,0.0,0.0,0
107.44,-2.8347,0.9026,129.2285,0.0,6.5271,129.2285,,,,,,,,,,,,0.0,0.0,0.0,0.0,0
107.46,-2.841,0.9022,129.2314,0.0,7.1754,129.2314,,,,,,,,,,,,0.0,0.0,0.0,0.0,0
107.48,-2.841,0.9022,129.2314,0.0,7.1754,129.2314,,,,,,,,,,,,0.0,0.0,0.0,0.0,0
107.5,-2.841,0.9022,129.2314,0.0,7.1754,129.2314,,,,,,,,,,,,0.0,0.0,0.0,0.0,0
107.52,-2.841,0.9022,129.2314,0.0,7.1754,129.2314,,,,,,,,,,,,0.0,0.0,0.0,0.0,0
107.54,-2.841,0.9022,129.2314,0.0,7.1754,129.2314,,,,,,,,,,,,0.0,0.0,0.0,0.0,0
107.56,-2.845,0.8996,129.2351,0.0,7.553,129.2351,,,,,,,,,,,,0.0,0.0,0.0,0.0,0
107.58,-2.845,0.8996,129.2351,0.0,7.553,129.2351,,,,,,,,,,,,0.0,0.0,0.0,0.0,0
107.6,-2.845,0.8996,129.2351,0.0,7.553,129.2351,,,,,,,,,,,,0.0,0.0,0.0,0.0,0
107.62,-2.845,0.8996,129.2351,0.0,7.553,129.2351,,,,,,,,,,,,0.0,0.0,0.0,0.0,0
107.64,-2.845,0.8996,129.2351,0.0,7.553,129.2351,,,,,,,,,,,,0.0,0.0,0.0,0.0,0
107.66,-2.852,0.9008,129.2414,0.0,7.676,129.2414,,,,,,,,,,,,0.0,0.0,0.0,0.0,0
107.68,-2.852,0.9008,129.2414,0.0,7.676,129.2414,,,,,,,,,,,,0.0,0.0,0.0,0.0,0
107.7,-2.852,0.9008,129.2414,0.0,7.676,129.2414,,,,,,,,,,,,0.0,0.0,0.0,0.0,0
107.72,-2.852,0.9008,129.2414,0.0,7.676,129.2414,,,,,,,,,,,,0.0,0.0,0.0,0.0,0
107.74,-2.852,0.9008,129.2414,0.0,7.676,129.2414,,,,,,,,,,,,0.0,0.0,0.0,0.0,0
107.76,-2.8583,0.897,129.2339,0.0,7.7139,129.2339,,,,,,,,,,,,0.0,0.0,0.0,0.0,0
107.78,-2.8583,0.897,129.2339,0.0,7.7139,129.2339,,,,,,,,,,,,0.0,0.0,0.0,0.0,0
107.8,-2.8583,0.897,129.2339,0.0,7.7139,129.2339,,,,,,,,,,,,0.0,0.0,0.0,0.0,0
107.82,-2.8583,0.897,129.2339,0.0,7.7139,129.2339,,,,,,,,,,,,0.0,0.0,0.0,0.0,0
107.84,-2.8583,0.897,129.2339,0.0,7.7139,129.2339,,,,,,,,,,,,0.0,0.0,0.0,0.0,0
107.86,-2.8632,0.8952,129.2382,0.0,7.7992,129.2382,,,,,,,,,,,,0.0,0.0,0.0,0.0,0
107.88,-2.8632,0.8952,129.2382,0.0,7.7992,129.2382,,,,,,,,,,,,0.0,0.0,0.0,0.0,0
107.9,-2.8632,0.8952,129.2382,0.0,7.7992,129.2382,,,,,,,,,,,,0.0,0.0,0.0,0.0,0
107.92,-2.8632,0.8952,129.2382,0.0,7.7992,129.2382,,,,,,,,,,,,0.0,0.0,0.0,0.0,0
107.94,-2.8632,0.8952,129.2382,0.0,7.7992,129.2382,,,,,,,,,,,,0.0,0.0,0.0,0.0,0
107.96,-2.8657,0.8925,129.2298,0.0,7.8947,129.2298,,,,,,,,,,,,0.0,0.0,0.0,0.0,0
107.98,-2.8657,0.8925,129.2298,0.0,7.8947,129.2298,,,,,,,,,,,,0.0,0.0,0.0,0.0,0
108.0,-2.8657,0.8925,129.2298,0.0,7.8947,129.2298,,,,,,,,,,,,0.0,0.0,0.0,0.0,0
108.02,-2.8657,0.8925,129.2298,0.0,7.8947,129.2298,,,,,,,,,,,,0.0,0.0,0.0,0.0,0
108.04,-2.8657,0.8925,129.2298,0.0,7.8947,129.2298,,,,,,,,,,,,0.0,0.0,0.0,0.0,0
108.06,-2.868,0.8886,129.2396,0.0,7.6361,129.2396,,,,,,,,,,,,0.0,0.0,0.0,0.0,0
108.08,-2.868,0.8886,129.2396,0.0,7.6361,129.2396,,,,,,,,,,,,0.0,0.0,0.0,0.0,0
108.1,-2.868,0.8886,129.2396,0.0,7.6361,129.2396,,,,,,,,,,,,0.0,0.0,0.0,0.0,0
108.12,-2.868,0.8886,129.2396,0.0,7.6361,129.2396,,,,,,,,,,,,0.0,0.0,0.0,0.0,0
108.14,-2.868,0.8886,129.2396,0.0,7.6361,129.2396,,,,,,,,,,,,0.0,0.0,0.0,0.0,0
108.16,-2.8738,0.8879,129.2435,0.0,7.3673,129.2435,,,,,,,,,,,,0.0,0.0,0.0,0.0,0
108.18,-2.8738,0.8879,129.2435,0.0,7.3673,129.2435,,,,,,,,,,,,0.0,0.0,0.0,0.0,0
108.2,-2.8738,0.8879,129.2435,0.0,7.3673,129.2435,,,,,,,,,,,,0.0,0.0,0.0,0.0,0
108.22,-2.8738,0.8879,129.2435,0.0,7.3673,129.2435,,,,,,,,,,,,0.0,0.0,0.0,0.0,0
108.24,-2.8738,0.8879,129.2435,0.0,7.3673,129.2435,,,,,,,,,,,,0.0,0.0,0.0,0.0,0
108.26,-2.8802,0.8871,129.2485,0.0,7.2152,129.2486,,,,,,,,,,,,0.0,0.0,0.0,0.0,0
108.28,-2.8802,0.8871,129.2485,0.0,7.2152,129.2486,,,,,,,,,,,,0.0,0.0,0.0,0.0,0
108.3,-2.8802,0.8871,129.2485,0.0,7.2152,129.2486,,,,,,,,,,,,0.0,0.0,0.0,0.0,0
108.32,-2.8802,0.8871,129.2485,0.0,7.2152,129.2486,,,,,,,,,,,,0.0,0.0,0.0,0.0,0
108.34,-2.8802,0.8871,129.2485,0.0,7.2152,129.2486,,,,,,,,,,,,0.0,0.0,0.0,0.0,0
108.36,-2.8799,0.8868,129.2537,0.0,7.1033,129.2536,,,,,,,,,,,,0.0,0.0,0.0,0.0,0
108.38,-2.8799,0.8868,129.2537,0.0,7.1033,129.2536,,,,,,,,,,,,0.0,0.0,0.0,0.0,0
108.4,-2.8799,0.8868,129.2537,0.0,7.1033,129.2536,,,,,,,,,,,,0.0,0.0,0.0,0.0,0
108.42,-2.8799,0.8868,129.2537,0.0,7.1033,129.2536,,,,,,,,,,,,0.0,0.0,0.0,0.0,0
108.44,-2.8799,0.8868,129.2537,0.0,7.1033,129.2536,,,,,,,,,,,,0.0,0.0,0.0,0.0,0
108.46,-2.8845,0.885,129.2598,0.0,7.0625,129.2598,,,,,,,,,,,,0.0,0.0,0.0,0.0,0
108.48,-2.8845,0.885,129.2598,0.0,7.0625,129.2598,,,,,,,,,,,,0.0,0.0,0.0,0.0,0
108.5,-2.8845,0.885,129.2598,0.0,7.0625,129.2598,,,,,,,,,,,,0.0,0.0,0.0,0.0,0
108.52,-2.8845,0.885,129.2598,0.0,7.0625,129.2598,,,,,,,,,,,,0.0,0.0,0.0,0.0,0
108.54,-2.8845,0.885,129.2598,0.0,7.0625,129.2598,,,,,,,,,,,,0.0,0.0,0.0,0.0,0
108.56,-2.8871,0.8876,129.2584,0.0,7.0417,129.2584,,,,,,,,,,,,0.0,0.0,0.0,0.0,0
108.58,-2.8871,0.8876,129.2584,0.0,7.0417,129.2584,,,,,,,,,,,,0.0,0.0,0.0,0.0,0
108.6,-2.8871,0.8876,129.2584,0.0,7.0417,129.2584,,,,,,,,,,,,0.0,0.0,0.0,0.0,0
108.62,-2.8871,0.8876,129.2584,0.0,7.0417,129.2584,,,,,,,,,,,,0.0,0.0,0.0,0.0,0
108.64,-2.8871,0.8876,129.2584,0.0,7.0417,129.2584,,,,,,,,,,,,0.0,0.0,0.0,0.0,0
108.66,-2.8921,0.8858,129.2641,0.0,7.0979,129.2641,,,,,,,,,,,,0.0,0.0,0.0,0.0,0
108.68,-2.8921,0.8858,129.2641,0.0,7.0979,129.2641,,,,,,,,,,,,0.0,0.0,0.0,0.0,0
108.7,-2.8921,0.8858,129.2641,0.0,7.0979,129.2641,,,,,,,,,,,,0.0,0.0,0.0,0.0,0
108.72,-2.8921,0.8858,129.2641,0.0,7.0979,129.2641,,,,,,,,,,,,0.0,0.0,0.0,0.0,0
108.74,-2.8921,0.8858,129.2641,0.0,7.0979,129.2641,,,,,,,,,,,,0.0,0.0,0.0,0.0,0
108.76,-2.897,0.8879,129.2634,0.0,7.1957,129.2634,,,,,,,,,,,,0.0,0.0,0.0,0.0,0
108.78,-2.897,0.8879,129.2634,0.0,7.1957,129.2634,,,,,,,,,,,,0.0,0.0,0.0,0.0,0
108.8,-2.897,0.8879,129.2634,0.0,7.1957,129.2634,,,,,,,,,,,,0.0,0.0,0.0,0.0,0
108.82,-2.897,0.8879,129.2634,0.0,7.1957,129.2634,,,,,,,,,,,,0.0,0.0,0.0,0.0,0
108.84,-2.897,0.8879,129.2634,0.0,7.1957,129.2634,,,,,,,,,,,,0.0,0.0,0.0,0.0,0
108.86,-2.8988,0.8876,129.2653,0.0,7.1146,129.2654,,,,,,,,,,,,0.0,0.0,0.0,0.0,0
108.88,-2.8988,0.8876,129.2653,0.0,7.1146,129.2654,,,,,,,,,,,,0.0,0.0,0.0,0.0,0
108.9,-2.8988,0.8876,129.2653,0.0,7.1146,129.2654,,,,,,,,,,,,0.0,0.0,0.0,0.0,0
108.92,-2.8988,0.8876,129.2653,0.0,7.1146,129.2654,,,,,,,,,,,,0.0,0.0,0.0,0.0,0
108.94,-2.8988,0.8876,129.2653,0.0,7.1146,129.2654,,,,,,,,,,,,0.0,0.0,0.0,0.0,0
108.96,-2.9009,0.8829,129.2718,0.0,6.6533,129.2718,,,,,,,,,,,,0.0,0.0,0.0,0.0,0
108.98,-2.9009,0.8829,129.2718,0.0,6.6533,129.2718,,,,,,,,,,,,0.0,0.0,0.0,0.0,0
109.0,-2.9009,0.8829,129.2718,0.0,6.6533,129.2718,,,,,,,,,,,,0.0,0.0,0.0,0.0,0
109.02,-2.9009,0.8829,129.2718,0.0,6.6533,129.2718,,,,,,,,,,,,0.0,0.0,0.0,0.0,0
109.04,-2.9009,0.8829,129.2718,0.0,6.6533,129.2718,,,,,,,,,,,,0.0,0.0,0.0,0.0,0
109.06,-2.9053,0.8804,129.2688,0.0,4.9813,129.2688,,,,,,,,,,,,0.0,0.0,0.0,0.0,0
109.08,-2.9053,0.8804,129.2688,0.0,4.9813,129.2688,,,,,,,,,,,,0.0,0.0,0.0,0.0,0
109.1,-2.9053,0.8804,129.2688,0.0,4.9813,129.2688,,,,,,,,,,,,0.0,0.0,0.0,0.0,0
109.12,-2.9053,0.8804,129.2688,0.0,4.9813,129.2688,,,,,,,,,,,,0.0,0.0,0.0,0.0,0
109.14,-2.9053,0.8804,129.2688,0.0,4.9813,129.2688,,,,,,,,,,,,0.0,0.0,0.0,0.0,0
109.16,-2.9083,0.8766,129.2695,0.0,2.7846,129.2695,,,,,,,,,,,,0.0,0.0,0.0,0.0,0
109.18,-2.9083,0.8766,129.2695,0.0,2.7846,129.2695,,,,,,,,,,,,0.0,0.0,0.0,0.0,0
109.2,-2.9083,0.8766,129.2695,0.0,2.7846,129.2695,,,,,,,,,,,,0.0,0.0,0.0,0.0,0
109.22,-2.9083,0.8766,129.2695,0.0,2.7846,129.2695,,,,,,,,,,,,0.0,0.0,0.0,0.0,0
109.24,-2.9083,0.8766,129.2695,0.0,2.7846,129.2695,,,,,,,,,,,,0.0,0.0,0.0,0.0,0
109.26,-2.9135,0.8703,129.2711,0.0,1.3764,129.2711,,,,,,,,,,,,0.0,0.0,0.0,0.0,0
109.28,-2.9135,0.8703,129.2711,0.0,1.3764,129.2711,,,,,,,,,,,,0.0,0.0,0.0,0.0,0
109.3,-2.9135,0.8703,129.2711,0.0,1.3764,129.2711,,,,,,,,,,,,0.0,0.0,0.0,0.0,0
109.32,-2.9135,0.8703,129.2711,0.0,1.3764,129.2711,,,,,,,,,,,,0.0,0.0,0.0,0.0,0
109.34,-2.9135,0.8703,129.2711,0.0,1.3764,129.2711,,,,,,,,,,,,0.0,0.0,0.0,0.0,0
109.36,-2.9159,0.8675,129.2753,0.0,0.5716,129.2754,,,,,,,,,,,,0.0,0.0,0.0,0.0,0
109.38,-2.9159,0.8675,129.2753,0.0,0.5716,129.2754,,,,,,,,,,,,0.0,0.0,0.0,0.0,0
109.4,-2.9159,0.8675,129.2753,0.0,0.5716,129.2754,,,,,,,,,,,,0.0,0.0,0.0,0.0,0
109.42,-2.9159,0.8675,129.2753,0.0,0.5716,129.2754,,,,,,,,,,,,0.0,0.0,0.0,0.0,0
109.44,-2.9159,0.8675,129.2753,0.0,0.5716,129.2754,,,,,,,,,,,,0.0,0.0,0.0,0.0,0
109.46,-2.9253,0.8646,129.2808,0.0,0.1743,129.2808,,,,,,,,,,,,0.0,0.0,0.0,0.0,0
109.48,-2.9253,0.8646,129.2808,0.0,0.1743,129.2808,,,,,,,,,,,,0.0,0.0,0.0,0.0,0
109.5,-2.9253,0.8646,129.2808,0.0,0.1743,129.2808,,,,,,,,,,,,0.0,0.0,0.0,0.0,0
109.52,-2.9253,0.8646,129.2808,0.0,0.1743,129.2808,,,,,,,,,,,,0.0,0.0,0.0,0.0,0
109.54,-2.9253,0.8646,129.2808,0.0,0.1743,129.2808,,,,,,,,,,,,0.0,0.0,0.0,0.0,0
109.56,-2.9299,0.8624,129.2838,0.0,0.0044,129.2838,,,,,,,,,,,,0.0,0.0,0.0,0.0,0
109.58,-2.9299,0.8624,129.2838,0.0,0.0044,129.2838,,,,,,,,,,,,0.0,0.0,0.0,0.0,0
109.6,-2.9299,0.8624,129.2838,0.0,0.0044,129.2838,,,,,,,,,,,,0.0,0.0,0.0,0.0,0
109.62,-2.9299,0.8624,129.2838,0.0,0.0044,129.2838,,,,,,,,,,,,0.0,0.0,0.0,0.0,0
109.64,-2.9299,0.8624,129.2838,0.0,0.0044,129.2838,,,,,,,,,,,,0.0,0.0,0.0,0.0,0
109.66,-2.9333,0.8567,129.2826,0.0,0.0017,129.2826,,,,,,,,,,,,0.0,0.0,0.0,0.0,0
109.68,-2.9333,0.8567,129.2826,0.0,0.0017,129.2826,,,,,,,,,,,,0.0,0.0,0.0,0.0,0
109.7,-2.9333,0.8567,129.2826,0.0,0.0017,129.2826,,,,,,,,,,,,0.0,0.0,0.0,0.0,0
109.72,-2.9333,0.8567,129.2826,0.0,0.0017,129.2826,,,,,,,,,,,,0.0,0.0,0.0,0.0,0
109.74,-2.9333,0.8567,129.2826,0.0,0.0017,129.2826,,,,,,,,,,,,0.0,0.0,0.0,0.0,0
109.76,-2.937,0.8579,129.2881,0.0,0.0009,129.2881,,,,,,,,,,,,0.0,0.0,0.0,0.0,0
109.78,-2.937,0.8579,129.2881,0.0,0.0009,129.2881,,,,,,,,,,,,0.0,0.0,0.0,0.0,0
109.8,-2.937,0.8579,129.2881,0.0,0.0009,129.2881,,,,,,,,,,,,0.0,0.0,0.0,0.0,0
109.82,-2.937,0.8579,129.2881,0.0,0.0009,129.2881,,,,,,,,,,,,0.0,0.0,0.0,0.0,0
109.84,-2.937,0.8579,129.2881,0.0,0.0009,129.2881,,,,,,,,,,,,0.0,0.0,0.0,0.0,0
109.86,-2.9376,0.8544,129.2865,0.0,0.0005,129.2865,,,,,,,,,,,,0.0,0.0,0.0,0.0,0
109.88,-2.9376,0.8544,129.2865,0.0,0.0005,129.2865,,,,,,,,,,,,0.0,0.0,0.0,0.0,0
109.9,-2.9376,0.8544,129.2865,0.0,0.0005,129.2865,,,,,,,,,,,,0.0,0.0,0.0,0.0,0
109.92,-2.9376,0.8544,129.2865,0.0,0.0005,129.2865,,,,,,,,,,,,0.0,0.0,0.0,0.0,0
109.94,-2.9376,0.8544,129.2865,0.0,0.0005,129.2865,,,,,,,,,,,,0.0,0.0,0.0,0.0,0
109.96,-2.9453,0.8526,129.2951,0.0,0.0004,129.2951,,,,,,,,,,,,0.0,0.0,0.0,0.0,0
109.98,-2.9453,0.8526,129.2951,0.0,0.0004,129.2951,,,,,,,,,,,,0.0,0.0,0.0,0.0,0
110.0,-2.9453,0.8526,129.2951,0.0,0.0004,129.2951,,,,,,,,,,,,0.0,0.0,0.0,0.0,0
110.02,-2.9453,0.8526,129.2951,0.0,0.0004,129.2951,,,,,,,,,,,,0.0,0.0,0.0,0.0,0
110.04,-2.9453,0.8526,129.2951,0.0,0.0004,129.2951,,,,,,,,,,,,0.0,0.0,0.0,0.0,0
110.06,-2.9507,0.8527,129.293,0.0,0.0004,129.293,,,,,,,,,,,,0.0,0.0,0.0,0.0,0
110.08,-2.9507,0.8527,129.293,0.0,0.0004,129.293,,,,,,,,,,,,0.0,0.0,0.0,0.0,0
110.1,-2.9507,0.8527,129.293,0.0,0.0004,129.293,,,,,,,,,,,,0.0,0.0,0.0,0.0,0
110.12,-2.9507,0.8527,129.293,0.0,0.0004,129.293,,,,,,,,,,,,0.0,0.0,0.0,0.0,0
110.14,-2.9507,0.8527,129.293,0.0,0.0004,129.293,,,,,,,,,,,,0.0,0.0,0.0,0.0,0
110.16,-2.9521,0.8537,129.303,0.0,0.0004,129.303,,,,,,,,,,,,0.0,0.0,0.0,0.0,0
110.18,-2.9521,0.8537,129.303,0.0,0.0004,129.303,,,,,,,,,,,,0.0,0.0,0.0,0.0,0
110.2,-2.9521,0.8537,129.303,0.0,0.0004,129.303,,,,,,,,,,,,0.0,0.0,0.0,0.0,0
110.22,-2.9521,0.8537,129.303,0.0,0.0004,129.303,,,,,,,,,,,,0.0,0.0,0.0,0.0,0
110.24,-2.9521,0.8537,129.303,0.0,0.0004,129.303,,,,,,,,,,,,0.0,0.0,0.0,0.0,0
110.26,-2.9532,0.8507,129.3016,0.0,0.0636,129.3016,,,,,,,,,,,,0.0,0.0,0.0,0.0,0
110.28,-2.9532,0.8507,129.3016,0.0,0.0636,129.3016,,,,,,,,,,,,0.0,0.0,0.0,0.0,0
110.3,-2.9532,0.8507,129.3016,0.0,0.0636,129.3016,,,,,,,,,,,,0.0,0.0,0.0,0.0,0
110.32,-2.9532,0.8507,129.3016,0.0,0.0636,129.3016,,,,,,,,,,,,0.0,0.0,0.0,0.0,0
110.34,-2.9532,0.8507,129.3016,0.0,0.0636,129.3016,,,,,,,,,,,,0.0,0.0,0.0,0.0,0
110.36,-2.9503,0.8488,129.3057,0.0,0.4436,129.3057,,,,,,,,,,,,0.0,0.0,0.0,0.0,0
110.38,-2.9503,0.8488,129.3057,0.0,0.4436,129.3057,,,,,,,,,,,,0.0,0.0,0.0,0.0,0
110.4,-2.9503,0.8488,129.3057,0.0,0.4436,129.3057,,,,,,,,,,,,0.0,0.0,0.0,0.0,0
110.42,-2.9503,0.8488,129.3057,0.0,0.4436,129.3057,,,,,,,,,,,,0.0,0.0,0.0,0.0,0
110.44,-2.9503,0.8488,129.3057,0.0,0.4436,129.3057,,,,,,,,,,,,0.0,0.0,0.0,0.0,0
110.46,-2.9538,0.8476,129.2987,0.0,0.6959,129.2987,,,,,,,,,,,,0.0,0.0,0.0,0.0,0
110.48,-2.9538,0.8476,129.2987,0.0,0.6959,129.2987,,,,,,,,,,,,0.0,0.0,0.0,0.0,0
110.5,-2.9538,0.8476,129.2987,0.0,0.6959,129.2987,,,,,,,,,,,,0.0,0.0,0.0,0.0,0
110.52,-2.9538,0.8476,129.2987,0.0,0.6959,129.2987,,,,,,,,,,,,0.0,0.0,0.0,0.0,0
110.54,-2.9538,0.8476,129.2987,0.0,0.6959,129.2987,,,,,,,,,,,,0.0,0.0,0.0,0.0,0
110.56,-2.9594,0.8491,129.3144,0.0,0.8957,129.3144,,,,,,,,,,,,0.0,0.0,0.0,0.0,0
110.58,-2.9594,0.8491,129.3144,0.0,0.8957,129.3144,,,,,,,,,,,,0.0,0.0,0.0,0.0,0
110.6,-2.9594,0.8491,129.3144,0.0,0.8957,129.3144,,,,,,,,,,,,0.0,0.0,0.0,0.0,0
110.62,-2.9594,0.8491,129.3144,0.0,0.8957,129.3144,,,,,,,,,,,,0.0,0.0,0.0,0.0,0
110.64,-2.9594,0.8491,129.3144,0.0,0.8957,129.3144,,,,,,,,,,,,0.0,0.0,0.0,0.0,0
110.66,-2.9622,0.8477,129.3087,0.0,0.9771,129.3087,,,,,,,,,,,,0.0,0.0,0.0,0.0,0
110.68,-2.9622,0.8477,129.3087,0.0,0.9771,129.3087,,,,,,,,,,,,0.0,0.0,0.0,0.0,0
110.7,-2.9622,0.8477,129.3087,0.0,0.9771,129.3087,,,,,,,,,,,,0.0,0.0,0.0,0.0,0
110.72,-2.9622,0.8477,129.3087,0.0,0.9771,129.3087,,,,,,,,,,,,0.0,0.0,0.0,0.0,0
110.74,-2.9622,0.8477,129.3087,0.0,0.9771,129.3087,,,,,,,,,,,,0.0,0.0,0.0,0.0,0
110.76,-2.967,0.845,129.3186,0.0,1.3435,129.3186,,,,,,,,,,,,0.0,0.0,0.0,0.0,0
110.78,-2.967,0.845,129.3186,0.0,1.3435,129.3186,,,,,,,,,,,,0.0,0.0,0.0,0.0,0
110.8,-2.967,0.845,129.3186,0.0,1.3435,129.3186,,,,,,,,,,,,0.0,0.0,0.0,0.0,0
110.82,-2.967,0.845,129.3186,0.0,1.3435,129.3186,,,,,,,,,,,,0.0,0.0,0.0,0.0,0
110.84,-2.967,0.845,129.3186,0.0,1.3435,129.3186,,,,,,,,,,,,0.0,0.0,0.0,0.0,0
110.86,-2.9735,0.843,129.3127,0.0,1.4136,129.3127,,,,,,,,,,,,0.0,0.0,0.0,0.0,0
110.88,-2.9735,0.843,129.3127,0.0,1.4136,129.3127,,,,,,,,,,,,0.0,0.0,0.0,0.0,0
110.9,-2.9735,0.843,129.3127,0.0,1.4136,129.3127,,,,,,,,,,,,0.0,0.0,0.0,0.0,0
110.92,-2.9735,0.843,129.3127,0.0,1.4136,129.3127,,,,,,,,,,,,0.0,0.0,0.0,0.0,0
110.94,-2.9735,0.843,129.3127,0.0,1.4136,129.3127,,,,,,,,,,,,0.0,0.0,0.0,0.0,0
110.96,-2.9757,0.8405,129.3213,0.0,1.2527,129.3213,,,,,,,,,,,,0.0,0.0,0.0,0.0,0
110.98,-2.9757,0.8405,129.3213,0.0,1.2527,129.3213,,,,,,,,,,,,0.0,0.0,0.0,0.0,0
111.0,-2.9757,0.8405,129.3213,0.0,1.2527,129.3213,,,,,,,,,,,,0.0,0.0,0.0,0.0,0
111.02,-2.9757,0.8405,129.3213,0.0,1.2527,129.3213,,,,,,,,,,,,0.0,0.0,0.0,0.0,0
111.04,-2.9757,0.8405,129.3213,0.0,1.2527,129.3213,,,,,,,,,,,,0.0,0.0,0.0,0.0,0
111.06,-2.9782,0.8409,129.3191,0.0,1.1447,129.3191,,,,,,,,,,,,0.0,0.0,0.0,0.0,0
111.08,-2.9782,0.8409,129.3191,0.0,1.1447,129.3191,,,,,,,,,,,,0.0,0.0,0.0,0.0,0
111.1,-2.9782,0.8409,129.3191,0.0,1.1447,129.3191,,,,,,,,,,,,0.0,0.0,0.0,0.0,0
111.12,-2.9782,0.8409,129.3191,0.0,1.1447,129.3191,,,,,,,,,,,,0.0,0.0,0.0,0.0,0
111.14,-2.9782,0.8409,129.3191,0.0,1.1447,129.3191,,,,,,,,,,,,0.0,0.0,0.0,0.0,0
111.16,-2.9801,0.836,129.3302,0.0,1.0902,129.3302,,,,,,,,,,,,0.0,0.0,0.0,0.0,0
111.18,-2.9801,0.836,129.3302,0.0,1.0902,129.3302,,,,,,,,,,,,0.0,0.0,0.0,0.0,0
111.2,-2.9801,0.836,129.3302,0.0,1.0902,129.3302,,,,,,,,,,,,0.0,0.0,0.0,0.0,0
111.22,-2.9801,0.836,129.3302,0.0,1.0902,129.3302,,,,,,,,,,,,0.0,0.0,0.0,0.0,0
111.24,-2.9801,0.836,129.3302,0.0,1.0902,129.3302,,,,,,,,,,,,0.0,0.0,0.0,0.0,0
111.26,-2.9851,0.8343,129.3244,0.0,1.0624,129.3244,,,,,,,,,,,,0.0,0.0,0.0,0.0,0
111.28,-2.9851,0.8343,129.3244,0.0,1.0624,129.3244,,,,,,,,,,,,0.0,0.0,0.0,0.0,0
111.3,-2.9851,0.8343,129.3244,0.0,1.0624,129.3244,,,,,,,,,,,,0.0,0.0,0.0,0.0,0
111.32,-2.9851,0.8343,129.3244,0.0,1.0624,129.3244,,,,,,,,,,,,0.0,0.0,0.0,0.0,0
111.34,-2.9851,0.8343,129.3244,0.0,1.0624,129.3244,,,,,,,,,,,,0.0,0.0,0.0,0.0,0
111.36,-2.9869,0.8325,129.323,0.0,1.0482,129.323,,,,,,,,,,,,0.0,0.0,0.0,0.0,0
111.38,-2.9869,0.8325,129.323,0.0,1.0482,129.323,,,,,,,,,,,,0.0,0.0,0.0,0.0,0
111.4,-2.9869,0.8325,129.323,0.0,1.0482,129.323,,,,,,,,,,,,0.0,0.0,0.0,0.0,0
111.42,-2.9869,0.8325,129.323,0.0,1.0482,129.323,,,,,,,,,,,,0.0,0.0,0.0,0.0,0
111.44,-2.9869,0.8325,129.323,0.0,1.0482,129.323,,,,,,,,,,,,0.0,0.0,0.0,0.0,0
111.46,-2.9894,0.8383,129.3295,0.0,1.0782,129.3295,,,,,,,,,,,,0.0,0.0,0.0,0.0,0
111.48,-2.9894,0.8383,129.3295,0.0,1.0782,129.3295,,,,,,,,,,,,0.0,0.0,0.0,0.0,0
111.5,-2.9894,0.8383,129.3295,0.0,1.0782,129.3295,,,,,,,,,,,,0.0,0.0,0.0,0.0,0
111.52,-2.9894,0.8383,129.3295,0.0,1.0782,129.3295,,,,,,,,,,,,0.0,0.0,0.0,0.0,0
111.54,-2.9894,0.8383,129.3295,0.0,1.0782,129.3295,,,,,,,,,,,,0.0,0.0,0.0,0.0,0
111.56,-2.9906,0.8366,129.3259,0.0,1.0563,129.3259,,,,,,,,,,,,0.0,0.0,0.0,0.0,0
111.58,-2.9906,0.8366,129.3259,0.0,1.0563,129.3259,,,,,,,,,,,,0.0,0.0,0.0,0.0,0
111.6,-2.9906,0.8366,129.3259,0.0,1.0563,129.3259,,,,,,,,,,,,0.0,0.0,0.0,0.0,0
111.62,-2.9906,0.8366,129.3259,0.0,1.0563,129.3259,,,,,,,,,,,,0.0,0.0,0.0,0.0,0
111.64,-2.9906,0.8366,129.3259,0.0,1.0563,129.3259,,,,,,,,,,,,0.0,0.0,0.0,0.0,0
111.66,-2.9886,0.8299,129.3353,0.0,1.0856,129.3353,,,,,,,,,,,,0.0,0.0,0.0,0.0,0
111.68,-2.9886,0.8299,129.3353,0.0,1.0856,129.3353,,,,,,,,,,,,0.0,0.0,0.0,0.0,0
111.7,-2.9886,0.8299,129.3353,0.0,1.0856,129.3353,,,,,,,,,,,,0.0,0.0,0.0,0.0,0
111.72,-2.9886,0.8299,129.3353,0.0,1.0856,129.3353,,,,,,,,,,,,0.0,0.0,0.0,0.0,0
111.74,-2.9886,0.8299,129.3353,0.0,1.0856,129.3353,,,,,,,,,,,,0.0,0.0,0.0,0.0,0
111.76,-2.9901,0.8313,129.3311,0.0,1.122,129.3311,,,,,,,,,,,,0.0,0.0,0.0,0.0,0
111.78,-2.9901,0.8313,129.3311,0.0,1.122,129.3311,,,,,,,,,,,,0.0,0.0,0.0,0.0,0
111.8,-2.9901,0.8313,129.3311,0.0,1.122,129.3311,,,,,,,,,,,,0.0,0.0,0.0,0.0,0
111.82,-2.9901,0.8313,129.3311,0.0,1.122,129.3311,,,,,,,,,,,,0.0,0.0,0.0,0.0,0
111.84,-2.9901,0.8313,129.3311,0.0,1.122,129.3311,,,,,,,,,,,,0.0,0.0,0.0,0.0,0
111.86,-2.9934,0.8291,129.3419,0.0,1.1642,129.3419,,,,,,,,,,,,0.0,0.0,0.0,0.0,0
111.88,-2.9934,0.8291,129.3419,0.0,1.1642,129.3419,,,,,,,,,,,,0.0,0.0,0.0,0.0,0
111.9,-2.9934,0.8291,129.3419,0.0,1.1642,129.3419,,,,,,,,,,,,0.0,0.0,0.0,0.0,0
111.92,-2.9934,0.8291,129.3419,0.0,1.1642,129.3419,,,,,,,,,,,,0.0,0.0,0.0,0.0,0
111.94,-2.9934,0.8291,129.3419,0.0,1.1642,129.3419,,,,,,,,,,,,0.0,0.0,0.0,0.0,0
111.96,-2.9943,0.8316,129.3322,0.0,1.2402,129.3322,,,,,,,,,,,,0.0,0.0,0.0,0.0,0
111.98,-2.9943,0.8316,129.3322,0.0,1.2402,129.3322,,,,,,,,,,,,0.0,0.0,0.0,0.0,0
112.0,-2.9943,0.8316,129.3322,0.0,1.2402,129.3322,,,,,,,,,,,,0.0,0.0,0.0,0.0,0
112.02,-2.9943,0.8316,129.3322,0.0,1.2402,129.3322,,,,,,,,,,,,0.0,0.0,0.0,0.0,0
112.04,-2.9943,0.8316,129.3322,0.0,1.2402,129.3322,,,,,,,,,,,,0.0,0.0,0.0,0.0,0
112.06,-2.9965,0.8313,129.3426,0.0,1.2539,129.3426,,,,,,,,,,,,0.0,0.0,0.0,0.0,0
112.08,-2.9965,0.8313,129.3426,0.0,1.2539,129.3426,,,,,,,,,,,,0.0,0.0,0.0,0.0,0
112.1,-2.9965,0.8313,129.3426,0.0,1.2539,129.3426,,,,,,,,,,,,0.0,0.0,0.0,0.0,0
112.12,-2.9965,0.8313,129.3426,0.0,1.2539,129.3426,,,,,,,,,,,,0.0,0.0,0.0,0.0,0
112.14,-2.9965,0.8313,129.3426,0.0,1.2539,129.3426,,,,,,,,,,,,0.0,0.0,0.0,0.0,0
112.16,-3.0008,0.83,129.3316,0.0,1.4345,129.3316,,,,,,,,,,,,0.0,0.0,0.0,0.0,0
112.18,-3.0008,0.83,129.3316,0.0,1.4345,129.3316,,,,,,,,,,,,0.0,0.0,0.0,0.0,0
112.2,-3.0008,0.83,129.3316,0.0,1.4345,129.3316,,,,,,,,,,,,0.0,0.0,0.0,0.0,0
112.22,-3.0008,0.83,129.3316,0.0,1.4345,129.3316,,,,,,,,,,,,0.0,0.0,0.0,0.0,0
112.24,-3.0008,0.83,129.3316,0.0,1.4345,129.3316,,,,,,,,,,,,0.0,0.0,0.0,0.0,0
112.26,-3.0027,0.8354,129.3474,0.0,1.6009,129.3474,,,,,,,,,,,,0.0,0.0,0.0,0.0,0
112.28,-3.0027,0.8354,129.3474,0.0,1.6009,129.3474,,,,,,,,,,,,0.0,0.0,0.0,0.0,0
112.3,-3.0027,0.8354,129.3474,0.0,1.6009,129.3474,,,,,,,,,,,,0.0,0.0,0.0,0.0,0
112.32,-3.0027,0.8354,129.3474,0.0,1.6009,129.3474,,,,,,,,,,,,0.0,0.0,0.0,0.0,0
112.34,-3.0027,0.8354,129.3474,0.0,1.6009,129.3474,,,,,,,,,,,,0.0,0.0,0.0,0.0,0
112.36,-3.0041,0.8375,129.3401,0.0,1.2778,129.3401,,,,,,,,,,,,0.0,0.0,0.0,0.0,0
112.38,-3.0041,0.8375,129.3401,0.0,1.2778,129.3401,,,,,,,,,,,,0.0,0.0,0.0,0.0,0
112.4,-3.0041,0.8375,129.3401,0.0,1.2778,129.3401,,,,,,,,,,,,0.0,0.0,0.0,0.0,0
112.42,-3.0041,0.8375,129.3401,0.0,1.2778,129.3401,,,,,,,,,,,,0.0,0.0,0.0,0.0,0
112.44,-3.0041,0.8375,129.3401,0.0,1.2778,129.3401,,,,,,,,,,,,0.0,0.0,0.0,0.0,0
112.46,-3.0036,0.8345,129.3529,0.0,0.4868,129.3529,,,,,,,,,,,,0.0,0.0,0.0,0.0,0
112.48,-3.0036,0.8345,129.3529,0.0,0.4868,129.3529,,,,,,,,,,,,0.0,0.0,0.0,0.0,0
112.5,-3.0036,0.8345,129.3529,0.0,0.4868,129.3529,,,,,,,,,,,,0.0,0.0,0.0,0.0,0
112.52,-3.0036,0.8345,129.3529,0.0,0.4868,129.3529,,,,,,,,,,,,0.0,0.0,0.0,0.0,0
112.54,-3.0036,0.8345,129.3529,0.0,0.4868,129.3529,,,,,,,,,,,,0.0,0.0,0.0,0.0,0
112.56,-3.002,0.8351,129.3472,0.0,-0.3332,129.3472,,,,,,,,,,,,0.0,0.0,0.0,0.0,0
112.58,-3.002,0.8351,129.3472,0.0,-0.3332,129.3472,,,,,,,,,,,,0.0,0.0,0.0,0.0,0
112.6,-3.002,0.8351,129.3472,0.0,-0.3332,129.3472,,,,,,,,,,,,0.0,0.0,0.0,0.0,0
112.62,-3.002,0.8351,129.3472,0.0,-0.3332,129.3472,,,,,,,,,,,,0.0,0.0,0.0,0.0,0
112.64,-3.002,0.8351,129.3472,0.0,-0.3332,129.3472,,,,,,,,,,,,0.0,0.0,0.0,0.0,0
112.66,-3.004,0.8363,129.3576,0.0,-0.2881,129.3576,,,,,,,,,,,,0.0,0.0,0.0,0.0,0
112.68,-3.004,0.8363,129.3576,0.0,-0.2881,129.3576,,,,,,,,,,,,0.0,0.0,0.0,0.0,0
112.7,-3.004,0.8363,129.3576,0.0,-0.2881,129.3576,,,,,,,,,,,,0.0,0.0,0.0,0.0,0
112.72,-3.004,0.8363,129.3576,0.0,-0.2881,129.3576,,,,,,,,,,,,0.0,0.0,0.0,0.0,0
112.74,-3.004,0.8363,129.3576,0.0,-0.2881,129.3576,,,,,,,,,,,,0.0,0.0,0.0,0.0,0
112.76,-3.0031,0.835,129.3582,0.0,-0.2645,129.3581,,,,,,,,,,,,0.0,0.0,0.0,0.0,0
112.78,-3.0031,0.835,129.3582,0.0,-0.2645,129.3581,,,,,,,,,,,,0.0,0.0,0.0,0.0,0
112.8,-3.0031,0.835,129.3582,0.0,-0.2645,129.3581,,,,,,,,,,,,0.0,0.0,0.0,0.0,0
112.82,-3.0031,0.835,129.3582,0.0,-0.2645,129.3581,,,,,,,,,,,,0.0,0.0,0.0,0.0,0
112.84,-3.0031,0.835,129.3582,0.0,-0.2645,129.3581,,,,,,,,,,,,0.0,0.0,0.0,0.0,0
112.86,-3.0034,0.8363,129.3551,0.0,-0.2525,129.3552,,,,,,,,,,,,0.0,0.0,0.0,0.0,0
112.88,-3.0034,0.8363,129.3551,0.0,-0.2525,129.3552,,,,,,,,,,,,0.0,0.0,0.0,0.0,0
112.9,-3.0034,0.8363,129.3551,0.0,-0.2525,129.3552,,,,,,,,,,,,0.0,0.0,0.0,0.0,0
112.92,-3.0034,0.8363,129.3551,0.0,-0.2525,129.3552,,,,,,,,,,,,0.0,0.0,0.0,0.0,0
112.94,-3.0034,0.8363,129.3551,0.0,-0.2525,129.3552,,,,,,,,,,,,0.0,0.0,0.0,0.0,0
112.96,-3.0034,0.8412,129.3616,0.0,-0.1838,129.3616,,,,,,,,,,,,0.0,0.0,0.0,0.0,0
112.98,-3.0034,0.8412,129.3616,0.0,-0.1838,129.3616,,,,,,,,,,,,0.0,0.0,0.0,0.0,0
113.0,-3.0034,0.8412,129.3616,0.0,-0.1838,129.3616,,,,,,,,,,,,0.0,0.0,0.0,0.0,0
113.02,-3.0034,0.8412,129.3616,0.0,-0.1838,129.3616,,,,,,,,,,,,0.0,0.0,0.0,0.0,0
113.04,-3.0034,0.8412,129.3616,0.0,-0.1838,129.3616,,,,,,,,,,,,0.0,0.0,0.0,0.0,0
113.06,-3.0056,0.8468,129.3635,0.0,-0.0939,129.3635,,,,,,,,,,,,0.0,0.0,0.0,0.0,0
113.08,-3.0056,0.8468,129.3635,0.0,-0.0939,129.3635,,,,,,,,,,,,0.0,0.0,0.0,0.0,0
113.1,-3.0056,0.8468,129.3635,0.0,-0.0939,129.3635,,,,,,,,,,,,0.0,0.0,0.0,0.0,0
113.12,-3.0056,0.8468,129.3635,0.0,-0.0939,129.3635,,,,,,,,,,,,0.0,0.0,0.0,0.0,0
113.14,-3.0056,0.8468,129.3635,0.0,-0.0939,129.3635,,,,,,,,,,,,0.0,0.0,0.0,0.0,0
113.16,-3.0041,0.8457,129.371,0.0,-0.0479,129.371,,,,,,,,,,,,0.0,0.0,0.0,0.0,0
113.18,-3.0041,0.8457,129.371,0.0,-0.0479,129.371,,,,,,,,,,,,0.0,0.0,0.0,0.0,0
113.2,-3.0041,0.8457,129.371,0.0,-0.0479,129.371,,,,,,,,,,,,0.0,0.0,0.0,0.0,0
113.22,-3.0041,0.8457,129.371,0.0,-0.0479,129.371,,,,,,,,,,,,0.0,0.0,0.0,0.0,0
113.24,-3.0041,0.8457,129.371,0.0,-0.0479,129.371,,,,,,,,,,,,0.0,0.0,0.0,0.0,0
113.26,-3.0,0.8447,129.3761,0.0,0.1935,129.3761,,,,,,,,,,,,0.0,0.0,0.0,0.0,0
113.28,-3.0,0.8447,129.3761,0.0,0.1935,129.3761,,,,,,,,,,,,0.0,0.0,0.0,0.0,0
113.3,-3.0,0.8447,129.3761,0.0,0.1935,129.3761,,,,,,,,,,,,0.0,0.0,0.0,0.0,0
113.32,-3.0,0.8447,129.3761,0.0,0.1935,129.3761,,,,,,,,,,,,0.0,0.0,0.0,0.0,0
113.34,-3.0,0.8447,129.3761,0.0,0.1935,129.3761,,,,,,,,,,,,0.0,0.0,0.0,0.0,0
113.36,-3.0011,0.8413,129.3838,0.0,0.9281,129.3838,,,,,,,,,,,,0.0,0.0,0.0,0.0,0
113.38,-3.0011,0.8413,129.3838,0.0,0.9281,129.3838,,,,,,,,,,,,0.0,0.0,0.0,0.0,0
113.4,-3.0011,0.8413,129.3838,0.0,0.9281,129.3838,,,,,,,,,,,,0.0,0.0,0.0,0.0,0
113.42,-3.0011,0.8413,129.3838,0.0,0.9281,129.3838,,,,,,,,,,,,0.0,0.0,0.0,0.0,0
113.44,-3.0011,0.8413,129.3838,0.0,0.9281,129.3838,,,,,,,,,,,,0.0,0.0,0.0,0.0,0
113.46,-2.9996,0.8456,129.3659,0.0,1.3736,129.3659,,,,,,,,,,,,0.0,0.0,0.0,0.0,0
113.48,-2.9996,0.8456,129.3659,0.0,1.3736,129.3659,,,,,,,,,,,,0.0,0.0,0.0,0.0,0
113.5,-2.9996,0.8456,129.3659,0.0,1.3736,129.3659,,,,,,,,,,,,0.0,0.0,0.0,0.0,0
113.52,-2.9996,0.8456,129.3659,0.0,1.3736,129.3659,,,,,,,,,,,,0.0,0.0,0.0,0.0,0
113.54,-2.9996,0.8456,129.3659,0.0,1.3736,129.3659,,,,,,,,,,,,0.0,0.0,0.0,0.0,0
113.56,-2.9988,0.848,129.3756,0.0,1.5914,129.3756,,,,,,,,,,,,0.0,0.0,0.0,0.0,0
113.58,-2.9988,0.848,129.3756,0.0,1.5914,129.3756,,,,,,,,,,,,0.0,0.0,0.0,0.0,0
113.6,-2.9988,0.848,129.3756,0.0,1.5914,129.3756,,,,,,,,,,,,0.0,0.0,0.0,0.0,0
113.62,-2.9988,0.848,129.3756,0.0,1.5914,129.3756,,,,,,,,,,,,0.0,0.0,0.0,0.0,0
113.64,-2.9988,0.848,129.3756,0.0,1.5914,129.3756,,,,,,,,,,,,0.0,0.0,0.0,0.0,0
113.66,-2.9986,0.8524,129.3606,0.0,1.9151,129.3606,,,,,,,,,,,,0.0,0.0,0.0,0.0,0
113.68,-2.9986,0.8524,129.3606,0.0,1.9151,129.3606,,,,,,,,,,,,0.0,0.0,0.0,0.0,0
113.7,-2.9986,0.8524,129.3606,0.0,1.9151,129.3606,,,,,,,,,,,,0.0,0.0,0.0,0.0,0
113.72,-2.9986,0.8524,129.3606,0.0,1.9151,129.3606,,,,,,,,,,,,0.0,0.0,0.0,0.0,0
113.74,-2.9986,0.8524,129.3606,0.0,1.9151,129.3606,,,,,,,,,,,,0.0,0.0,0.0,0.0,0
113.76,-2.9952,0.8501,129.3747,0.0,2.0371,129.3747,,,,,,,,,,,,0.0,0.0,0.0,0.0,0
113.78,-2.9952,0.8501,129.3747,0.0,2.0371,129.3747,,,,,,,,,,,,0.0,0.0,0.0,0.0,0
113.8,-2.9952,0.8501,129.3747,0.0,2.0371,129.3747,,,,,,,,,,,,0.0,0.0,0.0,0.0,0
113.82,-2.9952,0.8501,129.3747,0.0,2.0371,129.3747,,,,,,,,,,,,0.0,0.0,0.0,0.0,0
113.84,-2.9952,0.8501,129.3747,0.0,2.0371,129.3747,,,,,,,,,,,,0.0,0.0,0.0,0.0,0
113.86,-2.9954,0.8506,129.3558,0.0,1.8232,129.3558,,,,,,,,,,,,0.0,0.0,0.0,0.0,0
113.88,-2.9954,0.8506,129.3558,0.0,1.8232,129.3558,,,,,,,,,,,,0.0,0.0,0.0,0.0,0
113.9,-2.9954,0.8506,129.3558,0.0,1.8232,129.3558,,,,,,,,,,,,0.0,0.0,0.0,0.0,0
113.92,-2.9954,0.8506,129.3558,0.0,1.8232,129.3558,,,,,,,,,,,,0.0,0.0,0.0,0.0,0
113.94,-2.9954,0.8506,129.3558,0.0,1.8232,129.3558,,,,,,,,,,,,0.0,0.0,0.0,0.0,0
113.96,-2.9967,0.8465,129.375,0.0,1.5421,129.375,,,,,,,,,,,,0.0,0.0,0.0,0.0,0
113.98,-2.9967,0.8465,129.375,0.0,1.5421,129.375,,,,,,,,,,,,0.0,0.0,0.0,0.0,0
114.0,-2.9967,0.8465,129.375,0.0,1.5421,129.375,,,,,,,,,,,,0.0,0.0,0.0,0.0,0
114.02,-2.9967,0.8465,129.375,0.0,1.5421,129.375,,,,,,,,,,,,0.0,0.0,0.0,0.0,0
114.04,-2.9967,0.8465,129.375,0.0,1.5421,129.375,,,,,,,,,,,,0.0,0.0,0.0,0.0,0
114.06,-2.9962,0.8462,129.3675,0.0,1.4069,129.3676,,,,,,,,,,,,0.0,0.0,0.0,0.0,0
114.08,-2.9962,0.8462,129.3675,0.0,1.4069,129.3676,,,,,,,,,,,,0.0,0.0,0.0,0.0,0
114.1,-2.9962,0.8462,129.3675,0.0,1.4069,129.3676,,,,,,,,,,,,0.0,0.0,0.0,0.0,0
114.12,-2.9962,0.8462,129.3675,0.0,1.4069,129.3676,,,,,,,,,,,,0.0,0.0,0.0,0.0,0
114.14,-2.9962,0.8462,129.3675,0.0,1.4069,129.3676,,,,,,,,,,,,0.0,0.0,0.0,0.0,0
114.16,-3.0038,0.8486,129.3591,0.0,1.3202,129.3591,,,,,,,,,,,,0.0,0.0,0.0,0.0,0
114.18,-3.0038,0.8486,129.3591,0.0,1.3202,129.3591,,,,,,,,,,,,0.0,0.0,0.0,0.0,0
114.2,-3.0038,0.8486,129.3591,0.0,1.3202,129.3591,,,,,,,,,,,,0.0,0.0,0.0,0.0,0
114.22,-3.0038,0.8486,129.3591,0.0,1.3202,129.3591,,,,,,,,,,,,0.0,0.0,0.0,0.0,0
114.24,-3.0038,0.8486,129.3591,0.0,1.3202,129.3591,,,,,,,,,,,,0.0,0.0,0.0,0.0,0
114.26,-3.0054,0.8549,129.3885,0.0,1.3322,129.3885,,,,,,,,,,,,0.0,0.0,0.0,0.0,0
114.28,-3.0054,0.8549,129.3885,0.0,1.3322,129.3885,,,,,,,,,,,,0.0,0.0,0.0,0.0,0
114.3,-3.0054,0.8549,129.3885,0.0,1.3322,129.3885,,,,,,,,,,,,0.0,0.0,0.0,0.0,0
114.32,-3.0054,0.8549,129.3885,0.0,1.3322,129.3885,,,,,,,,,,,,0.0,0.0,0.0,0.0,0
114.34,-3.0054,0.8549,129.3885,0.0,1.3322,129.3885,,,,,,,,,,,,0.0,0.0,0.0,0.0,0
114.36,-3.0002,0.8601,129.3855,0.0,1.3679,129.3855,,,,,,,,,,,,0.0,0.0,0.0,0.0,0
114.38,-3.0002,0.8601,129.3855,0.0,1.3679,129.3855,,,,,,,,,,,,0.0,0.0,0.0,0.0,0
114.4,-3.0002,0.8601,129.3855,0.0,1.3679,129.3855,,,,,,,,,,,,0.0,0.0,0.0,0.0,0
114.42,-3.0002,0.8601,129.3855,0.0,1.3679,129.3855,,,,,,,,,,,,0.0,0.0,0.0,0.0,0
114.44,-3.0002,0.8601,129.3855,0.0,1.3679,129.3855,,,,,,,,,,,,0.0,0.0,0.0,0.0,0
114.46,-3.0003,0.8628,129.4119,0.0,1.3586,129.4118,,,,,,,,,,,,0.0,0.0,0.0,0.0,0
114.48,-3.0003,0.8628,129.4119,0.0,1.3586,129.4118,,,,,,,,,,,,0.0,0.0,0.0,0.0,0
114.5,-3.0003,0.8628,129.4119,0.0,1.3586,129.4118,,,,,,,,,,,,0.0,0.0,0.0,0.0,0
114.52,-3.0003,0.8628,129.4119,0.0,1.3586,129.4118,,,,,,,,,,,,0.0,0.0,0.0,0.0,0
114.54,-3.0003,0.8628,129.4119,0.0,1.3586,129.4118,,,,,,,,,,,,0.0,0.0,0.0,0.0,0
114.56,-2.9983,0.8711,129.3999,0.0,1.3535,129.3999,,,,,,,,,,,,0.0,0.0,0.0,0.0,0
114.58,-2.9983,0.8711,129.3999,0.0,1.3535,129.3999,,,,,,,,,,,,0.0,0.0,0.0,0.0,0
114.6,-2.9983,0.8711,129.3999,0.0,1.3535,129.3999,,,,,,,,,,,,0.0,0.0,0.0,0.0,0
114.62,-2.9983,0.8711,129.3999,0.0,1.3535,129.3999,,,,,,,,,,,,0.0,0.0,0.0,0.0,0
114.64,-2.9983,0.8711,129.3999,0.0,1.3535,129.3999,,,,,,,,,,,,0.0,0.0,0.0,0.0,0
114.66,-2.998,0.8795,129.3775,0.0,1.369,129.3775,,,,,,,,,,,,0.0,0.0,0.0,0.0,0
114.68,-2.998,0.8795,129.3775,0.0,1.369,129.3775,,,,,,,,,,,,0.0,0.0,0.0,0.0,0
114.7,-2.998,0.8795,129.3775,0.0,1.369,129.3775,,,,,,,,,,,,0.0,0.0,0.0,0.0,0
114.72,-2.998,0.8795,129.3775,0.0,1.369,129.3775,,,,,,,,,,,,0.0,0.0,0.0,0.0,0
114.74,-2.998,0.8795,129.3775,0.0,1.369,129.3775,,,,,,,,,,,,0.0,0.0,0.0,0.0,0
114.76,-2.9889,0.8781,129.4216,0.0,1.4054,129.4216,,,,,,,,,,,,0.0,0.0,0.0,0.0,0
114.78,-2.9889,0.8781,129.4216,0.0,1.4054,129.4216,,,,,,,,,,,,0.0,0.0,0.0,0.0,0
114.8,-2.9889,0.8781,129.4216,0.0,1.4054,129.4216,,,,,,,,,,,,0.0,0.0,0.0,0.0,0
114.82,-2.9889,0.8781,129.4216,0.0,1.4054,129.4216,,,,,,,,,,,,0.0,0.0,0.0,0.0,0
114.84,-2.9889,0.8781,129.4216,0.0,1.4054,129.4216,,,,,,,,,,,,0.0,0.0,0.0,0.0,0
114.86,-2.9914,0.8836,129.4116,0.0,1.4321,129.4116,,,,,,,,,,,,0.0,0.0,0.0,0.0,0
114.88,-2.9914,0.8836,129.4116,0.0,1.4321,129.4116,,,,,,,,,,,,0.0,0.0,0.0,0.0,0
114.9,-2.9914,0.8836,129.4116,0.0,1.4321,129.4116,,,,,,,,,,,,0.0,0.0,0.0,0.0,0
114.92,-2.9914,0.8836,129.4116,0.0,1.4321,129.4116,,,,,,,,,,,,0.0,0.0,0.0,0.0,0
114.94,-2.9914,0.8836,129.4116,0.0,1.4321,129.4116,,,,,,,,,,,,0.0,0.0,0.0,0.0,0
114.96,-2.9942,0.9032,129.412,0.0,1.4464,129.412,,,,,,,,,,,,0.0,0.0,0.0,0.0,0
114.98,-2.9942,0.9032,129.412,0.0,1.4464,129.412,,,,,,,,,,,,0.0,0.0,0.0,0.0,0
115.0,-2.9942,0.9032,129.412,0.0,1.4464,129.412,,,,,,,,,,,,0.0,0.0,0.0,0.0,0
115.02,-2.9942,0.9032,129.412,0.0,1.4464,129.412,,,,,,,,,,,,0.0,0.0,0.0,0.0,0
115.04,-2.9942,0.9032,129.412,0.0,1.4464,129.412,,,,,,,,,,,,0.0,0.0,0.0,0.0,0
115.06,-2.9865,0.8938,129.4024,0.0,1.4548,129.4024,,,,,,,,,,,,0.0,0.0,0.0,0.0,0
115.08,-2.9865,0.8938,129.4024,0.0,1.4548,129.4024,,,,,,,,,,,,0.0,0.0,0.0,0.0,0
115.1,-2.9865,0.8938,129.4024,0.0,1.4548,129.4024,,,,,,,,,,,,0.0,0.0,0.0,0.0,0
115.12,-2.9865,0.8938,129.4024,0.0,1.4548,129.4024,,,,,,,,,,,,0.0,0.0,0.0,0.0,0
115.14,-2.9865,0.8938,129.4024,0.0,1.4548,129.4024,,,,,,,,,,,,0.0,0.0,0.0,0.0,0
115.16,-2.9888,0.889,129.3919,0.0,1.4652,129.3919,,,,,,,,,,,,0.0,0.0,0.0,0.0,0
115.18,-2.9888,0.889,129.3919,0.0,1.4652,129.3919,,,,,,,,,,,,0.0,0.0,0.0,0.0,0
115.2,-2.9888,0.889,129.3919,0.0,1.4652,129.3919,,,,,,,,,,,,0.0,0.0,0.0,0.0,0
115.22,-2.9888,0.889,129.3919,0.0,1.4652,129.3919,,,,,,,,,,,,0.0,0.0,0.0,0.0,0
115.24,-2.9888,0.889,129.3919,0.0,1.4652,129.3919,,,,,,,,,,,,0.0,0.0,0.0,0.0,0
115.26,-2.9935,0.8987,129.3997,0.0,1.4626,129.3997,,,,,,,,,,,,0.0,0.0,0.0,0.0,0
115.28,-2.9935,0.8987,129.3997,0.0,1.4626,129.3997,,,,,,,,,,,,0.0,0.0,0.0,0.0,0
115.3,-2.9935,0.8987,129.3997,0.0,1.4626,129.3997,,,,,,,,,,,,0.0,0.0,0.0,0.0,0
115.32,-2.9935,0.8987,129.3997,0.0,1.4626,129.3997,,,,,,,,,,,,0.0,0.0,0.0,0.0,0
115.34,-2.9935,0.8987,129.3997,0.0,1.4626,129.3997,,,,,,,,,,,,0.0,0.0,0.0,0.0,0
115.36,-2.9976,0.9099,129.4118,0.0,1.4613,129.4118,,,,,,,,,,,,0.0,0.0,0.0,0.0,0
115.38,-2.9976,0.9099,129.4118,0.0,1.4613,129.4118,,,,,,,,,,,,0.0,0.0,0.0,0.0,0
115.4,-2.9976,0.9099,129.4118,0.0,1.4613,129.4118,,,,,,,,,,,,0.0,0.0,0.0,0.0,0
115.42,-2.9976,0.9099,129.4118,0.0,1.4613,129.4118,,,,,,,,,,,,0.0,0.0,0.0,0.0,0
115.44,-2.9976,0.9099,129.4118,0.0,1.4613,129.4118,,,,,,,,,,,,0.0,0.0,0.0,0.0,0
115.46,-3.0026,0.9216,129.3937,0.0,1.4607,129.3937,,,,,,,,,,,,0.0,0.0,0.0,0.0,0
115.48,-3.0026,0.9216,129.3937,0.0,1.4607,129.3937,,,,,,,,,,,,0.0,0.0,0.0,0.0,0
115.5,-3.0026,0.9216,129.3937,0.0,1.4607,129.3937,,,,,,,,,,,,0.0,0.0,0.0,0.0,0
115.52,-3.0026,0.9216,129.3937,0.0,1.4607,129.3937,,,,,,,,,,,,0.0,0.0,0.0,0.0,0
115.54,-3.0026,0.9216,129.3937,0.0,1.4607,129.3937,,,,,,,,,,,,0.0,0.0,0.0,0.0,0
115.56,-3.006,0.9288,129.4189,0.0,1.4543,129.4189,,,,,,,,,,,,0.0,0.0,0.0,0.0,0
115.58,-3.006,0.9288,129.4189,0.0,1.4543,129.4189,,,,,,,,,,,,0.0,0.0,0.0,0.0,0
115.6,-3.006,0.9288,129.4189,0.0,1.4543,129.4189,,,,,,,,,,,,0.0,0.0,0.0,0.0,0
115.62,-3.006,0.9288,129.4189,0.0,1.4543,129.4189,,,,,,,,,,,,0.0,0.0,0.0,0.0,0
115.64,-3.006,0.9288,129.4189,0.0,1.4543,129.4189,,,,,,,,,,,,0.0,0.0,0.0,0.0,0
115.66,-3.0111,0.9344,129.3934,0.0,1.4305,129.3934,,,,,,,,,,,,0.0,0.0,0.0,0.0,0
115.68,-3.0111,0.9344,129.3934,0.0,1.4305,129.3934,,,,,,,,,,,,0.0,0.0,0.0,0.0,0
115.7,-3.0111,0.9344,129.3934,0.0,1.4305,129.3934,,,,,,,,,,,,0.0,0.0,0.0,0.0,0
115.72,-3.0111,0.9344,129.3934,0.0,1.4305,129.3934,,,,,,,,,,,,0.0,0.0,0.0,0.0,0
115.74,-3.0111,0.9344,129.3934,0.0,1.4305,129.3934,,,,,,,,,,,,0.0,0.0,0.0,0.0,0
115.76,-3.0028,0.9351,129.4379,0.0,1.4449,129.4379,,,,,,,,,,,,0.0,0.0,0.0,0.0,0
115.78,-3.0028,0.9351,129.4379,0.0,1.4449,129.4379,,,,,,,,,,,,0.0,0.0,0.0,0.0,0
115.8,-3.0028,0.9351,129.4379,0.0,1.4449,129.4379,,,,,,,,,,,,0.0,0.0,0.0,0.0,0
115.82,-3.0028,0.9351,129.4379,0.0,1.4449,129.4379,,,,,,,,,,,,0.0,0.0,0.0,0.0,0
115.84,-3.0028,0.9351,129.4379,0.0,1.4449,129.4379,,,,,,,,,,,,0.0,0.0,0.0,0.0,0
115.86,-2.997,0.9345,129.396,0.0,1.4523,129.3961,,,,,,,,,,,,0.0,0.0,0.0,0.0,0
115.88,-2.997,0.9345,129.396,0.0,1.4523,129.3961,,,,,,,,,,,,0.0,0.0,0.0,0.0,0
115.9,-2.997,0.9345,129.396,0.0,1.4523,129.3961,,,,,,,,,,,,0.0,0.0,0.0,0.0,0
115.92,-2.997,0.9345,129.396,0.0,1.4523,129.3961,,,,,,,,,,,,0.0,0.0,0.0,0.0,0
115.94,-2.997,0.9345,129.396,0.0,1.4523,129.3961,,,,,,,,,,,,0.0,0.0,0.0,0.0,0
115.96,-2.9933,0.9366,129.4525,0.0,1.6758,129.4525,,,,,,,,,,,,0.0,0.0,0.0,0.0,0
115.98,-2.9933,0.9366,129.4525,0.0,1.6758,129.4525,,,,,,,,,,,,0.0,0.0,0.0,0.0,0
116.0,-2.9933,0.9366,129.4525,0.0,1.6758,129.4525,,,,,,,,,,,,0.0,0.0,0.0,0.0,0
116.02,-2.9933,0.9366,129.4525,0.0,1.6758,129.4525,,,,,,,,,,,,0.0,0.0,0.0,0.0,0
116.04,-2.9933,0.9366,129.4525,0.0,1.6758,129.4525,,,,,,,,,,,,0.0,0.0,0.0,0.0,0
116.06,-2.9955,0.9377,129.3816,0.0,1.8,129.3816,,,,,,,,,,,,0.0,0.0,0.0,0.0,0
116.08,-2.9955,0.9377,129.3816,0.0,1.8,129.3816,,,,,,,,,,,,0.0,0.0,0.0,0.0,0
116.1,-2.9955,0.9377,129.3816,0.0,1.8,129.3816,,,,,,,,,,,,0.0,0.0,0.0,0.0,0
116.12,-2.9955,0.9377,129.3816,0.0,1.8,129.3816,,,,,,,,,,,,0.0,0.0,0.0,0.0,0
116.14,-2.9955,0.9377,129.3816,0.0,1.8,129.3816,,,,,,,,,,,,0.0,0.0,0.0,0.0,0
116.16,-3.0045,0.9435,129.4525,0.0,1.2281,129.4525,,,,,,,,,,,,0.0,0.0,0.0,0.0,0
116.18,-3.0045,0.9435,129.4525,0.0,1.2281,129.4525,,,,,,,,,,,,0.0,0.0,0.0,0.0,0
116.2,-3.0045,0.9435,129.4525,0.0,1.2281,129.4525,,,,,,,,,,,,0.0,0.0,0.0,0.0,0
116.22,-3.0045,0.9435,129.4525,0.0,1.2281,129.4525,,,,,,,,,,,,0.0,0.0,0.0,0.0,0
116.24,-3.0045,0.9435,129.4525,0.0,1.2281,129.4525,,,,,,,,,,,,0.0,0.0,0.0,0.0,0
116.26,-3.015,0.9577,129.3875,0.0,0.5328,129.3875,,,,,,,,,,,,0.0,0.0,0.0,0.0,0
116.28,-3.015,0.9577,129.3875,0.0,0.5328,129.3875,,,,,,,,,,,,0.0,0.0,0.0,0.0,0
116.3,-3.015,0.9577,129.3875,0.0,0.5328,129.3875,,,,,,,,,,,,0.0,0.0,0.0,0.0,0
116.32,-3.015,0.9577,129.3875,0.0,0.5328,129.3875,,,,,,,,,,,,0.0,0.0,0.0,0.0,0
116.34,-3.015,0.9577,129.3875,0.0,0.5328,129.3875,,,,,,,,,,,,0.0,0.0,0.0,0.0,0
116.36,-3.0237,0.9611,129.4407,0.0,0.1524,129.4407,,,,,,,,,,,,0.0,0.0,0.0,0.0,0
116.38,-3.0237,0.9611,129.4407,0.0,0.1524,129.4407,,,,,,,,,,,,0.0,0.0,0.0,0.0,0
116.4,-3.0237,0.9611,129.4407,0.0,0.1524,129.4407,,,,,,,,,,,,0.0,0.0,0.0,0.0,0
116.42,-3.0237,0.9611,129.4407,0.0,0.1524,129.4407,,,,,,,,,,,,0.0,0.0,0.0,0.0,0
116.44,-3.0237,0.9611,129.4407,0.0,0.1524,129.4407,,,,,,,,,,,,0.0,0.0,0.0,0.0,0
116.46,-3.0341,0.9628,129.3904,0.0,-0.0397,129.3904,,,,,,,,,,,,0.0,0.0,0.0,0.0,0
116.48,-3.0341,0.9628,129.3904,0.0,-0.0397,129.3904,,,,,,,,,,,,0.0,0.0,0.0,0.0,0
116.5,-3.0341,0.9628,129.3904,0.0,-0.0397,129.3904,,,,,,,,,,,,0.0,0.0,0.0,0.0,0
116.52,-3.0341,0.9628,129.3904,0.0,-0.0397,129.3904,,,,,,,,,,,,0.0,0.0,0.0,0.0,0
116.54,-3.0341,0.9628,129.3904,0.0,-0.0397,129.3904,,,,,,,,,,,,0.0,0.0,0.0,0.0,0
116.56,-3.0362,0.97,129.4415,0.0,-0.0749,129.4415,,,,,,,,,,,,0.0,0.0,0.0,0.0,0
116.58,-3.0362,0.97,129.4415,0.0,-0.0749,129.4415,,,,,,,,,,,,0.0,0.0,0.0,0.0,0
116.6,-3.0362,0.97,129.4415,0.0,-0.0749,129.4415,,,,,,,,,,,,0.0,0.0,0.0,0.0,0
116.62,-3.0362,0.97,129.4415,0.0,-0.0749,129.4415,,,,,,,,,,,,0.0,0.0,0.0,0.0,0
116.64,-3.0362,0.97,129.4415,0.0,-0.0749,129.4415,,,,,,,,,,,,0.0,0.0,0.0,0.0,0
116.66,-3.0402,0.9797,129.3909,0.0,-0.0382,129.3909,,,,,,,,,,,,0.0,0.0,0.0,0.0,0
116.68,-3.0402,0.9797,129.3909,0.0,-0.0382,129.3909,,,,,,,,,,,,0.0,0.0,0.0,0.0,0
116.7,-3.0402,0.9797,129.3909,0.0,-0.0382,129.3909,,,,,,,,,,,,0.0,0.0,0.0,0.0,0
116.72,-3.0402,0.9797,129.3909,0.0,-0.0382,129.3909,,,,,,,,,,,,0.0,0.0,0.0,0.0,0
116.74,-3.0402,0.9797,129.3909,0.0,-0.0382,129.3909,,,,,,,,,,,,0.0,0.0,0.0,0.0,0
116.76,-3.0413,0.9698,129.4541,0.0,0.7934,129.4541,,,,,,,,,,,,0.0,0.0,0.0,0.0,0
116.78,-3.0413,0.9698,129.4541,0.0,0.7934,129.4541,,,,,,,,,,,,0.0,0.0,0.0,0.0,0
116.8,-3.0413,0.9698,129.4541,0.0,0.7934,129.4541,,,,,,,,,,,,0.0,0.0,0.0,0.0,0
116.82,-3.0413,0.9698,129.4541,0.0,0.7934,129.4541,,,,,,,,,,,,0.0,0.0,0.0,0.0,0
116.84,-3.0413,0.9698,129.4541,0.0,0.7934,129.4541,,,,,,,,,,,,0.0,0.0,0.0,0.0,0
116.86,-3.0412,0.9756,129.3908,0.0,1.9716,129.3908,,,,,,,,,,,,0.0,0.0,0.0,0.0,0
116.88,-3.0412,0.9756,129.3908,0.0,1.9716,129.3908,,,,,,,,,,,,0.0,0.0,0.0,0.0,0
116.9,-3.0412,0.9756,129.3908,0.0,1.9716,129.3908,,,,,,,,,,,,0.0,0.0,0.0,0.0,0
116.92,-3.0412,0.9756,129.3908,0.0,1.9716,129.3908,,,,,,,,,,,,0.0,0.0,0.0,0.0,0
116.94,-3.0412,0.9756,129.3908,0.0,1.9716,129.3908,,,,,,,,,,,,0.0,0.0,0.0,0.0,0
116.96,-3.0472,0.9802,129.4748,0.0,2.6768,129.4748,,,,,,,,,,,,0.0,0.0,0.0,0.0,0
116.98,-3.0472,0.9802,129.4748,0.0,2.6768,129.4748,,,,,,,,,,,,0.0,0.0,0.0,0.0,0
117.0,-3.0472,0.9802,129.4748,0.0,2.6768,129.4748,,,,,,,,,,,,0.0,0.0,0.0,0.0,0
117.02,-3.0472,0.9802,129.4748,0.0,2.6768,129.4748,,,,,,,,,,,,0.0,0.0,0.0,0.0,0
117.04,-3.0472,0.9802,129.4748,0.0,2.6768,129.4748,,,,,,,,,,,,0.0,0.0,0.0,0.0,0
117.06,-3.0543,0.9823,129.4066,0.0,3.2736,129.4066,,,,,,,,,,,,0.0,0.0,0.0,0.0,0
117.08,-3.0543,0.9823,129.4066,0.0,3.2736,129.4066,,,,,,,,,,,,0.0,0.0,0.0,0.0,0
117.1,-3.0543,0.9823,129.4066,0.0,3.2736,129.4066,,,,,,,,,,,,0.0,0.0,0.0,0.0,0
117.12,-3.0543,0.9823,129.4066,0.0,3.2736,129.4066,,,,,,,,,,,,0.0,0.0,0.0,0.0,0
117.14,-3.0543,0.9823,129.4066,0.0,3.2736,129.4066,,,,,,,,,,,,0.0,0.0,0.0,0.0,0
117.16,-3.054,0.9684,129.4788,0.0,3.823,129.4788,,,,,,,,,,,,0.0,0.0,0.0,0.0,0
117.18,-3.054,0.9684,129.4788,0.0,3.823,129.4788,,,,,,,,,,,,0.0,0.0,0.0,0.0,0
117.2,-3.054,0.9684,129.4788,0.0,3.823,129.4788,,,,,,,,,,,,0.0,0.0,0.0,0.0,0
117.22,-3.054,0.9684,129.4788,0.0,3.823,129.4788,,,,,,,,,,,,0.0,0.0,0.0,0.0,0
117.24,-3.054,0.9684,129.4788,0.0,3.823,129.4788,,,,,,,,,,,,0.0,0.0,0.0,0.0,0
117.26,-3.0629,0.99,129.3609,0.0,4.2391,129.3609,,,,,,,,,,,,0.0,0.0,0.0,0.0,0
117.28,-3.0629,0.99,129.3609,0.0,4.2391,129.3609,,,,,,,,,,,,0.0,0.0,0.0,0.0,0
117.3,-3.0629,0.99,129.3609,0.0,4.2391,129.3609,,,,,,,,,,,,0.0,0.0,0.0,0.0,0
117.32,-3.0629,0.99,129.3609,0.0,4.2391,129.3609,,,,,,,,,,,,0.0,0.0,0.0,0.0,0
117.34,-3.0629,0.99,129.3609,0.0,4.2391,129.3609,,,,,,,,,,,,0.0,0.0,0.0,0.0,0
117.36,-3.0738,0.9901,129.5034,0.0,4.473,129.5034,,,,,,,,,,,,0.0,0.0,0.0,0.0,0
117.38,-3.0738,0.9901,129.5034,0.0,4.473,129.5034,,,,,,,,,,,,0.0,0.0,0.0,0.0,0
117.4,-3.0738,0.9901,129.5034,0.0,4.473,129.5034,,,,,,,,,,,,0.0,0.0,0.0,0.0,0
117.42,-3.0738,0.9901,129.5034,0.0,4.473,129.5034,,,,,,,,,,,,0.0,0.0,0.0,0.0,0
117.44,-3.0738,0.9901,129.5034,0.0,4.473,129.5034,,,,,,,,,,,,0.0,0.0,0.0,0.0,0
117.46,-3.0787,0.9977,129.3811,0.0,4.6275,129.3811,,,,,,,,,,,,0.0,0.0,0.0,0.0,0
117.48,-3.0787,0.9977,129.3811,0.0,4.6275,129.3811,,,,,,,,,,,,0.0,0.0,0.0,0.0,0
117.5,-3.0787,0.9977,129.3811,0.0,4.6275,129.3811,,,,,,,,,,,,0.0,0.0,0.0,0.0,0
117.52,-3.0787,0.9977,129.3811,0.0,4.6275,129.3811,,,,,,,,,,,,0.0,0.0,0.0,0.0,0
117.54,-3.0787,0.9977,129.3811,0.0,4.6275,129.3811,,,,,,,,,,,,0.0,0.0,0.0,0.0,0
117.56,-3.0883,1.0005,129.4973,0.0,4.9034,129.4973,,,,,,,,,,,,0.0,0.0,0.0,0.0,0
117.58,-3.0883,1.0005,129.4973,0.0,4.9034,129.4973,,,,,,,,,,,,0.0,0.0,0.0,0.0,0
117.6,-3.0883,1.0005,129.4973,0.0,4.9034,129.4973,,,,,,,,,,,,0.0,0.0,0.0,0.0,0
117.62,-3.0883,1.0005,129.4973,0.0,4.9034,129.4973,,,,,,,,,,,,0.0,0.0,0.0,0.0,0
117.64,-3.0883,1.0005,129.4973,0.0,4.9034,129.4973,,,,,,,,,,,,0.0,0.0,0.0,0.0,0
117.66,-3.0869,1.0007,129.4017,0.0,4.782,129.4017,,,,,,,,,,,,0.0,0.0,0.0,0.0,0
117.68,-3.0869,1.0007,129.4017,0.0,4.782,129.4017,,,,,,,,,,,,0.0,0.0,0.0,0.0,0
117.7,-3.0869,1.0007,129.4017,0.0,4.782,129.4017,,,,,,,,,,,,0.0,0.0,0.0,0.0,0
117.72,-3.0869,1.0007,129.4017,0.0,4.782,129.4017,,,,,,,,,,,,0.0,0.0,0.0,0.0,0
117.74,-3.0869,1.0007,129.4017,0.0,4.782,129.4017,,,,,,,,,,,,0.0,0.0,0.0,0.0,0
117.76,-3.0937,1.0021,129.475,0.0,4.4483,129.475,,,,,,,,,,,,0.0,0.0,0.0,0.0,0
117.78,-3.0937,1.0021,129.475,0.0,4.4483,129.475,,,,,,,,,,,,0.0,0.0,0.0,0.0,0
117.8,-3.0937,1.0021,129.475,0.0,4.4483,129.475,,,,,,,,,,,,0.0,0.0,0.0,0.0,0
117.82,-3.0937,1.0021,129.475,0.0,4.4483,129.475,,,,,,,,,,,,0.0,0.0,0.0,0.0,0
117.84,-3.0937,1.0021,129.475,0.0,4.4483,129.475,,,,,,,,,,,,0.0,0.0,0.0,0.0,0
117.86,-3.0996,1.0085,129.4171,0.0,4.2985,129.4171,,,,,,,,,,,,0.0,0.0,0.0,0.0,0
117.88,-3.0996,1.0085,129.4171,0.0,4.2985,129.4171,,,,,,,,,,,,0.0,0.0,0.0,0.0,0
117.9,-3.0996,1.0085,129.4171,0.0,4.2985,129.4171,,,,,,,,,,,,0.0,0.0,0.0,0.0,0
117.92,-3.0996,1.0085,129.4171,0.0,4.2985,129.4171,,,,,,,,,,,,0.0,0.0,0.0,0.0,0
117.94,-3.0996,1.0085,129.4171,0.0,4.2985,129.4171,,,,,,,,,,,,0.0,0.0,0.0,0.0,0
117.96,-3.0995,1.0111,129.4475,0.0,4.2321,129.4475,,,,,,,,,,,,0.0,0.0,0.0,0.0,0
117.98,-3.0995,1.0111,129.4475,0.0,4.2321,129.4475,,,,,,,,,,,,0.0,0.0,0.0,0.0,0
118.0,-3.0995,1.0111,129.4475,0.0,4.2321,129.4475,,,,,,,,,,,,0.0,0.0,0.0,0.0,0
118.02,-3.0995,1.0111,129.4475,0.0,4.2321,129.4475,,,,,,,,,,,,0.0,0.0,0.0,0.0,0
118.04,-3.0995,1.0111,129.4475,0.0,4.2321,129.4475,,,,,,,,,,,,0.0,0.0,0.0,0.0,0
118.06,-3.105,1.0181,129.4117,0.0,4.2415,129.4116,,,,,,,,,,,,0.0,0.0,0.0,0.0,0
118.08,-3.105,1.0181,129.4117,0.0,4.2415,129.4116,,,,,,,,,,,,0.0,0.0,0.0,0.0,0
118.1,-3.105,1.0181,129.4117,0.0,4.2415,129.4116,,,,,,,,,,,,0.0,0.0,0.0,0.0,0
118.12,-3.105,1.0181,129.4117,0.0,4.2415,129.4116,,,,,,,,,,,,0.0,0.0,0.0,0.0,0
118.14,-3.105,1.0181,129.4117,0.0,4.2415,129.4116,,,,,,,,,,,,0.0,0.0,0.0,0.0,0
118.16,-3.1088,1.0249,129.4452,0.0,4.2819,129.4452,,,,,,,,,,,,0.0,0.0,0.0,0.0,0
118.18,-3.1088,1.0249,129.4452,0.0,4.2819,129.4452,,,,,,,,,,,,0.0,0.0,0.0,0.0,0
118.2,-3.1088,1.0249,129.4452,0.0,4.2819,129.4452,,,,,,,,,,,,0.0,0.0,0.0,0.0,0
118.22,-3.1088,1.0249,129.4452,0.0,4.2819,129.4452,,,,,,,,,,,,0.0,0.0,0.0,0.0,0
118.24,-3.1088,1.0249,129.4452,0.0,4.2819,129.4452,,,,,,,,,,,,0.0,0.0,0.0,0.0,0
118.26,-3.1107,1.0291,129.4196,0.0,4.3364,129.4196,,,,,,,,,,,,0.0,0.0,0.0,0.0,0
118.28,-3.1107,1.0291,129.4196,0.0,4.3364,129.4196,,,,,,,,,,,,0.0,0.0,0.0,0.0,0
118.3,-3.1107,1.0291,129.4196,0.0,4.3364,129.4196,,,,,,,,,,,,0.0,0.0,0.0,0.0,0
118.32,-3.1107,1.0291,129.4196,0.0,4.3364,129.4196,,,,,,,,,,,,0.0,0.0,0.0,0.0,0
118.34,-3.1107,1.0291,129.4196,0.0,4.3364,129.4196,,,,,,,,,,,,0.0,0.0,0.0,0.0,0
118.36,-3.1119,1.0269,129.4721,0.0,4.3825,129.4721,,,,,,,,,,,,0.0,0.0,0.0,0.0,0
118.38,-3.1119,1.0269,129.4721,0.0,4.3825,129.4721,,,,,,,,,,,,0.0,0.0,0.0,0.0,0
118.4,-3.1119,1.0269,129.4721,0.0,4.3825,129.4721,,,,,,,,,,,,0.0,0.0,0.0,0.0,0
118.42,-3.1119,1.0269,129.4721,0.0,4.3825,129.4721,,,,,,,,,,,,0.0,0.0,0.0,0.0,0
118.44,-3.1119,1.0269,129.4721,0.0,4.3825,129.4721,,,,,,,,,,,,0.0,0.0,0.0,0.0,0
118.46,-3.1152,1.0329,129.4203,0.0,4.4204,129.4203,,,,,,,,,,,,0.0,0.0,0.0,0.0,0
118.48,-3.1152,1.0329,129.4203,0.0,4.4204,129.4203,,,,,,,,,,,,0.0,0.0,0.0,0.0,0
118.5,-3.1152,1.0329,129.4203,0.0,4.4204,129.4203,,,,,,,,,,,,0.0,0.0,0.0,0.0,0
118.52,-3.1152,1.0329,129.4203,0.0,4.4204,129.4203,,,,,,,,,,,,0.0,0.0,0.0,0.0,0
118.54,-3.1152,1.0329,129.4203,0.0,4.4204,129.4203,,,,,,,,,,,,0.0,0.0,0.0,0.0,0
118.56,-3.115,1.027,129.4704,0.0,4.4465,129.4704,,,,,,,,,,,,0.0,0.0,0.0,0.0,0
118.58,-3.115,1.027,129.4704,0.0,4.4465,129.4704,,,,,,,,,,,,0.0,0.0,0.0,0.0,0
118.6,-3.115,1.027,129.4704,0.0,4.4465,129.4704,,,,,,,,,,,,0.0,0.0,0.0,0.0,0
118.62,-3.115,1.027,129.4704,0.0,4.4465,129.4704,,,,,,,,,,,,0.0,0.0,0.0,0.0,0
118.64,-3.115,1.027,129.4704,0.0,4.4465,129.4704,,,,,,,,,,,,0.0,0.0,0.0,0.0,0
118.66,-3.1165,1.0279,129.4188,0.0,4.4557,129.4188,,,,,,,,,,,,0.0,0.0,0.0,0.0,0
118.68,-3.1165,1.0279,129.4188,0.0,4.4557,129.4188,,,,,,,,,,,,0.0,0.0,0.0,0.0,0
118.7,-3.1165,1.0279,129.4188,0.0,4.4557,129.4188,,,,,,,,,,,,0.0,0.0,0.0,0.0,0
118.72,-3.1165,1.0279,129.4188,0.0,4.4557,129.4188,,,,,,,,,,,,0.0,0.0,0.0,0.0,0
118.74,-3.1165,1.0279,129.4188,0.0,4.4557,129.4188,,,,,,,,,,,,0.0,0.0,0.0,0.0,0
118.76,-3.1258,1.0299,129.465,0.0,4.4657,129.465,,,,,,,,,,,,0.0,0.0,0.0,0.0,0
118.78,-3.1258,1.0299,129.465,0.0,4.4657,129.465,,,,,,,,,,,,0.0,0.0,0.0,0.0,0
118.8,-3.1258,1.0299,129.465,0.0,4.4657,129.465,,,,,,,,,,,,0.0,0.0,0.0,0.0,0
118.82,-3.1258,1.0299,129.465,0.0,4.4657,129.465,,,,,,,,,,,,0.0,0.0,0.0,0.0,0
118.84,-3.1258,1.0299,129.465,0.0,4.4657,129.465,,,,,,,,,,,,0.0,0.0,0.0,0.0,0
118.86,-3.1309,1.0396,129.4278,0.0,4.4629,129.4278,,,,,,,,,,,,0.0,0.0,0.0,0.0,0
118.88,-3.1309,1.0396,129.4278,0.0,4.4629,129.4278,,,,,,,,,,,,0.0,0.0,0.0,0.0,0
118.9,-3.1309,1.0396,129.4278,0.0,4.4629,129.4278,,,,,,,,,,,,0.0,0.0,0.0,0.0,0
118.92,-3.1309,1.0396,129.4278,0.0,4.4629,129.4278,,,,,,,,,,,,0.0,0.0,0.0,0.0,0
118.94,-3.1309,1.0396,129.4278,0.0,4.4629,129.4278,,,,,,,,,,,,0.0,0.0,0.0,0.0,0
118.96,-3.1316,1.0341,129.4668,0.0,4.4615,129.4668,,,,,,,,,,,,0.0,0.0,0.0,0.0,0
118.98,-3.1316,1.0341,129.4668,0.0,4.4615,129.4668,,,,,,,,,,,,0.0,0.0,0.0,0.0,0
119.0,-3.1316,1.0341,129.4668,0.0,4.4615,129.4668,,,,,,,,,,,,0.0,0.0,0.0,0.0,0
119.02,-3.1316,1.0341,129.4668,0.0,4.4615,129.4668,,,,,,,,,,,,0.0,0.0,0.0,0.0,0
119.04,-3.1316,1.0341,129.4668,0.0,4.4615,129.4668,,,,,,,,,,,,0.0,0.0,0.0,0.0,0
119.06,-3.1413,1.0423,129.4314,0.0,4.4608,129.4314,,,,,,,,,,,,0.0,0.0,0.0,0.0,0
119.08,-3.1413,1.0423,129.4314,0.0,4.4608,129.4314,,,,,,,,,,,,0.0,0.0,0.0,0.0,0
119.1,-3.1413,1.0423,129.4314,0.0,4.4608,129.4314,,,,,,,,,,,,0.0,0.0,0.0,0.0,0
119.12,-3.1413,1.0423,129.4314,0.0,4.4608,129.4314,,,,,,,,,,,,0.0,0.0,0.0,0.0,0
119.14,-3.1413,1.0423,129.4314,0.0,4.4608,129.4314,,,,,,,,,,,,0.0,0.0,0.0,0.0,0
119.16,-3.1426,1.0466,129.47,0.0,4.5065,129.47,,,,,,,,,,,,0.0,0.0,0.0,0.0,0
119.18,-3.1426,1.0466,129.47,0.0,4.5065,129.47,,,,,,,,,,,,0.0,0.0,0.0,0.0,0
119.2,-3.1426,1.0466,129.47,0.0,4.5065,129.47,,,,,,,,,,,,0.0,0.0,0.0,0.0,0
119.22,-3.1426,1.0466,129.47,0.0,4.5065,129.47,,,,,,,,,,,,0.0,0.0,0.0,0.0,0
119.24,-3.1426,1.0466,129.47,0.0,4.5065,129.47,,,,,,,,,,,,0.0,0.0,0.0,0.0,0
119.26,-3.1452,1.0492,129.4432,0.0,4.6141,129.4432,,,,,,,,,,,,0.0,0.0,0.0,0.0,0
119.28,-3.1452,1.0492,129.4432,0.0,4.6141,129.4432,,,,,,,,,,,,0.0,0.0,0.0,0.0,0
119.3,-3.1452,1.0492,129.4432,0.0,4.6141,129.4432,,,,,,,,,,,,0.0,0.0,0.0,0.0,0
119.32,-3.1452,1.0492,129.4432,0.0,4.6141,129.4432,,,,,,,,,,,,0.0,0.0,0.0,0.0,0
119.34,-3.1452,1.0492,129.4432,0.0,4.6141,129.4432,,,,,,,,,,,,0.0,0.0,0.0,0.0,0
119.36,-3.1476,1.0455,129.4622,0.0,3.7445,129.4622,,,,,,,,,,,,0.0,0.0,0.0,0.0,0
119.38,-3.1476,1.0455,129.4622,0.0,3.7445,129.4622,,,,,,,,,,,,0.0,0.0,0.0,0.0,0
119.4,-3.1476,1.0455,129.4622,0.0,3.7445,129.4622,,,,,,,,,,,,0.0,0.0,0.0,0.0,0
119.42,-3.1476,1.0455,129.4622,0.0,3.7445,129.4622,,,,,,,,,,,,0.0,0.0,0.0,0.0,0
119.44,-3.1476,1.0455,129.4622,0.0,3.7445,129.4622,,,,,,,,,,,,0.0,0.0,0.0,0.0,0
119.46,-3.1494,1.0436,129.4506,0.0,1.7764,129.4507,,,,,,,,,,,,0.0,0.0,0.0,0.0,0
119.48,-3.1494,1.0436,129.4506,0.0,1.7764,129.4507,,,,,,,,,,,,0.0,0.0,0.0,0.0,0
119.5,-3.1494,1.0436,129.4506,0.0,1.7764,129.4507,,,,,,,,,,,,0.0,0.0,0.0,0.0,0
119.52,-3.1494,1.0436,129.4506,0.0,1.7764,129.4507,,,,,,,,,,,,0.0,0.0,0.0,0.0,0
119.54,-3.1494,1.0436,129.4506,0.0,1.7764,129.4507,,,,,,,,,,,,0.0,0.0,0.0,0.0,0
119.56,-3.1511,1.0462,129.4581,0.0,0.7889,129.4581,,,,,,,,,,,,0.0,0.0,0.0,0.0,0
119.58,-3.1511,1.0462,129.4581,0.0,0.7889,129.4581,,,,,,,,,,,,0.0,0.0,0.0,0.0,0
119.6,-3.1511,1.0462,129.4581,0.0,0.7889,129.4581,,,,,,,,,,,,0.0,0.0,0.0,0.0,0
119.62,-3.1511,1.0462,129.4581,0.0,0.7889,129.4581,,,,,,,,,,,,0.0,0.0,0.0,0.0,0
119.64,-3.1511,1.0462,129.4581,0.0,0.7889,129.4581,,,,,,,,,,,,0.0,0.0,0.0,0.0,0
119.66,-3.1567,1.0485,129.4538,0.0,0.2853,129.4538,,,,,,,,,,,,0.0,0.0,0.0,0.0,0
119.68,-3.1567,1.0485,129.4538,0.0,0.2853,129.4538,,,,,,,,,,,,0.0,0.0,0.0,0.0,0
119.7,-3.1567,1.0485,129.4538,0.0,0.2853,129.4538,,,,,,,,,,,,0.0,0.0,0.0,0.0,0
119.72,-3.1567,1.0485,129.4538,0.0,0.2853,129.4538,,,,,,,,,,,,0.0,0.0,0.0,0.0,0
119.74,-3.1567,1.0485,129.4538,0.0,0.2853,129.4538,,,,,,,,,,,,0.0,0.0,0.0,0.0,0
119.76,-3.16,1.051,129.457,0.0,0.0282,129.457,,,,,,,,,,,,0.0,0.0,0.0,0.0,0
119.78,-3.16,1.051,129.457,0.0,0.0282,129.457,,,,,,,,,,,,0.0,0.0,0.0,0.0,0
119.8,-3.16,1.051,129.457,0.0,0.0282,129.457,,,,,,,,,,,,0.0,0.0,0.0,0.0,0
119.82,-3.16,1.051,129.457,0.0,0.0282,129.457,,,,,,,,,,,,0.0,0.0,0.0,0.0,0
119.84,-3.16,1.051,129.457,0.0,0.0282,129.457,,,,,,,,,,,,0.0,0.0,0.0,0.0,0
119.86,-3.1618,1.0508,129.4711,0.0,-0.1031,129.4711,,,,,,,,,,,,0.0,0.0,0.0,0.0,0
119.88,-3.1618,1.0508,129.4711,0.0,-0.1031,129.4711,,,,,,,,,,,,0.0,0.0,0.0,0.0,0
119.9,-3.1618,1.0508,129.4711,0.0,-0.1031,129.4711,,,,,,,,,,,,0.0,0.0,0.0,0.0,0
119.92,-3.1618,1.0508,129.4711,0.0,-0.1031,129.4711,,,,,,,,,,,,0.0,0.0,0.0,0.0,0
119.94,-3.1618,1.0508,129.4711,0.0,-0.1031,129.4711,,,,,,,,,,,,0.0,0.0,0.0,0.0,0
119.96,-3.1635,1.0537,129.4676,0.0,-0.1701,129.4676,,,,,,,,,,,,0.0,0.0,0.0,0.0,0
119.98,-3.1635,1.0537,129.4676,0.0,-0.1701,129.4676,,,,,,,,,,,,0.0,0.0,0.0,0.0,0
120.0,-3.1635,1.0537,129.4676,0.0,-0.1701,129.4676,,,,,,,,,,,,0.0,0.0,0.0,0.0,0
120.02,-3.1635,1.0537,129.4676,0.0,-0.1701,129.4676,,,,,,,,,,,,0.0,0.0,0.0,0.0,0
120.04,-3.1635,1.0537,129.4676,0.0,-0.1701,129.4676,,,,,,,,,,,,0.0,0.0,0.0,0.0,0
120.06,-3.167,1.0558,129.4769,0.0,-0.2043,129.4769,,,,,,,,,,,,0.0,0.0,0.0,0.0,0
120.08,-3.167,1.0558,129.4769,0.0,-0.2043,129.4769,,,,,,,,,,,,0.0,0.0,0.0,0.0,0
120.1,-3.167,1.0558,129.4769,0.0,-0.2043,129.4769,,,,,,,,,,,,0.0,0.0,0.0,0.0,0
120.12,-3.167,1.0558,129.4769,0.0,-0.2043,129.4769,,,,,,,,,,,,0.0,0.0,0.0,0.0,0
120.14,-3.167,1.0558,129.4769,0.0,-0.2043,129.4769,,,,,,,,,,,,0.0,0.0,0.0,0.0,0
120.16,-3.1691,1.052,129.4641,0.0,-0.2218,129.4641,,,,,,,,,,,,0.0,0.0,0.0,0.0,0
120.18,-3.1691,1.052,129.4641,0.0,-0.2218,129.4641,,,,,,,,,,,,0.0,0.0,0.0,0.0,0
120.2,-3.1691,1.052,129.4641,0.0,-0.2218,129.4641,,,,,,,,,,,,0.0,0.0,0.0,0.0,0
120.22,-3.1691,1.052,129.4641,0.0,-0.2218,129.4641,,,,,,,,,,,,0.0,0.0,0.0,0.0,0
120.24,-3.1691,1.052,129.4641,0.0,-0.2218,129.4641,,,,,,,,,,,,0.0,0.0,0.0,0.0,0
120.26,-3.1725,1.0541,129.4794,0.0,-0.2307,129.4794,,,,,,,,,,,,0.0,0.0,0.0,0.0,0
120.28,-3.1725,1.0541,129.4794,0.0,-0.2307,129.4794,,,,,,,,,,,,0.0,0.0,0.0,0.0,0
120.3,-3.1725,1.0541,129.4794,0.0,-0.2307,129.4794,,,,,,,,,,,,0.0,0.0,0.0,0.0,0
120.32,-3.1725,1.0541,129.4794,0.0,-0.2307,129.4794,,,,,,,,,,,,0.0,0.0,0.0,0.0,0
120.34,-3.1725,1.0541,129.4794,0.0,-0.2307,129.4794,,,,,,,,,,,,0.0,0.0,0.0,0.0,0
120.36,-3.1731,1.0585,129.4595,0.0,-0.2353,129.4595,,,,,,,,,,,,0.0,0.0,0.0,0.0,0
120.38,-3.1731,1.0585,129.4595,0.0,-0.2353,129.4595,,,,,,,,,,,,0.0,0.0,0.0,0.0,0
120.4,-3.1731,1.0585,129.4595,0.0,-0.2353,129.4595,,,,,,,,,,,,0.0,0.0,0.0,0.0,0
120.42,-3.1731,1.0585,129.4595,0.0,-0.2353,129.4595,,,,,,,,,,,,0.0,0.0,0.0,0.0,0
120.44,-3.1731,1.0585,129.4595,0.0,-0.2353,129.4595,,,,,,,,,,,,0.0,0.0,0.0,0.0,0
120.46,-3.1779,1.0568,129.4756,0.0,-0.2376,129.4756,,,,,,,,,,,,0.0,0.0,0.0,0.0,0
120.48,-3.1779,1.0568,129.4756,0.0,-0.2376,129.4756,,,,,,,,,,,,0.0,0.0,0.0,0.0,0
120.5,-3.1779,1.0568,129.4756,0.0,-0.2376,129.4756,,,,,,,,,,,,0.0,0.0,0.0,0.0,0
120.52,-3.1779,1.0568,129.4756,0.0,-0.2376,129.4756,,,,,,,,,,,,0.0,0.0,0.0,0.0,0
120.54,-3.1779,1.0568,129.4756,0.0,-0.2376,129.4756,,,,,,,,,,,,0.0,0.0,0.0,0.0,0
120.56,-3.1768,1.0599,129.4523,0.0,-0.2388,129.4523,,,,,,,,,,,,0.0,0.0,0.0,0.0,0
120.58,-3.1768,1.0599,129.4523,0.0,-0.2388,129.4523,,,,,,,,,,,,0.0,0.0,0.0,0.0,0
120.6,-3.1768,1.0599,129.4523,0.0,-0.2388,129.4523,,,,,,,,,,,,0.0,0.0,0.0,0.0,0
120.62,-3.1768,1.0599,129.4523,0.0,-0.2388,129.4523,,,,,,,,,,,,0.0,0.0,0.0,0.0,0
120.64,-3.1768,1.0599,129.4523,0.0,-0.2388,129.4523,,,,,,,,,,,,0.0,0.0,0.0,0.0,0
120.66,-3.182,1.0542,129.4788,0.0,-0.2394,129.4788,,,,,,,,,,,,0.0,0.0,0.0,0.0,0
120.68,-3.182,1.0542,129.4788,0.0,-0.2394,129.4788,,,,,,,,,,,,0.0,0.0,0.0,0.0,0
120.7,-3.182,1.0542,129.4788,0.0,-0.2394,129.4788,,,,,,,,,,,,0.0,0.0,0.0,0.0,0
120.72,-3.182,1.0542,129.4788,0.0,-0.2394,129.4788,,,,,,,,,,,,0.0,0.0,0.0,0.0,0
120.74,-3.182,1.0542,129.4788,0.0,-0.2394,129.4788,,,,,,,,,,,,0.0,0.0,0.0,0.0,0
120.76,-3.1799,1.0549,129.4444,0.0,-0.2396,129.4444,,,,,,,,,,,,0.0,0.0,0.0,0.0,0
120.78,-3.1799,1.0549,129.4444,0.0,-0.2396,129.4444,,,,,,,,,,,,0.0,0.0,0.0,0.0,0
120.8,-3.1799,1.0549,129.4444,0.0,-0.2396,129.4444,,,,,,,,,,,,0.0,0.0,0.0,0.0,0
120.82,-3.1799,1.0549,129.4444,0.0,-0.2396,129.4444,,,,,,,,,,,,0.0,0.0,0.0,0.0,0
120.84,-3.1799,1.0549,129.4444,0.0,-0.2396,129.4444,,,,,,,,,,,,0.0,0.0,0.0,0.0,0
120.86,-3.1796,1.0569,129.4703,0.0,-0.2396,129.4703,,,,,,,,,,,,0.0,0.0,0.0,0.0,0
120.88,-3.1796,1.0569,129.4703,0.0,-0.2396,129.4703,,,,,,,,,,,,0.0,0.0,0.0,0.0,0
120.9,-3.1796,1.0569,129.4703,0.0,-0.2396,129.4703,,,,,,,,,,,,0.0,0.0,0.0,0.0,0
120.92,-3.1796,1.0569,129.4703,0.0,-0.2396,129.4703,,,,,,,,,,,,0.0,0.0,0.0,0.0,0
120.94,-3.1796,1.0569,129.4703,0.0,-0.2396,129.4703,,,,,,,,,,,,0.0,0.0,0.0,0.0,0
120.96,-3.1802,1.06,129.4674,0.0,-0.2396,129.4673,,,,,,,,,,,,0.0,0.0,0.0,0.0,0
120.98,-3.1802,1.06,129.4674,0.0,-0.2396,129.4673,,,,,,,,,,,,0.0,0.0,0.0,0.0,0
121.0,-3.1802,1.06,129.4674,0.0,-0.2396,129.4673,,,,,,,,,,,,0.0,0.0,0.0,0.0,0
121.02,-3.1802,1.06,129.4674,0.0,-0.2396,129.4673,,,,,,,,,,,,0.0,0.0,0.0,0.0,0
121.04,-3.1802,1.06,129.4674,0.0,-0.2396,129.4673,,,,,,,,,,,,0.0,0.0,0.0,0.0,0
121.06,-3.1823,1.0603,129.4785,0.0,-0.2396,129.4785,,,,,,,,,,,,0.0,0.0,0.0,0.0,0
121.08,-3.1823,1.0603,129.4785,0.0,-0.2396,129.4785,,,,,,,,,,,,0.0,0.0,0.0,0.0,0
121.1,-3.1823,1.0603,129.4785,0.0,-0.2396,129.4785,,,,,,,,,,,,0.0,0.0,0.0,0.0,0
121.12,-3.1823,1.0603,129.4785,0.0,-0.2396,129.4785,,,,,,,,,,,,0.0,0.0,0.0,0.0,0
121.14,-3.1823,1.0603,129.4785,0.0,-0.2396,129.4785,,,,,,,,,,,,0.0,0.0,0.0,0.0,0
121.16,-3.1866,1.0585,129.4679,0.0,-0.2396,129.4679,,,,,,,,,,,,0.0,0.0,0.0,0.0,0
121.18,-3.1866,1.0585,129.4679,0.0,-0.2396,129.4679,,,,,,,,,,,,0.0,0.0,0.0,0.0,0
121.2,-3.1866,1.0585,129.4679,0.0,-0.2396,129.4679,,,,,,,,,,,,0.0,0.0,0.0,0.0,0
121.22,-3.1866,1.0585,129.4679,0.0,-0.2396,129.4679,,,,,,,,,,,,0.0,0.0,0.0,0.0,0
121.24,-3.1866,1.0585,129.4679,0.0,-0.2396,129.4679,,,,,,,,,,,,0.0,0.0,0.0,0.0,0
121.26,-3.1858,1.0555,129.4769,0.0,-0.2396,129.4769,,,,,,,,,,,,0.0,0.0,0.0,0.0,0
121.28,-3.1858,1.0555,129.4769,0.0,-0.2396,129.4769,,,,,,,,,,,,0.0,0.0,0.0,0.0,0
121.3,-3.1858,1.0555,129.4769,0.0,-0.2396,129.4769,,,,,,,,,,,,0.0,0.0,0.0,0.0,0
121.32,-3.1858,1.0555,129.4769,0.0,-0.2396,129.4769,,,,,,,,,,,,0.0,0.0,0.0,0.0,0
121.34,-3.1858,1.0555,129.4769,0.0,-0.2396,129.4769,,,,,,,,,,,,0.0,0.0,0.0,0.0,0
121.36,-3.189,1.062,129.4792,0.0,-0.2396,129.4792,,,,,,,,,,,,0.0,0.0,0.0,0.0,0
121.38,-3.189,1.062,129.4792,0.0,-0.2396,129.4792,,,,,,,,,,,,0.0,0.0,0.0,0.0,0
121.4,-3.189,1.062,129.4792,0.0,-0.2396,129.4792,,,,,,,,,,,,0.0,0.0,0.0,0.0,0
121.42,-3.189,1.062,129.4792,0.0,-0.2396,129.4792,,,,,,,,,,,,0.0,0.0,0.0,0.0,0
121.44,-3.189,1.062,129.4792,0.0,-0.2396,129.4792,,,,,,,,,,,,0.0,0.0,0.0,0.0,0
121.46,-3.1853,1.0601,129.469,0.0,-0.2396,129.469,,,,,,,,,,,,0.0,0.0,0.0,0.0,0
121.48,-3.1853,1.0601,129.469,0.0,-0.2396,129.469,,,,,,,,,,,,0.0,0.0,0.0,0.0,0
121.5,-3.1853,1.0601,129.469,0.0,-0.2396,129.469,,,,,,,,,,,,0.0,0.0,0.0,0.0,0
121.52,-3.1853,1.0601,129.469,0.0,-0.2396,129.469,,,,,,,,,,,,0.0,0.0,0.0,0.0,0
121.54,-3.1853,1.0601,129.469,0.0,-0.2396,129.469,,,,,,,,,,,,0.0,0.0,0.0,0.0,0
121.56,-3.1872,1.0587,129.4997,0.0,-0.2396,129.4997,,,,,,,,,,,,0.0,0.0,0.0,0.0,0
121.58,-3.1872,1.0587,129.4997,0.0,-0.2396,129.4997,,,,,,,,,,,,0.0,0.0,0.0,0.0,0
121.6,-3.1872,1.0587,129.4997,0.0,-0.2396,129.4997,,,,,,,,,,,,0.0,0.0,0.0,0.0,0
121.62,-3.1872,1.0587,129.4997,0.0,-0.2396,129.4997,,,,,,,,,,,,0.0,0.0,0.0,0.0,0
121.64,-3.1872,1.0587,129.4997,0.0,-0.2396,129.4997,,,,,,,,,,,,0.0,0.0,0.0,0.0,0
121.66,-3.1866,1.0587,129.4685,0.0,-0.2488,129.4685,,,,,,,,,,,,0.0,0.0,0.0,0.0,0
121.68,-3.1866,1.0587,129.4685,0.0,-0.2488,129.4685,,,,,,,,,,,,0.0,0.0,0.0,0.0,0
121.7,-3.1866,1.0587,129.4685,0.0,-0.2488,129.4685,,,,,,,,,,,,0.0,0.0,0.0,0.0,0
121.72,-3.1866,1.0587,129.4685,0.0,-0.2488,129.4685,,,,,,,,,,,,0.0,0.0,0.0,0.0,0
121.74,-3.1866,1.0587,129.4685,0.0,-0.2488,129.4685,,,,,,,,,,,,0.0,0.0,0.0,0.0,0
121.76,-3.1873,1.0601,129.5005,0.0,-0.2445,129.5004,,,,,,,,,,,,0.0,0.0,0.0,0.0,0
121.78,-3.1873,1.0601,129.5005,0.0,-0.2445,129.5004,,,,,,,,,,,,0.0,0.0,0.0,0.0,0
121.8,-3.1873,1.0601,129.5005,0.0,-0.2445,129.5004,,,,,,,,,,,,0.0,0.0,0.0,0.0,0
121.82,-3.1873,1.0601,129.5005,0.0,-0.2445,129.5004,,,,,,,,,,,,0.0,0.0,0.0,0.0,0
121.84,-3.1873,1.0601,129.5005,0.0,-0.2445,129.5004,,,,,,,,,,,,0.0,0.0,0.0,0.0,0
121.86,-3.1879,1.0548,129.4801,0.0,-0.2466,129.4801,,,,,,,,,,,,0.0,0.0,0.0,0.0,0
121.88,-3.1879,1.0548,129.4801,0.0,-0.2466,129.4801,,,,,,,,,,,,0.0,0.0,0.0,0.0,0
121.9,-3.1879,1.0548,129.4801,0.0,-0.2466,129.4801,,,,,,,,,,,,0.0,0.0,0.0,0.0,0
121.92,-3.1879,1.0548,129.4801,0.0,-0.2466,129.4801,,,,,,,,,,,,0.0,0.0,0.0,0.0,0
121.94,-3.1879,1.0548,129.4801,0.0,-0.2466,129.4801,,,,,,,,,,,,0.0,0.0,0.0,0.0,0
121.96,-3.1872,1.0506,129.5066,0.0,-0.2433,129.5066,,,,,,,,,,,,0.0,0.0,0.0,0.0,0
121.98,-3.1872,1.0506,129.5066,0.0,-0.2433,129.5066,,,,,,,,,,,,0.0,0.0,0.0,0.0,0
122.0,-3.1872,1.0506,129.5066,0.0,-0.2433,129.5066,,,,,,,,,,,,0.0,0.0,0.0,0.0,0
122.02,-3.1872,1.0506,129.5066,0.0,-0.2433,129.5066,,,,,,,,,,,,0.0,0.0,0.0,0.0,0
122.04,-3.1872,1.0506,129.5066,0.0,-0.2433,129.5066,,,,,,,,,,,,0.0,0.0,0.0,0.0,0
122.06,-3.1868,1.0503,129.4853,0.0,-0.2417,129.4853,,,,,,,,,,,,0.0,0.0,0.0,0.0,0
122.08,-3.1868,1.0503,129.4853,0.0,-0.2417,129.4853,,,,,,,,,,,,0.0,0.0,0.0,0.0,0
122.1,-3.1868,1.0503,129.4853,0.0,-0.2417,129.4853,,,,,,,,,,,,0.0,0.0,0.0,0.0,0
122.12,-3.1868,1.0503,129.4853,0.0,-0.2417,129.4853,,,,,,,,,,,,0.0,0.0,0.0,0.0,0
122.14,-3.1868,1.0503,129.4853,0.0,-0.2417,129.4853,,,,,,,,,,,,0.0,0.0,0.0,0.0,0
122.16,-3.1894,1.0527,129.5108,0.0,-0.2409,129.5108,,,,,,,,,,,,0.0,0.0,0.0,0.0,0
122.18,-3.1894,1.0527,129.5108,0.0,-0.2409,129.5108,,,,,,,,,,,,0.0,0.0,0.0,0.0,0
122.2,-3.1894,1.0527,129.5108,0.0,-0.2409,129.5108,,,,,,,,,,,,0.0,0.0,0.0,0.0,0
122.22,-3.1894,1.0527,129.5108,0.0,-0.2409,129.5108,,,,,,,,,,,,0.0,0.0,0.0,0.0,0
122.24,-3.1894,1.0527,129.5108,0.0,-0.2409,129.5108,,,,,,,,,,,,0.0,0.0,0.0,0.0,0
122.26,-3.1907,1.0524,129.4943,0.0,-0.2404,129.4943,,,,,,,,,,,,0.0,0.0,0.0,0.0,0
122.28,-3.1907,1.0524,129.4943,0.0,-0.2404,129.4943,,,,,,,,,,,,0.0,0.0,0.0,0.0,0
122.3,-3.1907,1.0524,129.4943,0.0,-0.2404,129.4943,,,,,,,,,,,,0.0,0.0,0.0,0.0,0
122.32,-3.1907,1.0524,129.4943,0.0,-0.2404,129.4943,,,,,,,,,,,,0.0,0.0,0.0,0.0,0
122.34,-3.1907,1.0524,129.4943,0.0,-0.2404,129.4943,,,,,,,,,,,,0.0,0.0,0.0,0.0,0
122.36,-3.1902,1.0519,129.4917,0.0,-0.2404,129.4917,,,,,,,,,,,,0.0,0.0,0.0,0.0,0
122.38,-3.1902,1.0519,129.4917,0.0,-0.2404,129.4917,,,,,,,,,,,,0.0,0.0,0.0,0.0,0
122.4,-3.1902,1.0519,129.4917,0.0,-0.2404,129.4917,,,,,,,,,,,,0.0,0.0,0.0,0.0,0
122.42,-3.1902,1.0519,129.4917,0.0,-0.2404,129.4917,,,,,,,,,,,,0.0,0.0,0.0,0.0,0
122.44,-3.1902,1.0519,129.4917,0.0,-0.2404,129.4917,,,,,,,,,,,,0.0,0.0,0.0,0.0,0
122.46,-3.1896,1.0473,129.5059,0.0,-0.2404,129.5059,,,,,,,,,,,,0.0,0.0,0.0,0.0,0
122.48,-3.1896,1.0473,129.5059,0.0,-0.2404,129.5059,,,,,,,,,,,,0.0,0.0,0.0,0.0,0
122.5,-3.1896,1.0473,129.5059,0.0,-0.2404,129.5059,,,,,,,,,,,,0.0,0.0,0.0,0.0,0
122.52,-3.1896,1.0473,129.5059,0.0,-0.2404,129.5059,,,,,,,,,,,,0.0,0.0,0.0,0.0,0
122.54,-3.1896,1.0473,129.5059,0.0,-0.2404,129.5059,,,,,,,,,,,,0.0,0.0,0.0,0.0,0
122.56,-3.1879,1.0501,129.5004,0.0,-0.2404,129.5004,,,,,,,,,,,,0.0,0.0,0.0,0.0,0
122.58,-3.1879,1.0501,129.5004,0.0,-0.2404,129.5004,,,,,,,,,,,,0.0,0.0,0.0,0.0,0
122.6,-3.1879,1.0501,129.5004,0.0,-0.2404,129.5004,,,,,,,,,,,,0.0,0.0,0.0,0.0,0
122.62,-3.1879,1.0501,129.5004,0.0,-0.2404,129.5004,,,,,,,,,,,,0.0,0.0,0.0,0.0,0
122.64,-3.1879,1.0501,129.5004,0.0,-0.2404,129.5004,,,,,,,,,,,,0.0,0.0,0.0,0.0,0
122.66,-3.1952,1.048,129.5125,0.0,-0.2404,129.5125,,,,,,,,,,,,0.0,0.0,0.0,0.0,0
122.68,-3.1952,1.048,129.5125,0.0,-0.2404,129.5125,,,,,,,,,,,,0.0,0.0,0.0,0.0,0
122.7,-3.1952,1.048,129.5125,0.0,-0.2404,129.5125,,,,,,,,,,,,0.0,0.0,0.0,0.0,0
122.72,-3.1952,1.048,129.5125,0.0,-0.2404,129.5125,,,,,,,,,,,,0.0,0.0,0.0,0.0,0
122.74,-3.1952,1.048,129.5125,0.0,-0.2404,129.5125,,,,,,,,,,,,0.0,0.0,0.0,0.0,0
122.76,-3.1995,1.0484,129.4984,0.0,-0.2404,129.4984,,,,,,,,,,,,0.0,0.0,0.0,0.0,0
122.78,-3.1995,1.0484,129.4984,0.0,-0.2404,129.4984,,,,,,,,,,,,0.0,0.0,0.0,0.0,0
122.8,-3.1995,1.0484,129.4984,0.0,-0.2404,129.4984,,,,,,,,,,,,0.0,0.0,0.0,0.0,0
122.82,-3.1995,1.0484,129.4984,0.0,-0.2404,129.4984,,,,,,,,,,,,0.0,0.0,0.0,0.0,0
122.84,-3.1995,1.0484,129.4984,0.0,-0.2404,129.4984,,,,,,,,,,,,0.0,0.0,0.0,0.0,0
122.86,-3.1949,1.047,129.5239,0.0,-0.2439,129.5239,,,,,,,,,,,,0.0,0.0,0.0,0.0,0
122.88,-3.1949,1.047,129.5239,0.0,-0.2439,129.5239,,,,,,,,,,,,0.0,0.0,0.0,0.0,0
122.9,-3.1949,1.047,129.5239,0.0,-0.2439,129.5239,,,,,,,,,,,,0.0,0.0,0.0,0.0,0
122.92,-3.1949,1.047,129.5239,0.0,-0.2439,129.5239,,,,,,,,,,,,0.0,0.0,0.0,0.0,0
122.94,-3.1949,1.047,129.5239,0.0,-0.2439,129.5239,,,,,,,,,,,,0.0,0.0,0.0,0.0,0
122.96,-3.1945,1.0454,129.5058,0.0,-0.242,129.5058,,,,,,,,,,,,0.0,0.0,0.0,0.0,0
122.98,-3.1945,1.0454,129.5058,0.0,-0.242,129.5058,,,,,,,,,,,,0.0,0.0,0.0,0.0,0
123.0,-3.1945,1.0454,129.5058,0.0,-0.242,129.5058,,,,,,,,,,,,0.0,0.0,0.0,0.0,0
123.02,-3.1945,1.0454,129.5058,0.0,-0.242,129.5058,,,,,,,,,,,,0.0,0.0,0.0,0.0,0
123.04,-3.1945,1.0454,129.5058,0.0,-0.242,129.5058,,,,,,,,,,,,0.0,0.0,0.0,0.0,0
123.06,-3.1956,1.0402,129.5326,0.0,-0.241,129.5326,,,,,,,,,,,,0.0,0.0,0.0,0.0,0
123.08,-3.1956,1.0402,129.5326,0.0,-0.241,129.5326,,,,,,,,,,,,0.0,0.0,0.0,0.0,0
123.1,-3.1956,1.0402,129.5326,0.0,-0.241,129.5326,,,,,,,,,,,,0.0,0.0,0.0,0.0,0
123.12,-3.1956,1.0402,129.5326,0.0,-0.241,129.5326,,,,,,,,,,,,0.0,0.0,0.0,0.0,0
123.14,-3.1956,1.0402,129.5326,0.0,-0.241,129.5326,,,,,,,,,,,,0.0,0.0,0.0,0.0,0
123.16,-3.1895,1.0363,129.504,0.0,-0.2405,129.504,,,,,,,,,,,,0.0,0.0,0.0,0.0,0
123.18,-3.1895,1.0363,129.504,0.0,-0.2405,129.504,,,,,,,,,,,,0.0,0.0,0.0,0.0,0
123.2,-3.1895,1.0363,129.504,0.0,-0.2405,129.504,,,,,,,,,,,,0.0,0.0,0.0,0.0,0
123.22,-3.1895,1.0363,129.504,0.0,-0.2405,129.504,,,,,,,,,,,,0.0,0.0,0.0,0.0,0
123.24,-3.1895,1.0363,129.504,0.0,-0.2405,129.504,,,,,,,,,,,,0.0,0.0,0.0,0.0,0
123.26,-3.1944,1.035,129.5133,0.0,-0.2419,129.5133,,,,,,,,,,,,0.0,0.0,0.0,0.0,0
123.28,-3.1944,1.035,129.5133,0.0,-0.2419,129.5133,,,,,,,,,,,,0.0,0.0,0.0,0.0,0
123.3,-3.1944,1.035,129.5133,0.0,-0.2419,129.5133,,,,,,,,,,,,0.0,0.0,0.0,0.0,0
123.32,-3.1944,1.035,129.5133,0.0,-0.2419,129.5133,,,,,,,,,,,,0.0,0.0,0.0,0.0,0
123.34,-3.1944,1.035,129.5133,0.0,-0.2419,129.5133,,,,,,,,,,,,0.0,0.0,0.0,0.0,0
123.36,-3.1905,1.0337,129.501,0.0,-0.241,129.501,,,,,,,,,,,,0.0,0.0,0.0,0.0,0
123.38,-3.1905,1.0337,129.501,0.0,-0.241,129.501,,,,,,,,,,,,0.0,0.0,0.0,0.0,0
123.4,-3.1905,1.0337,129.501,0.0,-0.241,129.501,,,,,,,,,,,,0.0,0.0,0.0,0.0,0
123.42,-3.1905,1.0337,129.501,0.0,-0.241,129.501,,,,,,,,,,,,0.0,0.0,0.0,0.0,0
123.44,-3.1905,1.0337,129.501,0.0,-0.241,129.501,,,,,,,,,,,,0.0,0.0,0.0,0.0,0
123.46,-3.1883,1.0376,129.512,0.0,-0.2405,129.512,,,,,,,,,,,,0.0,0.0,0.0,0.0,0
123.48,-3.1883,1.0376,129.512,0.0,-0.2405,129.512,,,,,,,,,,,,0.0,0.0,0.0,0.0,0
123.5,-3.1883,1.0376,129.512,0.0,-0.2405,129.512,,,,,,,,,,,,0.0,0.0,0.0,0.0,0
123.52,-3.1883,1.0376,129.512,0.0,-0.2405,129.512,,,,,,,,,,,,0.0,0.0,0.0,0.0,0
123.54,-3.1883,1.0376,129.512,0.0,-0.2405,129.512,,,,,,,,,,,,0.0,0.0,0.0,0.0,0
123.56,-3.1891,1.0422,129.5327,0.0,-0.2404,129.5327,,,,,,,,,,,,0.0,0.0,0.0,0.0,0
123.58,-3.1891,1.0422,129.5327,0.0,-0.2404,129.5327,,,,,,,,,,,,0.0,0.0,0.0,0.0,0
123.6,-3.1891,1.0422,129.5327,0.0,-0.2404,129.5327,,,,,,,,,,,,0.0,0.0,0.0,0.0,0
123.62,-3.1891,1.0422,129.5327,0.0,-0.2404,129.5327,,,,,,,,,,,,0.0,0.0,0.0,0.0,0
123.64,-3.1891,1.0422,129.5327,0.0,-0.2404,129.5327,,,,,,,,,,,,0.0,0.0,0.0,0.0,0
123.66,-3.1923,1.0403,129.5049,0.0,-0.2404,129.5049,,,,,,,,,,,,0.0,0.0,0.0,0.0,0
123.68,-3.1923,1.0403,129.5049,0.0,-0.2404,129.5049,,,,,,,,,,,,0.0,0.0,0.0,0.0,0
123.7,-3.1923,1.0403,129.5049,0.0,-0.2404,129.5049,,,,,,,,,,,,0.0,0.0,0.0,0.0,0
123.72,-3.1923,1.0403,129.5049,0.0,-0.2404,129.5049,,,,,,,,,,,,0.0,0.0,0.0,0.0,0
123.74,-3.1923,1.0403,129.5049,0.0,-0.2404,129.5049,,,,,,,,,,,,0.0,0.0,0.0,0.0,0
123.76,-3.1916,1.0442,129.5172,0.0,-0.2404,129.5172,,,,,,,,,,,,0.0,0.0,0.0,0.0,0
123.78,-3.1916,1.0442,129.5172,0.0,-0.2404,129.5172,,,,,,,,,,,,0.0,0.0,0.0,0.0,0
123.8,-3.1916,1.0442,129.5172,0.0,-0.2404,129.5172,,,,,,,,,,,,0.0,0.0,0.0,0.0,0
123.82,-3.1916,1.0442,129.5172,0.0,-0.2404,129.5172,,,,,,,,,,,,0.0,0.0,0.0,0.0,0
123.84,-3.1916,1.0442,129.5172,0.0,-0.2404,129.5172,,,,,,,,,,,,0.0,0.0,0.0,0.0,0
123.86,-3.1877,1.044,129.5082,0.0,-0.2404,129.5082,,,,,,,,,,,,0.0,0.0,0.0,0.0,0
123.88,-3.1877,1.044,129.5082,0.0,-0.2404,129.5082,,,,,,,,,,,,0.0,0.0,0.0,0.0,0
123.9,-3.1877,1.044,129.5082,0.0,-0.2404,129.5082,,,,,,,,,,,,0.0,0.0,0.0,0.0,0
123.92,-3.1877,1.044,129.5082,0.0,-0.2404,129.5082,,,,,,,,,,,,0.0,0.0,0.0,0.0,0
123.94,-3.1877,1.044,129.5082,0.0,-0.2404,129.5082,,,,,,,,,,,,0.0,0.0,0.0,0.0,0
123.96,-3.1863,1.0496,129.5235,0.0,-0.2404,129.5235,,,,,,,,,,,,0.0,0.0,0.0,0.0,0
123.98,-3.1863,1.0496,129.5235,0.0,-0.2404,129.5235,,,,,,,,,,,,0.0,0.0,0.0,0.0,0
124.0,-3.1863,1.0496,129.5235,0.0,-0.2404,129.5235,,,,,,,,,,,,0.0,0.0,0.0,0.0,0
124.02,-3.1863,1.0496,129.5235,0.0,-0.2404,129.5235,,,,,,,,,,,,0.0,0.0,0.0,0.0,0
124.04,-3.1863,1.0496,129.5235,0.0,-0.2404,129.5235,,,,,,,,,,,,0.0,0.0,0.0,0.0,0
124.06,-3.1827,1.0493,129.5168,0.0,-0.2404,129.5168,,,,,,,,,,,,0.0,0.0,0.0,0.0,0
124.08,-3.1827,1.0493,129.5168,0.0,-0.2404,129.5168,,,,,,,,,,,,0.0,0.0,0.0,0.0,0
124.1,-3.1827,1.0493,129.5168,0.0,-0.2404,129.5168,,,,,,,,,,,,0.0,0.0,0.0,0.0,0
124.12,-3.1827,1.0493,129.5168,0.0,-0.2404,129.5168,,,,,,,,,,,,0.0,0.0,0.0,0.0,0
124.14,-3.1827,1.0493,129.5168,0.0,-0.2404,129.5168,,,,,,,,,,,,0.0,0.0,0.0,0.0,0
124.16,-3.1788,1.0422,129.5342,0.0,-0.2404,129.5342,,,,,,,,,,,,0.0,0.0,0.0,0.0,0
124.18,-3.1788,1.0422,129.5342,0.0,-0.2404,129.5342,,,,,,,,,,,,0.0,0.0,0.0,0.0,0
124.2,-3.1788,1.0422,129.5342,0.0,-0.2404,129.5342,,,,,,,,,,,,0.0,0.0,0.0,0.0,0
124.22,-3.1788,1.0422,129.5342,0.0,-0.2404,129.5342,,,,,,,,,,,,0.0,0.0,0.0,0.0,0
124.24,-3.1788,1.0422,129.5342,0.0,-0.2404,129.5342,,,,,,,,,,,,0.0,0.0,0.0,0.0,0
124.26,-3.1816,1.0411,129.5103,0.0,-0.2404,129.5103,,,,,,,,,,,,0.0,0.0,0.0,0.0,0
124.28,-3.1816,1.0411,129.5103,0.0,-0.2404,129.5103,,,,,,,,,,,,0.0,0.0,0.0,0.0,0
124.3,-3.1816,1.0411,129.5103,0.0,-0.2404,129.5103,,,,,,,,,,,,0.0,0.0,0.0,0.0,0
124.32,-3.1816,1.0411,129.5103,0.0,-0.2404,129.5103,,,,,,,,,,,,0.0,0.0,0.0,0.0,0
124.34,-3.1816,1.0411,129.5103,0.0,-0.2404,129.5103,,,,,,,,,,,,0.0,0.0,0.0,0.0,0
124.36,-3.1799,1.0402,129.5289,0.0,-0.2412,129.5289,,,,,,,,,,,,0.0,0.0,0.0,0.0,0
124.38,-3.1799,1.0402,129.5289,0.0,-0.2412,129.5289,,,,,,,,,,,,0.0,0.0,0.0,0.0,0
124.4,-3.1799,1.0402,129.5289,0.0,-0.2412,129.5289,,,,,,,,,,,,0.0,0.0,0.0,0.0,0
124.42,-3.1799,1.0402,129.5289,0.0,-0.2412,129.5289,,,,,,,,,,,,0.0,0.0,0.0,0.0,0
124.44,-3.1799,1.0402,129.5289,0.0,-0.2412,129.5289,,,,,,,,,,,,0.0,0.0,0.0,0.0,0
124.46,-3.1759,1.0394,129.5278,0.0,-0.2406,129.5278,,,,,,,,,,,,0.0,0.0,0.0,0.0,0
124.48,-3.1759,1.0394,129.5278,0.0,-0.2406,129.5278,,,,,,,,,,,,0.0,0.0,0.0,0.0,0
124.5,-3.1759,1.0394,129.5278,0.0,-0.2406,129.5278,,,,,,,,,,,,0.0,0.0,0.0,0.0,0
124.52,-3.1759,1.0394,129.5278,0.0,-0.2406,129.5278,,,,,,,,,,,,0.0,0.0,0.0,0.0,0
124.54,-3.1759,1.0394,129.5278,0.0,-0.2406,129.5278,,,,,,,,,,,,0.0,0.0,0.0,0.0,0
124.56,-3.1795,1.0371,129.5159,0.0,-0.2404,129.5159,,,,,,,,,,,,0.0,0.0,0.0,0.0,0
124.58,-3.1795,1.0371,129.5159,0.0,-0.2404,129.5159,,,,,,,,,,,,0.0,0.0,0.0,0.0,0
124.6,-3.1795,1.0371,129.5159,0.0,-0.2404,129.5159,,,,,,,,,,,,0.0,0.0,0.0,0.0,0
124.62,-3.1795,1.0371,129.5159,0.0,-0.2404,129.5159,,,,,,,,,,,,0.0,0.0,0.0,0.0,0
124.64,-3.1795,1.0371,129.5159,0.0,-0.2404,129.5159,,,,,,,,,,,,0.0,0.0,0.0,0.0,0
124.66,-3.1811,1.0375,129.5312,0.0,-0.2414,129.5312,,,,,,,,,,,,0.0,0.0,0.0,0.0,0
124.68,-3.1811,1.0375,129.5312,0.0,-0.2414,129.5312,,,,,,,,,,,,0.0,0.0,0.0,0.0,0
124.7,-3.1811,1.0375,129.5312,0.0,-0.2414,129.5312,,,,,,,,,,,,0.0,0.0,0.0,0.0,0
124.72,-3.1811,1.0375,129.5312,0.0,-0.2414,129.5312,,,,,,,,,,,,0.0,0.0,0.0,0.0,0
124.74,-3.1811,1.0375,129.5312,0.0,-0.2414,129.5312,,,,,,,,,,,,0.0,0.0,0.0,0.0,0
124.76,-3.182,1.032,129.5226,0.0,-0.2424,129.5226,,,,,,,,,,,,0.0,0.0,0.0,0.0,0
124.78,-3.182,1.032,129.5226,0.0,-0.2424,129.5226,,,,,,,,,,,,0.0,0.0,0.0,0.0,0
124.8,-3.182,1.032,129.5226,0.0,-0.2424,129.5226,,,,,,,,,,,,0.0,0.0,0.0,0.0,0
124.82,-3.182,1.032,129.5226,0.0,-0.2424,129.5226,,,,,,,,,,,,0.0,0.0,0.0,0.0,0
124.84,-3.182,1.032,129.5226,0.0,-0.2424,129.5226,,,,,,,,,,,,0.0,0.0,0.0,0.0,0
124.86,-3.1827,1.028,129.5206,0.0,-0.2412,129.5206,,,,,,,,,,,,0.0,0.0,0.0,0.0,0
124.88,-3.1827,1.028,129.5206,0.0,-0.2412,129.5206,,,,,,,,,,,,0.0,0.0,0.0,0.0,0
124.9,-3.1827,1.028,129.5206,0.0,-0.2412,129.5206,,,,,,,,,,,,0.0,0.0,0.0,0.0,0
124.92,-3.1827,1.028,129.5206,0.0,-0.2412,129.5206,,,,,,,,,,,,0.0,0.0,0.0,0.0,0
124.94,-3.1827,1.028,129.5206,0.0,-0.2412,129.5206,,,,,,,,,,,,0.0,0.0,0.0,0.0,0
124.96,-3.183,1.0303,129.5184,0.0,-0.2406,129.5184,,,,,,,,,,,,0.0,0.0,0.0,0.0,0
124.98,-3.183,1.0303,129.5184,0.0,-0.2406,129.5184,,,,,,,,,,,,0.0,0.0,0.0,0.0,0
125.0,-3.183,1.0303,129.5184,0.0,-0.2406,129.5184,,,,,,,,,,,,0.0,0.0,0.0,0.0,0
125.02,-3.183,1.0303,129.5184,0.0,-0.2406,129.5184,,,,,,,,,,,,0.0,0.0,0.0,0.0,0
125.04,-3.183,1.0303,129.5184,0.0,-0.2406,129.5184,,,,,,,,,,,,0.0,0.0,0.0,0.0,0
125.06,-3.1751,1.03,129.5058,0.0,-0.2404,129.5058,,,,,,,,,,,,0.0,0.0,0.0,0.0,0
125.08,-3.1751,1.03,129.5058,0.0,-0.2404,129.5058,,,,,,,,,,,,0.0,0.0,0.0,0.0,0
125.1,-3.1751,1.03,129.5058,0.0,-0.2404,129.5058,,,,,,,,,,,,0.0,0.0,0.0,0.0,0
125.12,-3.1751,1.03,129.5058,0.0,-0.2404,129.5058,,,,,,,,,,,,0.0,0.0,0.0,0.0,0
125.14,-3.1751,1.03,129.5058,0.0,-0.2404,129.5058,,,,,,,,,,,,0.0,0.0,0.0,0.0,0
125.16,-3.185,1.0317,129.52,0.0,-0.2404,129.52,,,,,,,,,,,,0.0,0.0,0.0,0.0,0
125.18,-3.185,1.0317,129.52,0.0,-0.2404,129.52,,,,,,,,,,,,0.0,0.0,0.0,0.0,0
125.2,-3.185,1.0317,129.52,0.0,-0.2404,129.52,,,,,,,,,,,,0.0,0.0,0.0,0.0,0
125.22,-3.185,1.0317,129.52,0.0,-0.2404,129.52,,,,,,,,,,,,0.0,0.0,0.0,0.0,0
125.24,-3.185,1.0317,129.52,0.0,-0.2404,129.52,,,,,,,,,,,,0.0,0.0,0.0,0.0,0
125.26,-3.1841,1.0268,129.519,0.0,-0.2404,129.519,,,,,,,,,,,,0.0,0.0,0.0,0.0,0
125.28,-3.1841,1.0268,129.519,0.0,-0.2404,129.519,,,,,,,,,,,,0.0,0.0,0.0,0.0,0
125.3,-3.1841,1.0268,129.519,0.0,-0.2404,129.519,,,,,,,,,,,,0.0,0.0,0.0,0.0,0
125.32,-3.1841,1.0268,129.519,0.0,-0.2404,129.519,,,,,,,,,,,,0.0,0.0,0.0,0.0,0
125.34,-3.1841,1.0268,129.519,0.0,-0.2404,129.519,,,,,,,,,,,,0.0,0.0,0.0,0.0,0
125.36,-3.181,1.0275,129.533,0.0,-0.2404,129.533,,,,,,,,,,,,0.0,0.0,0.0,0.0,0
125.38,-3.181,1.0275,129.533,0.0,-0.2404,129.533,,,,,,,,,,,,0.0,0.0,0.0,0.0,0
125.4,-3.181,1.0275,129.533,0.0,-0.2404,129.533,,,,,,,,,,,,0.0,0.0,0.0,0.0,0
125.42,-3.181,1.0275,129.533,0.0,-0.2404,129.533,,,,,,,,,,,,0.0,0.0,0.0,0.0,0
125.44,-3.181,1.0275,129.533,0.0,-0.2404,129.533,,,,,,,,,,,,0.0,0.0,0.0,0.0,0
125.46,-3.1799,1.0248,129.5271,0.0,-0.2416,129.5271,,,,,,,,,,,,0.0,0.0,0.0,0.0,0
125.48,-3.1799,1.0248,129.5271,0.0,-0.2416,129.5271,,,,,,,,,,,,0.0,0.0,0.0,0.0,0
125.5,-3.1799,1.0248,129.5271,0.0,-0.2416,129.5271,,,,,,,,,,,,0.0,0.0,0.0,0.0,0
125.52,-3.1799,1.0248,129.5271,0.0,-0.2416,129.5271,,,,,,,,,,,,0.0,0.0,0.0,0.0,0
125.54,-3.1799,1.0248,129.5271,0.0,-0.2416,129.5271,,,,,,,,,,,,0.0,0.0,0.0,0.0,0
125.56,-3.1796,1.0244,129.525,0.0,-0.2408,129.525,,,,,,,,,,,,0.0,0.0,0.0,0.0,0
125.58,-3.1796,1.0244,129.525,0.0,-0.2408,129.525,,,,,,,,,,,,0.0,0.0,0.0,0.0,0
125.6,-3.1796,1.0244,129.525,0.0,-0.2408,129.525,,,,,,,,,,,,0.0,0.0,0.0,0.0,0
125.62,-3.1796,1.0244,129.525,0.0,-0.2408,129.525,,,,,,,,,,,,0.0,0.0,0.0,0.0,0
125.64,-3.1796,1.0244,129.525,0.0,-0.2408,129.525,,,,,,,,,,,,0.0,0.0,0.0,0.0,0
125.66,-3.1841,1.0236,129.5161,0.0,-0.2404,129.5161,,,,,,,,,,,,0.0,0.0,0.0,0.0,0
125.68,-3.1841,1.0236,129.5161,0.0,-0.2404,129.5161,,,,,,,,,,,,0.0,0.0,0.0,0.0,0
125.7,-3.1841,1.0236,129.5161,0.0,-0.2404,129.5161,,,,,,,,,,,,0.0,0.0,0.0,0.0,0
125.72,-3.1841,1.0236,129.5161,0.0,-0.2404,129.5161,,,,,,,,,,,,0.0,0.0,0.0,0.0,0
125.74,-3.1841,1.0236,129.5161,0.0,-0.2404,129.5161,,,,,,,,,,,,0.0,0.0,0.0,0.0,0
125.76,-3.1813,1.0201,129.5434,0.0,-0.2404,129.5434,,,,,,,,,,,,0.0,0.0,0.0,0.0,0
125.78,-3.1813,1.0201,129.5434,0.0,-0.2404,129.5434,,,,,,,,,,,,0.0,0.0,0.0,0.0,0
125.8,-3.1813,1.0201,129.5434,0.0,-0.2404,129.5434,,,,,,,,,,,,0.0,0.0,0.0,0.0,0
125.82,-3.1813,1.0201,129.5434,0.0,-0.2404,129.5434,,,,,,,,,,,,0.0,0.0,0.0,0.0,0
125.84,-3.1813,1.0201,129.5434,0.0,-0.2404,129.5434,,,,,,,,,,,,0.0,0.0,0.0,0.0,0
125.86,-3.1767,1.0219,129.5116,0.0,-0.2404,129.5116,,,,,,,,,,,,0.0,0.0,0.0,0.0,0
125.88,-3.1767,1.0219,129.5116,0.0,-0.2404,129.5116,,,,,,,,,,,,0.0,0.0,0.0,0.0,0
125.9,-3.1767,1.0219,129.5116,0.0,-0.2404,129.5116,,,,,,,,,,,,0.0,0.0,0.0,0.0,0
125.92,-3.1767,1.0219,129.5116,0.0,-0.2404,129.5116,,,,,,,,,,,,0.0,0.0,0.0,0.0,0
125.94,-3.1767,1.0219,129.5116,0.0,-0.2404,129.5116,,,,,,,,,,,,0.0,0.0,0.0,0.0,0
125.96,-3.1747,1.027,129.5601,0.0,-0.2404,129.5601,,,,,,,,,,,,0.0,0.0,0.0,0.0,0
125.98,-3.1747,1.027,129.5601,0.0,-0.2404,129.5601,,,,,,,,,,,,0.0,0.0,0.0,0.0,0
126.0,-3.1747,1.027,129.5601,0.0,-0.2404,129.5601,,,,,,,,,,,,0.0,0.0,0.0,0.0,0
126.02,-3.1747,1.027,129.5601,0.0,-0.2404,129.5601,,,,,,,,,,,,0.0,0.0,0.0,0.0,0
126.04,-3.1747,1.027,129.5601,0.0,-0.2404,129.5601,,,,,,,,,,,,0.0,0.0,0.0,0.0,0
126.06,-3.1826,1.0137,129.5112,0.0,-0.2404,129.5112,,,,,,,,,,,,0.0,0.0,0.0,0.0,0
126.08,-3.1826,1.0137,129.5112,0.0,-0.2404,129.5112,,,,,,,,,,,,0.0,0.0,0.0,0.0,0
126.1,-3.1826,1.0137,129.5112,0.0,-0.2404,129.5112,,,,,,,,,,,,0.0,0.0,0.0,0.0,0
126.12,-3.1826,1.0137,129.5112,0.0,-0.2404,129.5112,,,,,,,,,,,,0.0,0.0,0.0,0.0,0
126.14,-3.1826,1.0137,129.5112,0.0,-0.2404,129.5112,,,,,,,,,,,,0.0,0.0,0.0,0.0,0
126.16,-3.189,1.0098,129.55,0.0,-0.2404,129.55,,,,,,,,,,,,0.0,0.0,0.0,0.0,0
126.18,-3.189,1.0098,129.55,0.0,-0.2404,129.55,,,,,,,,,,,,0.0,0.0,0.0,0.0,0
126.2,-3.189,1.0098,129.55,0.0,-0.2404,129.55,,,,,,,,,,,,0.0,0.0,0.0,0.0,0
126.22,-3.189,1.0098,129.55,0.0,-0.2404,129.55,,,,,,,,,,,,0.0,0.0,0.0,0.0,0
126.24,-3.189,1.0098,129.55,0.0,-0.2404,129.55,,,,,,,,,,,,0.0,0.0,0.0,0.0,0
126.26,-3.1863,1.0081,129.5138,0.0,-0.2404,129.5138,,,,,,,,,,,,0.0,0.0,0.0,0.0,0
126.28,-3.1863,1.0081,129.5138,0.0,-0.2404,129.5138,,,,,,,,,,,,0.0,0.0,0.0,0.0,0
126.3,-3.1863,1.0081,129.5138,0.0,-0.2404,129.5138,,,,,,,,,,,,0.0,0.0,0.0,0.0,0
126.32,-3.1863,1.0081,129.5138,0.0,-0.2404,129.5138,,,,,,,,,,,,0.0,0.0,0.0,0.0,0
126.34,-3.1863,1.0081,129.5138,0.0,-0.2404,129.5138,,,,,,,,,,,,0.0,0.0,0.0,0.0,0
126.36,-3.1893,1.0067,129.5661,0.0,-0.2404,129.5661,,,,,,,,,,,,0.0,0.0,0.0,0.0,0
126.38,-3.1893,1.0067,129.5661,0.0,-0.2404,129.5661,,,,,,,,,,,,0.0,0.0,0.0,0.0,0
126.4,-3.1893,1.0067,129.5661,0.0,-0.2404,129.5661,,,,,,,,,,,,0.0,0.0,0.0,0.0,0
126.42,-3.1893,1.0067,129.5661,0.0,-0.2404,129.5661,,,,,,,,,,,,0.0,0.0,0.0,0.0,0
126.44,-3.1893,1.0067,129.5661,0.0,-0.2404,129.5661,,,,,,,,,,,,0.0,0.0,0.0,0.0,0
126.46,-3.1836,1.0091,129.532,0.0,-0.2404,129.532,,,,,,,,,,,,0.0,0.0,0.0,0.0,0
126.48,-3.1836,1.0091,129.532,0.0,-0.2404,129.532,,,,,,,,,,,,0.0,0.0,0.0,0.0,0
126.5,-3.1836,1.0091,129.532,0.0,-0.2404,129.532,,,,,,,,,,,,0.0,0.0,0.0,0.0,0
126.52,-3.1836,1.0091,129.532,0.0,-0.2404,129.532,,,,,,,,,,,,0.0,0.0,0.0,0.0,0
126.54,-3.1836,1.0091,129.532,0.0,-0.2404,129.532,,,,,,,,,,,,0.0,0.0,0.0,0.0,0
126.56,-3.1868,1.0113,129.5546,0.0,-0.2404,129.5546,,,,,,,,,,,,0.0,0.0,0.0,0.0,0
126.58,-3.1868,1.0113,129.5546,0.0,-0.2404,129.5546,,,,,,,,,,,,0.0,0.0,0.0,0.0,0
126.6,-3.1868,1.0113,129.5546,0.0,-0.2404,129.5546,,,,,,,,,,,,0.0,0.0,0.0,0.0,0
126.62,-3.1868,1.0113,129.5546,0.0,-0.2404,129.5546,,,,,,,,,,,,0.0,0.0,0.0,0.0,0
126.64,-3.1868,1.0113,129.5546,0.0,-0.2404,129.5546,,,,,,,,,,,,0.0,0.0,0.0,0.0,0
126.66,-3.1798,1.0125,129.5006,0.0,-0.2404,129.5006,,,,,,,,,,,,0.0,0.0,0.0,0.0,0
126.68,-3.1798,1.0125,129.5006,0.0,-0.2404,129.5006,,,,,,,,,,,,0.0,0.0,0.0,0.0,0
126.7,-3.1798,1.0125,129.5006,0.0,-0.2404,129.5006,,,,,,,,,,,,0.0,0.0,0.0,0.0,0
126.72,-3.1798,1.0125,129.5006,0.0,-0.2404,129.5006,,,,,,,,,,,,0.0,0.0,0.0,0.0,0
126.74,-3.1798,1.0125,129.5006,0.0,-0.2404,129.5006,,,,,,,,,,,,0.0,0.0,0.0,0.0,0
126.76,-3.1801,1.0092,129.5544,0.0,-0.2404,129.5544,,,,,,,,,,,,0.0,0.0,0.0,0.0,0
126.78,-3.1801,1.0092,129.5544,0.0,-0.2404,129.5544,,,,,,,,,,,,0.0,0.0,0.0,0.0,0
126.8,-3.1801,1.0092,129.5544,0.0,-0.2404,129.5544,,,,,,,,,,,,0.0,0.0,0.0,0.0,0
126.82,-3.1801,1.0092,129.5544,0.0,-0.2404,129.5544,,,,,,,,,,,,0.0,0.0,0.0,0.0,0
126.84,-3.1801,1.0092,129.5544,0.0,-0.2404,129.5544,,,,,,,,,,,,0.0,0.0,0.0,0.0,0
126.86,-3.1784,1.0095,129.5198,0.0,-0.2404,129.5198,,,,,,,,,,,,0.0,0.0,0.0,0.0,0
126.88,-3.1784,1.0095,129.5198,0.0,-0.2404,129.5198,,,,,,,,,,,,0.0,0.0,0.0,0.0,0
126.9,-3.1784,1.0095,129.5198,0.0,-0.2404,129.5198,,,,,,,,,,,,0.0,0.0,0.0,0.0,0
126.92,-3.1784,1.0095,129.5198,0.0,-0.2404,129.5198,,,,,,,,,,,,0.0,0.0,0.0,0.0,0
126.94,-3.1784,1.0095,129.5198,0.0,-0.2404,129.5198,,,,,,,,,,,,0.0,0.0,0.0,0.0,0
126.96,-3.1839,1.0061,129.5882,0.0,-0.2404,129.5882,,,,,,,,,,,,0.0,0.0,0.0,0.0,0
126.98,-3.1839,1.0061,129.5882,0.0,-0.2404,129.5882,,,,,,,,,,,,0.0,0.0,0.0,0.0,0
127.0,-3.1839,1.0061,129.5882,0.0,-0.2404,129.5882,,,,,,,,,,,,0.0,0.0,0.0,0.0,0
127.02,-3.1839,1.0061,129.5882,0.0,-0.2404,129.5882,,,,,,,,,,,,0.0,0.0,0.0,0.0,0
127.04,-3.1839,1.0061,129.5882,0.0,-0.2404,129.5882,,,,,,,,,,,,0.0,0.0,0.0,0.0,0
127.06,-3.1797,1.0114,129.5002,0.0,-0.2404,129.5002,,,,,,,,,,,,0.0,0.0,0.0,0.0,0
127.08,-3.1797,1.0114,129.5002,0.0,-0.2404,129.5002,,,,,,,,,,,,0.0,0.0,0.0,0.0,0
127.1,-3.1797,1.0114,129.5002,0.0,-0.2404,129.5002,,,,,,,,,,,,0.0,0.0,0.0,0.0,0
127.12,-3.1797,1.0114,129.5002,0.0,-0.2404,129.5002,,,,,,,,,,,,0.0,0.0,0.0,0.0,0
127.14,-3.1797,1.0114,129.5002,0.0,-0.2404,129.5002,,,,,,,,,,,,0.0,0.0,0.0,0.0,0
127.16,-3.1884,1.009,129.5844,0.0,-0.2404,129.5844,,,,,,,,,,,,0.0,0.0,0.0,0.0,0
127.18,-3.1884,1.009,129.5844,0.0,-0.2404,129.5844,,,,,,,,,,,,0.0,0.0,0.0,0.0,0
127.2,-3.1884,1.009,129.5844,0.0,-0.2404,129.5844,,,,,,,,,,,,0.0,0.0,0.0,0.0,0
127.22,-3.1884,1.009,129.5844,0.0,-0.2404,129.5844,,,,,,,,,,,,0.0,0.0,0.0,0.0,0
127.24,-3.1884,1.009,129.5844,0.0,-0.2404,129.5844,,,,,,,,,,,,0.0,0.0,0.0,0.0,0
127.26,-3.1868,1.0157,129.505,0.0,-0.1358,129.505,,,,,,,,,,,,0.0,0.0,0.0,0.0,0
127.28,-3.1868,1.0157,129.505,0.0,-0.1358,129.505,,,,,,,,,,,,0.0,0.0,0.0,0.0,0
127.3,-3.1868,1.0157,129.505,0.0,-0.1358,129.505,,,,,,,,,,,,0.0,0.0,0.0,0.0,0
127.32,-3.1868,1.0157,129.505,0.0,-0.1358,129.505,,,,,,,,,,,,0.0,0.0,0.0,0.0,0
127.34,-3.1868,1.0157,129.505,0.0,-0.1358,129.505,,,,,,,,,,,,0.0,0.0,0.0,0.0,0
127.36,-3.1821,1.0074,129.5692,0.0,-0.0693,129.5692,,,,,,,,,,,,0.0,0.0,0.0,0.0,0
127.38,-3.1821,1.0074,129.5692,0.0,-0.0693,129.5692,,,,,,,,,,,,0.0,0.0,0.0,0.0,0
127.4,-3.1821,1.0074,129.5692,0.0,-0.0693,129.5692,,,,,,,,,,,,0.0,0.0,0.0,0.0,0
127.42,-3.1821,1.0074,129.5692,0.0,-0.0693,129.5692,,,,,,,,,,,,0.0,0.0,0.0,0.0,0
127.44,-3.1821,1.0074,129.5692,0.0,-0.0693,129.5692,,,,,,,,,,,,0.0,0.0,0.0,0.0,0
127.46,-3.179,1.0079,129.5229,0.0,-0.0354,129.5229,,,,,,,,,,,,0.0,0.0,0.0,0.0,0
127.48,-3.179,1.0079,129.5229,0.0,-0.0354,129.5229,,,,,,,,,,,,0.0,0.0,0.0,0.0,0
127.5,-3.179,1.0079,129.5229,0.0,-0.0354,129.5229,,,,,,,,,,,,0.0,0.0,0.0,0.0,0
127.52,-3.179,1.0079,129.5229,0.0,-0.0354,129.5229,,,,,,,,,,,,0.0,0.0,0.0,0.0,0
127.54,-3.179,1.0079,129.5229,0.0,-0.0354,129.5229,,,,,,,,,,,,0.0,0.0,0.0,0.0,0
127.56,-3.1799,1.0074,129.5595,0.0,-0.0181,129.5596,,,,,,,,,,,,0.0,0.0,0.0,0.0,0
127.58,-3.1799,1.0074,129.5595,0.0,-0.0181,129.5596,,,,,,,,,,,,0.0,0.0,0.0,0.0,0
127.6,-3.1799,1.0074,129.5595,0.0,-0.0181,129.5596,,,,,,,,,,,,0.0,0.0,0.0,0.0,0
127.62,-3.1799,1.0074,129.5595,0.0,-0.0181,129.5596,,,,,,,,,,,,0.0,0.0,0.0,0.0,0
127.64,-3.1799,1.0074,129.5595,0.0,-0.0181,129.5596,,,,,,,,,,,,0.0,0.0,0.0,0.0,0
127.66,-3.1755,1.0106,129.547,0.0,-0.0092,129.547,,,,,,,,,,,,0.0,0.0,0.0,0.0,0
127.68,-3.1755,1.0106,129.547,0.0,-0.0092,129.547,,,,,,,,,,,,0.0,0.0,0.0,0.0,0
127.7,-3.1755,1.0106,129.547,0.0,-0.0092,129.547,,,,,,,,,,,,0.0,0.0,0.0,0.0,0
127.72,-3.1755,1.0106,129.547,0.0,-0.0092,129.547,,,,,,,,,,,,0.0,0.0,0.0,0.0,0
127.74,-3.1755,1.0106,129.547,0.0,-0.0092,129.547,,,,,,,,,,,,0.0,0.0,0.0,0.0,0
127.76,-3.1726,1.0098,129.5688,0.0,-0.0047,129.5688,,,,,,,,,,,,0.0,0.0,0.0,0.0,0
127.78,-3.1726,1.0098,129.5688,0.0,-0.0047,129.5688,,,,,,,,,,,,0.0,0.0,0.0,0.0,0
127.8,-3.1726,1.0098,129.5688,0.0,-0.0047,129.5688,,,,,,,,,,,,0.0,0.0,0.0,0.0,0
127.82,-3.1726,1.0098,129.5688,0.0,-0.0047,129.5688,,,,,,,,,,,,0.0,0.0,0.0,0.0,0
127.84,-3.1726,1.0098,129.5688,0.0,-0.0047,129.5688,,,,,,,,,,,,0.0,0.0,0.0,0.0,0
127.86,-3.167,1.0145,129.5439,0.0,-0.0024,129.5439,,,,,,,,,,,,0.0,0.0,0.0,0.0,0
127.88,-3.167,1.0145,129.5439,0.0,-0.0024,129.5439,,,,,,,,,,,,0.0,0.0,0.0,0.0,0
127.9,-3.167,1.0145,129.5439,0.0,-0.0024,129.5439,,,,,,,,,,,,0.0,0.0,0.0,0.0,0
127.92,-3.167,1.0145,129.5439,0.0,-0.0024,129.5439,,,,,,,,,,,,0.0,0.0,0.0,0.0,0
127.94,-3.167,1.0145,129.5439,0.0,-0.0024,129.5439,,,,,,,,,,,,0.0,0.0,0.0,0.0,0
127.96,-3.1638,1.0147,129.5705,0.0,-0.0012,129.5705,,,,,,,,,,,,0.0,0.0,0.0,0.0,0
127.98,-3.1638,1.0147,129.5705,0.0,-0.0012,129.5705,,,,,,,,,,,,0.0,0.0,0.0,0.0,0
128.0,-3.1638,1.0147,129.5705,0.0,-0.0012,129.5705,,,,,,,,,,,,0.0,0.0,0.0,0.0,0
128.02,-3.1638,1.0147,129.5705,0.0,-0.0012,129.5705,,,,,,,,,,,,0.0,0.0,0.0,0.0,0
128.04,-3.1638,1.0147,129.5705,0.0,-0.0012,129.5705,,,,,,,,,,,,0.0,0.0,0.0,0.0,0
128.06,-3.1673,1.0164,129.5497,0.0,-0.0006,129.5497,,,,,,,,,,,,0.0,0.0,0.0,0.0,0
128.08,-3.1673,1.0164,129.5497,0.0,-0.0006,129.5497,,,,,,,,,,,,0.0,0.0,0.0,0.0,0
128.1,-3.1673,1.0164,129.5497,0.0,-0.0006,129.5497,,,,,,,,,,,,0.0,0.0,0.0,0.0,0
128.12,-3.1673,1.0164,129.5497,0.0,-0.0006,129.5497,,,,,,,,,,,,0.0,0.0,0.0,0.0,0
128.14,-3.1673,1.0164,129.5497,0.0,-0.0006,129.5497,,,,,,,,,,,,0.0,0.0,0.0,0.0,0
128.16,-3.17,1.0189,129.5577,0.0,-0.0004,129.5577,,,,,,,,,,,,0.0,0.0,0.0,0.0,0
128.18,-3.17,1.0189,129.5577,0.0,-0.0004,129.5577,,,,,,,,,,,,0.0,0.0,0.0,0.0,0
128.2,-3.17,1.0189,129.5577,0.0,-0.0004,129.5577,,,,,,,,,,,,0.0,0.0,0.0,0.0,0
128.22,-3.17,1.0189,129.5577,0.0,-0.0004,129.5577,,,,,,,,,,,,0.0,0.0,0.0,0.0,0
128.24,-3.17,1.0189,129.5577,0.0,-0.0004,129.5577,,,,,,,,,,,,0.0,0.0,0.0,0.0,0
128.26,-3.1721,1.0182,129.5512,0.0,-0.0004,129.5512,,,,,,,,,,,,0.0,0.0,0.0,0.0,0
128.28,-3.1721,1.0182,129.5512,0.0,-0.0004,129.5512,,,,,,,,,,,,0.0,0.0,0.0,0.0,0
128.3,-3.1721,1.0182,129.5512,0.0,-0.0004,129.5512,,,,,,,,,,,,0.0,0.0,0.0,0.0,0
128.32,-3.1721,1.0182,129.5512,0.0,-0.0004,129.5512,,,,,,,,,,,,0.0,0.0,0.0,0.0,0
128.34,-3.1721,1.0182,129.5512,0.0,-0.0004,129.5512,,,,,,,,,,,,0.0,0.0,0.0,0.0,0
128.36,-3.1729,1.0172,129.5558,0.0,-0.0004,129.5558,,,,,,,,,,,,0.0,0.0,0.0,0.0,0
128.38,-3.1729,1.0172,129.5558,0.0,-0.0004,129.5558,,,,,,,,,,,,0.0,0.0,0.0,0.0,0
128.4,-3.1729,1.0172,129.5558,0.0,-0.0004,129.5558,,,,,,,,,,,,0.0,0.0,0.0,0.0,0
128.42,-3.1729,1.0172,129.5558,0.0,-0.0004,129.5558,,,,,,,,,,,,0.0,0.0,0.0,0.0,0
128.44,-3.1729,1.0172,129.5558,0.0,-0.0004,129.5558,,,,,,,,,,,,0.0,0.0,0.0,0.0,0
128.46,-3.174,1.0116,129.558,0.0,-0.0004,129.558,,,,,,,,,,,,0.0,0.0,0.0,0.0,0
128.48,-3.174,1.0116,129.558,0.0,-0.0004,129.558,,,,,,,,,,,,0.0,0.0,0.0,0.0,0
128.5,-3.174,1.0116,129.558,0.0,-0.0004,129.558,,,,,,,,,,,,0.0,0.0,0.0,0.0,0
128.52,-3.174,1.0116,129.558,0.0,-0.0004,129.558,,,,,,,,,,,,0.0,0.0,0.0,0.0,0
128.54,-3.174,1.0116,129.558,0.0,-0.0004,129.558,,,,,,,,,,,,0.0,0.0,0.0,0.0,0
128.56,-3.1706,1.0079,129.5632,0.0,-0.0004,129.5632,,,,,,,,,,,,0.0,0.0,0.0,0.0,0
128.58,-3.1706,1.0079,129.5632,0.0,-0.0004,129.5632,,,,,,,,,,,,0.0,0.0,0.0,0.0,0
128.6,-3.1706,1.0079,129.5632,0.0,-0.0004,129.5632,,,,,,,,,,,,0.0,0.0,0.0,0.0,0
128.62,-3.1706,1.0079,129.5632,0.0,-0.0004,129.5632,,,,,,,,,,,,0.0,0.0,0.0,0.0,0
128.64,-3.1706,1.0079,129.5632,0.0,-0.0004,129.5632,,,,,,,,,,,,0.0,0.0,0.0,0.0,0
128.66,-3.1701,1.0083,129.5658,0.0,-0.0004,129.5658,,,,,,,,,,,,0.0,0.0,0.0,0.0,0
128.68,-3.1701,1.0083,129.5658,0.0,-0.0004,129.5658,,,,,,,,,,,,0.0,0.0,0.0,0.0,0
128.7,-3.1701,1.0083,129.5658,0.0,-0.0004,129.5658,,,,,,,,,,,,0.0,0.0,0.0,0.0,0
128.72,-3.1701,1.0083,129.5658,0.0,-0.0004,129.5658,,,,,,,,,,,,0.0,0.0,0.0,0.0,0
128.74,-3.1701,1.0083,129.5658,0.0,-0.0004,129.5658,,,,,,,,,,,,0.0,0.0,0.0,0.0,0
128.76,-3.1727,1.0078,129.5536,0.0,-0.0004,129.5536,,,,,,,,,,,,0.0,0.0,0.0,0.0,0
128.78,-3.1727,1.0078,129.5536,0.0,-0.0004,129.5536,,,,,,,,,,,,0.0,0.0,0.0,0.0,0
128.8,-3.1727,1.0078,129.5536,0.0,-0.0004,129.5536,,,,,,,,,,,,0.0,0.0,0.0,0.0,0
128.82,-3.1727,1.0078,129.5536,0.0,-0.0004,129.5536,,,,,,,,,,,,0.0,0.0,0.0,0.0,0
128.84,-3.1727,1.0078,129.5536,0.0,-0.0004,129.5536,,,,,,,,,,,,0.0,0.0,0.0,0.0,0
128.86,-3.1749,1.0089,129.5714,0.0,-0.0004,129.5714,,,,,,,,,,,,0.0,0.0,0.0,0.0,0
128.88,-3.1749,1.0089,129.5714,0.0,-0.0004,129.5714,,,,,,,,,,,,0.0,0.0,0.0,0.0,0
128.9,-3.1749,1.0089,129.5714,0.0,-0.0004,129.5714,,,,,,,,,,,,0.0,0.0,0.0,0.0,0
128.92,-3.1749,1.0089,129.5714,0.0,-0.0004,129.5714,,,,,,,,,,,,0.0,0.0,0.0,0.0,0
128.94,-3.1749,1.0089,129.5714,0.0,-0.0004,129.5714,,,,,,,,,,,,0.0,0.0,0.0,0.0,0
128.96,-3.1752,1.0086,129.5536,0.0,-0.0004,129.5536,,,,,,,,,,,,0.0,0.0,0.0,0.0,0
128.98,-3.1752,1.0086,129.5536,0.0,-0.0004,129.5536,,,,,,,,,,,,0.0,0.0,0.0,0.0,0
129.0,-3.1752,1.0086,129.5536,0.0,-0.0004,129.5536,,,,,,,,,,,,0.0,0.0,0.0,0.0,0
129.02,-3.1752,1.0086,129.5536,0.0,-0.0004,129.5536,,,,,,,,,,,,0.0,0.0,0.0,0.0,0
129.04,-3.1752,1.0086,129.5536,0.0,-0.0004,129.5536,,,,,,,,,,,,0.0,0.0,0.0,0.0,0
129.06,-3.1801,1.0058,129.5676,0.0,-0.0004,129.5676,,,,,,,,,,,,0.0,0.0,0.0,0.0,0
129.08,-3.1801,1.0058,129.5676,0.0,-0.0004,129.5676,,,,,,,,,,,,0.0,0.0,0.0,0.0,0
129.1,-3.1801,1.0058,129.5676,0.0,-0.0004,129.5676,,,,,,,,,,,,0.0,0.0,0.0,0.0,0
129.12,-3.1801,1.0058,129.5676,0.0,-0.0004,129.5676,,,,,,,,,,,,0.0,0.0,0.0,0.0,0
129.14,-3.1801,1.0058,129.5676,0.0,-0.0004,129.5676,,,,,,,,,,,,0.0,0.0,0.0,0.0,0
129.16,-3.1793,1.0029,129.5479,0.0,-0.0004,129.5479,,,,,,,,,,,,0.0,0.0,0.0,0.0,0
129.18,-3.1793,1.0029,129.5479,0.0,-0.0004,129.5479,,,,,,,,,,,,0.0,0.0,0.0,0.0,0
129.2,-3.1793,1.0029,129.5479,0.0,-0.0004,129.5479,,,,,,,,,,,,0.0,0.0,0.0,0.0,0
129.22,-3.1793,1.0029,129.5479,0.0,-0.0004,129.5479,,,,,,,,,,,,0.0,0.0,0.0,0.0,0
129.24,-3.1793,1.0029,129.5479,0.0,-0.0004,129.5479,,,,,,,,,,,,0.0,0.0,0.0,0.0,0
129.26,-3.1762,1.0016,129.5668,0.0,-0.0004,129.5669,,,,,,,,,,,,0.0,0.0,0.0,0.0,0
129.28,-3.1762,1.0016,129.5668,0.0,-0.0004,129.5669,,,,,,,,,,,,0.0,0.0,0.0,0.0,0
129.3,-3.1762,1.0016,129.5668,0.0,-0.0004,129.5669,,,,,,,,,,,,0.0,0.0,0.0,0.0,0
129.32,-3.1762,1.0016,129.5668,0.0,-0.0004,129.5669,,,,,,,,,,,,0.0,0.0,0.0,0.0,0
129.34,-3.1762,1.0016,129.5668,0.0,-0.0004,129.5669,,,,,,,,,,,,0.0,0.0,0.0,0.0,0
129.36,-3.1739,0.9999,129.5377,0.0,-0.0004,129.5377,,,,,,,,,,,,0.0,0.0,0.0,0.0,0
129.38,-3.1739,0.9999,129.5377,0.0,-0.0004,129.5377,,,,,,,,,,,,0.0,0.0,0.0,0.0,0
129.4,-3.1739,0.9999,129.5377,0.0,-0.0004,129.5377,,,,,,,,,,,,0.0,0.0,0.0,0.0,0
129.42,-3.1739,0.9999,129.5377,0.0,-0.0004,129.5377,,,,,,,,,,,,0.0,0.0,0.0,0.0,0
129.44,-3.1739,0.9999,129.5377,0.0,-0.0004,129.5377,,,,,,,,,,,,0.0,0.0,0.0,0.0,0
129.46,-3.171,0.9958,129.5682,0.0,-0.0004,129.5682,,,,,,,,,,,,0.0,0.0,0.0,0.0,0
129.48,-3.171,0.9958,129.5682,0.0,-0.0004,129.5682,,,,,,,,,,,,0.0,0.0,0.0,0.0,0
129.5,-3.171,0.9958,129.5682,0.0,-0.0004,129.5682,,,,,,,,,,,,0.0,0.0,0.0,0.0,0
129.52,-3.171,0.9958,129.5682,0.0,-0.0004,129.5682,,,,,,,,,,,,0.0,0.0,0.0,0.0,0
129.54,-3.171,0.9958,129.5682,0.0,-0.0004,129.5682,,,,,,,,,,,,0.0,0.0,0.0,0.0,0
129.56,-3.1661,0.9932,129.5443,0.0,-0.0004,129.5443,,,,,,,,,,,,0.0,0.0,0.0,0.0,0
129.58,-3.1661,0.9932,129.5443,0.0,-0.0004,129.5443,,,,,,,,,,,,0.0,0.0,0.0,0.0,0
129.6,-3.1661,0.9932,129.5443,0.0,-0.0004,129.5443,,,,,,,,,,,,0.0,0.0,0.0,0.0,0
129.62,-3.1661,0.9932,129.5443,0.0,-0.0004,129.5443,,,,,,,,,,,,0.0,0.0,0.0,0.0,0
129.64,-3.1661,0.9932,129.5443,0.0,-0.0004,129.5443,,,,,,,,,,,,0.0,0.0,0.0,0.0,0
129.66,-3.1664,0.9922,129.5649,0.0,-0.0004,129.5649,,,,,,,,,,,,0.0,0.0,0.0,0.0,0
129.68,-3.1664,0.9922,129.5649,0.0,-0.0004,129.5649,,,,,,,,,,,,0.0,0.0,0.0,0.0,0
129.7,-3.1664,0.9922,129.5649,0.0,-0.0004,129.5649,,,,,,,,,,,,0.0,0.0,0.0,0.0,0
129.72,-3.1664,0.9922,129.5649,0.0,-0.0004,129.5649,,,,,,,,,,,,0.0,0.0,0.0,0.0,0
129.74,-3.1664,0.9922,129.5649,0.0,-0.0004,129.5649,,,,,,,,,,,,0.0,0.0,0.0,0.0,0
129.76,-3.1673,0.9928,129.5364,0.0,-0.0004,129.5364,,,,,,,,,,,,0.0,0.0,0.0,0.0,0
129.78,-3.1673,0.9928,129.5364,0.0,-0.0004,129.5364,,,,,,,,,,,,0.0,0.0,0.0,0.0,0
129.8,-3.1673,0.9928,129.5364,0.0,-0.0004,129.5364,,,,,,,,,,,,0.0,0.0,0.0,0.0,0
129.82,-3.1673,0.9928,129.5364,0.0,-0.0004,129.5364,,,,,,,,,,,,0.0,0.0,0.0,0.0,0
129.84,-3.1673,0.9928,129.5364,0.0,-0.0004,129.5364,,,,,,,,,,,,0.0,0.0,0.0,0.0,0
129.86,-3.1626,0.9964,129.5627,0.0,-0.0004,129.5627,,,,,,,,,,,,0.0,0.0,0.0,0.0,0
129.88,-3.1626,0.9964,129.5627,0.0,-0.0004,129.5627,,,,,,,,,,,,0.0,0.0,0.0,0.0,0
129.9,-3.1626,0.9964,129.5627,0.0,-0.0004,129.5627,,,,,,,,,,,,0.0,0.0,0.0,0.0,0
129.92,-3.1626,0.9964,129.5627,0.0,-0.0004,129.5627,,,,,,,,,,,,0.0,0.0,0.0,0.0,0
129.94,-3.1626,0.9964,129.5627,0.0,-0.0004,129.5627,,,,,,,,,,,,0.0,0.0,0.0,0.0,0
129.96,-3.1606,0.9965,129.545,0.0,-0.0004,129.545,,,,,,,,,,,,0.0,0.0,0.0,0.0,0
129.98,-3.1606,0.9965,129.545,0.0,-0.0004,129.545,,,,,,,,,,,,0.0,0.0,0.0,0.0,0
130.0,-3.1606,0.9965,129.545,0.0,-0.0004,129.545,,,,,,,,,,,,0.0,0.0,0.0,0.0,0
130.02,-3.1606,0.9965,129.545,0.0,-0.0004,129.545,,,,,,,,,,,,0.0,0.0,0.0,0.0,0
130.04,-3.1606,0.9965,129.545,0.0,-0.0004,129.545,,,,,,,,,,,,0.0,0.0,0.0,0.0,0
130.06,-3.1544,0.9897,129.5637,0.0,-0.0004,129.5637,,,,,,,,,,,,0.0,0.0,0.0,0.0,0
130.08,-3.1544,0.9897,129.5637,0.0,-0.0004,129.5637,,,,,,,,,,,,0.0,0.0,0.0,0.0,0
130.1,-3.1544,0.9897,129.5637,0.0,-0.0004,129.5637,,,,,,,,,,,,0.0,0.0,0.0,0.0,0
130.12,-3.1544,0.9897,129.5637,0.0,-0.0004,129.5637,,,,,,,,,,,,0.0,0.0,0.0,0.0,0
130.14,-3.1544,0.9897,129.5637,0.0,-0.0004,129.5637,,,,,,,,,,,,0.0,0.0,0.0,0.0,0
130.16,-3.1516,0.987,129.5469,0.0,-0.0004,129.5469,,,,,,,,,,,,0.0,0.0,0.0,0.0,0
130.18,-3.1516,0.987,129.5469,0.0,-0.0004,129.5469,,,,,,,,,,,,0.0,0.0,0.0,0.0,0
130.2,-3.1516,0.987,129.5469,0.0,-0.0004,129.5469,,,,,,,,,,,,0.0,0.0,0.0,0.0,0
130.22,-3.1516,0.987,129.5469,0.0,-0.0004,129.5469,,,,,,,,,,,,0.0,0.0,0.0,0.0,0
130.24,-3.1516,0.987,129.5469,0.0,-0.0004,129.5469,,,,,,,,,,,,0.0,0.0,0.0,0.0,0
130.26,-3.1504,0.9861,129.5649,0.0,-0.0004,129.5649,,,,,,,,,,,,0.0,0.0,0.0,0.0,0
130.28,-3.1504,0.9861,129.5649,0.0,-0.0004,129.5649,,,,,,,,,,,,0.0,0.0,0.0,0.0,0
130.3,-3.1504,0.9861,129.5649,0.0,-0.0004,129.5649,,,,,,,,,,,,0.0,0.0,0.0,0.0,0
130.32,-3.1504,0.9861,129.5649,0.0,-0.0004,129.5649,,,,,,,,,,,,0.0,0.0,0.0,0.0,0
130.34,-3.1504,0.9861,129.5649,0.0,-0.0004,129.5649,,,,,,,,,,,,0.0,0.0,0.0,0.0,0
130.36,-3.1482,0.9892,129.5502,0.0,-0.0004,129.5502,,,,,,,,,,,,0.0,0.0,0.0,0.0,0
130.38,-3.1482,0.9892,129.5502,0.0,-0.0004,129.5502,,,,,,,,,,,,0.0,0.0,0.0,0.0,0
130.4,-3.1482,0.9892,129.5502,0.0,-0.0004,129.5502,,,,,,,,,,,,0.0,0.0,0.0,0.0,0
130.42,-3.1482,0.9892,129.5502,0.0,-0.0004,129.5502,,,,,,,,,,,,0.0,0.0,0.0,0.0,0
130.44,-3.1482,0.9892,129.5502,0.0,-0.0004,129.5502,,,,,,,,,,,,0.0,0.0,0.0,0.0,0
130.46,-3.1444,0.9815,129.5611,0.0,-0.0004,129.5611,,,,,,,,,,,,0.0,0.0,0.0,0.0,0
130.48,-3.1444,0.9815,129.5611,0.0,-0.0004,129.5611,,,,,,,,,,,,0.0,0.0,0.0,0.0,0
130.5,-3.1444,0.9815,129.5611,0.0,-0.0004,129.5611,,,,,,,,,,,,0.0,0.0,0.0,0.0,0
130.52,-3.1444,0.9815,129.5611,0.0,-0.0004,129.5611,,,,,,,,,,,,0.0,0.0,0.0,0.0,0
130.54,-3.1444,0.9815,129.5611,0.0,-0.0004,129.5611,,,,,,,,,,,,0.0,0.0,0.0,0.0,0
130.56,-3.1402,0.9762,129.5505,0.0,-0.0004,129.5505,,,,,,,,,,,,0.0,0.0,0.0,0.0,0
130.58,-3.1402,0.9762,129.5505,0.0,-0.0004,129.5505,,,,,,,,,,,,0.0,0.0,0.0,0.0,0
130.6,-3.1402,0.9762,129.5505,0.0,-0.0004,129.5505,,,,,,,,,,,,0.0,0.0,0.0,0.0,0
130.62,-3.1402,0.9762,129.5505,0.0,-0.0004,129.5505,,,,,,,,,,,,0.0,0.0,0.0,0.0,0
130.64,-3.1402,0.9762,129.5505,0.0,-0.0004,129.5505,,,,,,,,,,,,0.0,0.0,0.0,0.0,0
130.66,-3.1391,0.9723,129.5546,0.0,-0.0004,129.5546,,,,,,,,,,,,0.0,0.0,0.0,0.0,0
130.68,-3.1391,0.9723,129.5546,0.0,-0.0004,129.5546,,,,,,,,,,,,0.0,0.0,0.0,0.0,0
130.7,-3.1391,0.9723,129.5546,0.0,-0.0004,129.5546,,,,,,,,,,,,0.0,0.0,0.0,0.0,0
130.72,-3.1391,0.9723,129.5546,0.0,-0.0004,129.5546,,,,,,,,,,,,0.0,0.0,0.0,0.0,0
130.74,-3.1391,0.9723,129.5546,0.0,-0.0004,129.5546,,,,,,,,,,,,0.0,0.0,0.0,0.0,0
130.76,-3.139,0.9694,129.5462,0.0,-0.0004,129.5462,,,,,,,,,,,,0.0,0.0,0.0,0.0,0
130.78,-3.139,0.9694,129.5462,0.0,-0.0004,129.5462,,,,,,,,,,,,0.0,0.0,0.0,0.0,0
130.8,-3.139,0.9694,129.5462,0.0,-0.0004,129.5462,,,,,,,,,,,,0.0,0.0,0.0,0.0,0
130.82,-3.139,0.9694,129.5462,0.0,-0.0004,129.5462,,,,,,,,,,,,0.0,0.0,0.0,0.0,0
130.84,-3.139,0.9694,129.5462,0.0,-0.0004,129.5462,,,,,,,,,,,,0.0,0.0,0.0,0.0,0
130.86,-3.1374,0.9707,129.5494,0.0,-0.0004,129.5494,,,,,,,,,,,,0.0,0.0,0.0,0.0,0
130.88,-3.1374,0.9707,129.5494,0.0,-0.0004,129.5494,,,,,,,,,,,,0.0,0.0,0.0,0.0,0
130.9,-3.1374,0.9707,129.5494,0.0,-0.0004,129.5494,,,,,,,,,,,,0.0,0.0,0.0,0.0,0
130.92,-3.1374,0.9707,129.5494,0.0,-0.0004,129.5494,,,,,,,,,,,,0.0,0.0,0.0,0.0,0
130.94,-3.1374,0.9707,129.5494,0.0,-0.0004,129.5494,,,,,,,,,,,,0.0,0.0,0.0,0.0,0
130.96,-3.1368,0.9712,129.5483,0.0,-0.0004,129.5483,,,,,,,,,,,,0.0,0.0,0.0,0.0,0
130.98,-3.1368,0.9712,129.5483,0.0,-0.0004,129.5483,,,,,,,,,,,,0.0,0.0,0.0,0.0,0
131.0,-3.1368,0.9712,129.5483,0.0,-0.0004,129.5483,,,,,,,,,,,,0.0,0.0,0.0,0.0,0
131.02,-3.1368,0.9712,129.5483,0.0,-0.0004,129.5483,,,,,,,,,,,,0.0,0.0,0.0,0.0,0
131.04,-3.1368,0.9712,129.5483,0.0,-0.0004,129.5483,,,,,,,,,,,,0.0,0.0,0.0,0.0,0
131.06,-3.1324,0.9691,129.5473,0.0,-0.0004,129.5473,,,,,,,,,,,,0.0,0.0,0.0,0.0,0
131.08,-3.1324,0.9691,129.5473,0.0,-0.0004,129.5473,,,,,,,,,,,,0.0,0.0,0.0,0.0,0
131.1,-3.1324,0.9691,129.5473,0.0,-0.0004,129.5473,,,,,,,,,,,,0.0,0.0,0.0,0.0,0
131.12,-3.1324,0.9691,129.5473,0.0,-0.0004,129.5473,,,,,,,,,,,,0.0,0.0,0.0,0.0,0
131.14,-3.1324,0.9691,129.5473,0.0,-0.0004,129.5473,,,,,,,,,,,,0.0,0.0,0.0,0.0,0
131.16,-3.1268,0.9659,129.5527,0.0,-0.0004,129.5527,,,,,,,,,,,,0.0,0.0,0.0,0.0,0
131.18,-3.1268,0.9659,129.5527,0.0,-0.0004,129.5527,,,,,,,,,,,,0.0,0.0,0.0,0.0,0
131.2,-3.1268,0.9659,129.5527,0.0,-0.0004,129.5527,,,,,,,,,,,,0.0,0.0,0.0,0.0,0
131.22,-3.1268,0.9659,129.5527,0.0,-0.0004,129.5527,,,,,,,,,,,,0.0,0.0,0.0,0.0,0
131.24,-3.1268,0.9659,129.5527,0.0,-0.0004,129.5527,,,,,,,,,,,,0.0,0.0,0.0,0.0,0
131.26,-3.1239,0.9656,129.5441,0.0,-0.0004,129.5441,,,,,,,,,,,,0.0,0.0,0.0,0.0,0
131.28,-3.1239,0.9656,129.5441,0.0,-0.0004,129.5441,,,,,,,,,,,,0.0,0.0,0.0,0.0,0
131.3,-3.1239,0.9656,129.5441,0.0,-0.0004,129.5441,,,,,,,,,,,,0.0,0.0,0.0,0.0,0
131.32,-3.1239,0.9656,129.5441,0.0,-0.0004,129.5441,,,,,,,,,,,,0.0,0.0,0.0,0.0,0
131.34,-3.1239,0.9656,129.5441,0.0,-0.0004,129.5441,,,,,,,,,,,,0.0,0.0,0.0,0.0,0
131.36,-3.1229,0.963,129.5464,0.0,-0.0004,129.5464,,,,,,,,,,,,0.0,0.0,0.0,0.0,0
131.38,-3.1229,0.963,129.5464,0.0,-0.0004,129.5464,,,,,,,,,,,,0.0,0.0,0.0,0.0,0
131.4,-3.1229,0.963,129.5464,0.0,-0.0004,129.5464,,,,,,,,,,,,0.0,0.0,0.0,0.0,0
131.42,-3.1229,0.963,129.5464,0.0,-0.0004,129.5464,,,,,,,,,,,,0.0,0.0,0.0,0.0,0
131.44,-3.1229,0.963,129.5464,0.0,-0.0004,129.5464,,,,,,,,,,,,0.0,0.0,0.0,0.0,0
131.46,-3.1203,0.9575,129.5431,0.0,-0.0004,129.5431,,,,,,,,,,,,0.0,0.0,0.0,0.0,0
131.48,-3.1203,0.9575,129.5431,0.0,-0.0004,129.5431,,,,,,,,,,,,0.0,0.0,0.0,0.0,0
131.5,-3.1203,0.9575,129.5431,0.0,-0.0004,129.5431,,,,,,,,,,,,0.0,0.0,0.0,0.0,0
131.52,-3.1203,0.9575,129.5431,0.0,-0.0004,129.5431,,,,,,,,,,,,0.0,0.0,0.0,0.0,0
131.54,-3.1203,0.9575,129.5431,0.0,-0.0004,129.5431,,,,,,,,,,,,0.0,0.0,0.0,0.0,0
131.56,-3.1168,0.9565,129.547,0.0,-0.0004,129.547,,,,,,,,,,,,0.0,0.0,0.0,0.0,0
131.58,-3.1168,0.9565,129.547,0.0,-0.0004,129.547,,,,,,,,,,,,0.0,0.0,0.0,0.0,0
131.6,-3.1168,0.9565,129.547,0.0,-0.0004,129.547,,,,,,,,,,,,0.0,0.0,0.0,0.0,0
131.62,-3.1168,0.9565,129.547,0.0,-0.0004,129.547,,,,,,,,,,,,0.0,0.0,0.0,0.0,0
131.64,-3.1168,0.9565,129.547,0.0,-0.0004,129.547,,,,,,,,,,,,0.0,0.0,0.0,0.0,0
131.66,-3.1138,0.9584,129.5408,0.0,-0.0004,129.5408,,,,,,,,,,,,0.0,0.0,0.0,0.0,0
131.68,-3.1138,0.9584,129.5408,0.0,-0.0004,129.5408,,,,,,,,,,,,0.0,0.0,0.0,0.0,0
131.7,-3.1138,0.9584,129.5408,0.0,-0.0004,129.5408,,,,,,,,,,,,0.0,0.0,0.0,0.0,0
131.72,-3.1138,0.9584,129.5408,0.0,-0.0004,129.5408,,,,,,,,,,,,0.0,0.0,0.0,0.0,0
131.74,-3.1138,0.9584,129.5408,0.0,-0.0004,129.5408,,,,,,,,,,,,0.0,0.0,0.0,0.0,0
131.76,-3.1115,0.9585,129.5437,0.0,-0.0004,129.5437,,,,,,,,,,,,0.0,0.0,0.0,0.0,0
131.78,-3.1115,0.9585,129.5437,0.0,-0.0004,129.5437,,,,,,,,,,,,0.0,0.0,0.0,0.0,0
131.8,-3.1115,0.9585,129.5437,0.0,-0.0004,129.5437,,,,,,,,,,,,0.0,0.0,0.0,0.0,0
131.82,-3.1115,0.9585,129.5437,0.0,-0.0004,129.5437,,,,,,,,,,,,0.0,0.0,0.0,0.0,0
131.84,-3.1115,0.9585,129.5437,0.0,-0.0004,129.5437,,,,,,,,,,,,0.0,0.0,0.0,0.0,0
131.86,-3.1074,0.9548,129.5376,0.0,-0.0004,129.5375,,,,,,,,,,,,0.0,0.0,0.0,0.0,0
131.88,-3.1074,0.9548,129.5376,0.0,-0.0004,129.5375,,,,,,,,,,,,0.0,0.0,0.0,0.0,0
131.9,-3.1074,0.9548,129.5376,0.0,-0.0004,129.5375,,,,,,,,,,,,0.0,0.0,0.0,0.0,0
131.92,-3.1074,0.9548,129.5376,0.0,-0.0004,129.5375,,,,,,,,,,,,0.0,0.0,0.0,0.0,0
131.94,-3.1074,0.9548,129.5376,0.0,-0.0004,129.5375,,,,,,,,,,,,0.0,0.0,0.0,0.0,0
131.96,-3.1053,0.9479,129.5426,0.0,-0.0004,129.5426,,,,,,,,,,,,0.0,0.0,0.0,0.0,0
131.98,-3.1053,0.9479,129.5426,0.0,-0.0004,129.5426,,,,,,,,,,,,0.0,0.0,0.0,0.0,0
132.0,-3.1053,0.9479,129.5426,0.0,-0.0004,129.5426,,,,,,,,,,,,0.0,0.0,0.0,0.0,0
132.02,-3.1053,0.9479,129.5426,0.0,-0.0004,129.5426,,,,,,,,,,,,0.0,0.0,0.0,0.0,0
132.04,-3.1053,0.9479,129.5426,0.0,-0.0004,129.5426,,,,,,,,,,,,0.0,0.0,0.0,0.0,0
132.06,-3.1052,0.9454,129.5341,0.0,-0.0004,129.5341,,,,,,,,,,,,0.0,0.0,0.0,0.0,0
132.08,-3.1052,0.9454,129.5341,0.0,-0.0004,129.5341,,,,,,,,,,,,0.0,0.0,0.0,0.0,0
132.1,-3.1052,0.9454,129.5341,0.0,-0.0004,129.5341,,,,,,,,,,,,0.0,0.0,0.0,0.0,0
132.12,-3.1052,0.9454,129.5341,0.0,-0.0004,129.5341,,,,,,,,,,,,0.0,0.0,0.0,0.0,0
132.14,-3.1052,0.9454,129.5341,0.0,-0.0004,129.5341,,,,,,,,,,,,0.0,0.0,0.0,0.0,0
132.16,-3.1022,0.943,129.54,0.0,-0.0004,129.54,,,,,,,,,,,,0.0,0.0,0.0,0.0,0
132.18,-3.1022,0.943,129.54,0.0,-0.0004,129.54,,,,,,,,,,,,0.0,0.0,0.0,0.0,0
132.2,-3.1022,0.943,129.54,0.0,-0.0004,129.54,,,,,,,,,,,,0.0,0.0,0.0,0.0,0
132.22,-3.1022,0.943,129.54,0.0,-0.0004,129.54,,,,,,,,,,,,0.0,0.0,0.0,0.0,0
132.24,-3.1022,0.943,129.54,0.0,-0.0004,129.54,,,,,,,,,,,,0.0,0.0,0.0,0.0,0
132.26,-3.0984,0.939,129.5311,0.0,-0.0004,129.5311,,,,,,,,,,,,0.0,0.0,0.0,0.0,0
132.28,-3.0984,0.939,129.5311,0.0,-0.0004,129.5311,,,,,,,,,,,,0.0,0.0,0.0,0.0,0
132.3,-3.0984,0.939,129.5311,0.0,-0.0004,129.5311,,,,,,,,,,,,0.0,0.0,0.0,0.0,0
132.32,-3.0984,0.939,129.5311,0.0,-0.0004,129.5311,,,,,,,,,,,,0.0,0.0,0.0,0.0,0
132.34,-3.0984,0.939,129.5311,0.0,-0.0004,129.5311,,,,,,,,,,,,0.0,0.0,0.0,0.0,0
132.36,-3.0954,0.9393,129.5386,0.0,-0.0004,129.5386,,,,,,,,,,,,0.0,0.0,0.0,0.0,0
132.38,-3.0954,0.9393,129.5386,0.0,-0.0004,129.5386,,,,,,,,,,,,0.0,0.0,0.0,0.0,0
132.4,-3.0954,0.9393,129.5386,0.0,-0.0004,129.5386,,,,,,,,,,,,0.0,0.0,0.0,0.0,0
132.42,-3.0954,0.9393,129.5386,0.0,-0.0004,129.5386,,,,,,,,,,,,0.0,0.0,0.0,0.0,0
132.44,-3.0954,0.9393,129.5386,0.0,-0.0004,129.5386,,,,,,,,,,,,0.0,0.0,0.0,0.0,0
132.46,-3.0953,0.9398,129.5348,0.0,-0.0004,129.5348,,,,,,,,,,,,0.0,0.0,0.0,0.0,0
132.48,-3.0953,0.9398,129.5348,0.0,-0.0004,129.5348,,,,,,,,,,,,0.0,0.0,0.0,0.0,0
132.5,-3.0953,0.9398,129.5348,0.0,-0.0004,129.5348,,,,,,,,,,,,0.0,0.0,0.0,0.0,0
132.52,-3.0953,0.9398,129.5348,0.0,-0.0004,129.5348,,,,,,,,,,,,0.0,0.0,0.0,0.0,0
132.54,-3.0953,0.9398,129.5348,0.0,-0.0004,129.5348,,,,,,,,,,,,0.0,0.0,0.0,0.0,0
132.56,-3.0925,0.9359,129.5414,0.0,-0.0004,129.5414,,,,,,,,,,,,0.0,0.0,0.0,0.0,0
132.58,-3.0925,0.9359,129.5414,0.0,-0.0004,129.5414,,,,,,,,,,,,0.0,0.0,0.0,0.0,0
132.6,-3.0925,0.9359,129.5414,0.0,-0.0004,129.5414,,,,,,,,,,,,0.0,0.0,0.0,0.0,0
132.62,-3.0925,0.9359,129.5414,0.0,-0.0004,129.5414,,,,,,,,,,,,0.0,0.0,0.0,0.0,0
132.64,-3.0925,0.9359,129.5414,0.0,-0.0004,129.5414,,,,,,,,,,,,0.0,0.0,0.0,0.0,0
132.66,-3.0917,0.933,129.537,0.0,-0.0004,129.537,,,,,,,,,,,,0.0,0.0,0.0,0.0,0
132.68,-3.0917,0.933,129.537,0.0,-0.0004,129.537,,,,,,,,,,,,0.0,0.0,0.0,0.0,0
132.7,-3.0917,0.933,129.537,0.0,-0.0004,129.537,,,,,,,,,,,,0.0,0.0,0.0,0.0,0
132.72,-3.0917,0.933,129.537,0.0,-0.0004,129.537,,,,,,,,,,,,0.0,0.0,0.0,0.0,0
132.74,-3.0917,0.933,129.537,0.0,-0.0004,129.537,,,,,,,,,,,,0.0,0.0,0.0,0.0,0
132.76,-3.0917,0.933,129.537,0.0,-0.0004,129.537,,,,,,,,,,,,0.0,0.0,0.0,0.0,0
132.78,-3.0917,0.933,129.537,0.0,-0.0004,129.537,,,,,,,,,,,,0.0,0.0,0.0,0.0,0
132.8,-3.0917,0.933,129.537,0.0,-0.0004,129.537,,,,,,,,,,,,0.0,0.0,0.0,0.0,0
132.82,-3.0917,0.933,129.537,0.0,-0.0004,129.537,,,,,,,,,,,,0.0,0.0,0.0,0.0,0
132.84,-3.0917,0.933,129.537,0.0,-0.0004,129.537,,,,,,,,,,,,0.0,0.0,0.0,0.0,0
132.86,-3.0917,0.933,129.537,0.0,-0.0004,129.537,,,,,,,,,,,,0.0,0.0,0.0,0.0,0
132.88,-3.0917,0.933,129.537,0.0,-0.0004,129.537,,,,,,,,,,,,0.0,0.0,0.0,0.0,0
132.9,-3.0917,0.933,129.537,0.0,-0.0004,129.537,,,,,,,,,,,,0.0,0.0,0.0,0.0,0
132.92,-3.0917,0.933,129.537,0.0,-0.0004,129.537,,,,,,,,,,,,0.0,0.0,0.0,0.0,0
132.94,-3.0917,0.933,129.537,0.0,-0.0004,129.537,,,,,,,,,,,,0.0,0.0,0.0,0.0,0
132.96,-3.0917,0.933,129.537,0.0,-0.0004,129.537,,,,,,,,,,,,0.0,0.0,0.0,0.0,0
132.98,-3.0917,0.933,129.537,0.0,-0.0004,129.537,,,,,,,,,,,,0.0,0.0,0.0,0.0,0
133.0,-3.0917,0.933,129.537,0.0,-0.0004,129.537,,,,,,,,,,,,0.0,0.0,0.0,0.0,0
133.02,-3.0917,0.933,129.537,0.0,-0.0004,129.537,,,,,,,,,,,,0.0,0.0,0.0,0.0,0
133.04,-3.0917,0.933,129.537,0.0,-0.0004,129.537,,,,,,,,,,,,0.0,0.0,0.0,0.0,0
133.06,-3.0917,0.933,129.537,0.0,-0.0004,129.537,,,,,,,,,,,,0.0,0.0,0.0,0.0,0
133.08,-3.0917,0.933,129.537,0.0,-0.0004,129.537,,,,,,,,,,,,0.0,0.0,0.0,0.0,0
133.1,-3.0917,0.933,129.537,0.0,-0.0004,129.537,,,,,,,,,,,,0.0,0.0,0.0,0.0,0
133.12,-3.0917,0.933,129.537,0.0,-0.0004,129.537,,,,,,,,,,,,0.0,0.0,0.0,0.0,0
133.14,-3.0917,0.933,129.537,0.0,-0.0004,129.537,,,,,,,,,,,,0.0,0.0,0.0,0.0,0
133.16,-3.0917,0.933,129.537,0.0,-0.0004,129.537,,,,,,,,,,,,0.0,0.0,0.0,0.0,0
133.18,-3.0917,0.933,129.537,0.0,-0.0004,129.537,,,,,,,,,,,,0.0,0.0,0.0,0.0,0
133.2,-3.0917,0.933,129.537,0.0,-0.0004,129.537,,,,,,,,,,,,0.0,0.0,0.0,0.0,0
133.22,-3.0917,0.933,129.537,0.0,-0.0004,129.537,,,,,,,,,,,,0.0,0.0,0.0,0.0,0
133.24,-3.0917,0.933,129.537,0.0,-0.0004,129.537,,,,,,,,,,,,0.0,0.0,0.0,0.0,0
133.26,-3.0917,0.933,129.537,0.0,-0.0004,129.537,,,,,,,,,,,,0.0,0.0,0.0,0.0,0
133.28,-3.0917,0.933,129.537,0.0,-0.0004,129.537,,,,,,,,,,,,0.0,0.0,0.0,0.0,0
133.3,-3.0917,0.933,129.537,0.0,-0.0004,129.537,,,,,,,,,,,,0.0,0.0,0.0,0.0,0
133.32,-3.0917,0.933,129.537,0.0,-0.0004,129.537,,,,,,,,,,,,0.0,0.0,0.0,0.0,0
133.34,-3.0917,0.933,129.537,0.0,-0.0004,129.537,,,,,,,,,,,,0.0,0.0,0.0,0.0,0
133.36,-3.0917,0.933,129.537,0.0,-0.0004,129.537,,,,,,,,,,,,0.0,0.0,0.0,0.0,0
133.38,-3.0917,0.933,129.537,0.0,-0.0004,129.537,,,,,,,,,,,,0.0,0.0,0.0,0.0,0
133.4,-3.0917,0.933,129.537,0.0,-0.0004,129.537,,,,,,,,,,,,0.0,0.0,0.0,0.0,0
133.42,-3.0917,0.933,129.537,0.0,-0.0004,129.537,,,,,,,,,,,,0.0,0.0,0.0,0.0,0
133.44,-3.0917,0.933,129.537,0.0,-0.0004,129.537,,,,,,,,,,,,0.0,0.0,0.0,0.0,0
133.46,-3.0917,0.933,129.537,0.0,-0.0004,129.537,,,,,,,,,,,,0.0,0.0,0.0,0.0,0
133.48,-3.0917,0.933,129.537,0.0,-0.0004,129.537,,,,,,,,,,,,0.0,0.0,0.0,0.0,0
133.5,-3.0917,0.933,129.537,0.0,-0.0004,129.537,,,,,,,,,,,,0.0,0.0,0.0,0.0,0
133.52,-3.0917,0.933,129.537,0.0,-0.0004,129.537,,,,,,,,,,,,0.0,0.0,0.0,0.0,0
133.54,-3.0917,0.933,129.537,0.0,-0.0004,129.537,,,,,,,,,,,,0.0,0.0,0.0,0.0,0
133.56,-3.0917,0.933,129.537,0.0,-0.0004,129.537,,,,,,,,,,,,0.0,0.0,0.0,0.0,0
133.58,-3.0917,0.933,129.537,0.0,-0.0004,129.537,,,,,,,,,,,,0.0,0.0,0.0,0.0,0
133.6,-3.0917,0.933,129.537,0.0,-0.0004,129.537,,,,,,,,,,,,0.0,0.0,0.0,0.0,0
133.62,-3.0917,0.933,129.537,0.0,-0.0004,129.537,,,,,,,,,,,,0.0,0.0,0.0,0.0,0
133.64,-3.0917,0.933,129.537,0.0,-0.0004,129.537,,,,,,,,,,,,0.0,0.0,0.0,0.0,0
133.66,-3.0917,0.933,129.537,0.0,-0.0004,129.537,,,,,,,,,,,,0.0,0.0,0.0,0.0,0
133.68,-3.0917,0.933,129.537,0.0,-0.0004,129.537,,,,,,,,,,,,0.0,0.0,0.0,0.0,0
133.7,-3.0917,0.933,129.537,0.0,-0.0004,129.537,,,,,,,,,,,,0.0,0.0,0.0,0.0,0
133.72,-3.0917,0.933,129.537,0.0,-0.0004,129.537,,,,,,,,,,,,0.0,0.0,0.0,0.0,0
133.74,-3.0917,0.933,129.537,0.0,-0.0004,129.537,,,,,,,,,,,,0.0,0.0,0.0,0.0,0
133.76,-3.0917,0.933,129.537,0.0,-0.0004,129.537,,,,,,,,,,,,0.0,0.0,0.0,0.0,0
133.78,-3.0917,0.933,129.537,0.0,-0.0004,129.537,,,,,,,,,,,,0.0,0.0,0.0,0.0,0
133.8,-3.0917,0.933,129.537,0.0,-0.0004,129.537,,,,,,,,,,,,0.0,0.0,0.0,0.0,0
133.82,-3.0917,0.933,129.537,0.0,-0.0004,129.537,,,,,,,,,,,,0.0,0.0,0.0,0.0,0
133.84,-3.0917,0.933,129.537,0.0,-0.0004,129.537,,,,,,,,,,,,0.0,0.0,0.0,0.0,0
133.86,-3.0917,0.933,129.537,0.0,-0.0004,129.537,,,,,,,,,,,,0.0,0.0,0.0,0.0,0
133.88,-3.0917,0.933,129.537,0.0,-0.0004,129.537,,,,,,,,,,,,0.0,0.0,0.0,0.0,0
133.9,-3.0917,0.933,129.537,0.0,-0.0004,129.537,,,,,,,,,,,,0.0,0.0,0.0,0.0,0
133.92,-3.0917,0.933,129.537,0.0,-0.0004,129.537,,,,,,,,,,,,0.0,0.0,0.0,0.0,0
133.94,-3.0917,0.933,129.537,0.0,-0.0004,129.537,,,,,,,,,,,,0.0,0.0,0.0,0.0,0
133.96,-3.0917,0.933,129.537,0.0,-0.0004,129.537,,,,,,,,,,,,0.0,0.0,0.0,0.0,0
133.98,-3.0917,0.933,129.537,0.0,-0.0004,129.537,,,,,,,,,,,,0.0,0.0,0.0,0.0,0
134.0,-3.0917,0.933,129.537,0.0,-0.0004,129.537,,,,,,,,,,,,0.0,0.0,0.0,0.0,0
134.02,-3.0917,0.933,129.537,0.0,-0.0004,129.537,,,,,,,,,,,,0.0,0.0,0.0,0.0,0
134.04,-3.0917,0.933,129.537,0.0,-0.0004,129.537,,,,,,,,,,,,0.0,0.0,0.0,0.0,0
134.06,-3.0917,0.933,129.537,0.0,-0.0004,129.537,,,,,,,,,,,,0.0,0.0,0.0,0.0,0
134.08,-3.0917,0.933,129.537,0.0,-0.0004,129.537,,,,,,,,,,,,0.0,0.0,0.0,0.0,0
134.1,-3.0917,0.933,129.537,0.0,-0.0004,129.537,,,,,,,,,,,,0.0,0.0,0.0,0.0,0
134.12,-3.0917,0.933,129.537,0.0,-0.0004,129.537,,,,,,,,,,,,0.0,0.0,0.0,0.0,0
134.14,-3.0917,0.933,129.537,0.0,-0.0004,129.537,,,,,,,,,,,,0.0,0.0,0.0,0.0,0
134.16,-3.0917,0.933,129.537,0.0,-0.0004,129.537,,,,,,,,,,,,0.0,0.0,0.0,0.0,0
134.18,-3.0917,0.933,129.537,0.0,-0.0004,129.537,,,,,,,,,,,,0.0,0.0,0.0,0.0,0
134.2,-3.0917,0.933,129.537,0.0,-0.0004,129.537,,,,,,,,,,,,0.0,0.0,0.0,0.0,0
134.22,-3.0917,0.933,129.537,0.0,-0.0004,129.537,,,,,,,,,,,,0.0,0.0,0.0,0.0,0
134.24,-3.0917,0.933,129.537,0.0,-0.0004,129.537,,,,,,,,,,,,0.0,0.0,0.0,0.0,0
134.26,-3.0917,0.933,129.537,0.0,-0.0004,129.537,,,,,,,,,,,,0.0,0.0,0.0,0.0,0
134.28,-3.0917,0.933,129.537,0.0,-0.0004,129.537,,,,,,,,,,,,0.0,0.0,0.0,0.0,0
134.3,-3.0917,0.933,129.537,0.0,-0.0004,129.537,,,,,,,,,,,,0.0,0.0,0.0,0.0,0
134.32,-3.0917,0.933,129.537,0.0,-0.0004,129.537,,,,,,,,,,,,0.0,0.0,0.0,0.0,0
134.34,-3.0917,0.933,129.537,0.0,-0.0004,129.537,,,,,,,,,,,,0.0,0.0,0.0,0.0,0
134.36,-3.0917,0.933,129.537,0.0,-0.0004,129.537,,,,,,,,,,,,0.0,0.0,0.0,0.0,0
134.38,-3.0917,0.933,129.537,0.0,-0.0004,129.537,,,,,,,,,,,,0.0,0.0,0.0,0.0,0
134.4,-3.0917,0.933,129.537,0.0,-0.0004,129.537,,,,,,,,,,,,0.0,0.0,0.0,0.0,0
134.42,-3.0917,0.933,129.537,0.0,-0.0004,129.537,,,,,,,,,,,,0.0,0.0,0.0,0.0,0
134.44,-3.0917,0.933,129.537,0.0,-0.0004,129.537,,,,,,,,,,,,0.0,0.0,0.0,0.0,0
134.46,-3.0917,0.933,129.537,0.0,-0.0004,129.537,,,,,,,,,,,,0.0,0.0,0.0,0.0,0
134.48,-3.0917,0.933,129.537,0.0,-0.0004,129.537,,,,,,,,,,,,0.0,0.0,0.0,0.0,0
134.5,-3.0917,0.933,129.537,0.0,-0.0004,129.537,,,,,,,,,,,,0.0,0.0,0.0,0.0,0
134.52,-3.0917,0.933,129.537,0.0,-0.0004,129.537,,,,,,,,,,,,0.0,0.0,0.0,0.0,0
134.54,-3.0917,0.933,129.537,0.0,-0.0004,129.537,,,,,,,,,,,,0.0,0.0,0.0,0.0,0
134.56,-3.0917,0.933,129.537,0.0,-0.0004,129.537,,,,,,,,,,,,0.0,0.0,0.0,0.0,0
134.58,-3.0917,0.933,129.537,0.0,-0.0004,129.537,,,,,,,,,,,,0.0,0.0,0.0,0.0,0
134.6,-3.0917,0.933,129.537,0.0,-0.0004,129.537,,,,,,,,,,,,0.0,0.0,0.0,0.0,0
134.62,-3.0917,0.933,129.537,0.0,-0.0004,129.537,,,,,,,,,,,,0.0,0.0,0.0,0.0,0
134.64,-3.0917,0.933,129.537,0.0,-0.0004,129.537,,,,,,,,,,,,0.0,0.0,0.0,0.0,0
134.66,-3.0917,0.933,129.537,0.0,-0.0004,129.537,,,,,,,,,,,,0.0,0.0,0.0,0.0,0
134.68,-3.0917,0.933,129.537,0.0,-0.0004,129.537,,,,,,,,,,,,0.0,0.0,0.0,0.0,0
134.7,-3.0917,0.933,129.537,0.0,-0.0004,129.537,,,,,,,,,,,,0.0,0.0,0.0,0.0,0
134.72,-3.0917,0.933,129.537,0.0,-0.0004,129.537,,,,,,,,,,,,0.0,0.0,0.0,0.0,0
134.74,-3.0917,0.933,129.537,0.0,-0.0004,129.537,,,,,,,,,,,,0.0,0.0,0.0,0.0,0
134.76,-3.0917,0.933,129.537,0.0,-0.0004,129.537,,,,,,,,,,,,0.0,0.0,0.0,0.0,0
134.78,-3.0917,0.933,129.537,0.0,-0.0004,129.537,,,,,,,,,,,,0.0,0.0,0.0,0.0,0
134.8,-3.0917,0.933,129.537,0.0,-0.0004,129.537,,,,,,,,,,,,0.0,0.0,0.0,0.0,0
134.82,-3.0917,0.933,129.537,0.0,-0.0004,129.537,,,,,,,,,,,,0.0,0.0,0.0,0.0,0
134.84,-3.0917,0.933,129.537,0.0,-0.0004,129.537,,,,,,,,,,,,0.0,0.0,0.0,0.0,0
134.86,-3.0917,0.933,129.537,0.0,-0.0004,129.537,,,,,,,,,,,,0.0,0.0,0.0,0.0,0
134.88,-3.0917,0.933,129.537,0.0,-0.0004,129.537,,,,,,,,,,,,0.0,0.0,0.0,0.0,0
134.9,-3.0917,0.933,129.537,0.0,-0.0004,129.537,,,,,,,,,,,,0.0,0.0,0.0,0.0,0
134.92,-3.0917,0.933,129.537,0.0,-0.0004,129.537,,,,,,,,,,,,0.0,0.0,0.0,0.0,0
134.94,-3.0917,0.933,129.537,0.0,-0.0004,129.537,,,,,,,,,,,,0.0,0.0,0.0,0.0,0
134.96,-3.0917,0.933,129.537,0.0,-0.0004,129.537,,,,,,,,,,,,0.0,0.0,0.0,0.0,0
134.98,-3.0917,0.933,129.537,0.0,-0.0004,129.537,,,,,,,,,,,,0.0,0.0,0.0,0.0,0
135.0,-3.0917,0.933,129.537,0.0,-0.0004,129.537,,,,,,,,,,,,0.0,0.0,0.0,0.0,0
135.02,-3.0917,0.933,129.537,0.0,-0.0004,129.537,,,,,,,,,,,,0.0,0.0,0.0,0.0,0
135.04,-3.0917,0.933,129.537,0.0,-0.0004,129.537,,,,,,,,,,,,0.0,0.0,0.0,0.0,0
135.06,-3.0917,0.933,129.537,0.0,-0.0004,129.537,,,,,,,,,,,,0.0,0.0,0.0,0.0,0
135.08,-3.0917,0.933,129.537,0.0,-0.0004,129.537,,,,,,,,,,,,0.0,0.0,0.0,0.0,0
135.1,-3.0917,0.933,129.537,0.0,-0.0004,129.537,,,,,,,,,,,,0.0,0.0,0.0,0.0,0
135.12,-3.0917,0.933,129.537,0.0,-0.0004,129.537,,,,,,,,,,,,0.0,0.0,0.0,0.0,0
135.14,-3.0917,0.933,129.537,0.0,-0.0004,129.537,,,,,,,,,,,,0.0,0.0,0.0,0.0,0
135.16,-3.0917,0.933,129.537,0.0,-0.0004,129.537,,,,,,,,,,,,0.0,0.0,0.0,0.0,0
135.18,-3.0917,0.933,129.537,0.0,-0.0004,129.537,,,,,,,,,,,,0.0,0.0,0.0,0.0,0
135.2,-3.0917,0.933,129.537,0.0,-0.0004,129.537,,,,,,,,,,,,0.0,0.0,0.0,0.0,0
135.22,-3.0917,0.933,129.537,0.0,-0.0004,129.537,,,,,,,,,,,,0.0,0.0,0.0,0.0,0
135.24,-3.0917,0.933,129.537,0.0,-0.0004,129.537,,,,,,,,,,,,0.0,0.0,0.0,0.0,0
135.26,-3.0917,0.933,129.537,0.0,-0.0004,129.537,,,,,,,,,,,,0.0,0.0,0.0,0.0,0
135.28,-3.0917,0.933,129.537,0.0,-0.0004,129.537,,,,,,,,,,,,0.0,0.0,0.0,0.0,0
135.3,-3.0917,0.933,129.537,0.0,-0.0004,129.537,,,,,,,,,,,,0.0,0.0,0.0,0.0,0
135.32,-3.0917,0.933,129.537,0.0,-0.0004,129.537,,,,,,,,,,,,0.0,0.0,0.0,0.0,0
135.34,-3.0917,0.933,129.537,0.0,-0.0004,129.537,,,,,,,,,,,,0.0,0.0,0.0,0.0,0
135.36,-3.0917,0.933,129.537,0.0,-0.0004,129.537,,,,,,,,,,,,0.0,0.0,0.0,0.0,0
135.38,-3.0917,0.933,129.537,0.0,-0.0004,129.537,,,,,,,,,,,,0.0,0.0,0.0,0.0,0
135.4,-3.0917,0.933,129.537,0.0,-0.0004,129.537,,,,,,,,,,,,0.0,0.0,0.0,0.0,0
135.42,-3.0917,0.933,129.537,0.0,-0.0004,129.537,,,,,,,,,,,,0.0,0.0,0.0,0.0,0
135.44,-3.0917,0.933,129.537,0.0,-0.0004,129.537,,,,,,,,,,,,0.0,0.0,0.0,0.0,0
135.46,-3.0917,0.933,129.537,0.0,-0.0004,129.537,,,,,,,,,,,,0.0,0.0,0.0,0.0,0
135.48,-3.0917,0.933,129.537,0.0,-0.0004,129.537,,,,,,,,,,,,0.0,0.0,0.0,0.0,0
135.5,-3.0917,0.933,129.537,0.0,-0.0004,129.537,,,,,,,,,,,,0.0,0.0,0.0,0.0,0
135.52,-3.0917,0.933,129.537,0.0,-0.0004,129.537,,,,,,,,,,,,0.0,0.0,0.0,0.0,0
135.54,-3.0917,0.933,129.537,0.0,-0.0004,129.537,,,,,,,,,,,,0.0,0.0,0.0,0.0,0
135.56,-3.0917,0.933,129.537,0.0,-0.0004,129.537,,,,,,,,,,,,0.0,0.0,0.0,0.0,0
135.58,-3.0917,0.933,129.537,0.0,-0.0004,129.537,,,,,,,,,,,,0.0,0.0,0.0,0.0,0
135.6,-3.0917,0.933,129.537,0.0,-0.0004,129.537,,,,,,,,,,,,0.0,0.0,0.0,0.0,0
135.62,-3.0917,0.933,129.537,0.0,-0.0004,129.537,,,,,,,,,,,,0.0,0.0,0.0,0.0,0
135.64,-3.0917,0.933,129.537,0.0,-0.0004,129.537,,,,,,,,,,,,0.0,0.0,0.0,0.0,0
135.66,-3.0917,0.933,129.537,0.0,-0.0004,129.537,,,,,,,,,,,,0.0,0.0,0.0,0.0,0
135.68,-3.0917,0.933,129.537,0.0,-0.0004,129.537,,,,,,,,,,,,0.0,0.0,0.0,0.0,0
135.7,-3.0917,0.933,129.537,0.0,-0.0004,129.537,,,,,,,,,,,,0.0,0.0,0.0,0.0,0
135.72,-3.0917,0.933,129.537,0.0,-0.0004,129.537,,,,,,,,,,,,0.0,0.0,0.0,0.0,0
135.74,-3.0917,0.933,129.537,0.0,-0.0004,129.537,,,,,,,,,,,,0.0,0.0,0.0,0.0,0
135.76,-3.0917,0.933,129.537,0.0,-0.0004,129.537,,,,,,,,,,,,0.0,0.0,0.0,0.0,0
135.78,-3.0917,0.933,129.537,0.0,-0.0004,129.537,,,,,,,,,,,,0.0,0.0,0.0,0.0,0
135.8,-3.0917,0.933,129.537,0.0,-0.0004,129.537,,,,,,,,,,,,0.0,0.0,0.0,0.0,0
135.82,-3.0917,0.933,129.537,0.0,-0.0004,129.537,,,,,,,,,,,,0.0,0.0,0.0,0.0,0
135.84,-3.0917,0.933,129.537,0.0,-0.0004,129.537,,,,,,,,,,,,0.0,0.0,0.0,0.0,0
135.86,-3.0917,0.933,129.537,0.0,-0.0004,129.537,,,,,,,,,,,,0.0,0.0,0.0,0.0,0
135.88,-3.0917,0.933,129.537,0.0,-0.0004,129.537,,,,,,,,,,,,0.0,0.0,0.0,0.0,0
135.9,-3.0917,0.933,129.537,0.0,-0.0004,129.537,,,,,,,,,,,,0.0,0.0,0.0,0.0,0
135.92,-3.0917,0.933,129.537,0.0,-0.0004,129.537,,,,,,,,,,,,0.0,0.0,0.0,0.0,0
135.94,-3.0917,0.933,129.537,0.0,-0.0004,129.537,,,,,,,,,,,,0.0,0.0,0.0,0.0,0
135.96,-3.0917,0.933,129.537,0.0,-0.0004,129.537,,,,,,,,,,,,0.0,0.0,0.0,0.0,0
135.98,-3.0917,0.933,129.537,0.0,-0.0004,129.537,,,,,,,,,,,,0.0,0.0,0.0,0.0,0
136.0,-3.0917,0.933,129.537,0.0,-0.0004,129.537,,,,,,,,,,,,0.0,0.0,0.0,0.0,0
136.02,-3.0917,0.933,129.537,0.0,-0.0004,129.537,,,,,,,,,,,,0.0,0.0,0.0,0.0,0
136.04,-3.0917,0.933,129.537,0.0,-0.0004,129.537,,,,,,,,,,,,0.0,0.0,0.0,0.0,0
136.06,-3.0917,0.933,129.537,0.0,-0.0004,129.537,,,,,,,,,,,,0.0,0.0,0.0,0.0,0
136.08,-3.0917,0.933,129.537,0.0,-0.0004,129.537,,,,,,,,,,,,0.0,0.0,0.0,0.0,0
136.1,-3.0917,0.933,129.537,0.0,-0.0004,129.537,,,,,,,,,,,,0.0,0.0,0.0,0.0,0
136.12,-3.0917,0.933,129.537,0.0,-0.0004,129.537,,,,,,,,,,,,0.0,0.0,0.0,0.0,0
136.14,-3.0917,0.933,129.537,0.0,-0.0004,129.537,,,,,,,,,,,,0.0,0.0,0.0,0.0,0
136.16,-3.0917,0.933,129.537,0.0,-0.0004,129.537,,,,,,,,,,,,0.0,0.0,0.0,0.0,0
136.18,-3.0917,0.933,129.537,0.0,-0.0004,129.537,,,,,,,,,,,,0.0,0.0,0.0,0.0,0
136.2,-3.0917,0.933,129.537,0.0,-0.0004,129.537,,,,,,,,,,,,0.0,0.0,0.0,0.0,0
136.22,-3.0917,0.933,129.537,0.0,-0.0004,129.537,,,,,,,,,,,,0.0,0.0,0.0,0.0,0
136.24,-3.0917,0.933,129.537,0.0,-0.0004,129.537,,,,,,,,,,,,0.0,0.0,0.0,0.0,0
136.26,-3.0917,0.933,129.537,0.0,-0.0004,129.537,,,,,,,,,,,,0.0,0.0,0.0,0.0,0
136.28,-3.0917,0.933,129.537,0.0,-0.0004,129.537,,,,,,,,,,,,0.0,0.0,0.0,0.0,0
136.3,-3.0917,0.933,129.537,0.0,-0.0004,129.537,,,,,,,,,,,,0.0,0.0,0.0,0.0,0
136.32,-3.0917,0.933,129.537,0.0,-0.0004,129.537,,,,,,,,,,,,0.0,0.0,0.0,0.0,0
136.34,-3.0917,0.933,129.537,0.0,-0.0004,129.537,,,,,,,,,,,,0.0,0.0,0.0,0.0,0
136.36,-3.0917,0.933,129.537,0.0,-0.0004,129.537,,,,,,,,,,,,0.0,0.0,0.0,0.0,0
136.38,-3.0917,0.933,129.537,0.0,-0.0004,129.537,,,,,,,,,,,,0.0,0.0,0.0,0.0,0
136.4,-3.0917,0.933,129.537,0.0,-0.0004,129.537,,,,,,,,,,,,0.0,0.0,0.0,0.0,0
136.42,-3.0917,0.933,129.537,0.0,-0.0004,129.537,,,,,,,,,,,,0.0,0.0,0.0,0.0,0
136.44,-3.0917,0.933,129.537,0.0,-0.0004,129.537,,,,,,,,,,,,0.0,0.0,0.0,0.0,0
136.46,-3.0917,0.933,129.537,0.0,-0.0004,129.537,,,,,,,,,,,,0.0,0.0,0.0,0.0,0
136.48,-3.0917,0.933,129.537,0.0,-0.0004,129.537,,,,,,,,,,,,0.0,0.0,0.0,0.0,0
136.5,-3.0917,0.933,129.537,0.0,-0.0004,129.537,,,,,,,,,,,,0.0,0.0,0.0,0.0,0
136.52,-3.0917,0.933,129.537,0.0,-0.0004,129.537,,,,,,,,,,,,0.0,0.0,0.0,0.0,0
136.54,-3.0917,0.933,129.537,0.0,-0.0004,129.537,,,,,,,,,,,,0.0,0.0,0.0,0.0,0
136.56,-3.0917,0.933,129.537,0.0,-0.0004,129.537,,,,,,,,,,,,0.0,0.0,0.0,0.0,0
136.58,-3.0917,0.933,129.537,0.0,-0.0004,129.537,,,,,,,,,,,,0.0,0.0,0.0,0.0,0
136.6,-3.0917,0.933,129.537,0.0,-0.0004,129.537,,,,,,,,,,,,0.0,0.0,0.0,0.0,0
136.62,-3.0917,0.933,129.537,0.0,-0.0004,129.537,,,,,,,,,,,,0.0,0.0,0.0,0.0,0
136.64,-3.0917,0.933,129.537,0.0,-0.0004,129.537,,,,,,,,,,,,0.0,0.0,0.0,0.0,0
136.66,-3.0917,0.933,129.537,0.0,-0.0004,129.537,,,,,,,,,,,,0.0,0.0,0.0,0.0,0
136.68,-3.0917,0.933,129.537,0.0,-0.0004,129.537,,,,,,,,,,,,0.0,0.0,0.0,0.0,0
136.7,-3.0917,0.933,129.537,0.0,-0.0004,129.537,,,,,,,,,,,,0.0,0.0,0.0,0.0,0
136.72,-3.0917,0.933,129.537,0.0,-0.0004,129.537,,,,,,,,,,,,0.0,0.0,0.0,0.0,0
136.74,-3.0917,0.933,129.537,0.0,-0.0004,129.537,,,,,,,,,,,,0.0,0.0,0.0,0.0,0
136.76,-3.0917,0.933,129.537,0.0,-0.0004,129.537,,,,,,,,,,,,0.0,0.0,0.0,0.0,0
136.78,-3.0917,0.933,129.537,0.0,-0.0004,129.537,,,,,,,,,,,,0.0,0.0,0.0,0.0,0
136.8,-3.0917,0.933,129.537,0.0,-0.0004,129.537,,,,,,,,,,,,0.0,0.0,0.0,0.0,0
136.82,-3.0917,0.933,129.537,0.0,-0.0004,129.537,,,,,,,,,,,,0.0,0.0,0.0,0.0,0
136.84,-3.0917,0.933,129.537,0.0,-0.0004,129.537,,,,,,,,,,,,0.0,0.0,0.0,0.0,0
136.86,-3.0917,0.933,129.537,0.0,-0.0004,129.537,,,,,,,,,,,,0.0,0.0,0.0,0.0,0
136.88,-3.0917,0.933,129.537,0.0,-0.0004,129.537,,,,,,,,,,,,0.0,0.0,0.0,0.0,0
136.9,-3.0917,0.933,129.537,0.0,-0.0004,129.537,,,,,,,,,,,,0.0,0.0,0.0,0.0,0
136.92,-3.0917,0.933,129.537,0.0,-0.0004,129.537,,,,,,,,,,,,0.0,0.0,0.0,0.0,0
136.94,-3.0917,0.933,129.537,0.0,-0.0004,129.537,,,,,,,,,,,,0.0,0.0,0.0,0.0,0
136.96,-3.0917,0.933,129.537,0.0,-0.0004,129.537,,,,,,,,,,,,0.0,0.0,0.0,0.0,0
136.98,-3.0917,0.933,129.537,0.0,-0.0004,129.537,,,,,,,,,,,,0.0,0.0,0.0,0.0,0
137.0,-3.0917,0.933,129.537,0.0,-0.0004,129.537,,,,,,,,,,,,0.0,0.0,0.0,0.0,0
137.02,-3.0917,0.933,129.537,0.0,-0.0004,129.537,,,,,,,,,,,,0.0,0.0,0.0,0.0,0
137.04,-3.0917,0.933,129.537,0.0,-0.0004,129.537,,,,,,,,,,,,0.0,0.0,0.0,0.0,0
137.06,-3.0917,0.933,129.537,0.0,-0.0004,129.537,,,,,,,,,,,,0.0,0.0,0.0,0.0,0
137.08,-3.0917,0.933,129.537,0.0,-0.0004,129.537,,,,,,,,,,,,0.0,0.0,0.0,0.0,0
137.1,-3.0917,0.933,129.537,0.0,-0.0004,129.537,,,,,,,,,,,,0.0,0.0,0.0,0.0,0
137.12,-3.0917,0.933,129.537,0.0,-0.0004,129.537,,,,,,,,,,,,0.0,0.0,0.0,0.0,0
137.14,-3.0917,0.933,129.537,0.0,-0.0004,129.537,,,,,,,,,,,,0.0,0.0,0.0,0.0,0
137.16,-3.0917,0.933,129.537,0.0,-0.0004,129.537,,,,,,,,,,,,0.0,0.0,0.0,0.0,0
137.18,-3.0917,0.933,129.537,0.0,-0.0004,129.537,,,,,,,,,,,,0.0,0.0,0.0,0.0,0
137.2,-3.0917,0.933,129.537,0.0,-0.0004,129.537,,,,,,,,,,,,0.0,0.0,0.0,0.0,0
137.22,-3.0917,0.933,129.537,0.0,-0.0004,129.537,,,,,,,,,,,,0.0,0.0,0.0,0.0,0
137.24,-3.0917,0.933,129.537,0.0,-0.0004,129.537,,,,,,,,,,,,0.0,0.0,0.0,0.0,0
137.26,-3.0917,0.933,129.537,0.0,-0.0004,129.537,,,,,,,,,,,,0.0,0.0,0.0,0.0,0
137.28,-3.0917,0.933,129.537,0.0,-0.0004,129.537,,,,,,,,,,,,0.0,0.0,0.0,0.0,0
137.3,-3.0917,0.933,129.537,0.0,-0.0004,129.537,,,,,,,,,,,,0.0,0.0,0.0,0.0,0
137.32,-3.0917,0.933,129.537,0.0,-0.0004,129.537,,,,,,,,,,,,0.0,0.0,0.0,0.0,0
137.34,-3.0917,0.933,129.537,0.0,-0.0004,129.537,,,,,,,,,,,,0.0,0.0,0.0,0.0,0
137.36,-3.0917,0.933,129.537,0.0,-0.0004,129.537,,,,,,,,,,,,0.0,0.0,0.0,0.0,0
137.38,-3.0917,0.933,129.537,0.0,-0.0004,129.537,,,,,,,,,,,,0.0,0.0,0.0,0.0,0
137.4,-3.0917,0.933,129.537,0.0,-0.0004,129.537,,,,,,,,,,,,0.0,0.0,0.0,0.0,0
137.42,-3.0917,0.933,129.537,0.0,-0.0004,129.537,,,,,,,,,,,,0.0,0.0,0.0,0.0,0
137.44,-3.0917,0.933,129.537,0.0,-0.0004,129.537,,,,,,,,,,,,0.0,0.0,0.0,0.0,0
137.46,-3.0917,0.933,129.537,0.0,-0.0004,129.537,,,,,,,,,,,,0.0,0.0,0.0,0.0,0
137.48,-3.0917,0.933,129.537,0.0,-0.0004,129.537,,,,,,,,,,,,0.0,0.0,0.0,0.0,0
137.5,-3.0917,0.933,129.537,0.0,-0.0004,129.537,,,,,,,,,,,,0.0,0.0,0.0,0.0,0
137.52,-3.0917,0.933,129.537,0.0,-0.0004,129.537,,,,,,,,,,,,0.0,0.0,0.0,0.0,0
137.54,-3.0917,0.933,129.537,0.0,-0.0004,129.537,,,,,,,,,,,,0.0,0.0,0.0,0.0,0
137.56,-3.0917,0.933,129.537,0.0,-0.0004,129.537,,,,,,,,,,,,0.0,0.0,0.0,0.0,0
137.58,-3.0917,0.933,129.537,0.0,-0.0004,129.537,,,,,,,,,,,,0.0,0.0,0.0,0.0,0
137.6,-3.0917,0.933,129.537,0.0,-0.0004,129.537,,,,,,,,,,,,0.0,0.0,0.0,0.0,0
137.62,-3.0917,0.933,129.537,0.0,-0.0004,129.537,,,,,,,,,,,,0.0,0.0,0.0,0.0,0
137.64,-3.0917,0.933,129.537,0.0,-0.0004,129.537,,,,,,,,,,,,0.0,0.0,0.0,0.0,0
137.66,-3.0917,0.933,129.537,0.0,-0.0004,129.537,,,,,,,,,,,,0.0,0.0,0.0,0.0,0
137.68,-3.0917,0.933,129.537,0.0,-0.0004,129.537,,,,,,,,,,,,0.0,0.0,0.0,0.0,0
137.7,-3.0917,0.933,129.537,0.0,-0.0004,129.537,,,,,,,,,,,,0.0,0.0,0.0,0.0,0
137.72,-3.0917,0.933,129.537,0.0,-0.0004,129.537,,,,,,,,,,,,0.0,0.0,0.0,0.0,0
137.74,-3.0917,0.933,129.537,0.0,-0.0004,129.537,,,,,,,,,,,,0.0,0.0,0.0,0.0,0
137.76,-3.0917,0.933,129.537,0.0,-0.0004,129.537,,,,,,,,,,,,0.0,0.0,0.0,0.0,0
137.78,-3.0917,0.933,129.537,0.0,-0.0004,129.537,,,,,,,,,,,,0.0,0.0,0.0,0.0,0
137.8,-3.0917,0.933,129.537,0.0,-0.0004,129.537,,,,,,,,,,,,0.0,0.0,0.0,0.0,0
137.82,-3.0917,0.933,129.537,0.0,-0.0004,129.537,,,,,,,,,,,,0.0,0.0,0.0,0.0,0
137.84,-3.0917,0.933,129.537,0.0,-0.0004,129.537,,,,,,,,,,,,0.0,0.0,0.0,0.0,0
137.86,-3.0917,0.933,129.537,0.0,-0.0004,129.537,,,,,,,,,,,,0.0,0.0,0.0,0.0,0
137.88,-3.0917,0.933,129.537,0.0,-0.0004,129.537,,,,,,,,,,,,0.0,0.0,0.0,0.0,0
137.9,-3.0917,0.933,129.537,0.0,-0.0004,129.537,,,,,,,,,,,,0.0,0.0,0.0,0.0,0
137.92,-3.0917,0.933,129.537,0.0,-0.0004,129.537,,,,,,,,,,,,0.0,0.0,0.0,0.0,0
137.94,-3.0917,0.933,129.537,0.0,-0.0004,129.537,,,,,,,,,,,,0.0,0.0,0.0,0.0,0
137.96,-3.0917,0.933,129.537,0.0,-0.0004,129.537,,,,,,,,,,,,0.0,0.0,0.0,0.0,0
137.98,-3.0917,0.933,129.537,0.0,-0.0004,129.537,,,,,,,,,,,,0.0,0.0,0.0,0.0,0
138.0,-3.0917,0.933,129.537,0.0,-0.0004,129.537,,,,,,,,,,,,0.0,0.0,0.0,0.0,0
138.02,-3.0917,0.933,129.537,0.0,-0.0004,129.537,,,,,,,,,,,,0.0,0.0,0.0,0.0,0
138.04,-3.0917,0.933,129.537,0.0,-0.0004,129.537,,,,,,,,,,,,0.0,0.0,0.0,0.0,0
138.06,-3.0917,0.933,129.537,0.0,-0.0004,129.537,,,,,,,,,,,,0.0,0.0,0.0,0.0,0
138.08,-3.0917,0.933,129.537,0.0,-0.0004,129.537,,,,,,,,,,,,0.0,0.0,0.0,0.0,0
138.1,-3.0917,0.933,129.537,0.0,-0.0004,129.537,,,,,,,,,,,,0.0,0.0,0.0,0.0,0
138.12,-3.0917,0.933,129.537,0.0,-0.0004,129.537,,,,,,,,,,,,0.0,0.0,0.0,0.0,0
138.14,-3.0917,0.933,129.537,0.0,-0.0004,129.537,,,,,,,,,,,,0.0,0.0,0.0,0.0,0
138.16,-3.0917,0.933,129.537,0.0,-0.0004,129.537,,,,,,,,,,,,0.0,0.0,0.0,0.0,0
138.18,-3.0917,0.933,129.537,0.0,-0.0004,129.537,,,,,,,,,,,,0.0,0.0,0.0,0.0,0
138.2,-3.0917,0.933,129.537,0.0,-0.0004,129.537,,,,,,,,,,,,0.0,0.0,0.0,0.0,0
138.22,-3.0917,0.933,129.537,0.0,-0.0004,129.537,,,,,,,,,,,,0.0,0.0,0.0,0.0,0
138.24,-3.0917,0.933,129.537,0.0,-0.0004,129.537,,,,,,,,,,,,0.0,0.0,0.0,0.0,0
138.26,-3.0917,0.933,129.537,0.0,-0.0004,129.537,,,,,,,,,,,,0.0,0.0,0.0,0.0,0
138.28,-3.0917,0.933,129.537,0.0,-0.0004,129.537,,,,,,,,,,,,0.0,0.0,0.0,0.0,0
138.3,-3.0917,0.933,129.537,0.0,-0.0004,129.537,,,,,,,,,,,,0.0,0.0,0.0,0.0,0
138.32,-3.0917,0.933,129.537,0.0,-0.0004,129.537,,,,,,,,,,,,0.0,0.0,0.0,0.0,0
138.34,-3.0917,0.933,129.537,0.0,-0.0004,129.537,,,,,,,,,,,,0.0,0.0,0.0,0.0,0
138.36,-3.0917,0.933,129.537,0.0,-0.0004,129.537,,,,,,,,,,,,0.0,0.0,0.0,0.0,0
138.38,-3.0917,0.933,129.537,0.0,-0.0004,129.537,,,,,,,,,,,,0.0,0.0,0.0,0.0,0
138.4,-3.0917,0.933,129.537,0.0,-0.0004,129.537,,,,,,,,,,,,0.0,0.0,0.0,0.0,0
138.42,-3.0917,0.933,129.537,0.0,-0.0004,129.537,,,,,,,,,,,,0.0,0.0,0.0,0.0,0
138.44,-3.0917,0.933,129.537,0.0,-0.0004,129.537,,,,,,,,,,,,0.0,0.0,0.0,0.0,0
138.46,-3.0917,0.933,129.537,0.0,-0.0004,129.537,,,,,,,,,,,,0.0,0.0,0.0,0.0,0
138.48,-3.0917,0.933,129.537,0.0,-0.0004,129.537,,,,,,,,,,,,0.0,0.0,0.0,0.0,0
138.5,-3.0917,0.933,129.537,0.0,-0.0004,129.537,,,,,,,,,,,,0.0,0.0,0.0,0.0,0
138.52,-3.0917,0.933,129.537,0.0,-0.0004,129.537,,,,,,,,,,,,0.0,0.0,0.0,0.0,0
138.54,-3.0917,0.933,129.537,0.0,-0.0004,129.537,,,,,,,,,,,,0.0,0.0,0.0,0.0,0
138.56,-3.0917,0.933,129.537,0.0,-0.0004,129.537,,,,,,,,,,,,0.0,0.0,0.0,0.0,0
138.58,-3.0917,0.933,129.537,0.0,-0.0004,129.537,,,,,,,,,,,,0.0,0.0,0.0,0.0,0
138.6,-3.0917,0.933,129.537,0.0,-0.0004,129.537,,,,,,,,,,,,0.0,0.0,0.0,0.0,0
138.62,-3.0917,0.933,129.537,0.0,-0.0004,129.537,,,,,,,,,,,,0.0,0.0,0.0,0.0,0
138.64,-3.0917,0.933,129.537,0.0,-0.0004,129.537,,,,,,,,,,,,0.0,0.0,0.0,0.0,0
138.66,-3.0917,0.933,129.537,0.0,-0.0004,129.537,,,,,,,,,,,,0.0,0.0,0.0,0.0,0
138.68,-3.0917,0.933,129.537,0.0,-0.0004,129.537,,,,,,,,,,,,0.0,0.0,0.0,0.0,0
138.7,-3.0917,0.933,129.537,0.0,-0.0004,129.537,,,,,,,,,,,,0.0,0.0,0.0,0.0,0
138.72,-3.0917,0.933,129.537,0.0,-0.0004,129.537,,,,,,,,,,,,0.0,0.0,0.0,0.0,0
138.74,-3.0917,0.933,129.537,0.0,-0.0004,129.537,,,,,,,,,,,,0.0,0.0,0.0,0.0,0
138.76,-3.0917,0.933,129.537,0.0,-0.0004,129.537,,,,,,,,,,,,0.0,0.0,0.0,0.0,0
138.78,-3.0917,0.933,129.537,0.0,-0.0004,129.537,,,,,,,,,,,,0.0,0.0,0.0,0.0,0
138.8,-3.0917,0.933,129.537,0.0,-0.0004,129.537,,,,,,,,,,,,0.0,0.0,0.0,0.0,0
138.82,-3.0917,0.933,129.537,0.0,-0.0004,129.537,,,,,,,,,,,,0.0,0.0,0.0,0.0,0
138.84,-3.0917,0.933,129.537,0.0,-0.0004,129.537,,,,,,,,,,,,0.0,0.0,0.0,0.0,0
138.86,-3.0917,0.933,129.537,0.0,-0.0004,129.537,,,,,,,,,,,,0.0,0.0,0.0,0.0,0
138.88,-3.0917,0.933,129.537,0.0,-0.0004,129.537,,,,,,,,,,,,0.0,0.0,0.0,0.0,0
138.9,-3.0917,0.933,129.537,0.0,-0.0004,129.537,,,,,,,,,,,,0.0,0.0,0.0,0.0,0
138.92,-3.0917,0.933,129.537,0.0,-0.0004,129.537,,,,,,,,,,,,0.0,0.0,0.0,0.0,0
138.94,-3.0917,0.933,129.537,0.0,-0.0004,129.537,,,,,,,,,,,,0.0,0.0,0.0,0.0,0
138.96,-3.0917,0.933,129.537,0.0,-0.0004,129.537,,,,,,,,,,,,0.0,0.0,0.0,0.0,0
138.98,-3.0917,0.933,129.537,0.0,-0.0004,129.537,,,,,,,,,,,,0.0,0.0,0.0,0.0,0
139.0,-3.0917,0.933,129.537,0.0,-0.0004,129.537,,,,,,,,,,,,0.0,0.0,0.0,0.0,0
139.02,-3.0917,0.933,129.537,0.0,-0.0004,129.537,,,,,,,,,,,,0.0,0.0,0.0,0.0,0
139.04,-3.0917,0.933,129.537,0.0,-0.0004,129.537,,,,,,,,,,,,0.0,0.0,0.0,0.0,0
139.06,-3.0917,0.933,129.537,0.0,-0.0004,129.537,,,,,,,,,,,,0.0,0.0,0.0,0.0,0
139.08,-3.0917,0.933,129.537,0.0,-0.0004,129.537,,,,,,,,,,,,0.0,0.0,0.0,0.0,0
139.1,-3.0917,0.933,129.537,0.0,-0.0004,129.537,,,,,,,,,,,,0.0,0.0,0.0,0.0,0
139.12,-3.0917,0.933,129.537,0.0,-0.0004,129.537,,,,,,,,,,,,0.0,0.0,0.0,0.0,0
139.14,-3.0917,0.933,129.537,0.0,-0.0004,129.537,,,,,,,,,,,,0.0,0.0,0.0,0.0,0
139.16,-3.0917,0.933,129.537,0.0,-0.0004,129.537,,,,,,,,,,,,0.0,0.0,0.0,0.0,0
139.18,-3.0917,0.933,129.537,0.0,-0.0004,129.537,,,,,,,,,,,,0.0,0.0,0.0,0.0,0
139.2,-3.0917,0.933,129.537,0.0,-0.0004,129.537,,,,,,,,,,,,0.0,0.0,0.0,0.0,0
139.22,-3.0917,0.933,129.537,0.0,-0.0004,129.537,,,,,,,,,,,,0.0,0.0,0.0,0.0,0
139.24,-3.0917,0.933,129.537,0.0,-0.0004,129.537,,,,,,,,,,,,0.0,0.0,0.0,0.0,0
139.26,-3.0917,0.933,129.537,0.0,-0.0004,129.537,,,,,,,,,,,,0.0,0.0,0.0,0.0,0
139.28,-3.0917,0.933,129.537,0.0,-0.0004,129.537,,,,,,,,,,,,0.0,0.0,0.0,0.0,0
139.3,-3.0917,0.933,129.537,0.0,-0.0004,129.537,,,,,,,,,,,,0.0,0.0,0.0,0.0,0
139.32,-3.0917,0.933,129.537,0.0,-0.0004,129.537,,,,,,,,,,,,0.0,0.0,0.0,0.0,0
139.34,-3.0917,0.933,129.537,0.0,-0.0004,129.537,,,,,,,,,,,,0.0,0.0,0.0,0.0,0
139.36,-3.0917,0.933,129.537,0.0,-0.0004,129.537,,,,,,,,,,,,0.0,0.0,0.0,0.0,0
139.38,-3.0917,0.933,129.537,0.0,-0.0004,129.537,,,,,,,,,,,,0.0,0.0,0.0,0.0,0
139.4,-3.0917,0.933,129.537,0.0,-0.0004,129.537,,,,,,,,,,,,0.0,0.0,0.0,0.0,0
139.42,-3.0917,0.933,129.537,0.0,-0.0004,129.537,,,,,,,,,,,,0.0,0.0,0.0,0.0,0
139.44,-3.0917,0.933,129.537,0.0,-0.0004,129.537,,,,,,,,,,,,0.0,0.0,0.0,0.0,0
139.46,-3.0917,0.933,129.537,0.0,-0.0004,129.537,,,,,,,,,,,,0.0,0.0,0.0,0.0,0
139.48,-3.0917,0.933,129.537,0.0,-0.0004,129.537,,,,,,,,,,,,0.0,0.0,0.0,0.0,0
139.5,-3.0917,0.933,129.537,0.0,-0.0004,129.537,,,,,,,,,,,,0.0,0.0,0.0,0.0,0
139.52,-3.0917,0.933,129.537,0.0,-0.0004,129.537,,,,,,,,,,,,0.0,0.0,0.0,0.0,0
139.54,-3.0917,0.933,129.537,0.0,-0.0004,129.537,,,,,,,,,,,,0.0,0.0,0.0,0.0,0
139.56,-3.0917,0.933,129.537,0.0,-0.0004,129.537,,,,,,,,,,,,0.0,0.0,0.0,0.0,0
139.58,-3.0917,0.933,129.537,0.0,-0.0004,129.537,,,,,,,,,,,,0.0,0.0,0.0,0.0,0
139.6,-3.0917,0.933,129.537,0.0,-0.0004,129.537,,,,,,,,,,,,0.0,0.0,0.0,0.0,0
139.62,-3.0917,0.933,129.537,0.0,-0.0004,129.537,,,,,,,,,,,,0.0,0.0,0.0,0.0,0
139.64,-3.0917,0.933,129.537,0.0,-0.0004,129.537,,,,,,,,,,,,0.0,0.0,0.0,0.0,0
139.66,-3.0917,0.933,129.537,0.0,-0.0004,129.537,,,,,,,,,,,,0.0,0.0,0.0,0.0,0
139.68,-3.0917,0.933,129.537,0.0,-0.0004,129.537,,,,,,,,,,,,0.0,0.0,0.0,0.0,0
139.7,-3.0917,0.933,129.537,0.0,-0.0004,129.537,,,,,,,,,,,,0.0,0.0,0.0,0.0,0
139.72,-3.0917,0.933,129.537,0.0,-0.0004,129.537,,,,,,,,,,,,0.0,0.0,0.0,0.0,0
139.74,-3.0917,0.933,129.537,0.0,-0.0004,129.537,,,,,,,,,,,,0.0,0.0,0.0,0.0,0
139.76,-3.0917,0.933,129.537,0.0,-0.0004,129.537,,,,,,,,,,,,0.0,0.0,0.0,0.0,0
139.78,-3.0917,0.933,129.537,0.0,-0.0004,129.537,,,,,,,,,,,,0.0,0.0,0.0,0.0,0
139.8,-3.0917,0.933,129.537,0.0,-0.0004,129.537,,,,,,,,,,,,0.0,0.0,0.0,0.0,0
139.82,-3.0917,0.933,129.537,0.0,-0.0004,129.537,,,,,,,,,,,,0.0,0.0,0.0,0.0,0
139.84,-3.0917,0.933,129.537,0.0,-0.0004,129.537,,,,,,,,,,,,0.0,0.0,0.0,0.0,0
139.86,-3.0917,0.933,129.537,0.0,-0.0004,129.537,,,,,,,,,,,,0.0,0.0,0.0,0.0,0
139.88,-3.0917,0.933,129.537,0.0,-0.0004,129.537,,,,,,,,,,,,0.0,0.0,0.0,0.0,0
139.9,-3.0917,0.933,129.537,0.0,-0.0004,129.537,,,,,,,,,,,,0.0,0.0,0.0,0.0,0
139.92,-3.0917,0.933,129.537,0.0,-0.0004,129.537,,,,,,,,,,,,0.0,0.0,0.0,0.0,0
139.94,-3.0917,0.933,129.537,0.0,-0.0004,129.537,,,,,,,,,,,,0.0,0.0,0.0,0.0,0
139.96,-3.0917,0.933,129.537,0.0,-0.0004,129.537,,,,,,,,,,,,0.0,0.0,0.0,0.0,0
139.98,-3.0917,0.933,129.537,0.0,-0.0004,129.537,,,,,,,,,,,,0.0,0.0,0.0,0.0,0
140.0,-3.0917,0.933,129.537,0.0,-0.0004,129.537,,,,,,,,,,,,0.0,0.0,0.0,0.0,0
140.02,-3.0917,0.933,129.537,0.0,-0.0004,129.537,,,,,,,,,,,,0.0,0.0,0.0,0.0,0
140.04,-3.0917,0.933,129.537,0.0,-0.0004,129.537,,,,,,,,,,,,0.0,0.0,0.0,0.0,0
140.06,-3.0917,0.933,129.537,0.0,-0.0004,129.537,,,,,,,,,,,,0.0,0.0,0.0,0.0,0
140.08,-3.0917,0.933,129.537,0.0,-0.0004,129.537,,,,,,,,,,,,0.0,0.0,0.0,0.0,0
140.1,-3.0917,0.933,129.537,0.0,-0.0004,129.537,,,,,,,,,,,,0.0,0.0,0.0,0.0,0
140.12,-3.0917,0.933,129.537,0.0,-0.0004,129.537,,,,,,,,,,,,0.0,0.0,0.0,0.0,0
140.14,-3.0917,0.933,129.537,0.0,-0.0004,129.537,,,,,,,,,,,,0.0,0.0,0.0,0.0,0
140.16,-3.0917,0.933,129.537,0.0,-0.0004,129.537,,,,,,,,,,,,0.0,0.0,0.0,0.0,0
140.18,-3.0917,0.933,129.537,0.0,-0.0004,129.537,,,,,,,,,,,,0.0,0.0,0.0,0.0,0
140.2,-3.0917,0.933,129.537,0.0,-0.0004,129.537,,,,,,,,,,,,0.0,0.0,0.0,0.0,0
140.22,-3.0917,0.933,129.537,0.0,-0.0004,129.537,,,,,,,,,,,,0.0,0.0,0.0,0.0,0
140.24,-3.0917,0.933,129.537,0.0,-0.0004,129.537,,,,,,,,,,,,0.0,0.0,0.0,0.0,0
140.26,-3.0917,0.933,129.537,0.0,-0.0004,129.537,,,,,,,,,,,,0.0,0.0,0.0,0.0,0
140.28,-3.0917,0.933,129.537,0.0,-0.0004,129.537,,,,,,,,,,,,0.0,0.0,0.0,0.0,0
140.3,-3.0917,0.933,129.537,0.0,-0.0004,129.537,,,,,,,,,,,,0.0,0.0,0.0,0.0,0
140.32,-3.0917,0.933,129.537,0.0,-0.0004,129.537,,,,,,,,,,,,0.0,0.0,0.0,0.0,0
140.34,-3.0917,0.933,129.537,0.0,-0.0004,129.537,,,,,,,,,,,,0.0,0.0,0.0,0.0,0
140.36,-3.0917,0.933,129.537,0.0,-0.0004,129.537,,,,,,,,,,,,0.0,0.0,0.0,0.0,0
140.38,-3.0917,0.933,129.537,0.0,-0.0004,129.537,,,,,,,,,,,,0.0,0.0,0.0,0.0,0
140.4,-3.0917,0.933,129.537,0.0,-0.0004,129.537,,,,,,,,,,,,0.0,0.0,0.0,0.0,0
140.42,-3.0917,0.933,129.537,0.0,-0.0004,129.537,,,,,,,,,,,,0.0,0.0,0.0,0.0,0
140.44,-3.0917,0.933,129.537,0.0,-0.0004,129.537,,,,,,,,,,,,0.0,0.0,0.0,0.0,0
140.46,-3.0917,0.933,129.537,0.0,-0.0004,129.537,,,,,,,,,,,,0.0,0.0,0.0,0.0,0
140.48,-3.0917,0.933,129.537,0.0,-0.0004,129.537,,,,,,,,,,,,0.0,0.0,0.0,0.0,0
140.5,-3.0917,0.933,129.537,0.0,-0.0004,129.537,,,,,,,,,,,,0.0,0.0,0.0,0.0,0
140.52,-3.0917,0.933,129.537,0.0,-0.0004,129.537,,,,,,,,,,,,0.0,0.0,0.0,0.0,0
140.54,-3.0917,0.933,129.537,0.0,-0.0004,129.537,,,,,,,,,,,,0.0,0.0,0.0,0.0,0
140.56,-3.0917,0.933,129.537,0.0,-0.0004,129.537,,,,,,,,,,,,0.0,0.0,0.0,0.0,0
140.58,-3.0917,0.933,129.537,0.0,-0.0004,129.537,,,,,,,,,,,,0.0,0.0,0.0,0.0,0
140.6,-3.0917,0.933,129.537,0.0,-0.0004,129.537,,,,,,,,,,,,0.0,0.0,0.0,0.0,0
140.62,-3.0917,0.933,129.537,0.0,-0.0004,129.537,,,,,,,,,,,,0.0,0.0,0.0,0.0,0
140.64,-3.0917,0.933,129.537,0.0,-0.0004,129.537,,,,,,,,,,,,0.0,0.0,0.0,0.0,0
140.66,-3.0917,0.933,129.537,0.0,-0.0004,129.537,,,,,,,,,,,,0.0,0.0,0.0,0.0,0
140.68,-3.0917,0.933,129.537,0.0,-0.0004,129.537,,,,,,,,,,,,0.0,0.0,0.0,0.0,0
140.7,-3.0917,0.933,129.537,0.0,-0.0004,129.537,,,,,,,,,,,,0.0,0.0,0.0,0.0,0
140.72,-3.0917,0.933,129.537,0.0,-0.0004,129.537,,,,,,,,,,,,0.0,0.0,0.0,0.0,0
140.74,-3.0917,0.933,129.537,0.0,-0.0004,129.537,,,,,,,,,,,,0.0,0.0,0.0,0.0,0
140.76,-3.0917,0.933,129.537,0.0,-0.0004,129.537,,,,,,,,,,,,0.0,0.0,0.0,0.0,0
140.78,-3.0917,0.933,129.537,0.0,-0.0004,129.537,,,,,,,,,,,,0.0,0.0,0.0,0.0,0
140.8,-3.0917,0.933,129.537,0.0,-0.0004,129.537,,,,,,,,,,,,0.0,0.0,0.0,0.0,0
140.82,-3.0917,0.933,129.537,0.0,-0.0004,129.537,,,,,,,,,,,,0.0,0.0,0.0,0.0,0
140.84,-3.0917,0.933,129.537,0.0,-0.0004,129.537,,,,,,,,,,,,0.0,0.0,0.0,0.0,0
140.86,-3.0917,0.933,129.537,0.0,-0.0004,129.537,,,,,,,,,,,,0.0,0.0,0.0,0.0,0
140.88,-3.0917,0.933,129.537,0.0,-0.0004,129.537,,,,,,,,,,,,0.0,0.0,0.0,0.0,0
140.9,-3.0917,0.933,129.537,0.0,-0.0004,129.537,,,,,,,,,,,,0.0,0.0,0.0,0.0,0
140.92,-3.0917,0.933,129.537,0.0,-0.0004,129.537,,,,,,,,,,,,0.0,0.0,0.0,0.0,0
140.94,-3.0917,0.933,129.537,0.0,-0.0004,129.537,,,,,,,,,,,,0.0,0.0,0.0,0.0,0
140.96,-3.0917,0.933,129.537,0.0,-0.0004,129.537,,,,,,,,,,,,0.0,0.0,0.0,0.0,0
140.98,-3.0917,0.933,129.537,0.0,-0.0004,129.537,,,,,,,,,,,,0.0,0.0,0.0,0.0,0
141.0,-3.0917,0.933,129.537,0.0,-0.0004,129.537,,,,,,,,,,,,0.0,0.0,0.0,0.0,0
141.02,-3.0917,0.933,129.537,0.0,-0.0004,129.537,,,,,,,,,,,,0.0,0.0,0.0,0.0,0
141.04,-3.0917,0.933,129.537,0.0,-0.0004,129.537,,,,,,,,,,,,0.0,0.0,0.0,0.0,0
141.06,-3.0917,0.933,129.537,0.0,-0.0004,129.537,,,,,,,,,,,,0.0,0.0,0.0,0.0,0
141.08,-3.0917,0.933,129.537,0.0,-0.0004,129.537,,,,,,,,,,,,0.0,0.0,0.0,0.0,0
141.1,-2.9143,0.7943,129.6404,-0.0004,0.0,129.6404,,,,,,,,,,,,0.0,0.0,0.0,0.0,0
141.12,-2.9143,0.7943,129.6404,-0.0004,0.0,129.6404,,,,,,,,,,,,0.0,0.0,0.0,0.0,0
141.14,-2.9143,0.7943,129.6404,-0.0004,0.0,129.6404,,,,,,,,,,,,0.0,0.0,0.0,0.0,0
141.16,-2.9143,0.7943,129.6404,-0.0004,0.0,129.6404,,,,,,,,,,,,0.0,0.0,0.0,0.0,0
141.18,-2.9143,0.7943,129.6404,-0.0004,0.0,129.6404,,,,,,,,,,,,0.0,0.0,0.0,0.0,0
141.2,-2.9143,0.7943,129.6404,-0.0004,0.0,129.6404,,,,,,,,,,,,0.0,0.0,0.0,0.0,0
141.22,-2.9143,0.7943,129.6404,-0.0004,0.0,129.6404,,,,,,,,,,,,0.0,0.0,0.0,0.0,0
141.24,-2.9143,0.7943,129.6404,-0.0004,0.0,129.6404,,,,,,,,,,,,0.0,0.0,0.0,0.0,0
141.26,-2.9143,0.7943,129.6404,-0.0004,0.0,129.6404,,,,,,,,,,,,0.0,0.0,0.0,0.0,0
141.28,-2.9143,0.7943,129.6404,-0.0004,0.0,129.6404,,,,,,,,,,,,0.0,0.0,0.0,0.0,0
141.3,-2.9143,0.7943,129.6404,-0.0004,0.0,129.6404,,,,,,,,,,,,0.0,0.0,0.0,0.0,0
141.32,-2.9143,0.7943,129.6404,-0.0004,0.0,129.6404,,,,,,,,,,,,0.0,0.0,0.0,0.0,0
141.34,-2.9143,0.7943,129.6404,-0.0004,0.0,129.6404,,,,,,,,,,,,0.0,0.0,0.0,0.0,0
141.36,-2.9143,0.7943,129.6404,-0.0004,0.0,129.6404,,,,,,,,,,,,0.0,0.0,0.0,0.0,0
141.38,-2.9143,0.7943,129.6404,-0.0004,0.0,129.6404,,,,,,,,,,,,0.0,0.0,0.0,0.0,0
141.4,-2.9143,0.7943,129.6404,-0.0004,0.0,129.6404,,,,,,,,,,,,0.0,0.0,0.0,0.0,0
141.42,-2.9143,0.7943,129.6404,-0.0004,0.0,129.6404,,,,,,,,,,,,0.0,0.0,0.0,0.0,0
141.44,-2.9143,0.7943,129.6404,-0.0004,0.0,129.6404,,,,,,,,,,,,0.0,0.0,0.0,0.0,0
141.46,-2.9143,0.7943,129.6404,-0.0004,0.0,129.6404,,,,,,,,,,,,0.0,0.0,0.0,0.0,0
141.48,-2.9143,0.7943,129.6404,-0.0004,0.0,129.6404,,,,,,,,,,,,0.0,0.0,0.0,0.0,0
141.5,-2.9143,0.7943,129.6404,-0.0004,0.0,129.6404,,,,,,,,,,,,0.0,0.0,0.0,0.0,0
141.52,-2.9143,0.7943,129.6404,-0.0004,0.0,129.6404,,,,,,,,,,,,0.0,0.0,0.0,0.0,0
141.54,-2.9143,0.7943,129.6404,-0.0004,0.0,129.6404,,,,,,,,,,,,0.0,0.0,0.0,0.0,0
141.56,-2.9143,0.7943,129.6404,-0.0004,0.0,129.6404,,,,,,,,,,,,0.0,0.0,0.0,0.0,0
141.58,-2.9143,0.7943,129.6404,-0.0004,0.0,129.6404,,,,,,,,,,,,0.0,0.0,0.0,0.0,0
141.6,-2.9143,0.7943,129.6404,-0.0004,0.0,129.6404,,,,,,,,,,,,0.0,0.0,0.0,0.0,0
141.62,-2.9143,0.7943,129.6404,-0.0004,0.0,129.6404,,,,,,,,,,,,0.0,0.0,0.0,0.0,0
141.64,-2.9143,0.7943,129.6404,-0.0004,0.0,129.6404,,,,,,,,,,,,0.0,0.0,0.0,0.0,0
141.66,-2.9143,0.7943,129.6404,-0.0004,0.0,129.6404,,,,,,,,,,,,0.0,0.0,0.0,0.0,0
141.68,-2.9143,0.7943,129.6404,-0.0004,0.0,129.6404,,,,,,,,,,,,0.0,0.0,0.0,0.0,0
141.7,-2.9143,0.7943,129.6404,-0.0004,0.0,129.6404,,,,,,,,,,,,0.0,0.0,0.0,0.0,0
141.72,-2.9143,0.7943,129.6404,-0.0004,0.0,129.6404,,,,,,,,,,,,0.0,0.0,0.0,0.0,0
141.74,-2.9143,0.7943,129.6404,-0.0004,0.0,129.6404,,,,,,,,,,,,0.0,0.0,0.0,0.0,0
141.76,-2.9143,0.7943,129.6404,-0.0004,0.0,129.6404,,,,,,,,,,,,0.0,0.0,0.0,0.0,0
141.78,-2.9143,0.7943,129.6404,-0.0004,0.0,129.6404,,,,,,,,,,,,0.0,0.0,0.0,0.0,0
141.8,-2.9143,0.7943,129.6404,-0.0004,0.0,129.6404,,,,,,,,,,,,0.0,0.0,0.0,0.0,0
141.82,-2.9143,0.7943,129.6404,-0.0004,0.0,129.6404,,,,,,,,,,,,0.0,0.0,0.0,0.0,0
141.84,-2.9143,0.7943,129.6404,-0.0004,0.0,129.6404,,,,,,,,,,,,0.0,0.0,0.0,0.0,0
141.86,-2.9143,0.7943,129.6404,-0.0004,0.0,129.6404,,,,,,,,,,,,0.0,0.0,0.0,0.0,0
141.88,-2.9143,0.7943,129.6404,-0.0004,0.0,129.6404,,,,,,,,,,,,0.0,0.0,0.0,0.0,0
141.9,-2.9143,0.7943,129.6404,-0.0004,0.0,129.6404,,,,,,,,,,,,0.0,0.0,0.0,0.0,0
141.92,-2.9143,0.7943,129.6404,-0.0004,0.0,129.6404,,,,,,,,,,,,0.0,0.0,0.0,0.0,0
141.94,-2.9143,0.7943,129.6404,-0.0004,0.0,129.6404,,,,,,,,,,,,0.0,0.0,0.0,0.0,0
141.96,-2.9143,0.7943,129.6404,-0.0004,0.0,129.6404,,,,,,,,,,,,0.0,0.0,0.0,0.0,0
141.98,-2.9143,0.7943,129.6404,-0.0004,0.0,129.6404,,,,,,,,,,,,0.0,0.0,0.0,0.0,0
142.0,-2.9143,0.7943,129.6404,-0.0004,0.0,129.6404,,,,,,,,,,,,0.0,0.0,0.0,0.0,0
142.02,-2.9143,0.7943,129.6404,-0.0004,0.0,129.6404,,,,,,,,,,,,0.0,0.0,0.0,0.0,0
142.04,-2.9143,0.7943,129.6404,-0.0004,0.0,129.6404,,,,,,,,,,,,0.0,0.0,0.0,0.0,0
142.06,-2.9143,0.7943,129.6404,-0.0004,0.0,129.6404,,,,,,,,,,,,0.0,0.0,0.0,0.0,0
142.08,-2.9143,0.7943,129.6404,-0.0004,0.0,129.6404,,,,,,,,,,,,0.0,0.0,0.0,0.0,0
142.1,-2.9143,0.7943,129.6404,-0.0004,0.0,129.6404,,,,,,,,,,,,0.0,0.0,0.0,0.0,0
142.12,-2.9143,0.7943,129.6404,-0.0004,0.0,129.6404,,,,,,,,,,,,0.0,0.0,0.0,0.0,0
142.14,-2.9143,0.7943,129.6404,-0.0004,0.0,129.6404,,,,,,,,,,,,0.0,0.0,0.0,0.0,0
142.16,-2.9143,0.7943,129.6404,-0.0004,0.0,129.6404,,,,,,,,,,,,0.0,0.0,0.0,0.0,0
142.18,-2.9143,0.7943,129.6404,-0.0004,0.0,129.6404,,,,,,,,,,,,0.0,0.0,0.0,0.0,0
142.2,-2.9143,0.7943,129.6404,-0.0004,0.0,129.6404,,,,,,,,,,,,0.0,0.0,0.0,0.0,0
142.22,-2.9143,0.7943,129.6404,-0.0004,0.0,129.6404,,,,,,,,,,,,0.0,0.0,0.0,0.0,0
142.24,-2.9143,0.7943,129.6404,-0.0004,0.0,129.6404,,,,,,,,,,,,0.0,0.0,0.0,0.0,0
142.26,-2.9143,0.7943,129.6404,-0.0004,0.0,129.6404,,,,,,,,,,,,0.0,0.0,0.0,0.0,0
142.28,-2.9143,0.7943,129.6404,-0.0004,0.0,129.6404,,,,,,,,,,,,0.0,0.0,0.0,0.0,0
142.3,-2.9143,0.7943,129.6404,-0.0004,0.0,129.6404,,,,,,,,,,,,0.0,0.0,0.0,0.0,0
142.32,-2.9143,0.7943,129.6404,-0.0004,0.0,129.6404,,,,,,,,,,,,0.0,0.0,0.0,0.0,0
142.34,-2.9143,0.7943,129.6404,-0.0004,0.0,129.6404,,,,,,,,,,,,0.0,0.0,0.0,0.0,0
142.36,-2.9143,0.7943,129.6404,-0.0004,0.0,129.6404,,,,,,,,,,,,0.0,0.0,0.0,0.0,0
142.38,-2.9143,0.7943,129.6404,-0.0004,0.0,129.6404,,,,,,,,,,,,0.0,0.0,0.0,0.0,0
142.4,-2.9143,0.7943,129.6404,-0.0004,0.0,129.6404,,,,,,,,,,,,0.0,0.0,0.0,0.0,0
142.42,-2.9143,0.7943,129.6404,-0.0004,0.0,129.6404,,,,,,,,,,,,0.0,0.0,0.0,0.0,0
142.44,-2.9143,0.7943,129.6404,-0.0004,0.0,129.6404,,,,,,,,,,,,0.0,0.0,0.0,0.0,0
142.46,-2.9143,0.7943,129.6404,-0.0004,0.0,129.6404,,,,,,,,,,,,0.0,0.0,0.0,0.0,0
142.48,-2.9143,0.7943,129.6404,-0.0004,0.0,129.6404,,,,,,,,,,,,0.0,0.0,0.0,0.0,0
142.5,-2.9143,0.7943,129.6404,-0.0004,0.0,129.6404,,,,,,,,,,,,0.0,0.0,0.0,0.0,0
142.52,-2.9143,0.7943,129.6404,-0.0004,0.0,129.6404,,,,,,,,,,,,0.0,0.0,0.0,0.0,0
142.54,-2.9143,0.7943,129.6404,-0.0004,0.0,129.6404,,,,,,,,,,,,0.0,0.0,0.0,0.0,0
142.56,-2.9143,0.7943,129.6404,-0.0004,0.0,129.6404,,,,,,,,,,,,0.0,0.0,0.0,0.0,0
142.58,-2.9143,0.7943,129.6404,-0.0004,0.0,129.6404,,,,,,,,,,,,0.0,0.0,0.0,0.0,0
142.6,-2.9143,0.7943,129.6404,-0.0004,0.0,129.6404,,,,,,,,,,,,0.0,0.0,0.0,0.0,0
142.62,-2.9143,0.7943,129.6404,-0.0004,0.0,129.6404,,,,,,,,,,,,0.0,0.0,0.0,0.0,0
142.64,-2.9143,0.7943,129.6404,-0.0004,0.0,129.6404,,,,,,,,,,,,0.0,0.0,0.0,0.0,0
142.66,-2.9143,0.7943,129.6404,-0.0004,0.0,129.6404,,,,,,,,,,,,0.0,0.0,0.0,0.0,0
142.68,-2.9143,0.7943,129.6404,-0.0004,0.0,129.6404,,,,,,,,,,,,0.0,0.0,0.0,0.0,0
142.7,-2.9143,0.7943,129.6404,-0.0004,0.0,129.6404,,,,,,,,,,,,0.0,0.0,0.0,0.0,0
142.72,-2.9143,0.7943,129.6404,-0.0004,0.0,129.6404,,,,,,,,,,,,0.0,0.0,0.0,0.0,0
142.74,-2.9143,0.7943,129.6404,-0.0004,0.0,129.6404,,,,,,,,,,,,0.0,0.0,0.0,0.0,0
142.76,-2.9143,0.7943,129.6404,-0.0004,0.0,129.6404,,,,,,,,,,,,0.0,0.0,0.0,0.0,0
142.78,-2.9143,0.7943,129.6404,-0.0004,0.0,129.6404,,,,,,,,,,,,0.0,0.0,0.0,0.0,0
142.8,-2.9143,0.7943,129.6404,-0.0004,0.0,129.6404,,,,,,,,,,,,0.0,0.0,0.0,0.0,0
142.82,-2.9143,0.7943,129.6404,-0.0004,0.0,129.6404,,,,,,,,,,,,0.0,0.0,0.0,0.0,0
142.84,-2.9143,0.7943,129.6404,-0.0004,0.0,129.6404,,,,,,,,,,,,0.0,0.0,0.0,0.0,0
142.86,-2.9143,0.7943,129.6404,-0.0004,0.0,129.6404,,,,,,,,,,,,0.0,0.0,0.0,0.0,0
142.88,-2.9143,0.7943,129.6404,-0.0004,0.0,129.6404,,,,,,,,,,,,0.0,0.0,0.0,0.0,0
142.9,-2.9143,0.7943,129.6404,-0.0004,0.0,129.6404,,,,,,,,,,,,0.0,0.0,0.0,0.0,0
142.92,-2.9143,0.7943,129.6404,-0.0004,0.0,129.6404,,,,,,,,,,,,0.0,0.0,0.0,0.0,0
142.94,-2.9143,0.7943,129.6404,-0.0004,0.0,129.6404,,,,,,,,,,,,0.0,0.0,0.0,0.0,0
142.96,-2.9143,0.7943,129.6404,-0.0004,0.0,129.6404,,,,,,,,,,,,0.0,0.0,0.0,0.0,0
142.98,-2.9143,0.7943,129.6404,-0.0004,0.0,129.6404,,,,,,,,,,,,0.0,0.0,0.0,0.0,0
143.0,-2.9143,0.7943,129.6404,-0.0004,0.0,129.6404,,,,,,,,,,,,0.0,0.0,0.0,0.0,0
143.02,-2.9143,0.7943,129.6404,-0.0004,0.0,129.6404,,,,,,,,,,,,0.0,0.0,0.0,0.0,0
143.04,-2.9143,0.7943,129.6404,-0.0004,0.0,129.6404,,,,,,,,,,,,0.0,0.0,0.0,0.0,0
143.06,-2.9143,0.7943,129.6404,-0.0004,0.0,129.6404,,,,,,,,,,,,0.0,0.0,0.0,0.0,0
143.08,-2.9143,0.7943,129.6404,-0.0004,0.0,129.6404,,,,,,,,,,,,0.0,0.0,0.0,0.0,0
143.1,-2.9143,0.7943,129.6404,-0.0004,0.0,129.6404,,,,,,,,,,,,0.0,0.0,0.0,0.0,0
143.12,-2.9143,0.7943,129.6404,-0.0004,0.0,129.6404,,,,,,,,,,,,0.0,0.0,0.0,0.0,0
143.14,-2.9143,0.7943,129.6404,-0.0004,0.0,129.6404,,,,,,,,,,,,0.0,0.0,0.0,0.0,0
143.16,-2.9143,0.7943,129.6404,-0.0004,0.0,129.6404,,,,,,,,,,,,0.0,0.0,0.0,0.0,0
143.18,-2.9143,0.7943,129.6404,-0.0004,0.0,129.6404,,,,,,,,,,,,0.0,0.0,0.0,0.0,0
143.2,-2.9143,0.7943,129.6404,-0.0004,0.0,129.6404,,,,,,,,,,,,0.0,0.0,0.0,0.0,0
143.22,-2.9143,0.7943,129.6404,-0.0004,0.0,129.6404,,,,,,,,,,,,0.0,0.0,0.0,0.0,0
143.24,-2.9143,0.7943,129.6404,-0.0004,0.0,129.6404,,,,,,,,,,,,0.0,0.0,0.0,0.0,0
143.26,-2.9143,0.7943,129.6404,-0.0004,0.0,129.6404,,,,,,,,,,,,0.0,0.0,0.0,0.0,0
143.28,-2.9143,0.7943,129.6404,-0.0004,0.0,129.6404,,,,,,,,,,,,0.0,0.0,0.0,0.0,0
143.3,-2.9143,0.7943,129.6404,-0.0004,0.0,129.6404,,,,,,,,,,,,0.0,0.0,0.0,0.0,0
143.32,-2.9143,0.7943,129.6404,-0.0004,0.0,129.6404,,,,,,,,,,,,0.0,0.0,0.0,0.0,0
143.34,-2.9143,0.7943,129.6404,-0.0004,0.0,129.6404,,,,,,,,,,,,0.0,0.0,0.0,0.0,0
143.36,-2.9143,0.7943,129.6404,-0.0004,0.0,129.6404,,,,,,,,,,,,0.0,0.0,0.0,0.0,0
143.38,-2.9143,0.7943,129.6404,-0.0004,0.0,129.6404,,,,,,,,,,,,0.0,0.0,0.0,0.0,0
143.4,-2.9143,0.7943,129.6404,-0.0004,0.0,129.6404,,,,,,,,,,,,0.0,0.0,0.0,0.0,0
143.42,-2.9143,0.7943,129.6404,-0.0004,0.0,129.6404,,,,,,,,,,,,0.0,0.0,0.0,0.0,0
143.44,-2.9143,0.7943,129.6404,-0.0004,0.0,129.6404,,,,,,,,,,,,0.0,0.0,0.0,0.0,0
143.46,-2.9143,0.7943,129.6404,-0.0004,0.0,129.6404,,,,,,,,,,,,0.0,0.0,0.0,0.0,0
143.48,-2.9143,0.7943,129.6404,-0.0004,0.0,129.6404,,,,,,,,,,,,0.0,0.0,0.0,0.0,0
143.5,-2.9143,0.7943,129.6404,-0.0004,0.0,129.6404,,,,,,,,,,,,0.0,0.0,0.0,0.0,0
143.52,-2.9143,0.7943,129.6404,-0.0004,0.0,129.6404,,,,,,,,,,,,0.0,0.0,0.0,0.0,0
143.54,-2.9143,0.7943,129.6404,-0.0004,0.0,129.6404,,,,,,,,,,,,0.0,0.0,0.0,0.0,0
143.56,-2.9143,0.7943,129.6404,-0.0004,0.0,129.6404,,,,,,,,,,,,0.0,0.0,0.0,0.0,0
143.58,-2.9143,0.7943,129.6404,-0.0004,0.0,129.6404,,,,,,,,,,,,0.0,0.0,0.0,0.0,0
143.6,-2.9143,0.7943,129.6404,-0.0004,0.0,129.6404,,,,,,,,,,,,0.0,0.0,0.0,0.0,0
143.62,-2.9143,0.7943,129.6404,-0.0004,0.0,129.6404,,,,,,,,,,,,0.0,0.0,0.0,0.0,0
143.64,-2.9143,0.7943,129.6404,-0.0004,0.0,129.6404,,,,,,,,,,,,0.0,0.0,0.0,0.0,0
143.66,-2.9143,0.7943,129.6404,-0.0004,0.0,129.6404,,,,,,,,,,,,0.0,0.0,0.0,0.0,0
143.68,-2.9143,0.7943,129.6404,-0.0004,0.0,129.6404,,,,,,,,,,,,0.0,0.0,0.0,0.0,0
143.7,-2.9143,0.7943,129.6404,-0.0004,0.0,129.6404,,,,,,,,,,,,0.0,0.0,0.0,0.0,0
143.72,-2.9143,0.7943,129.6404,-0.0004,0.0,129.6404,,,,,,,,,,,,0.0,0.0,0.0,0.0,0
143.74,-2.9143,0.7943,129.6404,-0.0004,0.0,129.6404,,,,,,,,,,,,0.0,0.0,0.0,0.0,0
143.76,-2.9143,0.7943,129.6404,-0.0004,0.0,129.6404,,,,,,,,,,,,0.0,0.0,0.0,0.0,0
143.78,-2.9143,0.7943,129.6404,-0.0004,0.0,129.6404,,,,,,,,,,,,0.0,0.0,0.0,0.0,0
143.8,-2.9143,0.7943,129.6404,-0.0004,0.0,129.6404,,,,,,,,,,,,0.0,0.0,0.0,0.0,0
143.82,-2.9143,0.7943,129.6404,-0.0004,0.0,129.6404,,,,,,,,,,,,0.0,0.0,0.0,0.0,0
143.84,-2.9143,0.7943,129.6404,-0.0004,0.0,129.6404,,,,,,,,,,,,0.0,0.0,0.0,0.0,0
143.86,-2.9143,0.7943,129.6404,-0.0004,0.0,129.6404,,,,,,,,,,,,0.0,0.0,0.0,0.0,0
143.88,-2.9143,0.7943,129.6404,-0.0004,0.0,129.6404,,,,,,,,,,,,0.0,0.0,0.0,0.0,0
143.9,-2.9143,0.7943,129.6404,-0.0004,0.0,129.6404,,,,,,,,,,,,0.0,0.0,0.0,0.0,0
143.92,-2.9143,0.7943,129.6404,-0.0004,0.0,129.6404,,,,,,,,,,,,0.0,0.0,0.0,0.0,0
143.94,-2.9143,0.7943,129.6404,-0.0004,0.0,129.6404,,,,,,,,,,,,0.0,0.0,0.0,0.0,0
143.96,-2.9143,0.7943,129.6404,-0.0004,0.0,129.6404,,,,,,,,,,,,0.0,0.0,0.0,0.0,0
143.98,-2.9143,0.7943,129.6404,-0.0004,0.0,129.6404,,,,,,,,,,,,0.0,0.0,0.0,0.0,0
144.0,-2.9143,0.7943,129.6404,-0.0004,0.0,129.6404,,,,,,,,,,,,0.0,0.0,0.0,0.0,0
144.02,-2.9143,0.7943,129.6404,-0.0004,0.0,129.6404,,,,,,,,,,,,0.0,0.0,0.0,0.0,0
144.04,-2.9143,0.7943,129.6404,-0.0004,0.0,129.6404,,,,,,,,,,,,0.0,0.0,0.0,0.0,0
144.06,-2.9143,0.7943,129.6404,-0.0004,0.0,129.6404,,,,,,,,,,,,0.0,0.0,0.0,0.0,0
144.08,-2.9143,0.7943,129.6404,-0.0004,0.0,129.6404,,,,,,,,,,,,0.0,0.0,0.0,0.0,0
144.1,-2.9143,0.7943,129.6404,-0.0004,0.0,129.6404,,,,,,,,,,,,0.0,0.0,0.0,0.0,0
144.12,-2.9143,0.7943,129.6404,-0.0004,0.0,129.6404,,,,,,,,,,,,0.0,0.0,0.0,0.0,0
144.14,-2.9143,0.7943,129.6404,-0.0004,0.0,129.6404,,,,,,,,,,,,0.0,0.0,0.0,0.0,0
144.16,-2.9143,0.7943,129.6404,-0.0004,0.0,129.6404,,,,,,,,,,,,0.0,0.0,0.0,0.0,0
144.18,-2.9143,0.7943,129.6404,-0.0004,0.0,129.6404,,,,,,,,,,,,0.0,0.0,0.0,0.0,0
144.2,-2.9143,0.7943,129.6404,-0.0004,0.0,129.6404,,,,,,,,,,,,0.0,0.0,0.0,0.0,0
144.22,-2.9143,0.7943,129.6404,-0.0004,0.0,129.6404,,,,,,,,,,,,0.0,0.0,0.0,0.0,0
144.24,-2.9143,0.7943,129.6404,-0.0004,0.0,129.6404,,,,,,,,,,,,0.0,0.0,0.0,0.0,0
144.26,-2.9143,0.7943,129.6404,-0.0004,0.0,129.6404,,,,,,,,,,,,0.0,0.0,0.0,0.0,0
144.28,-2.9143,0.7943,129.6404,-0.0004,0.0,129.6404,,,,,,,,,,,,0.0,0.0,0.0,0.0,0
144.3,-2.9143,0.7943,129.6404,-0.0004,0.0,129.6404,,,,,,,,,,,,0.0,0.0,0.0,0.0,0
144.32,-2.9143,0.7943,129.6404,-0.0004,0.0,129.6404,,,,,,,,,,,,0.0,0.0,0.0,0.0,0
144.34,-2.9143,0.7943,129.6404,-0.0004,0.0,129.6404,,,,,,,,,,,,0.0,0.0,0.0,0.0,0
144.36,-2.9143,0.7943,129.6404,-0.0004,0.0,129.6404,,,,,,,,,,,,0.0,0.0,0.0,0.0,0
144.38,-2.9143,0.7943,129.6404,-0.0004,0.0,129.6404,,,,,,,,,,,,0.0,0.0,0.0,0.0,0
144.4,-2.9143,0.7943,129.6404,-0.0004,0.0,129.6404,,,,,,,,,,,,0.0,0.0,0.0,0.0,0
144.42,-2.9143,0.7943,129.6404,-0.0004,0.0,129.6404,,,,,,,,,,,,0.0,0.0,0.0,0.0,0
144.44,-2.9143,0.7943,129.6404,-0.0004,0.0,129.6404,,,,,,,,,,,,0.0,0.0,0.0,0.0,0
144.46,-2.9143,0.7943,129.6404,-0.0004,0.0,129.6404,,,,,,,,,,,,0.0,0.0,0.0,0.0,0
144.48,-2.9143,0.7943,129.6404,-0.0004,0.0,129.6404,,,,,,,,,,,,0.0,0.0,0.0,0.0,0
144.5,-2.9143,0.7943,129.6404,-0.0004,0.0,129.6404,,,,,,,,,,,,0.0,0.0,0.0,0.0,0
144.52,-2.9143,0.7943,129.6404,-0.0004,0.0,129.6404,,,,,,,,,,,,0.0,0.0,0.0,0.0,0
144.54,-2.9143,0.7943,129.6404,-0.0004,0.0,129.6404,,,,,,,,,,,,0.0,0.0,0.0,0.0,0
144.56,-2.9143,0.7943,129.6404,-0.0004,0.0,129.6404,,,,,,,,,,,,0.0,0.0,0.0,0.0,0
144.58,-2.9143,0.7943,129.6404,-0.0004,0.0,129.6404,,,,,,,,,,,,0.0,0.0,0.0,0.0,0
144.6,-2.9143,0.7943,129.6404,-0.0004,0.0,129.6404,,,,,,,,,,,,0.0,0.0,0.0,0.0,0
144.62,-2.9143,0.7943,129.6404,-0.0004,0.0,129.6404,,,,,,,,,,,,0.0,0.0,0.0,0.0,0
144.64,-2.9143,0.7943,129.6404,-0.0004,0.0,129.6404,,,,,,,,,,,,0.0,0.0,0.0,0.0,0
144.66,-2.9143,0.7943,129.6404,-0.0004,0.0,129.6404,,,,,,,,,,,,0.0,0.0,0.0,0.0,0
144.68,-2.9143,0.7943,129.6404,-0.0004,0.0,129.6404,,,,,,,,,,,,0.0,0.0,0.0,0.0,0
144.7,-2.9143,0.7943,129.6404,-0.0004,0.0,129.6404,,,,,,,,,,,,0.0,0.0,0.0,0.0,0
144.72,-2.9143,0.7943,129.6404,-0.0004,0.0,129.6404,,,,,,,,,,,,0.0,0.0,0.0,0.0,0
144.74,-2.9143,0.7943,129.6404,-0.0004,0.0,129.6404,,,,,,,,,,,,0.0,0.0,0.0,0.0,0
144.76,-2.9143,0.7943,129.6404,-0.0004,0.0,129.6404,,,,,,,,,,,,0.0,0.0,0.0,0.0,0
144.78,-2.9143,0.7943,129.6404,-0.0004,0.0,129.6404,,,,,,,,,,,,0.0,0.0,0.0,0.0,0
144.8,-2.9143,0.7943,129.6404,-0.0004,0.0,129.6404,,,,,,,,,,,,0.0,0.0,0.0,0.0,0
144.82,-2.9143,0.7943,129.6404,-0.0004,0.0,129.6404,,,,,,,,,,,,0.0,0.0,0.0,0.0,0
144.84,-2.9143,0.7943,129.6404,-0.0004,0.0,129.6404,,,,,,,,,,,,0.0,0.0,0.0,0.0,0
144.86,-2.9143,0.7943,129.6404,-0.0004,0.0,129.6404,,,,,,,,,,,,0.0,0.0,0.0,0.0,0
144.88,-2.9143,0.7943,129.6404,-0.0004,0.0,129.6404,,,,,,,,,,,,0.0,0.0,0.0,0.0,0
144.9,-2.9143,0.7943,129.6404,-0.0004,0.0,129.6404,,,,,,,,,,,,0.0,0.0,0.0,0.0,0
144.92,-2.9143,0.7943,129.6404,-0.0004,0.0,129.6404,,,,,,,,,,,,0.0,0.0,0.0,0.0,0
144.94,-2.9143,0.7943,129.6404,-0.0004,0.0,129.6404,,,,,,,,,,,,0.0,0.0,0.0,0.0,0
144.96,-2.9143,0.7943,129.6404,-0.0004,0.0,129.6404,,,,,,,,,,,,0.0,0.0,0.0,0.0,0
144.98,-2.9143,0.7943,129.6404,-0.0004,0.0,129.6404,,,,,,,,,,,,0.0,0.0,0.0,0.0,0
145.0,-2.9143,0.7943,129.6404,-0.0004,0.0,129.6404,,,,,,,,,,,,0.0,0.0,0.0,0.0,0
145.02,-2.9143,0.7943,129.6404,-0.0004,0.0,129.6404,,,,,,,,,,,,0.0,0.0,0.0,0.0,0
145.04,-2.9143,0.7943,129.6404,-0.0004,0.0,129.6404,,,,,,,,,,,,0.0,0.0,0.0,0.0,0
145.06,-2.9143,0.7943,129.6404,-0.0004,0.0,129.6404,,,,,,,,,,,,0.0,0.0,0.0,0.0,0
145.08,-2.9143,0.7943,129.6404,-0.0004,0.0,129.6404,,,,,,,,,,,,0.0,0.0,0.0,0.0,0
145.1,-2.9143,0.7943,129.6404,-0.0004,0.0,129.6404,,,,,,,,,,,,0.0,0.0,0.0,0.0,0
145.12,-2.9143,0.7943,129.6404,-0.0004,0.0,129.6404,,,,,,,,,,,,0.0,0.0,0.0,0.0,0
145.14,-2.9143,0.7943,129.6404,-0.0004,0.0,129.6404,,,,,,,,,,,,0.0,0.0,0.0,0.0,0
145.16,-2.9143,0.7943,129.6404,-0.0004,0.0,129.6404,,,,,,,,,,,,0.0,0.0,0.0,0.0,0
145.18,-2.9143,0.7943,129.6404,-0.0004,0.0,129.6404,,,,,,,,,,,,0.0,0.0,0.0,0.0,0
145.2,-2.9143,0.7943,129.6404,-0.0004,0.0,129.6404,,,,,,,,,,,,0.0,0.0,0.0,0.0,0
145.22,-2.9143,0.7943,129.6404,-0.0004,0.0,129.6404,,,,,,,,,,,,0.0,0.0,0.0,0.0,0
145.24,-2.9143,0.7943,129.6404,-0.0004,0.0,129.6404,,,,,,,,,,,,0.0,0.0,0.0,0.0,0
145.26,-2.9143,0.7943,129.6404,-0.0004,0.0,129.6404,,,,,,,,,,,,0.0,0.0,0.0,0.0,0
145.28,-2.9143,0.7943,129.6404,-0.0004,0.0,129.6404,,,,,,,,,,,,0.0,0.0,0.0,0.0,0
145.3,-2.9143,0.7943,129.6404,-0.0004,0.0,129.6404,,,,,,,,,,,,0.0,0.0,0.0,0.0,0
145.32,-2.9143,0.7943,129.6404,-0.0004,0.0,129.6404,,,,,,,,,,,,0.0,0.0,0.0,0.0,0
145.34,-2.9143,0.7943,129.6404,-0.0004,0.0,129.6404,,,,,,,,,,,,0.0,0.0,0.0,0.0,0
145.36,-2.9143,0.7943,129.6404,-0.0004,0.0,129.6404,,,,,,,,,,,,0.0,0.0,0.0,0.0,0
145.38,-2.9143,0.7943,129.6404,-0.0004,0.0,129.6404,,,,,,,,,,,,0.0,0.0,0.0,0.0,0
145.4,-2.9143,0.7943,129.6404,-0.0004,0.0,129.6404,,,,,,,,,,,,0.0,0.0,0.0,0.0,0
145.42,-2.9143,0.7943,129.6404,-0.0004,0.0,129.6404,,,,,,,,,,,,0.0,0.0,0.0,0.0,0
145.44,-2.9143,0.7943,129.6404,-0.0004,0.0,129.6404,,,,,,,,,,,,0.0,0.0,0.0,0.0,0
145.46,-2.9143,0.7943,129.6404,-0.0004,0.0,129.6404,,,,,,,,,,,,0.0,0.0,0.0,0.0,0
145.48,-2.9143,0.7943,129.6404,-0.0004,0.0,129.6404,,,,,,,,,,,,0.0,0.0,0.0,0.0,0
145.5,-2.9143,0.7943,129.6404,-0.0004,0.0,129.6404,,,,,,,,,,,,0.0,0.0,0.0,0.0,0
145.52,-2.9143,0.7943,129.6404,-0.0004,0.0,129.6404,,,,,,,,,,,,0.0,0.0,0.0,0.0,0
145.54,-2.9143,0.7943,129.6404,-0.0004,0.0,129.6404,,,,,,,,,,,,0.0,0.0,0.0,0.0,0
145.56,-2.9143,0.7943,129.6404,-0.0004,0.0,129.6404,,,,,,,,,,,,0.0,0.0,0.0,0.0,0
145.58,-2.9143,0.7943,129.6404,-0.0004,0.0,129.6404,,,,,,,,,,,,0.0,0.0,0.0,0.0,0
145.6,-2.9143,0.7943,129.6404,-0.0004,0.0,129.6404,,,,,,,,,,,,0.0,0.0,0.0,0.0,0
145.62,-2.9143,0.7943,129.6404,-0.0004,0.0,129.6404,,,,,,,,,,,,0.0,0.0,0.0,0.0,0
145.64,-2.9143,0.7943,129.6404,-0.0004,0.0,129.6404,,,,,,,,,,,,0.0,0.0,0.0,0.0,0
145.66,-2.9143,0.7943,129.6404,-0.0004,0.0,129.6404,,,,,,,,,,,,0.0,0.0,0.0,0.0,0
145.68,-2.9143,0.7943,129.6404,-0.0004,0.0,129.6404,,,,,,,,,,,,0.0,0.0,0.0,0.0,0
145.7,-2.9143,0.7943,129.6404,-0.0004,0.0,129.6404,,,,,,,,,,,,0.0,0.0,0.0,0.0,0
145.72,-2.9143,0.7943,129.6404,-0.0004,0.0,129.6404,,,,,,,,,,,,0.0,0.0,0.0,0.0,0
145.74,-2.9143,0.7943,129.6404,-0.0004,0.0,129.6404,,,,,,,,,,,,0.0,0.0,0.0,0.0,0
145.76,-2.9143,0.7943,129.6404,-0.0004,0.0,129.6404,,,,,,,,,,,,0.0,0.0,0.0,0.0,0
145.78,-2.9143,0.7943,129.6404,-0.0004,0.0,129.6404,,,,,,,,,,,,0.0,0.0,0.0,0.0,0
145.8,-2.9143,0.7943,129.6404,-0.0004,0.0,129.6404,,,,,,,,,,,,0.0,0.0,0.0,0.0,0
145.82,-2.9143,0.7943,129.6404,-0.0004,0.0,129.6404,,,,,,,,,,,,0.0,0.0,0.0,0.0,0
145.84,-2.9143,0.7943,129.6404,-0.0004,0.0,129.6404,,,,,,,,,,,,0.0,0.0,0.0,0.0,0
145.86,-2.9143,0.7943,129.6404,-0.0004,0.0,129.6404,,,,,,,,,,,,0.0,0.0,0.0,0.0,0
145.88,-2.9143,0.7943,129.6404,-0.0004,0.0,129.6404,,,,,,,,,,,,0.0,0.0,0.0,0.0,0
145.9,-2.9143,0.7943,129.6404,-0.0004,0.0,129.6404,,,,,,,,,,,,0.0,0.0,0.0,0.0,0
145.92,-2.9143,0.7943,129.6404,-0.0004,0.0,129.6404,,,,,,,,,,,,0.0,0.0,0.0,0.0,0
145.94,-2.9143,0.7943,129.6404,-0.0004,0.0,129.6404,,,,,,,,,,,,0.0,0.0,0.0,0.0,0
145.96,-2.9143,0.7943,129.6404,-0.0004,0.0,129.6404,,,,,,,,,,,,0.0,0.0,0.0,0.0,0
145.98,-2.9143,0.7943,129.6404,-0.0004,0.0,129.6404,,,,,,,,,,,,0.0,0.0,0.0,0.0,0
146.0,-2.9143,0.7943,129.6404,-0.0004,0.0,129.6404,,,,,,,,,,,,0.0,0.0,0.0,0.0,0
146.02,-2.9143,0.7943,129.6404,-0.0004,0.0,129.6404,,,,,,,,,,,,0.0,0.0,0.0,0.0,0
146.04,-2.9143,0.7943,129.6404,-0.0004,0.0,129.6404,,,,,,,,,,,,0.0,0.0,0.0,0.0,0
146.06,-2.9143,0.7943,129.6404,-0.0004,0.0,129.6404,,,,,,,,,,,,0.0,0.0,0.0,0.0,0
146.08,-2.9143,0.7943,129.6404,-0.0004,0.0,129.6404,,,,,,,,,,,,0.0,0.0,0.0,0.0,0
146.1,-2.9143,0.7943,129.6404,-0.0004,0.0,129.6404,,,,,,,,,,,,0.0,0.0,0.0,0.0,0
146.12,-2.9143,0.7943,129.6404,-0.0004,0.0,129.6404,,,,,,,,,,,,0.0,0.0,0.0,0.0,0
146.14,-2.9143,0.7943,129.6404,-0.0004,0.0,129.6404,,,,,,,,,,,,0.0,0.0,0.0,0.0,0
146.16,-2.9143,0.7943,129.6404,-0.0004,0.0,129.6404,,,,,,,,,,,,0.0,0.0,0.0,0.0,0
146.18,-2.9143,0.7943,129.6404,-0.0004,0.0,129.6404,,,,,,,,,,,,0.0,0.0,0.0,0.0,0
146.2,-2.9143,0.7943,129.6404,-0.0004,0.0,129.6404,,,,,,,,,,,,0.0,0.0,0.0,0.0,0
146.22,-2.9143,0.7943,129.6404,-0.0004,0.0,129.6404,,,,,,,,,,,,0.0,0.0,0.0,0.0,0
146.24,-2.9143,0.7943,129.6404,-0.0004,0.0,129.6404,,,,,,,,,,,,0.0,0.0,0.0,0.0,0
146.26,-2.9143,0.7943,129.6404,-0.0004,0.0,129.6404,,,,,,,,,,,,0.0,0.0,0.0,0.0,0
146.28,-2.9143,0.7943,129.6404,-0.0004,0.0,129.6404,,,,,,,,,,,,0.0,0.0,0.0,0.0,0
146.3,-2.9143,0.7943,129.6404,-0.0004,0.0,129.6404,,,,,,,,,,,,0.0,0.0,0.0,0.0,0
146.32,-2.9143,0.7943,129.6404,-0.0004,0.0,129.6404,,,,,,,,,,,,0.0,0.0,0.0,0.0,0
146.34,-2.9143,0.7943,129.6404,-0.0004,0.0,129.6404,,,,,,,,,,,,0.0,0.0,0.0,0.0,0
146.36,-2.9143,0.7943,129.6404,-0.0004,0.0,129.6404,,,,,,,,,,,,0.0,0.0,0.0,0.0,0
146.38,-2.9143,0.7943,129.6404,-0.0004,0.0,129.6404,,,,,,,,,,,,0.0,0.0,0.0,0.0,0
146.4,-2.9143,0.7943,129.6404,-0.0004,0.0,129.6404,,,,,,,,,,,,0.0,0.0,0.0,0.0,0
146.42,-2.9143,0.7943,129.6404,-0.0004,0.0,129.6404,,,,,,,,,,,,0.0,0.0,0.0,0.0,0
146.44,-2.9143,0.7943,129.6404,-0.0004,0.0,129.6404,,,,,,,,,,,,0.0,0.0,0.0,0.0,0
146.46,-2.9143,0.7943,129.6404,-0.0004,0.0,129.6404,,,,,,,,,,,,0.0,0.0,0.0,0.0,0
146.48,-2.9143,0.7943,129.6404,-0.0004,0.0,129.6404,,,,,,,,,,,,0.0,0.0,0.0,0.0,0
146.5,-2.9143,0.7943,129.6404,-0.0004,0.0,129.6404,,,,,,,,,,,,0.0,0.0,0.0,0.0,0
146.52,-2.9143,0.7943,129.6404,-0.0004,0.0,129.6404,,,,,,,,,,,,0.0,0.0,0.0,0.0,0
146.54,-2.9143,0.7943,129.6404,-0.0004,0.0,129.6404,,,,,,,,,,,,0.0,0.0,0.0,0.0,0
146.56,-2.9143,0.7943,129.6404,-0.0004,0.0,129.6404,,,,,,,,,,,,0.0,0.0,0.0,0.0,0
146.58,-2.9143,0.7943,129.6404,-0.0004,0.0,129.6404,,,,,,,,,,,,0.0,0.0,0.0,0.0,0
146.6,-2.9143,0.7943,129.6404,-0.0004,0.0,129.6404,,,,,,,,,,,,0.0,0.0,0.0,0.0,0
146.62,-2.9143,0.7943,129.6404,-0.0004,0.0,129.6404,,,,,,,,,,,,0.0,0.0,0.0,0.0,0
146.64,-2.9143,0.7943,129.6404,-0.0004,0.0,129.6404,,,,,,,,,,,,0.0,0.0,0.0,0.0,0
146.66,-2.9143,0.7943,129.6404,-0.0004,0.0,129.6404,,,,,,,,,,,,0.0,0.0,0.0,0.0,0
146.68,-2.9143,0.7943,129.6404,-0.0004,0.0,129.6404,,,,,,,,,,,,0.0,0.0,0.0,0.0,0
146.7,-2.9143,0.7943,129.6404,-0.0004,0.0,129.6404,,,,,,,,,,,,0.0,0.0,0.0,0.0,0
146.72,-2.9143,0.7943,129.6404,-0.0004,0.0,129.6404,,,,,,,,,,,,0.0,0.0,0.0,0.0,0
146.74,-2.9143,0.7943,129.6404,-0.0004,0.0,129.6404,,,,,,,,,,,,0.0,0.0,0.0,0.0,0
146.76,-2.9143,0.7943,129.6404,-0.0004,0.0,129.6404,,,,,,,,,,,,0.0,0.0,0.0,0.0,0
146.78,-2.9143,0.7943,129.6404,-0.0004,0.0,129.6404,,,,,,,,,,,,0.0,0.0,0.0,0.0,0
146.8,-2.9143,0.7943,129.6404,-0.0004,0.0,129.6404,,,,,,,,,,,,0.0,0.0,0.0,0.0,0
146.82,-2.9143,0.7943,129.6404,-0.0004,0.0,129.6404,,,,,,,,,,,,0.0,0.0,0.0,0.0,0
146.84,-2.9143,0.7943,129.6404,-0.0004,0.0,129.6404,,,,,,,,,,,,0.0,0.0,0.0,0.0,0
146.86,-2.9143,0.7943,129.6404,-0.0004,0.0,129.6404,,,,,,,,,,,,0.0,0.0,0.0,0.0,0
146.88,-2.9143,0.7943,129.6404,-0.0004,0.0,129.6404,,,,,,,,,,,,0.0,0.0,0.0,0.0,0
146.9,-2.9143,0.7943,129.6404,-0.0004,0.0,129.6404,,,,,,,,,,,,0.0,0.0,0.0,0.0,0
146.92,-2.9143,0.7943,129.6404,-0.0004,0.0,129.6404,,,,,,,,,,,,0.0,0.0,0.0,0.0,0
146.94,-2.9143,0.7943,129.6404,-0.0004,0.0,129.6404,,,,,,,,,,,,0.0,0.0,0.0,0.0,0
146.96,-2.9143,0.7943,129.6404,-0.0004,0.0,129.6404,,,,,,,,,,,,0.0,0.0,0.0,0.0,0
146.98,-2.9143,0.7943,129.6404,-0.0004,0.0,129.6404,,,,,,,,,,,,0.0,0.0,0.0,0.0,0
147.0,-2.9143,0.7943,129.6404,-0.0004,0.0,129.6404,,,,,,,,,,,,0.0,0.0,0.0,0.0,0
147.02,-2.9143,0.7943,129.6404,-0.0004,0.0,129.6404,,,,,,,,,,,,0.0,0.0,0.0,0.0,0
147.04,-2.9143,0.7943,129.6404,-0.0004,0.0,129.6404,,,,,,,,,,,,0.0,0.0,0.0,0.0,0
147.06,-2.9143,0.7943,129.6404,-0.0004,0.0,129.6404,,,,,,,,,,,,0.0,0.0,0.0,0.0,0
147.08,-2.9143,0.7943,129.6404,-0.0004,0.0,129.6404,,,,,,,,,,,,0.0,0.0,0.0,0.0,0
147.1,-2.9143,0.7943,129.6404,-0.0004,0.0,129.6404,,,,,,,,,,,,0.0,0.0,0.0,0.0,0
147.12,-2.9143,0.7943,129.6404,-0.0004,0.0,129.6404,,,,,,,,,,,,0.0,0.0,0.0,0.0,0
147.14,-2.9143,0.7943,129.6404,-0.0004,0.0,129.6404,,,,,,,,,,,,0.0,0.0,0.0,0.0,0
147.16,-2.9143,0.7943,129.6404,-0.0004,0.0,129.6404,,,,,,,,,,,,0.0,0.0,0.0,0.0,0
147.18,-2.9143,0.7943,129.6404,-0.0004,0.0,129.6404,,,,,,,,,,,,0.0,0.0,0.0,0.0,0
147.2,-2.9143,0.7943,129.6404,-0.0004,0.0,129.6404,,,,,,,,,,,,0.0,0.0,0.0,0.0,0
147.22,-2.9143,0.7943,129.6404,-0.0004,0.0,129.6404,,,,,,,,,,,,0.0,0.0,0.0,0.0,0
147.24,-2.9143,0.7943,129.6404,-0.0004,0.0,129.6404,,,,,,,,,,,,0.0,0.0,0.0,0.0,0
147.26,-2.9143,0.7943,129.6404,-0.0004,0.0,129.6404,,,,,,,,,,,,0.0,0.0,0.0,0.0,0
147.28,-2.9143,0.7943,129.6404,-0.0004,0.0,129.6404,,,,,,,,,,,,0.0,0.0,0.0,0.0,0
147.3,-2.9143,0.7943,129.6404,-0.0004,0.0,129.6404,,,,,,,,,,,,0.0,0.0,0.0,0.0,0
147.32,-2.9143,0.7943,129.6404,-0.0004,0.0,129.6404,,,,,,,,,,,,0.0,0.0,0.0,0.0,0
147.34,-2.9143,0.7943,129.6404,-0.0004,0.0,129.6404,,,,,,,,,,,,0.0,0.0,0.0,0.0,0
147.36,-2.9143,0.7943,129.6404,-0.0004,0.0,129.6404,,,,,,,,,,,,0.0,0.0,0.0,0.0,0
147.38,-2.9143,0.7943,129.6404,-0.0004,0.0,129.6404,,,,,,,,,,,,0.0,0.0,0.0,0.0,0
147.4,-2.9143,0.7943,129.6404,-0.0004,0.0,129.6404,,,,,,,,,,,,0.0,0.0,0.0,0.0,0
147.42,-2.9143,0.7943,129.6404,-0.0004,0.0,129.6404,,,,,,,,,,,,0.0,0.0,0.0,0.0,0
147.44,-2.9143,0.7943,129.6404,-0.0004,0.0,129.6404,,,,,,,,,,,,0.0,0.0,0.0,0.0,0
147.46,-2.9143,0.7943,129.6404,-0.0004,0.0,129.6404,,,,,,,,,,,,0.0,0.0,0.0,0.0,0
147.48,-2.9143,0.7943,129.6404,-0.0004,0.0,129.6404,,,,,,,,,,,,0.0,0.0,0.0,0.0,0
147.5,-2.9143,0.7943,129.6404,-0.0004,0.0,129.6404,,,,,,,,,,,,0.0,0.0,0.0,0.0,0
147.52,-2.9143,0.7943,129.6404,-0.0004,0.0,129.6404,,,,,,,,,,,,0.0,0.0,0.0,0.0,0
147.54,-2.9143,0.7943,129.6404,-0.0004,0.0,129.6404,,,,,,,,,,,,0.0,0.0,0.0,0.0,0
147.56,-2.9143,0.7943,129.6404,-0.0004,0.0,129.6404,,,,,,,,,,,,0.0,0.0,0.0,0.0,0
147.58,-2.9143,0.7943,129.6404,-0.0004,0.0,129.6404,,,,,,,,,,,,0.0,0.0,0.0,0.0,0
147.6,-2.9143,0.7943,129.6404,-0.0004,0.0,129.6404,,,,,,,,,,,,0.0,0.0,0.0,0.0,0
147.62,-2.9143,0.7943,129.6404,-0.0004,0.0,129.6404,,,,,,,,,,,,0.0,0.0,0.0,0.0,0
147.64,-2.9143,0.7943,129.6404,-0.0004,0.0,129.6404,,,,,,,,,,,,0.0,0.0,0.0,0.0,0
147.66,-2.9143,0.7943,129.6404,-0.0004,0.0,129.6404,,,,,,,,,,,,0.0,0.0,0.0,0.0,0
147.68,-2.9143,0.7943,129.6404,-0.0004,0.0,129.6404,,,,,,,,,,,,0.0,0.0,0.0,0.0,0
147.7,-2.9143,0.7943,129.6404,-0.0004,0.0,129.6404,,,,,,,,,,,,0.0,0.0,0.0,0.0,0
147.72,-2.9143,0.7943,129.6404,-0.0004,0.0,129.6404,,,,,,,,,,,,0.0,0.0,0.0,0.0,0
147.74,-2.9143,0.7943,129.6404,-0.0004,0.0,129.6404,,,,,,,,,,,,0.0,0.0,0.0,0.0,0
147.76,-2.9143,0.7943,129.6404,-0.0004,0.0,129.6404,,,,,,,,,,,,0.0,0.0,0.0,0.0,0
147.78,-2.9143,0.7943,129.6404,-0.0004,0.0,129.6404,,,,,,,,,,,,0.0,0.0,0.0,0.0,0
147.8,-2.9143,0.7943,129.6404,-0.0004,0.0,129.6404,,,,,,,,,,,,0.0,0.0,0.0,0.0,0
147.82,-2.9143,0.7943,129.6404,-0.0004,0.0,129.6404,,,,,,,,,,,,0.0,0.0,0.0,0.0,0
147.84,-2.9143,0.7943,129.6404,-0.0004,0.0,129.6404,,,,,,,,,,,,0.0,0.0,0.0,0.0,0
147.86,-2.9143,0.7943,129.6404,-0.0004,0.0,129.6404,,,,,,,,,,,,0.0,0.0,0.0,0.0,0
147.88,-2.9143,0.7943,129.6404,-0.0004,0.0,129.6404,,,,,,,,,,,,0.0,0.0,0.0,0.0,0
147.9,-2.9143,0.7943,129.6404,-0.0004,0.0,129.6404,,,,,,,,,,,,0.0,0.0,0.0,0.0,0
147.92,-2.9143,0.7943,129.6404,-0.0004,0.0,129.6404,,,,,,,,,,,,0.0,0.0,0.0,0.0,0
147.94,-2.9143,0.7943,129.6404,-0.0004,0.0,129.6404,,,,,,,,,,,,0.0,0.0,0.0,0.0,0
147.96,-2.9143,0.7943,129.6404,-0.0004,0.0,129.6404,,,,,,,,,,,,0.0,0.0,0.0,0.0,0
147.98,-2.9143,0.7943,129.6404,-0.0004,0.0,129.6404,,,,,,,,,,,,0.0,0.0,0.0,0.0,0
148.0,-2.9143,0.7943,129.6404,-0.0004,0.0,129.6404,,,,,,,,,,,,0.0,0.0,0.0,0.0,0
148.02,-2.9143,0.7943,129.6404,-0.0004,0.0,129.6404,,,,,,,,,,,,0.0,0.0,0.0,0.0,0
148.04,-2.9143,0.7943,129.6404,-0.0004,0.0,129.6404,,,,,,,,,,,,0.0,0.0,0.0,0.0,0
148.06,-2.9143,0.7943,129.6404,-0.0004,0.0,129.6404,,,,,,,,,,,,0.0,0.0,0.0,0.0,0
148.08,-2.9143,0.7943,129.6404,-0.0004,0.0,129.6404,,,,,,,,,,,,0.0,0.0,0.0,0.0,0
148.1,-2.9143,0.7943,129.6404,-0.0004,0.0,129.6404,,,,,,,,,,,,0.0,0.0,0.0,0.0,0
148.12,-2.9143,0.7943,129.6404,-0.0004,0.0,129.6404,,,,,,,,,,,,0.0,0.0,0.0,0.0,0
148.14,-2.9143,0.7943,129.6404,-0.0004,0.0,129.6404,,,,,,,,,,,,0.0,0.0,0.0,0.0,0
148.16,-2.9143,0.7943,129.6404,-0.0004,0.0,129.6404,,,,,,,,,,,,0.0,0.0,0.0,0.0,0
148.18,-2.9143,0.7943,129.6404,-0.0004,0.0,129.6404,,,,,,,,,,,,0.0,0.0,0.0,0.0,0
148.2,-2.9143,0.7943,129.6404,-0.0004,0.0,129.6404,,,,,,,,,,,,0.0,0.0,0.0,0.0,0
148.22,-2.9143,0.7943,129.6404,-0.0004,0.0,129.6404,,,,,,,,,,,,0.0,0.0,0.0,0.0,0
148.24,-2.9143,0.7943,129.6404,-0.0004,0.0,129.6404,,,,,,,,,,,,0.0,0.0,0.0,0.0,0
148.26,-2.9143,0.7943,129.6404,-0.0004,0.0,129.6404,,,,,,,,,,,,0.0,0.0,0.0,0.0,0
148.28,-2.9143,0.7943,129.6404,-0.0004,0.0,129.6404,,,,,,,,,,,,0.0,0.0,0.0,0.0,0
148.3,-2.9143,0.7943,129.6404,-0.0004,0.0,129.6404,,,,,,,,,,,,0.0,0.0,0.0,0.0,0
148.32,-2.9143,0.7943,129.6404,-0.0004,0.0,129.6404,,,,,,,,,,,,0.0,0.0,0.0,0.0,0
148.34,-2.9143,0.7943,129.6404,-0.0004,0.0,129.6404,,,,,,,,,,,,0.0,0.0,0.0,0.0,0
148.36,-2.9143,0.7943,129.6404,-0.0004,0.0,129.6404,,,,,,,,,,,,0.0,0.0,0.0,0.0,0
148.38,-2.9143,0.7943,129.6404,-0.0004,0.0,129.6404,,,,,,,,,,,,0.0,0.0,0.0,0.0,0
148.4,-2.9143,0.7943,129.6404,-0.0004,0.0,129.6404,,,,,,,,,,,,0.0,0.0,0.0,0.0,0
148.42,-2.9143,0.7943,129.6404,-0.0004,0.0,129.6404,,,,,,,,,,,,0.0,0.0,0.0,0.0,0
148.44,-2.9143,0.7943,129.6404,-0.0004,0.0,129.6404,,,,,,,,,,,,0.0,0.0,0.0,0.0,0
148.46,-2.9143,0.7943,129.6404,-0.0004,0.0,129.6404,,,,,,,,,,,,0.0,0.0,0.0,0.0,0
148.48,-2.9143,0.7943,129.6404,-0.0004,0.0,129.6404,,,,,,,,,,,,0.0,0.0,0.0,0.0,0
148.5,-2.9143,0.7943,129.6404,-0.0004,0.0,129.6404,,,,,,,,,,,,0.0,0.0,0.0,0.0,0
148.52,-2.9143,0.7943,129.6404,-0.0004,0.0,129.6404,,,,,,,,,,,,0.0,0.0,0.0,0.0,0
148.54,-2.9143,0.7943,129.6404,-0.0004,0.0,129.6404,,,,,,,,,,,,0.0,0.0,0.0,0.0,0
148.56,-2.9143,0.7943,129.6404,-0.0004,0.0,129.6404,,,,,,,,,,,,0.0,0.0,0.0,0.0,0
148.58,-2.9143,0.7943,129.6404,-0.0004,0.0,129.6404,,,,,,,,,,,,0.0,0.0,0.0,0.0,0
148.6,-2.9143,0.7943,129.6404,-0.0004,0.0,129.6404,,,,,,,,,,,,0.0,0.0,0.0,0.0,0
148.62,-2.9143,0.7943,129.6404,-0.0004,0.0,129.6404,,,,,,,,,,,,0.0,0.0,0.0,0.0,0
148.64,-2.9143,0.7943,129.6404,-0.0004,0.0,129.6404,,,,,,,,,,,,0.0,0.0,0.0,0.0,0
148.66,-2.9143,0.7943,129.6404,-0.0004,0.0,129.6404,,,,,,,,,,,,0.0,0.0,0.0,0.0,0
148.68,-2.9143,0.7943,129.6404,-0.0004,0.0,129.6404,,,,,,,,,,,,0.0,0.0,0.0,0.0,0
148.7,-2.9143,0.7943,129.6404,-0.0004,0.0,129.6404,,,,,,,,,,,,0.0,0.0,0.0,0.0,0
148.72,-2.9143,0.7943,129.6404,-0.0004,0.0,129.6404,,,,,,,,,,,,0.0,0.0,0.0,0.0,0
148.74,-2.9143,0.7943,129.6404,-0.0004,0.0,129.6404,,,,,,,,,,,,0.0,0.0,0.0,0.0,0
148.76,-2.9143,0.7943,129.6404,-0.0004,0.0,129.6404,,,,,,,,,,,,0.0,0.0,0.0,0.0,0
148.78,-2.9143,0.7943,129.6404,-0.0004,0.0,129.6404,,,,,,,,,,,,0.0,0.0,0.0,0.0,0
148.8,-2.9143,0.7943,129.6404,-0.0004,0.0,129.6404,,,,,,,,,,,,0.0,0.0,0.0,0.0,0
148.82,-2.9143,0.7943,129.6404,-0.0004,0.0,129.6404,,,,,,,,,,,,0.0,0.0,0.0,0.0,0
148.84,-2.9143,0.7943,129.6404,-0.0004,0.0,129.6404,,,,,,,,,,,,0.0,0.0,0.0,0.0,0
148.86,-2.9143,0.7943,129.6404,-0.0004,0.0,129.6404,,,,,,,,,,,,0.0,0.0,0.0,0.0,0
148.88,-2.9143,0.7943,129.6404,-0.0004,0.0,129.6404,,,,,,,,,,,,0.0,0.0,0.0,0.0,0
148.9,-2.9143,0.7943,129.6404,-0.0004,0.0,129.6404,,,,,,,,,,,,0.0,0.0,0.0,0.0,0
148.92,-2.9143,0.7943,129.6404,-0.0004,0.0,129.6404,,,,,,,,,,,,0.0,0.0,0.0,0.0,0
148.94,-2.9143,0.7943,129.6404,-0.0004,0.0,129.6404,,,,,,,,,,,,0.0,0.0,0.0,0.0,0
148.96,-2.9143,0.7943,129.6404,-0.0004,0.0,129.6404,,,,,,,,,,,,0.0,0.0,0.0,0.0,0
148.98,-2.9143,0.7943,129.6404,-0.0004,0.0,129.6404,,,,,,,,,,,,0.0,0.0,0.0,0.0,0
149.0,-2.9143,0.7943,129.6404,-0.0004,0.0,129.6404,,,,,,,,,,,,0.0,0.0,0.0,0.0,0
149.02,-2.9143,0.7943,129.6404,-0.0004,0.0,129.6404,,,,,,,,,,,,0.0,0.0,0.0,0.0,0
149.04,-2.9143,0.7943,129.6404,-0.0004,0.0,129.6404,,,,,,,,,,,,0.0,0.0,0.0,0.0,0
149.06,-2.9143,0.7943,129.6404,-0.0004,0.0,129.6404,,,,,,,,,,,,0.0,0.0,0.0,0.0,0
149.08,-2.9143,0.7943,129.6404,-0.0004,0.0,129.6404,,,,,,,,,,,,0.0,0.0,0.0,0.0,0
149.1,-2.9143,0.7943,129.6404,-0.0004,0.0,129.6404,,,,,,,,,,,,0.0,0.0,0.0,0.0,0
149.12,-2.9143,0.7943,129.6404,-0.0004,0.0,129.6404,,,,,,,,,,,,0.0,0.0,0.0,0.0,0
149.14,-2.9143,0.7943,129.6404,-0.0004,0.0,129.6404,,,,,,,,,,,,0.0,0.0,0.0,0.0,0
149.16,-2.9143,0.7943,129.6404,-0.0004,0.0,129.6404,,,,,,,,,,,,0.0,0.0,0.0,0.0,0
149.18,-2.9143,0.7943,129.6404,-0.0004,0.0,129.6404,,,,,,,,,,,,0.0,0.0,0.0,0.0,0
149.2,-2.9143,0.7943,129.6404,-0.0004,0.0,129.6404,,,,,,,,,,,,0.0,0.0,0.0,0.0,0
149.22,-2.9143,0.7943,129.6404,-0.0004,0.0,129.6404,,,,,,,,,,,,0.0,0.0,0.0,0.0,0
149.24,-2.9143,0.7943,129.6404,-0.0004,0.0,129.6404,,,,,,,,,,,,0.0,0.0,0.0,0.0,0
149.26,-2.9143,0.7943,129.6404,-0.0004,0.0,129.6404,,,,,,,,,,,,0.0,0.0,0.0,0.0,0
149.28,-2.9143,0.7943,129.6404,-0.0004,0.0,129.6404,,,,,,,,,,,,0.0,0.0,0.0,0.0,0
149.3,-2.9143,0.7943,129.6404,-0.0004,0.0,129.6404,,,,,,,,,,,,0.0,0.0,0.0,0.0,0
149.32,-2.9143,0.7943,129.6404,-0.0004,0.0,129.6404,,,,,,,,,,,,0.0,0.0,0.0,0.0,0
149.34,-2.9143,0.7943,129.6404,-0.0004,0.0,129.6404,,,,,,,,,,,,0.0,0.0,0.0,0.0,0
149.36,-2.9143,0.7943,129.6404,-0.0004,0.0,129.6404,,,,,,,,,,,,0.0,0.0,0.0,0.0,0
149.38,-2.9143,0.7943,129.6404,-0.0004,0.0,129.6404,,,,,,,,,,,,0.0,0.0,0.0,0.0,0
149.4,-2.9143,0.7943,129.6404,-0.0004,0.0,129.6404,,,,,,,,,,,,0.0,0.0,0.0,0.0,0
149.42,-2.9143,0.7943,129.6404,-0.0004,0.0,129.6404,,,,,,,,,,,,0.0,0.0,0.0,0.0,0
149.44,-2.9143,0.7943,129.6404,-0.0004,0.0,129.6404,,,,,,,,,,,,0.0,0.0,0.0,0.0,0
149.46,-2.9143,0.7943,129.6404,-0.0004,0.0,129.6404,,,,,,,,,,,,0.0,0.0,0.0,0.0,0
149.48,-2.9143,0.7943,129.6404,-0.0004,0.0,129.6404,,,,,,,,,,,,0.0,0.0,0.0,0.0,0
149.5,-2.9143,0.7943,129.6404,-0.0004,0.0,129.6404,,,,,,,,,,,,0.0,0.0,0.0,0.0,0
149.52,-2.9143,0.7943,129.6404,-0.0004,0.0,129.6404,,,,,,,,,,,,0.0,0.0,0.0,0.0,0
149.54,-2.9143,0.7943,129.6404,-0.0004,0.0,129.6404,,,,,,,,,,,,0.0,0.0,0.0,0.0,0
149.56,-2.9158,0.7898,129.6497,-0.0004,0.0,129.6497,,,,,,,,,,,,0.0,0.0,0.0,0.0,0
149.58,-2.9158,0.7898,129.6497,-0.0004,0.0,129.6497,,,,,,,,,,,,0.0,0.0,0.0,0.0,0
149.6,-2.9158,0.7898,129.6497,-0.0004,0.0,129.6497,,,,,,,,,,,,0.0,0.0,0.0,0.0,0
149.62,-2.9158,0.7898,129.6497,-0.0004,0.0,129.6497,,,,,,,,,,,,0.0,0.0,0.0,0.0,0
149.64,-2.9158,0.7898,129.6497,-0.0004,0.0,129.6497,,,,,,,,,,,,0.0,0.0,0.0,0.0,0
149.66,-2.9178,0.7912,129.6272,-0.0004,0.0,129.6272,,,,,,,,,,,,0.0,0.0,0.0,0.0,0
149.68,-2.9178,0.7912,129.6272,-0.0004,0.0,129.6272,,,,,,,,,,,,0.0,0.0,0.0,0.0,0
149.7,-2.9178,0.7912,129.6272,-0.0004,0.0,129.6272,,,,,,,,,,,,0.0,0.0,0.0,0.0,0
149.72,-2.9178,0.7912,129.6272,-0.0004,0.0,129.6272,,,,,,,,,,,,0.0,0.0,0.0,0.0,0
149.74,-2.9178,0.7912,129.6272,-0.0004,0.0,129.6272,,,,,,,,,,,,0.0,0.0,0.0,0.0,0
149.76,-2.9202,0.789,129.644,-0.0004,0.0,129.644,,,,,,,,,,,,0.0,0.0,0.0,0.0,0
149.78,-2.9202,0.789,129.644,-0.0004,0.0,129.644,,,,,,,,,,,,0.0,0.0,0.0,0.0,0
149.8,-2.9202,0.789,129.644,-0.0004,0.0,129.644,,,,,,,,,,,,0.0,0.0,0.0,0.0,0
149.82,-2.9202,0.789,129.644,-0.0004,0.0,129.644,,,,,,,,,,,,0.0,0.0,0.0,0.0,0
149.84,-2.9202,0.789,129.644,-0.0004,0.0,129.644,,,,,,,,,,,,0.0,0.0,0.0,0.0,0
149.86,-2.9189,0.7933,129.6236,-0.0004,0.0,129.6236,,,,,,,,,,,,0.0,0.0,0.0,0.0,0
149.88,-2.9189,0.7933,129.6236,-0.0004,0.0,129.6236,,,,,,,,,,,,0.0,0.0,0.0,0.0,0
149.9,-2.9189,0.7933,129.6236,-0.0004,0.0,129.6236,,,,,,,,,,,,0.0,0.0,0.0,0.0,0
149.92,-2.9189,0.7933,129.6236,-0.0004,0.0,129.6236,,,,,,,,,,,,0.0,0.0,0.0,0.0,0
149.94,-2.9189,0.7933,129.6236,-0.0004,0.0,129.6236,,,,,,,,,,,,0.0,0.0,0.0,0.0,0
149.96,-2.9202,0.7937,129.6339,-0.0004,0.0,129.6339,,,,,,,,,,,,0.0,0.0,0.0,0.0,0
149.98,-2.9202,0.7937,129.6339,-0.0004,0.0,129.6339,,,,,,,,,,,,0.0,0.0,0.0,0.0,0
150.0,-2.9202,0.7937,129.6339,-0.0004,0.0,129.6339,,,,,,,,,,,,0.0,0.0,0.0,0.0,0
150.02,-2.9202,0.7937,129.6339,-0.0004,0.0,129.6339,,,,,,,,,,,,0.0,0.0,0.0,0.0,0
150.04,-2.9202,0.7937,129.6339,-0.0004,0.0,129.6339,,,,,,,,,,,,0.0,0.0,0.0,0.0,0
150.06,-2.9197,0.7963,129.6288,-0.0004,0.0,129.6288,,,,,,,,,,,,0.0,0.0,0.0,0.0,0
150.08,-2.9197,0.7963,129.6288,-0.0004,0.0,129.6288,,,,,,,,,,,,0.0,0.0,0.0,0.0,0
150.1,-2.9197,0.7963,129.6288,-0.0004,0.0,129.6288,,,,,,,,,,,,0.0,0.0,0.0,0.0,0
150.12,-2.9197,0.7963,129.6288,-0.0004,0.0,129.6288,,,,,,,,,,,,0.0,0.0,0.0,0.0,0
150.14,-2.9197,0.7963,129.6288,-0.0004,0.0,129.6288,,,,,,,,,,,,0.0,0.0,0.0,0.0,0
150.16,-2.9168,0.7963,129.6387,-0.0004,0.0,129.6387,,,,,,,,,,,,0.0,0.0,0.0,0.0,0
150.18,-2.9168,0.7963,129.6387,-0.0004,0.0,129.6387,,,,,,,,,,,,0.0,0.0,0.0,0.0,0
150.2,-2.9168,0.7963,129.6387,-0.0004,0.0,129.6387,,,,,,,,,,,,0.0,0.0,0.0,0.0,0
150.22,-2.9168,0.7963,129.6387,-0.0004,0.0,129.6387,,,,,,,,,,,,0.0,0.0,0.0,0.0,0
150.24,-2.9168,0.7963,129.6387,-0.0004,0.0,129.6387,,,,,,,,,,,,0.0,0.0,0.0,0.0,0
150.26,-2.9149,0.7963,129.6306,-0.0004,0.0,129.6306,,,,,,,,,,,,0.0,0.0,0.0,0.0,0
150.28,-2.9149,0.7963,129.6306,-0.0004,0.0,129.6306,,,,,,,,,,,,0.0,0.0,0.0,0.0,0
150.3,-2.9149,0.7963,129.6306,-0.0004,0.0,129.6306,,,,,,,,,,,,0.0,0.0,0.0,0.0,0
150.32,-2.9149,0.7963,129.6306,-0.0004,0.0,129.6306,,,,,,,,,,,,0.0,0.0,0.0,0.0,0
150.34,-2.9149,0.7963,129.6306,-0.0004,0.0,129.6306,,,,,,,,,,,,0.0,0.0,0.0,0.0,0
150.36,-2.911,0.7953,129.6331,-0.0004,0.0,129.6331,,,,,,,,,,,,0.0,0.0,0.0,0.0,0
150.38,-2.911,0.7953,129.6331,-0.0004,0.0,129.6331,,,,,,,,,,,,0.0,0.0,0.0,0.0,0
150.4,-2.911,0.7953,129.6331,-0.0004,0.0,129.6331,,,,,,,,,,,,0.0,0.0,0.0,0.0,0
150.42,-2.911,0.7953,129.6331,-0.0004,0.0,129.6331,,,,,,,,,,,,0.0,0.0,0.0,0.0,0
150.44,-2.911,0.7953,129.6331,-0.0004,0.0,129.6331,,,,,,,,,,,,0.0,0.0,0.0,0.0,0
150.46,-2.9105,0.7961,129.6303,-0.0004,0.0,129.6303,,,,,,,,,,,,0.0,0.0,0.0,0.0,0
150.48,-2.9105,0.7961,129.6303,-0.0004,0.0,129.6303,,,,,,,,,,,,0.0,0.0,0.0,0.0,0
150.5,-2.9105,0.7961,129.6303,-0.0004,0.0,129.6303,,,,,,,,,,,,0.0,0.0,0.0,0.0,0
150.52,-2.9105,0.7961,129.6303,-0.0004,0.0,129.6303,,,,,,,,,,,,0.0,0.0,0.0,0.0,0
150.54,-2.9105,0.7961,129.6303,-0.0004,0.0,129.6303,,,,,,,,,,,,0.0,0.0,0.0,0.0,0
150.56,-2.9122,0.7947,129.6361,-0.0004,0.0,129.6361,,,,,,,,,,,,0.0,0.0,0.0,0.0,0
150.58,-2.9122,0.7947,129.6361,-0.0004,0.0,129.6361,,,,,,,,,,,,0.0,0.0,0.0,0.0,0
150.6,-2.9122,0.7947,129.6361,-0.0004,0.0,129.6361,,,,,,,,,,,,0.0,0.0,0.0,0.0,0
150.62,-2.9122,0.7947,129.6361,-0.0004,0.0,129.6361,,,,,,,,,,,,0.0,0.0,0.0,0.0,0
150.64,-2.9122,0.7947,129.6361,-0.0004,0.0,129.6361,,,,,,,,,,,,0.0,0.0,0.0,0.0,0
150.66,-2.9121,0.7923,129.6355,-0.0004,0.0,129.6355,,,,,,,,,,,,0.0,0.0,0.0,0.0,0
150.68,-2.9121,0.7923,129.6355,-0.0004,0.0,129.6355,,,,,,,,,,,,0.0,0.0,0.0,0.0,0
150.7,-2.9121,0.7923,129.6355,-0.0004,0.0,129.6355,,,,,,,,,,,,0.0,0.0,0.0,0.0,0
150.72,-2.9121,0.7923,129.6355,-0.0004,0.0,129.6355,,,,,,,,,,,,0.0,0.0,0.0,0.0,0
150.74,-2.9121,0.7923,129.6355,-0.0004,0.0,129.6355,,,,,,,,,,,,0.0,0.0,0.0,0.0,0
150.76,-2.9113,0.7908,129.6332,-0.0004,0.0,129.6332,,,,,,,,,,,,0.0,0.0,0.0,0.0,0
150.78,-2.9113,0.7908,129.6332,-0.0004,0.0,129.6332,,,,,,,,,,,,0.0,0.0,0.0,0.0,0
150.8,-2.9113,0.7908,129.6332,-0.0004,0.0,129.6332,,,,,,,,,,,,0.0,0.0,0.0,0.0,0
150.82,-2.9113,0.7908,129.6332,-0.0004,0.0,129.6332,,,,,,,,,,,,0.0,0.0,0.0,0.0,0
150.84,-2.9113,0.7908,129.6332,-0.0004,0.0,129.6332,,,,,,,,,,,,0.0,0.0,0.0,0.0,0
150.86,-2.9145,0.7901,129.6351,-0.0004,0.0,129.6351,,,,,,,,,,,,0.0,0.0,0.0,0.0,0
150.88,-2.9145,0.7901,129.6351,-0.0004,0.0,129.6351,,,,,,,,,,,,0.0,0.0,0.0,0.0,0
150.9,-2.9145,0.7901,129.6351,-0.0004,0.0,129.6351,,,,,,,,,,,,0.0,0.0,0.0,0.0,0
150.92,-2.9145,0.7901,129.6351,-0.0004,0.0,129.6351,,,,,,,,,,,,0.0,0.0,0.0,0.0,0
150.94,-2.9145,0.7901,129.6351,-0.0004,0.0,129.6351,,,,,,,,,,,,0.0,0.0,0.0,0.0,0
150.96,-2.9133,0.7952,129.6339,-0.0004,0.0,129.6339,,,,,,,,,,,,0.0,0.0,0.0,0.0,0
150.98,-2.9133,0.7952,129.6339,-0.0004,0.0,129.6339,,,,,,,,,,,,0.0,0.0,0.0,0.0,0
151.0,-2.9133,0.7952,129.6339,-0.0004,0.0,129.6339,,,,,,,,,,,,0.0,0.0,0.0,0.0,0
151.02,-2.9133,0.7952,129.6339,-0.0004,0.0,129.6339,,,,,,,,,,,,0.0,0.0,0.0,0.0,0
151.04,-2.9133,0.7952,129.6339,-0.0004,0.0,129.6339,,,,,,,,,,,,0.0,0.0,0.0,0.0,0
151.06,-2.9102,0.7941,129.6342,-0.0004,0.0,129.6342,,,,,,,,,,,,0.0,0.0,0.0,0.0,0
151.08,-2.9102,0.7941,129.6342,-0.0004,0.0,129.6342,,,,,,,,,,,,0.0,0.0,0.0,0.0,0
151.1,-2.9102,0.7941,129.6342,-0.0004,0.0,129.6342,,,,,,,,,,,,0.0,0.0,0.0,0.0,0
151.12,-2.9102,0.7941,129.6342,-0.0004,0.0,129.6342,,,,,,,,,,,,0.0,0.0,0.0,0.0,0
151.14,-2.9102,0.7941,129.6342,-0.0004,0.0,129.6342,,,,,,,,,,,,0.0,0.0,0.0,0.0,0
151.16,-2.9112,0.7921,129.6317,-0.0004,0.0,129.6317,,,,,,,,,,,,0.0,0.0,0.0,0.0,0
151.18,-2.9112,0.7921,129.6317,-0.0004,0.0,129.6317,,,,,,,,,,,,0.0,0.0,0.0,0.0,0
151.2,-2.9112,0.7921,129.6317,-0.0004,0.0,129.6317,,,,,,,,,,,,0.0,0.0,0.0,0.0,0
151.22,-2.9112,0.7921,129.6317,-0.0004,0.0,129.6317,,,,,,,,,,,,0.0,0.0,0.0,0.0,0
151.24,-2.9112,0.7921,129.6317,-0.0004,0.0,129.6317,,,,,,,,,,,,0.0,0.0,0.0,0.0,0
151.26,-2.9118,0.7904,129.636,-0.0004,0.0,129.636,,,,,,,,,,,,0.0,0.0,0.0,0.0,0
151.28,-2.9118,0.7904,129.636,-0.0004,0.0,129.636,,,,,,,,,,,,0.0,0.0,0.0,0.0,0
151.3,-2.9118,0.7904,129.636,-0.0004,0.0,129.636,,,,,,,,,,,,0.0,0.0,0.0,0.0,0
151.32,-2.9118,0.7904,129.636,-0.0004,0.0,129.636,,,,,,,,,,,,0.0,0.0,0.0,0.0,0
151.34,-2.9118,0.7904,129.636,-0.0004,0.0,129.636,,,,,,,,,,,,0.0,0.0,0.0,0.0,0
151.36,-2.9162,0.7899,129.635,-0.0004,0.0,129.635,,,,,,,,,,,,0.0,0.0,0.0,0.0,0
151.38,-2.9162,0.7899,129.635,-0.0004,0.0,129.635,,,,,,,,,,,,0.0,0.0,0.0,0.0,0
151.4,-2.9162,0.7899,129.635,-0.0004,0.0,129.635,,,,,,,,,,,,0.0,0.0,0.0,0.0,0
151.42,-2.9162,0.7899,129.635,-0.0004,0.0,129.635,,,,,,,,,,,,0.0,0.0,0.0,0.0,0
151.44,-2.9162,0.7899,129.635,-0.0004,0.0,129.635,,,,,,,,,,,,0.0,0.0,0.0,0.0,0
151.46,-2.9169,0.7935,129.637,-0.0004,0.0,129.637,,,,,,,,,,,,0.0,0.0,0.0,0.0,0
151.48,-2.9169,0.7935,129.637,-0.0004,0.0,129.637,,,,,,,,,,,,0.0,0.0,0.0,0.0,0
151.5,-2.9169,0.7935,129.637,-0.0004,0.0,129.637,,,,,,,,,,,,0.0,0.0,0.0,0.0,0
151.52,-2.9169,0.7935,129.637,-0.0004,0.0,129.637,,,,,,,,,,,,0.0,0.0,0.0,0.0,0
151.54,-2.9169,0.7935,129.637,-0.0004,0.0,129.637,,,,,,,,,,,,0.0,0.0,0.0,0.0,0
151.56,-2.9162,0.7923,129.6337,-0.0004,0.0,129.6337,,,,,,,,,,,,0.0,0.0,0.0,0.0,0
151.58,-2.9162,0.7923,129.6337,-0.0004,0.0,129.6337,,,,,,,,,,,,0.029,0.029,0.029,0.029,0
151.6,-2.9162,0.7923,129.6337,-0.0004,0.0,129.6337,,,,,,,,,,,,0.029,0.029,0.029,0.029,0
151.62,-2.9162,0.7923,129.6337,-0.0004,0.0,129.6337,,,,,,,,,,,,0.029,0.029,0.029,0.029,0
151.64,-2.9162,0.7923,129.6337,-0.0004,0.0,129.6337,,,,,,,,,,,,0.029,0.029,0.029,0.029,0
151.66,-2.9163,0.785,129.6405,-0.0004,0.0,129.6405,,,,,,,,,,,,0.029,0.029,0.029,0.029,0
151.68,-2.9163,0.785,129.6405,-0.0004,0.0,129.6405,,,,,,,,,,,,0.059,0.059,0.059,0.059,0
151.7,-2.9163,0.785,129.6405,-0.0004,0.0,129.6405,,,,,,,,,,,,0.059,0.059,0.059,0.059,0
151.72,-2.9163,0.785,129.6405,-0.0004,0.0,129.6405,,,,,,,,,,,,0.059,0.059,0.059,0.059,0
151.74,-2.9163,0.785,129.6405,-0.0004,0.0,129.6405,,,,,,,,,,,,0.059,0.059,0.059,0.059,0
151.76,-2.9187,0.7784,129.6589,-0.0004,0.0,129.6589,,,,,,,,,,,,0.059,0.059,0.059,0.059,0
151.78,-2.9187,0.7784,129.6589,-0.0004,0.0,129.6589,,,,,,,,,,,,0.089,0.089,0.089,0.089,0
151.8,-2.9187,0.7784,129.6589,-0.0004,0.0,129.6589,,,,,,,,,,,,0.089,0.089,0.089,0.089,0
151.82,-2.9187,0.7784,129.6589,-0.0004,0.0,129.6589,,,,,,,,,,,,0.089,0.089,0.089,0.089,0
151.84,-2.9187,0.7784,129.6589,-0.0004,0.0,129.6589,,,,,,,,,,,,0.089,0.089,0.089,0.089,0
151.86,-2.9215,0.7789,129.7315,-0.0004,0.0,129.7315,,,,,,,,,,,,0.089,0.089,0.089,0.089,0
151.88,-2.9215,0.7789,129.7315,-0.0004,0.0,129.7315,,,,,,,,,,,,0.1,0.1,0.1,0.1,0
151.9,-2.9215,0.7789,129.7315,-0.0004,0.0,129.7315,,,,,,,,,,,,0.1,0.1,0.1,0.1,0
151.92,-2.9215,0.7789,129.7315,-0.0004,0.0,129.7315,,,,,,,,,,,,0.1,0.1,0.1,0.1,0
151.94,-2.9215,0.7789,129.7315,-0.0004,0.0,129.7315,,,,,,,,,,,,0.1,0.1,0.1,0.1,0
151.96,-2.916,0.7877,129.6011,-1.1037,0.0,129.6011,,,,,,,,,,,,0.1,0.1,0.1,0.1,0
151.98,-2.916,0.7877,129.6011,-1.1037,0.0,129.6011,,,,,,,,,,,,0.1,0.1,0.1,0.1,0
152.0,-2.916,0.7877,129.6011,-1.1037,0.0,129.6011,,,,,,,,,,,,0.1,0.1,0.1,0.1,0
152.02,-2.916,0.7877,129.6011,-1.1037,0.0,129.6011,,,,,,,,,,,,0.1,0.1,0.1,0.1,0
152.04,-2.916,0.7877,129.6011,-1.1037,0.0,129.6011,,,,,,,,,,,,0.1,0.1,0.1,0.1,0
152.06,-2.9095,0.7894,129.664,-0.6194,0.0,129.664,,,,,,,,,,,,0.1,0.1,0.1,0.1,0
152.08,-2.9095,0.7894,129.664,-0.6194,0.0,129.664,,,,,,,,,,,,0.1,0.1,0.1,0.1,0
152.1,-2.9095,0.7894,129.664,-0.6194,0.0,129.664,,,,,,,,,,,,0.1,0.1,0.1,0.1,0
152.12,-2.9095,0.7894,129.664,-0.6194,0.0,129.664,,,,,,,,,,,,0.1,0.1,0.1,0.1,0
152.14,-2.9095,0.7894,129.664,-0.6194,0.0,129.664,,,,,,,,,,,,0.1,0.1,0.1,0.1,0
152.16,-2.9033,0.7783,129.6092,-0.3162,0.0,129.6093,,,,,,,,,,,,0.1,0.1,0.1,0.1,0
152.18,-2.9033,0.7783,129.6092,-0.3162,0.0,129.6093,,,,,,,,,,,,0.1,0.1,0.1,0.1,0
152.2,-2.9033,0.7783,129.6092,-0.3162,0.0,129.6093,,,,,,,,,,,,0.1,0.1,0.1,0.1,0
152.22,-2.9033,0.7783,129.6092,-0.3162,0.0,129.6093,,,,,,,,,,,,0.1,0.1,0.1,0.1,0
152.24,-2.9033,0.7783,129.6092,-0.3162,0.0,129.6093,,,,,,,,,,,,0.1,0.1,0.1,0.1,0
152.26,-2.9032,0.7771,129.6414,-0.1614,0.0,129.6414,,,,,,,,,,,,0.1,0.1,0.1,0.1,0
152.28,-2.9032,0.7771,129.6414,-0.1614,0.0,129.6414,,,,,,,,,,,,0.1,0.1,0.1,0.1,0
152.3,-2.9032,0.7771,129.6414,-0.1614,0.0,129.6414,,,,,,,,,,,,0.1,0.1,0.1,0.1,0
152.32,-2.9032,0.7771,129.6414,-0.1614,0.0,129.6414,,,,,,,,,,,,0.1,0.1,0.1,0.1,0
152.34,-2.9032,0.7771,129.6414,-0.1614,0.0,129.6414,,,,,,,,,,,,0.1,0.1,0.1,0.1,0
152.36,-2.9028,0.7799,129.5851,-0.0824,0.0,129.5851,,,,,,,,,,,,0.1,0.1,0.1,0.1,0
152.38,-2.9028,0.7799,129.5851,-0.0824,0.0,129.5851,,,,,,,,,,,,0.1,0.1,0.1,0.1,0
152.4,-2.9028,0.7799,129.5851,-0.0824,0.0,129.5851,,,,,,,,,,,,0.1,0.1,0.1,0.1,0
152.42,-2.9028,0.7799,129.5851,-0.0824,0.0,129.5851,,,,,,,,,,,,0.1,0.1,0.1,0.1,0
152.44,-2.9028,0.7799,129.5851,-0.0824,0.0,129.5851,,,,,,,,,,,,0.1,0.1,0.1,0.1,0
152.46,-2.8895,0.7889,129.6093,-0.0421,0.0,129.6093,,,,,,,,,,,,0.1,0.1,0.1,0.1,0
152.48,-2.8895,0.7889,129.6093,-0.0421,0.0,129.6093,,,,,,,,,,,,0.1,0.1,0.1,0.1,0
152.5,-2.8895,0.7889,129.6093,-0.0421,0.0,129.6093,,,,,,,,,,,,0.1,0.1,0.1,0.1,0
152.52,-2.8895,0.7889,129.6093,-0.0421,0.0,129.6093,,,,,,,,,,,,0.1,0.1,0.1,0.1,0
152.54,-2.8895,0.7889,129.6093,-0.0421,0.0,129.6093,,,,,,,,,,,,0.1,0.1,0.1,0.1,0
152.56,-2.894,0.7919,129.597,-0.0215,0.0,129.597,,,,,,,,,,,,0.1,0.1,0.1,0.1,0
152.58,-2.894,0.7919,129.597,-0.0215,0.0,129.597,,,,,,,,,,,,0.1,0.1,0.1,0.1,0
152.6,-2.894,0.7919,129.597,-0.0215,0.0,129.597,,,,,,,,,,,,0.1,0.1,0.1,0.1,0
152.62,-2.894,0.7919,129.597,-0.0215,0.0,129.597,,,,,,,,,,,,0.1,0.1,0.1,0.1,0
152.64,-2.894,0.7919,129.597,-0.0215,0.0,129.597,,,,,,,,,,,,0.1,0.1,0.1,0.1,0
152.66,-2.9031,0.7798,129.6226,-0.011,0.0,129.6226,,,,,,,,,,,,0.1,0.1,0.1,0.1,0
152.68,-2.9031,0.7798,129.6226,-0.011,0.0,129.6226,,,,,,,,,,,,0.1,0.1,0.1,0.1,0
152.7,-2.9031,0.7798,129.6226,-0.011,0.0,129.6226,,,,,,,,,,,,0.1,0.1,0.1,0.1,0
152.72,-2.9031,0.7798,129.6226,-0.011,0.0,129.6226,,,,,,,,,,,,0.1,0.1,0.1,0.1,0
152.74,-2.9031,0.7798,129.6226,-0.011,0.0,129.6226,,,,,,,,,,,,0.1,0.1,0.1,0.1,0
152.76,-2.8936,0.7868,129.566,-0.0056,0.0,129.566,,,,,,,,,,,,0.1,0.1,0.1,0.1,0
152.78,-2.8936,0.7868,129.566,-0.0056,0.0,129.566,,,,,,,,,,,,0.1,0.1,0.1,0.1,0
152.8,-2.8936,0.7868,129.566,-0.0056,0.0,129.566,,,,,,,,,,,,0.1,0.1,0.1,0.1,0
152.82,-2.8936,0.7868,129.566,-0.0056,0.0,129.566,,,,,,,,,,,,0.1,0.1,0.1,0.1,0
152.84,-2.8936,0.7868,129.566,-0.0056,0.0,129.566,,,,,,,,,,,,0.1,0.1,0.1,0.1,0
152.86,-2.9092,0.7779,129.6203,-0.0029,0.0,129.6203,,,,,,,,,,,,0.1,0.1,0.1,0.1,0
152.88,-2.9092,0.7779,129.6203,-0.0029,0.0,129.6203,,,,,,,,,,,,0.1,0.1,0.1,0.1,0
152.9,-2.9092,0.7779,129.6203,-0.0029,0.0,129.6203,,,,,,,,,,,,0.1,0.1,0.1,0.1,0
152.92,-2.9092,0.7779,129.6203,-0.0029,0.0,129.6203,,,,,,,,,,,,0.1,0.1,0.1,0.1,0
152.94,-2.9092,0.7779,129.6203,-0.0029,0.0,129.6203,,,,,,,,,,,,0.1,0.1,0.1,0.1,0
152.96,-2.8947,0.7733,129.5688,-0.0015,0.0,129.5688,,,,,,,,,,,,0.1,0.1,0.1,0.1,0
152.98,-2.8947,0.7733,129.5688,-0.0015,0.0,129.5688,,,,,,,,,,,,0.1,0.1,0.1,0.1,0
153.0,-2.8947,0.7733,129.5688,-0.0015,0.0,129.5688,,,,,,,,,,,,0.1,0.1,0.1,0.1,0
153.02,-2.8947,0.7733,129.5688,-0.0015,0.0,129.5688,,,,,,,,,,,,0.1,0.1,0.1,0.1,0
153.04,-2.8947,0.7733,129.5688,-0.0015,0.0,129.5688,,,,,,,,,,,,0.1,0.1,0.1,0.1,0
153.06,-2.8901,0.775,129.608,-0.0007,0.0,129.608,,,,,,,,,,,,0.1,0.1,0.1,0.1,0
153.08,-2.8901,0.775,129.608,-0.0007,0.0,129.608,,,,,,,,,,,,0.1,0.1,0.1,0.1,0
153.1,-2.8901,0.775,129.608,-0.0007,0.0,129.608,,,,,,,,,,,,0.1,0.1,0.1,0.1,0
153.12,-2.8901,0.775,129.608,-0.0007,0.0,129.608,,,,,,,,,,,,0.1,0.1,0.1,0.1,0
153.14,-2.8901,0.775,129.608,-0.0007,0.0,129.608,,,,,,,,,,,,0.1,0.1,0.1,0.1,0
153.16,-2.8913,0.7853,129.5698,-0.0004,0.0,129.5698,,,,,,,,,,,,0.1,0.1,0.1,0.1,0
153.18,-2.8913,0.7853,129.5698,-0.0004,0.0,129.5698,,,,,,,,,,,,0.1,0.1,0.1,0.1,0
153.2,-2.8913,0.7853,129.5698,-0.0004,0.0,129.5698,,,,,,,,,,,,0.1,0.1,0.1,0.1,0
153.22,-2.8913,0.7853,129.5698,-0.0004,0.0,129.5698,,,,,,,,,,,,0.1,0.1,0.1,0.1,0
153.24,-2.8913,0.7853,129.5698,-0.0004,0.0,129.5698,,,,,,,,,,,,0.1,0.1,0.1,0.1,0
153.26,-2.8924,0.7734,129.5774,-0.0004,0.0,129.5774,,,,,,,,,,,,0.1,0.1,0.1,0.1,0
153.28,-2.8924,0.7734,129.5774,-0.0004,0.0,129.5774,,,,,,,,,,,,0.1,0.1,0.1,0.1,0
153.3,-2.8924,0.7734,129.5774,-0.0004,0.0,129.5774,,,,,,,,,,,,0.1,0.1,0.1,0.1,0
153.32,-2.8924,0.7734,129.5774,-0.0004,0.0,129.5774,,,,,,,,,,,,0.1,0.1,0.1,0.1,0
153.34,-2.8924,0.7734,129.5774,-0.0004,0.0,129.5774,,,,,,,,,,,,0.1,0.1,0.1,0.1,0
153.36,-2.9025,0.7874,129.5795,-0.0004,0.0,129.5795,,,,,,,,,,,,0.1,0.1,0.1,0.1,0
153.38,-2.9025,0.7874,129.5795,-0.0004,0.0,129.5795,,,,,,,,,,,,0.1,0.1,0.1,0.1,0
153.4,-2.9025,0.7874,129.5795,-0.0004,0.0,129.5795,,,,,,,,,,,,0.1,0.1,0.1,0.1,0
153.42,-2.9025,0.7874,129.5795,-0.0004,0.0,129.5795,,,,,,,,,,,,0.1,0.1,0.1,0.1,0
153.44,-2.9025,0.7874,129.5795,-0.0004,0.0,129.5795,,,,,,,,,,,,0.1,0.1,0.1,0.1,0
153.46,-2.9002,0.791,129.5674,-0.0004,0.0,129.5674,,,,,,,,,,,,0.1,0.1,0.1,0.1,0
153.48,-2.9002,0.791,129.5674,-0.0004,0.0,129.5674,,,,,,,,,,,,0.1,0.1,0.1,0.1,0
153.5,-2.9002,0.791,129.5674,-0.0004,0.0,129.5674,,,,,,,,,,,,0.1,0.1,0.1,0.1,0
153.52,-2.9002,0.791,129.5674,-0.0004,0.0,129.5674,,,,,,,,,,,,0.1,0.1,0.1,0.1,0
153.54,-2.9002,0.791,129.5674,-0.0004,0.0,129.5674,,,,,,,,,,,,0.1,0.1,0.1,0.1,0
153.56,-2.903,0.7739,129.5561,-0.0004,0.0,129.5561,,,,,,,,,,,,0.1,0.1,0.1,0.1,0
153.58,-2.903,0.7739,129.5561,-0.0004,0.0,129.5561,,,,,,,,,,,,0.1,0.1,0.1,0.1,0
153.6,-2.903,0.7739,129.5561,-0.0004,0.0,129.5561,,,,,,,,,,,,0.1,0.1,0.1,0.1,0
153.62,-2.903,0.7739,129.5561,-0.0004,0.0,129.5561,,,,,,,,,,,,0.1,0.1,0.1,0.1,0
153.64,-2.903,0.7739,129.5561,-0.0004,0.0,129.5561,,,,,,,,,,,,0.1,0.1,0.1,0.1,0
153.66,-2.8989,0.7822,129.5747,-0.0004,0.0,129.5747,,,,,,,,,,,,0.1,0.1,0.1,0.1,0
153.68,-2.8989,0.7822,129.5747,-0.0004,0.0,129.5747,,,,,,,,,,,,0.1,0.1,0.1,0.1,0
153.7,-2.8989,0.7822,129.5747,-0.0004,0.0,129.5747,,,,,,,,,,,,0.1,0.1,0.1,0.1,0
153.72,-2.8989,0.7822,129.5747,-0.0004,0.0,129.5747,,,,,,,,,,,,0.1,0.1,0.1,0.1,0
153.74,-2.8989,0.7822,129.5747,-0.0004,0.0,129.5747,,,,,,,,,,,,0.1,0.1,0.1,0.1,0
153.76,-2.8969,0.7774,129.5624,-0.0004,0.0,129.5624,,,,,,,,,,,,0.1,0.1,0.1,0.1,0
153.78,-2.8969,0.7774,129.5624,-0.0004,0.0,129.5624,,,,,,,,,,,,0.1,0.1,0.1,0.1,0
153.8,-2.8969,0.7774,129.5624,-0.0004,0.0,129.5624,,,,,,,,,,,,0.1,0.1,0.1,0.1,0
153.82,-2.8969,0.7774,129.5624,-0.0004,0.0,129.5624,,,,,,,,,,,,0.1,0.1,0.1,0.1,0
153.84,-2.8969,0.7774,129.5624,-0.0004,0.0,129.5624,,,,,,,,,,,,0.1,0.1,0.1,0.1,0
153.86,-2.8921,0.7781,129.5555,-0.0004,0.0,129.5555,,,,,,,,,,,,0.1,0.1,0.1,0.1,0
153.88,-2.8921,0.7781,129.5555,-0.0004,0.0,129.5555,,,,,,,,,,,,0.1,0.1,0.1,0.1,0
153.9,-2.8921,0.7781,129.5555,-0.0004,0.0,129.5555,,,,,,,,,,,,0.1,0.1,0.1,0.1,0
153.92,-2.8921,0.7781,129.5555,-0.0004,0.0,129.5555,,,,,,,,,,,,0.1,0.1,0.1,0.1,0
153.94,-2.8921,0.7781,129.5555,-0.0004,0.0,129.5555,,,,,,,,,,,,0.1,0.1,0.1,0.1,0
153.96,-2.8846,0.7799,129.5323,-0.0004,0.0,129.5323,,,,,,,,,,,,0.1,0.1,0.1,0.1,0
153.98,-2.8846,0.7799,129.5323,-0.0004,0.0,129.5323,,,,,,,,,,,,0.1,0.1,0.1,0.1,0
154.0,-2.8846,0.7799,129.5323,-0.0004,0.0,129.5323,,,,,,,,,,,,0.1,0.1,0.1,0.1,0
154.02,-2.8846,0.7799,129.5323,-0.0004,0.0,129.5323,,,,,,,,,,,,0.1,0.1,0.1,0.1,0
154.04,-2.8846,0.7799,129.5323,-0.0004,0.0,129.5323,,,,,,,,,,,,0.1,0.1,0.1,0.1,0
154.06,-2.9044,0.7741,129.5389,-0.0004,0.0,129.5389,,,,,,,,,,,,0.1,0.1,0.1,0.1,0
154.08,-2.9044,0.7741,129.5389,-0.0004,0.0,129.5389,,,,,,,,,,,,0.1,0.1,0.1,0.1,0
154.1,-2.9044,0.7741,129.5389,-0.0004,0.0,129.5389,,,,,,,,,,,,0.1,0.1,0.1,0.1,0
154.12,-2.9044,0.7741,129.5389,-0.0004,0.0,129.5389,,,,,,,,,,,,0.1,0.1,0.1,0.1,0
154.14,-2.9044,0.7741,129.5389,-0.0004,0.0,129.5389,,,,,,,,,,,,0.1,0.1,0.1,0.1,0
154.16,-2.8972,0.7734,129.5458,-0.0004,0.0,129.5458,,,,,,,,,,,,0.1,0.1,0.1,0.1,0
154.18,-2.8972,0.7734,129.5458,-0.0004,0.0,129.5458,,,,,,,,,,,,0.1,0.1,0.1,0.1,0
154.2,-2.8972,0.7734,129.5458,-0.0004,0.0,129.5458,,,,,,,,,,,,0.1,0.1,0.1,0.1,0
154.22,-2.8972,0.7734,129.5458,-0.0004,0.0,129.5458,,,,,,,,,,,,0.1,0.1,0.1,0.1,0
154.24,-2.8972,0.7734,129.5458,-0.0004,0.0,129.5458,,,,,,,,,,,,0.1,0.1,0.1,0.1,0
154.26,-2.8831,0.7858,129.5294,-0.0004,0.0,129.5294,,,,,,,,,,,,0.1,0.1,0.1,0.1,0
154.28,-2.8831,0.7858,129.5294,-0.0004,0.0,129.5294,,,,,,,,,,,,0.1,0.1,0.1,0.1,0
154.3,-2.8831,0.7858,129.5294,-0.0004,0.0,129.5294,,,,,,,,,,,,0.1,0.1,0.1,0.1,0
154.32,-2.8831,0.7858,129.5294,-0.0004,0.0,129.5294,,,,,,,,,,,,0.1,0.1,0.1,0.1,0
154.34,-2.8831,0.7858,129.5294,-0.0004,0.0,129.5294,,,,,,,,,,,,0.1,0.1,0.1,0.1,0
154.36,-2.8908,0.7906,129.5261,-0.0004,0.0,129.5261,,,,,,,,,,,,0.1,0.1,0.1,0.1,0
154.38,-2.8908,0.7906,129.5261,-0.0004,0.0,129.5261,,,,,,,,,,,,0.1,0.1,0.1,0.1,0
154.4,-2.8908,0.7906,129.5261,-0.0004,0.0,129.5261,,,,,,,,,,,,0.1,0.1,0.1,0.1,0
154.42,-2.8908,0.7906,129.5261,-0.0004,0.0,129.5261,,,,,,,,,,,,0.1,0.1,0.1,0.1,0
154.44,-2.8908,0.7906,129.5261,-0.0004,0.0,129.5261,,,,,,,,,,,,0.1,0.1,0.1,0.1,0
154.46,-2.8947,0.782,129.5088,-0.0004,0.0,129.5088,,,,,,,,,,,,0.1,0.1,0.1,0.1,0
154.48,-2.8947,0.782,129.5088,-0.0004,0.0,129.5088,,,,,,,,,,,,0.1,0.1,0.1,0.1,0
154.5,-2.8947,0.782,129.5088,-0.0004,0.0,129.5088,,,,,,,,,,,,0.1,0.1,0.1,0.1,0
154.52,-2.8947,0.782,129.5088,-0.0004,0.0,129.5088,,,,,,,,,,,,0.1,0.1,0.1,0.1,0
154.54,-2.8947,0.782,129.5088,-0.0004,0.0,129.5088,,,,,,,,,,,,0.1,0.1,0.1,0.1,0
154.56,-2.8892,0.7754,129.5169,-0.0004,0.0,129.5168,,,,,,,,,,,,0.1,0.1,0.1,0.1,0
154.58,-2.8892,0.7754,129.5169,-0.0004,0.0,129.5168,,,,,,,,,,,,0.1,0.1,0.1,0.1,0
154.6,-2.8892,0.7754,129.5169,-0.0004,0.0,129.5168,,,,,,,,,,,,0.1,0.1,0.1,0.1,0
154.62,-2.8892,0.7754,129.5169,-0.0004,0.0,129.5168,,,,,,,,,,,,0.1,0.1,0.1,0.1,0
154.64,-2.8892,0.7754,129.5169,-0.0004,0.0,129.5168,,,,,,,,,,,,0.1,0.1,0.1,0.1,0
154.66,-2.9057,0.7753,129.4969,-0.0004,0.0,129.4969,,,,,,,,,,,,0.1,0.1,0.1,0.1,0
154.68,-2.9057,0.7753,129.4969,-0.0004,0.0,129.4969,,,,,,,,,,,,0.1,0.1,0.1,0.1,0
154.7,-2.9057,0.7753,129.4969,-0.0004,0.0,129.4969,,,,,,,,,,,,0.1,0.1,0.1,0.1,0
154.72,-2.9057,0.7753,129.4969,-0.0004,0.0,129.4969,,,,,,,,,,,,0.1,0.1,0.1,0.1,0
154.74,-2.9057,0.7753,129.4969,-0.0004,0.0,129.4969,,,,,,,,,,,,0.1,0.1,0.1,0.1,0
154.76,-2.8952,0.7738,129.5157,-0.0004,0.0,129.5157,,,,,,,,,,,,0.1,0.1,0.1,0.1,0
154.78,-2.8952,0.7738,129.5157,-0.0004,0.0,129.5157,,,,,,,,,,,,0.1,0.1,0.1,0.1,0
154.8,-2.8952,0.7738,129.5157,-0.0004,0.0,129.5157,,,,,,,,,,,,0.1,0.1,0.1,0.1,0
154.82,-2.8952,0.7738,129.5157,-0.0004,0.0,129.5157,,,,,,,,,,,,0.1,0.1,0.1,0.1,0
154.84,-2.8952,0.7738,129.5157,-0.0004,0.0,129.5157,,,,,,,,,,,,0.1,0.1,0.1,0.1,0
154.86,-2.8991,0.7762,129.521,-0.0004,0.0,129.521,,,,,,,,,,,,0.1,0.1,0.1,0.1,0
154.88,-2.8991,0.7762,129.521,-0.0004,0.0,129.521,,,,,,,,,,,,0.1,0.1,0.1,0.1,0
154.9,-2.8991,0.7762,129.521,-0.0004,0.0,129.521,,,,,,,,,,,,0.1,0.1,0.1,0.1,0
154.92,-2.8991,0.7762,129.521,-0.0004,0.0,129.521,,,,,,,,,,,,0.1,0.1,0.1,0.1,0
154.94,-2.8991,0.7762,129.521,-0.0004,0.0,129.521,,,,,,,,,,,,0.1,0.1,0.1,0.1,0
154.96,-2.9023,0.7863,129.5161,-0.0004,0.0,129.5161,,,,,,,,,,,,0.1,0.1,0.1,0.1,0
154.98,-2.9023,0.7863,129.5161,-0.0004,0.0,129.5161,,,,,,,,,,,,0.1,0.1,0.1,0.1,0
155.0,-2.9023,0.7863,129.5161,-0.0004,0.0,129.5161,,,,,,,,,,,,0.1,0.1,0.1,0.1,0
155.02,-2.9023,0.7863,129.5161,-0.0004,0.0,129.5161,,,,,,,,,,,,0.1,0.1,0.1,0.1,0
155.04,-2.9023,0.7863,129.5161,-0.0004,0.0,129.5161,,,,,,,,,,,,0.1,0.1,0.1,0.1,0
155.06,-2.9077,0.7834,129.4927,-0.0004,0.0,129.4928,,,,,,,,,,,,0.1,0.1,0.1,0.1,0
155.08,-2.9077,0.7834,129.4927,-0.0004,0.0,129.4928,,,,,,,,,,,,0.1,0.1,0.1,0.1,0
155.1,-2.9077,0.7834,129.4927,-0.0004,0.0,129.4928,,,,,,,,,,,,0.1,0.1,0.1,0.1,0
155.12,-2.9077,0.7834,129.4927,-0.0004,0.0,129.4928,,,,,,,,,,,,0.1,0.1,0.1,0.1,0
155.14,-2.9077,0.7834,129.4927,-0.0004,0.0,129.4928,,,,,,,,,,,,0.1,0.1,0.1,0.1,0
155.16,-2.8906,0.7719,129.5,-0.0004,0.0,129.5,,,,,,,,,,,,0.1,0.1,0.1,0.1,0
155.18,-2.8906,0.7719,129.5,-0.0004,0.0,129.5,,,,,,,,,,,,0.1,0.1,0.1,0.1,0
155.2,-2.8906,0.7719,129.5,-0.0004,0.0,129.5,,,,,,,,,,,,0.1,0.1,0.1,0.1,0
155.22,-2.8906,0.7719,129.5,-0.0004,0.0,129.5,,,,,,,,,,,,0.1,0.1,0.1,0.1,0
155.24,-2.8906,0.7719,129.5,-0.0004,0.0,129.5,,,,,,,,,,,,0.1,0.1,0.1,0.1,0
155.26,-2.8943,0.7701,129.4882,-0.0004,0.0,129.4882,,,,,,,,,,,,0.1,0.1,0.1,0.1,0
155.28,-2.8943,0.7701,129.4882,-0.0004,0.0,129.4882,,,,,,,,,,,,0.1,0.1,0.1,0.1,0
155.3,-2.8943,0.7701,129.4882,-0.0004,0.0,129.4882,,,,,,,,,,,,0.1,0.1,0.1,0.1,0
155.32,-2.8943,0.7701,129.4882,-0.0004,0.0,129.4882,,,,,,,,,,,,0.1,0.1,0.1,0.1,0
155.34,-2.8943,0.7701,129.4882,-0.0004,0.0,129.4882,,,,,,,,,,,,0.1,0.1,0.1,0.1,0
155.36,-2.8975,0.7643,129.4983,-0.0004,0.0,129.4983,,,,,,,,,,,,0.1,0.1,0.1,0.1,0
155.38,-2.8975,0.7643,129.4983,-0.0004,0.0,129.4983,,,,,,,,,,,,0.1,0.1,0.1,0.1,0
155.4,-2.8975,0.7643,129.4983,-0.0004,0.0,129.4983,,,,,,,,,,,,0.1,0.1,0.1,0.1,0
155.42,-2.8975,0.7643,129.4983,-0.0004,0.0,129.4983,,,,,,,,,,,,0.1,0.1,0.1,0.1,0
155.44,-2.8975,0.7643,129.4983,-0.0004,0.0,129.4983,,,,,,,,,,,,0.1,0.1,0.1,0.1,0
155.46,-2.9064,0.7645,129.4913,-0.0004,0.0,129.4913,,,,,,,,,,,,0.1,0.1,0.1,0.1,0
155.48,-2.9064,0.7645,129.4913,-0.0004,0.0,129.4913,,,,,,,,,,,,0.1,0.1,0.1,0.1,0
155.5,-2.9064,0.7645,129.4913,-0.0004,0.0,129.4913,,,,,,,,,,,,0.1,0.1,0.1,0.1,0
155.52,-2.9064,0.7645,129.4913,-0.0004,0.0,129.4913,,,,,,,,,,,,0.1,0.1,0.1,0.1,0
155.54,-2.9064,0.7645,129.4913,-0.0004,0.0,129.4913,,,,,,,,,,,,0.1,0.1,0.1,0.1,0
155.56,-2.9111,0.7705,129.4924,-0.0004,0.0,129.4924,,,,,,,,,,,,0.1,0.1,0.1,0.1,0
155.58,-2.9111,0.7705,129.4924,-0.0004,0.0,129.4924,,,,,,,,,,,,0.1,0.1,0.1,0.1,0
155.6,-2.9111,0.7705,129.4924,-0.0004,0.0,129.4924,,,,,,,,,,,,0.1,0.1,0.1,0.1,0
155.62,-2.9111,0.7705,129.4924,-0.0004,0.0,129.4924,,,,,,,,,,,,0.1,0.1,0.1,0.1,0
155.64,-2.9111,0.7705,129.4924,-0.0004,0.0,129.4924,,,,,,,,,,,,0.1,0.1,0.1,0.1,0
155.66,-2.9224,0.7582,129.4791,-0.0004,0.0,129.4791,,,,,,,,,,,,0.1,0.1,0.1,0.1,0
155.68,-2.9224,0.7582,129.4791,-0.0004,0.0,129.4791,,,,,,,,,,,,0.1,0.1,0.1,0.1,0
155.7,-2.9224,0.7582,129.4791,-0.0004,0.0,129.4791,,,,,,,,,,,,0.1,0.1,0.1,0.1,0
155.72,-2.9224,0.7582,129.4791,-0.0004,0.0,129.4791,,,,,,,,,,,,0.1,0.1,0.1,0.1,0
155.74,-2.9224,0.7582,129.4791,-0.0004,0.0,129.4791,,,,,,,,,,,,0.1,0.1,0.1,0.1,0
155.76,-2.9125,0.7492,129.4895,-0.0004,0.0,129.4895,,,,,,,,,,,,0.1,0.1,0.1,0.1,0
155.78,-2.9125,0.7492,129.4895,-0.0004,0.0,129.4895,,,,,,,,,,,,0.1,0.1,0.1,0.1,0
155.8,-2.9125,0.7492,129.4895,-0.0004,0.0,129.4895,,,,,,,,,,,,0.1,0.1,0.1,0.1,0
155.82,-2.9125,0.7492,129.4895,-0.0004,0.0,129.4895,,,,,,,,,,,,0.1,0.1,0.1,0.1,0
155.84,-2.9125,0.7492,129.4895,-0.0004,0.0,129.4895,,,,,,,,,,,,0.1,0.1,0.1,0.1,0
155.86,-2.9004,0.7612,129.4812,-0.0004,0.0,129.4812,,,,,,,,,,,,0.1,0.1,0.1,0.1,0
155.88,-2.9004,0.7612,129.4812,-0.0004,0.0,129.4812,,,,,,,,,,,,0.1,0.1,0.1,0.1,0
155.9,-2.9004,0.7612,129.4812,-0.0004,0.0,129.4812,,,,,,,,,,,,0.1,0.1,0.1,0.1,0
155.92,-2.9004,0.7612,129.4812,-0.0004,0.0,129.4812,,,,,,,,,,,,0.1,0.1,0.1,0.1,0
155.94,-2.9004,0.7612,129.4812,-0.0004,0.0,129.4812,,,,,,,,,,,,0.1,0.1,0.1,0.1,0
155.96,-2.9029,0.7672,129.4798,-0.0004,0.0,129.4798,,,,,,,,,,,,0.1,0.1,0.1,0.1,0
155.98,-2.9029,0.7672,129.4798,-0.0004,0.0,129.4798,,,,,,,,,,,,0.1,0.1,0.1,0.1,0
156.0,-2.9029,0.7672,129.4798,-0.0004,0.0,129.4798,,,,,,,,,,,,0.1,0.1,0.1,0.1,0
156.02,-2.9029,0.7672,129.4798,-0.0004,0.0,129.4798,,,,,,,,,,,,0.1,0.1,0.1,0.1,0
156.04,-2.9029,0.7672,129.4798,-0.0004,0.0,129.4798,,,,,,,,,,,,0.1,0.1,0.1,0.1,0
156.06,-2.9105,0.7774,129.4586,-0.0004,0.0,129.4586,,,,,,,,,,,,0.1,0.1,0.1,0.1,0
156.08,-2.9105,0.7774,129.4586,-0.0004,0.0,129.4586,,,,,,,,,,,,0.1,0.1,0.1,0.1,0
156.1,-2.9105,0.7774,129.4586,-0.0004,0.0,129.4586,,,,,,,,,,,,0.1,0.1,0.1,0.1,0
156.12,-2.9105,0.7774,129.4586,-0.0004,0.0,129.4586,,,,,,,,,,,,0.1,0.1,0.1,0.1,0
156.14,-2.9105,0.7774,129.4586,-0.0004,0.0,129.4586,,,,,,,,,,,,0.1,0.1,0.1,0.1,0
156.16,-2.9025,0.7655,129.473,-0.0004,0.0,129.473,,,,,,,,,,,,0.1,0.1,0.1,0.1,0
156.18,-2.9025,0.7655,129.473,-0.0004,0.0,129.473,,,,,,,,,,,,0.126,0.126,0.126,0.126,0
156.2,-2.9025,0.7655,129.473,-0.0004,0.0,129.473,,,,,,,,,,,,0.126,0.126,0.126,0.126,0
156.22,-2.9025,0.7655,129.473,-0.0004,0.0,129.473,,,,,,,,,,,,0.126,0.126,0.126,0.126,0
156.24,-2.9025,0.7655,129.473,-0.0004,0.0,129.473,,,,,,,,,,,,0.126,0.126,0.126,0.126,0
156.26,-2.9051,0.7619,129.4823,-0.0003,0.0,129.5034,,,,,,,,,,,,0.126,0.126,0.126,0.126,0
156.28,-2.9051,0.7619,129.4823,-0.0003,0.0,129.5034,,,,,,,,,,,,0.194,0.264,0.251,0.208,0
156.3,-2.9051,0.7619,129.4823,-0.0003,0.0,129.5034,,,,,,,,,,,,0.194,0.264,0.251,0.208,0
156.32,-2.9051,0.7619,129.4823,-0.0003,0.0,129.5034,,,,,,,,,,,,0.194,0.264,0.251,0.208,0
156.34,-2.9051,0.7619,129.4823,-0.0003,0.0,129.5034,,,,,,,,,,,,0.194,0.264,0.251,0.208,0
156.36,-2.8833,0.7627,129.5556,-0.0002,0.0,129.7247,,,,,,,,,,,,0.194,0.264,0.251,0.208,0
156.38,-2.8833,0.7627,129.5556,-0.0002,0.0,129.7247,,,,,,,,,,,,0.19,0.265,0.25,0.19,0
156.4,-2.8833,0.7627,129.5556,-0.0002,0.0,129.7247,,,,,,,,,,,,0.19,0.265,0.25,0.19,0
156.42,-2.8833,0.7627,129.5556,-0.0002,0.0,129.7247,,,,,,,,,,,,0.19,0.265,0.25,0.19,0
156.44,-2.8833,0.7627,129.5556,-0.0002,0.0,129.7247,,,,,,,,,,,,0.19,0.265,0.25,0.19,0
156.46,-2.8823,0.7792,129.4548,-0.0001,0.0,129.89,,,,,,,,,,,,0.19,0.265,0.25,0.19,0
156.48,-2.8823,0.7792,129.4548,-0.0001,0.0,129.89,,,,,,,,,,,,0.185,0.288,0.25,0.188,0
156.5,-2.8823,0.7792,129.4548,-0.0001,0.0,129.89,,,,,,,,,,,,0.185,0.288,0.25,0.188,0
156.52,-2.8823,0.7792,129.4548,-0.0001,0.0,129.89,,,,,,,,,,,,0.185,0.288,0.25,0.188,0
156.54,-2.8823,0.7792,129.4548,-0.0001,0.0,129.89,,,,,,,,,,,,0.185,0.288,0.25,0.188,0
156.56,-2.8568,0.7755,129.5067,-0.0001,0.0,129.89,,,,,,,,,,,,0.185,0.288,0.25,0.188,0
156.58,-2.8568,0.7755,129.5067,-0.0001,0.0,129.89,,,,,,,,,,,,0.2,0.29,0.266,0.209,0
156.6,-2.8568,0.7755,129.5067,-0.0001,0.0,129.89,,,,,,,,,,,,0.2,0.29,0.266,0.209,0
156.62,-2.8568,0.7755,129.5067,-0.0001,0.0,129.89,,,,,,,,,,,,0.2,0.29,0.266,0.209,0
156.64,-2.8568,0.7755,129.5067,-0.0001,0.0,129.89,,,,,,,,,,,,0.2,0.29,0.266,0.209,0
156.66,-2.8743,0.771,129.4065,-0.0001,-0.0251,129.89,,,,,,,,,,,,0.2,0.29,0.266,0.209,0
156.68,-2.8743,0.771,129.4065,-0.0001,-0.0251,129.89,,,,,,,,,,,,0.184,0.305,0.259,0.212,0
156.7,-2.8743,0.771,129.4065,-0.0001,-0.0251,129.89,,,,,,,,,,,,0.184,0.305,0.259,0.212,0
156.72,-2.8743,0.771,129.4065,-0.0001,-0.0251,129.89,,,,,,,,,,,,0.184,0.305,0.259,0.212,0
156.74,-2.8743,0.771,129.4065,-0.0001,-0.0251,129.89,,,,,,,,,,,,0.184,0.305,0.259,0.212,0
156.76,-2.8337,0.7669,129.4254,-0.0,-0.0139,129.89,,,,,,,,,,,,0.184,0.305,0.259,0.212,0
156.78,-2.8337,0.7669,129.4254,-0.0,-0.0139,129.89,,,,,,,,,,,,0.19,0.3,0.268,0.208,0
156.8,-2.8337,0.7669,129.4254,-0.0,-0.0139,129.89,,,,,,,,,,,,0.19,0.3,0.268,0.208,0
156.82,-2.8337,0.7669,129.4254,-0.0,-0.0139,129.89,,,,,,,,,,,,0.19,0.3,0.268,0.208,0
156.84,-2.8337,0.7669,129.4254,-0.0,-0.0139,129.89,,,,,,,,,,,,0.19,0.3,0.268,0.208,0
156.86,-2.8281,0.7938,129.3533,-0.0,-0.0071,129.89,,,,,,,,,,,,0.19,0.3,0.268,0.208,0
156.88,-2.8281,0.7938,129.3533,-0.0,-0.0071,129.89,,,,,,,,,,,,0.178,0.307,0.257,0.211,0
156.9,-2.8281,0.7938,129.3533,-0.0,-0.0071,129.89,,,,,,,,,,,,0.178,0.307,0.257,0.211,0
156.92,-2.8281,0.7938,129.3533,-0.0,-0.0071,129.89,,,,,,,,,,,,0.178,0.307,0.257,0.211,0
156.94,-2.8281,0.7938,129.3533,-0.0,-0.0071,129.89,,,,,,,,,,,,0.178,0.307,0.257,0.211,0
156.96,-2.8043,0.7646,129.3742,-0.0,-0.0036,129.89,,,,,,,,,,,,0.178,0.307,0.257,0.211,0
156.98,-2.8043,0.7646,129.3742,-0.0,-0.0036,129.89,,,,,,,,,,,,0.183,0.302,0.265,0.204,0
157.0,-2.8043,0.7646,129.3742,-0.0,-0.0036,129.89,,,,,,,,,,,,0.183,0.302,0.265,0.204,0
157.02,-2.8043,0.7646,129.3742,-0.0,-0.0036,129.89,,,,,,,,,,,,0.183,0.302,0.265,0.204,0
157.04,-2.8043,0.7646,129.3742,-0.0,-0.0036,129.89,,,,,,,,,,,,0.183,0.302,0.265,0.204,0
157.06,-2.8456,0.7867,129.3171,-0.0,-0.0018,129.89,,,,,,,,,,,,0.183,0.302,0.265,0.204,0
157.08,-2.8456,0.7867,129.3171,-0.0,-0.0018,129.89,,,,,,,,,,,,0.171,0.31,0.274,0.182,0
157.1,-2.8456,0.7867,129.3171,-0.0,-0.0018,129.89,,,,,,,,,,,,0.171,0.31,0.274,0.182,0
157.12,-2.8456,0.7867,129.3171,-0.0,-0.0018,129.89,,,,,,,,,,,,0.171,0.31,0.274,0.182,0
157.14,-2.8456,0.7867,129.3171,-0.0,-0.0018,129.89,,,,,,,,,,,,0.171,0.31,0.274,0.182,0
157.16,-2.7599,0.7608,129.3139,-0.0,-0.0009,129.89,,,,,,,,,,,,0.171,0.31,0.274,0.182,0
157.18,-2.7599,0.7608,129.3139,-0.0,-0.0009,129.89,,,,,,,,,,,,0.189,0.299,0.249,0.221,0
157.2,-2.7599,0.7608,129.3139,-0.0,-0.0009,129.89,,,,,,,,,,,,0.189,0.299,0.249,0.221,0
157.22,-2.7599,0.7608,129.3139,-0.0,-0.0009,129.89,,,,,,,,,,,,0.189,0.299,0.249,0.221,0
157.24,-2.7599,0.7608,129.3139,-0.0,-0.0009,129.89,,,,,,,,,,,,0.189,0.299,0.249,0.221,0
157.26,-2.827,0.7639,129.2563,-0.0,-0.0005,129.89,,,,,,,,,,,,0.189,0.299,0.249,0.221,0
157.28,-2.827,0.7639,129.2563,-0.0,-0.0005,129.89,,,,,,,,,,,,0.171,0.316,0.27,0.194,0
157.3,-2.827,0.7639,129.2563,-0.0,-0.0005,129.89,,,,,,,,,,,,0.171,0.316,0.27,0.194,0
157.32,-2.827,0.7639,129.2563,-0.0,-0.0005,129.89,,,,,,,,,,,,0.171,0.316,0.27,0.194,0
157.34,-2.827,0.7639,129.2563,-0.0,-0.0005,129.89,,,,,,,,,,,,0.171,0.316,0.27,0.194,0
157.36,-2.8644,0.7711,129.2763,-0.0,-0.0004,129.89,,,,,,,,,,,,0.171,0.316,0.27,0.194,0
157.38,-2.8644,0.7711,129.2763,-0.0,-0.0004,129.89,,,,,,,,,,,,0.15,0.339,0.305,0.166,0
157.4,-2.8644,0.7711,129.2763,-0.0,-0.0004,129.89,,,,,,,,,,,,0.15,0.339,0.305,0.166,0
157.42,-2.8644,0.7711,129.2763,-0.0,-0.0004,129.89,,,,,,,,,,,,0.15,0.339,0.305,0.166,0
157.44,-2.8644,0.7711,129.2763,-0.0,-0.0004,129.89,,,,,,,,,,,,0.15,0.339,0.305,0.166,0
157.46,-2.8535,0.7663,129.2418,-0.0,-0.0004,129.89,,,,,,,,,,,,0.15,0.339,0.305,0.166,0
157.48,-2.8535,0.7663,129.2418,-0.0,-0.0004,129.89,,,,,,,,,,,,0.23,0.367,0.332,0.243,0
157.5,-2.8535,0.7663,129.2418,-0.0,-0.0004,129.89,,,,,,,,,,,,0.23,0.367,0.332,0.243,0
157.52,-2.8535,0.7663,129.2418,-0.0,-0.0004,129.89,,,,,,,,,,,,0.23,0.367,0.332,0.243,0
157.54,-2.8535,0.7663,129.2418,-0.0,-0.0004,129.89,,,,,,,,,,,,0.23,0.367,0.332,0.243,0
157.56,-2.7246,0.7992,129.3013,-0.0,-0.0004,129.89,,,,,,,,,,,,0.23,0.367,0.332,0.243,0
157.58,-2.7246,0.7992,129.3013,-0.0,-0.0004,129.89,,,,,,,,,,,,0.227,0.366,0.325,0.255,0
157.6,-2.7246,0.7992,129.3013,-0.0,-0.0004,129.89,,,,,,,,,,,,0.227,0.366,0.325,0.255,0
157.62,-2.7246,0.7992,129.3013,-0.0,-0.0004,129.89,,,,,,,,,,,,0.227,0.366,0.325,0.255,0
157.64,-2.7246,0.7992,129.3013,-0.0,-0.0004,129.89,,,,,,,,,,,,0.227,0.366,0.325,0.255,0
157.66,-2.6544,0.7788,129.202,-0.0,-0.0004,129.89,,,,,,,,,,,,0.227,0.366,0.325,0.255,0
157.68,-2.6544,0.7788,129.202,-0.0,-0.0004,129.89,,,,,,,,,,,,0.249,0.374,0.327,0.272,0
157.7,-2.6544,0.7788,129.202,-0.0,-0.0004,129.89,,,,,,,,,,,,0.249,0.374,0.327,0.272,0
157.72,-2.6544,0.7788,129.202,-0.0,-0.0004,129.89,,,,,,,,,,,,0.249,0.374,0.327,0.272,0
157.74,-2.6544,0.7788,129.202,-0.0,-0.0004,129.89,,,,,,,,,,,,0.249,0.374,0.327,0.272,0
157.76,-2.7138,0.7758,129.2628,-0.0,-0.0004,129.89,,,,,,,,,,,,0.249,0.374,0.327,0.272,0
157.78,-2.7138,0.7758,129.2628,-0.0,-0.0004,129.89,,,,,,,,,,,,0.254,0.409,0.374,0.275,0
157.8,-2.7138,0.7758,129.2628,-0.0,-0.0004,129.89,,,,,,,,,,,,0.254,0.409,0.374,0.275,0
157.82,-2.7138,0.7758,129.2628,-0.0,-0.0004,129.89,,,,,,,,,,,,0.254,0.409,0.374,0.275,0
157.84,-2.7138,0.7758,129.2628,-0.0,-0.0004,129.89,,,,,,,,,,,,0.254,0.409,0.374,0.275,0
157.86,-2.6123,0.7442,129.2298,-0.0,-0.0004,129.89,,,,,,,,,,,,0.254,0.409,0.374,0.275,0
157.88,-2.6123,0.7442,129.2298,-0.0,-0.0004,129.89,,,,,,,,,,,,0.251,0.417,0.371,0.283,0
157.9,-2.6123,0.7442,129.2298,-0.0,-0.0004,129.89,,,,,,,,,,,,0.251,0.417,0.371,0.283,0
157.92,-2.6123,0.7442,129.2298,-0.0,-0.0004,129.89,,,,,,,,,,,,0.251,0.417,0.371,0.283,0
157.94,-2.6123,0.7442,129.2298,-0.0,-0.0004,129.89,,,,,,,,,,,,0.251,0.417,0.371,0.283,0
157.96,-2.7175,0.72,129.2498,-0.0,-0.0004,129.89,,,,,,,,,,,,0.251,0.417,0.371,0.283,0
157.98,-2.7175,0.72,129.2498,-0.0,-0.0004,129.89,,,,,,,,,,,,0.252,0.416,0.374,0.279,0
158.0,-2.7175,0.72,129.2498,-0.0,-0.0004,129.89,,,,,,,,,,,,0.252,0.416,0.374,0.279,0
158.02,-2.7175,0.72,129.2498,-0.0,-0.0004,129.89,,,,,,,,,,,,0.252,0.416,0.374,0.279,0
158.04,-2.7175,0.72,129.2498,-0.0,-0.0004,129.89,,,,,,,,,,,,0.252,0.416,0.374,0.279,0
158.06,-2.6978,0.7453,129.2286,-0.0,-0.0004,129.89,,,,,,,,,,,,0.252,0.416,0.374,0.279,0
158.08,-2.6978,0.7453,129.2286,-0.0,-0.0004,129.89,,,,,,,,,,,,0.288,0.398,0.375,0.289,0
158.1,-2.6978,0.7453,129.2286,-0.0,-0.0004,129.89,,,,,,,,,,,,0.288,0.398,0.375,0.289,0
158.12,-2.6978,0.7453,129.2286,-0.0,-0.0004,129.89,,,,,,,,,,,,0.288,0.398,0.375,0.289,0
158.14,-2.6978,0.7453,129.2286,-0.0,-0.0004,129.89,,,,,,,,,,,,0.288,0.398,0.375,0.289,0
158.16,-2.5566,0.7607,129.1646,-0.0,-0.0004,129.89,,,,,,,,,,,,0.288,0.398,0.375,0.289,0
158.18,-2.5566,0.7607,129.1646,-0.0,-0.0004,129.89,,,,,,,,,,,,0.259,0.423,0.38,0.281,0
158.2,-2.5566,0.7607,129.1646,-0.0,-0.0004,129.89,,,,,,,,,,,,0.259,0.423,0.38,0.281,0
158.22,-2.5566,0.7607,129.1646,-0.0,-0.0004,129.89,,,,,,,,,,,,0.259,0.423,0.38,0.281,0
158.24,-2.5566,0.7607,129.1646,-0.0,-0.0004,129.89,,,,,,,,,,,,0.259,0.423,0.38,0.281,0
158.26,-2.5604,0.7624,129.3246,-0.0,-0.0004,129.89,,,,,,,,,,,,0.259,0.423,0.38,0.281,0
158.28,-2.5604,0.7624,129.3246,-0.0,-0.0004,129.89,,,,,,,,,,,,0.325,0.434,0.398,0.35,0
158.3,-2.5604,0.7624,129.3246,-0.0,-0.0004,129.89,,,,,,,,,,,,0.325,0.434,0.398,0.35,0
158.32,-2.5604,0.7624,129.3246,-0.0,-0.0004,129.89,,,,,,,,,,,,0.325,0.434,0.398,0.35,0
158.34,-2.5604,0.7624,129.3246,-0.0,-0.0004,129.89,,,,,,,,,,,,0.325,0.434,0.398,0.35,0
158.36,-2.6085,0.8602,129.4819,-0.0,-0.0002,130.0471,,,,,,,,,,,,0.325,0.434,0.398,0.35,0
158.38,-2.6085,0.8602,129.4819,-0.0,-0.0002,130.0471,,,,,,,,,,,,0.314,0.457,0.418,0.341,0
158.4,-2.6085,0.8602,129.4819,-0.0,-0.0002,130.0471,,,,,,,,,,,,0.314,0.457,0.418,0.341,0
158.42,-2.6085,0.8602,129.4819,-0.0,-0.0002,130.0471,,,,,,,,,,,,0.314,0.457,0.418,0.341,0
158.44,-2.6085,0.8602,129.4819,-0.0,-0.0002,130.0471,,,,,,,,,,,,0.314,0.457,0.418,0.341,0
158.46,-2.4844,0.9024,129.4513,-0.0,-0.0657,130.5361,,,,,,,,,,,,0.314,0.457,0.418,0.341,0
158.48,-2.4844,0.9024,129.4513,-0.0,-0.0657,130.5361,,,,,,,,,,,,0.34,0.476,0.398,0.369,0
158.5,-2.4844,0.9024,129.4513,-0.0,-0.0657,130.5361,,,,,,,,,,,,0.34,0.476,0.398,0.369,0
158.52,-2.4844,0.9024,129.4513,-0.0,-0.0657,130.5361,,,,,,,,,,,,0.34,0.476,0.398,0.369,0
158.54,-2.4844,0.9024,129.4513,-0.0,-0.0657,130.5361,,,,,,,,,,,,0.34,0.476,0.398,0.369,0
158.56,-2.5337,0.8598,129.3629,-0.0,-0.3114,131.2908,,,,,,,,,,,,0.34,0.476,0.398,0.369,0
158.58,-2.5337,0.8598,129.3629,-0.0,-0.3114,131.2908,,,,,,,,,,,,0.347,0.49,0.415,0.327,0
158.6,-2.5337,0.8598,129.3629,-0.0,-0.3114,131.2908,,,,,,,,,,,,0.347,0.49,0.415,0.327,0
158.62,-2.5337,0.8598,129.3629,-0.0,-0.3114,131.2908,,,,,,,,,,,,0.347,0.49,0.415,0.327,0
158.64,-2.5337,0.8598,129.3629,-0.0,-0.3114,131.2908,,,,,,,,,,,,0.347,0.49,0.415,0.327,0
158.66,-2.5761,0.894,129.5102,-0.0,-0.7301,131.4948,,,,,,,,,,,,0.347,0.49,0.415,0.327,0
158.68,-2.5761,0.894,129.5102,-0.0,-0.7301,131.4948,,,,,,,,,,,,0.312,0.504,0.423,0.331,0
158.7,-2.5761,0.894,129.5102,-0.0,-0.7301,131.4948,,,,,,,,,,,,0.312,0.504,0.423,0.331,0
158.72,-2.5761,0.894,129.5102,-0.0,-0.7301,131.4948,,,,,,,,,,,,0.312,0.504,0.423,0.331,0
158.74,-2.5761,0.894,129.5102,-0.0,-0.7301,131.4948,,,,,,,,,,,,0.312,0.504,0.423,0.331,0
158.76,-2.3809,0.9265,129.3237,-0.0,-1.3638,131.4979,,,,,,,,,,,,0.312,0.504,0.423,0.331,0
158.78,-2.3809,0.9265,129.3237,-0.0,-1.3638,131.4979,,,,,,,,,,,,0.314,0.506,0.393,0.362,0
158.8,-2.3809,0.9265,129.3237,-0.0,-1.3638,131.4979,,,,,,,,,,,,0.314,0.506,0.393,0.362,0
158.82,-2.3809,0.9265,129.3237,-0.0,-1.3638,131.4979,,,,,,,,,,,,0.314,0.506,0.393,0.362,0
158.84,-2.3809,0.9265,129.3237,-0.0,-1.3638,131.4979,,,,,,,,,,,,0.314,0.506,0.393,0.362,0
158.86,-2.3881,0.9637,129.388,-0.0,-1.9868,131.5556,,,,,,,,,,,,0.314,0.506,0.393,0.362,0
158.88,-2.3881,0.9637,129.388,-0.0,-1.9868,131.5556,,,,,,,,,,,,0.281,0.525,0.403,0.357,0
158.9,-2.3881,0.9637,129.388,-0.0,-1.9868,131.5556,,,,,,,,,,,,0.281,0.525,0.403,0.357,0
158.92,-2.3881,0.9637,129.388,-0.0,-1.9868,131.5556,,,,,,,,,,,,0.281,0.525,0.403,0.357,0
158.94,-2.3881,0.9637,129.388,-0.0,-1.9868,131.5556,,,,,,,,,,,,0.281,0.525,0.403,0.357,0
158.96,-2.4158,0.9154,129.4564,-0.0,-2.281,131.6143,,,,,,,,,,,,0.281,0.525,0.403,0.357,0
158.98,-2.4158,0.9154,129.4564,-0.0,-2.281,131.6143,,,,,,,,,,,,0.312,0.504,0.404,0.358,0
159.0,-2.4158,0.9154,129.4564,-0.0,-2.281,131.6143,,,,,,,,,,,,0.312,0.504,0.404,0.358,0
159.02,-2.4158,0.9154,129.4564,-0.0,-2.281,131.6143,,,,,,,,,,,,0.312,0.504,0.404,0.358,0
159.04,-2.4158,0.9154,129.4564,-0.0,-2.281,131.6143,,,,,,,,,,,,0.312,0.504,0.404,0.358,0
159.06,-2.3621,0.9079,129.2385,-0.0,-2.4399,131.7287,,,,,,,,,,,,0.312,0.504,0.404,0.358,0
159.08,-2.3621,0.9079,129.2385,-0.0,-2.4399,131.7287,,,,,,,,,,,,0.347,0.535,0.383,0.421,0
159.1,-2.3621,0.9079,129.2385,-0.0,-2.4399,131.7287,,,,,,,,,,,,0.347,0.535,0.383,0.421,0
159.12,-2.3621,0.9079,129.2385,-0.0,-2.4399,131.7287,,,,,,,,,,,,0.347,0.535,0.383,0.421,0
159.14,-2.3621,0.9079,129.2385,-0.0,-2.4399,131.7287,,,,,,,,,,,,0.347,0.535,0.383,0.421,0
159.16,-2.3373,0.9822,129.3303,-0.0,-3.0434,132.0966,,,,,,,,,,,,0.347,0.535,0.383,0.421,0
159.18,-2.3373,0.9822,129.3303,-0.0,-3.0434,132.0966,,,,,,,,,,,,0.331,0.565,0.417,0.405,0
159.2,-2.3373,0.9822,129.3303,-0.0,-3.0434,132.0966,,,,,,,,,,,,0.331,0.565,0.417,0.405,0
159.22,-2.3373,0.9822,129.3303,-0.0,-3.0434,132.0966,,,,,,,,,,,,0.331,0.565,0.417,0.405,0
159.24,-2.3373,0.9822,129.3303,-0.0,-3.0434,132.0966,,,,,,,,,,,,0.331,0.565,0.417,0.405,0
159.26,-2.1732,0.948,129.4574,-0.0,-3.7267,132.0966,,,,,,,,,,,,0.331,0.565,0.417,0.405,0
159.28,-2.1732,0.948,129.4574,-0.0,-3.7267,132.0966,,,,,,,,,,,,0.339,0.564,0.421,0.424,0
159.3,-2.1732,0.948,129.4574,-0.0,-3.7267,132.0966,,,,,,,,,,,,0.339,0.564,0.421,0.424,0
159.32,-2.1732,0.948,129.4574,-0.0,-3.7267,132.0966,,,,,,,,,,,,0.339,0.564,0.421,0.424,0
159.34,-2.1732,0.948,129.4574,-0.0,-3.7267,132.0966,,,,,,,,,,,,0.339,0.564,0.421,0.424,0
159.36,-1.7717,0.9437,129.4163,-0.0,-4.0902,132.2384,,,,,,,,,,,,0.339,0.564,0.421,0.424,0
159.38,-1.7717,0.9437,129.4163,-0.0,-4.0902,132.2384,,,,,,,,,,,,0.387,0.567,0.414,0.458,0
159.4,-1.7717,0.9437,129.4163,-0.0,-4.0902,132.2384,,,,,,,,,,,,0.387,0.567,0.414,0.458,0
159.42,-1.7717,0.9437,129.4163,-0.0,-4.0902,132.2384,,,,,,,,,,,,0.387,0.567,0.414,0.458,0
159.44,-1.7717,0.9437,129.4163,-0.0,-4.0902,132.2384,,,,,,,,,,,,0.387,0.567,0.414,0.458,0
159.46,-0.7586,0.8724,129.6057,-0.0,-4.2436,132.271,,,,,,,,,,,,0.387,0.567,0.414,0.458,0
159.48,-0.7586,0.8724,129.6057,-0.0,-4.2436,132.271,,,,,,,,,,,,0.397,0.581,0.428,0.485,0
159.5,-0.7586,0.8724,129.6057,-0.0,-4.2436,132.271,,,,,,,,,,,,0.397,0.581,0.428,0.485,0
159.52,-0.7586,0.8724,129.6057,-0.0,-4.2436,132.271,,,,,,,,,,,,0.397,0.581,0.428,0.485,0
159.54,-0.7586,0.8724,129.6057,-0.0,-4.2436,132.271,,,,,,,,,,,,0.397,0.581,0.428,0.485,0
159.56,1.1591,0.8832,130.0766,-0.0,-4.2697,132.654,,,,,,,,,,,,0.397,0.581,0.428,0.485,0
159.58,1.1591,0.8832,130.0766,-0.0,-4.2697,132.654,,,,,,,,,,,,0.429,0.557,0.416,0.497,0
159.6,1.1591,0.8832,130.0766,-0.0,-4.2697,132.654,,,,,,,,,,,,0.429,0.557,0.416,0.497,0
159.62,1.1591,0.8832,130.0766,-0.0,-4.2697,132.654,,,,,,,,,,,,0.429,0.557,0.416,0.497,0
159.64,1.1591,0.8832,130.0766,-0.0,-4.2697,132.654,,,,,,,,,,,,0.429,0.557,0.416,0.497,0
159.66,4.021,0.8824,130.2719,-0.1859,-4.2602,133.1788,,,,,,,,,,,,0.429,0.557,0.416,0.497,0
159.68,4.021,0.8824,130.2719,-0.1859,-4.2602,133.1788,,,,,,,,,,,,0.477,0.53,0.289,0.574,0
159.7,4.021,0.8824,130.2719,-0.1859,-4.2602,133.1788,,,,,,,,,,,,0.477,0.53,0.289,0.574,0
159.72,4.021,0.8824,130.2719,-0.1859,-4.2602,133.1788,,,,,,,,,,,,0.477,0.53,0.289,0.574,0
159.74,4.021,0.8824,130.2719,-0.1859,-4.2602,133.1788,,,,,,,,,,,,0.477,0.53,0.289,0.574,0
159.76,7.8387,0.5651,130.3999,-0.6099,-4.3192,133.6737,,,,,,,,,,,,0.477,0.53,0.289,0.574,0
159.78,7.8387,0.5651,130.3999,-0.6099,-4.3192,133.6737,,,,,,,,,,,,0.538,0.478,0.258,0.584,0
159.8,7.8387,0.5651,130.3999,-0.6099,-4.3192,133.6737,,,,,,,,,,,,0.538,0.478,0.258,0.584,0
159.82,7.8387,0.5651,130.3999,-0.6099,-4.3192,133.6737,,,,,,,,,,,,0.538,0.478,0.258,0.584,0
159.84,7.8387,0.5651,130.3999,-0.6099,-4.3192,133.6737,,,,,,,,,,,,0.538,0.478,0.258,0.584,0
159.86,11.8316,0.1442,131.7708,-1.1818,-4.7876,134.1552,,,,,,,,,,,,0.538,0.478,0.258,0.584,0
159.88,11.8316,0.1442,131.7708,-1.1818,-4.7876,134.1552,,,,,,,,,,,,0.464,0.525,0.155,0.651,0
159.9,11.8316,0.1442,131.7708,-1.1818,-4.7876,134.1552,,,,,,,,,,,,0.464,0.525,0.155,0.651,0
159.92,11.8316,0.1442,131.7708,-1.1818,-4.7876,134.1552,,,,,,,,,,,,0.464,0.525,0.155,0.651,0
159.94,11.8316,0.1442,131.7708,-1.1818,-4.7876,134.1552,,,,,,,,,,,,0.464,0.525,0.155,0.651,0
159.96,15.8962,0.1345,136.59,-2.4181,-5.4488,134.425,,,,,,,,,,,,0.464,0.525,0.155,0.651,0
159.98,15.8962,0.1345,136.59,-2.4181,-5.4488,134.425,,,,,,,,,,,,0.426,0.312,0.15,0.664,0
160.0,15.8962,0.1345,136.59,-2.4181,-5.4488,134.425,,,,,,,,,,,,0.426,0.312,0.15,0.664,0
160.02,15.8962,0.1345,136.59,-2.4181,-5.4488,134.425,,,,,,,,,,,,0.426,0.312,0.15,0.664,0
160.04,15.8962,0.1345,136.59,-2.4181,-5.4488,134.425,,,,,,,,,,,,0.426,0.312,0.15,0.664,0
160.06,20.7803,0.4023,144.9179,-4.2731,-4.4677,134.3724,,,,,,,,,,,,0.426,0.312,0.15,0.664,0
160.08,20.7803,0.4023,144.9179,-4.2731,-4.4677,134.3724,,,,,,,,,,,,0.402,0.179,0.15,0.6,0
160.1,20.7803,0.4023,144.9179,-4.2731,-4.4677,134.3724,,,,,,,,,,,,0.402,0.179,0.15,0.6,0
160.12,20.7803,0.4023,144.9179,-4.2731,-4.4677,134.3724,,,,,,,,,,,,0.402,0.179,0.15,0.6,0
160.14,20.7803,0.4023,144.9179,-4.2731,-4.4677,134.3724,,,,,,,,,,,,0.402,0.179,0.15,0.6,0
160.16,31.0751,-1.5808,152.2178,-5.5894,-2.5264,132.3815,,,,,,,,,,,,0.402,0.179,0.15,0.6,0
160.18,31.0751,-1.5808,152.2178,-5.5894,-2.5264,132.3815,,,,,,,,,,,,0.318,0.15,0.189,0.364,0
160.2,31.0751,-1.5808,152.2178,-5.5894,-2.5264,132.3815,,,,,,,,,,,,0.318,0.15,0.189,0.364,0
160.22,31.0751,-1.5808,152.2178,-5.5894,-2.5264,132.3815,,,,,,,,,,,,0.318,0.15,0.189,0.364,0
160.24,31.0751,-1.5808,152.2178,-5.5894,-2.5264,132.3815,,,,,,,,,,,,0.318,0.15,0.189,0.364,0
160.26,50.3225,-1.7499,153.9243,-4.6434,-1.2889,127.6764,,,,,,,,,,,,0.318,0.15,0.189,0.364,0
160.28,50.3225,-1.7499,153.9243,-4.6434,-1.2889,127.6764,,,,,,,,,,,,0.269,0.15,0.167,0.296,0
160.3,50.3225,-1.7499,153.9243,-4.6434,-1.2889,127.6764,,,,,,,,,,,,0.269,0.15,0.167,0.296,0
160.32,50.3225,-1.7499,153.9243,-4.6434,-1.2889,127.6764,,,,,,,,,,,,0.269,0.15,0.167,0.296,0
160.34,50.3225,-1.7499,153.9243,-4.6434,-1.2889,127.6764,,,,,,,,,,,,0.269,0.15,0.167,0.296,0
160.36,54.4724,-3.0357,158.4735,-2.3982,-0.6562,122.5147,,,,,,,,,,,,0.269,0.15,0.167,0.296,0
160.38,54.4724,-3.0357,158.4735,-2.3982,-0.6562,122.5147,,,,,,,,,,,,0.278,0.15,0.159,0.293,0
160.4,54.4724,-3.0357,158.4735,-2.3982,-0.6562,122.5147,,,,,,,,,,,,0.278,0.15,0.159,0.293,0
160.42,54.4724,-3.0357,158.4735,-2.3982,-0.6562,122.5147,,,,,,,,,,,,0.278,0.15,0.159,0.293,0
160.44,54.4724,-3.0357,158.4735,-2.3982,-0.6562,122.5147,,,,,,,,,,,,0.278,0.15,0.159,0.293,0
160.46,62.503,-2.3268,158.0507,-1.2245,-0.3346,120.0354,,,,,,,,,,,,0.278,0.15,0.159,0.293,0
160.48,62.503,-2.3268,158.0507,-1.2245,-0.3346,120.0354,,,,,,,,,,,,0.262,0.183,0.15,0.291,0
160.5,62.503,-2.3268,158.0507,-1.2245,-0.3346,120.0354,,,,,,,,,,,,0.262,0.183,0.15,0.291,0
160.52,62.503,-2.3268,158.0507,-1.2245,-0.3346,120.0354,,,,,,,,,,,,0.262,0.183,0.15,0.291,0
160.54,62.503,-2.3268,158.0507,-1.2245,-0.3346,120.0354,,,,,,,,,,,,0.262,0.183,0.15,0.291,0
160.56,64.292,-2.1097,157.8059,-0.6252,-0.1708,119.7996,,,,,,,,,,,,0.262,0.183,0.15,0.291,0
160.58,64.292,-2.1097,157.8059,-0.6252,-0.1708,119.7996,,,,,,,,,,,,0.286,0.152,0.15,0.289,0
160.6,64.292,-2.1097,157.8059,-0.6252,-0.1708,119.7996,,,,,,,,,,,,0.286,0.152,0.15,0.289,0
160.62,64.292,-2.1097,157.8059,-0.6252,-0.1708,119.7996,,,,,,,,,,,,0.286,0.152,0.15,0.289,0
160.64,64.292,-2.1097,157.8059,-0.6252,-0.1708,119.7996,,,,,,,,,,,,0.286,0.152,0.15,0.289,0
160.66,60.3703,-1.9157,157.7138,-0.3192,-0.0872,119.7996,,,,,,,,,,,,0.286,0.152,0.15,0.289,0
160.68,60.3703,-1.9157,157.7138,-0.3192,-0.0872,119.7996,,,,,,,,,,,,0.27,0.177,0.15,0.289,0
160.7,60.3703,-1.9157,157.7138,-0.3192,-0.0872,119.7996,,,,,,,,,,,,0.27,0.177,0.15,0.289,0
160.72,60.3703,-1.9157,157.7138,-0.3192,-0.0872,119.7996,,,,,,,,,,,,0.27,0.177,0.15,0.289,0
160.74,60.3703,-1.9157,157.7138,-0.3192,-0.0872,119.7996,,,,,,,,,,,,0.27,0.177,0.15,0.289,0
160.76,57.5191,-1.4027,157.5485,-0.163,-0.0445,119.7997,,,,,,,,,,,,0.27,0.177,0.15,0.289,0
160.78,57.5191,-1.4027,157.5485,-0.163,-0.0445,119.7997,,,,,,,,,,,,0.287,0.15,0.165,0.28,0
160.8,57.5191,-1.4027,157.5485,-0.163,-0.0445,119.7997,,,,,,,,,,,,0.287,0.15,0.165,0.28,0
160.82,57.5191,-1.4027,157.5485,-0.163,-0.0445,119.7997,,,,,,,,,,,,0.287,0.15,0.165,0.28,0
160.84,57.5191,-1.4027,157.5485,-0.163,-0.0445,119.7997,,,,,,,,,,,,0.287,0.15,0.165,0.28,0
160.86,58.8156,-1.8898,157.6373,-0.0832,-0.0227,119.7997,,,,,,,,,,,,0.287,0.15,0.165,0.28,0
160.88,58.8156,-1.8898,157.6373,-0.0832,-0.0227,119.7997,,,,,,,,,,,,0.28,0.158,0.15,0.291,0
160.9,58.8156,-1.8898,157.6373,-0.0832,-0.0227,119.7997,,,,,,,,,,,,0.28,0.158,0.15,0.291,0
160.92,58.8156,-1.8898,157.6373,-0.0832,-0.0227,119.7997,,,,,,,,,,,,0.28,0.158,0.15,0.291,0
160.94,58.8156,-1.8898,157.6373,-0.0832,-0.0227,119.7997,,,,,,,,,,,,0.28,0.158,0.15,0.291,0
160.96,58.8755,-1.9384,157.5995,-0.0425,-0.0116,119.7997,,,,,,,,,,,,0.28,0.158,0.15,0.291,0
160.98,58.8755,-1.9384,157.5995,-0.0425,-0.0116,119.7997,,,,,,,,,,,,0.278,0.162,0.15,0.291,0
161.0,58.8755,-1.9384,157.5995,-0.0425,-0.0116,119.7997,,,,,,,,,,,,0.278,0.162,0.15,0.291,0
161.02,58.8755,-1.9384,157.5995,-0.0425,-0.0116,119.7997,,,,,,,,,,,,0.278,0.162,0.15,0.291,0
161.04,58.8755,-1.9384,157.5995,-0.0425,-0.0116,119.7997,,,,,,,,,,,,0.278,0.162,0.15,0.291,0
161.06,58.8041,-1.8885,157.6498,-0.0217,-0.0059,119.7997,,,,,,,,,,,,0.278,0.162,0.15,0.291,0
161.08,58.8041,-1.8885,157.6498,-0.0217,-0.0059,119.7997,,,,,,,,,,,,0.286,0.15,0.151,0.29,0
161.1,58.8041,-1.8885,157.6498,-0.0217,-0.0059,119.7997,,,,,,,,,,,,0.286,0.15,0.151,0.29,0
161.12,58.8041,-1.8885,157.6498,-0.0217,-0.0059,119.7997,,,,,,,,,,,,0.286,0.15,0.151,0.29,0
161.14,58.8041,-1.8885,157.6498,-0.0217,-0.0059,119.7997,,,,,,,,,,,,0.286,0.15,0.151,0.29,0
161.16,58.7099,-1.8899,157.6735,-0.0111,-0.003,157.6735,,,,,,,,,,,,0.286,0.15,0.151,0.29,0
161.18,58.7099,-1.8899,157.6735,-0.0111,-0.003,157.6735,,,,,,,,,,,,0.0,0.0,0.0,0.0,0
161.2,58.7099,-1.8899,157.6735,-0.0111,-0.003,157.6735,,,,,,,,,,,,0.0,0.0,0.0,0.0,0
161.22,58.7099,-1.8899,157.6735,-0.0111,-0.003,157.6735,,,,,,,,,,,,0.0,0.0,0.0,0.0,0
161.24,58.7099,-1.8899,157.6735,-0.0111,-0.003,157.6735,,,,,,,,,,,,0.0,0.0,0.0,0.0,0
161.26,58.648,-1.8621,157.704,-0.0057,-0.0015,157.704,,,,,,,,,,,,0.0,0.0,0.0,0.0,0
161.28,58.648,-1.8621,157.704,-0.0057,-0.0015,157.704,,,,,,,,,,,,0.0,0.0,0.0,0.0,0
161.3,58.648,-1.8621,157.704,-0.0057,-0.0015,157.704,,,,,,,,,,,,0.0,0.0,0.0,0.0,0
161.32,58.648,-1.8621,157.704,-0.0057,-0.0015,157.704,,,,,,,,,,,,0.0,0.0,0.0,0.0,0
161.34,58.648,-1.8621,157.704,-0.0057,-0.0015,157.704,,,,,,,,,,,,0.0,0.0,0.0,0.0,0
161.36,58.6118,-1.856,157.722,-0.0029,-0.0008,157.722,,,,,,,,,,,,0.0,0.0,0.0,0.0,0
161.38,58.6118,-1.856,157.722,-0.0029,-0.0008,157.722,,,,,,,,,,,,0.0,0.0,0.0,0.0,0
161.4,58.6118,-1.856,157.722,-0.0029,-0.0008,157.722,,,,,,,,,,,,0.0,0.0,0.0,0.0,0
161.42,58.6118,-1.856,157.722,-0.0029,-0.0008,157.722,,,,,,,,,,,,0.0,0.0,0.0,0.0,0
161.44,58.6118,-1.856,157.722,-0.0029,-0.0008,157.722,,,,,,,,,,,,0.0,0.0,0.0,0.0,0
161.46,58.5689,-1.8464,157.7338,-0.0015,-0.0004,157.7338,,,,,,,,,,,,0.0,0.0,0.0,0.0,0
161.48,58.5689,-1.8464,157.7338,-0.0015,-0.0004,157.7338,,,,,,,,,,,,0.0,0.0,0.0,0.0,0
161.5,58.5689,-1.8464,157.7338,-0.0015,-0.0004,157.7338,,,,,,,,,,,,0.0,0.0,0.0,0.0,0
161.52,58.5689,-1.8464,157.7338,-0.0015,-0.0004,157.7338,,,,,,,,,,,,0.0,0.0,0.0,0.0,0
161.54,58.5689,-1.8464,157.7338,-0.0015,-0.0004,157.7338,,,,,,,,,,,,0.0,0.0,0.0,0.0,0
161.56,58.567,-1.8406,157.7479,-0.0008,-0.0002,157.7479,,,,,,,,,,,,0.0,0.0,0.0,0.0,0
161.58,58.567,-1.8406,157.7479,-0.0008,-0.0002,157.7479,,,,,,,,,,,,0.0,0.0,0.0,0.0,0
161.6,58.567,-1.8406,157.7479,-0.0008,-0.0002,157.7479,,,,,,,,,,,,0.0,0.0,0.0,0.0,0
161.62,58.567,-1.8406,157.7479,-0.0008,-0.0002,157.7479,,,,,,,,,,,,0.0,0.0,0.0,0.0,0
161.64,58.567,-1.8406,157.7479,-0.0008,-0.0002,157.7479,,,,,,,,,,,,0.0,0.0,0.0,0.0,0
161.66,58.5727,-1.8281,157.7761,-0.0004,-0.0001,157.7761,,,,,,,,,,,,0.0,0.0,0.0,0.0,0
161.68,58.5727,-1.8281,157.7761,-0.0004,-0.0001,157.7761,,,,,,,,,,,,0.0,0.0,0.0,0.0,0
161.7,58.5727,-1.8281,157.7761,-0.0004,-0.0001,157.7761,,,,,,,,,,,,0.0,0.0,0.0,0.0,0
161.72,58.5727,-1.8281,157.7761,-0.0004,-0.0001,157.7761,,,,,,,,,,,,0.0,0.0,0.0,0.0,0
161.74,58.5727,-1.8281,157.7761,-0.0004,-0.0001,157.7761,,,,,,,,,,,,0.0,0.0,0.0,0.0,0
161.76,58.5707,-1.8252,157.7854,-0.0004,-0.0001,157.7854,,,,,,,,,,,,0.0,0.0,0.0,0.0,0
161.78,58.5707,-1.8252,157.7854,-0.0004,-0.0001,157.7854,,,,,,,,,,,,0.0,0.0,0.0,0.0,0
161.8,58.5707,-1.8252,157.7854,-0.0004,-0.0001,157.7854,,,,,,,,,,,,0.0,0.0,0.0,0.0,0
161.82,58.5707,-1.8252,157.7854,-0.0004,-0.0001,157.7854,,,,,,,,,,,,0.0,0.0,0.0,0.0,0
161.84,58.5707,-1.8252,157.7854,-0.0004,-0.0001,157.7854,,,,,,,,,,,,0.0,0.0,0.0,0.0,0
161.86,58.5799,-1.8269,157.7933,-0.0004,-0.0001,157.7933,,,,,,,,,,,,0.0,0.0,0.0,0.0,0
161.88,58.5799,-1.8269,157.7933,-0.0004,-0.0001,157.7933,,,,,,,,,,,,0.0,0.0,0.0,0.0,0
161.9,58.5799,-1.8269,157.7933,-0.0004,-0.0001,157.7933,,,,,,,,,,,,0.0,0.0,0.0,0.0,0
161.92,58.5799,-1.8269,157.7933,-0.0004,-0.0001,157.7933,,,,,,,,,,,,0.0,0.0,0.0,0.0,0
161.94,58.5799,-1.8269,157.7933,-0.0004,-0.0001,157.7933,,,,,,,,,,,,0.0,0.0,0.0,0.0,0
161.96,58.5913,-1.8241,157.8043,-0.0004,-0.0001,157.8043,,,,,,,,,,,,0.0,0.0,0.0,0.0,0
161.98,58.5913,-1.8241,157.8043,-0.0004,-0.0001,157.8043,,,,,,,,,,,,0.0,0.0,0.0,0.0,0
162.0,58.5913,-1.8241,157.8043,-0.0004,-0.0001,157.8043,,,,,,,,,,,,0.0,0.0,0.0,0.0,0
162.02,58.5913,-1.8241,157.8043,-0.0004,-0.0001,157.8043,,,,,,,,,,,,0.0,0.0,0.0,0.0,0
162.04,58.5913,-1.8241,157.8043,-0.0004,-0.0001,157.8043,,,,,,,,,,,,0.0,0.0,0.0,0.0,0
162.06,58.6165,-1.8156,157.8263,-0.0004,-0.0001,157.8263,,,,,,,,,,,,0.0,0.0,0.0,0.0,0
162.08,58.6165,-1.8156,157.8263,-0.0004,-0.0001,157.8263,,,,,,,,,,,,0.0,0.0,0.0,0.0,0
162.1,58.6165,-1.8156,157.8263,-0.0004,-0.0001,157.8263,,,,,,,,,,,,0.0,0.0,0.0,0.0,0
162.12,58.6165,-1.8156,157.8263,-0.0004,-0.0001,157.8263,,,,,,,,,,,,0.0,0.0,0.0,0.0,0
162.14,58.6165,-1.8156,157.8263,-0.0004,-0.0001,157.8263,,,,,,,,,,,,0.0,0.0,0.0,0.0,0
162.16,58.6334,-1.8219,157.8307,-0.0004,-0.0001,157.8307,,,,,,,,,,,,0.0,0.0,0.0,0.0,0
162.18,58.6334,-1.8219,157.8307,-0.0004,-0.0001,157.8307,,,,,,,,,,,,0.0,0.0,0.0,0.0,0
162.2,58.6334,-1.8219,157.8307,-0.0004,-0.0001,157.8307,,,,,,,,,,,,0.0,0.0,0.0,0.0,0
162.22,58.6334,-1.8219,157.8307,-0.0004,-0.0001,157.8307,,,,,,,,,,,,0.0,0.0,0.0,0.0,0
162.24,58.6334,-1.8219,157.8307,-0.0004,-0.0001,157.8307,,,,,,,,,,,,0.0,0.0,0.0,0.0,0
162.26,58.6552,-1.8203,157.8451,-0.0004,-0.0001,157.8451,,,,,,,,,,,,0.0,0.0,0.0,0.0,0
162.28,58.6552,-1.8203,157.8451,-0.0004,-0.0001,157.8451,,,,,,,,,,,,0.0,0.0,0.0,0.0,0
162.3,58.6552,-1.8203,157.8451,-0.0004,-0.0001,157.8451,,,,,,,,,,,,0.0,0.0,0.0,0.0,0
162.32,58.6552,-1.8203,157.8451,-0.0004,-0.0001,157.8451,,,,,,,,,,,,0.0,0.0,0.0,0.0,0
162.34,58.6552,-1.8203,157.8451,-0.0004,-0.0001,157.8451,,,,,,,,,,,,0.0,0.0,0.0,0.0,0
162.36,58.6875,-1.8173,157.8605,-0.0004,-0.0001,157.8605,,,,,,,,,,,,0.0,0.0,0.0,0.0,0
162.38,58.6875,-1.8173,157.8605,-0.0004,-0.0001,157.8605,,,,,,,,,,,,0.0,0.0,0.0,0.0,0
162.4,58.6875,-1.8173,157.8605,-0.0004,-0.0001,157.8605,,,,,,,,,,,,0.0,0.0,0.0,0.0,0
162.42,58.6875,-1.8173,157.8605,-0.0004,-0.0001,157.8605,,,,,,,,,,,,0.0,0.0,0.0,0.0,0
162.44,58.6875,-1.8173,157.8605,-0.0004,-0.0001,157.8605,,,,,,,,,,,,0.0,0.0,0.0,0.0,0
162.46,58.7071,-1.8191,157.8773,-0.0004,-0.0001,157.8773,,,,,,,,,,,,0.0,0.0,0.0,0.0,0
162.48,58.7071,-1.8191,157.8773,-0.0004,-0.0001,157.8773,,,,,,,,,,,,0.0,0.0,0.0,0.0,0
162.5,58.7071,-1.8191,157.8773,-0.0004,-0.0001,157.8773,,,,,,,,,,,,0.0,0.0,0.0,0.0,0
162.52,58.7071,-1.8191,157.8773,-0.0004,-0.0001,157.8773,,,,,,,,,,,,0.0,0.0,0.0,0.0,0
162.54,58.7071,-1.8191,157.8773,-0.0004,-0.0001,157.8773,,,,,,,,,,,,0.0,0.0,0.0,0.0,0
162.56,58.7253,-1.8206,157.8913,-0.0004,-0.0001,157.8913,,,,,,,,,,,,0.0,0.0,0.0,0.0,0
162.58,58.7253,-1.8206,157.8913,-0.0004,-0.0001,157.8913,,,,,,,,,,,,0.0,0.0,0.0,0.0,0
162.6,58.7253,-1.8206,157.8913,-0.0004,-0.0001,157.8913,,,,,,,,,,,,0.0,0.0,0.0,0.0,0
162.62,58.7253,-1.8206,157.8913,-0.0004,-0.0001,157.8913,,,,,,,,,,,,0.0,0.0,0.0,0.0,0
162.64,58.7253,-1.8206,157.8913,-0.0004,-0.0001,157.8913,,,,,,,,,,,,0.0,0.0,0.0,0.0,0
162.66,58.7524,-1.8238,157.9065,-0.0004,-0.0001,157.9065,,,,,,,,,,,,0.0,0.0,0.0,0.0,0
162.68,58.7524,-1.8238,157.9065,-0.0004,-0.0001,157.9065,,,,,,,,,,,,0.0,0.0,0.0,0.0,0
162.7,58.7524,-1.8238,157.9065,-0.0004,-0.0001,157.9065,,,,,,,,,,,,0.0,0.0,0.0,0.0,0
162.72,58.7524,-1.8238,157.9065,-0.0004,-0.0001,157.9065,,,,,,,,,,,,0.0,0.0,0.0,0.0,0
162.74,58.7524,-1.8238,157.9065,-0.0004,-0.0001,157.9065,,,,,,,,,,,,0.0,0.0,0.0,0.0,0
162.76,58.768,-1.8343,157.9205,-0.0004,-0.0001,157.9205,,,,,,,,,,,,0.0,0.0,0.0,0.0,0
162.78,58.768,-1.8343,157.9205,-0.0004,-0.0001,157.9205,,,,,,,,,,,,0.0,0.0,0.0,0.0,0
162.8,58.768,-1.8343,157.9205,-0.0004,-0.0001,157.9205,,,,,,,,,,,,0.0,0.0,0.0,0.0,0
162.82,58.768,-1.8343,157.9205,-0.0004,-0.0001,157.9205,,,,,,,,,,,,0.0,0.0,0.0,0.0,0
162.84,58.768,-1.8343,157.9205,-0.0004,-0.0001,157.9205,,,,,,,,,,,,0.0,0.0,0.0,0.0,0
162.86,58.7866,-1.8528,157.9356,-0.0004,-0.0001,157.9356,,,,,,,,,,,,0.0,0.0,0.0,0.0,0
162.88,58.7866,-1.8528,157.9356,-0.0004,-0.0001,157.9356,,,,,,,,,,,,0.0,0.0,0.0,0.0,0
162.9,58.7866,-1.8528,157.9356,-0.0004,-0.0001,157.9356,,,,,,,,,,,,0.0,0.0,0.0,0.0,0
162.92,58.7866,-1.8528,157.9356,-0.0004,-0.0001,157.9356,,,,,,,,,,,,0.0,0.0,0.0,0.0,0
162.94,58.7866,-1.8528,157.9356,-0.0004,-0.0001,157.9356,,,,,,,,,,,,0.0,0.0,0.0,0.0,0
162.96,58.7958,-1.8797,157.9543,-0.0004,-0.0001,157.9543,,,,,,,,,,,,0.0,0.0,0.0,0.0,0
162.98,58.7958,-1.8797,157.9543,-0.0004,-0.0001,157.9543,,,,,,,,,,,,0.0,0.0,0.0,0.0,0
163.0,58.7958,-1.8797,157.9543,-0.0004,-0.0001,157.9543,,,,,,,,,,,,0.0,0.0,0.0,0.0,0
163.02,58.7958,-1.8797,157.9543,-0.0004,-0.0001,157.9543,,,,,,,,,,,,0.0,0.0,0.0,0.0,0
163.04,58.7958,-1.8797,157.9543,-0.0004,-0.0001,157.9543,,,,,,,,,,,,0.0,0.0,0.0,0.0,0
163.06,58.8139,-1.9055,157.9702,-0.0004,-0.0001,157.9702,,,,,,,,,,,,0.0,0.0,0.0,0.0,0
163.08,58.8139,-1.9055,157.9702,-0.0004,-0.0001,157.9702,,,,,,,,,,,,0.0,0.0,0.0,0.0,0
163.1,58.8139,-1.9055,157.9702,-0.0004,-0.0001,157.9702,,,,,,,,,,,,0.0,0.0,0.0,0.0,0
163.12,58.8139,-1.9055,157.9702,-0.0004,-0.0001,157.9702,,,,,,,,,,,,0.0,0.0,0.0,0.0,0
163.14,58.8139,-1.9055,157.9702,-0.0004,-0.0001,157.9702,,,,,,,,,,,,0.0,0.0,0.0,0.0,0
163.16,58.8373,-1.9185,157.9891,-0.0004,-0.0001,157.9891,,,,,,,,,,,,0.0,0.0,0.0,0.0,0
163.18,58.8373,-1.9185,157.9891,-0.0004,-0.0001,157.9891,,,,,,,,,,,,0.0,0.0,0.0,0.0,0
163.2,58.8373,-1.9185,157.9891,-0.0004,-0.0001,157.9891,,,,,,,,,,,,0.0,0.0,0.0,0.0,0
163.22,58.8373,-1.9185,157.9891,-0.0004,-0.0001,157.9891,,,,,,,,,,,,0.0,0.0,0.0,0.0,0
163.24,58.8373,-1.9185,157.9891,-0.0004,-0.0001,157.9891,,,,,,,,,,,,0.0,0.0,0.0,0.0,0
163.26,58.868,-1.9185,158.0079,-0.0004,-0.0001,158.0079,,,,,,,,,,,,0.0,0.0,0.0,0.0,0
163.28,58.868,-1.9185,158.0079,-0.0004,-0.0001,158.0079,,,,,,,,,,,,0.0,0.0,0.0,0.0,0
163.3,58.868,-1.9185,158.0079,-0.0004,-0.0001,158.0079,,,,,,,,,,,,0.0,0.0,0.0,0.0,0
163.32,58.868,-1.9185,158.0079,-0.0004,-0.0001,158.0079,,,,,,,,,,,,0.0,0.0,0.0,0.0,0
163.34,58.868,-1.9185,158.0079,-0.0004,-0.0001,158.0079,,,,,,,,,,,,0.0,0.0,0.0,0.0,0
163.36,58.8962,-1.9284,158.0259,-0.0004,-0.0001,158.0259,,,,,,,,,,,,0.0,0.0,0.0,0.0,0
163.38,58.8962,-1.9284,158.0259,-0.0004,-0.0001,158.0259,,,,,,,,,,,,0.0,0.0,0.0,0.0,0
163.4,58.8962,-1.9284,158.0259,-0.0004,-0.0001,158.0259,,,,,,,,,,,,0.0,0.0,0.0,0.0,0
163.42,58.8962,-1.9284,158.0259,-0.0004,-0.0001,158.0259,,,,,,,,,,,,0.0,0.0,0.0,0.0,0
163.44,58.8962,-1.9284,158.0259,-0.0004,-0.0001,158.0259,,,,,,,,,,,,0.0,0.0,0.0,0.0,0
163.46,58.9181,-1.9509,158.0459,-0.0004,-0.0001,158.0458,,,,,,,,,,,,0.0,0.0,0.0,0.0,0
163.48,58.9181,-1.9509,158.0459,-0.0004,-0.0001,158.0458,,,,,,,,,,,,0.0,0.0,0.0,0.0,0
163.5,58.9181,-1.9509,158.0459,-0.0004,-0.0001,158.0458,,,,,,,,,,,,0.0,0.0,0.0,0.0,0
163.52,58.9181,-1.9509,158.0459,-0.0004,-0.0001,158.0458,,,,,,,,,,,,0.0,0.0,0.0,0.0,0
163.54,58.9181,-1.9509,158.0459,-0.0004,-0.0001,158.0458,,,,,,,,,,,,0.0,0.0,0.0,0.0,0
163.56,58.937,-1.9768,158.0647,-0.0004,-0.0001,158.0647,,,,,,,,,,,,0.0,0.0,0.0,0.0,0
163.58,58.937,-1.9768,158.0647,-0.0004,-0.0001,158.0647,,,,,,,,,,,,0.0,0.0,0.0,0.0,0
163.6,58.937,-1.9768,158.0647,-0.0004,-0.0001,158.0647,,,,,,,,,,,,0.0,0.0,0.0,0.0,0
163.62,58.937,-1.9768,158.0647,-0.0004,-0.0001,158.0647,,,,,,,,,,,,0.0,0.0,0.0,0.0,0
163.64,58.937,-1.9768,158.0647,-0.0004,-0.0001,158.0647,,,,,,,,,,,,0.0,0.0,0.0,0.0,0
163.66,58.9574,-2.0047,158.0831,-0.0004,-0.0001,158.0831,,,,,,,,,,,,0.0,0.0,0.0,0.0,0
163.68,58.9574,-2.0047,158.0831,-0.0004,-0.0001,158.0831,,,,,,,,,,,,0.0,0.0,0.0,0.0,0
163.7,58.9574,-2.0047,158.0831,-0.0004,-0.0001,158.0831,,,,,,,,,,,,0.0,0.0,0.0,0.0,0
163.72,58.9574,-2.0047,158.0831,-0.0004,-0.0001,158.0831,,,,,,,,,,,,0.0,0.0,0.0,0.0,0
163.74,58.9574,-2.0047,158.0831,-0.0004,-0.0001,158.0831,,,,,,,,,,,,0.0,0.0,0.0,0.0,0
163.76,58.976,-2.0304,158.1043,-0.0004,-0.0001,158.1043,,,,,,,,,,,,0.0,0.0,0.0,0.0,0
163.78,58.976,-2.0304,158.1043,-0.0004,-0.0001,158.1043,,,,,,,,,,,,0.0,0.0,0.0,0.0,0
163.8,58.976,-2.0304,158.1043,-0.0004,-0.0001,158.1043,,,,,,,,,,,,0.0,0.0,0.0,0.0,0
163.82,58.976,-2.0304,158.1043,-0.0004,-0.0001,158.1043,,,,,,,,,,,,0.0,0.0,0.0,0.0,0
163.84,58.976,-2.0304,158.1043,-0.0004,-0.0001,158.1043,,,,,,,,,,,,0.0,0.0,0.0,0.0,0
163.86,58.9937,-2.0578,158.1238,-0.0004,-0.0001,158.1238,,,,,,,,,,,,0.0,0.0,0.0,0.0,0
163.88,58.9937,-2.0578,158.1238,-0.0004,-0.0001,158.1238,,,,,,,,,,,,0.0,0.0,0.0,0.0,0
163.9,58.9937,-2.0578,158.1238,-0.0004,-0.0001,158.1238,,,,,,,,,,,,0.0,0.0,0.0,0.0,0
163.92,58.9937,-2.0578,158.1238,-0.0004,-0.0001,158.1238,,,,,,,,,,,,0.0,0.0,0.0,0.0,0
163.94,58.9937,-2.0578,158.1238,-0.0004,-0.0001,158.1238,,,,,,,,,,,,0.0,0.0,0.0,0.0,0
163.96,59.0068,-2.0831,158.1433,-0.0004,-0.0001,158.1433,,,,,,,,,,,,0.0,0.0,0.0,0.0,0
163.98,59.0068,-2.0831,158.1433,-0.0004,-0.0001,158.1433,,,,,,,,,,,,0.0,0.0,0.0,0.0,0
164.0,59.0068,-2.0831,158.1433,-0.0004,-0.0001,158.1433,,,,,,,,,,,,0.0,0.0,0.0,0.0,0
164.02,59.0068,-2.0831,158.1433,-0.0004,-0.0001,158.1433,,,,,,,,,,,,0.0,0.0,0.0,0.0,0
164.04,59.0068,-2.0831,158.1433,-0.0004,-0.0001,158.1433,,,,,,,,,,,,0.0,0.0,0.0,0.0,0
164.06,59.0223,-2.0941,158.1614,-0.0004,-0.0001,158.1614,,,,,,,,,,,,0.0,0.0,0.0,0.0,0
164.08,59.0223,-2.0941,158.1614,-0.0004,-0.0001,158.1614,,,,,,,,,,,,0.0,0.0,0.0,0.0,0
164.1,59.0223,-2.0941,158.1614,-0.0004,-0.0001,158.1614,,,,,,,,,,,,0.0,0.0,0.0,0.0,0
164.12,59.0223,-2.0941,158.1614,-0.0004,-0.0001,158.1614,,,,,,,,,,,,0.0,0.0,0.0,0.0,0
164.14,59.0223,-2.0941,158.1614,-0.0004,-0.0001,158.1614,,,,,,,,,,,,0.0,0.0,0.0,0.0,0
164.16,59.0797,-2.0344,158.1666,-0.0004,-0.0001,158.1666,,,,,,,,,,,,0.0,0.0,0.0,0.0,0
164.18,59.0797,-2.0344,158.1666,-0.0004,-0.0001,158.1666,,,,,,,,,,,,0.0,0.0,0.0,0.0,0
164.2,59.0797,-2.0344,158.1666,-0.0004,-0.0001,158.1666,,,,,,,,,,,,0.0,0.0,0.0,0.0,0
164.22,59.0797,-2.0344,158.1666,-0.0004,-0.0001,158.1666,,,,,,,,,,,,0.0,0.0,0.0,0.0,0
164.24,59.0797,-2.0344,158.1666,-0.0004,-0.0001,158.1666,,,,,,,,,,,,0.0,0.0,0.0,0.0,0
164.26,59.1574,-1.934,158.17,-0.0004,-0.0001,158.17,,,,,,,,,,,,0.0,0.0,0.0,0.0,0
164.28,59.1574,-1.934,158.17,-0.0004,-0.0001,158.17,,,,,,,,,,,,0.0,0.0,0.0,0.0,0
164.3,59.1574,-1.934,158.17,-0.0004,-0.0001,158.17,,,,,,,,,,,,0.0,0.0,0.0,0.0,0
164.32,59.1574,-1.934,158.17,-0.0004,-0.0001,158.17,,,,,,,,,,,,0.0,0.0,0.0,0.0,0
164.34,59.1574,-1.934,158.17,-0.0004,-0.0001,158.17,,,,,,,,,,,,0.0,0.0,0.0,0.0,0
164.36,59.1971,-1.8783,158.1772,-0.0004,-0.0001,158.1772,,,,,,,,,,,,0.0,0.0,0.0,0.0,0
164.38,59.1971,-1.8783,158.1772,-0.0004,-0.0001,158.1772,,,,,,,,,,,,0.0,0.0,0.0,0.0,0
164.4,59.1971,-1.8783,158.1772,-0.0004,-0.0001,158.1772,,,,,,,,,,,,0.0,0.0,0.0,0.0,0
164.42,59.1971,-1.8783,158.1772,-0.0004,-0.0001,158.1772,,,,,,,,,,,,0.0,0.0,0.0,0.0,0
164.44,59.1971,-1.8783,158.1772,-0.0004,-0.0001,158.1772,,,,,,,,,,,,0.0,0.0,0.0,0.0,0
164.46,59.2068,-1.8629,158.1866,-0.0004,-0.0001,158.1866,,,,,,,,,,,,0.0,0.0,0.0,0.0,0
164.48,59.2068,-1.8629,158.1866,-0.0004,-0.0001,158.1866,,,,,,,,,,,,0.0,0.0,0.0,0.0,0
164.5,59.2068,-1.8629,158.1866,-0.0004,-0.0001,158.1866,,,,,,,,,,,,0.0,0.0,0.0,0.0,0
164.52,59.2068,-1.8629,158.1866,-0.0004,-0.0001,158.1866,,,,,,,,,,,,0.0,0.0,0.0,0.0,0
164.54,59.2068,-1.8629,158.1866,-0.0004,-0.0001,158.1866,,,,,,,,,,,,0.0,0.0,0.0,0.0,0
164.56,59.207,-1.8548,158.1967,-0.0004,-0.0001,158.1967,,,,,,,,,,,,0.0,0.0,0.0,0.0,0
164.58,59.207,-1.8548,158.1967,-0.0004,-0.0001,158.1967,,,,,,,,,,,,0.0,0.0,0.0,0.0,0
164.6,59.207,-1.8548,158.1967,-0.0004,-0.0001,158.1967,,,,,,,,,,,,0.0,0.0,0.0,0.0,0
164.62,59.207,-1.8548,158.1967,-0.0004,-0.0001,158.1967,,,,,,,,,,,,0.0,0.0,0.0,0.0,0
164.64,59.207,-1.8548,158.1967,-0.0004,-0.0001,158.1967,,,,,,,,,,,,0.0,0.0,0.0,0.0,0
164.66,59.2067,-1.8509,158.2051,-0.0004,-0.0001,158.2051,,,,,,,,,,,,0.0,0.0,0.0,0.0,0
164.68,59.2067,-1.8509,158.2051,-0.0004,-0.0001,158.2051,,,,,,,,,,,,0.0,0.0,0.0,0.0,0
164.7,59.2067,-1.8509,158.2051,-0.0004,-0.0001,158.2051,,,,,,,,,,,,0.0,0.0,0.0,0.0,0
164.72,59.2067,-1.8509,158.2051,-0.0004,-0.0001,158.2051,,,,,,,,,,,,0.0,0.0,0.0,0.0,0
164.74,59.2067,-1.8509,158.2051,-0.0004,-0.0001,158.2051,,,,,,,,,,,,0.0,0.0,0.0,0.0,0
164.76,59.204,-1.8493,158.2173,-0.0004,-0.0001,158.2173,,,,,,,,,,,,0.0,0.0,0.0,0.0,0
164.78,59.204,-1.8493,158.2173,-0.0004,-0.0001,158.2173,,,,,,,,,,,,0.0,0.0,0.0,0.0,0
164.8,59.204,-1.8493,158.2173,-0.0004,-0.0001,158.2173,,,,,,,,,,,,0.0,0.0,0.0,0.0,0
164.82,59.204,-1.8493,158.2173,-0.0004,-0.0001,158.2173,,,,,,,,,,,,0.0,0.0,0.0,0.0,0
164.84,59.204,-1.8493,158.2173,-0.0004,-0.0001,158.2173,,,,,,,,,,,,0.0,0.0,0.0,0.0,0
164.86,59.2065,-1.8433,158.23,-0.0004,-0.0001,158.23,,,,,,,,,,,,0.0,0.0,0.0,0.0,0
164.88,59.2065,-1.8433,158.23,-0.0004,-0.0001,158.23,,,,,,,,,,,,0.0,0.0,0.0,0.0,0
164.9,59.2065,-1.8433,158.23,-0.0004,-0.0001,158.23,,,,,,,,,,,,0.0,0.0,0.0,0.0,0
164.92,59.2065,-1.8433,158.23,-0.0004,-0.0001,158.23,,,,,,,,,,,,0.0,0.0,0.0,0.0,0
164.94,59.2065,-1.8433,158.23,-0.0004,-0.0001,158.23,,,,,,,,,,,,0.0,0.0,0.0,0.0,0
164.96,59.2094,-1.8368,158.2397,-0.0004,-0.0001,158.2397,,,,,,,,,,,,0.0,0.0,0.0,0.0,0
164.98,59.2094,-1.8368,158.2397,-0.0004,-0.0001,158.2397,,,,,,,,,,,,0.0,0.0,0.0,0.0,0
165.0,59.2094,-1.8368,158.2397,-0.0004,-0.0001,158.2397,,,,,,,,,,,,0.0,0.0,0.0,0.0,0
165.02,59.2094,-1.8368,158.2397,-0.0004,-0.0001,158.2397,,,,,,,,,,,,0.0,0.0,0.0,0.0,0
165.04,59.2094,-1.8368,158.2397,-0.0004,-0.0001,158.2397,,,,,,,,,,,,0.0,0.0,0.0,0.0,0
165.06,59.2085,-1.8313,158.2445,-0.0004,-0.0001,158.2445,,,,,,,,,,,,0.0,0.0,0.0,0.0,0
165.08,59.2085,-1.8313,158.2445,-0.0004,-0.0001,158.2445,,,,,,,,,,,,0.0,0.0,0.0,0.0,0
165.1,59.2085,-1.8313,158.2445,-0.0004,-0.0001,158.2445,,,,,,,,,,,,0.0,0.0,0.0,0.0,0
165.12,59.2085,-1.8313,158.2445,-0.0004,-0.0001,158.2445,,,,,,,,,,,,0.0,0.0,0.0,0.0,0
165.14,59.2085,-1.8313,158.2445,-0.0004,-0.0001,158.2445,,,,,,,,,,,,0.0,0.0,0.0,0.0,0
165.16,59.2059,-1.8263,158.2556,-0.0004,-0.0001,158.2556,,,,,,,,,,,,0.0,0.0,0.0,0.0,0
165.18,59.2059,-1.8263,158.2556,-0.0004,-0.0001,158.2556,,,,,,,,,,,,0.0,0.0,0.0,0.0,0
165.2,59.2059,-1.8263,158.2556,-0.0004,-0.0001,158.2556,,,,,,,,,,,,0.0,0.0,0.0,0.0,0
165.22,59.2059,-1.8263,158.2556,-0.0004,-0.0001,158.2556,,,,,,,,,,,,0.0,0.0,0.0,0.0,0
165.24,59.2059,-1.8263,158.2556,-0.0004,-0.0001,158.2556,,,,,,,,,,,,0.0,0.0,0.0,0.0,0
165.26,59.2052,-1.8242,158.2639,-0.0004,-0.0001,158.2639,,,,,,,,,,,,0.0,0.0,0.0,0.0,0
165.28,59.2052,-1.8242,158.2639,-0.0004,-0.0001,158.2639,,,,,,,,,,,,0.0,0.0,0.0,0.0,0
165.3,59.2052,-1.8242,158.2639,-0.0004,-0.0001,158.2639,,,,,,,,,,,,0.0,0.0,0.0,0.0,0
165.32,59.2052,-1.8242,158.2639,-0.0004,-0.0001,158.2639,,,,,,,,,,,,0.0,0.0,0.0,0.0,0
165.34,59.2052,-1.8242,158.2639,-0.0004,-0.0001,158.2639,,,,,,,,,,,,0.0,0.0,0.0,0.0,0
165.36,59.2059,-1.8196,158.277,-0.0004,-0.0001,158.277,,,,,,,,,,,,0.0,0.0,0.0,0.0,0
165.38,59.2059,-1.8196,158.277,-0.0004,-0.0001,158.277,,,,,,,,,,,,0.0,0.0,0.0,0.0,0
165.4,59.2059,-1.8196,158.277,-0.0004,-0.0001,158.277,,,,,,,,,,,,0.0,0.0,0.0,0.0,0
165.42,59.2059,-1.8196,158.277,-0.0004,-0.0001,158.277,,,,,,,,,,,,0.0,0.0,0.0,0.0,0
165.44,59.2059,-1.8196,158.277,-0.0004,-0.0001,158.277,,,,,,,,,,,,0.0,0.0,0.0,0.0,0
165.46,59.2059,-1.8073,158.285,-0.0004,-0.0001,158.285,,,,,,,,,,,,0.0,0.0,0.0,0.0,0
165.48,59.2059,-1.8073,158.285,-0.0004,-0.0001,158.285,,,,,,,,,,,,0.0,0.0,0.0,0.0,0
165.5,59.2059,-1.8073,158.285,-0.0004,-0.0001,158.285,,,,,,,,,,,,0.0,0.0,0.0,0.0,0
165.52,59.2059,-1.8073,158.285,-0.0004,-0.0001,158.285,,,,,,,,,,,,0.0,0.0,0.0,0.0,0
165.54,59.2059,-1.8073,158.285,-0.0004,-0.0001,158.285,,,,,,,,,,,,0.0,0.0,0.0,0.0,0
165.56,59.2042,-1.8025,158.295,-0.0004,-0.0001,158.295,,,,,,,,,,,,0.0,0.0,0.0,0.0,0
165.58,59.2042,-1.8025,158.295,-0.0004,-0.0001,158.295,,,,,,,,,,,,0.0,0.0,0.0,0.0,0
165.6,59.2042,-1.8025,158.295,-0.0004,-0.0001,158.295,,,,,,,,,,,,0.0,0.0,0.0,0.0,0
165.62,59.2042,-1.8025,158.295,-0.0004,-0.0001,158.295,,,,,,,,,,,,0.0,0.0,0.0,0.0,0
165.64,59.2042,-1.8025,158.295,-0.0004,-0.0001,158.295,,,,,,,,,,,,0.0,0.0,0.0,0.0,0
165.66,59.2048,-1.7959,158.3051,-0.0004,-0.0001,158.3051,,,,,,,,,,,,0.0,0.0,0.0,0.0,0
165.68,59.2048,-1.7959,158.3051,-0.0004,-0.0001,158.3051,,,,,,,,,,,,0.0,0.0,0.0,0.0,0
165.7,59.2048,-1.7959,158.3051,-0.0004,-0.0001,158.3051,,,,,,,,,,,,0.0,0.0,0.0,0.0,0
165.72,59.2048,-1.7959,158.3051,-0.0004,-0.0001,158.3051,,,,,,,,,,,,0.0,0.0,0.0,0.0,0
165.74,59.2048,-1.7959,158.3051,-0.0004,-0.0001,158.3051,,,,,,,,,,,,0.0,0.0,0.0,0.0,0
165.76,59.204,-1.7898,158.3126,-0.0004,-0.0001,158.3126,,,,,,,,,,,,0.0,0.0,0.0,0.0,0
165.78,59.204,-1.7898,158.3126,-0.0004,-0.0001,158.3126,,,,,,,,,,,,0.0,0.0,0.0,0.0,0
165.8,59.204,-1.7898,158.3126,-0.0004,-0.0001,158.3126,,,,,,,,,,,,0.0,0.0,0.0,0.0,0
165.82,59.204,-1.7898,158.3126,-0.0004,-0.0001,158.3126,,,,,,,,,,,,0.0,0.0,0.0,0.0,0
165.84,59.204,-1.7898,158.3126,-0.0004,-0.0001,158.3126,,,,,,,,,,,,0.0,0.0,0.0,0.0,0
165.86,59.2019,-1.7805,158.3192,-0.0004,-0.0001,158.3192,,,,,,,,,,,,0.0,0.0,0.0,0.0,0
165.88,59.2019,-1.7805,158.3192,-0.0004,-0.0001,158.3192,,,,,,,,,,,,0.0,0.0,0.0,0.0,0
165.9,59.2019,-1.7805,158.3192,-0.0004,-0.0001,158.3192,,,,,,,,,,,,0.0,0.0,0.0,0.0,0
165.92,59.2019,-1.7805,158.3192,-0.0004,-0.0001,158.3192,,,,,,,,,,,,0.0,0.0,0.0,0.0,0
165.94,59.2019,-1.7805,158.3192,-0.0004,-0.0001,158.3192,,,,,,,,,,,,0.0,0.0,0.0,0.0,0
165.96,59.2,-1.771,158.3254,-0.0004,-0.0001,158.3254,,,,,,,,,,,,0.0,0.0,0.0,0.0,0
165.98,59.2,-1.771,158.3254,-0.0004,-0.0001,158.3254,,,,,,,,,,,,0.0,0.0,0.0,0.0,0
166.0,59.2,-1.771,158.3254,-0.0004,-0.0001,158.3254,,,,,,,,,,,,0.0,0.0,0.0,0.0,0
166.02,59.2,-1.771,158.3254,-0.0004,-0.0001,158.3254,,,,,,,,,,,,0.0,0.0,0.0,0.0,0
166.04,59.2,-1.771,158.3254,-0.0004,-0.0001,158.3254,,,,,,,,,,,,0.0,0.0,0.0,0.0,0
166.06,59.2042,-1.7699,158.3414,-0.0004,-0.0001,158.3414,,,,,,,,,,,,0.0,0.0,0.0,0.0,0
166.08,59.2042,-1.7699,158.3414,-0.0004,-0.0001,158.3414,,,,,,,,,,,,0.0,0.0,0.0,0.0,0
166.1,59.2042,-1.7699,158.3414,-0.0004,-0.0001,158.3414,,,,,,,,,,,,0.0,0.0,0.0,0.0,0
166.12,59.2042,-1.7699,158.3414,-0.0004,-0.0001,158.3414,,,,,,,,,,,,0.0,0.0,0.0,0.0,0
166.14,59.2042,-1.7699,158.3414,-0.0004,-0.0001,158.3414,,,,,,,,,,,,0.0,0.0,0.0,0.0,0
166.16,58.7484,-1.6062,158.4979,-0.0004,-0.0001,158.4979,,,,,,,,,,,,0.0,0.0,0.0,0.0,0
166.18,58.7484,-1.6062,158.4979,-0.0004,-0.0001,158.4979,,,,,,,,,,,,0.0,0.0,0.0,0.0,0
166.2,58.7484,-1.6062,158.4979,-0.0004,-0.0001,158.4979,,,,,,,,,,,,0.0,0.0,0.0,0.0,0
166.22,58.7484,-1.6062,158.4979,-0.0004,-0.0001,158.4979,,,,,,,,,,,,0.0,0.0,0.0,0.0,0
166.24,58.7484,-1.6062,158.4979,-0.0004,-0.0001,158.4979,,,,,,,,,,,,0.0,0.0,0.0,0.0,0
166.26,64.1175,0.275,158.2576,-0.0004,-0.0001,158.2576,,,,,,,,,,,,0.0,0.0,0.0,0.0,0
166.28,64.1175,0.275,158.2576,-0.0004,-0.0001,158.2576,,,,,,,,,,,,0.0,0.0,0.0,0.0,0
166.3,64.1175,0.275,158.2576,-0.0004,-0.0001,158.2576,,,,,,,,,,,,0.0,0.0,0.0,0.0,0
166.32,64.1175,0.275,158.2576,-0.0004,-0.0001,158.2576,,,,,,,,,,,,0.0,0.0,0.0,0.0,0
166.34,64.1175,0.275,158.2576,-0.0004,-0.0001,158.2576,,,,,,,,,,,,0.0,0.0,0.0,0.0,0
166.36,59.4807,-0.8061,158.2335,-0.0004,-0.0001,158.2335,,,,,,,,,,,,0.0,0.0,0.0,0.0,0
166.38,59.4807,-0.8061,158.2335,-0.0004,-0.0001,158.2335,,,,,,,,,,,,0.0,0.0,0.0,0.0,0
166.4,59.4807,-0.8061,158.2335,-0.0004,-0.0001,158.2335,,,,,,,,,,,,0.0,0.0,0.0,0.0,0
166.42,59.4807,-0.8061,158.2335,-0.0004,-0.0001,158.2335,,,,,,,,,,,,0.0,0.0,0.0,0.0,0
166.44,59.4807,-0.8061,158.2335,-0.0004,-0.0001,158.2335,,,,,,,,,,,,0.0,0.0,0.0,0.0,0
166.46,52.2482,0.3409,156.5469,-0.0004,-0.0001,156.5469,,,,,,,,,,,,0.0,0.0,0.0,0.0,0
166.48,52.2482,0.3409,156.5469,-0.0004,-0.0001,156.5469,,,,,,,,,,,,0.0,0.0,0.0,0.0,0
166.5,52.2482,0.3409,156.5469,-0.0004,-0.0001,156.5469,,,,,,,,,,,,0.0,0.0,0.0,0.0,0
166.52,52.2482,0.3409,156.5469,-0.0004,-0.0001,156.5469,,,,,,,,,,,,0.0,0.0,0.0,0.0,0
166.54,52.2482,0.3409,156.5469,-0.0004,-0.0001,156.5469,,,,,,,,,,,,0.0,0.0,0.0,0.0,0
166.56,39.5721,5.2827,154.3366,-0.0004,-0.0001,154.3366,,,,,,,,,,,,0.0,0.0,0.0,0.0,0
166.58,39.5721,5.2827,154.3366,-0.0004,-0.0001,154.3366,,,,,,,,,,,,0.0,0.0,0.0,0.0,0
166.6,39.5721,5.2827,154.3366,-0.0004,-0.0001,154.3366,,,,,,,,,,,,0.0,0.0,0.0,0.0,0
166.62,39.5721,5.2827,154.3366,-0.0004,-0.0001,154.3366,,,,,,,,,,,,0.0,0.0,0.0,0.0,0
166.64,39.5721,5.2827,154.3366,-0.0004,-0.0001,154.3366,,,,,,,,,,,,0.0,0.0,0.0,0.0,0
166.66,26.4423,11.2204,149.1467,-0.0004,-0.0001,149.1467,,,,,,,,,,,,0.0,0.0,0.0,0.0,0
166.68,26.4423,11.2204,149.1467,-0.0004,-0.0001,149.1467,,,,,,,,,,,,0.0,0.0,0.0,0.0,0
166.7,26.4423,11.2204,149.1467,-0.0004,-0.0001,149.1467,,,,,,,,,,,,0.0,0.0,0.0,0.0,0
166.72,26.4423,11.2204,149.1467,-0.0004,-0.0001,149.1467,,,,,,,,,,,,0.0,0.0,0.0,0.0,0
166.74,26.4423,11.2204,149.1467,-0.0004,-0.0001,149.1467,,,,,,,,,,,,0.0,0.0,0.0,0.0,0
166.76,13.1054,12.3404,141.4541,-0.0004,-0.0001,141.4541,,,,,,,,,,,,0.0,0.0,0.0,0.0,0
166.78,13.1054,12.3404,141.4541,-0.0004,-0.0001,141.4541,,,,,,,,,,,,0.0,0.0,0.0,0.0,0
166.8,13.1054,12.3404,141.4541,-0.0004,-0.0001,141.4541,,,,,,,,,,,,0.0,0.0,0.0,0.0,0
166.82,13.1054,12.3404,141.4541,-0.0004,-0.0001,141.4541,,,,,,,,,,,,0.0,0.0,0.0,0.0,0
166.84,13.1054,12.3404,141.4541,-0.0004,-0.0001,141.4541,,,,,,,,,,,,0.0,0.0,0.0,0.0,0
166.86,3.8685,7.1244,131.3914,-0.0004,-0.0001,131.3914,,,,,,,,,,,,0.0,0.0,0.0,0.0,0
166.88,3.8685,7.1244,131.3914,-0.0004,-0.0001,131.3914,,,,,,,,,,,,0.0,0.0,0.0,0.0,0
166.9,3.8685,7.1244,131.3914,-0.0004,-0.0001,131.3914,,,,,,,,,,,,0.0,0.0,0.0,0.0,0
166.92,3.8685,7.1244,131.3914,-0.0004,-0.0001,131.3914,,,,,,,,,,,,0.0,0.0,0.0,0.0,0
166.94,3.8685,7.1244,131.3914,-0.0004,-0.0001,131.3914,,,,,,,,,,,,0.0,0.0,0.0,0.0,0
166.96,2.159,0.5571,122.3679,-0.0004,-0.0001,122.3679,,,,,,,,,,,,0.0,0.0,0.0,0.0,0
166.98,2.159,0.5571,122.3679,-0.0004,-0.0001,122.3679,,,,,,,,,,,,0.0,0.0,0.0,0.0,0
167.0,2.159,0.5571,122.3679,-0.0004,-0.0001,122.3679,,,,,,,,,,,,0.0,0.0,0.0,0.0,0
167.02,2.159,0.5571,122.3679,-0.0004,-0.0001,122.3679,,,,,,,,,,,,0.0,0.0,0.0,0.0,0
167.04,2.159,0.5571,122.3679,-0.0004,-0.0001,122.3679,,,,,,,,,,,,0.0,0.0,0.0,0.0,0
167.06,-0.065,-5.1216,114.8352,-0.0004,-0.0001,114.8352,,,,,,,,,,,,0.0,0.0,0.0,0.0,0
167.08,-0.065,-5.1216,114.8352,-0.0004,-0.0001,114.8352,,,,,,,,,,,,0.0,0.0,0.0,0.0,0
167.1,-0.065,-5.1216,114.8352,-0.0004,-0.0001,114.8352,,,,,,,,,,,,0.0,0.0,0.0,0.0,0
167.12,-0.065,-5.1216,114.8352,-0.0004,-0.0001,114.8352,,,,,,,,,,,,0.0,0.0,0.0,0.0,0
167.14,-0.065,-5.1216,114.8352,-0.0004,-0.0001,114.8352,,,,,,,,,,,,0.0,0.0,0.0,0.0,0
167.16,-2.3801,2.3524,108.6105,-0.0004,-0.0001,108.6105,,,,,,,,,,,,0.0,0.0,0.0,0.0,0
167.18,-2.3801,2.3524,108.6105,-0.0004,-0.0001,108.6105,,,,,,,,,,,,0.0,0.0,0.0,0.0,0
167.2,-2.3801,2.3524,108.6105,-0.0004,-0.0001,108.6105,,,,,,,,,,,,0.0,0.0,0.0,0.0,0
167.22,-2.3801,2.3524,108.6105,-0.0004,-0.0001,108.6105,,,,,,,,,,,,0.0,0.0,0.0,0.0,0
167.24,-2.3801,2.3524,108.6105,-0.0004,-0.0001,108.6105,,,,,,,,,,,,0.0,0.0,0.0,0.0,0
167.26,-2.4444,-0.5185,107.5352,-0.0004,-0.0001,107.5352,,,,,,,,,,,,0.0,0.0,0.0,0.0,0
167.28,-2.4444,-0.5185,107.5352,-0.0004,-0.0001,107.5352,,,,,,,,,,,,0.0,0.0,0.0,0.0,0
167.3,-2.4444,-0.5185,107.5352,-0.0004,-0.0001,107.5352,,,,,,,,,,,,0.0,0.0,0.0,0.0,0
167.32,-2.4444,-0.5185,107.5352,-0.0004,-0.0001,107.5352,,,,,,,,,,,,0.0,0.0,0.0,0.0,0
167.34,-2.4444,-0.5185,107.5352,-0.0004,-0.0001,107.5352,,,,,,,,,,,,0.0,0.0,0.0,0.0,0
167.36,-1.945,0.7946,108.9382,-0.0004,-0.0001,108.9382,,,,,,,,,,,,0.0,0.0,0.0,0.0,0
167.38,-1.945,0.7946,108.9382,-0.0004,-0.0001,108.9382,,,,,,,,,,,,0.0,0.0,0.0,0.0,0
167.4,-1.945,0.7946,108.9382,-0.0004,-0.0001,108.9382,,,,,,,,,,,,0.0,0.0,0.0,0.0,0
167.42,-1.945,0.7946,108.9382,-0.0004,-0.0001,108.9382,,,,,,,,,,,,0.0,0.0,0.0,0.0,0
167.44,-1.945,0.7946,108.9382,-0.0004,-0.0001,108.9382,,,,,,,,,,,,0.0,0.0,0.0,0.0,0
167.46,-1.7014,1.1621,109.3765,-0.0004,-0.0001,109.3765,,,,,,,,,,,,0.0,0.0,0.0,0.0,0
167.48,-1.7014,1.1621,109.3765,-0.0004,-0.0001,109.3765,,,,,,,,,,,,0.0,0.0,0.0,0.0,0
167.5,-1.7014,1.1621,109.3765,-0.0004,-0.0001,109.3765,,,,,,,,,,,,0.0,0.0,0.0,0.0,0
167.52,-1.7014,1.1621,109.3765,-0.0004,-0.0001,109.3765,,,,,,,,,,,,0.0,0.0,0.0,0.0,0
167.54,-1.7014,1.1621,109.3765,-0.0004,-0.0001,109.3765,,,,,,,,,,,,0.0,0.0,0.0,0.0,0
167.56,-1.8399,1.2646,108.8539,-0.0004,-0.0001,108.8539,,,,,,,,,,,,0.0,0.0,0.0,0.0,0
167.58,-1.8399,1.2646,108.8539,-0.0004,-0.0001,108.8539,,,,,,,,,,,,0.0,0.0,0.0,0.0,0
167.6,-1.8399,1.2646,108.8539,-0.0004,-0.0001,108.8539,,,,,,,,,,,,0.0,0.0,0.0,0.0,0
167.62,-1.8399,1.2646,108.8539,-0.0004,-0.0001,108.8539,,,,,,,,,,,,0.0,0.0,0.0,0.0,0
167.64,-1.8399,1.2646,108.8539,-0.0004,-0.0001,108.8539,,,,,,,,,,,,0.0,0.0,0.0,0.0,0
167.66,-1.8594,1.2999,108.7376,-0.0004,-0.0001,108.7376,,,,,,,,,,,,0.0,0.0,0.0,0.0,0
167.68,-1.8594,1.2999,108.7376,-0.0004,-0.0001,108.7376,,,,,,,,,,,,0.0,0.0,0.0,0.0,0
167.7,-1.8594,1.2999,108.7376,-0.0004,-0.0001,108.7376,,,,,,,,,,,,0.0,0.0,0.0,0.0,0
167.72,-1.8594,1.2999,108.7376,-0.0004,-0.0001,108.7376,,,,,,,,,,,,0.0,0.0,0.0,0.0,0
167.74,-1.8594,1.2999,108.7376,-0.0004,-0.0001,108.7376,,,,,,,,,,,,0.0,0.0,0.0,0.0,0
167.76,-1.8596,1.427,109.1435,-0.0004,-0.0001,109.1435,,,,,,,,,,,,0.0,0.0,0.0,0.0,0
167.78,-1.8596,1.427,109.1435,-0.0004,-0.0001,109.1435,,,,,,,,,,,,0.0,0.0,0.0,0.0,0
167.8,-1.8596,1.427,109.1435,-0.0004,-0.0001,109.1435,,,,,,,,,,,,0.0,0.0,0.0,0.0,0
167.82,-1.8596,1.427,109.1435,-0.0004,-0.0001,109.1435,,,,,,,,,,,,0.0,0.0,0.0,0.0,0
167.84,-1.8596,1.427,109.1435,-0.0004,-0.0001,109.1435,,,,,,,,,,,,0.0,0.0,0.0,0.0,0
167.86,-1.9049,1.4482,109.2685,-0.0004,-0.0001,109.2685,,,,,,,,,,,,0.0,0.0,0.0,0.0,0
167.88,-1.9049,1.4482,109.2685,-0.0004,-0.0001,109.2685,,,,,,,,,,,,0.0,0.0,0.0,0.0,0
167.9,-1.9049,1.4482,109.2685,-0.0004,-0.0001,109.2685,,,,,,,,,,,,0.0,0.0,0.0,0.0,0
167.92,-1.9049,1.4482,109.2685,-0.0004,-0.0001,109.2685,,,,,,,,,,,,0.0,0.0,0.0,0.0,0
167.94,-1.9049,1.4482,109.2685,-0.0004,-0.0001,109.2685,,,,,,,,,,,,0.0,0.0,0.0,0.0,0
167.96,-1.9023,1.4471,109.177,-0.0004,-0.0001,109.177,,,,,,,,,,,,0.0,0.0,0.0,0.0,0
167.98,-1.9023,1.4471,109.177,-0.0004,-0.0001,109.177,,,,,,,,,,,,0.0,0.0,0.0,0.0,0
168.0,-1.9023,1.4471,109.177,-0.0004,-0.0001,109.177,,,,,,,,,,,,0.0,0.0,0.0,0.0,0
168.02,-1.9023,1.4471,109.177,-0.0004,-0.0001,109.177,,,,,,,,,,,,0.0,0.0,0.0,0.0,0
168.04,-1.9023,1.4471,109.177,-0.0004,-0.0001,109.177,,,,,,,,,,,,0.0,0.0,0.0,0.0,0
168.06,-1.8944,1.4332,109.2874,-0.0004,-0.0001,109.2874,,,,,,,,,,,,0.0,0.0,0.0,0.0,0
168.08,-1.8944,1.4332,109.2874,-0.0004,-0.0001,109.2874,,,,,,,,,,,,0.0,0.0,0.0,0.0,0
168.1,-1.8944,1.4332,109.2874,-0.0004,-0.0001,109.2874,,,,,,,,,,,,0.0,0.0,0.0,0.0,0
168.12,-1.8944,1.4332,109.2874,-0.0004,-0.0001,109.2874,,,,,,,,,,,,0.0,0.0,0.0,0.0,0
168.14,-1.8944,1.4332,109.2874,-0.0004,-0.0001,109.2874,,,,,,,,,,,,0.0,0.0,0.0,0.0,0
168.16,-1.9058,1.4309,109.227,-0.0004,-0.0001,109.227,,,,,,,,,,,,0.0,0.0,0.0,0.0,0
168.18,-1.9058,1.4309,109.227,-0.0004,-0.0001,109.227,,,,,,,,,,,,0.0,0.0,0.0,0.0,0
168.2,-1.9058,1.4309,109.227,-0.0004,-0.0001,109.227,,,,,,,,,,,,0.0,0.0,0.0,0.0,0
168.22,-1.9058,1.4309,109.227,-0.0004,-0.0001,109.227,,,,,,,,,,,,0.0,0.0,0.0,0.0,0
168.24,-1.9058,1.4309,109.227,-0.0004,-0.0001,109.227,,,,,,,,,,,,0.0,0.0,0.0,0.0,0
168.26,-1.9198,1.4315,109.2999,-0.0004,-0.0001,109.2999,,,,,,,,,,,,0.0,0.0,0.0,0.0,0
168.28,-1.9198,1.4315,109.2999,-0.0004,-0.0001,109.2999,,,,,,,,,,,,0.0,0.0,0.0,0.0,0
168.3,-1.9198,1.4315,109.2999,-0.0004,-0.0001,109.2999,,,,,,,,,,,,0.0,0.0,0.0,0.0,0
168.32,-1.9198,1.4315,109.2999,-0.0004,-0.0001,109.2999,,,,,,,,,,,,0.0,0.0,0.0,0.0,0
168.34,-1.9198,1.4315,109.2999,-0.0004,-0.0001,109.2999,,,,,,,,,,,,0.0,0.0,0.0,0.0,0
168.36,-1.9367,1.4354,109.2595,-0.0004,-0.0001,109.2595,,,,,,,,,,,,0.0,0.0,0.0,0.0,0
168.38,-1.9367,1.4354,109.2595,-0.0004,-0.0001,109.2595,,,,,,,,,,,,0.0,0.0,0.0,0.0,0
168.4,-1.9367,1.4354,109.2595,-0.0004,-0.0001,109.2595,,,,,,,,,,,,0.0,0.0,0.0,0.0,0
168.42,-1.9367,1.4354,109.2595,-0.0004,-0.0001,109.2595,,,,,,,,,,,,0.0,0.0,0.0,0.0,0
168.44,-1.9367,1.4354,109.2595,-0.0004,-0.0001,109.2595,,,,,,,,,,,,0.0,0.0,0.0,0.0,0
168.46,-1.9389,1.4386,109.3206,-0.0004,-0.0001,109.3206,,,,,,,,,,,,0.0,0.0,0.0,0.0,0
168.48,-1.9389,1.4386,109.3206,-0.0004,-0.0001,109.3206,,,,,,,,,,,,0.0,0.0,0.0,0.0,0
168.5,-1.9389,1.4386,109.3206,-0.0004,-0.0001,109.3206,,,,,,,,,,,,0.0,0.0,0.0,0.0,0
168.52,-1.9389,1.4386,109.3206,-0.0004,-0.0001,109.3206,,,,,,,,,,,,0.0,0.0,0.0,0.0,0
168.54,-1.9389,1.4386,109.3206,-0.0004,-0.0001,109.3206,,,,,,,,,,,,0.0,0.0,0.0,0.0,0
168.56,-1.9516,1.4424,109.2861,-0.0004,-0.0001,109.2861,,,,,,,,,,,,0.0,0.0,0.0,0.0,0
168.58,-1.9516,1.4424,109.2861,-0.0004,-0.0001,109.2861,,,,,,,,,,,,0.0,0.0,0.0,0.0,0
168.6,-1.9516,1.4424,109.2861,-0.0004,-0.0001,109.2861,,,,,,,,,,,,0.0,0.0,0.0,0.0,0
168.62,-1.9516,1.4424,109.2861,-0.0004,-0.0001,109.2861,,,,,,,,,,,,0.0,0.0,0.0,0.0,0
168.64,-1.9516,1.4424,109.2861,-0.0004,-0.0001,109.2861,,,,,,,,,,,,0.0,0.0,0.0,0.0,0
168.66,-1.9509,1.4468,109.3302,-0.0004,-0.0001,109.3302,,,,,,,,,,,,0.0,0.0,0.0,0.0,0
168.68,-1.9509,1.4468,109.3302,-0.0004,-0.0001,109.3302,,,,,,,,,,,,0.0,0.0,0.0,0.0,0
168.7,-1.9509,1.4468,109.3302,-0.0004,-0.0001,109.3302,,,,,,,,,,,,0.0,0.0,0.0,0.0,0
168.72,-1.9509,1.4468,109.3302,-0.0004,-0.0001,109.3302,,,,,,,,,,,,0.0,0.0,0.0,0.0,0
168.74,-1.9509,1.4468,109.3302,-0.0004,-0.0001,109.3302,,,,,,,,,,,,0.0,0.0,0.0,0.0,0
168.76,-1.9587,1.4555,109.3153,-0.0004,-0.0001,109.3153,,,,,,,,,,,,0.0,0.0,0.0,0.0,0
168.78,-1.9587,1.4555,109.3153,-0.0004,-0.0001,109.3153,,,,,,,,,,,,0.0,0.0,0.0,0.0,0
168.8,-1.9587,1.4555,109.3153,-0.0004,-0.0001,109.3153,,,,,,,,,,,,0.0,0.0,0.0,0.0,0
168.82,-1.9587,1.4555,109.3153,-0.0004,-0.0001,109.3153,,,,,,,,,,,,0.0,0.0,0.0,0.0,0
168.84,-1.9587,1.4555,109.3153,-0.0004,-0.0001,109.3153,,,,,,,,,,,,0.0,0.0,0.0,0.0,0
168.86,-1.9623,1.4652,109.3434,-0.0004,-0.0001,109.3434,,,,,,,,,,,,0.0,0.0,0.0,0.0,0
168.88,-1.9623,1.4652,109.3434,-0.0004,-0.0001,109.3434,,,,,,,,,,,,0.0,0.0,0.0,0.0,0
168.9,-1.9623,1.4652,109.3434,-0.0004,-0.0001,109.3434,,,,,,,,,,,,0.0,0.0,0.0,0.0,0
168.92,-1.9623,1.4652,109.3434,-0.0004,-0.0001,109.3434,,,,,,,,,,,,0.0,0.0,0.0,0.0,0
168.94,-1.9623,1.4652,109.3434,-0.0004,-0.0001,109.3434,,,,,,,,,,,,0.0,0.0,0.0,0.0,0
168.96,-1.9692,1.4749,109.3422,-0.0004,-0.0001,109.3423,,,,,,,,,,,,0.0,0.0,0.0,0.0,0
168.98,-1.9692,1.4749,109.3422,-0.0004,-0.0001,109.3423,,,,,,,,,,,,0.0,0.0,0.0,0.0,0
169.0,-1.9692,1.4749,109.3422,-0.0004,-0.0001,109.3423,,,,,,,,,,,,0.0,0.0,0.0,0.0,0
169.02,-1.9692,1.4749,109.3422,-0.0004,-0.0001,109.3423,,,,,,,,,,,,0.0,0.0,0.0,0.0,0
169.04,-1.9692,1.4749,109.3422,-0.0004,-0.0001,109.3423,,,,,,,,,,,,0.0,0.0,0.0,0.0,0
169.06,-1.976,1.4814,109.3545,-0.0004,-0.0001,109.3545,,,,,,,,,,,,0.0,0.0,0.0,0.0,0
169.08,-1.976,1.4814,109.3545,-0.0004,-0.0001,109.3545,,,,,,,,,,,,0.0,0.0,0.0,0.0,0
169.1,-1.976,1.4814,109.3545,-0.0004,-0.0001,109.3545,,,,,,,,,,,,0.0,0.0,0.0,0.0,0
169.12,-1.976,1.4814,109.3545,-0.0004,-0.0001,109.3545,,,,,,,,,,,,0.0,0.0,0.0,0.0,0
169.14,-1.976,1.4814,109.3545,-0.0004,-0.0001,109.3545,,,,,,,,,,,,0.0,0.0,0.0,0.0,0
169.16,-1.982,1.4878,109.367,-0.0004,-0.0001,109.367,,,,,,,,,,,,0.0,0.0,0.0,0.0,0
169.18,-1.982,1.4878,109.367,-0.0004,-0.0001,109.367,,,,,,,,,,,,0.0,0.0,0.0,0.0,0
169.2,-1.982,1.4878,109.367,-0.0004,-0.0001,109.367,,,,,,,,,,,,0.0,0.0,0.0,0.0,0
169.22,-1.982,1.4878,109.367,-0.0004,-0.0001,109.367,,,,,,,,,,,,0.0,0.0,0.0,0.0,0
169.24,-1.982,1.4878,109.367,-0.0004,-0.0001,109.367,,,,,,,,,,,,0.0,0.0,0.0,0.0,0
169.26,-1.9922,1.4953,109.3754,-0.0004,-0.0001,109.3754,,,,,,,,,,,,0.0,0.0,0.0,0.0,0
169.28,-1.9922,1.4953,109.3754,-0.0004,-0.0001,109.3754,,,,,,,,,,,,0.0,0.0,0.0,0.0,0
169.3,-1.9922,1.4953,109.3754,-0.0004,-0.0001,109.3754,,,,,,,,,,,,0.0,0.0,0.0,0.0,0
169.32,-1.9922,1.4953,109.3754,-0.0004,-0.0001,109.3754,,,,,,,,,,,,0.0,0.0,0.0,0.0,0
169.34,-1.9922,1.4953,109.3754,-0.0004,-0.0001,109.3754,,,,,,,,,,,,0.0,0.0,0.0,0.0,0
169.36,-1.9963,1.5004,109.3906,-0.0004,-0.0001,109.3907,,,,,,,,,,,,0.0,0.0,0.0,0.0,0
169.38,-1.9963,1.5004,109.3906,-0.0004,-0.0001,109.3907,,,,,,,,,,,,0.0,0.0,0.0,0.0,0
169.4,-1.9963,1.5004,109.3906,-0.0004,-0.0001,109.3907,,,,,,,,,,,,0.0,0.0,0.0,0.0,0
169.42,-1.9963,1.5004,109.3906,-0.0004,-0.0001,109.3907,,,,,,,,,,,,0.0,0.0,0.0,0.0,0
169.44,-1.9963,1.5004,109.3906,-0.0004,-0.0001,109.3907,,,,,,,,,,,,0.0,0.0,0.0,0.0,0
169.46,-1.9978,1.5025,109.3862,-0.0004,-0.0001,109.3862,,,,,,,,,,,,0.0,0.0,0.0,0.0,0
169.48,-1.9978,1.5025,109.3862,-0.0004,-0.0001,109.3862,,,,,,,,,,,,0.0,0.0,0.0,0.0,0
169.5,-1.9978,1.5025,109.3862,-0.0004,-0.0001,109.3862,,,,,,,,,,,,0.0,0.0,0.0,0.0,0
169.52,-1.9978,1.5025,109.3862,-0.0004,-0.0001,109.3862,,,,,,,,,,,,0.0,0.0,0.0,0.0,0
169.54,-1.9978,1.5025,109.3862,-0.0004,-0.0001,109.3862,,,,,,,,,,,,0.0,0.0,0.0,0.0,0
169.56,-1.9966,1.5038,109.4046,-0.0004,-0.0001,109.4046,,,,,,,,,,,,0.0,0.0,0.0,0.0,0
169.58,-1.9966,1.5038,109.4046,-0.0004,-0.0001,109.4046,,,,,,,,,,,,0.0,0.0,0.0,0.0,0
169.6,-1.9966,1.5038,109.4046,-0.0004,-0.0001,109.4046,,,,,,,,,,,,0.0,0.0,0.0,0.0,0
169.62,-1.9966,1.5038,109.4046,-0.0004,-0.0001,109.4046,,,,,,,,,,,,0.0,0.0,0.0,0.0,0
169.64,-1.9966,1.5038,109.4046,-0.0004,-0.0001,109.4046,,,,,,,,,,,,0.0,0.0,0.0,0.0,0
169.66,-2.0084,1.504,109.4001,-0.0004,-0.0001,109.4001,,,,,,,,,,,,0.0,0.0,0.0,0.0,0
169.68,-2.0084,1.504,109.4001,-0.0004,-0.0001,109.4001,,,,,,,,,,,,0.0,0.0,0.0,0.0,0
169.7,-2.0084,1.504,109.4001,-0.0004,-0.0001,109.4001,,,,,,,,,,,,0.0,0.0,0.0,0.0,0
169.72,-2.0084,1.504,109.4001,-0.0004,-0.0001,109.4001,,,,,,,,,,,,0.0,0.0,0.0,0.0,0
169.74,-2.0084,1.504,109.4001,-0.0004,-0.0001,109.4001,,,,,,,,,,,,0.0,0.0,0.0,0.0,0
169.76,-2.0186,1.5042,109.4245,-0.0004,-0.0001,109.4245,,,,,,,,,,,,0.0,0.0,0.0,0.0,0
169.78,-2.0186,1.5042,109.4245,-0.0004,-0.0001,109.4245,,,,,,,,,,,,0.0,0.0,0.0,0.0,0
169.8,-2.0186,1.5042,109.4245,-0.0004,-0.0001,109.4245,,,,,,,,,,,,0.0,0.0,0.0,0.0,0
169.82,-2.0186,1.5042,109.4245,-0.0004,-0.0001,109.4245,,,,,,,,,,,,0.0,0.0,0.0,0.0,0
169.84,-2.0186,1.5042,109.4245,-0.0004,-0.0001,109.4245,,,,,,,,,,,,0.0,0.0,0.0,0.0,0
169.86,-2.0309,1.5041,109.4165,-0.0004,-0.0001,109.4166,,,,,,,,,,,,0.0,0.0,0.0,0.0,0
169.88,-2.0309,1.5041,109.4165,-0.0004,-0.0001,109.4166,,,,,,,,,,,,0.0,0.0,0.0,0.0,0
169.9,-2.0309,1.5041,109.4165,-0.0004,-0.0001,109.4166,,,,,,,,,,,,0.0,0.0,0.0,0.0,0
169.92,-2.0309,1.5041,109.4165,-0.0004,-0.0001,109.4166,,,,,,,,,,,,0.0,0.0,0.0,0.0,0
169.94,-2.0309,1.5041,109.4165,-0.0004,-0.0001,109.4166,,,,,,,,,,,,0.0,0.0,0.0,0.0,0
169.96,-2.0326,1.5094,109.4369,-0.0004,-0.0001,109.4369,,,,,,,,,,,,0.0,0.0,0.0,0.0,0
169.98,-2.0326,1.5094,109.4369,-0.0004,-0.0001,109.4369,,,,,,,,,,,,0.0,0.0,0.0,0.0,0
170.0,-2.0326,1.5094,109.4369,-0.0004,-0.0001,109.4369,,,,,,,,,,,,0.0,0.0,0.0,0.0,0
170.02,-2.0326,1.5094,109.4369,-0.0004,-0.0001,109.4369,,,,,,,,,,,,0.0,0.0,0.0,0.0,0
170.04,-2.0326,1.5094,109.4369,-0.0004,-0.0001,109.4369,,,,,,,,,,,,0.0,0.0,0.0,0.0,0
170.06,-2.0355,1.5144,109.4374,-0.0004,-0.0001,109.4374,,,,,,,,,,,,0.0,0.0,0.0,0.0,0
170.08,-2.0355,1.5144,109.4374,-0.0004,-0.0001,109.4374,,,,,,,,,,,,0.0,0.0,0.0,0.0,0
170.1,-2.0355,1.5144,109.4374,-0.0004,-0.0001,109.4374,,,,,,,,,,,,0.0,0.0,0.0,0.0,0
170.12,-2.0355,1.5144,109.4374,-0.0004,-0.0001,109.4374,,,,,,,,,,,,0.0,0.0,0.0,0.0,0
170.14,-2.0355,1.5144,109.4374,-0.0004,-0.0001,109.4374,,,,,,,,,,,,0.0,0.0,0.0,0.0,0
170.16,-2.0357,1.5177,109.4555,-0.0004,-0.0001,109.4555,,,,,,,,,,,,0.0,0.0,0.0,0.0,0
170.18,-2.0357,1.5177,109.4555,-0.0004,-0.0001,109.4555,,,,,,,,,,,,0.0,0.0,0.0,0.0,0
170.2,-2.0357,1.5177,109.4555,-0.0004,-0.0001,109.4555,,,,,,,,,,,,0.0,0.0,0.0,0.0,0
170.22,-2.0357,1.5177,109.4555,-0.0004,-0.0001,109.4555,,,,,,,,,,,,0.0,0.0,0.0,0.0,0
170.24,-2.0357,1.5177,109.4555,-0.0004,-0.0001,109.4555,,,,,,,,,,,,0.0,0.0,0.0,0.0,0
170.26,-2.0373,1.5224,109.4555,-0.0004,-0.0001,109.4555,,,,,,,,,,,,0.0,0.0,0.0,0.0,0
170.28,-2.0373,1.5224,109.4555,-0.0004,-0.0001,109.4555,,,,,,,,,,,,0.0,0.0,0.0,0.0,0
170.3,-2.0373,1.5224,109.4555,-0.0004,-0.0001,109.4555,,,,,,,,,,,,0.0,0.0,0.0,0.0,0
170.32,-2.0373,1.5224,109.4555,-0.0004,-0.0001,109.4555,,,,,,,,,,,,0.0,0.0,0.0,0.0,0
170.34,-2.0373,1.5224,109.4555,-0.0004,-0.0001,109.4555,,,,,,,,,,,,0.0,0.0,0.0,0.0,0
170.36,-2.0379,1.5279,109.478,-0.0004,-0.0001,109.478,,,,,,,,,,,,0.0,0.0,0.0,0.0,0
170.38,-2.0379,1.5279,109.478,-0.0004,-0.0001,109.478,,,,,,,,,,,,0.0,0.0,0.0,0.0,0
170.4,-2.0379,1.5279,109.478,-0.0004,-0.0001,109.478,,,,,,,,,,,,0.0,0.0,0.0,0.0,0
170.42,-2.0379,1.5279,109.478,-0.0004,-0.0001,109.478,,,,,,,,,,,,0.0,0.0,0.0,0.0,0
170.44,-2.0379,1.5279,109.478,-0.0004,-0.0001,109.478,,,,,,,,,,,,0.0,0.0,0.0,0.0,0
170.46,-2.7666,0.7231,359.9806,-0.4628,-0.5374,359.9806,,,,,,,,,,,,0.0,0.0,0.0,0.0,0
170.48,-2.7666,0.7231,359.9806,-0.4628,-0.5374,359.9806,,,,,,,,,,,,0.0,0.0,0.0,0.0,0
170.5,-2.7666,0.7231,359.9806,-0.4628,-0.5374,359.9806,,,,,,,,,,,,0.0,0.0,0.0,0.0,0
170.52,-2.7666,0.7231,359.9806,-0.4628,-0.5374,359.9806,,,,,,,,,,,,0.0,0.0,0.0,0.0,0
170.54,-2.7666,0.7231,359.9806,-0.4628,-0.5374,359.9806,,,,,,,,,,,,0.0,0.0,0.0,0.0,0
170.56,-2.7931,0.755,359.9626,-0.2363,-0.2744,359.9626,,,,,,,,,,,,0.0,0.0,0.0,0.0,0
170.58,-2.7931,0.755,359.9626,-0.2363,-0.2744,359.9626,,,,,,,,,,,,0.0,0.0,0.0,0.0,0
170.6,-2.7931,0.755,359.9626,-0.2363,-0.2744,359.9626,,,,,,,,,,,,0.0,0.0,0.0,0.0,0
170.62,-2.7931,0.755,359.9626,-0.2363,-0.2744,359.9626,,,,,,,,,,,,0.0,0.0,0.0,0.0,0
170.64,-2.7931,0.755,359.9626,-0.2363,-0.2744,359.9626,,,,,,,,,,,,0.0,0.0,0.0,0.0,0
170.66,-2.825,0.7881,359.9362,-0.1206,-0.1401,359.9362,,,,,,,,,,,,0.0,0.0,0.0,0.0,0
170.68,-2.825,0.7881,359.9362,-0.1206,-0.1401,359.9362,,,,,,,,,,,,0.0,0.0,0.0,0.0,0
170.7,-2.825,0.7881,359.9362,-0.1206,-0.1401,359.9362,,,,,,,,,,,,0.0,0.0,0.0,0.0,0
170.72,-2.825,0.7881,359.9362,-0.1206,-0.1401,359.9362,,,,,,,,,,,,0.0,0.0,0.0,0.0,0
170.74,-2.825,0.7881,359.9362,-0.1206,-0.1401,359.9362,,,,,,,,,,,,0.0,0.0,0.0,0.0,0
170.76,-2.8516,0.8182,359.9117,-0.0616,-0.0715,359.9117,,,,,,,,,,,,0.0,0.0,0.0,0.0,0
170.78,-2.8516,0.8182,359.9117,-0.0616,-0.0715,359.9117,,,,,,,,,,,,0.0,0.0,0.0,0.0,0
170.8,-2.8516,0.8182,359.9117,-0.0616,-0.0715,359.9117,,,,,,,,,,,,0.0,0.0,0.0,0.0,0
170.82,-2.8516,0.8182,359.9117,-0.0616,-0.0715,359.9117,,,,,,,,,,,,0.0,0.0,0.0,0.0,0
170.84,-2.8516,0.8182,359.9117,-0.0616,-0.0715,359.9117,,,,,,,,,,,,0.0,0.0,0.0,0.0,0
170.86,-2.8777,0.8467,359.8818,-0.0314,-0.0365,359.8818,,,,,,,,,,,,0.0,0.0,0.0,0.0,0
170.88,-2.8777,0.8467,359.8818,-0.0314,-0.0365,359.8818,,,,,,,,,,,,0.0,0.0,0.0,0.0,0
170.9,-2.8777,0.8467,359.8818,-0.0314,-0.0365,359.8818,,,,,,,,,,,,0.0,0.0,0.0,0.0,0
170.92,-2.8777,0.8467,359.8818,-0.0314,-0.0365,359.8818,,,,,,,,,,,,0.0,0.0,0.0,0.0,0
170.94,-2.8777,0.8467,359.8818,-0.0314,-0.0365,359.8818,,,,,,,,,,,,0.0,0.0,0.0,0.0,0
170.96,-2.901,0.8749,359.8569,-0.0161,-0.0186,359.8569,,,,,,,,,,,,0.0,0.0,0.0,0.0,0
170.98,-2.901,0.8749,359.8569,-0.0161,-0.0186,359.8569,,,,,,,,,,,,0.0,0.0,0.0,0.0,0
171.0,-2.901,0.8749,359.8569,-0.0161,-0.0186,359.8569,,,,,,,,,,,,0.0,0.0,0.0,0.0,0
171.02,-2.901,0.8749,359.8569,-0.0161,-0.0186,359.8569,,,,,,,,,,,,0.0,0.0,0.0,0.0,0
171.04,-2.901,0.8749,359.8569,-0.0161,-0.0186,359.8569,,,,,,,,,,,,0.0,0.0,0.0,0.0,0
171.06,-2.9244,0.9079,359.8323,-0.0082,-0.0095,359.8323,,,,,,,,,,,,0.0,0.0,0.0,0.0,0
171.08,-2.9244,0.9079,359.8323,-0.0082,-0.0095,359.8323,,,,,,,,,,,,0.0,0.0,0.0,0.0,0
171.1,-2.9244,0.9079,359.8323,-0.0082,-0.0095,359.8323,,,,,,,,,,,,0.0,0.0,0.0,0.0,0
171.12,-2.9244,0.9079,359.8323,-0.0082,-0.0095,359.8323,,,,,,,,,,,,0.0,0.0,0.0,0.0,0
171.14,-2.9244,0.9079,359.8323,-0.0082,-0.0095,359.8323,,,,,,,,,,,,0.0,0.0,0.0,0.0,0
171.16,-2.9527,0.9393,359.8113,-0.0042,-0.0049,359.8113,,,,,,,,,,,,0.0,0.0,0.0,0.0,0
171.18,-2.9527,0.9393,359.8113,-0.0042,-0.0049,359.8113,,,,,,,,,,,,0.0,0.0,0.0,0.0,0
171.2,-2.9527,0.9393,359.8113,-0.0042,-0.0049,359.8113,,,,,,,,,,,,0.0,0.0,0.0,0.0,0
171.22,-2.9527,0.9393,359.8113,-0.0042,-0.0049,359.8113,,,,,,,,,,,,0.0,0.0,0.0,0.0,0
171.24,-2.9527,0.9393,359.8113,-0.0042,-0.0049,359.8113,,,,,,,,,,,,0.0,0.0,0.0,0.0,0
171.26,-2.9774,0.9703,359.7882,-0.0021,-0.0025,359.7882,,,,,,,,,,,,0.0,0.0,0.0,0.0,0
171.28,-2.9774,0.9703,359.7882,-0.0021,-0.0025,359.7882,,,,,,,,,,,,0.0,0.0,0.0,0.0,0
171.3,-2.9774,0.9703,359.7882,-0.0021,-0.0025,359.7882,,,,,,,,,,,,0.0,0.0,0.0,0.0,0
171.32,-2.9774,0.9703,359.7882,-0.0021,-0.0025,359.7882,,,,,,,,,,,,0.0,0.0,0.0,0.0,0
171.34,-2.9774,0.9703,359.7882,-0.0021,-0.0025,359.7882,,,,,,,,,,,,0.0,0.0,0.0,0.0,0
171.36,-2.9975,1.0023,359.7618,-0.0011,-0.0013,359.7618,,,,,,,,,,,,0.0,0.0,0.0,0.0,0
171.38,-2.9975,1.0023,359.7618,-0.0011,-0.0013,359.7618,,,,,,,,,,,,0.0,0.0,0.0,0.0,0
171.4,-2.9975,1.0023,359.7618,-0.0011,-0.0013,359.7618,,,,,,,,,,,,0.0,0.0,0.0,0.0,0
171.42,-2.9975,1.0023,359.7618,-0.0011,-0.0013,359.7618,,,,,,,,,,,,0.0,0.0,0.0,0.0,0
171.44,-2.9975,1.0023,359.7618,-0.0011,-0.0013,359.7618,,,,,,,,,,,,0.0,0.0,0.0,0.0,0
171.46,-3.0137,1.0303,359.7428,-0.0006,-0.0006,359.7428,,,,,,,,,,,,0.0,0.0,0.0,0.0,0
171.48,-3.0137,1.0303,359.7428,-0.0006,-0.0006,359.7428,,,,,,,,,,,,0.0,0.0,0.0,0.0,0
171.5,-3.0137,1.0303,359.7428,-0.0006,-0.0006,359.7428,,,,,,,,,,,,0.0,0.0,0.0,0.0,0
171.52,-3.0137,1.0303,359.7428,-0.0006,-0.0006,359.7428,,,,,,,,,,,,0.0,0.0,0.0,0.0,0
171.54,-3.0137,1.0303,359.7428,-0.0006,-0.0006,359.7428,,,,,,,,,,,,0.0,0.0,0.0,0.0,0
171.56,-3.0276,1.0576,359.7173,-0.0003,-0.0003,359.7173,,,,,,,,,,,,0.0,0.0,0.0,0.0,0
171.58,-3.0276,1.0576,359.7173,-0.0003,-0.0003,359.7173,,,,,,,,,,,,0.0,0.0,0.0,0.0,0
171.6,-3.0276,1.0576,359.7173,-0.0003,-0.0003,359.7173,,,,,,,,,,,,0.0,0.0,0.0,0.0,0
171.62,-3.0276,1.0576,359.7173,-0.0003,-0.0003,359.7173,,,,,,,,,,,,0.0,0.0,0.0,0.0,0
171.64,-3.0276,1.0576,359.7173,-0.0003,-0.0003,359.7173,,,,,,,,,,,,0.0,0.0,0.0,0.0,0
171.66,-3.0384,1.0822,359.6974,-0.0003,-0.0003,359.6974,,,,,,,,,,,,0.0,0.0,0.0,0.0,0
171.68,-3.0384,1.0822,359.6974,-0.0003,-0.0003,359.6974,,,,,,,,,,,,0.0,0.0,0.0,0.0,0
171.7,-3.0384,1.0822,359.6974,-0.0003,-0.0003,359.6974,,,,,,,,,,,,0.0,0.0,0.0,0.0,0
171.72,-3.0384,1.0822,359.6974,-0.0003,-0.0003,359.6974,,,,,,,,,,,,0.0,0.0,0.0,0.0,0
171.74,-3.0384,1.0822,359.6974,-0.0003,-0.0003,359.6974,,,,,,,,,,,,0.0,0.0,0.0,0.0,0
171.76,-3.0514,1.1044,359.676,-0.0003,-0.0003,359.676,,,,,,,,,,,,0.0,0.0,0.0,0.0,0
171.78,-3.0514,1.1044,359.676,-0.0003,-0.0003,359.676,,,,,,,,,,,,0.0,0.0,0.0,0.0,0
171.8,-3.0514,1.1044,359.676,-0.0003,-0.0003,359.676,,,,,,,,,,,,0.0,0.0,0.0,0.0,0
171.82,-3.0514,1.1044,359.676,-0.0003,-0.0003,359.676,,,,,,,,,,,,0.0,0.0,0.0,0.0,0
171.84,-3.0514,1.1044,359.676,-0.0003,-0.0003,359.676,,,,,,,,,,,,0.0,0.0,0.0,0.0,0
171.86,-2.9802,1.1091,111.9088,0.0714,-0.0117,111.9088,,,,,,,,,,,,0.0,0.0,0.0,0.0,0
171.88,-2.9802,1.1091,111.9088,0.0714,-0.0117,111.9088,,,,,,,,,,,,0.0,0.0,0.0,0.0,0
171.9,-2.9802,1.1091,111.9088,0.0714,-0.0117,111.9088,,,,,,,,,,,,0.0,0.0,0.0,0.0,0
171.92,-2.9802,1.1091,111.9088,0.0714,-0.0117,111.9088,,,,,,,,,,,,0.0,0.0,0.0,0.0,0
171.94,-2.9802,1.1091,111.9088,0.0714,-0.0117,111.9088,,,,,,,,,,,,0.0,0.0,0.0,0.0,0
171.96,-3.0413,1.1378,111.8989,0.0365,-0.006,111.8989,,,,,,,,,,,,0.0,0.0,0.0,0.0,0
171.98,-3.0413,1.1378,111.8989,0.0365,-0.006,111.8989,,,,,,,,,,,,0.0,0.0,0.0,0.0,0
172.0,-3.0413,1.1378,111.8989,0.0365,-0.006,111.8989,,,,,,,,,,,,0.0,0.0,0.0,0.0,0
172.02,-3.0413,1.1378,111.8989,0.0365,-0.006,111.8989,,,,,,,,,,,,0.0,0.0,0.0,0.0,0
172.04,-3.0413,1.1378,111.8989,0.0365,-0.006,111.8989,,,,,,,,,,,,0.0,0.0,0.0,0.0,0
172.06,-3.0944,1.1705,111.9173,0.0186,-0.003,111.9173,,,,,,,,,,,,0.0,0.0,0.0,0.0,0
172.08,-3.0944,1.1705,111.9173,0.0186,-0.003,111.9173,,,,,,,,,,,,0.0,0.0,0.0,0.0,0
172.1,-3.0944,1.1705,111.9173,0.0186,-0.003,111.9173,,,,,,,,,,,,0.0,0.0,0.0,0.0,0
172.12,-3.0944,1.1705,111.9173,0.0186,-0.003,111.9173,,,,,,,,,,,,0.0,0.0,0.0,0.0,0
172.14,-3.0944,1.1705,111.9173,0.0186,-0.003,111.9173,,,,,,,,,,,,0.0,0.0,0.0,0.0,0
172.16,-3.1329,1.2084,111.93,0.0095,-0.0016,111.93,,,,,,,,,,,,0.0,0.0,0.0,0.0,0
172.18,-3.1329,1.2084,111.93,0.0095,-0.0016,111.93,,,,,,,,,,,,0.0,0.0,0.0,0.0,0
172.2,-3.1329,1.2084,111.93,0.0095,-0.0016,111.93,,,,,,,,,,,,0.0,0.0,0.0,0.0,0
172.22,-3.1329,1.2084,111.93,0.0095,-0.0016,111.93,,,,,,,,,,,,0.0,0.0,0.0,0.0,0
172.24,-3.1329,1.2084,111.93,0.0095,-0.0016,111.93,,,,,,,,,,,,0.0,0.0,0.0,0.0,0
172.26,-3.1567,1.2372,111.9233,0.0049,-0.0008,111.9233,,,,,,,,,,,,0.0,0.0,0.0,0.0,0
172.28,-3.1567,1.2372,111.9233,0.0049,-0.0008,111.9233,,,,,,,,,,,,0.0,0.0,0.0,0.0,0
172.3,-3.1567,1.2372,111.9233,0.0049,-0.0008,111.9233,,,,,,,,,,,,0.0,0.0,0.0,0.0,0
172.32,-3.1567,1.2372,111.9233,0.0049,-0.0008,111.9233,,,,,,,,,,,,0.0,0.0,0.0,0.0,0
172.34,-3.1567,1.2372,111.9233,0.0049,-0.0008,111.9233,,,,,,,,,,,,0.0,0.0,0.0,0.0,0
172.36,-3.1787,1.265,111.907,0.0025,-0.0004,111.907,,,,,,,,,,,,0.0,0.0,0.0,0.0,0
172.38,-3.1787,1.265,111.907,0.0025,-0.0004,111.907,,,,,,,,,,,,0.0,0.0,0.0,0.0,0
172.4,-3.1787,1.265,111.907,0.0025,-0.0004,111.907,,,,,,,,,,,,0.0,0.0,0.0,0.0,0
172.42,-3.1787,1.265,111.907,0.0025,-0.0004,111.907,,,,,,,,,,,,0.0,0.0,0.0,0.0,0
172.44,-3.1787,1.265,111.907,0.0025,-0.0004,111.907,,,,,,,,,,,,0.0,0.0,0.0,0.0,0
172.46,-3.2012,1.2908,111.8854,0.0013,-0.0002,111.8854,,,,,,,,,,,,0.0,0.0,0.0,0.0,0
172.48,-3.2012,1.2908,111.8854,0.0013,-0.0002,111.8854,,,,,,,,,,,,0.0,0.0,0.0,0.0,0
172.5,-3.2012,1.2908,111.8854,0.0013,-0.0002,111.8854,,,,,,,,,,,,0.0,0.0,0.0,0.0,0
172.52,-3.2012,1.2908,111.8854,0.0013,-0.0002,111.8854,,,,,,,,,,,,0.0,0.0,0.0,0.0,0
172.54,-3.2012,1.2908,111.8854,0.0013,-0.0002,111.8854,,,,,,,,,,,,0.0,0.0,0.0,0.0,0
172.56,-3.2247,1.3132,111.8702,0.0006,-0.0001,111.8702,,,,,,,,,,,,0.0,0.0,0.0,0.0,0
172.58,-3.2247,1.3132,111.8702,0.0006,-0.0001,111.8702,,,,,,,,,,,,0.0,0.0,0.0,0.0,0
172.6,-3.2247,1.3132,111.8702,0.0006,-0.0001,111.8702,,,,,,,,,,,,0.0,0.0,0.0,0.0,0
172.62,-3.2247,1.3132,111.8702,0.0006,-0.0001,111.8702,,,,,,,,,,,,0.0,0.0,0.0,0.0,0
172.64,-3.2247,1.3132,111.8702,0.0006,-0.0001,111.8702,,,,,,,,,,,,0.0,0.0,0.0,0.0,0
172.66,-3.2462,1.3366,111.8548,0.0004,-0.0001,111.8548,,,,,,,,,,,,0.0,0.0,0.0,0.0,0
172.68,-3.2462,1.3366,111.8548,0.0004,-0.0001,111.8548,,,,,,,,,,,,0.0,0.0,0.0,0.0,0
172.7,-3.2462,1.3366,111.8548,0.0004,-0.0001,111.8548,,,,,,,,,,,,0.0,0.0,0.0,0.0,0
172.72,-3.2462,1.3366,111.8548,0.0004,-0.0001,111.8548,,,,,,,,,,,,0.0,0.0,0.0,0.0,0
172.74,-3.2462,1.3366,111.8548,0.0004,-0.0001,111.8548,,,,,,,,,,,,0.0,0.0,0.0,0.0,0
172.76,-3.276,1.3646,111.8389,0.0004,-0.0001,111.8389,,,,,,,,,,,,0.0,0.0,0.0,0.0,0
172.78,-3.276,1.3646,111.8389,0.0004,-0.0001,111.8389,,,,,,,,,,,,0.0,0.0,0.0,0.0,0
172.8,-3.276,1.3646,111.8389,0.0004,-0.0001,111.8389,,,,,,,,,,,,0.0,0.0,0.0,0.0,0
172.82,-3.276,1.3646,111.8389,0.0004,-0.0001,111.8389,,,,,,,,,,,,0.0,0.0,0.0,0.0,0
172.84,-3.276,1.3646,111.8389,0.0004,-0.0001,111.8389,,,,,,,,,,,,0.0,0.0,0.0,0.0,0
172.86,-3.2984,1.397,111.8212,0.0004,-0.0001,111.8212,,,,,,,,,,,,0.0,0.0,0.0,0.0,0
172.88,-3.2984,1.397,111.8212,0.0004,-0.0001,111.8212,,,,,,,,,,,,0.0,0.0,0.0,0.0,0
172.9,-3.2984,1.397,111.8212,0.0004,-0.0001,111.8212,,,,,,,,,,,,0.0,0.0,0.0,0.0,0
172.92,-3.2984,1.397,111.8212,0.0004,-0.0001,111.8212,,,,,,,,,,,,0.0,0.0,0.0,0.0,0
172.94,-3.2984,1.397,111.8212,0.0004,-0.0001,111.8212,,,,,,,,,,,,0.0,0.0,0.0,0.0,0
172.96,-3.3227,1.425,111.8058,0.0004,-0.0001,111.8058,,,,,,,,,,,,0.0,0.0,0.0,0.0,0
172.98,-3.3227,1.425,111.8058,0.0004,-0.0001,111.8058,,,,,,,,,,,,0.0,0.0,0.0,0.0,0
173.0,-3.3227,1.425,111.8058,0.0004,-0.0001,111.8058,,,,,,,,,,,,0.0,0.0,0.0,0.0,0
173.02,-3.3227,1.425,111.8058,0.0004,-0.0001,111.8058,,,,,,,,,,,,0.0,0.0,0.0,0.0,0
173.04,-3.3227,1.425,111.8058,0.0004,-0.0001,111.8058,,,,,,,,,,,,0.0,0.0,0.0,0.0,0
173.06,-3.3479,1.449,111.7892,0.0004,-0.0001,111.7892,,,,,,,,,,,,0.0,0.0,0.0,0.0,0
173.08,-3.3479,1.449,111.7892,0.0004,-0.0001,111.7892,,,,,,,,,,,,0.0,0.0,0.0,0.0,0
173.1,-3.3479,1.449,111.7892,0.0004,-0.0001,111.7892,,,,,,,,,,,,0.0,0.0,0.0,0.0,0
173.12,-3.3479,1.449,111.7892,0.0004,-0.0001,111.7892,,,,,,,,,,,,0.0,0.0,0.0,0.0,0
173.14,-3.3479,1.449,111.7892,0.0004,-0.0001,111.7892,,,,,,,,,,,,0.0,0.0,0.0,0.0,0
173.16,-3.3739,1.4787,111.7748,0.0004,-0.0001,111.7749,,,,,,,,,,,,0.0,0.0,0.0,0.0,0
173.18,-3.3739,1.4787,111.7748,0.0004,-0.0001,111.7749,,,,,,,,,,,,0.0,0.0,0.0,0.0,0
173.2,-3.3739,1.4787,111.7748,0.0004,-0.0001,111.7749,,,,,,,,,,,,0.0,0.0,0.0,0.0,0
173.22,-3.3739,1.4787,111.7748,0.0004,-0.0001,111.7749,,,,,,,,,,,,0.0,0.0,0.0,0.0,0
173.24,-3.3739,1.4787,111.7748,0.0004,-0.0001,111.7749,,,,,,,,,,,,0.0,0.0,0.0,0.0,0
173.26,-3.3913,1.5098,111.7581,0.0004,-0.0001,111.7581,,,,,,,,,,,,0.0,0.0,0.0,0.0,0
173.28,-3.3913,1.5098,111.7581,0.0004,-0.0001,111.7581,,,,,,,,,,,,0.0,0.0,0.0,0.0,0
173.3,-3.3913,1.5098,111.7581,0.0004,-0.0001,111.7581,,,,,,,,,,,,0.0,0.0,0.0,0.0,0
173.32,-3.3913,1.5098,111.7581,0.0004,-0.0001,111.7581,,,,,,,,,,,,0.0,0.0,0.0,0.0,0
173.34,-3.3913,1.5098,111.7581,0.0004,-0.0001,111.7581,,,,,,,,,,,,0.0,0.0,0.0,0.0,0
173.36,-3.412,1.5329,111.7468,0.0004,-0.0001,111.7467,,,,,,,,,,,,0.0,0.0,0.0,0.0,0
173.38,-3.412,1.5329,111.7468,0.0004,-0.0001,111.7467,,,,,,,,,,,,0.0,0.0,0.0,0.0,0
173.4,-3.412,1.5329,111.7468,0.0004,-0.0001,111.7467,,,,,,,,,,,,0.0,0.0,0.0,0.0,0
173.42,-3.412,1.5329,111.7468,0.0004,-0.0001,111.7467,,,,,,,,,,,,0.0,0.0,0.0,0.0,0
173.44,-3.412,1.5329,111.7468,0.0004,-0.0001,111.7467,,,,,,,,,,,,0.0,0.0,0.0,0.0,0
173.46,-3.4336,1.5617,111.7381,0.0004,-0.0001,111.7381,,,,,,,,,,,,0.0,0.0,0.0,0.0,0
173.48,-3.4336,1.5617,111.7381,0.0004,-0.0001,111.7381,,,,,,,,,,,,0.0,0.0,0.0,0.0,0
173.5,-3.4336,1.5617,111.7381,0.0004,-0.0001,111.7381,,,,,,,,,,,,0.0,0.0,0.0,0.0,0
173.52,-3.4336,1.5617,111.7381,0.0004,-0.0001,111.7381,,,,,,,,,,,,0.0,0.0,0.0,0.0,0
173.54,-3.4336,1.5617,111.7381,0.0004,-0.0001,111.7381,,,,,,,,,,,,0.0,0.0,0.0,0.0,0
173.56,-3.4575,1.5897,111.7242,0.0004,-0.0001,111.7242,,,,,,,,,,,,0.0,0.0,0.0,0.0,0
173.58,-3.4575,1.5897,111.7242,0.0004,-0.0001,111.7242,,,,,,,,,,,,0.0,0.0,0.0,0.0,0
173.6,-3.4575,1.5897,111.7242,0.0004,-0.0001,111.7242,,,,,,,,,,,,0.0,0.0,0.0,0.0,0
173.62,-3.4575,1.5897,111.7242,0.0004,-0.0001,111.7242,,,,,,,,,,,,0.0,0.0,0.0,0.0,0
173.64,-3.4575,1.5897,111.7242,0.0004,-0.0001,111.7242,,,,,,,,,,,,0.0,0.0,0.0,0.0,0
173.66,-3.4854,1.6192,111.7122,0.0004,-0.0001,111.7122,,,,,,,,,,,,0.0,0.0,0.0,0.0,0
173.68,-3.4854,1.6192,111.7122,0.0004,-0.0001,111.7122,,,,,,,,,,,,0.0,0.0,0.0,0.0,0
173.7,-3.4854,1.6192,111.7122,0.0004,-0.0001,111.7122,,,,,,,,,,,,0.0,0.0,0.0,0.0,0
173.72,-3.4854,1.6192,111.7122,0.0004,-0.0001,111.7122,,,,,,,,,,,,0.0,0.0,0.0,0.0,0
173.74,-3.4854,1.6192,111.7122,0.0004,-0.0001,111.7122,,,,,,,,,,,,0.0,0.0,0.0,0.0,0
173.76,-3.5053,1.643,111.7034,0.0004,-0.0001,111.7034,,,,,,,,,,,,0.0,0.0,0.0,0.0,0
173.78,-3.5053,1.643,111.7034,0.0004,-0.0001,111.7034,,,,,,,,,,,,0.0,0.0,0.0,0.0,0
173.8,-3.5053,1.643,111.7034,0.0004,-0.0001,111.7034,,,,,,,,,,,,0.0,0.0,0.0,0.0,0
173.82,-3.5053,1.643,111.7034,0.0004,-0.0001,111.7034,,,,,,,,,,,,0.0,0.0,0.0,0.0,0
173.84,-3.5053,1.643,111.7034,0.0004,-0.0001,111.7034,,,,,,,,,,,,0.0,0.0,0.0,0.0,0
173.86,-3.5246,1.6668,111.6869,0.0004,-0.0001,111.6869,,,,,,,,,,,,0.0,0.0,0.0,0.0,0
173.88,-3.5246,1.6668,111.6869,0.0004,-0.0001,111.6869,,,,,,,,,,,,0.0,0.0,0.0,0.0,0
173.9,-3.5246,1.6668,111.6869,0.0004,-0.0001,111.6869,,,,,,,,,,,,0.0,0.0,0.0,0.0,0
173.92,-3.5246,1.6668,111.6869,0.0004,-0.0001,111.6869,,,,,,,,,,,,0.0,0.0,0.0,0.0,0
173.94,-3.5246,1.6668,111.6869,0.0004,-0.0001,111.6869,,,,,,,,,,,,0.0,0.0,0.0,0.0,0
173.96,-3.5438,1.6854,111.6701,0.0004,-0.0001,111.6702,,,,,,,,,,,,0.0,0.0,0.0,0.0,0
173.98,-3.5438,1.6854,111.6701,0.0004,-0.0001,111.6702,,,,,,,,,,,,0.0,0.0,0.0,0.0,0
174.0,-3.5438,1.6854,111.6701,0.0004,-0.0001,111.6702,,,,,,,,,,,,0.0,0.0,0.0,0.0,0
174.02,-3.5438,1.6854,111.6701,0.0004,-0.0001,111.6702,,,,,,,,,,,,0.0,0.0,0.0,0.0,0
174.04,-3.5438,1.6854,111.6701,0.0004,-0.0001,111.6702,,,,,,,,,,,,0.0,0.0,0.0,0.0,0
174.06,-3.5625,1.7065,111.6571,0.0004,-0.0001,111.6571,,,,,,,,,,,,0.0,0.0,0.0,0.0,0
174.08,-3.5625,1.7065,111.6571,0.0004,-0.0001,111.6571,,,,,,,,,,,,0.0,0.0,0.0,0.0,0
174.1,-3.5625,1.7065,111.6571,0.0004,-0.0001,111.6571,,,,,,,,,,,,0.0,0.0,0.0,0.0,0
174.12,-3.5625,1.7065,111.6571,0.0004,-0.0001,111.6571,,,,,,,,,,,,0.0,0.0,0.0,0.0,0
174.14,-3.5625,1.7065,111.6571,0.0004,-0.0001,111.6571,,,,,,,,,,,,0.0,0.0,0.0,0.0,0
174.16,-3.5751,1.7236,111.6476,0.0004,-0.0001,111.6476,,,,,,,,,,,,0.0,0.0,0.0,0.0,0
174.18,-3.5751,1.7236,111.6476,0.0004,-0.0001,111.6476,,,,,,,,,,,,0.0,0.0,0.0,0.0,0
174.2,-3.5751,1.7236,111.6476,0.0004,-0.0001,111.6476,,,,,,,,,,,,0.0,0.0,0.0,0.0,0
174.22,-3.5751,1.7236,111.6476,0.0004,-0.0001,111.6476,,,,,,,,,,,,0.0,0.0,0.0,0.0,0
174.24,-3.5751,1.7236,111.6476,0.0004,-0.0001,111.6476,,,,,,,,,,,,0.0,0.0,0.0,0.0,0
174.26,-3.5854,1.7344,111.6378,0.0004,-0.0001,111.6378,,,,,,,,,,,,0.0,0.0,0.0,0.0,0
174.28,-3.5854,1.7344,111.6378,0.0004,-0.0001,111.6378,,,,,,,,,,,,0.0,0.0,0.0,0.0,0
174.3,-3.5854,1.7344,111.6378,0.0004,-0.0001,111.6378,,,,,,,,,,,,0.0,0.0,0.0,0.0,0
174.32,-3.5854,1.7344,111.6378,0.0004,-0.0001,111.6378,,,,,,,,,,,,0.0,0.0,0.0,0.0,0
174.34,-3.5854,1.7344,111.6378,0.0004,-0.0001,111.6378,,,,,,,,,,,,0.0,0.0,0.0,0.0,0
174.36,-3.5937,1.7451,111.6271,0.0004,-0.0001,111.6271,,,,,,,,,,,,0.0,0.0,0.0,0.0,0
174.38,-3.5937,1.7451,111.6271,0.0004,-0.0001,111.6271,,,,,,,,,,,,0.0,0.0,0.0,0.0,0
174.4,-3.5937,1.7451,111.6271,0.0004,-0.0001,111.6271,,,,,,,,,,,,0.0,0.0,0.0,0.0,0
174.42,-3.5937,1.7451,111.6271,0.0004,-0.0001,111.6271,,,,,,,,,,,,0.0,0.0,0.0,0.0,0
174.44,-3.5937,1.7451,111.6271,0.0004,-0.0001,111.6271,,,,,,,,,,,,0.0,0.0,0.0,0.0,0
174.46,-3.6008,1.7483,111.6194,0.0004,-0.0001,111.6194,,,,,,,,,,,,0.0,0.0,0.0,0.0,0
174.48,-3.6008,1.7483,111.6194,0.0004,-0.0001,111.6194,,,,,,,,,,,,0.0,0.0,0.0,0.0,0
174.5,-3.6008,1.7483,111.6194,0.0004,-0.0001,111.6194,,,,,,,,,,,,0.0,0.0,0.0,0.0,0
174.52,-3.6008,1.7483,111.6194,0.0004,-0.0001,111.6194,,,,,,,,,,,,0.0,0.0,0.0,0.0,0
174.54,-3.6008,1.7483,111.6194,0.0004,-0.0001,111.6194,,,,,,,,,,,,0.0,0.0,0.0,0.0,0
174.56,-3.6023,1.7471,111.6182,0.0004,-0.0001,111.6182,,,,,,,,,,,,0.0,0.0,0.0,0.0,0
174.58,-3.6023,1.7471,111.6182,0.0004,-0.0001,111.6182,,,,,,,,,,,,0.0,0.0,0.0,0.0,0
174.6,-3.6023,1.7471,111.6182,0.0004,-0.0001,111.6182,,,,,,,,,,,,0.0,0.0,0.0,0.0,0
174.62,-3.6023,1.7471,111.6182,0.0004,-0.0001,111.6182,,,,,,,,,,,,0.0,0.0,0.0,0.0,0
174.64,-3.6023,1.7471,111.6182,0.0004,-0.0001,111.6182,,,,,,,,,,,,0.0,0.0,0.0,0.0,0
174.66,-3.601,1.7422,111.6104,0.0004,-0.0001,111.6105,,,,,,,,,,,,0.0,0.0,0.0,0.0,0
174.68,-3.601,1.7422,111.6104,0.0004,-0.0001,111.6105,,,,,,,,,,,,0.029,0.029,0.029,0.029,0
174.7,-3.601,1.7422,111.6104,0.0004,-0.0001,111.6105,,,,,,,,,,,,0.029,0.029,0.029,0.029,0
174.72,-3.601,1.7422,111.6104,0.0004,-0.0001,111.6105,,,,,,,,,,,,0.029,0.029,0.029,0.029,0
174.74,-3.601,1.7422,111.6104,0.0004,-0.0001,111.6105,,,,,,,,,,,,0.029,0.029,0.029,0.029,0
174.76,-3.594,1.7329,111.6042,0.0004,-0.0001,111.6042,,,,,,,,,,,,0.029,0.029,0.029,0.029,0
174.78,-3.594,1.7329,111.6042,0.0004,-0.0001,111.6042,,,,,,,,,,,,0.059,0.059,0.059,0.059,0
174.8,-3.594,1.7329,111.6042,0.0004,-0.0001,111.6042,,,,,,,,,,,,0.059,0.059,0.059,0.059,0
174.82,-3.594,1.7329,111.6042,0.0004,-0.0001,111.6042,,,,,,,,,,,,0.059,0.059,0.059,0.059,0
174.84,-3.594,1.7329,111.6042,0.0004,-0.0001,111.6042,,,,,,,,,,,,0.059,0.059,0.059,0.059,0
174.86,-3.5856,1.7143,111.6088,0.0004,-0.0001,111.6088,,,,,,,,,,,,0.059,0.059,0.059,0.059,0
174.88,-3.5856,1.7143,111.6088,0.0004,-0.0001,111.6088,,,,,,,,,,,,0.089,0.089,0.089,0.089,0
174.9,-3.5856,1.7143,111.6088,0.0004,-0.0001,111.6088,,,,,,,,,,,,0.089,0.089,0.089,0.089,0
174.92,-3.5856,1.7143,111.6088,0.0004,-0.0001,111.6088,,,,,,,,,,,,0.089,0.089,0.089,0.089,0
174.94,-3.5856,1.7143,111.6088,0.0004,-0.0001,111.6088,,,,,,,,,,,,0.089,0.089,0.089,0.089,0
174.96,-3.5592,1.6948,111.6503,0.0004,-0.0001,111.6503,,,,,,,,,,,,0.089,0.089,0.089,0.089,0
174.98,-3.5592,1.6948,111.6503,0.0004,-0.0001,111.6503,,,,,,,,,,,,0.1,0.1,0.1,0.1,0
175.0,-3.5592,1.6948,111.6503,0.0004,-0.0001,111.6503,,,,,,,,,,,,0.1,0.1,0.1,0.1,0
175.02,-3.5592,1.6948,111.6503,0.0004,-0.0001,111.6503,,,,,,,,,,,,0.1,0.1,0.1,0.1,0
175.04,-3.5592,1.6948,111.6503,0.0004,-0.0001,111.6503,,,,,,,,,,,,0.1,0.1,0.1,0.1,0
175.06,-3.5453,1.6746,111.5668,0.0004,-0.0001,111.5668,,,,,,,,,,,,0.1,0.1,0.1,0.1,0
175.08,-3.5453,1.6746,111.5668,0.0004,-0.0001,111.5668,,,,,,,,,,,,0.1,0.1,0.1,0.1,0
175.1,-3.5453,1.6746,111.5668,0.0004,-0.0001,111.5668,,,,,,,,,,,,0.1,0.1,0.1,0.1,0
175.12,-3.5453,1.6746,111.5668,0.0004,-0.0001,111.5668,,,,,,,,,,,,0.1,0.1,0.1,0.1,0
175.14,-3.5453,1.6746,111.5668,0.0004,-0.0001,111.5668,,,,,,,,,,,,0.1,0.1,0.1,0.1,0
175.16,-3.5297,1.6527,111.5234,0.0004,-0.0001,111.5234,,,,,,,,,,,,0.1,0.1,0.1,0.1,0
175.18,-3.5297,1.6527,111.5234,0.0004,-0.0001,111.5234,,,,,,,,,,,,0.1,0.1,0.1,0.1,0
175.2,-3.5297,1.6527,111.5234,0.0004,-0.0001,111.5234,,,,,,,,,,,,0.1,0.1,0.1,0.1,0
175.22,-3.5297,1.6527,111.5234,0.0004,-0.0001,111.5234,,,,,,,,,,,,0.1,0.1,0.1,0.1,0
175.24,-3.5297,1.6527,111.5234,0.0004,-0.0001,111.5234,,,,,,,,,,,,0.1,0.1,0.1,0.1,0
175.26,-3.5049,1.6269,111.4699,0.0004,-0.0001,111.4699,,,,,,,,,,,,0.1,0.1,0.1,0.1,0
175.28,-3.5049,1.6269,111.4699,0.0004,-0.0001,111.4699,,,,,,,,,,,,0.1,0.1,0.1,0.1,0
175.3,-3.5049,1.6269,111.4699,0.0004,-0.0001,111.4699,,,,,,,,,,,,0.1,0.1,0.1,0.1,0
175.32,-3.5049,1.6269,111.4699,0.0004,-0.0001,111.4699,,,,,,,,,,,,0.1,0.1,0.1,0.1,0
175.34,-3.5049,1.6269,111.4699,0.0004,-0.0001,111.4699,,,,,,,,,,,,0.1,0.1,0.1,0.1,0
175.36,-3.4692,1.595,111.4184,0.0004,-0.0001,111.4184,,,,,,,,,,,,0.1,0.1,0.1,0.1,0
175.38,-3.4692,1.595,111.4184,0.0004,-0.0001,111.4184,,,,,,,,,,,,0.1,0.1,0.1,0.1,0
175.4,-3.4692,1.595,111.4184,0.0004,-0.0001,111.4184,,,,,,,,,,,,0.1,0.1,0.1,0.1,0
175.42,-3.4692,1.595,111.4184,0.0004,-0.0001,111.4184,,,,,,,,,,,,0.1,0.1,0.1,0.1,0
175.44,-3.4692,1.595,111.4184,0.0004,-0.0001,111.4184,,,,,,,,,,,,0.1,0.1,0.1,0.1,0
175.46,-3.4384,1.5675,111.3806,0.0004,-0.0001,111.3806,,,,,,,,,,,,0.1,0.1,0.1,0.1,0
175.48,-3.4384,1.5675,111.3806,0.0004,-0.0001,111.3806,,,,,,,,,,,,0.1,0.1,0.1,0.1,0
175.5,-3.4384,1.5675,111.3806,0.0004,-0.0001,111.3806,,,,,,,,,,,,0.1,0.1,0.1,0.1,0
175.52,-3.4384,1.5675,111.3806,0.0004,-0.0001,111.3806,,,,,,,,,,,,0.1,0.1,0.1,0.1,0
175.54,-3.4384,1.5675,111.3806,0.0004,-0.0001,111.3806,,,,,,,,,,,,0.1,0.1,0.1,0.1,0
175.56,-3.4129,1.5278,111.3515,0.0004,-0.0001,111.3515,,,,,,,,,,,,0.1,0.1,0.1,0.1,0
175.58,-3.4129,1.5278,111.3515,0.0004,-0.0001,111.3515,,,,,,,,,,,,0.1,0.1,0.1,0.1,0
175.6,-3.4129,1.5278,111.3515,0.0004,-0.0001,111.3515,,,,,,,,,,,,0.1,0.1,0.1,0.1,0
175.62,-3.4129,1.5278,111.3515,0.0004,-0.0001,111.3515,,,,,,,,,,,,0.1,0.1,0.1,0.1,0
175.64,-3.4129,1.5278,111.3515,0.0004,-0.0001,111.3515,,,,,,,,,,,,0.1,0.1,0.1,0.1,0
175.66,-3.3822,1.4806,111.3204,0.0004,-0.0001,111.3204,,,,,,,,,,,,0.1,0.1,0.1,0.1,0
175.68,-3.3822,1.4806,111.3204,0.0004,-0.0001,111.3204,,,,,,,,,,,,0.1,0.1,0.1,0.1,0
175.7,-3.3822,1.4806,111.3204,0.0004,-0.0001,111.3204,,,,,,,,,,,,0.1,0.1,0.1,0.1,0
175.72,-3.3822,1.4806,111.3204,0.0004,-0.0001,111.3204,,,,,,,,,,,,0.1,0.1,0.1,0.1,0
175.74,-3.3822,1.4806,111.3204,0.0004,-0.0001,111.3204,,,,,,,,,,,,0.1,0.1,0.1,0.1,0
175.76,-3.3507,1.4358,111.2881,0.0004,-0.0001,111.2881,,,,,,,,,,,,0.1,0.1,0.1,0.1,0
175.78,-3.3507,1.4358,111.2881,0.0004,-0.0001,111.2881,,,,,,,,,,,,0.1,0.1,0.1,0.1,0
175.8,-3.3507,1.4358,111.2881,0.0004,-0.0001,111.2881,,,,,,,,,,,,0.1,0.1,0.1,0.1,0
175.82,-3.3507,1.4358,111.2881,0.0004,-0.0001,111.2881,,,,,,,,,,,,0.1,0.1,0.1,0.1,0
175.84,-3.3507,1.4358,111.2881,0.0004,-0.0001,111.2881,,,,,,,,,,,,0.1,0.1,0.1,0.1,0
175.86,-3.3368,1.4085,111.2747,0.0004,-0.0001,111.2747,,,,,,,,,,,,0.1,0.1,0.1,0.1,0
175.88,-3.3368,1.4085,111.2747,0.0004,-0.0001,111.2747,,,,,,,,,,,,0.1,0.1,0.1,0.1,0
175.9,-3.3368,1.4085,111.2747,0.0004,-0.0001,111.2747,,,,,,,,,,,,0.1,0.1,0.1,0.1,0
175.92,-3.3368,1.4085,111.2747,0.0004,-0.0001,111.2747,,,,,,,,,,,,0.1,0.1,0.1,0.1,0
175.94,-3.3368,1.4085,111.2747,0.0004,-0.0001,111.2747,,,,,,,,,,,,0.1,0.1,0.1,0.1,0
175.96,-3.2952,1.3654,111.2349,0.0004,-0.0001,111.2349,,,,,,,,,,,,0.1,0.1,0.1,0.1,0
175.98,-3.2952,1.3654,111.2349,0.0004,-0.0001,111.2349,,,,,,,,,,,,0.1,0.1,0.1,0.1,0
176.0,-3.2952,1.3654,111.2349,0.0004,-0.0001,111.2349,,,,,,,,,,,,0.1,0.1,0.1,0.1,0
176.02,-3.2952,1.3654,111.2349,0.0004,-0.0001,111.2349,,,,,,,,,,,,0.1,0.1,0.1,0.1,0
176.04,-3.2952,1.3654,111.2349,0.0004,-0.0001,111.2349,,,,,,,,,,,,0.1,0.1,0.1,0.1,0
176.06,-3.2742,1.3382,111.2236,0.0004,-0.0001,111.2236,,,,,,,,,,,,0.1,0.1,0.1,0.1,0
176.08,-3.2742,1.3382,111.2236,0.0004,-0.0001,111.2236,,,,,,,,,,,,0.1,0.1,0.1,0.1,0
176.1,-3.2742,1.3382,111.2236,0.0004,-0.0001,111.2236,,,,,,,,,,,,0.1,0.1,0.1,0.1,0
176.12,-3.2742,1.3382,111.2236,0.0004,-0.0001,111.2236,,,,,,,,,,,,0.1,0.1,0.1,0.1,0
176.14,-3.2742,1.3382,111.2236,0.0004,-0.0001,111.2236,,,,,,,,,,,,0.1,0.1,0.1,0.1,0
176.16,-3.2327,1.3022,111.1921,0.0004,-0.0001,111.1921,,,,,,,,,,,,0.1,0.1,0.1,0.1,0
176.18,-3.2327,1.3022,111.1921,0.0004,-0.0001,111.1921,,,,,,,,,,,,0.1,0.1,0.1,0.1,0
176.2,-3.2327,1.3022,111.1921,0.0004,-0.0001,111.1921,,,,,,,,,,,,0.1,0.1,0.1,0.1,0
176.22,-3.2327,1.3022,111.1921,0.0004,-0.0001,111.1921,,,,,,,,,,,,0.1,0.1,0.1,0.1,0
176.24,-3.2327,1.3022,111.1921,0.0004,-0.0001,111.1921,,,,,,,,,,,,0.1,0.1,0.1,0.1,0
176.26,-3.2041,1.275,111.1805,0.0004,-0.0001,111.1805,,,,,,,,,,,,0.1,0.1,0.1,0.1,0
176.28,-3.2041,1.275,111.1805,0.0004,-0.0001,111.1805,,,,,,,,,,,,0.1,0.1,0.1,0.1,0
176.3,-3.2041,1.275,111.1805,0.0004,-0.0001,111.1805,,,,,,,,,,,,0.1,0.1,0.1,0.1,0
176.32,-3.2041,1.275,111.1805,0.0004,-0.0001,111.1805,,,,,,,,,,,,0.1,0.1,0.1,0.1,0
176.34,-3.2041,1.275,111.1805,0.0004,-0.0001,111.1805,,,,,,,,,,,,0.1,0.1,0.1,0.1,0
176.36,-3.1914,1.2427,111.1602,0.0004,-0.0001,111.1602,,,,,,,,,,,,0.1,0.1,0.1,0.1,0
176.38,-3.1914,1.2427,111.1602,0.0004,-0.0001,111.1602,,,,,,,,,,,,0.1,0.1,0.1,0.1,0
176.4,-3.1914,1.2427,111.1602,0.0004,-0.0001,111.1602,,,,,,,,,,,,0.1,0.1,0.1,0.1,0
176.42,-3.1914,1.2427,111.1602,0.0004,-0.0001,111.1602,,,,,,,,,,,,0.1,0.1,0.1,0.1,0
176.44,-3.1914,1.2427,111.1602,0.0004,-0.0001,111.1602,,,,,,,,,,,,0.1,0.1,0.1,0.1,0
176.46,-3.1577,1.2218,111.1473,0.0004,-0.0001,111.1473,,,,,,,,,,,,0.1,0.1,0.1,0.1,0
176.48,-3.1577,1.2218,111.1473,0.0004,-0.0001,111.1473,,,,,,,,,,,,0.1,0.1,0.1,0.1,0
176.5,-3.1577,1.2218,111.1473,0.0004,-0.0001,111.1473,,,,,,,,,,,,0.1,0.1,0.1,0.1,0
176.52,-3.1577,1.2218,111.1473,0.0004,-0.0001,111.1473,,,,,,,,,,,,0.1,0.1,0.1,0.1,0
176.54,-3.1577,1.2218,111.1473,0.0004,-0.0001,111.1473,,,,,,,,,,,,0.1,0.1,0.1,0.1,0
176.56,-3.1462,1.1959,111.1205,0.0004,-0.0001,111.1205,,,,,,,,,,,,0.1,0.1,0.1,0.1,0
176.58,-3.1462,1.1959,111.1205,0.0004,-0.0001,111.1205,,,,,,,,,,,,0.1,0.1,0.1,0.1,0
176.6,-3.1462,1.1959,111.1205,0.0004,-0.0001,111.1205,,,,,,,,,,,,0.1,0.1,0.1,0.1,0
176.62,-3.1462,1.1959,111.1205,0.0004,-0.0001,111.1205,,,,,,,,,,,,0.1,0.1,0.1,0.1,0
176.64,-3.1462,1.1959,111.1205,0.0004,-0.0001,111.1205,,,,,,,,,,,,0.1,0.1,0.1,0.1,0
176.66,-3.1328,1.1637,111.1062,0.0004,-0.0001,111.1062,,,,,,,,,,,,0.1,0.1,0.1,0.1,0
176.68,-3.1328,1.1637,111.1062,0.0004,-0.0001,111.1062,,,,,,,,,,,,0.1,0.1,0.1,0.1,0
176.7,-3.1328,1.1637,111.1062,0.0004,-0.0001,111.1062,,,,,,,,,,,,0.1,0.1,0.1,0.1,0
176.72,-3.1328,1.1637,111.1062,0.0004,-0.0001,111.1062,,,,,,,,,,,,0.1,0.1,0.1,0.1,0
176.74,-3.1328,1.1637,111.1062,0.0004,-0.0001,111.1062,,,,,,,,,,,,0.1,0.1,0.1,0.1,0
176.76,-3.101,1.1451,111.104,0.0004,-0.0001,111.104,,,,,,,,,,,,0.1,0.1,0.1,0.1,0
176.78,-3.101,1.1451,111.104,0.0004,-0.0001,111.104,,,,,,,,,,,,0.1,0.1,0.1,0.1,0
176.8,-3.101,1.1451,111.104,0.0004,-0.0001,111.104,,,,,,,,,,,,0.1,0.1,0.1,0.1,0
176.82,-3.101,1.1451,111.104,0.0004,-0.0001,111.104,,,,,,,,,,,,0.1,0.1,0.1,0.1,0
176.84,-3.101,1.1451,111.104,0.0004,-0.0001,111.104,,,,,,,,,,,,0.1,0.1,0.1,0.1,0
176.86,-3.0811,1.1262,111.0841,0.0004,-0.0001,111.0841,,,,,,,,,,,,0.1,0.1,0.1,0.1,0
176.88,-3.0811,1.1262,111.0841,0.0004,-0.0001,111.0841,,,,,,,,,,,,0.1,0.1,0.1,0.1,0
176.9,-3.0811,1.1262,111.0841,0.0004,-0.0001,111.0841,,,,,,,,,,,,0.1,0.1,0.1,0.1,0
176.92,-3.0811,1.1262,111.0841,0.0004,-0.0001,111.0841,,,,,,,,,,,,0.1,0.1,0.1,0.1,0
176.94,-3.0811,1.1262,111.0841,0.0004,-0.0001,111.0841,,,,,,,,,,,,0.1,0.1,0.1,0.1,0
176.96,-3.0674,1.1033,111.0576,0.0004,-0.0001,111.0576,,,,,,,,,,,,0.1,0.1,0.1,0.1,0
176.98,-3.0674,1.1033,111.0576,0.0004,-0.0001,111.0576,,,,,,,,,,,,0.1,0.1,0.1,0.1,0
177.0,-3.0674,1.1033,111.0576,0.0004,-0.0001,111.0576,,,,,,,,,,,,0.1,0.1,0.1,0.1,0
177.02,-3.0674,1.1033,111.0576,0.0004,-0.0001,111.0576,,,,,,,,,,,,0.1,0.1,0.1,0.1,0
177.04,-3.0674,1.1033,111.0576,0.0004,-0.0001,111.0576,,,,,,,,,,,,0.1,0.1,0.1,0.1,0
177.06,-3.0486,1.0799,111.0608,0.0004,-0.0001,111.0608,,,,,,,,,,,,0.1,0.1,0.1,0.1,0
177.08,-3.0486,1.0799,111.0608,0.0004,-0.0001,111.0608,,,,,,,,,,,,0.1,0.1,0.1,0.1,0
177.1,-3.0486,1.0799,111.0608,0.0004,-0.0001,111.0608,,,,,,,,,,,,0.1,0.1,0.1,0.1,0
177.12,-3.0486,1.0799,111.0608,0.0004,-0.0001,111.0608,,,,,,,,,,,,0.1,0.1,0.1,0.1,0
177.14,-3.0486,1.0799,111.0608,0.0004,-0.0001,111.0608,,,,,,,,,,,,0.1,0.1,0.1,0.1,0
177.16,-3.036,1.0632,111.0632,0.0004,-0.0001,111.0632,,,,,,,,,,,,0.1,0.1,0.1,0.1,0
177.18,-3.036,1.0632,111.0632,0.0004,-0.0001,111.0632,,,,,,,,,,,,0.1,0.1,0.1,0.1,0
177.2,-3.036,1.0632,111.0632,0.0004,-0.0001,111.0632,,,,,,,,,,,,0.1,0.1,0.1,0.1,0
177.22,-3.036,1.0632,111.0632,0.0004,-0.0001,111.0632,,,,,,,,,,,,0.1,0.1,0.1,0.1,0
177.24,-3.036,1.0632,111.0632,0.0004,-0.0001,111.0632,,,,,,,,,,,,0.1,0.1,0.1,0.1,0
177.26,-3.0212,1.0547,111.0479,0.0004,-0.0001,111.0478,,,,,,,,,,,,0.1,0.1,0.1,0.1,0
177.28,-3.0212,1.0547,111.0479,0.0004,-0.0001,111.0478,,,,,,,,,,,,0.1,0.1,0.1,0.1,0
177.3,-3.0212,1.0547,111.0479,0.0004,-0.0001,111.0478,,,,,,,,,,,,0.1,0.1,0.1,0.1,0
177.32,-3.0212,1.0547,111.0479,0.0004,-0.0001,111.0478,,,,,,,,,,,,0.1,0.1,0.1,0.1,0
177.34,-3.0212,1.0547,111.0479,0.0004,-0.0001,111.0478,,,,,,,,,,,,0.1,0.1,0.1,0.1,0
177.36,-3.0148,1.0389,111.0185,0.0004,-0.0001,111.0185,,,,,,,,,,,,0.1,0.1,0.1,0.1,0
177.38,-3.0148,1.0389,111.0185,0.0004,-0.0001,111.0185,,,,,,,,,,,,0.1,0.1,0.1,0.1,0
177.4,-3.0148,1.0389,111.0185,0.0004,-0.0001,111.0185,,,,,,,,,,,,0.1,0.1,0.1,0.1,0
177.42,-3.0148,1.0389,111.0185,0.0004,-0.0001,111.0185,,,,,,,,,,,,0.1,0.1,0.1,0.1,0
177.44,-3.0148,1.0389,111.0185,0.0004,-0.0001,111.0185,,,,,,,,,,,,0.1,0.1,0.1,0.1,0
177.46,-3.0128,1.0112,111.0107,0.0004,-0.0001,111.0107,,,,,,,,,,,,0.1,0.1,0.1,0.1,0
177.48,-3.0128,1.0112,111.0107,0.0004,-0.0001,111.0107,,,,,,,,,,,,0.1,0.1,0.1,0.1,0
177.5,-3.0128,1.0112,111.0107,0.0004,-0.0001,111.0107,,,,,,,,,,,,0.1,0.1,0.1,0.1,0
177.52,-3.0128,1.0112,111.0107,0.0004,-0.0001,111.0107,,,,,,,,,,,,0.1,0.1,0.1,0.1,0
177.54,-3.0128,1.0112,111.0107,0.0004,-0.0001,111.0107,,,,,,,,,,,,0.1,0.1,0.1,0.1,0
177.56,-2.987,0.988,111.0242,0.0004,-0.0001,111.0242,,,,,,,,,,,,0.1,0.1,0.1,0.1,0
177.58,-2.987,0.988,111.0242,0.0004,-0.0001,111.0242,,,,,,,,,,,,0.1,0.1,0.1,0.1,0
177.6,-2.987,0.988,111.0242,0.0004,-0.0001,111.0242,,,,,,,,,,,,0.1,0.1,0.1,0.1,0
177.62,-2.987,0.988,111.0242,0.0004,-0.0001,111.0242,,,,,,,,,,,,0.1,0.1,0.1,0.1,0
177.64,-2.987,0.988,111.0242,0.0004,-0.0001,111.0242,,,,,,,,,,,,0.1,0.1,0.1,0.1,0
177.66,-2.9765,0.9817,111.0358,0.0004,-0.0001,111.0358,,,,,,,,,,,,0.1,0.1,0.1,0.1,0
177.68,-2.9765,0.9817,111.0358,0.0004,-0.0001,111.0358,,,,,,,,,,,,0.121,0.121,0.121,0.121,0
177.7,-2.9765,0.9817,111.0358,0.0004,-0.0001,111.0358,,,,,,,,,,,,0.121,0.121,0.121,0.121,0
177.72,-2.9765,0.9817,111.0358,0.0004,-0.0001,111.0358,,,,,,,,,,,,0.121,0.121,0.121,0.121,0
177.74,-2.9765,0.9817,111.0358,0.0004,-0.0001,111.0358,,,,,,,,,,,,0.121,0.121,0.121,0.121,0
177.76,-2.9621,0.9719,111.0463,0.0004,-0.0001,111.035,,,,,,,,,,,,0.121,0.121,0.121,0.121,0
177.78,-2.9621,0.9719,111.0463,0.0004,-0.0001,111.035,,,,,,,,,,,,0.15,0.197,0.187,0.161,0
177.8,-2.9621,0.9719,111.0463,0.0004,-0.0001,111.035,,,,,,,,,,,,0.15,0.197,0.187,0.161,0
177.82,-2.9621,0.9719,111.0463,0.0004,-0.0001,111.035,,,,,,,,,,,,0.15,0.197,0.187,0.161,0
177.84,-2.9621,0.9719,111.0463,0.0004,-0.0001,111.035,,,,,,,,,,,,0.15,0.197,0.187,0.161,0
177.86,-2.9258,0.9696,111.0836,0.0004,-0.0001,111.035,,,,,,,,,,,,0.15,0.197,0.187,0.161,0
177.88,-2.9258,0.9696,111.0836,0.0004,-0.0001,111.035,,,,,,,,,,,,0.177,0.262,0.244,0.208,0
177.9,-2.9258,0.9696,111.0836,0.0004,-0.0001,111.035,,,,,,,,,,,,0.177,0.262,0.244,0.208,0
177.92,-2.9258,0.9696,111.0836,0.0004,-0.0001,111.035,,,,,,,,,,,,0.177,0.262,0.244,0.208,0
177.94,-2.9258,0.9696,111.0836,0.0004,-0.0001,111.035,,,,,,,,,,,,0.177,0.262,0.244,0.208,0
177.96,-2.9256,0.9449,110.9745,0.0004,-0.0001,111.035,,,,,,,,,,,,0.177,0.262,0.244,0.208,0
177.98,-2.9256,0.9449,110.9745,0.0004,-0.0001,111.035,,,,,,,,,,,,0.156,0.281,0.251,0.193,0
178.0,-2.9256,0.9449,110.9745,0.0004,-0.0001,111.035,,,,,,,,,,,,0.156,0.281,0.251,0.193,0
178.02,-2.9256,0.9449,110.9745,0.0004,-0.0001,111.035,,,,,,,,,,,,0.156,0.281,0.251,0.193,0
178.04,-2.9256,0.9449,110.9745,0.0004,-0.0001,111.035,,,,,,,,,,,,0.156,0.281,0.251,0.193,0
178.06,-2.8942,0.9356,110.9006,0.0004,-0.0001,111.035,,,,,,,,,,,,0.156,0.281,0.251,0.193,0
178.08,-2.8942,0.9356,110.9006,0.0004,-0.0001,111.035,,,,,,,,,,,,0.166,0.269,0.242,0.2,0
178.1,-2.8942,0.9356,110.9006,0.0004,-0.0001,111.035,,,,,,,,,,,,0.166,0.269,0.242,0.2,0
178.12,-2.8942,0.9356,110.9006,0.0004,-0.0001,111.035,,,,,,,,,,,,0.166,0.269,0.242,0.2,0
178.14,-2.8942,0.9356,110.9006,0.0004,-0.0001,111.035,,,,,,,,,,,,0.166,0.269,0.242,0.2,0
178.16,-2.9015,0.9009,110.7054,0.0004,-0.0001,111.035,,,,,,,,,,,,0.166,0.269,0.242,0.2,0
178.18,-2.9015,0.9009,110.7054,0.0004,-0.0001,111.035,,,,,,,,,,,,0.156,0.282,0.257,0.173,0
178.2,-2.9015,0.9009,110.7054,0.0004,-0.0001,111.035,,,,,,,,,,,,0.156,0.282,0.257,0.173,0
178.22,-2.9015,0.9009,110.7054,0.0004,-0.0001,111.035,,,,,,,,,,,,0.156,0.282,0.257,0.173,0
178.24,-2.9015,0.9009,110.7054,0.0004,-0.0001,111.035,,,,,,,,,,,,0.156,0.282,0.257,0.173,0
178.26,-2.8914,0.9046,110.5928,0.0004,-0.0001,111.035,,,,,,,,,,,,0.156,0.282,0.257,0.173,0
178.28,-2.8914,0.9046,110.5928,0.0004,-0.0001,111.035,,,,,,,,,,,,0.16,0.281,0.24,0.193,0
178.3,-2.8914,0.9046,110.5928,0.0004,-0.0001,111.035,,,,,,,,,,,,0.16,0.281,0.24,0.193,0
178.32,-2.8914,0.9046,110.5928,0.0004,-0.0001,111.035,,,,,,,,,,,,0.16,0.281,0.24,0.193,0
178.34,-2.8914,0.9046,110.5928,0.0004,-0.0001,111.035,,,,,,,,,,,,0.16,0.281,0.24,0.193,0
178.36,-2.8529,0.9024,110.4484,0.0004,-0.0001,111.035,,,,,,,,,,,,0.16,0.281,0.24,0.193,0
178.38,-2.8529,0.9024,110.4484,0.0004,-0.0001,111.035,,,,,,,,,,,,0.151,0.296,0.251,0.178,0
178.4,-2.8529,0.9024,110.4484,0.0004,-0.0001,111.035,,,,,,,,,,,,0.151,0.296,0.251,0.178,0
178.42,-2.8529,0.9024,110.4484,0.0004,-0.0001,111.035,,,,,,,,,,,,0.151,0.296,0.251,0.178,0
178.44,-2.8529,0.9024,110.4484,0.0004,-0.0001,111.035,,,,,,,,,,,,0.151,0.296,0.251,0.178,0
178.46,-2.8585,0.8963,110.4099,0.0004,-0.0001,111.035,,,,,,,,,,,,0.151,0.296,0.251,0.178,0
178.48,-2.8585,0.8963,110.4099,0.0004,-0.0001,111.035,,,,,,,,,,,,0.179,0.325,0.288,0.198,0
178.5,-2.8585,0.8963,110.4099,0.0004,-0.0001,111.035,,,,,,,,,,,,0.179,0.325,0.288,0.198,0
178.52,-2.8585,0.8963,110.4099,0.0004,-0.0001,111.035,,,,,,,,,,,,0.179,0.325,0.288,0.198,0
178.54,-2.8585,0.8963,110.4099,0.0004,-0.0001,111.035,,,,,,,,,,,,0.179,0.325,0.288,0.198,0
178.56,-2.8341,0.8888,110.2876,0.0004,-0.0001,111.035,,,,,,,,,,,,0.179,0.325,0.288,0.198,0
178.58,-2.8341,0.8888,110.2876,0.0004,-0.0001,111.035,,,,,,,,,,,,0.188,0.324,0.276,0.207,0
178.6,-2.8341,0.8888,110.2876,0.0004,-0.0001,111.035,,,,,,,,,,,,0.188,0.324,0.276,0.207,0
178.62,-2.8341,0.8888,110.2876,0.0004,-0.0001,111.035,,,,,,,,,,,,0.188,0.324,0.276,0.207,0
178.64,-2.8341,0.8888,110.2876,0.0004,-0.0001,111.035,,,,,,,,,,,,0.188,0.324,0.276,0.207,0
178.66,-2.8493,0.859,110.2059,0.0004,-0.0001,111.035,,,,,,,,,,,,0.188,0.324,0.276,0.207,0
178.68,-2.8493,0.859,110.2059,0.0004,-0.0001,111.035,,,,,,,,,,,,0.182,0.33,0.288,0.195,0
178.7,-2.8493,0.859,110.2059,0.0004,-0.0001,111.035,,,,,,,,,,,,0.182,0.33,0.288,0.195,0
178.72,-2.8493,0.859,110.2059,0.0004,-0.0001,111.035,,,,,,,,,,,,0.182,0.33,0.288,0.195,0
178.74,-2.8493,0.859,110.2059,0.0004,-0.0001,111.035,,,,,,,,,,,,0.182,0.33,0.288,0.195,0
178.76,-2.8577,0.8295,110.0482,0.0004,-0.0001,111.035,,,,,,,,,,,,0.182,0.33,0.288,0.195,0
178.78,-2.8577,0.8295,110.0482,0.0004,-0.0001,111.035,,,,,,,,,,,,0.184,0.334,0.285,0.192,0
178.8,-2.8577,0.8295,110.0482,0.0004,-0.0001,111.035,,,,,,,,,,,,0.184,0.334,0.285,0.192,0
178.82,-2.8577,0.8295,110.0482,0.0004,-0.0001,111.035,,,,,,,,,,,,0.184,0.334,0.285,0.192,0
178.84,-2.8577,0.8295,110.0482,0.0004,-0.0001,111.035,,,,,,,,,,,,0.184,0.334,0.285,0.192,0
178.86,-2.8158,0.8465,109.9764,0.0004,-0.0001,111.035,,,,,,,,,,,,0.184,0.334,0.285,0.192,0
178.88,-2.8158,0.8465,109.9764,0.0004,-0.0001,111.035,,,,,,,,,,,,0.194,0.343,0.288,0.212,0
178.9,-2.8158,0.8465,109.9764,0.0004,-0.0001,111.035,,,,,,,,,,,,0.194,0.343,0.288,0.212,0
178.92,-2.8158,0.8465,109.9764,0.0004,-0.0001,111.035,,,,,,,,,,,,0.194,0.343,0.288,0.212,0
178.94,-2.8158,0.8465,109.9764,0.0004,-0.0001,111.035,,,,,,,,,,,,0.194,0.343,0.288,0.212,0
178.96,-2.7654,0.8448,109.8247,0.0004,-0.0001,111.035,,,,,,,,,,,,0.194,0.343,0.288,0.212,0
178.98,-2.7654,0.8448,109.8247,0.0004,-0.0001,111.035,,,,,,,,,,,,0.214,0.336,0.276,0.222,0
179.0,-2.7654,0.8448,109.8247,0.0004,-0.0001,111.035,,,,,,,,,,,,0.214,0.336,0.276,0.222,0
179.02,-2.7654,0.8448,109.8247,0.0004,-0.0001,111.035,,,,,,,,,,,,0.214,0.336,0.276,0.222,0
179.04,-2.7654,0.8448,109.8247,0.0004,-0.0001,111.035,,,,,,,,,,,,0.214,0.336,0.276,0.222,0
179.06,-2.7771,0.8181,109.7591,0.0004,-0.0001,111.035,,,,,,,,,,,,0.214,0.336,0.276,0.222,0
179.08,-2.7771,0.8181,109.7591,0.0004,-0.0001,111.035,,,,,,,,,,,,0.215,0.336,0.291,0.202,0
179.1,-2.7771,0.8181,109.7591,0.0004,-0.0001,111.035,,,,,,,,,,,,0.215,0.336,0.291,0.202,0
179.12,-2.7771,0.8181,109.7591,0.0004,-0.0001,111.035,,,,,,,,,,,,0.215,0.336,0.291,0.202,0
179.14,-2.7771,0.8181,109.7591,0.0004,-0.0001,111.035,,,,,,,,,,,,0.215,0.336,0.291,0.202,0
179.16,-2.8024,0.7993,109.6024,0.0004,-0.0001,111.035,,,,,,,,,,,,0.215,0.336,0.291,0.202,0
179.18,-2.8024,0.7993,109.6024,0.0004,-0.0001,111.035,,,,,,,,,,,,0.199,0.352,0.291,0.195,0
179.2,-2.8024,0.7993,109.6024,0.0004,-0.0001,111.035,,,,,,,,,,,,0.199,0.352,0.291,0.195,0
179.22,-2.8024,0.7993,109.6024,0.0004,-0.0001,111.035,,,,,,,,,,,,0.199,0.352,0.291,0.195,0
179.24,-2.8024,0.7993,109.6024,0.0004,-0.0001,111.035,,,,,,,,,,,,0.199,0.352,0.291,0.195,0
179.26,-2.7573,0.7998,109.5059,0.0004,-0.0001,111.035,,,,,,,,,,,,0.199,0.352,0.291,0.195,0
179.28,-2.7573,0.7998,109.5059,0.0004,-0.0001,111.035,,,,,,,,,,,,0.203,0.351,0.279,0.213,0
179.3,-2.7573,0.7998,109.5059,0.0004,-0.0001,111.035,,,,,,,,,,,,0.203,0.351,0.279,0.213,0
179.32,-2.7573,0.7998,109.5059,0.0004,-0.0001,111.035,,,,,,,,,,,,0.203,0.351,0.279,0.213,0
179.34,-2.7573,0.7998,109.5059,0.0004,-0.0001,111.035,,,,,,,,,,,,0.203,0.351,0.279,0.213,0
179.36,-2.7413,0.771,109.3827,0.0004,-0.0001,111.035,,,,,,,,,,,,0.203,0.351,0.279,0.213,0
179.38,-2.7413,0.771,109.3827,0.0004,-0.0001,111.035,,,,,,,,,,,,0.179,0.377,0.309,0.179,0
179.4,-2.7413,0.771,109.3827,0.0004,-0.0001,111.035,,,,,,,,,,,,0.179,0.377,0.309,0.179,0
179.42,-2.7413,0.771,109.3827,0.0004,-0.0001,111.035,,,,,,,,,,,,0.179,0.377,0.309,0.179,0
179.44,-2.7413,0.771,109.3827,0.0004,-0.0001,111.035,,,,,,,,,,,,0.179,0.377,0.309,0.179,0
179.46,-2.7425,0.7797,109.2758,0.0004,-0.0001,111.035,,,,,,,,,,,,0.179,0.377,0.309,0.179,0
179.48,-2.7425,0.7797,109.2758,0.0004,-0.0001,111.035,,,,,,,,,,,,0.194,0.371,0.293,0.199,0
179.5,-2.7425,0.7797,109.2758,0.0004,-0.0001,111.035,,,,,,,,,,,,0.194,0.371,0.293,0.199,0
179.52,-2.7425,0.7797,109.2758,0.0004,-0.0001,111.035,,,,,,,,,,,,0.194,0.371,0.293,0.199,0
179.54,-2.7425,0.7797,109.2758,0.0004,-0.0001,111.035,,,,,,,,,,,,0.194,0.371,0.293,0.199,0
179.56,-2.7611,0.7657,109.206,0.0004,-0.0001,111.035,,,,,,,,,,,,0.194,0.371,0.293,0.199,0
179.58,-2.7611,0.7657,109.206,0.0004,-0.0001,111.035,,,,,,,,,,,,0.203,0.368,0.304,0.179,0
179.6,-2.7611,0.7657,109.206,0.0004,-0.0001,111.035,,,,,,,,,,,,0.203,0.368,0.304,0.179,0
179.62,-2.7611,0.7657,109.206,0.0004,-0.0001,111.035,,,,,,,,,,,,0.203,0.368,0.304,0.179,0
179.64,-2.7611,0.7657,109.206,0.0004,-0.0001,111.035,,,,,,,,,,,,0.203,0.368,0.304,0.179,0
179.66,-2.7659,0.7452,109.0791,0.0004,-0.0001,111.035,,,,,,,,,,,,0.203,0.368,0.304,0.179,0
179.68,-2.7659,0.7452,109.0791,0.0004,-0.0001,111.035,,,,,,,,,,,,0.196,0.375,0.307,0.173,0
179.7,-2.7659,0.7452,109.0791,0.0004,-0.0001,111.035,,,,,,,,,,,,0.196,0.375,0.307,0.173,0
179.72,-2.7659,0.7452,109.0791,0.0004,-0.0001,111.035,,,,,,,,,,,,0.196,0.375,0.307,0.173,0
179.74,-2.7659,0.7452,109.0791,0.0004,-0.0001,111.035,,,,,,,,,,,,0.196,0.375,0.307,0.173,0
179.76,-2.8237,0.7441,108.982,0.0004,-0.0001,111.035,,,,,,,,,,,,0.196,0.375,0.307,0.173,0
179.78,-2.8237,0.7441,108.982,0.0004,-0.0001,111.035,,,,,,,,,,,,0.21,0.404,0.335,0.184,0
179.8,-2.8237,0.7441,108.982,0.0004,-0.0001,111.035,,,,,,,,,,,,0.21,0.404,0.335,0.184,0
179.82,-2.8237,0.7441,108.982,0.0004,-0.0001,111.035,,,,,,,,,,,,0.21,0.404,0.335,0.184,0
179.84,-2.8237,0.7441,108.982,0.0004,-0.0001,111.035,,,,,,,,,,,,0.21,0.404,0.335,0.184,0
179.86,-2.7476,0.7582,108.9115,0.0004,-0.0001,111.035,,,,,,,,,,,,0.21,0.404,0.335,0.184,0
179.88,-2.7476,0.7582,108.9115,0.0004,-0.0001,111.035,,,,,,,,,,,,0.231,0.409,0.321,0.237,0
179.9,-2.7476,0.7582,108.9115,0.0004,-0.0001,111.035,,,,,,,,,,,,0.231,0.409,0.321,0.237,0
179.92,-2.7476,0.7582,108.9115,0.0004,-0.0001,111.035,,,,,,,,,,,,0.231,0.409,0.321,0.237,0
179.94,-2.7476,0.7582,108.9115,0.0004,-0.0001,111.035,,,,,,,,,,,,0.231,0.409,0.321,0.237,0
179.96,-2.6432,0.7711,108.7962,0.0004,-0.0001,111.035,,,,,,,,,,,,0.231,0.409,0.321,0.237,0
179.98,-2.6432,0.7711,108.7962,0.0004,-0.0001,111.035,,,,,,,,,,,,0.23,0.414,0.326,0.228,0
180.0,-2.6432,0.7711,108.7962,0.0004,-0.0001,111.035,,,,,,,,,,,,0.23,0.414,0.326,0.228,0
180.02,-2.6432,0.7711,108.7962,0.0004,-0.0001,111.035,,,,,,,,,,,,0.23,0.414,0.326,0.228,0
180.04,-2.6432,0.7711,108.7962,0.0004,-0.0001,111.035,,,,,,,,,,,,0.23,0.414,0.326,0.228,0
180.06,-2.6964,0.7512,108.8062,0.0004,-0.0001,111.035,,,,,,,,,,,,0.23,0.414,0.326,0.228,0
180.08,-2.6964,0.7512,108.8062,0.0004,-0.0001,111.035,,,,,,,,,,,,0.223,0.418,0.356,0.19,0
180.1,-2.6964,0.7512,108.8062,0.0004,-0.0001,111.035,,,,,,,,,,,,0.223,0.418,0.356,0.19,0
180.12,-2.6964,0.7512,108.8062,0.0004,-0.0001,111.035,,,,,,,,,,,,0.223,0.418,0.356,0.19,0
180.14,-2.6964,0.7512,108.8062,0.0004,-0.0001,111.035,,,,,,,,,,,,0.223,0.418,0.356,0.19,0
180.16,-2.6922,0.7346,108.5981,0.0004,-0.0001,111.035,,,,,,,,,,,,0.223,0.418,0.356,0.19,0
180.18,-2.6922,0.7346,108.5981,0.0004,-0.0001,111.035,,,,,,,,,,,,0.242,0.43,0.352,0.214,0
180.2,-2.6922,0.7346,108.5981,0.0004,-0.0001,111.035,,,,,,,,,,,,0.242,0.43,0.352,0.214,0
180.22,-2.6922,0.7346,108.5981,0.0004,-0.0001,111.035,,,,,,,,,,,,0.242,0.43,0.352,0.214,0
180.24,-2.6922,0.7346,108.5981,0.0004,-0.0001,111.035,,,,,,,,,,,,0.242,0.43,0.352,0.214,0
180.26,-2.7269,0.6912,108.5956,0.0004,-0.0001,111.035,,,,,,,,,,,,0.242,0.43,0.352,0.214,0
180.28,-2.7269,0.6912,108.5956,0.0004,-0.0001,111.035,,,,,,,,,,,,0.223,0.441,0.38,0.178,0
180.3,-2.7269,0.6912,108.5956,0.0004,-0.0001,111.035,,,,,,,,,,,,0.223,0.441,0.38,0.178,0
180.32,-2.7269,0.6912,108.5956,0.0004,-0.0001,111.035,,,,,,,,,,,,0.223,0.441,0.38,0.178,0
180.34,-2.7269,0.6912,108.5956,0.0004,-0.0001,111.035,,,,,,,,,,,,0.223,0.441,0.38,0.178,0
180.36,-2.6155,0.7196,108.4272,0.0004,-0.0001,111.035,,,,,,,,,,,,0.223,0.441,0.38,0.178,0
180.38,-2.6155,0.7196,108.4272,0.0004,-0.0001,111.035,,,,,,,,,,,,0.277,0.444,0.358,0.256,0
180.4,-2.6155,0.7196,108.4272,0.0004,-0.0001,111.035,,,,,,,,,,,,0.277,0.444,0.358,0.256,0
180.42,-2.6155,0.7196,108.4272,0.0004,-0.0001,111.035,,,,,,,,,,,,0.277,0.444,0.358,0.256,0
180.44,-2.6155,0.7196,108.4272,0.0004,-0.0001,111.035,,,,,,,,,,,,0.277,0.444,0.358,0.256,0
180.46,-2.5847,0.8056,108.422,0.0004,-0.0001,111.035,,,,,,,,,,,,0.277,0.444,0.358,0.256,0
180.48,-2.5847,0.8056,108.422,0.0004,-0.0001,111.035,,,,,,,,,,,,0.281,0.466,0.38,0.273,0
180.5,-2.5847,0.8056,108.422,0.0004,-0.0001,111.035,,,,,,,,,,,,0.281,0.466,0.38,0.273,0
180.52,-2.5847,0.8056,108.422,0.0004,-0.0001,111.035,,,,,,,,,,,,0.281,0.466,0.38,0.273,0
180.54,-2.5847,0.8056,108.422,0.0004,-0.0001,111.035,,,,,,,,,,,,0.281,0.466,0.38,0.273,0
180.56,-2.5152,0.8082,108.2856,0.0004,-0.0001,111.035,,,,,,,,,,,,0.281,0.466,0.38,0.273,0
180.58,-2.5152,0.8082,108.2856,0.0004,-0.0001,111.035,,,,,,,,,,,,0.277,0.48,0.378,0.28,0
180.6,-2.5152,0.8082,108.2856,0.0004,-0.0001,111.035,,,,,,,,,,,,0.277,0.48,0.378,0.28,0
180.62,-2.5152,0.8082,108.2856,0.0004,-0.0001,111.035,,,,,,,,,,,,0.277,0.48,0.378,0.28,0
180.64,-2.5152,0.8082,108.2856,0.0004,-0.0001,111.035,,,,,,,,,,,,0.277,0.48,0.378,0.28,0
180.66,-2.5037,0.8256,108.0726,0.0004,-0.0001,111.035,,,,,,,,,,,,0.277,0.48,0.378,0.28,0
180.68,-2.5037,0.8256,108.0726,0.0004,-0.0001,111.035,,,,,,,,,,,,0.29,0.479,0.383,0.27,0
180.7,-2.5037,0.8256,108.0726,0.0004,-0.0001,111.035,,,,,,,,,,,,0.29,0.479,0.383,0.27,0
180.72,-2.5037,0.8256,108.0726,0.0004,-0.0001,111.035,,,,,,,,,,,,0.29,0.479,0.383,0.27,0
180.74,-2.5037,0.8256,108.0726,0.0004,-0.0001,111.035,,,,,,,,,,,,0.29,0.479,0.383,0.27,0
180.76,-2.4938,0.7907,107.9578,0.0004,-0.0001,111.035,,,,,,,,,,,,0.29,0.479,0.383,0.27,0
180.78,-2.4938,0.7907,107.9578,0.0004,-0.0001,111.035,,,,,,,,,,,,0.296,0.476,0.357,0.301,0
180.8,-2.4938,0.7907,107.9578,0.0004,-0.0001,111.035,,,,,,,,,,,,0.296,0.476,0.357,0.301,0
180.82,-2.4938,0.7907,107.9578,0.0004,-0.0001,111.035,,,,,,,,,,,,0.296,0.476,0.357,0.301,0
180.84,-2.4938,0.7907,107.9578,0.0004,-0.0001,111.035,,,,,,,,,,,,0.296,0.476,0.357,0.301,0
180.86,-2.6465,0.7622,107.7232,0.0004,-0.0001,111.035,,,,,,,,,,,,0.296,0.476,0.357,0.301,0
180.88,-2.6465,0.7622,107.7232,0.0004,-0.0001,111.035,,,,,,,,,,,,0.287,0.488,0.398,0.243,0
180.9,-2.6465,0.7622,107.7232,0.0004,-0.0001,111.035,,,,,,,,,,,,0.287,0.488,0.398,0.243,0
180.92,-2.6465,0.7622,107.7232,0.0004,-0.0001,111.035,,,,,,,,,,,,0.287,0.488,0.398,0.243,0
180.94,-2.6465,0.7622,107.7232,0.0004,-0.0001,111.035,,,,,,,,,,,,0.287,0.488,0.398,0.243,0
180.96,-2.5833,0.8474,107.603,0.0004,-0.0001,111.035,,,,,,,,,,,,0.287,0.488,0.398,0.243,0
180.98,-2.5833,0.8474,107.603,0.0004,-0.0001,111.035,,,,,,,,,,,,0.295,0.482,0.382,0.261,0
181.0,-2.5833,0.8474,107.603,0.0004,-0.0001,111.035,,,,,,,,,,,,0.295,0.482,0.382,0.261,0
181.02,-2.5833,0.8474,107.603,0.0004,-0.0001,111.035,,,,,,,,,,,,0.295,0.482,0.382,0.261,0
181.04,-2.5833,0.8474,107.603,0.0004,-0.0001,111.035,,,,,,,,,,,,0.295,0.482,0.382,0.261,0
181.06,-2.5422,0.8362,107.3757,0.0004,-0.0001,111.035,,,,,,,,,,,,0.295,0.482,0.382,0.261,0
181.08,-2.5422,0.8362,107.3757,0.0004,-0.0001,111.035,,,,,,,,,,,,0.289,0.493,0.371,0.265,0
181.1,-2.5422,0.8362,107.3757,0.0004,-0.0001,111.035,,,,,,,,,,,,0.289,0.493,0.371,0.265,0
181.12,-2.5422,0.8362,107.3757,0.0004,-0.0001,111.035,,,,,,,,,,,,0.289,0.493,0.371,0.265,0
181.14,-2.5422,0.8362,107.3757,0.0004,-0.0001,111.035,,,,,,,,,,,,0.289,0.493,0.371,0.265,0
181.16,-2.5834,0.809,107.2669,0.0004,-0.0001,111.035,,,,,,,,,,,,0.289,0.493,0.371,0.265,0
181.18,-2.5834,0.809,107.2669,0.0004,-0.0001,111.035,,,,,,,,,,,,0.277,0.5,0.41,0.206,0
181.2,-2.5834,0.809,107.2669,0.0004,-0.0001,111.035,,,,,,,,,,,,0.277,0.5,0.41,0.206,0
181.22,-2.5834,0.809,107.2669,0.0004,-0.0001,111.035,,,,,,,,,,,,0.277,0.5,0.41,0.206,0
181.24,-2.5834,0.809,107.2669,0.0004,-0.0001,111.035,,,,,,,,,,,,0.277,0.5,0.41,0.206,0
181.26,-2.5287,0.8438,107.0769,0.0004,-0.0001,111.035,,,,,,,,,,,,0.277,0.5,0.41,0.206,0
181.28,-2.5287,0.8438,107.0769,0.0004,-0.0001,111.035,,,,,,,,,,,,0.292,0.495,0.361,0.27,0
181.3,-2.5287,0.8438,107.0769,0.0004,-0.0001,111.035,,,,,,,,,,,,0.292,0.495,0.361,0.27,0
181.32,-2.5287,0.8438,107.0769,0.0004,-0.0001,111.035,,,,,,,,,,,,0.292,0.495,0.361,0.27,0
181.34,-2.5287,0.8438,107.0769,0.0004,-0.0001,111.035,,,,,,,,,,,,0.292,0.495,0.361,0.27,0
181.36,-2.5339,0.8013,106.9125,0.0004,-0.0001,111.035,,,,,,,,,,,,0.292,0.495,0.361,0.27,0
181.38,-2.5339,0.8013,106.9125,0.0004,-0.0001,111.035,,,,,,,,,,,,0.286,0.502,0.376,0.245,0
181.4,-2.5339,0.8013,106.9125,0.0004,-0.0001,111.035,,,,,,,,,,,,0.286,0.502,0.376,0.245,0
181.42,-2.5339,0.8013,106.9125,0.0004,-0.0001,111.035,,,,,,,,,,,,0.286,0.502,0.376,0.245,0
181.44,-2.5339,0.8013,106.9125,0.0004,-0.0001,111.035,,,,,,,,,,,,0.286,0.502,0.376,0.245,0
181.46,-2.4691,0.7852,106.8,0.0002,-0.4333,111.035,,,,,,,,,,,,0.286,0.502,0.376,0.245,0
181.48,-2.4691,0.7852,106.8,0.0002,-0.4333,111.035,,,,,,,,,,,,0.281,0.505,0.356,0.271,0
181.5,-2.4691,0.7852,106.8,0.0002,-0.4333,111.035,,,,,,,,,,,,0.281,0.505,0.356,0.271,0
181.52,-2.4691,0.7852,106.8,0.0002,-0.4333,111.035,,,,,,,,,,,,0.281,0.505,0.356,0.271,0
181.54,-2.4691,0.7852,106.8,0.0002,-0.4333,111.035,,,,,,,,,,,,0.281,0.505,0.356,0.271,0
181.56,-2.4222,0.8087,106.7141,0.0001,-1.3281,111.035,,,,,,,,,,,,0.281,0.505,0.356,0.271,0
181.58,-2.4222,0.8087,106.7141,0.0001,-1.3281,111.035,,,,,,,,,,,,0.248,0.526,0.334,0.295,0
181.6,-2.4222,0.8087,106.7141,0.0001,-1.3281,111.035,,,,,,,,,,,,0.248,0.526,0.334,0.295,0
181.62,-2.4222,0.8087,106.7141,0.0001,-1.3281,111.035,,,,,,,,,,,,0.248,0.526,0.334,0.295,0
181.64,-2.4222,0.8087,106.7141,0.0001,-1.3281,111.035,,,,,,,,,,,,0.248,0.526,0.334,0.295,0
181.66,-2.4264,0.8171,106.5576,0.0001,-1.9862,111.035,,,,,,,,,,,,0.248,0.526,0.334,0.295,0
181.68,-2.4264,0.8171,106.5576,0.0001,-1.9862,111.035,,,,,,,,,,,,0.285,0.508,0.333,0.291,0
181.7,-2.4264,0.8171,106.5576,0.0001,-1.9862,111.035,,,,,,,,,,,,0.285,0.508,0.333,0.291,0
181.72,-2.4264,0.8171,106.5576,0.0001,-1.9862,111.035,,,,,,,,,,,,0.285,0.508,0.333,0.291,0
181.74,-2.4264,0.8171,106.5576,0.0001,-1.9862,111.035,,,,,,,,,,,,0.285,0.508,0.333,0.291,0
181.76,-2.4065,0.7538,106.3409,0.0,-1.8167,111.035,,,,,,,,,,,,0.285,0.508,0.333,0.291,0
181.78,-2.4065,0.7538,106.3409,0.0,-1.8167,111.035,,,,,,,,,,,,0.263,0.526,0.371,0.232,0
181.8,-2.4065,0.7538,106.3409,0.0,-1.8167,111.035,,,,,,,,,,,,0.263,0.526,0.371,0.232,0
181.82,-2.4065,0.7538,106.3409,0.0,-1.8167,111.035,,,,,,,,,,,,0.263,0.526,0.371,0.232,0
181.84,-2.4065,0.7538,106.3409,0.0,-1.8167,111.035,,,,,,,,,,,,0.263,0.526,0.371,0.232,0
181.86,-2.3919,0.7696,106.3045,0.0,-1.5488,111.035,,,,,,,,,,,,0.263,0.526,0.371,0.232,0
181.88,-2.3919,0.7696,106.3045,0.0,-1.5488,111.035,,,,,,,,,,,,0.277,0.517,0.362,0.246,0
181.9,-2.3919,0.7696,106.3045,0.0,-1.5488,111.035,,,,,,,,,,,,0.277,0.517,0.362,0.246,0
181.92,-2.3919,0.7696,106.3045,0.0,-1.5488,111.035,,,,,,,,,,,,0.277,0.517,0.362,0.246,0
181.94,-2.3919,0.7696,106.3045,0.0,-1.5488,111.035,,,,,,,,,,,,0.277,0.517,0.362,0.246,0
181.96,-2.4875,0.7984,106.0731,0.0,-1.4366,111.0349,,,,,,,,,,,,0.277,0.517,0.362,0.246,0
181.98,-2.4875,0.7984,106.0731,0.0,-1.4366,111.0349,,,,,,,,,,,,0.269,0.529,0.364,0.235,0
182.0,-2.4875,0.7984,106.0731,0.0,-1.4366,111.0349,,,,,,,,,,,,0.269,0.529,0.364,0.235,0
182.02,-2.4875,0.7984,106.0731,0.0,-1.4366,111.0349,,,,,,,,,,,,0.269,0.529,0.364,0.235,0
182.04,-2.4875,0.7984,106.0731,0.0,-1.4366,111.0349,,,,,,,,,,,,0.269,0.529,0.364,0.235,0
182.06,-2.3825,0.819,106.0513,0.0,-1.386,111.0349,,,,,,,,,,,,0.269,0.529,0.364,0.235,0
182.08,-2.3825,0.819,106.0513,0.0,-1.386,111.0349,,,,,,,,,,,,0.249,0.549,0.375,0.241,0
182.1,-2.3825,0.819,106.0513,0.0,-1.386,111.0349,,,,,,,,,,,,0.249,0.549,0.375,0.241,0
182.12,-2.3825,0.819,106.0513,0.0,-1.386,111.0349,,,,,,,,,,,,0.249,0.549,0.375,0.241,0
182.14,-2.3825,0.819,106.0513,0.0,-1.386,111.0349,,,,,,,,,,,,0.249,0.549,0.375,0.241,0
182.16,-2.2756,0.8323,105.9235,-0.3354,-1.0076,111.0349,,,,,,,,,,,,0.249,0.549,0.375,0.241,0
182.18,-2.2756,0.8323,105.9235,-0.3354,-1.0076,111.0349,,,,,,,,,,,,0.319,0.516,0.334,0.293,0
182.2,-2.2756,0.8323,105.9235,-0.3354,-1.0076,111.0349,,,,,,,,,,,,0.319,0.516,0.334,0.293,0
182.22,-2.2756,0.8323,105.9235,-0.3354,-1.0076,111.0349,,,,,,,,,,,,0.319,0.516,0.334,0.293,0
182.24,-2.2756,0.8323,105.9235,-0.3354,-1.0076,111.0349,,,,,,,,,,,,0.319,0.516,0.334,0.293,0
182.26,-2.3357,0.7791,105.9036,-1.0227,-0.5144,111.0348,,,,,,,,,,,,0.319,0.516,0.334,0.293,0
182.28,-2.3357,0.7791,105.9036,-1.0227,-0.5144,111.0348,,,,,,,,,,,,0.33,0.522,0.368,0.281,0
182.3,-2.3357,0.7791,105.9036,-1.0227,-0.5144,111.0348,,,,,,,,,,,,0.33,0.522,0.368,0.281,0
182.32,-2.3357,0.7791,105.9036,-1.0227,-0.5144,111.0348,,,,,,,,,,,,0.33,0.522,0.368,0.281,0
182.34,-2.3357,0.7791,105.9036,-1.0227,-0.5144,111.0348,,,,,,,,,,,,0.33,0.522,0.368,0.281,0
182.36,-2.3151,0.9105,105.908,-1.0464,-0.3556,111.0883,,,,,,,,,,,,0.33,0.522,0.368,0.281,0
182.38,-2.3151,0.9105,105.908,-1.0464,-0.3556,111.0883,,,,,,,,,,,,0.297,0.561,0.382,0.285,0
182.4,-2.3151,0.9105,105.908,-1.0464,-0.3556,111.0883,,,,,,,,,,,,0.297,0.561,0.382,0.285,0
182.42,-2.3151,0.9105,105.908,-1.0464,-0.3556,111.0883,,,,,,,,,,,,0.297,0.561,0.382,0.285,0
182.44,-2.3151,0.9105,105.908,-1.0464,-0.3556,111.0883,,,,,,,,,,,,0.297,0.561,0.382,0.285,0
182.46,-2.1419,0.9429,105.9297,-0.8295,-0.5777,111.2396,,,,,,,,,,,,0.297,0.561,0.382,0.285,0
182.48,-2.1419,0.9429,105.9297,-0.8295,-0.5777,111.2396,,,,,,,,,,,,0.351,0.548,0.382,0.313,0
182.5,-2.1419,0.9429,105.9297,-0.8295,-0.5777,111.2396,,,,,,,,,,,,0.351,0.548,0.382,0.313,0
182.52,-2.1419,0.9429,105.9297,-0.8295,-0.5777,111.2396,,,,,,,,,,,,0.351,0.548,0.382,0.313,0
182.54,-2.1419,0.9429,105.9297,-0.8295,-0.5777,111.2396,,,,,,,,,,,,0.351,0.548,0.382,0.313,0
182.56,-2.0016,1.0369,105.9056,-0.7092,-0.7387,111.4344,,,,,,,,,,,,0.351,0.548,0.382,0.313,0
182.58,-2.0016,1.0369,105.9056,-0.7092,-0.7387,111.4344,,,,,,,,,,,,0.31,0.586,0.388,0.311,0
182.6,-2.0016,1.0369,105.9056,-0.7092,-0.7387,111.4344,,,,,,,,,,,,0.31,0.586,0.388,0.311,0
182.62,-2.0016,1.0369,105.9056,-0.7092,-0.7387,111.4344,,,,,,,,,,,,0.31,0.586,0.388,0.311,0
182.64,-2.0016,1.0369,105.9056,-0.7092,-0.7387,111.4344,,,,,,,,,,,,0.31,0.586,0.388,0.311,0
182.66,-1.9455,1.0633,105.8593,-0.6367,-0.8624,111.6145,,,,,,,,,,,,0.31,0.586,0.388,0.311,0
182.68,-1.9455,1.0633,105.8593,-0.6367,-0.8624,111.6145,,,,,,,,,,,,0.338,0.575,0.393,0.303,0
182.7,-1.9455,1.0633,105.8593,-0.6367,-0.8624,111.6145,,,,,,,,,,,,0.338,0.575,0.393,0.303,0
182.72,-1.9455,1.0633,105.8593,-0.6367,-0.8624,111.6145,,,,,,,,,,,,0.338,0.575,0.393,0.303,0
182.74,-1.9455,1.0633,105.8593,-0.6367,-0.8624,111.6145,,,,,,,,,,,,0.338,0.575,0.393,0.303,0
182.76,-1.7896,1.02,105.7451,-0.6164,-1.0218,111.9282,,,,,,,,,,,,0.338,0.575,0.393,0.303,0
182.78,-1.7896,1.02,105.7451,-0.6164,-1.0218,111.9282,,,,,,,,,,,,0.366,0.577,0.384,0.315,0
182.8,-1.7896,1.02,105.7451,-0.6164,-1.0218,111.9282,,,,,,,,,,,,0.366,0.577,0.384,0.315,0
182.82,-1.7896,1.02,105.7451,-0.6164,-1.0218,111.9282,,,,,,,,,,,,0.366,0.577,0.384,0.315,0
182.84,-1.7896,1.02,105.7451,-0.6164,-1.0218,111.9282,,,,,,,,,,,,0.366,0.577,0.384,0.315,0
182.86,-1.8577,1.0664,105.6033,-0.5971,-1.2533,112.5937,,,,,,,,,,,,0.366,0.577,0.384,0.315,0
182.88,-1.8577,1.0664,105.6033,-0.5971,-1.2533,112.5937,,,,,,,,,,,,0.343,0.613,0.382,0.299,0
182.9,-1.8577,1.0664,105.6033,-0.5971,-1.2533,112.5937,,,,,,,,,,,,0.343,0.613,0.382,0.299,0
182.92,-1.8577,1.0664,105.6033,-0.5971,-1.2533,112.5937,,,,,,,,,,,,0.343,0.613,0.382,0.299,0
182.94,-1.8577,1.0664,105.6033,-0.5971,-1.2533,112.5937,,,,,,,,,,,,0.343,0.613,0.382,0.299,0
182.96,-1.7976,1.0451,105.4672,-0.7911,-1.4317,113.744,,,,,,,,,,,,0.343,0.613,0.382,0.299,0
182.98,-1.7976,1.0451,105.4672,-0.7911,-1.4317,113.744,,,,,,,,,,,,0.397,0.603,0.356,0.294,0
183.0,-1.7976,1.0451,105.4672,-0.7911,-1.4317,113.744,,,,,,,,,,,,0.397,0.603,0.356,0.294,0
183.02,-1.7976,1.0451,105.4672,-0.7911,-1.4317,113.744,,,,,,,,,,,,0.397,0.603,0.356,0.294,0
183.04,-1.7976,1.0451,105.4672,-0.7911,-1.4317,113.744,,,,,,,,,,,,0.397,0.603,0.356,0.294,0
183.06,-1.5832,1.0868,105.5199,-1.5229,-1.1982,115.4688,,,,,,,,,,,,0.397,0.603,0.356,0.294,0
183.08,-1.5832,1.0868,105.5199,-1.5229,-1.1982,115.4688,,,,,,,,,,,,0.414,0.615,0.302,0.307,0
183.1,-1.5832,1.0868,105.5199,-1.5229,-1.1982,115.4688,,,,,,,,,,,,0.414,0.615,0.302,0.307,0
183.12,-1.5832,1.0868,105.5199,-1.5229,-1.1982,115.4688,,,,,,,,,,,,0.414,0.615,0.302,0.307,0
183.14,-1.5832,1.0868,105.5199,-1.5229,-1.1982,115.4688,,,,,,,,,,,,0.414,0.615,0.302,0.307,0
183.16,-1.1912,1.0988,105.5418,-2.5832,-0.8294,117.0909,,,,,,,,,,,,0.414,0.615,0.302,0.307,0
183.18,-1.1912,1.0988,105.5418,-2.5832,-0.8294,117.0909,,,,,,,,,,,,0.451,0.6,0.264,0.32,0
183.2,-1.1912,1.0988,105.5418,-2.5832,-0.8294,117.0909,,,,,,,,,,,,0.451,0.6,0.264,0.32,0
183.22,-1.1912,1.0988,105.5418,-2.5832,-0.8294,117.0909,,,,,,,,,,,,0.451,0.6,0.264,0.32,0
183.24,-1.1912,1.0988,105.5418,-2.5832,-0.8294,117.0909,,,,,,,,,,,,0.451,0.6,0.264,0.32,0
183.26,-1.4849,1.0772,105.3224,-3.549,-0.4875,118.3532,,,,,,,,,,,,0.451,0.6,0.264,0.32,0
183.28,-1.4849,1.0772,105.3224,-3.549,-0.4875,118.3532,,,,,,,,,,,,0.436,0.623,0.28,0.284,0
183.3,-1.4849,1.0772,105.3224,-3.549,-0.4875,118.3532,,,,,,,,,,,,0.436,0.623,0.28,0.284,0
183.32,-1.4849,1.0772,105.3224,-3.549,-0.4875,118.3532,,,,,,,,,,,,0.436,0.623,0.28,0.284,0
183.34,-1.4849,1.0772,105.3224,-3.549,-0.4875,118.3532,,,,,,,,,,,,0.436,0.623,0.28,0.284,0
183.36,-2.0854,1.0062,104.9127,-4.131,-0.2809,119.9295,,,,,,,,,,,,0.436,0.623,0.28,0.284,0
183.38,-2.0854,1.0062,104.9127,-4.131,-0.2809,119.9295,,,,,,,,,,,,0.468,0.619,0.247,0.267,0
183.4,-2.0854,1.0062,104.9127,-4.131,-0.2809,119.9295,,,,,,,,,,,,0.468,0.619,0.247,0.267,0
183.42,-2.0854,1.0062,104.9127,-4.131,-0.2809,119.9295,,,,,,,,,,,,0.468,0.619,0.247,0.267,0
183.44,-2.0854,1.0062,104.9127,-4.131,-0.2809,119.9295,,,,,,,,,,,,0.468,0.619,0.247,0.267,0
183.46,-2.2727,1.0582,104.7522,-4.8467,-0.1432,121.4215,,,,,,,,,,,,0.468,0.619,0.247,0.267,0
183.48,-2.2727,1.0582,104.7522,-4.8467,-0.1432,121.4215,,,,,,,,,,,,0.451,0.642,0.206,0.281,0
183.5,-2.2727,1.0582,104.7522,-4.8467,-0.1432,121.4215,,,,,,,,,,,,0.451,0.642,0.206,0.281,0
183.52,-2.2727,1.0582,104.7522,-4.8467,-0.1432,121.4215,,,,,,,,,,,,0.451,0.642,0.206,0.281,0
183.54,-2.2727,1.0582,104.7522,-4.8467,-0.1432,121.4215,,,,,,,,,,,,0.451,0.642,0.206,0.281,0
183.56,-2.2517,1.0209,104.8995,-6.0496,-0.0728,123.1153,,,,,,,,,,,,0.451,0.642,0.206,0.281,0
183.58,-2.2517,1.0209,104.8995,-6.0496,-0.0728,123.1153,,,,,,,,,,,,0.488,0.644,0.15,0.35,0
183.6,-2.2517,1.0209,104.8995,-6.0496,-0.0728,123.1153,,,,,,,,,,,,0.488,0.644,0.15,0.35,0
183.62,-2.2517,1.0209,104.8995,-6.0496,-0.0728,123.1153,,,,,,,,,,,,0.488,0.644,0.15,0.35,0
183.64,-2.2517,1.0209,104.8995,-6.0496,-0.0728,123.1153,,,,,,,,,,,,0.488,0.644,0.15,0.35,0
183.66,-2.229,0.9343,104.6485,-7.5195,-0.0368,124.7825,,,,,,,,,,,,0.488,0.644,0.15,0.35,0
183.68,-2.229,0.9343,104.6485,-7.5195,-0.0368,124.7825,,,,,,,,,,,,0.498,0.654,0.15,0.343,0
183.7,-2.229,0.9343,104.6485,-7.5195,-0.0368,124.7825,,,,,,,,,,,,0.498,0.654,0.15,0.343,0
183.72,-2.229,0.9343,104.6485,-7.5195,-0.0368,124.7825,,,,,,,,,,,,0.498,0.654,0.15,0.343,0
183.74,-2.229,0.9343,104.6485,-7.5195,-0.0368,124.7825,,,,,,,,,,,,0.498,0.654,0.15,0.343,0
183.76,-2.2894,1.018,104.4597,-8.5885,-0.0186,125.9287,,,,,,,,,,,,0.498,0.654,0.15,0.343,0
183.78,-2.2894,1.018,104.4597,-8.5885,-0.0186,125.9287,,,,,,,,,,,,0.497,0.627,0.15,0.388,0
183.8,-2.2894,1.018,104.4597,-8.5885,-0.0186,125.9287,,,,,,,,,,,,0.497,0.627,0.15,0.388,0
183.82,-2.2894,1.018,104.4597,-8.5885,-0.0186,125.9287,,,,,,,,,,,,0.497,0.627,0.15,0.388,0
183.84,-2.2894,1.018,104.4597,-8.5885,-0.0186,125.9287,,,,,,,,,,,,0.497,0.627,0.15,0.388,0
183.86,-2.4493,0.9911,104.4603,-9.1066,-0.0094,127.6466,,,,,,,,,,,,0.497,0.627,0.15,0.388,0
183.88,-2.4493,0.9911,104.4603,-9.1066,-0.0094,127.6466,,,,,,,,,,,,0.499,0.625,0.15,0.389,0
183.9,-2.4493,0.9911,104.4603,-9.1066,-0.0094,127.6466,,,,,,,,,,,,0.499,0.625,0.15,0.389,0
183.92,-2.4493,0.9911,104.4603,-9.1066,-0.0094,127.6466,,,,,,,,,,,,0.499,0.625,0.15,0.389,0
183.94,-2.4493,0.9911,104.4603,-9.1066,-0.0094,127.6466,,,,,,,,,,,,0.499,0.625,0.15,0.389,0
183.96,-2.3244,1.048,104.1647,-9.5527,-0.0047,129.0887,,,,,,,,,,,,0.499,0.625,0.15,0.389,0
183.98,-2.3244,1.048,104.1647,-9.5527,-0.0047,129.0887,,,,,,,,,,,,0.476,0.618,0.15,0.426,0
184.0,-2.3244,1.048,104.1647,-9.5527,-0.0047,129.0887,,,,,,,,,,,,0.476,0.618,0.15,0.426,0
184.02,-2.3244,1.048,104.1647,-9.5527,-0.0047,129.0887,,,,,,,,,,,,0.476,0.618,0.15,0.426,0
184.04,-2.3244,1.048,104.1647,-9.5527,-0.0047,129.0887,,,,,,,,,,,,0.476,0.618,0.15,0.426,0
184.06,-2.2673,0.9533,104.0975,-10.1985,-0.0022,130.5263,,,,,,,,,,,,0.476,0.618,0.15,0.426,0
184.08,-2.2673,0.9533,104.0975,-10.1985,-0.0022,130.5263,,,,,,,,,,,,0.46,0.593,0.15,0.477,0
184.1,-2.2673,0.9533,104.0975,-10.1985,-0.0022,130.5263,,,,,,,,,,,,0.46,0.593,0.15,0.477,0
184.12,-2.2673,0.9533,104.0975,-10.1985,-0.0022,130.5263,,,,,,,,,,,,0.46,0.593,0.15,0.477,0
184.14,-2.2673,0.9533,104.0975,-10.1985,-0.0022,130.5263,,,,,,,,,,,,0.46,0.593,0.15,0.477,0
184.16,-2.1605,0.9671,103.9986,-11.026,-0.0009,132.1759,,,,,,,,,,,,0.46,0.593,0.15,0.477,0
184.18,-2.1605,0.9671,103.9986,-11.026,-0.0009,132.1759,,,,,,,,,,,,0.464,0.59,0.15,0.48,0
184.2,-2.1605,0.9671,103.9986,-11.026,-0.0009,132.1759,,,,,,,,,,,,0.464,0.59,0.15,0.48,0
184.22,-2.1605,0.9671,103.9986,-11.026,-0.0009,132.1759,,,,,,,,,,,,0.464,0.59,0.15,0.48,0
184.24,-2.1605,0.9671,103.9986,-11.026,-0.0009,132.1759,,,,,,,,,,,,0.464,0.59,0.15,0.48,0
184.26,-2.2742,0.9917,103.7334,-11.5631,-0.0005,132.5016,,,,,,,,,,,,0.464,0.59,0.15,0.48,0
184.28,-2.2742,0.9917,103.7334,-11.5631,-0.0005,132.5016,,,,,,,,,,,,0.474,0.63,0.15,0.455,0
184.3,-2.2742,0.9917,103.7334,-11.5631,-0.0005,132.5016,,,,,,,,,,,,0.474,0.63,0.15,0.455,0
184.32,-2.2742,0.9917,103.7334,-11.5631,-0.0005,132.5016,,,,,,,,,,,,0.474,0.63,0.15,0.455,0
184.34,-2.2742,0.9917,103.7334,-11.5631,-0.0005,132.5016,,,,,,,,,,,,0.474,0.63,0.15,0.455,0
184.36,-2.3161,1.0083,103.6554,-11.9985,-0.0002,132.5016,,,,,,,,,,,,0.474,0.63,0.15,0.455,0
184.38,-2.3161,1.0083,103.6554,-11.9985,-0.0002,132.5016,,,,,,,,,,,,0.473,0.615,0.15,0.483,0
184.4,-2.3161,1.0083,103.6554,-11.9985,-0.0002,132.5016,,,,,,,,,,,,0.473,0.615,0.15,0.483,0
184.42,-2.3161,1.0083,103.6554,-11.9985,-0.0002,132.5016,,,,,,,,,,,,0.473,0.615,0.15,0.483,0
184.44,-2.3161,1.0083,103.6554,-11.9985,-0.0002,132.5016,,,,,,,,,,,,0.473,0.615,0.15,0.483,0
184.46,-2.3156,1.0463,103.5158,-12.1619,-0.0001,132.5016,,,,,,,,,,,,0.473,0.615,0.15,0.483,0
184.48,-2.3156,1.0463,103.5158,-12.1619,-0.0001,132.5016,,,,,,,,,,,,0.487,0.598,0.15,0.512,0
184.5,-2.3156,1.0463,103.5158,-12.1619,-0.0001,132.5016,,,,,,,,,,,,0.487,0.598,0.15,0.512,0
184.52,-2.3156,1.0463,103.5158,-12.1619,-0.0001,132.5016,,,,,,,,,,,,0.487,0.598,0.15,0.512,0
184.54,-2.3156,1.0463,103.5158,-12.1619,-0.0001,132.5016,,,,,,,,,,,,0.487,0.598,0.15,0.512,0
184.56,-2.1461,1.0562,103.3473,-12.1755,-0.0001,132.5016,,,,,,,,,,,,0.487,0.598,0.15,0.512,0
184.58,-2.1461,1.0562,103.3473,-12.1755,-0.0001,132.5016,,,,,,,,,,,,0.491,0.617,0.15,0.514,0
184.6,-2.1461,1.0562,103.3473,-12.1755,-0.0001,132.5016,,,,,,,,,,,,0.491,0.617,0.15,0.514,0
184.62,-2.1461,1.0562,103.3473,-12.1755,-0.0001,132.5016,,,,,,,,,,,,0.491,0.617,0.15,0.514,0
184.64,-2.1461,1.0562,103.3473,-12.1755,-0.0001,132.5016,,,,,,,,,,,,0.491,0.617,0.15,0.514,0
184.66,-2.2757,1.0242,103.2863,-12.1088,-0.0,132.5325,,,,,,,,,,,,0.491,0.617,0.15,0.514,0
184.68,-2.2757,1.0242,103.2863,-12.1088,-0.0,132.5325,,,,,,,,,,,,0.496,0.642,0.15,0.492,0
184.7,-2.2757,1.0242,103.2863,-12.1088,-0.0,132.5325,,,,,,,,,,,,0.496,0.642,0.15,0.492,0
184.72,-2.2757,1.0242,103.2863,-12.1088,-0.0,132.5325,,,,,,,,,,,,0.496,0.642,0.15,0.492,0
184.74,-2.2757,1.0242,103.2863,-12.1088,-0.0,132.5325,,,,,,,,,,,,0.496,0.642,0.15,0.492,0
184.76,-2.3534,1.0574,103.0677,-12.0278,-0.0,132.5325,,,,,,,,,,,,0.496,0.642,0.15,0.492,0
184.78,-2.3534,1.0574,103.0677,-12.0278,-0.0,132.5325,,,,,,,,,,,,0.496,0.627,0.15,0.528,0
184.8,-2.3534,1.0574,103.0677,-12.0278,-0.0,132.5325,,,,,,,,,,,,0.496,0.627,0.15,0.528,0
184.82,-2.3534,1.0574,103.0677,-12.0278,-0.0,132.5325,,,,,,,,,,,,0.496,0.627,0.15,0.528,0
184.84,-2.3534,1.0574,103.0677,-12.0278,-0.0,132.5325,,,,,,,,,,,,0.496,0.627,0.15,0.528,0
184.86,-2.2061,1.0896,102.9648,-12.0386,-0.0,132.5752,,,,,,,,,,,,0.496,0.627,0.15,0.528,0
184.88,-2.2061,1.0896,102.9648,-12.0386,-0.0,132.5752,,,,,,,,,,,,0.512,0.611,0.15,0.54,0
184.9,-2.2061,1.0896,102.9648,-12.0386,-0.0,132.5752,,,,,,,,,,,,0.512,0.611,0.15,0.54,0
184.92,-2.2061,1.0896,102.9648,-12.0386,-0.0,132.5752,,,,,,,,,,,,0.512,0.611,0.15,0.54,0
184.94,-2.2061,1.0896,102.9648,-12.0386,-0.0,132.5752,,,,,,,,,,,,0.512,0.611,0.15,0.54,0
184.96,-2.2065,1.1079,102.8607,-12.1174,-0.0,132.671,,,,,,,,,,,,0.512,0.611,0.15,0.54,0
184.98,-2.2065,1.1079,102.8607,-12.1174,-0.0,132.671,,,,,,,,,,,,0.499,0.626,0.15,0.54,0
185.0,-2.2065,1.1079,102.8607,-12.1174,-0.0,132.671,,,,,,,,,,,,0.499,0.626,0.15,0.54,0
185.02,-2.2065,1.1079,102.8607,-12.1174,-0.0,132.671,,,,,,,,,,,,0.499,0.626,0.15,0.54,0
185.04,-2.2065,1.1079,102.8607,-12.1174,-0.0,132.671,,,,,,,,,,,,0.499,0.626,0.15,0.54,0
185.06,-2.238,1.0254,102.5995,-12.2505,-0.0,132.6967,,,,,,,,,,,,0.499,0.626,0.15,0.54,0
185.08,-2.238,1.0254,102.5995,-12.2505,-0.0,132.6967,,,,,,,,,,,,0.515,0.615,0.15,0.547,0
185.1,-2.238,1.0254,102.5995,-12.2505,-0.0,132.6967,,,,,,,,,,,,0.515,0.615,0.15,0.547,0
185.12,-2.238,1.0254,102.5995,-12.2505,-0.0,132.6967,,,,,,,,,,,,0.515,0.615,0.15,0.547,0
185.14,-2.238,1.0254,102.5995,-12.2505,-0.0,132.6967,,,,,,,,,,,,0.515,0.615,0.15,0.547,0
185.16,-2.2725,1.0962,102.5539,-12.29,-0.0,132.6967,,,,,,,,,,,,0.515,0.615,0.15,0.547,0
185.18,-2.2725,1.0962,102.5539,-12.29,-0.0,132.6967,,,,,,,,,,,,0.52,0.603,0.15,0.555,0
185.2,-2.2725,1.0962,102.5539,-12.29,-0.0,132.6967,,,,,,,,,,,,0.52,0.603,0.15,0.555,0
185.22,-2.2725,1.0962,102.5539,-12.29,-0.0,132.6967,,,,,,,,,,,,0.52,0.603,0.15,0.555,0
185.24,-2.2725,1.0962,102.5539,-12.29,-0.0,132.6967,,,,,,,,,,,,0.52,0.603,0.15,0.555,0
185.26,-2.2972,1.0086,102.3683,-12.2107,-0.0,132.6967,,,,,,,,,,,,0.52,0.603,0.15,0.555,0
185.28,-2.2972,1.0086,102.3683,-12.2107,-0.0,132.6967,,,,,,,,,,,,0.519,0.614,0.15,0.544,0
185.3,-2.2972,1.0086,102.3683,-12.2107,-0.0,132.6967,,,,,,,,,,,,0.519,0.614,0.15,0.544,0
185.32,-2.2972,1.0086,102.3683,-12.2107,-0.0,132.6967,,,,,,,,,,,,0.519,0.614,0.15,0.544,0
185.34,-2.2972,1.0086,102.3683,-12.2107,-0.0,132.6967,,,,,,,,,,,,0.519,0.614,0.15,0.544,0
185.36,-2.4703,0.9449,102.3453,-11.971,-0.0,132.6967,,,,,,,,,,,,0.519,0.614,0.15,0.544,0
185.38,-2.4703,0.9449,102.3453,-11.971,-0.0,132.6967,,,,,,,,,,,,0.517,0.637,0.15,0.52,0
185.4,-2.4703,0.9449,102.3453,-11.971,-0.0,132.6967,,,,,,,,,,,,0.517,0.637,0.15,0.52,0
185.42,-2.4703,0.9449,102.3453,-11.971,-0.0,132.6967,,,,,,,,,,,,0.517,0.637,0.15,0.52,0
185.44,-2.4703,0.9449,102.3453,-11.971,-0.0,132.6967,,,,,,,,,,,,0.517,0.637,0.15,0.52,0
185.46,-2.5815,1.01,102.3333,-11.5464,-0.0,132.6967,,,,,,,,,,,,0.517,0.637,0.15,0.52,0
185.48,-2.5815,1.01,102.3333,-11.5464,-0.0,132.6967,,,,,,,,,,,,0.521,0.646,0.15,0.504,0
185.5,-2.5815,1.01,102.3333,-11.5464,-0.0,132.6967,,,,,,,,,,,,0.521,0.646,0.15,0.504,0
185.52,-2.5815,1.01,102.3333,-11.5464,-0.0,132.6967,,,,,,,,,,,,0.521,0.646,0.15,0.504,0
185.54,-2.5815,1.01,102.3333,-11.5464,-0.0,132.6967,,,,,,,,,,,,0.521,0.646,0.15,0.504,0
185.56,-2.4673,1.0834,102.0467,-10.9231,-0.0,132.6967,,,,,,,,,,,,0.521,0.646,0.15,0.504,0
185.58,-2.4673,1.0834,102.0467,-10.9231,-0.0,132.6967,,,,,,,,,,,,0.509,0.622,0.15,0.546,0
185.6,-2.4673,1.0834,102.0467,-10.9231,-0.0,132.6967,,,,,,,,,,,,0.509,0.622,0.15,0.546,0
185.62,-2.4673,1.0834,102.0467,-10.9231,-0.0,132.6967,,,,,,,,,,,,0.509,0.622,0.15,0.546,0
185.64,-2.4673,1.0834,102.0467,-10.9231,-0.0,132.6967,,,,,,,,,,,,0.509,0.622,0.15,0.546,0
185.66,-2.3644,1.02,102.034,-10.6013,-0.0,132.6967,,,,,,,,,,,,0.509,0.622,0.15,0.546,0
185.68,-2.3644,1.02,102.034,-10.6013,-0.0,132.6967,,,,,,,,,,,,0.505,0.614,0.15,0.558,0
185.7,-2.3644,1.02,102.034,-10.6013,-0.0,132.6967,,,,,,,,,,,,0.505,0.614,0.15,0.558,0
185.72,-2.3644,1.02,102.034,-10.6013,-0.0,132.6967,,,,,,,,,,,,0.505,0.614,0.15,0.558,0
185.74,-2.3644,1.02,102.034,-10.6013,-0.0,132.6967,,,,,,,,,,,,0.505,0.614,0.15,0.558,0
185.76,-2.4532,0.9505,101.8984,-10.7507,-0.0,132.6967,,,,,,,,,,,,0.505,0.614,0.15,0.558,0
185.78,-2.4532,0.9505,101.8984,-10.7507,-0.0,132.6967,,,,,,,,,,,,0.517,0.607,0.15,0.557,0
185.8,-2.4532,0.9505,101.8984,-10.7507,-0.0,132.6967,,,,,,,,,,,,0.517,0.607,0.15,0.557,0
185.82,-2.4532,0.9505,101.8984,-10.7507,-0.0,132.6967,,,,,,,,,,,,0.517,0.607,0.15,0.557,0
185.84,-2.4532,0.9505,101.8984,-10.7507,-0.0,132.6967,,,,,,,,,,,,0.517,0.607,0.15,0.557,0
185.86,-2.4871,0.9221,101.6413,-10.9161,0.0,132.8154,,,,,,,,,,,,0.517,0.607,0.15,0.557,0
185.88,-2.4871,0.9221,101.6413,-10.9161,0.0,132.8154,,,,,,,,,,,,0.525,0.638,0.15,0.553,0
185.9,-2.4871,0.9221,101.6413,-10.9161,0.0,132.8154,,,,,,,,,,,,0.525,0.638,0.15,0.553,0
185.92,-2.4871,0.9221,101.6413,-10.9161,0.0,132.8154,,,,,,,,,,,,0.525,0.638,0.15,0.553,0
185.94,-2.4871,0.9221,101.6413,-10.9161,0.0,132.8154,,,,,,,,,,,,0.525,0.638,0.15,0.553,0
185.96,-2.6448,1.0003,101.7892,-11.0536,0.0,132.8154,,,,,,,,,,,,0.525,0.638,0.15,0.553,0
185.98,-2.6448,1.0003,101.7892,-11.0536,0.0,132.8154,,,,,,,,,,,,0.519,0.655,0.15,0.557,0
186.0,-2.6448,1.0003,101.7892,-11.0536,0.0,132.8154,,,,,,,,,,,,0.519,0.655,0.15,0.557,0
186.02,-2.6448,1.0003,101.7892,-11.0536,0.0,132.8154,,,,,,,,,,,,0.519,0.655,0.15,0.557,0
186.04,-2.6448,1.0003,101.7892,-11.0536,0.0,132.8154,,,,,,,,,,,,0.519,0.655,0.15,0.557,0
186.06,-2.5227,1.0443,101.7249,-11.0626,0.0,132.8154,,,,,,,,,,,,0.519,0.655,0.15,0.557,0
186.08,-2.5227,1.0443,101.7249,-11.0626,0.0,132.8154,,,,,,,,,,,,0.518,0.64,0.15,0.575,0
186.1,-2.5227,1.0443,101.7249,-11.0626,0.0,132.8154,,,,,,,,,,,,0.518,0.64,0.15,0.575,0
186.12,-2.5227,1.0443,101.7249,-11.0626,0.0,132.8154,,,,,,,,,,,,0.518,0.64,0.15,0.575,0
186.14,-2.5227,1.0443,101.7249,-11.0626,0.0,132.8154,,,,,,,,,,,,0.518,0.64,0.15,0.575,0
186.16,-2.4859,0.956,101.4321,-10.9228,0.0,132.8205,,,,,,,,,,,,0.518,0.64,0.15,0.575,0
186.18,-2.4859,0.956,101.4321,-10.9228,0.0,132.8205,,,,,,,,,,,,0.542,0.632,0.15,0.593,0
186.2,-2.4859,0.956,101.4321,-10.9228,0.0,132.8205,,,,,,,,,,,,0.542,0.632,0.15,0.593,0
186.22,-2.4859,0.956,101.4321,-10.9228,0.0,132.8205,,,,,,,,,,,,0.542,0.632,0.15,0.593,0
186.24,-2.4859,0.956,101.4321,-10.9228,0.0,132.8205,,,,,,,,,,,,0.542,0.632,0.15,0.593,0
186.26,-2.5382,0.9658,101.6972,-10.793,-0.2003,133.0525,,,,,,,,,,,,0.542,0.632,0.15,0.593,0
186.28,-2.5382,0.9658,101.6972,-10.793,-0.2003,133.0525,,,,,,,,,,,,0.549,0.633,0.15,0.593,0
186.3,-2.5382,0.9658,101.6972,-10.793,-0.2003,133.0525,,,,,,,,,,,,0.549,0.633,0.15,0.593,0
186.32,-2.5382,0.9658,101.6972,-10.793,-0.2003,133.0525,,,,,,,,,,,,0.549,0.633,0.15,0.593,0
186.34,-2.5382,0.9658,101.6972,-10.793,-0.2003,133.0525,,,,,,,,,,,,0.549,0.633,0.15,0.593,0
186.36,-2.4263,1.0408,101.5722,-10.6555,-0.5406,133.4976,,,,,,,,,,,,0.549,0.633,0.15,0.593,0
186.38,-2.4263,1.0408,101.5722,-10.6555,-0.5406,133.4976,,,,,,,,,,,,0.527,0.655,0.15,0.591,0
186.4,-2.4263,1.0408,101.5722,-10.6555,-0.5406,133.4976,,,,,,,,,,,,0.527,0.655,0.15,0.591,0
186.42,-2.4263,1.0408,101.5722,-10.6555,-0.5406,133.4976,,,,,,,,,,,,0.527,0.655,0.15,0.591,0
186.44,-2.4263,1.0408,101.5722,-10.6555,-0.5406,133.4976,,,,,,,,,,,,0.527,0.655,0.15,0.591,0
186.46,-2.4097,0.9374,101.1635,-10.6375,-0.7198,133.5337,,,,,,,,,,,,0.527,0.655,0.15,0.591,0
186.48,-2.4097,0.9374,101.1635,-10.6375,-0.7198,133.5337,,,,,,,,,,,,0.536,0.645,0.15,0.606,0
186.5,-2.4097,0.9374,101.1635,-10.6375,-0.7198,133.5337,,,,,,,,,,,,0.536,0.645,0.15,0.606,0
186.52,-2.4097,0.9374,101.1635,-10.6375,-0.7198,133.5337,,,,,,,,,,,,0.536,0.645,0.15,0.606,0
186.54,-2.4097,0.9374,101.1635,-10.6375,-0.7198,133.5337,,,,,,,,,,,,0.536,0.645,0.15,0.606,0
186.56,-2.3651,0.9639,101.3042,-10.6348,-0.8113,133.5337,,,,,,,,,,,,0.536,0.645,0.15,0.606,0
186.58,-2.3651,0.9639,101.3042,-10.6348,-0.8113,133.5337,,,,,,,,,,,,0.55,0.64,0.15,0.608,0
186.6,-2.3651,0.9639,101.3042,-10.6348,-0.8113,133.5337,,,,,,,,,,,,0.55,0.64,0.15,0.608,0
186.62,-2.3651,0.9639,101.3042,-10.6348,-0.8113,133.5337,,,,,,,,,,,,0.55,0.64,0.15,0.608,0
186.64,-2.3651,0.9639,101.3042,-10.6348,-0.8113,133.5337,,,,,,,,,,,,0.55,0.64,0.15,0.608,0
186.66,-2.4248,1.0001,101.1573,-10.655,-0.8036,133.5337,,,,,,,,,,,,0.55,0.64,0.15,0.608,0
186.68,-2.4248,1.0001,101.1573,-10.655,-0.8036,133.5337,,,,,,,,,,,,0.545,0.655,0.15,0.613,0
186.7,-2.4248,1.0001,101.1573,-10.655,-0.8036,133.5337,,,,,,,,,,,,0.545,0.655,0.15,0.613,0
186.72,-2.4248,1.0001,101.1573,-10.655,-0.8036,133.5337,,,,,,,,,,,,0.545,0.655,0.15,0.613,0
186.74,-2.4248,1.0001,101.1573,-10.655,-0.8036,133.5337,,,,,,,,,,,,0.545,0.655,0.15,0.613,0
186.76,-2.3481,1.0305,100.8826,-10.7282,-0.6581,133.5338,,,,,,,,,,,,0.545,0.655,0.15,0.613,0
186.78,-2.3481,1.0305,100.8826,-10.7282,-0.6581,133.5338,,,,,,,,,,,,0.572,0.642,0.15,0.637,0
186.8,-2.3481,1.0305,100.8826,-10.7282,-0.6581,133.5338,,,,,,,,,,,,0.572,0.642,0.15,0.637,0
186.82,-2.3481,1.0305,100.8826,-10.7282,-0.6581,133.5338,,,,,,,,,,,,0.572,0.642,0.15,0.637,0
186.84,-2.3481,1.0305,100.8826,-10.7282,-0.6581,133.5338,,,,,,,,,,,,0.572,0.642,0.15,0.637,0
186.86,-2.4415,1.0774,101.0592,-10.8623,-0.4655,133.576,,,,,,,,,,,,0.572,0.642,0.15,0.637,0
186.88,-2.4415,1.0774,101.0592,-10.8623,-0.4655,133.576,,,,,,,,,,,,0.596,0.701,0.15,0.641,0
186.9,-2.4415,1.0774,101.0592,-10.8623,-0.4655,133.576,,,,,,,,,,,,0.596,0.701,0.15,0.641,0
186.92,-2.4415,1.0774,101.0592,-10.8623,-0.4655,133.576,,,,,,,,,,,,0.596,0.701,0.15,0.641,0
186.94,-2.4415,1.0774,101.0592,-10.8623,-0.4655,133.576,,,,,,,,,,,,0.596,0.701,0.15,0.641,0
186.96,-2.7569,0.8395,101.0622,-10.9857,-0.3189,133.6767,,,,,,,,,,,,0.596,0.701,0.15,0.641,0
186.98,-2.7569,0.8395,101.0622,-10.9857,-0.3189,133.6767,,,,,,,,,,,,0.607,0.713,0.15,0.626,0
187.0,-2.7569,0.8395,101.0622,-10.9857,-0.3189,133.6767,,,,,,,,,,,,0.607,0.713,0.15,0.626,0
187.02,-2.7569,0.8395,101.0622,-10.9857,-0.3189,133.6767,,,,,,,,,,,,0.607,0.713,0.15,0.626,0
187.04,-2.7569,0.8395,101.0622,-10.9857,-0.3189,133.6767,,,,,,,,,,,,0.607,0.713,0.15,0.626,0
187.06,-2.6715,0.8397,101.2315,-11.058,-0.2509,133.7076,,,,,,,,,,,,0.607,0.713,0.15,0.626,0
187.08,-2.6715,0.8397,101.2315,-11.058,-0.2509,133.7076,,,,,,,,,,,,0.603,0.711,0.15,0.637,0
187.1,-2.6715,0.8397,101.2315,-11.058,-0.2509,133.7076,,,,,,,,,,,,0.603,0.711,0.15,0.637,0
187.12,-2.6715,0.8397,101.2315,-11.058,-0.2509,133.7076,,,,,,,,,,,,0.603,0.711,0.15,0.637,0
187.14,-2.6715,0.8397,101.2315,-11.058,-0.2509,133.7076,,,,,,,,,,,,0.603,0.711,0.15,0.637,0
187.16,-2.3926,0.9356,101.5991,-11.1728,-0.2441,133.7076,,,,,,,,,,,,0.603,0.711,0.15,0.637,0
187.18,-2.3926,0.9356,101.5991,-11.1728,-0.2441,133.7076,,,,,,,,,,,,0.592,0.677,0.15,0.682,0
187.2,-2.3926,0.9356,101.5991,-11.1728,-0.2441,133.7076,,,,,,,,,,,,0.592,0.677,0.15,0.682,0
187.22,-2.3926,0.9356,101.5991,-11.1728,-0.2441,133.7076,,,,,,,,,,,,0.592,0.677,0.15,0.682,0
187.24,-2.3926,0.9356,101.5991,-11.1728,-0.2441,133.7076,,,,,,,,,,,,0.592,0.677,0.15,0.682,0
187.26,-2.3591,1.0768,102.2624,-11.3679,-0.3421,133.7077,,,,,,,,,,,,0.592,0.677,0.15,0.682,0
187.28,-2.3591,1.0768,102.2624,-11.3679,-0.3421,133.7077,,,,,,,,,,,,0.593,0.704,0.15,0.653,0
187.3,-2.3591,1.0768,102.2624,-11.3679,-0.3421,133.7077,,,,,,,,,,,,0.593,0.704,0.15,0.653,0
187.32,-2.3591,1.0768,102.2624,-11.3679,-0.3421,133.7077,,,,,,,,,,,,0.593,0.704,0.15,0.653,0
187.34,-2.3591,1.0768,102.2624,-11.3679,-0.3421,133.7077,,,,,,,,,,,,0.593,0.704,0.15,0.653,0
187.36,-2.7287,0.9548,103.77,-11.5495,-0.286,133.7076,,,,,,,,,,,,0.593,0.704,0.15,0.653,0
187.38,-2.7287,0.9548,103.77,-11.5495,-0.286,133.7076,,,,,,,,,,,,0.582,0.689,0.15,0.682,0
187.4,-2.7287,0.9548,103.77,-11.5495,-0.286,133.7076,,,,,,,,,,,,0.582,0.689,0.15,0.682,0
187.42,-2.7287,0.9548,103.77,-11.5495,-0.286,133.7076,,,,,,,,,,,,0.582,0.689,0.15,0.682,0
187.44,-2.7287,0.9548,103.77,-11.5495,-0.286,133.7076,,,,,,,,,,,,0.582,0.689,0.15,0.682,0
187.46,-2.7017,0.9889,104.9413,-11.7235,-0.2069,133.7076,,,,,,,,,,,,0.582,0.689,0.15,0.682,0
187.48,-2.7017,0.9889,104.9413,-11.7235,-0.2069,133.7076,,,,,,,,,,,,0.582,0.702,0.15,0.667,0
187.5,-2.7017,0.9889,104.9413,-11.7235,-0.2069,133.7076,,,,,,,,,,,,0.582,0.702,0.15,0.667,0
187.52,-2.7017,0.9889,104.9413,-11.7235,-0.2069,133.7076,,,,,,,,,,,,0.582,0.702,0.15,0.667,0
187.54,-2.7017,0.9889,104.9413,-11.7235,-0.2069,133.7076,,,,,,,,,,,,0.582,0.702,0.15,0.667,0
187.56,-2.6599,1.2294,106.5031,-11.9263,-0.1088,133.7076,,,,,,,,,,,,0.582,0.702,0.15,0.667,0
187.58,-2.6599,1.2294,106.5031,-11.9263,-0.1088,133.7076,,,,,,,,,,,,0.563,0.702,0.15,0.682,0
187.6,-2.6599,1.2294,106.5031,-11.9263,-0.1088,133.7076,,,,,,,,,,,,0.563,0.702,0.15,0.682,0
187.62,-2.6599,1.2294,106.5031,-11.9263,-0.1088,133.7076,,,,,,,,,,,,0.563,0.702,0.15,0.682,0
187.64,-2.6599,1.2294,106.5031,-11.9263,-0.1088,133.7076,,,,,,,,,,,,0.563,0.702,0.15,0.682,0
187.66,-2.8639,1.1136,108.3454,-12.0893,-0.0555,133.7076,,,,,,,,,,,,0.563,0.702,0.15,0.682,0
187.68,-2.8639,1.1136,108.3454,-12.0893,-0.0555,133.7076,,,,,,,,,,,,0.576,0.681,0.15,0.692,0
187.7,-2.8639,1.1136,108.3454,-12.0893,-0.0555,133.7076,,,,,,,,,,,,0.576,0.681,0.15,0.692,0
187.72,-2.8639,1.1136,108.3454,-12.0893,-0.0555,133.7076,,,,,,,,,,,,0.576,0.681,0.15,0.692,0
187.74,-2.8639,1.1136,108.3454,-12.0893,-0.0555,133.7076,,,,,,,,,,,,0.576,0.681,0.15,0.692,0
187.76,-2.7178,1.0097,109.8623,-12.1524,-0.0284,133.7613,,,,,,,,,,,,0.576,0.681,0.15,0.692,0
187.78,-2.7178,1.0097,109.8623,-12.1524,-0.0284,133.7613,,,,,,,,,,,,0.604,0.654,0.15,0.684,0
187.8,-2.7178,1.0097,109.8623,-12.1524,-0.0284,133.7613,,,,,,,,,,,,0.604,0.654,0.15,0.684,0
187.82,-2.7178,1.0097,109.8623,-12.1524,-0.0284,133.7613,,,,,,,,,,,,0.604,0.654,0.15,0.684,0
187.84,-2.7178,1.0097,109.8623,-12.1524,-0.0284,133.7613,,,,,,,,,,,,0.604,0.654,0.15,0.684,0
187.86,-2.5087,1.2631,111.2065,-12.1082,-0.0145,133.7613,,,,,,,,,,,,0.604,0.654,0.15,0.684,0
187.88,-2.5087,1.2631,111.2065,-12.1082,-0.0145,133.7613,,,,,,,,,,,,0.596,0.669,0.15,0.684,0
187.9,-2.5087,1.2631,111.2065,-12.1082,-0.0145,133.7613,,,,,,,,,,,,0.596,0.669,0.15,0.684,0
187.92,-2.5087,1.2631,111.2065,-12.1082,-0.0145,133.7613,,,,,,,,,,,,0.596,0.669,0.15,0.684,0
187.94,-2.5087,1.2631,111.2065,-12.1082,-0.0145,133.7613,,,,,,,,,,,,0.596,0.669,0.15,0.684,0
187.96,-2.6898,1.0114,113.109,-12.0202,-0.0074,133.7613,,,,,,,,,,,,0.596,0.669,0.15,0.684,0
187.98,-2.6898,1.0114,113.109,-12.0202,-0.0074,133.7613,,,,,,,,,,,,0.589,0.68,0.15,0.68,0
188.0,-2.6898,1.0114,113.109,-12.0202,-0.0074,133.7613,,,,,,,,,,,,0.589,0.68,0.15,0.68,0
188.02,-2.6898,1.0114,113.109,-12.0202,-0.0074,133.7613,,,,,,,,,,,,0.589,0.68,0.15,0.68,0
188.04,-2.6898,1.0114,113.109,-12.0202,-0.0074,133.7613,,,,,,,,,,,,0.589,0.68,0.15,0.68,0
188.06,-2.9809,1.0098,114.4343,-11.2172,-0.0037,133.4488,,,,,,,,,,,,0.589,0.68,0.15,0.68,0
188.08,-2.9809,1.0098,114.4343,-11.2172,-0.0037,133.4488,,,,,,,,,,,,0.511,0.653,0.15,0.582,0
188.1,-2.9809,1.0098,114.4343,-11.2172,-0.0037,133.4488,,,,,,,,,,,,0.511,0.653,0.15,0.582,0
188.12,-2.9809,1.0098,114.4343,-11.2172,-0.0037,133.4488,,,,,,,,,,,,0.511,0.653,0.15,0.582,0
188.14,-2.9809,1.0098,114.4343,-11.2172,-0.0037,133.4488,,,,,,,,,,,,0.511,0.653,0.15,0.582,0
188.16,-2.8316,0.8842,115.7303,-9.3658,-0.0016,132.5068,,,,,,,,,,,,0.511,0.653,0.15,0.582,0
188.18,-2.8316,0.8842,115.7303,-9.3658,-0.0016,132.5068,,,,,,,,,,,,0.52,0.628,0.15,0.597,0
188.2,-2.8316,0.8842,115.7303,-9.3658,-0.0016,132.5068,,,,,,,,,,,,0.52,0.628,0.15,0.597,0
188.22,-2.8316,0.8842,115.7303,-9.3658,-0.0016,132.5068,,,,,,,,,,,,0.52,0.628,0.15,0.597,0
188.24,-2.8316,0.8842,115.7303,-9.3658,-0.0016,132.5068,,,,,,,,,,,,0.52,0.628,0.15,0.597,0
188.26,-2.778,1.0579,116.5399,-8.3869,-0.0008,132.0504,,,,,,,,,,,,0.52,0.628,0.15,0.597,0
188.28,-2.778,1.0579,116.5399,-8.3869,-0.0008,132.0504,,,,,,,,,,,,0.561,0.68,0.214,0.64,0
188.3,-2.778,1.0579,116.5399,-8.3869,-0.0008,132.0504,,,,,,,,,,,,0.561,0.68,0.214,0.64,0
188.32,-2.778,1.0579,116.5399,-8.3869,-0.0008,132.0504,,,,,,,,,,,,0.561,0.68,0.214,0.64,0
188.34,-2.778,1.0579,116.5399,-8.3869,-0.0008,132.0504,,,,,,,,,,,,0.561,0.68,0.214,0.64,0
188.36,-2.8082,1.0558,116.0835,-8.0033,-0.0004,132.0504,,,,,,,,,,,,0.561,0.68,0.214,0.64,0
188.38,-2.8082,1.0558,116.0835,-8.0033,-0.0004,132.0504,,,,,,,,,,,,0.607,0.687,0.15,0.642,0
188.4,-2.8082,1.0558,116.0835,-8.0033,-0.0004,132.0504,,,,,,,,,,,,0.607,0.687,0.15,0.642,0
188.42,-2.8082,1.0558,116.0835,-8.0033,-0.0004,132.0504,,,,,,,,,,,,0.607,0.687,0.15,0.642,0
188.44,-2.8082,1.0558,116.0835,-8.0033,-0.0004,132.0504,,,,,,,,,,,,0.607,0.687,0.15,0.642,0
188.46,-2.85,1.0709,115.6178,-7.7333,-0.0002,132.0504,,,,,,,,,,,,0.607,0.687,0.15,0.642,0
188.48,-2.85,1.0709,115.6178,-7.7333,-0.0002,132.0504,,,,,,,,,,,,0.588,0.694,0.15,0.654,0
188.5,-2.85,1.0709,115.6178,-7.7333,-0.0002,132.0504,,,,,,,,,,,,0.588,0.694,0.15,0.654,0
188.52,-2.85,1.0709,115.6178,-7.7333,-0.0002,132.0504,,,,,,,,,,,,0.588,0.694,0.15,0.654,0
188.54,-2.85,1.0709,115.6178,-7.7333,-0.0002,132.0504,,,,,,,,,,,,0.588,0.694,0.15,0.654,0
188.56,-2.7782,1.1261,115.5897,-7.6093,-0.0001,132.0504,,,,,,,,,,,,0.588,0.694,0.15,0.654,0
188.58,-2.7782,1.1261,115.5897,-7.6093,-0.0001,132.0504,,,,,,,,,,,,0.585,0.716,0.167,0.643,0
188.6,-2.7782,1.1261,115.5897,-7.6093,-0.0001,132.0504,,,,,,,,,,,,0.585,0.716,0.167,0.643,0
188.62,-2.7782,1.1261,115.5897,-7.6093,-0.0001,132.0504,,,,,,,,,,,,0.585,0.716,0.167,0.643,0
188.64,-2.7782,1.1261,115.5897,-7.6093,-0.0001,132.0504,,,,,,,,,,,,0.585,0.716,0.167,0.643,0
188.66,-2.7614,1.2074,115.1181,-7.608,-0.0001,132.0504,,,,,,,,,,,,0.585,0.716,0.167,0.643,0
188.68,-2.7614,1.2074,115.1181,-7.608,-0.0001,132.0504,,,,,,,,,,,,0.604,0.704,0.15,0.675,0
188.7,-2.7614,1.2074,115.1181,-7.608,-0.0001,132.0504,,,,,,,,,,,,0.604,0.704,0.15,0.675,0
188.72,-2.7614,1.2074,115.1181,-7.608,-0.0001,132.0504,,,,,,,,,,,,0.604,0.704,0.15,0.675,0
188.74,-2.7614,1.2074,115.1181,-7.608,-0.0001,132.0504,,,,,,,,,,,,0.604,0.704,0.15,0.675,0
188.76,-2.8143,1.1006,114.7462,-7.5861,-0.007,132.0504,,,,,,,,,,,,0.604,0.704,0.15,0.675,0
188.78,-2.8143,1.1006,114.7462,-7.5861,-0.007,132.0504,,,,,,,,,,,,0.603,0.685,0.15,0.691,0
188.8,-2.8143,1.1006,114.7462,-7.5861,-0.007,132.0504,,,,,,,,,,,,0.603,0.685,0.15,0.691,0
188.82,-2.8143,1.1006,114.7462,-7.5861,-0.007,132.0504,,,,,,,,,,,,0.603,0.685,0.15,0.691,0
188.84,-2.8143,1.1006,114.7462,-7.5861,-0.007,132.0504,,,,,,,,,,,,0.603,0.685,0.15,0.691,0
188.86,-2.847,1.0716,114.4224,-7.3187,-0.7732,132.0504,,,,,,,,,,,,0.603,0.685,0.15,0.691,0
188.88,-2.847,1.0716,114.4224,-7.3187,-0.7732,132.0504,,,,,,,,,,,,0.583,0.739,0.15,0.65,0
188.9,-2.847,1.0716,114.4224,-7.3187,-0.7732,132.0504,,,,,,,,,,,,0.583,0.739,0.15,0.65,0
188.92,-2.847,1.0716,114.4224,-7.3187,-0.7732,132.0504,,,,,,,,,,,,0.583,0.739,0.15,0.65,0
188.94,-2.847,1.0716,114.4224,-7.3187,-0.7732,132.0504,,,,,,,,,,,,0.583,0.739,0.15,0.65,0
188.96,-2.8002,1.2372,114.3072,-7.0626,-1.5023,132.0503,,,,,,,,,,,,0.583,0.739,0.15,0.65,0
188.98,-2.8002,1.2372,114.3072,-7.0626,-1.5023,132.0503,,,,,,,,,,,,0.567,0.725,0.15,0.682,0
189.0,-2.8002,1.2372,114.3072,-7.0626,-1.5023,132.0503,,,,,,,,,,,,0.567,0.725,0.15,0.682,0
189.02,-2.8002,1.2372,114.3072,-7.0626,-1.5023,132.0503,,,,,,,,,,,,0.567,0.725,0.15,0.682,0
189.04,-2.8002,1.2372,114.3072,-7.0626,-1.5023,132.0503,,,,,,,,,,,,0.567,0.725,0.15,0.682,0
189.06,-2.7472,1.2062,114.327,-7.1933,-1.7761,132.0503,,,,,,,,,,,,0.567,0.725,0.15,0.682,0
189.08,-2.7472,1.2062,114.327,-7.1933,-1.7761,132.0503,,,,,,,,,,,,0.601,0.684,0.15,0.694,0
189.1,-2.7472,1.2062,114.327,-7.1933,-1.7761,132.0503,,,,,,,,,,,,0.601,0.684,0.15,0.694,0
189.12,-2.7472,1.2062,114.327,-7.1933,-1.7761,132.0503,,,,,,,,,,,,0.601,0.684,0.15,0.694,0
189.14,-2.7472,1.2062,114.327,-7.1933,-1.7761,132.0503,,,,,,,,,,,,0.601,0.684,0.15,0.694,0
189.16,-2.8916,1.0892,114.1508,-7.4422,-1.8108,132.0503,,,,,,,,,,,,0.601,0.684,0.15,0.694,0
189.18,-2.8916,1.0892,114.1508,-7.4422,-1.8108,132.0503,,,,,,,,,,,,0.591,0.721,0.15,0.664,0
189.2,-2.8916,1.0892,114.1508,-7.4422,-1.8108,132.0503,,,,,,,,,,,,0.591,0.721,0.15,0.664,0
189.22,-2.8916,1.0892,114.1508,-7.4422,-1.8108,132.0503,,,,,,,,,,,,0.591,0.721,0.15,0.664,0
189.24,-2.8916,1.0892,114.1508,-7.4422,-1.8108,132.0503,,,,,,,,,,,,0.591,0.721,0.15,0.664,0
189.26,-2.779,1.1423,115.1478,-7.4326,-1.9028,132.0503,,,,,,,,,,,,0.591,0.721,0.15,0.664,0
189.28,-2.779,1.1423,115.1478,-7.4326,-1.9028,132.0503,,,,,,,,,,,,0.58,0.703,0.15,0.693,0
189.3,-2.779,1.1423,115.1478,-7.4326,-1.9028,132.0503,,,,,,,,,,,,0.58,0.703,0.15,0.693,0
189.32,-2.779,1.1423,115.1478,-7.4326,-1.9028,132.0503,,,,,,,,,,,,0.58,0.703,0.15,0.693,0
189.34,-2.779,1.1423,115.1478,-7.4326,-1.9028,132.0503,,,,,,,,,,,,0.58,0.703,0.15,0.693,0
189.36,-2.9676,1.182,116.5044,-6.7576,-1.5588,132.0504,,,,,,,,,,,,0.58,0.703,0.15,0.693,0
189.38,-2.9676,1.182,116.5044,-6.7576,-1.5588,132.0504,,,,,,,,,,,,0.57,0.708,0.15,0.693,0
189.4,-2.9676,1.182,116.5044,-6.7576,-1.5588,132.0504,,,,,,,,,,,,0.57,0.708,0.15,0.693,0
189.42,-2.9676,1.182,116.5044,-6.7576,-1.5588,132.0504,,,,,,,,,,,,0.57,0.708,0.15,0.693,0
189.44,-2.9676,1.182,116.5044,-6.7576,-1.5588,132.0504,,,,,,,,,,,,0.57,0.708,0.15,0.693,0
189.46,-2.8676,1.2601,117.152,-5.8354,-1.1949,132.0505,,,,,,,,,,,,0.57,0.708,0.15,0.693,0
189.48,-2.8676,1.2601,117.152,-5.8354,-1.1949,132.0505,,,,,,,,,,,,0.589,0.7,0.166,0.673,0
189.5,-2.8676,1.2601,117.152,-5.8354,-1.1949,132.0505,,,,,,,,,,,,0.589,0.7,0.166,0.673,0
189.52,-2.8676,1.2601,117.152,-5.8354,-1.1949,132.0505,,,,,,,,,,,,0.589,0.7,0.166,0.673,0
189.54,-2.8676,1.2601,117.152,-5.8354,-1.1949,132.0505,,,,,,,,,,,,0.589,0.7,0.166,0.673,0
189.56,-3.0809,1.2397,115.7731,-4.0096,-0.6346,132.0507,,,,,,,,,,,,0.589,0.7,0.166,0.673,0
189.58,-3.0809,1.2397,115.7731,-4.0096,-0.6346,132.0507,,,,,,,,,,,,0.437,0.602,0.15,0.504,0
189.6,-3.0809,1.2397,115.7731,-4.0096,-0.6346,132.0507,,,,,,,,,,,,0.437,0.602,0.15,0.504,0
189.62,-3.0809,1.2397,115.7731,-4.0096,-0.6346,132.0507,,,,,,,,,,,,0.437,0.602,0.15,0.504,0
189.64,-3.0809,1.2397,115.7731,-4.0096,-0.6346,132.0507,,,,,,,,,,,,0.437,0.602,0.15,0.504,0
189.66,-2.9567,1.0438,114.664,-2.0471,-0.3238,131.3783,,,,,,,,,,,,0.437,0.602,0.15,0.504,0
189.68,-2.9567,1.0438,114.664,-2.0471,-0.3238,131.3783,,,,,,,,,,,,0.221,0.274,0.15,0.25,0
189.7,-2.9567,1.0438,114.664,-2.0471,-0.3238,131.3783,,,,,,,,,,,,0.221,0.274,0.15,0.25,0
189.72,-2.9567,1.0438,114.664,-2.0471,-0.3238,131.3783,,,,,,,,,,,,0.221,0.274,0.15,0.25,0
189.74,-2.9567,1.0438,114.664,-2.0471,-0.3238,131.3783,,,,,,,,,,,,0.221,0.274,0.15,0.25,0
189.76,-2.9383,0.9888,114.4818,-1.0452,-0.165,129.3465,,,,,,,,,,,,0.221,0.274,0.15,0.25,0
189.78,-2.9383,0.9888,114.4818,-1.0452,-0.165,129.3465,,,,,,,,,,,,0.225,0.27,0.15,0.251,0
189.8,-2.9383,0.9888,114.4818,-1.0452,-0.165,129.3465,,,,,,,,,,,,0.225,0.27,0.15,0.251,0
189.82,-2.9383,0.9888,114.4818,-1.0452,-0.165,129.3465,,,,,,,,,,,,0.225,0.27,0.15,0.251,0
189.84,-2.9383,0.9888,114.4818,-1.0452,-0.165,129.3465,,,,,,,,,,,,0.225,0.27,0.15,0.251,0
189.86,-2.968,0.9915,114.3959,-0.5336,-0.0842,128.9808,,,,,,,,,,,,0.225,0.27,0.15,0.251,0
189.88,-2.968,0.9915,114.3959,-0.5336,-0.0842,128.9808,,,,,,,,,,,,0.225,0.271,0.15,0.249,0
189.9,-2.968,0.9915,114.3959,-0.5336,-0.0842,128.9808,,,,,,,,,,,,0.225,0.271,0.15,0.249,0
189.92,-2.968,0.9915,114.3959,-0.5336,-0.0842,128.9808,,,,,,,,,,,,0.225,0.271,0.15,0.249,0
189.94,-2.968,0.9915,114.3959,-0.5336,-0.0842,128.9808,,,,,,,,,,,,0.225,0.271,0.15,0.249,0
189.96,-2.9605,0.9673,114.4936,-0.2724,-0.043,128.9808,,,,,,,,,,,,0.225,0.271,0.15,0.249,0
189.98,-2.9605,0.9673,114.4936,-0.2724,-0.043,128.9808,,,,,,,,,,,,0.225,0.272,0.15,0.249,0
190.0,-2.9605,0.9673,114.4936,-0.2724,-0.043,128.9808,,,,,,,,,,,,0.225,0.272,0.15,0.249,0
190.02,-2.9605,0.9673,114.4936,-0.2724,-0.043,128.9808,,,,,,,,,,,,0.225,0.272,0.15,0.249,0
190.04,-2.9605,0.9673,114.4936,-0.2724,-0.043,128.9808,,,,,,,,,,,,0.225,0.272,0.15,0.249,0
190.06,-3.0248,1.0141,114.6737,-0.1391,-0.0219,128.9809,,,,,,,,,,,,0.225,0.272,0.15,0.249,0
190.08,-3.0248,1.0141,114.6737,-0.1391,-0.0219,128.9809,,,,,,,,,,,,0.227,0.267,0.15,0.252,0
190.1,-3.0248,1.0141,114.6737,-0.1391,-0.0219,128.9809,,,,,,,,,,,,0.227,0.267,0.15,0.252,0
190.12,-3.0248,1.0141,114.6737,-0.1391,-0.0219,128.9809,,,,,,,,,,,,0.227,0.267,0.15,0.252,0
190.14,-3.0248,1.0141,114.6737,-0.1391,-0.0219,128.9809,,,,,,,,,,,,0.227,0.267,0.15,0.252,0
190.16,-2.9892,0.9879,114.7887,-0.071,-0.0112,128.9809,,,,,,,,,,,,0.227,0.267,0.15,0.252,0
190.18,-2.9892,0.9879,114.7887,-0.071,-0.0112,128.9809,,,,,,,,,,,,0.225,0.27,0.15,0.25,0
190.2,-2.9892,0.9879,114.7887,-0.071,-0.0112,128.9809,,,,,,,,,,,,0.225,0.27,0.15,0.25,0
190.22,-2.9892,0.9879,114.7887,-0.071,-0.0112,128.9809,,,,,,,,,,,,0.225,0.27,0.15,0.25,0
190.24,-2.9892,0.9879,114.7887,-0.071,-0.0112,128.9809,,,,,,,,,,,,0.225,0.27,0.15,0.25,0
190.26,-3.0675,1.0092,114.9724,-0.0363,-0.0057,128.9809,,,,,,,,,,,,0.225,0.27,0.15,0.25,0
190.28,-3.0675,1.0092,114.9724,-0.0363,-0.0057,128.9809,,,,,,,,,,,,0.224,0.272,0.15,0.249,0
190.3,-3.0675,1.0092,114.9724,-0.0363,-0.0057,128.9809,,,,,,,,,,,,0.224,0.272,0.15,0.249,0
190.32,-3.0675,1.0092,114.9724,-0.0363,-0.0057,128.9809,,,,,,,,,,,,0.224,0.272,0.15,0.249,0
190.34,-3.0675,1.0092,114.9724,-0.0363,-0.0057,128.9809,,,,,,,,,,,,0.224,0.272,0.15,0.249,0
190.36,-3.0527,0.9804,115.055,-0.0185,-0.0029,128.9808,,,,,,,,,,,,0.224,0.272,0.15,0.249,0
190.38,-3.0527,0.9804,115.055,-0.0185,-0.0029,128.9808,,,,,,,,,,,,0.221,0.278,0.15,0.245,0
190.4,-3.0527,0.9804,115.055,-0.0185,-0.0029,128.9808,,,,,,,,,,,,0.221,0.278,0.15,0.245,0
190.42,-3.0527,0.9804,115.055,-0.0185,-0.0029,128.9808,,,,,,,,,,,,0.221,0.278,0.15,0.245,0
190.44,-3.0527,0.9804,115.055,-0.0185,-0.0029,128.9808,,,,,,,,,,,,0.221,0.278,0.15,0.245,0
190.46,-3.0257,1.0084,115.2156,-0.0094,-0.0015,128.9808,,,,,,,,,,,,0.221,0.278,0.15,0.245,0
190.48,-3.0257,1.0084,115.2156,-0.0094,-0.0015,128.9808,,,,,,,,,,,,0.222,0.275,0.15,0.248,0
190.5,-3.0257,1.0084,115.2156,-0.0094,-0.0015,128.9808,,,,,,,,,,,,0.222,0.275,0.15,0.248,0
190.52,-3.0257,1.0084,115.2156,-0.0094,-0.0015,128.9808,,,,,,,,,,,,0.222,0.275,0.15,0.248,0
190.54,-3.0257,1.0084,115.2156,-0.0094,-0.0015,128.9808,,,,,,,,,,,,0.222,0.275,0.15,0.248,0
190.56,-2.9659,0.9998,115.2044,-0.0048,-0.0008,115.2044,,,,,,,,,,,,0.222,0.275,0.15,0.248,0
190.58,-2.9659,0.9998,115.2044,-0.0048,-0.0008,115.2044,,,,,,,,,,,,0.139,0.139,0.139,0.139,0
190.6,-2.9659,0.9998,115.2044,-0.0048,-0.0008,115.2044,,,,,,,,,,,,0.139,0.139,0.139,0.139,0
190.62,-2.9659,0.9998,115.2044,-0.0048,-0.0008,115.2044,,,,,,,,,,,,0.139,0.139,0.139,0.139,0
190.64,-2.9659,0.9998,115.2044,-0.0048,-0.0008,115.2044,,,,,,,,,,,,0.139,0.139,0.139,0.139,0
190.66,-3.0198,0.9878,115.3307,-0.0025,-0.0004,115.3307,,,,,,,,,,,,0.139,0.139,0.139,0.139,0
190.68,-3.0198,0.9878,115.3307,-0.0025,-0.0004,115.3307,,,,,,,,,,,,0.109,0.109,0.109,0.109,0
190.7,-3.0198,0.9878,115.3307,-0.0025,-0.0004,115.3307,,,,,,,,,,,,0.109,0.109,0.109,0.109,0
190.72,-3.0198,0.9878,115.3307,-0.0025,-0.0004,115.3307,,,,,,,,,,,,0.109,0.109,0.109,0.109,0
190.74,-3.0198,0.9878,115.3307,-0.0025,-0.0004,115.3307,,,,,,,,,,,,0.109,0.109,0.109,0.109,0
190.76,-2.998,0.974,115.4364,-0.0013,-0.0002,115.4364,,,,,,,,,,,,0.109,0.109,0.109,0.109,0
190.78,-2.998,0.974,115.4364,-0.0013,-0.0002,115.4364,,,,,,,,,,,,0.1,0.1,0.1,0.1,0
190.8,-2.998,0.974,115.4364,-0.0013,-0.0002,115.4364,,,,,,,,,,,,0.1,0.1,0.1,0.1,0
190.82,-2.998,0.974,115.4364,-0.0013,-0.0002,115.4364,,,,,,,,,,,,0.1,0.1,0.1,0.1,0
190.84,-2.998,0.974,115.4364,-0.0013,-0.0002,115.4364,,,,,,,,,,,,0.1,0.1,0.1,0.1,0
190.86,-3.0395,0.9426,115.6405,-0.0006,-0.0001,115.6405,,,,,,,,,,,,0.1,0.1,0.1,0.1,0
190.88,-3.0395,0.9426,115.6405,-0.0006,-0.0001,115.6405,,,,,,,,,,,,0.1,0.1,0.1,0.1,0
190.9,-3.0395,0.9426,115.6405,-0.0006,-0.0001,115.6405,,,,,,,,,,,,0.1,0.1,0.1,0.1,0
190.92,-3.0395,0.9426,115.6405,-0.0006,-0.0001,115.6405,,,,,,,,,,,,0.1,0.1,0.1,0.1,0
190.94,-3.0395,0.9426,115.6405,-0.0006,-0.0001,115.6405,,,,,,,,,,,,0.1,0.1,0.1,0.1,0
190.96,-2.9831,0.9681,115.7847,-0.0004,-0.0001,115.7847,,,,,,,,,,,,0.1,0.1,0.1,0.1,0
190.98,-2.9831,0.9681,115.7847,-0.0004,-0.0001,115.7847,,,,,,,,,,,,0.1,0.1,0.1,0.1,0
191.0,-2.9831,0.9681,115.7847,-0.0004,-0.0001,115.7847,,,,,,,,,,,,0.1,0.1,0.1,0.1,0
191.02,-2.9831,0.9681,115.7847,-0.0004,-0.0001,115.7847,,,,,,,,,,,,0.1,0.1,0.1,0.1,0
191.04,-2.9831,0.9681,115.7847,-0.0004,-0.0001,115.7847,,,,,,,,,,,,0.1,0.1,0.1,0.1,0
191.06,-2.9819,0.959,116.0138,-0.0004,-0.0001,116.0138,,,,,,,,,,,,0.1,0.1,0.1,0.1,0
191.08,-2.9819,0.959,116.0138,-0.0004,-0.0001,116.0138,,,,,,,,,,,,0.1,0.1,0.1,0.1,0
191.1,-2.9819,0.959,116.0138,-0.0004,-0.0001,116.0138,,,,,,,,,,,,0.1,0.1,0.1,0.1,0
191.12,-2.9819,0.959,116.0138,-0.0004,-0.0001,116.0138,,,,,,,,,,,,0.1,0.1,0.1,0.1,0
191.14,-2.9819,0.959,116.0138,-0.0004,-0.0001,116.0138,,,,,,,,,,,,0.1,0.1,0.1,0.1,0
191.16,-2.9936,0.9369,116.1391,-0.0004,-0.0001,116.1391,,,,,,,,,,,,0.1,0.1,0.1,0.1,0
191.18,-2.9936,0.9369,116.1391,-0.0004,-0.0001,116.1391,,,,,,,,,,,,0.0,0.0,0.0,0.0,0
191.2,-2.9936,0.9369,116.1391,-0.0004,-0.0001,116.1391,,,,,,,,,,,,0.0,0.0,0.0,0.0,0
191.22,-2.9936,0.9369,116.1391,-0.0004,-0.0001,116.1391,,,,,,,,,,,,0.0,0.0,0.0,0.0,0
191.24,-2.9936,0.9369,116.1391,-0.0004,-0.0001,116.1391,,,,,,,,,,,,0.0,0.0,0.0,0.0,0
191.26,-2.9892,0.9331,116.35,-0.0004,-0.0001,116.35,,,,,,,,,,,,0.0,0.0,0.0,0.0,0
191.28,-2.9892,0.9331,116.35,-0.0004,-0.0001,116.35,,,,,,,,,,,,0.0,0.0,0.0,0.0,0
191.3,-2.9892,0.9331,116.35,-0.0004,-0.0001,116.35,,,,,,,,,,,,0.0,0.0,0.0,0.0,0
191.32,-2.9892,0.9331,116.35,-0.0004,-0.0001,116.35,,,,,,,,,,,,0.0,0.0,0.0,0.0,0
191.34,-2.9892,0.9331,116.35,-0.0004,-0.0001,116.35,,,,,,,,,,,,0.0,0.0,0.0,0.0,0
191.36,-2.9796,0.9195,116.4744,-0.0004,-0.0001,116.4744,,,,,,,,,,,,0.0,0.0,0.0,0.0,0
191.38,-2.9796,0.9195,116.4744,-0.0004,-0.0001,116.4744,,,,,,,,,,,,0.0,0.0,0.0,0.0,0
191.4,-2.9796,0.9195,116.4744,-0.0004,-0.0001,116.4744,,,,,,,,,,,,0.0,0.0,0.0,0.0,0
191.42,-2.9796,0.9195,116.4744,-0.0004,-0.0001,116.4744,,,,,,,,,,,,0.0,0.0,0.0,0.0,0
191.44,-2.9796,0.9195,116.4744,-0.0004,-0.0001,116.4744,,,,,,,,,,,,0.0,0.0,0.0,0.0,0
191.46,-2.9545,0.919,116.7494,-0.0004,-0.0001,116.7494,,,,,,,,,,,,0.0,0.0,0.0,0.0,0
191.48,-2.9545,0.919,116.7494,-0.0004,-0.0001,116.7494,,,,,,,,,,,,0.0,0.0,0.0,0.0,0
191.5,-2.9545,0.919,116.7494,-0.0004,-0.0001,116.7494,,,,,,,,,,,,0.0,0.0,0.0,0.0,0
191.52,-2.9545,0.919,116.7494,-0.0004,-0.0001,116.7494,,,,,,,,,,,,0.0,0.0,0.0,0.0,0
191.54,-2.9545,0.919,116.7494,-0.0004,-0.0001,116.7494,,,,,,,,,,,,0.0,0.0,0.0,0.0,0
191.56,-2.9705,0.929,116.8839,-0.0004,-0.0001,116.8839,,,,,,,,,,,,0.0,0.0,0.0,0.0,0
191.58,-2.9705,0.929,116.8839,-0.0004,-0.0001,116.8839,,,,,,,,,,,,0.0,0.0,0.0,0.0,0
191.6,-2.9705,0.929,116.8839,-0.0004,-0.0001,116.8839,,,,,,,,,,,,0.0,0.0,0.0,0.0,0
191.62,-2.9705,0.929,116.8839,-0.0004,-0.0001,116.8839,,,,,,,,,,,,0.0,0.0,0.0,0.0,0
191.64,-2.9705,0.929,116.8839,-0.0004,-0.0001,116.8839,,,,,,,,,,,,0.0,0.0,0.0,0.0,0
191.66,-2.9679,0.9304,117.1597,-0.0004,-0.0001,117.1597,,,,,,,,,,,,0.0,0.0,0.0,0.0,0
191.68,-2.9679,0.9304,117.1597,-0.0004,-0.0001,117.1597,,,,,,,,,,,,0.0,0.0,0.0,0.0,0
191.7,-2.9679,0.9304,117.1597,-0.0004,-0.0001,117.1597,,,,,,,,,,,,0.0,0.0,0.0,0.0,0
191.72,-2.9679,0.9304,117.1597,-0.0004,-0.0001,117.1597,,,,,,,,,,,,0.0,0.0,0.0,0.0,0
191.74,-2.9679,0.9304,117.1597,-0.0004,-0.0001,117.1597,,,,,,,,,,,,0.0,0.0,0.0,0.0,0
191.76,-2.9617,0.9348,117.2942,-0.0004,-0.0001,117.2942,,,,,,,,,,,,0.0,0.0,0.0,0.0,0
191.78,-2.9617,0.9348,117.2942,-0.0004,-0.0001,117.2942,,,,,,,,,,,,0.0,0.0,0.0,0.0,0
191.8,-2.9617,0.9348,117.2942,-0.0004,-0.0001,117.2942,,,,,,,,,,,,0.0,0.0,0.0,0.0,0
191.82,-2.9617,0.9348,117.2942,-0.0004,-0.0001,117.2942,,,,,,,,,,,,0.0,0.0,0.0,0.0,0
191.84,-2.9617,0.9348,117.2942,-0.0004,-0.0001,117.2942,,,,,,,,,,,,0.0,0.0,0.0,0.0,0
191.86,-2.9496,0.941,117.5336,-0.0004,-0.0001,117.5336,,,,,,,,,,,,0.0,0.0,0.0,0.0,0
191.88,-2.9496,0.941,117.5336,-0.0004,-0.0001,117.5336,,,,,,,,,,,,0.0,0.0,0.0,0.0,0
191.9,-2.9496,0.941,117.5336,-0.0004,-0.0001,117.5336,,,,,,,,,,,,0.0,0.0,0.0,0.0,0
191.92,-2.9496,0.941,117.5336,-0.0004,-0.0001,117.5336,,,,,,,,,,,,0.0,0.0,0.0,0.0,0
191.94,-2.9496,0.941,117.5336,-0.0004,-0.0001,117.5336,,,,,,,,,,,,0.0,0.0,0.0,0.0,0
191.96,-2.9423,0.9379,117.6861,-0.0004,-0.0001,117.6861,,,,,,,,,,,,0.0,0.0,0.0,0.0,0
191.98,-2.9423,0.9379,117.6861,-0.0004,-0.0001,117.6861,,,,,,,,,,,,0.0,0.0,0.0,0.0,0
192.0,-2.9423,0.9379,117.6861,-0.0004,-0.0001,117.6861,,,,,,,,,,,,0.0,0.0,0.0,0.0,0
192.02,-2.9423,0.9379,117.6861,-0.0004,-0.0001,117.6861,,,,,,,,,,,,0.0,0.0,0.0,0.0,0
192.04,-2.9423,0.9379,117.6861,-0.0004,-0.0001,117.6861,,,,,,,,,,,,0.0,0.0,0.0,0.0,0
192.06,-2.925,0.9427,117.8687,-0.0004,-0.0001,117.8687,,,,,,,,,,,,0.0,0.0,0.0,0.0,0
192.08,-2.925,0.9427,117.8687,-0.0004,-0.0001,117.8687,,,,,,,,,,,,0.0,0.0,0.0,0.0,0
192.1,-2.925,0.9427,117.8687,-0.0004,-0.0001,117.8687,,,,,,,,,,,,0.0,0.0,0.0,0.0,0
192.12,-2.925,0.9427,117.8687,-0.0004,-0.0001,117.8687,,,,,,,,,,,,0.0,0.0,0.0,0.0,0
192.14,-2.925,0.9427,117.8687,-0.0004,-0.0001,117.8687,,,,,,,,,,,,0.0,0.0,0.0,0.0,0
192.16,-2.9128,0.9416,118.0642,-0.0004,-0.0001,118.0642,,,,,,,,,,,,0.0,0.0,0.0,0.0,0
192.18,-2.9128,0.9416,118.0642,-0.0004,-0.0001,118.0642,,,,,,,,,,,,0.0,0.0,0.0,0.0,0
192.2,-2.9128,0.9416,118.0642,-0.0004,-0.0001,118.0642,,,,,,,,,,,,0.0,0.0,0.0,0.0,0
192.22,-2.9128,0.9416,118.0642,-0.0004,-0.0001,118.0642,,,,,,,,,,,,0.0,0.0,0.0,0.0,0
192.24,-2.9128,0.9416,118.0642,-0.0004,-0.0001,118.0642,,,,,,,,,,,,0.0,0.0,0.0,0.0,0
192.26,-2.904,0.9426,118.215,-0.0004,-0.0001,118.215,,,,,,,,,,,,0.0,0.0,0.0,0.0,0
192.28,-2.904,0.9426,118.215,-0.0004,-0.0001,118.215,,,,,,,,,,,,0.0,0.0,0.0,0.0,0
192.3,-2.904,0.9426,118.215,-0.0004,-0.0001,118.215,,,,,,,,,,,,0.0,0.0,0.0,0.0,0
192.32,-2.904,0.9426,118.215,-0.0004,-0.0001,118.215,,,,,,,,,,,,0.0,0.0,0.0,0.0,0
192.34,-2.904,0.9426,118.215,-0.0004,-0.0001,118.215,,,,,,,,,,,,0.0,0.0,0.0,0.0,0
192.36,-2.8931,0.9462,118.4111,-0.0004,-0.0001,118.4111,,,,,,,,,,,,0.0,0.0,0.0,0.0,0
192.38,-2.8931,0.9462,118.4111,-0.0004,-0.0001,118.4111,,,,,,,,,,,,0.0,0.0,0.0,0.0,0
192.4,-2.8931,0.9462,118.4111,-0.0004,-0.0001,118.4111,,,,,,,,,,,,0.0,0.0,0.0,0.0,0
192.42,-2.8931,0.9462,118.4111,-0.0004,-0.0001,118.4111,,,,,,,,,,,,0.0,0.0,0.0,0.0,0
192.44,-2.8931,0.9462,118.4111,-0.0004,-0.0001,118.4111,,,,,,,,,,,,0.0,0.0,0.0,0.0,0
192.46,-2.8849,0.9444,118.5504,-0.0004,-0.0001,118.5504,,,,,,,,,,,,0.0,0.0,0.0,0.0,0
192.48,-2.8849,0.9444,118.5504,-0.0004,-0.0001,118.5504,,,,,,,,,,,,0.0,0.0,0.0,0.0,0
192.5,-2.8849,0.9444,118.5504,-0.0004,-0.0001,118.5504,,,,,,,,,,,,0.0,0.0,0.0,0.0,0
192.52,-2.8849,0.9444,118.5504,-0.0004,-0.0001,118.5504,,,,,,,,,,,,0.0,0.0,0.0,0.0,0
192.54,-2.8849,0.9444,118.5504,-0.0004,-0.0001,118.5504,,,,,,,,,,,,0.0,0.0,0.0,0.0,0
192.56,-2.8761,0.9476,118.742,-0.0004,-0.0001,118.742,,,,,,,,,,,,0.0,0.0,0.0,0.0,0
192.58,-2.8761,0.9476,118.742,-0.0004,-0.0001,118.742,,,,,,,,,,,,0.0,0.0,0.0,0.0,0
192.6,-2.8761,0.9476,118.742,-0.0004,-0.0001,118.742,,,,,,,,,,,,0.0,0.0,0.0,0.0,0
192.62,-2.8761,0.9476,118.742,-0.0004,-0.0001,118.742,,,,,,,,,,,,0.0,0.0,0.0,0.0,0
192.64,-2.8761,0.9476,118.742,-0.0004,-0.0001,118.742,,,,,,,,,,,,0.0,0.0,0.0,0.0,0
192.66,-2.8678,0.9463,118.8788,-0.0004,-0.0001,118.8788,,,,,,,,,,,,0.0,0.0,0.0,0.0,0
192.68,-2.8678,0.9463,118.8788,-0.0004,-0.0001,118.8788,,,,,,,,,,,,0.0,0.0,0.0,0.0,0
192.7,-2.8678,0.9463,118.8788,-0.0004,-0.0001,118.8788,,,,,,,,,,,,0.0,0.0,0.0,0.0,0
192.72,-2.8678,0.9463,118.8788,-0.0004,-0.0001,118.8788,,,,,,,,,,,,0.0,0.0,0.0,0.0,0
192.74,-2.8678,0.9463,118.8788,-0.0004,-0.0001,118.8788,,,,,,,,,,,,0.0,0.0,0.0,0.0,0
192.76,-2.8596,0.952,119.0543,-0.0004,-0.0001,119.0543,,,,,,,,,,,,0.0,0.0,0.0,0.0,0
192.78,-2.8596,0.952,119.0543,-0.0004,-0.0001,119.0543,,,,,,,,,,,,0.0,0.0,0.0,0.0,0
192.8,-2.8596,0.952,119.0543,-0.0004,-0.0001,119.0543,,,,,,,,,,,,0.0,0.0,0.0,0.0,0
192.82,-2.8596,0.952,119.0543,-0.0004,-0.0001,119.0543,,,,,,,,,,,,0.0,0.0,0.0,0.0,0
192.84,-2.8596,0.952,119.0543,-0.0004,-0.0001,119.0543,,,,,,,,,,,,0.0,0.0,0.0,0.0,0
192.86,-2.8514,0.9545,119.1987,-0.0004,-0.0001,119.1987,,,,,,,,,,,,0.0,0.0,0.0,0.0,0
192.88,-2.8514,0.9545,119.1987,-0.0004,-0.0001,119.1987,,,,,,,,,,,,0.0,0.0,0.0,0.0,0
192.9,-2.8514,0.9545,119.1987,-0.0004,-0.0001,119.1987,,,,,,,,,,,,0.0,0.0,0.0,0.0,0
192.92,-2.8514,0.9545,119.1987,-0.0004,-0.0001,119.1987,,,,,,,,,,,,0.0,0.0,0.0,0.0,0
192.94,-2.8514,0.9545,119.1987,-0.0004,-0.0001,119.1987,,,,,,,,,,,,0.0,0.0,0.0,0.0,0
192.96,-2.8438,0.9567,119.3698,-0.0004,-0.0001,119.3698,,,,,,,,,,,,0.0,0.0,0.0,0.0,0
192.98,-2.8438,0.9567,119.3698,-0.0004,-0.0001,119.3698,,,,,,,,,,,,0.0,0.0,0.0,0.0,0
193.0,-2.8438,0.9567,119.3698,-0.0004,-0.0001,119.3698,,,,,,,,,,,,0.0,0.0,0.0,0.0,0
193.02,-2.8438,0.9567,119.3698,-0.0004,-0.0001,119.3698,,,,,,,,,,,,0.0,0.0,0.0,0.0,0
193.04,-2.8438,0.9567,119.3698,-0.0004,-0.0001,119.3698,,,,,,,,,,,,0.0,0.0,0.0,0.0,0
193.06,-2.8356,0.9607,119.5235,-0.0004,-0.0001,119.5235,,,,,,,,,,,,0.0,0.0,0.0,0.0,0
193.08,-2.8356,0.9607,119.5235,-0.0004,-0.0001,119.5235,,,,,,,,,,,,0.0,0.0,0.0,0.0,0
193.1,-2.8356,0.9607,119.5235,-0.0004,-0.0001,119.5235,,,,,,,,,,,,0.0,0.0,0.0,0.0,0
193.12,-2.8356,0.9607,119.5235,-0.0004,-0.0001,119.5235,,,,,,,,,,,,0.0,0.0,0.0,0.0,0
193.14,-2.8356,0.9607,119.5235,-0.0004,-0.0001,119.5235,,,,,,,,,,,,0.0,0.0,0.0,0.0,0
193.16,-2.8313,0.9571,119.6737,-0.0004,-0.0001,119.6738,,,,,,,,,,,,0.0,0.0,0.0,0.0,0
193.18,-2.8313,0.9571,119.6737,-0.0004,-0.0001,119.6738,,,,,,,,,,,,0.0,0.0,0.0,0.0,0
193.2,-2.8313,0.9571,119.6737,-0.0004,-0.0001,119.6738,,,,,,,,,,,,0.0,0.0,0.0,0.0,0
193.22,-2.8313,0.9571,119.6737,-0.0004,-0.0001,119.6738,,,,,,,,,,,,0.0,0.0,0.0,0.0,0
193.24,-2.8313,0.9571,119.6737,-0.0004,-0.0001,119.6738,,,,,,,,,,,,0.0,0.0,0.0,0.0,0
193.26,-2.8319,0.9539,119.8246,-0.0004,-0.0001,119.8246,,,,,,,,,,,,0.0,0.0,0.0,0.0,0
193.28,-2.8319,0.9539,119.8246,-0.0004,-0.0001,119.8246,,,,,,,,,,,,0.0,0.0,0.0,0.0,0
193.3,-2.8319,0.9539,119.8246,-0.0004,-0.0001,119.8246,,,,,,,,,,,,0.0,0.0,0.0,0.0,0
193.32,-2.8319,0.9539,119.8246,-0.0004,-0.0001,119.8246,,,,,,,,,,,,0.0,0.0,0.0,0.0,0
193.34,-2.8319,0.9539,119.8246,-0.0004,-0.0001,119.8246,,,,,,,,,,,,0.0,0.0,0.0,0.0,0
193.36,-2.8279,0.953,119.9575,-0.0004,-0.0001,119.9575,,,,,,,,,,,,0.0,0.0,0.0,0.0,0
193.38,-2.8279,0.953,119.9575,-0.0004,-0.0001,119.9575,,,,,,,,,,,,0.0,0.0,0.0,0.0,0
193.4,-2.8279,0.953,119.9575,-0.0004,-0.0001,119.9575,,,,,,,,,,,,0.0,0.0,0.0,0.0,0
193.42,-2.8279,0.953,119.9575,-0.0004,-0.0001,119.9575,,,,,,,,,,,,0.0,0.0,0.0,0.0,0
193.44,-2.8279,0.953,119.9575,-0.0004,-0.0001,119.9575,,,,,,,,,,,,0.0,0.0,0.0,0.0,0
193.46,-2.8258,0.9502,120.1035,-0.0004,-0.0001,120.1035,,,,,,,,,,,,0.0,0.0,0.0,0.0,0
193.48,-2.8258,0.9502,120.1035,-0.0004,-0.0001,120.1035,,,,,,,,,,,,0.0,0.0,0.0,0.0,0
193.5,-2.8258,0.9502,120.1035,-0.0004,-0.0001,120.1035,,,,,,,,,,,,0.0,0.0,0.0,0.0,0
193.52,-2.8258,0.9502,120.1035,-0.0004,-0.0001,120.1035,,,,,,,,,,,,0.0,0.0,0.0,0.0,0
193.54,-2.8258,0.9502,120.1035,-0.0004,-0.0001,120.1035,,,,,,,,,,,,0.0,0.0,0.0,0.0,0
193.56,-2.8225,0.9498,120.2242,-0.0004,-0.0001,120.2242,,,,,,,,,,,,0.0,0.0,0.0,0.0,0
193.58,-2.8225,0.9498,120.2242,-0.0004,-0.0001,120.2242,,,,,,,,,,,,0.0,0.0,0.0,0.0,0
193.6,-2.8225,0.9498,120.2242,-0.0004,-0.0001,120.2242,,,,,,,,,,,,0.0,0.0,0.0,0.0,0
193.62,-2.8225,0.9498,120.2242,-0.0004,-0.0001,120.2242,,,,,,,,,,,,0.0,0.0,0.0,0.0,0
193.64,-2.8225,0.9498,120.2242,-0.0004,-0.0001,120.2242,,,,,,,,,,,,0.0,0.0,0.0,0.0,0
193.66,-2.8247,0.9538,120.3688,-0.0004,-0.0001,120.3688,,,,,,,,,,,,0.0,0.0,0.0,0.0,0
193.68,-2.8247,0.9538,120.3688,-0.0004,-0.0001,120.3688,,,,,,,,,,,,0.0,0.0,0.0,0.0,0
193.7,-2.8247,0.9538,120.3688,-0.0004,-0.0001,120.3688,,,,,,,,,,,,0.0,0.0,0.0,0.0,0
193.72,-2.8247,0.9538,120.3688,-0.0004,-0.0001,120.3688,,,,,,,,,,,,0.0,0.0,0.0,0.0,0
193.74,-2.8247,0.9538,120.3688,-0.0004,-0.0001,120.3688,,,,,,,,,,,,0.0,0.0,0.0,0.0,0
193.76,-2.8224,0.9531,120.4879,-0.0004,-0.0001,120.4879,,,,,,,,,,,,0.0,0.0,0.0,0.0,0
193.78,-2.8224,0.9531,120.4879,-0.0004,-0.0001,120.4879,,,,,,,,,,,,0.0,0.0,0.0,0.0,0
193.8,-2.8224,0.9531,120.4879,-0.0004,-0.0001,120.4879,,,,,,,,,,,,0.0,0.0,0.0,0.0,0
193.82,-2.8224,0.9531,120.4879,-0.0004,-0.0001,120.4879,,,,,,,,,,,,0.0,0.0,0.0,0.0,0
193.84,-2.8224,0.9531,120.4879,-0.0004,-0.0001,120.4879,,,,,,,,,,,,0.0,0.0,0.0,0.0,0
193.86,-2.8225,0.955,120.636,-0.0004,-0.0001,120.636,,,,,,,,,,,,0.0,0.0,0.0,0.0,0
193.88,-2.8225,0.955,120.636,-0.0004,-0.0001,120.636,,,,,,,,,,,,0.0,0.0,0.0,0.0,0
193.9,-2.8225,0.955,120.636,-0.0004,-0.0001,120.636,,,,,,,,,,,,0.0,0.0,0.0,0.0,0
193.92,-2.8225,0.955,120.636,-0.0004,-0.0001,120.636,,,,,,,,,,,,0.0,0.0,0.0,0.0,0
193.94,-2.8225,0.955,120.636,-0.0004,-0.0001,120.636,,,,,,,,,,,,0.0,0.0,0.0,0.0,0
193.96,-2.0547,1.2101,120.5164,-0.0004,-0.0001,120.5164,,,,,,,,,,,,0.0,0.0,0.0,0.0,0
193.98,-2.0547,1.2101,120.5164,-0.0004,-0.0001,120.5164,,,,,,,,,,,,0.0,0.0,0.0,0.0,0
194.0,-2.0547,1.2101,120.5164,-0.0004,-0.0001,120.5164,,,,,,,,,,,,0.0,0.0,0.0,0.0,0
194.02,-2.0547,1.2101,120.5164,-0.0004,-0.0001,120.5164,,,,,,,,,,,,0.0,0.0,0.0,0.0,0
194.04,-2.0547,1.2101,120.5164,-0.0004,-0.0001,120.5164,,,,,,,,,,,,0.0,0.0,0.0,0.0,0
194.06,-2.5063,1.1878,120.7068,-0.0004,-0.0001,120.7068,,,,,,,,,,,,0.0,0.0,0.0,0.0,0
194.08,-2.5063,1.1878,120.7068,-0.0004,-0.0001,120.7068,,,,,,,,,,,,0.0,0.0,0.0,0.0,0
194.1,-2.5063,1.1878,120.7068,-0.0004,-0.0001,120.7068,,,,,,,,,,,,0.0,0.0,0.0,0.0,0
194.12,-2.5063,1.1878,120.7068,-0.0004,-0.0001,120.7068,,,,,,,,,,,,0.0,0.0,0.0,0.0,0
194.14,-2.5063,1.1878,120.7068,-0.0004,-0.0001,120.7068,,,,,,,,,,,,0.0,0.0,0.0,0.0,0
194.16,-2.4974,1.154,119.787,-0.0004,-0.0001,119.787,,,,,,,,,,,,0.0,0.0,0.0,0.0,0
194.18,-2.4974,1.154,119.787,-0.0004,-0.0001,119.787,,,,,,,,,,,,0.0,0.0,0.0,0.0,0
194.2,-2.4974,1.154,119.787,-0.0004,-0.0001,119.787,,,,,,,,,,,,0.0,0.0,0.0,0.0,0
194.22,-2.4974,1.154,119.787,-0.0004,-0.0001,119.787,,,,,,,,,,,,0.0,0.0,0.0,0.0,0
194.24,-2.4974,1.154,119.787,-0.0004,-0.0001,119.787,,,,,,,,,,,,0.0,0.0,0.0,0.0,0
194.26,-2.7842,0.9624,120.7062,-0.0004,-0.0001,120.7062,,,,,,,,,,,,0.0,0.0,0.0,0.0,0
194.28,-2.7842,0.9624,120.7062,-0.0004,-0.0001,120.7062,,,,,,,,,,,,0.0,0.0,0.0,0.0,0
194.3,-2.7842,0.9624,120.7062,-0.0004,-0.0001,120.7062,,,,,,,,,,,,0.0,0.0,0.0,0.0,0
194.32,-2.7842,0.9624,120.7062,-0.0004,-0.0001,120.7062,,,,,,,,,,,,0.0,0.0,0.0,0.0,0
194.34,-2.7842,0.9624,120.7062,-0.0004,-0.0001,120.7062,,,,,,,,,,,,0.0,0.0,0.0,0.0,0
194.36,-2.7716,0.9687,120.845,-0.0004,-0.0001,120.845,,,,,,,,,,,,0.0,0.0,0.0,0.0,0
194.38,-2.7716,0.9687,120.845,-0.0004,-0.0001,120.845,,,,,,,,,,,,0.0,0.0,0.0,0.0,0
194.4,-2.7716,0.9687,120.845,-0.0004,-0.0001,120.845,,,,,,,,,,,,0.0,0.0,0.0,0.0,0
194.42,-2.7716,0.9687,120.845,-0.0004,-0.0001,120.845,,,,,,,,,,,,0.0,0.0,0.0,0.0,0
194.44,-2.7716,0.9687,120.845,-0.0004,-0.0001,120.845,,,,,,,,,,,,0.0,0.0,0.0,0.0,0
194.46,-2.7651,0.9748,121.1202,-0.0004,-0.0001,121.1202,,,,,,,,,,,,0.0,0.0,0.0,0.0,0
194.48,-2.7651,0.9748,121.1202,-0.0004,-0.0001,121.1202,,,,,,,,,,,,0.0,0.0,0.0,0.0,0
194.5,-2.7651,0.9748,121.1202,-0.0004,-0.0001,121.1202,,,,,,,,,,,,0.0,0.0,0.0,0.0,0
194.52,-2.7651,0.9748,121.1202,-0.0004,-0.0001,121.1202,,,,,,,,,,,,0.0,0.0,0.0,0.0,0
194.54,-2.7651,0.9748,121.1202,-0.0004,-0.0001,121.1202,,,,,,,,,,,,0.0,0.0,0.0,0.0,0
194.56,-2.7703,0.9719,121.173,-0.0004,-0.0001,121.173,,,,,,,,,,,,0.0,0.0,0.0,0.0,0
194.58,-2.7703,0.9719,121.173,-0.0004,-0.0001,121.173,,,,,,,,,,,,0.0,0.0,0.0,0.0,0
194.6,-2.7703,0.9719,121.173,-0.0004,-0.0001,121.173,,,,,,,,,,,,0.0,0.0,0.0,0.0,0
194.62,-2.7703,0.9719,121.173,-0.0004,-0.0001,121.173,,,,,,,,,,,,0.0,0.0,0.0,0.0,0
194.64,-2.7703,0.9719,121.173,-0.0004,-0.0001,121.173,,,,,,,,,,,,0.0,0.0,0.0,0.0,0
194.66,-2.7631,0.8726,121.45,-0.0004,-0.0001,121.45,,,,,,,,,,,,0.0,0.0,0.0,0.0,0
194.68,-2.7631,0.8726,121.45,-0.0004,-0.0001,121.45,,,,,,,,,,,,0.0,0.0,0.0,0.0,0
194.7,-2.7631,0.8726,121.45,-0.0004,-0.0001,121.45,,,,,,,,,,,,0.0,0.0,0.0,0.0,0
194.72,-2.7631,0.8726,121.45,-0.0004,-0.0001,121.45,,,,,,,,,,,,0.0,0.0,0.0,0.0,0
194.74,-2.7631,0.8726,121.45,-0.0004,-0.0001,121.45,,,,,,,,,,,,0.0,0.0,0.0,0.0,0
194.76,-2.5476,0.1773,121.7175,-0.0004,-0.0001,121.7175,,,,,,,,,,,,0.0,0.0,0.0,0.0,0
194.78,-2.5476,0.1773,121.7175,-0.0004,-0.0001,121.7175,,,,,,,,,,,,0.0,0.0,0.0,0.0,0
194.8,-2.5476,0.1773,121.7175,-0.0004,-0.0001,121.7175,,,,,,,,,,,,0.0,0.0,0.0,0.0,0
194.82,-2.5476,0.1773,121.7175,-0.0004,-0.0001,121.7175,,,,,,,,,,,,0.0,0.0,0.0,0.0,0
194.84,-2.5476,0.1773,121.7175,-0.0004,-0.0001,121.7175,,,,,,,,,,,,0.0,0.0,0.0,0.0,0
194.86,-2.4715,0.1707,121.8474,-0.0004,-0.0001,121.8475,,,,,,,,,,,,0.0,0.0,0.0,0.0,0
194.88,-2.4715,0.1707,121.8474,-0.0004,-0.0001,121.8475,,,,,,,,,,,,0.0,0.0,0.0,0.0,0
194.9,-2.4715,0.1707,121.8474,-0.0004,-0.0001,121.8475,,,,,,,,,,,,0.0,0.0,0.0,0.0,0
194.92,-2.4715,0.1707,121.8474,-0.0004,-0.0001,121.8475,,,,,,,,,,,,0.0,0.0,0.0,0.0,0
194.94,-2.4715,0.1707,121.8474,-0.0004,-0.0001,121.8475,,,,,,,,,,,,0.0,0.0,0.0,0.0,0
194.96,-2.7524,0.7054,121.9091,-0.0004,-0.0001,121.9091,,,,,,,,,,,,0.0,0.0,0.0,0.0,0
194.98,-2.7524,0.7054,121.9091,-0.0004,-0.0001,121.9091,,,,,,,,,,,,0.0,0.0,0.0,0.0,0
195.0,-2.7524,0.7054,121.9091,-0.0004,-0.0001,121.9091,,,,,,,,,,,,0.0,0.0,0.0,0.0,0
195.02,-2.7524,0.7054,121.9091,-0.0004,-0.0001,121.9091,,,,,,,,,,,,0.0,0.0,0.0,0.0,0
195.04,-2.7524,0.7054,121.9091,-0.0004,-0.0001,121.9091,,,,,,,,,,,,0.0,0.0,0.0,0.0,0
195.06,-2.7674,0.7622,122.0136,-0.0004,-0.0001,122.0136,,,,,,,,,,,,0.0,0.0,0.0,0.0,0
195.08,-2.7674,0.7622,122.0136,-0.0004,-0.0001,122.0136,,,,,,,,,,,,0.0,0.0,0.0,0.0,0
195.1,-2.7674,0.7622,122.0136,-0.0004,-0.0001,122.0136,,,,,,,,,,,,0.0,0.0,0.0,0.0,0
195.12,-2.7674,0.7622,122.0136,-0.0004,-0.0001,122.0136,,,,,,,,,,,,0.0,0.0,0.0,0.0,0
195.14,-2.7674,0.7622,122.0136,-0.0004,-0.0001,122.0136,,,,,,,,,,,,0.0,0.0,0.0,0.0,0
195.16,-2.7689,0.8066,122.1195,-0.0004,-0.0001,122.1195,,,,,,,,,,,,0.0,0.0,0.0,0.0,0
195.18,-2.7689,0.8066,122.1195,-0.0004,-0.0001,122.1195,,,,,,,,,,,,0.0,0.0,0.0,0.0,0
195.2,-2.7689,0.8066,122.1195,-0.0004,-0.0001,122.1195,,,,,,,,,,,,0.0,0.0,0.0,0.0,0
195.22,-2.7689,0.8066,122.1195,-0.0004,-0.0001,122.1195,,,,,,,,,,,,0.0,0.0,0.0,0.0,0
195.24,-2.7689,0.8066,122.1195,-0.0004,-0.0001,122.1195,,,,,,,,,,,,0.0,0.0,0.0,0.0,0
195.26,-2.7789,0.8003,122.1694,-0.0004,-0.0001,122.1694,,,,,,,,,,,,0.0,0.0,0.0,0.0,0
195.28,-2.7789,0.8003,122.1694,-0.0004,-0.0001,122.1694,,,,,,,,,,,,0.0,0.0,0.0,0.0,0
195.3,-2.7789,0.8003,122.1694,-0.0004,-0.0001,122.1694,,,,,,,,,,,,0.0,0.0,0.0,0.0,0
195.32,-2.7789,0.8003,122.1694,-0.0004,-0.0001,122.1694,,,,,,,,,,,,0.0,0.0,0.0,0.0,0
195.34,-2.7789,0.8003,122.1694,-0.0004,-0.0001,122.1694,,,,,,,,,,,,0.0,0.0,0.0,0.0,0
195.36,-2.7558,0.7101,122.4584,-0.0004,-0.0001,122.4584,,,,,,,,,,,,0.0,0.0,0.0,0.0,0
195.38,-2.7558,0.7101,122.4584,-0.0004,-0.0001,122.4584,,,,,,,,,,,,0.0,0.0,0.0,0.0,0
195.4,-2.7558,0.7101,122.4584,-0.0004,-0.0001,122.4584,,,,,,,,,,,,0.0,0.0,0.0,0.0,0
195.42,-2.7558,0.7101,122.4584,-0.0004,-0.0001,122.4584,,,,,,,,,,,,0.0,0.0,0.0,0.0,0
195.44,-2.7558,0.7101,122.4584,-0.0004,-0.0001,122.4584,,,,,,,,,,,,0.0,0.0,0.0,0.0,0
195.46,-2.7913,0.7838,122.4374,-0.0004,-0.0001,122.4374,,,,,,,,,,,,0.0,0.0,0.0,0.0,0
195.48,-2.7913,0.7838,122.4374,-0.0004,-0.0001,122.4374,,,,,,,,,,,,0.0,0.0,0.0,0.0,0
195.5,-2.7913,0.7838,122.4374,-0.0004,-0.0001,122.4374,,,,,,,,,,,,0.0,0.0,0.0,0.0,0
195.52,-2.7913,0.7838,122.4374,-0.0004,-0.0001,122.4374,,,,,,,,,,,,0.0,0.0,0.0,0.0,0
195.54,-2.7913,0.7838,122.4374,-0.0004,-0.0001,122.4374,,,,,,,,,,,,0.0,0.0,0.0,0.0,0
195.56,-2.7555,0.9422,122.6301,-0.0004,-0.0001,122.6301,,,,,,,,,,,,0.0,0.0,0.0,0.0,0
195.58,-2.7555,0.9422,122.6301,-0.0004,-0.0001,122.6301,,,,,,,,,,,,0.0,0.0,0.0,0.0,0
195.6,-2.7555,0.9422,122.6301,-0.0004,-0.0001,122.6301,,,,,,,,,,,,0.0,0.0,0.0,0.0,0
195.62,-2.7555,0.9422,122.6301,-0.0004,-0.0001,122.6301,,,,,,,,,,,,0.0,0.0,0.0,0.0,0
195.64,-2.7555,0.9422,122.6301,-0.0004,-0.0001,122.6301,,,,,,,,,,,,0.0,0.0,0.0,0.0,0
195.66,-2.7966,0.8383,122.6906,-0.0004,-0.0001,122.6906,,,,,,,,,,,,0.0,0.0,0.0,0.0,0
195.68,-2.7966,0.8383,122.6906,-0.0004,-0.0001,122.6906,,,,,,,,,,,,0.0,0.0,0.0,0.0,0
195.7,-2.7966,0.8383,122.6906,-0.0004,-0.0001,122.6906,,,,,,,,,,,,0.0,0.0,0.0,0.0,0
195.72,-2.7966,0.8383,122.6906,-0.0004,-0.0001,122.6906,,,,,,,,,,,,0.0,0.0,0.0,0.0,0
195.74,-2.7966,0.8383,122.6906,-0.0004,-0.0001,122.6906,,,,,,,,,,,,0.0,0.0,0.0,0.0,0
195.76,-2.8015,0.8616,122.8395,-0.0004,-0.0001,122.8395,,,,,,,,,,,,0.0,0.0,0.0,0.0,0
195.78,-2.8015,0.8616,122.8395,-0.0004,-0.0001,122.8395,,,,,,,,,,,,0.0,0.0,0.0,0.0,0
195.8,-2.8015,0.8616,122.8395,-0.0004,-0.0001,122.8395,,,,,,,,,,,,0.0,0.0,0.0,0.0,0
195.82,-2.8015,0.8616,122.8395,-0.0004,-0.0001,122.8395,,,,,,,,,,,,0.0,0.0,0.0,0.0,0
195.84,-2.8015,0.8616,122.8395,-0.0004,-0.0001,122.8395,,,,,,,,,,,,0.0,0.0,0.0,0.0,0
195.86,-2.8041,0.861,122.9478,-0.0004,-0.0001,122.9478,,,,,,,,,,,,0.0,0.0,0.0,0.0,0
195.88,-2.8041,0.861,122.9478,-0.0004,-0.0001,122.9478,,,,,,,,,,,,0.0,0.0,0.0,0.0,0
195.9,-2.8041,0.861,122.9478,-0.0004,-0.0001,122.9478,,,,,,,,,,,,0.0,0.0,0.0,0.0,0
195.92,-2.8041,0.861,122.9478,-0.0004,-0.0001,122.9478,,,,,,,,,,,,0.0,0.0,0.0,0.0,0
195.94,-2.8041,0.861,122.9478,-0.0004,-0.0001,122.9478,,,,,,,,,,,,0.0,0.0,0.0,0.0,0
195.96,-2.805,0.8595,123.0211,-0.0004,-0.0001,123.0211,,,,,,,,,,,,0.0,0.0,0.0,0.0,0
195.98,-2.805,0.8595,123.0211,-0.0004,-0.0001,123.0211,,,,,,,,,,,,0.0,0.0,0.0,0.0,0
196.0,-2.805,0.8595,123.0211,-0.0004,-0.0001,123.0211,,,,,,,,,,,,0.0,0.0,0.0,0.0,0
196.02,-2.805,0.8595,123.0211,-0.0004,-0.0001,123.0211,,,,,,,,,,,,0.0,0.0,0.0,0.0,0
196.04,-2.805,0.8595,123.0211,-0.0004,-0.0001,123.0211,,,,,,,,,,,,0.0,0.0,0.0,0.0,0
196.06,-2.8001,0.8593,123.1936,-0.0004,-0.0001,123.1936,,,,,,,,,,,,0.0,0.0,0.0,0.0,0
196.08,-2.8001,0.8593,123.1936,-0.0004,-0.0001,123.1936,,,,,,,,,,,,0.0,0.0,0.0,0.0,0
196.1,-2.8001,0.8593,123.1936,-0.0004,-0.0001,123.1936,,,,,,,,,,,,0.0,0.0,0.0,0.0,0
196.12,-2.8001,0.8593,123.1936,-0.0004,-0.0001,123.1936,,,,,,,,,,,,0.0,0.0,0.0,0.0,0
196.14,-2.8001,0.8593,123.1936,-0.0004,-0.0001,123.1936,,,,,,,,,,,,0.0,0.0,0.0,0.0,0
196.16,-2.8474,0.779,123.176,-0.0004,-0.0001,123.176,,,,,,,,,,,,0.0,0.0,0.0,0.0,0
196.18,-2.8474,0.779,123.176,-0.0004,-0.0001,123.176,,,,,,,,,,,,0.0,0.0,0.0,0.0,0
196.2,-2.8474,0.779,123.176,-0.0004,-0.0001,123.176,,,,,,,,,,,,0.0,0.0,0.0,0.0,0
196.22,-2.8474,0.779,123.176,-0.0004,-0.0001,123.176,,,,,,,,,,,,0.0,0.0,0.0,0.0,0
196.24,-2.8474,0.779,123.176,-0.0004,-0.0001,123.176,,,,,,,,,,,,0.0,0.0,0.0,0.0,0
196.26,-2.665,0.3001,122.687,-0.0004,-0.0001,122.687,,,,,,,,,,,,0.0,0.0,0.0,0.0,0
196.28,-2.665,0.3001,122.687,-0.0004,-0.0001,122.687,,,,,,,,,,,,0.0,0.0,0.0,0.0,0
196.3,-2.665,0.3001,122.687,-0.0004,-0.0001,122.687,,,,,,,,,,,,0.0,0.0,0.0,0.0,0
196.32,-2.665,0.3001,122.687,-0.0004,-0.0001,122.687,,,,,,,,,,,,0.0,0.0,0.0,0.0,0
196.34,-2.665,0.3001,122.687,-0.0004,-0.0001,122.687,,,,,,,,,,,,0.0,0.0,0.0,0.0,0
196.36,-2.6779,0.4179,122.6581,-0.0004,-0.0001,122.6581,,,,,,,,,,,,0.0,0.0,0.0,0.0,0
196.38,-2.6779,0.4179,122.6581,-0.0004,-0.0001,122.6581,,,,,,,,,,,,0.0,0.0,0.0,0.0,0
196.4,-2.6779,0.4179,122.6581,-0.0004,-0.0001,122.6581,,,,,,,,,,,,0.0,0.0,0.0,0.0,0
196.42,-2.6779,0.4179,122.6581,-0.0004,-0.0001,122.6581,,,,,,,,,,,,0.0,0.0,0.0,0.0,0
196.44,-2.6779,0.4179,122.6581,-0.0004,-0.0001,122.6581,,,,,,,,,,,,0.0,0.0,0.0,0.0,0
196.46,-2.8449,0.7099,123.3474,-0.0004,-0.0001,123.3474,,,,,,,,,,,,0.0,0.0,0.0,0.0,0
196.48,-2.8449,0.7099,123.3474,-0.0004,-0.0001,123.3474,,,,,,,,,,,,0.0,0.0,0.0,0.0,0
196.5,-2.8449,0.7099,123.3474,-0.0004,-0.0001,123.3474,,,,,,,,,,,,0.0,0.0,0.0,0.0,0
196.52,-2.8449,0.7099,123.3474,-0.0004,-0.0001,123.3474,,,,,,,,,,,,0.0,0.0,0.0,0.0,0
196.54,-2.8449,0.7099,123.3474,-0.0004,-0.0001,123.3474,,,,,,,,,,,,0.0,0.0,0.0,0.0,0
196.56,-2.8524,0.5501,123.1859,-0.0004,-0.0001,123.1859,,,,,,,,,,,,0.0,0.0,0.0,0.0,0
196.58,-2.8524,0.5501,123.1859,-0.0004,-0.0001,123.1859,,,,,,,,,,,,0.0,0.0,0.0,0.0,0
196.6,-2.8524,0.5501,123.1859,-0.0004,-0.0001,123.1859,,,,,,,,,,,,0.0,0.0,0.0,0.0,0
196.62,-2.8524,0.5501,123.1859,-0.0004,-0.0001,123.1859,,,,,,,,,,,,0.0,0.0,0.0,0.0,0
196.64,-2.8524,0.5501,123.1859,-0.0004,-0.0001,123.1859,,,,,,,,,,,,0.0,0.0,0.0,0.0,0
196.66,-2.8378,0.6612,123.4055,-0.0004,-0.0001,123.4055,,,,,,,,,,,,0.0,0.0,0.0,0.0,0
196.68,-2.8378,0.6612,123.4055,-0.0004,-0.0001,123.4055,,,,,,,,,,,,0.0,0.0,0.0,0.0,0
196.7,-2.8378,0.6612,123.4055,-0.0004,-0.0001,123.4055,,,,,,,,,,,,0.0,0.0,0.0,0.0,0
196.72,-2.8378,0.6612,123.4055,-0.0004,-0.0001,123.4055,,,,,,,,,,,,0.0,0.0,0.0,0.0,0
196.74,-2.8378,0.6612,123.4055,-0.0004,-0.0001,123.4055,,,,,,,,,,,,0.0,0.0,0.0,0.0,0
196.76,-2.7798,0.7709,123.2125,-0.0004,-0.0001,123.2125,,,,,,,,,,,,0.0,0.0,0.0,0.0,0
196.78,-2.7798,0.7709,123.2125,-0.0004,-0.0001,123.2125,,,,,,,,,,,,0.0,0.0,0.0,0.0,0
196.8,-2.7798,0.7709,123.2125,-0.0004,-0.0001,123.2125,,,,,,,,,,,,0.0,0.0,0.0,0.0,0
196.82,-2.7798,0.7709,123.2125,-0.0004,-0.0001,123.2125,,,,,,,,,,,,0.0,0.0,0.0,0.0,0
196.84,-2.7798,0.7709,123.2125,-0.0004,-0.0001,123.2125,,,,,,,,,,,,0.0,0.0,0.0,0.0,0
196.86,-2.7657,0.8928,123.4576,-0.0004,-0.0001,123.4576,,,,,,,,,,,,0.0,0.0,0.0,0.0,0
196.88,-2.7657,0.8928,123.4576,-0.0004,-0.0001,123.4576,,,,,,,,,,,,0.0,0.0,0.0,0.0,0
196.9,-2.7657,0.8928,123.4576,-0.0004,-0.0001,123.4576,,,,,,,,,,,,0.0,0.0,0.0,0.0,0
196.92,-2.7657,0.8928,123.4576,-0.0004,-0.0001,123.4576,,,,,,,,,,,,0.0,0.0,0.0,0.0,0
196.94,-2.7657,0.8928,123.4576,-0.0004,-0.0001,123.4576,,,,,,,,,,,,0.0,0.0,0.0,0.0,0
196.96,-2.74,0.9319,123.5269,-0.0004,-0.0001,123.5269,,,,,,,,,,,,0.0,0.0,0.0,0.0,0
196.98,-2.74,0.9319,123.5269,-0.0004,-0.0001,123.5269,,,,,,,,,,,,0.0,0.0,0.0,0.0,0
197.0,-2.74,0.9319,123.5269,-0.0004,-0.0001,123.5269,,,,,,,,,,,,0.0,0.0,0.0,0.0,0
197.02,-2.74,0.9319,123.5269,-0.0004,-0.0001,123.5269,,,,,,,,,,,,0.0,0.0,0.0,0.0,0
197.04,-2.74,0.9319,123.5269,-0.0004,-0.0001,123.5269,,,,,,,,,,,,0.0,0.0,0.0,0.0,0
197.06,-2.7728,0.8593,123.87,-0.0004,-0.0001,123.8701,,,,,,,,,,,,0.0,0.0,0.0,0.0,0
197.08,-2.7728,0.8593,123.87,-0.0004,-0.0001,123.8701,,,,,,,,,,,,0.0,0.0,0.0,0.0,0
197.1,-2.7728,0.8593,123.87,-0.0004,-0.0001,123.8701,,,,,,,,,,,,0.0,0.0,0.0,0.0,0
197.12,-2.7728,0.8593,123.87,-0.0004,-0.0001,123.8701,,,,,,,,,,,,0.0,0.0,0.0,0.0,0
197.14,-2.7728,0.8593,123.87,-0.0004,-0.0001,123.8701,,,,,,,,,,,,0.0,0.0,0.0,0.0,0
197.16,-2.695,0.9497,123.8413,-0.0004,-0.0001,123.8413,,,,,,,,,,,,0.0,0.0,0.0,0.0,0
197.18,-2.695,0.9497,123.8413,-0.0004,-0.0001,123.8413,,,,,,,,,,,,0.0,0.0,0.0,0.0,0
197.2,-2.695,0.9497,123.8413,-0.0004,-0.0001,123.8413,,,,,,,,,,,,0.0,0.0,0.0,0.0,0
197.22,-2.695,0.9497,123.8413,-0.0004,-0.0001,123.8413,,,,,,,,,,,,0.0,0.0,0.0,0.0,0
197.24,-2.695,0.9497,123.8413,-0.0004,-0.0001,123.8413,,,,,,,,,,,,0.0,0.0,0.0,0.0,0
197.26,-2.7631,0.9154,124.1008,-0.0004,-0.0001,124.1008,,,,,,,,,,,,0.0,0.0,0.0,0.0,0
197.28,-2.7631,0.9154,124.1008,-0.0004,-0.0001,124.1008,,,,,,,,,,,,0.0,0.0,0.0,0.0,0
197.3,-2.7631,0.9154,124.1008,-0.0004,-0.0001,124.1008,,,,,,,,,,,,0.0,0.0,0.0,0.0,0
197.32,-2.7631,0.9154,124.1008,-0.0004,-0.0001,124.1008,,,,,,,,,,,,0.0,0.0,0.0,0.0,0
197.34,-2.7631,0.9154,124.1008,-0.0004,-0.0001,124.1008,,,,,,,,,,,,0.0,0.0,0.0,0.0,0
197.36,-2.7808,0.8607,124.0871,-0.0004,-0.0001,124.0871,,,,,,,,,,,,0.0,0.0,0.0,0.0,0
197.38,-2.7808,0.8607,124.0871,-0.0004,-0.0001,124.0871,,,,,,,,,,,,0.0,0.0,0.0,0.0,0
197.4,-2.7808,0.8607,124.0871,-0.0004,-0.0001,124.0871,,,,,,,,,,,,0.0,0.0,0.0,0.0,0
197.42,-2.7808,0.8607,124.0871,-0.0004,-0.0001,124.0871,,,,,,,,,,,,0.0,0.0,0.0,0.0,0
197.44,-2.7808,0.8607,124.0871,-0.0004,-0.0001,124.0871,,,,,,,,,,,,0.0,0.0,0.0,0.0,0
197.46,-2.7493,0.8852,124.433,-0.0004,-0.0001,124.433,,,,,,,,,,,,0.0,0.0,0.0,0.0,0
197.48,-2.7493,0.8852,124.433,-0.0004,-0.0001,124.433,,,,,,,,,,,,0.0,0.0,0.0,0.0,0
197.5,-2.7493,0.8852,124.433,-0.0004,-0.0001,124.433,,,,,,,,,,,,0.0,0.0,0.0,0.0,0
197.52,-2.7493,0.8852,124.433,-0.0004,-0.0001,124.433,,,,,,,,,,,,0.0,0.0,0.0,0.0,0
197.54,-2.7493,0.8852,124.433,-0.0004,-0.0001,124.433,,,,,,,,,,,,0.0,0.0,0.0,0.0,0
197.56,-2.7619,0.8105,124.0326,-0.0004,-0.0001,124.0326,,,,,,,,,,,,0.0,0.0,0.0,0.0,0
197.58,-2.7619,0.8105,124.0326,-0.0004,-0.0001,124.0326,,,,,,,,,,,,0.0,0.0,0.0,0.0,0
197.6,-2.7619,0.8105,124.0326,-0.0004,-0.0001,124.0326,,,,,,,,,,,,0.0,0.0,0.0,0.0,0
197.62,-2.7619,0.8105,124.0326,-0.0004,-0.0001,124.0326,,,,,,,,,,,,0.0,0.0,0.0,0.0,0
197.64,-2.7619,0.8105,124.0326,-0.0004,-0.0001,124.0326,,,,,,,,,,,,0.0,0.0,0.0,0.0,0
197.66,-2.7471,0.7939,124.8033,-0.0004,-0.0001,124.8033,,,,,,,,,,,,0.0,0.0,0.0,0.0,0
197.68,-2.7471,0.7939,124.8033,-0.0004,-0.0001,124.8033,,,,,,,,,,,,0.0,0.0,0.0,0.0,0
197.7,-2.7471,0.7939,124.8033,-0.0004,-0.0001,124.8033,,,,,,,,,,,,0.0,0.0,0.0,0.0,0
197.72,-2.7471,0.7939,124.8033,-0.0004,-0.0001,124.8033,,,,,,,,,,,,0.0,0.0,0.0,0.0,0
197.74,-2.7471,0.7939,124.8033,-0.0004,-0.0001,124.8033,,,,,,,,,,,,0.0,0.0,0.0,0.0,0
197.76,-2.7659,0.8818,124.436,-0.0004,-0.0001,124.436,,,,,,,,,,,,0.0,0.0,0.0,0.0,0
197.78,-2.7659,0.8818,124.436,-0.0004,-0.0001,124.436,,,,,,,,,,,,0.0,0.0,0.0,0.0,0
197.8,-2.7659,0.8818,124.436,-0.0004,-0.0001,124.436,,,,,,,,,,,,0.0,0.0,0.0,0.0,0
197.82,-2.7659,0.8818,124.436,-0.0004,-0.0001,124.436,,,,,,,,,,,,0.0,0.0,0.0,0.0,0
197.84,-2.7659,0.8818,124.436,-0.0004,-0.0001,124.436,,,,,,,,,,,,0.0,0.0,0.0,0.0,0
197.86,-2.7593,0.8812,124.6212,-0.0004,-0.0001,124.6212,,,,,,,,,,,,0.0,0.0,0.0,0.0,0
197.88,-2.7593,0.8812,124.6212,-0.0004,-0.0001,124.6212,,,,,,,,,,,,0.0,0.0,0.0,0.0,0
197.9,-2.7593,0.8812,124.6212,-0.0004,-0.0001,124.6212,,,,,,,,,,,,0.0,0.0,0.0,0.0,0
197.92,-2.7593,0.8812,124.6212,-0.0004,-0.0001,124.6212,,,,,,,,,,,,0.0,0.0,0.0,0.0,0
197.94,-2.7593,0.8812,124.6212,-0.0004,-0.0001,124.6212,,,,,,,,,,,,0.0,0.0,0.0,0.0,0
197.96,-2.7638,0.8794,124.7962,-0.0004,-0.0001,124.7962,,,,,,,,,,,,0.0,0.0,0.0,0.0,0
197.98,-2.7638,0.8794,124.7962,-0.0004,-0.0001,124.7962,,,,,,,,,,,,0.0,0.0,0.0,0.0,0
198.0,-2.7638,0.8794,124.7962,-0.0004,-0.0001,124.7962,,,,,,,,,,,,0.0,0.0,0.0,0.0,0
198.02,-2.7638,0.8794,124.7962,-0.0004,-0.0001,124.7962,,,,,,,,,,,,0.0,0.0,0.0,0.0,0
198.04,-2.7638,0.8794,124.7962,-0.0004,-0.0001,124.7962,,,,,,,,,,,,0.0,0.0,0.0,0.0,0
198.06,-2.7804,0.8691,124.7676,-0.0004,-0.0001,124.7676,,,,,,,,,,,,0.0,0.0,0.0,0.0,0
198.08,-2.7804,0.8691,124.7676,-0.0004,-0.0001,124.7676,,,,,,,,,,,,0.0,0.0,0.0,0.0,0
198.1,-2.7804,0.8691,124.7676,-0.0004,-0.0001,124.7676,,,,,,,,,,,,0.0,0.0,0.0,0.0,0
198.12,-2.7804,0.8691,124.7676,-0.0004,-0.0001,124.7676,,,,,,,,,,,,0.0,0.0,0.0,0.0,0
198.14,-2.7804,0.8691,124.7676,-0.0004,-0.0001,124.7676,,,,,,,,,,,,0.0,0.0,0.0,0.0,0
198.16,-2.8264,0.8362,124.9,-0.0004,-0.0001,124.9,,,,,,,,,,,,0.0,0.0,0.0,0.0,0
198.18,-2.8264,0.8362,124.9,-0.0004,-0.0001,124.9,,,,,,,,,,,,0.0,0.0,0.0,0.0,0
198.2,-2.8264,0.8362,124.9,-0.0004,-0.0001,124.9,,,,,,,,,,,,0.0,0.0,0.0,0.0,0
198.22,-2.8264,0.8362,124.9,-0.0004,-0.0001,124.9,,,,,,,,,,,,0.0,0.0,0.0,0.0,0
198.24,-2.8264,0.8362,124.9,-0.0004,-0.0001,124.9,,,,,,,,,,,,0.0,0.0,0.0,0.0,0
198.26,-2.7339,0.8817,124.8184,-0.0004,-0.0001,124.8184,,,,,,,,,,,,0.0,0.0,0.0,0.0,0
198.28,-2.7339,0.8817,124.8184,-0.0004,-0.0001,124.8184,,,,,,,,,,,,0.0,0.0,0.0,0.0,0
198.3,-2.7339,0.8817,124.8184,-0.0004,-0.0001,124.8184,,,,,,,,,,,,0.0,0.0,0.0,0.0,0
198.32,-2.7339,0.8817,124.8184,-0.0004,-0.0001,124.8184,,,,,,,,,,,,0.0,0.0,0.0,0.0,0
198.34,-2.7339,0.8817,124.8184,-0.0004,-0.0001,124.8184,,,,,,,,,,,,0.0,0.0,0.0,0.0,0
198.36,-2.758,0.8821,125.2111,-0.0004,-0.0001,125.2111,,,,,,,,,,,,0.0,0.0,0.0,0.0,0
198.38,-2.758,0.8821,125.2111,-0.0004,-0.0001,125.2111,,,,,,,,,,,,0.0,0.0,0.0,0.0,0
198.4,-2.758,0.8821,125.2111,-0.0004,-0.0001,125.2111,,,,,,,,,,,,0.0,0.0,0.0,0.0,0
198.42,-2.758,0.8821,125.2111,-0.0004,-0.0001,125.2111,,,,,,,,,,,,0.0,0.0,0.0,0.0,0
198.44,-2.758,0.8821,125.2111,-0.0004,-0.0001,125.2111,,,,,,,,,,,,0.0,0.0,0.0,0.0,0
198.46,-2.768,0.8733,124.9045,-0.0004,-0.0001,124.9045,,,,,,,,,,,,0.0,0.0,0.0,0.0,0
198.48,-2.768,0.8733,124.9045,-0.0004,-0.0001,124.9045,,,,,,,,,,,,0.0,0.0,0.0,0.0,0
198.5,-2.768,0.8733,124.9045,-0.0004,-0.0001,124.9045,,,,,,,,,,,,0.0,0.0,0.0,0.0,0
198.52,-2.768,0.8733,124.9045,-0.0004,-0.0001,124.9045,,,,,,,,,,,,0.0,0.0,0.0,0.0,0
198.54,-2.768,0.8733,124.9045,-0.0004,-0.0001,124.9045,,,,,,,,,,,,0.0,0.0,0.0,0.0,0
198.56,-2.7795,0.8812,125.3918,-0.0004,-0.0001,125.3917,,,,,,,,,,,,0.0,0.0,0.0,0.0,0
198.58,-2.7795,0.8812,125.3918,-0.0004,-0.0001,125.3917,,,,,,,,,,,,0.0,0.0,0.0,0.0,0
198.6,-2.7795,0.8812,125.3918,-0.0004,-0.0001,125.3917,,,,,,,,,,,,0.0,0.0,0.0,0.0,0
198.62,-2.7795,0.8812,125.3918,-0.0004,-0.0001,125.3917,,,,,,,,,,,,0.0,0.0,0.0,0.0,0
198.64,-2.7795,0.8812,125.3918,-0.0004,-0.0001,125.3917,,,,,,,,,,,,0.0,0.0,0.0,0.0,0
198.66,-2.7781,0.8729,125.0499,-0.0004,-0.0001,125.0499,,,,,,,,,,,,0.0,0.0,0.0,0.0,0
198.68,-2.7781,0.8729,125.0499,-0.0004,-0.0001,125.0499,,,,,,,,,,,,0.0,0.0,0.0,0.0,0
198.7,-2.7781,0.8729,125.0499,-0.0004,-0.0001,125.0499,,,,,,,,,,,,0.0,0.0,0.0,0.0,0
198.72,-2.7781,0.8729,125.0499,-0.0004,-0.0001,125.0499,,,,,,,,,,,,0.0,0.0,0.0,0.0,0
198.74,-2.7781,0.8729,125.0499,-0.0004,-0.0001,125.0499,,,,,,,,,,,,0.0,0.0,0.0,0.0,0
198.76,-2.5617,0.9368,125.5916,-0.0004,-0.0001,125.5916,,,,,,,,,,,,0.0,0.0,0.0,0.0,0
198.78,-2.5617,0.9368,125.5916,-0.0004,-0.0001,125.5916,,,,,,,,,,,,0.0,0.0,0.0,0.0,0
198.8,-2.5617,0.9368,125.5916,-0.0004,-0.0001,125.5916,,,,,,,,,,,,0.0,0.0,0.0,0.0,0
198.82,-2.5617,0.9368,125.5916,-0.0004,-0.0001,125.5916,,,,,,,,,,,,0.0,0.0,0.0,0.0,0
198.84,-2.5617,0.9368,125.5916,-0.0004,-0.0001,125.5916,,,,,,,,,,,,0.0,0.0,0.0,0.0,0
198.86,-2.6689,1.0214,125.8843,-0.0004,-0.0001,125.8843,,,,,,,,,,,,0.0,0.0,0.0,0.0,0
198.88,-2.6689,1.0214,125.8843,-0.0004,-0.0001,125.8843,,,,,,,,,,,,0.0,0.0,0.0,0.0,0
198.9,-2.6689,1.0214,125.8843,-0.0004,-0.0001,125.8843,,,,,,,,,,,,0.0,0.0,0.0,0.0,0
198.92,-2.6689,1.0214,125.8843,-0.0004,-0.0001,125.8843,,,,,,,,,,,,0.0,0.0,0.0,0.0,0
198.94,-2.6689,1.0214,125.8843,-0.0004,-0.0001,125.8843,,,,,,,,,,,,0.0,0.0,0.0,0.0,0
198.96,-2.8298,0.9493,126.0419,-0.0004,-0.0001,126.0419,,,,,,,,,,,,0.0,0.0,0.0,0.0,0
198.98,-2.8298,0.9493,126.0419,-0.0004,-0.0001,126.0419,,,,,,,,,,,,0.0,0.0,0.0,0.0,0
199.0,-2.8298,0.9493,126.0419,-0.0004,-0.0001,126.0419,,,,,,,,,,,,0.0,0.0,0.0,0.0,0
199.02,-2.8298,0.9493,126.0419,-0.0004,-0.0001,126.0419,,,,,,,,,,,,0.0,0.0,0.0,0.0,0
199.04,-2.8298,0.9493,126.0419,-0.0004,-0.0001,126.0419,,,,,,,,,,,,0.0,0.0,0.0,0.0,0
199.06,-3.4244,-2.8816,123.8325,-0.0004,-0.0001,123.8326,,,,,,,,,,,,0.0,0.0,0.0,0.0,0
199.08,-3.4244,-2.8816,123.8325,-0.0004,-0.0001,123.8326,,,,,,,,,,,,0.0,0.0,0.0,0.0,0
199.1,-3.4244,-2.8816,123.8325,-0.0004,-0.0001,123.8326,,,,,,,,,,,,0.0,0.0,0.0,0.0,0
199.12,-3.4244,-2.8816,123.8325,-0.0004,-0.0001,123.8326,,,,,,,,,,,,0.0,0.0,0.0,0.0,0
199.14,-3.4244,-2.8816,123.8325,-0.0004,-0.0001,123.8326,,,,,,,,,,,,0.0,0.0,0.0,0.0,0
199.16,-1.5779,-4.3618,122.4568,-0.0004,-0.0001,122.4568,,,,,,,,,,,,0.0,0.0,0.0,0.0,0
199.18,-1.5779,-4.3618,122.4568,-0.0004,-0.0001,122.4568,,,,,,,,,,,,0.0,0.0,0.0,0.0,0
199.2,-1.5779,-4.3618,122.4568,-0.0004,-0.0001,122.4568,,,,,,,,,,,,0.0,0.0,0.0,0.0,0
199.22,-1.5779,-4.3618,122.4568,-0.0004,-0.0001,122.4568,,,,,,,,,,,,0.0,0.0,0.0,0.0,0
199.24,-1.5779,-4.3618,122.4568,-0.0004,-0.0001,122.4568,,,,,,,,,,,,0.0,0.0,0.0,0.0,0
199.26,-1.6653,-2.0828,117.7679,-0.0004,-0.0001,117.7679,,,,,,,,,,,,0.0,0.0,0.0,0.0,0
199.28,-1.6653,-2.0828,117.7679,-0.0004,-0.0001,117.7679,,,,,,,,,,,,0.0,0.0,0.0,0.0,0
199.3,-1.6653,-2.0828,117.7679,-0.0004,-0.0001,117.7679,,,,,,,,,,,,0.0,0.0,0.0,0.0,0
199.32,-1.6653,-2.0828,117.7679,-0.0004,-0.0001,117.7679,,,,,,,,,,,,0.0,0.0,0.0,0.0,0
199.34,-1.6653,-2.0828,117.7679,-0.0004,-0.0001,117.7679,,,,,,,,,,,,0.0,0.0,0.0,0.0,0
199.36,-6.8825,1.7743,113.0615,-0.0004,-0.0001,113.0615,,,,,,,,,,,,0.0,0.0,0.0,0.0,0
199.38,-6.8825,1.7743,113.0615,-0.0004,-0.0001,113.0615,,,,,,,,,,,,0.0,0.0,0.0,0.0,0
199.4,-6.8825,1.7743,113.0615,-0.0004,-0.0001,113.0615,,,,,,,,,,,,0.0,0.0,0.0,0.0,0
199.42,-6.8825,1.7743,113.0615,-0.0004,-0.0001,113.0615,,,,,,,,,,,,0.0,0.0,0.0,0.0,0
199.44,-6.8825,1.7743,113.0615,-0.0004,-0.0001,113.0615,,,,,,,,,,,,0.0,0.0,0.0,0.0,0
199.46,-11.066,1.5643,110.7335,-0.0004,-0.0001,110.7335,,,,,,,,,,,,0.0,0.0,0.0,0.0,0
199.48,-11.066,1.5643,110.7335,-0.0004,-0.0001,110.7335,,,,,,,,,,,,0.0,0.0,0.0,0.0,0
199.5,-11.066,1.5643,110.7335,-0.0004,-0.0001,110.7335,,,,,,,,,,,,0.0,0.0,0.0,0.0,0
199.52,-11.066,1.5643,110.7335,-0.0004,-0.0001,110.7335,,,,,,,,,,,,0.0,0.0,0.0,0.0,0
199.54,-11.066,1.5643,110.7335,-0.0004,-0.0001,110.7335,,,,,,,,,,,,0.0,0.0,0.0,0.0,0
199.56,-4.9876,-0.6767,111.1423,-0.0004,-0.0001,111.1423,,,,,,,,,,,,0.0,0.0,0.0,0.0,0
199.58,-4.9876,-0.6767,111.1423,-0.0004,-0.0001,111.1423,,,,,,,,,,,,0.0,0.0,0.0,0.0,0
199.6,-4.9876,-0.6767,111.1423,-0.0004,-0.0001,111.1423,,,,,,,,,,,,0.0,0.0,0.0,0.0,0
199.62,-4.9876,-0.6767,111.1423,-0.0004,-0.0001,111.1423,,,,,,,,,,,,0.0,0.0,0.0,0.0,0
199.64,-4.9876,-0.6767,111.1423,-0.0004,-0.0001,111.1423,,,,,,,,,,,,0.0,0.0,0.0,0.0,0
199.66,-1.5918,2.3106,111.9967,-0.0004,-0.0001,111.9967,,,,,,,,,,,,0.0,0.0,0.0,0.0,0
199.68,-1.5918,2.3106,111.9967,-0.0004,-0.0001,111.9967,,,,,,,,,,,,0.0,0.0,0.0,0.0,0
199.7,-1.5918,2.3106,111.9967,-0.0004,-0.0001,111.9967,,,,,,,,,,,,0.0,0.0,0.0,0.0,0
199.72,-1.5918,2.3106,111.9967,-0.0004,-0.0001,111.9967,,,,,,,,,,,,0.0,0.0,0.0,0.0,0
199.74,-1.5918,2.3106,111.9967,-0.0004,-0.0001,111.9967,,,,,,,,,,,,0.0,0.0,0.0,0.0,0
199.76,-2.0075,0.7897,113.0431,-0.0004,-0.0001,113.0431,,,,,,,,,,,,0.0,0.0,0.0,0.0,0
199.78,-2.0075,0.7897,113.0431,-0.0004,-0.0001,113.0431,,,,,,,,,,,,0.0,0.0,0.0,0.0,0
199.8,-2.0075,0.7897,113.0431,-0.0004,-0.0001,113.0431,,,,,,,,,,,,0.0,0.0,0.0,0.0,0
199.82,-2.0075,0.7897,113.0431,-0.0004,-0.0001,113.0431,,,,,,,,,,,,0.0,0.0,0.0,0.0,0
199.84,-2.0075,0.7897,113.0431,-0.0004,-0.0001,113.0431,,,,,,,,,,,,0.0,0.0,0.0,0.0,0
199.86,-2.6647,1.2193,115.8719,-0.0004,-0.0001,115.8719,,,,,,,,,,,,0.0,0.0,0.0,0.0,0
199.88,-2.6647,1.2193,115.8719,-0.0004,-0.0001,115.8719,,,,,,,,,,,,0.0,0.0,0.0,0.0,0
199.9,-2.6647,1.2193,115.8719,-0.0004,-0.0001,115.8719,,,,,,,,,,,,0.0,0.0,0.0,0.0,0
199.92,-2.6647,1.2193,115.8719,-0.0004,-0.0001,115.8719,,,,,,,,,,,,0.0,0.0,0.0,0.0,0
199.94,-2.6647,1.2193,115.8719,-0.0004,-0.0001,115.8719,,,,,,,,,,,,0.0,0.0,0.0,0.0,0
199.96,-3.0185,1.2317,116.0203,-0.0004,-0.0001,116.0203,,,,,,,,,,,,0.0,0.0,0.0,0.0,0
199.98,-3.0185,1.2317,116.0203,-0.0004,-0.0001,116.0203,,,,,,,,,,,,0.0,0.0,0.0,0.0,0
200.0,-3.0185,1.2317,116.0203,-0.0004,-0.0001,116.0203,,,,,,,,,,,,0.0,0.0,0.0,0.0,0
200.02,-3.0185,1.2317,116.0203,-0.0004,-0.0001,116.0203,,,,,,,,,,,,0.0,0.0,0.0,0.0,0
200.04,-3.0185,1.2317,116.0203,-0.0004,-0.0001,116.0203,,,,,,,,,,,,0.0,0.0,0.0,0.0,0
200.06,-3.0906,1.2399,115.7535,-0.0004,-0.0001,115.7535,,,,,,,,,,,,0.0,0.0,0.0,0.0,0
200.08,-3.0906,1.2399,115.7535,-0.0004,-0.0001,115.7535,,,,,,,,,,,,0.0,0.0,0.0,0.0,0
200.1,-3.0906,1.2399,115.7535,-0.0004,-0.0001,115.7535,,,,,,,,,,,,0.0,0.0,0.0,0.0,0
200.12,-3.0906,1.2399,115.7535,-0.0004,-0.0001,115.7535,,,,,,,,,,,,0.0,0.0,0.0,0.0,0
200.14,-3.0906,1.2399,115.7535,-0.0004,-0.0001,115.7535,,,,,,,,,,,,0.0,0.0,0.0,0.0,0
200.16,-3.0878,1.2737,116.2972,-0.0004,-0.0001,116.2972,,,,,,,,,,,,0.0,0.0,0.0,0.0,0
200.18,-3.0878,1.2737,116.2972,-0.0004,-0.0001,116.2972,,,,,,,,,,,,0.0,0.0,0.0,0.0,0
200.2,-3.0878,1.2737,116.2972,-0.0004,-0.0001,116.2972,,,,,,,,,,,,0.0,0.0,0.0,0.0,0
200.22,-3.0878,1.2737,116.2972,-0.0004,-0.0001,116.2972,,,,,,,,,,,,0.0,0.0,0.0,0.0,0
200.24,-3.0878,1.2737,116.2972,-0.0004,-0.0001,116.2972,,,,,,,,,,,,0.0,0.0,0.0,0.0,0
200.26,-3.0576,1.2673,115.8532,-0.0004,-0.0001,115.8532,,,,,,,,,,,,0.0,0.0,0.0,0.0,0
200.28,-3.0576,1.2673,115.8532,-0.0004,-0.0001,115.8532,,,,,,,,,,,,0.0,0.0,0.0,0.0,0
200.3,-3.0576,1.2673,115.8532,-0.0004,-0.0001,115.8532,,,,,,,,,,,,0.0,0.0,0.0,0.0,0
200.32,-3.0576,1.2673,115.8532,-0.0004,-0.0001,115.8532,,,,,,,,,,,,0.0,0.0,0.0,0.0,0
200.34,-3.0576,1.2673,115.8532,-0.0004,-0.0001,115.8532,,,,,,,,,,,,0.0,0.0,0.0,0.0,0
200.36,-3.0435,1.2862,116.3934,-0.0004,-0.0001,116.3935,,,,,,,,,,,,0.0,0.0,0.0,0.0,0
200.38,-3.0435,1.2862,116.3934,-0.0004,-0.0001,116.3935,,,,,,,,,,,,0.0,0.0,0.0,0.0,0
200.4,-3.0435,1.2862,116.3934,-0.0004,-0.0001,116.3935,,,,,,,,,,,,0.0,0.0,0.0,0.0,0
200.42,-3.0435,1.2862,116.3934,-0.0004,-0.0001,116.3935,,,,,,,,,,,,0.0,0.0,0.0,0.0,0
200.44,-3.0435,1.2862,116.3934,-0.0004,-0.0001,116.3935,,,,,,,,,,,,0.0,0.0,0.0,0.0,0
200.46,-3.0223,1.2679,116.0597,-0.0004,-0.0001,116.0597,,,,,,,,,,,,0.0,0.0,0.0,0.0,0
200.48,-3.0223,1.2679,116.0597,-0.0004,-0.0001,116.0597,,,,,,,,,,,,0.0,0.0,0.0,0.0,0
200.5,-3.0223,1.2679,116.0597,-0.0004,-0.0001,116.0597,,,,,,,,,,,,0.0,0.0,0.0,0.0,0
200.52,-3.0223,1.2679,116.0597,-0.0004,-0.0001,116.0597,,,,,,,,,,,,0.0,0.0,0.0,0.0,0
200.54,-3.0223,1.2679,116.0597,-0.0004,-0.0001,116.0597,,,,,,,,,,,,0.0,0.0,0.0,0.0,0
200.56,-3.0314,1.2723,116.4683,-0.0004,-0.0001,116.4683,,,,,,,,,,,,0.0,0.0,0.0,0.0,0
200.58,-3.0314,1.2723,116.4683,-0.0004,-0.0001,116.4683,,,,,,,,,,,,0.0,0.0,0.0,0.0,0
200.6,-3.0314,1.2723,116.4683,-0.0004,-0.0001,116.4683,,,,,,,,,,,,0.0,0.0,0.0,0.0,0
200.62,-3.0314,1.2723,116.4683,-0.0004,-0.0001,116.4683,,,,,,,,,,,,0.0,0.0,0.0,0.0,0
200.64,-3.0314,1.2723,116.4683,-0.0004,-0.0001,116.4683,,,,,,,,,,,,0.0,0.0,0.0,0.0,0
200.66,-3.0376,1.2563,116.2887,-0.0004,-0.0001,116.2887,,,,,,,,,,,,0.0,0.0,0.0,0.0,0
200.68,-3.0376,1.2563,116.2887,-0.0004,-0.0001,116.2887,,,,,,,,,,,,0.0,0.0,0.0,0.0,0
200.7,-3.0376,1.2563,116.2887,-0.0004,-0.0001,116.2887,,,,,,,,,,,,0.0,0.0,0.0,0.0,0
200.72,-3.0376,1.2563,116.2887,-0.0004,-0.0001,116.2887,,,,,,,,,,,,0.0,0.0,0.0,0.0,0
200.74,-3.0376,1.2563,116.2887,-0.0004,-0.0001,116.2887,,,,,,,,,,,,0.0,0.0,0.0,0.0,0
200.76,-3.0511,1.2606,116.5585,-0.0004,-0.0001,116.5585,,,,,,,,,,,,0.0,0.0,0.0,0.0,0
200.78,-3.0511,1.2606,116.5585,-0.0004,-0.0001,116.5585,,,,,,,,,,,,0.0,0.0,0.0,0.0,0
200.8,-3.0511,1.2606,116.5585,-0.0004,-0.0001,116.5585,,,,,,,,,,,,0.0,0.0,0.0,0.0,0
200.82,-3.0511,1.2606,116.5585,-0.0004,-0.0001,116.5585,,,,,,,,,,,,0.0,0.0,0.0,0.0,0
200.84,-3.0511,1.2606,116.5585,-0.0004,-0.0001,116.5585,,,,,,,,,,,,0.0,0.0,0.0,0.0,0
200.86,-3.0553,1.2523,116.5032,-0.0004,-0.0001,116.5032,,,,,,,,,,,,0.0,0.0,0.0,0.0,0
200.88,-3.0553,1.2523,116.5032,-0.0004,-0.0001,116.5032,,,,,,,,,,,,0.0,0.0,0.0,0.0,0
200.9,-3.0553,1.2523,116.5032,-0.0004,-0.0001,116.5032,,,,,,,,,,,,0.0,0.0,0.0,0.0,0
200.92,-3.0553,1.2523,116.5032,-0.0004,-0.0001,116.5032,,,,,,,,,,,,0.0,0.0,0.0,0.0,0
200.94,-3.0553,1.2523,116.5032,-0.0004,-0.0001,116.5032,,,,,,,,,,,,0.0,0.0,0.0,0.0,0
200.96,-3.0521,1.2557,116.6629,-0.0004,-0.0001,116.6629,,,,,,,,,,,,0.0,0.0,0.0,0.0,0
200.98,-3.0521,1.2557,116.6629,-0.0004,-0.0001,116.6629,,,,,,,,,,,,0.0,0.0,0.0,0.0,0
201.0,-3.0521,1.2557,116.6629,-0.0004,-0.0001,116.6629,,,,,,,,,,,,0.0,0.0,0.0,0.0,0
201.02,-3.0521,1.2557,116.6629,-0.0004,-0.0001,116.6629,,,,,,,,,,,,0.0,0.0,0.0,0.0,0
201.04,-3.0521,1.2557,116.6629,-0.0004,-0.0001,116.6629,,,,,,,,,,,,0.0,0.0,0.0,0.0,0
201.06,-3.0474,1.2507,116.7089,-0.0004,-0.0001,116.7089,,,,,,,,,,,,0.0,0.0,0.0,0.0,0
201.08,-3.0474,1.2507,116.7089,-0.0004,-0.0001,116.7089,,,,,,,,,,,,0.0,0.0,0.0,0.0,0
201.1,-3.0474,1.2507,116.7089,-0.0004,-0.0001,116.7089,,,,,,,,,,,,0.0,0.0,0.0,0.0,0
201.12,-3.0474,1.2507,116.7089,-0.0004,-0.0001,116.7089,,,,,,,,,,,,0.0,0.0,0.0,0.0,0
201.14,-3.0474,1.2507,116.7089,-0.0004,-0.0001,116.7089,,,,,,,,,,,,0.0,0.0,0.0,0.0,0
201.16,-3.0419,1.2458,116.7793,-0.0004,-0.0001,116.7793,,,,,,,,,,,,0.0,0.0,0.0,0.0,0
201.18,-3.0419,1.2458,116.7793,-0.0004,-0.0001,116.7793,,,,,,,,,,,,0.0,0.0,0.0,0.0,0
201.2,-3.0419,1.2458,116.7793,-0.0004,-0.0001,116.7793,,,,,,,,,,,,0.0,0.0,0.0,0.0,0
201.22,-3.0419,1.2458,116.7793,-0.0004,-0.0001,116.7793,,,,,,,,,,,,0.0,0.0,0.0,0.0,0
201.24,-3.0419,1.2458,116.7793,-0.0004,-0.0001,116.7793,,,,,,,,,,,,0.0,0.0,0.0,0.0,0
201.26,-3.0391,1.2411,116.896,-0.0004,-0.0001,116.896,,,,,,,,,,,,0.0,0.0,0.0,0.0,0
201.28,-3.0391,1.2411,116.896,-0.0004,-0.0001,116.896,,,,,,,,,,,,0.0,0.0,0.0,0.0,0
201.3,-3.0391,1.2411,116.896,-0.0004,-0.0001,116.896,,,,,,,,,,,,0.0,0.0,0.0,0.0,0
201.32,-3.0391,1.2411,116.896,-0.0004,-0.0001,116.896,,,,,,,,,,,,0.0,0.0,0.0,0.0,0
201.34,-3.0391,1.2411,116.896,-0.0004,-0.0001,116.896,,,,,,,,,,,,0.0,0.0,0.0,0.0,0
201.36,-3.0348,1.2287,116.9047,-0.0004,-0.0001,116.9047,,,,,,,,,,,,0.0,0.0,0.0,0.0,0
201.38,-3.0348,1.2287,116.9047,-0.0004,-0.0001,116.9047,,,,,,,,,,,,0.0,0.0,0.0,0.0,0
201.4,-3.0348,1.2287,116.9047,-0.0004,-0.0001,116.9047,,,,,,,,,,,,0.0,0.0,0.0,0.0,0
201.42,-3.0348,1.2287,116.9047,-0.0004,-0.0001,116.9047,,,,,,,,,,,,0.0,0.0,0.0,0.0,0
201.44,-3.0348,1.2287,116.9047,-0.0004,-0.0001,116.9047,,,,,,,,,,,,0.0,0.0,0.0,0.0,0
201.46,-3.0368,1.2209,117.066,-0.0004,-0.0001,117.066,,,,,,,,,,,,0.0,0.0,0.0,0.0,0
201.48,-3.0368,1.2209,117.066,-0.0004,-0.0001,117.066,,,,,,,,,,,,0.0,0.0,0.0,0.0,0
201.5,-3.0368,1.2209,117.066,-0.0004,-0.0001,117.066,,,,,,,,,,,,0.0,0.0,0.0,0.0,0
201.52,-3.0368,1.2209,117.066,-0.0004,-0.0001,117.066,,,,,,,,,,,,0.0,0.0,0.0,0.0,0
201.54,-3.0368,1.2209,117.066,-0.0004,-0.0001,117.066,,,,,,,,,,,,0.0,0.0,0.0,0.0,0
201.56,-3.0359,1.206,117.0366,-0.0004,-0.0001,117.0366,,,,,,,,,,,,0.0,0.0,0.0,0.0,0
201.58,-3.0359,1.206,117.0366,-0.0004,-0.0001,117.0366,,,,,,,,,,,,0.0,0.0,0.0,0.0,0
201.6,-3.0359,1.206,117.0366,-0.0004,-0.0001,117.0366,,,,,,,,,,,,0.0,0.0,0.0,0.0,0
201.62,-3.0359,1.206,117.0366,-0.0004,-0.0001,117.0366,,,,,,,,,,,,0.0,0.0,0.0,0.0,0
201.64,-3.0359,1.206,117.0366,-0.0004,-0.0001,117.0366,,,,,,,,,,,,0.0,0.0,0.0,0.0,0
201.66,-3.0414,1.2022,117.2281,-0.0004,-0.0001,117.2281,,,,,,,,,,,,0.0,0.0,0.0,0.0,0
201.68,-3.0414,1.2022,117.2281,-0.0004,-0.0001,117.2281,,,,,,,,,,,,0.0,0.0,0.0,0.0,0
201.7,-3.0414,1.2022,117.2281,-0.0004,-0.0001,117.2281,,,,,,,,,,,,0.0,0.0,0.0,0.0,0
201.72,-3.0414,1.2022,117.2281,-0.0004,-0.0001,117.2281,,,,,,,,,,,,0.0,0.0,0.0,0.0,0
201.74,-3.0414,1.2022,117.2281,-0.0004,-0.0001,117.2281,,,,,,,,,,,,0.0,0.0,0.0,0.0,0
201.76,-3.0377,1.1883,117.1728,-0.0004,-0.0001,117.1728,,,,,,,,,,,,0.0,0.0,0.0,0.0,0
201.78,-3.0377,1.1883,117.1728,-0.0004,-0.0001,117.1728,,,,,,,,,,,,0.0,0.0,0.0,0.0,0
201.8,-3.0377,1.1883,117.1728,-0.0004,-0.0001,117.1728,,,,,,,,,,,,0.0,0.0,0.0,0.0,0
201.82,-3.0377,1.1883,117.1728,-0.0004,-0.0001,117.1728,,,,,,,,,,,,0.0,0.0,0.0,0.0,0
201.84,-3.0377,1.1883,117.1728,-0.0004,-0.0001,117.1728,,,,,,,,,,,,0.0,0.0,0.0,0.0,0
201.86,-3.04,1.1894,117.3784,-0.0004,-0.0001,117.3784,,,,,,,,,,,,0.0,0.0,0.0,0.0,0
201.88,-3.04,1.1894,117.3784,-0.0004,-0.0001,117.3784,,,,,,,,,,,,0.0,0.0,0.0,0.0,0
201.9,-3.04,1.1894,117.3784,-0.0004,-0.0001,117.3784,,,,,,,,,,,,0.0,0.0,0.0,0.0,0
201.92,-3.04,1.1894,117.3784,-0.0004,-0.0001,117.3784,,,,,,,,,,,,0.0,0.0,0.0,0.0,0
201.94,-3.04,1.1894,117.3784,-0.0004,-0.0001,117.3784,,,,,,,,,,,,0.0,0.0,0.0,0.0,0
201.96,-3.0323,1.1758,117.3092,-0.0004,-0.0001,117.3092,,,,,,,,,,,,0.0,0.0,0.0,0.0,0
201.98,-3.0323,1.1758,117.3092,-0.0004,-0.0001,117.3092,,,,,,,,,,,,0.0,0.0,0.0,0.0,0
202.0,-3.0323,1.1758,117.3092,-0.0004,-0.0001,117.3092,,,,,,,,,,,,0.0,0.0,0.0,0.0,0
202.02,-3.0323,1.1758,117.3092,-0.0004,-0.0001,117.3092,,,,,,,,,,,,0.0,0.0,0.0,0.0,0
202.04,-3.0323,1.1758,117.3092,-0.0004,-0.0001,117.3092,,,,,,,,,,,,0.0,0.0,0.0,0.0,0
202.06,-3.0373,1.1836,117.514,-0.0004,-0.0001,117.514,,,,,,,,,,,,0.0,0.0,0.0,0.0,0
202.08,-3.0373,1.1836,117.514,-0.0004,-0.0001,117.514,,,,,,,,,,,,0.0,0.0,0.0,0.0,0
202.1,-3.0373,1.1836,117.514,-0.0004,-0.0001,117.514,,,,,,,,,,,,0.0,0.0,0.0,0.0,0
202.12,-3.0373,1.1836,117.514,-0.0004,-0.0001,117.514,,,,,,,,,,,,0.0,0.0,0.0,0.0,0
202.14,-3.0373,1.1836,117.514,-0.0004,-0.0001,117.514,,,,,,,,,,,,0.0,0.0,0.0,0.0,0
202.16,-3.0344,1.1744,117.449,-0.0004,-0.0001,117.449,,,,,,,,,,,,0.0,0.0,0.0,0.0,0
202.18,-3.0344,1.1744,117.449,-0.0004,-0.0001,117.449,,,,,,,,,,,,0.0,0.0,0.0,0.0,0
202.2,-3.0344,1.1744,117.449,-0.0004,-0.0001,117.449,,,,,,,,,,,,0.0,0.0,0.0,0.0,0
202.22,-3.0344,1.1744,117.449,-0.0004,-0.0001,117.449,,,,,,,,,,,,0.0,0.0,0.0,0.0,0
202.24,-3.0344,1.1744,117.449,-0.0004,-0.0001,117.449,,,,,,,,,,,,0.0,0.0,0.0,0.0,0
202.26,-3.0421,1.1819,117.645,-0.0004,-0.0001,117.645,,,,,,,,,,,,0.0,0.0,0.0,0.0,0
202.28,-3.0421,1.1819,117.645,-0.0004,-0.0001,117.645,,,,,,,,,,,,0.0,0.0,0.0,0.0,0
202.3,-3.0421,1.1819,117.645,-0.0004,-0.0001,117.645,,,,,,,,,,,,0.0,0.0,0.0,0.0,0
202.32,-3.0421,1.1819,117.645,-0.0004,-0.0001,117.645,,,,,,,,,,,,0.0,0.0,0.0,0.0,0
202.34,-3.0421,1.1819,117.645,-0.0004,-0.0001,117.645,,,,,,,,,,,,0.0,0.0,0.0,0.0,0
202.36,-3.0399,1.1727,117.5832,-0.0004,-0.0001,117.5832,,,,,,,,,,,,0.0,0.0,0.0,0.0,0
202.38,-3.0399,1.1727,117.5832,-0.0004,-0.0001,117.5832,,,,,,,,,,,,0.0,0.0,0.0,0.0,0
202.4,-3.0399,1.1727,117.5832,-0.0004,-0.0001,117.5832,,,,,,,,,,,,0.0,0.0,0.0,0.0,0
202.42,-3.0399,1.1727,117.5832,-0.0004,-0.0001,117.5832,,,,,,,,,,,,0.0,0.0,0.0,0.0,0
202.44,-3.0399,1.1727,117.5832,-0.0004,-0.0001,117.5832,,,,,,,,,,,,0.0,0.0,0.0,0.0,0
202.46,-3.05,1.1799,117.7663,-0.0004,-0.0001,117.7663,,,,,,,,,,,,0.0,0.0,0.0,0.0,0
202.48,-3.05,1.1799,117.7663,-0.0004,-0.0001,117.7663,,,,,,,,,,,,0.0,0.0,0.0,0.0,0
202.5,-3.05,1.1799,117.7663,-0.0004,-0.0001,117.7663,,,,,,,,,,,,0.0,0.0,0.0,0.0,0
202.52,-3.05,1.1799,117.7663,-0.0004,-0.0001,117.7663,,,,,,,,,,,,0.0,0.0,0.0,0.0,0
202.54,-3.05,1.1799,117.7663,-0.0004,-0.0001,117.7663,,,,,,,,,,,,0.0,0.0,0.0,0.0,0
202.56,-3.0476,1.1725,117.7125,-0.0004,-0.0001,117.7125,,,,,,,,,,,,0.0,0.0,0.0,0.0,0
202.58,-3.0476,1.1725,117.7125,-0.0004,-0.0001,117.7125,,,,,,,,,,,,0.0,0.0,0.0,0.0,0
202.6,-3.0476,1.1725,117.7125,-0.0004,-0.0001,117.7125,,,,,,,,,,,,0.0,0.0,0.0,0.0,0
202.62,-3.0476,1.1725,117.7125,-0.0004,-0.0001,117.7125,,,,,,,,,,,,0.0,0.0,0.0,0.0,0
202.64,-3.0476,1.1725,117.7125,-0.0004,-0.0001,117.7125,,,,,,,,,,,,0.0,0.0,0.0,0.0,0
202.66,-3.0569,1.1763,117.8753,-0.0004,-0.0001,117.8753,,,,,,,,,,,,0.0,0.0,0.0,0.0,0
202.68,-3.0569,1.1763,117.8753,-0.0004,-0.0001,117.8753,,,,,,,,,,,,0.0,0.0,0.0,0.0,0
202.7,-3.0569,1.1763,117.8753,-0.0004,-0.0001,117.8753,,,,,,,,,,,,0.0,0.0,0.0,0.0,0
202.72,-3.0569,1.1763,117.8753,-0.0004,-0.0001,117.8753,,,,,,,,,,,,0.0,0.0,0.0,0.0,0
202.74,-3.0569,1.1763,117.8753,-0.0004,-0.0001,117.8753,,,,,,,,,,,,0.0,0.0,0.0,0.0,0
202.76,-3.0614,1.1736,117.8398,-0.0004,-0.0001,117.8398,,,,,,,,,,,,0.0,0.0,0.0,0.0,0
202.78,-3.0614,1.1736,117.8398,-0.0004,-0.0001,117.8398,,,,,,,,,,,,0.0,0.0,0.0,0.0,0
202.8,-3.0614,1.1736,117.8398,-0.0004,-0.0001,117.8398,,,,,,,,,,,,0.0,0.0,0.0,0.0,0
202.82,-3.0614,1.1736,117.8398,-0.0004,-0.0001,117.8398,,,,,,,,,,,,0.0,0.0,0.0,0.0,0
202.84,-3.0614,1.1736,117.8398,-0.0004,-0.0001,117.8398,,,,,,,,,,,,0.0,0.0,0.0,0.0,0
202.86,-3.0669,1.1774,117.9875,-0.0004,-0.0001,117.9875,,,,,,,,,,,,0.0,0.0,0.0,0.0,0
202.88,-3.0669,1.1774,117.9875,-0.0004,-0.0001,117.9875,,,,,,,,,,,,0.0,0.0,0.0,0.0,0
202.9,-3.0669,1.1774,117.9875,-0.0004,-0.0001,117.9875,,,,,,,,,,,,0.0,0.0,0.0,0.0,0
202.92,-3.0669,1.1774,117.9875,-0.0004,-0.0001,117.9875,,,,,,,,,,,,0.0,0.0,0.0,0.0,0
202.94,-3.0669,1.1774,117.9875,-0.0004,-0.0001,117.9875,,,,,,,,,,,,0.0,0.0,0.0,0.0,0
202.96,-3.0665,1.1723,117.9709,-0.0004,-0.0001,117.9709,,,,,,,,,,,,0.0,0.0,0.0,0.0,0
202.98,-3.0665,1.1723,117.9709,-0.0004,-0.0001,117.9709,,,,,,,,,,,,0.0,0.0,0.0,0.0,0
203.0,-3.0665,1.1723,117.9709,-0.0004,-0.0001,117.9709,,,,,,,,,,,,0.0,0.0,0.0,0.0,0
203.02,-3.0665,1.1723,117.9709,-0.0004,-0.0001,117.9709,,,,,,,,,,,,0.0,0.0,0.0,0.0,0
203.04,-3.0665,1.1723,117.9709,-0.0004,-0.0001,117.9709,,,,,,,,,,,,0.0,0.0,0.0,0.0,0
203.06,-3.0744,1.1744,118.0955,-0.0004,-0.0001,118.0955,,,,,,,,,,,,0.0,0.0,0.0,0.0,0
203.08,-3.0744,1.1744,118.0955,-0.0004,-0.0001,118.0955,,,,,,,,,,,,0.0,0.0,0.0,0.0,0
203.1,-3.0744,1.1744,118.0955,-0.0004,-0.0001,118.0955,,,,,,,,,,,,0.0,0.0,0.0,0.0,0
203.12,-3.0744,1.1744,118.0955,-0.0004,-0.0001,118.0955,,,,,,,,,,,,0.0,0.0,0.0,0.0,0
203.14,-3.0744,1.1744,118.0955,-0.0004,-0.0001,118.0955,,,,,,,,,,,,0.0,0.0,0.0,0.0,0
203.16,-3.0763,1.1688,118.0957,-0.0004,-0.0001,118.0957,,,,,,,,,,,,0.0,0.0,0.0,0.0,0
203.18,-3.0763,1.1688,118.0957,-0.0004,-0.0001,118.0957,,,,,,,,,,,,0.0,0.0,0.0,0.0,0
203.2,-3.0763,1.1688,118.0957,-0.0004,-0.0001,118.0957,,,,,,,,,,,,0.0,0.0,0.0,0.0,0
203.22,-3.0763,1.1688,118.0957,-0.0004,-0.0001,118.0957,,,,,,,,,,,,0.0,0.0,0.0,0.0,0
203.24,-3.0763,1.1688,118.0957,-0.0004,-0.0001,118.0957,,,,,,,,,,,,0.0,0.0,0.0,0.0,0
203.26,-3.0796,1.1676,118.2012,-0.0004,-0.0001,118.2012,,,,,,,,,,,,0.0,0.0,0.0,0.0,0
203.28,-3.0796,1.1676,118.2012,-0.0004,-0.0001,118.2012,,,,,,,,,,,,0.0,0.0,0.0,0.0,0
203.3,-3.0796,1.1676,118.2012,-0.0004,-0.0001,118.2012,,,,,,,,,,,,0.0,0.0,0.0,0.0,0
203.32,-3.0796,1.1676,118.2012,-0.0004,-0.0001,118.2012,,,,,,,,,,,,0.0,0.0,0.0,0.0,0
203.34,-3.0796,1.1676,118.2012,-0.0004,-0.0001,118.2012,,,,,,,,,,,,0.0,0.0,0.0,0.0,0
203.36,-3.0836,1.1674,118.2133,-0.0004,-0.0001,118.2133,,,,,,,,,,,,0.0,0.0,0.0,0.0,0
203.38,-3.0836,1.1674,118.2133,-0.0004,-0.0001,118.2133,,,,,,,,,,,,0.0,0.0,0.0,0.0,0
203.4,-3.0836,1.1674,118.2133,-0.0004,-0.0001,118.2133,,,,,,,,,,,,0.0,0.0,0.0,0.0,0
203.42,-3.0836,1.1674,118.2133,-0.0004,-0.0001,118.2133,,,,,,,,,,,,0.0,0.0,0.0,0.0,0
203.44,-3.0836,1.1674,118.2133,-0.0004,-0.0001,118.2133,,,,,,,,,,,,0.0,0.0,0.0,0.0,0
203.46,-3.0874,1.1667,118.2988,-0.0004,-0.0001,118.2988,,,,,,,,,,,,0.0,0.0,0.0,0.0,0
203.48,-3.0874,1.1667,118.2988,-0.0004,-0.0001,118.2988,,,,,,,,,,,,0.0,0.0,0.0,0.0,0
203.5,-3.0874,1.1667,118.2988,-0.0004,-0.0001,118.2988,,,,,,,,,,,,0.0,0.0,0.0,0.0,0
203.52,-3.0874,1.1667,118.2988,-0.0004,-0.0001,118.2988,,,,,,,,,,,,0.0,0.0,0.0,0.0,0
203.54,-3.0874,1.1667,118.2988,-0.0004,-0.0001,118.2988,,,,,,,,,,,,0.0,0.0,0.0,0.0,0
203.56,-3.0902,1.1641,118.3242,-0.0004,-0.0001,118.3242,,,,,,,,,,,,0.0,0.0,0.0,0.0,0
203.58,-3.0902,1.1641,118.3242,-0.0004,-0.0001,118.3242,,,,,,,,,,,,0.0,0.0,0.0,0.0,0
203.6,-3.0902,1.1641,118.3242,-0.0004,-0.0001,118.3242,,,,,,,,,,,,0.0,0.0,0.0,0.0,0
203.62,-3.0902,1.1641,118.3242,-0.0004,-0.0001,118.3242,,,,,,,,,,,,0.0,0.0,0.0,0.0,0
203.64,-3.0902,1.1641,118.3242,-0.0004,-0.0001,118.3242,,,,,,,,,,,,0.0,0.0,0.0,0.0,0
203.66,-3.0946,1.1663,118.3924,-0.0004,-0.0001,118.3925,,,,,,,,,,,,0.0,0.0,0.0,0.0,0
203.68,-3.0946,1.1663,118.3924,-0.0004,-0.0001,118.3925,,,,,,,,,,,,0.0,0.0,0.0,0.0,0
203.7,-3.0946,1.1663,118.3924,-0.0004,-0.0001,118.3925,,,,,,,,,,,,0.0,0.0,0.0,0.0,0
203.72,-3.0946,1.1663,118.3924,-0.0004,-0.0001,118.3925,,,,,,,,,,,,0.0,0.0,0.0,0.0,0
203.74,-3.0946,1.1663,118.3924,-0.0004,-0.0001,118.3925,,,,,,,,,,,,0.0,0.0,0.0,0.0,0
203.76,-3.0921,1.1705,118.431,-0.0004,-0.0001,118.431,,,,,,,,,,,,0.0,0.0,0.0,0.0,0
203.78,-3.0921,1.1705,118.431,-0.0004,-0.0001,118.431,,,,,,,,,,,,0.0,0.0,0.0,0.0,0
203.8,-3.0921,1.1705,118.431,-0.0004,-0.0001,118.431,,,,,,,,,,,,0.0,0.0,0.0,0.0,0
203.82,-3.0921,1.1705,118.431,-0.0004,-0.0001,118.431,,,,,,,,,,,,0.0,0.0,0.0,0.0,0
203.84,-3.0921,1.1705,118.431,-0.0004,-0.0001,118.431,,,,,,,,,,,,0.0,0.0,0.0,0.0,0
203.86,-3.0894,1.1772,118.4898,-0.0004,-0.0001,118.4898,,,,,,,,,,,,0.0,0.0,0.0,0.0,0
203.88,-3.0894,1.1772,118.4898,-0.0004,-0.0001,118.4898,,,,,,,,,,,,0.0,0.0,0.0,0.0,0
203.9,-3.0894,1.1772,118.4898,-0.0004,-0.0001,118.4898,,,,,,,,,,,,0.0,0.0,0.0,0.0,0
203.92,-3.0894,1.1772,118.4898,-0.0004,-0.0001,118.4898,,,,,,,,,,,,0.0,0.0,0.0,0.0,0
203.94,-3.0894,1.1772,118.4898,-0.0004,-0.0001,118.4898,,,,,,,,,,,,0.0,0.0,0.0,0.0,0
203.96,-3.0913,1.1856,118.5433,-0.0004,-0.0001,118.5433,,,,,,,,,,,,0.0,0.0,0.0,0.0,0
203.98,-3.0913,1.1856,118.5433,-0.0004,-0.0001,118.5433,,,,,,,,,,,,0.0,0.0,0.0,0.0,0
204.0,-3.0913,1.1856,118.5433,-0.0004,-0.0001,118.5433,,,,,,,,,,,,0.0,0.0,0.0,0.0,0
204.02,-3.0913,1.1856,118.5433,-0.0004,-0.0001,118.5433,,,,,,,,,,,,0.0,0.0,0.0,0.0,0
204.04,-3.0913,1.1856,118.5433,-0.0004,-0.0001,118.5433,,,,,,,,,,,,0.0,0.0,0.0,0.0,0
204.06,-3.0901,1.1929,118.5874,-0.0004,-0.0001,118.5874,,,,,,,,,,,,0.0,0.0,0.0,0.0,0
204.08,-3.0901,1.1929,118.5874,-0.0004,-0.0001,118.5874,,,,,,,,,,,,0.0,0.0,0.0,0.0,0
204.1,-3.0901,1.1929,118.5874,-0.0004,-0.0001,118.5874,,,,,,,,,,,,0.0,0.0,0.0,0.0,0
204.12,-3.0901,1.1929,118.5874,-0.0004,-0.0001,118.5874,,,,,,,,,,,,0.0,0.0,0.0,0.0,0
204.14,-3.0901,1.1929,118.5874,-0.0004,-0.0001,118.5874,,,,,,,,,,,,0.0,0.0,0.0,0.0,0
204.16,-3.0937,1.2019,118.6477,-0.0004,-0.0001,118.6477,,,,,,,,,,,,0.0,0.0,0.0,0.0,0
204.18,-3.0937,1.2019,118.6477,-0.0004,-0.0001,118.6477,,,,,,,,,,,,0.0,0.0,0.0,0.0,0
204.2,-3.0937,1.2019,118.6477,-0.0004,-0.0001,118.6477,,,,,,,,,,,,0.0,0.0,0.0,0.0,0
204.22,-3.0937,1.2019,118.6477,-0.0004,-0.0001,118.6477,,,,,,,,,,,,0.0,0.0,0.0,0.0,0
204.24,-3.0937,1.2019,118.6477,-0.0004,-0.0001,118.6477,,,,,,,,,,,,0.0,0.0,0.0,0.0,0
204.26,-3.093,1.2079,118.6865,-0.0004,-0.0001,118.6866,,,,,,,,,,,,0.0,0.0,0.0,0.0,0
204.28,-3.093,1.2079,118.6865,-0.0004,-0.0001,118.6866,,,,,,,,,,,,0.0,0.0,0.0,0.0,0
204.3,-3.093,1.2079,118.6865,-0.0004,-0.0001,118.6866,,,,,,,,,,,,0.0,0.0,0.0,0.0,0
204.32,-3.093,1.2079,118.6865,-0.0004,-0.0001,118.6866,,,,,,,,,,,,0.0,0.0,0.0,0.0,0
204.34,-3.093,1.2079,118.6865,-0.0004,-0.0001,118.6866,,,,,,,,,,,,0.0,0.0,0.0,0.0,0
204.36,-3.0986,1.2172,118.7567,-0.0004,-0.0001,118.7566,,,,,,,,,,,,0.0,0.0,0.0,0.0,0
204.38,-3.0986,1.2172,118.7567,-0.0004,-0.0001,118.7566,,,,,,,,,,,,0.0,0.0,0.0,0.0,0
204.4,-3.0986,1.2172,118.7567,-0.0004,-0.0001,118.7566,,,,,,,,,,,,0.0,0.0,0.0,0.0,0
204.42,-3.0986,1.2172,118.7567,-0.0004,-0.0001,118.7566,,,,,,,,,,,,0.0,0.0,0.0,0.0,0
204.44,-3.0986,1.2172,118.7567,-0.0004,-0.0001,118.7566,,,,,,,,,,,,0.0,0.0,0.0,0.0,0
204.46,-3.1024,1.22,118.7859,-0.0004,-0.0001,118.7859,,,,,,,,,,,,0.0,0.0,0.0,0.0,0
204.48,-3.1024,1.22,118.7859,-0.0004,-0.0001,118.7859,,,,,,,,,,,,0.0,0.0,0.0,0.0,0
204.5,-3.1024,1.22,118.7859,-0.0004,-0.0001,118.7859,,,,,,,,,,,,0.0,0.0,0.0,0.0,0
204.52,-3.1024,1.22,118.7859,-0.0004,-0.0001,118.7859,,,,,,,,,,,,0.0,0.0,0.0,0.0,0
204.54,-3.1024,1.22,118.7859,-0.0004,-0.0001,118.7859,,,,,,,,,,,,0.0,0.0,0.0,0.0,0
204.56,-3.1038,1.2286,118.8594,-0.0004,-0.0001,118.8594,,,,,,,,,,,,0.0,0.0,0.0,0.0,0
204.58,-3.1038,1.2286,118.8594,-0.0004,-0.0001,118.8594,,,,,,,,,,,,0.0,0.0,0.0,0.0,0
204.6,-3.1038,1.2286,118.8594,-0.0004,-0.0001,118.8594,,,,,,,,,,,,0.0,0.0,0.0,0.0,0
204.62,-3.1038,1.2286,118.8594,-0.0004,-0.0001,118.8594,,,,,,,,,,,,0.0,0.0,0.0,0.0,0
204.64,-3.1038,1.2286,118.8594,-0.0004,-0.0001,118.8594,,,,,,,,,,,,0.0,0.0,0.0,0.0,0
204.66,-3.1031,1.2336,118.8807,-0.0004,-0.0001,118.8807,,,,,,,,,,,,0.0,0.0,0.0,0.0,0
204.68,-3.1031,1.2336,118.8807,-0.0004,-0.0001,118.8807,,,,,,,,,,,,0.0,0.0,0.0,0.0,0
204.7,-3.1031,1.2336,118.8807,-0.0004,-0.0001,118.8807,,,,,,,,,,,,0.0,0.0,0.0,0.0,0
204.72,-3.1031,1.2336,118.8807,-0.0004,-0.0001,118.8807,,,,,,,,,,,,0.0,0.0,0.0,0.0,0
204.74,-3.1031,1.2336,118.8807,-0.0004,-0.0001,118.8807,,,,,,,,,,,,0.0,0.0,0.0,0.0,0
204.76,-3.1074,1.2364,118.9552,-0.0004,-0.0001,118.9552,,,,,,,,,,,,0.0,0.0,0.0,0.0,0
204.78,-3.1074,1.2364,118.9552,-0.0004,-0.0001,118.9552,,,,,,,,,,,,0.0,0.0,0.0,0.0,0
204.8,-3.1074,1.2364,118.9552,-0.0004,-0.0001,118.9552,,,,,,,,,,,,0.0,0.0,0.0,0.0,0
204.82,-3.1074,1.2364,118.9552,-0.0004,-0.0001,118.9552,,,,,,,,,,,,0.0,0.0,0.0,0.0,0
204.84,-3.1074,1.2364,118.9552,-0.0004,-0.0001,118.9552,,,,,,,,,,,,0.0,0.0,0.0,0.0,0
204.86,-3.1091,1.2377,118.9764,-0.0004,-0.0001,118.9764,,,,,,,,,,,,0.0,0.0,0.0,0.0,0
204.88,-3.1091,1.2377,118.9764,-0.0004,-0.0001,118.9764,,,,,,,,,,,,0.0,0.0,0.0,0.0,0
204.9,-3.1091,1.2377,118.9764,-0.0004,-0.0001,118.9764,,,,,,,,,,,,0.0,0.0,0.0,0.0,0
204.92,-3.1091,1.2377,118.9764,-0.0004,-0.0001,118.9764,,,,,,,,,,,,0.0,0.0,0.0,0.0,0
204.94,-3.1091,1.2377,118.9764,-0.0004,-0.0001,118.9764,,,,,,,,,,,,0.0,0.0,0.0,0.0,0
204.96,-3.1144,1.2472,119.0529,-0.0004,-0.0001,119.0529,,,,,,,,,,,,0.0,0.0,0.0,0.0,0
204.98,-3.1144,1.2472,119.0529,-0.0004,-0.0001,119.0529,,,,,,,,,,,,0.0,0.0,0.0,0.0,0
205.0,-3.1144,1.2472,119.0529,-0.0004,-0.0001,119.0529,,,,,,,,,,,,0.0,0.0,0.0,0.0,0
205.02,-3.1144,1.2472,119.0529,-0.0004,-0.0001,119.0529,,,,,,,,,,,,0.0,0.0,0.0,0.0,0
205.04,-3.1144,1.2472,119.0529,-0.0004,-0.0001,119.0529,,,,,,,,,,,,0.0,0.0,0.0,0.0,0
205.06,-3.1163,1.2528,119.0704,-0.0004,-0.0001,119.0704,,,,,,,,,,,,0.0,0.0,0.0,0.0,0
205.08,-3.1163,1.2528,119.0704,-0.0004,-0.0001,119.0704,,,,,,,,,,,,0.0,0.0,0.0,0.0,0
205.1,-3.1163,1.2528,119.0704,-0.0004,-0.0001,119.0704,,,,,,,,,,,,0.0,0.0,0.0,0.0,0
205.12,-3.1163,1.2528,119.0704,-0.0004,-0.0001,119.0704,,,,,,,,,,,,0.0,0.0,0.0,0.0,0
205.14,-3.1163,1.2528,119.0704,-0.0004,-0.0001,119.0704,,,,,,,,,,,,0.0,0.0,0.0,0.0,0
205.16,-3.1147,1.2602,119.1445,-0.0004,-0.0001,119.1446,,,,,,,,,,,,0.0,0.0,0.0,0.0,0
205.18,-3.1147,1.2602,119.1445,-0.0004,-0.0001,119.1446,,,,,,,,,,,,0.0,0.0,0.0,0.0,0
205.2,-3.1147,1.2602,119.1445,-0.0004,-0.0001,119.1446,,,,,,,,,,,,0.0,0.0,0.0,0.0,0
205.22,-3.1147,1.2602,119.1445,-0.0004,-0.0001,119.1446,,,,,,,,,,,,0.0,0.0,0.0,0.0,0
205.24,-3.1147,1.2602,119.1445,-0.0004,-0.0001,119.1446,,,,,,,,,,,,0.0,0.0,0.0,0.0,0
205.26,-3.1122,1.2656,119.1592,-0.0004,-0.0001,119.1592,,,,,,,,,,,,0.0,0.0,0.0,0.0,0
205.28,-3.1122,1.2656,119.1592,-0.0004,-0.0001,119.1592,,,,,,,,,,,,0.0,0.0,0.0,0.0,0
205.3,-3.1122,1.2656,119.1592,-0.0004,-0.0001,119.1592,,,,,,,,,,,,0.0,0.0,0.0,0.0,0
205.32,-3.1122,1.2656,119.1592,-0.0004,-0.0001,119.1592,,,,,,,,,,,,0.0,0.0,0.0,0.0,0
205.34,-3.1122,1.2656,119.1592,-0.0004,-0.0001,119.1592,,,,,,,,,,,,0.0,0.0,0.0,0.0,0
205.36,-3.1137,1.2716,119.2257,-0.0004,-0.0001,119.2257,,,,,,,,,,,,0.0,0.0,0.0,0.0,0
205.38,-3.1137,1.2716,119.2257,-0.0004,-0.0001,119.2257,,,,,,,,,,,,0.0,0.0,0.0,0.0,0
205.4,-3.1137,1.2716,119.2257,-0.0004,-0.0001,119.2257,,,,,,,,,,,,0.0,0.0,0.0,0.0,0
205.42,-3.1137,1.2716,119.2257,-0.0004,-0.0001,119.2257,,,,,,,,,,,,0.0,0.0,0.0,0.0,0
205.44,-3.1137,1.2716,119.2257,-0.0004,-0.0001,119.2257,,,,,,,,,,,,0.0,0.0,0.0,0.0,0
205.46,-3.1142,1.2748,119.239,-0.0004,-0.0001,119.239,,,,,,,,,,,,0.0,0.0,0.0,0.0,0
205.48,-3.1142,1.2748,119.239,-0.0004,-0.0001,119.239,,,,,,,,,,,,0.0,0.0,0.0,0.0,0
205.5,-3.1142,1.2748,119.239,-0.0004,-0.0001,119.239,,,,,,,,,,,,0.0,0.0,0.0,0.0,0
205.52,-3.1142,1.2748,119.239,-0.0004,-0.0001,119.239,,,,,,,,,,,,0.0,0.0,0.0,0.0,0
205.54,-3.1142,1.2748,119.239,-0.0004,-0.0001,119.239,,,,,,,,,,,,0.0,0.0,0.0,0.0,0
205.56,-3.1123,1.2819,119.3069,-0.0004,-0.0001,119.3069,,,,,,,,,,,,0.0,0.0,0.0,0.0,0
205.58,-3.1123,1.2819,119.3069,-0.0004,-0.0001,119.3069,,,,,,,,,,,,0.0,0.0,0.0,0.0,0
205.6,-3.1123,1.2819,119.3069,-0.0004,-0.0001,119.3069,,,,,,,,,,,,0.0,0.0,0.0,0.0,0
205.62,-3.1123,1.2819,119.3069,-0.0004,-0.0001,119.3069,,,,,,,,,,,,0.0,0.0,0.0,0.0,0
205.64,-3.1123,1.2819,119.3069,-0.0004,-0.0001,119.3069,,,,,,,,,,,,0.0,0.0,0.0,0.0,0
205.66,-3.1114,1.285,119.3206,-0.0004,-0.0001,119.3206,,,,,,,,,,,,0.0,0.0,0.0,0.0,0
205.68,-3.1114,1.285,119.3206,-0.0004,-0.0001,119.3206,,,,,,,,,,,,0.029,0.029,0.029,0.029,0
205.7,-3.1114,1.285,119.3206,-0.0004,-0.0001,119.3206,,,,,,,,,,,,0.029,0.029,0.029,0.029,0
205.72,-3.1114,1.285,119.3206,-0.0004,-0.0001,119.3206,,,,,,,,,,,,0.029,0.029,0.029,0.029,0
205.74,-3.1114,1.285,119.3206,-0.0004,-0.0001,119.3206,,,,,,,,,,,,0.029,0.029,0.029,0.029,0
205.76,-3.1097,1.2956,119.3797,-0.0004,-0.0001,119.3797,,,,,,,,,,,,0.029,0.029,0.029,0.029,0
205.78,-3.1097,1.2956,119.3797,-0.0004,-0.0001,119.3797,,,,,,,,,,,,0.059,0.059,0.059,0.059,0
205.8,-3.1097,1.2956,119.3797,-0.0004,-0.0001,119.3797,,,,,,,,,,,,0.059,0.059,0.059,0.059,0
205.82,-3.1097,1.2956,119.3797,-0.0004,-0.0001,119.3797,,,,,,,,,,,,0.059,0.059,0.059,0.059,0
205.84,-3.1097,1.2956,119.3797,-0.0004,-0.0001,119.3797,,,,,,,,,,,,0.059,0.059,0.059,0.059,0
205.86,-3.1085,1.3001,119.4178,-0.0004,-0.0001,119.4178,,,,,,,,,,,,0.059,0.059,0.059,0.059,0
205.88,-3.1085,1.3001,119.4178,-0.0004,-0.0001,119.4178,,,,,,,,,,,,0.089,0.089,0.089,0.089,0
205.9,-3.1085,1.3001,119.4178,-0.0004,-0.0001,119.4178,,,,,,,,,,,,0.089,0.089,0.089,0.089,0
205.92,-3.1085,1.3001,119.4178,-0.0004,-0.0001,119.4178,,,,,,,,,,,,0.089,0.089,0.089,0.089,0
205.94,-3.1085,1.3001,119.4178,-0.0004,-0.0001,119.4178,,,,,,,,,,,,0.089,0.089,0.089,0.089,0
205.96,-3.1097,1.3137,119.5461,-0.0004,-0.0001,119.5461,,,,,,,,,,,,0.089,0.089,0.089,0.089,0
205.98,-3.1097,1.3137,119.5461,-0.0004,-0.0001,119.5461,,,,,,,,,,,,0.1,0.1,0.1,0.1,0
206.0,-3.1097,1.3137,119.5461,-0.0004,-0.0001,119.5461,,,,,,,,,,,,0.1,0.1,0.1,0.1,0
206.02,-3.1097,1.3137,119.5461,-0.0004,-0.0001,119.5461,,,,,,,,,,,,0.1,0.1,0.1,0.1,0
206.04,-3.1097,1.3137,119.5461,-0.0004,-0.0001,119.5461,,,,,,,,,,,,0.1,0.1,0.1,0.1,0
206.06,-3.1047,1.3214,119.4769,-0.0004,-0.0001,119.4769,,,,,,,,,,,,0.1,0.1,0.1,0.1,0
206.08,-3.1047,1.3214,119.4769,-0.0004,-0.0001,119.4769,,,,,,,,,,,,0.1,0.1,0.1,0.1,0
206.1,-3.1047,1.3214,119.4769,-0.0004,-0.0001,119.4769,,,,,,,,,,,,0.1,0.1,0.1,0.1,0
206.12,-3.1047,1.3214,119.4769,-0.0004,-0.0001,119.4769,,,,,,,,,,,,0.1,0.1,0.1,0.1,0
206.14,-3.1047,1.3214,119.4769,-0.0004,-0.0001,119.4769,,,,,,,,,,,,0.1,0.1,0.1,0.1,0
206.16,-3.1066,1.331,119.5595,-0.0004,-0.0001,119.5595,,,,,,,,,,,,0.1,0.1,0.1,0.1,0
206.18,-3.1066,1.331,119.5595,-0.0004,-0.0001,119.5595,,,,,,,,,,,,0.1,0.1,0.1,0.1,0
206.2,-3.1066,1.331,119.5595,-0.0004,-0.0001,119.5595,,,,,,,,,,,,0.1,0.1,0.1,0.1,0
206.22,-3.1066,1.331,119.5595,-0.0004,-0.0001,119.5595,,,,,,,,,,,,0.1,0.1,0.1,0.1,0
206.24,-3.1066,1.331,119.5595,-0.0004,-0.0001,119.5595,,,,,,,,,,,,0.1,0.1,0.1,0.1,0
206.26,-3.1022,1.3277,119.5138,-0.0004,-0.0001,119.5138,,,,,,,,,,,,0.1,0.1,0.1,0.1,0
206.28,-3.1022,1.3277,119.5138,-0.0004,-0.0001,119.5138,,,,,,,,,,,,0.1,0.1,0.1,0.1,0
206.3,-3.1022,1.3277,119.5138,-0.0004,-0.0001,119.5138,,,,,,,,,,,,0.1,0.1,0.1,0.1,0
206.32,-3.1022,1.3277,119.5138,-0.0004,-0.0001,119.5138,,,,,,,,,,,,0.1,0.1,0.1,0.1,0
206.34,-3.1022,1.3277,119.5138,-0.0004,-0.0001,119.5138,,,,,,,,,,,,0.1,0.1,0.1,0.1,0
206.36,-3.095,1.333,119.5835,-0.0004,-0.0001,119.5835,,,,,,,,,,,,0.1,0.1,0.1,0.1,0
206.38,-3.095,1.333,119.5835,-0.0004,-0.0001,119.5835,,,,,,,,,,,,0.1,0.1,0.1,0.1,0
206.4,-3.095,1.333,119.5835,-0.0004,-0.0001,119.5835,,,,,,,,,,,,0.1,0.1,0.1,0.1,0
206.42,-3.095,1.333,119.5835,-0.0004,-0.0001,119.5835,,,,,,,,,,,,0.1,0.1,0.1,0.1,0
206.44,-3.095,1.333,119.5835,-0.0004,-0.0001,119.5835,,,,,,,,,,,,0.1,0.1,0.1,0.1,0
206.46,-3.08,1.3306,119.5592,-0.0004,-0.0001,119.5592,,,,,,,,,,,,0.1,0.1,0.1,0.1,0
206.48,-3.08,1.3306,119.5592,-0.0004,-0.0001,119.5592,,,,,,,,,,,,0.1,0.1,0.1,0.1,0
206.5,-3.08,1.3306,119.5592,-0.0004,-0.0001,119.5592,,,,,,,,,,,,0.1,0.1,0.1,0.1,0
206.52,-3.08,1.3306,119.5592,-0.0004,-0.0001,119.5592,,,,,,,,,,,,0.1,0.1,0.1,0.1,0
206.54,-3.08,1.3306,119.5592,-0.0004,-0.0001,119.5592,,,,,,,,,,,,0.1,0.1,0.1,0.1,0
206.56,-3.0886,1.3391,119.6083,-0.0004,-0.0001,119.6084,,,,,,,,,,,,0.1,0.1,0.1,0.1,0
206.58,-3.0886,1.3391,119.6083,-0.0004,-0.0001,119.6084,,,,,,,,,,,,0.1,0.1,0.1,0.1,0
206.6,-3.0886,1.3391,119.6083,-0.0004,-0.0001,119.6084,,,,,,,,,,,,0.1,0.1,0.1,0.1,0
206.62,-3.0886,1.3391,119.6083,-0.0004,-0.0001,119.6084,,,,,,,,,,,,0.1,0.1,0.1,0.1,0
206.64,-3.0886,1.3391,119.6083,-0.0004,-0.0001,119.6084,,,,,,,,,,,,0.1,0.1,0.1,0.1,0
206.66,-3.1049,1.3509,119.6121,-0.0004,-0.0001,119.6121,,,,,,,,,,,,0.1,0.1,0.1,0.1,0
206.68,-3.1049,1.3509,119.6121,-0.0004,-0.0001,119.6121,,,,,,,,,,,,0.1,0.1,0.1,0.1,0
206.7,-3.1049,1.3509,119.6121,-0.0004,-0.0001,119.6121,,,,,,,,,,,,0.1,0.1,0.1,0.1,0
206.72,-3.1049,1.3509,119.6121,-0.0004,-0.0001,119.6121,,,,,,,,,,,,0.1,0.1,0.1,0.1,0
206.74,-3.1049,1.3509,119.6121,-0.0004,-0.0001,119.6121,,,,,,,,,,,,0.1,0.1,0.1,0.1,0
206.76,-3.1059,1.3645,119.6373,-0.0004,-0.0001,119.6373,,,,,,,,,,,,0.1,0.1,0.1,0.1,0
206.78,-3.1059,1.3645,119.6373,-0.0004,-0.0001,119.6373,,,,,,,,,,,,0.1,0.1,0.1,0.1,0
206.8,-3.1059,1.3645,119.6373,-0.0004,-0.0001,119.6373,,,,,,,,,,,,0.1,0.1,0.1,0.1,0
206.82,-3.1059,1.3645,119.6373,-0.0004,-0.0001,119.6373,,,,,,,,,,,,0.1,0.1,0.1,0.1,0
206.84,-3.1059,1.3645,119.6373,-0.0004,-0.0001,119.6373,,,,,,,,,,,,0.1,0.1,0.1,0.1,0
206.86,-3.1029,1.3808,119.6682,-0.0004,-0.0001,119.6682,,,,,,,,,,,,0.1,0.1,0.1,0.1,0
206.88,-3.1029,1.3808,119.6682,-0.0004,-0.0001,119.6682,,,,,,,,,,,,0.1,0.1,0.1,0.1,0
206.9,-3.1029,1.3808,119.6682,-0.0004,-0.0001,119.6682,,,,,,,,,,,,0.1,0.1,0.1,0.1,0
206.92,-3.1029,1.3808,119.6682,-0.0004,-0.0001,119.6682,,,,,,,,,,,,0.1,0.1,0.1,0.1,0
206.94,-3.1029,1.3808,119.6682,-0.0004,-0.0001,119.6682,,,,,,,,,,,,0.1,0.1,0.1,0.1,0
206.96,-3.1084,1.3804,119.671,-0.0004,-0.0001,119.6711,,,,,,,,,,,,0.1,0.1,0.1,0.1,0
206.98,-3.1084,1.3804,119.671,-0.0004,-0.0001,119.6711,,,,,,,,,,,,0.1,0.1,0.1,0.1,0
207.0,-3.1084,1.3804,119.671,-0.0004,-0.0001,119.6711,,,,,,,,,,,,0.1,0.1,0.1,0.1,0
207.02,-3.1084,1.3804,119.671,-0.0004,-0.0001,119.6711,,,,,,,,,,,,0.1,0.1,0.1,0.1,0
207.04,-3.1084,1.3804,119.671,-0.0004,-0.0001,119.6711,,,,,,,,,,,,0.1,0.1,0.1,0.1,0
207.06,-3.1051,1.3948,119.72,-0.0004,-0.0001,119.72,,,,,,,,,,,,0.1,0.1,0.1,0.1,0
207.08,-3.1051,1.3948,119.72,-0.0004,-0.0001,119.72,,,,,,,,,,,,0.1,0.1,0.1,0.1,0
207.1,-3.1051,1.3948,119.72,-0.0004,-0.0001,119.72,,,,,,,,,,,,0.1,0.1,0.1,0.1,0
207.12,-3.1051,1.3948,119.72,-0.0004,-0.0001,119.72,,,,,,,,,,,,0.1,0.1,0.1,0.1,0
207.14,-3.1051,1.3948,119.72,-0.0004,-0.0001,119.72,,,,,,,,,,,,0.1,0.1,0.1,0.1,0
207.16,-3.0969,1.4008,119.7057,-0.0004,-0.0001,119.7057,,,,,,,,,,,,0.1,0.1,0.1,0.1,0
207.18,-3.0969,1.4008,119.7057,-0.0004,-0.0001,119.7057,,,,,,,,,,,,0.1,0.1,0.1,0.1,0
207.2,-3.0969,1.4008,119.7057,-0.0004,-0.0001,119.7057,,,,,,,,,,,,0.1,0.1,0.1,0.1,0
207.22,-3.0969,1.4008,119.7057,-0.0004,-0.0001,119.7057,,,,,,,,,,,,0.1,0.1,0.1,0.1,0
207.24,-3.0969,1.4008,119.7057,-0.0004,-0.0001,119.7057,,,,,,,,,,,,0.1,0.1,0.1,0.1,0
207.26,-3.0977,1.4019,119.7629,-0.0004,-0.0001,119.7629,,,,,,,,,,,,0.1,0.1,0.1,0.1,0
207.28,-3.0977,1.4019,119.7629,-0.0004,-0.0001,119.7629,,,,,,,,,,,,0.1,0.1,0.1,0.1,0
207.3,-3.0977,1.4019,119.7629,-0.0004,-0.0001,119.7629,,,,,,,,,,,,0.1,0.1,0.1,0.1,0
207.32,-3.0977,1.4019,119.7629,-0.0004,-0.0001,119.7629,,,,,,,,,,,,0.1,0.1,0.1,0.1,0
207.34,-3.0977,1.4019,119.7629,-0.0004,-0.0001,119.7629,,,,,,,,,,,,0.1,0.1,0.1,0.1,0
207.36,-3.1014,1.404,119.7485,-0.0004,-0.0001,119.7485,,,,,,,,,,,,0.1,0.1,0.1,0.1,0
207.38,-3.1014,1.404,119.7485,-0.0004,-0.0001,119.7485,,,,,,,,,,,,0.1,0.1,0.1,0.1,0
207.4,-3.1014,1.404,119.7485,-0.0004,-0.0001,119.7485,,,,,,,,,,,,0.1,0.1,0.1,0.1,0
207.42,-3.1014,1.404,119.7485,-0.0004,-0.0001,119.7485,,,,,,,,,,,,0.1,0.1,0.1,0.1,0
207.44,-3.1014,1.404,119.7485,-0.0004,-0.0001,119.7485,,,,,,,,,,,,0.1,0.1,0.1,0.1,0
207.46,-3.0998,1.4035,119.7929,-0.0004,-0.0001,119.7929,,,,,,,,,,,,0.1,0.1,0.1,0.1,0
207.48,-3.0998,1.4035,119.7929,-0.0004,-0.0001,119.7929,,,,,,,,,,,,0.1,0.1,0.1,0.1,0
207.5,-3.0998,1.4035,119.7929,-0.0004,-0.0001,119.7929,,,,,,,,,,,,0.1,0.1,0.1,0.1,0
207.52,-3.0998,1.4035,119.7929,-0.0004,-0.0001,119.7929,,,,,,,,,,,,0.1,0.1,0.1,0.1,0
207.54,-3.0998,1.4035,119.7929,-0.0004,-0.0001,119.7929,,,,,,,,,,,,0.1,0.1,0.1,0.1,0
207.56,-3.0985,1.4011,119.7906,-0.0004,-0.0001,119.7906,,,,,,,,,,,,0.1,0.1,0.1,0.1,0
207.58,-3.0985,1.4011,119.7906,-0.0004,-0.0001,119.7906,,,,,,,,,,,,0.1,0.1,0.1,0.1,0
207.6,-3.0985,1.4011,119.7906,-0.0004,-0.0001,119.7906,,,,,,,,,,,,0.1,0.1,0.1,0.1,0
207.62,-3.0985,1.4011,119.7906,-0.0004,-0.0001,119.7906,,,,,,,,,,,,0.1,0.1,0.1,0.1,0
207.64,-3.0985,1.4011,119.7906,-0.0004,-0.0001,119.7906,,,,,,,,,,,,0.1,0.1,0.1,0.1,0
207.66,-3.092,1.411,119.8447,-0.0004,-0.0001,119.8447,,,,,,,,,,,,0.1,0.1,0.1,0.1,0
207.68,-3.092,1.411,119.8447,-0.0004,-0.0001,119.8447,,,,,,,,,,,,0.1,0.1,0.1,0.1,0
207.7,-3.092,1.411,119.8447,-0.0004,-0.0001,119.8447,,,,,,,,,,,,0.1,0.1,0.1,0.1,0
207.72,-3.092,1.411,119.8447,-0.0004,-0.0001,119.8447,,,,,,,,,,,,0.1,0.1,0.1,0.1,0
207.74,-3.092,1.411,119.8447,-0.0004,-0.0001,119.8447,,,,,,,,,,,,0.1,0.1,0.1,0.1,0
207.76,-3.1001,1.4178,119.8206,-0.0004,-0.0001,119.8206,,,,,,,,,,,,0.1,0.1,0.1,0.1,0
207.78,-3.1001,1.4178,119.8206,-0.0004,-0.0001,119.8206,,,,,,,,,,,,0.1,0.1,0.1,0.1,0
207.8,-3.1001,1.4178,119.8206,-0.0004,-0.0001,119.8206,,,,,,,,,,,,0.1,0.1,0.1,0.1,0
207.82,-3.1001,1.4178,119.8206,-0.0004,-0.0001,119.8206,,,,,,,,,,,,0.1,0.1,0.1,0.1,0
207.84,-3.1001,1.4178,119.8206,-0.0004,-0.0001,119.8206,,,,,,,,,,,,0.1,0.1,0.1,0.1,0
207.86,-3.0916,1.4122,119.873,-0.0004,-0.0001,119.873,,,,,,,,,,,,0.1,0.1,0.1,0.1,0
207.88,-3.0916,1.4122,119.873,-0.0004,-0.0001,119.873,,,,,,,,,,,,0.1,0.1,0.1,0.1,0
207.9,-3.0916,1.4122,119.873,-0.0004,-0.0001,119.873,,,,,,,,,,,,0.1,0.1,0.1,0.1,0
207.92,-3.0916,1.4122,119.873,-0.0004,-0.0001,119.873,,,,,,,,,,,,0.1,0.1,0.1,0.1,0
207.94,-3.0916,1.4122,119.873,-0.0004,-0.0001,119.873,,,,,,,,,,,,0.1,0.1,0.1,0.1,0
207.96,-3.0985,1.4108,119.8707,-0.0004,-0.0001,119.8707,,,,,,,,,,,,0.1,0.1,0.1,0.1,0
207.98,-3.0985,1.4108,119.8707,-0.0004,-0.0001,119.8707,,,,,,,,,,,,0.1,0.1,0.1,0.1,0
208.0,-3.0985,1.4108,119.8707,-0.0004,-0.0001,119.8707,,,,,,,,,,,,0.1,0.1,0.1,0.1,0
208.02,-3.0985,1.4108,119.8707,-0.0004,-0.0001,119.8707,,,,,,,,,,,,0.1,0.1,0.1,0.1,0
208.04,-3.0985,1.4108,119.8707,-0.0004,-0.0001,119.8707,,,,,,,,,,,,0.1,0.1,0.1,0.1,0
208.06,-3.1016,1.4258,119.9224,-0.0004,-0.0001,119.9224,,,,,,,,,,,,0.1,0.1,0.1,0.1,0
208.08,-3.1016,1.4258,119.9224,-0.0004,-0.0001,119.9224,,,,,,,,,,,,0.1,0.1,0.1,0.1,0
208.1,-3.1016,1.4258,119.9224,-0.0004,-0.0001,119.9224,,,,,,,,,,,,0.1,0.1,0.1,0.1,0
208.12,-3.1016,1.4258,119.9224,-0.0004,-0.0001,119.9224,,,,,,,,,,,,0.1,0.1,0.1,0.1,0
208.14,-3.1016,1.4258,119.9224,-0.0004,-0.0001,119.9224,,,,,,,,,,,,0.1,0.1,0.1,0.1,0
208.16,-3.0982,1.4348,119.9056,-0.0004,-0.0001,119.9056,,,,,,,,,,,,0.1,0.1,0.1,0.1,0
208.18,-3.0982,1.4348,119.9056,-0.0004,-0.0001,119.9056,,,,,,,,,,,,0.1,0.1,0.1,0.1,0
208.2,-3.0982,1.4348,119.9056,-0.0004,-0.0001,119.9056,,,,,,,,,,,,0.1,0.1,0.1,0.1,0
208.22,-3.0982,1.4348,119.9056,-0.0004,-0.0001,119.9056,,,,,,,,,,,,0.1,0.1,0.1,0.1,0
208.24,-3.0982,1.4348,119.9056,-0.0004,-0.0001,119.9056,,,,,,,,,,,,0.1,0.1,0.1,0.1,0
208.26,-3.1022,1.4314,119.9557,-0.0004,-0.0001,119.9557,,,,,,,,,,,,0.1,0.1,0.1,0.1,0
208.28,-3.1022,1.4314,119.9557,-0.0004,-0.0001,119.9557,,,,,,,,,,,,0.1,0.1,0.1,0.1,0
208.3,-3.1022,1.4314,119.9557,-0.0004,-0.0001,119.9557,,,,,,,,,,,,0.1,0.1,0.1,0.1,0
208.32,-3.1022,1.4314,119.9557,-0.0004,-0.0001,119.9557,,,,,,,,,,,,0.1,0.1,0.1,0.1,0
208.34,-3.1022,1.4314,119.9557,-0.0004,-0.0001,119.9557,,,,,,,,,,,,0.1,0.1,0.1,0.1,0
208.36,-3.0959,1.4267,119.946,-0.0004,-0.0001,119.946,,,,,,,,,,,,0.1,0.1,0.1,0.1,0
208.38,-3.0959,1.4267,119.946,-0.0004,-0.0001,119.946,,,,,,,,,,,,0.1,0.1,0.1,0.1,0
208.4,-3.0959,1.4267,119.946,-0.0004,-0.0001,119.946,,,,,,,,,,,,0.1,0.1,0.1,0.1,0
208.42,-3.0959,1.4267,119.946,-0.0004,-0.0001,119.946,,,,,,,,,,,,0.1,0.1,0.1,0.1,0
208.44,-3.0959,1.4267,119.946,-0.0004,-0.0001,119.946,,,,,,,,,,,,0.1,0.1,0.1,0.1,0
208.46,-3.1128,1.4377,120.0086,-0.0004,-0.0001,120.0086,,,,,,,,,,,,0.1,0.1,0.1,0.1,0
208.48,-3.1128,1.4377,120.0086,-0.0004,-0.0001,120.0086,,,,,,,,,,,,0.1,0.1,0.1,0.1,0
208.5,-3.1128,1.4377,120.0086,-0.0004,-0.0001,120.0086,,,,,,,,,,,,0.1,0.1,0.1,0.1,0
208.52,-3.1128,1.4377,120.0086,-0.0004,-0.0001,120.0086,,,,,,,,,,,,0.1,0.1,0.1,0.1,0
208.54,-3.1128,1.4377,120.0086,-0.0004,-0.0001,120.0086,,,,,,,,,,,,0.1,0.1,0.1,0.1,0
208.56,-3.1066,1.4465,120.0062,-0.0004,-0.0001,120.0062,,,,,,,,,,,,0.1,0.1,0.1,0.1,0
208.58,-3.1066,1.4465,120.0062,-0.0004,-0.0001,120.0062,,,,,,,,,,,,0.1,0.1,0.1,0.1,0
208.6,-3.1066,1.4465,120.0062,-0.0004,-0.0001,120.0062,,,,,,,,,,,,0.1,0.1,0.1,0.1,0
208.62,-3.1066,1.4465,120.0062,-0.0004,-0.0001,120.0062,,,,,,,,,,,,0.1,0.1,0.1,0.1,0
208.64,-3.1066,1.4465,120.0062,-0.0004,-0.0001,120.0062,,,,,,,,,,,,0.1,0.1,0.1,0.1,0
208.66,-3.0988,1.4589,120.0557,-0.0004,-0.0001,120.0557,,,,,,,,,,,,0.1,0.1,0.1,0.1,0
208.68,-3.0988,1.4589,120.0557,-0.0004,-0.0001,120.0557,,,,,,,,,,,,0.1,0.1,0.1,0.1,0
208.7,-3.0988,1.4589,120.0557,-0.0004,-0.0001,120.0557,,,,,,,,,,,,0.1,0.1,0.1,0.1,0
208.72,-3.0988,1.4589,120.0557,-0.0004,-0.0001,120.0557,,,,,,,,,,,,0.1,0.1,0.1,0.1,0
208.74,-3.0988,1.4589,120.0557,-0.0004,-0.0001,120.0557,,,,,,,,,,,,0.1,0.1,0.1,0.1,0
208.76,-3.0982,1.4626,120.0367,-0.0004,-0.0001,120.0367,,,,,,,,,,,,0.1,0.1,0.1,0.1,0
208.78,-3.0982,1.4626,120.0367,-0.0004,-0.0001,120.0367,,,,,,,,,,,,0.1,0.1,0.1,0.1,0
208.8,-3.0982,1.4626,120.0367,-0.0004,-0.0001,120.0367,,,,,,,,,,,,0.1,0.1,0.1,0.1,0
208.82,-3.0982,1.4626,120.0367,-0.0004,-0.0001,120.0367,,,,,,,,,,,,0.1,0.1,0.1,0.1,0
208.84,-3.0982,1.4626,120.0367,-0.0004,-0.0001,120.0367,,,,,,,,,,,,0.1,0.1,0.1,0.1,0
208.86,-3.1055,1.4644,120.0824,-0.0004,-0.0001,120.0824,,,,,,,,,,,,0.1,0.1,0.1,0.1,0
208.88,-3.1055,1.4644,120.0824,-0.0004,-0.0001,120.0824,,,,,,,,,,,,0.1,0.1,0.1,0.1,0
208.9,-3.1055,1.4644,120.0824,-0.0004,-0.0001,120.0824,,,,,,,,,,,,0.1,0.1,0.1,0.1,0
208.92,-3.1055,1.4644,120.0824,-0.0004,-0.0001,120.0824,,,,,,,,,,,,0.1,0.1,0.1,0.1,0
208.94,-3.1055,1.4644,120.0824,-0.0004,-0.0001,120.0824,,,,,,,,,,,,0.1,0.1,0.1,0.1,0
208.96,-3.0965,1.4599,120.0731,-0.0004,-0.0001,120.0731,,,,,,,,,,,,0.1,0.1,0.1,0.1,0
208.98,-3.0965,1.4599,120.0731,-0.0004,-0.0001,120.0731,,,,,,,,,,,,0.1,0.1,0.1,0.1,0
209.0,-3.0965,1.4599,120.0731,-0.0004,-0.0001,120.0731,,,,,,,,,,,,0.1,0.1,0.1,0.1,0
209.02,-3.0965,1.4599,120.0731,-0.0004,-0.0001,120.0731,,,,,,,,,,,,0.1,0.1,0.1,0.1,0
209.04,-3.0965,1.4599,120.0731,-0.0004,-0.0001,120.0731,,,,,,,,,,,,0.1,0.1,0.1,0.1,0
209.06,-3.116,1.4684,120.127,-0.0004,-0.0001,120.1269,,,,,,,,,,,,0.1,0.1,0.1,0.1,0
209.08,-3.116,1.4684,120.127,-0.0004,-0.0001,120.1269,,,,,,,,,,,,0.1,0.1,0.1,0.1,0
209.1,-3.116,1.4684,120.127,-0.0004,-0.0001,120.1269,,,,,,,,,,,,0.1,0.1,0.1,0.1,0
209.12,-3.116,1.4684,120.127,-0.0004,-0.0001,120.1269,,,,,,,,,,,,0.1,0.1,0.1,0.1,0
209.14,-3.116,1.4684,120.127,-0.0004,-0.0001,120.1269,,,,,,,,,,,,0.1,0.1,0.1,0.1,0
209.16,-3.1171,1.4762,120.1374,-0.0004,-0.0001,120.1374,,,,,,,,,,,,0.1,0.1,0.1,0.1,0
209.18,-3.1171,1.4762,120.1374,-0.0004,-0.0001,120.1374,,,,,,,,,,,,0.1,0.1,0.1,0.1,0
209.2,-3.1171,1.4762,120.1374,-0.0004,-0.0001,120.1374,,,,,,,,,,,,0.1,0.1,0.1,0.1,0
209.22,-3.1171,1.4762,120.1374,-0.0004,-0.0001,120.1374,,,,,,,,,,,,0.1,0.1,0.1,0.1,0
209.24,-3.1171,1.4762,120.1374,-0.0004,-0.0001,120.1374,,,,,,,,,,,,0.1,0.1,0.1,0.1,0
209.26,-3.121,1.491,120.1756,-0.0004,-0.0001,120.1756,,,,,,,,,,,,0.1,0.1,0.1,0.1,0
209.28,-3.121,1.491,120.1756,-0.0004,-0.0001,120.1756,,,,,,,,,,,,0.1,0.1,0.1,0.1,0
209.3,-3.121,1.491,120.1756,-0.0004,-0.0001,120.1756,,,,,,,,,,,,0.1,0.1,0.1,0.1,0
209.32,-3.121,1.491,120.1756,-0.0004,-0.0001,120.1756,,,,,,,,,,,,0.1,0.1,0.1,0.1,0
209.34,-3.121,1.491,120.1756,-0.0004,-0.0001,120.1756,,,,,,,,,,,,0.1,0.1,0.1,0.1,0
209.36,-3.1201,1.4931,120.1682,-0.0004,-0.0001,120.1682,,,,,,,,,,,,0.1,0.1,0.1,0.1,0
209.38,-3.1201,1.4931,120.1682,-0.0004,-0.0001,120.1682,,,,,,,,,,,,0.1,0.1,0.1,0.1,0
209.4,-3.1201,1.4931,120.1682,-0.0004,-0.0001,120.1682,,,,,,,,,,,,0.1,0.1,0.1,0.1,0
209.42,-3.1201,1.4931,120.1682,-0.0004,-0.0001,120.1682,,,,,,,,,,,,0.1,0.1,0.1,0.1,0
209.44,-3.1201,1.4931,120.1682,-0.0004,-0.0001,120.1682,,,,,,,,,,,,0.1,0.1,0.1,0.1,0
209.46,-3.1248,1.4899,120.1962,-0.0004,-0.0001,120.1962,,,,,,,,,,,,0.1,0.1,0.1,0.1,0
209.48,-3.1248,1.4899,120.1962,-0.0004,-0.0001,120.1962,,,,,,,,,,,,0.1,0.1,0.1,0.1,0
209.5,-3.1248,1.4899,120.1962,-0.0004,-0.0001,120.1962,,,,,,,,,,,,0.1,0.1,0.1,0.1,0
209.52,-3.1248,1.4899,120.1962,-0.0004,-0.0001,120.1962,,,,,,,,,,,,0.1,0.1,0.1,0.1,0
209.54,-3.1248,1.4899,120.1962,-0.0004,-0.0001,120.1962,,,,,,,,,,,,0.1,0.1,0.1,0.1,0
209.56,-3.1143,1.4875,120.2087,-0.0004,-0.0001,120.2087,,,,,,,,,,,,0.1,0.1,0.1,0.1,0
209.58,-3.1143,1.4875,120.2087,-0.0004,-0.0001,120.2087,,,,,,,,,,,,0.1,0.1,0.1,0.1,0
209.6,-3.1143,1.4875,120.2087,-0.0004,-0.0001,120.2087,,,,,,,,,,,,0.1,0.1,0.1,0.1,0
209.62,-3.1143,1.4875,120.2087,-0.0004,-0.0001,120.2087,,,,,,,,,,,,0.1,0.1,0.1,0.1,0
209.64,-3.1143,1.4875,120.2087,-0.0004,-0.0001,120.2087,,,,,,,,,,,,0.1,0.1,0.1,0.1,0
209.66,-3.124,1.4862,120.1985,-0.0004,-0.0001,120.1985,,,,,,,,,,,,0.1,0.1,0.1,0.1,0
209.68,-3.124,1.4862,120.1985,-0.0004,-0.0001,120.1985,,,,,,,,,,,,0.0,0.0,0.0,0.0,0
209.7,-3.124,1.4862,120.1985,-0.0004,-0.0001,120.1985,,,,,,,,,,,,0.0,0.0,0.0,0.0,0
209.72,-3.124,1.4862,120.1985,-0.0004,-0.0001,120.1985,,,,,,,,,,,,0.0,0.0,0.0,0.0,0
209.74,-3.124,1.4862,120.1985,-0.0004,-0.0001,120.1985,,,,,,,,,,,,0.0,0.0,0.0,0.0,0
209.76,-3.1464,1.4918,120.2236,-0.0004,-0.0001,120.2237,,,,,,,,,,,,0.0,0.0,0.0,0.0,0
209.78,-3.1464,1.4918,120.2236,-0.0004,-0.0001,120.2237,,,,,,,,,,,,0.0,0.0,0.0,0.0,0
209.8,-3.1464,1.4918,120.2236,-0.0004,-0.0001,120.2237,,,,,,,,,,,,0.0,0.0,0.0,0.0,0
209.82,-3.1464,1.4918,120.2236,-0.0004,-0.0001,120.2237,,,,,,,,,,,,0.0,0.0,0.0,0.0,0
209.84,-3.1464,1.4918,120.2236,-0.0004,-0.0001,120.2237,,,,,,,,,,,,0.0,0.0,0.0,0.0,0
209.86,-3.1419,1.492,120.2116,-0.0004,-0.0001,120.2116,,,,,,,,,,,,0.0,0.0,0.0,0.0,0
209.88,-3.1419,1.492,120.2116,-0.0004,-0.0001,120.2116,,,,,,,,,,,,0.0,0.0,0.0,0.0,0
209.9,-3.1419,1.492,120.2116,-0.0004,-0.0001,120.2116,,,,,,,,,,,,0.0,0.0,0.0,0.0,0
209.92,-3.1419,1.492,120.2116,-0.0004,-0.0001,120.2116,,,,,,,,,,,,0.0,0.0,0.0,0.0,0
209.94,-3.1419,1.492,120.2116,-0.0004,-0.0001,120.2116,,,,,,,,,,,,0.0,0.0,0.0,0.0,0
209.96,-3.1457,1.4976,120.2748,-0.0004,-0.0001,120.2748,,,,,,,,,,,,0.0,0.0,0.0,0.0,0
209.98,-3.1457,1.4976,120.2748,-0.0004,-0.0001,120.2748,,,,,,,,,,,,0.0,0.0,0.0,0.0,0
210.0,-3.1457,1.4976,120.2748,-0.0004,-0.0001,120.2748,,,,,,,,,,,,0.0,0.0,0.0,0.0,0
210.02,-3.1457,1.4976,120.2748,-0.0004,-0.0001,120.2748,,,,,,,,,,,,0.0,0.0,0.0,0.0,0
210.04,-3.1457,1.4976,120.2748,-0.0004,-0.0001,120.2748,,,,,,,,,,,,0.0,0.0,0.0,0.0,0
210.06,-3.1466,1.5102,120.2801,-0.0004,-0.0001,120.2801,,,,,,,,,,,,0.0,0.0,0.0,0.0,0
210.08,-3.1466,1.5102,120.2801,-0.0004,-0.0001,120.2801,,,,,,,,,,,,0.0,0.0,0.0,0.0,0
210.1,-3.1466,1.5102,120.2801,-0.0004,-0.0001,120.2801,,,,,,,,,,,,0.0,0.0,0.0,0.0,0
210.12,-3.1466,1.5102,120.2801,-0.0004,-0.0001,120.2801,,,,,,,,,,,,0.0,0.0,0.0,0.0,0
210.14,-3.1466,1.5102,120.2801,-0.0004,-0.0001,120.2801,,,,,,,,,,,,0.0,0.0,0.0,0.0,0
210.16,-3.1497,1.5212,120.3532,-0.0004,-0.0001,120.3532,,,,,,,,,,,,0.0,0.0,0.0,0.0,0
210.18,-3.1497,1.5212,120.3532,-0.0004,-0.0001,120.3532,,,,,,,,,,,,0.0,0.0,0.0,0.0,0
210.2,-3.1497,1.5212,120.3532,-0.0004,-0.0001,120.3532,,,,,,,,,,,,0.0,0.0,0.0,0.0,0
210.22,-3.1497,1.5212,120.3532,-0.0004,-0.0001,120.3532,,,,,,,,,,,,0.0,0.0,0.0,0.0,0
210.24,-3.1497,1.5212,120.3532,-0.0004,-0.0001,120.3532,,,,,,,,,,,,0.0,0.0,0.0,0.0,0
210.26,-3.1456,1.5292,120.3729,-0.0004,-0.0001,120.3729,,,,,,,,,,,,0.0,0.0,0.0,0.0,0
210.28,-3.1456,1.5292,120.3729,-0.0004,-0.0001,120.3729,,,,,,,,,,,,0.0,0.0,0.0,0.0,0
210.3,-3.1456,1.5292,120.3729,-0.0004,-0.0001,120.3729,,,,,,,,,,,,0.0,0.0,0.0,0.0,0
210.32,-3.1456,1.5292,120.3729,-0.0004,-0.0001,120.3729,,,,,,,,,,,,0.0,0.0,0.0,0.0,0
210.34,-3.1456,1.5292,120.3729,-0.0004,-0.0001,120.3729,,,,,,,,,,,,0.0,0.0,0.0,0.0,0
210.36,-3.1471,1.5398,120.3987,-0.0004,-0.0001,120.3987,,,,,,,,,,,,0.0,0.0,0.0,0.0,0
210.38,-3.1471,1.5398,120.3987,-0.0004,-0.0001,120.3987,,,,,,,,,,,,0.0,0.0,0.0,0.0,0
210.4,-3.1471,1.5398,120.3987,-0.0004,-0.0001,120.3987,,,,,,,,,,,,0.0,0.0,0.0,0.0,0
210.42,-3.1471,1.5398,120.3987,-0.0004,-0.0001,120.3987,,,,,,,,,,,,0.0,0.0,0.0,0.0,0
210.44,-3.1471,1.5398,120.3987,-0.0004,-0.0001,120.3987,,,,,,,,,,,,0.0,0.0,0.0,0.0,0
210.46,-3.1522,1.5517,120.4534,-0.0004,-0.0001,120.4534,,,,,,,,,,,,0.0,0.0,0.0,0.0,0
210.48,-3.1522,1.5517,120.4534,-0.0004,-0.0001,120.4534,,,,,,,,,,,,0.0,0.0,0.0,0.0,0
210.5,-3.1522,1.5517,120.4534,-0.0004,-0.0001,120.4534,,,,,,,,,,,,0.0,0.0,0.0,0.0,0
210.52,-3.1522,1.5517,120.4534,-0.0004,-0.0001,120.4534,,,,,,,,,,,,0.0,0.0,0.0,0.0,0
210.54,-3.1522,1.5517,120.4534,-0.0004,-0.0001,120.4534,,,,,,,,,,,,0.0,0.0,0.0,0.0,0
210.56,-3.1576,1.5551,120.4522,-0.0004,-0.0001,120.4521,,,,,,,,,,,,0.0,0.0,0.0,0.0,0
210.58,-3.1576,1.5551,120.4522,-0.0004,-0.0001,120.4521,,,,,,,,,,,,0.0,0.0,0.0,0.0,0
210.6,-3.1576,1.5551,120.4522,-0.0004,-0.0001,120.4521,,,,,,,,,,,,0.0,0.0,0.0,0.0,0
210.62,-3.1576,1.5551,120.4522,-0.0004,-0.0001,120.4521,,,,,,,,,,,,0.0,0.0,0.0,0.0,0
210.64,-3.1576,1.5551,120.4522,-0.0004,-0.0001,120.4521,,,,,,,,,,,,0.0,0.0,0.0,0.0,0
210.66,-3.1643,1.5588,120.5314,-0.0004,-0.0001,120.5314,,,,,,,,,,,,0.0,0.0,0.0,0.0,0
210.68,-3.1643,1.5588,120.5314,-0.0004,-0.0001,120.5314,,,,,,,,,,,,0.0,0.0,0.0,0.0,0
210.7,-3.1643,1.5588,120.5314,-0.0004,-0.0001,120.5314,,,,,,,,,,,,0.0,0.0,0.0,0.0,0
210.72,-3.1643,1.5588,120.5314,-0.0004,-0.0001,120.5314,,,,,,,,,,,,0.0,0.0,0.0,0.0,0
210.74,-3.1643,1.5588,120.5314,-0.0004,-0.0001,120.5314,,,,,,,,,,,,0.0,0.0,0.0,0.0,0
210.76,-3.1609,1.5585,120.5069,-0.0004,-0.0001,120.5069,,,,,,,,,,,,0.0,0.0,0.0,0.0,0
210.78,-3.1609,1.5585,120.5069,-0.0004,-0.0001,120.5069,,,,,,,,,,,,0.0,0.0,0.0,0.0,0
210.8,-3.1609,1.5585,120.5069,-0.0004,-0.0001,120.5069,,,,,,,,,,,,0.0,0.0,0.0,0.0,0
210.82,-3.1609,1.5585,120.5069,-0.0004,-0.0001,120.5069,,,,,,,,,,,,0.0,0.0,0.0,0.0,0
210.84,-3.1609,1.5585,120.5069,-0.0004,-0.0001,120.5069,,,,,,,,,,,,0.0,0.0,0.0,0.0,0
210.86,-3.1629,1.5643,120.594,-0.0004,-0.0001,120.594,,,,,,,,,,,,0.0,0.0,0.0,0.0,0
210.88,-3.1629,1.5643,120.594,-0.0004,-0.0001,120.594,,,,,,,,,,,,0.0,0.0,0.0,0.0,0
210.9,-3.1629,1.5643,120.594,-0.0004,-0.0001,120.594,,,,,,,,,,,,0.0,0.0,0.0,0.0,0
210.92,-3.1629,1.5643,120.594,-0.0004,-0.0001,120.594,,,,,,,,,,,,0.0,0.0,0.0,0.0,0
210.94,-3.1629,1.5643,120.594,-0.0004,-0.0001,120.594,,,,,,,,,,,,0.0,0.0,0.0,0.0,0
210.96,-3.1648,1.564,120.5709,-0.0004,-0.0001,120.5709,,,,,,,,,,,,0.0,0.0,0.0,0.0,0
210.98,-3.1648,1.564,120.5709,-0.0004,-0.0001,120.5709,,,,,,,,,,,,0.0,0.0,0.0,0.0,0
211.0,-3.1648,1.564,120.5709,-0.0004,-0.0001,120.5709,,,,,,,,,,,,0.0,0.0,0.0,0.0,0
211.02,-3.1648,1.564,120.5709,-0.0004,-0.0001,120.5709,,,,,,,,,,,,0.0,0.0,0.0,0.0,0
211.04,-3.1648,1.564,120.5709,-0.0004,-0.0001,120.5709,,,,,,,,,,,,0.0,0.0,0.0,0.0,0
211.06,-3.1613,1.5687,120.6501,-0.0004,-0.0001,120.6501,,,,,,,,,,,,0.0,0.0,0.0,0.0,0
211.08,-3.1613,1.5687,120.6501,-0.0004,-0.0001,120.6501,,,,,,,,,,,,0.0,0.0,0.0,0.0,0
211.1,-3.1613,1.5687,120.6501,-0.0004,-0.0001,120.6501,,,,,,,,,,,,0.0,0.0,0.0,0.0,0
211.12,-3.1613,1.5687,120.6501,-0.0004,-0.0001,120.6501,,,,,,,,,,,,0.0,0.0,0.0,0.0,0
211.14,-3.1613,1.5687,120.6501,-0.0004,-0.0001,120.6501,,,,,,,,,,,,0.0,0.0,0.0,0.0,0
211.16,-3.1563,1.5714,120.6259,-0.0004,-0.0001,120.6259,,,,,,,,,,,,0.0,0.0,0.0,0.0,0
211.18,-3.1563,1.5714,120.6259,-0.0004,-0.0001,120.6259,,,,,,,,,,,,0.0,0.0,0.0,0.0,0
211.2,-3.1563,1.5714,120.6259,-0.0004,-0.0001,120.6259,,,,,,,,,,,,0.0,0.0,0.0,0.0,0
211.22,-3.1563,1.5714,120.6259,-0.0004,-0.0001,120.6259,,,,,,,,,,,,0.0,0.0,0.0,0.0,0
211.24,-3.1563,1.5714,120.6259,-0.0004,-0.0001,120.6259,,,,,,,,,,,,0.0,0.0,0.0,0.0,0
211.26,-3.1569,1.5708,120.7114,-0.0004,-0.0001,120.7114,,,,,,,,,,,,0.0,0.0,0.0,0.0,0
211.28,-3.1569,1.5708,120.7114,-0.0004,-0.0001,120.7114,,,,,,,,,,,,0.0,0.0,0.0,0.0,0
211.3,-3.1569,1.5708,120.7114,-0.0004,-0.0001,120.7114,,,,,,,,,,,,0.0,0.0,0.0,0.0,0
211.32,-3.1569,1.5708,120.7114,-0.0004,-0.0001,120.7114,,,,,,,,,,,,0.0,0.0,0.0,0.0,0
211.34,-3.1569,1.5708,120.7114,-0.0004,-0.0001,120.7114,,,,,,,,,,,,0.0,0.0,0.0,0.0,0
211.36,-3.1591,1.5682,120.6908,-0.0004,-0.0001,120.6908,,,,,,,,,,,,0.0,0.0,0.0,0.0,0
211.38,-3.1591,1.5682,120.6908,-0.0004,-0.0001,120.6908,,,,,,,,,,,,0.0,0.0,0.0,0.0,0
211.4,-3.1591,1.5682,120.6908,-0.0004,-0.0001,120.6908,,,,,,,,,,,,0.0,0.0,0.0,0.0,0
211.42,-3.1591,1.5682,120.6908,-0.0004,-0.0001,120.6908,,,,,,,,,,,,0.0,0.0,0.0,0.0,0
211.44,-3.1591,1.5682,120.6908,-0.0004,-0.0001,120.6908,,,,,,,,,,,,0.0,0.0,0.0,0.0,0
211.46,-3.1615,1.5701,120.7405,-0.0004,-0.0001,120.7405,,,,,,,,,,,,0.0,0.0,0.0,0.0,0
211.48,-3.1615,1.5701,120.7405,-0.0004,-0.0001,120.7405,,,,,,,,,,,,0.0,0.0,0.0,0.0,0
211.5,-3.1615,1.5701,120.7405,-0.0004,-0.0001,120.7405,,,,,,,,,,,,0.0,0.0,0.0,0.0,0
211.52,-3.1615,1.5701,120.7405,-0.0004,-0.0001,120.7405,,,,,,,,,,,,0.0,0.0,0.0,0.0,0
211.54,-3.1615,1.5701,120.7405,-0.0004,-0.0001,120.7405,,,,,,,,,,,,0.0,0.0,0.0,0.0,0
211.56,-3.1622,1.5685,120.7456,-0.0004,-0.0001,120.7456,,,,,,,,,,,,0.0,0.0,0.0,0.0,0
211.58,-3.1622,1.5685,120.7456,-0.0004,-0.0001,120.7456,,,,,,,,,,,,0.0,0.0,0.0,0.0,0
211.6,-3.1622,1.5685,120.7456,-0.0004,-0.0001,120.7456,,,,,,,,,,,,0.0,0.0,0.0,0.0,0
211.62,-3.1622,1.5685,120.7456,-0.0004,-0.0001,120.7456,,,,,,,,,,,,0.0,0.0,0.0,0.0,0
211.64,-3.1622,1.5685,120.7456,-0.0004,-0.0001,120.7456,,,,,,,,,,,,0.0,0.0,0.0,0.0,0
211.66,-3.1671,1.5697,120.7851,-0.0004,-0.0001,120.7851,,,,,,,,,,,,0.0,0.0,0.0,0.0,0
211.68,-3.1671,1.5697,120.7851,-0.0004,-0.0001,120.7851,,,,,,,,,,,,0.0,0.0,0.0,0.0,0
211.7,-3.1671,1.5697,120.7851,-0.0004,-0.0001,120.7851,,,,,,,,,,,,0.0,0.0,0.0,0.0,0
211.72,-3.1671,1.5697,120.7851,-0.0004,-0.0001,120.7851,,,,,,,,,,,,0.0,0.0,0.0,0.0,0
211.74,-3.1671,1.5697,120.7851,-0.0004,-0.0001,120.7851,,,,,,,,,,,,0.0,0.0,0.0,0.0,0
211.76,-3.17,1.566,120.7924,-0.0004,-0.0001,120.7924,,,,,,,,,,,,0.0,0.0,0.0,0.0,0
211.78,-3.17,1.566,120.7924,-0.0004,-0.0001,120.7924,,,,,,,,,,,,0.0,0.0,0.0,0.0,0
211.8,-3.17,1.566,120.7924,-0.0004,-0.0001,120.7924,,,,,,,,,,,,0.0,0.0,0.0,0.0,0
211.82,-3.17,1.566,120.7924,-0.0004,-0.0001,120.7924,,,,,,,,,,,,0.0,0.0,0.0,0.0,0
211.84,-3.17,1.566,120.7924,-0.0004,-0.0001,120.7924,,,,,,,,,,,,0.0,0.0,0.0,0.0,0
211.86,-3.1741,1.5658,120.8222,-0.0004,-0.0001,120.8222,,,,,,,,,,,,0.0,0.0,0.0,0.0,0
211.88,-3.1741,1.5658,120.8222,-0.0004,-0.0001,120.8222,,,,,,,,,,,,0.0,0.0,0.0,0.0,0
211.9,-3.1741,1.5658,120.8222,-0.0004,-0.0001,120.8222,,,,,,,,,,,,0.0,0.0,0.0,0.0,0
211.92,-3.1741,1.5658,120.8222,-0.0004,-0.0001,120.8222,,,,,,,,,,,,0.0,0.0,0.0,0.0,0
211.94,-3.1741,1.5658,120.8222,-0.0004,-0.0001,120.8222,,,,,,,,,,,,0.0,0.0,0.0,0.0,0
211.96,-3.1721,1.5624,120.8376,-0.0004,-0.0001,120.8376,,,,,,,,,,,,0.0,0.0,0.0,0.0,0
211.98,-3.1721,1.5624,120.8376,-0.0004,-0.0001,120.8376,,,,,,,,,,,,0.0,0.0,0.0,0.0,0
212.0,-3.1721,1.5624,120.8376,-0.0004,-0.0001,120.8376,,,,,,,,,,,,0.0,0.0,0.0,0.0,0
212.02,-3.1721,1.5624,120.8376,-0.0004,-0.0001,120.8376,,,,,,,,,,,,0.0,0.0,0.0,0.0,0
212.04,-3.1721,1.5624,120.8376,-0.0004,-0.0001,120.8376,,,,,,,,,,,,0.0,0.0,0.0,0.0,0
212.06,-3.1775,1.5547,120.8603,-0.0004,-0.0001,120.8603,,,,,,,,,,,,0.0,0.0,0.0,0.0,0
212.08,-3.1775,1.5547,120.8603,-0.0004,-0.0001,120.8603,,,,,,,,,,,,0.0,0.0,0.0,0.0,0
212.1,-3.1775,1.5547,120.8603,-0.0004,-0.0001,120.8603,,,,,,,,,,,,0.0,0.0,0.0,0.0,0
212.12,-3.1775,1.5547,120.8603,-0.0004,-0.0001,120.8603,,,,,,,,,,,,0.0,0.0,0.0,0.0,0
212.14,-3.1775,1.5547,120.8603,-0.0004,-0.0001,120.8603,,,,,,,,,,,,0.0,0.0,0.0,0.0,0
212.16,-3.1804,1.5461,120.8782,-0.0004,-0.0001,120.8782,,,,,,,,,,,,0.0,0.0,0.0,0.0,0
212.18,-3.1804,1.5461,120.8782,-0.0004,-0.0001,120.8782,,,,,,,,,,,,0.0,0.0,0.0,0.0,0
212.2,-3.1804,1.5461,120.8782,-0.0004,-0.0001,120.8782,,,,,,,,,,,,0.0,0.0,0.0,0.0,0
212.22,-3.1804,1.5461,120.8782,-0.0004,-0.0001,120.8782,,,,,,,,,,,,0.0,0.0,0.0,0.0,0
212.24,-3.1804,1.5461,120.8782,-0.0004,-0.0001,120.8782,,,,,,,,,,,,0.0,0.0,0.0,0.0,0
212.26,-3.1822,1.5373,120.8948,-0.0004,-0.0001,120.8948,,,,,,,,,,,,0.0,0.0,0.0,0.0,0
212.28,-3.1822,1.5373,120.8948,-0.0004,-0.0001,120.8948,,,,,,,,,,,,0.0,0.0,0.0,0.0,0
212.3,-3.1822,1.5373,120.8948,-0.0004,-0.0001,120.8948,,,,,,,,,,,,0.0,0.0,0.0,0.0,0
212.32,-3.1822,1.5373,120.8948,-0.0004,-0.0001,120.8948,,,,,,,,,,,,0.0,0.0,0.0,0.0,0
212.34,-3.1822,1.5373,120.8948,-0.0004,-0.0001,120.8948,,,,,,,,,,,,0.0,0.0,0.0,0.0,0
212.36,-3.1843,1.5215,120.9091,-0.0004,-0.0001,120.9091,,,,,,,,,,,,0.0,0.0,0.0,0.0,0
212.38,-3.1843,1.5215,120.9091,-0.0004,-0.0001,120.9091,,,,,,,,,,,,0.0,0.0,0.0,0.0,0
212.4,-3.1843,1.5215,120.9091,-0.0004,-0.0001,120.9091,,,,,,,,,,,,0.0,0.0,0.0,0.0,0
212.42,-3.1843,1.5215,120.9091,-0.0004,-0.0001,120.9091,,,,,,,,,,,,0.0,0.0,0.0,0.0,0
212.44,-3.1843,1.5215,120.9091,-0.0004,-0.0001,120.9091,,,,,,,,,,,,0.0,0.0,0.0,0.0,0
212.46,-3.189,1.5113,120.9196,-0.0004,-0.0001,120.9196,,,,,,,,,,,,0.0,0.0,0.0,0.0,0
212.48,-3.189,1.5113,120.9196,-0.0004,-0.0001,120.9196,,,,,,,,,,,,0.0,0.0,0.0,0.0,0
212.5,-3.189,1.5113,120.9196,-0.0004,-0.0001,120.9196,,,,,,,,,,,,0.0,0.0,0.0,0.0,0
212.52,-3.189,1.5113,120.9196,-0.0004,-0.0001,120.9196,,,,,,,,,,,,0.0,0.0,0.0,0.0,0
212.54,-3.189,1.5113,120.9196,-0.0004,-0.0001,120.9196,,,,,,,,,,,,0.0,0.0,0.0,0.0,0
212.56,-3.1953,1.3977,120.9176,-0.0004,-0.0001,120.9176,,,,,,,,,,,,0.0,0.0,0.0,0.0,0
212.58,-3.1953,1.3977,120.9176,-0.0004,-0.0001,120.9176,,,,,,,,,,,,0.0,0.0,0.0,0.0,0
212.6,-3.1953,1.3977,120.9176,-0.0004,-0.0001,120.9176,,,,,,,,,,,,0.0,0.0,0.0,0.0,0
212.62,-3.1953,1.3977,120.9176,-0.0004,-0.0001,120.9176,,,,,,,,,,,,0.0,0.0,0.0,0.0,0
212.64,-3.1953,1.3977,120.9176,-0.0004,-0.0001,120.9176,,,,,,,,,,,,0.0,0.0,0.0,0.0,0
212.66,-3.0797,1.5966,121.1376,-0.0004,-0.0001,121.1376,,,,,,,,,,,,0.0,0.0,0.0,0.0,0
212.68,-3.0797,1.5966,121.1376,-0.0004,-0.0001,121.1376,,,,,,,,,,,,0.0,0.0,0.0,0.0,0
212.7,-3.0797,1.5966,121.1376,-0.0004,-0.0001,121.1376,,,,,,,,,,,,0.0,0.0,0.0,0.0,0
212.72,-3.0797,1.5966,121.1376,-0.0004,-0.0001,121.1376,,,,,,,,,,,,0.0,0.0,0.0,0.0,0
212.74,-3.0797,1.5966,121.1376,-0.0004,-0.0001,121.1376,,,,,,,,,,,,0.0,0.0,0.0,0.0,0
212.76,-3.2743,1.476,120.8127,-0.0004,-0.0001,120.8127,,,,,,,,,,,,0.0,0.0,0.0,0.0,0
212.78,-3.2743,1.476,120.8127,-0.0004,-0.0001,120.8127,,,,,,,,,,,,0.0,0.0,0.0,0.0,0
212.8,-3.2743,1.476,120.8127,-0.0004,-0.0001,120.8127,,,,,,,,,,,,0.0,0.0,0.0,0.0,0
212.82,-3.2743,1.476,120.8127,-0.0004,-0.0001,120.8127,,,,,,,,,,,,0.0,0.0,0.0,0.0,0
212.84,-3.2743,1.476,120.8127,-0.0004,-0.0001,120.8127,,,,,,,,,,,,0.0,0.0,0.0,0.0,0
212.86,-3.3377,1.4492,121.0747,-0.0004,-0.0001,121.0747,,,,,,,,,,,,0.0,0.0,0.0,0.0,0
212.88,-3.3377,1.4492,121.0747,-0.0004,-0.0001,121.0747,,,,,,,,,,,,0.0,0.0,0.0,0.0,0
212.9,-3.3377,1.4492,121.0747,-0.0004,-0.0001,121.0747,,,,,,,,,,,,0.0,0.0,0.0,0.0,0
212.92,-3.3377,1.4492,121.0747,-0.0004,-0.0001,121.0747,,,,,,,,,,,,0.0,0.0,0.0,0.0,0
212.94,-3.3377,1.4492,121.0747,-0.0004,-0.0001,121.0747,,,,,,,,,,,,0.0,0.0,0.0,0.0,0
212.96,-3.3441,1.4246,120.9165,-0.0004,-0.0001,120.9165,,,,,,,,,,,,0.0,0.0,0.0,0.0,0
212.98,-3.3441,1.4246,120.9165,-0.0004,-0.0001,120.9165,,,,,,,,,,,,0.0,0.0,0.0,0.0,0
213.0,-3.3441,1.4246,120.9165,-0.0004,-0.0001,120.9165,,,,,,,,,,,,0.0,0.0,0.0,0.0,0
213.02,-3.3441,1.4246,120.9165,-0.0004,-0.0001,120.9165,,,,,,,,,,,,0.0,0.0,0.0,0.0,0
213.04,-3.3441,1.4246,120.9165,-0.0004,-0.0001,120.9165,,,,,,,,,,,,0.0,0.0,0.0,0.0,0
213.06,-3.3092,1.4282,121.0314,-0.0004,-0.0001,121.0314,,,,,,,,,,,,0.0,0.0,0.0,0.0,0
213.08,-3.3092,1.4282,121.0314,-0.0004,-0.0001,121.0314,,,,,,,,,,,,0.0,0.0,0.0,0.0,0
213.1,-3.3092,1.4282,121.0314,-0.0004,-0.0001,121.0314,,,,,,,,,,,,0.0,0.0,0.0,0.0,0
213.12,-3.3092,1.4282,121.0314,-0.0004,-0.0001,121.0314,,,,,,,,,,,,0.0,0.0,0.0,0.0,0
213.14,-3.3092,1.4282,121.0314,-0.0004,-0.0001,121.0314,,,,,,,,,,,,0.0,0.0,0.0,0.0,0
213.16,-3.2563,1.4279,121.0036,-0.0004,-0.0001,121.0036,,,,,,,,,,,,0.0,0.0,0.0,0.0,0
213.18,-3.2563,1.4279,121.0036,-0.0004,-0.0001,121.0036,,,,,,,,,,,,0.0,0.0,0.0,0.0,0
213.2,-3.2563,1.4279,121.0036,-0.0004,-0.0001,121.0036,,,,,,,,,,,,0.0,0.0,0.0,0.0,0
213.22,-3.2563,1.4279,121.0036,-0.0004,-0.0001,121.0036,,,,,,,,,,,,0.0,0.0,0.0,0.0,0
213.24,-3.2563,1.4279,121.0036,-0.0004,-0.0001,121.0036,,,,,,,,,,,,0.0,0.0,0.0,0.0,0
213.26,-3.227,1.4313,121.0262,-0.0004,-0.0001,121.0262,,,,,,,,,,,,0.0,0.0,0.0,0.0,0
213.28,-3.227,1.4313,121.0262,-0.0004,-0.0001,121.0262,,,,,,,,,,,,0.0,0.0,0.0,0.0,0
213.3,-3.227,1.4313,121.0262,-0.0004,-0.0001,121.0262,,,,,,,,,,,,0.0,0.0,0.0,0.0,0
213.32,-3.227,1.4313,121.0262,-0.0004,-0.0001,121.0262,,,,,,,,,,,,0.0,0.0,0.0,0.0,0
213.34,-3.227,1.4313,121.0262,-0.0004,-0.0001,121.0262,,,,,,,,,,,,0.0,0.0,0.0,0.0,0
213.36,-3.211,1.4238,121.0574,-0.0004,-0.0001,121.0574,,,,,,,,,,,,0.0,0.0,0.0,0.0,0
213.38,-3.211,1.4238,121.0574,-0.0004,-0.0001,121.0574,,,,,,,,,,,,0.0,0.0,0.0,0.0,0
213.4,-3.211,1.4238,121.0574,-0.0004,-0.0001,121.0574,,,,,,,,,,,,0.0,0.0,0.0,0.0,0
213.42,-3.211,1.4238,121.0574,-0.0004,-0.0001,121.0574,,,,,,,,,,,,0.0,0.0,0.0,0.0,0
213.44,-3.211,1.4238,121.0574,-0.0004,-0.0001,121.0574,,,,,,,,,,,,0.0,0.0,0.0,0.0,0
213.46,-3.2172,1.4023,121.0329,-0.0004,-0.0001,121.0329,,,,,,,,,,,,0.0,0.0,0.0,0.0,0
213.48,-3.2172,1.4023,121.0329,-0.0004,-0.0001,121.0329,,,,,,,,,,,,0.0,0.0,0.0,0.0,0
213.5,-3.2172,1.4023,121.0329,-0.0004,-0.0001,121.0329,,,,,,,,,,,,0.0,0.0,0.0,0.0,0
213.52,-3.2172,1.4023,121.0329,-0.0004,-0.0001,121.0329,,,,,,,,,,,,0.0,0.0,0.0,0.0,0
213.54,-3.2172,1.4023,121.0329,-0.0004,-0.0001,121.0329,,,,,,,,,,,,0.0,0.0,0.0,0.0,0
213.56,-3.2393,1.3869,121.0986,-0.0004,-0.0001,121.0986,,,,,,,,,,,,0.0,0.0,0.0,0.0,0
213.58,-3.2393,1.3869,121.0986,-0.0004,-0.0001,121.0986,,,,,,,,,,,,0.0,0.0,0.0,0.0,0
213.6,-3.2393,1.3869,121.0986,-0.0004,-0.0001,121.0986,,,,,,,,,,,,0.0,0.0,0.0,0.0,0
213.62,-3.2393,1.3869,121.0986,-0.0004,-0.0001,121.0986,,,,,,,,,,,,0.0,0.0,0.0,0.0,0
213.64,-3.2393,1.3869,121.0986,-0.0004,-0.0001,121.0986,,,,,,,,,,,,0.0,0.0,0.0,0.0,0
213.66,-3.2556,1.3609,121.053,-0.0004,-0.0001,121.053,,,,,,,,,,,,0.0,0.0,0.0,0.0,0
213.68,-3.2556,1.3609,121.053,-0.0004,-0.0001,121.053,,,,,,,,,,,,0.0,0.0,0.0,0.0,0
213.7,-3.2556,1.3609,121.053,-0.0004,-0.0001,121.053,,,,,,,,,,,,0.0,0.0,0.0,0.0,0
213.72,-3.2556,1.3609,121.053,-0.0004,-0.0001,121.053,,,,,,,,,,,,0.0,0.0,0.0,0.0,0
213.74,-3.2556,1.3609,121.053,-0.0004,-0.0001,121.053,,,,,,,,,,,,0.0,0.0,0.0,0.0,0
213.76,-3.275,1.3439,121.1358,-0.0004,-0.0001,121.1358,,,,,,,,,,,,0.0,0.0,0.0,0.0,0
213.78,-3.275,1.3439,121.1358,-0.0004,-0.0001,121.1358,,,,,,,,,,,,0.0,0.0,0.0,0.0,0
213.8,-3.275,1.3439,121.1358,-0.0004,-0.0001,121.1358,,,,,,,,,,,,0.0,0.0,0.0,0.0,0
213.82,-3.275,1.3439,121.1358,-0.0004,-0.0001,121.1358,,,,,,,,,,,,0.0,0.0,0.0,0.0,0
213.84,-3.275,1.3439,121.1358,-0.0004,-0.0001,121.1358,,,,,,,,,,,,0.0,0.0,0.0,0.0,0
213.86,-3.2803,1.3285,121.0835,-0.0004,-0.0001,121.0835,,,,,,,,,,,,0.0,0.0,0.0,0.0,0
213.88,-3.2803,1.3285,121.0835,-0.0004,-0.0001,121.0835,,,,,,,,,,,,0.0,0.0,0.0,0.0,0
213.9,-3.2803,1.3285,121.0835,-0.0004,-0.0001,121.0835,,,,,,,,,,,,0.0,0.0,0.0,0.0,0
213.92,-3.2803,1.3285,121.0835,-0.0004,-0.0001,121.0835,,,,,,,,,,,,0.0,0.0,0.0,0.0,0
213.94,-3.2803,1.3285,121.0835,-0.0004,-0.0001,121.0835,,,,,,,,,,,,0.0,0.0,0.0,0.0,0
213.96,-3.2835,1.3209,121.1716,-0.0004,-0.0001,121.1716,,,,,,,,,,,,0.0,0.0,0.0,0.0,0
213.98,-3.2835,1.3209,121.1716,-0.0004,-0.0001,121.1716,,,,,,,,,,,,0.0,0.0,0.0,0.0,0
214.0,-3.2835,1.3209,121.1716,-0.0004,-0.0001,121.1716,,,,,,,,,,,,0.0,0.0,0.0,0.0,0
214.02,-3.2835,1.3209,121.1716,-0.0004,-0.0001,121.1716,,,,,,,,,,,,0.0,0.0,0.0,0.0,0
214.04,-3.2835,1.3209,121.1716,-0.0004,-0.0001,121.1716,,,,,,,,,,,,0.0,0.0,0.0,0.0,0
214.06,-3.2802,1.3117,121.1211,-0.0004,-0.0001,121.1211,,,,,,,,,,,,0.0,0.0,0.0,0.0,0
214.08,-3.2802,1.3117,121.1211,-0.0004,-0.0001,121.1211,,,,,,,,,,,,0.0,0.0,0.0,0.0,0
214.1,-3.2802,1.3117,121.1211,-0.0004,-0.0001,121.1211,,,,,,,,,,,,0.0,0.0,0.0,0.0,0
214.12,-3.2802,1.3117,121.1211,-0.0004,-0.0001,121.1211,,,,,,,,,,,,0.0,0.0,0.0,0.0,0
214.14,-3.2802,1.3117,121.1211,-0.0004,-0.0001,121.1211,,,,,,,,,,,,0.0,0.0,0.0,0.0,0
214.16,-3.2813,1.3179,121.2141,-0.0004,-0.0001,121.2141,,,,,,,,,,,,0.0,0.0,0.0,0.0,0
214.18,-3.2813,1.3179,121.2141,-0.0004,-0.0001,121.2141,,,,,,,,,,,,0.0,0.0,0.0,0.0,0
214.2,-3.2813,1.3179,121.2141,-0.0004,-0.0001,121.2141,,,,,,,,,,,,0.0,0.0,0.0,0.0,0
214.22,-3.2813,1.3179,121.2141,-0.0004,-0.0001,121.2141,,,,,,,,,,,,0.0,0.0,0.0,0.0,0
214.24,-3.2813,1.3179,121.2141,-0.0004,-0.0001,121.2141,,,,,,,,,,,,0.0,0.0,0.0,0.0,0
214.26,-3.2782,1.3213,121.1663,-0.0004,-0.0001,121.1663,,,,,,,,,,,,0.0,0.0,0.0,0.0,0
214.28,-3.2782,1.3213,121.1663,-0.0004,-0.0001,121.1663,,,,,,,,,,,,0.0,0.0,0.0,0.0,0
214.3,-3.2782,1.3213,121.1663,-0.0004,-0.0001,121.1663,,,,,,,,,,,,0.0,0.0,0.0,0.0,0
214.32,-3.2782,1.3213,121.1663,-0.0004,-0.0001,121.1663,,,,,,,,,,,,0.0,0.0,0.0,0.0,0
214.34,-3.2782,1.3213,121.1663,-0.0004,-0.0001,121.1663,,,,,,,,,,,,0.0,0.0,0.0,0.0,0
214.36,-3.264,1.3348,121.2012,-0.0004,-0.0001,121.2012,,,,,,,,,,,,0.0,0.0,0.0,0.0,0
214.38,-3.264,1.3348,121.2012,-0.0004,-0.0001,121.2012,,,,,,,,,,,,0.0,0.0,0.0,0.0,0
214.4,-3.264,1.3348,121.2012,-0.0004,-0.0001,121.2012,,,,,,,,,,,,0.0,0.0,0.0,0.0,0
214.42,-3.264,1.3348,121.2012,-0.0004,-0.0001,121.2012,,,,,,,,,,,,0.0,0.0,0.0,0.0,0
214.44,-3.264,1.3348,121.2012,-0.0004,-0.0001,121.2012,,,,,,,,,,,,0.0,0.0,0.0,0.0,0
214.46,-3.2695,1.3454,121.2323,-0.0004,-0.0001,121.2323,,,,,,,,,,,,0.0,0.0,0.0,0.0,0
214.48,-3.2695,1.3454,121.2323,-0.0004,-0.0001,121.2323,,,,,,,,,,,,0.0,0.0,0.0,0.0,0
214.5,-3.2695,1.3454,121.2323,-0.0004,-0.0001,121.2323,,,,,,,,,,,,0.0,0.0,0.0,0.0,0
214.52,-3.2695,1.3454,121.2323,-0.0004,-0.0001,121.2323,,,,,,,,,,,,0.0,0.0,0.0,0.0,0
214.54,-3.2695,1.3454,121.2323,-0.0004,-0.0001,121.2323,,,,,,,,,,,,0.0,0.0,0.0,0.0,0
214.56,-3.2828,1.3376,121.1997,-0.0004,-0.0001,121.1997,,,,,,,,,,,,0.0,0.0,0.0,0.0,0
214.58,-3.2828,1.3376,121.1997,-0.0004,-0.0001,121.1997,,,,,,,,,,,,0.0,0.0,0.0,0.0,0
214.6,-3.2828,1.3376,121.1997,-0.0004,-0.0001,121.1997,,,,,,,,,,,,0.0,0.0,0.0,0.0,0
214.62,-3.2828,1.3376,121.1997,-0.0004,-0.0001,121.1997,,,,,,,,,,,,0.0,0.0,0.0,0.0,0
214.64,-3.2828,1.3376,121.1997,-0.0004,-0.0001,121.1997,,,,,,,,,,,,0.0,0.0,0.0,0.0,0
214.66,-3.2951,1.3476,121.311,-0.0004,-0.0001,121.311,,,,,,,,,,,,0.0,0.0,0.0,0.0,0
214.68,-3.2951,1.3476,121.311,-0.0004,-0.0001,121.311,,,,,,,,,,,,0.0,0.0,0.0,0.0,0
214.7,-3.2951,1.3476,121.311,-0.0004,-0.0001,121.311,,,,,,,,,,,,0.0,0.0,0.0,0.0,0
214.72,-3.2951,1.3476,121.311,-0.0004,-0.0001,121.311,,,,,,,,,,,,0.0,0.0,0.0,0.0,0
214.74,-3.2951,1.3476,121.311,-0.0004,-0.0001,121.311,,,,,,,,,,,,0.0,0.0,0.0,0.0,0
214.76,-3.2889,1.3583,121.2902,-0.0004,-0.0001,121.2902,,,,,,,,,,,,0.0,0.0,0.0,0.0,0
214.78,-3.2889,1.3583,121.2902,-0.0004,-0.0001,121.2902,,,,,,,,,,,,0.0,0.0,0.0,0.0,0
214.8,-3.2889,1.3583,121.2902,-0.0004,-0.0001,121.2902,,,,,,,,,,,,0.0,0.0,0.0,0.0,0
214.82,-3.2889,1.3583,121.2902,-0.0004,-0.0001,121.2902,,,,,,,,,,,,0.0,0.0,0.0,0.0,0
214.84,-3.2889,1.3583,121.2902,-0.0004,-0.0001,121.2902,,,,,,,,,,,,0.0,0.0,0.0,0.0,0
214.86,-3.2973,1.3606,121.3744,-0.0004,-0.0001,121.3744,,,,,,,,,,,,0.0,0.0,0.0,0.0,0
214.88,-3.2973,1.3606,121.3744,-0.0004,-0.0001,121.3744,,,,,,,,,,,,0.0,0.0,0.0,0.0,0
214.9,-3.2973,1.3606,121.3744,-0.0004,-0.0001,121.3744,,,,,,,,,,,,0.0,0.0,0.0,0.0,0
214.92,-3.2973,1.3606,121.3744,-0.0004,-0.0001,121.3744,,,,,,,,,,,,0.0,0.0,0.0,0.0,0
214.94,-3.2973,1.3606,121.3744,-0.0004,-0.0001,121.3744,,,,,,,,,,,,0.0,0.0,0.0,0.0,0
214.96,-3.3062,1.3685,121.4096,-0.0004,-0.0001,121.4096,,,,,,,,,,,,0.0,0.0,0.0,0.0,0
214.98,-3.3062,1.3685,121.4096,-0.0004,-0.0001,121.4096,,,,,,,,,,,,0.0,0.0,0.0,0.0,0
215.0,-3.3062,1.3685,121.4096,-0.0004,-0.0001,121.4096,,,,,,,,,,,,0.0,0.0,0.0,0.0,0
215.02,-3.3062,1.3685,121.4096,-0.0004,-0.0001,121.4096,,,,,,,,,,,,0.0,0.0,0.0,0.0,0
215.04,-3.3062,1.3685,121.4096,-0.0004,-0.0001,121.4096,,,,,,,,,,,,0.0,0.0,0.0,0.0,0
215.06,-3.3104,1.3678,121.3418,-0.0004,-0.0001,121.3418,,,,,,,,,,,,0.0,0.0,0.0,0.0,0
215.08,-3.3104,1.3678,121.3418,-0.0004,-0.0001,121.3418,,,,,,,,,,,,0.0,0.0,0.0,0.0,0
215.1,-3.3104,1.3678,121.3418,-0.0004,-0.0001,121.3418,,,,,,,,,,,,0.0,0.0,0.0,0.0,0
215.12,-3.3104,1.3678,121.3418,-0.0004,-0.0001,121.3418,,,,,,,,,,,,0.0,0.0,0.0,0.0,0
215.14,-3.3104,1.3678,121.3418,-0.0004,-0.0001,121.3418,,,,,,,,,,,,0.0,0.0,0.0,0.0,0
215.16,-3.3195,1.3776,121.4469,-0.0004,-0.0001,121.4469,,,,,,,,,,,,0.0,0.0,0.0,0.0,0
215.18,-3.3195,1.3776,121.4469,-0.0004,-0.0001,121.4469,,,,,,,,,,,,0.0,0.0,0.0,0.0,0
215.2,-3.3195,1.3776,121.4469,-0.0004,-0.0001,121.4469,,,,,,,,,,,,0.0,0.0,0.0,0.0,0
215.22,-3.3195,1.3776,121.4469,-0.0004,-0.0001,121.4469,,,,,,,,,,,,0.0,0.0,0.0,0.0,0
215.24,-3.3195,1.3776,121.4469,-0.0004,-0.0001,121.4469,,,,,,,,,,,,0.0,0.0,0.0,0.0,0
215.26,-3.3166,1.3753,121.3935,-0.0004,-0.0001,121.3935,,,,,,,,,,,,0.0,0.0,0.0,0.0,0
215.28,-3.3166,1.3753,121.3935,-0.0004,-0.0001,121.3935,,,,,,,,,,,,0.0,0.0,0.0,0.0,0
215.3,-3.3166,1.3753,121.3935,-0.0004,-0.0001,121.3935,,,,,,,,,,,,0.0,0.0,0.0,0.0,0
215.32,-3.3166,1.3753,121.3935,-0.0004,-0.0001,121.3935,,,,,,,,,,,,0.0,0.0,0.0,0.0,0
215.34,-3.3166,1.3753,121.3935,-0.0004,-0.0001,121.3935,,,,,,,,,,,,0.0,0.0,0.0,0.0,0
215.36,-3.3205,1.38,121.4804,-0.0004,-0.0001,121.4804,,,,,,,,,,,,0.0,0.0,0.0,0.0,0
215.38,-3.3205,1.38,121.4804,-0.0004,-0.0001,121.4804,,,,,,,,,,,,0.0,0.0,0.0,0.0,0
215.4,-3.3205,1.38,121.4804,-0.0004,-0.0001,121.4804,,,,,,,,,,,,0.0,0.0,0.0,0.0,0
215.42,-3.3205,1.38,121.4804,-0.0004,-0.0001,121.4804,,,,,,,,,,,,0.0,0.0,0.0,0.0,0
215.44,-3.3205,1.38,121.4804,-0.0004,-0.0001,121.4804,,,,,,,,,,,,0.0,0.0,0.0,0.0,0
215.46,-3.3217,1.3776,121.4397,-0.0004,-0.0001,121.4397,,,,,,,,,,,,0.0,0.0,0.0,0.0,0
215.48,-3.3217,1.3776,121.4397,-0.0004,-0.0001,121.4397,,,,,,,,,,,,0.0,0.0,0.0,0.0,0
215.5,-3.3217,1.3776,121.4397,-0.0004,-0.0001,121.4397,,,,,,,,,,,,0.0,0.0,0.0,0.0,0
215.52,-3.3217,1.3776,121.4397,-0.0004,-0.0001,121.4397,,,,,,,,,,,,0.0,0.0,0.0,0.0,0
215.54,-3.3217,1.3776,121.4397,-0.0004,-0.0001,121.4397,,,,,,,,,,,,0.0,0.0,0.0,0.0,0
215.56,-3.328,1.387,121.5166,-0.0004,-0.0001,121.5166,,,,,,,,,,,,0.0,0.0,0.0,0.0,0
215.58,-3.328,1.387,121.5166,-0.0004,-0.0001,121.5166,,,,,,,,,,,,0.0,0.0,0.0,0.0,0
215.6,-3.328,1.387,121.5166,-0.0004,-0.0001,121.5166,,,,,,,,,,,,0.0,0.0,0.0,0.0,0
215.62,-3.328,1.387,121.5166,-0.0004,-0.0001,121.5166,,,,,,,,,,,,0.0,0.0,0.0,0.0,0
215.64,-3.328,1.387,121.5166,-0.0004,-0.0001,121.5166,,,,,,,,,,,,0.0,0.0,0.0,0.0,0
215.66,-3.3246,1.3897,121.4941,-0.0004,-0.0001,121.4941,,,,,,,,,,,,0.0,0.0,0.0,0.0,0
215.68,-3.3246,1.3897,121.4941,-0.0004,-0.0001,121.4941,,,,,,,,,,,,0.0,0.0,0.0,0.0,0
215.7,-3.3246,1.3897,121.4941,-0.0004,-0.0001,121.4941,,,,,,,,,,,,0.0,0.0,0.0,0.0,0
215.72,-3.3246,1.3897,121.4941,-0.0004,-0.0001,121.4941,,,,,,,,,,,,0.0,0.0,0.0,0.0,0
215.74,-3.3246,1.3897,121.4941,-0.0004,-0.0001,121.4941,,,,,,,,,,,,0.0,0.0,0.0,0.0,0
215.76,-3.33,1.3918,121.5599,-0.0004,-0.0001,121.5599,,,,,,,,,,,,0.0,0.0,0.0,0.0,0
215.78,-3.33,1.3918,121.5599,-0.0004,-0.0001,121.5599,,,,,,,,,,,,0.0,0.0,0.0,0.0,0
215.8,-3.33,1.3918,121.5599,-0.0004,-0.0001,121.5599,,,,,,,,,,,,0.0,0.0,0.0,0.0,0
215.82,-3.33,1.3918,121.5599,-0.0004,-0.0001,121.5599,,,,,,,,,,,,0.0,0.0,0.0,0.0,0
215.84,-3.33,1.3918,121.5599,-0.0004,-0.0001,121.5599,,,,,,,,,,,,0.0,0.0,0.0,0.0,0
215.86,-3.329,1.3936,121.5405,-0.0004,-0.0001,121.5405,,,,,,,,,,,,0.0,0.0,0.0,0.0,0
215.88,-3.329,1.3936,121.5405,-0.0004,-0.0001,121.5405,,,,,,,,,,,,0.0,0.0,0.0,0.0,0
215.9,-3.329,1.3936,121.5405,-0.0004,-0.0001,121.5405,,,,,,,,,,,,0.0,0.0,0.0,0.0,0
215.92,-3.329,1.3936,121.5405,-0.0004,-0.0001,121.5405,,,,,,,,,,,,0.0,0.0,0.0,0.0,0
215.94,-3.329,1.3936,121.5405,-0.0004,-0.0001,121.5405,,,,,,,,,,,,0.0,0.0,0.0,0.0,0
215.96,-3.3343,1.4025,121.6007,-0.0004,-0.0001,121.6007,,,,,,,,,,,,0.0,0.0,0.0,0.0,0
215.98,-3.3343,1.4025,121.6007,-0.0004,-0.0001,121.6007,,,,,,,,,,,,0.0,0.0,0.0,0.0,0
216.0,-3.3343,1.4025,121.6007,-0.0004,-0.0001,121.6007,,,,,,,,,,,,0.0,0.0,0.0,0.0,0
216.02,-3.3343,1.4025,121.6007,-0.0004,-0.0001,121.6007,,,,,,,,,,,,0.0,0.0,0.0,0.0,0
216.04,-3.3343,1.4025,121.6007,-0.0004,-0.0001,121.6007,,,,,,,,,,,,0.0,0.0,0.0,0.0,0
216.06,-3.3379,1.4064,121.5887,-0.0004,-0.0001,121.5886,,,,,,,,,,,,0.0,0.0,0.0,0.0,0
216.08,-3.3379,1.4064,121.5887,-0.0004,-0.0001,121.5886,,,,,,,,,,,,0.0,0.0,0.0,0.0,0
216.1,-3.3379,1.4064,121.5887,-0.0004,-0.0001,121.5886,,,,,,,,,,,,0.0,0.0,0.0,0.0,0
216.12,-3.3379,1.4064,121.5887,-0.0004,-0.0001,121.5886,,,,,,,,,,,,0.0,0.0,0.0,0.0,0
216.14,-3.3379,1.4064,121.5887,-0.0004,-0.0001,121.5886,,,,,,,,,,,,0.0,0.0,0.0,0.0,0
216.16,-3.3445,1.4125,121.6339,-0.0004,-0.0001,121.6339,,,,,,,,,,,,0.0,0.0,0.0,0.0,0
216.18,-3.3445,1.4125,121.6339,-0.0004,-0.0001,121.6339,,,,,,,,,,,,0.029,0.029,0.029,0.029,0
216.2,-3.3445,1.4125,121.6339,-0.0004,-0.0001,121.6339,,,,,,,,,,,,0.029,0.029,0.029,0.029,0
216.22,-3.3445,1.4125,121.6339,-0.0004,-0.0001,121.6339,,,,,,,,,,,,0.029,0.029,0.029,0.029,0
216.24,-3.3445,1.4125,121.6339,-0.0004,-0.0001,121.6339,,,,,,,,,,,,0.029,0.029,0.029,0.029,0
216.26,-3.345,1.4137,121.6236,-0.0004,-0.0001,121.6236,,,,,,,,,,,,0.029,0.029,0.029,0.029,0
216.28,-3.345,1.4137,121.6236,-0.0004,-0.0001,121.6236,,,,,,,,,,,,0.059,0.059,0.059,0.059,0
216.3,-3.345,1.4137,121.6236,-0.0004,-0.0001,121.6236,,,,,,,,,,,,0.059,0.059,0.059,0.059,0
216.32,-3.345,1.4137,121.6236,-0.0004,-0.0001,121.6236,,,,,,,,,,,,0.059,0.059,0.059,0.059,0
216.34,-3.345,1.4137,121.6236,-0.0004,-0.0001,121.6236,,,,,,,,,,,,0.059,0.059,0.059,0.059,0
216.36,-3.3507,1.4193,121.6579,-0.0004,-0.0001,121.6579,,,,,,,,,,,,0.059,0.059,0.059,0.059,0
216.38,-3.3507,1.4193,121.6579,-0.0004,-0.0001,121.6579,,,,,,,,,,,,0.089,0.089,0.089,0.089,0
216.4,-3.3507,1.4193,121.6579,-0.0004,-0.0001,121.6579,,,,,,,,,,,,0.089,0.089,0.089,0.089,0
216.42,-3.3507,1.4193,121.6579,-0.0004,-0.0001,121.6579,,,,,,,,,,,,0.089,0.089,0.089,0.089,0
216.44,-3.3507,1.4193,121.6579,-0.0004,-0.0001,121.6579,,,,,,,,,,,,0.089,0.089,0.089,0.089,0
216.46,-3.3483,1.4298,121.7239,-0.0004,-0.0001,121.7239,,,,,,,,,,,,0.089,0.089,0.089,0.089,0
216.48,-3.3483,1.4298,121.7239,-0.0004,-0.0001,121.7239,,,,,,,,,,,,0.1,0.1,0.1,0.1,0
216.5,-3.3483,1.4298,121.7239,-0.0004,-0.0001,121.7239,,,,,,,,,,,,0.1,0.1,0.1,0.1,0
216.52,-3.3483,1.4298,121.7239,-0.0004,-0.0001,121.7239,,,,,,,,,,,,0.1,0.1,0.1,0.1,0
216.54,-3.3483,1.4298,121.7239,-0.0004,-0.0001,121.7239,,,,,,,,,,,,0.1,0.1,0.1,0.1,0
216.56,-3.36,1.4335,121.7626,-0.0004,-0.0001,121.7626,,,,,,,,,,,,0.1,0.1,0.1,0.1,0
216.58,-3.36,1.4335,121.7626,-0.0004,-0.0001,121.7626,,,,,,,,,,,,0.1,0.1,0.1,0.1,0
216.6,-3.36,1.4335,121.7626,-0.0004,-0.0001,121.7626,,,,,,,,,,,,0.1,0.1,0.1,0.1,0
216.62,-3.36,1.4335,121.7626,-0.0004,-0.0001,121.7626,,,,,,,,,,,,0.1,0.1,0.1,0.1,0
216.64,-3.36,1.4335,121.7626,-0.0004,-0.0001,121.7626,,,,,,,,,,,,0.1,0.1,0.1,0.1,0
216.66,-3.3608,1.4401,121.6953,-0.0004,-0.0001,121.6953,,,,,,,,,,,,0.1,0.1,0.1,0.1,0
216.68,-3.3608,1.4401,121.6953,-0.0004,-0.0001,121.6953,,,,,,,,,,,,0.1,0.1,0.1,0.1,0
216.7,-3.3608,1.4401,121.6953,-0.0004,-0.0001,121.6953,,,,,,,,,,,,0.1,0.1,0.1,0.1,0
216.72,-3.3608,1.4401,121.6953,-0.0004,-0.0001,121.6953,,,,,,,,,,,,0.1,0.1,0.1,0.1,0
216.74,-3.3608,1.4401,121.6953,-0.0004,-0.0001,121.6953,,,,,,,,,,,,0.1,0.1,0.1,0.1,0
216.76,-3.3604,1.4548,121.7292,-0.0004,-0.0001,121.7292,,,,,,,,,,,,0.1,0.1,0.1,0.1,0
216.78,-3.3604,1.4548,121.7292,-0.0004,-0.0001,121.7292,,,,,,,,,,,,0.1,0.1,0.1,0.1,0
216.8,-3.3604,1.4548,121.7292,-0.0004,-0.0001,121.7292,,,,,,,,,,,,0.1,0.1,0.1,0.1,0
216.82,-3.3604,1.4548,121.7292,-0.0004,-0.0001,121.7292,,,,,,,,,,,,0.1,0.1,0.1,0.1,0
216.84,-3.3604,1.4548,121.7292,-0.0004,-0.0001,121.7292,,,,,,,,,,,,0.1,0.1,0.1,0.1,0
216.86,-3.3534,1.464,121.712,-0.0004,-0.0001,121.712,,,,,,,,,,,,0.1,0.1,0.1,0.1,0
216.88,-3.3534,1.464,121.712,-0.0004,-0.0001,121.712,,,,,,,,,,,,0.1,0.1,0.1,0.1,0
216.9,-3.3534,1.464,121.712,-0.0004,-0.0001,121.712,,,,,,,,,,,,0.1,0.1,0.1,0.1,0
216.92,-3.3534,1.464,121.712,-0.0004,-0.0001,121.712,,,,,,,,,,,,0.1,0.1,0.1,0.1,0
216.94,-3.3534,1.464,121.712,-0.0004,-0.0001,121.712,,,,,,,,,,,,0.1,0.1,0.1,0.1,0
216.96,-3.3524,1.4682,121.7569,-0.0004,-0.0001,121.7569,,,,,,,,,,,,0.1,0.1,0.1,0.1,0
216.98,-3.3524,1.4682,121.7569,-0.0004,-0.0001,121.7569,,,,,,,,,,,,0.1,0.1,0.1,0.1,0
217.0,-3.3524,1.4682,121.7569,-0.0004,-0.0001,121.7569,,,,,,,,,,,,0.1,0.1,0.1,0.1,0
217.02,-3.3524,1.4682,121.7569,-0.0004,-0.0001,121.7569,,,,,,,,,,,,0.1,0.1,0.1,0.1,0
217.04,-3.3524,1.4682,121.7569,-0.0004,-0.0001,121.7569,,,,,,,,,,,,0.1,0.1,0.1,0.1,0
217.06,-3.3642,1.4522,121.7318,-0.0004,-0.0001,121.7318,,,,,,,,,,,,0.1,0.1,0.1,0.1,0
217.08,-3.3642,1.4522,121.7318,-0.0004,-0.0001,121.7318,,,,,,,,,,,,0.1,0.1,0.1,0.1,0
217.1,-3.3642,1.4522,121.7318,-0.0004,-0.0001,121.7318,,,,,,,,,,,,0.1,0.1,0.1,0.1,0
217.12,-3.3642,1.4522,121.7318,-0.0004,-0.0001,121.7318,,,,,,,,,,,,0.1,0.1,0.1,0.1,0
217.14,-3.3642,1.4522,121.7318,-0.0004,-0.0001,121.7318,,,,,,,,,,,,0.1,0.1,0.1,0.1,0
217.16,-3.3832,1.4572,121.7396,-0.0004,-0.0001,121.7396,,,,,,,,,,,,0.1,0.1,0.1,0.1,0
217.18,-3.3832,1.4572,121.7396,-0.0004,-0.0001,121.7396,,,,,,,,,,,,0.1,0.1,0.1,0.1,0
217.2,-3.3832,1.4572,121.7396,-0.0004,-0.0001,121.7396,,,,,,,,,,,,0.1,0.1,0.1,0.1,0
217.22,-3.3832,1.4572,121.7396,-0.0004,-0.0001,121.7396,,,,,,,,,,,,0.1,0.1,0.1,0.1,0
217.24,-3.3832,1.4572,121.7396,-0.0004,-0.0001,121.7396,,,,,,,,,,,,0.1,0.1,0.1,0.1,0
217.26,-3.3858,1.4819,121.7389,-0.0004,-0.0001,121.7389,,,,,,,,,,,,0.1,0.1,0.1,0.1,0
217.28,-3.3858,1.4819,121.7389,-0.0004,-0.0001,121.7389,,,,,,,,,,,,0.1,0.1,0.1,0.1,0
217.3,-3.3858,1.4819,121.7389,-0.0004,-0.0001,121.7389,,,,,,,,,,,,0.1,0.1,0.1,0.1,0
217.32,-3.3858,1.4819,121.7389,-0.0004,-0.0001,121.7389,,,,,,,,,,,,0.1,0.1,0.1,0.1,0
217.34,-3.3858,1.4819,121.7389,-0.0004,-0.0001,121.7389,,,,,,,,,,,,0.1,0.1,0.1,0.1,0
217.36,-3.39,1.4731,121.7682,-0.0004,-0.0001,121.7682,,,,,,,,,,,,0.1,0.1,0.1,0.1,0
217.38,-3.39,1.4731,121.7682,-0.0004,-0.0001,121.7682,,,,,,,,,,,,0.1,0.1,0.1,0.1,0
217.4,-3.39,1.4731,121.7682,-0.0004,-0.0001,121.7682,,,,,,,,,,,,0.1,0.1,0.1,0.1,0
217.42,-3.39,1.4731,121.7682,-0.0004,-0.0001,121.7682,,,,,,,,,,,,0.1,0.1,0.1,0.1,0
217.44,-3.39,1.4731,121.7682,-0.0004,-0.0001,121.7682,,,,,,,,,,,,0.1,0.1,0.1,0.1,0
217.46,-3.4002,1.4868,121.7567,-0.0004,-0.0001,121.7567,,,,,,,,,,,,0.1,0.1,0.1,0.1,0
217.48,-3.4002,1.4868,121.7567,-0.0004,-0.0001,121.7567,,,,,,,,,,,,0.1,0.1,0.1,0.1,0
217.5,-3.4002,1.4868,121.7567,-0.0004,-0.0001,121.7567,,,,,,,,,,,,0.1,0.1,0.1,0.1,0
217.52,-3.4002,1.4868,121.7567,-0.0004,-0.0001,121.7567,,,,,,,,,,,,0.1,0.1,0.1,0.1,0
217.54,-3.4002,1.4868,121.7567,-0.0004,-0.0001,121.7567,,,,,,,,,,,,0.1,0.1,0.1,0.1,0
217.56,-3.4035,1.4864,121.7858,-0.0004,-0.0001,121.7858,,,,,,,,,,,,0.1,0.1,0.1,0.1,0
217.58,-3.4035,1.4864,121.7858,-0.0004,-0.0001,121.7858,,,,,,,,,,,,0.1,0.1,0.1,0.1,0
217.6,-3.4035,1.4864,121.7858,-0.0004,-0.0001,121.7858,,,,,,,,,,,,0.1,0.1,0.1,0.1,0
217.62,-3.4035,1.4864,121.7858,-0.0004,-0.0001,121.7858,,,,,,,,,,,,0.1,0.1,0.1,0.1,0
217.64,-3.4035,1.4864,121.7858,-0.0004,-0.0001,121.7858,,,,,,,,,,,,0.1,0.1,0.1,0.1,0
217.66,-3.4077,1.4927,121.774,-0.0004,-0.0001,121.774,,,,,,,,,,,,0.1,0.1,0.1,0.1,0
217.68,-3.4077,1.4927,121.774,-0.0004,-0.0001,121.774,,,,,,,,,,,,0.1,0.1,0.1,0.1,0
217.7,-3.4077,1.4927,121.774,-0.0004,-0.0001,121.774,,,,,,,,,,,,0.1,0.1,0.1,0.1,0
217.72,-3.4077,1.4927,121.774,-0.0004,-0.0001,121.774,,,,,,,,,,,,0.1,0.1,0.1,0.1,0
217.74,-3.4077,1.4927,121.774,-0.0004,-0.0001,121.774,,,,,,,,,,,,0.1,0.1,0.1,0.1,0
217.76,-3.4034,1.4986,121.7929,-0.0004,-0.0001,121.7929,,,,,,,,,,,,0.1,0.1,0.1,0.1,0
217.78,-3.4034,1.4986,121.7929,-0.0004,-0.0001,121.7929,,,,,,,,,,,,0.1,0.1,0.1,0.1,0
217.8,-3.4034,1.4986,121.7929,-0.0004,-0.0001,121.7929,,,,,,,,,,,,0.1,0.1,0.1,0.1,0
217.82,-3.4034,1.4986,121.7929,-0.0004,-0.0001,121.7929,,,,,,,,,,,,0.1,0.1,0.1,0.1,0
217.84,-3.4034,1.4986,121.7929,-0.0004,-0.0001,121.7929,,,,,,,,,,,,0.1,0.1,0.1,0.1,0
217.86,-3.4215,1.4994,121.7785,-0.0004,-0.0001,121.7785,,,,,,,,,,,,0.1,0.1,0.1,0.1,0
217.88,-3.4215,1.4994,121.7785,-0.0004,-0.0001,121.7785,,,,,,,,,,,,0.1,0.1,0.1,0.1,0
217.9,-3.4215,1.4994,121.7785,-0.0004,-0.0001,121.7785,,,,,,,,,,,,0.1,0.1,0.1,0.1,0
217.92,-3.4215,1.4994,121.7785,-0.0004,-0.0001,121.7785,,,,,,,,,,,,0.1,0.1,0.1,0.1,0
217.94,-3.4215,1.4994,121.7785,-0.0004,-0.0001,121.7785,,,,,,,,,,,,0.1,0.1,0.1,0.1,0
217.96,-3.4421,1.5024,121.7953,-0.0004,-0.0001,121.7953,,,,,,,,,,,,0.1,0.1,0.1,0.1,0
217.98,-3.4421,1.5024,121.7953,-0.0004,-0.0001,121.7953,,,,,,,,,,,,0.1,0.1,0.1,0.1,0
218.0,-3.4421,1.5024,121.7953,-0.0004,-0.0001,121.7953,,,,,,,,,,,,0.1,0.1,0.1,0.1,0
218.02,-3.4421,1.5024,121.7953,-0.0004,-0.0001,121.7953,,,,,,,,,,,,0.1,0.1,0.1,0.1,0
218.04,-3.4421,1.5024,121.7953,-0.0004,-0.0001,121.7953,,,,,,,,,,,,0.1,0.1,0.1,0.1,0
218.06,-3.4472,1.4873,121.7407,-0.0004,-0.0001,121.7407,,,,,,,,,,,,0.1,0.1,0.1,0.1,0
218.08,-3.4472,1.4873,121.7407,-0.0004,-0.0001,121.7407,,,,,,,,,,,,0.0,0.0,0.0,0.0,0
218.1,-3.4472,1.4873,121.7407,-0.0004,-0.0001,121.7407,,,,,,,,,,,,0.0,0.0,0.0,0.0,0
218.12,-3.4472,1.4873,121.7407,-0.0004,-0.0001,121.7407,,,,,,,,,,,,0.0,0.0,0.0,0.0,0
218.14,-3.4472,1.4873,121.7407,-0.0004,-0.0001,121.7407,,,,,,,,,,,,0.0,0.0,0.0,0.0,0
218.16,-3.4546,1.4618,121.7537,-0.0004,-0.0001,121.7537,,,,,,,,,,,,0.0,0.0,0.0,0.0,0
218.18,-3.4546,1.4618,121.7537,-0.0004,-0.0001,121.7537,,,,,,,,,,,,0.0,0.0,0.0,0.0,0
218.2,-3.4546,1.4618,121.7537,-0.0004,-0.0001,121.7537,,,,,,,,,,,,0.0,0.0,0.0,0.0,0
218.22,-3.4546,1.4618,121.7537,-0.0004,-0.0001,121.7537,,,,,,,,,,,,0.0,0.0,0.0,0.0,0
218.24,-3.4546,1.4618,121.7537,-0.0004,-0.0001,121.7537,,,,,,,,,,,,0.0,0.0,0.0,0.0,0
218.26,-3.4786,1.4489,121.7065,-0.0004,-0.0001,121.7065,,,,,,,,,,,,0.0,0.0,0.0,0.0,0
218.28,-3.4786,1.4489,121.7065,-0.0004,-0.0001,121.7065,,,,,,,,,,,,0.0,0.0,0.0,0.0,0
218.3,-3.4786,1.4489,121.7065,-0.0004,-0.0001,121.7065,,,,,,,,,,,,0.0,0.0,0.0,0.0,0
218.32,-3.4786,1.4489,121.7065,-0.0004,-0.0001,121.7065,,,,,,,,,,,,0.0,0.0,0.0,0.0,0
218.34,-3.4786,1.4489,121.7065,-0.0004,-0.0001,121.7065,,,,,,,,,,,,0.0,0.0,0.0,0.0,0
218.36,-3.4996,1.4517,121.7853,-0.0004,-0.0001,121.7853,,,,,,,,,,,,0.0,0.0,0.0,0.0,0
218.38,-3.4996,1.4517,121.7853,-0.0004,-0.0001,121.7853,,,,,,,,,,,,0.0,0.0,0.0,0.0,0
218.4,-3.4996,1.4517,121.7853,-0.0004,-0.0001,121.7853,,,,,,,,,,,,0.0,0.0,0.0,0.0,0
218.42,-3.4996,1.4517,121.7853,-0.0004,-0.0001,121.7853,,,,,,,,,,,,0.0,0.0,0.0,0.0,0
218.44,-3.4996,1.4517,121.7853,-0.0004,-0.0001,121.7853,,,,,,,,,,,,0.0,0.0,0.0,0.0,0
218.46,-3.5036,1.4574,121.7427,-0.0004,-0.0001,121.7427,,,,,,,,,,,,0.0,0.0,0.0,0.0,0
218.48,-3.5036,1.4574,121.7427,-0.0004,-0.0001,121.7427,,,,,,,,,,,,0.0,0.0,0.0,0.0,0
218.5,-3.5036,1.4574,121.7427,-0.0004,-0.0001,121.7427,,,,,,,,,,,,0.0,0.0,0.0,0.0,0
218.52,-3.5036,1.4574,121.7427,-0.0004,-0.0001,121.7427,,,,,,,,,,,,0.0,0.0,0.0,0.0,0
218.54,-3.5036,1.4574,121.7427,-0.0004,-0.0001,121.7427,,,,,,,,,,,,0.0,0.0,0.0,0.0,0
218.56,-3.5209,1.4759,121.7953,-0.0004,-0.0001,121.7953,,,,,,,,,,,,0.0,0.0,0.0,0.0,0
218.58,-3.5209,1.4759,121.7953,-0.0004,-0.0001,121.7953,,,,,,,,,,,,0.0,0.0,0.0,0.0,0
218.6,-3.5209,1.4759,121.7953,-0.0004,-0.0001,121.7953,,,,,,,,,,,,0.0,0.0,0.0,0.0,0
218.62,-3.5209,1.4759,121.7953,-0.0004,-0.0001,121.7953,,,,,,,,,,,,0.0,0.0,0.0,0.0,0
218.64,-3.5209,1.4759,121.7953,-0.0004,-0.0001,121.7953,,,,,,,,,,,,0.0,0.0,0.0,0.0,0
218.66,-3.5263,1.492,121.7797,-0.0004,-0.0001,121.7797,,,,,,,,,,,,0.0,0.0,0.0,0.0,0
218.68,-3.5263,1.492,121.7797,-0.0004,-0.0001,121.7797,,,,,,,,,,,,0.0,0.0,0.0,0.0,0
218.7,-3.5263,1.492,121.7797,-0.0004,-0.0001,121.7797,,,,,,,,,,,,0.0,0.0,0.0,0.0,0
218.72,-3.5263,1.492,121.7797,-0.0004,-0.0001,121.7797,,,,,,,,,,,,0.0,0.0,0.0,0.0,0
218.74,-3.5263,1.492,121.7797,-0.0004,-0.0001,121.7797,,,,,,,,,,,,0.0,0.0,0.0,0.0,0
218.76,-3.5518,1.5024,121.8475,-0.0004,-0.0001,121.8475,,,,,,,,,,,,0.0,0.0,0.0,0.0,0
218.78,-3.5518,1.5024,121.8475,-0.0004,-0.0001,121.8475,,,,,,,,,,,,0.0,0.0,0.0,0.0,0
218.8,-3.5518,1.5024,121.8475,-0.0004,-0.0001,121.8475,,,,,,,,,,,,0.0,0.0,0.0,0.0,0
218.82,-3.5518,1.5024,121.8475,-0.0004,-0.0001,121.8475,,,,,,,,,,,,0.0,0.0,0.0,0.0,0
218.84,-3.5518,1.5024,121.8475,-0.0004,-0.0001,121.8475,,,,,,,,,,,,0.0,0.0,0.0,0.0,0
218.86,-3.5451,1.4947,121.888,-0.0004,-0.0001,121.888,,,,,,,,,,,,0.0,0.0,0.0,0.0,0
218.88,-3.5451,1.4947,121.888,-0.0004,-0.0001,121.888,,,,,,,,,,,,0.0,0.0,0.0,0.0,0
218.9,-3.5451,1.4947,121.888,-0.0004,-0.0001,121.888,,,,,,,,,,,,0.0,0.0,0.0,0.0,0
218.92,-3.5451,1.4947,121.888,-0.0004,-0.0001,121.888,,,,,,,,,,,,0.0,0.0,0.0,0.0,0
218.94,-3.5451,1.4947,121.888,-0.0004,-0.0001,121.888,,,,,,,,,,,,0.0,0.0,0.0,0.0,0
218.96,-3.543,1.5087,121.7875,-0.0004,-0.0001,121.7875,,,,,,,,,,,,0.0,0.0,0.0,0.0,0
218.98,-3.543,1.5087,121.7875,-0.0004,-0.0001,121.7875,,,,,,,,,,,,0.0,0.0,0.0,0.0,0
219.0,-3.543,1.5087,121.7875,-0.0004,-0.0001,121.7875,,,,,,,,,,,,0.0,0.0,0.0,0.0,0
219.02,-3.543,1.5087,121.7875,-0.0004,-0.0001,121.7875,,,,,,,,,,,,0.0,0.0,0.0,0.0,0
219.04,-3.543,1.5087,121.7875,-0.0004,-0.0001,121.7875,,,,,,,,,,,,0.0,0.0,0.0,0.0,0
219.06,-3.5042,1.5611,122.9065,-0.0004,-0.0001,122.9065,,,,,,,,,,,,0.0,0.0,0.0,0.0,0
219.08,-3.5042,1.5611,122.9065,-0.0004,-0.0001,122.9065,,,,,,,,,,,,0.0,0.0,0.0,0.0,0
219.1,-3.5042,1.5611,122.9065,-0.0004,-0.0001,122.9065,,,,,,,,,,,,0.0,0.0,0.0,0.0,0
219.12,-3.5042,1.5611,122.9065,-0.0004,-0.0001,122.9065,,,,,,,,,,,,0.0,0.0,0.0,0.0,0
219.14,-3.5042,1.5611,122.9065,-0.0004,-0.0001,122.9065,,,,,,,,,,,,0.0,0.0,0.0,0.0,0
219.16,-3.5359,1.5963,121.7198,-0.0004,-0.0001,121.7198,,,,,,,,,,,,0.0,0.0,0.0,0.0,0
219.18,-3.5359,1.5963,121.7198,-0.0004,-0.0001,121.7198,,,,,,,,,,,,0.0,0.0,0.0,0.0,0
219.2,-3.5359,1.5963,121.7198,-0.0004,-0.0001,121.7198,,,,,,,,,,,,0.0,0.0,0.0,0.0,0
219.22,-3.5359,1.5963,121.7198,-0.0004,-0.0001,121.7198,,,,,,,,,,,,0.0,0.0,0.0,0.0,0
219.24,-3.5359,1.5963,121.7198,-0.0004,-0.0001,121.7198,,,,,,,,,,,,0.0,0.0,0.0,0.0,0
219.26,-3.5916,1.6046,121.8167,-0.0004,-0.0001,121.8167,,,,,,,,,,,,0.0,0.0,0.0,0.0,0
219.28,-3.5916,1.6046,121.8167,-0.0004,-0.0001,121.8167,,,,,,,,,,,,0.0,0.0,0.0,0.0,0
219.3,-3.5916,1.6046,121.8167,-0.0004,-0.0001,121.8167,,,,,,,,,,,,0.0,0.0,0.0,0.0,0
219.32,-3.5916,1.6046,121.8167,-0.0004,-0.0001,121.8167,,,,,,,,,,,,0.0,0.0,0.0,0.0,0
219.34,-3.5916,1.6046,121.8167,-0.0004,-0.0001,121.8167,,,,,,,,,,,,0.0,0.0,0.0,0.0,0
219.36,-3.6422,1.5974,122.054,-0.0004,-0.0001,122.054,,,,,,,,,,,,0.0,0.0,0.0,0.0,0
219.38,-3.6422,1.5974,122.054,-0.0004,-0.0001,122.054,,,,,,,,,,,,0.0,0.0,0.0,0.0,0
219.4,-3.6422,1.5974,122.054,-0.0004,-0.0001,122.054,,,,,,,,,,,,0.0,0.0,0.0,0.0,0
219.42,-3.6422,1.5974,122.054,-0.0004,-0.0001,122.054,,,,,,,,,,,,0.0,0.0,0.0,0.0,0
219.44,-3.6422,1.5974,122.054,-0.0004,-0.0001,122.054,,,,,,,,,,,,0.0,0.0,0.0,0.0,0
219.46,-3.6886,1.5749,121.7108,-0.0004,-0.0001,121.7108,,,,,,,,,,,,0.0,0.0,0.0,0.0,0
219.48,-3.6886,1.5749,121.7108,-0.0004,-0.0001,121.7108,,,,,,,,,,,,0.0,0.0,0.0,0.0,0
219.5,-3.6886,1.5749,121.7108,-0.0004,-0.0001,121.7108,,,,,,,,,,,,0.0,0.0,0.0,0.0,0
219.52,-3.6886,1.5749,121.7108,-0.0004,-0.0001,121.7108,,,,,,,,,,,,0.0,0.0,0.0,0.0,0
219.54,-3.6886,1.5749,121.7108,-0.0004,-0.0001,121.7108,,,,,,,,,,,,0.0,0.0,0.0,0.0,0
219.56,-3.7008,1.6022,122.1601,-0.0004,-0.0001,122.1601,,,,,,,,,,,,0.0,0.0,0.0,0.0,0
219.58,-3.7008,1.6022,122.1601,-0.0004,-0.0001,122.1601,,,,,,,,,,,,0.0,0.0,0.0,0.0,0
219.6,-3.7008,1.6022,122.1601,-0.0004,-0.0001,122.1601,,,,,,,,,,,,0.0,0.0,0.0,0.0,0
219.62,-3.7008,1.6022,122.1601,-0.0004,-0.0001,122.1601,,,,,,,,,,,,0.0,0.0,0.0,0.0,0
219.64,-3.7008,1.6022,122.1601,-0.0004,-0.0001,122.1601,,,,,,,,,,,,0.0,0.0,0.0,0.0,0
219.66,-3.7096,1.5841,121.7127,-0.0004,-0.0001,121.7127,,,,,,,,,,,,0.0,0.0,0.0,0.0,0
219.68,-3.7096,1.5841,121.7127,-0.0004,-0.0001,121.7127,,,,,,,,,,,,0.0,0.0,0.0,0.0,0
219.7,-3.7096,1.5841,121.7127,-0.0004,-0.0001,121.7127,,,,,,,,,,,,0.0,0.0,0.0,0.0,0
219.72,-3.7096,1.5841,121.7127,-0.0004,-0.0001,121.7127,,,,,,,,,,,,0.0,0.0,0.0,0.0,0
219.74,-3.7096,1.5841,121.7127,-0.0004,-0.0001,121.7127,,,,,,,,,,,,0.0,0.0,0.0,0.0,0
219.76,-3.7069,1.6192,122.1838,-0.0004,-0.0001,122.1838,,,,,,,,,,,,0.0,0.0,0.0,0.0,0
219.78,-3.7069,1.6192,122.1838,-0.0004,-0.0001,122.1838,,,,,,,,,,,,0.0,0.0,0.0,0.0,0
219.8,-3.7069,1.6192,122.1838,-0.0004,-0.0001,122.1838,,,,,,,,,,,,0.0,0.0,0.0,0.0,0
219.82,-3.7069,1.6192,122.1838,-0.0004,-0.0001,122.1838,,,,,,,,,,,,0.0,0.0,0.0,0.0,0
219.84,-3.7069,1.6192,122.1838,-0.0004,-0.0001,122.1838,,,,,,,,,,,,0.0,0.0,0.0,0.0,0
219.86,-3.6188,1.6434,121.6151,-0.0004,-0.0001,121.6151,,,,,,,,,,,,0.0,0.0,0.0,0.0,0
219.88,-3.6188,1.6434,121.6151,-0.0004,-0.0001,121.6151,,,,,,,,,,,,0.0,0.0,0.0,0.0,0
219.9,-3.6188,1.6434,121.6151,-0.0004,-0.0001,121.6151,,,,,,,,,,,,0.0,0.0,0.0,0.0,0
219.92,-3.6188,1.6434,121.6151,-0.0004,-0.0001,121.6151,,,,,,,,,,,,0.0,0.0,0.0,0.0,0
219.94,-3.6188,1.6434,121.6151,-0.0004,-0.0001,121.6151,,,,,,,,,,,,0.0,0.0,0.0,0.0,0
219.96,-3.705,1.5559,122.0968,-0.0004,-0.0001,122.0968,,,,,,,,,,,,0.0,0.0,0.0,0.0,0
219.98,-3.705,1.5559,122.0968,-0.0004,-0.0001,122.0968,,,,,,,,,,,,0.0,0.0,0.0,0.0,0
220.0,-3.705,1.5559,122.0968,-0.0004,-0.0001,122.0968,,,,,,,,,,,,0.0,0.0,0.0,0.0,0
220.02,-3.705,1.5559,122.0968,-0.0004,-0.0001,122.0968,,,,,,,,,,,,0.0,0.0,0.0,0.0,0
220.04,-3.705,1.5559,122.0968,-0.0004,-0.0001,122.0968,,,,,,,,,,,,0.0,0.0,0.0,0.0,0
220.06,-3.7775,1.5479,121.9141,-0.0004,-0.0001,121.9142,,,,,,,,,,,,0.0,0.0,0.0,0.0,0
220.08,-3.7775,1.5479,121.9141,-0.0004,-0.0001,121.9142,,,,,,,,,,,,0.0,0.0,0.0,0.0,0
220.1,-3.7775,1.5479,121.9141,-0.0004,-0.0001,121.9142,,,,,,,,,,,,0.0,0.0,0.0,0.0,0
220.12,-3.7775,1.5479,121.9141,-0.0004,-0.0001,121.9142,,,,,,,,,,,,0.0,0.0,0.0,0.0,0
220.14,-3.7775,1.5479,121.9141,-0.0004,-0.0001,121.9142,,,,,,,,,,,,0.0,0.0,0.0,0.0,0
220.16,-3.6478,1.7157,120.2532,-0.0004,-0.0001,120.2532,,,,,,,,,,,,0.0,0.0,0.0,0.0,0
220.18,-3.6478,1.7157,120.2532,-0.0004,-0.0001,120.2532,,,,,,,,,,,,0.0,0.0,0.0,0.0,0
220.2,-3.6478,1.7157,120.2532,-0.0004,-0.0001,120.2532,,,,,,,,,,,,0.0,0.0,0.0,0.0,0
220.22,-3.6478,1.7157,120.2532,-0.0004,-0.0001,120.2532,,,,,,,,,,,,0.0,0.0,0.0,0.0,0
220.24,-3.6478,1.7157,120.2532,-0.0004,-0.0001,120.2532,,,,,,,,,,,,0.0,0.0,0.0,0.0,0
220.26,-3.3993,1.4673,120.1276,-0.0004,-0.0001,120.1277,,,,,,,,,,,,0.0,0.0,0.0,0.0,0
220.28,-3.3993,1.4673,120.1276,-0.0004,-0.0001,120.1277,,,,,,,,,,,,0.0,0.0,0.0,0.0,0
220.3,-3.3993,1.4673,120.1276,-0.0004,-0.0001,120.1277,,,,,,,,,,,,0.0,0.0,0.0,0.0,0
220.32,-3.3993,1.4673,120.1276,-0.0004,-0.0001,120.1277,,,,,,,,,,,,0.0,0.0,0.0,0.0,0
220.34,-3.3993,1.4673,120.1276,-0.0004,-0.0001,120.1277,,,,,,,,,,,,0.0,0.0,0.0,0.0,0
220.36,-3.573,1.6735,121.4966,-0.0004,-0.0001,121.4966,,,,,,,,,,,,0.0,0.0,0.0,0.0,0
220.38,-3.573,1.6735,121.4966,-0.0004,-0.0001,121.4966,,,,,,,,,,,,0.0,0.0,0.0,0.0,0
220.4,-3.573,1.6735,121.4966,-0.0004,-0.0001,121.4966,,,,,,,,,,,,0.0,0.0,0.0,0.0,0
220.42,-3.573,1.6735,121.4966,-0.0004,-0.0001,121.4966,,,,,,,,,,,,0.0,0.0,0.0,0.0,0
220.44,-3.573,1.6735,121.4966,-0.0004,-0.0001,121.4966,,,,,,,,,,,,0.0,0.0,0.0,0.0,0
220.46,-3.5986,1.7076,120.0824,-0.0004,-0.0001,120.0824,,,,,,,,,,,,0.0,0.0,0.0,0.0,0
220.48,-3.5986,1.7076,120.0824,-0.0004,-0.0001,120.0824,,,,,,,,,,,,0.0,0.0,0.0,0.0,0
220.5,-3.5986,1.7076,120.0824,-0.0004,-0.0001,120.0824,,,,,,,,,,,,0.0,0.0,0.0,0.0,0
220.52,-3.5986,1.7076,120.0824,-0.0004,-0.0001,120.0824,,,,,,,,,,,,0.0,0.0,0.0,0.0,0
220.54,-3.5986,1.7076,120.0824,-0.0004,-0.0001,120.0824,,,,,,,,,,,,0.0,0.0,0.0,0.0,0
220.56,-3.5491,1.6421,121.4596,-0.0004,-0.0001,121.4596,,,,,,,,,,,,0.0,0.0,0.0,0.0,0
220.58,-3.5491,1.6421,121.4596,-0.0004,-0.0001,121.4596,,,,,,,,,,,,0.0,0.0,0.0,0.0,0
220.6,-3.5491,1.6421,121.4596,-0.0004,-0.0001,121.4596,,,,,,,,,,,,0.0,0.0,0.0,0.0,0
220.62,-3.5491,1.6421,121.4596,-0.0004,-0.0001,121.4596,,,,,,,,,,,,0.0,0.0,0.0,0.0,0
220.64,-3.5491,1.6421,121.4596,-0.0004,-0.0001,121.4596,,,,,,,,,,,,0.0,0.0,0.0,0.0,0
220.66,-3.6358,1.5577,120.9795,-0.0004,-0.0001,120.9795,,,,,,,,,,,,0.0,0.0,0.0,0.0,0
220.68,-3.6358,1.5577,120.9795,-0.0004,-0.0001,120.9795,,,,,,,,,,,,0.0,0.0,0.0,0.0,0
220.7,-3.6358,1.5577,120.9795,-0.0004,-0.0001,120.9795,,,,,,,,,,,,0.0,0.0,0.0,0.0,0
220.72,-3.6358,1.5577,120.9795,-0.0004,-0.0001,120.9795,,,,,,,,,,,,0.0,0.0,0.0,0.0,0
220.74,-3.6358,1.5577,120.9795,-0.0004,-0.0001,120.9795,,,,,,,,,,,,0.0,0.0,0.0,0.0,0
220.76,-3.6724,1.6483,121.3487,-0.0004,-0.0001,121.3487,,,,,,,,,,,,0.0,0.0,0.0,0.0,0
220.78,-3.6724,1.6483,121.3487,-0.0004,-0.0001,121.3487,,,,,,,,,,,,0.0,0.0,0.0,0.0,0
220.8,-3.6724,1.6483,121.3487,-0.0004,-0.0001,121.3487,,,,,,,,,,,,0.0,0.0,0.0,0.0,0
220.82,-3.6724,1.6483,121.3487,-0.0004,-0.0001,121.3487,,,,,,,,,,,,0.0,0.0,0.0,0.0,0
220.84,-3.6724,1.6483,121.3487,-0.0004,-0.0001,121.3487,,,,,,,,,,,,0.0,0.0,0.0,0.0,0
220.86,-3.7684,1.6902,121.5152,-0.0004,-0.0001,121.5151,,,,,,,,,,,,0.0,0.0,0.0,0.0,0
220.88,-3.7684,1.6902,121.5152,-0.0004,-0.0001,121.5151,,,,,,,,,,,,0.0,0.0,0.0,0.0,0
220.9,-3.7684,1.6902,121.5152,-0.0004,-0.0001,121.5151,,,,,,,,,,,,0.0,0.0,0.0,0.0,0
220.92,-3.7684,1.6902,121.5152,-0.0004,-0.0001,121.5151,,,,,,,,,,,,0.0,0.0,0.0,0.0,0
220.94,-3.7684,1.6902,121.5152,-0.0004,-0.0001,121.5151,,,,,,,,,,,,0.0,0.0,0.0,0.0,0
220.96,-3.8693,1.7473,121.2417,-0.0004,-0.0001,121.2417,,,,,,,,,,,,0.0,0.0,0.0,0.0,0
