time_sec,roll,pitch,yaw,roll_des,pitch_des,yaw_des,gyro_x,gyro_y,gyro_z,accel_x,accel_y,accel_z,vbat,ibat,lat,lon,alt,motor_1,motor_2,motor_3,motor_4,flight_mode
0.0,-2.5204,0.9249,359.99,0.0,0.0,359.99,,,,,,,,,,,,0.0,0.0,0.0,0.0,0
0.02,-2.5204,0.9249,359.99,0.0,0.0,359.99,,,,,,,,,,,,0.0,0.0,0.0,0.0,0
0.04,-2.5204,0.9249,359.99,0.0,0.0,359.99,,,,,,,,,,,,0.0,0.0,0.0,0.0,0
0.06,-2.5204,0.9249,359.99,0.0,0.0,359.99,,,,,,,,,,,,0.0,0.0,0.0,0.0,0
0.08,-2.5204,0.9249,359.99,0.0,0.0,359.99,,,,,,,,,,,,0.0,0.0,0.0,0.0,0
0.1,-2.5204,0.9249,359.99,0.0,0.0,359.99,,,,,,,,,,,,0.0,0.0,0.0,0.0,0
0.12,-2.5204,0.9249,359.99,0.0,0.0,359.99,,,,,,,,,,,,0.0,0.0,0.0,0.0,0
0.14,-2.5165,0.926,359.9913,0.0,0.0,359.9913,,,,,,,,,,,,0.0,0.0,0.0,0.0,0
0.16,-2.5165,0.926,359.9913,0.0,0.0,359.9913,,,,,,,,,,,,0.0,0.0,0.0,0.0,0
0.18,-2.5165,0.926,359.9913,0.0,0.0,359.9913,,,,,,,,,,,,0.0,0.0,0.0,0.0,0
0.2,-2.5165,0.926,359.9913,0.0,0.0,359.9913,,,,,,,,,,,,0.0,0.0,0.0,0.0,0
0.22,-2.5165,0.926,359.9913,0.0,0.0,359.9913,,,,,,,,,,,,0.0,0.0,0.0,0.0,0
0.24,-2.5165,0.926,359.9913,0.0,0.0,359.9913,,,,,,,,,,,,0.0,0.0,0.0,0.0,0
0.26,-2.5181,0.931,359.9858,0.0,0.0,359.9858,,,,,,,,,,,,0.0,0.0,0.0,0.0,0
0.28,-2.5181,0.931,359.9858,0.0,0.0,359.9858,,,,,,,,,,,,0.0,0.0,0.0,0.0,0
0.3,-2.5181,0.931,359.9858,0.0,0.0,359.9858,,,,,,,,,,,,0.0,0.0,0.0,0.0,0
0.32,-2.5181,0.931,359.9858,0.0,0.0,359.9858,,,,,,,,,,,,0.0,0.0,0.0,0.0,0
0.34,-2.5181,0.931,359.9858,0.0,0.0,359.9858,,,,,,,,,,,,0.0,0.0,0.0,0.0,0
0.36,-2.5166,0.9293,359.9867,0.0,0.0,359.9867,,,,,,,,,,,,0.0,0.0,0.0,0.0,0
0.38,-2.5166,0.9293,359.9867,0.0,0.0,359.9867,,,,,,,,,,,,0.0,0.0,0.0,0.0,0
0.4,-2.5166,0.9293,359.9867,0.0,0.0,359.9867,,,,,,,,,,,,0.0,0.0,0.0,0.0,0
0.42,-2.5166,0.9293,359.9867,0.0,0.0,359.9867,,,,,,,,,,,,0.0,0.0,0.0,0.0,0
0.44,-2.5166,0.9293,359.9867,0.0,0.0,359.9867,,,,,,,,,,,,0.0,0.0,0.0,0.0,0
0.46,-2.5141,0.9319,359.974,0.0,0.0,359.974,,,,,,,,,,,,0.0,0.0,0.0,0.0,0
0.48,-2.5141,0.9319,359.974,0.0,0.0,359.974,,,,,,,,,,,,0.0,0.0,0.0,0.0,0
0.5,-2.5141,0.9319,359.974,0.0,0.0,359.974,,,,,,,,,,,,0.0,0.0,0.0,0.0,0
0.52,-2.5141,0.9319,359.974,0.0,0.0,359.974,,,,,,,,,,,,0.0,0.0,0.0,0.0,0
0.54,-2.5141,0.9319,359.974,0.0,0.0,359.974,,,,,,,,,,,,0.0,0.0,0.0,0.0,0
0.56,-2.5114,0.9302,359.9818,0.0,0.0,359.9818,,,,,,,,,,,,0.0,0.0,0.0,0.0,0
0.58,-2.5114,0.9302,359.9818,0.0,0.0,359.9818,,,,,,,,,,,,0.0,0.0,0.0,0.0,0
0.6,-2.5114,0.9302,359.9818,0.0,0.0,359.9818,,,,,,,,,,,,0.0,0.0,0.0,0.0,0
0.62,-2.5114,0.9302,359.9818,0.0,0.0,359.9818,,,,,,,,,,,,0.0,0.0,0.0,0.0,0
0.64,-2.5114,0.9302,359.9818,0.0,0.0,359.9818,,,,,,,,,,,,0.0,0.0,0.0,0.0,0
0.66,-2.508,0.9296,359.964,0.0,0.0,359.964,,,,,,,,,,,,0.0,0.0,0.0,0.0,0
0.68,-2.508,0.9296,359.964,0.0,0.0,359.964,,,,,,,,,,,,0.0,0.0,0.0,0.0,0
0.7,-2.508,0.9296,359.964,0.0,0.0,359.964,,,,,,,,,,,,0.0,0.0,0.0,0.0,0
0.72,-2.508,0.9296,359.964,0.0,0.0,359.964,,,,,,,,,,,,0.0,0.0,0.0,0.0,0
0.74,-2.508,0.9296,359.964,0.0,0.0,359.964,,,,,,,,,,,,0.0,0.0,0.0,0.0,0
0.76,-2.5104,0.9324,359.9663,0.0,0.0,359.9663,,,,,,,,,,,,0.0,0.0,0.0,0.0,0
0.78,-2.5104,0.9324,359.9663,0.0,0.0,359.9663,,,,,,,,,,,,0.0,0.0,0.0,0.0,0
0.8,-2.5104,0.9324,359.9663,0.0,0.0,359.9663,,,,,,,,,,,,0.0,0.0,0.0,0.0,0
0.82,-2.5104,0.9324,359.9663,0.0,0.0,359.9663,,,,,,,,,,,,0.0,0.0,0.0,0.0,0
0.84,-2.5104,0.9324,359.9663,0.0,0.0,359.9663,,,,,,,,,,,,0.0,0.0,0.0,0.0,0
0.86,-2.5089,0.9349,359.9579,0.0,0.0,359.9579,,,,,,,,,,,,0.0,0.0,0.0,0.0,0
0.88,-2.5089,0.9349,359.9579,0.0,0.0,359.9579,,,,,,,,,,,,0.0,0.0,0.0,0.0,0
0.9,-2.5089,0.9349,359.9579,0.0,0.0,359.9579,,,,,,,,,,,,0.0,0.0,0.0,0.0,0
0.92,-2.5089,0.9349,359.9579,0.0,0.0,359.9579,,,,,,,,,,,,0.0,0.0,0.0,0.0,0
0.94,-2.5089,0.9349,359.9579,0.0,0.0,359.9579,,,,,,,,,,,,0.0,0.0,0.0,0.0,0
0.96,-2.5072,0.9328,359.961,0.0,0.0,359.961,,,,,,,,,,,,0.0,0.0,0.0,0.0,0
0.98,-2.5072,0.9328,359.961,0.0,0.0,359.961,,,,,,,,,,,,0.0,0.0,0.0,0.0,0
1.0,-2.5072,0.9328,359.961,0.0,0.0,359.961,,,,,,,,,,,,0.0,0.0,0.0,0.0,0
1.02,-2.5072,0.9328,359.961,0.0,0.0,359.961,,,,,,,,,,,,0.0,0.0,0.0,0.0,0
1.04,-2.5072,0.9328,359.961,0.0,0.0,359.961,,,,,,,,,,,,0.0,0.0,0.0,0.0,0
1.06,-2.507,0.933,359.9569,0.0,0.0,359.9569,,,,,,,,,,,,0.0,0.0,0.0,0.0,0
1.08,-2.507,0.933,359.9569,0.0,0.0,359.9569,,,,,,,,,,,,0.0,0.0,0.0,0.0,0
1.1,-2.507,0.933,359.9569,0.0,0.0,359.9569,,,,,,,,,,,,0.0,0.0,0.0,0.0,0
1.12,-2.507,0.933,359.9569,0.0,0.0,359.9569,,,,,,,,,,,,0.0,0.0,0.0,0.0,0
1.14,-2.507,0.933,359.9569,0.0,0.0,359.9569,,,,,,,,,,,,0.0,0.0,0.0,0.0,0
1.16,-2.5053,0.9333,359.9566,0.0,0.0,359.9566,,,,,,,,,,,,0.0,0.0,0.0,0.0,0
1.18,-2.5053,0.9333,359.9566,0.0,0.0,359.9566,,,,,,,,,,,,0.0,0.0,0.0,0.0,0
1.2,-2.5053,0.9333,359.9566,0.0,0.0,359.9566,,,,,,,,,,,,0.0,0.0,0.0,0.0,0
1.22,-2.5053,0.9333,359.9566,0.0,0.0,359.9566,,,,,,,,,,,,0.0,0.0,0.0,0.0,0
1.24,-2.5053,0.9333,359.9566,0.0,0.0,359.9566,,,,,,,,,,,,0.0,0.0,0.0,0.0,0
1.26,-2.5056,0.9286,359.9486,0.0,0.0,359.9486,,,,,,,,,,,,0.0,0.0,0.0,0.0,0
1.28,-2.5056,0.9286,359.9486,0.0,0.0,359.9486,,,,,,,,,,,,0.0,0.0,0.0,0.0,0
1.3,-2.5056,0.9286,359.9486,0.0,0.0,359.9486,,,,,,,,,,,,0.0,0.0,0.0,0.0,0
1.32,-2.5056,0.9286,359.9486,0.0,0.0,359.9486,,,,,,,,,,,,0.0,0.0,0.0,0.0,0
1.34,-2.5056,0.9286,359.9486,0.0,0.0,359.9486,,,,,,,,,,,,0.0,0.0,0.0,0.0,0
1.36,-2.5053,0.9248,359.9432,0.0,0.0,359.9432,,,,,,,,,,,,0.0,0.0,0.0,0.0,0
1.38,-2.5053,0.9248,359.9432,0.0,0.0,359.9432,,,,,,,,,,,,0.0,0.0,0.0,0.0,0
1.4,-2.5053,0.9248,359.9432,0.0,0.0,359.9432,,,,,,,,,,,,0.0,0.0,0.0,0.0,0
1.42,-2.5053,0.9248,359.9432,0.0,0.0,359.9432,,,,,,,,,,,,0.0,0.0,0.0,0.0,0
1.44,-2.5053,0.9248,359.9432,0.0,0.0,359.9432,,,,,,,,,,,,0.0,0.0,0.0,0.0,0
1.46,-2.5088,0.9219,114.3622,-0.0043,-0.0004,114.3622,,,,,,,,,,,,0.0,0.0,0.0,0.0,0
1.48,-2.5088,0.9219,114.3622,-0.0043,-0.0004,114.3622,,,,,,,,,,,,0.0,0.0,0.0,0.0,0
1.5,-2.5088,0.9219,114.3622,-0.0043,-0.0004,114.3622,,,,,,,,,,,,0.0,0.0,0.0,0.0,0
1.52,-2.5088,0.9219,114.3622,-0.0043,-0.0004,114.3622,,,,,,,,,,,,0.0,0.0,0.0,0.0,0
1.54,-2.5088,0.9219,114.3622,-0.0043,-0.0004,114.3622,,,,,,,,,,,,0.0,0.0,0.0,0.0,0
1.56,-2.5046,0.924,114.3477,-0.0022,-0.0002,114.3478,,,,,,,,,,,,0.0,0.0,0.0,0.0,0
1.58,-2.5046,0.924,114.3477,-0.0022,-0.0002,114.3478,,,,,,,,,,,,0.0,0.0,0.0,0.0,0
1.6,-2.5046,0.924,114.3477,-0.0022,-0.0002,114.3478,,,,,,,,,,,,0.0,0.0,0.0,0.0,0
1.62,-2.5046,0.924,114.3477,-0.0022,-0.0002,114.3478,,,,,,,,,,,,0.0,0.0,0.0,0.0,0
1.64,-2.5046,0.924,114.3477,-0.0022,-0.0002,114.3478,,,,,,,,,,,,0.0,0.0,0.0,0.0,0
1.66,-2.4982,0.9208,114.3245,-0.0011,-0.0001,114.3245,,,,,,,,,,,,0.0,0.0,0.0,0.0,0
1.68,-2.4982,0.9208,114.3245,-0.0011,-0.0001,114.3245,,,,,,,,,,,,0.0,0.0,0.0,0.0,0
1.7,-2.4982,0.9208,114.3245,-0.0011,-0.0001,114.3245,,,,,,,,,,,,0.0,0.0,0.0,0.0,0
1.72,-2.4982,0.9208,114.3245,-0.0011,-0.0001,114.3245,,,,,,,,,,,,0.0,0.0,0.0,0.0,0
1.74,-2.4982,0.9208,114.3245,-0.0011,-0.0001,114.3245,,,,,,,,,,,,0.0,0.0,0.0,0.0,0
1.76,-2.491,0.9211,114.2973,-0.0006,-0.0001,114.2973,,,,,,,,,,,,0.0,0.0,0.0,0.0,0
1.78,-2.491,0.9211,114.2973,-0.0006,-0.0001,114.2973,,,,,,,,,,,,0.0,0.0,0.0,0.0,0
1.8,-2.491,0.9211,114.2973,-0.0006,-0.0001,114.2973,,,,,,,,,,,,0.0,0.0,0.0,0.0,0
1.82,-2.491,0.9211,114.2973,-0.0006,-0.0001,114.2973,,,,,,,,,,,,0.0,0.0,0.0,0.0,0
1.84,-2.491,0.9211,114.2973,-0.0006,-0.0001,114.2973,,,,,,,,,,,,0.0,0.0,0.0,0.0,0
1.86,-2.4849,0.9225,114.2992,-0.0004,-0.0,114.2992,,,,,,,,,,,,0.0,0.0,0.0,0.0,0
1.88,-2.4849,0.9225,114.2992,-0.0004,-0.0,114.2992,,,,,,,,,,,,0.0,0.0,0.0,0.0,0
1.9,-2.4849,0.9225,114.2992,-0.0004,-0.0,114.2992,,,,,,,,,,,,0.0,0.0,0.0,0.0,0
1.92,-2.4849,0.9225,114.2992,-0.0004,-0.0,114.2992,,,,,,,,,,,,0.0,0.0,0.0,0.0,0
1.94,-2.4849,0.9225,114.2992,-0.0004,-0.0,114.2992,,,,,,,,,,,,0.0,0.0,0.0,0.0,0
1.96,-2.4812,0.9212,114.292,-0.0004,-0.0,114.292,,,,,,,,,,,,0.0,0.0,0.0,0.0,0
1.98,-2.4812,0.9212,114.292,-0.0004,-0.0,114.292,,,,,,,,,,,,0.0,0.0,0.0,0.0,0
2.0,-2.4812,0.9212,114.292,-0.0004,-0.0,114.292,,,,,,,,,,,,0.0,0.0,0.0,0.0,0
2.02,-2.4812,0.9212,114.292,-0.0004,-0.0,114.292,,,,,,,,,,,,0.0,0.0,0.0,0.0,0
2.04,-2.4812,0.9212,114.292,-0.0004,-0.0,114.292,,,,,,,,,,,,0.0,0.0,0.0,0.0,0
2.06,-2.4781,0.9175,114.2942,-0.0004,-0.0,114.2942,,,,,,,,,,,,0.0,0.0,0.0,0.0,0
2.08,-2.4781,0.9175,114.2942,-0.0004,-0.0,114.2942,,,,,,,,,,,,0.0,0.0,0.0,0.0,0
2.1,-2.4781,0.9175,114.2942,-0.0004,-0.0,114.2942,,,,,,,,,,,,0.0,0.0,0.0,0.0,0
2.12,-2.4781,0.9175,114.2942,-0.0004,-0.0,114.2942,,,,,,,,,,,,0.0,0.0,0.0,0.0,0
2.14,-2.4781,0.9175,114.2942,-0.0004,-0.0,114.2942,,,,,,,,,,,,0.0,0.0,0.0,0.0,0
2.16,-2.4755,0.921,114.2909,-0.0004,-0.0,114.2909,,,,,,,,,,,,0.0,0.0,0.0,0.0,0
2.18,-2.4755,0.921,114.2909,-0.0004,-0.0,114.2909,,,,,,,,,,,,0.0,0.0,0.0,0.0,0
2.2,-2.4755,0.921,114.2909,-0.0004,-0.0,114.2909,,,,,,,,,,,,0.0,0.0,0.0,0.0,0
2.22,-2.4755,0.921,114.2909,-0.0004,-0.0,114.2909,,,,,,,,,,,,0.0,0.0,0.0,0.0,0
2.24,-2.4755,0.921,114.2909,-0.0004,-0.0,114.2909,,,,,,,,,,,,0.0,0.0,0.0,0.0,0
2.26,-2.4764,0.9173,114.2896,-0.0004,-0.0,114.2896,,,,,,,,,,,,0.0,0.0,0.0,0.0,0
2.28,-2.4764,0.9173,114.2896,-0.0004,-0.0,114.2896,,,,,,,,,,,,0.0,0.0,0.0,0.0,0
2.3,-2.4764,0.9173,114.2896,-0.0004,-0.0,114.2896,,,,,,,,,,,,0.0,0.0,0.0,0.0,0
2.32,-2.4764,0.9173,114.2896,-0.0004,-0.0,114.2896,,,,,,,,,,,,0.0,0.0,0.0,0.0,0
2.34,-2.4764,0.9173,114.2896,-0.0004,-0.0,114.2896,,,,,,,,,,,,0.0,0.0,0.0,0.0,0
2.36,-2.471,0.9159,114.2892,-0.0004,-0.0,114.2892,,,,,,,,,,,,0.0,0.0,0.0,0.0,0
2.38,-2.471,0.9159,114.2892,-0.0004,-0.0,114.2892,,,,,,,,,,,,0.0,0.0,0.0,0.0,0
2.4,-2.471,0.9159,114.2892,-0.0004,-0.0,114.2892,,,,,,,,,,,,0.0,0.0,0.0,0.0,0
2.42,-2.471,0.9159,114.2892,-0.0004,-0.0,114.2892,,,,,,,,,,,,0.0,0.0,0.0,0.0,0
2.44,-2.471,0.9159,114.2892,-0.0004,-0.0,114.2892,,,,,,,,,,,,0.0,0.0,0.0,0.0,0
2.46,-2.471,0.9165,114.2994,-0.0004,-0.0,114.2994,,,,,,,,,,,,0.0,0.0,0.0,0.0,0
2.48,-2.471,0.9165,114.2994,-0.0004,-0.0,114.2994,,,,,,,,,,,,0.0,0.0,0.0,0.0,0
2.5,-2.471,0.9165,114.2994,-0.0004,-0.0,114.2994,,,,,,,,,,,,0.0,0.0,0.0,0.0,0
2.52,-2.471,0.9165,114.2994,-0.0004,-0.0,114.2994,,,,,,,,,,,,0.0,0.0,0.0,0.0,0
2.54,-2.471,0.9165,114.2994,-0.0004,-0.0,114.2994,,,,,,,,,,,,0.0,0.0,0.0,0.0,0
2.56,-2.473,0.9149,114.3052,-0.0004,-0.0,114.3052,,,,,,,,,,,,0.0,0.0,0.0,0.0,0
2.58,-2.473,0.9149,114.3052,-0.0004,-0.0,114.3052,,,,,,,,,,,,0.0,0.0,0.0,0.0,0
2.6,-2.473,0.9149,114.3052,-0.0004,-0.0,114.3052,,,,,,,,,,,,0.0,0.0,0.0,0.0,0
2.62,-2.473,0.9149,114.3052,-0.0004,-0.0,114.3052,,,,,,,,,,,,0.0,0.0,0.0,0.0,0
2.64,-2.473,0.9149,114.3052,-0.0004,-0.0,114.3052,,,,,,,,,,,,0.0,0.0,0.0,0.0,0
2.66,-2.4729,0.9177,114.314,-0.0004,-0.0,114.314,,,,,,,,,,,,0.0,0.0,0.0,0.0,0
2.68,-2.4729,0.9177,114.314,-0.0004,-0.0,114.314,,,,,,,,,,,,0.0,0.0,0.0,0.0,0
2.7,-2.4729,0.9177,114.314,-0.0004,-0.0,114.314,,,,,,,,,,,,0.0,0.0,0.0,0.0,0
2.72,-2.4729,0.9177,114.314,-0.0004,-0.0,114.314,,,,,,,,,,,,0.0,0.0,0.0,0.0,0
2.74,-2.4729,0.9177,114.314,-0.0004,-0.0,114.314,,,,,,,,,,,,0.0,0.0,0.0,0.0,0
2.76,-2.4721,0.9217,114.3141,-0.0004,-0.0,114.3141,,,,,,,,,,,,0.0,0.0,0.0,0.0,0
2.78,-2.4721,0.9217,114.3141,-0.0004,-0.0,114.3141,,,,,,,,,,,,0.0,0.0,0.0,0.0,0
2.8,-2.4721,0.9217,114.3141,-0.0004,-0.0,114.3141,,,,,,,,,,,,0.0,0.0,0.0,0.0,0
2.82,-2.4721,0.9217,114.3141,-0.0004,-0.0,114.3141,,,,,,,,,,,,0.0,0.0,0.0,0.0,0
2.84,-2.4721,0.9217,114.3141,-0.0004,-0.0,114.3141,,,,,,,,,,,,0.0,0.0,0.0,0.0,0
2.86,-2.4723,0.9258,114.3115,-0.0004,-0.0,114.3115,,,,,,,,,,,,0.0,0.0,0.0,0.0,0
2.88,-2.4723,0.9258,114.3115,-0.0004,-0.0,114.3115,,,,,,,,,,,,0.0,0.0,0.0,0.0,0
2.9,-2.4723,0.9258,114.3115,-0.0004,-0.0,114.3115,,,,,,,,,,,,0.0,0.0,0.0,0.0,0
2.92,-2.4723,0.9258,114.3115,-0.0004,-0.0,114.3115,,,,,,,,,,,,0.0,0.0,0.0,0.0,0
2.94,-2.4723,0.9258,114.3115,-0.0004,-0.0,114.3115,,,,,,,,,,,,0.0,0.0,0.0,0.0,0
2.96,-2.4732,0.9283,114.3062,-0.0004,-0.0,114.3062,,,,,,,,,,,,0.0,0.0,0.0,0.0,0
2.98,-2.4732,0.9283,114.3062,-0.0004,-0.0,114.3062,,,,,,,,,,,,0.0,0.0,0.0,0.0,0
3.0,-2.4732,0.9283,114.3062,-0.0004,-0.0,114.3062,,,,,,,,,,,,0.0,0.0,0.0,0.0,0
3.02,-2.4732,0.9283,114.3062,-0.0004,-0.0,114.3062,,,,,,,,,,,,0.0,0.0,0.0,0.0,0
3.04,-2.4732,0.9283,114.3062,-0.0004,-0.0,114.3062,,,,,,,,,,,,0.0,0.0,0.0,0.0,0
3.06,-2.4734,0.9291,114.2953,-0.0004,-0.0,114.2953,,,,,,,,,,,,0.0,0.0,0.0,0.0,0
3.08,-2.4734,0.9291,114.2953,-0.0004,-0.0,114.2953,,,,,,,,,,,,0.0,0.0,0.0,0.0,0
3.1,-2.4734,0.9291,114.2953,-0.0004,-0.0,114.2953,,,,,,,,,,,,0.0,0.0,0.0,0.0,0
3.12,-2.4734,0.9291,114.2953,-0.0004,-0.0,114.2953,,,,,,,,,,,,0.0,0.0,0.0,0.0,0
3.14,-2.4734,0.9291,114.2953,-0.0004,-0.0,114.2953,,,,,,,,,,,,0.0,0.0,0.0,0.0,0
3.16,-2.4739,0.9324,114.2917,-0.0004,-0.0,114.2917,,,,,,,,,,,,0.0,0.0,0.0,0.0,0
3.18,-2.4739,0.9324,114.2917,-0.0004,-0.0,114.2917,,,,,,,,,,,,0.0,0.0,0.0,0.0,0
3.2,-2.4739,0.9324,114.2917,-0.0004,-0.0,114.2917,,,,,,,,,,,,0.0,0.0,0.0,0.0,0
3.22,-2.4739,0.9324,114.2917,-0.0004,-0.0,114.2917,,,,,,,,,,,,0.0,0.0,0.0,0.0,0
3.24,-2.4739,0.9324,114.2917,-0.0004,-0.0,114.2917,,,,,,,,,,,,0.0,0.0,0.0,0.0,0
3.26,-2.4739,0.9301,114.2814,-0.0004,-0.0,114.2814,,,,,,,,,,,,0.0,0.0,0.0,0.0,0
3.28,-2.4739,0.9301,114.2814,-0.0004,-0.0,114.2814,,,,,,,,,,,,0.0,0.0,0.0,0.0,0
3.3,-2.4739,0.9301,114.2814,-0.0004,-0.0,114.2814,,,,,,,,,,,,0.0,0.0,0.0,0.0,0
3.32,-2.4739,0.9301,114.2814,-0.0004,-0.0,114.2814,,,,,,,,,,,,0.0,0.0,0.0,0.0,0
3.34,-2.4739,0.9301,114.2814,-0.0004,-0.0,114.2814,,,,,,,,,,,,0.0,0.0,0.0,0.0,0
3.36,-2.4706,0.9271,114.2816,-0.0004,-0.0,114.2816,,,,,,,,,,,,0.0,0.0,0.0,0.0,0
3.38,-2.4706,0.9271,114.2816,-0.0004,-0.0,114.2816,,,,,,,,,,,,0.0,0.0,0.0,0.0,0
3.4,-2.4706,0.9271,114.2816,-0.0004,-0.0,114.2816,,,,,,,,,,,,0.0,0.0,0.0,0.0,0
3.42,-2.4706,0.9271,114.2816,-0.0004,-0.0,114.2816,,,,,,,,,,,,0.0,0.0,0.0,0.0,0
3.44,-2.4706,0.9271,114.2816,-0.0004,-0.0,114.2816,,,,,,,,,,,,0.0,0.0,0.0,0.0,0
3.46,-2.4662,0.9279,114.2739,-0.0004,-0.0,114.2739,,,,,,,,,,,,0.0,0.0,0.0,0.0,0
3.48,-2.4662,0.9279,114.2739,-0.0004,-0.0,114.2739,,,,,,,,,,,,0.0,0.0,0.0,0.0,0
3.5,-2.4662,0.9279,114.2739,-0.0004,-0.0,114.2739,,,,,,,,,,,,0.0,0.0,0.0,0.0,0
3.52,-2.4662,0.9279,114.2739,-0.0004,-0.0,114.2739,,,,,,,,,,,,0.0,0.0,0.0,0.0,0
3.54,-2.4662,0.9279,114.2739,-0.0004,-0.0,114.2739,,,,,,,,,,,,0.0,0.0,0.0,0.0,0
3.56,-2.4627,0.9251,114.2748,-0.0004,-0.0,114.2748,,,,,,,,,,,,0.0,0.0,0.0,0.0,0
3.58,-2.4627,0.9251,114.2748,-0.0004,-0.0,114.2748,,,,,,,,,,,,0.0,0.0,0.0,0.0,0
3.6,-2.4627,0.9251,114.2748,-0.0004,-0.0,114.2748,,,,,,,,,,,,0.0,0.0,0.0,0.0,0
3.62,-2.4627,0.9251,114.2748,-0.0004,-0.0,114.2748,,,,,,,,,,,,0.0,0.0,0.0,0.0,0
3.64,-2.4627,0.9251,114.2748,-0.0004,-0.0,114.2748,,,,,,,,,,,,0.0,0.0,0.0,0.0,0
3.66,-2.4574,0.9209,114.2683,-0.0004,-0.0,114.2683,,,,,,,,,,,,0.0,0.0,0.0,0.0,0
3.68,-2.4574,0.9209,114.2683,-0.0004,-0.0,114.2683,,,,,,,,,,,,0.0,0.0,0.0,0.0,0
3.7,-2.4574,0.9209,114.2683,-0.0004,-0.0,114.2683,,,,,,,,,,,,0.0,0.0,0.0,0.0,0
3.72,-2.4574,0.9209,114.2683,-0.0004,-0.0,114.2683,,,,,,,,,,,,0.0,0.0,0.0,0.0,0
3.74,-2.4574,0.9209,114.2683,-0.0004,-0.0,114.2683,,,,,,,,,,,,0.0,0.0,0.0,0.0,0
3.76,-2.4525,0.9139,114.2705,-0.0004,-0.0,114.2705,,,,,,,,,,,,0.0,0.0,0.0,0.0,0
3.78,-2.4525,0.9139,114.2705,-0.0004,-0.0,114.2705,,,,,,,,,,,,0.0,0.0,0.0,0.0,0
3.8,-2.4525,0.9139,114.2705,-0.0004,-0.0,114.2705,,,,,,,,,,,,0.0,0.0,0.0,0.0,0
3.82,-2.4525,0.9139,114.2705,-0.0004,-0.0,114.2705,,,,,,,,,,,,0.0,0.0,0.0,0.0,0
3.84,-2.4525,0.9139,114.2705,-0.0004,-0.0,114.2705,,,,,,,,,,,,0.0,0.0,0.0,0.0,0
3.86,-2.447,0.9121,114.2618,-0.0004,-0.0,114.2618,,,,,,,,,,,,0.0,0.0,0.0,0.0,0
3.88,-2.447,0.9121,114.2618,-0.0004,-0.0,114.2618,,,,,,,,,,,,0.0,0.0,0.0,0.0,0
3.9,-2.447,0.9121,114.2618,-0.0004,-0.0,114.2618,,,,,,,,,,,,0.0,0.0,0.0,0.0,0
3.92,-2.447,0.9121,114.2618,-0.0004,-0.0,114.2618,,,,,,,,,,,,0.0,0.0,0.0,0.0,0
3.94,-2.447,0.9121,114.2618,-0.0004,-0.0,114.2618,,,,,,,,,,,,0.0,0.0,0.0,0.0,0
3.96,-2.4433,0.91,114.258,-0.0004,-0.0,114.258,,,,,,,,,,,,0.0,0.0,0.0,0.0,0
3.98,-2.4433,0.91,114.258,-0.0004,-0.0,114.258,,,,,,,,,,,,0.0,0.0,0.0,0.0,0
4.0,-2.4433,0.91,114.258,-0.0004,-0.0,114.258,,,,,,,,,,,,0.0,0.0,0.0,0.0,0
4.02,-2.4433,0.91,114.258,-0.0004,-0.0,114.258,,,,,,,,,,,,0.0,0.0,0.0,0.0,0
4.04,-2.4433,0.91,114.258,-0.0004,-0.0,114.258,,,,,,,,,,,,0.0,0.0,0.0,0.0,0
4.06,-2.44,0.91,114.2525,-0.0004,-0.0,114.2525,,,,,,,,,,,,0.0,0.0,0.0,0.0,0
4.08,-2.44,0.91,114.2525,-0.0004,-0.0,114.2525,,,,,,,,,,,,0.0,0.0,0.0,0.0,0
4.1,-2.44,0.91,114.2525,-0.0004,-0.0,114.2525,,,,,,,,,,,,0.0,0.0,0.0,0.0,0
4.12,-2.44,0.91,114.2525,-0.0004,-0.0,114.2525,,,,,,,,,,,,0.0,0.0,0.0,0.0,0
4.14,-2.44,0.91,114.2525,-0.0004,-0.0,114.2525,,,,,,,,,,,,0.0,0.0,0.0,0.0,0
4.16,-2.4341,0.9101,114.2492,-0.0004,-0.0,114.2492,,,,,,,,,,,,0.0,0.0,0.0,0.0,0
4.18,-2.4341,0.9101,114.2492,-0.0004,-0.0,114.2492,,,,,,,,,,,,0.0,0.0,0.0,0.0,0
4.2,-2.4341,0.9101,114.2492,-0.0004,-0.0,114.2492,,,,,,,,,,,,0.0,0.0,0.0,0.0,0
4.22,-2.4341,0.9101,114.2492,-0.0004,-0.0,114.2492,,,,,,,,,,,,0.0,0.0,0.0,0.0,0
4.24,-2.4341,0.9101,114.2492,-0.0004,-0.0,114.2492,,,,,,,,,,,,0.0,0.0,0.0,0.0,0
4.26,-2.4242,0.9065,114.2428,-0.0004,-0.0,114.2428,,,,,,,,,,,,0.0,0.0,0.0,0.0,0
4.28,-2.4242,0.9065,114.2428,-0.0004,-0.0,114.2428,,,,,,,,,,,,0.0,0.0,0.0,0.0,0
4.3,-2.4242,0.9065,114.2428,-0.0004,-0.0,114.2428,,,,,,,,,,,,0.0,0.0,0.0,0.0,0
4.32,-2.4242,0.9065,114.2428,-0.0004,-0.0,114.2428,,,,,,,,,,,,0.0,0.0,0.0,0.0,0
4.34,-2.4242,0.9065,114.2428,-0.0004,-0.0,114.2428,,,,,,,,,,,,0.0,0.0,0.0,0.0,0
4.36,-2.424,0.9059,114.2448,-0.0004,-0.0,114.2448,,,,,,,,,,,,0.0,0.0,0.0,0.0,0
4.38,-2.424,0.9059,114.2448,-0.0004,-0.0,114.2448,,,,,,,,,,,,0.0,0.0,0.0,0.0,0
4.4,-2.424,0.9059,114.2448,-0.0004,-0.0,114.2448,,,,,,,,,,,,0.0,0.0,0.0,0.0,0
4.42,-2.424,0.9059,114.2448,-0.0004,-0.0,114.2448,,,,,,,,,,,,0.0,0.0,0.0,0.0,0
4.44,-2.424,0.9059,114.2448,-0.0004,-0.0,114.2448,,,,,,,,,,,,0.0,0.0,0.0,0.0,0
4.46,-2.4217,0.9049,114.2376,-0.0004,-0.0,114.2376,,,,,,,,,,,,0.0,0.0,0.0,0.0,0
4.48,-2.4217,0.9049,114.2376,-0.0004,-0.0,114.2376,,,,,,,,,,,,0.0,0.0,0.0,0.0,0
4.5,-2.4217,0.9049,114.2376,-0.0004,-0.0,114.2376,,,,,,,,,,,,0.0,0.0,0.0,0.0,0
4.52,-2.4217,0.9049,114.2376,-0.0004,-0.0,114.2376,,,,,,,,,,,,0.0,0.0,0.0,0.0,0
4.54,-2.4217,0.9049,114.2376,-0.0004,-0.0,114.2376,,,,,,,,,,,,0.0,0.0,0.0,0.0,0
4.56,-2.4226,0.9002,114.2353,-0.0004,-0.0,114.2353,,,,,,,,,,,,0.0,0.0,0.0,0.0,0
4.58,-2.4226,0.9002,114.2353,-0.0004,-0.0,114.2353,,,,,,,,,,,,0.0,0.0,0.0,0.0,0
4.6,-2.4226,0.9002,114.2353,-0.0004,-0.0,114.2353,,,,,,,,,,,,0.0,0.0,0.0,0.0,0
4.62,-2.4226,0.9002,114.2353,-0.0004,-0.0,114.2353,,,,,,,,,,,,0.0,0.0,0.0,0.0,0
4.64,-2.4226,0.9002,114.2353,-0.0004,-0.0,114.2353,,,,,,,,,,,,0.0,0.0,0.0,0.0,0
4.66,-2.4181,0.9007,114.2293,-0.0004,-0.0,114.2293,,,,,,,,,,,,0.0,0.0,0.0,0.0,0
4.68,-2.4181,0.9007,114.2293,-0.0004,-0.0,114.2293,,,,,,,,,,,,0.0,0.0,0.0,0.0,0
4.7,-2.4181,0.9007,114.2293,-0.0004,-0.0,114.2293,,,,,,,,,,,,0.0,0.0,0.0,0.0,0
4.72,-2.4181,0.9007,114.2293,-0.0004,-0.0,114.2293,,,,,,,,,,,,0.0,0.0,0.0,0.0,0
4.74,-2.4181,0.9007,114.2293,-0.0004,-0.0,114.2293,,,,,,,,,,,,0.0,0.0,0.0,0.0,0
4.76,-2.4199,0.9003,114.2296,-0.0004,-0.0,114.2296,,,,,,,,,,,,0.0,0.0,0.0,0.0,0
4.78,-2.4199,0.9003,114.2296,-0.0004,-0.0,114.2296,,,,,,,,,,,,0.0,0.0,0.0,0.0,0
4.8,-2.4199,0.9003,114.2296,-0.0004,-0.0,114.2296,,,,,,,,,,,,0.0,0.0,0.0,0.0,0
4.82,-2.4199,0.9003,114.2296,-0.0004,-0.0,114.2296,,,,,,,,,,,,0.0,0.0,0.0,0.0,0
4.84,-2.4199,0.9003,114.2296,-0.0004,-0.0,114.2296,,,,,,,,,,,,0.0,0.0,0.0,0.0,0
4.86,-2.4185,0.899,114.2276,-0.0004,-0.0,114.2276,,,,,,,,,,,,0.0,0.0,0.0,0.0,0
4.88,-2.4185,0.899,114.2276,-0.0004,-0.0,114.2276,,,,,,,,,,,,0.0,0.0,0.0,0.0,0
4.9,-2.4185,0.899,114.2276,-0.0004,-0.0,114.2276,,,,,,,,,,,,0.0,0.0,0.0,0.0,0
4.92,-2.4185,0.899,114.2276,-0.0004,-0.0,114.2276,,,,,,,,,,,,0.0,0.0,0.0,0.0,0
4.94,-2.4185,0.899,114.2276,-0.0004,-0.0,114.2276,,,,,,,,,,,,0.0,0.0,0.0,0.0,0
4.96,-2.4207,0.8999,114.2243,-0.0004,-0.0,114.2243,,,,,,,,,,,,0.0,0.0,0.0,0.0,0
4.98,-2.4207,0.8999,114.2243,-0.0004,-0.0,114.2243,,,,,,,,,,,,0.0,0.0,0.0,0.0,0
5.0,-2.4207,0.8999,114.2243,-0.0004,-0.0,114.2243,,,,,,,,,,,,0.0,0.0,0.0,0.0,0
5.02,-2.4207,0.8999,114.2243,-0.0004,-0.0,114.2243,,,,,,,,,,,,0.0,0.0,0.0,0.0,0
5.04,-2.4207,0.8999,114.2243,-0.0004,-0.0,114.2243,,,,,,,,,,,,0.0,0.0,0.0,0.0,0
5.06,-2.4246,0.9001,114.2263,-0.0004,-0.0,114.2263,,,,,,,,,,,,0.0,0.0,0.0,0.0,0
5.08,-2.4246,0.9001,114.2263,-0.0004,-0.0,114.2263,,,,,,,,,,,,0.0,0.0,0.0,0.0,0
5.1,-2.4246,0.9001,114.2263,-0.0004,-0.0,114.2263,,,,,,,,,,,,0.0,0.0,0.0,0.0,0
5.12,-2.4246,0.9001,114.2263,-0.0004,-0.0,114.2263,,,,,,,,,,,,0.0,0.0,0.0,0.0,0
5.14,-2.4246,0.9001,114.2263,-0.0004,-0.0,114.2263,,,,,,,,,,,,0.0,0.0,0.0,0.0,0
5.16,-2.4272,0.8985,114.2194,-0.0004,-0.0,114.2194,,,,,,,,,,,,0.0,0.0,0.0,0.0,0
5.18,-2.4272,0.8985,114.2194,-0.0004,-0.0,114.2194,,,,,,,,,,,,0.0,0.0,0.0,0.0,0
5.2,-2.4272,0.8985,114.2194,-0.0004,-0.0,114.2194,,,,,,,,,,,,0.0,0.0,0.0,0.0,0
5.22,-2.4272,0.8985,114.2194,-0.0004,-0.0,114.2194,,,,,,,,,,,,0.0,0.0,0.0,0.0,0
5.24,-2.4272,0.8985,114.2194,-0.0004,-0.0,114.2194,,,,,,,,,,,,0.0,0.0,0.0,0.0,0
5.26,-2.4297,0.8966,114.222,-0.0004,-0.0,114.222,,,,,,,,,,,,0.0,0.0,0.0,0.0,0
5.28,-2.4297,0.8966,114.222,-0.0004,-0.0,114.222,,,,,,,,,,,,0.029,0.029,0.029,0.029,0
5.3,-2.4297,0.8966,114.222,-0.0004,-0.0,114.222,,,,,,,,,,,,0.029,0.029,0.029,0.029,0
5.32,-2.4297,0.8966,114.222,-0.0004,-0.0,114.222,,,,,,,,,,,,0.029,0.029,0.029,0.029,0
5.34,-2.4297,0.8966,114.222,-0.0004,-0.0,114.222,,,,,,,,,,,,0.029,0.029,0.029,0.029,0
5.36,-2.4329,0.9008,114.2044,-0.0004,-0.0,114.2044,,,,,,,,,,,,0.029,0.029,0.029,0.029,0
5.38,-2.4329,0.9008,114.2044,-0.0004,-0.0,114.2044,,,,,,,,,,,,0.059,0.059,0.059,0.059,0
5.4,-2.4329,0.9008,114.2044,-0.0004,-0.0,114.2044,,,,,,,,,,,,0.059,0.059,0.059,0.059,0
5.42,-2.4329,0.9008,114.2044,-0.0004,-0.0,114.2044,,,,,,,,,,,,0.059,0.059,0.059,0.059,0
5.44,-2.4329,0.9008,114.2044,-0.0004,-0.0,114.2044,,,,,,,,,,,,0.059,0.059,0.059,0.059,0
5.46,-2.433,0.8984,114.2527,-0.0004,-0.0,114.2527,,,,,,,,,,,,0.059,0.059,0.059,0.059,0
5.48,-2.433,0.8984,114.2527,-0.0004,-0.0,114.2527,,,,,,,,,,,,0.089,0.089,0.089,0.089,0
5.5,-2.433,0.8984,114.2527,-0.0004,-0.0,114.2527,,,,,,,,,,,,0.089,0.089,0.089,0.089,0
5.52,-2.433,0.8984,114.2527,-0.0004,-0.0,114.2527,,,,,,,,,,,,0.089,0.089,0.089,0.089,0
5.54,-2.433,0.8984,114.2527,-0.0004,-0.0,114.2527,,,,,,,,,,,,0.089,0.089,0.089,0.089,0
5.56,-2.4436,0.9,114.2369,-0.0004,-0.0,114.2369,,,,,,,,,,,,0.089,0.089,0.089,0.089,0
5.58,-2.4436,0.9,114.2369,-0.0004,-0.0,114.2369,,,,,,,,,,,,0.1,0.1,0.1,0.1,0
5.6,-2.4436,0.9,114.2369,-0.0004,-0.0,114.2369,,,,,,,,,,,,0.1,0.1,0.1,0.1,0
5.62,-2.4436,0.9,114.2369,-0.0004,-0.0,114.2369,,,,,,,,,,,,0.1,0.1,0.1,0.1,0
5.64,-2.4436,0.9,114.2369,-0.0004,-0.0,114.2369,,,,,,,,,,,,0.1,0.1,0.1,0.1,0
5.66,-2.4602,0.914,114.0499,-0.0004,-0.0,114.05,,,,,,,,,,,,0.1,0.1,0.1,0.1,0
5.68,-2.4602,0.914,114.0499,-0.0004,-0.0,114.05,,,,,,,,,,,,0.1,0.1,0.1,0.1,0
5.7,-2.4602,0.914,114.0499,-0.0004,-0.0,114.05,,,,,,,,,,,,0.1,0.1,0.1,0.1,0
5.72,-2.4602,0.914,114.0499,-0.0004,-0.0,114.05,,,,,,,,,,,,0.1,0.1,0.1,0.1,0
5.74,-2.4602,0.914,114.0499,-0.0004,-0.0,114.05,,,,,,,,,,,,0.1,0.1,0.1,0.1,0
5.76,-2.4492,0.8982,114.1828,-0.0004,-0.0,114.1828,,,,,,,,,,,,0.1,0.1,0.1,0.1,0
5.78,-2.4492,0.8982,114.1828,-0.0004,-0.0,114.1828,,,,,,,,,,,,0.1,0.1,0.1,0.1,0
5.8,-2.4492,0.8982,114.1828,-0.0004,-0.0,114.1828,,,,,,,,,,,,0.1,0.1,0.1,0.1,0
5.82,-2.4492,0.8982,114.1828,-0.0004,-0.0,114.1828,,,,,,,,,,,,0.1,0.1,0.1,0.1,0
5.84,-2.4492,0.8982,114.1828,-0.0004,-0.0,114.1828,,,,,,,,,,,,0.1,0.1,0.1,0.1,0
5.86,-2.4861,0.9156,113.8888,-0.0004,-0.0,113.8888,,,,,,,,,,,,0.1,0.1,0.1,0.1,0
5.88,-2.4861,0.9156,113.8888,-0.0004,-0.0,113.8888,,,,,,,,,,,,0.125,0.125,0.125,0.125,0
5.9,-2.4861,0.9156,113.8888,-0.0004,-0.0,113.8888,,,,,,,,,,,,0.125,0.125,0.125,0.125,0
5.92,-2.4861,0.9156,113.8888,-0.0004,-0.0,113.8888,,,,,,,,,,,,0.125,0.125,0.125,0.125,0
5.94,-2.4861,0.9156,113.8888,-0.0004,-0.0,113.8888,,,,,,,,,,,,0.125,0.125,0.125,0.125,0
5.96,-2.483,0.9141,113.995,-0.0004,-0.0,113.9793,,,,,,,,,,,,0.125,0.125,0.125,0.125,0
5.98,-2.483,0.9141,113.995,-0.0004,-0.0,113.9793,,,,,,,,,,,,0.15,0.233,0.222,0.18,0
6.0,-2.483,0.9141,113.995,-0.0004,-0.0,113.9793,,,,,,,,,,,,0.15,0.233,0.222,0.18,0
6.02,-2.483,0.9141,113.995,-0.0004,-0.0,113.9793,,,,,,,,,,,,0.15,0.233,0.222,0.18,0
6.04,-2.483,0.9141,113.995,-0.0004,-0.0,113.9793,,,,,,,,,,,,0.15,0.233,0.222,0.18,0
6.06,-2.488,0.9152,113.7392,-0.0004,-0.0,113.9793,,,,,,,,,,,,0.15,0.233,0.222,0.18,0
6.08,-2.488,0.9152,113.7392,-0.0004,-0.0,113.9793,,,,,,,,,,,,0.165,0.244,0.221,0.169,0
6.1,-2.488,0.9152,113.7392,-0.0004,-0.0,113.9793,,,,,,,,,,,,0.165,0.244,0.221,0.169,0
6.12,-2.488,0.9152,113.7392,-0.0004,-0.0,113.9793,,,,,,,,,,,,0.165,0.244,0.221,0.169,0
6.14,-2.488,0.9152,113.7392,-0.0004,-0.0,113.9793,,,,,,,,,,,,0.165,0.244,0.221,0.169,0
6.16,-2.4673,0.9173,113.8393,-0.0004,-0.0,113.9793,,,,,,,,,,,,0.165,0.244,0.221,0.169,0
6.18,-2.4673,0.9173,113.8393,-0.0004,-0.0,113.9793,,,,,,,,,,,,0.175,0.267,0.247,0.211,0
6.2,-2.4673,0.9173,113.8393,-0.0004,-0.0,113.9793,,,,,,,,,,,,0.175,0.267,0.247,0.211,0
6.22,-2.4673,0.9173,113.8393,-0.0004,-0.0,113.9793,,,,,,,,,,,,0.175,0.267,0.247,0.211,0
6.24,-2.4673,0.9173,113.8393,-0.0004,-0.0,113.9793,,,,,,,,,,,,0.175,0.267,0.247,0.211,0
6.26,-2.4938,0.9042,113.3989,-0.0004,-0.0,113.9793,,,,,,,,,,,,0.175,0.267,0.247,0.211,0
6.28,-2.4938,0.9042,113.3989,-0.0004,-0.0,113.9793,,,,,,,,,,,,0.2,0.284,0.254,0.198,0
6.3,-2.4938,0.9042,113.3989,-0.0004,-0.0,113.9793,,,,,,,,,,,,0.2,0.284,0.254,0.198,0
6.32,-2.4938,0.9042,113.3989,-0.0004,-0.0,113.9793,,,,,,,,,,,,0.2,0.284,0.254,0.198,0
6.34,-2.4938,0.9042,113.3989,-0.0004,-0.0,113.9793,,,,,,,,,,,,0.2,0.284,0.254,0.198,0
6.36,-2.4609,0.9073,113.3411,-0.0004,-0.0,113.9793,,,,,,,,,,,,0.2,0.284,0.254,0.198,0
6.38,-2.4609,0.9073,113.3411,-0.0004,-0.0,113.9793,,,,,,,,,,,,0.219,0.291,0.266,0.234,0
6.4,-2.4609,0.9073,113.3411,-0.0004,-0.0,113.9793,,,,,,,,,,,,0.219,0.291,0.266,0.234,0
6.42,-2.4609,0.9073,113.3411,-0.0004,-0.0,113.9793,,,,,,,,,,,,0.219,0.291,0.266,0.234,0
6.44,-2.4609,0.9073,113.3411,-0.0004,-0.0,113.9793,,,,,,,,,,,,0.219,0.291,0.266,0.234,0
6.46,-2.5484,0.9116,112.8939,-0.0004,-0.0,113.9793,,,,,,,,,,,,0.219,0.291,0.266,0.234,0
6.48,-2.5484,0.9116,112.8939,-0.0004,-0.0,113.9793,,,,,,,,,,,,0.222,0.331,0.28,0.226,0
6.5,-2.5484,0.9116,112.8939,-0.0004,-0.0,113.9793,,,,,,,,,,,,0.222,0.331,0.28,0.226,0
6.52,-2.5484,0.9116,112.8939,-0.0004,-0.0,113.9793,,,,,,,,,,,,0.222,0.331,0.28,0.226,0
6.54,-2.5484,0.9116,112.8939,-0.0004,-0.0,113.9793,,,,,,,,,,,,0.222,0.331,0.28,0.226,0
6.56,-2.4252,0.8877,112.7908,-0.0004,-0.0,113.9793,,,,,,,,,,,,0.222,0.331,0.28,0.226,0
6.58,-2.4252,0.8877,112.7908,-0.0004,-0.0,113.9793,,,,,,,,,,,,0.253,0.323,0.281,0.255,0
6.6,-2.4252,0.8877,112.7908,-0.0004,-0.0,113.9793,,,,,,,,,,,,0.253,0.323,0.281,0.255,0
6.62,-2.4252,0.8877,112.7908,-0.0004,-0.0,113.9793,,,,,,,,,,,,0.253,0.323,0.281,0.255,0
6.64,-2.4252,0.8877,112.7908,-0.0004,-0.0,113.9793,,,,,,,,,,,,0.253,0.323,0.281,0.255,0
6.66,-2.4737,0.8846,112.4235,-0.0004,-0.0,113.9793,,,,,,,,,,,,0.253,0.323,0.281,0.255,0
6.68,-2.4737,0.8846,112.4235,-0.0004,-0.0,113.9793,,,,,,,,,,,,0.247,0.346,0.281,0.246,0
6.7,-2.4737,0.8846,112.4235,-0.0004,-0.0,113.9793,,,,,,,,,,,,0.247,0.346,0.281,0.246,0
6.72,-2.4737,0.8846,112.4235,-0.0004,-0.0,113.9793,,,,,,,,,,,,0.247,0.346,0.281,0.246,0
6.74,-2.4737,0.8846,112.4235,-0.0004,-0.0,113.9793,,,,,,,,,,,,0.247,0.346,0.281,0.246,0
6.76,-2.4983,0.8933,112.217,-0.0684,-0.0,113.9793,,,,,,,,,,,,0.247,0.346,0.281,0.246,0
6.78,-2.4983,0.8933,112.217,-0.0684,-0.0,113.9793,,,,,,,,,,,,0.264,0.344,0.289,0.249,0
6.8,-2.4983,0.8933,112.217,-0.0684,-0.0,113.9793,,,,,,,,,,,,0.264,0.344,0.289,0.249,0
6.82,-2.4983,0.8933,112.217,-0.0684,-0.0,113.9793,,,,,,,,,,,,0.264,0.344,0.289,0.249,0
6.84,-2.4983,0.8933,112.217,-0.0684,-0.0,113.9793,,,,,,,,,,,,0.264,0.344,0.289,0.249,0
6.86,-2.5156,0.9223,111.9574,-0.3651,-0.0,113.9793,,,,,,,,,,,,0.264,0.344,0.289,0.249,0
6.88,-2.5156,0.9223,111.9574,-0.3651,-0.0,113.9793,,,,,,,,,,,,0.276,0.376,0.312,0.26,0
6.9,-2.5156,0.9223,111.9574,-0.3651,-0.0,113.9793,,,,,,,,,,,,0.276,0.376,0.312,0.26,0
6.92,-2.5156,0.9223,111.9574,-0.3651,-0.0,113.9793,,,,,,,,,,,,0.276,0.376,0.312,0.26,0
6.94,-2.5156,0.9223,111.9574,-0.3651,-0.0,113.9793,,,,,,,,,,,,0.276,0.376,0.312,0.26,0
6.96,-2.3953,0.8702,111.7049,-0.4716,-0.0,113.9794,,,,,,,,,,,,0.276,0.376,0.312,0.26,0
6.98,-2.3953,0.8702,111.7049,-0.4716,-0.0,113.9794,,,,,,,,,,,,0.351,0.416,0.355,0.328,0
7.0,-2.3953,0.8702,111.7049,-0.4716,-0.0,113.9794,,,,,,,,,,,,0.351,0.416,0.355,0.328,0
7.02,-2.3953,0.8702,111.7049,-0.4716,-0.0,113.9794,,,,,,,,,,,,0.351,0.416,0.355,0.328,0
7.04,-2.3953,0.8702,111.7049,-0.4716,-0.0,113.9794,,,,,,,,,,,,0.351,0.416,0.355,0.328,0
7.06,-2.4631,0.8779,111.4398,-0.2408,-0.0,113.9794,,,,,,,,,,,,0.351,0.416,0.355,0.328,0
7.08,-2.4631,0.8779,111.4398,-0.2408,-0.0,113.9794,,,,,,,,,,,,0.392,0.414,0.364,0.352,0
7.1,-2.4631,0.8779,111.4398,-0.2408,-0.0,113.9794,,,,,,,,,,,,0.392,0.414,0.364,0.352,0
7.12,-2.4631,0.8779,111.4398,-0.2408,-0.0,113.9794,,,,,,,,,,,,0.392,0.414,0.364,0.352,0
7.14,-2.4631,0.8779,111.4398,-0.2408,-0.0,113.9794,,,,,,,,,,,,0.392,0.414,0.364,0.352,0
7.16,-2.4,0.8541,111.0351,-0.1229,-0.0,114.0743,,,,,,,,,,,,0.392,0.414,0.364,0.352,0
7.18,-2.4,0.8541,111.0351,-0.1229,-0.0,114.0743,,,,,,,,,,,,0.394,0.466,0.389,0.36,0
7.2,-2.4,0.8541,111.0351,-0.1229,-0.0,114.0743,,,,,,,,,,,,0.394,0.466,0.389,0.36,0
7.22,-2.4,0.8541,111.0351,-0.1229,-0.0,114.0743,,,,,,,,,,,,0.394,0.466,0.389,0.36,0
7.24,-2.4,0.8541,111.0351,-0.1229,-0.0,114.0743,,,,,,,,,,,,0.394,0.466,0.389,0.36,0
7.26,-2.3849,0.8602,110.7911,-0.1451,-0.0,114.2028,,,,,,,,,,,,0.394,0.466,0.389,0.36,0
7.28,-2.3849,0.8602,110.7911,-0.1451,-0.0,114.2028,,,,,,,,,,,,0.41,0.475,0.396,0.377,0
7.3,-2.3849,0.8602,110.7911,-0.1451,-0.0,114.2028,,,,,,,,,,,,0.41,0.475,0.396,0.377,0
7.32,-2.3849,0.8602,110.7911,-0.1451,-0.0,114.2028,,,,,,,,,,,,0.41,0.475,0.396,0.377,0
7.34,-2.3849,0.8602,110.7911,-0.1451,-0.0,114.2028,,,,,,,,,,,,0.41,0.475,0.396,0.377,0
7.36,-2.4847,0.7134,110.2303,-0.3648,0.0,114.2608,,,,,,,,,,,,0.41,0.475,0.396,0.377,0
7.38,-2.4847,0.7134,110.2303,-0.3648,0.0,114.2608,,,,,,,,,,,,0.438,0.467,0.417,0.346,0
7.4,-2.4847,0.7134,110.2303,-0.3648,0.0,114.2608,,,,,,,,,,,,0.438,0.467,0.417,0.346,0
7.42,-2.4847,0.7134,110.2303,-0.3648,0.0,114.2608,,,,,,,,,,,,0.438,0.467,0.417,0.346,0
7.44,-2.4847,0.7134,110.2303,-0.3648,0.0,114.2608,,,,,,,,,,,,0.438,0.467,0.417,0.346,0
7.46,-2.5574,0.7868,109.8869,-0.5803,0.0,114.5669,,,,,,,,,,,,0.438,0.467,0.417,0.346,0
7.48,-2.5574,0.7868,109.8869,-0.5803,0.0,114.5669,,,,,,,,,,,,0.418,0.497,0.39,0.361,0
7.5,-2.5574,0.7868,109.8869,-0.5803,0.0,114.5669,,,,,,,,,,,,0.418,0.497,0.39,0.361,0
7.52,-2.5574,0.7868,109.8869,-0.5803,0.0,114.5669,,,,,,,,,,,,0.418,0.497,0.39,0.361,0
7.54,-2.5574,0.7868,109.8869,-0.5803,0.0,114.5669,,,,,,,,,,,,0.418,0.497,0.39,0.361,0
7.56,-2.5049,0.8194,109.4919,-0.8764,0.0,114.628,,,,,,,,,,,,0.418,0.497,0.39,0.361,0
7.58,-2.5049,0.8194,109.4919,-0.8764,0.0,114.628,,,,,,,,,,,,0.418,0.495,0.407,0.332,0
7.6,-2.5049,0.8194,109.4919,-0.8764,0.0,114.628,,,,,,,,,,,,0.418,0.495,0.407,0.332,0
7.62,-2.5049,0.8194,109.4919,-0.8764,0.0,114.628,,,,,,,,,,,,0.418,0.495,0.407,0.332,0
7.64,-2.5049,0.8194,109.4919,-0.8764,0.0,114.628,,,,,,,,,,,,0.418,0.495,0.407,0.332,0
7.66,-2.5007,0.7985,108.9694,-1.4219,0.0,114.628,,,,,,,,,,,,0.418,0.495,0.407,0.332,0
7.68,-2.5007,0.7985,108.9694,-1.4219,0.0,114.628,,,,,,,,,,,,0.43,0.492,0.371,0.353,0
7.7,-2.5007,0.7985,108.9694,-1.4219,0.0,114.628,,,,,,,,,,,,0.43,0.492,0.371,0.353,0
7.72,-2.5007,0.7985,108.9694,-1.4219,0.0,114.628,,,,,,,,,,,,0.43,0.492,0.371,0.353,0
7.74,-2.5007,0.7985,108.9694,-1.4219,0.0,114.628,,,,,,,,,,,,0.43,0.492,0.371,0.353,0
7.76,-2.4304,0.8013,108.6418,-2.3347,0.0,114.6263,,,,,,,,,,,,0.43,0.492,0.371,0.353,0
7.78,-2.4304,0.8013,108.6418,-2.3347,0.0,114.6263,,,,,,,,,,,,0.456,0.47,0.336,0.382,0
7.8,-2.4304,0.8013,108.6418,-2.3347,0.0,114.6263,,,,,,,,,,,,0.456,0.47,0.336,0.382,0
7.82,-2.4304,0.8013,108.6418,-2.3347,0.0,114.6263,,,,,,,,,,,,0.456,0.47,0.336,0.382,0
7.84,-2.4304,0.8013,108.6418,-2.3347,0.0,114.6263,,,,,,,,,,,,0.456,0.47,0.336,0.382,0
7.86,-2.5327,0.773,108.1834,-3.2367,-0.0001,113.5779,,,,,,,,,,,,0.456,0.47,0.336,0.382,0
7.88,-2.5327,0.773,108.1834,-3.2367,-0.0001,113.5779,,,,,,,,,,,,0.427,0.475,0.378,0.372,0
7.9,-2.5327,0.773,108.1834,-3.2367,-0.0001,113.5779,,,,,,,,,,,,0.427,0.475,0.378,0.372,0
7.92,-2.5327,0.773,108.1834,-3.2367,-0.0001,113.5779,,,,,,,,,,,,0.427,0.475,0.378,0.372,0
7.94,-2.5327,0.773,108.1834,-3.2367,-0.0001,113.5779,,,,,,,,,,,,0.427,0.475,0.378,0.372,0
7.96,-2.493,0.8074,107.7959,-3.6788,-0.0002,112.293,,,,,,,,,,,,0.427,0.475,0.378,0.372,0
7.98,-2.493,0.8074,107.7959,-3.6788,-0.0002,112.293,,,,,,,,,,,,0.411,0.473,0.39,0.388,0
8.0,-2.493,0.8074,107.7959,-3.6788,-0.0002,112.293,,,,,,,,,,,,0.411,0.473,0.39,0.388,0
8.02,-2.493,0.8074,107.7959,-3.6788,-0.0002,112.293,,,,,,,,,,,,0.411,0.473,0.39,0.388,0
8.04,-2.493,0.8074,107.7959,-3.6788,-0.0002,112.293,,,,,,,,,,,,0.411,0.473,0.39,0.388,0
8.06,-2.5474,0.799,107.4168,-3.9217,-0.0001,110.9356,,,,,,,,,,,,0.411,0.473,0.39,0.388,0
8.08,-2.5474,0.799,107.4168,-3.9217,-0.0001,110.9356,,,,,,,,,,,,0.387,0.475,0.396,0.403,0
8.1,-2.5474,0.799,107.4168,-3.9217,-0.0001,110.9356,,,,,,,,,,,,0.387,0.475,0.396,0.403,0
8.12,-2.5474,0.799,107.4168,-3.9217,-0.0001,110.9356,,,,,,,,,,,,0.387,0.475,0.396,0.403,0
8.14,-2.5474,0.799,107.4168,-3.9217,-0.0001,110.9356,,,,,,,,,,,,0.387,0.475,0.396,0.403,0
8.16,-2.5653,0.7988,107.0694,-4.0174,-0.0001,109.7608,,,,,,,,,,,,0.387,0.475,0.396,0.403,0
8.18,-2.5653,0.7988,107.0694,-4.0174,-0.0001,109.7608,,,,,,,,,,,,0.403,0.456,0.386,0.425,0
8.2,-2.5653,0.7988,107.0694,-4.0174,-0.0001,109.7608,,,,,,,,,,,,0.403,0.456,0.386,0.425,0
8.22,-2.5653,0.7988,107.0694,-4.0174,-0.0001,109.7608,,,,,,,,,,,,0.403,0.456,0.386,0.425,0
8.24,-2.5653,0.7988,107.0694,-4.0174,-0.0001,109.7608,,,,,,,,,,,,0.403,0.456,0.386,0.425,0
8.26,-2.5857,0.7969,106.7572,-3.8881,-0.0,109.0656,,,,,,,,,,,,0.403,0.456,0.386,0.425,0
8.28,-2.5857,0.7969,106.7572,-3.8881,-0.0,109.0656,,,,,,,,,,,,0.418,0.447,0.395,0.416,0
8.3,-2.5857,0.7969,106.7572,-3.8881,-0.0,109.0656,,,,,,,,,,,,0.418,0.447,0.395,0.416,0
8.32,-2.5857,0.7969,106.7572,-3.8881,-0.0,109.0656,,,,,,,,,,,,0.418,0.447,0.395,0.416,0
8.34,-2.5857,0.7969,106.7572,-3.8881,-0.0,109.0656,,,,,,,,,,,,0.418,0.447,0.395,0.416,0
8.36,-2.5728,0.8504,106.4586,-3.6909,-0.0,108.9225,,,,,,,,,,,,0.418,0.447,0.395,0.416,0
8.38,-2.5728,0.8504,106.4586,-3.6909,-0.0,108.9225,,,,,,,,,,,,0.448,0.495,0.413,0.451,0
8.4,-2.5728,0.8504,106.4586,-3.6909,-0.0,108.9225,,,,,,,,,,,,0.448,0.495,0.413,0.451,0
8.42,-2.5728,0.8504,106.4586,-3.6909,-0.0,108.9225,,,,,,,,,,,,0.448,0.495,0.413,0.451,0
8.44,-2.5728,0.8504,106.4586,-3.6909,-0.0,108.9225,,,,,,,,,,,,0.448,0.495,0.413,0.451,0
8.46,-2.5884,0.8373,106.1813,-3.4727,0.0,108.6589,,,,,,,,,,,,0.448,0.495,0.413,0.451,0
8.48,-2.5884,0.8373,106.1813,-3.4727,0.0,108.6589,,,,,,,,,,,,0.469,0.482,0.424,0.448,0
8.5,-2.5884,0.8373,106.1813,-3.4727,0.0,108.6589,,,,,,,,,,,,0.469,0.482,0.424,0.448,0
8.52,-2.5884,0.8373,106.1813,-3.4727,0.0,108.6589,,,,,,,,,,,,0.469,0.482,0.424,0.448,0
8.54,-2.5884,0.8373,106.1813,-3.4727,0.0,108.6589,,,,,,,,,,,,0.469,0.482,0.424,0.448,0
8.56,-2.6384,0.7176,105.6954,-3.3099,0.0,108.367,,,,,,,,,,,,0.469,0.482,0.424,0.448,0
8.58,-2.6384,0.7176,105.6954,-3.3099,0.0,108.367,,,,,,,,,,,,0.479,0.478,0.433,0.434,0
8.6,-2.6384,0.7176,105.6954,-3.3099,0.0,108.367,,,,,,,,,,,,0.479,0.478,0.433,0.434,0
8.62,-2.6384,0.7176,105.6954,-3.3099,0.0,108.367,,,,,,,,,,,,0.479,0.478,0.433,0.434,0
8.64,-2.6384,0.7176,105.6954,-3.3099,0.0,108.367,,,,,,,,,,,,0.479,0.478,0.433,0.434,0
8.66,-2.5142,0.7412,105.4132,-3.7571,-0.0,108.1616,,,,,,,,,,,,0.479,0.478,0.433,0.434,0
8.68,-2.5142,0.7412,105.4132,-3.7571,-0.0,108.1616,,,,,,,,,,,,0.483,0.474,0.401,0.464,0
8.7,-2.5142,0.7412,105.4132,-3.7571,-0.0,108.1616,,,,,,,,,,,,0.483,0.474,0.401,0.464,0
8.72,-2.5142,0.7412,105.4132,-3.7571,-0.0,108.1616,,,,,,,,,,,,0.483,0.474,0.401,0.464,0
8.74,-2.5142,0.7412,105.4132,-3.7571,-0.0,108.1616,,,,,,,,,,,,0.483,0.474,0.401,0.464,0
8.76,-2.6901,0.7965,105.1276,-4.1712,-0.0,107.9881,,,,,,,,,,,,0.483,0.474,0.401,0.464,0
8.78,-2.6901,0.7965,105.1276,-4.1712,-0.0,107.9881,,,,,,,,,,,,0.457,0.503,0.413,0.449,0
8.8,-2.6901,0.7965,105.1276,-4.1712,-0.0,107.9881,,,,,,,,,,,,0.457,0.503,0.413,0.449,0
8.82,-2.6901,0.7965,105.1276,-4.1712,-0.0,107.9881,,,,,,,,,,,,0.457,0.503,0.413,0.449,0
8.84,-2.6901,0.7965,105.1276,-4.1712,-0.0,107.9881,,,,,,,,,,,,0.457,0.503,0.413,0.449,0
8.86,-2.6236,0.7524,104.6844,-4.5341,-0.0,107.8239,,,,,,,,,,,,0.457,0.503,0.413,0.449,0
8.88,-2.6236,0.7524,104.6844,-4.5341,-0.0,107.8239,,,,,,,,,,,,0.44,0.524,0.418,0.438,0
8.9,-2.6236,0.7524,104.6844,-4.5341,-0.0,107.8239,,,,,,,,,,,,0.44,0.524,0.418,0.438,0
8.92,-2.6236,0.7524,104.6844,-4.5341,-0.0,107.8239,,,,,,,,,,,,0.44,0.524,0.418,0.438,0
8.94,-2.6236,0.7524,104.6844,-4.5341,-0.0,107.8239,,,,,,,,,,,,0.44,0.524,0.418,0.438,0
8.96,-2.5625,0.8144,104.4567,-4.6654,-0.0,107.6997,,,,,,,,,,,,0.44,0.524,0.418,0.438,0
8.98,-2.5625,0.8144,104.4567,-4.6654,-0.0,107.6997,,,,,,,,,,,,0.469,0.498,0.393,0.46,0
9.0,-2.5625,0.8144,104.4567,-4.6654,-0.0,107.6997,,,,,,,,,,,,0.469,0.498,0.393,0.46,0
9.02,-2.5625,0.8144,104.4567,-4.6654,-0.0,107.6997,,,,,,,,,,,,0.469,0.498,0.393,0.46,0
9.04,-2.5625,0.8144,104.4567,-4.6654,-0.0,107.6997,,,,,,,,,,,,0.469,0.498,0.393,0.46,0
9.06,-2.5694,0.7254,104.007,-4.6497,-0.0,107.6911,,,,,,,,,,,,0.469,0.498,0.393,0.46,0
9.08,-2.5694,0.7254,104.007,-4.6497,-0.0,107.6911,,,,,,,,,,,,0.512,0.485,0.393,0.464,0
9.1,-2.5694,0.7254,104.007,-4.6497,-0.0,107.6911,,,,,,,,,,,,0.512,0.485,0.393,0.464,0
9.12,-2.5694,0.7254,104.007,-4.6497,-0.0,107.6911,,,,,,,,,,,,0.512,0.485,0.393,0.464,0
9.14,-2.5694,0.7254,104.007,-4.6497,-0.0,107.6911,,,,,,,,,,,,0.512,0.485,0.393,0.464,0
9.16,-2.7837,0.8415,103.7032,-4.6862,-0.0,107.691,,,,,,,,,,,,0.512,0.485,0.393,0.464,0
9.18,-2.7837,0.8415,103.7032,-4.6862,-0.0,107.691,,,,,,,,,,,,0.473,0.533,0.401,0.459,0
9.2,-2.7837,0.8415,103.7032,-4.6862,-0.0,107.691,,,,,,,,,,,,0.473,0.533,0.401,0.459,0
9.22,-2.7837,0.8415,103.7032,-4.6862,-0.0,107.691,,,,,,,,,,,,0.473,0.533,0.401,0.459,0
9.24,-2.7837,0.8415,103.7032,-4.6862,-0.0,107.691,,,,,,,,,,,,0.473,0.533,0.401,0.459,0
9.26,-2.58,0.7354,103.5026,-4.7723,-0.0,107.691,,,,,,,,,,,,0.473,0.533,0.401,0.459,0
9.28,-2.58,0.7354,103.5026,-4.7723,-0.0,107.691,,,,,,,,,,,,0.494,0.533,0.419,0.46,0
9.3,-2.58,0.7354,103.5026,-4.7723,-0.0,107.691,,,,,,,,,,,,0.494,0.533,0.419,0.46,0
9.32,-2.58,0.7354,103.5026,-4.7723,-0.0,107.691,,,,,,,,,,,,0.494,0.533,0.419,0.46,0
9.34,-2.58,0.7354,103.5026,-4.7723,-0.0,107.691,,,,,,,,,,,,0.494,0.533,0.419,0.46,0
9.36,-2.6116,0.6538,103.1387,-4.8006,-0.0,107.7361,,,,,,,,,,,,0.494,0.533,0.419,0.46,0
9.38,-2.6116,0.6538,103.1387,-4.8006,-0.0,107.7361,,,,,,,,,,,,0.499,0.556,0.434,0.457,0
9.4,-2.6116,0.6538,103.1387,-4.8006,-0.0,107.7361,,,,,,,,,,,,0.499,0.556,0.434,0.457,0
9.42,-2.6116,0.6538,103.1387,-4.8006,-0.0,107.7361,,,,,,,,,,,,0.499,0.556,0.434,0.457,0
9.44,-2.6116,0.6538,103.1387,-4.8006,-0.0,107.7361,,,,,,,,,,,,0.499,0.556,0.434,0.457,0
9.46,-2.7993,0.6679,102.8494,-4.8301,-0.0,107.7785,,,,,,,,,,,,0.499,0.556,0.434,0.457,0
9.48,-2.7993,0.6679,102.8494,-4.8301,-0.0,107.7785,,,,,,,,,,,,0.541,0.531,0.396,0.501,0
9.5,-2.7993,0.6679,102.8494,-4.8301,-0.0,107.7785,,,,,,,,,,,,0.541,0.531,0.396,0.501,0
9.52,-2.7993,0.6679,102.8494,-4.8301,-0.0,107.7785,,,,,,,,,,,,0.541,0.531,0.396,0.501,0
9.54,-2.7993,0.6679,102.8494,-4.8301,-0.0,107.7785,,,,,,,,,,,,0.541,0.531,0.396,0.501,0
9.56,-2.7029,0.5364,102.4279,-4.9418,-0.0,107.7785,,,,,,,,,,,,0.541,0.531,0.396,0.501,0
9.58,-2.7029,0.5364,102.4279,-4.9418,-0.0,107.7785,,,,,,,,,,,,0.547,0.534,0.397,0.492,0
9.6,-2.7029,0.5364,102.4279,-4.9418,-0.0,107.7785,,,,,,,,,,,,0.547,0.534,0.397,0.492,0
9.62,-2.7029,0.5364,102.4279,-4.9418,-0.0,107.7785,,,,,,,,,,,,0.547,0.534,0.397,0.492,0
9.64,-2.7029,0.5364,102.4279,-4.9418,-0.0,107.7785,,,,,,,,,,,,0.547,0.534,0.397,0.492,0
9.66,-2.5995,0.5106,102.2745,-5.1291,-0.0,107.7785,,,,,,,,,,,,0.547,0.534,0.397,0.492,0
9.68,-2.5995,0.5106,102.2745,-5.1291,-0.0,107.7785,,,,,,,,,,,,0.535,0.545,0.408,0.483,0
9.7,-2.5995,0.5106,102.2745,-5.1291,-0.0,107.7785,,,,,,,,,,,,0.535,0.545,0.408,0.483,0
9.72,-2.5995,0.5106,102.2745,-5.1291,-0.0,107.7785,,,,,,,,,,,,0.535,0.545,0.408,0.483,0
9.74,-2.5995,0.5106,102.2745,-5.1291,-0.0,107.7785,,,,,,,,,,,,0.535,0.545,0.408,0.483,0
9.76,-2.9373,0.5966,101.943,-5.3415,-0.0,107.7785,,,,,,,,,,,,0.535,0.545,0.408,0.483,0
9.78,-2.9373,0.5966,101.943,-5.3415,-0.0,107.7785,,,,,,,,,,,,0.504,0.596,0.423,0.484,0
9.8,-2.9373,0.5966,101.943,-5.3415,-0.0,107.7785,,,,,,,,,,,,0.504,0.596,0.423,0.484,0
9.82,-2.9373,0.5966,101.943,-5.3415,-0.0,107.7785,,,,,,,,,,,,0.504,0.596,0.423,0.484,0
9.84,-2.9373,0.5966,101.943,-5.3415,-0.0,107.7785,,,,,,,,,,,,0.504,0.596,0.423,0.484,0
9.86,-2.8888,0.5545,101.5796,-5.4703,-0.0,107.7785,,,,,,,,,,,,0.504,0.596,0.423,0.484,0
9.88,-2.8888,0.5545,101.5796,-5.4703,-0.0,107.7785,,,,,,,,,,,,0.566,0.564,0.437,0.483,0
9.9,-2.8888,0.5545,101.5796,-5.4703,-0.0,107.7785,,,,,,,,,,,,0.566,0.564,0.437,0.483,0
9.92,-2.8888,0.5545,101.5796,-5.4703,-0.0,107.7785,,,,,,,,,,,,0.566,0.564,0.437,0.483,0
9.94,-2.8888,0.5545,101.5796,-5.4703,-0.0,107.7785,,,,,,,,,,,,0.566,0.564,0.437,0.483,0
9.96,-3.0749,0.6816,101.3294,-5.6677,-0.0,107.8857,,,,,,,,,,,,0.566,0.564,0.437,0.483,0
9.98,-3.0749,0.6816,101.3294,-5.6677,-0.0,107.8857,,,,,,,,,,,,0.563,0.6,0.413,0.532,0
10.0,-3.0749,0.6816,101.3294,-5.6677,-0.0,107.8857,,,,,,,,,,,,0.563,0.6,0.413,0.532,0
10.02,-3.0749,0.6816,101.3294,-5.6677,-0.0,107.8857,,,,,,,,,,,,0.563,0.6,0.413,0.532,0
10.04,-3.0749,0.6816,101.3294,-5.6677,-0.0,107.8857,,,,,,,,,,,,0.563,0.6,0.413,0.532,0
10.06,-2.8672,0.5492,100.9388,-5.9589,0.0,108.0052,,,,,,,,,,,,0.563,0.6,0.413,0.532,0
10.08,-2.8672,0.5492,100.9388,-5.9589,0.0,108.0052,,,,,,,,,,,,0.614,0.567,0.403,0.541,0
10.1,-2.8672,0.5492,100.9388,-5.9589,0.0,108.0052,,,,,,,,,,,,0.614,0.567,0.403,0.541,0
10.12,-2.8672,0.5492,100.9388,-5.9589,0.0,108.0052,,,,,,,,,,,,0.614,0.567,0.403,0.541,0
10.14,-2.8672,0.5492,100.9388,-5.9589,0.0,108.0052,,,,,,,,,,,,0.614,0.567,0.403,0.541,0
10.16,-3.0302,0.6714,100.524,-6.2038,0.0,108.0311,,,,,,,,,,,,0.614,0.567,0.403,0.541,0
10.18,-3.0302,0.6714,100.524,-6.2038,0.0,108.0311,,,,,,,,,,,,0.61,0.616,0.42,0.561,0
10.2,-3.0302,0.6714,100.524,-6.2038,0.0,108.0311,,,,,,,,,,,,0.61,0.616,0.42,0.561,0
10.22,-3.0302,0.6714,100.524,-6.2038,0.0,108.0311,,,,,,,,,,,,0.61,0.616,0.42,0.561,0
10.24,-3.0302,0.6714,100.524,-6.2038,0.0,108.0311,,,,,,,,,,,,0.61,0.616,0.42,0.561,0
10.26,-3.1282,0.7,100.3935,-6.4369,0.0,108.0311,,,,,,,,,,,,0.61,0.616,0.42,0.561,0
10.28,-3.1282,0.7,100.3935,-6.4369,0.0,108.0311,,,,,,,,,,,,0.621,0.608,0.438,0.559,0
10.3,-3.1282,0.7,100.3935,-6.4369,0.0,108.0311,,,,,,,,,,,,0.621,0.608,0.438,0.559,0
10.32,-3.1282,0.7,100.3935,-6.4369,0.0,108.0311,,,,,,,,,,,,0.621,0.608,0.438,0.559,0
10.34,-3.1282,0.7,100.3935,-6.4369,0.0,108.0311,,,,,,,,,,,,0.621,0.608,0.438,0.559,0
10.36,-3.599,0.7045,100.0124,-6.6271,0.0,108.0311,,,,,,,,,,,,0.621,0.608,0.438,0.559,0
10.38,-3.599,0.7045,100.0124,-6.6271,0.0,108.0311,,,,,,,,,,,,0.634,0.605,0.439,0.552,0
10.4,-3.599,0.7045,100.0124,-6.6271,0.0,108.0311,,,,,,,,,,,,0.634,0.605,0.439,0.552,0
10.42,-3.599,0.7045,100.0124,-6.6271,0.0,108.0311,,,,,,,,,,,,0.634,0.605,0.439,0.552,0
10.44,-3.599,0.7045,100.0124,-6.6271,0.0,108.0311,,,,,,,,,,,,0.634,0.605,0.439,0.552,0
10.46,-4.7368,0.575,99.9465,-6.7894,0.0,107.992,,,,,,,,,,,,0.634,0.605,0.439,0.552,0
10.48,-4.7368,0.575,99.9465,-6.7894,0.0,107.992,,,,,,,,,,,,0.611,0.627,0.477,0.528,0
10.5,-4.7368,0.575,99.9465,-6.7894,0.0,107.992,,,,,,,,,,,,0.611,0.627,0.477,0.528,0
10.52,-4.7368,0.575,99.9465,-6.7894,0.0,107.992,,,,,,,,,,,,0.611,0.627,0.477,0.528,0
10.54,-4.7368,0.575,99.9465,-6.7894,0.0,107.992,,,,,,,,,,,,0.611,0.627,0.477,0.528,0
10.56,-5.1068,0.5397,100.2318,-6.7943,0.0,107.992,,,,,,,,,,,,0.611,0.627,0.477,0.528,0
10.58,-5.1068,0.5397,100.2318,-6.7943,0.0,107.992,,,,,,,,,,,,0.593,0.639,0.475,0.537,0
10.6,-5.1068,0.5397,100.2318,-6.7943,0.0,107.992,,,,,,,,,,,,0.593,0.639,0.475,0.537,0
10.62,-5.1068,0.5397,100.2318,-6.7943,0.0,107.992,,,,,,,,,,,,0.593,0.639,0.475,0.537,0
10.64,-5.1068,0.5397,100.2318,-6.7943,0.0,107.992,,,,,,,,,,,,0.593,0.639,0.475,0.537,0
10.66,-5.5186,0.6005,100.5254,-6.5337,0.0,107.992,,,,,,,,,,,,0.593,0.639,0.475,0.537,0
10.68,-5.5186,0.6005,100.5254,-6.5337,0.0,107.992,,,,,,,,,,,,0.621,0.607,0.46,0.555,0
10.7,-5.5186,0.6005,100.5254,-6.5337,0.0,107.992,,,,,,,,,,,,0.621,0.607,0.46,0.555,0
10.72,-5.5186,0.6005,100.5254,-6.5337,0.0,107.992,,,,,,,,,,,,0.621,0.607,0.46,0.555,0
10.74,-5.5186,0.6005,100.5254,-6.5337,0.0,107.992,,,,,,,,,,,,0.621,0.607,0.46,0.555,0
10.76,-4.7644,0.719,101.3174,-5.8485,0.0,107.992,,,,,,,,,,,,0.621,0.607,0.46,0.555,0
10.78,-4.7644,0.719,101.3174,-5.8485,0.0,107.992,,,,,,,,,,,,0.574,0.638,0.476,0.556,0
10.8,-4.7644,0.719,101.3174,-5.8485,0.0,107.992,,,,,,,,,,,,0.574,0.638,0.476,0.556,0
10.82,-4.7644,0.719,101.3174,-5.8485,0.0,107.992,,,,,,,,,,,,0.574,0.638,0.476,0.556,0
10.84,-4.7644,0.719,101.3174,-5.8485,0.0,107.992,,,,,,,,,,,,0.574,0.638,0.476,0.556,0
10.86,-3.5082,0.5508,102.1096,-4.9007,0.0,107.992,,,,,,,,,,,,0.574,0.638,0.476,0.556,0
10.88,-3.5082,0.5508,102.1096,-4.9007,0.0,107.992,,,,,,,,,,,,0.624,0.579,0.426,0.605,0
10.9,-3.5082,0.5508,102.1096,-4.9007,0.0,107.992,,,,,,,,,,,,0.624,0.579,0.426,0.605,0
10.92,-3.5082,0.5508,102.1096,-4.9007,0.0,107.992,,,,,,,,,,,,0.624,0.579,0.426,0.605,0
10.94,-3.5082,0.5508,102.1096,-4.9007,0.0,107.992,,,,,,,,,,,,0.624,0.579,0.426,0.605,0
10.96,-3.3872,0.1456,102.4373,-4.6107,0.0,107.992,,,,,,,,,,,,0.624,0.579,0.426,0.605,0
10.98,-3.3872,0.1456,102.4373,-4.6107,0.0,107.992,,,,,,,,,,,,0.598,0.607,0.468,0.57,0
11.0,-3.3872,0.1456,102.4373,-4.6107,0.0,107.992,,,,,,,,,,,,0.598,0.607,0.468,0.57,0
11.02,-3.3872,0.1456,102.4373,-4.6107,0.0,107.992,,,,,,,,,,,,0.598,0.607,0.468,0.57,0
11.04,-3.3872,0.1456,102.4373,-4.6107,0.0,107.992,,,,,,,,,,,,0.598,0.607,0.468,0.57,0
11.06,-2.7747,-0.0959,102.3668,-5.13,0.0,107.992,,,,,,,,,,,,0.598,0.607,0.468,0.57,0
11.08,-2.7747,-0.0959,102.3668,-5.13,0.0,107.992,,,,,,,,,,,,0.566,0.651,0.477,0.556,0
11.1,-2.7747,-0.0959,102.3668,-5.13,0.0,107.992,,,,,,,,,,,,0.566,0.651,0.477,0.556,0
11.12,-2.7747,-0.0959,102.3668,-5.13,0.0,107.992,,,,,,,,,,,,0.566,0.651,0.477,0.556,0
11.14,-2.7747,-0.0959,102.3668,-5.13,0.0,107.992,,,,,,,,,,,,0.566,0.651,0.477,0.556,0
11.16,-2.8708,0.2477,101.4319,-6.054,0.0,107.992,,,,,,,,,,,,0.566,0.651,0.477,0.556,0
11.18,-2.8708,0.2477,101.4319,-6.054,0.0,107.992,,,,,,,,,,,,0.666,0.581,0.369,0.618,0
11.2,-2.8708,0.2477,101.4319,-6.054,0.0,107.992,,,,,,,,,,,,0.666,0.581,0.369,0.618,0
11.22,-2.8708,0.2477,101.4319,-6.054,0.0,107.992,,,,,,,,,,,,0.666,0.581,0.369,0.618,0
11.24,-2.8708,0.2477,101.4319,-6.054,0.0,107.992,,,,,,,,,,,,0.666,0.581,0.369,0.618,0
11.26,-3.9714,0.7309,100.1867,-7.0014,-0.0,107.992,,,,,,,,,,,,0.666,0.581,0.369,0.618,0
11.28,-3.9714,0.7309,100.1867,-7.0014,-0.0,107.992,,,,,,,,,,,,0.662,0.606,0.389,0.585,0
11.3,-3.9714,0.7309,100.1867,-7.0014,-0.0,107.992,,,,,,,,,,,,0.662,0.606,0.389,0.585,0
11.32,-3.9714,0.7309,100.1867,-7.0014,-0.0,107.992,,,,,,,,,,,,0.662,0.606,0.389,0.585,0
11.34,-3.9714,0.7309,100.1867,-7.0014,-0.0,107.992,,,,,,,,,,,,0.662,0.606,0.389,0.585,0
11.36,-4.5316,0.6111,99.5533,-7.6373,0.0,107.9882,,,,,,,,,,,,0.662,0.606,0.389,0.585,0
11.38,-4.5316,0.6111,99.5533,-7.6373,0.0,107.9882,,,,,,,,,,,,0.562,0.703,0.48,0.509,0
11.4,-4.5316,0.6111,99.5533,-7.6373,0.0,107.9882,,,,,,,,,,,,0.562,0.703,0.48,0.509,0
11.42,-4.5316,0.6111,99.5533,-7.6373,0.0,107.9882,,,,,,,,,,,,0.562,0.703,0.48,0.509,0
11.44,-4.5316,0.6111,99.5533,-7.6373,0.0,107.9882,,,,,,,,,,,,0.562,0.703,0.48,0.509,0
11.46,-4.9247,0.466,99.0947,-7.9947,-0.0,107.9062,,,,,,,,,,,,0.562,0.703,0.48,0.509,0
11.48,-4.9247,0.466,99.0947,-7.9947,-0.0,107.9062,,,,,,,,,,,,0.704,0.559,0.351,0.61,0
11.5,-4.9247,0.466,99.0947,-7.9947,-0.0,107.9062,,,,,,,,,,,,0.704,0.559,0.351,0.61,0
11.52,-4.9247,0.466,99.0947,-7.9947,-0.0,107.9062,,,,,,,,,,,,0.704,0.559,0.351,0.61,0
11.54,-4.9247,0.466,99.0947,-7.9947,-0.0,107.9062,,,,,,,,,,,,0.704,0.559,0.351,0.61,0
11.56,-5.8147,0.4303,98.7237,-8.1242,-0.0,107.9037,,,,,,,,,,,,0.704,0.559,0.351,0.61,0
11.58,-5.8147,0.4303,98.7237,-8.1242,-0.0,107.9037,,,,,,,,,,,,0.591,0.688,0.448,0.544,0
11.6,-5.8147,0.4303,98.7237,-8.1242,-0.0,107.9037,,,,,,,,,,,,0.591,0.688,0.448,0.544,0
11.62,-5.8147,0.4303,98.7237,-8.1242,-0.0,107.9037,,,,,,,,,,,,0.591,0.688,0.448,0.544,0
11.64,-5.8147,0.4303,98.7237,-8.1242,-0.0,107.9037,,,,,,,,,,,,0.591,0.688,0.448,0.544,0
11.66,-6.019,0.4346,99.1228,-7.176,-0.0,107.9037,,,,,,,,,,,,0.591,0.688,0.448,0.544,0
11.68,-6.019,0.4346,99.1228,-7.176,-0.0,107.9037,,,,,,,,,,,,0.679,0.618,0.44,0.597,0
11.7,-6.019,0.4346,99.1228,-7.176,-0.0,107.9037,,,,,,,,,,,,0.679,0.618,0.44,0.597,0
11.72,-6.019,0.4346,99.1228,-7.176,-0.0,107.9037,,,,,,,,,,,,0.679,0.618,0.44,0.597,0
11.74,-6.019,0.4346,99.1228,-7.176,-0.0,107.9037,,,,,,,,,,,,0.679,0.618,0.44,0.597,0
11.76,-6.8767,0.419,99.4982,-6.1617,0.0,107.8302,,,,,,,,,,,,0.679,0.618,0.44,0.597,0
11.78,-6.8767,0.419,99.4982,-6.1617,0.0,107.8302,,,,,,,,,,,,0.577,0.716,0.557,0.508,0
11.8,-6.8767,0.419,99.4982,-6.1617,0.0,107.8302,,,,,,,,,,,,0.577,0.716,0.557,0.508,0
11.82,-6.8767,0.419,99.4982,-6.1617,0.0,107.8302,,,,,,,,,,,,0.577,0.716,0.557,0.508,0
11.84,-6.8767,0.419,99.4982,-6.1617,0.0,107.8302,,,,,,,,,,,,0.577,0.716,0.557,0.508,0
11.86,-6.6324,-0.1416,100.3772,-5.5518,0.0,107.4847,,,,,,,,,,,,0.577,0.716,0.557,0.508,0
11.88,-6.6324,-0.1416,100.3772,-5.5518,0.0,107.4847,,,,,,,,,,,,0.656,0.623,0.519,0.569,0
11.9,-6.6324,-0.1416,100.3772,-5.5518,0.0,107.4847,,,,,,,,,,,,0.656,0.623,0.519,0.569,0
11.92,-6.6324,-0.1416,100.3772,-5.5518,0.0,107.4847,,,,,,,,,,,,0.656,0.623,0.519,0.569,0
11.94,-6.6324,-0.1416,100.3772,-5.5518,0.0,107.4847,,,,,,,,,,,,0.656,0.623,0.519,0.569,0
11.96,-5.0874,-1.568,101.9212,-5.032,0.0002,105.9296,,,,,,,,,,,,0.656,0.623,0.519,0.569,0
11.98,-5.0874,-1.568,101.9212,-5.032,0.0002,105.9296,,,,,,,,,,,,0.632,0.588,0.526,0.622,0
12.0,-5.0874,-1.568,101.9212,-5.032,0.0002,105.9296,,,,,,,,,,,,0.632,0.588,0.526,0.622,0
12.02,-5.0874,-1.568,101.9212,-5.032,0.0002,105.9296,,,,,,,,,,,,0.632,0.588,0.526,0.622,0
12.04,-5.0874,-1.568,101.9212,-5.032,0.0002,105.9296,,,,,,,,,,,,0.632,0.588,0.526,0.622,0
12.06,-5.5259,-2.1538,102.8858,-4.534,0.0003,103.6657,,,,,,,,,,,,0.632,0.588,0.526,0.622,0
12.08,-5.5259,-2.1538,102.8858,-4.534,0.0003,103.6657,,,,,,,,,,,,0.595,0.576,0.563,0.638,0
12.1,-5.5259,-2.1538,102.8858,-4.534,0.0003,103.6657,,,,,,,,,,,,0.595,0.576,0.563,0.638,0
12.12,-5.5259,-2.1538,102.8858,-4.534,0.0003,103.6657,,,,,,,,,,,,0.595,0.576,0.563,0.638,0
12.14,-5.5259,-2.1538,102.8858,-4.534,0.0003,103.6657,,,,,,,,,,,,0.595,0.576,0.563,0.638,0
12.16,-4.7069,-1.9499,102.8445,-4.2174,0.0003,101.1071,,,,,,,,,,,,0.595,0.576,0.563,0.638,0
12.18,-4.7069,-1.9499,102.8445,-4.2174,0.0003,101.1071,,,,,,,,,,,,0.583,0.569,0.586,0.642,0
12.2,-4.7069,-1.9499,102.8445,-4.2174,0.0003,101.1071,,,,,,,,,,,,0.583,0.569,0.586,0.642,0
12.22,-4.7069,-1.9499,102.8445,-4.2174,0.0003,101.1071,,,,,,,,,,,,0.583,0.569,0.586,0.642,0
12.24,-4.7069,-1.9499,102.8445,-4.2174,0.0003,101.1071,,,,,,,,,,,,0.583,0.569,0.586,0.642,0
12.26,-4.96,-1.7614,101.7781,-3.9816,0.0003,97.6581,,,,,,,,,,,,0.583,0.569,0.586,0.642,0
12.28,-4.96,-1.7614,101.7781,-3.9816,0.0003,97.6581,,,,,,,,,,,,0.517,0.622,0.671,0.602,0
12.3,-4.96,-1.7614,101.7781,-3.9816,0.0003,97.6581,,,,,,,,,,,,0.517,0.622,0.671,0.602,0
12.32,-4.96,-1.7614,101.7781,-3.9816,0.0003,97.6581,,,,,,,,,,,,0.517,0.622,0.671,0.602,0
12.34,-4.96,-1.7614,101.7781,-3.9816,0.0003,97.6581,,,,,,,,,,,,0.517,0.622,0.671,0.602,0
12.36,-5.8818,-0.7329,99.1765,-3.7542,0.0003,93.8411,,,,,,,,,,,,0.517,0.622,0.671,0.602,0
12.38,-5.8818,-0.7329,99.1765,-3.7542,0.0003,93.8411,,,,,,,,,,,,0.536,0.603,0.628,0.648,0
12.4,-5.8818,-0.7329,99.1765,-3.7542,0.0003,93.8411,,,,,,,,,,,,0.536,0.603,0.628,0.648,0
12.42,-5.8818,-0.7329,99.1765,-3.7542,0.0003,93.8411,,,,,,,,,,,,0.536,0.603,0.628,0.648,0
12.44,-5.8818,-0.7329,99.1765,-3.7542,0.0003,93.8411,,,,,,,,,,,,0.536,0.603,0.628,0.648,0
12.46,-5.9872,-0.8162,95.275,-3.5808,0.0002,89.9966,,,,,,,,,,,,0.536,0.603,0.628,0.648,0
12.48,-5.9872,-0.8162,95.275,-3.5808,0.0002,89.9966,,,,,,,,,,,,0.611,0.553,0.617,0.636,0
12.5,-5.9872,-0.8162,95.275,-3.5808,0.0002,89.9966,,,,,,,,,,,,0.611,0.553,0.617,0.636,0
12.52,-5.9872,-0.8162,95.275,-3.5808,0.0002,89.9966,,,,,,,,,,,,0.611,0.553,0.617,0.636,0
12.54,-5.9872,-0.8162,95.275,-3.5808,0.0002,89.9966,,,,,,,,,,,,0.611,0.553,0.617,0.636,0
12.56,-4.9204,-1.8592,90.6649,-3.48,0.0002,86.7417,,,,,,,,,,,,0.611,0.553,0.617,0.636,0
12.58,-4.9204,-1.8592,90.6649,-3.48,0.0002,86.7417,,,,,,,,,,,,0.666,0.565,0.485,0.733,0
12.6,-4.9204,-1.8592,90.6649,-3.48,0.0002,86.7417,,,,,,,,,,,,0.666,0.565,0.485,0.733,0
12.62,-4.9204,-1.8592,90.6649,-3.48,0.0002,86.7417,,,,,,,,,,,,0.666,0.565,0.485,0.733,0
12.64,-4.9204,-1.8592,90.6649,-3.48,0.0002,86.7417,,,,,,,,,,,,0.666,0.565,0.485,0.733,0
12.66,-2.2827,-1.3731,86.4466,-3.2892,0.0001,85.152,,,,,,,,,,,,0.666,0.565,0.485,0.733,0
12.68,-2.2827,-1.3731,86.4466,-3.2892,0.0001,85.152,,,,,,,,,,,,0.722,0.594,0.534,0.683,0
12.7,-2.2827,-1.3731,86.4466,-3.2892,0.0001,85.152,,,,,,,,,,,,0.722,0.594,0.534,0.683,0
12.72,-2.2827,-1.3731,86.4466,-3.2892,0.0001,85.152,,,,,,,,,,,,0.722,0.594,0.534,0.683,0
12.74,-2.2827,-1.3731,86.4466,-3.2892,0.0001,85.152,,,,,,,,,,,,0.722,0.594,0.534,0.683,0
12.76,-3.621,-2.483,82.422,-2.6096,0.0001,84.8675,,,,,,,,,,,,0.722,0.594,0.534,0.683,0
12.78,-3.621,-2.483,82.422,-2.6096,0.0001,84.8675,,,,,,,,,,,,0.703,0.684,0.591,0.57,0
12.8,-3.621,-2.483,82.422,-2.6096,0.0001,84.8675,,,,,,,,,,,,0.703,0.684,0.591,0.57,0
12.82,-3.621,-2.483,82.422,-2.6096,0.0001,84.8675,,,,,,,,,,,,0.703,0.684,0.591,0.57,0
12.84,-3.621,-2.483,82.422,-2.6096,0.0001,84.8675,,,,,,,,,,,,0.703,0.684,0.591,0.57,0
12.86,-8.0154,-2.3433,78.8703,-2.0657,0.0001,84.787,,,,,,,,,,,,0.703,0.684,0.591,0.57,0
12.88,-8.0154,-2.3433,78.8703,-2.0657,0.0001,84.787,,,,,,,,,,,,0.608,0.813,0.61,0.508,0
12.9,-8.0154,-2.3433,78.8703,-2.0657,0.0001,84.787,,,,,,,,,,,,0.608,0.813,0.61,0.508,0
12.92,-8.0154,-2.3433,78.8703,-2.0657,0.0001,84.787,,,,,,,,,,,,0.608,0.813,0.61,0.508,0
12.94,-8.0154,-2.3433,78.8703,-2.0657,0.0001,84.787,,,,,,,,,,,,0.608,0.813,0.61,0.508,0
12.96,-9.449,-0.9377,76.1089,-2.4813,0.0586,84.787,,,,,,,,,,,,0.608,0.813,0.61,0.508,0
12.98,-9.449,-0.9377,76.1089,-2.4813,0.0586,84.787,,,,,,,,,,,,0.712,0.741,0.532,0.571,0
13.0,-9.449,-0.9377,76.1089,-2.4813,0.0586,84.787,,,,,,,,,,,,0.712,0.741,0.532,0.571,0
13.02,-9.449,-0.9377,76.1089,-2.4813,0.0586,84.787,,,,,,,,,,,,0.712,0.741,0.532,0.571,0
13.04,-9.449,-0.9377,76.1089,-2.4813,0.0586,84.787,,,,,,,,,,,,0.712,0.741,0.532,0.571,0
13.06,-6.4714,-0.3706,74.631,-2.9709,1.2903,84.7869,,,,,,,,,,,,0.712,0.741,0.532,0.571,0
13.08,-6.4714,-0.3706,74.631,-2.9709,1.2903,84.7869,,,,,,,,,,,,0.781,0.666,0.473,0.617,0
13.1,-6.4714,-0.3706,74.631,-2.9709,1.2903,84.7869,,,,,,,,,,,,0.781,0.666,0.473,0.617,0
13.12,-6.4714,-0.3706,74.631,-2.9709,1.2903,84.7869,,,,,,,,,,,,0.781,0.666,0.473,0.617,0
13.14,-6.4714,-0.3706,74.631,-2.9709,1.2903,84.7869,,,,,,,,,,,,0.781,0.666,0.473,0.617,0
13.16,-3.6416,1.2078,74.0637,-2.5695,3.05,84.787,,,,,,,,,,,,0.781,0.666,0.473,0.617,0
13.18,-3.6416,1.2078,74.0637,-2.5695,3.05,84.787,,,,,,,,,,,,0.725,0.721,0.482,0.628,0
13.2,-3.6416,1.2078,74.0637,-2.5695,3.05,84.787,,,,,,,,,,,,0.725,0.721,0.482,0.628,0
13.22,-3.6416,1.2078,74.0637,-2.5695,3.05,84.787,,,,,,,,,,,,0.725,0.721,0.482,0.628,0
13.24,-3.6416,1.2078,74.0637,-2.5695,3.05,84.787,,,,,,,,,,,,0.725,0.721,0.482,0.628,0
13.26,-3.4555,4.1846,73.9683,-1.3253,3.5417,84.7872,,,,,,,,,,,,0.725,0.721,0.482,0.628,0
13.28,-3.4555,4.1846,73.9683,-1.3253,3.5417,84.7872,,,,,,,,,,,,0.651,0.781,0.507,0.621,0
13.3,-3.4555,4.1846,73.9683,-1.3253,3.5417,84.7872,,,,,,,,,,,,0.651,0.781,0.507,0.621,0
13.32,-3.4555,4.1846,73.9683,-1.3253,3.5417,84.7872,,,,,,,,,,,,0.651,0.781,0.507,0.621,0
13.34,-3.4555,4.1846,73.9683,-1.3253,3.5417,84.7872,,,,,,,,,,,,0.651,0.781,0.507,0.621,0
13.36,-2.647,4.9065,74.076,-0.6766,2.8728,84.7871,,,,,,,,,,,,0.651,0.781,0.507,0.621,0
13.38,-2.647,4.9065,74.076,-0.6766,2.8728,84.7871,,,,,,,,,,,,0.693,0.741,0.559,0.58,0
13.4,-2.647,4.9065,74.076,-0.6766,2.8728,84.7871,,,,,,,,,,,,0.693,0.741,0.559,0.58,0
13.42,-2.647,4.9065,74.076,-0.6766,2.8728,84.7871,,,,,,,,,,,,0.693,0.741,0.559,0.58,0
13.44,-2.647,4.9065,74.076,-0.6766,2.8728,84.7871,,,,,,,,,,,,0.693,0.741,0.559,0.58,0
13.46,-2.0447,3.0145,74.4235,-0.3454,2.4661,84.787,,,,,,,,,,,,0.693,0.741,0.559,0.58,0
13.48,-2.0447,3.0145,74.4235,-0.3454,2.4661,84.787,,,,,,,,,,,,0.747,0.702,0.557,0.604,0
13.5,-2.0447,3.0145,74.4235,-0.3454,2.4661,84.787,,,,,,,,,,,,0.747,0.702,0.557,0.604,0
13.52,-2.0447,3.0145,74.4235,-0.3454,2.4661,84.787,,,,,,,,,,,,0.747,0.702,0.557,0.604,0
13.54,-2.0447,3.0145,74.4235,-0.3454,2.4661,84.787,,,,,,,,,,,,0.747,0.702,0.557,0.604,0
13.56,-2.3152,0.9551,74.8819,-0.1764,1.4952,84.787,,,,,,,,,,,,0.747,0.702,0.557,0.604,0
13.58,-2.3152,0.9551,74.8819,-0.1764,1.4952,84.787,,,,,,,,,,,,0.745,0.715,0.559,0.625,0
13.6,-2.3152,0.9551,74.8819,-0.1764,1.4952,84.787,,,,,,,,,,,,0.745,0.715,0.559,0.625,0
13.62,-2.3152,0.9551,74.8819,-0.1764,1.4952,84.787,,,,,,,,,,,,0.745,0.715,0.559,0.625,0
13.64,-2.3152,0.9551,74.8819,-0.1764,1.4952,84.787,,,,,,,,,,,,0.745,0.715,0.559,0.625,0
13.66,-0.5223,0.09,75.7864,-0.09,0.7633,84.787,,,,,,,,,,,,0.745,0.715,0.559,0.625,0
13.68,-0.5223,0.09,75.7864,-0.09,0.7633,84.787,,,,,,,,,,,,0.717,0.76,0.599,0.634,0
13.7,-0.5223,0.09,75.7864,-0.09,0.7633,84.787,,,,,,,,,,,,0.717,0.76,0.599,0.634,0
13.72,-0.5223,0.09,75.7864,-0.09,0.7633,84.787,,,,,,,,,,,,0.717,0.76,0.599,0.634,0
13.74,-0.5223,0.09,75.7864,-0.09,0.7633,84.787,,,,,,,,,,,,0.717,0.76,0.599,0.634,0
13.76,-0.0431,-0.5297,76.6234,-0.046,0.4405,84.787,,,,,,,,,,,,0.717,0.76,0.599,0.634,0
13.78,-0.0431,-0.5297,76.6234,-0.046,0.4405,84.787,,,,,,,,,,,,0.733,0.75,0.653,0.605,0
13.8,-0.0431,-0.5297,76.6234,-0.046,0.4405,84.787,,,,,,,,,,,,0.733,0.75,0.653,0.605,0
13.82,-0.0431,-0.5297,76.6234,-0.046,0.4405,84.787,,,,,,,,,,,,0.733,0.75,0.653,0.605,0
13.84,-0.0431,-0.5297,76.6234,-0.046,0.4405,84.787,,,,,,,,,,,,0.733,0.75,0.653,0.605,0
13.86,1.4867,-0.4857,77.4097,-0.0235,0.5637,84.787,,,,,,,,,,,,0.733,0.75,0.653,0.605,0
13.88,1.4867,-0.4857,77.4097,-0.0235,0.5637,84.787,,,,,,,,,,,,0.73,0.748,0.597,0.664,0
13.9,1.4867,-0.4857,77.4097,-0.0235,0.5637,84.787,,,,,,,,,,,,0.73,0.748,0.597,0.664,0
13.92,1.4867,-0.4857,77.4097,-0.0235,0.5637,84.787,,,,,,,,,,,,0.73,0.748,0.597,0.664,0
13.94,1.4867,-0.4857,77.4097,-0.0235,0.5637,84.787,,,,,,,,,,,,0.73,0.748,0.597,0.664,0
13.96,1.955,0.1328,78.0454,-0.012,1.1785,84.787,,,,,,,,,,,,0.73,0.748,0.597,0.664,0
13.98,1.955,0.1328,78.0454,-0.012,1.1785,84.787,,,,,,,,,,,,0.744,0.728,0.632,0.635,0
14.0,1.955,0.1328,78.0454,-0.012,1.1785,84.787,,,,,,,,,,,,0.744,0.728,0.632,0.635,0
14.02,1.955,0.1328,78.0454,-0.012,1.1785,84.787,,,,,,,,,,,,0.744,0.728,0.632,0.635,0
14.04,1.955,0.1328,78.0454,-0.012,1.1785,84.787,,,,,,,,,,,,0.744,0.728,0.632,0.635,0
14.06,1.4491,-0.7844,78.4798,-0.0303,2.2343,84.787,,,,,,,,,,,,0.744,0.728,0.632,0.635,0
14.08,1.4491,-0.7844,78.4798,-0.0303,2.2343,84.787,,,,,,,,,,,,0.749,0.718,0.669,0.59,0
14.1,1.4491,-0.7844,78.4798,-0.0303,2.2343,84.787,,,,,,,,,,,,0.749,0.718,0.669,0.59,0
14.12,1.4491,-0.7844,78.4798,-0.0303,2.2343,84.787,,,,,,,,,,,,0.749,0.718,0.669,0.59,0
14.14,1.4491,-0.7844,78.4798,-0.0303,2.2343,84.787,,,,,,,,,,,,0.749,0.718,0.669,0.59,0
14.16,-0.1068,-2.9313,78.9862,-2.0367,2.2166,84.787,,,,,,,,,,,,0.749,0.718,0.669,0.59,0
14.18,-0.1068,-2.9313,78.9862,-2.0367,2.2166,84.787,,,,,,,,,,,,0.734,0.717,0.68,0.56,0
14.2,-0.1068,-2.9313,78.9862,-2.0367,2.2166,84.787,,,,,,,,,,,,0.734,0.717,0.68,0.56,0
14.22,-0.1068,-2.9313,78.9862,-2.0367,2.2166,84.787,,,,,,,,,,,,0.734,0.717,0.68,0.56,0
14.24,-0.1068,-2.9313,78.9862,-2.0367,2.2166,84.787,,,,,,,,,,,,0.734,0.717,0.68,0.56,0
14.26,-5.077,-4.1749,79.7224,-3.9206,2.5498,84.7736,,,,,,,,,,,,0.734,0.717,0.68,0.56,0
14.28,-5.077,-4.1749,79.7224,-3.9206,2.5498,84.7736,,,,,,,,,,,,0.623,0.668,0.609,0.455,0
14.3,-5.077,-4.1749,79.7224,-3.9206,2.5498,84.7736,,,,,,,,,,,,0.623,0.668,0.609,0.455,0
14.32,-5.077,-4.1749,79.7224,-3.9206,2.5498,84.7736,,,,,,,,,,,,0.623,0.668,0.609,0.455,0
14.34,-5.077,-4.1749,79.7224,-3.9206,2.5498,84.7736,,,,,,,,,,,,0.623,0.668,0.609,0.455,0
14.36,-9.5876,-3.4673,80.7766,-4.9885,3.1173,84.7457,,,,,,,,,,,,0.623,0.668,0.609,0.455,0
14.38,-9.5876,-3.4673,80.7766,-4.9885,3.1173,84.7457,,,,,,,,,,,,0.572,0.718,0.631,0.474,0
14.4,-9.5876,-3.4673,80.7766,-4.9885,3.1173,84.7457,,,,,,,,,,,,0.572,0.718,0.631,0.474,0
14.42,-9.5876,-3.4673,80.7766,-4.9885,3.1173,84.7457,,,,,,,,,,,,0.572,0.718,0.631,0.474,0
14.44,-9.5876,-3.4673,80.7766,-4.9885,3.1173,84.7457,,,,,,,,,,,,0.572,0.718,0.631,0.474,0
14.46,-9.9987,0.3425,81.5444,-5.0143,4.2061,84.7457,,,,,,,,,,,,0.572,0.718,0.631,0.474,0
14.48,-9.9987,0.3425,81.5444,-5.0143,4.2061,84.7457,,,,,,,,,,,,0.667,0.747,0.612,0.67,0
14.5,-9.9987,0.3425,81.5444,-5.0143,4.2061,84.7457,,,,,,,,,,,,0.667,0.747,0.612,0.67,0
14.52,-9.9987,0.3425,81.5444,-5.0143,4.2061,84.7457,,,,,,,,,,,,0.667,0.747,0.612,0.67,0
14.54,-9.9987,0.3425,81.5444,-5.0143,4.2061,84.7457,,,,,,,,,,,,0.667,0.747,0.612,0.67,0
14.56,-8.5681,5.0196,81.7406,-3.7679,5.2646,84.7459,,,,,,,,,,,,0.667,0.747,0.612,0.67,0
14.58,-8.5681,5.0196,81.7406,-3.7679,5.2646,84.7459,,,,,,,,,,,,0.657,0.748,0.601,0.678,0
14.6,-8.5681,5.0196,81.7406,-3.7679,5.2646,84.7459,,,,,,,,,,,,0.657,0.748,0.601,0.678,0
14.62,-8.5681,5.0196,81.7406,-3.7679,5.2646,84.7459,,,,,,,,,,,,0.657,0.748,0.601,0.678,0
14.64,-8.5681,5.0196,81.7406,-3.7679,5.2646,84.7459,,,,,,,,,,,,0.657,0.748,0.601,0.678,0
14.66,-7.5016,7.2911,81.3736,-2.4035,5.2451,84.7459,,,,,,,,,,,,0.657,0.748,0.601,0.678,0
14.68,-7.5016,7.2911,81.3736,-2.4035,5.2451,84.7459,,,,,,,,,,,,0.595,0.769,0.641,0.571,0
14.7,-7.5016,7.2911,81.3736,-2.4035,5.2451,84.7459,,,,,,,,,,,,0.595,0.769,0.641,0.571,0
14.72,-7.5016,7.2911,81.3736,-2.4035,5.2451,84.7459,,,,,,,,,,,,0.595,0.769,0.641,0.571,0
14.74,-7.5016,7.2911,81.3736,-2.4035,5.2451,84.7459,,,,,,,,,,,,0.595,0.769,0.641,0.571,0
14.76,-6.2981,6.957,80.5651,-1.6969,5.0579,84.7459,,,,,,,,,,,,0.595,0.769,0.641,0.571,0
14.78,-6.2981,6.957,80.5651,-1.6969,5.0579,84.7459,,,,,,,,,,,,0.677,0.722,0.588,0.605,0
14.8,-6.2981,6.957,80.5651,-1.6969,5.0579,84.7459,,,,,,,,,,,,0.677,0.722,0.588,0.605,0
14.82,-6.2981,6.957,80.5651,-1.6969,5.0579,84.7459,,,,,,,,,,,,0.677,0.722,0.588,0.605,0
14.84,-6.2981,6.957,80.5651,-1.6969,5.0579,84.7459,,,,,,,,,,,,0.677,0.722,0.588,0.605,0
14.86,-4.8901,4.9209,79.7599,-1.0208,3.7767,84.7457,,,,,,,,,,,,0.677,0.722,0.588,0.605,0
14.88,-4.8901,4.9209,79.7599,-1.0208,3.7767,84.7457,,,,,,,,,,,,0.696,0.714,0.584,0.59,0
14.9,-4.8901,4.9209,79.7599,-1.0208,3.7767,84.7457,,,,,,,,,,,,0.696,0.714,0.584,0.59,0
14.92,-4.8901,4.9209,79.7599,-1.0208,3.7767,84.7457,,,,,,,,,,,,0.696,0.714,0.584,0.59,0
14.94,-4.8901,4.9209,79.7599,-1.0208,3.7767,84.7457,,,,,,,,,,,,0.696,0.714,0.584,0.59,0
14.96,-4.8877,1.3908,78.8429,-0.5212,1.9481,84.7455,,,,,,,,,,,,0.696,0.714,0.584,0.59,0
14.98,-4.8877,1.3908,78.8429,-0.5212,1.9481,84.7455,,,,,,,,,,,,0.754,0.664,0.572,0.579,0
15.0,-4.8877,1.3908,78.8429,-0.5212,1.9481,84.7455,,,,,,,,,,,,0.754,0.664,0.572,0.579,0
15.02,-4.8877,1.3908,78.8429,-0.5212,1.9481,84.7455,,,,,,,,,,,,0.754,0.664,0.572,0.579,0
15.04,-4.8877,1.3908,78.8429,-0.5212,1.9481,84.7455,,,,,,,,,,,,0.754,0.664,0.572,0.579,0
15.06,-3.9339,-1.376,77.6297,-0.2361,0.9946,84.7455,,,,,,,,,,,,0.754,0.664,0.572,0.579,0
15.08,-3.9339,-1.376,77.6297,-0.2361,0.9946,84.7455,,,,,,,,,,,,0.736,0.7,0.569,0.556,0
15.1,-3.9339,-1.376,77.6297,-0.2361,0.9946,84.7455,,,,,,,,,,,,0.736,0.7,0.569,0.556,0
15.12,-3.9339,-1.376,77.6297,-0.2361,0.9946,84.7455,,,,,,,,,,,,0.736,0.7,0.569,0.556,0
15.14,-3.9339,-1.376,77.6297,-0.2361,0.9946,84.7455,,,,,,,,,,,,0.736,0.7,0.569,0.556,0
15.16,-2.0207,-2.4745,76.4175,0.2422,0.5078,84.7454,,,,,,,,,,,,0.736,0.7,0.569,0.556,0
15.18,-2.0207,-2.4745,76.4175,0.2422,0.5078,84.7454,,,,,,,,,,,,0.703,0.699,0.545,0.509,0
15.2,-2.0207,-2.4745,76.4175,0.2422,0.5078,84.7454,,,,,,,,,,,,0.703,0.699,0.545,0.509,0
15.22,-2.0207,-2.4745,76.4175,0.2422,0.5078,84.7454,,,,,,,,,,,,0.703,0.699,0.545,0.509,0
15.24,-2.0207,-2.4745,76.4175,0.2422,0.5078,84.7454,,,,,,,,,,,,0.703,0.699,0.545,0.509,0
15.26,-1.8678,-1.3783,75.7063,0.4832,0.2592,84.7454,,,,,,,,,,,,0.703,0.699,0.545,0.509,0
15.28,-1.8678,-1.3783,75.7063,0.4832,0.2592,84.7454,,,,,,,,,,,,0.629,0.769,0.576,0.482,0
15.3,-1.8678,-1.3783,75.7063,0.4832,0.2592,84.7454,,,,,,,,,,,,0.629,0.769,0.576,0.482,0
15.32,-1.8678,-1.3783,75.7063,0.4832,0.2592,84.7454,,,,,,,,,,,,0.629,0.769,0.576,0.482,0
15.34,-1.8678,-1.3783,75.7063,0.4832,0.2592,84.7454,,,,,,,,,,,,0.629,0.769,0.576,0.482,0
15.36,-0.9716,0.3454,75.6102,1.2849,0.1324,84.7453,,,,,,,,,,,,0.629,0.769,0.576,0.482,0
15.38,-0.9716,0.3454,75.6102,1.2849,0.1324,84.7453,,,,,,,,,,,,0.671,0.726,0.517,0.556,0
15.4,-0.9716,0.3454,75.6102,1.2849,0.1324,84.7453,,,,,,,,,,,,0.671,0.726,0.517,0.556,0
15.42,-0.9716,0.3454,75.6102,1.2849,0.1324,84.7453,,,,,,,,,,,,0.671,0.726,0.517,0.556,0
15.44,-0.9716,0.3454,75.6102,1.2849,0.1324,84.7453,,,,,,,,,,,,0.671,0.726,0.517,0.556,0
15.46,0.3338,0.6504,75.9322,1.7185,0.1426,84.7453,,,,,,,,,,,,0.671,0.726,0.517,0.556,0
15.48,0.3338,0.6504,75.9322,1.7185,0.1426,84.7453,,,,,,,,,,,,0.69,0.698,0.572,0.51,0
15.5,0.3338,0.6504,75.9322,1.7185,0.1426,84.7453,,,,,,,,,,,,0.69,0.698,0.572,0.51,0
15.52,0.3338,0.6504,75.9322,1.7185,0.1426,84.7453,,,,,,,,,,,,0.69,0.698,0.572,0.51,0
15.54,0.3338,0.6504,75.9322,1.7185,0.1426,84.7453,,,,,,,,,,,,0.69,0.698,0.572,0.51,0
15.56,1.1129,-0.6413,76.5086,1.3492,1.4246,84.7452,,,,,,,,,,,,0.69,0.698,0.572,0.51,0
15.58,1.1129,-0.6413,76.5086,1.3492,1.4246,84.7452,,,,,,,,,,,,0.743,0.633,0.564,0.532,0
15.6,1.1129,-0.6413,76.5086,1.3492,1.4246,84.7452,,,,,,,,,,,,0.743,0.633,0.564,0.532,0
15.62,1.1129,-0.6413,76.5086,1.3492,1.4246,84.7452,,,,,,,,,,,,0.743,0.633,0.564,0.532,0
15.64,1.1129,-0.6413,76.5086,1.3492,1.4246,84.7452,,,,,,,,,,,,0.743,0.633,0.564,0.532,0
15.66,0.8998,0.5244,77.5324,1.3956,3.204,84.7452,,,,,,,,,,,,0.743,0.633,0.564,0.532,0
15.68,0.8998,0.5244,77.5324,1.3956,3.204,84.7452,,,,,,,,,,,,0.638,0.726,0.559,0.555,0
15.7,0.8998,0.5244,77.5324,1.3956,3.204,84.7452,,,,,,,,,,,,0.638,0.726,0.559,0.555,0
15.72,0.8998,0.5244,77.5324,1.3956,3.204,84.7452,,,,,,,,,,,,0.638,0.726,0.559,0.555,0
15.74,0.8998,0.5244,77.5324,1.3956,3.204,84.7452,,,,,,,,,,,,0.638,0.726,0.559,0.555,0
15.76,1.1896,5.3292,79.0887,1.6395,4.6145,84.7453,,,,,,,,,,,,0.638,0.726,0.559,0.555,0
15.78,1.1896,5.3292,79.0887,1.6395,4.6145,84.7453,,,,,,,,,,,,0.598,0.742,0.558,0.585,0
15.8,1.1896,5.3292,79.0887,1.6395,4.6145,84.7453,,,,,,,,,,,,0.598,0.742,0.558,0.585,0
15.82,1.1896,5.3292,79.0887,1.6395,4.6145,84.7453,,,,,,,,,,,,0.598,0.742,0.558,0.585,0
15.84,1.1896,5.3292,79.0887,1.6395,4.6145,84.7453,,,,,,,,,,,,0.598,0.742,0.558,0.585,0
15.86,1.9138,9.1972,80.8839,2.154,6.2517,84.7455,,,,,,,,,,,,0.598,0.742,0.558,0.585,0
15.88,1.9138,9.1972,80.8839,2.154,6.2517,84.7455,,,,,,,,,,,,0.589,0.736,0.594,0.581,0
15.9,1.9138,9.1972,80.8839,2.154,6.2517,84.7455,,,,,,,,,,,,0.589,0.736,0.594,0.581,0
15.92,1.9138,9.1972,80.8839,2.154,6.2517,84.7455,,,,,,,,,,,,0.589,0.736,0.594,0.581,0
15.94,1.9138,9.1972,80.8839,2.154,6.2517,84.7455,,,,,,,,,,,,0.589,0.736,0.594,0.581,0
15.96,2.6139,9.5662,82.3813,1.9946,6.7426,84.7455,,,,,,,,,,,,0.589,0.736,0.594,0.581,0
15.98,2.6139,9.5662,82.3813,1.9946,6.7426,84.7455,,,,,,,,,,,,0.624,0.693,0.597,0.595,0
16.0,2.6139,9.5662,82.3813,1.9946,6.7426,84.7455,,,,,,,,,,,,0.624,0.693,0.597,0.595,0
16.02,2.6139,9.5662,82.3813,1.9946,6.7426,84.7455,,,,,,,,,,,,0.624,0.693,0.597,0.595,0
16.04,2.6139,9.5662,82.3813,1.9946,6.7426,84.7455,,,,,,,,,,,,0.624,0.693,0.597,0.595,0
16.06,1.9939,7.8936,83.4367,2.1497,5.7342,84.7455,,,,,,,,,,,,0.624,0.693,0.597,0.595,0
16.08,1.9939,7.8936,83.4367,2.1497,5.7342,84.7455,,,,,,,,,,,,0.651,0.658,0.576,0.619,0
16.1,1.9939,7.8936,83.4367,2.1497,5.7342,84.7455,,,,,,,,,,,,0.651,0.658,0.576,0.619,0
16.12,1.9939,7.8936,83.4367,2.1497,5.7342,84.7455,,,,,,,,,,,,0.651,0.658,0.576,0.619,0
16.14,1.9939,7.8936,83.4367,2.1497,5.7342,84.7455,,,,,,,,,,,,0.651,0.658,0.576,0.619,0
16.16,1.014,5.5163,84.3242,2.9044,3.3409,84.745,,,,,,,,,,,,0.651,0.658,0.576,0.619,0
16.18,1.014,5.5163,84.3242,2.9044,3.3409,84.745,,,,,,,,,,,,0.584,0.714,0.641,0.557,0
16.2,1.014,5.5163,84.3242,2.9044,3.3409,84.745,,,,,,,,,,,,0.584,0.714,0.641,0.557,0
16.22,1.014,5.5163,84.3242,2.9044,3.3409,84.745,,,,,,,,,,,,0.584,0.714,0.641,0.557,0
16.24,1.014,5.5163,84.3242,2.9044,3.3409,84.745,,,,,,,,,,,,0.584,0.714,0.641,0.557,0
16.26,1.2288,2.9459,85.0863,1.7898,1.7056,84.7454,,,,,,,,,,,,0.584,0.714,0.641,0.557,0
16.28,1.2288,2.9459,85.0863,1.7898,1.7056,84.7454,,,,,,,,,,,,0.674,0.718,0.669,0.641,0
16.3,1.2288,2.9459,85.0863,1.7898,1.7056,84.7454,,,,,,,,,,,,0.674,0.718,0.669,0.641,0
16.32,1.2288,2.9459,85.0863,1.7898,1.7056,84.7454,,,,,,,,,,,,0.674,0.718,0.669,0.641,0
16.34,1.2288,2.9459,85.0863,1.7898,1.7056,84.7454,,,,,,,,,,,,0.674,0.718,0.669,0.641,0
16.36,0.213,1.3102,85.5645,0.9137,0.8708,84.7456,,,,,,,,,,,,0.674,0.718,0.669,0.641,0
16.38,0.213,1.3102,85.5645,0.9137,0.8708,84.7456,,,,,,,,,,,,0.651,0.757,0.703,0.634,0
16.4,0.213,1.3102,85.5645,0.9137,0.8708,84.7456,,,,,,,,,,,,0.651,0.757,0.703,0.634,0
16.42,0.213,1.3102,85.5645,0.9137,0.8708,84.7456,,,,,,,,,,,,0.651,0.757,0.703,0.634,0
16.44,0.213,1.3102,85.5645,0.9137,0.8708,84.7456,,,,,,,,,,,,0.651,0.757,0.703,0.634,0
16.46,-1.3022,1.0474,85.8694,0.4665,0.4578,84.7456,,,,,,,,,,,,0.651,0.757,0.703,0.634,0
16.48,-1.3022,1.0474,85.8694,0.4665,0.4578,84.7456,,,,,,,,,,,,0.669,0.738,0.669,0.67,0
16.5,-1.3022,1.0474,85.8694,0.4665,0.4578,84.7456,,,,,,,,,,,,0.669,0.738,0.669,0.67,0
16.52,-1.3022,1.0474,85.8694,0.4665,0.4578,84.7456,,,,,,,,,,,,0.669,0.738,0.669,0.67,0
16.54,-1.3022,1.0474,85.8694,0.4665,0.4578,84.7456,,,,,,,,,,,,0.669,0.738,0.669,0.67,0
16.56,-3.0779,2.0347,86.0112,0.2382,1.1147,84.7455,,,,,,,,,,,,0.669,0.738,0.669,0.67,0
16.58,-3.0779,2.0347,86.0112,0.2382,1.1147,84.7455,,,,,,,,,,,,0.678,0.73,0.665,0.673,0
16.6,-3.0779,2.0347,86.0112,0.2382,1.1147,84.7455,,,,,,,,,,,,0.678,0.73,0.665,0.673,0
16.62,-3.0779,2.0347,86.0112,0.2382,1.1147,84.7455,,,,,,,,,,,,0.678,0.73,0.665,0.673,0
16.64,-3.0779,2.0347,86.0112,0.2382,1.1147,84.7455,,,,,,,,,,,,0.678,0.73,0.665,0.673,0
16.66,-4.9033,3.7414,85.8477,0.1216,2.2453,84.7455,,,,,,,,,,,,0.678,0.73,0.665,0.673,0
16.68,-4.9033,3.7414,85.8477,0.1216,2.2453,84.7455,,,,,,,,,,,,0.621,0.786,0.709,0.625,0
16.7,-4.9033,3.7414,85.8477,0.1216,2.2453,84.7455,,,,,,,,,,,,0.621,0.786,0.709,0.625,0
16.72,-4.9033,3.7414,85.8477,0.1216,2.2453,84.7455,,,,,,,,,,,,0.621,0.786,0.709,0.625,0
16.74,-4.9033,3.7414,85.8477,0.1216,2.2453,84.7455,,,,,,,,,,,,0.621,0.786,0.709,0.625,0
16.76,-5.3617,4.519,85.1997,0.0621,2.9859,84.7455,,,,,,,,,,,,0.621,0.786,0.709,0.625,0
16.78,-5.3617,4.519,85.1997,0.0621,2.9859,84.7455,,,,,,,,,,,,0.623,0.797,0.725,0.592,0
16.8,-5.3617,4.519,85.1997,0.0621,2.9859,84.7455,,,,,,,,,,,,0.623,0.797,0.725,0.592,0
16.82,-5.3617,4.519,85.1997,0.0621,2.9859,84.7455,,,,,,,,,,,,0.623,0.797,0.725,0.592,0
16.84,-5.3617,4.519,85.1997,0.0621,2.9859,84.7455,,,,,,,,,,,,0.623,0.797,0.725,0.592,0
16.86,-3.8008,3.8508,84.0808,0.0317,3.5034,84.7455,,,,,,,,,,,,0.623,0.797,0.725,0.592,0
16.88,-3.8008,3.8508,84.0808,0.0317,3.5034,84.7455,,,,,,,,,,,,0.731,0.716,0.641,0.658,0
16.9,-3.8008,3.8508,84.0808,0.0317,3.5034,84.7455,,,,,,,,,,,,0.731,0.716,0.641,0.658,0
16.92,-3.8008,3.8508,84.0808,0.0317,3.5034,84.7455,,,,,,,,,,,,0.731,0.716,0.641,0.658,0
16.94,-3.8008,3.8508,84.0808,0.0317,3.5034,84.7455,,,,,,,,,,,,0.731,0.716,0.641,0.658,0
16.96,-1.9766,3.101,82.4958,0.0162,3.5641,84.7455,,,,,,,,,,,,0.731,0.716,0.641,0.658,0
16.98,-1.9766,3.101,82.4958,0.0162,3.5641,84.7455,,,,,,,,,,,,0.729,0.742,0.626,0.648,0
17.0,-1.9766,3.101,82.4958,0.0162,3.5641,84.7455,,,,,,,,,,,,0.729,0.742,0.626,0.648,0
17.02,-1.9766,3.101,82.4958,0.0162,3.5641,84.7455,,,,,,,,,,,,0.729,0.742,0.626,0.648,0
17.04,-1.9766,3.101,82.4958,0.0162,3.5641,84.7455,,,,,,,,,,,,0.729,0.742,0.626,0.648,0
17.06,-1.9867,3.3133,80.6822,0.0083,3.337,84.7455,,,,,,,,,,,,0.729,0.742,0.626,0.648,0
17.08,-1.9867,3.3133,80.6822,0.0083,3.337,84.7455,,,,,,,,,,,,0.684,0.808,0.663,0.582,0
17.1,-1.9867,3.3133,80.6822,0.0083,3.337,84.7455,,,,,,,,,,,,0.684,0.808,0.663,0.582,0
17.12,-1.9867,3.3133,80.6822,0.0083,3.337,84.7455,,,,,,,,,,,,0.684,0.808,0.663,0.582,0
17.14,-1.9867,3.3133,80.6822,0.0083,3.337,84.7455,,,,,,,,,,,,0.684,0.808,0.663,0.582,0
17.16,-1.952,3.8614,78.5838,0.0042,3.337,84.7454,,,,,,,,,,,,0.684,0.808,0.663,0.582,0
17.18,-1.952,3.8614,78.5838,0.0042,3.337,84.7454,,,,,,,,,,,,0.739,0.78,0.595,0.625,0
17.2,-1.952,3.8614,78.5838,0.0042,3.337,84.7454,,,,,,,,,,,,0.739,0.78,0.595,0.625,0
17.22,-1.952,3.8614,78.5838,0.0042,3.337,84.7454,,,,,,,,,,,,0.739,0.78,0.595,0.625,0
17.24,-1.952,3.8614,78.5838,0.0042,3.337,84.7454,,,,,,,,,,,,0.739,0.78,0.595,0.625,0
17.26,-0.2562,4.1956,76.6564,0.0022,3.5611,84.7454,,,,,,,,,,,,0.739,0.78,0.595,0.625,0
17.28,-0.2562,4.1956,76.6564,0.0022,3.5611,84.7454,,,,,,,,,,,,0.777,0.761,0.565,0.627,0
17.3,-0.2562,4.1956,76.6564,0.0022,3.5611,84.7454,,,,,,,,,,,,0.777,0.761,0.565,0.627,0
17.32,-0.2562,4.1956,76.6564,0.0022,3.5611,84.7454,,,,,,,,,,,,0.777,0.761,0.565,0.627,0
17.34,-0.2562,4.1956,76.6564,0.0022,3.5611,84.7454,,,,,,,,,,,,0.777,0.761,0.565,0.627,0
17.36,1.0295,4.4444,75.0373,0.0011,4.069,84.7454,,,,,,,,,,,,0.777,0.761,0.565,0.627,0
17.38,1.0295,4.4444,75.0373,0.0011,4.069,84.7454,,,,,,,,,,,,0.75,0.797,0.588,0.592,0
17.4,1.0295,4.4444,75.0373,0.0011,4.069,84.7454,,,,,,,,,,,,0.75,0.797,0.588,0.592,0
17.42,1.0295,4.4444,75.0373,0.0011,4.069,84.7454,,,,,,,,,,,,0.75,0.797,0.588,0.592,0
17.44,1.0295,4.4444,75.0373,0.0011,4.069,84.7454,,,,,,,,,,,,0.75,0.797,0.588,0.592,0
17.46,2.6621,4.6306,73.9933,-0.0053,4.356,84.7454,,,,,,,,,,,,0.75,0.797,0.588,0.592,0
17.48,2.6621,4.6306,73.9933,-0.0053,4.356,84.7454,,,,,,,,,,,,0.77,0.779,0.563,0.616,0
17.5,2.6621,4.6306,73.9933,-0.0053,4.356,84.7454,,,,,,,,,,,,0.77,0.779,0.563,0.616,0
17.52,2.6621,4.6306,73.9933,-0.0053,4.356,84.7454,,,,,,,,,,,,0.77,0.779,0.563,0.616,0
17.54,2.6621,4.6306,73.9933,-0.0053,4.356,84.7454,,,,,,,,,,,,0.77,0.779,0.563,0.616,0
17.56,1.1074,5.1681,73.4328,-0.5012,4.5261,84.8118,,,,,,,,,,,,0.77,0.779,0.563,0.616,0
17.58,1.1074,5.1681,73.4328,-0.5012,4.5261,84.8118,,,,,,,,,,,,0.733,0.809,0.587,0.589,0
17.6,1.1074,5.1681,73.4328,-0.5012,4.5261,84.8118,,,,,,,,,,,,0.733,0.809,0.587,0.589,0
17.62,1.1074,5.1681,73.4328,-0.5012,4.5261,84.8118,,,,,,,,,,,,0.733,0.809,0.587,0.589,0
17.64,1.1074,5.1681,73.4328,-0.5012,4.5261,84.8118,,,,,,,,,,,,0.733,0.809,0.587,0.589,0
17.66,-2.4292,5.8329,73.115,-2.1919,4.1525,85.2091,,,,,,,,,,,,0.733,0.809,0.587,0.589,0
17.68,-2.4292,5.8329,73.115,-2.1919,4.1525,85.2091,,,,,,,,,,,,0.682,0.856,0.589,0.58,0
17.7,-2.4292,5.8329,73.115,-2.1919,4.1525,85.2091,,,,,,,,,,,,0.682,0.856,0.589,0.58,0
17.72,-2.4292,5.8329,73.115,-2.1919,4.1525,85.2091,,,,,,,,,,,,0.682,0.856,0.589,0.58,0
17.74,-2.4292,5.8329,73.115,-2.1919,4.1525,85.2091,,,,,,,,,,,,0.682,0.856,0.589,0.58,0
17.76,-5.7327,6.428,73.1856,-4.0703,3.7548,85.2093,,,,,,,,,,,,0.682,0.856,0.589,0.58,0
17.78,-5.7327,6.428,73.1856,-4.0703,3.7548,85.2093,,,,,,,,,,,,0.737,0.8,0.557,0.631,0
17.8,-5.7327,6.428,73.1856,-4.0703,3.7548,85.2093,,,,,,,,,,,,0.737,0.8,0.557,0.631,0
17.82,-5.7327,6.428,73.1856,-4.0703,3.7548,85.2093,,,,,,,,,,,,0.737,0.8,0.557,0.631,0
17.84,-5.7327,6.428,73.1856,-4.0703,3.7548,85.2093,,,,,,,,,,,,0.737,0.8,0.557,0.631,0
17.86,-7.3056,5.0587,73.9799,-5.6793,3.3957,85.2094,,,,,,,,,,,,0.737,0.8,0.557,0.631,0
17.88,-7.3056,5.0587,73.9799,-5.6793,3.3957,85.2094,,,,,,,,,,,,0.745,0.78,0.62,0.586,0
17.9,-7.3056,5.0587,73.9799,-5.6793,3.3957,85.2094,,,,,,,,,,,,0.745,0.78,0.62,0.586,0
17.92,-7.3056,5.0587,73.9799,-5.6793,3.3957,85.2094,,,,,,,,,,,,0.745,0.78,0.62,0.586,0
17.94,-7.3056,5.0587,73.9799,-5.6793,3.3957,85.2094,,,,,,,,,,,,0.745,0.78,0.62,0.586,0
17.96,-7.2046,2.4384,75.4537,-6.4715,3.1661,85.2094,,,,,,,,,,,,0.745,0.78,0.62,0.586,0
17.98,-7.2046,2.4384,75.4537,-6.4715,3.1661,85.2094,,,,,,,,,,,,0.709,0.799,0.656,0.562,0
18.0,-7.2046,2.4384,75.4537,-6.4715,3.1661,85.2094,,,,,,,,,,,,0.709,0.799,0.656,0.562,0
18.02,-7.2046,2.4384,75.4537,-6.4715,3.1661,85.2094,,,,,,,,,,,,0.709,0.799,0.656,0.562,0
18.04,-7.2046,2.4384,75.4537,-6.4715,3.1661,85.2094,,,,,,,,,,,,0.709,0.799,0.656,0.562,0
18.06,-7.1252,1.3036,77.052,-6.1959,3.0185,85.2846,,,,,,,,,,,,0.709,0.799,0.656,0.562,0
18.08,-7.1252,1.3036,77.052,-6.1959,3.0185,85.2846,,,,,,,,,,,,0.755,0.741,0.585,0.65,0
18.1,-7.1252,1.3036,77.052,-6.1959,3.0185,85.2846,,,,,,,,,,,,0.755,0.741,0.585,0.65,0
18.12,-7.1252,1.3036,77.052,-6.1959,3.0185,85.2846,,,,,,,,,,,,0.755,0.741,0.585,0.65,0
18.14,-7.1252,1.3036,77.052,-6.1959,3.0185,85.2846,,,,,,,,,,,,0.755,0.741,0.585,0.65,0
18.16,-6.8137,2.1474,78.7798,-5.4322,2.8386,86.22,,,,,,,,,,,,0.755,0.741,0.585,0.65,0
18.18,-6.8137,2.1474,78.7798,-5.4322,2.8386,86.22,,,,,,,,,,,,0.687,0.803,0.609,0.629,0
18.2,-6.8137,2.1474,78.7798,-5.4322,2.8386,86.22,,,,,,,,,,,,0.687,0.803,0.609,0.629,0
18.22,-6.8137,2.1474,78.7798,-5.4322,2.8386,86.22,,,,,,,,,,,,0.687,0.803,0.609,0.629,0
18.24,-6.8137,2.1474,78.7798,-5.4322,2.8386,86.22,,,,,,,,,,,,0.687,0.803,0.609,0.629,0
18.26,-3.8556,3.6562,80.8314,-3.8399,2.3834,86.4983,,,,,,,,,,,,0.687,0.803,0.609,0.629,0
18.28,-3.8556,3.6562,80.8314,-3.8399,2.3834,86.4983,,,,,,,,,,,,0.7,0.766,0.615,0.653,0
18.3,-3.8556,3.6562,80.8314,-3.8399,2.3834,86.4983,,,,,,,,,,,,0.7,0.766,0.615,0.653,0
18.32,-3.8556,3.6562,80.8314,-3.8399,2.3834,86.4983,,,,,,,,,,,,0.7,0.766,0.615,0.653,0
18.34,-3.8556,3.6562,80.8314,-3.8399,2.3834,86.4983,,,,,,,,,,,,0.7,0.766,0.615,0.653,0
18.36,-0.1314,3.1368,82.9236,-1.9605,1.4546,86.498,,,,,,,,,,,,0.7,0.766,0.615,0.653,0
18.38,-0.1314,3.1368,82.9236,-1.9605,1.4546,86.498,,,,,,,,,,,,0.719,0.72,0.617,0.674,0
18.4,-0.1314,3.1368,82.9236,-1.9605,1.4546,86.498,,,,,,,,,,,,0.719,0.72,0.617,0.674,0
18.42,-0.1314,3.1368,82.9236,-1.9605,1.4546,86.498,,,,,,,,,,,,0.719,0.72,0.617,0.674,0
18.44,-0.1314,3.1368,82.9236,-1.9605,1.4546,86.498,,,,,,,,,,,,0.719,0.72,0.617,0.674,0
18.46,4.8572,0.3352,84.7075,-1.0009,0.7426,86.4978,,,,,,,,,,,,0.719,0.72,0.617,0.674,0
18.48,4.8572,0.3352,84.7075,-1.0009,0.7426,86.4978,,,,,,,,,,,,0.736,0.683,0.652,0.658,0
18.5,4.8572,0.3352,84.7075,-1.0009,0.7426,86.4978,,,,,,,,,,,,0.736,0.683,0.652,0.658,0
18.52,4.8572,0.3352,84.7075,-1.0009,0.7426,86.4978,,,,,,,,,,,,0.736,0.683,0.652,0.658,0
18.54,4.8572,0.3352,84.7075,-1.0009,0.7426,86.4978,,,,,,,,,,,,0.736,0.683,0.652,0.658,0
18.56,6.7264,-2.4207,86.0169,-0.511,0.3791,86.4978,,,,,,,,,,,,0.736,0.683,0.652,0.658,0
18.58,6.7264,-2.4207,86.0169,-0.511,0.3791,86.4978,,,,,,,,,,,,0.717,0.648,0.623,0.657,0
18.6,6.7264,-2.4207,86.0169,-0.511,0.3791,86.4978,,,,,,,,,,,,0.717,0.648,0.623,0.657,0
18.62,6.7264,-2.4207,86.0169,-0.511,0.3791,86.4978,,,,,,,,,,,,0.717,0.648,0.623,0.657,0
18.64,6.7264,-2.4207,86.0169,-0.511,0.3791,86.4978,,,,,,,,,,,,0.717,0.648,0.623,0.657,0
18.66,4.7622,-2.9494,87.1827,-0.2609,0.1936,86.4978,,,,,,,,,,,,0.717,0.648,0.623,0.657,0
18.68,4.7622,-2.9494,87.1827,-0.2609,0.1936,86.4978,,,,,,,,,,,,0.642,0.711,0.646,0.634,0
18.7,4.7622,-2.9494,87.1827,-0.2609,0.1936,86.4978,,,,,,,,,,,,0.642,0.711,0.646,0.634,0
18.72,4.7622,-2.9494,87.1827,-0.2609,0.1936,86.4978,,,,,,,,,,,,0.642,0.711,0.646,0.634,0
18.74,4.7622,-2.9494,87.1827,-0.2609,0.1936,86.4978,,,,,,,,,,,,0.642,0.711,0.646,0.634,0
18.76,1.3469,-1.3421,88.0075,-1.0996,0.0988,86.4978,,,,,,,,,,,,0.642,0.711,0.646,0.634,0
18.78,1.3469,-1.3421,88.0075,-1.0996,0.0988,86.4978,,,,,,,,,,,,0.58,0.744,0.641,0.621,0
18.8,1.3469,-1.3421,88.0075,-1.0996,0.0988,86.4978,,,,,,,,,,,,0.58,0.744,0.641,0.621,0
18.82,1.3469,-1.3421,88.0075,-1.0996,0.0988,86.4978,,,,,,,,,,,,0.58,0.744,0.641,0.621,0
18.84,1.3469,-1.3421,88.0075,-1.0996,0.0988,86.4978,,,,,,,,,,,,0.58,0.744,0.641,0.621,0
18.86,-1.9504,1.0042,88.2953,-2.0135,0.0505,86.4979,,,,,,,,,,,,0.58,0.744,0.641,0.621,0
18.88,-1.9504,1.0042,88.2953,-2.0135,0.0505,86.4979,,,,,,,,,,,,0.586,0.732,0.626,0.624,0
18.9,-1.9504,1.0042,88.2953,-2.0135,0.0505,86.4979,,,,,,,,,,,,0.586,0.732,0.626,0.624,0
18.92,-1.9504,1.0042,88.2953,-2.0135,0.0505,86.4979,,,,,,,,,,,,0.586,0.732,0.626,0.624,0
18.94,-1.9504,1.0042,88.2953,-2.0135,0.0505,86.4979,,,,,,,,,,,,0.586,0.732,0.626,0.624,0
18.96,-4.1496,1.5447,88.1603,-2.5067,0.0258,86.4979,,,,,,,,,,,,0.586,0.732,0.626,0.624,0
18.98,-4.1496,1.5447,88.1603,-2.5067,0.0258,86.4979,,,,,,,,,,,,0.646,0.682,0.617,0.622,0
19.0,-4.1496,1.5447,88.1603,-2.5067,0.0258,86.4979,,,,,,,,,,,,0.646,0.682,0.617,0.622,0
19.02,-4.1496,1.5447,88.1603,-2.5067,0.0258,86.4979,,,,,,,,,,,,0.646,0.682,0.617,0.622,0
19.04,-4.1496,1.5447,88.1603,-2.5067,0.0258,86.4979,,,,,,,,,,,,0.646,0.682,0.617,0.622,0
19.06,-3.4991,0.1484,87.8656,-3.0803,0.0132,86.4979,,,,,,,,,,,,0.646,0.682,0.617,0.622,0
19.08,-3.4991,0.1484,87.8656,-3.0803,0.0132,86.4979,,,,,,,,,,,,0.731,0.6,0.565,0.657,0
19.1,-3.4991,0.1484,87.8656,-3.0803,0.0132,86.4979,,,,,,,,,,,,0.731,0.6,0.565,0.657,0
19.12,-3.4991,0.1484,87.8656,-3.0803,0.0132,86.4979,,,,,,,,,,,,0.731,0.6,0.565,0.657,0
19.14,-3.4991,0.1484,87.8656,-3.0803,0.0132,86.4979,,,,,,,,,,,,0.731,0.6,0.565,0.657,0
19.16,-3.3577,-1.8286,87.4728,-3.6777,0.0067,86.4979,,,,,,,,,,,,0.731,0.6,0.565,0.657,0
19.18,-3.3577,-1.8286,87.4728,-3.6777,0.0067,86.4979,,,,,,,,,,,,0.646,0.7,0.645,0.569,0
19.2,-3.3577,-1.8286,87.4728,-3.6777,0.0067,86.4979,,,,,,,,,,,,0.646,0.7,0.645,0.569,0
19.22,-3.3577,-1.8286,87.4728,-3.6777,0.0067,86.4979,,,,,,,,,,,,0.646,0.7,0.645,0.569,0
19.24,-3.3577,-1.8286,87.4728,-3.6777,0.0067,86.4979,,,,,,,,,,,,0.646,0.7,0.645,0.569,0
19.26,-3.1352,-2.388,86.9015,-4.255,0.0034,86.4978,,,,,,,,,,,,0.646,0.7,0.645,0.569,0
19.28,-3.1352,-2.388,86.9015,-4.255,0.0034,86.4978,,,,,,,,,,,,0.701,0.652,0.547,0.656,0
19.3,-3.1352,-2.388,86.9015,-4.255,0.0034,86.4978,,,,,,,,,,,,0.701,0.652,0.547,0.656,0
19.32,-3.1352,-2.388,86.9015,-4.255,0.0034,86.4978,,,,,,,,,,,,0.701,0.652,0.547,0.656,0
19.34,-3.1352,-2.388,86.9015,-4.255,0.0034,86.4978,,,,,,,,,,,,0.701,0.652,0.547,0.656,0
19.36,-3.6654,-0.5266,86.3008,-4.6706,0.0018,86.4978,,,,,,,,,,,,0.701,0.652,0.547,0.656,0
19.38,-3.6654,-0.5266,86.3008,-4.6706,0.0018,86.4978,,,,,,,,,,,,0.607,0.735,0.586,0.601,0
19.4,-3.6654,-0.5266,86.3008,-4.6706,0.0018,86.4978,,,,,,,,,,,,0.607,0.735,0.586,0.601,0
19.42,-3.6654,-0.5266,86.3008,-4.6706,0.0018,86.4978,,,,,,,,,,,,0.607,0.735,0.586,0.601,0
19.44,-3.6654,-0.5266,86.3008,-4.6706,0.0018,86.4978,,,,,,,,,,,,0.607,0.735,0.586,0.601,0
19.46,-4.0506,1.417,85.738,-5.007,0.0009,86.4978,,,,,,,,,,,,0.607,0.735,0.586,0.601,0
19.48,-4.0506,1.417,85.738,-5.007,0.0009,86.4978,,,,,,,,,,,,0.667,0.679,0.53,0.647,0
19.5,-4.0506,1.417,85.738,-5.007,0.0009,86.4978,,,,,,,,,,,,0.667,0.679,0.53,0.647,0
19.52,-4.0506,1.417,85.738,-5.007,0.0009,86.4978,,,,,,,,,,,,0.667,0.679,0.53,0.647,0
19.54,-4.0506,1.417,85.738,-5.007,0.0009,86.4978,,,,,,,,,,,,0.667,0.679,0.53,0.647,0
19.56,-3.8805,1.398,85.297,-5.2519,0.0005,86.4979,,,,,,,,,,,,0.667,0.679,0.53,0.647,0
19.58,-3.8805,1.398,85.297,-5.2519,0.0005,86.4979,,,,,,,,,,,,0.688,0.663,0.546,0.627,0
19.6,-3.8805,1.398,85.297,-5.2519,0.0005,86.4979,,,,,,,,,,,,0.688,0.663,0.546,0.627,0
19.62,-3.8805,1.398,85.297,-5.2519,0.0005,86.4979,,,,,,,,,,,,0.688,0.663,0.546,0.627,0
19.64,-3.8805,1.398,85.297,-5.2519,0.0005,86.4979,,,,,,,,,,,,0.688,0.663,0.546,0.627,0
19.66,-3.78,-0.1891,84.8967,-5.5389,0.0002,86.4978,,,,,,,,,,,,0.688,0.663,0.546,0.627,0
19.68,-3.78,-0.1891,84.8967,-5.5389,0.0002,86.4978,,,,,,,,,,,,0.687,0.671,0.587,0.581,0
19.7,-3.78,-0.1891,84.8967,-5.5389,0.0002,86.4978,,,,,,,,,,,,0.687,0.671,0.587,0.581,0
19.72,-3.78,-0.1891,84.8967,-5.5389,0.0002,86.4978,,,,,,,,,,,,0.687,0.671,0.587,0.581,0
19.74,-3.78,-0.1891,84.8967,-5.5389,0.0002,86.4978,,,,,,,,,,,,0.687,0.671,0.587,0.581,0
19.76,-4.7045,-1.5019,84.5266,-5.8201,0.0001,86.4979,,,,,,,,,,,,0.687,0.671,0.587,0.581,0
19.78,-4.7045,-1.5019,84.5266,-5.8201,0.0001,86.4979,,,,,,,,,,,,0.644,0.719,0.61,0.551,0
19.8,-4.7045,-1.5019,84.5266,-5.8201,0.0001,86.4979,,,,,,,,,,,,0.644,0.719,0.61,0.551,0
19.82,-4.7045,-1.5019,84.5266,-5.8201,0.0001,86.4979,,,,,,,,,,,,0.644,0.719,0.61,0.551,0
19.84,-4.7045,-1.5019,84.5266,-5.8201,0.0001,86.4979,,,,,,,,,,,,0.644,0.719,0.61,0.551,0
19.86,-6.9637,-1.2055,83.9889,-5.9669,0.0001,86.4979,,,,,,,,,,,,0.644,0.719,0.61,0.551,0
19.88,-6.9637,-1.2055,83.9889,-5.9669,0.0001,86.4979,,,,,,,,,,,,0.644,0.726,0.572,0.586,0
19.9,-6.9637,-1.2055,83.9889,-5.9669,0.0001,86.4979,,,,,,,,,,,,0.644,0.726,0.572,0.586,0
19.92,-6.9637,-1.2055,83.9889,-5.9669,0.0001,86.4979,,,,,,,,,,,,0.644,0.726,0.572,0.586,0
19.94,-6.9637,-1.2055,83.9889,-5.9669,0.0001,86.4979,,,,,,,,,,,,0.644,0.726,0.572,0.586,0
19.96,-8.3797,-0.0467,83.2579,-6.1769,0.0,86.4978,,,,,,,,,,,,0.644,0.726,0.572,0.586,0
19.98,-8.3797,-0.0467,83.2579,-6.1769,0.0,86.4978,,,,,,,,,,,,0.668,0.712,0.548,0.603,0
20.0,-8.3797,-0.0467,83.2579,-6.1769,0.0,86.4978,,,,,,,,,,,,0.668,0.712,0.548,0.603,0
20.02,-8.3797,-0.0467,83.2579,-6.1769,0.0,86.4978,,,,,,,,,,,,0.668,0.712,0.548,0.603,0
20.04,-8.3797,-0.0467,83.2579,-6.1769,0.0,86.4978,,,,,,,,,,,,0.668,0.712,0.548,0.603,0
20.06,-8.2377,0.5382,82.4071,-6.5378,0.5412,86.4978,,,,,,,,,,,,0.668,0.712,0.548,0.603,0
20.08,-8.2377,0.5382,82.4071,-6.5378,0.5412,86.4978,,,,,,,,,,,,0.66,0.736,0.59,0.548,0
20.1,-8.2377,0.5382,82.4071,-6.5378,0.5412,86.4978,,,,,,,,,,,,0.66,0.736,0.59,0.548,0
20.12,-8.2377,0.5382,82.4071,-6.5378,0.5412,86.4978,,,,,,,,,,,,0.66,0.736,0.59,0.548,0
20.14,-8.2377,0.5382,82.4071,-6.5378,0.5412,86.4978,,,,,,,,,,,,0.66,0.736,0.59,0.548,0
20.16,-7.4908,0.8004,81.5604,-6.0867,1.7786,86.498,,,,,,,,,,,,0.66,0.736,0.59,0.548,0
20.18,-7.4908,0.8004,81.5604,-6.0867,1.7786,86.498,,,,,,,,,,,,0.675,0.739,0.581,0.545,0
20.2,-7.4908,0.8004,81.5604,-6.0867,1.7786,86.498,,,,,,,,,,,,0.675,0.739,0.581,0.545,0
20.22,-7.4908,0.8004,81.5604,-6.0867,1.7786,86.498,,,,,,,,,,,,0.675,0.739,0.581,0.545,0
20.24,-7.4908,0.8004,81.5604,-6.0867,1.7786,86.498,,,,,,,,,,,,0.675,0.739,0.581,0.545,0
20.26,-6.1728,2.5037,80.7125,-4.9311,3.4715,86.4984,,,,,,,,,,,,0.675,0.739,0.581,0.545,0
20.28,-6.1728,2.5037,80.7125,-4.9311,3.4715,86.4984,,,,,,,,,,,,0.693,0.729,0.542,0.572,0
20.3,-6.1728,2.5037,80.7125,-4.9311,3.4715,86.4984,,,,,,,,,,,,0.693,0.729,0.542,0.572,0
20.32,-6.1728,2.5037,80.7125,-4.9311,3.4715,86.4984,,,,,,,,,,,,0.693,0.729,0.542,0.572,0
20.34,-6.1728,2.5037,80.7125,-4.9311,3.4715,86.4984,,,,,,,,,,,,0.693,0.729,0.542,0.572,0
20.36,-4.4268,5.286,80.0288,-4.0071,4.8663,86.4987,,,,,,,,,,,,0.693,0.729,0.542,0.572,0
20.38,-4.4268,5.286,80.0288,-4.0071,4.8663,86.4987,,,,,,,,,,,,0.668,0.754,0.543,0.568,0
20.4,-4.4268,5.286,80.0288,-4.0071,4.8663,86.4987,,,,,,,,,,,,0.668,0.754,0.543,0.568,0
20.42,-4.4268,5.286,80.0288,-4.0071,4.8663,86.4987,,,,,,,,,,,,0.668,0.754,0.543,0.568,0
20.44,-4.4268,5.286,80.0288,-4.0071,4.8663,86.4987,,,,,,,,,,,,0.668,0.754,0.543,0.568,0
20.46,-3.2805,7.0714,79.6403,-3.0774,5.5341,86.4988,,,,,,,,,,,,0.668,0.754,0.543,0.568,0
20.48,-3.2805,7.0714,79.6403,-3.0774,5.5341,86.4988,,,,,,,,,,,,0.655,0.768,0.553,0.559,0
20.5,-3.2805,7.0714,79.6403,-3.0774,5.5341,86.4988,,,,,,,,,,,,0.655,0.768,0.553,0.559,0
20.52,-3.2805,7.0714,79.6403,-3.0774,5.5341,86.4988,,,,,,,,,,,,0.655,0.768,0.553,0.559,0
20.54,-3.2805,7.0714,79.6403,-3.0774,5.5341,86.4988,,,,,,,,,,,,0.655,0.768,0.553,0.559,0
20.56,-2.8304,6.4896,79.5067,-1.6418,3.4494,86.4982,,,,,,,,,,,,0.655,0.768,0.553,0.559,0
20.58,-2.8304,6.4896,79.5067,-1.6418,3.4494,86.4982,,,,,,,,,,,,0.654,0.769,0.564,0.547,0
20.6,-2.8304,6.4896,79.5067,-1.6418,3.4494,86.4982,,,,,,,,,,,,0.654,0.769,0.564,0.547,0
20.62,-2.8304,6.4896,79.5067,-1.6418,3.4494,86.4982,,,,,,,,,,,,0.654,0.769,0.564,0.547,0
20.64,-2.8304,6.4896,79.5067,-1.6418,3.4494,86.4982,,,,,,,,,,,,0.654,0.769,0.564,0.547,0
20.66,-1.43,2.5313,79.4794,-0.866,1.761,86.4979,,,,,,,,,,,,0.654,0.769,0.564,0.547,0
20.68,-1.43,2.5313,79.4794,-0.866,1.761,86.4979,,,,,,,,,,,,0.71,0.716,0.574,0.528,0
20.7,-1.43,2.5313,79.4794,-0.866,1.761,86.4979,,,,,,,,,,,,0.71,0.716,0.574,0.528,0
20.72,-1.43,2.5313,79.4794,-0.866,1.761,86.4979,,,,,,,,,,,,0.71,0.716,0.574,0.528,0
20.74,-1.43,2.5313,79.4794,-0.866,1.761,86.4979,,,,,,,,,,,,0.71,0.716,0.574,0.528,0
20.76,-0.1964,-1.1219,79.5961,-0.6472,0.8991,86.4978,,,,,,,,,,,,0.71,0.716,0.574,0.528,0
20.78,-0.1964,-1.1219,79.5961,-0.6472,0.8991,86.4978,,,,,,,,,,,,0.685,0.746,0.592,0.526,0
20.8,-0.1964,-1.1219,79.5961,-0.6472,0.8991,86.4978,,,,,,,,,,,,0.685,0.746,0.592,0.526,0
20.82,-0.1964,-1.1219,79.5961,-0.6472,0.8991,86.4978,,,,,,,,,,,,0.685,0.746,0.592,0.526,0
20.84,-0.1964,-1.1219,79.5961,-0.6472,0.8991,86.4978,,,,,,,,,,,,0.685,0.746,0.592,0.526,0
20.86,-0.3818,-1.1711,80.0979,-0.5111,0.459,86.4979,,,,,,,,,,,,0.685,0.746,0.592,0.526,0
20.88,-0.3818,-1.1711,80.0979,-0.5111,0.459,86.4979,,,,,,,,,,,,0.633,0.788,0.588,0.552,0
20.9,-0.3818,-1.1711,80.0979,-0.5111,0.459,86.4979,,,,,,,,,,,,0.633,0.788,0.588,0.552,0
20.92,-0.3818,-1.1711,80.0979,-0.5111,0.459,86.4979,,,,,,,,,,,,0.633,0.788,0.588,0.552,0
20.94,-0.3818,-1.1711,80.0979,-0.5111,0.459,86.4979,,,,,,,,,,,,0.633,0.788,0.588,0.552,0
20.96,-0.3975,1.2935,80.8504,-0.9152,0.2577,86.4978,,,,,,,,,,,,0.633,0.788,0.588,0.552,0
20.98,-0.3975,1.2935,80.8504,-0.9152,0.2577,86.4978,,,,,,,,,,,,0.623,0.785,0.567,0.589,0
21.0,-0.3975,1.2935,80.8504,-0.9152,0.2577,86.4978,,,,,,,,,,,,0.623,0.785,0.567,0.589,0
21.02,-0.3975,1.2935,80.8504,-0.9152,0.2577,86.4978,,,,,,,,,,,,0.623,0.785,0.567,0.589,0
21.04,-0.3975,1.2935,80.8504,-0.9152,0.2577,86.4978,,,,,,,,,,,,0.623,0.785,0.567,0.589,0
21.06,-0.4893,2.7973,81.614,-1.9725,0.678,86.4977,,,,,,,,,,,,0.623,0.785,0.567,0.589,0
21.08,-0.4893,2.7973,81.614,-1.9725,0.678,86.4977,,,,,,,,,,,,0.677,0.73,0.554,0.613,0
21.1,-0.4893,2.7973,81.614,-1.9725,0.678,86.4977,,,,,,,,,,,,0.677,0.73,0.554,0.613,0
21.12,-0.4893,2.7973,81.614,-1.9725,0.678,86.4977,,,,,,,,,,,,0.677,0.73,0.554,0.613,0
21.14,-0.4893,2.7973,81.614,-1.9725,0.678,86.4977,,,,,,,,,,,,0.677,0.73,0.554,0.613,0
21.16,-1.7459,2.4925,82.2629,-2.7545,1.4612,86.4976,,,,,,,,,,,,0.677,0.73,0.554,0.613,0
21.18,-1.7459,2.4925,82.2629,-2.7545,1.4612,86.4976,,,,,,,,,,,,0.717,0.684,0.543,0.627,0
21.2,-1.7459,2.4925,82.2629,-2.7545,1.4612,86.4976,,,,,,,,,,,,0.717,0.684,0.543,0.627,0
21.22,-1.7459,2.4925,82.2629,-2.7545,1.4612,86.4976,,,,,,,,,,,,0.717,0.684,0.543,0.627,0
21.24,-1.7459,2.4925,82.2629,-2.7545,1.4612,86.4976,,,,,,,,,,,,0.717,0.684,0.543,0.627,0
21.26,-3.1085,2.3953,83.031,-3.0604,2.7657,86.4976,,,,,,,,,,,,0.717,0.684,0.543,0.627,0
21.28,-3.1085,2.3953,83.031,-3.0604,2.7657,86.4976,,,,,,,,,,,,0.646,0.745,0.607,0.574,0
21.3,-3.1085,2.3953,83.031,-3.0604,2.7657,86.4976,,,,,,,,,,,,0.646,0.745,0.607,0.574,0
21.32,-3.1085,2.3953,83.031,-3.0604,2.7657,86.4976,,,,,,,,,,,,0.646,0.745,0.607,0.574,0
21.34,-3.1085,2.3953,83.031,-3.0604,2.7657,86.4976,,,,,,,,,,,,0.646,0.745,0.607,0.574,0
21.36,-2.6473,4.0192,83.8244,-3.3435,3.7999,86.4975,,,,,,,,,,,,0.646,0.745,0.607,0.574,0
21.38,-2.6473,4.0192,83.8244,-3.3435,3.7999,86.4975,,,,,,,,,,,,0.662,0.723,0.558,0.633,0
21.4,-2.6473,4.0192,83.8244,-3.3435,3.7999,86.4975,,,,,,,,,,,,0.662,0.723,0.558,0.633,0
21.42,-2.6473,4.0192,83.8244,-3.3435,3.7999,86.4975,,,,,,,,,,,,0.662,0.723,0.558,0.633,0
21.44,-2.6473,4.0192,83.8244,-3.3435,3.7999,86.4975,,,,,,,,,,,,0.662,0.723,0.558,0.633,0
21.46,-2.2041,5.8589,84.4948,-4.0365,4.389,86.4975,,,,,,,,,,,,0.662,0.723,0.558,0.633,0
21.48,-2.2041,5.8589,84.4948,-4.0365,4.389,86.4975,,,,,,,,,,,,0.685,0.719,0.568,0.662,0
21.5,-2.2041,5.8589,84.4948,-4.0365,4.389,86.4975,,,,,,,,,,,,0.685,0.719,0.568,0.662,0
21.52,-2.2041,5.8589,84.4948,-4.0365,4.389,86.4975,,,,,,,,,,,,0.685,0.719,0.568,0.662,0
21.54,-2.2041,5.8589,84.4948,-4.0365,4.389,86.4975,,,,,,,,,,,,0.685,0.719,0.568,0.662,0
21.56,-2.474,6.1371,84.8673,-4.7483,4.5257,86.4974,,,,,,,,,,,,0.685,0.719,0.568,0.662,0
21.58,-2.474,6.1371,84.8673,-4.7483,4.5257,86.4974,,,,,,,,,,,,0.691,0.732,0.605,0.648,0
21.6,-2.474,6.1371,84.8673,-4.7483,4.5257,86.4974,,,,,,,,,,,,0.691,0.732,0.605,0.648,0
21.62,-2.474,6.1371,84.8673,-4.7483,4.5257,86.4974,,,,,,,,,,,,0.691,0.732,0.605,0.648,0
21.64,-2.474,6.1371,84.8673,-4.7483,4.5257,86.4974,,,,,,,,,,,,0.691,0.732,0.605,0.648,0
21.66,-3.9988,4.8227,85.0608,-5.1415,4.3804,86.4975,,,,,,,,,,,,0.691,0.732,0.605,0.648,0
21.68,-3.9988,4.8227,85.0608,-5.1415,4.3804,86.4975,,,,,,,,,,,,0.709,0.733,0.626,0.64,0
21.7,-3.9988,4.8227,85.0608,-5.1415,4.3804,86.4975,,,,,,,,,,,,0.709,0.733,0.626,0.64,0
21.72,-3.9988,4.8227,85.0608,-5.1415,4.3804,86.4975,,,,,,,,,,,,0.709,0.733,0.626,0.64,0
21.74,-3.9988,4.8227,85.0608,-5.1415,4.3804,86.4975,,,,,,,,,,,,0.709,0.733,0.626,0.64,0
21.76,-4.7675,3.3606,85.1443,-5.4086,4.071,86.4975,,,,,,,,,,,,0.709,0.733,0.626,0.64,0
21.78,-4.7675,3.3606,85.1443,-5.4086,4.071,86.4975,,,,,,,,,,,,0.676,0.766,0.654,0.609,0
21.8,-4.7675,3.3606,85.1443,-5.4086,4.071,86.4975,,,,,,,,,,,,0.676,0.766,0.654,0.609,0
21.82,-4.7675,3.3606,85.1443,-5.4086,4.071,86.4975,,,,,,,,,,,,0.676,0.766,0.654,0.609,0
21.84,-4.7675,3.3606,85.1443,-5.4086,4.071,86.4975,,,,,,,,,,,,0.676,0.766,0.654,0.609,0
21.86,-4.398,2.9553,85.2819,-5.9045,3.3038,86.4976,,,,,,,,,,,,0.676,0.766,0.654,0.609,0
21.88,-4.398,2.9553,85.2819,-5.9045,3.3038,86.4976,,,,,,,,,,,,0.674,0.762,0.624,0.641,0
21.9,-4.398,2.9553,85.2819,-5.9045,3.3038,86.4976,,,,,,,,,,,,0.674,0.762,0.624,0.641,0
21.92,-4.398,2.9553,85.2819,-5.9045,3.3038,86.4976,,,,,,,,,,,,0.674,0.762,0.624,0.641,0
21.94,-4.398,2.9553,85.2819,-5.9045,3.3038,86.4976,,,,,,,,,,,,0.674,0.762,0.624,0.641,0
21.96,-4.6266,2.8495,85.5007,-6.2825,2.5523,86.4977,,,,,,,,,,,,0.674,0.762,0.624,0.641,0
21.98,-4.6266,2.8495,85.5007,-6.2825,2.5523,86.4977,,,,,,,,,,,,0.686,0.746,0.603,0.663,0
22.0,-4.6266,2.8495,85.5007,-6.2825,2.5523,86.4977,,,,,,,,,,,,0.686,0.746,0.603,0.663,0
22.02,-4.6266,2.8495,85.5007,-6.2825,2.5523,86.4977,,,,,,,,,,,,0.686,0.746,0.603,0.663,0
22.04,-4.6266,2.8495,85.5007,-6.2825,2.5523,86.4977,,,,,,,,,,,,0.686,0.746,0.603,0.663,0
22.06,-4.969,2.1109,85.8204,-6.4842,1.6988,86.4977,,,,,,,,,,,,0.686,0.746,0.603,0.663,0
22.08,-4.969,2.1109,85.8204,-6.4842,1.6988,86.4977,,,,,,,,,,,,0.668,0.756,0.643,0.629,0
22.1,-4.969,2.1109,85.8204,-6.4842,1.6988,86.4977,,,,,,,,,,,,0.668,0.756,0.643,0.629,0
22.12,-4.969,2.1109,85.8204,-6.4842,1.6988,86.4977,,,,,,,,,,,,0.668,0.756,0.643,0.629,0
22.14,-4.969,2.1109,85.8204,-6.4842,1.6988,86.4977,,,,,,,,,,,,0.668,0.756,0.643,0.629,0
22.16,-6.2008,0.85,86.3331,-6.9593,0.8875,86.4978,,,,,,,,,,,,0.668,0.756,0.643,0.629,0
22.18,-6.2008,0.85,86.3331,-6.9593,0.8875,86.4978,,,,,,,,,,,,0.61,0.639,0.526,0.562,0
22.2,-6.2008,0.85,86.3331,-6.9593,0.8875,86.4978,,,,,,,,,,,,0.61,0.639,0.526,0.562,0
22.22,-6.2008,0.85,86.3331,-6.9593,0.8875,86.4978,,,,,,,,,,,,0.61,0.639,0.526,0.562,0
22.24,-6.2008,0.85,86.3331,-6.9593,0.8875,86.4978,,,,,,,,,,,,0.61,0.639,0.526,0.562,0
22.26,-6.3807,-0.4095,87.3039,-7.7286,0.4531,86.4979,,,,,,,,,,,,0.61,0.639,0.526,0.562,0
22.28,-6.3807,-0.4095,87.3039,-7.7286,0.4531,86.4979,,,,,,,,,,,,0.621,0.588,0.506,0.572,0
22.3,-6.3807,-0.4095,87.3039,-7.7286,0.4531,86.4979,,,,,,,,,,,,0.621,0.588,0.506,0.572,0
22.32,-6.3807,-0.4095,87.3039,-7.7286,0.4531,86.4979,,,,,,,,,,,,0.621,0.588,0.506,0.572,0
22.34,-6.3807,-0.4095,87.3039,-7.7286,0.4531,86.4979,,,,,,,,,,,,0.621,0.588,0.506,0.572,0
22.36,-6.9149,-1.5656,88.5874,-8.0791,0.2313,86.4979,,,,,,,,,,,,0.621,0.588,0.506,0.572,0
22.38,-6.9149,-1.5656,88.5874,-8.0791,0.2313,86.4979,,,,,,,,,,,,0.655,0.656,0.619,0.614,0
22.4,-6.9149,-1.5656,88.5874,-8.0791,0.2313,86.4979,,,,,,,,,,,,0.655,0.656,0.619,0.614,0
22.42,-6.9149,-1.5656,88.5874,-8.0791,0.2313,86.4979,,,,,,,,,,,,0.655,0.656,0.619,0.614,0
22.44,-6.9149,-1.5656,88.5874,-8.0791,0.2313,86.4979,,,,,,,,,,,,0.655,0.656,0.619,0.614,0
22.46,-6.1996,-1.9315,89.8565,-7.9642,0.1181,86.4979,,,,,,,,,,,,0.655,0.656,0.619,0.614,0
22.48,-6.1996,-1.9315,89.8565,-7.9642,0.1181,86.4979,,,,,,,,,,,,0.623,0.685,0.635,0.627,0
22.5,-6.1996,-1.9315,89.8565,-7.9642,0.1181,86.4979,,,,,,,,,,,,0.623,0.685,0.635,0.627,0
22.52,-6.1996,-1.9315,89.8565,-7.9642,0.1181,86.4979,,,,,,,,,,,,0.623,0.685,0.635,0.627,0
22.54,-6.1996,-1.9315,89.8565,-7.9642,0.1181,86.4979,,,,,,,,,,,,0.623,0.685,0.635,0.627,0
22.56,-5.4991,-0.9424,90.7408,-6.9496,0.0603,86.4979,,,,,,,,,,,,0.623,0.685,0.635,0.627,0
22.58,-5.4991,-0.9424,90.7408,-6.9496,0.0603,86.4979,,,,,,,,,,,,0.618,0.68,0.614,0.659,0
22.6,-5.4991,-0.9424,90.7408,-6.9496,0.0603,86.4979,,,,,,,,,,,,0.618,0.68,0.614,0.659,0
22.62,-5.4991,-0.9424,90.7408,-6.9496,0.0603,86.4979,,,,,,,,,,,,0.618,0.68,0.614,0.659,0
22.64,-5.4991,-0.9424,90.7408,-6.9496,0.0603,86.4979,,,,,,,,,,,,0.618,0.68,0.614,0.659,0
22.66,-4.8314,1.0073,91.2416,-5.1518,0.0308,86.4979,,,,,,,,,,,,0.618,0.68,0.614,0.659,0
22.68,-4.8314,1.0073,91.2416,-5.1518,0.0308,86.4979,,,,,,,,,,,,0.585,0.714,0.633,0.656,0
22.7,-4.8314,1.0073,91.2416,-5.1518,0.0308,86.4979,,,,,,,,,,,,0.585,0.714,0.633,0.656,0
22.72,-4.8314,1.0073,91.2416,-5.1518,0.0308,86.4979,,,,,,,,,,,,0.585,0.714,0.633,0.656,0
22.74,-4.8314,1.0073,91.2416,-5.1518,0.0308,86.4979,,,,,,,,,,,,0.585,0.714,0.633,0.656,0
22.76,-2.4468,1.7749,91.6279,-3.5202,0.0157,86.4979,,,,,,,,,,,,0.585,0.714,0.633,0.656,0
22.78,-2.4468,1.7749,91.6279,-3.5202,0.0157,86.4979,,,,,,,,,,,,0.663,0.643,0.581,0.705,0
22.8,-2.4468,1.7749,91.6279,-3.5202,0.0157,86.4979,,,,,,,,,,,,0.663,0.643,0.581,0.705,0
22.82,-2.4468,1.7749,91.6279,-3.5202,0.0157,86.4979,,,,,,,,,,,,0.663,0.643,0.581,0.705,0
22.84,-2.4468,1.7749,91.6279,-3.5202,0.0157,86.4979,,,,,,,,,,,,0.663,0.643,0.581,0.705,0
22.86,-1.0491,1.4743,91.8917,-2.69,0.008,86.4978,,,,,,,,,,,,0.663,0.643,0.581,0.705,0
22.88,-1.0491,1.4743,91.8917,-2.69,0.008,86.4978,,,,,,,,,,,,0.619,0.685,0.64,0.652,0
22.9,-1.0491,1.4743,91.8917,-2.69,0.008,86.4978,,,,,,,,,,,,0.619,0.685,0.64,0.652,0
22.92,-1.0491,1.4743,91.8917,-2.69,0.008,86.4978,,,,,,,,,,,,0.619,0.685,0.64,0.652,0
22.94,-1.0491,1.4743,91.8917,-2.69,0.008,86.4978,,,,,,,,,,,,0.619,0.685,0.64,0.652,0
22.96,-0.3958,0.8168,91.9978,-1.9707,0.0041,86.4979,,,,,,,,,,,,0.619,0.685,0.64,0.652,0
22.98,-0.3958,0.8168,91.9978,-1.9707,0.0041,86.4979,,,,,,,,,,,,0.626,0.641,0.594,0.653,0
23.0,-0.3958,0.8168,91.9978,-1.9707,0.0041,86.4979,,,,,,,,,,,,0.626,0.641,0.594,0.653,0
23.02,-0.3958,0.8168,91.9978,-1.9707,0.0041,86.4979,,,,,,,,,,,,0.626,0.641,0.594,0.653,0
23.04,-0.3958,0.8168,91.9978,-1.9707,0.0041,86.4979,,,,,,,,,,,,0.626,0.641,0.594,0.653,0
23.06,-1.5851,0.4567,91.8757,-1.411,0.0021,86.4979,,,,,,,,,,,,0.626,0.641,0.594,0.653,0
23.08,-1.5851,0.4567,91.8757,-1.411,0.0021,86.4979,,,,,,,,,,,,0.655,0.616,0.557,0.686,0
23.1,-1.5851,0.4567,91.8757,-1.411,0.0021,86.4979,,,,,,,,,,,,0.655,0.616,0.557,0.686,0
23.12,-1.5851,0.4567,91.8757,-1.411,0.0021,86.4979,,,,,,,,,,,,0.655,0.616,0.557,0.686,0
23.14,-1.5851,0.4567,91.8757,-1.411,0.0021,86.4979,,,,,,,,,,,,0.655,0.616,0.557,0.686,0
23.16,-1.8187,0.5893,91.6613,-1.4209,0.0011,86.4979,,,,,,,,,,,,0.655,0.616,0.557,0.686,0
23.18,-1.8187,0.5893,91.6613,-1.4209,0.0011,86.4979,,,,,,,,,,,,0.605,0.676,0.617,0.631,0
23.2,-1.8187,0.5893,91.6613,-1.4209,0.0011,86.4979,,,,,,,,,,,,0.605,0.676,0.617,0.631,0
23.22,-1.8187,0.5893,91.6613,-1.4209,0.0011,86.4979,,,,,,,,,,,,0.605,0.676,0.617,0.631,0
23.24,-1.8187,0.5893,91.6613,-1.4209,0.0011,86.4979,,,,,,,,,,,,0.605,0.676,0.617,0.631,0
23.26,-1.8851,0.7675,91.036,-1.9008,0.0005,86.4979,,,,,,,,,,,,0.605,0.676,0.617,0.631,0
23.28,-1.8851,0.7675,91.036,-1.9008,0.0005,86.4979,,,,,,,,,,,,0.698,0.604,0.521,0.714,0
23.3,-1.8851,0.7675,91.036,-1.9008,0.0005,86.4979,,,,,,,,,,,,0.698,0.604,0.521,0.714,0
23.32,-1.8851,0.7675,91.036,-1.9008,0.0005,86.4979,,,,,,,,,,,,0.698,0.604,0.521,0.714,0
23.34,-1.8851,0.7675,91.036,-1.9008,0.0005,86.4979,,,,,,,,,,,,0.698,0.604,0.521,0.714,0
23.36,-0.6368,1.1,90.1894,-2.2344,0.0003,86.4979,,,,,,,,,,,,0.698,0.604,0.521,0.714,0
23.38,-0.6368,1.1,90.1894,-2.2344,0.0003,86.4979,,,,,,,,,,,,0.623,0.698,0.58,0.659,0
23.4,-0.6368,1.1,90.1894,-2.2344,0.0003,86.4979,,,,,,,,,,,,0.623,0.698,0.58,0.659,0
23.42,-0.6368,1.1,90.1894,-2.2344,0.0003,86.4979,,,,,,,,,,,,0.623,0.698,0.58,0.659,0
23.44,-0.6368,1.1,90.1894,-2.2344,0.0003,86.4979,,,,,,,,,,,,0.623,0.698,0.58,0.659,0
23.46,-4.622,-3.1361,89.1263,-2.3302,0.0001,86.4979,,,,,,,,,,,,0.623,0.698,0.58,0.659,0
23.48,-4.622,-3.1361,89.1263,-2.3302,0.0001,86.4979,,,,,,,,,,,,0.683,0.664,0.637,0.584,0
23.5,-4.622,-3.1361,89.1263,-2.3302,0.0001,86.4979,,,,,,,,,,,,0.683,0.664,0.637,0.584,0
23.52,-4.622,-3.1361,89.1263,-2.3302,0.0001,86.4979,,,,,,,,,,,,0.683,0.664,0.637,0.584,0
23.54,-4.622,-3.1361,89.1263,-2.3302,0.0001,86.4979,,,,,,,,,,,,0.683,0.664,0.637,0.584,0
23.56,-5.119,-1.0863,88.3063,-2.4092,0.0001,86.4979,,,,,,,,,,,,0.683,0.664,0.637,0.584,0
23.58,-5.119,-1.0863,88.3063,-2.4092,0.0001,86.4979,,,,,,,,,,,,0.573,0.76,0.59,0.629,0
23.6,-5.119,-1.0863,88.3063,-2.4092,0.0001,86.4979,,,,,,,,,,,,0.573,0.76,0.59,0.629,0
23.62,-5.119,-1.0863,88.3063,-2.4092,0.0001,86.4979,,,,,,,,,,,,0.573,0.76,0.59,0.629,0
23.64,-5.119,-1.0863,88.3063,-2.4092,0.0001,86.4979,,,,,,,,,,,,0.573,0.76,0.59,0.629,0
23.66,-2.9008,2.7453,87.6527,-3.1249,0.0,86.4979,,,,,,,,,,,,0.573,0.76,0.59,0.629,0
23.68,-2.9008,2.7453,87.6527,-3.1249,0.0,86.4979,,,,,,,,,,,,0.664,0.666,0.476,0.705,0
23.7,-2.9008,2.7453,87.6527,-3.1249,0.0,86.4979,,,,,,,,,,,,0.664,0.666,0.476,0.705,0
23.72,-2.9008,2.7453,87.6527,-3.1249,0.0,86.4979,,,,,,,,,,,,0.664,0.666,0.476,0.705,0
23.74,-2.9008,2.7453,87.6527,-3.1249,0.0,86.4979,,,,,,,,,,,,0.664,0.666,0.476,0.705,0
23.76,-1.7097,4.6272,86.9609,-4.3107,0.0,86.4979,,,,,,,,,,,,0.664,0.666,0.476,0.705,0
23.78,-1.7097,4.6272,86.9609,-4.3107,0.0,86.4979,,,,,,,,,,,,0.649,0.688,0.531,0.656,0
23.8,-1.7097,4.6272,86.9609,-4.3107,0.0,86.4979,,,,,,,,,,,,0.649,0.688,0.531,0.656,0
23.82,-1.7097,4.6272,86.9609,-4.3107,0.0,86.4979,,,,,,,,,,,,0.649,0.688,0.531,0.656,0
23.84,-1.7097,4.6272,86.9609,-4.3107,0.0,86.4979,,,,,,,,,,,,0.649,0.688,0.531,0.656,0
23.86,-3.8558,3.2894,86.0702,-5.0079,0.0,86.4979,,,,,,,,,,,,0.649,0.688,0.531,0.656,0
23.88,-3.8558,3.2894,86.0702,-5.0079,0.0,86.4979,,,,,,,,,,,,0.592,0.753,0.65,0.519,0
23.9,-3.8558,3.2894,86.0702,-5.0079,0.0,86.4979,,,,,,,,,,,,0.592,0.753,0.65,0.519,0
23.92,-3.8558,3.2894,86.0702,-5.0079,0.0,86.4979,,,,,,,,,,,,0.592,0.753,0.65,0.519,0
23.94,-3.8558,3.2894,86.0702,-5.0079,0.0,86.4979,,,,,,,,,,,,0.592,0.753,0.65,0.519,0
23.96,-7.6754,0.3103,85.2646,-5.256,0.0,86.4979,,,,,,,,,,,,0.592,0.753,0.65,0.519,0
23.98,-7.6754,0.3103,85.2646,-5.256,0.0,86.4979,,,,,,,,,,,,0.616,0.748,0.646,0.51,0
24.0,-7.6754,0.3103,85.2646,-5.256,0.0,86.4979,,,,,,,,,,,,0.616,0.748,0.646,0.51,0
24.02,-7.6754,0.3103,85.2646,-5.256,0.0,86.4979,,,,,,,,,,,,0.616,0.748,0.646,0.51,0
24.04,-7.6754,0.3103,85.2646,-5.256,0.0,86.4979,,,,,,,,,,,,0.616,0.748,0.646,0.51,0
24.06,-8.5881,-1.1284,84.9407,-5.7013,0.0,86.4979,,,,,,,,,,,,0.616,0.748,0.646,0.51,0
24.08,-8.5881,-1.1284,84.9407,-5.7013,0.0,86.4979,,,,,,,,,,,,0.644,0.727,0.592,0.573,0
24.1,-8.5881,-1.1284,84.9407,-5.7013,0.0,86.4979,,,,,,,,,,,,0.644,0.727,0.592,0.573,0
24.12,-8.5881,-1.1284,84.9407,-5.7013,0.0,86.4979,,,,,,,,,,,,0.644,0.727,0.592,0.573,0
24.14,-8.5881,-1.1284,84.9407,-5.7013,0.0,86.4979,,,,,,,,,,,,0.644,0.727,0.592,0.573,0
24.16,-7.0561,-0.3541,84.9213,-6.1591,0.0,86.4979,,,,,,,,,,,,0.644,0.727,0.592,0.573,0
24.18,-7.0561,-0.3541,84.9213,-6.1591,0.0,86.4979,,,,,,,,,,,,0.692,0.672,0.482,0.678,0
24.2,-7.0561,-0.3541,84.9213,-6.1591,0.0,86.4979,,,,,,,,,,,,0.692,0.672,0.482,0.678,0
24.22,-7.0561,-0.3541,84.9213,-6.1591,0.0,86.4979,,,,,,,,,,,,0.692,0.672,0.482,0.678,0
24.24,-7.0561,-0.3541,84.9213,-6.1591,0.0,86.4979,,,,,,,,,,,,0.692,0.672,0.482,0.678,0
24.26,-4.4993,1.3421,85.0019,-5.7334,0.0,86.4978,,,,,,,,,,,,0.692,0.672,0.482,0.678,0
24.28,-4.4993,1.3421,85.0019,-5.7334,0.0,86.4978,,,,,,,,,,,,0.646,0.711,0.534,0.647,0
24.3,-4.4993,1.3421,85.0019,-5.7334,0.0,86.4978,,,,,,,,,,,,0.646,0.711,0.534,0.647,0
24.32,-4.4993,1.3421,85.0019,-5.7334,0.0,86.4978,,,,,,,,,,,,0.646,0.711,0.534,0.647,0
24.34,-4.4993,1.3421,85.0019,-5.7334,0.0,86.4978,,,,,,,,,,,,0.646,0.711,0.534,0.647,0
24.36,-2.9631,1.2796,85.1019,-4.3111,0.0,86.4978,,,,,,,,,,,,0.646,0.711,0.534,0.647,0
24.38,-2.9631,1.2796,85.1019,-4.3111,0.0,86.4978,,,,,,,,,,,,0.638,0.719,0.617,0.566,0
24.4,-2.9631,1.2796,85.1019,-4.3111,0.0,86.4978,,,,,,,,,,,,0.638,0.719,0.617,0.566,0
24.42,-2.9631,1.2796,85.1019,-4.3111,0.0,86.4978,,,,,,,,,,,,0.638,0.719,0.617,0.566,0
24.44,-2.9631,1.2796,85.1019,-4.3111,0.0,86.4978,,,,,,,,,,,,0.638,0.719,0.617,0.566,0
24.46,-1.717,0.483,84.8826,-2.8701,0.0,86.4979,,,,,,,,,,,,0.638,0.719,0.617,0.566,0
24.48,-1.717,0.483,84.8826,-2.8701,0.0,86.4979,,,,,,,,,,,,0.621,0.74,0.609,0.564,0
24.5,-1.717,0.483,84.8826,-2.8701,0.0,86.4979,,,,,,,,,,,,0.621,0.74,0.609,0.564,0
24.52,-1.717,0.483,84.8826,-2.8701,0.0,86.4979,,,,,,,,,,,,0.621,0.74,0.609,0.564,0
24.54,-1.717,0.483,84.8826,-2.8701,0.0,86.4979,,,,,,,,,,,,0.621,0.74,0.609,0.564,0
24.56,-3.252,-1.6975,84.6885,-2.017,0.0,86.4979,,,,,,,,,,,,0.621,0.74,0.609,0.564,0
24.58,-3.252,-1.6975,84.6885,-2.017,0.0,86.4979,,,,,,,,,,,,0.646,0.726,0.622,0.548,0
24.6,-3.252,-1.6975,84.6885,-2.017,0.0,86.4979,,,,,,,,,,,,0.646,0.726,0.622,0.548,0
24.62,-3.252,-1.6975,84.6885,-2.017,0.0,86.4979,,,,,,,,,,,,0.646,0.726,0.622,0.548,0
24.64,-3.252,-1.6975,84.6885,-2.017,0.0,86.4979,,,,,,,,,,,,0.646,0.726,0.622,0.548,0
24.66,-4.8235,-2.9188,84.6455,-2.1834,0.0,86.4979,,,,,,,,,,,,0.646,0.726,0.622,0.548,0
24.68,-4.8235,-2.9188,84.6455,-2.1834,0.0,86.4979,,,,,,,,,,,,0.691,0.692,0.575,0.607,0
24.7,-4.8235,-2.9188,84.6455,-2.1834,0.0,86.4979,,,,,,,,,,,,0.691,0.692,0.575,0.607,0
24.72,-4.8235,-2.9188,84.6455,-2.1834,0.0,86.4979,,,,,,,,,,,,0.691,0.692,0.575,0.607,0
24.74,-4.8235,-2.9188,84.6455,-2.1834,0.0,86.4979,,,,,,,,,,,,0.691,0.692,0.575,0.607,0
24.76,-5.1055,-2.6514,84.6658,-3.0324,0.0,86.4979,,,,,,,,,,,,0.691,0.692,0.575,0.607,0
24.78,-5.1055,-2.6514,84.6658,-3.0324,0.0,86.4979,,,,,,,,,,,,0.671,0.709,0.574,0.611,0
24.8,-5.1055,-2.6514,84.6658,-3.0324,0.0,86.4979,,,,,,,,,,,,0.671,0.709,0.574,0.611,0
24.82,-5.1055,-2.6514,84.6658,-3.0324,0.0,86.4979,,,,,,,,,,,,0.671,0.709,0.574,0.611,0
24.84,-5.1055,-2.6514,84.6658,-3.0324,0.0,86.4979,,,,,,,,,,,,0.671,0.709,0.574,0.611,0
24.86,-3.8385,-1.7178,84.9101,-3.7751,0.0,86.4979,,,,,,,,,,,,0.671,0.709,0.574,0.611,0
24.88,-3.8385,-1.7178,84.9101,-3.7751,0.0,86.4979,,,,,,,,,,,,0.693,0.681,0.55,0.64,0
24.9,-3.8385,-1.7178,84.9101,-3.7751,0.0,86.4979,,,,,,,,,,,,0.693,0.681,0.55,0.64,0
24.92,-3.8385,-1.7178,84.9101,-3.7751,0.0,86.4979,,,,,,,,,,,,0.693,0.681,0.55,0.64,0
24.94,-3.8385,-1.7178,84.9101,-3.7751,0.0,86.4979,,,,,,,,,,,,0.693,0.681,0.55,0.64,0
24.96,-3.0787,-0.4033,85.3158,-4.1623,0.0,86.4979,,,,,,,,,,,,0.693,0.681,0.55,0.64,0
24.98,-3.0787,-0.4033,85.3158,-4.1623,0.0,86.4979,,,,,,,,,,,,0.674,0.689,0.541,0.655,0
25.0,-3.0787,-0.4033,85.3158,-4.1623,0.0,86.4979,,,,,,,,,,,,0.674,0.689,0.541,0.655,0
25.02,-3.0787,-0.4033,85.3158,-4.1623,0.0,86.4979,,,,,,,,,,,,0.674,0.689,0.541,0.655,0
25.04,-3.0787,-0.4033,85.3158,-4.1623,0.0,86.4979,,,,,,,,,,,,0.674,0.689,0.541,0.655,0
25.06,-3.3966,0.1793,85.7667,-4.4925,0.0,86.4979,,,,,,,,,,,,0.674,0.689,0.541,0.655,0
25.08,-3.3966,0.1793,85.7667,-4.4925,0.0,86.4979,,,,,,,,,,,,0.658,0.699,0.561,0.643,0
25.1,-3.3966,0.1793,85.7667,-4.4925,0.0,86.4979,,,,,,,,,,,,0.658,0.699,0.561,0.643,0
25.12,-3.3966,0.1793,85.7667,-4.4925,0.0,86.4979,,,,,,,,,,,,0.658,0.699,0.561,0.643,0
25.14,-3.3966,0.1793,85.7667,-4.4925,0.0,86.4979,,,,,,,,,,,,0.658,0.699,0.561,0.643,0
25.16,-4.7717,0.6887,86.153,-4.8218,0.0,86.4979,,,,,,,,,,,,0.658,0.699,0.561,0.643,0
25.18,-4.7717,0.6887,86.153,-4.8218,0.0,86.4979,,,,,,,,,,,,0.631,0.721,0.591,0.621,0
25.2,-4.7717,0.6887,86.153,-4.8218,0.0,86.4979,,,,,,,,,,,,0.631,0.721,0.591,0.621,0
25.22,-4.7717,0.6887,86.153,-4.8218,0.0,86.4979,,,,,,,,,,,,0.631,0.721,0.591,0.621,0
25.24,-4.7717,0.6887,86.153,-4.8218,0.0,86.4979,,,,,,,,,,,,0.631,0.721,0.591,0.621,0
25.26,-5.1762,1.338,86.46,-5.1043,0.0,86.4979,,,,,,,,,,,,0.631,0.721,0.591,0.621,0
25.28,-5.1762,1.338,86.46,-5.1043,0.0,86.4979,,,,,,,,,,,,0.63,0.72,0.594,0.622,0
25.3,-5.1762,1.338,86.46,-5.1043,0.0,86.4979,,,,,,,,,,,,0.63,0.72,0.594,0.622,0
25.32,-5.1762,1.338,86.46,-5.1043,0.0,86.4979,,,,,,,,,,,,0.63,0.72,0.594,0.622,0
25.34,-5.1762,1.338,86.46,-5.1043,0.0,86.4979,,,,,,,,,,,,0.63,0.72,0.594,0.622,0
25.36,-4.8607,1.4194,86.6892,-5.2686,0.0,86.4979,,,,,,,,,,,,0.63,0.72,0.594,0.622,0
25.38,-4.8607,1.4194,86.6892,-5.2686,0.0,86.4979,,,,,,,,,,,,0.621,0.726,0.606,0.612,0
25.4,-4.8607,1.4194,86.6892,-5.2686,0.0,86.4979,,,,,,,,,,,,0.621,0.726,0.606,0.612,0
25.42,-4.8607,1.4194,86.6892,-5.2686,0.0,86.4979,,,,,,,,,,,,0.621,0.726,0.606,0.612,0
25.44,-4.8607,1.4194,86.6892,-5.2686,0.0,86.4979,,,,,,,,,,,,0.621,0.726,0.606,0.612,0
25.46,-3.9671,0.9433,86.8484,-5.411,0.0,86.4979,,,,,,,,,,,,0.621,0.726,0.606,0.612,0
25.48,-3.9671,0.9433,86.8484,-5.411,0.0,86.4979,,,,,,,,,,,,0.633,0.714,0.598,0.619,0
25.5,-3.9671,0.9433,86.8484,-5.411,0.0,86.4979,,,,,,,,,,,,0.633,0.714,0.598,0.619,0
25.52,-3.9671,0.9433,86.8484,-5.411,0.0,86.4979,,,,,,,,,,,,0.633,0.714,0.598,0.619,0
25.54,-3.9671,0.9433,86.8484,-5.411,0.0,86.4979,,,,,,,,,,,,0.633,0.714,0.598,0.619,0
25.56,-2.4777,0.423,87.0353,-5.4872,0.0,86.4979,,,,,,,,,,,,0.633,0.714,0.598,0.619,0
25.58,-2.4777,0.423,87.0353,-5.4872,0.0,86.4979,,,,,,,,,,,,0.667,0.68,0.578,0.638,0
25.6,-2.4777,0.423,87.0353,-5.4872,0.0,86.4979,,,,,,,,,,,,0.667,0.68,0.578,0.638,0
25.62,-2.4777,0.423,87.0353,-5.4872,0.0,86.4979,,,,,,,,,,,,0.667,0.68,0.578,0.638,0
25.64,-2.4777,0.423,87.0353,-5.4872,0.0,86.4979,,,,,,,,,,,,0.667,0.68,0.578,0.638,0
25.66,-2.5151,-0.2505,87.1483,-5.5261,0.0,86.4979,,,,,,,,,,,,0.667,0.68,0.578,0.638,0
25.68,-2.5151,-0.2505,87.1483,-5.5261,0.0,86.4979,,,,,,,,,,,,0.63,0.716,0.634,0.581,0
25.7,-2.5151,-0.2505,87.1483,-5.5261,0.0,86.4979,,,,,,,,,,,,0.63,0.716,0.634,0.581,0
25.72,-2.5151,-0.2505,87.1483,-5.5261,0.0,86.4979,,,,,,,,,,,,0.63,0.716,0.634,0.581,0
25.74,-2.5151,-0.2505,87.1483,-5.5261,0.0,86.4979,,,,,,,,,,,,0.63,0.716,0.634,0.581,0
25.76,-4.9524,-1.1305,87.1398,-5.8764,0.0,86.4979,,,,,,,,,,,,0.63,0.716,0.634,0.581,0
25.78,-4.9524,-1.1305,87.1398,-5.8764,0.0,86.4979,,,,,,,,,,,,0.671,0.68,0.601,0.616,0
25.8,-4.9524,-1.1305,87.1398,-5.8764,0.0,86.4979,,,,,,,,,,,,0.671,0.68,0.601,0.616,0
25.82,-4.9524,-1.1305,87.1398,-5.8764,0.0,86.4979,,,,,,,,,,,,0.671,0.68,0.601,0.616,0
25.84,-4.9524,-1.1305,87.1398,-5.8764,0.0,86.4979,,,,,,,,,,,,0.671,0.68,0.601,0.616,0
25.86,-7.0379,-1.4109,87.2468,-6.977,0.0,86.4979,,,,,,,,,,,,0.671,0.68,0.601,0.616,0
25.88,-7.0379,-1.4109,87.2468,-6.977,0.0,86.4979,,,,,,,,,,,,0.688,0.665,0.559,0.656,0
25.9,-7.0379,-1.4109,87.2468,-6.977,0.0,86.4979,,,,,,,,,,,,0.688,0.665,0.559,0.656,0
25.92,-7.0379,-1.4109,87.2468,-6.977,0.0,86.4979,,,,,,,,,,,,0.688,0.665,0.559,0.656,0
25.94,-7.0379,-1.4109,87.2468,-6.977,0.0,86.4979,,,,,,,,,,,,0.688,0.665,0.559,0.656,0
25.96,-8.1545,-1.0902,87.3199,-7.8703,0.0,86.4979,,,,,,,,,,,,0.688,0.665,0.559,0.656,0
25.98,-8.1545,-1.0902,87.3199,-7.8703,0.0,86.4979,,,,,,,,,,,,0.666,0.687,0.587,0.635,0
26.0,-8.1545,-1.0902,87.3199,-7.8703,0.0,86.4979,,,,,,,,,,,,0.666,0.687,0.587,0.635,0
26.02,-8.1545,-1.0902,87.3199,-7.8703,0.0,86.4979,,,,,,,,,,,,0.666,0.687,0.587,0.635,0
26.04,-8.1545,-1.0902,87.3199,-7.8703,0.0,86.4979,,,,,,,,,,,,0.666,0.687,0.587,0.635,0
26.06,-9.6177,-0.9804,87.2932,-8.1006,0.0,86.4979,,,,,,,,,,,,0.666,0.687,0.587,0.635,0
26.08,-9.6177,-0.9804,87.2932,-8.1006,0.0,86.4979,,,,,,,,,,,,0.579,0.765,0.675,0.544,0
26.1,-9.6177,-0.9804,87.2932,-8.1006,0.0,86.4979,,,,,,,,,,,,0.579,0.765,0.675,0.544,0
26.12,-9.6177,-0.9804,87.2932,-8.1006,0.0,86.4979,,,,,,,,,,,,0.579,0.765,0.675,0.544,0
26.14,-9.6177,-0.9804,87.2932,-8.1006,0.0,86.4979,,,,,,,,,,,,0.579,0.765,0.675,0.544,0
26.16,-9.3266,-0.4166,87.2826,-7.2128,0.0,86.4979,,,,,,,,,,,,0.579,0.765,0.675,0.544,0
26.18,-9.3266,-0.4166,87.2826,-7.2128,0.0,86.4979,,,,,,,,,,,,0.669,0.683,0.569,0.655,0
26.2,-9.3266,-0.4166,87.2826,-7.2128,0.0,86.4979,,,,,,,,,,,,0.669,0.683,0.569,0.655,0
26.22,-9.3266,-0.4166,87.2826,-7.2128,0.0,86.4979,,,,,,,,,,,,0.669,0.683,0.569,0.655,0
26.24,-9.3266,-0.4166,87.2826,-7.2128,0.0,86.4979,,,,,,,,,,,,0.669,0.683,0.569,0.655,0
26.26,-6.3908,-0.1051,87.251,-6.3889,0.0,86.4979,,,,,,,,,,,,0.669,0.683,0.569,0.655,0
26.28,-6.3908,-0.1051,87.251,-6.3889,0.0,86.4979,,,,,,,,,,,,0.697,0.653,0.556,0.661,0
26.3,-6.3908,-0.1051,87.251,-6.3889,0.0,86.4979,,,,,,,,,,,,0.697,0.653,0.556,0.661,0
26.32,-6.3908,-0.1051,87.251,-6.3889,0.0,86.4979,,,,,,,,,,,,0.697,0.653,0.556,0.661,0
26.34,-6.3908,-0.1051,87.251,-6.3889,0.0,86.4979,,,,,,,,,,,,0.697,0.653,0.556,0.661,0
26.36,-2.5388,0.9141,87.1747,-5.2362,0.0,86.4979,,,,,,,,,,,,0.697,0.653,0.556,0.661,0
26.38,-2.5388,0.9141,87.1747,-5.2362,0.0,86.4979,,,,,,,,,,,,0.689,0.659,0.524,0.683,0
26.4,-2.5388,0.9141,87.1747,-5.2362,0.0,86.4979,,,,,,,,,,,,0.689,0.659,0.524,0.683,0
26.42,-2.5388,0.9141,87.1747,-5.2362,0.0,86.4979,,,,,,,,,,,,0.689,0.659,0.524,0.683,0
26.44,-2.5388,0.9141,87.1747,-5.2362,0.0,86.4979,,,,,,,,,,,,0.689,0.659,0.524,0.683,0
26.46,-0.7939,0.7502,87.2903,-3.1741,0.0,86.4979,,,,,,,,,,,,0.689,0.659,0.524,0.683,0
26.48,-0.7939,0.7502,87.2903,-3.1741,0.0,86.4979,,,,,,,,,,,,0.646,0.698,0.631,0.59,0
26.5,-0.7939,0.7502,87.2903,-3.1741,0.0,86.4979,,,,,,,,,,,,0.646,0.698,0.631,0.59,0
26.52,-0.7939,0.7502,87.2903,-3.1741,0.0,86.4979,,,,,,,,,,,,0.646,0.698,0.631,0.59,0
26.54,-0.7939,0.7502,87.2903,-3.1741,0.0,86.4979,,,,,,,,,,,,0.646,0.698,0.631,0.59,0
26.56,-2.757,-0.7352,87.1026,-1.6205,0.0,86.4979,,,,,,,,,,,,0.646,0.698,0.631,0.59,0
26.58,-2.757,-0.7352,87.1026,-1.6205,0.0,86.4979,,,,,,,,,,,,0.639,0.712,0.638,0.575,0
26.6,-2.757,-0.7352,87.1026,-1.6205,0.0,86.4979,,,,,,,,,,,,0.639,0.712,0.638,0.575,0
26.62,-2.757,-0.7352,87.1026,-1.6205,0.0,86.4979,,,,,,,,,,,,0.639,0.712,0.638,0.575,0
26.64,-2.757,-0.7352,87.1026,-1.6205,0.0,86.4979,,,,,,,,,,,,0.639,0.712,0.638,0.575,0
26.66,-4.427,-1.4981,86.7728,-1.0685,0.0,86.4979,,,,,,,,,,,,0.639,0.712,0.638,0.575,0
26.68,-4.427,-1.4981,86.7728,-1.0685,0.0,86.4979,,,,,,,,,,,,0.68,0.682,0.597,0.611,0
26.7,-4.427,-1.4981,86.7728,-1.0685,0.0,86.4979,,,,,,,,,,,,0.68,0.682,0.597,0.611,0
26.72,-4.427,-1.4981,86.7728,-1.0685,0.0,86.4979,,,,,,,,,,,,0.68,0.682,0.597,0.611,0
26.74,-4.427,-1.4981,86.7728,-1.0685,0.0,86.4979,,,,,,,,,,,,0.68,0.682,0.597,0.611,0
26.76,-4.6873,-0.8197,86.4962,-1.6528,0.0,86.4979,,,,,,,,,,,,0.68,0.682,0.597,0.611,0
26.78,-4.6873,-0.8197,86.4962,-1.6528,0.0,86.4979,,,,,,,,,,,,0.667,0.696,0.548,0.654,0
26.8,-4.6873,-0.8197,86.4962,-1.6528,0.0,86.4979,,,,,,,,,,,,0.667,0.696,0.548,0.654,0
26.82,-4.6873,-0.8197,86.4962,-1.6528,0.0,86.4979,,,,,,,,,,,,0.667,0.696,0.548,0.654,0
26.84,-4.6873,-0.8197,86.4962,-1.6528,0.0,86.4979,,,,,,,,,,,,0.667,0.696,0.548,0.654,0
26.86,-4.0413,0.4032,86.2157,-1.5632,0.0,86.4979,,,,,,,,,,,,0.667,0.696,0.548,0.654,0
26.88,-4.0413,0.4032,86.2157,-1.5632,0.0,86.4979,,,,,,,,,,,,0.593,0.76,0.621,0.584,0
26.9,-4.0413,0.4032,86.2157,-1.5632,0.0,86.4979,,,,,,,,,,,,0.593,0.76,0.621,0.584,0
26.92,-4.0413,0.4032,86.2157,-1.5632,0.0,86.4979,,,,,,,,,,,,0.593,0.76,0.621,0.584,0
26.94,-4.0413,0.4032,86.2157,-1.5632,0.0,86.4979,,,,,,,,,,,,0.593,0.76,0.621,0.584,0
26.96,-3.0781,1.0656,85.9321,-0.798,0.0,86.4979,,,,,,,,,,,,0.593,0.76,0.621,0.584,0
26.98,-3.0781,1.0656,85.9321,-0.798,0.0,86.4979,,,,,,,,,,,,0.653,0.716,0.579,0.625,0
27.0,-3.0781,1.0656,85.9321,-0.798,0.0,86.4979,,,,,,,,,,,,0.653,0.716,0.579,0.625,0
27.02,-3.0781,1.0656,85.9321,-0.798,0.0,86.4979,,,,,,,,,,,,0.653,0.716,0.579,0.625,0
27.04,-3.0781,1.0656,85.9321,-0.798,0.0,86.4979,,,,,,,,,,,,0.653,0.716,0.579,0.625,0
27.06,-1.9351,0.2747,85.566,-0.4074,0.0,86.4979,,,,,,,,,,,,0.653,0.716,0.579,0.625,0
27.08,-1.9351,0.2747,85.566,-0.4074,0.0,86.4979,,,,,,,,,,,,0.653,0.721,0.616,0.578,0
27.1,-1.9351,0.2747,85.566,-0.4074,0.0,86.4979,,,,,,,,,,,,0.653,0.721,0.616,0.578,0
27.12,-1.9351,0.2747,85.566,-0.4074,0.0,86.4979,,,,,,,,,,,,0.653,0.721,0.616,0.578,0
27.14,-1.9351,0.2747,85.566,-0.4074,0.0,86.4979,,,,,,,,,,,,0.653,0.721,0.616,0.578,0
27.16,-1.198,-0.3911,85.1612,-0.1731,0.0,86.4979,,,,,,,,,,,,0.653,0.721,0.616,0.578,0
27.18,-1.198,-0.3911,85.1612,-0.1731,0.0,86.4979,,,,,,,,,,,,0.689,0.691,0.56,0.627,0
27.2,-1.198,-0.3911,85.1612,-0.1731,0.0,86.4979,,,,,,,,,,,,0.689,0.691,0.56,0.627,0
27.22,-1.198,-0.3911,85.1612,-0.1731,0.0,86.4979,,,,,,,,,,,,0.689,0.691,0.56,0.627,0
27.24,-1.198,-0.3911,85.1612,-0.1731,0.0,86.4979,,,,,,,,,,,,0.689,0.691,0.56,0.627,0
27.26,-0.3376,-1.064,84.8791,0.4708,0.0,86.4979,,,,,,,,,,,,0.689,0.691,0.56,0.627,0
27.28,-0.3376,-1.064,84.8791,0.4708,0.0,86.4979,,,,,,,,,,,,0.646,0.735,0.643,0.537,0
27.3,-0.3376,-1.064,84.8791,0.4708,0.0,86.4979,,,,,,,,,,,,0.646,0.735,0.643,0.537,0
27.32,-0.3376,-1.064,84.8791,0.4708,0.0,86.4979,,,,,,,,,,,,0.646,0.735,0.643,0.537,0
27.34,-0.3376,-1.064,84.8791,0.4708,0.0,86.4979,,,,,,,,,,,,0.646,0.735,0.643,0.537,0
27.36,-2.2709,-0.463,84.6654,0.7876,0.0,86.4979,,,,,,,,,,,,0.646,0.735,0.643,0.537,0
27.38,-2.2709,-0.463,84.6654,0.7876,0.0,86.4979,,,,,,,,,,,,0.705,0.68,0.577,0.609,0
27.4,-2.2709,-0.463,84.6654,0.7876,0.0,86.4979,,,,,,,,,,,,0.705,0.68,0.577,0.609,0
27.42,-2.2709,-0.463,84.6654,0.7876,0.0,86.4979,,,,,,,,,,,,0.705,0.68,0.577,0.609,0
27.44,-2.2709,-0.463,84.6654,0.7876,0.0,86.4979,,,,,,,,,,,,0.705,0.68,0.577,0.609,0
27.46,-2.6534,-0.7725,84.1815,0.4531,0.0,86.4979,,,,,,,,,,,,0.705,0.68,0.577,0.609,0
27.48,-2.6534,-0.7725,84.1815,0.4531,0.0,86.4979,,,,,,,,,,,,0.69,0.704,0.584,0.593,0
27.5,-2.6534,-0.7725,84.1815,0.4531,0.0,86.4979,,,,,,,,,,,,0.69,0.704,0.584,0.593,0
27.52,-2.6534,-0.7725,84.1815,0.4531,0.0,86.4979,,,,,,,,,,,,0.69,0.704,0.584,0.593,0
27.54,-2.6534,-0.7725,84.1815,0.4531,0.0,86.4979,,,,,,,,,,,,0.69,0.704,0.584,0.593,0
27.56,-2.5512,-1.1066,83.7983,0.2314,0.0,86.4979,,,,,,,,,,,,0.69,0.704,0.584,0.593,0
27.58,-2.5512,-1.1066,83.7983,0.2314,0.0,86.4979,,,,,,,,,,,,0.671,0.725,0.59,0.581,0
27.6,-2.5512,-1.1066,83.7983,0.2314,0.0,86.4979,,,,,,,,,,,,0.671,0.725,0.59,0.581,0
27.62,-2.5512,-1.1066,83.7983,0.2314,0.0,86.4979,,,,,,,,,,,,0.671,0.725,0.59,0.581,0
27.64,-2.5512,-1.1066,83.7983,0.2314,0.0,86.4979,,,,,,,,,,,,0.671,0.725,0.59,0.581,0
27.66,-1.6187,-1.3698,83.6698,0.1181,0.4257,86.4979,,,,,,,,,,,,0.671,0.725,0.59,0.581,0
27.68,-1.6187,-1.3698,83.6698,0.1181,0.4257,86.4979,,,,,,,,,,,,0.659,0.732,0.6,0.569,0
27.7,-1.6187,-1.3698,83.6698,0.1181,0.4257,86.4979,,,,,,,,,,,,0.659,0.732,0.6,0.569,0
27.72,-1.6187,-1.3698,83.6698,0.1181,0.4257,86.4979,,,,,,,,,,,,0.659,0.732,0.6,0.569,0
27.74,-1.6187,-1.3698,83.6698,0.1181,0.4257,86.4979,,,,,,,,,,,,0.659,0.732,0.6,0.569,0
27.76,-0.2003,-0.8987,83.776,0.2992,0.6455,86.5463,,,,,,,,,,,,0.659,0.732,0.6,0.569,0
27.78,-0.2003,-0.8987,83.776,0.2992,0.6455,86.5463,,,,,,,,,,,,0.673,0.714,0.574,0.598,0
27.8,-0.2003,-0.8987,83.776,0.2992,0.6455,86.5463,,,,,,,,,,,,0.673,0.714,0.574,0.598,0
27.82,-0.2003,-0.8987,83.776,0.2992,0.6455,86.5463,,,,,,,,,,,,0.673,0.714,0.574,0.598,0
27.84,-0.2003,-0.8987,83.776,0.2992,0.6455,86.5463,,,,,,,,,,,,0.673,0.714,0.574,0.598,0
27.86,0.2975,0.1407,84.078,0.492,0.8224,86.5875,,,,,,,,,,,,0.673,0.714,0.574,0.598,0
27.88,0.2975,0.1407,84.078,0.492,0.8224,86.5875,,,,,,,,,,,,0.694,0.692,0.544,0.634,0
27.9,0.2975,0.1407,84.078,0.492,0.8224,86.5875,,,,,,,,,,,,0.694,0.692,0.544,0.634,0
27.92,0.2975,0.1407,84.078,0.492,0.8224,86.5875,,,,,,,,,,,,0.694,0.692,0.544,0.634,0
27.94,0.2975,0.1407,84.078,0.492,0.8224,86.5875,,,,,,,,,,,,0.694,0.692,0.544,0.634,0
27.96,0.185,0.7912,84.464,0.7787,0.9277,86.6288,,,,,,,,,,,,0.694,0.692,0.544,0.634,0
27.98,0.185,0.7912,84.464,0.7787,0.9277,86.6288,,,,,,,,,,,,0.689,0.691,0.563,0.624,0
28.0,0.185,0.7912,84.464,0.7787,0.9277,86.6288,,,,,,,,,,,,0.689,0.691,0.563,0.624,0
28.02,0.185,0.7912,84.464,0.7787,0.9277,86.6288,,,,,,,,,,,,0.689,0.691,0.563,0.624,0
28.04,0.185,0.7912,84.464,0.7787,0.9277,86.6288,,,,,,,,,,,,0.689,0.691,0.563,0.624,0
28.06,-0.3252,0.1301,84.8775,0.65,0.7852,86.6319,,,,,,,,,,,,0.689,0.691,0.563,0.624,0
28.08,-0.3252,0.1301,84.8775,0.65,0.7852,86.6319,,,,,,,,,,,,0.671,0.703,0.618,0.576,0
28.1,-0.3252,0.1301,84.8775,0.65,0.7852,86.6319,,,,,,,,,,,,0.671,0.703,0.618,0.576,0
28.12,-0.3252,0.1301,84.8775,0.65,0.7852,86.6319,,,,,,,,,,,,0.671,0.703,0.618,0.576,0
28.14,-0.3252,0.1301,84.8775,0.65,0.7852,86.6319,,,,,,,,,,,,0.671,0.703,0.618,0.576,0
28.16,-0.3366,-1.6729,85.2557,0.3318,0.4009,86.6391,,,,,,,,,,,,0.671,0.703,0.618,0.576,0
28.18,-0.3366,-1.6729,85.2557,0.3318,0.4009,86.6391,,,,,,,,,,,,0.664,0.707,0.628,0.569,0
28.2,-0.3366,-1.6729,85.2557,0.3318,0.4009,86.6391,,,,,,,,,,,,0.664,0.707,0.628,0.569,0
28.22,-0.3366,-1.6729,85.2557,0.3318,0.4009,86.6391,,,,,,,,,,,,0.664,0.707,0.628,0.569,0
28.24,-0.3366,-1.6729,85.2557,0.3318,0.4009,86.6391,,,,,,,,,,,,0.664,0.707,0.628,0.569,0
28.26,0.0487,-2.0598,85.7836,-0.1949,0.2047,86.6803,,,,,,,,,,,,0.664,0.707,0.628,0.569,0
28.28,0.0487,-2.0598,85.7836,-0.1949,0.2047,86.6803,,,,,,,,,,,,0.71,0.658,0.593,0.613,0
28.3,0.0487,-2.0598,85.7836,-0.1949,0.2047,86.6803,,,,,,,,,,,,0.71,0.658,0.593,0.613,0
28.32,0.0487,-2.0598,85.7836,-0.1949,0.2047,86.6803,,,,,,,,,,,,0.71,0.658,0.593,0.613,0
28.34,0.0487,-2.0598,85.7836,-0.1949,0.2047,86.6803,,,,,,,,,,,,0.71,0.658,0.593,0.613,0
28.36,0.0911,-3.5463,86.2796,-2.7104,0.1045,86.6959,,,,,,,,,,,,0.71,0.658,0.593,0.613,0
28.38,0.0911,-3.5463,86.2796,-2.7104,0.1045,86.6959,,,,,,,,,,,,0.752,0.605,0.576,0.635,0
28.4,0.0911,-3.5463,86.2796,-2.7104,0.1045,86.6959,,,,,,,,,,,,0.752,0.605,0.576,0.635,0
28.42,0.0911,-3.5463,86.2796,-2.7104,0.1045,86.6959,,,,,,,,,,,,0.752,0.605,0.576,0.635,0
28.44,0.0911,-3.5463,86.2796,-2.7104,0.1045,86.6959,,,,,,,,,,,,0.752,0.605,0.576,0.635,0
28.46,-2.752,-3.9746,86.8482,-5.3986,0.0533,86.6959,,,,,,,,,,,,0.752,0.605,0.576,0.635,0
28.48,-2.752,-3.9746,86.8482,-5.3986,0.0533,86.6959,,,,,,,,,,,,0.69,0.806,0.72,0.649,0
28.5,-2.752,-3.9746,86.8482,-5.3986,0.0533,86.6959,,,,,,,,,,,,0.69,0.806,0.72,0.649,0
28.52,-2.752,-3.9746,86.8482,-5.3986,0.0533,86.6959,,,,,,,,,,,,0.69,0.806,0.72,0.649,0
28.54,-2.752,-3.9746,86.8482,-5.3986,0.0533,86.6959,,,,,,,,,,,,0.69,0.806,0.72,0.649,0
28.56,-7.855,-1.3088,86.8334,-6.5212,0.0272,86.6959,,,,,,,,,,,,0.69,0.806,0.72,0.649,0
28.58,-7.855,-1.3088,86.8334,-6.5212,0.0272,86.6959,,,,,,,,,,,,0.726,0.828,0.723,0.709,0
28.6,-7.855,-1.3088,86.8334,-6.5212,0.0272,86.6959,,,,,,,,,,,,0.726,0.828,0.723,0.709,0
28.62,-7.855,-1.3088,86.8334,-6.5212,0.0272,86.6959,,,,,,,,,,,,0.726,0.828,0.723,0.709,0
28.64,-7.855,-1.3088,86.8334,-6.5212,0.0272,86.6959,,,,,,,,,,,,0.726,0.828,0.723,0.709,0
28.66,-10.7023,1.03,86.4268,-6.7941,0.0139,86.6959,,,,,,,,,,,,0.726,0.828,0.723,0.709,0
28.68,-10.7023,1.03,86.4268,-6.7941,0.0139,86.6959,,,,,,,,,,,,0.734,0.826,0.676,0.753,0
28.7,-10.7023,1.03,86.4268,-6.7941,0.0139,86.6959,,,,,,,,,,,,0.734,0.826,0.676,0.753,0
28.72,-10.7023,1.03,86.4268,-6.7941,0.0139,86.6959,,,,,,,,,,,,0.734,0.826,0.676,0.753,0
28.74,-10.7023,1.03,86.4268,-6.7941,0.0139,86.6959,,,,,,,,,,,,0.734,0.826,0.676,0.753,0
28.76,-10.1141,3.9696,85.4929,-6.9696,0.0071,86.6959,,,,,,,,,,,,0.734,0.826,0.676,0.753,0
28.78,-10.1141,3.9696,85.4929,-6.9696,0.0071,86.6959,,,,,,,,,,,,0.724,0.84,0.675,0.743,0
28.8,-10.1141,3.9696,85.4929,-6.9696,0.0071,86.6959,,,,,,,,,,,,0.724,0.84,0.675,0.743,0
28.82,-10.1141,3.9696,85.4929,-6.9696,0.0071,86.6959,,,,,,,,,,,,0.724,0.84,0.675,0.743,0
28.84,-10.1141,3.9696,85.4929,-6.9696,0.0071,86.6959,,,,,,,,,,,,0.724,0.84,0.675,0.743,0
28.86,-8.2596,4.6589,84.795,-7.0602,0.0036,86.6959,,,,,,,,,,,,0.724,0.84,0.675,0.743,0
28.88,-8.2596,4.6589,84.795,-7.0602,0.0036,86.6959,,,,,,,,,,,,0.75,0.825,0.68,0.725,0
28.9,-8.2596,4.6589,84.795,-7.0602,0.0036,86.6959,,,,,,,,,,,,0.75,0.825,0.68,0.725,0
28.92,-8.2596,4.6589,84.795,-7.0602,0.0036,86.6959,,,,,,,,,,,,0.75,0.825,0.68,0.725,0
28.94,-8.2596,4.6589,84.795,-7.0602,0.0036,86.6959,,,,,,,,,,,,0.75,0.825,0.68,0.725,0
28.96,-8.944,4.0627,83.9894,-6.9604,0.3902,86.6959,,,,,,,,,,,,0.75,0.825,0.68,0.725,0
28.98,-8.944,4.0627,83.9894,-6.9604,0.3902,86.6959,,,,,,,,,,,,0.743,0.844,0.723,0.667,0
29.0,-8.944,4.0627,83.9894,-6.9604,0.3902,86.6959,,,,,,,,,,,,0.743,0.844,0.723,0.667,0
29.02,-8.944,4.0627,83.9894,-6.9604,0.3902,86.6959,,,,,,,,,,,,0.743,0.844,0.723,0.667,0
29.04,-8.944,4.0627,83.9894,-6.9604,0.3902,86.6959,,,,,,,,,,,,0.743,0.844,0.723,0.667,0
29.06,-9.9028,3.5754,83.2583,-5.5766,1.338,86.7271,,,,,,,,,,,,0.743,0.844,0.723,0.667,0
29.08,-9.9028,3.5754,83.2583,-5.5766,1.338,86.7271,,,,,,,,,,,,0.534,0.72,0.533,0.433,0
29.1,-9.9028,3.5754,83.2583,-5.5766,1.338,86.7271,,,,,,,,,,,,0.534,0.72,0.533,0.433,0
29.12,-9.9028,3.5754,83.2583,-5.5766,1.338,86.7271,,,,,,,,,,,,0.534,0.72,0.533,0.433,0
29.14,-9.9028,3.5754,83.2583,-5.5766,1.338,86.7271,,,,,,,,,,,,0.534,0.72,0.533,0.433,0
29.16,-6.7076,2.7917,83.1673,-4.3338,1.6646,86.7479,,,,,,,,,,,,0.534,0.72,0.533,0.433,0
29.18,-6.7076,2.7917,83.1673,-4.3338,1.6646,86.7479,,,,,,,,,,,,0.656,0.603,0.448,0.523,0
29.2,-6.7076,2.7917,83.1673,-4.3338,1.6646,86.7479,,,,,,,,,,,,0.656,0.603,0.448,0.523,0
29.22,-6.7076,2.7917,83.1673,-4.3338,1.6646,86.7479,,,,,,,,,,,,0.656,0.603,0.448,0.523,0
29.24,-6.7076,2.7917,83.1673,-4.3338,1.6646,86.7479,,,,,,,,,,,,0.656,0.603,0.448,0.523,0
29.26,-0.4121,0.8525,83.513,-3.5064,1.7925,86.7479,,,,,,,,,,,,0.656,0.603,0.448,0.523,0
29.28,-0.4121,0.8525,83.513,-3.5064,1.7925,86.7479,,,,,,,,,,,,0.696,0.534,0.434,0.537,0
29.3,-0.4121,0.8525,83.513,-3.5064,1.7925,86.7479,,,,,,,,,,,,0.696,0.534,0.434,0.537,0
29.32,-0.4121,0.8525,83.513,-3.5064,1.7925,86.7479,,,,,,,,,,,,0.696,0.534,0.434,0.537,0
29.34,-0.4121,0.8525,83.513,-3.5064,1.7925,86.7479,,,,,,,,,,,,0.696,0.534,0.434,0.537,0
29.36,4.6925,-1.3113,83.9147,-2.1327,2.139,86.7532,,,,,,,,,,,,0.696,0.534,0.434,0.537,0
29.38,4.6925,-1.3113,83.9147,-2.1327,2.139,86.7532,,,,,,,,,,,,0.629,0.513,0.422,0.469,0
29.4,4.6925,-1.3113,83.9147,-2.1327,2.139,86.7532,,,,,,,,,,,,0.629,0.513,0.422,0.469,0
29.42,4.6925,-1.3113,83.9147,-2.1327,2.139,86.7532,,,,,,,,,,,,0.629,0.513,0.422,0.469,0
29.44,4.6925,-1.3113,83.9147,-2.1327,2.139,86.7532,,,,,,,,,,,,0.629,0.513,0.422,0.469,0
29.46,5.8102,-1.9909,84.5121,-1.0888,2.7033,86.7533,,,,,,,,,,,,0.629,0.513,0.422,0.469,0
29.48,5.8102,-1.9909,84.5121,-1.0888,2.7033,86.7533,,,,,,,,,,,,0.588,0.545,0.433,0.478,0
29.5,5.8102,-1.9909,84.5121,-1.0888,2.7033,86.7533,,,,,,,,,,,,0.588,0.545,0.433,0.478,0
29.52,5.8102,-1.9909,84.5121,-1.0888,2.7033,86.7533,,,,,,,,,,,,0.588,0.545,0.433,0.478,0
29.54,5.8102,-1.9909,84.5121,-1.0888,2.7033,86.7533,,,,,,,,,,,,0.588,0.545,0.433,0.478,0
29.56,2.6069,0.1055,85.4542,-0.7788,3.2776,86.7894,,,,,,,,,,,,0.588,0.545,0.433,0.478,0
29.58,2.6069,0.1055,85.4542,-0.7788,3.2776,86.7894,,,,,,,,,,,,0.558,0.567,0.422,0.501,0
29.6,2.6069,0.1055,85.4542,-0.7788,3.2776,86.7894,,,,,,,,,,,,0.558,0.567,0.422,0.501,0
29.62,2.6069,0.1055,85.4542,-0.7788,3.2776,86.7894,,,,,,,,,,,,0.558,0.567,0.422,0.501,0
29.64,2.6069,0.1055,85.4542,-0.7788,3.2776,86.7894,,,,,,,,,,,,0.558,0.567,0.422,0.501,0
29.66,0.253,2.6844,86.0175,-1.3041,4.3679,86.8903,,,,,,,,,,,,0.558,0.567,0.422,0.501,0
29.68,0.253,2.6844,86.0175,-1.3041,4.3679,86.8903,,,,,,,,,,,,0.638,0.629,0.481,0.602,0
29.7,0.253,2.6844,86.0175,-1.3041,4.3679,86.8903,,,,,,,,,,,,0.638,0.629,0.481,0.602,0
29.72,0.253,2.6844,86.0175,-1.3041,4.3679,86.8903,,,,,,,,,,,,0.638,0.629,0.481,0.602,0
29.74,0.253,2.6844,86.0175,-1.3041,4.3679,86.8903,,,,,,,,,,,,0.638,0.629,0.481,0.602,0
29.76,-0.4258,4.6635,86.1626,-1.7049,5.2988,86.8903,,,,,,,,,,,,0.638,0.629,0.481,0.602,0
29.78,-0.4258,4.6635,86.1626,-1.7049,5.2988,86.8903,,,,,,,,,,,,0.624,0.65,0.525,0.565,0
29.8,-0.4258,4.6635,86.1626,-1.7049,5.2988,86.8903,,,,,,,,,,,,0.624,0.65,0.525,0.565,0
29.82,-0.4258,4.6635,86.1626,-1.7049,5.2988,86.8903,,,,,,,,,,,,0.624,0.65,0.525,0.565,0
29.84,-0.4258,4.6635,86.1626,-1.7049,5.2988,86.8903,,,,,,,,,,,,0.624,0.65,0.525,0.565,0
29.86,-0.2637,5.7493,86.0465,-1.9951,5.9566,86.8902,,,,,,,,,,,,0.624,0.65,0.525,0.565,0
29.88,-0.2637,5.7493,86.0465,-1.9951,5.9566,86.8902,,,,,,,,,,,,0.665,0.614,0.499,0.585,0
29.9,-0.2637,5.7493,86.0465,-1.9951,5.9566,86.8902,,,,,,,,,,,,0.665,0.614,0.499,0.585,0
29.92,-0.2637,5.7493,86.0465,-1.9951,5.9566,86.8902,,,,,,,,,,,,0.665,0.614,0.499,0.585,0
29.94,-0.2637,5.7493,86.0465,-1.9951,5.9566,86.8902,,,,,,,,,,,,0.665,0.614,0.499,0.585,0
29.96,-0.7914,5.2566,85.5771,-2.2741,6.4521,86.8902,,,,,,,,,,,,0.665,0.614,0.499,0.585,0
29.98,-0.7914,5.2566,85.5771,-2.2741,6.4521,86.8902,,,,,,,,,,,,0.72,0.664,0.585,0.596,0
30.0,-0.7914,5.2566,85.5771,-2.2741,6.4521,86.8902,,,,,,,,,,,,0.72,0.664,0.585,0.596,0
30.02,-0.7914,5.2566,85.5771,-2.2741,6.4521,86.8902,,,,,,,,,,,,0.72,0.664,0.585,0.596,0
30.04,-0.7914,5.2566,85.5771,-2.2741,6.4521,86.8902,,,,,,,,,,,,0.72,0.664,0.585,0.596,0
30.06,-1.5979,3.972,84.9431,-2.72,6.6327,86.8902,,,,,,,,,,,,0.72,0.664,0.585,0.596,0
30.08,-1.5979,3.972,84.9431,-2.72,6.6327,86.8902,,,,,,,,,,,,0.731,0.671,0.575,0.6,0
30.1,-1.5979,3.972,84.9431,-2.72,6.6327,86.8902,,,,,,,,,,,,0.731,0.671,0.575,0.6,0
30.12,-1.5979,3.972,84.9431,-2.72,6.6327,86.8902,,,,,,,,,,,,0.731,0.671,0.575,0.6,0
30.14,-1.5979,3.972,84.9431,-2.72,6.6327,86.8902,,,,,,,,,,,,0.731,0.671,0.575,0.6,0
30.16,-2.4477,3.5025,84.2397,-3.4702,6.3964,86.8902,,,,,,,,,,,,0.731,0.671,0.575,0.6,0
30.18,-2.4477,3.5025,84.2397,-3.4702,6.3964,86.8902,,,,,,,,,,,,0.724,0.697,0.56,0.616,0
30.2,-2.4477,3.5025,84.2397,-3.4702,6.3964,86.8902,,,,,,,,,,,,0.724,0.697,0.56,0.616,0
30.22,-2.4477,3.5025,84.2397,-3.4702,6.3964,86.8902,,,,,,,,,,,,0.724,0.697,0.56,0.616,0
30.24,-2.4477,3.5025,84.2397,-3.4702,6.3964,86.8902,,,,,,,,,,,,0.724,0.697,0.56,0.616,0
30.26,-4.1555,4.8309,83.6364,-4.1738,6.2529,86.8902,,,,,,,,,,,,0.724,0.697,0.56,0.616,0
30.28,-4.1555,4.8309,83.6364,-4.1738,6.2529,86.8902,,,,,,,,,,,,0.689,0.759,0.576,0.621,0
30.3,-4.1555,4.8309,83.6364,-4.1738,6.2529,86.8902,,,,,,,,,,,,0.689,0.759,0.576,0.621,0
30.32,-4.1555,4.8309,83.6364,-4.1738,6.2529,86.8902,,,,,,,,,,,,0.689,0.759,0.576,0.621,0
30.34,-4.1555,4.8309,83.6364,-4.1738,6.2529,86.8902,,,,,,,,,,,,0.689,0.759,0.576,0.621,0
30.36,-8.5007,7.1211,82.7544,-4.7888,6.2106,86.8902,,,,,,,,,,,,0.689,0.759,0.576,0.621,0
30.38,-8.5007,7.1211,82.7544,-4.7888,6.2106,86.8902,,,,,,,,,,,,0.623,0.829,0.635,0.565,0
30.4,-8.5007,7.1211,82.7544,-4.7888,6.2106,86.8902,,,,,,,,,,,,0.623,0.829,0.635,0.565,0
30.42,-8.5007,7.1211,82.7544,-4.7888,6.2106,86.8902,,,,,,,,,,,,0.623,0.829,0.635,0.565,0
30.44,-8.5007,7.1211,82.7544,-4.7888,6.2106,86.8902,,,,,,,,,,,,0.623,0.829,0.635,0.565,0
30.46,1.5799,-1.2609,82.6181,-5.1553,6.051,86.8902,,,,,,,,,,,,0.623,0.829,0.635,0.565,0
30.48,1.5799,-1.2609,82.6181,-5.1553,6.051,86.8902,,,,,,,,,,,,0.949,0.316,0.496,0.617,0
30.5,1.5799,-1.2609,82.6181,-5.1553,6.051,86.8902,,,,,,,,,,,,0.949,0.316,0.496,0.617,0
30.52,1.5799,-1.2609,82.6181,-5.1553,6.051,86.8902,,,,,,,,,,,,0.949,0.316,0.496,0.617,0
30.54,1.5799,-1.2609,82.6181,-5.1553,6.051,86.8902,,,,,,,,,,,,0.949,0.316,0.496,0.617,0
30.56,5.4733,-0.276,82.1254,-5.3466,5.7318,86.8903,,,,,,,,,,,,0.949,0.316,0.496,0.617,0
30.58,5.4733,-0.276,82.1254,-5.3466,5.7318,86.8903,,,,,,,,,,,,0.68,0.784,0.533,0.631,0
30.6,5.4733,-0.276,82.1254,-5.3466,5.7318,86.8903,,,,,,,,,,,,0.68,0.784,0.533,0.631,0
30.62,5.4733,-0.276,82.1254,-5.3466,5.7318,86.8903,,,,,,,,,,,,0.68,0.784,0.533,0.631,0
30.64,5.4733,-0.276,82.1254,-5.3466,5.7318,86.8903,,,,,,,,,,,,0.68,0.784,0.533,0.631,0
30.66,-1.7191,6.9213,81.1445,-5.5023,5.397,86.8903,,,,,,,,,,,,0.68,0.784,0.533,0.631,0
30.68,-1.7191,6.9213,81.1445,-5.5023,5.397,86.8903,,,,,,,,,,,,0.557,0.891,0.572,0.576,0
30.7,-1.7191,6.9213,81.1445,-5.5023,5.397,86.8903,,,,,,,,,,,,0.557,0.891,0.572,0.576,0
30.72,-1.7191,6.9213,81.1445,-5.5023,5.397,86.8903,,,,,,,,,,,,0.557,0.891,0.572,0.576,0
30.74,-1.7191,6.9213,81.1445,-5.5023,5.397,86.8903,,,,,,,,,,,,0.557,0.891,0.572,0.576,0
30.76,-16.8968,13.5164,78.4158,-5.5914,5.0815,86.8903,,,,,,,,,,,,0.557,0.891,0.572,0.576,0
30.78,-16.8968,13.5164,78.4158,-5.5914,5.0815,86.8903,,,,,,,,,,,,0.308,0.949,0.652,0.446,0
30.8,-16.8968,13.5164,78.4158,-5.5914,5.0815,86.8903,,,,,,,,,,,,0.308,0.949,0.652,0.446,0
30.82,-16.8968,13.5164,78.4158,-5.5914,5.0815,86.8903,,,,,,,,,,,,0.308,0.949,0.652,0.446,0
30.84,-16.8968,13.5164,78.4158,-5.5914,5.0815,86.8903,,,,,,,,,,,,0.308,0.949,0.652,0.446,0
30.86,-24.6866,15.3722,75.924,-5.6867,4.8795,86.8903,,,,,,,,,,,,0.308,0.949,0.652,0.446,0
30.88,-24.6866,15.3722,75.924,-5.6867,4.8795,86.8903,,,,,,,,,,,,0.704,0.876,0.608,0.612,0
30.9,-24.6866,15.3722,75.924,-5.6867,4.8795,86.8903,,,,,,,,,,,,0.704,0.876,0.608,0.612,0
30.92,-24.6866,15.3722,75.924,-5.6867,4.8795,86.8903,,,,,,,,,,,,0.704,0.876,0.608,0.612,0
30.94,-24.6866,15.3722,75.924,-5.6867,4.8795,86.8903,,,,,,,,,,,,0.704,0.876,0.608,0.612,0
30.96,-15.4401,9.4985,76.3904,-5.7559,4.8593,86.8903,,,,,,,,,,,,0.704,0.876,0.608,0.612,0
30.98,-15.4401,9.4985,76.3904,-5.7559,4.8593,86.8903,,,,,,,,,,,,0.949,0.511,0.445,0.663,0
31.0,-15.4401,9.4985,76.3904,-5.7559,4.8593,86.8903,,,,,,,,,,,,0.949,0.511,0.445,0.663,0
31.02,-15.4401,9.4985,76.3904,-5.7559,4.8593,86.8903,,,,,,,,,,,,0.949,0.511,0.445,0.663,0
31.04,-15.4401,9.4985,76.3904,-5.7559,4.8593,86.8903,,,,,,,,,,,,0.949,0.511,0.445,0.663,0
31.06,-0.1918,-2.0915,77.3853,-5.8024,4.9472,86.8902,,,,,,,,,,,,0.949,0.511,0.445,0.663,0
31.08,-0.1918,-2.0915,77.3853,-5.8024,4.9472,86.8902,,,,,,,,,,,,0.949,0.45,0.519,0.63,0
31.1,-0.1918,-2.0915,77.3853,-5.8024,4.9472,86.8902,,,,,,,,,,,,0.949,0.45,0.519,0.63,0
31.12,-0.1918,-2.0915,77.3853,-5.8024,4.9472,86.8902,,,,,,,,,,,,0.949,0.45,0.519,0.63,0
31.14,-0.1918,-2.0915,77.3853,-5.8024,4.9472,86.8902,,,,,,,,,,,,0.949,0.45,0.519,0.63,0
31.16,6.5689,-7.7714,77.5835,-5.8091,4.8467,86.8903,,,,,,,,,,,,0.949,0.45,0.519,0.63,0
31.18,6.5689,-7.7714,77.5835,-5.8091,4.8467,86.8903,,,,,,,,,,,,0.804,0.696,0.546,0.603,0
31.2,6.5689,-7.7714,77.5835,-5.8091,4.8467,86.8903,,,,,,,,,,,,0.804,0.696,0.546,0.603,0
31.22,6.5689,-7.7714,77.5835,-5.8091,4.8467,86.8903,,,,,,,,,,,,0.804,0.696,0.546,0.603,0
31.24,6.5689,-7.7714,77.5835,-5.8091,4.8467,86.8903,,,,,,,,,,,,0.804,0.696,0.546,0.603,0
31.26,0.0533,-4.7576,79.3849,-5.7475,4.4224,86.8903,,,,,,,,,,,,0.804,0.696,0.546,0.603,0
31.28,0.0533,-4.7576,79.3849,-5.7475,4.4224,86.8903,,,,,,,,,,,,0.606,0.844,0.661,0.504,0
31.3,0.0533,-4.7576,79.3849,-5.7475,4.4224,86.8903,,,,,,,,,,,,0.606,0.844,0.661,0.504,0
31.32,0.0533,-4.7576,79.3849,-5.7475,4.4224,86.8903,,,,,,,,,,,,0.606,0.844,0.661,0.504,0
31.34,0.0533,-4.7576,79.3849,-5.7475,4.4224,86.8903,,,,,,,,,,,,0.606,0.844,0.661,0.504,0
31.36,-8.1108,1.8084,81.5116,-5.655,4.1406,86.8903,,,,,,,,,,,,0.606,0.844,0.661,0.504,0
31.38,-8.1108,1.8084,81.5116,-5.655,4.1406,86.8903,,,,,,,,,,,,0.625,0.8,0.562,0.659,0
31.4,-8.1108,1.8084,81.5116,-5.655,4.1406,86.8903,,,,,,,,,,,,0.625,0.8,0.562,0.659,0
31.42,-8.1108,1.8084,81.5116,-5.655,4.1406,86.8903,,,,,,,,,,,,0.625,0.8,0.562,0.659,0
31.44,-8.1108,1.8084,81.5116,-5.655,4.1406,86.8903,,,,,,,,,,,,0.625,0.8,0.562,0.659,0
31.46,-7.7774,8.9641,84.7006,-5.5554,4.012,86.8903,,,,,,,,,,,,0.625,0.8,0.562,0.659,0
31.48,-7.7774,8.9641,84.7006,-5.5554,4.012,86.8903,,,,,,,,,,,,0.63,0.745,0.554,0.736,0
31.5,-7.7774,8.9641,84.7006,-5.5554,4.012,86.8903,,,,,,,,,,,,0.63,0.745,0.554,0.736,0
31.52,-7.7774,8.9641,84.7006,-5.5554,4.012,86.8903,,,,,,,,,,,,0.63,0.745,0.554,0.736,0
31.54,-7.7774,8.9641,84.7006,-5.5554,4.012,86.8903,,,,,,,,,,,,0.63,0.745,0.554,0.736,0
31.56,-3.0143,10.786,88.3364,-5.4934,3.8687,86.8903,,,,,,,,,,,,0.63,0.745,0.554,0.736,0
31.58,-3.0143,10.786,88.3364,-5.4934,3.8687,86.8903,,,,,,,,,,,,0.673,0.668,0.6,0.734,0
31.6,-3.0143,10.786,88.3364,-5.4934,3.8687,86.8903,,,,,,,,,,,,0.673,0.668,0.6,0.734,0
31.62,-3.0143,10.786,88.3364,-5.4934,3.8687,86.8903,,,,,,,,,,,,0.673,0.668,0.6,0.734,0
31.64,-3.0143,10.786,88.3364,-5.4934,3.8687,86.8903,,,,,,,,,,,,0.673,0.668,0.6,0.734,0
31.66,-2.0144,6.748,92.026,-5.4622,3.7026,86.8903,,,,,,,,,,,,0.673,0.668,0.6,0.734,0
31.68,-2.0144,6.748,92.026,-5.4622,3.7026,86.8903,,,,,,,,,,,,0.664,0.632,0.738,0.624,0
31.7,-2.0144,6.748,92.026,-5.4622,3.7026,86.8903,,,,,,,,,,,,0.664,0.632,0.738,0.624,0
31.72,-2.0144,6.748,92.026,-5.4622,3.7026,86.8903,,,,,,,,,,,,0.664,0.632,0.738,0.624,0
31.74,-2.0144,6.748,92.026,-5.4622,3.7026,86.8903,,,,,,,,,,,,0.664,0.632,0.738,0.624,0
31.76,-5.1343,2.9465,94.5828,-5.3987,3.4906,86.8903,,,,,,,,,,,,0.664,0.632,0.738,0.624,0
31.78,-5.1343,2.9465,94.5828,-5.3987,3.4906,86.8903,,,,,,,,,,,,0.621,0.664,0.72,0.652,0
31.8,-5.1343,2.9465,94.5828,-5.3987,3.4906,86.8903,,,,,,,,,,,,0.621,0.664,0.72,0.652,0
31.82,-5.1343,2.9465,94.5828,-5.3987,3.4906,86.8903,,,,,,,,,,,,0.621,0.664,0.72,0.652,0
31.84,-5.1343,2.9465,94.5828,-5.3987,3.4906,86.8903,,,,,,,,,,,,0.621,0.664,0.72,0.652,0
31.86,-7.4505,2.52,95.5285,-5.3246,3.111,86.8902,,,,,,,,,,,,0.621,0.664,0.72,0.652,0
31.88,-7.4505,2.52,95.5285,-5.3246,3.111,86.8902,,,,,,,,,,,,0.589,0.707,0.701,0.663,0
31.9,-7.4505,2.52,95.5285,-5.3246,3.111,86.8902,,,,,,,,,,,,0.589,0.707,0.701,0.663,0
31.92,-7.4505,2.52,95.5285,-5.3246,3.111,86.8902,,,,,,,,,,,,0.589,0.707,0.701,0.663,0
31.94,-7.4505,2.52,95.5285,-5.3246,3.111,86.8902,,,,,,,,,,,,0.589,0.707,0.701,0.663,0
31.96,-4.6464,2.9982,95.1961,-5.2878,2.6892,86.8903,,,,,,,,,,,,0.589,0.707,0.701,0.663,0
31.98,-4.6464,2.9982,95.1961,-5.2878,2.6892,86.8903,,,,,,,,,,,,0.729,0.585,0.588,0.745,0
32.0,-4.6464,2.9982,95.1961,-5.2878,2.6892,86.8903,,,,,,,,,,,,0.729,0.585,0.588,0.745,0
32.02,-4.6464,2.9982,95.1961,-5.2878,2.6892,86.8903,,,,,,,,,,,,0.729,0.585,0.588,0.745,0
32.04,-4.6464,2.9982,95.1961,-5.2878,2.6892,86.8903,,,,,,,,,,,,0.729,0.585,0.588,0.745,0
32.06,0.9898,2.1238,94.3478,-5.3259,2.4171,86.8903,,,,,,,,,,,,0.729,0.585,0.588,0.745,0
32.08,0.9898,2.1238,94.3478,-5.3259,2.4171,86.8903,,,,,,,,,,,,0.776,0.555,0.584,0.736,0
32.1,0.9898,2.1238,94.3478,-5.3259,2.4171,86.8903,,,,,,,,,,,,0.776,0.555,0.584,0.736,0
32.12,0.9898,2.1238,94.3478,-5.3259,2.4171,86.8903,,,,,,,,,,,,0.776,0.555,0.584,0.736,0
32.14,0.9898,2.1238,94.3478,-5.3259,2.4171,86.8903,,,,,,,,,,,,0.776,0.555,0.584,0.736,0
32.16,4.1639,-0.7447,92.9085,-5.3821,2.2338,86.8903,,,,,,,,,,,,0.776,0.555,0.584,0.736,0
32.18,4.1639,-0.7447,92.9085,-5.3821,2.2338,86.8903,,,,,,,,,,,,0.737,0.629,0.675,0.638,0
32.2,4.1639,-0.7447,92.9085,-5.3821,2.2338,86.8903,,,,,,,,,,,,0.737,0.629,0.675,0.638,0
32.22,4.1639,-0.7447,92.9085,-5.3821,2.2338,86.8903,,,,,,,,,,,,0.737,0.629,0.675,0.638,0
32.24,4.1639,-0.7447,92.9085,-5.3821,2.2338,86.8903,,,,,,,,,,,,0.737,0.629,0.675,0.638,0
32.26,2.1761,-2.7057,91.1477,-5.43,2.0201,86.8903,,,,,,,,,,,,0.737,0.629,0.675,0.638,0
32.28,2.1761,-2.7057,91.1477,-5.43,2.0201,86.8903,,,,,,,,,,,,0.645,0.628,0.61,0.546,0
32.3,2.1761,-2.7057,91.1477,-5.43,2.0201,86.8903,,,,,,,,,,,,0.645,0.628,0.61,0.546,0
32.32,2.1761,-2.7057,91.1477,-5.43,2.0201,86.8903,,,,,,,,,,,,0.645,0.628,0.61,0.546,0
32.34,2.1761,-2.7057,91.1477,-5.43,2.0201,86.8903,,,,,,,,,,,,0.645,0.628,0.61,0.546,0
32.36,-4.02,-2.4189,89.3933,-5.4338,1.8422,86.8903,,,,,,,,,,,,0.645,0.628,0.61,0.546,0
32.38,-4.02,-2.4189,89.3933,-5.4338,1.8422,86.8903,,,,,,,,,,,,0.555,0.721,0.637,0.462,0
32.4,-4.02,-2.4189,89.3933,-5.4338,1.8422,86.8903,,,,,,,,,,,,0.555,0.721,0.637,0.462,0
32.42,-4.02,-2.4189,89.3933,-5.4338,1.8422,86.8903,,,,,,,,,,,,0.555,0.721,0.637,0.462,0
32.44,-4.02,-2.4189,89.3933,-5.4338,1.8422,86.8903,,,,,,,,,,,,0.555,0.721,0.637,0.462,0
32.46,-7.2878,-0.5492,87.7539,-5.3767,2.4127,86.8903,,,,,,,,,,,,0.555,0.721,0.637,0.462,0
32.48,-7.2878,-0.5492,87.7539,-5.3767,2.4127,86.8903,,,,,,,,,,,,0.664,0.638,0.531,0.561,0
32.5,-7.2878,-0.5492,87.7539,-5.3767,2.4127,86.8903,,,,,,,,,,,,0.664,0.638,0.531,0.561,0
32.52,-7.2878,-0.5492,87.7539,-5.3767,2.4127,86.8903,,,,,,,,,,,,0.664,0.638,0.531,0.561,0
32.54,-7.2878,-0.5492,87.7539,-5.3767,2.4127,86.8903,,,,,,,,,,,,0.664,0.638,0.531,0.561,0
32.56,-6.6543,2.2424,86.7706,-5.1676,3.6694,86.8904,,,,,,,,,,,,0.664,0.638,0.531,0.561,0
32.58,-6.6543,2.2424,86.7706,-5.1676,3.6694,86.8904,,,,,,,,,,,,0.642,0.66,0.514,0.576,0
32.6,-6.6543,2.2424,86.7706,-5.1676,3.6694,86.8904,,,,,,,,,,,,0.642,0.66,0.514,0.576,0
32.62,-6.6543,2.2424,86.7706,-5.1676,3.6694,86.8904,,,,,,,,,,,,0.642,0.66,0.514,0.576,0
32.64,-6.6543,2.2424,86.7706,-5.1676,3.6694,86.8904,,,,,,,,,,,,0.642,0.66,0.514,0.576,0
32.66,-4.0208,6.1555,86.5007,-5.1184,4.8793,86.8904,,,,,,,,,,,,0.642,0.66,0.514,0.576,0
32.68,-4.0208,6.1555,86.5007,-5.1184,4.8793,86.8904,,,,,,,,,,,,0.596,0.694,0.518,0.585,0
32.7,-4.0208,6.1555,86.5007,-5.1184,4.8793,86.8904,,,,,,,,,,,,0.596,0.694,0.518,0.585,0
32.72,-4.0208,6.1555,86.5007,-5.1184,4.8793,86.8904,,,,,,,,,,,,0.596,0.694,0.518,0.585,0
32.74,-4.0208,6.1555,86.5007,-5.1184,4.8793,86.8904,,,,,,,,,,,,0.596,0.694,0.518,0.585,0
32.76,-3.4607,8.06,86.4149,-5.2155,5.8472,86.8904,,,,,,,,,,,,0.596,0.694,0.518,0.585,0
32.78,-3.4607,8.06,86.4149,-5.2155,5.8472,86.8904,,,,,,,,,,,,0.705,0.582,0.483,0.623,0
32.8,-3.4607,8.06,86.4149,-5.2155,5.8472,86.8904,,,,,,,,,,,,0.705,0.582,0.483,0.623,0
32.82,-3.4607,8.06,86.4149,-5.2155,5.8472,86.8904,,,,,,,,,,,,0.705,0.582,0.483,0.623,0
32.84,-3.4607,8.06,86.4149,-5.2155,5.8472,86.8904,,,,,,,,,,,,0.705,0.582,0.483,0.623,0
32.86,-5.2196,6.8044,86.199,-5.4198,5.9714,86.8904,,,,,,,,,,,,0.705,0.582,0.483,0.623,0
32.88,-5.2196,6.8044,86.199,-5.4198,5.9714,86.8904,,,,,,,,,,,,0.708,0.631,0.526,0.621,0
32.9,-5.2196,6.8044,86.199,-5.4198,5.9714,86.8904,,,,,,,,,,,,0.708,0.631,0.526,0.621,0
32.92,-5.2196,6.8044,86.199,-5.4198,5.9714,86.8904,,,,,,,,,,,,0.708,0.631,0.526,0.621,0
32.94,-5.2196,6.8044,86.199,-5.4198,5.9714,86.8904,,,,,,,,,,,,0.708,0.631,0.526,0.621,0
32.96,-6.5781,4.9551,85.8064,-6.0074,4.8666,86.8906,,,,,,,,,,,,0.708,0.631,0.526,0.621,0
32.98,-6.5781,4.9551,85.8064,-6.0074,4.8666,86.8906,,,,,,,,,,,,0.722,0.714,0.617,0.626,0
33.0,-6.5781,4.9551,85.8064,-6.0074,4.8666,86.8906,,,,,,,,,,,,0.722,0.714,0.617,0.626,0
33.02,-6.5781,4.9551,85.8064,-6.0074,4.8666,86.8906,,,,,,,,,,,,0.722,0.714,0.617,0.626,0
33.04,-6.5781,4.9551,85.8064,-6.0074,4.8666,86.8906,,,,,,,,,,,,0.722,0.714,0.617,0.626,0
33.06,-7.5853,3.1257,85.0057,-6.6702,3.9649,86.8907,,,,,,,,,,,,0.722,0.714,0.617,0.626,0
33.08,-7.5853,3.1257,85.0057,-6.6702,3.9649,86.8907,,,,,,,,,,,,0.746,0.704,0.604,0.621,0
33.1,-7.5853,3.1257,85.0057,-6.6702,3.9649,86.8907,,,,,,,,,,,,0.746,0.704,0.604,0.621,0
33.12,-7.5853,3.1257,85.0057,-6.6702,3.9649,86.8907,,,,,,,,,,,,0.746,0.704,0.604,0.621,0
33.14,-7.5853,3.1257,85.0057,-6.6702,3.9649,86.8907,,,,,,,,,,,,0.746,0.704,0.604,0.621,0
33.16,-7.2504,1.7814,84.09,-7.4289,3.3187,86.8908,,,,,,,,,,,,0.746,0.704,0.604,0.621,0
33.18,-7.2504,1.7814,84.09,-7.4289,3.3187,86.8908,,,,,,,,,,,,0.769,0.694,0.566,0.641,0
33.2,-7.2504,1.7814,84.09,-7.4289,3.3187,86.8908,,,,,,,,,,,,0.769,0.694,0.566,0.641,0
33.22,-7.2504,1.7814,84.09,-7.4289,3.3187,86.8908,,,,,,,,,,,,0.769,0.694,0.566,0.641,0
33.24,-7.2504,1.7814,84.09,-7.4289,3.3187,86.8908,,,,,,,,,,,,0.769,0.694,0.566,0.641,0
33.26,-7.9884,1.2112,83.2753,-7.8742,2.9261,86.8909,,,,,,,,,,,,0.769,0.694,0.566,0.641,0
33.28,-7.9884,1.2112,83.2753,-7.8742,2.9261,86.8909,,,,,,,,,,,,0.735,0.737,0.601,0.6,0
33.3,-7.9884,1.2112,83.2753,-7.8742,2.9261,86.8909,,,,,,,,,,,,0.735,0.737,0.601,0.6,0
33.32,-7.9884,1.2112,83.2753,-7.8742,2.9261,86.8909,,,,,,,,,,,,0.735,0.737,0.601,0.6,0
33.34,-7.9884,1.2112,83.2753,-7.8742,2.9261,86.8909,,,,,,,,,,,,0.735,0.737,0.601,0.6,0
33.36,-7.9052,0.991,82.6351,-7.7896,3.1982,86.8909,,,,,,,,,,,,0.735,0.737,0.601,0.6,0
33.38,-7.9052,0.991,82.6351,-7.7896,3.1982,86.8909,,,,,,,,,,,,0.731,0.749,0.608,0.587,0
33.4,-7.9052,0.991,82.6351,-7.7896,3.1982,86.8909,,,,,,,,,,,,0.731,0.749,0.608,0.587,0
33.42,-7.9052,0.991,82.6351,-7.7896,3.1982,86.8909,,,,,,,,,,,,0.731,0.749,0.608,0.587,0
33.44,-7.9052,0.991,82.6351,-7.7896,3.1982,86.8909,,,,,,,,,,,,0.731,0.749,0.608,0.587,0
33.46,-7.3269,2.4265,81.7885,-7.6378,3.5347,86.8909,,,,,,,,,,,,0.731,0.749,0.608,0.587,0
33.48,-7.3269,2.4265,81.7885,-7.6378,3.5347,86.8909,,,,,,,,,,,,0.742,0.745,0.531,0.654,0
33.5,-7.3269,2.4265,81.7885,-7.6378,3.5347,86.8909,,,,,,,,,,,,0.742,0.745,0.531,0.654,0
33.52,-7.3269,2.4265,81.7885,-7.6378,3.5347,86.8909,,,,,,,,,,,,0.742,0.745,0.531,0.654,0
33.54,-7.3269,2.4265,81.7885,-7.6378,3.5347,86.8909,,,,,,,,,,,,0.742,0.745,0.531,0.654,0
33.56,-7.7071,4.9579,80.9567,-8.0492,3.6104,86.8909,,,,,,,,,,,,0.742,0.745,0.531,0.654,0
33.58,-7.7071,4.9579,80.9567,-8.0492,3.6104,86.8909,,,,,,,,,,,,0.724,0.766,0.542,0.641,0
33.6,-7.7071,4.9579,80.9567,-8.0492,3.6104,86.8909,,,,,,,,,,,,0.724,0.766,0.542,0.641,0
33.62,-7.7071,4.9579,80.9567,-8.0492,3.6104,86.8909,,,,,,,,,,,,0.724,0.766,0.542,0.641,0
33.64,-7.7071,4.9579,80.9567,-8.0492,3.6104,86.8909,,,,,,,,,,,,0.724,0.766,0.542,0.641,0
33.66,-10.0794,6.0515,80.337,-9.0681,3.3158,86.891,,,,,,,,,,,,0.724,0.766,0.542,0.641,0
33.68,-10.0794,6.0515,80.337,-9.0681,3.3158,86.891,,,,,,,,,,,,0.704,0.789,0.589,0.598,0
33.7,-10.0794,6.0515,80.337,-9.0681,3.3158,86.891,,,,,,,,,,,,0.704,0.789,0.589,0.598,0
33.72,-10.0794,6.0515,80.337,-9.0681,3.3158,86.891,,,,,,,,,,,,0.704,0.789,0.589,0.598,0
33.74,-10.0794,6.0515,80.337,-9.0681,3.3158,86.891,,,,,,,,,,,,0.704,0.789,0.589,0.598,0
33.76,-11.6931,5.1274,80.1945,-7.5379,2.6572,86.8907,,,,,,,,,,,,0.704,0.789,0.589,0.598,0
33.78,-11.6931,5.1274,80.1945,-7.5379,2.6572,86.8907,,,,,,,,,,,,0.703,0.795,0.623,0.563,0
33.8,-11.6931,5.1274,80.1945,-7.5379,2.6572,86.8907,,,,,,,,,,,,0.703,0.795,0.623,0.563,0
33.82,-11.6931,5.1274,80.1945,-7.5379,2.6572,86.8907,,,,,,,,,,,,0.703,0.795,0.623,0.563,0
33.84,-11.6931,5.1274,80.1945,-7.5379,2.6572,86.8907,,,,,,,,,,,,0.703,0.795,0.623,0.563,0
33.86,-10.73,3.2231,80.4031,-4.2548,1.7215,86.89,,,,,,,,,,,,0.703,0.795,0.623,0.563,0
33.88,-10.73,3.2231,80.4031,-4.2548,1.7215,86.89,,,,,,,,,,,,0.749,0.746,0.576,0.606,0
33.9,-10.73,3.2231,80.4031,-4.2548,1.7215,86.89,,,,,,,,,,,,0.749,0.746,0.576,0.606,0
33.92,-10.73,3.2231,80.4031,-4.2548,1.7215,86.89,,,,,,,,,,,,0.749,0.746,0.576,0.606,0
33.94,-10.73,3.2231,80.4031,-4.2548,1.7215,86.89,,,,,,,,,,,,0.749,0.746,0.576,0.606,0
33.96,-5.3247,1.3721,80.8105,-2.1524,0.9136,86.8896,,,,,,,,,,,,0.749,0.746,0.576,0.606,0
33.98,-5.3247,1.3721,80.8105,-2.1524,0.9136,86.8896,,,,,,,,,,,,0.755,0.725,0.574,0.605,0
34.0,-5.3247,1.3721,80.8105,-2.1524,0.9136,86.8896,,,,,,,,,,,,0.755,0.725,0.574,0.605,0
34.02,-5.3247,1.3721,80.8105,-2.1524,0.9136,86.8896,,,,,,,,,,,,0.755,0.725,0.574,0.605,0
34.04,-5.3247,1.3721,80.8105,-2.1524,0.9136,86.8896,,,,,,,,,,,,0.755,0.725,0.574,0.605,0
34.06,2.8338,-0.9172,81.2895,-0.6624,0.4664,87.0826,,,,,,,,,,,,0.755,0.725,0.574,0.605,0
34.08,2.8338,-0.9172,81.2895,-0.6624,0.4664,87.0826,,,,,,,,,,,,0.812,0.655,0.538,0.638,0
34.1,2.8338,-0.9172,81.2895,-0.6624,0.4664,87.0826,,,,,,,,,,,,0.812,0.655,0.538,0.638,0
34.12,2.8338,-0.9172,81.2895,-0.6624,0.4664,87.0826,,,,,,,,,,,,0.812,0.655,0.538,0.638,0
34.14,2.8338,-0.9172,81.2895,-0.6624,0.4664,87.0826,,,,,,,,,,,,0.812,0.655,0.538,0.638,0
34.16,5.8526,-1.7698,81.6618,-0.3175,0.238,88.2588,,,,,,,,,,,,0.812,0.655,0.538,0.638,0
34.18,5.8526,-1.7698,81.6618,-0.3175,0.238,88.2588,,,,,,,,,,,,0.758,0.739,0.58,0.585,0
34.2,5.8526,-1.7698,81.6618,-0.3175,0.238,88.2588,,,,,,,,,,,,0.758,0.739,0.58,0.585,0
34.22,5.8526,-1.7698,81.6618,-0.3175,0.238,88.2588,,,,,,,,,,,,0.758,0.739,0.58,0.585,0
34.24,5.8526,-1.7698,81.6618,-0.3175,0.238,88.2588,,,,,,,,,,,,0.758,0.739,0.58,0.585,0
34.26,2.0418,-1.1544,82.2817,-0.1621,0.1215,88.7187,,,,,,,,,,,,0.758,0.739,0.58,0.585,0
34.28,2.0418,-1.1544,82.2817,-0.1621,0.1215,88.7187,,,,,,,,,,,,0.701,0.783,0.618,0.55,0
34.3,2.0418,-1.1544,82.2817,-0.1621,0.1215,88.7187,,,,,,,,,,,,0.701,0.783,0.618,0.55,0
34.32,2.0418,-1.1544,82.2817,-0.1621,0.1215,88.7187,,,,,,,,,,,,0.701,0.783,0.618,0.55,0
34.34,2.0418,-1.1544,82.2817,-0.1621,0.1215,88.7187,,,,,,,,,,,,0.701,0.783,0.618,0.55,0
34.36,-3.3363,-0.4429,82.9727,-0.0828,0.062,88.7408,,,,,,,,,,,,0.701,0.783,0.618,0.55,0
34.38,-3.3363,-0.4429,82.9727,-0.0828,0.062,88.7408,,,,,,,,,,,,0.719,0.752,0.599,0.589,0
34.4,-3.3363,-0.4429,82.9727,-0.0828,0.062,88.7408,,,,,,,,,,,,0.719,0.752,0.599,0.589,0
34.42,-3.3363,-0.4429,82.9727,-0.0828,0.062,88.7408,,,,,,,,,,,,0.719,0.752,0.599,0.589,0
34.44,-3.3363,-0.4429,82.9727,-0.0828,0.062,88.7408,,,,,,,,,,,,0.719,0.752,0.599,0.589,0
34.46,-3.5899,0.1689,84.0102,-0.127,0.0317,88.7408,,,,,,,,,,,,0.719,0.752,0.599,0.589,0
34.48,-3.5899,0.1689,84.0102,-0.127,0.0317,88.7408,,,,,,,,,,,,0.695,0.76,0.601,0.608,0
34.5,-3.5899,0.1689,84.0102,-0.127,0.0317,88.7408,,,,,,,,,,,,0.695,0.76,0.601,0.608,0
34.52,-3.5899,0.1689,84.0102,-0.127,0.0317,88.7408,,,,,,,,,,,,0.695,0.76,0.601,0.608,0
34.54,-3.5899,0.1689,84.0102,-0.127,0.0317,88.7408,,,,,,,,,,,,0.695,0.76,0.601,0.608,0
34.56,-0.1498,-0.2452,85.2198,-0.955,0.0162,88.7408,,,,,,,,,,,,0.695,0.76,0.601,0.608,0
34.58,-0.1498,-0.2452,85.2198,-0.955,0.0162,88.7408,,,,,,,,,,,,0.767,0.668,0.573,0.644,0
34.6,-0.1498,-0.2452,85.2198,-0.955,0.0162,88.7408,,,,,,,,,,,,0.767,0.668,0.573,0.644,0
34.62,-0.1498,-0.2452,85.2198,-0.955,0.0162,88.7408,,,,,,,,,,,,0.767,0.668,0.573,0.644,0
34.64,-0.1498,-0.2452,85.2198,-0.955,0.0162,88.7408,,,,,,,,,,,,0.767,0.668,0.573,0.644,0
34.66,1.0921,-2.3393,86.181,-1.7741,0.0083,88.7409,,,,,,,,,,,,0.767,0.668,0.573,0.644,0
34.68,1.0921,-2.3393,86.181,-1.7741,0.0083,88.7409,,,,,,,,,,,,0.742,0.687,0.622,0.608,0
34.7,1.0921,-2.3393,86.181,-1.7741,0.0083,88.7409,,,,,,,,,,,,0.742,0.687,0.622,0.608,0
34.72,1.0921,-2.3393,86.181,-1.7741,0.0083,88.7409,,,,,,,,,,,,0.742,0.687,0.622,0.608,0
34.74,1.0921,-2.3393,86.181,-1.7741,0.0083,88.7409,,,,,,,,,,,,0.742,0.687,0.622,0.608,0
34.76,-0.923,-3.1305,87.0933,-2.117,0.0042,88.7409,,,,,,,,,,,,0.742,0.687,0.622,0.608,0
34.78,-0.923,-3.1305,87.0933,-2.117,0.0042,88.7409,,,,,,,,,,,,0.69,0.705,0.61,0.596,0
34.8,-0.923,-3.1305,87.0933,-2.117,0.0042,88.7409,,,,,,,,,,,,0.69,0.705,0.61,0.596,0
34.82,-0.923,-3.1305,87.0933,-2.117,0.0042,88.7409,,,,,,,,,,,,0.69,0.705,0.61,0.596,0
34.84,-0.923,-3.1305,87.0933,-2.117,0.0042,88.7409,,,,,,,,,,,,0.69,0.705,0.61,0.596,0
34.86,-4.8604,-0.5408,87.8187,-3.402,0.0022,88.7409,,,,,,,,,,,,0.69,0.705,0.61,0.596,0
34.88,-4.8604,-0.5408,87.8187,-3.402,0.0022,88.7409,,,,,,,,,,,,0.627,0.722,0.547,0.628,0
34.9,-4.8604,-0.5408,87.8187,-3.402,0.0022,88.7409,,,,,,,,,,,,0.627,0.722,0.547,0.628,0
34.92,-4.8604,-0.5408,87.8187,-3.402,0.0022,88.7409,,,,,,,,,,,,0.627,0.722,0.547,0.628,0
34.94,-4.8604,-0.5408,87.8187,-3.402,0.0022,88.7409,,,,,,,,,,,,0.627,0.722,0.547,0.628,0
34.96,-7.2986,2.5384,88.4118,-4.7237,0.0011,88.7409,,,,,,,,,,,,0.627,0.722,0.547,0.628,0
34.98,-7.2986,2.5384,88.4118,-4.7237,0.0011,88.7409,,,,,,,,,,,,0.632,0.709,0.56,0.628,0
35.0,-7.2986,2.5384,88.4118,-4.7237,0.0011,88.7409,,,,,,,,,,,,0.632,0.709,0.56,0.628,0
35.02,-7.2986,2.5384,88.4118,-4.7237,0.0011,88.7409,,,,,,,,,,,,0.632,0.709,0.56,0.628,0
35.04,-7.2986,2.5384,88.4118,-4.7237,0.0011,88.7409,,,,,,,,,,,,0.632,0.709,0.56,0.628,0
35.06,-6.6876,3.432,89.0503,-5.4157,0.0006,88.7409,,,,,,,,,,,,0.632,0.709,0.56,0.628,0
35.08,-6.6876,3.432,89.0503,-5.4157,0.0006,88.7409,,,,,,,,,,,,0.675,0.664,0.546,0.649,0
35.1,-6.6876,3.432,89.0503,-5.4157,0.0006,88.7409,,,,,,,,,,,,0.675,0.664,0.546,0.649,0
35.12,-6.6876,3.432,89.0503,-5.4157,0.0006,88.7409,,,,,,,,,,,,0.675,0.664,0.546,0.649,0
35.14,-6.6876,3.432,89.0503,-5.4157,0.0006,88.7409,,,,,,,,,,,,0.675,0.664,0.546,0.649,0
35.16,-4.8697,1.6403,89.5325,-5.6999,0.0003,88.741,,,,,,,,,,,,0.675,0.664,0.546,0.649,0
35.18,-4.8697,1.6403,89.5325,-5.6999,0.0003,88.741,,,,,,,,,,,,0.676,0.662,0.622,0.571,0
35.2,-4.8697,1.6403,89.5325,-5.6999,0.0003,88.741,,,,,,,,,,,,0.676,0.662,0.622,0.571,0
35.22,-4.8697,1.6403,89.5325,-5.6999,0.0003,88.741,,,,,,,,,,,,0.676,0.662,0.622,0.571,0
35.24,-4.8697,1.6403,89.5325,-5.6999,0.0003,88.741,,,,,,,,,,,,0.676,0.662,0.622,0.571,0
35.26,-4.5831,-1.1927,89.7659,-5.7244,0.0001,88.741,,,,,,,,,,,,0.676,0.662,0.622,0.571,0
35.28,-4.5831,-1.1927,89.7659,-5.7244,0.0001,88.741,,,,,,,,,,,,0.711,0.631,0.588,0.598,0
35.3,-4.5831,-1.1927,89.7659,-5.7244,0.0001,88.741,,,,,,,,,,,,0.711,0.631,0.588,0.598,0
35.32,-4.5831,-1.1927,89.7659,-5.7244,0.0001,88.741,,,,,,,,,,,,0.711,0.631,0.588,0.598,0
35.34,-4.5831,-1.1927,89.7659,-5.7244,0.0001,88.741,,,,,,,,,,,,0.711,0.631,0.588,0.598,0
35.36,-4.8992,-1.3224,89.7311,-5.5131,0.0001,88.7409,,,,,,,,,,,,0.711,0.631,0.588,0.598,0
35.38,-4.8992,-1.3224,89.7311,-5.5131,0.0001,88.7409,,,,,,,,,,,,0.651,0.697,0.579,0.606,0
35.4,-4.8992,-1.3224,89.7311,-5.5131,0.0001,88.7409,,,,,,,,,,,,0.651,0.697,0.579,0.606,0
35.42,-4.8992,-1.3224,89.7311,-5.5131,0.0001,88.7409,,,,,,,,,,,,0.651,0.697,0.579,0.606,0
35.44,-4.8992,-1.3224,89.7311,-5.5131,0.0001,88.7409,,,,,,,,,,,,0.651,0.697,0.579,0.606,0
35.46,-3.9395,0.7802,89.3946,-5.1005,0.0,88.7409,,,,,,,,,,,,0.651,0.697,0.579,0.606,0
35.48,-3.9395,0.7802,89.3946,-5.1005,0.0,88.7409,,,,,,,,,,,,0.672,0.678,0.525,0.65,0
35.5,-3.9395,0.7802,89.3946,-5.1005,0.0,88.7409,,,,,,,,,,,,0.672,0.678,0.525,0.65,0
35.52,-3.9395,0.7802,89.3946,-5.1005,0.0,88.7409,,,,,,,,,,,,0.672,0.678,0.525,0.65,0
35.54,-3.9395,0.7802,89.3946,-5.1005,0.0,88.7409,,,,,,,,,,,,0.672,0.678,0.525,0.65,0
35.56,-2.9231,2.2018,88.8437,-4.7991,0.0,88.7409,,,,,,,,,,,,0.672,0.678,0.525,0.65,0
35.58,-2.9231,2.2018,88.8437,-4.7991,0.0,88.7409,,,,,,,,,,,,0.7,0.658,0.521,0.643,0
35.6,-2.9231,2.2018,88.8437,-4.7991,0.0,88.7409,,,,,,,,,,,,0.7,0.658,0.521,0.643,0
35.62,-2.9231,2.2018,88.8437,-4.7991,0.0,88.7409,,,,,,,,,,,,0.7,0.658,0.521,0.643,0
35.64,-2.9231,2.2018,88.8437,-4.7991,0.0,88.7409,,,,,,,,,,,,0.7,0.658,0.521,0.643,0
35.66,-2.5087,2.0261,88.0177,-4.7484,0.0,88.7409,,,,,,,,,,,,0.7,0.658,0.521,0.643,0
35.68,-2.5087,2.0261,88.0177,-4.7484,0.0,88.7409,,,,,,,,,,,,0.743,0.624,0.506,0.639,0
35.7,-2.5087,2.0261,88.0177,-4.7484,0.0,88.7409,,,,,,,,,,,,0.743,0.624,0.506,0.639,0
35.72,-2.5087,2.0261,88.0177,-4.7484,0.0,88.7409,,,,,,,,,,,,0.743,0.624,0.506,0.639,0
35.74,-2.5087,2.0261,88.0177,-4.7484,0.0,88.7409,,,,,,,,,,,,0.743,0.624,0.506,0.639,0
35.76,-2.7306,0.2556,87.0697,-4.9368,0.0,88.7409,,,,,,,,,,,,0.743,0.624,0.506,0.639,0
35.78,-2.7306,0.2556,87.0697,-4.9368,0.0,88.7409,,,,,,,,,,,,0.702,0.682,0.566,0.563,0
35.8,-2.7306,0.2556,87.0697,-4.9368,0.0,88.7409,,,,,,,,,,,,0.702,0.682,0.566,0.563,0
35.82,-2.7306,0.2556,87.0697,-4.9368,0.0,88.7409,,,,,,,,,,,,0.702,0.682,0.566,0.563,0
35.84,-2.7306,0.2556,87.0697,-4.9368,0.0,88.7409,,,,,,,,,,,,0.702,0.682,0.566,0.563,0
35.86,-4.2146,-0.1163,86.4169,-5.0427,0.0,88.741,,,,,,,,,,,,0.702,0.682,0.566,0.563,0
35.88,-4.2146,-0.1163,86.4169,-5.0427,0.0,88.741,,,,,,,,,,,,0.691,0.698,0.52,0.6,0
35.9,-4.2146,-0.1163,86.4169,-5.0427,0.0,88.741,,,,,,,,,,,,0.691,0.698,0.52,0.6,0
35.92,-4.2146,-0.1163,86.4169,-5.0427,0.0,88.741,,,,,,,,,,,,0.691,0.698,0.52,0.6,0
35.94,-4.2146,-0.1163,86.4169,-5.0427,0.0,88.741,,,,,,,,,,,,0.691,0.698,0.52,0.6,0
35.96,-5.3612,1.5947,86.031,-5.2624,0.0,88.7409,,,,,,,,,,,,0.691,0.698,0.52,0.6,0
35.98,-5.3612,1.5947,86.031,-5.2624,0.0,88.7409,,,,,,,,,,,,0.648,0.736,0.53,0.599,0
36.0,-5.3612,1.5947,86.031,-5.2624,0.0,88.7409,,,,,,,,,,,,0.648,0.736,0.53,0.599,0
36.02,-5.3612,1.5947,86.031,-5.2624,0.0,88.7409,,,,,,,,,,,,0.648,0.736,0.53,0.599,0
36.04,-5.3612,1.5947,86.031,-5.2624,0.0,88.7409,,,,,,,,,,,,0.648,0.736,0.53,0.599,0
36.06,-4.8512,2.9064,86.0621,-5.52,0.0,88.7409,,,,,,,,,,,,0.648,0.736,0.53,0.599,0
36.08,-4.8512,2.9064,86.0621,-5.52,0.0,88.7409,,,,,,,,,,,,0.684,0.696,0.506,0.628,0
36.1,-4.8512,2.9064,86.0621,-5.52,0.0,88.7409,,,,,,,,,,,,0.684,0.696,0.506,0.628,0
36.12,-4.8512,2.9064,86.0621,-5.52,0.0,88.7409,,,,,,,,,,,,0.684,0.696,0.506,0.628,0
36.14,-4.8512,2.9064,86.0621,-5.52,0.0,88.7409,,,,,,,,,,,,0.684,0.696,0.506,0.628,0
36.16,-7.9823,2.3044,86.405,-5.6929,0.0,88.7409,,,,,,,,,,,,0.684,0.696,0.506,0.628,0
36.18,-7.9823,2.3044,86.405,-5.6929,0.0,88.7409,,,,,,,,,,,,0.66,0.72,0.614,0.537,0
36.2,-7.9823,2.3044,86.405,-5.6929,0.0,88.7409,,,,,,,,,,,,0.66,0.72,0.614,0.537,0
36.22,-7.9823,2.3044,86.405,-5.6929,0.0,88.7409,,,,,,,,,,,,0.66,0.72,0.614,0.537,0
36.24,-7.9823,2.3044,86.405,-5.6929,0.0,88.7409,,,,,,,,,,,,0.66,0.72,0.614,0.537,0
36.26,-11.4451,0.6777,87.0864,-5.7737,0.0,88.741,,,,,,,,,,,,0.66,0.72,0.614,0.537,0
36.28,-11.4451,0.6777,87.0864,-5.7737,0.0,88.741,,,,,,,,,,,,0.655,0.723,0.605,0.563,0
36.3,-11.4451,0.6777,87.0864,-5.7737,0.0,88.741,,,,,,,,,,,,0.655,0.723,0.605,0.563,0
36.32,-11.4451,0.6777,87.0864,-5.7737,0.0,88.741,,,,,,,,,,,,0.655,0.723,0.605,0.563,0
36.34,-11.4451,0.6777,87.0864,-5.7737,0.0,88.741,,,,,,,,,,,,0.655,0.723,0.605,0.563,0
36.36,-11.1453,0.3014,88.2485,-5.8845,0.0,88.741,,,,,,,,,,,,0.655,0.723,0.605,0.563,0
36.38,-11.1453,0.3014,88.2485,-5.8845,0.0,88.741,,,,,,,,,,,,0.678,0.681,0.566,0.623,0
36.4,-11.1453,0.3014,88.2485,-5.8845,0.0,88.741,,,,,,,,,,,,0.678,0.681,0.566,0.623,0
36.42,-11.1453,0.3014,88.2485,-5.8845,0.0,88.741,,,,,,,,,,,,0.678,0.681,0.566,0.623,0
36.44,-11.1453,0.3014,88.2485,-5.8845,0.0,88.741,,,,,,,,,,,,0.678,0.681,0.566,0.623,0
36.46,-8.1806,-0.1561,89.433,-5.906,0.0,88.7409,,,,,,,,,,,,0.678,0.681,0.566,0.623,0
36.48,-8.1806,-0.1561,89.433,-5.906,0.0,88.7409,,,,,,,,,,,,0.677,0.662,0.601,0.606,0
36.5,-8.1806,-0.1561,89.433,-5.906,0.0,88.7409,,,,,,,,,,,,0.677,0.662,0.601,0.606,0
36.52,-8.1806,-0.1561,89.433,-5.906,0.0,88.7409,,,,,,,,,,,,0.677,0.662,0.601,0.606,0
36.54,-8.1806,-0.1561,89.433,-5.906,0.0,88.7409,,,,,,,,,,,,0.677,0.662,0.601,0.606,0
36.56,-4.8004,-1.2424,90.3367,-5.583,0.0,88.741,,,,,,,,,,,,0.677,0.662,0.601,0.606,0
36.58,-4.8004,-1.2424,90.3367,-5.583,0.0,88.741,,,,,,,,,,,,0.689,0.64,0.591,0.617,0
36.6,-4.8004,-1.2424,90.3367,-5.583,0.0,88.741,,,,,,,,,,,,0.689,0.64,0.591,0.617,0
36.62,-4.8004,-1.2424,90.3367,-5.583,0.0,88.741,,,,,,,,,,,,0.689,0.64,0.591,0.617,0
36.64,-4.8004,-1.2424,90.3367,-5.583,0.0,88.741,,,,,,,,,,,,0.689,0.64,0.591,0.617,0
36.66,-2.7818,-1.7009,90.6107,-4.5784,0.0,88.7409,,,,,,,,,,,,0.689,0.64,0.591,0.617,0
36.68,-2.7818,-1.7009,90.6107,-4.5784,0.0,88.7409,,,,,,,,,,,,0.687,0.649,0.57,0.636,0
36.7,-2.7818,-1.7009,90.6107,-4.5784,0.0,88.7409,,,,,,,,,,,,0.687,0.649,0.57,0.636,0
36.72,-2.7818,-1.7009,90.6107,-4.5784,0.0,88.7409,,,,,,,,,,,,0.687,0.649,0.57,0.636,0
36.74,-2.7818,-1.7009,90.6107,-4.5784,0.0,88.7409,,,,,,,,,,,,0.687,0.649,0.57,0.636,0
36.76,-0.9923,-1.7596,90.4248,-3.8283,0.0,88.741,,,,,,,,,,,,0.687,0.649,0.57,0.636,0
36.78,-0.9923,-1.7596,90.4248,-3.8283,0.0,88.741,,,,,,,,,,,,0.713,0.658,0.593,0.631,0
36.8,-0.9923,-1.7596,90.4248,-3.8283,0.0,88.741,,,,,,,,,,,,0.713,0.658,0.593,0.631,0
36.82,-0.9923,-1.7596,90.4248,-3.8283,0.0,88.741,,,,,,,,,,,,0.713,0.658,0.593,0.631,0
36.84,-0.9923,-1.7596,90.4248,-3.8283,0.0,88.741,,,,,,,,,,,,0.713,0.658,0.593,0.631,0
36.86,-2.0186,-1.7865,89.6926,-3.5395,0.0,88.741,,,,,,,,,,,,0.713,0.658,0.593,0.631,0
36.88,-2.0186,-1.7865,89.6926,-3.5395,0.0,88.741,,,,,,,,,,,,0.701,0.705,0.621,0.61,0
36.9,-2.0186,-1.7865,89.6926,-3.5395,0.0,88.741,,,,,,,,,,,,0.701,0.705,0.621,0.61,0
36.92,-2.0186,-1.7865,89.6926,-3.5395,0.0,88.741,,,,,,,,,,,,0.701,0.705,0.621,0.61,0
36.94,-2.0186,-1.7865,89.6926,-3.5395,0.0,88.741,,,,,,,,,,,,0.701,0.705,0.621,0.61,0
36.96,-3.0662,-1.5877,88.9351,-3.5271,0.0,88.741,,,,,,,,,,,,0.701,0.705,0.621,0.61,0
36.98,-3.0662,-1.5877,88.9351,-3.5271,0.0,88.741,,,,,,,,,,,,0.715,0.717,0.623,0.613,0
37.0,-3.0662,-1.5877,88.9351,-3.5271,0.0,88.741,,,,,,,,,,,,0.715,0.717,0.623,0.613,0
37.02,-3.0662,-1.5877,88.9351,-3.5271,0.0,88.741,,,,,,,,,,,,0.715,0.717,0.623,0.613,0
37.04,-3.0662,-1.5877,88.9351,-3.5271,0.0,88.741,,,,,,,,,,,,0.715,0.717,0.623,0.613,0
37.06,-6.5932,-2.6969,88.193,-3.6377,0.0,88.741,,,,,,,,,,,,0.715,0.717,0.623,0.613,0
37.08,-6.5932,-2.6969,88.193,-3.6377,0.0,88.741,,,,,,,,,,,,0.693,0.752,0.698,0.518,0
37.1,-6.5932,-2.6969,88.193,-3.6377,0.0,88.741,,,,,,,,,,,,0.693,0.752,0.698,0.518,0
37.12,-6.5932,-2.6969,88.193,-3.6377,0.0,88.741,,,,,,,,,,,,0.693,0.752,0.698,0.518,0
37.14,-6.5932,-2.6969,88.193,-3.6377,0.0,88.741,,,,,,,,,,,,0.693,0.752,0.698,0.518,0
37.16,-8.3065,-4.7323,87.8957,-3.7755,0.0,88.7409,,,,,,,,,,,,0.693,0.752,0.698,0.518,0
37.18,-8.3065,-4.7323,87.8957,-3.7755,0.0,88.7409,,,,,,,,,,,,0.697,0.754,0.683,0.539,0
37.2,-8.3065,-4.7323,87.8957,-3.7755,0.0,88.7409,,,,,,,,,,,,0.697,0.754,0.683,0.539,0
37.22,-8.3065,-4.7323,87.8957,-3.7755,0.0,88.7409,,,,,,,,,,,,0.697,0.754,0.683,0.539,0
37.24,-8.3065,-4.7323,87.8957,-3.7755,0.0,88.7409,,,,,,,,,,,,0.697,0.754,0.683,0.539,0
37.26,-5.6168,-3.0191,87.9415,-3.8952,0.0,88.7409,,,,,,,,,,,,0.697,0.754,0.683,0.539,0
37.28,-5.6168,-3.0191,87.9415,-3.8952,0.0,88.7409,,,,,,,,,,,,0.711,0.724,0.542,0.688,0
37.3,-5.6168,-3.0191,87.9415,-3.8952,0.0,88.7409,,,,,,,,,,,,0.711,0.724,0.542,0.688,0
37.32,-5.6168,-3.0191,87.9415,-3.8952,0.0,88.7409,,,,,,,,,,,,0.711,0.724,0.542,0.688,0
37.34,-5.6168,-3.0191,87.9415,-3.8952,0.0,88.7409,,,,,,,,,,,,0.711,0.724,0.542,0.688,0
37.36,-1.0792,1.0927,88.3106,-3.9469,0.0,88.741,,,,,,,,,,,,0.711,0.724,0.542,0.688,0
37.38,-1.0792,1.0927,88.3106,-3.9469,0.0,88.741,,,,,,,,,,,,0.702,0.714,0.538,0.697,0
37.4,-1.0792,1.0927,88.3106,-3.9469,0.0,88.741,,,,,,,,,,,,0.702,0.714,0.538,0.697,0
37.42,-1.0792,1.0927,88.3106,-3.9469,0.0,88.741,,,,,,,,,,,,0.702,0.714,0.538,0.697,0
37.44,-1.0792,1.0927,88.3106,-3.9469,0.0,88.741,,,,,,,,,,,,0.702,0.714,0.538,0.697,0
37.46,-1.0076,2.9725,88.5495,-3.9106,0.0,88.741,,,,,,,,,,,,0.702,0.714,0.538,0.697,0
37.48,-1.0076,2.9725,88.5495,-3.9106,0.0,88.741,,,,,,,,,,,,0.672,0.732,0.613,0.624,0
37.5,-1.0076,2.9725,88.5495,-3.9106,0.0,88.741,,,,,,,,,,,,0.672,0.732,0.613,0.624,0
37.52,-1.0076,2.9725,88.5495,-3.9106,0.0,88.741,,,,,,,,,,,,0.672,0.732,0.613,0.624,0
37.54,-1.0076,2.9725,88.5495,-3.9106,0.0,88.741,,,,,,,,,,,,0.672,0.732,0.613,0.624,0
37.56,-3.5948,0.3262,88.7073,-3.8728,0.0,88.777,,,,,,,,,,,,0.672,0.732,0.613,0.624,0
37.58,-3.5948,0.3262,88.7073,-3.8728,0.0,88.777,,,,,,,,,,,,0.594,0.553,0.321,0.576,0
37.6,-3.5948,0.3262,88.7073,-3.8728,0.0,88.777,,,,,,,,,,,,0.594,0.553,0.321,0.576,0
37.62,-3.5948,0.3262,88.7073,-3.8728,0.0,88.777,,,,,,,,,,,,0.594,0.553,0.321,0.576,0
37.64,-3.5948,0.3262,88.7073,-3.8728,0.0,88.777,,,,,,,,,,,,0.594,0.553,0.321,0.576,0
37.66,-2.3364,2.2291,88.7886,-3.8535,0.0,88.777,,,,,,,,,,,,0.594,0.553,0.321,0.576,0
37.68,-2.3364,2.2291,88.7886,-3.8535,0.0,88.777,,,,,,,,,,,,0.369,0.314,0.15,0.355,0
37.7,-2.3364,2.2291,88.7886,-3.8535,0.0,88.777,,,,,,,,,,,,0.369,0.314,0.15,0.355,0
37.72,-2.3364,2.2291,88.7886,-3.8535,0.0,88.777,,,,,,,,,,,,0.369,0.314,0.15,0.355,0
37.74,-2.3364,2.2291,88.7886,-3.8535,0.0,88.777,,,,,,,,,,,,0.369,0.314,0.15,0.355,0
37.76,-1.5974,4.7898,89.0143,-3.7877,0.0,87.4578,,,,,,,,,,,,0.369,0.314,0.15,0.355,0
37.78,-1.5974,4.7898,89.0143,-3.7877,0.0,87.4578,,,,,,,,,,,,0.184,0.305,0.15,0.246,0
37.8,-1.5974,4.7898,89.0143,-3.7877,0.0,87.4578,,,,,,,,,,,,0.184,0.305,0.15,0.246,0
37.82,-1.5974,4.7898,89.0143,-3.7877,0.0,87.4578,,,,,,,,,,,,0.184,0.305,0.15,0.246,0
37.84,-1.5974,4.7898,89.0143,-3.7877,0.0,87.4578,,,,,,,,,,,,0.184,0.305,0.15,0.246,0
37.86,-3.4674,2.102,89.1457,-3.7187,0.0,84.4247,,,,,,,,,,,,0.184,0.305,0.15,0.246,0
37.88,-3.4674,2.102,89.1457,-3.7187,0.0,84.4247,,,,,,,,,,,,0.266,0.178,0.291,0.15,0
37.9,-3.4674,2.102,89.1457,-3.7187,0.0,84.4247,,,,,,,,,,,,0.266,0.178,0.291,0.15,0
37.92,-3.4674,2.102,89.1457,-3.7187,0.0,84.4247,,,,,,,,,,,,0.266,0.178,0.291,0.15,0
37.94,-3.4674,2.102,89.1457,-3.7187,0.0,84.4247,,,,,,,,,,,,0.266,0.178,0.291,0.15,0
37.96,0.5406,1.576,89.3227,-3.6952,0.0,83.5949,,,,,,,,,,,,0.266,0.178,0.291,0.15,0
37.98,0.5406,1.576,89.3227,-3.6952,0.0,83.5949,,,,,,,,,,,,0.294,0.15,0.152,0.282,0
38.0,0.5406,1.576,89.3227,-3.6952,0.0,83.5949,,,,,,,,,,,,0.294,0.15,0.152,0.282,0
38.02,0.5406,1.576,89.3227,-3.6952,0.0,83.5949,,,,,,,,,,,,0.294,0.15,0.152,0.282,0
38.04,0.5406,1.576,89.3227,-3.6952,0.0,83.5949,,,,,,,,,,,,0.294,0.15,0.152,0.282,0
38.06,-2.3709,-0.2252,89.6522,-3.7957,0.0,83.5949,,,,,,,,,,,,0.294,0.15,0.152,0.282,0
38.08,-2.3709,-0.2252,89.6522,-3.7957,0.0,83.5949,,,,,,,,,,,,0.244,0.217,0.282,0.15,0
38.1,-2.3709,-0.2252,89.6522,-3.7957,0.0,83.5949,,,,,,,,,,,,0.244,0.217,0.282,0.15,0
38.12,-2.3709,-0.2252,89.6522,-3.7957,0.0,83.5949,,,,,,,,,,,,0.244,0.217,0.282,0.15,0
38.14,-2.3709,-0.2252,89.6522,-3.7957,0.0,83.5949,,,,,,,,,,,,0.244,0.217,0.282,0.15,0
38.16,-2.8436,1.467,90.0006,-3.8456,0.0,83.5949,,,,,,,,,,,,0.244,0.217,0.282,0.15,0
38.18,-2.8436,1.467,90.0006,-3.8456,0.0,83.5949,,,,,,,,,,,,0.183,0.271,0.283,0.15,0
38.2,-2.8436,1.467,90.0006,-3.8456,0.0,83.5949,,,,,,,,,,,,0.183,0.271,0.283,0.15,0
38.22,-2.8436,1.467,90.0006,-3.8456,0.0,83.5949,,,,,,,,,,,,0.183,0.271,0.283,0.15,0
38.24,-2.8436,1.467,90.0006,-3.8456,0.0,83.5949,,,,,,,,,,,,0.183,0.271,0.283,0.15,0
38.26,-2.9944,0.8887,90.6833,-3.8338,0.0,83.5949,,,,,,,,,,,,0.183,0.271,0.283,0.15,0
38.28,-2.9944,0.8887,90.6833,-3.8338,0.0,83.5949,,,,,,,,,,,,0.197,0.171,0.216,0.15,0
38.3,-2.9944,0.8887,90.6833,-3.8338,0.0,83.5949,,,,,,,,,,,,0.197,0.171,0.216,0.15,0
38.32,-2.9944,0.8887,90.6833,-3.8338,0.0,83.5949,,,,,,,,,,,,0.197,0.171,0.216,0.15,0
38.34,-2.9944,0.8887,90.6833,-3.8338,0.0,83.5949,,,,,,,,,,,,0.197,0.171,0.216,0.15,0
38.36,-2.8804,0.881,90.2681,-3.7691,0.0,83.5949,,,,,,,,,,,,0.197,0.171,0.216,0.15,0
38.38,-2.8804,0.881,90.2681,-3.7691,0.0,83.5949,,,,,,,,,,,,0.245,0.17,0.15,0.17,0
38.4,-2.8804,0.881,90.2681,-3.7691,0.0,83.5949,,,,,,,,,,,,0.245,0.17,0.15,0.17,0
38.42,-2.8804,0.881,90.2681,-3.7691,0.0,83.5949,,,,,,,,,,,,0.245,0.17,0.15,0.17,0
38.44,-2.8804,0.881,90.2681,-3.7691,0.0,83.5949,,,,,,,,,,,,0.245,0.17,0.15,0.17,0
38.46,-2.9816,0.8909,90.7284,-3.6865,0.0,83.5949,,,,,,,,,,,,0.245,0.17,0.15,0.17,0
38.48,-2.9816,0.8909,90.7284,-3.6865,0.0,83.5949,,,,,,,,,,,,0.167,0.165,0.15,0.169,0
38.5,-2.9816,0.8909,90.7284,-3.6865,0.0,83.5949,,,,,,,,,,,,0.167,0.165,0.15,0.169,0
38.52,-2.9816,0.8909,90.7284,-3.6865,0.0,83.5949,,,,,,,,,,,,0.167,0.165,0.15,0.169,0
38.54,-2.9816,0.8909,90.7284,-3.6865,0.0,83.5949,,,,,,,,,,,,0.167,0.165,0.15,0.169,0
38.56,-2.89,0.8992,90.56,-4.0998,0.0,83.5949,,,,,,,,,,,,0.167,0.165,0.15,0.169,0
38.58,-2.89,0.8992,90.56,-4.0998,0.0,83.5949,,,,,,,,,,,,0.255,0.173,0.15,0.238,0
38.6,-2.89,0.8992,90.56,-4.0998,0.0,83.5949,,,,,,,,,,,,0.255,0.173,0.15,0.238,0
38.62,-2.89,0.8992,90.56,-4.0998,0.0,83.5949,,,,,,,,,,,,0.255,0.173,0.15,0.238,0
38.64,-2.89,0.8992,90.56,-4.0998,0.0,83.5949,,,,,,,,,,,,0.255,0.173,0.15,0.238,0
38.66,-2.8992,0.8947,90.8747,-4.7624,0.0,90.8747,,,,,,,,,,,,0.255,0.173,0.15,0.238,0
38.68,-2.8992,0.8947,90.8747,-4.7624,0.0,90.8747,,,,,,,,,,,,0.123,0.123,0.123,0.123,0
38.7,-2.8992,0.8947,90.8747,-4.7624,0.0,90.8747,,,,,,,,,,,,0.123,0.123,0.123,0.123,0
38.72,-2.8992,0.8947,90.8747,-4.7624,0.0,90.8747,,,,,,,,,,,,0.123,0.123,0.123,0.123,0
38.74,-2.8992,0.8947,90.8747,-4.7624,0.0,90.8747,,,,,,,,,,,,0.123,0.123,0.123,0.123,0
38.76,-2.9763,0.9271,90.8305,-3.9417,0.0,90.8305,,,,,,,,,,,,0.123,0.123,0.123,0.123,0
38.78,-2.9763,0.9271,90.8305,-3.9417,0.0,90.8305,,,,,,,,,,,,0.1,0.1,0.1,0.1,0
38.8,-2.9763,0.9271,90.8305,-3.9417,0.0,90.8305,,,,,,,,,,,,0.1,0.1,0.1,0.1,0
38.82,-2.9763,0.9271,90.8305,-3.9417,0.0,90.8305,,,,,,,,,,,,0.1,0.1,0.1,0.1,0
38.84,-2.9763,0.9271,90.8305,-3.9417,0.0,90.8305,,,,,,,,,,,,0.1,0.1,0.1,0.1,0
38.86,-2.9596,0.9294,91.0488,-2.9454,0.0,91.0488,,,,,,,,,,,,0.1,0.1,0.1,0.1,0
38.88,-2.9596,0.9294,91.0488,-2.9454,0.0,91.0488,,,,,,,,,,,,0.1,0.1,0.1,0.1,0
38.9,-2.9596,0.9294,91.0488,-2.9454,0.0,91.0488,,,,,,,,,,,,0.1,0.1,0.1,0.1,0
38.92,-2.9596,0.9294,91.0488,-2.9454,0.0,91.0488,,,,,,,,,,,,0.1,0.1,0.1,0.1,0
38.94,-2.9596,0.9294,91.0488,-2.9454,0.0,91.0488,,,,,,,,,,,,0.1,0.1,0.1,0.1,0
38.96,-2.9631,0.9127,91.1166,-2.1572,0.0,91.1166,,,,,,,,,,,,0.1,0.1,0.1,0.1,0
38.98,-2.9631,0.9127,91.1166,-2.1572,0.0,91.1166,,,,,,,,,,,,0.1,0.1,0.1,0.1,0
39.0,-2.9631,0.9127,91.1166,-2.1572,0.0,91.1166,,,,,,,,,,,,0.1,0.1,0.1,0.1,0
39.02,-2.9631,0.9127,91.1166,-2.1572,0.0,91.1166,,,,,,,,,,,,0.1,0.1,0.1,0.1,0
39.04,-2.9631,0.9127,91.1166,-2.1572,0.0,91.1166,,,,,,,,,,,,0.1,0.1,0.1,0.1,0
39.06,-2.935,0.9467,91.2457,-1.7427,0.0,91.2457,,,,,,,,,,,,0.1,0.1,0.1,0.1,0
39.08,-2.935,0.9467,91.2457,-1.7427,0.0,91.2457,,,,,,,,,,,,0.0,0.0,0.0,0.0,0
39.1,-2.935,0.9467,91.2457,-1.7427,0.0,91.2457,,,,,,,,,,,,0.0,0.0,0.0,0.0,0
39.12,-2.935,0.9467,91.2457,-1.7427,0.0,91.2457,,,,,,,,,,,,0.0,0.0,0.0,0.0,0
39.14,-2.935,0.9467,91.2457,-1.7427,0.0,91.2457,,,,,,,,,,,,0.0,0.0,0.0,0.0,0
39.16,-2.9181,0.9887,91.4151,-1.5148,0.0,91.4151,,,,,,,,,,,,0.0,0.0,0.0,0.0,0
39.18,-2.9181,0.9887,91.4151,-1.5148,0.0,91.4151,,,,,,,,,,,,0.0,0.0,0.0,0.0,0
39.2,-2.9181,0.9887,91.4151,-1.5148,0.0,91.4151,,,,,,,,,,,,0.0,0.0,0.0,0.0,0
39.22,-2.9181,0.9887,91.4151,-1.5148,0.0,91.4151,,,,,,,,,,,,0.0,0.0,0.0,0.0,0
39.24,-2.9181,0.9887,91.4151,-1.5148,0.0,91.4151,,,,,,,,,,,,0.0,0.0,0.0,0.0,0
39.26,-2.8488,0.9806,91.509,-1.3635,0.0,91.509,,,,,,,,,,,,0.0,0.0,0.0,0.0,0
39.28,-2.8488,0.9806,91.509,-1.3635,0.0,91.509,,,,,,,,,,,,0.0,0.0,0.0,0.0,0
39.3,-2.8488,0.9806,91.509,-1.3635,0.0,91.509,,,,,,,,,,,,0.0,0.0,0.0,0.0,0
39.32,-2.8488,0.9806,91.509,-1.3635,0.0,91.509,,,,,,,,,,,,0.0,0.0,0.0,0.0,0
39.34,-2.8488,0.9806,91.509,-1.3635,0.0,91.509,,,,,,,,,,,,0.0,0.0,0.0,0.0,0
39.36,-2.8669,1.0027,91.6814,-1.4256,0.0,91.6814,,,,,,,,,,,,0.0,0.0,0.0,0.0,0
39.38,-2.8669,1.0027,91.6814,-1.4256,0.0,91.6814,,,,,,,,,,,,0.0,0.0,0.0,0.0,0
39.4,-2.8669,1.0027,91.6814,-1.4256,0.0,91.6814,,,,,,,,,,,,0.0,0.0,0.0,0.0,0
39.42,-2.8669,1.0027,91.6814,-1.4256,0.0,91.6814,,,,,,,,,,,,0.0,0.0,0.0,0.0,0
39.44,-2.8669,1.0027,91.6814,-1.4256,0.0,91.6814,,,,,,,,,,,,0.0,0.0,0.0,0.0,0
39.46,-2.8806,1.0064,91.7485,-1.2151,0.0,91.7485,,,,,,,,,,,,0.0,0.0,0.0,0.0,0
39.48,-2.8806,1.0064,91.7485,-1.2151,0.0,91.7485,,,,,,,,,,,,0.0,0.0,0.0,0.0,0
39.5,-2.8806,1.0064,91.7485,-1.2151,0.0,91.7485,,,,,,,,,,,,0.0,0.0,0.0,0.0,0
39.52,-2.8806,1.0064,91.7485,-1.2151,0.0,91.7485,,,,,,,,,,,,0.0,0.0,0.0,0.0,0
39.54,-2.8806,1.0064,91.7485,-1.2151,0.0,91.7485,,,,,,,,,,,,0.0,0.0,0.0,0.0,0
39.56,-2.8824,1.0076,91.9166,-0.7641,0.0,91.9166,,,,,,,,,,,,0.0,0.0,0.0,0.0,0
39.58,-2.8824,1.0076,91.9166,-0.7641,0.0,91.9166,,,,,,,,,,,,0.0,0.0,0.0,0.0,0
39.6,-2.8824,1.0076,91.9166,-0.7641,0.0,91.9166,,,,,,,,,,,,0.0,0.0,0.0,0.0,0
39.62,-2.8824,1.0076,91.9166,-0.7641,0.0,91.9166,,,,,,,,,,,,0.0,0.0,0.0,0.0,0
39.64,-2.8824,1.0076,91.9166,-0.7641,0.0,91.9166,,,,,,,,,,,,0.0,0.0,0.0,0.0,0
39.66,-2.8794,1.0193,91.9997,-0.3901,0.0,91.9997,,,,,,,,,,,,0.0,0.0,0.0,0.0,0
39.68,-2.8794,1.0193,91.9997,-0.3901,0.0,91.9997,,,,,,,,,,,,0.0,0.0,0.0,0.0,0
39.7,-2.8794,1.0193,91.9997,-0.3901,0.0,91.9997,,,,,,,,,,,,0.0,0.0,0.0,0.0,0
39.72,-2.8794,1.0193,91.9997,-0.3901,0.0,91.9997,,,,,,,,,,,,0.0,0.0,0.0,0.0,0
39.74,-2.8794,1.0193,91.9997,-0.3901,0.0,91.9997,,,,,,,,,,,,0.0,0.0,0.0,0.0,0
39.76,-2.8888,1.0343,92.164,-0.1992,0.0,92.164,,,,,,,,,,,,0.0,0.0,0.0,0.0,0
39.78,-2.8888,1.0343,92.164,-0.1992,0.0,92.164,,,,,,,,,,,,0.0,0.0,0.0,0.0,0
39.8,-2.8888,1.0343,92.164,-0.1992,0.0,92.164,,,,,,,,,,,,0.0,0.0,0.0,0.0,0
39.82,-2.8888,1.0343,92.164,-0.1992,0.0,92.164,,,,,,,,,,,,0.0,0.0,0.0,0.0,0
39.84,-2.8888,1.0343,92.164,-0.1992,0.0,92.164,,,,,,,,,,,,0.0,0.0,0.0,0.0,0
39.86,-2.896,1.0582,92.2556,-0.1017,0.0,92.2557,,,,,,,,,,,,0.0,0.0,0.0,0.0,0
39.88,-2.896,1.0582,92.2556,-0.1017,0.0,92.2557,,,,,,,,,,,,0.0,0.0,0.0,0.0,0
39.9,-2.896,1.0582,92.2556,-0.1017,0.0,92.2557,,,,,,,,,,,,0.0,0.0,0.0,0.0,0
39.92,-2.896,1.0582,92.2556,-0.1017,0.0,92.2557,,,,,,,,,,,,0.0,0.0,0.0,0.0,0
39.94,-2.896,1.0582,92.2556,-0.1017,0.0,92.2557,,,,,,,,,,,,0.0,0.0,0.0,0.0,0
39.96,-2.9088,1.0858,92.4117,-0.0519,0.0,92.4117,,,,,,,,,,,,0.0,0.0,0.0,0.0,0
39.98,-2.9088,1.0858,92.4117,-0.0519,0.0,92.4117,,,,,,,,,,,,0.0,0.0,0.0,0.0,0
40.0,-2.9088,1.0858,92.4117,-0.0519,0.0,92.4117,,,,,,,,,,,,0.0,0.0,0.0,0.0,0
40.02,-2.9088,1.0858,92.4117,-0.0519,0.0,92.4117,,,,,,,,,,,,0.0,0.0,0.0,0.0,0
40.04,-2.9088,1.0858,92.4117,-0.0519,0.0,92.4117,,,,,,,,,,,,0.0,0.0,0.0,0.0,0
40.06,-2.909,1.1083,92.4575,-0.0265,0.0,92.4575,,,,,,,,,,,,0.0,0.0,0.0,0.0,0
40.08,-2.909,1.1083,92.4575,-0.0265,0.0,92.4575,,,,,,,,,,,,0.0,0.0,0.0,0.0,0
40.1,-2.909,1.1083,92.4575,-0.0265,0.0,92.4575,,,,,,,,,,,,0.0,0.0,0.0,0.0,0
40.12,-2.909,1.1083,92.4575,-0.0265,0.0,92.4575,,,,,,,,,,,,0.0,0.0,0.0,0.0,0
40.14,-2.909,1.1083,92.4575,-0.0265,0.0,92.4575,,,,,,,,,,,,0.0,0.0,0.0,0.0,0
40.16,-2.9107,1.1333,92.6454,-0.0135,0.0,92.6454,,,,,,,,,,,,0.0,0.0,0.0,0.0,0
40.18,-2.9107,1.1333,92.6454,-0.0135,0.0,92.6454,,,,,,,,,,,,0.0,0.0,0.0,0.0,0
40.2,-2.9107,1.1333,92.6454,-0.0135,0.0,92.6454,,,,,,,,,,,,0.0,0.0,0.0,0.0,0
40.22,-2.9107,1.1333,92.6454,-0.0135,0.0,92.6454,,,,,,,,,,,,0.0,0.0,0.0,0.0,0
40.24,-2.9107,1.1333,92.6454,-0.0135,0.0,92.6454,,,,,,,,,,,,0.0,0.0,0.0,0.0,0
40.26,-2.9228,1.1586,92.677,-0.0069,0.0,92.677,,,,,,,,,,,,0.0,0.0,0.0,0.0,0
40.28,-2.9228,1.1586,92.677,-0.0069,0.0,92.677,,,,,,,,,,,,0.0,0.0,0.0,0.0,0
40.3,-2.9228,1.1586,92.677,-0.0069,0.0,92.677,,,,,,,,,,,,0.0,0.0,0.0,0.0,0
40.32,-2.9228,1.1586,92.677,-0.0069,0.0,92.677,,,,,,,,,,,,0.0,0.0,0.0,0.0,0
40.34,-2.9228,1.1586,92.677,-0.0069,0.0,92.677,,,,,,,,,,,,0.0,0.0,0.0,0.0,0
40.36,-2.9374,1.1829,92.8846,-0.0035,0.0,92.8846,,,,,,,,,,,,0.0,0.0,0.0,0.0,0
40.38,-2.9374,1.1829,92.8846,-0.0035,0.0,92.8846,,,,,,,,,,,,0.0,0.0,0.0,0.0,0
40.4,-2.9374,1.1829,92.8846,-0.0035,0.0,92.8846,,,,,,,,,,,,0.0,0.0,0.0,0.0,0
40.42,-2.9374,1.1829,92.8846,-0.0035,0.0,92.8846,,,,,,,,,,,,0.0,0.0,0.0,0.0,0
40.44,-2.9374,1.1829,92.8846,-0.0035,0.0,92.8846,,,,,,,,,,,,0.0,0.0,0.0,0.0,0
40.46,-2.9405,1.2052,92.8998,-0.0018,0.0,92.8998,,,,,,,,,,,,0.0,0.0,0.0,0.0,0
40.48,-2.9405,1.2052,92.8998,-0.0018,0.0,92.8998,,,,,,,,,,,,0.0,0.0,0.0,0.0,0
40.5,-2.9405,1.2052,92.8998,-0.0018,0.0,92.8998,,,,,,,,,,,,0.0,0.0,0.0,0.0,0
40.52,-2.9405,1.2052,92.8998,-0.0018,0.0,92.8998,,,,,,,,,,,,0.0,0.0,0.0,0.0,0
40.54,-2.9405,1.2052,92.8998,-0.0018,0.0,92.8998,,,,,,,,,,,,0.0,0.0,0.0,0.0,0
40.56,-2.9552,1.2223,93.1058,-0.0009,0.0,93.1058,,,,,,,,,,,,0.0,0.0,0.0,0.0,0
40.58,-2.9552,1.2223,93.1058,-0.0009,0.0,93.1058,,,,,,,,,,,,0.0,0.0,0.0,0.0,0
40.6,-2.9552,1.2223,93.1058,-0.0009,0.0,93.1058,,,,,,,,,,,,0.0,0.0,0.0,0.0,0
40.62,-2.9552,1.2223,93.1058,-0.0009,0.0,93.1058,,,,,,,,,,,,0.0,0.0,0.0,0.0,0
40.64,-2.9552,1.2223,93.1058,-0.0009,0.0,93.1058,,,,,,,,,,,,0.0,0.0,0.0,0.0,0
40.66,-2.9614,1.2333,93.1435,-0.0005,0.0,93.1435,,,,,,,,,,,,0.0,0.0,0.0,0.0,0
40.68,-2.9614,1.2333,93.1435,-0.0005,0.0,93.1435,,,,,,,,,,,,0.0,0.0,0.0,0.0,0
40.7,-2.9614,1.2333,93.1435,-0.0005,0.0,93.1435,,,,,,,,,,,,0.0,0.0,0.0,0.0,0
40.72,-2.9614,1.2333,93.1435,-0.0005,0.0,93.1435,,,,,,,,,,,,0.0,0.0,0.0,0.0,0
40.74,-2.9614,1.2333,93.1435,-0.0005,0.0,93.1435,,,,,,,,,,,,0.0,0.0,0.0,0.0,0
40.76,-2.9722,1.2444,93.3098,-0.0004,0.0,93.3098,,,,,,,,,,,,0.0,0.0,0.0,0.0,0
40.78,-2.9722,1.2444,93.3098,-0.0004,0.0,93.3098,,,,,,,,,,,,0.0,0.0,0.0,0.0,0
40.8,-2.9722,1.2444,93.3098,-0.0004,0.0,93.3098,,,,,,,,,,,,0.0,0.0,0.0,0.0,0
40.82,-2.9722,1.2444,93.3098,-0.0004,0.0,93.3098,,,,,,,,,,,,0.0,0.0,0.0,0.0,0
40.84,-2.9722,1.2444,93.3098,-0.0004,0.0,93.3098,,,,,,,,,,,,0.0,0.0,0.0,0.0,0
40.86,-2.9806,1.2522,93.3496,-0.0004,0.0,93.3496,,,,,,,,,,,,0.0,0.0,0.0,0.0,0
40.88,-2.9806,1.2522,93.3496,-0.0004,0.0,93.3496,,,,,,,,,,,,0.0,0.0,0.0,0.0,0
40.9,-2.9806,1.2522,93.3496,-0.0004,0.0,93.3496,,,,,,,,,,,,0.0,0.0,0.0,0.0,0
40.92,-2.9806,1.2522,93.3496,-0.0004,0.0,93.3496,,,,,,,,,,,,0.0,0.0,0.0,0.0,0
40.94,-2.9806,1.2522,93.3496,-0.0004,0.0,93.3496,,,,,,,,,,,,0.0,0.0,0.0,0.0,0
40.96,-2.9884,1.2514,93.5338,-0.0004,0.0,93.5338,,,,,,,,,,,,0.0,0.0,0.0,0.0,0
40.98,-2.9884,1.2514,93.5338,-0.0004,0.0,93.5338,,,,,,,,,,,,0.0,0.0,0.0,0.0,0
41.0,-2.9884,1.2514,93.5338,-0.0004,0.0,93.5338,,,,,,,,,,,,0.0,0.0,0.0,0.0,0
41.02,-2.9884,1.2514,93.5338,-0.0004,0.0,93.5338,,,,,,,,,,,,0.0,0.0,0.0,0.0,0
41.04,-2.9884,1.2514,93.5338,-0.0004,0.0,93.5338,,,,,,,,,,,,0.0,0.0,0.0,0.0,0
41.06,-2.9837,1.2512,93.5465,-0.0004,0.0,93.5465,,,,,,,,,,,,0.0,0.0,0.0,0.0,0
41.08,-2.9837,1.2512,93.5465,-0.0004,0.0,93.5465,,,,,,,,,,,,0.0,0.0,0.0,0.0,0
41.1,-2.9837,1.2512,93.5465,-0.0004,0.0,93.5465,,,,,,,,,,,,0.0,0.0,0.0,0.0,0
41.12,-2.9837,1.2512,93.5465,-0.0004,0.0,93.5465,,,,,,,,,,,,0.0,0.0,0.0,0.0,0
41.14,-2.9837,1.2512,93.5465,-0.0004,0.0,93.5465,,,,,,,,,,,,0.0,0.0,0.0,0.0,0
41.16,-2.9936,1.2531,93.7258,-0.0004,0.0,93.7258,,,,,,,,,,,,0.0,0.0,0.0,0.0,0
41.18,-2.9936,1.2531,93.7258,-0.0004,0.0,93.7258,,,,,,,,,,,,0.0,0.0,0.0,0.0,0
41.2,-2.9936,1.2531,93.7258,-0.0004,0.0,93.7258,,,,,,,,,,,,0.0,0.0,0.0,0.0,0
41.22,-2.9936,1.2531,93.7258,-0.0004,0.0,93.7258,,,,,,,,,,,,0.0,0.0,0.0,0.0,0
41.24,-2.9936,1.2531,93.7258,-0.0004,0.0,93.7258,,,,,,,,,,,,0.0,0.0,0.0,0.0,0
41.26,-2.9963,1.2544,93.7568,-0.0004,0.0,93.7568,,,,,,,,,,,,0.0,0.0,0.0,0.0,0
41.28,-2.9963,1.2544,93.7568,-0.0004,0.0,93.7568,,,,,,,,,,,,0.0,0.0,0.0,0.0,0
41.3,-2.9963,1.2544,93.7568,-0.0004,0.0,93.7568,,,,,,,,,,,,0.0,0.0,0.0,0.0,0
41.32,-2.9963,1.2544,93.7568,-0.0004,0.0,93.7568,,,,,,,,,,,,0.0,0.0,0.0,0.0,0
41.34,-2.9963,1.2544,93.7568,-0.0004,0.0,93.7568,,,,,,,,,,,,0.0,0.0,0.0,0.0,0
41.36,-3.0019,1.2501,93.9273,-0.0004,0.0,93.9273,,,,,,,,,,,,0.0,0.0,0.0,0.0,0
41.38,-3.0019,1.2501,93.9273,-0.0004,0.0,93.9273,,,,,,,,,,,,0.0,0.0,0.0,0.0,0
41.4,-3.0019,1.2501,93.9273,-0.0004,0.0,93.9273,,,,,,,,,,,,0.0,0.0,0.0,0.0,0
41.42,-3.0019,1.2501,93.9273,-0.0004,0.0,93.9273,,,,,,,,,,,,0.0,0.0,0.0,0.0,0
41.44,-3.0019,1.2501,93.9273,-0.0004,0.0,93.9273,,,,,,,,,,,,0.0,0.0,0.0,0.0,0
41.46,-3.0044,1.2467,93.9657,-0.0004,0.0,93.9657,,,,,,,,,,,,0.0,0.0,0.0,0.0,0
41.48,-3.0044,1.2467,93.9657,-0.0004,0.0,93.9657,,,,,,,,,,,,0.0,0.0,0.0,0.0,0
41.5,-3.0044,1.2467,93.9657,-0.0004,0.0,93.9657,,,,,,,,,,,,0.0,0.0,0.0,0.0,0
41.52,-3.0044,1.2467,93.9657,-0.0004,0.0,93.9657,,,,,,,,,,,,0.0,0.0,0.0,0.0,0
41.54,-3.0044,1.2467,93.9657,-0.0004,0.0,93.9657,,,,,,,,,,,,0.0,0.0,0.0,0.0,0
41.56,-3.0118,1.2428,94.1227,-0.0004,0.0,94.1227,,,,,,,,,,,,0.0,0.0,0.0,0.0,0
41.58,-3.0118,1.2428,94.1227,-0.0004,0.0,94.1227,,,,,,,,,,,,0.0,0.0,0.0,0.0,0
41.6,-3.0118,1.2428,94.1227,-0.0004,0.0,94.1227,,,,,,,,,,,,0.0,0.0,0.0,0.0,0
41.62,-3.0118,1.2428,94.1227,-0.0004,0.0,94.1227,,,,,,,,,,,,0.0,0.0,0.0,0.0,0
41.64,-3.0118,1.2428,94.1227,-0.0004,0.0,94.1227,,,,,,,,,,,,0.0,0.0,0.0,0.0,0
41.66,-3.009,1.2376,94.1658,-0.0004,0.0,94.1658,,,,,,,,,,,,0.0,0.0,0.0,0.0,0
41.68,-3.009,1.2376,94.1658,-0.0004,0.0,94.1658,,,,,,,,,,,,0.0,0.0,0.0,0.0,0
41.7,-3.009,1.2376,94.1658,-0.0004,0.0,94.1658,,,,,,,,,,,,0.0,0.0,0.0,0.0,0
41.72,-3.009,1.2376,94.1658,-0.0004,0.0,94.1658,,,,,,,,,,,,0.0,0.0,0.0,0.0,0
41.74,-3.009,1.2376,94.1658,-0.0004,0.0,94.1658,,,,,,,,,,,,0.0,0.0,0.0,0.0,0
41.76,-3.0148,1.2305,94.3211,-0.0004,0.0,94.3211,,,,,,,,,,,,0.0,0.0,0.0,0.0,0
41.78,-3.0148,1.2305,94.3211,-0.0004,0.0,94.3211,,,,,,,,,,,,0.0,0.0,0.0,0.0,0
41.8,-3.0148,1.2305,94.3211,-0.0004,0.0,94.3211,,,,,,,,,,,,0.0,0.0,0.0,0.0,0
41.82,-3.0148,1.2305,94.3211,-0.0004,0.0,94.3211,,,,,,,,,,,,0.0,0.0,0.0,0.0,0
41.84,-3.0148,1.2305,94.3211,-0.0004,0.0,94.3211,,,,,,,,,,,,0.0,0.0,0.0,0.0,0
41.86,-3.0117,1.2239,94.3617,-0.0004,0.0,94.3617,,,,,,,,,,,,0.0,0.0,0.0,0.0,0
41.88,-3.0117,1.2239,94.3617,-0.0004,0.0,94.3617,,,,,,,,,,,,0.0,0.0,0.0,0.0,0
41.9,-3.0117,1.2239,94.3617,-0.0004,0.0,94.3617,,,,,,,,,,,,0.0,0.0,0.0,0.0,0
41.92,-3.0117,1.2239,94.3617,-0.0004,0.0,94.3617,,,,,,,,,,,,0.0,0.0,0.0,0.0,0
41.94,-3.0117,1.2239,94.3617,-0.0004,0.0,94.3617,,,,,,,,,,,,0.0,0.0,0.0,0.0,0
41.96,-3.017,1.2194,94.5128,-0.0004,0.0,94.5128,,,,,,,,,,,,0.0,0.0,0.0,0.0,0
41.98,-3.017,1.2194,94.5128,-0.0004,0.0,94.5128,,,,,,,,,,,,0.0,0.0,0.0,0.0,0
42.0,-3.017,1.2194,94.5128,-0.0004,0.0,94.5128,,,,,,,,,,,,0.0,0.0,0.0,0.0,0
42.02,-3.017,1.2194,94.5128,-0.0004,0.0,94.5128,,,,,,,,,,,,0.0,0.0,0.0,0.0,0
42.04,-3.017,1.2194,94.5128,-0.0004,0.0,94.5128,,,,,,,,,,,,0.0,0.0,0.0,0.0,0
42.06,-3.0161,1.2097,94.5636,-0.0004,0.0,94.5636,,,,,,,,,,,,0.0,0.0,0.0,0.0,0
42.08,-3.0161,1.2097,94.5636,-0.0004,0.0,94.5636,,,,,,,,,,,,0.0,0.0,0.0,0.0,0
42.1,-3.0161,1.2097,94.5636,-0.0004,0.0,94.5636,,,,,,,,,,,,0.0,0.0,0.0,0.0,0
42.12,-3.0161,1.2097,94.5636,-0.0004,0.0,94.5636,,,,,,,,,,,,0.0,0.0,0.0,0.0,0
42.14,-3.0161,1.2097,94.5636,-0.0004,0.0,94.5636,,,,,,,,,,,,0.0,0.0,0.0,0.0,0
42.16,-3.0164,1.1958,94.7038,-0.0004,0.0,94.7038,,,,,,,,,,,,0.0,0.0,0.0,0.0,0
42.18,-3.0164,1.1958,94.7038,-0.0004,0.0,94.7038,,,,,,,,,,,,0.0,0.0,0.0,0.0,0
42.2,-3.0164,1.1958,94.7038,-0.0004,0.0,94.7038,,,,,,,,,,,,0.0,0.0,0.0,0.0,0
42.22,-3.0164,1.1958,94.7038,-0.0004,0.0,94.7038,,,,,,,,,,,,0.0,0.0,0.0,0.0,0
42.24,-3.0164,1.1958,94.7038,-0.0004,0.0,94.7038,,,,,,,,,,,,0.0,0.0,0.0,0.0,0
42.26,-3.0159,1.1913,94.7507,-0.0004,0.0,94.7507,,,,,,,,,,,,0.0,0.0,0.0,0.0,0
42.28,-3.0159,1.1913,94.7507,-0.0004,0.0,94.7507,,,,,,,,,,,,0.0,0.0,0.0,0.0,0
42.3,-3.0159,1.1913,94.7507,-0.0004,0.0,94.7507,,,,,,,,,,,,0.0,0.0,0.0,0.0,0
42.32,-3.0159,1.1913,94.7507,-0.0004,0.0,94.7507,,,,,,,,,,,,0.0,0.0,0.0,0.0,0
42.34,-3.0159,1.1913,94.7507,-0.0004,0.0,94.7507,,,,,,,,,,,,0.0,0.0,0.0,0.0,0
42.36,-3.0186,1.1858,94.8874,-0.0004,0.0,94.8874,,,,,,,,,,,,0.0,0.0,0.0,0.0,0
42.38,-3.0186,1.1858,94.8874,-0.0004,0.0,94.8874,,,,,,,,,,,,0.0,0.0,0.0,0.0,0
42.4,-3.0186,1.1858,94.8874,-0.0004,0.0,94.8874,,,,,,,,,,,,0.0,0.0,0.0,0.0,0
42.42,-3.0186,1.1858,94.8874,-0.0004,0.0,94.8874,,,,,,,,,,,,0.0,0.0,0.0,0.0,0
42.44,-3.0186,1.1858,94.8874,-0.0004,0.0,94.8874,,,,,,,,,,,,0.0,0.0,0.0,0.0,0
42.46,-3.0163,1.1777,94.9402,-0.0004,0.0,94.9402,,,,,,,,,,,,0.0,0.0,0.0,0.0,0
42.48,-3.0163,1.1777,94.9402,-0.0004,0.0,94.9402,,,,,,,,,,,,0.0,0.0,0.0,0.0,0
42.5,-3.0163,1.1777,94.9402,-0.0004,0.0,94.9402,,,,,,,,,,,,0.0,0.0,0.0,0.0,0
42.52,-3.0163,1.1777,94.9402,-0.0004,0.0,94.9402,,,,,,,,,,,,0.0,0.0,0.0,0.0,0
42.54,-3.0163,1.1777,94.9402,-0.0004,0.0,94.9402,,,,,,,,,,,,0.0,0.0,0.0,0.0,0
42.56,-3.0179,1.174,95.0728,-0.0004,0.0,95.0728,,,,,,,,,,,,0.0,0.0,0.0,0.0,0
42.58,-3.0179,1.174,95.0728,-0.0004,0.0,95.0728,,,,,,,,,,,,0.0,0.0,0.0,0.0,0
42.6,-3.0179,1.174,95.0728,-0.0004,0.0,95.0728,,,,,,,,,,,,0.0,0.0,0.0,0.0,0
42.62,-3.0179,1.174,95.0728,-0.0004,0.0,95.0728,,,,,,,,,,,,0.0,0.0,0.0,0.0,0
42.64,-3.0179,1.174,95.0728,-0.0004,0.0,95.0728,,,,,,,,,,,,0.0,0.0,0.0,0.0,0
42.66,-3.0147,1.1667,95.1246,-0.0004,0.0,95.1246,,,,,,,,,,,,0.0,0.0,0.0,0.0,0
42.68,-3.0147,1.1667,95.1246,-0.0004,0.0,95.1246,,,,,,,,,,,,0.0,0.0,0.0,0.0,0
42.7,-3.0147,1.1667,95.1246,-0.0004,0.0,95.1246,,,,,,,,,,,,0.0,0.0,0.0,0.0,0
42.72,-3.0147,1.1667,95.1246,-0.0004,0.0,95.1246,,,,,,,,,,,,0.0,0.0,0.0,0.0,0
42.74,-3.0147,1.1667,95.1246,-0.0004,0.0,95.1246,,,,,,,,,,,,0.0,0.0,0.0,0.0,0
42.76,-3.0148,1.1579,95.2534,-0.0004,0.0,95.2534,,,,,,,,,,,,0.0,0.0,0.0,0.0,0
42.78,-3.0148,1.1579,95.2534,-0.0004,0.0,95.2534,,,,,,,,,,,,0.0,0.0,0.0,0.0,0
42.8,-3.0148,1.1579,95.2534,-0.0004,0.0,95.2534,,,,,,,,,,,,0.0,0.0,0.0,0.0,0
42.82,-3.0148,1.1579,95.2534,-0.0004,0.0,95.2534,,,,,,,,,,,,0.0,0.0,0.0,0.0,0
42.84,-3.0148,1.1579,95.2534,-0.0004,0.0,95.2534,,,,,,,,,,,,0.0,0.0,0.0,0.0,0
42.86,-3.0138,1.1496,95.306,-0.0004,0.0,95.306,,,,,,,,,,,,0.0,0.0,0.0,0.0,0
42.88,-3.0138,1.1496,95.306,-0.0004,0.0,95.306,,,,,,,,,,,,0.0,0.0,0.0,0.0,0
42.9,-3.0138,1.1496,95.306,-0.0004,0.0,95.306,,,,,,,,,,,,0.0,0.0,0.0,0.0,0
42.92,-3.0138,1.1496,95.306,-0.0004,0.0,95.306,,,,,,,,,,,,0.0,0.0,0.0,0.0,0
42.94,-3.0138,1.1496,95.306,-0.0004,0.0,95.306,,,,,,,,,,,,0.0,0.0,0.0,0.0,0
42.96,-3.0122,1.1454,95.4255,-0.0004,0.0,95.4255,,,,,,,,,,,,0.0,0.0,0.0,0.0,0
42.98,-3.0122,1.1454,95.4255,-0.0004,0.0,95.4255,,,,,,,,,,,,0.0,0.0,0.0,0.0,0
43.0,-3.0122,1.1454,95.4255,-0.0004,0.0,95.4255,,,,,,,,,,,,0.0,0.0,0.0,0.0,0
43.02,-3.0122,1.1454,95.4255,-0.0004,0.0,95.4255,,,,,,,,,,,,0.0,0.0,0.0,0.0,0
43.04,-3.0122,1.1454,95.4255,-0.0004,0.0,95.4255,,,,,,,,,,,,0.0,0.0,0.0,0.0,0
43.06,-3.0102,1.1392,95.4856,-0.0004,0.0,95.4856,,,,,,,,,,,,0.0,0.0,0.0,0.0,0
43.08,-3.0102,1.1392,95.4856,-0.0004,0.0,95.4856,,,,,,,,,,,,0.0,0.0,0.0,0.0,0
43.1,-3.0102,1.1392,95.4856,-0.0004,0.0,95.4856,,,,,,,,,,,,0.0,0.0,0.0,0.0,0
43.12,-3.0102,1.1392,95.4856,-0.0004,0.0,95.4856,,,,,,,,,,,,0.0,0.0,0.0,0.0,0
43.14,-3.0102,1.1392,95.4856,-0.0004,0.0,95.4856,,,,,,,,,,,,0.0,0.0,0.0,0.0,0
43.16,-3.0117,1.1348,95.6063,-0.0004,0.0,95.6063,,,,,,,,,,,,0.0,0.0,0.0,0.0,0
43.18,-3.0117,1.1348,95.6063,-0.0004,0.0,95.6063,,,,,,,,,,,,0.0,0.0,0.0,0.0,0
43.2,-3.0117,1.1348,95.6063,-0.0004,0.0,95.6063,,,,,,,,,,,,0.0,0.0,0.0,0.0,0
43.22,-3.0117,1.1348,95.6063,-0.0004,0.0,95.6063,,,,,,,,,,,,0.0,0.0,0.0,0.0,0
43.24,-3.0117,1.1348,95.6063,-0.0004,0.0,95.6063,,,,,,,,,,,,0.0,0.0,0.0,0.0,0
43.26,-3.0087,1.1296,95.6668,-0.0004,0.0,95.6668,,,,,,,,,,,,0.0,0.0,0.0,0.0,0
43.28,-3.0087,1.1296,95.6668,-0.0004,0.0,95.6668,,,,,,,,,,,,0.0,0.0,0.0,0.0,0
43.3,-3.0087,1.1296,95.6668,-0.0004,0.0,95.6668,,,,,,,,,,,,0.0,0.0,0.0,0.0,0
43.32,-3.0087,1.1296,95.6668,-0.0004,0.0,95.6668,,,,,,,,,,,,0.0,0.0,0.0,0.0,0
43.34,-3.0087,1.1296,95.6668,-0.0004,0.0,95.6668,,,,,,,,,,,,0.0,0.0,0.0,0.0,0
43.36,-3.0105,1.122,95.7798,-0.0004,0.0,95.7798,,,,,,,,,,,,0.0,0.0,0.0,0.0,0
43.38,-3.0105,1.122,95.7798,-0.0004,0.0,95.7798,,,,,,,,,,,,0.0,0.0,0.0,0.0,0
43.4,-3.0105,1.122,95.7798,-0.0004,0.0,95.7798,,,,,,,,,,,,0.0,0.0,0.0,0.0,0
43.42,-3.0105,1.122,95.7798,-0.0004,0.0,95.7798,,,,,,,,,,,,0.0,0.0,0.0,0.0,0
43.44,-3.0105,1.122,95.7798,-0.0004,0.0,95.7798,,,,,,,,,,,,0.0,0.0,0.0,0.0,0
43.46,-3.0115,1.1201,95.8425,-0.0004,0.0,95.8425,,,,,,,,,,,,0.0,0.0,0.0,0.0,0
43.48,-3.0115,1.1201,95.8425,-0.0004,0.0,95.8425,,,,,,,,,,,,0.0,0.0,0.0,0.0,0
43.5,-3.0115,1.1201,95.8425,-0.0004,0.0,95.8425,,,,,,,,,,,,0.0,0.0,0.0,0.0,0
43.52,-3.0115,1.1201,95.8425,-0.0004,0.0,95.8425,,,,,,,,,,,,0.0,0.0,0.0,0.0,0
43.54,-3.0115,1.1201,95.8425,-0.0004,0.0,95.8425,,,,,,,,,,,,0.0,0.0,0.0,0.0,0
43.56,-3.0109,1.1166,95.9519,-0.0004,0.0,95.9519,,,,,,,,,,,,0.0,0.0,0.0,0.0,0
43.58,-3.0109,1.1166,95.9519,-0.0004,0.0,95.9519,,,,,,,,,,,,0.0,0.0,0.0,0.0,0
43.6,-3.0109,1.1166,95.9519,-0.0004,0.0,95.9519,,,,,,,,,,,,0.0,0.0,0.0,0.0,0
43.62,-3.0109,1.1166,95.9519,-0.0004,0.0,95.9519,,,,,,,,,,,,0.0,0.0,0.0,0.0,0
43.64,-3.0109,1.1166,95.9519,-0.0004,0.0,95.9519,,,,,,,,,,,,0.0,0.0,0.0,0.0,0
43.66,-3.0072,1.1088,96.0098,-0.0004,0.0,96.0098,,,,,,,,,,,,0.0,0.0,0.0,0.0,0
43.68,-3.0072,1.1088,96.0098,-0.0004,0.0,96.0098,,,,,,,,,,,,0.0,0.0,0.0,0.0,0
43.7,-3.0072,1.1088,96.0098,-0.0004,0.0,96.0098,,,,,,,,,,,,0.0,0.0,0.0,0.0,0
43.72,-3.0072,1.1088,96.0098,-0.0004,0.0,96.0098,,,,,,,,,,,,0.0,0.0,0.0,0.0,0
43.74,-3.0072,1.1088,96.0098,-0.0004,0.0,96.0098,,,,,,,,,,,,0.0,0.0,0.0,0.0,0
43.76,-3.0103,1.1012,96.1214,-0.0004,0.0,96.1214,,,,,,,,,,,,0.0,0.0,0.0,0.0,0
43.78,-3.0103,1.1012,96.1214,-0.0004,0.0,96.1214,,,,,,,,,,,,0.0,0.0,0.0,0.0,0
43.8,-3.0103,1.1012,96.1214,-0.0004,0.0,96.1214,,,,,,,,,,,,0.0,0.0,0.0,0.0,0
43.82,-3.0103,1.1012,96.1214,-0.0004,0.0,96.1214,,,,,,,,,,,,0.0,0.0,0.0,0.0,0
43.84,-3.0103,1.1012,96.1214,-0.0004,0.0,96.1214,,,,,,,,,,,,0.0,0.0,0.0,0.0,0
43.86,-3.01,1.0968,96.187,-0.0004,0.0,96.187,,,,,,,,,,,,0.0,0.0,0.0,0.0,0
43.88,-3.01,1.0968,96.187,-0.0004,0.0,96.187,,,,,,,,,,,,0.0,0.0,0.0,0.0,0
43.9,-3.01,1.0968,96.187,-0.0004,0.0,96.187,,,,,,,,,,,,0.0,0.0,0.0,0.0,0
43.92,-3.01,1.0968,96.187,-0.0004,0.0,96.187,,,,,,,,,,,,0.0,0.0,0.0,0.0,0
43.94,-3.01,1.0968,96.187,-0.0004,0.0,96.187,,,,,,,,,,,,0.0,0.0,0.0,0.0,0
43.96,-3.0093,1.0869,96.2831,-0.0004,0.0,96.2831,,,,,,,,,,,,0.0,0.0,0.0,0.0,0
43.98,-3.0093,1.0869,96.2831,-0.0004,0.0,96.2831,,,,,,,,,,,,0.0,0.0,0.0,0.0,0
44.0,-3.0093,1.0869,96.2831,-0.0004,0.0,96.2831,,,,,,,,,,,,0.0,0.0,0.0,0.0,0
44.02,-3.0093,1.0869,96.2831,-0.0004,0.0,96.2831,,,,,,,,,,,,0.0,0.0,0.0,0.0,0
44.04,-3.0093,1.0869,96.2831,-0.0004,0.0,96.2831,,,,,,,,,,,,0.0,0.0,0.0,0.0,0
44.06,-3.0053,1.0849,96.3477,-0.0004,0.0,96.3477,,,,,,,,,,,,0.0,0.0,0.0,0.0,0
44.08,-3.0053,1.0849,96.3477,-0.0004,0.0,96.3477,,,,,,,,,,,,0.0,0.0,0.0,0.0,0
44.1,-3.0053,1.0849,96.3477,-0.0004,0.0,96.3477,,,,,,,,,,,,0.0,0.0,0.0,0.0,0
44.12,-3.0053,1.0849,96.3477,-0.0004,0.0,96.3477,,,,,,,,,,,,0.0,0.0,0.0,0.0,0
44.14,-3.0053,1.0849,96.3477,-0.0004,0.0,96.3477,,,,,,,,,,,,0.0,0.0,0.0,0.0,0
44.16,-3.0049,1.0781,96.4446,-0.0004,0.0,96.4446,,,,,,,,,,,,0.0,0.0,0.0,0.0,0
44.18,-3.0049,1.0781,96.4446,-0.0004,0.0,96.4446,,,,,,,,,,,,0.0,0.0,0.0,0.0,0
44.2,-3.0049,1.0781,96.4446,-0.0004,0.0,96.4446,,,,,,,,,,,,0.0,0.0,0.0,0.0,0
44.22,-3.0049,1.0781,96.4446,-0.0004,0.0,96.4446,,,,,,,,,,,,0.0,0.0,0.0,0.0,0
44.24,-3.0049,1.0781,96.4446,-0.0004,0.0,96.4446,,,,,,,,,,,,0.0,0.0,0.0,0.0,0
44.26,-2.998,1.0683,96.5019,-0.0004,0.0,96.5019,,,,,,,,,,,,0.0,0.0,0.0,0.0,0
44.28,-2.998,1.0683,96.5019,-0.0004,0.0,96.5019,,,,,,,,,,,,0.0,0.0,0.0,0.0,0
44.3,-2.998,1.0683,96.5019,-0.0004,0.0,96.5019,,,,,,,,,,,,0.0,0.0,0.0,0.0,0
44.32,-2.998,1.0683,96.5019,-0.0004,0.0,96.5019,,,,,,,,,,,,0.0,0.0,0.0,0.0,0
44.34,-2.998,1.0683,96.5019,-0.0004,0.0,96.5019,,,,,,,,,,,,0.0,0.0,0.0,0.0,0
44.36,-3.0006,1.0597,96.6011,-0.0004,0.0,96.601,,,,,,,,,,,,0.0,0.0,0.0,0.0,0
44.38,-3.0006,1.0597,96.6011,-0.0004,0.0,96.601,,,,,,,,,,,,0.0,0.0,0.0,0.0,0
44.4,-3.0006,1.0597,96.6011,-0.0004,0.0,96.601,,,,,,,,,,,,0.0,0.0,0.0,0.0,0
44.42,-3.0006,1.0597,96.6011,-0.0004,0.0,96.601,,,,,,,,,,,,0.0,0.0,0.0,0.0,0
44.44,-3.0006,1.0597,96.6011,-0.0004,0.0,96.601,,,,,,,,,,,,0.0,0.0,0.0,0.0,0
44.46,-2.9951,1.0561,96.6486,-0.0004,0.0,96.6486,,,,,,,,,,,,0.0,0.0,0.0,0.0,0
44.48,-2.9951,1.0561,96.6486,-0.0004,0.0,96.6486,,,,,,,,,,,,0.0,0.0,0.0,0.0,0
44.5,-2.9951,1.0561,96.6486,-0.0004,0.0,96.6486,,,,,,,,,,,,0.0,0.0,0.0,0.0,0
44.52,-2.9951,1.0561,96.6486,-0.0004,0.0,96.6486,,,,,,,,,,,,0.0,0.0,0.0,0.0,0
44.54,-2.9951,1.0561,96.6486,-0.0004,0.0,96.6486,,,,,,,,,,,,0.0,0.0,0.0,0.0,0
44.56,-2.9936,1.051,96.7699,-0.0004,0.0,96.7699,,,,,,,,,,,,0.0,0.0,0.0,0.0,0
44.58,-2.9936,1.051,96.7699,-0.0004,0.0,96.7699,,,,,,,,,,,,0.0,0.0,0.0,0.0,0
44.6,-2.9936,1.051,96.7699,-0.0004,0.0,96.7699,,,,,,,,,,,,0.0,0.0,0.0,0.0,0
44.62,-2.9936,1.051,96.7699,-0.0004,0.0,96.7699,,,,,,,,,,,,0.0,0.0,0.0,0.0,0
44.64,-2.9936,1.051,96.7699,-0.0004,0.0,96.7699,,,,,,,,,,,,0.0,0.0,0.0,0.0,0
44.66,-2.9897,1.0427,96.8095,-0.0004,0.0,96.8095,,,,,,,,,,,,0.0,0.0,0.0,0.0,0
44.68,-2.9897,1.0427,96.8095,-0.0004,0.0,96.8095,,,,,,,,,,,,0.0,0.0,0.0,0.0,0
44.7,-2.9897,1.0427,96.8095,-0.0004,0.0,96.8095,,,,,,,,,,,,0.0,0.0,0.0,0.0,0
44.72,-2.9897,1.0427,96.8095,-0.0004,0.0,96.8095,,,,,,,,,,,,0.0,0.0,0.0,0.0,0
44.74,-2.9897,1.0427,96.8095,-0.0004,0.0,96.8095,,,,,,,,,,,,0.0,0.0,0.0,0.0,0
44.76,-2.9851,1.0355,96.9234,-0.0004,0.0,96.9234,,,,,,,,,,,,0.0,0.0,0.0,0.0,0
44.78,-2.9851,1.0355,96.9234,-0.0004,0.0,96.9234,,,,,,,,,,,,0.0,0.0,0.0,0.0,0
44.8,-2.9851,1.0355,96.9234,-0.0004,0.0,96.9234,,,,,,,,,,,,0.0,0.0,0.0,0.0,0
44.82,-2.9851,1.0355,96.9234,-0.0004,0.0,96.9234,,,,,,,,,,,,0.0,0.0,0.0,0.0,0
44.84,-2.9851,1.0355,96.9234,-0.0004,0.0,96.9234,,,,,,,,,,,,0.0,0.0,0.0,0.0,0
44.86,-2.9794,1.0274,96.9687,-0.0004,0.0,96.9687,,,,,,,,,,,,0.0,0.0,0.0,0.0,0
44.88,-2.9794,1.0274,96.9687,-0.0004,0.0,96.9687,,,,,,,,,,,,0.0,0.0,0.0,0.0,0
44.9,-2.9794,1.0274,96.9687,-0.0004,0.0,96.9687,,,,,,,,,,,,0.0,0.0,0.0,0.0,0
44.92,-2.9794,1.0274,96.9687,-0.0004,0.0,96.9687,,,,,,,,,,,,0.0,0.0,0.0,0.0,0
44.94,-2.9794,1.0274,96.9687,-0.0004,0.0,96.9687,,,,,,,,,,,,0.0,0.0,0.0,0.0,0
44.96,-2.9752,1.0214,97.0823,-0.0004,0.0,97.0823,,,,,,,,,,,,0.0,0.0,0.0,0.0,0
44.98,-2.9752,1.0214,97.0823,-0.0004,0.0,97.0823,,,,,,,,,,,,0.0,0.0,0.0,0.0,0
45.0,-2.9752,1.0214,97.0823,-0.0004,0.0,97.0823,,,,,,,,,,,,0.0,0.0,0.0,0.0,0
45.02,-2.9752,1.0214,97.0823,-0.0004,0.0,97.0823,,,,,,,,,,,,0.0,0.0,0.0,0.0,0
45.04,-2.9752,1.0214,97.0823,-0.0004,0.0,97.0823,,,,,,,,,,,,0.0,0.0,0.0,0.0,0
45.06,-2.9739,1.0149,97.1242,-0.0004,0.0,97.1242,,,,,,,,,,,,0.0,0.0,0.0,0.0,0
45.08,-2.9739,1.0149,97.1242,-0.0004,0.0,97.1242,,,,,,,,,,,,0.0,0.0,0.0,0.0,0
45.1,-2.9739,1.0149,97.1242,-0.0004,0.0,97.1242,,,,,,,,,,,,0.0,0.0,0.0,0.0,0
45.12,-2.9739,1.0149,97.1242,-0.0004,0.0,97.1242,,,,,,,,,,,,0.0,0.0,0.0,0.0,0
45.14,-2.9739,1.0149,97.1242,-0.0004,0.0,97.1242,,,,,,,,,,,,0.0,0.0,0.0,0.0,0
45.16,-2.9704,1.0104,97.2247,-0.0004,0.0,97.2247,,,,,,,,,,,,0.0,0.0,0.0,0.0,0
45.18,-2.9704,1.0104,97.2247,-0.0004,0.0,97.2247,,,,,,,,,,,,0.0,0.0,0.0,0.0,0
45.2,-2.9704,1.0104,97.2247,-0.0004,0.0,97.2247,,,,,,,,,,,,0.0,0.0,0.0,0.0,0
45.22,-2.9704,1.0104,97.2247,-0.0004,0.0,97.2247,,,,,,,,,,,,0.0,0.0,0.0,0.0,0
45.24,-2.9704,1.0104,97.2247,-0.0004,0.0,97.2247,,,,,,,,,,,,0.0,0.0,0.0,0.0,0
45.26,-2.9675,1.0103,97.2662,-0.0004,0.0,97.2662,,,,,,,,,,,,0.0,0.0,0.0,0.0,0
45.28,-2.9675,1.0103,97.2662,-0.0004,0.0,97.2662,,,,,,,,,,,,0.0,0.0,0.0,0.0,0
45.3,-2.9675,1.0103,97.2662,-0.0004,0.0,97.2662,,,,,,,,,,,,0.0,0.0,0.0,0.0,0
45.32,-2.9675,1.0103,97.2662,-0.0004,0.0,97.2662,,,,,,,,,,,,0.0,0.0,0.0,0.0,0
45.34,-2.9675,1.0103,97.2662,-0.0004,0.0,97.2662,,,,,,,,,,,,0.0,0.0,0.0,0.0,0
45.36,-2.9674,1.0039,97.3699,-0.0004,0.0,97.3699,,,,,,,,,,,,0.0,0.0,0.0,0.0,0
45.38,-2.9674,1.0039,97.3699,-0.0004,0.0,97.3699,,,,,,,,,,,,0.0,0.0,0.0,0.0,0
45.4,-2.9674,1.0039,97.3699,-0.0004,0.0,97.3699,,,,,,,,,,,,0.0,0.0,0.0,0.0,0
45.42,-2.9674,1.0039,97.3699,-0.0004,0.0,97.3699,,,,,,,,,,,,0.0,0.0,0.0,0.0,0
45.44,-2.9674,1.0039,97.3699,-0.0004,0.0,97.3699,,,,,,,,,,,,0.0,0.0,0.0,0.0,0
45.46,-2.9627,0.9993,97.419,-0.0004,0.0,97.419,,,,,,,,,,,,0.0,0.0,0.0,0.0,0
45.48,-2.9627,0.9993,97.419,-0.0004,0.0,97.419,,,,,,,,,,,,0.0,0.0,0.0,0.0,0
45.5,-2.9627,0.9993,97.419,-0.0004,0.0,97.419,,,,,,,,,,,,0.0,0.0,0.0,0.0,0
45.52,-2.9627,0.9993,97.419,-0.0004,0.0,97.419,,,,,,,,,,,,0.0,0.0,0.0,0.0,0
45.54,-2.9627,0.9993,97.419,-0.0004,0.0,97.419,,,,,,,,,,,,0.0,0.0,0.0,0.0,0
45.56,-2.959,0.9937,97.5122,-0.0004,0.0,97.5122,,,,,,,,,,,,0.0,0.0,0.0,0.0,0
45.58,-2.959,0.9937,97.5122,-0.0004,0.0,97.5122,,,,,,,,,,,,0.0,0.0,0.0,0.0,0
45.6,-2.959,0.9937,97.5122,-0.0004,0.0,97.5122,,,,,,,,,,,,0.0,0.0,0.0,0.0,0
45.62,-2.959,0.9937,97.5122,-0.0004,0.0,97.5122,,,,,,,,,,,,0.0,0.0,0.0,0.0,0
45.64,-2.959,0.9937,97.5122,-0.0004,0.0,97.5122,,,,,,,,,,,,0.0,0.0,0.0,0.0,0
45.66,-2.9566,0.9915,97.5677,-0.0004,0.0,97.5677,,,,,,,,,,,,0.0,0.0,0.0,0.0,0
45.68,-2.9566,0.9915,97.5677,-0.0004,0.0,97.5677,,,,,,,,,,,,0.0,0.0,0.0,0.0,0
45.7,-2.9566,0.9915,97.5677,-0.0004,0.0,97.5677,,,,,,,,,,,,0.0,0.0,0.0,0.0,0
45.72,-2.9566,0.9915,97.5677,-0.0004,0.0,97.5677,,,,,,,,,,,,0.0,0.0,0.0,0.0,0
45.74,-2.9566,0.9915,97.5677,-0.0004,0.0,97.5677,,,,,,,,,,,,0.0,0.0,0.0,0.0,0
45.76,-2.9553,0.9892,97.6582,-0.0004,0.0,97.6582,,,,,,,,,,,,0.0,0.0,0.0,0.0,0
45.78,-2.9553,0.9892,97.6582,-0.0004,0.0,97.6582,,,,,,,,,,,,0.0,0.0,0.0,0.0,0
45.8,-2.9553,0.9892,97.6582,-0.0004,0.0,97.6582,,,,,,,,,,,,0.0,0.0,0.0,0.0,0
45.82,-2.9553,0.9892,97.6582,-0.0004,0.0,97.6582,,,,,,,,,,,,0.0,0.0,0.0,0.0,0
45.84,-2.9553,0.9892,97.6582,-0.0004,0.0,97.6582,,,,,,,,,,,,0.0,0.0,0.0,0.0,0
45.86,-2.9556,0.988,97.7124,-0.0004,0.0,97.7124,,,,,,,,,,,,0.0,0.0,0.0,0.0,0
45.88,-2.9556,0.988,97.7124,-0.0004,0.0,97.7124,,,,,,,,,,,,0.0,0.0,0.0,0.0,0
45.9,-2.9556,0.988,97.7124,-0.0004,0.0,97.7124,,,,,,,,,,,,0.0,0.0,0.0,0.0,0
45.92,-2.9556,0.988,97.7124,-0.0004,0.0,97.7124,,,,,,,,,,,,0.0,0.0,0.0,0.0,0
45.94,-2.9556,0.988,97.7124,-0.0004,0.0,97.7124,,,,,,,,,,,,0.0,0.0,0.0,0.0,0
45.96,-2.9571,0.9815,97.7895,-0.0004,0.0,97.7895,,,,,,,,,,,,0.0,0.0,0.0,0.0,0
45.98,-2.9571,0.9815,97.7895,-0.0004,0.0,97.7895,,,,,,,,,,,,0.0,0.0,0.0,0.0,0
46.0,-2.9571,0.9815,97.7895,-0.0004,0.0,97.7895,,,,,,,,,,,,0.0,0.0,0.0,0.0,0
46.02,-2.9571,0.9815,97.7895,-0.0004,0.0,97.7895,,,,,,,,,,,,0.0,0.0,0.0,0.0,0
46.04,-2.9571,0.9815,97.7895,-0.0004,0.0,97.7895,,,,,,,,,,,,0.0,0.0,0.0,0.0,0
46.06,-2.9542,0.9763,97.8439,-0.0004,0.0,97.8439,,,,,,,,,,,,0.0,0.0,0.0,0.0,0
46.08,-2.9542,0.9763,97.8439,-0.0004,0.0,97.8439,,,,,,,,,,,,0.0,0.0,0.0,0.0,0
46.1,-2.9542,0.9763,97.8439,-0.0004,0.0,97.8439,,,,,,,,,,,,0.0,0.0,0.0,0.0,0
46.12,-2.9542,0.9763,97.8439,-0.0004,0.0,97.8439,,,,,,,,,,,,0.0,0.0,0.0,0.0,0
46.14,-2.9542,0.9763,97.8439,-0.0004,0.0,97.8439,,,,,,,,,,,,0.0,0.0,0.0,0.0,0
46.16,-2.9497,0.9704,97.9216,-0.0004,0.0,97.9216,,,,,,,,,,,,0.0,0.0,0.0,0.0,0
46.18,-2.9497,0.9704,97.9216,-0.0004,0.0,97.9216,,,,,,,,,,,,0.0,0.0,0.0,0.0,0
46.2,-2.9497,0.9704,97.9216,-0.0004,0.0,97.9216,,,,,,,,,,,,0.0,0.0,0.0,0.0,0
46.22,-2.9497,0.9704,97.9216,-0.0004,0.0,97.9216,,,,,,,,,,,,0.0,0.0,0.0,0.0,0
46.24,-2.9497,0.9704,97.9216,-0.0004,0.0,97.9216,,,,,,,,,,,,0.0,0.0,0.0,0.0,0
46.26,-2.9468,0.9643,97.9738,-0.0004,0.0,97.9738,,,,,,,,,,,,0.0,0.0,0.0,0.0,0
46.28,-2.9468,0.9643,97.9738,-0.0004,0.0,97.9738,,,,,,,,,,,,0.0,0.0,0.0,0.0,0
46.3,-2.9468,0.9643,97.9738,-0.0004,0.0,97.9738,,,,,,,,,,,,0.0,0.0,0.0,0.0,0
46.32,-2.9468,0.9643,97.9738,-0.0004,0.0,97.9738,,,,,,,,,,,,0.0,0.0,0.0,0.0,0
46.34,-2.9468,0.9643,97.9738,-0.0004,0.0,97.9738,,,,,,,,,,,,0.0,0.0,0.0,0.0,0
46.36,-2.9459,0.9606,98.0583,-0.0004,0.0,98.0583,,,,,,,,,,,,0.0,0.0,0.0,0.0,0
46.38,-2.9459,0.9606,98.0583,-0.0004,0.0,98.0583,,,,,,,,,,,,0.0,0.0,0.0,0.0,0
46.4,-2.9459,0.9606,98.0583,-0.0004,0.0,98.0583,,,,,,,,,,,,0.0,0.0,0.0,0.0,0
46.42,-2.9459,0.9606,98.0583,-0.0004,0.0,98.0583,,,,,,,,,,,,0.0,0.0,0.0,0.0,0
46.44,-2.9459,0.9606,98.0583,-0.0004,0.0,98.0583,,,,,,,,,,,,0.0,0.0,0.0,0.0,0
46.46,-2.9399,0.9573,98.109,-0.0004,0.0,98.109,,,,,,,,,,,,0.0,0.0,0.0,0.0,0
46.48,-2.9399,0.9573,98.109,-0.0004,0.0,98.109,,,,,,,,,,,,0.0,0.0,0.0,0.0,0
46.5,-2.9399,0.9573,98.109,-0.0004,0.0,98.109,,,,,,,,,,,,0.0,0.0,0.0,0.0,0
46.52,-2.9399,0.9573,98.109,-0.0004,0.0,98.109,,,,,,,,,,,,0.0,0.0,0.0,0.0,0
46.54,-2.9399,0.9573,98.109,-0.0004,0.0,98.109,,,,,,,,,,,,0.0,0.0,0.0,0.0,0
46.56,-2.9378,0.9499,98.1885,-0.0004,0.0,98.1885,,,,,,,,,,,,0.0,0.0,0.0,0.0,0
46.58,-2.9378,0.9499,98.1885,-0.0004,0.0,98.1885,,,,,,,,,,,,0.0,0.0,0.0,0.0,0
46.6,-2.9378,0.9499,98.1885,-0.0004,0.0,98.1885,,,,,,,,,,,,0.0,0.0,0.0,0.0,0
46.62,-2.9378,0.9499,98.1885,-0.0004,0.0,98.1885,,,,,,,,,,,,0.0,0.0,0.0,0.0,0
46.64,-2.9378,0.9499,98.1885,-0.0004,0.0,98.1885,,,,,,,,,,,,0.0,0.0,0.0,0.0,0
46.66,-2.9353,0.9442,98.245,-0.0004,0.0,98.245,,,,,,,,,,,,0.0,0.0,0.0,0.0,0
46.68,-2.9353,0.9442,98.245,-0.0004,0.0,98.245,,,,,,,,,,,,0.0,0.0,0.0,0.0,0
46.7,-2.9353,0.9442,98.245,-0.0004,0.0,98.245,,,,,,,,,,,,0.0,0.0,0.0,0.0,0
46.72,-2.9353,0.9442,98.245,-0.0004,0.0,98.245,,,,,,,,,,,,0.0,0.0,0.0,0.0,0
46.74,-2.9353,0.9442,98.245,-0.0004,0.0,98.245,,,,,,,,,,,,0.0,0.0,0.0,0.0,0
46.76,-2.9321,0.9393,98.3148,-0.0004,0.0,98.3148,,,,,,,,,,,,0.0,0.0,0.0,0.0,0
46.78,-2.9321,0.9393,98.3148,-0.0004,0.0,98.3148,,,,,,,,,,,,0.0,0.0,0.0,0.0,0
46.8,-2.9321,0.9393,98.3148,-0.0004,0.0,98.3148,,,,,,,,,,,,0.0,0.0,0.0,0.0,0
46.82,-2.9321,0.9393,98.3148,-0.0004,0.0,98.3148,,,,,,,,,,,,0.0,0.0,0.0,0.0,0
46.84,-2.9321,0.9393,98.3148,-0.0004,0.0,98.3148,,,,,,,,,,,,0.0,0.0,0.0,0.0,0
46.86,-2.9251,0.9348,98.3701,-0.0004,0.0,98.3701,,,,,,,,,,,,0.0,0.0,0.0,0.0,0
46.88,-2.9251,0.9348,98.3701,-0.0004,0.0,98.3701,,,,,,,,,,,,0.0,0.0,0.0,0.0,0
46.9,-2.9251,0.9348,98.3701,-0.0004,0.0,98.3701,,,,,,,,,,,,0.0,0.0,0.0,0.0,0
46.92,-2.9251,0.9348,98.3701,-0.0004,0.0,98.3701,,,,,,,,,,,,0.0,0.0,0.0,0.0,0
46.94,-2.9251,0.9348,98.3701,-0.0004,0.0,98.3701,,,,,,,,,,,,0.0,0.0,0.0,0.0,0
46.96,-2.9223,0.929,98.4361,-0.0004,0.0,98.4361,,,,,,,,,,,,0.0,0.0,0.0,0.0,0
46.98,-2.9223,0.929,98.4361,-0.0004,0.0,98.4361,,,,,,,,,,,,0.0,0.0,0.0,0.0,0
47.0,-2.9223,0.929,98.4361,-0.0004,0.0,98.4361,,,,,,,,,,,,0.0,0.0,0.0,0.0,0
47.02,-2.9223,0.929,98.4361,-0.0004,0.0,98.4361,,,,,,,,,,,,0.0,0.0,0.0,0.0,0
47.04,-2.9223,0.929,98.4361,-0.0004,0.0,98.4361,,,,,,,,,,,,0.0,0.0,0.0,0.0,0
47.06,-2.919,0.9215,98.4983,-0.0004,0.0,98.4983,,,,,,,,,,,,0.0,0.0,0.0,0.0,0
47.08,-2.919,0.9215,98.4983,-0.0004,0.0,98.4983,,,,,,,,,,,,0.0,0.0,0.0,0.0,0
47.1,-2.919,0.9215,98.4983,-0.0004,0.0,98.4983,,,,,,,,,,,,0.0,0.0,0.0,0.0,0
47.12,-2.919,0.9215,98.4983,-0.0004,0.0,98.4983,,,,,,,,,,,,0.0,0.0,0.0,0.0,0
47.14,-2.919,0.9215,98.4983,-0.0004,0.0,98.4983,,,,,,,,,,,,0.0,0.0,0.0,0.0,0
47.16,-2.9171,0.9169,98.555,-0.0004,0.0,98.5551,,,,,,,,,,,,0.0,0.0,0.0,0.0,0
47.18,-2.9171,0.9169,98.555,-0.0004,0.0,98.5551,,,,,,,,,,,,0.0,0.0,0.0,0.0,0
47.2,-2.9171,0.9169,98.555,-0.0004,0.0,98.5551,,,,,,,,,,,,0.0,0.0,0.0,0.0,0
47.22,-2.9171,0.9169,98.555,-0.0004,0.0,98.5551,,,,,,,,,,,,0.0,0.0,0.0,0.0,0
47.24,-2.9171,0.9169,98.555,-0.0004,0.0,98.5551,,,,,,,,,,,,0.0,0.0,0.0,0.0,0
47.26,-2.9164,0.9149,98.6175,-0.0004,0.0,98.6175,,,,,,,,,,,,0.0,0.0,0.0,0.0,0
47.28,-2.9164,0.9149,98.6175,-0.0004,0.0,98.6175,,,,,,,,,,,,0.0,0.0,0.0,0.0,0
47.3,-2.9164,0.9149,98.6175,-0.0004,0.0,98.6175,,,,,,,,,,,,0.0,0.0,0.0,0.0,0
47.32,-2.9164,0.9149,98.6175,-0.0004,0.0,98.6175,,,,,,,,,,,,0.0,0.0,0.0,0.0,0
47.34,-2.9164,0.9149,98.6175,-0.0004,0.0,98.6175,,,,,,,,,,,,0.0,0.0,0.0,0.0,0
47.36,-2.9134,0.9128,98.6721,-0.0004,0.0,98.6721,,,,,,,,,,,,0.0,0.0,0.0,0.0,0
47.38,-2.9134,0.9128,98.6721,-0.0004,0.0,98.6721,,,,,,,,,,,,0.0,0.0,0.0,0.0,0
47.4,-2.9134,0.9128,98.6721,-0.0004,0.0,98.6721,,,,,,,,,,,,0.0,0.0,0.0,0.0,0
47.42,-2.9134,0.9128,98.6721,-0.0004,0.0,98.6721,,,,,,,,,,,,0.0,0.0,0.0,0.0,0
47.44,-2.9134,0.9128,98.6721,-0.0004,0.0,98.6721,,,,,,,,,,,,0.0,0.0,0.0,0.0,0
47.46,-2.9087,0.9055,98.74,-0.0004,0.0,98.74,,,,,,,,,,,,0.0,0.0,0.0,0.0,0
47.48,-2.9087,0.9055,98.74,-0.0004,0.0,98.74,,,,,,,,,,,,0.0,0.0,0.0,0.0,0
47.5,-2.9087,0.9055,98.74,-0.0004,0.0,98.74,,,,,,,,,,,,0.0,0.0,0.0,0.0,0
47.52,-2.9087,0.9055,98.74,-0.0004,0.0,98.74,,,,,,,,,,,,0.0,0.0,0.0,0.0,0
47.54,-2.9087,0.9055,98.74,-0.0004,0.0,98.74,,,,,,,,,,,,0.0,0.0,0.0,0.0,0
47.56,-2.9032,0.9013,98.7972,-0.0004,0.0,98.7972,,,,,,,,,,,,0.0,0.0,0.0,0.0,0
47.58,-2.9032,0.9013,98.7972,-0.0004,0.0,98.7972,,,,,,,,,,,,0.0,0.0,0.0,0.0,0
47.6,-2.9032,0.9013,98.7972,-0.0004,0.0,98.7972,,,,,,,,,,,,0.0,0.0,0.0,0.0,0
47.62,-2.9032,0.9013,98.7972,-0.0004,0.0,98.7972,,,,,,,,,,,,0.0,0.0,0.0,0.0,0
47.64,-2.9032,0.9013,98.7972,-0.0004,0.0,98.7972,,,,,,,,,,,,0.0,0.0,0.0,0.0,0
47.66,-2.8981,0.9004,98.8584,-0.0004,0.0,98.8584,,,,,,,,,,,,0.0,0.0,0.0,0.0,0
47.68,-2.8981,0.9004,98.8584,-0.0004,0.0,98.8584,,,,,,,,,,,,0.0,0.0,0.0,0.0,0
47.7,-2.8981,0.9004,98.8584,-0.0004,0.0,98.8584,,,,,,,,,,,,0.0,0.0,0.0,0.0,0
47.72,-2.8981,0.9004,98.8584,-0.0004,0.0,98.8584,,,,,,,,,,,,0.0,0.0,0.0,0.0,0
47.74,-2.8981,0.9004,98.8584,-0.0004,0.0,98.8584,,,,,,,,,,,,0.0,0.0,0.0,0.0,0
47.76,-2.8921,0.894,98.9119,-0.0004,0.0,98.9119,,,,,,,,,,,,0.0,0.0,0.0,0.0,0
47.78,-2.8921,0.894,98.9119,-0.0004,0.0,98.9119,,,,,,,,,,,,0.0,0.0,0.0,0.0,0
47.8,-2.8921,0.894,98.9119,-0.0004,0.0,98.9119,,,,,,,,,,,,0.0,0.0,0.0,0.0,0
47.82,-2.8921,0.894,98.9119,-0.0004,0.0,98.9119,,,,,,,,,,,,0.0,0.0,0.0,0.0,0
47.84,-2.8921,0.894,98.9119,-0.0004,0.0,98.9119,,,,,,,,,,,,0.0,0.0,0.0,0.0,0
47.86,-2.8858,0.8923,98.9731,-0.0004,0.0,98.9731,,,,,,,,,,,,0.0,0.0,0.0,0.0,0
47.88,-2.8858,0.8923,98.9731,-0.0004,0.0,98.9731,,,,,,,,,,,,0.0,0.0,0.0,0.0,0
47.9,-2.8858,0.8923,98.9731,-0.0004,0.0,98.9731,,,,,,,,,,,,0.0,0.0,0.0,0.0,0
47.92,-2.8858,0.8923,98.9731,-0.0004,0.0,98.9731,,,,,,,,,,,,0.0,0.0,0.0,0.0,0
47.94,-2.8858,0.8923,98.9731,-0.0004,0.0,98.9731,,,,,,,,,,,,0.0,0.0,0.0,0.0,0
47.96,-2.8818,0.8942,99.028,-0.0004,0.0,99.028,,,,,,,,,,,,0.0,0.0,0.0,0.0,0
47.98,-2.8818,0.8942,99.028,-0.0004,0.0,99.028,,,,,,,,,,,,0.0,0.0,0.0,0.0,0
48.0,-2.8818,0.8942,99.028,-0.0004,0.0,99.028,,,,,,,,,,,,0.0,0.0,0.0,0.0,0
48.02,-2.8818,0.8942,99.028,-0.0004,0.0,99.028,,,,,,,,,,,,0.0,0.0,0.0,0.0,0
48.04,-2.8818,0.8942,99.028,-0.0004,0.0,99.028,,,,,,,,,,,,0.0,0.0,0.0,0.0,0
48.06,-2.875,0.8876,99.0858,-0.0004,0.0,99.0858,,,,,,,,,,,,0.0,0.0,0.0,0.0,0
48.08,-2.875,0.8876,99.0858,-0.0004,0.0,99.0858,,,,,,,,,,,,0.0,0.0,0.0,0.0,0
48.1,-2.875,0.8876,99.0858,-0.0004,0.0,99.0858,,,,,,,,,,,,0.0,0.0,0.0,0.0,0
48.12,-2.875,0.8876,99.0858,-0.0004,0.0,99.0858,,,,,,,,,,,,0.0,0.0,0.0,0.0,0
48.14,-2.875,0.8876,99.0858,-0.0004,0.0,99.0858,,,,,,,,,,,,0.0,0.0,0.0,0.0,0
48.16,-2.8689,0.8857,99.1507,-0.0004,0.0,99.1506,,,,,,,,,,,,0.0,0.0,0.0,0.0,0
48.18,-2.8689,0.8857,99.1507,-0.0004,0.0,99.1506,,,,,,,,,,,,0.0,0.0,0.0,0.0,0
48.2,-2.8689,0.8857,99.1507,-0.0004,0.0,99.1506,,,,,,,,,,,,0.0,0.0,0.0,0.0,0
48.22,-2.8689,0.8857,99.1507,-0.0004,0.0,99.1506,,,,,,,,,,,,0.0,0.0,0.0,0.0,0
48.24,-2.8689,0.8857,99.1507,-0.0004,0.0,99.1506,,,,,,,,,,,,0.0,0.0,0.0,0.0,0
48.26,-2.8661,0.886,99.1991,-0.0004,0.0,99.1991,,,,,,,,,,,,0.0,0.0,0.0,0.0,0
48.28,-2.8661,0.886,99.1991,-0.0004,0.0,99.1991,,,,,,,,,,,,0.0,0.0,0.0,0.0,0
48.3,-2.8661,0.886,99.1991,-0.0004,0.0,99.1991,,,,,,,,,,,,0.0,0.0,0.0,0.0,0
48.32,-2.8661,0.886,99.1991,-0.0004,0.0,99.1991,,,,,,,,,,,,0.0,0.0,0.0,0.0,0
48.34,-2.8661,0.886,99.1991,-0.0004,0.0,99.1991,,,,,,,,,,,,0.0,0.0,0.0,0.0,0
48.36,-2.8644,0.8836,99.265,-0.0004,0.0,99.265,,,,,,,,,,,,0.0,0.0,0.0,0.0,0
48.38,-2.8644,0.8836,99.265,-0.0004,0.0,99.265,,,,,,,,,,,,0.0,0.0,0.0,0.0,0
48.4,-2.8644,0.8836,99.265,-0.0004,0.0,99.265,,,,,,,,,,,,0.0,0.0,0.0,0.0,0
48.42,-2.8644,0.8836,99.265,-0.0004,0.0,99.265,,,,,,,,,,,,0.0,0.0,0.0,0.0,0
48.44,-2.8644,0.8836,99.265,-0.0004,0.0,99.265,,,,,,,,,,,,0.0,0.0,0.0,0.0,0
48.46,-2.8607,0.8833,99.316,-0.0004,0.0,99.3159,,,,,,,,,,,,0.0,0.0,0.0,0.0,0
48.48,-2.8607,0.8833,99.316,-0.0004,0.0,99.3159,,,,,,,,,,,,0.0,0.0,0.0,0.0,0
48.5,-2.8607,0.8833,99.316,-0.0004,0.0,99.3159,,,,,,,,,,,,0.0,0.0,0.0,0.0,0
48.52,-2.8607,0.8833,99.316,-0.0004,0.0,99.3159,,,,,,,,,,,,0.0,0.0,0.0,0.0,0
48.54,-2.8607,0.8833,99.316,-0.0004,0.0,99.3159,,,,,,,,,,,,0.0,0.0,0.0,0.0,0
48.56,-2.8581,0.8803,99.3715,-0.0004,0.0,99.3715,,,,,,,,,,,,0.0,0.0,0.0,0.0,0
48.58,-2.8581,0.8803,99.3715,-0.0004,0.0,99.3715,,,,,,,,,,,,0.0,0.0,0.0,0.0,0
48.6,-2.8581,0.8803,99.3715,-0.0004,0.0,99.3715,,,,,,,,,,,,0.0,0.0,0.0,0.0,0
48.62,-2.8581,0.8803,99.3715,-0.0004,0.0,99.3715,,,,,,,,,,,,0.0,0.0,0.0,0.0,0
48.64,-2.8581,0.8803,99.3715,-0.0004,0.0,99.3715,,,,,,,,,,,,0.0,0.0,0.0,0.0,0
48.66,-2.8565,0.8757,99.4324,-0.0004,0.0,99.4324,,,,,,,,,,,,0.0,0.0,0.0,0.0,0
48.68,-2.8565,0.8757,99.4324,-0.0004,0.0,99.4324,,,,,,,,,,,,0.0,0.0,0.0,0.0,0
48.7,-2.8565,0.8757,99.4324,-0.0004,0.0,99.4324,,,,,,,,,,,,0.0,0.0,0.0,0.0,0
48.72,-2.8565,0.8757,99.4324,-0.0004,0.0,99.4324,,,,,,,,,,,,0.0,0.0,0.0,0.0,0
48.74,-2.8565,0.8757,99.4324,-0.0004,0.0,99.4324,,,,,,,,,,,,0.0,0.0,0.0,0.0,0
48.76,-2.8539,0.8789,99.4893,-0.0004,0.0,99.4893,,,,,,,,,,,,0.0,0.0,0.0,0.0,0
48.78,-2.8539,0.8789,99.4893,-0.0004,0.0,99.4893,,,,,,,,,,,,0.0,0.0,0.0,0.0,0
48.8,-2.8539,0.8789,99.4893,-0.0004,0.0,99.4893,,,,,,,,,,,,0.0,0.0,0.0,0.0,0
48.82,-2.8539,0.8789,99.4893,-0.0004,0.0,99.4893,,,,,,,,,,,,0.0,0.0,0.0,0.0,0
48.84,-2.8539,0.8789,99.4893,-0.0004,0.0,99.4893,,,,,,,,,,,,0.0,0.0,0.0,0.0,0
48.86,-2.8503,0.8775,99.5401,-0.0004,0.0,99.5401,,,,,,,,,,,,0.0,0.0,0.0,0.0,0
48.88,-2.8503,0.8775,99.5401,-0.0004,0.0,99.5401,,,,,,,,,,,,0.0,0.0,0.0,0.0,0
48.9,-2.8503,0.8775,99.5401,-0.0004,0.0,99.5401,,,,,,,,,,,,0.0,0.0,0.0,0.0,0
48.92,-2.8503,0.8775,99.5401,-0.0004,0.0,99.5401,,,,,,,,,,,,0.0,0.0,0.0,0.0,0
48.94,-2.8503,0.8775,99.5401,-0.0004,0.0,99.5401,,,,,,,,,,,,0.0,0.0,0.0,0.0,0
48.96,-2.8525,0.8753,99.5949,-0.0004,0.0,99.5949,,,,,,,,,,,,0.0,0.0,0.0,0.0,0
48.98,-2.8525,0.8753,99.5949,-0.0004,0.0,99.5949,,,,,,,,,,,,0.0,0.0,0.0,0.0,0
49.0,-2.8525,0.8753,99.5949,-0.0004,0.0,99.5949,,,,,,,,,,,,0.0,0.0,0.0,0.0,0
49.02,-2.8525,0.8753,99.5949,-0.0004,0.0,99.5949,,,,,,,,,,,,0.0,0.0,0.0,0.0,0
49.04,-2.8525,0.8753,99.5949,-0.0004,0.0,99.5949,,,,,,,,,,,,0.0,0.0,0.0,0.0,0
49.06,-2.8487,0.8698,99.6581,-0.0004,0.0,99.6581,,,,,,,,,,,,0.0,0.0,0.0,0.0,0
49.08,-2.8487,0.8698,99.6581,-0.0004,0.0,99.6581,,,,,,,,,,,,0.0,0.0,0.0,0.0,0
49.1,-2.8487,0.8698,99.6581,-0.0004,0.0,99.6581,,,,,,,,,,,,0.0,0.0,0.0,0.0,0
49.12,-2.8487,0.8698,99.6581,-0.0004,0.0,99.6581,,,,,,,,,,,,0.0,0.0,0.0,0.0,0
49.14,-2.8487,0.8698,99.6581,-0.0004,0.0,99.6581,,,,,,,,,,,,0.0,0.0,0.0,0.0,0
49.16,-2.8506,0.871,99.6975,-0.0004,0.0,99.6975,,,,,,,,,,,,0.0,0.0,0.0,0.0,0
49.18,-2.8506,0.871,99.6975,-0.0004,0.0,99.6975,,,,,,,,,,,,0.0,0.0,0.0,0.0,0
49.2,-2.8506,0.871,99.6975,-0.0004,0.0,99.6975,,,,,,,,,,,,0.0,0.0,0.0,0.0,0
49.22,-2.8506,0.871,99.6975,-0.0004,0.0,99.6975,,,,,,,,,,,,0.0,0.0,0.0,0.0,0
49.24,-2.8506,0.871,99.6975,-0.0004,0.0,99.6975,,,,,,,,,,,,0.0,0.0,0.0,0.0,0
49.26,-2.8518,0.8805,99.7532,-0.0004,0.0,99.7532,,,,,,,,,,,,0.0,0.0,0.0,0.0,0
49.28,-2.8518,0.8805,99.7532,-0.0004,0.0,99.7532,,,,,,,,,,,,0.0,0.0,0.0,0.0,0
49.3,-2.8518,0.8805,99.7532,-0.0004,0.0,99.7532,,,,,,,,,,,,0.0,0.0,0.0,0.0,0
49.32,-2.8518,0.8805,99.7532,-0.0004,0.0,99.7532,,,,,,,,,,,,0.0,0.0,0.0,0.0,0
49.34,-2.8518,0.8805,99.7532,-0.0004,0.0,99.7532,,,,,,,,,,,,0.0,0.0,0.0,0.0,0
49.36,-2.8475,0.878,99.809,-0.0004,0.0,99.809,,,,,,,,,,,,0.0,0.0,0.0,0.0,0
49.38,-2.8475,0.878,99.809,-0.0004,0.0,99.809,,,,,,,,,,,,0.0,0.0,0.0,0.0,0
49.4,-2.8475,0.878,99.809,-0.0004,0.0,99.809,,,,,,,,,,,,0.0,0.0,0.0,0.0,0
49.42,-2.8475,0.878,99.809,-0.0004,0.0,99.809,,,,,,,,,,,,0.0,0.0,0.0,0.0,0
49.44,-2.8475,0.878,99.809,-0.0004,0.0,99.809,,,,,,,,,,,,0.0,0.0,0.0,0.0,0
49.46,-2.8392,0.8803,99.8568,-0.0004,0.0,99.8568,,,,,,,,,,,,0.0,0.0,0.0,0.0,0
49.48,-2.8392,0.8803,99.8568,-0.0004,0.0,99.8568,,,,,,,,,,,,0.0,0.0,0.0,0.0,0
49.5,-2.8392,0.8803,99.8568,-0.0004,0.0,99.8568,,,,,,,,,,,,0.0,0.0,0.0,0.0,0
49.52,-2.8392,0.8803,99.8568,-0.0004,0.0,99.8568,,,,,,,,,,,,0.0,0.0,0.0,0.0,0
49.54,-2.8392,0.8803,99.8568,-0.0004,0.0,99.8568,,,,,,,,,,,,0.0,0.0,0.0,0.0,0
49.56,-2.8324,0.8695,99.9136,-0.0004,0.0,99.9136,,,,,,,,,,,,0.0,0.0,0.0,0.0,0
49.58,-2.8324,0.8695,99.9136,-0.0004,0.0,99.9136,,,,,,,,,,,,0.0,0.0,0.0,0.0,0
49.6,-2.8324,0.8695,99.9136,-0.0004,0.0,99.9136,,,,,,,,,,,,0.0,0.0,0.0,0.0,0
49.62,-2.8324,0.8695,99.9136,-0.0004,0.0,99.9136,,,,,,,,,,,,0.0,0.0,0.0,0.0,0
49.64,-2.8324,0.8695,99.9136,-0.0004,0.0,99.9136,,,,,,,,,,,,0.0,0.0,0.0,0.0,0
49.66,-2.8212,0.8611,99.9568,-0.0004,0.0,99.9568,,,,,,,,,,,,0.0,0.0,0.0,0.0,0
49.68,-2.8212,0.8611,99.9568,-0.0004,0.0,99.9568,,,,,,,,,,,,0.0,0.0,0.0,0.0,0
49.7,-2.8212,0.8611,99.9568,-0.0004,0.0,99.9568,,,,,,,,,,,,0.0,0.0,0.0,0.0,0
49.72,-2.8212,0.8611,99.9568,-0.0004,0.0,99.9568,,,,,,,,,,,,0.0,0.0,0.0,0.0,0
49.74,-2.8212,0.8611,99.9568,-0.0004,0.0,99.9568,,,,,,,,,,,,0.0,0.0,0.0,0.0,0
49.76,-2.8102,0.8591,100.0101,-0.0004,0.0,100.0101,,,,,,,,,,,,0.0,0.0,0.0,0.0,0
49.78,-2.8102,0.8591,100.0101,-0.0004,0.0,100.0101,,,,,,,,,,,,0.0,0.0,0.0,0.0,0
49.8,-2.8102,0.8591,100.0101,-0.0004,0.0,100.0101,,,,,,,,,,,,0.0,0.0,0.0,0.0,0
49.82,-2.8102,0.8591,100.0101,-0.0004,0.0,100.0101,,,,,,,,,,,,0.0,0.0,0.0,0.0,0
49.84,-2.8102,0.8591,100.0101,-0.0004,0.0,100.0101,,,,,,,,,,,,0.0,0.0,0.0,0.0,0
49.86,-2.7963,0.8543,100.0726,-0.0004,0.0,100.0726,,,,,,,,,,,,0.0,0.0,0.0,0.0,0
49.88,-2.7963,0.8543,100.0726,-0.0004,0.0,100.0726,,,,,,,,,,,,0.0,0.0,0.0,0.0,0
49.9,-2.7963,0.8543,100.0726,-0.0004,0.0,100.0726,,,,,,,,,,,,0.0,0.0,0.0,0.0,0
49.92,-2.7963,0.8543,100.0726,-0.0004,0.0,100.0726,,,,,,,,,,,,0.0,0.0,0.0,0.0,0
49.94,-2.7963,0.8543,100.0726,-0.0004,0.0,100.0726,,,,,,,,,,,,0.0,0.0,0.0,0.0,0
49.96,-2.7874,0.8514,100.1323,-0.0004,0.0,100.1323,,,,,,,,,,,,0.0,0.0,0.0,0.0,0
49.98,-2.7874,0.8514,100.1323,-0.0004,0.0,100.1323,,,,,,,,,,,,0.0,0.0,0.0,0.0,0
50.0,-2.7874,0.8514,100.1323,-0.0004,0.0,100.1323,,,,,,,,,,,,0.0,0.0,0.0,0.0,0
50.02,-2.7874,0.8514,100.1323,-0.0004,0.0,100.1323,,,,,,,,,,,,0.0,0.0,0.0,0.0,0
50.04,-2.7874,0.8514,100.1323,-0.0004,0.0,100.1323,,,,,,,,,,,,0.0,0.0,0.0,0.0,0
50.06,-2.7784,0.8491,100.1642,-0.0004,0.0,100.1642,,,,,,,,,,,,0.0,0.0,0.0,0.0,0
50.08,-2.7784,0.8491,100.1642,-0.0004,0.0,100.1642,,,,,,,,,,,,0.0,0.0,0.0,0.0,0
50.1,-2.7784,0.8491,100.1642,-0.0004,0.0,100.1642,,,,,,,,,,,,0.0,0.0,0.0,0.0,0
50.12,-2.7784,0.8491,100.1642,-0.0004,0.0,100.1642,,,,,,,,,,,,0.0,0.0,0.0,0.0,0
50.14,-2.7784,0.8491,100.1642,-0.0004,0.0,100.1642,,,,,,,,,,,,0.0,0.0,0.0,0.0,0
50.16,-2.7702,0.8448,100.2239,-0.0004,0.0,100.2239,,,,,,,,,,,,0.0,0.0,0.0,0.0,0
50.18,-2.7702,0.8448,100.2239,-0.0004,0.0,100.2239,,,,,,,,,,,,0.0,0.0,0.0,0.0,0
50.2,-2.7702,0.8448,100.2239,-0.0004,0.0,100.2239,,,,,,,,,,,,0.0,0.0,0.0,0.0,0
50.22,-2.7702,0.8448,100.2239,-0.0004,0.0,100.2239,,,,,,,,,,,,0.0,0.0,0.0,0.0,0
50.24,-2.7702,0.8448,100.2239,-0.0004,0.0,100.2239,,,,,,,,,,,,0.0,0.0,0.0,0.0,0
50.26,-2.7693,0.8427,100.2663,-0.0004,0.0,100.2663,,,,,,,,,,,,0.0,0.0,0.0,0.0,0
50.28,-2.7693,0.8427,100.2663,-0.0004,0.0,100.2663,,,,,,,,,,,,0.0,0.0,0.0,0.0,0
50.3,-2.7693,0.8427,100.2663,-0.0004,0.0,100.2663,,,,,,,,,,,,0.0,0.0,0.0,0.0,0
50.32,-2.7693,0.8427,100.2663,-0.0004,0.0,100.2663,,,,,,,,,,,,0.0,0.0,0.0,0.0,0
50.34,-2.7693,0.8427,100.2663,-0.0004,0.0,100.2663,,,,,,,,,,,,0.0,0.0,0.0,0.0,0
50.36,-2.7544,0.8426,100.3285,-0.0004,0.0,100.3285,,,,,,,,,,,,0.0,0.0,0.0,0.0,0
50.38,-2.7544,0.8426,100.3285,-0.0004,0.0,100.3285,,,,,,,,,,,,0.0,0.0,0.0,0.0,0
50.4,-2.7544,0.8426,100.3285,-0.0004,0.0,100.3285,,,,,,,,,,,,0.0,0.0,0.0,0.0,0
50.42,-2.7544,0.8426,100.3285,-0.0004,0.0,100.3285,,,,,,,,,,,,0.0,0.0,0.0,0.0,0
50.44,-2.7544,0.8426,100.3285,-0.0004,0.0,100.3285,,,,,,,,,,,,0.0,0.0,0.0,0.0,0
50.46,-2.7378,0.8386,100.3536,-0.0004,0.0,100.3536,,,,,,,,,,,,0.0,0.0,0.0,0.0,0
50.48,-2.7378,0.8386,100.3536,-0.0004,0.0,100.3536,,,,,,,,,,,,0.0,0.0,0.0,0.0,0
50.5,-2.7378,0.8386,100.3536,-0.0004,0.0,100.3536,,,,,,,,,,,,0.0,0.0,0.0,0.0,0
50.52,-2.7378,0.8386,100.3536,-0.0004,0.0,100.3536,,,,,,,,,,,,0.0,0.0,0.0,0.0,0
50.54,-2.7378,0.8386,100.3536,-0.0004,0.0,100.3536,,,,,,,,,,,,0.0,0.0,0.0,0.0,0
50.56,-2.7309,0.8378,100.4332,-0.0004,0.0,100.4332,,,,,,,,,,,,0.0,0.0,0.0,0.0,0
50.58,-2.7309,0.8378,100.4332,-0.0004,0.0,100.4332,,,,,,,,,,,,0.0,0.0,0.0,0.0,0
50.6,-2.7309,0.8378,100.4332,-0.0004,0.0,100.4332,,,,,,,,,,,,0.0,0.0,0.0,0.0,0
50.62,-2.7309,0.8378,100.4332,-0.0004,0.0,100.4332,,,,,,,,,,,,0.0,0.0,0.0,0.0,0
50.64,-2.7309,0.8378,100.4332,-0.0004,0.0,100.4332,,,,,,,,,,,,0.0,0.0,0.0,0.0,0
50.66,-2.7144,0.8348,100.4467,-0.0004,0.0,100.4467,,,,,,,,,,,,0.0,0.0,0.0,0.0,0
50.68,-2.7144,0.8348,100.4467,-0.0004,0.0,100.4467,,,,,,,,,,,,0.0,0.0,0.0,0.0,0
50.7,-2.7144,0.8348,100.4467,-0.0004,0.0,100.4467,,,,,,,,,,,,0.0,0.0,0.0,0.0,0
50.72,-2.7144,0.8348,100.4467,-0.0004,0.0,100.4467,,,,,,,,,,,,0.0,0.0,0.0,0.0,0
50.74,-2.7144,0.8348,100.4467,-0.0004,0.0,100.4467,,,,,,,,,,,,0.0,0.0,0.0,0.0,0
50.76,-2.7049,0.8315,100.5347,-0.0004,0.0,100.5347,,,,,,,,,,,,0.0,0.0,0.0,0.0,0
50.78,-2.7049,0.8315,100.5347,-0.0004,0.0,100.5347,,,,,,,,,,,,0.0,0.0,0.0,0.0,0
50.8,-2.7049,0.8315,100.5347,-0.0004,0.0,100.5347,,,,,,,,,,,,0.0,0.0,0.0,0.0,0
50.82,-2.7049,0.8315,100.5347,-0.0004,0.0,100.5347,,,,,,,,,,,,0.0,0.0,0.0,0.0,0
50.84,-2.7049,0.8315,100.5347,-0.0004,0.0,100.5347,,,,,,,,,,,,0.0,0.0,0.0,0.0,0
50.86,-2.6845,0.829,100.5344,-0.0004,0.0,100.5344,,,,,,,,,,,,0.0,0.0,0.0,0.0,0
50.88,-2.6845,0.829,100.5344,-0.0004,0.0,100.5344,,,,,,,,,,,,0.0,0.0,0.0,0.0,0
50.9,-2.6845,0.829,100.5344,-0.0004,0.0,100.5344,,,,,,,,,,,,0.0,0.0,0.0,0.0,0
50.92,-2.6845,0.829,100.5344,-0.0004,0.0,100.5344,,,,,,,,,,,,0.0,0.0,0.0,0.0,0
50.94,-2.6845,0.829,100.5344,-0.0004,0.0,100.5344,,,,,,,,,,,,0.0,0.0,0.0,0.0,0
50.96,-2.6762,0.8309,100.6293,-0.0004,0.0,100.6293,,,,,,,,,,,,0.0,0.0,0.0,0.0,0
50.98,-2.6762,0.8309,100.6293,-0.0004,0.0,100.6293,,,,,,,,,,,,0.0,0.0,0.0,0.0,0
51.0,-2.6762,0.8309,100.6293,-0.0004,0.0,100.6293,,,,,,,,,,,,0.0,0.0,0.0,0.0,0
51.02,-2.6762,0.8309,100.6293,-0.0004,0.0,100.6293,,,,,,,,,,,,0.0,0.0,0.0,0.0,0
51.04,-2.6762,0.8309,100.6293,-0.0004,0.0,100.6293,,,,,,,,,,,,0.0,0.0,0.0,0.0,0
51.06,-2.6732,0.8393,100.6264,-0.0004,0.0,100.6264,,,,,,,,,,,,0.0,0.0,0.0,0.0,0
51.08,-2.6732,0.8393,100.6264,-0.0004,0.0,100.6264,,,,,,,,,,,,0.0,0.0,0.0,0.0,0
51.1,-2.6732,0.8393,100.6264,-0.0004,0.0,100.6264,,,,,,,,,,,,0.0,0.0,0.0,0.0,0
51.12,-2.6732,0.8393,100.6264,-0.0004,0.0,100.6264,,,,,,,,,,,,0.0,0.0,0.0,0.0,0
51.14,-2.6732,0.8393,100.6264,-0.0004,0.0,100.6264,,,,,,,,,,,,0.0,0.0,0.0,0.0,0
51.16,-2.6753,0.8467,100.7147,-0.0004,0.0,100.7147,,,,,,,,,,,,0.0,0.0,0.0,0.0,0
51.18,-2.6753,0.8467,100.7147,-0.0004,0.0,100.7147,,,,,,,,,,,,0.0,0.0,0.0,0.0,0
51.2,-2.6753,0.8467,100.7147,-0.0004,0.0,100.7147,,,,,,,,,,,,0.0,0.0,0.0,0.0,0
51.22,-2.6753,0.8467,100.7147,-0.0004,0.0,100.7147,,,,,,,,,,,,0.0,0.0,0.0,0.0,0
51.24,-2.6753,0.8467,100.7147,-0.0004,0.0,100.7147,,,,,,,,,,,,0.0,0.0,0.0,0.0,0
51.26,-2.6705,0.8507,100.7113,-0.0004,0.0,100.7113,,,,,,,,,,,,0.0,0.0,0.0,0.0,0
51.28,-2.6705,0.8507,100.7113,-0.0004,0.0,100.7113,,,,,,,,,,,,0.0,0.0,0.0,0.0,0
51.3,-2.6705,0.8507,100.7113,-0.0004,0.0,100.7113,,,,,,,,,,,,0.0,0.0,0.0,0.0,0
51.32,-2.6705,0.8507,100.7113,-0.0004,0.0,100.7113,,,,,,,,,,,,0.0,0.0,0.0,0.0,0
51.34,-2.6705,0.8507,100.7113,-0.0004,0.0,100.7113,,,,,,,,,,,,0.0,0.0,0.0,0.0,0
51.36,-2.671,0.8552,100.8002,-0.0004,0.0,100.8002,,,,,,,,,,,,0.0,0.0,0.0,0.0,0
51.38,-2.671,0.8552,100.8002,-0.0004,0.0,100.8002,,,,,,,,,,,,0.0,0.0,0.0,0.0,0
51.4,-2.671,0.8552,100.8002,-0.0004,0.0,100.8002,,,,,,,,,,,,0.0,0.0,0.0,0.0,0
51.42,-2.671,0.8552,100.8002,-0.0004,0.0,100.8002,,,,,,,,,,,,0.0,0.0,0.0,0.0,0
51.44,-2.671,0.8552,100.8002,-0.0004,0.0,100.8002,,,,,,,,,,,,0.0,0.0,0.0,0.0,0
51.46,-2.6696,0.8585,100.7942,-0.0004,0.0,100.7942,,,,,,,,,,,,0.0,0.0,0.0,0.0,0
51.48,-2.6696,0.8585,100.7942,-0.0004,0.0,100.7942,,,,,,,,,,,,0.0,0.0,0.0,0.0,0
51.5,-2.6696,0.8585,100.7942,-0.0004,0.0,100.7942,,,,,,,,,,,,0.0,0.0,0.0,0.0,0
51.52,-2.6696,0.8585,100.7942,-0.0004,0.0,100.7942,,,,,,,,,,,,0.0,0.0,0.0,0.0,0
51.54,-2.6696,0.8585,100.7942,-0.0004,0.0,100.7942,,,,,,,,,,,,0.0,0.0,0.0,0.0,0
51.56,-2.6736,0.8626,100.8811,-0.0004,0.0,100.8811,,,,,,,,,,,,0.0,0.0,0.0,0.0,0
51.58,-2.6736,0.8626,100.8811,-0.0004,0.0,100.8811,,,,,,,,,,,,0.0,0.0,0.0,0.0,0
51.6,-2.6736,0.8626,100.8811,-0.0004,0.0,100.8811,,,,,,,,,,,,0.0,0.0,0.0,0.0,0
51.62,-2.6736,0.8626,100.8811,-0.0004,0.0,100.8811,,,,,,,,,,,,0.0,0.0,0.0,0.0,0
51.64,-2.6736,0.8626,100.8811,-0.0004,0.0,100.8811,,,,,,,,,,,,0.0,0.0,0.0,0.0,0
51.66,-2.6726,0.871,100.8928,-0.0004,0.0,100.8928,,,,,,,,,,,,0.0,0.0,0.0,0.0,0
51.68,-2.6726,0.871,100.8928,-0.0004,0.0,100.8928,,,,,,,,,,,,0.0,0.0,0.0,0.0,0
51.7,-2.6726,0.871,100.8928,-0.0004,0.0,100.8928,,,,,,,,,,,,0.0,0.0,0.0,0.0,0
51.72,-2.6726,0.871,100.8928,-0.0004,0.0,100.8928,,,,,,,,,,,,0.0,0.0,0.0,0.0,0
51.74,-2.6726,0.871,100.8928,-0.0004,0.0,100.8928,,,,,,,,,,,,0.0,0.0,0.0,0.0,0
51.76,-2.6714,0.8707,100.979,-0.0004,0.0,100.979,,,,,,,,,,,,0.0,0.0,0.0,0.0,0
51.78,-2.6714,0.8707,100.979,-0.0004,0.0,100.979,,,,,,,,,,,,0.0,0.0,0.0,0.0,0
51.8,-2.6714,0.8707,100.979,-0.0004,0.0,100.979,,,,,,,,,,,,0.0,0.0,0.0,0.0,0
51.82,-2.6714,0.8707,100.979,-0.0004,0.0,100.979,,,,,,,,,,,,0.0,0.0,0.0,0.0,0
51.84,-2.6714,0.8707,100.979,-0.0004,0.0,100.979,,,,,,,,,,,,0.0,0.0,0.0,0.0,0
51.86,-2.6733,0.8724,100.9819,-0.0004,0.0,100.9819,,,,,,,,,,,,0.0,0.0,0.0,0.0,0
51.88,-2.6733,0.8724,100.9819,-0.0004,0.0,100.9819,,,,,,,,,,,,0.0,0.0,0.0,0.0,0
51.9,-2.6733,0.8724,100.9819,-0.0004,0.0,100.9819,,,,,,,,,,,,0.0,0.0,0.0,0.0,0
51.92,-2.6733,0.8724,100.9819,-0.0004,0.0,100.9819,,,,,,,,,,,,0.0,0.0,0.0,0.0,0
51.94,-2.6733,0.8724,100.9819,-0.0004,0.0,100.9819,,,,,,,,,,,,0.0,0.0,0.0,0.0,0
51.96,-2.681,0.8738,101.0508,-0.0004,0.0,101.0508,,,,,,,,,,,,0.0,0.0,0.0,0.0,0
51.98,-2.681,0.8738,101.0508,-0.0004,0.0,101.0508,,,,,,,,,,,,0.0,0.0,0.0,0.0,0
52.0,-2.681,0.8738,101.0508,-0.0004,0.0,101.0508,,,,,,,,,,,,0.0,0.0,0.0,0.0,0
52.02,-2.681,0.8738,101.0508,-0.0004,0.0,101.0508,,,,,,,,,,,,0.0,0.0,0.0,0.0,0
52.04,-2.681,0.8738,101.0508,-0.0004,0.0,101.0508,,,,,,,,,,,,0.0,0.0,0.0,0.0,0
52.06,-2.6761,0.8738,101.0691,-0.0004,0.0,101.0691,,,,,,,,,,,,0.0,0.0,0.0,0.0,0
52.08,-2.6761,0.8738,101.0691,-0.0004,0.0,101.0691,,,,,,,,,,,,0.0,0.0,0.0,0.0,0
52.1,-2.6761,0.8738,101.0691,-0.0004,0.0,101.0691,,,,,,,,,,,,0.0,0.0,0.0,0.0,0
52.12,-2.6761,0.8738,101.0691,-0.0004,0.0,101.0691,,,,,,,,,,,,0.0,0.0,0.0,0.0,0
52.14,-2.6761,0.8738,101.0691,-0.0004,0.0,101.0691,,,,,,,,,,,,0.0,0.0,0.0,0.0,0
52.16,-2.6801,0.8744,101.1357,-0.0004,0.0,101.1357,,,,,,,,,,,,0.0,0.0,0.0,0.0,0
52.18,-2.6801,0.8744,101.1357,-0.0004,0.0,101.1357,,,,,,,,,,,,0.0,0.0,0.0,0.0,0
52.2,-2.6801,0.8744,101.1357,-0.0004,0.0,101.1357,,,,,,,,,,,,0.0,0.0,0.0,0.0,0
52.22,-2.6801,0.8744,101.1357,-0.0004,0.0,101.1357,,,,,,,,,,,,0.0,0.0,0.0,0.0,0
52.24,-2.6801,0.8744,101.1357,-0.0004,0.0,101.1357,,,,,,,,,,,,0.0,0.0,0.0,0.0,0
52.26,-2.6808,0.874,101.1556,-0.0004,0.0,101.1556,,,,,,,,,,,,0.0,0.0,0.0,0.0,0
52.28,-2.6808,0.874,101.1556,-0.0004,0.0,101.1556,,,,,,,,,,,,0.0,0.0,0.0,0.0,0
52.3,-2.6808,0.874,101.1556,-0.0004,0.0,101.1556,,,,,,,,,,,,0.0,0.0,0.0,0.0,0
52.32,-2.6808,0.874,101.1556,-0.0004,0.0,101.1556,,,,,,,,,,,,0.0,0.0,0.0,0.0,0
52.34,-2.6808,0.874,101.1556,-0.0004,0.0,101.1556,,,,,,,,,,,,0.0,0.0,0.0,0.0,0
52.36,-2.684,0.8761,101.2155,-0.0004,0.0,101.2154,,,,,,,,,,,,0.0,0.0,0.0,0.0,0
52.38,-2.684,0.8761,101.2155,-0.0004,0.0,101.2154,,,,,,,,,,,,0.0,0.0,0.0,0.0,0
52.4,-2.684,0.8761,101.2155,-0.0004,0.0,101.2154,,,,,,,,,,,,0.0,0.0,0.0,0.0,0
52.42,-2.684,0.8761,101.2155,-0.0004,0.0,101.2154,,,,,,,,,,,,0.0,0.0,0.0,0.0,0
52.44,-2.684,0.8761,101.2155,-0.0004,0.0,101.2154,,,,,,,,,,,,0.0,0.0,0.0,0.0,0
52.46,-2.6851,0.8759,101.2385,-0.0004,0.0,101.2385,,,,,,,,,,,,0.0,0.0,0.0,0.0,0
52.48,-2.6851,0.8759,101.2385,-0.0004,0.0,101.2385,,,,,,,,,,,,0.0,0.0,0.0,0.0,0
52.5,-2.6851,0.8759,101.2385,-0.0004,0.0,101.2385,,,,,,,,,,,,0.0,0.0,0.0,0.0,0
52.52,-2.6851,0.8759,101.2385,-0.0004,0.0,101.2385,,,,,,,,,,,,0.0,0.0,0.0,0.0,0
52.54,-2.6851,0.8759,101.2385,-0.0004,0.0,101.2385,,,,,,,,,,,,0.0,0.0,0.0,0.0,0
52.56,-2.6868,0.8754,101.2937,-0.0004,0.0,101.2937,,,,,,,,,,,,0.0,0.0,0.0,0.0,0
52.58,-2.6868,0.8754,101.2937,-0.0004,0.0,101.2937,,,,,,,,,,,,0.0,0.0,0.0,0.0,0
52.6,-2.6868,0.8754,101.2937,-0.0004,0.0,101.2937,,,,,,,,,,,,0.0,0.0,0.0,0.0,0
52.62,-2.6868,0.8754,101.2937,-0.0004,0.0,101.2937,,,,,,,,,,,,0.0,0.0,0.0,0.0,0
52.64,-2.6868,0.8754,101.2937,-0.0004,0.0,101.2937,,,,,,,,,,,,0.0,0.0,0.0,0.0,0
52.66,-2.6877,0.8749,101.3209,-0.0004,0.0,101.3209,,,,,,,,,,,,0.0,0.0,0.0,0.0,0
52.68,-2.6877,0.8749,101.3209,-0.0004,0.0,101.3209,,,,,,,,,,,,0.0,0.0,0.0,0.0,0
52.7,-2.6877,0.8749,101.3209,-0.0004,0.0,101.3209,,,,,,,,,,,,0.0,0.0,0.0,0.0,0
52.72,-2.6877,0.8749,101.3209,-0.0004,0.0,101.3209,,,,,,,,,,,,0.0,0.0,0.0,0.0,0
52.74,-2.6877,0.8749,101.3209,-0.0004,0.0,101.3209,,,,,,,,,,,,0.0,0.0,0.0,0.0,0
52.76,-2.687,0.8762,101.3752,-0.0004,0.0,101.3752,,,,,,,,,,,,0.0,0.0,0.0,0.0,0
52.78,-2.687,0.8762,101.3752,-0.0004,0.0,101.3752,,,,,,,,,,,,0.0,0.0,0.0,0.0,0
52.8,-2.687,0.8762,101.3752,-0.0004,0.0,101.3752,,,,,,,,,,,,0.0,0.0,0.0,0.0,0
52.82,-2.687,0.8762,101.3752,-0.0004,0.0,101.3752,,,,,,,,,,,,0.0,0.0,0.0,0.0,0
52.84,-2.687,0.8762,101.3752,-0.0004,0.0,101.3752,,,,,,,,,,,,0.0,0.0,0.0,0.0,0
52.86,-2.6886,0.8727,101.3988,-0.0004,0.0,101.3987,,,,,,,,,,,,0.0,0.0,0.0,0.0,0
52.88,-2.6886,0.8727,101.3988,-0.0004,0.0,101.3987,,,,,,,,,,,,0.0,0.0,0.0,0.0,0
52.9,-2.6886,0.8727,101.3988,-0.0004,0.0,101.3987,,,,,,,,,,,,0.0,0.0,0.0,0.0,0
52.92,-2.6886,0.8727,101.3988,-0.0004,0.0,101.3987,,,,,,,,,,,,0.0,0.0,0.0,0.0,0
52.94,-2.6886,0.8727,101.3988,-0.0004,0.0,101.3987,,,,,,,,,,,,0.0,0.0,0.0,0.0,0
52.96,-2.692,0.8726,101.4512,-0.0004,0.0,101.4512,,,,,,,,,,,,0.0,0.0,0.0,0.0,0
52.98,-2.692,0.8726,101.4512,-0.0004,0.0,101.4512,,,,,,,,,,,,0.0,0.0,0.0,0.0,0
53.0,-2.692,0.8726,101.4512,-0.0004,0.0,101.4512,,,,,,,,,,,,0.0,0.0,0.0,0.0,0
53.02,-2.692,0.8726,101.4512,-0.0004,0.0,101.4512,,,,,,,,,,,,0.0,0.0,0.0,0.0,0
53.04,-2.692,0.8726,101.4512,-0.0004,0.0,101.4512,,,,,,,,,,,,0.0,0.0,0.0,0.0,0
53.06,-2.692,0.8726,101.4746,-0.0004,0.0,101.4746,,,,,,,,,,,,0.0,0.0,0.0,0.0,0
53.08,-2.692,0.8726,101.4746,-0.0004,0.0,101.4746,,,,,,,,,,,,0.0,0.0,0.0,0.0,0
53.1,-2.692,0.8726,101.4746,-0.0004,0.0,101.4746,,,,,,,,,,,,0.0,0.0,0.0,0.0,0
53.12,-2.692,0.8726,101.4746,-0.0004,0.0,101.4746,,,,,,,,,,,,0.0,0.0,0.0,0.0,0
53.14,-2.692,0.8726,101.4746,-0.0004,0.0,101.4746,,,,,,,,,,,,0.0,0.0,0.0,0.0,0
53.16,-2.692,0.8723,101.5237,-0.0004,0.0,101.5237,,,,,,,,,,,,0.0,0.0,0.0,0.0,0
53.18,-2.692,0.8723,101.5237,-0.0004,0.0,101.5237,,,,,,,,,,,,0.0,0.0,0.0,0.0,0
53.2,-2.692,0.8723,101.5237,-0.0004,0.0,101.5237,,,,,,,,,,,,0.0,0.0,0.0,0.0,0
53.22,-2.692,0.8723,101.5237,-0.0004,0.0,101.5237,,,,,,,,,,,,0.0,0.0,0.0,0.0,0
53.24,-2.692,0.8723,101.5237,-0.0004,0.0,101.5237,,,,,,,,,,,,0.0,0.0,0.0,0.0,0
53.26,-2.6946,0.8761,101.5407,-0.0004,0.0,101.5407,,,,,,,,,,,,0.0,0.0,0.0,0.0,0
53.28,-2.6946,0.8761,101.5407,-0.0004,0.0,101.5407,,,,,,,,,,,,0.0,0.0,0.0,0.0,0
53.3,-2.6946,0.8761,101.5407,-0.0004,0.0,101.5407,,,,,,,,,,,,0.0,0.0,0.0,0.0,0
53.32,-2.6946,0.8761,101.5407,-0.0004,0.0,101.5407,,,,,,,,,,,,0.0,0.0,0.0,0.0,0
53.34,-2.6946,0.8761,101.5407,-0.0004,0.0,101.5407,,,,,,,,,,,,0.0,0.0,0.0,0.0,0
53.36,-2.6985,0.8761,101.5963,-0.0004,0.0,101.5963,,,,,,,,,,,,0.0,0.0,0.0,0.0,0
53.38,-2.6985,0.8761,101.5963,-0.0004,0.0,101.5963,,,,,,,,,,,,0.0,0.0,0.0,0.0,0
53.4,-2.6985,0.8761,101.5963,-0.0004,0.0,101.5963,,,,,,,,,,,,0.0,0.0,0.0,0.0,0
53.42,-2.6985,0.8761,101.5963,-0.0004,0.0,101.5963,,,,,,,,,,,,0.0,0.0,0.0,0.0,0
53.44,-2.6985,0.8761,101.5963,-0.0004,0.0,101.5963,,,,,,,,,,,,0.0,0.0,0.0,0.0,0
53.46,-2.6999,0.8785,101.6249,-0.0004,0.0,101.6249,,,,,,,,,,,,0.0,0.0,0.0,0.0,0
53.48,-2.6999,0.8785,101.6249,-0.0004,0.0,101.6249,,,,,,,,,,,,0.0,0.0,0.0,0.0,0
53.5,-2.6999,0.8785,101.6249,-0.0004,0.0,101.6249,,,,,,,,,,,,0.0,0.0,0.0,0.0,0
53.52,-2.6999,0.8785,101.6249,-0.0004,0.0,101.6249,,,,,,,,,,,,0.0,0.0,0.0,0.0,0
53.54,-2.6999,0.8785,101.6249,-0.0004,0.0,101.6249,,,,,,,,,,,,0.0,0.0,0.0,0.0,0
53.56,-2.7017,0.8787,101.6716,-0.0004,0.0,101.6716,,,,,,,,,,,,0.0,0.0,0.0,0.0,0
53.58,-2.7017,0.8787,101.6716,-0.0004,0.0,101.6716,,,,,,,,,,,,0.0,0.0,0.0,0.0,0
53.6,-2.7017,0.8787,101.6716,-0.0004,0.0,101.6716,,,,,,,,,,,,0.0,0.0,0.0,0.0,0
53.62,-2.7017,0.8787,101.6716,-0.0004,0.0,101.6716,,,,,,,,,,,,0.0,0.0,0.0,0.0,0
53.64,-2.7017,0.8787,101.6716,-0.0004,0.0,101.6716,,,,,,,,,,,,0.0,0.0,0.0,0.0,0
53.66,-2.7002,0.8802,101.6956,-0.0004,0.0,101.6956,,,,,,,,,,,,0.0,0.0,0.0,0.0,0
53.68,-2.7002,0.8802,101.6956,-0.0004,0.0,101.6956,,,,,,,,,,,,0.0,0.0,0.0,0.0,0
53.7,-2.7002,0.8802,101.6956,-0.0004,0.0,101.6956,,,,,,,,,,,,0.0,0.0,0.0,0.0,0
53.72,-2.7002,0.8802,101.6956,-0.0004,0.0,101.6956,,,,,,,,,,,,0.0,0.0,0.0,0.0,0
53.74,-2.7002,0.8802,101.6956,-0.0004,0.0,101.6956,,,,,,,,,,,,0.0,0.0,0.0,0.0,0
53.76,-2.7013,0.8806,101.7401,-0.0004,0.0,101.7401,,,,,,,,,,,,0.0,0.0,0.0,0.0,0
53.78,-2.7013,0.8806,101.7401,-0.0004,0.0,101.7401,,,,,,,,,,,,0.0,0.0,0.0,0.0,0
53.8,-2.7013,0.8806,101.7401,-0.0004,0.0,101.7401,,,,,,,,,,,,0.0,0.0,0.0,0.0,0
53.82,-2.7013,0.8806,101.7401,-0.0004,0.0,101.7401,,,,,,,,,,,,0.0,0.0,0.0,0.0,0
53.84,-2.7013,0.8806,101.7401,-0.0004,0.0,101.7401,,,,,,,,,,,,0.0,0.0,0.0,0.0,0
53.86,-2.7044,0.8779,101.7618,-0.0004,0.0,101.7618,,,,,,,,,,,,0.0,0.0,0.0,0.0,0
53.88,-2.7044,0.8779,101.7618,-0.0004,0.0,101.7618,,,,,,,,,,,,0.0,0.0,0.0,0.0,0
53.9,-2.7044,0.8779,101.7618,-0.0004,0.0,101.7618,,,,,,,,,,,,0.0,0.0,0.0,0.0,0
53.92,-2.7044,0.8779,101.7618,-0.0004,0.0,101.7618,,,,,,,,,,,,0.0,0.0,0.0,0.0,0
53.94,-2.7044,0.8779,101.7618,-0.0004,0.0,101.7618,,,,,,,,,,,,0.0,0.0,0.0,0.0,0
53.96,-2.7042,0.883,101.8139,-0.0004,0.0,101.8139,,,,,,,,,,,,0.0,0.0,0.0,0.0,0
53.98,-2.7042,0.883,101.8139,-0.0004,0.0,101.8139,,,,,,,,,,,,0.0,0.0,0.0,0.0,0
54.0,-2.7042,0.883,101.8139,-0.0004,0.0,101.8139,,,,,,,,,,,,0.0,0.0,0.0,0.0,0
54.02,-2.7042,0.883,101.8139,-0.0004,0.0,101.8139,,,,,,,,,,,,0.0,0.0,0.0,0.0,0
54.04,-2.7042,0.883,101.8139,-0.0004,0.0,101.8139,,,,,,,,,,,,0.0,0.0,0.0,0.0,0
54.06,-2.7042,0.8809,101.8373,-0.0004,0.0,101.8373,,,,,,,,,,,,0.0,0.0,0.0,0.0,0
54.08,-2.7042,0.8809,101.8373,-0.0004,0.0,101.8373,,,,,,,,,,,,0.0,0.0,0.0,0.0,0
54.1,-2.7042,0.8809,101.8373,-0.0004,0.0,101.8373,,,,,,,,,,,,0.0,0.0,0.0,0.0,0
54.12,-2.7042,0.8809,101.8373,-0.0004,0.0,101.8373,,,,,,,,,,,,0.0,0.0,0.0,0.0,0
54.14,-2.7042,0.8809,101.8373,-0.0004,0.0,101.8373,,,,,,,,,,,,0.0,0.0,0.0,0.0,0
54.16,-2.7067,0.881,101.8837,-0.0004,0.0,101.8837,,,,,,,,,,,,0.0,0.0,0.0,0.0,0
54.18,-2.7067,0.881,101.8837,-0.0004,0.0,101.8837,,,,,,,,,,,,0.0,0.0,0.0,0.0,0
54.2,-2.7067,0.881,101.8837,-0.0004,0.0,101.8837,,,,,,,,,,,,0.0,0.0,0.0,0.0,0
54.22,-2.7067,0.881,101.8837,-0.0004,0.0,101.8837,,,,,,,,,,,,0.0,0.0,0.0,0.0,0
54.24,-2.7067,0.881,101.8837,-0.0004,0.0,101.8837,,,,,,,,,,,,0.0,0.0,0.0,0.0,0
54.26,-2.7083,0.8794,101.9101,-0.0004,0.0,101.9101,,,,,,,,,,,,0.0,0.0,0.0,0.0,0
54.28,-2.7083,0.8794,101.9101,-0.0004,0.0,101.9101,,,,,,,,,,,,0.0,0.0,0.0,0.0,0
54.3,-2.7083,0.8794,101.9101,-0.0004,0.0,101.9101,,,,,,,,,,,,0.0,0.0,0.0,0.0,0
54.32,-2.7083,0.8794,101.9101,-0.0004,0.0,101.9101,,,,,,,,,,,,0.0,0.0,0.0,0.0,0
54.34,-2.7083,0.8794,101.9101,-0.0004,0.0,101.9101,,,,,,,,,,,,0.0,0.0,0.0,0.0,0
54.36,-2.7094,0.8806,101.9513,-0.0004,0.0,101.9513,,,,,,,,,,,,0.0,0.0,0.0,0.0,0
54.38,-2.7094,0.8806,101.9513,-0.0004,0.0,101.9513,,,,,,,,,,,,0.029,0.029,0.029,0.029,0
54.4,-2.7094,0.8806,101.9513,-0.0004,0.0,101.9513,,,,,,,,,,,,0.029,0.029,0.029,0.029,0
54.42,-2.7094,0.8806,101.9513,-0.0004,0.0,101.9513,,,,,,,,,,,,0.029,0.029,0.029,0.029,0
54.44,-2.7094,0.8806,101.9513,-0.0004,0.0,101.9513,,,,,,,,,,,,0.029,0.029,0.029,0.029,0
54.46,-2.7079,0.8813,101.9751,-0.0004,0.0,101.9751,,,,,,,,,,,,0.029,0.029,0.029,0.029,0
54.48,-2.7079,0.8813,101.9751,-0.0004,0.0,101.9751,,,,,,,,,,,,0.059,0.059,0.059,0.059,0
54.5,-2.7079,0.8813,101.9751,-0.0004,0.0,101.9751,,,,,,,,,,,,0.059,0.059,0.059,0.059,0
54.52,-2.7079,0.8813,101.9751,-0.0004,0.0,101.9751,,,,,,,,,,,,0.059,0.059,0.059,0.059,0
54.54,-2.7079,0.8813,101.9751,-0.0004,0.0,101.9751,,,,,,,,,,,,0.059,0.059,0.059,0.059,0
54.56,-2.7113,0.8813,102.0436,-0.0004,0.0,102.0436,,,,,,,,,,,,0.059,0.059,0.059,0.059,0
54.58,-2.7113,0.8813,102.0436,-0.0004,0.0,102.0436,,,,,,,,,,,,0.089,0.089,0.089,0.089,0
54.6,-2.7113,0.8813,102.0436,-0.0004,0.0,102.0436,,,,,,,,,,,,0.089,0.089,0.089,0.089,0
54.62,-2.7113,0.8813,102.0436,-0.0004,0.0,102.0436,,,,,,,,,,,,0.089,0.089,0.089,0.089,0
54.64,-2.7113,0.8813,102.0436,-0.0004,0.0,102.0436,,,,,,,,,,,,0.089,0.089,0.089,0.089,0
54.66,-2.7062,0.8803,101.8917,-0.0004,0.0,101.8917,,,,,,,,,,,,0.089,0.089,0.089,0.089,0
54.68,-2.7062,0.8803,101.8917,-0.0004,0.0,101.8917,,,,,,,,,,,,0.1,0.1,0.1,0.1,0
54.7,-2.7062,0.8803,101.8917,-0.0004,0.0,101.8917,,,,,,,,,,,,0.1,0.1,0.1,0.1,0
54.72,-2.7062,0.8803,101.8917,-0.0004,0.0,101.8917,,,,,,,,,,,,0.1,0.1,0.1,0.1,0
54.74,-2.7062,0.8803,101.8917,-0.0004,0.0,101.8917,,,,,,,,,,,,0.1,0.1,0.1,0.1,0
54.76,-2.7164,0.8734,102.1634,-0.0004,0.0,102.1634,,,,,,,,,,,,0.1,0.1,0.1,0.1,0
54.78,-2.7164,0.8734,102.1634,-0.0004,0.0,102.1634,,,,,,,,,,,,0.1,0.1,0.1,0.1,0
54.8,-2.7164,0.8734,102.1634,-0.0004,0.0,102.1634,,,,,,,,,,,,0.1,0.1,0.1,0.1,0
54.82,-2.7164,0.8734,102.1634,-0.0004,0.0,102.1634,,,,,,,,,,,,0.1,0.1,0.1,0.1,0
54.84,-2.7164,0.8734,102.1634,-0.0004,0.0,102.1634,,,,,,,,,,,,0.1,0.1,0.1,0.1,0
54.86,-2.7139,0.8757,102.0316,-0.0004,0.0,102.0316,,,,,,,,,,,,0.1,0.1,0.1,0.1,0
54.88,-2.7139,0.8757,102.0316,-0.0004,0.0,102.0316,,,,,,,,,,,,0.1,0.1,0.1,0.1,0
54.9,-2.7139,0.8757,102.0316,-0.0004,0.0,102.0316,,,,,,,,,,,,0.1,0.1,0.1,0.1,0
54.92,-2.7139,0.8757,102.0316,-0.0004,0.0,102.0316,,,,,,,,,,,,0.1,0.1,0.1,0.1,0
54.94,-2.7139,0.8757,102.0316,-0.0004,0.0,102.0316,,,,,,,,,,,,0.1,0.1,0.1,0.1,0
54.96,-2.7198,0.8769,102.1884,-0.0004,0.0,102.1885,,,,,,,,,,,,0.1,0.1,0.1,0.1,0
54.98,-2.7198,0.8769,102.1884,-0.0004,0.0,102.1885,,,,,,,,,,,,0.1,0.1,0.1,0.1,0
55.0,-2.7198,0.8769,102.1884,-0.0004,0.0,102.1885,,,,,,,,,,,,0.1,0.1,0.1,0.1,0
55.02,-2.7198,0.8769,102.1884,-0.0004,0.0,102.1885,,,,,,,,,,,,0.1,0.1,0.1,0.1,0
55.04,-2.7198,0.8769,102.1884,-0.0004,0.0,102.1885,,,,,,,,,,,,0.1,0.1,0.1,0.1,0
55.06,-2.7094,0.8762,102.1129,-0.0004,0.0,102.1129,,,,,,,,,,,,0.1,0.1,0.1,0.1,0
55.08,-2.7094,0.8762,102.1129,-0.0004,0.0,102.1129,,,,,,,,,,,,0.1,0.1,0.1,0.1,0
55.1,-2.7094,0.8762,102.1129,-0.0004,0.0,102.1129,,,,,,,,,,,,0.1,0.1,0.1,0.1,0
55.12,-2.7094,0.8762,102.1129,-0.0004,0.0,102.1129,,,,,,,,,,,,0.1,0.1,0.1,0.1,0
55.14,-2.7094,0.8762,102.1129,-0.0004,0.0,102.1129,,,,,,,,,,,,0.1,0.1,0.1,0.1,0
55.16,-2.7094,0.8702,102.2484,-0.0004,0.0,102.2484,,,,,,,,,,,,0.1,0.1,0.1,0.1,0
55.18,-2.7094,0.8702,102.2484,-0.0004,0.0,102.2484,,,,,,,,,,,,0.1,0.1,0.1,0.1,0
55.2,-2.7094,0.8702,102.2484,-0.0004,0.0,102.2484,,,,,,,,,,,,0.1,0.1,0.1,0.1,0
55.22,-2.7094,0.8702,102.2484,-0.0004,0.0,102.2484,,,,,,,,,,,,0.1,0.1,0.1,0.1,0
55.24,-2.7094,0.8702,102.2484,-0.0004,0.0,102.2484,,,,,,,,,,,,0.1,0.1,0.1,0.1,0
55.26,-2.684,0.8692,102.1684,-0.0004,0.0,102.1684,,,,,,,,,,,,0.1,0.1,0.1,0.1,0
55.28,-2.684,0.8692,102.1684,-0.0004,0.0,102.1684,,,,,,,,,,,,0.1,0.1,0.1,0.1,0
55.3,-2.684,0.8692,102.1684,-0.0004,0.0,102.1684,,,,,,,,,,,,0.1,0.1,0.1,0.1,0
55.32,-2.684,0.8692,102.1684,-0.0004,0.0,102.1684,,,,,,,,,,,,0.1,0.1,0.1,0.1,0
55.34,-2.684,0.8692,102.1684,-0.0004,0.0,102.1684,,,,,,,,,,,,0.1,0.1,0.1,0.1,0
55.36,-2.6867,0.8692,102.2871,-0.0004,0.0,102.2871,,,,,,,,,,,,0.1,0.1,0.1,0.1,0
55.38,-2.6867,0.8692,102.2871,-0.0004,0.0,102.2871,,,,,,,,,,,,0.1,0.1,0.1,0.1,0
55.4,-2.6867,0.8692,102.2871,-0.0004,0.0,102.2871,,,,,,,,,,,,0.1,0.1,0.1,0.1,0
55.42,-2.6867,0.8692,102.2871,-0.0004,0.0,102.2871,,,,,,,,,,,,0.1,0.1,0.1,0.1,0
55.44,-2.6867,0.8692,102.2871,-0.0004,0.0,102.2871,,,,,,,,,,,,0.1,0.1,0.1,0.1,0
55.46,-2.6855,0.8751,102.2301,-0.0004,0.0,102.2301,,,,,,,,,,,,0.1,0.1,0.1,0.1,0
55.48,-2.6855,0.8751,102.2301,-0.0004,0.0,102.2301,,,,,,,,,,,,0.1,0.1,0.1,0.1,0
55.5,-2.6855,0.8751,102.2301,-0.0004,0.0,102.2301,,,,,,,,,,,,0.1,0.1,0.1,0.1,0
55.52,-2.6855,0.8751,102.2301,-0.0004,0.0,102.2301,,,,,,,,,,,,0.1,0.1,0.1,0.1,0
55.54,-2.6855,0.8751,102.2301,-0.0004,0.0,102.2301,,,,,,,,,,,,0.1,0.1,0.1,0.1,0
55.56,-2.6953,0.8683,102.3373,-0.0004,0.0,102.3374,,,,,,,,,,,,0.1,0.1,0.1,0.1,0
55.58,-2.6953,0.8683,102.3373,-0.0004,0.0,102.3374,,,,,,,,,,,,0.1,0.1,0.1,0.1,0
55.6,-2.6953,0.8683,102.3373,-0.0004,0.0,102.3374,,,,,,,,,,,,0.1,0.1,0.1,0.1,0
55.62,-2.6953,0.8683,102.3373,-0.0004,0.0,102.3374,,,,,,,,,,,,0.1,0.1,0.1,0.1,0
55.64,-2.6953,0.8683,102.3373,-0.0004,0.0,102.3374,,,,,,,,,,,,0.1,0.1,0.1,0.1,0
55.66,-2.6807,0.8649,102.2929,-0.0004,0.0,102.2929,,,,,,,,,,,,0.1,0.1,0.1,0.1,0
55.68,-2.6807,0.8649,102.2929,-0.0004,0.0,102.2929,,,,,,,,,,,,0.1,0.1,0.1,0.1,0
55.7,-2.6807,0.8649,102.2929,-0.0004,0.0,102.2929,,,,,,,,,,,,0.1,0.1,0.1,0.1,0
55.72,-2.6807,0.8649,102.2929,-0.0004,0.0,102.2929,,,,,,,,,,,,0.1,0.1,0.1,0.1,0
55.74,-2.6807,0.8649,102.2929,-0.0004,0.0,102.2929,,,,,,,,,,,,0.1,0.1,0.1,0.1,0
55.76,-2.6729,0.8725,102.3762,-0.0004,0.0,102.3762,,,,,,,,,,,,0.1,0.1,0.1,0.1,0
55.78,-2.6729,0.8725,102.3762,-0.0004,0.0,102.3762,,,,,,,,,,,,0.1,0.1,0.1,0.1,0
55.8,-2.6729,0.8725,102.3762,-0.0004,0.0,102.3762,,,,,,,,,,,,0.1,0.1,0.1,0.1,0
55.82,-2.6729,0.8725,102.3762,-0.0004,0.0,102.3762,,,,,,,,,,,,0.1,0.1,0.1,0.1,0
55.84,-2.6729,0.8725,102.3762,-0.0004,0.0,102.3762,,,,,,,,,,,,0.1,0.1,0.1,0.1,0
55.86,-2.6603,0.8648,102.3587,-0.0612,0.0,102.3587,,,,,,,,,,,,0.1,0.1,0.1,0.1,0
55.88,-2.6603,0.8648,102.3587,-0.0612,0.0,102.3587,,,,,,,,,,,,0.1,0.1,0.1,0.1,0
55.9,-2.6603,0.8648,102.3587,-0.0612,0.0,102.3587,,,,,,,,,,,,0.1,0.1,0.1,0.1,0
55.92,-2.6603,0.8648,102.3587,-0.0612,0.0,102.3587,,,,,,,,,,,,0.1,0.1,0.1,0.1,0
55.94,-2.6603,0.8648,102.3587,-0.0612,0.0,102.3587,,,,,,,,,,,,0.1,0.1,0.1,0.1,0
55.96,-2.6532,0.8669,102.4304,-0.0462,0.0,102.4304,,,,,,,,,,,,0.1,0.1,0.1,0.1,0
55.98,-2.6532,0.8669,102.4304,-0.0462,0.0,102.4304,,,,,,,,,,,,0.1,0.1,0.1,0.1,0
56.0,-2.6532,0.8669,102.4304,-0.0462,0.0,102.4304,,,,,,,,,,,,0.1,0.1,0.1,0.1,0
56.02,-2.6532,0.8669,102.4304,-0.0462,0.0,102.4304,,,,,,,,,,,,0.1,0.1,0.1,0.1,0
56.04,-2.6532,0.8669,102.4304,-0.0462,0.0,102.4304,,,,,,,,,,,,0.1,0.1,0.1,0.1,0
56.06,-2.6342,0.8627,102.417,-0.0236,0.0,102.417,,,,,,,,,,,,0.1,0.1,0.1,0.1,0
56.08,-2.6342,0.8627,102.417,-0.0236,0.0,102.417,,,,,,,,,,,,0.1,0.1,0.1,0.1,0
56.1,-2.6342,0.8627,102.417,-0.0236,0.0,102.417,,,,,,,,,,,,0.1,0.1,0.1,0.1,0
56.12,-2.6342,0.8627,102.417,-0.0236,0.0,102.417,,,,,,,,,,,,0.1,0.1,0.1,0.1,0
56.14,-2.6342,0.8627,102.417,-0.0236,0.0,102.417,,,,,,,,,,,,0.1,0.1,0.1,0.1,0
56.16,-2.6199,0.8673,102.4967,-0.0121,0.0,102.4967,,,,,,,,,,,,0.1,0.1,0.1,0.1,0
56.18,-2.6199,0.8673,102.4967,-0.0121,0.0,102.4967,,,,,,,,,,,,0.1,0.1,0.1,0.1,0
56.2,-2.6199,0.8673,102.4967,-0.0121,0.0,102.4967,,,,,,,,,,,,0.1,0.1,0.1,0.1,0
56.22,-2.6199,0.8673,102.4967,-0.0121,0.0,102.4967,,,,,,,,,,,,0.1,0.1,0.1,0.1,0
56.24,-2.6199,0.8673,102.4967,-0.0121,0.0,102.4967,,,,,,,,,,,,0.1,0.1,0.1,0.1,0
56.26,-2.6075,0.8611,102.4659,-0.0062,0.0,102.4659,,,,,,,,,,,,0.1,0.1,0.1,0.1,0
56.28,-2.6075,0.8611,102.4659,-0.0062,0.0,102.4659,,,,,,,,,,,,0.1,0.1,0.1,0.1,0
56.3,-2.6075,0.8611,102.4659,-0.0062,0.0,102.4659,,,,,,,,,,,,0.1,0.1,0.1,0.1,0
56.32,-2.6075,0.8611,102.4659,-0.0062,0.0,102.4659,,,,,,,,,,,,0.1,0.1,0.1,0.1,0
56.34,-2.6075,0.8611,102.4659,-0.0062,0.0,102.4659,,,,,,,,,,,,0.1,0.1,0.1,0.1,0
56.36,-2.5908,0.8605,102.5447,-0.0031,0.0,102.5447,,,,,,,,,,,,0.1,0.1,0.1,0.1,0
56.38,-2.5908,0.8605,102.5447,-0.0031,0.0,102.5447,,,,,,,,,,,,0.1,0.1,0.1,0.1,0
56.4,-2.5908,0.8605,102.5447,-0.0031,0.0,102.5447,,,,,,,,,,,,0.1,0.1,0.1,0.1,0
56.42,-2.5908,0.8605,102.5447,-0.0031,0.0,102.5447,,,,,,,,,,,,0.1,0.1,0.1,0.1,0
56.44,-2.5908,0.8605,102.5447,-0.0031,0.0,102.5447,,,,,,,,,,,,0.1,0.1,0.1,0.1,0
56.46,-2.5528,0.8548,102.5245,-0.1095,0.0,102.5244,,,,,,,,,,,,0.1,0.1,0.1,0.1,0
56.48,-2.5528,0.8548,102.5245,-0.1095,0.0,102.5244,,,,,,,,,,,,0.1,0.1,0.1,0.1,0
56.5,-2.5528,0.8548,102.5245,-0.1095,0.0,102.5244,,,,,,,,,,,,0.1,0.1,0.1,0.1,0
56.52,-2.5528,0.8548,102.5245,-0.1095,0.0,102.5244,,,,,,,,,,,,0.1,0.1,0.1,0.1,0
56.54,-2.5528,0.8548,102.5245,-0.1095,0.0,102.5244,,,,,,,,,,,,0.1,0.1,0.1,0.1,0
56.56,-2.5489,0.8576,102.5774,-0.0559,0.0,102.5774,,,,,,,,,,,,0.1,0.1,0.1,0.1,0
56.58,-2.5489,0.8576,102.5774,-0.0559,0.0,102.5774,,,,,,,,,,,,0.1,0.1,0.1,0.1,0
56.6,-2.5489,0.8576,102.5774,-0.0559,0.0,102.5774,,,,,,,,,,,,0.1,0.1,0.1,0.1,0
56.62,-2.5489,0.8576,102.5774,-0.0559,0.0,102.5774,,,,,,,,,,,,0.1,0.1,0.1,0.1,0
56.64,-2.5489,0.8576,102.5774,-0.0559,0.0,102.5774,,,,,,,,,,,,0.1,0.1,0.1,0.1,0
56.66,-2.5128,0.8602,102.5795,-0.0285,0.0,102.5795,,,,,,,,,,,,0.1,0.1,0.1,0.1,0
56.68,-2.5128,0.8602,102.5795,-0.0285,0.0,102.5795,,,,,,,,,,,,0.1,0.1,0.1,0.1,0
56.7,-2.5128,0.8602,102.5795,-0.0285,0.0,102.5795,,,,,,,,,,,,0.1,0.1,0.1,0.1,0
56.72,-2.5128,0.8602,102.5795,-0.0285,0.0,102.5795,,,,,,,,,,,,0.1,0.1,0.1,0.1,0
56.74,-2.5128,0.8602,102.5795,-0.0285,0.0,102.5795,,,,,,,,,,,,0.1,0.1,0.1,0.1,0
56.76,-2.4964,0.8587,102.6108,-0.0146,0.0,102.6108,,,,,,,,,,,,0.1,0.1,0.1,0.1,0
56.78,-2.4964,0.8587,102.6108,-0.0146,0.0,102.6108,,,,,,,,,,,,0.1,0.1,0.1,0.1,0
56.8,-2.4964,0.8587,102.6108,-0.0146,0.0,102.6108,,,,,,,,,,,,0.1,0.1,0.1,0.1,0
56.82,-2.4964,0.8587,102.6108,-0.0146,0.0,102.6108,,,,,,,,,,,,0.1,0.1,0.1,0.1,0
56.84,-2.4964,0.8587,102.6108,-0.0146,0.0,102.6108,,,,,,,,,,,,0.1,0.1,0.1,0.1,0
56.86,-2.4786,0.8491,102.6189,-0.0074,0.0,102.6189,,,,,,,,,,,,0.1,0.1,0.1,0.1,0
56.88,-2.4786,0.8491,102.6189,-0.0074,0.0,102.6189,,,,,,,,,,,,0.1,0.1,0.1,0.1,0
56.9,-2.4786,0.8491,102.6189,-0.0074,0.0,102.6189,,,,,,,,,,,,0.1,0.1,0.1,0.1,0
56.92,-2.4786,0.8491,102.6189,-0.0074,0.0,102.6189,,,,,,,,,,,,0.1,0.1,0.1,0.1,0
56.94,-2.4786,0.8491,102.6189,-0.0074,0.0,102.6189,,,,,,,,,,,,0.1,0.1,0.1,0.1,0
56.96,-2.4539,0.8481,102.6657,-0.0038,0.0,102.6657,,,,,,,,,,,,0.1,0.1,0.1,0.1,0
56.98,-2.4539,0.8481,102.6657,-0.0038,0.0,102.6657,,,,,,,,,,,,0.128,0.128,0.128,0.128,0
57.0,-2.4539,0.8481,102.6657,-0.0038,0.0,102.6657,,,,,,,,,,,,0.128,0.128,0.128,0.128,0
57.02,-2.4539,0.8481,102.6657,-0.0038,0.0,102.6657,,,,,,,,,,,,0.128,0.128,0.128,0.128,0
57.04,-2.4539,0.8481,102.6657,-0.0038,0.0,102.6657,,,,,,,,,,,,0.128,0.128,0.128,0.128,0
57.06,-2.4161,0.8468,102.6569,-0.0019,0.0,102.6876,,,,,,,,,,,,0.128,0.128,0.128,0.128,0
57.08,-2.4161,0.8468,102.6569,-0.0019,0.0,102.6876,,,,,,,,,,,,0.171,0.252,0.229,0.2,0
57.1,-2.4161,0.8468,102.6569,-0.0019,0.0,102.6876,,,,,,,,,,,,0.171,0.252,0.229,0.2,0
57.12,-2.4161,0.8468,102.6569,-0.0019,0.0,102.6876,,,,,,,,,,,,0.171,0.252,0.229,0.2,0
57.14,-2.4161,0.8468,102.6569,-0.0019,0.0,102.6876,,,,,,,,,,,,0.171,0.252,0.229,0.2,0
57.16,-2.3788,0.8532,102.6585,-0.001,0.0,102.6876,,,,,,,,,,,,0.171,0.252,0.229,0.2,0
57.18,-2.3788,0.8532,102.6585,-0.001,0.0,102.6876,,,,,,,,,,,,0.17,0.251,0.218,0.208,0
57.2,-2.3788,0.8532,102.6585,-0.001,0.0,102.6876,,,,,,,,,,,,0.17,0.251,0.218,0.208,0
57.22,-2.3788,0.8532,102.6585,-0.001,0.0,102.6876,,,,,,,,,,,,0.17,0.251,0.218,0.208,0
57.24,-2.3788,0.8532,102.6585,-0.001,0.0,102.6876,,,,,,,,,,,,0.17,0.251,0.218,0.208,0
57.26,-2.3303,0.8202,102.6933,-0.0005,0.0,102.6876,,,,,,,,,,,,0.17,0.251,0.218,0.208,0
57.28,-2.3303,0.8202,102.6933,-0.0005,0.0,102.6876,,,,,,,,,,,,0.207,0.284,0.273,0.226,0
57.3,-2.3303,0.8202,102.6933,-0.0005,0.0,102.6876,,,,,,,,,,,,0.207,0.284,0.273,0.226,0
57.32,-2.3303,0.8202,102.6933,-0.0005,0.0,102.6876,,,,,,,,,,,,0.207,0.284,0.273,0.226,0
57.34,-2.3303,0.8202,102.6933,-0.0005,0.0,102.6876,,,,,,,,,,,,0.207,0.284,0.273,0.226,0
57.36,-2.3437,0.8394,102.692,-0.0004,0.0,102.6876,,,,,,,,,,,,0.207,0.284,0.273,0.226,0
57.38,-2.3437,0.8394,102.692,-0.0004,0.0,102.6876,,,,,,,,,,,,0.18,0.304,0.28,0.217,0
57.4,-2.3437,0.8394,102.692,-0.0004,0.0,102.6876,,,,,,,,,,,,0.18,0.304,0.28,0.217,0
57.42,-2.3437,0.8394,102.692,-0.0004,0.0,102.6876,,,,,,,,,,,,0.18,0.304,0.28,0.217,0
57.44,-2.3437,0.8394,102.692,-0.0004,0.0,102.6876,,,,,,,,,,,,0.18,0.304,0.28,0.217,0
57.46,-2.2535,0.8043,102.7222,-0.0004,0.0,102.6876,,,,,,,,,,,,0.18,0.304,0.28,0.217,0
57.48,-2.2535,0.8043,102.7222,-0.0004,0.0,102.6876,,,,,,,,,,,,0.22,0.275,0.261,0.243,0
57.5,-2.2535,0.8043,102.7222,-0.0004,0.0,102.6876,,,,,,,,,,,,0.22,0.275,0.261,0.243,0
57.52,-2.2535,0.8043,102.7222,-0.0004,0.0,102.6876,,,,,,,,,,,,0.22,0.275,0.261,0.243,0
57.54,-2.2535,0.8043,102.7222,-0.0004,0.0,102.6876,,,,,,,,,,,,0.22,0.275,0.261,0.243,0
57.56,-2.233,0.7815,102.7173,-0.0004,0.0,102.6876,,,,,,,,,,,,0.22,0.275,0.261,0.243,0
57.58,-2.233,0.7815,102.7173,-0.0004,0.0,102.6876,,,,,,,,,,,,0.212,0.288,0.279,0.229,0
57.6,-2.233,0.7815,102.7173,-0.0004,0.0,102.6876,,,,,,,,,,,,0.212,0.288,0.279,0.229,0
57.62,-2.233,0.7815,102.7173,-0.0004,0.0,102.6876,,,,,,,,,,,,0.212,0.288,0.279,0.229,0
57.64,-2.233,0.7815,102.7173,-0.0004,0.0,102.6876,,,,,,,,,,,,0.212,0.288,0.279,0.229,0
57.66,-2.1706,0.8361,102.7144,-0.0004,0.0,102.6876,,,,,,,,,,,,0.212,0.288,0.279,0.229,0
57.68,-2.1706,0.8361,102.7144,-0.0004,0.0,102.6876,,,,,,,,,,,,0.202,0.344,0.317,0.245,0
57.7,-2.1706,0.8361,102.7144,-0.0004,0.0,102.6876,,,,,,,,,,,,0.202,0.344,0.317,0.245,0
57.72,-2.1706,0.8361,102.7144,-0.0004,0.0,102.6876,,,,,,,,,,,,0.202,0.344,0.317,0.245,0
57.74,-2.1706,0.8361,102.7144,-0.0004,0.0,102.6876,,,,,,,,,,,,0.202,0.344,0.317,0.245,0
57.76,-2.2107,0.8298,102.6942,-0.0282,0.0,102.6876,,,,,,,,,,,,0.202,0.344,0.317,0.245,0
57.78,-2.2107,0.8298,102.6942,-0.0282,0.0,102.6876,,,,,,,,,,,,0.22,0.332,0.316,0.245,0
57.8,-2.2107,0.8298,102.6942,-0.0282,0.0,102.6876,,,,,,,,,,,,0.22,0.332,0.316,0.245,0
57.82,-2.2107,0.8298,102.6942,-0.0282,0.0,102.6876,,,,,,,,,,,,0.22,0.332,0.316,0.245,0
57.84,-2.2107,0.8298,102.6942,-0.0282,0.0,102.6876,,,,,,,,,,,,0.22,0.332,0.316,0.245,0
57.86,-2.1273,0.8216,102.7284,-0.1388,0.0,102.6876,,,,,,,,,,,,0.22,0.332,0.316,0.245,0
57.88,-2.1273,0.8216,102.7284,-0.1388,0.0,102.6876,,,,,,,,,,,,0.264,0.367,0.354,0.289,0
57.9,-2.1273,0.8216,102.7284,-0.1388,0.0,102.6876,,,,,,,,,,,,0.264,0.367,0.354,0.289,0
57.92,-2.1273,0.8216,102.7284,-0.1388,0.0,102.6876,,,,,,,,,,,,0.264,0.367,0.354,0.289,0
57.94,-2.1273,0.8216,102.7284,-0.1388,0.0,102.6876,,,,,,,,,,,,0.264,0.367,0.354,0.289,0
57.96,-2.0677,0.7961,102.6666,-0.189,0.0,102.6876,,,,,,,,,,,,0.264,0.367,0.354,0.289,0
57.98,-2.0677,0.7961,102.6666,-0.189,0.0,102.6876,,,,,,,,,,,,0.34,0.406,0.383,0.364,0
58.0,-2.0677,0.7961,102.6666,-0.189,0.0,102.6876,,,,,,,,,,,,0.34,0.406,0.383,0.364,0
58.02,-2.0677,0.7961,102.6666,-0.189,0.0,102.6876,,,,,,,,,,,,0.34,0.406,0.383,0.364,0
58.04,-2.0677,0.7961,102.6666,-0.189,0.0,102.6876,,,,,,,,,,,,0.34,0.406,0.383,0.364,0
58.06,-2.2066,0.7599,102.7054,-0.1035,0.0,102.6876,,,,,,,,,,,,0.34,0.406,0.383,0.364,0
58.08,-2.2066,0.7599,102.7054,-0.1035,0.0,102.6876,,,,,,,,,,,,0.332,0.419,0.411,0.346,0
58.1,-2.2066,0.7599,102.7054,-0.1035,0.0,102.6876,,,,,,,,,,,,0.332,0.419,0.411,0.346,0
58.12,-2.2066,0.7599,102.7054,-0.1035,0.0,102.6876,,,,,,,,,,,,0.332,0.419,0.411,0.346,0
58.14,-2.2066,0.7599,102.7054,-0.1035,0.0,102.6876,,,,,,,,,,,,0.332,0.419,0.411,0.346,0
58.16,-1.9502,0.7374,102.6058,-0.0529,0.0,102.6876,,,,,,,,,,,,0.332,0.419,0.411,0.346,0
58.18,-1.9502,0.7374,102.6058,-0.0529,0.0,102.6876,,,,,,,,,,,,0.334,0.425,0.393,0.364,0
58.2,-1.9502,0.7374,102.6058,-0.0529,0.0,102.6876,,,,,,,,,,,,0.334,0.425,0.393,0.364,0
58.22,-1.9502,0.7374,102.6058,-0.0529,0.0,102.6876,,,,,,,,,,,,0.334,0.425,0.393,0.364,0
58.24,-1.9502,0.7374,102.6058,-0.0529,0.0,102.6876,,,,,,,,,,,,0.334,0.425,0.393,0.364,0
58.26,-2.2323,0.7413,102.6645,-0.027,0.0,102.6876,,,,,,,,,,,,0.334,0.425,0.393,0.364,0
58.28,-2.2323,0.7413,102.6645,-0.027,0.0,102.6876,,,,,,,,,,,,0.356,0.429,0.417,0.374,0
58.3,-2.2323,0.7413,102.6645,-0.027,0.0,102.6876,,,,,,,,,,,,0.356,0.429,0.417,0.374,0
58.32,-2.2323,0.7413,102.6645,-0.027,0.0,102.6876,,,,,,,,,,,,0.356,0.429,0.417,0.374,0
58.34,-2.2323,0.7413,102.6645,-0.027,0.0,102.6876,,,,,,,,,,,,0.356,0.429,0.417,0.374,0
58.36,-2.0119,0.7656,102.5471,-0.0138,0.0,102.6876,,,,,,,,,,,,0.356,0.429,0.417,0.374,0
58.38,-2.0119,0.7656,102.5471,-0.0138,0.0,102.6876,,,,,,,,,,,,0.368,0.434,0.418,0.383,0
58.4,-2.0119,0.7656,102.5471,-0.0138,0.0,102.6876,,,,,,,,,,,,0.368,0.434,0.418,0.383,0
58.42,-2.0119,0.7656,102.5471,-0.0138,0.0,102.6876,,,,,,,,,,,,0.368,0.434,0.418,0.383,0
58.44,-2.0119,0.7656,102.5471,-0.0138,0.0,102.6876,,,,,,,,,,,,0.368,0.434,0.418,0.383,0
58.46,-2.005,0.6952,102.6347,-0.007,0.0,102.6876,,,,,,,,,,,,0.368,0.434,0.418,0.383,0
58.48,-2.005,0.6952,102.6347,-0.007,0.0,102.6876,,,,,,,,,,,,0.395,0.414,0.401,0.413,0
58.5,-2.005,0.6952,102.6347,-0.007,0.0,102.6876,,,,,,,,,,,,0.395,0.414,0.401,0.413,0
58.52,-2.005,0.6952,102.6347,-0.007,0.0,102.6876,,,,,,,,,,,,0.395,0.414,0.401,0.413,0
58.54,-2.005,0.6952,102.6347,-0.007,0.0,102.6876,,,,,,,,,,,,0.395,0.414,0.401,0.413,0
58.56,-1.9771,0.6986,102.6419,-0.0987,0.0,102.6935,,,,,,,,,,,,0.395,0.414,0.401,0.413,0
58.58,-1.9771,0.6986,102.6419,-0.0987,0.0,102.6935,,,,,,,,,,,,0.367,0.45,0.435,0.389,0
58.6,-1.9771,0.6986,102.6419,-0.0987,0.0,102.6935,,,,,,,,,,,,0.367,0.45,0.435,0.389,0
58.62,-1.9771,0.6986,102.6419,-0.0987,0.0,102.6935,,,,,,,,,,,,0.367,0.45,0.435,0.389,0
58.64,-1.9771,0.6986,102.6419,-0.0987,0.0,102.6935,,,,,,,,,,,,0.367,0.45,0.435,0.389,0
58.66,-1.9942,0.7297,102.498,-0.5417,0.0,102.822,,,,,,,,,,,,0.367,0.45,0.435,0.389,0
58.68,-1.9942,0.7297,102.498,-0.5417,0.0,102.822,,,,,,,,,,,,0.33,0.517,0.448,0.399,0
58.7,-1.9942,0.7297,102.498,-0.5417,0.0,102.822,,,,,,,,,,,,0.33,0.517,0.448,0.399,0
58.72,-1.9942,0.7297,102.498,-0.5417,0.0,102.822,,,,,,,,,,,,0.33,0.517,0.448,0.399,0
58.74,-1.9942,0.7297,102.498,-0.5417,0.0,102.822,,,,,,,,,,,,0.33,0.517,0.448,0.399,0
58.76,-1.9325,0.7576,102.5477,-0.8562,0.0,102.822,,,,,,,,,,,,0.33,0.517,0.448,0.399,0
58.78,-1.9325,0.7576,102.5477,-0.8562,0.0,102.822,,,,,,,,,,,,0.379,0.495,0.454,0.423,0
58.8,-1.9325,0.7576,102.5477,-0.8562,0.0,102.822,,,,,,,,,,,,0.379,0.495,0.454,0.423,0
58.82,-1.9325,0.7576,102.5477,-0.8562,0.0,102.822,,,,,,,,,,,,0.379,0.495,0.454,0.423,0
58.84,-1.9325,0.7576,102.5477,-0.8562,0.0,102.822,,,,,,,,,,,,0.379,0.495,0.454,0.423,0
58.86,-2.1273,0.6872,102.5673,-0.866,0.0,102.822,,,,,,,,,,,,0.379,0.495,0.454,0.423,0
58.88,-2.1273,0.6872,102.5673,-0.866,0.0,102.822,,,,,,,,,,,,0.392,0.524,0.488,0.431,0
58.9,-2.1273,0.6872,102.5673,-0.866,0.0,102.822,,,,,,,,,,,,0.392,0.524,0.488,0.431,0
58.92,-2.1273,0.6872,102.5673,-0.866,0.0,102.822,,,,,,,,,,,,0.392,0.524,0.488,0.431,0
58.94,-2.1273,0.6872,102.5673,-0.866,0.0,102.822,,,,,,,,,,,,0.392,0.524,0.488,0.431,0
58.96,-2.202,0.7576,102.5386,-0.8689,0.0,102.8272,,,,,,,,,,,,0.392,0.524,0.488,0.431,0
58.98,-2.202,0.7576,102.5386,-0.8689,0.0,102.8272,,,,,,,,,,,,0.435,0.497,0.478,0.449,0
59.0,-2.202,0.7576,102.5386,-0.8689,0.0,102.8272,,,,,,,,,,,,0.435,0.497,0.478,0.449,0
59.02,-2.202,0.7576,102.5386,-0.8689,0.0,102.8272,,,,,,,,,,,,0.435,0.497,0.478,0.449,0
59.04,-2.202,0.7576,102.5386,-0.8689,0.0,102.8272,,,,,,,,,,,,0.435,0.497,0.478,0.449,0
59.06,-2.1999,0.748,102.4574,-1.1639,0.0,102.8272,,,,,,,,,,,,0.435,0.497,0.478,0.449,0
59.08,-2.1999,0.748,102.4574,-1.1639,0.0,102.8272,,,,,,,,,,,,0.477,0.459,0.442,0.485,0
59.1,-2.1999,0.748,102.4574,-1.1639,0.0,102.8272,,,,,,,,,,,,0.477,0.459,0.442,0.485,0
59.12,-2.1999,0.748,102.4574,-1.1639,0.0,102.8272,,,,,,,,,,,,0.477,0.459,0.442,0.485,0
59.14,-2.1999,0.748,102.4574,-1.1639,0.0,102.8272,,,,,,,,,,,,0.477,0.459,0.442,0.485,0
59.16,-2.2394,0.768,102.4605,-1.3634,0.0,102.8902,,,,,,,,,,,,0.477,0.459,0.442,0.485,0
59.18,-2.2394,0.768,102.4605,-1.3634,0.0,102.8902,,,,,,,,,,,,0.422,0.53,0.496,0.448,0
59.2,-2.2394,0.768,102.4605,-1.3634,0.0,102.8902,,,,,,,,,,,,0.422,0.53,0.496,0.448,0
59.22,-2.2394,0.768,102.4605,-1.3634,0.0,102.8902,,,,,,,,,,,,0.422,0.53,0.496,0.448,0
59.24,-2.2394,0.768,102.4605,-1.3634,0.0,102.8902,,,,,,,,,,,,0.422,0.53,0.496,0.448,0
59.26,-2.2014,0.7058,102.4389,-1.4058,0.0,102.9418,,,,,,,,,,,,0.422,0.53,0.496,0.448,0
59.28,-2.2014,0.7058,102.4389,-1.4058,0.0,102.9418,,,,,,,,,,,,0.47,0.52,0.521,0.457,0
59.3,-2.2014,0.7058,102.4389,-1.4058,0.0,102.9418,,,,,,,,,,,,0.47,0.52,0.521,0.457,0
59.32,-2.2014,0.7058,102.4389,-1.4058,0.0,102.9418,,,,,,,,,,,,0.47,0.52,0.521,0.457,0
59.34,-2.2014,0.7058,102.4389,-1.4058,0.0,102.9418,,,,,,,,,,,,0.47,0.52,0.521,0.457,0
59.36,-2.1108,0.6748,102.3429,-1.4882,0.0,102.9418,,,,,,,,,,,,0.47,0.52,0.521,0.457,0
59.38,-2.1108,0.6748,102.3429,-1.4882,0.0,102.9418,,,,,,,,,,,,0.426,0.573,0.517,0.474,0
59.4,-2.1108,0.6748,102.3429,-1.4882,0.0,102.9418,,,,,,,,,,,,0.426,0.573,0.517,0.474,0
59.42,-2.1108,0.6748,102.3429,-1.4882,0.0,102.9418,,,,,,,,,,,,0.426,0.573,0.517,0.474,0
59.44,-2.1108,0.6748,102.3429,-1.4882,0.0,102.9418,,,,,,,,,,,,0.426,0.573,0.517,0.474,0
59.46,-1.9122,0.6556,102.2969,-1.6512,0.0,103.1516,,,,,,,,,,,,0.426,0.573,0.517,0.474,0
59.48,-1.9122,0.6556,102.2969,-1.6512,0.0,103.1516,,,,,,,,,,,,0.509,0.516,0.476,0.518,0
59.5,-1.9122,0.6556,102.2969,-1.6512,0.0,103.1516,,,,,,,,,,,,0.509,0.516,0.476,0.518,0
59.52,-1.9122,0.6556,102.2969,-1.6512,0.0,103.1516,,,,,,,,,,,,0.509,0.516,0.476,0.518,0
59.54,-1.9122,0.6556,102.2969,-1.6512,0.0,103.1516,,,,,,,,,,,,0.509,0.516,0.476,0.518,0
59.56,-2.1617,0.6328,102.4274,-1.7782,0.0,104.0647,,,,,,,,,,,,0.509,0.516,0.476,0.518,0
59.58,-2.1617,0.6328,102.4274,-1.7782,0.0,104.0647,,,,,,,,,,,,0.524,0.531,0.492,0.496,0
59.6,-2.1617,0.6328,102.4274,-1.7782,0.0,104.0647,,,,,,,,,,,,0.524,0.531,0.492,0.496,0
59.62,-2.1617,0.6328,102.4274,-1.7782,0.0,104.0647,,,,,,,,,,,,0.524,0.531,0.492,0.496,0
59.64,-2.1617,0.6328,102.4274,-1.7782,0.0,104.0647,,,,,,,,,,,,0.524,0.531,0.492,0.496,0
59.66,-2.021,0.5853,102.2788,-1.9034,0.0,104.4688,,,,,,,,,,,,0.524,0.531,0.492,0.496,0
59.68,-2.021,0.5853,102.2788,-1.9034,0.0,104.4688,,,,,,,,,,,,0.485,0.593,0.528,0.472,0
59.7,-2.021,0.5853,102.2788,-1.9034,0.0,104.4688,,,,,,,,,,,,0.485,0.593,0.528,0.472,0
59.72,-2.021,0.5853,102.2788,-1.9034,0.0,104.4688,,,,,,,,,,,,0.485,0.593,0.528,0.472,0
59.74,-2.021,0.5853,102.2788,-1.9034,0.0,104.4688,,,,,,,,,,,,0.485,0.593,0.528,0.472,0
59.76,-2.0179,0.6977,101.975,-1.9921,0.0,104.5977,,,,,,,,,,,,0.485,0.593,0.528,0.472,0
59.78,-2.0179,0.6977,101.975,-1.9921,0.0,104.5977,,,,,,,,,,,,0.535,0.557,0.477,0.528,0
59.8,-2.0179,0.6977,101.975,-1.9921,0.0,104.5977,,,,,,,,,,,,0.535,0.557,0.477,0.528,0
59.82,-2.0179,0.6977,101.975,-1.9921,0.0,104.5977,,,,,,,,,,,,0.535,0.557,0.477,0.528,0
59.84,-2.0179,0.6977,101.975,-1.9921,0.0,104.5977,,,,,,,,,,,,0.535,0.557,0.477,0.528,0
59.86,-2.1542,0.5521,102.1933,-2.0194,0.0,104.7745,,,,,,,,,,,,0.535,0.557,0.477,0.528,0
59.88,-2.1542,0.5521,102.1933,-2.0194,0.0,104.7745,,,,,,,,,,,,0.514,0.576,0.535,0.485,0
59.9,-2.1542,0.5521,102.1933,-2.0194,0.0,104.7745,,,,,,,,,,,,0.514,0.576,0.535,0.485,0
59.92,-2.1542,0.5521,102.1933,-2.0194,0.0,104.7745,,,,,,,,,,,,0.514,0.576,0.535,0.485,0
59.94,-2.1542,0.5521,102.1933,-2.0194,0.0,104.7745,,,,,,,,,,,,0.514,0.576,0.535,0.485,0
59.96,-1.9847,0.5009,102.3522,-2.0538,0.0,105.267,,,,,,,,,,,,0.514,0.576,0.535,0.485,0
59.98,-1.9847,0.5009,102.3522,-2.0538,0.0,105.267,,,,,,,,,,,,0.58,0.529,0.479,0.54,0
60.0,-1.9847,0.5009,102.3522,-2.0538,0.0,105.267,,,,,,,,,,,,0.58,0.529,0.479,0.54,0
60.02,-1.9847,0.5009,102.3522,-2.0538,0.0,105.267,,,,,,,,,,,,0.58,0.529,0.479,0.54,0
60.04,-1.9847,0.5009,102.3522,-2.0538,0.0,105.267,,,,,,,,,,,,0.58,0.529,0.479,0.54,0
60.06,-1.8758,0.5561,102.2393,-2.2027,0.0,105.4588,,,,,,,,,,,,0.58,0.529,0.479,0.54,0
60.08,-1.8758,0.5561,102.2393,-2.2027,0.0,105.4588,,,,,,,,,,,,0.507,0.612,0.53,0.495,0
60.1,-1.8758,0.5561,102.2393,-2.2027,0.0,105.4588,,,,,,,,,,,,0.507,0.612,0.53,0.495,0
60.12,-1.8758,0.5561,102.2393,-2.2027,0.0,105.4588,,,,,,,,,,,,0.507,0.612,0.53,0.495,0
60.14,-1.8758,0.5561,102.2393,-2.2027,0.0,105.4588,,,,,,,,,,,,0.507,0.612,0.53,0.495,0
60.16,-2.1386,0.6144,102.2019,-2.4236,0.0,105.4593,,,,,,,,,,,,0.507,0.612,0.53,0.495,0
60.18,-2.1386,0.6144,102.2019,-2.4236,0.0,105.4593,,,,,,,,,,,,0.549,0.602,0.507,0.553,0
60.2,-2.1386,0.6144,102.2019,-2.4236,0.0,105.4593,,,,,,,,,,,,0.549,0.602,0.507,0.553,0
60.22,-2.1386,0.6144,102.2019,-2.4236,0.0,105.4593,,,,,,,,,,,,0.549,0.602,0.507,0.553,0
60.24,-2.1386,0.6144,102.2019,-2.4236,0.0,105.4593,,,,,,,,,,,,0.549,0.602,0.507,0.553,0
60.26,-1.6639,0.5082,102.1111,-2.5946,0.0,105.4593,,,,,,,,,,,,0.549,0.602,0.507,0.553,0
60.28,-1.6639,0.5082,102.1111,-2.5946,0.0,105.4593,,,,,,,,,,,,0.602,0.555,0.484,0.579,0
60.3,-1.6639,0.5082,102.1111,-2.5946,0.0,105.4593,,,,,,,,,,,,0.602,0.555,0.484,0.579,0
60.32,-1.6639,0.5082,102.1111,-2.5946,0.0,105.4593,,,,,,,,,,,,0.602,0.555,0.484,0.579,0
60.34,-1.6639,0.5082,102.1111,-2.5946,0.0,105.4593,,,,,,,,,,,,0.602,0.555,0.484,0.579,0
60.36,-1.7958,0.4311,102.0362,-2.7649,0.0,105.4593,,,,,,,,,,,,0.602,0.555,0.484,0.579,0
60.38,-1.7958,0.4311,102.0362,-2.7649,0.0,105.4593,,,,,,,,,,,,0.525,0.634,0.558,0.512,0
60.4,-1.7958,0.4311,102.0362,-2.7649,0.0,105.4593,,,,,,,,,,,,0.525,0.634,0.558,0.512,0
60.42,-1.7958,0.4311,102.0362,-2.7649,0.0,105.4593,,,,,,,,,,,,0.525,0.634,0.558,0.512,0
60.44,-1.7958,0.4311,102.0362,-2.7649,0.0,105.4593,,,,,,,,,,,,0.525,0.634,0.558,0.512,0
60.46,-2.1576,0.4536,101.8452,-2.9403,0.0,105.4593,,,,,,,,,,,,0.525,0.634,0.558,0.512,0
60.48,-2.1576,0.4536,101.8452,-2.9403,0.0,105.4593,,,,,,,,,,,,0.486,0.673,0.574,0.494,0
60.5,-2.1576,0.4536,101.8452,-2.9403,0.0,105.4593,,,,,,,,,,,,0.486,0.673,0.574,0.494,0
60.52,-2.1576,0.4536,101.8452,-2.9403,0.0,105.4593,,,,,,,,,,,,0.486,0.673,0.574,0.494,0
60.54,-2.1576,0.4536,101.8452,-2.9403,0.0,105.4593,,,,,,,,,,,,0.486,0.673,0.574,0.494,0
60.56,-2.326,0.4986,101.7484,-3.1781,0.0,105.4593,,,,,,,,,,,,0.486,0.673,0.574,0.494,0
60.58,-2.326,0.4986,101.7484,-3.1781,0.0,105.4593,,,,,,,,,,,,0.503,0.668,0.562,0.515,0
60.6,-2.326,0.4986,101.7484,-3.1781,0.0,105.4593,,,,,,,,,,,,0.503,0.668,0.562,0.515,0
60.62,-2.326,0.4986,101.7484,-3.1781,0.0,105.4593,,,,,,,,,,,,0.503,0.668,0.562,0.515,0
60.64,-2.326,0.4986,101.7484,-3.1781,0.0,105.4593,,,,,,,,,,,,0.503,0.668,0.562,0.515,0
60.66,-2.1276,0.5518,101.6971,-3.4283,0.0,105.4593,,,,,,,,,,,,0.503,0.668,0.562,0.515,0
60.68,-2.1276,0.5518,101.6971,-3.4283,0.0,105.4593,,,,,,,,,,,,0.594,0.595,0.514,0.571,0
60.7,-2.1276,0.5518,101.6971,-3.4283,0.0,105.4593,,,,,,,,,,,,0.594,0.595,0.514,0.571,0
60.72,-2.1276,0.5518,101.6971,-3.4283,0.0,105.4593,,,,,,,,,,,,0.594,0.595,0.514,0.571,0
60.74,-2.1276,0.5518,101.6971,-3.4283,0.0,105.4593,,,,,,,,,,,,0.594,0.595,0.514,0.571,0
60.76,-2.1842,0.488,101.6064,-3.6986,0.0,105.4593,,,,,,,,,,,,0.594,0.595,0.514,0.571,0
60.78,-2.1842,0.488,101.6064,-3.6986,0.0,105.4593,,,,,,,,,,,,0.61,0.583,0.491,0.592,0
60.8,-2.1842,0.488,101.6064,-3.6986,0.0,105.4593,,,,,,,,,,,,0.61,0.583,0.491,0.592,0
60.82,-2.1842,0.488,101.6064,-3.6986,0.0,105.4593,,,,,,,,,,,,0.61,0.583,0.491,0.592,0
60.84,-2.1842,0.488,101.6064,-3.6986,0.0,105.4593,,,,,,,,,,,,0.61,0.583,0.491,0.592,0
60.86,-1.8861,0.4838,101.5723,-3.9708,0.0,105.4593,,,,,,,,,,,,0.61,0.583,0.491,0.592,0
60.88,-1.8861,0.4838,101.5723,-3.9708,0.0,105.4593,,,,,,,,,,,,0.628,0.566,0.497,0.59,0
60.9,-1.8861,0.4838,101.5723,-3.9708,0.0,105.4593,,,,,,,,,,,,0.628,0.566,0.497,0.59,0
60.92,-1.8861,0.4838,101.5723,-3.9708,0.0,105.4593,,,,,,,,,,,,0.628,0.566,0.497,0.59,0
60.94,-1.8861,0.4838,101.5723,-3.9708,0.0,105.4593,,,,,,,,,,,,0.628,0.566,0.497,0.59,0
60.96,-2.1063,0.3536,101.4783,-4.2237,0.0,105.4593,,,,,,,,,,,,0.628,0.566,0.497,0.59,0
60.98,-2.1063,0.3536,101.4783,-4.2237,0.0,105.4593,,,,,,,,,,,,0.599,0.615,0.533,0.571,0
61.0,-2.1063,0.3536,101.4783,-4.2237,0.0,105.4593,,,,,,,,,,,,0.599,0.615,0.533,0.571,0
61.02,-2.1063,0.3536,101.4783,-4.2237,0.0,105.4593,,,,,,,,,,,,0.599,0.615,0.533,0.571,0
61.04,-2.1063,0.3536,101.4783,-4.2237,0.0,105.4593,,,,,,,,,,,,0.599,0.615,0.533,0.571,0
61.06,-2.2881,0.4027,101.4568,-4.3655,0.0,105.4593,,,,,,,,,,,,0.599,0.615,0.533,0.571,0
61.08,-2.2881,0.4027,101.4568,-4.3655,0.0,105.4593,,,,,,,,,,,,0.585,0.649,0.575,0.555,0
61.1,-2.2881,0.4027,101.4568,-4.3655,0.0,105.4593,,,,,,,,,,,,0.585,0.649,0.575,0.555,0
61.12,-2.2881,0.4027,101.4568,-4.3655,0.0,105.4593,,,,,,,,,,,,0.585,0.649,0.575,0.555,0
61.14,-2.2881,0.4027,101.4568,-4.3655,0.0,105.4593,,,,,,,,,,,,0.585,0.649,0.575,0.555,0
61.16,-1.6958,0.2015,101.7971,-4.4368,0.0,105.4593,,,,,,,,,,,,0.585,0.649,0.575,0.555,0
61.18,-1.6958,0.2015,101.7971,-4.4368,0.0,105.4593,,,,,,,,,,,,0.618,0.625,0.56,0.594,0
61.2,-1.6958,0.2015,101.7971,-4.4368,0.0,105.4593,,,,,,,,,,,,0.618,0.625,0.56,0.594,0
61.22,-1.6958,0.2015,101.7971,-4.4368,0.0,105.4593,,,,,,,,,,,,0.618,0.625,0.56,0.594,0
61.24,-1.6958,0.2015,101.7971,-4.4368,0.0,105.4593,,,,,,,,,,,,0.618,0.625,0.56,0.594,0
61.26,-1.9887,-0.0201,102.145,-4.4001,0.0,105.4593,,,,,,,,,,,,0.618,0.625,0.56,0.594,0
61.28,-1.9887,-0.0201,102.145,-4.4001,0.0,105.4593,,,,,,,,,,,,0.608,0.635,0.565,0.599,0
61.3,-1.9887,-0.0201,102.145,-4.4001,0.0,105.4593,,,,,,,,,,,,0.608,0.635,0.565,0.599,0
61.32,-1.9887,-0.0201,102.145,-4.4001,0.0,105.4593,,,,,,,,,,,,0.608,0.635,0.565,0.599,0
61.34,-1.9887,-0.0201,102.145,-4.4001,0.0,105.4593,,,,,,,,,,,,0.608,0.635,0.565,0.599,0
61.36,-1.6581,-0.1766,102.1794,-4.3641,0.0,105.4593,,,,,,,,,,,,0.608,0.635,0.565,0.599,0
61.38,-1.6581,-0.1766,102.1794,-4.3641,0.0,105.4593,,,,,,,,,,,,0.635,0.614,0.551,0.609,0
61.4,-1.6581,-0.1766,102.1794,-4.3641,0.0,105.4593,,,,,,,,,,,,0.635,0.614,0.551,0.609,0
61.42,-1.6581,-0.1766,102.1794,-4.3641,0.0,105.4593,,,,,,,,,,,,0.635,0.614,0.551,0.609,0
61.44,-1.6581,-0.1766,102.1794,-4.3641,0.0,105.4593,,,,,,,,,,,,0.635,0.614,0.551,0.609,0
61.46,-2.3582,0.101,101.7404,-4.3789,0.0,105.4593,,,,,,,,,,,,0.635,0.614,0.551,0.609,0
61.48,-2.3582,0.101,101.7404,-4.3789,0.0,105.4593,,,,,,,,,,,,0.643,0.616,0.53,0.617,0
61.5,-2.3582,0.101,101.7404,-4.3789,0.0,105.4593,,,,,,,,,,,,0.643,0.616,0.53,0.617,0
61.52,-2.3582,0.101,101.7404,-4.3789,0.0,105.4593,,,,,,,,,,,,0.643,0.616,0.53,0.617,0
61.54,-2.3582,0.101,101.7404,-4.3789,0.0,105.4593,,,,,,,,,,,,0.643,0.616,0.53,0.617,0
61.56,-2.7378,0.4737,101.2247,-4.5409,0.0,105.4593,,,,,,,,,,,,0.643,0.616,0.53,0.617,0
61.58,-2.7378,0.4737,101.2247,-4.5409,0.0,105.4593,,,,,,,,,,,,0.572,0.693,0.584,0.554,0
61.6,-2.7378,0.4737,101.2247,-4.5409,0.0,105.4593,,,,,,,,,,,,0.572,0.693,0.584,0.554,0
61.62,-2.7378,0.4737,101.2247,-4.5409,0.0,105.4593,,,,,,,,,,,,0.572,0.693,0.584,0.554,0
61.64,-2.7378,0.4737,101.2247,-4.5409,0.0,105.4593,,,,,,,,,,,,0.572,0.693,0.584,0.554,0
61.66,-3.1609,1.0861,100.8198,-4.8094,0.0,105.4593,,,,,,,,,,,,0.572,0.693,0.584,0.554,0
61.68,-3.1609,1.0861,100.8198,-4.8094,0.0,105.4593,,,,,,,,,,,,0.617,0.657,0.524,0.61,0
61.7,-3.1609,1.0861,100.8198,-4.8094,0.0,105.4593,,,,,,,,,,,,0.617,0.657,0.524,0.61,0
61.72,-3.1609,1.0861,100.8198,-4.8094,0.0,105.4593,,,,,,,,,,,,0.617,0.657,0.524,0.61,0
61.74,-3.1609,1.0861,100.8198,-4.8094,0.0,105.4593,,,,,,,,,,,,0.617,0.657,0.524,0.61,0
61.76,-3.492,0.8659,100.4553,-5.0716,0.0,105.4593,,,,,,,,,,,,0.617,0.657,0.524,0.61,0
61.78,-3.492,0.8659,100.4553,-5.0716,0.0,105.4593,,,,,,,,,,,,0.612,0.667,0.551,0.583,0
61.8,-3.492,0.8659,100.4553,-5.0716,0.0,105.4593,,,,,,,,,,,,0.612,0.667,0.551,0.583,0
61.82,-3.492,0.8659,100.4553,-5.0716,0.0,105.4593,,,,,,,,,,,,0.612,0.667,0.551,0.583,0
61.84,-3.492,0.8659,100.4553,-5.0716,0.0,105.4593,,,,,,,,,,,,0.612,0.667,0.551,0.583,0
61.86,-3.0656,0.8012,100.2822,-4.9997,0.0,105.4593,,,,,,,,,,,,0.612,0.667,0.551,0.583,0
61.88,-3.0656,0.8012,100.2822,-4.9997,0.0,105.4593,,,,,,,,,,,,0.596,0.683,0.558,0.576,0
61.9,-3.0656,0.8012,100.2822,-4.9997,0.0,105.4593,,,,,,,,,,,,0.596,0.683,0.558,0.576,0
61.92,-3.0656,0.8012,100.2822,-4.9997,0.0,105.4593,,,,,,,,,,,,0.596,0.683,0.558,0.576,0
61.94,-3.0656,0.8012,100.2822,-4.9997,0.0,105.4593,,,,,,,,,,,,0.596,0.683,0.558,0.576,0
61.96,-2.9594,1.0008,100.3484,-4.5199,0.0,105.4593,,,,,,,,,,,,0.596,0.683,0.558,0.576,0
61.98,-2.9594,1.0008,100.3484,-4.5199,0.0,105.4593,,,,,,,,,,,,0.622,0.654,0.529,0.607,0
62.0,-2.9594,1.0008,100.3484,-4.5199,0.0,105.4593,,,,,,,,,,,,0.622,0.654,0.529,0.607,0
62.02,-2.9594,1.0008,100.3484,-4.5199,0.0,105.4593,,,,,,,,,,,,0.622,0.654,0.529,0.607,0
62.04,-2.9594,1.0008,100.3484,-4.5199,0.0,105.4593,,,,,,,,,,,,0.622,0.654,0.529,0.607,0
62.06,-2.6363,0.4508,100.691,-4.1022,0.0,105.4593,,,,,,,,,,,,0.622,0.654,0.529,0.607,0
62.08,-2.6363,0.4508,100.691,-4.1022,0.0,105.4593,,,,,,,,,,,,0.585,0.682,0.58,0.565,0
62.1,-2.6363,0.4508,100.691,-4.1022,0.0,105.4593,,,,,,,,,,,,0.585,0.682,0.58,0.565,0
62.12,-2.6363,0.4508,100.691,-4.1022,0.0,105.4593,,,,,,,,,,,,0.585,0.682,0.58,0.565,0
62.14,-2.6363,0.4508,100.691,-4.1022,0.0,105.4593,,,,,,,,,,,,0.585,0.682,0.58,0.565,0
62.16,-2.0,-0.4821,101.0576,-3.7394,0.0,105.4593,,,,,,,,,,,,0.585,0.682,0.58,0.565,0
62.18,-2.0,-0.4821,101.0576,-3.7394,0.0,105.4593,,,,,,,,,,,,0.65,0.62,0.556,0.599,0
62.2,-2.0,-0.4821,101.0576,-3.7394,0.0,105.4593,,,,,,,,,,,,0.65,0.62,0.556,0.599,0
62.22,-2.0,-0.4821,101.0576,-3.7394,0.0,105.4593,,,,,,,,,,,,0.65,0.62,0.556,0.599,0
62.24,-2.0,-0.4821,101.0576,-3.7394,0.0,105.4593,,,,,,,,,,,,0.65,0.62,0.556,0.599,0
62.26,-1.5962,-0.5957,101.5121,-3.5113,0.0,105.4593,,,,,,,,,,,,0.65,0.62,0.556,0.599,0
62.28,-1.5962,-0.5957,101.5121,-3.5113,0.0,105.4593,,,,,,,,,,,,0.554,0.708,0.626,0.543,0
62.3,-1.5962,-0.5957,101.5121,-3.5113,0.0,105.4593,,,,,,,,,,,,0.554,0.708,0.626,0.543,0
62.32,-1.5962,-0.5957,101.5121,-3.5113,0.0,105.4593,,,,,,,,,,,,0.554,0.708,0.626,0.543,0
62.34,-1.5962,-0.5957,101.5121,-3.5113,0.0,105.4593,,,,,,,,,,,,0.554,0.708,0.626,0.543,0
62.36,-2.2141,-0.1384,101.8819,-3.41,0.0,105.4593,,,,,,,,,,,,0.554,0.708,0.626,0.543,0
62.38,-2.2141,-0.1384,101.8819,-3.41,0.0,105.4593,,,,,,,,,,,,0.672,0.596,0.504,0.663,0
62.4,-2.2141,-0.1384,101.8819,-3.41,0.0,105.4593,,,,,,,,,,,,0.672,0.596,0.504,0.663,0
62.42,-2.2141,-0.1384,101.8819,-3.41,0.0,105.4593,,,,,,,,,,,,0.672,0.596,0.504,0.663,0
62.44,-2.2141,-0.1384,101.8819,-3.41,0.0,105.4593,,,,,,,,,,,,0.672,0.596,0.504,0.663,0
62.46,-2.339,-0.5975,101.8999,-3.5489,0.0,105.4593,,,,,,,,,,,,0.672,0.596,0.504,0.663,0
62.48,-2.339,-0.5975,101.8999,-3.5489,0.0,105.4593,,,,,,,,,,,,0.611,0.663,0.608,0.562,0
62.5,-2.339,-0.5975,101.8999,-3.5489,0.0,105.4593,,,,,,,,,,,,0.611,0.663,0.608,0.562,0
62.52,-2.339,-0.5975,101.8999,-3.5489,0.0,105.4593,,,,,,,,,,,,0.611,0.663,0.608,0.562,0
62.54,-2.339,-0.5975,101.8999,-3.5489,0.0,105.4593,,,,,,,,,,,,0.611,0.663,0.608,0.562,0
62.56,-3.0986,-1.0387,101.8624,-3.9283,0.0,105.4593,,,,,,,,,,,,0.611,0.663,0.608,0.562,0
62.58,-3.0986,-1.0387,101.8624,-3.9283,0.0,105.4593,,,,,,,,,,,,0.623,0.655,0.564,0.604,0
62.6,-3.0986,-1.0387,101.8624,-3.9283,0.0,105.4593,,,,,,,,,,,,0.623,0.655,0.564,0.604,0
62.62,-3.0986,-1.0387,101.8624,-3.9283,0.0,105.4593,,,,,,,,,,,,0.623,0.655,0.564,0.604,0
62.64,-3.0986,-1.0387,101.8624,-3.9283,0.0,105.4593,,,,,,,,,,,,0.623,0.655,0.564,0.604,0
62.66,-2.4273,-1.0483,101.5361,-4.2431,0.0,105.4593,,,,,,,,,,,,0.623,0.655,0.564,0.604,0
62.68,-2.4273,-1.0483,101.5361,-4.2431,0.0,105.4593,,,,,,,,,,,,0.642,0.645,0.538,0.618,0
62.7,-2.4273,-1.0483,101.5361,-4.2431,0.0,105.4593,,,,,,,,,,,,0.642,0.645,0.538,0.618,0
62.72,-2.4273,-1.0483,101.5361,-4.2431,0.0,105.4593,,,,,,,,,,,,0.642,0.645,0.538,0.618,0
62.74,-2.4273,-1.0483,101.5361,-4.2431,0.0,105.4593,,,,,,,,,,,,0.642,0.645,0.538,0.618,0
62.76,-2.3542,-0.0015,101.0482,-4.4302,0.0,105.4593,,,,,,,,,,,,0.642,0.645,0.538,0.618,0
62.78,-2.3542,-0.0015,101.0482,-4.4302,0.0,105.4593,,,,,,,,,,,,0.669,0.623,0.511,0.634,0
62.8,-2.3542,-0.0015,101.0482,-4.4302,0.0,105.4593,,,,,,,,,,,,0.669,0.623,0.511,0.634,0
62.82,-2.3542,-0.0015,101.0482,-4.4302,0.0,105.4593,,,,,,,,,,,,0.669,0.623,0.511,0.634,0
62.84,-2.3542,-0.0015,101.0482,-4.4302,0.0,105.4593,,,,,,,,,,,,0.669,0.623,0.511,0.634,0
62.86,-2.0593,0.3635,100.9236,-4.3885,0.0,105.4593,,,,,,,,,,,,0.669,0.623,0.511,0.634,0
62.88,-2.0593,0.3635,100.9236,-4.3885,0.0,105.4593,,,,,,,,,,,,0.646,0.646,0.579,0.573,0
62.9,-2.0593,0.3635,100.9236,-4.3885,0.0,105.4593,,,,,,,,,,,,0.646,0.646,0.579,0.573,0
62.92,-2.0593,0.3635,100.9236,-4.3885,0.0,105.4593,,,,,,,,,,,,0.646,0.646,0.579,0.573,0
62.94,-2.0593,0.3635,100.9236,-4.3885,0.0,105.4593,,,,,,,,,,,,0.646,0.646,0.579,0.573,0
62.96,-2.3361,-0.3897,101.3263,-4.1472,0.0,105.4593,,,,,,,,,,,,0.646,0.646,0.579,0.573,0
62.98,-2.3361,-0.3897,101.3263,-4.1472,0.0,105.4593,,,,,,,,,,,,0.563,0.711,0.626,0.535,0
63.0,-2.3361,-0.3897,101.3263,-4.1472,0.0,105.4593,,,,,,,,,,,,0.563,0.711,0.626,0.535,0
63.02,-2.3361,-0.3897,101.3263,-4.1472,0.0,105.4593,,,,,,,,,,,,0.563,0.711,0.626,0.535,0
63.04,-2.3361,-0.3897,101.3263,-4.1472,0.0,105.4593,,,,,,,,,,,,0.563,0.711,0.626,0.535,0
63.06,-1.7529,-0.3993,101.456,-3.8155,0.0,105.4593,,,,,,,,,,,,0.563,0.711,0.626,0.535,0
63.08,-1.7529,-0.3993,101.456,-3.8155,0.0,105.4593,,,,,,,,,,,,0.679,0.601,0.483,0.667,0
63.1,-1.7529,-0.3993,101.456,-3.8155,0.0,105.4593,,,,,,,,,,,,0.679,0.601,0.483,0.667,0
63.12,-1.7529,-0.3993,101.456,-3.8155,0.0,105.4593,,,,,,,,,,,,0.679,0.601,0.483,0.667,0
63.14,-1.7529,-0.3993,101.456,-3.8155,0.0,105.4593,,,,,,,,,,,,0.679,0.601,0.483,0.667,0
63.16,-1.8852,0.431,101.5555,-3.5501,0.0,105.4593,,,,,,,,,,,,0.679,0.601,0.483,0.667,0
63.18,-1.8852,0.431,101.5555,-3.5501,0.0,105.4593,,,,,,,,,,,,0.638,0.643,0.546,0.616,0
63.2,-1.8852,0.431,101.5555,-3.5501,0.0,105.4593,,,,,,,,,,,,0.638,0.643,0.546,0.616,0
63.22,-1.8852,0.431,101.5555,-3.5501,0.0,105.4593,,,,,,,,,,,,0.638,0.643,0.546,0.616,0
63.24,-1.8852,0.431,101.5555,-3.5501,0.0,105.4593,,,,,,,,,,,,0.638,0.643,0.546,0.616,0
63.26,-2.675,-0.0949,101.4954,-3.422,0.0,105.4593,,,,,,,,,,,,0.638,0.643,0.546,0.616,0
63.28,-2.675,-0.0949,101.4954,-3.422,0.0,105.4593,,,,,,,,,,,,0.636,0.647,0.601,0.56,0
63.3,-2.675,-0.0949,101.4954,-3.422,0.0,105.4593,,,,,,,,,,,,0.636,0.647,0.601,0.56,0
63.32,-2.675,-0.0949,101.4954,-3.422,0.0,105.4593,,,,,,,,,,,,0.636,0.647,0.601,0.56,0
63.34,-2.675,-0.0949,101.4954,-3.422,0.0,105.4593,,,,,,,,,,,,0.636,0.647,0.601,0.56,0
63.36,-2.8741,-1.7125,101.5298,-3.4388,0.0,105.4593,,,,,,,,,,,,0.636,0.647,0.601,0.56,0
63.38,-2.8741,-1.7125,101.5298,-3.4388,0.0,105.4593,,,,,,,,,,,,0.65,0.637,0.533,0.623,0
63.4,-2.8741,-1.7125,101.5298,-3.4388,0.0,105.4593,,,,,,,,,,,,0.65,0.637,0.533,0.623,0
63.42,-2.8741,-1.7125,101.5298,-3.4388,0.0,105.4593,,,,,,,,,,,,0.65,0.637,0.533,0.623,0
63.44,-2.8741,-1.7125,101.5298,-3.4388,0.0,105.4593,,,,,,,,,,,,0.65,0.637,0.533,0.623,0
63.46,-2.6375,-0.7767,101.334,-3.4322,0.0,105.4593,,,,,,,,,,,,0.65,0.637,0.533,0.623,0
63.48,-2.6375,-0.7767,101.334,-3.4322,0.0,105.4593,,,,,,,,,,,,0.622,0.666,0.541,0.612,0
63.5,-2.6375,-0.7767,101.334,-3.4322,0.0,105.4593,,,,,,,,,,,,0.622,0.666,0.541,0.612,0
63.52,-2.6375,-0.7767,101.334,-3.4322,0.0,105.4593,,,,,,,,,,,,0.622,0.666,0.541,0.612,0
63.54,-2.6375,-0.7767,101.334,-3.4322,0.0,105.4593,,,,,,,,,,,,0.622,0.666,0.541,0.612,0
63.56,-4.5731,0.4175,101.1703,-3.4204,0.0,105.4593,,,,,,,,,,,,0.622,0.666,0.541,0.612,0
63.58,-4.5731,0.4175,101.1703,-3.4204,0.0,105.4593,,,,,,,,,,,,0.605,0.693,0.54,0.622,0
63.6,-4.5731,0.4175,101.1703,-3.4204,0.0,105.4593,,,,,,,,,,,,0.605,0.693,0.54,0.622,0
63.62,-4.5731,0.4175,101.1703,-3.4204,0.0,105.4593,,,,,,,,,,,,0.605,0.693,0.54,0.622,0
63.64,-4.5731,0.4175,101.1703,-3.4204,0.0,105.4593,,,,,,,,,,,,0.605,0.693,0.54,0.622,0
63.66,-4.6241,2.2627,100.6176,-3.5008,0.0,105.4593,,,,,,,,,,,,0.605,0.693,0.54,0.622,0
63.68,-4.6241,2.2627,100.6176,-3.5008,0.0,105.4593,,,,,,,,,,,,0.643,0.678,0.549,0.62,0
63.7,-4.6241,2.2627,100.6176,-3.5008,0.0,105.4593,,,,,,,,,,,,0.643,0.678,0.549,0.62,0
63.72,-4.6241,2.2627,100.6176,-3.5008,0.0,105.4593,,,,,,,,,,,,0.643,0.678,0.549,0.62,0
63.74,-4.6241,2.2627,100.6176,-3.5008,0.0,105.4593,,,,,,,,,,,,0.643,0.678,0.549,0.62,0
63.76,-3.6778,1.0261,100.4242,-3.5722,0.0,105.4593,,,,,,,,,,,,0.643,0.678,0.549,0.62,0
63.78,-3.6778,1.0261,100.4242,-3.5722,0.0,105.4593,,,,,,,,,,,,0.697,0.626,0.55,0.613,0
63.8,-3.6778,1.0261,100.4242,-3.5722,0.0,105.4593,,,,,,,,,,,,0.697,0.626,0.55,0.613,0
63.82,-3.6778,1.0261,100.4242,-3.5722,0.0,105.4593,,,,,,,,,,,,0.697,0.626,0.55,0.613,0
63.84,-3.6778,1.0261,100.4242,-3.5722,0.0,105.4593,,,,,,,,,,,,0.697,0.626,0.55,0.613,0
63.86,-3.8494,-0.3646,100.3471,-3.5793,0.0,105.4593,,,,,,,,,,,,0.697,0.626,0.55,0.613,0
63.88,-3.8494,-0.3646,100.3471,-3.5793,0.0,105.4593,,,,,,,,,,,,0.587,0.73,0.579,0.585,0
63.9,-3.8494,-0.3646,100.3471,-3.5793,0.0,105.4593,,,,,,,,,,,,0.587,0.73,0.579,0.585,0
63.92,-3.8494,-0.3646,100.3471,-3.5793,0.0,105.4593,,,,,,,,,,,,0.587,0.73,0.579,0.585,0
63.94,-3.8494,-0.3646,100.3471,-3.5793,0.0,105.4593,,,,,,,,,,,,0.587,0.73,0.579,0.585,0
63.96,-1.3485,0.6207,99.9335,-3.5986,0.0,105.4593,,,,,,,,,,,,0.587,0.73,0.579,0.585,0
63.98,-1.3485,0.6207,99.9335,-3.5986,0.0,105.4593,,,,,,,,,,,,0.715,0.612,0.454,0.681,0
64.0,-1.3485,0.6207,99.9335,-3.5986,0.0,105.4593,,,,,,,,,,,,0.715,0.612,0.454,0.681,0
64.02,-1.3485,0.6207,99.9335,-3.5986,0.0,105.4593,,,,,,,,,,,,0.715,0.612,0.454,0.681,0
64.04,-1.3485,0.6207,99.9335,-3.5986,0.0,105.4593,,,,,,,,,,,,0.715,0.612,0.454,0.681,0
64.06,-2.3655,0.8961,99.8856,-3.6385,0.0,105.4593,,,,,,,,,,,,0.715,0.612,0.454,0.681,0
64.08,-2.3655,0.8961,99.8856,-3.6385,0.0,105.4593,,,,,,,,,,,,0.616,0.71,0.59,0.568,0
64.1,-2.3655,0.8961,99.8856,-3.6385,0.0,105.4593,,,,,,,,,,,,0.616,0.71,0.59,0.568,0
64.12,-2.3655,0.8961,99.8856,-3.6385,0.0,105.4593,,,,,,,,,,,,0.616,0.71,0.59,0.568,0
64.14,-2.3655,0.8961,99.8856,-3.6385,0.0,105.4593,,,,,,,,,,,,0.616,0.71,0.59,0.568,0
64.16,-2.305,1.5385,99.9558,-3.6719,0.0,105.4593,,,,,,,,,,,,0.616,0.71,0.59,0.568,0
64.18,-2.305,1.5385,99.9558,-3.6719,0.0,105.4593,,,,,,,,,,,,0.705,0.618,0.516,0.641,0
64.2,-2.305,1.5385,99.9558,-3.6719,0.0,105.4593,,,,,,,,,,,,0.705,0.618,0.516,0.641,0
64.22,-2.305,1.5385,99.9558,-3.6719,0.0,105.4593,,,,,,,,,,,,0.705,0.618,0.516,0.641,0
64.24,-2.305,1.5385,99.9558,-3.6719,0.0,105.4593,,,,,,,,,,,,0.705,0.618,0.516,0.641,0
64.26,-2.8326,0.5937,100.4437,-3.6889,0.0,105.4593,,,,,,,,,,,,0.705,0.618,0.516,0.641,0
64.28,-2.8326,0.5937,100.4437,-3.6889,0.0,105.4593,,,,,,,,,,,,0.679,0.639,0.514,0.652,0
64.3,-2.8326,0.5937,100.4437,-3.6889,0.0,105.4593,,,,,,,,,,,,0.679,0.639,0.514,0.652,0
64.32,-2.8326,0.5937,100.4437,-3.6889,0.0,105.4593,,,,,,,,,,,,0.679,0.639,0.514,0.652,0
64.34,-2.8326,0.5937,100.4437,-3.6889,0.0,105.4593,,,,,,,,,,,,0.679,0.639,0.514,0.652,0
64.36,-2.5598,0.6217,100.5755,-3.7691,0.0,105.4593,,,,,,,,,,,,0.679,0.639,0.514,0.652,0
64.38,-2.5598,0.6217,100.5755,-3.7691,0.0,105.4593,,,,,,,,,,,,0.696,0.625,0.521,0.648,0
64.4,-2.5598,0.6217,100.5755,-3.7691,0.0,105.4593,,,,,,,,,,,,0.696,0.625,0.521,0.648,0
64.42,-2.5598,0.6217,100.5755,-3.7691,0.0,105.4593,,,,,,,,,,,,0.696,0.625,0.521,0.648,0
64.44,-2.5598,0.6217,100.5755,-3.7691,0.0,105.4593,,,,,,,,,,,,0.696,0.625,0.521,0.648,0
64.46,-2.0255,-0.5542,100.5969,-3.863,0.0,105.4593,,,,,,,,,,,,0.696,0.625,0.521,0.648,0
64.48,-2.0255,-0.5542,100.5969,-3.863,0.0,105.4593,,,,,,,,,,,,0.701,0.635,0.543,0.634,0
64.5,-2.0255,-0.5542,100.5969,-3.863,0.0,105.4593,,,,,,,,,,,,0.701,0.635,0.543,0.634,0
64.52,-2.0255,-0.5542,100.5969,-3.863,0.0,105.4593,,,,,,,,,,,,0.701,0.635,0.543,0.634,0
64.54,-2.0255,-0.5542,100.5969,-3.863,0.0,105.4593,,,,,,,,,,,,0.701,0.635,0.543,0.634,0
64.56,-3.484,-1.7029,99.9066,-3.9634,0.0,105.4593,,,,,,,,,,,,0.701,0.635,0.543,0.634,0
64.58,-3.484,-1.7029,99.9066,-3.9634,0.0,105.4593,,,,,,,,,,,,0.635,0.721,0.61,0.557,0
64.6,-3.484,-1.7029,99.9066,-3.9634,0.0,105.4593,,,,,,,,,,,,0.635,0.721,0.61,0.557,0
64.62,-3.484,-1.7029,99.9066,-3.9634,0.0,105.4593,,,,,,,,,,,,0.635,0.721,0.61,0.557,0
64.64,-3.484,-1.7029,99.9066,-3.9634,0.0,105.4593,,,,,,,,,,,,0.635,0.721,0.61,0.557,0
64.66,-5.4066,-1.2009,99.4456,-4.1503,0.0,105.4593,,,,,,,,,,,,0.635,0.721,0.61,0.557,0
64.68,-5.4066,-1.2009,99.4456,-4.1503,0.0,105.4593,,,,,,,,,,,,0.686,0.682,0.478,0.677,0
64.7,-5.4066,-1.2009,99.4456,-4.1503,0.0,105.4593,,,,,,,,,,,,0.686,0.682,0.478,0.677,0
64.72,-5.4066,-1.2009,99.4456,-4.1503,0.0,105.4593,,,,,,,,,,,,0.686,0.682,0.478,0.677,0
64.74,-5.4066,-1.2009,99.4456,-4.1503,0.0,105.4593,,,,,,,,,,,,0.686,0.682,0.478,0.677,0
64.76,-5.1706,-0.069,98.8936,-4.5079,0.0,105.4593,,,,,,,,,,,,0.686,0.682,0.478,0.677,0
64.78,-5.1706,-0.069,98.8936,-4.5079,0.0,105.4593,,,,,,,,,,,,0.612,0.757,0.58,0.587,0
64.8,-5.1706,-0.069,98.8936,-4.5079,0.0,105.4593,,,,,,,,,,,,0.612,0.757,0.58,0.587,0
64.82,-5.1706,-0.069,98.8936,-4.5079,0.0,105.4593,,,,,,,,,,,,0.612,0.757,0.58,0.587,0
64.84,-5.1706,-0.069,98.8936,-4.5079,0.0,105.4593,,,,,,,,,,,,0.612,0.757,0.58,0.587,0
64.86,-4.6618,-0.5855,98.9616,-4.814,0.0,105.4593,,,,,,,,,,,,0.612,0.757,0.58,0.587,0
64.88,-4.6618,-0.5855,98.9616,-4.814,0.0,105.4593,,,,,,,,,,,,0.685,0.686,0.539,0.629,0
64.9,-4.6618,-0.5855,98.9616,-4.814,0.0,105.4593,,,,,,,,,,,,0.685,0.686,0.539,0.629,0
64.92,-4.6618,-0.5855,98.9616,-4.814,0.0,105.4593,,,,,,,,,,,,0.685,0.686,0.539,0.629,0
64.94,-4.6618,-0.5855,98.9616,-4.814,0.0,105.4593,,,,,,,,,,,,0.685,0.686,0.539,0.629,0
64.96,-5.1593,-0.7335,99.4297,-4.8926,0.0,105.4593,,,,,,,,,,,,0.685,0.686,0.539,0.629,0
64.98,-5.1593,-0.7335,99.4297,-4.8926,0.0,105.4593,,,,,,,,,,,,0.58,0.77,0.62,0.562,0
65.0,-5.1593,-0.7335,99.4297,-4.8926,0.0,105.4593,,,,,,,,,,,,0.58,0.77,0.62,0.562,0
65.02,-5.1593,-0.7335,99.4297,-4.8926,0.0,105.4593,,,,,,,,,,,,0.58,0.77,0.62,0.562,0
65.04,-5.1593,-0.7335,99.4297,-4.8926,0.0,105.4593,,,,,,,,,,,,0.58,0.77,0.62,0.562,0
65.06,-5.7801,0.4597,99.8028,-4.9705,0.0,105.4593,,,,,,,,,,,,0.58,0.77,0.62,0.562,0
65.08,-5.7801,0.4597,99.8028,-4.9705,0.0,105.4593,,,,,,,,,,,,0.639,0.712,0.553,0.638,0
65.1,-5.7801,0.4597,99.8028,-4.9705,0.0,105.4593,,,,,,,,,,,,0.639,0.712,0.553,0.638,0
65.12,-5.7801,0.4597,99.8028,-4.9705,0.0,105.4593,,,,,,,,,,,,0.639,0.712,0.553,0.638,0
65.14,-5.7801,0.4597,99.8028,-4.9705,0.0,105.4593,,,,,,,,,,,,0.639,0.712,0.553,0.638,0
65.16,-2.8315,1.1407,100.1792,-5.0704,0.0,105.4593,,,,,,,,,,,,0.639,0.712,0.553,0.638,0
65.18,-2.8315,1.1407,100.1792,-5.0704,0.0,105.4593,,,,,,,,,,,,0.735,0.608,0.5,0.682,0
65.2,-2.8315,1.1407,100.1792,-5.0704,0.0,105.4593,,,,,,,,,,,,0.735,0.608,0.5,0.682,0
65.22,-2.8315,1.1407,100.1792,-5.0704,0.0,105.4593,,,,,,,,,,,,0.735,0.608,0.5,0.682,0
65.24,-2.8315,1.1407,100.1792,-5.0704,0.0,105.4593,,,,,,,,,,,,0.735,0.608,0.5,0.682,0
65.26,-0.548,0.0499,100.2233,-5.0535,0.0,105.4593,,,,,,,,,,,,0.735,0.608,0.5,0.682,0
65.28,-0.548,0.0499,100.2233,-5.0535,0.0,105.4593,,,,,,,,,,,,0.687,0.666,0.562,0.623,0
65.3,-0.548,0.0499,100.2233,-5.0535,0.0,105.4593,,,,,,,,,,,,0.687,0.666,0.562,0.623,0
65.32,-0.548,0.0499,100.2233,-5.0535,0.0,105.4593,,,,,,,,,,,,0.687,0.666,0.562,0.623,0
65.34,-0.548,0.0499,100.2233,-5.0535,0.0,105.4593,,,,,,,,,,,,0.687,0.666,0.562,0.623,0
65.36,-4.3662,-2.167,100.8364,-4.8291,0.0,105.4593,,,,,,,,,,,,0.687,0.666,0.562,0.623,0
65.38,-4.3662,-2.167,100.8364,-4.8291,0.0,105.4593,,,,,,,,,,,,0.636,0.709,0.672,0.518,0
65.4,-4.3662,-2.167,100.8364,-4.8291,0.0,105.4593,,,,,,,,,,,,0.636,0.709,0.672,0.518,0
65.42,-4.3662,-2.167,100.8364,-4.8291,0.0,105.4593,,,,,,,,,,,,0.636,0.709,0.672,0.518,0
65.44,-4.3662,-2.167,100.8364,-4.8291,0.0,105.4593,,,,,,,,,,,,0.636,0.709,0.672,0.518,0
65.46,-10.0341,-3.6252,101.3329,-4.5024,0.0,105.4593,,,,,,,,,,,,0.636,0.709,0.672,0.518,0
65.48,-10.0341,-3.6252,101.3329,-4.5024,0.0,105.4593,,,,,,,,,,,,0.586,0.757,0.637,0.571,0
65.5,-10.0341,-3.6252,101.3329,-4.5024,0.0,105.4593,,,,,,,,,,,,0.586,0.757,0.637,0.571,0
65.52,-10.0341,-3.6252,101.3329,-4.5024,0.0,105.4593,,,,,,,,,,,,0.586,0.757,0.637,0.571,0
65.54,-10.0341,-3.6252,101.3329,-4.5024,0.0,105.4593,,,,,,,,,,,,0.586,0.757,0.637,0.571,0
65.56,-10.2493,-2.3327,101.4764,-4.7594,0.0,105.4593,,,,,,,,,,,,0.586,0.757,0.637,0.571,0
65.58,-10.2493,-2.3327,101.4764,-4.7594,0.0,105.4593,,,,,,,,,,,,0.711,0.638,0.524,0.681,0
65.6,-10.2493,-2.3327,101.4764,-4.7594,0.0,105.4593,,,,,,,,,,,,0.711,0.638,0.524,0.681,0
65.62,-10.2493,-2.3327,101.4764,-4.7594,0.0,105.4593,,,,,,,,,,,,0.711,0.638,0.524,0.681,0
65.64,-10.2493,-2.3327,101.4764,-4.7594,0.0,105.4593,,,,,,,,,,,,0.711,0.638,0.524,0.681,0
65.66,-9.0879,-1.0589,101.5993,-5.379,0.0,105.4593,,,,,,,,,,,,0.711,0.638,0.524,0.681,0
65.68,-9.0879,-1.0589,101.5993,-5.379,0.0,105.4593,,,,,,,,,,,,0.653,0.695,0.584,0.629,0
65.7,-9.0879,-1.0589,101.5993,-5.379,0.0,105.4593,,,,,,,,,,,,0.653,0.695,0.584,0.629,0
65.72,-9.0879,-1.0589,101.5993,-5.379,0.0,105.4593,,,,,,,,,,,,0.653,0.695,0.584,0.629,0
65.74,-9.0879,-1.0589,101.5993,-5.379,0.0,105.4593,,,,,,,,,,,,0.653,0.695,0.584,0.629,0
65.76,-7.0479,0.0545,101.8118,-5.6096,0.0,105.4593,,,,,,,,,,,,0.653,0.695,0.584,0.629,0
65.78,-7.0479,0.0545,101.8118,-5.6096,0.0,105.4593,,,,,,,,,,,,0.676,0.665,0.545,0.664,0
65.8,-7.0479,0.0545,101.8118,-5.6096,0.0,105.4593,,,,,,,,,,,,0.676,0.665,0.545,0.664,0
65.82,-7.0479,0.0545,101.8118,-5.6096,0.0,105.4593,,,,,,,,,,,,0.676,0.665,0.545,0.664,0
65.84,-7.0479,0.0545,101.8118,-5.6096,0.0,105.4593,,,,,,,,,,,,0.676,0.665,0.545,0.664,0
65.86,-7.0725,1.8939,101.876,-5.5001,0.0,105.4593,,,,,,,,,,,,0.676,0.665,0.545,0.664,0
65.88,-7.0725,1.8939,101.876,-5.5001,0.0,105.4593,,,,,,,,,,,,0.607,0.727,0.574,0.641,0
65.9,-7.0725,1.8939,101.876,-5.5001,0.0,105.4593,,,,,,,,,,,,0.607,0.727,0.574,0.641,0
65.92,-7.0725,1.8939,101.876,-5.5001,0.0,105.4593,,,,,,,,,,,,0.607,0.727,0.574,0.641,0
65.94,-7.0725,1.8939,101.876,-5.5001,0.0,105.4593,,,,,,,,,,,,0.607,0.727,0.574,0.641,0
65.96,-6.0095,0.5072,100.7243,-4.3921,0.0,105.4593,,,,,,,,,,,,0.607,0.727,0.574,0.641,0
65.98,-6.0095,0.5072,100.7243,-4.3921,0.0,105.4593,,,,,,,,,,,,0.715,0.658,0.587,0.587,0
66.0,-6.0095,0.5072,100.7243,-4.3921,0.0,105.4593,,,,,,,,,,,,0.715,0.658,0.587,0.587,0
66.02,-6.0095,0.5072,100.7243,-4.3921,0.0,105.4593,,,,,,,,,,,,0.715,0.658,0.587,0.587,0
66.04,-6.0095,0.5072,100.7243,-4.3921,0.0,105.4593,,,,,,,,,,,,0.715,0.658,0.587,0.587,0
66.06,-3.9432,-1.0696,98.7634,-3.112,0.0,105.4593,,,,,,,,,,,,0.715,0.658,0.587,0.587,0
66.08,-3.9432,-1.0696,98.7634,-3.112,0.0,105.4593,,,,,,,,,,,,0.7,0.707,0.526,0.602,0
66.1,-3.9432,-1.0696,98.7634,-3.112,0.0,105.4593,,,,,,,,,,,,0.7,0.707,0.526,0.602,0
66.12,-3.9432,-1.0696,98.7634,-3.112,0.0,105.4593,,,,,,,,,,,,0.7,0.707,0.526,0.602,0
66.14,-3.9432,-1.0696,98.7634,-3.112,0.0,105.4593,,,,,,,,,,,,0.7,0.707,0.526,0.602,0
66.16,-2.8783,0.9374,97.1333,-2.0674,0.0,105.4592,,,,,,,,,,,,0.7,0.707,0.526,0.602,0
66.18,-2.8783,0.9374,97.1333,-2.0674,0.0,105.4592,,,,,,,,,,,,0.66,0.753,0.483,0.623,0
66.2,-2.8783,0.9374,97.1333,-2.0674,0.0,105.4592,,,,,,,,,,,,0.66,0.753,0.483,0.623,0
66.22,-2.8783,0.9374,97.1333,-2.0674,0.0,105.4592,,,,,,,,,,,,0.66,0.753,0.483,0.623,0
66.24,-2.8783,0.9374,97.1333,-2.0674,0.0,105.4592,,,,,,,,,,,,0.66,0.753,0.483,0.623,0
66.26,-4.6244,3.5916,95.8219,-1.279,0.0,105.4592,,,,,,,,,,,,0.66,0.753,0.483,0.623,0
66.28,-4.6244,3.5916,95.8219,-1.279,0.0,105.4592,,,,,,,,,,,,0.598,0.812,0.555,0.555,0
66.3,-4.6244,3.5916,95.8219,-1.279,0.0,105.4592,,,,,,,,,,,,0.598,0.812,0.555,0.555,0
66.32,-4.6244,3.5916,95.8219,-1.279,0.0,105.4592,,,,,,,,,,,,0.598,0.812,0.555,0.555,0
66.34,-4.6244,3.5916,95.8219,-1.279,0.0,105.4592,,,,,,,,,,,,0.598,0.812,0.555,0.555,0
66.36,-5.401,4.5233,94.6192,-0.6594,0.0,105.4592,,,,,,,,,,,,0.598,0.812,0.555,0.555,0
66.38,-5.401,4.5233,94.6192,-0.6594,0.0,105.4592,,,,,,,,,,,,0.702,0.731,0.479,0.615,0
66.4,-5.401,4.5233,94.6192,-0.6594,0.0,105.4592,,,,,,,,,,,,0.702,0.731,0.479,0.615,0
66.42,-5.401,4.5233,94.6192,-0.6594,0.0,105.4592,,,,,,,,,,,,0.702,0.731,0.479,0.615,0
66.44,-5.401,4.5233,94.6192,-0.6594,0.0,105.4592,,,,,,,,,,,,0.702,0.731,0.479,0.615,0
66.46,-3.9481,3.8046,93.5854,-0.3366,0.0,105.4592,,,,,,,,,,,,0.702,0.731,0.479,0.615,0
66.48,-3.9481,3.8046,93.5854,-0.3366,0.0,105.4592,,,,,,,,,,,,0.667,0.769,0.541,0.549,0
66.5,-3.9481,3.8046,93.5854,-0.3366,0.0,105.4592,,,,,,,,,,,,0.667,0.769,0.541,0.549,0
66.52,-3.9481,3.8046,93.5854,-0.3366,0.0,105.4592,,,,,,,,,,,,0.667,0.769,0.541,0.549,0
66.54,-3.9481,3.8046,93.5854,-0.3366,0.0,105.4592,,,,,,,,,,,,0.667,0.769,0.541,0.549,0
66.56,-1.5013,1.6221,92.8306,-0.1719,0.0,105.4592,,,,,,,,,,,,0.667,0.769,0.541,0.549,0
66.58,-1.5013,1.6221,92.8306,-0.1719,0.0,105.4592,,,,,,,,,,,,0.707,0.734,0.536,0.547,0
66.6,-1.5013,1.6221,92.8306,-0.1719,0.0,105.4592,,,,,,,,,,,,0.707,0.734,0.536,0.547,0
66.62,-1.5013,1.6221,92.8306,-0.1719,0.0,105.4592,,,,,,,,,,,,0.707,0.734,0.536,0.547,0
66.64,-1.5013,1.6221,92.8306,-0.1719,0.0,105.4592,,,,,,,,,,,,0.707,0.734,0.536,0.547,0
66.66,-2.7954,0.3678,92.7592,-0.0877,0.0,105.4592,,,,,,,,,,,,0.707,0.734,0.536,0.547,0
66.68,-2.7954,0.3678,92.7592,-0.0877,0.0,105.4592,,,,,,,,,,,,0.456,0.5,0.15,0.473,0
66.7,-2.7954,0.3678,92.7592,-0.0877,0.0,105.4592,,,,,,,,,,,,0.456,0.5,0.15,0.473,0
66.72,-2.7954,0.3678,92.7592,-0.0877,0.0,105.4592,,,,,,,,,,,,0.456,0.5,0.15,0.473,0
66.74,-2.7954,0.3678,92.7592,-0.0877,0.0,105.4592,,,,,,,,,,,,0.456,0.5,0.15,0.473,0
66.76,-2.1435,1.2498,93.3659,-0.0448,0.0,104.7433,,,,,,,,,,,,0.456,0.5,0.15,0.473,0
66.78,-2.1435,1.2498,93.3659,-0.0448,0.0,104.7433,,,,,,,,,,,,0.276,0.287,0.15,0.172,0
66.8,-2.1435,1.2498,93.3659,-0.0448,0.0,104.7433,,,,,,,,,,,,0.276,0.287,0.15,0.172,0
66.82,-2.1435,1.2498,93.3659,-0.0448,0.0,104.7433,,,,,,,,,,,,0.276,0.287,0.15,0.172,0
66.84,-2.1435,1.2498,93.3659,-0.0448,0.0,104.7433,,,,,,,,,,,,0.276,0.287,0.15,0.172,0
66.86,-1.5904,0.3508,93.8323,-0.0229,0.0,101.9722,,,,,,,,,,,,0.276,0.287,0.15,0.172,0
66.88,-1.5904,0.3508,93.8323,-0.0229,0.0,101.9722,,,,,,,,,,,,0.175,0.306,0.252,0.15,0
66.9,-1.5904,0.3508,93.8323,-0.0229,0.0,101.9722,,,,,,,,,,,,0.175,0.306,0.252,0.15,0
66.92,-1.5904,0.3508,93.8323,-0.0229,0.0,101.9722,,,,,,,,,,,,0.175,0.306,0.252,0.15,0
66.94,-1.5904,0.3508,93.8323,-0.0229,0.0,101.9722,,,,,,,,,,,,0.175,0.306,0.252,0.15,0
66.96,-2.999,2.3427,93.6549,-0.0117,0.0,100.6797,,,,,,,,,,,,0.175,0.306,0.252,0.15,0
66.98,-2.999,2.3427,93.6549,-0.0117,0.0,100.6797,,,,,,,,,,,,0.27,0.242,0.15,0.234,0
67.0,-2.999,2.3427,93.6549,-0.0117,0.0,100.6797,,,,,,,,,,,,0.27,0.242,0.15,0.234,0
67.02,-2.999,2.3427,93.6549,-0.0117,0.0,100.6797,,,,,,,,,,,,0.27,0.242,0.15,0.234,0
67.04,-2.999,2.3427,93.6549,-0.0117,0.0,100.6797,,,,,,,,,,,,0.27,0.242,0.15,0.234,0
67.06,-2.1138,1.8529,92.0443,-0.006,0.0,100.6797,,,,,,,,,,,,0.27,0.242,0.15,0.234,0
67.08,-2.1138,1.8529,92.0443,-0.006,0.0,100.6797,,,,,,,,,,,,0.196,0.323,0.15,0.212,0
67.1,-2.1138,1.8529,92.0443,-0.006,0.0,100.6797,,,,,,,,,,,,0.196,0.323,0.15,0.212,0
67.12,-2.1138,1.8529,92.0443,-0.006,0.0,100.6797,,,,,,,,,,,,0.196,0.323,0.15,0.212,0
67.14,-2.1138,1.8529,92.0443,-0.006,0.0,100.6797,,,,,,,,,,,,0.196,0.323,0.15,0.212,0
67.16,-1.8837,1.6138,91.7501,-0.003,0.0,100.6797,,,,,,,,,,,,0.196,0.323,0.15,0.212,0
67.18,-1.8837,1.6138,91.7501,-0.003,0.0,100.6797,,,,,,,,,,,,0.278,0.248,0.15,0.219,0
67.2,-1.8837,1.6138,91.7501,-0.003,0.0,100.6797,,,,,,,,,,,,0.278,0.248,0.15,0.219,0
67.22,-1.8837,1.6138,91.7501,-0.003,0.0,100.6797,,,,,,,,,,,,0.278,0.248,0.15,0.219,0
67.24,-1.8837,1.6138,91.7501,-0.003,0.0,100.6797,,,,,,,,,,,,0.278,0.248,0.15,0.219,0
67.26,-1.9711,1.339,91.6302,-0.0016,0.0,100.6797,,,,,,,,,,,,0.278,0.248,0.15,0.219,0
67.28,-1.9711,1.339,91.6302,-0.0016,0.0,100.6797,,,,,,,,,,,,0.257,0.294,0.15,0.186,0
67.3,-1.9711,1.339,91.6302,-0.0016,0.0,100.6797,,,,,,,,,,,,0.257,0.294,0.15,0.186,0
67.32,-1.9711,1.339,91.6302,-0.0016,0.0,100.6797,,,,,,,,,,,,0.257,0.294,0.15,0.186,0
67.34,-1.9711,1.339,91.6302,-0.0016,0.0,100.6797,,,,,,,,,,,,0.257,0.294,0.15,0.186,0
67.36,-1.9266,1.3576,91.9119,-0.0008,0.0,100.6797,,,,,,,,,,,,0.257,0.294,0.15,0.186,0
67.38,-1.9266,1.3576,91.9119,-0.0008,0.0,100.6797,,,,,,,,,,,,0.248,0.299,0.15,0.191,0
67.4,-1.9266,1.3576,91.9119,-0.0008,0.0,100.6797,,,,,,,,,,,,0.248,0.299,0.15,0.191,0
67.42,-1.9266,1.3576,91.9119,-0.0008,0.0,100.6797,,,,,,,,,,,,0.248,0.299,0.15,0.191,0
67.44,-1.9266,1.3576,91.9119,-0.0008,0.0,100.6797,,,,,,,,,,,,0.248,0.299,0.15,0.191,0
67.46,-1.9082,1.3302,91.7486,-0.0004,0.0,100.6797,,,,,,,,,,,,0.248,0.299,0.15,0.191,0
67.48,-1.9082,1.3302,91.7486,-0.0004,0.0,100.6797,,,,,,,,,,,,0.251,0.298,0.15,0.188,0
67.5,-1.9082,1.3302,91.7486,-0.0004,0.0,100.6797,,,,,,,,,,,,0.251,0.298,0.15,0.188,0
67.52,-1.9082,1.3302,91.7486,-0.0004,0.0,100.6797,,,,,,,,,,,,0.251,0.298,0.15,0.188,0
67.54,-1.9082,1.3302,91.7486,-0.0004,0.0,100.6797,,,,,,,,,,,,0.251,0.298,0.15,0.188,0
67.56,-1.8538,1.3082,91.9202,-0.0004,0.0,100.6797,,,,,,,,,,,,0.251,0.298,0.15,0.188,0
67.58,-1.8538,1.3082,91.9202,-0.0004,0.0,100.6797,,,,,,,,,,,,0.249,0.301,0.15,0.186,0
67.6,-1.8538,1.3082,91.9202,-0.0004,0.0,100.6797,,,,,,,,,,,,0.249,0.301,0.15,0.186,0
67.62,-1.8538,1.3082,91.9202,-0.0004,0.0,100.6797,,,,,,,,,,,,0.249,0.301,0.15,0.186,0
67.64,-1.8538,1.3082,91.9202,-0.0004,0.0,100.6797,,,,,,,,,,,,0.249,0.301,0.15,0.186,0
67.66,-1.9075,1.3184,91.8214,-0.0004,0.0,91.8214,,,,,,,,,,,,0.249,0.301,0.15,0.186,0
67.68,-1.9075,1.3184,91.8214,-0.0004,0.0,91.8214,,,,,,,,,,,,0.132,0.132,0.132,0.132,0
67.7,-1.9075,1.3184,91.8214,-0.0004,0.0,91.8214,,,,,,,,,,,,0.132,0.132,0.132,0.132,0
67.72,-1.9075,1.3184,91.8214,-0.0004,0.0,91.8214,,,,,,,,,,,,0.132,0.132,0.132,0.132,0
67.74,-1.9075,1.3184,91.8214,-0.0004,0.0,91.8214,,,,,,,,,,,,0.132,0.132,0.132,0.132,0
67.76,-2.0437,1.3586,91.8308,-0.0004,0.0,91.8308,,,,,,,,,,,,0.132,0.132,0.132,0.132,0
67.78,-2.0437,1.3586,91.8308,-0.0004,0.0,91.8308,,,,,,,,,,,,0.101,0.101,0.101,0.101,0
67.8,-2.0437,1.3586,91.8308,-0.0004,0.0,91.8308,,,,,,,,,,,,0.101,0.101,0.101,0.101,0
67.82,-2.0437,1.3586,91.8308,-0.0004,0.0,91.8308,,,,,,,,,,,,0.101,0.101,0.101,0.101,0
67.84,-2.0437,1.3586,91.8308,-0.0004,0.0,91.8308,,,,,,,,,,,,0.101,0.101,0.101,0.101,0
67.86,-1.9652,1.3812,92.0019,-0.0004,0.0,92.0019,,,,,,,,,,,,0.101,0.101,0.101,0.101,0
67.88,-1.9652,1.3812,92.0019,-0.0004,0.0,92.0019,,,,,,,,,,,,0.1,0.1,0.1,0.1,0
67.9,-1.9652,1.3812,92.0019,-0.0004,0.0,92.0019,,,,,,,,,,,,0.1,0.1,0.1,0.1,0
67.92,-1.9652,1.3812,92.0019,-0.0004,0.0,92.0019,,,,,,,,,,,,0.1,0.1,0.1,0.1,0
67.94,-1.9652,1.3812,92.0019,-0.0004,0.0,92.0019,,,,,,,,,,,,0.1,0.1,0.1,0.1,0
67.96,-2.0059,1.4004,91.8576,-0.0004,0.0,91.8576,,,,,,,,,,,,0.1,0.1,0.1,0.1,0
67.98,-2.0059,1.4004,91.8576,-0.0004,0.0,91.8576,,,,,,,,,,,,0.1,0.1,0.1,0.1,0
68.0,-2.0059,1.4004,91.8576,-0.0004,0.0,91.8576,,,,,,,,,,,,0.1,0.1,0.1,0.1,0
68.02,-2.0059,1.4004,91.8576,-0.0004,0.0,91.8576,,,,,,,,,,,,0.1,0.1,0.1,0.1,0
68.04,-2.0059,1.4004,91.8576,-0.0004,0.0,91.8576,,,,,,,,,,,,0.1,0.1,0.1,0.1,0
68.06,-1.9973,1.3942,92.0922,-0.0004,0.0,92.0922,,,,,,,,,,,,0.1,0.1,0.1,0.1,0
68.08,-1.9973,1.3942,92.0922,-0.0004,0.0,92.0922,,,,,,,,,,,,0.1,0.1,0.1,0.1,0
68.1,-1.9973,1.3942,92.0922,-0.0004,0.0,92.0922,,,,,,,,,,,,0.1,0.1,0.1,0.1,0
68.12,-1.9973,1.3942,92.0922,-0.0004,0.0,92.0922,,,,,,,,,,,,0.1,0.1,0.1,0.1,0
68.14,-1.9973,1.3942,92.0922,-0.0004,0.0,92.0922,,,,,,,,,,,,0.1,0.1,0.1,0.1,0
68.16,-2.0003,1.3787,97.0255,-0.0116,0.0005,97.0255,,,,,,,,,,,,0.1,0.1,0.1,0.1,0
68.18,-2.0003,1.3787,97.0255,-0.0116,0.0005,97.0255,,,,,,,,,,,,0.1,0.1,0.1,0.1,0
68.2,-2.0003,1.3787,97.0255,-0.0116,0.0005,97.0255,,,,,,,,,,,,0.1,0.1,0.1,0.1,0
68.22,-2.0003,1.3787,97.0255,-0.0116,0.0005,97.0255,,,,,,,,,,,,0.1,0.1,0.1,0.1,0
68.24,-2.0003,1.3787,97.0255,-0.0116,0.0005,97.0255,,,,,,,,,,,,0.1,0.1,0.1,0.1,0
68.26,-2.0112,1.387,97.1723,-0.0059,0.0002,97.1723,,,,,,,,,,,,0.1,0.1,0.1,0.1,0
68.28,-2.0112,1.387,97.1723,-0.0059,0.0002,97.1723,,,,,,,,,,,,0.1,0.1,0.1,0.1,0
68.3,-2.0112,1.387,97.1723,-0.0059,0.0002,97.1723,,,,,,,,,,,,0.1,0.1,0.1,0.1,0
68.32,-2.0112,1.387,97.1723,-0.0059,0.0002,97.1723,,,,,,,,,,,,0.1,0.1,0.1,0.1,0
68.34,-2.0112,1.387,97.1723,-0.0059,0.0002,97.1723,,,,,,,,,,,,0.1,0.1,0.1,0.1,0
68.36,-2.057,1.3943,97.1065,-0.003,0.0001,97.1065,,,,,,,,,,,,0.1,0.1,0.1,0.1,0
68.38,-2.057,1.3943,97.1065,-0.003,0.0001,97.1065,,,,,,,,,,,,0.1,0.1,0.1,0.1,0
68.4,-2.057,1.3943,97.1065,-0.003,0.0001,97.1065,,,,,,,,,,,,0.1,0.1,0.1,0.1,0
68.42,-2.057,1.3943,97.1065,-0.003,0.0001,97.1065,,,,,,,,,,,,0.1,0.1,0.1,0.1,0
68.44,-2.057,1.3943,97.1065,-0.003,0.0001,97.1065,,,,,,,,,,,,0.1,0.1,0.1,0.1,0
68.46,-2.0807,1.4017,97.0865,-0.0015,0.0001,97.0865,,,,,,,,,,,,0.1,0.1,0.1,0.1,0
68.48,-2.0807,1.4017,97.0865,-0.0015,0.0001,97.0865,,,,,,,,,,,,0.1,0.1,0.1,0.1,0
68.5,-2.0807,1.4017,97.0865,-0.0015,0.0001,97.0865,,,,,,,,,,,,0.1,0.1,0.1,0.1,0
68.52,-2.0807,1.4017,97.0865,-0.0015,0.0001,97.0865,,,,,,,,,,,,0.1,0.1,0.1,0.1,0
68.54,-2.0807,1.4017,97.0865,-0.0015,0.0001,97.0865,,,,,,,,,,,,0.1,0.1,0.1,0.1,0
68.56,-2.0829,1.41,97.1637,-0.0008,0.0,97.1637,,,,,,,,,,,,0.1,0.1,0.1,0.1,0
68.58,-2.0829,1.41,97.1637,-0.0008,0.0,97.1637,,,,,,,,,,,,0.1,0.1,0.1,0.1,0
68.6,-2.0829,1.41,97.1637,-0.0008,0.0,97.1637,,,,,,,,,,,,0.1,0.1,0.1,0.1,0
68.62,-2.0829,1.41,97.1637,-0.0008,0.0,97.1637,,,,,,,,,,,,0.1,0.1,0.1,0.1,0
68.64,-2.0829,1.41,97.1637,-0.0008,0.0,97.1637,,,,,,,,,,,,0.1,0.1,0.1,0.1,0
68.66,-2.0718,1.4096,97.0358,-0.4464,0.0,97.0358,,,,,,,,,,,,0.1,0.1,0.1,0.1,0
68.68,-2.0718,1.4096,97.0358,-0.4464,0.0,97.0358,,,,,,,,,,,,0.1,0.1,0.1,0.1,0
68.7,-2.0718,1.4096,97.0358,-0.4464,0.0,97.0358,,,,,,,,,,,,0.1,0.1,0.1,0.1,0
68.72,-2.0718,1.4096,97.0358,-0.4464,0.0,97.0358,,,,,,,,,,,,0.1,0.1,0.1,0.1,0
68.74,-2.0718,1.4096,97.0358,-0.4464,0.0,97.0358,,,,,,,,,,,,0.1,0.1,0.1,0.1,0
68.76,-2.0613,1.4129,97.2049,-0.2695,0.0,97.2049,,,,,,,,,,,,0.1,0.1,0.1,0.1,0
68.78,-2.0613,1.4129,97.2049,-0.2695,0.0,97.2049,,,,,,,,,,,,0.1,0.1,0.1,0.1,0
68.8,-2.0613,1.4129,97.2049,-0.2695,0.0,97.2049,,,,,,,,,,,,0.1,0.1,0.1,0.1,0
68.82,-2.0613,1.4129,97.2049,-0.2695,0.0,97.2049,,,,,,,,,,,,0.1,0.1,0.1,0.1,0
68.84,-2.0613,1.4129,97.2049,-0.2695,0.0,97.2049,,,,,,,,,,,,0.1,0.1,0.1,0.1,0
68.86,-2.0934,1.4137,97.0708,-0.1376,0.0,97.0708,,,,,,,,,,,,0.1,0.1,0.1,0.1,0
68.88,-2.0934,1.4137,97.0708,-0.1376,0.0,97.0708,,,,,,,,,,,,0.1,0.1,0.1,0.1,0
68.9,-2.0934,1.4137,97.0708,-0.1376,0.0,97.0708,,,,,,,,,,,,0.1,0.1,0.1,0.1,0
68.92,-2.0934,1.4137,97.0708,-0.1376,0.0,97.0708,,,,,,,,,,,,0.1,0.1,0.1,0.1,0
68.94,-2.0934,1.4137,97.0708,-0.1376,0.0,97.0708,,,,,,,,,,,,0.1,0.1,0.1,0.1,0
68.96,-2.0959,1.4269,97.1531,-0.0702,0.0,97.1531,,,,,,,,,,,,0.1,0.1,0.1,0.1,0
68.98,-2.0959,1.4269,97.1531,-0.0702,0.0,97.1531,,,,,,,,,,,,0.1,0.1,0.1,0.1,0
69.0,-2.0959,1.4269,97.1531,-0.0702,0.0,97.1531,,,,,,,,,,,,0.1,0.1,0.1,0.1,0
69.02,-2.0959,1.4269,97.1531,-0.0702,0.0,97.1531,,,,,,,,,,,,0.1,0.1,0.1,0.1,0
69.04,-2.0959,1.4269,97.1531,-0.0702,0.0,97.1531,,,,,,,,,,,,0.1,0.1,0.1,0.1,0
69.06,-2.1011,1.4295,97.1226,-0.0359,0.0,97.1226,,,,,,,,,,,,0.1,0.1,0.1,0.1,0
69.08,-2.1011,1.4295,97.1226,-0.0359,0.0,97.1226,,,,,,,,,,,,0.1,0.1,0.1,0.1,0
69.1,-2.1011,1.4295,97.1226,-0.0359,0.0,97.1226,,,,,,,,,,,,0.1,0.1,0.1,0.1,0
69.12,-2.1011,1.4295,97.1226,-0.0359,0.0,97.1226,,,,,,,,,,,,0.1,0.1,0.1,0.1,0
69.14,-2.1011,1.4295,97.1226,-0.0359,0.0,97.1226,,,,,,,,,,,,0.1,0.1,0.1,0.1,0
69.16,-2.1097,1.4354,97.1053,-0.0183,0.0,97.1053,,,,,,,,,,,,0.1,0.1,0.1,0.1,0
69.18,-2.1097,1.4354,97.1053,-0.0183,0.0,97.1053,,,,,,,,,,,,0.1,0.1,0.1,0.1,0
69.2,-2.1097,1.4354,97.1053,-0.0183,0.0,97.1053,,,,,,,,,,,,0.1,0.1,0.1,0.1,0
69.22,-2.1097,1.4354,97.1053,-0.0183,0.0,97.1053,,,,,,,,,,,,0.1,0.1,0.1,0.1,0
69.24,-2.1097,1.4354,97.1053,-0.0183,0.0,97.1053,,,,,,,,,,,,0.1,0.1,0.1,0.1,0
69.26,-2.1321,1.4439,97.159,-0.0093,0.0,97.159,,,,,,,,,,,,0.1,0.1,0.1,0.1,0
69.28,-2.1321,1.4439,97.159,-0.0093,0.0,97.159,,,,,,,,,,,,0.1,0.1,0.1,0.1,0
69.3,-2.1321,1.4439,97.159,-0.0093,0.0,97.159,,,,,,,,,,,,0.1,0.1,0.1,0.1,0
69.32,-2.1321,1.4439,97.159,-0.0093,0.0,97.159,,,,,,,,,,,,0.1,0.1,0.1,0.1,0
69.34,-2.1321,1.4439,97.159,-0.0093,0.0,97.159,,,,,,,,,,,,0.1,0.1,0.1,0.1,0
69.36,-2.1291,1.4537,97.1029,-0.0048,0.0,97.1029,,,,,,,,,,,,0.1,0.1,0.1,0.1,0
69.38,-2.1291,1.4537,97.1029,-0.0048,0.0,97.1029,,,,,,,,,,,,0.1,0.1,0.1,0.1,0
69.4,-2.1291,1.4537,97.1029,-0.0048,0.0,97.1029,,,,,,,,,,,,0.1,0.1,0.1,0.1,0
69.42,-2.1291,1.4537,97.1029,-0.0048,0.0,97.1029,,,,,,,,,,,,0.1,0.1,0.1,0.1,0
69.44,-2.1291,1.4537,97.1029,-0.0048,0.0,97.1029,,,,,,,,,,,,0.1,0.1,0.1,0.1,0
69.46,-2.1461,1.4627,97.1665,-0.0024,0.0,97.1665,,,,,,,,,,,,0.1,0.1,0.1,0.1,0
69.48,-2.1461,1.4627,97.1665,-0.0024,0.0,97.1665,,,,,,,,,,,,0.1,0.1,0.1,0.1,0
69.5,-2.1461,1.4627,97.1665,-0.0024,0.0,97.1665,,,,,,,,,,,,0.1,0.1,0.1,0.1,0
69.52,-2.1461,1.4627,97.1665,-0.0024,0.0,97.1665,,,,,,,,,,,,0.1,0.1,0.1,0.1,0
69.54,-2.1461,1.4627,97.1665,-0.0024,0.0,97.1665,,,,,,,,,,,,0.1,0.1,0.1,0.1,0
69.56,-2.1354,1.457,97.1104,-0.0012,0.0,97.1104,,,,,,,,,,,,0.1,0.1,0.1,0.1,0
69.58,-2.1354,1.457,97.1104,-0.0012,0.0,97.1104,,,,,,,,,,,,0.0,0.0,0.0,0.0,0
69.6,-2.1354,1.457,97.1104,-0.0012,0.0,97.1104,,,,,,,,,,,,0.0,0.0,0.0,0.0,0
69.62,-2.1354,1.457,97.1104,-0.0012,0.0,97.1104,,,,,,,,,,,,0.0,0.0,0.0,0.0,0
69.64,-2.1354,1.457,97.1104,-0.0012,0.0,97.1104,,,,,,,,,,,,0.0,0.0,0.0,0.0,0
69.66,-2.1602,1.4412,97.1448,-0.0006,0.0,97.1448,,,,,,,,,,,,0.0,0.0,0.0,0.0,0
69.68,-2.1602,1.4412,97.1448,-0.0006,0.0,97.1448,,,,,,,,,,,,0.0,0.0,0.0,0.0,0
69.7,-2.1602,1.4412,97.1448,-0.0006,0.0,97.1448,,,,,,,,,,,,0.0,0.0,0.0,0.0,0
69.72,-2.1602,1.4412,97.1448,-0.0006,0.0,97.1448,,,,,,,,,,,,0.0,0.0,0.0,0.0,0
69.74,-2.1602,1.4412,97.1448,-0.0006,0.0,97.1448,,,,,,,,,,,,0.0,0.0,0.0,0.0,0
69.76,-2.1704,1.4397,97.1493,-0.0004,0.0,97.1493,,,,,,,,,,,,0.0,0.0,0.0,0.0,0
69.78,-2.1704,1.4397,97.1493,-0.0004,0.0,97.1493,,,,,,,,,,,,0.0,0.0,0.0,0.0,0
69.8,-2.1704,1.4397,97.1493,-0.0004,0.0,97.1493,,,,,,,,,,,,0.0,0.0,0.0,0.0,0
69.82,-2.1704,1.4397,97.1493,-0.0004,0.0,97.1493,,,,,,,,,,,,0.0,0.0,0.0,0.0,0
69.84,-2.1704,1.4397,97.1493,-0.0004,0.0,97.1493,,,,,,,,,,,,0.0,0.0,0.0,0.0,0
69.86,-2.1704,1.4311,97.1765,-0.0004,0.0,97.1765,,,,,,,,,,,,0.0,0.0,0.0,0.0,0
69.88,-2.1704,1.4311,97.1765,-0.0004,0.0,97.1765,,,,,,,,,,,,0.0,0.0,0.0,0.0,0
69.9,-2.1704,1.4311,97.1765,-0.0004,0.0,97.1765,,,,,,,,,,,,0.0,0.0,0.0,0.0,0
69.92,-2.1704,1.4311,97.1765,-0.0004,0.0,97.1765,,,,,,,,,,,,0.0,0.0,0.0,0.0,0
69.94,-2.1704,1.4311,97.1765,-0.0004,0.0,97.1765,,,,,,,,,,,,0.0,0.0,0.0,0.0,0
69.96,-2.1858,1.4172,97.207,-0.0004,0.0,97.2071,,,,,,,,,,,,0.0,0.0,0.0,0.0,0
69.98,-2.1858,1.4172,97.207,-0.0004,0.0,97.2071,,,,,,,,,,,,0.0,0.0,0.0,0.0,0
70.0,-2.1858,1.4172,97.207,-0.0004,0.0,97.2071,,,,,,,,,,,,0.0,0.0,0.0,0.0,0
70.02,-2.1858,1.4172,97.207,-0.0004,0.0,97.2071,,,,,,,,,,,,0.0,0.0,0.0,0.0,0
70.04,-2.1858,1.4172,97.207,-0.0004,0.0,97.2071,,,,,,,,,,,,0.0,0.0,0.0,0.0,0
70.06,-2.2028,1.4006,97.1956,-0.0004,0.0,97.1956,,,,,,,,,,,,0.0,0.0,0.0,0.0,0
70.08,-2.2028,1.4006,97.1956,-0.0004,0.0,97.1956,,,,,,,,,,,,0.0,0.0,0.0,0.0,0
70.1,-2.2028,1.4006,97.1956,-0.0004,0.0,97.1956,,,,,,,,,,,,0.0,0.0,0.0,0.0,0
70.12,-2.2028,1.4006,97.1956,-0.0004,0.0,97.1956,,,,,,,,,,,,0.0,0.0,0.0,0.0,0
70.14,-2.2028,1.4006,97.1956,-0.0004,0.0,97.1956,,,,,,,,,,,,0.0,0.0,0.0,0.0,0
70.16,-2.2164,1.3785,97.2279,-0.0004,0.0,97.2279,,,,,,,,,,,,0.0,0.0,0.0,0.0,0
70.18,-2.2164,1.3785,97.2279,-0.0004,0.0,97.2279,,,,,,,,,,,,0.0,0.0,0.0,0.0,0
70.2,-2.2164,1.3785,97.2279,-0.0004,0.0,97.2279,,,,,,,,,,,,0.0,0.0,0.0,0.0,0
70.22,-2.2164,1.3785,97.2279,-0.0004,0.0,97.2279,,,,,,,,,,,,0.0,0.0,0.0,0.0,0
70.24,-2.2164,1.3785,97.2279,-0.0004,0.0,97.2279,,,,,,,,,,,,0.0,0.0,0.0,0.0,0
70.26,-2.2161,1.3367,97.1573,-0.0004,0.0,97.1573,,,,,,,,,,,,0.0,0.0,0.0,0.0,0
70.28,-2.2161,1.3367,97.1573,-0.0004,0.0,97.1573,,,,,,,,,,,,0.0,0.0,0.0,0.0,0
70.3,-2.2161,1.3367,97.1573,-0.0004,0.0,97.1573,,,,,,,,,,,,0.0,0.0,0.0,0.0,0
70.32,-2.2161,1.3367,97.1573,-0.0004,0.0,97.1573,,,,,,,,,,,,0.0,0.0,0.0,0.0,0
70.34,-2.2161,1.3367,97.1573,-0.0004,0.0,97.1573,,,,,,,,,,,,0.0,0.0,0.0,0.0,0
70.36,-2.222,1.2649,97.2051,-0.0004,0.0,97.2051,,,,,,,,,,,,0.0,0.0,0.0,0.0,0
70.38,-2.222,1.2649,97.2051,-0.0004,0.0,97.2051,,,,,,,,,,,,0.0,0.0,0.0,0.0,0
70.4,-2.222,1.2649,97.2051,-0.0004,0.0,97.2051,,,,,,,,,,,,0.0,0.0,0.0,0.0,0
70.42,-2.222,1.2649,97.2051,-0.0004,0.0,97.2051,,,,,,,,,,,,0.0,0.0,0.0,0.0,0
70.44,-2.222,1.2649,97.2051,-0.0004,0.0,97.2051,,,,,,,,,,,,0.0,0.0,0.0,0.0,0
70.46,-2.2368,1.1858,97.1148,-0.0004,0.0,97.1148,,,,,,,,,,,,0.0,0.0,0.0,0.0,0
70.48,-2.2368,1.1858,97.1148,-0.0004,0.0,97.1148,,,,,,,,,,,,0.0,0.0,0.0,0.0,0
70.5,-2.2368,1.1858,97.1148,-0.0004,0.0,97.1148,,,,,,,,,,,,0.0,0.0,0.0,0.0,0
70.52,-2.2368,1.1858,97.1148,-0.0004,0.0,97.1148,,,,,,,,,,,,0.0,0.0,0.0,0.0,0
70.54,-2.2368,1.1858,97.1148,-0.0004,0.0,97.1148,,,,,,,,,,,,0.0,0.0,0.0,0.0,0
70.56,-2.2557,1.0998,97.1624,-0.0004,0.0,97.1624,,,,,,,,,,,,0.0,0.0,0.0,0.0,0
70.58,-2.2557,1.0998,97.1624,-0.0004,0.0,97.1624,,,,,,,,,,,,0.0,0.0,0.0,0.0,0
70.6,-2.2557,1.0998,97.1624,-0.0004,0.0,97.1624,,,,,,,,,,,,0.0,0.0,0.0,0.0,0
70.62,-2.2557,1.0998,97.1624,-0.0004,0.0,97.1624,,,,,,,,,,,,0.0,0.0,0.0,0.0,0
70.64,-2.2557,1.0998,97.1624,-0.0004,0.0,97.1624,,,,,,,,,,,,0.0,0.0,0.0,0.0,0
70.66,-2.2874,1.0143,97.0854,-0.0004,0.0,97.0854,,,,,,,,,,,,0.0,0.0,0.0,0.0,0
70.68,-2.2874,1.0143,97.0854,-0.0004,0.0,97.0854,,,,,,,,,,,,0.0,0.0,0.0,0.0,0
70.7,-2.2874,1.0143,97.0854,-0.0004,0.0,97.0854,,,,,,,,,,,,0.0,0.0,0.0,0.0,0
70.72,-2.2874,1.0143,97.0854,-0.0004,0.0,97.0854,,,,,,,,,,,,0.0,0.0,0.0,0.0,0
70.74,-2.2874,1.0143,97.0854,-0.0004,0.0,97.0854,,,,,,,,,,,,0.0,0.0,0.0,0.0,0
70.76,-2.3151,0.9304,97.0916,-0.0004,0.0,97.0916,,,,,,,,,,,,0.0,0.0,0.0,0.0,0
70.78,-2.3151,0.9304,97.0916,-0.0004,0.0,97.0916,,,,,,,,,,,,0.0,0.0,0.0,0.0,0
70.8,-2.3151,0.9304,97.0916,-0.0004,0.0,97.0916,,,,,,,,,,,,0.0,0.0,0.0,0.0,0
70.82,-2.3151,0.9304,97.0916,-0.0004,0.0,97.0916,,,,,,,,,,,,0.0,0.0,0.0,0.0,0
70.84,-2.3151,0.9304,97.0916,-0.0004,0.0,97.0916,,,,,,,,,,,,0.0,0.0,0.0,0.0,0
70.86,-2.3326,0.8507,97.0821,-0.0004,0.0,97.0821,,,,,,,,,,,,0.0,0.0,0.0,0.0,0
70.88,-2.3326,0.8507,97.0821,-0.0004,0.0,97.0821,,,,,,,,,,,,0.0,0.0,0.0,0.0,0
70.9,-2.3326,0.8507,97.0821,-0.0004,0.0,97.0821,,,,,,,,,,,,0.0,0.0,0.0,0.0,0
70.92,-2.3326,0.8507,97.0821,-0.0004,0.0,97.0821,,,,,,,,,,,,0.0,0.0,0.0,0.0,0
70.94,-2.3326,0.8507,97.0821,-0.0004,0.0,97.0821,,,,,,,,,,,,0.0,0.0,0.0,0.0,0
70.96,-2.3451,0.7788,97.049,-0.0004,0.0,97.049,,,,,,,,,,,,0.0,0.0,0.0,0.0,0
70.98,-2.3451,0.7788,97.049,-0.0004,0.0,97.049,,,,,,,,,,,,0.0,0.0,0.0,0.0,0
71.0,-2.3451,0.7788,97.049,-0.0004,0.0,97.049,,,,,,,,,,,,0.0,0.0,0.0,0.0,0
71.02,-2.3451,0.7788,97.049,-0.0004,0.0,97.049,,,,,,,,,,,,0.0,0.0,0.0,0.0,0
71.04,-2.3451,0.7788,97.049,-0.0004,0.0,97.049,,,,,,,,,,,,0.0,0.0,0.0,0.0,0
71.06,-2.3525,0.7105,97.0848,-0.0004,0.0,97.0848,,,,,,,,,,,,0.0,0.0,0.0,0.0,0
71.08,-2.3525,0.7105,97.0848,-0.0004,0.0,97.0848,,,,,,,,,,,,0.0,0.0,0.0,0.0,0
71.1,-2.3525,0.7105,97.0848,-0.0004,0.0,97.0848,,,,,,,,,,,,0.0,0.0,0.0,0.0,0
71.12,-2.3525,0.7105,97.0848,-0.0004,0.0,97.0848,,,,,,,,,,,,0.0,0.0,0.0,0.0,0
71.14,-2.3525,0.7105,97.0848,-0.0004,0.0,97.0848,,,,,,,,,,,,0.0,0.0,0.0,0.0,0
71.16,-2.3701,0.6535,97.0012,-0.0004,0.0,97.0012,,,,,,,,,,,,0.0,0.0,0.0,0.0,0
71.18,-2.3701,0.6535,97.0012,-0.0004,0.0,97.0012,,,,,,,,,,,,0.0,0.0,0.0,0.0,0
71.2,-2.3701,0.6535,97.0012,-0.0004,0.0,97.0012,,,,,,,,,,,,0.0,0.0,0.0,0.0,0
71.22,-2.3701,0.6535,97.0012,-0.0004,0.0,97.0012,,,,,,,,,,,,0.0,0.0,0.0,0.0,0
71.24,-2.3701,0.6535,97.0012,-0.0004,0.0,97.0012,,,,,,,,,,,,0.0,0.0,0.0,0.0,0
71.26,-2.38,0.6085,97.1222,-0.0004,0.0,97.1222,,,,,,,,,,,,0.0,0.0,0.0,0.0,0
71.28,-2.38,0.6085,97.1222,-0.0004,0.0,97.1222,,,,,,,,,,,,0.0,0.0,0.0,0.0,0
71.3,-2.38,0.6085,97.1222,-0.0004,0.0,97.1222,,,,,,,,,,,,0.0,0.0,0.0,0.0,0
71.32,-2.38,0.6085,97.1222,-0.0004,0.0,97.1222,,,,,,,,,,,,0.0,0.0,0.0,0.0,0
71.34,-2.38,0.6085,97.1222,-0.0004,0.0,97.1222,,,,,,,,,,,,0.0,0.0,0.0,0.0,0
71.36,-2.4047,0.5735,97.0382,-0.0004,0.0,97.0382,,,,,,,,,,,,0.0,0.0,0.0,0.0,0
71.38,-2.4047,0.5735,97.0382,-0.0004,0.0,97.0382,,,,,,,,,,,,0.0,0.0,0.0,0.0,0
71.4,-2.4047,0.5735,97.0382,-0.0004,0.0,97.0382,,,,,,,,,,,,0.0,0.0,0.0,0.0,0
71.42,-2.4047,0.5735,97.0382,-0.0004,0.0,97.0382,,,,,,,,,,,,0.0,0.0,0.0,0.0,0
71.44,-2.4047,0.5735,97.0382,-0.0004,0.0,97.0382,,,,,,,,,,,,0.0,0.0,0.0,0.0,0
71.46,-2.4165,0.5436,97.1073,-0.0004,0.0,97.1073,,,,,,,,,,,,0.0,0.0,0.0,0.0,0
71.48,-2.4165,0.5436,97.1073,-0.0004,0.0,97.1073,,,,,,,,,,,,0.0,0.0,0.0,0.0,0
71.5,-2.4165,0.5436,97.1073,-0.0004,0.0,97.1073,,,,,,,,,,,,0.0,0.0,0.0,0.0,0
71.52,-2.4165,0.5436,97.1073,-0.0004,0.0,97.1073,,,,,,,,,,,,0.0,0.0,0.0,0.0,0
71.54,-2.4165,0.5436,97.1073,-0.0004,0.0,97.1073,,,,,,,,,,,,0.0,0.0,0.0,0.0,0
71.56,-2.4309,0.5201,97.1126,-0.0004,0.0,97.1126,,,,,,,,,,,,0.0,0.0,0.0,0.0,0
71.58,-2.4309,0.5201,97.1126,-0.0004,0.0,97.1126,,,,,,,,,,,,0.0,0.0,0.0,0.0,0
71.6,-2.4309,0.5201,97.1126,-0.0004,0.0,97.1126,,,,,,,,,,,,0.0,0.0,0.0,0.0,0
71.62,-2.4309,0.5201,97.1126,-0.0004,0.0,97.1126,,,,,,,,,,,,0.0,0.0,0.0,0.0,0
71.64,-2.4309,0.5201,97.1126,-0.0004,0.0,97.1126,,,,,,,,,,,,0.0,0.0,0.0,0.0,0
71.66,-2.4486,0.5041,97.1037,-0.0004,0.0,97.1037,,,,,,,,,,,,0.0,0.0,0.0,0.0,0
71.68,-2.4486,0.5041,97.1037,-0.0004,0.0,97.1037,,,,,,,,,,,,0.0,0.0,0.0,0.0,0
71.7,-2.4486,0.5041,97.1037,-0.0004,0.0,97.1037,,,,,,,,,,,,0.0,0.0,0.0,0.0,0
71.72,-2.4486,0.5041,97.1037,-0.0004,0.0,97.1037,,,,,,,,,,,,0.0,0.0,0.0,0.0,0
71.74,-2.4486,0.5041,97.1037,-0.0004,0.0,97.1037,,,,,,,,,,,,0.0,0.0,0.0,0.0,0
71.76,-2.4569,0.4869,97.1747,-0.0004,0.0,97.1747,,,,,,,,,,,,0.0,0.0,0.0,0.0,0
71.78,-2.4569,0.4869,97.1747,-0.0004,0.0,97.1747,,,,,,,,,,,,0.0,0.0,0.0,0.0,0
71.8,-2.4569,0.4869,97.1747,-0.0004,0.0,97.1747,,,,,,,,,,,,0.0,0.0,0.0,0.0,0
71.82,-2.4569,0.4869,97.1747,-0.0004,0.0,97.1747,,,,,,,,,,,,0.0,0.0,0.0,0.0,0
71.84,-2.4569,0.4869,97.1747,-0.0004,0.0,97.1747,,,,,,,,,,,,0.0,0.0,0.0,0.0,0
71.86,-2.4675,0.4751,97.1297,-0.0004,0.0,97.1297,,,,,,,,,,,,0.0,0.0,0.0,0.0,0
71.88,-2.4675,0.4751,97.1297,-0.0004,0.0,97.1297,,,,,,,,,,,,0.0,0.0,0.0,0.0,0
71.9,-2.4675,0.4751,97.1297,-0.0004,0.0,97.1297,,,,,,,,,,,,0.0,0.0,0.0,0.0,0
71.92,-2.4675,0.4751,97.1297,-0.0004,0.0,97.1297,,,,,,,,,,,,0.0,0.0,0.0,0.0,0
71.94,-2.4675,0.4751,97.1297,-0.0004,0.0,97.1297,,,,,,,,,,,,0.0,0.0,0.0,0.0,0
71.96,-2.4716,0.4694,97.2147,-0.0004,0.0,97.2147,,,,,,,,,,,,0.0,0.0,0.0,0.0,0
71.98,-2.4716,0.4694,97.2147,-0.0004,0.0,97.2147,,,,,,,,,,,,0.0,0.0,0.0,0.0,0
72.0,-2.4716,0.4694,97.2147,-0.0004,0.0,97.2147,,,,,,,,,,,,0.0,0.0,0.0,0.0,0
72.02,-2.4716,0.4694,97.2147,-0.0004,0.0,97.2147,,,,,,,,,,,,0.0,0.0,0.0,0.0,0
72.04,-2.4716,0.4694,97.2147,-0.0004,0.0,97.2147,,,,,,,,,,,,0.0,0.0,0.0,0.0,0
72.06,-2.49,0.4724,97.1708,-0.0004,0.0,97.1707,,,,,,,,,,,,0.0,0.0,0.0,0.0,0
72.08,-2.49,0.4724,97.1708,-0.0004,0.0,97.1707,,,,,,,,,,,,0.0,0.0,0.0,0.0,0
72.1,-2.49,0.4724,97.1708,-0.0004,0.0,97.1707,,,,,,,,,,,,0.0,0.0,0.0,0.0,0
72.12,-2.49,0.4724,97.1708,-0.0004,0.0,97.1707,,,,,,,,,,,,0.0,0.0,0.0,0.0,0
72.14,-2.49,0.4724,97.1708,-0.0004,0.0,97.1707,,,,,,,,,,,,0.0,0.0,0.0,0.0,0
72.16,-2.5002,0.4787,97.245,-0.0004,0.0,97.245,,,,,,,,,,,,0.0,0.0,0.0,0.0,0
72.18,-2.5002,0.4787,97.245,-0.0004,0.0,97.245,,,,,,,,,,,,0.0,0.0,0.0,0.0,0
72.2,-2.5002,0.4787,97.245,-0.0004,0.0,97.245,,,,,,,,,,,,0.0,0.0,0.0,0.0,0
72.22,-2.5002,0.4787,97.245,-0.0004,0.0,97.245,,,,,,,,,,,,0.0,0.0,0.0,0.0,0
72.24,-2.5002,0.4787,97.245,-0.0004,0.0,97.245,,,,,,,,,,,,0.0,0.0,0.0,0.0,0
72.26,-2.5134,0.4833,97.2289,-0.0004,0.0,97.2289,,,,,,,,,,,,0.0,0.0,0.0,0.0,0
72.28,-2.5134,0.4833,97.2289,-0.0004,0.0,97.2289,,,,,,,,,,,,0.0,0.0,0.0,0.0,0
72.3,-2.5134,0.4833,97.2289,-0.0004,0.0,97.2289,,,,,,,,,,,,0.0,0.0,0.0,0.0,0
72.32,-2.5134,0.4833,97.2289,-0.0004,0.0,97.2289,,,,,,,,,,,,0.0,0.0,0.0,0.0,0
72.34,-2.5134,0.4833,97.2289,-0.0004,0.0,97.2289,,,,,,,,,,,,0.0,0.0,0.0,0.0,0
72.36,-2.521,0.4915,97.2754,-0.0004,0.0,97.2754,,,,,,,,,,,,0.0,0.0,0.0,0.0,0
72.38,-2.521,0.4915,97.2754,-0.0004,0.0,97.2754,,,,,,,,,,,,0.0,0.0,0.0,0.0,0
72.4,-2.521,0.4915,97.2754,-0.0004,0.0,97.2754,,,,,,,,,,,,0.0,0.0,0.0,0.0,0
72.42,-2.521,0.4915,97.2754,-0.0004,0.0,97.2754,,,,,,,,,,,,0.0,0.0,0.0,0.0,0
72.44,-2.521,0.4915,97.2754,-0.0004,0.0,97.2754,,,,,,,,,,,,0.0,0.0,0.0,0.0,0
72.46,-2.5295,0.4975,97.2864,-0.0004,0.0,97.2864,,,,,,,,,,,,0.0,0.0,0.0,0.0,0
72.48,-2.5295,0.4975,97.2864,-0.0004,0.0,97.2864,,,,,,,,,,,,0.0,0.0,0.0,0.0,0
72.5,-2.5295,0.4975,97.2864,-0.0004,0.0,97.2864,,,,,,,,,,,,0.0,0.0,0.0,0.0,0
72.52,-2.5295,0.4975,97.2864,-0.0004,0.0,97.2864,,,,,,,,,,,,0.0,0.0,0.0,0.0,0
72.54,-2.5295,0.4975,97.2864,-0.0004,0.0,97.2864,,,,,,,,,,,,0.0,0.0,0.0,0.0,0
72.56,-2.5402,0.5021,97.3,-0.0004,0.0,97.3,,,,,,,,,,,,0.0,0.0,0.0,0.0,0
72.58,-2.5402,0.5021,97.3,-0.0004,0.0,97.3,,,,,,,,,,,,0.0,0.0,0.0,0.0,0
72.6,-2.5402,0.5021,97.3,-0.0004,0.0,97.3,,,,,,,,,,,,0.0,0.0,0.0,0.0,0
72.62,-2.5402,0.5021,97.3,-0.0004,0.0,97.3,,,,,,,,,,,,0.0,0.0,0.0,0.0,0
72.64,-2.5402,0.5021,97.3,-0.0004,0.0,97.3,,,,,,,,,,,,0.0,0.0,0.0,0.0,0
72.66,-2.55,0.5109,97.3392,-0.0004,0.0,97.3392,,,,,,,,,,,,0.0,0.0,0.0,0.0,0
72.68,-2.55,0.5109,97.3392,-0.0004,0.0,97.3392,,,,,,,,,,,,0.0,0.0,0.0,0.0,0
72.7,-2.55,0.5109,97.3392,-0.0004,0.0,97.3392,,,,,,,,,,,,0.0,0.0,0.0,0.0,0
72.72,-2.55,0.5109,97.3392,-0.0004,0.0,97.3392,,,,,,,,,,,,0.0,0.0,0.0,0.0,0
72.74,-2.55,0.5109,97.3392,-0.0004,0.0,97.3392,,,,,,,,,,,,0.0,0.0,0.0,0.0,0
72.76,-2.5605,0.5161,97.338,-0.0004,0.0,97.338,,,,,,,,,,,,0.0,0.0,0.0,0.0,0
72.78,-2.5605,0.5161,97.338,-0.0004,0.0,97.338,,,,,,,,,,,,0.0,0.0,0.0,0.0,0
72.8,-2.5605,0.5161,97.338,-0.0004,0.0,97.338,,,,,,,,,,,,0.0,0.0,0.0,0.0,0
72.82,-2.5605,0.5161,97.338,-0.0004,0.0,97.338,,,,,,,,,,,,0.0,0.0,0.0,0.0,0
72.84,-2.5605,0.5161,97.338,-0.0004,0.0,97.338,,,,,,,,,,,,0.0,0.0,0.0,0.0,0
72.86,-2.5687,0.5276,97.3822,-0.0004,0.0,97.3822,,,,,,,,,,,,0.0,0.0,0.0,0.0,0
72.88,-2.5687,0.5276,97.3822,-0.0004,0.0,97.3822,,,,,,,,,,,,0.0,0.0,0.0,0.0,0
72.9,-2.5687,0.5276,97.3822,-0.0004,0.0,97.3822,,,,,,,,,,,,0.0,0.0,0.0,0.0,0
72.92,-2.5687,0.5276,97.3822,-0.0004,0.0,97.3822,,,,,,,,,,,,0.0,0.0,0.0,0.0,0
72.94,-2.5687,0.5276,97.3822,-0.0004,0.0,97.3822,,,,,,,,,,,,0.0,0.0,0.0,0.0,0
72.96,-2.5807,0.5397,97.3749,-0.0004,0.0,97.3749,,,,,,,,,,,,0.0,0.0,0.0,0.0,0
72.98,-2.5807,0.5397,97.3749,-0.0004,0.0,97.3749,,,,,,,,,,,,0.0,0.0,0.0,0.0,0
73.0,-2.5807,0.5397,97.3749,-0.0004,0.0,97.3749,,,,,,,,,,,,0.0,0.0,0.0,0.0,0
73.02,-2.5807,0.5397,97.3749,-0.0004,0.0,97.3749,,,,,,,,,,,,0.0,0.0,0.0,0.0,0
73.04,-2.5807,0.5397,97.3749,-0.0004,0.0,97.3749,,,,,,,,,,,,0.0,0.0,0.0,0.0,0
73.06,-2.5872,0.5519,97.4187,-0.0004,0.0,97.4187,,,,,,,,,,,,0.0,0.0,0.0,0.0,0
73.08,-2.5872,0.5519,97.4187,-0.0004,0.0,97.4187,,,,,,,,,,,,0.0,0.0,0.0,0.0,0
73.1,-2.5872,0.5519,97.4187,-0.0004,0.0,97.4187,,,,,,,,,,,,0.0,0.0,0.0,0.0,0
73.12,-2.5872,0.5519,97.4187,-0.0004,0.0,97.4187,,,,,,,,,,,,0.0,0.0,0.0,0.0,0
73.14,-2.5872,0.5519,97.4187,-0.0004,0.0,97.4187,,,,,,,,,,,,0.0,0.0,0.0,0.0,0
73.16,-2.5966,0.5608,97.4157,-0.0004,0.0,97.4157,,,,,,,,,,,,0.0,0.0,0.0,0.0,0
73.18,-2.5966,0.5608,97.4157,-0.0004,0.0,97.4157,,,,,,,,,,,,0.0,0.0,0.0,0.0,0
73.2,-2.5966,0.5608,97.4157,-0.0004,0.0,97.4157,,,,,,,,,,,,0.0,0.0,0.0,0.0,0
73.22,-2.5966,0.5608,97.4157,-0.0004,0.0,97.4157,,,,,,,,,,,,0.0,0.0,0.0,0.0,0
73.24,-2.5966,0.5608,97.4157,-0.0004,0.0,97.4157,,,,,,,,,,,,0.0,0.0,0.0,0.0,0
73.26,-2.6041,0.5716,97.4513,-0.0004,0.0,97.4513,,,,,,,,,,,,0.0,0.0,0.0,0.0,0
73.28,-2.6041,0.5716,97.4513,-0.0004,0.0,97.4513,,,,,,,,,,,,0.0,0.0,0.0,0.0,0
73.3,-2.6041,0.5716,97.4513,-0.0004,0.0,97.4513,,,,,,,,,,,,0.0,0.0,0.0,0.0,0
73.32,-2.6041,0.5716,97.4513,-0.0004,0.0,97.4513,,,,,,,,,,,,0.0,0.0,0.0,0.0,0
73.34,-2.6041,0.5716,97.4513,-0.0004,0.0,97.4513,,,,,,,,,,,,0.0,0.0,0.0,0.0,0
73.36,-2.6094,0.5816,97.4512,-0.0004,0.0,97.4512,,,,,,,,,,,,0.0,0.0,0.0,0.0,0
73.38,-2.6094,0.5816,97.4512,-0.0004,0.0,97.4512,,,,,,,,,,,,0.0,0.0,0.0,0.0,0
73.4,-2.6094,0.5816,97.4512,-0.0004,0.0,97.4512,,,,,,,,,,,,0.0,0.0,0.0,0.0,0
73.42,-2.6094,0.5816,97.4512,-0.0004,0.0,97.4512,,,,,,,,,,,,0.0,0.0,0.0,0.0,0
73.44,-2.6094,0.5816,97.4512,-0.0004,0.0,97.4512,,,,,,,,,,,,0.0,0.0,0.0,0.0,0
73.46,-2.6148,0.592,97.4785,-0.0004,0.0,97.4785,,,,,,,,,,,,0.0,0.0,0.0,0.0,0
73.48,-2.6148,0.592,97.4785,-0.0004,0.0,97.4785,,,,,,,,,,,,0.0,0.0,0.0,0.0,0
73.5,-2.6148,0.592,97.4785,-0.0004,0.0,97.4785,,,,,,,,,,,,0.0,0.0,0.0,0.0,0
73.52,-2.6148,0.592,97.4785,-0.0004,0.0,97.4785,,,,,,,,,,,,0.0,0.0,0.0,0.0,0
73.54,-2.6148,0.592,97.4785,-0.0004,0.0,97.4785,,,,,,,,,,,,0.0,0.0,0.0,0.0,0
73.56,-2.6238,0.6055,97.4858,-0.0004,0.0,97.4858,,,,,,,,,,,,0.0,0.0,0.0,0.0,0
73.58,-2.6238,0.6055,97.4858,-0.0004,0.0,97.4858,,,,,,,,,,,,0.0,0.0,0.0,0.0,0
73.6,-2.6238,0.6055,97.4858,-0.0004,0.0,97.4858,,,,,,,,,,,,0.0,0.0,0.0,0.0,0
73.62,-2.6238,0.6055,97.4858,-0.0004,0.0,97.4858,,,,,,,,,,,,0.0,0.0,0.0,0.0,0
73.64,-2.6238,0.6055,97.4858,-0.0004,0.0,97.4858,,,,,,,,,,,,0.0,0.0,0.0,0.0,0
73.66,-2.6345,0.6185,97.506,-0.0004,0.0,97.506,,,,,,,,,,,,0.0,0.0,0.0,0.0,0
73.68,-2.6345,0.6185,97.506,-0.0004,0.0,97.506,,,,,,,,,,,,0.0,0.0,0.0,0.0,0
73.7,-2.6345,0.6185,97.506,-0.0004,0.0,97.506,,,,,,,,,,,,0.0,0.0,0.0,0.0,0
73.72,-2.6345,0.6185,97.506,-0.0004,0.0,97.506,,,,,,,,,,,,0.0,0.0,0.0,0.0,0
73.74,-2.6345,0.6185,97.506,-0.0004,0.0,97.506,,,,,,,,,,,,0.0,0.0,0.0,0.0,0
73.76,-2.6424,0.627,97.5186,-0.0004,0.0,97.5186,,,,,,,,,,,,0.0,0.0,0.0,0.0,0
73.78,-2.6424,0.627,97.5186,-0.0004,0.0,97.5186,,,,,,,,,,,,0.0,0.0,0.0,0.0,0
73.8,-2.6424,0.627,97.5186,-0.0004,0.0,97.5186,,,,,,,,,,,,0.0,0.0,0.0,0.0,0
73.82,-2.6424,0.627,97.5186,-0.0004,0.0,97.5186,,,,,,,,,,,,0.0,0.0,0.0,0.0,0
73.84,-2.6424,0.627,97.5186,-0.0004,0.0,97.5186,,,,,,,,,,,,0.0,0.0,0.0,0.0,0
73.86,-2.6505,0.6396,97.529,-0.0004,0.0,97.529,,,,,,,,,,,,0.0,0.0,0.0,0.0,0
73.88,-2.6505,0.6396,97.529,-0.0004,0.0,97.529,,,,,,,,,,,,0.0,0.0,0.0,0.0,0
73.9,-2.6505,0.6396,97.529,-0.0004,0.0,97.529,,,,,,,,,,,,0.0,0.0,0.0,0.0,0
73.92,-2.6505,0.6396,97.529,-0.0004,0.0,97.529,,,,,,,,,,,,0.0,0.0,0.0,0.0,0
73.94,-2.6505,0.6396,97.529,-0.0004,0.0,97.529,,,,,,,,,,,,0.0,0.0,0.0,0.0,0
73.96,-2.6556,0.6474,97.5434,-0.0004,0.0,97.5434,,,,,,,,,,,,0.0,0.0,0.0,0.0,0
73.98,-2.6556,0.6474,97.5434,-0.0004,0.0,97.5434,,,,,,,,,,,,0.0,0.0,0.0,0.0,0
74.0,-2.6556,0.6474,97.5434,-0.0004,0.0,97.5434,,,,,,,,,,,,0.0,0.0,0.0,0.0,0
74.02,-2.6556,0.6474,97.5434,-0.0004,0.0,97.5434,,,,,,,,,,,,0.0,0.0,0.0,0.0,0
74.04,-2.6556,0.6474,97.5434,-0.0004,0.0,97.5434,,,,,,,,,,,,0.0,0.0,0.0,0.0,0
74.06,-2.6619,0.6546,97.5454,-0.0004,0.0,97.5454,,,,,,,,,,,,0.0,0.0,0.0,0.0,0
74.08,-2.6619,0.6546,97.5454,-0.0004,0.0,97.5454,,,,,,,,,,,,0.0,0.0,0.0,0.0,0
74.1,-2.6619,0.6546,97.5454,-0.0004,0.0,97.5454,,,,,,,,,,,,0.0,0.0,0.0,0.0,0
74.12,-2.6619,0.6546,97.5454,-0.0004,0.0,97.5454,,,,,,,,,,,,0.0,0.0,0.0,0.0,0
74.14,-2.6619,0.6546,97.5454,-0.0004,0.0,97.5454,,,,,,,,,,,,0.0,0.0,0.0,0.0,0
74.16,-2.6701,0.6637,97.5652,-0.0004,0.0,97.5652,,,,,,,,,,,,0.0,0.0,0.0,0.0,0
74.18,-2.6701,0.6637,97.5652,-0.0004,0.0,97.5652,,,,,,,,,,,,0.0,0.0,0.0,0.0,0
74.2,-2.6701,0.6637,97.5652,-0.0004,0.0,97.5652,,,,,,,,,,,,0.0,0.0,0.0,0.0,0
74.22,-2.6701,0.6637,97.5652,-0.0004,0.0,97.5652,,,,,,,,,,,,0.0,0.0,0.0,0.0,0
74.24,-2.6701,0.6637,97.5652,-0.0004,0.0,97.5652,,,,,,,,,,,,0.0,0.0,0.0,0.0,0
74.26,-2.6794,0.675,97.5683,-0.0004,0.0,97.5683,,,,,,,,,,,,0.0,0.0,0.0,0.0,0
74.28,-2.6794,0.675,97.5683,-0.0004,0.0,97.5683,,,,,,,,,,,,0.0,0.0,0.0,0.0,0
74.3,-2.6794,0.675,97.5683,-0.0004,0.0,97.5683,,,,,,,,,,,,0.0,0.0,0.0,0.0,0
74.32,-2.6794,0.675,97.5683,-0.0004,0.0,97.5683,,,,,,,,,,,,0.0,0.0,0.0,0.0,0
74.34,-2.6794,0.675,97.5683,-0.0004,0.0,97.5683,,,,,,,,,,,,0.0,0.0,0.0,0.0,0
74.36,-2.6878,0.6842,97.59,-0.0004,0.0,97.59,,,,,,,,,,,,0.0,0.0,0.0,0.0,0
74.38,-2.6878,0.6842,97.59,-0.0004,0.0,97.59,,,,,,,,,,,,0.0,0.0,0.0,0.0,0
74.4,-2.6878,0.6842,97.59,-0.0004,0.0,97.59,,,,,,,,,,,,0.0,0.0,0.0,0.0,0
74.42,-2.6878,0.6842,97.59,-0.0004,0.0,97.59,,,,,,,,,,,,0.0,0.0,0.0,0.0,0
74.44,-2.6878,0.6842,97.59,-0.0004,0.0,97.59,,,,,,,,,,,,0.0,0.0,0.0,0.0,0
74.46,-2.6952,0.6965,97.589,-0.0004,0.0,97.589,,,,,,,,,,,,0.0,0.0,0.0,0.0,0
74.48,-2.6952,0.6965,97.589,-0.0004,0.0,97.589,,,,,,,,,,,,0.0,0.0,0.0,0.0,0
74.5,-2.6952,0.6965,97.589,-0.0004,0.0,97.589,,,,,,,,,,,,0.0,0.0,0.0,0.0,0
74.52,-2.6952,0.6965,97.589,-0.0004,0.0,97.589,,,,,,,,,,,,0.0,0.0,0.0,0.0,0
74.54,-2.6952,0.6965,97.589,-0.0004,0.0,97.589,,,,,,,,,,,,0.0,0.0,0.0,0.0,0
74.56,-2.6508,0.8263,0.004,0.0221,0.0751,0.004,,,,,,,,,,,,0.0,0.0,0.0,0.0,0
74.58,-2.6508,0.8263,0.004,0.0221,0.0751,0.004,,,,,,,,,,,,0.0,0.0,0.0,0.0,0
74.6,-2.6508,0.8263,0.004,0.0221,0.0751,0.004,,,,,,,,,,,,0.0,0.0,0.0,0.0,0
74.62,-2.6508,0.8263,0.004,0.0221,0.0751,0.004,,,,,,,,,,,,0.0,0.0,0.0,0.0,0
74.64,-2.6508,0.8263,0.004,0.0221,0.0751,0.004,,,,,,,,,,,,0.0,0.0,0.0,0.0,0
74.66,-2.6395,0.829,359.9907,0.0113,0.0383,359.9907,,,,,,,,,,,,0.0,0.0,0.0,0.0,0
74.68,-2.6395,0.829,359.9907,0.0113,0.0383,359.9907,,,,,,,,,,,,0.0,0.0,0.0,0.0,0
74.7,-2.6395,0.829,359.9907,0.0113,0.0383,359.9907,,,,,,,,,,,,0.0,0.0,0.0,0.0,0
74.72,-2.6395,0.829,359.9907,0.0113,0.0383,359.9907,,,,,,,,,,,,0.0,0.0,0.0,0.0,0
74.74,-2.6395,0.829,359.9907,0.0113,0.0383,359.9907,,,,,,,,,,,,0.0,0.0,0.0,0.0,0
74.76,-2.6326,0.8329,359.9915,0.0058,0.0196,359.9915,,,,,,,,,,,,0.0,0.0,0.0,0.0,0
74.78,-2.6326,0.8329,359.9915,0.0058,0.0196,359.9915,,,,,,,,,,,,0.0,0.0,0.0,0.0,0
74.8,-2.6326,0.8329,359.9915,0.0058,0.0196,359.9915,,,,,,,,,,,,0.0,0.0,0.0,0.0,0
74.82,-2.6326,0.8329,359.9915,0.0058,0.0196,359.9915,,,,,,,,,,,,0.0,0.0,0.0,0.0,0
74.84,-2.6326,0.8329,359.9915,0.0058,0.0196,359.9915,,,,,,,,,,,,0.0,0.0,0.0,0.0,0
74.86,-2.6228,0.8336,359.9818,0.0029,0.01,359.9818,,,,,,,,,,,,0.0,0.0,0.0,0.0,0
74.88,-2.6228,0.8336,359.9818,0.0029,0.01,359.9818,,,,,,,,,,,,0.0,0.0,0.0,0.0,0
74.9,-2.6228,0.8336,359.9818,0.0029,0.01,359.9818,,,,,,,,,,,,0.0,0.0,0.0,0.0,0
74.92,-2.6228,0.8336,359.9818,0.0029,0.01,359.9818,,,,,,,,,,,,0.0,0.0,0.0,0.0,0
74.94,-2.6228,0.8336,359.9818,0.0029,0.01,359.9818,,,,,,,,,,,,0.0,0.0,0.0,0.0,0
74.96,-2.6102,0.8371,359.9813,0.0015,0.0051,359.9813,,,,,,,,,,,,0.0,0.0,0.0,0.0,0
74.98,-2.6102,0.8371,359.9813,0.0015,0.0051,359.9813,,,,,,,,,,,,0.0,0.0,0.0,0.0,0
75.0,-2.6102,0.8371,359.9813,0.0015,0.0051,359.9813,,,,,,,,,,,,0.0,0.0,0.0,0.0,0
75.02,-2.6102,0.8371,359.9813,0.0015,0.0051,359.9813,,,,,,,,,,,,0.0,0.0,0.0,0.0,0
75.04,-2.6102,0.8371,359.9813,0.0015,0.0051,359.9813,,,,,,,,,,,,0.0,0.0,0.0,0.0,0
75.06,-2.6033,0.84,359.9749,0.0008,0.0026,359.9749,,,,,,,,,,,,0.0,0.0,0.0,0.0,0
75.08,-2.6033,0.84,359.9749,0.0008,0.0026,359.9749,,,,,,,,,,,,0.0,0.0,0.0,0.0,0
75.1,-2.6033,0.84,359.9749,0.0008,0.0026,359.9749,,,,,,,,,,,,0.0,0.0,0.0,0.0,0
75.12,-2.6033,0.84,359.9749,0.0008,0.0026,359.9749,,,,,,,,,,,,0.0,0.0,0.0,0.0,0
75.14,-2.6033,0.84,359.9749,0.0008,0.0026,359.9749,,,,,,,,,,,,0.0,0.0,0.0,0.0,0
75.16,-2.5976,0.8464,359.9712,0.0004,0.0013,359.9712,,,,,,,,,,,,0.0,0.0,0.0,0.0,0
75.18,-2.5976,0.8464,359.9712,0.0004,0.0013,359.9712,,,,,,,,,,,,0.0,0.0,0.0,0.0,0
75.2,-2.5976,0.8464,359.9712,0.0004,0.0013,359.9712,,,,,,,,,,,,0.0,0.0,0.0,0.0,0
75.22,-2.5976,0.8464,359.9712,0.0004,0.0013,359.9712,,,,,,,,,,,,0.0,0.0,0.0,0.0,0
75.24,-2.5976,0.8464,359.9712,0.0004,0.0013,359.9712,,,,,,,,,,,,0.0,0.0,0.0,0.0,0
75.26,-2.5904,0.8495,359.964,0.0002,0.0007,359.964,,,,,,,,,,,,0.0,0.0,0.0,0.0,0
75.28,-2.5904,0.8495,359.964,0.0002,0.0007,359.964,,,,,,,,,,,,0.0,0.0,0.0,0.0,0
75.3,-2.5904,0.8495,359.964,0.0002,0.0007,359.964,,,,,,,,,,,,0.0,0.0,0.0,0.0,0
75.32,-2.5904,0.8495,359.964,0.0002,0.0007,359.964,,,,,,,,,,,,0.0,0.0,0.0,0.0,0
75.34,-2.5904,0.8495,359.964,0.0002,0.0007,359.964,,,,,,,,,,,,0.0,0.0,0.0,0.0,0
75.36,-2.5841,0.8533,359.954,0.0001,0.0004,359.954,,,,,,,,,,,,0.0,0.0,0.0,0.0,0
75.38,-2.5841,0.8533,359.954,0.0001,0.0004,359.954,,,,,,,,,,,,0.0,0.0,0.0,0.0,0
75.4,-2.5841,0.8533,359.954,0.0001,0.0004,359.954,,,,,,,,,,,,0.0,0.0,0.0,0.0,0
75.42,-2.5841,0.8533,359.954,0.0001,0.0004,359.954,,,,,,,,,,,,0.0,0.0,0.0,0.0,0
75.44,-2.5841,0.8533,359.954,0.0001,0.0004,359.954,,,,,,,,,,,,0.0,0.0,0.0,0.0,0
75.46,-2.5788,0.8572,359.9539,0.0001,0.0004,359.9539,,,,,,,,,,,,0.0,0.0,0.0,0.0,0
75.48,-2.5788,0.8572,359.9539,0.0001,0.0004,359.9539,,,,,,,,,,,,0.0,0.0,0.0,0.0,0
75.5,-2.5788,0.8572,359.9539,0.0001,0.0004,359.9539,,,,,,,,,,,,0.0,0.0,0.0,0.0,0
75.52,-2.5788,0.8572,359.9539,0.0001,0.0004,359.9539,,,,,,,,,,,,0.0,0.0,0.0,0.0,0
75.54,-2.5788,0.8572,359.9539,0.0001,0.0004,359.9539,,,,,,,,,,,,0.0,0.0,0.0,0.0,0
75.56,-2.5732,0.8581,359.9504,0.0001,0.0004,359.9504,,,,,,,,,,,,0.0,0.0,0.0,0.0,0
75.58,-2.5732,0.8581,359.9504,0.0001,0.0004,359.9504,,,,,,,,,,,,0.0,0.0,0.0,0.0,0
75.6,-2.5732,0.8581,359.9504,0.0001,0.0004,359.9504,,,,,,,,,,,,0.0,0.0,0.0,0.0,0
75.62,-2.5732,0.8581,359.9504,0.0001,0.0004,359.9504,,,,,,,,,,,,0.0,0.0,0.0,0.0,0
75.64,-2.5732,0.8581,359.9504,0.0001,0.0004,359.9504,,,,,,,,,,,,0.0,0.0,0.0,0.0,0
75.66,-2.5682,0.8574,359.9489,0.0001,0.0004,359.9489,,,,,,,,,,,,0.0,0.0,0.0,0.0,0
75.68,-2.5682,0.8574,359.9489,0.0001,0.0004,359.9489,,,,,,,,,,,,0.0,0.0,0.0,0.0,0
75.7,-2.5682,0.8574,359.9489,0.0001,0.0004,359.9489,,,,,,,,,,,,0.0,0.0,0.0,0.0,0
75.72,-2.5682,0.8574,359.9489,0.0001,0.0004,359.9489,,,,,,,,,,,,0.0,0.0,0.0,0.0,0
75.74,-2.5682,0.8574,359.9489,0.0001,0.0004,359.9489,,,,,,,,,,,,0.0,0.0,0.0,0.0,0
75.76,-2.5634,0.854,359.9396,0.0001,0.0004,359.9396,,,,,,,,,,,,0.0,0.0,0.0,0.0,0
75.78,-2.5634,0.854,359.9396,0.0001,0.0004,359.9396,,,,,,,,,,,,0.0,0.0,0.0,0.0,0
75.8,-2.5634,0.854,359.9396,0.0001,0.0004,359.9396,,,,,,,,,,,,0.0,0.0,0.0,0.0,0
75.82,-2.5634,0.854,359.9396,0.0001,0.0004,359.9396,,,,,,,,,,,,0.0,0.0,0.0,0.0,0
75.84,-2.5634,0.854,359.9396,0.0001,0.0004,359.9396,,,,,,,,,,,,0.0,0.0,0.0,0.0,0
75.86,-2.5616,0.8562,359.937,0.0001,0.0004,359.937,,,,,,,,,,,,0.0,0.0,0.0,0.0,0
75.88,-2.5616,0.8562,359.937,0.0001,0.0004,359.937,,,,,,,,,,,,0.0,0.0,0.0,0.0,0
75.9,-2.5616,0.8562,359.937,0.0001,0.0004,359.937,,,,,,,,,,,,0.0,0.0,0.0,0.0,0
75.92,-2.5616,0.8562,359.937,0.0001,0.0004,359.937,,,,,,,,,,,,0.0,0.0,0.0,0.0,0
75.94,-2.5616,0.8562,359.937,0.0001,0.0004,359.937,,,,,,,,,,,,0.0,0.0,0.0,0.0,0
75.96,-2.5604,0.8424,97.7163,-0.0054,-0.0112,97.7163,,,,,,,,,,,,0.0,0.0,0.0,0.0,0
75.98,-2.5604,0.8424,97.7163,-0.0054,-0.0112,97.7163,,,,,,,,,,,,0.0,0.0,0.0,0.0,0
76.0,-2.5604,0.8424,97.7163,-0.0054,-0.0112,97.7163,,,,,,,,,,,,0.0,0.0,0.0,0.0,0
76.02,-2.5604,0.8424,97.7163,-0.0054,-0.0112,97.7163,,,,,,,,,,,,0.0,0.0,0.0,0.0,0
76.04,-2.5604,0.8424,97.7163,-0.0054,-0.0112,97.7163,,,,,,,,,,,,0.0,0.0,0.0,0.0,0
76.06,-2.5496,0.8526,97.7222,-0.0028,-0.0057,97.7222,,,,,,,,,,,,0.0,0.0,0.0,0.0,0
76.08,-2.5496,0.8526,97.7222,-0.0028,-0.0057,97.7222,,,,,,,,,,,,0.0,0.0,0.0,0.0,0
76.1,-2.5496,0.8526,97.7222,-0.0028,-0.0057,97.7222,,,,,,,,,,,,0.0,0.0,0.0,0.0,0
76.12,-2.5496,0.8526,97.7222,-0.0028,-0.0057,97.7222,,,,,,,,,,,,0.0,0.0,0.0,0.0,0
76.14,-2.5496,0.8526,97.7222,-0.0028,-0.0057,97.7222,,,,,,,,,,,,0.0,0.0,0.0,0.0,0
76.16,-2.5378,0.8585,97.7175,-0.0014,-0.0029,97.7175,,,,,,,,,,,,0.0,0.0,0.0,0.0,0
76.18,-2.5378,0.8585,97.7175,-0.0014,-0.0029,97.7175,,,,,,,,,,,,0.0,0.0,0.0,0.0,0
76.2,-2.5378,0.8585,97.7175,-0.0014,-0.0029,97.7175,,,,,,,,,,,,0.0,0.0,0.0,0.0,0
76.22,-2.5378,0.8585,97.7175,-0.0014,-0.0029,97.7175,,,,,,,,,,,,0.0,0.0,0.0,0.0,0
76.24,-2.5378,0.8585,97.7175,-0.0014,-0.0029,97.7175,,,,,,,,,,,,0.0,0.0,0.0,0.0,0
76.26,-2.5245,0.8629,97.7153,-0.0007,-0.0015,97.7153,,,,,,,,,,,,0.0,0.0,0.0,0.0,0
76.28,-2.5245,0.8629,97.7153,-0.0007,-0.0015,97.7153,,,,,,,,,,,,0.0,0.0,0.0,0.0,0
76.3,-2.5245,0.8629,97.7153,-0.0007,-0.0015,97.7153,,,,,,,,,,,,0.0,0.0,0.0,0.0,0
76.32,-2.5245,0.8629,97.7153,-0.0007,-0.0015,97.7153,,,,,,,,,,,,0.0,0.0,0.0,0.0,0
76.34,-2.5245,0.8629,97.7153,-0.0007,-0.0015,97.7153,,,,,,,,,,,,0.0,0.0,0.0,0.0,0
76.36,-2.5162,0.8676,97.7081,-0.0004,-0.0008,97.7081,,,,,,,,,,,,0.0,0.0,0.0,0.0,0
76.38,-2.5162,0.8676,97.7081,-0.0004,-0.0008,97.7081,,,,,,,,,,,,0.0,0.0,0.0,0.0,0
76.4,-2.5162,0.8676,97.7081,-0.0004,-0.0008,97.7081,,,,,,,,,,,,0.0,0.0,0.0,0.0,0
76.42,-2.5162,0.8676,97.7081,-0.0004,-0.0008,97.7081,,,,,,,,,,,,0.0,0.0,0.0,0.0,0
76.44,-2.5162,0.8676,97.7081,-0.0004,-0.0008,97.7081,,,,,,,,,,,,0.0,0.0,0.0,0.0,0
76.46,-2.513,0.8738,97.7098,-0.0002,-0.0004,97.7098,,,,,,,,,,,,0.0,0.0,0.0,0.0,0
76.48,-2.513,0.8738,97.7098,-0.0002,-0.0004,97.7098,,,,,,,,,,,,0.0,0.0,0.0,0.0,0
76.5,-2.513,0.8738,97.7098,-0.0002,-0.0004,97.7098,,,,,,,,,,,,0.0,0.0,0.0,0.0,0
76.52,-2.513,0.8738,97.7098,-0.0002,-0.0004,97.7098,,,,,,,,,,,,0.0,0.0,0.0,0.0,0
76.54,-2.513,0.8738,97.7098,-0.0002,-0.0004,97.7098,,,,,,,,,,,,0.0,0.0,0.0,0.0,0
76.56,-2.5103,0.8775,97.712,-0.0002,-0.0004,97.712,,,,,,,,,,,,0.0,0.0,0.0,0.0,0
76.58,-2.5103,0.8775,97.712,-0.0002,-0.0004,97.712,,,,,,,,,,,,0.0,0.0,0.0,0.0,0
76.6,-2.5103,0.8775,97.712,-0.0002,-0.0004,97.712,,,,,,,,,,,,0.0,0.0,0.0,0.0,0
76.62,-2.5103,0.8775,97.712,-0.0002,-0.0004,97.712,,,,,,,,,,,,0.0,0.0,0.0,0.0,0
76.64,-2.5103,0.8775,97.712,-0.0002,-0.0004,97.712,,,,,,,,,,,,0.0,0.0,0.0,0.0,0
76.66,-2.5019,0.8812,97.7193,-0.0002,-0.0004,97.7193,,,,,,,,,,,,0.0,0.0,0.0,0.0,0
76.68,-2.5019,0.8812,97.7193,-0.0002,-0.0004,97.7193,,,,,,,,,,,,0.0,0.0,0.0,0.0,0
76.7,-2.5019,0.8812,97.7193,-0.0002,-0.0004,97.7193,,,,,,,,,,,,0.0,0.0,0.0,0.0,0
76.72,-2.5019,0.8812,97.7193,-0.0002,-0.0004,97.7193,,,,,,,,,,,,0.0,0.0,0.0,0.0,0
76.74,-2.5019,0.8812,97.7193,-0.0002,-0.0004,97.7193,,,,,,,,,,,,0.0,0.0,0.0,0.0,0
76.76,-2.4952,0.8828,97.7218,-0.0002,-0.0004,97.7218,,,,,,,,,,,,0.0,0.0,0.0,0.0,0
76.78,-2.4952,0.8828,97.7218,-0.0002,-0.0004,97.7218,,,,,,,,,,,,0.0,0.0,0.0,0.0,0
76.8,-2.4952,0.8828,97.7218,-0.0002,-0.0004,97.7218,,,,,,,,,,,,0.0,0.0,0.0,0.0,0
76.82,-2.4952,0.8828,97.7218,-0.0002,-0.0004,97.7218,,,,,,,,,,,,0.0,0.0,0.0,0.0,0
76.84,-2.4952,0.8828,97.7218,-0.0002,-0.0004,97.7218,,,,,,,,,,,,0.0,0.0,0.0,0.0,0
76.86,-2.4926,0.8818,97.7172,-0.0002,-0.0004,97.7172,,,,,,,,,,,,0.0,0.0,0.0,0.0,0
76.88,-2.4926,0.8818,97.7172,-0.0002,-0.0004,97.7172,,,,,,,,,,,,0.0,0.0,0.0,0.0,0
76.9,-2.4926,0.8818,97.7172,-0.0002,-0.0004,97.7172,,,,,,,,,,,,0.0,0.0,0.0,0.0,0
76.92,-2.4926,0.8818,97.7172,-0.0002,-0.0004,97.7172,,,,,,,,,,,,0.0,0.0,0.0,0.0,0
76.94,-2.4926,0.8818,97.7172,-0.0002,-0.0004,97.7172,,,,,,,,,,,,0.0,0.0,0.0,0.0,0
76.96,-2.4889,0.8812,97.7152,-0.0002,-0.0004,97.7152,,,,,,,,,,,,0.0,0.0,0.0,0.0,0
76.98,-2.4889,0.8812,97.7152,-0.0002,-0.0004,97.7152,,,,,,,,,,,,0.0,0.0,0.0,0.0,0
77.0,-2.4889,0.8812,97.7152,-0.0002,-0.0004,97.7152,,,,,,,,,,,,0.0,0.0,0.0,0.0,0
77.02,-2.4889,0.8812,97.7152,-0.0002,-0.0004,97.7152,,,,,,,,,,,,0.0,0.0,0.0,0.0,0
77.04,-2.4889,0.8812,97.7152,-0.0002,-0.0004,97.7152,,,,,,,,,,,,0.0,0.0,0.0,0.0,0
77.06,-2.4902,0.885,97.7076,-0.0002,-0.0004,97.7076,,,,,,,,,,,,0.0,0.0,0.0,0.0,0
77.08,-2.4902,0.885,97.7076,-0.0002,-0.0004,97.7076,,,,,,,,,,,,0.0,0.0,0.0,0.0,0
77.1,-2.4902,0.885,97.7076,-0.0002,-0.0004,97.7076,,,,,,,,,,,,0.0,0.0,0.0,0.0,0
77.12,-2.4902,0.885,97.7076,-0.0002,-0.0004,97.7076,,,,,,,,,,,,0.0,0.0,0.0,0.0,0
77.14,-2.4902,0.885,97.7076,-0.0002,-0.0004,97.7076,,,,,,,,,,,,0.0,0.0,0.0,0.0,0
77.16,-2.4915,0.8848,97.6984,-0.0002,-0.0004,97.6984,,,,,,,,,,,,0.0,0.0,0.0,0.0,0
77.18,-2.4915,0.8848,97.6984,-0.0002,-0.0004,97.6984,,,,,,,,,,,,0.0,0.0,0.0,0.0,0
77.2,-2.4915,0.8848,97.6984,-0.0002,-0.0004,97.6984,,,,,,,,,,,,0.0,0.0,0.0,0.0,0
77.22,-2.4915,0.8848,97.6984,-0.0002,-0.0004,97.6984,,,,,,,,,,,,0.0,0.0,0.0,0.0,0
77.24,-2.4915,0.8848,97.6984,-0.0002,-0.0004,97.6984,,,,,,,,,,,,0.0,0.0,0.0,0.0,0
77.26,-2.4931,0.8779,97.685,-0.0002,-0.0004,97.685,,,,,,,,,,,,0.0,0.0,0.0,0.0,0
77.28,-2.4931,0.8779,97.685,-0.0002,-0.0004,97.685,,,,,,,,,,,,0.0,0.0,0.0,0.0,0
77.3,-2.4931,0.8779,97.685,-0.0002,-0.0004,97.685,,,,,,,,,,,,0.0,0.0,0.0,0.0,0
77.32,-2.4931,0.8779,97.685,-0.0002,-0.0004,97.685,,,,,,,,,,,,0.0,0.0,0.0,0.0,0
77.34,-2.4931,0.8779,97.685,-0.0002,-0.0004,97.685,,,,,,,,,,,,0.0,0.0,0.0,0.0,0
77.36,-2.497,0.8719,97.6801,-0.0002,-0.0004,97.6801,,,,,,,,,,,,0.0,0.0,0.0,0.0,0
77.38,-2.497,0.8719,97.6801,-0.0002,-0.0004,97.6801,,,,,,,,,,,,0.0,0.0,0.0,0.0,0
77.4,-2.497,0.8719,97.6801,-0.0002,-0.0004,97.6801,,,,,,,,,,,,0.0,0.0,0.0,0.0,0
77.42,-2.497,0.8719,97.6801,-0.0002,-0.0004,97.6801,,,,,,,,,,,,0.0,0.0,0.0,0.0,0
77.44,-2.497,0.8719,97.6801,-0.0002,-0.0004,97.6801,,,,,,,,,,,,0.0,0.0,0.0,0.0,0
77.46,-2.5075,0.8666,97.6749,-0.0002,-0.0004,97.6749,,,,,,,,,,,,0.0,0.0,0.0,0.0,0
77.48,-2.5075,0.8666,97.6749,-0.0002,-0.0004,97.6749,,,,,,,,,,,,0.0,0.0,0.0,0.0,0
77.5,-2.5075,0.8666,97.6749,-0.0002,-0.0004,97.6749,,,,,,,,,,,,0.0,0.0,0.0,0.0,0
77.52,-2.5075,0.8666,97.6749,-0.0002,-0.0004,97.6749,,,,,,,,,,,,0.0,0.0,0.0,0.0,0
77.54,-2.5075,0.8666,97.6749,-0.0002,-0.0004,97.6749,,,,,,,,,,,,0.0,0.0,0.0,0.0,0
77.56,-2.5154,0.8669,97.675,-0.0002,-0.0004,97.675,,,,,,,,,,,,0.0,0.0,0.0,0.0,0
77.58,-2.5154,0.8669,97.675,-0.0002,-0.0004,97.675,,,,,,,,,,,,0.0,0.0,0.0,0.0,0
77.6,-2.5154,0.8669,97.675,-0.0002,-0.0004,97.675,,,,,,,,,,,,0.0,0.0,0.0,0.0,0
77.62,-2.5154,0.8669,97.675,-0.0002,-0.0004,97.675,,,,,,,,,,,,0.0,0.0,0.0,0.0,0
77.64,-2.5154,0.8669,97.675,-0.0002,-0.0004,97.675,,,,,,,,,,,,0.0,0.0,0.0,0.0,0
77.66,-2.525,0.8619,97.6752,-0.0002,-0.0004,97.6752,,,,,,,,,,,,0.0,0.0,0.0,0.0,0
77.68,-2.525,0.8619,97.6752,-0.0002,-0.0004,97.6752,,,,,,,,,,,,0.0,0.0,0.0,0.0,0
77.7,-2.525,0.8619,97.6752,-0.0002,-0.0004,97.6752,,,,,,,,,,,,0.0,0.0,0.0,0.0,0
77.72,-2.525,0.8619,97.6752,-0.0002,-0.0004,97.6752,,,,,,,,,,,,0.0,0.0,0.0,0.0,0
77.74,-2.525,0.8619,97.6752,-0.0002,-0.0004,97.6752,,,,,,,,,,,,0.0,0.0,0.0,0.0,0
77.76,-2.5341,0.8562,97.6751,-0.0002,-0.0004,97.6751,,,,,,,,,,,,0.0,0.0,0.0,0.0,0
77.78,-2.5341,0.8562,97.6751,-0.0002,-0.0004,97.6751,,,,,,,,,,,,0.0,0.0,0.0,0.0,0
77.8,-2.5341,0.8562,97.6751,-0.0002,-0.0004,97.6751,,,,,,,,,,,,0.0,0.0,0.0,0.0,0
77.82,-2.5341,0.8562,97.6751,-0.0002,-0.0004,97.6751,,,,,,,,,,,,0.0,0.0,0.0,0.0,0
77.84,-2.5341,0.8562,97.6751,-0.0002,-0.0004,97.6751,,,,,,,,,,,,0.0,0.0,0.0,0.0,0
77.86,-2.5429,0.8496,97.6764,-0.0002,-0.0004,97.6764,,,,,,,,,,,,0.0,0.0,0.0,0.0,0
77.88,-2.5429,0.8496,97.6764,-0.0002,-0.0004,97.6764,,,,,,,,,,,,0.0,0.0,0.0,0.0,0
77.9,-2.5429,0.8496,97.6764,-0.0002,-0.0004,97.6764,,,,,,,,,,,,0.0,0.0,0.0,0.0,0
77.92,-2.5429,0.8496,97.6764,-0.0002,-0.0004,97.6764,,,,,,,,,,,,0.0,0.0,0.0,0.0,0
77.94,-2.5429,0.8496,97.6764,-0.0002,-0.0004,97.6764,,,,,,,,,,,,0.0,0.0,0.0,0.0,0
77.96,-2.5518,0.8461,97.6776,-0.0002,-0.0004,97.6776,,,,,,,,,,,,0.0,0.0,0.0,0.0,0
77.98,-2.5518,0.8461,97.6776,-0.0002,-0.0004,97.6776,,,,,,,,,,,,0.0,0.0,0.0,0.0,0
78.0,-2.5518,0.8461,97.6776,-0.0002,-0.0004,97.6776,,,,,,,,,,,,0.0,0.0,0.0,0.0,0
78.02,-2.5518,0.8461,97.6776,-0.0002,-0.0004,97.6776,,,,,,,,,,,,0.0,0.0,0.0,0.0,0
78.04,-2.5518,0.8461,97.6776,-0.0002,-0.0004,97.6776,,,,,,,,,,,,0.0,0.0,0.0,0.0,0
78.06,-2.5578,0.8466,97.6776,-0.0002,-0.0004,97.6776,,,,,,,,,,,,0.0,0.0,0.0,0.0,0
78.08,-2.5578,0.8466,97.6776,-0.0002,-0.0004,97.6776,,,,,,,,,,,,0.0,0.0,0.0,0.0,0
78.1,-2.5578,0.8466,97.6776,-0.0002,-0.0004,97.6776,,,,,,,,,,,,0.0,0.0,0.0,0.0,0
78.12,-2.5578,0.8466,97.6776,-0.0002,-0.0004,97.6776,,,,,,,,,,,,0.0,0.0,0.0,0.0,0
78.14,-2.5578,0.8466,97.6776,-0.0002,-0.0004,97.6776,,,,,,,,,,,,0.0,0.0,0.0,0.0,0
78.16,-2.5555,0.8447,97.6715,-0.0002,-0.0004,97.6715,,,,,,,,,,,,0.0,0.0,0.0,0.0,0
78.18,-2.5555,0.8447,97.6715,-0.0002,-0.0004,97.6715,,,,,,,,,,,,0.0,0.0,0.0,0.0,0
78.2,-2.5555,0.8447,97.6715,-0.0002,-0.0004,97.6715,,,,,,,,,,,,0.0,0.0,0.0,0.0,0
78.22,-2.5555,0.8447,97.6715,-0.0002,-0.0004,97.6715,,,,,,,,,,,,0.0,0.0,0.0,0.0,0
78.24,-2.5555,0.8447,97.6715,-0.0002,-0.0004,97.6715,,,,,,,,,,,,0.0,0.0,0.0,0.0,0
78.26,-2.552,0.8462,97.667,-0.0002,-0.0004,97.667,,,,,,,,,,,,0.0,0.0,0.0,0.0,0
78.28,-2.552,0.8462,97.667,-0.0002,-0.0004,97.667,,,,,,,,,,,,0.0,0.0,0.0,0.0,0
78.3,-2.552,0.8462,97.667,-0.0002,-0.0004,97.667,,,,,,,,,,,,0.0,0.0,0.0,0.0,0
78.32,-2.552,0.8462,97.667,-0.0002,-0.0004,97.667,,,,,,,,,,,,0.0,0.0,0.0,0.0,0
78.34,-2.552,0.8462,97.667,-0.0002,-0.0004,97.667,,,,,,,,,,,,0.0,0.0,0.0,0.0,0
78.36,-2.5419,0.8455,97.6595,-0.0002,-0.0004,97.6595,,,,,,,,,,,,0.0,0.0,0.0,0.0,0
78.38,-2.5419,0.8455,97.6595,-0.0002,-0.0004,97.6595,,,,,,,,,,,,0.0,0.0,0.0,0.0,0
78.4,-2.5419,0.8455,97.6595,-0.0002,-0.0004,97.6595,,,,,,,,,,,,0.0,0.0,0.0,0.0,0
78.42,-2.5419,0.8455,97.6595,-0.0002,-0.0004,97.6595,,,,,,,,,,,,0.0,0.0,0.0,0.0,0
78.44,-2.5419,0.8455,97.6595,-0.0002,-0.0004,97.6595,,,,,,,,,,,,0.0,0.0,0.0,0.0,0
78.46,-2.5382,0.8499,97.6596,-0.0002,-0.0004,97.6596,,,,,,,,,,,,0.0,0.0,0.0,0.0,0
78.48,-2.5382,0.8499,97.6596,-0.0002,-0.0004,97.6596,,,,,,,,,,,,0.0,0.0,0.0,0.0,0
78.5,-2.5382,0.8499,97.6596,-0.0002,-0.0004,97.6596,,,,,,,,,,,,0.0,0.0,0.0,0.0,0
78.52,-2.5382,0.8499,97.6596,-0.0002,-0.0004,97.6596,,,,,,,,,,,,0.0,0.0,0.0,0.0,0
78.54,-2.5382,0.8499,97.6596,-0.0002,-0.0004,97.6596,,,,,,,,,,,,0.0,0.0,0.0,0.0,0
78.56,-2.5323,0.8503,97.6613,-0.0002,-0.0004,97.6613,,,,,,,,,,,,0.0,0.0,0.0,0.0,0
78.58,-2.5323,0.8503,97.6613,-0.0002,-0.0004,97.6613,,,,,,,,,,,,0.0,0.0,0.0,0.0,0
78.6,-2.5323,0.8503,97.6613,-0.0002,-0.0004,97.6613,,,,,,,,,,,,0.0,0.0,0.0,0.0,0
78.62,-2.5323,0.8503,97.6613,-0.0002,-0.0004,97.6613,,,,,,,,,,,,0.0,0.0,0.0,0.0,0
78.64,-2.5323,0.8503,97.6613,-0.0002,-0.0004,97.6613,,,,,,,,,,,,0.0,0.0,0.0,0.0,0
78.66,-2.5273,0.8468,97.6612,-0.0002,-0.0004,97.6612,,,,,,,,,,,,0.0,0.0,0.0,0.0,0
78.68,-2.5273,0.8468,97.6612,-0.0002,-0.0004,97.6612,,,,,,,,,,,,0.0,0.0,0.0,0.0,0
78.7,-2.5273,0.8468,97.6612,-0.0002,-0.0004,97.6612,,,,,,,,,,,,0.0,0.0,0.0,0.0,0
78.72,-2.5273,0.8468,97.6612,-0.0002,-0.0004,97.6612,,,,,,,,,,,,0.0,0.0,0.0,0.0,0
78.74,-2.5273,0.8468,97.6612,-0.0002,-0.0004,97.6612,,,,,,,,,,,,0.0,0.0,0.0,0.0,0
78.76,-2.5217,0.8496,97.6562,-0.0002,-0.0004,97.6562,,,,,,,,,,,,0.0,0.0,0.0,0.0,0
78.78,-2.5217,0.8496,97.6562,-0.0002,-0.0004,97.6562,,,,,,,,,,,,0.0,0.0,0.0,0.0,0
78.8,-2.5217,0.8496,97.6562,-0.0002,-0.0004,97.6562,,,,,,,,,,,,0.0,0.0,0.0,0.0,0
78.82,-2.5217,0.8496,97.6562,-0.0002,-0.0004,97.6562,,,,,,,,,,,,0.0,0.0,0.0,0.0,0
78.84,-2.5217,0.8496,97.6562,-0.0002,-0.0004,97.6562,,,,,,,,,,,,0.0,0.0,0.0,0.0,0
78.86,-2.5205,0.849,97.6507,-0.0002,-0.0004,97.6507,,,,,,,,,,,,0.0,0.0,0.0,0.0,0
78.88,-2.5205,0.849,97.6507,-0.0002,-0.0004,97.6507,,,,,,,,,,,,0.0,0.0,0.0,0.0,0
78.9,-2.5205,0.849,97.6507,-0.0002,-0.0004,97.6507,,,,,,,,,,,,0.0,0.0,0.0,0.0,0
78.92,-2.5205,0.849,97.6507,-0.0002,-0.0004,97.6507,,,,,,,,,,,,0.0,0.0,0.0,0.0,0
78.94,-2.5205,0.849,97.6507,-0.0002,-0.0004,97.6507,,,,,,,,,,,,0.0,0.0,0.0,0.0,0
78.96,-2.5134,0.851,97.644,-0.0002,-0.0004,97.6439,,,,,,,,,,,,0.0,0.0,0.0,0.0,0
78.98,-2.5134,0.851,97.644,-0.0002,-0.0004,97.6439,,,,,,,,,,,,0.0,0.0,0.0,0.0,0
79.0,-2.5134,0.851,97.644,-0.0002,-0.0004,97.6439,,,,,,,,,,,,0.0,0.0,0.0,0.0,0
79.02,-2.5134,0.851,97.644,-0.0002,-0.0004,97.6439,,,,,,,,,,,,0.0,0.0,0.0,0.0,0
79.04,-2.5134,0.851,97.644,-0.0002,-0.0004,97.6439,,,,,,,,,,,,0.0,0.0,0.0,0.0,0
79.06,-2.5107,0.8533,97.64,-0.0002,-0.0004,97.64,,,,,,,,,,,,0.0,0.0,0.0,0.0,0
79.08,-2.5107,0.8533,97.64,-0.0002,-0.0004,97.64,,,,,,,,,,,,0.0,0.0,0.0,0.0,0
79.1,-2.5107,0.8533,97.64,-0.0002,-0.0004,97.64,,,,,,,,,,,,0.0,0.0,0.0,0.0,0
79.12,-2.5107,0.8533,97.64,-0.0002,-0.0004,97.64,,,,,,,,,,,,0.0,0.0,0.0,0.0,0
79.14,-2.5107,0.8533,97.64,-0.0002,-0.0004,97.64,,,,,,,,,,,,0.0,0.0,0.0,0.0,0
79.16,-2.5074,0.8582,97.6357,-0.0002,-0.0004,97.6356,,,,,,,,,,,,0.0,0.0,0.0,0.0,0
79.18,-2.5074,0.8582,97.6357,-0.0002,-0.0004,97.6356,,,,,,,,,,,,0.0,0.0,0.0,0.0,0
79.2,-2.5074,0.8582,97.6357,-0.0002,-0.0004,97.6356,,,,,,,,,,,,0.0,0.0,0.0,0.0,0
79.22,-2.5074,0.8582,97.6357,-0.0002,-0.0004,97.6356,,,,,,,,,,,,0.0,0.0,0.0,0.0,0
79.24,-2.5074,0.8582,97.6357,-0.0002,-0.0004,97.6356,,,,,,,,,,,,0.0,0.0,0.0,0.0,0
79.26,-2.5078,0.861,97.634,-0.0002,-0.0004,97.6339,,,,,,,,,,,,0.0,0.0,0.0,0.0,0
79.28,-2.5078,0.861,97.634,-0.0002,-0.0004,97.6339,,,,,,,,,,,,0.0,0.0,0.0,0.0,0
79.3,-2.5078,0.861,97.634,-0.0002,-0.0004,97.6339,,,,,,,,,,,,0.0,0.0,0.0,0.0,0
79.32,-2.5078,0.861,97.634,-0.0002,-0.0004,97.6339,,,,,,,,,,,,0.0,0.0,0.0,0.0,0
79.34,-2.5078,0.861,97.634,-0.0002,-0.0004,97.6339,,,,,,,,,,,,0.0,0.0,0.0,0.0,0
79.36,-2.5099,0.8601,97.6332,-0.0002,-0.0004,97.6332,,,,,,,,,,,,0.0,0.0,0.0,0.0,0
79.38,-2.5099,0.8601,97.6332,-0.0002,-0.0004,97.6332,,,,,,,,,,,,0.0,0.0,0.0,0.0,0
79.4,-2.5099,0.8601,97.6332,-0.0002,-0.0004,97.6332,,,,,,,,,,,,0.0,0.0,0.0,0.0,0
79.42,-2.5099,0.8601,97.6332,-0.0002,-0.0004,97.6332,,,,,,,,,,,,0.0,0.0,0.0,0.0,0
79.44,-2.5099,0.8601,97.6332,-0.0002,-0.0004,97.6332,,,,,,,,,,,,0.0,0.0,0.0,0.0,0
79.46,-2.5115,0.8569,97.6325,-0.0002,-0.0004,97.6325,,,,,,,,,,,,0.0,0.0,0.0,0.0,0
79.48,-2.5115,0.8569,97.6325,-0.0002,-0.0004,97.6325,,,,,,,,,,,,0.0,0.0,0.0,0.0,0
79.5,-2.5115,0.8569,97.6325,-0.0002,-0.0004,97.6325,,,,,,,,,,,,0.0,0.0,0.0,0.0,0
79.52,-2.5115,0.8569,97.6325,-0.0002,-0.0004,97.6325,,,,,,,,,,,,0.0,0.0,0.0,0.0,0
79.54,-2.5115,0.8569,97.6325,-0.0002,-0.0004,97.6325,,,,,,,,,,,,0.0,0.0,0.0,0.0,0
79.56,-2.5162,0.8566,97.6311,-0.0002,-0.0004,97.6311,,,,,,,,,,,,0.0,0.0,0.0,0.0,0
79.58,-2.5162,0.8566,97.6311,-0.0002,-0.0004,97.6311,,,,,,,,,,,,0.0,0.0,0.0,0.0,0
79.6,-2.5162,0.8566,97.6311,-0.0002,-0.0004,97.6311,,,,,,,,,,,,0.0,0.0,0.0,0.0,0
79.62,-2.5162,0.8566,97.6311,-0.0002,-0.0004,97.6311,,,,,,,,,,,,0.0,0.0,0.0,0.0,0
79.64,-2.5162,0.8566,97.6311,-0.0002,-0.0004,97.6311,,,,,,,,,,,,0.0,0.0,0.0,0.0,0
79.66,-2.5149,0.8554,97.6268,-0.0002,-0.0004,97.6268,,,,,,,,,,,,0.0,0.0,0.0,0.0,0
79.68,-2.5149,0.8554,97.6268,-0.0002,-0.0004,97.6268,,,,,,,,,,,,0.0,0.0,0.0,0.0,0
79.7,-2.5149,0.8554,97.6268,-0.0002,-0.0004,97.6268,,,,,,,,,,,,0.0,0.0,0.0,0.0,0
79.72,-2.5149,0.8554,97.6268,-0.0002,-0.0004,97.6268,,,,,,,,,,,,0.0,0.0,0.0,0.0,0
79.74,-2.5149,0.8554,97.6268,-0.0002,-0.0004,97.6268,,,,,,,,,,,,0.0,0.0,0.0,0.0,0
79.76,-2.5106,0.8542,97.6239,-0.0002,-0.0004,97.6239,,,,,,,,,,,,0.0,0.0,0.0,0.0,0
79.78,-2.5106,0.8542,97.6239,-0.0002,-0.0004,97.6239,,,,,,,,,,,,0.0,0.0,0.0,0.0,0
79.8,-2.5106,0.8542,97.6239,-0.0002,-0.0004,97.6239,,,,,,,,,,,,0.0,0.0,0.0,0.0,0
79.82,-2.5106,0.8542,97.6239,-0.0002,-0.0004,97.6239,,,,,,,,,,,,0.0,0.0,0.0,0.0,0
79.84,-2.5106,0.8542,97.6239,-0.0002,-0.0004,97.6239,,,,,,,,,,,,0.0,0.0,0.0,0.0,0
79.86,-2.5135,0.8522,97.6213,-0.0002,-0.0004,97.6213,,,,,,,,,,,,0.0,0.0,0.0,0.0,0
79.88,-2.5135,0.8522,97.6213,-0.0002,-0.0004,97.6213,,,,,,,,,,,,0.0,0.0,0.0,0.0,0
79.9,-2.5135,0.8522,97.6213,-0.0002,-0.0004,97.6213,,,,,,,,,,,,0.0,0.0,0.0,0.0,0
79.92,-2.5135,0.8522,97.6213,-0.0002,-0.0004,97.6213,,,,,,,,,,,,0.0,0.0,0.0,0.0,0
79.94,-2.5135,0.8522,97.6213,-0.0002,-0.0004,97.6213,,,,,,,,,,,,0.0,0.0,0.0,0.0,0
79.96,-2.514,0.8494,97.6201,-0.0002,-0.0004,97.6201,,,,,,,,,,,,0.0,0.0,0.0,0.0,0
79.98,-2.514,0.8494,97.6201,-0.0002,-0.0004,97.6201,,,,,,,,,,,,0.0,0.0,0.0,0.0,0
80.0,-2.514,0.8494,97.6201,-0.0002,-0.0004,97.6201,,,,,,,,,,,,0.0,0.0,0.0,0.0,0
80.02,-2.514,0.8494,97.6201,-0.0002,-0.0004,97.6201,,,,,,,,,,,,0.0,0.0,0.0,0.0,0
80.04,-2.514,0.8494,97.6201,-0.0002,-0.0004,97.6201,,,,,,,,,,,,0.0,0.0,0.0,0.0,0
80.06,-2.5181,0.8513,97.6189,-0.0002,-0.0004,97.6189,,,,,,,,,,,,0.0,0.0,0.0,0.0,0
80.08,-2.5181,0.8513,97.6189,-0.0002,-0.0004,97.6189,,,,,,,,,,,,0.029,0.029,0.029,0.029,0
80.1,-2.5181,0.8513,97.6189,-0.0002,-0.0004,97.6189,,,,,,,,,,,,0.029,0.029,0.029,0.029,0
80.12,-2.5181,0.8513,97.6189,-0.0002,-0.0004,97.6189,,,,,,,,,,,,0.029,0.029,0.029,0.029,0
80.14,-2.5181,0.8513,97.6189,-0.0002,-0.0004,97.6189,,,,,,,,,,,,0.029,0.029,0.029,0.029,0
80.16,-2.5266,0.8505,97.6219,-0.0002,-0.0004,97.6219,,,,,,,,,,,,0.029,0.029,0.029,0.029,0
80.18,-2.5266,0.8505,97.6219,-0.0002,-0.0004,97.6219,,,,,,,,,,,,0.059,0.059,0.059,0.059,0
80.2,-2.5266,0.8505,97.6219,-0.0002,-0.0004,97.6219,,,,,,,,,,,,0.059,0.059,0.059,0.059,0
80.22,-2.5266,0.8505,97.6219,-0.0002,-0.0004,97.6219,,,,,,,,,,,,0.059,0.059,0.059,0.059,0
80.24,-2.5266,0.8505,97.6219,-0.0002,-0.0004,97.6219,,,,,,,,,,,,0.059,0.059,0.059,0.059,0
80.26,-2.5385,0.8449,97.6081,-0.0002,-0.0004,97.6082,,,,,,,,,,,,0.059,0.059,0.059,0.059,0
80.28,-2.5385,0.8449,97.6081,-0.0002,-0.0004,97.6082,,,,,,,,,,,,0.089,0.089,0.089,0.089,0
80.3,-2.5385,0.8449,97.6081,-0.0002,-0.0004,97.6082,,,,,,,,,,,,0.089,0.089,0.089,0.089,0
80.32,-2.5385,0.8449,97.6081,-0.0002,-0.0004,97.6082,,,,,,,,,,,,0.089,0.089,0.089,0.089,0
80.34,-2.5385,0.8449,97.6081,-0.0002,-0.0004,97.6082,,,,,,,,,,,,0.089,0.089,0.089,0.089,0
80.36,-2.5343,0.8352,97.6201,-0.0002,-0.0004,97.6201,,,,,,,,,,,,0.089,0.089,0.089,0.089,0
80.38,-2.5343,0.8352,97.6201,-0.0002,-0.0004,97.6201,,,,,,,,,,,,0.1,0.1,0.1,0.1,0
80.4,-2.5343,0.8352,97.6201,-0.0002,-0.0004,97.6201,,,,,,,,,,,,0.1,0.1,0.1,0.1,0
80.42,-2.5343,0.8352,97.6201,-0.0002,-0.0004,97.6201,,,,,,,,,,,,0.1,0.1,0.1,0.1,0
80.44,-2.5343,0.8352,97.6201,-0.0002,-0.0004,97.6201,,,,,,,,,,,,0.1,0.1,0.1,0.1,0
80.46,-2.5366,0.8379,97.5224,-0.0002,-0.0004,97.5224,,,,,,,,,,,,0.1,0.1,0.1,0.1,0
80.48,-2.5366,0.8379,97.5224,-0.0002,-0.0004,97.5224,,,,,,,,,,,,0.1,0.1,0.1,0.1,0
80.5,-2.5366,0.8379,97.5224,-0.0002,-0.0004,97.5224,,,,,,,,,,,,0.1,0.1,0.1,0.1,0
80.52,-2.5366,0.8379,97.5224,-0.0002,-0.0004,97.5224,,,,,,,,,,,,0.1,0.1,0.1,0.1,0
80.54,-2.5366,0.8379,97.5224,-0.0002,-0.0004,97.5224,,,,,,,,,,,,0.1,0.1,0.1,0.1,0
80.56,-2.5392,0.8404,97.5798,-0.0002,-0.0004,97.5798,,,,,,,,,,,,0.1,0.1,0.1,0.1,0
80.58,-2.5392,0.8404,97.5798,-0.0002,-0.0004,97.5798,,,,,,,,,,,,0.1,0.1,0.1,0.1,0
80.6,-2.5392,0.8404,97.5798,-0.0002,-0.0004,97.5798,,,,,,,,,,,,0.1,0.1,0.1,0.1,0
80.62,-2.5392,0.8404,97.5798,-0.0002,-0.0004,97.5798,,,,,,,,,,,,0.1,0.1,0.1,0.1,0
80.64,-2.5392,0.8404,97.5798,-0.0002,-0.0004,97.5798,,,,,,,,,,,,0.1,0.1,0.1,0.1,0
80.66,-2.5614,0.83,97.4652,-0.0002,-0.0004,97.4652,,,,,,,,,,,,0.1,0.1,0.1,0.1,0
80.68,-2.5614,0.83,97.4652,-0.0002,-0.0004,97.4652,,,,,,,,,,,,0.1,0.1,0.1,0.1,0
80.7,-2.5614,0.83,97.4652,-0.0002,-0.0004,97.4652,,,,,,,,,,,,0.1,0.1,0.1,0.1,0
80.72,-2.5614,0.83,97.4652,-0.0002,-0.0004,97.4652,,,,,,,,,,,,0.1,0.1,0.1,0.1,0
80.74,-2.5614,0.83,97.4652,-0.0002,-0.0004,97.4652,,,,,,,,,,,,0.1,0.1,0.1,0.1,0
80.76,-2.5629,0.8283,97.5118,-0.0002,-0.0004,97.5117,,,,,,,,,,,,0.1,0.1,0.1,0.1,0
80.78,-2.5629,0.8283,97.5118,-0.0002,-0.0004,97.5117,,,,,,,,,,,,0.1,0.1,0.1,0.1,0
80.8,-2.5629,0.8283,97.5118,-0.0002,-0.0004,97.5117,,,,,,,,,,,,0.1,0.1,0.1,0.1,0
80.82,-2.5629,0.8283,97.5118,-0.0002,-0.0004,97.5117,,,,,,,,,,,,0.1,0.1,0.1,0.1,0
80.84,-2.5629,0.8283,97.5118,-0.0002,-0.0004,97.5117,,,,,,,,,,,,0.1,0.1,0.1,0.1,0
80.86,-2.5766,0.8366,97.4287,-0.0002,-0.0004,97.4287,,,,,,,,,,,,0.1,0.1,0.1,0.1,0
80.88,-2.5766,0.8366,97.4287,-0.0002,-0.0004,97.4287,,,,,,,,,,,,0.1,0.1,0.1,0.1,0
80.9,-2.5766,0.8366,97.4287,-0.0002,-0.0004,97.4287,,,,,,,,,,,,0.1,0.1,0.1,0.1,0
80.92,-2.5766,0.8366,97.4287,-0.0002,-0.0004,97.4287,,,,,,,,,,,,0.1,0.1,0.1,0.1,0
80.94,-2.5766,0.8366,97.4287,-0.0002,-0.0004,97.4287,,,,,,,,,,,,0.1,0.1,0.1,0.1,0
80.96,-2.5791,0.8376,97.4274,-0.0002,-0.0004,97.4274,,,,,,,,,,,,0.1,0.1,0.1,0.1,0
80.98,-2.5791,0.8376,97.4274,-0.0002,-0.0004,97.4274,,,,,,,,,,,,0.1,0.1,0.1,0.1,0
81.0,-2.5791,0.8376,97.4274,-0.0002,-0.0004,97.4274,,,,,,,,,,,,0.1,0.1,0.1,0.1,0
81.02,-2.5791,0.8376,97.4274,-0.0002,-0.0004,97.4274,,,,,,,,,,,,0.1,0.1,0.1,0.1,0
81.04,-2.5791,0.8376,97.4274,-0.0002,-0.0004,97.4274,,,,,,,,,,,,0.1,0.1,0.1,0.1,0
81.06,-2.5749,0.8334,97.4042,-0.0002,-0.0004,97.4042,,,,,,,,,,,,0.1,0.1,0.1,0.1,0
81.08,-2.5749,0.8334,97.4042,-0.0002,-0.0004,97.4042,,,,,,,,,,,,0.1,0.1,0.1,0.1,0
81.1,-2.5749,0.8334,97.4042,-0.0002,-0.0004,97.4042,,,,,,,,,,,,0.1,0.1,0.1,0.1,0
81.12,-2.5749,0.8334,97.4042,-0.0002,-0.0004,97.4042,,,,,,,,,,,,0.1,0.1,0.1,0.1,0
81.14,-2.5749,0.8334,97.4042,-0.0002,-0.0004,97.4042,,,,,,,,,,,,0.1,0.1,0.1,0.1,0
81.16,-2.5782,0.8278,97.3544,-0.0002,-0.0004,97.3544,,,,,,,,,,,,0.1,0.1,0.1,0.1,0
81.18,-2.5782,0.8278,97.3544,-0.0002,-0.0004,97.3544,,,,,,,,,,,,0.1,0.1,0.1,0.1,0
81.2,-2.5782,0.8278,97.3544,-0.0002,-0.0004,97.3544,,,,,,,,,,,,0.1,0.1,0.1,0.1,0
81.22,-2.5782,0.8278,97.3544,-0.0002,-0.0004,97.3544,,,,,,,,,,,,0.1,0.1,0.1,0.1,0
81.24,-2.5782,0.8278,97.3544,-0.0002,-0.0004,97.3544,,,,,,,,,,,,0.1,0.1,0.1,0.1,0
81.26,-2.5746,0.8216,97.381,-0.0002,-0.0004,97.381,,,,,,,,,,,,0.1,0.1,0.1,0.1,0
81.28,-2.5746,0.8216,97.381,-0.0002,-0.0004,97.381,,,,,,,,,,,,0.1,0.1,0.1,0.1,0
81.3,-2.5746,0.8216,97.381,-0.0002,-0.0004,97.381,,,,,,,,,,,,0.1,0.1,0.1,0.1,0
81.32,-2.5746,0.8216,97.381,-0.0002,-0.0004,97.381,,,,,,,,,,,,0.1,0.1,0.1,0.1,0
81.34,-2.5746,0.8216,97.381,-0.0002,-0.0004,97.381,,,,,,,,,,,,0.1,0.1,0.1,0.1,0
81.36,-2.5912,0.8118,97.3145,-0.0002,-0.0004,97.3145,,,,,,,,,,,,0.1,0.1,0.1,0.1,0
81.38,-2.5912,0.8118,97.3145,-0.0002,-0.0004,97.3145,,,,,,,,,,,,0.1,0.1,0.1,0.1,0
81.4,-2.5912,0.8118,97.3145,-0.0002,-0.0004,97.3145,,,,,,,,,,,,0.1,0.1,0.1,0.1,0
81.42,-2.5912,0.8118,97.3145,-0.0002,-0.0004,97.3145,,,,,,,,,,,,0.1,0.1,0.1,0.1,0
81.44,-2.5912,0.8118,97.3145,-0.0002,-0.0004,97.3145,,,,,,,,,,,,0.1,0.1,0.1,0.1,0
81.46,-2.597,0.8101,97.333,-0.0002,-0.0004,97.333,,,,,,,,,,,,0.1,0.1,0.1,0.1,0
81.48,-2.597,0.8101,97.333,-0.0002,-0.0004,97.333,,,,,,,,,,,,0.1,0.1,0.1,0.1,0
81.5,-2.597,0.8101,97.333,-0.0002,-0.0004,97.333,,,,,,,,,,,,0.1,0.1,0.1,0.1,0
81.52,-2.597,0.8101,97.333,-0.0002,-0.0004,97.333,,,,,,,,,,,,0.1,0.1,0.1,0.1,0
81.54,-2.597,0.8101,97.333,-0.0002,-0.0004,97.333,,,,,,,,,,,,0.1,0.1,0.1,0.1,0
81.56,-2.6016,0.8031,97.2874,-0.0002,-0.0004,97.2874,,,,,,,,,,,,0.1,0.1,0.1,0.1,0
81.58,-2.6016,0.8031,97.2874,-0.0002,-0.0004,97.2874,,,,,,,,,,,,0.1,0.1,0.1,0.1,0
81.6,-2.6016,0.8031,97.2874,-0.0002,-0.0004,97.2874,,,,,,,,,,,,0.1,0.1,0.1,0.1,0
81.62,-2.6016,0.8031,97.2874,-0.0002,-0.0004,97.2874,,,,,,,,,,,,0.1,0.1,0.1,0.1,0
81.64,-2.6016,0.8031,97.2874,-0.0002,-0.0004,97.2874,,,,,,,,,,,,0.1,0.1,0.1,0.1,0
81.66,-2.6069,0.8066,97.2875,-0.0002,-0.0004,97.2875,,,,,,,,,,,,0.1,0.1,0.1,0.1,0
81.68,-2.6069,0.8066,97.2875,-0.0002,-0.0004,97.2875,,,,,,,,,,,,0.1,0.1,0.1,0.1,0
81.7,-2.6069,0.8066,97.2875,-0.0002,-0.0004,97.2875,,,,,,,,,,,,0.1,0.1,0.1,0.1,0
81.72,-2.6069,0.8066,97.2875,-0.0002,-0.0004,97.2875,,,,,,,,,,,,0.1,0.1,0.1,0.1,0
81.74,-2.6069,0.8066,97.2875,-0.0002,-0.0004,97.2875,,,,,,,,,,,,0.1,0.1,0.1,0.1,0
81.76,-2.6123,0.8029,97.2652,-0.0002,-0.0004,97.2652,,,,,,,,,,,,0.1,0.1,0.1,0.1,0
81.78,-2.6123,0.8029,97.2652,-0.0002,-0.0004,97.2652,,,,,,,,,,,,0.1,0.1,0.1,0.1,0
81.8,-2.6123,0.8029,97.2652,-0.0002,-0.0004,97.2652,,,,,,,,,,,,0.1,0.1,0.1,0.1,0
81.82,-2.6123,0.8029,97.2652,-0.0002,-0.0004,97.2652,,,,,,,,,,,,0.1,0.1,0.1,0.1,0
81.84,-2.6123,0.8029,97.2652,-0.0002,-0.0004,97.2652,,,,,,,,,,,,0.1,0.1,0.1,0.1,0
81.86,-2.6057,0.805,97.2426,-0.0002,-0.0004,97.2426,,,,,,,,,,,,0.1,0.1,0.1,0.1,0
81.88,-2.6057,0.805,97.2426,-0.0002,-0.0004,97.2426,,,,,,,,,,,,0.1,0.1,0.1,0.1,0
81.9,-2.6057,0.805,97.2426,-0.0002,-0.0004,97.2426,,,,,,,,,,,,0.1,0.1,0.1,0.1,0
81.92,-2.6057,0.805,97.2426,-0.0002,-0.0004,97.2426,,,,,,,,,,,,0.1,0.1,0.1,0.1,0
81.94,-2.6057,0.805,97.2426,-0.0002,-0.0004,97.2426,,,,,,,,,,,,0.1,0.1,0.1,0.1,0
81.96,-2.616,0.8041,97.2477,-0.0002,-0.0004,97.2477,,,,,,,,,,,,0.1,0.1,0.1,0.1,0
81.98,-2.616,0.8041,97.2477,-0.0002,-0.0004,97.2477,,,,,,,,,,,,0.1,0.1,0.1,0.1,0
82.0,-2.616,0.8041,97.2477,-0.0002,-0.0004,97.2477,,,,,,,,,,,,0.1,0.1,0.1,0.1,0
82.02,-2.616,0.8041,97.2477,-0.0002,-0.0004,97.2477,,,,,,,,,,,,0.1,0.1,0.1,0.1,0
82.04,-2.616,0.8041,97.2477,-0.0002,-0.0004,97.2477,,,,,,,,,,,,0.1,0.1,0.1,0.1,0
82.06,-2.6126,0.8095,97.2166,-0.0002,-0.0004,97.2166,,,,,,,,,,,,0.1,0.1,0.1,0.1,0
82.08,-2.6126,0.8095,97.2166,-0.0002,-0.0004,97.2166,,,,,,,,,,,,0.1,0.1,0.1,0.1,0
82.1,-2.6126,0.8095,97.2166,-0.0002,-0.0004,97.2166,,,,,,,,,,,,0.1,0.1,0.1,0.1,0
82.12,-2.6126,0.8095,97.2166,-0.0002,-0.0004,97.2166,,,,,,,,,,,,0.1,0.1,0.1,0.1,0
82.14,-2.6126,0.8095,97.2166,-0.0002,-0.0004,97.2166,,,,,,,,,,,,0.1,0.1,0.1,0.1,0
82.16,-2.6303,0.8016,97.2233,-0.0002,-0.0004,97.2233,,,,,,,,,,,,0.1,0.1,0.1,0.1,0
82.18,-2.6303,0.8016,97.2233,-0.0002,-0.0004,97.2233,,,,,,,,,,,,0.1,0.1,0.1,0.1,0
82.2,-2.6303,0.8016,97.2233,-0.0002,-0.0004,97.2233,,,,,,,,,,,,0.1,0.1,0.1,0.1,0
82.22,-2.6303,0.8016,97.2233,-0.0002,-0.0004,97.2233,,,,,,,,,,,,0.1,0.1,0.1,0.1,0
82.24,-2.6303,0.8016,97.2233,-0.0002,-0.0004,97.2233,,,,,,,,,,,,0.1,0.1,0.1,0.1,0
82.26,-2.6378,0.7993,97.1845,-0.0002,-0.0004,97.1845,,,,,,,,,,,,0.1,0.1,0.1,0.1,0
82.28,-2.6378,0.7993,97.1845,-0.0002,-0.0004,97.1845,,,,,,,,,,,,0.1,0.1,0.1,0.1,0
82.3,-2.6378,0.7993,97.1845,-0.0002,-0.0004,97.1845,,,,,,,,,,,,0.1,0.1,0.1,0.1,0
82.32,-2.6378,0.7993,97.1845,-0.0002,-0.0004,97.1845,,,,,,,,,,,,0.1,0.1,0.1,0.1,0
82.34,-2.6378,0.7993,97.1845,-0.0002,-0.0004,97.1845,,,,,,,,,,,,0.1,0.1,0.1,0.1,0
82.36,-2.6363,0.8066,97.1986,-0.0002,-0.0004,97.1986,,,,,,,,,,,,0.1,0.1,0.1,0.1,0
82.38,-2.6363,0.8066,97.1986,-0.0002,-0.0004,97.1986,,,,,,,,,,,,0.1,0.1,0.1,0.1,0
82.4,-2.6363,0.8066,97.1986,-0.0002,-0.0004,97.1986,,,,,,,,,,,,0.1,0.1,0.1,0.1,0
82.42,-2.6363,0.8066,97.1986,-0.0002,-0.0004,97.1986,,,,,,,,,,,,0.1,0.1,0.1,0.1,0
82.44,-2.6363,0.8066,97.1986,-0.0002,-0.0004,97.1986,,,,,,,,,,,,0.1,0.1,0.1,0.1,0
82.46,-2.6406,0.7912,97.1658,-0.0002,-0.0004,97.1658,,,,,,,,,,,,0.1,0.1,0.1,0.1,0
82.48,-2.6406,0.7912,97.1658,-0.0002,-0.0004,97.1658,,,,,,,,,,,,0.1,0.1,0.1,0.1,0
82.5,-2.6406,0.7912,97.1658,-0.0002,-0.0004,97.1658,,,,,,,,,,,,0.1,0.1,0.1,0.1,0
82.52,-2.6406,0.7912,97.1658,-0.0002,-0.0004,97.1658,,,,,,,,,,,,0.1,0.1,0.1,0.1,0
82.54,-2.6406,0.7912,97.1658,-0.0002,-0.0004,97.1658,,,,,,,,,,,,0.1,0.1,0.1,0.1,0
82.56,-2.6493,0.7911,97.1812,-0.0002,-0.0004,97.1812,,,,,,,,,,,,0.1,0.1,0.1,0.1,0
82.58,-2.6493,0.7911,97.1812,-0.0002,-0.0004,97.1812,,,,,,,,,,,,0.1,0.1,0.1,0.1,0
82.6,-2.6493,0.7911,97.1812,-0.0002,-0.0004,97.1812,,,,,,,,,,,,0.1,0.1,0.1,0.1,0
82.62,-2.6493,0.7911,97.1812,-0.0002,-0.0004,97.1812,,,,,,,,,,,,0.1,0.1,0.1,0.1,0
82.64,-2.6493,0.7911,97.1812,-0.0002,-0.0004,97.1812,,,,,,,,,,,,0.1,0.1,0.1,0.1,0
82.66,-2.6445,0.7908,97.163,-0.0002,-0.0004,97.163,,,,,,,,,,,,0.1,0.1,0.1,0.1,0
82.68,-2.6445,0.7908,97.163,-0.0002,-0.0004,97.163,,,,,,,,,,,,0.1,0.1,0.1,0.1,0
82.7,-2.6445,0.7908,97.163,-0.0002,-0.0004,97.163,,,,,,,,,,,,0.1,0.1,0.1,0.1,0
82.72,-2.6445,0.7908,97.163,-0.0002,-0.0004,97.163,,,,,,,,,,,,0.1,0.1,0.1,0.1,0
82.74,-2.6445,0.7908,97.163,-0.0002,-0.0004,97.163,,,,,,,,,,,,0.1,0.1,0.1,0.1,0
82.76,-2.6492,0.7894,97.1556,-0.0002,-0.0004,97.1556,,,,,,,,,,,,0.1,0.1,0.1,0.1,0
82.78,-2.6492,0.7894,97.1556,-0.0002,-0.0004,97.1556,,,,,,,,,,,,0.1,0.1,0.1,0.1,0
82.8,-2.6492,0.7894,97.1556,-0.0002,-0.0004,97.1556,,,,,,,,,,,,0.1,0.1,0.1,0.1,0
82.82,-2.6492,0.7894,97.1556,-0.0002,-0.0004,97.1556,,,,,,,,,,,,0.1,0.1,0.1,0.1,0
82.84,-2.6492,0.7894,97.1556,-0.0002,-0.0004,97.1556,,,,,,,,,,,,0.1,0.1,0.1,0.1,0
82.86,-2.6442,0.788,97.1606,-0.0002,-0.0004,97.1606,,,,,,,,,,,,0.1,0.1,0.1,0.1,0
82.88,-2.6442,0.788,97.1606,-0.0002,-0.0004,97.1606,,,,,,,,,,,,0.1,0.1,0.1,0.1,0
82.9,-2.6442,0.788,97.1606,-0.0002,-0.0004,97.1606,,,,,,,,,,,,0.1,0.1,0.1,0.1,0
82.92,-2.6442,0.788,97.1606,-0.0002,-0.0004,97.1606,,,,,,,,,,,,0.1,0.1,0.1,0.1,0
82.94,-2.6442,0.788,97.1606,-0.0002,-0.0004,97.1606,,,,,,,,,,,,0.1,0.1,0.1,0.1,0
82.96,-2.6532,0.7942,97.1441,-0.0002,-0.0004,97.1441,,,,,,,,,,,,0.1,0.1,0.1,0.1,0
82.98,-2.6532,0.7942,97.1441,-0.0002,-0.0004,97.1441,,,,,,,,,,,,0.1,0.1,0.1,0.1,0
83.0,-2.6532,0.7942,97.1441,-0.0002,-0.0004,97.1441,,,,,,,,,,,,0.1,0.1,0.1,0.1,0
83.02,-2.6532,0.7942,97.1441,-0.0002,-0.0004,97.1441,,,,,,,,,,,,0.1,0.1,0.1,0.1,0
83.04,-2.6532,0.7942,97.1441,-0.0002,-0.0004,97.1441,,,,,,,,,,,,0.1,0.1,0.1,0.1,0
83.06,-2.6649,0.7908,97.1471,-0.0002,-0.0004,97.1471,,,,,,,,,,,,0.1,0.1,0.1,0.1,0
83.08,-2.6649,0.7908,97.1471,-0.0002,-0.0004,97.1471,,,,,,,,,,,,0.1,0.1,0.1,0.1,0
83.1,-2.6649,0.7908,97.1471,-0.0002,-0.0004,97.1471,,,,,,,,,,,,0.1,0.1,0.1,0.1,0
83.12,-2.6649,0.7908,97.1471,-0.0002,-0.0004,97.1471,,,,,,,,,,,,0.1,0.1,0.1,0.1,0
83.14,-2.6649,0.7908,97.1471,-0.0002,-0.0004,97.1471,,,,,,,,,,,,0.1,0.1,0.1,0.1,0
83.16,-2.6647,0.7808,97.1193,-0.0002,-0.0004,97.1193,,,,,,,,,,,,0.1,0.1,0.1,0.1,0
83.18,-2.6647,0.7808,97.1193,-0.0002,-0.0004,97.1193,,,,,,,,,,,,0.1,0.1,0.1,0.1,0
83.2,-2.6647,0.7808,97.1193,-0.0002,-0.0004,97.1193,,,,,,,,,,,,0.1,0.1,0.1,0.1,0
83.22,-2.6647,0.7808,97.1193,-0.0002,-0.0004,97.1193,,,,,,,,,,,,0.1,0.1,0.1,0.1,0
83.24,-2.6647,0.7808,97.1193,-0.0002,-0.0004,97.1193,,,,,,,,,,,,0.1,0.1,0.1,0.1,0
83.26,-2.6666,0.7848,97.1291,-0.0002,-0.0004,97.1291,,,,,,,,,,,,0.1,0.1,0.1,0.1,0
83.28,-2.6666,0.7848,97.1291,-0.0002,-0.0004,97.1291,,,,,,,,,,,,0.1,0.1,0.1,0.1,0
83.3,-2.6666,0.7848,97.1291,-0.0002,-0.0004,97.1291,,,,,,,,,,,,0.1,0.1,0.1,0.1,0
83.32,-2.6666,0.7848,97.1291,-0.0002,-0.0004,97.1291,,,,,,,,,,,,0.1,0.1,0.1,0.1,0
83.34,-2.6666,0.7848,97.1291,-0.0002,-0.0004,97.1291,,,,,,,,,,,,0.1,0.1,0.1,0.1,0
83.36,-2.6816,0.7861,97.1198,-0.0002,-0.0004,97.1198,,,,,,,,,,,,0.1,0.1,0.1,0.1,0
83.38,-2.6816,0.7861,97.1198,-0.0002,-0.0004,97.1198,,,,,,,,,,,,0.1,0.1,0.1,0.1,0
83.4,-2.6816,0.7861,97.1198,-0.0002,-0.0004,97.1198,,,,,,,,,,,,0.1,0.1,0.1,0.1,0
83.42,-2.6816,0.7861,97.1198,-0.0002,-0.0004,97.1198,,,,,,,,,,,,0.1,0.1,0.1,0.1,0
83.44,-2.6816,0.7861,97.1198,-0.0002,-0.0004,97.1198,,,,,,,,,,,,0.1,0.1,0.1,0.1,0
83.46,-2.6749,0.7846,97.1133,-0.0002,-0.0004,97.1133,,,,,,,,,,,,0.1,0.1,0.1,0.1,0
83.48,-2.6749,0.7846,97.1133,-0.0002,-0.0004,97.1133,,,,,,,,,,,,0.1,0.1,0.1,0.1,0
83.5,-2.6749,0.7846,97.1133,-0.0002,-0.0004,97.1133,,,,,,,,,,,,0.1,0.1,0.1,0.1,0
83.52,-2.6749,0.7846,97.1133,-0.0002,-0.0004,97.1133,,,,,,,,,,,,0.1,0.1,0.1,0.1,0
83.54,-2.6749,0.7846,97.1133,-0.0002,-0.0004,97.1133,,,,,,,,,,,,0.1,0.1,0.1,0.1,0
83.56,-2.6838,0.7774,97.0832,-0.0002,-0.0004,97.0833,,,,,,,,,,,,0.1,0.1,0.1,0.1,0
83.58,-2.6838,0.7774,97.0832,-0.0002,-0.0004,97.0833,,,,,,,,,,,,0.1,0.1,0.1,0.1,0
83.6,-2.6838,0.7774,97.0832,-0.0002,-0.0004,97.0833,,,,,,,,,,,,0.1,0.1,0.1,0.1,0
83.62,-2.6838,0.7774,97.0832,-0.0002,-0.0004,97.0833,,,,,,,,,,,,0.1,0.1,0.1,0.1,0
83.64,-2.6838,0.7774,97.0832,-0.0002,-0.0004,97.0833,,,,,,,,,,,,0.1,0.1,0.1,0.1,0
83.66,-2.6747,0.772,97.0842,-0.0002,-0.0004,97.0842,,,,,,,,,,,,0.1,0.1,0.1,0.1,0
83.68,-2.6747,0.772,97.0842,-0.0002,-0.0004,97.0842,,,,,,,,,,,,0.1,0.1,0.1,0.1,0
83.7,-2.6747,0.772,97.0842,-0.0002,-0.0004,97.0842,,,,,,,,,,,,0.1,0.1,0.1,0.1,0
83.72,-2.6747,0.772,97.0842,-0.0002,-0.0004,97.0842,,,,,,,,,,,,0.1,0.1,0.1,0.1,0
83.74,-2.6747,0.772,97.0842,-0.0002,-0.0004,97.0842,,,,,,,,,,,,0.1,0.1,0.1,0.1,0
83.76,-2.6888,0.7795,97.0885,-0.0002,-0.0004,97.0885,,,,,,,,,,,,0.1,0.1,0.1,0.1,0
83.78,-2.6888,0.7795,97.0885,-0.0002,-0.0004,97.0885,,,,,,,,,,,,0.1,0.1,0.1,0.1,0
83.8,-2.6888,0.7795,97.0885,-0.0002,-0.0004,97.0885,,,,,,,,,,,,0.1,0.1,0.1,0.1,0
83.82,-2.6888,0.7795,97.0885,-0.0002,-0.0004,97.0885,,,,,,,,,,,,0.1,0.1,0.1,0.1,0
83.84,-2.6888,0.7795,97.0885,-0.0002,-0.0004,97.0885,,,,,,,,,,,,0.1,0.1,0.1,0.1,0
83.86,-2.6832,0.785,97.0594,-0.0002,-0.0004,97.0594,,,,,,,,,,,,0.1,0.1,0.1,0.1,0
83.88,-2.6832,0.785,97.0594,-0.0002,-0.0004,97.0594,,,,,,,,,,,,0.1,0.1,0.1,0.1,0
83.9,-2.6832,0.785,97.0594,-0.0002,-0.0004,97.0594,,,,,,,,,,,,0.1,0.1,0.1,0.1,0
83.92,-2.6832,0.785,97.0594,-0.0002,-0.0004,97.0594,,,,,,,,,,,,0.1,0.1,0.1,0.1,0
83.94,-2.6832,0.785,97.0594,-0.0002,-0.0004,97.0594,,,,,,,,,,,,0.1,0.1,0.1,0.1,0
83.96,-2.6909,0.7843,97.0522,-0.0002,-0.0004,97.0522,,,,,,,,,,,,0.1,0.1,0.1,0.1,0
83.98,-2.6909,0.7843,97.0522,-0.0002,-0.0004,97.0522,,,,,,,,,,,,0.1,0.1,0.1,0.1,0
84.0,-2.6909,0.7843,97.0522,-0.0002,-0.0004,97.0522,,,,,,,,,,,,0.1,0.1,0.1,0.1,0
84.02,-2.6909,0.7843,97.0522,-0.0002,-0.0004,97.0522,,,,,,,,,,,,0.1,0.1,0.1,0.1,0
84.04,-2.6909,0.7843,97.0522,-0.0002,-0.0004,97.0522,,,,,,,,,,,,0.1,0.1,0.1,0.1,0
84.06,-2.6883,0.7763,97.0495,-0.0002,-0.0004,97.0495,,,,,,,,,,,,0.1,0.1,0.1,0.1,0
84.08,-2.6883,0.7763,97.0495,-0.0002,-0.0004,97.0495,,,,,,,,,,,,0.1,0.1,0.1,0.1,0
84.1,-2.6883,0.7763,97.0495,-0.0002,-0.0004,97.0495,,,,,,,,,,,,0.1,0.1,0.1,0.1,0
84.12,-2.6883,0.7763,97.0495,-0.0002,-0.0004,97.0495,,,,,,,,,,,,0.1,0.1,0.1,0.1,0
84.14,-2.6883,0.7763,97.0495,-0.0002,-0.0004,97.0495,,,,,,,,,,,,0.1,0.1,0.1,0.1,0
84.16,-2.6759,0.7888,97.041,-0.0002,-0.0004,97.041,,,,,,,,,,,,0.1,0.1,0.1,0.1,0
84.18,-2.6759,0.7888,97.041,-0.0002,-0.0004,97.041,,,,,,,,,,,,0.1,0.1,0.1,0.1,0
84.2,-2.6759,0.7888,97.041,-0.0002,-0.0004,97.041,,,,,,,,,,,,0.1,0.1,0.1,0.1,0
84.22,-2.6759,0.7888,97.041,-0.0002,-0.0004,97.041,,,,,,,,,,,,0.1,0.1,0.1,0.1,0
84.24,-2.6759,0.7888,97.041,-0.0002,-0.0004,97.041,,,,,,,,,,,,0.1,0.1,0.1,0.1,0
84.26,-2.6921,0.7984,97.0284,-0.0002,-0.0004,97.0284,,,,,,,,,,,,0.1,0.1,0.1,0.1,0
84.28,-2.6921,0.7984,97.0284,-0.0002,-0.0004,97.0284,,,,,,,,,,,,0.1,0.1,0.1,0.1,0
84.3,-2.6921,0.7984,97.0284,-0.0002,-0.0004,97.0284,,,,,,,,,,,,0.1,0.1,0.1,0.1,0
84.32,-2.6921,0.7984,97.0284,-0.0002,-0.0004,97.0284,,,,,,,,,,,,0.1,0.1,0.1,0.1,0
84.34,-2.6921,0.7984,97.0284,-0.0002,-0.0004,97.0284,,,,,,,,,,,,0.1,0.1,0.1,0.1,0
84.36,-2.6971,0.8038,97.0333,-0.0002,-0.0004,97.0333,,,,,,,,,,,,0.1,0.1,0.1,0.1,0
84.38,-2.6971,0.8038,97.0333,-0.0002,-0.0004,97.0333,,,,,,,,,,,,0.123,0.123,0.123,0.123,0
84.4,-2.6971,0.8038,97.0333,-0.0002,-0.0004,97.0333,,,,,,,,,,,,0.123,0.123,0.123,0.123,0
84.42,-2.6971,0.8038,97.0333,-0.0002,-0.0004,97.0333,,,,,,,,,,,,0.123,0.123,0.123,0.123,0
84.44,-2.6971,0.8038,97.0333,-0.0002,-0.0004,97.0333,,,,,,,,,,,,0.123,0.123,0.123,0.123,0
84.46,-2.6935,0.8017,97.0101,-0.0002,-0.0004,97.0089,,,,,,,,,,,,0.123,0.123,0.123,0.123,0
84.48,-2.6935,0.8017,97.0101,-0.0002,-0.0004,97.0089,,,,,,,,,,,,0.15,0.226,0.205,0.172,0
84.5,-2.6935,0.8017,97.0101,-0.0002,-0.0004,97.0089,,,,,,,,,,,,0.15,0.226,0.205,0.172,0
84.52,-2.6935,0.8017,97.0101,-0.0002,-0.0004,97.0089,,,,,,,,,,,,0.15,0.226,0.205,0.172,0
84.54,-2.6935,0.8017,97.0101,-0.0002,-0.0004,97.0089,,,,,,,,,,,,0.15,0.226,0.205,0.172,0
84.56,-2.6972,0.8096,96.9789,-0.0002,-0.0004,97.0089,,,,,,,,,,,,0.15,0.226,0.205,0.172,0
84.58,-2.6972,0.8096,96.9789,-0.0002,-0.0004,97.0089,,,,,,,,,,,,0.171,0.254,0.234,0.192,0
84.6,-2.6972,0.8096,96.9789,-0.0002,-0.0004,97.0089,,,,,,,,,,,,0.171,0.254,0.234,0.192,0
84.62,-2.6972,0.8096,96.9789,-0.0002,-0.0004,97.0089,,,,,,,,,,,,0.171,0.254,0.234,0.192,0
84.64,-2.6972,0.8096,96.9789,-0.0002,-0.0004,97.0089,,,,,,,,,,,,0.171,0.254,0.234,0.192,0
84.66,-2.6976,0.8041,96.9773,-0.0002,-0.0004,97.0089,,,,,,,,,,,,0.171,0.254,0.234,0.192,0
84.68,-2.6976,0.8041,96.9773,-0.0002,-0.0004,97.0089,,,,,,,,,,,,0.21,0.282,0.271,0.224,0
84.7,-2.6976,0.8041,96.9773,-0.0002,-0.0004,97.0089,,,,,,,,,,,,0.21,0.282,0.271,0.224,0
84.72,-2.6976,0.8041,96.9773,-0.0002,-0.0004,97.0089,,,,,,,,,,,,0.21,0.282,0.271,0.224,0
84.74,-2.6976,0.8041,96.9773,-0.0002,-0.0004,97.0089,,,,,,,,,,,,0.21,0.282,0.271,0.224,0
84.76,-2.5933,0.7965,96.8744,-0.0002,-0.0004,97.0089,,,,,,,,,,,,0.21,0.282,0.271,0.224,0
84.78,-2.5933,0.7965,96.8744,-0.0002,-0.0004,97.0089,,,,,,,,,,,,0.233,0.292,0.269,0.252,0
84.8,-2.5933,0.7965,96.8744,-0.0002,-0.0004,97.0089,,,,,,,,,,,,0.233,0.292,0.269,0.252,0
84.82,-2.5933,0.7965,96.8744,-0.0002,-0.0004,97.0089,,,,,,,,,,,,0.233,0.292,0.269,0.252,0
84.84,-2.5933,0.7965,96.8744,-0.0002,-0.0004,97.0089,,,,,,,,,,,,0.233,0.292,0.269,0.252,0
84.86,-2.6737,0.8133,96.8054,-0.0002,-0.0004,97.0089,,,,,,,,,,,,0.233,0.292,0.269,0.252,0
84.88,-2.6737,0.8133,96.8054,-0.0002,-0.0004,97.0089,,,,,,,,,,,,0.234,0.308,0.29,0.25,0
84.9,-2.6737,0.8133,96.8054,-0.0002,-0.0004,97.0089,,,,,,,,,,,,0.234,0.308,0.29,0.25,0
84.92,-2.6737,0.8133,96.8054,-0.0002,-0.0004,97.0089,,,,,,,,,,,,0.234,0.308,0.29,0.25,0
84.94,-2.6737,0.8133,96.8054,-0.0002,-0.0004,97.0089,,,,,,,,,,,,0.234,0.308,0.29,0.25,0
84.96,-2.6544,0.8264,96.6632,-0.0352,-0.0003,97.0089,,,,,,,,,,,,0.234,0.308,0.29,0.25,0
84.98,-2.6544,0.8264,96.6632,-0.0352,-0.0003,97.0089,,,,,,,,,,,,0.245,0.316,0.276,0.276,0
85.0,-2.6544,0.8264,96.6632,-0.0352,-0.0003,97.0089,,,,,,,,,,,,0.245,0.316,0.276,0.276,0
85.02,-2.6544,0.8264,96.6632,-0.0352,-0.0003,97.0089,,,,,,,,,,,,0.245,0.316,0.276,0.276,0
85.04,-2.6544,0.8264,96.6632,-0.0352,-0.0003,97.0089,,,,,,,,,,,,0.245,0.316,0.276,0.276,0
85.06,-2.5942,0.8352,96.5866,-0.2923,-0.0001,97.009,,,,,,,,,,,,0.245,0.316,0.276,0.276,0
85.08,-2.5942,0.8352,96.5866,-0.2923,-0.0001,97.009,,,,,,,,,,,,0.253,0.318,0.281,0.279,0
85.1,-2.5942,0.8352,96.5866,-0.2923,-0.0001,97.009,,,,,,,,,,,,0.253,0.318,0.281,0.279,0
85.12,-2.5942,0.8352,96.5866,-0.2923,-0.0001,97.009,,,,,,,,,,,,0.253,0.318,0.281,0.279,0
85.14,-2.5942,0.8352,96.5866,-0.2923,-0.0001,97.009,,,,,,,,,,,,0.253,0.318,0.281,0.279,0
85.16,-2.7105,0.8385,96.4442,-0.6904,-0.0001,97.009,,,,,,,,,,,,0.253,0.318,0.281,0.279,0
85.18,-2.7105,0.8385,96.4442,-0.6904,-0.0001,97.009,,,,,,,,,,,,0.264,0.337,0.294,0.288,0
85.2,-2.7105,0.8385,96.4442,-0.6904,-0.0001,97.009,,,,,,,,,,,,0.264,0.337,0.294,0.288,0
85.22,-2.7105,0.8385,96.4442,-0.6904,-0.0001,97.009,,,,,,,,,,,,0.264,0.337,0.294,0.288,0
85.24,-2.7105,0.8385,96.4442,-0.6904,-0.0001,97.009,,,,,,,,,,,,0.264,0.337,0.294,0.288,0
85.26,-2.627,0.8024,96.3607,-1.2773,-0.0,97.009,,,,,,,,,,,,0.264,0.337,0.294,0.288,0
85.28,-2.627,0.8024,96.3607,-1.2773,-0.0,97.009,,,,,,,,,,,,0.279,0.331,0.305,0.281,0
85.3,-2.627,0.8024,96.3607,-1.2773,-0.0,97.009,,,,,,,,,,,,0.279,0.331,0.305,0.281,0
85.32,-2.627,0.8024,96.3607,-1.2773,-0.0,97.009,,,,,,,,,,,,0.279,0.331,0.305,0.281,0
85.34,-2.627,0.8024,96.3607,-1.2773,-0.0,97.009,,,,,,,,,,,,0.279,0.331,0.305,0.281,0
85.36,-2.707,0.8396,96.2424,-1.8481,-0.0,97.009,,,,,,,,,,,,0.279,0.331,0.305,0.281,0
85.38,-2.707,0.8396,96.2424,-1.8481,-0.0,97.009,,,,,,,,,,,,0.286,0.328,0.288,0.296,0
85.4,-2.707,0.8396,96.2424,-1.8481,-0.0,97.009,,,,,,,,,,,,0.286,0.328,0.288,0.296,0
85.42,-2.707,0.8396,96.2424,-1.8481,-0.0,97.009,,,,,,,,,,,,0.286,0.328,0.288,0.296,0
85.44,-2.707,0.8396,96.2424,-1.8481,-0.0,97.009,,,,,,,,,,,,0.286,0.328,0.288,0.296,0
85.46,-2.7046,0.8446,96.1153,-2.5568,-0.0,97.009,,,,,,,,,,,,0.286,0.328,0.288,0.296,0
85.48,-2.7046,0.8446,96.1153,-2.5568,-0.0,97.009,,,,,,,,,,,,0.289,0.328,0.273,0.307,0
85.5,-2.7046,0.8446,96.1153,-2.5568,-0.0,97.009,,,,,,,,,,,,0.289,0.328,0.273,0.307,0
85.52,-2.7046,0.8446,96.1153,-2.5568,-0.0,97.009,,,,,,,,,,,,0.289,0.328,0.273,0.307,0
85.54,-2.7046,0.8446,96.1153,-2.5568,-0.0,97.009,,,,,,,,,,,,0.289,0.328,0.273,0.307,0
85.56,-2.6978,0.8455,96.0271,-3.3226,-0.0,97.009,,,,,,,,,,,,0.289,0.328,0.273,0.307,0
85.58,-2.6978,0.8455,96.0271,-3.3226,-0.0,97.009,,,,,,,,,,,,0.314,0.315,0.258,0.328,0
85.6,-2.6978,0.8455,96.0271,-3.3226,-0.0,97.009,,,,,,,,,,,,0.314,0.315,0.258,0.328,0
85.62,-2.6978,0.8455,96.0271,-3.3226,-0.0,97.009,,,,,,,,,,,,0.314,0.315,0.258,0.328,0
85.64,-2.6978,0.8455,96.0271,-3.3226,-0.0,97.009,,,,,,,,,,,,0.314,0.315,0.258,0.328,0
85.66,-2.7845,0.8538,95.901,-3.89,-0.0,97.009,,,,,,,,,,,,0.314,0.315,0.258,0.328,0
85.68,-2.7845,0.8538,95.901,-3.89,-0.0,97.009,,,,,,,,,,,,0.306,0.334,0.28,0.312,0
85.7,-2.7845,0.8538,95.901,-3.89,-0.0,97.009,,,,,,,,,,,,0.306,0.334,0.28,0.312,0
85.72,-2.7845,0.8538,95.901,-3.89,-0.0,97.009,,,,,,,,,,,,0.306,0.334,0.28,0.312,0
85.74,-2.7845,0.8538,95.901,-3.89,-0.0,97.009,,,,,,,,,,,,0.306,0.334,0.28,0.312,0
85.76,-2.7065,0.8417,95.8445,-4.2538,-0.0,97.009,,,,,,,,,,,,0.306,0.334,0.28,0.312,0
85.78,-2.7065,0.8417,95.8445,-4.2538,-0.0,97.009,,,,,,,,,,,,0.3,0.35,0.285,0.319,0
85.8,-2.7065,0.8417,95.8445,-4.2538,-0.0,97.009,,,,,,,,,,,,0.3,0.35,0.285,0.319,0
85.82,-2.7065,0.8417,95.8445,-4.2538,-0.0,97.009,,,,,,,,,,,,0.3,0.35,0.285,0.319,0
85.84,-2.7065,0.8417,95.8445,-4.2538,-0.0,97.009,,,,,,,,,,,,0.3,0.35,0.285,0.319,0
85.86,-2.5781,0.7932,95.7197,-4.4396,-0.0,97.009,,,,,,,,,,,,0.3,0.35,0.285,0.319,0
85.88,-2.5781,0.7932,95.7197,-4.4396,-0.0,97.009,,,,,,,,,,,,0.358,0.332,0.291,0.345,0
85.9,-2.5781,0.7932,95.7197,-4.4396,-0.0,97.009,,,,,,,,,,,,0.358,0.332,0.291,0.345,0
85.92,-2.5781,0.7932,95.7197,-4.4396,-0.0,97.009,,,,,,,,,,,,0.358,0.332,0.291,0.345,0
85.94,-2.5781,0.7932,95.7197,-4.4396,-0.0,97.009,,,,,,,,,,,,0.358,0.332,0.291,0.345,0
85.96,-2.7512,0.8591,95.6427,-4.57,-0.0,97.009,,,,,,,,,,,,0.358,0.332,0.291,0.345,0
85.98,-2.7512,0.8591,95.6427,-4.57,-0.0,97.009,,,,,,,,,,,,0.326,0.373,0.292,0.352,0
86.0,-2.7512,0.8591,95.6427,-4.57,-0.0,97.009,,,,,,,,,,,,0.326,0.373,0.292,0.352,0
86.02,-2.7512,0.8591,95.6427,-4.57,-0.0,97.009,,,,,,,,,,,,0.326,0.373,0.292,0.352,0
86.04,-2.7512,0.8591,95.6427,-4.57,-0.0,97.009,,,,,,,,,,,,0.326,0.373,0.292,0.352,0
86.06,-2.745,0.7967,95.5292,-4.2764,-0.0,97.009,,,,,,,,,,,,0.326,0.373,0.292,0.352,0
86.08,-2.745,0.7967,95.5292,-4.2764,-0.0,97.009,,,,,,,,,,,,0.34,0.376,0.322,0.336,0
86.1,-2.745,0.7967,95.5292,-4.2764,-0.0,97.009,,,,,,,,,,,,0.34,0.376,0.322,0.336,0
86.12,-2.745,0.7967,95.5292,-4.2764,-0.0,97.009,,,,,,,,,,,,0.34,0.376,0.322,0.336,0
86.14,-2.745,0.7967,95.5292,-4.2764,-0.0,97.009,,,,,,,,,,,,0.34,0.376,0.322,0.336,0
86.16,-2.6428,0.7668,95.477,-3.2979,-0.0,97.009,,,,,,,,,,,,0.34,0.376,0.322,0.336,0
86.18,-2.6428,0.7668,95.477,-3.2979,-0.0,97.009,,,,,,,,,,,,0.336,0.382,0.328,0.331,0
86.2,-2.6428,0.7668,95.477,-3.2979,-0.0,97.009,,,,,,,,,,,,0.336,0.382,0.328,0.331,0
86.22,-2.6428,0.7668,95.477,-3.2979,-0.0,97.009,,,,,,,,,,,,0.336,0.382,0.328,0.331,0
86.24,-2.6428,0.7668,95.477,-3.2979,-0.0,97.009,,,,,,,,,,,,0.336,0.382,0.328,0.331,0
86.26,-2.6849,0.8728,95.3862,-2.4671,-0.0,97.009,,,,,,,,,,,,0.336,0.382,0.328,0.331,0
86.28,-2.6849,0.8728,95.3862,-2.4671,-0.0,97.009,,,,,,,,,,,,0.312,0.405,0.321,0.336,0
86.3,-2.6849,0.8728,95.3862,-2.4671,-0.0,97.009,,,,,,,,,,,,0.312,0.405,0.321,0.336,0
86.32,-2.6849,0.8728,95.3862,-2.4671,-0.0,97.009,,,,,,,,,,,,0.312,0.405,0.321,0.336,0
86.34,-2.6849,0.8728,95.3862,-2.4671,-0.0,97.009,,,,,,,,,,,,0.312,0.405,0.321,0.336,0
86.36,-2.7497,0.8752,95.2534,-2.3296,-0.0,97.009,,,,,,,,,,,,0.312,0.405,0.321,0.336,0
86.38,-2.7497,0.8752,95.2534,-2.3296,-0.0,97.009,,,,,,,,,,,,0.349,0.419,0.354,0.349,0
86.4,-2.7497,0.8752,95.2534,-2.3296,-0.0,97.009,,,,,,,,,,,,0.349,0.419,0.354,0.349,0
86.42,-2.7497,0.8752,95.2534,-2.3296,-0.0,97.009,,,,,,,,,,,,0.349,0.419,0.354,0.349,0
86.44,-2.7497,0.8752,95.2534,-2.3296,-0.0,97.009,,,,,,,,,,,,0.349,0.419,0.354,0.349,0
86.46,-2.7279,0.8326,95.1455,-2.617,-0.0,97.009,,,,,,,,,,,,0.349,0.419,0.354,0.349,0
86.48,-2.7279,0.8326,95.1455,-2.617,-0.0,97.009,,,,,,,,,,,,0.371,0.419,0.345,0.377,0
86.5,-2.7279,0.8326,95.1455,-2.617,-0.0,97.009,,,,,,,,,,,,0.371,0.419,0.345,0.377,0
86.52,-2.7279,0.8326,95.1455,-2.617,-0.0,97.009,,,,,,,,,,,,0.371,0.419,0.345,0.377,0
86.54,-2.7279,0.8326,95.1455,-2.617,-0.0,97.009,,,,,,,,,,,,0.371,0.419,0.345,0.377,0
86.56,-2.7252,0.861,95.0015,-2.9158,-0.0,97.009,,,,,,,,,,,,0.371,0.419,0.345,0.377,0
86.58,-2.7252,0.861,95.0015,-2.9158,-0.0,97.009,,,,,,,,,,,,0.405,0.405,0.321,0.408,0
86.6,-2.7252,0.861,95.0015,-2.9158,-0.0,97.009,,,,,,,,,,,,0.405,0.405,0.321,0.408,0
86.62,-2.7252,0.861,95.0015,-2.9158,-0.0,97.009,,,,,,,,,,,,0.405,0.405,0.321,0.408,0
86.64,-2.7252,0.861,95.0015,-2.9158,-0.0,97.009,,,,,,,,,,,,0.405,0.405,0.321,0.408,0
86.66,-2.7074,0.8625,94.9289,-3.0841,-0.0,97.009,,,,,,,,,,,,0.405,0.405,0.321,0.408,0
86.68,-2.7074,0.8625,94.9289,-3.0841,-0.0,97.009,,,,,,,,,,,,0.387,0.439,0.371,0.383,0
86.7,-2.7074,0.8625,94.9289,-3.0841,-0.0,97.009,,,,,,,,,,,,0.387,0.439,0.371,0.383,0
86.72,-2.7074,0.8625,94.9289,-3.0841,-0.0,97.009,,,,,,,,,,,,0.387,0.439,0.371,0.383,0
86.74,-2.7074,0.8625,94.9289,-3.0841,-0.0,97.009,,,,,,,,,,,,0.387,0.439,0.371,0.383,0
86.76,-2.6384,0.8054,94.7465,-3.038,-0.0,97.0089,,,,,,,,,,,,0.387,0.439,0.371,0.383,0
86.78,-2.6384,0.8054,94.7465,-3.038,-0.0,97.0089,,,,,,,,,,,,0.419,0.425,0.345,0.412,0
86.8,-2.6384,0.8054,94.7465,-3.038,-0.0,97.0089,,,,,,,,,,,,0.419,0.425,0.345,0.412,0
86.82,-2.6384,0.8054,94.7465,-3.038,-0.0,97.0089,,,,,,,,,,,,0.419,0.425,0.345,0.412,0
86.84,-2.6384,0.8054,94.7465,-3.038,-0.0,97.0089,,,,,,,,,,,,0.419,0.425,0.345,0.412,0
86.86,-2.8096,0.8505,94.6535,-2.8072,-0.0,97.009,,,,,,,,,,,,0.419,0.425,0.345,0.412,0
86.88,-2.8096,0.8505,94.6535,-2.8072,-0.0,97.009,,,,,,,,,,,,0.392,0.46,0.388,0.381,0
86.9,-2.8096,0.8505,94.6535,-2.8072,-0.0,97.009,,,,,,,,,,,,0.392,0.46,0.388,0.381,0
86.92,-2.8096,0.8505,94.6535,-2.8072,-0.0,97.009,,,,,,,,,,,,0.392,0.46,0.388,0.381,0
86.94,-2.8096,0.8505,94.6535,-2.8072,-0.0,97.009,,,,,,,,,,,,0.392,0.46,0.388,0.381,0
86.96,-2.7303,0.7223,94.4692,-2.7412,-0.0,97.0243,,,,,,,,,,,,0.392,0.46,0.388,0.381,0
86.98,-2.7303,0.7223,94.4692,-2.7412,-0.0,97.0243,,,,,,,,,,,,0.45,0.418,0.368,0.406,0
87.0,-2.7303,0.7223,94.4692,-2.7412,-0.0,97.0243,,,,,,,,,,,,0.45,0.418,0.368,0.406,0
87.02,-2.7303,0.7223,94.4692,-2.7412,-0.0,97.0243,,,,,,,,,,,,0.45,0.418,0.368,0.406,0
87.04,-2.7303,0.7223,94.4692,-2.7412,-0.0,97.0243,,,,,,,,,,,,0.45,0.418,0.368,0.406,0
87.06,-2.6529,0.8112,94.3148,-3.0784,-0.0,97.0873,,,,,,,,,,,,0.45,0.418,0.368,0.406,0
87.08,-2.6529,0.8112,94.3148,-3.0784,-0.0,97.0873,,,,,,,,,,,,0.439,0.475,0.386,0.428,0
87.1,-2.6529,0.8112,94.3148,-3.0784,-0.0,97.0873,,,,,,,,,,,,0.439,0.475,0.386,0.428,0
87.12,-2.6529,0.8112,94.3148,-3.0784,-0.0,97.0873,,,,,,,,,,,,0.439,0.475,0.386,0.428,0
87.14,-2.6529,0.8112,94.3148,-3.0784,-0.0,97.0873,,,,,,,,,,,,0.439,0.475,0.386,0.428,0
87.16,-2.7589,0.8791,94.2769,-3.9331,0.0,97.0925,,,,,,,,,,,,0.439,0.475,0.386,0.428,0
87.18,-2.7589,0.8791,94.2769,-3.9331,0.0,97.0925,,,,,,,,,,,,0.47,0.461,0.359,0.473,0
87.2,-2.7589,0.8791,94.2769,-3.9331,0.0,97.0925,,,,,,,,,,,,0.47,0.461,0.359,0.473,0
87.22,-2.7589,0.8791,94.2769,-3.9331,0.0,97.0925,,,,,,,,,,,,0.47,0.461,0.359,0.473,0
87.24,-2.7589,0.8791,94.2769,-3.9331,0.0,97.0925,,,,,,,,,,,,0.47,0.461,0.359,0.473,0
87.26,-2.806,0.8905,94.0064,-4.6453,0.0,97.0925,,,,,,,,,,,,0.47,0.461,0.359,0.473,0
87.28,-2.806,0.8905,94.0064,-4.6453,0.0,97.0925,,,,,,,,,,,,0.459,0.487,0.363,0.469,0
87.3,-2.806,0.8905,94.0064,-4.6453,0.0,97.0925,,,,,,,,,,,,0.459,0.487,0.363,0.469,0
87.32,-2.806,0.8905,94.0064,-4.6453,0.0,97.0925,,,,,,,,,,,,0.459,0.487,0.363,0.469,0
87.34,-2.806,0.8905,94.0064,-4.6453,0.0,97.0925,,,,,,,,,,,,0.459,0.487,0.363,0.469,0
87.36,-2.7709,0.8345,93.9715,-4.9277,0.0,97.0925,,,,,,,,,,,,0.459,0.487,0.363,0.469,0
87.38,-2.7709,0.8345,93.9715,-4.9277,0.0,97.0925,,,,,,,,,,,,0.449,0.504,0.384,0.466,0
87.4,-2.7709,0.8345,93.9715,-4.9277,0.0,97.0925,,,,,,,,,,,,0.449,0.504,0.384,0.466,0
87.42,-2.7709,0.8345,93.9715,-4.9277,0.0,97.0925,,,,,,,,,,,,0.449,0.504,0.384,0.466,0
87.44,-2.7709,0.8345,93.9715,-4.9277,0.0,97.0925,,,,,,,,,,,,0.449,0.504,0.384,0.466,0
87.46,-2.8531,0.8179,93.7634,-4.9834,0.0,97.0925,,,,,,,,,,,,0.449,0.504,0.384,0.466,0
87.48,-2.8531,0.8179,93.7634,-4.9834,0.0,97.0925,,,,,,,,,,,,0.472,0.499,0.397,0.46,0
87.5,-2.8531,0.8179,93.7634,-4.9834,0.0,97.0925,,,,,,,,,,,,0.472,0.499,0.397,0.46,0
87.52,-2.8531,0.8179,93.7634,-4.9834,0.0,97.0925,,,,,,,,,,,,0.472,0.499,0.397,0.46,0
87.54,-2.8531,0.8179,93.7634,-4.9834,0.0,97.0925,,,,,,,,,,,,0.472,0.499,0.397,0.46,0
87.56,-2.7851,0.8627,93.6204,-5.0011,0.0,97.0976,,,,,,,,,,,,0.472,0.499,0.397,0.46,0
87.58,-2.7851,0.8627,93.6204,-5.0011,0.0,97.0976,,,,,,,,,,,,0.479,0.509,0.394,0.475,0
87.6,-2.7851,0.8627,93.6204,-5.0011,0.0,97.0976,,,,,,,,,,,,0.479,0.509,0.394,0.475,0
87.62,-2.7851,0.8627,93.6204,-5.0011,0.0,97.0976,,,,,,,,,,,,0.479,0.509,0.394,0.475,0
87.64,-2.7851,0.8627,93.6204,-5.0011,0.0,97.0976,,,,,,,,,,,,0.479,0.509,0.394,0.475,0
87.66,-2.5551,0.7615,93.5121,-5.0815,0.0,97.2136,,,,,,,,,,,,0.479,0.509,0.394,0.475,0
87.68,-2.5551,0.7615,93.5121,-5.0815,0.0,97.2136,,,,,,,,,,,,0.556,0.467,0.356,0.534,0
87.7,-2.5551,0.7615,93.5121,-5.0815,0.0,97.2136,,,,,,,,,,,,0.556,0.467,0.356,0.534,0
87.72,-2.5551,0.7615,93.5121,-5.0815,0.0,97.2136,,,,,,,,,,,,0.556,0.467,0.356,0.534,0
87.74,-2.5551,0.7615,93.5121,-5.0815,0.0,97.2136,,,,,,,,,,,,0.556,0.467,0.356,0.534,0
87.76,-2.9926,0.8394,93.2339,-5.2009,0.0,97.3037,,,,,,,,,,,,0.556,0.467,0.356,0.534,0
87.78,-2.9926,0.8394,93.2339,-5.2009,0.0,97.3037,,,,,,,,,,,,0.542,0.54,0.452,0.497,0
87.8,-2.9926,0.8394,93.2339,-5.2009,0.0,97.3037,,,,,,,,,,,,0.542,0.54,0.452,0.497,0
87.82,-2.9926,0.8394,93.2339,-5.2009,0.0,97.3037,,,,,,,,,,,,0.542,0.54,0.452,0.497,0
87.84,-2.9926,0.8394,93.2339,-5.2009,0.0,97.3037,,,,,,,,,,,,0.542,0.54,0.452,0.497,0
87.86,-2.6338,0.8163,93.172,-5.4126,0.0,97.3992,,,,,,,,,,,,0.542,0.54,0.452,0.497,0
87.88,-2.6338,0.8163,93.172,-5.4126,0.0,97.3992,,,,,,,,,,,,0.543,0.54,0.407,0.534,0
87.9,-2.6338,0.8163,93.172,-5.4126,0.0,97.3992,,,,,,,,,,,,0.543,0.54,0.407,0.534,0
87.92,-2.6338,0.8163,93.172,-5.4126,0.0,97.3992,,,,,,,,,,,,0.543,0.54,0.407,0.534,0
87.94,-2.6338,0.8163,93.172,-5.4126,0.0,97.3992,,,,,,,,,,,,0.543,0.54,0.407,0.534,0
87.96,-2.8525,0.7351,93.1549,-5.5468,0.0,97.8555,,,,,,,,,,,,0.543,0.54,0.407,0.534,0
87.98,-2.8525,0.7351,93.1549,-5.5468,0.0,97.8555,,,,,,,,,,,,0.559,0.533,0.433,0.502,0
88.0,-2.8525,0.7351,93.1549,-5.5468,0.0,97.8555,,,,,,,,,,,,0.559,0.533,0.433,0.502,0
88.02,-2.8525,0.7351,93.1549,-5.5468,0.0,97.8555,,,,,,,,,,,,0.559,0.533,0.433,0.502,0
88.04,-2.8525,0.7351,93.1549,-5.5468,0.0,97.8555,,,,,,,,,,,,0.559,0.533,0.433,0.502,0
88.06,-2.9923,0.8767,93.049,-5.6152,0.0,98.3508,,,,,,,,,,,,0.559,0.533,0.433,0.502,0
88.08,-2.9923,0.8767,93.049,-5.6152,0.0,98.3508,,,,,,,,,,,,0.539,0.563,0.397,0.516,0
88.1,-2.9923,0.8767,93.049,-5.6152,0.0,98.3508,,,,,,,,,,,,0.539,0.563,0.397,0.516,0
88.12,-2.9923,0.8767,93.049,-5.6152,0.0,98.3508,,,,,,,,,,,,0.539,0.563,0.397,0.516,0
88.14,-2.9923,0.8767,93.049,-5.6152,0.0,98.3508,,,,,,,,,,,,0.539,0.563,0.397,0.516,0
88.16,-2.9445,0.782,92.817,-5.5953,-0.0,99.5214,,,,,,,,,,,,0.539,0.563,0.397,0.516,0
88.18,-2.9445,0.782,92.817,-5.5953,-0.0,99.5214,,,,,,,,,,,,0.594,0.534,0.376,0.494,0
88.2,-2.9445,0.782,92.817,-5.5953,-0.0,99.5214,,,,,,,,,,,,0.594,0.534,0.376,0.494,0
88.22,-2.9445,0.782,92.817,-5.5953,-0.0,99.5214,,,,,,,,,,,,0.594,0.534,0.376,0.494,0
88.24,-2.9445,0.782,92.817,-5.5953,-0.0,99.5214,,,,,,,,,,,,0.594,0.534,0.376,0.494,0
88.26,-3.1618,0.7903,92.6744,-5.4582,-0.0,100.192,,,,,,,,,,,,0.594,0.534,0.376,0.494,0
88.28,-3.1618,0.7903,92.6744,-5.4582,-0.0,100.192,,,,,,,,,,,,0.536,0.594,0.375,0.489,0
88.3,-3.1618,0.7903,92.6744,-5.4582,-0.0,100.192,,,,,,,,,,,,0.536,0.594,0.375,0.489,0
88.32,-3.1618,0.7903,92.6744,-5.4582,-0.0,100.192,,,,,,,,,,,,0.536,0.594,0.375,0.489,0
88.34,-3.1618,0.7903,92.6744,-5.4582,-0.0,100.192,,,,,,,,,,,,0.536,0.594,0.375,0.489,0
88.36,-3.0489,0.6307,92.6706,-5.3065,-0.0,100.3589,,,,,,,,,,,,0.536,0.594,0.375,0.489,0
88.38,-3.0489,0.6307,92.6706,-5.3065,-0.0,100.3589,,,,,,,,,,,,0.551,0.517,0.328,0.473,0
88.4,-3.0489,0.6307,92.6706,-5.3065,-0.0,100.3589,,,,,,,,,,,,0.551,0.517,0.328,0.473,0
88.42,-3.0489,0.6307,92.6706,-5.3065,-0.0,100.3589,,,,,,,,,,,,0.551,0.517,0.328,0.473,0
88.44,-3.0489,0.6307,92.6706,-5.3065,-0.0,100.3589,,,,,,,,,,,,0.551,0.517,0.328,0.473,0
88.46,-2.8266,0.7185,92.5323,-5.1985,-0.0,100.3589,,,,,,,,,,,,0.551,0.517,0.328,0.473,0
88.48,-2.8266,0.7185,92.5323,-5.1985,-0.0,100.3589,,,,,,,,,,,,0.54,0.527,0.327,0.473,0
88.5,-2.8266,0.7185,92.5323,-5.1985,-0.0,100.3589,,,,,,,,,,,,0.54,0.527,0.327,0.473,0
88.52,-2.8266,0.7185,92.5323,-5.1985,-0.0,100.3589,,,,,,,,,,,,0.54,0.527,0.327,0.473,0
88.54,-2.8266,0.7185,92.5323,-5.1985,-0.0,100.3589,,,,,,,,,,,,0.54,0.527,0.327,0.473,0
88.56,-2.6903,0.6944,92.069,-5.3314,-0.0,100.3945,,,,,,,,,,,,0.54,0.527,0.327,0.473,0
88.58,-2.6903,0.6944,92.069,-5.3314,-0.0,100.3945,,,,,,,,,,,,0.604,0.52,0.329,0.509,0
88.6,-2.6903,0.6944,92.069,-5.3314,-0.0,100.3945,,,,,,,,,,,,0.604,0.52,0.329,0.509,0
88.62,-2.6903,0.6944,92.069,-5.3314,-0.0,100.3945,,,,,,,,,,,,0.604,0.52,0.329,0.509,0
88.64,-2.6903,0.6944,92.069,-5.3314,-0.0,100.3945,,,,,,,,,,,,0.604,0.52,0.329,0.509,0
88.66,-3.0991,0.74,92.1371,-5.8648,0.0001,101.238,,,,,,,,,,,,0.604,0.52,0.329,0.509,0
88.68,-3.0991,0.74,92.1371,-5.8648,0.0001,101.238,,,,,,,,,,,,0.588,0.569,0.359,0.491,0
88.7,-3.0991,0.74,92.1371,-5.8648,0.0001,101.238,,,,,,,,,,,,0.588,0.569,0.359,0.491,0
88.72,-3.0991,0.74,92.1371,-5.8648,0.0001,101.238,,,,,,,,,,,,0.588,0.569,0.359,0.491,0
88.74,-3.0991,0.74,92.1371,-5.8648,0.0001,101.238,,,,,,,,,,,,0.588,0.569,0.359,0.491,0
88.76,-3.1069,0.7822,92.3702,-6.3346,0.0001,102.3075,,,,,,,,,,,,0.588,0.569,0.359,0.491,0
88.78,-3.1069,0.7822,92.3702,-6.3346,0.0001,102.3075,,,,,,,,,,,,0.6,0.568,0.3,0.519,0
88.8,-3.1069,0.7822,92.3702,-6.3346,0.0001,102.3075,,,,,,,,,,,,0.6,0.568,0.3,0.519,0
88.82,-3.1069,0.7822,92.3702,-6.3346,0.0001,102.3075,,,,,,,,,,,,0.6,0.568,0.3,0.519,0
88.84,-3.1069,0.7822,92.3702,-6.3346,0.0001,102.3075,,,,,,,,,,,,0.6,0.568,0.3,0.519,0
88.86,-3.4255,0.7507,92.1884,-6.5717,0.0001,103.1034,,,,,,,,,,,,0.6,0.568,0.3,0.519,0
88.88,-3.4255,0.7507,92.1884,-6.5717,0.0001,103.1034,,,,,,,,,,,,0.598,0.581,0.309,0.502,0
88.9,-3.4255,0.7507,92.1884,-6.5717,0.0001,103.1034,,,,,,,,,,,,0.598,0.581,0.309,0.502,0
88.92,-3.4255,0.7507,92.1884,-6.5717,0.0001,103.1034,,,,,,,,,,,,0.598,0.581,0.309,0.502,0
88.94,-3.4255,0.7507,92.1884,-6.5717,0.0001,103.1034,,,,,,,,,,,,0.598,0.581,0.309,0.502,0
88.96,-3.5443,0.7652,92.0371,-6.6835,0.0001,103.5695,,,,,,,,,,,,0.598,0.581,0.309,0.502,0
88.98,-3.5443,0.7652,92.0371,-6.6835,0.0001,103.5695,,,,,,,,,,,,0.617,0.563,0.304,0.503,0
89.0,-3.5443,0.7652,92.0371,-6.6835,0.0001,103.5695,,,,,,,,,,,,0.617,0.563,0.304,0.503,0
89.02,-3.5443,0.7652,92.0371,-6.6835,0.0001,103.5695,,,,,,,,,,,,0.617,0.563,0.304,0.503,0
89.04,-3.5443,0.7652,92.0371,-6.6835,0.0001,103.5695,,,,,,,,,,,,0.617,0.563,0.304,0.503,0
89.06,-3.8262,0.7398,91.9269,-6.8434,0.0,103.9818,,,,,,,,,,,,0.617,0.563,0.304,0.503,0
89.08,-3.8262,0.7398,91.9269,-6.8434,0.0,103.9818,,,,,,,,,,,,0.575,0.607,0.33,0.484,0
89.1,-3.8262,0.7398,91.9269,-6.8434,0.0,103.9818,,,,,,,,,,,,0.575,0.607,0.33,0.484,0
89.12,-3.8262,0.7398,91.9269,-6.8434,0.0,103.9818,,,,,,,,,,,,0.575,0.607,0.33,0.484,0
89.14,-3.8262,0.7398,91.9269,-6.8434,0.0,103.9818,,,,,,,,,,,,0.575,0.607,0.33,0.484,0
89.16,-3.4151,0.7126,92.0536,-6.9699,0.0,104.3943,,,,,,,,,,,,0.575,0.607,0.33,0.484,0
89.18,-3.4151,0.7126,92.0536,-6.9699,0.0,104.3943,,,,,,,,,,,,0.606,0.575,0.302,0.503,0
89.2,-3.4151,0.7126,92.0536,-6.9699,0.0,104.3943,,,,,,,,,,,,0.606,0.575,0.302,0.503,0
89.22,-3.4151,0.7126,92.0536,-6.9699,0.0,104.3943,,,,,,,,,,,,0.606,0.575,0.302,0.503,0
89.24,-3.4151,0.7126,92.0536,-6.9699,0.0,104.3943,,,,,,,,,,,,0.606,0.575,0.302,0.503,0
89.26,-3.6909,0.752,92.2039,-7.0176,0.0,104.8068,,,,,,,,,,,,0.606,0.575,0.302,0.503,0
89.28,-3.6909,0.752,92.2039,-7.0176,0.0,104.8068,,,,,,,,,,,,0.55,0.636,0.358,0.466,0
89.3,-3.6909,0.752,92.2039,-7.0176,0.0,104.8068,,,,,,,,,,,,0.55,0.636,0.358,0.466,0
89.32,-3.6909,0.752,92.2039,-7.0176,0.0,104.8068,,,,,,,,,,,,0.55,0.636,0.358,0.466,0
89.34,-3.6909,0.752,92.2039,-7.0176,0.0,104.8068,,,,,,,,,,,,0.55,0.636,0.358,0.466,0
89.36,-3.6786,0.694,92.114,-7.007,0.0,105.3065,,,,,,,,,,,,0.55,0.636,0.358,0.466,0
89.38,-3.6786,0.694,92.114,-7.007,0.0,105.3065,,,,,,,,,,,,0.61,0.596,0.274,0.518,0
89.4,-3.6786,0.694,92.114,-7.007,0.0,105.3065,,,,,,,,,,,,0.61,0.596,0.274,0.518,0
89.42,-3.6786,0.694,92.114,-7.007,0.0,105.3065,,,,,,,,,,,,0.61,0.596,0.274,0.518,0
89.44,-3.6786,0.694,92.114,-7.007,0.0,105.3065,,,,,,,,,,,,0.61,0.596,0.274,0.518,0
89.46,-3.8924,0.6559,91.8255,-6.9219,-0.0,106.1066,,,,,,,,,,,,0.61,0.596,0.274,0.518,0
89.48,-3.8924,0.6559,91.8255,-6.9219,-0.0,106.1066,,,,,,,,,,,,0.642,0.587,0.24,0.525,0
89.5,-3.8924,0.6559,91.8255,-6.9219,-0.0,106.1066,,,,,,,,,,,,0.642,0.587,0.24,0.525,0
89.52,-3.8924,0.6559,91.8255,-6.9219,-0.0,106.1066,,,,,,,,,,,,0.642,0.587,0.24,0.525,0
89.54,-3.8924,0.6559,91.8255,-6.9219,-0.0,106.1066,,,,,,,,,,,,0.642,0.587,0.24,0.525,0
89.56,-4.3759,0.6835,91.608,-6.7481,-0.0,106.6486,,,,,,,,,,,,0.642,0.587,0.24,0.525,0
89.58,-4.3759,0.6835,91.608,-6.7481,-0.0,106.6486,,,,,,,,,,,,0.591,0.649,0.346,0.465,0
89.6,-4.3759,0.6835,91.608,-6.7481,-0.0,106.6486,,,,,,,,,,,,0.591,0.649,0.346,0.465,0
89.62,-4.3759,0.6835,91.608,-6.7481,-0.0,106.6486,,,,,,,,,,,,0.591,0.649,0.346,0.465,0
89.64,-4.3759,0.6835,91.608,-6.7481,-0.0,106.6486,,,,,,,,,,,,0.591,0.649,0.346,0.465,0
89.66,-4.384,0.5724,91.7712,-6.4529,-0.0,106.8035,,,,,,,,,,,,0.591,0.649,0.346,0.465,0
89.68,-4.384,0.5724,91.7712,-6.4529,-0.0,106.8035,,,,,,,,,,,,0.632,0.607,0.287,0.527,0
89.7,-4.384,0.5724,91.7712,-6.4529,-0.0,106.8035,,,,,,,,,,,,0.632,0.607,0.287,0.527,0
89.72,-4.384,0.5724,91.7712,-6.4529,-0.0,106.8035,,,,,,,,,,,,0.632,0.607,0.287,0.527,0
89.74,-4.384,0.5724,91.7712,-6.4529,-0.0,106.8035,,,,,,,,,,,,0.632,0.607,0.287,0.527,0
89.76,-5.4603,0.5959,91.8182,-6.0606,-0.0,106.8035,,,,,,,,,,,,0.632,0.607,0.287,0.527,0
89.78,-5.4603,0.5959,91.8182,-6.0606,-0.0,106.8035,,,,,,,,,,,,0.587,0.656,0.394,0.468,0
89.8,-5.4603,0.5959,91.8182,-6.0606,-0.0,106.8035,,,,,,,,,,,,0.587,0.656,0.394,0.468,0
89.82,-5.4603,0.5959,91.8182,-6.0606,-0.0,106.8035,,,,,,,,,,,,0.587,0.656,0.394,0.468,0
89.84,-5.4603,0.5959,91.8182,-6.0606,-0.0,106.8035,,,,,,,,,,,,0.587,0.656,0.394,0.468,0
89.86,-5.995,0.4375,91.7432,-5.336,-0.0,106.8035,,,,,,,,,,,,0.587,0.656,0.394,0.468,0
89.88,-5.995,0.4375,91.7432,-5.336,-0.0,106.8035,,,,,,,,,,,,0.613,0.647,0.34,0.516,0
89.9,-5.995,0.4375,91.7432,-5.336,-0.0,106.8035,,,,,,,,,,,,0.613,0.647,0.34,0.516,0
89.92,-5.995,0.4375,91.7432,-5.336,-0.0,106.8035,,,,,,,,,,,,0.613,0.647,0.34,0.516,0
89.94,-5.995,0.4375,91.7432,-5.336,-0.0,106.8035,,,,,,,,,,,,0.613,0.647,0.34,0.516,0
89.96,-6.7034,0.4092,92.0002,-4.5313,-0.0,106.8035,,,,,,,,,,,,0.613,0.647,0.34,0.516,0
89.98,-6.7034,0.4092,92.0002,-4.5313,-0.0,106.8035,,,,,,,,,,,,0.588,0.667,0.441,0.447,0
90.0,-6.7034,0.4092,92.0002,-4.5313,-0.0,106.8035,,,,,,,,,,,,0.588,0.667,0.441,0.447,0
90.02,-6.7034,0.4092,92.0002,-4.5313,-0.0,106.8035,,,,,,,,,,,,0.588,0.667,0.441,0.447,0
90.04,-6.7034,0.4092,92.0002,-4.5313,-0.0,106.8035,,,,,,,,,,,,0.588,0.667,0.441,0.447,0
90.06,-6.4643,0.1041,92.9276,-3.8524,-0.0,106.8035,,,,,,,,,,,,0.588,0.667,0.441,0.447,0
90.08,-6.4643,0.1041,92.9276,-3.8524,-0.0,106.8035,,,,,,,,,,,,0.638,0.607,0.39,0.514,0
90.1,-6.4643,0.1041,92.9276,-3.8524,-0.0,106.8035,,,,,,,,,,,,0.638,0.607,0.39,0.514,0
90.12,-6.4643,0.1041,92.9276,-3.8524,-0.0,106.8035,,,,,,,,,,,,0.638,0.607,0.39,0.514,0
90.14,-6.4643,0.1041,92.9276,-3.8524,-0.0,106.8035,,,,,,,,,,,,0.638,0.607,0.39,0.514,0
90.16,-5.6917,-0.4336,94.4537,-3.1714,-0.0,106.8035,,,,,,,,,,,,0.638,0.607,0.39,0.514,0
90.18,-5.6917,-0.4336,94.4537,-3.1714,-0.0,106.8035,,,,,,,,,,,,0.584,0.641,0.39,0.537,0
90.2,-5.6917,-0.4336,94.4537,-3.1714,-0.0,106.8035,,,,,,,,,,,,0.584,0.641,0.39,0.537,0
90.22,-5.6917,-0.4336,94.4537,-3.1714,-0.0,106.8035,,,,,,,,,,,,0.584,0.641,0.39,0.537,0
90.24,-5.6917,-0.4336,94.4537,-3.1714,-0.0,106.8035,,,,,,,,,,,,0.584,0.641,0.39,0.537,0
90.26,-5.1556,0.122,96.0606,-2.342,-0.0,106.8035,,,,,,,,,,,,0.584,0.641,0.39,0.537,0
90.28,-5.1556,0.122,96.0606,-2.342,-0.0,106.8035,,,,,,,,,,,,0.632,0.577,0.387,0.562,0
90.3,-5.1556,0.122,96.0606,-2.342,-0.0,106.8035,,,,,,,,,,,,0.632,0.577,0.387,0.562,0
90.32,-5.1556,0.122,96.0606,-2.342,-0.0,106.8035,,,,,,,,,,,,0.632,0.577,0.387,0.562,0
90.34,-5.1556,0.122,96.0606,-2.342,-0.0,106.8035,,,,,,,,,,,,0.632,0.577,0.387,0.562,0
90.36,-3.2267,-0.3179,98.0165,-1.5294,-0.0,106.8085,,,,,,,,,,,,0.632,0.577,0.387,0.562,0
90.38,-3.2267,-0.3179,98.0165,-1.5294,-0.0,106.8085,,,,,,,,,,,,0.505,0.679,0.446,0.539,0
90.4,-3.2267,-0.3179,98.0165,-1.5294,-0.0,106.8085,,,,,,,,,,,,0.505,0.679,0.446,0.539,0
90.42,-3.2267,-0.3179,98.0165,-1.5294,-0.0,106.8085,,,,,,,,,,,,0.505,0.679,0.446,0.539,0
90.44,-3.2267,-0.3179,98.0165,-1.5294,-0.0,106.8085,,,,,,,,,,,,0.505,0.679,0.446,0.539,0
90.46,-3.3146,0.095,99.7766,-1.0292,-0.0,106.9186,,,,,,,,,,,,0.505,0.679,0.446,0.539,0
90.48,-3.3146,0.095,99.7766,-1.0292,-0.0,106.9186,,,,,,,,,,,,0.659,0.524,0.409,0.587,0
90.5,-3.3146,0.095,99.7766,-1.0292,-0.0,106.9186,,,,,,,,,,,,0.659,0.524,0.409,0.587,0
90.52,-3.3146,0.095,99.7766,-1.0292,-0.0,106.9186,,,,,,,,,,,,0.659,0.524,0.409,0.587,0
90.54,-3.3146,0.095,99.7766,-1.0292,-0.0,106.9186,,,,,,,,,,,,0.659,0.524,0.409,0.587,0
90.56,-2.5549,-0.3383,100.278,-0.7851,-0.0,106.9454,,,,,,,,,,,,0.659,0.524,0.409,0.587,0
90.58,-2.5549,-0.3383,100.278,-0.7851,-0.0,106.9454,,,,,,,,,,,,0.629,0.584,0.423,0.569,0
90.6,-2.5549,-0.3383,100.278,-0.7851,-0.0,106.9454,,,,,,,,,,,,0.629,0.584,0.423,0.569,0
90.62,-2.5549,-0.3383,100.278,-0.7851,-0.0,106.9454,,,,,,,,,,,,0.629,0.584,0.423,0.569,0
90.64,-2.5549,-0.3383,100.278,-0.7851,-0.0,106.9454,,,,,,,,,,,,0.629,0.584,0.423,0.569,0
90.66,-2.9056,-0.0344,100.5349,-0.8493,-0.0,106.9453,,,,,,,,,,,,0.629,0.584,0.423,0.569,0
90.68,-2.9056,-0.0344,100.5349,-0.8493,-0.0,106.9453,,,,,,,,,,,,0.57,0.653,0.478,0.526,0
90.7,-2.9056,-0.0344,100.5349,-0.8493,-0.0,106.9453,,,,,,,,,,,,0.57,0.653,0.478,0.526,0
90.72,-2.9056,-0.0344,100.5349,-0.8493,-0.0,106.9453,,,,,,,,,,,,0.57,0.653,0.478,0.526,0
90.74,-2.9056,-0.0344,100.5349,-0.8493,-0.0,106.9453,,,,,,,,,,,,0.57,0.653,0.478,0.526,0
90.76,-2.8009,0.1139,100.4355,-1.3881,0.0867,106.9453,,,,,,,,,,,,0.57,0.653,0.478,0.526,0
90.78,-2.8009,0.1139,100.4355,-1.3881,0.0867,106.9453,,,,,,,,,,,,0.593,0.647,0.443,0.555,0
90.8,-2.8009,0.1139,100.4355,-1.3881,0.0867,106.9453,,,,,,,,,,,,0.593,0.647,0.443,0.555,0
90.82,-2.8009,0.1139,100.4355,-1.3881,0.0867,106.9453,,,,,,,,,,,,0.593,0.647,0.443,0.555,0
90.84,-2.8009,0.1139,100.4355,-1.3881,0.0867,106.9453,,,,,,,,,,,,0.593,0.647,0.443,0.555,0
90.86,-2.917,0.1077,100.0876,-2.3142,0.1911,106.9452,,,,,,,,,,,,0.593,0.647,0.443,0.555,0
90.88,-2.917,0.1077,100.0876,-2.3142,0.1911,106.9452,,,,,,,,,,,,0.649,0.599,0.403,0.577,0
90.9,-2.917,0.1077,100.0876,-2.3142,0.1911,106.9452,,,,,,,,,,,,0.649,0.599,0.403,0.577,0
90.92,-2.917,0.1077,100.0876,-2.3142,0.1911,106.9452,,,,,,,,,,,,0.649,0.599,0.403,0.577,0
90.94,-2.917,0.1077,100.0876,-2.3142,0.1911,106.9452,,,,,,,,,,,,0.649,0.599,0.403,0.577,0
90.96,-3.0002,0.0477,100.0249,-3.5714,0.1593,106.9453,,,,,,,,,,,,0.649,0.599,0.403,0.577,0
90.98,-3.0002,0.0477,100.0249,-3.5714,0.1593,106.9453,,,,,,,,,,,,0.626,0.623,0.424,0.562,0
91.0,-3.0002,0.0477,100.0249,-3.5714,0.1593,106.9453,,,,,,,,,,,,0.626,0.623,0.424,0.562,0
91.02,-3.0002,0.0477,100.0249,-3.5714,0.1593,106.9453,,,,,,,,,,,,0.626,0.623,0.424,0.562,0
91.04,-3.0002,0.0477,100.0249,-3.5714,0.1593,106.9453,,,,,,,,,,,,0.626,0.623,0.424,0.562,0
91.06,-3.0074,0.0188,99.8243,-4.6102,0.1032,106.9453,,,,,,,,,,,,0.626,0.623,0.424,0.562,0
91.08,-3.0074,0.0188,99.8243,-4.6102,0.1032,106.9453,,,,,,,,,,,,0.627,0.625,0.368,0.598,0
91.1,-3.0074,0.0188,99.8243,-4.6102,0.1032,106.9453,,,,,,,,,,,,0.627,0.625,0.368,0.598,0
91.12,-3.0074,0.0188,99.8243,-4.6102,0.1032,106.9453,,,,,,,,,,,,0.627,0.625,0.368,0.598,0
91.14,-3.0074,0.0188,99.8243,-4.6102,0.1032,106.9453,,,,,,,,,,,,0.627,0.625,0.368,0.598,0
91.16,-3.7206,-0.0213,99.5115,-5.2505,0.0527,106.9453,,,,,,,,,,,,0.627,0.625,0.368,0.598,0
91.18,-3.7206,-0.0213,99.5115,-5.2505,0.0527,106.9453,,,,,,,,,,,,0.66,0.596,0.374,0.589,0
91.2,-3.7206,-0.0213,99.5115,-5.2505,0.0527,106.9453,,,,,,,,,,,,0.66,0.596,0.374,0.589,0
91.22,-3.7206,-0.0213,99.5115,-5.2505,0.0527,106.9453,,,,,,,,,,,,0.66,0.596,0.374,0.589,0
91.24,-3.7206,-0.0213,99.5115,-5.2505,0.0527,106.9453,,,,,,,,,,,,0.66,0.596,0.374,0.589,0
91.26,-5.2448,0.086,98.9927,-5.5324,0.0269,106.9453,,,,,,,,,,,,0.66,0.596,0.374,0.589,0
91.28,-5.2448,0.086,98.9927,-5.5324,0.0269,106.9453,,,,,,,,,,,,0.546,0.714,0.471,0.503,0
91.3,-5.2448,0.086,98.9927,-5.5324,0.0269,106.9453,,,,,,,,,,,,0.546,0.714,0.471,0.503,0
91.32,-5.2448,0.086,98.9927,-5.5324,0.0269,106.9453,,,,,,,,,,,,0.546,0.714,0.471,0.503,0
91.34,-5.2448,0.086,98.9927,-5.5324,0.0269,106.9453,,,,,,,,,,,,0.546,0.714,0.471,0.503,0
91.36,-6.3472,-0.1931,98.6698,-5.5451,0.0137,106.9453,,,,,,,,,,,,0.546,0.714,0.471,0.503,0
91.38,-6.3472,-0.1931,98.6698,-5.5451,0.0137,106.9453,,,,,,,,,,,,0.626,0.652,0.452,0.523,0
91.4,-6.3472,-0.1931,98.6698,-5.5451,0.0137,106.9453,,,,,,,,,,,,0.626,0.652,0.452,0.523,0
91.42,-6.3472,-0.1931,98.6698,-5.5451,0.0137,106.9453,,,,,,,,,,,,0.626,0.652,0.452,0.523,0
91.44,-6.3472,-0.1931,98.6698,-5.5451,0.0137,106.9453,,,,,,,,,,,,0.626,0.652,0.452,0.523,0
91.46,-8.9238,-0.0749,98.8002,-5.431,0.007,106.9453,,,,,,,,,,,,0.626,0.652,0.452,0.523,0
91.48,-8.9238,-0.0749,98.8002,-5.431,0.007,106.9453,,,,,,,,,,,,0.525,0.736,0.504,0.491,0
91.5,-8.9238,-0.0749,98.8002,-5.431,0.007,106.9453,,,,,,,,,,,,0.525,0.736,0.504,0.491,0
91.52,-8.9238,-0.0749,98.8002,-5.431,0.007,106.9453,,,,,,,,,,,,0.525,0.736,0.504,0.491,0
91.54,-8.9238,-0.0749,98.8002,-5.431,0.007,106.9453,,,,,,,,,,,,0.525,0.736,0.504,0.491,0
91.56,-9.8213,-0.7078,99.6363,-5.1437,0.0036,106.9453,,,,,,,,,,,,0.525,0.736,0.504,0.491,0
91.58,-9.8213,-0.7078,99.6363,-5.1437,0.0036,106.9453,,,,,,,,,,,,0.63,0.63,0.447,0.561,0
91.6,-9.8213,-0.7078,99.6363,-5.1437,0.0036,106.9453,,,,,,,,,,,,0.63,0.63,0.447,0.561,0
91.62,-9.8213,-0.7078,99.6363,-5.1437,0.0036,106.9453,,,,,,,,,,,,0.63,0.63,0.447,0.561,0
91.64,-9.8213,-0.7078,99.6363,-5.1437,0.0036,106.9453,,,,,,,,,,,,0.63,0.63,0.447,0.561,0
91.66,-9.9905,-0.535,101.5999,-4.0925,0.0334,106.9453,,,,,,,,,,,,0.63,0.63,0.447,0.561,0
91.68,-9.9905,-0.535,101.5999,-4.0925,0.0334,106.9453,,,,,,,,,,,,0.539,0.677,0.505,0.554,0
91.7,-9.9905,-0.535,101.5999,-4.0925,0.0334,106.9453,,,,,,,,,,,,0.539,0.677,0.505,0.554,0
91.72,-9.9905,-0.535,101.5999,-4.0925,0.0334,106.9453,,,,,,,,,,,,0.539,0.677,0.505,0.554,0
91.74,-9.9905,-0.535,101.5999,-4.0925,0.0334,106.9453,,,,,,,,,,,,0.539,0.677,0.505,0.554,0
91.76,-5.887,-0.0291,103.6878,-2.2222,0.0279,106.9452,,,,,,,,,,,,0.539,0.677,0.505,0.554,0
91.78,-5.887,-0.0291,103.6878,-2.2222,0.0279,106.9452,,,,,,,,,,,,0.58,0.603,0.492,0.592,0
91.8,-5.887,-0.0291,103.6878,-2.2222,0.0279,106.9452,,,,,,,,,,,,0.58,0.603,0.492,0.592,0
91.82,-5.887,-0.0291,103.6878,-2.2222,0.0279,106.9452,,,,,,,,,,,,0.58,0.603,0.492,0.592,0
91.84,-5.887,-0.0291,103.6878,-2.2222,0.0279,106.9452,,,,,,,,,,,,0.58,0.603,0.492,0.592,0
91.86,-1.6637,0.1819,105.6773,-1.1345,0.0142,106.9452,,,,,,,,,,,,0.58,0.603,0.492,0.592,0
91.88,-1.6637,0.1819,105.6773,-1.1345,0.0142,106.9452,,,,,,,,,,,,0.529,0.625,0.45,0.644,0
91.9,-1.6637,0.1819,105.6773,-1.1345,0.0142,106.9452,,,,,,,,,,,,0.529,0.625,0.45,0.644,0
91.92,-1.6637,0.1819,105.6773,-1.1345,0.0142,106.9452,,,,,,,,,,,,0.529,0.625,0.45,0.644,0
91.94,-1.6637,0.1819,105.6773,-1.1345,0.0142,106.9452,,,,,,,,,,,,0.529,0.625,0.45,0.644,0
91.96,-3.4497,-0.3883,106.6528,-0.5792,0.0073,106.9453,,,,,,,,,,,,0.529,0.625,0.45,0.644,0
91.98,-3.4497,-0.3883,106.6528,-0.5792,0.0073,106.9453,,,,,,,,,,,,0.608,0.55,0.503,0.601,0
92.0,-3.4497,-0.3883,106.6528,-0.5792,0.0073,106.9453,,,,,,,,,,,,0.608,0.55,0.503,0.601,0
92.02,-3.4497,-0.3883,106.6528,-0.5792,0.0073,106.9453,,,,,,,,,,,,0.608,0.55,0.503,0.601,0
92.04,-3.4497,-0.3883,106.6528,-0.5792,0.0073,106.9453,,,,,,,,,,,,0.608,0.55,0.503,0.601,0
92.06,-1.5088,-1.9054,107.0496,-0.2957,0.0037,106.9453,,,,,,,,,,,,0.608,0.55,0.503,0.601,0
92.08,-1.5088,-1.9054,107.0496,-0.2957,0.0037,106.9453,,,,,,,,,,,,0.602,0.562,0.472,0.621,0
92.1,-1.5088,-1.9054,107.0496,-0.2957,0.0037,106.9453,,,,,,,,,,,,0.602,0.562,0.472,0.621,0
92.12,-1.5088,-1.9054,107.0496,-0.2957,0.0037,106.9453,,,,,,,,,,,,0.602,0.562,0.472,0.621,0
92.14,-1.5088,-1.9054,107.0496,-0.2957,0.0037,106.9453,,,,,,,,,,,,0.602,0.562,0.472,0.621,0
92.16,-2.5874,-1.4159,107.6758,-0.151,0.0019,106.9453,,,,,,,,,,,,0.602,0.562,0.472,0.621,0
92.18,-2.5874,-1.4159,107.6758,-0.151,0.0019,106.9453,,,,,,,,,,,,0.521,0.63,0.518,0.593,0
92.2,-2.5874,-1.4159,107.6758,-0.151,0.0019,106.9453,,,,,,,,,,,,0.521,0.63,0.518,0.593,0
92.22,-2.5874,-1.4159,107.6758,-0.151,0.0019,106.9453,,,,,,,,,,,,0.521,0.63,0.518,0.593,0
92.24,-2.5874,-1.4159,107.6758,-0.151,0.0019,106.9453,,,,,,,,,,,,0.521,0.63,0.518,0.593,0
92.26,-2.6111,-0.7218,107.3996,-0.0771,0.001,106.9453,,,,,,,,,,,,0.521,0.63,0.518,0.593,0
92.28,-2.6111,-0.7218,107.3996,-0.0771,0.001,106.9453,,,,,,,,,,,,0.555,0.614,0.541,0.556,0
92.3,-2.6111,-0.7218,107.3996,-0.0771,0.001,106.9453,,,,,,,,,,,,0.555,0.614,0.541,0.556,0
92.32,-2.6111,-0.7218,107.3996,-0.0771,0.001,106.9453,,,,,,,,,,,,0.555,0.614,0.541,0.556,0
92.34,-2.6111,-0.7218,107.3996,-0.0771,0.001,106.9453,,,,,,,,,,,,0.555,0.614,0.541,0.556,0
92.36,-2.3708,-0.7516,106.6504,-0.0394,0.0005,106.9453,,,,,,,,,,,,0.555,0.614,0.541,0.556,0
92.38,-2.3708,-0.7516,106.6504,-0.0394,0.0005,106.9453,,,,,,,,,,,,0.553,0.634,0.483,0.591,0
92.4,-2.3708,-0.7516,106.6504,-0.0394,0.0005,106.9453,,,,,,,,,,,,0.553,0.634,0.483,0.591,0
92.42,-2.3708,-0.7516,106.6504,-0.0394,0.0005,106.9453,,,,,,,,,,,,0.553,0.634,0.483,0.591,0
92.44,-2.3708,-0.7516,106.6504,-0.0394,0.0005,106.9453,,,,,,,,,,,,0.553,0.634,0.483,0.591,0
92.46,-2.467,-0.6386,105.9613,-0.0201,0.0003,106.9453,,,,,,,,,,,,0.553,0.634,0.483,0.591,0
92.48,-2.467,-0.6386,105.9613,-0.0201,0.0003,106.9453,,,,,,,,,,,,0.554,0.643,0.549,0.52,0
92.5,-2.467,-0.6386,105.9613,-0.0201,0.0003,106.9453,,,,,,,,,,,,0.554,0.643,0.549,0.52,0
92.52,-2.467,-0.6386,105.9613,-0.0201,0.0003,106.9453,,,,,,,,,,,,0.554,0.643,0.549,0.52,0
92.54,-2.467,-0.6386,105.9613,-0.0201,0.0003,106.9453,,,,,,,,,,,,0.554,0.643,0.549,0.52,0
92.56,-2.3852,-0.9148,105.5177,-0.0103,0.0001,106.9453,,,,,,,,,,,,0.554,0.643,0.549,0.52,0
92.58,-2.3852,-0.9148,105.5177,-0.0103,0.0001,106.9453,,,,,,,,,,,,0.532,0.672,0.529,0.543,0
92.6,-2.3852,-0.9148,105.5177,-0.0103,0.0001,106.9453,,,,,,,,,,,,0.532,0.672,0.529,0.543,0
92.62,-2.3852,-0.9148,105.5177,-0.0103,0.0001,106.9453,,,,,,,,,,,,0.532,0.672,0.529,0.543,0
92.64,-2.3852,-0.9148,105.5177,-0.0103,0.0001,106.9453,,,,,,,,,,,,0.532,0.672,0.529,0.543,0
92.66,-2.6539,-0.6688,105.0923,-0.0052,0.0001,106.9453,,,,,,,,,,,,0.532,0.672,0.529,0.543,0
92.68,-2.6539,-0.6688,105.0923,-0.0052,0.0001,106.9453,,,,,,,,,,,,0.565,0.653,0.52,0.553,0
92.7,-2.6539,-0.6688,105.0923,-0.0052,0.0001,106.9453,,,,,,,,,,,,0.565,0.653,0.52,0.553,0
92.72,-2.6539,-0.6688,105.0923,-0.0052,0.0001,106.9453,,,,,,,,,,,,0.565,0.653,0.52,0.553,0
92.74,-2.6539,-0.6688,105.0923,-0.0052,0.0001,106.9453,,,,,,,,,,,,0.565,0.653,0.52,0.553,0
92.76,-2.711,-0.3803,104.566,-0.0027,0.0,106.9453,,,,,,,,,,,,0.565,0.653,0.52,0.553,0
92.78,-2.711,-0.3803,104.566,-0.0027,0.0,106.9453,,,,,,,,,,,,0.542,0.688,0.526,0.55,0
92.8,-2.711,-0.3803,104.566,-0.0027,0.0,106.9453,,,,,,,,,,,,0.542,0.688,0.526,0.55,0
92.82,-2.711,-0.3803,104.566,-0.0027,0.0,106.9453,,,,,,,,,,,,0.542,0.688,0.526,0.55,0
92.84,-2.711,-0.3803,104.566,-0.0027,0.0,106.9453,,,,,,,,,,,,0.542,0.688,0.526,0.55,0
92.86,-2.5208,0.0458,103.7536,-0.0014,0.0,106.9453,,,,,,,,,,,,0.542,0.688,0.526,0.55,0
92.88,-2.5208,0.0458,103.7536,-0.0014,0.0,106.9453,,,,,,,,,,,,0.572,0.684,0.517,0.552,0
92.9,-2.5208,0.0458,103.7536,-0.0014,0.0,106.9453,,,,,,,,,,,,0.572,0.684,0.517,0.552,0
92.92,-2.5208,0.0458,103.7536,-0.0014,0.0,106.9453,,,,,,,,,,,,0.572,0.684,0.517,0.552,0
92.94,-2.5208,0.0458,103.7536,-0.0014,0.0,106.9453,,,,,,,,,,,,0.572,0.684,0.517,0.552,0
92.96,-2.7043,-0.081,103.5715,-0.0007,0.0,106.9453,,,,,,,,,,,,0.572,0.684,0.517,0.552,0
92.98,-2.7043,-0.081,103.5715,-0.0007,0.0,106.9453,,,,,,,,,,,,0.559,0.696,0.537,0.545,0
93.0,-2.7043,-0.081,103.5715,-0.0007,0.0,106.9453,,,,,,,,,,,,0.559,0.696,0.537,0.545,0
93.02,-2.7043,-0.081,103.5715,-0.0007,0.0,106.9453,,,,,,,,,,,,0.559,0.696,0.537,0.545,0
93.04,-2.7043,-0.081,103.5715,-0.0007,0.0,106.9453,,,,,,,,,,,,0.559,0.696,0.537,0.545,0
93.06,-2.5881,-0.1804,103.8758,-0.0004,0.0,106.9453,,,,,,,,,,,,0.559,0.696,0.537,0.545,0
93.08,-2.5881,-0.1804,103.8758,-0.0004,0.0,106.9453,,,,,,,,,,,,0.604,0.659,0.538,0.572,0
93.1,-2.5881,-0.1804,103.8758,-0.0004,0.0,106.9453,,,,,,,,,,,,0.604,0.659,0.538,0.572,0
93.12,-2.5881,-0.1804,103.8758,-0.0004,0.0,106.9453,,,,,,,,,,,,0.604,0.659,0.538,0.572,0
93.14,-2.5881,-0.1804,103.8758,-0.0004,0.0,106.9453,,,,,,,,,,,,0.604,0.659,0.538,0.572,0
93.16,-2.4609,-0.492,103.8594,-0.0004,0.0,106.9453,,,,,,,,,,,,0.604,0.659,0.538,0.572,0
93.18,-2.4609,-0.492,103.8594,-0.0004,0.0,106.9453,,,,,,,,,,,,0.564,0.705,0.57,0.543,0
93.2,-2.4609,-0.492,103.8594,-0.0004,0.0,106.9453,,,,,,,,,,,,0.564,0.705,0.57,0.543,0
93.22,-2.4609,-0.492,103.8594,-0.0004,0.0,106.9453,,,,,,,,,,,,0.564,0.705,0.57,0.543,0
93.24,-2.4609,-0.492,103.8594,-0.0004,0.0,106.9453,,,,,,,,,,,,0.564,0.705,0.57,0.543,0
93.26,-2.6066,-0.3958,103.67,-0.0004,0.0,106.9453,,,,,,,,,,,,0.564,0.705,0.57,0.543,0
93.28,-2.6066,-0.3958,103.67,-0.0004,0.0,106.9453,,,,,,,,,,,,0.588,0.69,0.566,0.546,0
93.3,-2.6066,-0.3958,103.67,-0.0004,0.0,106.9453,,,,,,,,,,,,0.588,0.69,0.566,0.546,0
93.32,-2.6066,-0.3958,103.67,-0.0004,0.0,106.9453,,,,,,,,,,,,0.588,0.69,0.566,0.546,0
93.34,-2.6066,-0.3958,103.67,-0.0004,0.0,106.9453,,,,,,,,,,,,0.588,0.69,0.566,0.546,0
93.36,-2.7516,-0.4512,103.4626,-0.0004,0.0,106.9453,,,,,,,,,,,,0.588,0.69,0.566,0.546,0
93.38,-2.7516,-0.4512,103.4626,-0.0004,0.0,106.9453,,,,,,,,,,,,0.6,0.696,0.575,0.547,0
93.4,-2.7516,-0.4512,103.4626,-0.0004,0.0,106.9453,,,,,,,,,,,,0.6,0.696,0.575,0.547,0
93.42,-2.7516,-0.4512,103.4626,-0.0004,0.0,106.9453,,,,,,,,,,,,0.6,0.696,0.575,0.547,0
93.44,-2.7516,-0.4512,103.4626,-0.0004,0.0,106.9453,,,,,,,,,,,,0.6,0.696,0.575,0.547,0
93.46,-2.3202,-0.6671,103.3115,-0.0004,0.0,106.9453,,,,,,,,,,,,0.6,0.696,0.575,0.547,0
93.48,-2.3202,-0.6671,103.3115,-0.0004,0.0,106.9453,,,,,,,,,,,,0.633,0.679,0.556,0.576,0
93.5,-2.3202,-0.6671,103.3115,-0.0004,0.0,106.9453,,,,,,,,,,,,0.633,0.679,0.556,0.576,0
93.52,-2.3202,-0.6671,103.3115,-0.0004,0.0,106.9453,,,,,,,,,,,,0.633,0.679,0.556,0.576,0
93.54,-2.3202,-0.6671,103.3115,-0.0004,0.0,106.9453,,,,,,,,,,,,0.633,0.679,0.556,0.576,0
93.56,-2.0751,-1.1567,103.3742,-0.0004,0.0,106.9453,,,,,,,,,,,,0.633,0.679,0.556,0.576,0
93.58,-2.0751,-1.1567,103.3742,-0.0004,0.0,106.9453,,,,,,,,,,,,0.637,0.675,0.54,0.596,0
93.6,-2.0751,-1.1567,103.3742,-0.0004,0.0,106.9453,,,,,,,,,,,,0.637,0.675,0.54,0.596,0
93.62,-2.0751,-1.1567,103.3742,-0.0004,0.0,106.9453,,,,,,,,,,,,0.637,0.675,0.54,0.596,0
93.64,-2.0751,-1.1567,103.3742,-0.0004,0.0,106.9453,,,,,,,,,,,,0.637,0.675,0.54,0.596,0
93.66,-2.3045,-0.8111,103.3206,-0.0003,0.0232,106.9453,,,,,,,,,,,,0.637,0.675,0.54,0.596,0
93.68,-2.3045,-0.8111,103.3206,-0.0003,0.0232,106.9453,,,,,,,,,,,,0.636,0.68,0.521,0.616,0
93.7,-2.3045,-0.8111,103.3206,-0.0003,0.0232,106.9453,,,,,,,,,,,,0.636,0.68,0.521,0.616,0
93.72,-2.3045,-0.8111,103.3206,-0.0003,0.0232,106.9453,,,,,,,,,,,,0.636,0.68,0.521,0.616,0
93.74,-2.3045,-0.8111,103.3206,-0.0003,0.0232,106.9453,,,,,,,,,,,,0.636,0.68,0.521,0.616,0
93.76,-2.081,-0.1354,103.1317,-0.0002,0.1659,106.9453,,,,,,,,,,,,0.636,0.68,0.521,0.616,0
93.78,-2.081,-0.1354,103.1317,-0.0002,0.1659,106.9453,,,,,,,,,,,,0.671,0.652,0.52,0.618,0
93.8,-2.081,-0.1354,103.1317,-0.0002,0.1659,106.9453,,,,,,,,,,,,0.671,0.652,0.52,0.618,0
93.82,-2.081,-0.1354,103.1317,-0.0002,0.1659,106.9453,,,,,,,,,,,,0.671,0.652,0.52,0.618,0
93.84,-2.081,-0.1354,103.1317,-0.0002,0.1659,106.9453,,,,,,,,,,,,0.671,0.652,0.52,0.618,0
93.86,-2.0179,-0.9094,103.1125,-0.0001,0.4323,106.9453,,,,,,,,,,,,0.671,0.652,0.52,0.618,0
93.88,-2.0179,-0.9094,103.1125,-0.0001,0.4323,106.9453,,,,,,,,,,,,0.645,0.681,0.571,0.574,0
93.9,-2.0179,-0.9094,103.1125,-0.0001,0.4323,106.9453,,,,,,,,,,,,0.645,0.681,0.571,0.574,0
93.92,-2.0179,-0.9094,103.1125,-0.0001,0.4323,106.9453,,,,,,,,,,,,0.645,0.681,0.571,0.574,0
93.94,-2.0179,-0.9094,103.1125,-0.0001,0.4323,106.9453,,,,,,,,,,,,0.645,0.681,0.571,0.574,0
93.96,-2.6658,-0.7009,103.423,-0.0,0.9074,106.9453,,,,,,,,,,,,0.645,0.681,0.571,0.574,0
93.98,-2.6658,-0.7009,103.423,-0.0,0.9074,106.9453,,,,,,,,,,,,0.536,0.767,0.636,0.513,0
94.0,-2.6658,-0.7009,103.423,-0.0,0.9074,106.9453,,,,,,,,,,,,0.536,0.767,0.636,0.513,0
94.02,-2.6658,-0.7009,103.423,-0.0,0.9074,106.9453,,,,,,,,,,,,0.536,0.767,0.636,0.513,0
94.04,-2.6658,-0.7009,103.423,-0.0,0.9074,106.9453,,,,,,,,,,,,0.536,0.767,0.636,0.513,0
94.06,-2.3581,-0.1251,103.7567,-0.0,1.5569,106.9453,,,,,,,,,,,,0.536,0.767,0.636,0.513,0
94.08,-2.3581,-0.1251,103.7567,-0.0,1.5569,106.9453,,,,,,,,,,,,0.547,0.762,0.635,0.527,0
94.1,-2.3581,-0.1251,103.7567,-0.0,1.5569,106.9453,,,,,,,,,,,,0.547,0.762,0.635,0.527,0
94.12,-2.3581,-0.1251,103.7567,-0.0,1.5569,106.9453,,,,,,,,,,,,0.547,0.762,0.635,0.527,0
94.14,-2.3581,-0.1251,103.7567,-0.0,1.5569,106.9453,,,,,,,,,,,,0.547,0.762,0.635,0.527,0
94.16,-3.2069,0.8348,104.1347,-0.0,2.201,106.9453,,,,,,,,,,,,0.547,0.762,0.635,0.527,0
94.18,-3.2069,0.8348,104.1347,-0.0,2.201,106.9453,,,,,,,,,,,,0.583,0.737,0.63,0.553,0
94.2,-3.2069,0.8348,104.1347,-0.0,2.201,106.9453,,,,,,,,,,,,0.583,0.737,0.63,0.553,0
94.22,-3.2069,0.8348,104.1347,-0.0,2.201,106.9453,,,,,,,,,,,,0.583,0.737,0.63,0.553,0
94.24,-3.2069,0.8348,104.1347,-0.0,2.201,106.9453,,,,,,,,,,,,0.583,0.737,0.63,0.553,0
94.26,-2.9322,1.2007,104.4202,-0.0,2.8885,106.9453,,,,,,,,,,,,0.583,0.737,0.63,0.553,0
94.28,-2.9322,1.2007,104.4202,-0.0,2.8885,106.9453,,,,,,,,,,,,0.593,0.735,0.655,0.533,0
94.3,-2.9322,1.2007,104.4202,-0.0,2.8885,106.9453,,,,,,,,,,,,0.593,0.735,0.655,0.533,0
94.32,-2.9322,1.2007,104.4202,-0.0,2.8885,106.9453,,,,,,,,,,,,0.593,0.735,0.655,0.533,0
94.34,-2.9322,1.2007,104.4202,-0.0,2.8885,106.9453,,,,,,,,,,,,0.593,0.735,0.655,0.533,0
94.36,-2.1442,1.1968,104.321,-0.0,3.4104,106.9452,,,,,,,,,,,,0.593,0.735,0.655,0.533,0
94.38,-2.1442,1.1968,104.321,-0.0,3.4104,106.9452,,,,,,,,,,,,0.634,0.708,0.61,0.579,0
94.4,-2.1442,1.1968,104.321,-0.0,3.4104,106.9452,,,,,,,,,,,,0.634,0.708,0.61,0.579,0
94.42,-2.1442,1.1968,104.321,-0.0,3.4104,106.9452,,,,,,,,,,,,0.634,0.708,0.61,0.579,0
94.44,-2.1442,1.1968,104.321,-0.0,3.4104,106.9452,,,,,,,,,,,,0.634,0.708,0.61,0.579,0
94.46,-1.9114,2.0947,104.2613,-0.0,3.7996,106.9452,,,,,,,,,,,,0.634,0.708,0.61,0.579,0
94.48,-1.9114,2.0947,104.2613,-0.0,3.7996,106.9452,,,,,,,,,,,,0.661,0.682,0.577,0.612,0
94.5,-1.9114,2.0947,104.2613,-0.0,3.7996,106.9452,,,,,,,,,,,,0.661,0.682,0.577,0.612,0
94.52,-1.9114,2.0947,104.2613,-0.0,3.7996,106.9452,,,,,,,,,,,,0.661,0.682,0.577,0.612,0
94.54,-1.9114,2.0947,104.2613,-0.0,3.7996,106.9452,,,,,,,,,,,,0.661,0.682,0.577,0.612,0
94.56,-2.6124,2.9119,104.2674,-0.0,4.1297,106.9452,,,,,,,,,,,,0.661,0.682,0.577,0.612,0
94.58,-2.6124,2.9119,104.2674,-0.0,4.1297,106.9452,,,,,,,,,,,,0.623,0.718,0.609,0.585,0
94.6,-2.6124,2.9119,104.2674,-0.0,4.1297,106.9452,,,,,,,,,,,,0.623,0.718,0.609,0.585,0
94.62,-2.6124,2.9119,104.2674,-0.0,4.1297,106.9452,,,,,,,,,,,,0.623,0.718,0.609,0.585,0
94.64,-2.6124,2.9119,104.2674,-0.0,4.1297,106.9452,,,,,,,,,,,,0.623,0.718,0.609,0.585,0
94.66,-3.4075,3.9931,104.4199,-0.0,4.3795,106.9453,,,,,,,,,,,,0.623,0.718,0.609,0.585,0
94.68,-3.4075,3.9931,104.4199,-0.0,4.3795,106.9453,,,,,,,,,,,,0.569,0.764,0.641,0.557,0
94.7,-3.4075,3.9931,104.4199,-0.0,4.3795,106.9453,,,,,,,,,,,,0.569,0.764,0.641,0.557,0
94.72,-3.4075,3.9931,104.4199,-0.0,4.3795,106.9453,,,,,,,,,,,,0.569,0.764,0.641,0.557,0
94.74,-3.4075,3.9931,104.4199,-0.0,4.3795,106.9453,,,,,,,,,,,,0.569,0.764,0.641,0.557,0
94.76,-2.2608,4.4089,104.3166,-0.0,4.4022,106.9453,,,,,,,,,,,,0.569,0.764,0.641,0.557,0
94.78,-2.2608,4.4089,104.3166,-0.0,4.4022,106.9453,,,,,,,,,,,,0.603,0.742,0.627,0.566,0
94.8,-2.2608,4.4089,104.3166,-0.0,4.4022,106.9453,,,,,,,,,,,,0.603,0.742,0.627,0.566,0
94.82,-2.2608,4.4089,104.3166,-0.0,4.4022,106.9453,,,,,,,,,,,,0.603,0.742,0.627,0.566,0
94.84,-2.2608,4.4089,104.3166,-0.0,4.4022,106.9453,,,,,,,,,,,,0.603,0.742,0.627,0.566,0
94.86,-0.6346,4.2176,103.6306,-0.0,3.6414,106.9453,,,,,,,,,,,,0.603,0.742,0.627,0.566,0
94.88,-0.6346,4.2176,103.6306,-0.0,3.6414,106.9453,,,,,,,,,,,,0.657,0.705,0.531,0.638,0
94.9,-0.6346,4.2176,103.6306,-0.0,3.6414,106.9453,,,,,,,,,,,,0.657,0.705,0.531,0.638,0
94.92,-0.6346,4.2176,103.6306,-0.0,3.6414,106.9453,,,,,,,,,,,,0.657,0.705,0.531,0.638,0
94.94,-0.6346,4.2176,103.6306,-0.0,3.6414,106.9453,,,,,,,,,,,,0.657,0.705,0.531,0.638,0
94.96,0.892,3.8517,102.7039,-0.0,2.2493,106.9454,,,,,,,,,,,,0.657,0.705,0.531,0.638,0
94.98,0.892,3.8517,102.7039,-0.0,2.2493,106.9454,,,,,,,,,,,,0.647,0.727,0.553,0.6,0
95.0,0.892,3.8517,102.7039,-0.0,2.2493,106.9454,,,,,,,,,,,,0.647,0.727,0.553,0.6,0
95.02,0.892,3.8517,102.7039,-0.0,2.2493,106.9454,,,,,,,,,,,,0.647,0.727,0.553,0.6,0
95.04,0.892,3.8517,102.7039,-0.0,2.2493,106.9454,,,,,,,,,,,,0.647,0.727,0.553,0.6,0
95.06,1.7147,2.6882,101.7826,-0.0,1.2671,106.9454,,,,,,,,,,,,0.647,0.727,0.553,0.6,0
95.08,1.7147,2.6882,101.7826,-0.0,1.2671,106.9454,,,,,,,,,,,,0.696,0.691,0.517,0.619,0
95.1,1.7147,2.6882,101.7826,-0.0,1.2671,106.9454,,,,,,,,,,,,0.696,0.691,0.517,0.619,0
95.12,1.7147,2.6882,101.7826,-0.0,1.2671,106.9454,,,,,,,,,,,,0.696,0.691,0.517,0.619,0
95.14,1.7147,2.6882,101.7826,-0.0,1.2671,106.9454,,,,,,,,,,,,0.696,0.691,0.517,0.619,0
95.16,0.3704,0.5901,100.9509,-0.0,0.6469,106.9453,,,,,,,,,,,,0.696,0.691,0.517,0.619,0
95.18,0.3704,0.5901,100.9509,-0.0,0.6469,106.9453,,,,,,,,,,,,0.642,0.749,0.609,0.516,0
95.2,0.3704,0.5901,100.9509,-0.0,0.6469,106.9453,,,,,,,,,,,,0.642,0.749,0.609,0.516,0
95.22,0.3704,0.5901,100.9509,-0.0,0.6469,106.9453,,,,,,,,,,,,0.642,0.749,0.609,0.516,0
95.24,0.3704,0.5901,100.9509,-0.0,0.6469,106.9453,,,,,,,,,,,,0.642,0.749,0.609,0.516,0
95.26,-1.0258,-0.2574,100.4979,-0.0,0.3303,106.9454,,,,,,,,,,,,0.642,0.749,0.609,0.516,0
95.28,-1.0258,-0.2574,100.4979,-0.0,0.3303,106.9454,,,,,,,,,,,,0.638,0.754,0.598,0.527,0
95.3,-1.0258,-0.2574,100.4979,-0.0,0.3303,106.9454,,,,,,,,,,,,0.638,0.754,0.598,0.527,0
95.32,-1.0258,-0.2574,100.4979,-0.0,0.3303,106.9454,,,,,,,,,,,,0.638,0.754,0.598,0.527,0
95.34,-1.0258,-0.2574,100.4979,-0.0,0.3303,106.9454,,,,,,,,,,,,0.638,0.754,0.598,0.527,0
95.36,-2.1974,-0.254,100.4787,-0.0,0.1686,106.9454,,,,,,,,,,,,0.638,0.754,0.598,0.527,0
95.38,-2.1974,-0.254,100.4787,-0.0,0.1686,106.9454,,,,,,,,,,,,0.627,0.758,0.599,0.534,0
95.4,-2.1974,-0.254,100.4787,-0.0,0.1686,106.9454,,,,,,,,,,,,0.627,0.758,0.599,0.534,0
95.42,-2.1974,-0.254,100.4787,-0.0,0.1686,106.9454,,,,,,,,,,,,0.627,0.758,0.599,0.534,0
95.44,-2.1974,-0.254,100.4787,-0.0,0.1686,106.9454,,,,,,,,,,,,0.627,0.758,0.599,0.534,0
95.46,-1.5407,-0.3345,100.8863,-0.0,0.0861,106.9454,,,,,,,,,,,,0.627,0.758,0.599,0.534,0
95.48,-1.5407,-0.3345,100.8863,-0.0,0.0861,106.9454,,,,,,,,,,,,0.652,0.728,0.563,0.584,0
95.5,-1.5407,-0.3345,100.8863,-0.0,0.0861,106.9454,,,,,,,,,,,,0.652,0.728,0.563,0.584,0
95.52,-1.5407,-0.3345,100.8863,-0.0,0.0861,106.9454,,,,,,,,,,,,0.652,0.728,0.563,0.584,0
95.54,-1.5407,-0.3345,100.8863,-0.0,0.0861,106.9454,,,,,,,,,,,,0.652,0.728,0.563,0.584,0
95.56,-0.0745,-1.1793,101.6452,-0.0,0.044,106.9344,,,,,,,,,,,,0.652,0.728,0.563,0.584,0
95.58,-0.0745,-1.1793,101.6452,-0.0,0.044,106.9344,,,,,,,,,,,,0.622,0.741,0.648,0.504,0
95.6,-0.0745,-1.1793,101.6452,-0.0,0.044,106.9344,,,,,,,,,,,,0.622,0.741,0.648,0.504,0
95.62,-0.0745,-1.1793,101.6452,-0.0,0.044,106.9344,,,,,,,,,,,,0.622,0.741,0.648,0.504,0
95.64,-0.0745,-1.1793,101.6452,-0.0,0.044,106.9344,,,,,,,,,,,,0.622,0.741,0.648,0.504,0
95.66,-1.8825,-2.4583,102.7065,0.0,0.0224,105.694,,,,,,,,,,,,0.622,0.741,0.648,0.504,0
95.68,-1.8825,-2.4583,102.7065,0.0,0.0224,105.694,,,,,,,,,,,,0.617,0.701,0.612,0.598,0
95.7,-1.8825,-2.4583,102.7065,0.0,0.0224,105.694,,,,,,,,,,,,0.617,0.701,0.612,0.598,0
95.72,-1.8825,-2.4583,102.7065,0.0,0.0224,105.694,,,,,,,,,,,,0.617,0.701,0.612,0.598,0
95.74,-1.8825,-2.4583,102.7065,0.0,0.0224,105.694,,,,,,,,,,,,0.617,0.701,0.612,0.598,0
95.76,-1.9078,-0.8761,103.3707,0.0,0.0115,103.6252,,,,,,,,,,,,0.617,0.701,0.612,0.598,0
95.78,-1.9078,-0.8761,103.3707,0.0,0.0115,103.6252,,,,,,,,,,,,0.608,0.67,0.568,0.682,0
95.8,-1.9078,-0.8761,103.3707,0.0,0.0115,103.6252,,,,,,,,,,,,0.608,0.67,0.568,0.682,0
95.82,-1.9078,-0.8761,103.3707,0.0,0.0115,103.6252,,,,,,,,,,,,0.608,0.67,0.568,0.682,0
95.84,-1.9078,-0.8761,103.3707,0.0,0.0115,103.6252,,,,,,,,,,,,0.608,0.67,0.568,0.682,0
95.86,-0.9902,0.6387,103.2537,0.0,0.0058,101.0867,,,,,,,,,,,,0.608,0.67,0.568,0.682,0
95.88,-0.9902,0.6387,103.2537,0.0,0.0058,101.0867,,,,,,,,,,,,0.574,0.675,0.649,0.636,0
95.9,-0.9902,0.6387,103.2537,0.0,0.0058,101.0867,,,,,,,,,,,,0.574,0.675,0.649,0.636,0
95.92,-0.9902,0.6387,103.2537,0.0,0.0058,101.0867,,,,,,,,,,,,0.574,0.675,0.649,0.636,0
95.94,-0.9902,0.6387,103.2537,0.0,0.0058,101.0867,,,,,,,,,,,,0.574,0.675,0.649,0.636,0
95.96,1.885,1.0441,102.3251,0.0,0.003,98.3597,,,,,,,,,,,,0.574,0.675,0.649,0.636,0
95.98,1.885,1.0441,102.3251,0.0,0.003,98.3597,,,,,,,,,,,,0.615,0.624,0.596,0.695,0
96.0,1.885,1.0441,102.3251,0.0,0.003,98.3597,,,,,,,,,,,,0.615,0.624,0.596,0.695,0
96.02,1.885,1.0441,102.3251,0.0,0.003,98.3597,,,,,,,,,,,,0.615,0.624,0.596,0.695,0
96.04,1.885,1.0441,102.3251,0.0,0.003,98.3597,,,,,,,,,,,,0.615,0.624,0.596,0.695,0
96.06,3.6052,0.9577,100.4467,0.0,0.0015,95.2503,,,,,,,,,,,,0.615,0.624,0.596,0.695,0
96.08,3.6052,0.9577,100.4467,0.0,0.0015,95.2503,,,,,,,,,,,,0.632,0.603,0.6,0.697,0
96.1,3.6052,0.9577,100.4467,0.0,0.0015,95.2503,,,,,,,,,,,,0.632,0.603,0.6,0.697,0
96.12,3.6052,0.9577,100.4467,0.0,0.0015,95.2503,,,,,,,,,,,,0.632,0.603,0.6,0.697,0
96.14,3.6052,0.9577,100.4467,0.0,0.0015,95.2503,,,,,,,,,,,,0.632,0.603,0.6,0.697,0
96.16,1.8439,0.0514,97.3933,0.0,0.0008,91.8492,,,,,,,,,,,,0.632,0.603,0.6,0.697,0
96.18,1.8439,0.0514,97.3933,0.0,0.0008,91.8492,,,,,,,,,,,,0.567,0.669,0.671,0.619,0
96.2,1.8439,0.0514,97.3933,0.0,0.0008,91.8492,,,,,,,,,,,,0.567,0.669,0.671,0.619,0
96.22,1.8439,0.0514,97.3933,0.0,0.0008,91.8492,,,,,,,,,,,,0.567,0.669,0.671,0.619,0
96.24,1.8439,0.0514,97.3933,0.0,0.0008,91.8492,,,,,,,,,,,,0.567,0.669,0.671,0.619,0
96.26,-0.0921,0.0532,93.4562,0.0,0.0004,88.1658,,,,,,,,,,,,0.567,0.669,0.671,0.619,0
96.28,-0.0921,0.0532,93.4562,0.0,0.0004,88.1658,,,,,,,,,,,,0.66,0.592,0.534,0.728,0
96.3,-0.0921,0.0532,93.4562,0.0,0.0004,88.1658,,,,,,,,,,,,0.66,0.592,0.534,0.728,0
96.32,-0.0921,0.0532,93.4562,0.0,0.0004,88.1658,,,,,,,,,,,,0.66,0.592,0.534,0.728,0
96.34,-0.0921,0.0532,93.4562,0.0,0.0004,88.1658,,,,,,,,,,,,0.66,0.592,0.534,0.728,0
96.36,-4.0915,2.3033,88.5925,0.0,0.0002,85.8493,,,,,,,,,,,,0.66,0.592,0.534,0.728,0
96.38,-4.0915,2.3033,88.5925,0.0,0.0002,85.8493,,,,,,,,,,,,0.481,0.745,0.601,0.542,0
96.4,-4.0915,2.3033,88.5925,0.0,0.0002,85.8493,,,,,,,,,,,,0.481,0.745,0.601,0.542,0
96.42,-4.0915,2.3033,88.5925,0.0,0.0002,85.8493,,,,,,,,,,,,0.481,0.745,0.601,0.542,0
96.44,-4.0915,2.3033,88.5925,0.0,0.0002,85.8493,,,,,,,,,,,,0.481,0.745,0.601,0.542,0
96.46,-2.8084,1.035,83.5189,-0.0353,0.0001,85.0782,,,,,,,,,,,,0.481,0.745,0.601,0.542,0
96.48,-2.8084,1.035,83.5189,-0.0353,0.0001,85.0782,,,,,,,,,,,,0.563,0.486,0.402,0.261,0
96.5,-2.8084,1.035,83.5189,-0.0353,0.0001,85.0782,,,,,,,,,,,,0.563,0.486,0.402,0.261,0
96.52,-2.8084,1.035,83.5189,-0.0353,0.0001,85.0782,,,,,,,,,,,,0.563,0.486,0.402,0.261,0
96.54,-2.8084,1.035,83.5189,-0.0353,0.0001,85.0782,,,,,,,,,,,,0.563,0.486,0.402,0.261,0
96.56,-2.2919,-4.8375,78.9851,-0.2282,0.0,84.8111,,,,,,,,,,,,0.563,0.486,0.402,0.261,0
96.58,-2.2919,-4.8375,78.9851,-0.2282,0.0,84.8111,,,,,,,,,,,,0.3,0.384,0.268,0.15,0
96.6,-2.2919,-4.8375,78.9851,-0.2282,0.0,84.8111,,,,,,,,,,,,0.3,0.384,0.268,0.15,0
96.62,-2.2919,-4.8375,78.9851,-0.2282,0.0,84.8111,,,,,,,,,,,,0.3,0.384,0.268,0.15,0
96.64,-2.2919,-4.8375,78.9851,-0.2282,0.0,84.8111,,,,,,,,,,,,0.3,0.384,0.268,0.15,0
96.66,-2.2715,-5.9806,74.1221,-0.3852,-0.0,83.4032,,,,,,,,,,,,0.3,0.384,0.268,0.15,0
96.68,-2.2715,-5.9806,74.1221,-0.3852,-0.0,83.4032,,,,,,,,,,,,0.228,0.306,0.15,0.204,0
96.7,-2.2715,-5.9806,74.1221,-0.3852,-0.0,83.4032,,,,,,,,,,,,0.228,0.306,0.15,0.204,0
96.72,-2.2715,-5.9806,74.1221,-0.3852,-0.0,83.4032,,,,,,,,,,,,0.228,0.306,0.15,0.204,0
96.74,-2.2715,-5.9806,74.1221,-0.3852,-0.0,83.4032,,,,,,,,,,,,0.228,0.306,0.15,0.204,0
96.76,-3.2749,0.7404,69.7358,-0.5155,-0.0,81.2402,,,,,,,,,,,,0.228,0.306,0.15,0.204,0
96.78,-3.2749,0.7404,69.7358,-0.5155,-0.0,81.2402,,,,,,,,,,,,0.239,0.261,0.246,0.15,0
96.8,-3.2749,0.7404,69.7358,-0.5155,-0.0,81.2402,,,,,,,,,,,,0.239,0.261,0.246,0.15,0
96.82,-3.2749,0.7404,69.7358,-0.5155,-0.0,81.2402,,,,,,,,,,,,0.239,0.261,0.246,0.15,0
96.84,-3.2749,0.7404,69.7358,-0.5155,-0.0,81.2402,,,,,,,,,,,,0.239,0.261,0.246,0.15,0
96.86,-2.3825,1.5282,65.8937,-0.6596,-0.0,81.0945,,,,,,,,,,,,0.239,0.261,0.246,0.15,0
96.88,-2.3825,1.5282,65.8937,-0.6596,-0.0,81.0945,,,,,,,,,,,,0.288,0.24,0.15,0.215,0
96.9,-2.3825,1.5282,65.8937,-0.6596,-0.0,81.0945,,,,,,,,,,,,0.288,0.24,0.15,0.215,0
96.92,-2.3825,1.5282,65.8937,-0.6596,-0.0,81.0945,,,,,,,,,,,,0.288,0.24,0.15,0.215,0
96.94,-2.3825,1.5282,65.8937,-0.6596,-0.0,81.0945,,,,,,,,,,,,0.288,0.24,0.15,0.215,0
96.96,-2.463,0.3892,63.1183,-0.656,-0.0,81.0945,,,,,,,,,,,,0.288,0.24,0.15,0.215,0
96.98,-2.463,0.3892,63.1183,-0.656,-0.0,81.0945,,,,,,,,,,,,0.219,0.318,0.15,0.196,0
97.0,-2.463,0.3892,63.1183,-0.656,-0.0,81.0945,,,,,,,,,,,,0.219,0.318,0.15,0.196,0
97.02,-2.463,0.3892,63.1183,-0.656,-0.0,81.0945,,,,,,,,,,,,0.219,0.318,0.15,0.196,0
97.04,-2.463,0.3892,63.1183,-0.656,-0.0,81.0945,,,,,,,,,,,,0.219,0.318,0.15,0.196,0
97.06,-2.4046,0.8389,62.1522,-0.4785,-0.0,81.0945,,,,,,,,,,,,0.219,0.318,0.15,0.196,0
97.08,-2.4046,0.8389,62.1522,-0.4785,-0.0,81.0945,,,,,,,,,,,,0.256,0.306,0.15,0.169,0
97.1,-2.4046,0.8389,62.1522,-0.4785,-0.0,81.0945,,,,,,,,,,,,0.256,0.306,0.15,0.169,0
97.12,-2.4046,0.8389,62.1522,-0.4785,-0.0,81.0945,,,,,,,,,,,,0.256,0.306,0.15,0.169,0
97.14,-2.4046,0.8389,62.1522,-0.4785,-0.0,81.0945,,,,,,,,,,,,0.256,0.306,0.15,0.169,0
97.16,-2.4619,0.9421,62.737,-0.2453,-0.0,81.0945,,,,,,,,,,,,0.256,0.306,0.15,0.169,0
97.18,-2.4619,0.9421,62.737,-0.2453,-0.0,81.0945,,,,,,,,,,,,0.251,0.306,0.176,0.15,0
97.2,-2.4619,0.9421,62.737,-0.2453,-0.0,81.0945,,,,,,,,,,,,0.251,0.306,0.176,0.15,0
97.22,-2.4619,0.9421,62.737,-0.2453,-0.0,81.0945,,,,,,,,,,,,0.251,0.306,0.176,0.15,0
97.24,-2.4619,0.9421,62.737,-0.2453,-0.0,81.0945,,,,,,,,,,,,0.251,0.306,0.176,0.15,0
97.26,-2.4648,0.9528,62.8914,-0.1252,-0.0,81.0945,,,,,,,,,,,,0.251,0.306,0.176,0.15,0
97.28,-2.4648,0.9528,62.8914,-0.1252,-0.0,81.0945,,,,,,,,,,,,0.246,0.305,0.184,0.15,0
97.3,-2.4648,0.9528,62.8914,-0.1252,-0.0,81.0945,,,,,,,,,,,,0.246,0.305,0.184,0.15,0
97.32,-2.4648,0.9528,62.8914,-0.1252,-0.0,81.0945,,,,,,,,,,,,0.246,0.305,0.184,0.15,0
97.34,-2.4648,0.9528,62.8914,-0.1252,-0.0,81.0945,,,,,,,,,,,,0.246,0.305,0.184,0.15,0
97.36,-2.482,0.9531,63.1681,-0.0639,-0.0118,80.0938,,,,,,,,,,,,0.246,0.305,0.184,0.15,0
97.38,-2.482,0.9531,63.1681,-0.0639,-0.0118,80.0938,,,,,,,,,,,,0.243,0.3,0.194,0.15,0
97.4,-2.482,0.9531,63.1681,-0.0639,-0.0118,80.0938,,,,,,,,,,,,0.243,0.3,0.194,0.15,0
97.42,-2.482,0.9531,63.1681,-0.0639,-0.0118,80.0938,,,,,,,,,,,,0.243,0.3,0.194,0.15,0
97.44,-2.482,0.9531,63.1681,-0.0639,-0.0118,80.0938,,,,,,,,,,,,0.243,0.3,0.194,0.15,0
97.46,-2.4675,0.9808,63.6111,-0.0326,-0.006,79.8642,,,,,,,,,,,,0.243,0.3,0.194,0.15,0
97.48,-2.4675,0.9808,63.6111,-0.0326,-0.006,79.8642,,,,,,,,,,,,0.202,0.254,0.17,0.15,0
97.5,-2.4675,0.9808,63.6111,-0.0326,-0.006,79.8642,,,,,,,,,,,,0.202,0.254,0.17,0.15,0
97.52,-2.4675,0.9808,63.6111,-0.0326,-0.006,79.8642,,,,,,,,,,,,0.202,0.254,0.17,0.15,0
97.54,-2.4675,0.9808,63.6111,-0.0326,-0.006,79.8642,,,,,,,,,,,,0.202,0.254,0.17,0.15,0
97.56,-2.43,0.9725,63.5563,-0.0167,-0.0031,63.5563,,,,,,,,,,,,0.202,0.254,0.17,0.15,0
97.58,-2.43,0.9725,63.5563,-0.0167,-0.0031,63.5563,,,,,,,,,,,,0.123,0.123,0.123,0.123,0
97.6,-2.43,0.9725,63.5563,-0.0167,-0.0031,63.5563,,,,,,,,,,,,0.123,0.123,0.123,0.123,0
97.62,-2.43,0.9725,63.5563,-0.0167,-0.0031,63.5563,,,,,,,,,,,,0.123,0.123,0.123,0.123,0
97.64,-2.43,0.9725,63.5563,-0.0167,-0.0031,63.5563,,,,,,,,,,,,0.123,0.123,0.123,0.123,0
97.66,-2.372,0.9342,64.0618,-0.0085,-0.0016,64.0618,,,,,,,,,,,,0.123,0.123,0.123,0.123,0
97.68,-2.372,0.9342,64.0618,-0.0085,-0.0016,64.0618,,,,,,,,,,,,0.1,0.1,0.1,0.1,0
97.7,-2.372,0.9342,64.0618,-0.0085,-0.0016,64.0618,,,,,,,,,,,,0.1,0.1,0.1,0.1,0
97.72,-2.372,0.9342,64.0618,-0.0085,-0.0016,64.0618,,,,,,,,,,,,0.1,0.1,0.1,0.1,0
97.74,-2.372,0.9342,64.0618,-0.0085,-0.0016,64.0618,,,,,,,,,,,,0.1,0.1,0.1,0.1,0
97.76,-2.4376,0.9226,64.2815,-0.0043,-0.0008,64.2815,,,,,,,,,,,,0.1,0.1,0.1,0.1,0
97.78,-2.4376,0.9226,64.2815,-0.0043,-0.0008,64.2815,,,,,,,,,,,,0.0,0.0,0.0,0.0,0
97.8,-2.4376,0.9226,64.2815,-0.0043,-0.0008,64.2815,,,,,,,,,,,,0.0,0.0,0.0,0.0,0
97.82,-2.4376,0.9226,64.2815,-0.0043,-0.0008,64.2815,,,,,,,,,,,,0.0,0.0,0.0,0.0,0
97.84,-2.4376,0.9226,64.2815,-0.0043,-0.0008,64.2815,,,,,,,,,,,,0.0,0.0,0.0,0.0,0
97.86,-2.38,0.9111,64.4649,-0.0022,-0.0004,64.4649,,,,,,,,,,,,0.0,0.0,0.0,0.0,0
97.88,-2.38,0.9111,64.4649,-0.0022,-0.0004,64.4649,,,,,,,,,,,,0.0,0.0,0.0,0.0,0
97.9,-2.38,0.9111,64.4649,-0.0022,-0.0004,64.4649,,,,,,,,,,,,0.0,0.0,0.0,0.0,0
97.92,-2.38,0.9111,64.4649,-0.0022,-0.0004,64.4649,,,,,,,,,,,,0.0,0.0,0.0,0.0,0
97.94,-2.38,0.9111,64.4649,-0.0022,-0.0004,64.4649,,,,,,,,,,,,0.0,0.0,0.0,0.0,0
97.96,-2.3901,0.9149,64.953,-0.0011,-0.0002,64.953,,,,,,,,,,,,0.0,0.0,0.0,0.0,0
97.98,-2.3901,0.9149,64.953,-0.0011,-0.0002,64.953,,,,,,,,,,,,0.0,0.0,0.0,0.0,0
98.0,-2.3901,0.9149,64.953,-0.0011,-0.0002,64.953,,,,,,,,,,,,0.0,0.0,0.0,0.0,0
98.02,-2.3901,0.9149,64.953,-0.0011,-0.0002,64.953,,,,,,,,,,,,0.0,0.0,0.0,0.0,0
98.04,-2.3901,0.9149,64.953,-0.0011,-0.0002,64.953,,,,,,,,,,,,0.0,0.0,0.0,0.0,0
98.06,-2.4212,0.9302,64.9825,-0.0006,-0.0001,64.9825,,,,,,,,,,,,0.0,0.0,0.0,0.0,0
98.08,-2.4212,0.9302,64.9825,-0.0006,-0.0001,64.9825,,,,,,,,,,,,0.0,0.0,0.0,0.0,0
98.1,-2.4212,0.9302,64.9825,-0.0006,-0.0001,64.9825,,,,,,,,,,,,0.0,0.0,0.0,0.0,0
98.12,-2.4212,0.9302,64.9825,-0.0006,-0.0001,64.9825,,,,,,,,,,,,0.0,0.0,0.0,0.0,0
98.14,-2.4212,0.9302,64.9825,-0.0006,-0.0001,64.9825,,,,,,,,,,,,0.0,0.0,0.0,0.0,0
98.16,-2.4092,0.9332,65.4502,-0.0004,-0.0001,65.4502,,,,,,,,,,,,0.0,0.0,0.0,0.0,0
98.18,-2.4092,0.9332,65.4502,-0.0004,-0.0001,65.4502,,,,,,,,,,,,0.0,0.0,0.0,0.0,0
98.2,-2.4092,0.9332,65.4502,-0.0004,-0.0001,65.4502,,,,,,,,,,,,0.0,0.0,0.0,0.0,0
98.22,-2.4092,0.9332,65.4502,-0.0004,-0.0001,65.4502,,,,,,,,,,,,0.0,0.0,0.0,0.0,0
98.24,-2.4092,0.9332,65.4502,-0.0004,-0.0001,65.4502,,,,,,,,,,,,0.0,0.0,0.0,0.0,0
98.26,-2.4146,0.932,65.6337,-0.0004,-0.0001,65.6337,,,,,,,,,,,,0.0,0.0,0.0,0.0,0
98.28,-2.4146,0.932,65.6337,-0.0004,-0.0001,65.6337,,,,,,,,,,,,0.0,0.0,0.0,0.0,0
98.3,-2.4146,0.932,65.6337,-0.0004,-0.0001,65.6337,,,,,,,,,,,,0.0,0.0,0.0,0.0,0
98.32,-2.4146,0.932,65.6337,-0.0004,-0.0001,65.6337,,,,,,,,,,,,0.0,0.0,0.0,0.0,0
98.34,-2.4146,0.932,65.6337,-0.0004,-0.0001,65.6337,,,,,,,,,,,,0.0,0.0,0.0,0.0,0
98.36,-2.4142,0.9401,65.8535,-0.0004,-0.0001,65.8535,,,,,,,,,,,,0.0,0.0,0.0,0.0,0
98.38,-2.4142,0.9401,65.8535,-0.0004,-0.0001,65.8535,,,,,,,,,,,,0.0,0.0,0.0,0.0,0
98.4,-2.4142,0.9401,65.8535,-0.0004,-0.0001,65.8535,,,,,,,,,,,,0.0,0.0,0.0,0.0,0
98.42,-2.4142,0.9401,65.8535,-0.0004,-0.0001,65.8535,,,,,,,,,,,,0.0,0.0,0.0,0.0,0
98.44,-2.4142,0.9401,65.8535,-0.0004,-0.0001,65.8535,,,,,,,,,,,,0.0,0.0,0.0,0.0,0
98.46,-2.4009,0.9327,66.2445,-0.0004,-0.0001,66.2445,,,,,,,,,,,,0.0,0.0,0.0,0.0,0
98.48,-2.4009,0.9327,66.2445,-0.0004,-0.0001,66.2445,,,,,,,,,,,,0.0,0.0,0.0,0.0,0
98.5,-2.4009,0.9327,66.2445,-0.0004,-0.0001,66.2445,,,,,,,,,,,,0.0,0.0,0.0,0.0,0
98.52,-2.4009,0.9327,66.2445,-0.0004,-0.0001,66.2445,,,,,,,,,,,,0.0,0.0,0.0,0.0,0
98.54,-2.4009,0.9327,66.2445,-0.0004,-0.0001,66.2445,,,,,,,,,,,,0.0,0.0,0.0,0.0,0
98.56,-2.3886,0.928,66.3505,-0.0004,-0.0001,66.3505,,,,,,,,,,,,0.0,0.0,0.0,0.0,0
98.58,-2.3886,0.928,66.3505,-0.0004,-0.0001,66.3505,,,,,,,,,,,,0.0,0.0,0.0,0.0,0
98.6,-2.3886,0.928,66.3505,-0.0004,-0.0001,66.3505,,,,,,,,,,,,0.0,0.0,0.0,0.0,0
98.62,-2.3886,0.928,66.3505,-0.0004,-0.0001,66.3505,,,,,,,,,,,,0.0,0.0,0.0,0.0,0
98.64,-2.3886,0.928,66.3505,-0.0004,-0.0001,66.3505,,,,,,,,,,,,0.0,0.0,0.0,0.0,0
98.66,-2.3956,0.918,66.7405,-0.0004,-0.0001,66.7405,,,,,,,,,,,,0.0,0.0,0.0,0.0,0
98.68,-2.3956,0.918,66.7405,-0.0004,-0.0001,66.7405,,,,,,,,,,,,0.0,0.0,0.0,0.0,0
98.7,-2.3956,0.918,66.7405,-0.0004,-0.0001,66.7405,,,,,,,,,,,,0.0,0.0,0.0,0.0,0
98.72,-2.3956,0.918,66.7405,-0.0004,-0.0001,66.7405,,,,,,,,,,,,0.0,0.0,0.0,0.0,0
98.74,-2.3956,0.918,66.7405,-0.0004,-0.0001,66.7405,,,,,,,,,,,,0.0,0.0,0.0,0.0,0
98.76,-2.4135,0.9279,66.9066,-0.0004,-0.0001,66.9066,,,,,,,,,,,,0.0,0.0,0.0,0.0,0
98.78,-2.4135,0.9279,66.9066,-0.0004,-0.0001,66.9066,,,,,,,,,,,,0.0,0.0,0.0,0.0,0
98.8,-2.4135,0.9279,66.9066,-0.0004,-0.0001,66.9066,,,,,,,,,,,,0.0,0.0,0.0,0.0,0
98.82,-2.4135,0.9279,66.9066,-0.0004,-0.0001,66.9066,,,,,,,,,,,,0.0,0.0,0.0,0.0,0
98.84,-2.4135,0.9279,66.9066,-0.0004,-0.0001,66.9066,,,,,,,,,,,,0.0,0.0,0.0,0.0,0
98.86,-2.4095,0.9324,67.1527,-0.0004,-0.0001,67.1527,,,,,,,,,,,,0.0,0.0,0.0,0.0,0
98.88,-2.4095,0.9324,67.1527,-0.0004,-0.0001,67.1527,,,,,,,,,,,,0.0,0.0,0.0,0.0,0
98.9,-2.4095,0.9324,67.1527,-0.0004,-0.0001,67.1527,,,,,,,,,,,,0.0,0.0,0.0,0.0,0
98.92,-2.4095,0.9324,67.1527,-0.0004,-0.0001,67.1527,,,,,,,,,,,,0.0,0.0,0.0,0.0,0
98.94,-2.4095,0.9324,67.1527,-0.0004,-0.0001,67.1527,,,,,,,,,,,,0.0,0.0,0.0,0.0,0
98.96,-2.3966,0.9341,67.4728,-0.0004,-0.0001,67.4728,,,,,,,,,,,,0.0,0.0,0.0,0.0,0
98.98,-2.3966,0.9341,67.4728,-0.0004,-0.0001,67.4728,,,,,,,,,,,,0.0,0.0,0.0,0.0,0
99.0,-2.3966,0.9341,67.4728,-0.0004,-0.0001,67.4728,,,,,,,,,,,,0.0,0.0,0.0,0.0,0
99.02,-2.3966,0.9341,67.4728,-0.0004,-0.0001,67.4728,,,,,,,,,,,,0.0,0.0,0.0,0.0,0
99.04,-2.3966,0.9341,67.4728,-0.0004,-0.0001,67.4728,,,,,,,,,,,,0.0,0.0,0.0,0.0,0
99.06,-2.404,0.9421,67.5814,-0.0004,-0.0001,67.5814,,,,,,,,,,,,0.0,0.0,0.0,0.0,0
99.08,-2.404,0.9421,67.5814,-0.0004,-0.0001,67.5814,,,,,,,,,,,,0.0,0.0,0.0,0.0,0
99.1,-2.404,0.9421,67.5814,-0.0004,-0.0001,67.5814,,,,,,,,,,,,0.0,0.0,0.0,0.0,0
99.12,-2.404,0.9421,67.5814,-0.0004,-0.0001,67.5814,,,,,,,,,,,,0.0,0.0,0.0,0.0,0
99.14,-2.404,0.9421,67.5814,-0.0004,-0.0001,67.5814,,,,,,,,,,,,0.0,0.0,0.0,0.0,0
99.16,-2.4022,0.927,67.9466,-0.0004,-0.0001,67.9466,,,,,,,,,,,,0.0,0.0,0.0,0.0,0
99.18,-2.4022,0.927,67.9466,-0.0004,-0.0001,67.9466,,,,,,,,,,,,0.0,0.0,0.0,0.0,0
99.2,-2.4022,0.927,67.9466,-0.0004,-0.0001,67.9466,,,,,,,,,,,,0.0,0.0,0.0,0.0,0
99.22,-2.4022,0.927,67.9466,-0.0004,-0.0001,67.9466,,,,,,,,,,,,0.0,0.0,0.0,0.0,0
99.24,-2.4022,0.927,67.9466,-0.0004,-0.0001,67.9466,,,,,,,,,,,,0.0,0.0,0.0,0.0,0
99.26,-2.4184,0.9201,68.092,-0.0004,-0.0001,68.092,,,,,,,,,,,,0.0,0.0,0.0,0.0,0
99.28,-2.4184,0.9201,68.092,-0.0004,-0.0001,68.092,,,,,,,,,,,,0.0,0.0,0.0,0.0,0
99.3,-2.4184,0.9201,68.092,-0.0004,-0.0001,68.092,,,,,,,,,,,,0.0,0.0,0.0,0.0,0
99.32,-2.4184,0.9201,68.092,-0.0004,-0.0001,68.092,,,,,,,,,,,,0.0,0.0,0.0,0.0,0
99.34,-2.4184,0.9201,68.092,-0.0004,-0.0001,68.092,,,,,,,,,,,,0.0,0.0,0.0,0.0,0
99.36,-2.421,0.911,68.3258,-0.0004,-0.0001,68.3258,,,,,,,,,,,,0.0,0.0,0.0,0.0,0
99.38,-2.421,0.911,68.3258,-0.0004,-0.0001,68.3258,,,,,,,,,,,,0.0,0.0,0.0,0.0,0
99.4,-2.421,0.911,68.3258,-0.0004,-0.0001,68.3258,,,,,,,,,,,,0.0,0.0,0.0,0.0,0
99.42,-2.421,0.911,68.3258,-0.0004,-0.0001,68.3258,,,,,,,,,,,,0.0,0.0,0.0,0.0,0
99.44,-2.421,0.911,68.3258,-0.0004,-0.0001,68.3258,,,,,,,,,,,,0.0,0.0,0.0,0.0,0
99.46,-2.4231,0.9113,68.5778,-0.0004,-0.0001,68.5778,,,,,,,,,,,,0.0,0.0,0.0,0.0,0
99.48,-2.4231,0.9113,68.5778,-0.0004,-0.0001,68.5778,,,,,,,,,,,,0.0,0.0,0.0,0.0,0
99.5,-2.4231,0.9113,68.5778,-0.0004,-0.0001,68.5778,,,,,,,,,,,,0.0,0.0,0.0,0.0,0
99.52,-2.4231,0.9113,68.5778,-0.0004,-0.0001,68.5778,,,,,,,,,,,,0.0,0.0,0.0,0.0,0
99.54,-2.4231,0.9113,68.5778,-0.0004,-0.0001,68.5778,,,,,,,,,,,,0.0,0.0,0.0,0.0,0
99.56,-2.429,0.9174,68.712,-0.0004,-0.0001,68.712,,,,,,,,,,,,0.0,0.0,0.0,0.0,0
99.58,-2.429,0.9174,68.712,-0.0004,-0.0001,68.712,,,,,,,,,,,,0.0,0.0,0.0,0.0,0
99.6,-2.429,0.9174,68.712,-0.0004,-0.0001,68.712,,,,,,,,,,,,0.0,0.0,0.0,0.0,0
99.62,-2.429,0.9174,68.712,-0.0004,-0.0001,68.712,,,,,,,,,,,,0.0,0.0,0.0,0.0,0
99.64,-2.429,0.9174,68.712,-0.0004,-0.0001,68.712,,,,,,,,,,,,0.0,0.0,0.0,0.0,0
99.66,-2.4323,0.9143,69.0017,-0.0004,-0.0001,69.0017,,,,,,,,,,,,0.0,0.0,0.0,0.0,0
99.68,-2.4323,0.9143,69.0017,-0.0004,-0.0001,69.0017,,,,,,,,,,,,0.0,0.0,0.0,0.0,0
99.7,-2.4323,0.9143,69.0017,-0.0004,-0.0001,69.0017,,,,,,,,,,,,0.0,0.0,0.0,0.0,0
99.72,-2.4323,0.9143,69.0017,-0.0004,-0.0001,69.0017,,,,,,,,,,,,0.0,0.0,0.0,0.0,0
99.74,-2.4323,0.9143,69.0017,-0.0004,-0.0001,69.0017,,,,,,,,,,,,0.0,0.0,0.0,0.0,0
99.76,-2.4451,0.9121,69.1763,-0.0004,-0.0001,69.1763,,,,,,,,,,,,0.0,0.0,0.0,0.0,0
99.78,-2.4451,0.9121,69.1763,-0.0004,-0.0001,69.1763,,,,,,,,,,,,0.0,0.0,0.0,0.0,0
99.8,-2.4451,0.9121,69.1763,-0.0004,-0.0001,69.1763,,,,,,,,,,,,0.0,0.0,0.0,0.0,0
99.82,-2.4451,0.9121,69.1763,-0.0004,-0.0001,69.1763,,,,,,,,,,,,0.0,0.0,0.0,0.0,0
99.84,-2.4451,0.9121,69.1763,-0.0004,-0.0001,69.1763,,,,,,,,,,,,0.0,0.0,0.0,0.0,0
99.86,-2.4586,0.9028,69.4132,-0.0004,-0.0001,69.4132,,,,,,,,,,,,0.0,0.0,0.0,0.0,0
99.88,-2.4586,0.9028,69.4132,-0.0004,-0.0001,69.4132,,,,,,,,,,,,0.0,0.0,0.0,0.0,0
99.9,-2.4586,0.9028,69.4132,-0.0004,-0.0001,69.4132,,,,,,,,,,,,0.0,0.0,0.0,0.0,0
99.92,-2.4586,0.9028,69.4132,-0.0004,-0.0001,69.4132,,,,,,,,,,,,0.0,0.0,0.0,0.0,0
99.94,-2.4586,0.9028,69.4132,-0.0004,-0.0001,69.4132,,,,,,,,,,,,0.0,0.0,0.0,0.0,0
99.96,-2.4668,0.8899,69.6274,-0.0004,-0.0001,69.6274,,,,,,,,,,,,0.0,0.0,0.0,0.0,0
99.98,-2.4668,0.8899,69.6274,-0.0004,-0.0001,69.6274,,,,,,,,,,,,0.0,0.0,0.0,0.0,0
100.0,-2.4668,0.8899,69.6274,-0.0004,-0.0001,69.6274,,,,,,,,,,,,0.0,0.0,0.0,0.0,0
100.02,-2.4668,0.8899,69.6274,-0.0004,-0.0001,69.6274,,,,,,,,,,,,0.0,0.0,0.0,0.0,0
100.04,-2.4668,0.8899,69.6274,-0.0004,-0.0001,69.6274,,,,,,,,,,,,0.0,0.0,0.0,0.0,0
100.06,-2.4716,0.8827,69.7971,-0.0004,-0.0001,69.7971,,,,,,,,,,,,0.0,0.0,0.0,0.0,0
100.08,-2.4716,0.8827,69.7971,-0.0004,-0.0001,69.7971,,,,,,,,,,,,0.0,0.0,0.0,0.0,0
100.1,-2.4716,0.8827,69.7971,-0.0004,-0.0001,69.7971,,,,,,,,,,,,0.0,0.0,0.0,0.0,0
100.12,-2.4716,0.8827,69.7971,-0.0004,-0.0001,69.7971,,,,,,,,,,,,0.0,0.0,0.0,0.0,0
100.14,-2.4716,0.8827,69.7971,-0.0004,-0.0001,69.7971,,,,,,,,,,,,0.0,0.0,0.0,0.0,0
100.16,-2.4744,0.8689,70.041,-0.0004,-0.0001,70.041,,,,,,,,,,,,0.0,0.0,0.0,0.0,0
100.18,-2.4744,0.8689,70.041,-0.0004,-0.0001,70.041,,,,,,,,,,,,0.0,0.0,0.0,0.0,0
100.2,-2.4744,0.8689,70.041,-0.0004,-0.0001,70.041,,,,,,,,,,,,0.0,0.0,0.0,0.0,0
100.22,-2.4744,0.8689,70.041,-0.0004,-0.0001,70.041,,,,,,,,,,,,0.0,0.0,0.0,0.0,0
100.24,-2.4744,0.8689,70.041,-0.0004,-0.0001,70.041,,,,,,,,,,,,0.0,0.0,0.0,0.0,0
100.26,-2.4888,0.8635,70.2,-0.0004,-0.0001,70.2,,,,,,,,,,,,0.0,0.0,0.0,0.0,0
100.28,-2.4888,0.8635,70.2,-0.0004,-0.0001,70.2,,,,,,,,,,,,0.0,0.0,0.0,0.0,0
100.3,-2.4888,0.8635,70.2,-0.0004,-0.0001,70.2,,,,,,,,,,,,0.0,0.0,0.0,0.0,0
100.32,-2.4888,0.8635,70.2,-0.0004,-0.0001,70.2,,,,,,,,,,,,0.0,0.0,0.0,0.0,0
100.34,-2.4888,0.8635,70.2,-0.0004,-0.0001,70.2,,,,,,,,,,,,0.0,0.0,0.0,0.0,0
100.36,-2.5031,0.8581,70.418,-0.0004,-0.0001,70.4181,,,,,,,,,,,,0.0,0.0,0.0,0.0,0
100.38,-2.5031,0.8581,70.418,-0.0004,-0.0001,70.4181,,,,,,,,,,,,0.0,0.0,0.0,0.0,0
100.4,-2.5031,0.8581,70.418,-0.0004,-0.0001,70.4181,,,,,,,,,,,,0.0,0.0,0.0,0.0,0
100.42,-2.5031,0.8581,70.418,-0.0004,-0.0001,70.4181,,,,,,,,,,,,0.0,0.0,0.0,0.0,0
100.44,-2.5031,0.8581,70.418,-0.0004,-0.0001,70.4181,,,,,,,,,,,,0.0,0.0,0.0,0.0,0
100.46,-2.5179,0.8462,70.6163,-0.0004,-0.0001,70.6163,,,,,,,,,,,,0.0,0.0,0.0,0.0,0
100.48,-2.5179,0.8462,70.6163,-0.0004,-0.0001,70.6163,,,,,,,,,,,,0.0,0.0,0.0,0.0,0
100.5,-2.5179,0.8462,70.6163,-0.0004,-0.0001,70.6163,,,,,,,,,,,,0.0,0.0,0.0,0.0,0
100.52,-2.5179,0.8462,70.6163,-0.0004,-0.0001,70.6163,,,,,,,,,,,,0.0,0.0,0.0,0.0,0
100.54,-2.5179,0.8462,70.6163,-0.0004,-0.0001,70.6163,,,,,,,,,,,,0.0,0.0,0.0,0.0,0
100.56,-2.5319,0.8395,70.7844,-0.0004,-0.0001,70.7844,,,,,,,,,,,,0.0,0.0,0.0,0.0,0
100.58,-2.5319,0.8395,70.7844,-0.0004,-0.0001,70.7844,,,,,,,,,,,,0.0,0.0,0.0,0.0,0
100.6,-2.5319,0.8395,70.7844,-0.0004,-0.0001,70.7844,,,,,,,,,,,,0.0,0.0,0.0,0.0,0
100.62,-2.5319,0.8395,70.7844,-0.0004,-0.0001,70.7844,,,,,,,,,,,,0.0,0.0,0.0,0.0,0
100.64,-2.5319,0.8395,70.7844,-0.0004,-0.0001,70.7844,,,,,,,,,,,,0.0,0.0,0.0,0.0,0
100.66,-2.5383,0.8305,71.0095,-0.0004,-0.0001,71.0095,,,,,,,,,,,,0.0,0.0,0.0,0.0,0
100.68,-2.5383,0.8305,71.0095,-0.0004,-0.0001,71.0095,,,,,,,,,,,,0.0,0.0,0.0,0.0,0
100.7,-2.5383,0.8305,71.0095,-0.0004,-0.0001,71.0095,,,,,,,,,,,,0.0,0.0,0.0,0.0,0
100.72,-2.5383,0.8305,71.0095,-0.0004,-0.0001,71.0095,,,,,,,,,,,,0.0,0.0,0.0,0.0,0
100.74,-2.5383,0.8305,71.0095,-0.0004,-0.0001,71.0095,,,,,,,,,,,,0.0,0.0,0.0,0.0,0
100.76,-2.5504,0.8228,71.1635,-0.0004,-0.0001,71.1635,,,,,,,,,,,,0.0,0.0,0.0,0.0,0
100.78,-2.5504,0.8228,71.1635,-0.0004,-0.0001,71.1635,,,,,,,,,,,,0.0,0.0,0.0,0.0,0
100.8,-2.5504,0.8228,71.1635,-0.0004,-0.0001,71.1635,,,,,,,,,,,,0.0,0.0,0.0,0.0,0
100.82,-2.5504,0.8228,71.1635,-0.0004,-0.0001,71.1635,,,,,,,,,,,,0.0,0.0,0.0,0.0,0
100.84,-2.5504,0.8228,71.1635,-0.0004,-0.0001,71.1635,,,,,,,,,,,,0.0,0.0,0.0,0.0,0
100.86,-2.565,0.811,71.3686,-0.0004,-0.0001,71.3686,,,,,,,,,,,,0.0,0.0,0.0,0.0,0
100.88,-2.565,0.811,71.3686,-0.0004,-0.0001,71.3686,,,,,,,,,,,,0.0,0.0,0.0,0.0,0
100.9,-2.565,0.811,71.3686,-0.0004,-0.0001,71.3686,,,,,,,,,,,,0.0,0.0,0.0,0.0,0
100.92,-2.565,0.811,71.3686,-0.0004,-0.0001,71.3686,,,,,,,,,,,,0.0,0.0,0.0,0.0,0
100.94,-2.565,0.811,71.3686,-0.0004,-0.0001,71.3686,,,,,,,,,,,,0.0,0.0,0.0,0.0,0
100.96,-2.5803,0.7994,71.5508,-0.0004,-0.0001,71.5508,,,,,,,,,,,,0.0,0.0,0.0,0.0,0
100.98,-2.5803,0.7994,71.5508,-0.0004,-0.0001,71.5508,,,,,,,,,,,,0.0,0.0,0.0,0.0,0
101.0,-2.5803,0.7994,71.5508,-0.0004,-0.0001,71.5508,,,,,,,,,,,,0.0,0.0,0.0,0.0,0
101.02,-2.5803,0.7994,71.5508,-0.0004,-0.0001,71.5508,,,,,,,,,,,,0.0,0.0,0.0,0.0,0
101.04,-2.5803,0.7994,71.5508,-0.0004,-0.0001,71.5508,,,,,,,,,,,,0.0,0.0,0.0,0.0,0
101.06,-2.5916,0.7897,71.7092,-0.0004,-0.0001,71.7092,,,,,,,,,,,,0.0,0.0,0.0,0.0,0
101.08,-2.5916,0.7897,71.7092,-0.0004,-0.0001,71.7092,,,,,,,,,,,,0.0,0.0,0.0,0.0,0
101.1,-2.5916,0.7897,71.7092,-0.0004,-0.0001,71.7092,,,,,,,,,,,,0.0,0.0,0.0,0.0,0
101.12,-2.5916,0.7897,71.7092,-0.0004,-0.0001,71.7092,,,,,,,,,,,,0.0,0.0,0.0,0.0,0
101.14,-2.5916,0.7897,71.7092,-0.0004,-0.0001,71.7092,,,,,,,,,,,,0.0,0.0,0.0,0.0,0
101.16,-2.6027,0.7779,71.9159,-0.0004,-0.0001,71.9159,,,,,,,,,,,,0.0,0.0,0.0,0.0,0
101.18,-2.6027,0.7779,71.9159,-0.0004,-0.0001,71.9159,,,,,,,,,,,,0.0,0.0,0.0,0.0,0
101.2,-2.6027,0.7779,71.9159,-0.0004,-0.0001,71.9159,,,,,,,,,,,,0.0,0.0,0.0,0.0,0
101.22,-2.6027,0.7779,71.9159,-0.0004,-0.0001,71.9159,,,,,,,,,,,,0.0,0.0,0.0,0.0,0
101.24,-2.6027,0.7779,71.9159,-0.0004,-0.0001,71.9159,,,,,,,,,,,,0.0,0.0,0.0,0.0,0
101.26,-2.6133,0.7723,72.0588,-0.0004,-0.0001,72.0588,,,,,,,,,,,,0.0,0.0,0.0,0.0,0
101.28,-2.6133,0.7723,72.0588,-0.0004,-0.0001,72.0588,,,,,,,,,,,,0.0,0.0,0.0,0.0,0
101.3,-2.6133,0.7723,72.0588,-0.0004,-0.0001,72.0588,,,,,,,,,,,,0.0,0.0,0.0,0.0,0
101.32,-2.6133,0.7723,72.0588,-0.0004,-0.0001,72.0588,,,,,,,,,,,,0.0,0.0,0.0,0.0,0
101.34,-2.6133,0.7723,72.0588,-0.0004,-0.0001,72.0588,,,,,,,,,,,,0.0,0.0,0.0,0.0,0
101.36,-2.6267,0.7621,72.2511,-0.0004,-0.0001,72.2511,,,,,,,,,,,,0.0,0.0,0.0,0.0,0
101.38,-2.6267,0.7621,72.2511,-0.0004,-0.0001,72.2511,,,,,,,,,,,,0.0,0.0,0.0,0.0,0
101.4,-2.6267,0.7621,72.2511,-0.0004,-0.0001,72.2511,,,,,,,,,,,,0.0,0.0,0.0,0.0,0
101.42,-2.6267,0.7621,72.2511,-0.0004,-0.0001,72.2511,,,,,,,,,,,,0.0,0.0,0.0,0.0,0
101.44,-2.6267,0.7621,72.2511,-0.0004,-0.0001,72.2511,,,,,,,,,,,,0.0,0.0,0.0,0.0,0
101.46,-2.6392,0.751,72.4147,-0.0004,-0.0001,72.4147,,,,,,,,,,,,0.0,0.0,0.0,0.0,0
101.48,-2.6392,0.751,72.4147,-0.0004,-0.0001,72.4147,,,,,,,,,,,,0.0,0.0,0.0,0.0,0
101.5,-2.6392,0.751,72.4147,-0.0004,-0.0001,72.4147,,,,,,,,,,,,0.0,0.0,0.0,0.0,0
101.52,-2.6392,0.751,72.4147,-0.0004,-0.0001,72.4147,,,,,,,,,,,,0.0,0.0,0.0,0.0,0
101.54,-2.6392,0.751,72.4147,-0.0004,-0.0001,72.4147,,,,,,,,,,,,0.0,0.0,0.0,0.0,0
101.56,-2.6486,0.7426,72.5734,-0.0004,-0.0001,72.5734,,,,,,,,,,,,0.0,0.0,0.0,0.0,0
101.58,-2.6486,0.7426,72.5734,-0.0004,-0.0001,72.5734,,,,,,,,,,,,0.0,0.0,0.0,0.0,0
101.6,-2.6486,0.7426,72.5734,-0.0004,-0.0001,72.5734,,,,,,,,,,,,0.0,0.0,0.0,0.0,0
101.62,-2.6486,0.7426,72.5734,-0.0004,-0.0001,72.5734,,,,,,,,,,,,0.0,0.0,0.0,0.0,0
101.64,-2.6486,0.7426,72.5734,-0.0004,-0.0001,72.5734,,,,,,,,,,,,0.0,0.0,0.0,0.0,0
101.66,-2.6576,0.729,72.7687,-0.0004,-0.0001,72.7687,,,,,,,,,,,,0.0,0.0,0.0,0.0,0
101.68,-2.6576,0.729,72.7687,-0.0004,-0.0001,72.7687,,,,,,,,,,,,0.0,0.0,0.0,0.0,0
101.7,-2.6576,0.729,72.7687,-0.0004,-0.0001,72.7687,,,,,,,,,,,,0.0,0.0,0.0,0.0,0
101.72,-2.6576,0.729,72.7687,-0.0004,-0.0001,72.7687,,,,,,,,,,,,0.0,0.0,0.0,0.0,0
101.74,-2.6576,0.729,72.7687,-0.0004,-0.0001,72.7687,,,,,,,,,,,,0.0,0.0,0.0,0.0,0
101.76,-2.6667,0.7194,72.9035,-0.0004,-0.0001,72.9035,,,,,,,,,,,,0.0,0.0,0.0,0.0,0
101.78,-2.6667,0.7194,72.9035,-0.0004,-0.0001,72.9035,,,,,,,,,,,,0.0,0.0,0.0,0.0,0
101.8,-2.6667,0.7194,72.9035,-0.0004,-0.0001,72.9035,,,,,,,,,,,,0.0,0.0,0.0,0.0,0
101.82,-2.6667,0.7194,72.9035,-0.0004,-0.0001,72.9035,,,,,,,,,,,,0.0,0.0,0.0,0.0,0
101.84,-2.6667,0.7194,72.9035,-0.0004,-0.0001,72.9035,,,,,,,,,,,,0.0,0.0,0.0,0.0,0
101.86,-2.6766,0.7098,73.0811,-0.0004,-0.0001,73.0811,,,,,,,,,,,,0.0,0.0,0.0,0.0,0
101.88,-2.6766,0.7098,73.0811,-0.0004,-0.0001,73.0811,,,,,,,,,,,,0.0,0.0,0.0,0.0,0
101.9,-2.6766,0.7098,73.0811,-0.0004,-0.0001,73.0811,,,,,,,,,,,,0.0,0.0,0.0,0.0,0
101.92,-2.6766,0.7098,73.0811,-0.0004,-0.0001,73.0811,,,,,,,,,,,,0.0,0.0,0.0,0.0,0
101.94,-2.6766,0.7098,73.0811,-0.0004,-0.0001,73.0811,,,,,,,,,,,,0.0,0.0,0.0,0.0,0
101.96,-2.6796,0.7039,73.231,-0.0004,-0.0001,73.231,,,,,,,,,,,,0.0,0.0,0.0,0.0,0
101.98,-2.6796,0.7039,73.231,-0.0004,-0.0001,73.231,,,,,,,,,,,,0.0,0.0,0.0,0.0,0
102.0,-2.6796,0.7039,73.231,-0.0004,-0.0001,73.231,,,,,,,,,,,,0.0,0.0,0.0,0.0,0
102.02,-2.6796,0.7039,73.231,-0.0004,-0.0001,73.231,,,,,,,,,,,,0.0,0.0,0.0,0.0,0
102.04,-2.6796,0.7039,73.231,-0.0004,-0.0001,73.231,,,,,,,,,,,,0.0,0.0,0.0,0.0,0
102.06,-2.6883,0.7019,73.375,-0.0004,-0.0001,73.375,,,,,,,,,,,,0.0,0.0,0.0,0.0,0
102.08,-2.6883,0.7019,73.375,-0.0004,-0.0001,73.375,,,,,,,,,,,,0.0,0.0,0.0,0.0,0
102.1,-2.6883,0.7019,73.375,-0.0004,-0.0001,73.375,,,,,,,,,,,,0.0,0.0,0.0,0.0,0
102.12,-2.6883,0.7019,73.375,-0.0004,-0.0001,73.375,,,,,,,,,,,,0.0,0.0,0.0,0.0,0
102.14,-2.6883,0.7019,73.375,-0.0004,-0.0001,73.375,,,,,,,,,,,,0.0,0.0,0.0,0.0,0
102.16,-2.6947,0.6978,73.548,-0.0004,-0.0001,73.548,,,,,,,,,,,,0.0,0.0,0.0,0.0,0
102.18,-2.6947,0.6978,73.548,-0.0004,-0.0001,73.548,,,,,,,,,,,,0.0,0.0,0.0,0.0,0
102.2,-2.6947,0.6978,73.548,-0.0004,-0.0001,73.548,,,,,,,,,,,,0.0,0.0,0.0,0.0,0
102.22,-2.6947,0.6978,73.548,-0.0004,-0.0001,73.548,,,,,,,,,,,,0.0,0.0,0.0,0.0,0
102.24,-2.6947,0.6978,73.548,-0.0004,-0.0001,73.548,,,,,,,,,,,,0.0,0.0,0.0,0.0,0
102.26,-2.7031,0.6924,73.6807,-0.0004,-0.0001,73.6807,,,,,,,,,,,,0.0,0.0,0.0,0.0,0
102.28,-2.7031,0.6924,73.6807,-0.0004,-0.0001,73.6807,,,,,,,,,,,,0.0,0.0,0.0,0.0,0
102.3,-2.7031,0.6924,73.6807,-0.0004,-0.0001,73.6807,,,,,,,,,,,,0.0,0.0,0.0,0.0,0
102.32,-2.7031,0.6924,73.6807,-0.0004,-0.0001,73.6807,,,,,,,,,,,,0.0,0.0,0.0,0.0,0
102.34,-2.7031,0.6924,73.6807,-0.0004,-0.0001,73.6807,,,,,,,,,,,,0.0,0.0,0.0,0.0,0
102.36,-2.7033,0.6861,73.8463,-0.0004,-0.0001,73.8463,,,,,,,,,,,,0.0,0.0,0.0,0.0,0
102.38,-2.7033,0.6861,73.8463,-0.0004,-0.0001,73.8463,,,,,,,,,,,,0.0,0.0,0.0,0.0,0
102.4,-2.7033,0.6861,73.8463,-0.0004,-0.0001,73.8463,,,,,,,,,,,,0.0,0.0,0.0,0.0,0
102.42,-2.7033,0.6861,73.8463,-0.0004,-0.0001,73.8463,,,,,,,,,,,,0.0,0.0,0.0,0.0,0
102.44,-2.7033,0.6861,73.8463,-0.0004,-0.0001,73.8463,,,,,,,,,,,,0.0,0.0,0.0,0.0,0
102.46,-2.7046,0.679,73.9895,-0.0004,-0.0001,73.9895,,,,,,,,,,,,0.0,0.0,0.0,0.0,0
102.48,-2.7046,0.679,73.9895,-0.0004,-0.0001,73.9895,,,,,,,,,,,,0.0,0.0,0.0,0.0,0
102.5,-2.7046,0.679,73.9895,-0.0004,-0.0001,73.9895,,,,,,,,,,,,0.0,0.0,0.0,0.0,0
102.52,-2.7046,0.679,73.9895,-0.0004,-0.0001,73.9895,,,,,,,,,,,,0.0,0.0,0.0,0.0,0
102.54,-2.7046,0.679,73.9895,-0.0004,-0.0001,73.9895,,,,,,,,,,,,0.0,0.0,0.0,0.0,0
102.56,-2.7097,0.677,74.1337,-0.0004,-0.0001,74.1337,,,,,,,,,,,,0.0,0.0,0.0,0.0,0
102.58,-2.7097,0.677,74.1337,-0.0004,-0.0001,74.1337,,,,,,,,,,,,0.0,0.0,0.0,0.0,0
102.6,-2.7097,0.677,74.1337,-0.0004,-0.0001,74.1337,,,,,,,,,,,,0.0,0.0,0.0,0.0,0
102.62,-2.7097,0.677,74.1337,-0.0004,-0.0001,74.1337,,,,,,,,,,,,0.0,0.0,0.0,0.0,0
102.64,-2.7097,0.677,74.1337,-0.0004,-0.0001,74.1337,,,,,,,,,,,,0.0,0.0,0.0,0.0,0
102.66,-2.7094,0.6701,74.2942,-0.0004,-0.0001,74.2942,,,,,,,,,,,,0.0,0.0,0.0,0.0,0
102.68,-2.7094,0.6701,74.2942,-0.0004,-0.0001,74.2942,,,,,,,,,,,,0.0,0.0,0.0,0.0,0
102.7,-2.7094,0.6701,74.2942,-0.0004,-0.0001,74.2942,,,,,,,,,,,,0.0,0.0,0.0,0.0,0
102.72,-2.7094,0.6701,74.2942,-0.0004,-0.0001,74.2942,,,,,,,,,,,,0.0,0.0,0.0,0.0,0
102.74,-2.7094,0.6701,74.2942,-0.0004,-0.0001,74.2942,,,,,,,,,,,,0.0,0.0,0.0,0.0,0
102.76,-2.7141,0.6661,74.4201,-0.0004,-0.0001,74.4201,,,,,,,,,,,,0.0,0.0,0.0,0.0,0
102.78,-2.7141,0.6661,74.4201,-0.0004,-0.0001,74.4201,,,,,,,,,,,,0.0,0.0,0.0,0.0,0
102.8,-2.7141,0.6661,74.4201,-0.0004,-0.0001,74.4201,,,,,,,,,,,,0.0,0.0,0.0,0.0,0
102.82,-2.7141,0.6661,74.4201,-0.0004,-0.0001,74.4201,,,,,,,,,,,,0.0,0.0,0.0,0.0,0
102.84,-2.7141,0.6661,74.4201,-0.0004,-0.0001,74.4201,,,,,,,,,,,,0.0,0.0,0.0,0.0,0
102.86,-2.7187,0.6637,74.5801,-0.0004,-0.0001,74.5801,,,,,,,,,,,,0.0,0.0,0.0,0.0,0
102.88,-2.7187,0.6637,74.5801,-0.0004,-0.0001,74.5801,,,,,,,,,,,,0.0,0.0,0.0,0.0,0
102.9,-2.7187,0.6637,74.5801,-0.0004,-0.0001,74.5801,,,,,,,,,,,,0.0,0.0,0.0,0.0,0
102.92,-2.7187,0.6637,74.5801,-0.0004,-0.0001,74.5801,,,,,,,,,,,,0.0,0.0,0.0,0.0,0
102.94,-2.7187,0.6637,74.5801,-0.0004,-0.0001,74.5801,,,,,,,,,,,,0.0,0.0,0.0,0.0,0
102.96,-2.7194,0.6585,74.7142,-0.0004,-0.0001,74.7142,,,,,,,,,,,,0.0,0.0,0.0,0.0,0
102.98,-2.7194,0.6585,74.7142,-0.0004,-0.0001,74.7142,,,,,,,,,,,,0.0,0.0,0.0,0.0,0
103.0,-2.7194,0.6585,74.7142,-0.0004,-0.0001,74.7142,,,,,,,,,,,,0.0,0.0,0.0,0.0,0
103.02,-2.7194,0.6585,74.7142,-0.0004,-0.0001,74.7142,,,,,,,,,,,,0.0,0.0,0.0,0.0,0
103.04,-2.7194,0.6585,74.7142,-0.0004,-0.0001,74.7142,,,,,,,,,,,,0.0,0.0,0.0,0.0,0
103.06,-2.7216,0.6553,74.8484,-0.0004,-0.0001,74.8484,,,,,,,,,,,,0.0,0.0,0.0,0.0,0
103.08,-2.7216,0.6553,74.8484,-0.0004,-0.0001,74.8484,,,,,,,,,,,,0.0,0.0,0.0,0.0,0
103.1,-2.7216,0.6553,74.8484,-0.0004,-0.0001,74.8484,,,,,,,,,,,,0.0,0.0,0.0,0.0,0
103.12,-2.7216,0.6553,74.8484,-0.0004,-0.0001,74.8484,,,,,,,,,,,,0.0,0.0,0.0,0.0,0
103.14,-2.7216,0.6553,74.8484,-0.0004,-0.0001,74.8484,,,,,,,,,,,,0.0,0.0,0.0,0.0,0
103.16,-2.7232,0.6486,74.998,-0.0004,-0.0001,74.998,,,,,,,,,,,,0.0,0.0,0.0,0.0,0
103.18,-2.7232,0.6486,74.998,-0.0004,-0.0001,74.998,,,,,,,,,,,,0.0,0.0,0.0,0.0,0
103.2,-2.7232,0.6486,74.998,-0.0004,-0.0001,74.998,,,,,,,,,,,,0.0,0.0,0.0,0.0,0
103.22,-2.7232,0.6486,74.998,-0.0004,-0.0001,74.998,,,,,,,,,,,,0.0,0.0,0.0,0.0,0
103.24,-2.7232,0.6486,74.998,-0.0004,-0.0001,74.998,,,,,,,,,,,,0.0,0.0,0.0,0.0,0
103.26,-2.7257,0.6438,75.1142,-0.0004,-0.0001,75.1142,,,,,,,,,,,,0.0,0.0,0.0,0.0,0
103.28,-2.7257,0.6438,75.1142,-0.0004,-0.0001,75.1142,,,,,,,,,,,,0.0,0.0,0.0,0.0,0
103.3,-2.7257,0.6438,75.1142,-0.0004,-0.0001,75.1142,,,,,,,,,,,,0.0,0.0,0.0,0.0,0
103.32,-2.7257,0.6438,75.1142,-0.0004,-0.0001,75.1142,,,,,,,,,,,,0.0,0.0,0.0,0.0,0
103.34,-2.7257,0.6438,75.1142,-0.0004,-0.0001,75.1142,,,,,,,,,,,,0.0,0.0,0.0,0.0,0
103.36,-2.7289,0.6388,75.2646,-0.0004,-0.0001,75.2646,,,,,,,,,,,,0.0,0.0,0.0,0.0,0
103.38,-2.7289,0.6388,75.2646,-0.0004,-0.0001,75.2646,,,,,,,,,,,,0.0,0.0,0.0,0.0,0
103.4,-2.7289,0.6388,75.2646,-0.0004,-0.0001,75.2646,,,,,,,,,,,,0.0,0.0,0.0,0.0,0
103.42,-2.7289,0.6388,75.2646,-0.0004,-0.0001,75.2646,,,,,,,,,,,,0.0,0.0,0.0,0.0,0
103.44,-2.7289,0.6388,75.2646,-0.0004,-0.0001,75.2646,,,,,,,,,,,,0.0,0.0,0.0,0.0,0
103.46,-2.7295,0.6386,75.3923,-0.0004,-0.0001,75.3923,,,,,,,,,,,,0.0,0.0,0.0,0.0,0
103.48,-2.7295,0.6386,75.3923,-0.0004,-0.0001,75.3923,,,,,,,,,,,,0.0,0.0,0.0,0.0,0
103.5,-2.7295,0.6386,75.3923,-0.0004,-0.0001,75.3923,,,,,,,,,,,,0.0,0.0,0.0,0.0,0
103.52,-2.7295,0.6386,75.3923,-0.0004,-0.0001,75.3923,,,,,,,,,,,,0.0,0.0,0.0,0.0,0
103.54,-2.7295,0.6386,75.3923,-0.0004,-0.0001,75.3923,,,,,,,,,,,,0.0,0.0,0.0,0.0,0
103.56,-2.7338,0.6361,75.5227,-0.0004,-0.0001,75.5227,,,,,,,,,,,,0.0,0.0,0.0,0.0,0
103.58,-2.7338,0.6361,75.5227,-0.0004,-0.0001,75.5227,,,,,,,,,,,,0.0,0.0,0.0,0.0,0
103.6,-2.7338,0.6361,75.5227,-0.0004,-0.0001,75.5227,,,,,,,,,,,,0.0,0.0,0.0,0.0,0
103.62,-2.7338,0.6361,75.5227,-0.0004,-0.0001,75.5227,,,,,,,,,,,,0.0,0.0,0.0,0.0,0
103.64,-2.7338,0.6361,75.5227,-0.0004,-0.0001,75.5227,,,,,,,,,,,,0.0,0.0,0.0,0.0,0
103.66,-2.7381,0.6372,75.6658,-0.0004,-0.0001,75.6658,,,,,,,,,,,,0.0,0.0,0.0,0.0,0
103.68,-2.7381,0.6372,75.6658,-0.0004,-0.0001,75.6658,,,,,,,,,,,,0.0,0.0,0.0,0.0,0
103.7,-2.7381,0.6372,75.6658,-0.0004,-0.0001,75.6658,,,,,,,,,,,,0.0,0.0,0.0,0.0,0
103.72,-2.7381,0.6372,75.6658,-0.0004,-0.0001,75.6658,,,,,,,,,,,,0.0,0.0,0.0,0.0,0
103.74,-2.7381,0.6372,75.6658,-0.0004,-0.0001,75.6658,,,,,,,,,,,,0.0,0.0,0.0,0.0,0
103.76,-2.7378,0.6376,75.7835,-0.0004,-0.0001,75.7835,,,,,,,,,,,,0.0,0.0,0.0,0.0,0
103.78,-2.7378,0.6376,75.7835,-0.0004,-0.0001,75.7835,,,,,,,,,,,,0.0,0.0,0.0,0.0,0
103.8,-2.7378,0.6376,75.7835,-0.0004,-0.0001,75.7835,,,,,,,,,,,,0.0,0.0,0.0,0.0,0
103.82,-2.7378,0.6376,75.7835,-0.0004,-0.0001,75.7835,,,,,,,,,,,,0.0,0.0,0.0,0.0,0
103.84,-2.7378,0.6376,75.7835,-0.0004,-0.0001,75.7835,,,,,,,,,,,,0.0,0.0,0.0,0.0,0
103.86,-2.7371,0.6329,75.9278,-0.0004,-0.0001,75.9278,,,,,,,,,,,,0.0,0.0,0.0,0.0,0
103.88,-2.7371,0.6329,75.9278,-0.0004,-0.0001,75.9278,,,,,,,,,,,,0.0,0.0,0.0,0.0,0
103.9,-2.7371,0.6329,75.9278,-0.0004,-0.0001,75.9278,,,,,,,,,,,,0.0,0.0,0.0,0.0,0
103.92,-2.7371,0.6329,75.9278,-0.0004,-0.0001,75.9278,,,,,,,,,,,,0.0,0.0,0.0,0.0,0
103.94,-2.7371,0.6329,75.9278,-0.0004,-0.0001,75.9278,,,,,,,,,,,,0.0,0.0,0.0,0.0,0
103.96,-2.7378,0.6309,76.0444,-0.0004,-0.0001,76.0444,,,,,,,,,,,,0.0,0.0,0.0,0.0,0
103.98,-2.7378,0.6309,76.0444,-0.0004,-0.0001,76.0444,,,,,,,,,,,,0.0,0.0,0.0,0.0,0
104.0,-2.7378,0.6309,76.0444,-0.0004,-0.0001,76.0444,,,,,,,,,,,,0.0,0.0,0.0,0.0,0
104.02,-2.7378,0.6309,76.0444,-0.0004,-0.0001,76.0444,,,,,,,,,,,,0.0,0.0,0.0,0.0,0
104.04,-2.7378,0.6309,76.0444,-0.0004,-0.0001,76.0444,,,,,,,,,,,,0.0,0.0,0.0,0.0,0
104.06,-2.7364,0.6293,76.1701,-0.0004,-0.0001,76.1701,,,,,,,,,,,,0.0,0.0,0.0,0.0,0
104.08,-2.7364,0.6293,76.1701,-0.0004,-0.0001,76.1701,,,,,,,,,,,,0.0,0.0,0.0,0.0,0
104.1,-2.7364,0.6293,76.1701,-0.0004,-0.0001,76.1701,,,,,,,,,,,,0.0,0.0,0.0,0.0,0
104.12,-2.7364,0.6293,76.1701,-0.0004,-0.0001,76.1701,,,,,,,,,,,,0.0,0.0,0.0,0.0,0
104.14,-2.7364,0.6293,76.1701,-0.0004,-0.0001,76.1701,,,,,,,,,,,,0.0,0.0,0.0,0.0,0
104.16,-2.735,0.628,76.2943,-0.0004,-0.0001,76.2943,,,,,,,,,,,,0.0,0.0,0.0,0.0,0
104.18,-2.735,0.628,76.2943,-0.0004,-0.0001,76.2943,,,,,,,,,,,,0.0,0.0,0.0,0.0,0
104.2,-2.735,0.628,76.2943,-0.0004,-0.0001,76.2943,,,,,,,,,,,,0.0,0.0,0.0,0.0,0
104.22,-2.735,0.628,76.2943,-0.0004,-0.0001,76.2943,,,,,,,,,,,,0.0,0.0,0.0,0.0,0
104.24,-2.735,0.628,76.2943,-0.0004,-0.0001,76.2943,,,,,,,,,,,,0.0,0.0,0.0,0.0,0
104.26,-2.7372,0.6263,76.4038,-0.0004,-0.0001,76.4038,,,,,,,,,,,,0.0,0.0,0.0,0.0,0
104.28,-2.7372,0.6263,76.4038,-0.0004,-0.0001,76.4038,,,,,,,,,,,,0.0,0.0,0.0,0.0,0
104.3,-2.7372,0.6263,76.4038,-0.0004,-0.0001,76.4038,,,,,,,,,,,,0.0,0.0,0.0,0.0,0
104.32,-2.7372,0.6263,76.4038,-0.0004,-0.0001,76.4038,,,,,,,,,,,,0.0,0.0,0.0,0.0,0
104.34,-2.7372,0.6263,76.4038,-0.0004,-0.0001,76.4038,,,,,,,,,,,,0.0,0.0,0.0,0.0,0
104.36,-2.7354,0.6245,76.5317,-0.0004,-0.0001,76.5317,,,,,,,,,,,,0.0,0.0,0.0,0.0,0
104.38,-2.7354,0.6245,76.5317,-0.0004,-0.0001,76.5317,,,,,,,,,,,,0.0,0.0,0.0,0.0,0
104.4,-2.7354,0.6245,76.5317,-0.0004,-0.0001,76.5317,,,,,,,,,,,,0.0,0.0,0.0,0.0,0
104.42,-2.7354,0.6245,76.5317,-0.0004,-0.0001,76.5317,,,,,,,,,,,,0.0,0.0,0.0,0.0,0
104.44,-2.7354,0.6245,76.5317,-0.0004,-0.0001,76.5317,,,,,,,,,,,,0.0,0.0,0.0,0.0,0
104.46,-2.7385,0.6228,76.6447,-0.0004,-0.0001,76.6447,,,,,,,,,,,,0.0,0.0,0.0,0.0,0
104.48,-2.7385,0.6228,76.6447,-0.0004,-0.0001,76.6447,,,,,,,,,,,,0.0,0.0,0.0,0.0,0
104.5,-2.7385,0.6228,76.6447,-0.0004,-0.0001,76.6447,,,,,,,,,,,,0.0,0.0,0.0,0.0,0
104.52,-2.7385,0.6228,76.6447,-0.0004,-0.0001,76.6447,,,,,,,,,,,,0.0,0.0,0.0,0.0,0
104.54,-2.7385,0.6228,76.6447,-0.0004,-0.0001,76.6447,,,,,,,,,,,,0.0,0.0,0.0,0.0,0
104.56,-2.7397,0.622,76.7638,-0.0004,-0.0001,76.7638,,,,,,,,,,,,0.0,0.0,0.0,0.0,0
104.58,-2.7397,0.622,76.7638,-0.0004,-0.0001,76.7638,,,,,,,,,,,,0.0,0.0,0.0,0.0,0
104.6,-2.7397,0.622,76.7638,-0.0004,-0.0001,76.7638,,,,,,,,,,,,0.0,0.0,0.0,0.0,0
104.62,-2.7397,0.622,76.7638,-0.0004,-0.0001,76.7638,,,,,,,,,,,,0.0,0.0,0.0,0.0,0
104.64,-2.7397,0.622,76.7638,-0.0004,-0.0001,76.7638,,,,,,,,,,,,0.0,0.0,0.0,0.0,0
104.66,-2.7395,0.6223,76.8834,-0.0004,-0.0001,76.8834,,,,,,,,,,,,0.0,0.0,0.0,0.0,0
104.68,-2.7395,0.6223,76.8834,-0.0004,-0.0001,76.8834,,,,,,,,,,,,0.0,0.0,0.0,0.0,0
104.7,-2.7395,0.6223,76.8834,-0.0004,-0.0001,76.8834,,,,,,,,,,,,0.0,0.0,0.0,0.0,0
104.72,-2.7395,0.6223,76.8834,-0.0004,-0.0001,76.8834,,,,,,,,,,,,0.0,0.0,0.0,0.0,0
104.74,-2.7395,0.6223,76.8834,-0.0004,-0.0001,76.8834,,,,,,,,,,,,0.0,0.0,0.0,0.0,0
104.76,-2.7396,0.6209,76.9905,-0.0004,-0.0001,76.9905,,,,,,,,,,,,0.0,0.0,0.0,0.0,0
104.78,-2.7396,0.6209,76.9905,-0.0004,-0.0001,76.9905,,,,,,,,,,,,0.0,0.0,0.0,0.0,0
104.8,-2.7396,0.6209,76.9905,-0.0004,-0.0001,76.9905,,,,,,,,,,,,0.0,0.0,0.0,0.0,0
104.82,-2.7396,0.6209,76.9905,-0.0004,-0.0001,76.9905,,,,,,,,,,,,0.0,0.0,0.0,0.0,0
104.84,-2.7396,0.6209,76.9905,-0.0004,-0.0001,76.9905,,,,,,,,,,,,0.0,0.0,0.0,0.0,0
104.86,-2.7354,0.6191,77.1138,-0.0004,-0.0001,77.1137,,,,,,,,,,,,0.0,0.0,0.0,0.0,0
104.88,-2.7354,0.6191,77.1138,-0.0004,-0.0001,77.1137,,,,,,,,,,,,0.0,0.0,0.0,0.0,0
104.9,-2.7354,0.6191,77.1138,-0.0004,-0.0001,77.1137,,,,,,,,,,,,0.0,0.0,0.0,0.0,0
104.92,-2.7354,0.6191,77.1138,-0.0004,-0.0001,77.1137,,,,,,,,,,,,0.0,0.0,0.0,0.0,0
104.94,-2.7354,0.6191,77.1138,-0.0004,-0.0001,77.1137,,,,,,,,,,,,0.0,0.0,0.0,0.0,0
104.96,-2.7381,0.6169,77.2134,-0.0004,-0.0001,77.2134,,,,,,,,,,,,0.0,0.0,0.0,0.0,0
104.98,-2.7381,0.6169,77.2134,-0.0004,-0.0001,77.2134,,,,,,,,,,,,0.0,0.0,0.0,0.0,0
105.0,-2.7381,0.6169,77.2134,-0.0004,-0.0001,77.2134,,,,,,,,,,,,0.0,0.0,0.0,0.0,0
105.02,-2.7381,0.6169,77.2134,-0.0004,-0.0001,77.2134,,,,,,,,,,,,0.0,0.0,0.0,0.0,0
105.04,-2.7381,0.6169,77.2134,-0.0004,-0.0001,77.2134,,,,,,,,,,,,0.0,0.0,0.0,0.0,0
105.06,-2.7373,0.6177,77.3278,-0.0004,-0.0001,77.3278,,,,,,,,,,,,0.0,0.0,0.0,0.0,0
105.08,-2.7373,0.6177,77.3278,-0.0004,-0.0001,77.3278,,,,,,,,,,,,0.0,0.0,0.0,0.0,0
105.1,-2.7373,0.6177,77.3278,-0.0004,-0.0001,77.3278,,,,,,,,,,,,0.0,0.0,0.0,0.0,0
105.12,-2.7373,0.6177,77.3278,-0.0004,-0.0001,77.3278,,,,,,,,,,,,0.0,0.0,0.0,0.0,0
105.14,-2.7373,0.6177,77.3278,-0.0004,-0.0001,77.3278,,,,,,,,,,,,0.0,0.0,0.0,0.0,0
105.16,-2.7346,0.6144,77.4361,-0.0004,-0.0001,77.4361,,,,,,,,,,,,0.0,0.0,0.0,0.0,0
105.18,-2.7346,0.6144,77.4361,-0.0004,-0.0001,77.4361,,,,,,,,,,,,0.0,0.0,0.0,0.0,0
105.2,-2.7346,0.6144,77.4361,-0.0004,-0.0001,77.4361,,,,,,,,,,,,0.0,0.0,0.0,0.0,0
105.22,-2.7346,0.6144,77.4361,-0.0004,-0.0001,77.4361,,,,,,,,,,,,0.0,0.0,0.0,0.0,0
105.24,-2.7346,0.6144,77.4361,-0.0004,-0.0001,77.4361,,,,,,,,,,,,0.0,0.0,0.0,0.0,0
105.26,-2.7325,0.6105,77.5374,-0.0004,-0.0001,77.5374,,,,,,,,,,,,0.0,0.0,0.0,0.0,0
105.28,-2.7325,0.6105,77.5374,-0.0004,-0.0001,77.5374,,,,,,,,,,,,0.0,0.0,0.0,0.0,0
105.3,-2.7325,0.6105,77.5374,-0.0004,-0.0001,77.5374,,,,,,,,,,,,0.0,0.0,0.0,0.0,0
105.32,-2.7325,0.6105,77.5374,-0.0004,-0.0001,77.5374,,,,,,,,,,,,0.0,0.0,0.0,0.0,0
105.34,-2.7325,0.6105,77.5374,-0.0004,-0.0001,77.5374,,,,,,,,,,,,0.0,0.0,0.0,0.0,0
105.36,-2.733,0.6103,77.65,-0.0004,-0.0001,77.65,,,,,,,,,,,,0.0,0.0,0.0,0.0,0
105.38,-2.733,0.6103,77.65,-0.0004,-0.0001,77.65,,,,,,,,,,,,0.0,0.0,0.0,0.0,0
105.4,-2.733,0.6103,77.65,-0.0004,-0.0001,77.65,,,,,,,,,,,,0.0,0.0,0.0,0.0,0
105.42,-2.733,0.6103,77.65,-0.0004,-0.0001,77.65,,,,,,,,,,,,0.0,0.0,0.0,0.0,0
105.44,-2.733,0.6103,77.65,-0.0004,-0.0001,77.65,,,,,,,,,,,,0.0,0.0,0.0,0.0,0
105.46,-2.7375,0.6116,77.7472,-0.0004,-0.0001,77.7472,,,,,,,,,,,,0.0,0.0,0.0,0.0,0
105.48,-2.7375,0.6116,77.7472,-0.0004,-0.0001,77.7472,,,,,,,,,,,,0.0,0.0,0.0,0.0,0
105.5,-2.7375,0.6116,77.7472,-0.0004,-0.0001,77.7472,,,,,,,,,,,,0.0,0.0,0.0,0.0,0
105.52,-2.7375,0.6116,77.7472,-0.0004,-0.0001,77.7472,,,,,,,,,,,,0.0,0.0,0.0,0.0,0
105.54,-2.7375,0.6116,77.7472,-0.0004,-0.0001,77.7472,,,,,,,,,,,,0.0,0.0,0.0,0.0,0
105.56,-2.7377,0.6089,77.8508,-0.0004,-0.0001,77.8508,,,,,,,,,,,,0.0,0.0,0.0,0.0,0
105.58,-2.7377,0.6089,77.8508,-0.0004,-0.0001,77.8508,,,,,,,,,,,,0.0,0.0,0.0,0.0,0
105.6,-2.7377,0.6089,77.8508,-0.0004,-0.0001,77.8508,,,,,,,,,,,,0.0,0.0,0.0,0.0,0
105.62,-2.7377,0.6089,77.8508,-0.0004,-0.0001,77.8508,,,,,,,,,,,,0.0,0.0,0.0,0.0,0
105.64,-2.7377,0.6089,77.8508,-0.0004,-0.0001,77.8508,,,,,,,,,,,,0.0,0.0,0.0,0.0,0
105.66,-2.7395,0.6071,77.9509,-0.0004,-0.0001,77.9509,,,,,,,,,,,,0.0,0.0,0.0,0.0,0
105.68,-2.7395,0.6071,77.9509,-0.0004,-0.0001,77.9509,,,,,,,,,,,,0.0,0.0,0.0,0.0,0
105.7,-2.7395,0.6071,77.9509,-0.0004,-0.0001,77.9509,,,,,,,,,,,,0.0,0.0,0.0,0.0,0
105.72,-2.7395,0.6071,77.9509,-0.0004,-0.0001,77.9509,,,,,,,,,,,,0.0,0.0,0.0,0.0,0
105.74,-2.7395,0.6071,77.9509,-0.0004,-0.0001,77.9509,,,,,,,,,,,,0.0,0.0,0.0,0.0,0
105.76,-2.7413,0.6071,78.0468,-0.0004,-0.0001,78.0467,,,,,,,,,,,,0.0,0.0,0.0,0.0,0
105.78,-2.7413,0.6071,78.0468,-0.0004,-0.0001,78.0467,,,,,,,,,,,,0.0,0.0,0.0,0.0,0
105.8,-2.7413,0.6071,78.0468,-0.0004,-0.0001,78.0467,,,,,,,,,,,,0.0,0.0,0.0,0.0,0
105.82,-2.7413,0.6071,78.0468,-0.0004,-0.0001,78.0467,,,,,,,,,,,,0.0,0.0,0.0,0.0,0
105.84,-2.7413,0.6071,78.0468,-0.0004,-0.0001,78.0467,,,,,,,,,,,,0.0,0.0,0.0,0.0,0
105.86,-2.7402,0.6049,78.1523,-0.0004,-0.0001,78.1523,,,,,,,,,,,,0.0,0.0,0.0,0.0,0
105.88,-2.7402,0.6049,78.1523,-0.0004,-0.0001,78.1523,,,,,,,,,,,,0.0,0.0,0.0,0.0,0
105.9,-2.7402,0.6049,78.1523,-0.0004,-0.0001,78.1523,,,,,,,,,,,,0.0,0.0,0.0,0.0,0
105.92,-2.7402,0.6049,78.1523,-0.0004,-0.0001,78.1523,,,,,,,,,,,,0.0,0.0,0.0,0.0,0
105.94,-2.7402,0.6049,78.1523,-0.0004,-0.0001,78.1523,,,,,,,,,,,,0.0,0.0,0.0,0.0,0
105.96,-2.739,0.6081,78.2389,-0.0004,-0.0001,78.2389,,,,,,,,,,,,0.0,0.0,0.0,0.0,0
105.98,-2.739,0.6081,78.2389,-0.0004,-0.0001,78.2389,,,,,,,,,,,,0.0,0.0,0.0,0.0,0
106.0,-2.739,0.6081,78.2389,-0.0004,-0.0001,78.2389,,,,,,,,,,,,0.0,0.0,0.0,0.0,0
106.02,-2.739,0.6081,78.2389,-0.0004,-0.0001,78.2389,,,,,,,,,,,,0.0,0.0,0.0,0.0,0
106.04,-2.739,0.6081,78.2389,-0.0004,-0.0001,78.2389,,,,,,,,,,,,0.0,0.0,0.0,0.0,0
106.06,-2.7368,0.6092,78.3394,-0.0004,-0.0001,78.3394,,,,,,,,,,,,0.0,0.0,0.0,0.0,0
106.08,-2.7368,0.6092,78.3394,-0.0004,-0.0001,78.3394,,,,,,,,,,,,0.0,0.0,0.0,0.0,0
106.1,-2.7368,0.6092,78.3394,-0.0004,-0.0001,78.3394,,,,,,,,,,,,0.0,0.0,0.0,0.0,0
106.12,-2.7368,0.6092,78.3394,-0.0004,-0.0001,78.3394,,,,,,,,,,,,0.0,0.0,0.0,0.0,0
106.14,-2.7368,0.6092,78.3394,-0.0004,-0.0001,78.3394,,,,,,,,,,,,0.0,0.0,0.0,0.0,0
106.16,-2.7354,0.6078,78.432,-0.0004,-0.0001,78.432,,,,,,,,,,,,0.0,0.0,0.0,0.0,0
106.18,-2.7354,0.6078,78.432,-0.0004,-0.0001,78.432,,,,,,,,,,,,0.0,0.0,0.0,0.0,0
106.2,-2.7354,0.6078,78.432,-0.0004,-0.0001,78.432,,,,,,,,,,,,0.0,0.0,0.0,0.0,0
106.22,-2.7354,0.6078,78.432,-0.0004,-0.0001,78.432,,,,,,,,,,,,0.0,0.0,0.0,0.0,0
106.24,-2.7354,0.6078,78.432,-0.0004,-0.0001,78.432,,,,,,,,,,,,0.0,0.0,0.0,0.0,0
106.26,-2.7341,0.6103,78.5241,-0.0004,-0.0001,78.5241,,,,,,,,,,,,0.0,0.0,0.0,0.0,0
106.28,-2.7341,0.6103,78.5241,-0.0004,-0.0001,78.5241,,,,,,,,,,,,0.0,0.0,0.0,0.0,0
106.3,-2.7341,0.6103,78.5241,-0.0004,-0.0001,78.5241,,,,,,,,,,,,0.0,0.0,0.0,0.0,0
106.32,-2.7341,0.6103,78.5241,-0.0004,-0.0001,78.5241,,,,,,,,,,,,0.0,0.0,0.0,0.0,0
106.34,-2.7341,0.6103,78.5241,-0.0004,-0.0001,78.5241,,,,,,,,,,,,0.0,0.0,0.0,0.0,0
106.36,-2.7344,0.6118,78.6207,-0.0004,-0.0001,78.6207,,,,,,,,,,,,0.0,0.0,0.0,0.0,0
106.38,-2.7344,0.6118,78.6207,-0.0004,-0.0001,78.6207,,,,,,,,,,,,0.0,0.0,0.0,0.0,0
106.4,-2.7344,0.6118,78.6207,-0.0004,-0.0001,78.6207,,,,,,,,,,,,0.0,0.0,0.0,0.0,0
106.42,-2.7344,0.6118,78.6207,-0.0004,-0.0001,78.6207,,,,,,,,,,,,0.0,0.0,0.0,0.0,0
106.44,-2.7344,0.6118,78.6207,-0.0004,-0.0001,78.6207,,,,,,,,,,,,0.0,0.0,0.0,0.0,0
106.46,-2.7401,0.6151,78.7043,-0.0004,-0.0001,78.7043,,,,,,,,,,,,0.0,0.0,0.0,0.0,0
106.48,-2.7401,0.6151,78.7043,-0.0004,-0.0001,78.7043,,,,,,,,,,,,0.0,0.0,0.0,0.0,0
106.5,-2.7401,0.6151,78.7043,-0.0004,-0.0001,78.7043,,,,,,,,,,,,0.0,0.0,0.0,0.0,0
106.52,-2.7401,0.6151,78.7043,-0.0004,-0.0001,78.7043,,,,,,,,,,,,0.0,0.0,0.0,0.0,0
106.54,-2.7401,0.6151,78.7043,-0.0004,-0.0001,78.7043,,,,,,,,,,,,0.0,0.0,0.0,0.0,0
106.56,-2.7401,0.6159,78.8022,-0.0004,-0.0001,78.8022,,,,,,,,,,,,0.0,0.0,0.0,0.0,0
106.58,-2.7401,0.6159,78.8022,-0.0004,-0.0001,78.8022,,,,,,,,,,,,0.0,0.0,0.0,0.0,0
106.6,-2.7401,0.6159,78.8022,-0.0004,-0.0001,78.8022,,,,,,,,,,,,0.0,0.0,0.0,0.0,0
106.62,-2.7401,0.6159,78.8022,-0.0004,-0.0001,78.8022,,,,,,,,,,,,0.0,0.0,0.0,0.0,0
106.64,-2.7401,0.6159,78.8022,-0.0004,-0.0001,78.8022,,,,,,,,,,,,0.0,0.0,0.0,0.0,0
106.66,-2.741,0.6176,78.8917,-0.0004,-0.0001,78.8917,,,,,,,,,,,,0.0,0.0,0.0,0.0,0
106.68,-2.741,0.6176,78.8917,-0.0004,-0.0001,78.8917,,,,,,,,,,,,0.0,0.0,0.0,0.0,0
106.7,-2.741,0.6176,78.8917,-0.0004,-0.0001,78.8917,,,,,,,,,,,,0.0,0.0,0.0,0.0,0
106.72,-2.741,0.6176,78.8917,-0.0004,-0.0001,78.8917,,,,,,,,,,,,0.0,0.0,0.0,0.0,0
106.74,-2.741,0.6176,78.8917,-0.0004,-0.0001,78.8917,,,,,,,,,,,,0.0,0.0,0.0,0.0,0
106.76,-2.7427,0.6177,78.9807,-0.0004,-0.0001,78.9807,,,,,,,,,,,,0.0,0.0,0.0,0.0,0
106.78,-2.7427,0.6177,78.9807,-0.0004,-0.0001,78.9807,,,,,,,,,,,,0.0,0.0,0.0,0.0,0
106.8,-2.7427,0.6177,78.9807,-0.0004,-0.0001,78.9807,,,,,,,,,,,,0.0,0.0,0.0,0.0,0
106.82,-2.7427,0.6177,78.9807,-0.0004,-0.0001,78.9807,,,,,,,,,,,,0.0,0.0,0.0,0.0,0
106.84,-2.7427,0.6177,78.9807,-0.0004,-0.0001,78.9807,,,,,,,,,,,,0.0,0.0,0.0,0.0,0
106.86,-2.7433,0.6219,79.0719,-0.0004,-0.0001,79.0719,,,,,,,,,,,,0.0,0.0,0.0,0.0,0
106.88,-2.7433,0.6219,79.0719,-0.0004,-0.0001,79.0719,,,,,,,,,,,,0.0,0.0,0.0,0.0,0
106.9,-2.7433,0.6219,79.0719,-0.0004,-0.0001,79.0719,,,,,,,,,,,,0.0,0.0,0.0,0.0,0
106.92,-2.7433,0.6219,79.0719,-0.0004,-0.0001,79.0719,,,,,,,,,,,,0.0,0.0,0.0,0.0,0
106.94,-2.7433,0.6219,79.0719,-0.0004,-0.0001,79.0719,,,,,,,,,,,,0.0,0.0,0.0,0.0,0
106.96,-2.7422,0.6183,79.1529,-0.0004,-0.0001,79.1529,,,,,,,,,,,,0.0,0.0,0.0,0.0,0
106.98,-2.7422,0.6183,79.1529,-0.0004,-0.0001,79.1529,,,,,,,,,,,,0.0,0.0,0.0,0.0,0
107.0,-2.7422,0.6183,79.1529,-0.0004,-0.0001,79.1529,,,,,,,,,,,,0.0,0.0,0.0,0.0,0
107.02,-2.7422,0.6183,79.1529,-0.0004,-0.0001,79.1529,,,,,,,,,,,,0.0,0.0,0.0,0.0,0
107.04,-2.7422,0.6183,79.1529,-0.0004,-0.0001,79.1529,,,,,,,,,,,,0.0,0.0,0.0,0.0,0
107.06,-2.7408,0.6157,79.2462,-0.0004,-0.0001,79.2462,,,,,,,,,,,,0.0,0.0,0.0,0.0,0
107.08,-2.7408,0.6157,79.2462,-0.0004,-0.0001,79.2462,,,,,,,,,,,,0.0,0.0,0.0,0.0,0
107.1,-2.7408,0.6157,79.2462,-0.0004,-0.0001,79.2462,,,,,,,,,,,,0.0,0.0,0.0,0.0,0
107.12,-2.7408,0.6157,79.2462,-0.0004,-0.0001,79.2462,,,,,,,,,,,,0.0,0.0,0.0,0.0,0
107.14,-2.7408,0.6157,79.2462,-0.0004,-0.0001,79.2462,,,,,,,,,,,,0.0,0.0,0.0,0.0,0
107.16,-2.7378,0.6174,79.3237,-0.0004,-0.0001,79.3236,,,,,,,,,,,,0.0,0.0,0.0,0.0,0
107.18,-2.7378,0.6174,79.3237,-0.0004,-0.0001,79.3236,,,,,,,,,,,,0.0,0.0,0.0,0.0,0
107.2,-2.7378,0.6174,79.3237,-0.0004,-0.0001,79.3236,,,,,,,,,,,,0.0,0.0,0.0,0.0,0
107.22,-2.7378,0.6174,79.3237,-0.0004,-0.0001,79.3236,,,,,,,,,,,,0.0,0.0,0.0,0.0,0
107.24,-2.7378,0.6174,79.3237,-0.0004,-0.0001,79.3236,,,,,,,,,,,,0.0,0.0,0.0,0.0,0
107.26,-2.74,0.6186,79.4057,-0.0004,-0.0001,79.4057,,,,,,,,,,,,0.0,0.0,0.0,0.0,0
107.28,-2.74,0.6186,79.4057,-0.0004,-0.0001,79.4057,,,,,,,,,,,,0.0,0.0,0.0,0.0,0
107.3,-2.74,0.6186,79.4057,-0.0004,-0.0001,79.4057,,,,,,,,,,,,0.0,0.0,0.0,0.0,0
107.32,-2.74,0.6186,79.4057,-0.0004,-0.0001,79.4057,,,,,,,,,,,,0.0,0.0,0.0,0.0,0
107.34,-2.74,0.6186,79.4057,-0.0004,-0.0001,79.4057,,,,,,,,,,,,0.0,0.0,0.0,0.0,0
107.36,-2.7406,0.6221,79.4895,-0.0004,-0.0001,79.4895,,,,,,,,,,,,0.0,0.0,0.0,0.0,0
107.38,-2.7406,0.6221,79.4895,-0.0004,-0.0001,79.4895,,,,,,,,,,,,0.0,0.0,0.0,0.0,0
107.4,-2.7406,0.6221,79.4895,-0.0004,-0.0001,79.4895,,,,,,,,,,,,0.0,0.0,0.0,0.0,0
107.42,-2.7406,0.6221,79.4895,-0.0004,-0.0001,79.4895,,,,,,,,,,,,0.0,0.0,0.0,0.0,0
107.44,-2.7406,0.6221,79.4895,-0.0004,-0.0001,79.4895,,,,,,,,,,,,0.0,0.0,0.0,0.0,0
107.46,-2.7414,0.6209,79.5673,-0.0004,-0.0001,79.5674,,,,,,,,,,,,0.0,0.0,0.0,0.0,0
107.48,-2.7414,0.6209,79.5673,-0.0004,-0.0001,79.5674,,,,,,,,,,,,0.0,0.0,0.0,0.0,0
107.5,-2.7414,0.6209,79.5673,-0.0004,-0.0001,79.5674,,,,,,,,,,,,0.0,0.0,0.0,0.0,0
107.52,-2.7414,0.6209,79.5673,-0.0004,-0.0001,79.5674,,,,,,,,,,,,0.0,0.0,0.0,0.0,0
107.54,-2.7414,0.6209,79.5673,-0.0004,-0.0001,79.5674,,,,,,,,,,,,0.0,0.0,0.0,0.0,0
107.56,-2.7432,0.6257,79.6545,-0.0004,-0.0001,79.6545,,,,,,,,,,,,0.0,0.0,0.0,0.0,0
107.58,-2.7432,0.6257,79.6545,-0.0004,-0.0001,79.6545,,,,,,,,,,,,0.0,0.0,0.0,0.0,0
107.6,-2.7432,0.6257,79.6545,-0.0004,-0.0001,79.6545,,,,,,,,,,,,0.0,0.0,0.0,0.0,0
107.62,-2.7432,0.6257,79.6545,-0.0004,-0.0001,79.6545,,,,,,,,,,,,0.0,0.0,0.0,0.0,0
107.64,-2.7432,0.6257,79.6545,-0.0004,-0.0001,79.6545,,,,,,,,,,,,0.0,0.0,0.0,0.0,0
107.66,-2.7443,0.6254,79.7304,-0.0004,-0.0001,79.7304,,,,,,,,,,,,0.0,0.0,0.0,0.0,0
107.68,-2.7443,0.6254,79.7304,-0.0004,-0.0001,79.7304,,,,,,,,,,,,0.0,0.0,0.0,0.0,0
107.7,-2.7443,0.6254,79.7304,-0.0004,-0.0001,79.7304,,,,,,,,,,,,0.0,0.0,0.0,0.0,0
107.72,-2.7443,0.6254,79.7304,-0.0004,-0.0001,79.7304,,,,,,,,,,,,0.0,0.0,0.0,0.0,0
107.74,-2.7443,0.6254,79.7304,-0.0004,-0.0001,79.7304,,,,,,,,,,,,0.0,0.0,0.0,0.0,0
107.76,-2.7454,0.6254,79.8136,-0.0004,-0.0001,79.8136,,,,,,,,,,,,0.0,0.0,0.0,0.0,0
107.78,-2.7454,0.6254,79.8136,-0.0004,-0.0001,79.8136,,,,,,,,,,,,0.0,0.0,0.0,0.0,0
107.8,-2.7454,0.6254,79.8136,-0.0004,-0.0001,79.8136,,,,,,,,,,,,0.0,0.0,0.0,0.0,0
107.82,-2.7454,0.6254,79.8136,-0.0004,-0.0001,79.8136,,,,,,,,,,,,0.0,0.0,0.0,0.0,0
107.84,-2.7454,0.6254,79.8136,-0.0004,-0.0001,79.8136,,,,,,,,,,,,0.0,0.0,0.0,0.0,0
107.86,-2.7433,0.624,79.8983,-0.0004,-0.0001,79.8983,,,,,,,,,,,,0.0,0.0,0.0,0.0,0
107.88,-2.7433,0.624,79.8983,-0.0004,-0.0001,79.8983,,,,,,,,,,,,0.0,0.0,0.0,0.0,0
107.9,-2.7433,0.624,79.8983,-0.0004,-0.0001,79.8983,,,,,,,,,,,,0.0,0.0,0.0,0.0,0
107.92,-2.7433,0.624,79.8983,-0.0004,-0.0001,79.8983,,,,,,,,,,,,0.0,0.0,0.0,0.0,0
107.94,-2.7433,0.624,79.8983,-0.0004,-0.0001,79.8983,,,,,,,,,,,,0.0,0.0,0.0,0.0,0
107.96,-2.7456,0.6287,79.9719,-0.0004,-0.0001,79.9719,,,,,,,,,,,,0.0,0.0,0.0,0.0,0
107.98,-2.7456,0.6287,79.9719,-0.0004,-0.0001,79.9719,,,,,,,,,,,,0.0,0.0,0.0,0.0,0
108.0,-2.7456,0.6287,79.9719,-0.0004,-0.0001,79.9719,,,,,,,,,,,,0.0,0.0,0.0,0.0,0
108.02,-2.7456,0.6287,79.9719,-0.0004,-0.0001,79.9719,,,,,,,,,,,,0.0,0.0,0.0,0.0,0
108.04,-2.7456,0.6287,79.9719,-0.0004,-0.0001,79.9719,,,,,,,,,,,,0.0,0.0,0.0,0.0,0
108.06,-2.7486,0.6276,80.0536,-0.0004,-0.0001,80.0536,,,,,,,,,,,,0.0,0.0,0.0,0.0,0
108.08,-2.7486,0.6276,80.0536,-0.0004,-0.0001,80.0536,,,,,,,,,,,,0.0,0.0,0.0,0.0,0
108.1,-2.7486,0.6276,80.0536,-0.0004,-0.0001,80.0536,,,,,,,,,,,,0.0,0.0,0.0,0.0,0
108.12,-2.7486,0.6276,80.0536,-0.0004,-0.0001,80.0536,,,,,,,,,,,,0.0,0.0,0.0,0.0,0
108.14,-2.7486,0.6276,80.0536,-0.0004,-0.0001,80.0536,,,,,,,,,,,,0.0,0.0,0.0,0.0,0
108.16,-2.7517,0.626,80.1206,-0.0004,-0.0001,80.1206,,,,,,,,,,,,0.0,0.0,0.0,0.0,0
108.18,-2.7517,0.626,80.1206,-0.0004,-0.0001,80.1206,,,,,,,,,,,,0.0,0.0,0.0,0.0,0
108.2,-2.7517,0.626,80.1206,-0.0004,-0.0001,80.1206,,,,,,,,,,,,0.0,0.0,0.0,0.0,0
108.22,-2.7517,0.626,80.1206,-0.0004,-0.0001,80.1206,,,,,,,,,,,,0.0,0.0,0.0,0.0,0
108.24,-2.7517,0.626,80.1206,-0.0004,-0.0001,80.1206,,,,,,,,,,,,0.0,0.0,0.0,0.0,0
108.26,-2.7522,0.6286,80.1919,-0.0004,-0.0001,80.1919,,,,,,,,,,,,0.0,0.0,0.0,0.0,0
108.28,-2.7522,0.6286,80.1919,-0.0004,-0.0001,80.1919,,,,,,,,,,,,0.0,0.0,0.0,0.0,0
108.3,-2.7522,0.6286,80.1919,-0.0004,-0.0001,80.1919,,,,,,,,,,,,0.0,0.0,0.0,0.0,0
108.32,-2.7522,0.6286,80.1919,-0.0004,-0.0001,80.1919,,,,,,,,,,,,0.0,0.0,0.0,0.0,0
108.34,-2.7522,0.6286,80.1919,-0.0004,-0.0001,80.1919,,,,,,,,,,,,0.0,0.0,0.0,0.0,0
108.36,-2.7516,0.6262,80.2636,-0.0004,-0.0001,80.2636,,,,,,,,,,,,0.0,0.0,0.0,0.0,0
108.38,-2.7516,0.6262,80.2636,-0.0004,-0.0001,80.2636,,,,,,,,,,,,0.0,0.0,0.0,0.0,0
108.4,-2.7516,0.6262,80.2636,-0.0004,-0.0001,80.2636,,,,,,,,,,,,0.0,0.0,0.0,0.0,0
108.42,-2.7516,0.6262,80.2636,-0.0004,-0.0001,80.2636,,,,,,,,,,,,0.0,0.0,0.0,0.0,0
108.44,-2.7516,0.6262,80.2636,-0.0004,-0.0001,80.2636,,,,,,,,,,,,0.0,0.0,0.0,0.0,0
108.46,-2.7575,0.6265,80.3325,-0.0004,-0.0001,80.3325,,,,,,,,,,,,0.0,0.0,0.0,0.0,0
108.48,-2.7575,0.6265,80.3325,-0.0004,-0.0001,80.3325,,,,,,,,,,,,0.0,0.0,0.0,0.0,0
108.5,-2.7575,0.6265,80.3325,-0.0004,-0.0001,80.3325,,,,,,,,,,,,0.0,0.0,0.0,0.0,0
108.52,-2.7575,0.6265,80.3325,-0.0004,-0.0001,80.3325,,,,,,,,,,,,0.0,0.0,0.0,0.0,0
108.54,-2.7575,0.6265,80.3325,-0.0004,-0.0001,80.3325,,,,,,,,,,,,0.0,0.0,0.0,0.0,0
108.56,-2.7621,0.6262,80.4089,-0.0004,-0.0001,80.4089,,,,,,,,,,,,0.0,0.0,0.0,0.0,0
108.58,-2.7621,0.6262,80.4089,-0.0004,-0.0001,80.4089,,,,,,,,,,,,0.0,0.0,0.0,0.0,0
108.6,-2.7621,0.6262,80.4089,-0.0004,-0.0001,80.4089,,,,,,,,,,,,0.0,0.0,0.0,0.0,0
108.62,-2.7621,0.6262,80.4089,-0.0004,-0.0001,80.4089,,,,,,,,,,,,0.0,0.0,0.0,0.0,0
108.64,-2.7621,0.6262,80.4089,-0.0004,-0.0001,80.4089,,,,,,,,,,,,0.0,0.0,0.0,0.0,0
108.66,-2.7646,0.6248,80.4756,-0.0004,-0.0001,80.4756,,,,,,,,,,,,0.0,0.0,0.0,0.0,0
108.68,-2.7646,0.6248,80.4756,-0.0004,-0.0001,80.4756,,,,,,,,,,,,0.0,0.0,0.0,0.0,0
108.7,-2.7646,0.6248,80.4756,-0.0004,-0.0001,80.4756,,,,,,,,,,,,0.0,0.0,0.0,0.0,0
108.72,-2.7646,0.6248,80.4756,-0.0004,-0.0001,80.4756,,,,,,,,,,,,0.0,0.0,0.0,0.0,0
108.74,-2.7646,0.6248,80.4756,-0.0004,-0.0001,80.4756,,,,,,,,,,,,0.0,0.0,0.0,0.0,0
108.76,-2.7671,0.6246,80.5478,-0.0004,-0.0001,80.5478,,,,,,,,,,,,0.0,0.0,0.0,0.0,0
108.78,-2.7671,0.6246,80.5478,-0.0004,-0.0001,80.5478,,,,,,,,,,,,0.0,0.0,0.0,0.0,0
108.8,-2.7671,0.6246,80.5478,-0.0004,-0.0001,80.5478,,,,,,,,,,,,0.0,0.0,0.0,0.0,0
108.82,-2.7671,0.6246,80.5478,-0.0004,-0.0001,80.5478,,,,,,,,,,,,0.0,0.0,0.0,0.0,0
108.84,-2.7671,0.6246,80.5478,-0.0004,-0.0001,80.5478,,,,,,,,,,,,0.0,0.0,0.0,0.0,0
108.86,-2.7706,0.6214,80.6159,-0.0004,-0.0001,80.616,,,,,,,,,,,,0.0,0.0,0.0,0.0,0
108.88,-2.7706,0.6214,80.6159,-0.0004,-0.0001,80.616,,,,,,,,,,,,0.0,0.0,0.0,0.0,0
108.9,-2.7706,0.6214,80.6159,-0.0004,-0.0001,80.616,,,,,,,,,,,,0.0,0.0,0.0,0.0,0
108.92,-2.7706,0.6214,80.6159,-0.0004,-0.0001,80.616,,,,,,,,,,,,0.0,0.0,0.0,0.0,0
108.94,-2.7706,0.6214,80.6159,-0.0004,-0.0001,80.616,,,,,,,,,,,,0.0,0.0,0.0,0.0,0
108.96,-2.7735,0.6207,80.6807,-0.0004,-0.0001,80.6807,,,,,,,,,,,,0.0,0.0,0.0,0.0,0
108.98,-2.7735,0.6207,80.6807,-0.0004,-0.0001,80.6807,,,,,,,,,,,,0.0,0.0,0.0,0.0,0
109.0,-2.7735,0.6207,80.6807,-0.0004,-0.0001,80.6807,,,,,,,,,,,,0.0,0.0,0.0,0.0,0
109.02,-2.7735,0.6207,80.6807,-0.0004,-0.0001,80.6807,,,,,,,,,,,,0.0,0.0,0.0,0.0,0
109.04,-2.7735,0.6207,80.6807,-0.0004,-0.0001,80.6807,,,,,,,,,,,,0.0,0.0,0.0,0.0,0
109.06,-2.7768,0.6248,80.7507,-0.0004,-0.0001,80.7507,,,,,,,,,,,,0.0,0.0,0.0,0.0,0
109.08,-2.7768,0.6248,80.7507,-0.0004,-0.0001,80.7507,,,,,,,,,,,,0.0,0.0,0.0,0.0,0
109.1,-2.7768,0.6248,80.7507,-0.0004,-0.0001,80.7507,,,,,,,,,,,,0.0,0.0,0.0,0.0,0
109.12,-2.7768,0.6248,80.7507,-0.0004,-0.0001,80.7507,,,,,,,,,,,,0.0,0.0,0.0,0.0,0
109.14,-2.7768,0.6248,80.7507,-0.0004,-0.0001,80.7507,,,,,,,,,,,,0.0,0.0,0.0,0.0,0
109.16,-2.7811,0.6295,80.8172,-0.0004,-0.0001,80.8172,,,,,,,,,,,,0.0,0.0,0.0,0.0,0
109.18,-2.7811,0.6295,80.8172,-0.0004,-0.0001,80.8172,,,,,,,,,,,,0.0,0.0,0.0,0.0,0
109.2,-2.7811,0.6295,80.8172,-0.0004,-0.0001,80.8172,,,,,,,,,,,,0.0,0.0,0.0,0.0,0
109.22,-2.7811,0.6295,80.8172,-0.0004,-0.0001,80.8172,,,,,,,,,,,,0.0,0.0,0.0,0.0,0
109.24,-2.7811,0.6295,80.8172,-0.0004,-0.0001,80.8172,,,,,,,,,,,,0.0,0.0,0.0,0.0,0
109.26,-2.7827,0.632,80.8846,-0.0004,-0.0001,80.8846,,,,,,,,,,,,0.0,0.0,0.0,0.0,0
109.28,-2.7827,0.632,80.8846,-0.0004,-0.0001,80.8846,,,,,,,,,,,,0.0,0.0,0.0,0.0,0
109.3,-2.7827,0.632,80.8846,-0.0004,-0.0001,80.8846,,,,,,,,,,,,0.0,0.0,0.0,0.0,0
109.32,-2.7827,0.632,80.8846,-0.0004,-0.0001,80.8846,,,,,,,,,,,,0.0,0.0,0.0,0.0,0
109.34,-2.7827,0.632,80.8846,-0.0004,-0.0001,80.8846,,,,,,,,,,,,0.0,0.0,0.0,0.0,0
109.36,-2.786,0.6343,80.9477,-0.0004,-0.0001,80.9477,,,,,,,,,,,,0.0,0.0,0.0,0.0,0
109.38,-2.786,0.6343,80.9477,-0.0004,-0.0001,80.9477,,,,,,,,,,,,0.0,0.0,0.0,0.0,0
109.4,-2.786,0.6343,80.9477,-0.0004,-0.0001,80.9477,,,,,,,,,,,,0.0,0.0,0.0,0.0,0
109.42,-2.786,0.6343,80.9477,-0.0004,-0.0001,80.9477,,,,,,,,,,,,0.0,0.0,0.0,0.0,0
109.44,-2.786,0.6343,80.9477,-0.0004,-0.0001,80.9477,,,,,,,,,,,,0.0,0.0,0.0,0.0,0
109.46,-2.7878,0.6349,81.006,-0.0004,-0.0001,81.006,,,,,,,,,,,,0.0,0.0,0.0,0.0,0
109.48,-2.7878,0.6349,81.006,-0.0004,-0.0001,81.006,,,,,,,,,,,,0.0,0.0,0.0,0.0,0
109.5,-2.7878,0.6349,81.006,-0.0004,-0.0001,81.006,,,,,,,,,,,,0.0,0.0,0.0,0.0,0
109.52,-2.7878,0.6349,81.006,-0.0004,-0.0001,81.006,,,,,,,,,,,,0.0,0.0,0.0,0.0,0
109.54,-2.7878,0.6349,81.006,-0.0004,-0.0001,81.006,,,,,,,,,,,,0.0,0.0,0.0,0.0,0
109.56,-2.7927,0.6363,81.0738,-0.0004,-0.0001,81.0738,,,,,,,,,,,,0.0,0.0,0.0,0.0,0
109.58,-2.7927,0.6363,81.0738,-0.0004,-0.0001,81.0738,,,,,,,,,,,,0.0,0.0,0.0,0.0,0
109.6,-2.7927,0.6363,81.0738,-0.0004,-0.0001,81.0738,,,,,,,,,,,,0.0,0.0,0.0,0.0,0
109.62,-2.7927,0.6363,81.0738,-0.0004,-0.0001,81.0738,,,,,,,,,,,,0.0,0.0,0.0,0.0,0
109.64,-2.7927,0.6363,81.0738,-0.0004,-0.0001,81.0738,,,,,,,,,,,,0.0,0.0,0.0,0.0,0
109.66,-2.7958,0.6401,81.1305,-0.0004,-0.0001,81.1305,,,,,,,,,,,,0.0,0.0,0.0,0.0,0
109.68,-2.7958,0.6401,81.1305,-0.0004,-0.0001,81.1305,,,,,,,,,,,,0.0,0.0,0.0,0.0,0
109.7,-2.7958,0.6401,81.1305,-0.0004,-0.0001,81.1305,,,,,,,,,,,,0.0,0.0,0.0,0.0,0
109.72,-2.7958,0.6401,81.1305,-0.0004,-0.0001,81.1305,,,,,,,,,,,,0.0,0.0,0.0,0.0,0
109.74,-2.7958,0.6401,81.1305,-0.0004,-0.0001,81.1305,,,,,,,,,,,,0.0,0.0,0.0,0.0,0
109.76,-2.8004,0.6416,81.195,-0.0004,-0.0001,81.1951,,,,,,,,,,,,0.0,0.0,0.0,0.0,0
109.78,-2.8004,0.6416,81.195,-0.0004,-0.0001,81.1951,,,,,,,,,,,,0.0,0.0,0.0,0.0,0
109.8,-2.8004,0.6416,81.195,-0.0004,-0.0001,81.1951,,,,,,,,,,,,0.0,0.0,0.0,0.0,0
109.82,-2.8004,0.6416,81.195,-0.0004,-0.0001,81.1951,,,,,,,,,,,,0.0,0.0,0.0,0.0,0
109.84,-2.8004,0.6416,81.195,-0.0004,-0.0001,81.1951,,,,,,,,,,,,0.0,0.0,0.0,0.0,0
109.86,-2.8054,0.6407,81.2522,-0.0004,-0.0001,81.2522,,,,,,,,,,,,0.0,0.0,0.0,0.0,0
109.88,-2.8054,0.6407,81.2522,-0.0004,-0.0001,81.2522,,,,,,,,,,,,0.0,0.0,0.0,0.0,0
109.9,-2.8054,0.6407,81.2522,-0.0004,-0.0001,81.2522,,,,,,,,,,,,0.0,0.0,0.0,0.0,0
109.92,-2.8054,0.6407,81.2522,-0.0004,-0.0001,81.2522,,,,,,,,,,,,0.0,0.0,0.0,0.0,0
109.94,-2.8054,0.6407,81.2522,-0.0004,-0.0001,81.2522,,,,,,,,,,,,0.0,0.0,0.0,0.0,0
109.96,-2.8102,0.6405,81.3049,-0.0004,-0.0001,81.3049,,,,,,,,,,,,0.0,0.0,0.0,0.0,0
109.98,-2.8102,0.6405,81.3049,-0.0004,-0.0001,81.3049,,,,,,,,,,,,0.0,0.0,0.0,0.0,0
110.0,-2.8102,0.6405,81.3049,-0.0004,-0.0001,81.3049,,,,,,,,,,,,0.0,0.0,0.0,0.0,0
110.02,-2.8102,0.6405,81.3049,-0.0004,-0.0001,81.3049,,,,,,,,,,,,0.0,0.0,0.0,0.0,0
110.04,-2.8102,0.6405,81.3049,-0.0004,-0.0001,81.3049,,,,,,,,,,,,0.0,0.0,0.0,0.0,0
110.06,-2.8139,0.6391,81.367,-0.0004,-0.0001,81.367,,,,,,,,,,,,0.0,0.0,0.0,0.0,0
110.08,-2.8139,0.6391,81.367,-0.0004,-0.0001,81.367,,,,,,,,,,,,0.0,0.0,0.0,0.0,0
110.1,-2.8139,0.6391,81.367,-0.0004,-0.0001,81.367,,,,,,,,,,,,0.0,0.0,0.0,0.0,0
110.12,-2.8139,0.6391,81.367,-0.0004,-0.0001,81.367,,,,,,,,,,,,0.0,0.0,0.0,0.0,0
110.14,-2.8139,0.6391,81.367,-0.0004,-0.0001,81.367,,,,,,,,,,,,0.0,0.0,0.0,0.0,0
110.16,-2.814,0.6379,81.4185,-0.0004,-0.0001,81.4185,,,,,,,,,,,,0.0,0.0,0.0,0.0,0
110.18,-2.814,0.6379,81.4185,-0.0004,-0.0001,81.4185,,,,,,,,,,,,0.0,0.0,0.0,0.0,0
110.2,-2.814,0.6379,81.4185,-0.0004,-0.0001,81.4185,,,,,,,,,,,,0.0,0.0,0.0,0.0,0
110.22,-2.814,0.6379,81.4185,-0.0004,-0.0001,81.4185,,,,,,,,,,,,0.0,0.0,0.0,0.0,0
110.24,-2.814,0.6379,81.4185,-0.0004,-0.0001,81.4185,,,,,,,,,,,,0.0,0.0,0.0,0.0,0
110.26,-2.8142,0.6411,81.4783,-0.0004,-0.0001,81.4783,,,,,,,,,,,,0.0,0.0,0.0,0.0,0
110.28,-2.8142,0.6411,81.4783,-0.0004,-0.0001,81.4783,,,,,,,,,,,,0.0,0.0,0.0,0.0,0
110.3,-2.8142,0.6411,81.4783,-0.0004,-0.0001,81.4783,,,,,,,,,,,,0.0,0.0,0.0,0.0,0
110.32,-2.8142,0.6411,81.4783,-0.0004,-0.0001,81.4783,,,,,,,,,,,,0.0,0.0,0.0,0.0,0
110.34,-2.8142,0.6411,81.4783,-0.0004,-0.0001,81.4783,,,,,,,,,,,,0.0,0.0,0.0,0.0,0
110.36,-2.8183,0.6407,81.5317,-0.0004,-0.0001,81.5317,,,,,,,,,,,,0.0,0.0,0.0,0.0,0
110.38,-2.8183,0.6407,81.5317,-0.0004,-0.0001,81.5317,,,,,,,,,,,,0.0,0.0,0.0,0.0,0
110.4,-2.8183,0.6407,81.5317,-0.0004,-0.0001,81.5317,,,,,,,,,,,,0.0,0.0,0.0,0.0,0
110.42,-2.8183,0.6407,81.5317,-0.0004,-0.0001,81.5317,,,,,,,,,,,,0.0,0.0,0.0,0.0,0
110.44,-2.8183,0.6407,81.5317,-0.0004,-0.0001,81.5317,,,,,,,,,,,,0.0,0.0,0.0,0.0,0
110.46,-2.8231,0.6409,81.5814,-0.0004,-0.0001,81.5814,,,,,,,,,,,,0.0,0.0,0.0,0.0,0
110.48,-2.8231,0.6409,81.5814,-0.0004,-0.0001,81.5814,,,,,,,,,,,,0.0,0.0,0.0,0.0,0
110.5,-2.8231,0.6409,81.5814,-0.0004,-0.0001,81.5814,,,,,,,,,,,,0.0,0.0,0.0,0.0,0
110.52,-2.8231,0.6409,81.5814,-0.0004,-0.0001,81.5814,,,,,,,,,,,,0.0,0.0,0.0,0.0,0
110.54,-2.8231,0.6409,81.5814,-0.0004,-0.0001,81.5814,,,,,,,,,,,,0.0,0.0,0.0,0.0,0
110.56,-2.8287,0.6424,81.638,-0.0004,-0.0001,81.638,,,,,,,,,,,,0.0,0.0,0.0,0.0,0
110.58,-2.8287,0.6424,81.638,-0.0004,-0.0001,81.638,,,,,,,,,,,,0.0,0.0,0.0,0.0,0
110.6,-2.8287,0.6424,81.638,-0.0004,-0.0001,81.638,,,,,,,,,,,,0.0,0.0,0.0,0.0,0
110.62,-2.8287,0.6424,81.638,-0.0004,-0.0001,81.638,,,,,,,,,,,,0.0,0.0,0.0,0.0,0
110.64,-2.8287,0.6424,81.638,-0.0004,-0.0001,81.638,,,,,,,,,,,,0.0,0.0,0.0,0.0,0
110.66,-2.8347,0.6416,81.6891,-0.0004,-0.0001,81.6891,,,,,,,,,,,,0.0,0.0,0.0,0.0,0
110.68,-2.8347,0.6416,81.6891,-0.0004,-0.0001,81.6891,,,,,,,,,,,,0.0,0.0,0.0,0.0,0
110.7,-2.8347,0.6416,81.6891,-0.0004,-0.0001,81.6891,,,,,,,,,,,,0.0,0.0,0.0,0.0,0
110.72,-2.8347,0.6416,81.6891,-0.0004,-0.0001,81.6891,,,,,,,,,,,,0.0,0.0,0.0,0.0,0
110.74,-2.8347,0.6416,81.6891,-0.0004,-0.0001,81.6891,,,,,,,,,,,,0.0,0.0,0.0,0.0,0
110.76,-2.8423,0.6447,81.7449,-0.0004,-0.0001,81.745,,,,,,,,,,,,0.0,0.0,0.0,0.0,0
110.78,-2.8423,0.6447,81.7449,-0.0004,-0.0001,81.745,,,,,,,,,,,,0.0,0.0,0.0,0.0,0
110.8,-2.8423,0.6447,81.7449,-0.0004,-0.0001,81.745,,,,,,,,,,,,0.0,0.0,0.0,0.0,0
110.82,-2.8423,0.6447,81.7449,-0.0004,-0.0001,81.745,,,,,,,,,,,,0.0,0.0,0.0,0.0,0
110.84,-2.8423,0.6447,81.7449,-0.0004,-0.0001,81.745,,,,,,,,,,,,0.0,0.0,0.0,0.0,0
110.86,-2.8451,0.6427,81.7966,-0.0004,-0.0001,81.7966,,,,,,,,,,,,0.0,0.0,0.0,0.0,0
110.88,-2.8451,0.6427,81.7966,-0.0004,-0.0001,81.7966,,,,,,,,,,,,0.0,0.0,0.0,0.0,0
110.9,-2.8451,0.6427,81.7966,-0.0004,-0.0001,81.7966,,,,,,,,,,,,0.0,0.0,0.0,0.0,0
110.92,-2.8451,0.6427,81.7966,-0.0004,-0.0001,81.7966,,,,,,,,,,,,0.0,0.0,0.0,0.0,0
110.94,-2.8451,0.6427,81.7966,-0.0004,-0.0001,81.7966,,,,,,,,,,,,0.0,0.0,0.0,0.0,0
110.96,-2.8525,0.6413,81.8478,-0.0004,-0.0001,81.8478,,,,,,,,,,,,0.0,0.0,0.0,0.0,0
110.98,-2.8525,0.6413,81.8478,-0.0004,-0.0001,81.8478,,,,,,,,,,,,0.0,0.0,0.0,0.0,0
111.0,-2.8525,0.6413,81.8478,-0.0004,-0.0001,81.8478,,,,,,,,,,,,0.0,0.0,0.0,0.0,0
111.02,-2.8525,0.6413,81.8478,-0.0004,-0.0001,81.8478,,,,,,,,,,,,0.0,0.0,0.0,0.0,0
111.04,-2.8525,0.6413,81.8478,-0.0004,-0.0001,81.8478,,,,,,,,,,,,0.0,0.0,0.0,0.0,0
111.06,-2.8536,0.6392,81.8945,-0.0004,-0.0001,81.8945,,,,,,,,,,,,0.0,0.0,0.0,0.0,0
111.08,-2.8536,0.6392,81.8945,-0.0004,-0.0001,81.8945,,,,,,,,,,,,0.0,0.0,0.0,0.0,0
111.1,-2.8536,0.6392,81.8945,-0.0004,-0.0001,81.8945,,,,,,,,,,,,0.0,0.0,0.0,0.0,0
111.12,-2.8536,0.6392,81.8945,-0.0004,-0.0001,81.8945,,,,,,,,,,,,0.0,0.0,0.0,0.0,0
111.14,-2.8536,0.6392,81.8945,-0.0004,-0.0001,81.8945,,,,,,,,,,,,0.0,0.0,0.0,0.0,0
111.16,-2.8585,0.636,81.9387,-0.0004,-0.0001,81.9387,,,,,,,,,,,,0.0,0.0,0.0,0.0,0
111.18,-2.8585,0.636,81.9387,-0.0004,-0.0001,81.9387,,,,,,,,,,,,0.0,0.0,0.0,0.0,0
111.2,-2.8585,0.636,81.9387,-0.0004,-0.0001,81.9387,,,,,,,,,,,,0.0,0.0,0.0,0.0,0
111.22,-2.8585,0.636,81.9387,-0.0004,-0.0001,81.9387,,,,,,,,,,,,0.0,0.0,0.0,0.0,0
111.24,-2.8585,0.636,81.9387,-0.0004,-0.0001,81.9387,,,,,,,,,,,,0.0,0.0,0.0,0.0,0
111.26,-2.8649,0.6388,81.9834,-0.0004,-0.0001,81.9834,,,,,,,,,,,,0.0,0.0,0.0,0.0,0
111.28,-2.8649,0.6388,81.9834,-0.0004,-0.0001,81.9834,,,,,,,,,,,,0.0,0.0,0.0,0.0,0
111.3,-2.8649,0.6388,81.9834,-0.0004,-0.0001,81.9834,,,,,,,,,,,,0.0,0.0,0.0,0.0,0
111.32,-2.8649,0.6388,81.9834,-0.0004,-0.0001,81.9834,,,,,,,,,,,,0.0,0.0,0.0,0.0,0
111.34,-2.8649,0.6388,81.9834,-0.0004,-0.0001,81.9834,,,,,,,,,,,,0.0,0.0,0.0,0.0,0
111.36,-2.8723,0.641,82.0291,-0.0004,-0.0001,82.0291,,,,,,,,,,,,0.0,0.0,0.0,0.0,0
111.38,-2.8723,0.641,82.0291,-0.0004,-0.0001,82.0291,,,,,,,,,,,,0.0,0.0,0.0,0.0,0
111.4,-2.8723,0.641,82.0291,-0.0004,-0.0001,82.0291,,,,,,,,,,,,0.0,0.0,0.0,0.0,0
111.42,-2.8723,0.641,82.0291,-0.0004,-0.0001,82.0291,,,,,,,,,,,,0.0,0.0,0.0,0.0,0
111.44,-2.8723,0.641,82.0291,-0.0004,-0.0001,82.0291,,,,,,,,,,,,0.0,0.0,0.0,0.0,0
111.46,-2.8776,0.6406,82.0727,-0.0004,-0.0001,82.0727,,,,,,,,,,,,0.0,0.0,0.0,0.0,0
111.48,-2.8776,0.6406,82.0727,-0.0004,-0.0001,82.0727,,,,,,,,,,,,0.0,0.0,0.0,0.0,0
111.5,-2.8776,0.6406,82.0727,-0.0004,-0.0001,82.0727,,,,,,,,,,,,0.0,0.0,0.0,0.0,0
111.52,-2.8776,0.6406,82.0727,-0.0004,-0.0001,82.0727,,,,,,,,,,,,0.0,0.0,0.0,0.0,0
111.54,-2.8776,0.6406,82.0727,-0.0004,-0.0001,82.0727,,,,,,,,,,,,0.0,0.0,0.0,0.0,0
111.56,-2.8812,0.6433,82.1167,-0.0004,-0.0001,82.1167,,,,,,,,,,,,0.0,0.0,0.0,0.0,0
111.58,-2.8812,0.6433,82.1167,-0.0004,-0.0001,82.1167,,,,,,,,,,,,0.0,0.0,0.0,0.0,0
111.6,-2.8812,0.6433,82.1167,-0.0004,-0.0001,82.1167,,,,,,,,,,,,0.0,0.0,0.0,0.0,0
111.62,-2.8812,0.6433,82.1167,-0.0004,-0.0001,82.1167,,,,,,,,,,,,0.0,0.0,0.0,0.0,0
111.64,-2.8812,0.6433,82.1167,-0.0004,-0.0001,82.1167,,,,,,,,,,,,0.0,0.0,0.0,0.0,0
111.66,-2.8816,0.6392,82.1568,-0.0004,-0.0001,82.1568,,,,,,,,,,,,0.0,0.0,0.0,0.0,0
111.68,-2.8816,0.6392,82.1568,-0.0004,-0.0001,82.1568,,,,,,,,,,,,0.0,0.0,0.0,0.0,0
111.7,-2.8816,0.6392,82.1568,-0.0004,-0.0001,82.1568,,,,,,,,,,,,0.0,0.0,0.0,0.0,0
111.72,-2.8816,0.6392,82.1568,-0.0004,-0.0001,82.1568,,,,,,,,,,,,0.0,0.0,0.0,0.0,0
111.74,-2.8816,0.6392,82.1568,-0.0004,-0.0001,82.1568,,,,,,,,,,,,0.0,0.0,0.0,0.0,0
111.76,-2.8852,0.6387,82.2028,-0.0004,-0.0001,82.2028,,,,,,,,,,,,0.0,0.0,0.0,0.0,0
111.78,-2.8852,0.6387,82.2028,-0.0004,-0.0001,82.2028,,,,,,,,,,,,0.0,0.0,0.0,0.0,0
111.8,-2.8852,0.6387,82.2028,-0.0004,-0.0001,82.2028,,,,,,,,,,,,0.0,0.0,0.0,0.0,0
111.82,-2.8852,0.6387,82.2028,-0.0004,-0.0001,82.2028,,,,,,,,,,,,0.0,0.0,0.0,0.0,0
111.84,-2.8852,0.6387,82.2028,-0.0004,-0.0001,82.2028,,,,,,,,,,,,0.0,0.0,0.0,0.0,0
111.86,-2.8898,0.6379,82.2568,-0.0004,-0.0001,82.2568,,,,,,,,,,,,0.0,0.0,0.0,0.0,0
111.88,-2.8898,0.6379,82.2568,-0.0004,-0.0001,82.2568,,,,,,,,,,,,0.0,0.0,0.0,0.0,0
111.9,-2.8898,0.6379,82.2568,-0.0004,-0.0001,82.2568,,,,,,,,,,,,0.0,0.0,0.0,0.0,0
111.92,-2.8898,0.6379,82.2568,-0.0004,-0.0001,82.2568,,,,,,,,,,,,0.0,0.0,0.0,0.0,0
111.94,-2.8898,0.6379,82.2568,-0.0004,-0.0001,82.2568,,,,,,,,,,,,0.0,0.0,0.0,0.0,0
111.96,-2.901,0.6409,82.3099,-0.0004,-0.0001,82.3099,,,,,,,,,,,,0.0,0.0,0.0,0.0,0
111.98,-2.901,0.6409,82.3099,-0.0004,-0.0001,82.3099,,,,,,,,,,,,0.0,0.0,0.0,0.0,0
112.0,-2.901,0.6409,82.3099,-0.0004,-0.0001,82.3099,,,,,,,,,,,,0.0,0.0,0.0,0.0,0
112.02,-2.901,0.6409,82.3099,-0.0004,-0.0001,82.3099,,,,,,,,,,,,0.0,0.0,0.0,0.0,0
112.04,-2.901,0.6409,82.3099,-0.0004,-0.0001,82.3099,,,,,,,,,,,,0.0,0.0,0.0,0.0,0
112.06,-2.9112,0.6424,82.3643,-0.0004,-0.0001,82.3643,,,,,,,,,,,,0.0,0.0,0.0,0.0,0
112.08,-2.9112,0.6424,82.3643,-0.0004,-0.0001,82.3643,,,,,,,,,,,,0.0,0.0,0.0,0.0,0
112.1,-2.9112,0.6424,82.3643,-0.0004,-0.0001,82.3643,,,,,,,,,,,,0.0,0.0,0.0,0.0,0
112.12,-2.9112,0.6424,82.3643,-0.0004,-0.0001,82.3643,,,,,,,,,,,,0.0,0.0,0.0,0.0,0
112.14,-2.9112,0.6424,82.3643,-0.0004,-0.0001,82.3643,,,,,,,,,,,,0.0,0.0,0.0,0.0,0
112.16,-2.916,0.6419,82.4184,-0.0004,-0.0001,82.4184,,,,,,,,,,,,0.0,0.0,0.0,0.0,0
112.18,-2.916,0.6419,82.4184,-0.0004,-0.0001,82.4184,,,,,,,,,,,,0.0,0.0,0.0,0.0,0
112.2,-2.916,0.6419,82.4184,-0.0004,-0.0001,82.4184,,,,,,,,,,,,0.0,0.0,0.0,0.0,0
112.22,-2.916,0.6419,82.4184,-0.0004,-0.0001,82.4184,,,,,,,,,,,,0.0,0.0,0.0,0.0,0
112.24,-2.916,0.6419,82.4184,-0.0004,-0.0001,82.4184,,,,,,,,,,,,0.0,0.0,0.0,0.0,0
112.26,-2.923,0.6446,82.4691,-0.0004,-0.0001,82.4691,,,,,,,,,,,,0.0,0.0,0.0,0.0,0
112.28,-2.923,0.6446,82.4691,-0.0004,-0.0001,82.4691,,,,,,,,,,,,0.0,0.0,0.0,0.0,0
112.3,-2.923,0.6446,82.4691,-0.0004,-0.0001,82.4691,,,,,,,,,,,,0.0,0.0,0.0,0.0,0
112.32,-2.923,0.6446,82.4691,-0.0004,-0.0001,82.4691,,,,,,,,,,,,0.0,0.0,0.0,0.0,0
112.34,-2.923,0.6446,82.4691,-0.0004,-0.0001,82.4691,,,,,,,,,,,,0.0,0.0,0.0,0.0,0
112.36,-2.93,0.6459,82.5217,-0.0004,-0.0001,82.5218,,,,,,,,,,,,0.0,0.0,0.0,0.0,0
112.38,-2.93,0.6459,82.5217,-0.0004,-0.0001,82.5218,,,,,,,,,,,,0.0,0.0,0.0,0.0,0
112.4,-2.93,0.6459,82.5217,-0.0004,-0.0001,82.5218,,,,,,,,,,,,0.0,0.0,0.0,0.0,0
112.42,-2.93,0.6459,82.5217,-0.0004,-0.0001,82.5218,,,,,,,,,,,,0.0,0.0,0.0,0.0,0
112.44,-2.93,0.6459,82.5217,-0.0004,-0.0001,82.5218,,,,,,,,,,,,0.0,0.0,0.0,0.0,0
112.46,-2.9322,0.6434,82.5744,-0.0004,-0.0001,82.5744,,,,,,,,,,,,0.0,0.0,0.0,0.0,0
112.48,-2.9322,0.6434,82.5744,-0.0004,-0.0001,82.5744,,,,,,,,,,,,0.0,0.0,0.0,0.0,0
112.5,-2.9322,0.6434,82.5744,-0.0004,-0.0001,82.5744,,,,,,,,,,,,0.0,0.0,0.0,0.0,0
112.52,-2.9322,0.6434,82.5744,-0.0004,-0.0001,82.5744,,,,,,,,,,,,0.0,0.0,0.0,0.0,0
112.54,-2.9322,0.6434,82.5744,-0.0004,-0.0001,82.5744,,,,,,,,,,,,0.0,0.0,0.0,0.0,0
112.56,-2.9378,0.6411,82.6268,-0.0004,-0.0001,82.6268,,,,,,,,,,,,0.0,0.0,0.0,0.0,0
112.58,-2.9378,0.6411,82.6268,-0.0004,-0.0001,82.6268,,,,,,,,,,,,0.0,0.0,0.0,0.0,0
112.6,-2.9378,0.6411,82.6268,-0.0004,-0.0001,82.6268,,,,,,,,,,,,0.0,0.0,0.0,0.0,0
112.62,-2.9378,0.6411,82.6268,-0.0004,-0.0001,82.6268,,,,,,,,,,,,0.0,0.0,0.0,0.0,0
112.64,-2.9378,0.6411,82.6268,-0.0004,-0.0001,82.6268,,,,,,,,,,,,0.0,0.0,0.0,0.0,0
112.66,-2.9419,0.6428,82.6766,-0.0004,-0.0001,82.6766,,,,,,,,,,,,0.0,0.0,0.0,0.0,0
112.68,-2.9419,0.6428,82.6766,-0.0004,-0.0001,82.6766,,,,,,,,,,,,0.0,0.0,0.0,0.0,0
112.7,-2.9419,0.6428,82.6766,-0.0004,-0.0001,82.6766,,,,,,,,,,,,0.0,0.0,0.0,0.0,0
112.72,-2.9419,0.6428,82.6766,-0.0004,-0.0001,82.6766,,,,,,,,,,,,0.0,0.0,0.0,0.0,0
112.74,-2.9419,0.6428,82.6766,-0.0004,-0.0001,82.6766,,,,,,,,,,,,0.0,0.0,0.0,0.0,0
112.76,-2.9466,0.6429,82.7242,-0.0004,-0.0001,82.7242,,,,,,,,,,,,0.0,0.0,0.0,0.0,0
112.78,-2.9466,0.6429,82.7242,-0.0004,-0.0001,82.7242,,,,,,,,,,,,0.0,0.0,0.0,0.0,0
112.8,-2.9466,0.6429,82.7242,-0.0004,-0.0001,82.7242,,,,,,,,,,,,0.0,0.0,0.0,0.0,0
112.82,-2.9466,0.6429,82.7242,-0.0004,-0.0001,82.7242,,,,,,,,,,,,0.0,0.0,0.0,0.0,0
112.84,-2.9466,0.6429,82.7242,-0.0004,-0.0001,82.7242,,,,,,,,,,,,0.0,0.0,0.0,0.0,0
112.86,-2.9543,0.643,82.7727,-0.0004,-0.0001,82.7727,,,,,,,,,,,,0.0,0.0,0.0,0.0,0
112.88,-2.9543,0.643,82.7727,-0.0004,-0.0001,82.7727,,,,,,,,,,,,0.0,0.0,0.0,0.0,0
112.9,-2.9543,0.643,82.7727,-0.0004,-0.0001,82.7727,,,,,,,,,,,,0.0,0.0,0.0,0.0,0
112.92,-2.9543,0.643,82.7727,-0.0004,-0.0001,82.7727,,,,,,,,,,,,0.0,0.0,0.0,0.0,0
112.94,-2.9543,0.643,82.7727,-0.0004,-0.0001,82.7727,,,,,,,,,,,,0.0,0.0,0.0,0.0,0
112.96,-2.9595,0.641,82.8251,-0.0004,-0.0001,82.8251,,,,,,,,,,,,0.0,0.0,0.0,0.0,0
112.98,-2.9595,0.641,82.8251,-0.0004,-0.0001,82.8251,,,,,,,,,,,,0.0,0.0,0.0,0.0,0
113.0,-2.9595,0.641,82.8251,-0.0004,-0.0001,82.8251,,,,,,,,,,,,0.0,0.0,0.0,0.0,0
113.02,-2.9595,0.641,82.8251,-0.0004,-0.0001,82.8251,,,,,,,,,,,,0.0,0.0,0.0,0.0,0
113.04,-2.9595,0.641,82.8251,-0.0004,-0.0001,82.8251,,,,,,,,,,,,0.0,0.0,0.0,0.0,0
113.06,-2.9654,0.6417,82.8722,-0.0004,-0.0001,82.8722,,,,,,,,,,,,0.0,0.0,0.0,0.0,0
113.08,-2.9654,0.6417,82.8722,-0.0004,-0.0001,82.8722,,,,,,,,,,,,0.0,0.0,0.0,0.0,0
113.1,-2.9654,0.6417,82.8722,-0.0004,-0.0001,82.8722,,,,,,,,,,,,0.0,0.0,0.0,0.0,0
113.12,-2.9654,0.6417,82.8722,-0.0004,-0.0001,82.8722,,,,,,,,,,,,0.0,0.0,0.0,0.0,0
113.14,-2.9654,0.6417,82.8722,-0.0004,-0.0001,82.8722,,,,,,,,,,,,0.0,0.0,0.0,0.0,0
113.16,-2.9676,0.638,82.9152,-0.0004,-0.0001,82.9152,,,,,,,,,,,,0.0,0.0,0.0,0.0,0
113.18,-2.9676,0.638,82.9152,-0.0004,-0.0001,82.9152,,,,,,,,,,,,0.0,0.0,0.0,0.0,0
113.2,-2.9676,0.638,82.9152,-0.0004,-0.0001,82.9152,,,,,,,,,,,,0.0,0.0,0.0,0.0,0
113.22,-2.9676,0.638,82.9152,-0.0004,-0.0001,82.9152,,,,,,,,,,,,0.0,0.0,0.0,0.0,0
113.24,-2.9676,0.638,82.9152,-0.0004,-0.0001,82.9152,,,,,,,,,,,,0.0,0.0,0.0,0.0,0
113.26,-2.9698,0.6384,82.9642,-0.0004,-0.0001,82.9642,,,,,,,,,,,,0.0,0.0,0.0,0.0,0
113.28,-2.9698,0.6384,82.9642,-0.0004,-0.0001,82.9642,,,,,,,,,,,,0.0,0.0,0.0,0.0,0
113.3,-2.9698,0.6384,82.9642,-0.0004,-0.0001,82.9642,,,,,,,,,,,,0.0,0.0,0.0,0.0,0
113.32,-2.9698,0.6384,82.9642,-0.0004,-0.0001,82.9642,,,,,,,,,,,,0.0,0.0,0.0,0.0,0
113.34,-2.9698,0.6384,82.9642,-0.0004,-0.0001,82.9642,,,,,,,,,,,,0.0,0.0,0.0,0.0,0
113.36,-2.9757,0.6368,83.0078,-0.0004,-0.0001,83.0079,,,,,,,,,,,,0.0,0.0,0.0,0.0,0
113.38,-2.9757,0.6368,83.0078,-0.0004,-0.0001,83.0079,,,,,,,,,,,,0.0,0.0,0.0,0.0,0
113.4,-2.9757,0.6368,83.0078,-0.0004,-0.0001,83.0079,,,,,,,,,,,,0.0,0.0,0.0,0.0,0
113.42,-2.9757,0.6368,83.0078,-0.0004,-0.0001,83.0079,,,,,,,,,,,,0.0,0.0,0.0,0.0,0
113.44,-2.9757,0.6368,83.0078,-0.0004,-0.0001,83.0079,,,,,,,,,,,,0.0,0.0,0.0,0.0,0
113.46,-2.9831,0.6361,83.0537,-0.0004,-0.0001,83.0537,,,,,,,,,,,,0.0,0.0,0.0,0.0,0
113.48,-2.9831,0.6361,83.0537,-0.0004,-0.0001,83.0537,,,,,,,,,,,,0.0,0.0,0.0,0.0,0
113.5,-2.9831,0.6361,83.0537,-0.0004,-0.0001,83.0537,,,,,,,,,,,,0.0,0.0,0.0,0.0,0
113.52,-2.9831,0.6361,83.0537,-0.0004,-0.0001,83.0537,,,,,,,,,,,,0.0,0.0,0.0,0.0,0
113.54,-2.9831,0.6361,83.0537,-0.0004,-0.0001,83.0537,,,,,,,,,,,,0.0,0.0,0.0,0.0,0
113.56,-2.987,0.6356,83.0964,-0.0004,-0.0001,83.0964,,,,,,,,,,,,0.0,0.0,0.0,0.0,0
113.58,-2.987,0.6356,83.0964,-0.0004,-0.0001,83.0964,,,,,,,,,,,,0.0,0.0,0.0,0.0,0
113.6,-2.987,0.6356,83.0964,-0.0004,-0.0001,83.0964,,,,,,,,,,,,0.0,0.0,0.0,0.0,0
113.62,-2.987,0.6356,83.0964,-0.0004,-0.0001,83.0964,,,,,,,,,,,,0.0,0.0,0.0,0.0,0
113.64,-2.987,0.6356,83.0964,-0.0004,-0.0001,83.0964,,,,,,,,,,,,0.0,0.0,0.0,0.0,0
113.66,-2.9938,0.6351,83.1421,-0.0004,-0.0001,83.1421,,,,,,,,,,,,0.0,0.0,0.0,0.0,0
113.68,-2.9938,0.6351,83.1421,-0.0004,-0.0001,83.1421,,,,,,,,,,,,0.0,0.0,0.0,0.0,0
113.7,-2.9938,0.6351,83.1421,-0.0004,-0.0001,83.1421,,,,,,,,,,,,0.0,0.0,0.0,0.0,0
113.72,-2.9938,0.6351,83.1421,-0.0004,-0.0001,83.1421,,,,,,,,,,,,0.0,0.0,0.0,0.0,0
113.74,-2.9938,0.6351,83.1421,-0.0004,-0.0001,83.1421,,,,,,,,,,,,0.0,0.0,0.0,0.0,0
113.76,-3.001,0.6349,83.1831,-0.0004,-0.0001,83.1831,,,,,,,,,,,,0.0,0.0,0.0,0.0,0
113.78,-3.001,0.6349,83.1831,-0.0004,-0.0001,83.1831,,,,,,,,,,,,0.029,0.029,0.029,0.029,0
113.8,-3.001,0.6349,83.1831,-0.0004,-0.0001,83.1831,,,,,,,,,,,,0.029,0.029,0.029,0.029,0
113.82,-3.001,0.6349,83.1831,-0.0004,-0.0001,83.1831,,,,,,,,,,,,0.029,0.029,0.029,0.029,0
113.84,-3.001,0.6349,83.1831,-0.0004,-0.0001,83.1831,,,,,,,,,,,,0.029,0.029,0.029,0.029,0
113.86,-3.0035,0.6338,83.2238,-0.0004,-0.0001,83.2238,,,,,,,,,,,,0.029,0.029,0.029,0.029,0
113.88,-3.0035,0.6338,83.2238,-0.0004,-0.0001,83.2238,,,,,,,,,,,,0.059,0.059,0.059,0.059,0
113.9,-3.0035,0.6338,83.2238,-0.0004,-0.0001,83.2238,,,,,,,,,,,,0.059,0.059,0.059,0.059,0
113.92,-3.0035,0.6338,83.2238,-0.0004,-0.0001,83.2238,,,,,,,,,,,,0.059,0.059,0.059,0.059,0
113.94,-3.0035,0.6338,83.2238,-0.0004,-0.0001,83.2238,,,,,,,,,,,,0.059,0.059,0.059,0.059,0
113.96,-3.0132,0.6359,83.2985,-0.0004,-0.0001,83.2985,,,,,,,,,,,,0.059,0.059,0.059,0.059,0
113.98,-3.0132,0.6359,83.2985,-0.0004,-0.0001,83.2985,,,,,,,,,,,,0.089,0.089,0.089,0.089,0
114.0,-3.0132,0.6359,83.2985,-0.0004,-0.0001,83.2985,,,,,,,,,,,,0.089,0.089,0.089,0.089,0
114.02,-3.0132,0.6359,83.2985,-0.0004,-0.0001,83.2985,,,,,,,,,,,,0.089,0.089,0.089,0.089,0
114.04,-3.0132,0.6359,83.2985,-0.0004,-0.0001,83.2985,,,,,,,,,,,,0.089,0.089,0.089,0.089,0
114.06,-3.0255,0.6458,83.1753,-0.0004,-0.0001,83.1753,,,,,,,,,,,,0.089,0.089,0.089,0.089,0
114.08,-3.0255,0.6458,83.1753,-0.0004,-0.0001,83.1753,,,,,,,,,,,,0.1,0.1,0.1,0.1,0
114.1,-3.0255,0.6458,83.1753,-0.0004,-0.0001,83.1753,,,,,,,,,,,,0.1,0.1,0.1,0.1,0
114.12,-3.0255,0.6458,83.1753,-0.0004,-0.0001,83.1753,,,,,,,,,,,,0.1,0.1,0.1,0.1,0
114.14,-3.0255,0.6458,83.1753,-0.0004,-0.0001,83.1753,,,,,,,,,,,,0.1,0.1,0.1,0.1,0
114.16,-3.0186,0.6385,83.458,-0.0004,-0.0001,83.458,,,,,,,,,,,,0.1,0.1,0.1,0.1,0
114.18,-3.0186,0.6385,83.458,-0.0004,-0.0001,83.458,,,,,,,,,,,,0.1,0.1,0.1,0.1,0
114.2,-3.0186,0.6385,83.458,-0.0004,-0.0001,83.458,,,,,,,,,,,,0.1,0.1,0.1,0.1,0
114.22,-3.0186,0.6385,83.458,-0.0004,-0.0001,83.458,,,,,,,,,,,,0.1,0.1,0.1,0.1,0
114.24,-3.0186,0.6385,83.458,-0.0004,-0.0001,83.458,,,,,,,,,,,,0.1,0.1,0.1,0.1,0
114.26,-3.019,0.645,83.3691,-0.0004,-0.0001,83.3691,,,,,,,,,,,,0.1,0.1,0.1,0.1,0
114.28,-3.019,0.645,83.3691,-0.0004,-0.0001,83.3691,,,,,,,,,,,,0.1,0.1,0.1,0.1,0
114.3,-3.019,0.645,83.3691,-0.0004,-0.0001,83.3691,,,,,,,,,,,,0.1,0.1,0.1,0.1,0
114.32,-3.019,0.645,83.3691,-0.0004,-0.0001,83.3691,,,,,,,,,,,,0.1,0.1,0.1,0.1,0
114.34,-3.019,0.645,83.3691,-0.0004,-0.0001,83.3691,,,,,,,,,,,,0.1,0.1,0.1,0.1,0
114.36,-3.0323,0.6363,83.3654,-0.0004,-0.0001,83.3654,,,,,,,,,,,,0.1,0.1,0.1,0.1,0
114.38,-3.0323,0.6363,83.3654,-0.0004,-0.0001,83.3654,,,,,,,,,,,,0.1,0.1,0.1,0.1,0
114.4,-3.0323,0.6363,83.3654,-0.0004,-0.0001,83.3654,,,,,,,,,,,,0.1,0.1,0.1,0.1,0
114.42,-3.0323,0.6363,83.3654,-0.0004,-0.0001,83.3654,,,,,,,,,,,,0.1,0.1,0.1,0.1,0
114.44,-3.0323,0.6363,83.3654,-0.0004,-0.0001,83.3654,,,,,,,,,,,,0.1,0.1,0.1,0.1,0
114.46,-3.0416,0.6248,83.5719,-0.0004,-0.0001,83.5719,,,,,,,,,,,,0.1,0.1,0.1,0.1,0
114.48,-3.0416,0.6248,83.5719,-0.0004,-0.0001,83.5719,,,,,,,,,,,,0.1,0.1,0.1,0.1,0
114.5,-3.0416,0.6248,83.5719,-0.0004,-0.0001,83.5719,,,,,,,,,,,,0.1,0.1,0.1,0.1,0
114.52,-3.0416,0.6248,83.5719,-0.0004,-0.0001,83.5719,,,,,,,,,,,,0.1,0.1,0.1,0.1,0
114.54,-3.0416,0.6248,83.5719,-0.0004,-0.0001,83.5719,,,,,,,,,,,,0.1,0.1,0.1,0.1,0
114.56,-3.0723,0.6409,83.3761,-0.0004,-0.0001,83.3761,,,,,,,,,,,,0.1,0.1,0.1,0.1,0
114.58,-3.0723,0.6409,83.3761,-0.0004,-0.0001,83.3761,,,,,,,,,,,,0.1,0.1,0.1,0.1,0
114.6,-3.0723,0.6409,83.3761,-0.0004,-0.0001,83.3761,,,,,,,,,,,,0.1,0.1,0.1,0.1,0
114.62,-3.0723,0.6409,83.3761,-0.0004,-0.0001,83.3761,,,,,,,,,,,,0.1,0.1,0.1,0.1,0
114.64,-3.0723,0.6409,83.3761,-0.0004,-0.0001,83.3761,,,,,,,,,,,,0.1,0.1,0.1,0.1,0
114.66,-3.061,0.6478,83.6171,-0.0004,-0.0001,83.6171,,,,,,,,,,,,0.1,0.1,0.1,0.1,0
114.68,-3.061,0.6478,83.6171,-0.0004,-0.0001,83.6171,,,,,,,,,,,,0.1,0.1,0.1,0.1,0
114.7,-3.061,0.6478,83.6171,-0.0004,-0.0001,83.6171,,,,,,,,,,,,0.1,0.1,0.1,0.1,0
114.72,-3.061,0.6478,83.6171,-0.0004,-0.0001,83.6171,,,,,,,,,,,,0.1,0.1,0.1,0.1,0
114.74,-3.061,0.6478,83.6171,-0.0004,-0.0001,83.6171,,,,,,,,,,,,0.1,0.1,0.1,0.1,0
114.76,-3.0601,0.6573,83.5326,-0.0004,-0.0001,83.5326,,,,,,,,,,,,0.1,0.1,0.1,0.1,0
114.78,-3.0601,0.6573,83.5326,-0.0004,-0.0001,83.5326,,,,,,,,,,,,0.1,0.1,0.1,0.1,0
114.8,-3.0601,0.6573,83.5326,-0.0004,-0.0001,83.5326,,,,,,,,,,,,0.1,0.1,0.1,0.1,0
114.82,-3.0601,0.6573,83.5326,-0.0004,-0.0001,83.5326,,,,,,,,,,,,0.1,0.1,0.1,0.1,0
114.84,-3.0601,0.6573,83.5326,-0.0004,-0.0001,83.5326,,,,,,,,,,,,0.1,0.1,0.1,0.1,0
114.86,-3.0643,0.6623,83.5673,-0.0004,-0.0001,83.5673,,,,,,,,,,,,0.1,0.1,0.1,0.1,0
114.88,-3.0643,0.6623,83.5673,-0.0004,-0.0001,83.5673,,,,,,,,,,,,0.1,0.1,0.1,0.1,0
114.9,-3.0643,0.6623,83.5673,-0.0004,-0.0001,83.5673,,,,,,,,,,,,0.1,0.1,0.1,0.1,0
114.92,-3.0643,0.6623,83.5673,-0.0004,-0.0001,83.5673,,,,,,,,,,,,0.1,0.1,0.1,0.1,0
114.94,-3.0643,0.6623,83.5673,-0.0004,-0.0001,83.5673,,,,,,,,,,,,0.1,0.1,0.1,0.1,0
114.96,-3.0761,0.6597,83.7279,-0.0004,-0.0001,83.7279,,,,,,,,,,,,0.1,0.1,0.1,0.1,0
114.98,-3.0761,0.6597,83.7279,-0.0004,-0.0001,83.7279,,,,,,,,,,,,0.102,0.102,0.102,0.102,0
115.0,-3.0761,0.6597,83.7279,-0.0004,-0.0001,83.7279,,,,,,,,,,,,0.102,0.102,0.102,0.102,0
115.02,-3.0761,0.6597,83.7279,-0.0004,-0.0001,83.7279,,,,,,,,,,,,0.102,0.102,0.102,0.102,0
115.04,-3.0761,0.6597,83.7279,-0.0004,-0.0001,83.7279,,,,,,,,,,,,0.102,0.102,0.102,0.102,0
115.06,-3.104,0.6489,83.585,-0.0004,-0.0001,83.585,,,,,,,,,,,,0.102,0.102,0.102,0.102,0
115.08,-3.104,0.6489,83.585,-0.0004,-0.0001,83.585,,,,,,,,,,,,0.133,0.133,0.133,0.133,0
115.1,-3.104,0.6489,83.585,-0.0004,-0.0001,83.585,,,,,,,,,,,,0.133,0.133,0.133,0.133,0
115.12,-3.104,0.6489,83.585,-0.0004,-0.0001,83.585,,,,,,,,,,,,0.133,0.133,0.133,0.133,0
115.14,-3.104,0.6489,83.585,-0.0004,-0.0001,83.585,,,,,,,,,,,,0.133,0.133,0.133,0.133,0
115.16,-3.1039,0.6392,83.779,-0.0004,-0.0001,83.6848,,,,,,,,,,,,0.133,0.133,0.133,0.133,0
115.18,-3.1039,0.6392,83.779,-0.0004,-0.0001,83.6848,,,,,,,,,,,,0.15,0.252,0.241,0.184,0
115.2,-3.1039,0.6392,83.779,-0.0004,-0.0001,83.6848,,,,,,,,,,,,0.15,0.252,0.241,0.184,0
115.22,-3.1039,0.6392,83.779,-0.0004,-0.0001,83.6848,,,,,,,,,,,,0.15,0.252,0.241,0.184,0
115.24,-3.1039,0.6392,83.779,-0.0004,-0.0001,83.6848,,,,,,,,,,,,0.15,0.252,0.241,0.184,0
115.26,-3.0911,0.6452,83.6265,-0.0004,-0.0001,83.6848,,,,,,,,,,,,0.15,0.252,0.241,0.184,0
115.28,-3.0911,0.6452,83.6265,-0.0004,-0.0001,83.6848,,,,,,,,,,,,0.163,0.264,0.245,0.174,0
115.3,-3.0911,0.6452,83.6265,-0.0004,-0.0001,83.6848,,,,,,,,,,,,0.163,0.264,0.245,0.174,0
115.32,-3.0911,0.6452,83.6265,-0.0004,-0.0001,83.6848,,,,,,,,,,,,0.163,0.264,0.245,0.174,0
115.34,-3.0911,0.6452,83.6265,-0.0004,-0.0001,83.6848,,,,,,,,,,,,0.163,0.264,0.245,0.174,0
115.36,-3.0405,0.6389,83.842,-0.0004,-0.0001,83.6848,,,,,,,,,,,,0.163,0.264,0.245,0.174,0
115.38,-3.0405,0.6389,83.842,-0.0004,-0.0001,83.6848,,,,,,,,,,,,0.179,0.246,0.245,0.203,0
115.4,-3.0405,0.6389,83.842,-0.0004,-0.0001,83.6848,,,,,,,,,,,,0.179,0.246,0.245,0.203,0
115.42,-3.0405,0.6389,83.842,-0.0004,-0.0001,83.6848,,,,,,,,,,,,0.179,0.246,0.245,0.203,0
115.44,-3.0405,0.6389,83.842,-0.0004,-0.0001,83.6848,,,,,,,,,,,,0.179,0.246,0.245,0.203,0
115.46,-3.0727,0.6499,83.7526,-0.0004,-0.0001,83.6848,,,,,,,,,,,,0.179,0.246,0.245,0.203,0
115.48,-3.0727,0.6499,83.7526,-0.0004,-0.0001,83.6848,,,,,,,,,,,,0.167,0.265,0.253,0.186,0
115.5,-3.0727,0.6499,83.7526,-0.0004,-0.0001,83.6848,,,,,,,,,,,,0.167,0.265,0.253,0.186,0
115.52,-3.0727,0.6499,83.7526,-0.0004,-0.0001,83.6848,,,,,,,,,,,,0.167,0.265,0.253,0.186,0
115.54,-3.0727,0.6499,83.7526,-0.0004,-0.0001,83.6848,,,,,,,,,,,,0.167,0.265,0.253,0.186,0
115.56,-3.095,0.6522,83.823,-0.0004,-0.0001,83.6848,,,,,,,,,,,,0.167,0.265,0.253,0.186,0
115.58,-3.095,0.6522,83.823,-0.0004,-0.0001,83.6848,,,,,,,,,,,,0.165,0.261,0.25,0.191,0
115.6,-3.095,0.6522,83.823,-0.0004,-0.0001,83.6848,,,,,,,,,,,,0.165,0.261,0.25,0.191,0
115.62,-3.095,0.6522,83.823,-0.0004,-0.0001,83.6848,,,,,,,,,,,,0.165,0.261,0.25,0.191,0
115.64,-3.095,0.6522,83.823,-0.0004,-0.0001,83.6848,,,,,,,,,,,,0.165,0.261,0.25,0.191,0
115.66,-3.0802,0.658,83.8757,-0.0004,-0.0001,83.6848,,,,,,,,,,,,0.165,0.261,0.25,0.191,0
115.68,-3.0802,0.658,83.8757,-0.0004,-0.0001,83.6848,,,,,,,,,,,,0.15,0.276,0.259,0.195,0
115.7,-3.0802,0.658,83.8757,-0.0004,-0.0001,83.6848,,,,,,,,,,,,0.15,0.276,0.259,0.195,0
115.72,-3.0802,0.658,83.8757,-0.0004,-0.0001,83.6848,,,,,,,,,,,,0.15,0.276,0.259,0.195,0
115.74,-3.0802,0.658,83.8757,-0.0004,-0.0001,83.6848,,,,,,,,,,,,0.15,0.276,0.259,0.195,0
115.76,-3.1438,0.6382,83.8002,-0.0004,-0.0001,83.6848,,,,,,,,,,,,0.15,0.276,0.259,0.195,0
115.78,-3.1438,0.6382,83.8002,-0.0004,-0.0001,83.6848,,,,,,,,,,,,0.217,0.321,0.307,0.236,0
115.8,-3.1438,0.6382,83.8002,-0.0004,-0.0001,83.6848,,,,,,,,,,,,0.217,0.321,0.307,0.236,0
115.82,-3.1438,0.6382,83.8002,-0.0004,-0.0001,83.6848,,,,,,,,,,,,0.217,0.321,0.307,0.236,0
115.84,-3.1438,0.6382,83.8002,-0.0004,-0.0001,83.6848,,,,,,,,,,,,0.217,0.321,0.307,0.236,0
115.86,-3.1251,0.6512,83.9434,-0.0004,-0.0001,83.6848,,,,,,,,,,,,0.217,0.321,0.307,0.236,0
115.88,-3.1251,0.6512,83.9434,-0.0004,-0.0001,83.6848,,,,,,,,,,,,0.246,0.364,0.359,0.274,0
115.9,-3.1251,0.6512,83.9434,-0.0004,-0.0001,83.6848,,,,,,,,,,,,0.246,0.364,0.359,0.274,0
115.92,-3.1251,0.6512,83.9434,-0.0004,-0.0001,83.6848,,,,,,,,,,,,0.246,0.364,0.359,0.274,0
115.94,-3.1251,0.6512,83.9434,-0.0004,-0.0001,83.6848,,,,,,,,,,,,0.246,0.364,0.359,0.274,0
115.96,-3.1191,0.6417,83.8452,-0.0004,-0.0001,83.6848,,,,,,,,,,,,0.246,0.364,0.359,0.274,0
115.98,-3.1191,0.6417,83.8452,-0.0004,-0.0001,83.6848,,,,,,,,,,,,0.287,0.385,0.379,0.298,0
116.0,-3.1191,0.6417,83.8452,-0.0004,-0.0001,83.6848,,,,,,,,,,,,0.287,0.385,0.379,0.298,0
116.02,-3.1191,0.6417,83.8452,-0.0004,-0.0001,83.6848,,,,,,,,,,,,0.287,0.385,0.379,0.298,0
116.04,-3.1191,0.6417,83.8452,-0.0004,-0.0001,83.6848,,,,,,,,,,,,0.287,0.385,0.379,0.298,0
116.06,-3.1975,0.6614,83.9931,-0.0004,-0.0001,83.6848,,,,,,,,,,,,0.287,0.385,0.379,0.298,0
116.08,-3.1975,0.6614,83.9931,-0.0004,-0.0001,83.6848,,,,,,,,,,,,0.266,0.398,0.387,0.303,0
116.1,-3.1975,0.6614,83.9931,-0.0004,-0.0001,83.6848,,,,,,,,,,,,0.266,0.398,0.387,0.303,0
116.12,-3.1975,0.6614,83.9931,-0.0004,-0.0001,83.6848,,,,,,,,,,,,0.266,0.398,0.387,0.303,0
116.14,-3.1975,0.6614,83.9931,-0.0004,-0.0001,83.6848,,,,,,,,,,,,0.266,0.398,0.387,0.303,0
116.16,-3.1165,0.6532,84.031,-0.0004,-0.0001,83.6848,,,,,,,,,,,,0.266,0.398,0.387,0.303,0
116.18,-3.1165,0.6532,84.031,-0.0004,-0.0001,83.6848,,,,,,,,,,,,0.285,0.388,0.39,0.302,0
116.2,-3.1165,0.6532,84.031,-0.0004,-0.0001,83.6848,,,,,,,,,,,,0.285,0.388,0.39,0.302,0
116.22,-3.1165,0.6532,84.031,-0.0004,-0.0001,83.6848,,,,,,,,,,,,0.285,0.388,0.39,0.302,0
116.24,-3.1165,0.6532,84.031,-0.0004,-0.0001,83.6848,,,,,,,,,,,,0.285,0.388,0.39,0.302,0
116.26,-3.1563,0.6513,84.0428,-0.0004,-0.0001,83.6848,,,,,,,,,,,,0.285,0.388,0.39,0.302,0
116.28,-3.1563,0.6513,84.0428,-0.0004,-0.0001,83.6848,,,,,,,,,,,,0.296,0.38,0.389,0.303,0
116.3,-3.1563,0.6513,84.0428,-0.0004,-0.0001,83.6848,,,,,,,,,,,,0.296,0.38,0.389,0.303,0
116.32,-3.1563,0.6513,84.0428,-0.0004,-0.0001,83.6848,,,,,,,,,,,,0.296,0.38,0.389,0.303,0
116.34,-3.1563,0.6513,84.0428,-0.0004,-0.0001,83.6848,,,,,,,,,,,,0.296,0.38,0.389,0.303,0
116.36,-3.1386,0.6325,84.0516,-0.0004,-0.0001,83.6848,,,,,,,,,,,,0.296,0.38,0.389,0.303,0
116.38,-3.1386,0.6325,84.0516,-0.0004,-0.0001,83.6848,,,,,,,,,,,,0.282,0.387,0.381,0.31,0
116.4,-3.1386,0.6325,84.0516,-0.0004,-0.0001,83.6848,,,,,,,,,,,,0.282,0.387,0.381,0.31,0
116.42,-3.1386,0.6325,84.0516,-0.0004,-0.0001,83.6848,,,,,,,,,,,,0.282,0.387,0.381,0.31,0
116.44,-3.1386,0.6325,84.0516,-0.0004,-0.0001,83.6848,,,,,,,,,,,,0.282,0.387,0.381,0.31,0
116.46,-3.1951,0.6429,83.9796,-0.0004,-0.0001,83.6848,,,,,,,,,,,,0.282,0.387,0.381,0.31,0
116.48,-3.1951,0.6429,83.9796,-0.0004,-0.0001,83.6848,,,,,,,,,,,,0.266,0.405,0.402,0.283,0
116.5,-3.1951,0.6429,83.9796,-0.0004,-0.0001,83.6848,,,,,,,,,,,,0.266,0.405,0.402,0.283,0
116.52,-3.1951,0.6429,83.9796,-0.0004,-0.0001,83.6848,,,,,,,,,,,,0.266,0.405,0.402,0.283,0
116.54,-3.1951,0.6429,83.9796,-0.0004,-0.0001,83.6848,,,,,,,,,,,,0.266,0.405,0.402,0.283,0
116.56,-3.235,0.6675,84.0832,-0.0004,-0.0001,83.6848,,,,,,,,,,,,0.266,0.405,0.402,0.283,0
116.58,-3.235,0.6675,84.0832,-0.0004,-0.0001,83.6848,,,,,,,,,,,,0.244,0.415,0.388,0.308,0
116.6,-3.235,0.6675,84.0832,-0.0004,-0.0001,83.6848,,,,,,,,,,,,0.244,0.415,0.388,0.308,0
116.62,-3.235,0.6675,84.0832,-0.0004,-0.0001,83.6848,,,,,,,,,,,,0.244,0.415,0.388,0.308,0
116.64,-3.235,0.6675,84.0832,-0.0004,-0.0001,83.6848,,,,,,,,,,,,0.244,0.415,0.388,0.308,0
116.66,-3.1809,0.6319,83.9838,-0.0004,-0.0001,83.6848,,,,,,,,,,,,0.244,0.415,0.388,0.308,0
116.68,-3.1809,0.6319,83.9838,-0.0004,-0.0001,83.6848,,,,,,,,,,,,0.313,0.427,0.407,0.348,0
116.7,-3.1809,0.6319,83.9838,-0.0004,-0.0001,83.6848,,,,,,,,,,,,0.313,0.427,0.407,0.348,0
116.72,-3.1809,0.6319,83.9838,-0.0004,-0.0001,83.6848,,,,,,,,,,,,0.313,0.427,0.407,0.348,0
116.74,-3.1809,0.6319,83.9838,-0.0004,-0.0001,83.6848,,,,,,,,,,,,0.313,0.427,0.407,0.348,0
116.76,-3.1721,0.6348,84.0032,-0.0004,-0.0001,83.6848,,,,,,,,,,,,0.313,0.427,0.407,0.348,0
116.78,-3.1721,0.6348,84.0032,-0.0004,-0.0001,83.6848,,,,,,,,,,,,0.312,0.453,0.441,0.344,0
116.8,-3.1721,0.6348,84.0032,-0.0004,-0.0001,83.6848,,,,,,,,,,,,0.312,0.453,0.441,0.344,0
116.82,-3.1721,0.6348,84.0032,-0.0004,-0.0001,83.6848,,,,,,,,,,,,0.312,0.453,0.441,0.344,0
116.84,-3.1721,0.6348,84.0032,-0.0004,-0.0001,83.6848,,,,,,,,,,,,0.312,0.453,0.441,0.344,0
116.86,-3.2691,0.6467,84.0576,-0.0004,-0.0001,83.6848,,,,,,,,,,,,0.312,0.453,0.441,0.344,0
116.88,-3.2691,0.6467,84.0576,-0.0004,-0.0001,83.6848,,,,,,,,,,,,0.319,0.46,0.449,0.353,0
116.9,-3.2691,0.6467,84.0576,-0.0004,-0.0001,83.6848,,,,,,,,,,,,0.319,0.46,0.449,0.353,0
116.92,-3.2691,0.6467,84.0576,-0.0004,-0.0001,83.6848,,,,,,,,,,,,0.319,0.46,0.449,0.353,0
116.94,-3.2691,0.6467,84.0576,-0.0004,-0.0001,83.6848,,,,,,,,,,,,0.319,0.46,0.449,0.353,0
116.96,-3.2643,0.6699,84.0267,-0.0004,-0.0001,83.6848,,,,,,,,,,,,0.319,0.46,0.449,0.353,0
116.98,-3.2643,0.6699,84.0267,-0.0004,-0.0001,83.6848,,,,,,,,,,,,0.33,0.47,0.465,0.351,0
117.0,-3.2643,0.6699,84.0267,-0.0004,-0.0001,83.6848,,,,,,,,,,,,0.33,0.47,0.465,0.351,0
117.02,-3.2643,0.6699,84.0267,-0.0004,-0.0001,83.6848,,,,,,,,,,,,0.33,0.47,0.465,0.351,0
117.04,-3.2643,0.6699,84.0267,-0.0004,-0.0001,83.6848,,,,,,,,,,,,0.33,0.47,0.465,0.351,0
117.06,-3.2328,0.6562,84.0829,-0.0004,-0.0001,83.6899,,,,,,,,,,,,0.33,0.47,0.465,0.351,0
117.08,-3.2328,0.6562,84.0829,-0.0004,-0.0001,83.6899,,,,,,,,,,,,0.354,0.479,0.471,0.384,0
117.1,-3.2328,0.6562,84.0829,-0.0004,-0.0001,83.6899,,,,,,,,,,,,0.354,0.479,0.471,0.384,0
117.12,-3.2328,0.6562,84.0829,-0.0004,-0.0001,83.6899,,,,,,,,,,,,0.354,0.479,0.471,0.384,0
117.14,-3.2328,0.6562,84.0829,-0.0004,-0.0001,83.6899,,,,,,,,,,,,0.354,0.479,0.471,0.384,0
117.16,-3.2564,0.6605,83.9805,-0.0004,-0.0001,83.6899,,,,,,,,,,,,0.354,0.479,0.471,0.384,0
117.18,-3.2564,0.6605,83.9805,-0.0004,-0.0001,83.6899,,,,,,,,,,,,0.363,0.517,0.479,0.419,0
117.2,-3.2564,0.6605,83.9805,-0.0004,-0.0001,83.6899,,,,,,,,,,,,0.363,0.517,0.479,0.419,0
117.22,-3.2564,0.6605,83.9805,-0.0004,-0.0001,83.6899,,,,,,,,,,,,0.363,0.517,0.479,0.419,0
117.24,-3.2564,0.6605,83.9805,-0.0004,-0.0001,83.6899,,,,,,,,,,,,0.363,0.517,0.479,0.419,0
117.26,-3.3318,0.6247,84.0469,-0.0004,-0.0001,83.6899,,,,,,,,,,,,0.363,0.517,0.479,0.419,0
117.28,-3.3318,0.6247,84.0469,-0.0004,-0.0001,83.6899,,,,,,,,,,,,0.373,0.536,0.53,0.402,0
117.3,-3.3318,0.6247,84.0469,-0.0004,-0.0001,83.6899,,,,,,,,,,,,0.373,0.536,0.53,0.402,0
117.32,-3.3318,0.6247,84.0469,-0.0004,-0.0001,83.6899,,,,,,,,,,,,0.373,0.536,0.53,0.402,0
117.34,-3.3318,0.6247,84.0469,-0.0004,-0.0001,83.6899,,,,,,,,,,,,0.373,0.536,0.53,0.402,0
117.36,-3.2173,0.7089,83.9593,-0.0003,-0.0001,83.7306,,,,,,,,,,,,0.373,0.536,0.53,0.402,0
117.38,-3.2173,0.7089,83.9593,-0.0003,-0.0001,83.7306,,,,,,,,,,,,0.364,0.553,0.527,0.407,0
117.4,-3.2173,0.7089,83.9593,-0.0003,-0.0001,83.7306,,,,,,,,,,,,0.364,0.553,0.527,0.407,0
117.42,-3.2173,0.7089,83.9593,-0.0003,-0.0001,83.7306,,,,,,,,,,,,0.364,0.553,0.527,0.407,0
117.44,-3.2173,0.7089,83.9593,-0.0003,-0.0001,83.7306,,,,,,,,,,,,0.364,0.553,0.527,0.407,0
117.46,-3.0601,0.5742,83.9926,-0.0002,-0.0,83.9201,,,,,,,,,,,,0.364,0.553,0.527,0.407,0
117.48,-3.0601,0.5742,83.9926,-0.0002,-0.0,83.9201,,,,,,,,,,,,0.399,0.537,0.486,0.459,0
117.5,-3.0601,0.5742,83.9926,-0.0002,-0.0,83.9201,,,,,,,,,,,,0.399,0.537,0.486,0.459,0
117.52,-3.0601,0.5742,83.9926,-0.0002,-0.0,83.9201,,,,,,,,,,,,0.399,0.537,0.486,0.459,0
117.54,-3.0601,0.5742,83.9926,-0.0002,-0.0,83.9201,,,,,,,,,,,,0.399,0.537,0.486,0.459,0
117.56,-3.4462,0.6266,84.0173,-0.0001,-0.0,84.0091,,,,,,,,,,,,0.399,0.537,0.486,0.459,0
117.58,-3.4462,0.6266,84.0173,-0.0001,-0.0,84.0091,,,,,,,,,,,,0.398,0.567,0.547,0.426,0
117.6,-3.4462,0.6266,84.0173,-0.0001,-0.0,84.0091,,,,,,,,,,,,0.398,0.567,0.547,0.426,0
117.62,-3.4462,0.6266,84.0173,-0.0001,-0.0,84.0091,,,,,,,,,,,,0.398,0.567,0.547,0.426,0
117.64,-3.4462,0.6266,84.0173,-0.0001,-0.0,84.0091,,,,,,,,,,,,0.398,0.567,0.547,0.426,0
117.66,-3.185,0.6426,84.0301,-0.0001,-0.0,84.0869,,,,,,,,,,,,0.398,0.567,0.547,0.426,0
117.68,-3.185,0.6426,84.0301,-0.0001,-0.0,84.0869,,,,,,,,,,,,0.438,0.565,0.543,0.462,0
117.7,-3.185,0.6426,84.0301,-0.0001,-0.0,84.0869,,,,,,,,,,,,0.438,0.565,0.543,0.462,0
117.72,-3.185,0.6426,84.0301,-0.0001,-0.0,84.0869,,,,,,,,,,,,0.438,0.565,0.543,0.462,0
117.74,-3.185,0.6426,84.0301,-0.0001,-0.0,84.0869,,,,,,,,,,,,0.438,0.565,0.543,0.462,0
117.76,-3.0129,0.7093,83.9668,-0.0001,-0.0,84.3327,,,,,,,,,,,,0.438,0.565,0.543,0.462,0
117.78,-3.0129,0.7093,83.9668,-0.0001,-0.0,84.3327,,,,,,,,,,,,0.436,0.61,0.553,0.485,0
117.8,-3.0129,0.7093,83.9668,-0.0001,-0.0,84.3327,,,,,,,,,,,,0.436,0.61,0.553,0.485,0
117.82,-3.0129,0.7093,83.9668,-0.0001,-0.0,84.3327,,,,,,,,,,,,0.436,0.61,0.553,0.485,0
117.84,-3.0129,0.7093,83.9668,-0.0001,-0.0,84.3327,,,,,,,,,,,,0.436,0.61,0.553,0.485,0
117.86,-2.9738,0.6986,83.8997,-0.0001,-0.0,84.375,,,,,,,,,,,,0.436,0.61,0.553,0.485,0
117.88,-2.9738,0.6986,83.8997,-0.0001,-0.0,84.375,,,,,,,,,,,,0.46,0.632,0.598,0.486,0
117.9,-2.9738,0.6986,83.8997,-0.0001,-0.0,84.375,,,,,,,,,,,,0.46,0.632,0.598,0.486,0
117.92,-2.9738,0.6986,83.8997,-0.0001,-0.0,84.375,,,,,,,,,,,,0.46,0.632,0.598,0.486,0
117.94,-2.9738,0.6986,83.8997,-0.0001,-0.0,84.375,,,,,,,,,,,,0.46,0.632,0.598,0.486,0
117.96,-2.9636,0.7465,83.7382,-0.0001,-0.0,84.4007,,,,,,,,,,,,0.46,0.632,0.598,0.486,0
117.98,-2.9636,0.7465,83.7382,-0.0001,-0.0,84.4007,,,,,,,,,,,,0.499,0.641,0.604,0.522,0
118.0,-2.9636,0.7465,83.7382,-0.0001,-0.0,84.4007,,,,,,,,,,,,0.499,0.641,0.604,0.522,0
118.02,-2.9636,0.7465,83.7382,-0.0001,-0.0,84.4007,,,,,,,,,,,,0.499,0.641,0.604,0.522,0
118.04,-2.9636,0.7465,83.7382,-0.0001,-0.0,84.4007,,,,,,,,,,,,0.499,0.641,0.604,0.522,0
118.06,-1.6105,0.7449,83.5755,-0.0001,-0.0,84.4007,,,,,,,,,,,,0.499,0.641,0.604,0.522,0
118.08,-1.6105,0.7449,83.5755,-0.0001,-0.0,84.4007,,,,,,,,,,,,0.509,0.646,0.598,0.537,0
118.1,-1.6105,0.7449,83.5755,-0.0001,-0.0,84.4007,,,,,,,,,,,,0.509,0.646,0.598,0.537,0
118.12,-1.6105,0.7449,83.5755,-0.0001,-0.0,84.4007,,,,,,,,,,,,0.509,0.646,0.598,0.537,0
118.14,-1.6105,0.7449,83.5755,-0.0001,-0.0,84.4007,,,,,,,,,,,,0.509,0.646,0.598,0.537,0
118.16,0.037,0.8381,83.252,-0.0173,-0.0,84.4007,,,,,,,,,,,,0.509,0.646,0.598,0.537,0
118.18,0.037,0.8381,83.252,-0.0173,-0.0,84.4007,,,,,,,,,,,,0.531,0.64,0.584,0.554,0
118.2,0.037,0.8381,83.252,-0.0173,-0.0,84.4007,,,,,,,,,,,,0.531,0.64,0.584,0.554,0
118.22,0.037,0.8381,83.252,-0.0173,-0.0,84.4007,,,,,,,,,,,,0.531,0.64,0.584,0.554,0
118.24,0.037,0.8381,83.252,-0.0173,-0.0,84.4007,,,,,,,,,,,,0.531,0.64,0.584,0.554,0
118.26,2.7422,0.5479,82.817,-0.3449,-0.0,84.4007,,,,,,,,,,,,0.531,0.64,0.584,0.554,0
118.28,2.7422,0.5479,82.817,-0.3449,-0.0,84.4007,,,,,,,,,,,,0.565,0.617,0.562,0.569,0
118.3,2.7422,0.5479,82.817,-0.3449,-0.0,84.4007,,,,,,,,,,,,0.565,0.617,0.562,0.569,0
118.32,2.7422,0.5479,82.817,-0.3449,-0.0,84.4007,,,,,,,,,,,,0.565,0.617,0.562,0.569,0
118.34,2.7422,0.5479,82.817,-0.3449,-0.0,84.4007,,,,,,,,,,,,0.565,0.617,0.562,0.569,0
118.36,6.3185,0.2761,82.65,-1.7397,-0.0,84.4007,,,,,,,,,,,,0.565,0.617,0.562,0.569,0
118.38,6.3185,0.2761,82.65,-1.7397,-0.0,84.4007,,,,,,,,,,,,0.64,0.535,0.486,0.636,0
118.4,6.3185,0.2761,82.65,-1.7397,-0.0,84.4007,,,,,,,,,,,,0.64,0.535,0.486,0.636,0
118.42,6.3185,0.2761,82.65,-1.7397,-0.0,84.4007,,,,,,,,,,,,0.64,0.535,0.486,0.636,0
118.44,6.3185,0.2761,82.65,-1.7397,-0.0,84.4007,,,,,,,,,,,,0.64,0.535,0.486,0.636,0
118.46,5.7629,0.0759,82.5412,-4.7957,0.1575,84.4006,,,,,,,,,,,,0.64,0.535,0.486,0.636,0
118.48,5.7629,0.0759,82.5412,-4.7957,0.1575,84.4006,,,,,,,,,,,,0.614,0.563,0.551,0.578,0
118.5,5.7629,0.0759,82.5412,-4.7957,0.1575,84.4006,,,,,,,,,,,,0.614,0.563,0.551,0.578,0
118.52,5.7629,0.0759,82.5412,-4.7957,0.1575,84.4006,,,,,,,,,,,,0.614,0.563,0.551,0.578,0
118.54,5.7629,0.0759,82.5412,-4.7957,0.1575,84.4006,,,,,,,,,,,,0.614,0.563,0.551,0.578,0
118.56,-0.3867,-0.0028,81.9633,-8.7902,0.8329,84.4,,,,,,,,,,,,0.614,0.563,0.551,0.578,0
118.58,-0.3867,-0.0028,81.9633,-8.7902,0.8329,84.4,,,,,,,,,,,,0.532,0.65,0.6,0.505,0
118.6,-0.3867,-0.0028,81.9633,-8.7902,0.8329,84.4,,,,,,,,,,,,0.532,0.65,0.6,0.505,0
118.62,-0.3867,-0.0028,81.9633,-8.7902,0.8329,84.4,,,,,,,,,,,,0.532,0.65,0.6,0.505,0
118.64,-0.3867,-0.0028,81.9633,-8.7902,0.8329,84.4,,,,,,,,,,,,0.532,0.65,0.6,0.505,0
118.66,-2.821,1.422,80.8016,-12.1454,1.6472,84.3994,,,,,,,,,,,,0.532,0.65,0.6,0.505,0
118.68,-2.821,1.422,80.8016,-12.1454,1.6472,84.3994,,,,,,,,,,,,0.745,0.433,0.295,0.716,0
118.7,-2.821,1.422,80.8016,-12.1454,1.6472,84.3994,,,,,,,,,,,,0.745,0.433,0.295,0.716,0
118.72,-2.821,1.422,80.8016,-12.1454,1.6472,84.3994,,,,,,,,,,,,0.745,0.433,0.295,0.716,0
118.74,-2.821,1.422,80.8016,-12.1454,1.6472,84.3994,,,,,,,,,,,,0.745,0.433,0.295,0.716,0
118.76,-2.0758,1.6794,80.0066,-13.8414,2.0253,84.3993,,,,,,,,,,,,0.745,0.433,0.295,0.716,0
118.78,-2.0758,1.6794,80.0066,-13.8414,2.0253,84.3993,,,,,,,,,,,,0.534,0.681,0.53,0.549,0
118.8,-2.0758,1.6794,80.0066,-13.8414,2.0253,84.3993,,,,,,,,,,,,0.534,0.681,0.53,0.549,0
118.82,-2.0758,1.6794,80.0066,-13.8414,2.0253,84.3993,,,,,,,,,,,,0.534,0.681,0.53,0.549,0
118.84,-2.0758,1.6794,80.0066,-13.8414,2.0253,84.3993,,,,,,,,,,,,0.534,0.681,0.53,0.549,0
118.86,-9.2584,3.4138,79.1345,-14.3637,2.0803,84.3993,,,,,,,,,,,,0.534,0.681,0.53,0.549,0
118.88,-9.2584,3.4138,79.1345,-14.3637,2.0803,84.3993,,,,,,,,,,,,0.496,0.723,0.571,0.509,0
118.9,-9.2584,3.4138,79.1345,-14.3637,2.0803,84.3993,,,,,,,,,,,,0.496,0.723,0.571,0.509,0
118.92,-9.2584,3.4138,79.1345,-14.3637,2.0803,84.3993,,,,,,,,,,,,0.496,0.723,0.571,0.509,0
118.94,-9.2584,3.4138,79.1345,-14.3637,2.0803,84.3993,,,,,,,,,,,,0.496,0.723,0.571,0.509,0
118.96,-8.502,-0.4379,80.0139,-14.4917,2.168,84.3993,,,,,,,,,,,,0.496,0.723,0.571,0.509,0
118.98,-8.502,-0.4379,80.0139,-14.4917,2.168,84.3993,,,,,,,,,,,,0.73,0.469,0.531,0.568,0
119.0,-8.502,-0.4379,80.0139,-14.4917,2.168,84.3993,,,,,,,,,,,,0.73,0.469,0.531,0.568,0
119.02,-8.502,-0.4379,80.0139,-14.4917,2.168,84.3993,,,,,,,,,,,,0.73,0.469,0.531,0.568,0
119.04,-8.502,-0.4379,80.0139,-14.4917,2.168,84.3993,,,,,,,,,,,,0.73,0.469,0.531,0.568,0
119.06,-5.8253,-0.7372,80.9203,-14.193,2.2092,84.3993,,,,,,,,,,,,0.73,0.469,0.531,0.568,0
119.08,-5.8253,-0.7372,80.9203,-14.193,2.2092,84.3993,,,,,,,,,,,,0.614,0.586,0.5,0.614,0
119.1,-5.8253,-0.7372,80.9203,-14.193,2.2092,84.3993,,,,,,,,,,,,0.614,0.586,0.5,0.614,0
119.12,-5.8253,-0.7372,80.9203,-14.193,2.2092,84.3993,,,,,,,,,,,,0.614,0.586,0.5,0.614,0
119.14,-5.8253,-0.7372,80.9203,-14.193,2.2092,84.3993,,,,,,,,,,,,0.614,0.586,0.5,0.614,0
119.16,-5.3375,1.1943,80.6128,-13.3666,1.7901,84.3992,,,,,,,,,,,,0.614,0.586,0.5,0.614,0
119.18,-5.3375,1.1943,80.6128,-13.3666,1.7901,84.3992,,,,,,,,,,,,0.583,0.627,0.627,0.47,0
119.2,-5.3375,1.1943,80.6128,-13.3666,1.7901,84.3992,,,,,,,,,,,,0.583,0.627,0.627,0.47,0
119.22,-5.3375,1.1943,80.6128,-13.3666,1.7901,84.3992,,,,,,,,,,,,0.583,0.627,0.627,0.47,0
119.24,-5.3375,1.1943,80.6128,-13.3666,1.7901,84.3992,,,,,,,,,,,,0.583,0.627,0.627,0.47,0
119.26,-6.7655,1.5711,79.5582,-12.7255,1.375,84.3991,,,,,,,,,,,,0.583,0.627,0.627,0.47,0
119.28,-6.7655,1.5711,79.5582,-12.7255,1.375,84.3991,,,,,,,,,,,,0.631,0.605,0.472,0.601,0
119.3,-6.7655,1.5711,79.5582,-12.7255,1.375,84.3991,,,,,,,,,,,,0.631,0.605,0.472,0.601,0
119.32,-6.7655,1.5711,79.5582,-12.7255,1.375,84.3991,,,,,,,,,,,,0.631,0.605,0.472,0.601,0
119.34,-6.7655,1.5711,79.5582,-12.7255,1.375,84.3991,,,,,,,,,,,,0.631,0.605,0.472,0.601,0
119.36,-7.2132,1.0764,78.9873,-12.3371,1.2938,84.3991,,,,,,,,,,,,0.631,0.605,0.472,0.601,0
119.38,-7.2132,1.0764,78.9873,-12.3371,1.2938,84.3991,,,,,,,,,,,,0.633,0.61,0.512,0.563,0
119.4,-7.2132,1.0764,78.9873,-12.3371,1.2938,84.3991,,,,,,,,,,,,0.633,0.61,0.512,0.563,0
119.42,-7.2132,1.0764,78.9873,-12.3371,1.2938,84.3991,,,,,,,,,,,,0.633,0.61,0.512,0.563,0
119.44,-7.2132,1.0764,78.9873,-12.3371,1.2938,84.3991,,,,,,,,,,,,0.633,0.61,0.512,0.563,0
119.46,-8.7473,0.9656,78.9423,-12.0412,1.4036,84.3991,,,,,,,,,,,,0.633,0.61,0.512,0.563,0
119.48,-8.7473,0.9656,78.9423,-12.0412,1.4036,84.3991,,,,,,,,,,,,0.578,0.659,0.55,0.535,0
119.5,-8.7473,0.9656,78.9423,-12.0412,1.4036,84.3991,,,,,,,,,,,,0.578,0.659,0.55,0.535,0
119.52,-8.7473,0.9656,78.9423,-12.0412,1.4036,84.3991,,,,,,,,,,,,0.578,0.659,0.55,0.535,0
119.54,-8.7473,0.9656,78.9423,-12.0412,1.4036,84.3991,,,,,,,,,,,,0.578,0.659,0.55,0.535,0
119.56,-10.9512,0.7976,78.1785,-11.442,1.2122,84.3991,,,,,,,,,,,,0.578,0.659,0.55,0.535,0
119.58,-10.9512,0.7976,78.1785,-11.442,1.2122,84.3991,,,,,,,,,,,,0.589,0.668,0.532,0.536,0
119.6,-10.9512,0.7976,78.1785,-11.442,1.2122,84.3991,,,,,,,,,,,,0.589,0.668,0.532,0.536,0
119.62,-10.9512,0.7976,78.1785,-11.442,1.2122,84.3991,,,,,,,,,,,,0.589,0.668,0.532,0.536,0
119.64,-10.9512,0.7976,78.1785,-11.442,1.2122,84.3991,,,,,,,,,,,,0.589,0.668,0.532,0.536,0
119.66,-11.9718,1.1564,77.4175,-10.3187,0.9175,84.399,,,,,,,,,,,,0.589,0.668,0.532,0.536,0
119.68,-11.9718,1.1564,77.4175,-10.3187,0.9175,84.399,,,,,,,,,,,,0.62,0.647,0.52,0.542,0
119.7,-11.9718,1.1564,77.4175,-10.3187,0.9175,84.399,,,,,,,,,,,,0.62,0.647,0.52,0.542,0
119.72,-11.9718,1.1564,77.4175,-10.3187,0.9175,84.399,,,,,,,,,,,,0.62,0.647,0.52,0.542,0
119.74,-11.9718,1.1564,77.4175,-10.3187,0.9175,84.399,,,,,,,,,,,,0.62,0.647,0.52,0.542,0
119.76,-11.3369,0.1679,76.3177,-8.6132,0.4815,84.3989,,,,,,,,,,,,0.62,0.647,0.52,0.542,0
119.78,-11.3369,0.1679,76.3177,-8.6132,0.4815,84.3989,,,,,,,,,,,,0.597,0.699,0.575,0.464,0
119.8,-11.3369,0.1679,76.3177,-8.6132,0.4815,84.3989,,,,,,,,,,,,0.597,0.699,0.575,0.464,0
119.82,-11.3369,0.1679,76.3177,-8.6132,0.4815,84.3989,,,,,,,,,,,,0.597,0.699,0.575,0.464,0
119.84,-11.3369,0.1679,76.3177,-8.6132,0.4815,84.3989,,,,,,,,,,,,0.597,0.699,0.575,0.464,0
119.86,-11.2687,-0.2909,73.4646,-6.2794,0.2459,84.3988,,,,,,,,,,,,0.597,0.699,0.575,0.464,0
119.88,-11.2687,-0.2909,73.4646,-6.2794,0.2459,84.3988,,,,,,,,,,,,0.646,0.703,0.402,0.571,0
119.9,-11.2687,-0.2909,73.4646,-6.2794,0.2459,84.3988,,,,,,,,,,,,0.646,0.703,0.402,0.571,0
119.92,-11.2687,-0.2909,73.4646,-6.2794,0.2459,84.3988,,,,,,,,,,,,0.646,0.703,0.402,0.571,0
119.94,-11.2687,-0.2909,73.4646,-6.2794,0.2459,84.3988,,,,,,,,,,,,0.646,0.703,0.402,0.571,0
119.96,-7.0834,2.4094,71.3833,-4.2308,0.1255,84.3987,,,,,,,,,,,,0.646,0.703,0.402,0.571,0
119.98,-7.0834,2.4094,71.3833,-4.2308,0.1255,84.3987,,,,,,,,,,,,0.609,0.736,0.43,0.547,0
120.0,-7.0834,2.4094,71.3833,-4.2308,0.1255,84.3987,,,,,,,,,,,,0.609,0.736,0.43,0.547,0
120.02,-7.0834,2.4094,71.3833,-4.2308,0.1255,84.3987,,,,,,,,,,,,0.609,0.736,0.43,0.547,0
120.04,-7.0834,2.4094,71.3833,-4.2308,0.1255,84.3987,,,,,,,,,,,,0.609,0.736,0.43,0.547,0
120.06,-2.9615,2.0907,70.0219,-3.0671,0.0641,84.3987,,,,,,,,,,,,0.609,0.736,0.43,0.547,0
120.08,-2.9615,2.0907,70.0219,-3.0671,0.0641,84.3987,,,,,,,,,,,,0.639,0.715,0.565,0.394,0
120.1,-2.9615,2.0907,70.0219,-3.0671,0.0641,84.3987,,,,,,,,,,,,0.639,0.715,0.565,0.394,0
120.12,-2.9615,2.0907,70.0219,-3.0671,0.0641,84.3987,,,,,,,,,,,,0.639,0.715,0.565,0.394,0
120.14,-2.9615,2.0907,70.0219,-3.0671,0.0641,84.3987,,,,,,,,,,,,0.639,0.715,0.565,0.394,0
120.16,-3.1827,0.7516,69.0971,-2.4018,0.0327,84.3987,,,,,,,,,,,,0.639,0.715,0.565,0.394,0
120.18,-3.1827,0.7516,69.0971,-2.4018,0.0327,84.3987,,,,,,,,,,,,0.681,0.678,0.315,0.621,0
120.2,-3.1827,0.7516,69.0971,-2.4018,0.0327,84.3987,,,,,,,,,,,,0.681,0.678,0.315,0.621,0
120.22,-3.1827,0.7516,69.0971,-2.4018,0.0327,84.3987,,,,,,,,,,,,0.681,0.678,0.315,0.621,0
120.24,-3.1827,0.7516,69.0971,-2.4018,0.0327,84.3987,,,,,,,,,,,,0.681,0.678,0.315,0.621,0
120.26,-2.9328,1.8711,69.2971,-2.2649,0.0167,84.3987,,,,,,,,,,,,0.681,0.678,0.315,0.621,0
120.28,-2.9328,1.8711,69.2971,-2.2649,0.0167,84.3987,,,,,,,,,,,,0.603,0.734,0.525,0.49,0
120.3,-2.9328,1.8711,69.2971,-2.2649,0.0167,84.3987,,,,,,,,,,,,0.603,0.734,0.525,0.49,0
120.32,-2.9328,1.8711,69.2971,-2.2649,0.0167,84.3987,,,,,,,,,,,,0.603,0.734,0.525,0.49,0
120.34,-2.9328,1.8711,69.2971,-2.2649,0.0167,84.3987,,,,,,,,,,,,0.603,0.734,0.525,0.49,0
120.36,-3.2627,0.0572,70.0523,-2.636,0.0085,84.3987,,,,,,,,,,,,0.603,0.734,0.525,0.49,0
120.38,-3.2627,0.0572,70.0523,-2.636,0.0085,84.3987,,,,,,,,,,,,0.701,0.632,0.417,0.601,0
120.4,-3.2627,0.0572,70.0523,-2.636,0.0085,84.3987,,,,,,,,,,,,0.701,0.632,0.417,0.601,0
120.42,-3.2627,0.0572,70.0523,-2.636,0.0085,84.3987,,,,,,,,,,,,0.701,0.632,0.417,0.601,0
120.44,-3.2627,0.0572,70.0523,-2.636,0.0085,84.3987,,,,,,,,,,,,0.701,0.632,0.417,0.601,0
120.46,-2.7996,0.1157,71.3565,-2.6879,0.0044,84.3986,,,,,,,,,,,,0.701,0.632,0.417,0.601,0
120.48,-2.7996,0.1157,71.3565,-2.6879,0.0044,84.3986,,,,,,,,,,,,0.548,0.759,0.599,0.459,0
120.5,-2.7996,0.1157,71.3565,-2.6879,0.0044,84.3986,,,,,,,,,,,,0.548,0.759,0.599,0.459,0
120.52,-2.7996,0.1157,71.3565,-2.6879,0.0044,84.3986,,,,,,,,,,,,0.548,0.759,0.599,0.459,0
120.54,-2.7996,0.1157,71.3565,-2.6879,0.0044,84.3986,,,,,,,,,,,,0.548,0.759,0.599,0.459,0
120.56,-3.7912,0.9274,72.4988,-2.222,0.0022,84.3986,,,,,,,,,,,,0.548,0.759,0.599,0.459,0
120.58,-3.7912,0.9274,72.4988,-2.222,0.0022,84.3986,,,,,,,,,,,,0.588,0.722,0.548,0.53,0
120.6,-3.7912,0.9274,72.4988,-2.222,0.0022,84.3986,,,,,,,,,,,,0.588,0.722,0.548,0.53,0
120.62,-3.7912,0.9274,72.4988,-2.222,0.0022,84.3986,,,,,,,,,,,,0.588,0.722,0.548,0.53,0
120.64,-3.7912,0.9274,72.4988,-2.222,0.0022,84.3986,,,,,,,,,,,,0.588,0.722,0.548,0.53,0
120.66,-3.5238,0.3659,73.4821,-1.8827,0.0011,84.3986,,,,,,,,,,,,0.588,0.722,0.548,0.53,0
120.68,-3.5238,0.3659,73.4821,-1.8827,0.0011,84.3986,,,,,,,,,,,,0.657,0.675,0.504,0.591,0
120.7,-3.5238,0.3659,73.4821,-1.8827,0.0011,84.3986,,,,,,,,,,,,0.657,0.675,0.504,0.591,0
120.72,-3.5238,0.3659,73.4821,-1.8827,0.0011,84.3986,,,,,,,,,,,,0.657,0.675,0.504,0.591,0
120.74,-3.5238,0.3659,73.4821,-1.8827,0.0011,84.3986,,,,,,,,,,,,0.657,0.675,0.504,0.591,0
120.76,-3.4515,0.5385,74.1305,-2.1986,0.0006,84.3987,,,,,,,,,,,,0.657,0.675,0.504,0.591,0
120.78,-3.4515,0.5385,74.1305,-2.1986,0.0006,84.3987,,,,,,,,,,,,0.67,0.673,0.501,0.605,0
120.8,-3.4515,0.5385,74.1305,-2.1986,0.0006,84.3987,,,,,,,,,,,,0.67,0.673,0.501,0.605,0
120.82,-3.4515,0.5385,74.1305,-2.1986,0.0006,84.3987,,,,,,,,,,,,0.67,0.673,0.501,0.605,0
120.84,-3.4515,0.5385,74.1305,-2.1986,0.0006,84.3987,,,,,,,,,,,,0.67,0.673,0.501,0.605,0
120.86,-3.2269,0.0895,74.6716,-3.1316,0.0003,84.3987,,,,,,,,,,,,0.67,0.673,0.501,0.605,0
120.88,-3.2269,0.0895,74.6716,-3.1316,0.0003,84.3987,,,,,,,,,,,,0.669,0.682,0.524,0.592,0
120.9,-3.2269,0.0895,74.6716,-3.1316,0.0003,84.3987,,,,,,,,,,,,0.669,0.682,0.524,0.592,0
120.92,-3.2269,0.0895,74.6716,-3.1316,0.0003,84.3987,,,,,,,,,,,,0.669,0.682,0.524,0.592,0
120.94,-3.2269,0.0895,74.6716,-3.1316,0.0003,84.3987,,,,,,,,,,,,0.669,0.682,0.524,0.592,0
120.96,-2.9658,-0.2072,75.3278,-4.3543,0.1003,84.3986,,,,,,,,,,,,0.669,0.682,0.524,0.592,0
120.98,-2.9658,-0.2072,75.3278,-4.3543,0.1003,84.3986,,,,,,,,,,,,0.677,0.675,0.516,0.607,0
121.0,-2.9658,-0.2072,75.3278,-4.3543,0.1003,84.3986,,,,,,,,,,,,0.677,0.675,0.516,0.607,0
121.02,-2.9658,-0.2072,75.3278,-4.3543,0.1003,84.3986,,,,,,,,,,,,0.677,0.675,0.516,0.607,0
121.04,-2.9658,-0.2072,75.3278,-4.3543,0.1003,84.3986,,,,,,,,,,,,0.677,0.675,0.516,0.607,0
121.06,-4.1293,0.5217,75.8652,-5.2806,0.3501,84.3986,,,,,,,,,,,,0.677,0.675,0.516,0.607,0
121.08,-4.1293,0.5217,75.8652,-5.2806,0.3501,84.3986,,,,,,,,,,,,0.647,0.7,0.488,0.636,0
121.1,-4.1293,0.5217,75.8652,-5.2806,0.3501,84.3986,,,,,,,,,,,,0.647,0.7,0.488,0.636,0
121.12,-4.1293,0.5217,75.8652,-5.2806,0.3501,84.3986,,,,,,,,,,,,0.647,0.7,0.488,0.636,0
121.14,-4.1293,0.5217,75.8652,-5.2806,0.3501,84.3986,,,,,,,,,,,,0.647,0.7,0.488,0.636,0
121.16,-5.1269,0.5555,76.0817,-5.5884,0.1787,84.3986,,,,,,,,,,,,0.647,0.7,0.488,0.636,0
121.18,-5.1269,0.5555,76.0817,-5.5884,0.1787,84.3986,,,,,,,,,,,,0.633,0.716,0.58,0.549,0
121.2,-5.1269,0.5555,76.0817,-5.5884,0.1787,84.3986,,,,,,,,,,,,0.633,0.716,0.58,0.549,0
121.22,-5.1269,0.5555,76.0817,-5.5884,0.1787,84.3986,,,,,,,,,,,,0.633,0.716,0.58,0.549,0
121.24,-5.1269,0.5555,76.0817,-5.5884,0.1787,84.3986,,,,,,,,,,,,0.633,0.716,0.58,0.549,0
121.26,-6.0491,0.3705,76.2539,-5.3426,0.0912,84.3986,,,,,,,,,,,,0.633,0.716,0.58,0.549,0
121.28,-6.0491,0.3705,76.2539,-5.3426,0.0912,84.3986,,,,,,,,,,,,0.601,0.747,0.591,0.535,0
121.3,-6.0491,0.3705,76.2539,-5.3426,0.0912,84.3986,,,,,,,,,,,,0.601,0.747,0.591,0.535,0
121.32,-6.0491,0.3705,76.2539,-5.3426,0.0912,84.3986,,,,,,,,,,,,0.601,0.747,0.591,0.535,0
121.34,-6.0491,0.3705,76.2539,-5.3426,0.0912,84.3986,,,,,,,,,,,,0.601,0.747,0.591,0.535,0
121.36,-6.6335,0.656,76.3471,-5.1679,0.0466,84.3986,,,,,,,,,,,,0.601,0.747,0.591,0.535,0
121.38,-6.6335,0.656,76.3471,-5.1679,0.0466,84.3986,,,,,,,,,,,,0.663,0.694,0.533,0.593,0
121.4,-6.6335,0.656,76.3471,-5.1679,0.0466,84.3986,,,,,,,,,,,,0.663,0.694,0.533,0.593,0
121.42,-6.6335,0.656,76.3471,-5.1679,0.0466,84.3986,,,,,,,,,,,,0.663,0.694,0.533,0.593,0
121.44,-6.6335,0.656,76.3471,-5.1679,0.0466,84.3986,,,,,,,,,,,,0.663,0.694,0.533,0.593,0
121.46,-5.7423,0.3167,76.6731,-4.9917,0.0238,84.3986,,,,,,,,,,,,0.663,0.694,0.533,0.593,0
121.48,-5.7423,0.3167,76.6731,-4.9917,0.0238,84.3986,,,,,,,,,,,,0.685,0.67,0.515,0.617,0
121.5,-5.7423,0.3167,76.6731,-4.9917,0.0238,84.3986,,,,,,,,,,,,0.685,0.67,0.515,0.617,0
121.52,-5.7423,0.3167,76.6731,-4.9917,0.0238,84.3986,,,,,,,,,,,,0.685,0.67,0.515,0.617,0
121.54,-5.7423,0.3167,76.6731,-4.9917,0.0238,84.3986,,,,,,,,,,,,0.685,0.67,0.515,0.617,0
121.56,-4.5896,0.272,77.0428,-4.5513,0.0121,84.3985,,,,,,,,,,,,0.685,0.67,0.515,0.617,0
121.58,-4.5896,0.272,77.0428,-4.5513,0.0121,84.3985,,,,,,,,,,,,0.61,0.735,0.581,0.558,0
121.6,-4.5896,0.272,77.0428,-4.5513,0.0121,84.3985,,,,,,,,,,,,0.61,0.735,0.581,0.558,0
121.62,-4.5896,0.272,77.0428,-4.5513,0.0121,84.3985,,,,,,,,,,,,0.61,0.735,0.581,0.558,0
121.64,-4.5896,0.272,77.0428,-4.5513,0.0121,84.3985,,,,,,,,,,,,0.61,0.735,0.581,0.558,0
121.66,-3.4023,0.2976,77.4741,-3.2272,0.0062,84.3985,,,,,,,,,,,,0.61,0.735,0.581,0.558,0
121.68,-3.4023,0.2976,77.4741,-3.2272,0.0062,84.3985,,,,,,,,,,,,0.647,0.699,0.601,0.541,0
121.7,-3.4023,0.2976,77.4741,-3.2272,0.0062,84.3985,,,,,,,,,,,,0.647,0.699,0.601,0.541,0
121.72,-3.4023,0.2976,77.4741,-3.2272,0.0062,84.3985,,,,,,,,,,,,0.647,0.699,0.601,0.541,0
121.74,-3.4023,0.2976,77.4741,-3.2272,0.0062,84.3985,,,,,,,,,,,,0.647,0.699,0.601,0.541,0
121.76,-3.3361,-0.8169,77.6678,-2.3998,0.0032,84.3986,,,,,,,,,,,,0.647,0.699,0.601,0.541,0
121.78,-3.3361,-0.8169,77.6678,-2.3998,0.0032,84.3986,,,,,,,,,,,,0.679,0.669,0.545,0.594,0
121.8,-3.3361,-0.8169,77.6678,-2.3998,0.0032,84.3986,,,,,,,,,,,,0.679,0.669,0.545,0.594,0
121.82,-3.3361,-0.8169,77.6678,-2.3998,0.0032,84.3986,,,,,,,,,,,,0.679,0.669,0.545,0.594,0
121.84,-3.3361,-0.8169,77.6678,-2.3998,0.0032,84.3986,,,,,,,,,,,,0.679,0.669,0.545,0.594,0
121.86,-2.6284,-0.7693,78.339,-2.0993,0.0016,84.3986,,,,,,,,,,,,0.679,0.669,0.545,0.594,0
121.88,-2.6284,-0.7693,78.339,-2.0993,0.0016,84.3986,,,,,,,,,,,,0.634,0.7,0.562,0.592,0
121.9,-2.6284,-0.7693,78.339,-2.0993,0.0016,84.3986,,,,,,,,,,,,0.634,0.7,0.562,0.592,0
121.92,-2.6284,-0.7693,78.339,-2.0993,0.0016,84.3986,,,,,,,,,,,,0.634,0.7,0.562,0.592,0
121.94,-2.6284,-0.7693,78.339,-2.0993,0.0016,84.3986,,,,,,,,,,,,0.634,0.7,0.562,0.592,0
121.96,-2.4266,-0.2844,79.2185,-2.2088,0.0008,84.3986,,,,,,,,,,,,0.634,0.7,0.562,0.592,0
121.98,-2.4266,-0.2844,79.2185,-2.2088,0.0008,84.3986,,,,,,,,,,,,0.646,0.681,0.548,0.622,0
122.0,-2.4266,-0.2844,79.2185,-2.2088,0.0008,84.3986,,,,,,,,,,,,0.646,0.681,0.548,0.622,0
122.02,-2.4266,-0.2844,79.2185,-2.2088,0.0008,84.3986,,,,,,,,,,,,0.646,0.681,0.548,0.622,0
122.04,-2.4266,-0.2844,79.2185,-2.2088,0.0008,84.3986,,,,,,,,,,,,0.646,0.681,0.548,0.622,0
122.06,-3.0768,0.0366,79.7855,-3.2946,0.0004,84.3986,,,,,,,,,,,,0.646,0.681,0.548,0.622,0
122.08,-3.0768,0.0366,79.7855,-3.2946,0.0004,84.3986,,,,,,,,,,,,0.666,0.66,0.535,0.639,0
122.1,-3.0768,0.0366,79.7855,-3.2946,0.0004,84.3986,,,,,,,,,,,,0.666,0.66,0.535,0.639,0
122.12,-3.0768,0.0366,79.7855,-3.2946,0.0004,84.3986,,,,,,,,,,,,0.666,0.66,0.535,0.639,0
122.14,-3.0768,0.0366,79.7855,-3.2946,0.0004,84.3986,,,,,,,,,,,,0.666,0.66,0.535,0.639,0
122.16,-4.6685,-0.1172,80.0237,-4.4663,0.0002,84.3986,,,,,,,,,,,,0.666,0.66,0.535,0.639,0
122.18,-4.6685,-0.1172,80.0237,-4.4663,0.0002,84.3986,,,,,,,,,,,,0.57,0.752,0.633,0.54,0
122.2,-4.6685,-0.1172,80.0237,-4.4663,0.0002,84.3986,,,,,,,,,,,,0.57,0.752,0.633,0.54,0
122.22,-4.6685,-0.1172,80.0237,-4.4663,0.0002,84.3986,,,,,,,,,,,,0.57,0.752,0.633,0.54,0
122.24,-4.6685,-0.1172,80.0237,-4.4663,0.0002,84.3986,,,,,,,,,,,,0.57,0.752,0.633,0.54,0
122.26,-6.8446,-0.3858,79.896,-5.1502,0.0001,84.3985,,,,,,,,,,,,0.57,0.752,0.633,0.54,0
122.28,-6.8446,-0.3858,79.896,-5.1502,0.0001,84.3985,,,,,,,,,,,,0.619,0.721,0.577,0.598,0
122.3,-6.8446,-0.3858,79.896,-5.1502,0.0001,84.3985,,,,,,,,,,,,0.619,0.721,0.577,0.598,0
122.32,-6.8446,-0.3858,79.896,-5.1502,0.0001,84.3985,,,,,,,,,,,,0.619,0.721,0.577,0.598,0
122.34,-6.8446,-0.3858,79.896,-5.1502,0.0001,84.3985,,,,,,,,,,,,0.619,0.721,0.577,0.598,0
122.36,-6.1002,0.7055,79.1495,-5.3703,0.0001,84.3986,,,,,,,,,,,,0.619,0.721,0.577,0.598,0
122.38,-6.1002,0.7055,79.1495,-5.3703,0.0001,84.3986,,,,,,,,,,,,0.635,0.724,0.567,0.596,0
122.4,-6.1002,0.7055,79.1495,-5.3703,0.0001,84.3986,,,,,,,,,,,,0.635,0.724,0.567,0.596,0
122.42,-6.1002,0.7055,79.1495,-5.3703,0.0001,84.3986,,,,,,,,,,,,0.635,0.724,0.567,0.596,0
122.44,-6.1002,0.7055,79.1495,-5.3703,0.0001,84.3986,,,,,,,,,,,,0.635,0.724,0.567,0.596,0
122.46,-4.9628,0.69,78.7257,-5.3728,0.0,84.3986,,,,,,,,,,,,0.635,0.724,0.567,0.596,0
122.48,-4.9628,0.69,78.7257,-5.3728,0.0,84.3986,,,,,,,,,,,,0.684,0.684,0.529,0.626,0
122.5,-4.9628,0.69,78.7257,-5.3728,0.0,84.3986,,,,,,,,,,,,0.684,0.684,0.529,0.626,0
122.52,-4.9628,0.69,78.7257,-5.3728,0.0,84.3986,,,,,,,,,,,,0.684,0.684,0.529,0.626,0
122.54,-4.9628,0.69,78.7257,-5.3728,0.0,84.3986,,,,,,,,,,,,0.684,0.684,0.529,0.626,0
122.56,-5.4307,0.2737,78.4766,-5.3017,0.0,84.3986,,,,,,,,,,,,0.684,0.684,0.529,0.626,0
122.58,-5.4307,0.2737,78.4766,-5.3017,0.0,84.3986,,,,,,,,,,,,0.615,0.751,0.597,0.561,0
122.6,-5.4307,0.2737,78.4766,-5.3017,0.0,84.3986,,,,,,,,,,,,0.615,0.751,0.597,0.561,0
122.62,-5.4307,0.2737,78.4766,-5.3017,0.0,84.3986,,,,,,,,,,,,0.615,0.751,0.597,0.561,0
122.64,-5.4307,0.2737,78.4766,-5.3017,0.0,84.3986,,,,,,,,,,,,0.615,0.751,0.597,0.561,0
122.66,-6.7134,0.0095,78.2909,-5.2487,0.0,84.3985,,,,,,,,,,,,0.615,0.751,0.597,0.561,0
122.68,-6.7134,0.0095,78.2909,-5.2487,0.0,84.3985,,,,,,,,,,,,0.656,0.723,0.572,0.592,0
122.7,-6.7134,0.0095,78.2909,-5.2487,0.0,84.3985,,,,,,,,,,,,0.656,0.723,0.572,0.592,0
122.72,-6.7134,0.0095,78.2909,-5.2487,0.0,84.3985,,,,,,,,,,,,0.656,0.723,0.572,0.592,0
122.74,-6.7134,0.0095,78.2909,-5.2487,0.0,84.3985,,,,,,,,,,,,0.656,0.723,0.572,0.592,0
122.76,-7.565,-0.1363,78.1384,-5.2562,0.0,84.3986,,,,,,,,,,,,0.656,0.723,0.572,0.592,0
122.78,-7.565,-0.1363,78.1384,-5.2562,0.0,84.3986,,,,,,,,,,,,0.63,0.753,0.6,0.568,0
122.8,-7.565,-0.1363,78.1384,-5.2562,0.0,84.3986,,,,,,,,,,,,0.63,0.753,0.6,0.568,0
122.82,-7.565,-0.1363,78.1384,-5.2562,0.0,84.3986,,,,,,,,,,,,0.63,0.753,0.6,0.568,0
122.84,-7.565,-0.1363,78.1384,-5.2562,0.0,84.3986,,,,,,,,,,,,0.63,0.753,0.6,0.568,0
122.86,-6.7918,0.0108,78.1666,-5.491,0.0,84.5324,,,,,,,,,,,,0.63,0.753,0.6,0.568,0
122.88,-6.7918,0.0108,78.1666,-5.491,0.0,84.5324,,,,,,,,,,,,0.649,0.736,0.568,0.599,0
122.9,-6.7918,0.0108,78.1666,-5.491,0.0,84.5324,,,,,,,,,,,,0.649,0.736,0.568,0.599,0
122.92,-6.7918,0.0108,78.1666,-5.491,0.0,84.5324,,,,,,,,,,,,0.649,0.736,0.568,0.599,0
122.94,-6.7918,0.0108,78.1666,-5.491,0.0,84.5324,,,,,,,,,,,,0.649,0.736,0.568,0.599,0
122.96,-5.9243,0.4637,78.365,-5.8332,0.0001,86.6497,,,,,,,,,,,,0.649,0.736,0.568,0.599,0
122.98,-5.9243,0.4637,78.365,-5.8332,0.0001,86.6497,,,,,,,,,,,,0.706,0.723,0.489,0.624,0
123.0,-5.9243,0.4637,78.365,-5.8332,0.0001,86.6497,,,,,,,,,,,,0.706,0.723,0.489,0.624,0
123.02,-5.9243,0.4637,78.365,-5.8332,0.0001,86.6497,,,,,,,,,,,,0.706,0.723,0.489,0.624,0
123.04,-5.9243,0.4637,78.365,-5.8332,0.0001,86.6497,,,,,,,,,,,,0.706,0.723,0.489,0.624,0
123.06,-6.2492,0.7172,79.0565,-6.0587,0.0002,91.2465,,,,,,,,,,,,0.706,0.723,0.489,0.624,0
123.08,-6.2492,0.7172,79.0565,-6.0587,0.0002,91.2465,,,,,,,,,,,,0.685,0.799,0.509,0.529,0
123.1,-6.2492,0.7172,79.0565,-6.0587,0.0002,91.2465,,,,,,,,,,,,0.685,0.799,0.509,0.529,0
123.12,-6.2492,0.7172,79.0565,-6.0587,0.0002,91.2465,,,,,,,,,,,,0.685,0.799,0.509,0.529,0
123.14,-6.2492,0.7172,79.0565,-6.0587,0.0002,91.2465,,,,,,,,,,,,0.685,0.799,0.509,0.529,0
123.16,-6.6395,-0.5917,80.98,-6.0707,0.0001,97.2545,,,,,,,,,,,,0.685,0.799,0.509,0.529,0
123.18,-6.6395,-0.5917,80.98,-6.0707,0.0001,97.2545,,,,,,,,,,,,0.734,0.792,0.52,0.461,0
123.2,-6.6395,-0.5917,80.98,-6.0707,0.0001,97.2545,,,,,,,,,,,,0.734,0.792,0.52,0.461,0
123.22,-6.6395,-0.5917,80.98,-6.0707,0.0001,97.2545,,,,,,,,,,,,0.734,0.792,0.52,0.461,0
123.24,-6.6395,-0.5917,80.98,-6.0707,0.0001,97.2545,,,,,,,,,,,,0.734,0.792,0.52,0.461,0
123.26,-8.1012,-2.5254,84.2635,-5.9718,-0.0,103.007,,,,,,,,,,,,0.734,0.792,0.52,0.461,0
123.28,-8.1012,-2.5254,84.2635,-5.9718,-0.0,103.007,,,,,,,,,,,,0.676,0.84,0.559,0.428,0
123.3,-8.1012,-2.5254,84.2635,-5.9718,-0.0,103.007,,,,,,,,,,,,0.676,0.84,0.559,0.428,0
123.32,-8.1012,-2.5254,84.2635,-5.9718,-0.0,103.007,,,,,,,,,,,,0.676,0.84,0.559,0.428,0
123.34,-8.1012,-2.5254,84.2635,-5.9718,-0.0,103.007,,,,,,,,,,,,0.676,0.84,0.559,0.428,0
123.36,-8.029,-3.3328,88.8282,-5.8942,-0.0001,108.8452,,,,,,,,,,,,0.676,0.84,0.559,0.428,0
123.38,-8.029,-3.3328,88.8282,-5.8942,-0.0001,108.8452,,,,,,,,,,,,0.732,0.776,0.512,0.504,0
123.4,-8.029,-3.3328,88.8282,-5.8942,-0.0001,108.8452,,,,,,,,,,,,0.732,0.776,0.512,0.504,0
123.42,-8.029,-3.3328,88.8282,-5.8942,-0.0001,108.8452,,,,,,,,,,,,0.732,0.776,0.512,0.504,0
123.44,-8.029,-3.3328,88.8282,-5.8942,-0.0001,108.8452,,,,,,,,,,,,0.732,0.776,0.512,0.504,0
123.46,-5.9732,-3.1089,94.4232,-5.8241,-0.0001,114.1569,,,,,,,,,,,,0.732,0.776,0.512,0.504,0
123.48,-5.9732,-3.1089,94.4232,-5.8241,-0.0001,114.1569,,,,,,,,,,,,0.75,0.749,0.475,0.603,0
123.5,-5.9732,-3.1089,94.4232,-5.8241,-0.0001,114.1569,,,,,,,,,,,,0.75,0.749,0.475,0.603,0
123.52,-5.9732,-3.1089,94.4232,-5.8241,-0.0001,114.1569,,,,,,,,,,,,0.75,0.749,0.475,0.603,0
123.54,-5.9732,-3.1089,94.4232,-5.8241,-0.0001,114.1569,,,,,,,,,,,,0.75,0.749,0.475,0.603,0
123.56,-5.4398,-2.1722,100.4932,-5.3298,-0.0003,116.9715,,,,,,,,,,,,0.75,0.749,0.475,0.603,0
123.58,-5.4398,-2.1722,100.4932,-5.3298,-0.0003,116.9715,,,,,,,,,,,,0.663,0.791,0.641,0.559,0
123.6,-5.4398,-2.1722,100.4932,-5.3298,-0.0003,116.9715,,,,,,,,,,,,0.663,0.791,0.641,0.559,0
123.62,-5.4398,-2.1722,100.4932,-5.3298,-0.0003,116.9715,,,,,,,,,,,,0.663,0.791,0.641,0.559,0
123.64,-5.4398,-2.1722,100.4932,-5.3298,-0.0003,116.9715,,,,,,,,,,,,0.663,0.791,0.641,0.559,0
123.66,-5.9679,-0.8402,106.323,-4.253,-0.0003,118.1449,,,,,,,,,,,,0.663,0.791,0.641,0.559,0
123.68,-5.9679,-0.8402,106.323,-4.253,-0.0003,118.1449,,,,,,,,,,,,0.595,0.798,0.67,0.592,0
123.7,-5.9679,-0.8402,106.323,-4.253,-0.0003,118.1449,,,,,,,,,,,,0.595,0.798,0.67,0.592,0
123.72,-5.9679,-0.8402,106.323,-4.253,-0.0003,118.1449,,,,,,,,,,,,0.595,0.798,0.67,0.592,0
123.74,-5.9679,-0.8402,106.323,-4.253,-0.0003,118.1449,,,,,,,,,,,,0.595,0.798,0.67,0.592,0
123.76,-4.8419,0.7509,111.3148,-3.3617,-0.0003,119.1619,,,,,,,,,,,,0.595,0.798,0.67,0.592,0
123.78,-4.8419,0.7509,111.3148,-3.3617,-0.0003,119.1619,,,,,,,,,,,,0.652,0.727,0.604,0.682,0
123.8,-4.8419,0.7509,111.3148,-3.3617,-0.0003,119.1619,,,,,,,,,,,,0.652,0.727,0.604,0.682,0
123.82,-4.8419,0.7509,111.3148,-3.3617,-0.0003,119.1619,,,,,,,,,,,,0.652,0.727,0.604,0.682,0
123.84,-4.8419,0.7509,111.3148,-3.3617,-0.0003,119.1619,,,,,,,,,,,,0.652,0.727,0.604,0.682,0
123.86,-2.5091,1.2142,115.6502,-2.6226,-0.0002,119.8892,,,,,,,,,,,,0.652,0.727,0.604,0.682,0
123.88,-2.5091,1.2142,115.6502,-2.6226,-0.0002,119.8892,,,,,,,,,,,,0.639,0.719,0.652,0.661,0
123.9,-2.5091,1.2142,115.6502,-2.6226,-0.0002,119.8892,,,,,,,,,,,,0.639,0.719,0.652,0.661,0
123.92,-2.5091,1.2142,115.6502,-2.6226,-0.0002,119.8892,,,,,,,,,,,,0.639,0.719,0.652,0.661,0
123.94,-2.5091,1.2142,115.6502,-2.6226,-0.0002,119.8892,,,,,,,,,,,,0.639,0.719,0.652,0.661,0
123.96,0.0246,0.349,119.1012,-1.3939,-0.0002,120.3321,,,,,,,,,,,,0.639,0.719,0.652,0.661,0
123.98,0.0246,0.349,119.1012,-1.3939,-0.0002,120.3321,,,,,,,,,,,,0.634,0.701,0.669,0.66,0
124.0,0.0246,0.349,119.1012,-1.3939,-0.0002,120.3321,,,,,,,,,,,,0.634,0.701,0.669,0.66,0
124.02,0.0246,0.349,119.1012,-1.3939,-0.0002,120.3321,,,,,,,,,,,,0.634,0.701,0.669,0.66,0
124.04,0.0246,0.349,119.1012,-1.3939,-0.0002,120.3321,,,,,,,,,,,,0.634,0.701,0.669,0.66,0
124.06,1.5871,-1.1401,121.4003,-0.7117,-0.0001,120.3321,,,,,,,,,,,,0.634,0.701,0.669,0.66,0
124.08,1.5871,-1.1401,121.4003,-0.7117,-0.0001,120.3321,,,,,,,,,,,,0.681,0.641,0.645,0.698,0
124.1,1.5871,-1.1401,121.4003,-0.7117,-0.0001,120.3321,,,,,,,,,,,,0.681,0.641,0.645,0.698,0
124.12,1.5871,-1.1401,121.4003,-0.7117,-0.0001,120.3321,,,,,,,,,,,,0.681,0.641,0.645,0.698,0
124.14,1.5871,-1.1401,121.4003,-0.7117,-0.0001,120.3321,,,,,,,,,,,,0.681,0.641,0.645,0.698,0
124.16,1.2608,-2.3542,122.5581,0.2079,-0.0001,120.3321,,,,,,,,,,,,0.681,0.641,0.645,0.698,0
124.18,1.2608,-2.3542,122.5581,0.2079,-0.0001,120.3321,,,,,,,,,,,,0.646,0.679,0.685,0.657,0
124.2,1.2608,-2.3542,122.5581,0.2079,-0.0001,120.3321,,,,,,,,,,,,0.646,0.679,0.685,0.657,0
124.22,1.2608,-2.3542,122.5581,0.2079,-0.0001,120.3321,,,,,,,,,,,,0.646,0.679,0.685,0.657,0
124.24,1.2608,-2.3542,122.5581,0.2079,-0.0001,120.3321,,,,,,,,,,,,0.646,0.679,0.685,0.657,0
124.26,-0.4276,-2.9044,122.9082,1.1238,-0.0,120.3321,,,,,,,,,,,,0.646,0.679,0.685,0.657,0
124.28,-0.4276,-2.9044,122.9082,1.1238,-0.0,120.3321,,,,,,,,,,,,0.615,0.716,0.697,0.634,0
124.3,-0.4276,-2.9044,122.9082,1.1238,-0.0,120.3321,,,,,,,,,,,,0.615,0.716,0.697,0.634,0
124.32,-0.4276,-2.9044,122.9082,1.1238,-0.0,120.3321,,,,,,,,,,,,0.615,0.716,0.697,0.634,0
124.34,-0.4276,-2.9044,122.9082,1.1238,-0.0,120.3321,,,,,,,,,,,,0.615,0.716,0.697,0.634,0
124.36,-1.5522,-2.2339,122.6637,1.4107,-0.0,120.3321,,,,,,,,,,,,0.615,0.716,0.697,0.634,0
124.38,-1.5522,-2.2339,122.6637,1.4107,-0.0,120.3321,,,,,,,,,,,,0.613,0.73,0.677,0.643,0
124.4,-1.5522,-2.2339,122.6637,1.4107,-0.0,120.3321,,,,,,,,,,,,0.613,0.73,0.677,0.643,0
124.42,-1.5522,-2.2339,122.6637,1.4107,-0.0,120.3321,,,,,,,,,,,,0.613,0.73,0.677,0.643,0
124.44,-1.5522,-2.2339,122.6637,1.4107,-0.0,120.3321,,,,,,,,,,,,0.613,0.73,0.677,0.643,0
124.46,-1.752,-1.3462,121.9467,0.9348,-0.0,120.3321,,,,,,,,,,,,0.613,0.73,0.677,0.643,0
124.48,-1.752,-1.3462,121.9467,0.9348,-0.0,120.3321,,,,,,,,,,,,0.62,0.735,0.677,0.623,0
124.5,-1.752,-1.3462,121.9467,0.9348,-0.0,120.3321,,,,,,,,,,,,0.62,0.735,0.677,0.623,0
124.52,-1.752,-1.3462,121.9467,0.9348,-0.0,120.3321,,,,,,,,,,,,0.62,0.735,0.677,0.623,0
124.54,-1.752,-1.3462,121.9467,0.9348,-0.0,120.3321,,,,,,,,,,,,0.62,0.735,0.677,0.623,0
124.56,-1.2646,-0.9184,121.0073,0.4773,0.0929,120.3321,,,,,,,,,,,,0.62,0.735,0.677,0.623,0
124.58,-1.2646,-0.9184,121.0073,0.4773,0.0929,120.3321,,,,,,,,,,,,0.633,0.734,0.664,0.617,0
124.6,-1.2646,-0.9184,121.0073,0.4773,0.0929,120.3321,,,,,,,,,,,,0.633,0.734,0.664,0.617,0
124.62,-1.2646,-0.9184,121.0073,0.4773,0.0929,120.3321,,,,,,,,,,,,0.633,0.734,0.664,0.617,0
124.64,-1.2646,-0.9184,121.0073,0.4773,0.0929,120.3321,,,,,,,,,,,,0.633,0.734,0.664,0.617,0
124.66,-0.8921,-0.2822,119.9155,0.2437,0.3844,120.3321,,,,,,,,,,,,0.633,0.734,0.664,0.617,0
124.68,-0.8921,-0.2822,119.9155,0.2437,0.3844,120.3321,,,,,,,,,,,,0.631,0.728,0.631,0.609,0
124.7,-0.8921,-0.2822,119.9155,0.2437,0.3844,120.3321,,,,,,,,,,,,0.631,0.728,0.631,0.609,0
124.72,-0.8921,-0.2822,119.9155,0.2437,0.3844,120.3321,,,,,,,,,,,,0.631,0.728,0.631,0.609,0
124.74,-0.8921,-0.2822,119.9155,0.2437,0.3844,120.3321,,,,,,,,,,,,0.631,0.728,0.631,0.609,0
124.76,-0.8605,1.0821,118.6174,0.1244,1.0648,120.3321,,,,,,,,,,,,0.631,0.728,0.631,0.609,0
124.78,-0.8605,1.0821,118.6174,0.1244,1.0648,120.3321,,,,,,,,,,,,0.636,0.74,0.601,0.62,0
124.8,-0.8605,1.0821,118.6174,0.1244,1.0648,120.3321,,,,,,,,,,,,0.636,0.74,0.601,0.62,0
124.82,-0.8605,1.0821,118.6174,0.1244,1.0648,120.3321,,,,,,,,,,,,0.636,0.74,0.601,0.62,0
124.84,-0.8605,1.0821,118.6174,0.1244,1.0648,120.3321,,,,,,,,,,,,0.636,0.74,0.601,0.62,0
124.86,-1.5932,2.7589,117.2301,0.0635,1.4111,120.3321,,,,,,,,,,,,0.636,0.74,0.601,0.62,0
124.88,-1.5932,2.7589,117.2301,0.0635,1.4111,120.3321,,,,,,,,,,,,0.679,0.717,0.56,0.641,0
124.9,-1.5932,2.7589,117.2301,0.0635,1.4111,120.3321,,,,,,,,,,,,0.679,0.717,0.56,0.641,0
124.92,-1.5932,2.7589,117.2301,0.0635,1.4111,120.3321,,,,,,,,,,,,0.679,0.717,0.56,0.641,0
124.94,-1.5932,2.7589,117.2301,0.0635,1.4111,120.3321,,,,,,,,,,,,0.679,0.717,0.56,0.641,0
124.96,-2.1251,3.2443,115.8729,0.0324,1.5726,120.332,,,,,,,,,,,,0.679,0.717,0.56,0.641,0
124.98,-2.1251,3.2443,115.8729,0.0324,1.5726,120.332,,,,,,,,,,,,0.632,0.752,0.604,0.554,0
125.0,-2.1251,3.2443,115.8729,0.0324,1.5726,120.332,,,,,,,,,,,,0.632,0.752,0.604,0.554,0
125.02,-2.1251,3.2443,115.8729,0.0324,1.5726,120.332,,,,,,,,,,,,0.632,0.752,0.604,0.554,0
125.04,-2.1251,3.2443,115.8729,0.0324,1.5726,120.332,,,,,,,,,,,,0.632,0.752,0.604,0.554,0
125.06,-2.5881,2.6127,114.765,0.0166,1.9926,120.332,,,,,,,,,,,,0.632,0.752,0.604,0.554,0
125.08,-2.5881,2.6127,114.765,0.0166,1.9926,120.332,,,,,,,,,,,,0.693,0.709,0.566,0.583,0
125.1,-2.5881,2.6127,114.765,0.0166,1.9926,120.332,,,,,,,,,,,,0.693,0.709,0.566,0.583,0
125.12,-2.5881,2.6127,114.765,0.0166,1.9926,120.332,,,,,,,,,,,,0.693,0.709,0.566,0.583,0
125.14,-2.5881,2.6127,114.765,0.0166,1.9926,120.332,,,,,,,,,,,,0.693,0.709,0.566,0.583,0
125.16,-3.2592,2.798,114.1491,0.0085,2.5292,120.332,,,,,,,,,,,,0.693,0.709,0.566,0.583,0
125.18,-3.2592,2.798,114.1491,0.0085,2.5292,120.332,,,,,,,,,,,,0.632,0.768,0.567,0.582,0
125.2,-3.2592,2.798,114.1491,0.0085,2.5292,120.332,,,,,,,,,,,,0.632,0.768,0.567,0.582,0
125.22,-3.2592,2.798,114.1491,0.0085,2.5292,120.332,,,,,,,,,,,,0.632,0.768,0.567,0.582,0
125.24,-3.2592,2.798,114.1491,0.0085,2.5292,120.332,,,,,,,,,,,,0.632,0.768,0.567,0.582,0
125.26,-2.4011,3.4355,113.8111,0.0043,1.9293,120.332,,,,,,,,,,,,0.632,0.768,0.567,0.582,0
125.28,-2.4011,3.4355,113.8111,0.0043,1.9293,120.332,,,,,,,,,,,,0.684,0.718,0.523,0.625,0
125.3,-2.4011,3.4355,113.8111,0.0043,1.9293,120.332,,,,,,,,,,,,0.684,0.718,0.523,0.625,0
125.32,-2.4011,3.4355,113.8111,0.0043,1.9293,120.332,,,,,,,,,,,,0.684,0.718,0.523,0.625,0
125.34,-2.4011,3.4355,113.8111,0.0043,1.9293,120.332,,,,,,,,,,,,0.684,0.718,0.523,0.625,0
125.36,-1.8123,2.7069,113.5764,0.0022,0.9949,120.332,,,,,,,,,,,,0.684,0.718,0.523,0.625,0
125.38,-1.8123,2.7069,113.5764,0.0022,0.9949,120.332,,,,,,,,,,,,0.727,0.673,0.51,0.636,0
125.4,-1.8123,2.7069,113.5764,0.0022,0.9949,120.332,,,,,,,,,,,,0.727,0.673,0.51,0.636,0
125.42,-1.8123,2.7069,113.5764,0.0022,0.9949,120.332,,,,,,,,,,,,0.727,0.673,0.51,0.636,0
125.44,-1.8123,2.7069,113.5764,0.0022,0.9949,120.332,,,,,,,,,,,,0.727,0.673,0.51,0.636,0
125.46,-1.0694,1.2554,113.589,0.0011,0.508,120.3319,,,,,,,,,,,,0.727,0.673,0.51,0.636,0
125.48,-1.0694,1.2554,113.589,0.0011,0.508,120.3319,,,,,,,,,,,,0.662,0.732,0.577,0.57,0
125.5,-1.0694,1.2554,113.589,0.0011,0.508,120.3319,,,,,,,,,,,,0.662,0.732,0.577,0.57,0
125.52,-1.0694,1.2554,113.589,0.0011,0.508,120.3319,,,,,,,,,,,,0.662,0.732,0.577,0.57,0
125.54,-1.0694,1.2554,113.589,0.0011,0.508,120.3319,,,,,,,,,,,,0.662,0.732,0.577,0.57,0
125.56,-0.6507,0.3619,113.8856,0.0006,0.2593,120.3319,,,,,,,,,,,,0.662,0.732,0.577,0.57,0
125.58,-0.6507,0.3619,113.8856,0.0006,0.2593,120.3319,,,,,,,,,,,,0.615,0.769,0.6,0.558,0
125.6,-0.6507,0.3619,113.8856,0.0006,0.2593,120.3319,,,,,,,,,,,,0.615,0.769,0.6,0.558,0
125.62,-0.6507,0.3619,113.8856,0.0006,0.2593,120.3319,,,,,,,,,,,,0.615,0.769,0.6,0.558,0
125.64,-0.6507,0.3619,113.8856,0.0006,0.2593,120.3319,,,,,,,,,,,,0.615,0.769,0.6,0.558,0
125.66,-1.634,0.7684,114.4206,0.0003,0.1324,120.3319,,,,,,,,,,,,0.615,0.769,0.6,0.558,0
125.68,-1.634,0.7684,114.4206,0.0003,0.1324,120.3319,,,,,,,,,,,,0.553,0.81,0.628,0.539,0
125.7,-1.634,0.7684,114.4206,0.0003,0.1324,120.3319,,,,,,,,,,,,0.553,0.81,0.628,0.539,0
125.72,-1.634,0.7684,114.4206,0.0003,0.1324,120.3319,,,,,,,,,,,,0.553,0.81,0.628,0.539,0
125.74,-1.634,0.7684,114.4206,0.0003,0.1324,120.3319,,,,,,,,,,,,0.553,0.81,0.628,0.539,0
125.76,-2.3473,1.8291,115.0018,-0.3837,0.0676,120.3319,,,,,,,,,,,,0.553,0.81,0.628,0.539,0
125.78,-2.3473,1.8291,115.0018,-0.3837,0.0676,120.3319,,,,,,,,,,,,0.607,0.763,0.582,0.598,0
125.8,-2.3473,1.8291,115.0018,-0.3837,0.0676,120.3319,,,,,,,,,,,,0.607,0.763,0.582,0.598,0
125.82,-2.3473,1.8291,115.0018,-0.3837,0.0676,120.3319,,,,,,,,,,,,0.607,0.763,0.582,0.598,0
125.84,-2.3473,1.8291,115.0018,-0.3837,0.0676,120.3319,,,,,,,,,,,,0.607,0.763,0.582,0.598,0
125.86,-2.2905,1.8577,115.6533,-2.0735,0.259,120.3319,,,,,,,,,,,,0.607,0.763,0.582,0.598,0
125.88,-2.2905,1.8577,115.6533,-2.0735,0.259,120.3319,,,,,,,,,,,,0.615,0.75,0.618,0.572,0
125.9,-2.2905,1.8577,115.6533,-2.0735,0.259,120.3319,,,,,,,,,,,,0.615,0.75,0.618,0.572,0
125.92,-2.2905,1.8577,115.6533,-2.0735,0.259,120.3319,,,,,,,,,,,,0.615,0.75,0.618,0.572,0
125.94,-2.2905,1.8577,115.6533,-2.0735,0.259,120.3319,,,,,,,,,,,,0.615,0.75,0.618,0.572,0
125.96,-3.6639,1.0107,116.2767,-3.1143,0.4474,120.3318,,,,,,,,,,,,0.615,0.75,0.618,0.572,0
125.98,-3.6639,1.0107,116.2767,-3.1143,0.4474,120.3318,,,,,,,,,,,,0.623,0.74,0.627,0.569,0
126.0,-3.6639,1.0107,116.2767,-3.1143,0.4474,120.3318,,,,,,,,,,,,0.623,0.74,0.627,0.569,0
126.02,-3.6639,1.0107,116.2767,-3.1143,0.4474,120.3318,,,,,,,,,,,,0.623,0.74,0.627,0.569,0
126.04,-3.6639,1.0107,116.2767,-3.1143,0.4474,120.3318,,,,,,,,,,,,0.623,0.74,0.627,0.569,0
126.06,-6.9625,0.4752,116.7002,-3.5671,1.5324,120.3317,,,,,,,,,,,,0.623,0.74,0.627,0.569,0
126.08,-6.9625,0.4752,116.7002,-3.5671,1.5324,120.3317,,,,,,,,,,,,0.677,0.72,0.645,0.583,0
126.1,-6.9625,0.4752,116.7002,-3.5671,1.5324,120.3317,,,,,,,,,,,,0.677,0.72,0.645,0.583,0
126.12,-6.9625,0.4752,116.7002,-3.5671,1.5324,120.3317,,,,,,,,,,,,0.677,0.72,0.645,0.583,0
126.14,-6.9625,0.4752,116.7002,-3.5671,1.5324,120.3317,,,,,,,,,,,,0.677,0.72,0.645,0.583,0
126.16,-7.9548,1.4924,117.0525,-3.5562,2.7257,120.3318,,,,,,,,,,,,0.677,0.72,0.645,0.583,0
126.18,-7.9548,1.4924,117.0525,-3.5562,2.7257,120.3318,,,,,,,,,,,,0.666,0.793,0.656,0.654,0
126.2,-7.9548,1.4924,117.0525,-3.5562,2.7257,120.3318,,,,,,,,,,,,0.666,0.793,0.656,0.654,0
126.22,-7.9548,1.4924,117.0525,-3.5562,2.7257,120.3318,,,,,,,,,,,,0.666,0.793,0.656,0.654,0
126.24,-7.9548,1.4924,117.0525,-3.5562,2.7257,120.3318,,,,,,,,,,,,0.666,0.793,0.656,0.654,0
126.26,-6.0451,2.9572,117.1674,-3.6401,3.0709,120.3317,,,,,,,,,,,,0.666,0.793,0.656,0.654,0
126.28,-6.0451,2.9572,117.1674,-3.6401,3.0709,120.3317,,,,,,,,,,,,0.714,0.752,0.615,0.699,0
126.3,-6.0451,2.9572,117.1674,-3.6401,3.0709,120.3317,,,,,,,,,,,,0.714,0.752,0.615,0.699,0
126.32,-6.0451,2.9572,117.1674,-3.6401,3.0709,120.3317,,,,,,,,,,,,0.714,0.752,0.615,0.699,0
126.34,-6.0451,2.9572,117.1674,-3.6401,3.0709,120.3317,,,,,,,,,,,,0.714,0.752,0.615,0.699,0
126.36,-3.5005,3.1376,117.2648,-3.6742,3.0884,120.3318,,,,,,,,,,,,0.714,0.752,0.615,0.699,0
126.38,-3.5005,3.1376,117.2648,-3.6742,3.0884,120.3318,,,,,,,,,,,,0.715,0.749,0.627,0.684,0
126.4,-3.5005,3.1376,117.2648,-3.6742,3.0884,120.3318,,,,,,,,,,,,0.715,0.749,0.627,0.684,0
126.42,-3.5005,3.1376,117.2648,-3.6742,3.0884,120.3318,,,,,,,,,,,,0.715,0.749,0.627,0.684,0
126.44,-3.5005,3.1376,117.2648,-3.6742,3.0884,120.3318,,,,,,,,,,,,0.715,0.749,0.627,0.684,0
126.46,-3.5692,2.7437,117.1351,-3.6104,2.8909,120.3318,,,,,,,,,,,,0.715,0.749,0.627,0.684,0
126.48,-3.5692,2.7437,117.1351,-3.6104,2.8909,120.3318,,,,,,,,,,,,0.635,0.821,0.694,0.606,0
126.5,-3.5692,2.7437,117.1351,-3.6104,2.8909,120.3318,,,,,,,,,,,,0.635,0.821,0.694,0.606,0
126.52,-3.5692,2.7437,117.1351,-3.6104,2.8909,120.3318,,,,,,,,,,,,0.635,0.821,0.694,0.606,0
126.54,-3.5692,2.7437,117.1351,-3.6104,2.8909,120.3318,,,,,,,,,,,,0.635,0.821,0.694,0.606,0
126.56,-6.1377,2.9581,116.7223,-3.6662,2.6658,120.3318,,,,,,,,,,,,0.635,0.821,0.694,0.606,0
126.58,-6.1377,2.9581,116.7223,-3.6662,2.6658,120.3318,,,,,,,,,,,,0.649,0.818,0.675,0.621,0
126.6,-6.1377,2.9581,116.7223,-3.6662,2.6658,120.3318,,,,,,,,,,,,0.649,0.818,0.675,0.621,0
126.62,-6.1377,2.9581,116.7223,-3.6662,2.6658,120.3318,,,,,,,,,,,,0.649,0.818,0.675,0.621,0
126.64,-6.1377,2.9581,116.7223,-3.6662,2.6658,120.3318,,,,,,,,,,,,0.649,0.818,0.675,0.621,0
126.66,-7.4648,3.5389,116.3911,-4.0372,2.4778,120.3318,,,,,,,,,,,,0.649,0.818,0.675,0.621,0
126.68,-7.4648,3.5389,116.3911,-4.0372,2.4778,120.3318,,,,,,,,,,,,0.682,0.795,0.629,0.668,0
126.7,-7.4648,3.5389,116.3911,-4.0372,2.4778,120.3318,,,,,,,,,,,,0.682,0.795,0.629,0.668,0
126.72,-7.4648,3.5389,116.3911,-4.0372,2.4778,120.3318,,,,,,,,,,,,0.682,0.795,0.629,0.668,0
126.74,-7.4648,3.5389,116.3911,-4.0372,2.4778,120.3318,,,,,,,,,,,,0.682,0.795,0.629,0.668,0
126.76,-6.1935,3.9217,116.3193,-4.4255,2.2662,120.3318,,,,,,,,,,,,0.682,0.795,0.629,0.668,0
126.78,-6.1935,3.9217,116.3193,-4.4255,2.2662,120.3318,,,,,,,,,,,,0.731,0.746,0.604,0.692,0
126.8,-6.1935,3.9217,116.3193,-4.4255,2.2662,120.3318,,,,,,,,,,,,0.731,0.746,0.604,0.692,0
126.82,-6.1935,3.9217,116.3193,-4.4255,2.2662,120.3318,,,,,,,,,,,,0.731,0.746,0.604,0.692,0
126.84,-6.1935,3.9217,116.3193,-4.4255,2.2662,120.3318,,,,,,,,,,,,0.731,0.746,0.604,0.692,0
126.86,-3.7985,3.1037,116.6413,-4.6467,2.0896,120.3318,,,,,,,,,,,,0.731,0.746,0.604,0.692,0
126.88,-3.7985,3.1037,116.6413,-4.6467,2.0896,120.3318,,,,,,,,,,,,0.721,0.748,0.609,0.69,0
126.9,-3.7985,3.1037,116.6413,-4.6467,2.0896,120.3318,,,,,,,,,,,,0.721,0.748,0.609,0.69,0
126.92,-3.7985,3.1037,116.6413,-4.6467,2.0896,120.3318,,,,,,,,,,,,0.721,0.748,0.609,0.69,0
126.94,-3.7985,3.1037,116.6413,-4.6467,2.0896,120.3318,,,,,,,,,,,,0.721,0.748,0.609,0.69,0
126.96,-2.2975,3.1151,116.9642,-4.7304,1.9014,120.3318,,,,,,,,,,,,0.721,0.748,0.609,0.69,0
126.98,-2.2975,3.1151,116.9642,-4.7304,1.9014,120.3318,,,,,,,,,,,,0.678,0.781,0.629,0.676,0
127.0,-2.2975,3.1151,116.9642,-4.7304,1.9014,120.3318,,,,,,,,,,,,0.678,0.781,0.629,0.676,0
127.02,-2.2975,3.1151,116.9642,-4.7304,1.9014,120.3318,,,,,,,,,,,,0.678,0.781,0.629,0.676,0
127.04,-2.2975,3.1151,116.9642,-4.7304,1.9014,120.3318,,,,,,,,,,,,0.678,0.781,0.629,0.676,0
127.06,-2.0038,3.3249,117.3334,-4.7301,1.7443,120.3318,,,,,,,,,,,,0.678,0.781,0.629,0.676,0
127.08,-2.0038,3.3249,117.3334,-4.7301,1.7443,120.3318,,,,,,,,,,,,0.689,0.766,0.63,0.678,0
127.1,-2.0038,3.3249,117.3334,-4.7301,1.7443,120.3318,,,,,,,,,,,,0.689,0.766,0.63,0.678,0
127.12,-2.0038,3.3249,117.3334,-4.7301,1.7443,120.3318,,,,,,,,,,,,0.689,0.766,0.63,0.678,0
127.14,-2.0038,3.3249,117.3334,-4.7301,1.7443,120.3318,,,,,,,,,,,,0.689,0.766,0.63,0.678,0
127.16,-3.1611,2.6397,117.6042,-4.6959,1.6739,120.3318,,,,,,,,,,,,0.689,0.766,0.63,0.678,0
127.18,-3.1611,2.6397,117.6042,-4.6959,1.6739,120.3318,,,,,,,,,,,,0.711,0.742,0.64,0.67,0
127.2,-3.1611,2.6397,117.6042,-4.6959,1.6739,120.3318,,,,,,,,,,,,0.711,0.742,0.64,0.67,0
127.22,-3.1611,2.6397,117.6042,-4.6959,1.6739,120.3318,,,,,,,,,,,,0.711,0.742,0.64,0.67,0
127.24,-3.1611,2.6397,117.6042,-4.6959,1.6739,120.3318,,,,,,,,,,,,0.711,0.742,0.64,0.67,0
127.26,-3.2283,1.2668,118.0761,-4.7483,1.8426,120.3318,,,,,,,,,,,,0.711,0.742,0.64,0.67,0
127.28,-3.2283,1.2668,118.0761,-4.7483,1.8426,120.3318,,,,,,,,,,,,0.727,0.722,0.639,0.671,0
127.3,-3.2283,1.2668,118.0761,-4.7483,1.8426,120.3318,,,,,,,,,,,,0.727,0.722,0.639,0.671,0
127.32,-3.2283,1.2668,118.0761,-4.7483,1.8426,120.3318,,,,,,,,,,,,0.727,0.722,0.639,0.671,0
127.34,-3.2283,1.2668,118.0761,-4.7483,1.8426,120.3318,,,,,,,,,,,,0.727,0.722,0.639,0.671,0
127.36,-2.8382,0.3259,118.7665,-4.8985,2.6154,120.3318,,,,,,,,,,,,0.727,0.722,0.639,0.671,0
127.38,-2.8382,0.3259,118.7665,-4.8985,2.6154,120.3318,,,,,,,,,,,,0.7,0.646,0.572,0.644,0
127.4,-2.8382,0.3259,118.7665,-4.8985,2.6154,120.3318,,,,,,,,,,,,0.7,0.646,0.572,0.644,0
127.42,-2.8382,0.3259,118.7665,-4.8985,2.6154,120.3318,,,,,,,,,,,,0.7,0.646,0.572,0.644,0
127.44,-2.8382,0.3259,118.7665,-4.8985,2.6154,120.3318,,,,,,,,,,,,0.7,0.646,0.572,0.644,0
127.46,-2.2974,1.2044,119.7789,-5.4588,3.4144,120.0819,,,,,,,,,,,,0.7,0.646,0.572,0.644,0
127.48,-2.2974,1.2044,119.7789,-5.4588,3.4144,120.0819,,,,,,,,,,,,0.602,0.681,0.583,0.619,0
127.5,-2.2974,1.2044,119.7789,-5.4588,3.4144,120.0819,,,,,,,,,,,,0.602,0.681,0.583,0.619,0
127.52,-2.2974,1.2044,119.7789,-5.4588,3.4144,120.0819,,,,,,,,,,,,0.602,0.681,0.583,0.619,0
127.54,-2.2974,1.2044,119.7789,-5.4588,3.4144,120.0819,,,,,,,,,,,,0.602,0.681,0.583,0.619,0
127.56,-2.9872,3.5877,120.9606,-5.7313,3.6475,118.9292,,,,,,,,,,,,0.602,0.681,0.583,0.619,0
127.58,-2.9872,3.5877,120.9606,-5.7313,3.6475,118.9292,,,,,,,,,,,,0.53,0.696,0.591,0.655,0
127.6,-2.9872,3.5877,120.9606,-5.7313,3.6475,118.9292,,,,,,,,,,,,0.53,0.696,0.591,0.655,0
127.62,-2.9872,3.5877,120.9606,-5.7313,3.6475,118.9292,,,,,,,,,,,,0.53,0.696,0.591,0.655,0
127.64,-2.9872,3.5877,120.9606,-5.7313,3.6475,118.9292,,,,,,,,,,,,0.53,0.696,0.591,0.655,0
127.66,-4.2992,5.389,121.8863,-5.5082,3.0822,117.6685,,,,,,,,,,,,0.53,0.696,0.591,0.655,0
127.68,-4.2992,5.389,121.8863,-5.5082,3.0822,117.6685,,,,,,,,,,,,0.523,0.671,0.622,0.653,0
127.7,-4.2992,5.389,121.8863,-5.5082,3.0822,117.6685,,,,,,,,,,,,0.523,0.671,0.622,0.653,0
127.72,-4.2992,5.389,121.8863,-5.5082,3.0822,117.6685,,,,,,,,,,,,0.523,0.671,0.622,0.653,0
127.74,-4.2992,5.389,121.8863,-5.5082,3.0822,117.6685,,,,,,,,,,,,0.523,0.671,0.622,0.653,0
127.76,-4.3928,4.5648,122.3607,-5.1247,2.2038,115.7907,,,,,,,,,,,,0.523,0.671,0.622,0.653,0
127.78,-4.3928,4.5648,122.3607,-5.1247,2.2038,115.7907,,,,,,,,,,,,0.552,0.616,0.646,0.658,0
127.8,-4.3928,4.5648,122.3607,-5.1247,2.2038,115.7907,,,,,,,,,,,,0.552,0.616,0.646,0.658,0
127.82,-4.3928,4.5648,122.3607,-5.1247,2.2038,115.7907,,,,,,,,,,,,0.552,0.616,0.646,0.658,0
127.84,-4.3928,4.5648,122.3607,-5.1247,2.2038,115.7907,,,,,,,,,,,,0.552,0.616,0.646,0.658,0
127.86,-1.917,1.9449,122.3228,-4.8449,1.4486,112.0249,,,,,,,,,,,,0.552,0.616,0.646,0.658,0
127.88,-1.917,1.9449,122.3228,-4.8449,1.4486,112.0249,,,,,,,,,,,,0.612,0.488,0.628,0.725,0
127.9,-1.917,1.9449,122.3228,-4.8449,1.4486,112.0249,,,,,,,,,,,,0.612,0.488,0.628,0.725,0
127.92,-1.917,1.9449,122.3228,-4.8449,1.4486,112.0249,,,,,,,,,,,,0.612,0.488,0.628,0.725,0
127.94,-1.917,1.9449,122.3228,-4.8449,1.4486,112.0249,,,,,,,,,,,,0.612,0.488,0.628,0.725,0
127.96,0.5249,-0.4121,121.2808,-4.7378,0.9033,108.2967,,,,,,,,,,,,0.612,0.488,0.628,0.725,0
127.98,0.5249,-0.4121,121.2808,-4.7378,0.9033,108.2967,,,,,,,,,,,,0.589,0.505,0.652,0.715,0
128.0,0.5249,-0.4121,121.2808,-4.7378,0.9033,108.2967,,,,,,,,,,,,0.589,0.505,0.652,0.715,0
128.02,0.5249,-0.4121,121.2808,-4.7378,0.9033,108.2967,,,,,,,,,,,,0.589,0.505,0.652,0.715,0
128.04,0.5249,-0.4121,121.2808,-4.7378,0.9033,108.2967,,,,,,,,,,,,0.589,0.505,0.652,0.715,0
128.06,1.4127,-1.1778,119.3306,-4.5964,0.4913,104.8801,,,,,,,,,,,,0.589,0.505,0.652,0.715,0
128.08,1.4127,-1.1778,119.3306,-4.5964,0.4913,104.8801,,,,,,,,,,,,0.541,0.568,0.66,0.699,0
128.1,1.4127,-1.1778,119.3306,-4.5964,0.4913,104.8801,,,,,,,,,,,,0.541,0.568,0.66,0.699,0
128.12,1.4127,-1.1778,119.3306,-4.5964,0.4913,104.8801,,,,,,,,,,,,0.541,0.568,0.66,0.699,0
128.14,1.4127,-1.1778,119.3306,-4.5964,0.4913,104.8801,,,,,,,,,,,,0.541,0.568,0.66,0.699,0
128.16,-0.7741,-1.0094,116.4022,-4.1823,0.2512,99.6089,,,,,,,,,,,,0.541,0.568,0.66,0.699,0
128.18,-0.7741,-1.0094,116.4022,-4.1823,0.2512,99.6089,,,,,,,,,,,,0.513,0.558,0.681,0.702,0
128.2,-0.7741,-1.0094,116.4022,-4.1823,0.2512,99.6089,,,,,,,,,,,,0.513,0.558,0.681,0.702,0
128.22,-0.7741,-1.0094,116.4022,-4.1823,0.2512,99.6089,,,,,,,,,,,,0.513,0.558,0.681,0.702,0
128.24,-0.7741,-1.0094,116.4022,-4.1823,0.2512,99.6089,,,,,,,,,,,,0.513,0.558,0.681,0.702,0
128.26,-2.4574,-0.7404,112.5155,-3.9467,0.1285,93.6521,,,,,,,,,,,,0.513,0.558,0.681,0.702,0
128.28,-2.4574,-0.7404,112.5155,-3.9467,0.1285,93.6521,,,,,,,,,,,,0.479,0.584,0.697,0.693,0
128.3,-2.4574,-0.7404,112.5155,-3.9467,0.1285,93.6521,,,,,,,,,,,,0.479,0.584,0.697,0.693,0
128.32,-2.4574,-0.7404,112.5155,-3.9467,0.1285,93.6521,,,,,,,,,,,,0.479,0.584,0.697,0.693,0
128.34,-2.4574,-0.7404,112.5155,-3.9467,0.1285,93.6521,,,,,,,,,,,,0.479,0.584,0.697,0.693,0
128.36,-2.3218,-0.6838,107.5203,-3.8985,0.116,88.7709,,,,,,,,,,,,0.479,0.584,0.697,0.693,0
128.38,-2.3218,-0.6838,107.5203,-3.8985,0.116,88.7709,,,,,,,,,,,,0.52,0.586,0.698,0.657,0
128.4,-2.3218,-0.6838,107.5203,-3.8985,0.116,88.7709,,,,,,,,,,,,0.52,0.586,0.698,0.657,0
128.42,-2.3218,-0.6838,107.5203,-3.8985,0.116,88.7709,,,,,,,,,,,,0.52,0.586,0.698,0.657,0
128.44,-2.3218,-0.6838,107.5203,-3.8985,0.116,88.7709,,,,,,,,,,,,0.52,0.586,0.698,0.657,0
128.46,-1.0153,-0.9178,101.8288,-3.928,1.7771,86.3211,,,,,,,,,,,,0.52,0.586,0.698,0.657,0
128.48,-1.0153,-0.9178,101.8288,-3.928,1.7771,86.3211,,,,,,,,,,,,0.66,0.526,0.622,0.66,0
128.5,-1.0153,-0.9178,101.8288,-3.928,1.7771,86.3211,,,,,,,,,,,,0.66,0.526,0.622,0.66,0
128.52,-1.0153,-0.9178,101.8288,-3.928,1.7771,86.3211,,,,,,,,,,,,0.66,0.526,0.622,0.66,0
128.54,-1.0153,-0.9178,101.8288,-3.928,1.7771,86.3211,,,,,,,,,,,,0.66,0.526,0.622,0.66,0
128.56,-0.0765,1.0474,96.4239,-3.3741,4.7675,86.0996,,,,,,,,,,,,0.66,0.526,0.622,0.66,0
128.58,-0.0765,1.0474,96.4239,-3.3741,4.7675,86.0996,,,,,,,,,,,,0.616,0.652,0.588,0.621,0
128.6,-0.0765,1.0474,96.4239,-3.3741,4.7675,86.0996,,,,,,,,,,,,0.616,0.652,0.588,0.621,0
128.62,-0.0765,1.0474,96.4239,-3.3741,4.7675,86.0996,,,,,,,,,,,,0.616,0.652,0.588,0.621,0
128.64,-0.0765,1.0474,96.4239,-3.3741,4.7675,86.0996,,,,,,,,,,,,0.616,0.652,0.588,0.621,0
128.66,0.5418,6.4549,91.9024,-2.2802,8.1985,86.1005,,,,,,,,,,,,0.616,0.652,0.588,0.621,0
128.68,0.5418,6.4549,91.9024,-2.2802,8.1985,86.1005,,,,,,,,,,,,0.633,0.673,0.507,0.667,0
128.7,0.5418,6.4549,91.9024,-2.2802,8.1985,86.1005,,,,,,,,,,,,0.633,0.673,0.507,0.667,0
128.72,0.5418,6.4549,91.9024,-2.2802,8.1985,86.1005,,,,,,,,,,,,0.633,0.673,0.507,0.667,0
128.74,0.5418,6.4549,91.9024,-2.2802,8.1985,86.1005,,,,,,,,,,,,0.633,0.673,0.507,0.667,0
128.76,-1.6529,12.4,88.0261,-1.8546,10.5177,86.1007,,,,,,,,,,,,0.633,0.673,0.507,0.667,0
128.78,-1.6529,12.4,88.0261,-1.8546,10.5177,86.1007,,,,,,,,,,,,0.527,0.793,0.595,0.57,0
128.8,-1.6529,12.4,88.0261,-1.8546,10.5177,86.1007,,,,,,,,,,,,0.527,0.793,0.595,0.57,0
128.82,-1.6529,12.4,88.0261,-1.8546,10.5177,86.1007,,,,,,,,,,,,0.527,0.793,0.595,0.57,0
128.84,-1.6529,12.4,88.0261,-1.8546,10.5177,86.1007,,,,,,,,,,,,0.527,0.793,0.595,0.57,0
128.86,-3.6132,14.4557,84.8527,-3.1607,10.1836,86.101,,,,,,,,,,,,0.527,0.793,0.595,0.57,0
128.88,-3.6132,14.4557,84.8527,-3.1607,10.1836,86.101,,,,,,,,,,,,0.661,0.735,0.531,0.648,0
128.9,-3.6132,14.4557,84.8527,-3.1607,10.1836,86.101,,,,,,,,,,,,0.661,0.735,0.531,0.648,0
128.92,-3.6132,14.4557,84.8527,-3.1607,10.1836,86.101,,,,,,,,,,,,0.661,0.735,0.531,0.648,0
128.94,-3.6132,14.4557,84.8527,-3.1607,10.1836,86.101,,,,,,,,,,,,0.661,0.735,0.531,0.648,0
128.96,-7.3865,10.8956,82.6881,-6.4579,8.7635,86.1021,,,,,,,,,,,,0.661,0.735,0.531,0.648,0
128.98,-7.3865,10.8956,82.6881,-6.4579,8.7635,86.1021,,,,,,,,,,,,0.619,0.784,0.675,0.487,0
129.0,-7.3865,10.8956,82.6881,-6.4579,8.7635,86.1021,,,,,,,,,,,,0.619,0.784,0.675,0.487,0
129.02,-7.3865,10.8956,82.6881,-6.4579,8.7635,86.1021,,,,,,,,,,,,0.619,0.784,0.675,0.487,0
129.04,-7.3865,10.8956,82.6881,-6.4579,8.7635,86.1021,,,,,,,,,,,,0.619,0.784,0.675,0.487,0
129.06,-12.2922,5.4442,82.0134,-10.3679,7.9678,86.1028,,,,,,,,,,,,0.619,0.784,0.675,0.487,0
129.08,-12.2922,5.4442,82.0134,-10.3679,7.9678,86.1028,,,,,,,,,,,,0.669,0.745,0.66,0.5,0
129.1,-12.2922,5.4442,82.0134,-10.3679,7.9678,86.1028,,,,,,,,,,,,0.669,0.745,0.66,0.5,0
129.12,-12.2922,5.4442,82.0134,-10.3679,7.9678,86.1028,,,,,,,,,,,,0.669,0.745,0.66,0.5,0
129.14,-12.2922,5.4442,82.0134,-10.3679,7.9678,86.1028,,,,,,,,,,,,0.669,0.745,0.66,0.5,0
129.16,-17.4936,2.5834,82.034,-12.1272,6.5017,86.1033,,,,,,,,,,,,0.669,0.745,0.66,0.5,0
129.18,-17.4936,2.5834,82.034,-12.1272,6.5017,86.1033,,,,,,,,,,,,0.622,0.787,0.67,0.517,0
129.2,-17.4936,2.5834,82.034,-12.1272,6.5017,86.1033,,,,,,,,,,,,0.622,0.787,0.67,0.517,0
129.22,-17.4936,2.5834,82.034,-12.1272,6.5017,86.1033,,,,,,,,,,,,0.622,0.787,0.67,0.517,0
129.24,-17.4936,2.5834,82.034,-12.1272,6.5017,86.1033,,,,,,,,,,,,0.622,0.787,0.67,0.517,0
129.26,-18.755,1.958,82.2576,-11.6072,5.0837,86.1031,,,,,,,,,,,,0.622,0.787,0.67,0.517,0
129.28,-18.755,1.958,82.2576,-11.6072,5.0837,86.1031,,,,,,,,,,,,0.637,0.775,0.655,0.579,0
129.3,-18.755,1.958,82.2576,-11.6072,5.0837,86.1031,,,,,,,,,,,,0.637,0.775,0.655,0.579,0
129.32,-18.755,1.958,82.2576,-11.6072,5.0837,86.1031,,,,,,,,,,,,0.637,0.775,0.655,0.579,0
129.34,-18.755,1.958,82.2576,-11.6072,5.0837,86.1031,,,,,,,,,,,,0.637,0.775,0.655,0.579,0
129.36,-13.304,0.8875,82.8566,-10.4579,3.8382,86.1028,,,,,,,,,,,,0.637,0.775,0.655,0.579,0
129.38,-13.304,0.8875,82.8566,-10.4579,3.8382,86.1028,,,,,,,,,,,,0.747,0.68,0.604,0.669,0
129.4,-13.304,0.8875,82.8566,-10.4579,3.8382,86.1028,,,,,,,,,,,,0.747,0.68,0.604,0.669,0
129.42,-13.304,0.8875,82.8566,-10.4579,3.8382,86.1028,,,,,,,,,,,,0.747,0.68,0.604,0.669,0
129.44,-13.304,0.8875,82.8566,-10.4579,3.8382,86.1028,,,,,,,,,,,,0.747,0.68,0.604,0.669,0
129.46,-7.021,-1.2048,83.3573,-9.313,2.8401,86.1026,,,,,,,,,,,,0.747,0.68,0.604,0.669,0
129.48,-7.021,-1.2048,83.3573,-9.313,2.8401,86.1026,,,,,,,,,,,,0.74,0.673,0.635,0.629,0
129.5,-7.021,-1.2048,83.3573,-9.313,2.8401,86.1026,,,,,,,,,,,,0.74,0.673,0.635,0.629,0
129.52,-7.021,-1.2048,83.3573,-9.313,2.8401,86.1026,,,,,,,,,,,,0.74,0.673,0.635,0.629,0
129.54,-7.021,-1.2048,83.3573,-9.313,2.8401,86.1026,,,,,,,,,,,,0.74,0.673,0.635,0.629,0
129.56,-3.649,1.7409,83.393,-8.4965,2.1297,86.1024,,,,,,,,,,,,0.74,0.673,0.635,0.629,0
129.58,-3.649,1.7409,83.393,-8.4965,2.1297,86.1024,,,,,,,,,,,,0.503,0.861,0.466,0.764,0
129.6,-3.649,1.7409,83.393,-8.4965,2.1297,86.1024,,,,,,,,,,,,0.503,0.861,0.466,0.764,0
129.62,-3.649,1.7409,83.393,-8.4965,2.1297,86.1024,,,,,,,,,,,,0.503,0.861,0.466,0.764,0
129.64,-3.649,1.7409,83.393,-8.4965,2.1297,86.1024,,,,,,,,,,,,0.503,0.861,0.466,0.764,0
129.66,-6.8222,5.6931,83.8168,-8.0986,1.9747,86.1024,,,,,,,,,,,,0.503,0.861,0.466,0.764,0
129.68,-6.8222,5.6931,83.8168,-8.0986,1.9747,86.1024,,,,,,,,,,,,0.668,0.726,0.639,0.646,0
129.7,-6.8222,5.6931,83.8168,-8.0986,1.9747,86.1024,,,,,,,,,,,,0.668,0.726,0.639,0.646,0
129.72,-6.8222,5.6931,83.8168,-8.0986,1.9747,86.1024,,,,,,,,,,,,0.668,0.726,0.639,0.646,0
129.74,-6.8222,5.6931,83.8168,-8.0986,1.9747,86.1024,,,,,,,,,,,,0.668,0.726,0.639,0.646,0
129.76,-8.725,2.0506,84.1277,-8.3403,2.325,86.1024,,,,,,,,,,,,0.668,0.726,0.639,0.646,0
129.78,-8.725,2.0506,84.1277,-8.3403,2.325,86.1024,,,,,,,,,,,,0.713,0.693,0.67,0.593,0
129.8,-8.725,2.0506,84.1277,-8.3403,2.325,86.1024,,,,,,,,,,,,0.713,0.693,0.67,0.593,0
129.82,-8.725,2.0506,84.1277,-8.3403,2.325,86.1024,,,,,,,,,,,,0.713,0.693,0.67,0.593,0
129.84,-8.725,2.0506,84.1277,-8.3403,2.325,86.1024,,,,,,,,,,,,0.713,0.693,0.67,0.593,0
129.86,-7.8437,-2.1611,84.5659,-8.915,2.4891,86.1023,,,,,,,,,,,,0.713,0.693,0.67,0.593,0
129.88,-7.8437,-2.1611,84.5659,-8.915,2.4891,86.1023,,,,,,,,,,,,0.747,0.618,0.6,0.617,0
129.9,-7.8437,-2.1611,84.5659,-8.915,2.4891,86.1023,,,,,,,,,,,,0.747,0.618,0.6,0.617,0
129.92,-7.8437,-2.1611,84.5659,-8.915,2.4891,86.1023,,,,,,,,,,,,0.747,0.618,0.6,0.617,0
129.94,-7.8437,-2.1611,84.5659,-8.915,2.4891,86.1023,,,,,,,,,,,,0.747,0.618,0.6,0.617,0
129.96,-8.6294,-3.6838,84.765,-9.7645,2.6181,86.1023,,,,,,,,,,,,0.747,0.618,0.6,0.617,0
129.98,-8.6294,-3.6838,84.765,-9.7645,2.6181,86.1023,,,,,,,,,,,,0.678,0.693,0.628,0.593,0
130.0,-8.6294,-3.6838,84.765,-9.7645,2.6181,86.1023,,,,,,,,,,,,0.678,0.693,0.628,0.593,0
130.02,-8.6294,-3.6838,84.765,-9.7645,2.6181,86.1023,,,,,,,,,,,,0.678,0.693,0.628,0.593,0
130.04,-8.6294,-3.6838,84.765,-9.7645,2.6181,86.1023,,,,,,,,,,,,0.678,0.693,0.628,0.593,0
130.06,-10.8373,-1.2774,84.1382,-9.9905,2.6999,85.8127,,,,,,,,,,,,0.678,0.693,0.628,0.593,0
130.08,-10.8373,-1.2774,84.1382,-9.9905,2.6999,85.8127,,,,,,,,,,,,0.578,0.781,0.616,0.611,0
130.1,-10.8373,-1.2774,84.1382,-9.9905,2.6999,85.8127,,,,,,,,,,,,0.578,0.781,0.616,0.611,0
130.12,-10.8373,-1.2774,84.1382,-9.9905,2.6999,85.8127,,,,,,,,,,,,0.578,0.781,0.616,0.611,0
130.14,-10.8373,-1.2774,84.1382,-9.9905,2.6999,85.8127,,,,,,,,,,,,0.578,0.781,0.616,0.611,0
130.16,-13.0584,3.0948,82.8437,-9.328,2.2992,85.8127,,,,,,,,,,,,0.578,0.781,0.616,0.611,0
130.18,-13.0584,3.0948,82.8437,-9.328,2.2992,85.8127,,,,,,,,,,,,0.522,0.829,0.643,0.586,0
130.2,-13.0584,3.0948,82.8437,-9.328,2.2992,85.8127,,,,,,,,,,,,0.522,0.829,0.643,0.586,0
130.22,-13.0584,3.0948,82.8437,-9.328,2.2992,85.8127,,,,,,,,,,,,0.522,0.829,0.643,0.586,0
130.24,-13.0584,3.0948,82.8437,-9.328,2.2992,85.8127,,,,,,,,,,,,0.522,0.829,0.643,0.586,0
130.26,-11.7885,4.9868,81.8978,-8.9893,1.8694,85.8126,,,,,,,,,,,,0.522,0.829,0.643,0.586,0
130.28,-11.7885,4.9868,81.8978,-8.9893,1.8694,85.8126,,,,,,,,,,,,0.653,0.734,0.588,0.63,0
130.3,-11.7885,4.9868,81.8978,-8.9893,1.8694,85.8126,,,,,,,,,,,,0.653,0.734,0.588,0.63,0
130.32,-11.7885,4.9868,81.8978,-8.9893,1.8694,85.8126,,,,,,,,,,,,0.653,0.734,0.588,0.63,0
130.34,-11.7885,4.9868,81.8978,-8.9893,1.8694,85.8126,,,,,,,,,,,,0.653,0.734,0.588,0.63,0
130.36,-9.8178,3.3218,82.4263,-9.0059,1.349,85.8126,,,,,,,,,,,,0.653,0.734,0.588,0.63,0
130.38,-9.8178,3.3218,82.4263,-9.0059,1.349,85.8126,,,,,,,,,,,,0.71,0.671,0.583,0.63,0
130.4,-9.8178,3.3218,82.4263,-9.0059,1.349,85.8126,,,,,,,,,,,,0.71,0.671,0.583,0.63,0
130.42,-9.8178,3.3218,82.4263,-9.0059,1.349,85.8126,,,,,,,,,,,,0.71,0.671,0.583,0.63,0
130.44,-9.8178,3.3218,82.4263,-9.0059,1.349,85.8126,,,,,,,,,,,,0.71,0.671,0.583,0.63,0
130.46,-7.947,0.9023,84.0555,-9.0944,0.7929,85.8126,,,,,,,,,,,,0.71,0.671,0.583,0.63,0
130.48,-7.947,0.9023,84.0555,-9.0944,0.7929,85.8126,,,,,,,,,,,,0.66,0.704,0.625,0.603,0
130.5,-7.947,0.9023,84.0555,-9.0944,0.7929,85.8126,,,,,,,,,,,,0.66,0.704,0.625,0.603,0
130.52,-7.947,0.9023,84.0555,-9.0944,0.7929,85.8126,,,,,,,,,,,,0.66,0.704,0.625,0.603,0
130.54,-7.947,0.9023,84.0555,-9.0944,0.7929,85.8126,,,,,,,,,,,,0.66,0.704,0.625,0.603,0
130.56,-7.547,0.2201,85.5859,-7.7036,0.4048,85.8126,,,,,,,,,,,,0.66,0.704,0.625,0.603,0
130.58,-7.547,0.2201,85.5859,-7.7036,0.4048,85.8126,,,,,,,,,,,,0.636,0.706,0.612,0.639,0
130.6,-7.547,0.2201,85.5859,-7.7036,0.4048,85.8126,,,,,,,,,,,,0.636,0.706,0.612,0.639,0
130.62,-7.547,0.2201,85.5859,-7.7036,0.4048,85.8126,,,,,,,,,,,,0.636,0.706,0.612,0.639,0
130.64,-7.547,0.2201,85.5859,-7.7036,0.4048,85.8126,,,,,,,,,,,,0.636,0.706,0.612,0.639,0
130.66,-6.6625,1.9477,86.5913,-5.4027,0.2067,85.8125,,,,,,,,,,,,0.636,0.706,0.612,0.639,0
130.68,-6.6625,1.9477,86.5913,-5.4027,0.2067,85.8125,,,,,,,,,,,,0.564,0.751,0.634,0.638,0
130.7,-6.6625,1.9477,86.5913,-5.4027,0.2067,85.8125,,,,,,,,,,,,0.564,0.751,0.634,0.638,0
130.72,-6.6625,1.9477,86.5913,-5.4027,0.2067,85.8125,,,,,,,,,,,,0.564,0.751,0.634,0.638,0
130.74,-6.6625,1.9477,86.5913,-5.4027,0.2067,85.8125,,,,,,,,,,,,0.564,0.751,0.634,0.638,0
130.76,-3.3986,3.5776,87.0902,-3.2515,0.1055,85.8124,,,,,,,,,,,,0.564,0.751,0.634,0.638,0
130.78,-3.3986,3.5776,87.0902,-3.2515,0.1055,85.8124,,,,,,,,,,,,0.655,0.663,0.576,0.697,0
130.8,-3.3986,3.5776,87.0902,-3.2515,0.1055,85.8124,,,,,,,,,,,,0.655,0.663,0.576,0.697,0
130.82,-3.3986,3.5776,87.0902,-3.2515,0.1055,85.8124,,,,,,,,,,,,0.655,0.663,0.576,0.697,0
130.84,-3.3986,3.5776,87.0902,-3.2515,0.1055,85.8124,,,,,,,,,,,,0.655,0.663,0.576,0.697,0
130.86,2.1204,2.6681,87.3519,-1.6599,0.0539,85.8123,,,,,,,,,,,,0.655,0.663,0.576,0.697,0
130.88,2.1204,2.6681,87.3519,-1.6599,0.0539,85.8123,,,,,,,,,,,,0.722,0.589,0.553,0.715,0
130.9,2.1204,2.6681,87.3519,-1.6599,0.0539,85.8123,,,,,,,,,,,,0.722,0.589,0.553,0.715,0
130.92,2.1204,2.6681,87.3519,-1.6599,0.0539,85.8123,,,,,,,,,,,,0.722,0.589,0.553,0.715,0
130.94,2.1204,2.6681,87.3519,-1.6599,0.0539,85.8123,,,,,,,,,,,,0.722,0.589,0.553,0.715,0
130.96,4.7918,0.0056,87.3138,-0.9751,0.0275,85.8123,,,,,,,,,,,,0.722,0.589,0.553,0.715,0
130.98,4.7918,0.0056,87.3138,-0.9751,0.0275,85.8123,,,,,,,,,,,,0.669,0.653,0.636,0.637,0
131.0,4.7918,0.0056,87.3138,-0.9751,0.0275,85.8123,,,,,,,,,,,,0.669,0.653,0.636,0.637,0
131.02,4.7918,0.0056,87.3138,-0.9751,0.0275,85.8123,,,,,,,,,,,,0.669,0.653,0.636,0.637,0
131.04,4.7918,0.0056,87.3138,-0.9751,0.0275,85.8123,,,,,,,,,,,,0.669,0.653,0.636,0.637,0
131.06,3.6396,-2.2891,87.0602,-2.7668,0.014,85.8123,,,,,,,,,,,,0.669,0.653,0.636,0.637,0
131.08,3.6396,-2.2891,87.0602,-2.7668,0.014,85.8123,,,,,,,,,,,,0.68,0.604,0.59,0.626,0
131.1,3.6396,-2.2891,87.0602,-2.7668,0.014,85.8123,,,,,,,,,,,,0.68,0.604,0.59,0.626,0
131.12,3.6396,-2.2891,87.0602,-2.7668,0.014,85.8123,,,,,,,,,,,,0.68,0.604,0.59,0.626,0
131.14,3.6396,-2.2891,87.0602,-2.7668,0.014,85.8123,,,,,,,,,,,,0.68,0.604,0.59,0.626,0
131.16,-2.1606,-3.2662,86.6453,-5.6508,0.0072,85.8124,,,,,,,,,,,,0.68,0.604,0.59,0.626,0
131.18,-2.1606,-3.2662,86.6453,-5.6508,0.0072,85.8124,,,,,,,,,,,,0.598,0.699,0.658,0.545,0
131.2,-2.1606,-3.2662,86.6453,-5.6508,0.0072,85.8124,,,,,,,,,,,,0.598,0.699,0.658,0.545,0
131.22,-2.1606,-3.2662,86.6453,-5.6508,0.0072,85.8124,,,,,,,,,,,,0.598,0.699,0.658,0.545,0
131.24,-2.1606,-3.2662,86.6453,-5.6508,0.0072,85.8124,,,,,,,,,,,,0.598,0.699,0.658,0.545,0
131.26,-8.9491,-2.6939,86.0818,-7.4246,0.0037,85.8124,,,,,,,,,,,,0.598,0.699,0.658,0.545,0
131.28,-8.9491,-2.6939,86.0818,-7.4246,0.0037,85.8124,,,,,,,,,,,,0.61,0.705,0.645,0.563,0
131.3,-8.9491,-2.6939,86.0818,-7.4246,0.0037,85.8124,,,,,,,,,,,,0.61,0.705,0.645,0.563,0
131.32,-8.9491,-2.6939,86.0818,-7.4246,0.0037,85.8124,,,,,,,,,,,,0.61,0.705,0.645,0.563,0
131.34,-8.9491,-2.6939,86.0818,-7.4246,0.0037,85.8124,,,,,,,,,,,,0.61,0.705,0.645,0.563,0
131.36,-11.3795,-2.0302,85.5562,-8.1469,0.0019,85.8123,,,,,,,,,,,,0.61,0.705,0.645,0.563,0
131.38,-11.3795,-2.0302,85.5562,-8.1469,0.0019,85.8123,,,,,,,,,,,,0.655,0.673,0.594,0.618,0
131.4,-11.3795,-2.0302,85.5562,-8.1469,0.0019,85.8123,,,,,,,,,,,,0.655,0.673,0.594,0.618,0
131.42,-11.3795,-2.0302,85.5562,-8.1469,0.0019,85.8123,,,,,,,,,,,,0.655,0.673,0.594,0.618,0
131.44,-11.3795,-2.0302,85.5562,-8.1469,0.0019,85.8123,,,,,,,,,,,,0.655,0.673,0.594,0.618,0
131.46,-10.347,-1.1516,85.4545,-7.1718,0.001,85.8123,,,,,,,,,,,,0.655,0.673,0.594,0.618,0
131.48,-10.347,-1.1516,85.4545,-7.1718,0.001,85.8123,,,,,,,,,,,,0.691,0.692,0.612,0.663,0
131.5,-10.347,-1.1516,85.4545,-7.1718,0.001,85.8123,,,,,,,,,,,,0.691,0.692,0.612,0.663,0
131.52,-10.347,-1.1516,85.4545,-7.1718,0.001,85.8123,,,,,,,,,,,,0.691,0.692,0.612,0.663,0
131.54,-10.347,-1.1516,85.4545,-7.1718,0.001,85.8123,,,,,,,,,,,,0.691,0.692,0.612,0.663,0
131.56,-6.5605,-0.4474,85.6155,-6.3342,0.0005,85.8123,,,,,,,,,,,,0.691,0.692,0.612,0.663,0
131.58,-6.5605,-0.4474,85.6155,-6.3342,0.0005,85.8123,,,,,,,,,,,,0.637,0.732,0.641,0.633,0
131.6,-6.5605,-0.4474,85.6155,-6.3342,0.0005,85.8123,,,,,,,,,,,,0.637,0.732,0.641,0.633,0
131.62,-6.5605,-0.4474,85.6155,-6.3342,0.0005,85.8123,,,,,,,,,,,,0.637,0.732,0.641,0.633,0
131.64,-6.5605,-0.4474,85.6155,-6.3342,0.0005,85.8123,,,,,,,,,,,,0.637,0.732,0.641,0.633,0
131.66,-4.1376,0.5482,85.716,-5.9784,0.0002,85.8123,,,,,,,,,,,,0.637,0.732,0.641,0.633,0
131.68,-4.1376,0.5482,85.716,-5.9784,0.0002,85.8123,,,,,,,,,,,,0.683,0.683,0.588,0.683,0
131.7,-4.1376,0.5482,85.716,-5.9784,0.0002,85.8123,,,,,,,,,,,,0.683,0.683,0.588,0.683,0
131.72,-4.1376,0.5482,85.716,-5.9784,0.0002,85.8123,,,,,,,,,,,,0.683,0.683,0.588,0.683,0
131.74,-4.1376,0.5482,85.716,-5.9784,0.0002,85.8123,,,,,,,,,,,,0.683,0.683,0.588,0.683,0
131.76,-2.1797,0.7978,85.7277,-5.9068,0.0001,85.8123,,,,,,,,,,,,0.683,0.683,0.588,0.683,0
131.78,-2.1797,0.7978,85.7277,-5.9068,0.0001,85.8123,,,,,,,,,,,,0.68,0.686,0.603,0.665,0
131.8,-2.1797,0.7978,85.7277,-5.9068,0.0001,85.8123,,,,,,,,,,,,0.68,0.686,0.603,0.665,0
131.82,-2.1797,0.7978,85.7277,-5.9068,0.0001,85.8123,,,,,,,,,,,,0.68,0.686,0.603,0.665,0
131.84,-2.1797,0.7978,85.7277,-5.9068,0.0001,85.8123,,,,,,,,,,,,0.68,0.686,0.603,0.665,0
131.86,-3.1837,0.9294,85.3838,-6.2132,0.0001,85.8123,,,,,,,,,,,,0.68,0.686,0.603,0.665,0
131.88,-3.1837,0.9294,85.3838,-6.2132,0.0001,85.8123,,,,,,,,,,,,0.667,0.704,0.605,0.657,0
131.9,-3.1837,0.9294,85.3838,-6.2132,0.0001,85.8123,,,,,,,,,,,,0.667,0.704,0.605,0.657,0
131.92,-3.1837,0.9294,85.3838,-6.2132,0.0001,85.8123,,,,,,,,,,,,0.667,0.704,0.605,0.657,0
131.94,-3.1837,0.9294,85.3838,-6.2132,0.0001,85.8123,,,,,,,,,,,,0.667,0.704,0.605,0.657,0
131.96,-4.9824,1.0689,85.0125,-6.3953,0.0,85.8123,,,,,,,,,,,,0.667,0.704,0.605,0.657,0
131.98,-4.9824,1.0689,85.0125,-6.3953,0.0,85.8123,,,,,,,,,,,,0.689,0.69,0.584,0.672,0
132.0,-4.9824,1.0689,85.0125,-6.3953,0.0,85.8123,,,,,,,,,,,,0.689,0.69,0.584,0.672,0
132.02,-4.9824,1.0689,85.0125,-6.3953,0.0,85.8123,,,,,,,,,,,,0.689,0.69,0.584,0.672,0
132.04,-4.9824,1.0689,85.0125,-6.3953,0.0,85.8123,,,,,,,,,,,,0.689,0.69,0.584,0.672,0
132.06,-6.7603,1.327,84.6342,-6.3996,0.0,85.8123,,,,,,,,,,,,0.689,0.69,0.584,0.672,0
132.08,-6.7603,1.327,84.6342,-6.3996,0.0,85.8123,,,,,,,,,,,,0.672,0.714,0.603,0.652,0
132.1,-6.7603,1.327,84.6342,-6.3996,0.0,85.8123,,,,,,,,,,,,0.672,0.714,0.603,0.652,0
132.12,-6.7603,1.327,84.6342,-6.3996,0.0,85.8123,,,,,,,,,,,,0.672,0.714,0.603,0.652,0
132.14,-6.7603,1.327,84.6342,-6.3996,0.0,85.8123,,,,,,,,,,,,0.672,0.714,0.603,0.652,0
132.16,-5.8549,0.3704,84.3412,-6.4982,0.0,85.8123,,,,,,,,,,,,0.672,0.714,0.603,0.652,0
132.18,-5.8549,0.3704,84.3412,-6.4982,0.0,85.8123,,,,,,,,,,,,0.881,0.448,0.592,0.658,0
132.2,-5.8549,0.3704,84.3412,-6.4982,0.0,85.8123,,,,,,,,,,,,0.881,0.448,0.592,0.658,0
132.22,-5.8549,0.3704,84.3412,-6.4982,0.0,85.8123,,,,,,,,,,,,0.881,0.448,0.592,0.658,0
132.24,-5.8549,0.3704,84.3412,-6.4982,0.0,85.8123,,,,,,,,,,,,0.881,0.448,0.592,0.658,0
132.26,1.0915,-5.436,83.9462,-6.5872,0.0,85.8123,,,,,,,,,,,,0.881,0.448,0.592,0.658,0
132.28,1.0915,-5.436,83.9462,-6.5872,0.0,85.8123,,,,,,,,,,,,0.788,0.599,0.585,0.655,0
132.3,1.0915,-5.436,83.9462,-6.5872,0.0,85.8123,,,,,,,,,,,,0.788,0.599,0.585,0.655,0
132.32,1.0915,-5.436,83.9462,-6.5872,0.0,85.8123,,,,,,,,,,,,0.788,0.599,0.585,0.655,0
132.34,1.0915,-5.436,83.9462,-6.5872,0.0,85.8123,,,,,,,,,,,,0.788,0.599,0.585,0.655,0
132.36,0.787,-5.1351,83.5097,-6.6326,0.0,85.8293,,,,,,,,,,,,0.788,0.599,0.585,0.655,0
132.38,0.787,-5.1351,83.5097,-6.6326,0.0,85.8293,,,,,,,,,,,,0.678,0.724,0.587,0.645,0
132.4,0.787,-5.1351,83.5097,-6.6326,0.0,85.8293,,,,,,,,,,,,0.678,0.724,0.587,0.645,0
132.42,0.787,-5.1351,83.5097,-6.6326,0.0,85.8293,,,,,,,,,,,,0.678,0.724,0.587,0.645,0
132.44,0.787,-5.1351,83.5097,-6.6326,0.0,85.8293,,,,,,,,,,,,0.678,0.724,0.587,0.645,0
132.46,-7.2365,-0.5224,82.8352,-6.6527,0.0,87.2573,,,,,,,,,,,,0.678,0.724,0.587,0.645,0
132.48,-7.2365,-0.5224,82.8352,-6.6527,0.0,87.2573,,,,,,,,,,,,0.497,0.887,0.654,0.537,0
132.5,-7.2365,-0.5224,82.8352,-6.6527,0.0,87.2573,,,,,,,,,,,,0.497,0.887,0.654,0.537,0
132.52,-7.2365,-0.5224,82.8352,-6.6527,0.0,87.2573,,,,,,,,,,,,0.497,0.887,0.654,0.537,0
132.54,-7.2365,-0.5224,82.8352,-6.6527,0.0,87.2573,,,,,,,,,,,,0.497,0.887,0.654,0.537,0
132.56,-13.8087,4.239,81.8785,-6.5392,-0.0,88.1516,,,,,,,,,,,,0.497,0.887,0.654,0.537,0
132.58,-13.8087,4.239,81.8785,-6.5392,-0.0,88.1516,,,,,,,,,,,,0.614,0.824,0.591,0.624,0
132.6,-13.8087,4.239,81.8785,-6.5392,-0.0,88.1516,,,,,,,,,,,,0.614,0.824,0.591,0.624,0
132.62,-13.8087,4.239,81.8785,-6.5392,-0.0,88.1516,,,,,,,,,,,,0.614,0.824,0.591,0.624,0
132.64,-13.8087,4.239,81.8785,-6.5392,-0.0,88.1516,,,,,,,,,,,,0.614,0.824,0.591,0.624,0
132.66,-13.3507,6.168,81.7237,-6.3632,-0.0,88.1516,,,,,,,,,,,,0.614,0.824,0.591,0.624,0
132.68,-13.3507,6.168,81.7237,-6.3632,-0.0,88.1516,,,,,,,,,,,,0.674,0.76,0.568,0.663,0
132.7,-13.3507,6.168,81.7237,-6.3632,-0.0,88.1516,,,,,,,,,,,,0.674,0.76,0.568,0.663,0
132.72,-13.3507,6.168,81.7237,-6.3632,-0.0,88.1516,,,,,,,,,,,,0.674,0.76,0.568,0.663,0
132.74,-13.3507,6.168,81.7237,-6.3632,-0.0,88.1516,,,,,,,,,,,,0.674,0.76,0.568,0.663,0
132.76,-7.7845,4.5506,82.6916,-6.3842,-0.0,88.1516,,,,,,,,,,,,0.674,0.76,0.568,0.663,0
132.78,-7.7845,4.5506,82.6916,-6.3842,-0.0,88.1516,,,,,,,,,,,,0.767,0.642,0.527,0.694,0
132.8,-7.7845,4.5506,82.6916,-6.3842,-0.0,88.1516,,,,,,,,,,,,0.767,0.642,0.527,0.694,0
132.82,-7.7845,4.5506,82.6916,-6.3842,-0.0,88.1516,,,,,,,,,,,,0.767,0.642,0.527,0.694,0
132.84,-7.7845,4.5506,82.6916,-6.3842,-0.0,88.1516,,,,,,,,,,,,0.767,0.642,0.527,0.694,0
132.86,-2.9831,0.5102,83.8459,-6.6094,0.0,88.581,,,,,,,,,,,,0.767,0.642,0.527,0.694,0
132.88,-2.9831,0.5102,83.8459,-6.6094,0.0,88.581,,,,,,,,,,,,0.754,0.647,0.585,0.631,0
132.9,-2.9831,0.5102,83.8459,-6.6094,0.0,88.581,,,,,,,,,,,,0.754,0.647,0.585,0.631,0
132.92,-2.9831,0.5102,83.8459,-6.6094,0.0,88.581,,,,,,,,,,,,0.754,0.647,0.585,0.631,0
132.94,-2.9831,0.5102,83.8459,-6.6094,0.0,88.581,,,,,,,,,,,,0.754,0.647,0.585,0.631,0
132.96,-1.5876,-1.8837,84.9403,-6.4346,-0.0,90.1661,,,,,,,,,,,,0.754,0.647,0.585,0.631,0
132.98,-1.5876,-1.8837,84.9403,-6.4346,-0.0,90.1661,,,,,,,,,,,,0.718,0.709,0.583,0.611,0
133.0,-1.5876,-1.8837,84.9403,-6.4346,-0.0,90.1661,,,,,,,,,,,,0.718,0.709,0.583,0.611,0
133.02,-1.5876,-1.8837,84.9403,-6.4346,-0.0,90.1661,,,,,,,,,,,,0.718,0.709,0.583,0.611,0
133.04,-1.5876,-1.8837,84.9403,-6.4346,-0.0,90.1661,,,,,,,,,,,,0.718,0.709,0.583,0.611,0
133.06,-3.8924,-1.3596,86.2137,-5.4501,-0.0001,90.4697,,,,,,,,,,,,0.718,0.709,0.583,0.611,0
133.08,-3.8924,-1.3596,86.2137,-5.4501,-0.0001,90.4697,,,,,,,,,,,,0.625,0.771,0.628,0.596,0
133.1,-3.8924,-1.3596,86.2137,-5.4501,-0.0001,90.4697,,,,,,,,,,,,0.625,0.771,0.628,0.596,0
133.12,-3.8924,-1.3596,86.2137,-5.4501,-0.0001,90.4697,,,,,,,,,,,,0.625,0.771,0.628,0.596,0
133.14,-3.8924,-1.3596,86.2137,-5.4501,-0.0001,90.4697,,,,,,,,,,,,0.625,0.771,0.628,0.596,0
133.16,-4.1662,-0.3499,87.3934,-4.6836,-0.0001,90.7188,,,,,,,,,,,,0.625,0.771,0.628,0.596,0
133.18,-4.1662,-0.3499,87.3934,-4.6836,-0.0001,90.7188,,,,,,,,,,,,0.647,0.742,0.629,0.615,0
133.2,-4.1662,-0.3499,87.3934,-4.6836,-0.0001,90.7188,,,,,,,,,,,,0.647,0.742,0.629,0.615,0
133.22,-4.1662,-0.3499,87.3934,-4.6836,-0.0001,90.7188,,,,,,,,,,,,0.647,0.742,0.629,0.615,0
133.24,-4.1662,-0.3499,87.3934,-4.6836,-0.0001,90.7188,,,,,,,,,,,,0.647,0.742,0.629,0.615,0
133.26,-3.9395,0.0385,88.4505,-4.275,-0.0,90.7188,,,,,,,,,,,,0.647,0.742,0.629,0.615,0
133.28,-3.9395,0.0385,88.4505,-4.275,-0.0,90.7188,,,,,,,,,,,,0.626,0.744,0.642,0.613,0
133.3,-3.9395,0.0385,88.4505,-4.275,-0.0,90.7188,,,,,,,,,,,,0.626,0.744,0.642,0.613,0
133.32,-3.9395,0.0385,88.4505,-4.275,-0.0,90.7188,,,,,,,,,,,,0.626,0.744,0.642,0.613,0
133.34,-3.9395,0.0385,88.4505,-4.275,-0.0,90.7188,,,,,,,,,,,,0.626,0.744,0.642,0.613,0
133.36,-2.5956,0.1056,89.2749,-4.1113,-0.0,90.7188,,,,,,,,,,,,0.626,0.744,0.642,0.613,0
133.38,-2.5956,0.1056,89.2749,-4.1113,-0.0,90.7188,,,,,,,,,,,,0.657,0.71,0.605,0.655,0
133.4,-2.5956,0.1056,89.2749,-4.1113,-0.0,90.7188,,,,,,,,,,,,0.657,0.71,0.605,0.655,0
133.42,-2.5956,0.1056,89.2749,-4.1113,-0.0,90.7188,,,,,,,,,,,,0.657,0.71,0.605,0.655,0
133.44,-2.5956,0.1056,89.2749,-4.1113,-0.0,90.7188,,,,,,,,,,,,0.657,0.71,0.605,0.655,0
133.46,-1.2461,0.1766,89.9732,-3.8133,-0.0,90.7188,,,,,,,,,,,,0.657,0.71,0.605,0.655,0
133.48,-1.2461,0.1766,89.9732,-3.8133,-0.0,90.7188,,,,,,,,,,,,0.703,0.656,0.572,0.685,0
133.5,-1.2461,0.1766,89.9732,-3.8133,-0.0,90.7188,,,,,,,,,,,,0.703,0.656,0.572,0.685,0
133.52,-1.2461,0.1766,89.9732,-3.8133,-0.0,90.7188,,,,,,,,,,,,0.703,0.656,0.572,0.685,0
133.54,-1.2461,0.1766,89.9732,-3.8133,-0.0,90.7188,,,,,,,,,,,,0.703,0.656,0.572,0.685,0
133.56,-1.2728,0.3575,90.4343,-2.5364,-0.0,90.7188,,,,,,,,,,,,0.703,0.656,0.572,0.685,0
133.58,-1.2728,0.3575,90.4343,-2.5364,-0.0,90.7188,,,,,,,,,,,,0.62,0.711,0.604,0.63,0
133.6,-1.2728,0.3575,90.4343,-2.5364,-0.0,90.7188,,,,,,,,,,,,0.62,0.711,0.604,0.63,0
133.62,-1.2728,0.3575,90.4343,-2.5364,-0.0,90.7188,,,,,,,,,,,,0.62,0.711,0.604,0.63,0
133.64,-1.2728,0.3575,90.4343,-2.5364,-0.0,90.7188,,,,,,,,,,,,0.62,0.711,0.604,0.63,0
133.66,-1.4807,0.3048,90.6332,-1.3047,-0.0,90.7188,,,,,,,,,,,,0.62,0.711,0.604,0.63,0
133.68,-1.4807,0.3048,90.6332,-1.3047,-0.0,90.7188,,,,,,,,,,,,0.639,0.699,0.616,0.619,0
133.7,-1.4807,0.3048,90.6332,-1.3047,-0.0,90.7188,,,,,,,,,,,,0.639,0.699,0.616,0.619,0
133.72,-1.4807,0.3048,90.6332,-1.3047,-0.0,90.7188,,,,,,,,,,,,0.639,0.699,0.616,0.619,0
133.74,-1.4807,0.3048,90.6332,-1.3047,-0.0,90.7188,,,,,,,,,,,,0.639,0.699,0.616,0.619,0
133.76,-1.1666,0.1559,90.9542,-0.6762,-0.0,90.7188,,,,,,,,,,,,0.639,0.699,0.616,0.619,0
133.78,-1.1666,0.1559,90.9542,-0.6762,-0.0,90.7188,,,,,,,,,,,,0.616,0.719,0.63,0.611,0
133.8,-1.1666,0.1559,90.9542,-0.6762,-0.0,90.7188,,,,,,,,,,,,0.616,0.719,0.63,0.611,0
133.82,-1.1666,0.1559,90.9542,-0.6762,-0.0,90.7188,,,,,,,,,,,,0.616,0.719,0.63,0.611,0
133.84,-1.1666,0.1559,90.9542,-0.6762,-0.0,90.7188,,,,,,,,,,,,0.616,0.719,0.63,0.611,0
133.86,-0.205,0.2203,91.3681,-0.5565,-0.0265,90.7188,,,,,,,,,,,,0.616,0.719,0.63,0.611,0
133.88,-0.205,0.2203,91.3681,-0.5565,-0.0265,90.7188,,,,,,,,,,,,0.658,0.681,0.583,0.665,0
133.9,-0.205,0.2203,91.3681,-0.5565,-0.0265,90.7188,,,,,,,,,,,,0.658,0.681,0.583,0.665,0
133.92,-0.205,0.2203,91.3681,-0.5565,-0.0265,90.7188,,,,,,,,,,,,0.658,0.681,0.583,0.665,0
133.94,-0.205,0.2203,91.3681,-0.5565,-0.0265,90.7188,,,,,,,,,,,,0.658,0.681,0.583,0.665,0
133.96,0.0945,0.5116,91.6852,-0.3079,-0.5983,90.7188,,,,,,,,,,,,0.658,0.681,0.583,0.665,0
133.98,0.0945,0.5116,91.6852,-0.3079,-0.5983,90.7188,,,,,,,,,,,,0.596,0.731,0.623,0.627,0
134.0,0.0945,0.5116,91.6852,-0.3079,-0.5983,90.7188,,,,,,,,,,,,0.596,0.731,0.623,0.627,0
134.02,0.0945,0.5116,91.6852,-0.3079,-0.5983,90.7188,,,,,,,,,,,,0.596,0.731,0.623,0.627,0
134.04,0.0945,0.5116,91.6852,-0.3079,-0.5983,90.7188,,,,,,,,,,,,0.596,0.731,0.623,0.627,0
134.06,-0.6286,0.2469,91.8709,-0.5708,-0.8411,90.7188,,,,,,,,,,,,0.596,0.731,0.623,0.627,0
134.08,-0.6286,0.2469,91.8709,-0.5708,-0.8411,90.7188,,,,,,,,,,,,0.67,0.661,0.591,0.657,0
134.1,-0.6286,0.2469,91.8709,-0.5708,-0.8411,90.7188,,,,,,,,,,,,0.67,0.661,0.591,0.657,0
134.12,-0.6286,0.2469,91.8709,-0.5708,-0.8411,90.7188,,,,,,,,,,,,0.67,0.661,0.591,0.657,0
134.14,-0.6286,0.2469,91.8709,-0.5708,-0.8411,90.7188,,,,,,,,,,,,0.67,0.661,0.591,0.657,0
134.16,-2.4073,0.0958,92.0806,-2.966,-0.4326,90.7186,,,,,,,,,,,,0.67,0.661,0.591,0.657,0
134.18,-2.4073,0.0958,92.0806,-2.966,-0.4326,90.7186,,,,,,,,,,,,0.669,0.661,0.583,0.666,0
134.2,-2.4073,0.0958,92.0806,-2.966,-0.4326,90.7186,,,,,,,,,,,,0.669,0.661,0.583,0.666,0
134.22,-2.4073,0.0958,92.0806,-2.966,-0.4326,90.7186,,,,,,,,,,,,0.669,0.661,0.583,0.666,0
134.24,-2.4073,0.0958,92.0806,-2.966,-0.4326,90.7186,,,,,,,,,,,,0.669,0.661,0.583,0.666,0
134.26,-6.8323,0.3135,92.1722,-5.5131,-0.2209,90.7185,,,,,,,,,,,,0.669,0.661,0.583,0.666,0
134.28,-6.8323,0.3135,92.1722,-5.5131,-0.2209,90.7185,,,,,,,,,,,,0.583,0.743,0.657,0.596,0
134.3,-6.8323,0.3135,92.1722,-5.5131,-0.2209,90.7185,,,,,,,,,,,,0.583,0.743,0.657,0.596,0
134.32,-6.8323,0.3135,92.1722,-5.5131,-0.2209,90.7185,,,,,,,,,,,,0.583,0.743,0.657,0.596,0
134.34,-6.8323,0.3135,92.1722,-5.5131,-0.2209,90.7185,,,,,,,,,,,,0.583,0.743,0.657,0.596,0
134.36,-11.0444,0.8416,92.0757,-6.7975,-0.1128,90.7184,,,,,,,,,,,,0.583,0.743,0.657,0.596,0
134.38,-11.0444,0.8416,92.0757,-6.7975,-0.1128,90.7184,,,,,,,,,,,,0.556,0.769,0.672,0.585,0
134.4,-11.0444,0.8416,92.0757,-6.7975,-0.1128,90.7184,,,,,,,,,,,,0.556,0.769,0.672,0.585,0
134.42,-11.0444,0.8416,92.0757,-6.7975,-0.1128,90.7184,,,,,,,,,,,,0.556,0.769,0.672,0.585,0
134.44,-11.0444,0.8416,92.0757,-6.7975,-0.1128,90.7184,,,,,,,,,,,,0.556,0.769,0.672,0.585,0
134.46,-10.9209,1.1828,91.9069,-6.9027,-0.0576,90.7184,,,,,,,,,,,,0.556,0.769,0.672,0.585,0
134.48,-10.9209,1.1828,91.9069,-6.9027,-0.0576,90.7184,,,,,,,,,,,,0.668,0.677,0.59,0.667,0
134.5,-10.9209,1.1828,91.9069,-6.9027,-0.0576,90.7184,,,,,,,,,,,,0.668,0.677,0.59,0.667,0
134.52,-10.9209,1.1828,91.9069,-6.9027,-0.0576,90.7184,,,,,,,,,,,,0.668,0.677,0.59,0.667,0
134.54,-10.9209,1.1828,91.9069,-6.9027,-0.0576,90.7184,,,,,,,,,,,,0.668,0.677,0.59,0.667,0
134.56,-8.0655,1.0921,91.7328,-6.0773,-0.0294,90.7184,,,,,,,,,,,,0.668,0.677,0.59,0.667,0
134.58,-8.0655,1.0921,91.7328,-6.0773,-0.0294,90.7184,,,,,,,,,,,,0.658,0.687,0.601,0.654,0
134.6,-8.0655,1.0921,91.7328,-6.0773,-0.0294,90.7184,,,,,,,,,,,,0.658,0.687,0.601,0.654,0
134.62,-8.0655,1.0921,91.7328,-6.0773,-0.0294,90.7184,,,,,,,,,,,,0.658,0.687,0.601,0.654,0
134.64,-8.0655,1.0921,91.7328,-6.0773,-0.0294,90.7184,,,,,,,,,,,,0.658,0.687,0.601,0.654,0
134.66,-4.0487,0.6459,91.5639,-4.3958,-0.0909,90.7184,,,,,,,,,,,,0.658,0.687,0.601,0.654,0
134.68,-4.0487,0.6459,91.5639,-4.3958,-0.0909,90.7184,,,,,,,,,,,,0.661,0.695,0.602,0.662,0
134.7,-4.0487,0.6459,91.5639,-4.3958,-0.0909,90.7184,,,,,,,,,,,,0.661,0.695,0.602,0.662,0
134.72,-4.0487,0.6459,91.5639,-4.3958,-0.0909,90.7184,,,,,,,,,,,,0.661,0.695,0.602,0.662,0
134.74,-4.0487,0.6459,91.5639,-4.3958,-0.0909,90.7184,,,,,,,,,,,,0.661,0.695,0.602,0.662,0
134.76,-1.9421,0.4447,91.2565,-2.4336,-0.0512,90.7184,,,,,,,,,,,,0.661,0.695,0.602,0.662,0
134.78,-1.9421,0.4447,91.2565,-2.4336,-0.0512,90.7184,,,,,,,,,,,,0.619,0.736,0.633,0.628,0
134.8,-1.9421,0.4447,91.2565,-2.4336,-0.0512,90.7184,,,,,,,,,,,,0.619,0.736,0.633,0.628,0
134.82,-1.9421,0.4447,91.2565,-2.4336,-0.0512,90.7184,,,,,,,,,,,,0.619,0.736,0.633,0.628,0
134.84,-1.9421,0.4447,91.2565,-2.4336,-0.0512,90.7184,,,,,,,,,,,,0.619,0.736,0.633,0.628,0
134.86,-1.6866,1.0718,90.9007,-1.2425,-0.0261,90.7184,,,,,,,,,,,,0.619,0.736,0.633,0.628,0
134.88,-1.6866,1.0718,90.9007,-1.2425,-0.0261,90.7184,,,,,,,,,,,,0.576,0.771,0.638,0.615,0
134.9,-1.6866,1.0718,90.9007,-1.2425,-0.0261,90.7184,,,,,,,,,,,,0.576,0.771,0.638,0.615,0
134.92,-1.6866,1.0718,90.9007,-1.2425,-0.0261,90.7184,,,,,,,,,,,,0.576,0.771,0.638,0.615,0
134.94,-1.6866,1.0718,90.9007,-1.2425,-0.0261,90.7184,,,,,,,,,,,,0.576,0.771,0.638,0.615,0
134.96,-1.4142,1.8916,90.548,-0.6343,-0.0133,90.7184,,,,,,,,,,,,0.576,0.771,0.638,0.615,0
134.98,-1.4142,1.8916,90.548,-0.6343,-0.0133,90.7184,,,,,,,,,,,,0.65,0.712,0.591,0.655,0
135.0,-1.4142,1.8916,90.548,-0.6343,-0.0133,90.7184,,,,,,,,,,,,0.65,0.712,0.591,0.655,0
135.02,-1.4142,1.8916,90.548,-0.6343,-0.0133,90.7184,,,,,,,,,,,,0.65,0.712,0.591,0.655,0
135.04,-1.4142,1.8916,90.548,-0.6343,-0.0133,90.7184,,,,,,,,,,,,0.65,0.712,0.591,0.655,0
135.06,-0.8443,2.0419,90.1094,-0.3239,-0.0068,90.7184,,,,,,,,,,,,0.65,0.712,0.591,0.655,0
135.08,-0.8443,2.0419,90.1094,-0.3239,-0.0068,90.7184,,,,,,,,,,,,0.671,0.699,0.572,0.663,0
135.1,-0.8443,2.0419,90.1094,-0.3239,-0.0068,90.7184,,,,,,,,,,,,0.671,0.699,0.572,0.663,0
135.12,-0.8443,2.0419,90.1094,-0.3239,-0.0068,90.7184,,,,,,,,,,,,0.671,0.699,0.572,0.663,0
135.14,-0.8443,2.0419,90.1094,-0.3239,-0.0068,90.7184,,,,,,,,,,,,0.671,0.699,0.572,0.663,0
135.16,-0.1008,0.9589,89.661,-0.1653,-0.0035,90.7418,,,,,,,,,,,,0.671,0.699,0.572,0.663,0
135.18,-0.1008,0.9589,89.661,-0.1653,-0.0035,90.7418,,,,,,,,,,,,0.707,0.676,0.585,0.647,0
135.2,-0.1008,0.9589,89.661,-0.1653,-0.0035,90.7418,,,,,,,,,,,,0.707,0.676,0.585,0.647,0
135.22,-0.1008,0.9589,89.661,-0.1653,-0.0035,90.7418,,,,,,,,,,,,0.707,0.676,0.585,0.647,0
135.24,-0.1008,0.9589,89.661,-0.1653,-0.0035,90.7418,,,,,,,,,,,,0.707,0.676,0.585,0.647,0
135.26,0.3878,-0.5496,89.0225,-0.0844,-0.0018,91.0142,,,,,,,,,,,,0.707,0.676,0.585,0.647,0
135.28,0.3878,-0.5496,89.0225,-0.0844,-0.0018,91.0142,,,,,,,,,,,,0.715,0.697,0.583,0.648,0
135.3,0.3878,-0.5496,89.0225,-0.0844,-0.0018,91.0142,,,,,,,,,,,,0.715,0.697,0.583,0.648,0
135.32,0.3878,-0.5496,89.0225,-0.0844,-0.0018,91.0142,,,,,,,,,,,,0.715,0.697,0.583,0.648,0
135.34,0.3878,-0.5496,89.0225,-0.0844,-0.0018,91.0142,,,,,,,,,,,,0.715,0.697,0.583,0.648,0
135.36,0.5883,-1.2995,88.2752,-0.0431,-0.0009,91.0276,,,,,,,,,,,,0.715,0.697,0.583,0.648,0
135.38,0.5883,-1.2995,88.2752,-0.0431,-0.0009,91.0276,,,,,,,,,,,,0.669,0.748,0.62,0.606,0
135.4,0.5883,-1.2995,88.2752,-0.0431,-0.0009,91.0276,,,,,,,,,,,,0.669,0.748,0.62,0.606,0
135.42,0.5883,-1.2995,88.2752,-0.0431,-0.0009,91.0276,,,,,,,,,,,,0.669,0.748,0.62,0.606,0
135.44,0.5883,-1.2995,88.2752,-0.0431,-0.0009,91.0276,,,,,,,,,,,,0.669,0.748,0.62,0.606,0
135.46,0.1129,-0.8595,87.5218,-0.3258,-0.0005,91.0276,,,,,,,,,,,,0.669,0.748,0.62,0.606,0
135.48,0.1129,-0.8595,87.5218,-0.3258,-0.0005,91.0276,,,,,,,,,,,,0.684,0.738,0.578,0.635,0
135.5,0.1129,-0.8595,87.5218,-0.3258,-0.0005,91.0276,,,,,,,,,,,,0.684,0.738,0.578,0.635,0
135.52,0.1129,-0.8595,87.5218,-0.3258,-0.0005,91.0276,,,,,,,,,,,,0.684,0.738,0.578,0.635,0
135.54,0.1129,-0.8595,87.5218,-0.3258,-0.0005,91.0276,,,,,,,,,,,,0.684,0.738,0.578,0.635,0
135.56,-0.6099,-0.7862,86.82,-1.7948,-0.0002,91.0276,,,,,,,,,,,,0.684,0.738,0.578,0.635,0
135.58,-0.6099,-0.7862,86.82,-1.7948,-0.0002,91.0276,,,,,,,,,,,,0.703,0.725,0.58,0.624,0
135.6,-0.6099,-0.7862,86.82,-1.7948,-0.0002,91.0276,,,,,,,,,,,,0.703,0.725,0.58,0.624,0
135.62,-0.6099,-0.7862,86.82,-1.7948,-0.0002,91.0276,,,,,,,,,,,,0.703,0.725,0.58,0.624,0
135.64,-0.6099,-0.7862,86.82,-1.7948,-0.0002,91.0276,,,,,,,,,,,,0.703,0.725,0.58,0.624,0
135.66,-2.7131,-1.4438,86.3891,-2.8176,-0.009,91.0276,,,,,,,,,,,,0.703,0.725,0.58,0.624,0
135.68,-2.7131,-1.4438,86.3891,-2.8176,-0.009,91.0276,,,,,,,,,,,,0.672,0.757,0.622,0.58,0
135.7,-2.7131,-1.4438,86.3891,-2.8176,-0.009,91.0276,,,,,,,,,,,,0.672,0.757,0.622,0.58,0
135.72,-2.7131,-1.4438,86.3891,-2.8176,-0.009,91.0276,,,,,,,,,,,,0.672,0.757,0.622,0.58,0
135.74,-2.7131,-1.4438,86.3891,-2.8176,-0.009,91.0276,,,,,,,,,,,,0.672,0.757,0.622,0.58,0
135.76,-3.0652,-2.0392,86.208,-3.3851,-0.172,91.0276,,,,,,,,,,,,0.672,0.757,0.622,0.58,0
135.78,-3.0652,-2.0392,86.208,-3.3851,-0.172,91.0276,,,,,,,,,,,,0.711,0.721,0.571,0.632,0
135.8,-3.0652,-2.0392,86.208,-3.3851,-0.172,91.0276,,,,,,,,,,,,0.711,0.721,0.571,0.632,0
135.82,-3.0652,-2.0392,86.208,-3.3851,-0.172,91.0276,,,,,,,,,,,,0.711,0.721,0.571,0.632,0
135.84,-3.0652,-2.0392,86.208,-3.3851,-0.172,91.0276,,,,,,,,,,,,0.711,0.721,0.571,0.632,0
135.86,-3.5985,-1.1769,86.2419,-3.7676,-0.5757,91.0277,,,,,,,,,,,,0.711,0.721,0.571,0.632,0
135.88,-3.5985,-1.1769,86.2419,-3.7676,-0.5757,91.0277,,,,,,,,,,,,0.658,0.765,0.591,0.621,0
135.9,-3.5985,-1.1769,86.2419,-3.7676,-0.5757,91.0277,,,,,,,,,,,,0.658,0.765,0.591,0.621,0
135.92,-3.5985,-1.1769,86.2419,-3.7676,-0.5757,91.0277,,,,,,,,,,,,0.658,0.765,0.591,0.621,0
135.94,-3.5985,-1.1769,86.2419,-3.7676,-0.5757,91.0277,,,,,,,,,,,,0.658,0.765,0.591,0.621,0
135.96,-3.0091,-0.5151,86.5504,-3.968,-0.7704,91.0277,,,,,,,,,,,,0.658,0.765,0.591,0.621,0
135.98,-3.0091,-0.5151,86.5504,-3.968,-0.7704,91.0277,,,,,,,,,,,,0.694,0.726,0.556,0.659,0
136.0,-3.0091,-0.5151,86.5504,-3.968,-0.7704,91.0277,,,,,,,,,,,,0.694,0.726,0.556,0.659,0
136.02,-3.0091,-0.5151,86.5504,-3.968,-0.7704,91.0277,,,,,,,,,,,,0.694,0.726,0.556,0.659,0
136.04,-3.0091,-0.5151,86.5504,-3.968,-0.7704,91.0277,,,,,,,,,,,,0.694,0.726,0.556,0.659,0
136.06,-2.9908,-0.0258,87.1763,-3.9762,-0.9368,91.0277,,,,,,,,,,,,0.694,0.726,0.556,0.659,0
136.08,-2.9908,-0.0258,87.1763,-3.9762,-0.9368,91.0277,,,,,,,,,,,,0.68,0.729,0.581,0.649,0
136.1,-2.9908,-0.0258,87.1763,-3.9762,-0.9368,91.0277,,,,,,,,,,,,0.68,0.729,0.581,0.649,0
136.12,-2.9908,-0.0258,87.1763,-3.9762,-0.9368,91.0277,,,,,,,,,,,,0.68,0.729,0.581,0.649,0
136.14,-2.9908,-0.0258,87.1763,-3.9762,-0.9368,91.0277,,,,,,,,,,,,0.68,0.729,0.581,0.649,0
136.16,-2.7902,0.7719,87.9909,-3.906,-0.8837,91.0277,,,,,,,,,,,,0.68,0.729,0.581,0.649,0
136.18,-2.7902,0.7719,87.9909,-3.906,-0.8837,91.0277,,,,,,,,,,,,0.684,0.74,0.583,0.688,0
136.2,-2.7902,0.7719,87.9909,-3.906,-0.8837,91.0277,,,,,,,,,,,,0.684,0.74,0.583,0.688,0
136.22,-2.7902,0.7719,87.9909,-3.906,-0.8837,91.0277,,,,,,,,,,,,0.684,0.74,0.583,0.688,0
136.24,-2.7902,0.7719,87.9909,-3.906,-0.8837,91.0277,,,,,,,,,,,,0.684,0.74,0.583,0.688,0
136.26,-1.4584,1.8691,88.9577,-3.9016,-0.4633,91.0277,,,,,,,,,,,,0.684,0.74,0.583,0.688,0
136.28,-1.4584,1.8691,88.9577,-3.9016,-0.4633,91.0277,,,,,,,,,,,,0.688,0.74,0.595,0.707,0
136.3,-1.4584,1.8691,88.9577,-3.9016,-0.4633,91.0277,,,,,,,,,,,,0.688,0.74,0.595,0.707,0
136.32,-1.4584,1.8691,88.9577,-3.9016,-0.4633,91.0277,,,,,,,,,,,,0.688,0.74,0.595,0.707,0
136.34,-1.4584,1.8691,88.9577,-3.9016,-0.4633,91.0277,,,,,,,,,,,,0.688,0.74,0.595,0.707,0
136.36,-0.9208,2.1497,89.8059,-4.3084,-0.2365,91.0277,,,,,,,,,,,,0.688,0.74,0.595,0.707,0
136.38,-0.9208,2.1497,89.8059,-4.3084,-0.2365,91.0277,,,,,,,,,,,,0.721,0.698,0.573,0.734,0
136.4,-0.9208,2.1497,89.8059,-4.3084,-0.2365,91.0277,,,,,,,,,,,,0.721,0.698,0.573,0.734,0
136.42,-0.9208,2.1497,89.8059,-4.3084,-0.2365,91.0277,,,,,,,,,,,,0.721,0.698,0.573,0.734,0
136.44,-0.9208,2.1497,89.8059,-4.3084,-0.2365,91.0277,,,,,,,,,,,,0.721,0.698,0.573,0.734,0
136.46,-2.2138,2.0215,90.581,-5.6343,-0.1208,91.0277,,,,,,,,,,,,0.721,0.698,0.573,0.734,0
136.48,-2.2138,2.0215,90.581,-5.6343,-0.1208,91.0277,,,,,,,,,,,,0.697,0.715,0.61,0.707,0
136.5,-2.2138,2.0215,90.581,-5.6343,-0.1208,91.0277,,,,,,,,,,,,0.697,0.715,0.61,0.707,0
136.52,-2.2138,2.0215,90.581,-5.6343,-0.1208,91.0277,,,,,,,,,,,,0.697,0.715,0.61,0.707,0
136.54,-2.2138,2.0215,90.581,-5.6343,-0.1208,91.0277,,,,,,,,,,,,0.697,0.715,0.61,0.707,0
136.56,-4.9645,1.1911,90.9267,-7.2085,-0.0617,91.0276,,,,,,,,,,,,0.697,0.715,0.61,0.707,0
136.58,-4.9645,1.1911,90.9267,-7.2085,-0.0617,91.0276,,,,,,,,,,,,0.694,0.715,0.62,0.692,0
136.6,-4.9645,1.1911,90.9267,-7.2085,-0.0617,91.0276,,,,,,,,,,,,0.694,0.715,0.62,0.692,0
136.62,-4.9645,1.1911,90.9267,-7.2085,-0.0617,91.0276,,,,,,,,,,,,0.694,0.715,0.62,0.692,0
136.64,-4.9645,1.1911,90.9267,-7.2085,-0.0617,91.0276,,,,,,,,,,,,0.694,0.715,0.62,0.692,0
136.66,-8.4324,0.1216,91.0247,-8.202,-0.0315,91.0276,,,,,,,,,,,,0.694,0.715,0.62,0.692,0
136.68,-8.4324,0.1216,91.0247,-8.202,-0.0315,91.0276,,,,,,,,,,,,0.652,0.719,0.635,0.627,0
136.7,-8.4324,0.1216,91.0247,-8.202,-0.0315,91.0276,,,,,,,,,,,,0.652,0.719,0.635,0.627,0
136.72,-8.4324,0.1216,91.0247,-8.202,-0.0315,91.0276,,,,,,,,,,,,0.652,0.719,0.635,0.627,0
136.74,-8.4324,0.1216,91.0247,-8.202,-0.0315,91.0276,,,,,,,,,,,,0.652,0.719,0.635,0.627,0
136.76,-8.8254,-0.9457,90.9916,-8.8193,-0.0161,91.0276,,,,,,,,,,,,0.652,0.719,0.635,0.627,0
136.78,-8.8254,-0.9457,90.9916,-8.8193,-0.0161,91.0276,,,,,,,,,,,,0.657,0.663,0.571,0.623,0
136.8,-8.8254,-0.9457,90.9916,-8.8193,-0.0161,91.0276,,,,,,,,,,,,0.657,0.663,0.571,0.623,0
136.82,-8.8254,-0.9457,90.9916,-8.8193,-0.0161,91.0276,,,,,,,,,,,,0.657,0.663,0.571,0.623,0
136.84,-8.8254,-0.9457,90.9916,-8.8193,-0.0161,91.0276,,,,,,,,,,,,0.657,0.663,0.571,0.623,0
136.86,-6.315,-1.7249,90.9877,-9.1894,-0.0082,91.0276,,,,,,,,,,,,0.657,0.663,0.571,0.623,0
136.88,-6.315,-1.7249,90.9877,-9.1894,-0.0082,91.0276,,,,,,,,,,,,0.721,0.596,0.489,0.688,0
136.9,-6.315,-1.7249,90.9877,-9.1894,-0.0082,91.0276,,,,,,,,,,,,0.721,0.596,0.489,0.688,0
136.92,-6.315,-1.7249,90.9877,-9.1894,-0.0082,91.0276,,,,,,,,,,,,0.721,0.596,0.489,0.688,0
136.94,-6.315,-1.7249,90.9877,-9.1894,-0.0082,91.0276,,,,,,,,,,,,0.721,0.596,0.489,0.688,0
136.96,-4.5083,-0.9203,90.9659,-9.3838,-0.0042,91.0276,,,,,,,,,,,,0.721,0.596,0.489,0.688,0
136.98,-4.5083,-0.9203,90.9659,-9.3838,-0.0042,91.0276,,,,,,,,,,,,0.655,0.668,0.522,0.666,0
137.0,-4.5083,-0.9203,90.9659,-9.3838,-0.0042,91.0276,,,,,,,,,,,,0.655,0.668,0.522,0.666,0
137.02,-4.5083,-0.9203,90.9659,-9.3838,-0.0042,91.0276,,,,,,,,,,,,0.655,0.668,0.522,0.666,0
137.04,-4.5083,-0.9203,90.9659,-9.3838,-0.0042,91.0276,,,,,,,,,,,,0.655,0.668,0.522,0.666,0
137.06,-5.5424,1.0313,91.0378,-9.4641,-0.0021,90.6856,,,,,,,,,,,,0.655,0.668,0.522,0.666,0
137.08,-5.5424,1.0313,91.0378,-9.4641,-0.0021,90.6856,,,,,,,,,,,,0.584,0.748,0.609,0.632,0
137.1,-5.5424,1.0313,91.0378,-9.4641,-0.0021,90.6856,,,,,,,,,,,,0.584,0.748,0.609,0.632,0
137.12,-5.5424,1.0313,91.0378,-9.4641,-0.0021,90.6856,,,,,,,,,,,,0.584,0.748,0.609,0.632,0
137.14,-5.5424,1.0313,91.0378,-9.4641,-0.0021,90.6856,,,,,,,,,,,,0.584,0.748,0.609,0.632,0
137.16,-8.8768,2.5604,90.8594,-9.4988,-0.0011,90.2899,,,,,,,,,,,,0.584,0.748,0.609,0.632,0
137.18,-8.8768,2.5604,90.8594,-9.4988,-0.0011,90.2899,,,,,,,,,,,,0.612,0.725,0.606,0.647,0
137.2,-8.8768,2.5604,90.8594,-9.4988,-0.0011,90.2899,,,,,,,,,,,,0.612,0.725,0.606,0.647,0
137.22,-8.8768,2.5604,90.8594,-9.4988,-0.0011,90.2899,,,,,,,,,,,,0.612,0.725,0.606,0.647,0
137.24,-8.8768,2.5604,90.8594,-9.4988,-0.0011,90.2899,,,,,,,,,,,,0.612,0.725,0.606,0.647,0
137.26,-11.423,2.8077,90.7365,-9.6061,-0.0006,90.0503,,,,,,,,,,,,0.612,0.725,0.606,0.647,0
137.28,-11.423,2.8077,90.7365,-9.6061,-0.0006,90.0503,,,,,,,,,,,,0.624,0.72,0.599,0.66,0
137.3,-11.423,2.8077,90.7365,-9.6061,-0.0006,90.0503,,,,,,,,,,,,0.624,0.72,0.599,0.66,0
137.32,-11.423,2.8077,90.7365,-9.6061,-0.0006,90.0503,,,,,,,,,,,,0.624,0.72,0.599,0.66,0
137.34,-11.423,2.8077,90.7365,-9.6061,-0.0006,90.0503,,,,,,,,,,,,0.624,0.72,0.599,0.66,0
137.36,-11.3761,2.5142,90.4101,-9.6561,-0.0003,89.886,,,,,,,,,,,,0.624,0.72,0.599,0.66,0
137.38,-11.3761,2.5142,90.4101,-9.6561,-0.0003,89.886,,,,,,,,,,,,0.629,0.72,0.591,0.662,0
137.4,-11.3761,2.5142,90.4101,-9.6561,-0.0003,89.886,,,,,,,,,,,,0.629,0.72,0.591,0.662,0
137.42,-11.3761,2.5142,90.4101,-9.6561,-0.0003,89.886,,,,,,,,,,,,0.629,0.72,0.591,0.662,0
137.44,-11.3761,2.5142,90.4101,-9.6561,-0.0003,89.886,,,,,,,,,,,,0.629,0.72,0.591,0.662,0
137.46,-6.2254,-0.2179,90.2056,-9.5089,-0.0001,89.7074,,,,,,,,,,,,0.629,0.72,0.591,0.662,0
137.48,-6.2254,-0.2179,90.2056,-9.5089,-0.0001,89.7074,,,,,,,,,,,,0.807,0.512,0.539,0.691,0
137.5,-6.2254,-0.2179,90.2056,-9.5089,-0.0001,89.7074,,,,,,,,,,,,0.807,0.512,0.539,0.691,0
137.52,-6.2254,-0.2179,90.2056,-9.5089,-0.0001,89.7074,,,,,,,,,,,,0.807,0.512,0.539,0.691,0
137.54,-6.2254,-0.2179,90.2056,-9.5089,-0.0001,89.7074,,,,,,,,,,,,0.807,0.512,0.539,0.691,0
137.56,-2.3791,-3.4535,89.7488,-8.7116,-0.0001,89.6259,,,,,,,,,,,,0.807,0.512,0.539,0.691,0
137.58,-2.3791,-3.4535,89.7488,-8.7116,-0.0001,89.6259,,,,,,,,,,,,0.709,0.645,0.575,0.652,0
137.6,-2.3791,-3.4535,89.7488,-8.7116,-0.0001,89.6259,,,,,,,,,,,,0.709,0.645,0.575,0.652,0
137.62,-2.3791,-3.4535,89.7488,-8.7116,-0.0001,89.6259,,,,,,,,,,,,0.709,0.645,0.575,0.652,0
137.64,-2.3791,-3.4535,89.7488,-8.7116,-0.0001,89.6259,,,,,,,,,,,,0.709,0.645,0.575,0.652,0
137.66,-6.0628,-1.6367,88.924,-7.2349,-0.0,89.6259,,,,,,,,,,,,0.709,0.645,0.575,0.652,0
137.68,-6.0628,-1.6367,88.924,-7.2349,-0.0,89.6259,,,,,,,,,,,,0.57,0.782,0.618,0.603,0
137.7,-6.0628,-1.6367,88.924,-7.2349,-0.0,89.6259,,,,,,,,,,,,0.57,0.782,0.618,0.603,0
137.72,-6.0628,-1.6367,88.924,-7.2349,-0.0,89.6259,,,,,,,,,,,,0.57,0.782,0.618,0.603,0
137.74,-6.0628,-1.6367,88.924,-7.2349,-0.0,89.6259,,,,,,,,,,,,0.57,0.782,0.618,0.603,0
137.76,-11.6166,0.7951,87.533,-5.8941,-0.0,89.6259,,,,,,,,,,,,0.57,0.782,0.618,0.603,0
137.78,-11.6166,0.7951,87.533,-5.8941,-0.0,89.6259,,,,,,,,,,,,0.556,0.816,0.641,0.565,0
137.8,-11.6166,0.7951,87.533,-5.8941,-0.0,89.6259,,,,,,,,,,,,0.556,0.816,0.641,0.565,0
137.82,-11.6166,0.7951,87.533,-5.8941,-0.0,89.6259,,,,,,,,,,,,0.556,0.816,0.641,0.565,0
137.84,-11.6166,0.7951,87.533,-5.8941,-0.0,89.6259,,,,,,,,,,,,0.556,0.816,0.641,0.565,0
137.86,-12.4504,1.7592,85.9992,-5.0637,-0.0,89.6259,,,,,,,,,,,,0.556,0.816,0.641,0.565,0
137.88,-12.4504,1.7592,85.9992,-5.0637,-0.0,89.6259,,,,,,,,,,,,0.666,0.749,0.551,0.632,0
137.9,-12.4504,1.7592,85.9992,-5.0637,-0.0,89.6259,,,,,,,,,,,,0.666,0.749,0.551,0.632,0
137.92,-12.4504,1.7592,85.9992,-5.0637,-0.0,89.6259,,,,,,,,,,,,0.666,0.749,0.551,0.632,0
137.94,-12.4504,1.7592,85.9992,-5.0637,-0.0,89.6259,,,,,,,,,,,,0.666,0.749,0.551,0.632,0
137.96,-6.1587,0.3932,85.2927,-4.6489,-0.0,89.6259,,,,,,,,,,,,0.666,0.749,0.551,0.632,0
137.98,-6.1587,0.3932,85.2927,-4.6489,-0.0,89.6259,,,,,,,,,,,,0.713,0.702,0.543,0.62,0
138.0,-6.1587,0.3932,85.2927,-4.6489,-0.0,89.6259,,,,,,,,,,,,0.713,0.702,0.543,0.62,0
138.02,-6.1587,0.3932,85.2927,-4.6489,-0.0,89.6259,,,,,,,,,,,,0.713,0.702,0.543,0.62,0
138.04,-6.1587,0.3932,85.2927,-4.6489,-0.0,89.6259,,,,,,,,,,,,0.713,0.702,0.543,0.62,0
138.06,-4.5815,-0.2831,84.7518,-4.442,-0.0,89.6259,,,,,,,,,,,,0.713,0.702,0.543,0.62,0
138.08,-4.5815,-0.2831,84.7518,-4.442,-0.0,89.6259,,,,,,,,,,,,0.519,0.855,0.633,0.525,0
138.1,-4.5815,-0.2831,84.7518,-4.442,-0.0,89.6259,,,,,,,,,,,,0.519,0.855,0.633,0.525,0
138.12,-4.5815,-0.2831,84.7518,-4.442,-0.0,89.6259,,,,,,,,,,,,0.519,0.855,0.633,0.525,0
138.14,-4.5815,-0.2831,84.7518,-4.442,-0.0,89.6259,,,,,,,,,,,,0.519,0.855,0.633,0.525,0
138.16,-7.9569,1.0439,83.9931,-3.5444,-0.0,89.6259,,,,,,,,,,,,0.519,0.855,0.633,0.525,0
138.18,-7.9569,1.0439,83.9931,-3.5444,-0.0,89.6259,,,,,,,,,,,,0.686,0.748,0.616,0.56,0
138.2,-7.9569,1.0439,83.9931,-3.5444,-0.0,89.6259,,,,,,,,,,,,0.686,0.748,0.616,0.56,0
138.22,-7.9569,1.0439,83.9931,-3.5444,-0.0,89.6259,,,,,,,,,,,,0.686,0.748,0.616,0.56,0
138.24,-7.9569,1.0439,83.9931,-3.5444,-0.0,89.6259,,,,,,,,,,,,0.686,0.748,0.616,0.56,0
138.26,-7.9277,0.1112,83.0414,-2.5248,-0.0,89.6259,,,,,,,,,,,,0.686,0.748,0.616,0.56,0
138.28,-7.9277,0.1112,83.0414,-2.5248,-0.0,89.6259,,,,,,,,,,,,0.708,0.76,0.559,0.62,0
138.3,-7.9277,0.1112,83.0414,-2.5248,-0.0,89.6259,,,,,,,,,,,,0.708,0.76,0.559,0.62,0
138.32,-7.9277,0.1112,83.0414,-2.5248,-0.0,89.6259,,,,,,,,,,,,0.708,0.76,0.559,0.62,0
138.34,-7.9277,0.1112,83.0414,-2.5248,-0.0,89.6259,,,,,,,,,,,,0.708,0.76,0.559,0.62,0
138.36,-4.4274,-0.5013,82.5137,-1.8472,-0.197,89.6259,,,,,,,,,,,,0.708,0.76,0.559,0.62,0
138.38,-4.4274,-0.5013,82.5137,-1.8472,-0.197,89.6259,,,,,,,,,,,,0.709,0.757,0.523,0.645,0
138.4,-4.4274,-0.5013,82.5137,-1.8472,-0.197,89.6259,,,,,,,,,,,,0.709,0.757,0.523,0.645,0
138.42,-4.4274,-0.5013,82.5137,-1.8472,-0.197,89.6259,,,,,,,,,,,,0.709,0.757,0.523,0.645,0
138.44,-4.4274,-0.5013,82.5137,-1.8472,-0.197,89.6259,,,,,,,,,,,,0.709,0.757,0.523,0.645,0
138.46,-0.1533,-0.2852,82.4424,-1.5315,-0.3159,89.6259,,,,,,,,,,,,0.709,0.757,0.523,0.645,0
138.48,-0.1533,-0.2852,82.4424,-1.5315,-0.3159,89.6259,,,,,,,,,,,,0.751,0.708,0.498,0.668,0
138.5,-0.1533,-0.2852,82.4424,-1.5315,-0.3159,89.6259,,,,,,,,,,,,0.751,0.708,0.498,0.668,0
138.52,-0.1533,-0.2852,82.4424,-1.5315,-0.3159,89.6259,,,,,,,,,,,,0.751,0.708,0.498,0.668,0
138.54,-0.1533,-0.2852,82.4424,-1.5315,-0.3159,89.6259,,,,,,,,,,,,0.751,0.708,0.498,0.668,0
138.56,0.8617,-0.9049,82.3705,-0.8565,-0.1698,89.6259,,,,,,,,,,,,0.751,0.708,0.498,0.668,0
138.58,0.8617,-0.9049,82.3705,-0.8565,-0.1698,89.6259,,,,,,,,,,,,0.704,0.752,0.577,0.597,0
138.6,0.8617,-0.9049,82.3705,-0.8565,-0.1698,89.6259,,,,,,,,,,,,0.704,0.752,0.577,0.597,0
138.62,0.8617,-0.9049,82.3705,-0.8565,-0.1698,89.6259,,,,,,,,,,,,0.704,0.752,0.577,0.597,0
138.64,0.8617,-0.9049,82.3705,-0.8565,-0.1698,89.6259,,,,,,,,,,,,0.704,0.752,0.577,0.597,0
138.66,-1.6449,-0.7108,82.335,-0.4373,-0.0867,89.6259,,,,,,,,,,,,0.704,0.752,0.577,0.597,0
138.68,-1.6449,-0.7108,82.335,-0.4373,-0.0867,89.6259,,,,,,,,,,,,0.658,0.795,0.61,0.561,0
138.7,-1.6449,-0.7108,82.335,-0.4373,-0.0867,89.6259,,,,,,,,,,,,0.658,0.795,0.61,0.561,0
138.72,-1.6449,-0.7108,82.335,-0.4373,-0.0867,89.6259,,,,,,,,,,,,0.658,0.795,0.61,0.561,0
138.74,-1.6449,-0.7108,82.335,-0.4373,-0.0867,89.6259,,,,,,,,,,,,0.658,0.795,0.61,0.561,0
138.76,-6.5247,-0.2485,82.4165,-0.2232,-0.0443,89.6259,,,,,,,,,,,,0.658,0.795,0.61,0.561,0
138.78,-6.5247,-0.2485,82.4165,-0.2232,-0.0443,89.6259,,,,,,,,,,,,0.66,0.794,0.613,0.566,0
138.8,-6.5247,-0.2485,82.4165,-0.2232,-0.0443,89.6259,,,,,,,,,,,,0.66,0.794,0.613,0.566,0
138.82,-6.5247,-0.2485,82.4165,-0.2232,-0.0443,89.6259,,,,,,,,,,,,0.66,0.794,0.613,0.566,0
138.84,-6.5247,-0.2485,82.4165,-0.2232,-0.0443,89.6259,,,,,,,,,,,,0.66,0.794,0.613,0.566,0
138.86,-8.5711,0.4935,82.5016,-0.114,-0.0226,89.6259,,,,,,,,,,,,0.66,0.794,0.613,0.566,0
138.88,-8.5711,0.4935,82.5016,-0.114,-0.0226,89.6259,,,,,,,,,,,,0.625,0.821,0.618,0.571,0
138.9,-8.5711,0.4935,82.5016,-0.114,-0.0226,89.6259,,,,,,,,,,,,0.625,0.821,0.618,0.571,0
138.92,-8.5711,0.4935,82.5016,-0.114,-0.0226,89.6259,,,,,,,,,,,,0.625,0.821,0.618,0.571,0
138.94,-8.5711,0.4935,82.5016,-0.114,-0.0226,89.6259,,,,,,,,,,,,0.625,0.821,0.618,0.571,0
138.96,-6.4017,1.4571,82.8272,-0.0582,-0.0115,89.6259,,,,,,,,,,,,0.625,0.821,0.618,0.571,0
138.98,-6.4017,1.4571,82.8272,-0.0582,-0.0115,89.6259,,,,,,,,,,,,0.664,0.785,0.585,0.61,0
139.0,-6.4017,1.4571,82.8272,-0.0582,-0.0115,89.6259,,,,,,,,,,,,0.664,0.785,0.585,0.61,0
139.02,-6.4017,1.4571,82.8272,-0.0582,-0.0115,89.6259,,,,,,,,,,,,0.664,0.785,0.585,0.61,0
139.04,-6.4017,1.4571,82.8272,-0.0582,-0.0115,89.6259,,,,,,,,,,,,0.664,0.785,0.585,0.61,0
139.06,-2.287,1.9054,83.7261,-0.0297,-0.0059,89.6259,,,,,,,,,,,,0.664,0.785,0.585,0.61,0
139.08,-2.287,1.9054,83.7261,-0.0297,-0.0059,89.6259,,,,,,,,,,,,0.67,0.764,0.555,0.648,0
139.1,-2.287,1.9054,83.7261,-0.0297,-0.0059,89.6259,,,,,,,,,,,,0.67,0.764,0.555,0.648,0
139.12,-2.287,1.9054,83.7261,-0.0297,-0.0059,89.6259,,,,,,,,,,,,0.67,0.764,0.555,0.648,0
139.14,-2.287,1.9054,83.7261,-0.0297,-0.0059,89.6259,,,,,,,,,,,,0.67,0.764,0.555,0.648,0
139.16,0.7421,2.0956,84.7546,-0.0152,-0.003,89.6259,,,,,,,,,,,,0.67,0.764,0.555,0.648,0
139.18,0.7421,2.0956,84.7546,-0.0152,-0.003,89.6259,,,,,,,,,,,,0.61,0.804,0.621,0.597,0
139.2,0.7421,2.0956,84.7546,-0.0152,-0.003,89.6259,,,,,,,,,,,,0.61,0.804,0.621,0.597,0
139.22,0.7421,2.0956,84.7546,-0.0152,-0.003,89.6259,,,,,,,,,,,,0.61,0.804,0.621,0.597,0
139.24,0.7421,2.0956,84.7546,-0.0152,-0.003,89.6259,,,,,,,,,,,,0.61,0.804,0.621,0.597,0
139.26,-0.3584,1.5942,85.6692,0.102,-0.0015,89.6259,,,,,,,,,,,,0.61,0.804,0.621,0.597,0
139.28,-0.3584,1.5942,85.6692,0.102,-0.0015,89.6259,,,,,,,,,,,,0.621,0.786,0.634,0.594,0
139.3,-0.3584,1.5942,85.6692,0.102,-0.0015,89.6259,,,,,,,,,,,,0.621,0.786,0.634,0.594,0
139.32,-0.3584,1.5942,85.6692,0.102,-0.0015,89.6259,,,,,,,,,,,,0.621,0.786,0.634,0.594,0
139.34,-0.3584,1.5942,85.6692,0.102,-0.0015,89.6259,,,,,,,,,,,,0.621,0.786,0.634,0.594,0
139.36,-3.5031,1.2515,86.5554,0.4637,-0.0008,89.6259,,,,,,,,,,,,0.621,0.786,0.634,0.594,0
139.38,-3.5031,1.2515,86.5554,0.4637,-0.0008,89.6259,,,,,,,,,,,,0.576,0.817,0.676,0.555,0
139.4,-3.5031,1.2515,86.5554,0.4637,-0.0008,89.6259,,,,,,,,,,,,0.576,0.817,0.676,0.555,0
139.42,-3.5031,1.2515,86.5554,0.4637,-0.0008,89.6259,,,,,,,,,,,,0.576,0.817,0.676,0.555,0
139.44,-3.5031,1.2515,86.5554,0.4637,-0.0008,89.6259,,,,,,,,,,,,0.576,0.817,0.676,0.555,0
139.46,-5.066,1.1115,87.3524,0.7855,-0.0004,89.6259,,,,,,,,,,,,0.576,0.817,0.676,0.555,0
139.48,-5.066,1.1115,87.3524,0.7855,-0.0004,89.6259,,,,,,,,,,,,0.667,0.734,0.603,0.644,0
139.5,-5.066,1.1115,87.3524,0.7855,-0.0004,89.6259,,,,,,,,,,,,0.667,0.734,0.603,0.644,0
139.52,-5.066,1.1115,87.3524,0.7855,-0.0004,89.6259,,,,,,,,,,,,0.667,0.734,0.603,0.644,0
139.54,-5.066,1.1115,87.3524,0.7855,-0.0004,89.6259,,,,,,,,,,,,0.667,0.734,0.603,0.644,0
139.56,-0.9507,0.5337,88.2647,0.6837,-0.0002,89.6259,,,,,,,,,,,,0.667,0.734,0.603,0.644,0
139.58,-0.9507,0.5337,88.2647,0.6837,-0.0002,89.6259,,,,,,,,,,,,0.675,0.718,0.592,0.662,0
139.6,-0.9507,0.5337,88.2647,0.6837,-0.0002,89.6259,,,,,,,,,,,,0.675,0.718,0.592,0.662,0
139.62,-0.9507,0.5337,88.2647,0.6837,-0.0002,89.6259,,,,,,,,,,,,0.675,0.718,0.592,0.662,0
139.64,-0.9507,0.5337,88.2647,0.6837,-0.0002,89.6259,,,,,,,,,,,,0.675,0.718,0.592,0.662,0
139.66,2.8937,-0.2997,88.8446,0.54,-0.0001,89.6259,,,,,,,,,,,,0.675,0.718,0.592,0.662,0
139.68,2.8937,-0.2997,88.8446,0.54,-0.0001,89.6259,,,,,,,,,,,,0.576,0.798,0.62,0.641,0
139.7,2.8937,-0.2997,88.8446,0.54,-0.0001,89.6259,,,,,,,,,,,,0.576,0.798,0.62,0.641,0
139.72,2.8937,-0.2997,88.8446,0.54,-0.0001,89.6259,,,,,,,,,,,,0.576,0.798,0.62,0.641,0
139.74,2.8937,-0.2997,88.8446,0.54,-0.0001,89.6259,,,,,,,,,,,,0.576,0.798,0.62,0.641,0
139.76,0.3101,1.0434,89.0352,0.3147,-0.0001,89.6259,,,,,,,,,,,,0.576,0.798,0.62,0.641,0
139.78,0.3101,1.0434,89.0352,0.3147,-0.0001,89.6259,,,,,,,,,,,,0.602,0.783,0.647,0.611,0
139.8,0.3101,1.0434,89.0352,0.3147,-0.0001,89.6259,,,,,,,,,,,,0.602,0.783,0.647,0.611,0
139.82,0.3101,1.0434,89.0352,0.3147,-0.0001,89.6259,,,,,,,,,,,,0.602,0.783,0.647,0.611,0
139.84,0.3101,1.0434,89.0352,0.3147,-0.0001,89.6259,,,,,,,,,,,,0.602,0.783,0.647,0.611,0
139.86,-3.4873,0.244,88.8072,0.1607,-0.0,89.6259,,,,,,,,,,,,0.602,0.783,0.647,0.611,0
139.88,-3.4873,0.244,88.8072,0.1607,-0.0,89.6259,,,,,,,,,,,,0.639,0.762,0.657,0.593,0
139.9,-3.4873,0.244,88.8072,0.1607,-0.0,89.6259,,,,,,,,,,,,0.639,0.762,0.657,0.593,0
139.92,-3.4873,0.244,88.8072,0.1607,-0.0,89.6259,,,,,,,,,,,,0.639,0.762,0.657,0.593,0
139.94,-3.4873,0.244,88.8072,0.1607,-0.0,89.6259,,,,,,,,,,,,0.639,0.762,0.657,0.593,0
139.96,-4.0,-0.5992,88.6021,0.082,-0.0,89.6259,,,,,,,,,,,,0.639,0.762,0.657,0.593,0
139.98,-4.0,-0.5992,88.6021,0.082,-0.0,89.6259,,,,,,,,,,,,0.623,0.78,0.646,0.597,0
140.0,-4.0,-0.5992,88.6021,0.082,-0.0,89.6259,,,,,,,,,,,,0.623,0.78,0.646,0.597,0
140.02,-4.0,-0.5992,88.6021,0.082,-0.0,89.6259,,,,,,,,,,,,0.623,0.78,0.646,0.597,0
140.04,-4.0,-0.5992,88.6021,0.082,-0.0,89.6259,,,,,,,,,,,,0.623,0.78,0.646,0.597,0
140.06,-1.9773,-0.1837,88.5296,0.0419,-0.0,89.6259,,,,,,,,,,,,0.623,0.78,0.646,0.597,0
140.08,-1.9773,-0.1837,88.5296,0.0419,-0.0,89.6259,,,,,,,,,,,,0.699,0.708,0.541,0.696,0
140.1,-1.9773,-0.1837,88.5296,0.0419,-0.0,89.6259,,,,,,,,,,,,0.699,0.708,0.541,0.696,0
140.12,-1.9773,-0.1837,88.5296,0.0419,-0.0,89.6259,,,,,,,,,,,,0.699,0.708,0.541,0.696,0
140.14,-1.9773,-0.1837,88.5296,0.0419,-0.0,89.6259,,,,,,,,,,,,0.699,0.708,0.541,0.696,0
140.16,0.7629,0.5205,88.9062,0.0214,-0.0,89.9034,,,,,,,,,,,,0.699,0.708,0.541,0.696,0
140.18,0.7629,0.5205,88.9062,0.0214,-0.0,89.9034,,,,,,,,,,,,0.658,0.745,0.6,0.646,0
140.2,0.7629,0.5205,88.9062,0.0214,-0.0,89.9034,,,,,,,,,,,,0.658,0.745,0.6,0.646,0
140.22,0.7629,0.5205,88.9062,0.0214,-0.0,89.9034,,,,,,,,,,,,0.658,0.745,0.6,0.646,0
140.24,0.7629,0.5205,88.9062,0.0214,-0.0,89.9034,,,,,,,,,,,,0.658,0.745,0.6,0.646,0
140.26,1.8274,-0.5267,89.1361,0.0109,-0.0,90.486,,,,,,,,,,,,0.658,0.745,0.6,0.646,0
140.28,1.8274,-0.5267,89.1361,0.0109,-0.0,90.486,,,,,,,,,,,,0.639,0.768,0.663,0.574,0
140.3,1.8274,-0.5267,89.1361,0.0109,-0.0,90.486,,,,,,,,,,,,0.639,0.768,0.663,0.574,0
140.32,1.8274,-0.5267,89.1361,0.0109,-0.0,90.486,,,,,,,,,,,,0.639,0.768,0.663,0.574,0
140.34,1.8274,-0.5267,89.1361,0.0109,-0.0,90.486,,,,,,,,,,,,0.639,0.768,0.663,0.574,0
140.36,-0.1314,-1.981,89.3034,0.0056,-0.0,90.486,,,,,,,,,,,,0.639,0.768,0.663,0.574,0
140.38,-0.1314,-1.981,89.3034,0.0056,-0.0,90.486,,,,,,,,,,,,0.584,0.805,0.701,0.538,0
140.4,-0.1314,-1.981,89.3034,0.0056,-0.0,90.486,,,,,,,,,,,,0.584,0.805,0.701,0.538,0
140.42,-0.1314,-1.981,89.3034,0.0056,-0.0,90.486,,,,,,,,,,,,0.584,0.805,0.701,0.538,0
140.44,-0.1314,-1.981,89.3034,0.0056,-0.0,90.486,,,,,,,,,,,,0.584,0.805,0.701,0.538,0
140.46,-2.3809,-1.5772,89.4443,-0.0676,-0.0,90.486,,,,,,,,,,,,0.584,0.805,0.701,0.538,0
140.48,-2.3809,-1.5772,89.4443,-0.0676,-0.0,90.486,,,,,,,,,,,,0.627,0.771,0.616,0.633,0
140.5,-2.3809,-1.5772,89.4443,-0.0676,-0.0,90.486,,,,,,,,,,,,0.627,0.771,0.616,0.633,0
140.52,-2.3809,-1.5772,89.4443,-0.0676,-0.0,90.486,,,,,,,,,,,,0.627,0.771,0.616,0.633,0
140.54,-2.3809,-1.5772,89.4443,-0.0676,-0.0,90.486,,,,,,,,,,,,0.627,0.771,0.616,0.633,0
140.56,-3.8818,0.0275,89.3451,-0.9937,-0.0,90.486,,,,,,,,,,,,0.627,0.771,0.616,0.633,0
140.58,-3.8818,0.0275,89.3451,-0.9937,-0.0,90.486,,,,,,,,,,,,0.684,0.721,0.559,0.684,0
140.6,-3.8818,0.0275,89.3451,-0.9937,-0.0,90.486,,,,,,,,,,,,0.684,0.721,0.559,0.684,0
140.62,-3.8818,0.0275,89.3451,-0.9937,-0.0,90.486,,,,,,,,,,,,0.684,0.721,0.559,0.684,0
140.64,-3.8818,0.0275,89.3451,-0.9937,-0.0,90.486,,,,,,,,,,,,0.684,0.721,0.559,0.684,0
140.66,-3.4641,0.7703,89.3787,-2.1979,-0.0,90.486,,,,,,,,,,,,0.684,0.721,0.559,0.684,0
140.68,-3.4641,0.7703,89.3787,-2.1979,-0.0,90.486,,,,,,,,,,,,0.621,0.777,0.635,0.611,0
140.7,-3.4641,0.7703,89.3787,-2.1979,-0.0,90.486,,,,,,,,,,,,0.621,0.777,0.635,0.611,0
140.72,-3.4641,0.7703,89.3787,-2.1979,-0.0,90.486,,,,,,,,,,,,0.621,0.777,0.635,0.611,0
140.74,-3.4641,0.7703,89.3787,-2.1979,-0.0,90.486,,,,,,,,,,,,0.621,0.777,0.635,0.611,0
140.76,-2.8914,0.2386,89.4313,-3.1222,-0.0,90.486,,,,,,,,,,,,0.621,0.777,0.635,0.611,0
140.78,-2.8914,0.2386,89.4313,-3.1222,-0.0,90.486,,,,,,,,,,,,0.649,0.752,0.633,0.612,0
140.8,-2.8914,0.2386,89.4313,-3.1222,-0.0,90.486,,,,,,,,,,,,0.649,0.752,0.633,0.612,0
140.82,-2.8914,0.2386,89.4313,-3.1222,-0.0,90.486,,,,,,,,,,,,0.649,0.752,0.633,0.612,0
140.84,-2.8914,0.2386,89.4313,-3.1222,-0.0,90.486,,,,,,,,,,,,0.649,0.752,0.633,0.612,0
140.86,-3.476,-1.1472,89.5056,-3.7606,-0.0,90.486,,,,,,,,,,,,0.649,0.752,0.633,0.612,0
140.88,-3.476,-1.1472,89.5056,-3.7606,-0.0,90.486,,,,,,,,,,,,0.671,0.734,0.64,0.604,0
140.9,-3.476,-1.1472,89.5056,-3.7606,-0.0,90.486,,,,,,,,,,,,0.671,0.734,0.64,0.604,0
140.92,-3.476,-1.1472,89.5056,-3.7606,-0.0,90.486,,,,,,,,,,,,0.671,0.734,0.64,0.604,0
140.94,-3.476,-1.1472,89.5056,-3.7606,-0.0,90.486,,,,,,,,,,,,0.671,0.734,0.64,0.604,0
140.96,-6.8139,-1.7868,89.5209,-4.4178,-0.0,90.486,,,,,,,,,,,,0.671,0.734,0.64,0.604,0
140.98,-6.8139,-1.7868,89.5209,-4.4178,-0.0,90.486,,,,,,,,,,,,0.664,0.744,0.622,0.627,0
141.0,-6.8139,-1.7868,89.5209,-4.4178,-0.0,90.486,,,,,,,,,,,,0.664,0.744,0.622,0.627,0
141.02,-6.8139,-1.7868,89.5209,-4.4178,-0.0,90.486,,,,,,,,,,,,0.664,0.744,0.622,0.627,0
141.04,-6.8139,-1.7868,89.5209,-4.4178,-0.0,90.486,,,,,,,,,,,,0.664,0.744,0.622,0.627,0
141.06,-8.2015,-1.1127,89.6196,-5.6368,-0.0,90.486,,,,,,,,,,,,0.664,0.744,0.622,0.627,0
141.08,-8.2015,-1.1127,89.6196,-5.6368,-0.0,90.486,,,,,,,,,,,,0.594,0.802,0.668,0.584,0
141.1,-8.2015,-1.1127,89.6196,-5.6368,-0.0,90.486,,,,,,,,,,,,0.594,0.802,0.668,0.584,0
141.12,-8.2015,-1.1127,89.6196,-5.6368,-0.0,90.486,,,,,,,,,,,,0.594,0.802,0.668,0.584,0
141.14,-8.2015,-1.1127,89.6196,-5.6368,-0.0,90.486,,,,,,,,,,,,0.594,0.802,0.668,0.584,0
141.16,-7.9511,-0.5817,89.9191,-5.7458,-0.0,90.486,,,,,,,,,,,,0.594,0.802,0.668,0.584,0
141.18,-7.9511,-0.5817,89.9191,-5.7458,-0.0,90.486,,,,,,,,,,,,0.661,0.74,0.628,0.632,0
141.2,-7.9511,-0.5817,89.9191,-5.7458,-0.0,90.486,,,,,,,,,,,,0.661,0.74,0.628,0.632,0
141.22,-7.9511,-0.5817,89.9191,-5.7458,-0.0,90.486,,,,,,,,,,,,0.661,0.74,0.628,0.632,0
141.24,-7.9511,-0.5817,89.9191,-5.7458,-0.0,90.486,,,,,,,,,,,,0.661,0.74,0.628,0.632,0
141.26,-6.5561,-0.9947,90.3102,-5.4376,-0.0,90.486,,,,,,,,,,,,0.661,0.74,0.628,0.632,0
141.28,-6.5561,-0.9947,90.3102,-5.4376,-0.0,90.486,,,,,,,,,,,,0.622,0.77,0.663,0.599,0
141.3,-6.5561,-0.9947,90.3102,-5.4376,-0.0,90.486,,,,,,,,,,,,0.622,0.77,0.663,0.599,0
141.32,-6.5561,-0.9947,90.3102,-5.4376,-0.0,90.486,,,,,,,,,,,,0.622,0.77,0.663,0.599,0
141.34,-6.5561,-0.9947,90.3102,-5.4376,-0.0,90.486,,,,,,,,,,,,0.622,0.77,0.663,0.599,0
141.36,-4.3375,-1.6327,90.5961,-5.1973,-0.0,90.486,,,,,,,,,,,,0.622,0.77,0.663,0.599,0
141.38,-4.3375,-1.6327,90.5961,-5.1973,-0.0,90.486,,,,,,,,,,,,0.706,0.688,0.592,0.67,0
141.4,-4.3375,-1.6327,90.5961,-5.1973,-0.0,90.486,,,,,,,,,,,,0.706,0.688,0.592,0.67,0
141.42,-4.3375,-1.6327,90.5961,-5.1973,-0.0,90.486,,,,,,,,,,,,0.706,0.688,0.592,0.67,0
141.44,-4.3375,-1.6327,90.5961,-5.1973,-0.0,90.486,,,,,,,,,,,,0.706,0.688,0.592,0.67,0
141.46,-3.9635,-2.1135,90.8115,-5.0183,-0.0,90.486,,,,,,,,,,,,0.706,0.688,0.592,0.67,0
141.48,-3.9635,-2.1135,90.8115,-5.0183,-0.0,90.486,,,,,,,,,,,,0.644,0.745,0.656,0.609,0
141.5,-3.9635,-2.1135,90.8115,-5.0183,-0.0,90.486,,,,,,,,,,,,0.644,0.745,0.656,0.609,0
141.52,-3.9635,-2.1135,90.8115,-5.0183,-0.0,90.486,,,,,,,,,,,,0.644,0.745,0.656,0.609,0
141.54,-3.9635,-2.1135,90.8115,-5.0183,-0.0,90.486,,,,,,,,,,,,0.644,0.745,0.656,0.609,0
141.56,-4.9565,-2.2364,90.8087,-4.902,-0.0,90.6428,,,,,,,,,,,,0.644,0.745,0.656,0.609,0
141.58,-4.9565,-2.2364,90.8087,-4.902,-0.0,90.6428,,,,,,,,,,,,0.646,0.747,0.643,0.616,0
141.6,-4.9565,-2.2364,90.8087,-4.902,-0.0,90.6428,,,,,,,,,,,,0.646,0.747,0.643,0.616,0
141.62,-4.9565,-2.2364,90.8087,-4.902,-0.0,90.6428,,,,,,,,,,,,0.646,0.747,0.643,0.616,0
141.64,-4.9565,-2.2364,90.8087,-4.902,-0.0,90.6428,,,,,,,,,,,,0.646,0.747,0.643,0.616,0
141.66,-5.1237,-2.0067,90.9478,-4.8616,-0.0,92.3533,,,,,,,,,,,,0.646,0.747,0.643,0.616,0
141.68,-5.1237,-2.0067,90.9478,-4.8616,-0.0,92.3533,,,,,,,,,,,,0.657,0.771,0.62,0.6,0
141.7,-5.1237,-2.0067,90.9478,-4.8616,-0.0,92.3533,,,,,,,,,,,,0.657,0.771,0.62,0.6,0
141.72,-5.1237,-2.0067,90.9478,-4.8616,-0.0,92.3533,,,,,,,,,,,,0.657,0.771,0.62,0.6,0
141.74,-5.1237,-2.0067,90.9478,-4.8616,-0.0,92.3533,,,,,,,,,,,,0.657,0.771,0.62,0.6,0
141.76,-4.247,-1.2704,91.3952,-4.5731,-0.0,92.6445,,,,,,,,,,,,0.657,0.771,0.62,0.6,0
141.78,-4.247,-1.2704,91.3952,-4.5731,-0.0,92.6445,,,,,,,,,,,,0.703,0.708,0.576,0.663,0
141.8,-4.247,-1.2704,91.3952,-4.5731,-0.0,92.6445,,,,,,,,,,,,0.703,0.708,0.576,0.663,0
141.82,-4.247,-1.2704,91.3952,-4.5731,-0.0,92.6445,,,,,,,,,,,,0.703,0.708,0.576,0.663,0
141.84,-4.247,-1.2704,91.3952,-4.5731,-0.0,92.6445,,,,,,,,,,,,0.703,0.708,0.576,0.663,0
141.86,-0.8683,-0.7956,92.0319,-4.3735,-0.0,92.8682,,,,,,,,,,,,0.703,0.708,0.576,0.663,0
141.88,-0.8683,-0.7956,92.0319,-4.3735,-0.0,92.8682,,,,,,,,,,,,0.702,0.696,0.554,0.689,0
141.9,-0.8683,-0.7956,92.0319,-4.3735,-0.0,92.8682,,,,,,,,,,,,0.702,0.696,0.554,0.689,0
141.92,-0.8683,-0.7956,92.0319,-4.3735,-0.0,92.8682,,,,,,,,,,,,0.702,0.696,0.554,0.689,0
141.94,-0.8683,-0.7956,92.0319,-4.3735,-0.0,92.8682,,,,,,,,,,,,0.702,0.696,0.554,0.689,0
141.96,1.1796,-0.249,92.4453,-3.8639,-0.0,93.5307,,,,,,,,,,,,0.702,0.696,0.554,0.689,0
141.98,1.1796,-0.249,92.4453,-3.8639,-0.0,93.5307,,,,,,,,,,,,0.653,0.75,0.619,0.621,0
142.0,1.1796,-0.249,92.4453,-3.8639,-0.0,93.5307,,,,,,,,,,,,0.653,0.75,0.619,0.621,0
142.02,1.1796,-0.249,92.4453,-3.8639,-0.0,93.5307,,,,,,,,,,,,0.653,0.75,0.619,0.621,0
142.04,1.1796,-0.249,92.4453,-3.8639,-0.0,93.5307,,,,,,,,,,,,0.653,0.75,0.619,0.621,0
142.06,-0.488,-0.0198,92.5621,-2.3729,-0.0,93.5308,,,,,,,,,,,,0.653,0.75,0.619,0.621,0
142.08,-0.488,-0.0198,92.5621,-2.3729,-0.0,93.5308,,,,,,,,,,,,0.61,0.783,0.65,0.592,0
142.1,-0.488,-0.0198,92.5621,-2.3729,-0.0,93.5308,,,,,,,,,,,,0.61,0.783,0.65,0.592,0
142.12,-0.488,-0.0198,92.5621,-2.3729,-0.0,93.5308,,,,,,,,,,,,0.61,0.783,0.65,0.592,0
142.14,-0.488,-0.0198,92.5621,-2.3729,-0.0,93.5308,,,,,,,,,,,,0.61,0.783,0.65,0.592,0
142.16,-2.8776,-0.3942,92.4715,-1.2114,-0.0,93.5308,,,,,,,,,,,,0.61,0.783,0.65,0.592,0
142.18,-2.8776,-0.3942,92.4715,-1.2114,-0.0,93.5308,,,,,,,,,,,,0.611,0.787,0.666,0.571,0
142.2,-2.8776,-0.3942,92.4715,-1.2114,-0.0,93.5308,,,,,,,,,,,,0.611,0.787,0.666,0.571,0
142.22,-2.8776,-0.3942,92.4715,-1.2114,-0.0,93.5308,,,,,,,,,,,,0.611,0.787,0.666,0.571,0
142.24,-2.8776,-0.3942,92.4715,-1.2114,-0.0,93.5308,,,,,,,,,,,,0.611,0.787,0.666,0.571,0
142.26,-4.0012,0.4908,92.1883,-0.6185,-0.0,93.5308,,,,,,,,,,,,0.611,0.787,0.666,0.571,0
142.28,-4.0012,0.4908,92.1883,-0.6185,-0.0,93.5308,,,,,,,,,,,,0.671,0.74,0.562,0.67,0
142.3,-4.0012,0.4908,92.1883,-0.6185,-0.0,93.5308,,,,,,,,,,,,0.671,0.74,0.562,0.67,0
142.32,-4.0012,0.4908,92.1883,-0.6185,-0.0,93.5308,,,,,,,,,,,,0.671,0.74,0.562,0.67,0
142.34,-4.0012,0.4908,92.1883,-0.6185,-0.0,93.5308,,,,,,,,,,,,0.671,0.74,0.562,0.67,0
142.36,-2.6309,1.8312,91.885,-0.7397,-0.548,93.5308,,,,,,,,,,,,0.671,0.74,0.562,0.67,0
142.38,-2.6309,1.8312,91.885,-0.7397,-0.548,93.5308,,,,,,,,,,,,0.643,0.767,0.588,0.645,0
142.4,-2.6309,1.8312,91.885,-0.7397,-0.548,93.5308,,,,,,,,,,,,0.643,0.767,0.588,0.645,0
142.42,-2.6309,1.8312,91.885,-0.7397,-0.548,93.5308,,,,,,,,,,,,0.643,0.767,0.588,0.645,0
142.44,-2.6309,1.8312,91.885,-0.7397,-0.548,93.5308,,,,,,,,,,,,0.643,0.767,0.588,0.645,0
142.46,-0.1108,1.1649,91.6847,-0.6259,-1.3877,93.5308,,,,,,,,,,,,0.643,0.767,0.588,0.645,0
142.48,-0.1108,1.1649,91.6847,-0.6259,-1.3877,93.5308,,,,,,,,,,,,0.686,0.732,0.579,0.648,0
142.5,-0.1108,1.1649,91.6847,-0.6259,-1.3877,93.5308,,,,,,,,,,,,0.686,0.732,0.579,0.648,0
142.52,-0.1108,1.1649,91.6847,-0.6259,-1.3877,93.5308,,,,,,,,,,,,0.686,0.732,0.579,0.648,0
142.54,-0.1108,1.1649,91.6847,-0.6259,-1.3877,93.5308,,,,,,,,,,,,0.686,0.732,0.579,0.648,0
142.56,-0.6177,-1.8104,91.3254,-0.3195,-2.6306,93.5307,,,,,,,,,,,,0.686,0.732,0.579,0.648,0
142.58,-0.6177,-1.8104,91.3254,-0.3195,-2.6306,93.5307,,,,,,,,,,,,0.653,0.765,0.659,0.563,0
142.6,-0.6177,-1.8104,91.3254,-0.3195,-2.6306,93.5307,,,,,,,,,,,,0.653,0.765,0.659,0.563,0
142.62,-0.6177,-1.8104,91.3254,-0.3195,-2.6306,93.5307,,,,,,,,,,,,0.653,0.765,0.659,0.563,0
142.64,-0.6177,-1.8104,91.3254,-0.3195,-2.6306,93.5307,,,,,,,,,,,,0.653,0.765,0.659,0.563,0
142.66,-0.5548,-4.9382,91.2483,-0.1631,-3.6817,93.5307,,,,,,,,,,,,0.653,0.765,0.659,0.563,0
142.68,-0.5548,-4.9382,91.2483,-0.1631,-3.6817,93.5307,,,,,,,,,,,,0.692,0.732,0.633,0.594,0
142.7,-0.5548,-4.9382,91.2483,-0.1631,-3.6817,93.5307,,,,,,,,,,,,0.692,0.732,0.633,0.594,0
142.72,-0.5548,-4.9382,91.2483,-0.1631,-3.6817,93.5307,,,,,,,,,,,,0.692,0.732,0.633,0.594,0
142.74,-0.5548,-4.9382,91.2483,-0.1631,-3.6817,93.5307,,,,,,,,,,,,0.692,0.732,0.633,0.594,0
142.76,0.0442,-6.7032,91.1432,-0.0833,-4.248,93.5307,,,,,,,,,,,,0.692,0.732,0.633,0.594,0
142.78,0.0442,-6.7032,91.1432,-0.0833,-4.248,93.5307,,,,,,,,,,,,0.714,0.715,0.602,0.628,0
142.8,0.0442,-6.7032,91.1432,-0.0833,-4.248,93.5307,,,,,,,,,,,,0.714,0.715,0.602,0.628,0
142.82,0.0442,-6.7032,91.1432,-0.0833,-4.248,93.5307,,,,,,,,,,,,0.714,0.715,0.602,0.628,0
142.84,0.0442,-6.7032,91.1432,-0.0833,-4.248,93.5307,,,,,,,,,,,,0.714,0.715,0.602,0.628,0
142.86,-1.3943,-5.9102,91.513,-0.0425,-2.9273,93.5307,,,,,,,,,,,,0.714,0.715,0.602,0.628,0
142.88,-1.3943,-5.9102,91.513,-0.0425,-2.9273,93.5307,,,,,,,,,,,,0.607,0.8,0.69,0.543,0
142.9,-1.3943,-5.9102,91.513,-0.0425,-2.9273,93.5307,,,,,,,,,,,,0.607,0.8,0.69,0.543,0
142.92,-1.3943,-5.9102,91.513,-0.0425,-2.9273,93.5307,,,,,,,,,,,,0.607,0.8,0.69,0.543,0
142.94,-1.3943,-5.9102,91.513,-0.0425,-2.9273,93.5307,,,,,,,,,,,,0.607,0.8,0.69,0.543,0
142.96,-2.447,-3.5187,92.1534,-0.0217,-1.4945,93.5307,,,,,,,,,,,,0.607,0.8,0.69,0.543,0
142.98,-2.447,-3.5187,92.1534,-0.0217,-1.4945,93.5307,,,,,,,,,,,,0.615,0.786,0.623,0.632,0
143.0,-2.447,-3.5187,92.1534,-0.0217,-1.4945,93.5307,,,,,,,,,,,,0.615,0.786,0.623,0.632,0
143.02,-2.447,-3.5187,92.1534,-0.0217,-1.4945,93.5307,,,,,,,,,,,,0.615,0.786,0.623,0.632,0
143.04,-2.447,-3.5187,92.1534,-0.0217,-1.4945,93.5307,,,,,,,,,,,,0.615,0.786,0.623,0.632,0
143.06,0.6448,-1.7945,92.9509,-0.0111,-0.763,93.5306,,,,,,,,,,,,0.615,0.786,0.623,0.632,0
143.08,0.6448,-1.7945,92.9509,-0.0111,-0.763,93.5306,,,,,,,,,,,,0.671,0.729,0.588,0.671,0
143.1,0.6448,-1.7945,92.9509,-0.0111,-0.763,93.5306,,,,,,,,,,,,0.671,0.729,0.588,0.671,0
143.12,0.6448,-1.7945,92.9509,-0.0111,-0.763,93.5306,,,,,,,,,,,,0.671,0.729,0.588,0.671,0
143.14,0.6448,-1.7945,92.9509,-0.0111,-0.763,93.5306,,,,,,,,,,,,0.671,0.729,0.588,0.671,0
143.16,2.2591,-0.8483,93.7738,-0.0057,-0.3895,93.5306,,,,,,,,,,,,0.671,0.729,0.588,0.671,0
143.18,2.2591,-0.8483,93.7738,-0.0057,-0.3895,93.5306,,,,,,,,,,,,0.631,0.758,0.65,0.62,0
143.2,2.2591,-0.8483,93.7738,-0.0057,-0.3895,93.5306,,,,,,,,,,,,0.631,0.758,0.65,0.62,0
143.22,2.2591,-0.8483,93.7738,-0.0057,-0.3895,93.5306,,,,,,,,,,,,0.631,0.758,0.65,0.62,0
143.24,2.2591,-0.8483,93.7738,-0.0057,-0.3895,93.5306,,,,,,,,,,,,0.631,0.758,0.65,0.62,0
143.26,0.1207,-0.4067,94.1704,-0.0029,-0.1989,93.5306,,,,,,,,,,,,0.631,0.758,0.65,0.62,0
143.28,0.1207,-0.4067,94.1704,-0.0029,-0.1989,93.5306,,,,,,,,,,,,0.596,0.785,0.687,0.586,0
143.3,0.1207,-0.4067,94.1704,-0.0029,-0.1989,93.5306,,,,,,,,,,,,0.596,0.785,0.687,0.586,0
143.32,0.1207,-0.4067,94.1704,-0.0029,-0.1989,93.5306,,,,,,,,,,,,0.596,0.785,0.687,0.586,0
143.34,0.1207,-0.4067,94.1704,-0.0029,-0.1989,93.5306,,,,,,,,,,,,0.596,0.785,0.687,0.586,0
143.36,-2.3621,0.4075,94.2839,-0.0015,-0.1015,93.5306,,,,,,,,,,,,0.596,0.785,0.687,0.586,0
143.38,-2.3621,0.4075,94.2839,-0.0015,-0.1015,93.5306,,,,,,,,,,,,0.581,0.799,0.665,0.609,0
143.4,-2.3621,0.4075,94.2839,-0.0015,-0.1015,93.5306,,,,,,,,,,,,0.581,0.799,0.665,0.609,0
143.42,-2.3621,0.4075,94.2839,-0.0015,-0.1015,93.5306,,,,,,,,,,,,0.581,0.799,0.665,0.609,0
143.44,-2.3621,0.4075,94.2839,-0.0015,-0.1015,93.5306,,,,,,,,,,,,0.581,0.799,0.665,0.609,0
143.46,-3.3166,1.4933,93.9637,-0.3368,-0.0518,93.5306,,,,,,,,,,,,0.581,0.799,0.665,0.609,0
143.48,-3.3166,1.4933,93.9637,-0.3368,-0.0518,93.5306,,,,,,,,,,,,0.637,0.761,0.652,0.616,0
143.5,-3.3166,1.4933,93.9637,-0.3368,-0.0518,93.5306,,,,,,,,,,,,0.637,0.761,0.652,0.616,0
143.52,-3.3166,1.4933,93.9637,-0.3368,-0.0518,93.5306,,,,,,,,,,,,0.637,0.761,0.652,0.616,0
143.54,-3.3166,1.4933,93.9637,-0.3368,-0.0518,93.5306,,,,,,,,,,,,0.637,0.761,0.652,0.616,0
143.56,-1.8133,-0.781,94.051,-0.7406,-0.0265,93.5307,,,,,,,,,,,,0.637,0.761,0.652,0.616,0
143.58,-1.8133,-0.781,94.051,-0.7406,-0.0265,93.5307,,,,,,,,,,,,0.768,0.631,0.548,0.715,0
143.6,-1.8133,-0.781,94.051,-0.7406,-0.0265,93.5307,,,,,,,,,,,,0.768,0.631,0.548,0.715,0
143.62,-1.8133,-0.781,94.051,-0.7406,-0.0265,93.5307,,,,,,,,,,,,0.768,0.631,0.548,0.715,0
143.64,-1.8133,-0.781,94.051,-0.7406,-0.0265,93.5307,,,,,,,,,,,,0.768,0.631,0.548,0.715,0
143.66,-0.044,-1.2432,93.7163,-0.988,-0.0135,93.5307,,,,,,,,,,,,0.768,0.631,0.548,0.715,0
143.68,-0.044,-1.2432,93.7163,-0.988,-0.0135,93.5307,,,,,,,,,,,,0.695,0.717,0.636,0.634,0
143.7,-0.044,-1.2432,93.7163,-0.988,-0.0135,93.5307,,,,,,,,,,,,0.695,0.717,0.636,0.634,0
143.72,-0.044,-1.2432,93.7163,-0.988,-0.0135,93.5307,,,,,,,,,,,,0.695,0.717,0.636,0.634,0
143.74,-0.044,-1.2432,93.7163,-0.988,-0.0135,93.5307,,,,,,,,,,,,0.695,0.717,0.636,0.634,0
143.76,0.1497,-1.3544,93.2359,-1.1865,-0.0069,93.5307,,,,,,,,,,,,0.695,0.717,0.636,0.634,0
143.78,0.1497,-1.3544,93.2359,-1.1865,-0.0069,93.5307,,,,,,,,,,,,0.695,0.732,0.61,0.657,0
143.8,0.1497,-1.3544,93.2359,-1.1865,-0.0069,93.5307,,,,,,,,,,,,0.695,0.732,0.61,0.657,0
143.82,0.1497,-1.3544,93.2359,-1.1865,-0.0069,93.5307,,,,,,,,,,,,0.695,0.732,0.61,0.657,0
143.84,0.1497,-1.3544,93.2359,-1.1865,-0.0069,93.5307,,,,,,,,,,,,0.695,0.732,0.61,0.657,0
143.86,-1.9325,-0.1933,92.6779,-1.322,-0.0035,93.5307,,,,,,,,,,,,0.695,0.732,0.61,0.657,0
143.88,-1.9325,-0.1933,92.6779,-1.322,-0.0035,93.5307,,,,,,,,,,,,0.616,0.808,0.653,0.609,0
143.9,-1.9325,-0.1933,92.6779,-1.322,-0.0035,93.5307,,,,,,,,,,,,0.616,0.808,0.653,0.609,0
143.92,-1.9325,-0.1933,92.6779,-1.322,-0.0035,93.5307,,,,,,,,,,,,0.616,0.808,0.653,0.609,0
143.94,-1.9325,-0.1933,92.6779,-1.322,-0.0035,93.5307,,,,,,,,,,,,0.616,0.808,0.653,0.609,0
143.96,-3.5326,1.1562,92.1191,-1.944,-0.0018,93.5307,,,,,,,,,,,,0.616,0.808,0.653,0.609,0
143.98,-3.5326,1.1562,92.1191,-1.944,-0.0018,93.5307,,,,,,,,,,,,0.676,0.761,0.603,0.652,0
144.0,-3.5326,1.1562,92.1191,-1.944,-0.0018,93.5307,,,,,,,,,,,,0.676,0.761,0.603,0.652,0
144.02,-3.5326,1.1562,92.1191,-1.944,-0.0018,93.5307,,,,,,,,,,,,0.676,0.761,0.603,0.652,0
144.04,-3.5326,1.1562,92.1191,-1.944,-0.0018,93.5307,,,,,,,,,,,,0.676,0.761,0.603,0.652,0
144.06,-3.9686,1.3537,91.7869,-3.0093,-0.0009,93.5307,,,,,,,,,,,,0.676,0.761,0.603,0.652,0
144.08,-3.9686,1.3537,91.7869,-3.0093,-0.0009,93.5307,,,,,,,,,,,,0.644,0.791,0.655,0.599,0
144.1,-3.9686,1.3537,91.7869,-3.0093,-0.0009,93.5307,,,,,,,,,,,,0.644,0.791,0.655,0.599,0
144.12,-3.9686,1.3537,91.7869,-3.0093,-0.0009,93.5307,,,,,,,,,,,,0.644,0.791,0.655,0.599,0
144.14,-3.9686,1.3537,91.7869,-3.0093,-0.0009,93.5307,,,,,,,,,,,,0.644,0.791,0.655,0.599,0
144.16,-5.2039,0.7555,91.6385,-3.7432,-0.0005,93.5307,,,,,,,,,,,,0.644,0.791,0.655,0.599,0
144.18,-5.2039,0.7555,91.6385,-3.7432,-0.0005,93.5307,,,,,,,,,,,,0.696,0.744,0.627,0.631,0
144.2,-5.2039,0.7555,91.6385,-3.7432,-0.0005,93.5307,,,,,,,,,,,,0.696,0.744,0.627,0.631,0
144.22,-5.2039,0.7555,91.6385,-3.7432,-0.0005,93.5307,,,,,,,,,,,,0.696,0.744,0.627,0.631,0
144.24,-5.2039,0.7555,91.6385,-3.7432,-0.0005,93.5307,,,,,,,,,,,,0.696,0.744,0.627,0.631,0
144.26,-7.1495,0.002,91.5466,-4.1723,-0.0002,93.5307,,,,,,,,,,,,0.696,0.744,0.627,0.631,0
144.28,-7.1495,0.002,91.5466,-4.1723,-0.0002,93.5307,,,,,,,,,,,,0.617,0.816,0.678,0.577,0
144.3,-7.1495,0.002,91.5466,-4.1723,-0.0002,93.5307,,,,,,,,,,,,0.617,0.816,0.678,0.577,0
144.32,-7.1495,0.002,91.5466,-4.1723,-0.0002,93.5307,,,,,,,,,,,,0.617,0.816,0.678,0.577,0
144.34,-7.1495,0.002,91.5466,-4.1723,-0.0002,93.5307,,,,,,,,,,,,0.617,0.816,0.678,0.577,0
144.36,-5.9433,1.7364,91.3471,-4.4395,-0.0001,93.5307,,,,,,,,,,,,0.617,0.816,0.678,0.577,0
144.38,-5.9433,1.7364,91.3471,-4.4395,-0.0001,93.5307,,,,,,,,,,,,0.681,0.759,0.55,0.7,0
144.4,-5.9433,1.7364,91.3471,-4.4395,-0.0001,93.5307,,,,,,,,,,,,0.681,0.759,0.55,0.7,0
144.42,-5.9433,1.7364,91.3471,-4.4395,-0.0001,93.5307,,,,,,,,,,,,0.681,0.759,0.55,0.7,0
144.44,-5.9433,1.7364,91.3471,-4.4395,-0.0001,93.5307,,,,,,,,,,,,0.681,0.759,0.55,0.7,0
144.46,-4.4363,3.9318,91.1509,-4.7673,-0.0001,93.5307,,,,,,,,,,,,0.681,0.759,0.55,0.7,0
144.48,-4.4363,3.9318,91.1509,-4.7673,-0.0001,93.5307,,,,,,,,,,,,0.626,0.801,0.598,0.655,0
144.5,-4.4363,3.9318,91.1509,-4.7673,-0.0001,93.5307,,,,,,,,,,,,0.626,0.801,0.598,0.655,0
144.52,-4.4363,3.9318,91.1509,-4.7673,-0.0001,93.5307,,,,,,,,,,,,0.626,0.801,0.598,0.655,0
144.54,-4.4363,3.9318,91.1509,-4.7673,-0.0001,93.5307,,,,,,,,,,,,0.626,0.801,0.598,0.655,0
144.56,-3.3129,4.1853,91.0804,-4.5341,-0.0,93.5307,,,,,,,,,,,,0.626,0.801,0.598,0.655,0
144.58,-3.3129,4.1853,91.0804,-4.5341,-0.0,93.5307,,,,,,,,,,,,0.625,0.803,0.655,0.596,0
144.6,-3.3129,4.1853,91.0804,-4.5341,-0.0,93.5307,,,,,,,,,,,,0.625,0.803,0.655,0.596,0
144.62,-3.3129,4.1853,91.0804,-4.5341,-0.0,93.5307,,,,,,,,,,,,0.625,0.803,0.655,0.596,0
144.64,-3.3129,4.1853,91.0804,-4.5341,-0.0,93.5307,,,,,,,,,,,,0.625,0.803,0.655,0.596,0
144.66,-2.5597,2.5137,91.1684,-4.3352,-0.0,93.5306,,,,,,,,,,,,0.625,0.803,0.655,0.596,0
144.68,-2.5597,2.5137,91.1684,-4.3352,-0.0,93.5306,,,,,,,,,,,,0.699,0.737,0.589,0.657,0
144.7,-2.5597,2.5137,91.1684,-4.3352,-0.0,93.5306,,,,,,,,,,,,0.699,0.737,0.589,0.657,0
144.72,-2.5597,2.5137,91.1684,-4.3352,-0.0,93.5306,,,,,,,,,,,,0.699,0.737,0.589,0.657,0
144.74,-2.5597,2.5137,91.1684,-4.3352,-0.0,93.5306,,,,,,,,,,,,0.699,0.737,0.589,0.657,0
144.76,-1.9232,1.59,91.3717,-4.2875,-0.0,93.5307,,,,,,,,,,,,0.699,0.737,0.589,0.657,0
144.78,-1.9232,1.59,91.3717,-4.2875,-0.0,93.5307,,,,,,,,,,,,0.698,0.731,0.577,0.667,0
144.8,-1.9232,1.59,91.3717,-4.2875,-0.0,93.5307,,,,,,,,,,,,0.698,0.731,0.577,0.667,0
144.82,-1.9232,1.59,91.3717,-4.2875,-0.0,93.5307,,,,,,,,,,,,0.698,0.731,0.577,0.667,0
144.84,-1.9232,1.59,91.3717,-4.2875,-0.0,93.5307,,,,,,,,,,,,0.698,0.731,0.577,0.667,0
144.86,-2.137,1.4918,91.6956,-4.6887,-0.0,93.5307,,,,,,,,,,,,0.698,0.731,0.577,0.667,0
144.88,-2.137,1.4918,91.6956,-4.6887,-0.0,93.5307,,,,,,,,,,,,0.63,0.787,0.633,0.619,0
144.9,-2.137,1.4918,91.6956,-4.6887,-0.0,93.5307,,,,,,,,,,,,0.63,0.787,0.633,0.619,0
144.92,-2.137,1.4918,91.6956,-4.6887,-0.0,93.5307,,,,,,,,,,,,0.63,0.787,0.633,0.619,0
144.94,-2.137,1.4918,91.6956,-4.6887,-0.0,93.5307,,,,,,,,,,,,0.63,0.787,0.633,0.619,0
144.96,-2.9623,1.0274,91.9506,-5.4049,-0.0,93.5307,,,,,,,,,,,,0.63,0.787,0.633,0.619,0
144.98,-2.9623,1.0274,91.9506,-5.4049,-0.0,93.5307,,,,,,,,,,,,0.637,0.779,0.644,0.611,0
145.0,-2.9623,1.0274,91.9506,-5.4049,-0.0,93.5307,,,,,,,,,,,,0.637,0.779,0.644,0.611,0
145.02,-2.9623,1.0274,91.9506,-5.4049,-0.0,93.5307,,,,,,,,,,,,0.637,0.779,0.644,0.611,0
145.04,-2.9623,1.0274,91.9506,-5.4049,-0.0,93.5307,,,,,,,,,,,,0.637,0.779,0.644,0.611,0
145.06,-4.1587,0.3662,92.2515,-5.9164,-0.0,93.5307,,,,,,,,,,,,0.637,0.779,0.644,0.611,0
145.08,-4.1587,0.3662,92.2515,-5.9164,-0.0,93.5307,,,,,,,,,,,,0.679,0.741,0.601,0.656,0
145.1,-4.1587,0.3662,92.2515,-5.9164,-0.0,93.5307,,,,,,,,,,,,0.679,0.741,0.601,0.656,0
145.12,-4.1587,0.3662,92.2515,-5.9164,-0.0,93.5307,,,,,,,,,,,,0.679,0.741,0.601,0.656,0
145.14,-4.1587,0.3662,92.2515,-5.9164,-0.0,93.5307,,,,,,,,,,,,0.679,0.741,0.601,0.656,0
145.16,-5.106,-0.2295,92.6172,-6.5213,-0.0,93.5307,,,,,,,,,,,,0.679,0.741,0.601,0.656,0
145.18,-5.106,-0.2295,92.6172,-6.5213,-0.0,93.5307,,,,,,,,,,,,0.688,0.73,0.598,0.664,0
145.2,-5.106,-0.2295,92.6172,-6.5213,-0.0,93.5307,,,,,,,,,,,,0.688,0.73,0.598,0.664,0
145.22,-5.106,-0.2295,92.6172,-6.5213,-0.0,93.5307,,,,,,,,,,,,0.688,0.73,0.598,0.664,0
145.24,-5.106,-0.2295,92.6172,-6.5213,-0.0,93.5307,,,,,,,,,,,,0.688,0.73,0.598,0.664,0
145.26,-5.2776,-0.1197,92.9139,-6.8078,-0.0,93.5307,,,,,,,,,,,,0.688,0.73,0.598,0.664,0
145.28,-5.2776,-0.1197,92.9139,-6.8078,-0.0,93.5307,,,,,,,,,,,,0.676,0.735,0.594,0.674,0
145.3,-5.2776,-0.1197,92.9139,-6.8078,-0.0,93.5307,,,,,,,,,,,,0.676,0.735,0.594,0.674,0
145.32,-5.2776,-0.1197,92.9139,-6.8078,-0.0,93.5307,,,,,,,,,,,,0.676,0.735,0.594,0.674,0
145.34,-5.2776,-0.1197,92.9139,-6.8078,-0.0,93.5307,,,,,,,,,,,,0.676,0.735,0.594,0.674,0
145.36,-4.4652,0.5563,93.2632,-6.7656,-0.0,93.5307,,,,,,,,,,,,0.676,0.735,0.594,0.674,0
145.38,-4.4652,0.5563,93.2632,-6.7656,-0.0,93.5307,,,,,,,,,,,,0.643,0.761,0.621,0.655,0
145.4,-4.4652,0.5563,93.2632,-6.7656,-0.0,93.5307,,,,,,,,,,,,0.643,0.761,0.621,0.655,0
145.42,-4.4652,0.5563,93.2632,-6.7656,-0.0,93.5307,,,,,,,,,,,,0.643,0.761,0.621,0.655,0
145.44,-4.4652,0.5563,93.2632,-6.7656,-0.0,93.5307,,,,,,,,,,,,0.643,0.761,0.621,0.655,0
145.46,-3.7501,1.079,93.5004,-6.3695,-0.0,93.5306,,,,,,,,,,,,0.643,0.761,0.621,0.655,0
145.48,-3.7501,1.079,93.5004,-6.3695,-0.0,93.5306,,,,,,,,,,,,0.653,0.75,0.607,0.669,0
145.5,-3.7501,1.079,93.5004,-6.3695,-0.0,93.5306,,,,,,,,,,,,0.653,0.75,0.607,0.669,0
145.52,-3.7501,1.079,93.5004,-6.3695,-0.0,93.5306,,,,,,,,,,,,0.653,0.75,0.607,0.669,0
145.54,-3.7501,1.079,93.5004,-6.3695,-0.0,93.5306,,,,,,,,,,,,0.653,0.75,0.607,0.669,0
145.56,-2.8334,0.7255,93.5925,-6.647,-0.0,93.5306,,,,,,,,,,,,0.653,0.75,0.607,0.669,0
145.58,-2.8334,0.7255,93.5925,-6.647,-0.0,93.5306,,,,,,,,,,,,0.689,0.716,0.605,0.668,0
145.6,-2.8334,0.7255,93.5925,-6.647,-0.0,93.5306,,,,,,,,,,,,0.689,0.716,0.605,0.668,0
145.62,-2.8334,0.7255,93.5925,-6.647,-0.0,93.5306,,,,,,,,,,,,0.689,0.716,0.605,0.668,0
145.64,-2.8334,0.7255,93.5925,-6.647,-0.0,93.5306,,,,,,,,,,,,0.689,0.716,0.605,0.668,0
145.66,-3.0773,-0.2639,93.6352,-7.3089,-0.0,93.5306,,,,,,,,,,,,0.689,0.716,0.605,0.668,0
145.68,-3.0773,-0.2639,93.6352,-7.3089,-0.0,93.5306,,,,,,,,,,,,0.66,0.713,0.59,0.645,0
145.7,-3.0773,-0.2639,93.6352,-7.3089,-0.0,93.5306,,,,,,,,,,,,0.66,0.713,0.59,0.645,0
145.72,-3.0773,-0.2639,93.6352,-7.3089,-0.0,93.5306,,,,,,,,,,,,0.66,0.713,0.59,0.645,0
145.74,-3.0773,-0.2639,93.6352,-7.3089,-0.0,93.5306,,,,,,,,,,,,0.66,0.713,0.59,0.645,0
145.76,-3.5406,-0.5945,93.6296,-7.8368,-0.0,93.5306,,,,,,,,,,,,0.66,0.713,0.59,0.645,0
145.78,-3.5406,-0.5945,93.6296,-7.8368,-0.0,93.5306,,,,,,,,,,,,0.691,0.682,0.557,0.67,0
145.8,-3.5406,-0.5945,93.6296,-7.8368,-0.0,93.5306,,,,,,,,,,,,0.691,0.682,0.557,0.67,0
145.82,-3.5406,-0.5945,93.6296,-7.8368,-0.0,93.5306,,,,,,,,,,,,0.691,0.682,0.557,0.67,0
145.84,-3.5406,-0.5945,93.6296,-7.8368,-0.0,93.5306,,,,,,,,,,,,0.691,0.682,0.557,0.67,0
145.86,-4.4475,-0.7343,93.6341,-8.1777,-0.0,93.5306,,,,,,,,,,,,0.691,0.682,0.557,0.67,0
145.88,-4.4475,-0.7343,93.6341,-8.1777,-0.0,93.5306,,,,,,,,,,,,0.687,0.661,0.533,0.658,0
145.9,-4.4475,-0.7343,93.6341,-8.1777,-0.0,93.5306,,,,,,,,,,,,0.687,0.661,0.533,0.658,0
145.92,-4.4475,-0.7343,93.6341,-8.1777,-0.0,93.5306,,,,,,,,,,,,0.687,0.661,0.533,0.658,0
145.94,-4.4475,-0.7343,93.6341,-8.1777,-0.0,93.5306,,,,,,,,,,,,0.687,0.661,0.533,0.658,0
145.96,-5.6711,-1.1167,93.632,-8.3843,-0.0,93.3492,,,,,,,,,,,,0.687,0.661,0.533,0.658,0
145.98,-5.6711,-1.1167,93.632,-8.3843,-0.0,93.3492,,,,,,,,,,,,0.601,0.724,0.6,0.581,0
146.0,-5.6711,-1.1167,93.632,-8.3843,-0.0,93.3492,,,,,,,,,,,,0.601,0.724,0.6,0.581,0
146.02,-5.6711,-1.1167,93.632,-8.3843,-0.0,93.3492,,,,,,,,,,,,0.601,0.724,0.6,0.581,0
146.04,-5.6711,-1.1167,93.632,-8.3843,-0.0,93.3492,,,,,,,,,,,,0.601,0.724,0.6,0.581,0
146.06,-5.8228,-1.3528,93.5979,-8.5373,-0.0,93.1965,,,,,,,,,,,,0.601,0.724,0.6,0.581,0
146.08,-5.8228,-1.3528,93.5979,-8.5373,-0.0,93.1965,,,,,,,,,,,,0.64,0.695,0.567,0.614,0
146.1,-5.8228,-1.3528,93.5979,-8.5373,-0.0,93.1965,,,,,,,,,,,,0.64,0.695,0.567,0.614,0
146.12,-5.8228,-1.3528,93.5979,-8.5373,-0.0,93.1965,,,,,,,,,,,,0.64,0.695,0.567,0.614,0
146.14,-5.8228,-1.3528,93.5979,-8.5373,-0.0,93.1965,,,,,,,,,,,,0.64,0.695,0.567,0.614,0
146.16,-6.2306,-0.811,93.4665,-8.6839,-0.0,93.1965,,,,,,,,,,,,0.64,0.695,0.567,0.614,0
146.18,-6.2306,-0.811,93.4665,-8.6839,-0.0,93.1965,,,,,,,,,,,,0.617,0.718,0.579,0.6,0
146.2,-6.2306,-0.811,93.4665,-8.6839,-0.0,93.1965,,,,,,,,,,,,0.617,0.718,0.579,0.6,0
146.22,-6.2306,-0.811,93.4665,-8.6839,-0.0,93.1965,,,,,,,,,,,,0.617,0.718,0.579,0.6,0
146.24,-6.2306,-0.811,93.4665,-8.6839,-0.0,93.1965,,,,,,,,,,,,0.617,0.718,0.579,0.6,0
146.26,-6.4574,0.1488,93.2781,-8.7603,-0.0,93.1965,,,,,,,,,,,,0.617,0.718,0.579,0.6,0
146.28,-6.4574,0.1488,93.2781,-8.7603,-0.0,93.1965,,,,,,,,,,,,0.695,0.64,0.484,0.677,0
146.3,-6.4574,0.1488,93.2781,-8.7603,-0.0,93.1965,,,,,,,,,,,,0.695,0.64,0.484,0.677,0
146.32,-6.4574,0.1488,93.2781,-8.7603,-0.0,93.1965,,,,,,,,,,,,0.695,0.64,0.484,0.677,0
146.34,-6.4574,0.1488,93.2781,-8.7603,-0.0,93.1965,,,,,,,,,,,,0.695,0.64,0.484,0.677,0
146.36,-7.87,0.3731,93.1179,-8.816,-0.0,93.1965,,,,,,,,,,,,0.695,0.64,0.484,0.677,0
146.38,-7.87,0.3731,93.1179,-8.816,-0.0,93.1965,,,,,,,,,,,,0.598,0.737,0.601,0.573,0
146.4,-7.87,0.3731,93.1179,-8.816,-0.0,93.1965,,,,,,,,,,,,0.598,0.737,0.601,0.573,0
146.42,-7.87,0.3731,93.1179,-8.816,-0.0,93.1965,,,,,,,,,,,,0.598,0.737,0.601,0.573,0
146.44,-7.87,0.3731,93.1179,-8.816,-0.0,93.1965,,,,,,,,,,,,0.598,0.737,0.601,0.573,0
146.46,-7.9613,-0.1695,92.9491,-8.9246,-0.0,93.0514,,,,,,,,,,,,0.598,0.737,0.601,0.573,0
146.48,-7.9613,-0.1695,92.9491,-8.9246,-0.0,93.0514,,,,,,,,,,,,0.633,0.711,0.591,0.586,0
146.5,-7.9613,-0.1695,92.9491,-8.9246,-0.0,93.0514,,,,,,,,,,,,0.633,0.711,0.591,0.586,0
146.52,-7.9613,-0.1695,92.9491,-8.9246,-0.0,93.0514,,,,,,,,,,,,0.633,0.711,0.591,0.586,0
146.54,-7.9613,-0.1695,92.9491,-8.9246,-0.0,93.0514,,,,,,,,,,,,0.633,0.711,0.591,0.586,0
146.56,-8.6261,-0.4393,92.6725,-9.1404,-0.0,92.6714,,,,,,,,,,,,0.633,0.711,0.591,0.586,0
146.58,-8.6261,-0.4393,92.6725,-9.1404,-0.0,92.6714,,,,,,,,,,,,0.69,0.697,0.563,0.667,0
146.6,-8.6261,-0.4393,92.6725,-9.1404,-0.0,92.6714,,,,,,,,,,,,0.69,0.697,0.563,0.667,0
146.62,-8.6261,-0.4393,92.6725,-9.1404,-0.0,92.6714,,,,,,,,,,,,0.69,0.697,0.563,0.667,0
146.64,-8.6261,-0.4393,92.6725,-9.1404,-0.0,92.6714,,,,,,,,,,,,0.69,0.697,0.563,0.667,0
146.66,-9.2144,-0.0148,92.1373,-8.6844,-0.0,92.6389,,,,,,,,,,,,0.69,0.697,0.563,0.667,0
146.68,-9.2144,-0.0148,92.1373,-8.6844,-0.0,92.6389,,,,,,,,,,,,0.662,0.809,0.65,0.661,0
146.7,-9.2144,-0.0148,92.1373,-8.6844,-0.0,92.6389,,,,,,,,,,,,0.662,0.809,0.65,0.661,0
146.72,-9.2144,-0.0148,92.1373,-8.6844,-0.0,92.6389,,,,,,,,,,,,0.662,0.809,0.65,0.661,0
146.74,-9.2144,-0.0148,92.1373,-8.6844,-0.0,92.6389,,,,,,,,,,,,0.662,0.809,0.65,0.661,0
146.76,-9.285,1.0563,90.9698,-7.7059,-0.0,92.6389,,,,,,,,,,,,0.662,0.809,0.65,0.661,0
146.78,-9.285,1.0563,90.9698,-7.7059,-0.0,92.6389,,,,,,,,,,,,0.678,0.806,0.635,0.656,0
146.8,-9.285,1.0563,90.9698,-7.7059,-0.0,92.6389,,,,,,,,,,,,0.678,0.806,0.635,0.656,0
146.82,-9.285,1.0563,90.9698,-7.7059,-0.0,92.6389,,,,,,,,,,,,0.678,0.806,0.635,0.656,0
146.84,-9.285,1.0563,90.9698,-7.7059,-0.0,92.6389,,,,,,,,,,,,0.678,0.806,0.635,0.656,0
146.86,-7.5944,1.6869,89.6525,-5.5302,-0.0,92.6389,,,,,,,,,,,,0.678,0.806,0.635,0.656,0
146.88,-7.5944,1.6869,89.6525,-5.5302,-0.0,92.6389,,,,,,,,,,,,0.685,0.811,0.627,0.642,0
146.9,-7.5944,1.6869,89.6525,-5.5302,-0.0,92.6389,,,,,,,,,,,,0.685,0.811,0.627,0.642,0
146.92,-7.5944,1.6869,89.6525,-5.5302,-0.0,92.6389,,,,,,,,,,,,0.685,0.811,0.627,0.642,0
146.94,-7.5944,1.6869,89.6525,-5.5302,-0.0,92.6389,,,,,,,,,,,,0.685,0.811,0.627,0.642,0
146.96,-2.8926,0.7274,88.3581,-2.9016,-0.0,92.6389,,,,,,,,,,,,0.685,0.811,0.627,0.642,0
146.98,-2.8926,0.7274,88.3581,-2.9016,-0.0,92.6389,,,,,,,,,,,,0.776,0.736,0.549,0.688,0
147.0,-2.8926,0.7274,88.3581,-2.9016,-0.0,92.6389,,,,,,,,,,,,0.776,0.736,0.549,0.688,0
147.02,-2.8926,0.7274,88.3581,-2.9016,-0.0,92.6389,,,,,,,,,,,,0.776,0.736,0.549,0.688,0
147.04,-2.8926,0.7274,88.3581,-2.9016,-0.0,92.6389,,,,,,,,,,,,0.776,0.736,0.549,0.688,0
147.06,2.5942,-0.5266,86.1905,-1.0943,-0.333,91.6157,,,,,,,,,,,,0.776,0.736,0.549,0.688,0
147.08,2.5942,-0.5266,86.1905,-1.0943,-0.333,91.6157,,,,,,,,,,,,0.775,0.749,0.53,0.689,0
147.1,2.5942,-0.5266,86.1905,-1.0943,-0.333,91.6157,,,,,,,,,,,,0.775,0.749,0.53,0.689,0
147.12,2.5942,-0.5266,86.1905,-1.0943,-0.333,91.6157,,,,,,,,,,,,0.775,0.749,0.53,0.689,0
147.14,2.5942,-0.5266,86.1905,-1.0943,-0.333,91.6157,,,,,,,,,,,,0.775,0.749,0.53,0.689,0
147.16,2.6139,0.0904,86.1604,-1.0762,0.1635,92.4968,,,,,,,,,,,,0.775,0.749,0.53,0.689,0
147.18,2.6139,0.0904,86.1604,-1.0762,0.1635,92.4968,,,,,,,,,,,,0.679,0.849,0.62,0.594,0
147.2,2.6139,0.0904,86.1604,-1.0762,0.1635,92.4968,,,,,,,,,,,,0.679,0.849,0.62,0.594,0
147.22,2.6139,0.0904,86.1604,-1.0762,0.1635,92.4968,,,,,,,,,,,,0.679,0.849,0.62,0.594,0
147.24,2.6139,0.0904,86.1604,-1.0762,0.1635,92.4968,,,,,,,,,,,,0.679,0.849,0.62,0.594,0
147.26,-0.9993,0.3035,85.4973,-0.5494,0.0835,92.4968,,,,,,,,,,,,0.679,0.849,0.62,0.594,0
147.28,-0.9993,0.3035,85.4973,-0.5494,0.0835,92.4968,,,,,,,,,,,,0.658,0.872,0.667,0.531,0
147.3,-0.9993,0.3035,85.4973,-0.5494,0.0835,92.4968,,,,,,,,,,,,0.658,0.872,0.667,0.531,0
147.32,-0.9993,0.3035,85.4973,-0.5494,0.0835,92.4968,,,,,,,,,,,,0.658,0.872,0.667,0.531,0
147.34,-0.9993,0.3035,85.4973,-0.5494,0.0835,92.4968,,,,,,,,,,,,0.658,0.872,0.667,0.531,0
147.36,-5.4194,-0.0312,84.9927,-0.2805,0.0426,92.4967,,,,,,,,,,,,0.658,0.872,0.667,0.531,0
147.38,-5.4194,-0.0312,84.9927,-0.2805,0.0426,92.4967,,,,,,,,,,,,0.704,0.837,0.621,0.587,0
147.4,-5.4194,-0.0312,84.9927,-0.2805,0.0426,92.4967,,,,,,,,,,,,0.704,0.837,0.621,0.587,0
147.42,-5.4194,-0.0312,84.9927,-0.2805,0.0426,92.4967,,,,,,,,,,,,0.704,0.837,0.621,0.587,0
147.44,-5.4194,-0.0312,84.9927,-0.2805,0.0426,92.4967,,,,,,,,,,,,0.704,0.837,0.621,0.587,0
147.46,-7.2234,0.1559,84.8252,-0.1432,0.0218,92.4967,,,,,,,,,,,,0.704,0.837,0.621,0.587,0
147.48,-7.2234,0.1559,84.8252,-0.1432,0.0218,92.4967,,,,,,,,,,,,0.747,0.794,0.558,0.655,0
147.5,-7.2234,0.1559,84.8252,-0.1432,0.0218,92.4967,,,,,,,,,,,,0.747,0.794,0.558,0.655,0
147.52,-7.2234,0.1559,84.8252,-0.1432,0.0218,92.4967,,,,,,,,,,,,0.747,0.794,0.558,0.655,0
147.54,-7.2234,0.1559,84.8252,-0.1432,0.0218,92.4967,,,,,,,,,,,,0.747,0.794,0.558,0.655,0
147.56,-5.7811,0.9997,84.9583,-0.0731,0.0111,92.4968,,,,,,,,,,,,0.747,0.794,0.558,0.655,0
147.58,-5.7811,0.9997,84.9583,-0.0731,0.0111,92.4968,,,,,,,,,,,,0.713,0.817,0.571,0.65,0
147.6,-5.7811,0.9997,84.9583,-0.0731,0.0111,92.4968,,,,,,,,,,,,0.713,0.817,0.571,0.65,0
147.62,-5.7811,0.9997,84.9583,-0.0731,0.0111,92.4968,,,,,,,,,,,,0.713,0.817,0.571,0.65,0
147.64,-5.7811,0.9997,84.9583,-0.0731,0.0111,92.4968,,,,,,,,,,,,0.713,0.817,0.571,0.65,0
147.66,-2.2978,1.6732,85.6761,-0.0373,0.0057,92.4968,,,,,,,,,,,,0.713,0.817,0.571,0.65,0
147.68,-2.2978,1.6732,85.6761,-0.0373,0.0057,92.4968,,,,,,,,,,,,0.711,0.805,0.599,0.634,0
147.7,-2.2978,1.6732,85.6761,-0.0373,0.0057,92.4968,,,,,,,,,,,,0.711,0.805,0.599,0.634,0
147.72,-2.2978,1.6732,85.6761,-0.0373,0.0057,92.4968,,,,,,,,,,,,0.711,0.805,0.599,0.634,0
147.74,-2.2978,1.6732,85.6761,-0.0373,0.0057,92.4968,,,,,,,,,,,,0.711,0.805,0.599,0.634,0
147.76,-0.6621,0.1973,86.6121,0.0312,0.0029,93.1016,,,,,,,,,,,,0.711,0.805,0.599,0.634,0
147.78,-0.6621,0.1973,86.6121,0.0312,0.0029,93.1016,,,,,,,,,,,,0.727,0.776,0.583,0.625,0
147.8,-0.6621,0.1973,86.6121,0.0312,0.0029,93.1016,,,,,,,,,,,,0.727,0.776,0.583,0.625,0
147.82,-0.6621,0.1973,86.6121,0.0312,0.0029,93.1016,,,,,,,,,,,,0.727,0.776,0.583,0.625,0
147.84,-0.6621,0.1973,86.6121,0.0312,0.0029,93.1016,,,,,,,,,,,,0.727,0.776,0.583,0.625,0
147.86,-0.049,-1.2383,87.6742,0.0159,0.0015,95.7917,,,,,,,,,,,,0.727,0.776,0.583,0.625,0
147.88,-0.049,-1.2383,87.6742,0.0159,0.0015,95.7917,,,,,,,,,,,,0.711,0.822,0.606,0.546,0
147.9,-0.049,-1.2383,87.6742,0.0159,0.0015,95.7917,,,,,,,,,,,,0.711,0.822,0.606,0.546,0
147.92,-0.049,-1.2383,87.6742,0.0159,0.0015,95.7917,,,,,,,,,,,,0.711,0.822,0.606,0.546,0
147.94,-0.049,-1.2383,87.6742,0.0159,0.0015,95.7917,,,,,,,,,,,,0.711,0.822,0.606,0.546,0
147.96,-1.3836,-0.4098,89.4497,0.0081,0.0008,98.7112,,,,,,,,,,,,0.711,0.822,0.606,0.546,0
147.98,-1.3836,-0.4098,89.4497,0.0081,0.0008,98.7112,,,,,,,,,,,,0.693,0.844,0.554,0.587,0
148.0,-1.3836,-0.4098,89.4497,0.0081,0.0008,98.7112,,,,,,,,,,,,0.693,0.844,0.554,0.587,0
148.02,-1.3836,-0.4098,89.4497,0.0081,0.0008,98.7112,,,,,,,,,,,,0.693,0.844,0.554,0.587,0
148.04,-1.3836,-0.4098,89.4497,0.0081,0.0008,98.7112,,,,,,,,,,,,0.693,0.844,0.554,0.587,0
148.06,-2.3485,1.5198,91.6742,0.0042,0.0004,99.2499,,,,,,,,,,,,0.693,0.844,0.554,0.587,0
148.08,-2.3485,1.5198,91.6742,0.0042,0.0004,99.2499,,,,,,,,,,,,0.661,0.823,0.576,0.63,0
148.1,-2.3485,1.5198,91.6742,0.0042,0.0004,99.2499,,,,,,,,,,,,0.661,0.823,0.576,0.63,0
148.12,-2.3485,1.5198,91.6742,0.0042,0.0004,99.2499,,,,,,,,,,,,0.661,0.823,0.576,0.63,0
148.14,-2.3485,1.5198,91.6742,0.0042,0.0004,99.2499,,,,,,,,,,,,0.661,0.823,0.576,0.63,0
148.16,-2.068,2.3443,93.7731,0.0021,0.0002,99.2516,,,,,,,,,,,,0.661,0.823,0.576,0.63,0
148.18,-2.068,2.3443,93.7731,0.0021,0.0002,99.2516,,,,,,,,,,,,0.686,0.769,0.576,0.664,0
148.2,-2.068,2.3443,93.7731,0.0021,0.0002,99.2516,,,,,,,,,,,,0.686,0.769,0.576,0.664,0
148.22,-2.068,2.3443,93.7731,0.0021,0.0002,99.2516,,,,,,,,,,,,0.686,0.769,0.576,0.664,0
148.24,-2.068,2.3443,93.7731,0.0021,0.0002,99.2516,,,,,,,,,,,,0.686,0.769,0.576,0.664,0
148.26,-0.9357,1.29,95.5309,0.0011,0.0001,99.5314,,,,,,,,,,,,0.686,0.769,0.576,0.664,0
148.28,-0.9357,1.29,95.5309,0.0011,0.0001,99.5314,,,,,,,,,,,,0.638,0.8,0.661,0.591,0
148.3,-0.9357,1.29,95.5309,0.0011,0.0001,99.5314,,,,,,,,,,,,0.638,0.8,0.661,0.591,0
148.32,-0.9357,1.29,95.5309,0.0011,0.0001,99.5314,,,,,,,,,,,,0.638,0.8,0.661,0.591,0
148.34,-0.9357,1.29,95.5309,0.0011,0.0001,99.5314,,,,,,,,,,,,0.638,0.8,0.661,0.591,0
148.36,-0.3652,-0.1307,96.8531,0.0006,-0.0823,99.5314,,,,,,,,,,,,0.638,0.8,0.661,0.591,0
148.38,-0.3652,-0.1307,96.8531,0.0006,-0.0823,99.5314,,,,,,,,,,,,0.712,0.724,0.588,0.68,0
148.4,-0.3652,-0.1307,96.8531,0.0006,-0.0823,99.5314,,,,,,,,,,,,0.712,0.724,0.588,0.68,0
148.42,-0.3652,-0.1307,96.8531,0.0006,-0.0823,99.5314,,,,,,,,,,,,0.712,0.724,0.588,0.68,0
148.44,-0.3652,-0.1307,96.8531,0.0006,-0.0823,99.5314,,,,,,,,,,,,0.712,0.724,0.588,0.68,0
148.46,0.3195,-1.0351,97.8897,-0.2166,-1.2351,99.5315,,,,,,,,,,,,0.712,0.724,0.588,0.68,0
148.48,0.3195,-1.0351,97.8897,-0.2166,-1.2351,99.5315,,,,,,,,,,,,0.63,0.775,0.63,0.629,0
148.5,0.3195,-1.0351,97.8897,-0.2166,-1.2351,99.5315,,,,,,,,,,,,0.63,0.775,0.63,0.629,0
148.52,0.3195,-1.0351,97.8897,-0.2166,-1.2351,99.5315,,,,,,,,,,,,0.63,0.775,0.63,0.629,0
148.54,0.3195,-1.0351,97.8897,-0.2166,-1.2351,99.5315,,,,,,,,,,,,0.63,0.775,0.63,0.629,0
148.56,-0.0221,-1.5783,98.6248,-1.5307,-1.6053,99.5316,,,,,,,,,,,,0.63,0.775,0.63,0.629,0
148.58,-0.0221,-1.5783,98.6248,-1.5307,-1.6053,99.5316,,,,,,,,,,,,0.635,0.718,0.585,0.622,0
148.6,-0.0221,-1.5783,98.6248,-1.5307,-1.6053,99.5316,,,,,,,,,,,,0.635,0.718,0.585,0.622,0
148.62,-0.0221,-1.5783,98.6248,-1.5307,-1.6053,99.5316,,,,,,,,,,,,0.635,0.718,0.585,0.622,0
148.64,-0.0221,-1.5783,98.6248,-1.5307,-1.6053,99.5316,,,,,,,,,,,,0.635,0.718,0.585,0.622,0
148.66,-1.3318,-1.911,99.352,-3.6284,-0.9058,99.4743,,,,,,,,,,,,0.635,0.718,0.585,0.622,0
148.68,-1.3318,-1.911,99.352,-3.6284,-0.9058,99.4743,,,,,,,,,,,,0.624,0.725,0.6,0.615,0
148.7,-1.3318,-1.911,99.352,-3.6284,-0.9058,99.4743,,,,,,,,,,,,0.624,0.725,0.6,0.615,0
148.72,-1.3318,-1.911,99.352,-3.6284,-0.9058,99.4743,,,,,,,,,,,,0.624,0.725,0.6,0.615,0
148.74,-1.3318,-1.911,99.352,-3.6284,-0.9058,99.4743,,,,,,,,,,,,0.624,0.725,0.6,0.615,0
148.76,-3.487,-1.7045,100.0486,-5.1872,-0.4628,98.2153,,,,,,,,,,,,0.624,0.725,0.6,0.615,0
148.78,-3.487,-1.7045,100.0486,-5.1872,-0.4628,98.2153,,,,,,,,,,,,0.556,0.756,0.66,0.59,0
148.8,-3.487,-1.7045,100.0486,-5.1872,-0.4628,98.2153,,,,,,,,,,,,0.556,0.756,0.66,0.59,0
148.82,-3.487,-1.7045,100.0486,-5.1872,-0.4628,98.2153,,,,,,,,,,,,0.556,0.756,0.66,0.59,0
148.84,-3.487,-1.7045,100.0486,-5.1872,-0.4628,98.2153,,,,,,,,,,,,0.556,0.756,0.66,0.59,0
148.86,-4.4735,-0.8775,100.4237,-6.1563,-0.2366,95.8238,,,,,,,,,,,,0.556,0.756,0.66,0.59,0
148.88,-4.4735,-0.8775,100.4237,-6.1563,-0.2366,95.8238,,,,,,,,,,,,0.594,0.689,0.611,0.68,0
148.9,-4.4735,-0.8775,100.4237,-6.1563,-0.2366,95.8238,,,,,,,,,,,,0.594,0.689,0.611,0.68,0
148.92,-4.4735,-0.8775,100.4237,-6.1563,-0.2366,95.8238,,,,,,,,,,,,0.594,0.689,0.611,0.68,0
148.94,-4.4735,-0.8775,100.4237,-6.1563,-0.2366,95.8238,,,,,,,,,,,,0.594,0.689,0.611,0.68,0
148.96,-4.3776,0.643,99.9207,-6.6522,-0.121,92.8252,,,,,,,,,,,,0.594,0.689,0.611,0.68,0
148.98,-4.3776,0.643,99.9207,-6.6522,-0.121,92.8252,,,,,,,,,,,,0.597,0.659,0.605,0.712,0
149.0,-4.3776,0.643,99.9207,-6.6522,-0.121,92.8252,,,,,,,,,,,,0.597,0.659,0.605,0.712,0
149.02,-4.3776,0.643,99.9207,-6.6522,-0.121,92.8252,,,,,,,,,,,,0.597,0.659,0.605,0.712,0
149.04,-4.3776,0.643,99.9207,-6.6522,-0.121,92.8252,,,,,,,,,,,,0.597,0.659,0.605,0.712,0
149.06,-4.3902,1.2087,98.2268,-7.1088,-0.062,89.8553,,,,,,,,,,,,0.597,0.659,0.605,0.712,0
149.08,-4.3902,1.2087,98.2268,-7.1088,-0.062,89.8553,,,,,,,,,,,,0.572,0.679,0.638,0.68,0
149.1,-4.3902,1.2087,98.2268,-7.1088,-0.062,89.8553,,,,,,,,,,,,0.572,0.679,0.638,0.68,0
149.12,-4.3902,1.2087,98.2268,-7.1088,-0.062,89.8553,,,,,,,,,,,,0.572,0.679,0.638,0.68,0
149.14,-4.3902,1.2087,98.2268,-7.1088,-0.062,89.8553,,,,,,,,,,,,0.572,0.679,0.638,0.68,0
149.16,-4.9047,0.6121,95.3277,-7.5005,-0.0318,87.466,,,,,,,,,,,,0.572,0.679,0.638,0.68,0
149.18,-4.9047,0.6121,95.3277,-7.5005,-0.0318,87.466,,,,,,,,,,,,0.614,0.669,0.622,0.667,0
149.2,-4.9047,0.6121,95.3277,-7.5005,-0.0318,87.466,,,,,,,,,,,,0.614,0.669,0.622,0.667,0
149.22,-4.9047,0.6121,95.3277,-7.5005,-0.0318,87.466,,,,,,,,,,,,0.614,0.669,0.622,0.667,0
149.24,-4.9047,0.6121,95.3277,-7.5005,-0.0318,87.466,,,,,,,,,,,,0.614,0.669,0.622,0.667,0
149.26,-4.4043,-0.1616,92.0775,-7.3963,-0.0162,85.4256,,,,,,,,,,,,0.614,0.669,0.622,0.667,0
149.28,-4.4043,-0.1616,92.0775,-7.3963,-0.0162,85.4256,,,,,,,,,,,,0.63,0.685,0.591,0.669,0
149.3,-4.4043,-0.1616,92.0775,-7.3963,-0.0162,85.4256,,,,,,,,,,,,0.63,0.685,0.591,0.669,0
149.32,-4.4043,-0.1616,92.0775,-7.3963,-0.0162,85.4256,,,,,,,,,,,,0.63,0.685,0.591,0.669,0
149.34,-4.4043,-0.1616,92.0775,-7.3963,-0.0162,85.4256,,,,,,,,,,,,0.63,0.685,0.591,0.669,0
149.36,-4.8026,0.2393,88.6601,-6.6711,-0.0081,83.908,,,,,,,,,,,,0.63,0.685,0.591,0.669,0
149.38,-4.8026,0.2393,88.6601,-6.6711,-0.0081,83.908,,,,,,,,,,,,0.586,0.755,0.617,0.612,0
149.4,-4.8026,0.2393,88.6601,-6.6711,-0.0081,83.908,,,,,,,,,,,,0.586,0.755,0.617,0.612,0
149.42,-4.8026,0.2393,88.6601,-6.6711,-0.0081,83.908,,,,,,,,,,,,0.586,0.755,0.617,0.612,0
149.44,-4.8026,0.2393,88.6601,-6.6711,-0.0081,83.908,,,,,,,,,,,,0.586,0.755,0.617,0.612,0
149.46,-4.5701,0.7409,85.371,-4.666,-0.0039,83.0836,,,,,,,,,,,,0.586,0.755,0.617,0.612,0
149.48,-4.5701,0.7409,85.371,-4.666,-0.0039,83.0836,,,,,,,,,,,,0.664,0.79,0.617,0.648,0
149.5,-4.5701,0.7409,85.371,-4.666,-0.0039,83.0836,,,,,,,,,,,,0.664,0.79,0.617,0.648,0
149.52,-4.5701,0.7409,85.371,-4.666,-0.0039,83.0836,,,,,,,,,,,,0.664,0.79,0.617,0.648,0
149.54,-4.5701,0.7409,85.371,-4.666,-0.0039,83.0836,,,,,,,,,,,,0.664,0.79,0.617,0.648,0
149.56,-2.7638,0.4812,82.4285,-2.4155,-0.0019,82.74,,,,,,,,,,,,0.664,0.79,0.617,0.648,0
149.58,-2.7638,0.4812,82.4285,-2.4155,-0.0019,82.74,,,,,,,,,,,,0.729,0.777,0.585,0.656,0
149.6,-2.7638,0.4812,82.4285,-2.4155,-0.0019,82.74,,,,,,,,,,,,0.729,0.777,0.585,0.656,0
149.62,-2.7638,0.4812,82.4285,-2.4155,-0.0019,82.74,,,,,,,,,,,,0.729,0.777,0.585,0.656,0
149.64,-2.7638,0.4812,82.4285,-2.4155,-0.0019,82.74,,,,,,,,,,,,0.729,0.777,0.585,0.656,0
149.66,-0.329,0.2337,80.3226,-1.2332,-0.001,82.74,,,,,,,,,,,,0.729,0.777,0.585,0.656,0
149.68,-0.329,0.2337,80.3226,-1.2332,-0.001,82.74,,,,,,,,,,,,0.747,0.782,0.546,0.663,0
149.7,-0.329,0.2337,80.3226,-1.2332,-0.001,82.74,,,,,,,,,,,,0.747,0.782,0.546,0.663,0
149.72,-0.329,0.2337,80.3226,-1.2332,-0.001,82.74,,,,,,,,,,,,0.747,0.782,0.546,0.663,0
149.74,-0.329,0.2337,80.3226,-1.2332,-0.001,82.74,,,,,,,,,,,,0.747,0.782,0.546,0.663,0
149.76,1.1159,-0.2644,79.298,-0.5961,-0.0005,82.74,,,,,,,,,,,,0.747,0.782,0.546,0.663,0
149.78,1.1159,-0.2644,79.298,-0.5961,-0.0005,82.74,,,,,,,,,,,,0.728,0.803,0.6,0.604,0
149.8,1.1159,-0.2644,79.298,-0.5961,-0.0005,82.74,,,,,,,,,,,,0.728,0.803,0.6,0.604,0
149.82,1.1159,-0.2644,79.298,-0.5961,-0.0005,82.74,,,,,,,,,,,,0.728,0.803,0.6,0.604,0
149.84,1.1159,-0.2644,79.298,-0.5961,-0.0005,82.74,,,,,,,,,,,,0.728,0.803,0.6,0.604,0
149.86,0.8207,-0.1298,78.8468,-0.0479,-0.0002,82.74,,,,,,,,,,,,0.728,0.803,0.6,0.604,0
149.88,0.8207,-0.1298,78.8468,-0.0479,-0.0002,82.74,,,,,,,,,,,,0.723,0.803,0.566,0.638,0
149.9,0.8207,-0.1298,78.8468,-0.0479,-0.0002,82.74,,,,,,,,,,,,0.723,0.803,0.566,0.638,0
149.92,0.8207,-0.1298,78.8468,-0.0479,-0.0002,82.74,,,,,,,,,,,,0.723,0.803,0.566,0.638,0
149.94,0.8207,-0.1298,78.8468,-0.0479,-0.0002,82.74,,,,,,,,,,,,0.723,0.803,0.566,0.638,0
149.96,0.6652,0.3868,78.9714,0.4514,-0.0001,82.74,,,,,,,,,,,,0.723,0.803,0.566,0.638,0
149.98,0.6652,0.3868,78.9714,0.4514,-0.0001,82.74,,,,,,,,,,,,0.707,0.811,0.576,0.637,0
150.0,0.6652,0.3868,78.9714,0.4514,-0.0001,82.74,,,,,,,,,,,,0.707,0.811,0.576,0.637,0
150.02,0.6652,0.3868,78.9714,0.4514,-0.0001,82.74,,,,,,,,,,,,0.707,0.811,0.576,0.637,0
150.04,0.6652,0.3868,78.9714,0.4514,-0.0001,82.74,,,,,,,,,,,,0.707,0.811,0.576,0.637,0
150.06,0.8363,0.7839,79.2072,1.1869,-0.0001,82.74,,,,,,,,,,,,0.707,0.811,0.576,0.637,0
150.08,0.8363,0.7839,79.2072,1.1869,-0.0001,82.74,,,,,,,,,,,,0.673,0.833,0.607,0.62,0
150.1,0.8363,0.7839,79.2072,1.1869,-0.0001,82.74,,,,,,,,,,,,0.673,0.833,0.607,0.62,0
150.12,0.8363,0.7839,79.2072,1.1869,-0.0001,82.74,,,,,,,,,,,,0.673,0.833,0.607,0.62,0
150.14,0.8363,0.7839,79.2072,1.1869,-0.0001,82.74,,,,,,,,,,,,0.673,0.833,0.607,0.62,0
150.16,1.7328,0.4414,79.5867,1.0133,0.0,83.3501,,,,,,,,,,,,0.673,0.833,0.607,0.62,0
150.18,1.7328,0.4414,79.5867,1.0133,0.0,83.3501,,,,,,,,,,,,0.745,0.773,0.567,0.652,0
150.2,1.7328,0.4414,79.5867,1.0133,0.0,83.3501,,,,,,,,,,,,0.745,0.773,0.567,0.652,0
150.22,1.7328,0.4414,79.5867,1.0133,0.0,83.3501,,,,,,,,,,,,0.745,0.773,0.567,0.652,0
150.24,1.7328,0.4414,79.5867,1.0133,0.0,83.3501,,,,,,,,,,,,0.745,0.773,0.567,0.652,0
150.26,1.6517,-0.6086,80.1433,0.5195,0.0002,86.4557,,,,,,,,,,,,0.745,0.773,0.567,0.652,0
150.28,1.6517,-0.6086,80.1433,0.5195,0.0002,86.4557,,,,,,,,,,,,0.762,0.805,0.547,0.608,0
150.3,1.6517,-0.6086,80.1433,0.5195,0.0002,86.4557,,,,,,,,,,,,0.762,0.805,0.547,0.608,0
150.32,1.6517,-0.6086,80.1433,0.5195,0.0002,86.4557,,,,,,,,,,,,0.762,0.805,0.547,0.608,0
150.34,1.6517,-0.6086,80.1433,0.5195,0.0002,86.4557,,,,,,,,,,,,0.762,0.805,0.547,0.608,0
150.36,-0.7935,-1.0128,81.3309,0.2652,0.0003,91.2378,,,,,,,,,,,,0.762,0.805,0.547,0.608,0
150.38,-0.7935,-1.0128,81.3309,0.2652,0.0003,91.2378,,,,,,,,,,,,0.761,0.85,0.542,0.551,0
150.4,-0.7935,-1.0128,81.3309,0.2652,0.0003,91.2378,,,,,,,,,,,,0.761,0.85,0.542,0.551,0
150.42,-0.7935,-1.0128,81.3309,0.2652,0.0003,91.2378,,,,,,,,,,,,0.761,0.85,0.542,0.551,0
150.44,-0.7935,-1.0128,81.3309,0.2652,0.0003,91.2378,,,,,,,,,,,,0.761,0.85,0.542,0.551,0
150.46,-2.6432,-1.3437,83.6212,0.1354,0.0002,93.967,,,,,,,,,,,,0.761,0.85,0.542,0.551,0
150.48,-2.6432,-1.3437,83.6212,0.1354,0.0002,93.967,,,,,,,,,,,,0.749,0.829,0.555,0.585,0
150.5,-2.6432,-1.3437,83.6212,0.1354,0.0002,93.967,,,,,,,,,,,,0.749,0.829,0.555,0.585,0
150.52,-2.6432,-1.3437,83.6212,0.1354,0.0002,93.967,,,,,,,,,,,,0.749,0.829,0.555,0.585,0
150.54,-2.6432,-1.3437,83.6212,0.1354,0.0002,93.967,,,,,,,,,,,,0.749,0.829,0.555,0.585,0
150.56,-2.8668,-0.9049,86.4956,0.0691,0.0001,95.2881,,,,,,,,,,,,0.749,0.829,0.555,0.585,0
150.58,-2.8668,-0.9049,86.4956,0.0691,0.0001,95.2881,,,,,,,,,,,,0.747,0.787,0.531,0.656,0
150.6,-2.8668,-0.9049,86.4956,0.0691,0.0001,95.2881,,,,,,,,,,,,0.747,0.787,0.531,0.656,0
150.62,-2.8668,-0.9049,86.4956,0.0691,0.0001,95.2881,,,,,,,,,,,,0.747,0.787,0.531,0.656,0
150.64,-2.8668,-0.9049,86.4956,0.0691,0.0001,95.2881,,,,,,,,,,,,0.747,0.787,0.531,0.656,0
150.66,-0.8971,0.3897,89.3824,0.0353,0.0001,98.5486,,,,,,,,,,,,0.747,0.787,0.531,0.656,0
150.68,-0.8971,0.3897,89.3824,0.0353,0.0001,98.5486,,,,,,,,,,,,0.756,0.792,0.485,0.674,0
150.7,-0.8971,0.3897,89.3824,0.0353,0.0001,98.5486,,,,,,,,,,,,0.756,0.792,0.485,0.674,0
150.72,-0.8971,0.3897,89.3824,0.0353,0.0001,98.5486,,,,,,,,,,,,0.756,0.792,0.485,0.674,0
150.74,-0.8971,0.3897,89.3824,0.0353,0.0001,98.5486,,,,,,,,,,,,0.756,0.792,0.485,0.674,0
150.76,1.392,0.7966,92.7559,0.018,0.0,100.0403,,,,,,,,,,,,0.756,0.792,0.485,0.674,0
150.78,1.392,0.7966,92.7559,0.018,0.0,100.0403,,,,,,,,,,,,0.736,0.774,0.574,0.647,0
150.8,1.392,0.7966,92.7559,0.018,0.0,100.0403,,,,,,,,,,,,0.736,0.774,0.574,0.647,0
150.82,1.392,0.7966,92.7559,0.018,0.0,100.0403,,,,,,,,,,,,0.736,0.774,0.574,0.647,0
150.84,1.392,0.7966,92.7559,0.018,0.0,100.0403,,,,,,,,,,,,0.736,0.774,0.574,0.647,0
150.86,2.6657,0.1729,95.9018,0.0092,0.0,100.044,,,,,,,,,,,,0.736,0.774,0.574,0.647,0
150.88,2.6657,0.1729,95.9018,0.0092,0.0,100.044,,,,,,,,,,,,0.715,0.746,0.605,0.672,0
150.9,2.6657,0.1729,95.9018,0.0092,0.0,100.044,,,,,,,,,,,,0.715,0.746,0.605,0.672,0
150.92,2.6657,0.1729,95.9018,0.0092,0.0,100.044,,,,,,,,,,,,0.715,0.746,0.605,0.672,0
150.94,2.6657,0.1729,95.9018,0.0092,0.0,100.044,,,,,,,,,,,,0.715,0.746,0.605,0.672,0
150.96,2.0039,-0.5399,98.4674,0.0047,0.0,100.044,,,,,,,,,,,,0.715,0.746,0.605,0.672,0
150.98,2.0039,-0.5399,98.4674,0.0047,0.0,100.044,,,,,,,,,,,,0.655,0.74,0.631,0.629,0
151.0,2.0039,-0.5399,98.4674,0.0047,0.0,100.044,,,,,,,,,,,,0.655,0.74,0.631,0.629,0
151.02,2.0039,-0.5399,98.4674,0.0047,0.0,100.044,,,,,,,,,,,,0.655,0.74,0.631,0.629,0
151.04,2.0039,-0.5399,98.4674,0.0047,0.0,100.044,,,,,,,,,,,,0.655,0.74,0.631,0.629,0
151.06,-0.0075,-0.9107,100.2601,0.0024,0.0,100.044,,,,,,,,,,,,0.655,0.74,0.631,0.629,0
151.08,-0.0075,-0.9107,100.2601,0.0024,0.0,100.044,,,,,,,,,,,,0.588,0.761,0.642,0.601,0
151.1,-0.0075,-0.9107,100.2601,0.0024,0.0,100.044,,,,,,,,,,,,0.588,0.761,0.642,0.601,0
151.12,-0.0075,-0.9107,100.2601,0.0024,0.0,100.044,,,,,,,,,,,,0.588,0.761,0.642,0.601,0
151.14,-0.0075,-0.9107,100.2601,0.0024,0.0,100.044,,,,,,,,,,,,0.588,0.761,0.642,0.601,0
151.16,0.3283,-1.1102,101.5738,0.3656,0.0,100.0488,,,,,,,,,,,,0.588,0.761,0.642,0.601,0
151.18,0.3283,-1.1102,101.5738,0.3656,0.0,100.0488,,,,,,,,,,,,0.686,0.664,0.563,0.684,0
151.2,0.3283,-1.1102,101.5738,0.3656,0.0,100.0488,,,,,,,,,,,,0.686,0.664,0.563,0.684,0
151.22,0.3283,-1.1102,101.5738,0.3656,0.0,100.0488,,,,,,,,,,,,0.686,0.664,0.563,0.684,0
151.24,0.3283,-1.1102,101.5738,0.3656,0.0,100.0488,,,,,,,,,,,,0.686,0.664,0.563,0.684,0
151.26,1.7041,-1.4765,102.5976,1.0098,-0.0001,101.0445,,,,,,,,,,,,0.686,0.664,0.563,0.684,0
151.28,1.7041,-1.4765,102.5976,1.0098,-0.0001,101.0445,,,,,,,,,,,,0.633,0.736,0.621,0.615,0
151.3,1.7041,-1.4765,102.5976,1.0098,-0.0001,101.0445,,,,,,,,,,,,0.633,0.736,0.621,0.615,0
151.32,1.7041,-1.4765,102.5976,1.0098,-0.0001,101.0445,,,,,,,,,,,,0.633,0.736,0.621,0.615,0
151.34,1.7041,-1.4765,102.5976,1.0098,-0.0001,101.0445,,,,,,,,,,,,0.633,0.736,0.621,0.615,0
151.36,2.8937,-2.2314,103.4561,1.5105,-0.0003,104.2164,,,,,,,,,,,,0.633,0.736,0.621,0.615,0
151.38,2.8937,-2.2314,103.4561,1.5105,-0.0003,104.2164,,,,,,,,,,,,0.663,0.763,0.616,0.559,0
151.4,2.8937,-2.2314,103.4561,1.5105,-0.0003,104.2164,,,,,,,,,,,,0.663,0.763,0.616,0.559,0
151.42,2.8937,-2.2314,103.4561,1.5105,-0.0003,104.2164,,,,,,,,,,,,0.663,0.763,0.616,0.559,0
151.44,2.8937,-2.2314,103.4561,1.5105,-0.0003,104.2164,,,,,,,,,,,,0.663,0.763,0.616,0.559,0
151.46,4.4971,-2.7004,105.0432,1.8873,-0.0003,106.464,,,,,,,,,,,,0.663,0.763,0.616,0.559,0
151.48,4.4971,-2.7004,105.0432,1.8873,-0.0003,106.464,,,,,,,,,,,,0.715,0.709,0.554,0.627,0
151.5,4.4971,-2.7004,105.0432,1.8873,-0.0003,106.464,,,,,,,,,,,,0.715,0.709,0.554,0.627,0
151.52,4.4971,-2.7004,105.0432,1.8873,-0.0003,106.464,,,,,,,,,,,,0.715,0.709,0.554,0.627,0
151.54,4.4971,-2.7004,105.0432,1.8873,-0.0003,106.464,,,,,,,,,,,,0.715,0.709,0.554,0.627,0
151.56,4.3655,-2.1417,107.119,2.2888,-0.0001,106.6144,,,,,,,,,,,,0.715,0.709,0.554,0.627,0
151.58,4.3655,-2.1417,107.119,2.2888,-0.0001,106.6144,,,,,,,,,,,,0.662,0.707,0.575,0.663,0
151.6,4.3655,-2.1417,107.119,2.2888,-0.0001,106.6144,,,,,,,,,,,,0.662,0.707,0.575,0.663,0
151.62,4.3655,-2.1417,107.119,2.2888,-0.0001,106.6144,,,,,,,,,,,,0.662,0.707,0.575,0.663,0
151.64,4.3655,-2.1417,107.119,2.2888,-0.0001,106.6144,,,,,,,,,,,,0.662,0.707,0.575,0.663,0
151.66,3.9679,-0.9709,108.8785,2.2997,-0.0001,106.6145,,,,,,,,,,,,0.662,0.707,0.575,0.663,0
151.68,3.9679,-0.9709,108.8785,2.2997,-0.0001,106.6145,,,,,,,,,,,,0.595,0.743,0.628,0.637,0
151.7,3.9679,-0.9709,108.8785,2.2997,-0.0001,106.6145,,,,,,,,,,,,0.595,0.743,0.628,0.637,0
151.72,3.9679,-0.9709,108.8785,2.2997,-0.0001,106.6145,,,,,,,,,,,,0.595,0.743,0.628,0.637,0
151.74,3.9679,-0.9709,108.8785,2.2997,-0.0001,106.6145,,,,,,,,,,,,0.595,0.743,0.628,0.637,0
151.76,2.7051,-0.7328,109.7499,2.3565,-0.0,106.6145,,,,,,,,,,,,0.595,0.743,0.628,0.637,0
151.78,2.7051,-0.7328,109.7499,2.3565,-0.0,106.6145,,,,,,,,,,,,0.599,0.736,0.661,0.605,0
151.8,2.7051,-0.7328,109.7499,2.3565,-0.0,106.6145,,,,,,,,,,,,0.599,0.736,0.661,0.605,0
151.82,2.7051,-0.7328,109.7499,2.3565,-0.0,106.6145,,,,,,,,,,,,0.599,0.736,0.661,0.605,0
151.84,2.7051,-0.7328,109.7499,2.3565,-0.0,106.6145,,,,,,,,,,,,0.599,0.736,0.661,0.605,0
151.86,2.289,-1.5439,109.9714,2.9033,-0.0,106.6145,,,,,,,,,,,,0.599,0.736,0.661,0.605,0
151.88,2.289,-1.5439,109.9714,2.9033,-0.0,106.6145,,,,,,,,,,,,0.639,0.706,0.63,0.633,0
151.9,2.289,-1.5439,109.9714,2.9033,-0.0,106.6145,,,,,,,,,,,,0.639,0.706,0.63,0.633,0
151.92,2.289,-1.5439,109.9714,2.9033,-0.0,106.6145,,,,,,,,,,,,0.639,0.706,0.63,0.633,0
151.94,2.289,-1.5439,109.9714,2.9033,-0.0,106.6145,,,,,,,,,,,,0.639,0.706,0.63,0.633,0
151.96,3.3467,-1.7338,109.9688,3.0008,-0.0,107.3802,,,,,,,,,,,,0.639,0.706,0.63,0.633,0
151.98,3.3467,-1.7338,109.9688,3.0008,-0.0,107.3802,,,,,,,,,,,,0.665,0.706,0.589,0.65,0
152.0,3.3467,-1.7338,109.9688,3.0008,-0.0,107.3802,,,,,,,,,,,,0.665,0.706,0.589,0.65,0
152.02,3.3467,-1.7338,109.9688,3.0008,-0.0,107.3802,,,,,,,,,,,,0.665,0.706,0.589,0.65,0
152.04,3.3467,-1.7338,109.9688,3.0008,-0.0,107.3802,,,,,,,,,,,,0.665,0.706,0.589,0.65,0
152.06,4.3395,-0.9289,109.9252,3.0022,-0.0,108.8034,,,,,,,,,,,,0.665,0.706,0.589,0.65,0
152.08,4.3395,-0.9289,109.9252,3.0022,-0.0,108.8034,,,,,,,,,,,,0.671,0.726,0.585,0.625,0
152.1,4.3395,-0.9289,109.9252,3.0022,-0.0,108.8034,,,,,,,,,,,,0.671,0.726,0.585,0.625,0
152.12,4.3395,-0.9289,109.9252,3.0022,-0.0,108.8034,,,,,,,,,,,,0.671,0.726,0.585,0.625,0
152.14,4.3395,-0.9289,109.9252,3.0022,-0.0,108.8034,,,,,,,,,,,,0.671,0.726,0.585,0.625,0
152.16,3.9121,0.1493,109.9462,4.107,-0.0002,110.0796,,,,,,,,,,,,0.671,0.726,0.585,0.625,0
152.18,3.9121,0.1493,109.9462,4.107,-0.0002,110.0796,,,,,,,,,,,,0.622,0.78,0.605,0.592,0
152.2,3.9121,0.1493,109.9462,4.107,-0.0002,110.0796,,,,,,,,,,,,0.622,0.78,0.605,0.592,0
152.22,3.9121,0.1493,109.9462,4.107,-0.0002,110.0796,,,,,,,,,,,,0.622,0.78,0.605,0.592,0
152.24,3.9121,0.1493,109.9462,4.107,-0.0002,110.0796,,,,,,,,,,,,0.622,0.78,0.605,0.592,0
152.26,3.6212,0.7414,110.0381,4.955,-0.0002,110.7633,,,,,,,,,,,,0.622,0.78,0.605,0.592,0
152.28,3.6212,0.7414,110.0381,4.955,-0.0002,110.7633,,,,,,,,,,,,0.683,0.725,0.57,0.627,0
152.3,3.6212,0.7414,110.0381,4.955,-0.0002,110.7633,,,,,,,,,,,,0.683,0.725,0.57,0.627,0
152.32,3.6212,0.7414,110.0381,4.955,-0.0002,110.7633,,,,,,,,,,,,0.683,0.725,0.57,0.627,0
152.34,3.6212,0.7414,110.0381,4.955,-0.0002,110.7633,,,,,,,,,,,,0.683,0.725,0.57,0.627,0
152.36,3.715,0.4035,110.2848,5.4632,-0.0001,111.287,,,,,,,,,,,,0.683,0.725,0.57,0.627,0
152.38,3.715,0.4035,110.2848,5.4632,-0.0001,111.287,,,,,,,,,,,,0.652,0.753,0.61,0.587,0
152.4,3.715,0.4035,110.2848,5.4632,-0.0001,111.287,,,,,,,,,,,,0.652,0.753,0.61,0.587,0
152.42,3.715,0.4035,110.2848,5.4632,-0.0001,111.287,,,,,,,,,,,,0.652,0.753,0.61,0.587,0
152.44,3.715,0.4035,110.2848,5.4632,-0.0001,111.287,,,,,,,,,,,,0.652,0.753,0.61,0.587,0
152.46,4.7418,-0.5966,110.6915,6.424,-0.0002,112.0393,,,,,,,,,,,,0.652,0.753,0.61,0.587,0
152.48,4.7418,-0.5966,110.6915,6.424,-0.0002,112.0393,,,,,,,,,,,,0.701,0.714,0.585,0.611,0
152.5,4.7418,-0.5966,110.6915,6.424,-0.0002,112.0393,,,,,,,,,,,,0.701,0.714,0.585,0.611,0
152.52,4.7418,-0.5966,110.6915,6.424,-0.0002,112.0393,,,,,,,,,,,,0.701,0.714,0.585,0.611,0
152.54,4.7418,-0.5966,110.6915,6.424,-0.0002,112.0393,,,,,,,,,,,,0.701,0.714,0.585,0.611,0
152.56,5.0302,-1.4797,111.336,7.6387,-0.0003,112.8559,,,,,,,,,,,,0.701,0.714,0.585,0.611,0
152.58,5.0302,-1.4797,111.336,7.6387,-0.0003,112.8559,,,,,,,,,,,,0.703,0.711,0.575,0.62,0
152.6,5.0302,-1.4797,111.336,7.6387,-0.0003,112.8559,,,,,,,,,,,,0.703,0.711,0.575,0.62,0
152.62,5.0302,-1.4797,111.336,7.6387,-0.0003,112.8559,,,,,,,,,,,,0.703,0.711,0.575,0.62,0
152.64,5.0302,-1.4797,111.336,7.6387,-0.0003,112.8559,,,,,,,,,,,,0.703,0.711,0.575,0.62,0
152.66,5.7738,-1.4004,112.3669,8.0667,-0.0002,113.5955,,,,,,,,,,,,0.703,0.711,0.575,0.62,0
152.68,5.7738,-1.4004,112.3669,8.0667,-0.0002,113.5955,,,,,,,,,,,,0.646,0.759,0.601,0.604,0
152.7,5.7738,-1.4004,112.3669,8.0667,-0.0002,113.5955,,,,,,,,,,,,0.646,0.759,0.601,0.604,0
152.72,5.7738,-1.4004,112.3669,8.0667,-0.0002,113.5955,,,,,,,,,,,,0.646,0.759,0.601,0.604,0
152.74,5.7738,-1.4004,112.3669,8.0667,-0.0002,113.5955,,,,,,,,,,,,0.646,0.759,0.601,0.604,0
152.76,5.59,0.0309,113.7173,6.5412,-0.0344,114.2647,,,,,,,,,,,,0.646,0.759,0.601,0.604,0
152.78,5.59,0.0309,113.7173,6.5412,-0.0344,114.2647,,,,,,,,,,,,0.675,0.764,0.58,0.675,0
152.8,5.59,0.0309,113.7173,6.5412,-0.0344,114.2647,,,,,,,,,,,,0.675,0.764,0.58,0.675,0
152.82,5.59,0.0309,113.7173,6.5412,-0.0344,114.2647,,,,,,,,,,,,0.675,0.764,0.58,0.675,0
152.84,5.59,0.0309,113.7173,6.5412,-0.0344,114.2647,,,,,,,,,,,,0.675,0.764,0.58,0.675,0
152.86,2.9056,-0.1214,114.5282,3.3545,-0.9393,114.3591,,,,,,,,,,,,0.675,0.764,0.58,0.675,0
152.88,2.9056,-0.1214,114.5282,3.3545,-0.9393,114.3591,,,,,,,,,,,,0.678,0.779,0.668,0.636,0
152.9,2.9056,-0.1214,114.5282,3.3545,-0.9393,114.3591,,,,,,,,,,,,0.678,0.779,0.668,0.636,0
152.92,2.9056,-0.1214,114.5282,3.3545,-0.9393,114.3591,,,,,,,,,,,,0.678,0.779,0.668,0.636,0
152.94,2.9056,-0.1214,114.5282,3.3545,-0.9393,114.3591,,,,,,,,,,,,0.678,0.779,0.668,0.636,0
152.96,-2.2462,-1.1589,114.5249,1.0103,-0.9207,114.3592,,,,,,,,,,,,0.678,0.779,0.668,0.636,0
152.98,-2.2462,-1.1589,114.5249,1.0103,-0.9207,114.3592,,,,,,,,,,,,0.644,0.834,0.712,0.618,0
153.0,-2.2462,-1.1589,114.5249,1.0103,-0.9207,114.3592,,,,,,,,,,,,0.644,0.834,0.712,0.618,0
153.02,-2.2462,-1.1589,114.5249,1.0103,-0.9207,114.3592,,,,,,,,,,,,0.644,0.834,0.712,0.618,0
153.04,-2.2462,-1.1589,114.5249,1.0103,-0.9207,114.3592,,,,,,,,,,,,0.644,0.834,0.712,0.618,0
153.06,-6.5728,-0.0314,113.6957,0.3438,-0.7926,114.3592,,,,,,,,,,,,0.644,0.834,0.712,0.618,0
153.08,-6.5728,-0.0314,113.6957,0.3438,-0.7926,114.3592,,,,,,,,,,,,0.715,0.853,0.7,0.708,0
153.1,-6.5728,-0.0314,113.6957,0.3438,-0.7926,114.3592,,,,,,,,,,,,0.715,0.853,0.7,0.708,0
153.12,-6.5728,-0.0314,113.6957,0.3438,-0.7926,114.3592,,,,,,,,,,,,0.715,0.853,0.7,0.708,0
153.14,-6.5728,-0.0314,113.6957,0.3438,-0.7926,114.3592,,,,,,,,,,,,0.715,0.853,0.7,0.708,0
153.16,-5.6106,3.3679,112.3604,0.1755,-0.4047,114.3591,,,,,,,,,,,,0.715,0.853,0.7,0.708,0
153.18,-5.6106,3.3679,112.3604,0.1755,-0.4047,114.3591,,,,,,,,,,,,0.738,0.861,0.654,0.759,0
153.2,-5.6106,3.3679,112.3604,0.1755,-0.4047,114.3591,,,,,,,,,,,,0.738,0.861,0.654,0.759,0
153.22,-5.6106,3.3679,112.3604,0.1755,-0.4047,114.3591,,,,,,,,,,,,0.738,0.861,0.654,0.759,0
153.24,-5.6106,3.3679,112.3604,0.1755,-0.4047,114.3591,,,,,,,,,,,,0.738,0.861,0.654,0.759,0
153.26,-1.6026,5.9257,111.1302,0.0926,-0.2478,114.3591,,,,,,,,,,,,0.738,0.861,0.654,0.759,0
153.28,-1.6026,5.9257,111.1302,0.0926,-0.2478,114.3591,,,,,,,,,,,,0.789,0.828,0.576,0.806,0
153.3,-1.6026,5.9257,111.1302,0.0926,-0.2478,114.3591,,,,,,,,,,,,0.789,0.828,0.576,0.806,0
153.32,-1.6026,5.9257,111.1302,0.0926,-0.2478,114.3591,,,,,,,,,,,,0.789,0.828,0.576,0.806,0
153.34,-1.6026,5.9257,111.1302,0.0926,-0.2478,114.3591,,,,,,,,,,,,0.789,0.828,0.576,0.806,0
153.36,2.4611,5.8111,110.4391,1.402,-0.411,114.3591,,,,,,,,,,,,0.789,0.828,0.576,0.806,0
153.38,2.4611,5.8111,110.4391,1.402,-0.411,114.3591,,,,,,,,,,,,0.75,0.875,0.7,0.681,0
153.4,2.4611,5.8111,110.4391,1.402,-0.411,114.3591,,,,,,,,,,,,0.75,0.875,0.7,0.681,0
153.42,2.4611,5.8111,110.4391,1.402,-0.411,114.3591,,,,,,,,,,,,0.75,0.875,0.7,0.681,0
153.44,2.4611,5.8111,110.4391,1.402,-0.411,114.3591,,,,,,,,,,,,0.75,0.875,0.7,0.681,0
153.46,4.3159,2.5921,109.7177,3.7165,-0.7994,114.3589,,,,,,,,,,,,0.75,0.875,0.7,0.681,0
153.48,4.3159,2.5921,109.7177,3.7165,-0.7994,114.3589,,,,,,,,,,,,0.789,0.849,0.688,0.68,0
153.5,4.3159,2.5921,109.7177,3.7165,-0.7994,114.3589,,,,,,,,,,,,0.789,0.849,0.688,0.68,0
153.52,4.3159,2.5921,109.7177,3.7165,-0.7994,114.3589,,,,,,,,,,,,0.789,0.849,0.688,0.68,0
153.54,4.3159,2.5921,109.7177,3.7165,-0.7994,114.3589,,,,,,,,,,,,0.789,0.849,0.688,0.68,0
153.56,4.8872,0.0862,109.07,5.7699,-1.5538,114.3585,,,,,,,,,,,,0.789,0.849,0.688,0.68,0
153.58,4.8872,0.0862,109.07,5.7699,-1.5538,114.3585,,,,,,,,,,,,0.794,0.845,0.672,0.691,0
153.6,4.8872,0.0862,109.07,5.7699,-1.5538,114.3585,,,,,,,,,,,,0.794,0.845,0.672,0.691,0
153.62,4.8872,0.0862,109.07,5.7699,-1.5538,114.3585,,,,,,,,,,,,0.794,0.845,0.672,0.691,0
153.64,4.8872,0.0862,109.07,5.7699,-1.5538,114.3585,,,,,,,,,,,,0.794,0.845,0.672,0.691,0
153.66,5.4458,0.6289,108.423,7.5174,-2.1826,114.3582,,,,,,,,,,,,0.794,0.845,0.672,0.691,0
153.68,5.4458,0.6289,108.423,7.5174,-2.1826,114.3582,,,,,,,,,,,,0.781,0.86,0.637,0.723,0
153.7,5.4458,0.6289,108.423,7.5174,-2.1826,114.3582,,,,,,,,,,,,0.781,0.86,0.637,0.723,0
153.72,5.4458,0.6289,108.423,7.5174,-2.1826,114.3582,,,,,,,,,,,,0.781,0.86,0.637,0.723,0
153.74,5.4458,0.6289,108.423,7.5174,-2.1826,114.3582,,,,,,,,,,,,0.781,0.86,0.637,0.723,0
153.76,6.9727,2.4822,107.7802,8.2039,-2.6797,114.3581,,,,,,,,,,,,0.781,0.86,0.637,0.723,0
153.78,6.9727,2.4822,107.7802,8.2039,-2.6797,114.3581,,,,,,,,,,,,0.711,0.764,0.485,0.656,0
153.8,6.9727,2.4822,107.7802,8.2039,-2.6797,114.3581,,,,,,,,,,,,0.711,0.764,0.485,0.656,0
153.82,6.9727,2.4822,107.7802,8.2039,-2.6797,114.3581,,,,,,,,,,,,0.711,0.764,0.485,0.656,0
153.84,6.9727,2.4822,107.7802,8.2039,-2.6797,114.3581,,,,,,,,,,,,0.711,0.764,0.485,0.656,0
153.86,7.8195,3.2901,107.2581,5.9583,-2.83,114.4008,,,,,,,,,,,,0.711,0.764,0.485,0.656,0
153.88,7.8195,3.2901,107.2581,5.9583,-2.83,114.4008,,,,,,,,,,,,0.501,0.58,0.24,0.364,0
153.9,7.8195,3.2901,107.2581,5.9583,-2.83,114.4008,,,,,,,,,,,,0.501,0.58,0.24,0.364,0
153.92,7.8195,3.2901,107.2581,5.9583,-2.83,114.4008,,,,,,,,,,,,0.501,0.58,0.24,0.364,0
153.94,7.8195,3.2901,107.2581,5.9583,-2.83,114.4008,,,,,,,,,,,,0.501,0.58,0.24,0.364,0
153.96,7.5192,0.5647,106.9106,4.0038,-3.1531,114.4009,,,,,,,,,,,,0.501,0.58,0.24,0.364,0
153.98,7.5192,0.5647,106.9106,4.0038,-3.1531,114.4009,,,,,,,,,,,,0.515,0.478,0.259,0.212,0
154.0,7.5192,0.5647,106.9106,4.0038,-3.1531,114.4009,,,,,,,,,,,,0.515,0.478,0.259,0.212,0
154.02,7.5192,0.5647,106.9106,4.0038,-3.1531,114.4009,,,,,,,,,,,,0.515,0.478,0.259,0.212,0
154.04,7.5192,0.5647,106.9106,4.0038,-3.1531,114.4009,,,,,,,,,,,,0.515,0.478,0.259,0.212,0
154.06,5.7171,-5.3108,107.1075,2.5892,-4.038,114.4011,,,,,,,,,,,,0.515,0.478,0.259,0.212,0
154.08,5.7171,-5.3108,107.1075,2.5892,-4.038,114.4011,,,,,,,,,,,,0.557,0.519,0.385,0.236,0
154.1,5.7171,-5.3108,107.1075,2.5892,-4.038,114.4011,,,,,,,,,,,,0.557,0.519,0.385,0.236,0
154.12,5.7171,-5.3108,107.1075,2.5892,-4.038,114.4011,,,,,,,,,,,,0.557,0.519,0.385,0.236,0
154.14,5.7171,-5.3108,107.1075,2.5892,-4.038,114.4011,,,,,,,,,,,,0.557,0.519,0.385,0.236,0
154.16,1.8262,-11.8493,108.4977,1.3219,-5.1817,114.4015,,,,,,,,,,,,0.557,0.519,0.385,0.236,0
154.18,1.8262,-11.8493,108.4977,1.3219,-5.1817,114.4015,,,,,,,,,,,,0.629,0.76,0.708,0.368,0
154.2,1.8262,-11.8493,108.4977,1.3219,-5.1817,114.4015,,,,,,,,,,,,0.629,0.76,0.708,0.368,0
154.22,1.8262,-11.8493,108.4977,1.3219,-5.1817,114.4015,,,,,,,,,,,,0.629,0.76,0.708,0.368,0
154.24,1.8262,-11.8493,108.4977,1.3219,-5.1817,114.4015,,,,,,,,,,,,0.629,0.76,0.708,0.368,0
154.26,-1.0318,-14.5769,110.9555,0.6749,-5.2242,114.4015,,,,,,,,,,,,0.629,0.76,0.708,0.368,0
154.28,-1.0318,-14.5769,110.9555,0.6749,-5.2242,114.4015,,,,,,,,,,,,0.798,0.824,0.753,0.698,0
154.3,-1.0318,-14.5769,110.9555,0.6749,-5.2242,114.4015,,,,,,,,,,,,0.798,0.824,0.753,0.698,0
154.32,-1.0318,-14.5769,110.9555,0.6749,-5.2242,114.4015,,,,,,,,,,,,0.798,0.824,0.753,0.698,0
154.34,-1.0318,-14.5769,110.9555,0.6749,-5.2242,114.4015,,,,,,,,,,,,0.798,0.824,0.753,0.698,0
154.36,-0.8656,-7.1068,113.2907,0.3446,-2.8128,114.4014,,,,,,,,,,,,0.798,0.824,0.753,0.698,0
154.38,-0.8656,-7.1068,113.2907,0.3446,-2.8128,114.4014,,,,,,,,,,,,0.795,0.946,0.678,0.944,0
154.4,-0.8656,-7.1068,113.2907,0.3446,-2.8128,114.4014,,,,,,,,,,,,0.795,0.946,0.678,0.944,0
154.42,-0.8656,-7.1068,113.2907,0.3446,-2.8128,114.4014,,,,,,,,,,,,0.795,0.946,0.678,0.944,0
154.44,-0.8656,-7.1068,113.2907,0.3446,-2.8128,114.4014,,,,,,,,,,,,0.795,0.946,0.678,0.944,0
154.46,1.8162,6.4991,114.992,0.1759,-1.0194,114.4013,,,,,,,,,,,,0.795,0.946,0.678,0.944,0
154.48,1.8162,6.4991,114.992,0.1759,-1.0194,114.4013,,,,,,,,,,,,0.68,0.949,0.639,0.903,0
154.5,1.8162,6.4991,114.992,0.1759,-1.0194,114.4013,,,,,,,,,,,,0.68,0.949,0.639,0.903,0
154.52,1.8162,6.4991,114.992,0.1759,-1.0194,114.4013,,,,,,,,,,,,0.68,0.949,0.639,0.903,0
154.54,1.8162,6.4991,114.992,0.1759,-1.0194,114.4013,,,,,,,,,,,,0.68,0.949,0.639,0.903,0
154.56,3.1444,14.2042,115.813,0.0898,-0.2811,114.4013,,,,,,,,,,,,0.68,0.949,0.639,0.903,0
154.58,3.1444,14.2042,115.813,0.0898,-0.2811,114.4013,,,,,,,,,,,,0.709,0.949,0.716,0.85,0
154.6,3.1444,14.2042,115.813,0.0898,-0.2811,114.4013,,,,,,,,,,,,0.709,0.949,0.716,0.85,0
154.62,3.1444,14.2042,115.813,0.0898,-0.2811,114.4013,,,,,,,,,,,,0.709,0.949,0.716,0.85,0
154.64,3.1444,14.2042,115.813,0.0898,-0.2811,114.4013,,,,,,,,,,,,0.709,0.949,0.716,0.85,0
154.66,1.3548,12.0001,115.1417,0.0459,-0.1435,114.4014,,,,,,,,,,,,0.709,0.949,0.716,0.85,0
154.68,1.3548,12.0001,115.1417,0.0459,-0.1435,114.4014,,,,,,,,,,,,0.834,0.949,0.834,0.813,0
154.7,1.3548,12.0001,115.1417,0.0459,-0.1435,114.4014,,,,,,,,,,,,0.834,0.949,0.834,0.813,0
154.72,1.3548,12.0001,115.1417,0.0459,-0.1435,114.4014,,,,,,,,,,,,0.834,0.949,0.834,0.813,0
154.74,1.3548,12.0001,115.1417,0.0459,-0.1435,114.4014,,,,,,,,,,,,0.834,0.949,0.834,0.813,0
154.76,-2.1142,6.2455,114.1176,0.0234,-0.106,114.4014,,,,,,,,,,,,0.834,0.949,0.834,0.813,0
154.78,-2.1142,6.2455,114.1176,0.0234,-0.106,114.4014,,,,,,,,,,,,0.797,0.949,0.809,0.763,0
154.8,-2.1142,6.2455,114.1176,0.0234,-0.106,114.4014,,,,,,,,,,,,0.797,0.949,0.809,0.763,0
154.82,-2.1142,6.2455,114.1176,0.0234,-0.106,114.4014,,,,,,,,,,,,0.797,0.949,0.809,0.763,0
154.84,-2.1142,6.2455,114.1176,0.0234,-0.106,114.4014,,,,,,,,,,,,0.797,0.949,0.809,0.763,0
154.86,-4.357,2.9214,113.445,0.012,-1.6035,114.4015,,,,,,,,,,,,0.797,0.949,0.809,0.763,0
154.88,-4.357,2.9214,113.445,0.012,-1.6035,114.4015,,,,,,,,,,,,0.68,0.872,0.641,0.709,0
154.9,-4.357,2.9214,113.445,0.012,-1.6035,114.4015,,,,,,,,,,,,0.68,0.872,0.641,0.709,0
154.92,-4.357,2.9214,113.445,0.012,-1.6035,114.4015,,,,,,,,,,,,0.68,0.872,0.641,0.709,0
154.94,-4.357,2.9214,113.445,0.012,-1.6035,114.4015,,,,,,,,,,,,0.68,0.872,0.641,0.709,0
154.96,-4.1956,-0.7766,112.8968,0.0061,-3.5447,114.4014,,,,,,,,,,,,0.68,0.872,0.641,0.709,0
154.98,-4.1956,-0.7766,112.8968,0.0061,-3.5447,114.4014,,,,,,,,,,,,0.719,0.783,0.63,0.644,0
155.0,-4.1956,-0.7766,112.8968,0.0061,-3.5447,114.4014,,,,,,,,,,,,0.719,0.783,0.63,0.644,0
155.02,-4.1956,-0.7766,112.8968,0.0061,-3.5447,114.4014,,,,,,,,,,,,0.719,0.783,0.63,0.644,0
155.04,-4.1956,-0.7766,112.8968,0.0061,-3.5447,114.4014,,,,,,,,,,,,0.719,0.783,0.63,0.644,0
155.06,-1.899,-5.8215,112.315,0.0031,-4.2909,114.4015,,,,,,,,,,,,0.719,0.783,0.63,0.644,0
155.08,-1.899,-5.8215,112.315,0.0031,-4.2909,114.4015,,,,,,,,,,,,0.745,0.766,0.644,0.628,0
155.1,-1.899,-5.8215,112.315,0.0031,-4.2909,114.4015,,,,,,,,,,,,0.745,0.766,0.644,0.628,0
155.12,-1.899,-5.8215,112.315,0.0031,-4.2909,114.4015,,,,,,,,,,,,0.745,0.766,0.644,0.628,0
155.14,-1.899,-5.8215,112.315,0.0031,-4.2909,114.4015,,,,,,,,,,,,0.745,0.766,0.644,0.628,0
155.16,0.5306,-9.3171,111.4119,0.0016,-3.9625,114.4015,,,,,,,,,,,,0.745,0.766,0.644,0.628,0
155.18,0.5306,-9.3171,111.4119,0.0016,-3.9625,114.4015,,,,,,,,,,,,0.746,0.772,0.685,0.583,0
155.2,0.5306,-9.3171,111.4119,0.0016,-3.9625,114.4015,,,,,,,,,,,,0.746,0.772,0.685,0.583,0
155.22,0.5306,-9.3171,111.4119,0.0016,-3.9625,114.4015,,,,,,,,,,,,0.746,0.772,0.685,0.583,0
155.24,0.5306,-9.3171,111.4119,0.0016,-3.9625,114.4015,,,,,,,,,,,,0.746,0.772,0.685,0.583,0
155.26,2.2294,-9.1291,110.4776,0.0008,-2.0617,114.4015,,,,,,,,,,,,0.746,0.772,0.685,0.583,0
155.28,2.2294,-9.1291,110.4776,0.0008,-2.0617,114.4015,,,,,,,,,,,,0.727,0.756,0.563,0.656,0
155.3,2.2294,-9.1291,110.4776,0.0008,-2.0617,114.4015,,,,,,,,,,,,0.727,0.756,0.563,0.656,0
155.32,2.2294,-9.1291,110.4776,0.0008,-2.0617,114.4015,,,,,,,,,,,,0.727,0.756,0.563,0.656,0
155.34,2.2294,-9.1291,110.4776,0.0008,-2.0617,114.4015,,,,,,,,,,,,0.727,0.756,0.563,0.656,0
155.36,0.9981,-4.4455,109.787,0.0004,-1.0526,114.4015,,,,,,,,,,,,0.727,0.756,0.563,0.656,0
155.38,0.9981,-4.4455,109.787,0.0004,-1.0526,114.4015,,,,,,,,,,,,0.595,0.845,0.579,0.602,0
155.4,0.9981,-4.4455,109.787,0.0004,-1.0526,114.4015,,,,,,,,,,,,0.595,0.845,0.579,0.602,0
155.42,0.9981,-4.4455,109.787,0.0004,-1.0526,114.4015,,,,,,,,,,,,0.595,0.845,0.579,0.602,0
155.44,0.9981,-4.4455,109.787,0.0004,-1.0526,114.4015,,,,,,,,,,,,0.595,0.845,0.579,0.602,0
155.46,-0.5998,0.5801,109.3101,0.0002,-0.2544,114.4015,,,,,,,,,,,,0.595,0.845,0.579,0.602,0
155.48,-0.5998,0.5801,109.3101,0.0002,-0.2544,114.4015,,,,,,,,,,,,0.675,0.785,0.531,0.64,0
155.5,-0.5998,0.5801,109.3101,0.0002,-0.2544,114.4015,,,,,,,,,,,,0.675,0.785,0.531,0.64,0
155.52,-0.5998,0.5801,109.3101,0.0002,-0.2544,114.4015,,,,,,,,,,,,0.675,0.785,0.531,0.64,0
155.54,-0.5998,0.5801,109.3101,0.0002,-0.2544,114.4015,,,,,,,,,,,,0.675,0.785,0.531,0.64,0
155.56,-1.1409,2.6518,109.1842,0.0001,1.2355,114.4016,,,,,,,,,,,,0.675,0.785,0.531,0.64,0
155.58,-1.1409,2.6518,109.1842,0.0001,1.2355,114.4016,,,,,,,,,,,,0.618,0.873,0.632,0.589,0
155.6,-1.1409,2.6518,109.1842,0.0001,1.2355,114.4016,,,,,,,,,,,,0.618,0.873,0.632,0.589,0
155.62,-1.1409,2.6518,109.1842,0.0001,1.2355,114.4016,,,,,,,,,,,,0.618,0.873,0.632,0.589,0
155.64,-1.1409,2.6518,109.1842,0.0001,1.2355,114.4016,,,,,,,,,,,,0.618,0.873,0.632,0.589,0
155.66,0.1316,2.978,109.2401,0.0001,1.7555,114.4016,,,,,,,,,,,,0.618,0.873,0.632,0.589,0
155.68,0.1316,2.978,109.2401,0.0001,1.7555,114.4016,,,,,,,,,,,,0.632,0.702,0.41,0.578,0
155.7,0.1316,2.978,109.2401,0.0001,1.7555,114.4016,,,,,,,,,,,,0.632,0.702,0.41,0.578,0
155.72,0.1316,2.978,109.2401,0.0001,1.7555,114.4016,,,,,,,,,,,,0.632,0.702,0.41,0.578,0
155.74,0.1316,2.978,109.2401,0.0001,1.7555,114.4016,,,,,,,,,,,,0.632,0.702,0.41,0.578,0
155.76,0.7915,2.7879,109.6866,0.0,2.4964,114.4016,,,,,,,,,,,,0.632,0.702,0.41,0.578,0
155.78,0.7915,2.7879,109.6866,0.0,2.4964,114.4016,,,,,,,,,,,,0.625,0.674,0.464,0.518,0
155.8,0.7915,2.7879,109.6866,0.0,2.4964,114.4016,,,,,,,,,,,,0.625,0.674,0.464,0.518,0
155.82,0.7915,2.7879,109.6866,0.0,2.4964,114.4016,,,,,,,,,,,,0.625,0.674,0.464,0.518,0
155.84,0.7915,2.7879,109.6866,0.0,2.4964,114.4016,,,,,,,,,,,,0.625,0.674,0.464,0.518,0
155.86,1.8261,2.2635,110.7122,0.0,3.9204,114.4017,,,,,,,,,,,,0.625,0.674,0.464,0.518,0
155.88,1.8261,2.2635,110.7122,0.0,3.9204,114.4017,,,,,,,,,,,,0.682,0.646,0.456,0.603,0
155.9,1.8261,2.2635,110.7122,0.0,3.9204,114.4017,,,,,,,,,,,,0.682,0.646,0.456,0.603,0
155.92,1.8261,2.2635,110.7122,0.0,3.9204,114.4017,,,,,,,,,,,,0.682,0.646,0.456,0.603,0
155.94,1.8261,2.2635,110.7122,0.0,3.9204,114.4017,,,,,,,,,,,,0.682,0.646,0.456,0.603,0
155.96,2.4092,3.0533,112.1842,0.0,4.6549,114.4017,,,,,,,,,,,,0.682,0.646,0.456,0.603,0
155.98,2.4092,3.0533,112.1842,0.0,4.6549,114.4017,,,,,,,,,,,,0.622,0.682,0.475,0.605,0
156.0,2.4092,3.0533,112.1842,0.0,4.6549,114.4017,,,,,,,,,,,,0.622,0.682,0.475,0.605,0
156.02,2.4092,3.0533,112.1842,0.0,4.6549,114.4017,,,,,,,,,,,,0.622,0.682,0.475,0.605,0
156.04,2.4092,3.0533,112.1842,0.0,4.6549,114.4017,,,,,,,,,,,,0.622,0.682,0.475,0.605,0
156.06,2.7522,4.1517,114.0287,0.0,4.7909,114.4017,,,,,,,,,,,,0.622,0.682,0.475,0.605,0
156.08,2.7522,4.1517,114.0287,0.0,4.7909,114.4017,,,,,,,,,,,,0.572,0.709,0.535,0.575,0
156.1,2.7522,4.1517,114.0287,0.0,4.7909,114.4017,,,,,,,,,,,,0.572,0.709,0.535,0.575,0
156.12,2.7522,4.1517,114.0287,0.0,4.7909,114.4017,,,,,,,,,,,,0.572,0.709,0.535,0.575,0
156.14,2.7522,4.1517,114.0287,0.0,4.7909,114.4017,,,,,,,,,,,,0.572,0.709,0.535,0.575,0
156.16,4.106,4.2243,116.3214,0.0,5.8115,114.4017,,,,,,,,,,,,0.572,0.709,0.535,0.575,0
156.18,4.106,4.2243,116.3214,0.0,5.8115,114.4017,,,,,,,,,,,,0.601,0.68,0.565,0.586,0
156.2,4.106,4.2243,116.3214,0.0,5.8115,114.4017,,,,,,,,,,,,0.601,0.68,0.565,0.586,0
156.22,4.106,4.2243,116.3214,0.0,5.8115,114.4017,,,,,,,,,,,,0.601,0.68,0.565,0.586,0
156.24,4.106,4.2243,116.3214,0.0,5.8115,114.4017,,,,,,,,,,,,0.601,0.68,0.565,0.586,0
156.26,3.8203,4.705,118.3832,0.0,6.9409,114.4017,,,,,,,,,,,,0.601,0.68,0.565,0.586,0
156.28,3.8203,4.705,118.3832,0.0,6.9409,114.4017,,,,,,,,,,,,0.617,0.675,0.549,0.645,0
156.3,3.8203,4.705,118.3832,0.0,6.9409,114.4017,,,,,,,,,,,,0.617,0.675,0.549,0.645,0
156.32,3.8203,4.705,118.3832,0.0,6.9409,114.4017,,,,,,,,,,,,0.617,0.675,0.549,0.645,0
156.34,3.8203,4.705,118.3832,0.0,6.9409,114.4017,,,,,,,,,,,,0.617,0.675,0.549,0.645,0
156.36,2.362,6.2497,119.6721,0.0,7.4799,114.4017,,,,,,,,,,,,0.617,0.675,0.549,0.645,0
156.38,2.362,6.2497,119.6721,0.0,7.4799,114.4017,,,,,,,,,,,,0.635,0.741,0.6,0.694,0
156.4,2.362,6.2497,119.6721,0.0,7.4799,114.4017,,,,,,,,,,,,0.635,0.741,0.6,0.694,0
156.42,2.362,6.2497,119.6721,0.0,7.4799,114.4017,,,,,,,,,,,,0.635,0.741,0.6,0.694,0
156.44,2.362,6.2497,119.6721,0.0,7.4799,114.4017,,,,,,,,,,,,0.635,0.741,0.6,0.694,0
156.46,1.0547,8.6421,119.6026,0.0,7.9125,114.4017,,,,,,,,,,,,0.635,0.741,0.6,0.694,0
156.48,1.0547,8.6421,119.6026,0.0,7.9125,114.4017,,,,,,,,,,,,0.637,0.8,0.616,0.725,0
156.5,1.0547,8.6421,119.6026,0.0,7.9125,114.4017,,,,,,,,,,,,0.637,0.8,0.616,0.725,0
156.52,1.0547,8.6421,119.6026,0.0,7.9125,114.4017,,,,,,,,,,,,0.637,0.8,0.616,0.725,0
156.54,1.0547,8.6421,119.6026,0.0,7.9125,114.4017,,,,,,,,,,,,0.637,0.8,0.616,0.725,0
156.56,0.2559,11.0125,117.9774,0.0,6.8631,114.3711,,,,,,,,,,,,0.637,0.8,0.616,0.725,0
156.58,0.2559,11.0125,117.9774,0.0,6.8631,114.3711,,,,,,,,,,,,0.639,0.82,0.576,0.742,0
156.6,0.2559,11.0125,117.9774,0.0,6.8631,114.3711,,,,,,,,,,,,0.639,0.82,0.576,0.742,0
156.62,0.2559,11.0125,117.9774,0.0,6.8631,114.3711,,,,,,,,,,,,0.639,0.82,0.576,0.742,0
156.64,0.2559,11.0125,117.9774,0.0,6.8631,114.3711,,,,,,,,,,,,0.639,0.82,0.576,0.742,0
156.66,-0.5784,10.9827,115.0562,0.0002,4.8927,113.8581,,,,,,,,,,,,0.639,0.82,0.576,0.742,0
156.68,-0.5784,10.9827,115.0562,0.0002,4.8927,113.8581,,,,,,,,,,,,0.643,0.837,0.613,0.69,0
156.7,-0.5784,10.9827,115.0562,0.0002,4.8927,113.8581,,,,,,,,,,,,0.643,0.837,0.613,0.69,0
156.72,-0.5784,10.9827,115.0562,0.0002,4.8927,113.8581,,,,,,,,,,,,0.643,0.837,0.613,0.69,0
156.74,-0.5784,10.9827,115.0562,0.0002,4.8927,113.8581,,,,,,,,,,,,0.643,0.837,0.613,0.69,0
156.76,-1.622,7.8154,111.5171,0.0003,2.7775,113.3149,,,,,,,,,,,,0.643,0.837,0.613,0.69,0
156.78,-1.622,7.8154,111.5171,0.0003,2.7775,113.3149,,,,,,,,,,,,0.666,0.841,0.641,0.622,0
156.8,-1.622,7.8154,111.5171,0.0003,2.7775,113.3149,,,,,,,,,,,,0.666,0.841,0.641,0.622,0
156.82,-1.622,7.8154,111.5171,0.0003,2.7775,113.3149,,,,,,,,,,,,0.666,0.841,0.641,0.622,0
156.84,-1.622,7.8154,111.5171,0.0003,2.7775,113.3149,,,,,,,,,,,,0.666,0.841,0.641,0.622,0
156.86,-1.9145,3.3223,108.4026,0.8347,1.4181,112.9544,,,,,,,,,,,,0.666,0.841,0.641,0.622,0
156.88,-1.9145,3.3223,108.4026,0.8347,1.4181,112.9544,,,,,,,,,,,,0.684,0.851,0.669,0.544,0
156.9,-1.9145,3.3223,108.4026,0.8347,1.4181,112.9544,,,,,,,,,,,,0.684,0.851,0.669,0.544,0
156.92,-1.9145,3.3223,108.4026,0.8347,1.4181,112.9544,,,,,,,,,,,,0.684,0.851,0.669,0.544,0
156.94,-1.9145,3.3223,108.4026,0.8347,1.4181,112.9544,,,,,,,,,,,,0.684,0.851,0.669,0.544,0
156.96,-0.1866,0.0127,106.1214,4.222,0.724,112.9538,,,,,,,,,,,,0.684,0.851,0.669,0.544,0
156.98,-0.1866,0.0127,106.1214,4.222,0.724,112.9538,,,,,,,,,,,,0.762,0.804,0.564,0.619,0
157.0,-0.1866,0.0127,106.1214,4.222,0.724,112.9538,,,,,,,,,,,,0.762,0.804,0.564,0.619,0
157.02,-0.1866,0.0127,106.1214,4.222,0.724,112.9538,,,,,,,,,,,,0.762,0.804,0.564,0.619,0
157.04,-0.1866,0.0127,106.1214,4.222,0.724,112.9538,,,,,,,,,,,,0.762,0.804,0.564,0.619,0
157.06,4.0776,-0.0469,105.0255,5.8544,0.3696,112.9537,,,,,,,,,,,,0.762,0.804,0.564,0.619,0
157.08,4.0776,-0.0469,105.0255,5.8544,0.3696,112.9537,,,,,,,,,,,,0.78,0.788,0.461,0.698,0
157.1,4.0776,-0.0469,105.0255,5.8544,0.3696,112.9537,,,,,,,,,,,,0.78,0.788,0.461,0.698,0
157.12,4.0776,-0.0469,105.0255,5.8544,0.3696,112.9537,,,,,,,,,,,,0.78,0.788,0.461,0.698,0
157.14,4.0776,-0.0469,105.0255,5.8544,0.3696,112.9537,,,,,,,,,,,,0.78,0.788,0.461,0.698,0
157.16,7.2292,1.1276,104.847,5.6818,0.1887,112.9538,,,,,,,,,,,,0.78,0.788,0.461,0.698,0
157.18,7.2292,1.1276,104.847,5.6818,0.1887,112.9538,,,,,,,,,,,,0.596,0.787,0.441,0.52,0
157.2,7.2292,1.1276,104.847,5.6818,0.1887,112.9538,,,,,,,,,,,,0.596,0.787,0.441,0.52,0
157.22,7.2292,1.1276,104.847,5.6818,0.1887,112.9538,,,,,,,,,,,,0.596,0.787,0.441,0.52,0
157.24,7.2292,1.1276,104.847,5.6818,0.1887,112.9538,,,,,,,,,,,,0.596,0.787,0.441,0.52,0
157.26,7.905,0.9341,105.2282,4.5852,0.0963,112.9538,,,,,,,,,,,,0.596,0.787,0.441,0.52,0
157.28,7.905,0.9341,105.2282,4.5852,0.0963,112.9538,,,,,,,,,,,,0.607,0.771,0.489,0.49,0
157.3,7.905,0.9341,105.2282,4.5852,0.0963,112.9538,,,,,,,,,,,,0.607,0.771,0.489,0.49,0
157.32,7.905,0.9341,105.2282,4.5852,0.0963,112.9538,,,,,,,,,,,,0.607,0.771,0.489,0.49,0
157.34,7.905,0.9341,105.2282,4.5852,0.0963,112.9538,,,,,,,,,,,,0.607,0.771,0.489,0.49,0
157.36,3.9701,-0.7012,106.0554,2.8921,0.1519,112.9538,,,,,,,,,,,,0.607,0.771,0.489,0.49,0
157.38,3.9701,-0.7012,106.0554,2.8921,0.1519,112.9538,,,,,,,,,,,,0.583,0.858,0.653,0.454,0
157.4,3.9701,-0.7012,106.0554,2.8921,0.1519,112.9538,,,,,,,,,,,,0.583,0.858,0.653,0.454,0
157.42,3.9701,-0.7012,106.0554,2.8921,0.1519,112.9538,,,,,,,,,,,,0.583,0.858,0.653,0.454,0
157.44,3.9701,-0.7012,106.0554,2.8921,0.1519,112.9538,,,,,,,,,,,,0.583,0.858,0.653,0.454,0
157.46,-0.9335,-1.9099,107.0956,1.4823,0.4176,112.9537,,,,,,,,,,,,0.583,0.858,0.653,0.454,0
157.48,-0.9335,-1.9099,107.0956,1.4823,0.4176,112.9537,,,,,,,,,,,,0.676,0.83,0.628,0.589,0
157.5,-0.9335,-1.9099,107.0956,1.4823,0.4176,112.9537,,,,,,,,,,,,0.676,0.83,0.628,0.589,0
157.52,-0.9335,-1.9099,107.0956,1.4823,0.4176,112.9537,,,,,,,,,,,,0.676,0.83,0.628,0.589,0
157.54,-0.9335,-1.9099,107.0956,1.4823,0.4176,112.9537,,,,,,,,,,,,0.676,0.83,0.628,0.589,0
157.56,-3.168,-0.7673,108.1734,0.7568,0.5341,112.9536,,,,,,,,,,,,0.676,0.83,0.628,0.589,0
157.58,-3.168,-0.7673,108.1734,0.7568,0.5341,112.9536,,,,,,,,,,,,0.721,0.787,0.545,0.688,0
157.6,-3.168,-0.7673,108.1734,0.7568,0.5341,112.9536,,,,,,,,,,,,0.721,0.787,0.545,0.688,0
157.62,-3.168,-0.7673,108.1734,0.7568,0.5341,112.9536,,,,,,,,,,,,0.721,0.787,0.545,0.688,0
157.64,-3.168,-0.7673,108.1734,0.7568,0.5341,112.9536,,,,,,,,,,,,0.721,0.787,0.545,0.688,0
157.66,-2.0019,1.3296,109.0959,0.4438,0.3243,112.9537,,,,,,,,,,,,0.721,0.787,0.545,0.688,0
157.68,-2.0019,1.3296,109.0959,0.4438,0.3243,112.9537,,,,,,,,,,,,0.72,0.778,0.517,0.72,0
157.7,-2.0019,1.3296,109.0959,0.4438,0.3243,112.9537,,,,,,,,,,,,0.72,0.778,0.517,0.72,0
157.72,-2.0019,1.3296,109.0959,0.4438,0.3243,112.9537,,,,,,,,,,,,0.72,0.778,0.517,0.72,0
157.74,-2.0019,1.3296,109.0959,0.4438,0.3243,112.9537,,,,,,,,,,,,0.72,0.778,0.517,0.72,0
157.76,0.5043,2.3104,109.6649,2.0512,0.1656,112.9536,,,,,,,,,,,,0.72,0.778,0.517,0.72,0
157.78,0.5043,2.3104,109.6649,2.0512,0.1656,112.9536,,,,,,,,,,,,0.681,0.806,0.586,0.665,0
157.8,0.5043,2.3104,109.6649,2.0512,0.1656,112.9536,,,,,,,,,,,,0.681,0.806,0.586,0.665,0
157.82,0.5043,2.3104,109.6649,2.0512,0.1656,112.9536,,,,,,,,,,,,0.681,0.806,0.586,0.665,0
157.84,0.5043,2.3104,109.6649,2.0512,0.1656,112.9536,,,,,,,,,,,,0.681,0.806,0.586,0.665,0
157.86,2.8724,1.9518,110.0509,4.1953,0.0845,112.9535,,,,,,,,,,,,0.681,0.806,0.586,0.665,0
157.88,2.8724,1.9518,110.0509,4.1953,0.0845,112.9535,,,,,,,,,,,,0.663,0.821,0.616,0.639,0
157.9,2.8724,1.9518,110.0509,4.1953,0.0845,112.9535,,,,,,,,,,,,0.663,0.821,0.616,0.639,0
157.92,2.8724,1.9518,110.0509,4.1953,0.0845,112.9535,,,,,,,,,,,,0.663,0.821,0.616,0.639,0
157.94,2.8724,1.9518,110.0509,4.1953,0.0845,112.9535,,,,,,,,,,,,0.663,0.821,0.616,0.639,0
157.96,5.7127,0.7473,110.2283,6.0372,0.0432,112.9535,,,,,,,,,,,,0.663,0.821,0.616,0.639,0
157.98,5.7127,0.7473,110.2283,6.0372,0.0432,112.9535,,,,,,,,,,,,0.747,0.745,0.565,0.69,0
158.0,5.7127,0.7473,110.2283,6.0372,0.0432,112.9535,,,,,,,,,,,,0.747,0.745,0.565,0.69,0
158.02,5.7127,0.7473,110.2283,6.0372,0.0432,112.9535,,,,,,,,,,,,0.747,0.745,0.565,0.69,0
158.04,5.7127,0.7473,110.2283,6.0372,0.0432,112.9535,,,,,,,,,,,,0.747,0.745,0.565,0.69,0
158.06,8.3684,0.26,110.8522,6.6426,0.022,112.9535,,,,,,,,,,,,0.747,0.745,0.565,0.69,0
158.08,8.3684,0.26,110.8522,6.6426,0.022,112.9535,,,,,,,,,,,,0.73,0.761,0.534,0.728,0
158.1,8.3684,0.26,110.8522,6.6426,0.022,112.9535,,,,,,,,,,,,0.73,0.761,0.534,0.728,0
158.12,8.3684,0.26,110.8522,6.6426,0.022,112.9535,,,,,,,,,,,,0.73,0.761,0.534,0.728,0
158.14,8.3684,0.26,110.8522,6.6426,0.022,112.9535,,,,,,,,,,,,0.73,0.761,0.534,0.728,0
158.16,11.1654,0.5372,111.8588,4.5451,0.0113,112.9536,,,,,,,,,,,,0.73,0.761,0.534,0.728,0
158.18,11.1654,0.5372,111.8588,4.5451,0.0113,112.9536,,,,,,,,,,,,0.751,0.733,0.531,0.748,0
158.2,11.1654,0.5372,111.8588,4.5451,0.0113,112.9536,,,,,,,,,,,,0.751,0.733,0.531,0.748,0
158.22,11.1654,0.5372,111.8588,4.5451,0.0113,112.9536,,,,,,,,,,,,0.751,0.733,0.531,0.748,0
158.24,11.1654,0.5372,111.8588,4.5451,0.0113,112.9536,,,,,,,,,,,,0.751,0.733,0.531,0.748,0
158.26,8.1886,-0.5083,112.144,2.1276,0.0057,112.9536,,,,,,,,,,,,0.751,0.733,0.531,0.748,0
158.28,8.1886,-0.5083,112.144,2.1276,0.0057,112.9536,,,,,,,,,,,,0.72,0.753,0.61,0.675,0
158.3,8.1886,-0.5083,112.144,2.1276,0.0057,112.9536,,,,,,,,,,,,0.72,0.753,0.61,0.675,0
158.32,8.1886,-0.5083,112.144,2.1276,0.0057,112.9536,,,,,,,,,,,,0.72,0.753,0.61,0.675,0
158.34,8.1886,-0.5083,112.144,2.1276,0.0057,112.9536,,,,,,,,,,,,0.72,0.753,0.61,0.675,0
158.36,-0.947,-1.4584,112.0701,-1.6248,0.0029,112.9536,,,,,,,,,,,,0.72,0.753,0.61,0.675,0
158.38,-0.947,-1.4584,112.0701,-1.6248,0.0029,112.9536,,,,,,,,,,,,0.657,0.811,0.643,0.626,0
158.4,-0.947,-1.4584,112.0701,-1.6248,0.0029,112.9536,,,,,,,,,,,,0.657,0.811,0.643,0.626,0
158.42,-0.947,-1.4584,112.0701,-1.6248,0.0029,112.9536,,,,,,,,,,,,0.657,0.811,0.643,0.626,0
158.44,-0.947,-1.4584,112.0701,-1.6248,0.0029,112.9536,,,,,,,,,,,,0.657,0.811,0.643,0.626,0
158.46,-10.9701,-1.156,112.0594,-5.3539,0.0015,112.9536,,,,,,,,,,,,0.657,0.811,0.643,0.626,0
158.48,-10.9701,-1.156,112.0594,-5.3539,0.0015,112.9536,,,,,,,,,,,,0.598,0.873,0.702,0.563,0
158.5,-10.9701,-1.156,112.0594,-5.3539,0.0015,112.9536,,,,,,,,,,,,0.598,0.873,0.702,0.563,0
158.52,-10.9701,-1.156,112.0594,-5.3539,0.0015,112.9536,,,,,,,,,,,,0.598,0.873,0.702,0.563,0
158.54,-10.9701,-1.156,112.0594,-5.3539,0.0015,112.9536,,,,,,,,,,,,0.598,0.873,0.702,0.563,0
158.56,-6.184,4.7474,110.1856,-7.2955,0.0008,112.9537,,,,,,,,,,,,0.598,0.873,0.702,0.563,0
158.58,-6.184,4.7474,110.1856,-7.2955,0.0008,112.9537,,,,,,,,,,,,0.779,0.728,0.434,0.771,0
158.6,-6.184,4.7474,110.1856,-7.2955,0.0008,112.9537,,,,,,,,,,,,0.779,0.728,0.434,0.771,0
158.62,-6.184,4.7474,110.1856,-7.2955,0.0008,112.9537,,,,,,,,,,,,0.779,0.728,0.434,0.771,0
158.64,-6.184,4.7474,110.1856,-7.2955,0.0008,112.9537,,,,,,,,,,,,0.779,0.728,0.434,0.771,0
158.66,-0.5829,5.4885,108.7991,-6.8571,0.0004,112.8903,,,,,,,,,,,,0.779,0.728,0.434,0.771,0
158.68,-0.5829,5.4885,108.7991,-6.8571,0.0004,112.8903,,,,,,,,,,,,0.8,0.727,0.491,0.705,0
158.7,-0.5829,5.4885,108.7991,-6.8571,0.0004,112.8903,,,,,,,,,,,,0.8,0.727,0.491,0.705,0
158.72,-0.5829,5.4885,108.7991,-6.8571,0.0004,112.8903,,,,,,,,,,,,0.8,0.727,0.491,0.705,0
158.74,-0.5829,5.4885,108.7991,-6.8571,0.0004,112.8903,,,,,,,,,,,,0.8,0.727,0.491,0.705,0
158.76,1.0864,-0.1056,107.3449,-5.4031,0.0003,112.6983,,,,,,,,,,,,0.8,0.727,0.491,0.705,0
158.78,1.0864,-0.1056,107.3449,-5.4031,0.0003,112.6983,,,,,,,,,,,,0.794,0.748,0.635,0.551,0
158.8,1.0864,-0.1056,107.3449,-5.4031,0.0003,112.6983,,,,,,,,,,,,0.794,0.748,0.635,0.551,0
158.82,1.0864,-0.1056,107.3449,-5.4031,0.0003,112.6983,,,,,,,,,,,,0.794,0.748,0.635,0.551,0
158.84,1.0864,-0.1056,107.3449,-5.4031,0.0003,112.6983,,,,,,,,,,,,0.794,0.748,0.635,0.551,0
158.86,-3.425,-4.5594,106.5609,-4.1994,0.0002,112.3007,,,,,,,,,,,,0.794,0.748,0.635,0.551,0
158.88,-3.425,-4.5594,106.5609,-4.1994,0.0002,112.3007,,,,,,,,,,,,0.679,0.852,0.676,0.504,0
158.9,-3.425,-4.5594,106.5609,-4.1994,0.0002,112.3007,,,,,,,,,,,,0.679,0.852,0.676,0.504,0
158.92,-3.425,-4.5594,106.5609,-4.1994,0.0002,112.3007,,,,,,,,,,,,0.679,0.852,0.676,0.504,0
158.94,-3.425,-4.5594,106.5609,-4.1994,0.0002,112.3007,,,,,,,,,,,,0.679,0.852,0.676,0.504,0
158.96,-7.1582,-3.3906,106.6837,-4.6265,0.0001,111.7578,,,,,,,,,,,,0.679,0.852,0.676,0.504,0
158.98,-7.1582,-3.3906,106.6837,-4.6265,0.0001,111.7578,,,,,,,,,,,,0.634,0.841,0.549,0.626,0
159.0,-7.1582,-3.3906,106.6837,-4.6265,0.0001,111.7578,,,,,,,,,,,,0.634,0.841,0.549,0.626,0
159.02,-7.1582,-3.3906,106.6837,-4.6265,0.0001,111.7578,,,,,,,,,,,,0.634,0.841,0.549,0.626,0
159.04,-7.1582,-3.3906,106.6837,-4.6265,0.0001,111.7578,,,,,,,,,,,,0.634,0.841,0.549,0.626,0
159.06,-7.5666,0.6454,107.0701,-4.3425,0.0001,110.9295,,,,,,,,,,,,0.634,0.841,0.549,0.626,0
159.08,-7.5666,0.6454,107.0701,-4.3425,0.0001,110.9295,,,,,,,,,,,,0.591,0.847,0.563,0.646,0
159.1,-7.5666,0.6454,107.0701,-4.3425,0.0001,110.9295,,,,,,,,,,,,0.591,0.847,0.563,0.646,0
159.12,-7.5666,0.6454,107.0701,-4.3425,0.0001,110.9295,,,,,,,,,,,,0.591,0.847,0.563,0.646,0
159.14,-7.5666,0.6454,107.0701,-4.3425,0.0001,110.9295,,,,,,,,,,,,0.591,0.847,0.563,0.646,0
159.16,-5.3712,2.7538,107.4564,-3.4981,0.0002,109.6554,,,,,,,,,,,,0.591,0.847,0.563,0.646,0
159.18,-5.3712,2.7538,107.4564,-3.4981,0.0002,109.6554,,,,,,,,,,,,0.654,0.779,0.532,0.693,0
159.2,-5.3712,2.7538,107.4564,-3.4981,0.0002,109.6554,,,,,,,,,,,,0.654,0.779,0.532,0.693,0
159.22,-5.3712,2.7538,107.4564,-3.4981,0.0002,109.6554,,,,,,,,,,,,0.654,0.779,0.532,0.693,0
159.24,-5.3712,2.7538,107.4564,-3.4981,0.0002,109.6554,,,,,,,,,,,,0.654,0.779,0.532,0.693,0
159.26,-3.8077,2.9959,107.4436,-2.2522,0.4865,108.9346,,,,,,,,,,,,0.654,0.779,0.532,0.693,0
159.28,-3.8077,2.9959,107.4436,-2.2522,0.4865,108.9346,,,,,,,,,,,,0.657,0.789,0.578,0.655,0
159.3,-3.8077,2.9959,107.4436,-2.2522,0.4865,108.9346,,,,,,,,,,,,0.657,0.789,0.578,0.655,0
159.32,-3.8077,2.9959,107.4436,-2.2522,0.4865,108.9346,,,,,,,,,,,,0.657,0.789,0.578,0.655,0
159.34,-3.8077,2.9959,107.4436,-2.2522,0.4865,108.9346,,,,,,,,,,,,0.657,0.789,0.578,0.655,0
159.36,-1.5126,4.0524,107.1223,-1.1499,2.438,108.7919,,,,,,,,,,,,0.657,0.789,0.578,0.655,0
159.38,-1.5126,4.0524,107.1223,-1.1499,2.438,108.7919,,,,,,,,,,,,0.653,0.81,0.548,0.668,0
159.4,-1.5126,4.0524,107.1223,-1.1499,2.438,108.7919,,,,,,,,,,,,0.653,0.81,0.548,0.668,0
159.42,-1.5126,4.0524,107.1223,-1.1499,2.438,108.7919,,,,,,,,,,,,0.653,0.81,0.548,0.668,0
159.44,-1.5126,4.0524,107.1223,-1.1499,2.438,108.7919,,,,,,,,,,,,0.653,0.81,0.548,0.668,0
159.46,0.4778,6.4957,106.7654,-0.5871,4.0669,108.6405,,,,,,,,,,,,0.653,0.81,0.548,0.668,0
159.48,0.4778,6.4957,106.7654,-0.5871,4.0669,108.6405,,,,,,,,,,,,0.647,0.795,0.533,0.651,0
159.5,0.4778,6.4957,106.7654,-0.5871,4.0669,108.6405,,,,,,,,,,,,0.647,0.795,0.533,0.651,0
159.52,0.4778,6.4957,106.7654,-0.5871,4.0669,108.6405,,,,,,,,,,,,0.647,0.795,0.533,0.651,0
159.54,0.4778,6.4957,106.7654,-0.5871,4.0669,108.6405,,,,,,,,,,,,0.647,0.795,0.533,0.651,0
159.56,0.0531,8.7721,106.5178,-0.299,6.1853,107.8448,,,,,,,,,,,,0.647,0.795,0.533,0.651,0
159.58,0.0531,8.7721,106.5178,-0.299,6.1853,107.8448,,,,,,,,,,,,0.608,0.811,0.585,0.615,0
159.6,0.0531,8.7721,106.5178,-0.299,6.1853,107.8448,,,,,,,,,,,,0.608,0.811,0.585,0.615,0
159.62,0.0531,8.7721,106.5178,-0.299,6.1853,107.8448,,,,,,,,,,,,0.608,0.811,0.585,0.615,0
159.64,0.0531,8.7721,106.5178,-0.299,6.1853,107.8448,,,,,,,,,,,,0.608,0.811,0.585,0.615,0
159.66,-0.6962,10.4891,106.2731,-0.0903,8.1563,107.0726,,,,,,,,,,,,0.608,0.811,0.585,0.615,0
159.68,-0.6962,10.4891,106.2731,-0.0903,8.1563,107.0726,,,,,,,,,,,,0.65,0.776,0.531,0.674,0
159.7,-0.6962,10.4891,106.2731,-0.0903,8.1563,107.0726,,,,,,,,,,,,0.65,0.776,0.531,0.674,0
159.72,-0.6962,10.4891,106.2731,-0.0903,8.1563,107.0726,,,,,,,,,,,,0.65,0.776,0.531,0.674,0
159.74,-0.6962,10.4891,106.2731,-0.0903,8.1563,107.0726,,,,,,,,,,,,0.65,0.776,0.531,0.674,0
159.76,0.0777,11.877,106.1288,-0.0097,8.7759,106.3147,,,,,,,,,,,,0.65,0.776,0.531,0.674,0
159.78,0.0777,11.877,106.1288,-0.0097,8.7759,106.3147,,,,,,,,,,,,0.671,0.757,0.472,0.729,0
159.8,0.0777,11.877,106.1288,-0.0097,8.7759,106.3147,,,,,,,,,,,,0.671,0.757,0.472,0.729,0
159.82,0.0777,11.877,106.1288,-0.0097,8.7759,106.3147,,,,,,,,,,,,0.671,0.757,0.472,0.729,0
159.84,0.0777,11.877,106.1288,-0.0097,8.7759,106.3147,,,,,,,,,,,,0.671,0.757,0.472,0.729,0
159.86,1.4828,11.555,105.8842,-0.0048,8.2234,105.1186,,,,,,,,,,,,0.671,0.757,0.472,0.729,0
159.88,1.4828,11.555,105.8842,-0.0048,8.2234,105.1186,,,,,,,,,,,,0.601,0.721,0.515,0.619,0
159.9,1.4828,11.555,105.8842,-0.0048,8.2234,105.1186,,,,,,,,,,,,0.601,0.721,0.515,0.619,0
159.92,1.4828,11.555,105.8842,-0.0048,8.2234,105.1186,,,,,,,,,,,,0.601,0.721,0.515,0.619,0
159.94,1.4828,11.555,105.8842,-0.0048,8.2234,105.1186,,,,,,,,,,,,0.601,0.721,0.515,0.619,0
159.96,2.6173,9.2684,105.24,-0.0023,7.8092,103.1251,,,,,,,,,,,,0.601,0.721,0.515,0.619,0
159.98,2.6173,9.2684,105.24,-0.0023,7.8092,103.1251,,,,,,,,,,,,0.607,0.679,0.504,0.633,0
160.0,2.6173,9.2684,105.24,-0.0023,7.8092,103.1251,,,,,,,,,,,,0.607,0.679,0.504,0.633,0
160.02,2.6173,9.2684,105.24,-0.0023,7.8092,103.1251,,,,,,,,,,,,0.607,0.679,0.504,0.633,0
160.04,2.6173,9.2684,105.24,-0.0023,7.8092,103.1251,,,,,,,,,,,,0.607,0.679,0.504,0.633,0
160.06,2.8651,6.7174,104.2777,0.0689,8.8493,101.8601,,,,,,,,,,,,0.607,0.679,0.504,0.633,0
160.08,2.8651,6.7174,104.2777,0.0689,8.8493,101.8601,,,,,,,,,,,,0.625,0.667,0.557,0.579,0
160.1,2.8651,6.7174,104.2777,0.0689,8.8493,101.8601,,,,,,,,,,,,0.625,0.667,0.557,0.579,0
160.12,2.8651,6.7174,104.2777,0.0689,8.8493,101.8601,,,,,,,,,,,,0.625,0.667,0.557,0.579,0
160.14,2.8651,6.7174,104.2777,0.0689,8.8493,101.8601,,,,,,,,,,,,0.625,0.667,0.557,0.579,0
160.16,1.6017,6.0272,103.3842,0.1307,10.3977,101.053,,,,,,,,,,,,0.625,0.667,0.557,0.579,0
160.18,1.6017,6.0272,103.3842,0.1307,10.3977,101.053,,,,,,,,,,,,0.606,0.694,0.547,0.58,0
160.2,1.6017,6.0272,103.3842,0.1307,10.3977,101.053,,,,,,,,,,,,0.606,0.694,0.547,0.58,0
160.22,1.6017,6.0272,103.3842,0.1307,10.3977,101.053,,,,,,,,,,,,0.606,0.694,0.547,0.58,0
160.24,1.6017,6.0272,103.3842,0.1307,10.3977,101.053,,,,,,,,,,,,0.606,0.694,0.547,0.58,0
160.26,2.1518,8.0022,102.6054,0.07,11.5153,100.8559,,,,,,,,,,,,0.606,0.694,0.547,0.58,0
160.28,2.1518,8.0022,102.6054,0.07,11.5153,100.8559,,,,,,,,,,,,0.578,0.749,0.521,0.606,0
160.3,2.1518,8.0022,102.6054,0.07,11.5153,100.8559,,,,,,,,,,,,0.578,0.749,0.521,0.606,0
160.32,2.1518,8.0022,102.6054,0.07,11.5153,100.8559,,,,,,,,,,,,0.578,0.749,0.521,0.606,0
160.34,2.1518,8.0022,102.6054,0.07,11.5153,100.8559,,,,,,,,,,,,0.578,0.749,0.521,0.606,0
160.36,2.5417,10.6436,102.0991,0.0358,12.7762,100.8559,,,,,,,,,,,,0.578,0.749,0.521,0.606,0
160.38,2.5417,10.6436,102.0991,0.0358,12.7762,100.8559,,,,,,,,,,,,0.608,0.735,0.489,0.629,0
160.4,2.5417,10.6436,102.0991,0.0358,12.7762,100.8559,,,,,,,,,,,,0.608,0.735,0.489,0.629,0
160.42,2.5417,10.6436,102.0991,0.0358,12.7762,100.8559,,,,,,,,,,,,0.608,0.735,0.489,0.629,0
160.44,2.5417,10.6436,102.0991,0.0358,12.7762,100.8559,,,,,,,,,,,,0.608,0.735,0.489,0.629,0
160.46,1.3463,13.1036,101.933,0.0713,13.4963,100.8559,,,,,,,,,,,,0.608,0.735,0.489,0.629,0
160.48,1.3463,13.1036,101.933,0.0713,13.4963,100.8559,,,,,,,,,,,,0.561,0.776,0.522,0.608,0
160.5,1.3463,13.1036,101.933,0.0713,13.4963,100.8559,,,,,,,,,,,,0.561,0.776,0.522,0.608,0
160.52,1.3463,13.1036,101.933,0.0713,13.4963,100.8559,,,,,,,,,,,,0.561,0.776,0.522,0.608,0
160.54,1.3463,13.1036,101.933,0.0713,13.4963,100.8559,,,,,,,,,,,,0.561,0.776,0.522,0.608,0
160.56,-0.4602,14.4415,101.8923,0.0956,11.9489,100.8559,,,,,,,,,,,,0.561,0.776,0.522,0.608,0
160.58,-0.4602,14.4415,101.8923,0.0956,11.9489,100.8559,,,,,,,,,,,,0.555,0.783,0.464,0.658,0
160.6,-0.4602,14.4415,101.8923,0.0956,11.9489,100.8559,,,,,,,,,,,,0.555,0.783,0.464,0.658,0
160.62,-0.4602,14.4415,101.8923,0.0956,11.9489,100.8559,,,,,,,,,,,,0.555,0.783,0.464,0.658,0
160.64,-0.4602,14.4415,101.8923,0.0956,11.9489,100.8559,,,,,,,,,,,,0.555,0.783,0.464,0.658,0
160.66,-1.049,11.3693,101.5085,0.0488,8.6868,100.8559,,,,,,,,,,,,0.555,0.783,0.464,0.658,0
160.68,-1.049,11.3693,101.5085,0.0488,8.6868,100.8559,,,,,,,,,,,,0.659,0.815,0.631,0.64,0
160.7,-1.049,11.3693,101.5085,0.0488,8.6868,100.8559,,,,,,,,,,,,0.659,0.815,0.631,0.64,0
160.72,-1.049,11.3693,101.5085,0.0488,8.6868,100.8559,,,,,,,,,,,,0.659,0.815,0.631,0.64,0
160.74,-1.049,11.3693,101.5085,0.0488,8.6868,100.8559,,,,,,,,,,,,0.659,0.815,0.631,0.64,0
160.76,-0.2176,4.8436,100.8733,0.0249,5.2657,100.8559,,,,,,,,,,,,0.659,0.815,0.631,0.64,0
160.78,-0.2176,4.8436,100.8733,0.0249,5.2657,100.8559,,,,,,,,,,,,0.738,0.751,0.607,0.647,0
160.8,-0.2176,4.8436,100.8733,0.0249,5.2657,100.8559,,,,,,,,,,,,0.738,0.751,0.607,0.647,0
160.82,-0.2176,4.8436,100.8733,0.0249,5.2657,100.8559,,,,,,,,,,,,0.738,0.751,0.607,0.647,0
160.84,-0.2176,4.8436,100.8733,0.0249,5.2657,100.8559,,,,,,,,,,,,0.738,0.751,0.607,0.647,0
160.86,0.7852,-2.3516,99.8914,0.0127,3.7166,100.8559,,,,,,,,,,,,0.738,0.751,0.607,0.647,0
160.88,0.7852,-2.3516,99.8914,0.0127,3.7166,100.8559,,,,,,,,,,,,0.785,0.711,0.627,0.61,0
160.9,0.7852,-2.3516,99.8914,0.0127,3.7166,100.8559,,,,,,,,,,,,0.785,0.711,0.627,0.61,0
160.92,0.7852,-2.3516,99.8914,0.0127,3.7166,100.8559,,,,,,,,,,,,0.785,0.711,0.627,0.61,0
160.94,0.7852,-2.3516,99.8914,0.0127,3.7166,100.8559,,,,,,,,,,,,0.785,0.711,0.627,0.61,0
160.96,13.839,3.9188,100.2906,0.0065,3.1652,100.8559,,,,,,,,,,,,0.785,0.711,0.627,0.61,0
160.98,13.839,3.9188,100.2906,0.0065,3.1652,100.8559,,,,,,,,,,,,0.794,0.711,0.15,0.903,0
161.0,13.839,3.9188,100.2906,0.0065,3.1652,100.8559,,,,,,,,,,,,0.794,0.711,0.15,0.903,0
161.02,13.839,3.9188,100.2906,0.0065,3.1652,100.8559,,,,,,,,,,,,0.794,0.711,0.15,0.903,0
161.04,13.839,3.9188,100.2906,0.0065,3.1652,100.8559,,,,,,,,,,,,0.794,0.711,0.15,0.903,0
161.06,20.5182,8.9856,101.7906,0.0033,2.8807,100.8558,,,,,,,,,,,,0.794,0.711,0.15,0.903,0
161.08,20.5182,8.9856,101.7906,0.0033,2.8807,100.8558,,,,,,,,,,,,0.721,0.814,0.452,0.807,0
161.1,20.5182,8.9856,101.7906,0.0033,2.8807,100.8558,,,,,,,,,,,,0.721,0.814,0.452,0.807,0
161.12,20.5182,8.9856,101.7906,0.0033,2.8807,100.8558,,,,,,,,,,,,0.721,0.814,0.452,0.807,0
161.14,20.5182,8.9856,101.7906,0.0033,2.8807,100.8558,,,,,,,,,,,,0.721,0.814,0.452,0.807,0
161.16,11.1928,7.9249,101.2444,0.0017,2.713,100.8558,,,,,,,,,,,,0.721,0.814,0.452,0.807,0
161.18,11.1928,7.9249,101.2444,0.0017,2.713,100.8558,,,,,,,,,,,,0.575,0.893,0.727,0.522,0
161.2,11.1928,7.9249,101.2444,0.0017,2.713,100.8558,,,,,,,,,,,,0.575,0.893,0.727,0.522,0
161.22,11.1928,7.9249,101.2444,0.0017,2.713,100.8558,,,,,,,,,,,,0.575,0.893,0.727,0.522,0
161.24,11.1928,7.9249,101.2444,0.0017,2.713,100.8558,,,,,,,,,,,,0.575,0.893,0.727,0.522,0
161.26,-6.8321,1.8342,100.1201,0.0009,2.0217,100.8558,,,,,,,,,,,,0.575,0.893,0.727,0.522,0
161.28,-6.8321,1.8342,100.1201,0.0009,2.0217,100.8558,,,,,,,,,,,,0.458,0.945,0.826,0.268,0
161.3,-6.8321,1.8342,100.1201,0.0009,2.0217,100.8558,,,,,,,,,,,,0.458,0.945,0.826,0.268,0
161.32,-6.8321,1.8342,100.1201,0.0009,2.0217,100.8558,,,,,,,,,,,,0.458,0.945,0.826,0.268,0
161.34,-6.8321,1.8342,100.1201,0.0009,2.0217,100.8558,,,,,,,,,,,,0.458,0.945,0.826,0.268,0
161.36,-17.4853,-4.737,100.5711,-0.6305,1.5904,100.7637,,,,,,,,,,,,0.458,0.945,0.826,0.268,0
161.38,-17.4853,-4.737,100.5711,-0.6305,1.5904,100.7637,,,,,,,,,,,,0.654,0.85,0.75,0.456,0
161.4,-17.4853,-4.737,100.5711,-0.6305,1.5904,100.7637,,,,,,,,,,,,0.654,0.85,0.75,0.456,0
161.42,-17.4853,-4.737,100.5711,-0.6305,1.5904,100.7637,,,,,,,,,,,,0.654,0.85,0.75,0.456,0
161.44,-17.4853,-4.737,100.5711,-0.6305,1.5904,100.7637,,,,,,,,,,,,0.654,0.85,0.75,0.456,0
161.46,-15.1873,-5.9127,100.687,-0.9013,1.8162,100.5624,,,,,,,,,,,,0.654,0.85,0.75,0.456,0
161.48,-15.1873,-5.9127,100.687,-0.9013,1.8162,100.5624,,,,,,,,,,,,0.733,0.767,0.579,0.663,0
161.5,-15.1873,-5.9127,100.687,-0.9013,1.8162,100.5624,,,,,,,,,,,,0.733,0.767,0.579,0.663,0
161.52,-15.1873,-5.9127,100.687,-0.9013,1.8162,100.5624,,,,,,,,,,,,0.733,0.767,0.579,0.663,0
161.54,-15.1873,-5.9127,100.687,-0.9013,1.8162,100.5624,,,,,,,,,,,,0.733,0.767,0.579,0.663,0
161.56,-3.7757,-2.8207,100.2714,-0.4601,3.0845,100.5416,,,,,,,,,,,,0.733,0.767,0.579,0.663,0
161.58,-3.7757,-2.8207,100.2714,-0.4601,3.0845,100.5416,,,,,,,,,,,,0.779,0.69,0.456,0.743,0
161.6,-3.7757,-2.8207,100.2714,-0.4601,3.0845,100.5416,,,,,,,,,,,,0.779,0.69,0.456,0.743,0
161.62,-3.7757,-2.8207,100.2714,-0.4601,3.0845,100.5416,,,,,,,,,,,,0.779,0.69,0.456,0.743,0
161.64,-3.7757,-2.8207,100.2714,-0.4601,3.0845,100.5416,,,,,,,,,,,,0.779,0.69,0.456,0.743,0
161.66,5.5203,2.0792,100.3728,-0.2349,4.5652,100.5417,,,,,,,,,,,,0.779,0.69,0.456,0.743,0
161.68,5.5203,2.0792,100.3728,-0.2349,4.5652,100.5417,,,,,,,,,,,,0.729,0.735,0.484,0.732,0
161.7,5.5203,2.0792,100.3728,-0.2349,4.5652,100.5417,,,,,,,,,,,,0.729,0.735,0.484,0.732,0
161.72,5.5203,2.0792,100.3728,-0.2349,4.5652,100.5417,,,,,,,,,,,,0.729,0.735,0.484,0.732,0
161.74,5.5203,2.0792,100.3728,-0.2349,4.5652,100.5417,,,,,,,,,,,,0.729,0.735,0.484,0.732,0
161.76,6.2906,4.4896,100.3137,-0.1199,5.3951,100.5417,,,,,,,,,,,,0.729,0.735,0.484,0.732,0
161.78,6.2906,4.4896,100.3137,-0.1199,5.3951,100.5417,,,,,,,,,,,,0.625,0.83,0.63,0.607,0
161.8,6.2906,4.4896,100.3137,-0.1199,5.3951,100.5417,,,,,,,,,,,,0.625,0.83,0.63,0.607,0
161.82,6.2906,4.4896,100.3137,-0.1199,5.3951,100.5417,,,,,,,,,,,,0.625,0.83,0.63,0.607,0
161.84,6.2906,4.4896,100.3137,-0.1199,5.3951,100.5417,,,,,,,,,,,,0.625,0.83,0.63,0.607,0
161.86,-0.4421,4.7285,99.6709,-0.0612,6.0133,100.5417,,,,,,,,,,,,0.625,0.83,0.63,0.607,0
161.88,-0.4421,4.7285,99.6709,-0.0612,6.0133,100.5417,,,,,,,,,,,,0.615,0.844,0.668,0.546,0
161.9,-0.4421,4.7285,99.6709,-0.0612,6.0133,100.5417,,,,,,,,,,,,0.615,0.844,0.668,0.546,0
161.92,-0.4421,4.7285,99.6709,-0.0612,6.0133,100.5417,,,,,,,,,,,,0.615,0.844,0.668,0.546,0
161.94,-0.4421,4.7285,99.6709,-0.0612,6.0133,100.5417,,,,,,,,,,,,0.615,0.844,0.668,0.546,0
161.96,-7.0718,4.8376,98.9068,-0.5835,6.2653,100.1693,,,,,,,,,,,,0.615,0.844,0.668,0.546,0
161.98,-7.0718,4.8376,98.9068,-0.5835,6.2653,100.1693,,,,,,,,,,,,0.651,0.82,0.61,0.61,0
162.0,-7.0718,4.8376,98.9068,-0.5835,6.2653,100.1693,,,,,,,,,,,,0.651,0.82,0.61,0.61,0
162.02,-7.0718,4.8376,98.9068,-0.5835,6.2653,100.1693,,,,,,,,,,,,0.651,0.82,0.61,0.61,0
162.04,-7.0718,4.8376,98.9068,-0.5835,6.2653,100.1693,,,,,,,,,,,,0.651,0.82,0.61,0.61,0
162.06,-9.4235,6.2077,98.1799,-1.0865,6.2814,98.5845,,,,,,,,,,,,0.651,0.82,0.61,0.61,0
162.08,-9.4235,6.2077,98.1799,-1.0865,6.2814,98.5845,,,,,,,,,,,,0.624,0.822,0.615,0.641,0
162.1,-9.4235,6.2077,98.1799,-1.0865,6.2814,98.5845,,,,,,,,,,,,0.624,0.822,0.615,0.641,0
162.12,-9.4235,6.2077,98.1799,-1.0865,6.2814,98.5845,,,,,,,,,,,,0.624,0.822,0.615,0.641,0
162.14,-9.4235,6.2077,98.1799,-1.0865,6.2814,98.5845,,,,,,,,,,,,0.624,0.822,0.615,0.641,0
162.16,-4.9534,6.5817,97.282,-1.0965,6.1974,96.776,,,,,,,,,,,,0.624,0.822,0.615,0.641,0
162.18,-4.9534,6.5817,97.282,-1.0965,6.1974,96.776,,,,,,,,,,,,0.717,0.725,0.546,0.711,0
162.2,-4.9534,6.5817,97.282,-1.0965,6.1974,96.776,,,,,,,,,,,,0.717,0.725,0.546,0.711,0
162.22,-4.9534,6.5817,97.282,-1.0965,6.1974,96.776,,,,,,,,,,,,0.717,0.725,0.546,0.711,0
162.24,-4.9534,6.5817,97.282,-1.0965,6.1974,96.776,,,,,,,,,,,,0.717,0.725,0.546,0.711,0
162.26,0.8389,5.4328,96.2537,-0.6643,6.4035,96.1988,,,,,,,,,,,,0.717,0.725,0.546,0.711,0
162.28,0.8389,5.4328,96.2537,-0.6643,6.4035,96.1988,,,,,,,,,,,,0.738,0.722,0.597,0.639,0
162.3,0.8389,5.4328,96.2537,-0.6643,6.4035,96.1988,,,,,,,,,,,,0.738,0.722,0.597,0.639,0
162.32,0.8389,5.4328,96.2537,-0.6643,6.4035,96.1988,,,,,,,,,,,,0.738,0.722,0.597,0.639,0
162.34,0.8389,5.4328,96.2537,-0.6643,6.4035,96.1988,,,,,,,,,,,,0.738,0.722,0.597,0.639,0
162.36,2.8142,3.752,95.0915,-0.3091,7.5901,96.1988,,,,,,,,,,,,0.738,0.722,0.597,0.639,0
162.38,2.8142,3.752,95.0915,-0.3091,7.5901,96.1988,,,,,,,,,,,,0.704,0.777,0.655,0.554,0
162.4,2.8142,3.752,95.0915,-0.3091,7.5901,96.1988,,,,,,,,,,,,0.704,0.777,0.655,0.554,0
162.42,2.8142,3.752,95.0915,-0.3091,7.5901,96.1988,,,,,,,,,,,,0.704,0.777,0.655,0.554,0
162.44,2.8142,3.752,95.0915,-0.3091,7.5901,96.1988,,,,,,,,,,,,0.704,0.777,0.655,0.554,0
162.46,0.5999,4.8626,94.3035,-0.1578,9.4457,96.1989,,,,,,,,,,,,0.704,0.777,0.655,0.554,0
162.48,0.5999,4.8626,94.3035,-0.1578,9.4457,96.1989,,,,,,,,,,,,0.668,0.817,0.595,0.61,0
162.5,0.5999,4.8626,94.3035,-0.1578,9.4457,96.1989,,,,,,,,,,,,0.668,0.817,0.595,0.61,0
162.52,0.5999,4.8626,94.3035,-0.1578,9.4457,96.1989,,,,,,,,,,,,0.668,0.817,0.595,0.61,0
162.54,0.5999,4.8626,94.3035,-0.1578,9.4457,96.1989,,,,,,,,,,,,0.668,0.817,0.595,0.61,0
162.56,-3.0382,8.7065,93.6802,-0.0806,10.5445,96.1989,,,,,,,,,,,,0.668,0.817,0.595,0.61,0
162.58,-3.0382,8.7065,93.6802,-0.0806,10.5445,96.1989,,,,,,,,,,,,0.6,0.879,0.609,0.597,0
162.6,-3.0382,8.7065,93.6802,-0.0806,10.5445,96.1989,,,,,,,,,,,,0.6,0.879,0.609,0.597,0
162.62,-3.0382,8.7065,93.6802,-0.0806,10.5445,96.1989,,,,,,,,,,,,0.6,0.879,0.609,0.597,0
162.64,-3.0382,8.7065,93.6802,-0.0806,10.5445,96.1989,,,,,,,,,,,,0.6,0.879,0.609,0.597,0
162.66,-4.2909,12.2568,92.9154,-0.0411,11.2265,96.1989,,,,,,,,,,,,0.6,0.879,0.609,0.597,0
162.68,-4.2909,12.2568,92.9154,-0.0411,11.2265,96.1989,,,,,,,,,,,,0.723,0.791,0.518,0.682,0
162.7,-4.2909,12.2568,92.9154,-0.0411,11.2265,96.1989,,,,,,,,,,,,0.723,0.791,0.518,0.682,0
162.72,-4.2909,12.2568,92.9154,-0.0411,11.2265,96.1989,,,,,,,,,,,,0.723,0.791,0.518,0.682,0
162.74,-4.2909,12.2568,92.9154,-0.0411,11.2265,96.1989,,,,,,,,,,,,0.723,0.791,0.518,0.682,0
162.76,-2.4884,12.8451,92.5292,0.075,11.2794,96.1989,,,,,,,,,,,,0.723,0.791,0.518,0.682,0
162.78,-2.4884,12.8451,92.5292,0.075,11.2794,96.1989,,,,,,,,,,,,0.745,0.771,0.526,0.675,0
162.8,-2.4884,12.8451,92.5292,0.075,11.2794,96.1989,,,,,,,,,,,,0.745,0.771,0.526,0.675,0
162.82,-2.4884,12.8451,92.5292,0.075,11.2794,96.1989,,,,,,,,,,,,0.745,0.771,0.526,0.675,0
162.84,-2.4884,12.8451,92.5292,0.075,11.2794,96.1989,,,,,,,,,,,,0.745,0.771,0.526,0.675,0
162.86,0.2063,10.0692,92.3236,0.0383,8.9899,96.1989,,,,,,,,,,,,0.745,0.771,0.526,0.675,0
162.88,0.2063,10.0692,92.3236,0.0383,8.9899,96.1989,,,,,,,,,,,,0.762,0.749,0.521,0.667,0
162.9,0.2063,10.0692,92.3236,0.0383,8.9899,96.1989,,,,,,,,,,,,0.762,0.749,0.521,0.667,0
162.92,0.2063,10.0692,92.3236,0.0383,8.9899,96.1989,,,,,,,,,,,,0.762,0.749,0.521,0.667,0
162.94,0.2063,10.0692,92.3236,0.0383,8.9899,96.1989,,,,,,,,,,,,0.762,0.749,0.521,0.667,0
162.96,0.2607,4.8869,92.1052,0.0196,5.4805,96.1989,,,,,,,,,,,,0.762,0.749,0.521,0.667,0
162.98,0.2607,4.8869,92.1052,0.0196,5.4805,96.1989,,,,,,,,,,,,0.714,0.792,0.637,0.541,0
163.0,0.2607,4.8869,92.1052,0.0196,5.4805,96.1989,,,,,,,,,,,,0.714,0.792,0.637,0.541,0
163.02,0.2607,4.8869,92.1052,0.0196,5.4805,96.1989,,,,,,,,,,,,0.714,0.792,0.637,0.541,0
163.04,0.2607,4.8869,92.1052,0.0196,5.4805,96.1989,,,,,,,,,,,,0.714,0.792,0.637,0.541,0
163.06,-0.6382,-0.8337,91.9898,0.01,3.5218,96.1989,,,,,,,,,,,,0.714,0.792,0.637,0.541,0
163.08,-0.6382,-0.8337,91.9898,0.01,3.5218,96.1989,,,,,,,,,,,,0.798,0.706,0.6,0.577,0
163.1,-0.6382,-0.8337,91.9898,0.01,3.5218,96.1989,,,,,,,,,,,,0.798,0.706,0.6,0.577,0
163.12,-0.6382,-0.8337,91.9898,0.01,3.5218,96.1989,,,,,,,,,,,,0.798,0.706,0.6,0.577,0
163.14,-0.6382,-0.8337,91.9898,0.01,3.5218,96.1989,,,,,,,,,,,,0.798,0.706,0.6,0.577,0
163.16,-1.3503,-4.0125,92.4887,0.0051,3.5037,96.1989,,,,,,,,,,,,0.798,0.706,0.6,0.577,0
163.18,-1.3503,-4.0125,92.4887,0.0051,3.5037,96.1989,,,,,,,,,,,,0.731,0.767,0.636,0.553,0
163.2,-1.3503,-4.0125,92.4887,0.0051,3.5037,96.1989,,,,,,,,,,,,0.731,0.767,0.636,0.553,0
163.22,-1.3503,-4.0125,92.4887,0.0051,3.5037,96.1989,,,,,,,,,,,,0.731,0.767,0.636,0.553,0
163.24,-1.3503,-4.0125,92.4887,0.0051,3.5037,96.1989,,,,,,,,,,,,0.731,0.767,0.636,0.553,0
163.26,0.5775,-2.8945,93.4725,0.0026,4.0136,96.1988,,,,,,,,,,,,0.731,0.767,0.636,0.553,0
163.28,0.5775,-2.8945,93.4725,0.0026,4.0136,96.1988,,,,,,,,,,,,0.697,0.779,0.593,0.622,0
163.3,0.5775,-2.8945,93.4725,0.0026,4.0136,96.1988,,,,,,,,,,,,0.697,0.779,0.593,0.622,0
163.32,0.5775,-2.8945,93.4725,0.0026,4.0136,96.1988,,,,,,,,,,,,0.697,0.779,0.593,0.622,0
163.34,0.5775,-2.8945,93.4725,0.0026,4.0136,96.1988,,,,,,,,,,,,0.697,0.779,0.593,0.622,0
163.36,2.8703,0.6396,94.8974,0.4555,4.2028,96.1988,,,,,,,,,,,,0.697,0.779,0.593,0.622,0
163.38,2.8703,0.6396,94.8974,0.4555,4.2028,96.1988,,,,,,,,,,,,0.668,0.784,0.575,0.661,0
163.4,2.8703,0.6396,94.8974,0.4555,4.2028,96.1988,,,,,,,,,,,,0.668,0.784,0.575,0.661,0
163.42,2.8703,0.6396,94.8974,0.4555,4.2028,96.1988,,,,,,,,,,,,0.668,0.784,0.575,0.661,0
163.44,2.8703,0.6396,94.8974,0.4555,4.2028,96.1988,,,,,,,,,,,,0.668,0.784,0.575,0.661,0
163.46,3.2765,3.3811,96.174,1.1963,3.7615,96.1987,,,,,,,,,,,,0.668,0.784,0.575,0.661,0
163.48,3.2765,3.3811,96.174,1.1963,3.7615,96.1987,,,,,,,,,,,,0.68,0.764,0.583,0.669,0
163.5,3.2765,3.3811,96.174,1.1963,3.7615,96.1987,,,,,,,,,,,,0.68,0.764,0.583,0.669,0
163.52,3.2765,3.3811,96.174,1.1963,3.7615,96.1987,,,,,,,,,,,,0.68,0.764,0.583,0.669,0
163.54,3.2765,3.3811,96.174,1.1963,3.7615,96.1987,,,,,,,,,,,,0.68,0.764,0.583,0.669,0
163.56,2.482,3.3296,96.875,2.1002,3.5313,96.1987,,,,,,,,,,,,0.68,0.764,0.583,0.669,0
163.58,2.482,3.3296,96.875,2.1002,3.5313,96.1987,,,,,,,,,,,,0.693,0.751,0.61,0.644,0
163.6,2.482,3.3296,96.875,2.1002,3.5313,96.1987,,,,,,,,,,,,0.693,0.751,0.61,0.644,0
163.62,2.482,3.3296,96.875,2.1002,3.5313,96.1987,,,,,,,,,,,,0.693,0.751,0.61,0.644,0
163.64,2.482,3.3296,96.875,2.1002,3.5313,96.1987,,,,,,,,,,,,0.693,0.751,0.61,0.644,0
163.66,1.4543,1.7847,97.2317,2.4282,3.0246,96.1986,,,,,,,,,,,,0.693,0.751,0.61,0.644,0
163.68,1.4543,1.7847,97.2317,2.4282,3.0246,96.1986,,,,,,,,,,,,0.654,0.785,0.655,0.597,0
163.7,1.4543,1.7847,97.2317,2.4282,3.0246,96.1986,,,,,,,,,,,,0.654,0.785,0.655,0.597,0
163.72,1.4543,1.7847,97.2317,2.4282,3.0246,96.1986,,,,,,,,,,,,0.654,0.785,0.655,0.597,0
163.74,1.4543,1.7847,97.2317,2.4282,3.0246,96.1986,,,,,,,,,,,,0.654,0.785,0.655,0.597,0
163.76,1.6901,1.1278,97.4906,2.3445,2.4774,96.1986,,,,,,,,,,,,0.654,0.785,0.655,0.597,0
163.78,1.6901,1.1278,97.4906,2.3445,2.4774,96.1986,,,,,,,,,,,,0.71,0.732,0.554,0.694,0
163.8,1.6901,1.1278,97.4906,2.3445,2.4774,96.1986,,,,,,,,,,,,0.71,0.732,0.554,0.694,0
163.82,1.6901,1.1278,97.4906,2.3445,2.4774,96.1986,,,,,,,,,,,,0.71,0.732,0.554,0.694,0
163.84,1.6901,1.1278,97.4906,2.3445,2.4774,96.1986,,,,,,,,,,,,0.71,0.732,0.554,0.694,0
163.86,4.0658,0.7443,97.7731,2.9693,1.406,96.1985,,,,,,,,,,,,0.71,0.732,0.554,0.694,0
163.88,4.0658,0.7443,97.7731,2.9693,1.406,96.1985,,,,,,,,,,,,0.695,0.746,0.587,0.668,0
163.9,4.0658,0.7443,97.7731,2.9693,1.406,96.1985,,,,,,,,,,,,0.695,0.746,0.587,0.668,0
163.92,4.0658,0.7443,97.7731,2.9693,1.406,96.1985,,,,,,,,,,,,0.695,0.746,0.587,0.668,0
163.94,4.0658,0.7443,97.7731,2.9693,1.406,96.1985,,,,,,,,,,,,0.695,0.746,0.587,0.668,0
163.96,5.7017,-0.7854,97.6152,4.0445,0.7178,96.1984,,,,,,,,,,,,0.695,0.746,0.587,0.668,0
163.98,5.7017,-0.7854,97.6152,4.0445,0.7178,96.1984,,,,,,,,,,,,0.714,0.734,0.63,0.625,0
164.0,5.7017,-0.7854,97.6152,4.0445,0.7178,96.1984,,,,,,,,,,,,0.714,0.734,0.63,0.625,0
164.02,5.7017,-0.7854,97.6152,4.0445,0.7178,96.1984,,,,,,,,,,,,0.714,0.734,0.63,0.625,0
164.04,5.7017,-0.7854,97.6152,4.0445,0.7178,96.1984,,,,,,,,,,,,0.714,0.734,0.63,0.625,0
164.06,6.059,-3.1002,97.1429,4.5744,0.3901,96.1983,,,,,,,,,,,,0.714,0.734,0.63,0.625,0
164.08,6.059,-3.1002,97.1429,4.5744,0.3901,96.1983,,,,,,,,,,,,0.673,0.777,0.674,0.574,0
164.1,6.059,-3.1002,97.1429,4.5744,0.3901,96.1983,,,,,,,,,,,,0.673,0.777,0.674,0.574,0
164.12,6.059,-3.1002,97.1429,4.5744,0.3901,96.1983,,,,,,,,,,,,0.673,0.777,0.674,0.574,0
164.14,6.059,-3.1002,97.1429,4.5744,0.3901,96.1983,,,,,,,,,,,,0.673,0.777,0.674,0.574,0
164.16,6.0162,-4.6353,96.5536,3.8737,0.7358,96.1982,,,,,,,,,,,,0.673,0.777,0.674,0.574,0
164.18,6.0162,-4.6353,96.5536,3.8737,0.7358,96.1982,,,,,,,,,,,,0.766,0.695,0.604,0.64,0
164.2,6.0162,-4.6353,96.5536,3.8737,0.7358,96.1982,,,,,,,,,,,,0.766,0.695,0.604,0.64,0
164.22,6.0162,-4.6353,96.5536,3.8737,0.7358,96.1982,,,,,,,,,,,,0.766,0.695,0.604,0.64,0
164.24,6.0162,-4.6353,96.5536,3.8737,0.7358,96.1982,,,,,,,,,,,,0.766,0.695,0.604,0.64,0
164.26,3.5487,-2.1793,96.3645,2.539,2.0416,96.1978,,,,,,,,,,,,0.766,0.695,0.604,0.64,0
164.28,3.5487,-2.1793,96.3645,2.539,2.0416,96.1978,,,,,,,,,,,,0.629,0.821,0.634,0.601,0
164.3,3.5487,-2.1793,96.3645,2.539,2.0416,96.1978,,,,,,,,,,,,0.629,0.821,0.634,0.601,0
164.32,3.5487,-2.1793,96.3645,2.539,2.0416,96.1978,,,,,,,,,,,,0.629,0.821,0.634,0.601,0
164.34,3.5487,-2.1793,96.3645,2.539,2.0416,96.1978,,,,,,,,,,,,0.629,0.821,0.634,0.601,0
164.36,1.4637,2.9685,96.2761,1.6328,3.6243,96.1975,,,,,,,,,,,,0.629,0.821,0.634,0.601,0
164.38,1.4637,2.9685,96.2761,1.6328,3.6243,96.1975,,,,,,,,,,,,0.706,0.756,0.523,0.698,0
164.4,1.4637,2.9685,96.2761,1.6328,3.6243,96.1975,,,,,,,,,,,,0.706,0.756,0.523,0.698,0
164.42,1.4637,2.9685,96.2761,1.6328,3.6243,96.1975,,,,,,,,,,,,0.706,0.756,0.523,0.698,0
164.44,1.4637,2.9685,96.2761,1.6328,3.6243,96.1975,,,,,,,,,,,,0.706,0.756,0.523,0.698,0
164.46,-1.0427,6.7748,95.8893,0.9514,4.779,96.1974,,,,,,,,,,,,0.706,0.756,0.523,0.698,0
164.48,-1.0427,6.7748,95.8893,0.9514,4.779,96.1974,,,,,,,,,,,,0.629,0.829,0.621,0.61,0
164.5,-1.0427,6.7748,95.8893,0.9514,4.779,96.1974,,,,,,,,,,,,0.629,0.829,0.621,0.61,0
164.52,-1.0427,6.7748,95.8893,0.9514,4.779,96.1974,,,,,,,,,,,,0.629,0.829,0.621,0.61,0
164.54,-1.0427,6.7748,95.8893,0.9514,4.779,96.1974,,,,,,,,,,,,0.629,0.829,0.621,0.61,0
164.56,-2.2179,7.7971,95.3657,0.4857,5.5612,96.1973,,,,,,,,,,,,0.629,0.829,0.621,0.61,0
164.58,-2.2179,7.7971,95.3657,0.4857,5.5612,96.1973,,,,,,,,,,,,0.68,0.796,0.598,0.627,0
164.6,-2.2179,7.7971,95.3657,0.4857,5.5612,96.1973,,,,,,,,,,,,0.68,0.796,0.598,0.627,0
164.62,-2.2179,7.7971,95.3657,0.4857,5.5612,96.1973,,,,,,,,,,,,0.68,0.796,0.598,0.627,0
164.64,-2.2179,7.7971,95.3657,0.4857,5.5612,96.1973,,,,,,,,,,,,0.68,0.796,0.598,0.627,0
164.66,-0.7657,7.4327,94.9039,0.248,5.2955,96.1973,,,,,,,,,,,,0.68,0.796,0.598,0.627,0
164.68,-0.7657,7.4327,94.9039,0.248,5.2955,96.1973,,,,,,,,,,,,0.725,0.759,0.542,0.67,0
164.7,-0.7657,7.4327,94.9039,0.248,5.2955,96.1973,,,,,,,,,,,,0.725,0.759,0.542,0.67,0
164.72,-0.7657,7.4327,94.9039,0.248,5.2955,96.1973,,,,,,,,,,,,0.725,0.759,0.542,0.67,0
164.74,-0.7657,7.4327,94.9039,0.248,5.2955,96.1973,,,,,,,,,,,,0.725,0.759,0.542,0.67,0
164.76,1.001,5.8618,94.4789,0.1266,4.6249,96.1973,,,,,,,,,,,,0.725,0.759,0.542,0.67,0
164.78,1.001,5.8618,94.4789,0.1266,4.6249,96.1973,,,,,,,,,,,,0.763,0.723,0.542,0.664,0
164.8,1.001,5.8618,94.4789,0.1266,4.6249,96.1973,,,,,,,,,,,,0.763,0.723,0.542,0.664,0
164.82,1.001,5.8618,94.4789,0.1266,4.6249,96.1973,,,,,,,,,,,,0.763,0.723,0.542,0.664,0
164.84,1.001,5.8618,94.4789,0.1266,4.6249,96.1973,,,,,,,,,,,,0.763,0.723,0.542,0.664,0
164.86,1.8146,3.7991,94.1325,0.3824,3.6605,96.1972,,,,,,,,,,,,0.763,0.723,0.542,0.664,0
164.88,1.8146,3.7991,94.1325,0.3824,3.6605,96.1972,,,,,,,,,,,,0.743,0.744,0.557,0.645,0
164.9,1.8146,3.7991,94.1325,0.3824,3.6605,96.1972,,,,,,,,,,,,0.743,0.744,0.557,0.645,0
164.92,1.8146,3.7991,94.1325,0.3824,3.6605,96.1972,,,,,,,,,,,,0.743,0.744,0.557,0.645,0
164.94,1.8146,3.7991,94.1325,0.3824,3.6605,96.1972,,,,,,,,,,,,0.743,0.744,0.557,0.645,0
164.96,0.7159,2.1504,93.8758,0.8145,2.8804,96.1972,,,,,,,,,,,,0.743,0.744,0.557,0.645,0
164.98,0.7159,2.1504,93.8758,0.8145,2.8804,96.1972,,,,,,,,,,,,0.668,0.814,0.633,0.566,0
165.0,0.7159,2.1504,93.8758,0.8145,2.8804,96.1972,,,,,,,,,,,,0.668,0.814,0.633,0.566,0
165.02,0.7159,2.1504,93.8758,0.8145,2.8804,96.1972,,,,,,,,,,,,0.668,0.814,0.633,0.566,0
165.04,0.7159,2.1504,93.8758,0.8145,2.8804,96.1972,,,,,,,,,,,,0.668,0.814,0.633,0.566,0
165.06,0.3808,1.3986,93.7917,0.6596,2.4729,96.1971,,,,,,,,,,,,0.668,0.814,0.633,0.566,0
165.08,0.3808,1.3986,93.7917,0.6596,2.4729,96.1971,,,,,,,,,,,,0.718,0.77,0.57,0.629,0
165.1,0.3808,1.3986,93.7917,0.6596,2.4729,96.1971,,,,,,,,,,,,0.718,0.77,0.57,0.629,0
165.12,0.3808,1.3986,93.7917,0.6596,2.4729,96.1971,,,,,,,,,,,,0.718,0.77,0.57,0.629,0
165.14,0.3808,1.3986,93.7917,0.6596,2.4729,96.1971,,,,,,,,,,,,0.718,0.77,0.57,0.629,0
165.16,0.5847,1.8182,93.7821,0.3378,2.9503,96.1971,,,,,,,,,,,,0.718,0.77,0.57,0.629,0
165.18,0.5847,1.8182,93.7821,0.3378,2.9503,96.1971,,,,,,,,,,,,0.682,0.799,0.606,0.598,0
165.2,0.5847,1.8182,93.7821,0.3378,2.9503,96.1971,,,,,,,,,,,,0.682,0.799,0.606,0.598,0
165.22,0.5847,1.8182,93.7821,0.3378,2.9503,96.1971,,,,,,,,,,,,0.682,0.799,0.606,0.598,0
165.24,0.5847,1.8182,93.7821,0.3378,2.9503,96.1971,,,,,,,,,,,,0.682,0.799,0.606,0.598,0
165.26,1.0484,2.5797,94.0251,0.1725,3.786,96.1971,,,,,,,,,,,,0.682,0.799,0.606,0.598,0
165.28,1.0484,2.5797,94.0251,0.1725,3.786,96.1971,,,,,,,,,,,,0.749,0.732,0.554,0.652,0
165.3,1.0484,2.5797,94.0251,0.1725,3.786,96.1971,,,,,,,,,,,,0.749,0.732,0.554,0.652,0
165.32,1.0484,2.5797,94.0251,0.1725,3.786,96.1971,,,,,,,,,,,,0.749,0.732,0.554,0.652,0
165.34,1.0484,2.5797,94.0251,0.1725,3.786,96.1971,,,,,,,,,,,,0.749,0.732,0.554,0.652,0
165.36,0.2186,3.3582,94.2639,0.0881,4.3313,96.197,,,,,,,,,,,,0.749,0.732,0.554,0.652,0
165.38,0.2186,3.3582,94.2639,0.0881,4.3313,96.197,,,,,,,,,,,,0.725,0.753,0.583,0.631,0
165.4,0.2186,3.3582,94.2639,0.0881,4.3313,96.197,,,,,,,,,,,,0.725,0.753,0.583,0.631,0
165.42,0.2186,3.3582,94.2639,0.0881,4.3313,96.197,,,,,,,,,,,,0.725,0.753,0.583,0.631,0
165.44,0.2186,3.3582,94.2639,0.0881,4.3313,96.197,,,,,,,,,,,,0.725,0.753,0.583,0.631,0
165.46,0.1387,4.0395,94.6112,0.045,4.3693,96.1971,,,,,,,,,,,,0.725,0.753,0.583,0.631,0
165.48,0.1387,4.0395,94.6112,0.045,4.3693,96.1971,,,,,,,,,,,,0.699,0.773,0.574,0.645,0
165.5,0.1387,4.0395,94.6112,0.045,4.3693,96.1971,,,,,,,,,,,,0.699,0.773,0.574,0.645,0
165.52,0.1387,4.0395,94.6112,0.045,4.3693,96.1971,,,,,,,,,,,,0.699,0.773,0.574,0.645,0
165.54,0.1387,4.0395,94.6112,0.045,4.3693,96.1971,,,,,,,,,,,,0.699,0.773,0.574,0.645,0
165.56,-0.5861,4.5242,94.9808,0.023,3.4568,96.1971,,,,,,,,,,,,0.699,0.773,0.574,0.645,0
165.58,-0.5861,4.5242,94.9808,0.023,3.4568,96.1971,,,,,,,,,,,,0.675,0.791,0.599,0.627,0
165.6,-0.5861,4.5242,94.9808,0.023,3.4568,96.1971,,,,,,,,,,,,0.675,0.791,0.599,0.627,0
165.62,-0.5861,4.5242,94.9808,0.023,3.4568,96.1971,,,,,,,,,,,,0.675,0.791,0.599,0.627,0
165.64,-0.5861,4.5242,94.9808,0.023,3.4568,96.1971,,,,,,,,,,,,0.675,0.791,0.599,0.627,0
165.66,0.0378,2.9735,95.3538,0.0117,2.9161,96.1971,,,,,,,,,,,,0.675,0.791,0.599,0.627,0
165.68,0.0378,2.9735,95.3538,0.0117,2.9161,96.1971,,,,,,,,,,,,0.726,0.741,0.603,0.624,0
165.7,0.0378,2.9735,95.3538,0.0117,2.9161,96.1971,,,,,,,,,,,,0.726,0.741,0.603,0.624,0
165.72,0.0378,2.9735,95.3538,0.0117,2.9161,96.1971,,,,,,,,,,,,0.726,0.741,0.603,0.624,0
165.74,0.0378,2.9735,95.3538,0.0117,2.9161,96.1971,,,,,,,,,,,,0.726,0.741,0.603,0.624,0
165.76,-0.0959,0.2457,95.7628,0.006,2.1219,96.197,,,,,,,,,,,,0.726,0.741,0.603,0.624,0
165.78,-0.0959,0.2457,95.7628,0.006,2.1219,96.197,,,,,,,,,,,,0.691,0.766,0.635,0.596,0
165.8,-0.0959,0.2457,95.7628,0.006,2.1219,96.197,,,,,,,,,,,,0.691,0.766,0.635,0.596,0
165.82,-0.0959,0.2457,95.7628,0.006,2.1219,96.197,,,,,,,,,,,,0.691,0.766,0.635,0.596,0
165.84,-0.0959,0.2457,95.7628,0.006,2.1219,96.197,,,,,,,,,,,,0.691,0.766,0.635,0.596,0
165.86,-0.46,-0.2267,96.4754,0.0031,1.3105,96.197,,,,,,,,,,,,0.691,0.766,0.635,0.596,0
165.88,-0.46,-0.2267,96.4754,0.0031,1.3105,96.197,,,,,,,,,,,,0.732,0.717,0.551,0.686,0
165.9,-0.46,-0.2267,96.4754,0.0031,1.3105,96.197,,,,,,,,,,,,0.732,0.717,0.551,0.686,0
165.92,-0.46,-0.2267,96.4754,0.0031,1.3105,96.197,,,,,,,,,,,,0.732,0.717,0.551,0.686,0
165.94,-0.46,-0.2267,96.4754,0.0031,1.3105,96.197,,,,,,,,,,,,0.732,0.717,0.551,0.686,0
165.96,-0.6628,0.6512,97.1438,0.0016,1.6562,96.1969,,,,,,,,,,,,0.732,0.717,0.551,0.686,0
165.98,-0.6628,0.6512,97.1438,0.0016,1.6562,96.1969,,,,,,,,,,,,0.682,0.758,0.643,0.611,0
166.0,-0.6628,0.6512,97.1438,0.0016,1.6562,96.1969,,,,,,,,,,,,0.682,0.758,0.643,0.611,0
166.02,-0.6628,0.6512,97.1438,0.0016,1.6562,96.1969,,,,,,,,,,,,0.682,0.758,0.643,0.611,0
166.04,-0.6628,0.6512,97.1438,0.0016,1.6562,96.1969,,,,,,,,,,,,0.682,0.758,0.643,0.611,0
166.06,0.3005,1.9736,97.7373,0.0008,3.0843,96.197,,,,,,,,,,,,0.682,0.758,0.643,0.611,0
166.08,0.3005,1.9736,97.7373,0.0008,3.0843,96.197,,,,,,,,,,,,0.738,0.697,0.566,0.691,0
166.1,0.3005,1.9736,97.7373,0.0008,3.0843,96.197,,,,,,,,,,,,0.738,0.697,0.566,0.691,0
166.12,0.3005,1.9736,97.7373,0.0008,3.0843,96.197,,,,,,,,,,,,0.738,0.697,0.566,0.691,0
166.14,0.3005,1.9736,97.7373,0.0008,3.0843,96.197,,,,,,,,,,,,0.738,0.697,0.566,0.691,0
166.16,0.4342,2.6977,98.1573,0.0004,4.0119,96.197,,,,,,,,,,,,0.738,0.697,0.566,0.691,0
166.18,0.4342,2.6977,98.1573,0.0004,4.0119,96.197,,,,,,,,,,,,0.692,0.742,0.621,0.643,0
166.2,0.4342,2.6977,98.1573,0.0004,4.0119,96.197,,,,,,,,,,,,0.692,0.742,0.621,0.643,0
166.22,0.4342,2.6977,98.1573,0.0004,4.0119,96.197,,,,,,,,,,,,0.692,0.742,0.621,0.643,0
166.24,0.4342,2.6977,98.1573,0.0004,4.0119,96.197,,,,,,,,,,,,0.692,0.742,0.621,0.643,0
166.26,0.0133,2.6985,98.3315,0.0002,4.3344,96.197,,,,,,,,,,,,0.692,0.742,0.621,0.643,0
166.28,0.0133,2.6985,98.3315,0.0002,4.3344,96.197,,,,,,,,,,,,0.7,0.735,0.61,0.654,0
166.3,0.0133,2.6985,98.3315,0.0002,4.3344,96.197,,,,,,,,,,,,0.7,0.735,0.61,0.654,0
166.32,0.0133,2.6985,98.3315,0.0002,4.3344,96.197,,,,,,,,,,,,0.7,0.735,0.61,0.654,0
166.34,0.0133,2.6985,98.3315,0.0002,4.3344,96.197,,,,,,,,,,,,0.7,0.735,0.61,0.654,0
166.36,0.089,3.0593,98.4985,0.0001,4.2647,96.197,,,,,,,,,,,,0.7,0.735,0.61,0.654,0
166.38,0.089,3.0593,98.4985,0.0001,4.2647,96.197,,,,,,,,,,,,0.722,0.712,0.57,0.69,0
166.4,0.089,3.0593,98.4985,0.0001,4.2647,96.197,,,,,,,,,,,,0.722,0.712,0.57,0.69,0
166.42,0.089,3.0593,98.4985,0.0001,4.2647,96.197,,,,,,,,,,,,0.722,0.712,0.57,0.69,0
166.44,0.089,3.0593,98.4985,0.0001,4.2647,96.197,,,,,,,,,,,,0.722,0.712,0.57,0.69,0
166.46,-0.1453,3.4796,98.605,0.0001,3.1438,96.1971,,,,,,,,,,,,0.722,0.712,0.57,0.69,0
166.48,-0.1453,3.4796,98.605,0.0001,3.1438,96.1971,,,,,,,,,,,,0.698,0.735,0.559,0.697,0
166.5,-0.1453,3.4796,98.605,0.0001,3.1438,96.1971,,,,,,,,,,,,0.698,0.735,0.559,0.697,0
166.52,-0.1453,3.4796,98.605,0.0001,3.1438,96.1971,,,,,,,,,,,,0.698,0.735,0.559,0.697,0
166.54,-0.1453,3.4796,98.605,0.0001,3.1438,96.1971,,,,,,,,,,,,0.698,0.735,0.559,0.697,0
166.56,-0.9801,2.2644,98.4937,0.0,1.8202,96.1971,,,,,,,,,,,,0.698,0.735,0.559,0.697,0
166.58,-0.9801,2.2644,98.4937,0.0,1.8202,96.1971,,,,,,,,,,,,0.702,0.734,0.632,0.628,0
166.6,-0.9801,2.2644,98.4937,0.0,1.8202,96.1971,,,,,,,,,,,,0.702,0.734,0.632,0.628,0
166.62,-0.9801,2.2644,98.4937,0.0,1.8202,96.1971,,,,,,,,,,,,0.702,0.734,0.632,0.628,0
166.64,-0.9801,2.2644,98.4937,0.0,1.8202,96.1971,,,,,,,,,,,,0.702,0.734,0.632,0.628,0
166.66,-0.8887,-0.2923,98.4186,0.0,0.9293,96.1971,,,,,,,,,,,,0.702,0.734,0.632,0.628,0
166.68,-0.8887,-0.2923,98.4186,0.0,0.9293,96.1971,,,,,,,,,,,,0.744,0.692,0.581,0.673,0
166.7,-0.8887,-0.2923,98.4186,0.0,0.9293,96.1971,,,,,,,,,,,,0.744,0.692,0.581,0.673,0
166.72,-0.8887,-0.2923,98.4186,0.0,0.9293,96.1971,,,,,,,,,,,,0.744,0.692,0.581,0.673,0
166.74,-0.8887,-0.2923,98.4186,0.0,0.9293,96.1971,,,,,,,,,,,,0.744,0.692,0.581,0.673,0
166.76,0.0569,-1.3484,98.5737,0.0,0.4744,96.1972,,,,,,,,,,,,0.744,0.692,0.581,0.673,0
166.78,0.0569,-1.3484,98.5737,0.0,0.4744,96.1972,,,,,,,,,,,,0.7,0.732,0.608,0.653,0
166.8,0.0569,-1.3484,98.5737,0.0,0.4744,96.1972,,,,,,,,,,,,0.7,0.732,0.608,0.653,0
166.82,0.0569,-1.3484,98.5737,0.0,0.4744,96.1972,,,,,,,,,,,,0.7,0.732,0.608,0.653,0
166.84,0.0569,-1.3484,98.5737,0.0,0.4744,96.1972,,,,,,,,,,,,0.7,0.732,0.608,0.653,0
166.86,0.6471,-0.614,98.7055,0.0,0.2422,96.1971,,,,,,,,,,,,0.7,0.732,0.608,0.653,0
166.88,0.6471,-0.614,98.7055,0.0,0.2422,96.1971,,,,,,,,,,,,0.662,0.766,0.613,0.653,0
166.9,0.6471,-0.614,98.7055,0.0,0.2422,96.1971,,,,,,,,,,,,0.662,0.766,0.613,0.653,0
166.92,0.6471,-0.614,98.7055,0.0,0.2422,96.1971,,,,,,,,,,,,0.662,0.766,0.613,0.653,0
166.94,0.6471,-0.614,98.7055,0.0,0.2422,96.1971,,,,,,,,,,,,0.662,0.766,0.613,0.653,0
166.96,0.7225,0.3587,98.7933,0.0,1.0575,96.1972,,,,,,,,,,,,0.662,0.766,0.613,0.653,0
166.98,0.7225,0.3587,98.7933,0.0,1.0575,96.1972,,,,,,,,,,,,0.68,0.749,0.652,0.614,0
167.0,0.7225,0.3587,98.7933,0.0,1.0575,96.1972,,,,,,,,,,,,0.68,0.749,0.652,0.614,0
167.02,0.7225,0.3587,98.7933,0.0,1.0575,96.1972,,,,,,,,,,,,0.68,0.749,0.652,0.614,0
167.04,0.7225,0.3587,98.7933,0.0,1.0575,96.1972,,,,,,,,,,,,0.68,0.749,0.652,0.614,0
167.06,-0.2145,0.8749,98.8694,0.0,2.2002,96.1972,,,,,,,,,,,,0.68,0.749,0.652,0.614,0
167.08,-0.2145,0.8749,98.8694,0.0,2.2002,96.1972,,,,,,,,,,,,0.649,0.775,0.675,0.592,0
167.1,-0.2145,0.8749,98.8694,0.0,2.2002,96.1972,,,,,,,,,,,,0.649,0.775,0.675,0.592,0
167.12,-0.2145,0.8749,98.8694,0.0,2.2002,96.1972,,,,,,,,,,,,0.649,0.775,0.675,0.592,0
167.14,-0.2145,0.8749,98.8694,0.0,2.2002,96.1972,,,,,,,,,,,,0.649,0.775,0.675,0.592,0
167.16,-2.2467,0.7302,99.0563,-0.064,1.9339,96.1973,,,,,,,,,,,,0.649,0.775,0.675,0.592,0
167.18,-2.2467,0.7302,99.0563,-0.064,1.9339,96.1973,,,,,,,,,,,,0.637,0.781,0.685,0.586,0
167.2,-2.2467,0.7302,99.0563,-0.064,1.9339,96.1973,,,,,,,,,,,,0.637,0.781,0.685,0.586,0
167.22,-2.2467,0.7302,99.0563,-0.064,1.9339,96.1973,,,,,,,,,,,,0.637,0.781,0.685,0.586,0
167.24,-2.2467,0.7302,99.0563,-0.064,1.9339,96.1973,,,,,,,,,,,,0.637,0.781,0.685,0.586,0
167.26,-3.9063,-0.6111,99.3622,-0.8349,1.0407,96.1974,,,,,,,,,,,,0.637,0.781,0.685,0.586,0
167.28,-3.9063,-0.6111,99.3622,-0.8349,1.0407,96.1974,,,,,,,,,,,,0.655,0.765,0.677,0.599,0
167.3,-3.9063,-0.6111,99.3622,-0.8349,1.0407,96.1974,,,,,,,,,,,,0.655,0.765,0.677,0.599,0
167.32,-3.9063,-0.6111,99.3622,-0.8349,1.0407,96.1974,,,,,,,,,,,,0.655,0.765,0.677,0.599,0
167.34,-3.9063,-0.6111,99.3622,-0.8349,1.0407,96.1974,,,,,,,,,,,,0.655,0.765,0.677,0.599,0
167.36,-4.897,-0.671,99.632,-1.4134,0.5313,96.1975,,,,,,,,,,,,0.655,0.765,0.677,0.599,0
167.38,-4.897,-0.671,99.632,-1.4134,0.5313,96.1975,,,,,,,,,,,,0.65,0.765,0.646,0.639,0
167.4,-4.897,-0.671,99.632,-1.4134,0.5313,96.1975,,,,,,,,,,,,0.65,0.765,0.646,0.639,0
167.42,-4.897,-0.671,99.632,-1.4134,0.5313,96.1975,,,,,,,,,,,,0.65,0.765,0.646,0.639,0
167.44,-4.897,-0.671,99.632,-1.4134,0.5313,96.1975,,,,,,,,,,,,0.65,0.765,0.646,0.639,0
167.46,-3.4129,0.3886,99.9929,-0.9861,0.2713,96.1975,,,,,,,,,,,,0.65,0.765,0.646,0.639,0
167.48,-3.4129,0.3886,99.9929,-0.9861,0.2713,96.1975,,,,,,,,,,,,0.62,0.782,0.648,0.641,0
167.5,-3.4129,0.3886,99.9929,-0.9861,0.2713,96.1975,,,,,,,,,,,,0.62,0.782,0.648,0.641,0
167.52,-3.4129,0.3886,99.9929,-0.9861,0.2713,96.1975,,,,,,,,,,,,0.62,0.782,0.648,0.641,0
167.54,-3.4129,0.3886,99.9929,-0.9861,0.2713,96.1975,,,,,,,,,,,,0.62,0.782,0.648,0.641,0
167.56,-2.3572,1.5728,100.3713,-0.5034,0.1385,96.1975,,,,,,,,,,,,0.62,0.782,0.648,0.641,0
167.58,-2.3572,1.5728,100.3713,-0.5034,0.1385,96.1975,,,,,,,,,,,,0.595,0.797,0.679,0.613,0
167.6,-2.3572,1.5728,100.3713,-0.5034,0.1385,96.1975,,,,,,,,,,,,0.595,0.797,0.679,0.613,0
167.62,-2.3572,1.5728,100.3713,-0.5034,0.1385,96.1975,,,,,,,,,,,,0.595,0.797,0.679,0.613,0
167.64,-2.3572,1.5728,100.3713,-0.5034,0.1385,96.1975,,,,,,,,,,,,0.595,0.797,0.679,0.613,0
167.66,-1.0243,0.4668,100.7736,-0.3722,0.0707,96.1974,,,,,,,,,,,,0.595,0.797,0.679,0.613,0
167.68,-1.0243,0.4668,100.7736,-0.3722,0.0707,96.1974,,,,,,,,,,,,0.671,0.728,0.678,0.619,0
167.7,-1.0243,0.4668,100.7736,-0.3722,0.0707,96.1974,,,,,,,,,,,,0.671,0.728,0.678,0.619,0
167.72,-1.0243,0.4668,100.7736,-0.3722,0.0707,96.1974,,,,,,,,,,,,0.671,0.728,0.678,0.619,0
167.74,-1.0243,0.4668,100.7736,-0.3722,0.0707,96.1974,,,,,,,,,,,,0.671,0.728,0.678,0.619,0
167.76,-0.0906,-1.7636,101.1446,-0.3551,0.1674,96.1974,,,,,,,,,,,,0.671,0.728,0.678,0.619,0
167.78,-0.0906,-1.7636,101.1446,-0.3551,0.1674,96.1974,,,,,,,,,,,,0.74,0.656,0.648,0.655,0
167.8,-0.0906,-1.7636,101.1446,-0.3551,0.1674,96.1974,,,,,,,,,,,,0.74,0.656,0.648,0.655,0
167.82,-0.0906,-1.7636,101.1446,-0.3551,0.1674,96.1974,,,,,,,,,,,,0.74,0.656,0.648,0.655,0
167.84,-0.0906,-1.7636,101.1446,-0.3551,0.1674,96.1974,,,,,,,,,,,,0.74,0.656,0.648,0.655,0
167.86,-0.8834,-1.941,101.4314,-0.1813,0.9477,96.1974,,,,,,,,,,,,0.74,0.656,0.648,0.655,0
167.88,-0.8834,-1.941,101.4314,-0.1813,0.9477,96.1974,,,,,,,,,,,,0.617,0.772,0.675,0.629,0
167.9,-0.8834,-1.941,101.4314,-0.1813,0.9477,96.1974,,,,,,,,,,,,0.617,0.772,0.675,0.629,0
167.92,-0.8834,-1.941,101.4314,-0.1813,0.9477,96.1974,,,,,,,,,,,,0.617,0.772,0.675,0.629,0
167.94,-0.8834,-1.941,101.4314,-0.1813,0.9477,96.1974,,,,,,,,,,,,0.617,0.772,0.675,0.629,0
167.96,-0.9573,0.217,101.4496,-0.0925,0.7797,96.1974,,,,,,,,,,,,0.617,0.772,0.675,0.629,0
167.98,-0.9573,0.217,101.4496,-0.0925,0.7797,96.1974,,,,,,,,,,,,0.652,0.742,0.611,0.691,0
168.0,-0.9573,0.217,101.4496,-0.0925,0.7797,96.1974,,,,,,,,,,,,0.652,0.742,0.611,0.691,0
168.02,-0.9573,0.217,101.4496,-0.0925,0.7797,96.1974,,,,,,,,,,,,0.652,0.742,0.611,0.691,0
168.04,-0.9573,0.217,101.4496,-0.0925,0.7797,96.1974,,,,,,,,,,,,0.652,0.742,0.611,0.691,0
168.06,-0.0743,1.8386,101.2837,-0.1955,0.4001,96.1974,,,,,,,,,,,,0.652,0.742,0.611,0.691,0
168.08,-0.0743,1.8386,101.2837,-0.1955,0.4001,96.1974,,,,,,,,,,,,0.691,0.71,0.595,0.698,0
168.1,-0.0743,1.8386,101.2837,-0.1955,0.4001,96.1974,,,,,,,,,,,,0.691,0.71,0.595,0.698,0
168.12,-0.0743,1.8386,101.2837,-0.1955,0.4001,96.1974,,,,,,,,,,,,0.691,0.71,0.595,0.698,0
168.14,-0.0743,1.8386,101.2837,-0.1955,0.4001,96.1974,,,,,,,,,,,,0.691,0.71,0.595,0.698,0
168.16,-0.9599,1.1408,100.7688,-0.478,0.2043,96.1975,,,,,,,,,,,,0.691,0.71,0.595,0.698,0
168.18,-0.9599,1.1408,100.7688,-0.478,0.2043,96.1975,,,,,,,,,,,,0.679,0.731,0.647,0.639,0
168.2,-0.9599,1.1408,100.7688,-0.478,0.2043,96.1975,,,,,,,,,,,,0.679,0.731,0.647,0.639,0
168.22,-0.9599,1.1408,100.7688,-0.478,0.2043,96.1975,,,,,,,,,,,,0.679,0.731,0.647,0.639,0
168.24,-0.9599,1.1408,100.7688,-0.478,0.2043,96.1975,,,,,,,,,,,,0.679,0.731,0.647,0.639,0
168.26,-2.6717,0.1138,99.9973,-0.3918,0.0684,96.1975,,,,,,,,,,,,0.679,0.731,0.647,0.639,0
168.28,-2.6717,0.1138,99.9973,-0.3918,0.0684,96.1975,,,,,,,,,,,,0.644,0.774,0.663,0.611,0
168.3,-2.6717,0.1138,99.9973,-0.3918,0.0684,96.1975,,,,,,,,,,,,0.644,0.774,0.663,0.611,0
168.32,-2.6717,0.1138,99.9973,-0.3918,0.0684,96.1975,,,,,,,,,,,,0.644,0.774,0.663,0.611,0
168.34,-2.6717,0.1138,99.9973,-0.3918,0.0684,96.1975,,,,,,,,,,,,0.644,0.774,0.663,0.611,0
168.36,-2.4767,-0.3188,99.2039,-0.2,-1.4336,96.1974,,,,,,,,,,,,0.644,0.774,0.663,0.611,0
168.38,-2.4767,-0.3188,99.2039,-0.2,-1.4336,96.1974,,,,,,,,,,,,0.702,0.728,0.563,0.696,0
168.4,-2.4767,-0.3188,99.2039,-0.2,-1.4336,96.1974,,,,,,,,,,,,0.702,0.728,0.563,0.696,0
168.42,-2.4767,-0.3188,99.2039,-0.2,-1.4336,96.1974,,,,,,,,,,,,0.702,0.728,0.563,0.696,0
168.44,-2.4767,-0.3188,99.2039,-0.2,-1.4336,96.1974,,,,,,,,,,,,0.702,0.728,0.563,0.696,0
168.46,-1.6467,-1.502,98.417,-0.1021,-3.247,96.1973,,,,,,,,,,,,0.702,0.728,0.563,0.696,0
168.48,-1.6467,-1.502,98.417,-0.1021,-3.247,96.1973,,,,,,,,,,,,0.633,0.797,0.656,0.599,0
168.5,-1.6467,-1.502,98.417,-0.1021,-3.247,96.1973,,,,,,,,,,,,0.633,0.797,0.656,0.599,0
168.52,-1.6467,-1.502,98.417,-0.1021,-3.247,96.1973,,,,,,,,,,,,0.633,0.797,0.656,0.599,0
168.54,-1.6467,-1.502,98.417,-0.1021,-3.247,96.1973,,,,,,,,,,,,0.633,0.797,0.656,0.599,0
168.56,-1.6316,-3.3061,97.5937,-0.0521,-4.5504,96.1974,,,,,,,,,,,,0.633,0.797,0.656,0.599,0
168.58,-1.6316,-3.3061,97.5937,-0.0521,-4.5504,96.1974,,,,,,,,,,,,0.702,0.747,0.608,0.637,0
168.6,-1.6316,-3.3061,97.5937,-0.0521,-4.5504,96.1974,,,,,,,,,,,,0.702,0.747,0.608,0.637,0
168.62,-1.6316,-3.3061,97.5937,-0.0521,-4.5504,96.1974,,,,,,,,,,,,0.702,0.747,0.608,0.637,0
168.64,-1.6316,-3.3061,97.5937,-0.0521,-4.5504,96.1974,,,,,,,,,,,,0.702,0.747,0.608,0.637,0
168.66,-2.4968,-5.0429,96.7658,-0.0266,-5.2275,96.1974,,,,,,,,,,,,0.702,0.747,0.608,0.637,0
168.68,-2.4968,-5.0429,96.7658,-0.0266,-5.2275,96.1974,,,,,,,,,,,,0.688,0.77,0.644,0.593,0
168.7,-2.4968,-5.0429,96.7658,-0.0266,-5.2275,96.1974,,,,,,,,,,,,0.688,0.77,0.644,0.593,0
168.72,-2.4968,-5.0429,96.7658,-0.0266,-5.2275,96.1974,,,,,,,,,,,,0.688,0.77,0.644,0.593,0
168.74,-2.4968,-5.0429,96.7658,-0.0266,-5.2275,96.1974,,,,,,,,,,,,0.688,0.77,0.644,0.593,0
168.76,-1.8549,-6.3293,95.9451,-0.0136,-5.7878,96.1974,,,,,,,,,,,,0.688,0.77,0.644,0.593,0
168.78,-1.8549,-6.3293,95.9451,-0.0136,-5.7878,96.1974,,,,,,,,,,,,0.725,0.746,0.615,0.616,0
168.8,-1.8549,-6.3293,95.9451,-0.0136,-5.7878,96.1974,,,,,,,,,,,,0.725,0.746,0.615,0.616,0
168.82,-1.8549,-6.3293,95.9451,-0.0136,-5.7878,96.1974,,,,,,,,,,,,0.725,0.746,0.615,0.616,0
168.84,-1.8549,-6.3293,95.9451,-0.0136,-5.7878,96.1974,,,,,,,,,,,,0.725,0.746,0.615,0.616,0
168.86,-1.5536,-6.9151,95.1321,-0.0069,-6.0484,96.1974,,,,,,,,,,,,0.725,0.746,0.615,0.616,0
168.88,-1.5536,-6.9151,95.1321,-0.0069,-6.0484,96.1974,,,,,,,,,,,,0.71,0.768,0.617,0.605,0
168.9,-1.5536,-6.9151,95.1321,-0.0069,-6.0484,96.1974,,,,,,,,,,,,0.71,0.768,0.617,0.605,0
168.92,-1.5536,-6.9151,95.1321,-0.0069,-6.0484,96.1974,,,,,,,,,,,,0.71,0.768,0.617,0.605,0
168.94,-1.5536,-6.9151,95.1321,-0.0069,-6.0484,96.1974,,,,,,,,,,,,0.71,0.768,0.617,0.605,0
168.96,-1.2683,-6.0382,94.488,0.0053,-4.6413,96.1973,,,,,,,,,,,,0.71,0.768,0.617,0.605,0
168.98,-1.2683,-6.0382,94.488,0.0053,-4.6413,96.1973,,,,,,,,,,,,0.655,0.82,0.641,0.573,0
169.0,-1.2683,-6.0382,94.488,0.0053,-4.6413,96.1973,,,,,,,,,,,,0.655,0.82,0.641,0.573,0
169.02,-1.2683,-6.0382,94.488,0.0053,-4.6413,96.1973,,,,,,,,,,,,0.655,0.82,0.641,0.573,0
169.04,-1.2683,-6.0382,94.488,0.0053,-4.6413,96.1973,,,,,,,,,,,,0.655,0.82,0.641,0.573,0
169.06,-0.3776,-3.4972,94.1777,0.8774,-3.4247,96.1976,,,,,,,,,,,,0.655,0.82,0.641,0.573,0
169.08,-0.3776,-3.4972,94.1777,0.8774,-3.4247,96.1976,,,,,,,,,,,,0.635,0.832,0.626,0.588,0
169.1,-0.3776,-3.4972,94.1777,0.8774,-3.4247,96.1976,,,,,,,,,,,,0.635,0.832,0.626,0.588,0
169.12,-0.3776,-3.4972,94.1777,0.8774,-3.4247,96.1976,,,,,,,,,,,,0.635,0.832,0.626,0.588,0
169.14,-0.3776,-3.4972,94.1777,0.8774,-3.4247,96.1976,,,,,,,,,,,,0.635,0.832,0.626,0.588,0
169.16,1.6633,-0.5994,94.1732,2.1221,-2.5154,96.1979,,,,,,,,,,,,0.635,0.832,0.626,0.588,0
169.18,1.6633,-0.5994,94.1732,2.1221,-2.5154,96.1979,,,,,,,,,,,,0.676,0.794,0.569,0.646,0
169.2,1.6633,-0.5994,94.1732,2.1221,-2.5154,96.1979,,,,,,,,,,,,0.676,0.794,0.569,0.646,0
169.22,1.6633,-0.5994,94.1732,2.1221,-2.5154,96.1979,,,,,,,,,,,,0.676,0.794,0.569,0.646,0
169.24,1.6633,-0.5994,94.1732,2.1221,-2.5154,96.1979,,,,,,,,,,,,0.676,0.794,0.569,0.646,0
169.26,3.8901,1.5004,94.475,2.6522,-1.9048,96.1979,,,,,,,,,,,,0.676,0.794,0.569,0.646,0
169.28,3.8901,1.5004,94.475,2.6522,-1.9048,96.1979,,,,,,,,,,,,0.696,0.773,0.539,0.679,0
169.3,3.8901,1.5004,94.475,2.6522,-1.9048,96.1979,,,,,,,,,,,,0.696,0.773,0.539,0.679,0
169.32,3.8901,1.5004,94.475,2.6522,-1.9048,96.1979,,,,,,,,,,,,0.696,0.773,0.539,0.679,0
169.34,3.8901,1.5004,94.475,2.6522,-1.9048,96.1979,,,,,,,,,,,,0.696,0.773,0.539,0.679,0
169.36,5.9074,1.5485,94.7039,2.6048,-1.4657,96.1979,,,,,,,,,,,,0.696,0.773,0.539,0.679,0
169.38,5.9074,1.5485,94.7039,2.6048,-1.4657,96.1979,,,,,,,,,,,,0.697,0.772,0.597,0.631,0
169.4,5.9074,1.5485,94.7039,2.6048,-1.4657,96.1979,,,,,,,,,,,,0.697,0.772,0.597,0.631,0
169.42,5.9074,1.5485,94.7039,2.6048,-1.4657,96.1979,,,,,,,,,,,,0.697,0.772,0.597,0.631,0
169.44,5.9074,1.5485,94.7039,2.6048,-1.4657,96.1979,,,,,,,,,,,,0.697,0.772,0.597,0.631,0
169.46,4.2953,0.7668,94.6597,2.0271,-0.9726,96.1979,,,,,,,,,,,,0.697,0.772,0.597,0.631,0
169.48,4.2953,0.7668,94.6597,2.0271,-0.9726,96.1979,,,,,,,,,,,,0.677,0.789,0.635,0.59,0
169.5,4.2953,0.7668,94.6597,2.0271,-0.9726,96.1979,,,,,,,,,,,,0.677,0.789,0.635,0.59,0
169.52,4.2953,0.7668,94.6597,2.0271,-0.9726,96.1979,,,,,,,,,,,,0.677,0.789,0.635,0.59,0
169.54,4.2953,0.7668,94.6597,2.0271,-0.9726,96.1979,,,,,,,,,,,,0.677,0.789,0.635,0.59,0
169.56,-0.452,0.6597,94.6331,1.0365,-0.5234,96.1978,,,,,,,,,,,,0.677,0.789,0.635,0.59,0
169.58,-0.452,0.6597,94.6331,1.0365,-0.5234,96.1978,,,,,,,,,,,,0.678,0.787,0.632,0.591,0
169.6,-0.452,0.6597,94.6331,1.0365,-0.5234,96.1978,,,,,,,,,,,,0.678,0.787,0.632,0.591,0
169.62,-0.452,0.6597,94.6331,1.0365,-0.5234,96.1978,,,,,,,,,,,,0.678,0.787,0.632,0.591,0
169.64,-0.452,0.6597,94.6331,1.0365,-0.5234,96.1978,,,,,,,,,,,,0.678,0.787,0.632,0.591,0
169.66,-4.5549,1.2381,94.6856,0.3208,-0.2672,96.1978,,,,,,,,,,,,0.678,0.787,0.632,0.591,0
169.68,-4.5549,1.2381,94.6856,0.3208,-0.2672,96.1978,,,,,,,,,,,,0.618,0.837,0.646,0.582,0
169.7,-4.5549,1.2381,94.6856,0.3208,-0.2672,96.1978,,,,,,,,,,,,0.618,0.837,0.646,0.582,0
169.72,-4.5549,1.2381,94.6856,0.3208,-0.2672,96.1978,,,,,,,,,,,,0.618,0.837,0.646,0.582,0
169.74,-4.5549,1.2381,94.6856,0.3208,-0.2672,96.1978,,,,,,,,,,,,0.618,0.837,0.646,0.582,0
169.76,-4.0898,1.8763,94.9165,-0.7849,-0.1364,96.1977,,,,,,,,,,,,0.618,0.837,0.646,0.582,0
169.78,-4.0898,1.8763,94.9165,-0.7849,-0.1364,96.1977,,,,,,,,,,,,0.692,0.77,0.583,0.652,0
169.8,-4.0898,1.8763,94.9165,-0.7849,-0.1364,96.1977,,,,,,,,,,,,0.692,0.77,0.583,0.652,0
169.82,-4.0898,1.8763,94.9165,-0.7849,-0.1364,96.1977,,,,,,,,,,,,0.692,0.77,0.583,0.652,0
169.84,-4.0898,1.8763,94.9165,-0.7849,-0.1364,96.1977,,,,,,,,,,,,0.692,0.77,0.583,0.652,0
169.86,-0.6111,1.8526,95.2217,-1.5801,-0.0696,96.1977,,,,,,,,,,,,0.692,0.77,0.583,0.652,0
169.88,-0.6111,1.8526,95.2217,-1.5801,-0.0696,96.1977,,,,,,,,,,,,0.746,0.712,0.52,0.706,0
169.9,-0.6111,1.8526,95.2217,-1.5801,-0.0696,96.1977,,,,,,,,,,,,0.746,0.712,0.52,0.706,0
169.92,-0.6111,1.8526,95.2217,-1.5801,-0.0696,96.1977,,,,,,,,,,,,0.746,0.712,0.52,0.706,0
169.94,-0.6111,1.8526,95.2217,-1.5801,-0.0696,96.1977,,,,,,,,,,,,0.746,0.712,0.52,0.706,0
169.96,2.2939,1.5848,95.59,-1.6485,-0.0356,96.1977,,,,,,,,,,,,0.746,0.712,0.52,0.706,0
169.98,2.2939,1.5848,95.59,-1.6485,-0.0356,96.1977,,,,,,,,,,,,0.702,0.753,0.579,0.658,0
170.0,2.2939,1.5848,95.59,-1.6485,-0.0356,96.1977,,,,,,,,,,,,0.702,0.753,0.579,0.658,0
170.02,2.2939,1.5848,95.59,-1.6485,-0.0356,96.1977,,,,,,,,,,,,0.702,0.753,0.579,0.658,0
170.04,2.2939,1.5848,95.59,-1.6485,-0.0356,96.1977,,,,,,,,,,,,0.702,0.753,0.579,0.658,0
170.06,0.8854,1.3187,95.8282,-1.3279,-0.0182,96.1977,,,,,,,,,,,,0.702,0.753,0.579,0.658,0
170.08,0.8854,1.3187,95.8282,-1.3279,-0.0182,96.1977,,,,,,,,,,,,0.64,0.808,0.634,0.607,0
170.1,0.8854,1.3187,95.8282,-1.3279,-0.0182,96.1977,,,,,,,,,,,,0.64,0.808,0.634,0.607,0
170.12,0.8854,1.3187,95.8282,-1.3279,-0.0182,96.1977,,,,,,,,,,,,0.64,0.808,0.634,0.607,0
170.14,0.8854,1.3187,95.8282,-1.3279,-0.0182,96.1977,,,,,,,,,,,,0.64,0.808,0.634,0.607,0
170.16,-3.0744,1.0816,95.7862,-1.8103,-0.0093,96.1979,,,,,,,,,,,,0.64,0.808,0.634,0.607,0
170.18,-3.0744,1.0816,95.7862,-1.8103,-0.0093,96.1979,,,,,,,,,,,,0.652,0.8,0.644,0.596,0
170.2,-3.0744,1.0816,95.7862,-1.8103,-0.0093,96.1979,,,,,,,,,,,,0.652,0.8,0.644,0.596,0
170.22,-3.0744,1.0816,95.7862,-1.8103,-0.0093,96.1979,,,,,,,,,,,,0.652,0.8,0.644,0.596,0
170.24,-3.0744,1.0816,95.7862,-1.8103,-0.0093,96.1979,,,,,,,,,,,,0.652,0.8,0.644,0.596,0
170.26,-5.7003,0.7829,95.8134,-2.9517,-0.0047,96.1979,,,,,,,,,,,,0.652,0.8,0.644,0.596,0
170.28,-5.7003,0.7829,95.8134,-2.9517,-0.0047,96.1979,,,,,,,,,,,,0.643,0.81,0.64,0.6,0
170.3,-5.7003,0.7829,95.8134,-2.9517,-0.0047,96.1979,,,,,,,,,,,,0.643,0.81,0.64,0.6,0
170.32,-5.7003,0.7829,95.8134,-2.9517,-0.0047,96.1979,,,,,,,,,,,,0.643,0.81,0.64,0.6,0
170.34,-5.7003,0.7829,95.8134,-2.9517,-0.0047,96.1979,,,,,,,,,,,,0.643,0.81,0.64,0.6,0
170.36,-5.7841,1.1571,95.8233,-3.7538,-0.0024,96.1979,,,,,,,,,,,,0.643,0.81,0.64,0.6,0
170.38,-5.7841,1.1571,95.8233,-3.7538,-0.0024,96.1979,,,,,,,,,,,,0.729,0.729,0.541,0.694,0
170.4,-5.7841,1.1571,95.8233,-3.7538,-0.0024,96.1979,,,,,,,,,,,,0.729,0.729,0.541,0.694,0
170.42,-5.7841,1.1571,95.8233,-3.7538,-0.0024,96.1979,,,,,,,,,,,,0.729,0.729,0.541,0.694,0
170.44,-5.7841,1.1571,95.8233,-3.7538,-0.0024,96.1979,,,,,,,,,,,,0.729,0.729,0.541,0.694,0
170.46,-3.8162,1.0083,96.102,-3.9385,-0.0012,96.1979,,,,,,,,,,,,0.729,0.729,0.541,0.694,0
170.48,-3.8162,1.0083,96.102,-3.9385,-0.0012,96.1979,,,,,,,,,,,,0.699,0.752,0.599,0.646,0
170.5,-3.8162,1.0083,96.102,-3.9385,-0.0012,96.1979,,,,,,,,,,,,0.699,0.752,0.599,0.646,0
170.52,-3.8162,1.0083,96.102,-3.9385,-0.0012,96.1979,,,,,,,,,,,,0.699,0.752,0.599,0.646,0
170.54,-3.8162,1.0083,96.102,-3.9385,-0.0012,96.1979,,,,,,,,,,,,0.699,0.752,0.599,0.646,0
170.56,-1.5479,0.5253,96.2316,-2.9275,-0.0006,96.1979,,,,,,,,,,,,0.699,0.752,0.599,0.646,0
170.58,-1.5479,0.5253,96.2316,-2.9275,-0.0006,96.1979,,,,,,,,,,,,0.681,0.768,0.618,0.626,0
170.6,-1.5479,0.5253,96.2316,-2.9275,-0.0006,96.1979,,,,,,,,,,,,0.681,0.768,0.618,0.626,0
170.62,-1.5479,0.5253,96.2316,-2.9275,-0.0006,96.1979,,,,,,,,,,,,0.681,0.768,0.618,0.626,0
170.64,-1.5479,0.5253,96.2316,-2.9275,-0.0006,96.1979,,,,,,,,,,,,0.681,0.768,0.618,0.626,0
170.66,-0.1043,0.138,96.2963,-2.126,-0.0003,96.1978,,,,,,,,,,,,0.681,0.768,0.618,0.626,0
170.68,-0.1043,0.138,96.2963,-2.126,-0.0003,96.1978,,,,,,,,,,,,0.668,0.78,0.611,0.632,0
170.7,-0.1043,0.138,96.2963,-2.126,-0.0003,96.1978,,,,,,,,,,,,0.668,0.78,0.611,0.632,0
170.72,-0.1043,0.138,96.2963,-2.126,-0.0003,96.1978,,,,,,,,,,,,0.668,0.78,0.611,0.632,0
170.74,-0.1043,0.138,96.2963,-2.126,-0.0003,96.1978,,,,,,,,,,,,0.668,0.78,0.611,0.632,0
170.76,0.3705,-0.0708,96.2,-1.8054,-0.0847,96.1978,,,,,,,,,,,,0.668,0.78,0.611,0.632,0
170.78,0.3705,-0.0708,96.2,-1.8054,-0.0847,96.1978,,,,,,,,,,,,0.661,0.789,0.612,0.627,0
170.8,0.3705,-0.0708,96.2,-1.8054,-0.0847,96.1978,,,,,,,,,,,,0.661,0.789,0.612,0.627,0
170.82,0.3705,-0.0708,96.2,-1.8054,-0.0847,96.1978,,,,,,,,,,,,0.661,0.789,0.612,0.627,0
170.84,0.3705,-0.0708,96.2,-1.8054,-0.0847,96.1978,,,,,,,,,,,,0.661,0.789,0.612,0.627,0
170.86,-0.8279,-0.3817,95.9666,-2.3156,-0.6909,96.1979,,,,,,,,,,,,0.661,0.789,0.612,0.627,0
170.88,-0.8279,-0.3817,95.9666,-2.3156,-0.6909,96.1979,,,,,,,,,,,,0.67,0.784,0.629,0.605,0
170.9,-0.8279,-0.3817,95.9666,-2.3156,-0.6909,96.1979,,,,,,,,,,,,0.67,0.784,0.629,0.605,0
170.92,-0.8279,-0.3817,95.9666,-2.3156,-0.6909,96.1979,,,,,,,,,,,,0.67,0.784,0.629,0.605,0
170.94,-0.8279,-0.3817,95.9666,-2.3156,-0.6909,96.1979,,,,,,,,,,,,0.67,0.784,0.629,0.605,0
170.96,-3.4071,-1.7341,95.7327,-3.225,-0.7617,96.198,,,,,,,,,,,,0.67,0.784,0.629,0.605,0
170.98,-3.4071,-1.7341,95.7327,-3.225,-0.7617,96.198,,,,,,,,,,,,0.659,0.784,0.632,0.581,0
171.0,-3.4071,-1.7341,95.7327,-3.225,-0.7617,96.198,,,,,,,,,,,,0.659,0.784,0.632,0.581,0
171.02,-3.4071,-1.7341,95.7327,-3.225,-0.7617,96.198,,,,,,,,,,,,0.659,0.784,0.632,0.581,0
171.04,-3.4071,-1.7341,95.7327,-3.225,-0.7617,96.198,,,,,,,,,,,,0.659,0.784,0.632,0.581,0
171.06,-4.1687,-2.8356,95.6432,-4.2074,-1.0036,96.198,,,,,,,,,,,,0.659,0.784,0.632,0.581,0
171.08,-4.1687,-2.8356,95.6432,-4.2074,-1.0036,96.198,,,,,,,,,,,,0.699,0.75,0.592,0.62,0
171.1,-4.1687,-2.8356,95.6432,-4.2074,-1.0036,96.198,,,,,,,,,,,,0.699,0.75,0.592,0.62,0
171.12,-4.1687,-2.8356,95.6432,-4.2074,-1.0036,96.198,,,,,,,,,,,,0.699,0.75,0.592,0.62,0
171.14,-4.1687,-2.8356,95.6432,-4.2074,-1.0036,96.198,,,,,,,,,,,,0.699,0.75,0.592,0.62,0
171.16,-4.6735,-2.8254,95.5533,-4.7376,-1.7138,96.1981,,,,,,,,,,,,0.699,0.75,0.592,0.62,0
171.18,-4.6735,-2.8254,95.5533,-4.7376,-1.7138,96.1981,,,,,,,,,,,,0.724,0.72,0.54,0.666,0
171.2,-4.6735,-2.8254,95.5533,-4.7376,-1.7138,96.1981,,,,,,,,,,,,0.724,0.72,0.54,0.666,0
171.22,-4.6735,-2.8254,95.5533,-4.7376,-1.7138,96.1981,,,,,,,,,,,,0.724,0.72,0.54,0.666,0
171.24,-4.6735,-2.8254,95.5533,-4.7376,-1.7138,96.1981,,,,,,,,,,,,0.724,0.72,0.54,0.666,0
171.26,-4.261,-3.2919,95.5266,-4.8503,-2.0591,96.1981,,,,,,,,,,,,0.724,0.72,0.54,0.666,0
171.28,-4.261,-3.2919,95.5266,-4.8503,-2.0591,96.1981,,,,,,,,,,,,0.676,0.763,0.603,0.605,0
171.3,-4.261,-3.2919,95.5266,-4.8503,-2.0591,96.1981,,,,,,,,,,,,0.676,0.763,0.603,0.605,0
171.32,-4.261,-3.2919,95.5266,-4.8503,-2.0591,96.1981,,,,,,,,,,,,0.676,0.763,0.603,0.605,0
171.34,-4.261,-3.2919,95.5266,-4.8503,-2.0591,96.1981,,,,,,,,,,,,0.676,0.763,0.603,0.605,0
171.36,-2.6675,-4.3279,95.6332,-4.7462,-2.2318,96.1981,,,,,,,,,,,,0.676,0.763,0.603,0.605,0
171.38,-2.6675,-4.3279,95.6332,-4.7462,-2.2318,96.1981,,,,,,,,,,,,0.71,0.731,0.587,0.622,0
171.4,-2.6675,-4.3279,95.6332,-4.7462,-2.2318,96.1981,,,,,,,,,,,,0.71,0.731,0.587,0.622,0
171.42,-2.6675,-4.3279,95.6332,-4.7462,-2.2318,96.1981,,,,,,,,,,,,0.71,0.731,0.587,0.622,0
171.44,-2.6675,-4.3279,95.6332,-4.7462,-2.2318,96.1981,,,,,,,,,,,,0.71,0.731,0.587,0.622,0
171.46,-2.5296,-4.9687,95.713,-3.7774,-2.6884,96.198,,,,,,,,,,,,0.71,0.731,0.587,0.622,0
171.48,-2.5296,-4.9687,95.713,-3.7774,-2.6884,96.198,,,,,,,,,,,,0.71,0.729,0.587,0.624,0
171.5,-2.5296,-4.9687,95.713,-3.7774,-2.6884,96.198,,,,,,,,,,,,0.71,0.729,0.587,0.624,0
171.52,-2.5296,-4.9687,95.713,-3.7774,-2.6884,96.198,,,,,,,,,,,,0.71,0.729,0.587,0.624,0
171.54,-2.5296,-4.9687,95.713,-3.7774,-2.6884,96.198,,,,,,,,,,,,0.71,0.729,0.587,0.624,0
171.56,-2.2306,-4.5261,95.7198,-2.0718,-2.8971,96.1979,,,,,,,,,,,,0.71,0.729,0.587,0.624,0
171.58,-2.2306,-4.5261,95.7198,-2.0718,-2.8971,96.1979,,,,,,,,,,,,0.651,0.782,0.6,0.615,0
171.6,-2.2306,-4.5261,95.7198,-2.0718,-2.8971,96.1979,,,,,,,,,,,,0.651,0.782,0.6,0.615,0
171.62,-2.2306,-4.5261,95.7198,-2.0718,-2.8971,96.1979,,,,,,,,,,,,0.651,0.782,0.6,0.615,0
171.64,-2.2306,-4.5261,95.7198,-2.0718,-2.8971,96.1979,,,,,,,,,,,,0.651,0.782,0.6,0.615,0
171.66,-0.3186,-3.0426,95.7091,-1.0577,-2.3897,96.198,,,,,,,,,,,,0.651,0.782,0.6,0.615,0
171.68,-0.3186,-3.0426,95.7091,-1.0577,-2.3897,96.198,,,,,,,,,,,,0.643,0.789,0.616,0.597,0
171.7,-0.3186,-3.0426,95.7091,-1.0577,-2.3897,96.198,,,,,,,,,,,,0.643,0.789,0.616,0.597,0
171.72,-0.3186,-3.0426,95.7091,-1.0577,-2.3897,96.198,,,,,,,,,,,,0.643,0.789,0.616,0.597,0
171.74,-0.3186,-3.0426,95.7091,-1.0577,-2.3897,96.198,,,,,,,,,,,,0.643,0.789,0.616,0.597,0
171.76,1.0039,-1.4094,95.6158,-0.54,-1.4143,96.3767,,,,,,,,,,,,0.643,0.789,0.616,0.597,0
171.78,1.0039,-1.4094,95.6158,-0.54,-1.4143,96.3767,,,,,,,,,,,,0.711,0.731,0.554,0.647,0
171.8,1.0039,-1.4094,95.6158,-0.54,-1.4143,96.3767,,,,,,,,,,,,0.711,0.731,0.554,0.647,0
171.82,1.0039,-1.4094,95.6158,-0.54,-1.4143,96.3767,,,,,,,,,,,,0.711,0.731,0.554,0.647,0
171.84,1.0039,-1.4094,95.6158,-0.54,-1.4143,96.3767,,,,,,,,,,,,0.711,0.731,0.554,0.647,0
171.86,0.8597,0.3608,95.6093,-0.2756,-0.7221,97.0964,,,,,,,,,,,,0.711,0.731,0.554,0.647,0
171.88,0.8597,0.3608,95.6093,-0.2756,-0.7221,97.0964,,,,,,,,,,,,0.636,0.812,0.591,0.595,0
171.9,0.8597,0.3608,95.6093,-0.2756,-0.7221,97.0964,,,,,,,,,,,,0.636,0.812,0.591,0.595,0
171.92,0.8597,0.3608,95.6093,-0.2756,-0.7221,97.0964,,,,,,,,,,,,0.636,0.812,0.591,0.595,0
171.94,0.8597,0.3608,95.6093,-0.2756,-0.7221,97.0964,,,,,,,,,,,,0.636,0.812,0.591,0.595,0
171.96,-0.6558,3.0564,95.7225,-0.1407,-0.3687,97.8047,,,,,,,,,,,,0.636,0.812,0.591,0.595,0
171.98,-0.6558,3.0564,95.7225,-0.1407,-0.3687,97.8047,,,,,,,,,,,,0.658,0.8,0.536,0.641,0
172.0,-0.6558,3.0564,95.7225,-0.1407,-0.3687,97.8047,,,,,,,,,,,,0.658,0.8,0.536,0.641,0
172.02,-0.6558,3.0564,95.7225,-0.1407,-0.3687,97.8047,,,,,,,,,,,,0.658,0.8,0.536,0.641,0
172.04,-0.6558,3.0564,95.7225,-0.1407,-0.3687,97.8047,,,,,,,,,,,,0.658,0.8,0.536,0.641,0
172.06,-3.0221,4.4088,95.8167,-0.0718,-0.1882,98.4769,,,,,,,,,,,,0.658,0.8,0.536,0.641,0
172.08,-3.0221,4.4088,95.8167,-0.0718,-0.1882,98.4769,,,,,,,,,,,,0.64,0.821,0.604,0.576,0
172.1,-3.0221,4.4088,95.8167,-0.0718,-0.1882,98.4769,,,,,,,,,,,,0.64,0.821,0.604,0.576,0
172.12,-3.0221,4.4088,95.8167,-0.0718,-0.1882,98.4769,,,,,,,,,,,,0.64,0.821,0.604,0.576,0
172.14,-3.0221,4.4088,95.8167,-0.0718,-0.1882,98.4769,,,,,,,,,,,,0.64,0.821,0.604,0.576,0
172.16,-3.5104,3.4997,96.3198,-0.0367,-0.1664,98.4941,,,,,,,,,,,,0.64,0.821,0.604,0.576,0
172.18,-3.5104,3.4997,96.3198,-0.0367,-0.1664,98.4941,,,,,,,,,,,,0.679,0.779,0.608,0.594,0
172.2,-3.5104,3.4997,96.3198,-0.0367,-0.1664,98.4941,,,,,,,,,,,,0.679,0.779,0.608,0.594,0
172.22,-3.5104,3.4997,96.3198,-0.0367,-0.1664,98.4941,,,,,,,,,,,,0.679,0.779,0.608,0.594,0
172.24,-3.5104,3.4997,96.3198,-0.0367,-0.1664,98.4941,,,,,,,,,,,,0.679,0.779,0.608,0.594,0
172.26,-3.0146,1.7867,96.7878,-0.0187,-0.7582,98.4941,,,,,,,,,,,,0.679,0.779,0.608,0.594,0
172.28,-3.0146,1.7867,96.7878,-0.0187,-0.7582,98.4941,,,,,,,,,,,,0.739,0.713,0.516,0.686,0
172.3,-3.0146,1.7867,96.7878,-0.0187,-0.7582,98.4941,,,,,,,,,,,,0.739,0.713,0.516,0.686,0
172.32,-3.0146,1.7867,96.7878,-0.0187,-0.7582,98.4941,,,,,,,,,,,,0.739,0.713,0.516,0.686,0
172.34,-3.0146,1.7867,96.7878,-0.0187,-0.7582,98.4941,,,,,,,,,,,,0.739,0.713,0.516,0.686,0
172.36,-1.5884,-0.5556,97.3704,-0.0096,-1.6003,98.494,,,,,,,,,,,,0.739,0.713,0.516,0.686,0
172.38,-1.5884,-0.5556,97.3704,-0.0096,-1.6003,98.494,,,,,,,,,,,,0.673,0.769,0.609,0.609,0
172.4,-1.5884,-0.5556,97.3704,-0.0096,-1.6003,98.494,,,,,,,,,,,,0.673,0.769,0.609,0.609,0
172.42,-1.5884,-0.5556,97.3704,-0.0096,-1.6003,98.494,,,,,,,,,,,,0.673,0.769,0.609,0.609,0
172.44,-1.5884,-0.5556,97.3704,-0.0096,-1.6003,98.494,,,,,,,,,,,,0.673,0.769,0.609,0.609,0
172.46,1.2156,-3.4636,97.7627,-0.0049,-2.2327,98.494,,,,,,,,,,,,0.673,0.769,0.609,0.609,0
172.48,1.2156,-3.4636,97.7627,-0.0049,-2.2327,98.494,,,,,,,,,,,,0.69,0.753,0.612,0.61,0
172.5,1.2156,-3.4636,97.7627,-0.0049,-2.2327,98.494,,,,,,,,,,,,0.69,0.753,0.612,0.61,0
172.52,1.2156,-3.4636,97.7627,-0.0049,-2.2327,98.494,,,,,,,,,,,,0.69,0.753,0.612,0.61,0
172.54,1.2156,-3.4636,97.7627,-0.0049,-2.2327,98.494,,,,,,,,,,,,0.69,0.753,0.612,0.61,0
172.56,3.0795,-5.4434,98.0344,-0.0025,-2.389,98.494,,,,,,,,,,,,0.69,0.753,0.612,0.61,0
172.58,3.0795,-5.4434,98.0344,-0.0025,-2.389,98.494,,,,,,,,,,,,0.748,0.694,0.589,0.639,0
172.6,3.0795,-5.4434,98.0344,-0.0025,-2.389,98.494,,,,,,,,,,,,0.748,0.694,0.589,0.639,0
172.62,3.0795,-5.4434,98.0344,-0.0025,-2.389,98.494,,,,,,,,,,,,0.748,0.694,0.589,0.639,0
172.64,3.0795,-5.4434,98.0344,-0.0025,-2.389,98.494,,,,,,,,,,,,0.748,0.694,0.589,0.639,0
172.66,1.9935,-6.0188,98.4251,-0.0013,-2.0868,98.4939,,,,,,,,,,,,0.748,0.694,0.589,0.639,0
172.68,1.9935,-6.0188,98.4251,-0.0013,-2.0868,98.4939,,,,,,,,,,,,0.625,0.802,0.694,0.532,0
172.7,1.9935,-6.0188,98.4251,-0.0013,-2.0868,98.4939,,,,,,,,,,,,0.625,0.802,0.694,0.532,0
172.72,1.9935,-6.0188,98.4251,-0.0013,-2.0868,98.4939,,,,,,,,,,,,0.625,0.802,0.694,0.532,0
172.74,1.9935,-6.0188,98.4251,-0.0013,-2.0868,98.4939,,,,,,,,,,,,0.625,0.802,0.694,0.532,0
172.76,-1.6236,-3.5939,98.8133,-0.0006,-1.4295,98.4939,,,,,,,,,,,,0.625,0.802,0.694,0.532,0
172.78,-1.6236,-3.5939,98.8133,-0.0006,-1.4295,98.4939,,,,,,,,,,,,0.539,0.858,0.658,0.579,0
172.8,-1.6236,-3.5939,98.8133,-0.0006,-1.4295,98.4939,,,,,,,,,,,,0.539,0.858,0.658,0.579,0
172.82,-1.6236,-3.5939,98.8133,-0.0006,-1.4295,98.4939,,,,,,,,,,,,0.539,0.858,0.658,0.579,0
172.84,-1.6236,-3.5939,98.8133,-0.0006,-1.4295,98.4939,,,,,,,,,,,,0.539,0.858,0.658,0.579,0
172.86,-4.6869,3.6212,98.4532,-0.0003,-0.7319,98.4939,,,,,,,,,,,,0.539,0.858,0.658,0.579,0
172.88,-4.6869,3.6212,98.4532,-0.0003,-0.7319,98.4939,,,,,,,,,,,,0.71,0.725,0.522,0.7,0
172.9,-4.6869,3.6212,98.4532,-0.0003,-0.7319,98.4939,,,,,,,,,,,,0.71,0.725,0.522,0.7,0
172.92,-4.6869,3.6212,98.4532,-0.0003,-0.7319,98.4939,,,,,,,,,,,,0.71,0.725,0.522,0.7,0
172.94,-4.6869,3.6212,98.4532,-0.0003,-0.7319,98.4939,,,,,,,,,,,,0.71,0.725,0.522,0.7,0
172.96,3.6399,-0.5117,96.9563,-0.6248,-0.3737,98.4938,,,,,,,,,,,,0.71,0.725,0.522,0.7,0
172.98,3.6399,-0.5117,96.9563,-0.6248,-0.3737,98.4938,,,,,,,,,,,,0.774,0.693,0.577,0.612,0
173.0,3.6399,-0.5117,96.9563,-0.6248,-0.3737,98.4938,,,,,,,,,,,,0.774,0.693,0.577,0.612,0
173.02,3.6399,-0.5117,96.9563,-0.6248,-0.3737,98.4938,,,,,,,,,,,,0.774,0.693,0.577,0.612,0
173.04,3.6399,-0.5117,96.9563,-0.6248,-0.3737,98.4938,,,,,,,,,,,,0.774,0.693,0.577,0.612,0
173.06,3.4165,-0.4775,94.6974,-0.527,-0.1908,98.4938,,,,,,,,,,,,0.774,0.693,0.577,0.612,0
173.08,3.4165,-0.4775,94.6974,-0.527,-0.1908,98.4938,,,,,,,,,,,,0.736,0.768,0.554,0.588,0
173.1,3.4165,-0.4775,94.6974,-0.527,-0.1908,98.4938,,,,,,,,,,,,0.736,0.768,0.554,0.588,0
173.12,3.4165,-0.4775,94.6974,-0.527,-0.1908,98.4938,,,,,,,,,,,,0.736,0.768,0.554,0.588,0
173.14,3.4165,-0.4775,94.6974,-0.527,-0.1908,98.4938,,,,,,,,,,,,0.736,0.768,0.554,0.588,0
173.16,-0.4039,-1.626,93.134,-0.2691,-0.0974,98.4938,,,,,,,,,,,,0.736,0.768,0.554,0.588,0
173.18,-0.4039,-1.626,93.134,-0.2691,-0.0974,98.4938,,,,,,,,,,,,0.66,0.847,0.638,0.477,0
173.2,-0.4039,-1.626,93.134,-0.2691,-0.0974,98.4938,,,,,,,,,,,,0.66,0.847,0.638,0.477,0
173.22,-0.4039,-1.626,93.134,-0.2691,-0.0974,98.4938,,,,,,,,,,,,0.66,0.847,0.638,0.477,0
173.24,-0.4039,-1.626,93.134,-0.2691,-0.0974,98.4938,,,,,,,,,,,,0.66,0.847,0.638,0.477,0
173.26,-3.5033,-3.2478,92.5731,-0.1374,-0.0497,98.4939,,,,,,,,,,,,0.66,0.847,0.638,0.477,0
173.28,-3.5033,-3.2478,92.5731,-0.1374,-0.0497,98.4939,,,,,,,,,,,,0.728,0.787,0.595,0.539,0
173.3,-3.5033,-3.2478,92.5731,-0.1374,-0.0497,98.4939,,,,,,,,,,,,0.728,0.787,0.595,0.539,0
173.32,-3.5033,-3.2478,92.5731,-0.1374,-0.0497,98.4939,,,,,,,,,,,,0.728,0.787,0.595,0.539,0
173.34,-3.5033,-3.2478,92.5731,-0.1374,-0.0497,98.4939,,,,,,,,,,,,0.728,0.787,0.595,0.539,0
173.36,-3.0222,-0.5723,92.739,-0.0701,-0.0681,98.4939,,,,,,,,,,,,0.728,0.787,0.595,0.539,0
173.38,-3.0222,-0.5723,92.739,-0.0701,-0.0681,98.4939,,,,,,,,,,,,0.68,0.814,0.521,0.629,0
173.4,-3.0222,-0.5723,92.739,-0.0701,-0.0681,98.4939,,,,,,,,,,,,0.68,0.814,0.521,0.629,0
173.42,-3.0222,-0.5723,92.739,-0.0701,-0.0681,98.4939,,,,,,,,,,,,0.68,0.814,0.521,0.629,0
173.44,-3.0222,-0.5723,92.739,-0.0701,-0.0681,98.4939,,,,,,,,,,,,0.68,0.814,0.521,0.629,0
173.46,0.3475,1.7304,93.547,-0.0566,-0.0762,98.4939,,,,,,,,,,,,0.68,0.814,0.521,0.629,0
173.48,0.3475,1.7304,93.547,-0.0566,-0.0762,98.4939,,,,,,,,,,,,0.676,0.802,0.566,0.607,0
173.5,0.3475,1.7304,93.547,-0.0566,-0.0762,98.4939,,,,,,,,,,,,0.676,0.802,0.566,0.607,0
173.52,0.3475,1.7304,93.547,-0.0566,-0.0762,98.4939,,,,,,,,,,,,0.676,0.802,0.566,0.607,0
173.54,0.3475,1.7304,93.547,-0.0566,-0.0762,98.4939,,,,,,,,,,,,0.676,0.802,0.566,0.607,0
173.56,1.2897,-0.2034,94.43,-0.1234,-0.0389,98.4939,,,,,,,,,,,,0.676,0.802,0.566,0.607,0
173.58,1.2897,-0.2034,94.43,-0.1234,-0.0389,98.4939,,,,,,,,,,,,0.698,0.773,0.65,0.529,0
173.6,1.2897,-0.2034,94.43,-0.1234,-0.0389,98.4939,,,,,,,,,,,,0.698,0.773,0.65,0.529,0
173.62,1.2897,-0.2034,94.43,-0.1234,-0.0389,98.4939,,,,,,,,,,,,0.698,0.773,0.65,0.529,0
173.64,1.2897,-0.2034,94.43,-0.1234,-0.0389,98.4939,,,,,,,,,,,,0.698,0.773,0.65,0.529,0
173.66,-1.3295,-2.0347,95.3513,-0.063,-0.0198,98.4939,,,,,,,,,,,,0.698,0.773,0.65,0.529,0
173.68,-1.3295,-2.0347,95.3513,-0.063,-0.0198,98.4939,,,,,,,,,,,,0.672,0.788,0.647,0.546,0
173.7,-1.3295,-2.0347,95.3513,-0.063,-0.0198,98.4939,,,,,,,,,,,,0.672,0.788,0.647,0.546,0
173.72,-1.3295,-2.0347,95.3513,-0.063,-0.0198,98.4939,,,,,,,,,,,,0.672,0.788,0.647,0.546,0
173.74,-1.3295,-2.0347,95.3513,-0.063,-0.0198,98.4939,,,,,,,,,,,,0.672,0.788,0.647,0.546,0
173.76,-2.8827,-1.9346,96.3793,-0.0322,-0.0101,98.4938,,,,,,,,,,,,0.672,0.788,0.647,0.546,0
173.78,-2.8827,-1.9346,96.3793,-0.0322,-0.0101,98.4938,,,,,,,,,,,,0.644,0.805,0.644,0.572,0
173.8,-2.8827,-1.9346,96.3793,-0.0322,-0.0101,98.4938,,,,,,,,,,,,0.644,0.805,0.644,0.572,0
173.82,-2.8827,-1.9346,96.3793,-0.0322,-0.0101,98.4938,,,,,,,,,,,,0.644,0.805,0.644,0.572,0
173.84,-2.8827,-1.9346,96.3793,-0.0322,-0.0101,98.4938,,,,,,,,,,,,0.644,0.805,0.644,0.572,0
173.86,-1.608,-0.5339,97.3178,-0.0164,-0.0052,98.4938,,,,,,,,,,,,0.644,0.805,0.644,0.572,0
173.88,-1.608,-0.5339,97.3178,-0.0164,-0.0052,98.4938,,,,,,,,,,,,0.659,0.781,0.602,0.626,0
173.9,-1.608,-0.5339,97.3178,-0.0164,-0.0052,98.4938,,,,,,,,,,,,0.659,0.781,0.602,0.626,0
173.92,-1.608,-0.5339,97.3178,-0.0164,-0.0052,98.4938,,,,,,,,,,,,0.659,0.781,0.602,0.626,0
173.94,-1.608,-0.5339,97.3178,-0.0164,-0.0052,98.4938,,,,,,,,,,,,0.659,0.781,0.602,0.626,0
173.96,0.392,0.573,98.3671,-0.0626,-0.0026,98.4938,,,,,,,,,,,,0.659,0.781,0.602,0.626,0
173.98,0.392,0.573,98.3671,-0.0626,-0.0026,98.4938,,,,,,,,,,,,0.701,0.747,0.597,0.659,0
174.0,0.392,0.573,98.3671,-0.0626,-0.0026,98.4938,,,,,,,,,,,,0.701,0.747,0.597,0.659,0
174.02,0.392,0.573,98.3671,-0.0626,-0.0026,98.4938,,,,,,,,,,,,0.701,0.747,0.597,0.659,0
174.04,0.392,0.573,98.3671,-0.0626,-0.0026,98.4938,,,,,,,,,,,,0.701,0.747,0.597,0.659,0
174.06,0.0102,-0.158,99.0842,-0.1771,-0.0013,98.4938,,,,,,,,,,,,0.701,0.747,0.597,0.659,0
174.08,0.0102,-0.158,99.0842,-0.1771,-0.0013,98.4938,,,,,,,,,,,,0.673,0.768,0.674,0.588,0
174.1,0.0102,-0.158,99.0842,-0.1771,-0.0013,98.4938,,,,,,,,,,,,0.673,0.768,0.674,0.588,0
174.12,0.0102,-0.158,99.0842,-0.1771,-0.0013,98.4938,,,,,,,,,,,,0.673,0.768,0.674,0.588,0
174.14,0.0102,-0.158,99.0842,-0.1771,-0.0013,98.4938,,,,,,,,,,,,0.673,0.768,0.674,0.588,0
174.16,-1.3647,-1.7605,99.5783,-0.1502,-0.0007,98.4938,,,,,,,,,,,,0.673,0.768,0.674,0.588,0
174.18,-1.3647,-1.7605,99.5783,-0.1502,-0.0007,98.4938,,,,,,,,,,,,0.652,0.787,0.693,0.567,0
174.2,-1.3647,-1.7605,99.5783,-0.1502,-0.0007,98.4938,,,,,,,,,,,,0.652,0.787,0.693,0.567,0
174.22,-1.3647,-1.7605,99.5783,-0.1502,-0.0007,98.4938,,,,,,,,,,,,0.652,0.787,0.693,0.567,0
174.24,-1.3647,-1.7605,99.5783,-0.1502,-0.0007,98.4938,,,,,,,,,,,,0.652,0.787,0.693,0.567,0
174.26,-2.3027,-1.6966,99.7164,-0.0767,-0.0063,98.4938,,,,,,,,,,,,0.652,0.787,0.693,0.567,0
174.28,-2.3027,-1.6966,99.7164,-0.0767,-0.0063,98.4938,,,,,,,,,,,,0.659,0.784,0.628,0.635,0
174.3,-2.3027,-1.6966,99.7164,-0.0767,-0.0063,98.4938,,,,,,,,,,,,0.659,0.784,0.628,0.635,0
174.32,-2.3027,-1.6966,99.7164,-0.0767,-0.0063,98.4938,,,,,,,,,,,,0.659,0.784,0.628,0.635,0
174.34,-2.3027,-1.6966,99.7164,-0.0767,-0.0063,98.4938,,,,,,,,,,,,0.659,0.784,0.628,0.635,0
174.36,-2.0724,-0.3387,99.6536,-0.0392,-0.1566,98.4939,,,,,,,,,,,,0.659,0.784,0.628,0.635,0
174.38,-2.0724,-0.3387,99.6536,-0.0392,-0.1566,98.4939,,,,,,,,,,,,0.606,0.829,0.645,0.614,0
174.4,-2.0724,-0.3387,99.6536,-0.0392,-0.1566,98.4939,,,,,,,,,,,,0.606,0.829,0.645,0.614,0
174.42,-2.0724,-0.3387,99.6536,-0.0392,-0.1566,98.4939,,,,,,,,,,,,0.606,0.829,0.645,0.614,0
174.44,-2.0724,-0.3387,99.6536,-0.0392,-0.1566,98.4939,,,,,,,,,,,,0.606,0.829,0.645,0.614,0
174.46,-0.2544,1.0782,99.4788,-0.02,-0.3176,98.4939,,,,,,,,,,,,0.606,0.829,0.645,0.614,0
174.48,-0.2544,1.0782,99.4788,-0.02,-0.3176,98.4939,,,,,,,,,,,,0.694,0.759,0.585,0.666,0
174.5,-0.2544,1.0782,99.4788,-0.02,-0.3176,98.4939,,,,,,,,,,,,0.694,0.759,0.585,0.666,0
174.52,-0.2544,1.0782,99.4788,-0.02,-0.3176,98.4939,,,,,,,,,,,,0.694,0.759,0.585,0.666,0
174.54,-0.2544,1.0782,99.4788,-0.02,-0.3176,98.4939,,,,,,,,,,,,0.694,0.759,0.585,0.666,0
174.56,-0.0132,0.721,99.2206,-0.0102,-0.1756,98.4939,,,,,,,,,,,,0.694,0.759,0.585,0.666,0
174.58,-0.0132,0.721,99.2206,-0.0102,-0.1756,98.4939,,,,,,,,,,,,0.654,0.798,0.668,0.578,0
174.6,-0.0132,0.721,99.2206,-0.0102,-0.1756,98.4939,,,,,,,,,,,,0.654,0.798,0.668,0.578,0
174.62,-0.0132,0.721,99.2206,-0.0102,-0.1756,98.4939,,,,,,,,,,,,0.654,0.798,0.668,0.578,0
174.64,-0.0132,0.721,99.2206,-0.0102,-0.1756,98.4939,,,,,,,,,,,,0.654,0.798,0.668,0.578,0
174.66,-1.306,-0.4995,98.9379,-0.0052,-0.0896,98.4939,,,,,,,,,,,,0.654,0.798,0.668,0.578,0
174.68,-1.306,-0.4995,98.9379,-0.0052,-0.0896,98.4939,,,,,,,,,,,,0.702,0.758,0.635,0.61,0
174.7,-1.306,-0.4995,98.9379,-0.0052,-0.0896,98.4939,,,,,,,,,,,,0.702,0.758,0.635,0.61,0
174.72,-1.306,-0.4995,98.9379,-0.0052,-0.0896,98.4939,,,,,,,,,,,,0.702,0.758,0.635,0.61,0
174.74,-1.306,-0.4995,98.9379,-0.0052,-0.0896,98.4939,,,,,,,,,,,,0.702,0.758,0.635,0.61,0
174.76,-3.826,-0.9433,98.8932,-0.0027,-0.0458,98.4939,,,,,,,,,,,,0.702,0.758,0.635,0.61,0
174.78,-3.826,-0.9433,98.8932,-0.0027,-0.0458,98.4939,,,,,,,,,,,,0.618,0.828,0.694,0.546,0
174.8,-3.826,-0.9433,98.8932,-0.0027,-0.0458,98.4939,,,,,,,,,,,,0.618,0.828,0.694,0.546,0
174.82,-3.826,-0.9433,98.8932,-0.0027,-0.0458,98.4939,,,,,,,,,,,,0.618,0.828,0.694,0.546,0
174.84,-3.826,-0.9433,98.8932,-0.0027,-0.0458,98.4939,,,,,,,,,,,,0.618,0.828,0.694,0.546,0
174.86,-4.2375,-0.6283,99.0559,-0.0014,-0.0234,98.4939,,,,,,,,,,,,0.618,0.828,0.694,0.546,0
174.88,-4.2375,-0.6283,99.0559,-0.0014,-0.0234,98.4939,,,,,,,,,,,,0.629,0.816,0.673,0.577,0
174.9,-4.2375,-0.6283,99.0559,-0.0014,-0.0234,98.4939,,,,,,,,,,,,0.629,0.816,0.673,0.577,0
174.92,-4.2375,-0.6283,99.0559,-0.0014,-0.0234,98.4939,,,,,,,,,,,,0.629,0.816,0.673,0.577,0
174.94,-4.2375,-0.6283,99.0559,-0.0014,-0.0234,98.4939,,,,,,,,,,,,0.629,0.816,0.673,0.577,0
174.96,-2.5237,-0.6233,99.367,-0.0007,-0.0439,98.4939,,,,,,,,,,,,0.629,0.816,0.673,0.577,0
174.98,-2.5237,-0.6233,99.367,-0.0007,-0.0439,98.4939,,,,,,,,,,,,0.715,0.735,0.595,0.661,0
175.0,-2.5237,-0.6233,99.367,-0.0007,-0.0439,98.4939,,,,,,,,,,,,0.715,0.735,0.595,0.661,0
175.02,-2.5237,-0.6233,99.367,-0.0007,-0.0439,98.4939,,,,,,,,,,,,0.715,0.735,0.595,0.661,0
175.04,-2.5237,-0.6233,99.367,-0.0007,-0.0439,98.4939,,,,,,,,,,,,0.715,0.735,0.595,0.661,0
175.06,0.7401,0.2366,99.7022,0.1887,-0.0313,98.4939,,,,,,,,,,,,0.715,0.735,0.595,0.661,0
175.08,0.7401,0.2366,99.7022,0.1887,-0.0313,98.4939,,,,,,,,,,,,0.75,0.692,0.536,0.717,0
175.1,0.7401,0.2366,99.7022,0.1887,-0.0313,98.4939,,,,,,,,,,,,0.75,0.692,0.536,0.717,0
175.12,0.7401,0.2366,99.7022,0.1887,-0.0313,98.4939,,,,,,,,,,,,0.75,0.692,0.536,0.717,0
175.14,0.7401,0.2366,99.7022,0.1887,-0.0313,98.4939,,,,,,,,,,,,0.75,0.692,0.536,0.717,0
175.16,3.0285,0.6936,100.1316,0.9555,-0.016,98.494,,,,,,,,,,,,0.75,0.692,0.536,0.717,0
175.18,3.0285,0.6936,100.1316,0.9555,-0.016,98.494,,,,,,,,,,,,0.701,0.738,0.594,0.673,0
175.2,3.0285,0.6936,100.1316,0.9555,-0.016,98.494,,,,,,,,,,,,0.701,0.738,0.594,0.673,0
175.22,3.0285,0.6936,100.1316,0.9555,-0.016,98.494,,,,,,,,,,,,0.701,0.738,0.594,0.673,0
175.24,3.0285,0.6936,100.1316,0.9555,-0.016,98.494,,,,,,,,,,,,0.701,0.738,0.594,0.673,0
175.26,3.3032,0.3933,100.1582,1.4984,-0.0082,98.494,,,,,,,,,,,,0.701,0.738,0.594,0.673,0
175.28,3.3032,0.3933,100.1582,1.4984,-0.0082,98.494,,,,,,,,,,,,0.701,0.741,0.621,0.646,0
175.3,3.3032,0.3933,100.1582,1.4984,-0.0082,98.494,,,,,,,,,,,,0.701,0.741,0.621,0.646,0
175.32,3.3032,0.3933,100.1582,1.4984,-0.0082,98.494,,,,,,,,,,,,0.701,0.741,0.621,0.646,0
175.34,3.3032,0.3933,100.1582,1.4984,-0.0082,98.494,,,,,,,,,,,,0.701,0.741,0.621,0.646,0
175.36,1.7053,-0.7261,100.0303,1.449,-0.0042,98.4941,,,,,,,,,,,,0.701,0.741,0.621,0.646,0
175.38,1.7053,-0.7261,100.0303,1.449,-0.0042,98.4941,,,,,,,,,,,,0.726,0.718,0.631,0.632,0
175.4,1.7053,-0.7261,100.0303,1.449,-0.0042,98.4941,,,,,,,,,,,,0.726,0.718,0.631,0.632,0
175.42,1.7053,-0.7261,100.0303,1.449,-0.0042,98.4941,,,,,,,,,,,,0.726,0.718,0.631,0.632,0
175.44,1.7053,-0.7261,100.0303,1.449,-0.0042,98.4941,,,,,,,,,,,,0.726,0.718,0.631,0.632,0
175.46,-1.0525,-1.3293,99.8175,1.7,-0.0021,98.4941,,,,,,,,,,,,0.726,0.718,0.631,0.632,0
175.48,-1.0525,-1.3293,99.8175,1.7,-0.0021,98.4941,,,,,,,,,,,,0.657,0.785,0.663,0.594,0
175.5,-1.0525,-1.3293,99.8175,1.7,-0.0021,98.4941,,,,,,,,,,,,0.657,0.785,0.663,0.594,0
175.52,-1.0525,-1.3293,99.8175,1.7,-0.0021,98.4941,,,,,,,,,,,,0.657,0.785,0.663,0.594,0
175.54,-1.0525,-1.3293,99.8175,1.7,-0.0021,98.4941,,,,,,,,,,,,0.657,0.785,0.663,0.594,0
175.56,-2.2193,-0.7003,99.7348,1.9814,-0.0011,98.4941,,,,,,,,,,,,0.657,0.785,0.663,0.594,0
175.58,-2.2193,-0.7003,99.7348,1.9814,-0.0011,98.4941,,,,,,,,,,,,0.608,0.826,0.68,0.574,0
175.6,-2.2193,-0.7003,99.7348,1.9814,-0.0011,98.4941,,,,,,,,,,,,0.608,0.826,0.68,0.574,0
175.62,-2.2193,-0.7003,99.7348,1.9814,-0.0011,98.4941,,,,,,,,,,,,0.608,0.826,0.68,0.574,0
175.64,-2.2193,-0.7003,99.7348,1.9814,-0.0011,98.4941,,,,,,,,,,,,0.608,0.826,0.68,0.574,0
175.66,-0.8911,0.3248,99.7589,2.877,-0.0006,98.4941,,,,,,,,,,,,0.608,0.826,0.68,0.574,0
175.68,-0.8911,0.3248,99.7589,2.877,-0.0006,98.4941,,,,,,,,,,,,0.629,0.808,0.661,0.596,0
175.7,-0.8911,0.3248,99.7589,2.877,-0.0006,98.4941,,,,,,,,,,,,0.629,0.808,0.661,0.596,0
175.72,-0.8911,0.3248,99.7589,2.877,-0.0006,98.4941,,,,,,,,,,,,0.629,0.808,0.661,0.596,0
175.74,-0.8911,0.3248,99.7589,2.877,-0.0006,98.4941,,,,,,,,,,,,0.629,0.808,0.661,0.596,0
175.76,2.0827,0.5954,99.7322,3.3673,-0.0003,98.4941,,,,,,,,,,,,0.629,0.808,0.661,0.596,0
175.78,2.0827,0.5954,99.7322,3.3673,-0.0003,98.4941,,,,,,,,,,,,0.721,0.727,0.593,0.664,0
175.8,2.0827,0.5954,99.7322,3.3673,-0.0003,98.4941,,,,,,,,,,,,0.721,0.727,0.593,0.664,0
175.82,2.0827,0.5954,99.7322,3.3673,-0.0003,98.4941,,,,,,,,,,,,0.721,0.727,0.593,0.664,0
175.84,2.0827,0.5954,99.7322,3.3673,-0.0003,98.4941,,,,,,,,,,,,0.721,0.727,0.593,0.664,0
175.86,3.4545,0.0419,99.791,3.6704,-0.0001,98.4941,,,,,,,,,,,,0.721,0.727,0.593,0.664,0
175.88,3.4545,0.0419,99.791,3.6704,-0.0001,98.4941,,,,,,,,,,,,0.656,0.785,0.665,0.596,0
175.9,3.4545,0.0419,99.791,3.6704,-0.0001,98.4941,,,,,,,,,,,,0.656,0.785,0.665,0.596,0
175.92,3.4545,0.0419,99.791,3.6704,-0.0001,98.4941,,,,,,,,,,,,0.656,0.785,0.665,0.596,0
175.94,3.4545,0.0419,99.791,3.6704,-0.0001,98.4941,,,,,,,,,,,,0.656,0.785,0.665,0.596,0
175.96,3.3071,-0.2766,100.1289,3.8112,-0.0001,98.4941,,,,,,,,,,,,0.656,0.785,0.665,0.596,0
175.98,3.3071,-0.2766,100.1289,3.8112,-0.0001,98.4941,,,,,,,,,,,,0.66,0.775,0.66,0.609,0
176.0,3.3071,-0.2766,100.1289,3.8112,-0.0001,98.4941,,,,,,,,,,,,0.66,0.775,0.66,0.609,0
176.02,3.3071,-0.2766,100.1289,3.8112,-0.0001,98.4941,,,,,,,,,,,,0.66,0.775,0.66,0.609,0
176.04,3.3071,-0.2766,100.1289,3.8112,-0.0001,98.4941,,,,,,,,,,,,0.66,0.775,0.66,0.609,0
176.06,1.4645,-0.0408,100.6088,3.8959,-0.0,98.4941,,,,,,,,,,,,0.66,0.775,0.66,0.609,0
176.08,1.4645,-0.0408,100.6088,3.8959,-0.0,98.4941,,,,,,,,,,,,0.619,0.802,0.669,0.607,0
176.1,1.4645,-0.0408,100.6088,3.8959,-0.0,98.4941,,,,,,,,,,,,0.619,0.802,0.669,0.607,0
176.12,1.4645,-0.0408,100.6088,3.8959,-0.0,98.4941,,,,,,,,,,,,0.619,0.802,0.669,0.607,0
176.14,1.4645,-0.0408,100.6088,3.8959,-0.0,98.4941,,,,,,,,,,,,0.619,0.802,0.669,0.607,0
176.16,-0.5518,1.1161,101.2679,3.8409,-0.0,98.4941,,,,,,,,,,,,0.619,0.802,0.669,0.607,0
176.18,-0.5518,1.1161,101.2679,3.8409,-0.0,98.4941,,,,,,,,,,,,0.671,0.749,0.632,0.655,0
176.2,-0.5518,1.1161,101.2679,3.8409,-0.0,98.4941,,,,,,,,,,,,0.671,0.749,0.632,0.655,0
176.22,-0.5518,1.1161,101.2679,3.8409,-0.0,98.4941,,,,,,,,,,,,0.671,0.749,0.632,0.655,0
176.24,-0.5518,1.1161,101.2679,3.8409,-0.0,98.4941,,,,,,,,,,,,0.671,0.749,0.632,0.655,0
176.26,-0.0061,1.7268,101.6884,3.4827,-0.0,98.4941,,,,,,,,,,,,0.671,0.749,0.632,0.655,0
176.28,-0.0061,1.7268,101.6884,3.4827,-0.0,98.4941,,,,,,,,,,,,0.676,0.742,0.626,0.664,0
176.3,-0.0061,1.7268,101.6884,3.4827,-0.0,98.4941,,,,,,,,,,,,0.676,0.742,0.626,0.664,0
176.32,-0.0061,1.7268,101.6884,3.4827,-0.0,98.4941,,,,,,,,,,,,0.676,0.742,0.626,0.664,0
176.34,-0.0061,1.7268,101.6884,3.4827,-0.0,98.4941,,,,,,,,,,,,0.676,0.742,0.626,0.664,0
176.36,2.9019,0.9564,101.9295,3.096,-0.0,98.4941,,,,,,,,,,,,0.676,0.742,0.626,0.664,0
176.38,2.9019,0.9564,101.9295,3.096,-0.0,98.4941,,,,,,,,,,,,0.744,0.674,0.589,0.698,0
176.4,2.9019,0.9564,101.9295,3.096,-0.0,98.4941,,,,,,,,,,,,0.744,0.674,0.589,0.698,0
176.42,2.9019,0.9564,101.9295,3.096,-0.0,98.4941,,,,,,,,,,,,0.744,0.674,0.589,0.698,0
176.44,2.9019,0.9564,101.9295,3.096,-0.0,98.4941,,,,,,,,,,,,0.744,0.674,0.589,0.698,0
176.46,5.5873,-1.2585,102.2363,2.8138,-0.0,98.4941,,,,,,,,,,,,0.744,0.674,0.589,0.698,0
176.48,5.5873,-1.2585,102.2363,2.8138,-0.0,98.4941,,,,,,,,,,,,0.696,0.72,0.67,0.628,0
176.5,5.5873,-1.2585,102.2363,2.8138,-0.0,98.4941,,,,,,,,,,,,0.696,0.72,0.67,0.628,0
176.52,5.5873,-1.2585,102.2363,2.8138,-0.0,98.4941,,,,,,,,,,,,0.696,0.72,0.67,0.628,0
176.54,5.5873,-1.2585,102.2363,2.8138,-0.0,98.4941,,,,,,,,,,,,0.696,0.72,0.67,0.628,0
176.56,3.2679,-2.0466,102.6115,2.669,-0.0,98.4941,,,,,,,,,,,,0.696,0.72,0.67,0.628,0
176.58,3.2679,-2.0466,102.6115,2.669,-0.0,98.4941,,,,,,,,,,,,0.621,0.78,0.692,0.609,0
176.6,3.2679,-2.0466,102.6115,2.669,-0.0,98.4941,,,,,,,,,,,,0.621,0.78,0.692,0.609,0
176.62,3.2679,-2.0466,102.6115,2.669,-0.0,98.4941,,,,,,,,,,,,0.621,0.78,0.692,0.609,0
176.64,3.2679,-2.0466,102.6115,2.669,-0.0,98.4941,,,,,,,,,,,,0.621,0.78,0.692,0.609,0
176.66,1.1036,-0.947,102.8966,2.2222,-0.0,98.4941,,,,,,,,,,,,0.621,0.78,0.692,0.609,0
176.68,1.1036,-0.947,102.8966,2.2222,-0.0,98.4941,,,,,,,,,,,,0.585,0.807,0.669,0.633,0
176.7,1.1036,-0.947,102.8966,2.2222,-0.0,98.4941,,,,,,,,,,,,0.585,0.807,0.669,0.633,0
176.72,1.1036,-0.947,102.8966,2.2222,-0.0,98.4941,,,,,,,,,,,,0.585,0.807,0.669,0.633,0
176.74,1.1036,-0.947,102.8966,2.2222,-0.0,98.4941,,,,,,,,,,,,0.585,0.807,0.669,0.633,0
176.76,1.0858,1.8459,102.9521,1.1346,-0.0,98.494,,,,,,,,,,,,0.585,0.807,0.669,0.633,0
176.78,1.0858,1.8459,102.9521,1.1346,-0.0,98.494,,,,,,,,,,,,0.648,0.759,0.576,0.72,0
176.8,1.0858,1.8459,102.9521,1.1346,-0.0,98.494,,,,,,,,,,,,0.648,0.759,0.576,0.72,0
176.82,1.0858,1.8459,102.9521,1.1346,-0.0,98.494,,,,,,,,,,,,0.648,0.759,0.576,0.72,0
176.84,1.0858,1.8459,102.9521,1.1346,-0.0,98.494,,,,,,,,,,,,0.648,0.759,0.576,0.72,0
176.86,1.8713,4.0181,102.8718,0.5793,-0.0,98.494,,,,,,,,,,,,0.648,0.759,0.576,0.72,0
176.88,1.8713,4.0181,102.8718,0.5793,-0.0,98.494,,,,,,,,,,,,0.66,0.75,0.598,0.698,0
176.9,1.8713,4.0181,102.8718,0.5793,-0.0,98.494,,,,,,,,,,,,0.66,0.75,0.598,0.698,0
176.92,1.8713,4.0181,102.8718,0.5793,-0.0,98.494,,,,,,,,,,,,0.66,0.75,0.598,0.698,0
176.94,1.8713,4.0181,102.8718,0.5793,-0.0,98.494,,,,,,,,,,,,0.66,0.75,0.598,0.698,0
176.96,2.0285,3.7436,102.2912,0.2957,-0.0,98.494,,,,,,,,,,,,0.66,0.75,0.598,0.698,0
176.98,2.0285,3.7436,102.2912,0.2957,-0.0,98.494,,,,,,,,,,,,0.667,0.755,0.624,0.666,0
177.0,2.0285,3.7436,102.2912,0.2957,-0.0,98.494,,,,,,,,,,,,0.667,0.755,0.624,0.666,0
177.02,2.0285,3.7436,102.2912,0.2957,-0.0,98.494,,,,,,,,,,,,0.667,0.755,0.624,0.666,0
177.04,2.0285,3.7436,102.2912,0.2957,-0.0,98.494,,,,,,,,,,,,0.667,0.755,0.624,0.666,0
177.06,-0.1108,2.8795,101.6663,-0.781,-0.0,98.494,,,,,,,,,,,,0.667,0.755,0.624,0.666,0
177.08,-0.1108,2.8795,101.6663,-0.781,-0.0,98.494,,,,,,,,,,,,0.637,0.786,0.652,0.628,0
177.1,-0.1108,2.8795,101.6663,-0.781,-0.0,98.494,,,,,,,,,,,,0.637,0.786,0.652,0.628,0
177.12,-0.1108,2.8795,101.6663,-0.781,-0.0,98.494,,,,,,,,,,,,0.637,0.786,0.652,0.628,0
177.14,-0.1108,2.8795,101.6663,-0.781,-0.0,98.494,,,,,,,,,,,,0.637,0.786,0.652,0.628,0
177.16,-3.6562,1.1757,101.1688,-2.9745,-0.0,98.4941,,,,,,,,,,,,0.637,0.786,0.652,0.628,0
177.18,-3.6562,1.1757,101.1688,-2.9745,-0.0,98.4941,,,,,,,,,,,,0.616,0.807,0.73,0.532,0
177.2,-3.6562,1.1757,101.1688,-2.9745,-0.0,98.4941,,,,,,,,,,,,0.616,0.807,0.73,0.532,0
177.22,-3.6562,1.1757,101.1688,-2.9745,-0.0,98.4941,,,,,,,,,,,,0.616,0.807,0.73,0.532,0
177.24,-3.6562,1.1757,101.1688,-2.9745,-0.0,98.4941,,,,,,,,,,,,0.616,0.807,0.73,0.532,0
177.26,-7.0566,-1.1309,101.046,-4.7083,-0.0,98.4941,,,,,,,,,,,,0.616,0.807,0.73,0.532,0
177.28,-7.0566,-1.1309,101.046,-4.7083,-0.0,98.4941,,,,,,,,,,,,0.651,0.784,0.693,0.58,0
177.3,-7.0566,-1.1309,101.046,-4.7083,-0.0,98.4941,,,,,,,,,,,,0.651,0.784,0.693,0.58,0
177.32,-7.0566,-1.1309,101.046,-4.7083,-0.0,98.4941,,,,,,,,,,,,0.651,0.784,0.693,0.58,0
177.34,-7.0566,-1.1309,101.046,-4.7083,-0.0,98.4941,,,,,,,,,,,,0.651,0.784,0.693,0.58,0
177.36,-9.4645,-1.4455,101.0956,-5.8049,0.0,98.4941,,,,,,,,,,,,0.651,0.784,0.693,0.58,0
177.38,-9.4645,-1.4455,101.0956,-5.8049,0.0,98.4941,,,,,,,,,,,,0.666,0.772,0.633,0.653,0
177.4,-9.4645,-1.4455,101.0956,-5.8049,0.0,98.4941,,,,,,,,,,,,0.666,0.772,0.633,0.653,0
177.42,-9.4645,-1.4455,101.0956,-5.8049,0.0,98.4941,,,,,,,,,,,,0.666,0.772,0.633,0.653,0
177.44,-9.4645,-1.4455,101.0956,-5.8049,0.0,98.4941,,,,,,,,,,,,0.666,0.772,0.633,0.653,0
177.46,-8.9638,0.1466,100.7904,-6.1436,0.0,98.494,,,,,,,,,,,,0.666,0.772,0.633,0.653,0
177.48,-8.9638,0.1466,100.7904,-6.1436,0.0,98.494,,,,,,,,,,,,0.672,0.764,0.611,0.672,0
177.5,-8.9638,0.1466,100.7904,-6.1436,0.0,98.494,,,,,,,,,,,,0.672,0.764,0.611,0.672,0
177.52,-8.9638,0.1466,100.7904,-6.1436,0.0,98.494,,,,,,,,,,,,0.672,0.764,0.611,0.672,0
177.54,-8.9638,0.1466,100.7904,-6.1436,0.0,98.494,,,,,,,,,,,,0.672,0.764,0.611,0.672,0
177.56,-4.5238,1.2649,100.6112,-5.2519,0.0,98.494,,,,,,,,,,,,0.672,0.764,0.611,0.672,0
177.58,-4.5238,1.2649,100.6112,-5.2519,0.0,98.494,,,,,,,,,,,,0.664,0.767,0.613,0.663,0
177.6,-4.5238,1.2649,100.6112,-5.2519,0.0,98.494,,,,,,,,,,,,0.664,0.767,0.613,0.663,0
177.62,-4.5238,1.2649,100.6112,-5.2519,0.0,98.494,,,,,,,,,,,,0.664,0.767,0.613,0.663,0
177.64,-4.5238,1.2649,100.6112,-5.2519,0.0,98.494,,,,,,,,,,,,0.664,0.767,0.613,0.663,0
177.66,0.9183,1.2727,100.3992,-2.912,-0.0,98.494,,,,,,,,,,,,0.664,0.767,0.613,0.663,0
177.68,0.9183,1.2727,100.3992,-2.912,-0.0,98.494,,,,,,,,,,,,0.668,0.765,0.617,0.653,0
177.7,0.9183,1.2727,100.3992,-2.912,-0.0,98.494,,,,,,,,,,,,0.668,0.765,0.617,0.653,0
177.72,0.9183,1.2727,100.3992,-2.912,-0.0,98.494,,,,,,,,,,,,0.668,0.765,0.617,0.653,0
177.74,0.9183,1.2727,100.3992,-2.912,-0.0,98.494,,,,,,,,,,,,0.668,0.765,0.617,0.653,0
177.76,4.3993,0.9864,100.0253,-1.4865,-0.0,98.494,,,,,,,,,,,,0.668,0.765,0.617,0.653,0
177.78,4.3993,0.9864,100.0253,-1.4865,-0.0,98.494,,,,,,,,,,,,0.661,0.779,0.628,0.637,0
177.8,4.3993,0.9864,100.0253,-1.4865,-0.0,98.494,,,,,,,,,,,,0.661,0.779,0.628,0.637,0
177.82,4.3993,0.9864,100.0253,-1.4865,-0.0,98.494,,,,,,,,,,,,0.661,0.779,0.628,0.637,0
177.84,4.3993,0.9864,100.0253,-1.4865,-0.0,98.494,,,,,,,,,,,,0.661,0.779,0.628,0.637,0
177.86,4.7172,-0.4291,99.3829,-0.759,-0.0,98.494,,,,,,,,,,,,0.661,0.779,0.628,0.637,0
177.88,4.7172,-0.4291,99.3829,-0.759,-0.0,98.494,,,,,,,,,,,,0.673,0.776,0.66,0.596,0
177.9,4.7172,-0.4291,99.3829,-0.759,-0.0,98.494,,,,,,,,,,,,0.673,0.776,0.66,0.596,0
177.92,4.7172,-0.4291,99.3829,-0.759,-0.0,98.494,,,,,,,,,,,,0.673,0.776,0.66,0.596,0
177.94,4.7172,-0.4291,99.3829,-0.759,-0.0,98.494,,,,,,,,,,,,0.673,0.776,0.66,0.596,0
177.96,3.1531,-1.7095,98.9038,-0.3875,-0.0,98.494,,,,,,,,,,,,0.673,0.776,0.66,0.596,0
177.98,3.1531,-1.7095,98.9038,-0.3875,-0.0,98.494,,,,,,,,,,,,0.686,0.768,0.649,0.601,0
178.0,3.1531,-1.7095,98.9038,-0.3875,-0.0,98.494,,,,,,,,,,,,0.686,0.768,0.649,0.601,0
178.02,3.1531,-1.7095,98.9038,-0.3875,-0.0,98.494,,,,,,,,,,,,0.686,0.768,0.649,0.601,0
178.04,3.1531,-1.7095,98.9038,-0.3875,-0.0,98.494,,,,,,,,,,,,0.686,0.768,0.649,0.601,0
178.06,0.5889,-2.3944,98.5415,-0.1978,-0.0,98.494,,,,,,,,,,,,0.686,0.768,0.649,0.601,0
178.08,0.5889,-2.3944,98.5415,-0.1978,-0.0,98.494,,,,,,,,,,,,0.614,0.829,0.695,0.545,0
178.1,0.5889,-2.3944,98.5415,-0.1978,-0.0,98.494,,,,,,,,,,,,0.614,0.829,0.695,0.545,0
178.12,0.5889,-2.3944,98.5415,-0.1978,-0.0,98.494,,,,,,,,,,,,0.614,0.829,0.695,0.545,0
178.14,0.5889,-2.3944,98.5415,-0.1978,-0.0,98.494,,,,,,,,,,,,0.614,0.829,0.695,0.545,0
178.16,-0.4277,-1.5687,98.5025,-0.7863,-0.0,98.494,,,,,,,,,,,,0.614,0.829,0.695,0.545,0
178.18,-0.4277,-1.5687,98.5025,-0.7863,-0.0,98.494,,,,,,,,,,,,0.664,0.787,0.623,0.625,0
178.2,-0.4277,-1.5687,98.5025,-0.7863,-0.0,98.494,,,,,,,,,,,,0.664,0.787,0.623,0.625,0
178.22,-0.4277,-1.5687,98.5025,-0.7863,-0.0,98.494,,,,,,,,,,,,0.664,0.787,0.623,0.625,0
178.24,-0.4277,-1.5687,98.5025,-0.7863,-0.0,98.494,,,,,,,,,,,,0.664,0.787,0.623,0.625,0
178.26,-1.5159,-0.3033,98.556,-2.9388,-0.0,98.494,,,,,,,,,,,,0.664,0.787,0.623,0.625,0
178.28,-1.5159,-0.3033,98.556,-2.9388,-0.0,98.494,,,,,,,,,,,,0.682,0.769,0.599,0.652,0
178.3,-1.5159,-0.3033,98.556,-2.9388,-0.0,98.494,,,,,,,,,,,,0.682,0.769,0.599,0.652,0
178.32,-1.5159,-0.3033,98.556,-2.9388,-0.0,98.494,,,,,,,,,,,,0.682,0.769,0.599,0.652,0
178.34,-1.5159,-0.3033,98.556,-2.9388,-0.0,98.494,,,,,,,,,,,,0.682,0.769,0.599,0.652,0
178.36,-3.5898,0.4556,98.6962,-3.501,0.0,98.494,,,,,,,,,,,,0.682,0.769,0.599,0.652,0
178.38,-3.5898,0.4556,98.6962,-3.501,0.0,98.494,,,,,,,,,,,,0.604,0.831,0.679,0.574,0
178.4,-3.5898,0.4556,98.6962,-3.501,0.0,98.494,,,,,,,,,,,,0.604,0.831,0.679,0.574,0
178.42,-3.5898,0.4556,98.6962,-3.501,0.0,98.494,,,,,,,,,,,,0.604,0.831,0.679,0.574,0
178.44,-3.5898,0.4556,98.6962,-3.501,0.0,98.494,,,,,,,,,,,,0.604,0.831,0.679,0.574,0
178.46,-5.5524,1.3304,98.8845,-2.8048,-0.0,98.494,,,,,,,,,,,,0.604,0.831,0.679,0.574,0
178.48,-5.5524,1.3304,98.8845,-2.8048,-0.0,98.494,,,,,,,,,,,,0.67,0.774,0.615,0.649,0
178.5,-5.5524,1.3304,98.8845,-2.8048,-0.0,98.494,,,,,,,,,,,,0.67,0.774,0.615,0.649,0
178.52,-5.5524,1.3304,98.8845,-2.8048,-0.0,98.494,,,,,,,,,,,,0.67,0.774,0.615,0.649,0
178.54,-5.5524,1.3304,98.8845,-2.8048,-0.0,98.494,,,,,,,,,,,,0.67,0.774,0.615,0.649,0
178.56,-4.864,1.758,99.0728,-2.8221,-0.0,98.494,,,,,,,,,,,,0.67,0.774,0.615,0.649,0
178.58,-4.864,1.758,99.0728,-2.8221,-0.0,98.494,,,,,,,,,,,,0.642,0.796,0.63,0.637,0
178.6,-4.864,1.758,99.0728,-2.8221,-0.0,98.494,,,,,,,,,,,,0.642,0.796,0.63,0.637,0
178.62,-4.864,1.758,99.0728,-2.8221,-0.0,98.494,,,,,,,,,,,,0.642,0.796,0.63,0.637,0
178.64,-4.864,1.758,99.0728,-2.8221,-0.0,98.494,,,,,,,,,,,,0.642,0.796,0.63,0.637,0
178.66,-1.6997,1.2402,99.2896,-2.9979,-0.0,98.494,,,,,,,,,,,,0.642,0.796,0.63,0.637,0
178.68,-1.6997,1.2402,99.2896,-2.9979,-0.0,98.494,,,,,,,,,,,,0.713,0.729,0.586,0.676,0
178.7,-1.6997,1.2402,99.2896,-2.9979,-0.0,98.494,,,,,,,,,,,,0.713,0.729,0.586,0.676,0
178.72,-1.6997,1.2402,99.2896,-2.9979,-0.0,98.494,,,,,,,,,,,,0.713,0.729,0.586,0.676,0
178.74,-1.6997,1.2402,99.2896,-2.9979,-0.0,98.494,,,,,,,,,,,,0.713,0.729,0.586,0.676,0
178.76,-1.4342,0.5763,99.4402,-3.1756,-0.0,98.494,,,,,,,,,,,,0.713,0.729,0.586,0.676,0
178.78,-1.4342,0.5763,99.4402,-3.1756,-0.0,98.494,,,,,,,,,,,,0.651,0.784,0.65,0.616,0
178.8,-1.4342,0.5763,99.4402,-3.1756,-0.0,98.494,,,,,,,,,,,,0.651,0.784,0.65,0.616,0
178.82,-1.4342,0.5763,99.4402,-3.1756,-0.0,98.494,,,,,,,,,,,,0.651,0.784,0.65,0.616,0
178.84,-1.4342,0.5763,99.4402,-3.1756,-0.0,98.494,,,,,,,,,,,,0.651,0.784,0.65,0.616,0
178.86,-3.5176,-0.345,99.5842,-3.2287,-0.0,98.494,,,,,,,,,,,,0.651,0.784,0.65,0.616,0
178.88,-3.5176,-0.345,99.5842,-3.2287,-0.0,98.494,,,,,,,,,,,,0.687,0.753,0.635,0.633,0
178.9,-3.5176,-0.345,99.5842,-3.2287,-0.0,98.494,,,,,,,,,,,,0.687,0.753,0.635,0.633,0
178.92,-3.5176,-0.345,99.5842,-3.2287,-0.0,98.494,,,,,,,,,,,,0.687,0.753,0.635,0.633,0
178.94,-3.5176,-0.345,99.5842,-3.2287,-0.0,98.494,,,,,,,,,,,,0.687,0.753,0.635,0.633,0
178.96,-6.3822,-1.0343,99.988,-3.2506,-0.0,98.494,,,,,,,,,,,,0.687,0.753,0.635,0.633,0
178.98,-6.3822,-1.0343,99.988,-3.2506,-0.0,98.494,,,,,,,,,,,,0.618,0.808,0.699,0.574,0
179.0,-6.3822,-1.0343,99.988,-3.2506,-0.0,98.494,,,,,,,,,,,,0.618,0.808,0.699,0.574,0
179.02,-6.3822,-1.0343,99.988,-3.2506,-0.0,98.494,,,,,,,,,,,,0.618,0.808,0.699,0.574,0
179.04,-6.3822,-1.0343,99.988,-3.2506,-0.0,98.494,,,,,,,,,,,,0.618,0.808,0.699,0.574,0
179.06,-6.7041,-1.5978,100.4198,-3.0681,-0.0,98.494,,,,,,,,,,,,0.618,0.808,0.699,0.574,0
179.08,-6.7041,-1.5978,100.4198,-3.0681,-0.0,98.494,,,,,,,,,,,,0.607,0.814,0.708,0.569,0
179.1,-6.7041,-1.5978,100.4198,-3.0681,-0.0,98.494,,,,,,,,,,,,0.607,0.814,0.708,0.569,0
179.12,-6.7041,-1.5978,100.4198,-3.0681,-0.0,98.494,,,,,,,,,,,,0.607,0.814,0.708,0.569,0
179.14,-6.7041,-1.5978,100.4198,-3.0681,-0.0,98.494,,,,,,,,,,,,0.607,0.814,0.708,0.569,0
179.16,-3.3064,-0.8191,100.6601,-1.7015,-0.0,98.494,,,,,,,,,,,,0.607,0.814,0.708,0.569,0
179.18,-3.3064,-0.8191,100.6601,-1.7015,-0.0,98.494,,,,,,,,,,,,0.684,0.743,0.577,0.7,0
179.2,-3.3064,-0.8191,100.6601,-1.7015,-0.0,98.494,,,,,,,,,,,,0.684,0.743,0.577,0.7,0
179.22,-3.3064,-0.8191,100.6601,-1.7015,-0.0,98.494,,,,,,,,,,,,0.684,0.743,0.577,0.7,0
179.24,-3.3064,-0.8191,100.6601,-1.7015,-0.0,98.494,,,,,,,,,,,,0.684,0.743,0.577,0.7,0
179.26,1.7175,1.7372,100.7118,0.196,-0.0,98.4939,,,,,,,,,,,,0.684,0.743,0.577,0.7,0
179.28,1.7175,1.7372,100.7118,0.196,-0.0,98.4939,,,,,,,,,,,,0.627,0.792,0.606,0.674,0
179.3,1.7175,1.7372,100.7118,0.196,-0.0,98.4939,,,,,,,,,,,,0.627,0.792,0.606,0.674,0
179.32,1.7175,1.7372,100.7118,0.196,-0.0,98.4939,,,,,,,,,,,,0.627,0.792,0.606,0.674,0
179.34,1.7175,1.7372,100.7118,0.196,-0.0,98.4939,,,,,,,,,,,,0.627,0.792,0.606,0.674,0
179.36,5.9835,2.6345,100.4306,2.874,-0.0,98.4939,,,,,,,,,,,,0.627,0.792,0.606,0.674,0
179.38,5.9835,2.6345,100.4306,2.874,-0.0,98.4939,,,,,,,,,,,,0.679,0.76,0.598,0.674,0
179.4,5.9835,2.6345,100.4306,2.874,-0.0,98.4939,,,,,,,,,,,,0.679,0.76,0.598,0.674,0
179.42,5.9835,2.6345,100.4306,2.874,-0.0,98.4939,,,,,,,,,,,,0.679,0.76,0.598,0.674,0
179.44,5.9835,2.6345,100.4306,2.874,-0.0,98.4939,,,,,,,,,,,,0.679,0.76,0.598,0.674,0
179.46,8.333,1.5512,99.7402,4.344,-0.0,98.494,,,,,,,,,,,,0.679,0.76,0.598,0.674,0
179.48,8.333,1.5512,99.7402,4.344,-0.0,98.494,,,,,,,,,,,,0.718,0.736,0.586,0.678,0
179.5,8.333,1.5512,99.7402,4.344,-0.0,98.494,,,,,,,,,,,,0.718,0.736,0.586,0.678,0
179.52,8.333,1.5512,99.7402,4.344,-0.0,98.494,,,,,,,,,,,,0.718,0.736,0.586,0.678,0
179.54,8.333,1.5512,99.7402,4.344,-0.0,98.494,,,,,,,,,,,,0.718,0.736,0.586,0.678,0
179.56,7.5399,0.9243,99.2065,2.9041,-0.0,98.4939,,,,,,,,,,,,0.718,0.736,0.586,0.678,0
179.58,7.5399,0.9243,99.2065,2.9041,-0.0,98.4939,,,,,,,,,,,,0.699,0.756,0.602,0.659,0
179.6,7.5399,0.9243,99.2065,2.9041,-0.0,98.4939,,,,,,,,,,,,0.699,0.756,0.602,0.659,0
179.62,7.5399,0.9243,99.2065,2.9041,-0.0,98.4939,,,,,,,,,,,,0.699,0.756,0.602,0.659,0
179.64,7.5399,0.9243,99.2065,2.9041,-0.0,98.4939,,,,,,,,,,,,0.699,0.756,0.602,0.659,0
179.66,3.9192,0.4298,98.8676,1.4827,-0.0,98.4939,,,,,,,,,,,,0.699,0.756,0.602,0.659,0
179.68,3.9192,0.4298,98.8676,1.4827,-0.0,98.4939,,,,,,,,,,,,0.7,0.753,0.594,0.66,0
179.7,3.9192,0.4298,98.8676,1.4827,-0.0,98.4939,,,,,,,,,,,,0.7,0.753,0.594,0.66,0
179.72,3.9192,0.4298,98.8676,1.4827,-0.0,98.4939,,,,,,,,,,,,0.7,0.753,0.594,0.66,0
179.74,3.9192,0.4298,98.8676,1.4827,-0.0,98.4939,,,,,,,,,,,,0.7,0.753,0.594,0.66,0
179.76,0.6677,0.8176,98.7169,0.7569,0.0,98.4939,,,,,,,,,,,,0.7,0.753,0.594,0.66,0
179.78,0.6677,0.8176,98.7169,0.7569,0.0,98.4939,,,,,,,,,,,,0.613,0.826,0.652,0.599,0
179.8,0.6677,0.8176,98.7169,0.7569,0.0,98.4939,,,,,,,,,,,,0.613,0.826,0.652,0.599,0
179.82,0.6677,0.8176,98.7169,0.7569,0.0,98.4939,,,,,,,,,,,,0.613,0.826,0.652,0.599,0
179.84,0.6677,0.8176,98.7169,0.7569,0.0,98.4939,,,,,,,,,,,,0.613,0.826,0.652,0.599,0
179.86,-1.6268,1.7535,98.5745,-0.0097,0.0,98.4939,,,,,,,,,,,,0.613,0.826,0.652,0.599,0
179.88,-1.6268,1.7535,98.5745,-0.0097,0.0,98.4939,,,,,,,,,,,,0.636,0.809,0.605,0.646,0
179.9,-1.6268,1.7535,98.5745,-0.0097,0.0,98.4939,,,,,,,,,,,,0.636,0.809,0.605,0.646,0
179.92,-1.6268,1.7535,98.5745,-0.0097,0.0,98.4939,,,,,,,,,,,,0.636,0.809,0.605,0.646,0
179.94,-1.6268,1.7535,98.5745,-0.0097,0.0,98.4939,,,,,,,,,,,,0.636,0.809,0.605,0.646,0
179.96,-2.7171,1.96,98.5023,-1.3921,0.0,98.4939,,,,,,,,,,,,0.636,0.809,0.605,0.646,0
179.98,-2.7171,1.96,98.5023,-1.3921,0.0,98.4939,,,,,,,,,,,,0.681,0.769,0.604,0.65,0
180.0,-2.7171,1.96,98.5023,-1.3921,0.0,98.4939,,,,,,,,,,,,0.681,0.769,0.604,0.65,0
180.02,-2.7171,1.96,98.5023,-1.3921,0.0,98.4939,,,,,,,,,,,,0.681,0.769,0.604,0.65,0
180.04,-2.7171,1.96,98.5023,-1.3921,0.0,98.4939,,,,,,,,,,,,0.681,0.769,0.604,0.65,0
180.06,-4.3681,1.869,98.5774,-3.0422,0.0,98.4939,,,,,,,,,,,,0.681,0.769,0.604,0.65,0
180.08,-4.3681,1.869,98.5774,-3.0422,0.0,98.4939,,,,,,,,,,,,0.65,0.794,0.624,0.635,0
180.1,-4.3681,1.869,98.5774,-3.0422,0.0,98.4939,,,,,,,,,,,,0.65,0.794,0.624,0.635,0
180.12,-4.3681,1.869,98.5774,-3.0422,0.0,98.4939,,,,,,,,,,,,0.65,0.794,0.624,0.635,0
180.14,-4.3681,1.869,98.5774,-3.0422,0.0,98.4939,,,,,,,,,,,,0.65,0.794,0.624,0.635,0
180.16,-5.2382,2.0066,98.6791,-3.8269,0.0,98.4939,,,,,,,,,,,,0.65,0.794,0.624,0.635,0
180.18,-5.2382,2.0066,98.6791,-3.8269,0.0,98.4939,,,,,,,,,,,,0.653,0.791,0.615,0.647,0
180.2,-5.2382,2.0066,98.6791,-3.8269,0.0,98.4939,,,,,,,,,,,,0.653,0.791,0.615,0.647,0
180.22,-5.2382,2.0066,98.6791,-3.8269,0.0,98.4939,,,,,,,,,,,,0.653,0.791,0.615,0.647,0
180.24,-5.2382,2.0066,98.6791,-3.8269,0.0,98.4939,,,,,,,,,,,,0.653,0.791,0.615,0.647,0
180.26,-6.2222,2.4002,98.6831,-3.9302,0.0,98.4939,,,,,,,,,,,,0.653,0.791,0.615,0.647,0
180.28,-6.2222,2.4002,98.6831,-3.9302,0.0,98.4939,,,,,,,,,,,,0.644,0.798,0.613,0.651,0
180.3,-6.2222,2.4002,98.6831,-3.9302,0.0,98.4939,,,,,,,,,,,,0.644,0.798,0.613,0.651,0
180.32,-6.2222,2.4002,98.6831,-3.9302,0.0,98.4939,,,,,,,,,,,,0.644,0.798,0.613,0.651,0
180.34,-6.2222,2.4002,98.6831,-3.9302,0.0,98.4939,,,,,,,,,,,,0.644,0.798,0.613,0.651,0
180.36,-4.3737,2.639,98.9276,-3.2337,0.0,98.4939,,,,,,,,,,,,0.644,0.798,0.613,0.651,0
180.38,-4.3737,2.639,98.9276,-3.2337,0.0,98.4939,,,,,,,,,,,,0.671,0.772,0.605,0.659,0
180.4,-4.3737,2.639,98.9276,-3.2337,0.0,98.4939,,,,,,,,,,,,0.671,0.772,0.605,0.659,0
180.42,-4.3737,2.639,98.9276,-3.2337,0.0,98.4939,,,,,,,,,,,,0.671,0.772,0.605,0.659,0
180.44,-4.3737,2.639,98.9276,-3.2337,0.0,98.4939,,,,,,,,,,,,0.671,0.772,0.605,0.659,0
180.46,-1.6159,0.9658,99.1122,-2.5361,-0.0,98.4939,,,,,,,,,,,,0.671,0.772,0.605,0.659,0
180.48,-1.6159,0.9658,99.1122,-2.5361,-0.0,98.4939,,,,,,,,,,,,0.711,0.732,0.633,0.63,0
180.5,-1.6159,0.9658,99.1122,-2.5361,-0.0,98.4939,,,,,,,,,,,,0.711,0.732,0.633,0.63,0
180.52,-1.6159,0.9658,99.1122,-2.5361,-0.0,98.4939,,,,,,,,,,,,0.711,0.732,0.633,0.63,0
180.54,-1.6159,0.9658,99.1122,-2.5361,-0.0,98.4939,,,,,,,,,,,,0.711,0.732,0.633,0.63,0
180.56,-0.6025,-1.1484,99.2073,-1.3299,0.0,98.4939,,,,,,,,,,,,0.711,0.732,0.633,0.63,0
180.58,-0.6025,-1.1484,99.2073,-1.3299,0.0,98.4939,,,,,,,,,,,,0.66,0.778,0.64,0.624,0
180.6,-0.6025,-1.1484,99.2073,-1.3299,0.0,98.4939,,,,,,,,,,,,0.66,0.778,0.64,0.624,0
180.62,-0.6025,-1.1484,99.2073,-1.3299,0.0,98.4939,,,,,,,,,,,,0.66,0.778,0.64,0.624,0
180.64,-0.6025,-1.1484,99.2073,-1.3299,0.0,98.4939,,,,,,,,,,,,0.66,0.778,0.64,0.624,0
180.66,0.8312,-1.146,99.4178,-0.0393,0.0,98.4939,,,,,,,,,,,,0.66,0.778,0.64,0.624,0
180.68,0.8312,-1.146,99.4178,-0.0393,0.0,98.4939,,,,,,,,,,,,0.682,0.752,0.606,0.658,0
180.7,0.8312,-1.146,99.4178,-0.0393,0.0,98.4939,,,,,,,,,,,,0.682,0.752,0.606,0.658,0
180.72,0.8312,-1.146,99.4178,-0.0393,0.0,98.4939,,,,,,,,,,,,0.682,0.752,0.606,0.658,0
180.74,0.8312,-1.146,99.4178,-0.0393,0.0,98.4939,,,,,,,,,,,,0.682,0.752,0.606,0.658,0
180.76,2.1293,-0.5707,99.4847,0.2243,0.0,98.4939,,,,,,,,,,,,0.682,0.752,0.606,0.658,0
180.78,2.1293,-0.5707,99.4847,0.2243,0.0,98.4939,,,,,,,,,,,,0.641,0.789,0.636,0.628,0
180.8,2.1293,-0.5707,99.4847,0.2243,0.0,98.4939,,,,,,,,,,,,0.641,0.789,0.636,0.628,0
180.82,2.1293,-0.5707,99.4847,0.2243,0.0,98.4939,,,,,,,,,,,,0.641,0.789,0.636,0.628,0
180.84,2.1293,-0.5707,99.4847,0.2243,0.0,98.4939,,,,,,,,,,,,0.641,0.789,0.636,0.628,0
180.86,2.217,0.118,99.5413,0.1145,0.0,98.4939,,,,,,,,,,,,0.641,0.789,0.636,0.628,0
180.88,2.217,0.118,99.5413,0.1145,0.0,98.4939,,,,,,,,,,,,0.659,0.777,0.62,0.647,0
180.9,2.217,0.118,99.5413,0.1145,0.0,98.4939,,,,,,,,,,,,0.659,0.777,0.62,0.647,0
180.92,2.217,0.118,99.5413,0.1145,0.0,98.4939,,,,,,,,,,,,0.659,0.777,0.62,0.647,0
180.94,2.217,0.118,99.5413,0.1145,0.0,98.4939,,,,,,,,,,,,0.659,0.777,0.62,0.647,0
180.96,1.3659,-0.2187,99.4412,0.0585,0.0,98.4939,,,,,,,,,,,,0.659,0.777,0.62,0.647,0
180.98,1.3659,-0.2187,99.4412,0.0585,0.0,98.4939,,,,,,,,,,,,0.671,0.766,0.626,0.635,0
181.0,1.3659,-0.2187,99.4412,0.0585,0.0,98.4939,,,,,,,,,,,,0.671,0.766,0.626,0.635,0
181.02,1.3659,-0.2187,99.4412,0.0585,0.0,98.4939,,,,,,,,,,,,0.671,0.766,0.626,0.635,0
181.04,1.3659,-0.2187,99.4412,0.0585,0.0,98.4939,,,,,,,,,,,,0.671,0.766,0.626,0.635,0
181.06,-1.263,-0.7445,99.2806,0.0298,0.0,98.4939,,,,,,,,,,,,0.671,0.766,0.626,0.635,0
181.08,-1.263,-0.7445,99.2806,0.0298,0.0,98.4939,,,,,,,,,,,,0.616,0.812,0.664,0.588,0
181.1,-1.263,-0.7445,99.2806,0.0298,0.0,98.4939,,,,,,,,,,,,0.616,0.812,0.664,0.588,0
181.12,-1.263,-0.7445,99.2806,0.0298,0.0,98.4939,,,,,,,,,,,,0.616,0.812,0.664,0.588,0
181.14,-1.263,-0.7445,99.2806,0.0298,0.0,98.4939,,,,,,,,,,,,0.616,0.812,0.664,0.588,0
181.16,-3.4872,-0.4343,99.1394,-0.5815,0.0,98.4939,,,,,,,,,,,,0.616,0.812,0.664,0.588,0
181.18,-3.4872,-0.4343,99.1394,-0.5815,0.0,98.4939,,,,,,,,,,,,0.677,0.744,0.578,0.654,0
181.2,-3.4872,-0.4343,99.1394,-0.5815,0.0,98.4939,,,,,,,,,,,,0.677,0.744,0.578,0.654,0
181.22,-3.4872,-0.4343,99.1394,-0.5815,0.0,98.4939,,,,,,,,,,,,0.677,0.744,0.578,0.654,0
181.24,-3.4872,-0.4343,99.1394,-0.5815,0.0,98.4939,,,,,,,,,,,,0.677,0.744,0.578,0.654,0
181.26,-5.3167,-0.2971,99.2708,-2.8541,0.0,98.4939,,,,,,,,,,,,0.677,0.744,0.578,0.654,0
181.28,-5.3167,-0.2971,99.2708,-2.8541,0.0,98.4939,,,,,,,,,,,,0.655,0.774,0.64,0.616,0
181.3,-5.3167,-0.2971,99.2708,-2.8541,0.0,98.4939,,,,,,,,,,,,0.655,0.774,0.64,0.616,0
181.32,-5.3167,-0.2971,99.2708,-2.8541,0.0,98.4939,,,,,,,,,,,,0.655,0.774,0.64,0.616,0
181.34,-5.3167,-0.2971,99.2708,-2.8541,0.0,98.4939,,,,,,,,,,,,0.655,0.774,0.64,0.616,0
181.36,-5.2441,-0.4213,99.6179,-4.8181,0.0,98.4939,,,,,,,,,,,,0.655,0.774,0.64,0.616,0
181.38,-5.2441,-0.4213,99.6179,-4.8181,0.0,98.4939,,,,,,,,,,,,0.683,0.794,0.66,0.66,0
181.4,-5.2441,-0.4213,99.6179,-4.8181,0.0,98.4939,,,,,,,,,,,,0.683,0.794,0.66,0.66,0
181.42,-5.2441,-0.4213,99.6179,-4.8181,0.0,98.4939,,,,,,,,,,,,0.683,0.794,0.66,0.66,0
181.44,-5.2441,-0.4213,99.6179,-4.8181,0.0,98.4939,,,,,,,,,,,,0.683,0.794,0.66,0.66,0
181.46,-6.2516,-0.3246,99.6684,-5.4602,0.0,98.4939,,,,,,,,,,,,0.683,0.794,0.66,0.66,0
181.48,-6.2516,-0.3246,99.6684,-5.4602,0.0,98.4939,,,,,,,,,,,,0.648,0.828,0.672,0.652,0
181.5,-6.2516,-0.3246,99.6684,-5.4602,0.0,98.4939,,,,,,,,,,,,0.648,0.828,0.672,0.652,0
181.52,-6.2516,-0.3246,99.6684,-5.4602,0.0,98.4939,,,,,,,,,,,,0.648,0.828,0.672,0.652,0
181.54,-6.2516,-0.3246,99.6684,-5.4602,0.0,98.4939,,,,,,,,,,,,0.648,0.828,0.672,0.652,0
181.56,-6.5415,0.1378,98.9107,-5.0068,0.0,98.4939,,,,,,,,,,,,0.648,0.828,0.672,0.652,0
181.58,-6.5415,0.1378,98.9107,-5.0068,0.0,98.4939,,,,,,,,,,,,0.697,0.801,0.663,0.645,0
181.6,-6.5415,0.1378,98.9107,-5.0068,0.0,98.4939,,,,,,,,,,,,0.697,0.801,0.663,0.645,0
181.62,-6.5415,0.1378,98.9107,-5.0068,0.0,98.4939,,,,,,,,,,,,0.697,0.801,0.663,0.645,0
181.64,-6.5415,0.1378,98.9107,-5.0068,0.0,98.4939,,,,,,,,,,,,0.697,0.801,0.663,0.645,0
181.66,-6.1743,-2.5046,97.8211,-3.2158,0.0,98.4939,,,,,,,,,,,,0.697,0.801,0.663,0.645,0
181.68,-6.1743,-2.5046,97.8211,-3.2158,0.0,98.4939,,,,,,,,,,,,0.75,0.841,0.752,0.602,0
181.7,-6.1743,-2.5046,97.8211,-3.2158,0.0,98.4939,,,,,,,,,,,,0.75,0.841,0.752,0.602,0
181.72,-6.1743,-2.5046,97.8211,-3.2158,0.0,98.4939,,,,,,,,,,,,0.75,0.841,0.752,0.602,0
181.74,-6.1743,-2.5046,97.8211,-3.2158,0.0,98.4939,,,,,,,,,,,,0.75,0.841,0.752,0.602,0
181.76,-5.8244,-5.2479,96.717,-1.6418,0.0,98.4939,,,,,,,,,,,,0.75,0.841,0.752,0.602,0
181.78,-5.8244,-5.2479,96.717,-1.6418,0.0,98.4939,,,,,,,,,,,,0.868,0.93,0.831,0.737,0
181.8,-5.8244,-5.2479,96.717,-1.6418,0.0,98.4939,,,,,,,,,,,,0.868,0.93,0.831,0.737,0
181.82,-5.8244,-5.2479,96.717,-1.6418,0.0,98.4939,,,,,,,,,,,,0.868,0.93,0.831,0.737,0
181.84,-5.8244,-5.2479,96.717,-1.6418,0.0,98.4939,,,,,,,,,,,,0.868,0.93,0.831,0.737,0
181.86,-3.7972,-5.6751,94.9641,-0.8382,0.0,98.4938,,,,,,,,,,,,0.868,0.93,0.831,0.737,0
181.88,-3.7972,-5.6751,94.9641,-0.8382,0.0,98.4938,,,,,,,,,,,,0.9,0.938,0.789,0.783,0
181.9,-3.7972,-5.6751,94.9641,-0.8382,0.0,98.4938,,,,,,,,,,,,0.9,0.938,0.789,0.783,0
181.92,-3.7972,-5.6751,94.9641,-0.8382,0.0,98.4938,,,,,,,,,,,,0.9,0.938,0.789,0.783,0
181.94,-3.7972,-5.6751,94.9641,-0.8382,0.0,98.4938,,,,,,,,,,,,0.9,0.938,0.789,0.783,0
181.96,-2.3246,-6.2115,92.7119,-0.4279,0.0,98.4938,,,,,,,,,,,,0.9,0.938,0.789,0.783,0
181.98,-2.3246,-6.2115,92.7119,-0.4279,0.0,98.4938,,,,,,,,,,,,0.902,0.949,0.804,0.726,0
182.0,-2.3246,-6.2115,92.7119,-0.4279,0.0,98.4938,,,,,,,,,,,,0.902,0.949,0.804,0.726,0
182.02,-2.3246,-6.2115,92.7119,-0.4279,0.0,98.4938,,,,,,,,,,,,0.902,0.949,0.804,0.726,0
182.04,-2.3246,-6.2115,92.7119,-0.4279,0.0,98.4938,,,,,,,,,,,,0.902,0.949,0.804,0.726,0
182.06,-1.6812,-6.3216,90.4462,-0.2185,0.695,98.4938,,,,,,,,,,,,0.902,0.949,0.804,0.726,0
182.08,-1.6812,-6.3216,90.4462,-0.2185,0.695,98.4938,,,,,,,,,,,,0.902,0.949,0.804,0.674,0
182.1,-1.6812,-6.3216,90.4462,-0.2185,0.695,98.4938,,,,,,,,,,,,0.902,0.949,0.804,0.674,0
182.12,-1.6812,-6.3216,90.4462,-0.2185,0.695,98.4938,,,,,,,,,,,,0.902,0.949,0.804,0.674,0
182.14,-1.6812,-6.3216,90.4462,-0.2185,0.695,98.4938,,,,,,,,,,,,0.902,0.949,0.804,0.674,0
182.16,-1.5246,-5.8299,88.3273,-0.1115,1.4593,98.4939,,,,,,,,,,,,0.902,0.949,0.804,0.674,0
182.18,-1.5246,-5.8299,88.3273,-0.1115,1.4593,98.4939,,,,,,,,,,,,0.896,0.949,0.764,0.675,0
182.2,-1.5246,-5.8299,88.3273,-0.1115,1.4593,98.4939,,,,,,,,,,,,0.896,0.949,0.764,0.675,0
182.22,-1.5246,-5.8299,88.3273,-0.1115,1.4593,98.4939,,,,,,,,,,,,0.896,0.949,0.764,0.675,0
182.24,-1.5246,-5.8299,88.3273,-0.1115,1.4593,98.4939,,,,,,,,,,,,0.896,0.949,0.764,0.675,0
182.26,-0.0815,-4.422,86.3304,-0.0569,1.8527,98.4938,,,,,,,,,,,,0.896,0.949,0.764,0.675,0
182.28,-0.0815,-4.422,86.3304,-0.0569,1.8527,98.4938,,,,,,,,,,,,0.936,0.949,0.728,0.738,0
182.3,-0.0815,-4.422,86.3304,-0.0569,1.8527,98.4938,,,,,,,,,,,,0.936,0.949,0.728,0.738,0
182.32,-0.0815,-4.422,86.3304,-0.0569,1.8527,98.4938,,,,,,,,,,,,0.936,0.949,0.728,0.738,0
182.34,-0.0815,-4.422,86.3304,-0.0569,1.8527,98.4938,,,,,,,,,,,,0.936,0.949,0.728,0.738,0
182.36,0.7067,-0.5338,85.3652,-0.0291,2.32,98.4939,,,,,,,,,,,,0.936,0.949,0.728,0.738,0
182.38,0.7067,-0.5338,85.3652,-0.0291,2.32,98.4939,,,,,,,,,,,,0.712,0.81,0.439,0.551,0
182.4,0.7067,-0.5338,85.3652,-0.0291,2.32,98.4939,,,,,,,,,,,,0.712,0.81,0.439,0.551,0
182.42,0.7067,-0.5338,85.3652,-0.0291,2.32,98.4939,,,,,,,,,,,,0.712,0.81,0.439,0.551,0
182.44,0.7067,-0.5338,85.3652,-0.0291,2.32,98.4939,,,,,,,,,,,,0.712,0.81,0.439,0.551,0
182.46,-0.2592,3.5823,85.9601,-0.0148,2.2282,98.4938,,,,,,,,,,,,0.712,0.81,0.439,0.551,0
182.48,-0.2592,3.5823,85.9601,-0.0148,2.2282,98.4938,,,,,,,,,,,,0.655,0.79,0.447,0.521,0
182.5,-0.2592,3.5823,85.9601,-0.0148,2.2282,98.4938,,,,,,,,,,,,0.655,0.79,0.447,0.521,0
182.52,-0.2592,3.5823,85.9601,-0.0148,2.2282,98.4938,,,,,,,,,,,,0.655,0.79,0.447,0.521,0
182.54,-0.2592,3.5823,85.9601,-0.0148,2.2282,98.4938,,,,,,,,,,,,0.655,0.79,0.447,0.521,0
182.56,0.1285,5.0592,87.8988,-0.0076,2.4465,98.4939,,,,,,,,,,,,0.655,0.79,0.447,0.521,0
182.58,0.1285,5.0592,87.8988,-0.0076,2.4465,98.4939,,,,,,,,,,,,0.721,0.772,0.565,0.561,0
182.6,0.1285,5.0592,87.8988,-0.0076,2.4465,98.4939,,,,,,,,,,,,0.721,0.772,0.565,0.561,0
182.62,0.1285,5.0592,87.8988,-0.0076,2.4465,98.4939,,,,,,,,,,,,0.721,0.772,0.565,0.561,0
182.64,0.1285,5.0592,87.8988,-0.0076,2.4465,98.4939,,,,,,,,,,,,0.721,0.772,0.565,0.561,0
182.66,1.3742,3.239,90.1768,-0.0039,2.915,98.4939,,,,,,,,,,,,0.721,0.772,0.565,0.561,0
182.68,1.3742,3.239,90.1768,-0.0039,2.915,98.4939,,,,,,,,,,,,0.775,0.781,0.646,0.619,0
182.7,1.3742,3.239,90.1768,-0.0039,2.915,98.4939,,,,,,,,,,,,0.775,0.781,0.646,0.619,0
182.72,1.3742,3.239,90.1768,-0.0039,2.915,98.4939,,,,,,,,,,,,0.775,0.781,0.646,0.619,0
182.74,1.3742,3.239,90.1768,-0.0039,2.915,98.4939,,,,,,,,,,,,0.775,0.781,0.646,0.619,0
182.76,2.0583,2.0271,92.5419,-0.002,3.8006,98.4939,,,,,,,,,,,,0.775,0.781,0.646,0.619,0
182.78,2.0583,2.0271,92.5419,-0.002,3.8006,98.4939,,,,,,,,,,,,0.735,0.807,0.689,0.603,0
182.8,2.0583,2.0271,92.5419,-0.002,3.8006,98.4939,,,,,,,,,,,,0.735,0.807,0.689,0.603,0
182.82,2.0583,2.0271,92.5419,-0.002,3.8006,98.4939,,,,,,,,,,,,0.735,0.807,0.689,0.603,0
182.84,2.0583,2.0271,92.5419,-0.002,3.8006,98.4939,,,,,,,,,,,,0.735,0.807,0.689,0.603,0
182.86,2.1246,2.77,94.6036,-0.001,4.8512,98.4939,,,,,,,,,,,,0.735,0.807,0.689,0.603,0
182.88,2.1246,2.77,94.6036,-0.001,4.8512,98.4939,,,,,,,,,,,,0.78,0.752,0.627,0.68,0
182.9,2.1246,2.77,94.6036,-0.001,4.8512,98.4939,,,,,,,,,,,,0.78,0.752,0.627,0.68,0
182.92,2.1246,2.77,94.6036,-0.001,4.8512,98.4939,,,,,,,,,,,,0.78,0.752,0.627,0.68,0
182.94,2.1246,2.77,94.6036,-0.001,4.8512,98.4939,,,,,,,,,,,,0.78,0.752,0.627,0.68,0
182.96,1.4106,4.211,96.1391,-0.0005,6.1326,98.494,,,,,,,,,,,,0.78,0.752,0.627,0.68,0
182.98,1.4106,4.211,96.1391,-0.0005,6.1326,98.494,,,,,,,,,,,,0.773,0.753,0.646,0.673,0
183.0,1.4106,4.211,96.1391,-0.0005,6.1326,98.494,,,,,,,,,,,,0.773,0.753,0.646,0.673,0
183.02,1.4106,4.211,96.1391,-0.0005,6.1326,98.494,,,,,,,,,,,,0.773,0.753,0.646,0.673,0
183.04,1.4106,4.211,96.1391,-0.0005,6.1326,98.494,,,,,,,,,,,,0.773,0.753,0.646,0.673,0
183.06,0.1132,6.3286,97.6272,-0.0003,7.7947,98.4941,,,,,,,,,,,,0.773,0.753,0.646,0.673,0
183.08,0.1132,6.3286,97.6272,-0.0003,7.7947,98.4941,,,,,,,,,,,,0.668,0.841,0.719,0.615,0
183.1,0.1132,6.3286,97.6272,-0.0003,7.7947,98.4941,,,,,,,,,,,,0.668,0.841,0.719,0.615,0
183.12,0.1132,6.3286,97.6272,-0.0003,7.7947,98.4941,,,,,,,,,,,,0.668,0.841,0.719,0.615,0
183.14,0.1132,6.3286,97.6272,-0.0003,7.7947,98.4941,,,,,,,,,,,,0.668,0.841,0.719,0.615,0
183.16,-0.9576,9.003,99.3774,-0.0001,9.2907,98.4942,,,,,,,,,,,,0.668,0.841,0.719,0.615,0
183.18,-0.9576,9.003,99.3774,-0.0001,9.2907,98.4942,,,,,,,,,,,,0.703,0.799,0.666,0.697,0
183.2,-0.9576,9.003,99.3774,-0.0001,9.2907,98.4942,,,,,,,,,,,,0.703,0.799,0.666,0.697,0
183.22,-0.9576,9.003,99.3774,-0.0001,9.2907,98.4942,,,,,,,,,,,,0.703,0.799,0.666,0.697,0
183.24,-0.9576,9.003,99.3774,-0.0001,9.2907,98.4942,,,,,,,,,,,,0.703,0.799,0.666,0.697,0
183.26,-0.5833,11.6467,101.0737,-0.0001,10.2556,98.4942,,,,,,,,,,,,0.703,0.799,0.666,0.697,0
183.28,-0.5833,11.6467,101.0737,-0.0001,10.2556,98.4942,,,,,,,,,,,,0.683,0.827,0.7,0.715,0
183.3,-0.5833,11.6467,101.0737,-0.0001,10.2556,98.4942,,,,,,,,,,,,0.683,0.827,0.7,0.715,0
183.32,-0.5833,11.6467,101.0737,-0.0001,10.2556,98.4942,,,,,,,,,,,,0.683,0.827,0.7,0.715,0
183.34,-0.5833,11.6467,101.0737,-0.0001,10.2556,98.4942,,,,,,,,,,,,0.683,0.827,0.7,0.715,0
183.36,0.8789,13.4754,102.6764,-0.0507,10.3135,98.4942,,,,,,,,,,,,0.683,0.827,0.7,0.715,0
183.38,0.8789,13.4754,102.6764,-0.0507,10.3135,98.4942,,,,,,,,,,,,0.727,0.819,0.743,0.737,0
183.4,0.8789,13.4754,102.6764,-0.0507,10.3135,98.4942,,,,,,,,,,,,0.727,0.819,0.743,0.737,0
183.42,0.8789,13.4754,102.6764,-0.0507,10.3135,98.4942,,,,,,,,,,,,0.727,0.819,0.743,0.737,0
183.44,0.8789,13.4754,102.6764,-0.0507,10.3135,98.4942,,,,,,,,,,,,0.727,0.819,0.743,0.737,0
183.46,2.5077,12.312,103.8947,-0.2284,10.1321,98.4942,,,,,,,,,,,,0.727,0.819,0.743,0.737,0
183.48,2.5077,12.312,103.8947,-0.2284,10.1321,98.4942,,,,,,,,,,,,0.743,0.815,0.756,0.75,0
183.5,2.5077,12.312,103.8947,-0.2284,10.1321,98.4942,,,,,,,,,,,,0.743,0.815,0.756,0.75,0
183.52,2.5077,12.312,103.8947,-0.2284,10.1321,98.4942,,,,,,,,,,,,0.743,0.815,0.756,0.75,0
183.54,2.5077,12.312,103.8947,-0.2284,10.1321,98.4942,,,,,,,,,,,,0.743,0.815,0.756,0.75,0
183.56,2.4589,9.2282,104.2736,-0.583,9.2418,98.4942,,,,,,,,,,,,0.743,0.815,0.756,0.75,0
183.58,2.4589,9.2282,104.2736,-0.583,9.2418,98.4942,,,,,,,,,,,,0.785,0.778,0.78,0.724,0
183.6,2.4589,9.2282,104.2736,-0.583,9.2418,98.4942,,,,,,,,,,,,0.785,0.778,0.78,0.724,0
183.62,2.4589,9.2282,104.2736,-0.583,9.2418,98.4942,,,,,,,,,,,,0.785,0.778,0.78,0.724,0
183.64,2.4589,9.2282,104.2736,-0.583,9.2418,98.4942,,,,,,,,,,,,0.785,0.778,0.78,0.724,0
183.66,1.0888,5.8197,103.9955,-1.0186,8.7222,98.4942,,,,,,,,,,,,0.785,0.778,0.78,0.724,0
183.68,1.0888,5.8197,103.9955,-1.0186,8.7222,98.4942,,,,,,,,,,,,0.802,0.776,0.791,0.703,0
183.7,1.0888,5.8197,103.9955,-1.0186,8.7222,98.4942,,,,,,,,,,,,0.802,0.776,0.791,0.703,0
183.72,1.0888,5.8197,103.9955,-1.0186,8.7222,98.4942,,,,,,,,,,,,0.802,0.776,0.791,0.703,0
183.74,1.0888,5.8197,103.9955,-1.0186,8.7222,98.4942,,,,,,,,,,,,0.802,0.776,0.791,0.703,0
183.76,-0.5972,3.0316,103.2789,-1.6588,8.7183,98.4942,,,,,,,,,,,,0.802,0.776,0.791,0.703,0
183.78,-0.5972,3.0316,103.2789,-1.6588,8.7183,98.4942,,,,,,,,,,,,0.804,0.786,0.808,0.662,0
183.8,-0.5972,3.0316,103.2789,-1.6588,8.7183,98.4942,,,,,,,,,,,,0.804,0.786,0.808,0.662,0
183.82,-0.5972,3.0316,103.2789,-1.6588,8.7183,98.4942,,,,,,,,,,,,0.804,0.786,0.808,0.662,0
183.84,-0.5972,3.0316,103.2789,-1.6588,8.7183,98.4942,,,,,,,,,,,,0.804,0.786,0.808,0.662,0
183.86,-2.1322,0.8206,102.4599,-2.2785,9.2725,98.4941,,,,,,,,,,,,0.804,0.786,0.808,0.662,0
183.88,-2.1322,0.8206,102.4599,-2.2785,9.2725,98.4941,,,,,,,,,,,,0.81,0.794,0.807,0.649,0
183.9,-2.1322,0.8206,102.4599,-2.2785,9.2725,98.4941,,,,,,,,,,,,0.81,0.794,0.807,0.649,0
183.92,-2.1322,0.8206,102.4599,-2.2785,9.2725,98.4941,,,,,,,,,,,,0.81,0.794,0.807,0.649,0
183.94,-2.1322,0.8206,102.4599,-2.2785,9.2725,98.4941,,,,,,,,,,,,0.81,0.794,0.807,0.649,0
183.96,-3.6753,0.941,101.7156,-2.7064,10.053,98.494,,,,,,,,,,,,0.81,0.794,0.807,0.649,0
183.98,-3.6753,0.941,101.7156,-2.7064,10.053,98.494,,,,,,,,,,,,0.79,0.819,0.788,0.665,0
184.0,-3.6753,0.941,101.7156,-2.7064,10.053,98.494,,,,,,,,,,,,0.79,0.819,0.788,0.665,0
184.02,-3.6753,0.941,101.7156,-2.7064,10.053,98.494,,,,,,,,,,,,0.79,0.819,0.788,0.665,0
184.04,-3.6753,0.941,101.7156,-2.7064,10.053,98.494,,,,,,,,,,,,0.79,0.819,0.788,0.665,0
184.06,-4.9024,3.4076,100.7338,-2.8416,10.4013,98.494,,,,,,,,,,,,0.79,0.819,0.788,0.665,0
184.08,-4.9024,3.4076,100.7338,-2.8416,10.4013,98.494,,,,,,,,,,,,0.777,0.839,0.76,0.692,0
184.1,-4.9024,3.4076,100.7338,-2.8416,10.4013,98.494,,,,,,,,,,,,0.777,0.839,0.76,0.692,0
184.12,-4.9024,3.4076,100.7338,-2.8416,10.4013,98.494,,,,,,,,,,,,0.777,0.839,0.76,0.692,0
184.14,-4.9024,3.4076,100.7338,-2.8416,10.4013,98.494,,,,,,,,,,,,0.777,0.839,0.76,0.692,0
184.16,-3.4422,5.8908,99.4356,-2.8222,10.5562,98.494,,,,,,,,,,,,0.777,0.839,0.76,0.692,0
184.18,-3.4422,5.8908,99.4356,-2.8222,10.5562,98.494,,,,,,,,,,,,0.781,0.848,0.759,0.678,0
184.2,-3.4422,5.8908,99.4356,-2.8222,10.5562,98.494,,,,,,,,,,,,0.781,0.848,0.759,0.678,0
184.22,-3.4422,5.8908,99.4356,-2.8222,10.5562,98.494,,,,,,,,,,,,0.781,0.848,0.759,0.678,0
184.24,-3.4422,5.8908,99.4356,-2.8222,10.5562,98.494,,,,,,,,,,,,0.781,0.848,0.759,0.678,0
184.26,-1.3181,6.1219,97.6454,-1.8979,10.7691,98.494,,,,,,,,,,,,0.781,0.848,0.759,0.678,0
184.28,-1.3181,6.1219,97.6454,-1.8979,10.7691,98.494,,,,,,,,,,,,0.857,0.795,0.738,0.675,0
184.3,-1.3181,6.1219,97.6454,-1.8979,10.7691,98.494,,,,,,,,,,,,0.857,0.795,0.738,0.675,0
184.32,-1.3181,6.1219,97.6454,-1.8979,10.7691,98.494,,,,,,,,,,,,0.857,0.795,0.738,0.675,0
184.34,-1.3181,6.1219,97.6454,-1.8979,10.7691,98.494,,,,,,,,,,,,0.857,0.795,0.738,0.675,0
184.36,-0.7897,6.4495,95.9294,-1.8265,10.8795,98.4941,,,,,,,,,,,,0.857,0.795,0.738,0.675,0
184.38,-0.7897,6.4495,95.9294,-1.8265,10.8795,98.4941,,,,,,,,,,,,0.824,0.848,0.706,0.686,0
184.4,-0.7897,6.4495,95.9294,-1.8265,10.8795,98.4941,,,,,,,,,,,,0.824,0.848,0.706,0.686,0
184.42,-0.7897,6.4495,95.9294,-1.8265,10.8795,98.4941,,,,,,,,,,,,0.824,0.848,0.706,0.686,0
184.44,-0.7897,6.4495,95.9294,-1.8265,10.8795,98.4941,,,,,,,,,,,,0.824,0.848,0.706,0.686,0
184.46,-1.4158,10.1468,94.7436,-1.9143,10.8824,98.4941,,,,,,,,,,,,0.824,0.848,0.706,0.686,0
184.48,-1.4158,10.1468,94.7436,-1.9143,10.8824,98.4941,,,,,,,,,,,,0.799,0.884,0.674,0.715,0
184.5,-1.4158,10.1468,94.7436,-1.9143,10.8824,98.4941,,,,,,,,,,,,0.799,0.884,0.674,0.715,0
184.52,-1.4158,10.1468,94.7436,-1.9143,10.8824,98.4941,,,,,,,,,,,,0.799,0.884,0.674,0.715,0
184.54,-1.4158,10.1468,94.7436,-1.9143,10.8824,98.4941,,,,,,,,,,,,0.799,0.884,0.674,0.715,0
184.56,-3.6604,12.7902,93.8228,-2.2102,10.9076,98.4941,,,,,,,,,,,,0.799,0.884,0.674,0.715,0
184.58,-3.6604,12.7902,93.8228,-2.2102,10.9076,98.4941,,,,,,,,,,,,0.801,0.892,0.712,0.685,0
184.6,-3.6604,12.7902,93.8228,-2.2102,10.9076,98.4941,,,,,,,,,,,,0.801,0.892,0.712,0.685,0
184.62,-3.6604,12.7902,93.8228,-2.2102,10.9076,98.4941,,,,,,,,,,,,0.801,0.892,0.712,0.685,0
184.64,-3.6604,12.7902,93.8228,-2.2102,10.9076,98.4941,,,,,,,,,,,,0.801,0.892,0.712,0.685,0
184.66,-6.4229,12.7012,93.5082,-3.233,10.1501,98.4943,,,,,,,,,,,,0.801,0.892,0.712,0.685,0
184.68,-6.4229,12.7012,93.5082,-3.233,10.1501,98.4943,,,,,,,,,,,,0.79,0.9,0.74,0.665,0
184.7,-6.4229,12.7012,93.5082,-3.233,10.1501,98.4943,,,,,,,,,,,,0.79,0.9,0.74,0.665,0
184.72,-6.4229,12.7012,93.5082,-3.233,10.1501,98.4943,,,,,,,,,,,,0.79,0.9,0.74,0.665,0
184.74,-6.4229,12.7012,93.5082,-3.233,10.1501,98.4943,,,,,,,,,,,,0.79,0.9,0.74,0.665,0
184.76,-8.7458,9.3178,94.1207,-4.899,8.8966,98.4948,,,,,,,,,,,,0.79,0.9,0.74,0.665,0
184.78,-8.7458,9.3178,94.1207,-4.899,8.8966,98.4948,,,,,,,,,,,,0.811,0.866,0.797,0.605,0
184.8,-8.7458,9.3178,94.1207,-4.899,8.8966,98.4948,,,,,,,,,,,,0.811,0.866,0.797,0.605,0
184.82,-8.7458,9.3178,94.1207,-4.899,8.8966,98.4948,,,,,,,,,,,,0.811,0.866,0.797,0.605,0
184.84,-8.7458,9.3178,94.1207,-4.899,8.8966,98.4948,,,,,,,,,,,,0.811,0.866,0.797,0.605,0
184.86,-9.4706,4.7947,95.3316,-6.6733,8.0015,98.4952,,,,,,,,,,,,0.811,0.866,0.797,0.605,0
184.88,-9.4706,4.7947,95.3316,-6.6733,8.0015,98.4952,,,,,,,,,,,,0.865,0.795,0.758,0.654,0
184.9,-9.4706,4.7947,95.3316,-6.6733,8.0015,98.4952,,,,,,,,,,,,0.865,0.795,0.758,0.654,0
184.92,-9.4706,4.7947,95.3316,-6.6733,8.0015,98.4952,,,,,,,,,,,,0.865,0.795,0.758,0.654,0
184.94,-9.4706,4.7947,95.3316,-6.6733,8.0015,98.4952,,,,,,,,,,,,0.865,0.795,0.758,0.654,0
184.96,-9.2232,1.3966,96.7017,-7.7747,6.9803,98.4954,,,,,,,,,,,,0.865,0.795,0.758,0.654,0
184.98,-9.2232,1.3966,96.7017,-7.7747,6.9803,98.4954,,,,,,,,,,,,0.824,0.825,0.785,0.633,0
185.0,-9.2232,1.3966,96.7017,-7.7747,6.9803,98.4954,,,,,,,,,,,,0.824,0.825,0.785,0.633,0
185.02,-9.2232,1.3966,96.7017,-7.7747,6.9803,98.4954,,,,,,,,,,,,0.824,0.825,0.785,0.633,0
185.04,-9.2232,1.3966,96.7017,-7.7747,6.9803,98.4954,,,,,,,,,,,,0.824,0.825,0.785,0.633,0
185.06,-8.5269,0.1631,97.8997,-8.1659,6.2236,98.4954,,,,,,,,,,,,0.824,0.825,0.785,0.633,0
185.08,-8.5269,0.1631,97.8997,-8.1659,6.2236,98.4954,,,,,,,,,,,,0.823,0.807,0.755,0.684,0
185.1,-8.5269,0.1631,97.8997,-8.1659,6.2236,98.4954,,,,,,,,,,,,0.823,0.807,0.755,0.684,0
185.12,-8.5269,0.1631,97.8997,-8.1659,6.2236,98.4954,,,,,,,,,,,,0.823,0.807,0.755,0.684,0
185.14,-8.5269,0.1631,97.8997,-8.1659,6.2236,98.4954,,,,,,,,,,,,0.823,0.807,0.755,0.684,0
185.16,-7.541,1.0642,99.1803,-7.7087,5.5608,98.4954,,,,,,,,,,,,0.823,0.807,0.755,0.684,0
185.18,-7.541,1.0642,99.1803,-7.7087,5.5608,98.4954,,,,,,,,,,,,0.796,0.815,0.752,0.71,0
185.2,-7.541,1.0642,99.1803,-7.7087,5.5608,98.4954,,,,,,,,,,,,0.796,0.815,0.752,0.71,0
185.22,-7.541,1.0642,99.1803,-7.7087,5.5608,98.4954,,,,,,,,,,,,0.796,0.815,0.752,0.71,0
185.24,-7.541,1.0642,99.1803,-7.7087,5.5608,98.4954,,,,,,,,,,,,0.796,0.815,0.752,0.71,0
185.26,-6.4499,2.0519,100.2877,-6.8027,5.3454,98.4953,,,,,,,,,,,,0.796,0.815,0.752,0.71,0
185.28,-6.4499,2.0519,100.2877,-6.8027,5.3454,98.4953,,,,,,,,,,,,0.758,0.837,0.816,0.651,0
185.3,-6.4499,2.0519,100.2877,-6.8027,5.3454,98.4953,,,,,,,,,,,,0.758,0.837,0.816,0.651,0
185.32,-6.4499,2.0519,100.2877,-6.8027,5.3454,98.4953,,,,,,,,,,,,0.758,0.837,0.816,0.651,0
185.34,-6.4499,2.0519,100.2877,-6.8027,5.3454,98.4953,,,,,,,,,,,,0.758,0.837,0.816,0.651,0
185.36,-5.3833,2.5428,100.8881,-5.3181,5.9462,98.4955,,,,,,,,,,,,0.758,0.837,0.816,0.651,0
185.38,-5.3833,2.5428,100.8881,-5.3181,5.9462,98.4955,,,,,,,,,,,,0.778,0.816,0.824,0.64,0
185.4,-5.3833,2.5428,100.8881,-5.3181,5.9462,98.4955,,,,,,,,,,,,0.778,0.816,0.824,0.64,0
185.42,-5.3833,2.5428,100.8881,-5.3181,5.9462,98.4955,,,,,,,,,,,,0.778,0.816,0.824,0.64,0
185.44,-5.3833,2.5428,100.8881,-5.3181,5.9462,98.4955,,,,,,,,,,,,0.778,0.816,0.824,0.64,0
185.46,-4.6891,2.3884,100.8918,-4.0915,6.6834,98.4957,,,,,,,,,,,,0.778,0.816,0.824,0.64,0
185.48,-4.6891,2.3884,100.8918,-4.0915,6.6834,98.4957,,,,,,,,,,,,0.803,0.798,0.794,0.665,0
185.5,-4.6891,2.3884,100.8918,-4.0915,6.6834,98.4957,,,,,,,,,,,,0.803,0.798,0.794,0.665,0
185.52,-4.6891,2.3884,100.8918,-4.0915,6.6834,98.4957,,,,,,,,,,,,0.803,0.798,0.794,0.665,0
185.54,-4.6891,2.3884,100.8918,-4.0915,6.6834,98.4957,,,,,,,,,,,,0.803,0.798,0.794,0.665,0
185.56,-3.2691,3.3377,100.2714,-3.211,7.3659,98.4958,,,,,,,,,,,,0.803,0.798,0.794,0.665,0
185.58,-3.2691,3.3377,100.2714,-3.211,7.3659,98.4958,,,,,,,,,,,,0.791,0.822,0.764,0.684,0
185.6,-3.2691,3.3377,100.2714,-3.211,7.3659,98.4958,,,,,,,,,,,,0.791,0.822,0.764,0.684,0
185.62,-3.2691,3.3377,100.2714,-3.211,7.3659,98.4958,,,,,,,,,,,,0.791,0.822,0.764,0.684,0
185.64,-3.2691,3.3377,100.2714,-3.211,7.3659,98.4958,,,,,,,,,,,,0.791,0.822,0.764,0.684,0
185.66,-1.6291,5.043,99.042,-1.9035,7.9957,98.496,,,,,,,,,,,,0.791,0.822,0.764,0.684,0
185.68,-1.6291,5.043,99.042,-1.9035,7.9957,98.496,,,,,,,,,,,,0.801,0.828,0.759,0.669,0
185.7,-1.6291,5.043,99.042,-1.9035,7.9957,98.496,,,,,,,,,,,,0.801,0.828,0.759,0.669,0
185.72,-1.6291,5.043,99.042,-1.9035,7.9957,98.496,,,,,,,,,,,,0.801,0.828,0.759,0.669,0
185.74,-1.6291,5.043,99.042,-1.9035,7.9957,98.496,,,,,,,,,,,,0.801,0.828,0.759,0.669,0
185.76,-0.3492,6.0204,97.4738,-0.9718,8.4258,98.4961,,,,,,,,,,,,0.801,0.828,0.759,0.669,0
185.78,-0.3492,6.0204,97.4738,-0.9718,8.4258,98.4961,,,,,,,,,,,,0.821,0.829,0.757,0.649,0
185.8,-0.3492,6.0204,97.4738,-0.9718,8.4258,98.4961,,,,,,,,,,,,0.821,0.829,0.757,0.649,0
185.82,-0.3492,6.0204,97.4738,-0.9718,8.4258,98.4961,,,,,,,,,,,,0.821,0.829,0.757,0.649,0
185.84,-0.3492,6.0204,97.4738,-0.9718,8.4258,98.4961,,,,,,,,,,,,0.821,0.829,0.757,0.649,0
185.86,-0.0542,6.1688,95.8635,-0.5106,7.6078,98.4961,,,,,,,,,,,,0.821,0.829,0.757,0.649,0
185.88,-0.0542,6.1688,95.8635,-0.5106,7.6078,98.4961,,,,,,,,,,,,0.793,0.867,0.757,0.619,0
185.9,-0.0542,6.1688,95.8635,-0.5106,7.6078,98.4961,,,,,,,,,,,,0.793,0.867,0.757,0.619,0
185.92,-0.0542,6.1688,95.8635,-0.5106,7.6078,98.4961,,,,,,,,,,,,0.793,0.867,0.757,0.619,0
185.94,-0.0542,6.1688,95.8635,-0.5106,7.6078,98.4961,,,,,,,,,,,,0.793,0.867,0.757,0.619,0
185.96,0.2068,4.6492,94.2002,-0.6115,5.4489,98.4961,,,,,,,,,,,,0.793,0.867,0.757,0.619,0
185.98,0.2068,4.6492,94.2002,-0.6115,5.4489,98.4961,,,,,,,,,,,,0.838,0.816,0.707,0.618,0
186.0,0.2068,4.6492,94.2002,-0.6115,5.4489,98.4961,,,,,,,,,,,,0.838,0.816,0.707,0.618,0
186.02,0.2068,4.6492,94.2002,-0.6115,5.4489,98.4961,,,,,,,,,,,,0.838,0.816,0.707,0.618,0
186.04,0.2068,4.6492,94.2002,-0.6115,5.4489,98.4961,,,,,,,,,,,,0.838,0.816,0.707,0.618,0
186.06,-0.6369,1.532,92.1694,-0.6859,3.8031,98.4961,,,,,,,,,,,,0.838,0.816,0.707,0.618,0
186.08,-0.6369,1.532,92.1694,-0.6859,3.8031,98.4961,,,,,,,,,,,,0.834,0.823,0.72,0.542,0
186.1,-0.6369,1.532,92.1694,-0.6859,3.8031,98.4961,,,,,,,,,,,,0.834,0.823,0.72,0.542,0
186.12,-0.6369,1.532,92.1694,-0.6859,3.8031,98.4961,,,,,,,,,,,,0.834,0.823,0.72,0.542,0
186.14,-0.6369,1.532,92.1694,-0.6859,3.8031,98.4961,,,,,,,,,,,,0.834,0.823,0.72,0.542,0
186.16,1.074,-0.9822,90.312,-1.2616,2.6431,98.4963,,,,,,,,,,,,0.834,0.823,0.72,0.542,0
186.18,1.074,-0.9822,90.312,-1.2616,2.6431,98.4963,,,,,,,,,,,,0.854,0.817,0.678,0.564,0
186.2,1.074,-0.9822,90.312,-1.2616,2.6431,98.4963,,,,,,,,,,,,0.854,0.817,0.678,0.564,0
186.22,1.074,-0.9822,90.312,-1.2616,2.6431,98.4963,,,,,,,,,,,,0.854,0.817,0.678,0.564,0
186.24,1.074,-0.9822,90.312,-1.2616,2.6431,98.4963,,,,,,,,,,,,0.854,0.817,0.678,0.564,0
186.26,3.3582,-2.9691,88.9915,-2.4796,2.4666,98.4964,,,,,,,,,,,,0.854,0.817,0.678,0.564,0
186.28,3.3582,-2.9691,88.9915,-2.4796,2.4666,98.4964,,,,,,,,,,,,0.875,0.803,0.688,0.55,0
186.3,3.3582,-2.9691,88.9915,-2.4796,2.4666,98.4964,,,,,,,,,,,,0.875,0.803,0.688,0.55,0
186.32,3.3582,-2.9691,88.9915,-2.4796,2.4666,98.4964,,,,,,,,,,,,0.875,0.803,0.688,0.55,0
186.34,3.3582,-2.9691,88.9915,-2.4796,2.4666,98.4964,,,,,,,,,,,,0.875,0.803,0.688,0.55,0
186.36,2.9854,-4.2464,88.4037,-3.1994,3.0658,98.4963,,,,,,,,,,,,0.875,0.803,0.688,0.55,0
186.38,2.9854,-4.2464,88.4037,-3.1994,3.0658,98.4963,,,,,,,,,,,,0.863,0.811,0.711,0.531,0
186.4,2.9854,-4.2464,88.4037,-3.1994,3.0658,98.4963,,,,,,,,,,,,0.863,0.811,0.711,0.531,0
186.42,2.9854,-4.2464,88.4037,-3.1994,3.0658,98.4963,,,,,,,,,,,,0.863,0.811,0.711,0.531,0
186.44,2.9854,-4.2464,88.4037,-3.1994,3.0658,98.4963,,,,,,,,,,,,0.863,0.811,0.711,0.531,0
186.46,0.0424,-3.3996,88.364,-3.6188,2.2624,98.4963,,,,,,,,,,,,0.863,0.811,0.711,0.531,0
186.48,0.0424,-3.3996,88.364,-3.6188,2.2624,98.4963,,,,,,,,,,,,0.856,0.796,0.63,0.61,0
186.5,0.0424,-3.3996,88.364,-3.6188,2.2624,98.4963,,,,,,,,,,,,0.856,0.796,0.63,0.61,0
186.52,0.0424,-3.3996,88.364,-3.6188,2.2624,98.4963,,,,,,,,,,,,0.856,0.796,0.63,0.61,0
186.54,0.0424,-3.3996,88.364,-3.6188,2.2624,98.4963,,,,,,,,,,,,0.856,0.796,0.63,0.61,0
186.56,-2.2569,-2.7096,88.1189,-4.902,1.1551,98.4967,,,,,,,,,,,,0.856,0.796,0.63,0.61,0
186.58,-2.2569,-2.7096,88.1189,-4.902,1.1551,98.4967,,,,,,,,,,,,0.826,0.809,0.632,0.574,0
186.6,-2.2569,-2.7096,88.1189,-4.902,1.1551,98.4967,,,,,,,,,,,,0.826,0.809,0.632,0.574,0
186.62,-2.2569,-2.7096,88.1189,-4.902,1.1551,98.4967,,,,,,,,,,,,0.826,0.809,0.632,0.574,0
186.64,-2.2569,-2.7096,88.1189,-4.902,1.1551,98.4967,,,,,,,,,,,,0.826,0.809,0.632,0.574,0
186.66,-4.7487,-2.835,87.8859,-7.2074,0.5897,98.497,,,,,,,,,,,,0.826,0.809,0.632,0.574,0
186.68,-4.7487,-2.835,87.8859,-7.2074,0.5897,98.497,,,,,,,,,,,,0.776,0.834,0.679,0.475,0
186.7,-4.7487,-2.835,87.8859,-7.2074,0.5897,98.497,,,,,,,,,,,,0.776,0.834,0.679,0.475,0
186.72,-4.7487,-2.835,87.8859,-7.2074,0.5897,98.497,,,,,,,,,,,,0.776,0.834,0.679,0.475,0
186.74,-4.7487,-2.835,87.8859,-7.2074,0.5897,98.497,,,,,,,,,,,,0.776,0.834,0.679,0.475,0
186.76,-8.9242,-2.1511,88.0962,-8.7738,0.3011,98.4971,,,,,,,,,,,,0.776,0.834,0.679,0.475,0
186.78,-8.9242,-2.1511,88.0962,-8.7738,0.3011,98.4971,,,,,,,,,,,,0.814,0.794,0.632,0.555,0
186.8,-8.9242,-2.1511,88.0962,-8.7738,0.3011,98.4971,,,,,,,,,,,,0.814,0.794,0.632,0.555,0
186.82,-8.9242,-2.1511,88.0962,-8.7738,0.3011,98.4971,,,,,,,,,,,,0.814,0.794,0.632,0.555,0
186.84,-8.9242,-2.1511,88.0962,-8.7738,0.3011,98.4971,,,,,,,,,,,,0.814,0.794,0.632,0.555,0
186.86,-12.7699,-0.5511,88.7606,-9.6455,0.1537,98.4971,,,,,,,,,,,,0.814,0.794,0.632,0.555,0
186.88,-12.7699,-0.5511,88.7606,-9.6455,0.1537,98.4971,,,,,,,,,,,,0.742,0.858,0.688,0.523,0
186.9,-12.7699,-0.5511,88.7606,-9.6455,0.1537,98.4971,,,,,,,,,,,,0.742,0.858,0.688,0.523,0
186.92,-12.7699,-0.5511,88.7606,-9.6455,0.1537,98.4971,,,,,,,,,,,,0.742,0.858,0.688,0.523,0
186.94,-12.7699,-0.5511,88.7606,-9.6455,0.1537,98.4971,,,,,,,,,,,,0.742,0.858,0.688,0.523,0
186.96,-13.4549,0.6132,90.1179,-9.8276,0.0785,98.4971,,,,,,,,,,,,0.742,0.858,0.688,0.523,0
186.98,-13.4549,0.6132,90.1179,-9.8276,0.0785,98.4971,,,,,,,,,,,,0.783,0.805,0.69,0.554,0
187.0,-13.4549,0.6132,90.1179,-9.8276,0.0785,98.4971,,,,,,,,,,,,0.783,0.805,0.69,0.554,0
187.02,-13.4549,0.6132,90.1179,-9.8276,0.0785,98.4971,,,,,,,,,,,,0.783,0.805,0.69,0.554,0
187.04,-13.4549,0.6132,90.1179,-9.8276,0.0785,98.4971,,,,,,,,,,,,0.783,0.805,0.69,0.554,0
187.06,-12.1083,0.2055,92.5115,-8.1876,0.0401,98.4971,,,,,,,,,,,,0.783,0.805,0.69,0.554,0
187.08,-12.1083,0.2055,92.5115,-8.1876,0.0401,98.4971,,,,,,,,,,,,0.755,0.807,0.73,0.535,0
187.1,-12.1083,0.2055,92.5115,-8.1876,0.0401,98.4971,,,,,,,,,,,,0.755,0.807,0.73,0.535,0
187.12,-12.1083,0.2055,92.5115,-8.1876,0.0401,98.4971,,,,,,,,,,,,0.755,0.807,0.73,0.535,0
187.14,-12.1083,0.2055,92.5115,-8.1876,0.0401,98.4971,,,,,,,,,,,,0.755,0.807,0.73,0.535,0
187.16,-7.5304,-0.9768,95.5103,-5.1666,0.0205,98.4971,,,,,,,,,,,,0.755,0.807,0.73,0.535,0
187.18,-7.5304,-0.9768,95.5103,-5.1666,0.0205,98.4971,,,,,,,,,,,,0.801,0.72,0.696,0.608,0
187.2,-7.5304,-0.9768,95.5103,-5.1666,0.0205,98.4971,,,,,,,,,,,,0.801,0.72,0.696,0.608,0
187.22,-7.5304,-0.9768,95.5103,-5.1666,0.0205,98.4971,,,,,,,,,,,,0.801,0.72,0.696,0.608,0
187.24,-7.5304,-0.9768,95.5103,-5.1666,0.0205,98.4971,,,,,,,,,,,,0.801,0.72,0.696,0.608,0
187.26,-1.7117,-2.3371,98.4133,-3.1309,0.0104,98.4971,,,,,,,,,,,,0.801,0.72,0.696,0.608,0
187.28,-1.7117,-2.3371,98.4133,-3.1309,0.0104,98.4971,,,,,,,,,,,,0.803,0.676,0.727,0.607,0
187.3,-1.7117,-2.3371,98.4133,-3.1309,0.0104,98.4971,,,,,,,,,,,,0.803,0.676,0.727,0.607,0
187.32,-1.7117,-2.3371,98.4133,-3.1309,0.0104,98.4971,,,,,,,,,,,,0.803,0.676,0.727,0.607,0
187.34,-1.7117,-2.3371,98.4133,-3.1309,0.0104,98.4971,,,,,,,,,,,,0.803,0.676,0.727,0.607,0
187.36,2.9186,-4.1668,100.5981,-2.2781,0.1653,98.4971,,,,,,,,,,,,0.803,0.676,0.727,0.607,0
187.38,2.9186,-4.1668,100.5981,-2.2781,0.1653,98.4971,,,,,,,,,,,,0.819,0.68,0.762,0.63,0
187.4,2.9186,-4.1668,100.5981,-2.2781,0.1653,98.4971,,,,,,,,,,,,0.819,0.68,0.762,0.63,0
187.42,2.9186,-4.1668,100.5981,-2.2781,0.1653,98.4971,,,,,,,,,,,,0.819,0.68,0.762,0.63,0
187.44,2.9186,-4.1668,100.5981,-2.2781,0.1653,98.4971,,,,,,,,,,,,0.819,0.68,0.762,0.63,0
187.46,4.3036,-5.5794,101.1069,-1.9166,0.9128,98.4971,,,,,,,,,,,,0.819,0.68,0.762,0.63,0
187.48,4.3036,-5.5794,101.1069,-1.9166,0.9128,98.4971,,,,,,,,,,,,0.86,0.648,0.735,0.658,0
187.5,4.3036,-5.5794,101.1069,-1.9166,0.9128,98.4971,,,,,,,,,,,,0.86,0.648,0.735,0.658,0
187.52,4.3036,-5.5794,101.1069,-1.9166,0.9128,98.4971,,,,,,,,,,,,0.86,0.648,0.735,0.658,0
187.54,4.3036,-5.5794,101.1069,-1.9166,0.9128,98.4971,,,,,,,,,,,,0.86,0.648,0.735,0.658,0
187.56,4.1535,-4.33,100.0358,-1.9941,1.9759,98.4971,,,,,,,,,,,,0.86,0.648,0.735,0.658,0
187.58,4.1535,-4.33,100.0358,-1.9941,1.9759,98.4971,,,,,,,,,,,,0.775,0.783,0.761,0.587,0
187.6,4.1535,-4.33,100.0358,-1.9941,1.9759,98.4971,,,,,,,,,,,,0.775,0.783,0.761,0.587,0
187.62,4.1535,-4.33,100.0358,-1.9941,1.9759,98.4971,,,,,,,,,,,,0.775,0.783,0.761,0.587,0
187.64,4.1535,-4.33,100.0358,-1.9941,1.9759,98.4971,,,,,,,,,,,,0.775,0.783,0.761,0.587,0
187.66,2.0301,-0.6086,97.5891,-2.7438,3.1849,98.497,,,,,,,,,,,,0.775,0.783,0.761,0.587,0
187.68,2.0301,-0.6086,97.5891,-2.7438,3.1849,98.497,,,,,,,,,,,,0.835,0.789,0.691,0.639,0
187.7,2.0301,-0.6086,97.5891,-2.7438,3.1849,98.497,,,,,,,,,,,,0.835,0.789,0.691,0.639,0
187.72,2.0301,-0.6086,97.5891,-2.7438,3.1849,98.497,,,,,,,,,,,,0.835,0.789,0.691,0.639,0
187.74,2.0301,-0.6086,97.5891,-2.7438,3.1849,98.497,,,,,,,,,,,,0.835,0.789,0.691,0.639,0
187.76,-4.1092,3.6084,94.3569,-3.4736,3.9694,98.4968,,,,,,,,,,,,0.835,0.789,0.691,0.639,0
187.78,-4.1092,3.6084,94.3569,-3.4736,3.9694,98.4968,,,,,,,,,,,,0.776,0.889,0.705,0.575,0
187.8,-4.1092,3.6084,94.3569,-3.4736,3.9694,98.4968,,,,,,,,,,,,0.776,0.889,0.705,0.575,0
187.82,-4.1092,3.6084,94.3569,-3.4736,3.9694,98.4968,,,,,,,,,,,,0.776,0.889,0.705,0.575,0
187.84,-4.1092,3.6084,94.3569,-3.4736,3.9694,98.4968,,,,,,,,,,,,0.776,0.889,0.705,0.575,0
187.86,-10.2917,8.0823,90.9005,-4.0757,4.5585,98.4967,,,,,,,,,,,,0.776,0.889,0.705,0.575,0
187.88,-10.2917,8.0823,90.9005,-4.0757,4.5585,98.4967,,,,,,,,,,,,0.798,0.906,0.623,0.649,0
187.9,-10.2917,8.0823,90.9005,-4.0757,4.5585,98.4967,,,,,,,,,,,,0.798,0.906,0.623,0.649,0
187.92,-10.2917,8.0823,90.9005,-4.0757,4.5585,98.4967,,,,,,,,,,,,0.798,0.906,0.623,0.649,0
187.94,-10.2917,8.0823,90.9005,-4.0757,4.5585,98.4967,,,,,,,,,,,,0.798,0.906,0.623,0.649,0
187.96,-12.5852,17.5303,87.5512,-4.5752,5.0074,98.4967,,,,,,,,,,,,0.798,0.906,0.623,0.649,0
187.98,-12.5852,17.5303,87.5512,-4.5752,5.0074,98.4967,,,,,,,,,,,,0.679,0.949,0.406,0.758,0
188.0,-12.5852,17.5303,87.5512,-4.5752,5.0074,98.4967,,,,,,,,,,,,0.679,0.949,0.406,0.758,0
188.02,-12.5852,17.5303,87.5512,-4.5752,5.0074,98.4967,,,,,,,,,,,,0.679,0.949,0.406,0.758,0
188.04,-12.5852,17.5303,87.5512,-4.5752,5.0074,98.4967,,,,,,,,,,,,0.679,0.949,0.406,0.758,0
188.06,5.3352,20.7623,89.1344,-4.8897,5.252,98.4967,,,,,,,,,,,,0.679,0.949,0.406,0.758,0
188.08,5.3352,20.7623,89.1344,-4.8897,5.252,98.4967,,,,,,,,,,,,0.949,0.603,0.368,0.825,0
188.1,5.3352,20.7623,89.1344,-4.8897,5.252,98.4967,,,,,,,,,,,,0.949,0.603,0.368,0.825,0
188.12,5.3352,20.7623,89.1344,-4.8897,5.252,98.4967,,,,,,,,,,,,0.949,0.603,0.368,0.825,0
188.14,5.3352,20.7623,89.1344,-4.8897,5.252,98.4967,,,,,,,,,,,,0.949,0.603,0.368,0.825,0
188.16,16.2853,16.9823,91.5648,-5.0468,5.0795,98.4967,,,,,,,,,,,,0.949,0.603,0.368,0.825,0
188.18,16.2853,16.9823,91.5648,-5.0468,5.0795,98.4967,,,,,,,,,,,,0.848,0.823,0.702,0.709,0
188.2,16.2853,16.9823,91.5648,-5.0468,5.0795,98.4967,,,,,,,,,,,,0.848,0.823,0.702,0.709,0
188.22,16.2853,16.9823,91.5648,-5.0468,5.0795,98.4967,,,,,,,,,,,,0.848,0.823,0.702,0.709,0
188.24,16.2853,16.9823,91.5648,-5.0468,5.0795,98.4967,,,,,,,,,,,,0.848,0.823,0.702,0.709,0
188.26,5.289,10.8834,94.5262,-4.9303,3.2908,98.4966,,,,,,,,,,,,0.848,0.823,0.702,0.709,0
188.28,5.289,10.8834,94.5262,-4.9303,3.2908,98.4966,,,,,,,,,,,,0.672,0.884,0.808,0.533,0
188.3,5.289,10.8834,94.5262,-4.9303,3.2908,98.4966,,,,,,,,,,,,0.672,0.884,0.808,0.533,0
188.32,5.289,10.8834,94.5262,-4.9303,3.2908,98.4966,,,,,,,,,,,,0.672,0.884,0.808,0.533,0
188.34,5.289,10.8834,94.5262,-4.9303,3.2908,98.4966,,,,,,,,,,,,0.672,0.884,0.808,0.533,0
188.36,-10.579,4.5744,93.8245,-5.1304,1.6801,98.4967,,,,,,,,,,,,0.672,0.884,0.808,0.533,0
188.38,-10.579,4.5744,93.8245,-5.1304,1.6801,98.4967,,,,,,,,,,,,0.486,0.652,0.62,0.15,0
188.4,-10.579,4.5744,93.8245,-5.1304,1.6801,98.4967,,,,,,,,,,,,0.486,0.652,0.62,0.15,0
188.42,-10.579,4.5744,93.8245,-5.1304,1.6801,98.4967,,,,,,,,,,,,0.486,0.652,0.62,0.15,0
188.44,-10.579,4.5744,93.8245,-5.1304,1.6801,98.4967,,,,,,,,,,,,0.486,0.652,0.62,0.15,0
188.46,-14.3652,0.849,87.8652,-5.8992,0.8578,98.4968,,,,,,,,,,,,0.486,0.652,0.62,0.15,0
188.48,-14.3652,0.849,87.8652,-5.8992,0.8578,98.4968,,,,,,,,,,,,0.491,0.4,0.15,0.279,0
188.5,-14.3652,0.849,87.8652,-5.8992,0.8578,98.4968,,,,,,,,,,,,0.491,0.4,0.15,0.279,0
188.52,-14.3652,0.849,87.8652,-5.8992,0.8578,98.4968,,,,,,,,,,,,0.491,0.4,0.15,0.279,0
188.54,-14.3652,0.849,87.8652,-5.8992,0.8578,98.4968,,,,,,,,,,,,0.491,0.4,0.15,0.279,0
188.56,-0.1458,-4.3131,82.8259,-6.4871,0.4379,98.4968,,,,,,,,,,,,0.491,0.4,0.15,0.279,0
188.58,-0.1458,-4.3131,82.8259,-6.4871,0.4379,98.4968,,,,,,,,,,,,0.435,0.183,0.15,0.328,0
188.6,-0.1458,-4.3131,82.8259,-6.4871,0.4379,98.4968,,,,,,,,,,,,0.435,0.183,0.15,0.328,0
188.62,-0.1458,-4.3131,82.8259,-6.4871,0.4379,98.4968,,,,,,,,,,,,0.435,0.183,0.15,0.328,0
188.64,-0.1458,-4.3131,82.8259,-6.4871,0.4379,98.4968,,,,,,,,,,,,0.435,0.183,0.15,0.328,0
188.66,1.5622,5.3128,76.7559,-6.7429,0.2236,98.4968,,,,,,,,,,,,0.435,0.183,0.15,0.328,0
188.68,1.5622,5.3128,76.7559,-6.7429,0.2236,98.4968,,,,,,,,,,,,0.15,0.454,0.287,0.214,0
188.7,1.5622,5.3128,76.7559,-6.7429,0.2236,98.4968,,,,,,,,,,,,0.15,0.454,0.287,0.214,0
188.72,1.5622,5.3128,76.7559,-6.7429,0.2236,98.4968,,,,,,,,,,,,0.15,0.454,0.287,0.214,0
188.74,1.5622,5.3128,76.7559,-6.7429,0.2236,98.4968,,,,,,,,,,,,0.15,0.454,0.287,0.214,0
188.76,-10.2031,10.1083,68.28,-6.7471,0.1141,98.4968,,,,,,,,,,,,0.15,0.454,0.287,0.214,0
188.78,-10.2031,10.1083,68.28,-6.7471,0.1141,98.4968,,,,,,,,,,,,0.15,0.487,0.228,0.226,0
188.8,-10.2031,10.1083,68.28,-6.7471,0.1141,98.4968,,,,,,,,,,,,0.15,0.487,0.228,0.226,0
188.82,-10.2031,10.1083,68.28,-6.7471,0.1141,98.4968,,,,,,,,,,,,0.15,0.487,0.228,0.226,0
188.84,-10.2031,10.1083,68.28,-6.7471,0.1141,98.4968,,,,,,,,,,,,0.15,0.487,0.228,0.226,0
188.86,-9.4622,7.0672,61.6173,-6.4474,0.0583,98.4968,,,,,,,,,,,,0.15,0.487,0.228,0.226,0
188.88,-9.4622,7.0672,61.6173,-6.4474,0.0583,98.4968,,,,,,,,,,,,0.454,0.216,0.15,0.29,0
188.9,-9.4622,7.0672,61.6173,-6.4474,0.0583,98.4968,,,,,,,,,,,,0.454,0.216,0.15,0.29,0
188.92,-9.4622,7.0672,61.6173,-6.4474,0.0583,98.4968,,,,,,,,,,,,0.454,0.216,0.15,0.29,0
188.94,-9.4622,7.0672,61.6173,-6.4474,0.0583,98.4968,,,,,,,,,,,,0.454,0.216,0.15,0.29,0
188.96,-3.8752,-1.4657,56.3467,-6.03,0.0298,98.4035,,,,,,,,,,,,0.454,0.216,0.15,0.29,0
188.98,-3.8752,-1.4657,56.3467,-6.03,0.0298,98.4035,,,,,,,,,,,,0.326,0.302,0.356,0.15,0
189.0,-3.8752,-1.4657,56.3467,-6.03,0.0298,98.4035,,,,,,,,,,,,0.326,0.302,0.356,0.15,0
189.02,-3.8752,-1.4657,56.3467,-6.03,0.0298,98.4035,,,,,,,,,,,,0.326,0.302,0.356,0.15,0
189.04,-3.8752,-1.4657,56.3467,-6.03,0.0298,98.4035,,,,,,,,,,,,0.326,0.302,0.356,0.15,0
189.06,-12.5542,0.7827,51.7323,-5.7566,0.0011,97.3801,,,,,,,,,,,,0.326,0.302,0.356,0.15,0
189.08,-12.5542,0.7827,51.7323,-5.7566,0.0011,97.3801,,,,,,,,,,,,0.15,0.481,0.27,0.187,0
189.1,-12.5542,0.7827,51.7323,-5.7566,0.0011,97.3801,,,,,,,,,,,,0.15,0.481,0.27,0.187,0
189.12,-12.5542,0.7827,51.7323,-5.7566,0.0011,97.3801,,,,,,,,,,,,0.15,0.481,0.27,0.187,0
189.14,-12.5542,0.7827,51.7323,-5.7566,0.0011,97.3801,,,,,,,,,,,,0.15,0.481,0.27,0.187,0
189.16,-9.6669,-1.3761,49.6508,-3.3586,-0.153,94.7451,,,,,,,,,,,,0.15,0.481,0.27,0.187,0
189.18,-9.6669,-1.3761,49.6508,-3.3586,-0.153,94.7451,,,,,,,,,,,,0.384,0.305,0.302,0.15,0
189.2,-9.6669,-1.3761,49.6508,-3.3586,-0.153,94.7451,,,,,,,,,,,,0.384,0.305,0.302,0.15,0
189.22,-9.6669,-1.3761,49.6508,-3.3586,-0.153,94.7451,,,,,,,,,,,,0.384,0.305,0.302,0.15,0
189.24,-9.6669,-1.3761,49.6508,-3.3586,-0.153,94.7451,,,,,,,,,,,,0.384,0.305,0.302,0.15,0
189.26,-2.1034,2.7527,49.1267,-1.7134,-0.1042,93.8854,,,,,,,,,,,,0.384,0.305,0.302,0.15,0
189.28,-2.1034,2.7527,49.1267,-1.7134,-0.1042,93.8854,,,,,,,,,,,,0.15,0.515,0.152,0.23,0
189.3,-2.1034,2.7527,49.1267,-1.7134,-0.1042,93.8854,,,,,,,,,,,,0.15,0.515,0.152,0.23,0
189.32,-2.1034,2.7527,49.1267,-1.7134,-0.1042,93.8854,,,,,,,,,,,,0.15,0.515,0.152,0.23,0
189.34,-2.1034,2.7527,49.1267,-1.7134,-0.1042,93.8854,,,,,,,,,,,,0.15,0.515,0.152,0.23,0
189.36,-4.5495,-0.209,50.0384,-0.8747,-0.0532,93.8854,,,,,,,,,,,,0.15,0.515,0.152,0.23,0
189.38,-4.5495,-0.209,50.0384,-0.8747,-0.0532,93.8854,,,,,,,,,,,,0.479,0.277,0.175,0.15,0
189.4,-4.5495,-0.209,50.0384,-0.8747,-0.0532,93.8854,,,,,,,,,,,,0.479,0.277,0.175,0.15,0
189.42,-4.5495,-0.209,50.0384,-0.8747,-0.0532,93.8854,,,,,,,,,,,,0.479,0.277,0.175,0.15,0
189.44,-4.5495,-0.209,50.0384,-0.8747,-0.0532,93.8854,,,,,,,,,,,,0.479,0.277,0.175,0.15,0
189.46,-3.8452,1.4558,51.8593,-0.4466,-0.0272,51.8594,,,,,,,,,,,,0.479,0.277,0.175,0.15,0
189.48,-3.8452,1.4558,51.8593,-0.4466,-0.0272,51.8594,,,,,,,,,,,,0.0,0.0,0.0,0.0,0
189.5,-3.8452,1.4558,51.8593,-0.4466,-0.0272,51.8594,,,,,,,,,,,,0.0,0.0,0.0,0.0,0
189.52,-3.8452,1.4558,51.8593,-0.4466,-0.0272,51.8594,,,,,,,,,,,,0.0,0.0,0.0,0.0,0
189.54,-3.8452,1.4558,51.8593,-0.4466,-0.0272,51.8594,,,,,,,,,,,,0.0,0.0,0.0,0.0,0
189.56,-3.8488,0.8903,51.9162,-0.228,-0.0139,51.9162,,,,,,,,,,,,0.0,0.0,0.0,0.0,0
189.58,-3.8488,0.8903,51.9162,-0.228,-0.0139,51.9162,,,,,,,,,,,,0.0,0.0,0.0,0.0,0
189.6,-3.8488,0.8903,51.9162,-0.228,-0.0139,51.9162,,,,,,,,,,,,0.0,0.0,0.0,0.0,0
189.62,-3.8488,0.8903,51.9162,-0.228,-0.0139,51.9162,,,,,,,,,,,,0.0,0.0,0.0,0.0,0
189.64,-3.8488,0.8903,51.9162,-0.228,-0.0139,51.9162,,,,,,,,,,,,0.0,0.0,0.0,0.0,0
189.66,-3.7587,0.8587,51.9341,-0.1164,-0.0071,51.9341,,,,,,,,,,,,0.0,0.0,0.0,0.0,0
189.68,-3.7587,0.8587,51.9341,-0.1164,-0.0071,51.9341,,,,,,,,,,,,0.0,0.0,0.0,0.0,0
189.7,-3.7587,0.8587,51.9341,-0.1164,-0.0071,51.9341,,,,,,,,,,,,0.0,0.0,0.0,0.0,0
189.72,-3.7587,0.8587,51.9341,-0.1164,-0.0071,51.9341,,,,,,,,,,,,0.0,0.0,0.0,0.0,0
189.74,-3.7587,0.8587,51.9341,-0.1164,-0.0071,51.9341,,,,,,,,,,,,0.0,0.0,0.0,0.0,0
189.76,-3.6286,0.8806,52.2325,-0.0594,-0.0036,52.2325,,,,,,,,,,,,0.0,0.0,0.0,0.0,0
189.78,-3.6286,0.8806,52.2325,-0.0594,-0.0036,52.2325,,,,,,,,,,,,0.0,0.0,0.0,0.0,0
189.8,-3.6286,0.8806,52.2325,-0.0594,-0.0036,52.2325,,,,,,,,,,,,0.0,0.0,0.0,0.0,0
189.82,-3.6286,0.8806,52.2325,-0.0594,-0.0036,52.2325,,,,,,,,,,,,0.0,0.0,0.0,0.0,0
189.84,-3.6286,0.8806,52.2325,-0.0594,-0.0036,52.2325,,,,,,,,,,,,0.0,0.0,0.0,0.0,0
189.86,-3.6375,0.8972,52.0319,-0.0303,-0.0018,52.0319,,,,,,,,,,,,0.0,0.0,0.0,0.0,0
189.88,-3.6375,0.8972,52.0319,-0.0303,-0.0018,52.0319,,,,,,,,,,,,0.0,0.0,0.0,0.0,0
189.9,-3.6375,0.8972,52.0319,-0.0303,-0.0018,52.0319,,,,,,,,,,,,0.0,0.0,0.0,0.0,0
189.92,-3.6375,0.8972,52.0319,-0.0303,-0.0018,52.0319,,,,,,,,,,,,0.0,0.0,0.0,0.0,0
189.94,-3.6375,0.8972,52.0319,-0.0303,-0.0018,52.0319,,,,,,,,,,,,0.0,0.0,0.0,0.0,0
189.96,-3.6733,0.9006,52.3197,-0.0155,-0.0009,52.3197,,,,,,,,,,,,0.0,0.0,0.0,0.0,0
189.98,-3.6733,0.9006,52.3197,-0.0155,-0.0009,52.3197,,,,,,,,,,,,0.0,0.0,0.0,0.0,0
190.0,-3.6733,0.9006,52.3197,-0.0155,-0.0009,52.3197,,,,,,,,,,,,0.0,0.0,0.0,0.0,0
190.02,-3.6733,0.9006,52.3197,-0.0155,-0.0009,52.3197,,,,,,,,,,,,0.0,0.0,0.0,0.0,0
190.04,-3.6733,0.9006,52.3197,-0.0155,-0.0009,52.3197,,,,,,,,,,,,0.0,0.0,0.0,0.0,0
190.06,-3.6789,0.908,52.2399,-0.0079,-0.0005,52.2399,,,,,,,,,,,,0.0,0.0,0.0,0.0,0
190.08,-3.6789,0.908,52.2399,-0.0079,-0.0005,52.2399,,,,,,,,,,,,0.0,0.0,0.0,0.0,0
190.1,-3.6789,0.908,52.2399,-0.0079,-0.0005,52.2399,,,,,,,,,,,,0.0,0.0,0.0,0.0,0
190.12,-3.6789,0.908,52.2399,-0.0079,-0.0005,52.2399,,,,,,,,,,,,0.0,0.0,0.0,0.0,0
190.14,-3.6789,0.908,52.2399,-0.0079,-0.0005,52.2399,,,,,,,,,,,,0.0,0.0,0.0,0.0,0
190.16,-3.6521,0.9285,52.3819,-0.004,-0.0002,52.3819,,,,,,,,,,,,0.0,0.0,0.0,0.0,0
190.18,-3.6521,0.9285,52.3819,-0.004,-0.0002,52.3819,,,,,,,,,,,,0.0,0.0,0.0,0.0,0
190.2,-3.6521,0.9285,52.3819,-0.004,-0.0002,52.3819,,,,,,,,,,,,0.0,0.0,0.0,0.0,0
190.22,-3.6521,0.9285,52.3819,-0.004,-0.0002,52.3819,,,,,,,,,,,,0.0,0.0,0.0,0.0,0
190.24,-3.6521,0.9285,52.3819,-0.004,-0.0002,52.3819,,,,,,,,,,,,0.0,0.0,0.0,0.0,0
190.26,-3.6142,0.9657,52.4143,-0.0021,-0.0001,52.4143,,,,,,,,,,,,0.0,0.0,0.0,0.0,0
190.28,-3.6142,0.9657,52.4143,-0.0021,-0.0001,52.4143,,,,,,,,,,,,0.0,0.0,0.0,0.0,0
190.3,-3.6142,0.9657,52.4143,-0.0021,-0.0001,52.4143,,,,,,,,,,,,0.0,0.0,0.0,0.0,0
190.32,-3.6142,0.9657,52.4143,-0.0021,-0.0001,52.4143,,,,,,,,,,,,0.0,0.0,0.0,0.0,0
190.34,-3.6142,0.9657,52.4143,-0.0021,-0.0001,52.4143,,,,,,,,,,,,0.0,0.0,0.0,0.0,0
190.36,-3.587,0.9934,52.4886,-0.0011,-0.0001,52.4887,,,,,,,,,,,,0.0,0.0,0.0,0.0,0
190.38,-3.587,0.9934,52.4886,-0.0011,-0.0001,52.4887,,,,,,,,,,,,0.0,0.0,0.0,0.0,0
190.4,-3.587,0.9934,52.4886,-0.0011,-0.0001,52.4887,,,,,,,,,,,,0.0,0.0,0.0,0.0,0
190.42,-3.587,0.9934,52.4886,-0.0011,-0.0001,52.4887,,,,,,,,,,,,0.0,0.0,0.0,0.0,0
190.44,-3.587,0.9934,52.4886,-0.0011,-0.0001,52.4887,,,,,,,,,,,,0.0,0.0,0.0,0.0,0
190.46,-3.5631,1.0193,52.6029,-0.0005,-0.0,52.6029,,,,,,,,,,,,0.0,0.0,0.0,0.0,0
190.48,-3.5631,1.0193,52.6029,-0.0005,-0.0,52.6029,,,,,,,,,,,,0.0,0.0,0.0,0.0,0
190.5,-3.5631,1.0193,52.6029,-0.0005,-0.0,52.6029,,,,,,,,,,,,0.0,0.0,0.0,0.0,0
190.52,-3.5631,1.0193,52.6029,-0.0005,-0.0,52.6029,,,,,,,,,,,,0.0,0.0,0.0,0.0,0
190.54,-3.5631,1.0193,52.6029,-0.0005,-0.0,52.6029,,,,,,,,,,,,0.0,0.0,0.0,0.0,0
190.56,-3.5329,1.056,52.6195,-0.0004,-0.0,52.6195,,,,,,,,,,,,0.0,0.0,0.0,0.0,0
190.58,-3.5329,1.056,52.6195,-0.0004,-0.0,52.6195,,,,,,,,,,,,0.0,0.0,0.0,0.0,0
190.6,-3.5329,1.056,52.6195,-0.0004,-0.0,52.6195,,,,,,,,,,,,0.0,0.0,0.0,0.0,0
190.62,-3.5329,1.056,52.6195,-0.0004,-0.0,52.6195,,,,,,,,,,,,0.0,0.0,0.0,0.0,0
190.64,-3.5329,1.056,52.6195,-0.0004,-0.0,52.6195,,,,,,,,,,,,0.0,0.0,0.0,0.0,0
190.66,-3.4892,1.0993,52.7669,-0.0004,-0.0,52.7669,,,,,,,,,,,,0.0,0.0,0.0,0.0,0
190.68,-3.4892,1.0993,52.7669,-0.0004,-0.0,52.7669,,,,,,,,,,,,0.0,0.0,0.0,0.0,0
190.7,-3.4892,1.0993,52.7669,-0.0004,-0.0,52.7669,,,,,,,,,,,,0.0,0.0,0.0,0.0,0
190.72,-3.4892,1.0993,52.7669,-0.0004,-0.0,52.7669,,,,,,,,,,,,0.0,0.0,0.0,0.0,0
190.74,-3.4892,1.0993,52.7669,-0.0004,-0.0,52.7669,,,,,,,,,,,,0.0,0.0,0.0,0.0,0
190.76,-3.4552,1.1384,52.7712,-0.0004,-0.0,52.7712,,,,,,,,,,,,0.0,0.0,0.0,0.0,0
190.78,-3.4552,1.1384,52.7712,-0.0004,-0.0,52.7712,,,,,,,,,,,,0.0,0.0,0.0,0.0,0
190.8,-3.4552,1.1384,52.7712,-0.0004,-0.0,52.7712,,,,,,,,,,,,0.0,0.0,0.0,0.0,0
190.82,-3.4552,1.1384,52.7712,-0.0004,-0.0,52.7712,,,,,,,,,,,,0.0,0.0,0.0,0.0,0
190.84,-3.4552,1.1384,52.7712,-0.0004,-0.0,52.7712,,,,,,,,,,,,0.0,0.0,0.0,0.0,0
190.86,-3.4183,1.1762,52.922,-0.0004,-0.0,52.922,,,,,,,,,,,,0.0,0.0,0.0,0.0,0
190.88,-3.4183,1.1762,52.922,-0.0004,-0.0,52.922,,,,,,,,,,,,0.0,0.0,0.0,0.0,0
190.9,-3.4183,1.1762,52.922,-0.0004,-0.0,52.922,,,,,,,,,,,,0.0,0.0,0.0,0.0,0
190.92,-3.4183,1.1762,52.922,-0.0004,-0.0,52.922,,,,,,,,,,,,0.0,0.0,0.0,0.0,0
190.94,-3.4183,1.1762,52.922,-0.0004,-0.0,52.922,,,,,,,,,,,,0.0,0.0,0.0,0.0,0
190.96,-3.3951,1.2067,52.9277,-0.0004,-0.0,52.9277,,,,,,,,,,,,0.0,0.0,0.0,0.0,0
190.98,-3.3951,1.2067,52.9277,-0.0004,-0.0,52.9277,,,,,,,,,,,,0.0,0.0,0.0,0.0,0
191.0,-3.3951,1.2067,52.9277,-0.0004,-0.0,52.9277,,,,,,,,,,,,0.0,0.0,0.0,0.0,0
191.02,-3.3951,1.2067,52.9277,-0.0004,-0.0,52.9277,,,,,,,,,,,,0.0,0.0,0.0,0.0,0
191.04,-3.3951,1.2067,52.9277,-0.0004,-0.0,52.9277,,,,,,,,,,,,0.0,0.0,0.0,0.0,0
191.06,-3.3769,1.2346,53.0515,-0.0004,-0.0,53.0515,,,,,,,,,,,,0.0,0.0,0.0,0.0,0
191.08,-3.3769,1.2346,53.0515,-0.0004,-0.0,53.0515,,,,,,,,,,,,0.0,0.0,0.0,0.0,0
191.1,-3.3769,1.2346,53.0515,-0.0004,-0.0,53.0515,,,,,,,,,,,,0.0,0.0,0.0,0.0,0
191.12,-3.3769,1.2346,53.0515,-0.0004,-0.0,53.0515,,,,,,,,,,,,0.0,0.0,0.0,0.0,0
191.14,-3.3769,1.2346,53.0515,-0.0004,-0.0,53.0515,,,,,,,,,,,,0.0,0.0,0.0,0.0,0
191.16,-3.3598,1.2657,53.0769,-0.0004,-0.0,53.0769,,,,,,,,,,,,0.0,0.0,0.0,0.0,0
191.18,-3.3598,1.2657,53.0769,-0.0004,-0.0,53.0769,,,,,,,,,,,,0.0,0.0,0.0,0.0,0
191.2,-3.3598,1.2657,53.0769,-0.0004,-0.0,53.0769,,,,,,,,,,,,0.0,0.0,0.0,0.0,0
191.22,-3.3598,1.2657,53.0769,-0.0004,-0.0,53.0769,,,,,,,,,,,,0.0,0.0,0.0,0.0,0
191.24,-3.3598,1.2657,53.0769,-0.0004,-0.0,53.0769,,,,,,,,,,,,0.0,0.0,0.0,0.0,0
191.26,-3.3387,1.2926,53.1812,-0.0004,-0.0,53.1812,,,,,,,,,,,,0.0,0.0,0.0,0.0,0
191.28,-3.3387,1.2926,53.1812,-0.0004,-0.0,53.1812,,,,,,,,,,,,0.0,0.0,0.0,0.0,0
191.3,-3.3387,1.2926,53.1812,-0.0004,-0.0,53.1812,,,,,,,,,,,,0.0,0.0,0.0,0.0,0
191.32,-3.3387,1.2926,53.1812,-0.0004,-0.0,53.1812,,,,,,,,,,,,0.0,0.0,0.0,0.0,0
191.34,-3.3387,1.2926,53.1812,-0.0004,-0.0,53.1812,,,,,,,,,,,,0.0,0.0,0.0,0.0,0
191.36,-3.3243,1.3161,53.2085,-0.0004,-0.0,53.2085,,,,,,,,,,,,0.0,0.0,0.0,0.0,0
191.38,-3.3243,1.3161,53.2085,-0.0004,-0.0,53.2085,,,,,,,,,,,,0.0,0.0,0.0,0.0,0
191.4,-3.3243,1.3161,53.2085,-0.0004,-0.0,53.2085,,,,,,,,,,,,0.0,0.0,0.0,0.0,0
191.42,-3.3243,1.3161,53.2085,-0.0004,-0.0,53.2085,,,,,,,,,,,,0.0,0.0,0.0,0.0,0
191.44,-3.3243,1.3161,53.2085,-0.0004,-0.0,53.2085,,,,,,,,,,,,0.0,0.0,0.0,0.0,0
191.46,-3.3131,1.3347,53.2853,-0.0004,-0.0,53.2853,,,,,,,,,,,,0.0,0.0,0.0,0.0,0
191.48,-3.3131,1.3347,53.2853,-0.0004,-0.0,53.2853,,,,,,,,,,,,0.0,0.0,0.0,0.0,0
191.5,-3.3131,1.3347,53.2853,-0.0004,-0.0,53.2853,,,,,,,,,,,,0.0,0.0,0.0,0.0,0
191.52,-3.3131,1.3347,53.2853,-0.0004,-0.0,53.2853,,,,,,,,,,,,0.0,0.0,0.0,0.0,0
191.54,-3.3131,1.3347,53.2853,-0.0004,-0.0,53.2853,,,,,,,,,,,,0.0,0.0,0.0,0.0,0
191.56,-3.3083,1.3485,53.3499,-0.0004,-0.0,53.3499,,,,,,,,,,,,0.0,0.0,0.0,0.0,0
191.58,-3.3083,1.3485,53.3499,-0.0004,-0.0,53.3499,,,,,,,,,,,,0.0,0.0,0.0,0.0,0
191.6,-3.3083,1.3485,53.3499,-0.0004,-0.0,53.3499,,,,,,,,,,,,0.0,0.0,0.0,0.0,0
191.62,-3.3083,1.3485,53.3499,-0.0004,-0.0,53.3499,,,,,,,,,,,,0.0,0.0,0.0,0.0,0
191.64,-3.3083,1.3485,53.3499,-0.0004,-0.0,53.3499,,,,,,,,,,,,0.0,0.0,0.0,0.0,0
191.66,-3.3078,1.3605,53.407,-0.0004,-0.0,53.407,,,,,,,,,,,,0.0,0.0,0.0,0.0,0
191.68,-3.3078,1.3605,53.407,-0.0004,-0.0,53.407,,,,,,,,,,,,0.0,0.0,0.0,0.0,0
191.7,-3.3078,1.3605,53.407,-0.0004,-0.0,53.407,,,,,,,,,,,,0.0,0.0,0.0,0.0,0
191.72,-3.3078,1.3605,53.407,-0.0004,-0.0,53.407,,,,,,,,,,,,0.0,0.0,0.0,0.0,0
191.74,-3.3078,1.3605,53.407,-0.0004,-0.0,53.407,,,,,,,,,,,,0.0,0.0,0.0,0.0,0
191.76,-3.3115,1.3663,53.4734,-0.0004,-0.0,53.4734,,,,,,,,,,,,0.0,0.0,0.0,0.0,0
191.78,-3.3115,1.3663,53.4734,-0.0004,-0.0,53.4734,,,,,,,,,,,,0.0,0.0,0.0,0.0,0
191.8,-3.3115,1.3663,53.4734,-0.0004,-0.0,53.4734,,,,,,,,,,,,0.0,0.0,0.0,0.0,0
191.82,-3.3115,1.3663,53.4734,-0.0004,-0.0,53.4734,,,,,,,,,,,,0.0,0.0,0.0,0.0,0
191.84,-3.3115,1.3663,53.4734,-0.0004,-0.0,53.4734,,,,,,,,,,,,0.0,0.0,0.0,0.0,0
191.86,-3.317,1.3748,53.5146,-0.0004,-0.0,53.5146,,,,,,,,,,,,0.0,0.0,0.0,0.0,0
191.88,-3.317,1.3748,53.5146,-0.0004,-0.0,53.5146,,,,,,,,,,,,0.0,0.0,0.0,0.0,0
191.9,-3.317,1.3748,53.5146,-0.0004,-0.0,53.5146,,,,,,,,,,,,0.0,0.0,0.0,0.0,0
191.92,-3.317,1.3748,53.5146,-0.0004,-0.0,53.5146,,,,,,,,,,,,0.0,0.0,0.0,0.0,0
191.94,-3.317,1.3748,53.5146,-0.0004,-0.0,53.5146,,,,,,,,,,,,0.0,0.0,0.0,0.0,0
191.96,-3.3203,1.3743,53.5955,-0.0004,-0.0,53.5955,,,,,,,,,,,,0.0,0.0,0.0,0.0,0
191.98,-3.3203,1.3743,53.5955,-0.0004,-0.0,53.5955,,,,,,,,,,,,0.0,0.0,0.0,0.0,0
192.0,-3.3203,1.3743,53.5955,-0.0004,-0.0,53.5955,,,,,,,,,,,,0.0,0.0,0.0,0.0,0
192.02,-3.3203,1.3743,53.5955,-0.0004,-0.0,53.5955,,,,,,,,,,,,0.0,0.0,0.0,0.0,0
192.04,-3.3203,1.3743,53.5955,-0.0004,-0.0,53.5955,,,,,,,,,,,,0.0,0.0,0.0,0.0,0
192.06,-3.3255,1.3809,53.6203,-0.0004,-0.0,53.6203,,,,,,,,,,,,0.0,0.0,0.0,0.0,0
192.08,-3.3255,1.3809,53.6203,-0.0004,-0.0,53.6203,,,,,,,,,,,,0.0,0.0,0.0,0.0,0
192.1,-3.3255,1.3809,53.6203,-0.0004,-0.0,53.6203,,,,,,,,,,,,0.0,0.0,0.0,0.0,0
192.12,-3.3255,1.3809,53.6203,-0.0004,-0.0,53.6203,,,,,,,,,,,,0.0,0.0,0.0,0.0,0
192.14,-3.3255,1.3809,53.6203,-0.0004,-0.0,53.6203,,,,,,,,,,,,0.0,0.0,0.0,0.0,0
192.16,-3.3304,1.3827,53.7068,-0.0004,-0.0,53.7068,,,,,,,,,,,,0.0,0.0,0.0,0.0,0
192.18,-3.3304,1.3827,53.7068,-0.0004,-0.0,53.7068,,,,,,,,,,,,0.0,0.0,0.0,0.0,0
192.2,-3.3304,1.3827,53.7068,-0.0004,-0.0,53.7068,,,,,,,,,,,,0.0,0.0,0.0,0.0,0
192.22,-3.3304,1.3827,53.7068,-0.0004,-0.0,53.7068,,,,,,,,,,,,0.0,0.0,0.0,0.0,0
192.24,-3.3304,1.3827,53.7068,-0.0004,-0.0,53.7068,,,,,,,,,,,,0.0,0.0,0.0,0.0,0
192.26,-3.3401,1.3838,53.7213,-0.0004,-0.0,53.7213,,,,,,,,,,,,0.0,0.0,0.0,0.0,0
192.28,-3.3401,1.3838,53.7213,-0.0004,-0.0,53.7213,,,,,,,,,,,,0.0,0.0,0.0,0.0,0
192.3,-3.3401,1.3838,53.7213,-0.0004,-0.0,53.7213,,,,,,,,,,,,0.0,0.0,0.0,0.0,0
192.32,-3.3401,1.3838,53.7213,-0.0004,-0.0,53.7213,,,,,,,,,,,,0.0,0.0,0.0,0.0,0
192.34,-3.3401,1.3838,53.7213,-0.0004,-0.0,53.7213,,,,,,,,,,,,0.0,0.0,0.0,0.0,0
192.36,-3.3526,1.3792,53.8158,-0.0004,-0.0,53.8157,,,,,,,,,,,,0.0,0.0,0.0,0.0,0
192.38,-3.3526,1.3792,53.8158,-0.0004,-0.0,53.8157,,,,,,,,,,,,0.0,0.0,0.0,0.0,0
192.4,-3.3526,1.3792,53.8158,-0.0004,-0.0,53.8157,,,,,,,,,,,,0.0,0.0,0.0,0.0,0
192.42,-3.3526,1.3792,53.8158,-0.0004,-0.0,53.8157,,,,,,,,,,,,0.0,0.0,0.0,0.0,0
192.44,-3.3526,1.3792,53.8158,-0.0004,-0.0,53.8157,,,,,,,,,,,,0.0,0.0,0.0,0.0,0
192.46,-3.3671,1.3731,53.8257,-0.0004,-0.0,53.8257,,,,,,,,,,,,0.0,0.0,0.0,0.0,0
192.48,-3.3671,1.3731,53.8257,-0.0004,-0.0,53.8257,,,,,,,,,,,,0.0,0.0,0.0,0.0,0
192.5,-3.3671,1.3731,53.8257,-0.0004,-0.0,53.8257,,,,,,,,,,,,0.0,0.0,0.0,0.0,0
192.52,-3.3671,1.3731,53.8257,-0.0004,-0.0,53.8257,,,,,,,,,,,,0.0,0.0,0.0,0.0,0
192.54,-3.3671,1.3731,53.8257,-0.0004,-0.0,53.8257,,,,,,,,,,,,0.0,0.0,0.0,0.0,0
192.56,-3.3775,1.3696,53.9156,-0.0004,-0.0,53.9156,,,,,,,,,,,,0.0,0.0,0.0,0.0,0
192.58,-3.3775,1.3696,53.9156,-0.0004,-0.0,53.9156,,,,,,,,,,,,0.0,0.0,0.0,0.0,0
192.6,-3.3775,1.3696,53.9156,-0.0004,-0.0,53.9156,,,,,,,,,,,,0.0,0.0,0.0,0.0,0
192.62,-3.3775,1.3696,53.9156,-0.0004,-0.0,53.9156,,,,,,,,,,,,0.0,0.0,0.0,0.0,0
192.64,-3.3775,1.3696,53.9156,-0.0004,-0.0,53.9156,,,,,,,,,,,,0.0,0.0,0.0,0.0,0
192.66,-3.3901,1.3618,53.936,-0.0004,-0.0,53.936,,,,,,,,,,,,0.0,0.0,0.0,0.0,0
192.68,-3.3901,1.3618,53.936,-0.0004,-0.0,53.936,,,,,,,,,,,,0.0,0.0,0.0,0.0,0
192.7,-3.3901,1.3618,53.936,-0.0004,-0.0,53.936,,,,,,,,,,,,0.0,0.0,0.0,0.0,0
192.72,-3.3901,1.3618,53.936,-0.0004,-0.0,53.936,,,,,,,,,,,,0.0,0.0,0.0,0.0,0
192.74,-3.3901,1.3618,53.936,-0.0004,-0.0,53.936,,,,,,,,,,,,0.0,0.0,0.0,0.0,0
192.76,-3.4006,1.355,54.0211,-0.0004,-0.0,54.0211,,,,,,,,,,,,0.0,0.0,0.0,0.0,0
192.78,-3.4006,1.355,54.0211,-0.0004,-0.0,54.0211,,,,,,,,,,,,0.0,0.0,0.0,0.0,0
192.8,-3.4006,1.355,54.0211,-0.0004,-0.0,54.0211,,,,,,,,,,,,0.0,0.0,0.0,0.0,0
192.82,-3.4006,1.355,54.0211,-0.0004,-0.0,54.0211,,,,,,,,,,,,0.0,0.0,0.0,0.0,0
192.84,-3.4006,1.355,54.0211,-0.0004,-0.0,54.0211,,,,,,,,,,,,0.0,0.0,0.0,0.0,0
192.86,-3.4125,1.3488,54.0462,-0.0004,-0.0,54.0462,,,,,,,,,,,,0.0,0.0,0.0,0.0,0
192.88,-3.4125,1.3488,54.0462,-0.0004,-0.0,54.0462,,,,,,,,,,,,0.0,0.0,0.0,0.0,0
192.9,-3.4125,1.3488,54.0462,-0.0004,-0.0,54.0462,,,,,,,,,,,,0.0,0.0,0.0,0.0,0
192.92,-3.4125,1.3488,54.0462,-0.0004,-0.0,54.0462,,,,,,,,,,,,0.0,0.0,0.0,0.0,0
192.94,-3.4125,1.3488,54.0462,-0.0004,-0.0,54.0462,,,,,,,,,,,,0.0,0.0,0.0,0.0,0
192.96,-3.4244,1.3415,54.1208,-0.0004,-0.0,54.1208,,,,,,,,,,,,0.0,0.0,0.0,0.0,0
192.98,-3.4244,1.3415,54.1208,-0.0004,-0.0,54.1208,,,,,,,,,,,,0.0,0.0,0.0,0.0,0
193.0,-3.4244,1.3415,54.1208,-0.0004,-0.0,54.1208,,,,,,,,,,,,0.0,0.0,0.0,0.0,0
193.02,-3.4244,1.3415,54.1208,-0.0004,-0.0,54.1208,,,,,,,,,,,,0.0,0.0,0.0,0.0,0
193.04,-3.4244,1.3415,54.1208,-0.0004,-0.0,54.1208,,,,,,,,,,,,0.0,0.0,0.0,0.0,0
193.06,-3.4347,1.3325,54.1517,-0.0004,-0.0,54.1517,,,,,,,,,,,,0.0,0.0,0.0,0.0,0
193.08,-3.4347,1.3325,54.1517,-0.0004,-0.0,54.1517,,,,,,,,,,,,0.0,0.0,0.0,0.0,0
193.1,-3.4347,1.3325,54.1517,-0.0004,-0.0,54.1517,,,,,,,,,,,,0.0,0.0,0.0,0.0,0
193.12,-3.4347,1.3325,54.1517,-0.0004,-0.0,54.1517,,,,,,,,,,,,0.0,0.0,0.0,0.0,0
193.14,-3.4347,1.3325,54.1517,-0.0004,-0.0,54.1517,,,,,,,,,,,,0.0,0.0,0.0,0.0,0
193.16,-3.4461,1.3197,54.2189,-0.0004,-0.0,54.2189,,,,,,,,,,,,0.0,0.0,0.0,0.0,0
193.18,-3.4461,1.3197,54.2189,-0.0004,-0.0,54.2189,,,,,,,,,,,,0.0,0.0,0.0,0.0,0
193.2,-3.4461,1.3197,54.2189,-0.0004,-0.0,54.2189,,,,,,,,,,,,0.0,0.0,0.0,0.0,0
193.22,-3.4461,1.3197,54.2189,-0.0004,-0.0,54.2189,,,,,,,,,,,,0.0,0.0,0.0,0.0,0
193.24,-3.4461,1.3197,54.2189,-0.0004,-0.0,54.2189,,,,,,,,,,,,0.0,0.0,0.0,0.0,0
193.26,-3.4605,1.3105,54.2606,-0.0004,-0.0,54.2606,,,,,,,,,,,,0.0,0.0,0.0,0.0,0
193.28,-3.4605,1.3105,54.2606,-0.0004,-0.0,54.2606,,,,,,,,,,,,0.0,0.0,0.0,0.0,0
193.3,-3.4605,1.3105,54.2606,-0.0004,-0.0,54.2606,,,,,,,,,,,,0.0,0.0,0.0,0.0,0
193.32,-3.4605,1.3105,54.2606,-0.0004,-0.0,54.2606,,,,,,,,,,,,0.0,0.0,0.0,0.0,0
193.34,-3.4605,1.3105,54.2606,-0.0004,-0.0,54.2606,,,,,,,,,,,,0.0,0.0,0.0,0.0,0
193.36,-3.4723,1.3006,54.3224,-0.0004,-0.0,54.3224,,,,,,,,,,,,0.0,0.0,0.0,0.0,0
193.38,-3.4723,1.3006,54.3224,-0.0004,-0.0,54.3224,,,,,,,,,,,,0.0,0.0,0.0,0.0,0
193.4,-3.4723,1.3006,54.3224,-0.0004,-0.0,54.3224,,,,,,,,,,,,0.0,0.0,0.0,0.0,0
193.42,-3.4723,1.3006,54.3224,-0.0004,-0.0,54.3224,,,,,,,,,,,,0.0,0.0,0.0,0.0,0
193.44,-3.4723,1.3006,54.3224,-0.0004,-0.0,54.3224,,,,,,,,,,,,0.0,0.0,0.0,0.0,0
193.46,-3.4816,1.2925,54.3631,-0.0004,-0.0,54.3631,,,,,,,,,,,,0.0,0.0,0.0,0.0,0
193.48,-3.4816,1.2925,54.3631,-0.0004,-0.0,54.3631,,,,,,,,,,,,0.0,0.0,0.0,0.0,0
193.5,-3.4816,1.2925,54.3631,-0.0004,-0.0,54.3631,,,,,,,,,,,,0.0,0.0,0.0,0.0,0
193.52,-3.4816,1.2925,54.3631,-0.0004,-0.0,54.3631,,,,,,,,,,,,0.0,0.0,0.0,0.0,0
193.54,-3.4816,1.2925,54.3631,-0.0004,-0.0,54.3631,,,,,,,,,,,,0.0,0.0,0.0,0.0,0
193.56,-3.4908,1.2824,54.4154,-0.0004,-0.0,54.4153,,,,,,,,,,,,0.0,0.0,0.0,0.0,0
193.58,-3.4908,1.2824,54.4154,-0.0004,-0.0,54.4153,,,,,,,,,,,,0.0,0.0,0.0,0.0,0
193.6,-3.4908,1.2824,54.4154,-0.0004,-0.0,54.4153,,,,,,,,,,,,0.0,0.0,0.0,0.0,0
193.62,-3.4908,1.2824,54.4154,-0.0004,-0.0,54.4153,,,,,,,,,,,,0.0,0.0,0.0,0.0,0
193.64,-3.4908,1.2824,54.4154,-0.0004,-0.0,54.4153,,,,,,,,,,,,0.0,0.0,0.0,0.0,0
193.66,-3.5007,1.2722,54.4621,-0.0004,-0.0,54.4621,,,,,,,,,,,,0.0,0.0,0.0,0.0,0
193.68,-3.5007,1.2722,54.4621,-0.0004,-0.0,54.4621,,,,,,,,,,,,0.0,0.0,0.0,0.0,0
193.7,-3.5007,1.2722,54.4621,-0.0004,-0.0,54.4621,,,,,,,,,,,,0.0,0.0,0.0,0.0,0
193.72,-3.5007,1.2722,54.4621,-0.0004,-0.0,54.4621,,,,,,,,,,,,0.0,0.0,0.0,0.0,0
193.74,-3.5007,1.2722,54.4621,-0.0004,-0.0,54.4621,,,,,,,,,,,,0.0,0.0,0.0,0.0,0
193.76,-3.5102,1.2623,54.5121,-0.0004,-0.0,54.5121,,,,,,,,,,,,0.0,0.0,0.0,0.0,0
193.78,-3.5102,1.2623,54.5121,-0.0004,-0.0,54.5121,,,,,,,,,,,,0.0,0.0,0.0,0.0,0
193.8,-3.5102,1.2623,54.5121,-0.0004,-0.0,54.5121,,,,,,,,,,,,0.0,0.0,0.0,0.0,0
193.82,-3.5102,1.2623,54.5121,-0.0004,-0.0,54.5121,,,,,,,,,,,,0.0,0.0,0.0,0.0,0
193.84,-3.5102,1.2623,54.5121,-0.0004,-0.0,54.5121,,,,,,,,,,,,0.0,0.0,0.0,0.0,0
193.86,-3.5185,1.2493,54.5605,-0.0004,-0.0,54.5605,,,,,,,,,,,,0.0,0.0,0.0,0.0,0
193.88,-3.5185,1.2493,54.5605,-0.0004,-0.0,54.5605,,,,,,,,,,,,0.0,0.0,0.0,0.0,0
193.9,-3.5185,1.2493,54.5605,-0.0004,-0.0,54.5605,,,,,,,,,,,,0.0,0.0,0.0,0.0,0
193.92,-3.5185,1.2493,54.5605,-0.0004,-0.0,54.5605,,,,,,,,,,,,0.0,0.0,0.0,0.0,0
193.94,-3.5185,1.2493,54.5605,-0.0004,-0.0,54.5605,,,,,,,,,,,,0.0,0.0,0.0,0.0,0
193.96,-3.5262,1.235,54.6069,-0.0004,-0.0,54.6069,,,,,,,,,,,,0.0,0.0,0.0,0.0,0
193.98,-3.5262,1.235,54.6069,-0.0004,-0.0,54.6069,,,,,,,,,,,,0.0,0.0,0.0,0.0,0
194.0,-3.5262,1.235,54.6069,-0.0004,-0.0,54.6069,,,,,,,,,,,,0.0,0.0,0.0,0.0,0
194.02,-3.5262,1.235,54.6069,-0.0004,-0.0,54.6069,,,,,,,,,,,,0.0,0.0,0.0,0.0,0
194.04,-3.5262,1.235,54.6069,-0.0004,-0.0,54.6069,,,,,,,,,,,,0.0,0.0,0.0,0.0,0
194.06,-3.5325,1.2274,54.6568,-0.0004,-0.0,54.6568,,,,,,,,,,,,0.0,0.0,0.0,0.0,0
194.08,-3.5325,1.2274,54.6568,-0.0004,-0.0,54.6568,,,,,,,,,,,,0.0,0.0,0.0,0.0,0
194.1,-3.5325,1.2274,54.6568,-0.0004,-0.0,54.6568,,,,,,,,,,,,0.0,0.0,0.0,0.0,0
194.12,-3.5325,1.2274,54.6568,-0.0004,-0.0,54.6568,,,,,,,,,,,,0.0,0.0,0.0,0.0,0
194.14,-3.5325,1.2274,54.6568,-0.0004,-0.0,54.6568,,,,,,,,,,,,0.0,0.0,0.0,0.0,0
194.16,-3.5425,1.2162,54.7052,-0.0004,-0.0,54.7052,,,,,,,,,,,,0.0,0.0,0.0,0.0,0
194.18,-3.5425,1.2162,54.7052,-0.0004,-0.0,54.7052,,,,,,,,,,,,0.0,0.0,0.0,0.0,0
194.2,-3.5425,1.2162,54.7052,-0.0004,-0.0,54.7052,,,,,,,,,,,,0.0,0.0,0.0,0.0,0
194.22,-3.5425,1.2162,54.7052,-0.0004,-0.0,54.7052,,,,,,,,,,,,0.0,0.0,0.0,0.0,0
194.24,-3.5425,1.2162,54.7052,-0.0004,-0.0,54.7052,,,,,,,,,,,,0.0,0.0,0.0,0.0,0
194.26,-3.5501,1.2046,54.7538,-0.0004,-0.0,54.7538,,,,,,,,,,,,0.0,0.0,0.0,0.0,0
194.28,-3.5501,1.2046,54.7538,-0.0004,-0.0,54.7538,,,,,,,,,,,,0.0,0.0,0.0,0.0,0
194.3,-3.5501,1.2046,54.7538,-0.0004,-0.0,54.7538,,,,,,,,,,,,0.0,0.0,0.0,0.0,0
194.32,-3.5501,1.2046,54.7538,-0.0004,-0.0,54.7538,,,,,,,,,,,,0.0,0.0,0.0,0.0,0
194.34,-3.5501,1.2046,54.7538,-0.0004,-0.0,54.7538,,,,,,,,,,,,0.0,0.0,0.0,0.0,0
194.36,-3.5569,1.1912,54.7942,-0.0004,-0.0,54.7942,,,,,,,,,,,,0.0,0.0,0.0,0.0,0
194.38,-3.5569,1.1912,54.7942,-0.0004,-0.0,54.7942,,,,,,,,,,,,0.0,0.0,0.0,0.0,0
194.4,-3.5569,1.1912,54.7942,-0.0004,-0.0,54.7942,,,,,,,,,,,,0.0,0.0,0.0,0.0,0
194.42,-3.5569,1.1912,54.7942,-0.0004,-0.0,54.7942,,,,,,,,,,,,0.0,0.0,0.0,0.0,0
194.44,-3.5569,1.1912,54.7942,-0.0004,-0.0,54.7942,,,,,,,,,,,,0.0,0.0,0.0,0.0,0
194.46,-3.5674,1.1854,54.8456,-0.0004,-0.0,54.8456,,,,,,,,,,,,0.0,0.0,0.0,0.0,0
194.48,-3.5674,1.1854,54.8456,-0.0004,-0.0,54.8456,,,,,,,,,,,,0.0,0.0,0.0,0.0,0
194.5,-3.5674,1.1854,54.8456,-0.0004,-0.0,54.8456,,,,,,,,,,,,0.0,0.0,0.0,0.0,0
194.52,-3.5674,1.1854,54.8456,-0.0004,-0.0,54.8456,,,,,,,,,,,,0.0,0.0,0.0,0.0,0
194.54,-3.5674,1.1854,54.8456,-0.0004,-0.0,54.8456,,,,,,,,,,,,0.0,0.0,0.0,0.0,0
194.56,-3.5764,1.1769,54.8865,-0.0004,-0.0,54.8864,,,,,,,,,,,,0.0,0.0,0.0,0.0,0
194.58,-3.5764,1.1769,54.8865,-0.0004,-0.0,54.8864,,,,,,,,,,,,0.0,0.0,0.0,0.0,0
194.6,-3.5764,1.1769,54.8865,-0.0004,-0.0,54.8864,,,,,,,,,,,,0.0,0.0,0.0,0.0,0
194.62,-3.5764,1.1769,54.8865,-0.0004,-0.0,54.8864,,,,,,,,,,,,0.0,0.0,0.0,0.0,0
194.64,-3.5764,1.1769,54.8865,-0.0004,-0.0,54.8864,,,,,,,,,,,,0.0,0.0,0.0,0.0,0
194.66,-3.585,1.1686,54.9372,-0.0004,-0.0,54.9372,,,,,,,,,,,,0.0,0.0,0.0,0.0,0
194.68,-3.585,1.1686,54.9372,-0.0004,-0.0,54.9372,,,,,,,,,,,,0.0,0.0,0.0,0.0,0
194.7,-3.585,1.1686,54.9372,-0.0004,-0.0,54.9372,,,,,,,,,,,,0.0,0.0,0.0,0.0,0
194.72,-3.585,1.1686,54.9372,-0.0004,-0.0,54.9372,,,,,,,,,,,,0.0,0.0,0.0,0.0,0
194.74,-3.585,1.1686,54.9372,-0.0004,-0.0,54.9372,,,,,,,,,,,,0.0,0.0,0.0,0.0,0
194.76,-3.594,1.1607,54.9775,-0.0004,-0.0,54.9775,,,,,,,,,,,,0.0,0.0,0.0,0.0,0
194.78,-3.594,1.1607,54.9775,-0.0004,-0.0,54.9775,,,,,,,,,,,,0.0,0.0,0.0,0.0,0
194.8,-3.594,1.1607,54.9775,-0.0004,-0.0,54.9775,,,,,,,,,,,,0.0,0.0,0.0,0.0,0
194.82,-3.594,1.1607,54.9775,-0.0004,-0.0,54.9775,,,,,,,,,,,,0.0,0.0,0.0,0.0,0
194.84,-3.594,1.1607,54.9775,-0.0004,-0.0,54.9775,,,,,,,,,,,,0.0,0.0,0.0,0.0,0
194.86,-3.598,1.1531,55.0273,-0.0004,-0.0,55.0273,,,,,,,,,,,,0.0,0.0,0.0,0.0,0
194.88,-3.598,1.1531,55.0273,-0.0004,-0.0,55.0273,,,,,,,,,,,,0.0,0.0,0.0,0.0,0
194.9,-3.598,1.1531,55.0273,-0.0004,-0.0,55.0273,,,,,,,,,,,,0.0,0.0,0.0,0.0,0
194.92,-3.598,1.1531,55.0273,-0.0004,-0.0,55.0273,,,,,,,,,,,,0.0,0.0,0.0,0.0,0
194.94,-3.598,1.1531,55.0273,-0.0004,-0.0,55.0273,,,,,,,,,,,,0.0,0.0,0.0,0.0,0
194.96,-3.6039,1.1479,55.0664,-0.0004,-0.0,55.0664,,,,,,,,,,,,0.0,0.0,0.0,0.0,0
194.98,-3.6039,1.1479,55.0664,-0.0004,-0.0,55.0664,,,,,,,,,,,,0.0,0.0,0.0,0.0,0
195.0,-3.6039,1.1479,55.0664,-0.0004,-0.0,55.0664,,,,,,,,,,,,0.0,0.0,0.0,0.0,0
195.02,-3.6039,1.1479,55.0664,-0.0004,-0.0,55.0664,,,,,,,,,,,,0.0,0.0,0.0,0.0,0
195.04,-3.6039,1.1479,55.0664,-0.0004,-0.0,55.0664,,,,,,,,,,,,0.0,0.0,0.0,0.0,0
195.06,-3.6095,1.139,55.1177,-0.0004,-0.0,55.1177,,,,,,,,,,,,0.0,0.0,0.0,0.0,0
195.08,-3.6095,1.139,55.1177,-0.0004,-0.0,55.1177,,,,,,,,,,,,0.0,0.0,0.0,0.0,0
195.1,-3.6095,1.139,55.1177,-0.0004,-0.0,55.1177,,,,,,,,,,,,0.0,0.0,0.0,0.0,0
195.12,-3.6095,1.139,55.1177,-0.0004,-0.0,55.1177,,,,,,,,,,,,0.0,0.0,0.0,0.0,0
195.14,-3.6095,1.139,55.1177,-0.0004,-0.0,55.1177,,,,,,,,,,,,0.0,0.0,0.0,0.0,0
195.16,-3.6137,1.1287,55.1546,-0.0004,-0.0,55.1546,,,,,,,,,,,,0.0,0.0,0.0,0.0,0
195.18,-3.6137,1.1287,55.1546,-0.0004,-0.0,55.1546,,,,,,,,,,,,0.0,0.0,0.0,0.0,0
195.2,-3.6137,1.1287,55.1546,-0.0004,-0.0,55.1546,,,,,,,,,,,,0.0,0.0,0.0,0.0,0
195.22,-3.6137,1.1287,55.1546,-0.0004,-0.0,55.1546,,,,,,,,,,,,0.0,0.0,0.0,0.0,0
195.24,-3.6137,1.1287,55.1546,-0.0004,-0.0,55.1546,,,,,,,,,,,,0.0,0.0,0.0,0.0,0
195.26,-3.619,1.1224,55.2115,-0.0004,-0.0,55.2115,,,,,,,,,,,,0.0,0.0,0.0,0.0,0
195.28,-3.619,1.1224,55.2115,-0.0004,-0.0,55.2115,,,,,,,,,,,,0.0,0.0,0.0,0.0,0
195.3,-3.619,1.1224,55.2115,-0.0004,-0.0,55.2115,,,,,,,,,,,,0.0,0.0,0.0,0.0,0
195.32,-3.619,1.1224,55.2115,-0.0004,-0.0,55.2115,,,,,,,,,,,,0.0,0.0,0.0,0.0,0
195.34,-3.619,1.1224,55.2115,-0.0004,-0.0,55.2115,,,,,,,,,,,,0.0,0.0,0.0,0.0,0
195.36,-3.6249,1.1161,55.246,-0.0004,-0.0,55.246,,,,,,,,,,,,0.0,0.0,0.0,0.0,0
195.38,-3.6249,1.1161,55.246,-0.0004,-0.0,55.246,,,,,,,,,,,,0.0,0.0,0.0,0.0,0
195.4,-3.6249,1.1161,55.246,-0.0004,-0.0,55.246,,,,,,,,,,,,0.0,0.0,0.0,0.0,0
195.42,-3.6249,1.1161,55.246,-0.0004,-0.0,55.246,,,,,,,,,,,,0.0,0.0,0.0,0.0,0
195.44,-3.6249,1.1161,55.246,-0.0004,-0.0,55.246,,,,,,,,,,,,0.0,0.0,0.0,0.0,0
195.46,-3.6318,1.1078,55.3038,-0.0004,-0.0,55.3038,,,,,,,,,,,,0.0,0.0,0.0,0.0,0
195.48,-3.6318,1.1078,55.3038,-0.0004,-0.0,55.3038,,,,,,,,,,,,0.0,0.0,0.0,0.0,0
195.5,-3.6318,1.1078,55.3038,-0.0004,-0.0,55.3038,,,,,,,,,,,,0.0,0.0,0.0,0.0,0
195.52,-3.6318,1.1078,55.3038,-0.0004,-0.0,55.3038,,,,,,,,,,,,0.0,0.0,0.0,0.0,0
195.54,-3.6318,1.1078,55.3038,-0.0004,-0.0,55.3038,,,,,,,,,,,,0.0,0.0,0.0,0.0,0
195.56,-3.6326,1.0987,55.3365,-0.0004,-0.0,55.3365,,,,,,,,,,,,0.0,0.0,0.0,0.0,0
195.58,-3.6326,1.0987,55.3365,-0.0004,-0.0,55.3365,,,,,,,,,,,,0.0,0.0,0.0,0.0,0
195.6,-3.6326,1.0987,55.3365,-0.0004,-0.0,55.3365,,,,,,,,,,,,0.0,0.0,0.0,0.0,0
195.62,-3.6326,1.0987,55.3365,-0.0004,-0.0,55.3365,,,,,,,,,,,,0.0,0.0,0.0,0.0,0
195.64,-3.6326,1.0987,55.3365,-0.0004,-0.0,55.3365,,,,,,,,,,,,0.0,0.0,0.0,0.0,0
195.66,-3.6401,1.0934,55.3923,-0.0004,-0.0,55.3923,,,,,,,,,,,,0.0,0.0,0.0,0.0,0
195.68,-3.6401,1.0934,55.3923,-0.0004,-0.0,55.3923,,,,,,,,,,,,0.0,0.0,0.0,0.0,0
195.7,-3.6401,1.0934,55.3923,-0.0004,-0.0,55.3923,,,,,,,,,,,,0.0,0.0,0.0,0.0,0
195.72,-3.6401,1.0934,55.3923,-0.0004,-0.0,55.3923,,,,,,,,,,,,0.0,0.0,0.0,0.0,0
195.74,-3.6401,1.0934,55.3923,-0.0004,-0.0,55.3923,,,,,,,,,,,,0.0,0.0,0.0,0.0,0
195.76,-3.6447,1.0867,55.4269,-0.0004,-0.0,55.4269,,,,,,,,,,,,0.0,0.0,0.0,0.0,0
195.78,-3.6447,1.0867,55.4269,-0.0004,-0.0,55.4269,,,,,,,,,,,,0.0,0.0,0.0,0.0,0
195.8,-3.6447,1.0867,55.4269,-0.0004,-0.0,55.4269,,,,,,,,,,,,0.0,0.0,0.0,0.0,0
195.82,-3.6447,1.0867,55.4269,-0.0004,-0.0,55.4269,,,,,,,,,,,,0.0,0.0,0.0,0.0,0
195.84,-3.6447,1.0867,55.4269,-0.0004,-0.0,55.4269,,,,,,,,,,,,0.0,0.0,0.0,0.0,0
195.86,-3.6467,1.0768,55.4774,-0.0004,-0.0,55.4774,,,,,,,,,,,,0.0,0.0,0.0,0.0,0
195.88,-3.6467,1.0768,55.4774,-0.0004,-0.0,55.4774,,,,,,,,,,,,0.0,0.0,0.0,0.0,0
195.9,-3.6467,1.0768,55.4774,-0.0004,-0.0,55.4774,,,,,,,,,,,,0.0,0.0,0.0,0.0,0
195.92,-3.6467,1.0768,55.4774,-0.0004,-0.0,55.4774,,,,,,,,,,,,0.0,0.0,0.0,0.0,0
195.94,-3.6467,1.0768,55.4774,-0.0004,-0.0,55.4774,,,,,,,,,,,,0.0,0.0,0.0,0.0,0
195.96,-3.6489,1.0691,55.5132,-0.0004,-0.0,55.5132,,,,,,,,,,,,0.0,0.0,0.0,0.0,0
195.98,-3.6489,1.0691,55.5132,-0.0004,-0.0,55.5132,,,,,,,,,,,,0.0,0.0,0.0,0.0,0
196.0,-3.6489,1.0691,55.5132,-0.0004,-0.0,55.5132,,,,,,,,,,,,0.0,0.0,0.0,0.0,0
196.02,-3.6489,1.0691,55.5132,-0.0004,-0.0,55.5132,,,,,,,,,,,,0.0,0.0,0.0,0.0,0
196.04,-3.6489,1.0691,55.5132,-0.0004,-0.0,55.5132,,,,,,,,,,,,0.0,0.0,0.0,0.0,0
196.06,-3.6497,1.0599,55.5608,-0.0004,-0.0,55.5608,,,,,,,,,,,,0.0,0.0,0.0,0.0,0
196.08,-3.6497,1.0599,55.5608,-0.0004,-0.0,55.5608,,,,,,,,,,,,0.0,0.0,0.0,0.0,0
196.1,-3.6497,1.0599,55.5608,-0.0004,-0.0,55.5608,,,,,,,,,,,,0.0,0.0,0.0,0.0,0
196.12,-3.6497,1.0599,55.5608,-0.0004,-0.0,55.5608,,,,,,,,,,,,0.0,0.0,0.0,0.0,0
196.14,-3.6497,1.0599,55.5608,-0.0004,-0.0,55.5608,,,,,,,,,,,,0.0,0.0,0.0,0.0,0
196.16,-3.654,1.0556,55.6029,-0.0004,-0.0,55.6029,,,,,,,,,,,,0.0,0.0,0.0,0.0,0
196.18,-3.654,1.0556,55.6029,-0.0004,-0.0,55.6029,,,,,,,,,,,,0.0,0.0,0.0,0.0,0
196.2,-3.654,1.0556,55.6029,-0.0004,-0.0,55.6029,,,,,,,,,,,,0.0,0.0,0.0,0.0,0
196.22,-3.654,1.0556,55.6029,-0.0004,-0.0,55.6029,,,,,,,,,,,,0.0,0.0,0.0,0.0,0
196.24,-3.654,1.0556,55.6029,-0.0004,-0.0,55.6029,,,,,,,,,,,,0.0,0.0,0.0,0.0,0
196.26,-3.6577,1.0521,55.652,-0.0004,-0.0,55.652,,,,,,,,,,,,0.0,0.0,0.0,0.0,0
196.28,-3.6577,1.0521,55.652,-0.0004,-0.0,55.652,,,,,,,,,,,,0.0,0.0,0.0,0.0,0
196.3,-3.6577,1.0521,55.652,-0.0004,-0.0,55.652,,,,,,,,,,,,0.0,0.0,0.0,0.0,0
196.32,-3.6577,1.0521,55.652,-0.0004,-0.0,55.652,,,,,,,,,,,,0.0,0.0,0.0,0.0,0
196.34,-3.6577,1.0521,55.652,-0.0004,-0.0,55.652,,,,,,,,,,,,0.0,0.0,0.0,0.0,0
196.36,-3.6618,1.0486,55.6895,-0.0004,-0.0,55.6895,,,,,,,,,,,,0.0,0.0,0.0,0.0,0
196.38,-3.6618,1.0486,55.6895,-0.0004,-0.0,55.6895,,,,,,,,,,,,0.0,0.0,0.0,0.0,0
196.4,-3.6618,1.0486,55.6895,-0.0004,-0.0,55.6895,,,,,,,,,,,,0.0,0.0,0.0,0.0,0
196.42,-3.6618,1.0486,55.6895,-0.0004,-0.0,55.6895,,,,,,,,,,,,0.0,0.0,0.0,0.0,0
196.44,-3.6618,1.0486,55.6895,-0.0004,-0.0,55.6895,,,,,,,,,,,,0.0,0.0,0.0,0.0,0
196.46,-3.6629,1.0414,55.7397,-0.0004,-0.0,55.7397,,,,,,,,,,,,0.0,0.0,0.0,0.0,0
196.48,-3.6629,1.0414,55.7397,-0.0004,-0.0,55.7397,,,,,,,,,,,,0.0,0.0,0.0,0.0,0
196.5,-3.6629,1.0414,55.7397,-0.0004,-0.0,55.7397,,,,,,,,,,,,0.0,0.0,0.0,0.0,0
196.52,-3.6629,1.0414,55.7397,-0.0004,-0.0,55.7397,,,,,,,,,,,,0.0,0.0,0.0,0.0,0
196.54,-3.6629,1.0414,55.7397,-0.0004,-0.0,55.7397,,,,,,,,,,,,0.0,0.0,0.0,0.0,0
196.56,-3.6623,1.0394,55.7842,-0.0004,-0.0,55.7842,,,,,,,,,,,,0.0,0.0,0.0,0.0,0
196.58,-3.6623,1.0394,55.7842,-0.0004,-0.0,55.7842,,,,,,,,,,,,0.0,0.0,0.0,0.0,0
196.6,-3.6623,1.0394,55.7842,-0.0004,-0.0,55.7842,,,,,,,,,,,,0.0,0.0,0.0,0.0,0
196.62,-3.6623,1.0394,55.7842,-0.0004,-0.0,55.7842,,,,,,,,,,,,0.0,0.0,0.0,0.0,0
196.64,-3.6623,1.0394,55.7842,-0.0004,-0.0,55.7842,,,,,,,,,,,,0.0,0.0,0.0,0.0,0
196.66,-3.6662,1.0354,55.8332,-0.0004,-0.0,55.8332,,,,,,,,,,,,0.0,0.0,0.0,0.0,0
196.68,-3.6662,1.0354,55.8332,-0.0004,-0.0,55.8332,,,,,,,,,,,,0.0,0.0,0.0,0.0,0
196.7,-3.6662,1.0354,55.8332,-0.0004,-0.0,55.8332,,,,,,,,,,,,0.0,0.0,0.0,0.0,0
196.72,-3.6662,1.0354,55.8332,-0.0004,-0.0,55.8332,,,,,,,,,,,,0.0,0.0,0.0,0.0,0
196.74,-3.6662,1.0354,55.8332,-0.0004,-0.0,55.8332,,,,,,,,,,,,0.0,0.0,0.0,0.0,0
196.76,-3.6717,1.036,55.8761,-0.0004,-0.0,55.8761,,,,,,,,,,,,0.0,0.0,0.0,0.0,0
196.78,-3.6717,1.036,55.8761,-0.0004,-0.0,55.8761,,,,,,,,,,,,0.0,0.0,0.0,0.0,0
196.8,-3.6717,1.036,55.8761,-0.0004,-0.0,55.8761,,,,,,,,,,,,0.0,0.0,0.0,0.0,0
196.82,-3.6717,1.036,55.8761,-0.0004,-0.0,55.8761,,,,,,,,,,,,0.0,0.0,0.0,0.0,0
196.84,-3.6717,1.036,55.8761,-0.0004,-0.0,55.8761,,,,,,,,,,,,0.0,0.0,0.0,0.0,0
196.86,-3.679,1.0343,55.9221,-0.0004,-0.0,55.9221,,,,,,,,,,,,0.0,0.0,0.0,0.0,0
196.88,-3.679,1.0343,55.9221,-0.0004,-0.0,55.9221,,,,,,,,,,,,0.0,0.0,0.0,0.0,0
196.9,-3.679,1.0343,55.9221,-0.0004,-0.0,55.9221,,,,,,,,,,,,0.0,0.0,0.0,0.0,0
196.92,-3.679,1.0343,55.9221,-0.0004,-0.0,55.9221,,,,,,,,,,,,0.0,0.0,0.0,0.0,0
196.94,-3.679,1.0343,55.9221,-0.0004,-0.0,55.9221,,,,,,,,,,,,0.0,0.0,0.0,0.0,0
196.96,-3.6827,1.0334,55.9672,-0.0004,-0.0,55.9672,,,,,,,,,,,,0.0,0.0,0.0,0.0,0
196.98,-3.6827,1.0334,55.9672,-0.0004,-0.0,55.9672,,,,,,,,,,,,0.0,0.0,0.0,0.0,0
197.0,-3.6827,1.0334,55.9672,-0.0004,-0.0,55.9672,,,,,,,,,,,,0.0,0.0,0.0,0.0,0
197.02,-3.6827,1.0334,55.9672,-0.0004,-0.0,55.9672,,,,,,,,,,,,0.0,0.0,0.0,0.0,0
197.04,-3.6827,1.0334,55.9672,-0.0004,-0.0,55.9672,,,,,,,,,,,,0.0,0.0,0.0,0.0,0
197.06,-3.6875,1.0254,56.0148,-0.0004,-0.0,56.0148,,,,,,,,,,,,0.0,0.0,0.0,0.0,0
197.08,-3.6875,1.0254,56.0148,-0.0004,-0.0,56.0148,,,,,,,,,,,,0.0,0.0,0.0,0.0,0
197.1,-3.6875,1.0254,56.0148,-0.0004,-0.0,56.0148,,,,,,,,,,,,0.0,0.0,0.0,0.0,0
197.12,-3.6875,1.0254,56.0148,-0.0004,-0.0,56.0148,,,,,,,,,,,,0.0,0.0,0.0,0.0,0
197.14,-3.6875,1.0254,56.0148,-0.0004,-0.0,56.0148,,,,,,,,,,,,0.0,0.0,0.0,0.0,0
197.16,-3.6881,1.0222,56.058,-0.0004,-0.0,56.058,,,,,,,,,,,,0.0,0.0,0.0,0.0,0
197.18,-3.6881,1.0222,56.058,-0.0004,-0.0,56.058,,,,,,,,,,,,0.0,0.0,0.0,0.0,0
197.2,-3.6881,1.0222,56.058,-0.0004,-0.0,56.058,,,,,,,,,,,,0.0,0.0,0.0,0.0,0
197.22,-3.6881,1.0222,56.058,-0.0004,-0.0,56.058,,,,,,,,,,,,0.0,0.0,0.0,0.0,0
197.24,-3.6881,1.0222,56.058,-0.0004,-0.0,56.058,,,,,,,,,,,,0.0,0.0,0.0,0.0,0
197.26,-3.6933,1.0223,56.104,-0.0004,-0.0,56.104,,,,,,,,,,,,0.0,0.0,0.0,0.0,0
197.28,-3.6933,1.0223,56.104,-0.0004,-0.0,56.104,,,,,,,,,,,,0.0,0.0,0.0,0.0,0
197.3,-3.6933,1.0223,56.104,-0.0004,-0.0,56.104,,,,,,,,,,,,0.0,0.0,0.0,0.0,0
197.32,-3.6933,1.0223,56.104,-0.0004,-0.0,56.104,,,,,,,,,,,,0.0,0.0,0.0,0.0,0
197.34,-3.6933,1.0223,56.104,-0.0004,-0.0,56.104,,,,,,,,,,,,0.0,0.0,0.0,0.0,0
197.36,-3.6933,1.0154,56.1517,-0.0004,-0.0,56.1517,,,,,,,,,,,,0.0,0.0,0.0,0.0,0
197.38,-3.6933,1.0154,56.1517,-0.0004,-0.0,56.1517,,,,,,,,,,,,0.0,0.0,0.0,0.0,0
197.4,-3.6933,1.0154,56.1517,-0.0004,-0.0,56.1517,,,,,,,,,,,,0.0,0.0,0.0,0.0,0
197.42,-3.6933,1.0154,56.1517,-0.0004,-0.0,56.1517,,,,,,,,,,,,0.0,0.0,0.0,0.0,0
197.44,-3.6933,1.0154,56.1517,-0.0004,-0.0,56.1517,,,,,,,,,,,,0.0,0.0,0.0,0.0,0
197.46,-3.6928,1.0157,56.1962,-0.0004,-0.0,56.1962,,,,,,,,,,,,0.0,0.0,0.0,0.0,0
197.48,-3.6928,1.0157,56.1962,-0.0004,-0.0,56.1962,,,,,,,,,,,,0.0,0.0,0.0,0.0,0
197.5,-3.6928,1.0157,56.1962,-0.0004,-0.0,56.1962,,,,,,,,,,,,0.0,0.0,0.0,0.0,0
197.52,-3.6928,1.0157,56.1962,-0.0004,-0.0,56.1962,,,,,,,,,,,,0.0,0.0,0.0,0.0,0
197.54,-3.6928,1.0157,56.1962,-0.0004,-0.0,56.1962,,,,,,,,,,,,0.0,0.0,0.0,0.0,0
197.56,-3.6953,1.0109,56.2402,-0.0004,-0.0,56.2402,,,,,,,,,,,,0.0,0.0,0.0,0.0,0
197.58,-3.6953,1.0109,56.2402,-0.0004,-0.0,56.2402,,,,,,,,,,,,0.0,0.0,0.0,0.0,0
197.6,-3.6953,1.0109,56.2402,-0.0004,-0.0,56.2402,,,,,,,,,,,,0.0,0.0,0.0,0.0,0
197.62,-3.6953,1.0109,56.2402,-0.0004,-0.0,56.2402,,,,,,,,,,,,0.0,0.0,0.0,0.0,0
197.64,-3.6953,1.0109,56.2402,-0.0004,-0.0,56.2402,,,,,,,,,,,,0.0,0.0,0.0,0.0,0
197.66,-3.6974,1.0118,56.2864,-0.0004,-0.0,56.2864,,,,,,,,,,,,0.0,0.0,0.0,0.0,0
197.68,-3.6974,1.0118,56.2864,-0.0004,-0.0,56.2864,,,,,,,,,,,,0.0,0.0,0.0,0.0,0
197.7,-3.6974,1.0118,56.2864,-0.0004,-0.0,56.2864,,,,,,,,,,,,0.0,0.0,0.0,0.0,0
197.72,-3.6974,1.0118,56.2864,-0.0004,-0.0,56.2864,,,,,,,,,,,,0.0,0.0,0.0,0.0,0
197.74,-3.6974,1.0118,56.2864,-0.0004,-0.0,56.2864,,,,,,,,,,,,0.0,0.0,0.0,0.0,0
197.76,-3.7004,1.0125,56.3331,-0.0004,-0.0,56.3331,,,,,,,,,,,,0.0,0.0,0.0,0.0,0
197.78,-3.7004,1.0125,56.3331,-0.0004,-0.0,56.3331,,,,,,,,,,,,0.0,0.0,0.0,0.0,0
197.8,-3.7004,1.0125,56.3331,-0.0004,-0.0,56.3331,,,,,,,,,,,,0.0,0.0,0.0,0.0,0
197.82,-3.7004,1.0125,56.3331,-0.0004,-0.0,56.3331,,,,,,,,,,,,0.0,0.0,0.0,0.0,0
197.84,-3.7004,1.0125,56.3331,-0.0004,-0.0,56.3331,,,,,,,,,,,,0.0,0.0,0.0,0.0,0
197.86,-3.7035,1.0098,56.3766,-0.0004,-0.0,56.3766,,,,,,,,,,,,0.0,0.0,0.0,0.0,0
197.88,-3.7035,1.0098,56.3766,-0.0004,-0.0,56.3766,,,,,,,,,,,,0.0,0.0,0.0,0.0,0
197.9,-3.7035,1.0098,56.3766,-0.0004,-0.0,56.3766,,,,,,,,,,,,0.0,0.0,0.0,0.0,0
197.92,-3.7035,1.0098,56.3766,-0.0004,-0.0,56.3766,,,,,,,,,,,,0.0,0.0,0.0,0.0,0
197.94,-3.7035,1.0098,56.3766,-0.0004,-0.0,56.3766,,,,,,,,,,,,0.0,0.0,0.0,0.0,0
197.96,-3.7052,1.0095,56.4247,-0.0004,-0.0,56.4247,,,,,,,,,,,,0.0,0.0,0.0,0.0,0
197.98,-3.7052,1.0095,56.4247,-0.0004,-0.0,56.4247,,,,,,,,,,,,0.0,0.0,0.0,0.0,0
198.0,-3.7052,1.0095,56.4247,-0.0004,-0.0,56.4247,,,,,,,,,,,,0.0,0.0,0.0,0.0,0
198.02,-3.7052,1.0095,56.4247,-0.0004,-0.0,56.4247,,,,,,,,,,,,0.0,0.0,0.0,0.0,0
198.04,-3.7052,1.0095,56.4247,-0.0004,-0.0,56.4247,,,,,,,,,,,,0.0,0.0,0.0,0.0,0
198.06,-3.7078,1.0046,56.4675,-0.0004,-0.0,56.4675,,,,,,,,,,,,0.0,0.0,0.0,0.0,0
198.08,-3.7078,1.0046,56.4675,-0.0004,-0.0,56.4675,,,,,,,,,,,,0.0,0.0,0.0,0.0,0
198.1,-3.7078,1.0046,56.4675,-0.0004,-0.0,56.4675,,,,,,,,,,,,0.0,0.0,0.0,0.0,0
198.12,-3.7078,1.0046,56.4675,-0.0004,-0.0,56.4675,,,,,,,,,,,,0.0,0.0,0.0,0.0,0
198.14,-3.7078,1.0046,56.4675,-0.0004,-0.0,56.4675,,,,,,,,,,,,0.0,0.0,0.0,0.0,0
198.16,-3.7121,1.0031,56.5123,-0.0004,-0.0,56.5123,,,,,,,,,,,,0.0,0.0,0.0,0.0,0
198.18,-3.7121,1.0031,56.5123,-0.0004,-0.0,56.5123,,,,,,,,,,,,0.0,0.0,0.0,0.0,0
198.2,-3.7121,1.0031,56.5123,-0.0004,-0.0,56.5123,,,,,,,,,,,,0.0,0.0,0.0,0.0,0
198.22,-3.7121,1.0031,56.5123,-0.0004,-0.0,56.5123,,,,,,,,,,,,0.0,0.0,0.0,0.0,0
198.24,-3.7121,1.0031,56.5123,-0.0004,-0.0,56.5123,,,,,,,,,,,,0.0,0.0,0.0,0.0,0
198.26,-3.7109,1.0028,56.5563,-0.0004,-0.0,56.5563,,,,,,,,,,,,0.0,0.0,0.0,0.0,0
198.28,-3.7109,1.0028,56.5563,-0.0004,-0.0,56.5563,,,,,,,,,,,,0.0,0.0,0.0,0.0,0
198.3,-3.7109,1.0028,56.5563,-0.0004,-0.0,56.5563,,,,,,,,,,,,0.0,0.0,0.0,0.0,0
198.32,-3.7109,1.0028,56.5563,-0.0004,-0.0,56.5563,,,,,,,,,,,,0.0,0.0,0.0,0.0,0
198.34,-3.7109,1.0028,56.5563,-0.0004,-0.0,56.5563,,,,,,,,,,,,0.0,0.0,0.0,0.0,0
198.36,-3.7114,1.0026,56.5959,-0.0004,-0.0,56.5959,,,,,,,,,,,,0.0,0.0,0.0,0.0,0
198.38,-3.7114,1.0026,56.5959,-0.0004,-0.0,56.5959,,,,,,,,,,,,0.0,0.0,0.0,0.0,0
198.4,-3.7114,1.0026,56.5959,-0.0004,-0.0,56.5959,,,,,,,,,,,,0.0,0.0,0.0,0.0,0
198.42,-3.7114,1.0026,56.5959,-0.0004,-0.0,56.5959,,,,,,,,,,,,0.0,0.0,0.0,0.0,0
198.44,-3.7114,1.0026,56.5959,-0.0004,-0.0,56.5959,,,,,,,,,,,,0.0,0.0,0.0,0.0,0
198.46,-3.7097,1.0,56.6362,-0.0004,-0.0,56.6362,,,,,,,,,,,,0.0,0.0,0.0,0.0,0
198.48,-3.7097,1.0,56.6362,-0.0004,-0.0,56.6362,,,,,,,,,,,,0.0,0.0,0.0,0.0,0
198.5,-3.7097,1.0,56.6362,-0.0004,-0.0,56.6362,,,,,,,,,,,,0.0,0.0,0.0,0.0,0
198.52,-3.7097,1.0,56.6362,-0.0004,-0.0,56.6362,,,,,,,,,,,,0.0,0.0,0.0,0.0,0
198.54,-3.7097,1.0,56.6362,-0.0004,-0.0,56.6362,,,,,,,,,,,,0.0,0.0,0.0,0.0,0
198.56,-3.7132,0.9993,56.6811,-0.0004,-0.0,56.6811,,,,,,,,,,,,0.0,0.0,0.0,0.0,0
198.58,-3.7132,0.9993,56.6811,-0.0004,-0.0,56.6811,,,,,,,,,,,,0.0,0.0,0.0,0.0,0
198.6,-3.7132,0.9993,56.6811,-0.0004,-0.0,56.6811,,,,,,,,,,,,0.0,0.0,0.0,0.0,0
198.62,-3.7132,0.9993,56.6811,-0.0004,-0.0,56.6811,,,,,,,,,,,,0.0,0.0,0.0,0.0,0
198.64,-3.7132,0.9993,56.6811,-0.0004,-0.0,56.6811,,,,,,,,,,,,0.0,0.0,0.0,0.0,0
198.66,-3.7137,0.9936,56.7236,-0.0004,-0.0,56.7236,,,,,,,,,,,,0.0,0.0,0.0,0.0,0
198.68,-3.7137,0.9936,56.7236,-0.0004,-0.0,56.7236,,,,,,,,,,,,0.0,0.0,0.0,0.0,0
198.7,-3.7137,0.9936,56.7236,-0.0004,-0.0,56.7236,,,,,,,,,,,,0.0,0.0,0.0,0.0,0
198.72,-3.7137,0.9936,56.7236,-0.0004,-0.0,56.7236,,,,,,,,,,,,0.0,0.0,0.0,0.0,0
198.74,-3.7137,0.9936,56.7236,-0.0004,-0.0,56.7236,,,,,,,,,,,,0.0,0.0,0.0,0.0,0
198.76,-3.7214,0.9887,56.7674,-0.0004,-0.0,56.7674,,,,,,,,,,,,0.0,0.0,0.0,0.0,0
198.78,-3.7214,0.9887,56.7674,-0.0004,-0.0,56.7674,,,,,,,,,,,,0.0,0.0,0.0,0.0,0
198.8,-3.7214,0.9887,56.7674,-0.0004,-0.0,56.7674,,,,,,,,,,,,0.0,0.0,0.0,0.0,0
198.82,-3.7214,0.9887,56.7674,-0.0004,-0.0,56.7674,,,,,,,,,,,,0.0,0.0,0.0,0.0,0
198.84,-3.7214,0.9887,56.7674,-0.0004,-0.0,56.7674,,,,,,,,,,,,0.0,0.0,0.0,0.0,0
198.86,-3.6933,0.982,56.8101,-0.0004,-0.0,56.8101,,,,,,,,,,,,0.0,0.0,0.0,0.0,0
198.88,-3.6933,0.982,56.8101,-0.0004,-0.0,56.8101,,,,,,,,,,,,0.0,0.0,0.0,0.0,0
198.9,-3.6933,0.982,56.8101,-0.0004,-0.0,56.8101,,,,,,,,,,,,0.0,0.0,0.0,0.0,0
198.92,-3.6933,0.982,56.8101,-0.0004,-0.0,56.8101,,,,,,,,,,,,0.0,0.0,0.0,0.0,0
198.94,-3.6933,0.982,56.8101,-0.0004,-0.0,56.8101,,,,,,,,,,,,0.0,0.0,0.0,0.0,0
198.96,-3.7253,1.0006,56.7736,-0.0004,-0.0,56.7736,,,,,,,,,,,,0.0,0.0,0.0,0.0,0
198.98,-3.7253,1.0006,56.7736,-0.0004,-0.0,56.7736,,,,,,,,,,,,0.0,0.0,0.0,0.0,0
199.0,-3.7253,1.0006,56.7736,-0.0004,-0.0,56.7736,,,,,,,,,,,,0.0,0.0,0.0,0.0,0
199.02,-3.7253,1.0006,56.7736,-0.0004,-0.0,56.7736,,,,,,,,,,,,0.0,0.0,0.0,0.0,0
199.04,-3.7253,1.0006,56.7736,-0.0004,-0.0,56.7736,,,,,,,,,,,,0.0,0.0,0.0,0.0,0
199.06,-3.7088,0.9649,57.2054,-0.0004,-0.0,57.2054,,,,,,,,,,,,0.0,0.0,0.0,0.0,0
199.08,-3.7088,0.9649,57.2054,-0.0004,-0.0,57.2054,,,,,,,,,,,,0.0,0.0,0.0,0.0,0
199.1,-3.7088,0.9649,57.2054,-0.0004,-0.0,57.2054,,,,,,,,,,,,0.0,0.0,0.0,0.0,0
199.12,-3.7088,0.9649,57.2054,-0.0004,-0.0,57.2054,,,,,,,,,,,,0.0,0.0,0.0,0.0,0
199.14,-3.7088,0.9649,57.2054,-0.0004,-0.0,57.2054,,,,,,,,,,,,0.0,0.0,0.0,0.0,0
199.16,-3.8451,1.0074,57.0637,-0.0004,-0.0,57.0638,,,,,,,,,,,,0.0,0.0,0.0,0.0,0
199.18,-3.8451,1.0074,57.0637,-0.0004,-0.0,57.0638,,,,,,,,,,,,0.0,0.0,0.0,0.0,0
199.2,-3.8451,1.0074,57.0637,-0.0004,-0.0,57.0638,,,,,,,,,,,,0.0,0.0,0.0,0.0,0
199.22,-3.8451,1.0074,57.0637,-0.0004,-0.0,57.0638,,,,,,,,,,,,0.0,0.0,0.0,0.0,0
199.24,-3.8451,1.0074,57.0637,-0.0004,-0.0,57.0638,,,,,,,,,,,,0.0,0.0,0.0,0.0,0
199.26,-3.7622,1.036,57.0765,-0.0004,-0.0,57.0765,,,,,,,,,,,,0.0,0.0,0.0,0.0,0
199.28,-3.7622,1.036,57.0765,-0.0004,-0.0,57.0765,,,,,,,,,,,,0.0,0.0,0.0,0.0,0
199.3,-3.7622,1.036,57.0765,-0.0004,-0.0,57.0765,,,,,,,,,,,,0.0,0.0,0.0,0.0,0
199.32,-3.7622,1.036,57.0765,-0.0004,-0.0,57.0765,,,,,,,,,,,,0.0,0.0,0.0,0.0,0
199.34,-3.7622,1.036,57.0765,-0.0004,-0.0,57.0765,,,,,,,,,,,,0.0,0.0,0.0,0.0,0
199.36,-3.6836,1.0189,57.2064,-0.0004,-0.0,57.2064,,,,,,,,,,,,0.0,0.0,0.0,0.0,0
