time_sec,roll,pitch,yaw,roll_des,pitch_des,yaw_des,gyro_x,gyro_y,gyro_z,accel_x,accel_y,accel_z,vbat,ibat,lat,lon,alt,motor_1,motor_2,motor_3,motor_4,flight_mode
0.0,-0.1905,0.0343,302.9801,0.0,0.0004,302.9801,,,,,,,,,,,,0.0,0.0,0.0,0.0,0
0.02,-0.1905,0.0343,302.9801,0.0,0.0004,302.9801,,,,,,,,,,,,0.0,0.0,0.0,0.0,0
0.04,-0.1905,0.0343,302.9801,0.0,0.0004,302.9801,,,,,,,,,,,,0.0,0.0,0.0,0.0,0
0.06,-0.1905,0.0343,302.9801,0.0,0.0004,302.9801,,,,,,,,,,,,0.0,0.0,0.0,0.0,0
0.08,-0.1905,0.0343,302.9801,0.0,0.0004,302.9801,,,,,,,,,,,,0.0,0.0,0.0,0.0,0
0.1,-0.1968,0.0339,302.9843,0.0,0.0004,302.9843,,,,,,,,,,,,0.0,0.0,0.0,0.0,0
0.12,-0.1968,0.0339,302.9843,0.0,0.0004,302.9843,,,,,,,,,,,,0.0,0.0,0.0,0.0,0
0.14,-0.1968,0.0339,302.9843,0.0,0.0004,302.9843,,,,,,,,,,,,0.0,0.0,0.0,0.0,0
0.16,-0.1968,0.0339,302.9843,0.0,0.0004,302.9843,,,,,,,,,,,,0.0,0.0,0.0,0.0,0
0.18,-0.1968,0.0339,302.9843,0.0,0.0004,302.9843,,,,,,,,,,,,0.0,0.0,0.0,0.0,0
0.2,-0.2001,0.0395,302.986,0.0,0.0004,302.986,,,,,,,,,,,,0.0,0.0,0.0,0.0,0
0.22,-0.2001,0.0395,302.986,0.0,0.0004,302.986,,,,,,,,,,,,0.0,0.0,0.0,0.0,0
0.24,-0.2001,0.0395,302.986,0.0,0.0004,302.986,,,,,,,,,,,,0.0,0.0,0.0,0.0,0
0.26,-0.2001,0.0395,302.986,0.0,0.0004,302.986,,,,,,,,,,,,0.0,0.0,0.0,0.0,0
0.28,-0.2001,0.0395,302.986,0.0,0.0004,302.986,,,,,,,,,,,,0.0,0.0,0.0,0.0,0
0.3,-0.1969,0.0452,302.9896,0.0,0.0004,302.9896,,,,,,,,,,,,0.0,0.0,0.0,0.0,0
0.32,-0.1969,0.0452,302.9896,0.0,0.0004,302.9896,,,,,,,,,,,,0.0,0.0,0.0,0.0,0
0.34,-0.1969,0.0452,302.9896,0.0,0.0004,302.9896,,,,,,,,,,,,0.0,0.0,0.0,0.0,0
0.36,-0.1969,0.0452,302.9896,0.0,0.0004,302.9896,,,,,,,,,,,,0.0,0.0,0.0,0.0,0
0.38,-0.1969,0.0452,302.9896,0.0,0.0004,302.9896,,,,,,,,,,,,0.0,0.0,0.0,0.0,0
0.4,-0.1967,0.0518,302.9945,0.0,0.0004,302.9945,,,,,,,,,,,,0.0,0.0,0.0,0.0,0
0.42,-0.1967,0.0518,302.9945,0.0,0.0004,302.9945,,,,,,,,,,,,0.0,0.0,0.0,0.0,0
0.44,-0.1967,0.0518,302.9945,0.0,0.0004,302.9945,,,,,,,,,,,,0.0,0.0,0.0,0.0,0
0.46,-0.1967,0.0518,302.9945,0.0,0.0004,302.9945,,,,,,,,,,,,0.0,0.0,0.0,0.0,0
0.48,-0.1967,0.0518,302.9945,0.0,0.0004,302.9945,,,,,,,,,,,,0.0,0.0,0.0,0.0,0
0.5,-0.1935,0.0506,303.0003,0.0,0.0004,303.0003,,,,,,,,,,,,0.0,0.0,0.0,0.0,0
0.52,-0.1935,0.0506,303.0003,0.0,0.0004,303.0003,,,,,,,,,,,,0.0,0.0,0.0,0.0,0
0.54,-0.1935,0.0506,303.0003,0.0,0.0004,303.0003,,,,,,,,,,,,0.0,0.0,0.0,0.0,0
0.56,-0.1935,0.0506,303.0003,0.0,0.0004,303.0003,,,,,,,,,,,,0.0,0.0,0.0,0.0,0
0.58,-0.1935,0.0506,303.0003,0.0,0.0004,303.0003,,,,,,,,,,,,0.0,0.0,0.0,0.0,0
0.6,-0.1902,0.0509,303.0114,0.0,0.0004,303.0114,,,,,,,,,,,,0.0,0.0,0.0,0.0,0
0.62,-0.1902,0.0509,303.0114,0.0,0.0004,303.0114,,,,,,,,,,,,0.0,0.0,0.0,0.0,0
0.64,-0.1902,0.0509,303.0114,0.0,0.0004,303.0114,,,,,,,,,,,,0.0,0.0,0.0,0.0,0
0.66,-0.1902,0.0509,303.0114,0.0,0.0004,303.0114,,,,,,,,,,,,0.0,0.0,0.0,0.0,0
0.68,-0.1902,0.0509,303.0114,0.0,0.0004,303.0114,,,,,,,,,,,,0.0,0.0,0.0,0.0,0
0.7,-0.1851,0.0501,303.0121,0.0,0.0004,303.0121,,,,,,,,,,,,0.0,0.0,0.0,0.0,0
0.72,-0.1851,0.0501,303.0121,0.0,0.0004,303.0121,,,,,,,,,,,,0.0,0.0,0.0,0.0,0
0.74,-0.1851,0.0501,303.0121,0.0,0.0004,303.0121,,,,,,,,,,,,0.0,0.0,0.0,0.0,0
0.76,-0.1851,0.0501,303.0121,0.0,0.0004,303.0121,,,,,,,,,,,,0.0,0.0,0.0,0.0,0
0.78,-0.1851,0.0501,303.0121,0.0,0.0004,303.0121,,,,,,,,,,,,0.0,0.0,0.0,0.0,0
0.8,-0.1839,0.0559,303.0167,0.0,0.0004,303.0167,,,,,,,,,,,,0.0,0.0,0.0,0.0,0
0.82,-0.1839,0.0559,303.0167,0.0,0.0004,303.0167,,,,,,,,,,,,0.0,0.0,0.0,0.0,0
0.84,-0.1839,0.0559,303.0167,0.0,0.0004,303.0167,,,,,,,,,,,,0.0,0.0,0.0,0.0,0
0.86,-0.1839,0.0559,303.0167,0.0,0.0004,303.0167,,,,,,,,,,,,0.0,0.0,0.0,0.0,0
0.88,-0.1839,0.0559,303.0167,0.0,0.0004,303.0167,,,,,,,,,,,,0.0,0.0,0.0,0.0,0
0.9,-0.185,0.06,303.0162,0.0,0.0004,303.0162,,,,,,,,,,,,0.0,0.0,0.0,0.0,0
0.92,-0.185,0.06,303.0162,0.0,0.0004,303.0162,,,,,,,,,,,,0.0,0.0,0.0,0.0,0
0.94,-0.185,0.06,303.0162,0.0,0.0004,303.0162,,,,,,,,,,,,0.0,0.0,0.0,0.0,0
0.96,-0.185,0.06,303.0162,0.0,0.0004,303.0162,,,,,,,,,,,,0.0,0.0,0.0,0.0,0
0.98,-0.185,0.06,303.0162,0.0,0.0004,303.0162,,,,,,,,,,,,0.0,0.0,0.0,0.0,0
1.0,-0.1857,0.0645,303.0255,0.0,0.0004,303.0255,,,,,,,,,,,,0.0,0.0,0.0,0.0,0
1.02,-0.1857,0.0645,303.0255,0.0,0.0004,303.0255,,,,,,,,,,,,0.0,0.0,0.0,0.0,0
1.04,-0.1857,0.0645,303.0255,0.0,0.0004,303.0255,,,,,,,,,,,,0.0,0.0,0.0,0.0,0
1.06,-0.1857,0.0645,303.0255,0.0,0.0004,303.0255,,,,,,,,,,,,0.0,0.0,0.0,0.0,0
1.08,-0.1857,0.0645,303.0255,0.0,0.0004,303.0255,,,,,,,,,,,,0.0,0.0,0.0,0.0,0
1.1,-0.1846,0.0629,303.0279,0.0,0.0004,303.0279,,,,,,,,,,,,0.0,0.0,0.0,0.0,0
1.12,-0.1846,0.0629,303.0279,0.0,0.0004,303.0279,,,,,,,,,,,,0.0,0.0,0.0,0.0,0
1.14,-0.1846,0.0629,303.0279,0.0,0.0004,303.0279,,,,,,,,,,,,0.0,0.0,0.0,0.0,0
1.16,-0.1846,0.0629,303.0279,0.0,0.0004,303.0279,,,,,,,,,,,,0.0,0.0,0.0,0.0,0
1.18,-0.1846,0.0629,303.0279,0.0,0.0004,303.0279,,,,,,,,,,,,0.0,0.0,0.0,0.0,0
1.2,-0.184,0.0661,303.0393,0.0,0.0004,303.0393,,,,,,,,,,,,0.0,0.0,0.0,0.0,0
1.22,-0.184,0.0661,303.0393,0.0,0.0004,303.0393,,,,,,,,,,,,0.0,0.0,0.0,0.0,0
1.24,-0.184,0.0661,303.0393,0.0,0.0004,303.0393,,,,,,,,,,,,0.0,0.0,0.0,0.0,0
1.26,-0.184,0.0661,303.0393,0.0,0.0004,303.0393,,,,,,,,,,,,0.0,0.0,0.0,0.0,0
1.28,-0.184,0.0661,303.0393,0.0,0.0004,303.0393,,,,,,,,,,,,0.0,0.0,0.0,0.0,0
1.3,-0.1901,0.0726,303.0418,0.0,0.0004,303.0418,,,,,,,,,,,,0.0,0.0,0.0,0.0,0
1.32,-0.1901,0.0726,303.0418,0.0,0.0004,303.0418,,,,,,,,,,,,0.0,0.0,0.0,0.0,0
1.34,-0.1901,0.0726,303.0418,0.0,0.0004,303.0418,,,,,,,,,,,,0.0,0.0,0.0,0.0,0
1.36,-0.1901,0.0726,303.0418,0.0,0.0004,303.0418,,,,,,,,,,,,0.0,0.0,0.0,0.0,0
1.38,-0.1901,0.0726,303.0418,0.0,0.0004,303.0418,,,,,,,,,,,,0.0,0.0,0.0,0.0,0
1.4,-0.1862,0.0744,303.0529,0.0,0.0004,303.0529,,,,,,,,,,,,0.0,0.0,0.0,0.0,0
1.42,-0.1862,0.0744,303.0529,0.0,0.0004,303.0529,,,,,,,,,,,,0.0,0.0,0.0,0.0,0
1.44,-0.1862,0.0744,303.0529,0.0,0.0004,303.0529,,,,,,,,,,,,0.0,0.0,0.0,0.0,0
1.46,-0.1862,0.0744,303.0529,0.0,0.0004,303.0529,,,,,,,,,,,,0.0,0.0,0.0,0.0,0
1.48,-0.1862,0.0744,303.0529,0.0,0.0004,303.0529,,,,,,,,,,,,0.0,0.0,0.0,0.0,0
1.5,-0.1809,0.0723,303.0534,0.0,0.0004,303.0534,,,,,,,,,,,,0.0,0.0,0.0,0.0,0
1.52,-0.1809,0.0723,303.0534,0.0,0.0004,303.0534,,,,,,,,,,,,0.0,0.0,0.0,0.0,0
1.54,-0.1809,0.0723,303.0534,0.0,0.0004,303.0534,,,,,,,,,,,,0.0,0.0,0.0,0.0,0
1.56,-0.1809,0.0723,303.0534,0.0,0.0004,303.0534,,,,,,,,,,,,0.0,0.0,0.0,0.0,0
1.58,-0.1809,0.0723,303.0534,0.0,0.0004,303.0534,,,,,,,,,,,,0.0,0.0,0.0,0.0,0
1.6,-0.1832,0.0746,303.0654,0.0,0.0004,303.0654,,,,,,,,,,,,0.0,0.0,0.0,0.0,0
1.62,-0.1832,0.0746,303.0654,0.0,0.0004,303.0654,,,,,,,,,,,,0.0,0.0,0.0,0.0,0
1.64,-0.1832,0.0746,303.0654,0.0,0.0004,303.0654,,,,,,,,,,,,0.0,0.0,0.0,0.0,0
1.66,-0.1832,0.0746,303.0654,0.0,0.0004,303.0654,,,,,,,,,,,,0.0,0.0,0.0,0.0,0
1.68,-0.1832,0.0746,303.0654,0.0,0.0004,303.0654,,,,,,,,,,,,0.0,0.0,0.0,0.0,0
1.7,-0.1863,0.0781,303.071,0.0,0.0004,303.071,,,,,,,,,,,,0.0,0.0,0.0,0.0,0
1.72,-0.1863,0.0781,303.071,0.0,0.0004,303.071,,,,,,,,,,,,0.0,0.0,0.0,0.0,0
1.74,-0.1863,0.0781,303.071,0.0,0.0004,303.071,,,,,,,,,,,,0.0,0.0,0.0,0.0,0
1.76,-0.1863,0.0781,303.071,0.0,0.0004,303.071,,,,,,,,,,,,0.0,0.0,0.0,0.0,0
1.78,-0.1863,0.0781,303.071,0.0,0.0004,303.071,,,,,,,,,,,,0.0,0.0,0.0,0.0,0
1.8,-0.1801,0.0814,303.0881,0.0,0.0004,303.0881,,,,,,,,,,,,0.0,0.0,0.0,0.0,0
1.82,-0.1801,0.0814,303.0881,0.0,0.0004,303.0881,,,,,,,,,,,,0.0,0.0,0.0,0.0,0
1.84,-0.1801,0.0814,303.0881,0.0,0.0004,303.0881,,,,,,,,,,,,0.0,0.0,0.0,0.0,0
1.86,-0.1801,0.0814,303.0881,0.0,0.0004,303.0881,,,,,,,,,,,,0.0,0.0,0.0,0.0,0
1.88,-0.1801,0.0814,303.0881,0.0,0.0004,303.0881,,,,,,,,,,,,0.0,0.0,0.0,0.0,0
1.9,-0.1794,0.0802,303.0922,0.0,0.0004,303.0922,,,,,,,,,,,,0.0,0.0,0.0,0.0,0
1.92,-0.1794,0.0802,303.0922,0.0,0.0004,303.0922,,,,,,,,,,,,0.0,0.0,0.0,0.0,0
1.94,-0.1794,0.0802,303.0922,0.0,0.0004,303.0922,,,,,,,,,,,,0.0,0.0,0.0,0.0,0
1.96,-0.1794,0.0802,303.0922,0.0,0.0004,303.0922,,,,,,,,,,,,0.0,0.0,0.0,0.0,0
1.98,-0.1794,0.0802,303.0922,0.0,0.0004,303.0922,,,,,,,,,,,,0.0,0.0,0.0,0.0,0
2.0,-0.1824,0.0833,303.1039,0.0,0.0004,303.1039,,,,,,,,,,,,0.0,0.0,0.0,0.0,0
2.02,-0.1824,0.0833,303.1039,0.0,0.0004,303.1039,,,,,,,,,,,,0.0,0.0,0.0,0.0,0
2.04,-0.1824,0.0833,303.1039,0.0,0.0004,303.1039,,,,,,,,,,,,0.0,0.0,0.0,0.0,0
2.06,-0.1824,0.0833,303.1039,0.0,0.0004,303.1039,,,,,,,,,,,,0.0,0.0,0.0,0.0,0
2.08,-0.1824,0.0833,303.1039,0.0,0.0004,303.1039,,,,,,,,,,,,0.0,0.0,0.0,0.0,0
2.1,-0.1772,0.0881,303.1109,0.0,0.0004,303.1109,,,,,,,,,,,,0.0,0.0,0.0,0.0,0
2.12,-0.1772,0.0881,303.1109,0.0,0.0004,303.1109,,,,,,,,,,,,0.03,0.03,0.03,0.03,0
2.14,-0.1772,0.0881,303.1109,0.0,0.0004,303.1109,,,,,,,,,,,,0.03,0.03,0.03,0.03,0
2.16,-0.1772,0.0881,303.1109,0.0,0.0004,303.1109,,,,,,,,,,,,0.03,0.03,0.03,0.03,0
2.18,-0.1772,0.0881,303.1109,0.0,0.0004,303.1109,,,,,,,,,,,,0.03,0.03,0.03,0.03,0
2.2,-0.1742,0.0871,303.12,0.0,0.0004,303.12,,,,,,,,,,,,0.03,0.03,0.03,0.03,0
2.22,-0.1742,0.0871,303.12,0.0,0.0004,303.12,,,,,,,,,,,,0.059,0.059,0.059,0.059,0
2.24,-0.1742,0.0871,303.12,0.0,0.0004,303.12,,,,,,,,,,,,0.059,0.059,0.059,0.059,0
2.26,-0.1742,0.0871,303.12,0.0,0.0004,303.12,,,,,,,,,,,,0.059,0.059,0.059,0.059,0
2.28,-0.1742,0.0871,303.12,0.0,0.0004,303.12,,,,,,,,,,,,0.059,0.059,0.059,0.059,0
2.3,-0.175,0.0918,303.122,0.0,0.0004,303.122,,,,,,,,,,,,0.059,0.059,0.059,0.059,0
2.32,-0.175,0.0918,303.122,0.0,0.0004,303.122,,,,,,,,,,,,0.089,0.089,0.089,0.089,0
2.34,-0.175,0.0918,303.122,0.0,0.0004,303.122,,,,,,,,,,,,0.089,0.089,0.089,0.089,0
2.36,-0.175,0.0918,303.122,0.0,0.0004,303.122,,,,,,,,,,,,0.089,0.089,0.089,0.089,0
2.38,-0.175,0.0918,303.122,0.0,0.0004,303.122,,,,,,,,,,,,0.089,0.089,0.089,0.089,0
2.4,-0.1739,0.0948,303.1277,0.0,0.0004,303.1277,,,,,,,,,,,,0.089,0.089,0.089,0.089,0
2.42,-0.1739,0.0948,303.1277,0.0,0.0004,303.1277,,,,,,,,,,,,0.1,0.1,0.1,0.1,0
2.44,-0.1739,0.0948,303.1277,0.0,0.0004,303.1277,,,,,,,,,,,,0.1,0.1,0.1,0.1,0
2.46,-0.1739,0.0948,303.1277,0.0,0.0004,303.1277,,,,,,,,,,,,0.1,0.1,0.1,0.1,0
2.48,-0.1739,0.0948,303.1277,0.0,0.0004,303.1277,,,,,,,,,,,,0.1,0.1,0.1,0.1,0
2.5,-0.1733,0.0959,303.1283,0.0,0.0004,303.1283,,,,,,,,,,,,0.1,0.1,0.1,0.1,0
2.52,-0.1733,0.0959,303.1283,0.0,0.0004,303.1283,,,,,,,,,,,,0.1,0.1,0.1,0.1,0
2.54,-0.1733,0.0959,303.1283,0.0,0.0004,303.1283,,,,,,,,,,,,0.1,0.1,0.1,0.1,0
2.56,-0.1733,0.0959,303.1283,0.0,0.0004,303.1283,,,,,,,,,,,,0.1,0.1,0.1,0.1,0
2.58,-0.1733,0.0959,303.1283,0.0,0.0004,303.1283,,,,,,,,,,,,0.1,0.1,0.1,0.1,0
2.6,-0.173,0.0988,303.135,0.0,0.0004,303.135,,,,,,,,,,,,0.1,0.1,0.1,0.1,0
2.62,-0.173,0.0988,303.135,0.0,0.0004,303.135,,,,,,,,,,,,0.1,0.1,0.1,0.1,0
2.64,-0.173,0.0988,303.135,0.0,0.0004,303.135,,,,,,,,,,,,0.1,0.1,0.1,0.1,0
2.66,-0.173,0.0988,303.135,0.0,0.0004,303.135,,,,,,,,,,,,0.1,0.1,0.1,0.1,0
2.68,-0.173,0.0988,303.135,0.0,0.0004,303.135,,,,,,,,,,,,0.1,0.1,0.1,0.1,0
2.7,-0.1744,0.1045,303.1405,0.0,0.0004,303.1405,,,,,,,,,,,,0.1,0.1,0.1,0.1,0
2.72,-0.1744,0.1045,303.1405,0.0,0.0004,303.1405,,,,,,,,,,,,0.1,0.1,0.1,0.1,0
2.74,-0.1744,0.1045,303.1405,0.0,0.0004,303.1405,,,,,,,,,,,,0.1,0.1,0.1,0.1,0
2.76,-0.1744,0.1045,303.1405,0.0,0.0004,303.1405,,,,,,,,,,,,0.1,0.1,0.1,0.1,0
2.78,-0.1744,0.1045,303.1405,0.0,0.0004,303.1405,,,,,,,,,,,,0.1,0.1,0.1,0.1,0
2.8,-0.173,0.1089,303.1473,0.0,0.0004,303.1473,,,,,,,,,,,,0.1,0.1,0.1,0.1,0
2.82,-0.173,0.1089,303.1473,0.0,0.0004,303.1473,,,,,,,,,,,,0.1,0.1,0.1,0.1,0
2.84,-0.173,0.1089,303.1473,0.0,0.0004,303.1473,,,,,,,,,,,,0.1,0.1,0.1,0.1,0
2.86,-0.173,0.1089,303.1473,0.0,0.0004,303.1473,,,,,,,,,,,,0.1,0.1,0.1,0.1,0
2.88,-0.173,0.1089,303.1473,0.0,0.0004,303.1473,,,,,,,,,,,,0.1,0.1,0.1,0.1,0
2.9,-0.1737,0.1095,303.1518,0.0,0.0004,303.1518,,,,,,,,,,,,0.1,0.1,0.1,0.1,0
2.92,-0.1737,0.1095,303.1518,0.0,0.0004,303.1518,,,,,,,,,,,,0.1,0.1,0.1,0.1,0
2.94,-0.1737,0.1095,303.1518,0.0,0.0004,303.1518,,,,,,,,,,,,0.1,0.1,0.1,0.1,0
2.96,-0.1737,0.1095,303.1518,0.0,0.0004,303.1518,,,,,,,,,,,,0.1,0.1,0.1,0.1,0
2.98,-0.1737,0.1095,303.1518,0.0,0.0004,303.1518,,,,,,,,,,,,0.1,0.1,0.1,0.1,0
3.0,-0.1743,0.1189,303.1581,0.0,0.0004,303.1581,,,,,,,,,,,,0.1,0.1,0.1,0.1,0
3.02,-0.1743,0.1189,303.1581,0.0,0.0004,303.1581,,,,,,,,,,,,0.1,0.1,0.1,0.1,0
3.04,-0.1743,0.1189,303.1581,0.0,0.0004,303.1581,,,,,,,,,,,,0.1,0.1,0.1,0.1,0
3.06,-0.1743,0.1189,303.1581,0.0,0.0004,303.1581,,,,,,,,,,,,0.1,0.1,0.1,0.1,0
3.08,-0.1743,0.1189,303.1581,0.0,0.0004,303.1581,,,,,,,,,,,,0.1,0.1,0.1,0.1,0
3.1,-0.1741,0.1252,303.1561,0.0,0.0004,303.1561,,,,,,,,,,,,0.1,0.1,0.1,0.1,0
3.12,-0.1741,0.1252,303.1561,0.0,0.0004,303.1561,,,,,,,,,,,,0.1,0.1,0.1,0.1,0
3.14,-0.1741,0.1252,303.1561,0.0,0.0004,303.1561,,,,,,,,,,,,0.1,0.1,0.1,0.1,0
3.16,-0.1741,0.1252,303.1561,0.0,0.0004,303.1561,,,,,,,,,,,,0.1,0.1,0.1,0.1,0
3.18,-0.1741,0.1252,303.1561,0.0,0.0004,303.1561,,,,,,,,,,,,0.1,0.1,0.1,0.1,0
3.2,-0.169,0.1299,303.1642,0.0,0.0004,303.1642,,,,,,,,,,,,0.1,0.1,0.1,0.1,0
3.22,-0.169,0.1299,303.1642,0.0,0.0004,303.1642,,,,,,,,,,,,0.1,0.1,0.1,0.1,0
3.24,-0.169,0.1299,303.1642,0.0,0.0004,303.1642,,,,,,,,,,,,0.1,0.1,0.1,0.1,0
3.26,-0.169,0.1299,303.1642,0.0,0.0004,303.1642,,,,,,,,,,,,0.1,0.1,0.1,0.1,0
3.28,-0.169,0.1299,303.1642,0.0,0.0004,303.1642,,,,,,,,,,,,0.1,0.1,0.1,0.1,0
3.3,-0.169,0.1299,303.1642,0.0,0.0004,303.1642,,,,,,,,,,,,0.1,0.1,0.1,0.1,0
3.32,-0.177,0.1439,303.1631,0.0,0.0004,303.1631,,,,,,,,,,,,0.0,0.0,0.0,0.0,0
3.34,-0.177,0.1439,303.1631,0.0,0.0004,303.1631,,,,,,,,,,,,0.0,0.0,0.0,0.0,0
3.36,-0.177,0.1439,303.1631,0.0,0.0004,303.1631,,,,,,,,,,,,0.0,0.0,0.0,0.0,0
3.38,-0.177,0.1439,303.1631,0.0,0.0004,303.1631,,,,,,,,,,,,0.0,0.0,0.0,0.0,0
3.4,-0.1786,0.1336,303.1678,0.0,0.0004,303.1678,,,,,,,,,,,,0.0,0.0,0.0,0.0,0
3.42,-0.1786,0.1336,303.1678,0.0,0.0004,303.1678,,,,,,,,,,,,0.0,0.0,0.0,0.0,0
3.44,-0.1786,0.1336,303.1678,0.0,0.0004,303.1678,,,,,,,,,,,,0.0,0.0,0.0,0.0,0
3.46,-0.1786,0.1336,303.1678,0.0,0.0004,303.1678,,,,,,,,,,,,0.0,0.0,0.0,0.0,0
3.48,-0.1786,0.1336,303.1678,0.0,0.0004,303.1678,,,,,,,,,,,,0.0,0.0,0.0,0.0,0
3.5,-0.1786,0.1336,303.1678,0.0,0.0004,303.1678,,,,,,,,,,,,0.0,0.0,0.0,0.0,0
3.52,-0.1795,0.1123,303.163,0.0,0.0004,303.163,,,,,,,,,,,,0.0,0.0,0.0,0.0,0
3.54,-0.1795,0.1123,303.163,0.0,0.0004,303.163,,,,,,,,,,,,0.0,0.0,0.0,0.0,0
3.56,-0.1795,0.1123,303.163,0.0,0.0004,303.163,,,,,,,,,,,,0.0,0.0,0.0,0.0,0
3.58,-0.1795,0.1123,303.163,0.0,0.0004,303.163,,,,,,,,,,,,0.0,0.0,0.0,0.0,0
3.6,-0.1809,0.0965,303.1727,0.0,0.0004,303.1727,,,,,,,,,,,,0.0,0.0,0.0,0.0,0
3.62,-0.1809,0.0965,303.1727,0.0,0.0004,303.1727,,,,,,,,,,,,0.0,0.0,0.0,0.0,0
3.64,-0.1809,0.0965,303.1727,0.0,0.0004,303.1727,,,,,,,,,,,,0.0,0.0,0.0,0.0,0
3.66,-0.1809,0.0965,303.1727,0.0,0.0004,303.1727,,,,,,,,,,,,0.0,0.0,0.0,0.0,0
3.68,-0.1809,0.0965,303.1727,0.0,0.0004,303.1727,,,,,,,,,,,,0.0,0.0,0.0,0.0,0
3.7,-0.1832,0.0951,303.179,0.0,0.0004,303.179,,,,,,,,,,,,0.0,0.0,0.0,0.0,0
3.72,-0.1832,0.0951,303.179,0.0,0.0004,303.179,,,,,,,,,,,,0.0,0.0,0.0,0.0,0
3.74,-0.1832,0.0951,303.179,0.0,0.0004,303.179,,,,,,,,,,,,0.0,0.0,0.0,0.0,0
3.76,-0.1832,0.0951,303.179,0.0,0.0004,303.179,,,,,,,,,,,,0.0,0.0,0.0,0.0,0
3.78,-0.1832,0.0951,303.179,0.0,0.0004,303.179,,,,,,,,,,,,0.0,0.0,0.0,0.0,0
3.8,-0.1825,0.0939,303.1896,0.0,0.0004,303.1896,,,,,,,,,,,,0.0,0.0,0.0,0.0,0
3.82,-0.1825,0.0939,303.1896,0.0,0.0004,303.1896,,,,,,,,,,,,0.0,0.0,0.0,0.0,0
3.84,-0.1825,0.0939,303.1896,0.0,0.0004,303.1896,,,,,,,,,,,,0.0,0.0,0.0,0.0,0
3.86,-0.1825,0.0939,303.1896,0.0,0.0004,303.1896,,,,,,,,,,,,0.0,0.0,0.0,0.0,0
3.88,-0.1825,0.0939,303.1896,0.0,0.0004,303.1896,,,,,,,,,,,,0.0,0.0,0.0,0.0,0
3.9,-0.1846,0.0943,303.1924,0.0,0.0004,303.1924,,,,,,,,,,,,0.0,0.0,0.0,0.0,0
3.92,-0.1846,0.0943,303.1924,0.0,0.0004,303.1924,,,,,,,,,,,,0.0,0.0,0.0,0.0,0
3.94,-0.1846,0.0943,303.1924,0.0,0.0004,303.1924,,,,,,,,,,,,0.0,0.0,0.0,0.0,0
3.96,-0.1846,0.0943,303.1924,0.0,0.0004,303.1924,,,,,,,,,,,,0.0,0.0,0.0,0.0,0
3.98,-0.1846,0.0943,303.1924,0.0,0.0004,303.1924,,,,,,,,,,,,0.0,0.0,0.0,0.0,0
4.0,-0.1842,0.1024,303.1928,0.0,0.0004,303.1928,,,,,,,,,,,,0.0,0.0,0.0,0.0,0
4.02,-0.1842,0.1024,303.1928,0.0,0.0004,303.1928,,,,,,,,,,,,0.0,0.0,0.0,0.0,0
4.04,-0.1842,0.1024,303.1928,0.0,0.0004,303.1928,,,,,,,,,,,,0.0,0.0,0.0,0.0,0
4.06,-0.1842,0.1024,303.1928,0.0,0.0004,303.1928,,,,,,,,,,,,0.0,0.0,0.0,0.0,0
4.08,-0.1842,0.1024,303.1928,0.0,0.0004,303.1928,,,,,,,,,,,,0.0,0.0,0.0,0.0,0
4.1,-0.1869,0.1085,303.1888,0.0,0.0004,303.1888,,,,,,,,,,,,0.0,0.0,0.0,0.0,0
4.12,-0.1869,0.1085,303.1888,0.0,0.0004,303.1888,,,,,,,,,,,,0.0,0.0,0.0,0.0,0
4.14,-0.1869,0.1085,303.1888,0.0,0.0004,303.1888,,,,,,,,,,,,0.0,0.0,0.0,0.0,0
4.16,-0.1869,0.1085,303.1888,0.0,0.0004,303.1888,,,,,,,,,,,,0.0,0.0,0.0,0.0,0
4.18,-0.1869,0.1085,303.1888,0.0,0.0004,303.1888,,,,,,,,,,,,0.0,0.0,0.0,0.0,0
4.2,-0.1847,0.1114,303.191,0.0,0.0004,303.191,,,,,,,,,,,,0.0,0.0,0.0,0.0,0
4.22,-0.1847,0.1114,303.191,0.0,0.0004,303.191,,,,,,,,,,,,0.0,0.0,0.0,0.0,0
4.24,-0.1847,0.1114,303.191,0.0,0.0004,303.191,,,,,,,,,,,,0.0,0.0,0.0,0.0,0
4.26,-0.1847,0.1114,303.191,0.0,0.0004,303.191,,,,,,,,,,,,0.0,0.0,0.0,0.0,0
4.28,-0.1847,0.1114,303.191,0.0,0.0004,303.191,,,,,,,,,,,,0.0,0.0,0.0,0.0,0
4.3,-0.187,0.1155,303.1914,0.0,0.0004,303.1914,,,,,,,,,,,,0.0,0.0,0.0,0.0,0
4.32,-0.187,0.1155,303.1914,0.0,0.0004,303.1914,,,,,,,,,,,,0.0,0.0,0.0,0.0,0
4.34,-0.187,0.1155,303.1914,0.0,0.0004,303.1914,,,,,,,,,,,,0.0,0.0,0.0,0.0,0
4.36,-0.187,0.1155,303.1914,0.0,0.0004,303.1914,,,,,,,,,,,,0.0,0.0,0.0,0.0,0
4.38,-0.187,0.1155,303.1914,0.0,0.0004,303.1914,,,,,,,,,,,,0.0,0.0,0.0,0.0,0
4.4,-0.1904,0.1132,303.1953,0.0,0.0004,303.1953,,,,,,,,,,,,0.0,0.0,0.0,0.0,0
4.42,-0.1904,0.1132,303.1953,0.0,0.0004,303.1953,,,,,,,,,,,,0.0,0.0,0.0,0.0,0
4.44,-0.1904,0.1132,303.1953,0.0,0.0004,303.1953,,,,,,,,,,,,0.0,0.0,0.0,0.0,0
4.46,-0.1904,0.1132,303.1953,0.0,0.0004,303.1953,,,,,,,,,,,,0.0,0.0,0.0,0.0,0
4.48,-0.1904,0.1132,303.1953,0.0,0.0004,303.1953,,,,,,,,,,,,0.0,0.0,0.0,0.0,0
4.5,-0.1926,0.1164,303.1972,0.0,0.0004,303.1971,,,,,,,,,,,,0.0,0.0,0.0,0.0,0
4.52,-0.1926,0.1164,303.1972,0.0,0.0004,303.1971,,,,,,,,,,,,0.0,0.0,0.0,0.0,0
4.54,-0.1926,0.1164,303.1972,0.0,0.0004,303.1971,,,,,,,,,,,,0.0,0.0,0.0,0.0,0
4.56,-0.1926,0.1164,303.1972,0.0,0.0004,303.1971,,,,,,,,,,,,0.0,0.0,0.0,0.0,0
4.58,-0.1926,0.1164,303.1972,0.0,0.0004,303.1971,,,,,,,,,,,,0.0,0.0,0.0,0.0,0
4.6,-0.1887,0.1235,303.1952,0.0,0.0004,303.1952,,,,,,,,,,,,0.0,0.0,0.0,0.0,0
4.62,-0.1887,0.1235,303.1952,0.0,0.0004,303.1952,,,,,,,,,,,,0.0,0.0,0.0,0.0,0
4.64,-0.1887,0.1235,303.1952,0.0,0.0004,303.1952,,,,,,,,,,,,0.0,0.0,0.0,0.0,0
4.66,-0.1887,0.1235,303.1952,0.0,0.0004,303.1952,,,,,,,,,,,,0.0,0.0,0.0,0.0,0
4.68,-0.1887,0.1235,303.1952,0.0,0.0004,303.1952,,,,,,,,,,,,0.0,0.0,0.0,0.0,0
4.7,-0.1881,0.1257,303.1976,0.0,0.0004,303.1976,,,,,,,,,,,,0.0,0.0,0.0,0.0,0
4.72,-0.1881,0.1257,303.1976,0.0,0.0004,303.1976,,,,,,,,,,,,0.0,0.0,0.0,0.0,0
4.74,-0.1881,0.1257,303.1976,0.0,0.0004,303.1976,,,,,,,,,,,,0.0,0.0,0.0,0.0,0
4.76,-0.1881,0.1257,303.1976,0.0,0.0004,303.1976,,,,,,,,,,,,0.0,0.0,0.0,0.0,0
4.78,-0.1881,0.1257,303.1976,0.0,0.0004,303.1976,,,,,,,,,,,,0.0,0.0,0.0,0.0,0
4.8,-0.194,0.1278,303.1964,0.0,0.0004,303.1964,,,,,,,,,,,,0.0,0.0,0.0,0.0,0
4.82,-0.194,0.1278,303.1964,0.0,0.0004,303.1964,,,,,,,,,,,,0.0,0.0,0.0,0.0,0
4.84,-0.194,0.1278,303.1964,0.0,0.0004,303.1964,,,,,,,,,,,,0.0,0.0,0.0,0.0,0
4.86,-0.194,0.1278,303.1964,0.0,0.0004,303.1964,,,,,,,,,,,,0.0,0.0,0.0,0.0,0
4.88,-0.194,0.1278,303.1964,0.0,0.0004,303.1964,,,,,,,,,,,,0.0,0.0,0.0,0.0,0
4.9,-0.1891,0.1274,303.1994,0.0,0.0004,303.1994,,,,,,,,,,,,0.0,0.0,0.0,0.0,0
4.92,-0.1891,0.1274,303.1994,0.0,0.0004,303.1994,,,,,,,,,,,,0.0,0.0,0.0,0.0,0
4.94,-0.1891,0.1274,303.1994,0.0,0.0004,303.1994,,,,,,,,,,,,0.0,0.0,0.0,0.0,0
4.96,-0.1891,0.1274,303.1994,0.0,0.0004,303.1994,,,,,,,,,,,,0.0,0.0,0.0,0.0,0
4.98,-0.1891,0.1274,303.1994,0.0,0.0004,303.1994,,,,,,,,,,,,0.0,0.0,0.0,0.0,0
5.0,-0.1882,0.1334,303.1986,0.0,0.0004,303.1986,,,,,,,,,,,,0.0,0.0,0.0,0.0,0
5.02,-0.1882,0.1334,303.1986,0.0,0.0004,303.1986,,,,,,,,,,,,0.0,0.0,0.0,0.0,0
5.04,-0.1882,0.1334,303.1986,0.0,0.0004,303.1986,,,,,,,,,,,,0.0,0.0,0.0,0.0,0
5.06,-0.1882,0.1334,303.1986,0.0,0.0004,303.1986,,,,,,,,,,,,0.0,0.0,0.0,0.0,0
5.08,-0.1882,0.1334,303.1986,0.0,0.0004,303.1986,,,,,,,,,,,,0.0,0.0,0.0,0.0,0
5.1,-0.1892,0.1422,303.1945,0.0,0.0004,303.1945,,,,,,,,,,,,0.0,0.0,0.0,0.0,0
5.12,-0.1892,0.1422,303.1945,0.0,0.0004,303.1945,,,,,,,,,,,,0.0,0.0,0.0,0.0,0
5.14,-0.1892,0.1422,303.1945,0.0,0.0004,303.1945,,,,,,,,,,,,0.0,0.0,0.0,0.0,0
5.16,-0.1892,0.1422,303.1945,0.0,0.0004,303.1945,,,,,,,,,,,,0.0,0.0,0.0,0.0,0
5.18,-0.1892,0.1422,303.1945,0.0,0.0004,303.1945,,,,,,,,,,,,0.0,0.0,0.0,0.0,0
5.2,-0.1902,0.1518,303.1965,0.0,0.0004,303.1965,,,,,,,,,,,,0.0,0.0,0.0,0.0,0
5.22,-0.1902,0.1518,303.1965,0.0,0.0004,303.1965,,,,,,,,,,,,0.0,0.0,0.0,0.0,0
5.24,-0.1902,0.1518,303.1965,0.0,0.0004,303.1965,,,,,,,,,,,,0.0,0.0,0.0,0.0,0
5.26,-0.1902,0.1518,303.1965,0.0,0.0004,303.1965,,,,,,,,,,,,0.0,0.0,0.0,0.0,0
5.28,-0.1902,0.1518,303.1965,0.0,0.0004,303.1965,,,,,,,,,,,,0.0,0.0,0.0,0.0,0
5.3,-0.1846,0.1534,303.1981,0.0,0.0004,303.1981,,,,,,,,,,,,0.0,0.0,0.0,0.0,0
5.32,-0.1846,0.1534,303.1981,0.0,0.0004,303.1981,,,,,,,,,,,,0.0,0.0,0.0,0.0,0
5.34,-0.1846,0.1534,303.1981,0.0,0.0004,303.1981,,,,,,,,,,,,0.0,0.0,0.0,0.0,0
5.36,-0.1846,0.1534,303.1981,0.0,0.0004,303.1981,,,,,,,,,,,,0.0,0.0,0.0,0.0,0
5.38,-0.1846,0.1534,303.1981,0.0,0.0004,303.1981,,,,,,,,,,,,0.0,0.0,0.0,0.0,0
5.4,-0.1883,0.1519,303.1993,0.0,0.0004,303.1993,,,,,,,,,,,,0.0,0.0,0.0,0.0,0
5.42,-0.1883,0.1519,303.1993,0.0,0.0004,303.1993,,,,,,,,,,,,0.0,0.0,0.0,0.0,0
5.44,-0.1883,0.1519,303.1993,0.0,0.0004,303.1993,,,,,,,,,,,,0.0,0.0,0.0,0.0,0
5.46,-0.1883,0.1519,303.1993,0.0,0.0004,303.1993,,,,,,,,,,,,0.0,0.0,0.0,0.0,0
5.48,-0.1883,0.1519,303.1993,0.0,0.0004,303.1993,,,,,,,,,,,,0.0,0.0,0.0,0.0,0
5.5,-0.1882,0.1518,303.1991,0.0,0.0004,303.1991,,,,,,,,,,,,0.0,0.0,0.0,0.0,0
5.52,-0.1882,0.1518,303.1991,0.0,0.0004,303.1991,,,,,,,,,,,,0.0,0.0,0.0,0.0,0
5.54,-0.1882,0.1518,303.1991,0.0,0.0004,303.1991,,,,,,,,,,,,0.0,0.0,0.0,0.0,0
5.56,-0.1882,0.1518,303.1991,0.0,0.0004,303.1991,,,,,,,,,,,,0.0,0.0,0.0,0.0,0
5.58,-0.1882,0.1518,303.1991,0.0,0.0004,303.1991,,,,,,,,,,,,0.0,0.0,0.0,0.0,0
5.6,-0.1827,0.1548,303.2014,0.0,0.0004,303.2014,,,,,,,,,,,,0.0,0.0,0.0,0.0,0
5.62,-0.1827,0.1548,303.2014,0.0,0.0004,303.2014,,,,,,,,,,,,0.0,0.0,0.0,0.0,0
5.64,-0.1827,0.1548,303.2014,0.0,0.0004,303.2014,,,,,,,,,,,,0.0,0.0,0.0,0.0,0
5.66,-0.1827,0.1548,303.2014,0.0,0.0004,303.2014,,,,,,,,,,,,0.0,0.0,0.0,0.0,0
5.68,-0.1827,0.1548,303.2014,0.0,0.0004,303.2014,,,,,,,,,,,,0.0,0.0,0.0,0.0,0
5.7,-0.1837,0.1606,303.1974,0.0,0.0004,303.1974,,,,,,,,,,,,0.0,0.0,0.0,0.0,0
5.72,-0.1837,0.1606,303.1974,0.0,0.0004,303.1974,,,,,,,,,,,,0.0,0.0,0.0,0.0,0
5.74,-0.1837,0.1606,303.1974,0.0,0.0004,303.1974,,,,,,,,,,,,0.0,0.0,0.0,0.0,0
5.76,-0.1837,0.1606,303.1974,0.0,0.0004,303.1974,,,,,,,,,,,,0.0,0.0,0.0,0.0,0
5.78,-0.1837,0.1606,303.1974,0.0,0.0004,303.1974,,,,,,,,,,,,0.0,0.0,0.0,0.0,0
5.8,-0.1923,0.1671,303.1988,0.0,0.0004,303.1988,,,,,,,,,,,,0.0,0.0,0.0,0.0,0
5.82,-0.1923,0.1671,303.1988,0.0,0.0004,303.1988,,,,,,,,,,,,0.0,0.0,0.0,0.0,0
5.84,-0.1923,0.1671,303.1988,0.0,0.0004,303.1988,,,,,,,,,,,,0.0,0.0,0.0,0.0,0
5.86,-0.1923,0.1671,303.1988,0.0,0.0004,303.1988,,,,,,,,,,,,0.0,0.0,0.0,0.0,0
5.88,-0.1923,0.1671,303.1988,0.0,0.0004,303.1988,,,,,,,,,,,,0.0,0.0,0.0,0.0,0
5.9,-0.1918,0.1666,303.1967,0.0,0.0004,303.1967,,,,,,,,,,,,0.0,0.0,0.0,0.0,0
5.92,-0.1918,0.1666,303.1967,0.0,0.0004,303.1967,,,,,,,,,,,,0.0,0.0,0.0,0.0,0
5.94,-0.1918,0.1666,303.1967,0.0,0.0004,303.1967,,,,,,,,,,,,0.0,0.0,0.0,0.0,0
5.96,-0.1918,0.1666,303.1967,0.0,0.0004,303.1967,,,,,,,,,,,,0.0,0.0,0.0,0.0,0
5.98,-0.1918,0.1666,303.1967,0.0,0.0004,303.1967,,,,,,,,,,,,0.0,0.0,0.0,0.0,0
6.0,-0.1926,0.166,303.1909,0.0,0.0004,303.191,,,,,,,,,,,,0.0,0.0,0.0,0.0,0
6.02,-0.1926,0.166,303.1909,0.0,0.0004,303.191,,,,,,,,,,,,0.0,0.0,0.0,0.0,0
6.04,-0.1926,0.166,303.1909,0.0,0.0004,303.191,,,,,,,,,,,,0.0,0.0,0.0,0.0,0
6.06,-0.1926,0.166,303.1909,0.0,0.0004,303.191,,,,,,,,,,,,0.0,0.0,0.0,0.0,0
6.08,-0.1926,0.166,303.1909,0.0,0.0004,303.191,,,,,,,,,,,,0.0,0.0,0.0,0.0,0
6.1,-0.1939,0.1685,303.1969,0.0,0.0004,303.1969,,,,,,,,,,,,0.0,0.0,0.0,0.0,0
6.12,-0.1939,0.1685,303.1969,0.0,0.0004,303.1969,,,,,,,,,,,,0.0,0.0,0.0,0.0,0
6.14,-0.1939,0.1685,303.1969,0.0,0.0004,303.1969,,,,,,,,,,,,0.0,0.0,0.0,0.0,0
6.16,-0.1939,0.1685,303.1969,0.0,0.0004,303.1969,,,,,,,,,,,,0.0,0.0,0.0,0.0,0
6.18,-0.1939,0.1685,303.1969,0.0,0.0004,303.1969,,,,,,,,,,,,0.0,0.0,0.0,0.0,0
6.2,-0.2089,0.1904,303.1902,0.0,0.0004,303.1902,,,,,,,,,,,,0.0,0.0,0.0,0.0,0
6.22,-0.2089,0.1904,303.1902,0.0,0.0004,303.1902,,,,,,,,,,,,0.0,0.0,0.0,0.0,0
6.24,-0.2089,0.1904,303.1902,0.0,0.0004,303.1902,,,,,,,,,,,,0.0,0.0,0.0,0.0,0
6.26,-0.2089,0.1904,303.1902,0.0,0.0004,303.1902,,,,,,,,,,,,0.0,0.0,0.0,0.0,0
6.28,-0.2089,0.1904,303.1902,0.0,0.0004,303.1902,,,,,,,,,,,,0.0,0.0,0.0,0.0,0
6.3,-0.2089,0.1904,303.1902,0.0,0.0004,303.1902,,,,,,,,,,,,0.0,0.0,0.0,0.0,0
6.32,-0.2113,0.1853,303.1921,0.0,0.0004,303.1921,,,,,,,,,,,,0.0,0.0,0.0,0.0,0
6.34,-0.2113,0.1853,303.1921,0.0,0.0004,303.1921,,,,,,,,,,,,0.0,0.0,0.0,0.0,0
6.36,-0.2113,0.1853,303.1921,0.0,0.0004,303.1921,,,,,,,,,,,,0.0,0.0,0.0,0.0,0
6.38,-0.2113,0.1853,303.1921,0.0,0.0004,303.1921,,,,,,,,,,,,0.0,0.0,0.0,0.0,0
6.4,-0.2107,0.1697,303.1805,0.0,0.0004,303.1805,,,,,,,,,,,,0.0,0.0,0.0,0.0,0
6.42,-0.2107,0.1697,303.1805,0.0,0.0004,303.1805,,,,,,,,,,,,0.0,0.0,0.0,0.0,0
6.44,-0.2107,0.1697,303.1805,0.0,0.0004,303.1805,,,,,,,,,,,,0.0,0.0,0.0,0.0,0
6.46,-0.2107,0.1697,303.1805,0.0,0.0004,303.1805,,,,,,,,,,,,0.0,0.0,0.0,0.0,0
6.48,-0.2107,0.1697,303.1805,0.0,0.0004,303.1805,,,,,,,,,,,,0.0,0.0,0.0,0.0,0
6.5,-0.2035,0.1542,303.1921,0.0,0.0004,303.1921,,,,,,,,,,,,0.0,0.0,0.0,0.0,0
6.52,-0.2035,0.1542,303.1921,0.0,0.0004,303.1921,,,,,,,,,,,,0.0,0.0,0.0,0.0,0
6.54,-0.2035,0.1542,303.1921,0.0,0.0004,303.1921,,,,,,,,,,,,0.0,0.0,0.0,0.0,0
6.56,-0.2035,0.1542,303.1921,0.0,0.0004,303.1921,,,,,,,,,,,,0.0,0.0,0.0,0.0,0
6.58,-0.2035,0.1542,303.1921,0.0,0.0004,303.1921,,,,,,,,,,,,0.0,0.0,0.0,0.0,0
6.6,-0.1946,0.1409,303.1801,0.0,0.0004,303.1801,,,,,,,,,,,,0.0,0.0,0.0,0.0,0
6.62,-0.1946,0.1409,303.1801,0.0,0.0004,303.1801,,,,,,,,,,,,0.0,0.0,0.0,0.0,0
6.64,-0.1946,0.1409,303.1801,0.0,0.0004,303.1801,,,,,,,,,,,,0.0,0.0,0.0,0.0,0
6.66,-0.1946,0.1409,303.1801,0.0,0.0004,303.1801,,,,,,,,,,,,0.0,0.0,0.0,0.0,0
6.68,-0.1946,0.1409,303.1801,0.0,0.0004,303.1801,,,,,,,,,,,,0.0,0.0,0.0,0.0,0
6.7,-0.1807,0.1238,303.188,0.0,0.0004,303.188,,,,,,,,,,,,0.0,0.0,0.0,0.0,0
6.72,-0.1807,0.1238,303.188,0.0,0.0004,303.188,,,,,,,,,,,,0.0,0.0,0.0,0.0,0
6.74,-0.1807,0.1238,303.188,0.0,0.0004,303.188,,,,,,,,,,,,0.0,0.0,0.0,0.0,0
6.76,-0.1807,0.1238,303.188,0.0,0.0004,303.188,,,,,,,,,,,,0.0,0.0,0.0,0.0,0
6.78,-0.1807,0.1238,303.188,0.0,0.0004,303.188,,,,,,,,,,,,0.0,0.0,0.0,0.0,0
6.8,-0.1802,0.1151,303.1759,0.0,0.0004,303.1759,,,,,,,,,,,,0.0,0.0,0.0,0.0,0
6.82,-0.1802,0.1151,303.1759,0.0,0.0004,303.1759,,,,,,,,,,,,0.0,0.0,0.0,0.0,0
6.84,-0.1802,0.1151,303.1759,0.0,0.0004,303.1759,,,,,,,,,,,,0.0,0.0,0.0,0.0,0
6.86,-0.1802,0.1151,303.1759,0.0,0.0004,303.1759,,,,,,,,,,,,0.0,0.0,0.0,0.0,0
6.88,-0.1802,0.1151,303.1759,0.0,0.0004,303.1759,,,,,,,,,,,,0.0,0.0,0.0,0.0,0
6.9,-0.1752,0.1043,303.1813,0.0,0.0004,303.1813,,,,,,,,,,,,0.0,0.0,0.0,0.0,0
6.92,-0.1752,0.1043,303.1813,0.0,0.0004,303.1813,,,,,,,,,,,,0.0,0.0,0.0,0.0,0
6.94,-0.1752,0.1043,303.1813,0.0,0.0004,303.1813,,,,,,,,,,,,0.0,0.0,0.0,0.0,0
6.96,-0.1752,0.1043,303.1813,0.0,0.0004,303.1813,,,,,,,,,,,,0.0,0.0,0.0,0.0,0
6.98,-0.1752,0.1043,303.1813,0.0,0.0004,303.1813,,,,,,,,,,,,0.0,0.0,0.0,0.0,0
7.0,-0.1735,0.0935,303.1727,0.0,0.0004,303.1727,,,,,,,,,,,,0.0,0.0,0.0,0.0,0
7.02,-0.1735,0.0935,303.1727,0.0,0.0004,303.1727,,,,,,,,,,,,0.0,0.0,0.0,0.0,0
7.04,-0.1735,0.0935,303.1727,0.0,0.0004,303.1727,,,,,,,,,,,,0.0,0.0,0.0,0.0,0
7.06,-0.1735,0.0935,303.1727,0.0,0.0004,303.1727,,,,,,,,,,,,0.0,0.0,0.0,0.0,0
7.08,-0.1735,0.0935,303.1727,0.0,0.0004,303.1727,,,,,,,,,,,,0.0,0.0,0.0,0.0,0
7.1,-0.1764,0.0891,303.1735,0.0,0.0004,303.1735,,,,,,,,,,,,0.0,0.0,0.0,0.0,0
7.12,-0.1764,0.0891,303.1735,0.0,0.0004,303.1735,,,,,,,,,,,,0.0,0.0,0.0,0.0,0
7.14,-0.1764,0.0891,303.1735,0.0,0.0004,303.1735,,,,,,,,,,,,0.0,0.0,0.0,0.0,0
7.16,-0.1764,0.0891,303.1735,0.0,0.0004,303.1735,,,,,,,,,,,,0.0,0.0,0.0,0.0,0
7.18,-0.1764,0.0891,303.1735,0.0,0.0004,303.1735,,,,,,,,,,,,0.0,0.0,0.0,0.0,0
7.2,-0.1806,0.0907,303.166,0.0,0.0004,303.166,,,,,,,,,,,,0.0,0.0,0.0,0.0,0
7.22,-0.1806,0.0907,303.166,0.0,0.0004,303.166,,,,,,,,,,,,0.0,0.0,0.0,0.0,0
7.24,-0.1806,0.0907,303.166,0.0,0.0004,303.166,,,,,,,,,,,,0.0,0.0,0.0,0.0,0
7.26,-0.1806,0.0907,303.166,0.0,0.0004,303.166,,,,,,,,,,,,0.0,0.0,0.0,0.0,0
7.28,-0.1806,0.0907,303.166,0.0,0.0004,303.166,,,,,,,,,,,,0.0,0.0,0.0,0.0,0
7.3,-0.1832,0.0828,303.17,0.0,0.0004,303.17,,,,,,,,,,,,0.0,0.0,0.0,0.0,0
7.32,-0.1832,0.0828,303.17,0.0,0.0004,303.17,,,,,,,,,,,,0.0,0.0,0.0,0.0,0
7.34,-0.1832,0.0828,303.17,0.0,0.0004,303.17,,,,,,,,,,,,0.0,0.0,0.0,0.0,0
7.36,-0.1832,0.0828,303.17,0.0,0.0004,303.17,,,,,,,,,,,,0.0,0.0,0.0,0.0,0
7.38,-0.1832,0.0828,303.17,0.0,0.0004,303.17,,,,,,,,,,,,0.0,0.0,0.0,0.0,0
7.4,-0.1882,0.0695,303.1671,0.0,0.0004,303.1671,,,,,,,,,,,,0.0,0.0,0.0,0.0,0
7.42,-0.1882,0.0695,303.1671,0.0,0.0004,303.1671,,,,,,,,,,,,0.0,0.0,0.0,0.0,0
7.44,-0.1882,0.0695,303.1671,0.0,0.0004,303.1671,,,,,,,,,,,,0.0,0.0,0.0,0.0,0
7.46,-0.1882,0.0695,303.1671,0.0,0.0004,303.1671,,,,,,,,,,,,0.0,0.0,0.0,0.0,0
7.48,-0.1882,0.0695,303.1671,0.0,0.0004,303.1671,,,,,,,,,,,,0.0,0.0,0.0,0.0,0
7.5,-0.1895,0.0577,303.1662,0.0,0.0004,303.1662,,,,,,,,,,,,0.0,0.0,0.0,0.0,0
7.52,-0.1895,0.0577,303.1662,0.0,0.0004,303.1662,,,,,,,,,,,,0.0,0.0,0.0,0.0,0
7.54,-0.1895,0.0577,303.1662,0.0,0.0004,303.1662,,,,,,,,,,,,0.0,0.0,0.0,0.0,0
7.56,-0.1895,0.0577,303.1662,0.0,0.0004,303.1662,,,,,,,,,,,,0.0,0.0,0.0,0.0,0
7.58,-0.1895,0.0577,303.1662,0.0,0.0004,303.1662,,,,,,,,,,,,0.0,0.0,0.0,0.0,0
7.6,-0.1935,0.0436,303.1646,0.0,0.0004,303.1646,,,,,,,,,,,,0.0,0.0,0.0,0.0,0
7.62,-0.1935,0.0436,303.1646,0.0,0.0004,303.1646,,,,,,,,,,,,0.0,0.0,0.0,0.0,0
7.64,-0.1935,0.0436,303.1646,0.0,0.0004,303.1646,,,,,,,,,,,,0.0,0.0,0.0,0.0,0
7.66,-0.1935,0.0436,303.1646,0.0,0.0004,303.1646,,,,,,,,,,,,0.0,0.0,0.0,0.0,0
7.68,-0.1935,0.0436,303.1646,0.0,0.0004,303.1646,,,,,,,,,,,,0.0,0.0,0.0,0.0,0
7.7,-0.1962,0.0321,303.1689,0.0,0.0004,303.1689,,,,,,,,,,,,0.0,0.0,0.0,0.0,0
7.72,-0.1962,0.0321,303.1689,0.0,0.0004,303.1689,,,,,,,,,,,,0.0,0.0,0.0,0.0,0
7.74,-0.1962,0.0321,303.1689,0.0,0.0004,303.1689,,,,,,,,,,,,0.0,0.0,0.0,0.0,0
7.76,-0.1962,0.0321,303.1689,0.0,0.0004,303.1689,,,,,,,,,,,,0.0,0.0,0.0,0.0,0
7.78,-0.1962,0.0321,303.1689,0.0,0.0004,303.1689,,,,,,,,,,,,0.0,0.0,0.0,0.0,0
7.8,-0.1948,0.0226,303.1659,0.0,0.0004,303.1659,,,,,,,,,,,,0.0,0.0,0.0,0.0,0
7.82,-0.1948,0.0226,303.1659,0.0,0.0004,303.1659,,,,,,,,,,,,0.0,0.0,0.0,0.0,0
7.84,-0.1948,0.0226,303.1659,0.0,0.0004,303.1659,,,,,,,,,,,,0.0,0.0,0.0,0.0,0
7.86,-0.1948,0.0226,303.1659,0.0,0.0004,303.1659,,,,,,,,,,,,0.0,0.0,0.0,0.0,0
7.88,-0.1948,0.0226,303.1659,0.0,0.0004,303.1659,,,,,,,,,,,,0.0,0.0,0.0,0.0,0
7.9,-0.1924,0.0115,303.1629,0.0,0.0004,303.1629,,,,,,,,,,,,0.0,0.0,0.0,0.0,0
7.92,-0.1924,0.0115,303.1629,0.0,0.0004,303.1629,,,,,,,,,,,,0.0,0.0,0.0,0.0,0
7.94,-0.1924,0.0115,303.1629,0.0,0.0004,303.1629,,,,,,,,,,,,0.0,0.0,0.0,0.0,0
7.96,-0.1924,0.0115,303.1629,0.0,0.0004,303.1629,,,,,,,,,,,,0.0,0.0,0.0,0.0,0
7.98,-0.1924,0.0115,303.1629,0.0,0.0004,303.1629,,,,,,,,,,,,0.0,0.0,0.0,0.0,0
8.0,-0.1916,-0.0012,303.1613,0.0,0.0004,303.1613,,,,,,,,,,,,0.0,0.0,0.0,0.0,0
8.02,-0.1916,-0.0012,303.1613,0.0,0.0004,303.1613,,,,,,,,,,,,0.0,0.0,0.0,0.0,0
8.04,-0.1916,-0.0012,303.1613,0.0,0.0004,303.1613,,,,,,,,,,,,0.0,0.0,0.0,0.0,0
8.06,-0.1916,-0.0012,303.1613,0.0,0.0004,303.1613,,,,,,,,,,,,0.0,0.0,0.0,0.0,0
8.08,-0.1916,-0.0012,303.1613,0.0,0.0004,303.1613,,,,,,,,,,,,0.0,0.0,0.0,0.0,0
8.1,-0.19,-0.0133,303.1614,0.0,0.0004,303.1614,,,,,,,,,,,,0.0,0.0,0.0,0.0,0
8.12,-0.19,-0.0133,303.1614,0.0,0.0004,303.1614,,,,,,,,,,,,0.0,0.0,0.0,0.0,0
8.14,-0.19,-0.0133,303.1614,0.0,0.0004,303.1614,,,,,,,,,,,,0.0,0.0,0.0,0.0,0
8.16,-0.19,-0.0133,303.1614,0.0,0.0004,303.1614,,,,,,,,,,,,0.0,0.0,0.0,0.0,0
8.18,-0.19,-0.0133,303.1614,0.0,0.0004,303.1614,,,,,,,,,,,,0.0,0.0,0.0,0.0,0
8.2,-0.1883,-0.0283,303.1543,0.0,0.0004,303.1543,,,,,,,,,,,,0.0,0.0,0.0,0.0,0
8.22,-0.1883,-0.0283,303.1543,0.0,0.0004,303.1543,,,,,,,,,,,,0.0,0.0,0.0,0.0,0
8.24,-0.1883,-0.0283,303.1543,0.0,0.0004,303.1543,,,,,,,,,,,,0.0,0.0,0.0,0.0,0
8.26,-0.1883,-0.0283,303.1543,0.0,0.0004,303.1543,,,,,,,,,,,,0.0,0.0,0.0,0.0,0
8.28,-0.1883,-0.0283,303.1543,0.0,0.0004,303.1543,,,,,,,,,,,,0.0,0.0,0.0,0.0,0
8.3,-0.1917,-0.0381,303.1565,0.0,0.0004,303.1565,,,,,,,,,,,,0.0,0.0,0.0,0.0,0
8.32,-0.1917,-0.0381,303.1565,0.0,0.0004,303.1565,,,,,,,,,,,,0.0,0.0,0.0,0.0,0
8.34,-0.1917,-0.0381,303.1565,0.0,0.0004,303.1565,,,,,,,,,,,,0.0,0.0,0.0,0.0,0
8.36,-0.1917,-0.0381,303.1565,0.0,0.0004,303.1565,,,,,,,,,,,,0.0,0.0,0.0,0.0,0
8.38,-0.1917,-0.0381,303.1565,0.0,0.0004,303.1565,,,,,,,,,,,,0.0,0.0,0.0,0.0,0
8.4,-0.1951,-0.046,303.1572,0.0,0.0004,303.1572,,,,,,,,,,,,0.0,0.0,0.0,0.0,0
8.42,-0.1951,-0.046,303.1572,0.0,0.0004,303.1572,,,,,,,,,,,,0.0,0.0,0.0,0.0,0
8.44,-0.1951,-0.046,303.1572,0.0,0.0004,303.1572,,,,,,,,,,,,0.0,0.0,0.0,0.0,0
8.46,-0.1951,-0.046,303.1572,0.0,0.0004,303.1572,,,,,,,,,,,,0.0,0.0,0.0,0.0,0
8.48,-0.1951,-0.046,303.1572,0.0,0.0004,303.1572,,,,,,,,,,,,0.0,0.0,0.0,0.0,0
8.5,-0.1935,-0.0501,303.1609,0.0,0.0004,303.1609,,,,,,,,,,,,0.0,0.0,0.0,0.0,0
8.52,-0.1935,-0.0501,303.1609,0.0,0.0004,303.1609,,,,,,,,,,,,0.0,0.0,0.0,0.0,0
8.54,-0.1935,-0.0501,303.1609,0.0,0.0004,303.1609,,,,,,,,,,,,0.0,0.0,0.0,0.0,0
8.56,-0.1935,-0.0501,303.1609,0.0,0.0004,303.1609,,,,,,,,,,,,0.0,0.0,0.0,0.0,0
8.58,-0.1935,-0.0501,303.1609,0.0,0.0004,303.1609,,,,,,,,,,,,0.0,0.0,0.0,0.0,0
8.6,-0.1952,-0.0581,303.1581,0.0,0.0004,303.1581,,,,,,,,,,,,0.0,0.0,0.0,0.0,0
8.62,-0.1952,-0.0581,303.1581,0.0,0.0004,303.1581,,,,,,,,,,,,0.0,0.0,0.0,0.0,0
8.64,-0.1952,-0.0581,303.1581,0.0,0.0004,303.1581,,,,,,,,,,,,0.0,0.0,0.0,0.0,0
8.66,-0.1952,-0.0581,303.1581,0.0,0.0004,303.1581,,,,,,,,,,,,0.0,0.0,0.0,0.0,0
8.68,-0.1952,-0.0581,303.1581,0.0,0.0004,303.1581,,,,,,,,,,,,0.0,0.0,0.0,0.0,0
8.7,-0.197,-0.0656,303.1579,0.0,0.0004,303.1579,,,,,,,,,,,,0.0,0.0,0.0,0.0,0
8.72,-0.197,-0.0656,303.1579,0.0,0.0004,303.1579,,,,,,,,,,,,0.0,0.0,0.0,0.0,0
8.74,-0.197,-0.0656,303.1579,0.0,0.0004,303.1579,,,,,,,,,,,,0.0,0.0,0.0,0.0,0
8.76,-0.197,-0.0656,303.1579,0.0,0.0004,303.1579,,,,,,,,,,,,0.0,0.0,0.0,0.0,0
8.78,-0.197,-0.0656,303.1579,0.0,0.0004,303.1579,,,,,,,,,,,,0.0,0.0,0.0,0.0,0
8.8,-0.1943,-0.0708,303.1613,0.0,0.0004,303.1613,,,,,,,,,,,,0.0,0.0,0.0,0.0,0
8.82,-0.1943,-0.0708,303.1613,0.0,0.0004,303.1613,,,,,,,,,,,,0.0,0.0,0.0,0.0,0
8.84,-0.1943,-0.0708,303.1613,0.0,0.0004,303.1613,,,,,,,,,,,,0.0,0.0,0.0,0.0,0
8.86,-0.1943,-0.0708,303.1613,0.0,0.0004,303.1613,,,,,,,,,,,,0.0,0.0,0.0,0.0,0
8.88,-0.1943,-0.0708,303.1613,0.0,0.0004,303.1613,,,,,,,,,,,,0.0,0.0,0.0,0.0,0
8.9,-0.1927,-0.0788,303.1584,0.0,0.0004,303.1585,,,,,,,,,,,,0.0,0.0,0.0,0.0,0
8.92,-0.1927,-0.0788,303.1584,0.0,0.0004,303.1585,,,,,,,,,,,,0.0,0.0,0.0,0.0,0
8.94,-0.1927,-0.0788,303.1584,0.0,0.0004,303.1585,,,,,,,,,,,,0.0,0.0,0.0,0.0,0
8.96,-0.1927,-0.0788,303.1584,0.0,0.0004,303.1585,,,,,,,,,,,,0.0,0.0,0.0,0.0,0
8.98,-0.1927,-0.0788,303.1584,0.0,0.0004,303.1585,,,,,,,,,,,,0.0,0.0,0.0,0.0,0
9.0,-0.1925,-0.0867,303.1508,0.0,0.0004,303.1508,,,,,,,,,,,,0.0,0.0,0.0,0.0,0
9.02,-0.1925,-0.0867,303.1508,0.0,0.0004,303.1508,,,,,,,,,,,,0.0,0.0,0.0,0.0,0
9.04,-0.1925,-0.0867,303.1508,0.0,0.0004,303.1508,,,,,,,,,,,,0.0,0.0,0.0,0.0,0
9.06,-0.1925,-0.0867,303.1508,0.0,0.0004,303.1508,,,,,,,,,,,,0.0,0.0,0.0,0.0,0
9.08,-0.1925,-0.0867,303.1508,0.0,0.0004,303.1508,,,,,,,,,,,,0.0,0.0,0.0,0.0,0
9.1,-0.1929,-0.0932,303.145,0.0,0.0004,303.145,,,,,,,,,,,,0.0,0.0,0.0,0.0,0
9.12,-0.1929,-0.0932,303.145,0.0,0.0004,303.145,,,,,,,,,,,,0.0,0.0,0.0,0.0,0
9.14,-0.1929,-0.0932,303.145,0.0,0.0004,303.145,,,,,,,,,,,,0.0,0.0,0.0,0.0,0
9.16,-0.1929,-0.0932,303.145,0.0,0.0004,303.145,,,,,,,,,,,,0.0,0.0,0.0,0.0,0
9.18,-0.1929,-0.0932,303.145,0.0,0.0004,303.145,,,,,,,,,,,,0.0,0.0,0.0,0.0,0
9.2,-0.1918,-0.1041,303.1459,0.0,0.0004,303.1459,,,,,,,,,,,,0.0,0.0,0.0,0.0,0
9.22,-0.1918,-0.1041,303.1459,0.0,0.0004,303.1459,,,,,,,,,,,,0.0,0.0,0.0,0.0,0
9.24,-0.1918,-0.1041,303.1459,0.0,0.0004,303.1459,,,,,,,,,,,,0.0,0.0,0.0,0.0,0
9.26,-0.1918,-0.1041,303.1459,0.0,0.0004,303.1459,,,,,,,,,,,,0.0,0.0,0.0,0.0,0
9.28,-0.1918,-0.1041,303.1459,0.0,0.0004,303.1459,,,,,,,,,,,,0.0,0.0,0.0,0.0,0
9.3,-0.1917,-0.1121,303.1428,0.0,0.0004,303.1428,,,,,,,,,,,,0.0,0.0,0.0,0.0,0
9.32,-0.1917,-0.1121,303.1428,0.0,0.0004,303.1428,,,,,,,,,,,,0.0,0.0,0.0,0.0,0
9.34,-0.1917,-0.1121,303.1428,0.0,0.0004,303.1428,,,,,,,,,,,,0.0,0.0,0.0,0.0,0
9.36,-0.1917,-0.1121,303.1428,0.0,0.0004,303.1428,,,,,,,,,,,,0.0,0.0,0.0,0.0,0
9.38,-0.1917,-0.1121,303.1428,0.0,0.0004,303.1428,,,,,,,,,,,,0.0,0.0,0.0,0.0,0
9.4,-0.1939,-0.114,303.1371,0.0,0.0004,303.1371,,,,,,,,,,,,0.0,0.0,0.0,0.0,0
9.42,-0.1939,-0.114,303.1371,0.0,0.0004,303.1371,,,,,,,,,,,,0.0,0.0,0.0,0.0,0
9.44,-0.1939,-0.114,303.1371,0.0,0.0004,303.1371,,,,,,,,,,,,0.0,0.0,0.0,0.0,0
9.46,-0.1939,-0.114,303.1371,0.0,0.0004,303.1371,,,,,,,,,,,,0.0,0.0,0.0,0.0,0
9.48,-0.1939,-0.114,303.1371,0.0,0.0004,303.1371,,,,,,,,,,,,0.0,0.0,0.0,0.0,0
9.5,-0.1912,-0.1233,303.1359,0.0,0.0004,303.1359,,,,,,,,,,,,0.0,0.0,0.0,0.0,0
9.52,-0.1912,-0.1233,303.1359,0.0,0.0004,303.1359,,,,,,,,,,,,0.0,0.0,0.0,0.0,0
9.54,-0.1912,-0.1233,303.1359,0.0,0.0004,303.1359,,,,,,,,,,,,0.0,0.0,0.0,0.0,0
9.56,-0.1912,-0.1233,303.1359,0.0,0.0004,303.1359,,,,,,,,,,,,0.0,0.0,0.0,0.0,0
9.58,-0.1912,-0.1233,303.1359,0.0,0.0004,303.1359,,,,,,,,,,,,0.0,0.0,0.0,0.0,0
9.6,-0.188,-0.13,303.1327,0.0,0.0004,303.1327,,,,,,,,,,,,0.0,0.0,0.0,0.0,0
9.62,-0.188,-0.13,303.1327,0.0,0.0004,303.1327,,,,,,,,,,,,0.0,0.0,0.0,0.0,0
9.64,-0.188,-0.13,303.1327,0.0,0.0004,303.1327,,,,,,,,,,,,0.0,0.0,0.0,0.0,0
9.66,-0.188,-0.13,303.1327,0.0,0.0004,303.1327,,,,,,,,,,,,0.0,0.0,0.0,0.0,0
9.68,-0.188,-0.13,303.1327,0.0,0.0004,303.1327,,,,,,,,,,,,0.0,0.0,0.0,0.0,0
9.7,-0.1912,-0.1341,303.1301,0.0,0.0004,303.1301,,,,,,,,,,,,0.0,0.0,0.0,0.0,0
9.72,-0.1912,-0.1341,303.1301,0.0,0.0004,303.1301,,,,,,,,,,,,0.0,0.0,0.0,0.0,0
9.74,-0.1912,-0.1341,303.1301,0.0,0.0004,303.1301,,,,,,,,,,,,0.0,0.0,0.0,0.0,0
9.76,-0.1912,-0.1341,303.1301,0.0,0.0004,303.1301,,,,,,,,,,,,0.0,0.0,0.0,0.0,0
9.78,-0.1912,-0.1341,303.1301,0.0,0.0004,303.1301,,,,,,,,,,,,0.0,0.0,0.0,0.0,0
9.8,-0.1932,-0.1371,303.1276,0.0,0.0004,303.1276,,,,,,,,,,,,0.0,0.0,0.0,0.0,0
9.82,-0.1932,-0.1371,303.1276,0.0,0.0004,303.1276,,,,,,,,,,,,0.0,0.0,0.0,0.0,0
9.84,-0.1932,-0.1371,303.1276,0.0,0.0004,303.1276,,,,,,,,,,,,0.0,0.0,0.0,0.0,0
9.86,-0.1932,-0.1371,303.1276,0.0,0.0004,303.1276,,,,,,,,,,,,0.0,0.0,0.0,0.0,0
9.88,-0.1932,-0.1371,303.1276,0.0,0.0004,303.1276,,,,,,,,,,,,0.0,0.0,0.0,0.0,0
9.9,-0.1895,-0.1444,303.13,0.0,0.0004,303.13,,,,,,,,,,,,0.0,0.0,0.0,0.0,0
9.92,-0.1895,-0.1444,303.13,0.0,0.0004,303.13,,,,,,,,,,,,0.0,0.0,0.0,0.0,0
9.94,-0.1895,-0.1444,303.13,0.0,0.0004,303.13,,,,,,,,,,,,0.0,0.0,0.0,0.0,0
9.96,-0.1895,-0.1444,303.13,0.0,0.0004,303.13,,,,,,,,,,,,0.0,0.0,0.0,0.0,0
9.98,-0.1895,-0.1444,303.13,0.0,0.0004,303.13,,,,,,,,,,,,0.0,0.0,0.0,0.0,0
10.0,-0.1914,-0.1468,303.1208,0.0,0.0004,303.1208,,,,,,,,,,,,0.0,0.0,0.0,0.0,0
10.02,-0.1914,-0.1468,303.1208,0.0,0.0004,303.1208,,,,,,,,,,,,0.0,0.0,0.0,0.0,0
10.04,-0.1914,-0.1468,303.1208,0.0,0.0004,303.1208,,,,,,,,,,,,0.0,0.0,0.0,0.0,0
10.06,-0.1914,-0.1468,303.1208,0.0,0.0004,303.1208,,,,,,,,,,,,0.0,0.0,0.0,0.0,0
10.08,-0.1914,-0.1468,303.1208,0.0,0.0004,303.1208,,,,,,,,,,,,0.0,0.0,0.0,0.0,0
10.1,-0.1925,-0.1478,303.1158,0.0,0.0004,303.1158,,,,,,,,,,,,0.0,0.0,0.0,0.0,0
10.12,-0.1925,-0.1478,303.1158,0.0,0.0004,303.1158,,,,,,,,,,,,0.0,0.0,0.0,0.0,0
10.14,-0.1925,-0.1478,303.1158,0.0,0.0004,303.1158,,,,,,,,,,,,0.0,0.0,0.0,0.0,0
10.16,-0.1925,-0.1478,303.1158,0.0,0.0004,303.1158,,,,,,,,,,,,0.0,0.0,0.0,0.0,0
10.18,-0.1925,-0.1478,303.1158,0.0,0.0004,303.1158,,,,,,,,,,,,0.0,0.0,0.0,0.0,0
10.2,-0.1911,-0.148,303.1142,0.0,0.0004,303.1142,,,,,,,,,,,,0.0,0.0,0.0,0.0,0
10.22,-0.1911,-0.148,303.1142,0.0,0.0004,303.1142,,,,,,,,,,,,0.0,0.0,0.0,0.0,0
10.24,-0.1911,-0.148,303.1142,0.0,0.0004,303.1142,,,,,,,,,,,,0.0,0.0,0.0,0.0,0
10.26,-0.1911,-0.148,303.1142,0.0,0.0004,303.1142,,,,,,,,,,,,0.0,0.0,0.0,0.0,0
10.28,-0.1911,-0.148,303.1142,0.0,0.0004,303.1142,,,,,,,,,,,,0.0,0.0,0.0,0.0,0
10.3,-0.1883,-0.1518,303.1143,0.0,0.0004,303.1143,,,,,,,,,,,,0.0,0.0,0.0,0.0,0
10.32,-0.1883,-0.1518,303.1143,0.0,0.0004,303.1143,,,,,,,,,,,,0.0,0.0,0.0,0.0,0
10.34,-0.1883,-0.1518,303.1143,0.0,0.0004,303.1143,,,,,,,,,,,,0.0,0.0,0.0,0.0,0
10.36,-0.1883,-0.1518,303.1143,0.0,0.0004,303.1143,,,,,,,,,,,,0.0,0.0,0.0,0.0,0
10.38,-0.1883,-0.1518,303.1143,0.0,0.0004,303.1143,,,,,,,,,,,,0.0,0.0,0.0,0.0,0
10.4,-0.189,-0.1566,303.1109,0.0,0.0004,303.1109,,,,,,,,,,,,0.0,0.0,0.0,0.0,0
10.42,-0.189,-0.1566,303.1109,0.0,0.0004,303.1109,,,,,,,,,,,,0.0,0.0,0.0,0.0,0
10.44,-0.189,-0.1566,303.1109,0.0,0.0004,303.1109,,,,,,,,,,,,0.0,0.0,0.0,0.0,0
10.46,-0.189,-0.1566,303.1109,0.0,0.0004,303.1109,,,,,,,,,,,,0.0,0.0,0.0,0.0,0
10.48,-0.189,-0.1566,303.1109,0.0,0.0004,303.1109,,,,,,,,,,,,0.0,0.0,0.0,0.0,0
10.5,-0.1874,-0.1669,303.1111,0.0,0.0004,303.1111,,,,,,,,,,,,0.0,0.0,0.0,0.0,0
10.52,-0.1874,-0.1669,303.1111,0.0,0.0004,303.1111,,,,,,,,,,,,0.0,0.0,0.0,0.0,0
10.54,-0.1874,-0.1669,303.1111,0.0,0.0004,303.1111,,,,,,,,,,,,0.0,0.0,0.0,0.0,0
10.56,-0.1874,-0.1669,303.1111,0.0,0.0004,303.1111,,,,,,,,,,,,0.0,0.0,0.0,0.0,0
10.58,-0.1874,-0.1669,303.1111,0.0,0.0004,303.1111,,,,,,,,,,,,0.0,0.0,0.0,0.0,0
10.6,-0.1865,-0.1687,303.1102,0.0,0.0004,303.1102,,,,,,,,,,,,0.0,0.0,0.0,0.0,0
10.62,-0.1865,-0.1687,303.1102,0.0,0.0004,303.1102,,,,,,,,,,,,0.0,0.0,0.0,0.0,0
10.64,-0.1865,-0.1687,303.1102,0.0,0.0004,303.1102,,,,,,,,,,,,0.0,0.0,0.0,0.0,0
10.66,-0.1865,-0.1687,303.1102,0.0,0.0004,303.1102,,,,,,,,,,,,0.0,0.0,0.0,0.0,0
10.68,-0.1865,-0.1687,303.1102,0.0,0.0004,303.1102,,,,,,,,,,,,0.0,0.0,0.0,0.0,0
10.7,-0.1898,-0.167,303.1063,0.0,0.0004,303.1063,,,,,,,,,,,,0.0,0.0,0.0,0.0,0
10.72,-0.1898,-0.167,303.1063,0.0,0.0004,303.1063,,,,,,,,,,,,0.0,0.0,0.0,0.0,0
10.74,-0.1898,-0.167,303.1063,0.0,0.0004,303.1063,,,,,,,,,,,,0.0,0.0,0.0,0.0,0
10.76,-0.1898,-0.167,303.1063,0.0,0.0004,303.1063,,,,,,,,,,,,0.0,0.0,0.0,0.0,0
10.78,-0.1898,-0.167,303.1063,0.0,0.0004,303.1063,,,,,,,,,,,,0.0,0.0,0.0,0.0,0
10.8,-0.1967,-0.1717,303.1079,0.0,0.0004,303.1079,,,,,,,,,,,,0.0,0.0,0.0,0.0,0
10.82,-0.1967,-0.1717,303.1079,0.0,0.0004,303.1079,,,,,,,,,,,,0.0,0.0,0.0,0.0,0
10.84,-0.1967,-0.1717,303.1079,0.0,0.0004,303.1079,,,,,,,,,,,,0.0,0.0,0.0,0.0,0
10.86,-0.1967,-0.1717,303.1079,0.0,0.0004,303.1079,,,,,,,,,,,,0.0,0.0,0.0,0.0,0
10.88,-0.1967,-0.1717,303.1079,0.0,0.0004,303.1079,,,,,,,,,,,,0.0,0.0,0.0,0.0,0
10.9,-0.1959,-0.173,303.1062,0.0,0.0004,303.1062,,,,,,,,,,,,0.0,0.0,0.0,0.0,0
10.92,-0.1959,-0.173,303.1062,0.0,0.0004,303.1062,,,,,,,,,,,,0.0,0.0,0.0,0.0,0
10.94,-0.1959,-0.173,303.1062,0.0,0.0004,303.1062,,,,,,,,,,,,0.0,0.0,0.0,0.0,0
10.96,-0.1959,-0.173,303.1062,0.0,0.0004,303.1062,,,,,,,,,,,,0.0,0.0,0.0,0.0,0
10.98,-0.1959,-0.173,303.1062,0.0,0.0004,303.1062,,,,,,,,,,,,0.0,0.0,0.0,0.0,0
11.0,-0.2006,-0.1723,303.103,0.0,0.0004,303.103,,,,,,,,,,,,0.0,0.0,0.0,0.0,0
11.02,-0.2006,-0.1723,303.103,0.0,0.0004,303.103,,,,,,,,,,,,0.0,0.0,0.0,0.0,0
11.04,-0.2006,-0.1723,303.103,0.0,0.0004,303.103,,,,,,,,,,,,0.0,0.0,0.0,0.0,0
11.06,-0.2006,-0.1723,303.103,0.0,0.0004,303.103,,,,,,,,,,,,0.0,0.0,0.0,0.0,0
11.08,-0.2006,-0.1723,303.103,0.0,0.0004,303.103,,,,,,,,,,,,0.0,0.0,0.0,0.0,0
11.1,-0.2001,-0.1761,303.1024,0.0,0.0004,303.1024,,,,,,,,,,,,0.0,0.0,0.0,0.0,0
11.12,-0.2001,-0.1761,303.1024,0.0,0.0004,303.1024,,,,,,,,,,,,0.0,0.0,0.0,0.0,0
11.14,-0.2001,-0.1761,303.1024,0.0,0.0004,303.1024,,,,,,,,,,,,0.0,0.0,0.0,0.0,0
11.16,-0.2001,-0.1761,303.1024,0.0,0.0004,303.1024,,,,,,,,,,,,0.0,0.0,0.0,0.0,0
11.18,-0.2001,-0.1761,303.1024,0.0,0.0004,303.1024,,,,,,,,,,,,0.0,0.0,0.0,0.0,0
11.2,-0.1939,-0.1798,303.0992,0.0,0.0004,303.0992,,,,,,,,,,,,0.0,0.0,0.0,0.0,0
11.22,-0.1939,-0.1798,303.0992,0.0,0.0004,303.0992,,,,,,,,,,,,0.0,0.0,0.0,0.0,0
11.24,-0.1939,-0.1798,303.0992,0.0,0.0004,303.0992,,,,,,,,,,,,0.0,0.0,0.0,0.0,0
11.26,-0.1939,-0.1798,303.0992,0.0,0.0004,303.0992,,,,,,,,,,,,0.0,0.0,0.0,0.0,0
11.28,-0.1939,-0.1798,303.0992,0.0,0.0004,303.0992,,,,,,,,,,,,0.0,0.0,0.0,0.0,0
11.3,-0.1985,-0.1799,303.0956,0.0,0.0004,303.0956,,,,,,,,,,,,0.0,0.0,0.0,0.0,0
11.32,-0.1985,-0.1799,303.0956,0.0,0.0004,303.0956,,,,,,,,,,,,0.0,0.0,0.0,0.0,0
11.34,-0.1985,-0.1799,303.0956,0.0,0.0004,303.0956,,,,,,,,,,,,0.0,0.0,0.0,0.0,0
11.36,-0.1985,-0.1799,303.0956,0.0,0.0004,303.0956,,,,,,,,,,,,0.0,0.0,0.0,0.0,0
11.38,-0.1985,-0.1799,303.0956,0.0,0.0004,303.0956,,,,,,,,,,,,0.0,0.0,0.0,0.0,0
11.4,-0.2039,-0.178,303.0942,0.0,0.0004,303.0942,,,,,,,,,,,,0.0,0.0,0.0,0.0,0
11.42,-0.2039,-0.178,303.0942,0.0,0.0004,303.0942,,,,,,,,,,,,0.0,0.0,0.0,0.0,0
11.44,-0.2039,-0.178,303.0942,0.0,0.0004,303.0942,,,,,,,,,,,,0.0,0.0,0.0,0.0,0
11.46,-0.2039,-0.178,303.0942,0.0,0.0004,303.0942,,,,,,,,,,,,0.0,0.0,0.0,0.0,0
11.48,-0.2039,-0.178,303.0942,0.0,0.0004,303.0942,,,,,,,,,,,,0.0,0.0,0.0,0.0,0
11.5,-0.201,-0.1792,303.0968,0.0,0.0004,303.0968,,,,,,,,,,,,0.0,0.0,0.0,0.0,0
11.52,-0.201,-0.1792,303.0968,0.0,0.0004,303.0968,,,,,,,,,,,,0.0,0.0,0.0,0.0,0
11.54,-0.201,-0.1792,303.0968,0.0,0.0004,303.0968,,,,,,,,,,,,0.0,0.0,0.0,0.0,0
11.56,-0.201,-0.1792,303.0968,0.0,0.0004,303.0968,,,,,,,,,,,,0.0,0.0,0.0,0.0,0
11.58,-0.201,-0.1792,303.0968,0.0,0.0004,303.0968,,,,,,,,,,,,0.0,0.0,0.0,0.0,0
11.6,-0.1978,-0.1696,303.1004,0.0,0.0004,303.1004,,,,,,,,,,,,0.0,0.0,0.0,0.0,0
11.62,-0.1978,-0.1696,303.1004,0.0,0.0004,303.1004,,,,,,,,,,,,0.0,0.0,0.0,0.0,0
11.64,-0.1978,-0.1696,303.1004,0.0,0.0004,303.1004,,,,,,,,,,,,0.0,0.0,0.0,0.0,0
11.66,-0.1978,-0.1696,303.1004,0.0,0.0004,303.1004,,,,,,,,,,,,0.0,0.0,0.0,0.0,0
11.68,-0.1978,-0.1696,303.1004,0.0,0.0004,303.1004,,,,,,,,,,,,0.0,0.0,0.0,0.0,0
11.7,-0.199,-0.1653,303.0977,0.0,0.0004,303.0977,,,,,,,,,,,,0.0,0.0,0.0,0.0,0
11.72,-0.199,-0.1653,303.0977,0.0,0.0004,303.0977,,,,,,,,,,,,0.0,0.0,0.0,0.0,0
11.74,-0.199,-0.1653,303.0977,0.0,0.0004,303.0977,,,,,,,,,,,,0.0,0.0,0.0,0.0,0
11.76,-0.199,-0.1653,303.0977,0.0,0.0004,303.0977,,,,,,,,,,,,0.0,0.0,0.0,0.0,0
11.78,-0.199,-0.1653,303.0977,0.0,0.0004,303.0977,,,,,,,,,,,,0.0,0.0,0.0,0.0,0
11.8,-0.1995,-0.1674,303.0981,0.0,0.0004,303.0981,,,,,,,,,,,,0.0,0.0,0.0,0.0,0
11.82,-0.1995,-0.1674,303.0981,0.0,0.0004,303.0981,,,,,,,,,,,,0.0,0.0,0.0,0.0,0
11.84,-0.1995,-0.1674,303.0981,0.0,0.0004,303.0981,,,,,,,,,,,,0.0,0.0,0.0,0.0,0
11.86,-0.1995,-0.1674,303.0981,0.0,0.0004,303.0981,,,,,,,,,,,,0.0,0.0,0.0,0.0,0
11.88,-0.1995,-0.1674,303.0981,0.0,0.0004,303.0981,,,,,,,,,,,,0.0,0.0,0.0,0.0,0
11.9,-0.2,-0.1741,303.0986,0.0,0.0004,303.0986,,,,,,,,,,,,0.0,0.0,0.0,0.0,0
11.92,-0.2,-0.1741,303.0986,0.0,0.0004,303.0986,,,,,,,,,,,,0.0,0.0,0.0,0.0,0
11.94,-0.2,-0.1741,303.0986,0.0,0.0004,303.0986,,,,,,,,,,,,0.0,0.0,0.0,0.0,0
11.96,-0.2,-0.1741,303.0986,0.0,0.0004,303.0986,,,,,,,,,,,,0.0,0.0,0.0,0.0,0
11.98,-0.2,-0.1741,303.0986,0.0,0.0004,303.0986,,,,,,,,,,,,0.0,0.0,0.0,0.0,0
12.0,-0.2029,-0.1771,303.0976,0.0,0.0004,303.0976,,,,,,,,,,,,0.0,0.0,0.0,0.0,0
12.02,-0.2029,-0.1771,303.0976,0.0,0.0004,303.0976,,,,,,,,,,,,0.0,0.0,0.0,0.0,0
12.04,-0.2029,-0.1771,303.0976,0.0,0.0004,303.0976,,,,,,,,,,,,0.0,0.0,0.0,0.0,0
12.06,-0.2029,-0.1771,303.0976,0.0,0.0004,303.0976,,,,,,,,,,,,0.0,0.0,0.0,0.0,0
12.08,-0.2029,-0.1771,303.0976,0.0,0.0004,303.0976,,,,,,,,,,,,0.0,0.0,0.0,0.0,0
12.1,-0.2017,-0.1791,303.0941,0.0,0.0004,303.0941,,,,,,,,,,,,0.0,0.0,0.0,0.0,0
12.12,-0.2017,-0.1791,303.0941,0.0,0.0004,303.0941,,,,,,,,,,,,0.0,0.0,0.0,0.0,0
12.14,-0.2017,-0.1791,303.0941,0.0,0.0004,303.0941,,,,,,,,,,,,0.0,0.0,0.0,0.0,0
12.16,-0.2017,-0.1791,303.0941,0.0,0.0004,303.0941,,,,,,,,,,,,0.0,0.0,0.0,0.0,0
12.18,-0.2017,-0.1791,303.0941,0.0,0.0004,303.0941,,,,,,,,,,,,0.0,0.0,0.0,0.0,0
12.2,-0.1968,-0.181,303.0895,0.0,0.0004,303.0895,,,,,,,,,,,,0.0,0.0,0.0,0.0,0
12.22,-0.1968,-0.181,303.0895,0.0,0.0004,303.0895,,,,,,,,,,,,0.0,0.0,0.0,0.0,0
12.24,-0.1968,-0.181,303.0895,0.0,0.0004,303.0895,,,,,,,,,,,,0.0,0.0,0.0,0.0,0
12.26,-0.1968,-0.181,303.0895,0.0,0.0004,303.0895,,,,,,,,,,,,0.0,0.0,0.0,0.0,0
12.28,-0.1968,-0.181,303.0895,0.0,0.0004,303.0895,,,,,,,,,,,,0.0,0.0,0.0,0.0,0
12.3,-0.1937,-0.1808,303.0882,0.0,0.0004,303.0882,,,,,,,,,,,,0.0,0.0,0.0,0.0,0
12.32,-0.1937,-0.1808,303.0882,0.0,0.0004,303.0882,,,,,,,,,,,,0.0,0.0,0.0,0.0,0
12.34,-0.1937,-0.1808,303.0882,0.0,0.0004,303.0882,,,,,,,,,,,,0.0,0.0,0.0,0.0,0
12.36,-0.1937,-0.1808,303.0882,0.0,0.0004,303.0882,,,,,,,,,,,,0.0,0.0,0.0,0.0,0
12.38,-0.1937,-0.1808,303.0882,0.0,0.0004,303.0882,,,,,,,,,,,,0.0,0.0,0.0,0.0,0
12.4,-0.1966,-0.1804,303.0872,0.0,0.0004,303.0872,,,,,,,,,,,,0.0,0.0,0.0,0.0,0
12.42,-0.1966,-0.1804,303.0872,0.0,0.0004,303.0872,,,,,,,,,,,,0.0,0.0,0.0,0.0,0
12.44,-0.1966,-0.1804,303.0872,0.0,0.0004,303.0872,,,,,,,,,,,,0.0,0.0,0.0,0.0,0
12.46,-0.1966,-0.1804,303.0872,0.0,0.0004,303.0872,,,,,,,,,,,,0.0,0.0,0.0,0.0,0
12.48,-0.1966,-0.1804,303.0872,0.0,0.0004,303.0872,,,,,,,,,,,,0.0,0.0,0.0,0.0,0
12.5,-0.1964,-0.1791,303.0875,0.0,0.0004,303.0875,,,,,,,,,,,,0.0,0.0,0.0,0.0,0
12.52,-0.1964,-0.1791,303.0875,0.0,0.0004,303.0875,,,,,,,,,,,,0.0,0.0,0.0,0.0,0
12.54,-0.1964,-0.1791,303.0875,0.0,0.0004,303.0875,,,,,,,,,,,,0.0,0.0,0.0,0.0,0
12.56,-0.1964,-0.1791,303.0875,0.0,0.0004,303.0875,,,,,,,,,,,,0.0,0.0,0.0,0.0,0
12.58,-0.1964,-0.1791,303.0875,0.0,0.0004,303.0875,,,,,,,,,,,,0.0,0.0,0.0,0.0,0
12.6,-0.1977,-0.1788,303.0874,0.0,0.0004,303.0874,,,,,,,,,,,,0.0,0.0,0.0,0.0,0
12.62,-0.1977,-0.1788,303.0874,0.0,0.0004,303.0874,,,,,,,,,,,,0.0,0.0,0.0,0.0,0
12.64,-0.1977,-0.1788,303.0874,0.0,0.0004,303.0874,,,,,,,,,,,,0.0,0.0,0.0,0.0,0
12.66,-0.1977,-0.1788,303.0874,0.0,0.0004,303.0874,,,,,,,,,,,,0.0,0.0,0.0,0.0,0
12.68,-0.1977,-0.1788,303.0874,0.0,0.0004,303.0874,,,,,,,,,,,,0.0,0.0,0.0,0.0,0
12.7,-0.1934,-0.1738,303.0872,0.0,0.0004,303.0872,,,,,,,,,,,,0.0,0.0,0.0,0.0,0
12.72,-0.1934,-0.1738,303.0872,0.0,0.0004,303.0872,,,,,,,,,,,,0.0,0.0,0.0,0.0,0
12.74,-0.1934,-0.1738,303.0872,0.0,0.0004,303.0872,,,,,,,,,,,,0.0,0.0,0.0,0.0,0
12.76,-0.1934,-0.1738,303.0872,0.0,0.0004,303.0872,,,,,,,,,,,,0.0,0.0,0.0,0.0,0
12.78,-0.1934,-0.1738,303.0872,0.0,0.0004,303.0872,,,,,,,,,,,,0.0,0.0,0.0,0.0,0
12.8,-0.1985,-0.1736,303.0885,0.0,0.0004,303.0885,,,,,,,,,,,,0.0,0.0,0.0,0.0,0
12.82,-0.1985,-0.1736,303.0885,0.0,0.0004,303.0885,,,,,,,,,,,,0.0,0.0,0.0,0.0,0
12.84,-0.1985,-0.1736,303.0885,0.0,0.0004,303.0885,,,,,,,,,,,,0.0,0.0,0.0,0.0,0
12.86,-0.1985,-0.1736,303.0885,0.0,0.0004,303.0885,,,,,,,,,,,,0.0,0.0,0.0,0.0,0
12.88,-0.1985,-0.1736,303.0885,0.0,0.0004,303.0885,,,,,,,,,,,,0.0,0.0,0.0,0.0,0
12.9,-0.2014,-0.1765,303.083,0.0,0.0004,303.083,,,,,,,,,,,,0.0,0.0,0.0,0.0,0
12.92,-0.2014,-0.1765,303.083,0.0,0.0004,303.083,,,,,,,,,,,,0.0,0.0,0.0,0.0,0
12.94,-0.2014,-0.1765,303.083,0.0,0.0004,303.083,,,,,,,,,,,,0.0,0.0,0.0,0.0,0
12.96,-0.2014,-0.1765,303.083,0.0,0.0004,303.083,,,,,,,,,,,,0.0,0.0,0.0,0.0,0
12.98,-0.2014,-0.1765,303.083,0.0,0.0004,303.083,,,,,,,,,,,,0.0,0.0,0.0,0.0,0
13.0,-0.1919,-0.1812,303.0833,0.0,0.0004,303.0833,,,,,,,,,,,,0.0,0.0,0.0,0.0,0
13.02,-0.1919,-0.1812,303.0833,0.0,0.0004,303.0833,,,,,,,,,,,,0.0,0.0,0.0,0.0,0
13.04,-0.1919,-0.1812,303.0833,0.0,0.0004,303.0833,,,,,,,,,,,,0.0,0.0,0.0,0.0,0
13.06,-0.1919,-0.1812,303.0833,0.0,0.0004,303.0833,,,,,,,,,,,,0.0,0.0,0.0,0.0,0
13.08,-0.1919,-0.1812,303.0833,0.0,0.0004,303.0833,,,,,,,,,,,,0.0,0.0,0.0,0.0,0
13.1,-0.1919,-0.1822,303.082,0.0,0.0004,303.082,,,,,,,,,,,,0.0,0.0,0.0,0.0,0
13.12,-0.1919,-0.1822,303.082,0.0,0.0004,303.082,,,,,,,,,,,,0.0,0.0,0.0,0.0,0
13.14,-0.1919,-0.1822,303.082,0.0,0.0004,303.082,,,,,,,,,,,,0.0,0.0,0.0,0.0,0
13.16,-0.1919,-0.1822,303.082,0.0,0.0004,303.082,,,,,,,,,,,,0.0,0.0,0.0,0.0,0
13.18,-0.1919,-0.1822,303.082,0.0,0.0004,303.082,,,,,,,,,,,,0.0,0.0,0.0,0.0,0
13.2,-0.1936,-0.1817,303.0807,0.0,0.0004,303.0807,,,,,,,,,,,,0.0,0.0,0.0,0.0,0
13.22,-0.1936,-0.1817,303.0807,0.0,0.0004,303.0807,,,,,,,,,,,,0.0,0.0,0.0,0.0,0
13.24,-0.1936,-0.1817,303.0807,0.0,0.0004,303.0807,,,,,,,,,,,,0.0,0.0,0.0,0.0,0
13.26,-0.1936,-0.1817,303.0807,0.0,0.0004,303.0807,,,,,,,,,,,,0.0,0.0,0.0,0.0,0
13.28,-0.1936,-0.1817,303.0807,0.0,0.0004,303.0807,,,,,,,,,,,,0.0,0.0,0.0,0.0,0
13.3,-0.1938,-0.1815,303.0839,0.0,0.0004,303.0839,,,,,,,,,,,,0.0,0.0,0.0,0.0,0
13.32,-0.1938,-0.1815,303.0839,0.0,0.0004,303.0839,,,,,,,,,,,,0.0,0.0,0.0,0.0,0
13.34,-0.1938,-0.1815,303.0839,0.0,0.0004,303.0839,,,,,,,,,,,,0.0,0.0,0.0,0.0,0
13.36,-0.1938,-0.1815,303.0839,0.0,0.0004,303.0839,,,,,,,,,,,,0.0,0.0,0.0,0.0,0
13.38,-0.1938,-0.1815,303.0839,0.0,0.0004,303.0839,,,,,,,,,,,,0.0,0.0,0.0,0.0,0
13.4,-0.1838,-0.181,303.0845,0.0,0.0004,303.0845,,,,,,,,,,,,0.0,0.0,0.0,0.0,0
13.42,-0.1838,-0.181,303.0845,0.0,0.0004,303.0845,,,,,,,,,,,,0.0,0.0,0.0,0.0,0
13.44,-0.1838,-0.181,303.0845,0.0,0.0004,303.0845,,,,,,,,,,,,0.0,0.0,0.0,0.0,0
13.46,-0.1838,-0.181,303.0845,0.0,0.0004,303.0845,,,,,,,,,,,,0.0,0.0,0.0,0.0,0
13.48,-0.1838,-0.181,303.0845,0.0,0.0004,303.0845,,,,,,,,,,,,0.0,0.0,0.0,0.0,0
13.5,-0.1925,-0.1805,303.0823,0.0,0.0004,303.0823,,,,,,,,,,,,0.0,0.0,0.0,0.0,0
13.52,-0.1925,-0.1805,303.0823,0.0,0.0004,303.0823,,,,,,,,,,,,0.0,0.0,0.0,0.0,0
13.54,-0.1925,-0.1805,303.0823,0.0,0.0004,303.0823,,,,,,,,,,,,0.0,0.0,0.0,0.0,0
13.56,-0.1925,-0.1805,303.0823,0.0,0.0004,303.0823,,,,,,,,,,,,0.0,0.0,0.0,0.0,0
13.58,-0.1925,-0.1805,303.0823,0.0,0.0004,303.0823,,,,,,,,,,,,0.0,0.0,0.0,0.0,0
13.6,-0.1985,-0.1839,303.0856,0.0,0.0004,303.0856,,,,,,,,,,,,0.0,0.0,0.0,0.0,0
13.62,-0.1985,-0.1839,303.0856,0.0,0.0004,303.0856,,,,,,,,,,,,0.0,0.0,0.0,0.0,0
13.64,-0.1985,-0.1839,303.0856,0.0,0.0004,303.0856,,,,,,,,,,,,0.0,0.0,0.0,0.0,0
13.66,-0.1985,-0.1839,303.0856,0.0,0.0004,303.0856,,,,,,,,,,,,0.0,0.0,0.0,0.0,0
13.68,-0.1985,-0.1839,303.0856,0.0,0.0004,303.0856,,,,,,,,,,,,0.0,0.0,0.0,0.0,0
13.7,-0.1951,-0.1833,303.0845,0.0,0.0004,303.0845,,,,,,,,,,,,0.0,0.0,0.0,0.0,0
13.72,-0.1951,-0.1833,303.0845,0.0,0.0004,303.0845,,,,,,,,,,,,0.0,0.0,0.0,0.0,0
13.74,-0.1951,-0.1833,303.0845,0.0,0.0004,303.0845,,,,,,,,,,,,0.0,0.0,0.0,0.0,0
13.76,-0.1951,-0.1833,303.0845,0.0,0.0004,303.0845,,,,,,,,,,,,0.0,0.0,0.0,0.0,0
13.78,-0.1951,-0.1833,303.0845,0.0,0.0004,303.0845,,,,,,,,,,,,0.0,0.0,0.0,0.0,0
13.8,-0.1977,-0.1812,303.0915,0.0,0.0004,303.0915,,,,,,,,,,,,0.0,0.0,0.0,0.0,0
13.82,-0.1977,-0.1812,303.0915,0.0,0.0004,303.0915,,,,,,,,,,,,0.0,0.0,0.0,0.0,0
13.84,-0.1977,-0.1812,303.0915,0.0,0.0004,303.0915,,,,,,,,,,,,0.0,0.0,0.0,0.0,0
13.86,-0.1977,-0.1812,303.0915,0.0,0.0004,303.0915,,,,,,,,,,,,0.0,0.0,0.0,0.0,0
13.88,-0.1977,-0.1812,303.0915,0.0,0.0004,303.0915,,,,,,,,,,,,0.0,0.0,0.0,0.0,0
13.9,-0.2008,-0.1834,303.0799,0.0,0.0004,303.0799,,,,,,,,,,,,0.0,0.0,0.0,0.0,0
13.92,-0.2008,-0.1834,303.0799,0.0,0.0004,303.0799,,,,,,,,,,,,0.0,0.0,0.0,0.0,0
13.94,-0.2008,-0.1834,303.0799,0.0,0.0004,303.0799,,,,,,,,,,,,0.0,0.0,0.0,0.0,0
13.96,-0.2008,-0.1834,303.0799,0.0,0.0004,303.0799,,,,,,,,,,,,0.0,0.0,0.0,0.0,0
13.98,-0.2008,-0.1834,303.0799,0.0,0.0004,303.0799,,,,,,,,,,,,0.0,0.0,0.0,0.0,0
14.0,-0.2006,-0.1869,303.089,0.0,0.0004,303.0891,,,,,,,,,,,,0.0,0.0,0.0,0.0,0
14.02,-0.2006,-0.1869,303.089,0.0,0.0004,303.0891,,,,,,,,,,,,0.0,0.0,0.0,0.0,0
14.04,-0.2006,-0.1869,303.089,0.0,0.0004,303.0891,,,,,,,,,,,,0.0,0.0,0.0,0.0,0
14.06,-0.2006,-0.1869,303.089,0.0,0.0004,303.0891,,,,,,,,,,,,0.0,0.0,0.0,0.0,0
14.08,-0.2006,-0.1869,303.089,0.0,0.0004,303.0891,,,,,,,,,,,,0.0,0.0,0.0,0.0,0
14.1,-0.2031,-0.1873,303.0769,0.0,0.0004,303.0769,,,,,,,,,,,,0.0,0.0,0.0,0.0,0
14.12,-0.2031,-0.1873,303.0769,0.0,0.0004,303.0769,,,,,,,,,,,,0.0,0.0,0.0,0.0,0
14.14,-0.2031,-0.1873,303.0769,0.0,0.0004,303.0769,,,,,,,,,,,,0.0,0.0,0.0,0.0,0
14.16,-0.2031,-0.1873,303.0769,0.0,0.0004,303.0769,,,,,,,,,,,,0.0,0.0,0.0,0.0,0
14.18,-0.2031,-0.1873,303.0769,0.0,0.0004,303.0769,,,,,,,,,,,,0.0,0.0,0.0,0.0,0
14.2,-0.2019,-0.1859,303.0872,0.0,0.0004,303.0872,,,,,,,,,,,,0.0,0.0,0.0,0.0,0
14.22,-0.2019,-0.1859,303.0872,0.0,0.0004,303.0872,,,,,,,,,,,,0.0,0.0,0.0,0.0,0
14.24,-0.2019,-0.1859,303.0872,0.0,0.0004,303.0872,,,,,,,,,,,,0.0,0.0,0.0,0.0,0
14.26,-0.2019,-0.1859,303.0872,0.0,0.0004,303.0872,,,,,,,,,,,,0.0,0.0,0.0,0.0,0
14.28,-0.2019,-0.1859,303.0872,0.0,0.0004,303.0872,,,,,,,,,,,,0.0,0.0,0.0,0.0,0
14.3,-0.2072,-0.177,303.0767,0.0,0.0004,303.0767,,,,,,,,,,,,0.0,0.0,0.0,0.0,0
14.32,-0.2072,-0.177,303.0767,0.0,0.0004,303.0767,,,,,,,,,,,,0.0,0.0,0.0,0.0,0
14.34,-0.2072,-0.177,303.0767,0.0,0.0004,303.0767,,,,,,,,,,,,0.0,0.0,0.0,0.0,0
14.36,-0.2072,-0.177,303.0767,0.0,0.0004,303.0767,,,,,,,,,,,,0.0,0.0,0.0,0.0,0
14.38,-0.2072,-0.177,303.0767,0.0,0.0004,303.0767,,,,,,,,,,,,0.0,0.0,0.0,0.0,0
14.4,-0.2053,-0.1695,303.0883,0.0,0.0004,303.0883,,,,,,,,,,,,0.0,0.0,0.0,0.0,0
14.42,-0.2053,-0.1695,303.0883,0.0,0.0004,303.0883,,,,,,,,,,,,0.0,0.0,0.0,0.0,0
14.44,-0.2053,-0.1695,303.0883,0.0,0.0004,303.0883,,,,,,,,,,,,0.0,0.0,0.0,0.0,0
14.46,-0.2053,-0.1695,303.0883,0.0,0.0004,303.0883,,,,,,,,,,,,0.0,0.0,0.0,0.0,0
14.48,-0.2053,-0.1695,303.0883,0.0,0.0004,303.0883,,,,,,,,,,,,0.0,0.0,0.0,0.0,0
14.5,-0.2083,-0.1695,303.0748,0.0,0.0004,303.0748,,,,,,,,,,,,0.0,0.0,0.0,0.0,0
14.52,-0.2083,-0.1695,303.0748,0.0,0.0004,303.0748,,,,,,,,,,,,0.0,0.0,0.0,0.0,0
14.54,-0.2083,-0.1695,303.0748,0.0,0.0004,303.0748,,,,,,,,,,,,0.0,0.0,0.0,0.0,0
14.56,-0.2083,-0.1695,303.0748,0.0,0.0004,303.0748,,,,,,,,,,,,0.0,0.0,0.0,0.0,0
14.58,-0.2083,-0.1695,303.0748,0.0,0.0004,303.0748,,,,,,,,,,,,0.0,0.0,0.0,0.0,0
14.6,-0.2086,-0.1767,303.0846,0.0,0.0004,303.0846,,,,,,,,,,,,0.0,0.0,0.0,0.0,0
14.62,-0.2086,-0.1767,303.0846,0.0,0.0004,303.0846,,,,,,,,,,,,0.0,0.0,0.0,0.0,0
14.64,-0.2086,-0.1767,303.0846,0.0,0.0004,303.0846,,,,,,,,,,,,0.0,0.0,0.0,0.0,0
14.66,-0.2086,-0.1767,303.0846,0.0,0.0004,303.0846,,,,,,,,,,,,0.0,0.0,0.0,0.0,0
14.68,-0.2086,-0.1767,303.0846,0.0,0.0004,303.0846,,,,,,,,,,,,0.0,0.0,0.0,0.0,0
14.7,-0.204,-0.1777,303.0758,0.0,0.0004,303.0758,,,,,,,,,,,,0.0,0.0,0.0,0.0,0
14.72,-0.204,-0.1777,303.0758,0.0,0.0004,303.0758,,,,,,,,,,,,0.0,0.0,0.0,0.0,0
14.74,-0.204,-0.1777,303.0758,0.0,0.0004,303.0758,,,,,,,,,,,,0.0,0.0,0.0,0.0,0
14.76,-0.204,-0.1777,303.0758,0.0,0.0004,303.0758,,,,,,,,,,,,0.0,0.0,0.0,0.0,0
14.78,-0.204,-0.1777,303.0758,0.0,0.0004,303.0758,,,,,,,,,,,,0.0,0.0,0.0,0.0,0
14.8,-0.1997,-0.1839,303.0786,0.0,0.0004,303.0786,,,,,,,,,,,,0.0,0.0,0.0,0.0,0
14.82,-0.1997,-0.1839,303.0786,0.0,0.0004,303.0786,,,,,,,,,,,,0.0,0.0,0.0,0.0,0
14.84,-0.1997,-0.1839,303.0786,0.0,0.0004,303.0786,,,,,,,,,,,,0.0,0.0,0.0,0.0,0
14.86,-0.1997,-0.1839,303.0786,0.0,0.0004,303.0786,,,,,,,,,,,,0.0,0.0,0.0,0.0,0
14.88,-0.1997,-0.1839,303.0786,0.0,0.0004,303.0786,,,,,,,,,,,,0.0,0.0,0.0,0.0,0
14.9,-0.2075,-0.1857,303.0675,0.0,0.0004,303.0675,,,,,,,,,,,,0.0,0.0,0.0,0.0,0
14.92,-0.2075,-0.1857,303.0675,0.0,0.0004,303.0675,,,,,,,,,,,,0.0,0.0,0.0,0.0,0
14.94,-0.2075,-0.1857,303.0675,0.0,0.0004,303.0675,,,,,,,,,,,,0.0,0.0,0.0,0.0,0
14.96,-0.2075,-0.1857,303.0675,0.0,0.0004,303.0675,,,,,,,,,,,,0.0,0.0,0.0,0.0,0
14.98,-0.2075,-0.1857,303.0675,0.0,0.0004,303.0675,,,,,,,,,,,,0.0,0.0,0.0,0.0,0
15.0,-0.2004,-0.185,303.0784,0.0,0.0004,303.0784,,,,,,,,,,,,0.0,0.0,0.0,0.0,0
15.02,-0.2004,-0.185,303.0784,0.0,0.0004,303.0784,,,,,,,,,,,,0.0,0.0,0.0,0.0,0
15.04,-0.2004,-0.185,303.0784,0.0,0.0004,303.0784,,,,,,,,,,,,0.0,0.0,0.0,0.0,0
15.06,-0.2004,-0.185,303.0784,0.0,0.0004,303.0784,,,,,,,,,,,,0.0,0.0,0.0,0.0,0
15.08,-0.2004,-0.185,303.0784,0.0,0.0004,303.0784,,,,,,,,,,,,0.0,0.0,0.0,0.0,0
15.1,-0.1928,-0.1972,303.0686,0.0,0.0004,303.0686,,,,,,,,,,,,0.0,0.0,0.0,0.0,0
15.12,-0.1928,-0.1972,303.0686,0.0,0.0004,303.0686,,,,,,,,,,,,0.0,0.0,0.0,0.0,0
15.14,-0.1928,-0.1972,303.0686,0.0,0.0004,303.0686,,,,,,,,,,,,0.0,0.0,0.0,0.0,0
15.16,-0.1928,-0.1972,303.0686,0.0,0.0004,303.0686,,,,,,,,,,,,0.0,0.0,0.0,0.0,0
15.18,-0.1928,-0.1972,303.0686,0.0,0.0004,303.0686,,,,,,,,,,,,0.0,0.0,0.0,0.0,0
15.2,-0.207,-0.2103,303.0732,0.0,0.0004,303.0732,,,,,,,,,,,,0.0,0.0,0.0,0.0,0
15.22,-0.207,-0.2103,303.0732,0.0,0.0004,303.0732,,,,,,,,,,,,0.0,0.0,0.0,0.0,0
15.24,-0.207,-0.2103,303.0732,0.0,0.0004,303.0732,,,,,,,,,,,,0.0,0.0,0.0,0.0,0
15.26,-0.207,-0.2103,303.0732,0.0,0.0004,303.0732,,,,,,,,,,,,0.0,0.0,0.0,0.0,0
15.28,-0.207,-0.2103,303.0732,0.0,0.0004,303.0732,,,,,,,,,,,,0.0,0.0,0.0,0.0,0
15.3,-0.21,-0.2013,303.0663,0.0,0.0004,303.0663,,,,,,,,,,,,0.0,0.0,0.0,0.0,0
15.32,-0.21,-0.2013,303.0663,0.0,0.0004,303.0663,,,,,,,,,,,,0.0,0.0,0.0,0.0,0
15.34,-0.21,-0.2013,303.0663,0.0,0.0004,303.0663,,,,,,,,,,,,0.0,0.0,0.0,0.0,0
15.36,-0.21,-0.2013,303.0663,0.0,0.0004,303.0663,,,,,,,,,,,,0.0,0.0,0.0,0.0,0
15.38,-0.21,-0.2013,303.0663,0.0,0.0004,303.0663,,,,,,,,,,,,0.0,0.0,0.0,0.0,0
15.4,-0.2083,-0.1972,303.0746,0.0,0.0004,303.0746,,,,,,,,,,,,0.0,0.0,0.0,0.0,0
15.42,-0.2083,-0.1972,303.0746,0.0,0.0004,303.0746,,,,,,,,,,,,0.0,0.0,0.0,0.0,0
15.44,-0.2083,-0.1972,303.0746,0.0,0.0004,303.0746,,,,,,,,,,,,0.0,0.0,0.0,0.0,0
15.46,-0.2083,-0.1972,303.0746,0.0,0.0004,303.0746,,,,,,,,,,,,0.0,0.0,0.0,0.0,0
15.48,-0.2083,-0.1972,303.0746,0.0,0.0004,303.0746,,,,,,,,,,,,0.0,0.0,0.0,0.0,0
15.5,-0.2098,-0.1925,303.0659,0.0,0.0004,303.0659,,,,,,,,,,,,0.0,0.0,0.0,0.0,0
15.52,-0.2098,-0.1925,303.0659,0.0,0.0004,303.0659,,,,,,,,,,,,0.0,0.0,0.0,0.0,0
15.54,-0.2098,-0.1925,303.0659,0.0,0.0004,303.0659,,,,,,,,,,,,0.0,0.0,0.0,0.0,0
15.56,-0.2098,-0.1925,303.0659,0.0,0.0004,303.0659,,,,,,,,,,,,0.0,0.0,0.0,0.0,0
15.58,-0.2098,-0.1925,303.0659,0.0,0.0004,303.0659,,,,,,,,,,,,0.0,0.0,0.0,0.0,0
15.6,-0.22,-0.1855,303.0836,0.0,0.0004,303.0836,,,,,,,,,,,,0.0,0.0,0.0,0.0,0
15.62,-0.22,-0.1855,303.0836,0.0,0.0004,303.0836,,,,,,,,,,,,0.0,0.0,0.0,0.0,0
15.64,-0.22,-0.1855,303.0836,0.0,0.0004,303.0836,,,,,,,,,,,,0.0,0.0,0.0,0.0,0
15.66,-0.22,-0.1855,303.0836,0.0,0.0004,303.0836,,,,,,,,,,,,0.0,0.0,0.0,0.0,0
15.68,-0.22,-0.1855,303.0836,0.0,0.0004,303.0836,,,,,,,,,,,,0.0,0.0,0.0,0.0,0
15.7,-0.2189,-0.1814,303.081,0.0,0.0004,303.081,,,,,,,,,,,,0.0,0.0,0.0,0.0,0
15.72,-0.2189,-0.1814,303.081,0.0,0.0004,303.081,,,,,,,,,,,,0.0,0.0,0.0,0.0,0
15.74,-0.2189,-0.1814,303.081,0.0,0.0004,303.081,,,,,,,,,,,,0.0,0.0,0.0,0.0,0
15.76,-0.2189,-0.1814,303.081,0.0,0.0004,303.081,,,,,,,,,,,,0.0,0.0,0.0,0.0,0
15.78,-0.2189,-0.1814,303.081,0.0,0.0004,303.081,,,,,,,,,,,,0.0,0.0,0.0,0.0,0
15.8,-0.2153,-0.1719,303.0999,0.0,0.0004,303.0999,,,,,,,,,,,,0.0,0.0,0.0,0.0,0
15.82,-0.2153,-0.1719,303.0999,0.0,0.0004,303.0999,,,,,,,,,,,,0.0,0.0,0.0,0.0,0
15.84,-0.2153,-0.1719,303.0999,0.0,0.0004,303.0999,,,,,,,,,,,,0.0,0.0,0.0,0.0,0
15.86,-0.2153,-0.1719,303.0999,0.0,0.0004,303.0999,,,,,,,,,,,,0.0,0.0,0.0,0.0,0
15.88,-0.2153,-0.1719,303.0999,0.0,0.0004,303.0999,,,,,,,,,,,,0.0,0.0,0.0,0.0,0
15.9,-0.2111,-0.1705,303.0854,0.0,0.0004,303.0855,,,,,,,,,,,,0.0,0.0,0.0,0.0,0
15.92,-0.2111,-0.1705,303.0854,0.0,0.0004,303.0855,,,,,,,,,,,,0.0,0.0,0.0,0.0,0
15.94,-0.2111,-0.1705,303.0854,0.0,0.0004,303.0855,,,,,,,,,,,,0.0,0.0,0.0,0.0,0
15.96,-0.2111,-0.1705,303.0854,0.0,0.0004,303.0855,,,,,,,,,,,,0.0,0.0,0.0,0.0,0
15.98,-0.2111,-0.1705,303.0854,0.0,0.0004,303.0855,,,,,,,,,,,,0.0,0.0,0.0,0.0,0
16.0,-0.209,-0.1702,303.0964,0.0,0.0004,303.0964,,,,,,,,,,,,0.0,0.0,0.0,0.0,0
16.02,-0.209,-0.1702,303.0964,0.0,0.0004,303.0964,,,,,,,,,,,,0.0,0.0,0.0,0.0,0
16.04,-0.209,-0.1702,303.0964,0.0,0.0004,303.0964,,,,,,,,,,,,0.0,0.0,0.0,0.0,0
16.06,-0.209,-0.1702,303.0964,0.0,0.0004,303.0964,,,,,,,,,,,,0.0,0.0,0.0,0.0,0
16.08,-0.209,-0.1702,303.0964,0.0,0.0004,303.0964,,,,,,,,,,,,0.0,0.0,0.0,0.0,0
16.1,-0.2106,-0.1719,303.0864,0.0,0.0004,303.0864,,,,,,,,,,,,0.0,0.0,0.0,0.0,0
16.12,-0.2106,-0.1719,303.0864,0.0,0.0004,303.0864,,,,,,,,,,,,0.0,0.0,0.0,0.0,0
16.14,-0.2106,-0.1719,303.0864,0.0,0.0004,303.0864,,,,,,,,,,,,0.0,0.0,0.0,0.0,0
16.16,-0.2106,-0.1719,303.0864,0.0,0.0004,303.0864,,,,,,,,,,,,0.0,0.0,0.0,0.0,0
16.18,-0.2106,-0.1719,303.0864,0.0,0.0004,303.0864,,,,,,,,,,,,0.0,0.0,0.0,0.0,0
16.2,-0.2024,-0.1779,303.0871,0.0,0.0004,303.0871,,,,,,,,,,,,0.0,0.0,0.0,0.0,0
16.22,-0.2024,-0.1779,303.0871,0.0,0.0004,303.0871,,,,,,,,,,,,0.0,0.0,0.0,0.0,0
16.24,-0.2024,-0.1779,303.0871,0.0,0.0004,303.0871,,,,,,,,,,,,0.0,0.0,0.0,0.0,0
16.26,-0.2024,-0.1779,303.0871,0.0,0.0004,303.0871,,,,,,,,,,,,0.0,0.0,0.0,0.0,0
16.28,-0.2024,-0.1779,303.0871,0.0,0.0004,303.0871,,,,,,,,,,,,0.0,0.0,0.0,0.0,0
16.3,-0.2024,-0.1779,303.0871,0.0,0.0004,303.0871,,,,,,,,,,,,0.0,0.0,0.0,0.0,0
16.32,-0.1976,-0.1847,303.0849,0.0,0.0004,303.0849,,,,,,,,,,,,0.0,0.0,0.0,0.0,0
16.34,-0.1976,-0.1847,303.0849,0.0,0.0004,303.0849,,,,,,,,,,,,0.0,0.0,0.0,0.0,0
16.36,-0.1976,-0.1847,303.0849,0.0,0.0004,303.0849,,,,,,,,,,,,0.0,0.0,0.0,0.0,0
16.38,-0.1976,-0.1847,303.0849,0.0,0.0004,303.0849,,,,,,,,,,,,0.0,0.0,0.0,0.0,0
16.4,-0.2059,-0.1863,303.0787,0.0,0.0004,303.0787,,,,,,,,,,,,0.0,0.0,0.0,0.0,0
16.42,-0.2059,-0.1863,303.0787,0.0,0.0004,303.0787,,,,,,,,,,,,0.0,0.0,0.0,0.0,0
16.44,-0.2059,-0.1863,303.0787,0.0,0.0004,303.0787,,,,,,,,,,,,0.0,0.0,0.0,0.0,0
16.46,-0.2059,-0.1863,303.0787,0.0,0.0004,303.0787,,,,,,,,,,,,0.0,0.0,0.0,0.0,0
16.48,-0.2059,-0.1863,303.0787,0.0,0.0004,303.0787,,,,,,,,,,,,0.0,0.0,0.0,0.0,0
16.5,-0.2026,-0.1852,303.0859,0.0,0.0004,303.0859,,,,,,,,,,,,0.0,0.0,0.0,0.0,0
16.52,-0.2026,-0.1852,303.0859,0.0,0.0004,303.0859,,,,,,,,,,,,0.0,0.0,0.0,0.0,0
16.54,-0.2026,-0.1852,303.0859,0.0,0.0004,303.0859,,,,,,,,,,,,0.0,0.0,0.0,0.0,0
16.56,-0.2026,-0.1852,303.0859,0.0,0.0004,303.0859,,,,,,,,,,,,0.0,0.0,0.0,0.0,0
16.58,-0.2026,-0.1852,303.0859,0.0,0.0004,303.0859,,,,,,,,,,,,0.0,0.0,0.0,0.0,0
16.6,-0.1976,-0.1857,303.0795,0.0,0.0004,303.0795,,,,,,,,,,,,0.0,0.0,0.0,0.0,0
16.62,-0.1976,-0.1857,303.0795,0.0,0.0004,303.0795,,,,,,,,,,,,0.0,0.0,0.0,0.0,0
16.64,-0.1976,-0.1857,303.0795,0.0,0.0004,303.0795,,,,,,,,,,,,0.0,0.0,0.0,0.0,0
16.66,-0.1976,-0.1857,303.0795,0.0,0.0004,303.0795,,,,,,,,,,,,0.0,0.0,0.0,0.0,0
16.68,-0.1976,-0.1857,303.0795,0.0,0.0004,303.0795,,,,,,,,,,,,0.0,0.0,0.0,0.0,0
16.7,-0.2004,-0.1885,303.0906,0.0,0.0004,303.0906,,,,,,,,,,,,0.0,0.0,0.0,0.0,0
16.72,-0.2004,-0.1885,303.0906,0.0,0.0004,303.0906,,,,,,,,,,,,0.0,0.0,0.0,0.0,0
16.74,-0.2004,-0.1885,303.0906,0.0,0.0004,303.0906,,,,,,,,,,,,0.0,0.0,0.0,0.0,0
16.76,-0.2004,-0.1885,303.0906,0.0,0.0004,303.0906,,,,,,,,,,,,0.0,0.0,0.0,0.0,0
16.78,-0.2004,-0.1885,303.0906,0.0,0.0004,303.0906,,,,,,,,,,,,0.0,0.0,0.0,0.0,0
16.8,-0.2027,-0.1907,303.08,0.0,0.0004,303.08,,,,,,,,,,,,0.0,0.0,0.0,0.0,0
16.82,-0.2027,-0.1907,303.08,0.0,0.0004,303.08,,,,,,,,,,,,0.0,0.0,0.0,0.0,0
16.84,-0.2027,-0.1907,303.08,0.0,0.0004,303.08,,,,,,,,,,,,0.0,0.0,0.0,0.0,0
16.86,-0.2027,-0.1907,303.08,0.0,0.0004,303.08,,,,,,,,,,,,0.0,0.0,0.0,0.0,0
16.88,-0.2027,-0.1907,303.08,0.0,0.0004,303.08,,,,,,,,,,,,0.0,0.0,0.0,0.0,0
16.9,-0.2027,-0.1907,303.08,0.0,0.0004,303.08,,,,,,,,,,,,0.0,0.0,0.0,0.0,0
16.92,-0.2009,-0.1913,303.097,0.0,0.0004,303.097,,,,,,,,,,,,0.0,0.0,0.0,0.0,0
16.94,-0.2009,-0.1913,303.097,0.0,0.0004,303.097,,,,,,,,,,,,0.0,0.0,0.0,0.0,0
16.96,-0.2009,-0.1913,303.097,0.0,0.0004,303.097,,,,,,,,,,,,0.0,0.0,0.0,0.0,0
16.98,-0.2009,-0.1913,303.097,0.0,0.0004,303.097,,,,,,,,,,,,0.0,0.0,0.0,0.0,0
17.0,-0.1948,-0.1937,303.0834,0.0,0.0004,303.0834,,,,,,,,,,,,0.0,0.0,0.0,0.0,0
17.02,-0.1948,-0.1937,303.0834,0.0,0.0004,303.0834,,,,,,,,,,,,0.0,0.0,0.0,0.0,0
17.04,-0.1948,-0.1937,303.0834,0.0,0.0004,303.0834,,,,,,,,,,,,0.0,0.0,0.0,0.0,0
17.06,-0.1948,-0.1937,303.0834,0.0,0.0004,303.0834,,,,,,,,,,,,0.0,0.0,0.0,0.0,0
17.08,-0.1948,-0.1937,303.0834,0.0,0.0004,303.0834,,,,,,,,,,,,0.0,0.0,0.0,0.0,0
17.1,-0.1927,-0.1912,303.0951,0.0,0.0004,303.095,,,,,,,,,,,,0.0,0.0,0.0,0.0,0
17.12,-0.1927,-0.1912,303.0951,0.0,0.0004,303.095,,,,,,,,,,,,0.0,0.0,0.0,0.0,0
17.14,-0.1927,-0.1912,303.0951,0.0,0.0004,303.095,,,,,,,,,,,,0.0,0.0,0.0,0.0,0
17.16,-0.1927,-0.1912,303.0951,0.0,0.0004,303.095,,,,,,,,,,,,0.0,0.0,0.0,0.0,0
17.18,-0.1927,-0.1912,303.0951,0.0,0.0004,303.095,,,,,,,,,,,,0.0,0.0,0.0,0.0,0
17.2,-0.1956,-0.1959,303.0793,0.0,0.0004,303.0793,,,,,,,,,,,,0.0,0.0,0.0,0.0,0
17.22,-0.1956,-0.1959,303.0793,0.0,0.0004,303.0793,,,,,,,,,,,,0.0,0.0,0.0,0.0,0
17.24,-0.1956,-0.1959,303.0793,0.0,0.0004,303.0793,,,,,,,,,,,,0.0,0.0,0.0,0.0,0
17.26,-0.1956,-0.1959,303.0793,0.0,0.0004,303.0793,,,,,,,,,,,,0.0,0.0,0.0,0.0,0
17.28,-0.1956,-0.1959,303.0793,0.0,0.0004,303.0793,,,,,,,,,,,,0.0,0.0,0.0,0.0,0
17.3,-0.1946,-0.2024,303.0965,0.0,0.0004,303.0965,,,,,,,,,,,,0.0,0.0,0.0,0.0,0
17.32,-0.1946,-0.2024,303.0965,0.0,0.0004,303.0965,,,,,,,,,,,,0.0,0.0,0.0,0.0,0
17.34,-0.1946,-0.2024,303.0965,0.0,0.0004,303.0965,,,,,,,,,,,,0.0,0.0,0.0,0.0,0
17.36,-0.1946,-0.2024,303.0965,0.0,0.0004,303.0965,,,,,,,,,,,,0.0,0.0,0.0,0.0,0
17.38,-0.1946,-0.2024,303.0965,0.0,0.0004,303.0965,,,,,,,,,,,,0.0,0.0,0.0,0.0,0
17.4,-0.1956,-0.2021,303.0795,0.0,0.0004,303.0795,,,,,,,,,,,,0.0,0.0,0.0,0.0,0
17.42,-0.1956,-0.2021,303.0795,0.0,0.0004,303.0795,,,,,,,,,,,,0.0,0.0,0.0,0.0,0
17.44,-0.1956,-0.2021,303.0795,0.0,0.0004,303.0795,,,,,,,,,,,,0.0,0.0,0.0,0.0,0
17.46,-0.1956,-0.2021,303.0795,0.0,0.0004,303.0795,,,,,,,,,,,,0.0,0.0,0.0,0.0,0
17.48,-0.1956,-0.2021,303.0795,0.0,0.0004,303.0795,,,,,,,,,,,,0.0,0.0,0.0,0.0,0
17.5,-0.1924,-0.1991,303.0939,0.0,0.0004,303.0939,,,,,,,,,,,,0.0,0.0,0.0,0.0,0
17.52,-0.1924,-0.1991,303.0939,0.0,0.0004,303.0939,,,,,,,,,,,,0.0,0.0,0.0,0.0,0
17.54,-0.1924,-0.1991,303.0939,0.0,0.0004,303.0939,,,,,,,,,,,,0.0,0.0,0.0,0.0,0
17.56,-0.1924,-0.1991,303.0939,0.0,0.0004,303.0939,,,,,,,,,,,,0.0,0.0,0.0,0.0,0
17.58,-0.1924,-0.1991,303.0939,0.0,0.0004,303.0939,,,,,,,,,,,,0.0,0.0,0.0,0.0,0
17.6,-0.1925,-0.1947,303.0772,0.0,0.0004,303.0772,,,,,,,,,,,,0.0,0.0,0.0,0.0,0
17.62,-0.1925,-0.1947,303.0772,0.0,0.0004,303.0772,,,,,,,,,,,,0.0,0.0,0.0,0.0,0
17.64,-0.1925,-0.1947,303.0772,0.0,0.0004,303.0772,,,,,,,,,,,,0.0,0.0,0.0,0.0,0
17.66,-0.1925,-0.1947,303.0772,0.0,0.0004,303.0772,,,,,,,,,,,,0.0,0.0,0.0,0.0,0
17.68,-0.1925,-0.1947,303.0772,0.0,0.0004,303.0772,,,,,,,,,,,,0.0,0.0,0.0,0.0,0
17.7,-0.1902,-0.1974,303.0895,0.0,0.0004,303.0895,,,,,,,,,,,,0.0,0.0,0.0,0.0,0
17.72,-0.1902,-0.1974,303.0895,0.0,0.0004,303.0895,,,,,,,,,,,,0.0,0.0,0.0,0.0,0
17.74,-0.1902,-0.1974,303.0895,0.0,0.0004,303.0895,,,,,,,,,,,,0.0,0.0,0.0,0.0,0
17.76,-0.1902,-0.1974,303.0895,0.0,0.0004,303.0895,,,,,,,,,,,,0.0,0.0,0.0,0.0,0
17.78,-0.1902,-0.1974,303.0895,0.0,0.0004,303.0895,,,,,,,,,,,,0.0,0.0,0.0,0.0,0
17.8,-0.1878,-0.1985,303.0786,0.0,0.0004,303.0786,,,,,,,,,,,,0.0,0.0,0.0,0.0,0
17.82,-0.1878,-0.1985,303.0786,0.0,0.0004,303.0786,,,,,,,,,,,,0.0,0.0,0.0,0.0,0
17.84,-0.1878,-0.1985,303.0786,0.0,0.0004,303.0786,,,,,,,,,,,,0.0,0.0,0.0,0.0,0
17.86,-0.1878,-0.1985,303.0786,0.0,0.0004,303.0786,,,,,,,,,,,,0.0,0.0,0.0,0.0,0
17.88,-0.1878,-0.1985,303.0786,0.0,0.0004,303.0786,,,,,,,,,,,,0.0,0.0,0.0,0.0,0
17.9,-0.1898,-0.1968,303.0872,0.0,0.0004,303.0872,,,,,,,,,,,,0.0,0.0,0.0,0.0,0
17.92,-0.1898,-0.1968,303.0872,0.0,0.0004,303.0872,,,,,,,,,,,,0.0,0.0,0.0,0.0,0
17.94,-0.1898,-0.1968,303.0872,0.0,0.0004,303.0872,,,,,,,,,,,,0.0,0.0,0.0,0.0,0
17.96,-0.1898,-0.1968,303.0872,0.0,0.0004,303.0872,,,,,,,,,,,,0.0,0.0,0.0,0.0,0
17.98,-0.1898,-0.1968,303.0872,0.0,0.0004,303.0872,,,,,,,,,,,,0.0,0.0,0.0,0.0,0
18.0,-0.181,-0.1955,303.0772,0.0,0.0004,303.0772,,,,,,,,,,,,0.0,0.0,0.0,0.0,0
18.02,-0.181,-0.1955,303.0772,0.0,0.0004,303.0772,,,,,,,,,,,,0.0,0.0,0.0,0.0,0
18.04,-0.181,-0.1955,303.0772,0.0,0.0004,303.0772,,,,,,,,,,,,0.0,0.0,0.0,0.0,0
18.06,-0.181,-0.1955,303.0772,0.0,0.0004,303.0772,,,,,,,,,,,,0.0,0.0,0.0,0.0,0
18.08,-0.181,-0.1955,303.0772,0.0,0.0004,303.0772,,,,,,,,,,,,0.0,0.0,0.0,0.0,0
18.1,-0.1802,-0.189,303.0839,0.0,0.0004,303.0839,,,,,,,,,,,,0.0,0.0,0.0,0.0,0
18.12,-0.1802,-0.189,303.0839,0.0,0.0004,303.0839,,,,,,,,,,,,0.0,0.0,0.0,0.0,0
18.14,-0.1802,-0.189,303.0839,0.0,0.0004,303.0839,,,,,,,,,,,,0.0,0.0,0.0,0.0,0
18.16,-0.1802,-0.189,303.0839,0.0,0.0004,303.0839,,,,,,,,,,,,0.0,0.0,0.0,0.0,0
18.18,-0.1802,-0.189,303.0839,0.0,0.0004,303.0839,,,,,,,,,,,,0.0,0.0,0.0,0.0,0
18.2,-0.1828,-0.1845,303.0768,0.0,0.0004,303.0768,,,,,,,,,,,,0.0,0.0,0.0,0.0,0
18.22,-0.1828,-0.1845,303.0768,0.0,0.0004,303.0768,,,,,,,,,,,,0.0,0.0,0.0,0.0,0
18.24,-0.1828,-0.1845,303.0768,0.0,0.0004,303.0768,,,,,,,,,,,,0.0,0.0,0.0,0.0,0
18.26,-0.1828,-0.1845,303.0768,0.0,0.0004,303.0768,,,,,,,,,,,,0.0,0.0,0.0,0.0,0
18.28,-0.1828,-0.1845,303.0768,0.0,0.0004,303.0768,,,,,,,,,,,,0.0,0.0,0.0,0.0,0
18.3,-0.1828,-0.1845,303.0768,0.0,0.0004,303.0768,,,,,,,,,,,,0.0,0.0,0.0,0.0,0
18.32,-0.1828,-0.1845,303.0768,0.0,0.0004,303.0768,,,,,,,,,,,,0.0,0.0,0.0,0.0,0
18.34,-0.1828,-0.1845,303.0768,0.0,0.0004,303.0768,,,,,,,,,,,,0.0,0.0,0.0,0.0,0
18.36,-0.1828,-0.1845,303.0768,0.0,0.0004,303.0768,,,,,,,,,,,,0.0,0.0,0.0,0.0,0
18.38,-0.1828,-0.1845,303.0768,0.0,0.0004,303.0768,,,,,,,,,,,,0.0,0.0,0.0,0.0,0
18.4,-0.1828,-0.1845,303.0768,0.0,0.0004,303.0768,,,,,,,,,,,,0.0,0.0,0.0,0.0,0
18.42,-0.1828,-0.1845,303.0768,0.0,0.0004,303.0768,,,,,,,,,,,,0.0,0.0,0.0,0.0,0
18.44,-0.1828,-0.1845,303.0768,0.0,0.0004,303.0768,,,,,,,,,,,,0.0,0.0,0.0,0.0,0
18.46,-0.1828,-0.1845,303.0768,0.0,0.0004,303.0768,,,,,,,,,,,,0.0,0.0,0.0,0.0,0
18.48,-0.1828,-0.1845,303.0768,0.0,0.0004,303.0768,,,,,,,,,,,,0.0,0.0,0.0,0.0,0
18.5,-0.1828,-0.1845,303.0768,0.0,0.0004,303.0768,,,,,,,,,,,,0.0,0.0,0.0,0.0,0
18.52,-0.1828,-0.1845,303.0768,0.0,0.0004,303.0768,,,,,,,,,,,,0.0,0.0,0.0,0.0,0
18.54,-0.1828,-0.1845,303.0768,0.0,0.0004,303.0768,,,,,,,,,,,,0.0,0.0,0.0,0.0,0
18.56,-0.1828,-0.1845,303.0768,0.0,0.0004,303.0768,,,,,,,,,,,,0.0,0.0,0.0,0.0,0
18.58,-0.1828,-0.1845,303.0768,0.0,0.0004,303.0768,,,,,,,,,,,,0.0,0.0,0.0,0.0,0
18.6,-0.1828,-0.1845,303.0768,0.0,0.0004,303.0768,,,,,,,,,,,,0.0,0.0,0.0,0.0,0
18.62,-0.1828,-0.1845,303.0768,0.0,0.0004,303.0768,,,,,,,,,,,,0.0,0.0,0.0,0.0,0
18.64,-0.1828,-0.1845,303.0768,0.0,0.0004,303.0768,,,,,,,,,,,,0.0,0.0,0.0,0.0,0
18.66,-0.1828,-0.1845,303.0768,0.0,0.0004,303.0768,,,,,,,,,,,,0.0,0.0,0.0,0.0,0
18.68,-0.1828,-0.1845,303.0768,0.0,0.0004,303.0768,,,,,,,,,,,,0.0,0.0,0.0,0.0,0
18.7,-0.1828,-0.1845,303.0768,0.0,0.0004,303.0768,,,,,,,,,,,,0.0,0.0,0.0,0.0,0
18.72,-0.1828,-0.1845,303.0768,0.0,0.0004,303.0768,,,,,,,,,,,,0.0,0.0,0.0,0.0,0
18.74,-0.1828,-0.1845,303.0768,0.0,0.0004,303.0768,,,,,,,,,,,,0.0,0.0,0.0,0.0,0
18.76,-0.1828,-0.1845,303.0768,0.0,0.0004,303.0768,,,,,,,,,,,,0.0,0.0,0.0,0.0,0
18.78,-0.1828,-0.1845,303.0768,0.0,0.0004,303.0768,,,,,,,,,,,,0.0,0.0,0.0,0.0,0
18.8,-0.1828,-0.1845,303.0768,0.0,0.0004,303.0768,,,,,,,,,,,,0.0,0.0,0.0,0.0,0
18.82,-0.1828,-0.1845,303.0768,0.0,0.0004,303.0768,,,,,,,,,,,,0.0,0.0,0.0,0.0,0
18.84,-0.1828,-0.1845,303.0768,0.0,0.0004,303.0768,,,,,,,,,,,,0.0,0.0,0.0,0.0,0
18.86,-0.1828,-0.1845,303.0768,0.0,0.0004,303.0768,,,,,,,,,,,,0.0,0.0,0.0,0.0,0
18.88,-0.1828,-0.1845,303.0768,0.0,0.0004,303.0768,,,,,,,,,,,,0.0,0.0,0.0,0.0,0
18.9,-0.1828,-0.1845,303.0768,0.0,0.0004,303.0768,,,,,,,,,,,,0.0,0.0,0.0,0.0,0
18.92,-0.1828,-0.1845,303.0768,0.0,0.0004,303.0768,,,,,,,,,,,,0.0,0.0,0.0,0.0,0
18.94,-0.1828,-0.1845,303.0768,0.0,0.0004,303.0768,,,,,,,,,,,,0.0,0.0,0.0,0.0,0
18.96,-0.1828,-0.1845,303.0768,0.0,0.0004,303.0768,,,,,,,,,,,,0.0,0.0,0.0,0.0,0
18.98,-0.1828,-0.1845,303.0768,0.0,0.0004,303.0768,,,,,,,,,,,,0.0,0.0,0.0,0.0,0
19.0,-0.1828,-0.1845,303.0768,0.0,0.0004,303.0768,,,,,,,,,,,,0.0,0.0,0.0,0.0,0
19.02,-0.1828,-0.1845,303.0768,0.0,0.0004,303.0768,,,,,,,,,,,,0.0,0.0,0.0,0.0,0
19.04,-0.1828,-0.1845,303.0768,0.0,0.0004,303.0768,,,,,,,,,,,,0.0,0.0,0.0,0.0,0
19.06,-0.1828,-0.1845,303.0768,0.0,0.0004,303.0768,,,,,,,,,,,,0.0,0.0,0.0,0.0,0
19.08,-0.1828,-0.1845,303.0768,0.0,0.0004,303.0768,,,,,,,,,,,,0.0,0.0,0.0,0.0,0
19.1,-0.1828,-0.1845,303.0768,0.0,0.0004,303.0768,,,,,,,,,,,,0.0,0.0,0.0,0.0,0
19.12,-0.1828,-0.1845,303.0768,0.0,0.0004,303.0768,,,,,,,,,,,,0.0,0.0,0.0,0.0,0
19.14,-0.1828,-0.1845,303.0768,0.0,0.0004,303.0768,,,,,,,,,,,,0.0,0.0,0.0,0.0,0
19.16,-0.1828,-0.1845,303.0768,0.0,0.0004,303.0768,,,,,,,,,,,,0.0,0.0,0.0,0.0,0
19.18,-0.1828,-0.1845,303.0768,0.0,0.0004,303.0768,,,,,,,,,,,,0.0,0.0,0.0,0.0,0
19.2,-0.1828,-0.1845,303.0768,0.0,0.0004,303.0768,,,,,,,,,,,,0.0,0.0,0.0,0.0,0
19.22,-0.1828,-0.1845,303.0768,0.0,0.0004,303.0768,,,,,,,,,,,,0.0,0.0,0.0,0.0,0
19.24,-0.1828,-0.1845,303.0768,0.0,0.0004,303.0768,,,,,,,,,,,,0.0,0.0,0.0,0.0,0
19.26,-0.1828,-0.1845,303.0768,0.0,0.0004,303.0768,,,,,,,,,,,,0.0,0.0,0.0,0.0,0
19.28,-0.1828,-0.1845,303.0768,0.0,0.0004,303.0768,,,,,,,,,,,,0.0,0.0,0.0,0.0,0
19.3,-0.1828,-0.1845,303.0768,0.0,0.0004,303.0768,,,,,,,,,,,,0.0,0.0,0.0,0.0,0
19.32,-0.1828,-0.1845,303.0768,0.0,0.0004,303.0768,,,,,,,,,,,,0.0,0.0,0.0,0.0,0
19.34,-0.1828,-0.1845,303.0768,0.0,0.0004,303.0768,,,,,,,,,,,,0.0,0.0,0.0,0.0,0
19.36,-0.1828,-0.1845,303.0768,0.0,0.0004,303.0768,,,,,,,,,,,,0.0,0.0,0.0,0.0,0
19.38,-0.1828,-0.1845,303.0768,0.0,0.0004,303.0768,,,,,,,,,,,,0.0,0.0,0.0,0.0,0
19.4,-0.1828,-0.1845,303.0768,0.0,0.0004,303.0768,,,,,,,,,,,,0.0,0.0,0.0,0.0,0
19.42,-0.1828,-0.1845,303.0768,0.0,0.0004,303.0768,,,,,,,,,,,,0.0,0.0,0.0,0.0,0
19.44,-0.1828,-0.1845,303.0768,0.0,0.0004,303.0768,,,,,,,,,,,,0.0,0.0,0.0,0.0,0
19.46,-0.1828,-0.1845,303.0768,0.0,0.0004,303.0768,,,,,,,,,,,,0.0,0.0,0.0,0.0,0
19.48,-0.1828,-0.1845,303.0768,0.0,0.0004,303.0768,,,,,,,,,,,,0.0,0.0,0.0,0.0,0
19.5,-0.1828,-0.1845,303.0768,0.0,0.0004,303.0768,,,,,,,,,,,,0.0,0.0,0.0,0.0,0
19.52,-0.1828,-0.1845,303.0768,0.0,0.0004,303.0768,,,,,,,,,,,,0.0,0.0,0.0,0.0,0
19.54,-0.1828,-0.1845,303.0768,0.0,0.0004,303.0768,,,,,,,,,,,,0.0,0.0,0.0,0.0,0
19.56,-0.1828,-0.1845,303.0768,0.0,0.0004,303.0768,,,,,,,,,,,,0.0,0.0,0.0,0.0,0
19.58,-0.1828,-0.1845,303.0768,0.0,0.0004,303.0768,,,,,,,,,,,,0.0,0.0,0.0,0.0,0
19.6,-0.1828,-0.1845,303.0768,0.0,0.0004,303.0768,,,,,,,,,,,,0.0,0.0,0.0,0.0,0
19.62,-0.1828,-0.1845,303.0768,0.0,0.0004,303.0768,,,,,,,,,,,,0.0,0.0,0.0,0.0,0
19.64,-0.1828,-0.1845,303.0768,0.0,0.0004,303.0768,,,,,,,,,,,,0.0,0.0,0.0,0.0,0
19.66,-0.1828,-0.1845,303.0768,0.0,0.0004,303.0768,,,,,,,,,,,,0.0,0.0,0.0,0.0,0
19.68,-0.1828,-0.1845,303.0768,0.0,0.0004,303.0768,,,,,,,,,,,,0.0,0.0,0.0,0.0,0
19.7,-0.1828,-0.1845,303.0768,0.0,0.0004,303.0768,,,,,,,,,,,,0.0,0.0,0.0,0.0,0
19.72,-0.1828,-0.1845,303.0768,0.0,0.0004,303.0768,,,,,,,,,,,,0.0,0.0,0.0,0.0,0
19.74,-0.1828,-0.1845,303.0768,0.0,0.0004,303.0768,,,,,,,,,,,,0.0,0.0,0.0,0.0,0
19.76,-0.1828,-0.1845,303.0768,0.0,0.0004,303.0768,,,,,,,,,,,,0.0,0.0,0.0,0.0,0
19.78,-0.1828,-0.1845,303.0768,0.0,0.0004,303.0768,,,,,,,,,,,,0.0,0.0,0.0,0.0,0
19.8,-0.1828,-0.1845,303.0768,0.0,0.0004,303.0768,,,,,,,,,,,,0.0,0.0,0.0,0.0,0
19.82,-0.1828,-0.1845,303.0768,0.0,0.0004,303.0768,,,,,,,,,,,,0.0,0.0,0.0,0.0,0
19.84,-0.1828,-0.1845,303.0768,0.0,0.0004,303.0768,,,,,,,,,,,,0.0,0.0,0.0,0.0,0
19.86,-0.1828,-0.1845,303.0768,0.0,0.0004,303.0768,,,,,,,,,,,,0.0,0.0,0.0,0.0,0
19.88,-0.1828,-0.1845,303.0768,0.0,0.0004,303.0768,,,,,,,,,,,,0.0,0.0,0.0,0.0,0
19.9,-0.1828,-0.1845,303.0768,0.0,0.0004,303.0768,,,,,,,,,,,,0.0,0.0,0.0,0.0,0
19.92,-0.1828,-0.1845,303.0768,0.0,0.0004,303.0768,,,,,,,,,,,,0.0,0.0,0.0,0.0,0
19.94,-0.1828,-0.1845,303.0768,0.0,0.0004,303.0768,,,,,,,,,,,,0.0,0.0,0.0,0.0,0
19.96,-0.1828,-0.1845,303.0768,0.0,0.0004,303.0768,,,,,,,,,,,,0.0,0.0,0.0,0.0,0
19.98,-0.1828,-0.1845,303.0768,0.0,0.0004,303.0768,,,,,,,,,,,,0.0,0.0,0.0,0.0,0
20.0,-0.1828,-0.1845,303.0768,0.0,0.0004,303.0768,,,,,,,,,,,,0.0,0.0,0.0,0.0,0
20.02,-0.1828,-0.1845,303.0768,0.0,0.0004,303.0768,,,,,,,,,,,,0.0,0.0,0.0,0.0,0
20.04,-0.1828,-0.1845,303.0768,0.0,0.0004,303.0768,,,,,,,,,,,,0.0,0.0,0.0,0.0,0
20.06,-0.1828,-0.1845,303.0768,0.0,0.0004,303.0768,,,,,,,,,,,,0.0,0.0,0.0,0.0,0
20.08,-0.1828,-0.1845,303.0768,0.0,0.0004,303.0768,,,,,,,,,,,,0.0,0.0,0.0,0.0,0
20.1,-0.1828,-0.1845,303.0768,0.0,0.0004,303.0768,,,,,,,,,,,,0.0,0.0,0.0,0.0,0
20.12,-0.1828,-0.1845,303.0768,0.0,0.0004,303.0768,,,,,,,,,,,,0.0,0.0,0.0,0.0,0
20.14,-0.1828,-0.1845,303.0768,0.0,0.0004,303.0768,,,,,,,,,,,,0.0,0.0,0.0,0.0,0
20.16,-0.1828,-0.1845,303.0768,0.0,0.0004,303.0768,,,,,,,,,,,,0.0,0.0,0.0,0.0,0
20.18,-0.1828,-0.1845,303.0768,0.0,0.0004,303.0768,,,,,,,,,,,,0.0,0.0,0.0,0.0,0
20.2,-0.1828,-0.1845,303.0768,0.0,0.0004,303.0768,,,,,,,,,,,,0.0,0.0,0.0,0.0,0
20.22,-0.1828,-0.1845,303.0768,0.0,0.0004,303.0768,,,,,,,,,,,,0.0,0.0,0.0,0.0,0
20.24,-0.1828,-0.1845,303.0768,0.0,0.0004,303.0768,,,,,,,,,,,,0.0,0.0,0.0,0.0,0
20.26,-0.1828,-0.1845,303.0768,0.0,0.0004,303.0768,,,,,,,,,,,,0.0,0.0,0.0,0.0,0
20.28,-0.1828,-0.1845,303.0768,0.0,0.0004,303.0768,,,,,,,,,,,,0.0,0.0,0.0,0.0,0
20.3,-0.1828,-0.1845,303.0768,0.0,0.0004,303.0768,,,,,,,,,,,,0.0,0.0,0.0,0.0,0
20.32,-0.1828,-0.1845,303.0768,0.0,0.0004,303.0768,,,,,,,,,,,,0.0,0.0,0.0,0.0,0
20.34,-0.1828,-0.1845,303.0768,0.0,0.0004,303.0768,,,,,,,,,,,,0.0,0.0,0.0,0.0,0
20.36,-0.1828,-0.1845,303.0768,0.0,0.0004,303.0768,,,,,,,,,,,,0.0,0.0,0.0,0.0,0
20.38,-0.1828,-0.1845,303.0768,0.0,0.0004,303.0768,,,,,,,,,,,,0.0,0.0,0.0,0.0,0
20.4,-0.1828,-0.1845,303.0768,0.0,0.0004,303.0768,,,,,,,,,,,,0.0,0.0,0.0,0.0,0
20.42,-0.1828,-0.1845,303.0768,0.0,0.0004,303.0768,,,,,,,,,,,,0.0,0.0,0.0,0.0,0
20.44,-0.1828,-0.1845,303.0768,0.0,0.0004,303.0768,,,,,,,,,,,,0.0,0.0,0.0,0.0,0
20.46,-0.1828,-0.1845,303.0768,0.0,0.0004,303.0768,,,,,,,,,,,,0.0,0.0,0.0,0.0,0
20.48,-0.1828,-0.1845,303.0768,0.0,0.0004,303.0768,,,,,,,,,,,,0.0,0.0,0.0,0.0,0
20.5,-0.1828,-0.1845,303.0768,0.0,0.0004,303.0768,,,,,,,,,,,,0.0,0.0,0.0,0.0,0
20.52,-0.1828,-0.1845,303.0768,0.0,0.0004,303.0768,,,,,,,,,,,,0.0,0.0,0.0,0.0,0
20.54,-0.1828,-0.1845,303.0768,0.0,0.0004,303.0768,,,,,,,,,,,,0.0,0.0,0.0,0.0,0
20.56,-0.1828,-0.1845,303.0768,0.0,0.0004,303.0768,,,,,,,,,,,,0.0,0.0,0.0,0.0,0
20.58,-0.1828,-0.1845,303.0768,0.0,0.0004,303.0768,,,,,,,,,,,,0.0,0.0,0.0,0.0,0
20.6,-0.1828,-0.1845,303.0768,0.0,0.0004,303.0768,,,,,,,,,,,,0.0,0.0,0.0,0.0,0
20.62,-0.1828,-0.1845,303.0768,0.0,0.0004,303.0768,,,,,,,,,,,,0.0,0.0,0.0,0.0,0
20.64,-0.1828,-0.1845,303.0768,0.0,0.0004,303.0768,,,,,,,,,,,,0.0,0.0,0.0,0.0,0
20.66,-0.1828,-0.1845,303.0768,0.0,0.0004,303.0768,,,,,,,,,,,,0.0,0.0,0.0,0.0,0
20.68,-0.1828,-0.1845,303.0768,0.0,0.0004,303.0768,,,,,,,,,,,,0.0,0.0,0.0,0.0,0
20.7,-0.1828,-0.1845,303.0768,0.0,0.0004,303.0768,,,,,,,,,,,,0.0,0.0,0.0,0.0,0
20.72,-0.1828,-0.1845,303.0768,0.0,0.0004,303.0768,,,,,,,,,,,,0.0,0.0,0.0,0.0,0
20.74,-0.1828,-0.1845,303.0768,0.0,0.0004,303.0768,,,,,,,,,,,,0.0,0.0,0.0,0.0,0
20.76,-0.1828,-0.1845,303.0768,0.0,0.0004,303.0768,,,,,,,,,,,,0.0,0.0,0.0,0.0,0
20.78,-0.1828,-0.1845,303.0768,0.0,0.0004,303.0768,,,,,,,,,,,,0.0,0.0,0.0,0.0,0
20.8,-0.1828,-0.1845,303.0768,0.0,0.0004,303.0768,,,,,,,,,,,,0.0,0.0,0.0,0.0,0
20.82,-0.1828,-0.1845,303.0768,0.0,0.0004,303.0768,,,,,,,,,,,,0.0,0.0,0.0,0.0,0
20.84,-0.1828,-0.1845,303.0768,0.0,0.0004,303.0768,,,,,,,,,,,,0.0,0.0,0.0,0.0,0
20.86,-0.1828,-0.1845,303.0768,0.0,0.0004,303.0768,,,,,,,,,,,,0.0,0.0,0.0,0.0,0
20.88,-0.1828,-0.1845,303.0768,0.0,0.0004,303.0768,,,,,,,,,,,,0.0,0.0,0.0,0.0,0
20.9,-0.1828,-0.1845,303.0768,0.0,0.0004,303.0768,,,,,,,,,,,,0.0,0.0,0.0,0.0,0
20.92,-0.1828,-0.1845,303.0768,0.0,0.0004,303.0768,,,,,,,,,,,,0.0,0.0,0.0,0.0,0
20.94,-0.1828,-0.1845,303.0768,0.0,0.0004,303.0768,,,,,,,,,,,,0.0,0.0,0.0,0.0,0
20.96,-0.1828,-0.1845,303.0768,0.0,0.0004,303.0768,,,,,,,,,,,,0.0,0.0,0.0,0.0,0
20.98,-0.1828,-0.1845,303.0768,0.0,0.0004,303.0768,,,,,,,,,,,,0.0,0.0,0.0,0.0,0
21.0,-0.1828,-0.1845,303.0768,0.0,0.0004,303.0768,,,,,,,,,,,,0.0,0.0,0.0,0.0,0
21.02,-0.1828,-0.1845,303.0768,0.0,0.0004,303.0768,,,,,,,,,,,,0.0,0.0,0.0,0.0,0
21.04,-0.1828,-0.1845,303.0768,0.0,0.0004,303.0768,,,,,,,,,,,,0.0,0.0,0.0,0.0,0
21.06,-0.1828,-0.1845,303.0768,0.0,0.0004,303.0768,,,,,,,,,,,,0.0,0.0,0.0,0.0,0
21.08,-0.1828,-0.1845,303.0768,0.0,0.0004,303.0768,,,,,,,,,,,,0.0,0.0,0.0,0.0,0
21.1,-0.1828,-0.1845,303.0768,0.0,0.0004,303.0768,,,,,,,,,,,,0.0,0.0,0.0,0.0,0
21.12,-0.1828,-0.1845,303.0768,0.0,0.0004,303.0768,,,,,,,,,,,,0.0,0.0,0.0,0.0,0
21.14,-0.1828,-0.1845,303.0768,0.0,0.0004,303.0768,,,,,,,,,,,,0.0,0.0,0.0,0.0,0
21.16,-0.1828,-0.1845,303.0768,0.0,0.0004,303.0768,,,,,,,,,,,,0.0,0.0,0.0,0.0,0
21.18,-0.1828,-0.1845,303.0768,0.0,0.0004,303.0768,,,,,,,,,,,,0.0,0.0,0.0,0.0,0
21.2,-0.1828,-0.1845,303.0768,0.0,0.0004,303.0768,,,,,,,,,,,,0.0,0.0,0.0,0.0,0
21.22,-0.1828,-0.1845,303.0768,0.0,0.0004,303.0768,,,,,,,,,,,,0.0,0.0,0.0,0.0,0
21.24,-0.1828,-0.1845,303.0768,0.0,0.0004,303.0768,,,,,,,,,,,,0.0,0.0,0.0,0.0,0
21.26,-0.1828,-0.1845,303.0768,0.0,0.0004,303.0768,,,,,,,,,,,,0.0,0.0,0.0,0.0,0
21.28,-0.1828,-0.1845,303.0768,0.0,0.0004,303.0768,,,,,,,,,,,,0.0,0.0,0.0,0.0,0
21.3,-0.1828,-0.1845,303.0768,0.0,0.0004,303.0768,,,,,,,,,,,,0.0,0.0,0.0,0.0,0
21.32,-0.1828,-0.1845,303.0768,0.0,0.0004,303.0768,,,,,,,,,,,,0.0,0.0,0.0,0.0,0
21.34,-0.1828,-0.1845,303.0768,0.0,0.0004,303.0768,,,,,,,,,,,,0.0,0.0,0.0,0.0,0
21.36,-0.1828,-0.1845,303.0768,0.0,0.0004,303.0768,,,,,,,,,,,,0.0,0.0,0.0,0.0,0
21.38,-0.1828,-0.1845,303.0768,0.0,0.0004,303.0768,,,,,,,,,,,,0.0,0.0,0.0,0.0,0
21.4,-0.1828,-0.1845,303.0768,0.0,0.0004,303.0768,,,,,,,,,,,,0.0,0.0,0.0,0.0,0
21.42,-0.1828,-0.1845,303.0768,0.0,0.0004,303.0768,,,,,,,,,,,,0.0,0.0,0.0,0.0,0
21.44,-0.1828,-0.1845,303.0768,0.0,0.0004,303.0768,,,,,,,,,,,,0.0,0.0,0.0,0.0,0
21.46,-0.1828,-0.1845,303.0768,0.0,0.0004,303.0768,,,,,,,,,,,,0.0,0.0,0.0,0.0,0
21.48,-0.1828,-0.1845,303.0768,0.0,0.0004,303.0768,,,,,,,,,,,,0.0,0.0,0.0,0.0,0
21.5,-0.1828,-0.1845,303.0768,0.0,0.0004,303.0768,,,,,,,,,,,,0.0,0.0,0.0,0.0,0
21.52,-0.1828,-0.1845,303.0768,0.0,0.0004,303.0768,,,,,,,,,,,,0.0,0.0,0.0,0.0,0
21.54,-0.1828,-0.1845,303.0768,0.0,0.0004,303.0768,,,,,,,,,,,,0.0,0.0,0.0,0.0,0
21.56,-0.1828,-0.1845,303.0768,0.0,0.0004,303.0768,,,,,,,,,,,,0.0,0.0,0.0,0.0,0
21.58,-0.1828,-0.1845,303.0768,0.0,0.0004,303.0768,,,,,,,,,,,,0.0,0.0,0.0,0.0,0
21.6,-0.1828,-0.1845,303.0768,0.0,0.0004,303.0768,,,,,,,,,,,,0.0,0.0,0.0,0.0,0
21.62,-0.1828,-0.1845,303.0768,0.0,0.0004,303.0768,,,,,,,,,,,,0.0,0.0,0.0,0.0,0
21.64,-0.1828,-0.1845,303.0768,0.0,0.0004,303.0768,,,,,,,,,,,,0.0,0.0,0.0,0.0,0
21.66,-0.1828,-0.1845,303.0768,0.0,0.0004,303.0768,,,,,,,,,,,,0.0,0.0,0.0,0.0,0
21.68,-0.1828,-0.1845,303.0768,0.0,0.0004,303.0768,,,,,,,,,,,,0.0,0.0,0.0,0.0,0
21.7,-0.1828,-0.1845,303.0768,0.0,0.0004,303.0768,,,,,,,,,,,,0.0,0.0,0.0,0.0,0
21.72,-0.1828,-0.1845,303.0768,0.0,0.0004,303.0768,,,,,,,,,,,,0.0,0.0,0.0,0.0,0
21.74,-0.1828,-0.1845,303.0768,0.0,0.0004,303.0768,,,,,,,,,,,,0.0,0.0,0.0,0.0,0
21.76,-0.1828,-0.1845,303.0768,0.0,0.0004,303.0768,,,,,,,,,,,,0.0,0.0,0.0,0.0,0
21.78,-0.1828,-0.1845,303.0768,0.0,0.0004,303.0768,,,,,,,,,,,,0.0,0.0,0.0,0.0,0
21.8,-0.1828,-0.1845,303.0768,0.0,0.0004,303.0768,,,,,,,,,,,,0.0,0.0,0.0,0.0,0
21.82,-0.1828,-0.1845,303.0768,0.0,0.0004,303.0768,,,,,,,,,,,,0.0,0.0,0.0,0.0,0
21.84,-0.1828,-0.1845,303.0768,0.0,0.0004,303.0768,,,,,,,,,,,,0.0,0.0,0.0,0.0,0
21.86,-0.1828,-0.1845,303.0768,0.0,0.0004,303.0768,,,,,,,,,,,,0.0,0.0,0.0,0.0,0
21.88,-0.1828,-0.1845,303.0768,0.0,0.0004,303.0768,,,,,,,,,,,,0.0,0.0,0.0,0.0,0
21.9,-0.1828,-0.1845,303.0768,0.0,0.0004,303.0768,,,,,,,,,,,,0.0,0.0,0.0,0.0,0
21.92,-0.1828,-0.1845,303.0768,0.0,0.0004,303.0768,,,,,,,,,,,,0.0,0.0,0.0,0.0,0
21.94,-0.1828,-0.1845,303.0768,0.0,0.0004,303.0768,,,,,,,,,,,,0.0,0.0,0.0,0.0,0
21.96,-0.1828,-0.1845,303.0768,0.0,0.0004,303.0768,,,,,,,,,,,,0.0,0.0,0.0,0.0,0
21.98,-0.1828,-0.1845,303.0768,0.0,0.0004,303.0768,,,,,,,,,,,,0.0,0.0,0.0,0.0,0
22.0,-0.1828,-0.1845,303.0768,0.0,0.0004,303.0768,,,,,,,,,,,,0.0,0.0,0.0,0.0,0
22.02,-0.1828,-0.1845,303.0768,0.0,0.0004,303.0768,,,,,,,,,,,,0.0,0.0,0.0,0.0,0
22.04,-0.1828,-0.1845,303.0768,0.0,0.0004,303.0768,,,,,,,,,,,,0.0,0.0,0.0,0.0,0
22.06,-0.1828,-0.1845,303.0768,0.0,0.0004,303.0768,,,,,,,,,,,,0.0,0.0,0.0,0.0,0
22.08,-0.1828,-0.1845,303.0768,0.0,0.0004,303.0768,,,,,,,,,,,,0.0,0.0,0.0,0.0,0
22.1,-0.1828,-0.1845,303.0768,0.0,0.0004,303.0768,,,,,,,,,,,,0.0,0.0,0.0,0.0,0
22.12,-0.1828,-0.1845,303.0768,0.0,0.0004,303.0768,,,,,,,,,,,,0.0,0.0,0.0,0.0,0
22.14,-0.1828,-0.1845,303.0768,0.0,0.0004,303.0768,,,,,,,,,,,,0.0,0.0,0.0,0.0,0
22.16,-0.1828,-0.1845,303.0768,0.0,0.0004,303.0768,,,,,,,,,,,,0.0,0.0,0.0,0.0,0
22.18,-0.1828,-0.1845,303.0768,0.0,0.0004,303.0768,,,,,,,,,,,,0.0,0.0,0.0,0.0,0
22.2,-0.1828,-0.1845,303.0768,0.0,0.0004,303.0768,,,,,,,,,,,,0.0,0.0,0.0,0.0,0
22.22,-0.1828,-0.1845,303.0768,0.0,0.0004,303.0768,,,,,,,,,,,,0.0,0.0,0.0,0.0,0
22.24,-0.1828,-0.1845,303.0768,0.0,0.0004,303.0768,,,,,,,,,,,,0.0,0.0,0.0,0.0,0
22.26,-0.1828,-0.1845,303.0768,0.0,0.0004,303.0768,,,,,,,,,,,,0.0,0.0,0.0,0.0,0
22.28,-0.1828,-0.1845,303.0768,0.0,0.0004,303.0768,,,,,,,,,,,,0.0,0.0,0.0,0.0,0
22.3,-0.1828,-0.1845,303.0768,0.0,0.0004,303.0768,,,,,,,,,,,,0.0,0.0,0.0,0.0,0
22.32,-0.1828,-0.1845,303.0768,0.0,0.0004,303.0768,,,,,,,,,,,,0.0,0.0,0.0,0.0,0
22.34,-0.1828,-0.1845,303.0768,0.0,0.0004,303.0768,,,,,,,,,,,,0.0,0.0,0.0,0.0,0
22.36,-0.1828,-0.1845,303.0768,0.0,0.0004,303.0768,,,,,,,,,,,,0.0,0.0,0.0,0.0,0
22.38,-0.1828,-0.1845,303.0768,0.0,0.0004,303.0768,,,,,,,,,,,,0.0,0.0,0.0,0.0,0
22.4,-0.1828,-0.1845,303.0768,0.0,0.0004,303.0768,,,,,,,,,,,,0.0,0.0,0.0,0.0,0
22.42,-0.1828,-0.1845,303.0768,0.0,0.0004,303.0768,,,,,,,,,,,,0.0,0.0,0.0,0.0,0
22.44,-0.1828,-0.1845,303.0768,0.0,0.0004,303.0768,,,,,,,,,,,,0.0,0.0,0.0,0.0,0
22.46,-0.1828,-0.1845,303.0768,0.0,0.0004,303.0768,,,,,,,,,,,,0.0,0.0,0.0,0.0,0
22.48,-0.1828,-0.1845,303.0768,0.0,0.0004,303.0768,,,,,,,,,,,,0.0,0.0,0.0,0.0,0
22.5,-0.1828,-0.1845,303.0768,0.0,0.0004,303.0768,,,,,,,,,,,,0.0,0.0,0.0,0.0,0
22.52,-0.1828,-0.1845,303.0768,0.0,0.0004,303.0768,,,,,,,,,,,,0.0,0.0,0.0,0.0,0
22.54,-0.1828,-0.1845,303.0768,0.0,0.0004,303.0768,,,,,,,,,,,,0.0,0.0,0.0,0.0,0
22.56,-0.1828,-0.1845,303.0768,0.0,0.0004,303.0768,,,,,,,,,,,,0.0,0.0,0.0,0.0,0
22.58,-0.1828,-0.1845,303.0768,0.0,0.0004,303.0768,,,,,,,,,,,,0.0,0.0,0.0,0.0,0
22.6,-0.1828,-0.1845,303.0768,0.0,0.0004,303.0768,,,,,,,,,,,,0.0,0.0,0.0,0.0,0
22.62,-0.1828,-0.1845,303.0768,0.0,0.0004,303.0768,,,,,,,,,,,,0.0,0.0,0.0,0.0,0
22.64,-0.1828,-0.1845,303.0768,0.0,0.0004,303.0768,,,,,,,,,,,,0.0,0.0,0.0,0.0,0
22.66,-0.1828,-0.1845,303.0768,0.0,0.0004,303.0768,,,,,,,,,,,,0.0,0.0,0.0,0.0,0
22.68,-0.1828,-0.1845,303.0768,0.0,0.0004,303.0768,,,,,,,,,,,,0.0,0.0,0.0,0.0,0
22.7,-0.1828,-0.1845,303.0768,0.0,0.0004,303.0768,,,,,,,,,,,,0.0,0.0,0.0,0.0,0
22.72,-0.1828,-0.1845,303.0768,0.0,0.0004,303.0768,,,,,,,,,,,,0.0,0.0,0.0,0.0,0
22.74,-0.1828,-0.1845,303.0768,0.0,0.0004,303.0768,,,,,,,,,,,,0.0,0.0,0.0,0.0,0
22.76,-0.1828,-0.1845,303.0768,0.0,0.0004,303.0768,,,,,,,,,,,,0.0,0.0,0.0,0.0,0
22.78,-0.1828,-0.1845,303.0768,0.0,0.0004,303.0768,,,,,,,,,,,,0.0,0.0,0.0,0.0,0
22.8,-0.1828,-0.1845,303.0768,0.0,0.0004,303.0768,,,,,,,,,,,,0.0,0.0,0.0,0.0,0
22.82,-0.1828,-0.1845,303.0768,0.0,0.0004,303.0768,,,,,,,,,,,,0.0,0.0,0.0,0.0,0
22.84,-0.1828,-0.1845,303.0768,0.0,0.0004,303.0768,,,,,,,,,,,,0.0,0.0,0.0,0.0,0
22.86,-0.1828,-0.1845,303.0768,0.0,0.0004,303.0768,,,,,,,,,,,,0.0,0.0,0.0,0.0,0
22.88,-0.1828,-0.1845,303.0768,0.0,0.0004,303.0768,,,,,,,,,,,,0.0,0.0,0.0,0.0,0
22.9,-0.1828,-0.1845,303.0768,0.0,0.0004,303.0768,,,,,,,,,,,,0.0,0.0,0.0,0.0,0
22.92,-0.1828,-0.1845,303.0768,0.0,0.0004,303.0768,,,,,,,,,,,,0.0,0.0,0.0,0.0,0
22.94,-0.1828,-0.1845,303.0768,0.0,0.0004,303.0768,,,,,,,,,,,,0.0,0.0,0.0,0.0,0
22.96,-0.1828,-0.1845,303.0768,0.0,0.0004,303.0768,,,,,,,,,,,,0.0,0.0,0.0,0.0,0
22.98,-0.1828,-0.1845,303.0768,0.0,0.0004,303.0768,,,,,,,,,,,,0.0,0.0,0.0,0.0,0
23.0,-0.1828,-0.1845,303.0768,0.0,0.0004,303.0768,,,,,,,,,,,,0.0,0.0,0.0,0.0,0
23.02,-0.1828,-0.1845,303.0768,0.0,0.0004,303.0768,,,,,,,,,,,,0.0,0.0,0.0,0.0,0
23.04,-0.1828,-0.1845,303.0768,0.0,0.0004,303.0768,,,,,,,,,,,,0.0,0.0,0.0,0.0,0
23.06,-0.1828,-0.1845,303.0768,0.0,0.0004,303.0768,,,,,,,,,,,,0.0,0.0,0.0,0.0,0
23.08,-0.1828,-0.1845,303.0768,0.0,0.0004,303.0768,,,,,,,,,,,,0.0,0.0,0.0,0.0,0
23.1,-0.1828,-0.1845,303.0768,0.0,0.0004,303.0768,,,,,,,,,,,,0.0,0.0,0.0,0.0,0
23.12,-0.1828,-0.1845,303.0768,0.0,0.0004,303.0768,,,,,,,,,,,,0.0,0.0,0.0,0.0,0
23.14,-0.1828,-0.1845,303.0768,0.0,0.0004,303.0768,,,,,,,,,,,,0.0,0.0,0.0,0.0,0
23.16,-0.1828,-0.1845,303.0768,0.0,0.0004,303.0768,,,,,,,,,,,,0.0,0.0,0.0,0.0,0
23.18,-0.1828,-0.1845,303.0768,0.0,0.0004,303.0768,,,,,,,,,,,,0.0,0.0,0.0,0.0,0
23.2,-0.1828,-0.1845,303.0768,0.0,0.0004,303.0768,,,,,,,,,,,,0.0,0.0,0.0,0.0,0
23.22,-0.1828,-0.1845,303.0768,0.0,0.0004,303.0768,,,,,,,,,,,,0.0,0.0,0.0,0.0,0
23.24,-0.1828,-0.1845,303.0768,0.0,0.0004,303.0768,,,,,,,,,,,,0.0,0.0,0.0,0.0,0
23.26,-0.1828,-0.1845,303.0768,0.0,0.0004,303.0768,,,,,,,,,,,,0.0,0.0,0.0,0.0,0
23.28,-0.1828,-0.1845,303.0768,0.0,0.0004,303.0768,,,,,,,,,,,,0.0,0.0,0.0,0.0,0
23.3,-0.1828,-0.1845,303.0768,0.0,0.0004,303.0768,,,,,,,,,,,,0.0,0.0,0.0,0.0,0
23.32,-0.1828,-0.1845,303.0768,0.0,0.0004,303.0768,,,,,,,,,,,,0.0,0.0,0.0,0.0,0
23.34,-0.1828,-0.1845,303.0768,0.0,0.0004,303.0768,,,,,,,,,,,,0.0,0.0,0.0,0.0,0
23.36,-0.1828,-0.1845,303.0768,0.0,0.0004,303.0768,,,,,,,,,,,,0.0,0.0,0.0,0.0,0
23.38,-0.1828,-0.1845,303.0768,0.0,0.0004,303.0768,,,,,,,,,,,,0.0,0.0,0.0,0.0,0
23.4,-0.1828,-0.1845,303.0768,0.0,0.0004,303.0768,,,,,,,,,,,,0.0,0.0,0.0,0.0,0
23.42,-0.1828,-0.1845,303.0768,0.0,0.0004,303.0768,,,,,,,,,,,,0.0,0.0,0.0,0.0,0
23.44,-0.1828,-0.1845,303.0768,0.0,0.0004,303.0768,,,,,,,,,,,,0.0,0.0,0.0,0.0,0
23.46,-0.1828,-0.1845,303.0768,0.0,0.0004,303.0768,,,,,,,,,,,,0.0,0.0,0.0,0.0,0
23.48,-0.1828,-0.1845,303.0768,0.0,0.0004,303.0768,,,,,,,,,,,,0.0,0.0,0.0,0.0,0
23.5,-0.1828,-0.1845,303.0768,0.0,0.0004,303.0768,,,,,,,,,,,,0.0,0.0,0.0,0.0,0
23.52,-0.1828,-0.1845,303.0768,0.0,0.0004,303.0768,,,,,,,,,,,,0.0,0.0,0.0,0.0,0
23.54,-0.1828,-0.1845,303.0768,0.0,0.0004,303.0768,,,,,,,,,,,,0.0,0.0,0.0,0.0,0
23.56,-0.1828,-0.1845,303.0768,0.0,0.0004,303.0768,,,,,,,,,,,,0.0,0.0,0.0,0.0,0
23.58,-0.1828,-0.1845,303.0768,0.0,0.0004,303.0768,,,,,,,,,,,,0.0,0.0,0.0,0.0,0
23.6,-0.1828,-0.1845,303.0768,0.0,0.0004,303.0768,,,,,,,,,,,,0.0,0.0,0.0,0.0,0
23.62,-0.1828,-0.1845,303.0768,0.0,0.0004,303.0768,,,,,,,,,,,,0.0,0.0,0.0,0.0,0
23.64,-0.1828,-0.1845,303.0768,0.0,0.0004,303.0768,,,,,,,,,,,,0.0,0.0,0.0,0.0,0
23.66,-0.1828,-0.1845,303.0768,0.0,0.0004,303.0768,,,,,,,,,,,,0.0,0.0,0.0,0.0,0
23.68,-0.1828,-0.1845,303.0768,0.0,0.0004,303.0768,,,,,,,,,,,,0.0,0.0,0.0,0.0,0
23.7,-0.1828,-0.1845,303.0768,0.0,0.0004,303.0768,,,,,,,,,,,,0.0,0.0,0.0,0.0,0
23.72,-0.1828,-0.1845,303.0768,0.0,0.0004,303.0768,,,,,,,,,,,,0.0,0.0,0.0,0.0,0
23.74,-0.1828,-0.1845,303.0768,0.0,0.0004,303.0768,,,,,,,,,,,,0.0,0.0,0.0,0.0,0
23.76,-0.1828,-0.1845,303.0768,0.0,0.0004,303.0768,,,,,,,,,,,,0.0,0.0,0.0,0.0,0
23.78,-0.1828,-0.1845,303.0768,0.0,0.0004,303.0768,,,,,,,,,,,,0.0,0.0,0.0,0.0,0
23.8,-0.1828,-0.1845,303.0768,0.0,0.0004,303.0768,,,,,,,,,,,,0.0,0.0,0.0,0.0,0
23.82,-0.1828,-0.1845,303.0768,0.0,0.0004,303.0768,,,,,,,,,,,,0.0,0.0,0.0,0.0,0
23.84,-0.1828,-0.1845,303.0768,0.0,0.0004,303.0768,,,,,,,,,,,,0.0,0.0,0.0,0.0,0
23.86,-0.1828,-0.1845,303.0768,0.0,0.0004,303.0768,,,,,,,,,,,,0.0,0.0,0.0,0.0,0
23.88,-0.1828,-0.1845,303.0768,0.0,0.0004,303.0768,,,,,,,,,,,,0.0,0.0,0.0,0.0,0
23.9,-0.1828,-0.1845,303.0768,0.0,0.0004,303.0768,,,,,,,,,,,,0.0,0.0,0.0,0.0,0
23.92,-0.1828,-0.1845,303.0768,0.0,0.0004,303.0768,,,,,,,,,,,,0.0,0.0,0.0,0.0,0
23.94,-0.1828,-0.1845,303.0768,0.0,0.0004,303.0768,,,,,,,,,,,,0.0,0.0,0.0,0.0,0
23.96,-0.1828,-0.1845,303.0768,0.0,0.0004,303.0768,,,,,,,,,,,,0.0,0.0,0.0,0.0,0
23.98,-0.1828,-0.1845,303.0768,0.0,0.0004,303.0768,,,,,,,,,,,,0.0,0.0,0.0,0.0,0
24.0,-0.1828,-0.1845,303.0768,0.0,0.0004,303.0768,,,,,,,,,,,,0.0,0.0,0.0,0.0,0
24.02,-0.1828,-0.1845,303.0768,0.0,0.0004,303.0768,,,,,,,,,,,,0.0,0.0,0.0,0.0,0
24.04,-0.1828,-0.1845,303.0768,0.0,0.0004,303.0768,,,,,,,,,,,,0.0,0.0,0.0,0.0,0
24.06,-0.1828,-0.1845,303.0768,0.0,0.0004,303.0768,,,,,,,,,,,,0.0,0.0,0.0,0.0,0
24.08,-0.1828,-0.1845,303.0768,0.0,0.0004,303.0768,,,,,,,,,,,,0.0,0.0,0.0,0.0,0
24.1,-0.1828,-0.1845,303.0768,0.0,0.0004,303.0768,,,,,,,,,,,,0.0,0.0,0.0,0.0,0
24.12,-0.1828,-0.1845,303.0768,0.0,0.0004,303.0768,,,,,,,,,,,,0.0,0.0,0.0,0.0,0
24.14,-0.1828,-0.1845,303.0768,0.0,0.0004,303.0768,,,,,,,,,,,,0.0,0.0,0.0,0.0,0
24.16,-0.1828,-0.1845,303.0768,0.0,0.0004,303.0768,,,,,,,,,,,,0.0,0.0,0.0,0.0,0
24.18,-0.1828,-0.1845,303.0768,0.0,0.0004,303.0768,,,,,,,,,,,,0.0,0.0,0.0,0.0,0
24.2,-0.1828,-0.1845,303.0768,0.0,0.0004,303.0768,,,,,,,,,,,,0.0,0.0,0.0,0.0,0
24.22,-0.1828,-0.1845,303.0768,0.0,0.0004,303.0768,,,,,,,,,,,,0.0,0.0,0.0,0.0,0
24.24,-0.1828,-0.1845,303.0768,0.0,0.0004,303.0768,,,,,,,,,,,,0.0,0.0,0.0,0.0,0
24.26,-0.1828,-0.1845,303.0768,0.0,0.0004,303.0768,,,,,,,,,,,,0.0,0.0,0.0,0.0,0
24.28,-0.1828,-0.1845,303.0768,0.0,0.0004,303.0768,,,,,,,,,,,,0.0,0.0,0.0,0.0,0
24.3,-0.1828,-0.1845,303.0768,0.0,0.0004,303.0768,,,,,,,,,,,,0.0,0.0,0.0,0.0,0
24.32,-0.1828,-0.1845,303.0768,0.0,0.0004,303.0768,,,,,,,,,,,,0.0,0.0,0.0,0.0,0
24.34,-0.1828,-0.1845,303.0768,0.0,0.0004,303.0768,,,,,,,,,,,,0.0,0.0,0.0,0.0,0
24.36,-0.1828,-0.1845,303.0768,0.0,0.0004,303.0768,,,,,,,,,,,,0.0,0.0,0.0,0.0,0
24.38,-0.1828,-0.1845,303.0768,0.0,0.0004,303.0768,,,,,,,,,,,,0.0,0.0,0.0,0.0,0
24.4,-0.1828,-0.1845,303.0768,0.0,0.0004,303.0768,,,,,,,,,,,,0.0,0.0,0.0,0.0,0
24.42,-0.1828,-0.1845,303.0768,0.0,0.0004,303.0768,,,,,,,,,,,,0.0,0.0,0.0,0.0,0
24.44,-0.1828,-0.1845,303.0768,0.0,0.0004,303.0768,,,,,,,,,,,,0.0,0.0,0.0,0.0,0
24.46,-0.1828,-0.1845,303.0768,0.0,0.0004,303.0768,,,,,,,,,,,,0.0,0.0,0.0,0.0,0
24.48,-0.1828,-0.1845,303.0768,0.0,0.0004,303.0768,,,,,,,,,,,,0.0,0.0,0.0,0.0,0
24.5,-0.1828,-0.1845,303.0768,0.0,0.0004,303.0768,,,,,,,,,,,,0.0,0.0,0.0,0.0,0
24.52,-0.1828,-0.1845,303.0768,0.0,0.0004,303.0768,,,,,,,,,,,,0.0,0.0,0.0,0.0,0
24.54,-0.1828,-0.1845,303.0768,0.0,0.0004,303.0768,,,,,,,,,,,,0.0,0.0,0.0,0.0,0
24.56,-0.1828,-0.1845,303.0768,0.0,0.0004,303.0768,,,,,,,,,,,,0.0,0.0,0.0,0.0,0
24.58,-0.1828,-0.1845,303.0768,0.0,0.0004,303.0768,,,,,,,,,,,,0.0,0.0,0.0,0.0,0
24.6,-0.1828,-0.1845,303.0768,0.0,0.0004,303.0768,,,,,,,,,,,,0.0,0.0,0.0,0.0,0
24.62,-0.1828,-0.1845,303.0768,0.0,0.0004,303.0768,,,,,,,,,,,,0.0,0.0,0.0,0.0,0
24.64,-0.1828,-0.1845,303.0768,0.0,0.0004,303.0768,,,,,,,,,,,,0.0,0.0,0.0,0.0,0
24.66,-0.1828,-0.1845,303.0768,0.0,0.0004,303.0768,,,,,,,,,,,,0.0,0.0,0.0,0.0,0
24.68,-0.1828,-0.1845,303.0768,0.0,0.0004,303.0768,,,,,,,,,,,,0.0,0.0,0.0,0.0,0
24.7,-0.1828,-0.1845,303.0768,0.0,0.0004,303.0768,,,,,,,,,,,,0.0,0.0,0.0,0.0,0
24.72,-0.1828,-0.1845,303.0768,0.0,0.0004,303.0768,,,,,,,,,,,,0.0,0.0,0.0,0.0,0
24.74,-0.1828,-0.1845,303.0768,0.0,0.0004,303.0768,,,,,,,,,,,,0.0,0.0,0.0,0.0,0
24.76,-0.1828,-0.1845,303.0768,0.0,0.0004,303.0768,,,,,,,,,,,,0.0,0.0,0.0,0.0,0
24.78,-0.1828,-0.1845,303.0768,0.0,0.0004,303.0768,,,,,,,,,,,,0.0,0.0,0.0,0.0,0
24.8,-0.1828,-0.1845,303.0768,0.0,0.0004,303.0768,,,,,,,,,,,,0.0,0.0,0.0,0.0,0
24.82,-0.1828,-0.1845,303.0768,0.0,0.0004,303.0768,,,,,,,,,,,,0.0,0.0,0.0,0.0,0
24.84,-0.1828,-0.1845,303.0768,0.0,0.0004,303.0768,,,,,,,,,,,,0.0,0.0,0.0,0.0,0
24.86,-0.1828,-0.1845,303.0768,0.0,0.0004,303.0768,,,,,,,,,,,,0.0,0.0,0.0,0.0,0
24.88,-0.1828,-0.1845,303.0768,0.0,0.0004,303.0768,,,,,,,,,,,,0.0,0.0,0.0,0.0,0
24.9,-0.1828,-0.1845,303.0768,0.0,0.0004,303.0768,,,,,,,,,,,,0.0,0.0,0.0,0.0,0
24.92,-0.1828,-0.1845,303.0768,0.0,0.0004,303.0768,,,,,,,,,,,,0.0,0.0,0.0,0.0,0
24.94,-0.1828,-0.1845,303.0768,0.0,0.0004,303.0768,,,,,,,,,,,,0.0,0.0,0.0,0.0,0
24.96,-0.1828,-0.1845,303.0768,0.0,0.0004,303.0768,,,,,,,,,,,,0.0,0.0,0.0,0.0,0
24.98,-0.1828,-0.1845,303.0768,0.0,0.0004,303.0768,,,,,,,,,,,,0.0,0.0,0.0,0.0,0
25.0,-0.1828,-0.1845,303.0768,0.0,0.0004,303.0768,,,,,,,,,,,,0.0,0.0,0.0,0.0,0
25.02,-0.1828,-0.1845,303.0768,0.0,0.0004,303.0768,,,,,,,,,,,,0.0,0.0,0.0,0.0,0
25.04,-0.1828,-0.1845,303.0768,0.0,0.0004,303.0768,,,,,,,,,,,,0.0,0.0,0.0,0.0,0
25.06,-0.1828,-0.1845,303.0768,0.0,0.0004,303.0768,,,,,,,,,,,,0.0,0.0,0.0,0.0,0
25.08,-0.1828,-0.1845,303.0768,0.0,0.0004,303.0768,,,,,,,,,,,,0.0,0.0,0.0,0.0,0
25.1,-0.1828,-0.1845,303.0768,0.0,0.0004,303.0768,,,,,,,,,,,,0.0,0.0,0.0,0.0,0
25.12,-0.1828,-0.1845,303.0768,0.0,0.0004,303.0768,,,,,,,,,,,,0.0,0.0,0.0,0.0,0
25.14,-0.1828,-0.1845,303.0768,0.0,0.0004,303.0768,,,,,,,,,,,,0.0,0.0,0.0,0.0,0
25.16,-0.1828,-0.1845,303.0768,0.0,0.0004,303.0768,,,,,,,,,,,,0.0,0.0,0.0,0.0,0
25.18,-0.1828,-0.1845,303.0768,0.0,0.0004,303.0768,,,,,,,,,,,,0.0,0.0,0.0,0.0,0
25.2,-0.1828,-0.1845,303.0768,0.0,0.0004,303.0768,,,,,,,,,,,,0.0,0.0,0.0,0.0,0
25.22,-0.1828,-0.1845,303.0768,0.0,0.0004,303.0768,,,,,,,,,,,,0.0,0.0,0.0,0.0,0
25.24,-0.1828,-0.1845,303.0768,0.0,0.0004,303.0768,,,,,,,,,,,,0.0,0.0,0.0,0.0,0
25.26,-0.1828,-0.1845,303.0768,0.0,0.0004,303.0768,,,,,,,,,,,,0.0,0.0,0.0,0.0,0
25.28,-0.1828,-0.1845,303.0768,0.0,0.0004,303.0768,,,,,,,,,,,,0.0,0.0,0.0,0.0,0
25.3,-0.1828,-0.1845,303.0768,0.0,0.0004,303.0768,,,,,,,,,,,,0.0,0.0,0.0,0.0,0
25.32,-0.1828,-0.1845,303.0768,0.0,0.0004,303.0768,,,,,,,,,,,,0.0,0.0,0.0,0.0,0
25.34,-0.1828,-0.1845,303.0768,0.0,0.0004,303.0768,,,,,,,,,,,,0.0,0.0,0.0,0.0,0
25.36,-0.1828,-0.1845,303.0768,0.0,0.0004,303.0768,,,,,,,,,,,,0.0,0.0,0.0,0.0,0
25.38,-0.1828,-0.1845,303.0768,0.0,0.0004,303.0768,,,,,,,,,,,,0.0,0.0,0.0,0.0,0
25.4,-0.1828,-0.1845,303.0768,0.0,0.0004,303.0768,,,,,,,,,,,,0.0,0.0,0.0,0.0,0
25.42,-0.1828,-0.1845,303.0768,0.0,0.0004,303.0768,,,,,,,,,,,,0.0,0.0,0.0,0.0,0
25.44,-0.1828,-0.1845,303.0768,0.0,0.0004,303.0768,,,,,,,,,,,,0.0,0.0,0.0,0.0,0
25.46,-0.1828,-0.1845,303.0768,0.0,0.0004,303.0768,,,,,,,,,,,,0.0,0.0,0.0,0.0,0
25.48,-0.1828,-0.1845,303.0768,0.0,0.0004,303.0768,,,,,,,,,,,,0.0,0.0,0.0,0.0,0
25.5,-0.1828,-0.1845,303.0768,0.0,0.0004,303.0768,,,,,,,,,,,,0.0,0.0,0.0,0.0,0
25.52,-0.1828,-0.1845,303.0768,0.0,0.0004,303.0768,,,,,,,,,,,,0.0,0.0,0.0,0.0,0
25.54,-0.1828,-0.1845,303.0768,0.0,0.0004,303.0768,,,,,,,,,,,,0.0,0.0,0.0,0.0,0
25.56,-0.1828,-0.1845,303.0768,0.0,0.0004,303.0768,,,,,,,,,,,,0.0,0.0,0.0,0.0,0
25.58,-0.1828,-0.1845,303.0768,0.0,0.0004,303.0768,,,,,,,,,,,,0.0,0.0,0.0,0.0,0
25.6,-0.1828,-0.1845,303.0768,0.0,0.0004,303.0768,,,,,,,,,,,,0.0,0.0,0.0,0.0,0
25.62,-0.1828,-0.1845,303.0768,0.0,0.0004,303.0768,,,,,,,,,,,,0.0,0.0,0.0,0.0,0
25.64,-0.1828,-0.1845,303.0768,0.0,0.0004,303.0768,,,,,,,,,,,,0.0,0.0,0.0,0.0,0
25.66,-0.1828,-0.1845,303.0768,0.0,0.0004,303.0768,,,,,,,,,,,,0.0,0.0,0.0,0.0,0
25.68,-0.1828,-0.1845,303.0768,0.0,0.0004,303.0768,,,,,,,,,,,,0.0,0.0,0.0,0.0,0
25.7,-0.1828,-0.1845,303.0768,0.0,0.0004,303.0768,,,,,,,,,,,,0.0,0.0,0.0,0.0,0
25.72,-0.1828,-0.1845,303.0768,0.0,0.0004,303.0768,,,,,,,,,,,,0.0,0.0,0.0,0.0,0
25.74,-0.1828,-0.1845,303.0768,0.0,0.0004,303.0768,,,,,,,,,,,,0.0,0.0,0.0,0.0,0
25.76,-0.1828,-0.1845,303.0768,0.0,0.0004,303.0768,,,,,,,,,,,,0.0,0.0,0.0,0.0,0
25.78,-0.1828,-0.1845,303.0768,0.0,0.0004,303.0768,,,,,,,,,,,,0.0,0.0,0.0,0.0,0
25.8,-0.1828,-0.1845,303.0768,0.0,0.0004,303.0768,,,,,,,,,,,,0.0,0.0,0.0,0.0,0
25.82,-0.1828,-0.1845,303.0768,0.0,0.0004,303.0768,,,,,,,,,,,,0.0,0.0,0.0,0.0,0
25.84,-0.1828,-0.1845,303.0768,0.0,0.0004,303.0768,,,,,,,,,,,,0.0,0.0,0.0,0.0,0
25.86,-0.1828,-0.1845,303.0768,0.0,0.0004,303.0768,,,,,,,,,,,,0.0,0.0,0.0,0.0,0
25.88,-0.1828,-0.1845,303.0768,0.0,0.0004,303.0768,,,,,,,,,,,,0.0,0.0,0.0,0.0,0
25.9,-0.1828,-0.1845,303.0768,0.0,0.0004,303.0768,,,,,,,,,,,,0.0,0.0,0.0,0.0,0
25.92,-0.1828,-0.1845,303.0768,0.0,0.0004,303.0768,,,,,,,,,,,,0.0,0.0,0.0,0.0,0
25.94,-0.1828,-0.1845,303.0768,0.0,0.0004,303.0768,,,,,,,,,,,,0.0,0.0,0.0,0.0,0
25.96,-0.1828,-0.1845,303.0768,0.0,0.0004,303.0768,,,,,,,,,,,,0.0,0.0,0.0,0.0,0
25.98,-0.1828,-0.1845,303.0768,0.0,0.0004,303.0768,,,,,,,,,,,,0.0,0.0,0.0,0.0,0
26.0,-0.1828,-0.1845,303.0768,0.0,0.0004,303.0768,,,,,,,,,,,,0.0,0.0,0.0,0.0,0
26.02,-0.1828,-0.1845,303.0768,0.0,0.0004,303.0768,,,,,,,,,,,,0.0,0.0,0.0,0.0,0
26.04,-0.1828,-0.1845,303.0768,0.0,0.0004,303.0768,,,,,,,,,,,,0.0,0.0,0.0,0.0,0
26.06,-0.1828,-0.1845,303.0768,0.0,0.0004,303.0768,,,,,,,,,,,,0.0,0.0,0.0,0.0,0
26.08,-0.1828,-0.1845,303.0768,0.0,0.0004,303.0768,,,,,,,,,,,,0.0,0.0,0.0,0.0,0
26.1,-0.1828,-0.1845,303.0768,0.0,0.0004,303.0768,,,,,,,,,,,,0.0,0.0,0.0,0.0,0
26.12,-0.1828,-0.1845,303.0768,0.0,0.0004,303.0768,,,,,,,,,,,,0.0,0.0,0.0,0.0,0
26.14,-0.1828,-0.1845,303.0768,0.0,0.0004,303.0768,,,,,,,,,,,,0.0,0.0,0.0,0.0,0
26.16,-0.1828,-0.1845,303.0768,0.0,0.0004,303.0768,,,,,,,,,,,,0.0,0.0,0.0,0.0,0
26.18,-0.1828,-0.1845,303.0768,0.0,0.0004,303.0768,,,,,,,,,,,,0.0,0.0,0.0,0.0,0
26.2,-0.1828,-0.1845,303.0768,0.0,0.0004,303.0768,,,,,,,,,,,,0.0,0.0,0.0,0.0,0
26.22,-0.1828,-0.1845,303.0768,0.0,0.0004,303.0768,,,,,,,,,,,,0.0,0.0,0.0,0.0,0
26.24,-0.1828,-0.1845,303.0768,0.0,0.0004,303.0768,,,,,,,,,,,,0.0,0.0,0.0,0.0,0
26.26,-0.1828,-0.1845,303.0768,0.0,0.0004,303.0768,,,,,,,,,,,,0.0,0.0,0.0,0.0,0
26.28,-0.1828,-0.1845,303.0768,0.0,0.0004,303.0768,,,,,,,,,,,,0.0,0.0,0.0,0.0,0
26.3,-0.1828,-0.1845,303.0768,0.0,0.0004,303.0768,,,,,,,,,,,,0.0,0.0,0.0,0.0,0
26.32,-0.1828,-0.1845,303.0768,0.0,0.0004,303.0768,,,,,,,,,,,,0.0,0.0,0.0,0.0,0
26.34,-0.1828,-0.1845,303.0768,0.0,0.0004,303.0768,,,,,,,,,,,,0.0,0.0,0.0,0.0,0
26.36,-0.1828,-0.1845,303.0768,0.0,0.0004,303.0768,,,,,,,,,,,,0.0,0.0,0.0,0.0,0
26.38,-0.1828,-0.1845,303.0768,0.0,0.0004,303.0768,,,,,,,,,,,,0.0,0.0,0.0,0.0,0
26.4,-0.1828,-0.1845,303.0768,0.0,0.0004,303.0768,,,,,,,,,,,,0.0,0.0,0.0,0.0,0
26.42,-0.1828,-0.1845,303.0768,0.0,0.0004,303.0768,,,,,,,,,,,,0.0,0.0,0.0,0.0,0
26.44,-0.1828,-0.1845,303.0768,0.0,0.0004,303.0768,,,,,,,,,,,,0.0,0.0,0.0,0.0,0
26.46,-0.1828,-0.1845,303.0768,0.0,0.0004,303.0768,,,,,,,,,,,,0.0,0.0,0.0,0.0,0
26.48,-0.1828,-0.1845,303.0768,0.0,0.0004,303.0768,,,,,,,,,,,,0.0,0.0,0.0,0.0,0
26.5,-0.1828,-0.1845,303.0768,0.0,0.0004,303.0768,,,,,,,,,,,,0.0,0.0,0.0,0.0,0
26.52,-0.1828,-0.1845,303.0768,0.0,0.0004,303.0768,,,,,,,,,,,,0.0,0.0,0.0,0.0,0
26.54,-0.1828,-0.1845,303.0768,0.0,0.0004,303.0768,,,,,,,,,,,,0.0,0.0,0.0,0.0,0
26.56,-0.1828,-0.1845,303.0768,0.0,0.0004,303.0768,,,,,,,,,,,,0.0,0.0,0.0,0.0,0
26.58,-0.1828,-0.1845,303.0768,0.0,0.0004,303.0768,,,,,,,,,,,,0.0,0.0,0.0,0.0,0
26.6,-0.1828,-0.1845,303.0768,0.0,0.0004,303.0768,,,,,,,,,,,,0.0,0.0,0.0,0.0,0
26.62,-0.1828,-0.1845,303.0768,0.0,0.0004,303.0768,,,,,,,,,,,,0.0,0.0,0.0,0.0,0
26.64,-0.1828,-0.1845,303.0768,0.0,0.0004,303.0768,,,,,,,,,,,,0.0,0.0,0.0,0.0,0
26.66,-0.1828,-0.1845,303.0768,0.0,0.0004,303.0768,,,,,,,,,,,,0.0,0.0,0.0,0.0,0
26.68,-0.1828,-0.1845,303.0768,0.0,0.0004,303.0768,,,,,,,,,,,,0.0,0.0,0.0,0.0,0
26.7,-0.1828,-0.1845,303.0768,0.0,0.0004,303.0768,,,,,,,,,,,,0.0,0.0,0.0,0.0,0
26.72,-0.1828,-0.1845,303.0768,0.0,0.0004,303.0768,,,,,,,,,,,,0.0,0.0,0.0,0.0,0
26.74,-0.1828,-0.1845,303.0768,0.0,0.0004,303.0768,,,,,,,,,,,,0.0,0.0,0.0,0.0,0
26.76,-0.1828,-0.1845,303.0768,0.0,0.0004,303.0768,,,,,,,,,,,,0.0,0.0,0.0,0.0,0
26.78,-0.1828,-0.1845,303.0768,0.0,0.0004,303.0768,,,,,,,,,,,,0.0,0.0,0.0,0.0,0
26.8,-0.1828,-0.1845,303.0768,0.0,0.0004,303.0768,,,,,,,,,,,,0.0,0.0,0.0,0.0,0
26.82,-0.1828,-0.1845,303.0768,0.0,0.0004,303.0768,,,,,,,,,,,,0.0,0.0,0.0,0.0,0
26.84,-0.1828,-0.1845,303.0768,0.0,0.0004,303.0768,,,,,,,,,,,,0.0,0.0,0.0,0.0,0
26.86,-0.1828,-0.1845,303.0768,0.0,0.0004,303.0768,,,,,,,,,,,,0.0,0.0,0.0,0.0,0
26.88,-0.1828,-0.1845,303.0768,0.0,0.0004,303.0768,,,,,,,,,,,,0.0,0.0,0.0,0.0,0
26.9,-0.1828,-0.1845,303.0768,0.0,0.0004,303.0768,,,,,,,,,,,,0.0,0.0,0.0,0.0,0
26.92,-0.1828,-0.1845,303.0768,0.0,0.0004,303.0768,,,,,,,,,,,,0.0,0.0,0.0,0.0,0
26.94,-0.1828,-0.1845,303.0768,0.0,0.0004,303.0768,,,,,,,,,,,,0.0,0.0,0.0,0.0,0
26.96,-0.1828,-0.1845,303.0768,0.0,0.0004,303.0768,,,,,,,,,,,,0.0,0.0,0.0,0.0,0
26.98,-0.1828,-0.1845,303.0768,0.0,0.0004,303.0768,,,,,,,,,,,,0.0,0.0,0.0,0.0,0
27.0,-0.1828,-0.1845,303.0768,0.0,0.0004,303.0768,,,,,,,,,,,,0.0,0.0,0.0,0.0,0
27.02,-0.1828,-0.1845,303.0768,0.0,0.0004,303.0768,,,,,,,,,,,,0.0,0.0,0.0,0.0,0
27.04,-0.1828,-0.1845,303.0768,0.0,0.0004,303.0768,,,,,,,,,,,,0.0,0.0,0.0,0.0,0
27.06,-0.1828,-0.1845,303.0768,0.0,0.0004,303.0768,,,,,,,,,,,,0.0,0.0,0.0,0.0,0
27.08,-0.1828,-0.1845,303.0768,0.0,0.0004,303.0768,,,,,,,,,,,,0.0,0.0,0.0,0.0,0
27.1,-0.1828,-0.1845,303.0768,0.0,0.0004,303.0768,,,,,,,,,,,,0.0,0.0,0.0,0.0,0
27.12,-0.1828,-0.1845,303.0768,0.0,0.0004,303.0768,,,,,,,,,,,,0.0,0.0,0.0,0.0,0
27.14,-0.1828,-0.1845,303.0768,0.0,0.0004,303.0768,,,,,,,,,,,,0.0,0.0,0.0,0.0,0
27.16,-0.1828,-0.1845,303.0768,0.0,0.0004,303.0768,,,,,,,,,,,,0.0,0.0,0.0,0.0,0
27.18,-0.1828,-0.1845,303.0768,0.0,0.0004,303.0768,,,,,,,,,,,,0.0,0.0,0.0,0.0,0
27.2,-0.1828,-0.1845,303.0768,0.0,0.0004,303.0768,,,,,,,,,,,,0.0,0.0,0.0,0.0,0
27.22,-0.1828,-0.1845,303.0768,0.0,0.0004,303.0768,,,,,,,,,,,,0.0,0.0,0.0,0.0,0
27.24,-0.1828,-0.1845,303.0768,0.0,0.0004,303.0768,,,,,,,,,,,,0.0,0.0,0.0,0.0,0
27.26,-0.1828,-0.1845,303.0768,0.0,0.0004,303.0768,,,,,,,,,,,,0.0,0.0,0.0,0.0,0
27.28,-0.1828,-0.1845,303.0768,0.0,0.0004,303.0768,,,,,,,,,,,,0.0,0.0,0.0,0.0,0
27.3,-0.1828,-0.1845,303.0768,0.0,0.0004,303.0768,,,,,,,,,,,,0.0,0.0,0.0,0.0,0
27.32,-0.1828,-0.1845,303.0768,0.0,0.0004,303.0768,,,,,,,,,,,,0.0,0.0,0.0,0.0,0
27.34,-0.1828,-0.1845,303.0768,0.0,0.0004,303.0768,,,,,,,,,,,,0.0,0.0,0.0,0.0,0
27.36,-0.1828,-0.1845,303.0768,0.0,0.0004,303.0768,,,,,,,,,,,,0.0,0.0,0.0,0.0,0
27.38,-0.1828,-0.1845,303.0768,0.0,0.0004,303.0768,,,,,,,,,,,,0.0,0.0,0.0,0.0,0
27.4,-0.1828,-0.1845,303.0768,0.0,0.0004,303.0768,,,,,,,,,,,,0.0,0.0,0.0,0.0,0
27.42,-0.1828,-0.1845,303.0768,0.0,0.0004,303.0768,,,,,,,,,,,,0.0,0.0,0.0,0.0,0
27.44,-0.1828,-0.1845,303.0768,0.0,0.0004,303.0768,,,,,,,,,,,,0.0,0.0,0.0,0.0,0
27.46,-0.1828,-0.1845,303.0768,0.0,0.0004,303.0768,,,,,,,,,,,,0.0,0.0,0.0,0.0,0
27.48,-0.1828,-0.1845,303.0768,0.0,0.0004,303.0768,,,,,,,,,,,,0.0,0.0,0.0,0.0,0
27.5,-0.1828,-0.1845,303.0768,0.0,0.0004,303.0768,,,,,,,,,,,,0.0,0.0,0.0,0.0,0
27.52,-0.1828,-0.1845,303.0768,0.0,0.0004,303.0768,,,,,,,,,,,,0.0,0.0,0.0,0.0,0
27.54,-0.1828,-0.1845,303.0768,0.0,0.0004,303.0768,,,,,,,,,,,,0.0,0.0,0.0,0.0,0
27.56,-0.1828,-0.1845,303.0768,0.0,0.0004,303.0768,,,,,,,,,,,,0.0,0.0,0.0,0.0,0
27.58,-0.1828,-0.1845,303.0768,0.0,0.0004,303.0768,,,,,,,,,,,,0.0,0.0,0.0,0.0,0
27.6,-0.1828,-0.1845,303.0768,0.0,0.0004,303.0768,,,,,,,,,,,,0.0,0.0,0.0,0.0,0
27.62,-0.1828,-0.1845,303.0768,0.0,0.0004,303.0768,,,,,,,,,,,,0.0,0.0,0.0,0.0,0
27.64,-0.1828,-0.1845,303.0768,0.0,0.0004,303.0768,,,,,,,,,,,,0.0,0.0,0.0,0.0,0
27.66,-0.1828,-0.1845,303.0768,0.0,0.0004,303.0768,,,,,,,,,,,,0.0,0.0,0.0,0.0,0
27.68,-0.1828,-0.1845,303.0768,0.0,0.0004,303.0768,,,,,,,,,,,,0.0,0.0,0.0,0.0,0
27.7,-0.1828,-0.1845,303.0768,0.0,0.0004,303.0768,,,,,,,,,,,,0.0,0.0,0.0,0.0,0
27.72,-0.1828,-0.1845,303.0768,0.0,0.0004,303.0768,,,,,,,,,,,,0.0,0.0,0.0,0.0,0
27.74,-0.1828,-0.1845,303.0768,0.0,0.0004,303.0768,,,,,,,,,,,,0.0,0.0,0.0,0.0,0
27.76,-0.1828,-0.1845,303.0768,0.0,0.0004,303.0768,,,,,,,,,,,,0.0,0.0,0.0,0.0,0
27.78,-0.1828,-0.1845,303.0768,0.0,0.0004,303.0768,,,,,,,,,,,,0.0,0.0,0.0,0.0,0
27.8,-0.1828,-0.1845,303.0768,0.0,0.0004,303.0768,,,,,,,,,,,,0.0,0.0,0.0,0.0,0
27.82,-0.1828,-0.1845,303.0768,0.0,0.0004,303.0768,,,,,,,,,,,,0.0,0.0,0.0,0.0,0
27.84,-0.1828,-0.1845,303.0768,0.0,0.0004,303.0768,,,,,,,,,,,,0.0,0.0,0.0,0.0,0
27.86,-0.1828,-0.1845,303.0768,0.0,0.0004,303.0768,,,,,,,,,,,,0.0,0.0,0.0,0.0,0
27.88,-0.1828,-0.1845,303.0768,0.0,0.0004,303.0768,,,,,,,,,,,,0.0,0.0,0.0,0.0,0
27.9,-0.1828,-0.1845,303.0768,0.0,0.0004,303.0768,,,,,,,,,,,,0.0,0.0,0.0,0.0,0
27.92,-0.1828,-0.1845,303.0768,0.0,0.0004,303.0768,,,,,,,,,,,,0.0,0.0,0.0,0.0,0
27.94,-0.1828,-0.1845,303.0768,0.0,0.0004,303.0768,,,,,,,,,,,,0.0,0.0,0.0,0.0,0
27.96,-0.1828,-0.1845,303.0768,0.0,0.0004,303.0768,,,,,,,,,,,,0.0,0.0,0.0,0.0,0
27.98,-0.1828,-0.1845,303.0768,0.0,0.0004,303.0768,,,,,,,,,,,,0.0,0.0,0.0,0.0,0
28.0,-0.1828,-0.1845,303.0768,0.0,0.0004,303.0768,,,,,,,,,,,,0.0,0.0,0.0,0.0,0
28.02,-0.1828,-0.1845,303.0768,0.0,0.0004,303.0768,,,,,,,,,,,,0.0,0.0,0.0,0.0,0
28.04,-0.1828,-0.1845,303.0768,0.0,0.0004,303.0768,,,,,,,,,,,,0.0,0.0,0.0,0.0,0
28.06,-0.1828,-0.1845,303.0768,0.0,0.0004,303.0768,,,,,,,,,,,,0.0,0.0,0.0,0.0,0
28.08,-0.1828,-0.1845,303.0768,0.0,0.0004,303.0768,,,,,,,,,,,,0.0,0.0,0.0,0.0,0
28.1,-0.1828,-0.1845,303.0768,0.0,0.0004,303.0768,,,,,,,,,,,,0.0,0.0,0.0,0.0,0
28.12,-0.1828,-0.1845,303.0768,0.0,0.0004,303.0768,,,,,,,,,,,,0.0,0.0,0.0,0.0,0
28.14,-0.1828,-0.1845,303.0768,0.0,0.0004,303.0768,,,,,,,,,,,,0.0,0.0,0.0,0.0,0
28.16,-0.1828,-0.1845,303.0768,0.0,0.0004,303.0768,,,,,,,,,,,,0.0,0.0,0.0,0.0,0
28.18,-0.1828,-0.1845,303.0768,0.0,0.0004,303.0768,,,,,,,,,,,,0.0,0.0,0.0,0.0,0
28.2,-0.1828,-0.1845,303.0768,0.0,0.0004,303.0768,,,,,,,,,,,,0.0,0.0,0.0,0.0,0
28.22,-0.1828,-0.1845,303.0768,0.0,0.0004,303.0768,,,,,,,,,,,,0.0,0.0,0.0,0.0,0
28.24,-0.1828,-0.1845,303.0768,0.0,0.0004,303.0768,,,,,,,,,,,,0.0,0.0,0.0,0.0,0
28.26,-0.1828,-0.1845,303.0768,0.0,0.0004,303.0768,,,,,,,,,,,,0.0,0.0,0.0,0.0,0
28.28,-0.1828,-0.1845,303.0768,0.0,0.0004,303.0768,,,,,,,,,,,,0.0,0.0,0.0,0.0,0
28.3,-0.1828,-0.1845,303.0768,0.0,0.0004,303.0768,,,,,,,,,,,,0.0,0.0,0.0,0.0,0
28.32,-0.1828,-0.1845,303.0768,0.0,0.0004,303.0768,,,,,,,,,,,,0.0,0.0,0.0,0.0,0
28.34,-0.1828,-0.1845,303.0768,0.0,0.0004,303.0768,,,,,,,,,,,,0.0,0.0,0.0,0.0,0
28.36,-0.1828,-0.1845,303.0768,0.0,0.0004,303.0768,,,,,,,,,,,,0.0,0.0,0.0,0.0,0
28.38,-0.1828,-0.1845,303.0768,0.0,0.0004,303.0768,,,,,,,,,,,,0.0,0.0,0.0,0.0,0
28.4,-0.1828,-0.1845,303.0768,0.0,0.0004,303.0768,,,,,,,,,,,,0.0,0.0,0.0,0.0,0
28.42,-0.1828,-0.1845,303.0768,0.0,0.0004,303.0768,,,,,,,,,,,,0.0,0.0,0.0,0.0,0
28.44,-0.1828,-0.1845,303.0768,0.0,0.0004,303.0768,,,,,,,,,,,,0.0,0.0,0.0,0.0,0
28.46,-0.1828,-0.1845,303.0768,0.0,0.0004,303.0768,,,,,,,,,,,,0.0,0.0,0.0,0.0,0
28.48,-0.1828,-0.1845,303.0768,0.0,0.0004,303.0768,,,,,,,,,,,,0.0,0.0,0.0,0.0,0
28.5,-0.1828,-0.1845,303.0768,0.0,0.0004,303.0768,,,,,,,,,,,,0.0,0.0,0.0,0.0,0
28.52,-0.1828,-0.1845,303.0768,0.0,0.0004,303.0768,,,,,,,,,,,,0.0,0.0,0.0,0.0,0
28.54,-0.1828,-0.1845,303.0768,0.0,0.0004,303.0768,,,,,,,,,,,,0.0,0.0,0.0,0.0,0
28.56,-0.1828,-0.1845,303.0768,0.0,0.0004,303.0768,,,,,,,,,,,,0.0,0.0,0.0,0.0,0
28.58,-0.1828,-0.1845,303.0768,0.0,0.0004,303.0768,,,,,,,,,,,,0.0,0.0,0.0,0.0,0
28.6,-0.1828,-0.1845,303.0768,0.0,0.0004,303.0768,,,,,,,,,,,,0.0,0.0,0.0,0.0,0
28.62,-0.1828,-0.1845,303.0768,0.0,0.0004,303.0768,,,,,,,,,,,,0.0,0.0,0.0,0.0,0
28.64,-0.1828,-0.1845,303.0768,0.0,0.0004,303.0768,,,,,,,,,,,,0.0,0.0,0.0,0.0,0
28.66,-0.1828,-0.1845,303.0768,0.0,0.0004,303.0768,,,,,,,,,,,,0.0,0.0,0.0,0.0,0
28.68,-0.1828,-0.1845,303.0768,0.0,0.0004,303.0768,,,,,,,,,,,,0.0,0.0,0.0,0.0,0
28.7,-0.1828,-0.1845,303.0768,0.0,0.0004,303.0768,,,,,,,,,,,,0.0,0.0,0.0,0.0,0
28.72,-0.1828,-0.1845,303.0768,0.0,0.0004,303.0768,,,,,,,,,,,,0.0,0.0,0.0,0.0,0
28.74,-0.1828,-0.1845,303.0768,0.0,0.0004,303.0768,,,,,,,,,,,,0.0,0.0,0.0,0.0,0
28.76,-0.1828,-0.1845,303.0768,0.0,0.0004,303.0768,,,,,,,,,,,,0.0,0.0,0.0,0.0,0
28.78,-0.1828,-0.1845,303.0768,0.0,0.0004,303.0768,,,,,,,,,,,,0.0,0.0,0.0,0.0,0
28.8,-0.1828,-0.1845,303.0768,0.0,0.0004,303.0768,,,,,,,,,,,,0.0,0.0,0.0,0.0,0
28.82,-0.1828,-0.1845,303.0768,0.0,0.0004,303.0768,,,,,,,,,,,,0.0,0.0,0.0,0.0,0
28.84,-0.1828,-0.1845,303.0768,0.0,0.0004,303.0768,,,,,,,,,,,,0.0,0.0,0.0,0.0,0
28.86,-0.1828,-0.1845,303.0768,0.0,0.0004,303.0768,,,,,,,,,,,,0.0,0.0,0.0,0.0,0
28.88,-0.1828,-0.1845,303.0768,0.0,0.0004,303.0768,,,,,,,,,,,,0.0,0.0,0.0,0.0,0
28.9,-0.1828,-0.1845,303.0768,0.0,0.0004,303.0768,,,,,,,,,,,,0.0,0.0,0.0,0.0,0
28.92,-0.1828,-0.1845,303.0768,0.0,0.0004,303.0768,,,,,,,,,,,,0.0,0.0,0.0,0.0,0
28.94,-0.1828,-0.1845,303.0768,0.0,0.0004,303.0768,,,,,,,,,,,,0.0,0.0,0.0,0.0,0
28.96,-0.1828,-0.1845,303.0768,0.0,0.0004,303.0768,,,,,,,,,,,,0.0,0.0,0.0,0.0,0
28.98,-0.1828,-0.1845,303.0768,0.0,0.0004,303.0768,,,,,,,,,,,,0.0,0.0,0.0,0.0,0
29.0,-0.1828,-0.1845,303.0768,0.0,0.0004,303.0768,,,,,,,,,,,,0.0,0.0,0.0,0.0,0
29.02,-0.1828,-0.1845,303.0768,0.0,0.0004,303.0768,,,,,,,,,,,,0.0,0.0,0.0,0.0,0
29.04,-0.1828,-0.1845,303.0768,0.0,0.0004,303.0768,,,,,,,,,,,,0.0,0.0,0.0,0.0,0
29.06,-0.1828,-0.1845,303.0768,0.0,0.0004,303.0768,,,,,,,,,,,,0.0,0.0,0.0,0.0,0
29.08,-0.1828,-0.1845,303.0768,0.0,0.0004,303.0768,,,,,,,,,,,,0.0,0.0,0.0,0.0,0
29.1,-0.1828,-0.1845,303.0768,0.0,0.0004,303.0768,,,,,,,,,,,,0.0,0.0,0.0,0.0,0
29.12,-0.1828,-0.1845,303.0768,0.0,0.0004,303.0768,,,,,,,,,,,,0.0,0.0,0.0,0.0,0
29.14,-0.1828,-0.1845,303.0768,0.0,0.0004,303.0768,,,,,,,,,,,,0.0,0.0,0.0,0.0,0
29.16,-0.1828,-0.1845,303.0768,0.0,0.0004,303.0768,,,,,,,,,,,,0.0,0.0,0.0,0.0,0
29.18,-0.1828,-0.1845,303.0768,0.0,0.0004,303.0768,,,,,,,,,,,,0.0,0.0,0.0,0.0,0
29.2,-0.1828,-0.1845,303.0768,0.0,0.0004,303.0768,,,,,,,,,,,,0.0,0.0,0.0,0.0,0
29.22,-0.1828,-0.1845,303.0768,0.0,0.0004,303.0768,,,,,,,,,,,,0.0,0.0,0.0,0.0,0
29.24,-0.1828,-0.1845,303.0768,0.0,0.0004,303.0768,,,,,,,,,,,,0.0,0.0,0.0,0.0,0
29.26,-0.1828,-0.1845,303.0768,0.0,0.0004,303.0768,,,,,,,,,,,,0.0,0.0,0.0,0.0,0
29.28,-0.1828,-0.1845,303.0768,0.0,0.0004,303.0768,,,,,,,,,,,,0.0,0.0,0.0,0.0,0
29.3,-0.1828,-0.1845,303.0768,0.0,0.0004,303.0768,,,,,,,,,,,,0.0,0.0,0.0,0.0,0
29.32,-0.1828,-0.1845,303.0768,0.0,0.0004,303.0768,,,,,,,,,,,,0.0,0.0,0.0,0.0,0
29.34,-0.1828,-0.1845,303.0768,0.0,0.0004,303.0768,,,,,,,,,,,,0.0,0.0,0.0,0.0,0
29.36,-0.1828,-0.1845,303.0768,0.0,0.0004,303.0768,,,,,,,,,,,,0.0,0.0,0.0,0.0,0
29.38,-0.1828,-0.1845,303.0768,0.0,0.0004,303.0768,,,,,,,,,,,,0.0,0.0,0.0,0.0,0
29.4,-0.1828,-0.1845,303.0768,0.0,0.0004,303.0768,,,,,,,,,,,,0.0,0.0,0.0,0.0,0
29.42,-0.1828,-0.1845,303.0768,0.0,0.0004,303.0768,,,,,,,,,,,,0.0,0.0,0.0,0.0,0
29.44,-0.1828,-0.1845,303.0768,0.0,0.0004,303.0768,,,,,,,,,,,,0.0,0.0,0.0,0.0,0
29.46,-0.1828,-0.1845,303.0768,0.0,0.0004,303.0768,,,,,,,,,,,,0.0,0.0,0.0,0.0,0
29.48,-0.1828,-0.1845,303.0768,0.0,0.0004,303.0768,,,,,,,,,,,,0.0,0.0,0.0,0.0,0
29.5,-0.1828,-0.1845,303.0768,0.0,0.0004,303.0768,,,,,,,,,,,,0.0,0.0,0.0,0.0,0
29.52,-0.1828,-0.1845,303.0768,0.0,0.0004,303.0768,,,,,,,,,,,,0.0,0.0,0.0,0.0,0
29.54,-0.1828,-0.1845,303.0768,0.0,0.0004,303.0768,,,,,,,,,,,,0.0,0.0,0.0,0.0,0
29.56,-0.1828,-0.1845,303.0768,0.0,0.0004,303.0768,,,,,,,,,,,,0.0,0.0,0.0,0.0,0
29.58,-0.1828,-0.1845,303.0768,0.0,0.0004,303.0768,,,,,,,,,,,,0.0,0.0,0.0,0.0,0
29.6,-0.1828,-0.1845,303.0768,0.0,0.0004,303.0768,,,,,,,,,,,,0.0,0.0,0.0,0.0,0
29.62,-0.1828,-0.1845,303.0768,0.0,0.0004,303.0768,,,,,,,,,,,,0.0,0.0,0.0,0.0,0
29.64,-0.1828,-0.1845,303.0768,0.0,0.0004,303.0768,,,,,,,,,,,,0.0,0.0,0.0,0.0,0
29.66,-0.1828,-0.1845,303.0768,0.0,0.0004,303.0768,,,,,,,,,,,,0.0,0.0,0.0,0.0,0
29.68,-0.1828,-0.1845,303.0768,0.0,0.0004,303.0768,,,,,,,,,,,,0.0,0.0,0.0,0.0,0
29.7,-0.1828,-0.1845,303.0768,0.0,0.0004,303.0768,,,,,,,,,,,,0.0,0.0,0.0,0.0,0
29.72,-0.1828,-0.1845,303.0768,0.0,0.0004,303.0768,,,,,,,,,,,,0.0,0.0,0.0,0.0,0
29.74,-0.1828,-0.1845,303.0768,0.0,0.0004,303.0768,,,,,,,,,,,,0.0,0.0,0.0,0.0,0
29.76,-0.1828,-0.1845,303.0768,0.0,0.0004,303.0768,,,,,,,,,,,,0.0,0.0,0.0,0.0,0
29.78,-0.1828,-0.1845,303.0768,0.0,0.0004,303.0768,,,,,,,,,,,,0.0,0.0,0.0,0.0,0
29.8,-0.1828,-0.1845,303.0768,0.0,0.0004,303.0768,,,,,,,,,,,,0.0,0.0,0.0,0.0,0
29.82,-0.1828,-0.1845,303.0768,0.0,0.0004,303.0768,,,,,,,,,,,,0.0,0.0,0.0,0.0,0
29.84,-0.1828,-0.1845,303.0768,0.0,0.0004,303.0768,,,,,,,,,,,,0.0,0.0,0.0,0.0,0
29.86,-0.1828,-0.1845,303.0768,0.0,0.0004,303.0768,,,,,,,,,,,,0.0,0.0,0.0,0.0,0
29.88,-0.1828,-0.1845,303.0768,0.0,0.0004,303.0768,,,,,,,,,,,,0.0,0.0,0.0,0.0,0
29.9,-0.1828,-0.1845,303.0768,0.0,0.0004,303.0768,,,,,,,,,,,,0.0,0.0,0.0,0.0,0
29.92,-0.1799,-0.2576,303.0226,0.2787,24.3609,303.0226,,,,,,,,,,,,0.0,0.0,0.0,0.0,0
29.94,-0.1799,-0.2576,303.0226,0.2787,24.3609,303.0226,,,,,,,,,,,,0.0,0.0,0.0,0.0,0
29.96,-0.1799,-0.2576,303.0226,0.2787,24.3609,303.0226,,,,,,,,,,,,0.0,0.0,0.0,0.0,0
29.98,-0.1799,-0.2576,303.0226,0.2787,24.3609,303.0226,,,,,,,,,,,,0.0,0.0,0.0,0.0,0
30.0,-0.1686,-0.2571,303.0327,0.1423,25.8625,303.0327,,,,,,,,,,,,0.0,0.0,0.0,0.0,0
30.02,-0.1686,-0.2571,303.0327,0.1423,25.8625,303.0327,,,,,,,,,,,,0.0,0.0,0.0,0.0,0
30.04,-0.1686,-0.2571,303.0327,0.1423,25.8625,303.0327,,,,,,,,,,,,0.0,0.0,0.0,0.0,0
30.06,-0.1686,-0.2571,303.0327,0.1423,25.8625,303.0327,,,,,,,,,,,,0.0,0.0,0.0,0.0,0
30.08,-0.1686,-0.2571,303.0327,0.1423,25.8625,303.0327,,,,,,,,,,,,0.0,0.0,0.0,0.0,0
30.1,-0.1739,-0.2496,303.0312,0.0726,27.0292,303.0312,,,,,,,,,,,,0.0,0.0,0.0,0.0,0
30.12,-0.1739,-0.2496,303.0312,0.0726,27.0292,303.0312,,,,,,,,,,,,0.0,0.0,0.0,0.0,0
30.14,-0.1739,-0.2496,303.0312,0.0726,27.0292,303.0312,,,,,,,,,,,,0.0,0.0,0.0,0.0,0
30.16,-0.1739,-0.2496,303.0312,0.0726,27.0292,303.0312,,,,,,,,,,,,0.0,0.0,0.0,0.0,0
30.18,-0.1739,-0.2496,303.0312,0.0726,27.0292,303.0312,,,,,,,,,,,,0.0,0.0,0.0,0.0,0
30.2,-0.1844,-0.2413,303.0335,0.0371,27.6043,303.0336,,,,,,,,,,,,0.0,0.0,0.0,0.0,2
30.22,-0.1844,-0.2413,303.0335,0.0371,27.6043,303.0336,,,,,,,,,,,,0.0,0.0,0.0,0.0,2
30.24,-0.1844,-0.2413,303.0335,0.0371,27.6043,303.0336,,,,,,,,,,,,0.0,0.0,0.0,0.0,2
30.26,-0.1844,-0.2413,303.0335,0.0371,27.6043,303.0336,,,,,,,,,,,,0.0,0.0,0.0,0.0,2
30.28,-0.1844,-0.2413,303.0335,0.0371,27.6043,303.0336,,,,,,,,,,,,0.0,0.0,0.0,0.0,2
30.3,-0.1784,-0.2454,303.0343,0.0189,22.4948,303.0343,,,,,,,,,,,,0.0,0.0,0.0,0.0,2
30.32,-0.1784,-0.2454,303.0343,0.0189,22.4948,303.0343,,,,,,,,,,,,0.0,0.0,0.0,0.0,2
30.34,-0.1784,-0.2454,303.0343,0.0189,22.4948,303.0343,,,,,,,,,,,,0.0,0.0,0.0,0.0,2
30.36,-0.1784,-0.2454,303.0343,0.0189,22.4948,303.0343,,,,,,,,,,,,0.0,0.0,0.0,0.0,2
30.38,-0.1784,-0.2454,303.0343,0.0189,22.4948,303.0343,,,,,,,,,,,,0.0,0.0,0.0,0.0,2
30.4,-0.179,-0.2522,303.037,0.0097,16.379,303.037,,,,,,,,,,,,0.0,0.0,0.0,0.0,2
30.42,-0.179,-0.2522,303.037,0.0097,16.379,303.037,,,,,,,,,,,,0.0,0.0,0.0,0.0,2
30.44,-0.179,-0.2522,303.037,0.0097,16.379,303.037,,,,,,,,,,,,0.0,0.0,0.0,0.0,2
30.46,-0.179,-0.2522,303.037,0.0097,16.379,303.037,,,,,,,,,,,,0.0,0.0,0.0,0.0,2
30.48,-0.179,-0.2522,303.037,0.0097,16.379,303.037,,,,,,,,,,,,0.0,0.0,0.0,0.0,2
30.5,-0.189,-0.2473,303.0374,0.0049,13.2568,303.0374,,,,,,,,,,,,0.0,0.0,0.0,0.0,2
30.52,-0.189,-0.2473,303.0374,0.0049,13.2568,303.0374,,,,,,,,,,,,0.0,0.0,0.0,0.0,2
30.54,-0.189,-0.2473,303.0374,0.0049,13.2568,303.0374,,,,,,,,,,,,0.0,0.0,0.0,0.0,2
30.56,-0.189,-0.2473,303.0374,0.0049,13.2568,303.0374,,,,,,,,,,,,0.0,0.0,0.0,0.0,2
30.58,-0.189,-0.2473,303.0374,0.0049,13.2568,303.0374,,,,,,,,,,,,0.0,0.0,0.0,0.0,2
30.6,-0.1859,-0.2492,303.0429,0.0025,11.6627,303.0429,,,,,,,,,,,,0.0,0.0,0.0,0.0,2
30.62,-0.1859,-0.2492,303.0429,0.0025,11.6627,303.0429,,,,,,,,,,,,0.0,0.0,0.0,0.0,2
30.64,-0.1859,-0.2492,303.0429,0.0025,11.6627,303.0429,,,,,,,,,,,,0.0,0.0,0.0,0.0,2
30.66,-0.1859,-0.2492,303.0429,0.0025,11.6627,303.0429,,,,,,,,,,,,0.0,0.0,0.0,0.0,2
30.68,-0.1859,-0.2492,303.0429,0.0025,11.6627,303.0429,,,,,,,,,,,,0.0,0.0,0.0,0.0,2
30.7,-0.1843,-0.2515,303.0486,0.0013,10.8489,303.0486,,,,,,,,,,,,0.0,0.0,0.0,0.0,2
30.72,-0.1843,-0.2515,303.0486,0.0013,10.8489,303.0486,,,,,,,,,,,,0.0,0.0,0.0,0.0,2
30.74,-0.1843,-0.2515,303.0486,0.0013,10.8489,303.0486,,,,,,,,,,,,0.0,0.0,0.0,0.0,2
30.76,-0.1843,-0.2515,303.0486,0.0013,10.8489,303.0486,,,,,,,,,,,,0.0,0.0,0.0,0.0,2
30.78,-0.1843,-0.2515,303.0486,0.0013,10.8489,303.0486,,,,,,,,,,,,0.0,0.0,0.0,0.0,2
30.8,-0.189,-0.2514,303.0437,0.0007,10.4334,303.0437,,,,,,,,,,,,0.0,0.0,0.0,0.0,2
30.82,-0.189,-0.2514,303.0437,0.0007,10.4334,303.0437,,,,,,,,,,,,0.0,0.0,0.0,0.0,2
30.84,-0.189,-0.2514,303.0437,0.0007,10.4334,303.0437,,,,,,,,,,,,0.0,0.0,0.0,0.0,2
30.86,-0.189,-0.2514,303.0437,0.0007,10.4334,303.0437,,,,,,,,,,,,0.0,0.0,0.0,0.0,2
30.88,-0.189,-0.2514,303.0437,0.0007,10.4334,303.0437,,,,,,,,,,,,0.0,0.0,0.0,0.0,2
30.9,-0.1899,-0.2457,303.0447,0.0003,10.2213,303.0447,,,,,,,,,,,,0.0,0.0,0.0,0.0,2
30.92,-0.1899,-0.2457,303.0447,0.0003,10.2213,303.0447,,,,,,,,,,,,0.0,0.0,0.0,0.0,2
30.94,-0.1899,-0.2457,303.0447,0.0003,10.2213,303.0447,,,,,,,,,,,,0.0,0.0,0.0,0.0,2
30.96,-0.1899,-0.2457,303.0447,0.0003,10.2213,303.0447,,,,,,,,,,,,0.0,0.0,0.0,0.0,0
30.98,-0.1899,-0.2457,303.0447,0.0003,10.2213,303.0447,,,,,,,,,,,,0.0,0.0,0.0,0.0,0
31.0,-0.1924,-0.2444,303.0458,0.0002,11.8267,303.0458,,,,,,,,,,,,0.0,0.0,0.0,0.0,0
31.02,-0.1924,-0.2444,303.0458,0.0002,11.8267,303.0458,,,,,,,,,,,,0.0,0.0,0.0,0.0,0
31.04,-0.1924,-0.2444,303.0458,0.0002,11.8267,303.0458,,,,,,,,,,,,0.0,0.0,0.0,0.0,0
31.06,-0.1924,-0.2444,303.0458,0.0002,11.8267,303.0458,,,,,,,,,,,,0.0,0.0,0.0,0.0,0
31.08,-0.1924,-0.2444,303.0458,0.0002,11.8267,303.0458,,,,,,,,,,,,0.0,0.0,0.0,0.0,0
31.1,-0.1935,-0.2436,303.0454,0.0001,15.7484,303.0454,,,,,,,,,,,,0.0,0.0,0.0,0.0,0
31.12,-0.1935,-0.2436,303.0454,0.0001,15.7484,303.0454,,,,,,,,,,,,0.0,0.0,0.0,0.0,0
31.14,-0.1935,-0.2436,303.0454,0.0001,15.7484,303.0454,,,,,,,,,,,,0.0,0.0,0.0,0.0,0
31.16,-0.1935,-0.2436,303.0454,0.0001,15.7484,303.0454,,,,,,,,,,,,0.0,0.0,0.0,0.0,0
31.18,-0.1935,-0.2436,303.0454,0.0001,15.7484,303.0454,,,,,,,,,,,,0.0,0.0,0.0,0.0,0
31.2,-0.1942,-0.2472,303.0427,0.0,17.7873,303.0427,,,,,,,,,,,,0.0,0.0,0.0,0.0,0
31.22,-0.1942,-0.2472,303.0427,0.0,17.7873,303.0427,,,,,,,,,,,,0.0,0.0,0.0,0.0,0
31.24,-0.1942,-0.2472,303.0427,0.0,17.7873,303.0427,,,,,,,,,,,,0.0,0.0,0.0,0.0,0
31.26,-0.1942,-0.2472,303.0427,0.0,17.7873,303.0427,,,,,,,,,,,,0.0,0.0,0.0,0.0,0
31.28,-0.1942,-0.2472,303.0427,0.0,17.7873,303.0427,,,,,,,,,,,,0.0,0.0,0.0,0.0,0
31.3,-0.1961,-0.2489,303.0432,1.1396,19.8977,303.0432,,,,,,,,,,,,0.0,0.0,0.0,0.0,0
31.32,-0.1961,-0.2489,303.0432,1.1396,19.8977,303.0432,,,,,,,,,,,,0.0,0.0,0.0,0.0,0
31.34,-0.1961,-0.2489,303.0432,1.1396,19.8977,303.0432,,,,,,,,,,,,0.0,0.0,0.0,0.0,0
31.36,-0.1961,-0.2489,303.0432,1.1396,19.8977,303.0432,,,,,,,,,,,,0.0,0.0,0.0,0.0,0
31.38,-0.1961,-0.2489,303.0432,1.1396,19.8977,303.0432,,,,,,,,,,,,0.0,0.0,0.0,0.0,0
31.4,-0.1953,-0.2495,303.0422,1.1448,21.2331,303.0422,,,,,,,,,,,,0.0,0.0,0.0,0.0,0
31.42,-0.1953,-0.2495,303.0422,1.1448,21.2331,303.0422,,,,,,,,,,,,0.0,0.0,0.0,0.0,0
31.44,-0.1953,-0.2495,303.0422,1.1448,21.2331,303.0422,,,,,,,,,,,,0.0,0.0,0.0,0.0,0
31.46,-0.1953,-0.2495,303.0422,1.1448,21.2331,303.0422,,,,,,,,,,,,0.0,0.0,0.0,0.0,0
31.48,-0.1953,-0.2495,303.0422,1.1448,21.2331,303.0422,,,,,,,,,,,,0.0,0.0,0.0,0.0,0
31.5,-0.1943,-0.2511,303.0435,0.8603,21.0983,303.0435,,,,,,,,,,,,0.0,0.0,0.0,0.0,0
31.52,-0.1943,-0.2511,303.0435,0.8603,21.0983,303.0435,,,,,,,,,,,,0.0,0.0,0.0,0.0,0
31.54,-0.1943,-0.2511,303.0435,0.8603,21.0983,303.0435,,,,,,,,,,,,0.0,0.0,0.0,0.0,0
31.56,-0.1943,-0.2511,303.0435,0.8603,21.0983,303.0435,,,,,,,,,,,,0.0,0.0,0.0,0.0,0
31.58,-0.1943,-0.2511,303.0435,0.8603,21.0983,303.0435,,,,,,,,,,,,0.0,0.0,0.0,0.0,0
31.6,-0.1932,-0.2506,303.0475,6.4627,21.976,303.0475,,,,,,,,,,,,0.0,0.0,0.0,0.0,0
31.62,-0.1932,-0.2506,303.0475,6.4627,21.976,303.0475,,,,,,,,,,,,0.0,0.0,0.0,0.0,0
31.64,-0.1932,-0.2506,303.0475,6.4627,21.976,303.0475,,,,,,,,,,,,0.0,0.0,0.0,0.0,0
31.66,-0.1932,-0.2506,303.0475,6.4627,21.976,303.0475,,,,,,,,,,,,0.0,0.0,0.0,0.0,0
31.68,-0.1932,-0.2506,303.0475,6.4627,21.976,303.0475,,,,,,,,,,,,0.0,0.0,0.0,0.0,0
31.7,-0.1962,-0.2558,303.0444,14.4114,21.0839,303.0444,,,,,,,,,,,,0.0,0.0,0.0,0.0,0
31.72,-0.1962,-0.2558,303.0444,14.4114,21.0839,303.0444,,,,,,,,,,,,0.0,0.0,0.0,0.0,0
31.74,-0.1962,-0.2558,303.0444,14.4114,21.0839,303.0444,,,,,,,,,,,,0.0,0.0,0.0,0.0,0
31.76,-0.1962,-0.2558,303.0444,14.4114,21.0839,303.0444,,,,,,,,,,,,0.0,0.0,0.0,0.0,0
31.78,-0.1962,-0.2558,303.0444,14.4114,21.0839,303.0444,,,,,,,,,,,,0.0,0.0,0.0,0.0,0
31.8,-0.2007,-0.2552,303.0483,18.6417,20.1712,303.0483,,,,,,,,,,,,0.0,0.0,0.0,0.0,0
31.82,-0.2007,-0.2552,303.0483,18.6417,20.1712,303.0483,,,,,,,,,,,,0.0,0.0,0.0,0.0,0
31.84,-0.2007,-0.2552,303.0483,18.6417,20.1712,303.0483,,,,,,,,,,,,0.0,0.0,0.0,0.0,0
31.86,-0.2007,-0.2552,303.0483,18.6417,20.1712,303.0483,,,,,,,,,,,,0.0,0.0,0.0,0.0,0
31.88,-0.2007,-0.2552,303.0483,18.6417,20.1712,303.0483,,,,,,,,,,,,0.0,0.0,0.0,0.0,0
31.9,-0.2009,-0.2579,303.0484,14.6536,13.9667,303.049,,,,,,,,,,,,0.0,0.0,0.0,0.0,0
31.92,-0.2009,-0.2579,303.0484,14.6536,13.9667,303.049,,,,,,,,,,,,0.0,0.0,0.0,0.0,0
31.94,-0.2009,-0.2579,303.0484,14.6536,13.9667,303.049,,,,,,,,,,,,0.0,0.0,0.0,0.0,0
31.96,-0.2009,-0.2579,303.0484,14.6536,13.9667,303.049,,,,,,,,,,,,0.0,0.0,0.0,0.0,0
31.98,-0.2009,-0.2579,303.0484,14.6536,13.9667,303.049,,,,,,,,,,,,0.0,0.0,0.0,0.0,0
32.0,-0.2054,-0.2545,303.0498,-0.2528,2.0141,303.0507,,,,,,,,,,,,0.0,0.0,0.0,0.0,0
32.02,-0.2054,-0.2545,303.0498,-0.2528,2.0141,303.0507,,,,,,,,,,,,0.0,0.0,0.0,0.0,0
32.04,-0.2054,-0.2545,303.0498,-0.2528,2.0141,303.0507,,,,,,,,,,,,0.0,0.0,0.0,0.0,0
32.06,-0.2054,-0.2545,303.0498,-0.2528,2.0141,303.0507,,,,,,,,,,,,0.0,0.0,0.0,0.0,0
32.08,-0.2054,-0.2545,303.0498,-0.2528,2.0141,303.0507,,,,,,,,,,,,0.0,0.0,0.0,0.0,0
32.1,-0.2046,-0.2505,303.0479,-14.4866,-1.4954,303.0478,,,,,,,,,,,,0.0,0.0,0.0,0.0,0
32.12,-0.2046,-0.2505,303.0479,-14.4866,-1.4954,303.0478,,,,,,,,,,,,0.0,0.0,0.0,0.0,0
32.14,-0.2046,-0.2505,303.0479,-14.4866,-1.4954,303.0478,,,,,,,,,,,,0.0,0.0,0.0,0.0,0
32.16,-0.2046,-0.2505,303.0479,-14.4866,-1.4954,303.0478,,,,,,,,,,,,0.0,0.0,0.0,0.0,0
32.18,-0.2046,-0.2505,303.0479,-14.4866,-1.4954,303.0478,,,,,,,,,,,,0.0,0.0,0.0,0.0,0
32.2,-0.204,-0.2533,303.0461,-18.6684,5.1868,303.0462,,,,,,,,,,,,0.0,0.0,0.0,0.0,0
32.22,-0.204,-0.2533,303.0461,-18.6684,5.1868,303.0462,,,,,,,,,,,,0.0,0.0,0.0,0.0,0
32.24,-0.204,-0.2533,303.0461,-18.6684,5.1868,303.0462,,,,,,,,,,,,0.0,0.0,0.0,0.0,0
32.26,-0.204,-0.2533,303.0461,-18.6684,5.1868,303.0462,,,,,,,,,,,,0.0,0.0,0.0,0.0,0
32.28,-0.204,-0.2533,303.0461,-18.6684,5.1868,303.0462,,,,,,,,,,,,0.0,0.0,0.0,0.0,0
32.3,-0.2065,-0.2549,303.0472,-11.8474,16.4135,303.0477,,,,,,,,,,,,0.0,0.0,0.0,0.0,0
32.32,-0.2065,-0.2549,303.0472,-11.8474,16.4135,303.0477,,,,,,,,,,,,0.0,0.0,0.0,0.0,0
32.34,-0.2065,-0.2549,303.0472,-11.8474,16.4135,303.0477,,,,,,,,,,,,0.0,0.0,0.0,0.0,0
32.36,-0.2065,-0.2549,303.0472,-11.8474,16.4135,303.0477,,,,,,,,,,,,0.0,0.0,0.0,0.0,0
32.38,-0.2065,-0.2549,303.0472,-11.8474,16.4135,303.0477,,,,,,,,,,,,0.0,0.0,0.0,0.0,0
32.4,-0.2058,-0.2571,303.0474,2.6961,19.7061,303.0473,,,,,,,,,,,,0.0,0.0,0.0,0.0,0
32.42,-0.2058,-0.2571,303.0474,2.6961,19.7061,303.0473,,,,,,,,,,,,0.0,0.0,0.0,0.0,0
32.44,-0.2058,-0.2571,303.0474,2.6961,19.7061,303.0473,,,,,,,,,,,,0.0,0.0,0.0,0.0,0
32.46,-0.2058,-0.2571,303.0474,2.6961,19.7061,303.0473,,,,,,,,,,,,0.0,0.0,0.0,0.0,0
32.48,-0.2058,-0.2571,303.0474,2.6961,19.7061,303.0473,,,,,,,,,,,,0.0,0.0,0.0,0.0,0
32.5,-0.2039,-0.2597,303.0464,9.4548,13.1258,303.0463,,,,,,,,,,,,0.0,0.0,0.0,0.0,0
32.52,-0.2039,-0.2597,303.0464,9.4548,13.1258,303.0463,,,,,,,,,,,,0.0,0.0,0.0,0.0,0
32.54,-0.2039,-0.2597,303.0464,9.4548,13.1258,303.0463,,,,,,,,,,,,0.0,0.0,0.0,0.0,0
32.56,-0.2039,-0.2597,303.0464,9.4548,13.1258,303.0463,,,,,,,,,,,,0.0,0.0,0.0,0.0,0
32.58,-0.2039,-0.2597,303.0464,9.4548,13.1258,303.0463,,,,,,,,,,,,0.0,0.0,0.0,0.0,0
32.6,-0.2021,-0.2624,303.0413,5.2167,-2.2438,303.042,,,,,,,,,,,,0.0,0.0,0.0,0.0,0
32.62,-0.2021,-0.2624,303.0413,5.2167,-2.2438,303.042,,,,,,,,,,,,0.0,0.0,0.0,0.0,0
32.64,-0.2021,-0.2624,303.0413,5.2167,-2.2438,303.042,,,,,,,,,,,,0.0,0.0,0.0,0.0,0
32.66,-0.2021,-0.2624,303.0413,5.2167,-2.2438,303.042,,,,,,,,,,,,0.0,0.0,0.0,0.0,0
32.68,-0.2021,-0.2624,303.0413,5.2167,-2.2438,303.042,,,,,,,,,,,,0.0,0.0,0.0,0.0,0
32.7,-0.204,-0.2643,303.0415,-8.8599,-10.0118,303.0416,,,,,,,,,,,,0.0,0.0,0.0,0.0,0
32.72,-0.204,-0.2643,303.0415,-8.8599,-10.0118,303.0416,,,,,,,,,,,,0.0,0.0,0.0,0.0,0
32.74,-0.204,-0.2643,303.0415,-8.8599,-10.0118,303.0416,,,,,,,,,,,,0.0,0.0,0.0,0.0,0
32.76,-0.204,-0.2643,303.0415,-8.8599,-10.0118,303.0416,,,,,,,,,,,,0.0,0.0,0.0,0.0,0
32.78,-0.204,-0.2643,303.0415,-8.8599,-10.0118,303.0416,,,,,,,,,,,,0.0,0.0,0.0,0.0,0
32.8,-0.2119,-0.2616,303.0392,-16.9391,-6.7821,303.0391,,,,,,,,,,,,0.0,0.0,0.0,0.0,0
32.82,-0.2119,-0.2616,303.0392,-16.9391,-6.7821,303.0391,,,,,,,,,,,,0.0,0.0,0.0,0.0,0
32.84,-0.2119,-0.2616,303.0392,-16.9391,-6.7821,303.0391,,,,,,,,,,,,0.0,0.0,0.0,0.0,0
32.86,-0.2119,-0.2616,303.0392,-16.9391,-6.7821,303.0391,,,,,,,,,,,,0.0,0.0,0.0,0.0,0
32.88,-0.2119,-0.2616,303.0392,-16.9391,-6.7821,303.0391,,,,,,,,,,,,0.0,0.0,0.0,0.0,0
32.9,-0.2151,-0.2578,303.0428,-14.019,1.712,303.043,,,,,,,,,,,,0.0,0.0,0.0,0.0,0
32.92,-0.2151,-0.2578,303.0428,-14.019,1.712,303.043,,,,,,,,,,,,0.0,0.0,0.0,0.0,0
32.94,-0.2151,-0.2578,303.0428,-14.019,1.712,303.043,,,,,,,,,,,,0.0,0.0,0.0,0.0,0
32.96,-0.2151,-0.2578,303.0428,-14.019,1.712,303.043,,,,,,,,,,,,0.0,0.0,0.0,0.0,0
32.98,-0.2151,-0.2578,303.0428,-14.019,1.712,303.043,,,,,,,,,,,,0.0,0.0,0.0,0.0,0
33.0,-0.2134,-0.2574,303.0406,-6.492,0.5482,303.0406,,,,,,,,,,,,0.0,0.0,0.0,0.0,0
33.02,-0.2134,-0.2574,303.0406,-6.492,0.5482,303.0406,,,,,,,,,,,,0.0,0.0,0.0,0.0,0
33.04,-0.2134,-0.2574,303.0406,-6.492,0.5482,303.0406,,,,,,,,,,,,0.0,0.0,0.0,0.0,0
33.06,-0.2134,-0.2574,303.0406,-6.492,0.5482,303.0406,,,,,,,,,,,,0.0,0.0,0.0,0.0,0
33.08,-0.2134,-0.2574,303.0406,-6.492,0.5482,303.0406,,,,,,,,,,,,0.0,0.0,0.0,0.0,0
33.1,-0.21,-0.2548,303.042,-9.3465,-7.5561,303.0422,,,,,,,,,,,,0.0,0.0,0.0,0.0,0
33.12,-0.21,-0.2548,303.042,-9.3465,-7.5561,303.0422,,,,,,,,,,,,0.0,0.0,0.0,0.0,0
33.14,-0.21,-0.2548,303.042,-9.3465,-7.5561,303.0422,,,,,,,,,,,,0.0,0.0,0.0,0.0,0
33.16,-0.21,-0.2548,303.042,-9.3465,-7.5561,303.0422,,,,,,,,,,,,0.0,0.0,0.0,0.0,0
33.18,-0.21,-0.2548,303.042,-9.3465,-7.5561,303.0422,,,,,,,,,,,,0.0,0.0,0.0,0.0,0
33.2,-0.2069,-0.2615,303.0355,-12.9506,-6.1599,303.0356,,,,,,,,,,,,0.0,0.0,0.0,0.0,0
33.22,-0.2069,-0.2615,303.0355,-12.9506,-6.1599,303.0356,,,,,,,,,,,,0.0,0.0,0.0,0.0,0
33.24,-0.2069,-0.2615,303.0355,-12.9506,-6.1599,303.0356,,,,,,,,,,,,0.0,0.0,0.0,0.0,0
33.26,-0.2069,-0.2615,303.0355,-12.9506,-6.1599,303.0356,,,,,,,,,,,,0.0,0.0,0.0,0.0,0
33.28,-0.2069,-0.2615,303.0355,-12.9506,-6.1599,303.0356,,,,,,,,,,,,0.0,0.0,0.0,0.0,0
33.3,-0.2014,-0.2715,303.0424,-5.9604,1.2041,303.0425,,,,,,,,,,,,0.0,0.0,0.0,0.0,0
33.32,-0.2014,-0.2715,303.0424,-5.9604,1.2041,303.0425,,,,,,,,,,,,0.0,0.0,0.0,0.0,0
33.34,-0.2014,-0.2715,303.0424,-5.9604,1.2041,303.0425,,,,,,,,,,,,0.0,0.0,0.0,0.0,0
33.36,-0.2014,-0.2715,303.0424,-5.9604,1.2041,303.0425,,,,,,,,,,,,0.0,0.0,0.0,0.0,0
33.38,-0.2014,-0.2715,303.0424,-5.9604,1.2041,303.0425,,,,,,,,,,,,0.0,0.0,0.0,0.0,0
33.4,-0.1986,-0.2776,303.0372,-2.3547,-1.4202,303.0373,,,,,,,,,,,,0.0,0.0,0.0,0.0,0
33.42,-0.1986,-0.2776,303.0372,-2.3547,-1.4202,303.0373,,,,,,,,,,,,0.0,0.0,0.0,0.0,0
33.44,-0.1986,-0.2776,303.0372,-2.3547,-1.4202,303.0373,,,,,,,,,,,,0.0,0.0,0.0,0.0,0
33.46,-0.1986,-0.2776,303.0372,-2.3547,-1.4202,303.0373,,,,,,,,,,,,0.0,0.0,0.0,0.0,0
33.48,-0.1986,-0.2776,303.0372,-2.3547,-1.4202,303.0373,,,,,,,,,,,,0.0,0.0,0.0,0.0,0
33.5,-0.2017,-0.2777,303.0401,-9.2395,-9.1241,303.0403,,,,,,,,,,,,0.0,0.0,0.0,0.0,0
33.52,-0.2017,-0.2777,303.0401,-9.2395,-9.1241,303.0403,,,,,,,,,,,,0.0,0.0,0.0,0.0,0
33.54,-0.2017,-0.2777,303.0401,-9.2395,-9.1241,303.0403,,,,,,,,,,,,0.0,0.0,0.0,0.0,0
33.56,-0.2017,-0.2777,303.0401,-9.2395,-9.1241,303.0403,,,,,,,,,,,,0.0,0.0,0.0,0.0,0
33.58,-0.2017,-0.2777,303.0401,-9.2395,-9.1241,303.0403,,,,,,,,,,,,0.0,0.0,0.0,0.0,0
33.6,-0.203,-0.2724,303.0334,-11.9417,-6.5185,303.0334,,,,,,,,,,,,0.0,0.0,0.0,0.0,0
33.62,-0.203,-0.2724,303.0334,-11.9417,-6.5185,303.0334,,,,,,,,,,,,0.0,0.0,0.0,0.0,0
33.64,-0.203,-0.2724,303.0334,-11.9417,-6.5185,303.0334,,,,,,,,,,,,0.0,0.0,0.0,0.0,0
33.66,-0.203,-0.2724,303.0334,-11.9417,-6.5185,303.0334,,,,,,,,,,,,0.0,0.0,0.0,0.0,0
33.68,-0.203,-0.2724,303.0334,-11.9417,-6.5185,303.0334,,,,,,,,,,,,0.0,0.0,0.0,0.0,0
33.7,-0.1954,-0.2679,303.0387,-4.2628,-0.5227,303.0387,,,,,,,,,,,,0.0,0.0,0.0,0.0,0
33.72,-0.1954,-0.2679,303.0387,-4.2628,-0.5227,303.0387,,,,,,,,,,,,0.0,0.0,0.0,0.0,0
33.74,-0.1954,-0.2679,303.0387,-4.2628,-0.5227,303.0387,,,,,,,,,,,,0.0,0.0,0.0,0.0,0
33.76,-0.1954,-0.2679,303.0387,-4.2628,-0.5227,303.0387,,,,,,,,,,,,0.0,0.0,0.0,0.0,0
33.78,-0.1954,-0.2679,303.0387,-4.2628,-0.5227,303.0387,,,,,,,,,,,,0.0,0.0,0.0,0.0,0
33.8,-0.1991,-0.2665,303.0357,-1.1896,-5.288,303.0358,,,,,,,,,,,,0.0,0.0,0.0,0.0,0
33.82,-0.1991,-0.2665,303.0357,-1.1896,-5.288,303.0358,,,,,,,,,,,,0.0,0.0,0.0,0.0,0
33.84,-0.1991,-0.2665,303.0357,-1.1896,-5.288,303.0358,,,,,,,,,,,,0.0,0.0,0.0,0.0,0
33.86,-0.1991,-0.2665,303.0357,-1.1896,-5.288,303.0358,,,,,,,,,,,,0.0,0.0,0.0,0.0,0
33.88,-0.1991,-0.2665,303.0357,-1.1896,-5.288,303.0358,,,,,,,,,,,,0.0,0.0,0.0,0.0,0
33.9,-0.2094,-0.2591,303.0372,-5.9417,-11.2949,303.0372,,,,,,,,,,,,0.0,0.0,0.0,0.0,0
33.92,-0.2094,-0.2591,303.0372,-5.9417,-11.2949,303.0372,,,,,,,,,,,,0.0,0.0,0.0,0.0,0
33.94,-0.2094,-0.2591,303.0372,-5.9417,-11.2949,303.0372,,,,,,,,,,,,0.0,0.0,0.0,0.0,0
33.96,-0.2094,-0.2591,303.0372,-5.9417,-11.2949,303.0372,,,,,,,,,,,,0.0,0.0,0.0,0.0,0
33.98,-0.2094,-0.2591,303.0372,-5.9417,-11.2949,303.0372,,,,,,,,,,,,0.0,0.0,0.0,0.0,0
34.0,-0.2058,-0.257,303.0386,-2.0433,-7.6935,303.0388,,,,,,,,,,,,0.0,0.0,0.0,0.0,0
34.02,-0.2058,-0.257,303.0386,-2.0433,-7.6935,303.0388,,,,,,,,,,,,0.0,0.0,0.0,0.0,0
34.04,-0.2058,-0.257,303.0386,-2.0433,-7.6935,303.0388,,,,,,,,,,,,0.0,0.0,0.0,0.0,0
34.06,-0.2058,-0.257,303.0386,-2.0433,-7.6935,303.0388,,,,,,,,,,,,0.0,0.0,0.0,0.0,0
34.08,-0.2058,-0.257,303.0386,-2.0433,-7.6935,303.0388,,,,,,,,,,,,0.0,0.0,0.0,0.0,0
34.1,-0.2062,-0.2556,303.0374,7.7661,-9.3223,303.0371,,,,,,,,,,,,0.0,0.0,0.0,0.0,0
34.12,-0.2062,-0.2556,303.0374,7.7661,-9.3223,303.0371,,,,,,,,,,,,0.0,0.0,0.0,0.0,0
34.14,-0.2062,-0.2556,303.0374,7.7661,-9.3223,303.0371,,,,,,,,,,,,0.0,0.0,0.0,0.0,0
34.16,-0.2062,-0.2556,303.0374,7.7661,-9.3223,303.0371,,,,,,,,,,,,0.0,0.0,0.0,0.0,0
34.18,-0.2062,-0.2556,303.0374,7.7661,-9.3223,303.0371,,,,,,,,,,,,0.0,0.0,0.0,0.0,0
34.2,-0.2118,-0.2571,303.0342,7.7335,-16.8216,303.0343,,,,,,,,,,,,0.0,0.0,0.0,0.0,0
34.22,-0.2118,-0.2571,303.0342,7.7335,-16.8216,303.0343,,,,,,,,,,,,0.0,0.0,0.0,0.0,0
34.24,-0.2118,-0.2571,303.0342,7.7335,-16.8216,303.0343,,,,,,,,,,,,0.0,0.0,0.0,0.0,0
34.26,-0.2118,-0.2571,303.0342,7.7335,-16.8216,303.0343,,,,,,,,,,,,0.0,0.0,0.0,0.0,0
34.28,-0.2118,-0.2571,303.0342,7.7335,-16.8216,303.0343,,,,,,,,,,,,0.0,0.0,0.0,0.0,0
34.3,-0.2096,-0.2629,303.0324,3.9487,-14.3707,303.0323,,,,,,,,,,,,0.0,0.0,0.0,0.0,0
34.32,-0.2096,-0.2629,303.0324,3.9487,-14.3707,303.0323,,,,,,,,,,,,0.0,0.0,0.0,0.0,0
34.34,-0.2096,-0.2629,303.0324,3.9487,-14.3707,303.0323,,,,,,,,,,,,0.0,0.0,0.0,0.0,0
34.36,-0.2096,-0.2629,303.0324,3.9487,-14.3707,303.0323,,,,,,,,,,,,0.0,0.0,0.0,0.0,0
34.38,-0.2096,-0.2629,303.0324,3.9487,-14.3707,303.0323,,,,,,,,,,,,0.0,0.0,0.0,0.0,0
34.4,-0.2022,-0.2674,303.035,2.0163,-7.3813,303.035,,,,,,,,,,,,0.0,0.0,0.0,0.0,0
34.42,-0.2022,-0.2674,303.035,2.0163,-7.3813,303.035,,,,,,,,,,,,0.0,0.0,0.0,0.0,0
34.44,-0.2022,-0.2674,303.035,2.0163,-7.3813,303.035,,,,,,,,,,,,0.0,0.0,0.0,0.0,0
34.46,-0.2022,-0.2674,303.035,2.0163,-7.3813,303.035,,,,,,,,,,,,0.0,0.0,0.0,0.0,0
34.48,-0.2022,-0.2674,303.035,2.0163,-7.3813,303.035,,,,,,,,,,,,0.0,0.0,0.0,0.0,0
34.5,-0.2017,-0.2687,303.034,1.0295,-3.7686,303.034,,,,,,,,,,,,0.0,0.0,0.0,0.0,0
34.52,-0.2017,-0.2687,303.034,1.0295,-3.7686,303.034,,,,,,,,,,,,0.0,0.0,0.0,0.0,0
34.54,-0.2017,-0.2687,303.034,1.0295,-3.7686,303.034,,,,,,,,,,,,0.0,0.0,0.0,0.0,0
34.56,-0.2017,-0.2687,303.034,1.0295,-3.7686,303.034,,,,,,,,,,,,0.0,0.0,0.0,0.0,0
34.58,-0.2017,-0.2687,303.034,1.0295,-3.7686,303.034,,,,,,,,,,,,0.0,0.0,0.0,0.0,0
34.6,-0.2017,-0.2695,303.0378,0.5256,-1.924,303.0378,,,,,,,,,,,,0.0,0.0,0.0,0.0,2
34.62,-0.2017,-0.2695,303.0378,0.5256,-1.924,303.0378,,,,,,,,,,,,0.0,0.0,0.0,0.0,2
34.64,-0.2017,-0.2695,303.0378,0.5256,-1.924,303.0378,,,,,,,,,,,,0.0,0.0,0.0,0.0,2
34.66,-0.2017,-0.2695,303.0378,0.5256,-1.924,303.0378,,,,,,,,,,,,0.0,0.0,0.0,0.0,2
34.68,-0.2017,-0.2695,303.0378,0.5256,-1.924,303.0378,,,,,,,,,,,,0.0,0.0,0.0,0.0,2
34.7,-0.1994,-0.2748,303.0314,0.2683,-0.9823,303.0314,,,,,,,,,,,,0.0,0.0,0.0,0.0,2
34.72,-0.1994,-0.2748,303.0314,0.2683,-0.9823,303.0314,,,,,,,,,,,,0.0,0.0,0.0,0.0,2
34.74,-0.1994,-0.2748,303.0314,0.2683,-0.9823,303.0314,,,,,,,,,,,,0.0,0.0,0.0,0.0,2
34.76,-0.1994,-0.2748,303.0314,0.2683,-0.9823,303.0314,,,,,,,,,,,,0.0,0.0,0.0,0.0,2
34.78,-0.1994,-0.2748,303.0314,0.2683,-0.9823,303.0314,,,,,,,,,,,,0.0,0.0,0.0,0.0,2
34.8,-0.195,-0.273,303.0358,0.137,-0.5015,303.0358,,,,,,,,,,,,0.0,0.0,0.0,0.0,2
34.82,-0.195,-0.273,303.0358,0.137,-0.5015,303.0358,,,,,,,,,,,,0.0,0.0,0.0,0.0,2
34.84,-0.195,-0.273,303.0358,0.137,-0.5015,303.0358,,,,,,,,,,,,0.0,0.0,0.0,0.0,2
34.86,-0.195,-0.273,303.0358,0.137,-0.5015,303.0358,,,,,,,,,,,,0.0,0.0,0.0,0.0,2
34.88,-0.195,-0.273,303.0358,0.137,-0.5015,303.0358,,,,,,,,,,,,0.0,0.0,0.0,0.0,2
34.9,-0.193,-0.2717,303.0299,0.0699,-0.256,303.0299,,,,,,,,,,,,0.0,0.0,0.0,0.0,2
34.92,-0.193,-0.2717,303.0299,0.0699,-0.256,303.0299,,,,,,,,,,,,0.0,0.0,0.0,0.0,2
34.94,-0.193,-0.2717,303.0299,0.0699,-0.256,303.0299,,,,,,,,,,,,0.0,0.0,0.0,0.0,0
34.96,-0.193,-0.2717,303.0299,0.0699,-0.256,303.0299,,,,,,,,,,,,0.0,0.0,0.0,0.0,0
34.98,-0.193,-0.2717,303.0299,0.0699,-0.256,303.0299,,,,,,,,,,,,0.0,0.0,0.0,0.0,0
35.0,-0.1951,-0.2713,303.0395,0.0357,-0.1307,303.0395,,,,,,,,,,,,0.0,0.0,0.0,0.0,0
35.02,-0.1951,-0.2713,303.0395,0.0357,-0.1307,303.0395,,,,,,,,,,,,0.0,0.0,0.0,0.0,0
35.04,-0.1951,-0.2713,303.0395,0.0357,-0.1307,303.0395,,,,,,,,,,,,0.0,0.0,0.0,0.0,0
35.06,-0.1951,-0.2713,303.0395,0.0357,-0.1307,303.0395,,,,,,,,,,,,0.0,0.0,0.0,0.0,0
35.08,-0.1951,-0.2713,303.0395,0.0357,-0.1307,303.0395,,,,,,,,,,,,0.0,0.0,0.0,0.0,0
35.1,-0.1904,-0.2673,303.0367,0.0182,-0.0667,303.0367,,,,,,,,,,,,0.0,0.0,0.0,0.0,0
35.12,-0.1904,-0.2673,303.0367,0.0182,-0.0667,303.0367,,,,,,,,,,,,0.0,0.0,0.0,0.0,0
35.14,-0.1904,-0.2673,303.0367,0.0182,-0.0667,303.0367,,,,,,,,,,,,0.0,0.0,0.0,0.0,0
35.16,-0.1904,-0.2673,303.0367,0.0182,-0.0667,303.0367,,,,,,,,,,,,0.0,0.0,0.0,0.0,0
35.18,-0.1904,-0.2673,303.0367,0.0182,-0.0667,303.0367,,,,,,,,,,,,0.0,0.0,0.0,0.0,0
35.2,-0.1866,-0.2576,303.0428,0.0093,-0.0341,303.0428,,,,,,,,,,,,0.0,0.0,0.0,0.0,0
35.22,-0.1866,-0.2576,303.0428,0.0093,-0.0341,303.0428,,,,,,,,,,,,0.0,0.0,0.0,0.0,0
35.24,-0.1866,-0.2576,303.0428,0.0093,-0.0341,303.0428,,,,,,,,,,,,0.0,0.0,0.0,0.0,0
35.26,-0.1866,-0.2576,303.0428,0.0093,-0.0341,303.0428,,,,,,,,,,,,0.0,0.0,0.0,0.0,0
35.28,-0.1866,-0.2576,303.0428,0.0093,-0.0341,303.0428,,,,,,,,,,,,0.0,0.0,0.0,0.0,0
35.3,-0.1866,-0.2576,303.0428,0.0093,-0.0341,303.0428,,,,,,,,,,,,0.0,0.0,0.0,0.0,0
35.32,-0.1904,-0.2546,303.0369,0.0048,-0.0174,303.0368,,,,,,,,,,,,0.0,0.0,0.0,0.0,0
35.34,-0.1904,-0.2546,303.0369,0.0048,-0.0174,303.0368,,,,,,,,,,,,0.0,0.0,0.0,0.0,0
35.36,-0.1904,-0.2546,303.0369,0.0048,-0.0174,303.0368,,,,,,,,,,,,0.0,0.0,0.0,0.0,0
35.38,-0.1904,-0.2546,303.0369,0.0048,-0.0174,303.0368,,,,,,,,,,,,0.0,0.0,0.0,0.0,0
35.4,-0.1904,-0.2601,303.0432,0.0024,-0.0089,303.0433,,,,,,,,,,,,0.0,0.0,0.0,0.0,0
35.42,-0.1904,-0.2601,303.0432,0.0024,-0.0089,303.0433,,,,,,,,,,,,0.0,0.0,0.0,0.0,0
35.44,-0.1904,-0.2601,303.0432,0.0024,-0.0089,303.0433,,,,,,,,,,,,0.0,0.0,0.0,0.0,0
35.46,-0.1904,-0.2601,303.0432,0.0024,-0.0089,303.0433,,,,,,,,,,,,0.0,0.0,0.0,0.0,0
35.48,-0.1904,-0.2601,303.0432,0.0024,-0.0089,303.0433,,,,,,,,,,,,0.0,0.0,0.0,0.0,0
35.5,-0.19,-0.2675,303.0386,0.0012,-0.0045,303.0386,,,,,,,,,,,,0.0,0.0,0.0,0.0,0
35.52,-0.19,-0.2675,303.0386,0.0012,-0.0045,303.0386,,,,,,,,,,,,0.0,0.0,0.0,0.0,0
35.54,-0.19,-0.2675,303.0386,0.0012,-0.0045,303.0386,,,,,,,,,,,,0.0,0.0,0.0,0.0,0
35.56,-0.19,-0.2675,303.0386,0.0012,-0.0045,303.0386,,,,,,,,,,,,0.0,0.0,0.0,0.0,0
35.58,-0.19,-0.2675,303.0386,0.0012,-0.0045,303.0386,,,,,,,,,,,,0.0,0.0,0.0,0.0,0
35.6,-0.1907,-0.2639,303.0463,0.0006,-0.0023,303.0463,,,,,,,,,,,,0.0,0.0,0.0,0.0,0
35.62,-0.1907,-0.2639,303.0463,0.0006,-0.0023,303.0463,,,,,,,,,,,,0.0,0.0,0.0,0.0,0
35.64,-0.1907,-0.2639,303.0463,0.0006,-0.0023,303.0463,,,,,,,,,,,,0.0,0.0,0.0,0.0,0
35.66,-0.1907,-0.2639,303.0463,0.0006,-0.0023,303.0463,,,,,,,,,,,,0.0,0.0,0.0,0.0,0
35.68,-0.1907,-0.2639,303.0463,0.0006,-0.0023,303.0463,,,,,,,,,,,,0.0,0.0,0.0,0.0,0
35.7,-0.1907,-0.2648,303.0482,0.0003,-0.0012,303.0482,,,,,,,,,,,,0.0,0.0,0.0,0.0,0
35.72,-0.1907,-0.2648,303.0482,0.0003,-0.0012,303.0482,,,,,,,,,,,,0.0,0.0,0.0,0.0,0
35.74,-0.1907,-0.2648,303.0482,0.0003,-0.0012,303.0482,,,,,,,,,,,,0.0,0.0,0.0,0.0,0
35.76,-0.1907,-0.2648,303.0482,0.0003,-0.0012,303.0482,,,,,,,,,,,,0.0,0.0,0.0,0.0,0
35.78,-0.1907,-0.2648,303.0482,0.0003,-0.0012,303.0482,,,,,,,,,,,,0.0,0.0,0.0,0.0,0
35.8,-0.189,-0.2636,303.0594,0.0002,-0.0006,303.0594,,,,,,,,,,,,0.0,0.0,0.0,0.0,0
35.82,-0.189,-0.2636,303.0594,0.0002,-0.0006,303.0594,,,,,,,,,,,,0.0,0.0,0.0,0.0,0
35.84,-0.189,-0.2636,303.0594,0.0002,-0.0006,303.0594,,,,,,,,,,,,0.0,0.0,0.0,0.0,0
35.86,-0.189,-0.2636,303.0594,0.0002,-0.0006,303.0594,,,,,,,,,,,,0.0,0.0,0.0,0.0,0
35.88,-0.189,-0.2636,303.0594,0.0002,-0.0006,303.0594,,,,,,,,,,,,0.0,0.0,0.0,0.0,0
35.9,-0.189,-0.2636,303.0594,0.0002,-0.0006,303.0594,,,,,,,,,,,,0.0,0.0,0.0,0.0,0
35.92,-0.1925,-0.2615,303.0571,0.0001,-0.0004,303.0571,,,,,,,,,,,,0.0,0.0,0.0,0.0,0
35.94,-0.1925,-0.2615,303.0571,0.0001,-0.0004,303.0571,,,,,,,,,,,,0.0,0.0,0.0,0.0,0
35.96,-0.1925,-0.2615,303.0571,0.0001,-0.0004,303.0571,,,,,,,,,,,,0.0,0.0,0.0,0.0,0
35.98,-0.1925,-0.2615,303.0571,0.0001,-0.0004,303.0571,,,,,,,,,,,,0.0,0.0,0.0,0.0,0
36.0,-0.1894,-0.2624,303.0634,0.0001,-0.0004,303.0634,,,,,,,,,,,,0.0,0.0,0.0,0.0,0
36.02,-0.1894,-0.2624,303.0634,0.0001,-0.0004,303.0634,,,,,,,,,,,,0.0,0.0,0.0,0.0,0
36.04,-0.1894,-0.2624,303.0634,0.0001,-0.0004,303.0634,,,,,,,,,,,,0.0,0.0,0.0,0.0,0
36.06,-0.1894,-0.2624,303.0634,0.0001,-0.0004,303.0634,,,,,,,,,,,,0.0,0.0,0.0,0.0,0
36.08,-0.1894,-0.2624,303.0634,0.0001,-0.0004,303.0634,,,,,,,,,,,,0.0,0.0,0.0,0.0,0
36.1,-0.1886,-0.2658,303.0596,0.0001,-0.0004,303.0596,,,,,,,,,,,,0.0,0.0,0.0,0.0,0
36.12,-0.1886,-0.2658,303.0596,0.0001,-0.0004,303.0596,,,,,,,,,,,,0.0,0.0,0.0,0.0,0
36.14,-0.1886,-0.2658,303.0596,0.0001,-0.0004,303.0596,,,,,,,,,,,,0.0,0.0,0.0,0.0,0
36.16,-0.1886,-0.2658,303.0596,0.0001,-0.0004,303.0596,,,,,,,,,,,,0.0,0.0,0.0,0.0,0
36.18,-0.1886,-0.2658,303.0596,0.0001,-0.0004,303.0596,,,,,,,,,,,,0.0,0.0,0.0,0.0,0
36.2,-0.1886,-0.2682,303.0614,0.0001,-0.0004,303.0614,,,,,,,,,,,,0.0,0.0,0.0,0.0,0
36.22,-0.1886,-0.2682,303.0614,0.0001,-0.0004,303.0614,,,,,,,,,,,,0.0,0.0,0.0,0.0,0
36.24,-0.1886,-0.2682,303.0614,0.0001,-0.0004,303.0614,,,,,,,,,,,,0.0,0.0,0.0,0.0,0
36.26,-0.1886,-0.2682,303.0614,0.0001,-0.0004,303.0614,,,,,,,,,,,,0.0,0.0,0.0,0.0,0
36.28,-0.1886,-0.2682,303.0614,0.0001,-0.0004,303.0614,,,,,,,,,,,,0.0,0.0,0.0,0.0,0
36.3,-0.1902,-0.2653,303.0604,0.0001,-0.0004,303.0604,,,,,,,,,,,,0.0,0.0,0.0,0.0,0
36.32,-0.1902,-0.2653,303.0604,0.0001,-0.0004,303.0604,,,,,,,,,,,,0.0,0.0,0.0,0.0,0
36.34,-0.1902,-0.2653,303.0604,0.0001,-0.0004,303.0604,,,,,,,,,,,,0.0,0.0,0.0,0.0,0
36.36,-0.1902,-0.2653,303.0604,0.0001,-0.0004,303.0604,,,,,,,,,,,,0.0,0.0,0.0,0.0,0
36.38,-0.1902,-0.2653,303.0604,0.0001,-0.0004,303.0604,,,,,,,,,,,,0.0,0.0,0.0,0.0,0
36.4,-0.1843,-0.2692,303.0606,0.0001,-0.0004,303.0606,,,,,,,,,,,,0.0,0.0,0.0,0.0,0
36.42,-0.1843,-0.2692,303.0606,0.0001,-0.0004,303.0606,,,,,,,,,,,,0.0,0.0,0.0,0.0,0
36.44,-0.1843,-0.2692,303.0606,0.0001,-0.0004,303.0606,,,,,,,,,,,,0.0,0.0,0.0,0.0,0
36.46,-0.1843,-0.2692,303.0606,0.0001,-0.0004,303.0606,,,,,,,,,,,,0.0,0.0,0.0,0.0,0
36.48,-0.1843,-0.2692,303.0606,0.0001,-0.0004,303.0606,,,,,,,,,,,,0.0,0.0,0.0,0.0,0
36.5,-0.1852,-0.2702,303.062,0.0001,-0.0004,303.062,,,,,,,,,,,,0.0,0.0,0.0,0.0,0
36.52,-0.1852,-0.2702,303.062,0.0001,-0.0004,303.062,,,,,,,,,,,,0.0,0.0,0.0,0.0,0
36.54,-0.1852,-0.2702,303.062,0.0001,-0.0004,303.062,,,,,,,,,,,,0.0,0.0,0.0,0.0,0
36.56,-0.1852,-0.2702,303.062,0.0001,-0.0004,303.062,,,,,,,,,,,,0.0,0.0,0.0,0.0,0
36.58,-0.1852,-0.2702,303.062,0.0001,-0.0004,303.062,,,,,,,,,,,,0.0,0.0,0.0,0.0,0
36.6,-0.1875,-0.2694,303.0599,0.0001,-0.0004,303.0599,,,,,,,,,,,,0.0,0.0,0.0,0.0,0
36.62,-0.1875,-0.2694,303.0599,0.0001,-0.0004,303.0599,,,,,,,,,,,,0.0,0.0,0.0,0.0,0
36.64,-0.1875,-0.2694,303.0599,0.0001,-0.0004,303.0599,,,,,,,,,,,,0.0,0.0,0.0,0.0,0
36.66,-0.1875,-0.2694,303.0599,0.0001,-0.0004,303.0599,,,,,,,,,,,,0.0,0.0,0.0,0.0,0
36.68,-0.1875,-0.2694,303.0599,0.0001,-0.0004,303.0599,,,,,,,,,,,,0.0,0.0,0.0,0.0,0
36.7,-0.1864,-0.2707,303.0556,0.0001,-0.0004,303.0556,,,,,,,,,,,,0.0,0.0,0.0,0.0,0
36.72,-0.1864,-0.2707,303.0556,0.0001,-0.0004,303.0556,,,,,,,,,,,,0.0,0.0,0.0,0.0,0
36.74,-0.1864,-0.2707,303.0556,0.0001,-0.0004,303.0556,,,,,,,,,,,,0.0,0.0,0.0,0.0,0
36.76,-0.1864,-0.2707,303.0556,0.0001,-0.0004,303.0556,,,,,,,,,,,,0.0,0.0,0.0,0.0,0
36.78,-0.1864,-0.2707,303.0556,0.0001,-0.0004,303.0556,,,,,,,,,,,,0.0,0.0,0.0,0.0,0
36.8,-0.1851,-0.2738,303.053,0.0001,-0.0004,303.053,,,,,,,,,,,,0.0,0.0,0.0,0.0,0
36.82,-0.1851,-0.2738,303.053,0.0001,-0.0004,303.053,,,,,,,,,,,,0.0,0.0,0.0,0.0,0
36.84,-0.1851,-0.2738,303.053,0.0001,-0.0004,303.053,,,,,,,,,,,,0.0,0.0,0.0,0.0,0
36.86,-0.1851,-0.2738,303.053,0.0001,-0.0004,303.053,,,,,,,,,,,,0.0,0.0,0.0,0.0,0
36.88,-0.1851,-0.2738,303.053,0.0001,-0.0004,303.053,,,,,,,,,,,,0.0,0.0,0.0,0.0,0
36.9,-0.1867,-0.2712,303.0574,0.0001,-0.0004,303.0574,,,,,,,,,,,,0.0,0.0,0.0,0.0,0
36.92,-0.1867,-0.2712,303.0574,0.0001,-0.0004,303.0574,,,,,,,,,,,,0.0,0.0,0.0,0.0,0
36.94,-0.1867,-0.2712,303.0574,0.0001,-0.0004,303.0574,,,,,,,,,,,,0.0,0.0,0.0,0.0,0
36.96,-0.1867,-0.2712,303.0574,0.0001,-0.0004,303.0574,,,,,,,,,,,,0.0,0.0,0.0,0.0,0
36.98,-0.1867,-0.2712,303.0574,0.0001,-0.0004,303.0574,,,,,,,,,,,,0.0,0.0,0.0,0.0,0
37.0,-0.1896,-0.2643,303.0523,0.0001,-0.0004,303.0523,,,,,,,,,,,,0.0,0.0,0.0,0.0,0
37.02,-0.1896,-0.2643,303.0523,0.0001,-0.0004,303.0523,,,,,,,,,,,,0.0,0.0,0.0,0.0,0
37.04,-0.1896,-0.2643,303.0523,0.0001,-0.0004,303.0523,,,,,,,,,,,,0.0,0.0,0.0,0.0,0
37.06,-0.1896,-0.2643,303.0523,0.0001,-0.0004,303.0523,,,,,,,,,,,,0.0,0.0,0.0,0.0,0
37.08,-0.1896,-0.2643,303.0523,0.0001,-0.0004,303.0523,,,,,,,,,,,,0.0,0.0,0.0,0.0,0
37.1,-0.1858,-0.2682,303.0533,0.0001,-0.0004,303.0533,,,,,,,,,,,,0.0,0.0,0.0,0.0,0
37.12,-0.1858,-0.2682,303.0533,0.0001,-0.0004,303.0533,,,,,,,,,,,,0.0,0.0,0.0,0.0,0
37.14,-0.1858,-0.2682,303.0533,0.0001,-0.0004,303.0533,,,,,,,,,,,,0.0,0.0,0.0,0.0,0
37.16,-0.1858,-0.2682,303.0533,0.0001,-0.0004,303.0533,,,,,,,,,,,,0.0,0.0,0.0,0.0,0
37.18,-0.1858,-0.2682,303.0533,0.0001,-0.0004,303.0533,,,,,,,,,,,,0.0,0.0,0.0,0.0,0
37.2,-0.1849,-0.2733,303.0509,0.0001,-0.0004,303.0509,,,,,,,,,,,,0.0,0.0,0.0,0.0,0
37.22,-0.1849,-0.2733,303.0509,0.0001,-0.0004,303.0509,,,,,,,,,,,,0.0,0.0,0.0,0.0,0
37.24,-0.1849,-0.2733,303.0509,0.0001,-0.0004,303.0509,,,,,,,,,,,,0.0,0.0,0.0,0.0,0
37.26,-0.1849,-0.2733,303.0509,0.0001,-0.0004,303.0509,,,,,,,,,,,,0.0,0.0,0.0,0.0,0
37.28,-0.1849,-0.2733,303.0509,0.0001,-0.0004,303.0509,,,,,,,,,,,,0.0,0.0,0.0,0.0,0
37.3,-0.1873,-0.2746,303.0587,0.0001,-0.0004,303.0587,,,,,,,,,,,,0.0,0.0,0.0,0.0,0
37.32,-0.1873,-0.2746,303.0587,0.0001,-0.0004,303.0587,,,,,,,,,,,,0.0,0.0,0.0,0.0,0
37.34,-0.1873,-0.2746,303.0587,0.0001,-0.0004,303.0587,,,,,,,,,,,,0.0,0.0,0.0,0.0,0
37.36,-0.1873,-0.2746,303.0587,0.0001,-0.0004,303.0587,,,,,,,,,,,,0.0,0.0,0.0,0.0,0
37.38,-0.1873,-0.2746,303.0587,0.0001,-0.0004,303.0587,,,,,,,,,,,,0.0,0.0,0.0,0.0,0
37.4,-0.1777,-0.2754,303.0569,0.0001,-0.0004,303.0569,,,,,,,,,,,,0.0,0.0,0.0,0.0,0
37.42,-0.1777,-0.2754,303.0569,0.0001,-0.0004,303.0569,,,,,,,,,,,,0.0,0.0,0.0,0.0,0
37.44,-0.1777,-0.2754,303.0569,0.0001,-0.0004,303.0569,,,,,,,,,,,,0.0,0.0,0.0,0.0,0
37.46,-0.1777,-0.2754,303.0569,0.0001,-0.0004,303.0569,,,,,,,,,,,,0.0,0.0,0.0,0.0,0
37.48,-0.1777,-0.2754,303.0569,0.0001,-0.0004,303.0569,,,,,,,,,,,,0.0,0.0,0.0,0.0,0
37.5,-0.1792,-0.2753,303.0606,0.0001,-0.0004,303.0606,,,,,,,,,,,,0.0,0.0,0.0,0.0,0
37.52,-0.1792,-0.2753,303.0606,0.0001,-0.0004,303.0606,,,,,,,,,,,,0.0,0.0,0.0,0.0,0
37.54,-0.1792,-0.2753,303.0606,0.0001,-0.0004,303.0606,,,,,,,,,,,,0.0,0.0,0.0,0.0,0
37.56,-0.1792,-0.2753,303.0606,0.0001,-0.0004,303.0606,,,,,,,,,,,,0.0,0.0,0.0,0.0,0
37.58,-0.1792,-0.2753,303.0606,0.0001,-0.0004,303.0606,,,,,,,,,,,,0.0,0.0,0.0,0.0,0
37.6,-0.1835,-0.2748,303.0559,0.0001,-0.0004,303.0559,,,,,,,,,,,,0.0,0.0,0.0,0.0,0
37.62,-0.1835,-0.2748,303.0559,0.0001,-0.0004,303.0559,,,,,,,,,,,,0.0,0.0,0.0,0.0,0
37.64,-0.1835,-0.2748,303.0559,0.0001,-0.0004,303.0559,,,,,,,,,,,,0.0,0.0,0.0,0.0,0
37.66,-0.1835,-0.2748,303.0559,0.0001,-0.0004,303.0559,,,,,,,,,,,,0.0,0.0,0.0,0.0,0
37.68,-0.1835,-0.2748,303.0559,0.0001,-0.0004,303.0559,,,,,,,,,,,,0.0,0.0,0.0,0.0,0
37.7,-0.1835,-0.2759,303.0572,0.0001,-0.0004,303.0572,,,,,,,,,,,,0.0,0.0,0.0,0.0,0
37.72,-0.1835,-0.2759,303.0572,0.0001,-0.0004,303.0572,,,,,,,,,,,,0.0,0.0,0.0,0.0,0
37.74,-0.1835,-0.2759,303.0572,0.0001,-0.0004,303.0572,,,,,,,,,,,,0.0,0.0,0.0,0.0,0
37.76,-0.1835,-0.2759,303.0572,0.0001,-0.0004,303.0572,,,,,,,,,,,,0.0,0.0,0.0,0.0,0
37.78,-0.1835,-0.2759,303.0572,0.0001,-0.0004,303.0572,,,,,,,,,,,,0.0,0.0,0.0,0.0,0
37.8,-0.1753,-0.2718,303.0568,0.0001,-0.0004,303.0568,,,,,,,,,,,,0.0,0.0,0.0,0.0,0
37.82,-0.1753,-0.2718,303.0568,0.0001,-0.0004,303.0568,,,,,,,,,,,,0.0,0.0,0.0,0.0,0
37.84,-0.1753,-0.2718,303.0568,0.0001,-0.0004,303.0568,,,,,,,,,,,,0.0,0.0,0.0,0.0,0
37.86,-0.1753,-0.2718,303.0568,0.0001,-0.0004,303.0568,,,,,,,,,,,,0.0,0.0,0.0,0.0,0
37.88,-0.1753,-0.2718,303.0568,0.0001,-0.0004,303.0568,,,,,,,,,,,,0.0,0.0,0.0,0.0,0
37.9,-0.1821,-0.2723,303.0563,0.0001,-0.0004,303.0563,,,,,,,,,,,,0.0,0.0,0.0,0.0,0
37.92,-0.1821,-0.2723,303.0563,0.0001,-0.0004,303.0563,,,,,,,,,,,,0.0,0.0,0.0,0.0,0
37.94,-0.1821,-0.2723,303.0563,0.0001,-0.0004,303.0563,,,,,,,,,,,,0.0,0.0,0.0,0.0,0
37.96,-0.1821,-0.2723,303.0563,0.0001,-0.0004,303.0563,,,,,,,,,,,,0.0,0.0,0.0,0.0,0
37.98,-0.1821,-0.2723,303.0563,0.0001,-0.0004,303.0563,,,,,,,,,,,,0.0,0.0,0.0,0.0,0
38.0,-0.1845,-0.2754,303.0558,0.0001,-0.0004,303.0558,,,,,,,,,,,,0.0,0.0,0.0,0.0,0
38.02,-0.1845,-0.2754,303.0558,0.0001,-0.0004,303.0558,,,,,,,,,,,,0.0,0.0,0.0,0.0,0
38.04,-0.1845,-0.2754,303.0558,0.0001,-0.0004,303.0558,,,,,,,,,,,,0.0,0.0,0.0,0.0,0
38.06,-0.1845,-0.2754,303.0558,0.0001,-0.0004,303.0558,,,,,,,,,,,,0.0,0.0,0.0,0.0,0
38.08,-0.1845,-0.2754,303.0558,0.0001,-0.0004,303.0558,,,,,,,,,,,,0.0,0.0,0.0,0.0,0
38.1,-0.1768,-0.276,303.0537,0.0001,-0.0004,303.0537,,,,,,,,,,,,0.0,0.0,0.0,0.0,0
38.12,-0.1768,-0.276,303.0537,0.0001,-0.0004,303.0537,,,,,,,,,,,,0.0,0.0,0.0,0.0,0
38.14,-0.1768,-0.276,303.0537,0.0001,-0.0004,303.0537,,,,,,,,,,,,0.0,0.0,0.0,0.0,0
38.16,-0.1768,-0.276,303.0537,0.0001,-0.0004,303.0537,,,,,,,,,,,,0.0,0.0,0.0,0.0,0
38.18,-0.1768,-0.276,303.0537,0.0001,-0.0004,303.0537,,,,,,,,,,,,0.0,0.0,0.0,0.0,0
38.2,-0.1772,-0.2754,303.053,0.0001,-0.0004,303.053,,,,,,,,,,,,0.0,0.0,0.0,0.0,0
38.22,-0.1772,-0.2754,303.053,0.0001,-0.0004,303.053,,,,,,,,,,,,0.0,0.0,0.0,0.0,0
38.24,-0.1772,-0.2754,303.053,0.0001,-0.0004,303.053,,,,,,,,,,,,0.0,0.0,0.0,0.0,0
38.26,-0.1772,-0.2754,303.053,0.0001,-0.0004,303.053,,,,,,,,,,,,0.0,0.0,0.0,0.0,0
38.28,-0.1772,-0.2754,303.053,0.0001,-0.0004,303.053,,,,,,,,,,,,0.0,0.0,0.0,0.0,0
38.3,-0.1814,-0.2793,303.051,0.0001,-0.0004,303.0511,,,,,,,,,,,,0.0,0.0,0.0,0.0,0
38.32,-0.1814,-0.2793,303.051,0.0001,-0.0004,303.0511,,,,,,,,,,,,0.0,0.0,0.0,0.0,0
38.34,-0.1814,-0.2793,303.051,0.0001,-0.0004,303.0511,,,,,,,,,,,,0.0,0.0,0.0,0.0,0
38.36,-0.1814,-0.2793,303.051,0.0001,-0.0004,303.0511,,,,,,,,,,,,0.0,0.0,0.0,0.0,0
38.38,-0.1814,-0.2793,303.051,0.0001,-0.0004,303.0511,,,,,,,,,,,,0.0,0.0,0.0,0.0,0
38.4,-0.177,-0.2809,303.0527,0.0001,-0.0004,303.0527,,,,,,,,,,,,0.0,0.0,0.0,0.0,0
38.42,-0.177,-0.2809,303.0527,0.0001,-0.0004,303.0527,,,,,,,,,,,,0.0,0.0,0.0,0.0,0
38.44,-0.177,-0.2809,303.0527,0.0001,-0.0004,303.0527,,,,,,,,,,,,0.0,0.0,0.0,0.0,0
38.46,-0.177,-0.2809,303.0527,0.0001,-0.0004,303.0527,,,,,,,,,,,,0.0,0.0,0.0,0.0,0
38.48,-0.177,-0.2809,303.0527,0.0001,-0.0004,303.0527,,,,,,,,,,,,0.0,0.0,0.0,0.0,0
38.5,-0.1707,-0.2783,303.0462,0.0001,-0.0004,303.0462,,,,,,,,,,,,0.0,0.0,0.0,0.0,0
38.52,-0.1707,-0.2783,303.0462,0.0001,-0.0004,303.0462,,,,,,,,,,,,0.0,0.0,0.0,0.0,0
38.54,-0.1707,-0.2783,303.0462,0.0001,-0.0004,303.0462,,,,,,,,,,,,0.0,0.0,0.0,0.0,0
38.56,-0.1707,-0.2783,303.0462,0.0001,-0.0004,303.0462,,,,,,,,,,,,0.0,0.0,0.0,0.0,0
38.58,-0.1707,-0.2783,303.0462,0.0001,-0.0004,303.0462,,,,,,,,,,,,0.0,0.0,0.0,0.0,0
38.6,-0.176,-0.2762,303.0511,0.0001,-0.0004,303.0511,,,,,,,,,,,,0.0,0.0,0.0,0.0,0
38.62,-0.176,-0.2762,303.0511,0.0001,-0.0004,303.0511,,,,,,,,,,,,0.0,0.0,0.0,0.0,0
38.64,-0.176,-0.2762,303.0511,0.0001,-0.0004,303.0511,,,,,,,,,,,,0.0,0.0,0.0,0.0,0
38.66,-0.176,-0.2762,303.0511,0.0001,-0.0004,303.0511,,,,,,,,,,,,0.0,0.0,0.0,0.0,0
38.68,-0.176,-0.2762,303.0511,0.0001,-0.0004,303.0511,,,,,,,,,,,,0.0,0.0,0.0,0.0,0
38.7,-0.178,-0.2767,303.0498,0.0001,-0.0004,303.0498,,,,,,,,,,,,0.0,0.0,0.0,0.0,0
38.72,-0.178,-0.2767,303.0498,0.0001,-0.0004,303.0498,,,,,,,,,,,,0.0,0.0,0.0,0.0,0
38.74,-0.178,-0.2767,303.0498,0.0001,-0.0004,303.0498,,,,,,,,,,,,0.0,0.0,0.0,0.0,0
38.76,-0.178,-0.2767,303.0498,0.0001,-0.0004,303.0498,,,,,,,,,,,,0.0,0.0,0.0,0.0,0
38.78,-0.178,-0.2767,303.0498,0.0001,-0.0004,303.0498,,,,,,,,,,,,0.0,0.0,0.0,0.0,0
38.8,-0.1709,-0.2875,303.0582,0.0001,-1.5917,303.0582,,,,,,,,,,,,0.0,0.0,0.0,0.0,0
38.82,-0.1709,-0.2875,303.0582,0.0001,-1.5917,303.0582,,,,,,,,,,,,0.0,0.0,0.0,0.0,0
38.84,-0.1709,-0.2875,303.0582,0.0001,-1.5917,303.0582,,,,,,,,,,,,0.0,0.0,0.0,0.0,0
38.86,-0.1709,-0.2875,303.0582,0.0001,-1.5917,303.0582,,,,,,,,,,,,0.0,0.0,0.0,0.0,0
38.88,-0.1709,-0.2875,303.0582,0.0001,-1.5917,303.0582,,,,,,,,,,,,0.0,0.0,0.0,0.0,0
38.9,-0.1668,-0.2898,303.0516,0.8144,3.9886,303.0517,,,,,,,,,,,,0.0,0.0,0.0,0.0,0
38.92,-0.1668,-0.2898,303.0516,0.8144,3.9886,303.0517,,,,,,,,,,,,0.0,0.0,0.0,0.0,0
38.94,-0.1668,-0.2898,303.0516,0.8144,3.9886,303.0517,,,,,,,,,,,,0.0,0.0,0.0,0.0,0
38.96,-0.1668,-0.2898,303.0516,0.8144,3.9886,303.0517,,,,,,,,,,,,0.0,0.0,0.0,0.0,0
38.98,-0.1668,-0.2898,303.0516,0.8144,3.9886,303.0517,,,,,,,,,,,,0.0,0.0,0.0,0.0,0
39.0,-0.1695,-0.2869,303.0575,2.0816,16.0431,303.0576,,,,,,,,,,,,0.0,0.0,0.0,0.0,0
39.02,-0.1695,-0.2869,303.0575,2.0816,16.0431,303.0576,,,,,,,,,,,,0.0,0.0,0.0,0.0,0
39.04,-0.1695,-0.2869,303.0575,2.0816,16.0431,303.0576,,,,,,,,,,,,0.0,0.0,0.0,0.0,0
39.06,-0.1695,-0.2869,303.0575,2.0816,16.0431,303.0576,,,,,,,,,,,,0.0,0.0,0.0,0.0,0
39.08,-0.1695,-0.2869,303.0575,2.0816,16.0431,303.0576,,,,,,,,,,,,0.0,0.0,0.0,0.0,0
39.1,-0.1695,-0.2869,303.0575,2.0816,16.0431,303.0576,,,,,,,,,,,,0.0,0.0,0.0,0.0,0
39.12,-0.1669,-0.2831,303.054,2.7397,22.7438,303.054,,,,,,,,,,,,0.0,0.0,0.0,0.0,0
39.14,-0.1669,-0.2831,303.054,2.7397,22.7438,303.054,,,,,,,,,,,,0.0,0.0,0.0,0.0,0
39.16,-0.1669,-0.2831,303.054,2.7397,22.7438,303.054,,,,,,,,,,,,0.0,0.0,0.0,0.0,0
39.18,-0.1669,-0.2831,303.054,2.7397,22.7438,303.054,,,,,,,,,,,,0.0,0.0,0.0,0.0,0
39.2,-0.1642,-0.2849,303.051,3.0911,26.1649,303.051,,,,,,,,,,,,0.0,0.0,0.0,0.0,0
39.22,-0.1642,-0.2849,303.051,3.0911,26.1649,303.051,,,,,,,,,,,,0.0,0.0,0.0,0.0,0
39.24,-0.1642,-0.2849,303.051,3.0911,26.1649,303.051,,,,,,,,,,,,0.0,0.0,0.0,0.0,0
39.26,-0.1642,-0.2849,303.051,3.0911,26.1649,303.051,,,,,,,,,,,,0.0,0.0,0.0,0.0,0
39.28,-0.1642,-0.2849,303.051,3.0911,26.1649,303.051,,,,,,,,,,,,0.0,0.0,0.0,0.0,0
39.3,-0.1642,-0.2849,303.051,3.0911,26.1649,303.051,,,,,,,,,,,,0.0,0.0,0.0,0.0,0
39.32,-0.1677,-0.2827,303.0485,3.2662,27.9303,303.0484,,,,,,,,,,,,0.0,0.0,0.0,0.0,0
39.34,-0.1677,-0.2827,303.0485,3.2662,27.9303,303.0484,,,,,,,,,,,,0.0,0.0,0.0,0.0,0
39.36,-0.1677,-0.2827,303.0485,3.2662,27.9303,303.0484,,,,,,,,,,,,0.0,0.0,0.0,0.0,0
39.38,-0.1677,-0.2827,303.0485,3.2662,27.9303,303.0484,,,,,,,,,,,,0.0,0.0,0.0,0.0,0
39.4,-0.171,-0.2809,303.0462,2.8575,27.3959,303.0463,,,,,,,,,,,,0.0,0.0,0.0,0.0,0
39.42,-0.171,-0.2809,303.0462,2.8575,27.3959,303.0463,,,,,,,,,,,,0.0,0.0,0.0,0.0,0
39.44,-0.171,-0.2809,303.0462,2.8575,27.3959,303.0463,,,,,,,,,,,,0.0,0.0,0.0,0.0,0
39.46,-0.171,-0.2809,303.0462,2.8575,27.3959,303.0463,,,,,,,,,,,,0.0,0.0,0.0,0.0,0
39.48,-0.171,-0.2809,303.0462,2.8575,27.3959,303.0463,,,,,,,,,,,,0.0,0.0,0.0,0.0,0
39.5,-0.1661,-0.2775,303.0487,1.1864,17.259,303.049,,,,,,,,,,,,0.0,0.0,0.0,0.0,0
39.52,-0.1661,-0.2775,303.0487,1.1864,17.259,303.049,,,,,,,,,,,,0.0,0.0,0.0,0.0,0
39.54,-0.1661,-0.2775,303.0487,1.1864,17.259,303.049,,,,,,,,,,,,0.0,0.0,0.0,0.0,0
39.56,-0.1661,-0.2775,303.0487,1.1864,17.259,303.049,,,,,,,,,,,,0.0,0.0,0.0,0.0,0
39.58,-0.1661,-0.2775,303.0487,1.1864,17.259,303.049,,,,,,,,,,,,0.0,0.0,0.0,0.0,0
39.6,-0.17,-0.2759,303.0471,-0.1563,-2.3546,303.047,,,,,,,,,,,,0.0,0.0,0.0,0.0,0
39.62,-0.17,-0.2759,303.0471,-0.1563,-2.3546,303.047,,,,,,,,,,,,0.0,0.0,0.0,0.0,0
39.64,-0.17,-0.2759,303.0471,-0.1563,-2.3546,303.047,,,,,,,,,,,,0.0,0.0,0.0,0.0,0
39.66,-0.17,-0.2759,303.0471,-0.1563,-2.3546,303.047,,,,,,,,,,,,0.0,0.0,0.0,0.0,0
39.68,-0.17,-0.2759,303.0471,-0.1563,-2.3546,303.047,,,,,,,,,,,,0.0,0.0,0.0,0.0,0
39.7,-0.17,-0.2759,303.0471,-0.1563,-2.3546,303.047,,,,,,,,,,,,0.0,0.0,0.0,0.0,0
39.72,-0.1605,-0.2795,303.0539,-0.0798,-15.8396,303.0539,,,,,,,,,,,,0.0,0.0,0.0,0.0,0
39.74,-0.1605,-0.2795,303.0539,-0.0798,-15.8396,303.0539,,,,,,,,,,,,0.0,0.0,0.0,0.0,0
39.76,-0.1605,-0.2795,303.0539,-0.0798,-15.8396,303.0539,,,,,,,,,,,,0.0,0.0,0.0,0.0,0
39.78,-0.1605,-0.2795,303.0539,-0.0798,-15.8396,303.0539,,,,,,,,,,,,0.0,0.0,0.0,0.0,0
39.8,-0.1622,-0.2804,303.0492,-0.0407,-22.7241,303.0492,,,,,,,,,,,,0.0,0.0,0.0,0.0,0
39.82,-0.1622,-0.2804,303.0492,-0.0407,-22.7241,303.0492,,,,,,,,,,,,0.0,0.0,0.0,0.0,0
39.84,-0.1622,-0.2804,303.0492,-0.0407,-22.7241,303.0492,,,,,,,,,,,,0.0,0.0,0.0,0.0,0
39.86,-0.1622,-0.2804,303.0492,-0.0407,-22.7241,303.0492,,,,,,,,,,,,0.0,0.0,0.0,0.0,0
39.88,-0.1622,-0.2804,303.0492,-0.0407,-22.7241,303.0492,,,,,,,,,,,,0.0,0.0,0.0,0.0,0
39.9,-0.1672,-0.2825,303.0534,-0.0208,-26.2396,303.0534,,,,,,,,,,,,0.0,0.0,0.0,0.0,0
39.92,-0.1672,-0.2825,303.0534,-0.0208,-26.2396,303.0534,,,,,,,,,,,,0.0,0.0,0.0,0.0,0
39.94,-0.1672,-0.2825,303.0534,-0.0208,-26.2396,303.0534,,,,,,,,,,,,0.0,0.0,0.0,0.0,0
39.96,-0.1672,-0.2825,303.0534,-0.0208,-26.2396,303.0534,,,,,,,,,,,,0.0,0.0,0.0,0.0,0
39.98,-0.1672,-0.2825,303.0534,-0.0208,-26.2396,303.0534,,,,,,,,,,,,0.0,0.0,0.0,0.0,0
40.0,-0.1631,-0.2866,303.0493,-0.0106,-27.5802,303.0493,,,,,,,,,,,,0.0,0.0,0.0,0.0,0
40.02,-0.1631,-0.2866,303.0493,-0.0106,-27.5802,303.0493,,,,,,,,,,,,0.0,0.0,0.0,0.0,0
40.04,-0.1631,-0.2866,303.0493,-0.0106,-27.5802,303.0493,,,,,,,,,,,,0.0,0.0,0.0,0.0,0
40.06,-0.1631,-0.2866,303.0493,-0.0106,-27.5802,303.0493,,,,,,,,,,,,0.0,0.0,0.0,0.0,0
40.08,-0.1631,-0.2866,303.0493,-0.0106,-27.5802,303.0493,,,,,,,,,,,,0.0,0.0,0.0,0.0,0
40.1,-0.1631,-0.2866,303.0493,-0.0106,-27.5802,303.0493,,,,,,,,,,,,0.0,0.0,0.0,0.0,0
40.12,-0.1547,-0.29,303.0527,-0.0054,-20.4,303.0527,,,,,,,,,,,,0.0,0.0,0.0,0.0,0
40.14,-0.1547,-0.29,303.0527,-0.0054,-20.4,303.0527,,,,,,,,,,,,0.0,0.0,0.0,0.0,0
40.16,-0.1547,-0.29,303.0527,-0.0054,-20.4,303.0527,,,,,,,,,,,,0.0,0.0,0.0,0.0,0
40.18,-0.1547,-0.29,303.0527,-0.0054,-20.4,303.0527,,,,,,,,,,,,0.0,0.0,0.0,0.0,0
40.2,-0.1702,-0.2893,303.0466,1.6197,-3.2719,303.0468,,,,,,,,,,,,0.0,0.0,0.0,0.0,0
40.22,-0.1702,-0.2893,303.0466,1.6197,-3.2719,303.0468,,,,,,,,,,,,0.0,0.0,0.0,0.0,0
40.24,-0.1702,-0.2893,303.0466,1.6197,-3.2719,303.0468,,,,,,,,,,,,0.0,0.0,0.0,0.0,0
40.26,-0.1702,-0.2893,303.0466,1.6197,-3.2719,303.0468,,,,,,,,,,,,0.0,0.0,0.0,0.0,0
40.28,-0.1702,-0.2893,303.0466,1.6197,-3.2719,303.0468,,,,,,,,,,,,0.0,0.0,0.0,0.0,0
40.3,-0.1702,-0.2893,303.0466,1.6197,-3.2719,303.0468,,,,,,,,,,,,0.0,0.0,0.0,0.0,0
40.32,-0.1695,-0.2905,303.053,1.2047,8.4319,303.053,,,,,,,,,,,,0.0,0.0,0.0,0.0,0
40.34,-0.1695,-0.2905,303.053,1.2047,8.4319,303.053,,,,,,,,,,,,0.0,0.0,0.0,0.0,0
40.36,-0.1695,-0.2905,303.053,1.2047,8.4319,303.053,,,,,,,,,,,,0.0,0.0,0.0,0.0,0
40.38,-0.1695,-0.2905,303.053,1.2047,8.4319,303.053,,,,,,,,,,,,0.0,0.0,0.0,0.0,0
40.4,-0.1665,-0.2854,303.05,0.3273,12.496,303.05,,,,,,,,,,,,0.0,0.0,0.0,0.0,0
40.42,-0.1665,-0.2854,303.05,0.3273,12.496,303.05,,,,,,,,,,,,0.0,0.0,0.0,0.0,0
40.44,-0.1665,-0.2854,303.05,0.3273,12.496,303.05,,,,,,,,,,,,0.0,0.0,0.0,0.0,0
40.46,-0.1665,-0.2854,303.05,0.3273,12.496,303.05,,,,,,,,,,,,0.0,0.0,0.0,0.0,0
40.48,-0.1665,-0.2854,303.05,0.3273,12.496,303.05,,,,,,,,,,,,0.0,0.0,0.0,0.0,0
40.5,-0.1584,-0.2824,303.0506,-7.5106,8.9015,303.051,,,,,,,,,,,,0.0,0.0,0.0,0.0,0
40.52,-0.1584,-0.2824,303.0506,-7.5106,8.9015,303.051,,,,,,,,,,,,0.0,0.0,0.0,0.0,0
40.54,-0.1584,-0.2824,303.0506,-7.5106,8.9015,303.051,,,,,,,,,,,,0.0,0.0,0.0,0.0,0
40.56,-0.1584,-0.2824,303.0506,-7.5106,8.9015,303.051,,,,,,,,,,,,0.0,0.0,0.0,0.0,0
40.58,-0.1584,-0.2824,303.0506,-7.5106,8.9015,303.051,,,,,,,,,,,,0.0,0.0,0.0,0.0,0
40.6,-0.1718,-0.2773,303.048,-18.3943,5.4109,303.0481,,,,,,,,,,,,0.0,0.0,0.0,0.0,0
40.62,-0.1718,-0.2773,303.048,-18.3943,5.4109,303.0481,,,,,,,,,,,,0.0,0.0,0.0,0.0,0
40.64,-0.1718,-0.2773,303.048,-18.3943,5.4109,303.0481,,,,,,,,,,,,0.0,0.0,0.0,0.0,0
40.66,-0.1718,-0.2773,303.048,-18.3943,5.4109,303.0481,,,,,,,,,,,,0.0,0.0,0.0,0.0,0
40.68,-0.1718,-0.2773,303.048,-18.3943,5.4109,303.0481,,,,,,,,,,,,0.0,0.0,0.0,0.0,0
40.7,-0.1633,-0.2851,303.0438,-23.7352,3.7228,303.0438,,,,,,,,,,,,0.0,0.0,0.0,0.0,0
40.72,-0.1633,-0.2851,303.0438,-23.7352,3.7228,303.0438,,,,,,,,,,,,0.0,0.0,0.0,0.0,0
40.74,-0.1633,-0.2851,303.0438,-23.7352,3.7228,303.0438,,,,,,,,,,,,0.0,0.0,0.0,0.0,0
40.76,-0.1633,-0.2851,303.0438,-23.7352,3.7228,303.0438,,,,,,,,,,,,0.0,0.0,0.0,0.0,0
40.78,-0.1633,-0.2851,303.0438,-23.7352,3.7228,303.0438,,,,,,,,,,,,0.0,0.0,0.0,0.0,0
40.8,-0.1656,-0.2889,303.0504,-20.2528,3.0948,303.0504,,,,,,,,,,,,0.0,0.0,0.0,0.0,0
40.82,-0.1656,-0.2889,303.0504,-20.2528,3.0948,303.0504,,,,,,,,,,,,0.0,0.0,0.0,0.0,0
40.84,-0.1656,-0.2889,303.0504,-20.2528,3.0948,303.0504,,,,,,,,,,,,0.0,0.0,0.0,0.0,0
40.86,-0.1656,-0.2889,303.0504,-20.2528,3.0948,303.0504,,,,,,,,,,,,0.0,0.0,0.0,0.0,0
40.88,-0.1656,-0.2889,303.0504,-20.2528,3.0948,303.0504,,,,,,,,,,,,0.0,0.0,0.0,0.0,0
40.9,-0.1651,-0.2912,303.0452,-5.7711,4.3459,303.0453,,,,,,,,,,,,0.0,0.0,0.0,0.0,0
40.92,-0.1651,-0.2912,303.0452,-5.7711,4.3459,303.0453,,,,,,,,,,,,0.0,0.0,0.0,0.0,0
40.94,-0.1651,-0.2912,303.0452,-5.7711,4.3459,303.0453,,,,,,,,,,,,0.0,0.0,0.0,0.0,0
40.96,-0.1651,-0.2912,303.0452,-5.7711,4.3459,303.0453,,,,,,,,,,,,0.0,0.0,0.0,0.0,0
40.98,-0.1651,-0.2912,303.0452,-5.7711,4.3459,303.0453,,,,,,,,,,,,0.0,0.0,0.0,0.0,0
41.0,-0.1658,-0.297,303.0565,11.1782,5.516,303.0565,,,,,,,,,,,,0.0,0.0,0.0,0.0,0
41.02,-0.1658,-0.297,303.0565,11.1782,5.516,303.0565,,,,,,,,,,,,0.0,0.0,0.0,0.0,0
41.04,-0.1658,-0.297,303.0565,11.1782,5.516,303.0565,,,,,,,,,,,,0.0,0.0,0.0,0.0,0
41.06,-0.1658,-0.297,303.0565,11.1782,5.516,303.0565,,,,,,,,,,,,0.0,0.0,0.0,0.0,0
41.08,-0.1658,-0.297,303.0565,11.1782,5.516,303.0565,,,,,,,,,,,,0.0,0.0,0.0,0.0,0
41.1,-0.1699,-0.2936,303.0424,19.048,8.7364,303.0425,,,,,,,,,,,,0.0,0.0,0.0,0.0,0
41.12,-0.1699,-0.2936,303.0424,19.048,8.7364,303.0425,,,,,,,,,,,,0.0,0.0,0.0,0.0,0
41.14,-0.1699,-0.2936,303.0424,19.048,8.7364,303.0425,,,,,,,,,,,,0.0,0.0,0.0,0.0,0
41.16,-0.1699,-0.2936,303.0424,19.048,8.7364,303.0425,,,,,,,,,,,,0.0,0.0,0.0,0.0,0
41.18,-0.1699,-0.2936,303.0424,19.048,8.7364,303.0425,,,,,,,,,,,,0.0,0.0,0.0,0.0,0
41.2,-0.1663,-0.2912,303.0468,18.6199,16.3342,303.0468,,,,,,,,,,,,0.0,0.0,0.0,0.0,0
41.22,-0.1663,-0.2912,303.0468,18.6199,16.3342,303.0468,,,,,,,,,,,,0.0,0.0,0.0,0.0,0
41.24,-0.1663,-0.2912,303.0468,18.6199,16.3342,303.0468,,,,,,,,,,,,0.0,0.0,0.0,0.0,0
41.26,-0.1663,-0.2912,303.0468,18.6199,16.3342,303.0468,,,,,,,,,,,,0.0,0.0,0.0,0.0,0
41.28,-0.1663,-0.2912,303.0468,18.6199,16.3342,303.0468,,,,,,,,,,,,0.0,0.0,0.0,0.0,0
41.3,-0.1754,-0.3001,303.038,15.1902,21.4414,303.0379,,,,,,,,,,,,0.0,0.0,0.0,0.0,0
41.32,-0.1754,-0.3001,303.038,15.1902,21.4414,303.0379,,,,,,,,,,,,0.0,0.0,0.0,0.0,0
41.34,-0.1754,-0.3001,303.038,15.1902,21.4414,303.0379,,,,,,,,,,,,0.0,0.0,0.0,0.0,0
41.36,-0.1754,-0.3001,303.038,15.1902,21.4414,303.0379,,,,,,,,,,,,0.0,0.0,0.0,0.0,0
41.38,-0.1754,-0.3001,303.038,15.1902,21.4414,303.0379,,,,,,,,,,,,0.0,0.0,0.0,0.0,0
41.4,-0.1718,-0.2991,303.0448,8.7339,21.0695,303.0449,,,,,,,,,,,,0.0,0.0,0.0,0.0,0
41.42,-0.1718,-0.2991,303.0448,8.7339,21.0695,303.0449,,,,,,,,,,,,0.0,0.0,0.0,0.0,0
41.44,-0.1718,-0.2991,303.0448,8.7339,21.0695,303.0449,,,,,,,,,,,,0.0,0.0,0.0,0.0,0
41.46,-0.1718,-0.2991,303.0448,8.7339,21.0695,303.0449,,,,,,,,,,,,0.0,0.0,0.0,0.0,0
41.48,-0.1718,-0.2991,303.0448,8.7339,21.0695,303.0449,,,,,,,,,,,,0.0,0.0,0.0,0.0,0
41.5,-0.1739,-0.295,303.0353,4.4606,12.9394,303.0355,,,,,,,,,,,,0.0,0.0,0.0,0.0,0
41.52,-0.1739,-0.295,303.0353,4.4606,12.9394,303.0355,,,,,,,,,,,,0.0,0.0,0.0,0.0,0
41.54,-0.1739,-0.295,303.0353,4.4606,12.9394,303.0355,,,,,,,,,,,,0.0,0.0,0.0,0.0,0
41.56,-0.1739,-0.295,303.0353,4.4606,12.9394,303.0355,,,,,,,,,,,,0.0,0.0,0.0,0.0,0
41.58,-0.1739,-0.295,303.0353,4.4606,12.9394,303.0355,,,,,,,,,,,,0.0,0.0,0.0,0.0,0
41.6,-0.1738,-0.2882,303.0388,2.2777,6.6061,303.0388,,,,,,,,,,,,0.0,0.0,0.0,0.0,0
41.62,-0.1738,-0.2882,303.0388,2.2777,6.6061,303.0388,,,,,,,,,,,,0.0,0.0,0.0,0.0,0
41.64,-0.1738,-0.2882,303.0388,2.2777,6.6061,303.0388,,,,,,,,,,,,0.0,0.0,0.0,0.0,0
41.66,-0.1738,-0.2882,303.0388,2.2777,6.6061,303.0388,,,,,,,,,,,,0.0,0.0,0.0,0.0,0
41.68,-0.1738,-0.2882,303.0388,2.2777,6.6061,303.0388,,,,,,,,,,,,0.0,0.0,0.0,0.0,0
41.7,-0.1748,-0.2809,303.0359,1.1628,3.3725,303.0359,,,,,,,,,,,,0.0,0.0,0.0,0.0,0
41.72,-0.1748,-0.2809,303.0359,1.1628,3.3725,303.0359,,,,,,,,,,,,0.0,0.0,0.0,0.0,0
41.74,-0.1748,-0.2809,303.0359,1.1628,3.3725,303.0359,,,,,,,,,,,,0.0,0.0,0.0,0.0,0
41.76,-0.1748,-0.2809,303.0359,1.1628,3.3725,303.0359,,,,,,,,,,,,0.0,0.0,0.0,0.0,0
41.78,-0.1748,-0.2809,303.0359,1.1628,3.3725,303.0359,,,,,,,,,,,,0.0,0.0,0.0,0.0,0
41.8,-0.1761,-0.2849,303.0337,0.5937,1.7219,303.0337,,,,,,,,,,,,0.0,0.0,0.0,0.0,0
41.82,-0.1761,-0.2849,303.0337,0.5937,1.7219,303.0337,,,,,,,,,,,,0.0,0.0,0.0,0.0,0
41.84,-0.1761,-0.2849,303.0337,0.5937,1.7219,303.0337,,,,,,,,,,,,0.0,0.0,0.0,0.0,0
41.86,-0.1761,-0.2849,303.0337,0.5937,1.7219,303.0337,,,,,,,,,,,,0.0,0.0,0.0,0.0,0
41.88,-0.1761,-0.2849,303.0337,0.5937,1.7219,303.0337,,,,,,,,,,,,0.0,0.0,0.0,0.0,0
41.9,-0.1757,-0.2898,303.0327,0.3031,0.8791,303.0327,,,,,,,,,,,,0.0,0.0,0.0,0.0,0
41.92,-0.1757,-0.2898,303.0327,0.3031,0.8791,303.0327,,,,,,,,,,,,0.0,0.0,0.0,0.0,0
41.94,-0.1757,-0.2898,303.0327,0.3031,0.8791,303.0327,,,,,,,,,,,,0.0,0.0,0.0,0.0,0
41.96,-0.1757,-0.2898,303.0327,0.3031,0.8791,303.0327,,,,,,,,,,,,0.0,0.0,0.0,0.0,0
41.98,-0.1757,-0.2898,303.0327,0.3031,0.8791,303.0327,,,,,,,,,,,,0.0,0.0,0.0,0.0,0
42.0,-0.1744,-0.2845,303.0261,0.1548,0.4488,303.0261,,,,,,,,,,,,0.0,0.0,0.0,0.0,0
42.02,-0.1744,-0.2845,303.0261,0.1548,0.4488,303.0261,,,,,,,,,,,,0.0,0.0,0.0,0.0,0
42.04,-0.1744,-0.2845,303.0261,0.1548,0.4488,303.0261,,,,,,,,,,,,0.0,0.0,0.0,0.0,0
42.06,-0.1744,-0.2845,303.0261,0.1548,0.4488,303.0261,,,,,,,,,,,,0.0,0.0,0.0,0.0,0
42.08,-0.1744,-0.2845,303.0261,0.1548,0.4488,303.0261,,,,,,,,,,,,0.0,0.0,0.0,0.0,0
42.1,-0.1725,-0.2794,303.0325,0.079,0.2291,303.0325,,,,,,,,,,,,0.0,0.0,0.0,0.0,0
42.12,-0.1725,-0.2794,303.0325,0.079,0.2291,303.0325,,,,,,,,,,,,0.0,0.0,0.0,0.0,0
42.14,-0.1725,-0.2794,303.0325,0.079,0.2291,303.0325,,,,,,,,,,,,0.0,0.0,0.0,0.0,0
42.16,-0.1725,-0.2794,303.0325,0.079,0.2291,303.0325,,,,,,,,,,,,0.0,0.0,0.0,0.0,0
42.18,-0.1725,-0.2794,303.0325,0.079,0.2291,303.0325,,,,,,,,,,,,0.0,0.0,0.0,0.0,0
42.2,-0.1678,-0.2795,303.0285,0.0403,0.117,303.0285,,,,,,,,,,,,0.0,0.0,0.0,0.0,0
42.22,-0.1678,-0.2795,303.0285,0.0403,0.117,303.0285,,,,,,,,,,,,0.0,0.0,0.0,0.0,0
42.24,-0.1678,-0.2795,303.0285,0.0403,0.117,303.0285,,,,,,,,,,,,0.0,0.0,0.0,0.0,0
42.26,-0.1678,-0.2795,303.0285,0.0403,0.117,303.0285,,,,,,,,,,,,0.0,0.0,0.0,0.0,0
42.28,-0.1678,-0.2795,303.0285,0.0403,0.117,303.0285,,,,,,,,,,,,0.0,0.0,0.0,0.0,0
42.3,-0.1615,-0.2841,303.0366,0.0206,0.0597,303.0366,,,,,,,,,,,,0.0,0.0,0.0,0.0,0
42.32,-0.1615,-0.2841,303.0366,0.0206,0.0597,303.0366,,,,,,,,,,,,0.0,0.0,0.0,0.0,0
42.34,-0.1615,-0.2841,303.0366,0.0206,0.0597,303.0366,,,,,,,,,,,,0.0,0.0,0.0,0.0,0
42.36,-0.1615,-0.2841,303.0366,0.0206,0.0597,303.0366,,,,,,,,,,,,0.0,0.0,0.0,0.0,0
42.38,-0.1615,-0.2841,303.0366,0.0206,0.0597,303.0366,,,,,,,,,,,,0.0,0.0,0.0,0.0,0
42.4,-0.1671,-0.2875,303.0303,0.0105,0.0305,303.0303,,,,,,,,,,,,0.0,0.0,0.0,0.0,0
42.42,-0.1671,-0.2875,303.0303,0.0105,0.0305,303.0303,,,,,,,,,,,,0.0,0.0,0.0,0.0,0
42.44,-0.1671,-0.2875,303.0303,0.0105,0.0305,303.0303,,,,,,,,,,,,0.0,0.0,0.0,0.0,0
42.46,-0.1671,-0.2875,303.0303,0.0105,0.0305,303.0303,,,,,,,,,,,,0.0,0.0,0.0,0.0,0
42.48,-0.1671,-0.2875,303.0303,0.0105,0.0305,303.0303,,,,,,,,,,,,0.0,0.0,0.0,0.0,0
42.5,-0.1609,-0.2942,303.0334,0.0054,0.0156,303.0334,,,,,,,,,,,,0.0,0.0,0.0,0.0,0
42.52,-0.1609,-0.2942,303.0334,0.0054,0.0156,303.0334,,,,,,,,,,,,0.0,0.0,0.0,0.0,0
42.54,-0.1609,-0.2942,303.0334,0.0054,0.0156,303.0334,,,,,,,,,,,,0.0,0.0,0.0,0.0,0
42.56,-0.1609,-0.2942,303.0334,0.0054,0.0156,303.0334,,,,,,,,,,,,0.0,0.0,0.0,0.0,0
42.58,-0.1609,-0.2942,303.0334,0.0054,0.0156,303.0334,,,,,,,,,,,,0.0,0.0,0.0,0.0,0
42.6,-0.1708,-0.2966,303.0324,0.0027,0.0079,303.0324,,,,,,,,,,,,0.0,0.0,0.0,0.0,0
42.62,-0.1708,-0.2966,303.0324,0.0027,0.0079,303.0324,,,,,,,,,,,,0.0,0.0,0.0,0.0,0
42.64,-0.1708,-0.2966,303.0324,0.0027,0.0079,303.0324,,,,,,,,,,,,0.0,0.0,0.0,0.0,0
42.66,-0.1708,-0.2966,303.0324,0.0027,0.0079,303.0324,,,,,,,,,,,,0.0,0.0,0.0,0.0,0
42.68,-0.1708,-0.2966,303.0324,0.0027,0.0079,303.0324,,,,,,,,,,,,0.0,0.0,0.0,0.0,0
42.7,-0.171,-0.2936,303.0346,0.0014,0.0041,303.0346,,,,,,,,,,,,0.0,0.0,0.0,0.0,0
42.72,-0.171,-0.2936,303.0346,0.0014,0.0041,303.0346,,,,,,,,,,,,0.0,0.0,0.0,0.0,0
42.74,-0.171,-0.2936,303.0346,0.0014,0.0041,303.0346,,,,,,,,,,,,0.0,0.0,0.0,0.0,0
42.76,-0.171,-0.2936,303.0346,0.0014,0.0041,303.0346,,,,,,,,,,,,0.0,0.0,0.0,0.0,0
42.78,-0.171,-0.2936,303.0346,0.0014,0.0041,303.0346,,,,,,,,,,,,0.0,0.0,0.0,0.0,0
42.8,-0.1655,-0.2912,303.0301,0.0007,0.0021,303.0301,,,,,,,,,,,,0.0,0.0,0.0,0.0,0
42.82,-0.1655,-0.2912,303.0301,0.0007,0.0021,303.0301,,,,,,,,,,,,0.0,0.0,0.0,0.0,0
42.84,-0.1655,-0.2912,303.0301,0.0007,0.0021,303.0301,,,,,,,,,,,,0.0,0.0,0.0,0.0,0
42.86,-0.1655,-0.2912,303.0301,0.0007,0.0021,303.0301,,,,,,,,,,,,0.0,0.0,0.0,0.0,0
42.88,-0.1655,-0.2912,303.0301,0.0007,0.0021,303.0301,,,,,,,,,,,,0.0,0.0,0.0,0.0,0
42.9,-0.1672,-0.2907,303.0341,0.0004,0.0011,303.0341,,,,,,,,,,,,0.0,0.0,0.0,0.0,0
42.92,-0.1672,-0.2907,303.0341,0.0004,0.0011,303.0341,,,,,,,,,,,,0.0,0.0,0.0,0.0,0
42.94,-0.1672,-0.2907,303.0341,0.0004,0.0011,303.0341,,,,,,,,,,,,0.0,0.0,0.0,0.0,0
42.96,-0.1672,-0.2907,303.0341,0.0004,0.0011,303.0341,,,,,,,,,,,,0.0,0.0,0.0,0.0,0
42.98,-0.1672,-0.2907,303.0341,0.0004,0.0011,303.0341,,,,,,,,,,,,0.0,0.0,0.0,0.0,0
43.0,-0.166,-0.2894,303.0282,0.0002,0.0005,303.0282,,,,,,,,,,,,0.0,0.0,0.0,0.0,0
43.02,-0.166,-0.2894,303.0282,0.0002,0.0005,303.0282,,,,,,,,,,,,0.0,0.0,0.0,0.0,0
43.04,-0.166,-0.2894,303.0282,0.0002,0.0005,303.0282,,,,,,,,,,,,0.0,0.0,0.0,0.0,0
43.06,-0.166,-0.2894,303.0282,0.0002,0.0005,303.0282,,,,,,,,,,,,0.0,0.0,0.0,0.0,0
43.08,-0.166,-0.2894,303.0282,0.0002,0.0005,303.0282,,,,,,,,,,,,0.0,0.0,0.0,0.0,0
43.1,-0.1666,-0.2866,303.03,0.0001,0.0004,303.0301,,,,,,,,,,,,0.0,0.0,0.0,0.0,0
43.12,-0.1666,-0.2866,303.03,0.0001,0.0004,303.0301,,,,,,,,,,,,0.0,0.0,0.0,0.0,0
43.14,-0.1666,-0.2866,303.03,0.0001,0.0004,303.0301,,,,,,,,,,,,0.0,0.0,0.0,0.0,0
43.16,-0.1666,-0.2866,303.03,0.0001,0.0004,303.0301,,,,,,,,,,,,0.0,0.0,0.0,0.0,0
43.18,-0.1666,-0.2866,303.03,0.0001,0.0004,303.0301,,,,,,,,,,,,0.0,0.0,0.0,0.0,0
43.2,-0.1637,-0.2894,303.0232,0.0001,0.0004,303.0232,,,,,,,,,,,,0.0,0.0,0.0,0.0,0
43.22,-0.1637,-0.2894,303.0232,0.0001,0.0004,303.0232,,,,,,,,,,,,0.0,0.0,0.0,0.0,0
43.24,-0.1637,-0.2894,303.0232,0.0001,0.0004,303.0232,,,,,,,,,,,,0.0,0.0,0.0,0.0,0
43.26,-0.1637,-0.2894,303.0232,0.0001,0.0004,303.0232,,,,,,,,,,,,0.0,0.0,0.0,0.0,0
43.28,-0.1637,-0.2894,303.0232,0.0001,0.0004,303.0232,,,,,,,,,,,,0.0,0.0,0.0,0.0,0
43.3,-0.1611,-0.2881,303.0259,0.0001,0.0004,303.0259,,,,,,,,,,,,0.0,0.0,0.0,0.0,0
43.32,-0.1611,-0.2881,303.0259,0.0001,0.0004,303.0259,,,,,,,,,,,,0.0,0.0,0.0,0.0,0
43.34,-0.1611,-0.2881,303.0259,0.0001,0.0004,303.0259,,,,,,,,,,,,0.0,0.0,0.0,0.0,0
43.36,-0.1611,-0.2881,303.0259,0.0001,0.0004,303.0259,,,,,,,,,,,,0.0,0.0,0.0,0.0,0
43.38,-0.1611,-0.2881,303.0259,0.0001,0.0004,303.0259,,,,,,,,,,,,0.0,0.0,0.0,0.0,0
43.4,-0.1632,-0.2934,303.0151,0.0001,0.0004,303.0151,,,,,,,,,,,,0.0,0.0,0.0,0.0,0
43.42,-0.1632,-0.2934,303.0151,0.0001,0.0004,303.0151,,,,,,,,,,,,0.0,0.0,0.0,0.0,0
43.44,-0.1632,-0.2934,303.0151,0.0001,0.0004,303.0151,,,,,,,,,,,,0.0,0.0,0.0,0.0,0
43.46,-0.1632,-0.2934,303.0151,0.0001,0.0004,303.0151,,,,,,,,,,,,0.0,0.0,0.0,0.0,0
43.48,-0.1632,-0.2934,303.0151,0.0001,0.0004,303.0151,,,,,,,,,,,,0.0,0.0,0.0,0.0,0
43.5,-0.1639,-0.2944,303.0179,0.0001,0.0004,303.0179,,,,,,,,,,,,0.0,0.0,0.0,0.0,0
43.52,-0.1639,-0.2944,303.0179,0.0001,0.0004,303.0179,,,,,,,,,,,,0.0,0.0,0.0,0.0,0
43.54,-0.1639,-0.2944,303.0179,0.0001,0.0004,303.0179,,,,,,,,,,,,0.0,0.0,0.0,0.0,0
43.56,-0.1639,-0.2944,303.0179,0.0001,0.0004,303.0179,,,,,,,,,,,,0.0,0.0,0.0,0.0,0
43.58,-0.1639,-0.2944,303.0179,0.0001,0.0004,303.0179,,,,,,,,,,,,0.0,0.0,0.0,0.0,0
43.6,-0.1649,-0.2924,303.0146,0.0001,0.0004,303.0146,,,,,,,,,,,,0.0,0.0,0.0,0.0,0
43.62,-0.1649,-0.2924,303.0146,0.0001,0.0004,303.0146,,,,,,,,,,,,0.0,0.0,0.0,0.0,0
43.64,-0.1649,-0.2924,303.0146,0.0001,0.0004,303.0146,,,,,,,,,,,,0.0,0.0,0.0,0.0,0
43.66,-0.1649,-0.2924,303.0146,0.0001,0.0004,303.0146,,,,,,,,,,,,0.0,0.0,0.0,0.0,0
43.68,-0.1649,-0.2924,303.0146,0.0001,0.0004,303.0146,,,,,,,,,,,,0.0,0.0,0.0,0.0,0
43.7,-0.1668,-0.2906,303.0225,0.0001,0.0004,303.0225,,,,,,,,,,,,0.0,0.0,0.0,0.0,0
43.72,-0.1668,-0.2906,303.0225,0.0001,0.0004,303.0225,,,,,,,,,,,,0.0,0.0,0.0,0.0,0
43.74,-0.1668,-0.2906,303.0225,0.0001,0.0004,303.0225,,,,,,,,,,,,0.0,0.0,0.0,0.0,0
43.76,-0.1668,-0.2906,303.0225,0.0001,0.0004,303.0225,,,,,,,,,,,,0.0,0.0,0.0,0.0,0
43.78,-0.1668,-0.2906,303.0225,0.0001,0.0004,303.0225,,,,,,,,,,,,0.0,0.0,0.0,0.0,0
43.8,-0.1652,-0.2946,303.0168,0.0001,0.0004,303.0168,,,,,,,,,,,,0.0,0.0,0.0,0.0,0
43.82,-0.1652,-0.2946,303.0168,0.0001,0.0004,303.0168,,,,,,,,,,,,0.0,0.0,0.0,0.0,0
43.84,-0.1652,-0.2946,303.0168,0.0001,0.0004,303.0168,,,,,,,,,,,,0.0,0.0,0.0,0.0,0
43.86,-0.1652,-0.2946,303.0168,0.0001,0.0004,303.0168,,,,,,,,,,,,0.0,0.0,0.0,0.0,0
43.88,-0.1652,-0.2946,303.0168,0.0001,0.0004,303.0168,,,,,,,,,,,,0.0,0.0,0.0,0.0,0
43.9,-0.1654,-0.2946,303.0194,0.0001,0.0004,303.0194,,,,,,,,,,,,0.0,0.0,0.0,0.0,0
43.92,-0.1654,-0.2946,303.0194,0.0001,0.0004,303.0194,,,,,,,,,,,,0.0,0.0,0.0,0.0,0
43.94,-0.1654,-0.2946,303.0194,0.0001,0.0004,303.0194,,,,,,,,,,,,0.0,0.0,0.0,0.0,0
43.96,-0.1654,-0.2946,303.0194,0.0001,0.0004,303.0194,,,,,,,,,,,,0.0,0.0,0.0,0.0,0
43.98,-0.1654,-0.2946,303.0194,0.0001,0.0004,303.0194,,,,,,,,,,,,0.0,0.0,0.0,0.0,0
44.0,-0.1672,-0.2947,303.0194,0.0001,0.0004,303.0194,,,,,,,,,,,,0.0,0.0,0.0,0.0,0
44.02,-0.1672,-0.2947,303.0194,0.0001,0.0004,303.0194,,,,,,,,,,,,0.0,0.0,0.0,0.0,0
44.04,-0.1672,-0.2947,303.0194,0.0001,0.0004,303.0194,,,,,,,,,,,,0.0,0.0,0.0,0.0,0
44.06,-0.1672,-0.2947,303.0194,0.0001,0.0004,303.0194,,,,,,,,,,,,0.0,0.0,0.0,0.0,0
44.08,-0.1672,-0.2947,303.0194,0.0001,0.0004,303.0194,,,,,,,,,,,,0.0,0.0,0.0,0.0,0
44.1,-0.1638,-0.2931,303.0241,0.0001,0.0004,303.0241,,,,,,,,,,,,0.0,0.0,0.0,0.0,0
44.12,-0.1638,-0.2931,303.0241,0.0001,0.0004,303.0241,,,,,,,,,,,,0.0,0.0,0.0,0.0,0
44.14,-0.1638,-0.2931,303.0241,0.0001,0.0004,303.0241,,,,,,,,,,,,0.0,0.0,0.0,0.0,0
44.16,-0.1638,-0.2931,303.0241,0.0001,0.0004,303.0241,,,,,,,,,,,,0.0,0.0,0.0,0.0,0
44.18,-0.1638,-0.2931,303.0241,0.0001,0.0004,303.0241,,,,,,,,,,,,0.0,0.0,0.0,0.0,0
44.2,-0.1583,-0.2917,303.0207,0.0001,0.0004,303.0207,,,,,,,,,,,,0.0,0.0,0.0,0.0,0
44.22,-0.1583,-0.2917,303.0207,0.0001,0.0004,303.0207,,,,,,,,,,,,0.0,0.0,0.0,0.0,0
44.24,-0.1583,-0.2917,303.0207,0.0001,0.0004,303.0207,,,,,,,,,,,,0.0,0.0,0.0,0.0,0
44.26,-0.1583,-0.2917,303.0207,0.0001,0.0004,303.0207,,,,,,,,,,,,0.0,0.0,0.0,0.0,0
44.28,-0.1583,-0.2917,303.0207,0.0001,0.0004,303.0207,,,,,,,,,,,,0.0,0.0,0.0,0.0,0
44.3,-0.1618,-0.2919,303.0197,0.0001,0.0004,303.0197,,,,,,,,,,,,0.0,0.0,0.0,0.0,0
44.32,-0.1618,-0.2919,303.0197,0.0001,0.0004,303.0197,,,,,,,,,,,,0.0,0.0,0.0,0.0,0
44.34,-0.1618,-0.2919,303.0197,0.0001,0.0004,303.0197,,,,,,,,,,,,0.0,0.0,0.0,0.0,0
44.36,-0.1618,-0.2919,303.0197,0.0001,0.0004,303.0197,,,,,,,,,,,,0.0,0.0,0.0,0.0,0
44.38,-0.1618,-0.2919,303.0197,0.0001,0.0004,303.0197,,,,,,,,,,,,0.0,0.0,0.0,0.0,0
44.4,-0.1581,-0.2927,303.0176,0.0001,0.0004,303.0176,,,,,,,,,,,,0.0,0.0,0.0,0.0,0
44.42,-0.1581,-0.2927,303.0176,0.0001,0.0004,303.0176,,,,,,,,,,,,0.0,0.0,0.0,0.0,0
44.44,-0.1581,-0.2927,303.0176,0.0001,0.0004,303.0176,,,,,,,,,,,,0.0,0.0,0.0,0.0,0
44.46,-0.1581,-0.2927,303.0176,0.0001,0.0004,303.0176,,,,,,,,,,,,0.0,0.0,0.0,0.0,0
44.48,-0.1581,-0.2927,303.0176,0.0001,0.0004,303.0176,,,,,,,,,,,,0.0,0.0,0.0,0.0,0
44.5,-0.1595,-0.2928,303.02,0.0001,0.0004,303.02,,,,,,,,,,,,0.0,0.0,0.0,0.0,0
44.52,-0.1595,-0.2928,303.02,0.0001,0.0004,303.02,,,,,,,,,,,,0.0,0.0,0.0,0.0,0
44.54,-0.1595,-0.2928,303.02,0.0001,0.0004,303.02,,,,,,,,,,,,0.0,0.0,0.0,0.0,0
44.56,-0.1595,-0.2928,303.02,0.0001,0.0004,303.02,,,,,,,,,,,,0.0,0.0,0.0,0.0,0
44.58,-0.1595,-0.2928,303.02,0.0001,0.0004,303.02,,,,,,,,,,,,0.0,0.0,0.0,0.0,0
44.6,-0.162,-0.2907,303.0217,0.0001,0.0004,303.0217,,,,,,,,,,,,0.0,0.0,0.0,0.0,0
44.62,-0.162,-0.2907,303.0217,0.0001,0.0004,303.0217,,,,,,,,,,,,0.0,0.0,0.0,0.0,0
44.64,-0.162,-0.2907,303.0217,0.0001,0.0004,303.0217,,,,,,,,,,,,0.0,0.0,0.0,0.0,0
44.66,-0.162,-0.2907,303.0217,0.0001,0.0004,303.0217,,,,,,,,,,,,0.0,0.0,0.0,0.0,0
44.68,-0.162,-0.2907,303.0217,0.0001,0.0004,303.0217,,,,,,,,,,,,0.0,0.0,0.0,0.0,0
44.7,-0.1638,-0.2906,303.0206,0.0001,0.0004,303.0206,,,,,,,,,,,,0.0,0.0,0.0,0.0,0
44.72,-0.1638,-0.2906,303.0206,0.0001,0.0004,303.0206,,,,,,,,,,,,0.0,0.0,0.0,0.0,0
44.74,-0.1638,-0.2906,303.0206,0.0001,0.0004,303.0206,,,,,,,,,,,,0.0,0.0,0.0,0.0,0
44.76,-0.1638,-0.2906,303.0206,0.0001,0.0004,303.0206,,,,,,,,,,,,0.0,0.0,0.0,0.0,0
44.78,-0.1638,-0.2906,303.0206,0.0001,0.0004,303.0206,,,,,,,,,,,,0.0,0.0,0.0,0.0,0
44.8,-0.1604,-0.2921,303.0219,0.0001,0.0004,303.0219,,,,,,,,,,,,0.0,0.0,0.0,0.0,0
44.82,-0.1604,-0.2921,303.0219,0.0001,0.0004,303.0219,,,,,,,,,,,,0.0,0.0,0.0,0.0,0
44.84,-0.1604,-0.2921,303.0219,0.0001,0.0004,303.0219,,,,,,,,,,,,0.0,0.0,0.0,0.0,0
44.86,-0.1604,-0.2921,303.0219,0.0001,0.0004,303.0219,,,,,,,,,,,,0.0,0.0,0.0,0.0,0
44.88,-0.1604,-0.2921,303.0219,0.0001,0.0004,303.0219,,,,,,,,,,,,0.0,0.0,0.0,0.0,0
44.9,-0.1614,-0.2877,303.0163,0.0001,0.0004,303.0163,,,,,,,,,,,,0.0,0.0,0.0,0.0,0
44.92,-0.1614,-0.2877,303.0163,0.0001,0.0004,303.0163,,,,,,,,,,,,0.0,0.0,0.0,0.0,0
44.94,-0.1614,-0.2877,303.0163,0.0001,0.0004,303.0163,,,,,,,,,,,,0.0,0.0,0.0,0.0,0
44.96,-0.1614,-0.2877,303.0163,0.0001,0.0004,303.0163,,,,,,,,,,,,0.0,0.0,0.0,0.0,0
44.98,-0.1614,-0.2877,303.0163,0.0001,0.0004,303.0163,,,,,,,,,,,,0.0,0.0,0.0,0.0,0
45.0,-0.1607,-0.2922,303.0158,0.0001,0.0004,303.0158,,,,,,,,,,,,0.0,0.0,0.0,0.0,0
45.02,-0.1607,-0.2922,303.0158,0.0001,0.0004,303.0158,,,,,,,,,,,,0.0,0.0,0.0,0.0,0
45.04,-0.1607,-0.2922,303.0158,0.0001,0.0004,303.0158,,,,,,,,,,,,0.0,0.0,0.0,0.0,0
45.06,-0.1607,-0.2922,303.0158,0.0001,0.0004,303.0158,,,,,,,,,,,,0.0,0.0,0.0,0.0,0
45.08,-0.1607,-0.2922,303.0158,0.0001,0.0004,303.0158,,,,,,,,,,,,0.0,0.0,0.0,0.0,0
45.1,-0.1614,-0.2918,303.0153,0.0001,0.0004,303.0153,,,,,,,,,,,,0.0,0.0,0.0,0.0,0
45.12,-0.1614,-0.2918,303.0153,0.0001,0.0004,303.0153,,,,,,,,,,,,0.0,0.0,0.0,0.0,0
45.14,-0.1614,-0.2918,303.0153,0.0001,0.0004,303.0153,,,,,,,,,,,,0.0,0.0,0.0,0.0,0
45.16,-0.1614,-0.2918,303.0153,0.0001,0.0004,303.0153,,,,,,,,,,,,0.0,0.0,0.0,0.0,0
45.18,-0.1614,-0.2918,303.0153,0.0001,0.0004,303.0153,,,,,,,,,,,,0.0,0.0,0.0,0.0,0
45.2,-0.1603,-0.294,303.0164,0.0001,0.0004,303.0164,,,,,,,,,,,,0.0,0.0,0.0,0.0,0
45.22,-0.1603,-0.294,303.0164,0.0001,0.0004,303.0164,,,,,,,,,,,,0.0,0.0,0.0,0.0,0
45.24,-0.1603,-0.294,303.0164,0.0001,0.0004,303.0164,,,,,,,,,,,,0.0,0.0,0.0,0.0,0
45.26,-0.1603,-0.294,303.0164,0.0001,0.0004,303.0164,,,,,,,,,,,,0.0,0.0,0.0,0.0,0
45.28,-0.1603,-0.294,303.0164,0.0001,0.0004,303.0164,,,,,,,,,,,,0.0,0.0,0.0,0.0,0
45.3,-0.1594,-0.2922,303.0141,0.0001,0.0004,303.0141,,,,,,,,,,,,0.0,0.0,0.0,0.0,0
45.32,-0.1594,-0.2922,303.0141,0.0001,0.0004,303.0141,,,,,,,,,,,,0.0,0.0,0.0,0.0,0
45.34,-0.1594,-0.2922,303.0141,0.0001,0.0004,303.0141,,,,,,,,,,,,0.0,0.0,0.0,0.0,0
45.36,-0.1594,-0.2922,303.0141,0.0001,0.0004,303.0141,,,,,,,,,,,,0.0,0.0,0.0,0.0,0
45.38,-0.1594,-0.2922,303.0141,0.0001,0.0004,303.0141,,,,,,,,,,,,0.0,0.0,0.0,0.0,0
45.4,-0.1573,-0.2907,303.0103,0.0001,0.0004,303.0103,,,,,,,,,,,,0.0,0.0,0.0,0.0,0
45.42,-0.1573,-0.2907,303.0103,0.0001,0.0004,303.0103,,,,,,,,,,,,0.0,0.0,0.0,0.0,0
45.44,-0.1573,-0.2907,303.0103,0.0001,0.0004,303.0103,,,,,,,,,,,,0.0,0.0,0.0,0.0,0
45.46,-0.1573,-0.2907,303.0103,0.0001,0.0004,303.0103,,,,,,,,,,,,0.0,0.0,0.0,0.0,0
45.48,-0.1573,-0.2907,303.0103,0.0001,0.0004,303.0103,,,,,,,,,,,,0.0,0.0,0.0,0.0,0
45.5,-0.1591,-0.292,303.0105,0.0001,0.0004,303.0105,,,,,,,,,,,,0.0,0.0,0.0,0.0,0
45.52,-0.1591,-0.292,303.0105,0.0001,0.0004,303.0105,,,,,,,,,,,,0.0,0.0,0.0,0.0,0
45.54,-0.1591,-0.292,303.0105,0.0001,0.0004,303.0105,,,,,,,,,,,,0.0,0.0,0.0,0.0,0
45.56,-0.1591,-0.292,303.0105,0.0001,0.0004,303.0105,,,,,,,,,,,,0.0,0.0,0.0,0.0,0
45.58,-0.1591,-0.292,303.0105,0.0001,0.0004,303.0105,,,,,,,,,,,,0.0,0.0,0.0,0.0,0
45.6,-0.1585,-0.2961,303.0087,0.0001,0.0004,303.0087,,,,,,,,,,,,0.0,0.0,0.0,0.0,0
45.62,-0.1585,-0.2961,303.0087,0.0001,0.0004,303.0087,,,,,,,,,,,,0.0,0.0,0.0,0.0,0
45.64,-0.1585,-0.2961,303.0087,0.0001,0.0004,303.0087,,,,,,,,,,,,0.0,0.0,0.0,0.0,0
45.66,-0.1585,-0.2961,303.0087,0.0001,0.0004,303.0087,,,,,,,,,,,,0.0,0.0,0.0,0.0,0
45.68,-0.1585,-0.2961,303.0087,0.0001,0.0004,303.0087,,,,,,,,,,,,0.0,0.0,0.0,0.0,0
45.7,-0.1638,-0.2884,303.0088,0.0001,0.0004,303.0088,,,,,,,,,,,,0.0,0.0,0.0,0.0,0
45.72,-0.1638,-0.2884,303.0088,0.0001,0.0004,303.0088,,,,,,,,,,,,0.0,0.0,0.0,0.0,0
45.74,-0.1638,-0.2884,303.0088,0.0001,0.0004,303.0088,,,,,,,,,,,,0.0,0.0,0.0,0.0,0
45.76,-0.1638,-0.2884,303.0088,0.0001,0.0004,303.0088,,,,,,,,,,,,0.0,0.0,0.0,0.0,0
45.78,-0.1638,-0.2884,303.0088,0.0001,0.0004,303.0088,,,,,,,,,,,,0.0,0.0,0.0,0.0,0
45.8,-0.1641,-0.2879,303.0103,0.0001,0.0004,303.0103,,,,,,,,,,,,0.0,0.0,0.0,0.0,0
45.82,-0.1641,-0.2879,303.0103,0.0001,0.0004,303.0103,,,,,,,,,,,,0.0,0.0,0.0,0.0,0
45.84,-0.1641,-0.2879,303.0103,0.0001,0.0004,303.0103,,,,,,,,,,,,0.0,0.0,0.0,0.0,0
45.86,-0.1641,-0.2879,303.0103,0.0001,0.0004,303.0103,,,,,,,,,,,,0.0,0.0,0.0,0.0,0
45.88,-0.1641,-0.2879,303.0103,0.0001,0.0004,303.0103,,,,,,,,,,,,0.0,0.0,0.0,0.0,0
45.9,-0.1592,-0.2862,303.0087,0.0001,0.0004,303.0087,,,,,,,,,,,,0.0,0.0,0.0,0.0,0
45.92,-0.1592,-0.2862,303.0087,0.0001,0.0004,303.0087,,,,,,,,,,,,0.0,0.0,0.0,0.0,0
45.94,-0.1592,-0.2862,303.0087,0.0001,0.0004,303.0087,,,,,,,,,,,,0.0,0.0,0.0,0.0,0
45.96,-0.1592,-0.2862,303.0087,0.0001,0.0004,303.0087,,,,,,,,,,,,0.0,0.0,0.0,0.0,0
45.98,-0.1592,-0.2862,303.0087,0.0001,0.0004,303.0087,,,,,,,,,,,,0.0,0.0,0.0,0.0,0
46.0,-0.1635,-0.2865,303.006,0.0001,0.0004,303.006,,,,,,,,,,,,0.0,0.0,0.0,0.0,0
46.02,-0.1635,-0.2865,303.006,0.0001,0.0004,303.006,,,,,,,,,,,,0.0,0.0,0.0,0.0,0
46.04,-0.1635,-0.2865,303.006,0.0001,0.0004,303.006,,,,,,,,,,,,0.0,0.0,0.0,0.0,0
46.06,-0.1635,-0.2865,303.006,0.0001,0.0004,303.006,,,,,,,,,,,,0.0,0.0,0.0,0.0,0
46.08,-0.1635,-0.2865,303.006,0.0001,0.0004,303.006,,,,,,,,,,,,0.0,0.0,0.0,0.0,0
46.1,-0.1657,-0.2879,303.0039,0.0001,0.0004,303.0038,,,,,,,,,,,,0.0,0.0,0.0,0.0,0
46.12,-0.1657,-0.2879,303.0039,0.0001,0.0004,303.0038,,,,,,,,,,,,0.0,0.0,0.0,0.0,0
46.14,-0.1657,-0.2879,303.0039,0.0001,0.0004,303.0038,,,,,,,,,,,,0.0,0.0,0.0,0.0,0
46.16,-0.1657,-0.2879,303.0039,0.0001,0.0004,303.0038,,,,,,,,,,,,0.0,0.0,0.0,0.0,0
46.18,-0.1657,-0.2879,303.0039,0.0001,0.0004,303.0038,,,,,,,,,,,,0.0,0.0,0.0,0.0,0
46.2,-0.1646,-0.2903,303.0086,0.0001,0.0004,303.0086,,,,,,,,,,,,0.0,0.0,0.0,0.0,0
46.22,-0.1646,-0.2903,303.0086,0.0001,0.0004,303.0086,,,,,,,,,,,,0.0,0.0,0.0,0.0,0
46.24,-0.1646,-0.2903,303.0086,0.0001,0.0004,303.0086,,,,,,,,,,,,0.0,0.0,0.0,0.0,0
46.26,-0.1646,-0.2903,303.0086,0.0001,0.0004,303.0086,,,,,,,,,,,,0.0,0.0,0.0,0.0,0
46.28,-0.1646,-0.2903,303.0086,0.0001,0.0004,303.0086,,,,,,,,,,,,0.0,0.0,0.0,0.0,0
46.3,-0.1675,-0.2904,303.0043,0.0001,0.0004,303.0043,,,,,,,,,,,,0.0,0.0,0.0,0.0,0
46.32,-0.1675,-0.2904,303.0043,0.0001,0.0004,303.0043,,,,,,,,,,,,0.0,0.0,0.0,0.0,0
46.34,-0.1675,-0.2904,303.0043,0.0001,0.0004,303.0043,,,,,,,,,,,,0.0,0.0,0.0,0.0,0
46.36,-0.1675,-0.2904,303.0043,0.0001,0.0004,303.0043,,,,,,,,,,,,0.0,0.0,0.0,0.0,0
46.38,-0.1675,-0.2904,303.0043,0.0001,0.0004,303.0043,,,,,,,,,,,,0.0,0.0,0.0,0.0,0
46.4,-0.17,-0.2892,303.0022,0.0001,0.0004,303.0022,,,,,,,,,,,,0.0,0.0,0.0,0.0,0
46.42,-0.17,-0.2892,303.0022,0.0001,0.0004,303.0022,,,,,,,,,,,,0.0,0.0,0.0,0.0,0
46.44,-0.17,-0.2892,303.0022,0.0001,0.0004,303.0022,,,,,,,,,,,,0.0,0.0,0.0,0.0,0
46.46,-0.17,-0.2892,303.0022,0.0001,0.0004,303.0022,,,,,,,,,,,,0.0,0.0,0.0,0.0,0
46.48,-0.17,-0.2892,303.0022,0.0001,0.0004,303.0022,,,,,,,,,,,,0.0,0.0,0.0,0.0,0
46.5,-0.1692,-0.2873,303.0028,0.0001,0.0004,303.0028,,,,,,,,,,,,0.0,0.0,0.0,0.0,0
46.52,-0.1692,-0.2873,303.0028,0.0001,0.0004,303.0028,,,,,,,,,,,,0.0,0.0,0.0,0.0,0
46.54,-0.1692,-0.2873,303.0028,0.0001,0.0004,303.0028,,,,,,,,,,,,0.0,0.0,0.0,0.0,0
46.56,-0.1692,-0.2873,303.0028,0.0001,0.0004,303.0028,,,,,,,,,,,,0.0,0.0,0.0,0.0,0
46.58,-0.1692,-0.2873,303.0028,0.0001,0.0004,303.0028,,,,,,,,,,,,0.0,0.0,0.0,0.0,0
46.6,-0.1733,-0.2853,303.0009,0.0001,0.0004,303.0009,,,,,,,,,,,,0.0,0.0,0.0,0.0,0
46.62,-0.1733,-0.2853,303.0009,0.0001,0.0004,303.0009,,,,,,,,,,,,0.0,0.0,0.0,0.0,0
46.64,-0.1733,-0.2853,303.0009,0.0001,0.0004,303.0009,,,,,,,,,,,,0.0,0.0,0.0,0.0,0
46.66,-0.1733,-0.2853,303.0009,0.0001,0.0004,303.0009,,,,,,,,,,,,0.0,0.0,0.0,0.0,0
46.68,-0.1733,-0.2853,303.0009,0.0001,0.0004,303.0009,,,,,,,,,,,,0.0,0.0,0.0,0.0,0
46.7,-0.1755,-0.284,303.0014,0.0001,0.0004,303.0014,,,,,,,,,,,,0.0,0.0,0.0,0.0,0
46.72,-0.1755,-0.284,303.0014,0.0001,0.0004,303.0014,,,,,,,,,,,,0.0,0.0,0.0,0.0,0
46.74,-0.1755,-0.284,303.0014,0.0001,0.0004,303.0014,,,,,,,,,,,,0.0,0.0,0.0,0.0,0
46.76,-0.1755,-0.284,303.0014,0.0001,0.0004,303.0014,,,,,,,,,,,,0.0,0.0,0.0,0.0,0
46.78,-0.1755,-0.284,303.0014,0.0001,0.0004,303.0014,,,,,,,,,,,,0.0,0.0,0.0,0.0,0
46.8,-0.1717,-0.2867,303.0007,0.0001,0.0004,303.0007,,,,,,,,,,,,0.0,0.0,0.0,0.0,0
46.82,-0.1717,-0.2867,303.0007,0.0001,0.0004,303.0007,,,,,,,,,,,,0.0,0.0,0.0,0.0,0
46.84,-0.1717,-0.2867,303.0007,0.0001,0.0004,303.0007,,,,,,,,,,,,0.0,0.0,0.0,0.0,0
46.86,-0.1717,-0.2867,303.0007,0.0001,0.0004,303.0007,,,,,,,,,,,,0.0,0.0,0.0,0.0,0
46.88,-0.1717,-0.2867,303.0007,0.0001,0.0004,303.0007,,,,,,,,,,,,0.0,0.0,0.0,0.0,0
46.9,-0.1707,-0.2897,303.0017,0.0001,0.0004,303.0017,,,,,,,,,,,,0.0,0.0,0.0,0.0,0
46.92,-0.1707,-0.2897,303.0017,0.0001,0.0004,303.0017,,,,,,,,,,,,0.0,0.0,0.0,0.0,0
46.94,-0.1707,-0.2897,303.0017,0.0001,0.0004,303.0017,,,,,,,,,,,,0.0,0.0,0.0,0.0,0
46.96,-0.1707,-0.2897,303.0017,0.0001,0.0004,303.0017,,,,,,,,,,,,0.0,0.0,0.0,0.0,0
46.98,-0.1707,-0.2897,303.0017,0.0001,0.0004,303.0017,,,,,,,,,,,,0.0,0.0,0.0,0.0,0
47.0,-0.1727,-0.2922,302.9968,0.0001,0.0004,302.9968,,,,,,,,,,,,0.0,0.0,0.0,0.0,0
47.02,-0.1727,-0.2922,302.9968,0.0001,0.0004,302.9968,,,,,,,,,,,,0.0,0.0,0.0,0.0,0
47.04,-0.1727,-0.2922,302.9968,0.0001,0.0004,302.9968,,,,,,,,,,,,0.0,0.0,0.0,0.0,0
47.06,-0.1727,-0.2922,302.9968,0.0001,0.0004,302.9968,,,,,,,,,,,,0.0,0.0,0.0,0.0,0
47.08,-0.1727,-0.2922,302.9968,0.0001,0.0004,302.9968,,,,,,,,,,,,0.0,0.0,0.0,0.0,0
47.1,-0.1701,-0.2896,302.9994,0.0001,0.0004,302.9994,,,,,,,,,,,,0.0,0.0,0.0,0.0,0
47.12,-0.1701,-0.2896,302.9994,0.0001,0.0004,302.9994,,,,,,,,,,,,0.0,0.0,0.0,0.0,0
47.14,-0.1701,-0.2896,302.9994,0.0001,0.0004,302.9994,,,,,,,,,,,,0.0,0.0,0.0,0.0,0
47.16,-0.1701,-0.2896,302.9994,0.0001,0.0004,302.9994,,,,,,,,,,,,0.0,0.0,0.0,0.0,0
47.18,-0.1701,-0.2896,302.9994,0.0001,0.0004,302.9994,,,,,,,,,,,,0.0,0.0,0.0,0.0,0
47.2,-0.1729,-0.2909,303.0013,0.0001,0.0004,303.0013,,,,,,,,,,,,0.0,0.0,0.0,0.0,0
47.22,-0.1729,-0.2909,303.0013,0.0001,0.0004,303.0013,,,,,,,,,,,,0.0,0.0,0.0,0.0,0
47.24,-0.1729,-0.2909,303.0013,0.0001,0.0004,303.0013,,,,,,,,,,,,0.0,0.0,0.0,0.0,0
47.26,-0.1729,-0.2909,303.0013,0.0001,0.0004,303.0013,,,,,,,,,,,,0.0,0.0,0.0,0.0,0
47.28,-0.1729,-0.2909,303.0013,0.0001,0.0004,303.0013,,,,,,,,,,,,0.0,0.0,0.0,0.0,0
47.3,-0.1742,-0.2912,302.9996,0.0001,0.0004,302.9996,,,,,,,,,,,,0.0,0.0,0.0,0.0,0
47.32,-0.1742,-0.2912,302.9996,0.0001,0.0004,302.9996,,,,,,,,,,,,0.0,0.0,0.0,0.0,0
47.34,-0.1742,-0.2912,302.9996,0.0001,0.0004,302.9996,,,,,,,,,,,,0.0,0.0,0.0,0.0,0
47.36,-0.1742,-0.2912,302.9996,0.0001,0.0004,302.9996,,,,,,,,,,,,0.0,0.0,0.0,0.0,0
47.38,-0.1742,-0.2912,302.9996,0.0001,0.0004,302.9996,,,,,,,,,,,,0.0,0.0,0.0,0.0,0
47.4,-0.1739,-0.2844,302.9999,0.0001,0.0004,302.9999,,,,,,,,,,,,0.0,0.0,0.0,0.0,0
47.42,-0.1739,-0.2844,302.9999,0.0001,0.0004,302.9999,,,,,,,,,,,,0.0,0.0,0.0,0.0,0
47.44,-0.1739,-0.2844,302.9999,0.0001,0.0004,302.9999,,,,,,,,,,,,0.0,0.0,0.0,0.0,0
47.46,-0.1739,-0.2844,302.9999,0.0001,0.0004,302.9999,,,,,,,,,,,,0.0,0.0,0.0,0.0,0
47.48,-0.1739,-0.2844,302.9999,0.0001,0.0004,302.9999,,,,,,,,,,,,0.0,0.0,0.0,0.0,0
47.5,-0.1735,-0.2849,303.0,0.0001,0.0004,303.0,,,,,,,,,,,,0.0,0.0,0.0,0.0,0
47.52,-0.1735,-0.2849,303.0,0.0001,0.0004,303.0,,,,,,,,,,,,0.0,0.0,0.0,0.0,0
47.54,-0.1735,-0.2849,303.0,0.0001,0.0004,303.0,,,,,,,,,,,,0.0,0.0,0.0,0.0,0
47.56,-0.1735,-0.2849,303.0,0.0001,0.0004,303.0,,,,,,,,,,,,0.0,0.0,0.0,0.0,0
47.58,-0.1735,-0.2849,303.0,0.0001,0.0004,303.0,,,,,,,,,,,,0.0,0.0,0.0,0.0,0
47.6,-0.1763,-0.2826,303.0011,0.0001,0.0004,303.0011,,,,,,,,,,,,0.0,0.0,0.0,0.0,0
47.62,-0.1763,-0.2826,303.0011,0.0001,0.0004,303.0011,,,,,,,,,,,,0.0,0.0,0.0,0.0,0
47.64,-0.1763,-0.2826,303.0011,0.0001,0.0004,303.0011,,,,,,,,,,,,0.0,0.0,0.0,0.0,0
47.66,-0.1763,-0.2826,303.0011,0.0001,0.0004,303.0011,,,,,,,,,,,,0.0,0.0,0.0,0.0,0
47.68,-0.1763,-0.2826,303.0011,0.0001,0.0004,303.0011,,,,,,,,,,,,0.0,0.0,0.0,0.0,0
47.7,-0.1777,-0.281,303.0,0.0001,0.0004,303.0,,,,,,,,,,,,0.0,0.0,0.0,0.0,0
47.72,-0.1777,-0.281,303.0,0.0001,0.0004,303.0,,,,,,,,,,,,0.0,0.0,0.0,0.0,0
47.74,-0.1777,-0.281,303.0,0.0001,0.0004,303.0,,,,,,,,,,,,0.0,0.0,0.0,0.0,0
47.76,-0.1777,-0.281,303.0,0.0001,0.0004,303.0,,,,,,,,,,,,0.0,0.0,0.0,0.0,0
47.78,-0.1777,-0.281,303.0,0.0001,0.0004,303.0,,,,,,,,,,,,0.0,0.0,0.0,0.0,0
47.8,-0.1726,-0.2787,303.0037,0.0001,0.0004,303.0037,,,,,,,,,,,,0.0,0.0,0.0,0.0,0
47.82,-0.1726,-0.2787,303.0037,0.0001,0.0004,303.0037,,,,,,,,,,,,0.0,0.0,0.0,0.0,0
47.84,-0.1726,-0.2787,303.0037,0.0001,0.0004,303.0037,,,,,,,,,,,,0.0,0.0,0.0,0.0,0
47.86,-0.1726,-0.2787,303.0037,0.0001,0.0004,303.0037,,,,,,,,,,,,0.0,0.0,0.0,0.0,0
47.88,-0.1726,-0.2787,303.0037,0.0001,0.0004,303.0037,,,,,,,,,,,,0.0,0.0,0.0,0.0,0
47.9,-0.1712,-0.2787,303.0002,0.0001,0.0004,303.0002,,,,,,,,,,,,0.0,0.0,0.0,0.0,0
47.92,-0.1712,-0.2787,303.0002,0.0001,0.0004,303.0002,,,,,,,,,,,,0.0,0.0,0.0,0.0,0
47.94,-0.1712,-0.2787,303.0002,0.0001,0.0004,303.0002,,,,,,,,,,,,0.0,0.0,0.0,0.0,0
47.96,-0.1712,-0.2787,303.0002,0.0001,0.0004,303.0002,,,,,,,,,,,,0.0,0.0,0.0,0.0,0
47.98,-0.1712,-0.2787,303.0002,0.0001,0.0004,303.0002,,,,,,,,,,,,0.0,0.0,0.0,0.0,0
48.0,-0.1733,-0.2776,303.0009,0.0001,0.0004,303.0009,,,,,,,,,,,,0.0,0.0,0.0,0.0,0
48.02,-0.1733,-0.2776,303.0009,0.0001,0.0004,303.0009,,,,,,,,,,,,0.0,0.0,0.0,0.0,0
48.04,-0.1733,-0.2776,303.0009,0.0001,0.0004,303.0009,,,,,,,,,,,,0.0,0.0,0.0,0.0,0
48.06,-0.1733,-0.2776,303.0009,0.0001,0.0004,303.0009,,,,,,,,,,,,0.0,0.0,0.0,0.0,0
48.08,-0.1733,-0.2776,303.0009,0.0001,0.0004,303.0009,,,,,,,,,,,,0.0,0.0,0.0,0.0,0
48.1,-0.1725,-0.2808,303.003,0.0001,0.0004,303.0029,,,,,,,,,,,,0.0,0.0,0.0,0.0,0
48.12,-0.1725,-0.2808,303.003,0.0001,0.0004,303.0029,,,,,,,,,,,,0.0,0.0,0.0,0.0,0
48.14,-0.1725,-0.2808,303.003,0.0001,0.0004,303.0029,,,,,,,,,,,,0.0,0.0,0.0,0.0,0
48.16,-0.1725,-0.2808,303.003,0.0001,0.0004,303.0029,,,,,,,,,,,,0.0,0.0,0.0,0.0,0
48.18,-0.1725,-0.2808,303.003,0.0001,0.0004,303.0029,,,,,,,,,,,,0.0,0.0,0.0,0.0,0
48.2,-0.1734,-0.2856,303.0058,0.0001,0.0004,303.0058,,,,,,,,,,,,0.0,0.0,0.0,0.0,0
48.22,-0.1734,-0.2856,303.0058,0.0001,0.0004,303.0058,,,,,,,,,,,,0.0,0.0,0.0,0.0,0
48.24,-0.1734,-0.2856,303.0058,0.0001,0.0004,303.0058,,,,,,,,,,,,0.0,0.0,0.0,0.0,0
48.26,-0.1734,-0.2856,303.0058,0.0001,0.0004,303.0058,,,,,,,,,,,,0.0,0.0,0.0,0.0,0
48.28,-0.1734,-0.2856,303.0058,0.0001,0.0004,303.0058,,,,,,,,,,,,0.0,0.0,0.0,0.0,0
48.3,-0.1734,-0.285,303.0074,0.0001,0.0004,303.0074,,,,,,,,,,,,0.0,0.0,0.0,0.0,0
48.32,-0.1734,-0.285,303.0074,0.0001,0.0004,303.0074,,,,,,,,,,,,0.0,0.0,0.0,0.0,0
48.34,-0.1734,-0.285,303.0074,0.0001,0.0004,303.0074,,,,,,,,,,,,0.0,0.0,0.0,0.0,0
48.36,-0.1734,-0.285,303.0074,0.0001,0.0004,303.0074,,,,,,,,,,,,0.0,0.0,0.0,0.0,0
48.38,-0.1734,-0.285,303.0074,0.0001,0.0004,303.0074,,,,,,,,,,,,0.0,0.0,0.0,0.0,0
48.4,-0.1745,-0.2887,303.0079,0.0001,0.0004,303.0079,,,,,,,,,,,,0.0,0.0,0.0,0.0,0
48.42,-0.1745,-0.2887,303.0079,0.0001,0.0004,303.0079,,,,,,,,,,,,0.0,0.0,0.0,0.0,0
48.44,-0.1745,-0.2887,303.0079,0.0001,0.0004,303.0079,,,,,,,,,,,,0.0,0.0,0.0,0.0,0
48.46,-0.1745,-0.2887,303.0079,0.0001,0.0004,303.0079,,,,,,,,,,,,0.0,0.0,0.0,0.0,0
48.48,-0.1745,-0.2887,303.0079,0.0001,0.0004,303.0079,,,,,,,,,,,,0.0,0.0,0.0,0.0,0
48.5,-0.172,-0.2846,303.0103,0.0001,0.0004,303.0103,,,,,,,,,,,,0.0,0.0,0.0,0.0,0
48.52,-0.172,-0.2846,303.0103,0.0001,0.0004,303.0103,,,,,,,,,,,,0.0,0.0,0.0,0.0,0
48.54,-0.172,-0.2846,303.0103,0.0001,0.0004,303.0103,,,,,,,,,,,,0.0,0.0,0.0,0.0,0
48.56,-0.172,-0.2846,303.0103,0.0001,0.0004,303.0103,,,,,,,,,,,,0.0,0.0,0.0,0.0,0
48.58,-0.172,-0.2846,303.0103,0.0001,0.0004,303.0103,,,,,,,,,,,,0.0,0.0,0.0,0.0,0
48.6,-0.1679,-0.2873,303.0118,0.0001,0.0004,303.0118,,,,,,,,,,,,0.0,0.0,0.0,0.0,0
48.62,-0.1679,-0.2873,303.0118,0.0001,0.0004,303.0118,,,,,,,,,,,,0.0,0.0,0.0,0.0,0
48.64,-0.1679,-0.2873,303.0118,0.0001,0.0004,303.0118,,,,,,,,,,,,0.0,0.0,0.0,0.0,0
48.66,-0.1679,-0.2873,303.0118,0.0001,0.0004,303.0118,,,,,,,,,,,,0.0,0.0,0.0,0.0,0
48.68,-0.1679,-0.2873,303.0118,0.0001,0.0004,303.0118,,,,,,,,,,,,0.0,0.0,0.0,0.0,0
48.7,-0.1718,-0.2854,303.0104,0.0001,0.0004,303.0104,,,,,,,,,,,,0.0,0.0,0.0,0.0,0
48.72,-0.1718,-0.2854,303.0104,0.0001,0.0004,303.0104,,,,,,,,,,,,0.0,0.0,0.0,0.0,0
48.74,-0.1718,-0.2854,303.0104,0.0001,0.0004,303.0104,,,,,,,,,,,,0.0,0.0,0.0,0.0,0
48.76,-0.1718,-0.2854,303.0104,0.0001,0.0004,303.0104,,,,,,,,,,,,0.0,0.0,0.0,0.0,0
48.78,-0.1718,-0.2854,303.0104,0.0001,0.0004,303.0104,,,,,,,,,,,,0.0,0.0,0.0,0.0,0
48.8,-0.1722,-0.2859,303.0149,0.0001,0.0004,303.0149,,,,,,,,,,,,0.0,0.0,0.0,0.0,0
48.82,-0.1722,-0.2859,303.0149,0.0001,0.0004,303.0149,,,,,,,,,,,,0.0,0.0,0.0,0.0,0
48.84,-0.1722,-0.2859,303.0149,0.0001,0.0004,303.0149,,,,,,,,,,,,0.0,0.0,0.0,0.0,0
48.86,-0.1722,-0.2859,303.0149,0.0001,0.0004,303.0149,,,,,,,,,,,,0.0,0.0,0.0,0.0,0
48.88,-0.1722,-0.2859,303.0149,0.0001,0.0004,303.0149,,,,,,,,,,,,0.0,0.0,0.0,0.0,0
48.9,-0.173,-0.2867,303.0104,0.0001,0.0004,303.0104,,,,,,,,,,,,0.0,0.0,0.0,0.0,0
48.92,-0.173,-0.2867,303.0104,0.0001,0.0004,303.0104,,,,,,,,,,,,0.0,0.0,0.0,0.0,0
48.94,-0.173,-0.2867,303.0104,0.0001,0.0004,303.0104,,,,,,,,,,,,0.0,0.0,0.0,0.0,0
48.96,-0.173,-0.2867,303.0104,0.0001,0.0004,303.0104,,,,,,,,,,,,0.0,0.0,0.0,0.0,0
48.98,-0.173,-0.2867,303.0104,0.0001,0.0004,303.0104,,,,,,,,,,,,0.0,0.0,0.0,0.0,0
49.0,-0.1744,-0.2879,303.0129,0.0001,0.0004,303.0129,,,,,,,,,,,,0.0,0.0,0.0,0.0,0
49.02,-0.1744,-0.2879,303.0129,0.0001,0.0004,303.0129,,,,,,,,,,,,0.0,0.0,0.0,0.0,0
49.04,-0.1744,-0.2879,303.0129,0.0001,0.0004,303.0129,,,,,,,,,,,,0.0,0.0,0.0,0.0,0
49.06,-0.1744,-0.2879,303.0129,0.0001,0.0004,303.0129,,,,,,,,,,,,0.0,0.0,0.0,0.0,0
49.08,-0.1744,-0.2879,303.0129,0.0001,0.0004,303.0129,,,,,,,,,,,,0.0,0.0,0.0,0.0,0
49.1,-0.176,-0.283,303.012,0.0001,0.0004,303.012,,,,,,,,,,,,0.0,0.0,0.0,0.0,0
49.12,-0.176,-0.283,303.012,0.0001,0.0004,303.012,,,,,,,,,,,,0.0,0.0,0.0,0.0,0
49.14,-0.176,-0.283,303.012,0.0001,0.0004,303.012,,,,,,,,,,,,0.0,0.0,0.0,0.0,0
49.16,-0.176,-0.283,303.012,0.0001,0.0004,303.012,,,,,,,,,,,,0.0,0.0,0.0,0.0,0
49.18,-0.176,-0.283,303.012,0.0001,0.0004,303.012,,,,,,,,,,,,0.0,0.0,0.0,0.0,0
49.2,-0.1781,-0.2737,303.0143,0.0001,0.0004,303.0143,,,,,,,,,,,,0.0,0.0,0.0,0.0,0
49.22,-0.1781,-0.2737,303.0143,0.0001,0.0004,303.0143,,,,,,,,,,,,0.0,0.0,0.0,0.0,0
49.24,-0.1781,-0.2737,303.0143,0.0001,0.0004,303.0143,,,,,,,,,,,,0.0,0.0,0.0,0.0,0
49.26,-0.1781,-0.2737,303.0143,0.0001,0.0004,303.0143,,,,,,,,,,,,0.0,0.0,0.0,0.0,0
49.28,-0.1781,-0.2737,303.0143,0.0001,0.0004,303.0143,,,,,,,,,,,,0.0,0.0,0.0,0.0,0
49.3,-0.1767,-0.268,303.0153,0.0001,0.0004,303.0153,,,,,,,,,,,,0.0,0.0,0.0,0.0,0
49.32,-0.1767,-0.268,303.0153,0.0001,0.0004,303.0153,,,,,,,,,,,,0.0,0.0,0.0,0.0,0
49.34,-0.1767,-0.268,303.0153,0.0001,0.0004,303.0153,,,,,,,,,,,,0.0,0.0,0.0,0.0,0
49.36,-0.1767,-0.268,303.0153,0.0001,0.0004,303.0153,,,,,,,,,,,,0.0,0.0,0.0,0.0,0
49.38,-0.1767,-0.268,303.0153,0.0001,0.0004,303.0153,,,,,,,,,,,,0.0,0.0,0.0,0.0,0
49.4,-0.1745,-0.2733,303.018,0.0001,0.0004,303.018,,,,,,,,,,,,0.0,0.0,0.0,0.0,0
49.42,-0.1745,-0.2733,303.018,0.0001,0.0004,303.018,,,,,,,,,,,,0.0,0.0,0.0,0.0,0
49.44,-0.1745,-0.2733,303.018,0.0001,0.0004,303.018,,,,,,,,,,,,0.0,0.0,0.0,0.0,0
49.46,-0.1745,-0.2733,303.018,0.0001,0.0004,303.018,,,,,,,,,,,,0.0,0.0,0.0,0.0,0
49.48,-0.1745,-0.2733,303.018,0.0001,0.0004,303.018,,,,,,,,,,,,0.0,0.0,0.0,0.0,0
49.5,-0.1779,-0.276,303.0119,0.0001,0.0004,303.0119,,,,,,,,,,,,0.0,0.0,0.0,0.0,0
49.52,-0.1779,-0.276,303.0119,0.0001,0.0004,303.0119,,,,,,,,,,,,0.0,0.0,0.0,0.0,0
49.54,-0.1779,-0.276,303.0119,0.0001,0.0004,303.0119,,,,,,,,,,,,0.0,0.0,0.0,0.0,0
49.56,-0.1779,-0.276,303.0119,0.0001,0.0004,303.0119,,,,,,,,,,,,0.0,0.0,0.0,0.0,0
49.58,-0.1779,-0.276,303.0119,0.0001,0.0004,303.0119,,,,,,,,,,,,0.0,0.0,0.0,0.0,0
49.6,-0.18,-0.2727,303.0143,0.0001,0.0004,303.0143,,,,,,,,,,,,0.0,0.0,0.0,0.0,0
49.62,-0.18,-0.2727,303.0143,0.0001,0.0004,303.0143,,,,,,,,,,,,0.0,0.0,0.0,0.0,0
49.64,-0.18,-0.2727,303.0143,0.0001,0.0004,303.0143,,,,,,,,,,,,0.0,0.0,0.0,0.0,0
49.66,-0.18,-0.2727,303.0143,0.0001,0.0004,303.0143,,,,,,,,,,,,0.0,0.0,0.0,0.0,0
49.68,-0.18,-0.2727,303.0143,0.0001,0.0004,303.0143,,,,,,,,,,,,0.0,0.0,0.0,0.0,0
49.7,-0.1767,-0.2716,303.0092,0.0001,0.0004,303.0092,,,,,,,,,,,,0.0,0.0,0.0,0.0,0
49.72,-0.1767,-0.2716,303.0092,0.0001,0.0004,303.0092,,,,,,,,,,,,0.0,0.0,0.0,0.0,0
49.74,-0.1767,-0.2716,303.0092,0.0001,0.0004,303.0092,,,,,,,,,,,,0.0,0.0,0.0,0.0,0
49.76,-0.1767,-0.2716,303.0092,0.0001,0.0004,303.0092,,,,,,,,,,,,0.0,0.0,0.0,0.0,0
49.78,-0.1767,-0.2716,303.0092,0.0001,0.0004,303.0092,,,,,,,,,,,,0.0,0.0,0.0,0.0,0
49.8,-0.1794,-0.2716,303.014,0.0001,0.0004,303.014,,,,,,,,,,,,0.0,0.0,0.0,0.0,0
49.82,-0.1794,-0.2716,303.014,0.0001,0.0004,303.014,,,,,,,,,,,,0.0,0.0,0.0,0.0,0
49.84,-0.1794,-0.2716,303.014,0.0001,0.0004,303.014,,,,,,,,,,,,0.0,0.0,0.0,0.0,0
49.86,-0.1794,-0.2716,303.014,0.0001,0.0004,303.014,,,,,,,,,,,,0.0,0.0,0.0,0.0,0
49.88,-0.1794,-0.2716,303.014,0.0001,0.0004,303.014,,,,,,,,,,,,0.0,0.0,0.0,0.0,0
49.9,-0.1825,-0.2727,303.0146,0.0001,0.0004,303.0146,,,,,,,,,,,,0.0,0.0,0.0,0.0,0
49.92,-0.1825,-0.2727,303.0146,0.0001,0.0004,303.0146,,,,,,,,,,,,0.0,0.0,0.0,0.0,0
49.94,-0.1825,-0.2727,303.0146,0.0001,0.0004,303.0146,,,,,,,,,,,,0.0,0.0,0.0,0.0,0
49.96,-0.1825,-0.2727,303.0146,0.0001,0.0004,303.0146,,,,,,,,,,,,0.0,0.0,0.0,0.0,0
49.98,-0.1825,-0.2727,303.0146,0.0001,0.0004,303.0146,,,,,,,,,,,,0.0,0.0,0.0,0.0,0
50.0,-0.1822,-0.2733,303.0141,0.0001,0.0004,303.0141,,,,,,,,,,,,0.0,0.0,0.0,0.0,0
50.02,-0.1822,-0.2733,303.0141,0.0001,0.0004,303.0141,,,,,,,,,,,,0.0,0.0,0.0,0.0,0
50.04,-0.1822,-0.2733,303.0141,0.0001,0.0004,303.0141,,,,,,,,,,,,0.0,0.0,0.0,0.0,0
50.06,-0.1822,-0.2733,303.0141,0.0001,0.0004,303.0141,,,,,,,,,,,,0.0,0.0,0.0,0.0,0
50.08,-0.1822,-0.2733,303.0141,0.0001,0.0004,303.0141,,,,,,,,,,,,0.0,0.0,0.0,0.0,0
50.1,-0.1854,-0.2745,303.0144,0.0001,0.0004,303.0144,,,,,,,,,,,,0.0,0.0,0.0,0.0,0
50.12,-0.1854,-0.2745,303.0144,0.0001,0.0004,303.0144,,,,,,,,,,,,0.0,0.0,0.0,0.0,0
50.14,-0.1854,-0.2745,303.0144,0.0001,0.0004,303.0144,,,,,,,,,,,,0.0,0.0,0.0,0.0,0
50.16,-0.1854,-0.2745,303.0144,0.0001,0.0004,303.0144,,,,,,,,,,,,0.0,0.0,0.0,0.0,0
50.18,-0.1854,-0.2745,303.0144,0.0001,0.0004,303.0144,,,,,,,,,,,,0.0,0.0,0.0,0.0,0
50.2,-0.1882,-0.2735,303.0165,0.0001,0.0004,303.0165,,,,,,,,,,,,0.0,0.0,0.0,0.0,0
50.22,-0.1882,-0.2735,303.0165,0.0001,0.0004,303.0165,,,,,,,,,,,,0.0,0.0,0.0,0.0,0
50.24,-0.1882,-0.2735,303.0165,0.0001,0.0004,303.0165,,,,,,,,,,,,0.0,0.0,0.0,0.0,0
50.26,-0.1882,-0.2735,303.0165,0.0001,0.0004,303.0165,,,,,,,,,,,,0.0,0.0,0.0,0.0,0
50.28,-0.1882,-0.2735,303.0165,0.0001,0.0004,303.0165,,,,,,,,,,,,0.0,0.0,0.0,0.0,0
50.3,-0.1882,-0.2735,303.0165,0.0001,0.0004,303.0165,,,,,,,,,,,,0.0,0.0,0.0,0.0,0
50.32,-0.1882,-0.2735,303.0165,0.0001,0.0004,303.0165,,,,,,,,,,,,0.0,0.0,0.0,0.0,0
50.34,-0.1882,-0.2735,303.0165,0.0001,0.0004,303.0165,,,,,,,,,,,,0.0,0.0,0.0,0.0,0
50.36,-0.1882,-0.2735,303.0165,0.0001,0.0004,303.0165,,,,,,,,,,,,0.0,0.0,0.0,0.0,0
50.38,-0.1882,-0.2735,303.0165,0.0001,0.0004,303.0165,,,,,,,,,,,,0.0,0.0,0.0,0.0,0
50.4,-0.1882,-0.2735,303.0165,0.0001,0.0004,303.0165,,,,,,,,,,,,0.0,0.0,0.0,0.0,0
50.42,-0.1882,-0.2735,303.0165,0.0001,0.0004,303.0165,,,,,,,,,,,,0.0,0.0,0.0,0.0,0
50.44,-0.1882,-0.2735,303.0165,0.0001,0.0004,303.0165,,,,,,,,,,,,0.0,0.0,0.0,0.0,0
50.46,-0.1882,-0.2735,303.0165,0.0001,0.0004,303.0165,,,,,,,,,,,,0.0,0.0,0.0,0.0,0
50.48,-0.1882,-0.2735,303.0165,0.0001,0.0004,303.0165,,,,,,,,,,,,0.0,0.0,0.0,0.0,0
50.5,-0.1882,-0.2735,303.0165,0.0001,0.0004,303.0165,,,,,,,,,,,,0.0,0.0,0.0,0.0,0
50.52,-0.1882,-0.2735,303.0165,0.0001,0.0004,303.0165,,,,,,,,,,,,0.0,0.0,0.0,0.0,0
50.54,-0.1882,-0.2735,303.0165,0.0001,0.0004,303.0165,,,,,,,,,,,,0.0,0.0,0.0,0.0,0
50.56,-0.1882,-0.2735,303.0165,0.0001,0.0004,303.0165,,,,,,,,,,,,0.0,0.0,0.0,0.0,0
50.58,-0.1882,-0.2735,303.0165,0.0001,0.0004,303.0165,,,,,,,,,,,,0.0,0.0,0.0,0.0,0
50.6,-0.1882,-0.2735,303.0165,0.0001,0.0004,303.0165,,,,,,,,,,,,0.0,0.0,0.0,0.0,0
50.62,-0.1882,-0.2735,303.0165,0.0001,0.0004,303.0165,,,,,,,,,,,,0.0,0.0,0.0,0.0,0
50.64,-0.1882,-0.2735,303.0165,0.0001,0.0004,303.0165,,,,,,,,,,,,0.0,0.0,0.0,0.0,0
50.66,-0.1882,-0.2735,303.0165,0.0001,0.0004,303.0165,,,,,,,,,,,,0.0,0.0,0.0,0.0,0
50.68,-0.1882,-0.2735,303.0165,0.0001,0.0004,303.0165,,,,,,,,,,,,0.0,0.0,0.0,0.0,0
50.7,-0.1882,-0.2735,303.0165,0.0001,0.0004,303.0165,,,,,,,,,,,,0.0,0.0,0.0,0.0,0
50.72,-0.1882,-0.2735,303.0165,0.0001,0.0004,303.0165,,,,,,,,,,,,0.0,0.0,0.0,0.0,0
50.74,-0.1882,-0.2735,303.0165,0.0001,0.0004,303.0165,,,,,,,,,,,,0.0,0.0,0.0,0.0,0
50.76,-0.1882,-0.2735,303.0165,0.0001,0.0004,303.0165,,,,,,,,,,,,0.0,0.0,0.0,0.0,0
50.78,-0.1882,-0.2735,303.0165,0.0001,0.0004,303.0165,,,,,,,,,,,,0.0,0.0,0.0,0.0,0
50.8,-0.1882,-0.2735,303.0165,0.0001,0.0004,303.0165,,,,,,,,,,,,0.0,0.0,0.0,0.0,0
50.82,-0.1882,-0.2735,303.0165,0.0001,0.0004,303.0165,,,,,,,,,,,,0.0,0.0,0.0,0.0,0
50.84,-0.1882,-0.2735,303.0165,0.0001,0.0004,303.0165,,,,,,,,,,,,0.0,0.0,0.0,0.0,0
50.86,-0.1882,-0.2735,303.0165,0.0001,0.0004,303.0165,,,,,,,,,,,,0.0,0.0,0.0,0.0,0
50.88,-0.1882,-0.2735,303.0165,0.0001,0.0004,303.0165,,,,,,,,,,,,0.0,0.0,0.0,0.0,0
50.9,-0.1882,-0.2735,303.0165,0.0001,0.0004,303.0165,,,,,,,,,,,,0.0,0.0,0.0,0.0,0
50.92,-0.1882,-0.2735,303.0165,0.0001,0.0004,303.0165,,,,,,,,,,,,0.0,0.0,0.0,0.0,0
50.94,-0.1882,-0.2735,303.0165,0.0001,0.0004,303.0165,,,,,,,,,,,,0.0,0.0,0.0,0.0,0
50.96,-0.1882,-0.2735,303.0165,0.0001,0.0004,303.0165,,,,,,,,,,,,0.0,0.0,0.0,0.0,0
50.98,-0.1882,-0.2735,303.0165,0.0001,0.0004,303.0165,,,,,,,,,,,,0.0,0.0,0.0,0.0,0
51.0,-0.1882,-0.2735,303.0165,0.0001,0.0004,303.0165,,,,,,,,,,,,0.0,0.0,0.0,0.0,0
51.02,-0.1882,-0.2735,303.0165,0.0001,0.0004,303.0165,,,,,,,,,,,,0.0,0.0,0.0,0.0,0
51.04,-0.1882,-0.2735,303.0165,0.0001,0.0004,303.0165,,,,,,,,,,,,0.0,0.0,0.0,0.0,0
51.06,-0.1882,-0.2735,303.0165,0.0001,0.0004,303.0165,,,,,,,,,,,,0.0,0.0,0.0,0.0,0
51.08,-0.1882,-0.2735,303.0165,0.0001,0.0004,303.0165,,,,,,,,,,,,0.0,0.0,0.0,0.0,0
51.1,-0.1882,-0.2735,303.0165,0.0001,0.0004,303.0165,,,,,,,,,,,,0.0,0.0,0.0,0.0,0
51.12,-0.1882,-0.2735,303.0165,0.0001,0.0004,303.0165,,,,,,,,,,,,0.0,0.0,0.0,0.0,0
51.14,-0.1882,-0.2735,303.0165,0.0001,0.0004,303.0165,,,,,,,,,,,,0.0,0.0,0.0,0.0,0
51.16,-0.1882,-0.2735,303.0165,0.0001,0.0004,303.0165,,,,,,,,,,,,0.0,0.0,0.0,0.0,0
51.18,-0.1882,-0.2735,303.0165,0.0001,0.0004,303.0165,,,,,,,,,,,,0.0,0.0,0.0,0.0,0
51.2,-0.1882,-0.2735,303.0165,0.0001,0.0004,303.0165,,,,,,,,,,,,0.0,0.0,0.0,0.0,0
51.22,-0.1882,-0.2735,303.0165,0.0001,0.0004,303.0165,,,,,,,,,,,,0.0,0.0,0.0,0.0,0
51.24,-0.1882,-0.2735,303.0165,0.0001,0.0004,303.0165,,,,,,,,,,,,0.0,0.0,0.0,0.0,0
51.26,-0.1882,-0.2735,303.0165,0.0001,0.0004,303.0165,,,,,,,,,,,,0.0,0.0,0.0,0.0,0
51.28,-0.1882,-0.2735,303.0165,0.0001,0.0004,303.0165,,,,,,,,,,,,0.0,0.0,0.0,0.0,0
51.3,-0.1882,-0.2735,303.0165,0.0001,0.0004,303.0165,,,,,,,,,,,,0.0,0.0,0.0,0.0,0
51.32,-0.1882,-0.2735,303.0165,0.0001,0.0004,303.0165,,,,,,,,,,,,0.0,0.0,0.0,0.0,0
51.34,-0.1882,-0.2735,303.0165,0.0001,0.0004,303.0165,,,,,,,,,,,,0.0,0.0,0.0,0.0,0
51.36,-0.1882,-0.2735,303.0165,0.0001,0.0004,303.0165,,,,,,,,,,,,0.0,0.0,0.0,0.0,0
51.38,-0.1882,-0.2735,303.0165,0.0001,0.0004,303.0165,,,,,,,,,,,,0.0,0.0,0.0,0.0,0
51.4,-0.1882,-0.2735,303.0165,0.0001,0.0004,303.0165,,,,,,,,,,,,0.0,0.0,0.0,0.0,0
51.42,-0.1882,-0.2735,303.0165,0.0001,0.0004,303.0165,,,,,,,,,,,,0.0,0.0,0.0,0.0,0
51.44,-0.1882,-0.2735,303.0165,0.0001,0.0004,303.0165,,,,,,,,,,,,0.0,0.0,0.0,0.0,0
51.46,-0.1882,-0.2735,303.0165,0.0001,0.0004,303.0165,,,,,,,,,,,,0.0,0.0,0.0,0.0,0
51.48,-0.1882,-0.2735,303.0165,0.0001,0.0004,303.0165,,,,,,,,,,,,0.0,0.0,0.0,0.0,0
51.5,-0.1882,-0.2735,303.0165,0.0001,0.0004,303.0165,,,,,,,,,,,,0.0,0.0,0.0,0.0,0
51.52,-0.1882,-0.2735,303.0165,0.0001,0.0004,303.0165,,,,,,,,,,,,0.0,0.0,0.0,0.0,0
51.54,-0.1882,-0.2735,303.0165,0.0001,0.0004,303.0165,,,,,,,,,,,,0.0,0.0,0.0,0.0,0
51.56,-0.1882,-0.2735,303.0165,0.0001,0.0004,303.0165,,,,,,,,,,,,0.0,0.0,0.0,0.0,0
51.58,-0.1882,-0.2735,303.0165,0.0001,0.0004,303.0165,,,,,,,,,,,,0.0,0.0,0.0,0.0,0
51.6,-0.1882,-0.2735,303.0165,0.0001,0.0004,303.0165,,,,,,,,,,,,0.0,0.0,0.0,0.0,0
51.62,-0.1882,-0.2735,303.0165,0.0001,0.0004,303.0165,,,,,,,,,,,,0.0,0.0,0.0,0.0,0
51.64,-0.1882,-0.2735,303.0165,0.0001,0.0004,303.0165,,,,,,,,,,,,0.0,0.0,0.0,0.0,0
51.66,-0.1882,-0.2735,303.0165,0.0001,0.0004,303.0165,,,,,,,,,,,,0.0,0.0,0.0,0.0,0
51.68,-0.1882,-0.2735,303.0165,0.0001,0.0004,303.0165,,,,,,,,,,,,0.0,0.0,0.0,0.0,0
51.7,-0.1882,-0.2735,303.0165,0.0001,0.0004,303.0165,,,,,,,,,,,,0.0,0.0,0.0,0.0,0
51.72,-0.1882,-0.2735,303.0165,0.0001,0.0004,303.0165,,,,,,,,,,,,0.0,0.0,0.0,0.0,0
51.74,-0.1882,-0.2735,303.0165,0.0001,0.0004,303.0165,,,,,,,,,,,,0.0,0.0,0.0,0.0,0
51.76,-0.1882,-0.2735,303.0165,0.0001,0.0004,303.0165,,,,,,,,,,,,0.0,0.0,0.0,0.0,0
51.78,-0.1882,-0.2735,303.0165,0.0001,0.0004,303.0165,,,,,,,,,,,,0.0,0.0,0.0,0.0,0
51.8,-0.1882,-0.2735,303.0165,0.0001,0.0004,303.0165,,,,,,,,,,,,0.0,0.0,0.0,0.0,0
51.82,-0.1882,-0.2735,303.0165,0.0001,0.0004,303.0165,,,,,,,,,,,,0.0,0.0,0.0,0.0,0
51.84,-0.1882,-0.2735,303.0165,0.0001,0.0004,303.0165,,,,,,,,,,,,0.0,0.0,0.0,0.0,0
51.86,-0.1882,-0.2735,303.0165,0.0001,0.0004,303.0165,,,,,,,,,,,,0.0,0.0,0.0,0.0,0
51.88,-0.1882,-0.2735,303.0165,0.0001,0.0004,303.0165,,,,,,,,,,,,0.0,0.0,0.0,0.0,0
51.9,-0.1882,-0.2735,303.0165,0.0001,0.0004,303.0165,,,,,,,,,,,,0.0,0.0,0.0,0.0,0
51.92,-0.1882,-0.2735,303.0165,0.0001,0.0004,303.0165,,,,,,,,,,,,0.0,0.0,0.0,0.0,0
51.94,-0.1882,-0.2735,303.0165,0.0001,0.0004,303.0165,,,,,,,,,,,,0.0,0.0,0.0,0.0,0
51.96,-0.1882,-0.2735,303.0165,0.0001,0.0004,303.0165,,,,,,,,,,,,0.0,0.0,0.0,0.0,0
51.98,-0.1882,-0.2735,303.0165,0.0001,0.0004,303.0165,,,,,,,,,,,,0.0,0.0,0.0,0.0,0
52.0,-0.1882,-0.2735,303.0165,0.0001,0.0004,303.0165,,,,,,,,,,,,0.0,0.0,0.0,0.0,0
52.02,-0.1882,-0.2735,303.0165,0.0001,0.0004,303.0165,,,,,,,,,,,,0.0,0.0,0.0,0.0,0
52.04,-0.1882,-0.2735,303.0165,0.0001,0.0004,303.0165,,,,,,,,,,,,0.0,0.0,0.0,0.0,0
52.06,-0.1882,-0.2735,303.0165,0.0001,0.0004,303.0165,,,,,,,,,,,,0.0,0.0,0.0,0.0,0
52.08,-0.1882,-0.2735,303.0165,0.0001,0.0004,303.0165,,,,,,,,,,,,0.0,0.0,0.0,0.0,0
52.1,-0.1882,-0.2735,303.0165,0.0001,0.0004,303.0165,,,,,,,,,,,,0.0,0.0,0.0,0.0,0
52.12,-0.1882,-0.2735,303.0165,0.0001,0.0004,303.0165,,,,,,,,,,,,0.0,0.0,0.0,0.0,0
52.14,-0.1882,-0.2735,303.0165,0.0001,0.0004,303.0165,,,,,,,,,,,,0.0,0.0,0.0,0.0,0
52.16,-0.1882,-0.2735,303.0165,0.0001,0.0004,303.0165,,,,,,,,,,,,0.0,0.0,0.0,0.0,0
52.18,-0.1882,-0.2735,303.0165,0.0001,0.0004,303.0165,,,,,,,,,,,,0.0,0.0,0.0,0.0,0
52.2,-0.1882,-0.2735,303.0165,0.0001,0.0004,303.0165,,,,,,,,,,,,0.0,0.0,0.0,0.0,0
52.22,-0.1882,-0.2735,303.0165,0.0001,0.0004,303.0165,,,,,,,,,,,,0.0,0.0,0.0,0.0,0
52.24,-0.1882,-0.2735,303.0165,0.0001,0.0004,303.0165,,,,,,,,,,,,0.0,0.0,0.0,0.0,0
52.26,-0.1882,-0.2735,303.0165,0.0001,0.0004,303.0165,,,,,,,,,,,,0.0,0.0,0.0,0.0,0
52.28,-0.1882,-0.2735,303.0165,0.0001,0.0004,303.0165,,,,,,,,,,,,0.0,0.0,0.0,0.0,0
52.3,-0.1882,-0.2735,303.0165,0.0001,0.0004,303.0165,,,,,,,,,,,,0.0,0.0,0.0,0.0,0
52.32,-0.1882,-0.2735,303.0165,0.0001,0.0004,303.0165,,,,,,,,,,,,0.0,0.0,0.0,0.0,0
52.34,-0.1882,-0.2735,303.0165,0.0001,0.0004,303.0165,,,,,,,,,,,,0.0,0.0,0.0,0.0,0
52.36,-0.1882,-0.2735,303.0165,0.0001,0.0004,303.0165,,,,,,,,,,,,0.0,0.0,0.0,0.0,0
52.38,-0.1882,-0.2735,303.0165,0.0001,0.0004,303.0165,,,,,,,,,,,,0.0,0.0,0.0,0.0,0
52.4,-0.1882,-0.2735,303.0165,0.0001,0.0004,303.0165,,,,,,,,,,,,0.0,0.0,0.0,0.0,0
52.42,-0.1882,-0.2735,303.0165,0.0001,0.0004,303.0165,,,,,,,,,,,,0.0,0.0,0.0,0.0,0
52.44,-0.1882,-0.2735,303.0165,0.0001,0.0004,303.0165,,,,,,,,,,,,0.0,0.0,0.0,0.0,0
52.46,-0.1882,-0.2735,303.0165,0.0001,0.0004,303.0165,,,,,,,,,,,,0.0,0.0,0.0,0.0,0
52.48,-0.1882,-0.2735,303.0165,0.0001,0.0004,303.0165,,,,,,,,,,,,0.0,0.0,0.0,0.0,0
52.5,-0.1882,-0.2735,303.0165,0.0001,0.0004,303.0165,,,,,,,,,,,,0.0,0.0,0.0,0.0,0
52.52,-0.1882,-0.2735,303.0165,0.0001,0.0004,303.0165,,,,,,,,,,,,0.0,0.0,0.0,0.0,0
52.54,-0.1882,-0.2735,303.0165,0.0001,0.0004,303.0165,,,,,,,,,,,,0.0,0.0,0.0,0.0,0
52.56,-0.1882,-0.2735,303.0165,0.0001,0.0004,303.0165,,,,,,,,,,,,0.0,0.0,0.0,0.0,0
52.58,-0.1882,-0.2735,303.0165,0.0001,0.0004,303.0165,,,,,,,,,,,,0.0,0.0,0.0,0.0,0
52.6,-0.1882,-0.2735,303.0165,0.0001,0.0004,303.0165,,,,,,,,,,,,0.0,0.0,0.0,0.0,0
52.62,-0.1882,-0.2735,303.0165,0.0001,0.0004,303.0165,,,,,,,,,,,,0.0,0.0,0.0,0.0,0
52.64,-0.1882,-0.2735,303.0165,0.0001,0.0004,303.0165,,,,,,,,,,,,0.0,0.0,0.0,0.0,0
52.66,-0.1882,-0.2735,303.0165,0.0001,0.0004,303.0165,,,,,,,,,,,,0.0,0.0,0.0,0.0,0
52.68,-0.1882,-0.2735,303.0165,0.0001,0.0004,303.0165,,,,,,,,,,,,0.0,0.0,0.0,0.0,0
52.7,-0.1882,-0.2735,303.0165,0.0001,0.0004,303.0165,,,,,,,,,,,,0.0,0.0,0.0,0.0,0
52.72,-0.1882,-0.2735,303.0165,0.0001,0.0004,303.0165,,,,,,,,,,,,0.0,0.0,0.0,0.0,0
52.74,-0.1882,-0.2735,303.0165,0.0001,0.0004,303.0165,,,,,,,,,,,,0.0,0.0,0.0,0.0,0
52.76,-0.1882,-0.2735,303.0165,0.0001,0.0004,303.0165,,,,,,,,,,,,0.0,0.0,0.0,0.0,0
52.78,-0.1882,-0.2735,303.0165,0.0001,0.0004,303.0165,,,,,,,,,,,,0.0,0.0,0.0,0.0,0
52.8,-0.1882,-0.2735,303.0165,0.0001,0.0004,303.0165,,,,,,,,,,,,0.0,0.0,0.0,0.0,0
52.82,-0.1882,-0.2735,303.0165,0.0001,0.0004,303.0165,,,,,,,,,,,,0.0,0.0,0.0,0.0,0
52.84,-0.1882,-0.2735,303.0165,0.0001,0.0004,303.0165,,,,,,,,,,,,0.0,0.0,0.0,0.0,0
52.86,-0.1882,-0.2735,303.0165,0.0001,0.0004,303.0165,,,,,,,,,,,,0.0,0.0,0.0,0.0,0
52.88,-0.1882,-0.2735,303.0165,0.0001,0.0004,303.0165,,,,,,,,,,,,0.0,0.0,0.0,0.0,0
52.9,-0.1882,-0.2735,303.0165,0.0001,0.0004,303.0165,,,,,,,,,,,,0.0,0.0,0.0,0.0,0
52.92,-0.1882,-0.2735,303.0165,0.0001,0.0004,303.0165,,,,,,,,,,,,0.0,0.0,0.0,0.0,0
52.94,-0.1882,-0.2735,303.0165,0.0001,0.0004,303.0165,,,,,,,,,,,,0.0,0.0,0.0,0.0,0
52.96,-0.1882,-0.2735,303.0165,0.0001,0.0004,303.0165,,,,,,,,,,,,0.0,0.0,0.0,0.0,0
52.98,-0.1882,-0.2735,303.0165,0.0001,0.0004,303.0165,,,,,,,,,,,,0.0,0.0,0.0,0.0,0
53.0,-0.1882,-0.2735,303.0165,0.0001,0.0004,303.0165,,,,,,,,,,,,0.0,0.0,0.0,0.0,0
53.02,-0.1882,-0.2735,303.0165,0.0001,0.0004,303.0165,,,,,,,,,,,,0.0,0.0,0.0,0.0,0
53.04,-0.1882,-0.2735,303.0165,0.0001,0.0004,303.0165,,,,,,,,,,,,0.0,0.0,0.0,0.0,0
53.06,-0.1882,-0.2735,303.0165,0.0001,0.0004,303.0165,,,,,,,,,,,,0.0,0.0,0.0,0.0,0
53.08,-0.1882,-0.2735,303.0165,0.0001,0.0004,303.0165,,,,,,,,,,,,0.0,0.0,0.0,0.0,0
53.1,-0.1882,-0.2735,303.0165,0.0001,0.0004,303.0165,,,,,,,,,,,,0.0,0.0,0.0,0.0,0
53.12,-0.1882,-0.2735,303.0165,0.0001,0.0004,303.0165,,,,,,,,,,,,0.0,0.0,0.0,0.0,0
53.14,-0.1882,-0.2735,303.0165,0.0001,0.0004,303.0165,,,,,,,,,,,,0.0,0.0,0.0,0.0,0
53.16,-0.1882,-0.2735,303.0165,0.0001,0.0004,303.0165,,,,,,,,,,,,0.0,0.0,0.0,0.0,0
53.18,-0.1882,-0.2735,303.0165,0.0001,0.0004,303.0165,,,,,,,,,,,,0.0,0.0,0.0,0.0,0
53.2,-0.1882,-0.2735,303.0165,0.0001,0.0004,303.0165,,,,,,,,,,,,0.0,0.0,0.0,0.0,0
53.22,-0.1882,-0.2735,303.0165,0.0001,0.0004,303.0165,,,,,,,,,,,,0.0,0.0,0.0,0.0,0
53.24,-0.1882,-0.2735,303.0165,0.0001,0.0004,303.0165,,,,,,,,,,,,0.0,0.0,0.0,0.0,0
53.26,-0.1882,-0.2735,303.0165,0.0001,0.0004,303.0165,,,,,,,,,,,,0.0,0.0,0.0,0.0,0
53.28,-0.1882,-0.2735,303.0165,0.0001,0.0004,303.0165,,,,,,,,,,,,0.0,0.0,0.0,0.0,0
53.3,-0.1882,-0.2735,303.0165,0.0001,0.0004,303.0165,,,,,,,,,,,,0.0,0.0,0.0,0.0,0
53.32,-0.1882,-0.2735,303.0165,0.0001,0.0004,303.0165,,,,,,,,,,,,0.0,0.0,0.0,0.0,0
53.34,-0.1882,-0.2735,303.0165,0.0001,0.0004,303.0165,,,,,,,,,,,,0.0,0.0,0.0,0.0,0
53.36,-0.1882,-0.2735,303.0165,0.0001,0.0004,303.0165,,,,,,,,,,,,0.0,0.0,0.0,0.0,0
53.38,-0.1882,-0.2735,303.0165,0.0001,0.0004,303.0165,,,,,,,,,,,,0.0,0.0,0.0,0.0,0
53.4,-0.1882,-0.2735,303.0165,0.0001,0.0004,303.0165,,,,,,,,,,,,0.0,0.0,0.0,0.0,0
53.42,-0.1882,-0.2735,303.0165,0.0001,0.0004,303.0165,,,,,,,,,,,,0.0,0.0,0.0,0.0,0
53.44,-0.1882,-0.2735,303.0165,0.0001,0.0004,303.0165,,,,,,,,,,,,0.0,0.0,0.0,0.0,0
53.46,-0.1882,-0.2735,303.0165,0.0001,0.0004,303.0165,,,,,,,,,,,,0.0,0.0,0.0,0.0,0
53.48,-0.1882,-0.2735,303.0165,0.0001,0.0004,303.0165,,,,,,,,,,,,0.0,0.0,0.0,0.0,0
53.5,-0.1882,-0.2735,303.0165,0.0001,0.0004,303.0165,,,,,,,,,,,,0.0,0.0,0.0,0.0,0
53.52,-0.1882,-0.2735,303.0165,0.0001,0.0004,303.0165,,,,,,,,,,,,0.0,0.0,0.0,0.0,0
53.54,-0.1882,-0.2735,303.0165,0.0001,0.0004,303.0165,,,,,,,,,,,,0.0,0.0,0.0,0.0,0
53.56,-0.1882,-0.2735,303.0165,0.0001,0.0004,303.0165,,,,,,,,,,,,0.0,0.0,0.0,0.0,0
53.58,-0.1882,-0.2735,303.0165,0.0001,0.0004,303.0165,,,,,,,,,,,,0.0,0.0,0.0,0.0,0
53.6,-0.1882,-0.2735,303.0165,0.0001,0.0004,303.0165,,,,,,,,,,,,0.0,0.0,0.0,0.0,0
53.62,-0.1882,-0.2735,303.0165,0.0001,0.0004,303.0165,,,,,,,,,,,,0.0,0.0,0.0,0.0,0
53.64,-0.1882,-0.2735,303.0165,0.0001,0.0004,303.0165,,,,,,,,,,,,0.0,0.0,0.0,0.0,0
53.66,-0.1882,-0.2735,303.0165,0.0001,0.0004,303.0165,,,,,,,,,,,,0.0,0.0,0.0,0.0,0
53.68,-0.1882,-0.2735,303.0165,0.0001,0.0004,303.0165,,,,,,,,,,,,0.0,0.0,0.0,0.0,0
53.7,-0.1882,-0.2735,303.0165,0.0001,0.0004,303.0165,,,,,,,,,,,,0.0,0.0,0.0,0.0,0
53.72,-0.1882,-0.2735,303.0165,0.0001,0.0004,303.0165,,,,,,,,,,,,0.0,0.0,0.0,0.0,0
53.74,-0.1882,-0.2735,303.0165,0.0001,0.0004,303.0165,,,,,,,,,,,,0.0,0.0,0.0,0.0,0
53.76,-0.1882,-0.2735,303.0165,0.0001,0.0004,303.0165,,,,,,,,,,,,0.0,0.0,0.0,0.0,0
53.78,-0.1882,-0.2735,303.0165,0.0001,0.0004,303.0165,,,,,,,,,,,,0.0,0.0,0.0,0.0,0
53.8,-0.1882,-0.2735,303.0165,0.0001,0.0004,303.0165,,,,,,,,,,,,0.0,0.0,0.0,0.0,0
53.82,-0.1882,-0.2735,303.0165,0.0001,0.0004,303.0165,,,,,,,,,,,,0.0,0.0,0.0,0.0,0
53.84,-0.1882,-0.2735,303.0165,0.0001,0.0004,303.0165,,,,,,,,,,,,0.0,0.0,0.0,0.0,0
53.86,-0.1882,-0.2735,303.0165,0.0001,0.0004,303.0165,,,,,,,,,,,,0.0,0.0,0.0,0.0,0
53.88,-0.1882,-0.2735,303.0165,0.0001,0.0004,303.0165,,,,,,,,,,,,0.0,0.0,0.0,0.0,0
53.9,-0.1882,-0.2735,303.0165,0.0001,0.0004,303.0165,,,,,,,,,,,,0.0,0.0,0.0,0.0,0
53.92,-0.1882,-0.2735,303.0165,0.0001,0.0004,303.0165,,,,,,,,,,,,0.0,0.0,0.0,0.0,0
53.94,-0.1882,-0.2735,303.0165,0.0001,0.0004,303.0165,,,,,,,,,,,,0.0,0.0,0.0,0.0,0
53.96,-0.1882,-0.2735,303.0165,0.0001,0.0004,303.0165,,,,,,,,,,,,0.0,0.0,0.0,0.0,0
53.98,-0.1882,-0.2735,303.0165,0.0001,0.0004,303.0165,,,,,,,,,,,,0.0,0.0,0.0,0.0,0
54.0,-0.1882,-0.2735,303.0165,0.0001,0.0004,303.0165,,,,,,,,,,,,0.0,0.0,0.0,0.0,0
54.02,-0.1882,-0.2735,303.0165,0.0001,0.0004,303.0165,,,,,,,,,,,,0.0,0.0,0.0,0.0,0
54.04,-0.1882,-0.2735,303.0165,0.0001,0.0004,303.0165,,,,,,,,,,,,0.0,0.0,0.0,0.0,0
54.06,-0.1882,-0.2735,303.0165,0.0001,0.0004,303.0165,,,,,,,,,,,,0.0,0.0,0.0,0.0,0
54.08,-0.1882,-0.2735,303.0165,0.0001,0.0004,303.0165,,,,,,,,,,,,0.0,0.0,0.0,0.0,0
54.1,-0.1882,-0.2735,303.0165,0.0001,0.0004,303.0165,,,,,,,,,,,,0.0,0.0,0.0,0.0,0
54.12,-0.1882,-0.2735,303.0165,0.0001,0.0004,303.0165,,,,,,,,,,,,0.0,0.0,0.0,0.0,0
54.14,-0.1882,-0.2735,303.0165,0.0001,0.0004,303.0165,,,,,,,,,,,,0.0,0.0,0.0,0.0,0
54.16,-0.1882,-0.2735,303.0165,0.0001,0.0004,303.0165,,,,,,,,,,,,0.0,0.0,0.0,0.0,0
54.18,-0.1882,-0.2735,303.0165,0.0001,0.0004,303.0165,,,,,,,,,,,,0.0,0.0,0.0,0.0,0
54.2,-0.1882,-0.2735,303.0165,0.0001,0.0004,303.0165,,,,,,,,,,,,0.0,0.0,0.0,0.0,0
54.22,-0.1882,-0.2735,303.0165,0.0001,0.0004,303.0165,,,,,,,,,,,,0.0,0.0,0.0,0.0,0
54.24,-0.1882,-0.2735,303.0165,0.0001,0.0004,303.0165,,,,,,,,,,,,0.0,0.0,0.0,0.0,0
54.26,-0.1882,-0.2735,303.0165,0.0001,0.0004,303.0165,,,,,,,,,,,,0.0,0.0,0.0,0.0,0
54.28,-0.1882,-0.2735,303.0165,0.0001,0.0004,303.0165,,,,,,,,,,,,0.0,0.0,0.0,0.0,0
54.3,-0.1882,-0.2735,303.0165,0.0001,0.0004,303.0165,,,,,,,,,,,,0.0,0.0,0.0,0.0,0
54.32,-0.1882,-0.2735,303.0165,0.0001,0.0004,303.0165,,,,,,,,,,,,0.0,0.0,0.0,0.0,0
54.34,-0.1882,-0.2735,303.0165,0.0001,0.0004,303.0165,,,,,,,,,,,,0.0,0.0,0.0,0.0,0
54.36,-0.1882,-0.2735,303.0165,0.0001,0.0004,303.0165,,,,,,,,,,,,0.0,0.0,0.0,0.0,0
54.38,-0.1882,-0.2735,303.0165,0.0001,0.0004,303.0165,,,,,,,,,,,,0.0,0.0,0.0,0.0,0
54.4,-0.1882,-0.2735,303.0165,0.0001,0.0004,303.0165,,,,,,,,,,,,0.0,0.0,0.0,0.0,0
54.42,-0.1882,-0.2735,303.0165,0.0001,0.0004,303.0165,,,,,,,,,,,,0.0,0.0,0.0,0.0,0
54.44,-0.1882,-0.2735,303.0165,0.0001,0.0004,303.0165,,,,,,,,,,,,0.0,0.0,0.0,0.0,0
54.46,-0.1882,-0.2735,303.0165,0.0001,0.0004,303.0165,,,,,,,,,,,,0.0,0.0,0.0,0.0,0
54.48,-0.1882,-0.2735,303.0165,0.0001,0.0004,303.0165,,,,,,,,,,,,0.0,0.0,0.0,0.0,0
54.5,-0.1882,-0.2735,303.0165,0.0001,0.0004,303.0165,,,,,,,,,,,,0.0,0.0,0.0,0.0,0
54.52,-0.1882,-0.2735,303.0165,0.0001,0.0004,303.0165,,,,,,,,,,,,0.0,0.0,0.0,0.0,0
54.54,-0.1882,-0.2735,303.0165,0.0001,0.0004,303.0165,,,,,,,,,,,,0.0,0.0,0.0,0.0,0
54.56,-0.1882,-0.2735,303.0165,0.0001,0.0004,303.0165,,,,,,,,,,,,0.0,0.0,0.0,0.0,0
54.58,-0.1882,-0.2735,303.0165,0.0001,0.0004,303.0165,,,,,,,,,,,,0.0,0.0,0.0,0.0,0
54.6,-0.1882,-0.2735,303.0165,0.0001,0.0004,303.0165,,,,,,,,,,,,0.0,0.0,0.0,0.0,0
54.62,-0.1882,-0.2735,303.0165,0.0001,0.0004,303.0165,,,,,,,,,,,,0.0,0.0,0.0,0.0,0
54.64,-0.1882,-0.2735,303.0165,0.0001,0.0004,303.0165,,,,,,,,,,,,0.0,0.0,0.0,0.0,0
54.66,-0.1882,-0.2735,303.0165,0.0001,0.0004,303.0165,,,,,,,,,,,,0.0,0.0,0.0,0.0,0
54.68,-0.1882,-0.2735,303.0165,0.0001,0.0004,303.0165,,,,,,,,,,,,0.0,0.0,0.0,0.0,0
54.7,-0.1882,-0.2735,303.0165,0.0001,0.0004,303.0165,,,,,,,,,,,,0.0,0.0,0.0,0.0,0
54.72,-0.1882,-0.2735,303.0165,0.0001,0.0004,303.0165,,,,,,,,,,,,0.0,0.0,0.0,0.0,0
54.74,-0.1882,-0.2735,303.0165,0.0001,0.0004,303.0165,,,,,,,,,,,,0.0,0.0,0.0,0.0,0
54.76,-0.1882,-0.2735,303.0165,0.0001,0.0004,303.0165,,,,,,,,,,,,0.0,0.0,0.0,0.0,0
54.78,-0.1882,-0.2735,303.0165,0.0001,0.0004,303.0165,,,,,,,,,,,,0.0,0.0,0.0,0.0,0
54.8,-0.1882,-0.2735,303.0165,0.0001,0.0004,303.0165,,,,,,,,,,,,0.0,0.0,0.0,0.0,0
54.82,-0.1882,-0.2735,303.0165,0.0001,0.0004,303.0165,,,,,,,,,,,,0.0,0.0,0.0,0.0,0
54.84,-0.1882,-0.2735,303.0165,0.0001,0.0004,303.0165,,,,,,,,,,,,0.0,0.0,0.0,0.0,0
54.86,-0.1882,-0.2735,303.0165,0.0001,0.0004,303.0165,,,,,,,,,,,,0.0,0.0,0.0,0.0,0
54.88,-0.1882,-0.2735,303.0165,0.0001,0.0004,303.0165,,,,,,,,,,,,0.0,0.0,0.0,0.0,0
54.9,-0.1882,-0.2735,303.0165,0.0001,0.0004,303.0165,,,,,,,,,,,,0.0,0.0,0.0,0.0,0
54.92,-0.1882,-0.2735,303.0165,0.0001,0.0004,303.0165,,,,,,,,,,,,0.0,0.0,0.0,0.0,0
54.94,-0.1882,-0.2735,303.0165,0.0001,0.0004,303.0165,,,,,,,,,,,,0.0,0.0,0.0,0.0,0
54.96,-0.1882,-0.2735,303.0165,0.0001,0.0004,303.0165,,,,,,,,,,,,0.0,0.0,0.0,0.0,0
54.98,-0.1882,-0.2735,303.0165,0.0001,0.0004,303.0165,,,,,,,,,,,,0.0,0.0,0.0,0.0,0
55.0,-0.1882,-0.2735,303.0165,0.0001,0.0004,303.0165,,,,,,,,,,,,0.0,0.0,0.0,0.0,0
55.02,-0.1882,-0.2735,303.0165,0.0001,0.0004,303.0165,,,,,,,,,,,,0.0,0.0,0.0,0.0,0
55.04,-0.1882,-0.2735,303.0165,0.0001,0.0004,303.0165,,,,,,,,,,,,0.0,0.0,0.0,0.0,0
55.06,-0.1882,-0.2735,303.0165,0.0001,0.0004,303.0165,,,,,,,,,,,,0.0,0.0,0.0,0.0,0
55.08,-0.1882,-0.2735,303.0165,0.0001,0.0004,303.0165,,,,,,,,,,,,0.0,0.0,0.0,0.0,0
55.1,-0.1882,-0.2735,303.0165,0.0001,0.0004,303.0165,,,,,,,,,,,,0.0,0.0,0.0,0.0,0
55.12,-0.1882,-0.2735,303.0165,0.0001,0.0004,303.0165,,,,,,,,,,,,0.0,0.0,0.0,0.0,0
55.14,-0.1882,-0.2735,303.0165,0.0001,0.0004,303.0165,,,,,,,,,,,,0.0,0.0,0.0,0.0,0
55.16,-0.1882,-0.2735,303.0165,0.0001,0.0004,303.0165,,,,,,,,,,,,0.0,0.0,0.0,0.0,0
55.18,-0.1882,-0.2735,303.0165,0.0001,0.0004,303.0165,,,,,,,,,,,,0.0,0.0,0.0,0.0,0
55.2,-0.1882,-0.2735,303.0165,0.0001,0.0004,303.0165,,,,,,,,,,,,0.0,0.0,0.0,0.0,0
55.22,-0.1882,-0.2735,303.0165,0.0001,0.0004,303.0165,,,,,,,,,,,,0.0,0.0,0.0,0.0,0
55.24,-0.1882,-0.2735,303.0165,0.0001,0.0004,303.0165,,,,,,,,,,,,0.0,0.0,0.0,0.0,0
55.26,-0.1882,-0.2735,303.0165,0.0001,0.0004,303.0165,,,,,,,,,,,,0.0,0.0,0.0,0.0,0
55.28,-0.1882,-0.2735,303.0165,0.0001,0.0004,303.0165,,,,,,,,,,,,0.0,0.0,0.0,0.0,0
55.3,-0.1882,-0.2735,303.0165,0.0001,0.0004,303.0165,,,,,,,,,,,,0.0,0.0,0.0,0.0,0
55.32,-0.1882,-0.2735,303.0165,0.0001,0.0004,303.0165,,,,,,,,,,,,0.0,0.0,0.0,0.0,0
55.34,-0.1882,-0.2735,303.0165,0.0001,0.0004,303.0165,,,,,,,,,,,,0.0,0.0,0.0,0.0,0
55.36,-0.1882,-0.2735,303.0165,0.0001,0.0004,303.0165,,,,,,,,,,,,0.0,0.0,0.0,0.0,0
55.38,-0.1882,-0.2735,303.0165,0.0001,0.0004,303.0165,,,,,,,,,,,,0.0,0.0,0.0,0.0,0
55.4,-0.1882,-0.2735,303.0165,0.0001,0.0004,303.0165,,,,,,,,,,,,0.0,0.0,0.0,0.0,0
55.42,-0.1882,-0.2735,303.0165,0.0001,0.0004,303.0165,,,,,,,,,,,,0.0,0.0,0.0,0.0,0
55.44,-0.1882,-0.2735,303.0165,0.0001,0.0004,303.0165,,,,,,,,,,,,0.0,0.0,0.0,0.0,0
55.46,-0.1882,-0.2735,303.0165,0.0001,0.0004,303.0165,,,,,,,,,,,,0.0,0.0,0.0,0.0,0
55.48,-0.1882,-0.2735,303.0165,0.0001,0.0004,303.0165,,,,,,,,,,,,0.0,0.0,0.0,0.0,0
55.5,-0.1882,-0.2735,303.0165,0.0001,0.0004,303.0165,,,,,,,,,,,,0.0,0.0,0.0,0.0,0
55.52,-0.1882,-0.2735,303.0165,0.0001,0.0004,303.0165,,,,,,,,,,,,0.0,0.0,0.0,0.0,0
55.54,-0.1882,-0.2735,303.0165,0.0001,0.0004,303.0165,,,,,,,,,,,,0.0,0.0,0.0,0.0,0
55.56,-0.1882,-0.2735,303.0165,0.0001,0.0004,303.0165,,,,,,,,,,,,0.0,0.0,0.0,0.0,0
55.58,-0.1882,-0.2735,303.0165,0.0001,0.0004,303.0165,,,,,,,,,,,,0.0,0.0,0.0,0.0,0
55.6,-0.1882,-0.2735,303.0165,0.0001,0.0004,303.0165,,,,,,,,,,,,0.0,0.0,0.0,0.0,0
55.62,-0.1882,-0.2735,303.0165,0.0001,0.0004,303.0165,,,,,,,,,,,,0.0,0.0,0.0,0.0,0
55.64,-0.1882,-0.2735,303.0165,0.0001,0.0004,303.0165,,,,,,,,,,,,0.0,0.0,0.0,0.0,0
55.66,-0.1882,-0.2735,303.0165,0.0001,0.0004,303.0165,,,,,,,,,,,,0.0,0.0,0.0,0.0,0
55.68,-0.1882,-0.2735,303.0165,0.0001,0.0004,303.0165,,,,,,,,,,,,0.0,0.0,0.0,0.0,0
55.7,-0.1882,-0.2735,303.0165,0.0001,0.0004,303.0165,,,,,,,,,,,,0.0,0.0,0.0,0.0,0
55.72,-0.1882,-0.2735,303.0165,0.0001,0.0004,303.0165,,,,,,,,,,,,0.0,0.0,0.0,0.0,0
55.74,-0.1882,-0.2735,303.0165,0.0001,0.0004,303.0165,,,,,,,,,,,,0.0,0.0,0.0,0.0,0
55.76,-0.1882,-0.2735,303.0165,0.0001,0.0004,303.0165,,,,,,,,,,,,0.0,0.0,0.0,0.0,0
55.78,-0.1882,-0.2735,303.0165,0.0001,0.0004,303.0165,,,,,,,,,,,,0.0,0.0,0.0,0.0,0
55.8,-0.1882,-0.2735,303.0165,0.0001,0.0004,303.0165,,,,,,,,,,,,0.0,0.0,0.0,0.0,0
55.82,-0.1882,-0.2735,303.0165,0.0001,0.0004,303.0165,,,,,,,,,,,,0.0,0.0,0.0,0.0,0
55.84,-0.1882,-0.2735,303.0165,0.0001,0.0004,303.0165,,,,,,,,,,,,0.0,0.0,0.0,0.0,0
55.86,-0.1882,-0.2735,303.0165,0.0001,0.0004,303.0165,,,,,,,,,,,,0.0,0.0,0.0,0.0,0
55.88,-0.1882,-0.2735,303.0165,0.0001,0.0004,303.0165,,,,,,,,,,,,0.0,0.0,0.0,0.0,0
55.9,-0.1882,-0.2735,303.0165,0.0001,0.0004,303.0165,,,,,,,,,,,,0.0,0.0,0.0,0.0,0
55.92,-0.1882,-0.2735,303.0165,0.0001,0.0004,303.0165,,,,,,,,,,,,0.0,0.0,0.0,0.0,0
55.94,-0.1882,-0.2735,303.0165,0.0001,0.0004,303.0165,,,,,,,,,,,,0.0,0.0,0.0,0.0,0
55.96,-0.1882,-0.2735,303.0165,0.0001,0.0004,303.0165,,,,,,,,,,,,0.0,0.0,0.0,0.0,0
55.98,-0.1882,-0.2735,303.0165,0.0001,0.0004,303.0165,,,,,,,,,,,,0.0,0.0,0.0,0.0,0
56.0,-0.1882,-0.2735,303.0165,0.0001,0.0004,303.0165,,,,,,,,,,,,0.0,0.0,0.0,0.0,0
56.02,-0.1882,-0.2735,303.0165,0.0001,0.0004,303.0165,,,,,,,,,,,,0.0,0.0,0.0,0.0,0
56.04,-0.1882,-0.2735,303.0165,0.0001,0.0004,303.0165,,,,,,,,,,,,0.0,0.0,0.0,0.0,0
56.06,-0.1882,-0.2735,303.0165,0.0001,0.0004,303.0165,,,,,,,,,,,,0.0,0.0,0.0,0.0,0
56.08,-0.1882,-0.2735,303.0165,0.0001,0.0004,303.0165,,,,,,,,,,,,0.0,0.0,0.0,0.0,0
56.1,-0.1882,-0.2735,303.0165,0.0001,0.0004,303.0165,,,,,,,,,,,,0.0,0.0,0.0,0.0,0
56.12,-0.1882,-0.2735,303.0165,0.0001,0.0004,303.0165,,,,,,,,,,,,0.0,0.0,0.0,0.0,0
56.14,-0.1882,-0.2735,303.0165,0.0001,0.0004,303.0165,,,,,,,,,,,,0.0,0.0,0.0,0.0,0
56.16,-0.1882,-0.2735,303.0165,0.0001,0.0004,303.0165,,,,,,,,,,,,0.0,0.0,0.0,0.0,0
56.18,-0.1882,-0.2735,303.0165,0.0001,0.0004,303.0165,,,,,,,,,,,,0.0,0.0,0.0,0.0,0
56.2,-0.1882,-0.2735,303.0165,0.0001,0.0004,303.0165,,,,,,,,,,,,0.0,0.0,0.0,0.0,0
56.22,-0.1882,-0.2735,303.0165,0.0001,0.0004,303.0165,,,,,,,,,,,,0.0,0.0,0.0,0.0,0
56.24,-0.1882,-0.2735,303.0165,0.0001,0.0004,303.0165,,,,,,,,,,,,0.0,0.0,0.0,0.0,0
56.26,-0.1882,-0.2735,303.0165,0.0001,0.0004,303.0165,,,,,,,,,,,,0.0,0.0,0.0,0.0,0
56.28,-0.1882,-0.2735,303.0165,0.0001,0.0004,303.0165,,,,,,,,,,,,0.0,0.0,0.0,0.0,0
56.3,-0.1882,-0.2735,303.0165,0.0001,0.0004,303.0165,,,,,,,,,,,,0.0,0.0,0.0,0.0,0
56.32,-0.1882,-0.2735,303.0165,0.0001,0.0004,303.0165,,,,,,,,,,,,0.0,0.0,0.0,0.0,0
56.34,-0.1882,-0.2735,303.0165,0.0001,0.0004,303.0165,,,,,,,,,,,,0.0,0.0,0.0,0.0,0
56.36,-0.1882,-0.2735,303.0165,0.0001,0.0004,303.0165,,,,,,,,,,,,0.0,0.0,0.0,0.0,0
56.38,-0.1882,-0.2735,303.0165,0.0001,0.0004,303.0165,,,,,,,,,,,,0.0,0.0,0.0,0.0,0
56.4,-0.1882,-0.2735,303.0165,0.0001,0.0004,303.0165,,,,,,,,,,,,0.0,0.0,0.0,0.0,0
56.42,-0.1882,-0.2735,303.0165,0.0001,0.0004,303.0165,,,,,,,,,,,,0.0,0.0,0.0,0.0,0
56.44,-0.1882,-0.2735,303.0165,0.0001,0.0004,303.0165,,,,,,,,,,,,0.0,0.0,0.0,0.0,0
56.46,-0.1882,-0.2735,303.0165,0.0001,0.0004,303.0165,,,,,,,,,,,,0.0,0.0,0.0,0.0,0
56.48,-0.1882,-0.2735,303.0165,0.0001,0.0004,303.0165,,,,,,,,,,,,0.0,0.0,0.0,0.0,0
56.5,-0.1882,-0.2735,303.0165,0.0001,0.0004,303.0165,,,,,,,,,,,,0.0,0.0,0.0,0.0,0
56.52,-0.1882,-0.2735,303.0165,0.0001,0.0004,303.0165,,,,,,,,,,,,0.0,0.0,0.0,0.0,0
56.54,-0.1882,-0.2735,303.0165,0.0001,0.0004,303.0165,,,,,,,,,,,,0.0,0.0,0.0,0.0,0
56.56,-0.1882,-0.2735,303.0165,0.0001,0.0004,303.0165,,,,,,,,,,,,0.0,0.0,0.0,0.0,0
56.58,-0.1882,-0.2735,303.0165,0.0001,0.0004,303.0165,,,,,,,,,,,,0.0,0.0,0.0,0.0,0
56.6,-0.1882,-0.2735,303.0165,0.0001,0.0004,303.0165,,,,,,,,,,,,0.0,0.0,0.0,0.0,0
56.62,-0.1882,-0.2735,303.0165,0.0001,0.0004,303.0165,,,,,,,,,,,,0.0,0.0,0.0,0.0,0
56.64,-0.1882,-0.2735,303.0165,0.0001,0.0004,303.0165,,,,,,,,,,,,0.0,0.0,0.0,0.0,0
56.66,-0.1882,-0.2735,303.0165,0.0001,0.0004,303.0165,,,,,,,,,,,,0.0,0.0,0.0,0.0,0
56.68,-0.1882,-0.2735,303.0165,0.0001,0.0004,303.0165,,,,,,,,,,,,0.0,0.0,0.0,0.0,0
56.7,-0.1882,-0.2735,303.0165,0.0001,0.0004,303.0165,,,,,,,,,,,,0.0,0.0,0.0,0.0,0
56.72,-0.1882,-0.2735,303.0165,0.0001,0.0004,303.0165,,,,,,,,,,,,0.0,0.0,0.0,0.0,0
56.74,-0.1882,-0.2735,303.0165,0.0001,0.0004,303.0165,,,,,,,,,,,,0.0,0.0,0.0,0.0,0
56.76,-0.1882,-0.2735,303.0165,0.0001,0.0004,303.0165,,,,,,,,,,,,0.0,0.0,0.0,0.0,0
56.78,-0.1882,-0.2735,303.0165,0.0001,0.0004,303.0165,,,,,,,,,,,,0.0,0.0,0.0,0.0,0
56.8,-0.1882,-0.2735,303.0165,0.0001,0.0004,303.0165,,,,,,,,,,,,0.0,0.0,0.0,0.0,0
56.82,-0.1882,-0.2735,303.0165,0.0001,0.0004,303.0165,,,,,,,,,,,,0.0,0.0,0.0,0.0,0
56.84,-0.1882,-0.2735,303.0165,0.0001,0.0004,303.0165,,,,,,,,,,,,0.0,0.0,0.0,0.0,0
56.86,-0.1882,-0.2735,303.0165,0.0001,0.0004,303.0165,,,,,,,,,,,,0.0,0.0,0.0,0.0,0
56.88,-0.1882,-0.2735,303.0165,0.0001,0.0004,303.0165,,,,,,,,,,,,0.0,0.0,0.0,0.0,0
56.9,-0.1882,-0.2735,303.0165,0.0001,0.0004,303.0165,,,,,,,,,,,,0.0,0.0,0.0,0.0,0
56.92,-0.1882,-0.2735,303.0165,0.0001,0.0004,303.0165,,,,,,,,,,,,0.0,0.0,0.0,0.0,0
56.94,-0.1882,-0.2735,303.0165,0.0001,0.0004,303.0165,,,,,,,,,,,,0.0,0.0,0.0,0.0,0
56.96,-0.1882,-0.2735,303.0165,0.0001,0.0004,303.0165,,,,,,,,,,,,0.0,0.0,0.0,0.0,0
56.98,-0.1882,-0.2735,303.0165,0.0001,0.0004,303.0165,,,,,,,,,,,,0.0,0.0,0.0,0.0,0
57.0,-0.1882,-0.2735,303.0165,0.0001,0.0004,303.0165,,,,,,,,,,,,0.0,0.0,0.0,0.0,0
57.02,-0.1882,-0.2735,303.0165,0.0001,0.0004,303.0165,,,,,,,,,,,,0.0,0.0,0.0,0.0,0
57.04,-0.1882,-0.2735,303.0165,0.0001,0.0004,303.0165,,,,,,,,,,,,0.0,0.0,0.0,0.0,0
57.06,-0.1882,-0.2735,303.0165,0.0001,0.0004,303.0165,,,,,,,,,,,,0.0,0.0,0.0,0.0,0
57.08,-0.1882,-0.2735,303.0165,0.0001,0.0004,303.0165,,,,,,,,,,,,0.0,0.0,0.0,0.0,0
57.1,-0.1882,-0.2735,303.0165,0.0001,0.0004,303.0165,,,,,,,,,,,,0.0,0.0,0.0,0.0,0
57.12,-0.1882,-0.2735,303.0165,0.0001,0.0004,303.0165,,,,,,,,,,,,0.0,0.0,0.0,0.0,0
57.14,-0.1882,-0.2735,303.0165,0.0001,0.0004,303.0165,,,,,,,,,,,,0.0,0.0,0.0,0.0,0
57.16,-0.1882,-0.2735,303.0165,0.0001,0.0004,303.0165,,,,,,,,,,,,0.0,0.0,0.0,0.0,0
57.18,-0.1882,-0.2735,303.0165,0.0001,0.0004,303.0165,,,,,,,,,,,,0.0,0.0,0.0,0.0,0
57.2,-0.1882,-0.2735,303.0165,0.0001,0.0004,303.0165,,,,,,,,,,,,0.0,0.0,0.0,0.0,0
57.22,-0.1882,-0.2735,303.0165,0.0001,0.0004,303.0165,,,,,,,,,,,,0.0,0.0,0.0,0.0,0
57.24,-0.1882,-0.2735,303.0165,0.0001,0.0004,303.0165,,,,,,,,,,,,0.0,0.0,0.0,0.0,0
57.26,-0.1882,-0.2735,303.0165,0.0001,0.0004,303.0165,,,,,,,,,,,,0.0,0.0,0.0,0.0,0
57.28,-0.1882,-0.2735,303.0165,0.0001,0.0004,303.0165,,,,,,,,,,,,0.0,0.0,0.0,0.0,0
57.3,-0.1882,-0.2735,303.0165,0.0001,0.0004,303.0165,,,,,,,,,,,,0.0,0.0,0.0,0.0,0
57.32,-0.1882,-0.2735,303.0165,0.0001,0.0004,303.0165,,,,,,,,,,,,0.0,0.0,0.0,0.0,0
57.34,-0.1882,-0.2735,303.0165,0.0001,0.0004,303.0165,,,,,,,,,,,,0.0,0.0,0.0,0.0,0
57.36,-0.1882,-0.2735,303.0165,0.0001,0.0004,303.0165,,,,,,,,,,,,0.0,0.0,0.0,0.0,0
57.38,-0.1882,-0.2735,303.0165,0.0001,0.0004,303.0165,,,,,,,,,,,,0.0,0.0,0.0,0.0,0
57.4,-0.1882,-0.2735,303.0165,0.0001,0.0004,303.0165,,,,,,,,,,,,0.0,0.0,0.0,0.0,0
57.42,-0.1882,-0.2735,303.0165,0.0001,0.0004,303.0165,,,,,,,,,,,,0.0,0.0,0.0,0.0,0
57.44,-0.1882,-0.2735,303.0165,0.0001,0.0004,303.0165,,,,,,,,,,,,0.0,0.0,0.0,0.0,0
57.46,-0.1882,-0.2735,303.0165,0.0001,0.0004,303.0165,,,,,,,,,,,,0.0,0.0,0.0,0.0,0
57.48,-0.1882,-0.2735,303.0165,0.0001,0.0004,303.0165,,,,,,,,,,,,0.0,0.0,0.0,0.0,0
57.5,-0.1882,-0.2735,303.0165,0.0001,0.0004,303.0165,,,,,,,,,,,,0.0,0.0,0.0,0.0,0
57.52,-0.1882,-0.2735,303.0165,0.0001,0.0004,303.0165,,,,,,,,,,,,0.0,0.0,0.0,0.0,0
57.54,-0.1882,-0.2735,303.0165,0.0001,0.0004,303.0165,,,,,,,,,,,,0.0,0.0,0.0,0.0,0
57.56,-0.1882,-0.2735,303.0165,0.0001,0.0004,303.0165,,,,,,,,,,,,0.0,0.0,0.0,0.0,0
57.58,-0.1882,-0.2735,303.0165,0.0001,0.0004,303.0165,,,,,,,,,,,,0.0,0.0,0.0,0.0,0
57.6,-0.1882,-0.2735,303.0165,0.0001,0.0004,303.0165,,,,,,,,,,,,0.0,0.0,0.0,0.0,0
57.62,-0.1882,-0.2735,303.0165,0.0001,0.0004,303.0165,,,,,,,,,,,,0.0,0.0,0.0,0.0,0
57.64,-0.1882,-0.2735,303.0165,0.0001,0.0004,303.0165,,,,,,,,,,,,0.0,0.0,0.0,0.0,0
57.66,-0.1882,-0.2735,303.0165,0.0001,0.0004,303.0165,,,,,,,,,,,,0.0,0.0,0.0,0.0,0
57.68,-0.1882,-0.2735,303.0165,0.0001,0.0004,303.0165,,,,,,,,,,,,0.0,0.0,0.0,0.0,0
57.7,-0.1882,-0.2735,303.0165,0.0001,0.0004,303.0165,,,,,,,,,,,,0.0,0.0,0.0,0.0,0
57.72,-0.1882,-0.2735,303.0165,0.0001,0.0004,303.0165,,,,,,,,,,,,0.0,0.0,0.0,0.0,0
57.74,-0.1882,-0.2735,303.0165,0.0001,0.0004,303.0165,,,,,,,,,,,,0.0,0.0,0.0,0.0,0
57.76,-0.1882,-0.2735,303.0165,0.0001,0.0004,303.0165,,,,,,,,,,,,0.0,0.0,0.0,0.0,0
57.78,-0.1882,-0.2735,303.0165,0.0001,0.0004,303.0165,,,,,,,,,,,,0.0,0.0,0.0,0.0,0
57.8,-0.1882,-0.2735,303.0165,0.0001,0.0004,303.0165,,,,,,,,,,,,0.0,0.0,0.0,0.0,0
57.82,-0.1882,-0.2735,303.0165,0.0001,0.0004,303.0165,,,,,,,,,,,,0.0,0.0,0.0,0.0,0
57.84,-0.1882,-0.2735,303.0165,0.0001,0.0004,303.0165,,,,,,,,,,,,0.0,0.0,0.0,0.0,0
57.86,-0.1882,-0.2735,303.0165,0.0001,0.0004,303.0165,,,,,,,,,,,,0.0,0.0,0.0,0.0,0
57.88,-0.1882,-0.2735,303.0165,0.0001,0.0004,303.0165,,,,,,,,,,,,0.0,0.0,0.0,0.0,0
57.9,-0.1882,-0.2735,303.0165,0.0001,0.0004,303.0165,,,,,,,,,,,,0.0,0.0,0.0,0.0,0
57.92,-0.1882,-0.2735,303.0165,0.0001,0.0004,303.0165,,,,,,,,,,,,0.0,0.0,0.0,0.0,0
57.94,-0.1882,-0.2735,303.0165,0.0001,0.0004,303.0165,,,,,,,,,,,,0.0,0.0,0.0,0.0,0
57.96,-0.1882,-0.2735,303.0165,0.0001,0.0004,303.0165,,,,,,,,,,,,0.0,0.0,0.0,0.0,0
57.98,-0.1882,-0.2735,303.0165,0.0001,0.0004,303.0165,,,,,,,,,,,,0.0,0.0,0.0,0.0,0
58.0,-0.1882,-0.2735,303.0165,0.0001,0.0004,303.0165,,,,,,,,,,,,0.0,0.0,0.0,0.0,0
58.02,-0.1882,-0.2735,303.0165,0.0001,0.0004,303.0165,,,,,,,,,,,,0.0,0.0,0.0,0.0,0
58.04,-0.1882,-0.2735,303.0165,0.0001,0.0004,303.0165,,,,,,,,,,,,0.0,0.0,0.0,0.0,0
58.06,-0.1882,-0.2735,303.0165,0.0001,0.0004,303.0165,,,,,,,,,,,,0.0,0.0,0.0,0.0,0
58.08,-0.1882,-0.2735,303.0165,0.0001,0.0004,303.0165,,,,,,,,,,,,0.0,0.0,0.0,0.0,0
58.1,-0.1882,-0.2735,303.0165,0.0001,0.0004,303.0165,,,,,,,,,,,,0.0,0.0,0.0,0.0,0
58.12,-0.1882,-0.2735,303.0165,0.0001,0.0004,303.0165,,,,,,,,,,,,0.0,0.0,0.0,0.0,0
58.14,-0.1882,-0.2735,303.0165,0.0001,0.0004,303.0165,,,,,,,,,,,,0.0,0.0,0.0,0.0,0
58.16,-0.1882,-0.2735,303.0165,0.0001,0.0004,303.0165,,,,,,,,,,,,0.0,0.0,0.0,0.0,0
58.18,-0.1882,-0.2735,303.0165,0.0001,0.0004,303.0165,,,,,,,,,,,,0.0,0.0,0.0,0.0,0
58.2,-0.1882,-0.2735,303.0165,0.0001,0.0004,303.0165,,,,,,,,,,,,0.0,0.0,0.0,0.0,0
58.22,-0.1882,-0.2735,303.0165,0.0001,0.0004,303.0165,,,,,,,,,,,,0.0,0.0,0.0,0.0,0
58.24,-0.1882,-0.2735,303.0165,0.0001,0.0004,303.0165,,,,,,,,,,,,0.0,0.0,0.0,0.0,0
58.26,-0.1882,-0.2735,303.0165,0.0001,0.0004,303.0165,,,,,,,,,,,,0.0,0.0,0.0,0.0,0
58.28,-0.1882,-0.2735,303.0165,0.0001,0.0004,303.0165,,,,,,,,,,,,0.0,0.0,0.0,0.0,0
58.3,-0.1882,-0.2735,303.0165,0.0001,0.0004,303.0165,,,,,,,,,,,,0.0,0.0,0.0,0.0,0
58.32,-0.1882,-0.2735,303.0165,0.0001,0.0004,303.0165,,,,,,,,,,,,0.0,0.0,0.0,0.0,0
58.34,-0.1882,-0.2735,303.0165,0.0001,0.0004,303.0165,,,,,,,,,,,,0.0,0.0,0.0,0.0,0
58.36,-0.1882,-0.2735,303.0165,0.0001,0.0004,303.0165,,,,,,,,,,,,0.0,0.0,0.0,0.0,0
58.38,-0.1882,-0.2735,303.0165,0.0001,0.0004,303.0165,,,,,,,,,,,,0.0,0.0,0.0,0.0,0
58.4,-0.1882,-0.2735,303.0165,0.0001,0.0004,303.0165,,,,,,,,,,,,0.0,0.0,0.0,0.0,0
58.42,-0.1882,-0.2735,303.0165,0.0001,0.0004,303.0165,,,,,,,,,,,,0.0,0.0,0.0,0.0,0
58.44,-0.1882,-0.2735,303.0165,0.0001,0.0004,303.0165,,,,,,,,,,,,0.0,0.0,0.0,0.0,0
58.46,-0.1882,-0.2735,303.0165,0.0001,0.0004,303.0165,,,,,,,,,,,,0.0,0.0,0.0,0.0,0
58.48,-0.1882,-0.2735,303.0165,0.0001,0.0004,303.0165,,,,,,,,,,,,0.0,0.0,0.0,0.0,0
58.5,-0.1882,-0.2735,303.0165,0.0001,0.0004,303.0165,,,,,,,,,,,,0.0,0.0,0.0,0.0,0
58.52,-0.1882,-0.2735,303.0165,0.0001,0.0004,303.0165,,,,,,,,,,,,0.0,0.0,0.0,0.0,0
58.54,-0.1882,-0.2735,303.0165,0.0001,0.0004,303.0165,,,,,,,,,,,,0.0,0.0,0.0,0.0,0
58.56,-0.1882,-0.2735,303.0165,0.0001,0.0004,303.0165,,,,,,,,,,,,0.0,0.0,0.0,0.0,0
58.58,-0.1882,-0.2735,303.0165,0.0001,0.0004,303.0165,,,,,,,,,,,,0.0,0.0,0.0,0.0,0
58.6,-0.1882,-0.2735,303.0165,0.0001,0.0004,303.0165,,,,,,,,,,,,0.0,0.0,0.0,0.0,0
58.62,-0.1882,-0.2735,303.0165,0.0001,0.0004,303.0165,,,,,,,,,,,,0.0,0.0,0.0,0.0,0
58.64,-0.1882,-0.2735,303.0165,0.0001,0.0004,303.0165,,,,,,,,,,,,0.0,0.0,0.0,0.0,0
58.66,-0.1882,-0.2735,303.0165,0.0001,0.0004,303.0165,,,,,,,,,,,,0.0,0.0,0.0,0.0,0
58.68,-0.1882,-0.2735,303.0165,0.0001,0.0004,303.0165,,,,,,,,,,,,0.0,0.0,0.0,0.0,0
58.7,-0.1882,-0.2735,303.0165,0.0001,0.0004,303.0165,,,,,,,,,,,,0.0,0.0,0.0,0.0,0
58.72,-0.1882,-0.2735,303.0165,0.0001,0.0004,303.0165,,,,,,,,,,,,0.0,0.0,0.0,0.0,0
58.74,-0.1882,-0.2735,303.0165,0.0001,0.0004,303.0165,,,,,,,,,,,,0.0,0.0,0.0,0.0,0
58.76,-0.1882,-0.2735,303.0165,0.0001,0.0004,303.0165,,,,,,,,,,,,0.0,0.0,0.0,0.0,0
58.78,-0.1882,-0.2735,303.0165,0.0001,0.0004,303.0165,,,,,,,,,,,,0.0,0.0,0.0,0.0,0
58.8,-0.1882,-0.2735,303.0165,0.0001,0.0004,303.0165,,,,,,,,,,,,0.0,0.0,0.0,0.0,0
58.82,-0.1882,-0.2735,303.0165,0.0001,0.0004,303.0165,,,,,,,,,,,,0.0,0.0,0.0,0.0,0
58.84,-0.1882,-0.2735,303.0165,0.0001,0.0004,303.0165,,,,,,,,,,,,0.0,0.0,0.0,0.0,0
58.86,-0.1882,-0.2735,303.0165,0.0001,0.0004,303.0165,,,,,,,,,,,,0.0,0.0,0.0,0.0,0
58.88,-0.1882,-0.2735,303.0165,0.0001,0.0004,303.0165,,,,,,,,,,,,0.0,0.0,0.0,0.0,0
58.9,-0.1882,-0.2735,303.0165,0.0001,0.0004,303.0165,,,,,,,,,,,,0.0,0.0,0.0,0.0,0
58.92,-0.1882,-0.2735,303.0165,0.0001,0.0004,303.0165,,,,,,,,,,,,0.0,0.0,0.0,0.0,0
58.94,-0.1882,-0.2735,303.0165,0.0001,0.0004,303.0165,,,,,,,,,,,,0.0,0.0,0.0,0.0,0
58.96,-0.1882,-0.2735,303.0165,0.0001,0.0004,303.0165,,,,,,,,,,,,0.0,0.0,0.0,0.0,0
58.98,-0.1882,-0.2735,303.0165,0.0001,0.0004,303.0165,,,,,,,,,,,,0.0,0.0,0.0,0.0,0
59.0,-0.1882,-0.2735,303.0165,0.0001,0.0004,303.0165,,,,,,,,,,,,0.0,0.0,0.0,0.0,0
59.02,-0.1882,-0.2735,303.0165,0.0001,0.0004,303.0165,,,,,,,,,,,,0.0,0.0,0.0,0.0,0
59.04,-0.1882,-0.2735,303.0165,0.0001,0.0004,303.0165,,,,,,,,,,,,0.0,0.0,0.0,0.0,0
59.06,-0.1882,-0.2735,303.0165,0.0001,0.0004,303.0165,,,,,,,,,,,,0.0,0.0,0.0,0.0,0
59.08,-0.1882,-0.2735,303.0165,0.0001,0.0004,303.0165,,,,,,,,,,,,0.0,0.0,0.0,0.0,0
59.1,-0.1882,-0.2735,303.0165,0.0001,0.0004,303.0165,,,,,,,,,,,,0.0,0.0,0.0,0.0,0
59.12,-0.1882,-0.2735,303.0165,0.0001,0.0004,303.0165,,,,,,,,,,,,0.0,0.0,0.0,0.0,0
59.14,-0.1882,-0.2735,303.0165,0.0001,0.0004,303.0165,,,,,,,,,,,,0.0,0.0,0.0,0.0,0
59.16,-0.1882,-0.2735,303.0165,0.0001,0.0004,303.0165,,,,,,,,,,,,0.0,0.0,0.0,0.0,0
59.18,-0.1882,-0.2735,303.0165,0.0001,0.0004,303.0165,,,,,,,,,,,,0.0,0.0,0.0,0.0,0
59.2,-0.1882,-0.2735,303.0165,0.0001,0.0004,303.0165,,,,,,,,,,,,0.0,0.0,0.0,0.0,0
59.22,-0.1882,-0.2735,303.0165,0.0001,0.0004,303.0165,,,,,,,,,,,,0.0,0.0,0.0,0.0,0
59.24,-0.1882,-0.2735,303.0165,0.0001,0.0004,303.0165,,,,,,,,,,,,0.0,0.0,0.0,0.0,0
59.26,-0.1882,-0.2735,303.0165,0.0001,0.0004,303.0165,,,,,,,,,,,,0.0,0.0,0.0,0.0,0
59.28,-0.1882,-0.2735,303.0165,0.0001,0.0004,303.0165,,,,,,,,,,,,0.0,0.0,0.0,0.0,0
59.3,-0.1882,-0.2735,303.0165,0.0001,0.0004,303.0165,,,,,,,,,,,,0.0,0.0,0.0,0.0,0
59.32,-0.1882,-0.2735,303.0165,0.0001,0.0004,303.0165,,,,,,,,,,,,0.0,0.0,0.0,0.0,0
59.34,-0.1882,-0.2735,303.0165,0.0001,0.0004,303.0165,,,,,,,,,,,,0.0,0.0,0.0,0.0,0
59.36,-0.1882,-0.2735,303.0165,0.0001,0.0004,303.0165,,,,,,,,,,,,0.0,0.0,0.0,0.0,0
59.38,-0.1882,-0.2735,303.0165,0.0001,0.0004,303.0165,,,,,,,,,,,,0.0,0.0,0.0,0.0,0
59.4,-0.1882,-0.2735,303.0165,0.0001,0.0004,303.0165,,,,,,,,,,,,0.0,0.0,0.0,0.0,0
59.42,-0.1882,-0.2735,303.0165,0.0001,0.0004,303.0165,,,,,,,,,,,,0.0,0.0,0.0,0.0,0
59.44,-0.1882,-0.2735,303.0165,0.0001,0.0004,303.0165,,,,,,,,,,,,0.0,0.0,0.0,0.0,0
59.46,-0.1882,-0.2735,303.0165,0.0001,0.0004,303.0165,,,,,,,,,,,,0.0,0.0,0.0,0.0,0
59.48,-0.1882,-0.2735,303.0165,0.0001,0.0004,303.0165,,,,,,,,,,,,0.0,0.0,0.0,0.0,0
59.5,-0.1882,-0.2735,303.0165,0.0001,0.0004,303.0165,,,,,,,,,,,,0.0,0.0,0.0,0.0,0
59.52,-0.1882,-0.2735,303.0165,0.0001,0.0004,303.0165,,,,,,,,,,,,0.0,0.0,0.0,0.0,0
59.54,-0.1882,-0.2735,303.0165,0.0001,0.0004,303.0165,,,,,,,,,,,,0.0,0.0,0.0,0.0,0
59.56,-0.1882,-0.2735,303.0165,0.0001,0.0004,303.0165,,,,,,,,,,,,0.0,0.0,0.0,0.0,0
59.58,-0.1882,-0.2735,303.0165,0.0001,0.0004,303.0165,,,,,,,,,,,,0.0,0.0,0.0,0.0,0
59.6,-0.1882,-0.2735,303.0165,0.0001,0.0004,303.0165,,,,,,,,,,,,0.0,0.0,0.0,0.0,0
59.62,-0.1882,-0.2735,303.0165,0.0001,0.0004,303.0165,,,,,,,,,,,,0.0,0.0,0.0,0.0,0
59.64,-0.1882,-0.2735,303.0165,0.0001,0.0004,303.0165,,,,,,,,,,,,0.0,0.0,0.0,0.0,0
59.66,-0.1882,-0.2735,303.0165,0.0001,0.0004,303.0165,,,,,,,,,,,,0.0,0.0,0.0,0.0,0
59.68,-0.1882,-0.2735,303.0165,0.0001,0.0004,303.0165,,,,,,,,,,,,0.0,0.0,0.0,0.0,0
59.7,-0.1882,-0.2735,303.0165,0.0001,0.0004,303.0165,,,,,,,,,,,,0.0,0.0,0.0,0.0,0
59.72,-0.1882,-0.2735,303.0165,0.0001,0.0004,303.0165,,,,,,,,,,,,0.0,0.0,0.0,0.0,0
59.74,-0.1882,-0.2735,303.0165,0.0001,0.0004,303.0165,,,,,,,,,,,,0.0,0.0,0.0,0.0,0
59.76,-0.1882,-0.2735,303.0165,0.0001,0.0004,303.0165,,,,,,,,,,,,0.0,0.0,0.0,0.0,0
59.78,-0.1882,-0.2735,303.0165,0.0001,0.0004,303.0165,,,,,,,,,,,,0.0,0.0,0.0,0.0,0
59.8,-0.1882,-0.2735,303.0165,0.0001,0.0004,303.0165,,,,,,,,,,,,0.0,0.0,0.0,0.0,0
59.82,-0.1882,-0.2735,303.0165,0.0001,0.0004,303.0165,,,,,,,,,,,,0.0,0.0,0.0,0.0,0
59.84,-0.1882,-0.2735,303.0165,0.0001,0.0004,303.0165,,,,,,,,,,,,0.0,0.0,0.0,0.0,0
59.86,-0.1882,-0.2735,303.0165,0.0001,0.0004,303.0165,,,,,,,,,,,,0.0,0.0,0.0,0.0,0
59.88,-0.1882,-0.2735,303.0165,0.0001,0.0004,303.0165,,,,,,,,,,,,0.0,0.0,0.0,0.0,0
59.9,-0.1882,-0.2735,303.0165,0.0001,0.0004,303.0165,,,,,,,,,,,,0.0,0.0,0.0,0.0,0
59.92,-0.1882,-0.2735,303.0165,0.0001,0.0004,303.0165,,,,,,,,,,,,0.0,0.0,0.0,0.0,0
59.94,-0.1882,-0.2735,303.0165,0.0001,0.0004,303.0165,,,,,,,,,,,,0.0,0.0,0.0,0.0,0
59.96,-0.1882,-0.2735,303.0165,0.0001,0.0004,303.0165,,,,,,,,,,,,0.0,0.0,0.0,0.0,0
59.98,-0.1882,-0.2735,303.0165,0.0001,0.0004,303.0165,,,,,,,,,,,,0.0,0.0,0.0,0.0,0
60.0,-0.1882,-0.2735,303.0165,0.0001,0.0004,303.0165,,,,,,,,,,,,0.0,0.0,0.0,0.0,0
60.02,-0.1882,-0.2735,303.0165,0.0001,0.0004,303.0165,,,,,,,,,,,,0.0,0.0,0.0,0.0,0
60.04,-0.1882,-0.2735,303.0165,0.0001,0.0004,303.0165,,,,,,,,,,,,0.0,0.0,0.0,0.0,0
60.06,-0.1882,-0.2735,303.0165,0.0001,0.0004,303.0165,,,,,,,,,,,,0.0,0.0,0.0,0.0,0
60.08,-0.1882,-0.2735,303.0165,0.0001,0.0004,303.0165,,,,,,,,,,,,0.0,0.0,0.0,0.0,0
60.1,-0.1882,-0.2735,303.0165,0.0001,0.0004,303.0165,,,,,,,,,,,,0.0,0.0,0.0,0.0,0
60.12,-0.1882,-0.2735,303.0165,0.0001,0.0004,303.0165,,,,,,,,,,,,0.0,0.0,0.0,0.0,0
60.14,-0.1882,-0.2735,303.0165,0.0001,0.0004,303.0165,,,,,,,,,,,,0.0,0.0,0.0,0.0,0
60.16,-0.1882,-0.2735,303.0165,0.0001,0.0004,303.0165,,,,,,,,,,,,0.0,0.0,0.0,0.0,0
60.18,-0.1882,-0.2735,303.0165,0.0001,0.0004,303.0165,,,,,,,,,,,,0.0,0.0,0.0,0.0,0
60.2,-0.1882,-0.2735,303.0165,0.0001,0.0004,303.0165,,,,,,,,,,,,0.0,0.0,0.0,0.0,0
60.22,-0.1882,-0.2735,303.0165,0.0001,0.0004,303.0165,,,,,,,,,,,,0.0,0.0,0.0,0.0,0
60.24,-0.1882,-0.2735,303.0165,0.0001,0.0004,303.0165,,,,,,,,,,,,0.0,0.0,0.0,0.0,0
60.26,-0.1882,-0.2735,303.0165,0.0001,0.0004,303.0165,,,,,,,,,,,,0.0,0.0,0.0,0.0,0
60.28,-0.1882,-0.2735,303.0165,0.0001,0.0004,303.0165,,,,,,,,,,,,0.0,0.0,0.0,0.0,0
60.3,-0.1882,-0.2735,303.0165,0.0001,0.0004,303.0165,,,,,,,,,,,,0.0,0.0,0.0,0.0,0
60.32,-0.1882,-0.2735,303.0165,0.0001,0.0004,303.0165,,,,,,,,,,,,0.0,0.0,0.0,0.0,0
60.34,-0.1882,-0.2735,303.0165,0.0001,0.0004,303.0165,,,,,,,,,,,,0.0,0.0,0.0,0.0,0
60.36,-0.1882,-0.2735,303.0165,0.0001,0.0004,303.0165,,,,,,,,,,,,0.0,0.0,0.0,0.0,0
60.38,-0.1882,-0.2735,303.0165,0.0001,0.0004,303.0165,,,,,,,,,,,,0.0,0.0,0.0,0.0,0
60.4,-0.1882,-0.2735,303.0165,0.0001,0.0004,303.0165,,,,,,,,,,,,0.0,0.0,0.0,0.0,0
60.42,-0.1882,-0.2735,303.0165,0.0001,0.0004,303.0165,,,,,,,,,,,,0.0,0.0,0.0,0.0,0
60.44,-0.1882,-0.2735,303.0165,0.0001,0.0004,303.0165,,,,,,,,,,,,0.0,0.0,0.0,0.0,0
60.46,-0.1882,-0.2735,303.0165,0.0001,0.0004,303.0165,,,,,,,,,,,,0.0,0.0,0.0,0.0,0
60.48,-0.1882,-0.2735,303.0165,0.0001,0.0004,303.0165,,,,,,,,,,,,0.0,0.0,0.0,0.0,0
60.5,-0.1882,-0.2735,303.0165,0.0001,0.0004,303.0165,,,,,,,,,,,,0.0,0.0,0.0,0.0,0
60.52,-0.1882,-0.2735,303.0165,0.0001,0.0004,303.0165,,,,,,,,,,,,0.0,0.0,0.0,0.0,0
60.54,-0.1882,-0.2735,303.0165,0.0001,0.0004,303.0165,,,,,,,,,,,,0.0,0.0,0.0,0.0,0
60.56,-0.1882,-0.2735,303.0165,0.0001,0.0004,303.0165,,,,,,,,,,,,0.0,0.0,0.0,0.0,0
60.58,-0.1882,-0.2735,303.0165,0.0001,0.0004,303.0165,,,,,,,,,,,,0.0,0.0,0.0,0.0,0
60.6,-0.1882,-0.2735,303.0165,0.0001,0.0004,303.0165,,,,,,,,,,,,0.0,0.0,0.0,0.0,0
60.62,-0.1882,-0.2735,303.0165,0.0001,0.0004,303.0165,,,,,,,,,,,,0.0,0.0,0.0,0.0,0
60.64,-0.1882,-0.2735,303.0165,0.0001,0.0004,303.0165,,,,,,,,,,,,0.0,0.0,0.0,0.0,0
60.66,-0.1882,-0.2735,303.0165,0.0001,0.0004,303.0165,,,,,,,,,,,,0.0,0.0,0.0,0.0,0
60.68,-0.1882,-0.2735,303.0165,0.0001,0.0004,303.0165,,,,,,,,,,,,0.0,0.0,0.0,0.0,0
60.7,-0.1882,-0.2735,303.0165,0.0001,0.0004,303.0165,,,,,,,,,,,,0.0,0.0,0.0,0.0,0
60.72,-0.1562,-0.3031,302.8148,0.0001,0.0004,302.8148,,,,,,,,,,,,0.0,0.0,0.0,0.0,0
60.74,-0.1562,-0.3031,302.8148,0.0001,0.0004,302.8148,,,,,,,,,,,,0.0,0.0,0.0,0.0,0
60.76,-0.1562,-0.3031,302.8148,0.0001,0.0004,302.8148,,,,,,,,,,,,0.0,0.0,0.0,0.0,0
60.78,-0.1562,-0.3031,302.8148,0.0001,0.0004,302.8148,,,,,,,,,,,,0.0,0.0,0.0,0.0,0
60.8,-0.1594,-0.3016,302.8092,0.0001,0.0004,302.8092,,,,,,,,,,,,0.0,0.0,0.0,0.0,0
60.82,-0.1594,-0.3016,302.8092,0.0001,0.0004,302.8092,,,,,,,,,,,,0.0,0.0,0.0,0.0,0
60.84,-0.1594,-0.3016,302.8092,0.0001,0.0004,302.8092,,,,,,,,,,,,0.0,0.0,0.0,0.0,0
60.86,-0.1594,-0.3016,302.8092,0.0001,0.0004,302.8092,,,,,,,,,,,,0.0,0.0,0.0,0.0,0
60.88,-0.1594,-0.3016,302.8092,0.0001,0.0004,302.8092,,,,,,,,,,,,0.0,0.0,0.0,0.0,0
60.9,-0.1598,-0.3043,302.8051,0.0001,0.0004,302.8051,,,,,,,,,,,,0.0,0.0,0.0,0.0,0
60.92,-0.1598,-0.3043,302.8051,0.0001,0.0004,302.8051,,,,,,,,,,,,0.0,0.0,0.0,0.0,0
60.94,-0.1598,-0.3043,302.8051,0.0001,0.0004,302.8051,,,,,,,,,,,,0.0,0.0,0.0,0.0,0
60.96,-0.1598,-0.3043,302.8051,0.0001,0.0004,302.8051,,,,,,,,,,,,0.0,0.0,0.0,0.0,0
60.98,-0.1598,-0.3043,302.8051,0.0001,0.0004,302.8051,,,,,,,,,,,,0.0,0.0,0.0,0.0,0
61.0,-0.1615,-0.3043,302.7993,0.0001,0.0004,302.7993,,,,,,,,,,,,0.0,0.0,0.0,0.0,0
61.02,-0.1615,-0.3043,302.7993,0.0001,0.0004,302.7993,,,,,,,,,,,,0.0,0.0,0.0,0.0,0
61.04,-0.1615,-0.3043,302.7993,0.0001,0.0004,302.7993,,,,,,,,,,,,0.0,0.0,0.0,0.0,0
61.06,-0.1615,-0.3043,302.7993,0.0001,0.0004,302.7993,,,,,,,,,,,,0.0,0.0,0.0,0.0,0
61.08,-0.1615,-0.3043,302.7993,0.0001,0.0004,302.7993,,,,,,,,,,,,0.0,0.0,0.0,0.0,0
61.1,-0.1622,-0.3015,302.797,0.0001,0.0004,302.7971,,,,,,,,,,,,0.0,0.0,0.0,0.0,0
61.12,-0.1622,-0.3015,302.797,0.0001,0.0004,302.7971,,,,,,,,,,,,0.0,0.0,0.0,0.0,0
61.14,-0.1622,-0.3015,302.797,0.0001,0.0004,302.7971,,,,,,,,,,,,0.0,0.0,0.0,0.0,0
61.16,-0.1622,-0.3015,302.797,0.0001,0.0004,302.7971,,,,,,,,,,,,0.0,0.0,0.0,0.0,0
61.18,-0.1622,-0.3015,302.797,0.0001,0.0004,302.7971,,,,,,,,,,,,0.0,0.0,0.0,0.0,0
61.2,-0.1643,-0.3052,302.7921,0.0001,0.0004,302.7921,,,,,,,,,,,,0.0,0.0,0.0,0.0,0
61.22,-0.1643,-0.3052,302.7921,0.0001,0.0004,302.7921,,,,,,,,,,,,0.0,0.0,0.0,0.0,0
61.24,-0.1643,-0.3052,302.7921,0.0001,0.0004,302.7921,,,,,,,,,,,,0.0,0.0,0.0,0.0,0
61.26,-0.1643,-0.3052,302.7921,0.0001,0.0004,302.7921,,,,,,,,,,,,0.0,0.0,0.0,0.0,0
61.28,-0.1643,-0.3052,302.7921,0.0001,0.0004,302.7921,,,,,,,,,,,,0.0,0.0,0.0,0.0,0
61.3,-0.1625,-0.3074,302.794,0.0001,0.0004,302.794,,,,,,,,,,,,0.0,0.0,0.0,0.0,0
61.32,-0.1625,-0.3074,302.794,0.0001,0.0004,302.794,,,,,,,,,,,,0.0,0.0,0.0,0.0,0
61.34,-0.1625,-0.3074,302.794,0.0001,0.0004,302.794,,,,,,,,,,,,0.0,0.0,0.0,0.0,0
61.36,-0.1625,-0.3074,302.794,0.0001,0.0004,302.794,,,,,,,,,,,,0.0,0.0,0.0,0.0,0
61.38,-0.1625,-0.3074,302.794,0.0001,0.0004,302.794,,,,,,,,,,,,0.0,0.0,0.0,0.0,0
61.4,-0.1573,-0.3054,302.788,0.0001,0.0004,302.788,,,,,,,,,,,,0.0,0.0,0.0,0.0,0
61.42,-0.1573,-0.3054,302.788,0.0001,0.0004,302.788,,,,,,,,,,,,0.0,0.0,0.0,0.0,0
61.44,-0.1573,-0.3054,302.788,0.0001,0.0004,302.788,,,,,,,,,,,,0.0,0.0,0.0,0.0,0
61.46,-0.1573,-0.3054,302.788,0.0001,0.0004,302.788,,,,,,,,,,,,0.0,0.0,0.0,0.0,0
61.48,-0.1573,-0.3054,302.788,0.0001,0.0004,302.788,,,,,,,,,,,,0.0,0.0,0.0,0.0,0
61.5,-0.1559,-0.3051,302.7874,0.0001,0.0004,302.7874,,,,,,,,,,,,0.0,0.0,0.0,0.0,0
61.52,-0.1559,-0.3051,302.7874,0.0001,0.0004,302.7874,,,,,,,,,,,,0.0,0.0,0.0,0.0,0
61.54,-0.1559,-0.3051,302.7874,0.0001,0.0004,302.7874,,,,,,,,,,,,0.0,0.0,0.0,0.0,0
61.56,-0.1559,-0.3051,302.7874,0.0001,0.0004,302.7874,,,,,,,,,,,,0.0,0.0,0.0,0.0,0
61.58,-0.1559,-0.3051,302.7874,0.0001,0.0004,302.7874,,,,,,,,,,,,0.0,0.0,0.0,0.0,0
61.6,-0.1546,-0.3108,302.7837,0.0001,0.0004,302.7837,,,,,,,,,,,,0.0,0.0,0.0,0.0,0
61.62,-0.1546,-0.3108,302.7837,0.0001,0.0004,302.7837,,,,,,,,,,,,0.0,0.0,0.0,0.0,0
61.64,-0.1546,-0.3108,302.7837,0.0001,0.0004,302.7837,,,,,,,,,,,,0.0,0.0,0.0,0.0,0
61.66,-0.1546,-0.3108,302.7837,0.0001,0.0004,302.7837,,,,,,,,,,,,0.0,0.0,0.0,0.0,0
61.68,-0.1546,-0.3108,302.7837,0.0001,0.0004,302.7837,,,,,,,,,,,,0.0,0.0,0.0,0.0,0
61.7,-0.1525,-0.3138,302.7857,0.0001,0.0004,302.7857,,,,,,,,,,,,0.0,0.0,0.0,0.0,0
61.72,-0.1525,-0.3138,302.7857,0.0001,0.0004,302.7857,,,,,,,,,,,,0.0,0.0,0.0,0.0,0
61.74,-0.1525,-0.3138,302.7857,0.0001,0.0004,302.7857,,,,,,,,,,,,0.0,0.0,0.0,0.0,0
61.76,-0.1525,-0.3138,302.7857,0.0001,0.0004,302.7857,,,,,,,,,,,,0.0,0.0,0.0,0.0,0
61.78,-0.1525,-0.3138,302.7857,0.0001,0.0004,302.7857,,,,,,,,,,,,0.0,0.0,0.0,0.0,0
61.8,-0.1535,-0.3159,302.7787,0.0001,0.0004,302.7787,,,,,,,,,,,,0.0,0.0,0.0,0.0,0
61.82,-0.1535,-0.3159,302.7787,0.0001,0.0004,302.7787,,,,,,,,,,,,0.0,0.0,0.0,0.0,0
61.84,-0.1535,-0.3159,302.7787,0.0001,0.0004,302.7787,,,,,,,,,,,,0.0,0.0,0.0,0.0,0
61.86,-0.1535,-0.3159,302.7787,0.0001,0.0004,302.7787,,,,,,,,,,,,0.0,0.0,0.0,0.0,0
61.88,-0.1535,-0.3159,302.7787,0.0001,0.0004,302.7787,,,,,,,,,,,,0.0,0.0,0.0,0.0,0
61.9,-0.1511,-0.3116,302.7763,0.0001,0.0004,302.7763,,,,,,,,,,,,0.0,0.0,0.0,0.0,0
61.92,-0.1511,-0.3116,302.7763,0.0001,0.0004,302.7763,,,,,,,,,,,,0.0,0.0,0.0,0.0,0
61.94,-0.1511,-0.3116,302.7763,0.0001,0.0004,302.7763,,,,,,,,,,,,0.0,0.0,0.0,0.0,0
61.96,-0.1511,-0.3116,302.7763,0.0001,0.0004,302.7763,,,,,,,,,,,,0.0,0.0,0.0,0.0,0
61.98,-0.1511,-0.3116,302.7763,0.0001,0.0004,302.7763,,,,,,,,,,,,0.0,0.0,0.0,0.0,0
62.0,-0.1503,-0.3149,302.7712,0.0001,0.0004,302.7712,,,,,,,,,,,,0.0,0.0,0.0,0.0,0
62.02,-0.1503,-0.3149,302.7712,0.0001,0.0004,302.7712,,,,,,,,,,,,0.0,0.0,0.0,0.0,0
62.04,-0.1503,-0.3149,302.7712,0.0001,0.0004,302.7712,,,,,,,,,,,,0.0,0.0,0.0,0.0,0
62.06,-0.1503,-0.3149,302.7712,0.0001,0.0004,302.7712,,,,,,,,,,,,0.0,0.0,0.0,0.0,0
62.08,-0.1503,-0.3149,302.7712,0.0001,0.0004,302.7712,,,,,,,,,,,,0.0,0.0,0.0,0.0,0
62.1,-0.149,-0.3185,302.7664,0.0001,0.0004,302.7664,,,,,,,,,,,,0.0,0.0,0.0,0.0,0
62.12,-0.149,-0.3185,302.7664,0.0001,0.0004,302.7664,,,,,,,,,,,,0.0,0.0,0.0,0.0,0
62.14,-0.149,-0.3185,302.7664,0.0001,0.0004,302.7664,,,,,,,,,,,,0.0,0.0,0.0,0.0,0
62.16,-0.149,-0.3185,302.7664,0.0001,0.0004,302.7664,,,,,,,,,,,,0.0,0.0,0.0,0.0,0
62.18,-0.149,-0.3185,302.7664,0.0001,0.0004,302.7664,,,,,,,,,,,,0.0,0.0,0.0,0.0,0
62.2,-0.1471,-0.3243,302.7602,0.0001,0.0004,302.7602,,,,,,,,,,,,0.0,0.0,0.0,0.0,0
62.22,-0.1471,-0.3243,302.7602,0.0001,0.0004,302.7602,,,,,,,,,,,,0.0,0.0,0.0,0.0,0
62.24,-0.1471,-0.3243,302.7602,0.0001,0.0004,302.7602,,,,,,,,,,,,0.0,0.0,0.0,0.0,0
62.26,-0.1471,-0.3243,302.7602,0.0001,0.0004,302.7602,,,,,,,,,,,,0.0,0.0,0.0,0.0,0
62.28,-0.1471,-0.3243,302.7602,0.0001,0.0004,302.7602,,,,,,,,,,,,0.0,0.0,0.0,0.0,0
62.3,-0.1439,-0.3263,302.7562,0.0001,0.0004,302.7562,,,,,,,,,,,,0.0,0.0,0.0,0.0,0
62.32,-0.1439,-0.3263,302.7562,0.0001,0.0004,302.7562,,,,,,,,,,,,0.0,0.0,0.0,0.0,0
62.34,-0.1439,-0.3263,302.7562,0.0001,0.0004,302.7562,,,,,,,,,,,,0.0,0.0,0.0,0.0,0
62.36,-0.1439,-0.3263,302.7562,0.0001,0.0004,302.7562,,,,,,,,,,,,0.0,0.0,0.0,0.0,0
62.38,-0.1439,-0.3263,302.7562,0.0001,0.0004,302.7562,,,,,,,,,,,,0.0,0.0,0.0,0.0,0
62.4,-0.1429,-0.3278,302.7511,0.0001,0.0004,302.7511,,,,,,,,,,,,0.0,0.0,0.0,0.0,0
62.42,-0.1429,-0.3278,302.7511,0.0001,0.0004,302.7511,,,,,,,,,,,,0.0,0.0,0.0,0.0,0
62.44,-0.1429,-0.3278,302.7511,0.0001,0.0004,302.7511,,,,,,,,,,,,0.0,0.0,0.0,0.0,0
62.46,-0.1429,-0.3278,302.7511,0.0001,0.0004,302.7511,,,,,,,,,,,,0.0,0.0,0.0,0.0,0
62.48,-0.1429,-0.3278,302.7511,0.0001,0.0004,302.7511,,,,,,,,,,,,0.0,0.0,0.0,0.0,0
62.5,-0.1465,-0.3209,302.7528,0.0001,0.0004,302.7527,,,,,,,,,,,,0.0,0.0,0.0,0.0,0
62.52,-0.1465,-0.3209,302.7528,0.0001,0.0004,302.7527,,,,,,,,,,,,0.0,0.0,0.0,0.0,0
62.54,-0.1465,-0.3209,302.7528,0.0001,0.0004,302.7527,,,,,,,,,,,,0.0,0.0,0.0,0.0,0
62.56,-0.1465,-0.3209,302.7528,0.0001,0.0004,302.7527,,,,,,,,,,,,0.0,0.0,0.0,0.0,0
62.58,-0.1465,-0.3209,302.7528,0.0001,0.0004,302.7527,,,,,,,,,,,,0.0,0.0,0.0,0.0,0
62.6,-0.1423,-0.3151,302.7469,0.0001,0.0004,302.7469,,,,,,,,,,,,0.0,0.0,0.0,0.0,0
62.62,-0.1423,-0.3151,302.7469,0.0001,0.0004,302.7469,,,,,,,,,,,,0.0,0.0,0.0,0.0,0
62.64,-0.1423,-0.3151,302.7469,0.0001,0.0004,302.7469,,,,,,,,,,,,0.0,0.0,0.0,0.0,0
62.66,-0.1423,-0.3151,302.7469,0.0001,0.0004,302.7469,,,,,,,,,,,,0.0,0.0,0.0,0.0,0
62.68,-0.1423,-0.3151,302.7469,0.0001,0.0004,302.7469,,,,,,,,,,,,0.0,0.0,0.0,0.0,0
62.7,-0.1391,-0.317,302.7439,0.0001,0.0004,302.7439,,,,,,,,,,,,0.0,0.0,0.0,0.0,0
62.72,-0.1391,-0.317,302.7439,0.0001,0.0004,302.7439,,,,,,,,,,,,0.0,0.0,0.0,0.0,0
62.74,-0.1391,-0.317,302.7439,0.0001,0.0004,302.7439,,,,,,,,,,,,0.0,0.0,0.0,0.0,0
62.76,-0.1391,-0.317,302.7439,0.0001,0.0004,302.7439,,,,,,,,,,,,0.0,0.0,0.0,0.0,0
62.78,-0.1391,-0.317,302.7439,0.0001,0.0004,302.7439,,,,,,,,,,,,0.0,0.0,0.0,0.0,0
62.8,-0.1424,-0.3249,302.7393,0.0001,0.0004,302.7393,,,,,,,,,,,,0.0,0.0,0.0,0.0,0
62.82,-0.1424,-0.3249,302.7393,0.0001,0.0004,302.7393,,,,,,,,,,,,0.029,0.029,0.029,0.029,0
62.84,-0.1424,-0.3249,302.7393,0.0001,0.0004,302.7393,,,,,,,,,,,,0.029,0.029,0.029,0.029,0
62.86,-0.1424,-0.3249,302.7393,0.0001,0.0004,302.7393,,,,,,,,,,,,0.029,0.029,0.029,0.029,0
62.88,-0.1424,-0.3249,302.7393,0.0001,0.0004,302.7393,,,,,,,,,,,,0.029,0.029,0.029,0.029,0
62.9,-0.1396,-0.3325,302.737,0.0001,0.0004,302.737,,,,,,,,,,,,0.029,0.029,0.029,0.029,0
62.92,-0.1396,-0.3325,302.737,0.0001,0.0004,302.737,,,,,,,,,,,,0.059,0.059,0.059,0.059,0
62.94,-0.1396,-0.3325,302.737,0.0001,0.0004,302.737,,,,,,,,,,,,0.059,0.059,0.059,0.059,0
62.96,-0.1396,-0.3325,302.737,0.0001,0.0004,302.737,,,,,,,,,,,,0.059,0.059,0.059,0.059,0
62.98,-0.1396,-0.3325,302.737,0.0001,0.0004,302.737,,,,,,,,,,,,0.059,0.059,0.059,0.059,0
63.0,-0.1369,-0.3353,302.7353,0.0001,0.0004,302.7353,,,,,,,,,,,,0.059,0.059,0.059,0.059,0
63.02,-0.1369,-0.3353,302.7353,0.0001,0.0004,302.7353,,,,,,,,,,,,0.089,0.089,0.089,0.089,0
63.04,-0.1369,-0.3353,302.7353,0.0001,0.0004,302.7353,,,,,,,,,,,,0.089,0.089,0.089,0.089,0
63.06,-0.1369,-0.3353,302.7353,0.0001,0.0004,302.7353,,,,,,,,,,,,0.089,0.089,0.089,0.089,0
63.08,-0.1369,-0.3353,302.7353,0.0001,0.0004,302.7353,,,,,,,,,,,,0.089,0.089,0.089,0.089,0
63.1,-0.1356,-0.33,302.729,0.0001,0.0004,302.729,,,,,,,,,,,,0.089,0.089,0.089,0.089,0
63.12,-0.1356,-0.33,302.729,0.0001,0.0004,302.729,,,,,,,,,,,,0.1,0.1,0.1,0.1,0
63.14,-0.1356,-0.33,302.729,0.0001,0.0004,302.729,,,,,,,,,,,,0.1,0.1,0.1,0.1,0
63.16,-0.1356,-0.33,302.729,0.0001,0.0004,302.729,,,,,,,,,,,,0.1,0.1,0.1,0.1,0
63.18,-0.1356,-0.33,302.729,0.0001,0.0004,302.729,,,,,,,,,,,,0.1,0.1,0.1,0.1,0
63.2,-0.1377,-0.3327,302.7304,0.0001,0.0004,302.7304,,,,,,,,,,,,0.1,0.1,0.1,0.1,0
63.22,-0.1377,-0.3327,302.7304,0.0001,0.0004,302.7304,,,,,,,,,,,,0.0,0.0,0.0,0.0,0
63.24,-0.1377,-0.3327,302.7304,0.0001,0.0004,302.7304,,,,,,,,,,,,0.0,0.0,0.0,0.0,0
63.26,-0.1377,-0.3327,302.7304,0.0001,0.0004,302.7304,,,,,,,,,,,,0.0,0.0,0.0,0.0,0
63.28,-0.1377,-0.3327,302.7304,0.0001,0.0004,302.7304,,,,,,,,,,,,0.0,0.0,0.0,0.0,0
63.3,-0.1444,-0.3327,302.7227,0.0001,0.0004,302.7227,,,,,,,,,,,,0.0,0.0,0.0,0.0,0
63.32,-0.1444,-0.3327,302.7227,0.0001,0.0004,302.7227,,,,,,,,,,,,0.0,0.0,0.0,0.0,0
63.34,-0.1444,-0.3327,302.7227,0.0001,0.0004,302.7227,,,,,,,,,,,,0.0,0.0,0.0,0.0,0
63.36,-0.1444,-0.3327,302.7227,0.0001,0.0004,302.7227,,,,,,,,,,,,0.0,0.0,0.0,0.0,0
63.38,-0.1444,-0.3327,302.7227,0.0001,0.0004,302.7227,,,,,,,,,,,,0.0,0.0,0.0,0.0,0
63.4,-0.1463,-0.3294,302.7208,0.0001,0.0004,302.7208,,,,,,,,,,,,0.0,0.0,0.0,0.0,0
63.42,-0.1463,-0.3294,302.7208,0.0001,0.0004,302.7208,,,,,,,,,,,,0.0,0.0,0.0,0.0,0
63.44,-0.1463,-0.3294,302.7208,0.0001,0.0004,302.7208,,,,,,,,,,,,0.0,0.0,0.0,0.0,0
63.46,-0.1463,-0.3294,302.7208,0.0001,0.0004,302.7208,,,,,,,,,,,,0.0,0.0,0.0,0.0,0
63.48,-0.1463,-0.3294,302.7208,0.0001,0.0004,302.7208,,,,,,,,,,,,0.0,0.0,0.0,0.0,0
63.5,-0.1462,-0.3321,302.7144,0.0001,0.0004,302.7144,,,,,,,,,,,,0.0,0.0,0.0,0.0,0
63.52,-0.1462,-0.3321,302.7144,0.0001,0.0004,302.7144,,,,,,,,,,,,0.0,0.0,0.0,0.0,0
63.54,-0.1462,-0.3321,302.7144,0.0001,0.0004,302.7144,,,,,,,,,,,,0.0,0.0,0.0,0.0,0
63.56,-0.1462,-0.3321,302.7144,0.0001,0.0004,302.7144,,,,,,,,,,,,0.0,0.0,0.0,0.0,0
63.58,-0.1462,-0.3321,302.7144,0.0001,0.0004,302.7144,,,,,,,,,,,,0.0,0.0,0.0,0.0,0
63.6,-0.1459,-0.3327,302.7144,0.0001,0.0004,302.7144,,,,,,,,,,,,0.0,0.0,0.0,0.0,0
63.62,-0.1459,-0.3327,302.7144,0.0001,0.0004,302.7144,,,,,,,,,,,,0.0,0.0,0.0,0.0,0
63.64,-0.1459,-0.3327,302.7144,0.0001,0.0004,302.7144,,,,,,,,,,,,0.0,0.0,0.0,0.0,0
63.66,-0.1459,-0.3327,302.7144,0.0001,0.0004,302.7144,,,,,,,,,,,,0.0,0.0,0.0,0.0,0
63.68,-0.1459,-0.3327,302.7144,0.0001,0.0004,302.7144,,,,,,,,,,,,0.0,0.0,0.0,0.0,0
63.7,-0.1435,-0.3393,302.7113,0.0001,0.0004,302.7113,,,,,,,,,,,,0.0,0.0,0.0,0.0,0
63.72,-0.1435,-0.3393,302.7113,0.0001,0.0004,302.7113,,,,,,,,,,,,0.0,0.0,0.0,0.0,0
63.74,-0.1435,-0.3393,302.7113,0.0001,0.0004,302.7113,,,,,,,,,,,,0.0,0.0,0.0,0.0,0
63.76,-0.1435,-0.3393,302.7113,0.0001,0.0004,302.7113,,,,,,,,,,,,0.0,0.0,0.0,0.0,0
63.78,-0.1435,-0.3393,302.7113,0.0001,0.0004,302.7113,,,,,,,,,,,,0.0,0.0,0.0,0.0,0
63.8,-0.1412,-0.3419,302.707,0.0001,0.0004,302.7071,,,,,,,,,,,,0.0,0.0,0.0,0.0,0
63.82,-0.1412,-0.3419,302.707,0.0001,0.0004,302.7071,,,,,,,,,,,,0.0,0.0,0.0,0.0,0
63.84,-0.1412,-0.3419,302.707,0.0001,0.0004,302.7071,,,,,,,,,,,,0.0,0.0,0.0,0.0,0
63.86,-0.1412,-0.3419,302.707,0.0001,0.0004,302.7071,,,,,,,,,,,,0.0,0.0,0.0,0.0,0
63.88,-0.1412,-0.3419,302.707,0.0001,0.0004,302.7071,,,,,,,,,,,,0.0,0.0,0.0,0.0,0
63.9,-0.1439,-0.3431,302.704,0.0001,0.0004,302.704,,,,,,,,,,,,0.0,0.0,0.0,0.0,0
63.92,-0.1439,-0.3431,302.704,0.0001,0.0004,302.704,,,,,,,,,,,,0.0,0.0,0.0,0.0,0
63.94,-0.1439,-0.3431,302.704,0.0001,0.0004,302.704,,,,,,,,,,,,0.0,0.0,0.0,0.0,0
63.96,-0.1439,-0.3431,302.704,0.0001,0.0004,302.704,,,,,,,,,,,,0.0,0.0,0.0,0.0,0
63.98,-0.1439,-0.3431,302.704,0.0001,0.0004,302.704,,,,,,,,,,,,0.0,0.0,0.0,0.0,0
64.0,-0.1443,-0.3455,302.703,0.0001,0.0004,302.703,,,,,,,,,,,,0.0,0.0,0.0,0.0,0
64.02,-0.1443,-0.3455,302.703,0.0001,0.0004,302.703,,,,,,,,,,,,0.0,0.0,0.0,0.0,0
64.04,-0.1443,-0.3455,302.703,0.0001,0.0004,302.703,,,,,,,,,,,,0.0,0.0,0.0,0.0,0
64.06,-0.1443,-0.3455,302.703,0.0001,0.0004,302.703,,,,,,,,,,,,0.0,0.0,0.0,0.0,0
64.08,-0.1443,-0.3455,302.703,0.0001,0.0004,302.703,,,,,,,,,,,,0.0,0.0,0.0,0.0,0
64.1,-0.1403,-0.34,302.6945,0.0001,0.0004,302.6945,,,,,,,,,,,,0.0,0.0,0.0,0.0,0
64.12,-0.1403,-0.34,302.6945,0.0001,0.0004,302.6945,,,,,,,,,,,,0.0,0.0,0.0,0.0,0
64.14,-0.1403,-0.34,302.6945,0.0001,0.0004,302.6945,,,,,,,,,,,,0.0,0.0,0.0,0.0,0
64.16,-0.1403,-0.34,302.6945,0.0001,0.0004,302.6945,,,,,,,,,,,,0.0,0.0,0.0,0.0,0
64.18,-0.1403,-0.34,302.6945,0.0001,0.0004,302.6945,,,,,,,,,,,,0.0,0.0,0.0,0.0,0
64.2,-0.1432,-0.3332,302.6879,0.0001,0.0004,302.6879,,,,,,,,,,,,0.0,0.0,0.0,0.0,0
64.22,-0.1432,-0.3332,302.6879,0.0001,0.0004,302.6879,,,,,,,,,,,,0.0,0.0,0.0,0.0,0
64.24,-0.1432,-0.3332,302.6879,0.0001,0.0004,302.6879,,,,,,,,,,,,0.0,0.0,0.0,0.0,0
64.26,-0.1432,-0.3332,302.6879,0.0001,0.0004,302.6879,,,,,,,,,,,,0.0,0.0,0.0,0.0,0
64.28,-0.1432,-0.3332,302.6879,0.0001,0.0004,302.6879,,,,,,,,,,,,0.0,0.0,0.0,0.0,0
64.3,-0.1439,-0.3353,302.6841,0.0001,0.0004,302.6841,,,,,,,,,,,,0.0,0.0,0.0,0.0,0
64.32,-0.1439,-0.3353,302.6841,0.0001,0.0004,302.6841,,,,,,,,,,,,0.0,0.0,0.0,0.0,0
64.34,-0.1439,-0.3353,302.6841,0.0001,0.0004,302.6841,,,,,,,,,,,,0.0,0.0,0.0,0.0,0
64.36,-0.1439,-0.3353,302.6841,0.0001,0.0004,302.6841,,,,,,,,,,,,0.0,0.0,0.0,0.0,0
64.38,-0.1439,-0.3353,302.6841,0.0001,0.0004,302.6841,,,,,,,,,,,,0.0,0.0,0.0,0.0,0
64.4,-0.1436,-0.3381,302.678,0.5178,0.0003,302.678,,,,,,,,,,,,0.0,0.0,0.0,0.0,0
64.42,-0.1436,-0.3381,302.678,0.5178,0.0003,302.678,,,,,,,,,,,,0.0,0.0,0.0,0.0,0
64.44,-0.1436,-0.3381,302.678,0.5178,0.0003,302.678,,,,,,,,,,,,0.0,0.0,0.0,0.0,0
64.46,-0.1436,-0.3381,302.678,0.5178,0.0003,302.678,,,,,,,,,,,,0.0,0.0,0.0,0.0,0
64.48,-0.1436,-0.3381,302.678,0.5178,0.0003,302.678,,,,,,,,,,,,0.0,0.0,0.0,0.0,0
64.5,-0.1463,-0.3309,302.6765,0.8636,0.0001,302.6765,,,,,,,,,,,,0.0,0.0,0.0,0.0,0
64.52,-0.1463,-0.3309,302.6765,0.8636,0.0001,302.6765,,,,,,,,,,,,0.0,0.0,0.0,0.0,0
64.54,-0.1463,-0.3309,302.6765,0.8636,0.0001,302.6765,,,,,,,,,,,,0.0,0.0,0.0,0.0,0
64.56,-0.1463,-0.3309,302.6765,0.8636,0.0001,302.6765,,,,,,,,,,,,0.0,0.0,0.0,0.0,0
64.58,-0.1463,-0.3309,302.6765,0.8636,0.0001,302.6765,,,,,,,,,,,,0.0,0.0,0.0,0.0,0
64.6,-0.1431,-0.3332,302.6688,0.4409,0.0001,302.6688,,,,,,,,,,,,0.0,0.0,0.0,0.0,0
64.62,-0.1431,-0.3332,302.6688,0.4409,0.0001,302.6688,,,,,,,,,,,,0.0,0.0,0.0,0.0,0
64.64,-0.1431,-0.3332,302.6688,0.4409,0.0001,302.6688,,,,,,,,,,,,0.0,0.0,0.0,0.0,0
64.66,-0.1431,-0.3332,302.6688,0.4409,0.0001,302.6688,,,,,,,,,,,,0.0,0.0,0.0,0.0,0
64.68,-0.1431,-0.3332,302.6688,0.4409,0.0001,302.6688,,,,,,,,,,,,0.0,0.0,0.0,0.0,0
64.7,-0.1385,-0.3383,302.6742,0.2251,0.0,302.6742,,,,,,,,,,,,0.0,0.0,0.0,0.0,0
64.72,-0.1385,-0.3383,302.6742,0.2251,0.0,302.6742,,,,,,,,,,,,0.0,0.0,0.0,0.0,0
64.74,-0.1385,-0.3383,302.6742,0.2251,0.0,302.6742,,,,,,,,,,,,0.0,0.0,0.0,0.0,0
64.76,-0.1385,-0.3383,302.6742,0.2251,0.0,302.6742,,,,,,,,,,,,0.0,0.0,0.0,0.0,0
64.78,-0.1385,-0.3383,302.6742,0.2251,0.0,302.6742,,,,,,,,,,,,0.0,0.0,0.0,0.0,0
64.8,-0.1417,-0.3414,302.6643,0.1149,0.0,302.6643,,,,,,,,,,,,0.0,0.0,0.0,0.0,0
64.82,-0.1417,-0.3414,302.6643,0.1149,0.0,302.6643,,,,,,,,,,,,0.0,0.0,0.0,0.0,0
64.84,-0.1417,-0.3414,302.6643,0.1149,0.0,302.6643,,,,,,,,,,,,0.0,0.0,0.0,0.0,0
64.86,-0.1417,-0.3414,302.6643,0.1149,0.0,302.6643,,,,,,,,,,,,0.0,0.0,0.0,0.0,0
64.88,-0.1417,-0.3414,302.6643,0.1149,0.0,302.6643,,,,,,,,,,,,0.0,0.0,0.0,0.0,0
64.9,-0.1427,-0.3437,302.6653,0.0587,0.0,302.6653,,,,,,,,,,,,0.0,0.0,0.0,0.0,0
64.92,-0.1427,-0.3437,302.6653,0.0587,0.0,302.6653,,,,,,,,,,,,0.0,0.0,0.0,0.0,0
64.94,-0.1427,-0.3437,302.6653,0.0587,0.0,302.6653,,,,,,,,,,,,0.0,0.0,0.0,0.0,0
64.96,-0.1427,-0.3437,302.6653,0.0587,0.0,302.6653,,,,,,,,,,,,0.0,0.0,0.0,0.0,0
64.98,-0.1427,-0.3437,302.6653,0.0587,0.0,302.6653,,,,,,,,,,,,0.0,0.0,0.0,0.0,0
65.0,-0.1425,-0.3465,302.6543,0.03,0.0,302.6543,,,,,,,,,,,,0.0,0.0,0.0,0.0,0
65.02,-0.1425,-0.3465,302.6543,0.03,0.0,302.6543,,,,,,,,,,,,0.0,0.0,0.0,0.0,0
65.04,-0.1425,-0.3465,302.6543,0.03,0.0,302.6543,,,,,,,,,,,,0.0,0.0,0.0,0.0,0
65.06,-0.1425,-0.3465,302.6543,0.03,0.0,302.6543,,,,,,,,,,,,0.0,0.0,0.0,0.0,0
65.08,-0.1425,-0.3465,302.6543,0.03,0.0,302.6543,,,,,,,,,,,,0.0,0.0,0.0,0.0,0
65.1,-0.1384,-0.3453,302.6592,0.0153,0.0,302.6592,,,,,,,,,,,,0.0,0.0,0.0,0.0,0
65.12,-0.1384,-0.3453,302.6592,0.0153,0.0,302.6592,,,,,,,,,,,,0.0,0.0,0.0,0.0,0
65.14,-0.1384,-0.3453,302.6592,0.0153,0.0,302.6592,,,,,,,,,,,,0.0,0.0,0.0,0.0,0
65.16,-0.1384,-0.3453,302.6592,0.0153,0.0,302.6592,,,,,,,,,,,,0.0,0.0,0.0,0.0,0
65.18,-0.1384,-0.3453,302.6592,0.0153,0.0,302.6592,,,,,,,,,,,,0.0,0.0,0.0,0.0,0
65.2,-0.1428,-0.3477,302.6505,0.0078,0.0,302.6505,,,,,,,,,,,,0.0,0.0,0.0,0.0,0
65.22,-0.1428,-0.3477,302.6505,0.0078,0.0,302.6505,,,,,,,,,,,,0.0,0.0,0.0,0.0,0
65.24,-0.1428,-0.3477,302.6505,0.0078,0.0,302.6505,,,,,,,,,,,,0.0,0.0,0.0,0.0,0
65.26,-0.1428,-0.3477,302.6505,0.0078,0.0,302.6505,,,,,,,,,,,,0.0,0.0,0.0,0.0,0
65.28,-0.1428,-0.3477,302.6505,0.0078,0.0,302.6505,,,,,,,,,,,,0.0,0.0,0.0,0.0,0
65.3,-0.1438,-0.349,302.6467,0.004,0.0,302.6467,,,,,,,,,,,,0.0,0.0,0.0,0.0,0
65.32,-0.1438,-0.349,302.6467,0.004,0.0,302.6467,,,,,,,,,,,,0.0,0.0,0.0,0.0,0
65.34,-0.1438,-0.349,302.6467,0.004,0.0,302.6467,,,,,,,,,,,,0.0,0.0,0.0,0.0,0
65.36,-0.1438,-0.349,302.6467,0.004,0.0,302.6467,,,,,,,,,,,,0.0,0.0,0.0,0.0,0
65.38,-0.1438,-0.349,302.6467,0.004,0.0,302.6467,,,,,,,,,,,,0.0,0.0,0.0,0.0,0
65.4,-0.1383,-0.3513,302.6442,0.002,0.0,302.6442,,,,,,,,,,,,0.0,0.0,0.0,0.0,0
65.42,-0.1383,-0.3513,302.6442,0.002,0.0,302.6442,,,,,,,,,,,,0.0,0.0,0.0,0.0,0
65.44,-0.1383,-0.3513,302.6442,0.002,0.0,302.6442,,,,,,,,,,,,0.0,0.0,0.0,0.0,0
65.46,-0.1383,-0.3513,302.6442,0.002,0.0,302.6442,,,,,,,,,,,,0.0,0.0,0.0,0.0,0
65.48,-0.1383,-0.3513,302.6442,0.002,0.0,302.6442,,,,,,,,,,,,0.0,0.0,0.0,0.0,0
65.5,-0.1396,-0.353,302.6425,0.001,0.0,302.6425,,,,,,,,,,,,0.0,0.0,0.0,0.0,0
65.52,-0.1396,-0.353,302.6425,0.001,0.0,302.6425,,,,,,,,,,,,0.0,0.0,0.0,0.0,0
65.54,-0.1396,-0.353,302.6425,0.001,0.0,302.6425,,,,,,,,,,,,0.0,0.0,0.0,0.0,0
65.56,-0.1396,-0.353,302.6425,0.001,0.0,302.6425,,,,,,,,,,,,0.0,0.0,0.0,0.0,0
65.58,-0.1396,-0.353,302.6425,0.001,0.0,302.6425,,,,,,,,,,,,0.0,0.0,0.0,0.0,0
65.6,-0.1413,-0.3553,302.6332,0.0005,0.0,302.6332,,,,,,,,,,,,0.0,0.0,0.0,0.0,0
65.62,-0.1413,-0.3553,302.6332,0.0005,0.0,302.6332,,,,,,,,,,,,0.0,0.0,0.0,0.0,0
65.64,-0.1413,-0.3553,302.6332,0.0005,0.0,302.6332,,,,,,,,,,,,0.0,0.0,0.0,0.0,0
65.66,-0.1413,-0.3553,302.6332,0.0005,0.0,302.6332,,,,,,,,,,,,0.0,0.0,0.0,0.0,0
65.68,-0.1413,-0.3553,302.6332,0.0005,0.0,302.6332,,,,,,,,,,,,0.0,0.0,0.0,0.0,0
65.7,-0.1399,-0.3582,302.6325,0.0004,0.0,302.6325,,,,,,,,,,,,0.0,0.0,0.0,0.0,0
65.72,-0.1399,-0.3582,302.6325,0.0004,0.0,302.6325,,,,,,,,,,,,0.0,0.0,0.0,0.0,0
65.74,-0.1399,-0.3582,302.6325,0.0004,0.0,302.6325,,,,,,,,,,,,0.0,0.0,0.0,0.0,0
65.76,-0.1399,-0.3582,302.6325,0.0004,0.0,302.6325,,,,,,,,,,,,0.0,0.0,0.0,0.0,0
65.78,-0.1399,-0.3582,302.6325,0.0004,0.0,302.6325,,,,,,,,,,,,0.0,0.0,0.0,0.0,0
65.8,-0.1431,-0.3665,302.6265,0.0004,0.0,302.6266,,,,,,,,,,,,0.0,0.0,0.0,0.0,0
65.82,-0.1431,-0.3665,302.6265,0.0004,0.0,302.6266,,,,,,,,,,,,0.0,0.0,0.0,0.0,0
65.84,-0.1431,-0.3665,302.6265,0.0004,0.0,302.6266,,,,,,,,,,,,0.0,0.0,0.0,0.0,0
65.86,-0.1431,-0.3665,302.6265,0.0004,0.0,302.6266,,,,,,,,,,,,0.0,0.0,0.0,0.0,0
65.88,-0.1431,-0.3665,302.6265,0.0004,0.0,302.6266,,,,,,,,,,,,0.0,0.0,0.0,0.0,0
65.9,-0.1386,-0.3695,302.6285,0.0004,0.0,302.6285,,,,,,,,,,,,0.0,0.0,0.0,0.0,0
65.92,-0.1386,-0.3695,302.6285,0.0004,0.0,302.6285,,,,,,,,,,,,0.0,0.0,0.0,0.0,0
65.94,-0.1386,-0.3695,302.6285,0.0004,0.0,302.6285,,,,,,,,,,,,0.0,0.0,0.0,0.0,0
65.96,-0.1386,-0.3695,302.6285,0.0004,0.0,302.6285,,,,,,,,,,,,0.0,0.0,0.0,0.0,0
65.98,-0.1386,-0.3695,302.6285,0.0004,0.0,302.6285,,,,,,,,,,,,0.0,0.0,0.0,0.0,0
66.0,-0.1384,-0.3629,302.6224,0.0004,0.0,302.6223,,,,,,,,,,,,0.0,0.0,0.0,0.0,0
66.02,-0.1384,-0.3629,302.6224,0.0004,0.0,302.6223,,,,,,,,,,,,0.0,0.0,0.0,0.0,0
66.04,-0.1384,-0.3629,302.6224,0.0004,0.0,302.6223,,,,,,,,,,,,0.0,0.0,0.0,0.0,0
66.06,-0.1384,-0.3629,302.6224,0.0004,0.0,302.6223,,,,,,,,,,,,0.0,0.0,0.0,0.0,0
66.08,-0.1384,-0.3629,302.6224,0.0004,0.0,302.6223,,,,,,,,,,,,0.0,0.0,0.0,0.0,0
66.1,-0.1405,-0.3605,302.6204,0.0004,0.0,302.6204,,,,,,,,,,,,0.0,0.0,0.0,0.0,0
66.12,-0.1405,-0.3605,302.6204,0.0004,0.0,302.6204,,,,,,,,,,,,0.0,0.0,0.0,0.0,0
66.14,-0.1405,-0.3605,302.6204,0.0004,0.0,302.6204,,,,,,,,,,,,0.0,0.0,0.0,0.0,0
66.16,-0.1405,-0.3605,302.6204,0.0004,0.0,302.6204,,,,,,,,,,,,0.0,0.0,0.0,0.0,0
66.18,-0.1405,-0.3605,302.6204,0.0004,0.0,302.6204,,,,,,,,,,,,0.0,0.0,0.0,0.0,0
66.2,-0.14,-0.3629,302.6177,0.0004,0.0,302.6177,,,,,,,,,,,,0.0,0.0,0.0,0.0,0
66.22,-0.14,-0.3629,302.6177,0.0004,0.0,302.6177,,,,,,,,,,,,0.0,0.0,0.0,0.0,0
66.24,-0.14,-0.3629,302.6177,0.0004,0.0,302.6177,,,,,,,,,,,,0.0,0.0,0.0,0.0,0
66.26,-0.14,-0.3629,302.6177,0.0004,0.0,302.6177,,,,,,,,,,,,0.0,0.0,0.0,0.0,0
66.28,-0.14,-0.3629,302.6177,0.0004,0.0,302.6177,,,,,,,,,,,,0.0,0.0,0.0,0.0,0
66.3,-0.1406,-0.3507,302.6127,0.0004,0.0,302.6127,,,,,,,,,,,,0.0,0.0,0.0,0.0,0
66.32,-0.1406,-0.3507,302.6127,0.0004,0.0,302.6127,,,,,,,,,,,,0.0,0.0,0.0,0.0,0
66.34,-0.1406,-0.3507,302.6127,0.0004,0.0,302.6127,,,,,,,,,,,,0.0,0.0,0.0,0.0,0
66.36,-0.1406,-0.3507,302.6127,0.0004,0.0,302.6127,,,,,,,,,,,,0.0,0.0,0.0,0.0,0
66.38,-0.1406,-0.3507,302.6127,0.0004,0.0,302.6127,,,,,,,,,,,,0.0,0.0,0.0,0.0,0
66.4,-0.1388,-0.3477,302.6066,0.0004,0.0,302.6066,,,,,,,,,,,,0.0,0.0,0.0,0.0,0
66.42,-0.1388,-0.3477,302.6066,0.0004,0.0,302.6066,,,,,,,,,,,,0.0,0.0,0.0,0.0,0
66.44,-0.1388,-0.3477,302.6066,0.0004,0.0,302.6066,,,,,,,,,,,,0.0,0.0,0.0,0.0,0
66.46,-0.1388,-0.3477,302.6066,0.0004,0.0,302.6066,,,,,,,,,,,,0.0,0.0,0.0,0.0,0
66.48,-0.1388,-0.3477,302.6066,0.0004,0.0,302.6066,,,,,,,,,,,,0.0,0.0,0.0,0.0,0
66.5,-0.1394,-0.3387,302.5963,0.0004,0.0,302.5963,,,,,,,,,,,,0.0,0.0,0.0,0.0,0
66.52,-0.1394,-0.3387,302.5963,0.0004,0.0,302.5963,,,,,,,,,,,,0.0,0.0,0.0,0.0,0
66.54,-0.1394,-0.3387,302.5963,0.0004,0.0,302.5963,,,,,,,,,,,,0.0,0.0,0.0,0.0,0
66.56,-0.1394,-0.3387,302.5963,0.0004,0.0,302.5963,,,,,,,,,,,,0.0,0.0,0.0,0.0,0
66.58,-0.1394,-0.3387,302.5963,0.0004,0.0,302.5963,,,,,,,,,,,,0.0,0.0,0.0,0.0,0
66.6,-0.1423,-0.3381,302.5951,0.0004,0.0,302.5952,,,,,,,,,,,,0.0,0.0,0.0,0.0,0
66.62,-0.1423,-0.3381,302.5951,0.0004,0.0,302.5952,,,,,,,,,,,,0.0,0.0,0.0,0.0,0
66.64,-0.1423,-0.3381,302.5951,0.0004,0.0,302.5952,,,,,,,,,,,,0.0,0.0,0.0,0.0,0
66.66,-0.1423,-0.3381,302.5951,0.0004,0.0,302.5952,,,,,,,,,,,,0.0,0.0,0.0,0.0,0
66.68,-0.1423,-0.3381,302.5951,0.0004,0.0,302.5952,,,,,,,,,,,,0.0,0.0,0.0,0.0,0
66.7,-0.1394,-0.3419,302.5879,0.0004,0.0,302.5879,,,,,,,,,,,,0.0,0.0,0.0,0.0,0
66.72,-0.1394,-0.3419,302.5879,0.0004,0.0,302.5879,,,,,,,,,,,,0.0,0.0,0.0,0.0,0
66.74,-0.1394,-0.3419,302.5879,0.0004,0.0,302.5879,,,,,,,,,,,,0.0,0.0,0.0,0.0,0
66.76,-0.1394,-0.3419,302.5879,0.0004,0.0,302.5879,,,,,,,,,,,,0.0,0.0,0.0,0.0,0
66.78,-0.1394,-0.3419,302.5879,0.0004,0.0,302.5879,,,,,,,,,,,,0.0,0.0,0.0,0.0,0
66.8,-0.1446,-0.3472,302.5864,0.0004,0.0,302.5864,,,,,,,,,,,,0.0,0.0,0.0,0.0,0
66.82,-0.1446,-0.3472,302.5864,0.0004,0.0,302.5864,,,,,,,,,,,,0.0,0.0,0.0,0.0,0
66.84,-0.1446,-0.3472,302.5864,0.0004,0.0,302.5864,,,,,,,,,,,,0.0,0.0,0.0,0.0,0
66.86,-0.1446,-0.3472,302.5864,0.0004,0.0,302.5864,,,,,,,,,,,,0.0,0.0,0.0,0.0,0
66.88,-0.1446,-0.3472,302.5864,0.0004,0.0,302.5864,,,,,,,,,,,,0.0,0.0,0.0,0.0,0
66.9,-0.1481,-0.368,302.5626,0.0004,0.0,302.5626,,,,,,,,,,,,0.0,0.0,0.0,0.0,0
66.92,-0.1481,-0.368,302.5626,0.0004,0.0,302.5626,,,,,,,,,,,,0.0,0.0,0.0,0.0,0
66.94,-0.1481,-0.368,302.5626,0.0004,0.0,302.5626,,,,,,,,,,,,0.0,0.0,0.0,0.0,0
66.96,-0.1481,-0.368,302.5626,0.0004,0.0,302.5626,,,,,,,,,,,,0.0,0.0,0.0,0.0,0
66.98,-0.1481,-0.368,302.5626,0.0004,0.0,302.5626,,,,,,,,,,,,0.0,0.0,0.0,0.0,0
67.0,-0.143,-0.3904,302.614,0.0004,0.0,302.614,,,,,,,,,,,,0.0,0.0,0.0,0.0,0
67.02,-0.143,-0.3904,302.614,0.0004,0.0,302.614,,,,,,,,,,,,0.0,0.0,0.0,0.0,0
67.04,-0.143,-0.3904,302.614,0.0004,0.0,302.614,,,,,,,,,,,,0.0,0.0,0.0,0.0,0
67.06,-0.143,-0.3904,302.614,0.0004,0.0,302.614,,,,,,,,,,,,0.0,0.0,0.0,0.0,0
67.08,-0.143,-0.3904,302.614,0.0004,0.0,302.614,,,,,,,,,,,,0.0,0.0,0.0,0.0,0
67.1,-0.1458,-0.3931,302.5818,0.0004,0.0,302.5818,,,,,,,,,,,,0.0,0.0,0.0,0.0,0
67.12,-0.1458,-0.3931,302.5818,0.0004,0.0,302.5818,,,,,,,,,,,,0.0,0.0,0.0,0.0,0
67.14,-0.1458,-0.3931,302.5818,0.0004,0.0,302.5818,,,,,,,,,,,,0.0,0.0,0.0,0.0,0
67.16,-0.1458,-0.3931,302.5818,0.0004,0.0,302.5818,,,,,,,,,,,,0.0,0.0,0.0,0.0,0
67.18,-0.1458,-0.3931,302.5818,0.0004,0.0,302.5818,,,,,,,,,,,,0.0,0.0,0.0,0.0,0
67.2,-0.1481,-0.3885,302.6029,0.0004,0.0,302.6029,,,,,,,,,,,,0.0,0.0,0.0,0.0,0
67.22,-0.1481,-0.3885,302.6029,0.0004,0.0,302.6029,,,,,,,,,,,,0.0,0.0,0.0,0.0,0
67.24,-0.1481,-0.3885,302.6029,0.0004,0.0,302.6029,,,,,,,,,,,,0.0,0.0,0.0,0.0,0
67.26,-0.1481,-0.3885,302.6029,0.0004,0.0,302.6029,,,,,,,,,,,,0.0,0.0,0.0,0.0,0
67.28,-0.1481,-0.3885,302.6029,0.0004,0.0,302.6029,,,,,,,,,,,,0.0,0.0,0.0,0.0,0
67.3,-0.1473,-0.3846,302.5771,0.0004,0.0,302.5771,,,,,,,,,,,,0.0,0.0,0.0,0.0,0
67.32,-0.1473,-0.3846,302.5771,0.0004,0.0,302.5771,,,,,,,,,,,,0.0,0.0,0.0,0.0,0
67.34,-0.1473,-0.3846,302.5771,0.0004,0.0,302.5771,,,,,,,,,,,,0.0,0.0,0.0,0.0,0
67.36,-0.1473,-0.3846,302.5771,0.0004,0.0,302.5771,,,,,,,,,,,,0.0,0.0,0.0,0.0,0
67.38,-0.1473,-0.3846,302.5771,0.0004,0.0,302.5771,,,,,,,,,,,,0.0,0.0,0.0,0.0,0
67.4,-0.1408,-0.3832,302.5985,0.0004,0.0,302.5985,,,,,,,,,,,,0.0,0.0,0.0,0.0,0
67.42,-0.1408,-0.3832,302.5985,0.0004,0.0,302.5985,,,,,,,,,,,,0.0,0.0,0.0,0.0,0
67.44,-0.1408,-0.3832,302.5985,0.0004,0.0,302.5985,,,,,,,,,,,,0.0,0.0,0.0,0.0,0
67.46,-0.1408,-0.3832,302.5985,0.0004,0.0,302.5985,,,,,,,,,,,,0.0,0.0,0.0,0.0,0
67.48,-0.1408,-0.3832,302.5985,0.0004,0.0,302.5985,,,,,,,,,,,,0.0,0.0,0.0,0.0,0
67.5,-0.1402,-0.3782,302.5781,0.0004,0.0,302.5781,,,,,,,,,,,,0.0,0.0,0.0,0.0,0
67.52,-0.1402,-0.3782,302.5781,0.0004,0.0,302.5781,,,,,,,,,,,,0.0,0.0,0.0,0.0,0
67.54,-0.1402,-0.3782,302.5781,0.0004,0.0,302.5781,,,,,,,,,,,,0.0,0.0,0.0,0.0,0
67.56,-0.1402,-0.3782,302.5781,0.0004,0.0,302.5781,,,,,,,,,,,,0.0,0.0,0.0,0.0,0
67.58,-0.1402,-0.3782,302.5781,0.0004,0.0,302.5781,,,,,,,,,,,,0.0,0.0,0.0,0.0,0
67.6,-0.1462,-0.3722,302.5908,0.0004,0.0,302.5908,,,,,,,,,,,,0.0,0.0,0.0,0.0,0
67.62,-0.1462,-0.3722,302.5908,0.0004,0.0,302.5908,,,,,,,,,,,,0.0,0.0,0.0,0.0,0
67.64,-0.1462,-0.3722,302.5908,0.0004,0.0,302.5908,,,,,,,,,,,,0.0,0.0,0.0,0.0,0
67.66,-0.1462,-0.3722,302.5908,0.0004,0.0,302.5908,,,,,,,,,,,,0.0,0.0,0.0,0.0,0
67.68,-0.1462,-0.3722,302.5908,0.0004,0.0,302.5908,,,,,,,,,,,,0.0,0.0,0.0,0.0,0
67.7,-0.1467,-0.3714,302.5781,0.0004,0.0,302.5781,,,,,,,,,,,,0.0,0.0,0.0,0.0,0
67.72,-0.1467,-0.3714,302.5781,0.0004,0.0,302.5781,,,,,,,,,,,,0.0,0.0,0.0,0.0,0
67.74,-0.1467,-0.3714,302.5781,0.0004,0.0,302.5781,,,,,,,,,,,,0.0,0.0,0.0,0.0,0
67.76,-0.1467,-0.3714,302.5781,0.0004,0.0,302.5781,,,,,,,,,,,,0.0,0.0,0.0,0.0,0
67.78,-0.1467,-0.3714,302.5781,0.0004,0.0,302.5781,,,,,,,,,,,,0.0,0.0,0.0,0.0,0
67.8,-0.1508,-0.3716,302.578,0.0004,0.0,302.578,,,,,,,,,,,,0.0,0.0,0.0,0.0,0
67.82,-0.1508,-0.3716,302.578,0.0004,0.0,302.578,,,,,,,,,,,,0.0,0.0,0.0,0.0,0
67.84,-0.1508,-0.3716,302.578,0.0004,0.0,302.578,,,,,,,,,,,,0.0,0.0,0.0,0.0,0
67.86,-0.1508,-0.3716,302.578,0.0004,0.0,302.578,,,,,,,,,,,,0.0,0.0,0.0,0.0,0
67.88,-0.1508,-0.3716,302.578,0.0004,0.0,302.578,,,,,,,,,,,,0.0,0.0,0.0,0.0,0
67.9,-0.1496,-0.3657,302.5716,0.0004,0.0,302.5716,,,,,,,,,,,,0.0,0.0,0.0,0.0,0
67.92,-0.1496,-0.3657,302.5716,0.0004,0.0,302.5716,,,,,,,,,,,,0.0,0.0,0.0,0.0,0
67.94,-0.1496,-0.3657,302.5716,0.0004,0.0,302.5716,,,,,,,,,,,,0.0,0.0,0.0,0.0,0
67.96,-0.1496,-0.3657,302.5716,0.0004,0.0,302.5716,,,,,,,,,,,,0.0,0.0,0.0,0.0,0
67.98,-0.1496,-0.3657,302.5716,0.0004,0.0,302.5716,,,,,,,,,,,,0.0,0.0,0.0,0.0,0
68.0,-0.1536,-0.3624,302.5644,0.0004,0.0,302.5644,,,,,,,,,,,,0.0,0.0,0.0,0.0,0
68.02,-0.1536,-0.3624,302.5644,0.0004,0.0,302.5644,,,,,,,,,,,,0.0,0.0,0.0,0.0,0
68.04,-0.1536,-0.3624,302.5644,0.0004,0.0,302.5644,,,,,,,,,,,,0.0,0.0,0.0,0.0,0
68.06,-0.1536,-0.3624,302.5644,0.0004,0.0,302.5644,,,,,,,,,,,,0.0,0.0,0.0,0.0,0
68.08,-0.1536,-0.3624,302.5644,0.0004,0.0,302.5644,,,,,,,,,,,,0.0,0.0,0.0,0.0,0
68.1,-0.1552,-0.3593,302.5668,0.0004,0.0,302.5668,,,,,,,,,,,,0.0,0.0,0.0,0.0,0
68.12,-0.1552,-0.3593,302.5668,0.0004,0.0,302.5668,,,,,,,,,,,,0.0,0.0,0.0,0.0,0
68.14,-0.1552,-0.3593,302.5668,0.0004,0.0,302.5668,,,,,,,,,,,,0.0,0.0,0.0,0.0,0
68.16,-0.1552,-0.3593,302.5668,0.0004,0.0,302.5668,,,,,,,,,,,,0.0,0.0,0.0,0.0,0
68.18,-0.1552,-0.3593,302.5668,0.0004,0.0,302.5668,,,,,,,,,,,,0.0,0.0,0.0,0.0,0
68.2,-0.1579,-0.3572,302.5544,0.0004,0.0,302.5544,,,,,,,,,,,,0.0,0.0,0.0,0.0,0
68.22,-0.1579,-0.3572,302.5544,0.0004,0.0,302.5544,,,,,,,,,,,,0.0,0.0,0.0,0.0,0
68.24,-0.1579,-0.3572,302.5544,0.0004,0.0,302.5544,,,,,,,,,,,,0.0,0.0,0.0,0.0,0
68.26,-0.1579,-0.3572,302.5544,0.0004,0.0,302.5544,,,,,,,,,,,,0.0,0.0,0.0,0.0,0
68.28,-0.1579,-0.3572,302.5544,0.0004,0.0,302.5544,,,,,,,,,,,,0.0,0.0,0.0,0.0,0
68.3,-0.1537,-0.3538,302.561,0.0004,0.0,302.561,,,,,,,,,,,,0.0,0.0,0.0,0.0,0
68.32,-0.1537,-0.3538,302.561,0.0004,0.0,302.561,,,,,,,,,,,,0.0,0.0,0.0,0.0,0
68.34,-0.1537,-0.3538,302.561,0.0004,0.0,302.561,,,,,,,,,,,,0.0,0.0,0.0,0.0,0
68.36,-0.1537,-0.3538,302.561,0.0004,0.0,302.561,,,,,,,,,,,,0.0,0.0,0.0,0.0,0
68.38,-0.1537,-0.3538,302.561,0.0004,0.0,302.561,,,,,,,,,,,,0.0,0.0,0.0,0.0,0
68.4,-0.1517,-0.3463,302.5464,0.0004,0.0,302.5464,,,,,,,,,,,,0.0,0.0,0.0,0.0,0
68.42,-0.1517,-0.3463,302.5464,0.0004,0.0,302.5464,,,,,,,,,,,,0.0,0.0,0.0,0.0,0
68.44,-0.1517,-0.3463,302.5464,0.0004,0.0,302.5464,,,,,,,,,,,,0.0,0.0,0.0,0.0,0
68.46,-0.1517,-0.3463,302.5464,0.0004,0.0,302.5464,,,,,,,,,,,,0.0,0.0,0.0,0.0,0
68.48,-0.1517,-0.3463,302.5464,0.0004,0.0,302.5464,,,,,,,,,,,,0.0,0.0,0.0,0.0,0
68.5,-0.1554,-0.3468,302.5533,0.0004,0.0,302.5533,,,,,,,,,,,,0.0,0.0,0.0,0.0,0
68.52,-0.1554,-0.3468,302.5533,0.0004,0.0,302.5533,,,,,,,,,,,,0.0,0.0,0.0,0.0,0
68.54,-0.1554,-0.3468,302.5533,0.0004,0.0,302.5533,,,,,,,,,,,,0.0,0.0,0.0,0.0,0
68.56,-0.1554,-0.3468,302.5533,0.0004,0.0,302.5533,,,,,,,,,,,,0.0,0.0,0.0,0.0,0
68.58,-0.1554,-0.3468,302.5533,0.0004,0.0,302.5533,,,,,,,,,,,,0.0,0.0,0.0,0.0,0
68.6,-0.1595,-0.3471,302.5387,0.0004,0.0,302.5387,,,,,,,,,,,,0.0,0.0,0.0,0.0,0
68.62,-0.1595,-0.3471,302.5387,0.0004,0.0,302.5387,,,,,,,,,,,,0.0,0.0,0.0,0.0,0
68.64,-0.1595,-0.3471,302.5387,0.0004,0.0,302.5387,,,,,,,,,,,,0.0,0.0,0.0,0.0,0
68.66,-0.1595,-0.3471,302.5387,0.0004,0.0,302.5387,,,,,,,,,,,,0.0,0.0,0.0,0.0,0
68.68,-0.1595,-0.3471,302.5387,0.0004,0.0,302.5387,,,,,,,,,,,,0.0,0.0,0.0,0.0,0
68.7,-0.1605,-0.3461,302.5476,0.0004,0.0,302.5476,,,,,,,,,,,,0.0,0.0,0.0,0.0,0
68.72,-0.1605,-0.3461,302.5476,0.0004,0.0,302.5476,,,,,,,,,,,,0.0,0.0,0.0,0.0,0
68.74,-0.1605,-0.3461,302.5476,0.0004,0.0,302.5476,,,,,,,,,,,,0.0,0.0,0.0,0.0,0
68.76,-0.1605,-0.3461,302.5476,0.0004,0.0,302.5476,,,,,,,,,,,,0.0,0.0,0.0,0.0,0
68.78,-0.1605,-0.3461,302.5476,0.0004,0.0,302.5476,,,,,,,,,,,,0.0,0.0,0.0,0.0,0
68.8,-0.1622,-0.3507,302.5303,0.0004,0.0,302.5303,,,,,,,,,,,,0.0,0.0,0.0,0.0,0
68.82,-0.1622,-0.3507,302.5303,0.0004,0.0,302.5303,,,,,,,,,,,,0.0,0.0,0.0,0.0,0
68.84,-0.1622,-0.3507,302.5303,0.0004,0.0,302.5303,,,,,,,,,,,,0.0,0.0,0.0,0.0,0
68.86,-0.1622,-0.3507,302.5303,0.0004,0.0,302.5303,,,,,,,,,,,,0.0,0.0,0.0,0.0,0
68.88,-0.1622,-0.3507,302.5303,0.0004,0.0,302.5303,,,,,,,,,,,,0.0,0.0,0.0,0.0,0
68.9,-0.1587,-0.3498,302.54,0.0004,0.0,302.54,,,,,,,,,,,,0.0,0.0,0.0,0.0,0
68.92,-0.1587,-0.3498,302.54,0.0004,0.0,302.54,,,,,,,,,,,,0.0,0.0,0.0,0.0,0
68.94,-0.1587,-0.3498,302.54,0.0004,0.0,302.54,,,,,,,,,,,,0.0,0.0,0.0,0.0,0
68.96,-0.1587,-0.3498,302.54,0.0004,0.0,302.54,,,,,,,,,,,,0.0,0.0,0.0,0.0,0
68.98,-0.1587,-0.3498,302.54,0.0004,0.0,302.54,,,,,,,,,,,,0.0,0.0,0.0,0.0,0
69.0,-0.1624,-0.3476,302.5251,0.0004,0.0,302.5251,,,,,,,,,,,,0.0,0.0,0.0,0.0,0
69.02,-0.1624,-0.3476,302.5251,0.0004,0.0,302.5251,,,,,,,,,,,,0.0,0.0,0.0,0.0,0
69.04,-0.1624,-0.3476,302.5251,0.0004,0.0,302.5251,,,,,,,,,,,,0.0,0.0,0.0,0.0,0
69.06,-0.1624,-0.3476,302.5251,0.0004,0.0,302.5251,,,,,,,,,,,,0.0,0.0,0.0,0.0,0
69.08,-0.1624,-0.3476,302.5251,0.0004,0.0,302.5251,,,,,,,,,,,,0.0,0.0,0.0,0.0,0
69.1,-0.163,-0.3479,302.5334,0.0004,0.0,302.5334,,,,,,,,,,,,0.0,0.0,0.0,0.0,0
69.12,-0.163,-0.3479,302.5334,0.0004,0.0,302.5334,,,,,,,,,,,,0.0,0.0,0.0,0.0,0
69.14,-0.163,-0.3479,302.5334,0.0004,0.0,302.5334,,,,,,,,,,,,0.0,0.0,0.0,0.0,0
69.16,-0.163,-0.3479,302.5334,0.0004,0.0,302.5334,,,,,,,,,,,,0.0,0.0,0.0,0.0,0
69.18,-0.163,-0.3479,302.5334,0.0004,0.0,302.5334,,,,,,,,,,,,0.0,0.0,0.0,0.0,0
69.2,-0.1658,-0.3452,302.5185,0.0004,0.0,302.5184,,,,,,,,,,,,0.0,0.0,0.0,0.0,0
69.22,-0.1658,-0.3452,302.5185,0.0004,0.0,302.5184,,,,,,,,,,,,0.0,0.0,0.0,0.0,0
69.24,-0.1658,-0.3452,302.5185,0.0004,0.0,302.5184,,,,,,,,,,,,0.0,0.0,0.0,0.0,0
69.26,-0.1658,-0.3452,302.5185,0.0004,0.0,302.5184,,,,,,,,,,,,0.0,0.0,0.0,0.0,0
69.28,-0.1658,-0.3452,302.5185,0.0004,0.0,302.5184,,,,,,,,,,,,0.0,0.0,0.0,0.0,0
69.3,-0.1695,-0.341,302.5264,0.0004,0.0,302.5264,,,,,,,,,,,,0.0,0.0,0.0,0.0,0
69.32,-0.1695,-0.341,302.5264,0.0004,0.0,302.5264,,,,,,,,,,,,0.0,0.0,0.0,0.0,0
69.34,-0.1695,-0.341,302.5264,0.0004,0.0,302.5264,,,,,,,,,,,,0.0,0.0,0.0,0.0,0
69.36,-0.1695,-0.341,302.5264,0.0004,0.0,302.5264,,,,,,,,,,,,0.0,0.0,0.0,0.0,0
69.38,-0.1695,-0.341,302.5264,0.0004,0.0,302.5264,,,,,,,,,,,,0.0,0.0,0.0,0.0,0
69.4,-0.1748,-0.3388,302.5101,0.0004,0.0,302.5101,,,,,,,,,,,,0.0,0.0,0.0,0.0,0
69.42,-0.1748,-0.3388,302.5101,0.0004,0.0,302.5101,,,,,,,,,,,,0.0,0.0,0.0,0.0,0
69.44,-0.1748,-0.3388,302.5101,0.0004,0.0,302.5101,,,,,,,,,,,,0.0,0.0,0.0,0.0,0
69.46,-0.1748,-0.3388,302.5101,0.0004,0.0,302.5101,,,,,,,,,,,,0.0,0.0,0.0,0.0,0
69.48,-0.1748,-0.3388,302.5101,0.0004,0.0,302.5101,,,,,,,,,,,,0.0,0.0,0.0,0.0,0
69.5,-0.1707,-0.3418,302.5158,0.0004,0.0,302.5158,,,,,,,,,,,,0.0,0.0,0.0,0.0,0
69.52,-0.1707,-0.3418,302.5158,0.0004,0.0,302.5158,,,,,,,,,,,,0.0,0.0,0.0,0.0,0
69.54,-0.1707,-0.3418,302.5158,0.0004,0.0,302.5158,,,,,,,,,,,,0.0,0.0,0.0,0.0,0
69.56,-0.1707,-0.3418,302.5158,0.0004,0.0,302.5158,,,,,,,,,,,,0.0,0.0,0.0,0.0,0
69.58,-0.1707,-0.3418,302.5158,0.0004,0.0,302.5158,,,,,,,,,,,,0.0,0.0,0.0,0.0,0
69.6,-0.1685,-0.3513,302.5067,0.0004,0.0,302.5067,,,,,,,,,,,,0.0,0.0,0.0,0.0,0
69.62,-0.1685,-0.3513,302.5067,0.0004,0.0,302.5067,,,,,,,,,,,,0.0,0.0,0.0,0.0,0
69.64,-0.1685,-0.3513,302.5067,0.0004,0.0,302.5067,,,,,,,,,,,,0.0,0.0,0.0,0.0,0
69.66,-0.1685,-0.3513,302.5067,0.0004,0.0,302.5067,,,,,,,,,,,,0.0,0.0,0.0,0.0,0
69.68,-0.1685,-0.3513,302.5067,0.0004,0.0,302.5067,,,,,,,,,,,,0.0,0.0,0.0,0.0,0
69.7,-0.1674,-0.3519,302.5103,0.0004,0.0,302.5103,,,,,,,,,,,,0.0,0.0,0.0,0.0,0
69.72,-0.1674,-0.3519,302.5103,0.0004,0.0,302.5103,,,,,,,,,,,,0.0,0.0,0.0,0.0,0
69.74,-0.1674,-0.3519,302.5103,0.0004,0.0,302.5103,,,,,,,,,,,,0.0,0.0,0.0,0.0,0
69.76,-0.1674,-0.3519,302.5103,0.0004,0.0,302.5103,,,,,,,,,,,,0.0,0.0,0.0,0.0,0
69.78,-0.1674,-0.3519,302.5103,0.0004,0.0,302.5103,,,,,,,,,,,,0.0,0.0,0.0,0.0,0
69.8,-0.1634,-0.3409,302.5042,0.0004,0.0,302.5042,,,,,,,,,,,,0.0,0.0,0.0,0.0,0
69.82,-0.1634,-0.3409,302.5042,0.0004,0.0,302.5042,,,,,,,,,,,,0.0,0.0,0.0,0.0,0
69.84,-0.1634,-0.3409,302.5042,0.0004,0.0,302.5042,,,,,,,,,,,,0.0,0.0,0.0,0.0,0
69.86,-0.1634,-0.3409,302.5042,0.0004,0.0,302.5042,,,,,,,,,,,,0.0,0.0,0.0,0.0,0
69.88,-0.1634,-0.3409,302.5042,0.0004,0.0,302.5042,,,,,,,,,,,,0.0,0.0,0.0,0.0,0
69.9,-0.1611,-0.3356,302.5032,0.0004,0.0,302.5032,,,,,,,,,,,,0.0,0.0,0.0,0.0,0
69.92,-0.1611,-0.3356,302.5032,0.0004,0.0,302.5032,,,,,,,,,,,,0.0,0.0,0.0,0.0,0
69.94,-0.1611,-0.3356,302.5032,0.0004,0.0,302.5032,,,,,,,,,,,,0.0,0.0,0.0,0.0,0
69.96,-0.1611,-0.3356,302.5032,0.0004,0.0,302.5032,,,,,,,,,,,,0.0,0.0,0.0,0.0,0
69.98,-0.1611,-0.3356,302.5032,0.0004,0.0,302.5032,,,,,,,,,,,,0.0,0.0,0.0,0.0,0
70.0,-0.1718,-0.3333,302.5005,0.0004,0.0,302.5005,,,,,,,,,,,,0.0,0.0,0.0,0.0,0
70.02,-0.1718,-0.3333,302.5005,0.0004,0.0,302.5005,,,,,,,,,,,,0.0,0.0,0.0,0.0,0
70.04,-0.1718,-0.3333,302.5005,0.0004,0.0,302.5005,,,,,,,,,,,,0.0,0.0,0.0,0.0,0
70.06,-0.1718,-0.3333,302.5005,0.0004,0.0,302.5005,,,,,,,,,,,,0.0,0.0,0.0,0.0,0
70.08,-0.1718,-0.3333,302.5005,0.0004,0.0,302.5005,,,,,,,,,,,,0.0,0.0,0.0,0.0,0
70.1,-0.1749,-0.3326,302.499,0.0004,0.0,302.499,,,,,,,,,,,,0.0,0.0,0.0,0.0,0
70.12,-0.1749,-0.3326,302.499,0.0004,0.0,302.499,,,,,,,,,,,,0.0,0.0,0.0,0.0,0
70.14,-0.1749,-0.3326,302.499,0.0004,0.0,302.499,,,,,,,,,,,,0.0,0.0,0.0,0.0,0
70.16,-0.1749,-0.3326,302.499,0.0004,0.0,302.499,,,,,,,,,,,,0.0,0.0,0.0,0.0,0
70.18,-0.1749,-0.3326,302.499,0.0004,0.0,302.499,,,,,,,,,,,,0.0,0.0,0.0,0.0,0
70.2,-0.1741,-0.3369,302.4984,0.0004,0.0,302.4984,,,,,,,,,,,,0.0,0.0,0.0,0.0,0
70.22,-0.1741,-0.3369,302.4984,0.0004,0.0,302.4984,,,,,,,,,,,,0.0,0.0,0.0,0.0,0
70.24,-0.1741,-0.3369,302.4984,0.0004,0.0,302.4984,,,,,,,,,,,,0.0,0.0,0.0,0.0,0
70.26,-0.1741,-0.3369,302.4984,0.0004,0.0,302.4984,,,,,,,,,,,,0.0,0.0,0.0,0.0,0
70.28,-0.1741,-0.3369,302.4984,0.0004,0.0,302.4984,,,,,,,,,,,,0.0,0.0,0.0,0.0,0
70.3,-0.1744,-0.3369,302.4966,0.0004,0.0,302.4966,,,,,,,,,,,,0.0,0.0,0.0,0.0,0
70.32,-0.1744,-0.3369,302.4966,0.0004,0.0,302.4966,,,,,,,,,,,,0.0,0.0,0.0,0.0,0
70.34,-0.1744,-0.3369,302.4966,0.0004,0.0,302.4966,,,,,,,,,,,,0.0,0.0,0.0,0.0,0
70.36,-0.1744,-0.3369,302.4966,0.0004,0.0,302.4966,,,,,,,,,,,,0.0,0.0,0.0,0.0,0
70.38,-0.1744,-0.3369,302.4966,0.0004,0.0,302.4966,,,,,,,,,,,,0.0,0.0,0.0,0.0,0
70.4,-0.1713,-0.3332,302.4958,0.0004,0.0,302.4959,,,,,,,,,,,,0.0,0.0,0.0,0.0,0
70.42,-0.1713,-0.3332,302.4958,0.0004,0.0,302.4959,,,,,,,,,,,,0.0,0.0,0.0,0.0,0
70.44,-0.1713,-0.3332,302.4958,0.0004,0.0,302.4959,,,,,,,,,,,,0.0,0.0,0.0,0.0,0
70.46,-0.1713,-0.3332,302.4958,0.0004,0.0,302.4959,,,,,,,,,,,,0.0,0.0,0.0,0.0,0
70.48,-0.1713,-0.3332,302.4958,0.0004,0.0,302.4959,,,,,,,,,,,,0.0,0.0,0.0,0.0,0
70.5,-0.172,-0.3306,302.487,0.0004,0.0,302.4871,,,,,,,,,,,,0.0,0.0,0.0,0.0,0
70.52,-0.172,-0.3306,302.487,0.0004,0.0,302.4871,,,,,,,,,,,,0.0,0.0,0.0,0.0,0
70.54,-0.172,-0.3306,302.487,0.0004,0.0,302.4871,,,,,,,,,,,,0.0,0.0,0.0,0.0,0
70.56,-0.172,-0.3306,302.487,0.0004,0.0,302.4871,,,,,,,,,,,,0.0,0.0,0.0,0.0,0
70.58,-0.172,-0.3306,302.487,0.0004,0.0,302.4871,,,,,,,,,,,,0.0,0.0,0.0,0.0,0
70.6,-0.1648,-0.3344,302.4881,0.0004,0.0,302.4881,,,,,,,,,,,,0.0,0.0,0.0,0.0,0
70.62,-0.1648,-0.3344,302.4881,0.0004,0.0,302.4881,,,,,,,,,,,,0.0,0.0,0.0,0.0,0
70.64,-0.1648,-0.3344,302.4881,0.0004,0.0,302.4881,,,,,,,,,,,,0.0,0.0,0.0,0.0,0
70.66,-0.1648,-0.3344,302.4881,0.0004,0.0,302.4881,,,,,,,,,,,,0.0,0.0,0.0,0.0,0
70.68,-0.1648,-0.3344,302.4881,0.0004,0.0,302.4881,,,,,,,,,,,,0.0,0.0,0.0,0.0,0
70.7,-0.1669,-0.3341,302.4806,0.0004,0.0,302.4806,,,,,,,,,,,,0.0,0.0,0.0,0.0,0
70.72,-0.1669,-0.3341,302.4806,0.0004,0.0,302.4806,,,,,,,,,,,,0.0,0.0,0.0,0.0,0
70.74,-0.1669,-0.3341,302.4806,0.0004,0.0,302.4806,,,,,,,,,,,,0.0,0.0,0.0,0.0,0
70.76,-0.1669,-0.3341,302.4806,0.0004,0.0,302.4806,,,,,,,,,,,,0.0,0.0,0.0,0.0,0
70.78,-0.1669,-0.3341,302.4806,0.0004,0.0,302.4806,,,,,,,,,,,,0.0,0.0,0.0,0.0,0
70.8,-0.1679,-0.3321,302.4809,0.0004,0.0,302.4809,,,,,,,,,,,,0.0,0.0,0.0,0.0,0
70.82,-0.1679,-0.3321,302.4809,0.0004,0.0,302.4809,,,,,,,,,,,,0.0,0.0,0.0,0.0,0
70.84,-0.1679,-0.3321,302.4809,0.0004,0.0,302.4809,,,,,,,,,,,,0.0,0.0,0.0,0.0,0
70.86,-0.1679,-0.3321,302.4809,0.0004,0.0,302.4809,,,,,,,,,,,,0.0,0.0,0.0,0.0,0
70.88,-0.1679,-0.3321,302.4809,0.0004,0.0,302.4809,,,,,,,,,,,,0.0,0.0,0.0,0.0,0
70.9,-0.1691,-0.3298,302.4771,0.0004,0.0,302.4771,,,,,,,,,,,,0.0,0.0,0.0,0.0,0
70.92,-0.1691,-0.3298,302.4771,0.0004,0.0,302.4771,,,,,,,,,,,,0.0,0.0,0.0,0.0,0
70.94,-0.1691,-0.3298,302.4771,0.0004,0.0,302.4771,,,,,,,,,,,,0.0,0.0,0.0,0.0,0
70.96,-0.1691,-0.3298,302.4771,0.0004,0.0,302.4771,,,,,,,,,,,,0.0,0.0,0.0,0.0,0
70.98,-0.1691,-0.3298,302.4771,0.0004,0.0,302.4771,,,,,,,,,,,,0.0,0.0,0.0,0.0,0
71.0,-0.1688,-0.3319,302.4769,0.0004,0.0,302.4769,,,,,,,,,,,,0.0,0.0,0.0,0.0,0
71.02,-0.1688,-0.3319,302.4769,0.0004,0.0,302.4769,,,,,,,,,,,,0.0,0.0,0.0,0.0,0
71.04,-0.1688,-0.3319,302.4769,0.0004,0.0,302.4769,,,,,,,,,,,,0.0,0.0,0.0,0.0,0
71.06,-0.1688,-0.3319,302.4769,0.0004,0.0,302.4769,,,,,,,,,,,,0.0,0.0,0.0,0.0,0
71.08,-0.1688,-0.3319,302.4769,0.0004,0.0,302.4769,,,,,,,,,,,,0.0,0.0,0.0,0.0,0
71.1,-0.1697,-0.3374,302.4706,0.0004,0.0,302.4706,,,,,,,,,,,,0.0,0.0,0.0,0.0,0
71.12,-0.1697,-0.3374,302.4706,0.0004,0.0,302.4706,,,,,,,,,,,,0.0,0.0,0.0,0.0,0
71.14,-0.1697,-0.3374,302.4706,0.0004,0.0,302.4706,,,,,,,,,,,,0.0,0.0,0.0,0.0,0
71.16,-0.1697,-0.3374,302.4706,0.0004,0.0,302.4706,,,,,,,,,,,,0.0,0.0,0.0,0.0,0
71.18,-0.1697,-0.3374,302.4706,0.0004,0.0,302.4706,,,,,,,,,,,,0.0,0.0,0.0,0.0,0
71.2,-0.1736,-0.3395,302.4684,0.0004,0.0,302.4684,,,,,,,,,,,,0.0,0.0,0.0,0.0,0
71.22,-0.1736,-0.3395,302.4684,0.0004,0.0,302.4684,,,,,,,,,,,,0.0,0.0,0.0,0.0,0
71.24,-0.1736,-0.3395,302.4684,0.0004,0.0,302.4684,,,,,,,,,,,,0.0,0.0,0.0,0.0,0
71.26,-0.1736,-0.3395,302.4684,0.0004,0.0,302.4684,,,,,,,,,,,,0.0,0.0,0.0,0.0,0
71.28,-0.1736,-0.3395,302.4684,0.0004,0.0,302.4684,,,,,,,,,,,,0.0,0.0,0.0,0.0,0
71.3,-0.1744,-0.3388,302.4637,0.0004,0.0,302.4637,,,,,,,,,,,,0.0,0.0,0.0,0.0,0
71.32,-0.1744,-0.3388,302.4637,0.0004,0.0,302.4637,,,,,,,,,,,,0.0,0.0,0.0,0.0,0
71.34,-0.1744,-0.3388,302.4637,0.0004,0.0,302.4637,,,,,,,,,,,,0.0,0.0,0.0,0.0,0
71.36,-0.1744,-0.3388,302.4637,0.0004,0.0,302.4637,,,,,,,,,,,,0.0,0.0,0.0,0.0,0
71.38,-0.1744,-0.3388,302.4637,0.0004,0.0,302.4637,,,,,,,,,,,,0.0,0.0,0.0,0.0,0
71.4,-0.1742,-0.339,302.4633,0.0004,0.0,302.4633,,,,,,,,,,,,0.0,0.0,0.0,0.0,0
71.42,-0.1742,-0.339,302.4633,0.0004,0.0,302.4633,,,,,,,,,,,,0.0,0.0,0.0,0.0,0
71.44,-0.1742,-0.339,302.4633,0.0004,0.0,302.4633,,,,,,,,,,,,0.0,0.0,0.0,0.0,0
71.46,-0.1742,-0.339,302.4633,0.0004,0.0,302.4633,,,,,,,,,,,,0.0,0.0,0.0,0.0,0
71.48,-0.1742,-0.339,302.4633,0.0004,0.0,302.4633,,,,,,,,,,,,0.0,0.0,0.0,0.0,0
71.5,-0.175,-0.3371,302.4601,0.0004,0.0,302.4601,,,,,,,,,,,,0.0,0.0,0.0,0.0,0
71.52,-0.175,-0.3371,302.4601,0.0004,0.0,302.4601,,,,,,,,,,,,0.0,0.0,0.0,0.0,0
71.54,-0.175,-0.3371,302.4601,0.0004,0.0,302.4601,,,,,,,,,,,,0.0,0.0,0.0,0.0,0
71.56,-0.175,-0.3371,302.4601,0.0004,0.0,302.4601,,,,,,,,,,,,0.0,0.0,0.0,0.0,0
71.58,-0.175,-0.3371,302.4601,0.0004,0.0,302.4601,,,,,,,,,,,,0.0,0.0,0.0,0.0,0
71.6,-0.1721,-0.3336,302.4606,0.0004,0.0,302.4606,,,,,,,,,,,,0.0,0.0,0.0,0.0,0
71.62,-0.1721,-0.3336,302.4606,0.0004,0.0,302.4606,,,,,,,,,,,,0.0,0.0,0.0,0.0,0
71.64,-0.1721,-0.3336,302.4606,0.0004,0.0,302.4606,,,,,,,,,,,,0.0,0.0,0.0,0.0,0
71.66,-0.1721,-0.3336,302.4606,0.0004,0.0,302.4606,,,,,,,,,,,,0.0,0.0,0.0,0.0,0
71.68,-0.1721,-0.3336,302.4606,0.0004,0.0,302.4606,,,,,,,,,,,,0.0,0.0,0.0,0.0,0
71.7,-0.1667,-0.3298,302.459,0.0004,0.0,302.459,,,,,,,,,,,,0.0,0.0,0.0,0.0,0
71.72,-0.1667,-0.3298,302.459,0.0004,0.0,302.459,,,,,,,,,,,,0.0,0.0,0.0,0.0,0
71.74,-0.1667,-0.3298,302.459,0.0004,0.0,302.459,,,,,,,,,,,,0.0,0.0,0.0,0.0,0
71.76,-0.1667,-0.3298,302.459,0.0004,0.0,302.459,,,,,,,,,,,,0.0,0.0,0.0,0.0,0
71.78,-0.1667,-0.3298,302.459,0.0004,0.0,302.459,,,,,,,,,,,,0.0,0.0,0.0,0.0,0
71.8,-0.1681,-0.3289,302.4554,0.0004,0.0,302.4554,,,,,,,,,,,,0.0,0.0,0.0,0.0,0
71.82,-0.1681,-0.3289,302.4554,0.0004,0.0,302.4554,,,,,,,,,,,,0.0,0.0,0.0,0.0,0
71.84,-0.1681,-0.3289,302.4554,0.0004,0.0,302.4554,,,,,,,,,,,,0.0,0.0,0.0,0.0,0
71.86,-0.1681,-0.3289,302.4554,0.0004,0.0,302.4554,,,,,,,,,,,,0.0,0.0,0.0,0.0,0
71.88,-0.1681,-0.3289,302.4554,0.0004,0.0,302.4554,,,,,,,,,,,,0.0,0.0,0.0,0.0,0
71.9,-0.1661,-0.3277,302.4546,0.0004,0.0,302.4546,,,,,,,,,,,,0.0,0.0,0.0,0.0,0
71.92,-0.1661,-0.3277,302.4546,0.0004,0.0,302.4546,,,,,,,,,,,,0.0,0.0,0.0,0.0,0
71.94,-0.1661,-0.3277,302.4546,0.0004,0.0,302.4546,,,,,,,,,,,,0.0,0.0,0.0,0.0,0
71.96,-0.1661,-0.3277,302.4546,0.0004,0.0,302.4546,,,,,,,,,,,,0.0,0.0,0.0,0.0,0
71.98,-0.1661,-0.3277,302.4546,0.0004,0.0,302.4546,,,,,,,,,,,,0.0,0.0,0.0,0.0,0
72.0,-0.1638,-0.3267,302.449,0.0004,0.0,302.449,,,,,,,,,,,,0.0,0.0,0.0,0.0,0
72.02,-0.1638,-0.3267,302.449,0.0004,0.0,302.449,,,,,,,,,,,,0.0,0.0,0.0,0.0,0
72.04,-0.1638,-0.3267,302.449,0.0004,0.0,302.449,,,,,,,,,,,,0.0,0.0,0.0,0.0,0
72.06,-0.1638,-0.3267,302.449,0.0004,0.0,302.449,,,,,,,,,,,,0.0,0.0,0.0,0.0,0
72.08,-0.1638,-0.3267,302.449,0.0004,0.0,302.449,,,,,,,,,,,,0.0,0.0,0.0,0.0,0
72.1,-0.1607,-0.3269,302.4516,0.0004,0.0,302.4515,,,,,,,,,,,,0.0,0.0,0.0,0.0,0
72.12,-0.1607,-0.3269,302.4516,0.0004,0.0,302.4515,,,,,,,,,,,,0.0,0.0,0.0,0.0,0
72.14,-0.1607,-0.3269,302.4516,0.0004,0.0,302.4515,,,,,,,,,,,,0.0,0.0,0.0,0.0,0
72.16,-0.1607,-0.3269,302.4516,0.0004,0.0,302.4515,,,,,,,,,,,,0.0,0.0,0.0,0.0,0
72.18,-0.1607,-0.3269,302.4516,0.0004,0.0,302.4515,,,,,,,,,,,,0.0,0.0,0.0,0.0,0
72.2,-0.1642,-0.323,302.4446,0.0004,0.0,302.4446,,,,,,,,,,,,0.0,0.0,0.0,0.0,0
72.22,-0.1642,-0.323,302.4446,0.0004,0.0,302.4446,,,,,,,,,,,,0.0,0.0,0.0,0.0,0
72.24,-0.1642,-0.323,302.4446,0.0004,0.0,302.4446,,,,,,,,,,,,0.0,0.0,0.0,0.0,0
72.26,-0.1642,-0.323,302.4446,0.0004,0.0,302.4446,,,,,,,,,,,,0.0,0.0,0.0,0.0,0
72.28,-0.1642,-0.323,302.4446,0.0004,0.0,302.4446,,,,,,,,,,,,0.0,0.0,0.0,0.0,0
72.3,-0.1616,-0.3263,302.4417,0.0004,0.0,302.4417,,,,,,,,,,,,0.0,0.0,0.0,0.0,0
72.32,-0.1616,-0.3263,302.4417,0.0004,0.0,302.4417,,,,,,,,,,,,0.0,0.0,0.0,0.0,0
72.34,-0.1616,-0.3263,302.4417,0.0004,0.0,302.4417,,,,,,,,,,,,0.0,0.0,0.0,0.0,0
72.36,-0.1616,-0.3263,302.4417,0.0004,0.0,302.4417,,,,,,,,,,,,0.0,0.0,0.0,0.0,0
72.38,-0.1616,-0.3263,302.4417,0.0004,0.0,302.4417,,,,,,,,,,,,0.0,0.0,0.0,0.0,0
72.4,-0.1602,-0.3339,302.4374,0.0004,0.0,302.4374,,,,,,,,,,,,0.0,0.0,0.0,0.0,0
72.42,-0.1602,-0.3339,302.4374,0.0004,0.0,302.4374,,,,,,,,,,,,0.0,0.0,0.0,0.0,0
72.44,-0.1602,-0.3339,302.4374,0.0004,0.0,302.4374,,,,,,,,,,,,0.0,0.0,0.0,0.0,0
72.46,-0.1602,-0.3339,302.4374,0.0004,0.0,302.4374,,,,,,,,,,,,0.0,0.0,0.0,0.0,0
72.48,-0.1602,-0.3339,302.4374,0.0004,0.0,302.4374,,,,,,,,,,,,0.0,0.0,0.0,0.0,0
72.5,-0.1666,-0.3351,302.4333,0.0004,0.0,302.4333,,,,,,,,,,,,0.0,0.0,0.0,0.0,0
72.52,-0.1666,-0.3351,302.4333,0.0004,0.0,302.4333,,,,,,,,,,,,0.0,0.0,0.0,0.0,0
72.54,-0.1666,-0.3351,302.4333,0.0004,0.0,302.4333,,,,,,,,,,,,0.0,0.0,0.0,0.0,0
72.56,-0.1666,-0.3351,302.4333,0.0004,0.0,302.4333,,,,,,,,,,,,0.0,0.0,0.0,0.0,0
72.58,-0.1666,-0.3351,302.4333,0.0004,0.0,302.4333,,,,,,,,,,,,0.0,0.0,0.0,0.0,0
72.6,-0.1691,-0.3342,302.4329,0.0004,0.0,302.4329,,,,,,,,,,,,0.0,0.0,0.0,0.0,0
72.62,-0.1691,-0.3342,302.4329,0.0004,0.0,302.4329,,,,,,,,,,,,0.0,0.0,0.0,0.0,0
72.64,-0.1691,-0.3342,302.4329,0.0004,0.0,302.4329,,,,,,,,,,,,0.0,0.0,0.0,0.0,0
72.66,-0.1691,-0.3342,302.4329,0.0004,0.0,302.4329,,,,,,,,,,,,0.0,0.0,0.0,0.0,0
72.68,-0.1691,-0.3342,302.4329,0.0004,0.0,302.4329,,,,,,,,,,,,0.0,0.0,0.0,0.0,0
72.7,-0.1682,-0.3314,302.4299,0.0004,0.0,302.4299,,,,,,,,,,,,0.0,0.0,0.0,0.0,0
72.72,-0.1682,-0.3314,302.4299,0.0004,0.0,302.4299,,,,,,,,,,,,0.0,0.0,0.0,0.0,0
72.74,-0.1682,-0.3314,302.4299,0.0004,0.0,302.4299,,,,,,,,,,,,0.0,0.0,0.0,0.0,0
72.76,-0.1682,-0.3314,302.4299,0.0004,0.0,302.4299,,,,,,,,,,,,0.0,0.0,0.0,0.0,0
72.78,-0.1682,-0.3314,302.4299,0.0004,0.0,302.4299,,,,,,,,,,,,0.0,0.0,0.0,0.0,0
72.8,-0.1709,-0.33,302.4254,0.0004,0.0,302.4254,,,,,,,,,,,,0.0,0.0,0.0,0.0,0
72.82,-0.1709,-0.33,302.4254,0.0004,0.0,302.4254,,,,,,,,,,,,0.0,0.0,0.0,0.0,0
72.84,-0.1709,-0.33,302.4254,0.0004,0.0,302.4254,,,,,,,,,,,,0.0,0.0,0.0,0.0,0
72.86,-0.1709,-0.33,302.4254,0.0004,0.0,302.4254,,,,,,,,,,,,0.0,0.0,0.0,0.0,0
72.88,-0.1709,-0.33,302.4254,0.0004,0.0,302.4254,,,,,,,,,,,,0.0,0.0,0.0,0.0,0
72.9,-0.1761,-0.3303,302.421,0.0004,0.0,302.421,,,,,,,,,,,,0.0,0.0,0.0,0.0,0
72.92,-0.1761,-0.3303,302.421,0.0004,0.0,302.421,,,,,,,,,,,,0.0,0.0,0.0,0.0,0
72.94,-0.1761,-0.3303,302.421,0.0004,0.0,302.421,,,,,,,,,,,,0.0,0.0,0.0,0.0,0
72.96,-0.1761,-0.3303,302.421,0.0004,0.0,302.421,,,,,,,,,,,,0.0,0.0,0.0,0.0,0
72.98,-0.1761,-0.3303,302.421,0.0004,0.0,302.421,,,,,,,,,,,,0.0,0.0,0.0,0.0,0
73.0,-0.1741,-0.3352,302.4196,0.0004,0.0,302.4196,,,,,,,,,,,,0.0,0.0,0.0,0.0,0
73.02,-0.1741,-0.3352,302.4196,0.0004,0.0,302.4196,,,,,,,,,,,,0.0,0.0,0.0,0.0,0
73.04,-0.1741,-0.3352,302.4196,0.0004,0.0,302.4196,,,,,,,,,,,,0.0,0.0,0.0,0.0,0
73.06,-0.1741,-0.3352,302.4196,0.0004,0.0,302.4196,,,,,,,,,,,,0.0,0.0,0.0,0.0,0
73.08,-0.1741,-0.3352,302.4196,0.0004,0.0,302.4196,,,,,,,,,,,,0.0,0.0,0.0,0.0,0
73.1,-0.1768,-0.3369,302.4178,0.0004,0.0,302.4178,,,,,,,,,,,,0.0,0.0,0.0,0.0,0
73.12,-0.1768,-0.3369,302.4178,0.0004,0.0,302.4178,,,,,,,,,,,,0.0,0.0,0.0,0.0,0
73.14,-0.1768,-0.3369,302.4178,0.0004,0.0,302.4178,,,,,,,,,,,,0.0,0.0,0.0,0.0,0
73.16,-0.1768,-0.3369,302.4178,0.0004,0.0,302.4178,,,,,,,,,,,,0.0,0.0,0.0,0.0,0
73.18,-0.1768,-0.3369,302.4178,0.0004,0.0,302.4178,,,,,,,,,,,,0.0,0.0,0.0,0.0,0
73.2,-0.1751,-0.328,302.4206,0.0004,0.0,302.4206,,,,,,,,,,,,0.0,0.0,0.0,0.0,0
73.22,-0.1751,-0.328,302.4206,0.0004,0.0,302.4206,,,,,,,,,,,,0.0,0.0,0.0,0.0,0
73.24,-0.1751,-0.328,302.4206,0.0004,0.0,302.4206,,,,,,,,,,,,0.0,0.0,0.0,0.0,0
73.26,-0.1751,-0.328,302.4206,0.0004,0.0,302.4206,,,,,,,,,,,,0.0,0.0,0.0,0.0,0
73.28,-0.1751,-0.328,302.4206,0.0004,0.0,302.4206,,,,,,,,,,,,0.0,0.0,0.0,0.0,0
73.3,-0.1721,-0.3248,302.4168,0.0004,0.0,302.4168,,,,,,,,,,,,0.0,0.0,0.0,0.0,0
73.32,-0.1721,-0.3248,302.4168,0.0004,0.0,302.4168,,,,,,,,,,,,0.0,0.0,0.0,0.0,0
73.34,-0.1721,-0.3248,302.4168,0.0004,0.0,302.4168,,,,,,,,,,,,0.0,0.0,0.0,0.0,0
73.36,-0.1721,-0.3248,302.4168,0.0004,0.0,302.4168,,,,,,,,,,,,0.0,0.0,0.0,0.0,0
73.38,-0.1721,-0.3248,302.4168,0.0004,0.0,302.4168,,,,,,,,,,,,0.0,0.0,0.0,0.0,0
73.4,-0.1721,-0.3283,302.414,0.0004,0.0,302.414,,,,,,,,,,,,0.0,0.0,0.0,0.0,0
73.42,-0.1721,-0.3283,302.414,0.0004,0.0,302.414,,,,,,,,,,,,0.0,0.0,0.0,0.0,0
73.44,-0.1721,-0.3283,302.414,0.0004,0.0,302.414,,,,,,,,,,,,0.0,0.0,0.0,0.0,0
73.46,-0.1721,-0.3283,302.414,0.0004,0.0,302.414,,,,,,,,,,,,0.0,0.0,0.0,0.0,0
73.48,-0.1721,-0.3283,302.414,0.0004,0.0,302.414,,,,,,,,,,,,0.0,0.0,0.0,0.0,0
73.5,-0.1697,-0.3321,302.4113,0.0004,0.0,302.4113,,,,,,,,,,,,0.0,0.0,0.0,0.0,0
73.52,-0.1697,-0.3321,302.4113,0.0004,0.0,302.4113,,,,,,,,,,,,0.0,0.0,0.0,0.0,0
73.54,-0.1697,-0.3321,302.4113,0.0004,0.0,302.4113,,,,,,,,,,,,0.0,0.0,0.0,0.0,0
73.56,-0.1697,-0.3321,302.4113,0.0004,0.0,302.4113,,,,,,,,,,,,0.0,0.0,0.0,0.0,0
73.58,-0.1697,-0.3321,302.4113,0.0004,0.0,302.4113,,,,,,,,,,,,0.0,0.0,0.0,0.0,0
73.6,-0.1703,-0.3361,302.4087,0.0004,0.0,302.4088,,,,,,,,,,,,0.0,0.0,0.0,0.0,0
73.62,-0.1703,-0.3361,302.4087,0.0004,0.0,302.4088,,,,,,,,,,,,0.0,0.0,0.0,0.0,0
73.64,-0.1703,-0.3361,302.4087,0.0004,0.0,302.4088,,,,,,,,,,,,0.0,0.0,0.0,0.0,0
73.66,-0.1703,-0.3361,302.4087,0.0004,0.0,302.4088,,,,,,,,,,,,0.0,0.0,0.0,0.0,0
73.68,-0.1703,-0.3361,302.4087,0.0004,0.0,302.4088,,,,,,,,,,,,0.0,0.0,0.0,0.0,0
73.7,-0.1704,-0.3371,302.4095,0.0004,0.0,302.4095,,,,,,,,,,,,0.0,0.0,0.0,0.0,0
73.72,-0.1704,-0.3371,302.4095,0.0004,0.0,302.4095,,,,,,,,,,,,0.0,0.0,0.0,0.0,0
73.74,-0.1704,-0.3371,302.4095,0.0004,0.0,302.4095,,,,,,,,,,,,0.0,0.0,0.0,0.0,0
73.76,-0.1704,-0.3371,302.4095,0.0004,0.0,302.4095,,,,,,,,,,,,0.0,0.0,0.0,0.0,0
73.78,-0.1704,-0.3371,302.4095,0.0004,0.0,302.4095,,,,,,,,,,,,0.0,0.0,0.0,0.0,0
73.8,-0.1734,-0.3339,302.4067,0.0004,0.0,302.4067,,,,,,,,,,,,0.0,0.0,0.0,0.0,0
73.82,-0.1734,-0.3339,302.4067,0.0004,0.0,302.4067,,,,,,,,,,,,0.0,0.0,0.0,0.0,0
73.84,-0.1734,-0.3339,302.4067,0.0004,0.0,302.4067,,,,,,,,,,,,0.0,0.0,0.0,0.0,0
73.86,-0.1734,-0.3339,302.4067,0.0004,0.0,302.4067,,,,,,,,,,,,0.0,0.0,0.0,0.0,0
73.88,-0.1734,-0.3339,302.4067,0.0004,0.0,302.4067,,,,,,,,,,,,0.0,0.0,0.0,0.0,0
73.9,-0.1712,-0.333,302.4023,0.0004,0.0,302.4023,,,,,,,,,,,,0.0,0.0,0.0,0.0,0
73.92,-0.1712,-0.333,302.4023,0.0004,0.0,302.4023,,,,,,,,,,,,0.0,0.0,0.0,0.0,0
73.94,-0.1712,-0.333,302.4023,0.0004,0.0,302.4023,,,,,,,,,,,,0.0,0.0,0.0,0.0,0
73.96,-0.1712,-0.333,302.4023,0.0004,0.0,302.4023,,,,,,,,,,,,0.0,0.0,0.0,0.0,0
73.98,-0.1712,-0.333,302.4023,0.0004,0.0,302.4023,,,,,,,,,,,,0.0,0.0,0.0,0.0,0
74.0,-0.1709,-0.3348,302.404,0.0004,0.0,302.404,,,,,,,,,,,,0.0,0.0,0.0,0.0,0
74.02,-0.1709,-0.3348,302.404,0.0004,0.0,302.404,,,,,,,,,,,,0.0,0.0,0.0,0.0,0
74.04,-0.1709,-0.3348,302.404,0.0004,0.0,302.404,,,,,,,,,,,,0.0,0.0,0.0,0.0,0
74.06,-0.1709,-0.3348,302.404,0.0004,0.0,302.404,,,,,,,,,,,,0.0,0.0,0.0,0.0,0
74.08,-0.1709,-0.3348,302.404,0.0004,0.0,302.404,,,,,,,,,,,,0.0,0.0,0.0,0.0,0
74.1,-0.1732,-0.3329,302.4022,0.0004,0.0,302.4022,,,,,,,,,,,,0.0,0.0,0.0,0.0,0
74.12,-0.1732,-0.3329,302.4022,0.0004,0.0,302.4022,,,,,,,,,,,,0.0,0.0,0.0,0.0,0
74.14,-0.1732,-0.3329,302.4022,0.0004,0.0,302.4022,,,,,,,,,,,,0.0,0.0,0.0,0.0,0
74.16,-0.1732,-0.3329,302.4022,0.0004,0.0,302.4022,,,,,,,,,,,,0.0,0.0,0.0,0.0,0
74.18,-0.1732,-0.3329,302.4022,0.0004,0.0,302.4022,,,,,,,,,,,,0.0,0.0,0.0,0.0,0
74.2,-0.1725,-0.3247,302.3979,0.0004,0.0,302.3979,,,,,,,,,,,,0.0,0.0,0.0,0.0,0
74.22,-0.1725,-0.3247,302.3979,0.0004,0.0,302.3979,,,,,,,,,,,,0.0,0.0,0.0,0.0,0
74.24,-0.1725,-0.3247,302.3979,0.0004,0.0,302.3979,,,,,,,,,,,,0.0,0.0,0.0,0.0,0
74.26,-0.1725,-0.3247,302.3979,0.0004,0.0,302.3979,,,,,,,,,,,,0.0,0.0,0.0,0.0,0
74.28,-0.1725,-0.3247,302.3979,0.0004,0.0,302.3979,,,,,,,,,,,,0.0,0.0,0.0,0.0,0
74.3,-0.1744,-0.3208,302.3946,0.0004,0.0,302.3946,,,,,,,,,,,,0.0,0.0,0.0,0.0,0
74.32,-0.1744,-0.3208,302.3946,0.0004,0.0,302.3946,,,,,,,,,,,,0.0,0.0,0.0,0.0,0
74.34,-0.1744,-0.3208,302.3946,0.0004,0.0,302.3946,,,,,,,,,,,,0.0,0.0,0.0,0.0,0
74.36,-0.1744,-0.3208,302.3946,0.0004,0.0,302.3946,,,,,,,,,,,,0.0,0.0,0.0,0.0,0
74.38,-0.1744,-0.3208,302.3946,0.0004,0.0,302.3946,,,,,,,,,,,,0.0,0.0,0.0,0.0,0
74.4,-0.1793,-0.3184,302.3909,0.0004,0.0,302.3909,,,,,,,,,,,,0.0,0.0,0.0,0.0,0
74.42,-0.1793,-0.3184,302.3909,0.0004,0.0,302.3909,,,,,,,,,,,,0.0,0.0,0.0,0.0,0
74.44,-0.1793,-0.3184,302.3909,0.0004,0.0,302.3909,,,,,,,,,,,,0.0,0.0,0.0,0.0,0
74.46,-0.1793,-0.3184,302.3909,0.0004,0.0,302.3909,,,,,,,,,,,,0.0,0.0,0.0,0.0,0
74.48,-0.1793,-0.3184,302.3909,0.0004,0.0,302.3909,,,,,,,,,,,,0.0,0.0,0.0,0.0,0
74.5,-0.1772,-0.3199,302.3876,0.0004,0.0,302.3876,,,,,,,,,,,,0.0,0.0,0.0,0.0,0
74.52,-0.1772,-0.3199,302.3876,0.0004,0.0,302.3876,,,,,,,,,,,,0.0,0.0,0.0,0.0,0
74.54,-0.1772,-0.3199,302.3876,0.0004,0.0,302.3876,,,,,,,,,,,,0.0,0.0,0.0,0.0,0
74.56,-0.1772,-0.3199,302.3876,0.0004,0.0,302.3876,,,,,,,,,,,,0.0,0.0,0.0,0.0,0
74.58,-0.1772,-0.3199,302.3876,0.0004,0.0,302.3876,,,,,,,,,,,,0.0,0.0,0.0,0.0,0
74.6,-0.1775,-0.3213,302.3862,0.0004,0.0,302.3863,,,,,,,,,,,,0.0,0.0,0.0,0.0,0
74.62,-0.1775,-0.3213,302.3862,0.0004,0.0,302.3863,,,,,,,,,,,,0.0,0.0,0.0,0.0,0
74.64,-0.1775,-0.3213,302.3862,0.0004,0.0,302.3863,,,,,,,,,,,,0.0,0.0,0.0,0.0,0
74.66,-0.1775,-0.3213,302.3862,0.0004,0.0,302.3863,,,,,,,,,,,,0.0,0.0,0.0,0.0,0
74.68,-0.1775,-0.3213,302.3862,0.0004,0.0,302.3863,,,,,,,,,,,,0.0,0.0,0.0,0.0,0
74.7,-0.1727,-0.3242,302.3844,0.0004,0.0,302.3844,,,,,,,,,,,,0.0,0.0,0.0,0.0,0
74.72,-0.1727,-0.3242,302.3844,0.0004,0.0,302.3844,,,,,,,,,,,,0.0,0.0,0.0,0.0,0
74.74,-0.1727,-0.3242,302.3844,0.0004,0.0,302.3844,,,,,,,,,,,,0.0,0.0,0.0,0.0,0
74.76,-0.1727,-0.3242,302.3844,0.0004,0.0,302.3844,,,,,,,,,,,,0.0,0.0,0.0,0.0,0
74.78,-0.1727,-0.3242,302.3844,0.0004,0.0,302.3844,,,,,,,,,,,,0.0,0.0,0.0,0.0,0
74.8,-0.1726,-0.3218,302.3837,0.0004,0.0,302.3837,,,,,,,,,,,,0.0,0.0,0.0,0.0,0
74.82,-0.1726,-0.3218,302.3837,0.0004,0.0,302.3837,,,,,,,,,,,,0.0,0.0,0.0,0.0,0
74.84,-0.1726,-0.3218,302.3837,0.0004,0.0,302.3837,,,,,,,,,,,,0.0,0.0,0.0,0.0,0
74.86,-0.1726,-0.3218,302.3837,0.0004,0.0,302.3837,,,,,,,,,,,,0.0,0.0,0.0,0.0,0
74.88,-0.1726,-0.3218,302.3837,0.0004,0.0,302.3837,,,,,,,,,,,,0.0,0.0,0.0,0.0,0
74.9,-0.1759,-0.3188,302.3777,0.0004,0.0,302.3777,,,,,,,,,,,,0.0,0.0,0.0,0.0,0
74.92,-0.1759,-0.3188,302.3777,0.0004,0.0,302.3777,,,,,,,,,,,,0.0,0.0,0.0,0.0,0
74.94,-0.1759,-0.3188,302.3777,0.0004,0.0,302.3777,,,,,,,,,,,,0.0,0.0,0.0,0.0,0
74.96,-0.1759,-0.3188,302.3777,0.0004,0.0,302.3777,,,,,,,,,,,,0.0,0.0,0.0,0.0,0
74.98,-0.1759,-0.3188,302.3777,0.0004,0.0,302.3777,,,,,,,,,,,,0.0,0.0,0.0,0.0,0
75.0,-0.1782,-0.3214,302.3742,0.0004,0.0,302.3742,,,,,,,,,,,,0.0,0.0,0.0,0.0,0
75.02,-0.1782,-0.3214,302.3742,0.0004,0.0,302.3742,,,,,,,,,,,,0.0,0.0,0.0,0.0,0
75.04,-0.1782,-0.3214,302.3742,0.0004,0.0,302.3742,,,,,,,,,,,,0.0,0.0,0.0,0.0,0
75.06,-0.1782,-0.3214,302.3742,0.0004,0.0,302.3742,,,,,,,,,,,,0.0,0.0,0.0,0.0,0
75.08,-0.1782,-0.3214,302.3742,0.0004,0.0,302.3742,,,,,,,,,,,,0.0,0.0,0.0,0.0,0
75.1,-0.1787,-0.3223,302.3748,0.0004,0.0,302.3748,,,,,,,,,,,,0.0,0.0,0.0,0.0,0
75.12,-0.1787,-0.3223,302.3748,0.0004,0.0,302.3748,,,,,,,,,,,,0.0,0.0,0.0,0.0,0
75.14,-0.1787,-0.3223,302.3748,0.0004,0.0,302.3748,,,,,,,,,,,,0.0,0.0,0.0,0.0,0
75.16,-0.1787,-0.3223,302.3748,0.0004,0.0,302.3748,,,,,,,,,,,,0.0,0.0,0.0,0.0,0
75.18,-0.1787,-0.3223,302.3748,0.0004,0.0,302.3748,,,,,,,,,,,,0.0,0.0,0.0,0.0,0
75.2,-0.1772,-0.3208,302.3697,0.0004,0.0,302.3697,,,,,,,,,,,,0.0,0.0,0.0,0.0,0
75.22,-0.1772,-0.3208,302.3697,0.0004,0.0,302.3697,,,,,,,,,,,,0.0,0.0,0.0,0.0,0
75.24,-0.1772,-0.3208,302.3697,0.0004,0.0,302.3697,,,,,,,,,,,,0.0,0.0,0.0,0.0,0
75.26,-0.1772,-0.3208,302.3697,0.0004,0.0,302.3697,,,,,,,,,,,,0.0,0.0,0.0,0.0,0
75.28,-0.1772,-0.3208,302.3697,0.0004,0.0,302.3697,,,,,,,,,,,,0.0,0.0,0.0,0.0,0
75.3,-0.1783,-0.3224,302.368,0.0004,0.0,302.368,,,,,,,,,,,,0.0,0.0,0.0,0.0,0
75.32,-0.1783,-0.3224,302.368,0.0004,0.0,302.368,,,,,,,,,,,,0.0,0.0,0.0,0.0,0
75.34,-0.1783,-0.3224,302.368,0.0004,0.0,302.368,,,,,,,,,,,,0.0,0.0,0.0,0.0,0
75.36,-0.1783,-0.3224,302.368,0.0004,0.0,302.368,,,,,,,,,,,,0.0,0.0,0.0,0.0,0
75.38,-0.1783,-0.3224,302.368,0.0004,0.0,302.368,,,,,,,,,,,,0.0,0.0,0.0,0.0,0
75.4,-0.1774,-0.3229,302.3619,0.0004,0.0,302.3619,,,,,,,,,,,,0.0,0.0,0.0,0.0,0
75.42,-0.1774,-0.3229,302.3619,0.0004,0.0,302.3619,,,,,,,,,,,,0.0,0.0,0.0,0.0,0
75.44,-0.1774,-0.3229,302.3619,0.0004,0.0,302.3619,,,,,,,,,,,,0.0,0.0,0.0,0.0,0
75.46,-0.1774,-0.3229,302.3619,0.0004,0.0,302.3619,,,,,,,,,,,,0.0,0.0,0.0,0.0,0
75.48,-0.1774,-0.3229,302.3619,0.0004,0.0,302.3619,,,,,,,,,,,,0.0,0.0,0.0,0.0,0
75.5,-0.1792,-0.3255,302.3573,0.0004,0.0,302.3573,,,,,,,,,,,,0.0,0.0,0.0,0.0,0
75.52,-0.1792,-0.3255,302.3573,0.0004,0.0,302.3573,,,,,,,,,,,,0.0,0.0,0.0,0.0,0
75.54,-0.1792,-0.3255,302.3573,0.0004,0.0,302.3573,,,,,,,,,,,,0.0,0.0,0.0,0.0,0
75.56,-0.1792,-0.3255,302.3573,0.0004,0.0,302.3573,,,,,,,,,,,,0.0,0.0,0.0,0.0,0
75.58,-0.1792,-0.3255,302.3573,0.0004,0.0,302.3573,,,,,,,,,,,,0.0,0.0,0.0,0.0,0
75.6,-0.1788,-0.3256,302.3494,0.0004,0.0,302.3494,,,,,,,,,,,,0.0,0.0,0.0,0.0,0
75.62,-0.1788,-0.3256,302.3494,0.0004,0.0,302.3494,,,,,,,,,,,,0.0,0.0,0.0,0.0,0
75.64,-0.1788,-0.3256,302.3494,0.0004,0.0,302.3494,,,,,,,,,,,,0.0,0.0,0.0,0.0,0
75.66,-0.1788,-0.3256,302.3494,0.0004,0.0,302.3494,,,,,,,,,,,,0.0,0.0,0.0,0.0,0
75.68,-0.1788,-0.3256,302.3494,0.0004,0.0,302.3494,,,,,,,,,,,,0.0,0.0,0.0,0.0,0
75.7,-0.1716,-0.3296,302.3483,0.0004,0.0,302.3483,,,,,,,,,,,,0.0,0.0,0.0,0.0,0
75.72,-0.1716,-0.3296,302.3483,0.0004,0.0,302.3483,,,,,,,,,,,,0.0,0.0,0.0,0.0,0
75.74,-0.1716,-0.3296,302.3483,0.0004,0.0,302.3483,,,,,,,,,,,,0.0,0.0,0.0,0.0,0
75.76,-0.1716,-0.3296,302.3483,0.0004,0.0,302.3483,,,,,,,,,,,,0.0,0.0,0.0,0.0,0
75.78,-0.1716,-0.3296,302.3483,0.0004,0.0,302.3483,,,,,,,,,,,,0.0,0.0,0.0,0.0,0
75.8,-0.1794,-0.3287,302.3434,0.0004,0.0,302.3434,,,,,,,,,,,,0.0,0.0,0.0,0.0,0
75.82,-0.1794,-0.3287,302.3434,0.0004,0.0,302.3434,,,,,,,,,,,,0.0,0.0,0.0,0.0,0
75.84,-0.1794,-0.3287,302.3434,0.0004,0.0,302.3434,,,,,,,,,,,,0.0,0.0,0.0,0.0,0
75.86,-0.1794,-0.3287,302.3434,0.0004,0.0,302.3434,,,,,,,,,,,,0.0,0.0,0.0,0.0,0
75.88,-0.1794,-0.3287,302.3434,0.0004,0.0,302.3434,,,,,,,,,,,,0.0,0.0,0.0,0.0,0
75.9,-0.1788,-0.3264,302.3437,0.0004,0.0,302.3437,,,,,,,,,,,,0.0,0.0,0.0,0.0,0
75.92,-0.1788,-0.3264,302.3437,0.0004,0.0,302.3437,,,,,,,,,,,,0.0,0.0,0.0,0.0,0
75.94,-0.1788,-0.3264,302.3437,0.0004,0.0,302.3437,,,,,,,,,,,,0.0,0.0,0.0,0.0,0
75.96,-0.1788,-0.3264,302.3437,0.0004,0.0,302.3437,,,,,,,,,,,,0.0,0.0,0.0,0.0,0
75.98,-0.1788,-0.3264,302.3437,0.0004,0.0,302.3437,,,,,,,,,,,,0.0,0.0,0.0,0.0,0
76.0,-0.182,-0.3219,302.3435,0.0004,0.0,302.3435,,,,,,,,,,,,0.0,0.0,0.0,0.0,0
76.02,-0.182,-0.3219,302.3435,0.0004,0.0,302.3435,,,,,,,,,,,,0.0,0.0,0.0,0.0,0
76.04,-0.182,-0.3219,302.3435,0.0004,0.0,302.3435,,,,,,,,,,,,0.0,0.0,0.0,0.0,0
76.06,-0.182,-0.3219,302.3435,0.0004,0.0,302.3435,,,,,,,,,,,,0.0,0.0,0.0,0.0,0
76.08,-0.182,-0.3219,302.3435,0.0004,0.0,302.3435,,,,,,,,,,,,0.0,0.0,0.0,0.0,0
76.1,-0.1835,-0.3173,302.3409,0.0004,0.0,302.3409,,,,,,,,,,,,0.0,0.0,0.0,0.0,0
76.12,-0.1835,-0.3173,302.3409,0.0004,0.0,302.3409,,,,,,,,,,,,0.0,0.0,0.0,0.0,0
76.14,-0.1835,-0.3173,302.3409,0.0004,0.0,302.3409,,,,,,,,,,,,0.0,0.0,0.0,0.0,0
76.16,-0.1835,-0.3173,302.3409,0.0004,0.0,302.3409,,,,,,,,,,,,0.0,0.0,0.0,0.0,0
76.18,-0.1835,-0.3173,302.3409,0.0004,0.0,302.3409,,,,,,,,,,,,0.0,0.0,0.0,0.0,0
76.2,-0.1842,-0.3127,302.337,0.0004,0.0,302.337,,,,,,,,,,,,0.0,0.0,0.0,0.0,0
76.22,-0.1842,-0.3127,302.337,0.0004,0.0,302.337,,,,,,,,,,,,0.0,0.0,0.0,0.0,0
76.24,-0.1842,-0.3127,302.337,0.0004,0.0,302.337,,,,,,,,,,,,0.0,0.0,0.0,0.0,0
76.26,-0.1842,-0.3127,302.337,0.0004,0.0,302.337,,,,,,,,,,,,0.0,0.0,0.0,0.0,0
76.28,-0.1842,-0.3127,302.337,0.0004,0.0,302.337,,,,,,,,,,,,0.0,0.0,0.0,0.0,0
76.3,-0.1851,-0.3084,302.3377,0.0004,0.0,302.3377,,,,,,,,,,,,0.0,0.0,0.0,0.0,0
76.32,-0.1851,-0.3084,302.3377,0.0004,0.0,302.3377,,,,,,,,,,,,0.0,0.0,0.0,0.0,0
76.34,-0.1851,-0.3084,302.3377,0.0004,0.0,302.3377,,,,,,,,,,,,0.0,0.0,0.0,0.0,0
76.36,-0.1851,-0.3084,302.3377,0.0004,0.0,302.3377,,,,,,,,,,,,0.0,0.0,0.0,0.0,0
76.38,-0.1851,-0.3084,302.3377,0.0004,0.0,302.3377,,,,,,,,,,,,0.0,0.0,0.0,0.0,0
76.4,-0.1775,-0.3098,302.3313,0.0004,0.0,302.3314,,,,,,,,,,,,0.0,0.0,0.0,0.0,0
76.42,-0.1775,-0.3098,302.3313,0.0004,0.0,302.3314,,,,,,,,,,,,0.0,0.0,0.0,0.0,0
76.44,-0.1775,-0.3098,302.3313,0.0004,0.0,302.3314,,,,,,,,,,,,0.0,0.0,0.0,0.0,0
76.46,-0.1775,-0.3098,302.3313,0.0004,0.0,302.3314,,,,,,,,,,,,0.0,0.0,0.0,0.0,0
76.48,-0.1775,-0.3098,302.3313,0.0004,0.0,302.3314,,,,,,,,,,,,0.0,0.0,0.0,0.0,0
76.5,-0.177,-0.3109,302.3347,0.0004,0.0,302.3347,,,,,,,,,,,,0.0,0.0,0.0,0.0,0
76.52,-0.177,-0.3109,302.3347,0.0004,0.0,302.3347,,,,,,,,,,,,0.0,0.0,0.0,0.0,0
76.54,-0.177,-0.3109,302.3347,0.0004,0.0,302.3347,,,,,,,,,,,,0.0,0.0,0.0,0.0,0
76.56,-0.177,-0.3109,302.3347,0.0004,0.0,302.3347,,,,,,,,,,,,0.0,0.0,0.0,0.0,0
76.58,-0.177,-0.3109,302.3347,0.0004,0.0,302.3347,,,,,,,,,,,,0.0,0.0,0.0,0.0,0
76.6,-0.1802,-0.3176,302.3235,0.0004,0.0,302.3235,,,,,,,,,,,,0.0,0.0,0.0,0.0,0
76.62,-0.1802,-0.3176,302.3235,0.0004,0.0,302.3235,,,,,,,,,,,,0.0,0.0,0.0,0.0,0
76.64,-0.1802,-0.3176,302.3235,0.0004,0.0,302.3235,,,,,,,,,,,,0.0,0.0,0.0,0.0,0
76.66,-0.1802,-0.3176,302.3235,0.0004,0.0,302.3235,,,,,,,,,,,,0.0,0.0,0.0,0.0,0
76.68,-0.1802,-0.3176,302.3235,0.0004,0.0,302.3235,,,,,,,,,,,,0.0,0.0,0.0,0.0,0
76.7,-0.1759,-0.3175,302.3333,0.0004,0.0,302.3333,,,,,,,,,,,,0.0,0.0,0.0,0.0,0
76.72,-0.1759,-0.3175,302.3333,0.0004,0.0,302.3333,,,,,,,,,,,,0.0,0.0,0.0,0.0,0
76.74,-0.1759,-0.3175,302.3333,0.0004,0.0,302.3333,,,,,,,,,,,,0.0,0.0,0.0,0.0,0
76.76,-0.1759,-0.3175,302.3333,0.0004,0.0,302.3333,,,,,,,,,,,,0.0,0.0,0.0,0.0,0
76.78,-0.1759,-0.3175,302.3333,0.0004,0.0,302.3333,,,,,,,,,,,,0.0,0.0,0.0,0.0,0
76.8,-0.1821,-0.3132,302.3191,0.0004,0.0,302.3191,,,,,,,,,,,,0.0,0.0,0.0,0.0,0
76.82,-0.1821,-0.3132,302.3191,0.0004,0.0,302.3191,,,,,,,,,,,,0.0,0.0,0.0,0.0,0
76.84,-0.1821,-0.3132,302.3191,0.0004,0.0,302.3191,,,,,,,,,,,,0.0,0.0,0.0,0.0,0
76.86,-0.1821,-0.3132,302.3191,0.0004,0.0,302.3191,,,,,,,,,,,,0.0,0.0,0.0,0.0,0
76.88,-0.1821,-0.3132,302.3191,0.0004,0.0,302.3191,,,,,,,,,,,,0.0,0.0,0.0,0.0,0
76.9,-0.1811,-0.3108,302.3275,0.0004,0.0,302.3275,,,,,,,,,,,,0.0,0.0,0.0,0.0,0
76.92,-0.1811,-0.3108,302.3275,0.0004,0.0,302.3275,,,,,,,,,,,,0.0,0.0,0.0,0.0,0
76.94,-0.1811,-0.3108,302.3275,0.0004,0.0,302.3275,,,,,,,,,,,,0.0,0.0,0.0,0.0,0
76.96,-0.1811,-0.3108,302.3275,0.0004,0.0,302.3275,,,,,,,,,,,,0.0,0.0,0.0,0.0,0
76.98,-0.1811,-0.3108,302.3275,0.0004,0.0,302.3275,,,,,,,,,,,,0.0,0.0,0.0,0.0,0
77.0,-0.1813,-0.3113,302.318,0.0004,0.0,302.318,,,,,,,,,,,,0.0,0.0,0.0,0.0,0
77.02,-0.1813,-0.3113,302.318,0.0004,0.0,302.318,,,,,,,,,,,,0.0,0.0,0.0,0.0,0
77.04,-0.1813,-0.3113,302.318,0.0004,0.0,302.318,,,,,,,,,,,,0.0,0.0,0.0,0.0,0
77.06,-0.1813,-0.3113,302.318,0.0004,0.0,302.318,,,,,,,,,,,,0.0,0.0,0.0,0.0,0
77.08,-0.1813,-0.3113,302.318,0.0004,0.0,302.318,,,,,,,,,,,,0.0,0.0,0.0,0.0,0
77.1,-0.1812,-0.3118,302.3145,0.0004,0.0,302.3145,,,,,,,,,,,,0.0,0.0,0.0,0.0,0
77.12,-0.1812,-0.3118,302.3145,0.0004,0.0,302.3145,,,,,,,,,,,,0.0,0.0,0.0,0.0,0
77.14,-0.1812,-0.3118,302.3145,0.0004,0.0,302.3145,,,,,,,,,,,,0.0,0.0,0.0,0.0,0
77.16,-0.1812,-0.3118,302.3145,0.0004,0.0,302.3145,,,,,,,,,,,,0.0,0.0,0.0,0.0,0
77.18,-0.1812,-0.3118,302.3145,0.0004,0.0,302.3145,,,,,,,,,,,,0.0,0.0,0.0,0.0,0
77.2,-0.1823,-0.3069,302.3118,0.0004,0.0,302.3118,,,,,,,,,,,,0.0,0.0,0.0,0.0,0
77.22,-0.1823,-0.3069,302.3118,0.0004,0.0,302.3118,,,,,,,,,,,,0.0,0.0,0.0,0.0,0
77.24,-0.1823,-0.3069,302.3118,0.0004,0.0,302.3118,,,,,,,,,,,,0.0,0.0,0.0,0.0,0
77.26,-0.1823,-0.3069,302.3118,0.0004,0.0,302.3118,,,,,,,,,,,,0.0,0.0,0.0,0.0,0
77.28,-0.1823,-0.3069,302.3118,0.0004,0.0,302.3118,,,,,,,,,,,,0.0,0.0,0.0,0.0,0
77.3,-0.1861,-0.3106,302.3079,0.0004,0.0,302.3079,,,,,,,,,,,,0.0,0.0,0.0,0.0,0
77.32,-0.1861,-0.3106,302.3079,0.0004,0.0,302.3079,,,,,,,,,,,,0.0,0.0,0.0,0.0,0
77.34,-0.1861,-0.3106,302.3079,0.0004,0.0,302.3079,,,,,,,,,,,,0.0,0.0,0.0,0.0,0
77.36,-0.1861,-0.3106,302.3079,0.0004,0.0,302.3079,,,,,,,,,,,,0.0,0.0,0.0,0.0,0
77.38,-0.1861,-0.3106,302.3079,0.0004,0.0,302.3079,,,,,,,,,,,,0.0,0.0,0.0,0.0,0
77.4,-0.1838,-0.3184,302.305,0.0004,0.0,302.305,,,,,,,,,,,,0.0,0.0,0.0,0.0,0
77.42,-0.1838,-0.3184,302.305,0.0004,0.0,302.305,,,,,,,,,,,,0.0,0.0,0.0,0.0,0
77.44,-0.1838,-0.3184,302.305,0.0004,0.0,302.305,,,,,,,,,,,,0.0,0.0,0.0,0.0,0
77.46,-0.1838,-0.3184,302.305,0.0004,0.0,302.305,,,,,,,,,,,,0.0,0.0,0.0,0.0,0
77.48,-0.1838,-0.3184,302.305,0.0004,0.0,302.305,,,,,,,,,,,,0.0,0.0,0.0,0.0,0
77.5,-0.1826,-0.3276,302.3031,0.0004,0.0,302.3031,,,,,,,,,,,,0.0,0.0,0.0,0.0,0
77.52,-0.1826,-0.3276,302.3031,0.0004,0.0,302.3031,,,,,,,,,,,,0.0,0.0,0.0,0.0,0
77.54,-0.1826,-0.3276,302.3031,0.0004,0.0,302.3031,,,,,,,,,,,,0.0,0.0,0.0,0.0,0
77.56,-0.1826,-0.3276,302.3031,0.0004,0.0,302.3031,,,,,,,,,,,,0.0,0.0,0.0,0.0,0
77.58,-0.1826,-0.3276,302.3031,0.0004,0.0,302.3031,,,,,,,,,,,,0.0,0.0,0.0,0.0,0
77.6,-0.1887,-0.3232,302.2992,0.0004,0.0,302.2992,,,,,,,,,,,,0.0,0.0,0.0,0.0,0
77.62,-0.1887,-0.3232,302.2992,0.0004,0.0,302.2992,,,,,,,,,,,,0.0,0.0,0.0,0.0,0
77.64,-0.1887,-0.3232,302.2992,0.0004,0.0,302.2992,,,,,,,,,,,,0.0,0.0,0.0,0.0,0
77.66,-0.1887,-0.3232,302.2992,0.0004,0.0,302.2992,,,,,,,,,,,,0.0,0.0,0.0,0.0,0
77.68,-0.1887,-0.3232,302.2992,0.0004,0.0,302.2992,,,,,,,,,,,,0.0,0.0,0.0,0.0,0
77.7,-0.1778,-0.3262,302.2984,0.0004,0.0,302.2984,,,,,,,,,,,,0.0,0.0,0.0,0.0,0
77.72,-0.1778,-0.3262,302.2984,0.0004,0.0,302.2984,,,,,,,,,,,,0.0,0.0,0.0,0.0,0
77.74,-0.1778,-0.3262,302.2984,0.0004,0.0,302.2984,,,,,,,,,,,,0.0,0.0,0.0,0.0,0
77.76,-0.1778,-0.3262,302.2984,0.0004,0.0,302.2984,,,,,,,,,,,,0.0,0.0,0.0,0.0,0
77.78,-0.1778,-0.3262,302.2984,0.0004,0.0,302.2984,,,,,,,,,,,,0.0,0.0,0.0,0.0,0
77.8,-0.1865,-0.324,302.2959,0.0004,0.0,302.2959,,,,,,,,,,,,0.0,0.0,0.0,0.0,0
77.82,-0.1865,-0.324,302.2959,0.0004,0.0,302.2959,,,,,,,,,,,,0.0,0.0,0.0,0.0,0
77.84,-0.1865,-0.324,302.2959,0.0004,0.0,302.2959,,,,,,,,,,,,0.0,0.0,0.0,0.0,0
77.86,-0.1865,-0.324,302.2959,0.0004,0.0,302.2959,,,,,,,,,,,,0.0,0.0,0.0,0.0,0
77.88,-0.1865,-0.324,302.2959,0.0004,0.0,302.2959,,,,,,,,,,,,0.0,0.0,0.0,0.0,0
77.9,-0.1814,-0.3135,302.2825,0.0004,0.0,302.2826,,,,,,,,,,,,0.0,0.0,0.0,0.0,0
77.92,-0.1814,-0.3135,302.2825,0.0004,0.0,302.2826,,,,,,,,,,,,0.0,0.0,0.0,0.0,0
77.94,-0.1814,-0.3135,302.2825,0.0004,0.0,302.2826,,,,,,,,,,,,0.0,0.0,0.0,0.0,0
77.96,-0.1814,-0.3135,302.2825,0.0004,0.0,302.2826,,,,,,,,,,,,0.0,0.0,0.0,0.0,0
