time_sec,roll,pitch,yaw,roll_des,pitch_des,yaw_des,gyro_x,gyro_y,gyro_z,accel_x,accel_y,accel_z,vbat,ibat,lat,lon,alt,motor_1,motor_2,motor_3,motor_4,flight_mode
0.0,0.0007,0.55,75.1051,-0.6,-1.0604,75.1051,,,,,,,,,,,,0.0,0.0,0.0,0.0,0
0.02,0.0007,0.55,75.1051,-0.6,-1.0604,75.1051,,,,,,,,,,,,0.0,0.0,0.0,0.0,0
0.04,0.0007,0.55,75.1051,-0.6,-1.0604,75.1051,,,,,,,,,,,,0.0,0.0,0.0,0.0,0
0.06,0.0007,0.55,75.1051,-0.6,-1.0604,75.1051,,,,,,,,,,,,0.0,0.0,0.0,0.0,0
0.08,0.0007,0.55,75.1051,-0.6,-1.0604,75.1051,,,,,,,,,,,,0.0,0.0,0.0,0.0,0
0.1,0.0007,0.55,75.1051,-0.6,-1.0604,75.1051,,,,,,,,,,,,0.0,0.0,0.0,0.0,0
0.12,0.0007,0.55,75.1051,-0.6,-1.0604,75.1051,,,,,,,,,,,,0.0,0.0,0.0,0.0,0
0.14,0.0007,0.55,75.1051,-0.6,-1.0604,75.1051,,,,,,,,,,,,0.0,0.0,0.0,0.0,0
0.16,-0.0014,0.556,74.9838,-0.6,-1.0615,74.9838,,,,,,,,,,,,0.0,0.0,0.0,0.0,0
0.18,-0.0014,0.556,74.9838,-0.6,-1.0615,74.9838,,,,,,,,,,,,0.0,0.0,0.0,0.0,0
0.2,-0.0014,0.556,74.9838,-0.6,-1.0615,74.9838,,,,,,,,,,,,0.0,0.0,0.0,0.0,0
0.22,-0.0014,0.556,74.9838,-0.6,-1.0615,74.9838,,,,,,,,,,,,0.0,0.0,0.0,0.0,0
0.24,-0.0014,0.556,74.9838,-0.6,-1.0615,74.9838,,,,,,,,,,,,0.0,0.0,0.0,0.0,0
0.26,-0.0202,0.5442,75.1151,-0.5999,-1.0608,75.1158,,,,,,,,,,,,0.0,0.0,0.0,0.0,0
0.28,-0.0202,0.5442,75.1151,-0.5999,-1.0608,75.1158,,,,,,,,,,,,0.0,0.0,0.0,0.0,0
0.3,-0.0202,0.5442,75.1151,-0.5999,-1.0608,75.1158,,,,,,,,,,,,0.0,0.0,0.0,0.0,0
0.32,-0.0202,0.5442,75.1151,-0.5999,-1.0608,75.1158,,,,,,,,,,,,0.0,0.0,0.0,0.0,0
0.34,-0.0202,0.5442,75.1151,-0.5999,-1.0608,75.1158,,,,,,,,,,,,0.0,0.0,0.0,0.0,0
0.36,-0.0189,0.5473,75.0043,-0.5999,-1.0604,75.0049,,,,,,,,,,,,0.0,0.0,0.0,0.0,0
0.38,-0.0189,0.5473,75.0043,-0.5999,-1.0604,75.0049,,,,,,,,,,,,0.0,0.0,0.0,0.0,0
0.4,-0.0189,0.5473,75.0043,-0.5999,-1.0604,75.0049,,,,,,,,,,,,0.0,0.0,0.0,0.0,0
0.42,-0.0189,0.5473,75.0043,-0.5999,-1.0604,75.0049,,,,,,,,,,,,0.0,0.0,0.0,0.0,0
0.44,-0.0189,0.5473,75.0043,-0.5999,-1.0604,75.0049,,,,,,,,,,,,0.0,0.0,0.0,0.0,0
0.46,-0.0372,0.5418,75.1136,-0.6042,-1.0603,75.1147,,,,,,,,,,,,0.0,0.0,0.0,0.0,0
0.48,-0.0372,0.5418,75.1136,-0.6042,-1.0603,75.1147,,,,,,,,,,,,0.0,0.0,0.0,0.0,0
0.5,-0.0372,0.5418,75.1136,-0.6042,-1.0603,75.1147,,,,,,,,,,,,0.0,0.0,0.0,0.0,0
0.52,-0.0372,0.5418,75.1136,-0.6042,-1.0603,75.1147,,,,,,,,,,,,0.0,0.0,0.0,0.0,0
0.54,-0.0372,0.5418,75.1136,-0.6042,-1.0603,75.1147,,,,,,,,,,,,0.0,0.0,0.0,0.0,0
0.56,-0.0387,0.5458,75.0032,-0.6021,-1.0602,75.0044,,,,,,,,,,,,0.0,0.0,0.0,0.0,0
0.58,-0.0387,0.5458,75.0032,-0.6021,-1.0602,75.0044,,,,,,,,,,,,0.0,0.0,0.0,0.0,0
0.6,-0.0387,0.5458,75.0032,-0.6021,-1.0602,75.0044,,,,,,,,,,,,0.0,0.0,0.0,0.0,0
0.62,-0.0387,0.5458,75.0032,-0.6021,-1.0602,75.0044,,,,,,,,,,,,0.0,0.0,0.0,0.0,0
0.64,-0.0387,0.5458,75.0032,-0.6021,-1.0602,75.0044,,,,,,,,,,,,0.0,0.0,0.0,0.0,0
0.66,-0.0543,0.5354,75.095,-0.601,-1.0601,75.0967,,,,,,,,,,,,0.0,0.0,0.0,0.0,0
0.68,-0.0543,0.5354,75.095,-0.601,-1.0601,75.0967,,,,,,,,,,,,0.0,0.0,0.0,0.0,0
0.7,-0.0543,0.5354,75.095,-0.601,-1.0601,75.0967,,,,,,,,,,,,0.0,0.0,0.0,0.0,0
0.72,-0.0543,0.5354,75.095,-0.601,-1.0601,75.0967,,,,,,,,,,,,0.0,0.0,0.0,0.0,0
0.74,-0.0543,0.5354,75.095,-0.601,-1.0601,75.0967,,,,,,,,,,,,0.0,0.0,0.0,0.0,0
0.76,-0.0571,0.5394,74.9839,-0.6005,-1.0713,74.9856,,,,,,,,,,,,0.0,0.0,0.0,0.0,0
0.78,-0.0571,0.5394,74.9839,-0.6005,-1.0713,74.9856,,,,,,,,,,,,0.0,0.0,0.0,0.0,0
0.8,-0.0571,0.5394,74.9839,-0.6005,-1.0713,74.9856,,,,,,,,,,,,0.0,0.0,0.0,0.0,0
0.82,-0.0571,0.5394,74.9839,-0.6005,-1.0713,74.9856,,,,,,,,,,,,0.0,0.0,0.0,0.0,0
0.84,-0.0571,0.5394,74.9839,-0.6005,-1.0713,74.9856,,,,,,,,,,,,0.0,0.0,0.0,0.0,0
0.86,-0.0742,0.5306,75.0573,-0.6002,-1.0818,75.0596,,,,,,,,,,,,0.0,0.0,0.0,0.0,0
0.88,-0.0742,0.5306,75.0573,-0.6002,-1.0818,75.0596,,,,,,,,,,,,0.0,0.0,0.0,0.0,0
0.9,-0.0742,0.5306,75.0573,-0.6002,-1.0818,75.0596,,,,,,,,,,,,0.0,0.0,0.0,0.0,0
0.92,-0.0742,0.5306,75.0573,-0.6002,-1.0818,75.0596,,,,,,,,,,,,0.0,0.0,0.0,0.0,0
0.94,-0.0742,0.5306,75.0573,-0.6002,-1.0818,75.0596,,,,,,,,,,,,0.0,0.0,0.0,0.0,0
0.96,-0.0764,0.5349,74.9652,-0.6,-1.0848,74.9676,,,,,,,,,,,,0.0,0.0,0.0,0.0,0
0.98,-0.0764,0.5349,74.9652,-0.6,-1.0848,74.9676,,,,,,,,,,,,0.0,0.0,0.0,0.0,0
1.0,-0.0764,0.5349,74.9652,-0.6,-1.0848,74.9676,,,,,,,,,,,,0.0,0.0,0.0,0.0,0
1.02,-0.0764,0.5349,74.9652,-0.6,-1.0848,74.9676,,,,,,,,,,,,0.0,0.0,0.0,0.0,0
1.04,-0.0764,0.5349,74.9652,-0.6,-1.0848,74.9676,,,,,,,,,,,,0.0,0.0,0.0,0.0,0
1.06,-0.0892,0.5217,75.0436,-0.6,-1.0839,75.0463,,,,,,,,,,,,0.0,0.0,0.0,0.0,0
1.08,-0.0892,0.5217,75.0436,-0.6,-1.0839,75.0463,,,,,,,,,,,,0.0,0.0,0.0,0.0,0
1.1,-0.0892,0.5217,75.0436,-0.6,-1.0839,75.0463,,,,,,,,,,,,0.0,0.0,0.0,0.0,0
1.12,-0.0892,0.5217,75.0436,-0.6,-1.0839,75.0463,,,,,,,,,,,,0.0,0.0,0.0,0.0,0
1.14,-0.0892,0.5217,75.0436,-0.6,-1.0839,75.0463,,,,,,,,,,,,0.0,0.0,0.0,0.0,0
1.16,-0.0889,0.5237,74.9636,-0.5999,-1.0722,74.9663,,,,,,,,,,,,0.0,0.0,0.0,0.0,0
1.18,-0.0889,0.5237,74.9636,-0.5999,-1.0722,74.9663,,,,,,,,,,,,0.0,0.0,0.0,0.0,0
1.2,-0.0889,0.5237,74.9636,-0.5999,-1.0722,74.9663,,,,,,,,,,,,0.0,0.0,0.0,0.0,0
1.22,-0.0889,0.5237,74.9636,-0.5999,-1.0722,74.9663,,,,,,,,,,,,0.0,0.0,0.0,0.0,0
1.24,-0.0889,0.5237,74.9636,-0.5999,-1.0722,74.9663,,,,,,,,,,,,0.0,0.0,0.0,0.0,0
1.26,-0.1006,0.5175,75.0283,-0.5999,-1.0754,75.0314,,,,,,,,,,,,0.0,0.0,0.0,0.0,0
1.28,-0.1006,0.5175,75.0283,-0.5999,-1.0754,75.0314,,,,,,,,,,,,0.0,0.0,0.0,0.0,0
1.3,-0.1006,0.5175,75.0283,-0.5999,-1.0754,75.0314,,,,,,,,,,,,0.0,0.0,0.0,0.0,0
1.32,-0.1006,0.5175,75.0283,-0.5999,-1.0754,75.0314,,,,,,,,,,,,0.0,0.0,0.0,0.0,0
1.34,-0.1006,0.5175,75.0283,-0.5999,-1.0754,75.0314,,,,,,,,,,,,0.0,0.0,0.0,0.0,0
1.36,-0.1021,0.5218,74.9573,-0.5999,-1.0722,74.9604,,,,,,,,,,,,0.0,0.0,0.0,0.0,0
1.38,-0.1021,0.5218,74.9573,-0.5999,-1.0722,74.9604,,,,,,,,,,,,0.0,0.0,0.0,0.0,0
1.4,-0.1021,0.5218,74.9573,-0.5999,-1.0722,74.9604,,,,,,,,,,,,0.0,0.0,0.0,0.0,0
1.42,-0.1021,0.5218,74.9573,-0.5999,-1.0722,74.9604,,,,,,,,,,,,0.0,0.0,0.0,0.0,0
1.44,-0.1021,0.5218,74.9573,-0.5999,-1.0722,74.9604,,,,,,,,,,,,0.0,0.0,0.0,0.0,0
1.46,-0.1121,0.5154,75.0042,-0.5999,-1.073,75.0076,,,,,,,,,,,,0.0,0.0,0.0,0.0,0
1.48,-0.1121,0.5154,75.0042,-0.5999,-1.073,75.0076,,,,,,,,,,,,0.0,0.0,0.0,0.0,0
1.5,-0.1121,0.5154,75.0042,-0.5999,-1.073,75.0076,,,,,,,,,,,,0.0,0.0,0.0,0.0,0
1.52,-0.1121,0.5154,75.0042,-0.5999,-1.073,75.0076,,,,,,,,,,,,0.0,0.0,0.0,0.0,0
1.54,-0.1121,0.5154,75.0042,-0.5999,-1.073,75.0076,,,,,,,,,,,,0.0,0.0,0.0,0.0,0
1.56,-0.1108,0.5164,74.9351,-0.5999,-1.0727,74.9385,,,,,,,,,,,,0.0,0.0,0.0,0.0,0
1.58,-0.1108,0.5164,74.9351,-0.5999,-1.0727,74.9385,,,,,,,,,,,,0.0,0.0,0.0,0.0,0
1.6,-0.1108,0.5164,74.9351,-0.5999,-1.0727,74.9385,,,,,,,,,,,,0.0,0.0,0.0,0.0,0
1.62,-0.1108,0.5164,74.9351,-0.5999,-1.0727,74.9385,,,,,,,,,,,,0.0,0.0,0.0,0.0,0
1.64,-0.1108,0.5164,74.9351,-0.5999,-1.0727,74.9385,,,,,,,,,,,,0.0,0.0,0.0,0.0,0
1.66,-0.1181,0.5107,74.9789,-0.5999,-1.0744,74.9825,,,,,,,,,,,,0.0,0.0,0.0,0.0,0
1.68,-0.1181,0.5107,74.9789,-0.5999,-1.0744,74.9825,,,,,,,,,,,,0.0,0.0,0.0,0.0,0
1.7,-0.1181,0.5107,74.9789,-0.5999,-1.0744,74.9825,,,,,,,,,,,,0.0,0.0,0.0,0.0,0
1.72,-0.1181,0.5107,74.9789,-0.5999,-1.0744,74.9825,,,,,,,,,,,,0.0,0.0,0.0,0.0,0
1.74,-0.1181,0.5107,74.9789,-0.5999,-1.0744,74.9825,,,,,,,,,,,,0.0,0.0,0.0,0.0,0
1.76,-0.1157,0.5107,74.9167,-0.5999,-1.0752,74.9202,,,,,,,,,,,,0.0,0.0,0.0,0.0,0
1.78,-0.1157,0.5107,74.9167,-0.5999,-1.0752,74.9202,,,,,,,,,,,,0.0,0.0,0.0,0.0,0
1.8,-0.1157,0.5107,74.9167,-0.5999,-1.0752,74.9202,,,,,,,,,,,,0.0,0.0,0.0,0.0,0
1.82,-0.1157,0.5107,74.9167,-0.5999,-1.0752,74.9202,,,,,,,,,,,,0.0,0.0,0.0,0.0,0
1.84,-0.1157,0.5107,74.9167,-0.5999,-1.0752,74.9202,,,,,,,,,,,,0.0,0.0,0.0,0.0,0
1.86,-0.1225,0.5069,74.9593,-0.5999,-1.0855,74.9631,,,,,,,,,,,,0.0,0.0,0.0,0.0,0
1.88,-0.1225,0.5069,74.9593,-0.5999,-1.0855,74.9631,,,,,,,,,,,,0.0,0.0,0.0,0.0,0
1.9,-0.1225,0.5069,74.9593,-0.5999,-1.0855,74.9631,,,,,,,,,,,,0.0,0.0,0.0,0.0,0
1.92,-0.1225,0.5069,74.9593,-0.5999,-1.0855,74.9631,,,,,,,,,,,,0.0,0.0,0.0,0.0,0
1.94,-0.1225,0.5069,74.9593,-0.5999,-1.0855,74.9631,,,,,,,,,,,,0.0,0.0,0.0,0.0,0
1.96,-0.1195,0.5063,74.9122,-0.5999,-1.0901,74.9158,,,,,,,,,,,,0.0,0.0,0.0,0.0,0
1.98,-0.1195,0.5063,74.9122,-0.5999,-1.0901,74.9158,,,,,,,,,,,,0.0,0.0,0.0,0.0,0
2.0,-0.1195,0.5063,74.9122,-0.5999,-1.0901,74.9158,,,,,,,,,,,,0.0,0.0,0.0,0.0,0
2.02,-0.1195,0.5063,74.9122,-0.5999,-1.0901,74.9158,,,,,,,,,,,,0.0,0.0,0.0,0.0,0
2.04,-0.1195,0.5063,74.9122,-0.5999,-1.0901,74.9158,,,,,,,,,,,,0.0,0.0,0.0,0.0,0
2.06,-0.1222,0.5031,74.9604,-0.6029,-1.1031,74.9642,,,,,,,,,,,,0.0,0.0,0.0,0.0,0
2.08,-0.1222,0.5031,74.9604,-0.6029,-1.1031,74.9642,,,,,,,,,,,,0.0,0.0,0.0,0.0,0
2.1,-0.1222,0.5031,74.9604,-0.6029,-1.1031,74.9642,,,,,,,,,,,,0.0,0.0,0.0,0.0,0
2.12,-0.1222,0.5031,74.9604,-0.6029,-1.1031,74.9642,,,,,,,,,,,,0.0,0.0,0.0,0.0,0
2.14,-0.1222,0.5031,74.9604,-0.6029,-1.1031,74.9642,,,,,,,,,,,,0.0,0.0,0.0,0.0,0
2.16,-0.1204,0.5065,74.9227,-0.6014,-1.1146,74.9264,,,,,,,,,,,,0.0,0.0,0.0,0.0,0
2.18,-0.1204,0.5065,74.9227,-0.6014,-1.1146,74.9264,,,,,,,,,,,,0.0,0.0,0.0,0.0,0
2.2,-0.1204,0.5065,74.9227,-0.6014,-1.1146,74.9264,,,,,,,,,,,,0.0,0.0,0.0,0.0,0
2.22,-0.1204,0.5065,74.9227,-0.6014,-1.1146,74.9264,,,,,,,,,,,,0.0,0.0,0.0,0.0,0
2.24,-0.1204,0.5065,74.9227,-0.6014,-1.1146,74.9264,,,,,,,,,,,,0.0,0.0,0.0,0.0,0
2.26,-0.1195,0.5035,74.9604,-0.6007,-1.1102,74.9641,,,,,,,,,,,,0.0,0.0,0.0,0.0,0
2.28,-0.1195,0.5035,74.9604,-0.6007,-1.1102,74.9641,,,,,,,,,,,,0.0,0.0,0.0,0.0,0
2.3,-0.1195,0.5035,74.9604,-0.6007,-1.1102,74.9641,,,,,,,,,,,,0.0,0.0,0.0,0.0,0
2.32,-0.1195,0.5035,74.9604,-0.6007,-1.1102,74.9641,,,,,,,,,,,,0.0,0.0,0.0,0.0,0
2.34,-0.1195,0.5035,74.9604,-0.6007,-1.1102,74.9641,,,,,,,,,,,,0.0,0.0,0.0,0.0,0
2.36,-0.1175,0.5059,74.9248,-0.6003,-1.1014,74.9284,,,,,,,,,,,,0.0,0.0,0.0,0.0,0
2.38,-0.1175,0.5059,74.9248,-0.6003,-1.1014,74.9284,,,,,,,,,,,,0.0,0.0,0.0,0.0,0
2.4,-0.1175,0.5059,74.9248,-0.6003,-1.1014,74.9284,,,,,,,,,,,,0.0,0.0,0.0,0.0,0
2.42,-0.1175,0.5059,74.9248,-0.6003,-1.1014,74.9284,,,,,,,,,,,,0.0,0.0,0.0,0.0,0
2.44,-0.1175,0.5059,74.9248,-0.6003,-1.1014,74.9284,,,,,,,,,,,,0.0,0.0,0.0,0.0,0
2.46,-0.1182,0.5068,74.9521,-0.6001,-1.101,74.9558,,,,,,,,,,,,0.0,0.0,0.0,0.0,0
2.48,-0.1182,0.5068,74.9521,-0.6001,-1.101,74.9558,,,,,,,,,,,,0.0,0.0,0.0,0.0,0
2.5,-0.1182,0.5068,74.9521,-0.6001,-1.101,74.9558,,,,,,,,,,,,0.0,0.0,0.0,0.0,0
2.52,-0.1182,0.5068,74.9521,-0.6001,-1.101,74.9558,,,,,,,,,,,,0.0,0.0,0.0,0.0,0
2.54,-0.1182,0.5068,74.9521,-0.6001,-1.101,74.9558,,,,,,,,,,,,0.0,0.0,0.0,0.0,0
2.56,-0.1166,0.5064,74.9109,-0.6,-1.1047,74.9144,,,,,,,,,,,,0.0,0.0,0.0,0.0,0
2.58,-0.1166,0.5064,74.9109,-0.6,-1.1047,74.9144,,,,,,,,,,,,0.0,0.0,0.0,0.0,0
2.6,-0.1166,0.5064,74.9109,-0.6,-1.1047,74.9144,,,,,,,,,,,,0.0,0.0,0.0,0.0,0
2.62,-0.1166,0.5064,74.9109,-0.6,-1.1047,74.9144,,,,,,,,,,,,0.0,0.0,0.0,0.0,0
2.64,-0.1166,0.5064,74.9109,-0.6,-1.1047,74.9144,,,,,,,,,,,,0.0,0.0,0.0,0.0,0
2.66,-0.1184,0.5051,74.9327,-0.5999,-1.1018,74.9363,,,,,,,,,,,,0.0,0.0,0.0,0.0,0
2.68,-0.1184,0.5051,74.9327,-0.5999,-1.1018,74.9363,,,,,,,,,,,,0.0,0.0,0.0,0.0,0
2.7,-0.1184,0.5051,74.9327,-0.5999,-1.1018,74.9363,,,,,,,,,,,,0.0,0.0,0.0,0.0,0
2.72,-0.1184,0.5051,74.9327,-0.5999,-1.1018,74.9363,,,,,,,,,,,,0.0,0.0,0.0,0.0,0
2.74,-0.1184,0.5051,74.9327,-0.5999,-1.1018,74.9363,,,,,,,,,,,,0.0,0.0,0.0,0.0,0
2.76,-0.1109,0.5043,74.892,-0.5999,-1.1063,74.8953,,,,,,,,,,,,0.0,0.0,0.0,0.0,0
2.78,-0.1109,0.5043,74.892,-0.5999,-1.1063,74.8953,,,,,,,,,,,,0.0,0.0,0.0,0.0,0
2.8,-0.1109,0.5043,74.892,-0.5999,-1.1063,74.8953,,,,,,,,,,,,0.0,0.0,0.0,0.0,0
2.82,-0.1109,0.5043,74.892,-0.5999,-1.1063,74.8953,,,,,,,,,,,,0.0,0.0,0.0,0.0,0
2.84,-0.1109,0.5043,74.892,-0.5999,-1.1063,74.8953,,,,,,,,,,,,0.0,0.0,0.0,0.0,0
2.86,-0.1146,0.4984,74.9121,-0.5999,-1.1116,74.9156,,,,,,,,,,,,0.0,0.0,0.0,0.0,0
2.88,-0.1146,0.4984,74.9121,-0.5999,-1.1116,74.9156,,,,,,,,,,,,0.0,0.0,0.0,0.0,0
2.9,-0.1146,0.4984,74.9121,-0.5999,-1.1116,74.9156,,,,,,,,,,,,0.0,0.0,0.0,0.0,0
2.92,-0.1146,0.4984,74.9121,-0.5999,-1.1116,74.9156,,,,,,,,,,,,0.0,0.0,0.0,0.0,0
2.94,-0.1146,0.4984,74.9121,-0.5999,-1.1116,74.9156,,,,,,,,,,,,0.0,0.0,0.0,0.0,0
2.96,-0.1121,0.5021,74.8886,-0.5999,-1.1165,74.892,,,,,,,,,,,,0.0,0.0,0.0,0.0,0
2.98,-0.1121,0.5021,74.8886,-0.5999,-1.1165,74.892,,,,,,,,,,,,0.0,0.0,0.0,0.0,0
3.0,-0.1121,0.5021,74.8886,-0.5999,-1.1165,74.892,,,,,,,,,,,,0.0,0.0,0.0,0.0,0
3.02,-0.1121,0.5021,74.8886,-0.5999,-1.1165,74.892,,,,,,,,,,,,0.0,0.0,0.0,0.0,0
3.04,-0.1121,0.5021,74.8886,-0.5999,-1.1165,74.892,,,,,,,,,,,,0.0,0.0,0.0,0.0,0
3.06,-0.1155,0.5026,74.9121,-0.5999,-1.1127,74.9157,,,,,,,,,,,,0.0,0.0,0.0,0.0,0
3.08,-0.1155,0.5026,74.9121,-0.5999,-1.1127,74.9157,,,,,,,,,,,,0.0,0.0,0.0,0.0,0
3.1,-0.1155,0.5026,74.9121,-0.5999,-1.1127,74.9157,,,,,,,,,,,,0.0,0.0,0.0,0.0,0
3.12,-0.1155,0.5026,74.9121,-0.5999,-1.1127,74.9157,,,,,,,,,,,,0.0,0.0,0.0,0.0,0
3.14,-0.1155,0.5026,74.9121,-0.5999,-1.1127,74.9157,,,,,,,,,,,,0.0,0.0,0.0,0.0,0
3.16,-0.1172,0.5054,74.8924,-0.5999,-1.1107,74.896,,,,,,,,,,,,0.0,0.0,0.0,0.0,0
3.18,-0.1172,0.5054,74.8924,-0.5999,-1.1107,74.896,,,,,,,,,,,,0.0,0.0,0.0,0.0,0
3.2,-0.1172,0.5054,74.8924,-0.5999,-1.1107,74.896,,,,,,,,,,,,0.0,0.0,0.0,0.0,0
3.22,-0.1172,0.5054,74.8924,-0.5999,-1.1107,74.896,,,,,,,,,,,,0.0,0.0,0.0,0.0,0
3.24,-0.1172,0.5054,74.8924,-0.5999,-1.1107,74.896,,,,,,,,,,,,0.0,0.0,0.0,0.0,0
3.26,-0.117,0.5055,74.9163,-0.5999,-1.1123,74.9199,,,,,,,,,,,,0.0,0.0,0.0,0.0,0
3.28,-0.117,0.5055,74.9163,-0.5999,-1.1123,74.9199,,,,,,,,,,,,0.0,0.0,0.0,0.0,0
3.3,-0.117,0.5055,74.9163,-0.5999,-1.1123,74.9199,,,,,,,,,,,,0.0,0.0,0.0,0.0,0
3.32,-0.117,0.5055,74.9163,-0.5999,-1.1123,74.9199,,,,,,,,,,,,0.0,0.0,0.0,0.0,0
3.34,-0.117,0.5055,74.9163,-0.5999,-1.1123,74.9199,,,,,,,,,,,,0.0,0.0,0.0,0.0,0
3.36,-0.1148,0.5038,74.8963,-0.5999,-1.1105,74.8998,,,,,,,,,,,,0.0,0.0,0.0,0.0,0
3.38,-0.1148,0.5038,74.8963,-0.5999,-1.1105,74.8998,,,,,,,,,,,,0.0,0.0,0.0,0.0,0
3.4,-0.1148,0.5038,74.8963,-0.5999,-1.1105,74.8998,,,,,,,,,,,,0.0,0.0,0.0,0.0,0
3.42,-0.1148,0.5038,74.8963,-0.5999,-1.1105,74.8998,,,,,,,,,,,,0.0,0.0,0.0,0.0,0
3.44,-0.1148,0.5038,74.8963,-0.5999,-1.1105,74.8998,,,,,,,,,,,,0.0,0.0,0.0,0.0,0
3.46,-0.1142,0.5055,74.91,-0.5999,-1.1053,74.9135,,,,,,,,,,,,0.0,0.0,0.0,0.0,0
3.48,-0.1142,0.5055,74.91,-0.5999,-1.1053,74.9135,,,,,,,,,,,,0.0,0.0,0.0,0.0,0
3.5,-0.1142,0.5055,74.91,-0.5999,-1.1053,74.9135,,,,,,,,,,,,0.0,0.0,0.0,0.0,0
3.52,-0.1142,0.5055,74.91,-0.5999,-1.1053,74.9135,,,,,,,,,,,,0.0,0.0,0.0,0.0,0
3.54,-0.1142,0.5055,74.91,-0.5999,-1.1053,74.9135,,,,,,,,,,,,0.0,0.0,0.0,0.0,0
3.56,-0.1164,0.5077,74.8878,-0.604,-1.1038,74.8914,,,,,,,,,,,,0.0,0.0,0.0,0.0,0
3.58,-0.1164,0.5077,74.8878,-0.604,-1.1038,74.8914,,,,,,,,,,,,0.0,0.0,0.0,0.0,0
3.6,-0.1164,0.5077,74.8878,-0.604,-1.1038,74.8914,,,,,,,,,,,,0.0,0.0,0.0,0.0,0
3.62,-0.1164,0.5077,74.8878,-0.604,-1.1038,74.8914,,,,,,,,,,,,0.0,0.0,0.0,0.0,0
3.64,-0.1164,0.5077,74.8878,-0.604,-1.1038,74.8914,,,,,,,,,,,,0.0,0.0,0.0,0.0,0
3.66,-0.1154,0.5059,74.9001,-0.602,-1.0926,74.9036,,,,,,,,,,,,0.0,0.0,0.0,0.0,0
3.68,-0.1154,0.5059,74.9001,-0.602,-1.0926,74.9036,,,,,,,,,,,,0.0,0.0,0.0,0.0,0
3.7,-0.1154,0.5059,74.9001,-0.602,-1.0926,74.9036,,,,,,,,,,,,0.0,0.0,0.0,0.0,0
3.72,-0.1154,0.5059,74.9001,-0.602,-1.0926,74.9036,,,,,,,,,,,,0.0,0.0,0.0,0.0,0
3.74,-0.1154,0.5059,74.9001,-0.602,-1.0926,74.9036,,,,,,,,,,,,0.0,0.0,0.0,0.0,0
3.76,-0.1126,0.5067,74.882,-0.601,-1.095,74.8855,,,,,,,,,,,,0.0,0.0,0.0,0.0,0
3.78,-0.1126,0.5067,74.882,-0.601,-1.095,74.8855,,,,,,,,,,,,0.0,0.0,0.0,0.0,0
3.8,-0.1126,0.5067,74.882,-0.601,-1.095,74.8855,,,,,,,,,,,,0.0,0.0,0.0,0.0,0
3.82,-0.1126,0.5067,74.882,-0.601,-1.095,74.8855,,,,,,,,,,,,0.0,0.0,0.0,0.0,0
3.84,-0.1126,0.5067,74.882,-0.601,-1.095,74.8855,,,,,,,,,,,,0.0,0.0,0.0,0.0,0
3.86,-0.1108,0.5074,74.884,-0.6004,-1.0983,74.8874,,,,,,,,,,,,0.0,0.0,0.0,0.0,0
3.88,-0.1108,0.5074,74.884,-0.6004,-1.0983,74.8874,,,,,,,,,,,,0.0,0.0,0.0,0.0,0
3.9,-0.1108,0.5074,74.884,-0.6004,-1.0983,74.8874,,,,,,,,,,,,0.0,0.0,0.0,0.0,0
3.92,-0.1108,0.5074,74.884,-0.6004,-1.0983,74.8874,,,,,,,,,,,,0.0,0.0,0.0,0.0,0
3.94,-0.1108,0.5074,74.884,-0.6004,-1.0983,74.8874,,,,,,,,,,,,0.0,0.0,0.0,0.0,0
3.96,-0.1036,0.5072,74.8641,-0.6002,-1.1104,74.8672,,,,,,,,,,,,0.0,0.0,0.0,0.0,0
3.98,-0.1036,0.5072,74.8641,-0.6002,-1.1104,74.8672,,,,,,,,,,,,0.0,0.0,0.0,0.0,0
4.0,-0.1036,0.5072,74.8641,-0.6002,-1.1104,74.8672,,,,,,,,,,,,0.0,0.0,0.0,0.0,0
4.02,-0.1036,0.5072,74.8641,-0.6002,-1.1104,74.8672,,,,,,,,,,,,0.0,0.0,0.0,0.0,0
4.04,-0.1036,0.5072,74.8641,-0.6002,-1.1104,74.8672,,,,,,,,,,,,0.0,0.0,0.0,0.0,0
4.06,-0.1067,0.503,74.8775,-0.6,-1.114,74.8808,,,,,,,,,,,,0.0,0.0,0.0,0.0,0
4.08,-0.1067,0.503,74.8775,-0.6,-1.114,74.8808,,,,,,,,,,,,0.0,0.0,0.0,0.0,0
4.1,-0.1067,0.503,74.8775,-0.6,-1.114,74.8808,,,,,,,,,,,,0.0,0.0,0.0,0.0,0
4.12,-0.1067,0.503,74.8775,-0.6,-1.114,74.8808,,,,,,,,,,,,0.0,0.0,0.0,0.0,0
4.14,-0.1067,0.503,74.8775,-0.6,-1.114,74.8808,,,,,,,,,,,,0.0,0.0,0.0,0.0,0
4.16,-0.1047,0.5013,74.8698,-0.6,-1.1041,74.873,,,,,,,,,,,,0.0,0.0,0.0,0.0,0
4.18,-0.1047,0.5013,74.8698,-0.6,-1.1041,74.873,,,,,,,,,,,,0.0,0.0,0.0,0.0,0
4.2,-0.1047,0.5013,74.8698,-0.6,-1.1041,74.873,,,,,,,,,,,,0.0,0.0,0.0,0.0,0
4.22,-0.1047,0.5013,74.8698,-0.6,-1.1041,74.873,,,,,,,,,,,,0.0,0.0,0.0,0.0,0
4.24,-0.1047,0.5013,74.8698,-0.6,-1.1041,74.873,,,,,,,,,,,,0.0,0.0,0.0,0.0,0
4.26,-0.1098,0.5022,74.8833,-0.5999,-1.1086,74.8866,,,,,,,,,,,,0.0,0.0,0.0,0.0,0
4.28,-0.1098,0.5022,74.8833,-0.5999,-1.1086,74.8866,,,,,,,,,,,,0.0,0.0,0.0,0.0,0
4.3,-0.1098,0.5022,74.8833,-0.5999,-1.1086,74.8866,,,,,,,,,,,,0.0,0.0,0.0,0.0,0
4.32,-0.1098,0.5022,74.8833,-0.5999,-1.1086,74.8866,,,,,,,,,,,,0.0,0.0,0.0,0.0,0
4.34,-0.1098,0.5022,74.8833,-0.5999,-1.1086,74.8866,,,,,,,,,,,,0.0,0.0,0.0,0.0,0
4.36,-0.1051,0.5027,74.8741,-0.5999,-1.0922,74.8773,,,,,,,,,,,,0.0,0.0,0.0,0.0,0
4.38,-0.1051,0.5027,74.8741,-0.5999,-1.0922,74.8773,,,,,,,,,,,,0.0,0.0,0.0,0.0,0
4.4,-0.1051,0.5027,74.8741,-0.5999,-1.0922,74.8773,,,,,,,,,,,,0.0,0.0,0.0,0.0,0
4.42,-0.1051,0.5027,74.8741,-0.5999,-1.0922,74.8773,,,,,,,,,,,,0.0,0.0,0.0,0.0,0
4.44,-0.1051,0.5027,74.8741,-0.5999,-1.0922,74.8773,,,,,,,,,,,,0.0,0.0,0.0,0.0,0
4.46,-0.1029,0.5028,74.8736,-0.5999,-1.084,74.8767,,,,,,,,,,,,0.0,0.0,0.0,0.0,0
4.48,-0.1029,0.5028,74.8736,-0.5999,-1.084,74.8767,,,,,,,,,,,,0.0,0.0,0.0,0.0,0
4.5,-0.1029,0.5028,74.8736,-0.5999,-1.084,74.8767,,,,,,,,,,,,0.0,0.0,0.0,0.0,0
4.52,-0.1029,0.5028,74.8736,-0.5999,-1.084,74.8767,,,,,,,,,,,,0.0,0.0,0.0,0.0,0
4.54,-0.1029,0.5028,74.8736,-0.5999,-1.084,74.8767,,,,,,,,,,,,0.0,0.0,0.0,0.0,0
4.56,-0.0975,0.5017,74.8602,-0.5999,-1.0956,74.8632,,,,,,,,,,,,0.0,0.0,0.0,0.0,0
4.58,-0.0975,0.5017,74.8602,-0.5999,-1.0956,74.8632,,,,,,,,,,,,0.0,0.0,0.0,0.0,0
4.6,-0.0975,0.5017,74.8602,-0.5999,-1.0956,74.8632,,,,,,,,,,,,0.0,0.0,0.0,0.0,0
4.62,-0.0975,0.5017,74.8602,-0.5999,-1.0956,74.8632,,,,,,,,,,,,0.0,0.0,0.0,0.0,0
4.64,-0.0975,0.5017,74.8602,-0.5999,-1.0956,74.8632,,,,,,,,,,,,0.0,0.0,0.0,0.0,0
4.66,-0.0998,0.4995,74.8587,-0.5999,-1.0883,74.8617,,,,,,,,,,,,0.0,0.0,0.0,0.0,0
4.68,-0.0998,0.4995,74.8587,-0.5999,-1.0883,74.8617,,,,,,,,,,,,0.0,0.0,0.0,0.0,0
4.7,-0.0998,0.4995,74.8587,-0.5999,-1.0883,74.8617,,,,,,,,,,,,0.0,0.0,0.0,0.0,0
4.72,-0.0998,0.4995,74.8587,-0.5999,-1.0883,74.8617,,,,,,,,,,,,0.0,0.0,0.0,0.0,0
4.74,-0.0998,0.4995,74.8587,-0.5999,-1.0883,74.8617,,,,,,,,,,,,0.0,0.0,0.0,0.0,0
4.76,-0.0958,0.4967,74.8481,-0.5999,-1.0882,74.8511,,,,,,,,,,,,0.0,0.0,0.0,0.0,0
4.78,-0.0958,0.4967,74.8481,-0.5999,-1.0882,74.8511,,,,,,,,,,,,0.0,0.0,0.0,0.0,0
4.8,-0.0958,0.4967,74.8481,-0.5999,-1.0882,74.8511,,,,,,,,,,,,0.0,0.0,0.0,0.0,0
4.82,-0.0958,0.4967,74.8481,-0.5999,-1.0882,74.8511,,,,,,,,,,,,0.0,0.0,0.0,0.0,0
4.84,-0.0958,0.4967,74.8481,-0.5999,-1.0882,74.8511,,,,,,,,,,,,0.0,0.0,0.0,0.0,0
4.86,-0.0931,0.5004,74.8512,-0.5999,-1.0954,74.854,,,,,,,,,,,,0.0,0.0,0.0,0.0,0
4.88,-0.0931,0.5004,74.8512,-0.5999,-1.0954,74.854,,,,,,,,,,,,0.0,0.0,0.0,0.0,0
4.9,-0.0931,0.5004,74.8512,-0.5999,-1.0954,74.854,,,,,,,,,,,,0.0,0.0,0.0,0.0,0
4.92,-0.0931,0.5004,74.8512,-0.5999,-1.0954,74.854,,,,,,,,,,,,0.0,0.0,0.0,0.0,0
4.94,-0.0931,0.5004,74.8512,-0.5999,-1.0954,74.854,,,,,,,,,,,,0.0,0.0,0.0,0.0,0
4.96,-0.0918,0.503,74.8523,-0.5999,-1.0895,74.8552,,,,,,,,,,,,0.0,0.0,0.0,0.0,0
4.98,-0.0918,0.503,74.8523,-0.5999,-1.0895,74.8552,,,,,,,,,,,,0.0,0.0,0.0,0.0,0
5.0,-0.0918,0.503,74.8523,-0.5999,-1.0895,74.8552,,,,,,,,,,,,0.0,0.0,0.0,0.0,0
5.02,-0.0918,0.503,74.8523,-0.5999,-1.0895,74.8552,,,,,,,,,,,,0.0,0.0,0.0,0.0,0
5.04,-0.0918,0.503,74.8523,-0.5999,-1.0895,74.8552,,,,,,,,,,,,0.0,0.0,0.0,0.0,0
5.06,-0.0911,0.5044,74.861,-0.5999,-1.0907,74.8638,,,,,,,,,,,,0.0,0.0,0.0,0.0,0
5.08,-0.0911,0.5044,74.861,-0.5999,-1.0907,74.8638,,,,,,,,,,,,0.0,0.0,0.0,0.0,0
5.1,-0.0911,0.5044,74.861,-0.5999,-1.0907,74.8638,,,,,,,,,,,,0.0,0.0,0.0,0.0,0
5.12,-0.0911,0.5044,74.861,-0.5999,-1.0907,74.8638,,,,,,,,,,,,0.0,0.0,0.0,0.0,0
5.14,-0.0911,0.5044,74.861,-0.5999,-1.0907,74.8638,,,,,,,,,,,,0.0,0.0,0.0,0.0,0
5.16,-0.0887,0.5022,74.8626,-0.5999,-1.0844,74.8653,,,,,,,,,,,,0.0,0.0,0.0,0.0,0
5.18,-0.0887,0.5022,74.8626,-0.5999,-1.0844,74.8653,,,,,,,,,,,,0.0,0.0,0.0,0.0,0
5.2,-0.0887,0.5022,74.8626,-0.5999,-1.0844,74.8653,,,,,,,,,,,,0.0,0.0,0.0,0.0,0
5.22,-0.0887,0.5022,74.8626,-0.5999,-1.0844,74.8653,,,,,,,,,,,,0.0,0.0,0.0,0.0,0
5.24,-0.0887,0.5022,74.8626,-0.5999,-1.0844,74.8653,,,,,,,,,,,,0.0,0.0,0.0,0.0,0
5.26,-0.0913,0.5002,74.8635,-0.5999,-1.0903,74.8663,,,,,,,,,,,,0.0,0.0,0.0,0.0,0
5.28,-0.0913,0.5002,74.8635,-0.5999,-1.0903,74.8663,,,,,,,,,,,,0.0,0.0,0.0,0.0,0
5.3,-0.0913,0.5002,74.8635,-0.5999,-1.0903,74.8663,,,,,,,,,,,,0.0,0.0,0.0,0.0,0
5.32,-0.0913,0.5002,74.8635,-0.5999,-1.0903,74.8663,,,,,,,,,,,,0.0,0.0,0.0,0.0,0
5.34,-0.0913,0.5002,74.8635,-0.5999,-1.0903,74.8663,,,,,,,,,,,,0.0,0.0,0.0,0.0,0
5.36,-0.0902,0.5009,74.8619,-0.5999,-1.0816,74.8647,,,,,,,,,,,,0.0,0.0,0.0,0.0,0
5.38,-0.0902,0.5009,74.8619,-0.5999,-1.0816,74.8647,,,,,,,,,,,,0.0,0.0,0.0,0.0,0
5.4,-0.0902,0.5009,74.8619,-0.5999,-1.0816,74.8647,,,,,,,,,,,,0.0,0.0,0.0,0.0,0
5.42,-0.0902,0.5009,74.8619,-0.5999,-1.0816,74.8647,,,,,,,,,,,,0.0,0.0,0.0,0.0,0
5.44,-0.0902,0.5009,74.8619,-0.5999,-1.0816,74.8647,,,,,,,,,,,,0.0,0.0,0.0,0.0,0
5.46,-0.087,0.5018,74.8553,-0.5999,-1.0857,74.8579,,,,,,,,,,,,0.0,0.0,0.0,0.0,0
5.48,-0.087,0.5018,74.8553,-0.5999,-1.0857,74.8579,,,,,,,,,,,,0.0,0.0,0.0,0.0,0
5.5,-0.087,0.5018,74.8553,-0.5999,-1.0857,74.8579,,,,,,,,,,,,0.0,0.0,0.0,0.0,0
5.52,-0.087,0.5018,74.8553,-0.5999,-1.0857,74.8579,,,,,,,,,,,,0.0,0.0,0.0,0.0,0
5.54,-0.087,0.5018,74.8553,-0.5999,-1.0857,74.8579,,,,,,,,,,,,0.0,0.0,0.0,0.0,0
5.56,-0.0845,0.5036,74.8469,-0.6029,-1.0757,74.8495,,,,,,,,,,,,0.0,0.0,0.0,0.0,0
5.58,-0.0845,0.5036,74.8469,-0.6029,-1.0757,74.8495,,,,,,,,,,,,0.0,0.0,0.0,0.0,0
5.6,-0.0845,0.5036,74.8469,-0.6029,-1.0757,74.8495,,,,,,,,,,,,0.0,0.0,0.0,0.0,0
5.62,-0.0845,0.5036,74.8469,-0.6029,-1.0757,74.8495,,,,,,,,,,,,0.0,0.0,0.0,0.0,0
5.64,-0.0845,0.5036,74.8469,-0.6029,-1.0757,74.8495,,,,,,,,,,,,0.0,0.0,0.0,0.0,0
5.66,-0.0811,0.5018,74.8359,-0.6014,-1.0803,74.8384,,,,,,,,,,,,0.0,0.0,0.0,0.0,0
5.68,-0.0811,0.5018,74.8359,-0.6014,-1.0803,74.8384,,,,,,,,,,,,0.0,0.0,0.0,0.0,0
5.7,-0.0811,0.5018,74.8359,-0.6014,-1.0803,74.8384,,,,,,,,,,,,0.0,0.0,0.0,0.0,0
5.72,-0.0811,0.5018,74.8359,-0.6014,-1.0803,74.8384,,,,,,,,,,,,0.0,0.0,0.0,0.0,0
5.74,-0.0811,0.5018,74.8359,-0.6014,-1.0803,74.8384,,,,,,,,,,,,0.0,0.0,0.0,0.0,0
5.76,-0.08,0.5066,74.8337,-0.6007,-1.0704,74.8362,,,,,,,,,,,,0.0,0.0,0.0,0.0,0
5.78,-0.08,0.5066,74.8337,-0.6007,-1.0704,74.8362,,,,,,,,,,,,0.0,0.0,0.0,0.0,0
5.8,-0.08,0.5066,74.8337,-0.6007,-1.0704,74.8362,,,,,,,,,,,,0.0,0.0,0.0,0.0,0
5.82,-0.08,0.5066,74.8337,-0.6007,-1.0704,74.8362,,,,,,,,,,,,0.0,0.0,0.0,0.0,0
5.84,-0.08,0.5066,74.8337,-0.6007,-1.0704,74.8362,,,,,,,,,,,,0.0,0.0,0.0,0.0,0
5.86,-0.0775,0.507,74.828,-0.6003,-1.0727,74.8304,,,,,,,,,,,,0.0,0.0,0.0,0.0,0
5.88,-0.0775,0.507,74.828,-0.6003,-1.0727,74.8304,,,,,,,,,,,,0.0,0.0,0.0,0.0,0
5.9,-0.0775,0.507,74.828,-0.6003,-1.0727,74.8304,,,,,,,,,,,,0.0,0.0,0.0,0.0,0
5.92,-0.0775,0.507,74.828,-0.6003,-1.0727,74.8304,,,,,,,,,,,,0.0,0.0,0.0,0.0,0
5.94,-0.0775,0.507,74.828,-0.6003,-1.0727,74.8304,,,,,,,,,,,,0.0,0.0,0.0,0.0,0
5.96,-0.0767,0.5099,74.8303,-0.6001,-1.0762,74.8327,,,,,,,,,,,,0.0,0.0,0.0,0.0,0
5.98,-0.0767,0.5099,74.8303,-0.6001,-1.0762,74.8327,,,,,,,,,,,,0.0,0.0,0.0,0.0,0
6.0,-0.0767,0.5099,74.8303,-0.6001,-1.0762,74.8327,,,,,,,,,,,,0.0,0.0,0.0,0.0,0
6.02,-0.0767,0.5099,74.8303,-0.6001,-1.0762,74.8327,,,,,,,,,,,,0.0,0.0,0.0,0.0,0
6.04,-0.0767,0.5099,74.8303,-0.6001,-1.0762,74.8327,,,,,,,,,,,,0.0,0.0,0.0,0.0,0
6.06,-0.0759,0.5108,74.8276,-0.6,-1.0737,74.8299,,,,,,,,,,,,0.0,0.0,0.0,0.0,0
6.08,-0.0759,0.5108,74.8276,-0.6,-1.0737,74.8299,,,,,,,,,,,,0.0,0.0,0.0,0.0,0
6.1,-0.0759,0.5108,74.8276,-0.6,-1.0737,74.8299,,,,,,,,,,,,0.0,0.0,0.0,0.0,0
6.12,-0.0759,0.5108,74.8276,-0.6,-1.0737,74.8299,,,,,,,,,,,,0.0,0.0,0.0,0.0,0
6.14,-0.0759,0.5108,74.8276,-0.6,-1.0737,74.8299,,,,,,,,,,,,0.0,0.0,0.0,0.0,0
6.16,-0.0745,0.5075,74.8328,-0.5999,-1.0707,74.8351,,,,,,,,,,,,0.0,0.0,0.0,0.0,0
6.18,-0.0745,0.5075,74.8328,-0.5999,-1.0707,74.8351,,,,,,,,,,,,0.0,0.0,0.0,0.0,0
6.2,-0.0745,0.5075,74.8328,-0.5999,-1.0707,74.8351,,,,,,,,,,,,0.0,0.0,0.0,0.0,0
6.22,-0.0745,0.5075,74.8328,-0.5999,-1.0707,74.8351,,,,,,,,,,,,0.0,0.0,0.0,0.0,0
6.24,-0.0745,0.5075,74.8328,-0.5999,-1.0707,74.8351,,,,,,,,,,,,0.0,0.0,0.0,0.0,0
6.26,-0.0765,0.5098,74.832,-0.5999,-1.0718,74.8343,,,,,,,,,,,,0.0,0.0,0.0,0.0,0
6.28,-0.0765,0.5098,74.832,-0.5999,-1.0718,74.8343,,,,,,,,,,,,0.0,0.0,0.0,0.0,0
6.3,-0.0765,0.5098,74.832,-0.5999,-1.0718,74.8343,,,,,,,,,,,,0.0,0.0,0.0,0.0,0
6.32,-0.0765,0.5098,74.832,-0.5999,-1.0718,74.8343,,,,,,,,,,,,0.0,0.0,0.0,0.0,0
6.34,-0.0765,0.5098,74.832,-0.5999,-1.0718,74.8343,,,,,,,,,,,,0.0,0.0,0.0,0.0,0
6.36,-0.0759,0.509,74.8395,-0.5999,-1.066,74.8418,,,,,,,,,,,,0.0,0.0,0.0,0.0,0
6.38,-0.0759,0.509,74.8395,-0.5999,-1.066,74.8418,,,,,,,,,,,,0.0,0.0,0.0,0.0,0
6.4,-0.0759,0.509,74.8395,-0.5999,-1.066,74.8418,,,,,,,,,,,,0.0,0.0,0.0,0.0,0
6.42,-0.0759,0.509,74.8395,-0.5999,-1.066,74.8418,,,,,,,,,,,,0.0,0.0,0.0,0.0,0
6.44,-0.0759,0.509,74.8395,-0.5999,-1.066,74.8418,,,,,,,,,,,,0.0,0.0,0.0,0.0,0
6.46,-0.0745,0.509,74.835,-0.5999,-1.0631,74.8373,,,,,,,,,,,,0.0,0.0,0.0,0.0,0
6.48,-0.0745,0.509,74.835,-0.5999,-1.0631,74.8373,,,,,,,,,,,,0.0,0.0,0.0,0.0,0
6.5,-0.0745,0.509,74.835,-0.5999,-1.0631,74.8373,,,,,,,,,,,,0.0,0.0,0.0,0.0,0
6.52,-0.0745,0.509,74.835,-0.5999,-1.0631,74.8373,,,,,,,,,,,,0.0,0.0,0.0,0.0,0
6.54,-0.0745,0.509,74.835,-0.5999,-1.0631,74.8373,,,,,,,,,,,,0.0,0.0,0.0,0.0,0
6.56,-0.071,0.5061,74.8393,-0.5999,-1.0636,74.8415,,,,,,,,,,,,0.0,0.0,0.0,0.0,0
6.58,-0.071,0.5061,74.8393,-0.5999,-1.0636,74.8415,,,,,,,,,,,,0.0,0.0,0.0,0.0,0
6.6,-0.071,0.5061,74.8393,-0.5999,-1.0636,74.8415,,,,,,,,,,,,0.0,0.0,0.0,0.0,0
6.62,-0.071,0.5061,74.8393,-0.5999,-1.0636,74.8415,,,,,,,,,,,,0.0,0.0,0.0,0.0,0
6.64,-0.071,0.5061,74.8393,-0.5999,-1.0636,74.8415,,,,,,,,,,,,0.0,0.0,0.0,0.0,0
6.66,-0.0715,0.5077,74.8285,-0.5999,-1.0618,74.8307,,,,,,,,,,,,0.0,0.0,0.0,0.0,0
6.68,-0.0715,0.5077,74.8285,-0.5999,-1.0618,74.8307,,,,,,,,,,,,0.0,0.0,0.0,0.0,0
6.7,-0.0715,0.5077,74.8285,-0.5999,-1.0618,74.8307,,,,,,,,,,,,0.0,0.0,0.0,0.0,0
6.72,-0.0715,0.5077,74.8285,-0.5999,-1.0618,74.8307,,,,,,,,,,,,0.0,0.0,0.0,0.0,0
6.74,-0.0715,0.5077,74.8285,-0.5999,-1.0618,74.8307,,,,,,,,,,,,0.0,0.0,0.0,0.0,0
6.76,-0.0675,0.5028,74.8263,-0.5999,-1.0609,74.8284,,,,,,,,,,,,0.0,0.0,0.0,0.0,0
6.78,-0.0675,0.5028,74.8263,-0.5999,-1.0609,74.8284,,,,,,,,,,,,0.0,0.0,0.0,0.0,0
6.8,-0.0675,0.5028,74.8263,-0.5999,-1.0609,74.8284,,,,,,,,,,,,0.0,0.0,0.0,0.0,0
6.82,-0.0675,0.5028,74.8263,-0.5999,-1.0609,74.8284,,,,,,,,,,,,0.0,0.0,0.0,0.0,0
6.84,-0.0675,0.5028,74.8263,-0.5999,-1.0609,74.8284,,,,,,,,,,,,0.0,0.0,0.0,0.0,0
6.86,-0.0694,0.5043,74.8215,-0.5999,-1.0708,74.8237,,,,,,,,,,,,0.0,0.0,0.0,0.0,0
6.88,-0.0694,0.5043,74.8215,-0.5999,-1.0708,74.8237,,,,,,,,,,,,0.0,0.0,0.0,0.0,0
6.9,-0.0694,0.5043,74.8215,-0.5999,-1.0708,74.8237,,,,,,,,,,,,0.0,0.0,0.0,0.0,0
6.92,-0.0694,0.5043,74.8215,-0.5999,-1.0708,74.8237,,,,,,,,,,,,0.0,0.0,0.0,0.0,0
6.94,-0.0694,0.5043,74.8215,-0.5999,-1.0708,74.8237,,,,,,,,,,,,0.0,0.0,0.0,0.0,0
6.96,-0.0706,0.5052,74.8241,-0.5999,-1.0692,74.8263,,,,,,,,,,,,0.0,0.0,0.0,0.0,0
6.98,-0.0706,0.5052,74.8241,-0.5999,-1.0692,74.8263,,,,,,,,,,,,0.0,0.0,0.0,0.0,0
7.0,-0.0706,0.5052,74.8241,-0.5999,-1.0692,74.8263,,,,,,,,,,,,0.0,0.0,0.0,0.0,0
7.02,-0.0706,0.5052,74.8241,-0.5999,-1.0692,74.8263,,,,,,,,,,,,0.0,0.0,0.0,0.0,0
7.04,-0.0706,0.5052,74.8241,-0.5999,-1.0692,74.8263,,,,,,,,,,,,0.0,0.0,0.0,0.0,0
7.06,-0.0692,0.5022,74.8286,-0.6041,-1.0736,74.8307,,,,,,,,,,,,0.0,0.0,0.0,0.0,0
7.08,-0.0692,0.5022,74.8286,-0.6041,-1.0736,74.8307,,,,,,,,,,,,0.0,0.0,0.0,0.0,0
7.1,-0.0692,0.5022,74.8286,-0.6041,-1.0736,74.8307,,,,,,,,,,,,0.0,0.0,0.0,0.0,0
7.12,-0.0692,0.5022,74.8286,-0.6041,-1.0736,74.8307,,,,,,,,,,,,0.0,0.0,0.0,0.0,0
7.14,-0.0692,0.5022,74.8286,-0.6041,-1.0736,74.8307,,,,,,,,,,,,0.0,0.0,0.0,0.0,0
7.16,-0.0687,0.5042,74.8356,-0.602,-1.0696,74.8377,,,,,,,,,,,,0.0,0.0,0.0,0.0,0
7.18,-0.0687,0.5042,74.8356,-0.602,-1.0696,74.8377,,,,,,,,,,,,0.0,0.0,0.0,0.0,0
7.2,-0.0687,0.5042,74.8356,-0.602,-1.0696,74.8377,,,,,,,,,,,,0.0,0.0,0.0,0.0,0
7.22,-0.0687,0.5042,74.8356,-0.602,-1.0696,74.8377,,,,,,,,,,,,0.0,0.0,0.0,0.0,0
7.24,-0.0687,0.5042,74.8356,-0.602,-1.0696,74.8377,,,,,,,,,,,,0.0,0.0,0.0,0.0,0
7.26,-0.0661,0.5054,74.8336,-0.601,-1.074,74.8357,,,,,,,,,,,,0.0,0.0,0.0,0.0,0
7.28,-0.0661,0.5054,74.8336,-0.601,-1.074,74.8357,,,,,,,,,,,,0.0,0.0,0.0,0.0,0
7.3,-0.0661,0.5054,74.8336,-0.601,-1.074,74.8357,,,,,,,,,,,,0.0,0.0,0.0,0.0,0
7.32,-0.0661,0.5054,74.8336,-0.601,-1.074,74.8357,,,,,,,,,,,,0.0,0.0,0.0,0.0,0
7.34,-0.0661,0.5054,74.8336,-0.601,-1.074,74.8357,,,,,,,,,,,,0.0,0.0,0.0,0.0,0
7.36,-0.0644,0.5049,74.8368,-0.6004,-1.0671,74.8387,,,,,,,,,,,,0.0,0.0,0.0,0.0,0
7.38,-0.0644,0.5049,74.8368,-0.6004,-1.0671,74.8387,,,,,,,,,,,,0.0,0.0,0.0,0.0,0
7.4,-0.0644,0.5049,74.8368,-0.6004,-1.0671,74.8387,,,,,,,,,,,,0.0,0.0,0.0,0.0,0
7.42,-0.0644,0.5049,74.8368,-0.6004,-1.0671,74.8387,,,,,,,,,,,,0.0,0.0,0.0,0.0,0
7.44,-0.0644,0.5049,74.8368,-0.6004,-1.0671,74.8387,,,,,,,,,,,,0.0,0.0,0.0,0.0,0
7.46,-0.0627,0.5041,74.8369,-0.6002,-1.0729,74.8388,,,,,,,,,,,,0.0,0.0,0.0,0.0,0
7.48,-0.0627,0.5041,74.8369,-0.6002,-1.0729,74.8388,,,,,,,,,,,,0.0,0.0,0.0,0.0,0
7.5,-0.0627,0.5041,74.8369,-0.6002,-1.0729,74.8388,,,,,,,,,,,,0.0,0.0,0.0,0.0,0
7.52,-0.0627,0.5041,74.8369,-0.6002,-1.0729,74.8388,,,,,,,,,,,,0.0,0.0,0.0,0.0,0
7.54,-0.0627,0.5041,74.8369,-0.6002,-1.0729,74.8388,,,,,,,,,,,,0.0,0.0,0.0,0.0,0
7.56,-0.0634,0.5074,74.8341,-0.6,-1.0666,74.836,,,,,,,,,,,,0.0,0.0,0.0,0.0,0
7.58,-0.0634,0.5074,74.8341,-0.6,-1.0666,74.836,,,,,,,,,,,,0.0,0.0,0.0,0.0,0
7.6,-0.0634,0.5074,74.8341,-0.6,-1.0666,74.836,,,,,,,,,,,,0.0,0.0,0.0,0.0,0
7.62,-0.0634,0.5074,74.8341,-0.6,-1.0666,74.836,,,,,,,,,,,,0.0,0.0,0.0,0.0,0
7.64,-0.0634,0.5074,74.8341,-0.6,-1.0666,74.836,,,,,,,,,,,,0.0,0.0,0.0,0.0,0
7.66,-0.0645,0.5064,74.8271,-0.6,-1.0634,74.8291,,,,,,,,,,,,0.0,0.0,0.0,0.0,0
7.68,-0.0645,0.5064,74.8271,-0.6,-1.0634,74.8291,,,,,,,,,,,,0.0,0.0,0.0,0.0,0
7.7,-0.0645,0.5064,74.8271,-0.6,-1.0634,74.8291,,,,,,,,,,,,0.0,0.0,0.0,0.0,0
7.72,-0.0645,0.5064,74.8271,-0.6,-1.0634,74.8291,,,,,,,,,,,,0.0,0.0,0.0,0.0,0
7.74,-0.0645,0.5064,74.8271,-0.6,-1.0634,74.8291,,,,,,,,,,,,0.0,0.0,0.0,0.0,0
7.76,-0.0584,0.5032,74.8256,-0.5999,-1.0617,74.8274,,,,,,,,,,,,0.0,0.0,0.0,0.0,0
7.78,-0.0584,0.5032,74.8256,-0.5999,-1.0617,74.8274,,,,,,,,,,,,0.0,0.0,0.0,0.0,0
7.8,-0.0584,0.5032,74.8256,-0.5999,-1.0617,74.8274,,,,,,,,,,,,0.0,0.0,0.0,0.0,0
7.82,-0.0584,0.5032,74.8256,-0.5999,-1.0617,74.8274,,,,,,,,,,,,0.0,0.0,0.0,0.0,0
7.84,-0.0584,0.5032,74.8256,-0.5999,-1.0617,74.8274,,,,,,,,,,,,0.0,0.0,0.0,0.0,0
7.86,-0.0549,0.5011,74.8275,-0.5999,-1.0609,74.8291,,,,,,,,,,,,0.0,0.0,0.0,0.0,0
7.88,-0.0549,0.5011,74.8275,-0.5999,-1.0609,74.8291,,,,,,,,,,,,0.0,0.0,0.0,0.0,0
7.9,-0.0549,0.5011,74.8275,-0.5999,-1.0609,74.8291,,,,,,,,,,,,0.0,0.0,0.0,0.0,0
7.92,-0.0549,0.5011,74.8275,-0.5999,-1.0609,74.8291,,,,,,,,,,,,0.0,0.0,0.0,0.0,0
7.94,-0.0549,0.5011,74.8275,-0.5999,-1.0609,74.8291,,,,,,,,,,,,0.0,0.0,0.0,0.0,0
7.96,-0.0558,0.5004,74.8306,-0.5999,-1.0604,74.8323,,,,,,,,,,,,0.0,0.0,0.0,0.0,0
7.98,-0.0558,0.5004,74.8306,-0.5999,-1.0604,74.8323,,,,,,,,,,,,0.0,0.0,0.0,0.0,0
8.0,-0.0558,0.5004,74.8306,-0.5999,-1.0604,74.8323,,,,,,,,,,,,0.0,0.0,0.0,0.0,0
8.02,-0.0558,0.5004,74.8306,-0.5999,-1.0604,74.8323,,,,,,,,,,,,0.0,0.0,0.0,0.0,0
8.04,-0.0558,0.5004,74.8306,-0.5999,-1.0604,74.8323,,,,,,,,,,,,0.0,0.0,0.0,0.0,0
8.06,-0.0552,0.4995,74.8343,-0.5999,-1.0767,74.836,,,,,,,,,,,,0.0,0.0,0.0,0.0,0
8.08,-0.0552,0.4995,74.8343,-0.5999,-1.0767,74.836,,,,,,,,,,,,0.0,0.0,0.0,0.0,0
8.1,-0.0552,0.4995,74.8343,-0.5999,-1.0767,74.836,,,,,,,,,,,,0.0,0.0,0.0,0.0,0
8.12,-0.0552,0.4995,74.8343,-0.5999,-1.0767,74.836,,,,,,,,,,,,0.0,0.0,0.0,0.0,0
8.14,-0.0552,0.4995,74.8343,-0.5999,-1.0767,74.836,,,,,,,,,,,,0.0,0.0,0.0,0.0,0
8.16,-0.0548,0.4981,74.8332,-0.5999,-1.0769,74.8349,,,,,,,,,,,,0.0,0.0,0.0,0.0,0
8.18,-0.0548,0.4981,74.8332,-0.5999,-1.0769,74.8349,,,,,,,,,,,,0.0,0.0,0.0,0.0,0
8.2,-0.0548,0.4981,74.8332,-0.5999,-1.0769,74.8349,,,,,,,,,,,,0.0,0.0,0.0,0.0,0
8.22,-0.0548,0.4981,74.8332,-0.5999,-1.0769,74.8349,,,,,,,,,,,,0.0,0.0,0.0,0.0,0
8.24,-0.0548,0.4981,74.8332,-0.5999,-1.0769,74.8349,,,,,,,,,,,,0.0,0.0,0.0,0.0,0
8.26,-0.0578,0.4977,74.8313,-0.5999,-1.0806,74.8331,,,,,,,,,,,,0.0,0.0,0.0,0.0,0
8.28,-0.0578,0.4977,74.8313,-0.5999,-1.0806,74.8331,,,,,,,,,,,,0.0,0.0,0.0,0.0,0
8.3,-0.0578,0.4977,74.8313,-0.5999,-1.0806,74.8331,,,,,,,,,,,,0.0,0.0,0.0,0.0,0
8.32,-0.0578,0.4977,74.8313,-0.5999,-1.0806,74.8331,,,,,,,,,,,,0.0,0.0,0.0,0.0,0
8.34,-0.0578,0.4977,74.8313,-0.5999,-1.0806,74.8331,,,,,,,,,,,,0.0,0.0,0.0,0.0,0
8.36,-0.0578,0.4976,74.8283,-0.5999,-1.0705,74.8301,,,,,,,,,,,,0.0,0.0,0.0,0.0,0
8.38,-0.0578,0.4976,74.8283,-0.5999,-1.0705,74.8301,,,,,,,,,,,,0.0,0.0,0.0,0.0,0
8.4,-0.0578,0.4976,74.8283,-0.5999,-1.0705,74.8301,,,,,,,,,,,,0.0,0.0,0.0,0.0,0
8.42,-0.0578,0.4976,74.8283,-0.5999,-1.0705,74.8301,,,,,,,,,,,,0.0,0.0,0.0,0.0,0
8.44,-0.0578,0.4976,74.8283,-0.5999,-1.0705,74.8301,,,,,,,,,,,,0.0,0.0,0.0,0.0,0
8.46,-0.0593,0.4975,74.8283,-0.5999,-1.0654,74.8301,,,,,,,,,,,,0.0,0.0,0.0,0.0,0
8.48,-0.0593,0.4975,74.8283,-0.5999,-1.0654,74.8301,,,,,,,,,,,,0.0,0.0,0.0,0.0,0
8.5,-0.0593,0.4975,74.8283,-0.5999,-1.0654,74.8301,,,,,,,,,,,,0.0,0.0,0.0,0.0,0
8.52,-0.0593,0.4975,74.8283,-0.5999,-1.0654,74.8301,,,,,,,,,,,,0.0,0.0,0.0,0.0,0
8.54,-0.0593,0.4975,74.8283,-0.5999,-1.0654,74.8301,,,,,,,,,,,,0.0,0.0,0.0,0.0,0
8.56,-0.0598,0.4989,74.8231,-0.5999,-1.0737,74.8249,,,,,,,,,,,,0.0,0.0,0.0,0.0,0
8.58,-0.0598,0.4989,74.8231,-0.5999,-1.0737,74.8249,,,,,,,,,,,,0.0,0.0,0.0,0.0,0
8.6,-0.0598,0.4989,74.8231,-0.5999,-1.0737,74.8249,,,,,,,,,,,,0.0,0.0,0.0,0.0,0
8.62,-0.0598,0.4989,74.8231,-0.5999,-1.0737,74.8249,,,,,,,,,,,,0.0,0.0,0.0,0.0,0
8.64,-0.0598,0.4989,74.8231,-0.5999,-1.0737,74.8249,,,,,,,,,,,,0.0,0.0,0.0,0.0,0
8.66,-0.0608,0.4985,74.8162,-0.6038,-1.0772,74.8181,,,,,,,,,,,,0.0,0.0,0.0,0.0,0
8.68,-0.0608,0.4985,74.8162,-0.6038,-1.0772,74.8181,,,,,,,,,,,,0.0,0.0,0.0,0.0,0
8.7,-0.0608,0.4985,74.8162,-0.6038,-1.0772,74.8181,,,,,,,,,,,,0.0,0.0,0.0,0.0,0
8.72,-0.0608,0.4985,74.8162,-0.6038,-1.0772,74.8181,,,,,,,,,,,,0.0,0.0,0.0,0.0,0
8.74,-0.0608,0.4985,74.8162,-0.6038,-1.0772,74.8181,,,,,,,,,,,,0.0,0.0,0.0,0.0,0
8.76,-0.0529,0.4997,74.812,-0.6019,-1.0753,74.8137,,,,,,,,,,,,0.0,0.0,0.0,0.0,0
8.78,-0.0529,0.4997,74.812,-0.6019,-1.0753,74.8137,,,,,,,,,,,,0.0,0.0,0.0,0.0,0
8.8,-0.0529,0.4997,74.812,-0.6019,-1.0753,74.8137,,,,,,,,,,,,0.0,0.0,0.0,0.0,0
8.82,-0.0529,0.4997,74.812,-0.6019,-1.0753,74.8137,,,,,,,,,,,,0.0,0.0,0.0,0.0,0
8.84,-0.0529,0.4997,74.812,-0.6019,-1.0753,74.8137,,,,,,,,,,,,0.0,0.0,0.0,0.0,0
8.86,-0.0543,0.4971,74.8061,-0.6009,-1.0951,74.8078,,,,,,,,,,,,0.0,0.0,0.0,0.0,0
8.88,-0.0543,0.4971,74.8061,-0.6009,-1.0951,74.8078,,,,,,,,,,,,0.0,0.0,0.0,0.0,0
8.9,-0.0543,0.4971,74.8061,-0.6009,-1.0951,74.8078,,,,,,,,,,,,0.0,0.0,0.0,0.0,0
8.92,-0.0543,0.4971,74.8061,-0.6009,-1.0951,74.8078,,,,,,,,,,,,0.0,0.0,0.0,0.0,0
8.94,-0.0543,0.4971,74.8061,-0.6009,-1.0951,74.8078,,,,,,,,,,,,0.0,0.0,0.0,0.0,0
8.96,-0.0514,0.4996,74.8012,-0.6004,-1.0901,74.8028,,,,,,,,,,,,0.0,0.0,0.0,0.0,0
8.98,-0.0514,0.4996,74.8012,-0.6004,-1.0901,74.8028,,,,,,,,,,,,0.0,0.0,0.0,0.0,0
9.0,-0.0514,0.4996,74.8012,-0.6004,-1.0901,74.8028,,,,,,,,,,,,0.0,0.0,0.0,0.0,0
9.02,-0.0514,0.4996,74.8012,-0.6004,-1.0901,74.8028,,,,,,,,,,,,0.0,0.0,0.0,0.0,0
9.04,-0.0514,0.4996,74.8012,-0.6004,-1.0901,74.8028,,,,,,,,,,,,0.0,0.0,0.0,0.0,0
9.06,-0.048,0.4967,74.7997,-0.6002,-1.0849,74.8012,,,,,,,,,,,,0.0,0.0,0.0,0.0,0
9.08,-0.048,0.4967,74.7997,-0.6002,-1.0849,74.8012,,,,,,,,,,,,0.0,0.0,0.0,0.0,0
9.1,-0.048,0.4967,74.7997,-0.6002,-1.0849,74.8012,,,,,,,,,,,,0.0,0.0,0.0,0.0,0
9.12,-0.048,0.4967,74.7997,-0.6002,-1.0849,74.8012,,,,,,,,,,,,0.0,0.0,0.0,0.0,0
9.14,-0.048,0.4967,74.7997,-0.6002,-1.0849,74.8012,,,,,,,,,,,,0.0,0.0,0.0,0.0,0
9.16,-0.0463,0.4966,74.8009,-0.6,-1.0932,74.8024,,,,,,,,,,,,0.0,0.0,0.0,0.0,0
9.18,-0.0463,0.4966,74.8009,-0.6,-1.0932,74.8024,,,,,,,,,,,,0.0,0.0,0.0,0.0,0
9.2,-0.0463,0.4966,74.8009,-0.6,-1.0932,74.8024,,,,,,,,,,,,0.0,0.0,0.0,0.0,0
9.22,-0.0463,0.4966,74.8009,-0.6,-1.0932,74.8024,,,,,,,,,,,,0.0,0.0,0.0,0.0,0
9.24,-0.0463,0.4966,74.8009,-0.6,-1.0932,74.8024,,,,,,,,,,,,0.0,0.0,0.0,0.0,0
9.26,-0.0479,0.4918,74.8095,-0.6,-1.0958,74.811,,,,,,,,,,,,0.0,0.0,0.0,0.0,0
9.28,-0.0479,0.4918,74.8095,-0.6,-1.0958,74.811,,,,,,,,,,,,0.0,0.0,0.0,0.0,0
9.3,-0.0479,0.4918,74.8095,-0.6,-1.0958,74.811,,,,,,,,,,,,0.0,0.0,0.0,0.0,0
9.32,-0.0479,0.4918,74.8095,-0.6,-1.0958,74.811,,,,,,,,,,,,0.0,0.0,0.0,0.0,0
9.34,-0.0479,0.4918,74.8095,-0.6,-1.0958,74.811,,,,,,,,,,,,0.0,0.0,0.0,0.0,0
9.36,-0.0488,0.4915,74.8155,-0.5999,-1.1004,74.8169,,,,,,,,,,,,0.0,0.0,0.0,0.0,0
9.38,-0.0488,0.4915,74.8155,-0.5999,-1.1004,74.8169,,,,,,,,,,,,0.0,0.0,0.0,0.0,0
9.4,-0.0488,0.4915,74.8155,-0.5999,-1.1004,74.8169,,,,,,,,,,,,0.0,0.0,0.0,0.0,0
9.42,-0.0488,0.4915,74.8155,-0.5999,-1.1004,74.8169,,,,,,,,,,,,0.0,0.0,0.0,0.0,0
9.44,-0.0488,0.4915,74.8155,-0.5999,-1.1004,74.8169,,,,,,,,,,,,0.0,0.0,0.0,0.0,0
9.46,-0.0492,0.4922,74.8193,-0.5999,-1.1005,74.8208,,,,,,,,,,,,0.0,0.0,0.0,0.0,0
9.48,-0.0492,0.4922,74.8193,-0.5999,-1.1005,74.8208,,,,,,,,,,,,0.0,0.0,0.0,0.0,0
9.5,-0.0492,0.4922,74.8193,-0.5999,-1.1005,74.8208,,,,,,,,,,,,0.0,0.0,0.0,0.0,0
9.52,-0.0492,0.4922,74.8193,-0.5999,-1.1005,74.8208,,,,,,,,,,,,0.0,0.0,0.0,0.0,0
9.54,-0.0492,0.4922,74.8193,-0.5999,-1.1005,74.8208,,,,,,,,,,,,0.0,0.0,0.0,0.0,0
9.56,-0.0457,0.4909,74.8123,-0.5999,-1.1064,74.8137,,,,,,,,,,,,0.0,0.0,0.0,0.0,0
9.58,-0.0457,0.4909,74.8123,-0.5999,-1.1064,74.8137,,,,,,,,,,,,0.0,0.0,0.0,0.0,0
9.6,-0.0457,0.4909,74.8123,-0.5999,-1.1064,74.8137,,,,,,,,,,,,0.0,0.0,0.0,0.0,0
9.62,-0.0457,0.4909,74.8123,-0.5999,-1.1064,74.8137,,,,,,,,,,,,0.0,0.0,0.0,0.0,0
9.64,-0.0457,0.4909,74.8123,-0.5999,-1.1064,74.8137,,,,,,,,,,,,0.0,0.0,0.0,0.0,0
9.66,-0.0466,0.4937,74.814,-0.5999,-1.0925,74.8154,,,,,,,,,,,,0.0,0.0,0.0,0.0,0
9.68,-0.0466,0.4937,74.814,-0.5999,-1.0925,74.8154,,,,,,,,,,,,0.0,0.0,0.0,0.0,0
9.7,-0.0466,0.4937,74.814,-0.5999,-1.0925,74.8154,,,,,,,,,,,,0.0,0.0,0.0,0.0,0
9.72,-0.0466,0.4937,74.814,-0.5999,-1.0925,74.8154,,,,,,,,,,,,0.0,0.0,0.0,0.0,0
9.74,-0.0466,0.4937,74.814,-0.5999,-1.0925,74.8154,,,,,,,,,,,,0.0,0.0,0.0,0.0,0
9.76,-0.0449,0.4894,74.8119,-0.5999,-1.1047,74.8133,,,,,,,,,,,,0.0,0.0,0.0,0.0,0
9.78,-0.0449,0.4894,74.8119,-0.5999,-1.1047,74.8133,,,,,,,,,,,,0.0,0.0,0.0,0.0,0
9.8,-0.0449,0.4894,74.8119,-0.5999,-1.1047,74.8133,,,,,,,,,,,,0.0,0.0,0.0,0.0,0
9.82,-0.0449,0.4894,74.8119,-0.5999,-1.1047,74.8133,,,,,,,,,,,,0.0,0.0,0.0,0.0,0
9.84,-0.0449,0.4894,74.8119,-0.5999,-1.1047,74.8133,,,,,,,,,,,,0.0,0.0,0.0,0.0,0
9.86,-0.0451,0.4855,74.8071,-0.5999,-1.0967,74.8085,,,,,,,,,,,,0.0,0.0,0.0,0.0,0
9.88,-0.0451,0.4855,74.8071,-0.5999,-1.0967,74.8085,,,,,,,,,,,,0.0,0.0,0.0,0.0,0
9.9,-0.0451,0.4855,74.8071,-0.5999,-1.0967,74.8085,,,,,,,,,,,,0.0,0.0,0.0,0.0,0
9.92,-0.0451,0.4855,74.8071,-0.5999,-1.0967,74.8085,,,,,,,,,,,,0.0,0.0,0.0,0.0,0
9.94,-0.0451,0.4855,74.8071,-0.5999,-1.0967,74.8085,,,,,,,,,,,,0.0,0.0,0.0,0.0,0
9.96,-0.0453,0.487,74.8068,-0.5999,-1.093,74.8082,,,,,,,,,,,,0.0,0.0,0.0,0.0,0
9.98,-0.0453,0.487,74.8068,-0.5999,-1.093,74.8082,,,,,,,,,,,,0.0,0.0,0.0,0.0,0
10.0,-0.0453,0.487,74.8068,-0.5999,-1.093,74.8082,,,,,,,,,,,,0.0,0.0,0.0,0.0,0
10.02,-0.0453,0.487,74.8068,-0.5999,-1.093,74.8082,,,,,,,,,,,,0.0,0.0,0.0,0.0,0
10.04,-0.0453,0.487,74.8068,-0.5999,-1.093,74.8082,,,,,,,,,,,,0.0,0.0,0.0,0.0,0
10.06,-0.0412,0.4875,74.8071,-0.5999,-1.0933,74.8083,,,,,,,,,,,,0.0,0.0,0.0,0.0,0
10.08,-0.0412,0.4875,74.8071,-0.5999,-1.0933,74.8083,,,,,,,,,,,,0.0,0.0,0.0,0.0,0
10.1,-0.0412,0.4875,74.8071,-0.5999,-1.0933,74.8083,,,,,,,,,,,,0.0,0.0,0.0,0.0,0
10.12,-0.0412,0.4875,74.8071,-0.5999,-1.0933,74.8083,,,,,,,,,,,,0.0,0.0,0.0,0.0,0
10.14,-0.0412,0.4875,74.8071,-0.5999,-1.0933,74.8083,,,,,,,,,,,,0.0,0.0,0.0,0.0,0
10.16,-0.0394,0.4856,74.813,-0.6053,-1.104,74.8143,,,,,,,,,,,,0.0,0.0,0.0,0.0,0
10.18,-0.0394,0.4856,74.813,-0.6053,-1.104,74.8143,,,,,,,,,,,,0.0,0.0,0.0,0.0,0
10.2,-0.0394,0.4856,74.813,-0.6053,-1.104,74.8143,,,,,,,,,,,,0.0,0.0,0.0,0.0,0
10.22,-0.0394,0.4856,74.813,-0.6053,-1.104,74.8143,,,,,,,,,,,,0.0,0.0,0.0,0.0,0
10.24,-0.0394,0.4856,74.813,-0.6053,-1.104,74.8143,,,,,,,,,,,,0.0,0.0,0.0,0.0,0
10.26,-0.0373,0.4922,74.8133,-0.6026,-1.0953,74.8145,,,,,,,,,,,,0.0,0.0,0.0,0.0,0
10.28,-0.0373,0.4922,74.8133,-0.6026,-1.0953,74.8145,,,,,,,,,,,,0.0,0.0,0.0,0.0,0
10.3,-0.0373,0.4922,74.8133,-0.6026,-1.0953,74.8145,,,,,,,,,,,,0.0,0.0,0.0,0.0,0
10.32,-0.0373,0.4922,74.8133,-0.6026,-1.0953,74.8145,,,,,,,,,,,,0.0,0.0,0.0,0.0,0
10.34,-0.0373,0.4922,74.8133,-0.6026,-1.0953,74.8145,,,,,,,,,,,,0.0,0.0,0.0,0.0,0
10.36,-0.0377,0.4984,74.8132,-0.6013,-1.0881,74.8144,,,,,,,,,,,,0.0,0.0,0.0,0.0,0
10.38,-0.0377,0.4984,74.8132,-0.6013,-1.0881,74.8144,,,,,,,,,,,,0.0,0.0,0.0,0.0,0
10.4,-0.0377,0.4984,74.8132,-0.6013,-1.0881,74.8144,,,,,,,,,,,,0.0,0.0,0.0,0.0,0
10.42,-0.0377,0.4984,74.8132,-0.6013,-1.0881,74.8144,,,,,,,,,,,,0.0,0.0,0.0,0.0,0
10.44,-0.0377,0.4984,74.8132,-0.6013,-1.0881,74.8144,,,,,,,,,,,,0.0,0.0,0.0,0.0,0
10.46,-0.0371,0.5089,74.8166,-0.6006,-1.0805,74.8178,,,,,,,,,,,,0.0,0.0,0.0,0.0,0
10.48,-0.0371,0.5089,74.8166,-0.6006,-1.0805,74.8178,,,,,,,,,,,,0.0,0.0,0.0,0.0,0
10.5,-0.0371,0.5089,74.8166,-0.6006,-1.0805,74.8178,,,,,,,,,,,,0.0,0.0,0.0,0.0,0
10.52,-0.0371,0.5089,74.8166,-0.6006,-1.0805,74.8178,,,,,,,,,,,,0.0,0.0,0.0,0.0,0
10.54,-0.0371,0.5089,74.8166,-0.6006,-1.0805,74.8178,,,,,,,,,,,,0.0,0.0,0.0,0.0,0
10.56,-0.0345,0.5152,74.8154,-0.6003,-1.0812,74.8165,,,,,,,,,,,,0.0,0.0,0.0,0.0,0
10.58,-0.0345,0.5152,74.8154,-0.6003,-1.0812,74.8165,,,,,,,,,,,,0.0,0.0,0.0,0.0,0
10.6,-0.0345,0.5152,74.8154,-0.6003,-1.0812,74.8165,,,,,,,,,,,,0.0,0.0,0.0,0.0,0
10.62,-0.0345,0.5152,74.8154,-0.6003,-1.0812,74.8165,,,,,,,,,,,,0.0,0.0,0.0,0.0,0
10.64,-0.0345,0.5152,74.8154,-0.6003,-1.0812,74.8165,,,,,,,,,,,,0.0,0.0,0.0,0.0,0
10.66,-0.0325,0.522,74.8119,-0.6001,-1.1015,74.8129,,,,,,,,,,,,0.0,0.0,0.0,0.0,0
10.68,-0.0325,0.522,74.8119,-0.6001,-1.1015,74.8129,,,,,,,,,,,,0.0,0.0,0.0,0.0,0
10.7,-0.0325,0.522,74.8119,-0.6001,-1.1015,74.8129,,,,,,,,,,,,0.0,0.0,0.0,0.0,0
10.72,-0.0325,0.522,74.8119,-0.6001,-1.1015,74.8129,,,,,,,,,,,,0.0,0.0,0.0,0.0,0
10.74,-0.0325,0.522,74.8119,-0.6001,-1.1015,74.8129,,,,,,,,,,,,0.0,0.0,0.0,0.0,0
10.76,-0.0263,0.5253,74.8064,-0.6,-1.0876,74.8072,,,,,,,,,,,,0.0,0.0,0.0,0.0,0
10.78,-0.0263,0.5253,74.8064,-0.6,-1.0876,74.8072,,,,,,,,,,,,0.0,0.0,0.0,0.0,0
10.8,-0.0263,0.5253,74.8064,-0.6,-1.0876,74.8072,,,,,,,,,,,,0.0,0.0,0.0,0.0,0
10.82,-0.0263,0.5253,74.8064,-0.6,-1.0876,74.8072,,,,,,,,,,,,0.0,0.0,0.0,0.0,0
10.84,-0.0263,0.5253,74.8064,-0.6,-1.0876,74.8072,,,,,,,,,,,,0.0,0.0,0.0,0.0,0
10.86,-0.0236,0.534,74.805,-0.5999,-1.0877,74.8057,,,,,,,,,,,,0.0,0.0,0.0,0.0,0
10.88,-0.0236,0.534,74.805,-0.5999,-1.0877,74.8057,,,,,,,,,,,,0.0,0.0,0.0,0.0,0
10.9,-0.0236,0.534,74.805,-0.5999,-1.0877,74.8057,,,,,,,,,,,,0.0,0.0,0.0,0.0,0
10.92,-0.0236,0.534,74.805,-0.5999,-1.0877,74.8057,,,,,,,,,,,,0.0,0.0,0.0,0.0,0
10.94,-0.0236,0.534,74.805,-0.5999,-1.0877,74.8057,,,,,,,,,,,,0.0,0.0,0.0,0.0,0
10.96,-0.0225,0.5388,74.8026,-0.5999,-1.0788,74.8033,,,,,,,,,,,,0.0,0.0,0.0,0.0,0
10.98,-0.0225,0.5388,74.8026,-0.5999,-1.0788,74.8033,,,,,,,,,,,,0.0,0.0,0.0,0.0,0
11.0,-0.0225,0.5388,74.8026,-0.5999,-1.0788,74.8033,,,,,,,,,,,,0.0,0.0,0.0,0.0,0
11.02,-0.0225,0.5388,74.8026,-0.5999,-1.0788,74.8033,,,,,,,,,,,,0.0,0.0,0.0,0.0,0
11.04,-0.0225,0.5388,74.8026,-0.5999,-1.0788,74.8033,,,,,,,,,,,,0.0,0.0,0.0,0.0,0
11.06,-0.0218,0.5454,74.8035,-0.5999,-1.0864,74.8041,,,,,,,,,,,,0.0,0.0,0.0,0.0,0
11.08,-0.0218,0.5454,74.8035,-0.5999,-1.0864,74.8041,,,,,,,,,,,,0.0,0.0,0.0,0.0,0
11.1,-0.0218,0.5454,74.8035,-0.5999,-1.0864,74.8041,,,,,,,,,,,,0.0,0.0,0.0,0.0,0
11.12,-0.0218,0.5454,74.8035,-0.5999,-1.0864,74.8041,,,,,,,,,,,,0.0,0.0,0.0,0.0,0
11.14,-0.0218,0.5454,74.8035,-0.5999,-1.0864,74.8041,,,,,,,,,,,,0.0,0.0,0.0,0.0,0
11.16,-0.0214,0.5497,74.8075,-0.5999,-1.0877,74.8082,,,,,,,,,,,,0.0,0.0,0.0,0.0,0
11.18,-0.0214,0.5497,74.8075,-0.5999,-1.0877,74.8082,,,,,,,,,,,,0.0,0.0,0.0,0.0,0
11.2,-0.0214,0.5497,74.8075,-0.5999,-1.0877,74.8082,,,,,,,,,,,,0.0,0.0,0.0,0.0,0
11.22,-0.0214,0.5497,74.8075,-0.5999,-1.0877,74.8082,,,,,,,,,,,,0.0,0.0,0.0,0.0,0
11.24,-0.0214,0.5497,74.8075,-0.5999,-1.0877,74.8082,,,,,,,,,,,,0.0,0.0,0.0,0.0,0
11.26,-0.0225,0.5542,74.8067,-0.5999,-1.095,74.8074,,,,,,,,,,,,0.0,0.0,0.0,0.0,0
11.28,-0.0225,0.5542,74.8067,-0.5999,-1.095,74.8074,,,,,,,,,,,,0.0,0.0,0.0,0.0,0
11.3,-0.0225,0.5542,74.8067,-0.5999,-1.095,74.8074,,,,,,,,,,,,0.0,0.0,0.0,0.0,0
11.32,-0.0225,0.5542,74.8067,-0.5999,-1.095,74.8074,,,,,,,,,,,,0.0,0.0,0.0,0.0,0
11.34,-0.0225,0.5542,74.8067,-0.5999,-1.095,74.8074,,,,,,,,,,,,0.0,0.0,0.0,0.0,0
11.36,-0.0224,0.5619,74.8106,-0.5999,-1.0986,74.8113,,,,,,,,,,,,0.0,0.0,0.0,0.0,0
11.38,-0.0224,0.5619,74.8106,-0.5999,-1.0986,74.8113,,,,,,,,,,,,0.0,0.0,0.0,0.0,0
11.4,-0.0224,0.5619,74.8106,-0.5999,-1.0986,74.8113,,,,,,,,,,,,0.0,0.0,0.0,0.0,0
11.42,-0.0224,0.5619,74.8106,-0.5999,-1.0986,74.8113,,,,,,,,,,,,0.0,0.0,0.0,0.0,0
11.44,-0.0224,0.5619,74.8106,-0.5999,-1.0986,74.8113,,,,,,,,,,,,0.0,0.0,0.0,0.0,0
11.46,-0.0197,0.5689,74.8053,-0.5999,-1.1042,74.8059,,,,,,,,,,,,0.0,0.0,0.0,0.0,0
11.48,-0.0197,0.5689,74.8053,-0.5999,-1.1042,74.8059,,,,,,,,,,,,0.0,0.0,0.0,0.0,0
11.5,-0.0197,0.5689,74.8053,-0.5999,-1.1042,74.8059,,,,,,,,,,,,0.0,0.0,0.0,0.0,0
11.52,-0.0197,0.5689,74.8053,-0.5999,-1.1042,74.8059,,,,,,,,,,,,0.0,0.0,0.0,0.0,0
11.54,-0.0197,0.5689,74.8053,-0.5999,-1.1042,74.8059,,,,,,,,,,,,0.0,0.0,0.0,0.0,0
11.56,-0.0162,0.5779,74.8056,-0.5999,-1.1035,74.8061,,,,,,,,,,,,0.0,0.0,0.0,0.0,0
11.58,-0.0162,0.5779,74.8056,-0.5999,-1.1035,74.8061,,,,,,,,,,,,0.0,0.0,0.0,0.0,0
11.6,-0.0162,0.5779,74.8056,-0.5999,-1.1035,74.8061,,,,,,,,,,,,0.0,0.0,0.0,0.0,0
11.62,-0.0162,0.5779,74.8056,-0.5999,-1.1035,74.8061,,,,,,,,,,,,0.0,0.0,0.0,0.0,0
11.64,-0.0162,0.5779,74.8056,-0.5999,-1.1035,74.8061,,,,,,,,,,,,0.0,0.0,0.0,0.0,0
11.66,-0.0178,0.5857,74.8049,-0.5999,-1.1014,74.8055,,,,,,,,,,,,0.0,0.0,0.0,0.0,0
11.68,-0.0178,0.5857,74.8049,-0.5999,-1.1014,74.8055,,,,,,,,,,,,0.0,0.0,0.0,0.0,0
11.7,-0.0178,0.5857,74.8049,-0.5999,-1.1014,74.8055,,,,,,,,,,,,0.0,0.0,0.0,0.0,0
11.72,-0.0178,0.5857,74.8049,-0.5999,-1.1014,74.8055,,,,,,,,,,,,0.0,0.0,0.0,0.0,0
11.74,-0.0178,0.5857,74.8049,-0.5999,-1.1014,74.8055,,,,,,,,,,,,0.0,0.0,0.0,0.0,0
11.76,-0.0165,0.5899,74.8071,-0.6028,-1.1109,74.8076,,,,,,,,,,,,0.0,0.0,0.0,0.0,0
11.78,-0.0165,0.5899,74.8071,-0.6028,-1.1109,74.8076,,,,,,,,,,,,0.0,0.0,0.0,0.0,0
11.8,-0.0165,0.5899,74.8071,-0.6028,-1.1109,74.8076,,,,,,,,,,,,0.0,0.0,0.0,0.0,0
11.82,-0.0165,0.5899,74.8071,-0.6028,-1.1109,74.8076,,,,,,,,,,,,0.0,0.0,0.0,0.0,0
11.84,-0.0165,0.5899,74.8071,-0.6028,-1.1109,74.8076,,,,,,,,,,,,0.0,0.0,0.0,0.0,0
11.86,-0.0153,0.5925,74.8058,-0.6014,-1.1001,74.8062,,,,,,,,,,,,0.0,0.0,0.0,0.0,0
11.88,-0.0153,0.5925,74.8058,-0.6014,-1.1001,74.8062,,,,,,,,,,,,0.0,0.0,0.0,0.0,0
11.9,-0.0153,0.5925,74.8058,-0.6014,-1.1001,74.8062,,,,,,,,,,,,0.0,0.0,0.0,0.0,0
11.92,-0.0153,0.5925,74.8058,-0.6014,-1.1001,74.8062,,,,,,,,,,,,0.0,0.0,0.0,0.0,0
11.94,-0.0153,0.5925,74.8058,-0.6014,-1.1001,74.8062,,,,,,,,,,,,0.0,0.0,0.0,0.0,0
11.96,-0.0158,0.5979,74.8085,-0.6006,-1.0943,74.809,,,,,,,,,,,,0.0,0.0,0.0,0.0,0
11.98,-0.0158,0.5979,74.8085,-0.6006,-1.0943,74.809,,,,,,,,,,,,0.0,0.0,0.0,0.0,0
12.0,-0.0158,0.5979,74.8085,-0.6006,-1.0943,74.809,,,,,,,,,,,,0.0,0.0,0.0,0.0,0
12.02,-0.0158,0.5979,74.8085,-0.6006,-1.0943,74.809,,,,,,,,,,,,0.0,0.0,0.0,0.0,0
12.04,-0.0158,0.5979,74.8085,-0.6006,-1.0943,74.809,,,,,,,,,,,,0.0,0.0,0.0,0.0,0
12.06,-0.0175,0.6012,74.8118,-0.6003,-1.1014,74.8124,,,,,,,,,,,,0.0,0.0,0.0,0.0,0
12.08,-0.0175,0.6012,74.8118,-0.6003,-1.1014,74.8124,,,,,,,,,,,,0.0,0.0,0.0,0.0,0
12.1,-0.0175,0.6012,74.8118,-0.6003,-1.1014,74.8124,,,,,,,,,,,,0.0,0.0,0.0,0.0,0
12.12,-0.0175,0.6012,74.8118,-0.6003,-1.1014,74.8124,,,,,,,,,,,,0.0,0.0,0.0,0.0,0
12.14,-0.0175,0.6012,74.8118,-0.6003,-1.1014,74.8124,,,,,,,,,,,,0.0,0.0,0.0,0.0,0
12.16,-0.0175,0.6048,74.8136,-0.6001,-1.088,74.8142,,,,,,,,,,,,0.0,0.0,0.0,0.0,0
12.18,-0.0175,0.6048,74.8136,-0.6001,-1.088,74.8142,,,,,,,,,,,,0.0,0.0,0.0,0.0,0
12.2,-0.0175,0.6048,74.8136,-0.6001,-1.088,74.8142,,,,,,,,,,,,0.0,0.0,0.0,0.0,0
12.22,-0.0175,0.6048,74.8136,-0.6001,-1.088,74.8142,,,,,,,,,,,,0.0,0.0,0.0,0.0,0
12.24,-0.0175,0.6048,74.8136,-0.6001,-1.088,74.8142,,,,,,,,,,,,0.0,0.0,0.0,0.0,0
12.26,-0.0165,0.6086,74.8194,-0.6,-1.0804,74.82,,,,,,,,,,,,0.0,0.0,0.0,0.0,0
12.28,-0.0165,0.6086,74.8194,-0.6,-1.0804,74.82,,,,,,,,,,,,0.0,0.0,0.0,0.0,0
12.3,-0.0165,0.6086,74.8194,-0.6,-1.0804,74.82,,,,,,,,,,,,0.0,0.0,0.0,0.0,0
12.32,-0.0165,0.6086,74.8194,-0.6,-1.0804,74.82,,,,,,,,,,,,0.0,0.0,0.0,0.0,0
12.34,-0.0165,0.6086,74.8194,-0.6,-1.0804,74.82,,,,,,,,,,,,0.0,0.0,0.0,0.0,0
12.36,-0.0174,0.6121,74.823,-0.5999,-1.0894,74.8235,,,,,,,,,,,,0.0,0.0,0.0,0.0,0
12.38,-0.0174,0.6121,74.823,-0.5999,-1.0894,74.8235,,,,,,,,,,,,0.0,0.0,0.0,0.0,0
12.4,-0.0174,0.6121,74.823,-0.5999,-1.0894,74.8235,,,,,,,,,,,,0.0,0.0,0.0,0.0,0
12.42,-0.0174,0.6121,74.823,-0.5999,-1.0894,74.8235,,,,,,,,,,,,0.0,0.0,0.0,0.0,0
12.44,-0.0174,0.6121,74.823,-0.5999,-1.0894,74.8235,,,,,,,,,,,,0.0,0.0,0.0,0.0,0
12.46,-0.0187,0.6178,74.821,-0.5999,-1.0893,74.8216,,,,,,,,,,,,0.0,0.0,0.0,0.0,0
12.48,-0.0187,0.6178,74.821,-0.5999,-1.0893,74.8216,,,,,,,,,,,,0.0,0.0,0.0,0.0,0
12.5,-0.0187,0.6178,74.821,-0.5999,-1.0893,74.8216,,,,,,,,,,,,0.0,0.0,0.0,0.0,0
12.52,-0.0187,0.6178,74.821,-0.5999,-1.0893,74.8216,,,,,,,,,,,,0.0,0.0,0.0,0.0,0
12.54,-0.0187,0.6178,74.821,-0.5999,-1.0893,74.8216,,,,,,,,,,,,0.0,0.0,0.0,0.0,0
12.56,-0.018,0.6204,74.815,-0.5999,-1.0849,74.8155,,,,,,,,,,,,0.0,0.0,0.0,0.0,0
12.58,-0.018,0.6204,74.815,-0.5999,-1.0849,74.8155,,,,,,,,,,,,0.0,0.0,0.0,0.0,0
12.6,-0.018,0.6204,74.815,-0.5999,-1.0849,74.8155,,,,,,,,,,,,0.0,0.0,0.0,0.0,0
12.62,-0.018,0.6204,74.815,-0.5999,-1.0849,74.8155,,,,,,,,,,,,0.0,0.0,0.0,0.0,0
12.64,-0.018,0.6204,74.815,-0.5999,-1.0849,74.8155,,,,,,,,,,,,0.0,0.0,0.0,0.0,0
12.66,-0.0196,0.624,74.8087,-0.5999,-1.0756,74.8093,,,,,,,,,,,,0.0,0.0,0.0,0.0,0
12.68,-0.0196,0.624,74.8087,-0.5999,-1.0756,74.8093,,,,,,,,,,,,0.0,0.0,0.0,0.0,0
12.7,-0.0196,0.624,74.8087,-0.5999,-1.0756,74.8093,,,,,,,,,,,,0.0,0.0,0.0,0.0,0
12.72,-0.0196,0.624,74.8087,-0.5999,-1.0756,74.8093,,,,,,,,,,,,0.0,0.0,0.0,0.0,0
12.74,-0.0196,0.624,74.8087,-0.5999,-1.0756,74.8093,,,,,,,,,,,,0.0,0.0,0.0,0.0,0
12.76,-0.0189,0.6253,74.804,-0.5999,-1.0783,74.8045,,,,,,,,,,,,0.0,0.0,0.0,0.0,0
12.78,-0.0189,0.6253,74.804,-0.5999,-1.0783,74.8045,,,,,,,,,,,,0.0,0.0,0.0,0.0,0
12.8,-0.0189,0.6253,74.804,-0.5999,-1.0783,74.8045,,,,,,,,,,,,0.0,0.0,0.0,0.0,0
12.82,-0.0189,0.6253,74.804,-0.5999,-1.0783,74.8045,,,,,,,,,,,,0.0,0.0,0.0,0.0,0
12.84,-0.0189,0.6253,74.804,-0.5999,-1.0783,74.8045,,,,,,,,,,,,0.0,0.0,0.0,0.0,0
12.86,-0.0144,0.6269,74.8028,-0.5999,-1.0774,74.8032,,,,,,,,,,,,0.0,0.0,0.0,0.0,0
12.88,-0.0144,0.6269,74.8028,-0.5999,-1.0774,74.8032,,,,,,,,,,,,0.0,0.0,0.0,0.0,0
12.9,-0.0144,0.6269,74.8028,-0.5999,-1.0774,74.8032,,,,,,,,,,,,0.0,0.0,0.0,0.0,0
12.92,-0.0144,0.6269,74.8028,-0.5999,-1.0774,74.8032,,,,,,,,,,,,0.0,0.0,0.0,0.0,0
12.94,-0.0144,0.6269,74.8028,-0.5999,-1.0774,74.8032,,,,,,,,,,,,0.0,0.0,0.0,0.0,0
12.96,-0.0144,0.6287,74.8028,-0.5999,-1.0689,74.8032,,,,,,,,,,,,0.0,0.0,0.0,0.0,0
12.98,-0.0144,0.6287,74.8028,-0.5999,-1.0689,74.8032,,,,,,,,,,,,0.0,0.0,0.0,0.0,0
13.0,-0.0144,0.6287,74.8028,-0.5999,-1.0689,74.8032,,,,,,,,,,,,0.0,0.0,0.0,0.0,0
13.02,-0.0144,0.6287,74.8028,-0.5999,-1.0689,74.8032,,,,,,,,,,,,0.0,0.0,0.0,0.0,0
13.04,-0.0144,0.6287,74.8028,-0.5999,-1.0689,74.8032,,,,,,,,,,,,0.0,0.0,0.0,0.0,0
13.06,-0.0144,0.6339,74.8025,-0.5999,-1.0645,74.8029,,,,,,,,,,,,0.0,0.0,0.0,0.0,0
13.08,-0.0144,0.6339,74.8025,-0.5999,-1.0645,74.8029,,,,,,,,,,,,0.0,0.0,0.0,0.0,0
13.1,-0.0144,0.6339,74.8025,-0.5999,-1.0645,74.8029,,,,,,,,,,,,0.0,0.0,0.0,0.0,0
13.12,-0.0144,0.6339,74.8025,-0.5999,-1.0645,74.8029,,,,,,,,,,,,0.0,0.0,0.0,0.0,0
13.14,-0.0144,0.6339,74.8025,-0.5999,-1.0645,74.8029,,,,,,,,,,,,0.0,0.0,0.0,0.0,0
13.16,-0.01,0.6382,74.8044,-0.5999,-1.0623,74.8047,,,,,,,,,,,,0.0,0.0,0.0,0.0,0
13.18,-0.01,0.6382,74.8044,-0.5999,-1.0623,74.8047,,,,,,,,,,,,0.0,0.0,0.0,0.0,0
13.2,-0.01,0.6382,74.8044,-0.5999,-1.0623,74.8047,,,,,,,,,,,,0.0,0.0,0.0,0.0,0
13.22,-0.01,0.6382,74.8044,-0.5999,-1.0623,74.8047,,,,,,,,,,,,0.0,0.0,0.0,0.0,0
13.24,-0.01,0.6382,74.8044,-0.5999,-1.0623,74.8047,,,,,,,,,,,,0.0,0.0,0.0,0.0,0
13.26,-0.009,0.6424,74.809,-0.6038,-1.0695,74.8093,,,,,,,,,,,,0.0,0.0,0.0,0.0,0
13.28,-0.009,0.6424,74.809,-0.6038,-1.0695,74.8093,,,,,,,,,,,,0.0,0.0,0.0,0.0,0
13.3,-0.009,0.6424,74.809,-0.6038,-1.0695,74.8093,,,,,,,,,,,,0.0,0.0,0.0,0.0,0
13.32,-0.009,0.6424,74.809,-0.6038,-1.0695,74.8093,,,,,,,,,,,,0.0,0.0,0.0,0.0,0
13.34,-0.009,0.6424,74.809,-0.6038,-1.0695,74.8093,,,,,,,,,,,,0.0,0.0,0.0,0.0,0
13.36,-0.006,0.6465,74.8106,-0.6019,-1.0648,74.8108,,,,,,,,,,,,0.0,0.0,0.0,0.0,0
13.38,-0.006,0.6465,74.8106,-0.6019,-1.0648,74.8108,,,,,,,,,,,,0.0,0.0,0.0,0.0,0
13.4,-0.006,0.6465,74.8106,-0.6019,-1.0648,74.8108,,,,,,,,,,,,0.0,0.0,0.0,0.0,0
13.42,-0.006,0.6465,74.8106,-0.6019,-1.0648,74.8108,,,,,,,,,,,,0.0,0.0,0.0,0.0,0
13.44,-0.006,0.6465,74.8106,-0.6019,-1.0648,74.8108,,,,,,,,,,,,0.0,0.0,0.0,0.0,0
13.46,-0.0129,0.654,74.8109,-0.6009,-1.0625,74.8113,,,,,,,,,,,,0.0,0.0,0.0,0.0,0
13.48,-0.0129,0.654,74.8109,-0.6009,-1.0625,74.8113,,,,,,,,,,,,0.0,0.0,0.0,0.0,0
13.5,-0.0129,0.654,74.8109,-0.6009,-1.0625,74.8113,,,,,,,,,,,,0.0,0.0,0.0,0.0,0
13.52,-0.0129,0.654,74.8109,-0.6009,-1.0625,74.8113,,,,,,,,,,,,0.0,0.0,0.0,0.0,0
13.54,-0.0129,0.654,74.8109,-0.6009,-1.0625,74.8113,,,,,,,,,,,,0.0,0.0,0.0,0.0,0
13.56,-0.0109,0.6556,74.8054,-0.6004,-1.0613,74.8057,,,,,,,,,,,,0.0,0.0,0.0,0.0,0
13.58,-0.0109,0.6556,74.8054,-0.6004,-1.0613,74.8057,,,,,,,,,,,,0.0,0.0,0.0,0.0,0
13.6,-0.0109,0.6556,74.8054,-0.6004,-1.0613,74.8057,,,,,,,,,,,,0.0,0.0,0.0,0.0,0
13.62,-0.0109,0.6556,74.8054,-0.6004,-1.0613,74.8057,,,,,,,,,,,,0.0,0.0,0.0,0.0,0
13.64,-0.0109,0.6556,74.8054,-0.6004,-1.0613,74.8057,,,,,,,,,,,,0.0,0.0,0.0,0.0,0
13.66,-0.0097,0.6603,74.802,-0.6002,-1.0606,74.8023,,,,,,,,,,,,0.0,0.0,0.0,0.0,0
13.68,-0.0097,0.6603,74.802,-0.6002,-1.0606,74.8023,,,,,,,,,,,,0.0,0.0,0.0,0.0,0
13.7,-0.0097,0.6603,74.802,-0.6002,-1.0606,74.8023,,,,,,,,,,,,0.0,0.0,0.0,0.0,0
13.72,-0.0097,0.6603,74.802,-0.6002,-1.0606,74.8023,,,,,,,,,,,,0.0,0.0,0.0,0.0,0
13.74,-0.0097,0.6603,74.802,-0.6002,-1.0606,74.8023,,,,,,,,,,,,0.0,0.0,0.0,0.0,0
13.76,-0.0104,0.6675,74.8006,-0.6,-1.0731,74.801,,,,,,,,,,,,0.0,0.0,0.0,0.0,0
13.78,-0.0104,0.6675,74.8006,-0.6,-1.0731,74.801,,,,,,,,,,,,0.0,0.0,0.0,0.0,0
13.8,-0.0104,0.6675,74.8006,-0.6,-1.0731,74.801,,,,,,,,,,,,0.0,0.0,0.0,0.0,0
13.82,-0.0104,0.6675,74.8006,-0.6,-1.0731,74.801,,,,,,,,,,,,0.0,0.0,0.0,0.0,0
13.84,-0.0104,0.6675,74.8006,-0.6,-1.0731,74.801,,,,,,,,,,,,0.0,0.0,0.0,0.0,0
13.86,-0.0099,0.6657,74.7964,-0.6,-1.0667,74.7967,,,,,,,,,,,,0.0,0.0,0.0,0.0,0
13.88,-0.0099,0.6657,74.7964,-0.6,-1.0667,74.7967,,,,,,,,,,,,0.0,0.0,0.0,0.0,0
13.9,-0.0099,0.6657,74.7964,-0.6,-1.0667,74.7967,,,,,,,,,,,,0.0,0.0,0.0,0.0,0
13.92,-0.0099,0.6657,74.7964,-0.6,-1.0667,74.7967,,,,,,,,,,,,0.0,0.0,0.0,0.0,0
13.94,-0.0099,0.6657,74.7964,-0.6,-1.0667,74.7967,,,,,,,,,,,,0.0,0.0,0.0,0.0,0
13.96,-0.0104,0.6672,74.7952,-0.5999,-1.0762,74.7955,,,,,,,,,,,,0.0,0.0,0.0,0.0,0
13.98,-0.0104,0.6672,74.7952,-0.5999,-1.0762,74.7955,,,,,,,,,,,,0.0,0.0,0.0,0.0,0
14.0,-0.0104,0.6672,74.7952,-0.5999,-1.0762,74.7955,,,,,,,,,,,,0.0,0.0,0.0,0.0,0
14.02,-0.0104,0.6672,74.7952,-0.5999,-1.0762,74.7955,,,,,,,,,,,,0.0,0.0,0.0,0.0,0
14.04,-0.0104,0.6672,74.7952,-0.5999,-1.0762,74.7955,,,,,,,,,,,,0.0,0.0,0.0,0.0,0
14.06,-0.0114,0.6688,74.7949,-0.5999,-1.0759,74.7952,,,,,,,,,,,,0.0,0.0,0.0,0.0,0
14.08,-0.0114,0.6688,74.7949,-0.5999,-1.0759,74.7952,,,,,,,,,,,,0.0,0.0,0.0,0.0,0
14.1,-0.0114,0.6688,74.7949,-0.5999,-1.0759,74.7952,,,,,,,,,,,,0.0,0.0,0.0,0.0,0
14.12,-0.0114,0.6688,74.7949,-0.5999,-1.0759,74.7952,,,,,,,,,,,,0.0,0.0,0.0,0.0,0
14.14,-0.0114,0.6688,74.7949,-0.5999,-1.0759,74.7952,,,,,,,,,,,,0.0,0.0,0.0,0.0,0
14.16,-0.0099,0.6705,74.7932,-0.5999,-1.0804,74.7936,,,,,,,,,,,,0.0,0.0,0.0,0.0,0
14.18,-0.0099,0.6705,74.7932,-0.5999,-1.0804,74.7936,,,,,,,,,,,,0.0,0.0,0.0,0.0,0
14.2,-0.0099,0.6705,74.7932,-0.5999,-1.0804,74.7936,,,,,,,,,,,,0.0,0.0,0.0,0.0,0
14.22,-0.0099,0.6705,74.7932,-0.5999,-1.0804,74.7936,,,,,,,,,,,,0.0,0.0,0.0,0.0,0
14.24,-0.0099,0.6705,74.7932,-0.5999,-1.0804,74.7936,,,,,,,,,,,,0.0,0.0,0.0,0.0,0
14.26,-0.009,0.6758,74.795,-0.5999,-1.0731,74.7953,,,,,,,,,,,,0.0,0.0,0.0,0.0,0
14.28,-0.009,0.6758,74.795,-0.5999,-1.0731,74.7953,,,,,,,,,,,,0.0,0.0,0.0,0.0,0
14.3,-0.009,0.6758,74.795,-0.5999,-1.0731,74.7953,,,,,,,,,,,,0.0,0.0,0.0,0.0,0
14.32,-0.009,0.6758,74.795,-0.5999,-1.0731,74.7953,,,,,,,,,,,,0.0,0.0,0.0,0.0,0
14.34,-0.009,0.6758,74.795,-0.5999,-1.0731,74.7953,,,,,,,,,,,,0.0,0.0,0.0,0.0,0
14.36,-0.0071,0.6767,74.7946,-0.5999,-1.0667,74.7948,,,,,,,,,,,,0.0,0.0,0.0,0.0,0
14.38,-0.0071,0.6767,74.7946,-0.5999,-1.0667,74.7948,,,,,,,,,,,,0.0,0.0,0.0,0.0,0
14.4,-0.0071,0.6767,74.7946,-0.5999,-1.0667,74.7948,,,,,,,,,,,,0.0,0.0,0.0,0.0,0
14.42,-0.0071,0.6767,74.7946,-0.5999,-1.0667,74.7948,,,,,,,,,,,,0.0,0.0,0.0,0.0,0
14.44,-0.0071,0.6767,74.7946,-0.5999,-1.0667,74.7948,,,,,,,,,,,,0.0,0.0,0.0,0.0,0
14.46,-0.0053,0.6777,74.7911,-0.5999,-1.0697,74.7913,,,,,,,,,,,,0.0,0.0,0.0,0.0,0
14.48,-0.0053,0.6777,74.7911,-0.5999,-1.0697,74.7913,,,,,,,,,,,,0.0,0.0,0.0,0.0,0
14.5,-0.0053,0.6777,74.7911,-0.5999,-1.0697,74.7913,,,,,,,,,,,,0.0,0.0,0.0,0.0,0
14.52,-0.0053,0.6777,74.7911,-0.5999,-1.0697,74.7913,,,,,,,,,,,,0.0,0.0,0.0,0.0,0
14.54,-0.0053,0.6777,74.7911,-0.5999,-1.0697,74.7913,,,,,,,,,,,,0.0,0.0,0.0,0.0,0
14.56,-0.0073,0.6762,74.7847,-0.5999,-1.0693,74.7849,,,,,,,,,,,,0.0,0.0,0.0,0.0,0
14.58,-0.0073,0.6762,74.7847,-0.5999,-1.0693,74.7849,,,,,,,,,,,,0.0,0.0,0.0,0.0,0
14.6,-0.0073,0.6762,74.7847,-0.5999,-1.0693,74.7849,,,,,,,,,,,,0.0,0.0,0.0,0.0,0
14.62,-0.0073,0.6762,74.7847,-0.5999,-1.0693,74.7849,,,,,,,,,,,,0.0,0.0,0.0,0.0,0
14.64,-0.0073,0.6762,74.7847,-0.5999,-1.0693,74.7849,,,,,,,,,,,,0.0,0.0,0.0,0.0,0
14.66,-0.0073,0.6762,74.7847,-0.5999,-1.0693,74.7849,,,,,,,,,,,,0.0,0.0,0.0,0.0,0
14.68,-0.0073,0.6762,74.7847,-0.5999,-1.0693,74.7849,,,,,,,,,,,,0.0,0.0,0.0,0.0,0
14.7,-0.0073,0.6762,74.7847,-0.5999,-1.0693,74.7849,,,,,,,,,,,,0.0,0.0,0.0,0.0,0
14.72,-0.0073,0.6762,74.7847,-0.5999,-1.0693,74.7849,,,,,,,,,,,,0.0,0.0,0.0,0.0,0
14.74,-0.0073,0.6762,74.7847,-0.5999,-1.0693,74.7849,,,,,,,,,,,,0.0,0.0,0.0,0.0,0
14.76,-0.0073,0.6762,74.7847,-0.5999,-1.0693,74.7849,,,,,,,,,,,,0.0,0.0,0.0,0.0,0
14.78,-0.0073,0.6762,74.7847,-0.5999,-1.0693,74.7849,,,,,,,,,,,,0.0,0.0,0.0,0.0,0
14.8,-0.0073,0.6762,74.7847,-0.5999,-1.0693,74.7849,,,,,,,,,,,,0.0,0.0,0.0,0.0,0
14.82,-0.0073,0.6762,74.7847,-0.5999,-1.0693,74.7849,,,,,,,,,,,,0.0,0.0,0.0,0.0,0
14.84,-0.0073,0.6762,74.7847,-0.5999,-1.0693,74.7849,,,,,,,,,,,,0.0,0.0,0.0,0.0,0
14.86,-0.0073,0.6762,74.7847,-0.5999,-1.0693,74.7849,,,,,,,,,,,,0.0,0.0,0.0,0.0,0
14.88,-0.0073,0.6762,74.7847,-0.5999,-1.0693,74.7849,,,,,,,,,,,,0.0,0.0,0.0,0.0,0
14.9,-0.0073,0.6762,74.7847,-0.5999,-1.0693,74.7849,,,,,,,,,,,,0.0,0.0,0.0,0.0,0
14.92,-0.0073,0.6762,74.7847,-0.5999,-1.0693,74.7849,,,,,,,,,,,,0.0,0.0,0.0,0.0,0
14.94,-0.0073,0.6762,74.7847,-0.5999,-1.0693,74.7849,,,,,,,,,,,,0.0,0.0,0.0,0.0,0
14.96,-0.0073,0.6762,74.7847,-0.5999,-1.0693,74.7849,,,,,,,,,,,,0.0,0.0,0.0,0.0,0
14.98,-0.0073,0.6762,74.7847,-0.5999,-1.0693,74.7849,,,,,,,,,,,,0.0,0.0,0.0,0.0,0
15.0,-0.0073,0.6762,74.7847,-0.5999,-1.0693,74.7849,,,,,,,,,,,,0.0,0.0,0.0,0.0,0
15.02,-0.0073,0.6762,74.7847,-0.5999,-1.0693,74.7849,,,,,,,,,,,,0.0,0.0,0.0,0.0,0
15.04,-0.0073,0.6762,74.7847,-0.5999,-1.0693,74.7849,,,,,,,,,,,,0.0,0.0,0.0,0.0,0
15.06,-0.0073,0.6762,74.7847,-0.5999,-1.0693,74.7849,,,,,,,,,,,,0.0,0.0,0.0,0.0,0
15.08,-0.0073,0.6762,74.7847,-0.5999,-1.0693,74.7849,,,,,,,,,,,,0.0,0.0,0.0,0.0,0
15.1,-0.0073,0.6762,74.7847,-0.5999,-1.0693,74.7849,,,,,,,,,,,,0.0,0.0,0.0,0.0,0
15.12,-0.0073,0.6762,74.7847,-0.5999,-1.0693,74.7849,,,,,,,,,,,,0.0,0.0,0.0,0.0,0
15.14,-0.0073,0.6762,74.7847,-0.5999,-1.0693,74.7849,,,,,,,,,,,,0.0,0.0,0.0,0.0,0
15.16,-0.0073,0.6762,74.7847,-0.5999,-1.0693,74.7849,,,,,,,,,,,,0.0,0.0,0.0,0.0,0
15.18,-0.0073,0.6762,74.7847,-0.5999,-1.0693,74.7849,,,,,,,,,,,,0.0,0.0,0.0,0.0,0
15.2,-0.0073,0.6762,74.7847,-0.5999,-1.0693,74.7849,,,,,,,,,,,,0.0,0.0,0.0,0.0,0
15.22,-0.0073,0.6762,74.7847,-0.5999,-1.0693,74.7849,,,,,,,,,,,,0.0,0.0,0.0,0.0,0
15.24,-0.0073,0.6762,74.7847,-0.5999,-1.0693,74.7849,,,,,,,,,,,,0.0,0.0,0.0,0.0,0
15.26,-0.0073,0.6762,74.7847,-0.5999,-1.0693,74.7849,,,,,,,,,,,,0.0,0.0,0.0,0.0,0
15.28,-0.0073,0.6762,74.7847,-0.5999,-1.0693,74.7849,,,,,,,,,,,,0.0,0.0,0.0,0.0,0
15.3,-0.0073,0.6762,74.7847,-0.5999,-1.0693,74.7849,,,,,,,,,,,,0.0,0.0,0.0,0.0,0
15.32,-0.0073,0.6762,74.7847,-0.5999,-1.0693,74.7849,,,,,,,,,,,,0.0,0.0,0.0,0.0,0
15.34,-0.0073,0.6762,74.7847,-0.5999,-1.0693,74.7849,,,,,,,,,,,,0.0,0.0,0.0,0.0,0
15.36,-0.0073,0.6762,74.7847,-0.5999,-1.0693,74.7849,,,,,,,,,,,,0.0,0.0,0.0,0.0,0
15.38,-0.0073,0.6762,74.7847,-0.5999,-1.0693,74.7849,,,,,,,,,,,,0.0,0.0,0.0,0.0,0
15.4,-0.0073,0.6762,74.7847,-0.5999,-1.0693,74.7849,,,,,,,,,,,,0.0,0.0,0.0,0.0,0
15.42,-0.0073,0.6762,74.7847,-0.5999,-1.0693,74.7849,,,,,,,,,,,,0.0,0.0,0.0,0.0,0
15.44,-0.0073,0.6762,74.7847,-0.5999,-1.0693,74.7849,,,,,,,,,,,,0.0,0.0,0.0,0.0,0
15.46,-0.0073,0.6762,74.7847,-0.5999,-1.0693,74.7849,,,,,,,,,,,,0.0,0.0,0.0,0.0,0
15.48,-0.0073,0.6762,74.7847,-0.5999,-1.0693,74.7849,,,,,,,,,,,,0.0,0.0,0.0,0.0,0
15.5,-0.0073,0.6762,74.7847,-0.5999,-1.0693,74.7849,,,,,,,,,,,,0.0,0.0,0.0,0.0,0
15.52,-0.0073,0.6762,74.7847,-0.5999,-1.0693,74.7849,,,,,,,,,,,,0.0,0.0,0.0,0.0,0
15.54,-0.0073,0.6762,74.7847,-0.5999,-1.0693,74.7849,,,,,,,,,,,,0.0,0.0,0.0,0.0,0
15.56,-0.0073,0.6762,74.7847,-0.5999,-1.0693,74.7849,,,,,,,,,,,,0.0,0.0,0.0,0.0,0
15.58,-0.0073,0.6762,74.7847,-0.5999,-1.0693,74.7849,,,,,,,,,,,,0.0,0.0,0.0,0.0,0
15.6,-0.0073,0.6762,74.7847,-0.5999,-1.0693,74.7849,,,,,,,,,,,,0.0,0.0,0.0,0.0,0
15.62,-0.0073,0.6762,74.7847,-0.5999,-1.0693,74.7849,,,,,,,,,,,,0.0,0.0,0.0,0.0,0
15.64,-0.0073,0.6762,74.7847,-0.5999,-1.0693,74.7849,,,,,,,,,,,,0.0,0.0,0.0,0.0,0
15.66,-0.0073,0.6762,74.7847,-0.5999,-1.0693,74.7849,,,,,,,,,,,,0.0,0.0,0.0,0.0,0
15.68,-0.0073,0.6762,74.7847,-0.5999,-1.0693,74.7849,,,,,,,,,,,,0.0,0.0,0.0,0.0,0
15.7,-0.0073,0.6762,74.7847,-0.5999,-1.0693,74.7849,,,,,,,,,,,,0.0,0.0,0.0,0.0,0
15.72,-0.0073,0.6762,74.7847,-0.5999,-1.0693,74.7849,,,,,,,,,,,,0.0,0.0,0.0,0.0,0
15.74,-0.0073,0.6762,74.7847,-0.5999,-1.0693,74.7849,,,,,,,,,,,,0.0,0.0,0.0,0.0,0
15.76,-0.0073,0.6762,74.7847,-0.5999,-1.0693,74.7849,,,,,,,,,,,,0.0,0.0,0.0,0.0,0
15.78,-0.0073,0.6762,74.7847,-0.5999,-1.0693,74.7849,,,,,,,,,,,,0.0,0.0,0.0,0.0,0
15.8,-0.0073,0.6762,74.7847,-0.5999,-1.0693,74.7849,,,,,,,,,,,,0.0,0.0,0.0,0.0,0
15.82,-0.0073,0.6762,74.7847,-0.5999,-1.0693,74.7849,,,,,,,,,,,,0.0,0.0,0.0,0.0,0
15.84,-0.0073,0.6762,74.7847,-0.5999,-1.0693,74.7849,,,,,,,,,,,,0.0,0.0,0.0,0.0,0
15.86,-0.0073,0.6762,74.7847,-0.5999,-1.0693,74.7849,,,,,,,,,,,,0.0,0.0,0.0,0.0,0
15.88,-0.0073,0.6762,74.7847,-0.5999,-1.0693,74.7849,,,,,,,,,,,,0.0,0.0,0.0,0.0,0
15.9,-0.0073,0.6762,74.7847,-0.5999,-1.0693,74.7849,,,,,,,,,,,,0.0,0.0,0.0,0.0,0
15.92,-0.0073,0.6762,74.7847,-0.5999,-1.0693,74.7849,,,,,,,,,,,,0.0,0.0,0.0,0.0,0
15.94,-0.0073,0.6762,74.7847,-0.5999,-1.0693,74.7849,,,,,,,,,,,,0.0,0.0,0.0,0.0,0
15.96,-0.0073,0.6762,74.7847,-0.5999,-1.0693,74.7849,,,,,,,,,,,,0.0,0.0,0.0,0.0,0
15.98,-0.0073,0.6762,74.7847,-0.5999,-1.0693,74.7849,,,,,,,,,,,,0.0,0.0,0.0,0.0,0
16.0,-0.0073,0.6762,74.7847,-0.5999,-1.0693,74.7849,,,,,,,,,,,,0.0,0.0,0.0,0.0,0
16.02,-0.0073,0.6762,74.7847,-0.5999,-1.0693,74.7849,,,,,,,,,,,,0.0,0.0,0.0,0.0,0
16.04,-0.0073,0.6762,74.7847,-0.5999,-1.0693,74.7849,,,,,,,,,,,,0.0,0.0,0.0,0.0,0
16.06,-0.0073,0.6762,74.7847,-0.5999,-1.0693,74.7849,,,,,,,,,,,,0.0,0.0,0.0,0.0,0
16.08,-0.0073,0.6762,74.7847,-0.5999,-1.0693,74.7849,,,,,,,,,,,,0.0,0.0,0.0,0.0,0
16.1,-0.0073,0.6762,74.7847,-0.5999,-1.0693,74.7849,,,,,,,,,,,,0.0,0.0,0.0,0.0,0
16.12,-0.0073,0.6762,74.7847,-0.5999,-1.0693,74.7849,,,,,,,,,,,,0.0,0.0,0.0,0.0,0
16.14,-0.0073,0.6762,74.7847,-0.5999,-1.0693,74.7849,,,,,,,,,,,,0.0,0.0,0.0,0.0,0
16.16,-0.0073,0.6762,74.7847,-0.5999,-1.0693,74.7849,,,,,,,,,,,,0.0,0.0,0.0,0.0,0
16.18,-0.0073,0.6762,74.7847,-0.5999,-1.0693,74.7849,,,,,,,,,,,,0.0,0.0,0.0,0.0,0
16.2,-0.0073,0.6762,74.7847,-0.5999,-1.0693,74.7849,,,,,,,,,,,,0.0,0.0,0.0,0.0,0
16.22,-0.0073,0.6762,74.7847,-0.5999,-1.0693,74.7849,,,,,,,,,,,,0.0,0.0,0.0,0.0,0
16.24,-0.0073,0.6762,74.7847,-0.5999,-1.0693,74.7849,,,,,,,,,,,,0.0,0.0,0.0,0.0,0
16.26,-0.0073,0.6762,74.7847,-0.5999,-1.0693,74.7849,,,,,,,,,,,,0.0,0.0,0.0,0.0,0
16.28,-0.0073,0.6762,74.7847,-0.5999,-1.0693,74.7849,,,,,,,,,,,,0.0,0.0,0.0,0.0,0
16.3,-0.0073,0.6762,74.7847,-0.5999,-1.0693,74.7849,,,,,,,,,,,,0.0,0.0,0.0,0.0,0
16.32,-0.0073,0.6762,74.7847,-0.5999,-1.0693,74.7849,,,,,,,,,,,,0.0,0.0,0.0,0.0,0
16.34,-0.0073,0.6762,74.7847,-0.5999,-1.0693,74.7849,,,,,,,,,,,,0.0,0.0,0.0,0.0,0
16.36,-0.0073,0.6762,74.7847,-0.5999,-1.0693,74.7849,,,,,,,,,,,,0.0,0.0,0.0,0.0,0
16.38,-0.0073,0.6762,74.7847,-0.5999,-1.0693,74.7849,,,,,,,,,,,,0.0,0.0,0.0,0.0,0
16.4,-0.0073,0.6762,74.7847,-0.5999,-1.0693,74.7849,,,,,,,,,,,,0.0,0.0,0.0,0.0,0
16.42,-0.0073,0.6762,74.7847,-0.5999,-1.0693,74.7849,,,,,,,,,,,,0.0,0.0,0.0,0.0,0
16.44,-0.0073,0.6762,74.7847,-0.5999,-1.0693,74.7849,,,,,,,,,,,,0.0,0.0,0.0,0.0,0
16.46,-0.0073,0.6762,74.7847,-0.5999,-1.0693,74.7849,,,,,,,,,,,,0.0,0.0,0.0,0.0,0
16.48,-0.0073,0.6762,74.7847,-0.5999,-1.0693,74.7849,,,,,,,,,,,,0.0,0.0,0.0,0.0,0
16.5,-0.0073,0.6762,74.7847,-0.5999,-1.0693,74.7849,,,,,,,,,,,,0.0,0.0,0.0,0.0,0
16.52,-0.0073,0.6762,74.7847,-0.5999,-1.0693,74.7849,,,,,,,,,,,,0.0,0.0,0.0,0.0,0
16.54,-0.0073,0.6762,74.7847,-0.5999,-1.0693,74.7849,,,,,,,,,,,,0.0,0.0,0.0,0.0,0
16.56,-0.0073,0.6762,74.7847,-0.5999,-1.0693,74.7849,,,,,,,,,,,,0.0,0.0,0.0,0.0,0
16.58,-0.0073,0.6762,74.7847,-0.5999,-1.0693,74.7849,,,,,,,,,,,,0.0,0.0,0.0,0.0,0
16.6,-0.0073,0.6762,74.7847,-0.5999,-1.0693,74.7849,,,,,,,,,,,,0.0,0.0,0.0,0.0,0
16.62,-0.0073,0.6762,74.7847,-0.5999,-1.0693,74.7849,,,,,,,,,,,,0.0,0.0,0.0,0.0,0
16.64,-0.0073,0.6762,74.7847,-0.5999,-1.0693,74.7849,,,,,,,,,,,,0.0,0.0,0.0,0.0,0
16.66,-0.0073,0.6762,74.7847,-0.5999,-1.0693,74.7849,,,,,,,,,,,,0.0,0.0,0.0,0.0,0
16.68,-0.0073,0.6762,74.7847,-0.5999,-1.0693,74.7849,,,,,,,,,,,,0.0,0.0,0.0,0.0,0
16.7,-0.0073,0.6762,74.7847,-0.5999,-1.0693,74.7849,,,,,,,,,,,,0.0,0.0,0.0,0.0,0
16.72,-0.0073,0.6762,74.7847,-0.5999,-1.0693,74.7849,,,,,,,,,,,,0.0,0.0,0.0,0.0,0
16.74,-0.0073,0.6762,74.7847,-0.5999,-1.0693,74.7849,,,,,,,,,,,,0.0,0.0,0.0,0.0,0
16.76,-0.0073,0.6762,74.7847,-0.5999,-1.0693,74.7849,,,,,,,,,,,,0.0,0.0,0.0,0.0,0
16.78,-0.0073,0.6762,74.7847,-0.5999,-1.0693,74.7849,,,,,,,,,,,,0.0,0.0,0.0,0.0,0
16.8,-0.0073,0.6762,74.7847,-0.5999,-1.0693,74.7849,,,,,,,,,,,,0.0,0.0,0.0,0.0,0
16.82,-0.0073,0.6762,74.7847,-0.5999,-1.0693,74.7849,,,,,,,,,,,,0.0,0.0,0.0,0.0,0
16.84,-0.0073,0.6762,74.7847,-0.5999,-1.0693,74.7849,,,,,,,,,,,,0.0,0.0,0.0,0.0,0
16.86,-0.0073,0.6762,74.7847,-0.5999,-1.0693,74.7849,,,,,,,,,,,,0.0,0.0,0.0,0.0,0
16.88,-0.0073,0.6762,74.7847,-0.5999,-1.0693,74.7849,,,,,,,,,,,,0.0,0.0,0.0,0.0,0
16.9,-0.0073,0.6762,74.7847,-0.5999,-1.0693,74.7849,,,,,,,,,,,,0.0,0.0,0.0,0.0,0
16.92,-0.0073,0.6762,74.7847,-0.5999,-1.0693,74.7849,,,,,,,,,,,,0.0,0.0,0.0,0.0,0
16.94,-0.0073,0.6762,74.7847,-0.5999,-1.0693,74.7849,,,,,,,,,,,,0.0,0.0,0.0,0.0,0
16.96,-0.0073,0.6762,74.7847,-0.5999,-1.0693,74.7849,,,,,,,,,,,,0.0,0.0,0.0,0.0,0
16.98,-0.0073,0.6762,74.7847,-0.5999,-1.0693,74.7849,,,,,,,,,,,,0.0,0.0,0.0,0.0,0
17.0,-0.0073,0.6762,74.7847,-0.5999,-1.0693,74.7849,,,,,,,,,,,,0.0,0.0,0.0,0.0,0
17.02,-0.0073,0.6762,74.7847,-0.5999,-1.0693,74.7849,,,,,,,,,,,,0.0,0.0,0.0,0.0,0
17.04,-0.0073,0.6762,74.7847,-0.5999,-1.0693,74.7849,,,,,,,,,,,,0.0,0.0,0.0,0.0,0
17.06,-0.0073,0.6762,74.7847,-0.5999,-1.0693,74.7849,,,,,,,,,,,,0.0,0.0,0.0,0.0,0
17.08,-0.0073,0.6762,74.7847,-0.5999,-1.0693,74.7849,,,,,,,,,,,,0.0,0.0,0.0,0.0,0
17.1,-0.0073,0.6762,74.7847,-0.5999,-1.0693,74.7849,,,,,,,,,,,,0.0,0.0,0.0,0.0,0
17.12,-0.0073,0.6762,74.7847,-0.5999,-1.0693,74.7849,,,,,,,,,,,,0.0,0.0,0.0,0.0,0
17.14,-0.0073,0.6762,74.7847,-0.5999,-1.0693,74.7849,,,,,,,,,,,,0.0,0.0,0.0,0.0,0
17.16,-0.0073,0.6762,74.7847,-0.5999,-1.0693,74.7849,,,,,,,,,,,,0.0,0.0,0.0,0.0,0
17.18,-0.0073,0.6762,74.7847,-0.5999,-1.0693,74.7849,,,,,,,,,,,,0.0,0.0,0.0,0.0,0
17.2,-0.0073,0.6762,74.7847,-0.5999,-1.0693,74.7849,,,,,,,,,,,,0.0,0.0,0.0,0.0,0
17.22,-0.0073,0.6762,74.7847,-0.5999,-1.0693,74.7849,,,,,,,,,,,,0.0,0.0,0.0,0.0,0
17.24,-0.0073,0.6762,74.7847,-0.5999,-1.0693,74.7849,,,,,,,,,,,,0.0,0.0,0.0,0.0,0
17.26,-0.0073,0.6762,74.7847,-0.5999,-1.0693,74.7849,,,,,,,,,,,,0.0,0.0,0.0,0.0,0
17.28,-0.0073,0.6762,74.7847,-0.5999,-1.0693,74.7849,,,,,,,,,,,,0.0,0.0,0.0,0.0,0
17.3,-0.0073,0.6762,74.7847,-0.5999,-1.0693,74.7849,,,,,,,,,,,,0.0,0.0,0.0,0.0,0
17.32,-0.0073,0.6762,74.7847,-0.5999,-1.0693,74.7849,,,,,,,,,,,,0.0,0.0,0.0,0.0,0
17.34,-0.0073,0.6762,74.7847,-0.5999,-1.0693,74.7849,,,,,,,,,,,,0.0,0.0,0.0,0.0,0
17.36,-0.0073,0.6762,74.7847,-0.5999,-1.0693,74.7849,,,,,,,,,,,,0.0,0.0,0.0,0.0,0
17.38,-0.0073,0.6762,74.7847,-0.5999,-1.0693,74.7849,,,,,,,,,,,,0.0,0.0,0.0,0.0,0
17.4,-0.0073,0.6762,74.7847,-0.5999,-1.0693,74.7849,,,,,,,,,,,,0.0,0.0,0.0,0.0,0
17.42,-0.0073,0.6762,74.7847,-0.5999,-1.0693,74.7849,,,,,,,,,,,,0.0,0.0,0.0,0.0,0
17.44,-0.0073,0.6762,74.7847,-0.5999,-1.0693,74.7849,,,,,,,,,,,,0.0,0.0,0.0,0.0,0
17.46,-0.0073,0.6762,74.7847,-0.5999,-1.0693,74.7849,,,,,,,,,,,,0.0,0.0,0.0,0.0,0
17.48,-0.0073,0.6762,74.7847,-0.5999,-1.0693,74.7849,,,,,,,,,,,,0.0,0.0,0.0,0.0,0
17.5,-0.0073,0.6762,74.7847,-0.5999,-1.0693,74.7849,,,,,,,,,,,,0.0,0.0,0.0,0.0,0
17.52,-0.0073,0.6762,74.7847,-0.5999,-1.0693,74.7849,,,,,,,,,,,,0.0,0.0,0.0,0.0,0
17.54,-0.0073,0.6762,74.7847,-0.5999,-1.0693,74.7849,,,,,,,,,,,,0.0,0.0,0.0,0.0,0
17.56,-0.0073,0.6762,74.7847,-0.5999,-1.0693,74.7849,,,,,,,,,,,,0.0,0.0,0.0,0.0,0
17.58,-0.0073,0.6762,74.7847,-0.5999,-1.0693,74.7849,,,,,,,,,,,,0.0,0.0,0.0,0.0,0
17.6,-0.0073,0.6762,74.7847,-0.5999,-1.0693,74.7849,,,,,,,,,,,,0.0,0.0,0.0,0.0,0
17.62,-0.0073,0.6762,74.7847,-0.5999,-1.0693,74.7849,,,,,,,,,,,,0.0,0.0,0.0,0.0,0
17.64,-0.0073,0.6762,74.7847,-0.5999,-1.0693,74.7849,,,,,,,,,,,,0.0,0.0,0.0,0.0,0
17.66,-0.0073,0.6762,74.7847,-0.5999,-1.0693,74.7849,,,,,,,,,,,,0.0,0.0,0.0,0.0,0
17.68,-0.0073,0.6762,74.7847,-0.5999,-1.0693,74.7849,,,,,,,,,,,,0.0,0.0,0.0,0.0,0
17.7,-0.0073,0.6762,74.7847,-0.5999,-1.0693,74.7849,,,,,,,,,,,,0.0,0.0,0.0,0.0,0
17.72,-0.0073,0.6762,74.7847,-0.5999,-1.0693,74.7849,,,,,,,,,,,,0.0,0.0,0.0,0.0,0
17.74,-0.0073,0.6762,74.7847,-0.5999,-1.0693,74.7849,,,,,,,,,,,,0.0,0.0,0.0,0.0,0
17.76,-0.0073,0.6762,74.7847,-0.5999,-1.0693,74.7849,,,,,,,,,,,,0.0,0.0,0.0,0.0,0
17.78,-0.0073,0.6762,74.7847,-0.5999,-1.0693,74.7849,,,,,,,,,,,,0.0,0.0,0.0,0.0,0
17.8,-0.0073,0.6762,74.7847,-0.5999,-1.0693,74.7849,,,,,,,,,,,,0.0,0.0,0.0,0.0,0
17.82,-0.0073,0.6762,74.7847,-0.5999,-1.0693,74.7849,,,,,,,,,,,,0.0,0.0,0.0,0.0,0
17.84,-0.0073,0.6762,74.7847,-0.5999,-1.0693,74.7849,,,,,,,,,,,,0.0,0.0,0.0,0.0,0
17.86,-0.0073,0.6762,74.7847,-0.5999,-1.0693,74.7849,,,,,,,,,,,,0.0,0.0,0.0,0.0,0
17.88,-0.0073,0.6762,74.7847,-0.5999,-1.0693,74.7849,,,,,,,,,,,,0.0,0.0,0.0,0.0,0
17.9,-0.0073,0.6762,74.7847,-0.5999,-1.0693,74.7849,,,,,,,,,,,,0.0,0.0,0.0,0.0,0
17.92,-0.0073,0.6762,74.7847,-0.5999,-1.0693,74.7849,,,,,,,,,,,,0.0,0.0,0.0,0.0,0
17.94,-0.0073,0.6762,74.7847,-0.5999,-1.0693,74.7849,,,,,,,,,,,,0.0,0.0,0.0,0.0,0
17.96,-0.0073,0.6762,74.7847,-0.5999,-1.0693,74.7849,,,,,,,,,,,,0.0,0.0,0.0,0.0,0
17.98,-0.0073,0.6762,74.7847,-0.5999,-1.0693,74.7849,,,,,,,,,,,,0.0,0.0,0.0,0.0,0
18.0,-0.0073,0.6762,74.7847,-0.5999,-1.0693,74.7849,,,,,,,,,,,,0.0,0.0,0.0,0.0,0
18.02,-0.0073,0.6762,74.7847,-0.5999,-1.0693,74.7849,,,,,,,,,,,,0.0,0.0,0.0,0.0,0
18.04,-0.0073,0.6762,74.7847,-0.5999,-1.0693,74.7849,,,,,,,,,,,,0.0,0.0,0.0,0.0,0
18.06,-0.0073,0.6762,74.7847,-0.5999,-1.0693,74.7849,,,,,,,,,,,,0.0,0.0,0.0,0.0,0
18.08,-0.0073,0.6762,74.7847,-0.5999,-1.0693,74.7849,,,,,,,,,,,,0.0,0.0,0.0,0.0,0
18.1,-0.0073,0.6762,74.7847,-0.5999,-1.0693,74.7849,,,,,,,,,,,,0.0,0.0,0.0,0.0,0
18.12,-0.0073,0.6762,74.7847,-0.5999,-1.0693,74.7849,,,,,,,,,,,,0.0,0.0,0.0,0.0,0
18.14,-0.0073,0.6762,74.7847,-0.5999,-1.0693,74.7849,,,,,,,,,,,,0.0,0.0,0.0,0.0,0
18.16,-0.0073,0.6762,74.7847,-0.5999,-1.0693,74.7849,,,,,,,,,,,,0.0,0.0,0.0,0.0,0
18.18,-0.0073,0.6762,74.7847,-0.5999,-1.0693,74.7849,,,,,,,,,,,,0.0,0.0,0.0,0.0,0
18.2,-0.0073,0.6762,74.7847,-0.5999,-1.0693,74.7849,,,,,,,,,,,,0.0,0.0,0.0,0.0,0
18.22,-0.0073,0.6762,74.7847,-0.5999,-1.0693,74.7849,,,,,,,,,,,,0.0,0.0,0.0,0.0,0
18.24,-0.0073,0.6762,74.7847,-0.5999,-1.0693,74.7849,,,,,,,,,,,,0.0,0.0,0.0,0.0,0
18.26,-0.0073,0.6762,74.7847,-0.5999,-1.0693,74.7849,,,,,,,,,,,,0.0,0.0,0.0,0.0,0
18.28,-0.0073,0.6762,74.7847,-0.5999,-1.0693,74.7849,,,,,,,,,,,,0.0,0.0,0.0,0.0,0
18.3,-0.0073,0.6762,74.7847,-0.5999,-1.0693,74.7849,,,,,,,,,,,,0.0,0.0,0.0,0.0,0
18.32,-0.0073,0.6762,74.7847,-0.5999,-1.0693,74.7849,,,,,,,,,,,,0.0,0.0,0.0,0.0,0
18.34,-0.0073,0.6762,74.7847,-0.5999,-1.0693,74.7849,,,,,,,,,,,,0.0,0.0,0.0,0.0,0
18.36,-0.0073,0.6762,74.7847,-0.5999,-1.0693,74.7849,,,,,,,,,,,,0.0,0.0,0.0,0.0,0
18.38,-0.0073,0.6762,74.7847,-0.5999,-1.0693,74.7849,,,,,,,,,,,,0.0,0.0,0.0,0.0,0
18.4,-0.0073,0.6762,74.7847,-0.5999,-1.0693,74.7849,,,,,,,,,,,,0.0,0.0,0.0,0.0,0
18.42,-0.0073,0.6762,74.7847,-0.5999,-1.0693,74.7849,,,,,,,,,,,,0.0,0.0,0.0,0.0,0
18.44,-0.0073,0.6762,74.7847,-0.5999,-1.0693,74.7849,,,,,,,,,,,,0.0,0.0,0.0,0.0,0
18.46,-0.0073,0.6762,74.7847,-0.5999,-1.0693,74.7849,,,,,,,,,,,,0.0,0.0,0.0,0.0,0
18.48,-0.0073,0.6762,74.7847,-0.5999,-1.0693,74.7849,,,,,,,,,,,,0.0,0.0,0.0,0.0,0
18.5,-0.0073,0.6762,74.7847,-0.5999,-1.0693,74.7849,,,,,,,,,,,,0.0,0.0,0.0,0.0,0
18.52,-0.0073,0.6762,74.7847,-0.5999,-1.0693,74.7849,,,,,,,,,,,,0.0,0.0,0.0,0.0,0
18.54,-0.0073,0.6762,74.7847,-0.5999,-1.0693,74.7849,,,,,,,,,,,,0.0,0.0,0.0,0.0,0
18.56,-0.0073,0.6762,74.7847,-0.5999,-1.0693,74.7849,,,,,,,,,,,,0.0,0.0,0.0,0.0,0
18.58,-0.0073,0.6762,74.7847,-0.5999,-1.0693,74.7849,,,,,,,,,,,,0.0,0.0,0.0,0.0,0
18.6,-0.0073,0.6762,74.7847,-0.5999,-1.0693,74.7849,,,,,,,,,,,,0.0,0.0,0.0,0.0,0
18.62,-0.0073,0.6762,74.7847,-0.5999,-1.0693,74.7849,,,,,,,,,,,,0.0,0.0,0.0,0.0,0
18.64,-0.0073,0.6762,74.7847,-0.5999,-1.0693,74.7849,,,,,,,,,,,,0.0,0.0,0.0,0.0,0
18.66,-0.0073,0.6762,74.7847,-0.5999,-1.0693,74.7849,,,,,,,,,,,,0.0,0.0,0.0,0.0,0
18.68,-0.0073,0.6762,74.7847,-0.5999,-1.0693,74.7849,,,,,,,,,,,,0.0,0.0,0.0,0.0,0
18.7,-0.0073,0.6762,74.7847,-0.5999,-1.0693,74.7849,,,,,,,,,,,,0.0,0.0,0.0,0.0,0
18.72,-0.0073,0.6762,74.7847,-0.5999,-1.0693,74.7849,,,,,,,,,,,,0.0,0.0,0.0,0.0,0
18.74,-0.0073,0.6762,74.7847,-0.5999,-1.0693,74.7849,,,,,,,,,,,,0.0,0.0,0.0,0.0,0
18.76,-0.0073,0.6762,74.7847,-0.5999,-1.0693,74.7849,,,,,,,,,,,,0.0,0.0,0.0,0.0,0
18.78,-0.0073,0.6762,74.7847,-0.5999,-1.0693,74.7849,,,,,,,,,,,,0.0,0.0,0.0,0.0,0
18.8,-0.0073,0.6762,74.7847,-0.5999,-1.0693,74.7849,,,,,,,,,,,,0.0,0.0,0.0,0.0,0
18.82,-0.0073,0.6762,74.7847,-0.5999,-1.0693,74.7849,,,,,,,,,,,,0.0,0.0,0.0,0.0,0
18.84,-0.0073,0.6762,74.7847,-0.5999,-1.0693,74.7849,,,,,,,,,,,,0.0,0.0,0.0,0.0,0
18.86,-0.0073,0.6762,74.7847,-0.5999,-1.0693,74.7849,,,,,,,,,,,,0.0,0.0,0.0,0.0,0
18.88,-0.0073,0.6762,74.7847,-0.5999,-1.0693,74.7849,,,,,,,,,,,,0.0,0.0,0.0,0.0,0
18.9,-0.0073,0.6762,74.7847,-0.5999,-1.0693,74.7849,,,,,,,,,,,,0.0,0.0,0.0,0.0,0
18.92,-0.0073,0.6762,74.7847,-0.5999,-1.0693,74.7849,,,,,,,,,,,,0.0,0.0,0.0,0.0,0
18.94,-0.0073,0.6762,74.7847,-0.5999,-1.0693,74.7849,,,,,,,,,,,,0.0,0.0,0.0,0.0,0
18.96,-0.0073,0.6762,74.7847,-0.5999,-1.0693,74.7849,,,,,,,,,,,,0.0,0.0,0.0,0.0,0
18.98,-0.0073,0.6762,74.7847,-0.5999,-1.0693,74.7849,,,,,,,,,,,,0.0,0.0,0.0,0.0,0
19.0,-0.0073,0.6762,74.7847,-0.5999,-1.0693,74.7849,,,,,,,,,,,,0.0,0.0,0.0,0.0,0
19.02,-0.0073,0.6762,74.7847,-0.5999,-1.0693,74.7849,,,,,,,,,,,,0.0,0.0,0.0,0.0,0
19.04,-0.0073,0.6762,74.7847,-0.5999,-1.0693,74.7849,,,,,,,,,,,,0.0,0.0,0.0,0.0,0
19.06,-0.0073,0.6762,74.7847,-0.5999,-1.0693,74.7849,,,,,,,,,,,,0.0,0.0,0.0,0.0,0
19.08,-0.0073,0.6762,74.7847,-0.5999,-1.0693,74.7849,,,,,,,,,,,,0.0,0.0,0.0,0.0,0
19.1,-0.0073,0.6762,74.7847,-0.5999,-1.0693,74.7849,,,,,,,,,,,,0.0,0.0,0.0,0.0,0
19.12,-0.0073,0.6762,74.7847,-0.5999,-1.0693,74.7849,,,,,,,,,,,,0.0,0.0,0.0,0.0,0
19.14,-0.0073,0.6762,74.7847,-0.5999,-1.0693,74.7849,,,,,,,,,,,,0.0,0.0,0.0,0.0,0
19.16,-0.0073,0.6762,74.7847,-0.5999,-1.0693,74.7849,,,,,,,,,,,,0.0,0.0,0.0,0.0,0
19.18,-0.0073,0.6762,74.7847,-0.5999,-1.0693,74.7849,,,,,,,,,,,,0.0,0.0,0.0,0.0,0
19.2,-0.0073,0.6762,74.7847,-0.5999,-1.0693,74.7849,,,,,,,,,,,,0.0,0.0,0.0,0.0,0
19.22,-0.0073,0.6762,74.7847,-0.5999,-1.0693,74.7849,,,,,,,,,,,,0.0,0.0,0.0,0.0,0
19.24,-0.0073,0.6762,74.7847,-0.5999,-1.0693,74.7849,,,,,,,,,,,,0.0,0.0,0.0,0.0,0
19.26,-0.0073,0.6762,74.7847,-0.5999,-1.0693,74.7849,,,,,,,,,,,,0.0,0.0,0.0,0.0,0
19.28,-0.0073,0.6762,74.7847,-0.5999,-1.0693,74.7849,,,,,,,,,,,,0.0,0.0,0.0,0.0,0
19.3,-0.0073,0.6762,74.7847,-0.5999,-1.0693,74.7849,,,,,,,,,,,,0.0,0.0,0.0,0.0,0
19.32,-0.0073,0.6762,74.7847,-0.5999,-1.0693,74.7849,,,,,,,,,,,,0.0,0.0,0.0,0.0,0
19.34,-0.0073,0.6762,74.7847,-0.5999,-1.0693,74.7849,,,,,,,,,,,,0.0,0.0,0.0,0.0,0
19.36,-0.0073,0.6762,74.7847,-0.5999,-1.0693,74.7849,,,,,,,,,,,,0.0,0.0,0.0,0.0,0
19.38,-0.0073,0.6762,74.7847,-0.5999,-1.0693,74.7849,,,,,,,,,,,,0.0,0.0,0.0,0.0,0
19.4,-0.0073,0.6762,74.7847,-0.5999,-1.0693,74.7849,,,,,,,,,,,,0.0,0.0,0.0,0.0,0
19.42,-0.0073,0.6762,74.7847,-0.5999,-1.0693,74.7849,,,,,,,,,,,,0.0,0.0,0.0,0.0,0
19.44,-0.0073,0.6762,74.7847,-0.5999,-1.0693,74.7849,,,,,,,,,,,,0.0,0.0,0.0,0.0,0
19.46,-0.0073,0.6762,74.7847,-0.5999,-1.0693,74.7849,,,,,,,,,,,,0.0,0.0,0.0,0.0,0
19.48,-0.0073,0.6762,74.7847,-0.5999,-1.0693,74.7849,,,,,,,,,,,,0.0,0.0,0.0,0.0,0
19.5,-0.0073,0.6762,74.7847,-0.5999,-1.0693,74.7849,,,,,,,,,,,,0.0,0.0,0.0,0.0,0
19.52,-0.0073,0.6762,74.7847,-0.5999,-1.0693,74.7849,,,,,,,,,,,,0.0,0.0,0.0,0.0,0
19.54,-0.0073,0.6762,74.7847,-0.5999,-1.0693,74.7849,,,,,,,,,,,,0.0,0.0,0.0,0.0,0
19.56,-0.0073,0.6762,74.7847,-0.5999,-1.0693,74.7849,,,,,,,,,,,,0.0,0.0,0.0,0.0,0
19.58,-0.0073,0.6762,74.7847,-0.5999,-1.0693,74.7849,,,,,,,,,,,,0.0,0.0,0.0,0.0,0
19.6,-0.0073,0.6762,74.7847,-0.5999,-1.0693,74.7849,,,,,,,,,,,,0.0,0.0,0.0,0.0,0
19.62,-0.0073,0.6762,74.7847,-0.5999,-1.0693,74.7849,,,,,,,,,,,,0.0,0.0,0.0,0.0,0
19.64,-0.0073,0.6762,74.7847,-0.5999,-1.0693,74.7849,,,,,,,,,,,,0.0,0.0,0.0,0.0,0
19.66,-0.2609,0.5771,74.7013,-0.6003,-1.06,74.7092,,,,,,,,,,,,0.0,0.0,0.0,0.0,0
19.68,-0.2609,0.5771,74.7013,-0.6003,-1.06,74.7092,,,,,,,,,,,,0.0,0.0,0.0,0.0,0
19.7,-0.2609,0.5771,74.7013,-0.6003,-1.06,74.7092,,,,,,,,,,,,0.0,0.0,0.0,0.0,0
19.72,-0.2609,0.5771,74.7013,-0.6003,-1.06,74.7092,,,,,,,,,,,,0.0,0.0,0.0,0.0,0
19.74,-0.2609,0.5771,74.7013,-0.6003,-1.06,74.7092,,,,,,,,,,,,0.0,0.0,0.0,0.0,0
19.76,-0.2609,0.5771,74.7013,-0.6003,-1.06,74.7092,,,,,,,,,,,,0.0,0.0,0.0,0.0,0
19.78,-0.2609,0.5771,74.7013,-0.6003,-1.06,74.7092,,,,,,,,,,,,0.0,0.0,0.0,0.0,0
19.8,-0.2609,0.5771,74.7013,-0.6003,-1.06,74.7092,,,,,,,,,,,,0.0,0.0,0.0,0.0,0
19.82,-0.2609,0.5771,74.7013,-0.6003,-1.06,74.7092,,,,,,,,,,,,0.0,0.0,0.0,0.0,0
19.84,-0.2609,0.5771,74.7013,-0.6003,-1.06,74.7092,,,,,,,,,,,,0.0,0.0,0.0,0.0,0
19.86,-0.2609,0.5771,74.7013,-0.6003,-1.06,74.7092,,,,,,,,,,,,0.0,0.0,0.0,0.0,0
19.88,-0.2609,0.5771,74.7013,-0.6003,-1.06,74.7092,,,,,,,,,,,,0.0,0.0,0.0,0.0,0
19.9,-0.2609,0.5771,74.7013,-0.6003,-1.06,74.7092,,,,,,,,,,,,0.0,0.0,0.0,0.0,0
19.92,-0.2609,0.5771,74.7013,-0.6003,-1.06,74.7092,,,,,,,,,,,,0.0,0.0,0.0,0.0,0
19.94,-0.2609,0.5771,74.7013,-0.6003,-1.06,74.7092,,,,,,,,,,,,0.0,0.0,0.0,0.0,0
19.96,-0.2609,0.5771,74.7013,-0.6003,-1.06,74.7092,,,,,,,,,,,,0.0,0.0,0.0,0.0,0
19.98,-0.2609,0.5771,74.7013,-0.6003,-1.06,74.7092,,,,,,,,,,,,0.0,0.0,0.0,0.0,0
20.0,-0.2609,0.5771,74.7013,-0.6003,-1.06,74.7092,,,,,,,,,,,,0.0,0.0,0.0,0.0,0
20.02,-0.2609,0.5771,74.7013,-0.6003,-1.06,74.7092,,,,,,,,,,,,0.0,0.0,0.0,0.0,0
20.04,-0.2609,0.5771,74.7013,-0.6003,-1.06,74.7092,,,,,,,,,,,,0.0,0.0,0.0,0.0,0
20.06,-0.2609,0.5771,74.7013,-0.6003,-1.06,74.7092,,,,,,,,,,,,0.0,0.0,0.0,0.0,0
20.08,-0.2609,0.5771,74.7013,-0.6003,-1.06,74.7092,,,,,,,,,,,,0.0,0.0,0.0,0.0,0
20.1,-0.2609,0.5771,74.7013,-0.6003,-1.06,74.7092,,,,,,,,,,,,0.0,0.0,0.0,0.0,0
20.12,-0.2609,0.5771,74.7013,-0.6003,-1.06,74.7092,,,,,,,,,,,,0.0,0.0,0.0,0.0,0
20.14,-0.2609,0.5771,74.7013,-0.6003,-1.06,74.7092,,,,,,,,,,,,0.0,0.0,0.0,0.0,0
20.16,-0.2609,0.5771,74.7013,-0.6003,-1.06,74.7092,,,,,,,,,,,,0.0,0.0,0.0,0.0,0
20.18,-0.2609,0.5771,74.7013,-0.6003,-1.06,74.7092,,,,,,,,,,,,0.0,0.0,0.0,0.0,0
20.2,-0.2609,0.5771,74.7013,-0.6003,-1.06,74.7092,,,,,,,,,,,,0.0,0.0,0.0,0.0,0
20.22,-0.2609,0.5771,74.7013,-0.6003,-1.06,74.7092,,,,,,,,,,,,0.0,0.0,0.0,0.0,0
20.24,-0.2609,0.5771,74.7013,-0.6003,-1.06,74.7092,,,,,,,,,,,,0.0,0.0,0.0,0.0,0
20.26,-0.2609,0.5771,74.7013,-0.6003,-1.06,74.7092,,,,,,,,,,,,0.0,0.0,0.0,0.0,0
20.28,-0.2609,0.5771,74.7013,-0.6003,-1.06,74.7092,,,,,,,,,,,,0.0,0.0,0.0,0.0,0
20.3,-0.2609,0.5771,74.7013,-0.6003,-1.06,74.7092,,,,,,,,,,,,0.0,0.0,0.0,0.0,0
20.32,-0.2609,0.5771,74.7013,-0.6003,-1.06,74.7092,,,,,,,,,,,,0.0,0.0,0.0,0.0,0
20.34,-0.2609,0.5771,74.7013,-0.6003,-1.06,74.7092,,,,,,,,,,,,0.0,0.0,0.0,0.0,0
20.36,-0.2609,0.5771,74.7013,-0.6003,-1.06,74.7092,,,,,,,,,,,,0.0,0.0,0.0,0.0,0
20.38,-0.2609,0.5771,74.7013,-0.6003,-1.06,74.7092,,,,,,,,,,,,0.0,0.0,0.0,0.0,0
20.4,-0.2609,0.5771,74.7013,-0.6003,-1.06,74.7092,,,,,,,,,,,,0.0,0.0,0.0,0.0,0
20.42,-0.2609,0.5771,74.7013,-0.6003,-1.06,74.7092,,,,,,,,,,,,0.0,0.0,0.0,0.0,0
20.44,-0.2609,0.5771,74.7013,-0.6003,-1.06,74.7092,,,,,,,,,,,,0.0,0.0,0.0,0.0,0
20.46,-0.2609,0.5771,74.7013,-0.6003,-1.06,74.7092,,,,,,,,,,,,0.0,0.0,0.0,0.0,0
20.48,-0.2609,0.5771,74.7013,-0.6003,-1.06,74.7092,,,,,,,,,,,,0.0,0.0,0.0,0.0,0
20.5,-0.2609,0.5771,74.7013,-0.6003,-1.06,74.7092,,,,,,,,,,,,0.0,0.0,0.0,0.0,0
20.52,-0.2609,0.5771,74.7013,-0.6003,-1.06,74.7092,,,,,,,,,,,,0.0,0.0,0.0,0.0,0
20.54,-0.2609,0.5771,74.7013,-0.6003,-1.06,74.7092,,,,,,,,,,,,0.0,0.0,0.0,0.0,0
20.56,-0.2609,0.5771,74.7013,-0.6003,-1.06,74.7092,,,,,,,,,,,,0.0,0.0,0.0,0.0,0
20.58,-0.2609,0.5771,74.7013,-0.6003,-1.06,74.7092,,,,,,,,,,,,0.0,0.0,0.0,0.0,0
20.6,-0.2609,0.5771,74.7013,-0.6003,-1.06,74.7092,,,,,,,,,,,,0.0,0.0,0.0,0.0,0
20.62,-0.2609,0.5771,74.7013,-0.6003,-1.06,74.7092,,,,,,,,,,,,0.0,0.0,0.0,0.0,0
20.64,-0.2609,0.5771,74.7013,-0.6003,-1.06,74.7092,,,,,,,,,,,,0.0,0.0,0.0,0.0,0
20.66,-0.2609,0.5771,74.7013,-0.6003,-1.06,74.7092,,,,,,,,,,,,0.0,0.0,0.0,0.0,0
20.68,-0.2609,0.5771,74.7013,-0.6003,-1.06,74.7092,,,,,,,,,,,,0.0,0.0,0.0,0.0,0
20.7,-0.2609,0.5771,74.7013,-0.6003,-1.06,74.7092,,,,,,,,,,,,0.0,0.0,0.0,0.0,0
20.72,-0.2609,0.5771,74.7013,-0.6003,-1.06,74.7092,,,,,,,,,,,,0.0,0.0,0.0,0.0,0
20.74,-0.2609,0.5771,74.7013,-0.6003,-1.06,74.7092,,,,,,,,,,,,0.0,0.0,0.0,0.0,0
20.76,-0.2609,0.5771,74.7013,-0.6003,-1.06,74.7092,,,,,,,,,,,,0.0,0.0,0.0,0.0,0
20.78,-0.2609,0.5771,74.7013,-0.6003,-1.06,74.7092,,,,,,,,,,,,0.0,0.0,0.0,0.0,0
20.8,-0.2609,0.5771,74.7013,-0.6003,-1.06,74.7092,,,,,,,,,,,,0.0,0.0,0.0,0.0,0
20.82,-0.2609,0.5771,74.7013,-0.6003,-1.06,74.7092,,,,,,,,,,,,0.0,0.0,0.0,0.0,0
20.84,-0.2609,0.5771,74.7013,-0.6003,-1.06,74.7092,,,,,,,,,,,,0.0,0.0,0.0,0.0,0
20.86,-0.2609,0.5771,74.7013,-0.6003,-1.06,74.7092,,,,,,,,,,,,0.0,0.0,0.0,0.0,0
20.88,-0.2609,0.5771,74.7013,-0.6003,-1.06,74.7092,,,,,,,,,,,,0.0,0.0,0.0,0.0,0
20.9,-0.2609,0.5771,74.7013,-0.6003,-1.06,74.7092,,,,,,,,,,,,0.0,0.0,0.0,0.0,0
20.92,-0.2609,0.5771,74.7013,-0.6003,-1.06,74.7092,,,,,,,,,,,,0.0,0.0,0.0,0.0,0
20.94,-0.2609,0.5771,74.7013,-0.6003,-1.06,74.7092,,,,,,,,,,,,0.0,0.0,0.0,0.0,0
20.96,-0.2609,0.5771,74.7013,-0.6003,-1.06,74.7092,,,,,,,,,,,,0.0,0.0,0.0,0.0,0
20.98,-0.2609,0.5771,74.7013,-0.6003,-1.06,74.7092,,,,,,,,,,,,0.0,0.0,0.0,0.0,0
21.0,-0.2609,0.5771,74.7013,-0.6003,-1.06,74.7092,,,,,,,,,,,,0.0,0.0,0.0,0.0,0
21.02,-0.2609,0.5771,74.7013,-0.6003,-1.06,74.7092,,,,,,,,,,,,0.0,0.0,0.0,0.0,0
21.04,-0.2609,0.5771,74.7013,-0.6003,-1.06,74.7092,,,,,,,,,,,,0.0,0.0,0.0,0.0,0
21.06,-0.2609,0.5771,74.7013,-0.6003,-1.06,74.7092,,,,,,,,,,,,0.0,0.0,0.0,0.0,0
21.08,-0.2609,0.5771,74.7013,-0.6003,-1.06,74.7092,,,,,,,,,,,,0.0,0.0,0.0,0.0,0
21.1,-0.2609,0.5771,74.7013,-0.6003,-1.06,74.7092,,,,,,,,,,,,0.0,0.0,0.0,0.0,0
21.12,-0.2609,0.5771,74.7013,-0.6003,-1.06,74.7092,,,,,,,,,,,,0.0,0.0,0.0,0.0,0
21.14,-0.2609,0.5771,74.7013,-0.6003,-1.06,74.7092,,,,,,,,,,,,0.0,0.0,0.0,0.0,0
21.16,-0.2609,0.5771,74.7013,-0.6003,-1.06,74.7092,,,,,,,,,,,,0.0,0.0,0.0,0.0,0
21.18,-0.2609,0.5771,74.7013,-0.6003,-1.06,74.7092,,,,,,,,,,,,0.0,0.0,0.0,0.0,0
21.2,-0.2609,0.5771,74.7013,-0.6003,-1.06,74.7092,,,,,,,,,,,,0.0,0.0,0.0,0.0,0
21.22,-0.2609,0.5771,74.7013,-0.6003,-1.06,74.7092,,,,,,,,,,,,0.0,0.0,0.0,0.0,0
21.24,-0.2609,0.5771,74.7013,-0.6003,-1.06,74.7092,,,,,,,,,,,,0.0,0.0,0.0,0.0,0
21.26,-0.2609,0.5771,74.7013,-0.6003,-1.06,74.7092,,,,,,,,,,,,0.0,0.0,0.0,0.0,0
21.28,-0.2609,0.5771,74.7013,-0.6003,-1.06,74.7092,,,,,,,,,,,,0.0,0.0,0.0,0.0,0
21.3,-0.2609,0.5771,74.7013,-0.6003,-1.06,74.7092,,,,,,,,,,,,0.0,0.0,0.0,0.0,0
21.32,-0.2609,0.5771,74.7013,-0.6003,-1.06,74.7092,,,,,,,,,,,,0.0,0.0,0.0,0.0,0
21.34,-0.2609,0.5771,74.7013,-0.6003,-1.06,74.7092,,,,,,,,,,,,0.0,0.0,0.0,0.0,0
21.36,-0.2609,0.5771,74.7013,-0.6003,-1.06,74.7092,,,,,,,,,,,,0.0,0.0,0.0,0.0,0
21.38,-0.2609,0.5771,74.7013,-0.6003,-1.06,74.7092,,,,,,,,,,,,0.0,0.0,0.0,0.0,0
21.4,-0.2609,0.5771,74.7013,-0.6003,-1.06,74.7092,,,,,,,,,,,,0.0,0.0,0.0,0.0,0
21.42,-0.2609,0.5771,74.7013,-0.6003,-1.06,74.7092,,,,,,,,,,,,0.0,0.0,0.0,0.0,0
21.44,-0.2609,0.5771,74.7013,-0.6003,-1.06,74.7092,,,,,,,,,,,,0.0,0.0,0.0,0.0,0
21.46,-0.2609,0.5771,74.7013,-0.6003,-1.06,74.7092,,,,,,,,,,,,0.0,0.0,0.0,0.0,0
21.48,-0.2609,0.5771,74.7013,-0.6003,-1.06,74.7092,,,,,,,,,,,,0.0,0.0,0.0,0.0,0
21.5,-0.2609,0.5771,74.7013,-0.6003,-1.06,74.7092,,,,,,,,,,,,0.0,0.0,0.0,0.0,0
21.52,-0.2609,0.5771,74.7013,-0.6003,-1.06,74.7092,,,,,,,,,,,,0.0,0.0,0.0,0.0,0
21.54,-0.2609,0.5771,74.7013,-0.6003,-1.06,74.7092,,,,,,,,,,,,0.0,0.0,0.0,0.0,0
21.56,-0.2609,0.5771,74.7013,-0.6003,-1.06,74.7092,,,,,,,,,,,,0.0,0.0,0.0,0.0,0
21.58,-0.2609,0.5771,74.7013,-0.6003,-1.06,74.7092,,,,,,,,,,,,0.0,0.0,0.0,0.0,0
21.6,-0.2609,0.5771,74.7013,-0.6003,-1.06,74.7092,,,,,,,,,,,,0.0,0.0,0.0,0.0,0
21.62,-0.2609,0.5771,74.7013,-0.6003,-1.06,74.7092,,,,,,,,,,,,0.0,0.0,0.0,0.0,0
21.64,-0.2609,0.5771,74.7013,-0.6003,-1.06,74.7092,,,,,,,,,,,,0.0,0.0,0.0,0.0,0
21.66,-0.2609,0.5771,74.7013,-0.6003,-1.06,74.7092,,,,,,,,,,,,0.0,0.0,0.0,0.0,0
21.68,-0.2609,0.5771,74.7013,-0.6003,-1.06,74.7092,,,,,,,,,,,,0.0,0.0,0.0,0.0,0
21.7,-0.2609,0.5771,74.7013,-0.6003,-1.06,74.7092,,,,,,,,,,,,0.0,0.0,0.0,0.0,0
21.72,-0.2609,0.5771,74.7013,-0.6003,-1.06,74.7092,,,,,,,,,,,,0.0,0.0,0.0,0.0,0
21.74,-0.2609,0.5771,74.7013,-0.6003,-1.06,74.7092,,,,,,,,,,,,0.0,0.0,0.0,0.0,0
21.76,-0.2609,0.5771,74.7013,-0.6003,-1.06,74.7092,,,,,,,,,,,,0.0,0.0,0.0,0.0,0
21.78,-0.2609,0.5771,74.7013,-0.6003,-1.06,74.7092,,,,,,,,,,,,0.0,0.0,0.0,0.0,0
21.8,-0.2609,0.5771,74.7013,-0.6003,-1.06,74.7092,,,,,,,,,,,,0.0,0.0,0.0,0.0,0
21.82,-0.2609,0.5771,74.7013,-0.6003,-1.06,74.7092,,,,,,,,,,,,0.0,0.0,0.0,0.0,0
21.84,-0.2609,0.5771,74.7013,-0.6003,-1.06,74.7092,,,,,,,,,,,,0.0,0.0,0.0,0.0,0
21.86,-0.2609,0.5771,74.7013,-0.6003,-1.06,74.7092,,,,,,,,,,,,0.0,0.0,0.0,0.0,0
21.88,-0.2609,0.5771,74.7013,-0.6003,-1.06,74.7092,,,,,,,,,,,,0.0,0.0,0.0,0.0,0
21.9,-0.2609,0.5771,74.7013,-0.6003,-1.06,74.7092,,,,,,,,,,,,0.0,0.0,0.0,0.0,0
21.92,-0.2609,0.5771,74.7013,-0.6003,-1.06,74.7092,,,,,,,,,,,,0.0,0.0,0.0,0.0,0
21.94,-0.2609,0.5771,74.7013,-0.6003,-1.06,74.7092,,,,,,,,,,,,0.0,0.0,0.0,0.0,0
21.96,-0.2609,0.5771,74.7013,-0.6003,-1.06,74.7092,,,,,,,,,,,,0.0,0.0,0.0,0.0,0
21.98,-0.2609,0.5771,74.7013,-0.6003,-1.06,74.7092,,,,,,,,,,,,0.0,0.0,0.0,0.0,0
22.0,-0.2609,0.5771,74.7013,-0.6003,-1.06,74.7092,,,,,,,,,,,,0.0,0.0,0.0,0.0,0
22.02,-0.2609,0.5771,74.7013,-0.6003,-1.06,74.7092,,,,,,,,,,,,0.0,0.0,0.0,0.0,0
22.04,-0.2609,0.5771,74.7013,-0.6003,-1.06,74.7092,,,,,,,,,,,,0.0,0.0,0.0,0.0,0
22.06,-0.2609,0.5771,74.7013,-0.6003,-1.06,74.7092,,,,,,,,,,,,0.0,0.0,0.0,0.0,0
22.08,-0.2609,0.5771,74.7013,-0.6003,-1.06,74.7092,,,,,,,,,,,,0.0,0.0,0.0,0.0,0
22.1,-0.2609,0.5771,74.7013,-0.6003,-1.06,74.7092,,,,,,,,,,,,0.0,0.0,0.0,0.0,0
22.12,-0.2609,0.5771,74.7013,-0.6003,-1.06,74.7092,,,,,,,,,,,,0.0,0.0,0.0,0.0,0
22.14,-0.2609,0.5771,74.7013,-0.6003,-1.06,74.7092,,,,,,,,,,,,0.0,0.0,0.0,0.0,0
22.16,-0.2609,0.5771,74.7013,-0.6003,-1.06,74.7092,,,,,,,,,,,,0.0,0.0,0.0,0.0,0
22.18,-0.2609,0.5771,74.7013,-0.6003,-1.06,74.7092,,,,,,,,,,,,0.0,0.0,0.0,0.0,0
22.2,-0.2609,0.5771,74.7013,-0.6003,-1.06,74.7092,,,,,,,,,,,,0.0,0.0,0.0,0.0,0
22.22,-0.2609,0.5771,74.7013,-0.6003,-1.06,74.7092,,,,,,,,,,,,0.0,0.0,0.0,0.0,0
22.24,-0.2609,0.5771,74.7013,-0.6003,-1.06,74.7092,,,,,,,,,,,,0.0,0.0,0.0,0.0,0
22.26,-0.2609,0.5771,74.7013,-0.6003,-1.06,74.7092,,,,,,,,,,,,0.0,0.0,0.0,0.0,0
22.28,-0.2609,0.5771,74.7013,-0.6003,-1.06,74.7092,,,,,,,,,,,,0.0,0.0,0.0,0.0,0
22.3,-0.2609,0.5771,74.7013,-0.6003,-1.06,74.7092,,,,,,,,,,,,0.0,0.0,0.0,0.0,0
22.32,-0.2609,0.5771,74.7013,-0.6003,-1.06,74.7092,,,,,,,,,,,,0.0,0.0,0.0,0.0,0
22.34,-0.2609,0.5771,74.7013,-0.6003,-1.06,74.7092,,,,,,,,,,,,0.0,0.0,0.0,0.0,0
22.36,-0.2609,0.5771,74.7013,-0.6003,-1.06,74.7092,,,,,,,,,,,,0.0,0.0,0.0,0.0,0
22.38,-0.2609,0.5771,74.7013,-0.6003,-1.06,74.7092,,,,,,,,,,,,0.0,0.0,0.0,0.0,0
22.4,-0.2609,0.5771,74.7013,-0.6003,-1.06,74.7092,,,,,,,,,,,,0.0,0.0,0.0,0.0,0
22.42,-0.2609,0.5771,74.7013,-0.6003,-1.06,74.7092,,,,,,,,,,,,0.0,0.0,0.0,0.0,0
22.44,-0.2609,0.5771,74.7013,-0.6003,-1.06,74.7092,,,,,,,,,,,,0.0,0.0,0.0,0.0,0
22.46,-0.2609,0.5771,74.7013,-0.6003,-1.06,74.7092,,,,,,,,,,,,0.0,0.0,0.0,0.0,0
22.48,-0.2609,0.5771,74.7013,-0.6003,-1.06,74.7092,,,,,,,,,,,,0.0,0.0,0.0,0.0,0
22.5,-0.2609,0.5771,74.7013,-0.6003,-1.06,74.7092,,,,,,,,,,,,0.0,0.0,0.0,0.0,0
22.52,-0.2609,0.5771,74.7013,-0.6003,-1.06,74.7092,,,,,,,,,,,,0.0,0.0,0.0,0.0,0
22.54,-0.2609,0.5771,74.7013,-0.6003,-1.06,74.7092,,,,,,,,,,,,0.0,0.0,0.0,0.0,0
22.56,-0.2609,0.5771,74.7013,-0.6003,-1.06,74.7092,,,,,,,,,,,,0.0,0.0,0.0,0.0,0
22.58,-0.2609,0.5771,74.7013,-0.6003,-1.06,74.7092,,,,,,,,,,,,0.0,0.0,0.0,0.0,0
22.6,-0.2609,0.5771,74.7013,-0.6003,-1.06,74.7092,,,,,,,,,,,,0.0,0.0,0.0,0.0,0
22.62,-0.2609,0.5771,74.7013,-0.6003,-1.06,74.7092,,,,,,,,,,,,0.0,0.0,0.0,0.0,0
22.64,-0.2609,0.5771,74.7013,-0.6003,-1.06,74.7092,,,,,,,,,,,,0.0,0.0,0.0,0.0,0
22.66,-0.2609,0.5771,74.7013,-0.6003,-1.06,74.7092,,,,,,,,,,,,0.0,0.0,0.0,0.0,0
22.68,-0.2609,0.5771,74.7013,-0.6003,-1.06,74.7092,,,,,,,,,,,,0.0,0.0,0.0,0.0,0
22.7,-0.2609,0.5771,74.7013,-0.6003,-1.06,74.7092,,,,,,,,,,,,0.0,0.0,0.0,0.0,0
22.72,-0.2609,0.5771,74.7013,-0.6003,-1.06,74.7092,,,,,,,,,,,,0.0,0.0,0.0,0.0,0
22.74,-0.2609,0.5771,74.7013,-0.6003,-1.06,74.7092,,,,,,,,,,,,0.0,0.0,0.0,0.0,0
22.76,-0.2609,0.5771,74.7013,-0.6003,-1.06,74.7092,,,,,,,,,,,,0.0,0.0,0.0,0.0,0
22.78,-0.2609,0.5771,74.7013,-0.6003,-1.06,74.7092,,,,,,,,,,,,0.0,0.0,0.0,0.0,0
22.8,-0.2609,0.5771,74.7013,-0.6003,-1.06,74.7092,,,,,,,,,,,,0.0,0.0,0.0,0.0,0
22.82,-0.2609,0.5771,74.7013,-0.6003,-1.06,74.7092,,,,,,,,,,,,0.0,0.0,0.0,0.0,0
22.84,-0.2609,0.5771,74.7013,-0.6003,-1.06,74.7092,,,,,,,,,,,,0.0,0.0,0.0,0.0,0
22.86,-0.2609,0.5771,74.7013,-0.6003,-1.06,74.7092,,,,,,,,,,,,0.0,0.0,0.0,0.0,0
22.88,-0.2609,0.5771,74.7013,-0.6003,-1.06,74.7092,,,,,,,,,,,,0.0,0.0,0.0,0.0,0
22.9,-0.2609,0.5771,74.7013,-0.6003,-1.06,74.7092,,,,,,,,,,,,0.0,0.0,0.0,0.0,0
22.92,-0.2609,0.5771,74.7013,-0.6003,-1.06,74.7092,,,,,,,,,,,,0.0,0.0,0.0,0.0,0
22.94,-0.2609,0.5771,74.7013,-0.6003,-1.06,74.7092,,,,,,,,,,,,0.0,0.0,0.0,0.0,0
22.96,-0.2609,0.5771,74.7013,-0.6003,-1.06,74.7092,,,,,,,,,,,,0.0,0.0,0.0,0.0,0
22.98,-0.2609,0.5771,74.7013,-0.6003,-1.06,74.7092,,,,,,,,,,,,0.0,0.0,0.0,0.0,0
23.0,-0.2609,0.5771,74.7013,-0.6003,-1.06,74.7092,,,,,,,,,,,,0.0,0.0,0.0,0.0,0
23.02,-0.2609,0.5771,74.7013,-0.6003,-1.06,74.7092,,,,,,,,,,,,0.0,0.0,0.0,0.0,0
23.04,-0.2609,0.5771,74.7013,-0.6003,-1.06,74.7092,,,,,,,,,,,,0.0,0.0,0.0,0.0,0
23.06,-0.2609,0.5771,74.7013,-0.6003,-1.06,74.7092,,,,,,,,,,,,0.0,0.0,0.0,0.0,0
23.08,-0.2609,0.5771,74.7013,-0.6003,-1.06,74.7092,,,,,,,,,,,,0.0,0.0,0.0,0.0,0
23.1,-0.2609,0.5771,74.7013,-0.6003,-1.06,74.7092,,,,,,,,,,,,0.0,0.0,0.0,0.0,0
23.12,-0.2609,0.5771,74.7013,-0.6003,-1.06,74.7092,,,,,,,,,,,,0.0,0.0,0.0,0.0,0
23.14,-0.2609,0.5771,74.7013,-0.6003,-1.06,74.7092,,,,,,,,,,,,0.0,0.0,0.0,0.0,0
23.16,-0.2609,0.5771,74.7013,-0.6003,-1.06,74.7092,,,,,,,,,,,,0.0,0.0,0.0,0.0,0
23.18,-0.2609,0.5771,74.7013,-0.6003,-1.06,74.7092,,,,,,,,,,,,0.0,0.0,0.0,0.0,0
23.2,-0.2609,0.5771,74.7013,-0.6003,-1.06,74.7092,,,,,,,,,,,,0.0,0.0,0.0,0.0,0
23.22,-0.2609,0.5771,74.7013,-0.6003,-1.06,74.7092,,,,,,,,,,,,0.0,0.0,0.0,0.0,0
23.24,-0.2609,0.5771,74.7013,-0.6003,-1.06,74.7092,,,,,,,,,,,,0.0,0.0,0.0,0.0,0
23.26,-0.2609,0.5771,74.7013,-0.6003,-1.06,74.7092,,,,,,,,,,,,0.0,0.0,0.0,0.0,0
23.28,-0.2609,0.5771,74.7013,-0.6003,-1.06,74.7092,,,,,,,,,,,,0.0,0.0,0.0,0.0,0
23.3,-0.2609,0.5771,74.7013,-0.6003,-1.06,74.7092,,,,,,,,,,,,0.0,0.0,0.0,0.0,0
23.32,-0.2609,0.5771,74.7013,-0.6003,-1.06,74.7092,,,,,,,,,,,,0.0,0.0,0.0,0.0,0
23.34,-0.2609,0.5771,74.7013,-0.6003,-1.06,74.7092,,,,,,,,,,,,0.0,0.0,0.0,0.0,0
23.36,-0.2609,0.5771,74.7013,-0.6003,-1.06,74.7092,,,,,,,,,,,,0.0,0.0,0.0,0.0,0
23.38,-0.2609,0.5771,74.7013,-0.6003,-1.06,74.7092,,,,,,,,,,,,0.0,0.0,0.0,0.0,0
23.4,-0.2609,0.5771,74.7013,-0.6003,-1.06,74.7092,,,,,,,,,,,,0.0,0.0,0.0,0.0,0
23.42,-0.2609,0.5771,74.7013,-0.6003,-1.06,74.7092,,,,,,,,,,,,0.0,0.0,0.0,0.0,0
23.44,-0.2609,0.5771,74.7013,-0.6003,-1.06,74.7092,,,,,,,,,,,,0.0,0.0,0.0,0.0,0
23.46,-0.2609,0.5771,74.7013,-0.6003,-1.06,74.7092,,,,,,,,,,,,0.0,0.0,0.0,0.0,0
23.48,-0.2609,0.5771,74.7013,-0.6003,-1.06,74.7092,,,,,,,,,,,,0.0,0.0,0.0,0.0,0
23.5,-0.2609,0.5771,74.7013,-0.6003,-1.06,74.7092,,,,,,,,,,,,0.0,0.0,0.0,0.0,0
23.52,-0.2609,0.5771,74.7013,-0.6003,-1.06,74.7092,,,,,,,,,,,,0.0,0.0,0.0,0.0,0
23.54,-0.2609,0.5771,74.7013,-0.6003,-1.06,74.7092,,,,,,,,,,,,0.0,0.0,0.0,0.0,0
23.56,-0.2609,0.5771,74.7013,-0.6003,-1.06,74.7092,,,,,,,,,,,,0.0,0.0,0.0,0.0,0
23.58,-0.2609,0.5771,74.7013,-0.6003,-1.06,74.7092,,,,,,,,,,,,0.0,0.0,0.0,0.0,0
23.6,-0.2609,0.5771,74.7013,-0.6003,-1.06,74.7092,,,,,,,,,,,,0.0,0.0,0.0,0.0,0
23.62,-0.2609,0.5771,74.7013,-0.6003,-1.06,74.7092,,,,,,,,,,,,0.0,0.0,0.0,0.0,0
23.64,-0.2609,0.5771,74.7013,-0.6003,-1.06,74.7092,,,,,,,,,,,,0.0,0.0,0.0,0.0,0
23.66,-0.2609,0.5771,74.7013,-0.6003,-1.06,74.7092,,,,,,,,,,,,0.0,0.0,0.0,0.0,0
23.68,-0.2609,0.5771,74.7013,-0.6003,-1.06,74.7092,,,,,,,,,,,,0.0,0.0,0.0,0.0,0
23.7,-0.2609,0.5771,74.7013,-0.6003,-1.06,74.7092,,,,,,,,,,,,0.0,0.0,0.0,0.0,0
23.72,-0.2609,0.5771,74.7013,-0.6003,-1.06,74.7092,,,,,,,,,,,,0.0,0.0,0.0,0.0,0
23.74,-0.2609,0.5771,74.7013,-0.6003,-1.06,74.7092,,,,,,,,,,,,0.0,0.0,0.0,0.0,0
23.76,-0.2609,0.5771,74.7013,-0.6003,-1.06,74.7092,,,,,,,,,,,,0.0,0.0,0.0,0.0,0
23.78,-0.2609,0.5771,74.7013,-0.6003,-1.06,74.7092,,,,,,,,,,,,0.0,0.0,0.0,0.0,0
23.8,-0.2609,0.5771,74.7013,-0.6003,-1.06,74.7092,,,,,,,,,,,,0.0,0.0,0.0,0.0,0
23.82,-0.2609,0.5771,74.7013,-0.6003,-1.06,74.7092,,,,,,,,,,,,0.0,0.0,0.0,0.0,0
23.84,-0.2609,0.5771,74.7013,-0.6003,-1.06,74.7092,,,,,,,,,,,,0.0,0.0,0.0,0.0,0
23.86,-0.2609,0.5771,74.7013,-0.6003,-1.06,74.7092,,,,,,,,,,,,0.0,0.0,0.0,0.0,0
23.88,-0.2609,0.5771,74.7013,-0.6003,-1.06,74.7092,,,,,,,,,,,,0.0,0.0,0.0,0.0,0
23.9,-0.2609,0.5771,74.7013,-0.6003,-1.06,74.7092,,,,,,,,,,,,0.0,0.0,0.0,0.0,0
23.92,-0.2609,0.5771,74.7013,-0.6003,-1.06,74.7092,,,,,,,,,,,,0.0,0.0,0.0,0.0,0
23.94,-0.2609,0.5771,74.7013,-0.6003,-1.06,74.7092,,,,,,,,,,,,0.0,0.0,0.0,0.0,0
23.96,-0.2609,0.5771,74.7013,-0.6003,-1.06,74.7092,,,,,,,,,,,,0.0,0.0,0.0,0.0,0
23.98,-0.2609,0.5771,74.7013,-0.6003,-1.06,74.7092,,,,,,,,,,,,0.0,0.0,0.0,0.0,0
24.0,-0.2609,0.5771,74.7013,-0.6003,-1.06,74.7092,,,,,,,,,,,,0.0,0.0,0.0,0.0,0
24.02,-0.2609,0.5771,74.7013,-0.6003,-1.06,74.7092,,,,,,,,,,,,0.0,0.0,0.0,0.0,0
24.04,-0.2609,0.5771,74.7013,-0.6003,-1.06,74.7092,,,,,,,,,,,,0.0,0.0,0.0,0.0,0
24.06,-0.2609,0.5771,74.7013,-0.6003,-1.06,74.7092,,,,,,,,,,,,0.0,0.0,0.0,0.0,0
24.08,-0.2609,0.5771,74.7013,-0.6003,-1.06,74.7092,,,,,,,,,,,,0.0,0.0,0.0,0.0,0
24.1,-0.2609,0.5771,74.7013,-0.6003,-1.06,74.7092,,,,,,,,,,,,0.0,0.0,0.0,0.0,0
24.12,-0.2609,0.5771,74.7013,-0.6003,-1.06,74.7092,,,,,,,,,,,,0.0,0.0,0.0,0.0,0
24.14,-0.2609,0.5771,74.7013,-0.6003,-1.06,74.7092,,,,,,,,,,,,0.0,0.0,0.0,0.0,0
24.16,-0.2609,0.5771,74.7013,-0.6003,-1.06,74.7092,,,,,,,,,,,,0.0,0.0,0.0,0.0,0
24.18,-0.2609,0.5771,74.7013,-0.6003,-1.06,74.7092,,,,,,,,,,,,0.0,0.0,0.0,0.0,0
24.2,-0.2609,0.5771,74.7013,-0.6003,-1.06,74.7092,,,,,,,,,,,,0.0,0.0,0.0,0.0,0
24.22,-0.2609,0.5771,74.7013,-0.6003,-1.06,74.7092,,,,,,,,,,,,0.0,0.0,0.0,0.0,0
24.24,-0.2609,0.5771,74.7013,-0.6003,-1.06,74.7092,,,,,,,,,,,,0.0,0.0,0.0,0.0,0
24.26,-0.2609,0.5771,74.7013,-0.6003,-1.06,74.7092,,,,,,,,,,,,0.0,0.0,0.0,0.0,0
24.28,-0.2609,0.5771,74.7013,-0.6003,-1.06,74.7092,,,,,,,,,,,,0.0,0.0,0.0,0.0,0
24.3,-0.2609,0.5771,74.7013,-0.6003,-1.06,74.7092,,,,,,,,,,,,0.0,0.0,0.0,0.0,0
24.32,-0.2609,0.5771,74.7013,-0.6003,-1.06,74.7092,,,,,,,,,,,,0.0,0.0,0.0,0.0,0
24.34,-0.2609,0.5771,74.7013,-0.6003,-1.06,74.7092,,,,,,,,,,,,0.0,0.0,0.0,0.0,0
24.36,-0.2609,0.5771,74.7013,-0.6003,-1.06,74.7092,,,,,,,,,,,,0.0,0.0,0.0,0.0,0
24.38,-0.2609,0.5771,74.7013,-0.6003,-1.06,74.7092,,,,,,,,,,,,0.0,0.0,0.0,0.0,0
24.4,-0.2609,0.5771,74.7013,-0.6003,-1.06,74.7092,,,,,,,,,,,,0.0,0.0,0.0,0.0,0
24.42,-0.2609,0.5771,74.7013,-0.6003,-1.06,74.7092,,,,,,,,,,,,0.0,0.0,0.0,0.0,0
24.44,-0.2609,0.5771,74.7013,-0.6003,-1.06,74.7092,,,,,,,,,,,,0.0,0.0,0.0,0.0,0
24.46,-0.2609,0.5771,74.7013,-0.6003,-1.06,74.7092,,,,,,,,,,,,0.0,0.0,0.0,0.0,0
24.48,-0.2609,0.5771,74.7013,-0.6003,-1.06,74.7092,,,,,,,,,,,,0.0,0.0,0.0,0.0,0
24.5,-0.2609,0.5771,74.7013,-0.6003,-1.06,74.7092,,,,,,,,,,,,0.0,0.0,0.0,0.0,0
24.52,-0.2609,0.5771,74.7013,-0.6003,-1.06,74.7092,,,,,,,,,,,,0.0,0.0,0.0,0.0,0
24.54,-0.2609,0.5771,74.7013,-0.6003,-1.06,74.7092,,,,,,,,,,,,0.0,0.0,0.0,0.0,0
24.56,-0.2609,0.5771,74.7013,-0.6003,-1.06,74.7092,,,,,,,,,,,,0.0,0.0,0.0,0.0,0
24.58,-0.2609,0.5771,74.7013,-0.6003,-1.06,74.7092,,,,,,,,,,,,0.0,0.0,0.0,0.0,0
24.6,-0.2609,0.5771,74.7013,-0.6003,-1.06,74.7092,,,,,,,,,,,,0.0,0.0,0.0,0.0,0
24.62,-0.2609,0.5771,74.7013,-0.6003,-1.06,74.7092,,,,,,,,,,,,0.0,0.0,0.0,0.0,0
24.64,-0.2609,0.5771,74.7013,-0.6003,-1.06,74.7092,,,,,,,,,,,,0.0,0.0,0.0,0.0,0
24.66,-0.2609,0.5771,74.7013,-0.6003,-1.06,74.7092,,,,,,,,,,,,0.0,0.0,0.0,0.0,0
24.68,-0.2609,0.5771,74.7013,-0.6003,-1.06,74.7092,,,,,,,,,,,,0.0,0.0,0.0,0.0,0
24.7,-0.2609,0.5771,74.7013,-0.6003,-1.06,74.7092,,,,,,,,,,,,0.0,0.0,0.0,0.0,0
24.72,-0.2609,0.5771,74.7013,-0.6003,-1.06,74.7092,,,,,,,,,,,,0.0,0.0,0.0,0.0,0
24.74,-0.2609,0.5771,74.7013,-0.6003,-1.06,74.7092,,,,,,,,,,,,0.0,0.0,0.0,0.0,0
24.76,-0.2586,0.5797,74.7019,-0.6003,-1.06,74.7098,,,,,,,,,,,,0.0,0.0,0.0,0.0,0
24.78,-0.2586,0.5797,74.7019,-0.6003,-1.06,74.7098,,,,,,,,,,,,0.0,0.0,0.0,0.0,0
24.8,-0.2586,0.5797,74.7019,-0.6003,-1.06,74.7098,,,,,,,,,,,,0.0,0.0,0.0,0.0,0
24.82,-0.2586,0.5797,74.7019,-0.6003,-1.06,74.7098,,,,,,,,,,,,0.0,0.0,0.0,0.0,0
24.84,-0.2586,0.5797,74.7019,-0.6003,-1.06,74.7098,,,,,,,,,,,,0.0,0.0,0.0,0.0,0
24.86,-0.2588,0.5795,74.7047,-0.6003,-1.06,74.7126,,,,,,,,,,,,0.0,0.0,0.0,0.0,0
24.88,-0.2588,0.5795,74.7047,-0.6003,-1.06,74.7126,,,,,,,,,,,,0.0,0.0,0.0,0.0,0
24.9,-0.2588,0.5795,74.7047,-0.6003,-1.06,74.7126,,,,,,,,,,,,0.0,0.0,0.0,0.0,0
24.92,-0.2588,0.5795,74.7047,-0.6003,-1.06,74.7126,,,,,,,,,,,,0.0,0.0,0.0,0.0,0
24.94,-0.2588,0.5795,74.7047,-0.6003,-1.06,74.7126,,,,,,,,,,,,0.0,0.0,0.0,0.0,0
24.96,-0.2562,0.5795,74.7075,-0.6003,-1.06,74.7153,,,,,,,,,,,,0.0,0.0,0.0,0.0,0
24.98,-0.2562,0.5795,74.7075,-0.6003,-1.06,74.7153,,,,,,,,,,,,0.0,0.0,0.0,0.0,0
25.0,-0.2562,0.5795,74.7075,-0.6003,-1.06,74.7153,,,,,,,,,,,,0.0,0.0,0.0,0.0,0
25.02,-0.2562,0.5795,74.7075,-0.6003,-1.06,74.7153,,,,,,,,,,,,0.0,0.0,0.0,0.0,0
25.04,-0.2562,0.5795,74.7075,-0.6003,-1.06,74.7153,,,,,,,,,,,,0.0,0.0,0.0,0.0,0
25.06,-0.2557,0.5823,74.7121,-0.6003,-1.06,74.7199,,,,,,,,,,,,0.0,0.0,0.0,0.0,0
25.08,-0.2557,0.5823,74.7121,-0.6003,-1.06,74.7199,,,,,,,,,,,,0.0,0.0,0.0,0.0,0
25.1,-0.2557,0.5823,74.7121,-0.6003,-1.06,74.7199,,,,,,,,,,,,0.0,0.0,0.0,0.0,0
25.12,-0.2557,0.5823,74.7121,-0.6003,-1.06,74.7199,,,,,,,,,,,,0.0,0.0,0.0,0.0,0
25.14,-0.2557,0.5823,74.7121,-0.6003,-1.06,74.7199,,,,,,,,,,,,0.0,0.0,0.0,0.0,0
25.16,-0.2537,0.58,74.7173,-0.6003,-1.06,74.725,,,,,,,,,,,,0.0,0.0,0.0,0.0,0
25.18,-0.2537,0.58,74.7173,-0.6003,-1.06,74.725,,,,,,,,,,,,0.0,0.0,0.0,0.0,0
25.2,-0.2537,0.58,74.7173,-0.6003,-1.06,74.725,,,,,,,,,,,,0.0,0.0,0.0,0.0,0
25.22,-0.2537,0.58,74.7173,-0.6003,-1.06,74.725,,,,,,,,,,,,0.0,0.0,0.0,0.0,0
25.24,-0.2537,0.58,74.7173,-0.6003,-1.06,74.725,,,,,,,,,,,,0.0,0.0,0.0,0.0,0
25.26,-0.2526,0.5778,74.7204,-0.6003,-1.06,74.7282,,,,,,,,,,,,0.0,0.0,0.0,0.0,0
25.28,-0.2526,0.5778,74.7204,-0.6003,-1.06,74.7282,,,,,,,,,,,,0.0,0.0,0.0,0.0,0
25.3,-0.2526,0.5778,74.7204,-0.6003,-1.06,74.7282,,,,,,,,,,,,0.0,0.0,0.0,0.0,0
25.32,-0.2526,0.5778,74.7204,-0.6003,-1.06,74.7282,,,,,,,,,,,,0.0,0.0,0.0,0.0,0
25.34,-0.2526,0.5778,74.7204,-0.6003,-1.06,74.7282,,,,,,,,,,,,0.0,0.0,0.0,0.0,0
25.36,-0.2527,0.5729,74.7266,-0.6003,-1.06,74.7344,,,,,,,,,,,,0.0,0.0,0.0,0.0,0
25.38,-0.2527,0.5729,74.7266,-0.6003,-1.06,74.7344,,,,,,,,,,,,0.0,0.0,0.0,0.0,0
25.4,-0.2527,0.5729,74.7266,-0.6003,-1.06,74.7344,,,,,,,,,,,,0.0,0.0,0.0,0.0,0
25.42,-0.2527,0.5729,74.7266,-0.6003,-1.06,74.7344,,,,,,,,,,,,0.0,0.0,0.0,0.0,0
25.44,-0.2527,0.5729,74.7266,-0.6003,-1.06,74.7344,,,,,,,,,,,,0.0,0.0,0.0,0.0,0
25.46,-0.2514,0.5723,74.7282,-0.6003,-1.06,74.7359,,,,,,,,,,,,0.0,0.0,0.0,0.0,0
25.48,-0.2514,0.5723,74.7282,-0.6003,-1.06,74.7359,,,,,,,,,,,,0.0,0.0,0.0,0.0,0
25.5,-0.2514,0.5723,74.7282,-0.6003,-1.06,74.7359,,,,,,,,,,,,0.0,0.0,0.0,0.0,0
25.52,-0.2514,0.5723,74.7282,-0.6003,-1.06,74.7359,,,,,,,,,,,,0.0,0.0,0.0,0.0,0
25.54,-0.2514,0.5723,74.7282,-0.6003,-1.06,74.7359,,,,,,,,,,,,0.0,0.0,0.0,0.0,0
25.56,-0.2505,0.568,74.7348,-0.6003,-1.06,74.7425,,,,,,,,,,,,0.0,0.0,0.0,0.0,0
25.58,-0.2505,0.568,74.7348,-0.6003,-1.06,74.7425,,,,,,,,,,,,0.0,0.0,0.0,0.0,0
25.6,-0.2505,0.568,74.7348,-0.6003,-1.06,74.7425,,,,,,,,,,,,0.0,0.0,0.0,0.0,0
25.62,-0.2505,0.568,74.7348,-0.6003,-1.06,74.7425,,,,,,,,,,,,0.0,0.0,0.0,0.0,0
25.64,-0.2505,0.568,74.7348,-0.6003,-1.06,74.7425,,,,,,,,,,,,0.0,0.0,0.0,0.0,0
25.66,-0.2499,0.5694,74.738,-0.6036,-1.06,74.7457,,,,,,,,,,,,0.0,0.0,0.0,0.0,0
25.68,-0.2499,0.5694,74.738,-0.6036,-1.06,74.7457,,,,,,,,,,,,0.0,0.0,0.0,0.0,0
25.7,-0.2499,0.5694,74.738,-0.6036,-1.06,74.7457,,,,,,,,,,,,0.0,0.0,0.0,0.0,0
25.72,-0.2499,0.5694,74.738,-0.6036,-1.06,74.7457,,,,,,,,,,,,0.0,0.0,0.0,0.0,0
25.74,-0.2499,0.5694,74.738,-0.6036,-1.06,74.7457,,,,,,,,,,,,0.0,0.0,0.0,0.0,0
25.76,-0.2517,0.5634,74.733,-0.6018,-1.06,74.7407,,,,,,,,,,,,0.0,0.0,0.0,0.0,0
25.78,-0.2517,0.5634,74.733,-0.6018,-1.06,74.7407,,,,,,,,,,,,0.0,0.0,0.0,0.0,0
25.8,-0.2517,0.5634,74.733,-0.6018,-1.06,74.7407,,,,,,,,,,,,0.0,0.0,0.0,0.0,0
25.82,-0.2517,0.5634,74.733,-0.6018,-1.06,74.7407,,,,,,,,,,,,0.0,0.0,0.0,0.0,0
25.84,-0.2517,0.5634,74.733,-0.6018,-1.06,74.7407,,,,,,,,,,,,0.0,0.0,0.0,0.0,0
25.86,-0.2505,0.561,74.7251,-0.6009,-1.06,74.7328,,,,,,,,,,,,0.0,0.0,0.0,0.0,0
25.88,-0.2505,0.561,74.7251,-0.6009,-1.06,74.7328,,,,,,,,,,,,0.0,0.0,0.0,0.0,0
25.9,-0.2505,0.561,74.7251,-0.6009,-1.06,74.7328,,,,,,,,,,,,0.0,0.0,0.0,0.0,0
25.92,-0.2505,0.561,74.7251,-0.6009,-1.06,74.7328,,,,,,,,,,,,0.0,0.0,0.0,0.0,0
25.94,-0.2505,0.561,74.7251,-0.6009,-1.06,74.7328,,,,,,,,,,,,0.0,0.0,0.0,0.0,0
25.96,-0.2504,0.5592,74.7251,-0.6004,-1.06,74.7327,,,,,,,,,,,,0.0,0.0,0.0,0.0,0
25.98,-0.2504,0.5592,74.7251,-0.6004,-1.06,74.7327,,,,,,,,,,,,0.0,0.0,0.0,0.0,0
26.0,-0.2504,0.5592,74.7251,-0.6004,-1.06,74.7327,,,,,,,,,,,,0.0,0.0,0.0,0.0,0
26.02,-0.2504,0.5592,74.7251,-0.6004,-1.06,74.7327,,,,,,,,,,,,0.0,0.0,0.0,0.0,0
26.04,-0.2504,0.5592,74.7251,-0.6004,-1.06,74.7327,,,,,,,,,,,,0.0,0.0,0.0,0.0,0
26.06,-0.2524,0.5557,74.7317,-0.6003,-1.06,74.7395,,,,,,,,,,,,0.0,0.0,0.0,0.0,0
26.08,-0.2524,0.5557,74.7317,-0.6003,-1.06,74.7395,,,,,,,,,,,,0.0,0.0,0.0,0.0,0
26.1,-0.2524,0.5557,74.7317,-0.6003,-1.06,74.7395,,,,,,,,,,,,0.0,0.0,0.0,0.0,0
26.12,-0.2524,0.5557,74.7317,-0.6003,-1.06,74.7395,,,,,,,,,,,,0.0,0.0,0.0,0.0,0
26.14,-0.2524,0.5557,74.7317,-0.6003,-1.06,74.7395,,,,,,,,,,,,0.0,0.0,0.0,0.0,0
26.16,-0.2553,0.5535,74.7227,-0.6003,-1.06,74.7305,,,,,,,,,,,,0.0,0.0,0.0,0.0,0
26.18,-0.2553,0.5535,74.7227,-0.6003,-1.06,74.7305,,,,,,,,,,,,0.0,0.0,0.0,0.0,0
26.2,-0.2553,0.5535,74.7227,-0.6003,-1.06,74.7305,,,,,,,,,,,,0.0,0.0,0.0,0.0,0
26.22,-0.2553,0.5535,74.7227,-0.6003,-1.06,74.7305,,,,,,,,,,,,0.0,0.0,0.0,0.0,0
26.24,-0.2553,0.5535,74.7227,-0.6003,-1.06,74.7305,,,,,,,,,,,,0.0,0.0,0.0,0.0,0
26.26,-0.2607,0.5509,74.7247,-0.6001,-1.0559,74.7327,,,,,,,,,,,,0.0,0.0,0.0,0.0,0
26.28,-0.2607,0.5509,74.7247,-0.6001,-1.0559,74.7327,,,,,,,,,,,,0.0,0.0,0.0,0.0,0
26.3,-0.2607,0.5509,74.7247,-0.6001,-1.0559,74.7327,,,,,,,,,,,,0.0,0.0,0.0,0.0,0
26.32,-0.2607,0.5509,74.7247,-0.6001,-1.0559,74.7327,,,,,,,,,,,,0.0,0.0,0.0,0.0,0
26.34,-0.2607,0.5509,74.7247,-0.6001,-1.0559,74.7327,,,,,,,,,,,,0.0,0.0,0.0,0.0,0
26.36,-0.265,0.5483,74.7224,-0.6,-1.0579,74.7305,,,,,,,,,,,,0.0,0.0,0.0,0.0,0
26.38,-0.265,0.5483,74.7224,-0.6,-1.0579,74.7305,,,,,,,,,,,,0.0,0.0,0.0,0.0,0
26.4,-0.265,0.5483,74.7224,-0.6,-1.0579,74.7305,,,,,,,,,,,,0.0,0.0,0.0,0.0,0
26.42,-0.265,0.5483,74.7224,-0.6,-1.0579,74.7305,,,,,,,,,,,,0.0,0.0,0.0,0.0,0
26.44,-0.265,0.5483,74.7224,-0.6,-1.0579,74.7305,,,,,,,,,,,,0.0,0.0,0.0,0.0,0
26.46,-0.2718,0.5463,74.7224,-0.6,-1.0589,74.7307,,,,,,,,,,,,0.0,0.0,0.0,0.0,0
26.48,-0.2718,0.5463,74.7224,-0.6,-1.0589,74.7307,,,,,,,,,,,,0.0,0.0,0.0,0.0,0
26.5,-0.2718,0.5463,74.7224,-0.6,-1.0589,74.7307,,,,,,,,,,,,0.0,0.0,0.0,0.0,0
26.52,-0.2718,0.5463,74.7224,-0.6,-1.0589,74.7307,,,,,,,,,,,,0.0,0.0,0.0,0.0,0
26.54,-0.2718,0.5463,74.7224,-0.6,-1.0589,74.7307,,,,,,,,,,,,0.0,0.0,0.0,0.0,0
26.56,-0.2783,0.5467,74.7178,-0.5999,-1.0595,74.7264,,,,,,,,,,,,0.0,0.0,0.0,0.0,0
26.58,-0.2783,0.5467,74.7178,-0.5999,-1.0595,74.7264,,,,,,,,,,,,0.0,0.0,0.0,0.0,0
26.6,-0.2783,0.5467,74.7178,-0.5999,-1.0595,74.7264,,,,,,,,,,,,0.0,0.0,0.0,0.0,0
26.62,-0.2783,0.5467,74.7178,-0.5999,-1.0595,74.7264,,,,,,,,,,,,0.0,0.0,0.0,0.0,0
26.64,-0.2783,0.5467,74.7178,-0.5999,-1.0595,74.7264,,,,,,,,,,,,0.0,0.0,0.0,0.0,0
26.66,-0.2831,0.5426,74.7202,-0.5999,-1.0596,74.7289,,,,,,,,,,,,0.0,0.0,0.0,0.0,0
26.68,-0.2831,0.5426,74.7202,-0.5999,-1.0596,74.7289,,,,,,,,,,,,0.0,0.0,0.0,0.0,0
26.7,-0.2831,0.5426,74.7202,-0.5999,-1.0596,74.7289,,,,,,,,,,,,0.0,0.0,0.0,0.0,0
26.72,-0.2831,0.5426,74.7202,-0.5999,-1.0596,74.7289,,,,,,,,,,,,0.0,0.0,0.0,0.0,0
26.74,-0.2831,0.5426,74.7202,-0.5999,-1.0596,74.7289,,,,,,,,,,,,0.0,0.0,0.0,0.0,0
26.76,-0.2876,0.5449,74.7154,-0.5999,-1.0596,74.7242,,,,,,,,,,,,0.0,0.0,0.0,0.0,0
26.78,-0.2876,0.5449,74.7154,-0.5999,-1.0596,74.7242,,,,,,,,,,,,0.0,0.0,0.0,0.0,0
26.8,-0.2876,0.5449,74.7154,-0.5999,-1.0596,74.7242,,,,,,,,,,,,0.0,0.0,0.0,0.0,0
26.82,-0.2876,0.5449,74.7154,-0.5999,-1.0596,74.7242,,,,,,,,,,,,0.0,0.0,0.0,0.0,0
26.84,-0.2876,0.5449,74.7154,-0.5999,-1.0596,74.7242,,,,,,,,,,,,0.0,0.0,0.0,0.0,0
26.86,-0.2897,0.5484,74.7114,-0.5999,-1.0596,74.7203,,,,,,,,,,,,0.0,0.0,0.0,0.0,0
26.88,-0.2897,0.5484,74.7114,-0.5999,-1.0596,74.7203,,,,,,,,,,,,0.0,0.0,0.0,0.0,0
26.9,-0.2897,0.5484,74.7114,-0.5999,-1.0596,74.7203,,,,,,,,,,,,0.0,0.0,0.0,0.0,0
26.92,-0.2897,0.5484,74.7114,-0.5999,-1.0596,74.7203,,,,,,,,,,,,0.0,0.0,0.0,0.0,0
26.94,-0.2897,0.5484,74.7114,-0.5999,-1.0596,74.7203,,,,,,,,,,,,0.0,0.0,0.0,0.0,0
26.96,-0.2917,0.5522,74.7085,-0.5999,-1.0596,74.7174,,,,,,,,,,,,0.0,0.0,0.0,0.0,0
26.98,-0.2917,0.5522,74.7085,-0.5999,-1.0596,74.7174,,,,,,,,,,,,0.0,0.0,0.0,0.0,0
27.0,-0.2917,0.5522,74.7085,-0.5999,-1.0596,74.7174,,,,,,,,,,,,0.0,0.0,0.0,0.0,0
27.02,-0.2917,0.5522,74.7085,-0.5999,-1.0596,74.7174,,,,,,,,,,,,0.0,0.0,0.0,0.0,0
27.04,-0.2917,0.5522,74.7085,-0.5999,-1.0596,74.7174,,,,,,,,,,,,0.0,0.0,0.0,0.0,0
27.06,-0.2966,0.5531,74.7062,-0.5999,-1.0596,74.7153,,,,,,,,,,,,0.0,0.0,0.0,0.0,0
27.08,-0.2966,0.5531,74.7062,-0.5999,-1.0596,74.7153,,,,,,,,,,,,0.0,0.0,0.0,0.0,0
27.1,-0.2966,0.5531,74.7062,-0.5999,-1.0596,74.7153,,,,,,,,,,,,0.0,0.0,0.0,0.0,0
27.12,-0.2966,0.5531,74.7062,-0.5999,-1.0596,74.7153,,,,,,,,,,,,0.0,0.0,0.0,0.0,0
27.14,-0.2966,0.5531,74.7062,-0.5999,-1.0596,74.7153,,,,,,,,,,,,0.0,0.0,0.0,0.0,0
27.16,-0.301,0.5602,74.6998,-0.6047,-1.0596,74.7091,,,,,,,,,,,,0.0,0.0,0.0,0.0,0
27.18,-0.301,0.5602,74.6998,-0.6047,-1.0596,74.7091,,,,,,,,,,,,0.0,0.0,0.0,0.0,0
27.2,-0.301,0.5602,74.6998,-0.6047,-1.0596,74.7091,,,,,,,,,,,,0.0,0.0,0.0,0.0,0
27.22,-0.301,0.5602,74.6998,-0.6047,-1.0596,74.7091,,,,,,,,,,,,0.0,0.0,0.0,0.0,0
27.24,-0.301,0.5602,74.6998,-0.6047,-1.0596,74.7091,,,,,,,,,,,,0.0,0.0,0.0,0.0,0
27.26,-0.3045,0.5638,74.6961,-0.6023,-1.0598,74.7054,,,,,,,,,,,,0.0,0.0,0.0,0.0,0
27.28,-0.3045,0.5638,74.6961,-0.6023,-1.0598,74.7054,,,,,,,,,,,,0.0,0.0,0.0,0.0,0
27.3,-0.3045,0.5638,74.6961,-0.6023,-1.0598,74.7054,,,,,,,,,,,,0.0,0.0,0.0,0.0,0
27.32,-0.3045,0.5638,74.6961,-0.6023,-1.0598,74.7054,,,,,,,,,,,,0.0,0.0,0.0,0.0,0
27.34,-0.3045,0.5638,74.6961,-0.6023,-1.0598,74.7054,,,,,,,,,,,,0.0,0.0,0.0,0.0,0
27.36,-0.3113,0.5673,74.6929,-0.6011,-1.0599,74.7025,,,,,,,,,,,,0.0,0.0,0.0,0.0,0
27.38,-0.3113,0.5673,74.6929,-0.6011,-1.0599,74.7025,,,,,,,,,,,,0.0,0.0,0.0,0.0,0
27.4,-0.3113,0.5673,74.6929,-0.6011,-1.0599,74.7025,,,,,,,,,,,,0.0,0.0,0.0,0.0,0
27.42,-0.3113,0.5673,74.6929,-0.6011,-1.0599,74.7025,,,,,,,,,,,,0.0,0.0,0.0,0.0,0
27.44,-0.3113,0.5673,74.6929,-0.6011,-1.0599,74.7025,,,,,,,,,,,,0.0,0.0,0.0,0.0,0
27.46,-0.3167,0.57,74.6983,-0.6005,-1.06,74.708,,,,,,,,,,,,0.0,0.0,0.0,0.0,0
27.48,-0.3167,0.57,74.6983,-0.6005,-1.06,74.708,,,,,,,,,,,,0.0,0.0,0.0,0.0,0
27.5,-0.3167,0.57,74.6983,-0.6005,-1.06,74.708,,,,,,,,,,,,0.0,0.0,0.0,0.0,0
27.52,-0.3167,0.57,74.6983,-0.6005,-1.06,74.708,,,,,,,,,,,,0.0,0.0,0.0,0.0,0
27.54,-0.3167,0.57,74.6983,-0.6005,-1.06,74.708,,,,,,,,,,,,0.0,0.0,0.0,0.0,0
27.56,-0.323,0.5727,74.6898,-0.6003,-1.06,74.6997,,,,,,,,,,,,0.0,0.0,0.0,0.0,0
27.58,-0.323,0.5727,74.6898,-0.6003,-1.06,74.6997,,,,,,,,,,,,0.0,0.0,0.0,0.0,0
27.6,-0.323,0.5727,74.6898,-0.6003,-1.06,74.6997,,,,,,,,,,,,0.0,0.0,0.0,0.0,0
27.62,-0.323,0.5727,74.6898,-0.6003,-1.06,74.6997,,,,,,,,,,,,0.0,0.0,0.0,0.0,0
27.64,-0.323,0.5727,74.6898,-0.6003,-1.06,74.6997,,,,,,,,,,,,0.0,0.0,0.0,0.0,0
27.66,-0.3271,0.5764,74.6938,-0.6003,-1.06,74.7038,,,,,,,,,,,,0.0,0.0,0.0,0.0,0
27.68,-0.3271,0.5764,74.6938,-0.6003,-1.06,74.7038,,,,,,,,,,,,0.0,0.0,0.0,0.0,0
27.7,-0.3271,0.5764,74.6938,-0.6003,-1.06,74.7038,,,,,,,,,,,,0.0,0.0,0.0,0.0,0
27.72,-0.3271,0.5764,74.6938,-0.6003,-1.06,74.7038,,,,,,,,,,,,0.0,0.0,0.0,0.0,0
27.74,-0.3271,0.5764,74.6938,-0.6003,-1.06,74.7038,,,,,,,,,,,,0.0,0.0,0.0,0.0,0
27.76,-0.3286,0.5793,74.6793,-0.6003,-1.06,74.6894,,,,,,,,,,,,0.0,0.0,0.0,0.0,0
27.78,-0.3286,0.5793,74.6793,-0.6003,-1.06,74.6894,,,,,,,,,,,,0.0,0.0,0.0,0.0,0
27.8,-0.3286,0.5793,74.6793,-0.6003,-1.06,74.6894,,,,,,,,,,,,0.0,0.0,0.0,0.0,0
27.82,-0.3286,0.5793,74.6793,-0.6003,-1.06,74.6894,,,,,,,,,,,,0.0,0.0,0.0,0.0,0
27.84,-0.3286,0.5793,74.6793,-0.6003,-1.06,74.6894,,,,,,,,,,,,0.0,0.0,0.0,0.0,0
27.86,-0.3308,0.5846,74.6817,-0.6003,-1.06,74.6919,,,,,,,,,,,,0.0,0.0,0.0,0.0,0
27.88,-0.3308,0.5846,74.6817,-0.6003,-1.06,74.6919,,,,,,,,,,,,0.0,0.0,0.0,0.0,0
27.9,-0.3308,0.5846,74.6817,-0.6003,-1.06,74.6919,,,,,,,,,,,,0.0,0.0,0.0,0.0,0
27.92,-0.3308,0.5846,74.6817,-0.6003,-1.06,74.6919,,,,,,,,,,,,0.0,0.0,0.0,0.0,0
27.94,-0.3308,0.5846,74.6817,-0.6003,-1.06,74.6919,,,,,,,,,,,,0.0,0.0,0.0,0.0,0
27.96,-0.3309,0.5903,74.6775,-0.6003,-1.06,74.6877,,,,,,,,,,,,0.0,0.0,0.0,0.0,0
27.98,-0.3309,0.5903,74.6775,-0.6003,-1.06,74.6877,,,,,,,,,,,,0.0,0.0,0.0,0.0,0
28.0,-0.3309,0.5903,74.6775,-0.6003,-1.06,74.6877,,,,,,,,,,,,0.0,0.0,0.0,0.0,0
28.02,-0.3309,0.5903,74.6775,-0.6003,-1.06,74.6877,,,,,,,,,,,,0.0,0.0,0.0,0.0,0
28.04,-0.3309,0.5903,74.6775,-0.6003,-1.06,74.6877,,,,,,,,,,,,0.0,0.0,0.0,0.0,0
28.06,-0.3332,0.5932,74.6774,-0.6003,-1.06,74.6876,,,,,,,,,,,,0.0,0.0,0.0,0.0,0
28.08,-0.3332,0.5932,74.6774,-0.6003,-1.06,74.6876,,,,,,,,,,,,0.0,0.0,0.0,0.0,0
28.1,-0.3332,0.5932,74.6774,-0.6003,-1.06,74.6876,,,,,,,,,,,,0.0,0.0,0.0,0.0,0
28.12,-0.3332,0.5932,74.6774,-0.6003,-1.06,74.6876,,,,,,,,,,,,0.0,0.0,0.0,0.0,0
28.14,-0.3332,0.5932,74.6774,-0.6003,-1.06,74.6876,,,,,,,,,,,,0.0,0.0,0.0,0.0,0
28.16,-0.3399,0.5965,74.6826,-0.6003,-1.06,74.693,,,,,,,,,,,,0.0,0.0,0.0,0.0,0
28.18,-0.3399,0.5965,74.6826,-0.6003,-1.06,74.693,,,,,,,,,,,,0.0,0.0,0.0,0.0,0
28.2,-0.3399,0.5965,74.6826,-0.6003,-1.06,74.693,,,,,,,,,,,,0.0,0.0,0.0,0.0,0
28.22,-0.3399,0.5965,74.6826,-0.6003,-1.06,74.693,,,,,,,,,,,,0.0,0.0,0.0,0.0,0
28.24,-0.3399,0.5965,74.6826,-0.6003,-1.06,74.693,,,,,,,,,,,,0.0,0.0,0.0,0.0,0
28.26,-0.3424,0.5984,74.6794,-0.6003,-1.06,74.6899,,,,,,,,,,,,0.0,0.0,0.0,0.0,0
28.28,-0.3424,0.5984,74.6794,-0.6003,-1.06,74.6899,,,,,,,,,,,,0.0,0.0,0.0,0.0,0
28.3,-0.3424,0.5984,74.6794,-0.6003,-1.06,74.6899,,,,,,,,,,,,0.0,0.0,0.0,0.0,0
28.32,-0.3424,0.5984,74.6794,-0.6003,-1.06,74.6899,,,,,,,,,,,,0.0,0.0,0.0,0.0,0
28.34,-0.3424,0.5984,74.6794,-0.6003,-1.06,74.6899,,,,,,,,,,,,0.0,0.0,0.0,0.0,0
28.36,-0.3472,0.6003,74.6783,-0.6003,-1.06,74.6889,,,,,,,,,,,,0.0,0.0,0.0,0.0,0
28.38,-0.3472,0.6003,74.6783,-0.6003,-1.06,74.6889,,,,,,,,,,,,0.0,0.0,0.0,0.0,0
28.4,-0.3472,0.6003,74.6783,-0.6003,-1.06,74.6889,,,,,,,,,,,,0.0,0.0,0.0,0.0,0
28.42,-0.3472,0.6003,74.6783,-0.6003,-1.06,74.6889,,,,,,,,,,,,0.0,0.0,0.0,0.0,0
28.44,-0.3472,0.6003,74.6783,-0.6003,-1.06,74.6889,,,,,,,,,,,,0.0,0.0,0.0,0.0,0
28.46,-0.35,0.6036,74.6715,-0.6003,-1.06,74.6822,,,,,,,,,,,,0.0,0.0,0.0,0.0,0
28.48,-0.35,0.6036,74.6715,-0.6003,-1.06,74.6822,,,,,,,,,,,,0.0,0.0,0.0,0.0,0
28.5,-0.35,0.6036,74.6715,-0.6003,-1.06,74.6822,,,,,,,,,,,,0.0,0.0,0.0,0.0,0
28.52,-0.35,0.6036,74.6715,-0.6003,-1.06,74.6822,,,,,,,,,,,,0.0,0.0,0.0,0.0,0
28.54,-0.35,0.6036,74.6715,-0.6003,-1.06,74.6822,,,,,,,,,,,,0.0,0.0,0.0,0.0,0
28.56,-0.353,0.6116,74.6703,-0.6002,-1.054,74.6811,,,,,,,,,,,,0.0,0.0,0.0,0.0,0
28.58,-0.353,0.6116,74.6703,-0.6002,-1.054,74.6811,,,,,,,,,,,,0.0,0.0,0.0,0.0,0
28.6,-0.353,0.6116,74.6703,-0.6002,-1.054,74.6811,,,,,,,,,,,,0.0,0.0,0.0,0.0,0
28.62,-0.353,0.6116,74.6703,-0.6002,-1.054,74.6811,,,,,,,,,,,,0.0,0.0,0.0,0.0,0
28.64,-0.353,0.6116,74.6703,-0.6002,-1.054,74.6811,,,,,,,,,,,,0.0,0.0,0.0,0.0,0
28.66,-0.3608,0.6178,74.6638,-0.6,-1.057,74.6749,,,,,,,,,,,,0.0,0.0,0.0,0.0,0
28.68,-0.3608,0.6178,74.6638,-0.6,-1.057,74.6749,,,,,,,,,,,,0.0,0.0,0.0,0.0,0
28.7,-0.3608,0.6178,74.6638,-0.6,-1.057,74.6749,,,,,,,,,,,,0.0,0.0,0.0,0.0,0
28.72,-0.3608,0.6178,74.6638,-0.6,-1.057,74.6749,,,,,,,,,,,,0.0,0.0,0.0,0.0,0
28.74,-0.3608,0.6178,74.6638,-0.6,-1.057,74.6749,,,,,,,,,,,,0.0,0.0,0.0,0.0,0
28.76,-0.3632,0.6237,74.6592,-0.6033,-1.0584,74.6703,,,,,,,,,,,,0.0,0.0,0.0,0.0,0
28.78,-0.3632,0.6237,74.6592,-0.6033,-1.0584,74.6703,,,,,,,,,,,,0.0,0.0,0.0,0.0,0
28.8,-0.3632,0.6237,74.6592,-0.6033,-1.0584,74.6703,,,,,,,,,,,,0.0,0.0,0.0,0.0,0
28.82,-0.3632,0.6237,74.6592,-0.6033,-1.0584,74.6703,,,,,,,,,,,,0.0,0.0,0.0,0.0,0
28.84,-0.3632,0.6237,74.6592,-0.6033,-1.0584,74.6703,,,,,,,,,,,,0.0,0.0,0.0,0.0,0
28.86,-0.3684,0.6316,74.6565,-0.6016,-1.0523,74.6678,,,,,,,,,,,,0.0,0.0,0.0,0.0,0
28.88,-0.3684,0.6316,74.6565,-0.6016,-1.0523,74.6678,,,,,,,,,,,,0.0,0.0,0.0,0.0,0
28.9,-0.3684,0.6316,74.6565,-0.6016,-1.0523,74.6678,,,,,,,,,,,,0.0,0.0,0.0,0.0,0
28.92,-0.3684,0.6316,74.6565,-0.6016,-1.0523,74.6678,,,,,,,,,,,,0.0,0.0,0.0,0.0,0
28.94,-0.3684,0.6316,74.6565,-0.6016,-1.0523,74.6678,,,,,,,,,,,,0.0,0.0,0.0,0.0,0
28.96,-0.368,0.6388,74.6514,-0.6008,-1.0481,74.6627,,,,,,,,,,,,0.0,0.0,0.0,0.0,0
28.98,-0.368,0.6388,74.6514,-0.6008,-1.0481,74.6627,,,,,,,,,,,,0.0,0.0,0.0,0.0,0
29.0,-0.368,0.6388,74.6514,-0.6008,-1.0481,74.6627,,,,,,,,,,,,0.0,0.0,0.0,0.0,0
29.02,-0.368,0.6388,74.6514,-0.6008,-1.0481,74.6627,,,,,,,,,,,,0.0,0.0,0.0,0.0,0
29.04,-0.368,0.6388,74.6514,-0.6008,-1.0481,74.6627,,,,,,,,,,,,0.0,0.0,0.0,0.0,0
29.06,-0.3718,0.6418,74.6502,-0.6004,-1.0539,74.6615,,,,,,,,,,,,0.0,0.0,0.0,0.0,0
29.08,-0.3718,0.6418,74.6502,-0.6004,-1.0539,74.6615,,,,,,,,,,,,0.0,0.0,0.0,0.0,0
29.1,-0.3718,0.6418,74.6502,-0.6004,-1.0539,74.6615,,,,,,,,,,,,0.0,0.0,0.0,0.0,0
29.12,-0.3718,0.6418,74.6502,-0.6004,-1.0539,74.6615,,,,,,,,,,,,0.0,0.0,0.0,0.0,0
29.14,-0.3718,0.6418,74.6502,-0.6004,-1.0539,74.6615,,,,,,,,,,,,0.0,0.0,0.0,0.0,0
29.16,-0.3708,0.6471,74.6496,-0.6001,-1.0569,74.6609,,,,,,,,,,,,0.0,0.0,0.0,0.0,0
29.18,-0.3708,0.6471,74.6496,-0.6001,-1.0569,74.6609,,,,,,,,,,,,0.0,0.0,0.0,0.0,0
29.2,-0.3708,0.6471,74.6496,-0.6001,-1.0569,74.6609,,,,,,,,,,,,0.0,0.0,0.0,0.0,0
29.22,-0.3708,0.6471,74.6496,-0.6001,-1.0569,74.6609,,,,,,,,,,,,0.0,0.0,0.0,0.0,0
29.24,-0.3708,0.6471,74.6496,-0.6001,-1.0569,74.6609,,,,,,,,,,,,0.0,0.0,0.0,0.0,0
29.26,-0.3705,0.6477,74.647,-0.6,-1.0584,74.6584,,,,,,,,,,,,0.0,0.0,0.0,0.0,0
29.28,-0.3705,0.6477,74.647,-0.6,-1.0584,74.6584,,,,,,,,,,,,0.0,0.0,0.0,0.0,0
29.3,-0.3705,0.6477,74.647,-0.6,-1.0584,74.6584,,,,,,,,,,,,0.0,0.0,0.0,0.0,0
29.32,-0.3705,0.6477,74.647,-0.6,-1.0584,74.6584,,,,,,,,,,,,0.0,0.0,0.0,0.0,0
29.34,-0.3705,0.6477,74.647,-0.6,-1.0584,74.6584,,,,,,,,,,,,0.0,0.0,0.0,0.0,0
29.36,-0.373,0.6484,74.6467,-0.6,-1.0592,74.6581,,,,,,,,,,,,0.0,0.0,0.0,0.0,0
29.38,-0.373,0.6484,74.6467,-0.6,-1.0592,74.6581,,,,,,,,,,,,0.0,0.0,0.0,0.0,0
29.4,-0.373,0.6484,74.6467,-0.6,-1.0592,74.6581,,,,,,,,,,,,0.0,0.0,0.0,0.0,0
29.42,-0.373,0.6484,74.6467,-0.6,-1.0592,74.6581,,,,,,,,,,,,0.0,0.0,0.0,0.0,0
29.44,-0.373,0.6484,74.6467,-0.6,-1.0592,74.6581,,,,,,,,,,,,0.0,0.0,0.0,0.0,0
29.46,-0.3744,0.6504,74.6438,-0.5999,-1.0542,74.6553,,,,,,,,,,,,0.0,0.0,0.0,0.0,0
29.48,-0.3744,0.6504,74.6438,-0.5999,-1.0542,74.6553,,,,,,,,,,,,0.0,0.0,0.0,0.0,0
29.5,-0.3744,0.6504,74.6438,-0.5999,-1.0542,74.6553,,,,,,,,,,,,0.0,0.0,0.0,0.0,0
29.52,-0.3744,0.6504,74.6438,-0.5999,-1.0542,74.6553,,,,,,,,,,,,0.0,0.0,0.0,0.0,0
29.54,-0.3744,0.6504,74.6438,-0.5999,-1.0542,74.6553,,,,,,,,,,,,0.0,0.0,0.0,0.0,0
29.56,-0.3764,0.6558,74.6432,-0.5999,-1.057,74.6547,,,,,,,,,,,,0.0,0.0,0.0,0.0,0
29.58,-0.3764,0.6558,74.6432,-0.5999,-1.057,74.6547,,,,,,,,,,,,0.0,0.0,0.0,0.0,0
29.6,-0.3764,0.6558,74.6432,-0.5999,-1.057,74.6547,,,,,,,,,,,,0.0,0.0,0.0,0.0,0
29.62,-0.3764,0.6558,74.6432,-0.5999,-1.057,74.6547,,,,,,,,,,,,0.0,0.0,0.0,0.0,0
29.64,-0.3764,0.6558,74.6432,-0.5999,-1.057,74.6547,,,,,,,,,,,,0.0,0.0,0.0,0.0,0
29.66,-0.377,0.6581,74.6396,-0.5999,-1.0459,74.6512,,,,,,,,,,,,0.0,0.0,0.0,0.0,0
29.68,-0.377,0.6581,74.6396,-0.5999,-1.0459,74.6512,,,,,,,,,,,,0.0,0.0,0.0,0.0,0
29.7,-0.377,0.6581,74.6396,-0.5999,-1.0459,74.6512,,,,,,,,,,,,0.0,0.0,0.0,0.0,0
29.72,-0.377,0.6581,74.6396,-0.5999,-1.0459,74.6512,,,,,,,,,,,,0.0,0.0,0.0,0.0,0
29.74,-0.377,0.6581,74.6396,-0.5999,-1.0459,74.6512,,,,,,,,,,,,0.0,0.0,0.0,0.0,0
29.76,-0.3747,0.6609,74.6373,-0.5999,-1.0528,74.6488,,,,,,,,,,,,0.0,0.0,0.0,0.0,0
29.78,-0.3747,0.6609,74.6373,-0.5999,-1.0528,74.6488,,,,,,,,,,,,0.0,0.0,0.0,0.0,0
29.8,-0.3747,0.6609,74.6373,-0.5999,-1.0528,74.6488,,,,,,,,,,,,0.0,0.0,0.0,0.0,0
29.82,-0.3747,0.6609,74.6373,-0.5999,-1.0528,74.6488,,,,,,,,,,,,0.0,0.0,0.0,0.0,0
29.84,-0.3747,0.6609,74.6373,-0.5999,-1.0528,74.6488,,,,,,,,,,,,0.0,0.0,0.0,0.0,0
29.86,-0.3776,0.662,74.6404,-0.5999,-1.0506,74.6519,,,,,,,,,,,,0.0,0.0,0.0,0.0,0
29.88,-0.3776,0.662,74.6404,-0.5999,-1.0506,74.6519,,,,,,,,,,,,0.0,0.0,0.0,0.0,0
29.9,-0.3776,0.662,74.6404,-0.5999,-1.0506,74.6519,,,,,,,,,,,,0.0,0.0,0.0,0.0,0
29.92,-0.3776,0.662,74.6404,-0.5999,-1.0506,74.6519,,,,,,,,,,,,0.0,0.0,0.0,0.0,0
29.94,-0.3776,0.662,74.6404,-0.5999,-1.0506,74.6519,,,,,,,,,,,,0.0,0.0,0.0,0.0,0
29.96,-0.3783,0.6628,74.6394,-0.5999,-1.0552,74.651,,,,,,,,,,,,0.0,0.0,0.0,0.0,0
29.98,-0.3783,0.6628,74.6394,-0.5999,-1.0552,74.651,,,,,,,,,,,,0.0,0.0,0.0,0.0,0
30.0,-0.3783,0.6628,74.6394,-0.5999,-1.0552,74.651,,,,,,,,,,,,0.0,0.0,0.0,0.0,0
30.02,-0.3783,0.6628,74.6394,-0.5999,-1.0552,74.651,,,,,,,,,,,,0.0,0.0,0.0,0.0,0
30.04,-0.3783,0.6628,74.6394,-0.5999,-1.0552,74.651,,,,,,,,,,,,0.0,0.0,0.0,0.0,0
30.06,-0.3805,0.6628,74.6331,-0.5999,-1.0576,74.6447,,,,,,,,,,,,0.0,0.0,0.0,0.0,0
30.08,-0.3805,0.6628,74.6331,-0.5999,-1.0576,74.6447,,,,,,,,,,,,0.0,0.0,0.0,0.0,0
30.1,-0.3805,0.6628,74.6331,-0.5999,-1.0576,74.6447,,,,,,,,,,,,0.0,0.0,0.0,0.0,0
30.12,-0.3805,0.6628,74.6331,-0.5999,-1.0576,74.6447,,,,,,,,,,,,0.0,0.0,0.0,0.0,0
30.14,-0.3805,0.6628,74.6331,-0.5999,-1.0576,74.6447,,,,,,,,,,,,0.0,0.0,0.0,0.0,0
30.16,-0.3799,0.6618,74.6296,-0.5999,-1.0543,74.6412,,,,,,,,,,,,0.0,0.0,0.0,0.0,0
30.18,-0.3799,0.6618,74.6296,-0.5999,-1.0543,74.6412,,,,,,,,,,,,0.0,0.0,0.0,0.0,0
30.2,-0.3799,0.6618,74.6296,-0.5999,-1.0543,74.6412,,,,,,,,,,,,0.0,0.0,0.0,0.0,0
30.22,-0.3799,0.6618,74.6296,-0.5999,-1.0543,74.6412,,,,,,,,,,,,0.0,0.0,0.0,0.0,0
30.24,-0.3799,0.6618,74.6296,-0.5999,-1.0543,74.6412,,,,,,,,,,,,0.0,0.0,0.0,0.0,0
30.26,-0.3808,0.6651,74.6273,-0.6061,-1.0546,74.6389,,,,,,,,,,,,0.0,0.0,0.0,0.0,0
30.28,-0.3808,0.6651,74.6273,-0.6061,-1.0546,74.6389,,,,,,,,,,,,0.0,0.0,0.0,0.0,0
30.3,-0.3808,0.6651,74.6273,-0.6061,-1.0546,74.6389,,,,,,,,,,,,0.0,0.0,0.0,0.0,0
30.32,-0.3808,0.6651,74.6273,-0.6061,-1.0546,74.6389,,,,,,,,,,,,0.0,0.0,0.0,0.0,0
30.34,-0.3808,0.6651,74.6273,-0.6061,-1.0546,74.6389,,,,,,,,,,,,0.0,0.0,0.0,0.0,0
30.36,-0.3842,0.6702,74.6257,-0.6031,-1.0428,74.6375,,,,,,,,,,,,0.0,0.0,0.0,0.0,0
30.38,-0.3842,0.6702,74.6257,-0.6031,-1.0428,74.6375,,,,,,,,,,,,0.0,0.0,0.0,0.0,0
30.4,-0.3842,0.6702,74.6257,-0.6031,-1.0428,74.6375,,,,,,,,,,,,0.0,0.0,0.0,0.0,0
30.42,-0.3842,0.6702,74.6257,-0.6031,-1.0428,74.6375,,,,,,,,,,,,0.0,0.0,0.0,0.0,0
30.44,-0.3842,0.6702,74.6257,-0.6031,-1.0428,74.6375,,,,,,,,,,,,0.0,0.0,0.0,0.0,0
30.46,-0.3785,0.6732,74.6304,-0.6015,-1.0274,74.642,,,,,,,,,,,,0.0,0.0,0.0,0.0,0
30.48,-0.3785,0.6732,74.6304,-0.6015,-1.0274,74.642,,,,,,,,,,,,0.0,0.0,0.0,0.0,0
30.5,-0.3785,0.6732,74.6304,-0.6015,-1.0274,74.642,,,,,,,,,,,,0.0,0.0,0.0,0.0,0
30.52,-0.3785,0.6732,74.6304,-0.6015,-1.0274,74.642,,,,,,,,,,,,0.0,0.0,0.0,0.0,0
30.54,-0.3785,0.6732,74.6304,-0.6015,-1.0274,74.642,,,,,,,,,,,,0.0,0.0,0.0,0.0,0
30.56,-0.3763,0.6776,74.6302,-0.6007,-1.0269,74.6417,,,,,,,,,,,,0.0,0.0,0.0,0.0,0
30.58,-0.3763,0.6776,74.6302,-0.6007,-1.0269,74.6417,,,,,,,,,,,,0.0,0.0,0.0,0.0,0
30.6,-0.3763,0.6776,74.6302,-0.6007,-1.0269,74.6417,,,,,,,,,,,,0.0,0.0,0.0,0.0,0
30.62,-0.3763,0.6776,74.6302,-0.6007,-1.0269,74.6417,,,,,,,,,,,,0.0,0.0,0.0,0.0,0
30.64,-0.3763,0.6776,74.6302,-0.6007,-1.0269,74.6417,,,,,,,,,,,,0.0,0.0,0.0,0.0,0
30.66,-0.3738,0.6823,74.625,-0.6003,-1.0303,74.6365,,,,,,,,,,,,0.0,0.0,0.0,0.0,0
30.68,-0.3738,0.6823,74.625,-0.6003,-1.0303,74.6365,,,,,,,,,,,,0.0,0.0,0.0,0.0,0
30.7,-0.3738,0.6823,74.625,-0.6003,-1.0303,74.6365,,,,,,,,,,,,0.0,0.0,0.0,0.0,0
30.72,-0.3738,0.6823,74.625,-0.6003,-1.0303,74.6365,,,,,,,,,,,,0.0,0.0,0.0,0.0,0
30.74,-0.3738,0.6823,74.625,-0.6003,-1.0303,74.6365,,,,,,,,,,,,0.0,0.0,0.0,0.0,0
30.76,-0.3749,0.6822,74.6253,-0.6001,-1.0301,74.6368,,,,,,,,,,,,0.0,0.0,0.0,0.0,0
30.78,-0.3749,0.6822,74.6253,-0.6001,-1.0301,74.6368,,,,,,,,,,,,0.0,0.0,0.0,0.0,0
30.8,-0.3749,0.6822,74.6253,-0.6001,-1.0301,74.6368,,,,,,,,,,,,0.0,0.0,0.0,0.0,0
30.82,-0.3749,0.6822,74.6253,-0.6001,-1.0301,74.6368,,,,,,,,,,,,0.0,0.0,0.0,0.0,0
30.84,-0.3749,0.6822,74.6253,-0.6001,-1.0301,74.6368,,,,,,,,,,,,0.0,0.0,0.0,0.0,0
30.86,-0.3751,0.6842,74.6171,-0.6,-1.0204,74.6286,,,,,,,,,,,,0.0,0.0,0.0,0.0,0
30.88,-0.3751,0.6842,74.6171,-0.6,-1.0204,74.6286,,,,,,,,,,,,0.0,0.0,0.0,0.0,0
30.9,-0.3751,0.6842,74.6171,-0.6,-1.0204,74.6286,,,,,,,,,,,,0.0,0.0,0.0,0.0,0
30.92,-0.3751,0.6842,74.6171,-0.6,-1.0204,74.6286,,,,,,,,,,,,0.0,0.0,0.0,0.0,0
30.94,-0.3751,0.6842,74.6171,-0.6,-1.0204,74.6286,,,,,,,,,,,,0.0,0.0,0.0,0.0,0
30.96,-0.3738,0.6845,74.6144,-0.6,-1.0157,74.6258,,,,,,,,,,,,0.0,0.0,0.0,0.0,0
30.98,-0.3738,0.6845,74.6144,-0.6,-1.0157,74.6258,,,,,,,,,,,,0.0,0.0,0.0,0.0,0
31.0,-0.3738,0.6845,74.6144,-0.6,-1.0157,74.6258,,,,,,,,,,,,0.0,0.0,0.0,0.0,0
31.02,-0.3738,0.6845,74.6144,-0.6,-1.0157,74.6258,,,,,,,,,,,,0.0,0.0,0.0,0.0,0
31.04,-0.3738,0.6845,74.6144,-0.6,-1.0157,74.6258,,,,,,,,,,,,0.0,0.0,0.0,0.0,0
31.06,-0.38,0.6865,74.6155,-0.5999,-1.0176,74.6271,,,,,,,,,,,,0.0,0.0,0.0,0.0,0
31.08,-0.38,0.6865,74.6155,-0.5999,-1.0176,74.6271,,,,,,,,,,,,0.0,0.0,0.0,0.0,0
31.1,-0.38,0.6865,74.6155,-0.5999,-1.0176,74.6271,,,,,,,,,,,,0.0,0.0,0.0,0.0,0
31.12,-0.38,0.6865,74.6155,-0.5999,-1.0176,74.6271,,,,,,,,,,,,0.0,0.0,0.0,0.0,0
31.14,-0.38,0.6865,74.6155,-0.5999,-1.0176,74.6271,,,,,,,,,,,,0.0,0.0,0.0,0.0,0
31.16,-0.3809,0.6875,74.6086,-0.5999,-1.0121,74.6203,,,,,,,,,,,,0.0,0.0,0.0,0.0,0
31.18,-0.3809,0.6875,74.6086,-0.5999,-1.0121,74.6203,,,,,,,,,,,,0.0,0.0,0.0,0.0,0
31.2,-0.3809,0.6875,74.6086,-0.5999,-1.0121,74.6203,,,,,,,,,,,,0.0,0.0,0.0,0.0,0
31.22,-0.3809,0.6875,74.6086,-0.5999,-1.0121,74.6203,,,,,,,,,,,,0.0,0.0,0.0,0.0,0
31.24,-0.3809,0.6875,74.6086,-0.5999,-1.0121,74.6203,,,,,,,,,,,,0.0,0.0,0.0,0.0,0
31.26,-0.3826,0.6881,74.6086,-0.5999,-1.0029,74.6203,,,,,,,,,,,,0.0,0.0,0.0,0.0,0
31.28,-0.3826,0.6881,74.6086,-0.5999,-1.0029,74.6203,,,,,,,,,,,,0.0,0.0,0.0,0.0,0
31.3,-0.3826,0.6881,74.6086,-0.5999,-1.0029,74.6203,,,,,,,,,,,,0.0,0.0,0.0,0.0,0
31.32,-0.3826,0.6881,74.6086,-0.5999,-1.0029,74.6203,,,,,,,,,,,,0.0,0.0,0.0,0.0,0
31.34,-0.3826,0.6881,74.6086,-0.5999,-1.0029,74.6203,,,,,,,,,,,,0.0,0.0,0.0,0.0,0
31.36,-0.3838,0.6904,74.6079,-0.5999,-0.9982,74.6197,,,,,,,,,,,,0.0,0.0,0.0,0.0,0
31.38,-0.3838,0.6904,74.6079,-0.5999,-0.9982,74.6197,,,,,,,,,,,,0.0,0.0,0.0,0.0,0
31.4,-0.3838,0.6904,74.6079,-0.5999,-0.9982,74.6197,,,,,,,,,,,,0.0,0.0,0.0,0.0,0
31.42,-0.3838,0.6904,74.6079,-0.5999,-0.9982,74.6197,,,,,,,,,,,,0.0,0.0,0.0,0.0,0
31.44,-0.3838,0.6904,74.6079,-0.5999,-0.9982,74.6197,,,,,,,,,,,,0.0,0.0,0.0,0.0,0
31.46,-0.3823,0.6937,74.6089,-0.5999,-1.0047,74.6206,,,,,,,,,,,,0.0,0.0,0.0,0.0,0
31.48,-0.3823,0.6937,74.6089,-0.5999,-1.0047,74.6206,,,,,,,,,,,,0.0,0.0,0.0,0.0,0
31.5,-0.3823,0.6937,74.6089,-0.5999,-1.0047,74.6206,,,,,,,,,,,,0.0,0.0,0.0,0.0,0
31.52,-0.3823,0.6937,74.6089,-0.5999,-1.0047,74.6206,,,,,,,,,,,,0.0,0.0,0.0,0.0,0
31.54,-0.3823,0.6937,74.6089,-0.5999,-1.0047,74.6206,,,,,,,,,,,,0.0,0.0,0.0,0.0,0
31.56,-0.3816,0.6963,74.6025,-0.5999,-1.0113,74.6142,,,,,,,,,,,,0.0,0.0,0.0,0.0,0
31.58,-0.3816,0.6963,74.6025,-0.5999,-1.0113,74.6142,,,,,,,,,,,,0.0,0.0,0.0,0.0,0
31.6,-0.3816,0.6963,74.6025,-0.5999,-1.0113,74.6142,,,,,,,,,,,,0.0,0.0,0.0,0.0,0
31.62,-0.3816,0.6963,74.6025,-0.5999,-1.0113,74.6142,,,,,,,,,,,,0.0,0.0,0.0,0.0,0
31.64,-0.3816,0.6963,74.6025,-0.5999,-1.0113,74.6142,,,,,,,,,,,,0.0,0.0,0.0,0.0,0
31.66,-0.3795,0.6974,74.6018,-0.5999,-1.017,74.6134,,,,,,,,,,,,0.0,0.0,0.0,0.0,0
31.68,-0.3795,0.6974,74.6018,-0.5999,-1.017,74.6134,,,,,,,,,,,,0.0,0.0,0.0,0.0,0
31.7,-0.3795,0.6974,74.6018,-0.5999,-1.017,74.6134,,,,,,,,,,,,0.0,0.0,0.0,0.0,0
31.72,-0.3795,0.6974,74.6018,-0.5999,-1.017,74.6134,,,,,,,,,,,,0.0,0.0,0.0,0.0,0
31.74,-0.3795,0.6974,74.6018,-0.5999,-1.017,74.6134,,,,,,,,,,,,0.0,0.0,0.0,0.0,0
31.76,-0.38,0.6998,74.5968,-0.5999,-1.0185,74.6085,,,,,,,,,,,,0.0,0.0,0.0,0.0,0
31.78,-0.38,0.6998,74.5968,-0.5999,-1.0185,74.6085,,,,,,,,,,,,0.0,0.0,0.0,0.0,0
31.8,-0.38,0.6998,74.5968,-0.5999,-1.0185,74.6085,,,,,,,,,,,,0.0,0.0,0.0,0.0,0
31.82,-0.38,0.6998,74.5968,-0.5999,-1.0185,74.6085,,,,,,,,,,,,0.0,0.0,0.0,0.0,0
31.84,-0.38,0.6998,74.5968,-0.5999,-1.0185,74.6085,,,,,,,,,,,,0.0,0.0,0.0,0.0,0
31.86,-0.3832,0.7083,74.5974,-0.6077,-1.0155,74.6091,,,,,,,,,,,,0.0,0.0,0.0,0.0,0
31.88,-0.3832,0.7083,74.5974,-0.6077,-1.0155,74.6091,,,,,,,,,,,,0.0,0.0,0.0,0.0,0
31.9,-0.3832,0.7083,74.5974,-0.6077,-1.0155,74.6091,,,,,,,,,,,,0.0,0.0,0.0,0.0,0
31.92,-0.3832,0.7083,74.5974,-0.6077,-1.0155,74.6091,,,,,,,,,,,,0.0,0.0,0.0,0.0,0
31.94,-0.3832,0.7083,74.5974,-0.6077,-1.0155,74.6091,,,,,,,,,,,,0.0,0.0,0.0,0.0,0
31.96,-0.3801,0.7082,74.5959,-0.6039,-1.0139,74.6075,,,,,,,,,,,,0.0,0.0,0.0,0.0,0
31.98,-0.3801,0.7082,74.5959,-0.6039,-1.0139,74.6075,,,,,,,,,,,,0.0,0.0,0.0,0.0,0
32.0,-0.3801,0.7082,74.5959,-0.6039,-1.0139,74.6075,,,,,,,,,,,,0.0,0.0,0.0,0.0,0
32.02,-0.3801,0.7082,74.5959,-0.6039,-1.0139,74.6075,,,,,,,,,,,,0.0,0.0,0.0,0.0,0
32.04,-0.3801,0.7082,74.5959,-0.6039,-1.0139,74.6075,,,,,,,,,,,,0.0,0.0,0.0,0.0,0
32.06,-0.3799,0.7078,74.5929,-0.6019,-1.0326,74.6045,,,,,,,,,,,,0.0,0.0,0.0,0.0,0
32.08,-0.3799,0.7078,74.5929,-0.6019,-1.0326,74.6045,,,,,,,,,,,,0.0,0.0,0.0,0.0,0
32.1,-0.3799,0.7078,74.5929,-0.6019,-1.0326,74.6045,,,,,,,,,,,,0.0,0.0,0.0,0.0,0
32.12,-0.3799,0.7078,74.5929,-0.6019,-1.0326,74.6045,,,,,,,,,,,,0.0,0.0,0.0,0.0,0
32.14,-0.3799,0.7078,74.5929,-0.6019,-1.0326,74.6045,,,,,,,,,,,,0.0,0.0,0.0,0.0,0
32.16,-0.3791,0.7097,74.5902,-0.6009,-1.0326,74.6018,,,,,,,,,,,,0.0,0.0,0.0,0.0,0
32.18,-0.3791,0.7097,74.5902,-0.6009,-1.0326,74.6018,,,,,,,,,,,,0.0,0.0,0.0,0.0,0
32.2,-0.3791,0.7097,74.5902,-0.6009,-1.0326,74.6018,,,,,,,,,,,,0.0,0.0,0.0,0.0,0
32.22,-0.3791,0.7097,74.5902,-0.6009,-1.0326,74.6018,,,,,,,,,,,,0.0,0.0,0.0,0.0,0
32.24,-0.3791,0.7097,74.5902,-0.6009,-1.0326,74.6018,,,,,,,,,,,,0.0,0.0,0.0,0.0,0
32.26,-0.3818,0.7155,74.5907,-0.6004,-1.0184,74.6024,,,,,,,,,,,,0.0,0.0,0.0,0.0,0
32.28,-0.3818,0.7155,74.5907,-0.6004,-1.0184,74.6024,,,,,,,,,,,,0.0,0.0,0.0,0.0,0
32.3,-0.3818,0.7155,74.5907,-0.6004,-1.0184,74.6024,,,,,,,,,,,,0.0,0.0,0.0,0.0,0
32.32,-0.3818,0.7155,74.5907,-0.6004,-1.0184,74.6024,,,,,,,,,,,,0.0,0.0,0.0,0.0,0
32.34,-0.3818,0.7155,74.5907,-0.6004,-1.0184,74.6024,,,,,,,,,,,,0.0,0.0,0.0,0.0,0
32.36,-0.382,0.7171,74.5881,-0.6002,-1.0151,74.5998,,,,,,,,,,,,0.0,0.0,0.0,0.0,0
32.38,-0.382,0.7171,74.5881,-0.6002,-1.0151,74.5998,,,,,,,,,,,,0.0,0.0,0.0,0.0,0
32.4,-0.382,0.7171,74.5881,-0.6002,-1.0151,74.5998,,,,,,,,,,,,0.0,0.0,0.0,0.0,0
32.42,-0.382,0.7171,74.5881,-0.6002,-1.0151,74.5998,,,,,,,,,,,,0.0,0.0,0.0,0.0,0
32.44,-0.382,0.7171,74.5881,-0.6002,-1.0151,74.5998,,,,,,,,,,,,0.0,0.0,0.0,0.0,0
32.46,-0.3823,0.7182,74.5862,-0.6,-1.0062,74.5979,,,,,,,,,,,,0.0,0.0,0.0,0.0,0
32.48,-0.3823,0.7182,74.5862,-0.6,-1.0062,74.5979,,,,,,,,,,,,0.0,0.0,0.0,0.0,0
32.5,-0.3823,0.7182,74.5862,-0.6,-1.0062,74.5979,,,,,,,,,,,,0.0,0.0,0.0,0.0,0
32.52,-0.3823,0.7182,74.5862,-0.6,-1.0062,74.5979,,,,,,,,,,,,0.0,0.0,0.0,0.0,0
32.54,-0.3823,0.7182,74.5862,-0.6,-1.0062,74.5979,,,,,,,,,,,,0.0,0.0,0.0,0.0,0
32.56,-0.3815,0.723,74.5808,-0.6,-1.0024,74.5925,,,,,,,,,,,,0.0,0.0,0.0,0.0,0
32.58,-0.3815,0.723,74.5808,-0.6,-1.0024,74.5925,,,,,,,,,,,,0.0,0.0,0.0,0.0,0
32.6,-0.3815,0.723,74.5808,-0.6,-1.0024,74.5925,,,,,,,,,,,,0.0,0.0,0.0,0.0,0
32.62,-0.3815,0.723,74.5808,-0.6,-1.0024,74.5925,,,,,,,,,,,,0.0,0.0,0.0,0.0,0
32.64,-0.3815,0.723,74.5808,-0.6,-1.0024,74.5925,,,,,,,,,,,,0.0,0.0,0.0,0.0,0
32.66,-0.3765,0.727,74.5795,-0.5999,-0.9999,74.5911,,,,,,,,,,,,0.0,0.0,0.0,0.0,0
32.68,-0.3765,0.727,74.5795,-0.5999,-0.9999,74.5911,,,,,,,,,,,,0.0,0.0,0.0,0.0,0
32.7,-0.3765,0.727,74.5795,-0.5999,-0.9999,74.5911,,,,,,,,,,,,0.0,0.0,0.0,0.0,0
32.72,-0.3765,0.727,74.5795,-0.5999,-0.9999,74.5911,,,,,,,,,,,,0.0,0.0,0.0,0.0,0
32.74,-0.3765,0.727,74.5795,-0.5999,-0.9999,74.5911,,,,,,,,,,,,0.0,0.0,0.0,0.0,0
32.76,-0.3771,0.7284,74.5728,-0.5999,-1.0066,74.5844,,,,,,,,,,,,0.0,0.0,0.0,0.0,0
32.78,-0.3771,0.7284,74.5728,-0.5999,-1.0066,74.5844,,,,,,,,,,,,0.0,0.0,0.0,0.0,0
32.8,-0.3771,0.7284,74.5728,-0.5999,-1.0066,74.5844,,,,,,,,,,,,0.0,0.0,0.0,0.0,0
32.82,-0.3771,0.7284,74.5728,-0.5999,-1.0066,74.5844,,,,,,,,,,,,0.0,0.0,0.0,0.0,0
32.84,-0.3771,0.7284,74.5728,-0.5999,-1.0066,74.5844,,,,,,,,,,,,0.0,0.0,0.0,0.0,0
32.86,-0.3804,0.7251,74.5707,-0.5999,-1.0234,74.5823,,,,,,,,,,,,0.0,0.0,0.0,0.0,0
32.88,-0.3804,0.7251,74.5707,-0.5999,-1.0234,74.5823,,,,,,,,,,,,0.0,0.0,0.0,0.0,0
32.9,-0.3804,0.7251,74.5707,-0.5999,-1.0234,74.5823,,,,,,,,,,,,0.0,0.0,0.0,0.0,0
32.92,-0.3804,0.7251,74.5707,-0.5999,-1.0234,74.5823,,,,,,,,,,,,0.0,0.0,0.0,0.0,0
32.94,-0.3804,0.7251,74.5707,-0.5999,-1.0234,74.5823,,,,,,,,,,,,0.0,0.0,0.0,0.0,0
32.96,-0.3757,0.726,74.5653,-0.5999,-1.0327,74.5768,,,,,,,,,,,,0.0,0.0,0.0,0.0,0
32.98,-0.3757,0.726,74.5653,-0.5999,-1.0327,74.5768,,,,,,,,,,,,0.0,0.0,0.0,0.0,0
33.0,-0.3757,0.726,74.5653,-0.5999,-1.0327,74.5768,,,,,,,,,,,,0.0,0.0,0.0,0.0,0
33.02,-0.3757,0.726,74.5653,-0.5999,-1.0327,74.5768,,,,,,,,,,,,0.0,0.0,0.0,0.0,0
33.04,-0.3757,0.726,74.5653,-0.5999,-1.0327,74.5768,,,,,,,,,,,,0.0,0.0,0.0,0.0,0
33.06,-0.3735,0.7259,74.5629,-0.5999,-1.0306,74.5744,,,,,,,,,,,,0.0,0.0,0.0,0.0,0
33.08,-0.3735,0.7259,74.5629,-0.5999,-1.0306,74.5744,,,,,,,,,,,,0.0,0.0,0.0,0.0,0
33.1,-0.3735,0.7259,74.5629,-0.5999,-1.0306,74.5744,,,,,,,,,,,,0.0,0.0,0.0,0.0,0
33.12,-0.3735,0.7259,74.5629,-0.5999,-1.0306,74.5744,,,,,,,,,,,,0.0,0.0,0.0,0.0,0
33.14,-0.3735,0.7259,74.5629,-0.5999,-1.0306,74.5744,,,,,,,,,,,,0.0,0.0,0.0,0.0,0
33.16,-0.3701,0.7247,74.5606,-0.5999,-1.0236,74.5719,,,,,,,,,,,,0.0,0.0,0.0,0.0,0
33.18,-0.3701,0.7247,74.5606,-0.5999,-1.0236,74.5719,,,,,,,,,,,,0.0,0.0,0.0,0.0,0
33.2,-0.3701,0.7247,74.5606,-0.5999,-1.0236,74.5719,,,,,,,,,,,,0.0,0.0,0.0,0.0,0
33.22,-0.3701,0.7247,74.5606,-0.5999,-1.0236,74.5719,,,,,,,,,,,,0.0,0.0,0.0,0.0,0
33.24,-0.3701,0.7247,74.5606,-0.5999,-1.0236,74.5719,,,,,,,,,,,,0.0,0.0,0.0,0.0,0
33.26,-0.3691,0.7278,74.5591,-0.5999,-1.0306,74.5704,,,,,,,,,,,,0.0,0.0,0.0,0.0,0
33.28,-0.3691,0.7278,74.5591,-0.5999,-1.0306,74.5704,,,,,,,,,,,,0.0,0.0,0.0,0.0,0
33.3,-0.3691,0.7278,74.5591,-0.5999,-1.0306,74.5704,,,,,,,,,,,,0.0,0.0,0.0,0.0,0
33.32,-0.3691,0.7278,74.5591,-0.5999,-1.0306,74.5704,,,,,,,,,,,,0.0,0.0,0.0,0.0,0
33.34,-0.3691,0.7278,74.5591,-0.5999,-1.0306,74.5704,,,,,,,,,,,,0.0,0.0,0.0,0.0,0
33.36,-0.3688,0.7278,74.5601,-0.6044,-1.0261,74.5714,,,,,,,,,,,,0.0,0.0,0.0,0.0,0
33.38,-0.3688,0.7278,74.5601,-0.6044,-1.0261,74.5714,,,,,,,,,,,,0.0,0.0,0.0,0.0,0
33.4,-0.3688,0.7278,74.5601,-0.6044,-1.0261,74.5714,,,,,,,,,,,,0.0,0.0,0.0,0.0,0
33.42,-0.3688,0.7278,74.5601,-0.6044,-1.0261,74.5714,,,,,,,,,,,,0.0,0.0,0.0,0.0,0
33.44,-0.3688,0.7278,74.5601,-0.6044,-1.0261,74.5714,,,,,,,,,,,,0.0,0.0,0.0,0.0,0
33.46,-0.3678,0.7247,74.5536,-0.6022,-1.0204,74.5649,,,,,,,,,,,,0.0,0.0,0.0,0.0,0
33.48,-0.3678,0.7247,74.5536,-0.6022,-1.0204,74.5649,,,,,,,,,,,,0.0,0.0,0.0,0.0,0
33.5,-0.3678,0.7247,74.5536,-0.6022,-1.0204,74.5649,,,,,,,,,,,,0.0,0.0,0.0,0.0,0
33.52,-0.3678,0.7247,74.5536,-0.6022,-1.0204,74.5649,,,,,,,,,,,,0.0,0.0,0.0,0.0,0
33.54,-0.3678,0.7247,74.5536,-0.6022,-1.0204,74.5649,,,,,,,,,,,,0.0,0.0,0.0,0.0,0
33.56,-0.3643,0.7269,74.5494,-0.6011,-1.0114,74.5606,,,,,,,,,,,,0.0,0.0,0.0,0.0,0
33.58,-0.3643,0.7269,74.5494,-0.6011,-1.0114,74.5606,,,,,,,,,,,,0.0,0.0,0.0,0.0,0
33.6,-0.3643,0.7269,74.5494,-0.6011,-1.0114,74.5606,,,,,,,,,,,,0.0,0.0,0.0,0.0,0
33.62,-0.3643,0.7269,74.5494,-0.6011,-1.0114,74.5606,,,,,,,,,,,,0.0,0.0,0.0,0.0,0
33.64,-0.3643,0.7269,74.5494,-0.6011,-1.0114,74.5606,,,,,,,,,,,,0.0,0.0,0.0,0.0,0
33.66,-0.3645,0.7272,74.5416,-0.6005,-1.0084,74.5527,,,,,,,,,,,,0.0,0.0,0.0,0.0,0
33.68,-0.3645,0.7272,74.5416,-0.6005,-1.0084,74.5527,,,,,,,,,,,,0.0,0.0,0.0,0.0,0
33.7,-0.3645,0.7272,74.5416,-0.6005,-1.0084,74.5527,,,,,,,,,,,,0.0,0.0,0.0,0.0,0
33.72,-0.3645,0.7272,74.5416,-0.6005,-1.0084,74.5527,,,,,,,,,,,,0.0,0.0,0.0,0.0,0
33.74,-0.3645,0.7272,74.5416,-0.6005,-1.0084,74.5527,,,,,,,,,,,,0.0,0.0,0.0,0.0,0
33.76,-0.3687,0.7231,74.5369,-0.6002,-1.01,74.5482,,,,,,,,,,,,0.0,0.0,0.0,0.0,0
33.78,-0.3687,0.7231,74.5369,-0.6002,-1.01,74.5482,,,,,,,,,,,,0.0,0.0,0.0,0.0,0
33.8,-0.3687,0.7231,74.5369,-0.6002,-1.01,74.5482,,,,,,,,,,,,0.0,0.0,0.0,0.0,0
33.82,-0.3687,0.7231,74.5369,-0.6002,-1.01,74.5482,,,,,,,,,,,,0.0,0.0,0.0,0.0,0
33.84,-0.3687,0.7231,74.5369,-0.6002,-1.01,74.5482,,,,,,,,,,,,0.0,0.0,0.0,0.0,0
33.86,-0.3701,0.721,74.5343,-0.6001,-1.0019,74.5456,,,,,,,,,,,,0.0,0.0,0.0,0.0,0
33.88,-0.3701,0.721,74.5343,-0.6001,-1.0019,74.5456,,,,,,,,,,,,0.0,0.0,0.0,0.0,0
33.9,-0.3701,0.721,74.5343,-0.6001,-1.0019,74.5456,,,,,,,,,,,,0.0,0.0,0.0,0.0,0
33.92,-0.3701,0.721,74.5343,-0.6001,-1.0019,74.5456,,,,,,,,,,,,0.0,0.0,0.0,0.0,0
33.94,-0.3701,0.721,74.5343,-0.6001,-1.0019,74.5456,,,,,,,,,,,,0.0,0.0,0.0,0.0,0
33.96,-0.3701,0.7269,74.5375,-0.6,-1.0092,74.5488,,,,,,,,,,,,0.0,0.0,0.0,0.0,0
33.98,-0.3701,0.7269,74.5375,-0.6,-1.0092,74.5488,,,,,,,,,,,,0.0,0.0,0.0,0.0,0
34.0,-0.3701,0.7269,74.5375,-0.6,-1.0092,74.5488,,,,,,,,,,,,0.0,0.0,0.0,0.0,0
34.02,-0.3701,0.7269,74.5375,-0.6,-1.0092,74.5488,,,,,,,,,,,,0.0,0.0,0.0,0.0,0
34.04,-0.3701,0.7269,74.5375,-0.6,-1.0092,74.5488,,,,,,,,,,,,0.0,0.0,0.0,0.0,0
34.06,-0.3656,0.7258,74.5367,-0.5999,-1.021,74.5479,,,,,,,,,,,,0.0,0.0,0.0,0.0,0
34.08,-0.3656,0.7258,74.5367,-0.5999,-1.021,74.5479,,,,,,,,,,,,0.0,0.0,0.0,0.0,0
34.1,-0.3656,0.7258,74.5367,-0.5999,-1.021,74.5479,,,,,,,,,,,,0.0,0.0,0.0,0.0,0
34.12,-0.3656,0.7258,74.5367,-0.5999,-1.021,74.5479,,,,,,,,,,,,0.0,0.0,0.0,0.0,0
34.14,-0.3656,0.7258,74.5367,-0.5999,-1.021,74.5479,,,,,,,,,,,,0.0,0.0,0.0,0.0,0
34.16,-0.3622,0.721,74.542,-0.5999,-1.028,74.5531,,,,,,,,,,,,0.0,0.0,0.0,0.0,0
34.18,-0.3622,0.721,74.542,-0.5999,-1.028,74.5531,,,,,,,,,,,,0.0,0.0,0.0,0.0,0
34.2,-0.3622,0.721,74.542,-0.5999,-1.028,74.5531,,,,,,,,,,,,0.0,0.0,0.0,0.0,0
34.22,-0.3622,0.721,74.542,-0.5999,-1.028,74.5531,,,,,,,,,,,,0.0,0.0,0.0,0.0,0
34.24,-0.3622,0.721,74.542,-0.5999,-1.028,74.5531,,,,,,,,,,,,0.0,0.0,0.0,0.0,0
34.26,-0.3608,0.7188,74.5427,-0.5999,-1.0116,74.5537,,,,,,,,,,,,0.0,0.0,0.0,0.0,0
34.28,-0.3608,0.7188,74.5427,-0.5999,-1.0116,74.5537,,,,,,,,,,,,0.0,0.0,0.0,0.0,0
34.3,-0.3608,0.7188,74.5427,-0.5999,-1.0116,74.5537,,,,,,,,,,,,0.0,0.0,0.0,0.0,0
34.32,-0.3608,0.7188,74.5427,-0.5999,-1.0116,74.5537,,,,,,,,,,,,0.0,0.0,0.0,0.0,0
34.34,-0.3608,0.7188,74.5427,-0.5999,-1.0116,74.5537,,,,,,,,,,,,0.0,0.0,0.0,0.0,0
34.36,-0.3595,0.7192,74.5409,-0.5999,-1.0128,74.5518,,,,,,,,,,,,0.0,0.0,0.0,0.0,0
34.38,-0.3595,0.7192,74.5409,-0.5999,-1.0128,74.5518,,,,,,,,,,,,0.0,0.0,0.0,0.0,0
34.4,-0.3595,0.7192,74.5409,-0.5999,-1.0128,74.5518,,,,,,,,,,,,0.0,0.0,0.0,0.0,0
34.42,-0.3595,0.7192,74.5409,-0.5999,-1.0128,74.5518,,,,,,,,,,,,0.0,0.0,0.0,0.0,0
34.44,-0.3595,0.7192,74.5409,-0.5999,-1.0128,74.5518,,,,,,,,,,,,0.0,0.0,0.0,0.0,0
34.46,-0.3588,0.7178,74.5451,-0.5999,-1.0092,74.5561,,,,,,,,,,,,0.0,0.0,0.0,0.0,0
34.48,-0.3588,0.7178,74.5451,-0.5999,-1.0092,74.5561,,,,,,,,,,,,0.0,0.0,0.0,0.0,0
34.5,-0.3588,0.7178,74.5451,-0.5999,-1.0092,74.5561,,,,,,,,,,,,0.0,0.0,0.0,0.0,0
34.52,-0.3588,0.7178,74.5451,-0.5999,-1.0092,74.5561,,,,,,,,,,,,0.0,0.0,0.0,0.0,0
34.54,-0.3588,0.7178,74.5451,-0.5999,-1.0092,74.5561,,,,,,,,,,,,0.0,0.0,0.0,0.0,0
34.56,-0.3574,0.7188,74.5498,-0.5999,-1.0127,74.5608,,,,,,,,,,,,0.0,0.0,0.0,0.0,0
34.58,-0.3574,0.7188,74.5498,-0.5999,-1.0127,74.5608,,,,,,,,,,,,0.0,0.0,0.0,0.0,0
34.6,-0.3574,0.7188,74.5498,-0.5999,-1.0127,74.5608,,,,,,,,,,,,0.0,0.0,0.0,0.0,0
34.62,-0.3574,0.7188,74.5498,-0.5999,-1.0127,74.5608,,,,,,,,,,,,0.0,0.0,0.0,0.0,0
34.64,-0.3574,0.7188,74.5498,-0.5999,-1.0127,74.5608,,,,,,,,,,,,0.0,0.0,0.0,0.0,0
34.66,-0.3551,0.7164,74.5488,-0.5999,-1.0235,74.5597,,,,,,,,,,,,0.0,0.0,0.0,0.0,0
34.68,-0.3551,0.7164,74.5488,-0.5999,-1.0235,74.5597,,,,,,,,,,,,0.0,0.0,0.0,0.0,0
34.7,-0.3551,0.7164,74.5488,-0.5999,-1.0235,74.5597,,,,,,,,,,,,0.0,0.0,0.0,0.0,0
34.72,-0.3551,0.7164,74.5488,-0.5999,-1.0235,74.5597,,,,,,,,,,,,0.0,0.0,0.0,0.0,0
34.74,-0.3551,0.7164,74.5488,-0.5999,-1.0235,74.5597,,,,,,,,,,,,0.0,0.0,0.0,0.0,0
34.76,-0.3523,0.7139,74.5489,-0.5999,-1.0232,74.5597,,,,,,,,,,,,0.0,0.0,0.0,0.0,0
34.78,-0.3523,0.7139,74.5489,-0.5999,-1.0232,74.5597,,,,,,,,,,,,0.0,0.0,0.0,0.0,0
34.8,-0.3523,0.7139,74.5489,-0.5999,-1.0232,74.5597,,,,,,,,,,,,0.0,0.0,0.0,0.0,0
34.82,-0.3523,0.7139,74.5489,-0.5999,-1.0232,74.5597,,,,,,,,,,,,0.0,0.0,0.0,0.0,0
34.84,-0.3523,0.7139,74.5489,-0.5999,-1.0232,74.5597,,,,,,,,,,,,0.0,0.0,0.0,0.0,0
34.86,-0.3475,0.7146,74.5505,-0.5999,-1.0114,74.5612,,,,,,,,,,,,0.0,0.0,0.0,0.0,0
34.88,-0.3475,0.7146,74.5505,-0.5999,-1.0114,74.5612,,,,,,,,,,,,0.0,0.0,0.0,0.0,0
34.9,-0.3475,0.7146,74.5505,-0.5999,-1.0114,74.5612,,,,,,,,,,,,0.0,0.0,0.0,0.0,0
34.92,-0.3475,0.7146,74.5505,-0.5999,-1.0114,74.5612,,,,,,,,,,,,0.0,0.0,0.0,0.0,0
34.94,-0.3475,0.7146,74.5505,-0.5999,-1.0114,74.5612,,,,,,,,,,,,0.0,0.0,0.0,0.0,0
34.96,-0.3499,0.7132,74.5447,-0.6031,-1.0098,74.5554,,,,,,,,,,,,0.0,0.0,0.0,0.0,0
34.98,-0.3499,0.7132,74.5447,-0.6031,-1.0098,74.5554,,,,,,,,,,,,0.0,0.0,0.0,0.0,0
35.0,-0.3499,0.7132,74.5447,-0.6031,-1.0098,74.5554,,,,,,,,,,,,0.0,0.0,0.0,0.0,0
35.02,-0.3499,0.7132,74.5447,-0.6031,-1.0098,74.5554,,,,,,,,,,,,0.0,0.0,0.0,0.0,0
35.04,-0.3499,0.7132,74.5447,-0.6031,-1.0098,74.5554,,,,,,,,,,,,0.0,0.0,0.0,0.0,0
35.06,-0.3495,0.7146,74.5421,-0.6015,-1.0017,74.5528,,,,,,,,,,,,0.0,0.0,0.0,0.0,0
35.08,-0.3495,0.7146,74.5421,-0.6015,-1.0017,74.5528,,,,,,,,,,,,0.0,0.0,0.0,0.0,0
35.1,-0.3495,0.7146,74.5421,-0.6015,-1.0017,74.5528,,,,,,,,,,,,0.0,0.0,0.0,0.0,0
35.12,-0.3495,0.7146,74.5421,-0.6015,-1.0017,74.5528,,,,,,,,,,,,0.0,0.0,0.0,0.0,0
35.14,-0.3495,0.7146,74.5421,-0.6015,-1.0017,74.5528,,,,,,,,,,,,0.0,0.0,0.0,0.0,0
35.16,-0.3488,0.714,74.5423,-0.6007,-1.0019,74.553,,,,,,,,,,,,0.0,0.0,0.0,0.0,0
35.18,-0.3488,0.714,74.5423,-0.6007,-1.0019,74.553,,,,,,,,,,,,0.0,0.0,0.0,0.0,0
35.2,-0.3488,0.714,74.5423,-0.6007,-1.0019,74.553,,,,,,,,,,,,0.0,0.0,0.0,0.0,0
35.22,-0.3488,0.714,74.5423,-0.6007,-1.0019,74.553,,,,,,,,,,,,0.0,0.0,0.0,0.0,0
35.24,-0.3488,0.714,74.5423,-0.6007,-1.0019,74.553,,,,,,,,,,,,0.0,0.0,0.0,0.0,0
35.26,-0.3465,0.7152,74.5428,-0.6003,-1.0026,74.5535,,,,,,,,,,,,0.0,0.0,0.0,0.0,0
35.28,-0.3465,0.7152,74.5428,-0.6003,-1.0026,74.5535,,,,,,,,,,,,0.0,0.0,0.0,0.0,0
35.3,-0.3465,0.7152,74.5428,-0.6003,-1.0026,74.5535,,,,,,,,,,,,0.0,0.0,0.0,0.0,0
35.32,-0.3465,0.7152,74.5428,-0.6003,-1.0026,74.5535,,,,,,,,,,,,0.0,0.0,0.0,0.0,0
35.34,-0.3465,0.7152,74.5428,-0.6003,-1.0026,74.5535,,,,,,,,,,,,0.0,0.0,0.0,0.0,0
35.36,-0.3471,0.7163,74.5465,-0.6001,-1.005,74.5571,,,,,,,,,,,,0.0,0.0,0.0,0.0,0
35.38,-0.3471,0.7163,74.5465,-0.6001,-1.005,74.5571,,,,,,,,,,,,0.0,0.0,0.0,0.0,0
35.4,-0.3471,0.7163,74.5465,-0.6001,-1.005,74.5571,,,,,,,,,,,,0.0,0.0,0.0,0.0,0
35.42,-0.3471,0.7163,74.5465,-0.6001,-1.005,74.5571,,,,,,,,,,,,0.0,0.0,0.0,0.0,0
35.44,-0.3471,0.7163,74.5465,-0.6001,-1.005,74.5571,,,,,,,,,,,,0.0,0.0,0.0,0.0,0
35.46,-0.3447,0.7179,74.5489,-0.6,-1.0178,74.5594,,,,,,,,,,,,0.0,0.0,0.0,0.0,0
35.48,-0.3447,0.7179,74.5489,-0.6,-1.0178,74.5594,,,,,,,,,,,,0.0,0.0,0.0,0.0,0
35.5,-0.3447,0.7179,74.5489,-0.6,-1.0178,74.5594,,,,,,,,,,,,0.0,0.0,0.0,0.0,0
35.52,-0.3447,0.7179,74.5489,-0.6,-1.0178,74.5594,,,,,,,,,,,,0.0,0.0,0.0,0.0,0
35.54,-0.3447,0.7179,74.5489,-0.6,-1.0178,74.5594,,,,,,,,,,,,0.0,0.0,0.0,0.0,0
35.56,-0.346,0.7169,74.549,-0.6,-1.0204,74.5596,,,,,,,,,,,,0.0,0.0,0.0,0.0,0
35.58,-0.346,0.7169,74.549,-0.6,-1.0204,74.5596,,,,,,,,,,,,0.0,0.0,0.0,0.0,0
35.6,-0.346,0.7169,74.549,-0.6,-1.0204,74.5596,,,,,,,,,,,,0.0,0.0,0.0,0.0,0
35.62,-0.346,0.7169,74.549,-0.6,-1.0204,74.5596,,,,,,,,,,,,0.0,0.0,0.0,0.0,0
35.64,-0.346,0.7169,74.549,-0.6,-1.0204,74.5596,,,,,,,,,,,,0.0,0.0,0.0,0.0,0
35.66,-0.3426,0.7171,74.5473,-2.4019,-1.0368,74.5578,,,,,,,,,,,,0.0,0.0,0.0,0.0,0
35.68,-0.3426,0.7171,74.5473,-2.4019,-1.0368,74.5578,,,,,,,,,,,,0.0,0.0,0.0,0.0,0
35.7,-0.3426,0.7171,74.5473,-2.4019,-1.0368,74.5578,,,,,,,,,,,,0.0,0.0,0.0,0.0,0
35.72,-0.3426,0.7171,74.5473,-2.4019,-1.0368,74.5578,,,,,,,,,,,,0.0,0.0,0.0,0.0,0
35.74,-0.3426,0.7171,74.5473,-2.4019,-1.0368,74.5578,,,,,,,,,,,,0.0,0.0,0.0,0.0,0
35.76,-0.3422,0.7173,74.5469,-1.5433,-1.0481,74.5574,,,,,,,,,,,,0.0,0.0,0.0,0.0,0
35.78,-0.3422,0.7173,74.5469,-1.5433,-1.0481,74.5574,,,,,,,,,,,,0.0,0.0,0.0,0.0,0
35.8,-0.3422,0.7173,74.5469,-1.5433,-1.0481,74.5574,,,,,,,,,,,,0.0,0.0,0.0,0.0,0
35.82,-0.3422,0.7173,74.5469,-1.5433,-1.0481,74.5574,,,,,,,,,,,,0.0,0.0,0.0,0.0,0
35.84,-0.3422,0.7173,74.5469,-1.5433,-1.0481,74.5574,,,,,,,,,,,,0.0,0.0,0.0,0.0,0
35.86,-0.3366,0.7126,74.5432,-1.0815,-1.054,74.5535,,,,,,,,,,,,0.0,0.0,0.0,0.0,0
35.88,-0.3366,0.7126,74.5432,-1.0815,-1.054,74.5535,,,,,,,,,,,,0.0,0.0,0.0,0.0,0
35.9,-0.3366,0.7126,74.5432,-1.0815,-1.054,74.5535,,,,,,,,,,,,0.0,0.0,0.0,0.0,0
35.92,-0.3366,0.7126,74.5432,-1.0815,-1.054,74.5535,,,,,,,,,,,,0.0,0.0,0.0,0.0,0
35.94,-0.3366,0.7126,74.5432,-1.0815,-1.054,74.5535,,,,,,,,,,,,0.0,0.0,0.0,0.0,0
35.96,-0.3342,0.7069,74.5461,-0.8458,-1.0569,74.5563,,,,,,,,,,,,0.0,0.0,0.0,0.0,0
35.98,-0.3342,0.7069,74.5461,-0.8458,-1.0569,74.5563,,,,,,,,,,,,0.0,0.0,0.0,0.0,0
36.0,-0.3342,0.7069,74.5461,-0.8458,-1.0569,74.5563,,,,,,,,,,,,0.0,0.0,0.0,0.0,0
36.02,-0.3342,0.7069,74.5461,-0.8458,-1.0569,74.5563,,,,,,,,,,,,0.0,0.0,0.0,0.0,0
36.04,-0.3342,0.7069,74.5461,-0.8458,-1.0569,74.5563,,,,,,,,,,,,0.0,0.0,0.0,0.0,0
36.06,-0.3326,0.7069,74.5453,-0.7254,-1.0584,74.5555,,,,,,,,,,,,0.0,0.0,0.0,0.0,0
36.08,-0.3326,0.7069,74.5453,-0.7254,-1.0584,74.5555,,,,,,,,,,,,0.0,0.0,0.0,0.0,0
36.1,-0.3326,0.7069,74.5453,-0.7254,-1.0584,74.5555,,,,,,,,,,,,0.0,0.0,0.0,0.0,0
36.12,-0.3326,0.7069,74.5453,-0.7254,-1.0584,74.5555,,,,,,,,,,,,0.0,0.0,0.0,0.0,0
36.14,-0.3326,0.7069,74.5453,-0.7254,-1.0584,74.5555,,,,,,,,,,,,0.0,0.0,0.0,0.0,0
36.16,-0.3295,0.704,74.5408,-0.664,-1.0592,74.5509,,,,,,,,,,,,0.0,0.0,0.0,0.0,0
36.18,-0.3295,0.704,74.5408,-0.664,-1.0592,74.5509,,,,,,,,,,,,0.0,0.0,0.0,0.0,0
36.2,-0.3295,0.704,74.5408,-0.664,-1.0592,74.5509,,,,,,,,,,,,0.0,0.0,0.0,0.0,0
36.22,-0.3295,0.704,74.5408,-0.664,-1.0592,74.5509,,,,,,,,,,,,0.0,0.0,0.0,0.0,0
36.24,-0.3295,0.704,74.5408,-0.664,-1.0592,74.5509,,,,,,,,,,,,0.0,0.0,0.0,0.0,0
36.26,-0.3252,0.7016,74.5409,-0.6326,-1.0596,74.5508,,,,,,,,,,,,0.0,0.0,0.0,0.0,0
36.28,-0.3252,0.7016,74.5409,-0.6326,-1.0596,74.5508,,,,,,,,,,,,0.0,0.0,0.0,0.0,0
36.3,-0.3252,0.7016,74.5409,-0.6326,-1.0596,74.5508,,,,,,,,,,,,0.0,0.0,0.0,0.0,0
36.32,-0.3252,0.7016,74.5409,-0.6326,-1.0596,74.5508,,,,,,,,,,,,0.0,0.0,0.0,0.0,0
36.34,-0.3252,0.7016,74.5409,-0.6326,-1.0596,74.5508,,,,,,,,,,,,0.0,0.0,0.0,0.0,0
36.36,-0.3208,0.7031,74.5381,-0.6166,-1.0598,74.5479,,,,,,,,,,,,0.0,0.0,0.0,0.0,0
36.38,-0.3208,0.7031,74.5381,-0.6166,-1.0598,74.5479,,,,,,,,,,,,0.0,0.0,0.0,0.0,0
36.4,-0.3208,0.7031,74.5381,-0.6166,-1.0598,74.5479,,,,,,,,,,,,0.0,0.0,0.0,0.0,0
36.42,-0.3208,0.7031,74.5381,-0.6166,-1.0598,74.5479,,,,,,,,,,,,0.0,0.0,0.0,0.0,0
36.44,-0.3208,0.7031,74.5381,-0.6166,-1.0598,74.5479,,,,,,,,,,,,0.0,0.0,0.0,0.0,0
36.46,-0.3203,0.7032,74.5342,-0.6128,-1.0599,74.544,,,,,,,,,,,,0.0,0.0,0.0,0.0,0
36.48,-0.3203,0.7032,74.5342,-0.6128,-1.0599,74.544,,,,,,,,,,,,0.0,0.0,0.0,0.0,0
36.5,-0.3203,0.7032,74.5342,-0.6128,-1.0599,74.544,,,,,,,,,,,,0.0,0.0,0.0,0.0,0
36.52,-0.3203,0.7032,74.5342,-0.6128,-1.0599,74.544,,,,,,,,,,,,0.0,0.0,0.0,0.0,0
36.54,-0.3203,0.7032,74.5342,-0.6128,-1.0599,74.544,,,,,,,,,,,,0.0,0.0,0.0,0.0,0
36.56,-0.3183,0.7016,74.5326,-0.6065,-1.0599,74.5423,,,,,,,,,,,,0.0,0.0,0.0,0.0,0
36.58,-0.3183,0.7016,74.5326,-0.6065,-1.0599,74.5423,,,,,,,,,,,,0.0,0.0,0.0,0.0,0
36.6,-0.3183,0.7016,74.5326,-0.6065,-1.0599,74.5423,,,,,,,,,,,,0.0,0.0,0.0,0.0,0
36.62,-0.3183,0.7016,74.5326,-0.6065,-1.0599,74.5423,,,,,,,,,,,,0.0,0.0,0.0,0.0,0
36.64,-0.3183,0.7016,74.5326,-0.6065,-1.0599,74.5423,,,,,,,,,,,,0.0,0.0,0.0,0.0,0
36.66,-0.3156,0.7063,74.5304,-0.6033,-1.06,74.54,,,,,,,,,,,,0.0,0.0,0.0,0.0,0
36.68,-0.3156,0.7063,74.5304,-0.6033,-1.06,74.54,,,,,,,,,,,,0.0,0.0,0.0,0.0,0
36.7,-0.3156,0.7063,74.5304,-0.6033,-1.06,74.54,,,,,,,,,,,,0.0,0.0,0.0,0.0,0
36.72,-0.3156,0.7063,74.5304,-0.6033,-1.06,74.54,,,,,,,,,,,,0.0,0.0,0.0,0.0,0
36.74,-0.3156,0.7063,74.5304,-0.6033,-1.06,74.54,,,,,,,,,,,,0.0,0.0,0.0,0.0,0
36.76,-0.3125,0.71,74.5269,-0.6016,-1.06,74.5365,,,,,,,,,,,,0.0,0.0,0.0,0.0,0
36.78,-0.3125,0.71,74.5269,-0.6016,-1.06,74.5365,,,,,,,,,,,,0.0,0.0,0.0,0.0,0
36.8,-0.3125,0.71,74.5269,-0.6016,-1.06,74.5365,,,,,,,,,,,,0.0,0.0,0.0,0.0,0
36.82,-0.3125,0.71,74.5269,-0.6016,-1.06,74.5365,,,,,,,,,,,,0.0,0.0,0.0,0.0,0
36.84,-0.3125,0.71,74.5269,-0.6016,-1.06,74.5365,,,,,,,,,,,,0.0,0.0,0.0,0.0,0
36.86,-0.3093,0.7103,74.5235,-0.6008,-1.06,74.5329,,,,,,,,,,,,0.0,0.0,0.0,0.0,0
36.88,-0.3093,0.7103,74.5235,-0.6008,-1.06,74.5329,,,,,,,,,,,,0.0,0.0,0.0,0.0,0
36.9,-0.3093,0.7103,74.5235,-0.6008,-1.06,74.5329,,,,,,,,,,,,0.0,0.0,0.0,0.0,0
36.92,-0.3093,0.7103,74.5235,-0.6008,-1.06,74.5329,,,,,,,,,,,,0.0,0.0,0.0,0.0,0
36.94,-0.3093,0.7103,74.5235,-0.6008,-1.06,74.5329,,,,,,,,,,,,0.0,0.0,0.0,0.0,0
36.96,-0.3086,0.7071,74.5181,-0.6003,-1.06,74.5275,,,,,,,,,,,,0.0,0.0,0.0,0.0,0
36.98,-0.3086,0.7071,74.5181,-0.6003,-1.06,74.5275,,,,,,,,,,,,0.0,0.0,0.0,0.0,0
37.0,-0.3086,0.7071,74.5181,-0.6003,-1.06,74.5275,,,,,,,,,,,,0.0,0.0,0.0,0.0,0
37.02,-0.3086,0.7071,74.5181,-0.6003,-1.06,74.5275,,,,,,,,,,,,0.0,0.0,0.0,0.0,0
37.04,-0.3086,0.7071,74.5181,-0.6003,-1.06,74.5275,,,,,,,,,,,,0.0,0.0,0.0,0.0,0
37.06,-0.308,0.7067,74.5172,-0.6003,-1.06,74.5267,,,,,,,,,,,,0.0,0.0,0.0,0.0,3
37.08,-0.308,0.7067,74.5172,-0.6003,-1.06,74.5267,,,,,,,,,,,,0.0,0.0,0.0,0.0,3
37.1,-0.308,0.7067,74.5172,-0.6003,-1.06,74.5267,,,,,,,,,,,,0.0,0.0,0.0,0.0,3
37.12,-0.308,0.7067,74.5172,-0.6003,-1.06,74.5267,,,,,,,,,,,,0.0,0.0,0.0,0.0,3
37.14,-0.308,0.7067,74.5172,-0.6003,-1.06,74.5267,,,,,,,,,,,,0.0,0.0,0.0,0.0,3
37.16,-0.3027,0.7083,74.5148,-0.3133,-0.5581,74.5241,,,,,,,,,,,,0.0,0.0,0.0,0.0,3
37.18,-0.3027,0.7083,74.5148,-0.3133,-0.5581,74.5241,,,,,,,,,,,,0.0,0.0,0.0,0.0,3
37.2,-0.3027,0.7083,74.5148,-0.3133,-0.5581,74.5241,,,,,,,,,,,,0.0,0.0,0.0,0.0,3
37.22,-0.3027,0.7083,74.5148,-0.3133,-0.5581,74.5241,,,,,,,,,,,,0.0,0.0,0.0,0.0,3
37.24,-0.3027,0.7083,74.5148,-0.3133,-0.5581,74.5241,,,,,,,,,,,,0.0,0.0,0.0,0.0,3
37.26,-0.3002,0.7085,74.5159,-0.16,-0.2849,74.5251,,,,,,,,,,,,0.0,0.0,0.0,0.0,3
37.28,-0.3002,0.7085,74.5159,-0.16,-0.2849,74.5251,,,,,,,,,,,,0.0,0.0,0.0,0.0,3
37.3,-0.3002,0.7085,74.5159,-0.16,-0.2849,74.5251,,,,,,,,,,,,0.0,0.0,0.0,0.0,3
37.32,-0.3002,0.7085,74.5159,-0.16,-0.2849,74.5251,,,,,,,,,,,,0.0,0.0,0.0,0.0,3
37.34,-0.3002,0.7085,74.5159,-0.16,-0.2849,74.5251,,,,,,,,,,,,0.0,0.0,0.0,0.0,3
37.36,-0.2962,0.7098,74.5196,-0.0817,-0.1455,74.5286,,,,,,,,,,,,0.0,0.0,0.0,0.0,3
37.38,-0.2962,0.7098,74.5196,-0.0817,-0.1455,74.5286,,,,,,,,,,,,0.0,0.0,0.0,0.0,3
37.4,-0.2962,0.7098,74.5196,-0.0817,-0.1455,74.5286,,,,,,,,,,,,0.0,0.0,0.0,0.0,3
37.42,-0.2962,0.7098,74.5196,-0.0817,-0.1455,74.5286,,,,,,,,,,,,0.0,0.0,0.0,0.0,3
37.44,-0.2962,0.7098,74.5196,-0.0817,-0.1455,74.5286,,,,,,,,,,,,0.0,0.0,0.0,0.0,3
37.46,-0.2944,0.7099,74.5226,-0.0417,-0.0743,74.5316,,,,,,,,,,,,0.0,0.0,0.0,0.0,3
37.48,-0.2944,0.7099,74.5226,-0.0417,-0.0743,74.5316,,,,,,,,,,,,0.0,0.0,0.0,0.0,3
37.5,-0.2944,0.7099,74.5226,-0.0417,-0.0743,74.5316,,,,,,,,,,,,0.0,0.0,0.0,0.0,3
37.52,-0.2944,0.7099,74.5226,-0.0417,-0.0743,74.5316,,,,,,,,,,,,0.0,0.0,0.0,0.0,3
37.54,-0.2944,0.7099,74.5226,-0.0417,-0.0743,74.5316,,,,,,,,,,,,0.0,0.0,0.0,0.0,3
37.56,-0.2897,0.7043,74.521,-0.0213,-0.0379,74.5299,,,,,,,,,,,,0.0,0.0,0.0,0.0,3
37.58,-0.2897,0.7043,74.521,-0.0213,-0.0379,74.5299,,,,,,,,,,,,0.0,0.0,0.0,0.0,3
37.6,-0.2897,0.7043,74.521,-0.0213,-0.0379,74.5299,,,,,,,,,,,,0.0,0.0,0.0,0.0,3
37.62,-0.2897,0.7043,74.521,-0.0213,-0.0379,74.5299,,,,,,,,,,,,0.0,0.0,0.0,0.0,3
37.64,-0.2897,0.7043,74.521,-0.0213,-0.0379,74.5299,,,,,,,,,,,,0.0,0.0,0.0,0.0,3
37.66,-0.288,0.7002,74.5215,-0.0109,-0.0194,74.5303,,,,,,,,,,,,0.0,0.0,0.0,0.0,3
37.68,-0.288,0.7002,74.5215,-0.0109,-0.0194,74.5303,,,,,,,,,,,,0.0,0.0,0.0,0.0,3
37.7,-0.288,0.7002,74.5215,-0.0109,-0.0194,74.5303,,,,,,,,,,,,0.0,0.0,0.0,0.0,3
37.72,-0.288,0.7002,74.5215,-0.0109,-0.0194,74.5303,,,,,,,,,,,,0.0,0.0,0.0,0.0,3
37.74,-0.288,0.7002,74.5215,-0.0109,-0.0194,74.5303,,,,,,,,,,,,0.0,0.0,0.0,0.0,3
37.76,-0.2847,0.7005,74.5192,-0.0055,-0.0099,74.528,,,,,,,,,,,,0.0,0.0,0.0,0.0,3
37.78,-0.2847,0.7005,74.5192,-0.0055,-0.0099,74.528,,,,,,,,,,,,0.0,0.0,0.0,0.0,3
37.8,-0.2847,0.7005,74.5192,-0.0055,-0.0099,74.528,,,,,,,,,,,,0.0,0.0,0.0,0.0,3
37.82,-0.2847,0.7005,74.5192,-0.0055,-0.0099,74.528,,,,,,,,,,,,0.0,0.0,0.0,0.0,3
37.84,-0.2847,0.7005,74.5192,-0.0055,-0.0099,74.528,,,,,,,,,,,,0.0,0.0,0.0,0.0,3
37.86,-0.2831,0.6983,74.5201,-0.0028,-0.005,74.5287,,,,,,,,,,,,0.0,0.0,0.0,0.0,3
37.88,-0.2831,0.6983,74.5201,-0.0028,-0.005,74.5287,,,,,,,,,,,,0.0,0.0,0.0,0.0,3
37.9,-0.2831,0.6983,74.5201,-0.0028,-0.005,74.5287,,,,,,,,,,,,0.0,0.0,0.0,0.0,3
37.92,-0.2831,0.6983,74.5201,-0.0028,-0.005,74.5287,,,,,,,,,,,,0.0,0.0,0.0,0.0,3
37.94,-0.2831,0.6983,74.5201,-0.0028,-0.005,74.5287,,,,,,,,,,,,0.0,0.0,0.0,0.0,3
37.96,-0.2777,0.6953,74.5163,-0.0014,-0.0026,74.5247,,,,,,,,,,,,0.0,0.0,0.0,0.0,3
37.98,-0.2777,0.6953,74.5163,-0.0014,-0.0026,74.5247,,,,,,,,,,,,0.0,0.0,0.0,0.0,3
38.0,-0.2777,0.6953,74.5163,-0.0014,-0.0026,74.5247,,,,,,,,,,,,0.0,0.0,0.0,0.0,3
38.02,-0.2777,0.6953,74.5163,-0.0014,-0.0026,74.5247,,,,,,,,,,,,0.0,0.0,0.0,0.0,3
38.04,-0.2777,0.6953,74.5163,-0.0014,-0.0026,74.5247,,,,,,,,,,,,0.0,0.0,0.0,0.0,3
38.06,-0.2753,0.6927,74.5131,-0.0007,-0.0013,74.5215,,,,,,,,,,,,0.0,0.0,0.0,0.0,3
38.08,-0.2753,0.6927,74.5131,-0.0007,-0.0013,74.5215,,,,,,,,,,,,0.0,0.0,0.0,0.0,3
38.1,-0.2753,0.6927,74.5131,-0.0007,-0.0013,74.5215,,,,,,,,,,,,0.0,0.0,0.0,0.0,3
38.12,-0.2753,0.6927,74.5131,-0.0007,-0.0013,74.5215,,,,,,,,,,,,0.0,0.0,0.0,0.0,3
38.14,-0.2753,0.6927,74.5131,-0.0007,-0.0013,74.5215,,,,,,,,,,,,0.0,0.0,0.0,0.0,3
38.16,-0.2765,0.6891,74.5114,-0.0004,-0.0007,74.5198,,,,,,,,,,,,0.0,0.0,0.0,0.0,3
38.18,-0.2765,0.6891,74.5114,-0.0004,-0.0007,74.5198,,,,,,,,,,,,0.0,0.0,0.0,0.0,3
38.2,-0.2765,0.6891,74.5114,-0.0004,-0.0007,74.5198,,,,,,,,,,,,0.0,0.0,0.0,0.0,3
38.22,-0.2765,0.6891,74.5114,-0.0004,-0.0007,74.5198,,,,,,,,,,,,0.0,0.0,0.0,0.0,3
38.24,-0.2765,0.6891,74.5114,-0.0004,-0.0007,74.5198,,,,,,,,,,,,0.0,0.0,0.0,0.0,3
38.26,-0.274,0.6877,74.5081,-0.0002,-0.0004,74.5165,,,,,,,,,,,,0.0,0.0,0.0,0.0,3
38.28,-0.274,0.6877,74.5081,-0.0002,-0.0004,74.5165,,,,,,,,,,,,0.0,0.0,0.0,0.0,3
38.3,-0.274,0.6877,74.5081,-0.0002,-0.0004,74.5165,,,,,,,,,,,,0.0,0.0,0.0,0.0,3
38.32,-0.274,0.6877,74.5081,-0.0002,-0.0004,74.5165,,,,,,,,,,,,0.0,0.0,0.0,0.0,3
38.34,-0.274,0.6877,74.5081,-0.0002,-0.0004,74.5165,,,,,,,,,,,,0.0,0.0,0.0,0.0,3
38.36,-0.2714,0.6846,74.5109,-0.0002,-0.0004,74.5192,,,,,,,,,,,,0.0,0.0,0.0,0.0,3
38.38,-0.2714,0.6846,74.5109,-0.0002,-0.0004,74.5192,,,,,,,,,,,,0.0,0.0,0.0,0.0,3
38.4,-0.2714,0.6846,74.5109,-0.0002,-0.0004,74.5192,,,,,,,,,,,,0.0,0.0,0.0,0.0,3
38.42,-0.2714,0.6846,74.5109,-0.0002,-0.0004,74.5192,,,,,,,,,,,,0.0,0.0,0.0,0.0,3
38.44,-0.2714,0.6846,74.5109,-0.0002,-0.0004,74.5192,,,,,,,,,,,,0.0,0.0,0.0,0.0,3
38.46,-0.268,0.6812,74.5096,-0.0002,-0.0004,74.5178,,,,,,,,,,,,0.0,0.0,0.0,0.0,3
38.48,-0.268,0.6812,74.5096,-0.0002,-0.0004,74.5178,,,,,,,,,,,,0.0,0.0,0.0,0.0,3
38.5,-0.268,0.6812,74.5096,-0.0002,-0.0004,74.5178,,,,,,,,,,,,0.0,0.0,0.0,0.0,3
38.52,-0.268,0.6812,74.5096,-0.0002,-0.0004,74.5178,,,,,,,,,,,,0.0,0.0,0.0,0.0,3
38.54,-0.268,0.6812,74.5096,-0.0002,-0.0004,74.5178,,,,,,,,,,,,0.0,0.0,0.0,0.0,3
38.56,-0.2658,0.6802,74.5013,-0.0002,-0.0004,74.5094,,,,,,,,,,,,0.0,0.0,0.0,0.0,3
38.58,-0.2658,0.6802,74.5013,-0.0002,-0.0004,74.5094,,,,,,,,,,,,0.0,0.0,0.0,0.0,3
38.6,-0.2658,0.6802,74.5013,-0.0002,-0.0004,74.5094,,,,,,,,,,,,0.0,0.0,0.0,0.0,3
38.62,-0.2658,0.6802,74.5013,-0.0002,-0.0004,74.5094,,,,,,,,,,,,0.0,0.0,0.0,0.0,3
38.64,-0.2658,0.6802,74.5013,-0.0002,-0.0004,74.5094,,,,,,,,,,,,0.0,0.0,0.0,0.0,3
38.66,-0.2654,0.6803,74.503,-0.0002,-0.0004,74.5111,,,,,,,,,,,,0.0,0.0,0.0,0.0,3
38.68,-0.2654,0.6803,74.503,-0.0002,-0.0004,74.5111,,,,,,,,,,,,0.0,0.0,0.0,0.0,3
38.7,-0.2654,0.6803,74.503,-0.0002,-0.0004,74.5111,,,,,,,,,,,,0.0,0.0,0.0,0.0,3
38.72,-0.2654,0.6803,74.503,-0.0002,-0.0004,74.5111,,,,,,,,,,,,0.0,0.0,0.0,0.0,3
38.74,-0.2654,0.6803,74.503,-0.0002,-0.0004,74.5111,,,,,,,,,,,,0.0,0.0,0.0,0.0,3
38.76,-0.263,0.6807,74.4984,-0.0002,-0.0003,74.5064,,,,,,,,,,,,0.0,0.0,0.0,0.0,3
38.78,-0.263,0.6807,74.4984,-0.0002,-0.0003,74.5064,,,,,,,,,,,,0.0,0.0,0.0,0.0,3
38.8,-0.263,0.6807,74.4984,-0.0002,-0.0003,74.5064,,,,,,,,,,,,0.0,0.0,0.0,0.0,3
38.82,-0.263,0.6807,74.4984,-0.0002,-0.0003,74.5064,,,,,,,,,,,,0.0,0.0,0.0,0.0,3
38.84,-0.263,0.6807,74.4984,-0.0002,-0.0003,74.5064,,,,,,,,,,,,0.0,0.0,0.0,0.0,3
38.86,-0.2605,0.6799,74.4956,-0.0002,-0.0003,74.5036,,,,,,,,,,,,0.0,0.0,0.0,0.0,0
38.88,-0.2605,0.6799,74.4956,-0.0002,-0.0003,74.5036,,,,,,,,,,,,0.0,0.0,0.0,0.0,0
38.9,-0.2605,0.6799,74.4956,-0.0002,-0.0003,74.5036,,,,,,,,,,,,0.0,0.0,0.0,0.0,0
38.92,-0.2605,0.6799,74.4956,-0.0002,-0.0003,74.5036,,,,,,,,,,,,0.0,0.0,0.0,0.0,0
38.94,-0.2605,0.6799,74.4956,-0.0002,-0.0003,74.5036,,,,,,,,,,,,0.0,0.0,0.0,0.0,0
38.96,-0.2588,0.682,74.4938,-0.2869,-0.5021,74.5017,,,,,,,,,,,,0.0,0.0,0.0,0.0,0
38.98,-0.2588,0.682,74.4938,-0.2869,-0.5021,74.5017,,,,,,,,,,,,0.0,0.0,0.0,0.0,0
39.0,-0.2588,0.682,74.4938,-0.2869,-0.5021,74.5017,,,,,,,,,,,,0.0,0.0,0.0,0.0,0
39.02,-0.2588,0.682,74.4938,-0.2869,-0.5021,74.5017,,,,,,,,,,,,0.0,0.0,0.0,0.0,0
39.04,-0.2588,0.682,74.4938,-0.2869,-0.5021,74.5017,,,,,,,,,,,,0.0,0.0,0.0,0.0,0
39.06,-0.2583,0.6804,74.4968,-0.4401,-0.7752,74.5047,,,,,,,,,,,,0.0,0.0,0.0,0.0,0
39.08,-0.2583,0.6804,74.4968,-0.4401,-0.7752,74.5047,,,,,,,,,,,,0.0,0.0,0.0,0.0,0
39.1,-0.2583,0.6804,74.4968,-0.4401,-0.7752,74.5047,,,,,,,,,,,,0.0,0.0,0.0,0.0,0
39.12,-0.2583,0.6804,74.4968,-0.4401,-0.7752,74.5047,,,,,,,,,,,,0.0,0.0,0.0,0.0,0
39.14,-0.2583,0.6804,74.4968,-0.4401,-0.7752,74.5047,,,,,,,,,,,,0.0,0.0,0.0,0.0,0
39.16,-0.2546,0.6805,74.4996,-0.5183,-0.9146,74.5074,,,,,,,,,,,,0.0,0.0,0.0,0.0,0
39.18,-0.2546,0.6805,74.4996,-0.5183,-0.9146,74.5074,,,,,,,,,,,,0.0,0.0,0.0,0.0,0
39.2,-0.2546,0.6805,74.4996,-0.5183,-0.9146,74.5074,,,,,,,,,,,,0.0,0.0,0.0,0.0,0
39.22,-0.2546,0.6805,74.4996,-0.5183,-0.9146,74.5074,,,,,,,,,,,,0.0,0.0,0.0,0.0,0
39.24,-0.2546,0.6805,74.4996,-0.5183,-0.9146,74.5074,,,,,,,,,,,,0.0,0.0,0.0,0.0,0
39.26,-0.2525,0.6808,74.4994,-0.5582,-0.9858,74.5072,,,,,,,,,,,,0.0,0.0,0.0,0.0,0
39.28,-0.2525,0.6808,74.4994,-0.5582,-0.9858,74.5072,,,,,,,,,,,,0.0,0.0,0.0,0.0,0
39.3,-0.2525,0.6808,74.4994,-0.5582,-0.9858,74.5072,,,,,,,,,,,,0.0,0.0,0.0,0.0,0
39.32,-0.2525,0.6808,74.4994,-0.5582,-0.9858,74.5072,,,,,,,,,,,,0.0,0.0,0.0,0.0,0
39.34,-0.2525,0.6808,74.4994,-0.5582,-0.9858,74.5072,,,,,,,,,,,,0.0,0.0,0.0,0.0,0
39.36,-0.2495,0.6764,74.5009,-0.5786,-1.0221,74.5086,,,,,,,,,,,,0.0,0.0,0.0,0.0,0
39.38,-0.2495,0.6764,74.5009,-0.5786,-1.0221,74.5086,,,,,,,,,,,,0.0,0.0,0.0,0.0,0
39.4,-0.2495,0.6764,74.5009,-0.5786,-1.0221,74.5086,,,,,,,,,,,,0.0,0.0,0.0,0.0,0
39.42,-0.2495,0.6764,74.5009,-0.5786,-1.0221,74.5086,,,,,,,,,,,,0.0,0.0,0.0,0.0,0
39.44,-0.2495,0.6764,74.5009,-0.5786,-1.0221,74.5086,,,,,,,,,,,,0.0,0.0,0.0,0.0,0
39.46,-0.2452,0.6731,74.5002,-0.589,-1.0406,74.5077,,,,,,,,,,,,0.0,0.0,0.0,0.0,0
39.48,-0.2452,0.6731,74.5002,-0.589,-1.0406,74.5077,,,,,,,,,,,,0.0,0.0,0.0,0.0,0
39.5,-0.2452,0.6731,74.5002,-0.589,-1.0406,74.5077,,,,,,,,,,,,0.0,0.0,0.0,0.0,0
39.52,-0.2452,0.6731,74.5002,-0.589,-1.0406,74.5077,,,,,,,,,,,,0.0,0.0,0.0,0.0,0
39.54,-0.2452,0.6731,74.5002,-0.589,-1.0406,74.5077,,,,,,,,,,,,0.0,0.0,0.0,0.0,0
39.56,-0.2414,0.6719,74.5023,-0.5986,-1.0501,74.5097,,,,,,,,,,,,0.0,0.0,0.0,0.0,0
39.58,-0.2414,0.6719,74.5023,-0.5986,-1.0501,74.5097,,,,,,,,,,,,0.0,0.0,0.0,0.0,0
39.6,-0.2414,0.6719,74.5023,-0.5986,-1.0501,74.5097,,,,,,,,,,,,0.0,0.0,0.0,0.0,0
39.62,-0.2414,0.6719,74.5023,-0.5986,-1.0501,74.5097,,,,,,,,,,,,0.0,0.0,0.0,0.0,0
39.64,-0.2414,0.6719,74.5023,-0.5986,-1.0501,74.5097,,,,,,,,,,,,0.0,0.0,0.0,0.0,0
39.66,-0.2371,0.6704,74.4988,-0.5992,-1.055,74.5061,,,,,,,,,,,,0.0,0.0,0.0,0.0,0
39.68,-0.2371,0.6704,74.4988,-0.5992,-1.055,74.5061,,,,,,,,,,,,0.0,0.0,0.0,0.0,0
39.7,-0.2371,0.6704,74.4988,-0.5992,-1.055,74.5061,,,,,,,,,,,,0.0,0.0,0.0,0.0,0
39.72,-0.2371,0.6704,74.4988,-0.5992,-1.055,74.5061,,,,,,,,,,,,0.0,0.0,0.0,0.0,0
39.74,-0.2371,0.6704,74.4988,-0.5992,-1.055,74.5061,,,,,,,,,,,,0.0,0.0,0.0,0.0,0
39.76,-0.2365,0.6689,74.5014,-0.5996,-1.0574,74.5086,,,,,,,,,,,,0.0,0.0,0.0,0.0,0
39.78,-0.2365,0.6689,74.5014,-0.5996,-1.0574,74.5086,,,,,,,,,,,,0.0,0.0,0.0,0.0,0
39.8,-0.2365,0.6689,74.5014,-0.5996,-1.0574,74.5086,,,,,,,,,,,,0.0,0.0,0.0,0.0,0
39.82,-0.2365,0.6689,74.5014,-0.5996,-1.0574,74.5086,,,,,,,,,,,,0.0,0.0,0.0,0.0,0
39.84,-0.2365,0.6689,74.5014,-0.5996,-1.0574,74.5086,,,,,,,,,,,,0.0,0.0,0.0,0.0,0
39.86,-0.2322,0.6646,74.4989,-0.5997,-1.0587,74.506,,,,,,,,,,,,0.0,0.0,0.0,0.0,0
39.88,-0.2322,0.6646,74.4989,-0.5997,-1.0587,74.506,,,,,,,,,,,,0.0,0.0,0.0,0.0,0
39.9,-0.2322,0.6646,74.4989,-0.5997,-1.0587,74.506,,,,,,,,,,,,0.0,0.0,0.0,0.0,0
39.92,-0.2322,0.6646,74.4989,-0.5997,-1.0587,74.506,,,,,,,,,,,,0.0,0.0,0.0,0.0,0
39.94,-0.2322,0.6646,74.4989,-0.5997,-1.0587,74.506,,,,,,,,,,,,0.0,0.0,0.0,0.0,0
39.96,-0.2275,0.6636,74.4961,-0.5998,-1.0593,74.503,,,,,,,,,,,,0.0,0.0,0.0,0.0,0
39.98,-0.2275,0.6636,74.4961,-0.5998,-1.0593,74.503,,,,,,,,,,,,0.0,0.0,0.0,0.0,0
40.0,-0.2275,0.6636,74.4961,-0.5998,-1.0593,74.503,,,,,,,,,,,,0.0,0.0,0.0,0.0,0
40.02,-0.2275,0.6636,74.4961,-0.5998,-1.0593,74.503,,,,,,,,,,,,0.0,0.0,0.0,0.0,0
40.04,-0.2275,0.6636,74.4961,-0.5998,-1.0593,74.503,,,,,,,,,,,,0.0,0.0,0.0,0.0,0
40.06,-0.225,0.6598,74.4914,-0.5998,-1.0596,74.4982,,,,,,,,,,,,0.0,0.0,0.0,0.0,0
40.08,-0.225,0.6598,74.4914,-0.5998,-1.0596,74.4982,,,,,,,,,,,,0.0,0.0,0.0,0.0,0
40.1,-0.225,0.6598,74.4914,-0.5998,-1.0596,74.4982,,,,,,,,,,,,0.0,0.0,0.0,0.0,0
40.12,-0.225,0.6598,74.4914,-0.5998,-1.0596,74.4982,,,,,,,,,,,,0.0,0.0,0.0,0.0,0
40.14,-0.225,0.6598,74.4914,-0.5998,-1.0596,74.4982,,,,,,,,,,,,0.0,0.0,0.0,0.0,0
40.16,-0.2223,0.6607,74.4915,-0.5998,-1.0596,74.4984,,,,,,,,,,,,0.0,0.0,0.0,0.0,0
40.18,-0.2223,0.6607,74.4915,-0.5998,-1.0596,74.4984,,,,,,,,,,,,0.0,0.0,0.0,0.0,0
40.2,-0.2223,0.6607,74.4915,-0.5998,-1.0596,74.4984,,,,,,,,,,,,0.0,0.0,0.0,0.0,0
40.22,-0.2223,0.6607,74.4915,-0.5998,-1.0596,74.4984,,,,,,,,,,,,0.0,0.0,0.0,0.0,0
40.24,-0.2223,0.6607,74.4915,-0.5998,-1.0596,74.4984,,,,,,,,,,,,0.0,0.0,0.0,0.0,0
40.26,-0.2225,0.6599,74.4925,-0.5998,-1.0596,74.4994,,,,,,,,,,,,0.0,0.0,0.0,0.0,0
40.28,-0.2225,0.6599,74.4925,-0.5998,-1.0596,74.4994,,,,,,,,,,,,0.0,0.0,0.0,0.0,0
40.3,-0.2225,0.6599,74.4925,-0.5998,-1.0596,74.4994,,,,,,,,,,,,0.0,0.0,0.0,0.0,0
40.32,-0.2225,0.6599,74.4925,-0.5998,-1.0596,74.4994,,,,,,,,,,,,0.0,0.0,0.0,0.0,0
40.34,-0.2225,0.6599,74.4925,-0.5998,-1.0596,74.4994,,,,,,,,,,,,0.0,0.0,0.0,0.0,0
40.36,-0.2208,0.6534,74.4902,-0.5998,-1.0596,74.497,,,,,,,,,,,,0.0,0.0,0.0,0.0,0
40.38,-0.2208,0.6534,74.4902,-0.5998,-1.0596,74.497,,,,,,,,,,,,0.0,0.0,0.0,0.0,0
40.4,-0.2208,0.6534,74.4902,-0.5998,-1.0596,74.497,,,,,,,,,,,,0.0,0.0,0.0,0.0,0
40.42,-0.2208,0.6534,74.4902,-0.5998,-1.0596,74.497,,,,,,,,,,,,0.0,0.0,0.0,0.0,0
40.44,-0.2208,0.6534,74.4902,-0.5998,-1.0596,74.497,,,,,,,,,,,,0.0,0.0,0.0,0.0,0
40.46,-0.2214,0.6502,74.4872,-0.5998,-1.0596,74.494,,,,,,,,,,,,0.0,0.0,0.0,0.0,0
40.48,-0.2214,0.6502,74.4872,-0.5998,-1.0596,74.494,,,,,,,,,,,,0.0,0.0,0.0,0.0,0
40.5,-0.2214,0.6502,74.4872,-0.5998,-1.0596,74.494,,,,,,,,,,,,0.0,0.0,0.0,0.0,0
40.52,-0.2214,0.6502,74.4872,-0.5998,-1.0596,74.494,,,,,,,,,,,,0.0,0.0,0.0,0.0,0
40.54,-0.2214,0.6502,74.4872,-0.5998,-1.0596,74.494,,,,,,,,,,,,0.0,0.0,0.0,0.0,0
40.56,-0.2202,0.649,74.4868,-0.5998,-1.0596,74.4935,,,,,,,,,,,,0.0,0.0,0.0,0.0,0
40.58,-0.2202,0.649,74.4868,-0.5998,-1.0596,74.4935,,,,,,,,,,,,0.0,0.0,0.0,0.0,0
40.6,-0.2202,0.649,74.4868,-0.5998,-1.0596,74.4935,,,,,,,,,,,,0.0,0.0,0.0,0.0,0
40.62,-0.2202,0.649,74.4868,-0.5998,-1.0596,74.4935,,,,,,,,,,,,0.0,0.0,0.0,0.0,0
40.64,-0.2202,0.649,74.4868,-0.5998,-1.0596,74.4935,,,,,,,,,,,,0.0,0.0,0.0,0.0,0
40.66,-0.2178,0.6498,74.481,-0.5998,-1.0596,74.4877,,,,,,,,,,,,0.0,0.0,0.0,0.0,0
40.68,-0.2178,0.6498,74.481,-0.5998,-1.0596,74.4877,,,,,,,,,,,,0.0,0.0,0.0,0.0,0
40.7,-0.2178,0.6498,74.481,-0.5998,-1.0596,74.4877,,,,,,,,,,,,0.0,0.0,0.0,0.0,0
40.72,-0.2178,0.6498,74.481,-0.5998,-1.0596,74.4877,,,,,,,,,,,,0.0,0.0,0.0,0.0,0
40.74,-0.2178,0.6498,74.481,-0.5998,-1.0596,74.4877,,,,,,,,,,,,0.0,0.0,0.0,0.0,0
40.76,-0.2181,0.6459,74.4819,-0.5998,-1.0596,74.4886,,,,,,,,,,,,0.0,0.0,0.0,0.0,0
40.78,-0.2181,0.6459,74.4819,-0.5998,-1.0596,74.4886,,,,,,,,,,,,0.0,0.0,0.0,0.0,0
40.8,-0.2181,0.6459,74.4819,-0.5998,-1.0596,74.4886,,,,,,,,,,,,0.0,0.0,0.0,0.0,0
40.82,-0.2181,0.6459,74.4819,-0.5998,-1.0596,74.4886,,,,,,,,,,,,0.0,0.0,0.0,0.0,0
40.84,-0.2181,0.6459,74.4819,-0.5998,-1.0596,74.4886,,,,,,,,,,,,0.0,0.0,0.0,0.0,0
40.86,-0.2159,0.6426,74.4815,-0.5998,-1.0574,74.4881,,,,,,,,,,,,0.0,0.0,0.0,0.0,0
40.88,-0.2159,0.6426,74.4815,-0.5998,-1.0574,74.4881,,,,,,,,,,,,0.0,0.0,0.0,0.0,0
40.9,-0.2159,0.6426,74.4815,-0.5998,-1.0574,74.4881,,,,,,,,,,,,0.0,0.0,0.0,0.0,0
40.92,-0.2159,0.6426,74.4815,-0.5998,-1.0574,74.4881,,,,,,,,,,,,0.0,0.0,0.0,0.0,0
40.94,-0.2159,0.6426,74.4815,-0.5998,-1.0574,74.4881,,,,,,,,,,,,0.0,0.0,0.0,0.0,0
40.96,-0.2155,0.6409,74.4823,-0.5999,-1.0544,74.4889,,,,,,,,,,,,0.0,0.0,0.0,0.0,0
40.98,-0.2155,0.6409,74.4823,-0.5999,-1.0544,74.4889,,,,,,,,,,,,0.0,0.0,0.0,0.0,0
41.0,-0.2155,0.6409,74.4823,-0.5999,-1.0544,74.4889,,,,,,,,,,,,0.0,0.0,0.0,0.0,0
41.02,-0.2155,0.6409,74.4823,-0.5999,-1.0544,74.4889,,,,,,,,,,,,0.0,0.0,0.0,0.0,0
41.04,-0.2155,0.6409,74.4823,-0.5999,-1.0544,74.4889,,,,,,,,,,,,0.0,0.0,0.0,0.0,0
41.06,-0.2148,0.6381,74.4836,-0.5999,-1.0572,74.4902,,,,,,,,,,,,0.0,0.0,0.0,0.0,0
41.08,-0.2148,0.6381,74.4836,-0.5999,-1.0572,74.4902,,,,,,,,,,,,0.0,0.0,0.0,0.0,0
41.1,-0.2148,0.6381,74.4836,-0.5999,-1.0572,74.4902,,,,,,,,,,,,0.0,0.0,0.0,0.0,0
41.12,-0.2148,0.6381,74.4836,-0.5999,-1.0572,74.4902,,,,,,,,,,,,0.0,0.0,0.0,0.0,0
41.14,-0.2148,0.6381,74.4836,-0.5999,-1.0572,74.4902,,,,,,,,,,,,0.0,0.0,0.0,0.0,0
41.16,-0.2078,0.6339,74.4805,-0.6029,-1.0585,74.4868,,,,,,,,,,,,0.0,0.0,0.0,0.0,0
41.18,-0.2078,0.6339,74.4805,-0.6029,-1.0585,74.4868,,,,,,,,,,,,0.0,0.0,0.0,0.0,0
41.2,-0.2078,0.6339,74.4805,-0.6029,-1.0585,74.4868,,,,,,,,,,,,0.0,0.0,0.0,0.0,0
41.22,-0.2078,0.6339,74.4805,-0.6029,-1.0585,74.4868,,,,,,,,,,,,0.0,0.0,0.0,0.0,0
41.24,-0.2078,0.6339,74.4805,-0.6029,-1.0585,74.4868,,,,,,,,,,,,0.0,0.0,0.0,0.0,0
41.26,-0.2057,0.6315,74.482,-0.6014,-1.0593,74.4883,,,,,,,,,,,,0.0,0.0,0.0,0.0,0
41.28,-0.2057,0.6315,74.482,-0.6014,-1.0593,74.4883,,,,,,,,,,,,0.0,0.0,0.0,0.0,0
41.3,-0.2057,0.6315,74.482,-0.6014,-1.0593,74.4883,,,,,,,,,,,,0.0,0.0,0.0,0.0,0
41.32,-0.2057,0.6315,74.482,-0.6014,-1.0593,74.4883,,,,,,,,,,,,0.0,0.0,0.0,0.0,0
41.34,-0.2057,0.6315,74.482,-0.6014,-1.0593,74.4883,,,,,,,,,,,,0.0,0.0,0.0,0.0,0
41.36,-0.1987,0.6279,74.4789,-0.6007,-1.0596,74.485,,,,,,,,,,,,0.0,0.0,0.0,0.0,0
41.38,-0.1987,0.6279,74.4789,-0.6007,-1.0596,74.485,,,,,,,,,,,,0.0,0.0,0.0,0.0,0
41.4,-0.1987,0.6279,74.4789,-0.6007,-1.0596,74.485,,,,,,,,,,,,0.0,0.0,0.0,0.0,0
41.42,-0.1987,0.6279,74.4789,-0.6007,-1.0596,74.485,,,,,,,,,,,,0.0,0.0,0.0,0.0,0
41.44,-0.1987,0.6279,74.4789,-0.6007,-1.0596,74.485,,,,,,,,,,,,0.0,0.0,0.0,0.0,0
41.46,-0.1989,0.6233,74.4738,-0.6003,-1.0598,74.4799,,,,,,,,,,,,0.0,0.0,0.0,0.0,0
41.48,-0.1989,0.6233,74.4738,-0.6003,-1.0598,74.4799,,,,,,,,,,,,0.0,0.0,0.0,0.0,0
41.5,-0.1989,0.6233,74.4738,-0.6003,-1.0598,74.4799,,,,,,,,,,,,0.0,0.0,0.0,0.0,0
41.52,-0.1989,0.6233,74.4738,-0.6003,-1.0598,74.4799,,,,,,,,,,,,0.0,0.0,0.0,0.0,0
41.54,-0.1989,0.6233,74.4738,-0.6003,-1.0598,74.4799,,,,,,,,,,,,0.0,0.0,0.0,0.0,0
41.56,-0.1948,0.6165,74.4702,-0.6003,-1.0598,74.4761,,,,,,,,,,,,0.0,0.0,0.0,0.0,3
41.58,-0.1948,0.6165,74.4702,-0.6003,-1.0598,74.4761,,,,,,,,,,,,0.0,0.0,0.0,0.0,3
41.6,-0.1948,0.6165,74.4702,-0.6003,-1.0598,74.4761,,,,,,,,,,,,0.0,0.0,0.0,0.0,3
41.62,-0.1948,0.6165,74.4702,-0.6003,-1.0598,74.4761,,,,,,,,,,,,0.0,0.0,0.0,0.0,3
41.64,-0.1948,0.6165,74.4702,-0.6003,-1.0598,74.4761,,,,,,,,,,,,0.0,0.0,0.0,0.0,3
41.66,-0.1922,0.6146,74.4647,-0.3133,-0.558,74.4706,,,,,,,,,,,,0.0,0.0,0.0,0.0,3
41.68,-0.1922,0.6146,74.4647,-0.3133,-0.558,74.4706,,,,,,,,,,,,0.0,0.0,0.0,0.0,3
41.7,-0.1922,0.6146,74.4647,-0.3133,-0.558,74.4706,,,,,,,,,,,,0.0,0.0,0.0,0.0,3
41.72,-0.1922,0.6146,74.4647,-0.3133,-0.558,74.4706,,,,,,,,,,,,0.0,0.0,0.0,0.0,3
41.74,-0.1922,0.6146,74.4647,-0.3133,-0.558,74.4706,,,,,,,,,,,,0.0,0.0,0.0,0.0,3
41.76,-0.1908,0.612,74.4641,-0.16,-0.2849,74.4699,,,,,,,,,,,,0.0,0.0,0.0,0.0,3
41.78,-0.1908,0.612,74.4641,-0.16,-0.2849,74.4699,,,,,,,,,,,,0.0,0.0,0.0,0.0,3
41.8,-0.1908,0.612,74.4641,-0.16,-0.2849,74.4699,,,,,,,,,,,,0.0,0.0,0.0,0.0,3
41.82,-0.1908,0.612,74.4641,-0.16,-0.2849,74.4699,,,,,,,,,,,,0.0,0.0,0.0,0.0,3
41.84,-0.1908,0.612,74.4641,-0.16,-0.2849,74.4699,,,,,,,,,,,,0.0,0.0,0.0,0.0,3
41.86,-0.1895,0.6055,74.4683,-0.0817,-0.1454,74.4741,,,,,,,,,,,,0.0,0.0,0.0,0.0,3
41.88,-0.1895,0.6055,74.4683,-0.0817,-0.1454,74.4741,,,,,,,,,,,,0.0,0.0,0.0,0.0,3
41.9,-0.1895,0.6055,74.4683,-0.0817,-0.1454,74.4741,,,,,,,,,,,,0.0,0.0,0.0,0.0,3
41.92,-0.1895,0.6055,74.4683,-0.0817,-0.1454,74.4741,,,,,,,,,,,,0.0,0.0,0.0,0.0,3
41.94,-0.1895,0.6055,74.4683,-0.0817,-0.1454,74.4741,,,,,,,,,,,,0.0,0.0,0.0,0.0,3
41.96,-0.1881,0.5963,74.4744,-0.0417,-0.0743,74.4802,,,,,,,,,,,,0.0,0.0,0.0,0.0,3
41.98,-0.1881,0.5963,74.4744,-0.0417,-0.0743,74.4802,,,,,,,,,,,,0.0,0.0,0.0,0.0,3
42.0,-0.1881,0.5963,74.4744,-0.0417,-0.0743,74.4802,,,,,,,,,,,,0.0,0.0,0.0,0.0,3
42.02,-0.1881,0.5963,74.4744,-0.0417,-0.0743,74.4802,,,,,,,,,,,,0.0,0.0,0.0,0.0,3
42.04,-0.1881,0.5963,74.4744,-0.0417,-0.0743,74.4802,,,,,,,,,,,,0.0,0.0,0.0,0.0,3
42.06,-0.188,0.5951,74.4758,-0.0213,-0.0379,74.4816,,,,,,,,,,,,0.0,0.0,0.0,0.0,3
42.08,-0.188,0.5951,74.4758,-0.0213,-0.0379,74.4816,,,,,,,,,,,,0.0,0.0,0.0,0.0,3
42.1,-0.188,0.5951,74.4758,-0.0213,-0.0379,74.4816,,,,,,,,,,,,0.0,0.0,0.0,0.0,3
42.12,-0.188,0.5951,74.4758,-0.0213,-0.0379,74.4816,,,,,,,,,,,,0.0,0.0,0.0,0.0,3
42.14,-0.188,0.5951,74.4758,-0.0213,-0.0379,74.4816,,,,,,,,,,,,0.0,0.0,0.0,0.0,3
42.16,-0.184,0.5914,74.4762,-0.0109,-0.0194,74.4819,,,,,,,,,,,,0.0,0.0,0.0,0.0,3
42.18,-0.184,0.5914,74.4762,-0.0109,-0.0194,74.4819,,,,,,,,,,,,0.0,0.0,0.0,0.0,3
42.2,-0.184,0.5914,74.4762,-0.0109,-0.0194,74.4819,,,,,,,,,,,,0.0,0.0,0.0,0.0,3
42.22,-0.184,0.5914,74.4762,-0.0109,-0.0194,74.4819,,,,,,,,,,,,0.0,0.0,0.0,0.0,3
42.24,-0.184,0.5914,74.4762,-0.0109,-0.0194,74.4819,,,,,,,,,,,,0.0,0.0,0.0,0.0,3
42.26,-0.1843,0.5892,74.4831,-0.0055,-0.0099,74.4887,,,,,,,,,,,,0.0,0.0,0.0,0.0,3
42.28,-0.1843,0.5892,74.4831,-0.0055,-0.0099,74.4887,,,,,,,,,,,,0.0,0.0,0.0,0.0,3
42.3,-0.1843,0.5892,74.4831,-0.0055,-0.0099,74.4887,,,,,,,,,,,,0.0,0.0,0.0,0.0,3
42.32,-0.1843,0.5892,74.4831,-0.0055,-0.0099,74.4887,,,,,,,,,,,,0.0,0.0,0.0,0.0,3
42.34,-0.1843,0.5892,74.4831,-0.0055,-0.0099,74.4887,,,,,,,,,,,,0.0,0.0,0.0,0.0,3
42.36,-0.1859,0.5876,74.487,-0.0028,-0.005,74.4927,,,,,,,,,,,,0.0,0.0,0.0,0.0,3
42.38,-0.1859,0.5876,74.487,-0.0028,-0.005,74.4927,,,,,,,,,,,,0.0,0.0,0.0,0.0,3
42.4,-0.1859,0.5876,74.487,-0.0028,-0.005,74.4927,,,,,,,,,,,,0.0,0.0,0.0,0.0,0
42.42,-0.1859,0.5876,74.487,-0.0028,-0.005,74.4927,,,,,,,,,,,,0.0,0.0,0.0,0.0,0
42.44,-0.1859,0.5876,74.487,-0.0028,-0.005,74.4927,,,,,,,,,,,,0.0,0.0,0.0,0.0,0
42.46,-0.1853,0.5847,74.4849,-0.2829,-0.495,74.4906,,,,,,,,,,,,0.0,0.0,0.0,0.0,0
42.48,-0.1853,0.5847,74.4849,-0.2829,-0.495,74.4906,,,,,,,,,,,,0.0,0.0,0.0,0.0,0
42.5,-0.1853,0.5847,74.4849,-0.2829,-0.495,74.4906,,,,,,,,,,,,0.0,0.0,0.0,0.0,0
42.52,-0.1853,0.5847,74.4849,-0.2829,-0.495,74.4906,,,,,,,,,,,,0.0,0.0,0.0,0.0,0
42.54,-0.1853,0.5847,74.4849,-0.2829,-0.495,74.4906,,,,,,,,,,,,0.0,0.0,0.0,0.0,0
42.56,-0.1852,0.5788,74.4873,-0.4381,-0.7716,74.493,,,,,,,,,,,,0.0,0.0,0.0,0.0,0
42.58,-0.1852,0.5788,74.4873,-0.4381,-0.7716,74.493,,,,,,,,,,,,0.0,0.0,0.0,0.0,0
42.6,-0.1852,0.5788,74.4873,-0.4381,-0.7716,74.493,,,,,,,,,,,,0.0,0.0,0.0,0.0,0
42.62,-0.1852,0.5788,74.4873,-0.4381,-0.7716,74.493,,,,,,,,,,,,0.0,0.0,0.0,0.0,0
42.64,-0.1852,0.5788,74.4873,-0.4381,-0.7716,74.493,,,,,,,,,,,,0.0,0.0,0.0,0.0,0
42.66,-0.1825,0.5781,74.4885,-0.5214,-0.9127,74.4941,,,,,,,,,,,,0.0,0.0,0.0,0.0,0
42.68,-0.1825,0.5781,74.4885,-0.5214,-0.9127,74.4941,,,,,,,,,,,,0.0,0.0,0.0,0.0,0
42.7,-0.1825,0.5781,74.4885,-0.5214,-0.9127,74.4941,,,,,,,,,,,,0.0,0.0,0.0,0.0,0
42.72,-0.1825,0.5781,74.4885,-0.5214,-0.9127,74.4941,,,,,,,,,,,,0.0,0.0,0.0,0.0,0
42.74,-0.1825,0.5781,74.4885,-0.5214,-0.9127,74.4941,,,,,,,,,,,,0.0,0.0,0.0,0.0,0
42.76,-0.1828,0.5764,74.4884,-0.5598,-0.9848,74.494,,,,,,,,,,,,0.0,0.0,0.0,0.0,0
42.78,-0.1828,0.5764,74.4884,-0.5598,-0.9848,74.494,,,,,,,,,,,,0.0,0.0,0.0,0.0,0
42.8,-0.1828,0.5764,74.4884,-0.5598,-0.9848,74.494,,,,,,,,,,,,0.0,0.0,0.0,0.0,0
42.82,-0.1828,0.5764,74.4884,-0.5598,-0.9848,74.494,,,,,,,,,,,,0.0,0.0,0.0,0.0,0
42.84,-0.1828,0.5764,74.4884,-0.5598,-0.9848,74.494,,,,,,,,,,,,0.0,0.0,0.0,0.0,0
42.86,-0.1808,0.5731,74.4886,-0.5794,-1.0216,74.4941,,,,,,,,,,,,0.0,0.0,0.0,0.0,0
42.88,-0.1808,0.5731,74.4886,-0.5794,-1.0216,74.4941,,,,,,,,,,,,0.0,0.0,0.0,0.0,0
42.9,-0.1808,0.5731,74.4886,-0.5794,-1.0216,74.4941,,,,,,,,,,,,0.0,0.0,0.0,0.0,0
42.92,-0.1808,0.5731,74.4886,-0.5794,-1.0216,74.4941,,,,,,,,,,,,0.0,0.0,0.0,0.0,0
42.94,-0.1808,0.5731,74.4886,-0.5794,-1.0216,74.4941,,,,,,,,,,,,0.0,0.0,0.0,0.0,0
42.96,-0.1773,0.5695,74.483,-0.5894,-1.0404,74.4884,,,,,,,,,,,,0.0,0.0,0.0,0.0,0
42.98,-0.1773,0.5695,74.483,-0.5894,-1.0404,74.4884,,,,,,,,,,,,0.0,0.0,0.0,0.0,0
43.0,-0.1773,0.5695,74.483,-0.5894,-1.0404,74.4884,,,,,,,,,,,,0.0,0.0,0.0,0.0,0
43.02,-0.1773,0.5695,74.483,-0.5894,-1.0404,74.4884,,,,,,,,,,,,0.0,0.0,0.0,0.0,0
43.04,-0.1773,0.5695,74.483,-0.5894,-1.0404,74.4884,,,,,,,,,,,,0.0,0.0,0.0,0.0,0
43.06,-0.1766,0.5658,74.4832,-0.5946,-1.0414,74.4886,,,,,,,,,,,,0.0,0.0,0.0,0.0,0
43.08,-0.1766,0.5658,74.4832,-0.5946,-1.0414,74.4886,,,,,,,,,,,,0.0,0.0,0.0,0.0,0
43.1,-0.1766,0.5658,74.4832,-0.5946,-1.0414,74.4886,,,,,,,,,,,,0.0,0.0,0.0,0.0,0
43.12,-0.1766,0.5658,74.4832,-0.5946,-1.0414,74.4886,,,,,,,,,,,,0.0,0.0,0.0,0.0,0
43.14,-0.1766,0.5658,74.4832,-0.5946,-1.0414,74.4886,,,,,,,,,,,,0.0,0.0,0.0,0.0,0
43.16,-0.1732,0.564,74.483,-0.5972,-1.0505,74.4883,,,,,,,,,,,,0.0,0.0,0.0,0.0,0
43.18,-0.1732,0.564,74.483,-0.5972,-1.0505,74.4883,,,,,,,,,,,,0.0,0.0,0.0,0.0,0
43.2,-0.1732,0.564,74.483,-0.5972,-1.0505,74.4883,,,,,,,,,,,,0.0,0.0,0.0,0.0,0
43.22,-0.1732,0.564,74.483,-0.5972,-1.0505,74.4883,,,,,,,,,,,,0.0,0.0,0.0,0.0,0
43.24,-0.1732,0.564,74.483,-0.5972,-1.0505,74.4883,,,,,,,,,,,,0.0,0.0,0.0,0.0,0
43.26,-0.168,0.5621,74.4858,-0.5985,-1.0551,74.491,,,,,,,,,,,,0.0,0.0,0.0,0.0,0
43.28,-0.168,0.5621,74.4858,-0.5985,-1.0551,74.491,,,,,,,,,,,,0.0,0.0,0.0,0.0,0
43.3,-0.168,0.5621,74.4858,-0.5985,-1.0551,74.491,,,,,,,,,,,,0.0,0.0,0.0,0.0,0
43.32,-0.168,0.5621,74.4858,-0.5985,-1.0551,74.491,,,,,,,,,,,,0.0,0.0,0.0,0.0,0
43.34,-0.168,0.5621,74.4858,-0.5985,-1.0551,74.491,,,,,,,,,,,,0.0,0.0,0.0,0.0,0
43.36,-0.165,0.5591,74.488,-0.5992,-1.0575,74.493,,,,,,,,,,,,0.0,0.0,0.0,0.0,0
43.38,-0.165,0.5591,74.488,-0.5992,-1.0575,74.493,,,,,,,,,,,,0.0,0.0,0.0,0.0,0
43.4,-0.165,0.5591,74.488,-0.5992,-1.0575,74.493,,,,,,,,,,,,0.0,0.0,0.0,0.0,0
43.42,-0.165,0.5591,74.488,-0.5992,-1.0575,74.493,,,,,,,,,,,,0.0,0.0,0.0,0.0,0
43.44,-0.165,0.5591,74.488,-0.5992,-1.0575,74.493,,,,,,,,,,,,0.0,0.0,0.0,0.0,0
43.46,-0.1606,0.5561,74.4861,-0.5995,-1.0587,74.491,,,,,,,,,,,,0.0,0.0,0.0,0.0,0
43.48,-0.1606,0.5561,74.4861,-0.5995,-1.0587,74.491,,,,,,,,,,,,0.0,0.0,0.0,0.0,0
43.5,-0.1606,0.5561,74.4861,-0.5995,-1.0587,74.491,,,,,,,,,,,,0.0,0.0,0.0,0.0,0
43.52,-0.1606,0.5561,74.4861,-0.5995,-1.0587,74.491,,,,,,,,,,,,0.0,0.0,0.0,0.0,0
43.54,-0.1606,0.5561,74.4861,-0.5995,-1.0587,74.491,,,,,,,,,,,,0.0,0.0,0.0,0.0,0
43.56,-0.1601,0.5557,74.4846,-0.5997,-1.0594,74.4895,,,,,,,,,,,,0.0,0.0,0.0,0.0,0
43.58,-0.1601,0.5557,74.4846,-0.5997,-1.0594,74.4895,,,,,,,,,,,,0.0,0.0,0.0,0.0,0
43.6,-0.1601,0.5557,74.4846,-0.5997,-1.0594,74.4895,,,,,,,,,,,,0.0,0.0,0.0,0.0,0
43.62,-0.1601,0.5557,74.4846,-0.5997,-1.0594,74.4895,,,,,,,,,,,,0.0,0.0,0.0,0.0,0
43.64,-0.1601,0.5557,74.4846,-0.5997,-1.0594,74.4895,,,,,,,,,,,,0.0,0.0,0.0,0.0,0
43.66,-0.1546,0.556,74.4857,-0.5998,-1.0596,74.4904,,,,,,,,,,,,0.0,0.0,0.0,0.0,0
43.68,-0.1546,0.556,74.4857,-0.5998,-1.0596,74.4904,,,,,,,,,,,,0.0,0.0,0.0,0.0,0
43.7,-0.1546,0.556,74.4857,-0.5998,-1.0596,74.4904,,,,,,,,,,,,0.0,0.0,0.0,0.0,0
43.72,-0.1546,0.556,74.4857,-0.5998,-1.0596,74.4904,,,,,,,,,,,,0.0,0.0,0.0,0.0,0
43.74,-0.1546,0.556,74.4857,-0.5998,-1.0596,74.4904,,,,,,,,,,,,0.0,0.0,0.0,0.0,0
43.76,-0.1502,0.5507,74.4862,-0.5998,-1.0596,74.4908,,,,,,,,,,,,0.0,0.0,0.0,0.0,0
43.78,-0.1502,0.5507,74.4862,-0.5998,-1.0596,74.4908,,,,,,,,,,,,0.0,0.0,0.0,0.0,0
43.8,-0.1502,0.5507,74.4862,-0.5998,-1.0596,74.4908,,,,,,,,,,,,0.0,0.0,0.0,0.0,0
43.82,-0.1502,0.5507,74.4862,-0.5998,-1.0596,74.4908,,,,,,,,,,,,0.0,0.0,0.0,0.0,0
43.84,-0.1502,0.5507,74.4862,-0.5998,-1.0596,74.4908,,,,,,,,,,,,0.0,0.0,0.0,0.0,0
43.86,-0.1502,0.5489,74.4875,-0.5998,-1.0596,74.4921,,,,,,,,,,,,0.0,0.0,0.0,0.0,0
43.88,-0.1502,0.5489,74.4875,-0.5998,-1.0596,74.4921,,,,,,,,,,,,0.0,0.0,0.0,0.0,0
43.9,-0.1502,0.5489,74.4875,-0.5998,-1.0596,74.4921,,,,,,,,,,,,0.0,0.0,0.0,0.0,0
43.92,-0.1502,0.5489,74.4875,-0.5998,-1.0596,74.4921,,,,,,,,,,,,0.0,0.0,0.0,0.0,0
43.94,-0.1502,0.5489,74.4875,-0.5998,-1.0596,74.4921,,,,,,,,,,,,0.0,0.0,0.0,0.0,0
43.96,-0.1506,0.5522,74.4851,-0.5998,-1.0596,74.4897,,,,,,,,,,,,0.0,0.0,0.0,0.0,0
43.98,-0.1506,0.5522,74.4851,-0.5998,-1.0596,74.4897,,,,,,,,,,,,0.0,0.0,0.0,0.0,0
44.0,-0.1506,0.5522,74.4851,-0.5998,-1.0596,74.4897,,,,,,,,,,,,0.0,0.0,0.0,0.0,0
44.02,-0.1506,0.5522,74.4851,-0.5998,-1.0596,74.4897,,,,,,,,,,,,0.0,0.0,0.0,0.0,0
44.04,-0.1506,0.5522,74.4851,-0.5998,-1.0596,74.4897,,,,,,,,,,,,0.0,0.0,0.0,0.0,0
44.06,-0.1429,0.5551,74.4859,-0.5998,-1.0596,74.4903,,,,,,,,,,,,0.0,0.0,0.0,0.0,0
44.08,-0.1429,0.5551,74.4859,-0.5998,-1.0596,74.4903,,,,,,,,,,,,0.0,0.0,0.0,0.0,0
44.1,-0.1429,0.5551,74.4859,-0.5998,-1.0596,74.4903,,,,,,,,,,,,0.0,0.0,0.0,0.0,0
44.12,-0.1429,0.5551,74.4859,-0.5998,-1.0596,74.4903,,,,,,,,,,,,0.0,0.0,0.0,0.0,0
44.14,-0.1429,0.5551,74.4859,-0.5998,-1.0596,74.4903,,,,,,,,,,,,0.0,0.0,0.0,0.0,0
44.16,-0.1412,0.5562,74.4814,-0.5998,-1.0596,74.4857,,,,,,,,,,,,0.0,0.0,0.0,0.0,0
44.18,-0.1412,0.5562,74.4814,-0.5998,-1.0596,74.4857,,,,,,,,,,,,0.0,0.0,0.0,0.0,0
44.2,-0.1412,0.5562,74.4814,-0.5998,-1.0596,74.4857,,,,,,,,,,,,0.0,0.0,0.0,0.0,0
44.22,-0.1412,0.5562,74.4814,-0.5998,-1.0596,74.4857,,,,,,,,,,,,0.0,0.0,0.0,0.0,0
44.24,-0.1412,0.5562,74.4814,-0.5998,-1.0596,74.4857,,,,,,,,,,,,0.0,0.0,0.0,0.0,0
44.26,-0.1391,0.5588,74.4776,-0.6027,-1.0524,74.4819,,,,,,,,,,,,0.0,0.0,0.0,0.0,0
44.28,-0.1391,0.5588,74.4776,-0.6027,-1.0524,74.4819,,,,,,,,,,,,0.0,0.0,0.0,0.0,0
44.3,-0.1391,0.5588,74.4776,-0.6027,-1.0524,74.4819,,,,,,,,,,,,0.0,0.0,0.0,0.0,0
44.32,-0.1391,0.5588,74.4776,-0.6027,-1.0524,74.4819,,,,,,,,,,,,0.0,0.0,0.0,0.0,0
44.34,-0.1391,0.5588,74.4776,-0.6027,-1.0524,74.4819,,,,,,,,,,,,0.0,0.0,0.0,0.0,0
44.36,-0.1347,0.564,74.4767,-0.6013,-1.0549,74.4808,,,,,,,,,,,,0.0,0.0,0.0,0.0,0
44.38,-0.1347,0.564,74.4767,-0.6013,-1.0549,74.4808,,,,,,,,,,,,0.0,0.0,0.0,0.0,0
44.4,-0.1347,0.564,74.4767,-0.6013,-1.0549,74.4808,,,,,,,,,,,,0.0,0.0,0.0,0.0,0
44.42,-0.1347,0.564,74.4767,-0.6013,-1.0549,74.4808,,,,,,,,,,,,0.0,0.0,0.0,0.0,0
44.44,-0.1347,0.564,74.4767,-0.6013,-1.0549,74.4808,,,,,,,,,,,,0.0,0.0,0.0,0.0,0
44.46,-0.1348,0.5655,74.4731,-0.6006,-1.0574,74.4772,,,,,,,,,,,,0.0,0.0,0.0,0.0,0
44.48,-0.1348,0.5655,74.4731,-0.6006,-1.0574,74.4772,,,,,,,,,,,,0.0,0.0,0.0,0.0,0
44.5,-0.1348,0.5655,74.4731,-0.6006,-1.0574,74.4772,,,,,,,,,,,,0.0,0.0,0.0,0.0,0
44.52,-0.1348,0.5655,74.4731,-0.6006,-1.0574,74.4772,,,,,,,,,,,,0.0,0.0,0.0,0.0,0
44.54,-0.1348,0.5655,74.4731,-0.6006,-1.0574,74.4772,,,,,,,,,,,,0.0,0.0,0.0,0.0,0
44.56,-0.133,0.5692,74.4718,-0.6003,-1.0587,74.4759,,,,,,,,,,,,0.0,0.0,0.0,0.0,0
44.58,-0.133,0.5692,74.4718,-0.6003,-1.0587,74.4759,,,,,,,,,,,,0.0,0.0,0.0,0.0,0
44.6,-0.133,0.5692,74.4718,-0.6003,-1.0587,74.4759,,,,,,,,,,,,0.0,0.0,0.0,0.0,0
44.62,-0.133,0.5692,74.4718,-0.6003,-1.0587,74.4759,,,,,,,,,,,,0.0,0.0,0.0,0.0,0
44.64,-0.133,0.5692,74.4718,-0.6003,-1.0587,74.4759,,,,,,,,,,,,0.0,0.0,0.0,0.0,0
44.66,-0.1318,0.5732,74.4753,-0.6001,-1.0593,74.4794,,,,,,,,,,,,0.0,0.0,0.0,0.0,0
44.68,-0.1318,0.5732,74.4753,-0.6001,-1.0593,74.4794,,,,,,,,,,,,0.0,0.0,0.0,0.0,0
44.7,-0.1318,0.5732,74.4753,-0.6001,-1.0593,74.4794,,,,,,,,,,,,0.0,0.0,0.0,0.0,0
44.72,-0.1318,0.5732,74.4753,-0.6001,-1.0593,74.4794,,,,,,,,,,,,0.0,0.0,0.0,0.0,0
44.74,-0.1318,0.5732,74.4753,-0.6001,-1.0593,74.4794,,,,,,,,,,,,0.0,0.0,0.0,0.0,0
44.76,-0.1317,0.5785,74.4788,-0.6,-1.0596,74.4828,,,,,,,,,,,,0.0,0.0,0.0,0.0,0
44.78,-0.1317,0.5785,74.4788,-0.6,-1.0596,74.4828,,,,,,,,,,,,0.0,0.0,0.0,0.0,0
44.8,-0.1317,0.5785,74.4788,-0.6,-1.0596,74.4828,,,,,,,,,,,,0.0,0.0,0.0,0.0,0
44.82,-0.1317,0.5785,74.4788,-0.6,-1.0596,74.4828,,,,,,,,,,,,0.0,0.0,0.0,0.0,0
44.84,-0.1317,0.5785,74.4788,-0.6,-1.0596,74.4828,,,,,,,,,,,,0.0,0.0,0.0,0.0,0
44.86,-0.1299,0.5875,74.4784,-0.6,-1.0596,74.4824,,,,,,,,,,,,0.0,0.0,0.0,0.0,0
44.88,-0.1299,0.5875,74.4784,-0.6,-1.0596,74.4824,,,,,,,,,,,,0.0,0.0,0.0,0.0,0
44.9,-0.1299,0.5875,74.4784,-0.6,-1.0596,74.4824,,,,,,,,,,,,0.0,0.0,0.0,0.0,0
44.92,-0.1299,0.5875,74.4784,-0.6,-1.0596,74.4824,,,,,,,,,,,,0.0,0.0,0.0,0.0,0
44.94,-0.1299,0.5875,74.4784,-0.6,-1.0596,74.4824,,,,,,,,,,,,0.0,0.0,0.0,0.0,0
44.96,-0.1296,0.5891,74.4787,-0.6,-1.0596,74.4826,,,,,,,,,,,,0.0,0.0,0.0,0.0,0
44.98,-0.1296,0.5891,74.4787,-0.6,-1.0596,74.4826,,,,,,,,,,,,0.0,0.0,0.0,0.0,0
45.0,-0.1296,0.5891,74.4787,-0.6,-1.0596,74.4826,,,,,,,,,,,,0.0,0.0,0.0,0.0,0
45.02,-0.1296,0.5891,74.4787,-0.6,-1.0596,74.4826,,,,,,,,,,,,0.0,0.0,0.0,0.0,0
45.04,-0.1296,0.5891,74.4787,-0.6,-1.0596,74.4826,,,,,,,,,,,,0.0,0.0,0.0,0.0,0
45.06,-0.129,0.5939,74.4811,-0.6,-1.0596,74.485,,,,,,,,,,,,0.0,0.0,0.0,0.0,0
45.08,-0.129,0.5939,74.4811,-0.6,-1.0596,74.485,,,,,,,,,,,,0.0,0.0,0.0,0.0,0
45.1,-0.129,0.5939,74.4811,-0.6,-1.0596,74.485,,,,,,,,,,,,0.0,0.0,0.0,0.0,0
45.12,-0.129,0.5939,74.4811,-0.6,-1.0596,74.485,,,,,,,,,,,,0.0,0.0,0.0,0.0,0
45.14,-0.129,0.5939,74.4811,-0.6,-1.0596,74.485,,,,,,,,,,,,0.0,0.0,0.0,0.0,0
45.16,-0.1244,0.5972,74.4799,-0.6,-1.0596,74.4836,,,,,,,,,,,,0.0,0.0,0.0,0.0,0
45.18,-0.1244,0.5972,74.4799,-0.6,-1.0596,74.4836,,,,,,,,,,,,0.0,0.0,0.0,0.0,0
45.2,-0.1244,0.5972,74.4799,-0.6,-1.0596,74.4836,,,,,,,,,,,,0.0,0.0,0.0,0.0,0
45.22,-0.1244,0.5972,74.4799,-0.6,-1.0596,74.4836,,,,,,,,,,,,0.0,0.0,0.0,0.0,0
45.24,-0.1244,0.5972,74.4799,-0.6,-1.0596,74.4836,,,,,,,,,,,,0.0,0.0,0.0,0.0,0
45.26,-0.1243,0.6043,74.4822,-0.6,-1.0596,74.486,,,,,,,,,,,,0.0,0.0,0.0,0.0,0
45.28,-0.1243,0.6043,74.4822,-0.6,-1.0596,74.486,,,,,,,,,,,,0.0,0.0,0.0,0.0,0
45.3,-0.1243,0.6043,74.4822,-0.6,-1.0596,74.486,,,,,,,,,,,,0.0,0.0,0.0,0.0,0
45.32,-0.1243,0.6043,74.4822,-0.6,-1.0596,74.486,,,,,,,,,,,,0.0,0.0,0.0,0.0,0
45.34,-0.1243,0.6043,74.4822,-0.6,-1.0596,74.486,,,,,,,,,,,,0.0,0.0,0.0,0.0,0
45.36,-0.1253,0.6078,74.4818,-0.6,-1.0596,74.4856,,,,,,,,,,,,0.0,0.0,0.0,0.0,0
45.38,-0.1253,0.6078,74.4818,-0.6,-1.0596,74.4856,,,,,,,,,,,,0.0,0.0,0.0,0.0,0
45.4,-0.1253,0.6078,74.4818,-0.6,-1.0596,74.4856,,,,,,,,,,,,0.0,0.0,0.0,0.0,0
45.42,-0.1253,0.6078,74.4818,-0.6,-1.0596,74.4856,,,,,,,,,,,,0.0,0.0,0.0,0.0,0
45.44,-0.1253,0.6078,74.4818,-0.6,-1.0596,74.4856,,,,,,,,,,,,0.0,0.0,0.0,0.0,0
45.46,-0.125,0.6118,74.4767,-0.6,-1.0596,74.4805,,,,,,,,,,,,0.0,0.0,0.0,0.0,0
45.48,-0.125,0.6118,74.4767,-0.6,-1.0596,74.4805,,,,,,,,,,,,0.0,0.0,0.0,0.0,0
45.5,-0.125,0.6118,74.4767,-0.6,-1.0596,74.4805,,,,,,,,,,,,0.0,0.0,0.0,0.0,0
45.52,-0.125,0.6118,74.4767,-0.6,-1.0596,74.4805,,,,,,,,,,,,0.0,0.0,0.0,0.0,0
45.54,-0.125,0.6118,74.4767,-0.6,-1.0596,74.4805,,,,,,,,,,,,0.0,0.0,0.0,0.0,0
45.56,-0.1245,0.614,74.475,-0.6,-1.0596,74.4789,,,,,,,,,,,,0.0,0.0,0.0,0.0,0
45.58,-0.1245,0.614,74.475,-0.6,-1.0596,74.4789,,,,,,,,,,,,0.0,0.0,0.0,0.0,0
45.6,-0.1245,0.614,74.475,-0.6,-1.0596,74.4789,,,,,,,,,,,,0.0,0.0,0.0,0.0,0
45.62,-0.1245,0.614,74.475,-0.6,-1.0596,74.4789,,,,,,,,,,,,0.0,0.0,0.0,0.0,0
45.64,-0.1245,0.614,74.475,-0.6,-1.0596,74.4789,,,,,,,,,,,,0.0,0.0,0.0,0.0,0
45.66,-0.1241,0.6174,74.4717,-0.6,-1.0596,74.4755,,,,,,,,,,,,0.0,0.0,0.0,0.0,0
45.68,-0.1241,0.6174,74.4717,-0.6,-1.0596,74.4755,,,,,,,,,,,,0.0,0.0,0.0,0.0,0
45.7,-0.1241,0.6174,74.4717,-0.6,-1.0596,74.4755,,,,,,,,,,,,0.0,0.0,0.0,0.0,0
45.72,-0.1241,0.6174,74.4717,-0.6,-1.0596,74.4755,,,,,,,,,,,,0.0,0.0,0.0,0.0,0
45.74,-0.1241,0.6174,74.4717,-0.6,-1.0596,74.4755,,,,,,,,,,,,0.0,0.0,0.0,0.0,0
45.76,-0.1244,0.6233,74.4676,-0.6081,-1.0527,74.4714,,,,,,,,,,,,0.0,0.0,0.0,0.0,0
45.78,-0.1244,0.6233,74.4676,-0.6081,-1.0527,74.4714,,,,,,,,,,,,0.0,0.0,0.0,0.0,0
45.8,-0.1244,0.6233,74.4676,-0.6081,-1.0527,74.4714,,,,,,,,,,,,0.0,0.0,0.0,0.0,0
45.82,-0.1244,0.6233,74.4676,-0.6081,-1.0527,74.4714,,,,,,,,,,,,0.0,0.0,0.0,0.0,0
45.84,-0.1244,0.6233,74.4676,-0.6081,-1.0527,74.4714,,,,,,,,,,,,0.0,0.0,0.0,0.0,0
45.86,-0.1224,0.6287,74.4631,-0.6041,-1.0563,74.4669,,,,,,,,,,,,0.0,0.0,0.0,0.0,0
45.88,-0.1224,0.6287,74.4631,-0.6041,-1.0563,74.4669,,,,,,,,,,,,0.0,0.0,0.0,0.0,0
45.9,-0.1224,0.6287,74.4631,-0.6041,-1.0563,74.4669,,,,,,,,,,,,0.0,0.0,0.0,0.0,0
45.92,-0.1224,0.6287,74.4631,-0.6041,-1.0563,74.4669,,,,,,,,,,,,0.0,0.0,0.0,0.0,0
45.94,-0.1224,0.6287,74.4631,-0.6041,-1.0563,74.4669,,,,,,,,,,,,0.0,0.0,0.0,0.0,0
45.96,-0.1203,0.6318,74.4576,-0.602,-1.0532,74.4613,,,,,,,,,,,,0.0,0.0,0.0,0.0,0
45.98,-0.1203,0.6318,74.4576,-0.602,-1.0532,74.4613,,,,,,,,,,,,0.0,0.0,0.0,0.0,0
46.0,-0.1203,0.6318,74.4576,-0.602,-1.0532,74.4613,,,,,,,,,,,,0.0,0.0,0.0,0.0,0
46.02,-0.1203,0.6318,74.4576,-0.602,-1.0532,74.4613,,,,,,,,,,,,0.0,0.0,0.0,0.0,0
46.04,-0.1203,0.6318,74.4576,-0.602,-1.0532,74.4613,,,,,,,,,,,,0.0,0.0,0.0,0.0,0
46.06,-0.1203,0.636,74.4542,-0.601,-1.0533,74.4579,,,,,,,,,,,,0.0,0.0,0.0,0.0,0
46.08,-0.1203,0.636,74.4542,-0.601,-1.0533,74.4579,,,,,,,,,,,,0.0,0.0,0.0,0.0,0
46.1,-0.1203,0.636,74.4542,-0.601,-1.0533,74.4579,,,,,,,,,,,,0.0,0.0,0.0,0.0,0
46.12,-0.1203,0.636,74.4542,-0.601,-1.0533,74.4579,,,,,,,,,,,,0.0,0.0,0.0,0.0,0
46.14,-0.1203,0.636,74.4542,-0.601,-1.0533,74.4579,,,,,,,,,,,,0.0,0.0,0.0,0.0,0
46.16,-0.1233,0.6401,74.4521,-0.6005,-1.051,74.4559,,,,,,,,,,,,0.0,0.0,0.0,0.0,0
46.18,-0.1233,0.6401,74.4521,-0.6005,-1.051,74.4559,,,,,,,,,,,,0.0,0.0,0.0,0.0,0
46.2,-0.1233,0.6401,74.4521,-0.6005,-1.051,74.4559,,,,,,,,,,,,0.0,0.0,0.0,0.0,0
46.22,-0.1233,0.6401,74.4521,-0.6005,-1.051,74.4559,,,,,,,,,,,,0.0,0.0,0.0,0.0,0
46.24,-0.1233,0.6401,74.4521,-0.6005,-1.051,74.4559,,,,,,,,,,,,0.0,0.0,0.0,0.0,0
46.26,-0.121,0.6429,74.4508,-0.6002,-1.0554,74.4545,,,,,,,,,,,,0.0,0.0,0.0,0.0,0
46.28,-0.121,0.6429,74.4508,-0.6002,-1.0554,74.4545,,,,,,,,,,,,0.0,0.0,0.0,0.0,0
46.3,-0.121,0.6429,74.4508,-0.6002,-1.0554,74.4545,,,,,,,,,,,,0.0,0.0,0.0,0.0,0
46.32,-0.121,0.6429,74.4508,-0.6002,-1.0554,74.4545,,,,,,,,,,,,0.0,0.0,0.0,0.0,0
46.34,-0.121,0.6429,74.4508,-0.6002,-1.0554,74.4545,,,,,,,,,,,,0.0,0.0,0.0,0.0,0
46.36,-0.1164,0.6466,74.4504,-0.6,-1.0577,74.4539,,,,,,,,,,,,0.0,0.0,0.0,0.0,0
46.38,-0.1164,0.6466,74.4504,-0.6,-1.0577,74.4539,,,,,,,,,,,,0.0,0.0,0.0,0.0,0
46.4,-0.1164,0.6466,74.4504,-0.6,-1.0577,74.4539,,,,,,,,,,,,0.0,0.0,0.0,0.0,0
46.42,-0.1164,0.6466,74.4504,-0.6,-1.0577,74.4539,,,,,,,,,,,,0.0,0.0,0.0,0.0,0
46.44,-0.1164,0.6466,74.4504,-0.6,-1.0577,74.4539,,,,,,,,,,,,0.0,0.0,0.0,0.0,0
46.46,-0.1163,0.6482,74.4465,-0.6,-1.0588,74.4501,,,,,,,,,,,,0.0,0.0,0.0,0.0,0
46.48,-0.1163,0.6482,74.4465,-0.6,-1.0588,74.4501,,,,,,,,,,,,0.0,0.0,0.0,0.0,0
46.5,-0.1163,0.6482,74.4465,-0.6,-1.0588,74.4501,,,,,,,,,,,,0.0,0.0,0.0,0.0,0
46.52,-0.1163,0.6482,74.4465,-0.6,-1.0588,74.4501,,,,,,,,,,,,0.0,0.0,0.0,0.0,0
46.54,-0.1163,0.6482,74.4465,-0.6,-1.0588,74.4501,,,,,,,,,,,,0.0,0.0,0.0,0.0,0
46.56,-0.113,0.6529,74.4409,-0.5999,-1.0495,74.4444,,,,,,,,,,,,0.0,0.0,0.0,0.0,0
46.58,-0.113,0.6529,74.4409,-0.5999,-1.0495,74.4444,,,,,,,,,,,,0.0,0.0,0.0,0.0,0
46.6,-0.113,0.6529,74.4409,-0.5999,-1.0495,74.4444,,,,,,,,,,,,0.0,0.0,0.0,0.0,0
46.62,-0.113,0.6529,74.4409,-0.5999,-1.0495,74.4444,,,,,,,,,,,,0.0,0.0,0.0,0.0,0
46.64,-0.113,0.6529,74.4409,-0.5999,-1.0495,74.4444,,,,,,,,,,,,0.0,0.0,0.0,0.0,0
46.66,-0.1156,0.6593,74.4359,-0.5999,-1.0547,74.4394,,,,,,,,,,,,0.0,0.0,0.0,0.0,0
46.68,-0.1156,0.6593,74.4359,-0.5999,-1.0547,74.4394,,,,,,,,,,,,0.0,0.0,0.0,0.0,0
46.7,-0.1156,0.6593,74.4359,-0.5999,-1.0547,74.4394,,,,,,,,,,,,0.0,0.0,0.0,0.0,0
46.72,-0.1156,0.6593,74.4359,-0.5999,-1.0547,74.4394,,,,,,,,,,,,0.0,0.0,0.0,0.0,0
46.74,-0.1156,0.6593,74.4359,-0.5999,-1.0547,74.4394,,,,,,,,,,,,0.0,0.0,0.0,0.0,0
46.76,-0.1164,0.6633,74.4383,-0.5999,-1.0573,74.4419,,,,,,,,,,,,0.0,0.0,0.0,0.0,0
46.78,-0.1164,0.6633,74.4383,-0.5999,-1.0573,74.4419,,,,,,,,,,,,0.0,0.0,0.0,0.0,0
46.8,-0.1164,0.6633,74.4383,-0.5999,-1.0573,74.4419,,,,,,,,,,,,0.0,0.0,0.0,0.0,0
46.82,-0.1164,0.6633,74.4383,-0.5999,-1.0573,74.4419,,,,,,,,,,,,0.0,0.0,0.0,0.0,0
46.84,-0.1164,0.6633,74.4383,-0.5999,-1.0573,74.4419,,,,,,,,,,,,0.0,0.0,0.0,0.0,0
46.86,-0.1129,0.665,74.4398,-0.5999,-1.0586,74.4433,,,,,,,,,,,,0.0,0.0,0.0,0.0,0
46.88,-0.1129,0.665,74.4398,-0.5999,-1.0586,74.4433,,,,,,,,,,,,0.0,0.0,0.0,0.0,0
46.9,-0.1129,0.665,74.4398,-0.5999,-1.0586,74.4433,,,,,,,,,,,,0.0,0.0,0.0,0.0,0
46.92,-0.1129,0.665,74.4398,-0.5999,-1.0586,74.4433,,,,,,,,,,,,0.0,0.0,0.0,0.0,0
46.94,-0.1129,0.665,74.4398,-0.5999,-1.0586,74.4433,,,,,,,,,,,,0.0,0.0,0.0,0.0,0
46.96,-0.1156,0.6729,74.436,-0.5999,-1.0571,74.4396,,,,,,,,,,,,0.0,0.0,0.0,0.0,0
46.98,-0.1156,0.6729,74.436,-0.5999,-1.0571,74.4396,,,,,,,,,,,,0.0,0.0,0.0,0.0,0
47.0,-0.1156,0.6729,74.436,-0.5999,-1.0571,74.4396,,,,,,,,,,,,0.0,0.0,0.0,0.0,0
47.02,-0.1156,0.6729,74.436,-0.5999,-1.0571,74.4396,,,,,,,,,,,,0.0,0.0,0.0,0.0,0
47.04,-0.1156,0.6729,74.436,-0.5999,-1.0571,74.4396,,,,,,,,,,,,0.0,0.0,0.0,0.0,0
47.06,-0.1138,0.6787,74.436,-0.5999,-1.0585,74.4395,,,,,,,,,,,,0.0,0.0,0.0,0.0,0
47.08,-0.1138,0.6787,74.436,-0.5999,-1.0585,74.4395,,,,,,,,,,,,0.0,0.0,0.0,0.0,0
47.1,-0.1138,0.6787,74.436,-0.5999,-1.0585,74.4395,,,,,,,,,,,,0.0,0.0,0.0,0.0,0
47.12,-0.1138,0.6787,74.436,-0.5999,-1.0585,74.4395,,,,,,,,,,,,0.0,0.0,0.0,0.0,0
47.14,-0.1138,0.6787,74.436,-0.5999,-1.0585,74.4395,,,,,,,,,,,,0.0,0.0,0.0,0.0,0
47.16,-0.1137,0.6793,74.4351,-0.5999,-1.0593,74.4386,,,,,,,,,,,,0.0,0.0,0.0,0.0,0
47.18,-0.1137,0.6793,74.4351,-0.5999,-1.0593,74.4386,,,,,,,,,,,,0.0,0.0,0.0,0.0,0
47.2,-0.1137,0.6793,74.4351,-0.5999,-1.0593,74.4386,,,,,,,,,,,,0.0,0.0,0.0,0.0,0
47.22,-0.1137,0.6793,74.4351,-0.5999,-1.0593,74.4386,,,,,,,,,,,,0.0,0.0,0.0,0.0,0
47.24,-0.1137,0.6793,74.4351,-0.5999,-1.0593,74.4386,,,,,,,,,,,,0.0,0.0,0.0,0.0,0
47.26,-0.1125,0.6842,74.4322,-0.5999,-1.0596,74.4357,,,,,,,,,,,,0.0,0.0,0.0,0.0,0
47.28,-0.1125,0.6842,74.4322,-0.5999,-1.0596,74.4357,,,,,,,,,,,,0.0,0.0,0.0,0.0,0
47.3,-0.1125,0.6842,74.4322,-0.5999,-1.0596,74.4357,,,,,,,,,,,,0.0,0.0,0.0,0.0,0
47.32,-0.1125,0.6842,74.4322,-0.5999,-1.0596,74.4357,,,,,,,,,,,,0.0,0.0,0.0,0.0,0
47.34,-0.1125,0.6842,74.4322,-0.5999,-1.0596,74.4357,,,,,,,,,,,,0.0,0.0,0.0,0.0,0
47.36,-0.1129,0.6876,74.4269,-0.6027,-1.0546,74.4303,,,,,,,,,,,,0.0,0.0,0.0,0.0,0
47.38,-0.1129,0.6876,74.4269,-0.6027,-1.0546,74.4303,,,,,,,,,,,,0.0,0.0,0.0,0.0,0
47.4,-0.1129,0.6876,74.4269,-0.6027,-1.0546,74.4303,,,,,,,,,,,,0.0,0.0,0.0,0.0,0
47.42,-0.1129,0.6876,74.4269,-0.6027,-1.0546,74.4303,,,,,,,,,,,,0.0,0.0,0.0,0.0,0
47.44,-0.1129,0.6876,74.4269,-0.6027,-1.0546,74.4303,,,,,,,,,,,,0.0,0.0,0.0,0.0,0
47.46,-0.1117,0.6924,74.423,-0.6013,-1.0548,74.4264,,,,,,,,,,,,0.0,0.0,0.0,0.0,0
47.48,-0.1117,0.6924,74.423,-0.6013,-1.0548,74.4264,,,,,,,,,,,,0.0,0.0,0.0,0.0,0
47.5,-0.1117,0.6924,74.423,-0.6013,-1.0548,74.4264,,,,,,,,,,,,0.0,0.0,0.0,0.0,0
47.52,-0.1117,0.6924,74.423,-0.6013,-1.0548,74.4264,,,,,,,,,,,,0.0,0.0,0.0,0.0,0
47.54,-0.1117,0.6924,74.423,-0.6013,-1.0548,74.4264,,,,,,,,,,,,0.0,0.0,0.0,0.0,0
47.56,-0.1089,0.6952,74.4201,-0.6006,-1.0573,74.4234,,,,,,,,,,,,0.0,0.0,0.0,0.0,0
47.58,-0.1089,0.6952,74.4201,-0.6006,-1.0573,74.4234,,,,,,,,,,,,0.0,0.0,0.0,0.0,0
47.6,-0.1089,0.6952,74.4201,-0.6006,-1.0573,74.4234,,,,,,,,,,,,0.0,0.0,0.0,0.0,0
47.62,-0.1089,0.6952,74.4201,-0.6006,-1.0573,74.4234,,,,,,,,,,,,0.0,0.0,0.0,0.0,0
47.64,-0.1089,0.6952,74.4201,-0.6006,-1.0573,74.4234,,,,,,,,,,,,0.0,0.0,0.0,0.0,0
47.66,-0.1068,0.6996,74.4171,-0.6003,-1.0586,74.4204,,,,,,,,,,,,0.0,0.0,0.0,0.0,0
47.68,-0.1068,0.6996,74.4171,-0.6003,-1.0586,74.4204,,,,,,,,,,,,0.0,0.0,0.0,0.0,0
47.7,-0.1068,0.6996,74.4171,-0.6003,-1.0586,74.4204,,,,,,,,,,,,0.0,0.0,0.0,0.0,0
47.72,-0.1068,0.6996,74.4171,-0.6003,-1.0586,74.4204,,,,,,,,,,,,0.0,0.0,0.0,0.0,0
47.74,-0.1068,0.6996,74.4171,-0.6003,-1.0586,74.4204,,,,,,,,,,,,0.0,0.0,0.0,0.0,0
47.76,-0.1083,0.7003,74.4132,-0.6001,-1.0593,74.4165,,,,,,,,,,,,0.0,0.0,0.0,0.0,0
47.78,-0.1083,0.7003,74.4132,-0.6001,-1.0593,74.4165,,,,,,,,,,,,0.0,0.0,0.0,0.0,0
47.8,-0.1083,0.7003,74.4132,-0.6001,-1.0593,74.4165,,,,,,,,,,,,0.0,0.0,0.0,0.0,0
47.82,-0.1083,0.7003,74.4132,-0.6001,-1.0593,74.4165,,,,,,,,,,,,0.0,0.0,0.0,0.0,0
47.84,-0.1083,0.7003,74.4132,-0.6001,-1.0593,74.4165,,,,,,,,,,,,0.0,0.0,0.0,0.0,0
47.86,-0.1091,0.7034,74.409,-0.6,-1.0596,74.4123,,,,,,,,,,,,0.0,0.0,0.0,0.0,0
47.88,-0.1091,0.7034,74.409,-0.6,-1.0596,74.4123,,,,,,,,,,,,0.0,0.0,0.0,0.0,0
47.9,-0.1091,0.7034,74.409,-0.6,-1.0596,74.4123,,,,,,,,,,,,0.0,0.0,0.0,0.0,0
47.92,-0.1091,0.7034,74.409,-0.6,-1.0596,74.4123,,,,,,,,,,,,0.0,0.0,0.0,0.0,0
47.94,-0.1091,0.7034,74.409,-0.6,-1.0596,74.4123,,,,,,,,,,,,0.0,0.0,0.0,0.0,0
47.96,-0.1093,0.7029,74.4048,-0.6,-1.0596,74.4082,,,,,,,,,,,,0.0,0.0,0.0,0.0,0
47.98,-0.1093,0.7029,74.4048,-0.6,-1.0596,74.4082,,,,,,,,,,,,0.0,0.0,0.0,0.0,0
48.0,-0.1093,0.7029,74.4048,-0.6,-1.0596,74.4082,,,,,,,,,,,,0.0,0.0,0.0,0.0,0
48.02,-0.1093,0.7029,74.4048,-0.6,-1.0596,74.4082,,,,,,,,,,,,0.0,0.0,0.0,0.0,0
48.04,-0.1093,0.7029,74.4048,-0.6,-1.0596,74.4082,,,,,,,,,,,,0.0,0.0,0.0,0.0,0
48.06,-0.1123,0.7059,74.4017,-0.6,-1.0596,74.4051,,,,,,,,,,,,0.0,0.0,0.0,0.0,0
48.08,-0.1123,0.7059,74.4017,-0.6,-1.0596,74.4051,,,,,,,,,,,,0.0,0.0,0.0,0.0,0
48.1,-0.1123,0.7059,74.4017,-0.6,-1.0596,74.4051,,,,,,,,,,,,0.0,0.0,0.0,0.0,0
48.12,-0.1123,0.7059,74.4017,-0.6,-1.0596,74.4051,,,,,,,,,,,,0.0,0.0,0.0,0.0,0
48.14,-0.1123,0.7059,74.4017,-0.6,-1.0596,74.4051,,,,,,,,,,,,0.0,0.0,0.0,0.0,0
48.16,-0.1094,0.7043,74.3984,-0.6,-1.0596,74.4017,,,,,,,,,,,,0.0,0.0,0.0,0.0,0
48.18,-0.1094,0.7043,74.3984,-0.6,-1.0596,74.4017,,,,,,,,,,,,0.0,0.0,0.0,0.0,0
48.2,-0.1094,0.7043,74.3984,-0.6,-1.0596,74.4017,,,,,,,,,,,,0.0,0.0,0.0,0.0,0
48.22,-0.1094,0.7043,74.3984,-0.6,-1.0596,74.4017,,,,,,,,,,,,0.0,0.0,0.0,0.0,0
48.24,-0.1094,0.7043,74.3984,-0.6,-1.0596,74.4017,,,,,,,,,,,,0.0,0.0,0.0,0.0,0
48.26,-0.1091,0.7081,74.3988,-0.6,-1.0596,74.4022,,,,,,,,,,,,0.0,0.0,0.0,0.0,0
48.28,-0.1091,0.7081,74.3988,-0.6,-1.0596,74.4022,,,,,,,,,,,,0.0,0.0,0.0,0.0,0
48.3,-0.1091,0.7081,74.3988,-0.6,-1.0596,74.4022,,,,,,,,,,,,0.0,0.0,0.0,0.0,0
48.32,-0.1091,0.7081,74.3988,-0.6,-1.0596,74.4022,,,,,,,,,,,,0.0,0.0,0.0,0.0,0
48.34,-0.1091,0.7081,74.3988,-0.6,-1.0596,74.4022,,,,,,,,,,,,0.0,0.0,0.0,0.0,0
48.36,-0.1098,0.7127,74.3963,-0.6,-1.0596,74.3997,,,,,,,,,,,,0.0,0.0,0.0,0.0,0
48.38,-0.1098,0.7127,74.3963,-0.6,-1.0596,74.3997,,,,,,,,,,,,0.0,0.0,0.0,0.0,0
48.4,-0.1098,0.7127,74.3963,-0.6,-1.0596,74.3997,,,,,,,,,,,,0.0,0.0,0.0,0.0,0
48.42,-0.1098,0.7127,74.3963,-0.6,-1.0596,74.3997,,,,,,,,,,,,0.0,0.0,0.0,0.0,0
48.44,-0.1098,0.7127,74.3963,-0.6,-1.0596,74.3997,,,,,,,,,,,,0.0,0.0,0.0,0.0,0
48.46,-0.1079,0.7116,74.3895,-0.6,-1.0596,74.3928,,,,,,,,,,,,0.0,0.0,0.0,0.0,0
48.48,-0.1079,0.7116,74.3895,-0.6,-1.0596,74.3928,,,,,,,,,,,,0.0,0.0,0.0,0.0,0
48.5,-0.1079,0.7116,74.3895,-0.6,-1.0596,74.3928,,,,,,,,,,,,0.0,0.0,0.0,0.0,0
48.52,-0.1079,0.7116,74.3895,-0.6,-1.0596,74.3928,,,,,,,,,,,,0.0,0.0,0.0,0.0,0
48.54,-0.1079,0.7116,74.3895,-0.6,-1.0596,74.3928,,,,,,,,,,,,0.0,0.0,0.0,0.0,0
48.56,-0.1019,0.7099,74.3825,-0.6,-1.0596,74.3856,,,,,,,,,,,,0.0,0.0,0.0,0.0,0
48.58,-0.1019,0.7099,74.3825,-0.6,-1.0596,74.3856,,,,,,,,,,,,0.0,0.0,0.0,0.0,0
48.6,-0.1019,0.7099,74.3825,-0.6,-1.0596,74.3856,,,,,,,,,,,,0.0,0.0,0.0,0.0,0
48.62,-0.1019,0.7099,74.3825,-0.6,-1.0596,74.3856,,,,,,,,,,,,0.0,0.0,0.0,0.0,0
48.64,-0.1019,0.7099,74.3825,-0.6,-1.0596,74.3856,,,,,,,,,,,,0.0,0.0,0.0,0.0,0
48.66,-0.1002,0.7082,74.3759,-0.6,-1.0596,74.3789,,,,,,,,,,,,0.0,0.0,0.0,0.0,0
48.68,-0.1002,0.7082,74.3759,-0.6,-1.0596,74.3789,,,,,,,,,,,,0.0,0.0,0.0,0.0,0
48.7,-0.1002,0.7082,74.3759,-0.6,-1.0596,74.3789,,,,,,,,,,,,0.0,0.0,0.0,0.0,0
48.72,-0.1002,0.7082,74.3759,-0.6,-1.0596,74.3789,,,,,,,,,,,,0.0,0.0,0.0,0.0,0
48.74,-0.1002,0.7082,74.3759,-0.6,-1.0596,74.3789,,,,,,,,,,,,0.0,0.0,0.0,0.0,0
48.76,-0.101,0.7083,74.3752,-0.6,-1.0596,74.3783,,,,,,,,,,,,0.0,0.0,0.0,0.0,0
48.78,-0.101,0.7083,74.3752,-0.6,-1.0596,74.3783,,,,,,,,,,,,0.0,0.0,0.0,0.0,0
48.8,-0.101,0.7083,74.3752,-0.6,-1.0596,74.3783,,,,,,,,,,,,0.0,0.0,0.0,0.0,0
48.82,-0.101,0.7083,74.3752,-0.6,-1.0596,74.3783,,,,,,,,,,,,0.0,0.0,0.0,0.0,0
48.84,-0.101,0.7083,74.3752,-0.6,-1.0596,74.3783,,,,,,,,,,,,0.0,0.0,0.0,0.0,0
48.86,-0.103,0.7148,74.3739,-0.6038,-1.0528,74.377,,,,,,,,,,,,0.0,0.0,0.0,0.0,0
48.88,-0.103,0.7148,74.3739,-0.6038,-1.0528,74.377,,,,,,,,,,,,0.0,0.0,0.0,0.0,0
48.9,-0.103,0.7148,74.3739,-0.6038,-1.0528,74.377,,,,,,,,,,,,0.0,0.0,0.0,0.0,0
48.92,-0.103,0.7148,74.3739,-0.6038,-1.0528,74.377,,,,,,,,,,,,0.0,0.0,0.0,0.0,0
48.94,-0.103,0.7148,74.3739,-0.6038,-1.0528,74.377,,,,,,,,,,,,0.0,0.0,0.0,0.0,0
48.96,-0.0994,0.7152,74.3747,-0.6019,-1.0501,74.3777,,,,,,,,,,,,0.0,0.0,0.0,0.0,0
48.98,-0.0994,0.7152,74.3747,-0.6019,-1.0501,74.3777,,,,,,,,,,,,0.0,0.0,0.0,0.0,0
49.0,-0.0994,0.7152,74.3747,-0.6019,-1.0501,74.3777,,,,,,,,,,,,0.0,0.0,0.0,0.0,0
49.02,-0.0994,0.7152,74.3747,-0.6019,-1.0501,74.3777,,,,,,,,,,,,0.0,0.0,0.0,0.0,0
49.04,-0.0994,0.7152,74.3747,-0.6019,-1.0501,74.3777,,,,,,,,,,,,0.0,0.0,0.0,0.0,0
49.06,-0.0983,0.7163,74.3719,-0.6009,-1.0549,74.3749,,,,,,,,,,,,0.0,0.0,0.0,0.0,0
49.08,-0.0983,0.7163,74.3719,-0.6009,-1.0549,74.3749,,,,,,,,,,,,0.0,0.0,0.0,0.0,0
49.1,-0.0983,0.7163,74.3719,-0.6009,-1.0549,74.3749,,,,,,,,,,,,0.0,0.0,0.0,0.0,0
49.12,-0.0983,0.7163,74.3719,-0.6009,-1.0549,74.3749,,,,,,,,,,,,0.0,0.0,0.0,0.0,0
49.14,-0.0983,0.7163,74.3719,-0.6009,-1.0549,74.3749,,,,,,,,,,,,0.0,0.0,0.0,0.0,0
49.16,-0.0969,0.7177,74.3735,-0.6004,-1.0574,74.3765,,,,,,,,,,,,0.0,0.0,0.0,0.0,0
49.18,-0.0969,0.7177,74.3735,-0.6004,-1.0574,74.3765,,,,,,,,,,,,0.0,0.0,0.0,0.0,0
49.2,-0.0969,0.7177,74.3735,-0.6004,-1.0574,74.3765,,,,,,,,,,,,0.0,0.0,0.0,0.0,0
49.22,-0.0969,0.7177,74.3735,-0.6004,-1.0574,74.3765,,,,,,,,,,,,0.0,0.0,0.0,0.0,0
49.24,-0.0969,0.7177,74.3735,-0.6004,-1.0574,74.3765,,,,,,,,,,,,0.0,0.0,0.0,0.0,0
49.26,-0.0956,0.7175,74.3774,-0.6002,-1.0587,74.3803,,,,,,,,,,,,0.0,0.0,0.0,0.0,0
49.28,-0.0956,0.7175,74.3774,-0.6002,-1.0587,74.3803,,,,,,,,,,,,0.0,0.0,0.0,0.0,0
49.3,-0.0956,0.7175,74.3774,-0.6002,-1.0587,74.3803,,,,,,,,,,,,0.0,0.0,0.0,0.0,0
49.32,-0.0956,0.7175,74.3774,-0.6002,-1.0587,74.3803,,,,,,,,,,,,0.0,0.0,0.0,0.0,0
49.34,-0.0956,0.7175,74.3774,-0.6002,-1.0587,74.3803,,,,,,,,,,,,0.0,0.0,0.0,0.0,0
49.36,-0.0925,0.7176,74.3829,-0.6,-1.0562,74.3857,,,,,,,,,,,,0.0,0.0,0.0,0.0,0
49.38,-0.0925,0.7176,74.3829,-0.6,-1.0562,74.3857,,,,,,,,,,,,0.0,0.0,0.0,0.0,0
49.4,-0.0925,0.7176,74.3829,-0.6,-1.0562,74.3857,,,,,,,,,,,,0.0,0.0,0.0,0.0,0
49.42,-0.0925,0.7176,74.3829,-0.6,-1.0562,74.3857,,,,,,,,,,,,0.0,0.0,0.0,0.0,0
49.44,-0.0925,0.7176,74.3829,-0.6,-1.0562,74.3857,,,,,,,,,,,,0.0,0.0,0.0,0.0,0
49.46,-0.0922,0.7164,74.3866,-0.6,-1.058,74.3894,,,,,,,,,,,,0.0,0.0,0.0,0.0,0
49.48,-0.0922,0.7164,74.3866,-0.6,-1.058,74.3894,,,,,,,,,,,,0.0,0.0,0.0,0.0,0
49.5,-0.0922,0.7164,74.3866,-0.6,-1.058,74.3894,,,,,,,,,,,,0.0,0.0,0.0,0.0,0
49.52,-0.0922,0.7164,74.3866,-0.6,-1.058,74.3894,,,,,,,,,,,,0.0,0.0,0.0,0.0,0
49.54,-0.0922,0.7164,74.3866,-0.6,-1.058,74.3894,,,,,,,,,,,,0.0,0.0,0.0,0.0,0
49.56,-0.0901,0.7152,74.3881,-0.5999,-1.059,74.3908,,,,,,,,,,,,0.0,0.0,0.0,0.0,0
49.58,-0.0901,0.7152,74.3881,-0.5999,-1.059,74.3908,,,,,,,,,,,,0.0,0.0,0.0,0.0,0
49.6,-0.0901,0.7152,74.3881,-0.5999,-1.059,74.3908,,,,,,,,,,,,0.0,0.0,0.0,0.0,0
49.62,-0.0901,0.7152,74.3881,-0.5999,-1.059,74.3908,,,,,,,,,,,,0.0,0.0,0.0,0.0,0
49.64,-0.0901,0.7152,74.3881,-0.5999,-1.059,74.3908,,,,,,,,,,,,0.0,0.0,0.0,0.0,0
49.66,-0.0896,0.7155,74.3929,-0.5999,-1.0482,74.3957,,,,,,,,,,,,0.0,0.0,0.0,0.0,0
49.68,-0.0896,0.7155,74.3929,-0.5999,-1.0482,74.3957,,,,,,,,,,,,0.0,0.0,0.0,0.0,0
49.7,-0.0896,0.7155,74.3929,-0.5999,-1.0482,74.3957,,,,,,,,,,,,0.0,0.0,0.0,0.0,0
49.72,-0.0896,0.7155,74.3929,-0.5999,-1.0482,74.3957,,,,,,,,,,,,0.0,0.0,0.0,0.0,0
49.74,-0.0896,0.7155,74.3929,-0.5999,-1.0482,74.3957,,,,,,,,,,,,0.0,0.0,0.0,0.0,0
49.76,-0.0904,0.7187,74.3974,-0.5999,-1.0478,74.4002,,,,,,,,,,,,0.0,0.0,0.0,0.0,0
49.78,-0.0904,0.7187,74.3974,-0.5999,-1.0478,74.4002,,,,,,,,,,,,0.0,0.0,0.0,0.0,0
49.8,-0.0904,0.7187,74.3974,-0.5999,-1.0478,74.4002,,,,,,,,,,,,0.0,0.0,0.0,0.0,0
49.82,-0.0904,0.7187,74.3974,-0.5999,-1.0478,74.4002,,,,,,,,,,,,0.0,0.0,0.0,0.0,0
49.84,-0.0904,0.7187,74.3974,-0.5999,-1.0478,74.4002,,,,,,,,,,,,0.0,0.0,0.0,0.0,0
49.86,-0.0898,0.7194,74.4043,-0.5999,-1.0538,74.4071,,,,,,,,,,,,0.0,0.0,0.0,0.0,0
49.88,-0.0898,0.7194,74.4043,-0.5999,-1.0538,74.4071,,,,,,,,,,,,0.0,0.0,0.0,0.0,0
49.9,-0.0898,0.7194,74.4043,-0.5999,-1.0538,74.4071,,,,,,,,,,,,0.0,0.0,0.0,0.0,0
49.92,-0.0898,0.7194,74.4043,-0.5999,-1.0538,74.4071,,,,,,,,,,,,0.0,0.0,0.0,0.0,0
49.94,-0.0898,0.7194,74.4043,-0.5999,-1.0538,74.4071,,,,,,,,,,,,0.0,0.0,0.0,0.0,0
49.96,-0.0906,0.7196,74.4072,-0.5999,-1.0568,74.41,,,,,,,,,,,,0.0,0.0,0.0,0.0,0
49.98,-0.0906,0.7196,74.4072,-0.5999,-1.0568,74.41,,,,,,,,,,,,0.0,0.0,0.0,0.0,0
50.0,-0.0906,0.7196,74.4072,-0.5999,-1.0568,74.41,,,,,,,,,,,,0.0,0.0,0.0,0.0,0
50.02,-0.0906,0.7196,74.4072,-0.5999,-1.0568,74.41,,,,,,,,,,,,0.0,0.0,0.0,0.0,0
50.04,-0.0906,0.7196,74.4072,-0.5999,-1.0568,74.41,,,,,,,,,,,,0.0,0.0,0.0,0.0,0
50.06,-0.0892,0.7241,74.415,-0.5999,-1.0584,74.4177,,,,,,,,,,,,0.0,0.0,0.0,0.0,0
50.08,-0.0892,0.7241,74.415,-0.5999,-1.0584,74.4177,,,,,,,,,,,,0.0,0.0,0.0,0.0,0
50.1,-0.0892,0.7241,74.415,-0.5999,-1.0584,74.4177,,,,,,,,,,,,0.0,0.0,0.0,0.0,0
50.12,-0.0892,0.7241,74.415,-0.5999,-1.0584,74.4177,,,,,,,,,,,,0.0,0.0,0.0,0.0,0
50.14,-0.0892,0.7241,74.415,-0.5999,-1.0584,74.4177,,,,,,,,,,,,0.0,0.0,0.0,0.0,0
50.16,-0.0895,0.7261,74.4155,-0.5999,-1.0592,74.4182,,,,,,,,,,,,0.0,0.0,0.0,0.0,0
50.18,-0.0895,0.7261,74.4155,-0.5999,-1.0592,74.4182,,,,,,,,,,,,0.0,0.0,0.0,0.0,0
50.2,-0.0895,0.7261,74.4155,-0.5999,-1.0592,74.4182,,,,,,,,,,,,0.0,0.0,0.0,0.0,0
50.22,-0.0895,0.7261,74.4155,-0.5999,-1.0592,74.4182,,,,,,,,,,,,0.0,0.0,0.0,0.0,0
50.24,-0.0895,0.7261,74.4155,-0.5999,-1.0592,74.4182,,,,,,,,,,,,0.0,0.0,0.0,0.0,0
50.26,-0.0883,0.7226,74.4236,-0.5999,-1.051,74.4264,,,,,,,,,,,,0.0,0.0,0.0,0.0,0
50.28,-0.0883,0.7226,74.4236,-0.5999,-1.051,74.4264,,,,,,,,,,,,0.0,0.0,0.0,0.0,0
50.3,-0.0883,0.7226,74.4236,-0.5999,-1.051,74.4264,,,,,,,,,,,,0.0,0.0,0.0,0.0,0
50.32,-0.0883,0.7226,74.4236,-0.5999,-1.051,74.4264,,,,,,,,,,,,0.0,0.0,0.0,0.0,0
50.34,-0.0883,0.7226,74.4236,-0.5999,-1.051,74.4264,,,,,,,,,,,,0.0,0.0,0.0,0.0,0
50.36,-0.0862,0.7198,74.426,-0.5999,-1.0554,74.4287,,,,,,,,,,,,0.0,0.0,0.0,0.0,0
50.38,-0.0862,0.7198,74.426,-0.5999,-1.0554,74.4287,,,,,,,,,,,,0.0,0.0,0.0,0.0,0
50.4,-0.0862,0.7198,74.426,-0.5999,-1.0554,74.4287,,,,,,,,,,,,0.0,0.0,0.0,0.0,0
50.42,-0.0862,0.7198,74.426,-0.5999,-1.0554,74.4287,,,,,,,,,,,,0.0,0.0,0.0,0.0,0
50.44,-0.0862,0.7198,74.426,-0.5999,-1.0554,74.4287,,,,,,,,,,,,0.0,0.0,0.0,0.0,0
50.46,-0.0849,0.7182,74.4274,-0.6026,-1.0576,74.43,,,,,,,,,,,,0.0,0.0,0.0,0.0,0
50.48,-0.0849,0.7182,74.4274,-0.6026,-1.0576,74.43,,,,,,,,,,,,0.0,0.0,0.0,0.0,0
50.5,-0.0849,0.7182,74.4274,-0.6026,-1.0576,74.43,,,,,,,,,,,,0.0,0.0,0.0,0.0,0
50.52,-0.0849,0.7182,74.4274,-0.6026,-1.0576,74.43,,,,,,,,,,,,0.0,0.0,0.0,0.0,0
50.54,-0.0849,0.7182,74.4274,-0.6026,-1.0576,74.43,,,,,,,,,,,,0.0,0.0,0.0,0.0,0
50.56,-0.0834,0.7165,74.4314,-0.6013,-1.0521,74.4339,,,,,,,,,,,,0.0,0.0,0.0,0.0,0
50.58,-0.0834,0.7165,74.4314,-0.6013,-1.0521,74.4339,,,,,,,,,,,,0.0,0.0,0.0,0.0,0
50.6,-0.0834,0.7165,74.4314,-0.6013,-1.0521,74.4339,,,,,,,,,,,,0.0,0.0,0.0,0.0,0
50.62,-0.0834,0.7165,74.4314,-0.6013,-1.0521,74.4339,,,,,,,,,,,,0.0,0.0,0.0,0.0,0
50.64,-0.0834,0.7165,74.4314,-0.6013,-1.0521,74.4339,,,,,,,,,,,,0.0,0.0,0.0,0.0,0
50.66,-0.0827,0.7173,74.4369,-0.6006,-1.056,74.4394,,,,,,,,,,,,0.0,0.0,0.0,0.0,0
50.68,-0.0827,0.7173,74.4369,-0.6006,-1.056,74.4394,,,,,,,,,,,,0.0,0.0,0.0,0.0,0
50.7,-0.0827,0.7173,74.4369,-0.6006,-1.056,74.4394,,,,,,,,,,,,0.0,0.0,0.0,0.0,0
50.72,-0.0827,0.7173,74.4369,-0.6006,-1.056,74.4394,,,,,,,,,,,,0.0,0.0,0.0,0.0,0
50.74,-0.0827,0.7173,74.4369,-0.6006,-1.056,74.4394,,,,,,,,,,,,0.0,0.0,0.0,0.0,0
50.76,-0.0797,0.7133,74.4392,-0.6003,-1.0579,74.4417,,,,,,,,,,,,0.0,0.0,0.0,0.0,0
50.78,-0.0797,0.7133,74.4392,-0.6003,-1.0579,74.4417,,,,,,,,,,,,0.0,0.0,0.0,0.0,0
50.8,-0.0797,0.7133,74.4392,-0.6003,-1.0579,74.4417,,,,,,,,,,,,0.0,0.0,0.0,0.0,0
50.82,-0.0797,0.7133,74.4392,-0.6003,-1.0579,74.4417,,,,,,,,,,,,0.0,0.0,0.0,0.0,0
50.84,-0.0797,0.7133,74.4392,-0.6003,-1.0579,74.4417,,,,,,,,,,,,0.0,0.0,0.0,0.0,0
50.86,-0.0787,0.7129,74.4395,-0.6001,-1.059,74.4419,,,,,,,,,,,,0.0,0.0,0.0,0.0,0
50.88,-0.0787,0.7129,74.4395,-0.6001,-1.059,74.4419,,,,,,,,,,,,0.0,0.0,0.0,0.0,0
50.9,-0.0787,0.7129,74.4395,-0.6001,-1.059,74.4419,,,,,,,,,,,,0.0,0.0,0.0,0.0,0
50.92,-0.0787,0.7129,74.4395,-0.6001,-1.059,74.4419,,,,,,,,,,,,0.0,0.0,0.0,0.0,0
50.94,-0.0787,0.7129,74.4395,-0.6001,-1.059,74.4419,,,,,,,,,,,,0.0,0.0,0.0,0.0,0
50.96,-0.0785,0.7113,74.4379,-0.6,-1.0551,74.4403,,,,,,,,,,,,0.0,0.0,0.0,0.0,0
50.98,-0.0785,0.7113,74.4379,-0.6,-1.0551,74.4403,,,,,,,,,,,,0.0,0.0,0.0,0.0,0
51.0,-0.0785,0.7113,74.4379,-0.6,-1.0551,74.4403,,,,,,,,,,,,0.0,0.0,0.0,0.0,0
51.02,-0.0785,0.7113,74.4379,-0.6,-1.0551,74.4403,,,,,,,,,,,,0.0,0.0,0.0,0.0,0
51.04,-0.0785,0.7113,74.4379,-0.6,-1.0551,74.4403,,,,,,,,,,,,0.0,0.0,0.0,0.0,0
51.06,-0.0774,0.7114,74.4405,-0.5999,-1.0575,74.4428,,,,,,,,,,,,0.0,0.0,0.0,0.0,0
51.08,-0.0774,0.7114,74.4405,-0.5999,-1.0575,74.4428,,,,,,,,,,,,0.0,0.0,0.0,0.0,0
51.1,-0.0774,0.7114,74.4405,-0.5999,-1.0575,74.4428,,,,,,,,,,,,0.0,0.0,0.0,0.0,0
51.12,-0.0774,0.7114,74.4405,-0.5999,-1.0575,74.4428,,,,,,,,,,,,0.0,0.0,0.0,0.0,0
51.14,-0.0774,0.7114,74.4405,-0.5999,-1.0575,74.4428,,,,,,,,,,,,0.0,0.0,0.0,0.0,0
51.16,-0.0753,0.7081,74.4428,-0.5999,-1.0587,74.445,,,,,,,,,,,,0.0,0.0,0.0,0.0,0
51.18,-0.0753,0.7081,74.4428,-0.5999,-1.0587,74.445,,,,,,,,,,,,0.0,0.0,0.0,0.0,0
51.2,-0.0753,0.7081,74.4428,-0.5999,-1.0587,74.445,,,,,,,,,,,,0.0,0.0,0.0,0.0,0
51.22,-0.0753,0.7081,74.4428,-0.5999,-1.0587,74.445,,,,,,,,,,,,0.0,0.0,0.0,0.0,0
51.24,-0.0753,0.7081,74.4428,-0.5999,-1.0587,74.445,,,,,,,,,,,,0.0,0.0,0.0,0.0,0
51.26,-0.0767,0.7101,74.4441,-0.5999,-1.0776,74.4464,,,,,,,,,,,,0.0,0.0,0.0,0.0,0
51.28,-0.0767,0.7101,74.4441,-0.5999,-1.0776,74.4464,,,,,,,,,,,,0.0,0.0,0.0,0.0,0
51.3,-0.0767,0.7101,74.4441,-0.5999,-1.0776,74.4464,,,,,,,,,,,,0.0,0.0,0.0,0.0,0
51.32,-0.0767,0.7101,74.4441,-0.5999,-1.0776,74.4464,,,,,,,,,,,,0.0,0.0,0.0,0.0,0
51.34,-0.0767,0.7101,74.4441,-0.5999,-1.0776,74.4464,,,,,,,,,,,,0.0,0.0,0.0,0.0,0
51.36,-0.0761,0.7083,74.447,-0.5999,-1.0702,74.4493,,,,,,,,,,,,0.0,0.0,0.0,0.0,0
51.38,-0.0761,0.7083,74.447,-0.5999,-1.0702,74.4493,,,,,,,,,,,,0.0,0.0,0.0,0.0,0
51.4,-0.0761,0.7083,74.447,-0.5999,-1.0702,74.4493,,,,,,,,,,,,0.0,0.0,0.0,0.0,0
51.42,-0.0761,0.7083,74.447,-0.5999,-1.0702,74.4493,,,,,,,,,,,,0.0,0.0,0.0,0.0,0
51.44,-0.0761,0.7083,74.447,-0.5999,-1.0702,74.4493,,,,,,,,,,,,0.0,0.0,0.0,0.0,0
51.46,-0.0785,0.7082,74.4481,-0.5999,-1.0652,74.4505,,,,,,,,,,,,0.0,0.0,0.0,0.0,0
51.48,-0.0785,0.7082,74.4481,-0.5999,-1.0652,74.4505,,,,,,,,,,,,0.0,0.0,0.0,0.0,0
51.5,-0.0785,0.7082,74.4481,-0.5999,-1.0652,74.4505,,,,,,,,,,,,0.0,0.0,0.0,0.0,0
51.52,-0.0785,0.7082,74.4481,-0.5999,-1.0652,74.4505,,,,,,,,,,,,0.0,0.0,0.0,0.0,0
51.54,-0.0785,0.7082,74.4481,-0.5999,-1.0652,74.4505,,,,,,,,,,,,0.0,0.0,0.0,0.0,0
51.56,-0.0808,0.7112,74.4516,-0.5999,-1.0627,74.454,,,,,,,,,,,,0.0,0.0,0.0,0.0,0
51.58,-0.0808,0.7112,74.4516,-0.5999,-1.0627,74.454,,,,,,,,,,,,0.0,0.0,0.0,0.0,0
51.6,-0.0808,0.7112,74.4516,-0.5999,-1.0627,74.454,,,,,,,,,,,,0.0,0.0,0.0,0.0,0
51.62,-0.0808,0.7112,74.4516,-0.5999,-1.0627,74.454,,,,,,,,,,,,0.0,0.0,0.0,0.0,0
51.64,-0.0808,0.7112,74.4516,-0.5999,-1.0627,74.454,,,,,,,,,,,,0.0,0.0,0.0,0.0,0
51.66,-0.1051,0.7471,74.3798,-0.5999,-1.067,74.383,,,,,,,,,,,,0.0,0.0,0.0,0.0,0
51.68,-0.1051,0.7471,74.3798,-0.5999,-1.067,74.383,,,,,,,,,,,,0.0,0.0,0.0,0.0,0
51.7,-0.1051,0.7471,74.3798,-0.5999,-1.067,74.383,,,,,,,,,,,,0.0,0.0,0.0,0.0,0
51.72,-0.1051,0.7471,74.3798,-0.5999,-1.067,74.383,,,,,,,,,,,,0.0,0.0,0.0,0.0,0
51.74,-0.1051,0.7471,74.3798,-0.5999,-1.067,74.383,,,,,,,,,,,,0.0,0.0,0.0,0.0,0
51.76,-0.1698,0.7477,74.0503,-0.5999,-1.0669,74.0555,,,,,,,,,,,,0.0,0.0,0.0,0.0,0
51.78,-0.1698,0.7477,74.0503,-0.5999,-1.0669,74.0555,,,,,,,,,,,,0.0,0.0,0.0,0.0,0
51.8,-0.1698,0.7477,74.0503,-0.5999,-1.0669,74.0555,,,,,,,,,,,,0.0,0.0,0.0,0.0,0
51.82,-0.1698,0.7477,74.0503,-0.5999,-1.0669,74.0555,,,,,,,,,,,,0.0,0.0,0.0,0.0,0
51.84,-0.1698,0.7477,74.0503,-0.5999,-1.0669,74.0555,,,,,,,,,,,,0.0,0.0,0.0,0.0,0
51.86,0.1286,0.5331,75.2844,-0.5999,-1.074,75.2805,,,,,,,,,,,,0.0,0.0,0.0,0.0,0
51.88,0.1286,0.5331,75.2844,-0.5999,-1.074,75.2805,,,,,,,,,,,,0.0,0.0,0.0,0.0,0
51.9,0.1286,0.5331,75.2844,-0.5999,-1.074,75.2805,,,,,,,,,,,,0.0,0.0,0.0,0.0,0
51.92,0.1286,0.5331,75.2844,-0.5999,-1.074,75.2805,,,,,,,,,,,,0.0,0.0,0.0,0.0,0
51.94,0.1286,0.5331,75.2844,-0.5999,-1.074,75.2805,,,,,,,,,,,,0.0,0.0,0.0,0.0,0
51.96,-0.1195,0.5234,74.7581,-0.5999,-1.0671,74.7617,,,,,,,,,,,,0.0,0.0,0.0,0.0,0
51.98,-0.1195,0.5234,74.7581,-0.5999,-1.0671,74.7617,,,,,,,,,,,,0.0,0.0,0.0,0.0,0
52.0,-0.1195,0.5234,74.7581,-0.5999,-1.0671,74.7617,,,,,,,,,,,,0.0,0.0,0.0,0.0,0
52.02,-0.1195,0.5234,74.7581,-0.5999,-1.0671,74.7617,,,,,,,,,,,,0.0,0.0,0.0,0.0,0
52.04,-0.1195,0.5234,74.7581,-0.5999,-1.0671,74.7617,,,,,,,,,,,,0.0,0.0,0.0,0.0,0
52.06,-0.0491,0.7141,74.185,-0.5999,-1.0636,74.1865,,,,,,,,,,,,0.0,0.0,0.0,0.0,0
52.08,-0.0491,0.7141,74.185,-0.5999,-1.0636,74.1865,,,,,,,,,,,,0.0,0.0,0.0,0.0,0
52.1,-0.0491,0.7141,74.185,-0.5999,-1.0636,74.1865,,,,,,,,,,,,0.0,0.0,0.0,0.0,0
52.12,-0.0491,0.7141,74.185,-0.5999,-1.0636,74.1865,,,,,,,,,,,,0.0,0.0,0.0,0.0,0
52.14,-0.0491,0.7141,74.185,-0.5999,-1.0636,74.1865,,,,,,,,,,,,0.0,0.0,0.0,0.0,0
52.16,-0.1308,0.6955,74.1423,-0.5999,-1.0645,74.1463,,,,,,,,,,,,0.0,0.0,0.0,0.0,0
52.18,-0.1308,0.6955,74.1423,-0.5999,-1.0645,74.1463,,,,,,,,,,,,0.0,0.0,0.0,0.0,0
52.2,-0.1308,0.6955,74.1423,-0.5999,-1.0645,74.1463,,,,,,,,,,,,0.0,0.0,0.0,0.0,0
52.22,-0.1308,0.6955,74.1423,-0.5999,-1.0645,74.1463,,,,,,,,,,,,0.0,0.0,0.0,0.0,0
52.24,-0.1308,0.6955,74.1423,-0.5999,-1.0645,74.1463,,,,,,,,,,,,0.0,0.0,0.0,0.0,0
52.26,-0.2262,0.6171,74.7825,-0.5999,-1.0623,74.7894,,,,,,,,,,,,0.0,0.0,0.0,0.0,0
52.28,-0.2262,0.6171,74.7825,-0.5999,-1.0623,74.7894,,,,,,,,,,,,0.0,0.0,0.0,0.0,0
52.3,-0.2262,0.6171,74.7825,-0.5999,-1.0623,74.7894,,,,,,,,,,,,0.0,0.0,0.0,0.0,0
52.32,-0.2262,0.6171,74.7825,-0.5999,-1.0623,74.7894,,,,,,,,,,,,0.0,0.0,0.0,0.0,0
52.34,-0.2262,0.6171,74.7825,-0.5999,-1.0623,74.7894,,,,,,,,,,,,0.0,0.0,0.0,0.0,0
52.36,-0.4677,0.505,75.3091,-0.5999,-1.0612,75.3234,,,,,,,,,,,,0.0,0.0,0.0,0.0,0
52.38,-0.4677,0.505,75.3091,-0.5999,-1.0612,75.3234,,,,,,,,,,,,0.0,0.0,0.0,0.0,0
52.4,-0.4677,0.505,75.3091,-0.5999,-1.0612,75.3234,,,,,,,,,,,,0.0,0.0,0.0,0.0,0
52.42,-0.4677,0.505,75.3091,-0.5999,-1.0612,75.3234,,,,,,,,,,,,0.0,0.0,0.0,0.0,0
52.44,-0.4677,0.505,75.3091,-0.5999,-1.0612,75.3234,,,,,,,,,,,,0.0,0.0,0.0,0.0,0
52.46,-0.167,0.7395,74.6056,-0.5999,-1.0606,74.6107,,,,,,,,,,,,0.0,0.0,0.0,0.0,0
52.48,-0.167,0.7395,74.6056,-0.5999,-1.0606,74.6107,,,,,,,,,,,,0.0,0.0,0.0,0.0,0
52.5,-0.167,0.7395,74.6056,-0.5999,-1.0606,74.6107,,,,,,,,,,,,0.0,0.0,0.0,0.0,0
52.52,-0.167,0.7395,74.6056,-0.5999,-1.0606,74.6107,,,,,,,,,,,,0.0,0.0,0.0,0.0,0
52.54,-0.167,0.7395,74.6056,-0.5999,-1.0606,74.6107,,,,,,,,,,,,0.0,0.0,0.0,0.0,0
52.56,-0.5685,0.3457,75.0945,-0.5999,-1.0604,75.1119,,,,,,,,,,,,0.0,0.0,0.0,0.0,0
52.58,-0.5685,0.3457,75.0945,-0.5999,-1.0604,75.1119,,,,,,,,,,,,0.0,0.0,0.0,0.0,0
52.6,-0.5685,0.3457,75.0945,-0.5999,-1.0604,75.1119,,,,,,,,,,,,0.0,0.0,0.0,0.0,0
52.62,-0.5685,0.3457,75.0945,-0.5999,-1.0604,75.1119,,,,,,,,,,,,0.0,0.0,0.0,0.0,0
52.64,-0.5685,0.3457,75.0945,-0.5999,-1.0604,75.1119,,,,,,,,,,,,0.0,0.0,0.0,0.0,0
52.66,-0.469,0.4472,75.1235,-0.5999,-1.0604,75.1378,,,,,,,,,,,,0.0,0.0,0.0,0.0,0
52.68,-0.469,0.4472,75.1235,-0.5999,-1.0604,75.1378,,,,,,,,,,,,0.0,0.0,0.0,0.0,0
52.7,-0.469,0.4472,75.1235,-0.5999,-1.0604,75.1378,,,,,,,,,,,,0.0,0.0,0.0,0.0,0
52.72,-0.469,0.4472,75.1235,-0.5999,-1.0604,75.1378,,,,,,,,,,,,0.0,0.0,0.0,0.0,0
52.74,-0.469,0.4472,75.1235,-0.5999,-1.0604,75.1378,,,,,,,,,,,,0.0,0.0,0.0,0.0,0
52.76,-0.472,0.6556,75.1407,-0.5999,-1.0674,75.1551,,,,,,,,,,,,0.0,0.0,0.0,0.0,0
52.78,-0.472,0.6556,75.1407,-0.5999,-1.0674,75.1551,,,,,,,,,,,,0.0,0.0,0.0,0.0,0
52.8,-0.472,0.6556,75.1407,-0.5999,-1.0674,75.1551,,,,,,,,,,,,0.0,0.0,0.0,0.0,0
52.82,-0.472,0.6556,75.1407,-0.5999,-1.0674,75.1551,,,,,,,,,,,,0.0,0.0,0.0,0.0,0
52.84,-0.472,0.6556,75.1407,-0.5999,-1.0674,75.1551,,,,,,,,,,,,0.0,0.0,0.0,0.0,0
52.86,-0.0794,0.4926,74.9919,-0.5999,-1.0667,74.9944,,,,,,,,,,,,0.0,0.0,0.0,0.0,0
52.88,-0.0794,0.4926,74.9919,-0.5999,-1.0667,74.9944,,,,,,,,,,,,0.0,0.0,0.0,0.0,0
52.9,-0.0794,0.4926,74.9919,-0.5999,-1.0667,74.9944,,,,,,,,,,,,0.0,0.0,0.0,0.0,0
52.92,-0.0794,0.4926,74.9919,-0.5999,-1.0667,74.9944,,,,,,,,,,,,0.0,0.0,0.0,0.0,0
52.94,-0.0794,0.4926,74.9919,-0.5999,-1.0667,74.9944,,,,,,,,,,,,0.0,0.0,0.0,0.0,0
52.96,-0.1326,0.7117,74.7869,-0.5999,-1.0678,74.7909,,,,,,,,,,,,0.0,0.0,0.0,0.0,0
52.98,-0.1326,0.7117,74.7869,-0.5999,-1.0678,74.7909,,,,,,,,,,,,0.0,0.0,0.0,0.0,0
53.0,-0.1326,0.7117,74.7869,-0.5999,-1.0678,74.7909,,,,,,,,,,,,0.0,0.0,0.0,0.0,0
53.02,-0.1326,0.7117,74.7869,-0.5999,-1.0678,74.7909,,,,,,,,,,,,0.0,0.0,0.0,0.0,0
53.04,-0.1326,0.7117,74.7869,-0.5999,-1.0678,74.7909,,,,,,,,,,,,0.0,0.0,0.0,0.0,0
53.06,-0.0199,0.1982,75.6942,-0.5999,-1.0676,75.6948,,,,,,,,,,,,0.0,0.0,0.0,0.0,0
53.08,-0.0199,0.1982,75.6942,-0.5999,-1.0676,75.6948,,,,,,,,,,,,0.0,0.0,0.0,0.0,0
53.1,-0.0199,0.1982,75.6942,-0.5999,-1.0676,75.6948,,,,,,,,,,,,0.0,0.0,0.0,0.0,0
53.12,-0.0199,0.1982,75.6942,-0.5999,-1.0676,75.6948,,,,,,,,,,,,0.0,0.0,0.0,0.0,0
53.14,-0.0199,0.1982,75.6942,-0.5999,-1.0676,75.6948,,,,,,,,,,,,0.0,0.0,0.0,0.0,0
53.16,-0.152,0.3457,77.528,-0.5999,-1.0693,77.5327,,,,,,,,,,,,0.0,0.0,0.0,0.0,0
53.18,-0.152,0.3457,77.528,-0.5999,-1.0693,77.5327,,,,,,,,,,,,0.0,0.0,0.0,0.0,0
53.2,-0.152,0.3457,77.528,-0.5999,-1.0693,77.5327,,,,,,,,,,,,0.0,0.0,0.0,0.0,0
53.22,-0.152,0.3457,77.528,-0.5999,-1.0693,77.5327,,,,,,,,,,,,0.0,0.0,0.0,0.0,0
53.24,-0.152,0.3457,77.528,-0.5999,-1.0693,77.5327,,,,,,,,,,,,0.0,0.0,0.0,0.0,0
53.26,-0.0945,0.2957,77.1301,-0.5999,-1.0719,77.133,,,,,,,,,,,,0.0,0.0,0.0,0.0,0
53.28,-0.0945,0.2957,77.1301,-0.5999,-1.0719,77.133,,,,,,,,,,,,0.0,0.0,0.0,0.0,0
53.3,-0.0945,0.2957,77.1301,-0.5999,-1.0719,77.133,,,,,,,,,,,,0.0,0.0,0.0,0.0,0
53.32,-0.0945,0.2957,77.1301,-0.5999,-1.0719,77.133,,,,,,,,,,,,0.0,0.0,0.0,0.0,0
53.34,-0.0945,0.2957,77.1301,-0.5999,-1.0719,77.133,,,,,,,,,,,,0.0,0.0,0.0,0.0,0
53.36,-2.8905,-3.255,78.6338,-0.5999,-1.0661,78.7224,,,,,,,,,,,,0.0,0.0,0.0,0.0,0
53.38,-2.8905,-3.255,78.6338,-0.5999,-1.0661,78.7224,,,,,,,,,,,,0.0,0.0,0.0,0.0,0
53.4,-2.8905,-3.255,78.6338,-0.5999,-1.0661,78.7224,,,,,,,,,,,,0.0,0.0,0.0,0.0,0
53.42,-2.8905,-3.255,78.6338,-0.5999,-1.0661,78.7224,,,,,,,,,,,,0.0,0.0,0.0,0.0,0
53.44,-2.8905,-3.255,78.6338,-0.5999,-1.0661,78.7224,,,,,,,,,,,,0.0,0.0,0.0,0.0,0
53.46,-7.6395,-15.0672,74.688,-0.5999,-1.0675,74.9296,,,,,,,,,,,,0.0,0.0,0.0,0.0,0
53.48,-7.6395,-15.0672,74.688,-0.5999,-1.0675,74.9296,,,,,,,,,,,,0.0,0.0,0.0,0.0,0
53.5,-7.6395,-15.0672,74.688,-0.5999,-1.0675,74.9296,,,,,,,,,,,,0.0,0.0,0.0,0.0,0
53.52,-7.6395,-15.0672,74.688,-0.5999,-1.0675,74.9296,,,,,,,,,,,,0.0,0.0,0.0,0.0,0
53.54,-7.6395,-15.0672,74.688,-0.5999,-1.0675,74.9296,,,,,,,,,,,,0.0,0.0,0.0,0.0,0
53.56,-8.2492,-23.7041,72.8484,-0.5999,-1.0638,73.1233,,,,,,,,,,,,0.0,0.0,0.0,0.0,0
53.58,-8.2492,-23.7041,72.8484,-0.5999,-1.0638,73.1233,,,,,,,,,,,,0.0,0.0,0.0,0.0,0
53.6,-8.2492,-23.7041,72.8484,-0.5999,-1.0638,73.1233,,,,,,,,,,,,0.0,0.0,0.0,0.0,0
53.62,-8.2492,-23.7041,72.8484,-0.5999,-1.0638,73.1233,,,,,,,,,,,,0.0,0.0,0.0,0.0,0
53.64,-8.2492,-23.7041,72.8484,-0.5999,-1.0638,73.1233,,,,,,,,,,,,0.0,0.0,0.0,0.0,0
53.66,-4.0096,-22.7037,70.8131,-0.5999,-1.0642,70.946,,,,,,,,,,,,0.0,0.0,0.0,0.0,0
53.68,-4.0096,-22.7037,70.8131,-0.5999,-1.0642,70.946,,,,,,,,,,,,0.0,0.0,0.0,0.0,0
53.7,-4.0096,-22.7037,70.8131,-0.5999,-1.0642,70.946,,,,,,,,,,,,0.0,0.0,0.0,0.0,0
53.72,-4.0096,-22.7037,70.8131,-0.5999,-1.0642,70.946,,,,,,,,,,,,0.0,0.0,0.0,0.0,0
53.74,-4.0096,-22.7037,70.8131,-0.5999,-1.0642,70.946,,,,,,,,,,,,0.0,0.0,0.0,0.0,0
53.76,-3.2289,-20.6982,72.3714,-0.5999,-1.0664,72.477,,,,,,,,,,,,0.0,0.0,0.0,0.0,0
53.78,-3.2289,-20.6982,72.3714,-0.5999,-1.0664,72.477,,,,,,,,,,,,0.0,0.0,0.0,0.0,0
53.8,-3.2289,-20.6982,72.3714,-0.5999,-1.0664,72.477,,,,,,,,,,,,0.0,0.0,0.0,0.0,0
53.82,-3.2289,-20.6982,72.3714,-0.5999,-1.0664,72.477,,,,,,,,,,,,0.0,0.0,0.0,0.0,0
53.84,-3.2289,-20.6982,72.3714,-0.5999,-1.0664,72.477,,,,,,,,,,,,0.0,0.0,0.0,0.0,0
53.86,-6.7391,-18.2154,77.9625,-0.5999,-1.07,78.1792,,,,,,,,,,,,0.0,0.0,0.0,0.0,0
53.88,-6.7391,-18.2154,77.9625,-0.5999,-1.07,78.1792,,,,,,,,,,,,0.0,0.0,0.0,0.0,0
53.9,-6.7391,-18.2154,77.9625,-0.5999,-1.07,78.1792,,,,,,,,,,,,0.0,0.0,0.0,0.0,0
53.92,-6.7391,-18.2154,77.9625,-0.5999,-1.07,78.1792,,,,,,,,,,,,0.0,0.0,0.0,0.0,0
53.94,-6.7391,-18.2154,77.9625,-0.5999,-1.07,78.1792,,,,,,,,,,,,0.0,0.0,0.0,0.0,0
53.96,-10.8595,-13.3168,86.2539,-0.6031,-1.0651,86.5935,,,,,,,,,,,,0.0,0.0,0.0,0.0,0
53.98,-10.8595,-13.3168,86.2539,-0.6031,-1.0651,86.5935,,,,,,,,,,,,0.0,0.0,0.0,0.0,0
54.0,-10.8595,-13.3168,86.2539,-0.6031,-1.0651,86.5935,,,,,,,,,,,,0.0,0.0,0.0,0.0,0
54.02,-10.8595,-13.3168,86.2539,-0.6031,-1.0651,86.5935,,,,,,,,,,,,0.0,0.0,0.0,0.0,0
54.04,-10.8595,-13.3168,86.2539,-0.6031,-1.0651,86.5935,,,,,,,,,,,,0.0,0.0,0.0,0.0,0
54.06,-13.8641,-7.3671,96.0848,-0.6015,-1.0626,96.5086,,,,,,,,,,,,0.0,0.0,0.0,0.0,0
54.08,-13.8641,-7.3671,96.0848,-0.6015,-1.0626,96.5086,,,,,,,,,,,,0.0,0.0,0.0,0.0,0
54.1,-13.8641,-7.3671,96.0848,-0.6015,-1.0626,96.5086,,,,,,,,,,,,0.0,0.0,0.0,0.0,0
54.12,-13.8641,-7.3671,96.0848,-0.6015,-1.0626,96.5086,,,,,,,,,,,,0.0,0.0,0.0,0.0,0
54.14,-13.8641,-7.3671,96.0848,-0.6015,-1.0626,96.5086,,,,,,,,,,,,0.0,0.0,0.0,0.0,0
54.16,-13.8778,-3.1719,106.9679,-0.6007,-1.0613,107.3893,,,,,,,,,,,,0.0,0.0,0.0,0.0,0
54.18,-13.8778,-3.1719,106.9679,-0.6007,-1.0613,107.3893,,,,,,,,,,,,0.0,0.0,0.0,0.0,0
54.2,-13.8778,-3.1719,106.9679,-0.6007,-1.0613,107.3893,,,,,,,,,,,,0.0,0.0,0.0,0.0,0
54.22,-13.8778,-3.1719,106.9679,-0.6007,-1.0613,107.3893,,,,,,,,,,,,0.0,0.0,0.0,0.0,0
54.24,-13.8778,-3.1719,106.9679,-0.6007,-1.0613,107.3893,,,,,,,,,,,,0.0,0.0,0.0,0.0,0
54.26,-9.9899,-3.9444,117.9277,-0.6003,-1.0671,118.2327,,,,,,,,,,,,0.0,0.0,0.0,0.0,0
54.28,-9.9899,-3.9444,117.9277,-0.6003,-1.0671,118.2327,,,,,,,,,,,,0.0,0.0,0.0,0.0,0
54.3,-9.9899,-3.9444,117.9277,-0.6003,-1.0671,118.2327,,,,,,,,,,,,0.0,0.0,0.0,0.0,0
54.32,-9.9899,-3.9444,117.9277,-0.6003,-1.0671,118.2327,,,,,,,,,,,,0.0,0.0,0.0,0.0,0
54.34,-9.9899,-3.9444,117.9277,-0.6003,-1.0671,118.2327,,,,,,,,,,,,0.0,0.0,0.0,0.0,0
54.36,-4.1011,-8.3913,128.2008,-0.6001,-1.0636,128.3276,,,,,,,,,,,,0.0,0.0,0.0,0.0,0
54.38,-4.1011,-8.3913,128.2008,-0.6001,-1.0636,128.3276,,,,,,,,,,,,0.0,0.0,0.0,0.0,0
54.4,-4.1011,-8.3913,128.2008,-0.6001,-1.0636,128.3276,,,,,,,,,,,,0.0,0.0,0.0,0.0,0
54.42,-4.1011,-8.3913,128.2008,-0.6001,-1.0636,128.3276,,,,,,,,,,,,0.0,0.0,0.0,0.0,0
54.44,-4.1011,-8.3913,128.2008,-0.6001,-1.0636,128.3276,,,,,,,,,,,,0.0,0.0,0.0,0.0,0
54.46,1.6316,-12.002,139.4081,-0.6,-1.0618,139.357,,,,,,,,,,,,0.0,0.0,0.0,0.0,0
54.48,1.6316,-12.002,139.4081,-0.6,-1.0618,139.357,,,,,,,,,,,,0.0,0.0,0.0,0.0,0
54.5,1.6316,-12.002,139.4081,-0.6,-1.0618,139.357,,,,,,,,,,,,0.0,0.0,0.0,0.0,0
54.52,1.6316,-12.002,139.4081,-0.6,-1.0618,139.357,,,,,,,,,,,,0.0,0.0,0.0,0.0,0
54.54,1.6316,-12.002,139.4081,-0.6,-1.0618,139.357,,,,,,,,,,,,0.0,0.0,0.0,0.0,0
54.56,3.9867,-13.4707,152.2529,-0.6,-1.0609,152.1275,,,,,,,,,,,,0.0,0.0,0.0,0.0,0
54.58,3.9867,-13.4707,152.2529,-0.6,-1.0609,152.1275,,,,,,,,,,,,0.0,0.0,0.0,0.0,0
54.6,3.9867,-13.4707,152.2529,-0.6,-1.0609,152.1275,,,,,,,,,,,,0.0,0.0,0.0,0.0,0
54.62,3.9867,-13.4707,152.2529,-0.6,-1.0609,152.1275,,,,,,,,,,,,0.0,0.0,0.0,0.0,0
54.64,3.9867,-13.4707,152.2529,-0.6,-1.0609,152.1275,,,,,,,,,,,,0.0,0.0,0.0,0.0,0
54.66,2.7363,-11.7576,165.1154,-0.5999,-1.0605,165.0299,,,,,,,,,,,,0.0,0.0,0.0,0.0,0
54.68,2.7363,-11.7576,165.1154,-0.5999,-1.0605,165.0299,,,,,,,,,,,,0.0,0.0,0.0,0.0,0
54.7,2.7363,-11.7576,165.1154,-0.5999,-1.0605,165.0299,,,,,,,,,,,,0.0,0.0,0.0,0.0,0
54.72,2.7363,-11.7576,165.1154,-0.5999,-1.0605,165.0299,,,,,,,,,,,,0.0,0.0,0.0,0.0,0
54.74,2.7363,-11.7576,165.1154,-0.5999,-1.0605,165.0299,,,,,,,,,,,,0.0,0.0,0.0,0.0,0
54.76,5.276,-5.909,170.4126,-0.5999,-1.0604,170.2504,,,,,,,,,,,,0.0,0.0,0.0,0.0,0
54.78,5.276,-5.909,170.4126,-0.5999,-1.0604,170.2504,,,,,,,,,,,,0.0,0.0,0.0,0.0,0
54.8,5.276,-5.909,170.4126,-0.5999,-1.0604,170.2504,,,,,,,,,,,,0.0,0.0,0.0,0.0,0
54.82,5.276,-5.909,170.4126,-0.5999,-1.0604,170.2504,,,,,,,,,,,,0.0,0.0,0.0,0.0,0
54.84,5.276,-5.909,170.4126,-0.5999,-1.0604,170.2504,,,,,,,,,,,,0.0,0.0,0.0,0.0,0
54.86,8.2419,-6.6231,168.4929,-0.5999,-1.0604,168.2397,,,,,,,,,,,,0.0,0.0,0.0,0.0,0
54.88,8.2419,-6.6231,168.4929,-0.5999,-1.0604,168.2397,,,,,,,,,,,,0.0,0.0,0.0,0.0,0
54.9,8.2419,-6.6231,168.4929,-0.5999,-1.0604,168.2397,,,,,,,,,,,,0.0,0.0,0.0,0.0,0
54.92,8.2419,-6.6231,168.4929,-0.5999,-1.0604,168.2397,,,,,,,,,,,,0.0,0.0,0.0,0.0,0
54.94,8.2419,-6.6231,168.4929,-0.5999,-1.0604,168.2397,,,,,,,,,,,,0.0,0.0,0.0,0.0,0
54.96,9.0116,-8.1342,166.5946,-0.5999,-1.0796,166.317,,,,,,,,,,,,0.0,0.0,0.0,0.0,0
54.98,9.0116,-8.1342,166.5946,-0.5999,-1.0796,166.317,,,,,,,,,,,,0.0,0.0,0.0,0.0,0
55.0,9.0116,-8.1342,166.5946,-0.5999,-1.0796,166.317,,,,,,,,,,,,0.0,0.0,0.0,0.0,0
55.02,9.0116,-8.1342,166.5946,-0.5999,-1.0796,166.317,,,,,,,,,,,,0.0,0.0,0.0,0.0,0
55.04,9.0116,-8.1342,166.5946,-0.5999,-1.0796,166.317,,,,,,,,,,,,0.0,0.0,0.0,0.0,0
55.06,7.7361,-6.4342,167.5076,-0.5999,-1.07,167.27,,,,,,,,,,,,0.0,0.0,0.0,0.0,0
55.08,7.7361,-6.4342,167.5076,-0.5999,-1.07,167.27,,,,,,,,,,,,0.0,0.0,0.0,0.0,0
55.1,7.7361,-6.4342,167.5076,-0.5999,-1.07,167.27,,,,,,,,,,,,0.0,0.0,0.0,0.0,0
55.12,7.7361,-6.4342,167.5076,-0.5999,-1.07,167.27,,,,,,,,,,,,0.0,0.0,0.0,0.0,0
55.14,7.7361,-6.4342,167.5076,-0.5999,-1.07,167.27,,,,,,,,,,,,0.0,0.0,0.0,0.0,0
55.16,5.5823,-5.2881,170.8975,-0.5999,-1.0671,170.7261,,,,,,,,,,,,0.0,0.0,0.0,0.0,0
55.18,5.5823,-5.2881,170.8975,-0.5999,-1.0671,170.7261,,,,,,,,,,,,0.0,0.0,0.0,0.0,0
55.2,5.5823,-5.2881,170.8975,-0.5999,-1.0671,170.7261,,,,,,,,,,,,0.0,0.0,0.0,0.0,0
55.22,5.5823,-5.2881,170.8975,-0.5999,-1.0671,170.7261,,,,,,,,,,,,0.0,0.0,0.0,0.0,0
55.24,5.5823,-5.2881,170.8975,-0.5999,-1.0671,170.7261,,,,,,,,,,,,0.0,0.0,0.0,0.0,0
55.26,3.2678,-6.5391,174.9762,-0.5999,-1.0636,174.8755,,,,,,,,,,,,0.0,0.0,0.0,0.0,0
55.28,3.2678,-6.5391,174.9762,-0.5999,-1.0636,174.8755,,,,,,,,,,,,0.0,0.0,0.0,0.0,0
55.3,3.2678,-6.5391,174.9762,-0.5999,-1.0636,174.8755,,,,,,,,,,,,0.0,0.0,0.0,0.0,0
55.32,3.2678,-6.5391,174.9762,-0.5999,-1.0636,174.8755,,,,,,,,,,,,0.0,0.0,0.0,0.0,0
55.34,3.2678,-6.5391,174.9762,-0.5999,-1.0636,174.8755,,,,,,,,,,,,0.0,0.0,0.0,0.0,0
55.36,2.879,-5.2296,178.1464,-0.5999,-1.0618,178.058,,,,,,,,,,,,0.0,0.0,0.0,0.0,0
55.38,2.879,-5.2296,178.1464,-0.5999,-1.0618,178.058,,,,,,,,,,,,0.0,0.0,0.0,0.0,0
55.4,2.879,-5.2296,178.1464,-0.5999,-1.0618,178.058,,,,,,,,,,,,0.0,0.0,0.0,0.0,0
55.42,2.879,-5.2296,178.1464,-0.5999,-1.0618,178.058,,,,,,,,,,,,0.0,0.0,0.0,0.0,0
55.44,2.879,-5.2296,178.1464,-0.5999,-1.0618,178.058,,,,,,,,,,,,0.0,0.0,0.0,0.0,0
55.46,4.5371,-2.7255,177.7159,-0.6043,-1.0609,177.577,,,,,,,,,,,,0.0,0.0,0.0,0.0,0
55.48,4.5371,-2.7255,177.7159,-0.6043,-1.0609,177.577,,,,,,,,,,,,0.0,0.0,0.0,0.0,0
55.5,4.5371,-2.7255,177.7159,-0.6043,-1.0609,177.577,,,,,,,,,,,,0.0,0.0,0.0,0.0,0
55.52,4.5371,-2.7255,177.7159,-0.6043,-1.0609,177.577,,,,,,,,,,,,0.0,0.0,0.0,0.0,0
55.54,4.5371,-2.7255,177.7159,-0.6043,-1.0609,177.577,,,,,,,,,,,,0.0,0.0,0.0,0.0,0
55.56,6.0508,1.3185,172.6377,-0.6022,-1.0605,172.4528,,,,,,,,,,,,0.0,0.0,0.0,0.0,0
55.58,6.0508,1.3185,172.6377,-0.6022,-1.0605,172.4528,,,,,,,,,,,,0.0,0.0,0.0,0.0,0
55.6,6.0508,1.3185,172.6377,-0.6022,-1.0605,172.4528,,,,,,,,,,,,0.0,0.0,0.0,0.0,0
55.62,6.0508,1.3185,172.6377,-0.6022,-1.0605,172.4528,,,,,,,,,,,,0.0,0.0,0.0,0.0,0
55.64,6.0508,1.3185,172.6377,-0.6022,-1.0605,172.4528,,,,,,,,,,,,0.0,0.0,0.0,0.0,0
55.66,5.8623,6.4568,167.3237,-0.6011,-1.0602,167.1434,,,,,,,,,,,,0.0,0.0,0.0,0.0,0
55.68,5.8623,6.4568,167.3237,-0.6011,-1.0602,167.1434,,,,,,,,,,,,0.0,0.0,0.0,0.0,0
55.7,5.8623,6.4568,167.3237,-0.6011,-1.0602,167.1434,,,,,,,,,,,,0.0,0.0,0.0,0.0,0
55.72,5.8623,6.4568,167.3237,-0.6011,-1.0602,167.1434,,,,,,,,,,,,0.0,0.0,0.0,0.0,0
55.74,5.8623,6.4568,167.3237,-0.6011,-1.0602,167.1434,,,,,,,,,,,,0.0,0.0,0.0,0.0,0
55.76,0.554,12.8733,163.0351,-0.6005,-1.0665,163.0177,,,,,,,,,,,,0.0,0.0,0.0,0.0,0
55.78,0.554,12.8733,163.0351,-0.6005,-1.0665,163.0177,,,,,,,,,,,,0.0,0.0,0.0,0.0,0
55.8,0.554,12.8733,163.0351,-0.6005,-1.0665,163.0177,,,,,,,,,,,,0.0,0.0,0.0,0.0,0
55.82,0.554,12.8733,163.0351,-0.6005,-1.0665,163.0177,,,,,,,,,,,,0.0,0.0,0.0,0.0,0
55.84,0.554,12.8733,163.0351,-0.6005,-1.0665,163.0177,,,,,,,,,,,,0.0,0.0,0.0,0.0,0
55.86,-13.3704,24.4866,154.2615,-0.6002,-1.0639,154.7075,,,,,,,,,,,,0.0,0.0,0.0,0.0,0
55.88,-13.3704,24.4866,154.2615,-0.6002,-1.0639,154.7075,,,,,,,,,,,,0.0,0.0,0.0,0.0,0
55.9,-13.3704,24.4866,154.2615,-0.6002,-1.0639,154.7075,,,,,,,,,,,,0.0,0.0,0.0,0.0,0
55.92,-13.3704,24.4866,154.2615,-0.6002,-1.0639,154.7075,,,,,,,,,,,,0.0,0.0,0.0,0.0,0
55.94,-13.3704,24.4866,154.2615,-0.6002,-1.0639,154.7075,,,,,,,,,,,,0.0,0.0,0.0,0.0,0
55.96,-37.0392,29.9705,139.4895,-0.6001,-1.062,140.7137,,,,,,,,,,,,0.0,0.0,0.0,0.0,0
55.98,-37.0392,29.9705,139.4895,-0.6001,-1.062,140.7137,,,,,,,,,,,,0.0,0.0,0.0,0.0,0
56.0,-37.0392,29.9705,139.4895,-0.6001,-1.062,140.7137,,,,,,,,,,,,0.0,0.0,0.0,0.0,0
56.02,-37.0392,29.9705,139.4895,-0.6001,-1.062,140.7137,,,,,,,,,,,,0.0,0.0,0.0,0.0,0
56.04,-37.0392,29.9705,139.4895,-0.6001,-1.062,140.7137,,,,,,,,,,,,0.0,0.0,0.0,0.0,0
56.06,-58.7357,25.9754,127.6018,-0.6,-1.061,129.2822,,,,,,,,,,,,0.0,0.0,0.0,0.0,0
56.08,-58.7357,25.9754,127.6018,-0.6,-1.061,129.2822,,,,,,,,,,,,0.0,0.0,0.0,0.0,0
56.1,-58.7357,25.9754,127.6018,-0.6,-1.061,129.2822,,,,,,,,,,,,0.0,0.0,0.0,0.0,0
56.12,-58.7357,25.9754,127.6018,-0.6,-1.061,129.2822,,,,,,,,,,,,0.0,0.0,0.0,0.0,0
56.14,-58.7357,25.9754,127.6018,-0.6,-1.061,129.2822,,,,,,,,,,,,0.0,0.0,0.0,0.0,0
56.16,-70.4995,16.5564,124.165,-0.5999,-1.0605,125.9012,,,,,,,,,,,,0.0,0.0,0.0,0.0,0
56.18,-70.4995,16.5564,124.165,-0.5999,-1.0605,125.9012,,,,,,,,,,,,0.0,0.0,0.0,0.0,0
56.2,-70.4995,16.5564,124.165,-0.5999,-1.0605,125.9012,,,,,,,,,,,,0.0,0.0,0.0,0.0,0
56.22,-70.4995,16.5564,124.165,-0.5999,-1.0605,125.9012,,,,,,,,,,,,0.0,0.0,0.0,0.0,0
56.24,-70.4995,16.5564,124.165,-0.5999,-1.0605,125.9012,,,,,,,,,,,,0.0,0.0,0.0,0.0,0
56.26,-74.5797,6.8384,125.4445,-0.5999,-1.0604,127.153,,,,,,,,,,,,0.0,0.0,0.0,0.0,0
56.28,-74.5797,6.8384,125.4445,-0.5999,-1.0604,127.153,,,,,,,,,,,,0.0,0.0,0.0,0.0,0
56.3,-74.5797,6.8384,125.4445,-0.5999,-1.0604,127.153,,,,,,,,,,,,0.0,0.0,0.0,0.0,0
56.32,-74.5797,6.8384,125.4445,-0.5999,-1.0604,127.153,,,,,,,,,,,,0.0,0.0,0.0,0.0,0
56.34,-74.5797,6.8384,125.4445,-0.5999,-1.0604,127.153,,,,,,,,,,,,0.0,0.0,0.0,0.0,0
56.36,-75.2383,-1.5544,128.8798,-0.5999,-1.0604,130.5764,,,,,,,,,,,,0.0,0.0,0.0,0.0,0
56.38,-75.2383,-1.5544,128.8798,-0.5999,-1.0604,130.5764,,,,,,,,,,,,0.0,0.0,0.0,0.0,0
56.4,-75.2383,-1.5544,128.8798,-0.5999,-1.0604,130.5764,,,,,,,,,,,,0.0,0.0,0.0,0.0,0
56.42,-75.2383,-1.5544,128.8798,-0.5999,-1.0604,130.5764,,,,,,,,,,,,0.0,0.0,0.0,0.0,0
56.44,-75.2383,-1.5544,128.8798,-0.5999,-1.0604,130.5764,,,,,,,,,,,,0.0,0.0,0.0,0.0,0
56.46,-74.1292,-7.7836,131.0288,-0.5999,-1.0604,132.7274,,,,,,,,,,,,0.0,0.0,0.0,0.0,0
56.48,-74.1292,-7.7836,131.0288,-0.5999,-1.0604,132.7274,,,,,,,,,,,,0.0,0.0,0.0,0.0,0
56.5,-74.1292,-7.7836,131.0288,-0.5999,-1.0604,132.7274,,,,,,,,,,,,0.0,0.0,0.0,0.0,0
56.52,-74.1292,-7.7836,131.0288,-0.5999,-1.0604,132.7274,,,,,,,,,,,,0.0,0.0,0.0,0.0,0
56.54,-74.1292,-7.7836,131.0288,-0.5999,-1.0604,132.7274,,,,,,,,,,,,0.0,0.0,0.0,0.0,0
56.56,-72.2776,-14.8194,129.3271,-0.5999,-1.0604,131.0465,,,,,,,,,,,,0.0,0.0,0.0,0.0,0
56.58,-72.2776,-14.8194,129.3271,-0.5999,-1.0604,131.0465,,,,,,,,,,,,0.0,0.0,0.0,0.0,0
56.6,-72.2776,-14.8194,129.3271,-0.5999,-1.0604,131.0465,,,,,,,,,,,,0.0,0.0,0.0,0.0,0
56.62,-72.2776,-14.8194,129.3271,-0.5999,-1.0604,131.0465,,,,,,,,,,,,0.0,0.0,0.0,0.0,0
56.64,-72.2776,-14.8194,129.3271,-0.5999,-1.0604,131.0465,,,,,,,,,,,,0.0,0.0,0.0,0.0,0
56.66,-68.0368,-19.6973,125.1233,-0.5999,-1.0604,126.8401,,,,,,,,,,,,0.0,0.0,0.0,0.0,0
56.68,-68.0368,-19.6973,125.1233,-0.5999,-1.0604,126.8401,,,,,,,,,,,,0.0,0.0,0.0,0.0,0
56.7,-68.0368,-19.6973,125.1233,-0.5999,-1.0604,126.8401,,,,,,,,,,,,0.0,0.0,0.0,0.0,0
56.72,-68.0368,-19.6973,125.1233,-0.5999,-1.0604,126.8401,,,,,,,,,,,,0.0,0.0,0.0,0.0,0
56.74,-68.0368,-19.6973,125.1233,-0.5999,-1.0604,126.8401,,,,,,,,,,,,0.0,0.0,0.0,0.0,0
56.76,-66.6014,-19.1662,121.7109,-0.5999,-1.0604,123.405,,,,,,,,,,,,0.0,0.0,0.0,0.0,0
56.78,-66.6014,-19.1662,121.7109,-0.5999,-1.0604,123.405,,,,,,,,,,,,0.0,0.0,0.0,0.0,0
56.8,-66.6014,-19.1662,121.7109,-0.5999,-1.0604,123.405,,,,,,,,,,,,0.0,0.0,0.0,0.0,0
56.82,-66.6014,-19.1662,121.7109,-0.5999,-1.0604,123.405,,,,,,,,,,,,0.0,0.0,0.0,0.0,0
56.84,-66.6014,-19.1662,121.7109,-0.5999,-1.0604,123.405,,,,,,,,,,,,0.0,0.0,0.0,0.0,0
56.86,-68.3284,-18.3629,121.1848,-0.5999,-1.0604,122.8921,,,,,,,,,,,,0.0,0.0,0.0,0.0,0
56.88,-68.3284,-18.3629,121.1848,-0.5999,-1.0604,122.8921,,,,,,,,,,,,0.0,0.0,0.0,0.0,0
56.9,-68.3284,-18.3629,121.1848,-0.5999,-1.0604,122.8921,,,,,,,,,,,,0.0,0.0,0.0,0.0,0
56.92,-68.3284,-18.3629,121.1848,-0.5999,-1.0604,122.8921,,,,,,,,,,,,0.0,0.0,0.0,0.0,0
56.94,-68.3284,-18.3629,121.1848,-0.5999,-1.0604,122.8921,,,,,,,,,,,,0.0,0.0,0.0,0.0,0
56.96,-70.0165,-19.4577,121.1391,-0.5999,-1.0604,122.8757,,,,,,,,,,,,0.0,0.0,0.0,0.0,0
56.98,-70.0165,-19.4577,121.1391,-0.5999,-1.0604,122.8757,,,,,,,,,,,,0.0,0.0,0.0,0.0,0
57.0,-70.0165,-19.4577,121.1391,-0.5999,-1.0604,122.8757,,,,,,,,,,,,0.0,0.0,0.0,0.0,0
57.02,-70.0165,-19.4577,121.1391,-0.5999,-1.0604,122.8757,,,,,,,,,,,,0.0,0.0,0.0,0.0,0
57.04,-70.0165,-19.4577,121.1391,-0.5999,-1.0604,122.8757,,,,,,,,,,,,0.0,0.0,0.0,0.0,0
57.06,-71.5546,-21.3346,121.3189,-0.603,-1.0602,123.0916,,,,,,,,,,,,0.0,0.0,0.0,0.0,0
57.08,-71.5546,-21.3346,121.3189,-0.603,-1.0602,123.0916,,,,,,,,,,,,0.0,0.0,0.0,0.0,0
57.1,-71.5546,-21.3346,121.3189,-0.603,-1.0602,123.0916,,,,,,,,,,,,0.0,0.0,0.0,0.0,0
57.12,-71.5546,-21.3346,121.3189,-0.603,-1.0602,123.0916,,,,,,,,,,,,0.0,0.0,0.0,0.0,0
57.14,-71.5546,-21.3346,121.3189,-0.603,-1.0602,123.0916,,,,,,,,,,,,0.0,0.0,0.0,0.0,0
57.16,-71.8113,-21.0394,120.8962,-0.6015,-1.0634,122.6681,,,,,,,,,,,,0.0,0.0,0.0,0.0,0
57.18,-71.8113,-21.0394,120.8962,-0.6015,-1.0634,122.6681,,,,,,,,,,,,0.0,0.0,0.0,0.0,0
57.2,-71.8113,-21.0394,120.8962,-0.6015,-1.0634,122.6681,,,,,,,,,,,,0.0,0.0,0.0,0.0,0
57.22,-71.8113,-21.0394,120.8962,-0.6015,-1.0634,122.6681,,,,,,,,,,,,0.0,0.0,0.0,0.0,0
57.24,-71.8113,-21.0394,120.8962,-0.6015,-1.0634,122.6681,,,,,,,,,,,,0.0,0.0,0.0,0.0,0
57.26,-71.9214,-23.1248,122.1769,-0.6007,-1.0683,123.9747,,,,,,,,,,,,0.0,0.0,0.0,0.0,0
57.28,-71.9214,-23.1248,122.1769,-0.6007,-1.0683,123.9747,,,,,,,,,,,,0.0,0.0,0.0,0.0,0
57.3,-71.9214,-23.1248,122.1769,-0.6007,-1.0683,123.9747,,,,,,,,,,,,0.0,0.0,0.0,0.0,0
57.32,-71.9214,-23.1248,122.1769,-0.6007,-1.0683,123.9747,,,,,,,,,,,,0.0,0.0,0.0,0.0,0
57.34,-71.9214,-23.1248,122.1769,-0.6007,-1.0683,123.9747,,,,,,,,,,,,0.0,0.0,0.0,0.0,0
57.36,-72.0721,-26.8539,121.8582,-0.6003,-1.0642,123.7097,,,,,,,,,,,,0.0,0.0,0.0,0.0,0
57.38,-72.0721,-26.8539,121.8582,-0.6003,-1.0642,123.7097,,,,,,,,,,,,0.0,0.0,0.0,0.0,0
57.4,-72.0721,-26.8539,121.8582,-0.6003,-1.0642,123.7097,,,,,,,,,,,,0.0,0.0,0.0,0.0,0
57.42,-72.0721,-26.8539,121.8582,-0.6003,-1.0642,123.7097,,,,,,,,,,,,0.0,0.0,0.0,0.0,0
57.44,-72.0721,-26.8539,121.8582,-0.6003,-1.0642,123.7097,,,,,,,,,,,,0.0,0.0,0.0,0.0,0
57.46,-71.6238,-26.7464,121.3979,-0.6001,-1.0622,123.2432,,,,,,,,,,,,0.0,0.0,0.0,0.0,0
57.48,-71.6238,-26.7464,121.3979,-0.6001,-1.0622,123.2432,,,,,,,,,,,,0.0,0.0,0.0,0.0,0
57.5,-71.6238,-26.7464,121.3979,-0.6001,-1.0622,123.2432,,,,,,,,,,,,0.0,0.0,0.0,0.0,0
57.52,-71.6238,-26.7464,121.3979,-0.6001,-1.0622,123.2432,,,,,,,,,,,,0.0,0.0,0.0,0.0,0
57.54,-71.6238,-26.7464,121.3979,-0.6001,-1.0622,123.2432,,,,,,,,,,,,0.0,0.0,0.0,0.0,0
57.56,-71.8343,-28.1606,126.0,-0.6,-1.0611,127.8701,,,,,,,,,,,,0.0,0.0,0.0,0.0,0
57.58,-71.8343,-28.1606,126.0,-0.6,-1.0611,127.8701,,,,,,,,,,,,0.0,0.0,0.0,0.0,0
57.6,-71.8343,-28.1606,126.0,-0.6,-1.0611,127.8701,,,,,,,,,,,,0.0,0.0,0.0,0.0,0
57.62,-71.8343,-28.1606,126.0,-0.6,-1.0611,127.8701,,,,,,,,,,,,0.0,0.0,0.0,0.0,0
57.64,-71.8343,-28.1606,126.0,-0.6,-1.0611,127.8701,,,,,,,,,,,,0.0,0.0,0.0,0.0,0
57.66,-70.5365,-29.8997,135.2046,-0.5999,-1.0725,137.0909,,,,,,,,,,,,0.0,0.0,0.0,0.0,0
57.68,-70.5365,-29.8997,135.2046,-0.5999,-1.0725,137.0909,,,,,,,,,,,,0.0,0.0,0.0,0.0,0
57.7,-70.5365,-29.8997,135.2046,-0.5999,-1.0725,137.0909,,,,,,,,,,,,0.0,0.0,0.0,0.0,0
57.72,-70.5365,-29.8997,135.2046,-0.5999,-1.0725,137.0909,,,,,,,,,,,,0.0,0.0,0.0,0.0,0
57.74,-70.5365,-29.8997,135.2046,-0.5999,-1.0725,137.0909,,,,,,,,,,,,0.0,0.0,0.0,0.0,0
57.76,-70.8305,-31.4376,146.1611,-0.5999,-1.0664,148.0796,,,,,,,,,,,,0.0,0.0,0.0,0.0,0
57.78,-70.8305,-31.4376,146.1611,-0.5999,-1.0664,148.0796,,,,,,,,,,,,0.0,0.0,0.0,0.0,0
57.8,-70.8305,-31.4376,146.1611,-0.5999,-1.0664,148.0796,,,,,,,,,,,,0.0,0.0,0.0,0.0,0
57.82,-70.8305,-31.4376,146.1611,-0.5999,-1.0664,148.0796,,,,,,,,,,,,0.0,0.0,0.0,0.0,0
57.84,-70.8305,-31.4376,146.1611,-0.5999,-1.0664,148.0796,,,,,,,,,,,,0.0,0.0,0.0,0.0,0
57.86,-71.7479,-33.1412,155.4035,-0.5999,-1.0633,157.3667,,,,,,,,,,,,0.0,0.0,0.0,0.0,0
57.88,-71.7479,-33.1412,155.4035,-0.5999,-1.0633,157.3667,,,,,,,,,,,,0.0,0.0,0.0,0.0,0
57.9,-71.7479,-33.1412,155.4035,-0.5999,-1.0633,157.3667,,,,,,,,,,,,0.0,0.0,0.0,0.0,0
57.92,-71.7479,-33.1412,155.4035,-0.5999,-1.0633,157.3667,,,,,,,,,,,,0.0,0.0,0.0,0.0,0
57.94,-71.7479,-33.1412,155.4035,-0.5999,-1.0633,157.3667,,,,,,,,,,,,0.0,0.0,0.0,0.0,0
57.96,-70.554,-33.353,159.0772,-0.5999,-1.0692,161.0317,,,,,,,,,,,,0.0,0.0,0.0,0.0,0
57.98,-70.554,-33.353,159.0772,-0.5999,-1.0692,161.0317,,,,,,,,,,,,0.0,0.0,0.0,0.0,0
58.0,-70.554,-33.353,159.0772,-0.5999,-1.0692,161.0317,,,,,,,,,,,,0.0,0.0,0.0,0.0,0
58.02,-70.554,-33.353,159.0772,-0.5999,-1.0692,161.0317,,,,,,,,,,,,0.0,0.0,0.0,0.0,0
58.04,-70.554,-33.353,159.0772,-0.5999,-1.0692,161.0317,,,,,,,,,,,,0.0,0.0,0.0,0.0,0
58.06,-67.6902,-30.0913,156.0492,-0.5999,-1.0904,157.9049,,,,,,,,,,,,0.0,0.0,0.0,0.0,0
58.08,-67.6902,-30.0913,156.0492,-0.5999,-1.0904,157.9049,,,,,,,,,,,,0.0,0.0,0.0,0.0,0
58.1,-67.6902,-30.0913,156.0492,-0.5999,-1.0904,157.9049,,,,,,,,,,,,0.0,0.0,0.0,0.0,0
58.12,-67.6902,-30.0913,156.0492,-0.5999,-1.0904,157.9049,,,,,,,,,,,,0.0,0.0,0.0,0.0,0
58.14,-67.6902,-30.0913,156.0492,-0.5999,-1.0904,157.9049,,,,,,,,,,,,0.0,0.0,0.0,0.0,0
58.16,-66.8718,-27.7347,150.1563,-0.5999,-1.0815,151.9617,,,,,,,,,,,,0.0,0.0,0.0,0.0,0
58.18,-66.8718,-27.7347,150.1563,-0.5999,-1.0815,151.9617,,,,,,,,,,,,0.0,0.0,0.0,0.0,0
58.2,-66.8718,-27.7347,150.1563,-0.5999,-1.0815,151.9617,,,,,,,,,,,,0.0,0.0,0.0,0.0,0
58.22,-66.8718,-27.7347,150.1563,-0.5999,-1.0815,151.9617,,,,,,,,,,,,0.0,0.0,0.0,0.0,0
58.24,-66.8718,-27.7347,150.1563,-0.5999,-1.0815,151.9617,,,,,,,,,,,,0.0,0.0,0.0,0.0,0
58.26,-68.5888,-29.551,143.2349,-0.5999,-1.0733,145.0923,,,,,,,,,,,,0.0,0.0,0.0,0.0,0
58.28,-68.5888,-29.551,143.2349,-0.5999,-1.0733,145.0923,,,,,,,,,,,,0.0,0.0,0.0,0.0,0
58.3,-68.5888,-29.551,143.2349,-0.5999,-1.0733,145.0923,,,,,,,,,,,,0.0,0.0,0.0,0.0,0
58.32,-68.5888,-29.551,143.2349,-0.5999,-1.0733,145.0923,,,,,,,,,,,,0.0,0.0,0.0,0.0,0
58.34,-68.5888,-29.551,143.2349,-0.5999,-1.0733,145.0923,,,,,,,,,,,,0.0,0.0,0.0,0.0,0
58.36,-69.9364,-31.5914,134.2125,-0.5999,-1.0724,136.1238,,,,,,,,,,,,0.0,0.0,0.0,0.0,0
58.38,-69.9364,-31.5914,134.2125,-0.5999,-1.0724,136.1238,,,,,,,,,,,,0.0,0.0,0.0,0.0,0
58.4,-69.9364,-31.5914,134.2125,-0.5999,-1.0724,136.1238,,,,,,,,,,,,0.0,0.0,0.0,0.0,0
58.42,-69.9364,-31.5914,134.2125,-0.5999,-1.0724,136.1238,,,,,,,,,,,,0.0,0.0,0.0,0.0,0
58.44,-69.9364,-31.5914,134.2125,-0.5999,-1.0724,136.1238,,,,,,,,,,,,0.0,0.0,0.0,0.0,0
58.46,-70.576,-32.935,124.4281,-0.5999,-1.0686,126.3741,,,,,,,,,,,,0.0,0.0,0.0,0.0,0
58.48,-70.576,-32.935,124.4281,-0.5999,-1.0686,126.3741,,,,,,,,,,,,0.0,0.0,0.0,0.0,0
58.5,-70.576,-32.935,124.4281,-0.5999,-1.0686,126.3741,,,,,,,,,,,,0.0,0.0,0.0,0.0,0
58.52,-70.576,-32.935,124.4281,-0.5999,-1.0686,126.3741,,,,,,,,,,,,0.0,0.0,0.0,0.0,0
58.54,-70.576,-32.935,124.4281,-0.5999,-1.0686,126.3741,,,,,,,,,,,,0.0,0.0,0.0,0.0,0
58.56,-70.5267,-31.0135,116.3,-0.5999,-1.0644,118.2069,,,,,,,,,,,,0.0,0.0,0.0,0.0,0
