time_sec,roll,pitch,yaw,roll_des,pitch_des,yaw_des,gyro_x,gyro_y,gyro_z,accel_x,accel_y,accel_z,vbat,ibat,lat,lon,alt,motor_1,motor_2,motor_3,motor_4,flight_mode
0.0,-2.9853,-2.8477,338.9499,0.0002,0.0003,338.9499,,,,,,,,,,,,0.0,0.0,0.0,0.0,0
0.02,-2.9853,-2.8477,338.9499,0.0002,0.0003,338.9499,,,,,,,,,,,,0.0,0.0,0.0,0.0,0
0.04,-2.9853,-2.8477,338.9499,0.0002,0.0003,338.9499,,,,,,,,,,,,0.0,0.0,0.0,0.0,0
0.06,-2.9853,-2.8477,338.9499,0.0002,0.0003,338.9499,,,,,,,,,,,,0.0,0.0,0.0,0.0,0
0.08,-2.9853,-2.8477,338.9499,0.0002,0.0003,338.9499,,,,,,,,,,,,0.0,0.0,0.0,0.0,0
0.1,-2.9862,-2.8717,338.9341,0.0002,0.0003,338.9341,,,,,,,,,,,,0.0,0.0,0.0,0.0,0
0.12,-2.9862,-2.8717,338.9341,0.0002,0.0003,338.9341,,,,,,,,,,,,0.0,0.0,0.0,0.0,0
0.14,-2.9862,-2.8717,338.9341,0.0002,0.0003,338.9341,,,,,,,,,,,,0.0,0.0,0.0,0.0,0
0.16,-2.9862,-2.8717,338.9341,0.0002,0.0003,338.9341,,,,,,,,,,,,0.0,0.0,0.0,0.0,0
0.18,-2.9862,-2.8717,338.9341,0.0002,0.0003,338.9341,,,,,,,,,,,,0.0,0.0,0.0,0.0,0
0.2,-2.9849,-2.8723,338.9302,0.0002,0.0003,338.9302,,,,,,,,,,,,0.0,0.0,0.0,0.0,0
0.22,-2.9849,-2.8723,338.9302,0.0002,0.0003,338.9302,,,,,,,,,,,,0.0,0.0,0.0,0.0,0
0.24,-2.9849,-2.8723,338.9302,0.0002,0.0003,338.9302,,,,,,,,,,,,0.0,0.0,0.0,0.0,0
0.26,-2.9849,-2.8723,338.9302,0.0002,0.0003,338.9302,,,,,,,,,,,,0.0,0.0,0.0,0.0,0
0.28,-2.9849,-2.8723,338.9302,0.0002,0.0003,338.9302,,,,,,,,,,,,0.0,0.0,0.0,0.0,0
0.3,-2.9849,-2.8723,338.9302,0.0002,0.0003,338.9302,,,,,,,,,,,,0.0,0.0,0.0,0.0,0
0.32,-2.9865,-2.8616,338.9117,0.0002,0.0002,338.9117,,,,,,,,,,,,0.0,0.0,0.0,0.0,0
0.34,-2.9865,-2.8616,338.9117,0.0002,0.0002,338.9117,,,,,,,,,,,,0.0,0.0,0.0,0.0,0
0.36,-2.9865,-2.8616,338.9117,0.0002,0.0002,338.9117,,,,,,,,,,,,0.0,0.0,0.0,0.0,0
0.38,-2.9865,-2.8616,338.9117,0.0002,0.0002,338.9117,,,,,,,,,,,,0.0,0.0,0.0,0.0,0
0.4,-2.993,-2.8756,338.9152,0.0002,0.0002,338.9152,,,,,,,,,,,,0.0,0.0,0.0,0.0,0
0.42,-2.993,-2.8756,338.9152,0.0002,0.0002,338.9152,,,,,,,,,,,,0.0,0.0,0.0,0.0,0
0.44,-2.993,-2.8756,338.9152,0.0002,0.0002,338.9152,,,,,,,,,,,,0.0,0.0,0.0,0.0,0
0.46,-2.993,-2.8756,338.9152,0.0002,0.0002,338.9152,,,,,,,,,,,,0.0,0.0,0.0,0.0,0
0.48,-2.993,-2.8756,338.9152,0.0002,0.0002,338.9152,,,,,,,,,,,,0.0,0.0,0.0,0.0,0
0.5,-2.993,-2.8756,338.9152,0.0002,0.0002,338.9152,,,,,,,,,,,,0.0,0.0,0.0,0.0,0
0.52,-3.0013,-2.895,338.8906,0.0002,0.0002,338.8906,,,,,,,,,,,,0.0,0.0,0.0,0.0,0
0.54,-3.0013,-2.895,338.8906,0.0002,0.0002,338.8906,,,,,,,,,,,,0.0,0.0,0.0,0.0,0
0.56,-3.0013,-2.895,338.8906,0.0002,0.0002,338.8906,,,,,,,,,,,,0.0,0.0,0.0,0.0,0
0.58,-3.0013,-2.895,338.8906,0.0002,0.0002,338.8906,,,,,,,,,,,,0.0,0.0,0.0,0.0,0
0.6,-3.003,-2.9001,338.9124,0.0002,0.0002,338.9124,,,,,,,,,,,,0.0,0.0,0.0,0.0,0
0.62,-3.003,-2.9001,338.9124,0.0002,0.0002,338.9124,,,,,,,,,,,,0.0,0.0,0.0,0.0,0
0.64,-3.003,-2.9001,338.9124,0.0002,0.0002,338.9124,,,,,,,,,,,,0.0,0.0,0.0,0.0,0
0.66,-3.003,-2.9001,338.9124,0.0002,0.0002,338.9124,,,,,,,,,,,,0.0,0.0,0.0,0.0,0
0.68,-3.003,-2.9001,338.9124,0.0002,0.0002,338.9124,,,,,,,,,,,,0.0,0.0,0.0,0.0,0
0.7,-3.003,-2.9001,338.9124,0.0002,0.0002,338.9124,,,,,,,,,,,,0.0,0.0,0.0,0.0,0
0.72,-3.0073,-2.9378,338.9166,0.0002,0.0002,338.9166,,,,,,,,,,,,0.0,0.0,0.0,0.0,0
0.74,-3.0073,-2.9378,338.9166,0.0002,0.0002,338.9166,,,,,,,,,,,,0.0,0.0,0.0,0.0,0
0.76,-3.0073,-2.9378,338.9166,0.0002,0.0002,338.9166,,,,,,,,,,,,0.0,0.0,0.0,0.0,0
0.78,-3.0073,-2.9378,338.9166,0.0002,0.0002,338.9166,,,,,,,,,,,,0.0,0.0,0.0,0.0,0
0.8,-3.015,-2.9632,338.935,0.0002,0.0002,338.935,,,,,,,,,,,,0.0,0.0,0.0,0.0,0
0.82,-3.015,-2.9632,338.935,0.0002,0.0002,338.935,,,,,,,,,,,,0.0,0.0,0.0,0.0,0
0.84,-3.015,-2.9632,338.935,0.0002,0.0002,338.935,,,,,,,,,,,,0.0,0.0,0.0,0.0,0
0.86,-3.015,-2.9632,338.935,0.0002,0.0002,338.935,,,,,,,,,,,,0.0,0.0,0.0,0.0,0
0.88,-3.015,-2.9632,338.935,0.0002,0.0002,338.935,,,,,,,,,,,,0.0,0.0,0.0,0.0,0
0.9,-3.015,-2.9632,338.935,0.0002,0.0002,338.935,,,,,,,,,,,,0.0,0.0,0.0,0.0,0
0.92,-3.0199,-2.9769,338.9405,0.0002,0.0002,338.9405,,,,,,,,,,,,0.0,0.0,0.0,0.0,0
0.94,-3.0199,-2.9769,338.9405,0.0002,0.0002,338.9405,,,,,,,,,,,,0.0,0.0,0.0,0.0,0
0.96,-3.0199,-2.9769,338.9405,0.0002,0.0002,338.9405,,,,,,,,,,,,0.0,0.0,0.0,0.0,0
0.98,-3.0199,-2.9769,338.9405,0.0002,0.0002,338.9405,,,,,,,,,,,,0.0,0.0,0.0,0.0,0
1.0,-3.0238,-2.9455,338.9431,0.0002,0.0002,338.9431,,,,,,,,,,,,0.0,0.0,0.0,0.0,0
1.02,-3.0238,-2.9455,338.9431,0.0002,0.0002,338.9431,,,,,,,,,,,,0.0,0.0,0.0,0.0,0
1.04,-3.0238,-2.9455,338.9431,0.0002,0.0002,338.9431,,,,,,,,,,,,0.0,0.0,0.0,0.0,0
1.06,-3.0238,-2.9455,338.9431,0.0002,0.0002,338.9431,,,,,,,,,,,,0.0,0.0,0.0,0.0,0
1.08,-3.0238,-2.9455,338.9431,0.0002,0.0002,338.9431,,,,,,,,,,,,0.0,0.0,0.0,0.0,0
1.1,-3.0238,-2.9455,338.9431,0.0002,0.0002,338.9431,,,,,,,,,,,,0.0,0.0,0.0,0.0,0
1.12,-3.0293,-2.9462,338.9343,0.0002,0.0002,338.9343,,,,,,,,,,,,0.0,0.0,0.0,0.0,0
1.14,-3.0293,-2.9462,338.9343,0.0002,0.0002,338.9343,,,,,,,,,,,,0.0,0.0,0.0,0.0,0
1.16,-3.0293,-2.9462,338.9343,0.0002,0.0002,338.9343,,,,,,,,,,,,0.0,0.0,0.0,0.0,0
1.18,-3.0293,-2.9462,338.9343,0.0002,0.0002,338.9343,,,,,,,,,,,,0.0,0.0,0.0,0.0,0
1.2,-3.0319,-2.9207,338.9323,0.0002,0.0002,338.9323,,,,,,,,,,,,0.0,0.0,0.0,0.0,0
1.22,-3.0319,-2.9207,338.9323,0.0002,0.0002,338.9323,,,,,,,,,,,,0.0,0.0,0.0,0.0,0
1.24,-3.0319,-2.9207,338.9323,0.0002,0.0002,338.9323,,,,,,,,,,,,0.0,0.0,0.0,0.0,0
1.26,-3.0319,-2.9207,338.9323,0.0002,0.0002,338.9323,,,,,,,,,,,,0.0,0.0,0.0,0.0,0
1.28,-3.0319,-2.9207,338.9323,0.0002,0.0002,338.9323,,,,,,,,,,,,0.0,0.0,0.0,0.0,0
1.3,-3.0319,-2.9207,338.9323,0.0002,0.0002,338.9323,,,,,,,,,,,,0.0,0.0,0.0,0.0,0
1.32,-3.0376,-2.9646,338.9388,0.0002,0.0002,338.9388,,,,,,,,,,,,0.0,0.0,0.0,0.0,0
1.34,-3.0376,-2.9646,338.9388,0.0002,0.0002,338.9388,,,,,,,,,,,,0.0,0.0,0.0,0.0,0
1.36,-3.0376,-2.9646,338.9388,0.0002,0.0002,338.9388,,,,,,,,,,,,0.0,0.0,0.0,0.0,0
1.38,-3.0376,-2.9646,338.9388,0.0002,0.0002,338.9388,,,,,,,,,,,,0.0,0.0,0.0,0.0,0
1.4,-3.0397,-2.9862,338.9384,0.0002,0.0002,338.9384,,,,,,,,,,,,0.0,0.0,0.0,0.0,0
1.42,-3.0397,-2.9862,338.9384,0.0002,0.0002,338.9384,,,,,,,,,,,,0.0,0.0,0.0,0.0,0
1.44,-3.0397,-2.9862,338.9384,0.0002,0.0002,338.9384,,,,,,,,,,,,0.0,0.0,0.0,0.0,0
1.46,-3.0397,-2.9862,338.9384,0.0002,0.0002,338.9384,,,,,,,,,,,,0.0,0.0,0.0,0.0,0
1.48,-3.0397,-2.9862,338.9384,0.0002,0.0002,338.9384,,,,,,,,,,,,0.0,0.0,0.0,0.0,0
1.5,-3.0397,-2.9862,338.9384,0.0002,0.0002,338.9384,,,,,,,,,,,,0.0,0.0,0.0,0.0,0
1.52,-3.0421,-3.0061,338.9544,0.0002,0.0002,338.9544,,,,,,,,,,,,0.0,0.0,0.0,0.0,0
1.54,-3.0421,-3.0061,338.9544,0.0002,0.0002,338.9544,,,,,,,,,,,,0.0,0.0,0.0,0.0,0
1.56,-3.0421,-3.0061,338.9544,0.0002,0.0002,338.9544,,,,,,,,,,,,0.0,0.0,0.0,0.0,0
1.58,-3.0421,-3.0061,338.9544,0.0002,0.0002,338.9544,,,,,,,,,,,,0.0,0.0,0.0,0.0,0
1.6,-3.0386,-3.0044,338.9391,0.0002,0.0002,338.9391,,,,,,,,,,,,0.0,0.0,0.0,0.0,0
1.62,-3.0386,-3.0044,338.9391,0.0002,0.0002,338.9391,,,,,,,,,,,,0.0,0.0,0.0,0.0,0
1.64,-3.0386,-3.0044,338.9391,0.0002,0.0002,338.9391,,,,,,,,,,,,0.0,0.0,0.0,0.0,0
1.66,-3.0386,-3.0044,338.9391,0.0002,0.0002,338.9391,,,,,,,,,,,,0.0,0.0,0.0,0.0,0
1.68,-3.0386,-3.0044,338.9391,0.0002,0.0002,338.9391,,,,,,,,,,,,0.0,0.0,0.0,0.0,0
1.7,-3.0386,-3.0044,338.9391,0.0002,0.0002,338.9391,,,,,,,,,,,,0.0,0.0,0.0,0.0,0
1.72,-3.0465,-2.9948,338.9474,0.0002,0.0002,338.9474,,,,,,,,,,,,0.0,0.0,0.0,0.0,0
1.74,-3.0465,-2.9948,338.9474,0.0002,0.0002,338.9474,,,,,,,,,,,,0.0,0.0,0.0,0.0,0
1.76,-3.0465,-2.9948,338.9474,0.0002,0.0002,338.9474,,,,,,,,,,,,0.0,0.0,0.0,0.0,0
1.78,-3.0465,-2.9948,338.9474,0.0002,0.0002,338.9474,,,,,,,,,,,,0.0,0.0,0.0,0.0,0
1.8,-3.0514,-2.9958,338.925,0.0002,0.0002,338.925,,,,,,,,,,,,0.0,0.0,0.0,0.0,0
1.82,-3.0514,-2.9958,338.925,0.0002,0.0002,338.925,,,,,,,,,,,,0.0,0.0,0.0,0.0,0
1.84,-3.0514,-2.9958,338.925,0.0002,0.0002,338.925,,,,,,,,,,,,0.0,0.0,0.0,0.0,0
1.86,-3.0514,-2.9958,338.925,0.0002,0.0002,338.925,,,,,,,,,,,,0.0,0.0,0.0,0.0,0
1.88,-3.0514,-2.9958,338.925,0.0002,0.0002,338.925,,,,,,,,,,,,0.0,0.0,0.0,0.0,0
1.9,-3.0514,-2.9958,338.925,0.0002,0.0002,338.925,,,,,,,,,,,,0.0,0.0,0.0,0.0,0
1.92,-3.0571,-2.9974,338.9428,0.0002,0.0002,338.9428,,,,,,,,,,,,0.0,0.0,0.0,0.0,0
1.94,-3.0571,-2.9974,338.9428,0.0002,0.0002,338.9428,,,,,,,,,,,,0.0,0.0,0.0,0.0,0
1.96,-3.0571,-2.9974,338.9428,0.0002,0.0002,338.9428,,,,,,,,,,,,0.0,0.0,0.0,0.0,0
1.98,-3.0571,-2.9974,338.9428,0.0002,0.0002,338.9428,,,,,,,,,,,,0.0,0.0,0.0,0.0,0
2.0,-3.0599,-3.0035,338.9304,0.0002,0.0002,338.9304,,,,,,,,,,,,0.0,0.0,0.0,0.0,0
2.02,-3.0599,-3.0035,338.9304,0.0002,0.0002,338.9304,,,,,,,,,,,,0.0,0.0,0.0,0.0,0
2.04,-3.0599,-3.0035,338.9304,0.0002,0.0002,338.9304,,,,,,,,,,,,0.0,0.0,0.0,0.0,0
2.06,-3.0599,-3.0035,338.9304,0.0002,0.0002,338.9304,,,,,,,,,,,,0.0,0.0,0.0,0.0,0
2.08,-3.0599,-3.0035,338.9304,0.0002,0.0002,338.9304,,,,,,,,,,,,0.0,0.0,0.0,0.0,0
2.1,-3.0599,-3.0035,338.9304,0.0002,0.0002,338.9304,,,,,,,,,,,,0.0,0.0,0.0,0.0,0
2.12,-3.0607,-3.006,338.9456,0.0002,0.0002,338.9456,,,,,,,,,,,,0.03,0.03,0.03,0.03,0
2.14,-3.0607,-3.006,338.9456,0.0002,0.0002,338.9456,,,,,,,,,,,,0.03,0.03,0.03,0.03,0
2.16,-3.0607,-3.006,338.9456,0.0002,0.0002,338.9456,,,,,,,,,,,,0.03,0.03,0.03,0.03,0
2.18,-3.0607,-3.006,338.9456,0.0002,0.0002,338.9456,,,,,,,,,,,,0.03,0.03,0.03,0.03,0
2.2,-3.0617,-3.0278,338.9485,0.0002,0.0002,338.9485,,,,,,,,,,,,0.03,0.03,0.03,0.03,0
2.22,-3.0617,-3.0278,338.9485,0.0002,0.0002,338.9485,,,,,,,,,,,,0.06,0.06,0.06,0.06,0
2.24,-3.0617,-3.0278,338.9485,0.0002,0.0002,338.9485,,,,,,,,,,,,0.06,0.06,0.06,0.06,0
2.26,-3.0617,-3.0278,338.9485,0.0002,0.0002,338.9485,,,,,,,,,,,,0.06,0.06,0.06,0.06,0
2.28,-3.0617,-3.0278,338.9485,0.0002,0.0002,338.9485,,,,,,,,,,,,0.06,0.06,0.06,0.06,0
2.3,-3.0617,-3.0278,338.9485,0.0002,0.0002,338.9485,,,,,,,,,,,,0.06,0.06,0.06,0.06,0
2.32,-3.0608,-3.0443,339.1353,0.0002,0.0002,339.1353,,,,,,,,,,,,0.089,0.089,0.089,0.089,0
2.34,-3.0608,-3.0443,339.1353,0.0002,0.0002,339.1353,,,,,,,,,,,,0.089,0.089,0.089,0.089,0
2.36,-3.0608,-3.0443,339.1353,0.0002,0.0002,339.1353,,,,,,,,,,,,0.089,0.089,0.089,0.089,0
2.38,-3.0608,-3.0443,339.1353,0.0002,0.0002,339.1353,,,,,,,,,,,,0.089,0.089,0.089,0.089,0
2.4,-3.0696,-3.0049,339.1298,0.0002,0.0002,339.1298,,,,,,,,,,,,0.089,0.089,0.089,0.089,0
2.42,-3.0696,-3.0049,339.1298,0.0002,0.0002,339.1298,,,,,,,,,,,,0.1,0.1,0.1,0.1,0
2.44,-3.0696,-3.0049,339.1298,0.0002,0.0002,339.1298,,,,,,,,,,,,0.1,0.1,0.1,0.1,0
2.46,-3.0696,-3.0049,339.1298,0.0002,0.0002,339.1298,,,,,,,,,,,,0.1,0.1,0.1,0.1,0
2.48,-3.0696,-3.0049,339.1298,0.0002,0.0002,339.1298,,,,,,,,,,,,0.1,0.1,0.1,0.1,0
2.5,-3.0696,-3.0049,339.1298,0.0002,0.0002,339.1298,,,,,,,,,,,,0.1,0.1,0.1,0.1,0
2.52,-3.0741,-3.0077,339.1413,0.0002,0.0002,339.1413,,,,,,,,,,,,0.1,0.1,0.1,0.1,0
2.54,-3.0741,-3.0077,339.1413,0.0002,0.0002,339.1413,,,,,,,,,,,,0.1,0.1,0.1,0.1,0
2.56,-3.0741,-3.0077,339.1413,0.0002,0.0002,339.1413,,,,,,,,,,,,0.1,0.1,0.1,0.1,0
2.58,-3.0741,-3.0077,339.1413,0.0002,0.0002,339.1413,,,,,,,,,,,,0.1,0.1,0.1,0.1,0
2.6,-3.0665,-2.6965,339.1057,0.0002,0.0002,339.1057,,,,,,,,,,,,0.1,0.1,0.1,0.1,0
2.62,-3.0665,-2.6965,339.1057,0.0002,0.0002,339.1057,,,,,,,,,,,,0.1,0.1,0.1,0.1,0
2.64,-3.0665,-2.6965,339.1057,0.0002,0.0002,339.1057,,,,,,,,,,,,0.1,0.1,0.1,0.1,0
2.66,-3.0665,-2.6965,339.1057,0.0002,0.0002,339.1057,,,,,,,,,,,,0.1,0.1,0.1,0.1,0
2.68,-3.0665,-2.6965,339.1057,0.0002,0.0002,339.1057,,,,,,,,,,,,0.1,0.1,0.1,0.1,0
2.7,-3.0665,-2.6965,339.1057,0.0002,0.0002,339.1057,,,,,,,,,,,,0.1,0.1,0.1,0.1,0
2.72,-3.0714,-2.7453,339.0959,0.0002,0.0002,339.0959,,,,,,,,,,,,0.1,0.1,0.1,0.1,0
2.74,-3.0714,-2.7453,339.0959,0.0002,0.0002,339.0959,,,,,,,,,,,,0.1,0.1,0.1,0.1,0
2.76,-3.0714,-2.7453,339.0959,0.0002,0.0002,339.0959,,,,,,,,,,,,0.1,0.1,0.1,0.1,0
2.78,-3.0714,-2.7453,339.0959,0.0002,0.0002,339.0959,,,,,,,,,,,,0.1,0.1,0.1,0.1,0
2.8,-3.0868,-2.5378,339.4212,0.0002,0.0002,339.4212,,,,,,,,,,,,0.1,0.1,0.1,0.1,0
2.82,-3.0868,-2.5378,339.4212,0.0002,0.0002,339.4212,,,,,,,,,,,,0.1,0.1,0.1,0.1,0
2.84,-3.0868,-2.5378,339.4212,0.0002,0.0002,339.4212,,,,,,,,,,,,0.1,0.1,0.1,0.1,0
2.86,-3.0868,-2.5378,339.4212,0.0002,0.0002,339.4212,,,,,,,,,,,,0.1,0.1,0.1,0.1,0
2.88,-3.0868,-2.5378,339.4212,0.0002,0.0002,339.4212,,,,,,,,,,,,0.1,0.1,0.1,0.1,0
2.9,-3.0868,-2.5378,339.4212,0.0002,0.0002,339.4212,,,,,,,,,,,,0.1,0.1,0.1,0.1,0
2.92,-3.1272,-1.3611,340.0151,0.0002,0.0002,340.0151,,,,,,,,,,,,0.1,0.1,0.1,0.1,0
2.94,-3.1272,-1.3611,340.0151,0.0002,0.0002,340.0151,,,,,,,,,,,,0.1,0.1,0.1,0.1,0
2.96,-3.1272,-1.3611,340.0151,0.0002,0.0002,340.0151,,,,,,,,,,,,0.1,0.1,0.1,0.1,0
2.98,-3.1272,-1.3611,340.0151,0.0002,0.0002,340.0151,,,,,,,,,,,,0.1,0.1,0.1,0.1,0
3.0,-3.0972,-1.2465,340.1834,0.0002,0.0002,340.1834,,,,,,,,,,,,0.1,0.1,0.1,0.1,0
3.02,-3.0972,-1.2465,340.1834,0.0002,0.0002,340.1834,,,,,,,,,,,,0.1,0.1,0.1,0.1,0
3.04,-3.0972,-1.2465,340.1834,0.0002,0.0002,340.1834,,,,,,,,,,,,0.1,0.1,0.1,0.1,0
3.06,-3.0972,-1.2465,340.1834,0.0002,0.0002,340.1834,,,,,,,,,,,,0.1,0.1,0.1,0.1,0
3.08,-3.0972,-1.2465,340.1834,0.0002,0.0002,340.1834,,,,,,,,,,,,0.1,0.1,0.1,0.1,0
3.1,-3.0972,-1.2465,340.1834,0.0002,0.0002,340.1834,,,,,,,,,,,,0.1,0.1,0.1,0.1,0
3.12,-3.0891,-1.496,340.272,0.0002,0.0002,340.272,,,,,,,,,,,,0.1,0.1,0.1,0.1,0
3.14,-3.0891,-1.496,340.272,0.0002,0.0002,340.272,,,,,,,,,,,,0.1,0.1,0.1,0.1,0
3.16,-3.0891,-1.496,340.272,0.0002,0.0002,340.272,,,,,,,,,,,,0.1,0.1,0.1,0.1,0
3.18,-3.0891,-1.496,340.272,0.0002,0.0002,340.272,,,,,,,,,,,,0.1,0.1,0.1,0.1,0
3.2,-3.0877,-1.2741,340.3981,0.0002,0.0002,340.3981,,,,,,,,,,,,0.1,0.1,0.1,0.1,0
3.22,-3.0877,-1.2741,340.3981,0.0002,0.0002,340.3981,,,,,,,,,,,,0.1,0.1,0.1,0.1,0
3.24,-3.0877,-1.2741,340.3981,0.0002,0.0002,340.3981,,,,,,,,,,,,0.1,0.1,0.1,0.1,0
3.26,-3.0877,-1.2741,340.3981,0.0002,0.0002,340.3981,,,,,,,,,,,,0.1,0.1,0.1,0.1,0
3.28,-3.0877,-1.2741,340.3981,0.0002,0.0002,340.3981,,,,,,,,,,,,0.1,0.1,0.1,0.1,0
3.3,-3.0877,-1.2741,340.3981,0.0002,0.0002,340.3981,,,,,,,,,,,,0.1,0.1,0.1,0.1,0
3.32,-3.0899,-1.1901,340.3379,0.0002,0.0002,340.3379,,,,,,,,,,,,0.1,0.1,0.1,0.1,0
3.34,-3.0899,-1.1901,340.3379,0.0002,0.0002,340.3379,,,,,,,,,,,,0.1,0.1,0.1,0.1,0
3.36,-3.0899,-1.1901,340.3379,0.0002,0.0002,340.3379,,,,,,,,,,,,0.1,0.1,0.1,0.1,0
3.38,-3.0899,-1.1901,340.3379,0.0002,0.0002,340.3379,,,,,,,,,,,,0.1,0.1,0.1,0.1,0
3.4,-3.0956,-1.2872,340.1977,0.0002,0.0002,340.1977,,,,,,,,,,,,0.1,0.1,0.1,0.1,0
3.42,-3.0956,-1.2872,340.1977,0.0002,0.0002,340.1977,,,,,,,,,,,,0.1,0.1,0.1,0.1,0
3.44,-3.0956,-1.2872,340.1977,0.0002,0.0002,340.1977,,,,,,,,,,,,0.1,0.1,0.1,0.1,0
3.46,-3.0956,-1.2872,340.1977,0.0002,0.0002,340.1977,,,,,,,,,,,,0.1,0.1,0.1,0.1,0
3.48,-3.0956,-1.2872,340.1977,0.0002,0.0002,340.1977,,,,,,,,,,,,0.1,0.1,0.1,0.1,0
3.5,-3.0956,-1.2872,340.1977,0.0002,0.0002,340.1977,,,,,,,,,,,,0.1,0.1,0.1,0.1,0
3.52,-3.139,-1.065,339.8166,0.0002,0.0002,339.8166,,,,,,,,,,,,0.1,0.1,0.1,0.1,0
3.54,-3.139,-1.065,339.8166,0.0002,0.0002,339.8166,,,,,,,,,,,,0.1,0.1,0.1,0.1,0
3.56,-3.139,-1.065,339.8166,0.0002,0.0002,339.8166,,,,,,,,,,,,0.1,0.1,0.1,0.1,0
3.58,-3.139,-1.065,339.8166,0.0002,0.0002,339.8166,,,,,,,,,,,,0.1,0.1,0.1,0.1,0
3.6,-3.1504,-1.1231,339.5857,0.0002,0.0002,339.5857,,,,,,,,,,,,0.1,0.1,0.1,0.1,0
3.62,-3.1504,-1.1231,339.5857,0.0002,0.0002,339.5857,,,,,,,,,,,,0.1,0.1,0.1,0.1,0
3.64,-3.1504,-1.1231,339.5857,0.0002,0.0002,339.5857,,,,,,,,,,,,0.1,0.1,0.1,0.1,0
3.66,-3.1504,-1.1231,339.5857,0.0002,0.0002,339.5857,,,,,,,,,,,,0.1,0.1,0.1,0.1,0
3.68,-3.1504,-1.1231,339.5857,0.0002,0.0002,339.5857,,,,,,,,,,,,0.1,0.1,0.1,0.1,0
3.7,-3.1504,-1.1231,339.5857,0.0002,0.0002,339.5857,,,,,,,,,,,,0.1,0.1,0.1,0.1,0
3.72,-3.1613,-1.2078,339.3285,0.0002,0.0002,339.3285,,,,,,,,,,,,0.1,0.1,0.1,0.1,0
3.74,-3.1613,-1.2078,339.3285,0.0002,0.0002,339.3285,,,,,,,,,,,,0.1,0.1,0.1,0.1,0
3.76,-3.1613,-1.2078,339.3285,0.0002,0.0002,339.3285,,,,,,,,,,,,0.1,0.1,0.1,0.1,0
3.78,-3.1613,-1.2078,339.3285,0.0002,0.0002,339.3285,,,,,,,,,,,,0.1,0.1,0.1,0.1,0
3.8,-3.1932,-0.9198,339.1236,0.0002,0.0002,339.1236,,,,,,,,,,,,0.1,0.1,0.1,0.1,0
3.82,-3.1932,-0.9198,339.1236,0.0002,0.0002,339.1236,,,,,,,,,,,,0.1,0.1,0.1,0.1,0
3.84,-3.1932,-0.9198,339.1236,0.0002,0.0002,339.1236,,,,,,,,,,,,0.1,0.1,0.1,0.1,0
3.86,-3.1932,-0.9198,339.1236,0.0002,0.0002,339.1236,,,,,,,,,,,,0.1,0.1,0.1,0.1,0
3.88,-3.1932,-0.9198,339.1236,0.0002,0.0002,339.1236,,,,,,,,,,,,0.1,0.1,0.1,0.1,0
3.9,-3.1932,-0.9198,339.1236,0.0002,0.0002,339.1236,,,,,,,,,,,,0.1,0.1,0.1,0.1,0
3.92,-3.1968,-0.9011,338.7497,0.0002,0.0002,338.7497,,,,,,,,,,,,0.1,0.1,0.1,0.1,0
3.94,-3.1968,-0.9011,338.7497,0.0002,0.0002,338.7497,,,,,,,,,,,,0.1,0.1,0.1,0.1,0
3.96,-3.1968,-0.9011,338.7497,0.0002,0.0002,338.7497,,,,,,,,,,,,0.1,0.1,0.1,0.1,0
3.98,-3.1968,-0.9011,338.7497,0.0002,0.0002,338.7497,,,,,,,,,,,,0.1,0.1,0.1,0.1,0
4.0,-3.1594,-1.02,338.7399,0.0002,0.0002,338.7399,,,,,,,,,,,,0.1,0.1,0.1,0.1,0
4.02,-3.1594,-1.02,338.7399,0.0002,0.0002,338.7399,,,,,,,,,,,,0.1,0.1,0.1,0.1,0
4.04,-3.1594,-1.02,338.7399,0.0002,0.0002,338.7399,,,,,,,,,,,,0.1,0.1,0.1,0.1,0
4.06,-3.1594,-1.02,338.7399,0.0002,0.0002,338.7399,,,,,,,,,,,,0.1,0.1,0.1,0.1,0
4.08,-3.1594,-1.02,338.7399,0.0002,0.0002,338.7399,,,,,,,,,,,,0.1,0.1,0.1,0.1,0
4.1,-3.1594,-1.02,338.7399,0.0002,0.0002,338.7399,,,,,,,,,,,,0.1,0.1,0.1,0.1,0
4.12,-3.1563,-1.0234,338.7612,0.0002,0.0002,338.7612,,,,,,,,,,,,0.1,0.1,0.1,0.1,0
4.14,-3.1563,-1.0234,338.7612,0.0002,0.0002,338.7612,,,,,,,,,,,,0.1,0.1,0.1,0.1,0
4.16,-3.1563,-1.0234,338.7612,0.0002,0.0002,338.7612,,,,,,,,,,,,0.1,0.1,0.1,0.1,0
4.18,-3.1563,-1.0234,338.7612,0.0002,0.0002,338.7612,,,,,,,,,,,,0.1,0.1,0.1,0.1,0
4.2,-3.2022,-0.9053,338.5825,0.0002,0.0002,338.5825,,,,,,,,,,,,0.1,0.1,0.1,0.1,0
4.22,-3.2022,-0.9053,338.5825,0.0002,0.0002,338.5825,,,,,,,,,,,,0.1,0.1,0.1,0.1,0
4.24,-3.2022,-0.9053,338.5825,0.0002,0.0002,338.5825,,,,,,,,,,,,0.1,0.1,0.1,0.1,0
4.26,-3.2022,-0.9053,338.5825,0.0002,0.0002,338.5825,,,,,,,,,,,,0.1,0.1,0.1,0.1,0
4.28,-3.2022,-0.9053,338.5825,0.0002,0.0002,338.5825,,,,,,,,,,,,0.1,0.1,0.1,0.1,0
4.3,-3.2022,-0.9053,338.5825,0.0002,0.0002,338.5825,,,,,,,,,,,,0.1,0.1,0.1,0.1,0
4.32,-3.2114,-0.9261,338.3818,0.0002,0.0002,338.3818,,,,,,,,,,,,0.1,0.1,0.1,0.1,0
4.34,-3.2114,-0.9261,338.3818,0.0002,0.0002,338.3818,,,,,,,,,,,,0.1,0.1,0.1,0.1,0
4.36,-3.2114,-0.9261,338.3818,0.0002,0.0002,338.3818,,,,,,,,,,,,0.1,0.1,0.1,0.1,0
4.38,-3.2114,-0.9261,338.3818,0.0002,0.0002,338.3818,,,,,,,,,,,,0.1,0.1,0.1,0.1,0
4.4,-3.2068,-0.8865,338.082,0.0002,0.0002,338.082,,,,,,,,,,,,0.1,0.1,0.1,0.1,0
4.42,-3.2068,-0.8865,338.082,0.0002,0.0002,338.082,,,,,,,,,,,,0.1,0.1,0.1,0.1,0
4.44,-3.2068,-0.8865,338.082,0.0002,0.0002,338.082,,,,,,,,,,,,0.1,0.1,0.1,0.1,0
4.46,-3.2068,-0.8865,338.082,0.0002,0.0002,338.082,,,,,,,,,,,,0.1,0.1,0.1,0.1,0
4.48,-3.2068,-0.8865,338.082,0.0002,0.0002,338.082,,,,,,,,,,,,0.1,0.1,0.1,0.1,0
4.5,-3.2068,-0.8865,338.082,0.0002,0.0002,338.082,,,,,,,,,,,,0.1,0.1,0.1,0.1,0
4.52,-3.206,-0.8834,338.0119,0.0002,0.0002,338.0119,,,,,,,,,,,,0.1,0.1,0.1,0.1,0
4.54,-3.206,-0.8834,338.0119,0.0002,0.0002,338.0119,,,,,,,,,,,,0.1,0.1,0.1,0.1,0
4.56,-3.206,-0.8834,338.0119,0.0002,0.0002,338.0119,,,,,,,,,,,,0.1,0.1,0.1,0.1,0
4.58,-3.206,-0.8834,338.0119,0.0002,0.0002,338.0119,,,,,,,,,,,,0.1,0.1,0.1,0.1,0
4.6,-3.2087,-0.8763,337.8991,0.0002,0.0002,337.8991,,,,,,,,,,,,0.1,0.1,0.1,0.1,0
4.62,-3.2087,-0.8763,337.8991,0.0002,0.0002,337.8991,,,,,,,,,,,,0.1,0.1,0.1,0.1,0
4.64,-3.2087,-0.8763,337.8991,0.0002,0.0002,337.8991,,,,,,,,,,,,0.1,0.1,0.1,0.1,0
4.66,-3.2087,-0.8763,337.8991,0.0002,0.0002,337.8991,,,,,,,,,,,,0.1,0.1,0.1,0.1,0
4.68,-3.2087,-0.8763,337.8991,0.0002,0.0002,337.8991,,,,,,,,,,,,0.1,0.1,0.1,0.1,0
4.7,-3.2087,-0.8763,337.8991,0.0002,0.0002,337.8991,,,,,,,,,,,,0.1,0.1,0.1,0.1,0
4.72,-3.2135,-0.8796,337.679,0.0002,0.0002,337.6791,,,,,,,,,,,,0.1,0.1,0.1,0.1,0
4.74,-3.2135,-0.8796,337.679,0.0002,0.0002,337.6791,,,,,,,,,,,,0.1,0.1,0.1,0.1,0
4.76,-3.2135,-0.8796,337.679,0.0002,0.0002,337.6791,,,,,,,,,,,,0.1,0.1,0.1,0.1,0
4.78,-3.2135,-0.8796,337.679,0.0002,0.0002,337.6791,,,,,,,,,,,,0.1,0.1,0.1,0.1,0
4.8,-3.2036,-0.9138,337.9494,0.0002,0.0002,337.9494,,,,,,,,,,,,0.1,0.1,0.1,0.1,0
4.82,-3.2036,-0.9138,337.9494,0.0002,0.0002,337.9494,,,,,,,,,,,,0.1,0.1,0.1,0.1,0
4.84,-3.2036,-0.9138,337.9494,0.0002,0.0002,337.9494,,,,,,,,,,,,0.1,0.1,0.1,0.1,0
4.86,-3.2036,-0.9138,337.9494,0.0002,0.0002,337.9494,,,,,,,,,,,,0.1,0.1,0.1,0.1,0
4.88,-3.2036,-0.9138,337.9494,0.0002,0.0002,337.9494,,,,,,,,,,,,0.1,0.1,0.1,0.1,0
4.9,-3.2036,-0.9138,337.9494,0.0002,0.0002,337.9494,,,,,,,,,,,,0.1,0.1,0.1,0.1,0
4.92,-3.177,-0.9657,338.0441,0.0002,0.0002,338.0441,,,,,,,,,,,,0.1,0.1,0.1,0.1,0
4.94,-3.177,-0.9657,338.0441,0.0002,0.0002,338.0441,,,,,,,,,,,,0.1,0.1,0.1,0.1,0
4.96,-3.177,-0.9657,338.0441,0.0002,0.0002,338.0441,,,,,,,,,,,,0.1,0.1,0.1,0.1,0
4.98,-3.177,-0.9657,338.0441,0.0002,0.0002,338.0441,,,,,,,,,,,,0.1,0.1,0.1,0.1,0
5.0,-3.1211,-1.29,338.2328,0.0002,0.0002,338.2328,,,,,,,,,,,,0.1,0.1,0.1,0.1,0
5.02,-3.1211,-1.29,338.2328,0.0002,0.0002,338.2328,,,,,,,,,,,,0.1,0.1,0.1,0.1,0
5.04,-3.1211,-1.29,338.2328,0.0002,0.0002,338.2328,,,,,,,,,,,,0.1,0.1,0.1,0.1,0
5.06,-3.1211,-1.29,338.2328,0.0002,0.0002,338.2328,,,,,,,,,,,,0.1,0.1,0.1,0.1,0
5.08,-3.1211,-1.29,338.2328,0.0002,0.0002,338.2328,,,,,,,,,,,,0.1,0.1,0.1,0.1,0
5.1,-3.1211,-1.29,338.2328,0.0002,0.0002,338.2328,,,,,,,,,,,,0.1,0.1,0.1,0.1,0
5.12,-3.1068,-1.6505,338.3431,0.0002,0.0002,338.3431,,,,,,,,,,,,0.1,0.1,0.1,0.1,0
5.14,-3.1068,-1.6505,338.3431,0.0002,0.0002,338.3431,,,,,,,,,,,,0.1,0.1,0.1,0.1,0
5.16,-3.1068,-1.6505,338.3431,0.0002,0.0002,338.3431,,,,,,,,,,,,0.1,0.1,0.1,0.1,0
5.18,-3.1068,-1.6505,338.3431,0.0002,0.0002,338.3431,,,,,,,,,,,,0.1,0.1,0.1,0.1,0
5.2,-3.1072,-1.6157,338.3768,0.0002,0.0002,338.3768,,,,,,,,,,,,0.1,0.1,0.1,0.1,0
5.22,-3.1072,-1.6157,338.3768,0.0002,0.0002,338.3768,,,,,,,,,,,,0.1,0.1,0.1,0.1,0
5.24,-3.1072,-1.6157,338.3768,0.0002,0.0002,338.3768,,,,,,,,,,,,0.1,0.1,0.1,0.1,0
5.26,-3.1072,-1.6157,338.3768,0.0002,0.0002,338.3768,,,,,,,,,,,,0.1,0.1,0.1,0.1,0
5.28,-3.1072,-1.6157,338.3768,0.0002,0.0002,338.3768,,,,,,,,,,,,0.1,0.1,0.1,0.1,0
5.3,-3.1072,-1.6157,338.3768,0.0002,0.0002,338.3768,,,,,,,,,,,,0.1,0.1,0.1,0.1,0
5.32,-3.1073,-1.6874,338.4056,0.0002,0.0002,338.4056,,,,,,,,,,,,0.1,0.1,0.1,0.1,0
5.34,-3.1073,-1.6874,338.4056,0.0002,0.0002,338.4056,,,,,,,,,,,,0.1,0.1,0.1,0.1,0
5.36,-3.1073,-1.6874,338.4056,0.0002,0.0002,338.4056,,,,,,,,,,,,0.1,0.1,0.1,0.1,0
5.38,-3.1073,-1.6874,338.4056,0.0002,0.0002,338.4056,,,,,,,,,,,,0.1,0.1,0.1,0.1,0
5.4,-3.1215,-1.5739,338.5358,0.0002,0.0002,338.5358,,,,,,,,,,,,0.1,0.1,0.1,0.1,0
5.42,-3.1215,-1.5739,338.5358,0.0002,0.0002,338.5358,,,,,,,,,,,,0.1,0.1,0.1,0.1,0
5.44,-3.1215,-1.5739,338.5358,0.0002,0.0002,338.5358,,,,,,,,,,,,0.1,0.1,0.1,0.1,0
5.46,-3.1215,-1.5739,338.5358,0.0002,0.0002,338.5358,,,,,,,,,,,,0.1,0.1,0.1,0.1,0
5.48,-3.1215,-1.5739,338.5358,0.0002,0.0002,338.5358,,,,,,,,,,,,0.1,0.1,0.1,0.1,0
5.5,-3.1215,-1.5739,338.5358,0.0002,0.0002,338.5358,,,,,,,,,,,,0.1,0.1,0.1,0.1,0
5.52,-3.1655,-1.0949,338.3792,0.0002,0.0002,338.3792,,,,,,,,,,,,0.1,0.1,0.1,0.1,0
5.54,-3.1655,-1.0949,338.3792,0.0002,0.0002,338.3792,,,,,,,,,,,,0.1,0.1,0.1,0.1,0
5.56,-3.1655,-1.0949,338.3792,0.0002,0.0002,338.3792,,,,,,,,,,,,0.1,0.1,0.1,0.1,0
5.58,-3.1655,-1.0949,338.3792,0.0002,0.0002,338.3792,,,,,,,,,,,,0.1,0.1,0.1,0.1,0
5.6,-3.2081,-0.8814,338.1389,0.0002,0.0002,338.1389,,,,,,,,,,,,0.1,0.1,0.1,0.1,0
5.62,-3.2081,-0.8814,338.1389,0.0002,0.0002,338.1389,,,,,,,,,,,,0.1,0.1,0.1,0.1,0
5.64,-3.2081,-0.8814,338.1389,0.0002,0.0002,338.1389,,,,,,,,,,,,0.1,0.1,0.1,0.1,0
5.66,-3.2081,-0.8814,338.1389,0.0002,0.0002,338.1389,,,,,,,,,,,,0.1,0.1,0.1,0.1,0
5.68,-3.2081,-0.8814,338.1389,0.0002,0.0002,338.1389,,,,,,,,,,,,0.1,0.1,0.1,0.1,0
5.7,-3.2081,-0.8814,338.1389,0.0002,0.0002,338.1389,,,,,,,,,,,,0.1,0.1,0.1,0.1,0
5.72,-3.2089,-0.9775,338.7419,0.0002,0.0002,338.7419,,,,,,,,,,,,0.1,0.1,0.1,0.1,0
5.74,-3.2089,-0.9775,338.7419,0.0002,0.0002,338.7419,,,,,,,,,,,,0.1,0.1,0.1,0.1,0
5.76,-3.2089,-0.9775,338.7419,0.0002,0.0002,338.7419,,,,,,,,,,,,0.1,0.1,0.1,0.1,0
5.78,-3.2089,-0.9775,338.7419,0.0002,0.0002,338.7419,,,,,,,,,,,,0.1,0.1,0.1,0.1,0
5.8,-3.1618,-1.5438,339.3628,0.0002,0.0002,339.3628,,,,,,,,,,,,0.1,0.1,0.1,0.1,0
5.82,-3.1618,-1.5438,339.3628,0.0002,0.0002,339.3628,,,,,,,,,,,,0.1,0.1,0.1,0.1,0
5.84,-3.1618,-1.5438,339.3628,0.0002,0.0002,339.3628,,,,,,,,,,,,0.1,0.1,0.1,0.1,0
5.86,-3.1618,-1.5438,339.3628,0.0002,0.0002,339.3628,,,,,,,,,,,,0.1,0.1,0.1,0.1,0
5.88,-3.1618,-1.5438,339.3628,0.0002,0.0002,339.3628,,,,,,,,,,,,0.1,0.1,0.1,0.1,0
5.9,-3.1618,-1.5438,339.3628,0.0002,0.0002,339.3628,,,,,,,,,,,,0.1,0.1,0.1,0.1,0
5.92,-3.1996,-0.9535,339.2347,0.0002,0.0002,339.2347,,,,,,,,,,,,0.1,0.1,0.1,0.1,0
5.94,-3.1996,-0.9535,339.2347,0.0002,0.0002,339.2347,,,,,,,,,,,,0.1,0.1,0.1,0.1,0
5.96,-3.1996,-0.9535,339.2347,0.0002,0.0002,339.2347,,,,,,,,,,,,0.1,0.1,0.1,0.1,0
5.98,-3.1996,-0.9535,339.2347,0.0002,0.0002,339.2347,,,,,,,,,,,,0.1,0.1,0.1,0.1,0
6.0,-3.1545,-1.2674,339.2384,0.0002,0.0002,339.2384,,,,,,,,,,,,0.1,0.1,0.1,0.1,0
6.02,-3.1545,-1.2674,339.2384,0.0002,0.0002,339.2384,,,,,,,,,,,,0.1,0.1,0.1,0.1,0
6.04,-3.1545,-1.2674,339.2384,0.0002,0.0002,339.2384,,,,,,,,,,,,0.1,0.1,0.1,0.1,0
6.06,-3.1545,-1.2674,339.2384,0.0002,0.0002,339.2384,,,,,,,,,,,,0.1,0.1,0.1,0.1,0
6.08,-3.1545,-1.2674,339.2384,0.0002,0.0002,339.2384,,,,,,,,,,,,0.1,0.1,0.1,0.1,0
6.1,-3.1545,-1.2674,339.2384,0.0002,0.0002,339.2384,,,,,,,,,,,,0.1,0.1,0.1,0.1,0
6.12,-3.1473,-1.2776,339.2773,0.0002,0.0002,339.2773,,,,,,,,,,,,0.1,0.1,0.1,0.1,0
6.14,-3.1473,-1.2776,339.2773,0.0002,0.0002,339.2773,,,,,,,,,,,,0.1,0.1,0.1,0.1,0
6.16,-3.1473,-1.2776,339.2773,0.0002,0.0002,339.2773,,,,,,,,,,,,0.1,0.1,0.1,0.1,0
6.18,-3.1473,-1.2776,339.2773,0.0002,0.0002,339.2773,,,,,,,,,,,,0.1,0.1,0.1,0.1,0
6.2,-3.204,-0.8906,339.2255,0.0002,0.0002,339.2255,,,,,,,,,,,,0.1,0.1,0.1,0.1,0
6.22,-3.204,-0.8906,339.2255,0.0002,0.0002,339.2255,,,,,,,,,,,,0.1,0.1,0.1,0.1,0
6.24,-3.204,-0.8906,339.2255,0.0002,0.0002,339.2255,,,,,,,,,,,,0.1,0.1,0.1,0.1,0
6.26,-3.204,-0.8906,339.2255,0.0002,0.0002,339.2255,,,,,,,,,,,,0.1,0.1,0.1,0.1,0
6.28,-3.204,-0.8906,339.2255,0.0002,0.0002,339.2255,,,,,,,,,,,,0.1,0.1,0.1,0.1,0
6.3,-3.204,-0.8906,339.2255,0.0002,0.0002,339.2255,,,,,,,,,,,,0.1,0.1,0.1,0.1,0
6.32,-3.1547,-1.1562,339.3168,0.0002,0.0002,339.3168,,,,,,,,,,,,0.1,0.1,0.1,0.1,0
6.34,-3.1547,-1.1562,339.3168,0.0002,0.0002,339.3168,,,,,,,,,,,,0.1,0.1,0.1,0.1,0
6.36,-3.1547,-1.1562,339.3168,0.0002,0.0002,339.3168,,,,,,,,,,,,0.1,0.1,0.1,0.1,0
6.38,-3.1547,-1.1562,339.3168,0.0002,0.0002,339.3168,,,,,,,,,,,,0.1,0.1,0.1,0.1,0
6.4,-3.2027,-0.9544,339.3866,0.0002,0.0002,339.3866,,,,,,,,,,,,0.1,0.1,0.1,0.1,0
6.42,-3.2027,-0.9544,339.3866,0.0002,0.0002,339.3866,,,,,,,,,,,,0.1,0.1,0.1,0.1,0
6.44,-3.2027,-0.9544,339.3866,0.0002,0.0002,339.3866,,,,,,,,,,,,0.1,0.1,0.1,0.1,0
6.46,-3.2027,-0.9544,339.3866,0.0002,0.0002,339.3866,,,,,,,,,,,,0.1,0.1,0.1,0.1,0
6.48,-3.2027,-0.9544,339.3866,0.0002,0.0002,339.3866,,,,,,,,,,,,0.1,0.1,0.1,0.1,0
6.5,-3.2027,-0.9544,339.3866,0.0002,0.0002,339.3866,,,,,,,,,,,,0.1,0.1,0.1,0.1,0
6.52,-3.1778,-1.1033,339.4943,0.0002,0.0002,339.4943,,,,,,,,,,,,0.1,0.1,0.1,0.1,0
6.54,-3.1778,-1.1033,339.4943,0.0002,0.0002,339.4943,,,,,,,,,,,,0.1,0.1,0.1,0.1,0
6.56,-3.1778,-1.1033,339.4943,0.0002,0.0002,339.4943,,,,,,,,,,,,0.1,0.1,0.1,0.1,0
6.58,-3.1778,-1.1033,339.4943,0.0002,0.0002,339.4943,,,,,,,,,,,,0.1,0.1,0.1,0.1,0
6.6,-3.1897,-2.2595,339.7623,0.0002,0.0002,339.7623,,,,,,,,,,,,0.1,0.1,0.1,0.1,0
6.62,-3.1897,-2.2595,339.7623,0.0002,0.0002,339.7623,,,,,,,,,,,,0.1,0.1,0.1,0.1,0
6.64,-3.1897,-2.2595,339.7623,0.0002,0.0002,339.7623,,,,,,,,,,,,0.1,0.1,0.1,0.1,0
6.66,-3.1897,-2.2595,339.7623,0.0002,0.0002,339.7623,,,,,,,,,,,,0.1,0.1,0.1,0.1,0
6.68,-3.1897,-2.2595,339.7623,0.0002,0.0002,339.7623,,,,,,,,,,,,0.1,0.1,0.1,0.1,0
6.7,-3.1897,-2.2595,339.7623,0.0002,0.0002,339.7623,,,,,,,,,,,,0.1,0.1,0.1,0.1,0
6.72,-3.1699,-1.9345,339.9576,0.0002,0.0002,339.9576,,,,,,,,,,,,0.1,0.1,0.1,0.1,0
6.74,-3.1699,-1.9345,339.9576,0.0002,0.0002,339.9576,,,,,,,,,,,,0.1,0.1,0.1,0.1,0
6.76,-3.1699,-1.9345,339.9576,0.0002,0.0002,339.9576,,,,,,,,,,,,0.1,0.1,0.1,0.1,0
6.78,-3.1699,-1.9345,339.9576,0.0002,0.0002,339.9576,,,,,,,,,,,,0.1,0.1,0.1,0.1,0
6.8,-3.1734,-2.0184,339.8836,0.0002,0.0002,339.8836,,,,,,,,,,,,0.1,0.1,0.1,0.1,0
6.82,-3.1734,-2.0184,339.8836,0.0002,0.0002,339.8836,,,,,,,,,,,,0.1,0.1,0.1,0.1,0
6.84,-3.1734,-2.0184,339.8836,0.0002,0.0002,339.8836,,,,,,,,,,,,0.1,0.1,0.1,0.1,0
6.86,-3.1734,-2.0184,339.8836,0.0002,0.0002,339.8836,,,,,,,,,,,,0.1,0.1,0.1,0.1,0
6.88,-3.1734,-2.0184,339.8836,0.0002,0.0002,339.8836,,,,,,,,,,,,0.1,0.1,0.1,0.1,0
6.9,-3.1734,-2.0184,339.8836,0.0002,0.0002,339.8836,,,,,,,,,,,,0.1,0.1,0.1,0.1,0
6.92,-3.1611,-1.8336,339.7554,0.0002,0.0002,339.7554,,,,,,,,,,,,0.1,0.1,0.1,0.1,0
6.94,-3.1611,-1.8336,339.7554,0.0002,0.0002,339.7554,,,,,,,,,,,,0.1,0.1,0.1,0.1,0
6.96,-3.1611,-1.8336,339.7554,0.0002,0.0002,339.7554,,,,,,,,,,,,0.1,0.1,0.1,0.1,0
6.98,-3.1611,-1.8336,339.7554,0.0002,0.0002,339.7554,,,,,,,,,,,,0.1,0.1,0.1,0.1,0
7.0,-3.1594,-1.6486,339.6595,0.0002,0.0002,339.6595,,,,,,,,,,,,0.1,0.1,0.1,0.1,0
7.02,-3.1594,-1.6486,339.6595,0.0002,0.0002,339.6595,,,,,,,,,,,,0.1,0.1,0.1,0.1,0
7.04,-3.1594,-1.6486,339.6595,0.0002,0.0002,339.6595,,,,,,,,,,,,0.1,0.1,0.1,0.1,0
7.06,-3.1594,-1.6486,339.6595,0.0002,0.0002,339.6595,,,,,,,,,,,,0.1,0.1,0.1,0.1,0
7.08,-3.1594,-1.6486,339.6595,0.0002,0.0002,339.6595,,,,,,,,,,,,0.1,0.1,0.1,0.1,0
7.1,-3.1594,-1.6486,339.6595,0.0002,0.0002,339.6595,,,,,,,,,,,,0.1,0.1,0.1,0.1,0
7.12,-3.1871,-1.0496,339.4866,0.0002,0.0002,339.4866,,,,,,,,,,,,0.1,0.1,0.1,0.1,0
7.14,-3.1871,-1.0496,339.4866,0.0002,0.0002,339.4866,,,,,,,,,,,,0.1,0.1,0.1,0.1,0
7.16,-3.1871,-1.0496,339.4866,0.0002,0.0002,339.4866,,,,,,,,,,,,0.1,0.1,0.1,0.1,0
7.18,-3.1871,-1.0496,339.4866,0.0002,0.0002,339.4866,,,,,,,,,,,,0.1,0.1,0.1,0.1,0
7.2,-3.1781,-1.4518,339.2649,0.0002,0.0002,339.2649,,,,,,,,,,,,0.1,0.1,0.1,0.1,0
7.22,-3.1781,-1.4518,339.2649,0.0002,0.0002,339.2649,,,,,,,,,,,,0.1,0.1,0.1,0.1,0
7.24,-3.1781,-1.4518,339.2649,0.0002,0.0002,339.2649,,,,,,,,,,,,0.1,0.1,0.1,0.1,0
7.26,-3.1781,-1.4518,339.2649,0.0002,0.0002,339.2649,,,,,,,,,,,,0.1,0.1,0.1,0.1,0
7.28,-3.1781,-1.4518,339.2649,0.0002,0.0002,339.2649,,,,,,,,,,,,0.1,0.1,0.1,0.1,0
7.3,-3.1781,-1.4518,339.2649,0.0002,0.0002,339.2649,,,,,,,,,,,,0.1,0.1,0.1,0.1,0
7.32,-3.1747,-1.8974,339.2411,0.0002,0.0002,339.2411,,,,,,,,,,,,0.1,0.1,0.1,0.1,0
7.34,-3.1747,-1.8974,339.2411,0.0002,0.0002,339.2411,,,,,,,,,,,,0.1,0.1,0.1,0.1,0
7.36,-3.1747,-1.8974,339.2411,0.0002,0.0002,339.2411,,,,,,,,,,,,0.1,0.1,0.1,0.1,0
7.38,-3.1747,-1.8974,339.2411,0.0002,0.0002,339.2411,,,,,,,,,,,,0.1,0.1,0.1,0.1,0
7.4,-3.1636,-2.8988,338.7111,0.0002,0.0002,338.7111,,,,,,,,,,,,0.1,0.1,0.1,0.1,0
7.42,-3.1636,-2.8988,338.7111,0.0002,0.0002,338.7111,,,,,,,,,,,,0.1,0.1,0.1,0.1,0
7.44,-3.1636,-2.8988,338.7111,0.0002,0.0002,338.7111,,,,,,,,,,,,0.1,0.1,0.1,0.1,0
7.46,-3.1636,-2.8988,338.7111,0.0002,0.0002,338.7111,,,,,,,,,,,,0.1,0.1,0.1,0.1,0
7.48,-3.1636,-2.8988,338.7111,0.0002,0.0002,338.7111,,,,,,,,,,,,0.1,0.1,0.1,0.1,0
7.5,-3.1636,-2.8988,338.7111,0.0002,0.0002,338.7111,,,,,,,,,,,,0.1,0.1,0.1,0.1,0
7.52,-3.1551,-2.8235,338.7329,0.0002,0.0002,338.7329,,,,,,,,,,,,0.1,0.1,0.1,0.1,0
7.54,-3.1551,-2.8235,338.7329,0.0002,0.0002,338.7329,,,,,,,,,,,,0.1,0.1,0.1,0.1,0
7.56,-3.1551,-2.8235,338.7329,0.0002,0.0002,338.7329,,,,,,,,,,,,0.1,0.1,0.1,0.1,0
7.58,-3.1551,-2.8235,338.7329,0.0002,0.0002,338.7329,,,,,,,,,,,,0.1,0.1,0.1,0.1,0
7.6,-3.1859,-2.7894,339.3,0.0002,0.0002,339.3,,,,,,,,,,,,0.1,0.1,0.1,0.1,0
7.62,-3.1859,-2.7894,339.3,0.0002,0.0002,339.3,,,,,,,,,,,,0.1,0.1,0.1,0.1,0
7.64,-3.1859,-2.7894,339.3,0.0002,0.0002,339.3,,,,,,,,,,,,0.1,0.1,0.1,0.1,0
7.66,-3.1859,-2.7894,339.3,0.0002,0.0002,339.3,,,,,,,,,,,,0.1,0.1,0.1,0.1,0
7.68,-3.1859,-2.7894,339.3,0.0002,0.0002,339.3,,,,,,,,,,,,0.1,0.1,0.1,0.1,0
7.7,-3.1859,-2.7894,339.3,0.0002,0.0002,339.3,,,,,,,,,,,,0.1,0.1,0.1,0.1,0
7.72,-3.1859,-2.7834,339.2619,0.0002,0.0002,339.2619,,,,,,,,,,,,0.1,0.1,0.1,0.1,0
7.74,-3.1859,-2.7834,339.2619,0.0002,0.0002,339.2619,,,,,,,,,,,,0.1,0.1,0.1,0.1,0
7.76,-3.1859,-2.7834,339.2619,0.0002,0.0002,339.2619,,,,,,,,,,,,0.1,0.1,0.1,0.1,0
7.78,-3.1859,-2.7834,339.2619,0.0002,0.0002,339.2619,,,,,,,,,,,,0.1,0.1,0.1,0.1,0
7.8,-3.1607,-2.9,339.1538,0.0002,0.0002,339.1538,,,,,,,,,,,,0.1,0.1,0.1,0.1,0
7.82,-3.1607,-2.9,339.1538,0.0002,0.0002,339.1538,,,,,,,,,,,,0.1,0.1,0.1,0.1,0
7.84,-3.1607,-2.9,339.1538,0.0002,0.0002,339.1538,,,,,,,,,,,,0.1,0.1,0.1,0.1,0
7.86,-3.1607,-2.9,339.1538,0.0002,0.0002,339.1538,,,,,,,,,,,,0.1,0.1,0.1,0.1,0
7.88,-3.1607,-2.9,339.1538,0.0002,0.0002,339.1538,,,,,,,,,,,,0.1,0.1,0.1,0.1,0
7.9,-3.1607,-2.9,339.1538,0.0002,0.0002,339.1538,,,,,,,,,,,,0.1,0.1,0.1,0.1,0
7.92,-3.1707,-2.8962,339.3083,0.0002,0.0002,339.3083,,,,,,,,,,,,0.1,0.1,0.1,0.1,0
7.94,-3.1707,-2.8962,339.3083,0.0002,0.0002,339.3083,,,,,,,,,,,,0.1,0.1,0.1,0.1,0
7.96,-3.1707,-2.8962,339.3083,0.0002,0.0002,339.3083,,,,,,,,,,,,0.1,0.1,0.1,0.1,0
7.98,-3.1707,-2.8962,339.3083,0.0002,0.0002,339.3083,,,,,,,,,,,,0.1,0.1,0.1,0.1,0
8.0,-3.1492,-2.966,339.1554,0.0002,0.0002,339.1554,,,,,,,,,,,,0.1,0.1,0.1,0.1,0
8.02,-3.1492,-2.966,339.1554,0.0002,0.0002,339.1554,,,,,,,,,,,,0.1,0.1,0.1,0.1,0
8.04,-3.1492,-2.966,339.1554,0.0002,0.0002,339.1554,,,,,,,,,,,,0.1,0.1,0.1,0.1,0
8.06,-3.1492,-2.966,339.1554,0.0002,0.0002,339.1554,,,,,,,,,,,,0.1,0.1,0.1,0.1,0
8.08,-3.1492,-2.966,339.1554,0.0002,0.0002,339.1554,,,,,,,,,,,,0.1,0.1,0.1,0.1,0
8.1,-3.1492,-2.966,339.1554,0.0002,0.0002,339.1554,,,,,,,,,,,,0.1,0.1,0.1,0.1,0
8.12,-3.1672,-2.9388,339.3075,0.0002,0.0002,339.3075,,,,,,,,,,,,0.1,0.1,0.1,0.1,0
8.14,-3.1672,-2.9388,339.3075,0.0002,0.0002,339.3075,,,,,,,,,,,,0.1,0.1,0.1,0.1,0
8.16,-3.1672,-2.9388,339.3075,0.0002,0.0002,339.3075,,,,,,,,,,,,0.1,0.1,0.1,0.1,0
8.18,-3.1672,-2.9388,339.3075,0.0002,0.0002,339.3075,,,,,,,,,,,,0.1,0.1,0.1,0.1,0
8.2,-3.1444,-3.0081,339.2527,0.0002,0.0002,339.2527,,,,,,,,,,,,0.1,0.1,0.1,0.1,0
8.22,-3.1444,-3.0081,339.2527,0.0002,0.0002,339.2527,,,,,,,,,,,,0.1,0.1,0.1,0.1,0
8.24,-3.1444,-3.0081,339.2527,0.0002,0.0002,339.2527,,,,,,,,,,,,0.1,0.1,0.1,0.1,0
8.26,-3.1444,-3.0081,339.2527,0.0002,0.0002,339.2527,,,,,,,,,,,,0.1,0.1,0.1,0.1,0
8.28,-3.1444,-3.0081,339.2527,0.0002,0.0002,339.2527,,,,,,,,,,,,0.1,0.1,0.1,0.1,0
8.3,-3.1444,-3.0081,339.2527,0.0002,0.0002,339.2527,,,,,,,,,,,,0.1,0.1,0.1,0.1,0
8.32,-3.1748,-2.9402,339.3361,0.0002,0.0002,339.3361,,,,,,,,,,,,0.1,0.1,0.1,0.1,0
8.34,-3.1748,-2.9402,339.3361,0.0002,0.0002,339.3361,,,,,,,,,,,,0.1,0.1,0.1,0.1,0
8.36,-3.1748,-2.9402,339.3361,0.0002,0.0002,339.3361,,,,,,,,,,,,0.1,0.1,0.1,0.1,0
8.38,-3.1748,-2.9402,339.3361,0.0002,0.0002,339.3361,,,,,,,,,,,,0.1,0.1,0.1,0.1,0
8.4,-3.1307,-3.0984,339.1788,0.0002,0.0002,339.1788,,,,,,,,,,,,0.1,0.1,0.1,0.1,0
8.42,-3.1307,-3.0984,339.1788,0.0002,0.0002,339.1788,,,,,,,,,,,,0.1,0.1,0.1,0.1,0
8.44,-3.1307,-3.0984,339.1788,0.0002,0.0002,339.1788,,,,,,,,,,,,0.1,0.1,0.1,0.1,0
8.46,-3.1307,-3.0984,339.1788,0.0002,0.0002,339.1788,,,,,,,,,,,,0.1,0.1,0.1,0.1,0
8.48,-3.1307,-3.0984,339.1788,0.0002,0.0002,339.1788,,,,,,,,,,,,0.1,0.1,0.1,0.1,0
8.5,-3.1307,-3.0984,339.1788,0.0002,0.0002,339.1788,,,,,,,,,,,,0.1,0.1,0.1,0.1,0
8.52,-3.1556,-3.0433,339.3448,0.0002,0.0002,339.3448,,,,,,,,,,,,0.1,0.1,0.1,0.1,0
8.54,-3.1556,-3.0433,339.3448,0.0002,0.0002,339.3448,,,,,,,,,,,,0.1,0.1,0.1,0.1,0
8.56,-3.1556,-3.0433,339.3448,0.0002,0.0002,339.3448,,,,,,,,,,,,0.1,0.1,0.1,0.1,0
8.58,-3.1556,-3.0433,339.3448,0.0002,0.0002,339.3448,,,,,,,,,,,,0.1,0.1,0.1,0.1,0
8.6,-3.139,-3.0785,339.2563,0.0002,0.0002,339.2563,,,,,,,,,,,,0.1,0.1,0.1,0.1,0
8.62,-3.139,-3.0785,339.2563,0.0002,0.0002,339.2563,,,,,,,,,,,,0.1,0.1,0.1,0.1,0
8.64,-3.139,-3.0785,339.2563,0.0002,0.0002,339.2563,,,,,,,,,,,,0.1,0.1,0.1,0.1,0
8.66,-3.139,-3.0785,339.2563,0.0002,0.0002,339.2563,,,,,,,,,,,,0.1,0.1,0.1,0.1,0
8.68,-3.139,-3.0785,339.2563,0.0002,0.0002,339.2563,,,,,,,,,,,,0.1,0.1,0.1,0.1,0
8.7,-3.139,-3.0785,339.2563,0.0002,0.0002,339.2563,,,,,,,,,,,,0.1,0.1,0.1,0.1,0
8.72,-3.1537,-3.0701,339.3248,0.0002,0.0002,339.3248,,,,,,,,,,,,0.1,0.1,0.1,0.1,0
8.74,-3.1537,-3.0701,339.3248,0.0002,0.0002,339.3248,,,,,,,,,,,,0.1,0.1,0.1,0.1,0
8.76,-3.1537,-3.0701,339.3248,0.0002,0.0002,339.3248,,,,,,,,,,,,0.1,0.1,0.1,0.1,0
8.78,-3.1537,-3.0701,339.3248,0.0002,0.0002,339.3248,,,,,,,,,,,,0.1,0.1,0.1,0.1,0
8.8,-3.145,-3.1032,339.3809,0.0002,0.0002,339.3809,,,,,,,,,,,,0.1,0.1,0.1,0.1,0
8.82,-3.145,-3.1032,339.3809,0.0002,0.0002,339.3809,,,,,,,,,,,,0.1,0.1,0.1,0.1,0
8.84,-3.145,-3.1032,339.3809,0.0002,0.0002,339.3809,,,,,,,,,,,,0.1,0.1,0.1,0.1,0
8.86,-3.145,-3.1032,339.3809,0.0002,0.0002,339.3809,,,,,,,,,,,,0.1,0.1,0.1,0.1,0
8.88,-3.145,-3.1032,339.3809,0.0002,0.0002,339.3809,,,,,,,,,,,,0.1,0.1,0.1,0.1,0
8.9,-3.145,-3.1032,339.3809,0.0002,0.0002,339.3809,,,,,,,,,,,,0.1,0.1,0.1,0.1,0
8.92,-3.1666,-3.0387,339.4194,0.0002,0.0002,339.4194,,,,,,,,,,,,0.1,0.1,0.1,0.1,0
8.94,-3.1666,-3.0387,339.4194,0.0002,0.0002,339.4194,,,,,,,,,,,,0.1,0.1,0.1,0.1,0
8.96,-3.1666,-3.0387,339.4194,0.0002,0.0002,339.4194,,,,,,,,,,,,0.1,0.1,0.1,0.1,0
8.98,-3.1666,-3.0387,339.4194,0.0002,0.0002,339.4194,,,,,,,,,,,,0.1,0.1,0.1,0.1,0
9.0,-3.1611,-3.0531,339.4229,0.0002,0.0002,339.4229,,,,,,,,,,,,0.1,0.1,0.1,0.1,0
9.02,-3.1611,-3.0531,339.4229,0.0002,0.0002,339.4229,,,,,,,,,,,,0.1,0.1,0.1,0.1,0
9.04,-3.1611,-3.0531,339.4229,0.0002,0.0002,339.4229,,,,,,,,,,,,0.1,0.1,0.1,0.1,0
9.06,-3.1611,-3.0531,339.4229,0.0002,0.0002,339.4229,,,,,,,,,,,,0.1,0.1,0.1,0.1,0
9.08,-3.1611,-3.0531,339.4229,0.0002,0.0002,339.4229,,,,,,,,,,,,0.1,0.1,0.1,0.1,0
9.1,-3.1611,-3.0531,339.4229,0.0002,0.0002,339.4229,,,,,,,,,,,,0.1,0.1,0.1,0.1,0
9.12,-3.1596,-3.0747,339.421,0.0002,0.0002,339.421,,,,,,,,,,,,0.1,0.1,0.1,0.1,0
9.14,-3.1596,-3.0747,339.421,0.0002,0.0002,339.421,,,,,,,,,,,,0.1,0.1,0.1,0.1,0
9.16,-3.1596,-3.0747,339.421,0.0002,0.0002,339.421,,,,,,,,,,,,0.1,0.1,0.1,0.1,0
9.18,-3.1596,-3.0747,339.421,0.0002,0.0002,339.421,,,,,,,,,,,,0.1,0.1,0.1,0.1,0
9.2,-3.1701,-3.0307,339.4247,0.0002,0.0002,339.4246,,,,,,,,,,,,0.1,0.1,0.1,0.1,0
9.22,-3.1701,-3.0307,339.4247,0.0002,0.0002,339.4246,,,,,,,,,,,,0.1,0.1,0.1,0.1,0
9.24,-3.1701,-3.0307,339.4247,0.0002,0.0002,339.4246,,,,,,,,,,,,0.1,0.1,0.1,0.1,0
9.26,-3.1701,-3.0307,339.4247,0.0002,0.0002,339.4246,,,,,,,,,,,,0.1,0.1,0.1,0.1,0
9.28,-3.1701,-3.0307,339.4247,0.0002,0.0002,339.4246,,,,,,,,,,,,0.1,0.1,0.1,0.1,0
9.3,-3.1701,-3.0307,339.4247,0.0002,0.0002,339.4246,,,,,,,,,,,,0.1,0.1,0.1,0.1,0
9.32,-3.1804,-2.8494,339.3168,0.0002,0.0002,339.3168,,,,,,,,,,,,0.1,0.1,0.1,0.1,0
9.34,-3.1804,-2.8494,339.3168,0.0002,0.0002,339.3168,,,,,,,,,,,,0.1,0.1,0.1,0.1,0
9.36,-3.1804,-2.8494,339.3168,0.0002,0.0002,339.3168,,,,,,,,,,,,0.1,0.1,0.1,0.1,0
9.38,-3.1804,-2.8494,339.3168,0.0002,0.0002,339.3168,,,,,,,,,,,,0.1,0.1,0.1,0.1,0
9.4,-3.1856,-2.9746,339.1391,0.0002,0.0002,339.1391,,,,,,,,,,,,0.1,0.1,0.1,0.1,0
9.42,-3.1856,-2.9746,339.1391,0.0002,0.0002,339.1391,,,,,,,,,,,,0.1,0.1,0.1,0.1,0
9.44,-3.1856,-2.9746,339.1391,0.0002,0.0002,339.1391,,,,,,,,,,,,0.1,0.1,0.1,0.1,0
9.46,-3.1856,-2.9746,339.1391,0.0002,0.0002,339.1391,,,,,,,,,,,,0.1,0.1,0.1,0.1,0
9.48,-3.1856,-2.9746,339.1391,0.0002,0.0002,339.1391,,,,,,,,,,,,0.1,0.1,0.1,0.1,0
9.5,-3.1856,-2.9746,339.1391,0.0002,0.0002,339.1391,,,,,,,,,,,,0.1,0.1,0.1,0.1,0
9.52,-3.1716,-3.0378,339.1149,0.0002,0.0002,339.1149,,,,,,,,,,,,0.1,0.1,0.1,0.1,0
9.54,-3.1716,-3.0378,339.1149,0.0002,0.0002,339.1149,,,,,,,,,,,,0.1,0.1,0.1,0.1,0
9.56,-3.1716,-3.0378,339.1149,0.0002,0.0002,339.1149,,,,,,,,,,,,0.1,0.1,0.1,0.1,0
9.58,-3.1716,-3.0378,339.1149,0.0002,0.0002,339.1149,,,,,,,,,,,,0.1,0.1,0.1,0.1,0
9.6,-3.1904,-2.9718,339.1085,0.0002,0.0002,339.1085,,,,,,,,,,,,0.1,0.1,0.1,0.1,0
9.62,-3.1904,-2.9718,339.1085,0.0002,0.0002,339.1085,,,,,,,,,,,,0.1,0.1,0.1,0.1,0
9.64,-3.1904,-2.9718,339.1085,0.0002,0.0002,339.1085,,,,,,,,,,,,0.1,0.1,0.1,0.1,0
9.66,-3.1904,-2.9718,339.1085,0.0002,0.0002,339.1085,,,,,,,,,,,,0.1,0.1,0.1,0.1,0
9.68,-3.1904,-2.9718,339.1085,0.0002,0.0002,339.1085,,,,,,,,,,,,0.1,0.1,0.1,0.1,0
9.7,-3.1904,-2.9718,339.1085,0.0002,0.0002,339.1085,,,,,,,,,,,,0.1,0.1,0.1,0.1,0
9.72,-3.1784,-3.0341,339.0505,0.0002,0.0002,339.0505,,,,,,,,,,,,0.1,0.1,0.1,0.1,0
9.74,-3.1784,-3.0341,339.0505,0.0002,0.0002,339.0505,,,,,,,,,,,,0.1,0.1,0.1,0.1,0
9.76,-3.1784,-3.0341,339.0505,0.0002,0.0002,339.0505,,,,,,,,,,,,0.1,0.1,0.1,0.1,0
9.78,-3.1784,-3.0341,339.0505,0.0002,0.0002,339.0505,,,,,,,,,,,,0.1,0.1,0.1,0.1,0
9.8,-3.1993,-2.9551,338.8081,0.0002,0.0002,338.8081,,,,,,,,,,,,0.1,0.1,0.1,0.1,0
9.82,-3.1993,-2.9551,338.8081,0.0002,0.0002,338.8081,,,,,,,,,,,,0.1,0.1,0.1,0.1,0
9.84,-3.1993,-2.9551,338.8081,0.0002,0.0002,338.8081,,,,,,,,,,,,0.1,0.1,0.1,0.1,0
9.86,-3.1993,-2.9551,338.8081,0.0002,0.0002,338.8081,,,,,,,,,,,,0.1,0.1,0.1,0.1,0
9.88,-3.1993,-2.9551,338.8081,0.0002,0.0002,338.8081,,,,,,,,,,,,0.1,0.1,0.1,0.1,0
9.9,-3.1993,-2.9551,338.8081,0.0002,0.0002,338.8081,,,,,,,,,,,,0.1,0.1,0.1,0.1,0
9.92,-3.1764,-3.0203,338.481,0.0002,0.0002,338.481,,,,,,,,,,,,0.1,0.1,0.1,0.1,0
9.94,-3.1764,-3.0203,338.481,0.0002,0.0002,338.481,,,,,,,,,,,,0.1,0.1,0.1,0.1,0
9.96,-3.1764,-3.0203,338.481,0.0002,0.0002,338.481,,,,,,,,,,,,0.1,0.1,0.1,0.1,0
9.98,-3.1764,-3.0203,338.481,0.0002,0.0002,338.481,,,,,,,,,,,,0.1,0.1,0.1,0.1,0
10.0,-3.1569,-2.3251,338.959,0.0002,0.0002,338.959,,,,,,,,,,,,0.1,0.1,0.1,0.1,0
10.02,-3.1569,-2.3251,338.959,0.0002,0.0002,338.959,,,,,,,,,,,,0.0,0.0,0.0,0.0,0
10.04,-3.1569,-2.3251,338.959,0.0002,0.0002,338.959,,,,,,,,,,,,0.0,0.0,0.0,0.0,0
10.06,-3.1569,-2.3251,338.959,0.0002,0.0002,338.959,,,,,,,,,,,,0.0,0.0,0.0,0.0,0
10.08,-3.1569,-2.3251,338.959,0.0002,0.0002,338.959,,,,,,,,,,,,0.0,0.0,0.0,0.0,0
10.1,-3.1569,-2.3251,338.959,0.0002,0.0002,338.959,,,,,,,,,,,,0.0,0.0,0.0,0.0,0
10.12,-3.1484,-0.5509,339.0528,0.0002,0.0002,339.0528,,,,,,,,,,,,0.0,0.0,0.0,0.0,0
10.14,-3.1484,-0.5509,339.0528,0.0002,0.0002,339.0528,,,,,,,,,,,,0.0,0.0,0.0,0.0,0
10.16,-3.1484,-0.5509,339.0528,0.0002,0.0002,339.0528,,,,,,,,,,,,0.0,0.0,0.0,0.0,0
10.18,-3.1484,-0.5509,339.0528,0.0002,0.0002,339.0528,,,,,,,,,,,,0.0,0.0,0.0,0.0,0
10.2,-3.2432,-0.7516,339.2695,0.0002,0.0002,339.2695,,,,,,,,,,,,0.0,0.0,0.0,0.0,0
10.22,-3.2432,-0.7516,339.2695,0.0002,0.0002,339.2695,,,,,,,,,,,,0.0,0.0,0.0,0.0,0
10.24,-3.2432,-0.7516,339.2695,0.0002,0.0002,339.2695,,,,,,,,,,,,0.0,0.0,0.0,0.0,0
10.26,-3.2432,-0.7516,339.2695,0.0002,0.0002,339.2695,,,,,,,,,,,,0.0,0.0,0.0,0.0,0
10.28,-3.2432,-0.7516,339.2695,0.0002,0.0002,339.2695,,,,,,,,,,,,0.0,0.0,0.0,0.0,0
10.3,-3.2432,-0.7516,339.2695,0.0002,0.0002,339.2695,,,,,,,,,,,,0.0,0.0,0.0,0.0,0
10.32,-3.2739,-0.6965,339.7331,0.0002,0.0002,339.7331,,,,,,,,,,,,0.0,0.0,0.0,0.0,0
10.34,-3.2739,-0.6965,339.7331,0.0002,0.0002,339.7331,,,,,,,,,,,,0.0,0.0,0.0,0.0,0
10.36,-3.2739,-0.6965,339.7331,0.0002,0.0002,339.7331,,,,,,,,,,,,0.0,0.0,0.0,0.0,0
10.38,-3.2739,-0.6965,339.7331,0.0002,0.0002,339.7331,,,,,,,,,,,,0.0,0.0,0.0,0.0,0
10.4,-3.1668,-0.4567,339.1788,0.0002,0.0002,339.1788,,,,,,,,,,,,0.0,0.0,0.0,0.0,0
10.42,-3.1668,-0.4567,339.1788,0.0002,0.0002,339.1788,,,,,,,,,,,,0.0,0.0,0.0,0.0,0
10.44,-3.1668,-0.4567,339.1788,0.0002,0.0002,339.1788,,,,,,,,,,,,0.0,0.0,0.0,0.0,0
10.46,-3.1668,-0.4567,339.1788,0.0002,0.0002,339.1788,,,,,,,,,,,,0.0,0.0,0.0,0.0,0
10.48,-3.1668,-0.4567,339.1788,0.0002,0.0002,339.1788,,,,,,,,,,,,0.0,0.0,0.0,0.0,0
10.5,-3.1668,-0.4567,339.1788,0.0002,0.0002,339.1788,,,,,,,,,,,,0.0,0.0,0.0,0.0,0
10.52,-3.2289,-0.6304,338.8493,0.0002,0.0002,338.8493,,,,,,,,,,,,0.0,0.0,0.0,0.0,0
10.54,-3.2289,-0.6304,338.8493,0.0002,0.0002,338.8493,,,,,,,,,,,,0.0,0.0,0.0,0.0,0
10.56,-3.2289,-0.6304,338.8493,0.0002,0.0002,338.8493,,,,,,,,,,,,0.0,0.0,0.0,0.0,0
10.58,-3.2289,-0.6304,338.8493,0.0002,0.0002,338.8493,,,,,,,,,,,,0.0,0.0,0.0,0.0,0
10.6,-3.1356,-0.4605,337.2639,0.0002,0.0002,337.2639,,,,,,,,,,,,0.0,0.0,0.0,0.0,0
10.62,-3.1356,-0.4605,337.2639,0.0002,0.0002,337.2639,,,,,,,,,,,,0.0,0.0,0.0,0.0,0
10.64,-3.1356,-0.4605,337.2639,0.0002,0.0002,337.2639,,,,,,,,,,,,0.0,0.0,0.0,0.0,0
10.66,-3.1356,-0.4605,337.2639,0.0002,0.0002,337.2639,,,,,,,,,,,,0.0,0.0,0.0,0.0,0
10.68,-3.1356,-0.4605,337.2639,0.0002,0.0002,337.2639,,,,,,,,,,,,0.0,0.0,0.0,0.0,0
10.7,-3.1356,-0.4605,337.2639,0.0002,0.0002,337.2639,,,,,,,,,,,,0.0,0.0,0.0,0.0,0
10.72,-3.2152,-0.7164,337.0352,0.0002,0.0002,337.0352,,,,,,,,,,,,0.0,0.0,0.0,0.0,0
10.74,-3.2152,-0.7164,337.0352,0.0002,0.0002,337.0352,,,,,,,,,,,,0.0,0.0,0.0,0.0,0
10.76,-3.2152,-0.7164,337.0352,0.0002,0.0002,337.0352,,,,,,,,,,,,0.0,0.0,0.0,0.0,0
10.78,-3.2152,-0.7164,337.0352,0.0002,0.0002,337.0352,,,,,,,,,,,,0.0,0.0,0.0,0.0,0
10.8,-3.1232,-0.5297,336.1651,0.0002,0.0002,336.1651,,,,,,,,,,,,0.0,0.0,0.0,0.0,0
10.82,-3.1232,-0.5297,336.1651,0.0002,0.0002,336.1651,,,,,,,,,,,,0.0,0.0,0.0,0.0,0
10.84,-3.1232,-0.5297,336.1651,0.0002,0.0002,336.1651,,,,,,,,,,,,0.0,0.0,0.0,0.0,0
10.86,-3.1232,-0.5297,336.1651,0.0002,0.0002,336.1651,,,,,,,,,,,,0.0,0.0,0.0,0.0,0
10.88,-3.1232,-0.5297,336.1651,0.0002,0.0002,336.1651,,,,,,,,,,,,0.0,0.0,0.0,0.0,0
10.9,-3.1232,-0.5297,336.1651,0.0002,0.0002,336.1651,,,,,,,,,,,,0.0,0.0,0.0,0.0,0
10.92,-3.1688,-0.6352,335.2747,0.0002,0.0002,335.2747,,,,,,,,,,,,0.0,0.0,0.0,0.0,0
10.94,-3.1688,-0.6352,335.2747,0.0002,0.0002,335.2747,,,,,,,,,,,,0.0,0.0,0.0,0.0,0
10.96,-3.1688,-0.6352,335.2747,0.0002,0.0002,335.2747,,,,,,,,,,,,0.0,0.0,0.0,0.0,0
10.98,-3.1688,-0.6352,335.2747,0.0002,0.0002,335.2747,,,,,,,,,,,,0.0,0.0,0.0,0.0,0
11.0,-3.1087,-0.5751,334.6881,0.0002,0.0002,334.6881,,,,,,,,,,,,0.0,0.0,0.0,0.0,0
11.02,-3.1087,-0.5751,334.6881,0.0002,0.0002,334.6881,,,,,,,,,,,,0.0,0.0,0.0,0.0,0
11.04,-3.1087,-0.5751,334.6881,0.0002,0.0002,334.6881,,,,,,,,,,,,0.0,0.0,0.0,0.0,0
11.06,-3.1087,-0.5751,334.6881,0.0002,0.0002,334.6881,,,,,,,,,,,,0.0,0.0,0.0,0.0,0
11.08,-3.1087,-0.5751,334.6881,0.0002,0.0002,334.6881,,,,,,,,,,,,0.0,0.0,0.0,0.0,0
11.1,-3.1087,-0.5751,334.6881,0.0002,0.0002,334.6881,,,,,,,,,,,,0.0,0.0,0.0,0.0,0
11.12,-2.6503,0.8537,334.6558,0.0002,0.0002,334.6558,,,,,,,,,,,,0.0,0.0,0.0,0.0,0
11.14,-2.6503,0.8537,334.6558,0.0002,0.0002,334.6558,,,,,,,,,,,,0.0,0.0,0.0,0.0,0
11.16,-2.6503,0.8537,334.6558,0.0002,0.0002,334.6558,,,,,,,,,,,,0.0,0.0,0.0,0.0,0
11.18,-2.6503,0.8537,334.6558,0.0002,0.0002,334.6558,,,,,,,,,,,,0.0,0.0,0.0,0.0,0
11.2,-2.733,0.5764,334.6643,0.0002,0.0002,334.6643,,,,,,,,,,,,0.0,0.0,0.0,0.0,0
11.22,-2.733,0.5764,334.6643,0.0002,0.0002,334.6643,,,,,,,,,,,,0.0,0.0,0.0,0.0,0
11.24,-2.733,0.5764,334.6643,0.0002,0.0002,334.6643,,,,,,,,,,,,0.0,0.0,0.0,0.0,0
11.26,-2.733,0.5764,334.6643,0.0002,0.0002,334.6643,,,,,,,,,,,,0.0,0.0,0.0,0.0,0
11.28,-2.733,0.5764,334.6643,0.0002,0.0002,334.6643,,,,,,,,,,,,0.0,0.0,0.0,0.0,0
11.3,-2.733,0.5764,334.6643,0.0002,0.0002,334.6643,,,,,,,,,,,,0.0,0.0,0.0,0.0,0
11.32,-3.1409,-0.5812,334.7824,0.0002,0.0002,334.7824,,,,,,,,,,,,0.0,0.0,0.0,0.0,0
11.34,-3.1409,-0.5812,334.7824,0.0002,0.0002,334.7824,,,,,,,,,,,,0.0,0.0,0.0,0.0,0
11.36,-3.1409,-0.5812,334.7824,0.0002,0.0002,334.7824,,,,,,,,,,,,0.0,0.0,0.0,0.0,0
11.38,-3.1409,-0.5812,334.7824,0.0002,0.0002,334.7824,,,,,,,,,,,,0.0,0.0,0.0,0.0,0
11.4,-3.194,-0.6787,334.9891,0.0002,0.0002,334.9891,,,,,,,,,,,,0.0,0.0,0.0,0.0,0
11.42,-3.194,-0.6787,334.9891,0.0002,0.0002,334.9891,,,,,,,,,,,,0.0,0.0,0.0,0.0,0
11.44,-3.194,-0.6787,334.9891,0.0002,0.0002,334.9891,,,,,,,,,,,,0.0,0.0,0.0,0.0,0
11.46,-3.194,-0.6787,334.9891,0.0002,0.0002,334.9891,,,,,,,,,,,,0.0,0.0,0.0,0.0,0
11.48,-3.194,-0.6787,334.9891,0.0002,0.0002,334.9891,,,,,,,,,,,,0.0,0.0,0.0,0.0,0
11.5,-3.194,-0.6787,334.9891,0.0002,0.0002,334.9891,,,,,,,,,,,,0.0,0.0,0.0,0.0,0
11.52,-3.5919,-1.1823,335.6475,0.0002,0.0002,335.6475,,,,,,,,,,,,0.0,0.0,0.0,0.0,0
11.54,-3.5919,-1.1823,335.6475,0.0002,0.0002,335.6475,,,,,,,,,,,,0.0,0.0,0.0,0.0,0
11.56,-3.5919,-1.1823,335.6475,0.0002,0.0002,335.6475,,,,,,,,,,,,0.0,0.0,0.0,0.0,0
11.58,-3.5919,-1.1823,335.6475,0.0002,0.0002,335.6475,,,,,,,,,,,,0.0,0.0,0.0,0.0,0
11.6,-2.9569,-3.1028,335.7359,0.0002,0.0002,335.7359,,,,,,,,,,,,0.0,0.0,0.0,0.0,0
11.62,-2.9569,-3.1028,335.7359,0.0002,0.0002,335.7359,,,,,,,,,,,,0.0,0.0,0.0,0.0,0
11.64,-2.9569,-3.1028,335.7359,0.0002,0.0002,335.7359,,,,,,,,,,,,0.0,0.0,0.0,0.0,0
11.66,-2.9569,-3.1028,335.7359,0.0002,0.0002,335.7359,,,,,,,,,,,,0.0,0.0,0.0,0.0,0
11.68,-2.9569,-3.1028,335.7359,0.0002,0.0002,335.7359,,,,,,,,,,,,0.0,0.0,0.0,0.0,0
11.7,-2.9569,-3.1028,335.7359,0.0002,0.0002,335.7359,,,,,,,,,,,,0.0,0.0,0.0,0.0,0
11.72,-2.9031,-3.2087,335.9836,0.0002,0.0002,335.9836,,,,,,,,,,,,0.0,0.0,0.0,0.0,0
11.74,-2.9031,-3.2087,335.9836,0.0002,0.0002,335.9836,,,,,,,,,,,,0.0,0.0,0.0,0.0,0
11.76,-2.9031,-3.2087,335.9836,0.0002,0.0002,335.9836,,,,,,,,,,,,0.0,0.0,0.0,0.0,0
11.78,-2.9031,-3.2087,335.9836,0.0002,0.0002,335.9836,,,,,,,,,,,,0.0,0.0,0.0,0.0,0
11.8,-2.708,-3.7064,335.9578,0.0002,0.0002,335.9578,,,,,,,,,,,,0.0,0.0,0.0,0.0,0
11.82,-2.708,-3.7064,335.9578,0.0002,0.0002,335.9578,,,,,,,,,,,,0.0,0.0,0.0,0.0,0
11.84,-2.708,-3.7064,335.9578,0.0002,0.0002,335.9578,,,,,,,,,,,,0.0,0.0,0.0,0.0,0
11.86,-2.708,-3.7064,335.9578,0.0002,0.0002,335.9578,,,,,,,,,,,,0.0,0.0,0.0,0.0,0
11.88,-2.708,-3.7064,335.9578,0.0002,0.0002,335.9578,,,,,,,,,,,,0.0,0.0,0.0,0.0,0
11.9,-2.708,-3.7064,335.9578,0.0002,0.0002,335.9578,,,,,,,,,,,,0.0,0.0,0.0,0.0,0
11.92,-2.7362,-3.7699,336.912,0.0002,0.0002,336.912,,,,,,,,,,,,0.0,0.0,0.0,0.0,0
11.94,-2.7362,-3.7699,336.912,0.0002,0.0002,336.912,,,,,,,,,,,,0.0,0.0,0.0,0.0,0
11.96,-2.7362,-3.7699,336.912,0.0002,0.0002,336.912,,,,,,,,,,,,0.0,0.0,0.0,0.0,0
11.98,-2.7362,-3.7699,336.912,0.0002,0.0002,336.912,,,,,,,,,,,,0.0,0.0,0.0,0.0,0
12.0,-2.5309,-4.5801,336.5973,0.0002,0.0002,336.5974,,,,,,,,,,,,0.0,0.0,0.0,0.0,0
12.02,-2.5309,-4.5801,336.5973,0.0002,0.0002,336.5974,,,,,,,,,,,,0.0,0.0,0.0,0.0,0
12.04,-2.5309,-4.5801,336.5973,0.0002,0.0002,336.5974,,,,,,,,,,,,0.0,0.0,0.0,0.0,0
12.06,-2.5309,-4.5801,336.5973,0.0002,0.0002,336.5974,,,,,,,,,,,,0.0,0.0,0.0,0.0,0
12.08,-2.5309,-4.5801,336.5973,0.0002,0.0002,336.5974,,,,,,,,,,,,0.0,0.0,0.0,0.0,0
12.1,-2.5309,-4.5801,336.5973,0.0002,0.0002,336.5974,,,,,,,,,,,,0.0,0.0,0.0,0.0,0
12.12,-2.6901,-3.884,337.4874,0.0002,0.0002,337.4874,,,,,,,,,,,,0.0,0.0,0.0,0.0,0
12.14,-2.6901,-3.884,337.4874,0.0002,0.0002,337.4874,,,,,,,,,,,,0.0,0.0,0.0,0.0,0
12.16,-2.6901,-3.884,337.4874,0.0002,0.0002,337.4874,,,,,,,,,,,,0.0,0.0,0.0,0.0,0
12.18,-2.6901,-3.884,337.4874,0.0002,0.0002,337.4874,,,,,,,,,,,,0.0,0.0,0.0,0.0,0
12.2,-2.4291,-4.9314,337.0539,0.0002,0.0002,337.0539,,,,,,,,,,,,0.0,0.0,0.0,0.0,0
12.22,-2.4291,-4.9314,337.0539,0.0002,0.0002,337.0539,,,,,,,,,,,,0.0,0.0,0.0,0.0,0
12.24,-2.4291,-4.9314,337.0539,0.0002,0.0002,337.0539,,,,,,,,,,,,0.0,0.0,0.0,0.0,0
12.26,-2.4291,-4.9314,337.0539,0.0002,0.0002,337.0539,,,,,,,,,,,,0.0,0.0,0.0,0.0,0
12.28,-2.4291,-4.9314,337.0539,0.0002,0.0002,337.0539,,,,,,,,,,,,0.0,0.0,0.0,0.0,0
12.3,-2.4291,-4.9314,337.0539,0.0002,0.0002,337.0539,,,,,,,,,,,,0.0,0.0,0.0,0.0,0
12.32,-2.6001,-4.0684,337.5952,0.0002,0.0002,337.5952,,,,,,,,,,,,0.0,0.0,0.0,0.0,0
12.34,-2.6001,-4.0684,337.5952,0.0002,0.0002,337.5952,,,,,,,,,,,,0.0,0.0,0.0,0.0,0
12.36,-2.6001,-4.0684,337.5952,0.0002,0.0002,337.5952,,,,,,,,,,,,0.0,0.0,0.0,0.0,0
12.38,-2.6001,-4.0684,337.5952,0.0002,0.0002,337.5952,,,,,,,,,,,,0.0,0.0,0.0,0.0,0
12.4,-2.1727,-5.8039,336.9655,0.0002,0.0002,336.9655,,,,,,,,,,,,0.0,0.0,0.0,0.0,0
12.42,-2.1727,-5.8039,336.9655,0.0002,0.0002,336.9655,,,,,,,,,,,,0.0,0.0,0.0,0.0,0
12.44,-2.1727,-5.8039,336.9655,0.0002,0.0002,336.9655,,,,,,,,,,,,0.0,0.0,0.0,0.0,0
12.46,-2.1727,-5.8039,336.9655,0.0002,0.0002,336.9655,,,,,,,,,,,,0.0,0.0,0.0,0.0,0
12.48,-2.1727,-5.8039,336.9655,0.0002,0.0002,336.9655,,,,,,,,,,,,0.0,0.0,0.0,0.0,0
12.5,-2.1727,-5.8039,336.9655,0.0002,0.0002,336.9655,,,,,,,,,,,,0.0,0.0,0.0,0.0,0
12.52,-2.1988,-5.5276,337.1824,0.0002,0.0002,337.1824,,,,,,,,,,,,0.0,0.0,0.0,0.0,0
12.54,-2.1988,-5.5276,337.1824,0.0002,0.0002,337.1824,,,,,,,,,,,,0.0,0.0,0.0,0.0,0
12.56,-2.1988,-5.5276,337.1824,0.0002,0.0002,337.1824,,,,,,,,,,,,0.0,0.0,0.0,0.0,0
12.58,-2.1988,-5.5276,337.1824,0.0002,0.0002,337.1824,,,,,,,,,,,,0.0,0.0,0.0,0.0,0
12.6,-2.4059,-4.7371,337.3541,0.0002,0.0002,337.3541,,,,,,,,,,,,0.0,0.0,0.0,0.0,0
12.62,-2.4059,-4.7371,337.3541,0.0002,0.0002,337.3541,,,,,,,,,,,,0.0,0.0,0.0,0.0,0
12.64,-2.4059,-4.7371,337.3541,0.0002,0.0002,337.3541,,,,,,,,,,,,0.0,0.0,0.0,0.0,0
12.66,-2.4059,-4.7371,337.3541,0.0002,0.0002,337.3541,,,,,,,,,,,,0.0,0.0,0.0,0.0,0
12.68,-2.4059,-4.7371,337.3541,0.0002,0.0002,337.3541,,,,,,,,,,,,0.0,0.0,0.0,0.0,0
12.7,-2.4059,-4.7371,337.3541,0.0002,0.0002,337.3541,,,,,,,,,,,,0.0,0.0,0.0,0.0,0
12.72,-2.0929,-5.795,336.8826,0.0002,0.0002,336.8826,,,,,,,,,,,,0.0,0.0,0.0,0.0,0
12.74,-2.0929,-5.795,336.8826,0.0002,0.0002,336.8826,,,,,,,,,,,,0.0,0.0,0.0,0.0,0
12.76,-2.0929,-5.795,336.8826,0.0002,0.0002,336.8826,,,,,,,,,,,,0.0,0.0,0.0,0.0,0
12.78,-2.0929,-5.795,336.8826,0.0002,0.0002,336.8826,,,,,,,,,,,,0.0,0.0,0.0,0.0,0
12.8,-2.1607,-5.4454,336.8719,0.0002,0.0002,336.8719,,,,,,,,,,,,0.0,0.0,0.0,0.0,0
12.82,-2.1607,-5.4454,336.8719,0.0002,0.0002,336.8719,,,,,,,,,,,,0.0,0.0,0.0,0.0,0
12.84,-2.1607,-5.4454,336.8719,0.0002,0.0002,336.8719,,,,,,,,,,,,0.0,0.0,0.0,0.0,0
12.86,-2.1607,-5.4454,336.8719,0.0002,0.0002,336.8719,,,,,,,,,,,,0.0,0.0,0.0,0.0,0
12.88,-2.1607,-5.4454,336.8719,0.0002,0.0002,336.8719,,,,,,,,,,,,0.0,0.0,0.0,0.0,0
12.9,-2.1607,-5.4454,336.8719,0.0002,0.0002,336.8719,,,,,,,,,,,,0.0,0.0,0.0,0.0,0
12.92,-2.0228,-5.9204,336.7406,0.0002,0.0002,336.7406,,,,,,,,,,,,0.0,0.0,0.0,0.0,0
12.94,-2.0228,-5.9204,336.7406,0.0002,0.0002,336.7406,,,,,,,,,,,,0.0,0.0,0.0,0.0,0
12.96,-2.0228,-5.9204,336.7406,0.0002,0.0002,336.7406,,,,,,,,,,,,0.0,0.0,0.0,0.0,0
12.98,-2.0228,-5.9204,336.7406,0.0002,0.0002,336.7406,,,,,,,,,,,,0.0,0.0,0.0,0.0,0
13.0,-2.1728,-5.2136,336.8982,0.0002,0.0002,336.8982,,,,,,,,,,,,0.0,0.0,0.0,0.0,0
13.02,-2.1728,-5.2136,336.8982,0.0002,0.0002,336.8982,,,,,,,,,,,,0.0,0.0,0.0,0.0,0
13.04,-2.1728,-5.2136,336.8982,0.0002,0.0002,336.8982,,,,,,,,,,,,0.0,0.0,0.0,0.0,0
13.06,-2.1728,-5.2136,336.8982,0.0002,0.0002,336.8982,,,,,,,,,,,,0.0,0.0,0.0,0.0,0
13.08,-2.1728,-5.2136,336.8982,0.0002,0.0002,336.8982,,,,,,,,,,,,0.0,0.0,0.0,0.0,0
13.1,-2.1728,-5.2136,336.8982,0.0002,0.0002,336.8982,,,,,,,,,,,,0.0,0.0,0.0,0.0,0
13.12,-2.0344,-5.6799,336.7028,0.0002,0.0002,336.7028,,,,,,,,,,,,0.0,0.0,0.0,0.0,0
13.14,-2.0344,-5.6799,336.7028,0.0002,0.0002,336.7028,,,,,,,,,,,,0.0,0.0,0.0,0.0,0
13.16,-2.0344,-5.6799,336.7028,0.0002,0.0002,336.7028,,,,,,,,,,,,0.0,0.0,0.0,0.0,0
13.18,-2.0344,-5.6799,336.7028,0.0002,0.0002,336.7028,,,,,,,,,,,,0.0,0.0,0.0,0.0,0
13.2,-2.1212,-5.2967,336.9344,0.0002,0.0002,336.9344,,,,,,,,,,,,0.0,0.0,0.0,0.0,0
13.22,-2.1212,-5.2967,336.9344,0.0002,0.0002,336.9344,,,,,,,,,,,,0.0,0.0,0.0,0.0,0
13.24,-2.1212,-5.2967,336.9344,0.0002,0.0002,336.9344,,,,,,,,,,,,0.0,0.0,0.0,0.0,0
13.26,-2.1212,-5.2967,336.9344,0.0002,0.0002,336.9344,,,,,,,,,,,,0.0,0.0,0.0,0.0,0
13.28,-2.1212,-5.2967,336.9344,0.0002,0.0002,336.9344,,,,,,,,,,,,0.0,0.0,0.0,0.0,0
13.3,-2.1212,-5.2967,336.9344,0.0002,0.0002,336.9344,,,,,,,,,,,,0.0,0.0,0.0,0.0,0
13.32,-2.0383,-5.5404,336.6949,0.0002,0.0002,336.6949,,,,,,,,,,,,0.0,0.0,0.0,0.0,0
13.34,-2.0383,-5.5404,336.6949,0.0002,0.0002,336.6949,,,,,,,,,,,,0.0,0.0,0.0,0.0,0
13.36,-2.0383,-5.5404,336.6949,0.0002,0.0002,336.6949,,,,,,,,,,,,0.0,0.0,0.0,0.0,0
13.38,-2.0383,-5.5404,336.6949,0.0002,0.0002,336.6949,,,,,,,,,,,,0.0,0.0,0.0,0.0,0
13.4,-2.0845,-5.3528,336.9256,0.0002,0.0002,336.9256,,,,,,,,,,,,0.0,0.0,0.0,0.0,0
13.42,-2.0845,-5.3528,336.9256,0.0002,0.0002,336.9256,,,,,,,,,,,,0.0,0.0,0.0,0.0,0
13.44,-2.0845,-5.3528,336.9256,0.0002,0.0002,336.9256,,,,,,,,,,,,0.0,0.0,0.0,0.0,0
13.46,-2.0845,-5.3528,336.9256,0.0002,0.0002,336.9256,,,,,,,,,,,,0.0,0.0,0.0,0.0,0
13.48,-2.0845,-5.3528,336.9256,0.0002,0.0002,336.9256,,,,,,,,,,,,0.0,0.0,0.0,0.0,0
13.5,-2.0845,-5.3528,336.9256,0.0002,0.0002,336.9256,,,,,,,,,,,,0.0,0.0,0.0,0.0,0
13.52,-1.993,-5.6451,336.7134,0.0002,0.0002,336.7134,,,,,,,,,,,,0.0,0.0,0.0,0.0,0
13.54,-1.993,-5.6451,336.7134,0.0002,0.0002,336.7134,,,,,,,,,,,,0.0,0.0,0.0,0.0,0
13.56,-1.993,-5.6451,336.7134,0.0002,0.0002,336.7134,,,,,,,,,,,,0.0,0.0,0.0,0.0,0
13.58,-1.993,-5.6451,336.7134,0.0002,0.0002,336.7134,,,,,,,,,,,,0.0,0.0,0.0,0.0,0
13.6,-2.0808,-5.3044,336.9123,0.0002,0.0002,336.9123,,,,,,,,,,,,0.0,0.0,0.0,0.0,0
13.62,-2.0808,-5.3044,336.9123,0.0002,0.0002,336.9123,,,,,,,,,,,,0.0,0.0,0.0,0.0,0
13.64,-2.0808,-5.3044,336.9123,0.0002,0.0002,336.9123,,,,,,,,,,,,0.0,0.0,0.0,0.0,0
13.66,-2.0808,-5.3044,336.9123,0.0002,0.0002,336.9123,,,,,,,,,,,,0.0,0.0,0.0,0.0,0
13.68,-2.0808,-5.3044,336.9123,0.0002,0.0002,336.9123,,,,,,,,,,,,0.0,0.0,0.0,0.0,0
13.7,-2.0808,-5.3044,336.9123,0.0002,0.0002,336.9123,,,,,,,,,,,,0.0,0.0,0.0,0.0,0
13.72,-2.0647,-5.2952,336.7257,0.0002,0.0002,336.7257,,,,,,,,,,,,0.0,0.0,0.0,0.0,0
13.74,-2.0647,-5.2952,336.7257,0.0002,0.0002,336.7257,,,,,,,,,,,,0.0,0.0,0.0,0.0,0
13.76,-2.0647,-5.2952,336.7257,0.0002,0.0002,336.7257,,,,,,,,,,,,0.0,0.0,0.0,0.0,0
13.78,-2.0647,-5.2952,336.7257,0.0002,0.0002,336.7257,,,,,,,,,,,,0.0,0.0,0.0,0.0,0
13.8,-2.1879,-4.7948,336.8822,0.0002,0.0002,336.8822,,,,,,,,,,,,0.0,0.0,0.0,0.0,0
13.82,-2.1879,-4.7948,336.8822,0.0002,0.0002,336.8822,,,,,,,,,,,,0.0,0.0,0.0,0.0,0
13.84,-2.1879,-4.7948,336.8822,0.0002,0.0002,336.8822,,,,,,,,,,,,0.0,0.0,0.0,0.0,0
13.86,-2.1879,-4.7948,336.8822,0.0002,0.0002,336.8822,,,,,,,,,,,,0.0,0.0,0.0,0.0,0
13.88,-2.1879,-4.7948,336.8822,0.0002,0.0002,336.8822,,,,,,,,,,,,0.0,0.0,0.0,0.0,0
13.9,-2.1879,-4.7948,336.8822,0.0002,0.0002,336.8822,,,,,,,,,,,,0.0,0.0,0.0,0.0,0
13.92,-2.1415,-4.9114,336.735,0.0002,0.0002,336.735,,,,,,,,,,,,0.0,0.0,0.0,0.0,0
13.94,-2.1415,-4.9114,336.735,0.0002,0.0002,336.735,,,,,,,,,,,,0.0,0.0,0.0,0.0,0
13.96,-2.1415,-4.9114,336.735,0.0002,0.0002,336.735,,,,,,,,,,,,0.0,0.0,0.0,0.0,0
13.98,-2.1415,-4.9114,336.735,0.0002,0.0002,336.735,,,,,,,,,,,,0.0,0.0,0.0,0.0,0
14.0,-2.1756,-4.7743,336.8648,0.0002,0.0002,336.8648,,,,,,,,,,,,0.0,0.0,0.0,0.0,0
14.02,-2.1756,-4.7743,336.8648,0.0002,0.0002,336.8648,,,,,,,,,,,,0.0,0.0,0.0,0.0,0
14.04,-2.1756,-4.7743,336.8648,0.0002,0.0002,336.8648,,,,,,,,,,,,0.0,0.0,0.0,0.0,0
14.06,-2.1756,-4.7743,336.8648,0.0002,0.0002,336.8648,,,,,,,,,,,,0.0,0.0,0.0,0.0,0
14.08,-2.1756,-4.7743,336.8648,0.0002,0.0002,336.8648,,,,,,,,,,,,0.0,0.0,0.0,0.0,0
14.1,-2.1756,-4.7743,336.8648,0.0002,0.0002,336.8648,,,,,,,,,,,,0.0,0.0,0.0,0.0,0
14.12,-2.0937,-5.0584,336.7669,0.0002,0.0002,336.7669,,,,,,,,,,,,0.0,0.0,0.0,0.0,0
14.14,-2.0937,-5.0584,336.7669,0.0002,0.0002,336.7669,,,,,,,,,,,,0.0,0.0,0.0,0.0,0
14.16,-2.0937,-5.0584,336.7669,0.0002,0.0002,336.7669,,,,,,,,,,,,0.0,0.0,0.0,0.0,0
14.18,-2.0937,-5.0584,336.7669,0.0002,0.0002,336.7669,,,,,,,,,,,,0.0,0.0,0.0,0.0,0
14.2,-2.0877,-5.1045,336.8552,0.0002,0.0002,336.8552,,,,,,,,,,,,0.0,0.0,0.0,0.0,0
14.22,-2.0877,-5.1045,336.8552,0.0002,0.0002,336.8552,,,,,,,,,,,,0.0,0.0,0.0,0.0,0
14.24,-2.0877,-5.1045,336.8552,0.0002,0.0002,336.8552,,,,,,,,,,,,0.0,0.0,0.0,0.0,0
14.26,-2.0877,-5.1045,336.8552,0.0002,0.0002,336.8552,,,,,,,,,,,,0.0,0.0,0.0,0.0,0
14.28,-2.0877,-5.1045,336.8552,0.0002,0.0002,336.8552,,,,,,,,,,,,0.0,0.0,0.0,0.0,0
14.3,-2.0877,-5.1045,336.8552,0.0002,0.0002,336.8552,,,,,,,,,,,,0.0,0.0,0.0,0.0,0
14.32,-2.0758,-5.1124,336.7919,0.0002,0.0002,336.7919,,,,,,,,,,,,0.0,0.0,0.0,0.0,0
14.34,-2.0758,-5.1124,336.7919,0.0002,0.0002,336.7919,,,,,,,,,,,,0.0,0.0,0.0,0.0,0
14.36,-2.0758,-5.1124,336.7919,0.0002,0.0002,336.7919,,,,,,,,,,,,0.0,0.0,0.0,0.0,0
14.38,-2.0758,-5.1124,336.7919,0.0002,0.0002,336.7919,,,,,,,,,,,,0.0,0.0,0.0,0.0,0
14.4,-2.0624,-5.1801,336.8394,0.0002,0.0002,336.8394,,,,,,,,,,,,0.0,0.0,0.0,0.0,0
14.42,-2.0624,-5.1801,336.8394,0.0002,0.0002,336.8394,,,,,,,,,,,,0.0,0.0,0.0,0.0,0
14.44,-2.0624,-5.1801,336.8394,0.0002,0.0002,336.8394,,,,,,,,,,,,0.0,0.0,0.0,0.0,0
14.46,-2.0624,-5.1801,336.8394,0.0002,0.0002,336.8394,,,,,,,,,,,,0.0,0.0,0.0,0.0,0
14.48,-2.0624,-5.1801,336.8394,0.0002,0.0002,336.8394,,,,,,,,,,,,0.0,0.0,0.0,0.0,0
14.5,-2.0624,-5.1801,336.8394,0.0002,0.0002,336.8394,,,,,,,,,,,,0.0,0.0,0.0,0.0,0
14.52,-2.0239,-5.3151,336.8202,0.0002,0.0002,336.8202,,,,,,,,,,,,0.0,0.0,0.0,0.0,0
14.54,-2.0239,-5.3151,336.8202,0.0002,0.0002,336.8202,,,,,,,,,,,,0.0,0.0,0.0,0.0,0
14.56,-2.0239,-5.3151,336.8202,0.0002,0.0002,336.8202,,,,,,,,,,,,0.0,0.0,0.0,0.0,0
14.58,-2.0239,-5.3151,336.8202,0.0002,0.0002,336.8202,,,,,,,,,,,,0.0,0.0,0.0,0.0,0
14.6,-2.037,-5.2523,336.8291,0.0002,0.0002,336.8291,,,,,,,,,,,,0.0,0.0,0.0,0.0,0
14.62,-2.037,-5.2523,336.8291,0.0002,0.0002,336.8291,,,,,,,,,,,,0.0,0.0,0.0,0.0,0
14.64,-2.037,-5.2523,336.8291,0.0002,0.0002,336.8291,,,,,,,,,,,,0.0,0.0,0.0,0.0,0
14.66,-2.037,-5.2523,336.8291,0.0002,0.0002,336.8291,,,,,,,,,,,,0.0,0.0,0.0,0.0,0
14.68,-2.037,-5.2523,336.8291,0.0002,0.0002,336.8291,,,,,,,,,,,,0.0,0.0,0.0,0.0,0
14.7,-2.037,-5.2523,336.8291,0.0002,0.0002,336.8291,,,,,,,,,,,,0.0,0.0,0.0,0.0,0
14.72,-2.0051,-5.3748,336.8359,0.0002,0.0002,336.8359,,,,,,,,,,,,0.0,0.0,0.0,0.0,0
14.74,-2.0051,-5.3748,336.8359,0.0002,0.0002,336.8359,,,,,,,,,,,,0.0,0.0,0.0,0.0,0
14.76,-2.0051,-5.3748,336.8359,0.0002,0.0002,336.8359,,,,,,,,,,,,0.0,0.0,0.0,0.0,0
14.78,-2.0051,-5.3748,336.8359,0.0002,0.0002,336.8359,,,,,,,,,,,,0.0,0.0,0.0,0.0,0
14.8,-1.9763,-5.4942,336.8294,0.0002,0.0002,336.8294,,,,,,,,,,,,0.0,0.0,0.0,0.0,0
14.82,-1.9763,-5.4942,336.8294,0.0002,0.0002,336.8294,,,,,,,,,,,,0.0,0.0,0.0,0.0,0
14.84,-1.9763,-5.4942,336.8294,0.0002,0.0002,336.8294,,,,,,,,,,,,0.0,0.0,0.0,0.0,0
14.86,-1.9763,-5.4942,336.8294,0.0002,0.0002,336.8294,,,,,,,,,,,,0.0,0.0,0.0,0.0,0
14.88,-1.9763,-5.4942,336.8294,0.0002,0.0002,336.8294,,,,,,,,,,,,0.0,0.0,0.0,0.0,0
14.9,-1.9763,-5.4942,336.8294,0.0002,0.0002,336.8294,,,,,,,,,,,,0.0,0.0,0.0,0.0,0
14.92,-1.9977,-5.3909,336.8471,0.0002,0.0002,336.8471,,,,,,,,,,,,0.0,0.0,0.0,0.0,0
14.94,-1.9977,-5.3909,336.8471,0.0002,0.0002,336.8471,,,,,,,,,,,,0.0,0.0,0.0,0.0,0
14.96,-1.9977,-5.3909,336.8471,0.0002,0.0002,336.8471,,,,,,,,,,,,0.0,0.0,0.0,0.0,0
14.98,-1.9977,-5.3909,336.8471,0.0002,0.0002,336.8471,,,,,,,,,,,,0.0,0.0,0.0,0.0,0
15.0,-1.9548,-5.5528,336.8358,0.0002,0.0002,336.8358,,,,,,,,,,,,0.0,0.0,0.0,0.0,0
15.02,-1.9548,-5.5528,336.8358,0.0002,0.0002,336.8358,,,,,,,,,,,,0.0,0.0,0.0,0.0,0
15.04,-1.9548,-5.5528,336.8358,0.0002,0.0002,336.8358,,,,,,,,,,,,0.0,0.0,0.0,0.0,0
15.06,-1.9548,-5.5528,336.8358,0.0002,0.0002,336.8358,,,,,,,,,,,,0.0,0.0,0.0,0.0,0
15.08,-1.9548,-5.5528,336.8358,0.0002,0.0002,336.8358,,,,,,,,,,,,0.0,0.0,0.0,0.0,0
15.1,-1.9548,-5.5528,336.8358,0.0002,0.0002,336.8358,,,,,,,,,,,,0.0,0.0,0.0,0.0,0
15.12,-1.9963,-5.4462,336.9952,0.0002,0.0002,336.9952,,,,,,,,,,,,0.0,0.0,0.0,0.0,0
15.14,-1.9963,-5.4462,336.9952,0.0002,0.0002,336.9952,,,,,,,,,,,,0.0,0.0,0.0,0.0,0
15.16,-1.9963,-5.4462,336.9952,0.0002,0.0002,336.9952,,,,,,,,,,,,0.0,0.0,0.0,0.0,0
15.18,-1.9963,-5.4462,336.9952,0.0002,0.0002,336.9952,,,,,,,,,,,,0.0,0.0,0.0,0.0,0
15.2,-2.0059,-5.3973,336.9606,0.0002,0.0002,336.9606,,,,,,,,,,,,0.0,0.0,0.0,0.0,0
15.22,-2.0059,-5.3973,336.9606,0.0002,0.0002,336.9606,,,,,,,,,,,,0.0,0.0,0.0,0.0,0
15.24,-2.0059,-5.3973,336.9606,0.0002,0.0002,336.9606,,,,,,,,,,,,0.0,0.0,0.0,0.0,0
15.26,-2.0059,-5.3973,336.9606,0.0002,0.0002,336.9606,,,,,,,,,,,,0.0,0.0,0.0,0.0,0
15.28,-2.0059,-5.3973,336.9606,0.0002,0.0002,336.9606,,,,,,,,,,,,0.0,0.0,0.0,0.0,0
15.3,-2.0059,-5.3973,336.9606,0.0002,0.0002,336.9606,,,,,,,,,,,,0.0,0.0,0.0,0.0,0
15.32,-2.0257,-5.3025,336.995,0.0002,0.0002,336.995,,,,,,,,,,,,0.0,0.0,0.0,0.0,0
15.34,-2.0257,-5.3025,336.995,0.0002,0.0002,336.995,,,,,,,,,,,,0.0,0.0,0.0,0.0,0
15.36,-2.0257,-5.3025,336.995,0.0002,0.0002,336.995,,,,,,,,,,,,0.0,0.0,0.0,0.0,0
15.38,-2.0257,-5.3025,336.995,0.0002,0.0002,336.995,,,,,,,,,,,,0.0,0.0,0.0,0.0,0
15.4,-2.0935,-5.0002,336.9496,0.0002,0.0002,336.9496,,,,,,,,,,,,0.0,0.0,0.0,0.0,0
15.42,-2.0935,-5.0002,336.9496,0.0002,0.0002,336.9496,,,,,,,,,,,,0.0,0.0,0.0,0.0,0
15.44,-2.0935,-5.0002,336.9496,0.0002,0.0002,336.9496,,,,,,,,,,,,0.0,0.0,0.0,0.0,0
15.46,-2.0935,-5.0002,336.9496,0.0002,0.0002,336.9496,,,,,,,,,,,,0.0,0.0,0.0,0.0,0
15.48,-2.0935,-5.0002,336.9496,0.0002,0.0002,336.9496,,,,,,,,,,,,0.0,0.0,0.0,0.0,0
15.5,-2.0935,-5.0002,336.9496,0.0002,0.0002,336.9496,,,,,,,,,,,,0.0,0.0,0.0,0.0,0
15.52,-2.115,-4.8797,336.9742,0.0002,0.0002,336.9742,,,,,,,,,,,,0.0,0.0,0.0,0.0,0
15.54,-2.115,-4.8797,336.9742,0.0002,0.0002,336.9742,,,,,,,,,,,,0.0,0.0,0.0,0.0,0
15.56,-2.115,-4.8797,336.9742,0.0002,0.0002,336.9742,,,,,,,,,,,,0.0,0.0,0.0,0.0,0
15.58,-2.115,-4.8797,336.9742,0.0002,0.0002,336.9742,,,,,,,,,,,,0.0,0.0,0.0,0.0,0
15.6,-2.1875,-4.5318,336.9364,0.0002,0.0002,336.9364,,,,,,,,,,,,0.0,0.0,0.0,0.0,0
15.62,-2.1875,-4.5318,336.9364,0.0002,0.0002,336.9364,,,,,,,,,,,,0.0,0.0,0.0,0.0,0
15.64,-2.1875,-4.5318,336.9364,0.0002,0.0002,336.9364,,,,,,,,,,,,0.0,0.0,0.0,0.0,0
15.66,-2.1875,-4.5318,336.9364,0.0002,0.0002,336.9364,,,,,,,,,,,,0.0,0.0,0.0,0.0,0
15.68,-2.1875,-4.5318,336.9364,0.0002,0.0002,336.9364,,,,,,,,,,,,0.0,0.0,0.0,0.0,0
15.7,-2.1875,-4.5318,336.9364,0.0002,0.0002,336.9364,,,,,,,,,,,,0.0,0.0,0.0,0.0,0
15.72,-2.1902,-4.5044,336.9473,0.0002,0.0002,336.9473,,,,,,,,,,,,0.0,0.0,0.0,0.0,0
15.74,-2.1902,-4.5044,336.9473,0.0002,0.0002,336.9473,,,,,,,,,,,,0.0,0.0,0.0,0.0,0
15.76,-2.1902,-4.5044,336.9473,0.0002,0.0002,336.9473,,,,,,,,,,,,0.0,0.0,0.0,0.0,0
15.78,-2.1902,-4.5044,336.9473,0.0002,0.0002,336.9473,,,,,,,,,,,,0.0,0.0,0.0,0.0,0
15.8,-2.1707,-4.5991,336.9524,0.0002,0.0002,336.9524,,,,,,,,,,,,0.0,0.0,0.0,0.0,0
15.82,-2.1707,-4.5991,336.9524,0.0002,0.0002,336.9524,,,,,,,,,,,,0.0,0.0,0.0,0.0,0
15.84,-2.1707,-4.5991,336.9524,0.0002,0.0002,336.9524,,,,,,,,,,,,0.0,0.0,0.0,0.0,0
15.86,-2.1707,-4.5991,336.9524,0.0002,0.0002,336.9524,,,,,,,,,,,,0.0,0.0,0.0,0.0,0
15.88,-2.1707,-4.5991,336.9524,0.0002,0.0002,336.9524,,,,,,,,,,,,0.0,0.0,0.0,0.0,0
15.9,-2.1707,-4.5991,336.9524,0.0002,0.0002,336.9524,,,,,,,,,,,,0.0,0.0,0.0,0.0,0
15.92,-2.1735,-4.5782,336.9524,0.0002,0.0002,336.9524,,,,,,,,,,,,0.0,0.0,0.0,0.0,0
15.94,-2.1735,-4.5782,336.9524,0.0002,0.0002,336.9524,,,,,,,,,,,,0.0,0.0,0.0,0.0,0
15.96,-2.1735,-4.5782,336.9524,0.0002,0.0002,336.9524,,,,,,,,,,,,0.0,0.0,0.0,0.0,0
15.98,-2.1735,-4.5782,336.9524,0.0002,0.0002,336.9524,,,,,,,,,,,,0.0,0.0,0.0,0.0,0
16.0,-2.1599,-4.66,336.9964,0.0002,0.0002,336.9964,,,,,,,,,,,,0.0,0.0,0.0,0.0,0
16.02,-2.1599,-4.66,336.9964,0.0002,0.0002,336.9964,,,,,,,,,,,,0.0,0.0,0.0,0.0,0
16.04,-2.1599,-4.66,336.9964,0.0002,0.0002,336.9964,,,,,,,,,,,,0.0,0.0,0.0,0.0,0
16.06,-2.1599,-4.66,336.9964,0.0002,0.0002,336.9964,,,,,,,,,,,,0.0,0.0,0.0,0.0,0
16.08,-2.1599,-4.66,336.9964,0.0002,0.0002,336.9964,,,,,,,,,,,,0.0,0.0,0.0,0.0,0
16.1,-2.1599,-4.66,336.9964,0.0002,0.0002,336.9964,,,,,,,,,,,,0.0,0.0,0.0,0.0,0
16.12,-2.1389,-4.7134,336.9387,0.0002,0.0002,336.9387,,,,,,,,,,,,0.0,0.0,0.0,0.0,0
16.14,-2.1389,-4.7134,336.9387,0.0002,0.0002,336.9387,,,,,,,,,,,,0.0,0.0,0.0,0.0,0
16.16,-2.1389,-4.7134,336.9387,0.0002,0.0002,336.9387,,,,,,,,,,,,0.0,0.0,0.0,0.0,0
16.18,-2.1389,-4.7134,336.9387,0.0002,0.0002,336.9387,,,,,,,,,,,,0.0,0.0,0.0,0.0,0
16.2,-2.1093,-4.8149,336.8488,0.0002,0.0002,336.8488,,,,,,,,,,,,0.0,0.0,0.0,0.0,0
16.22,-2.1093,-4.8149,336.8488,0.0002,0.0002,336.8488,,,,,,,,,,,,0.0,0.0,0.0,0.0,0
16.24,-2.1093,-4.8149,336.8488,0.0002,0.0002,336.8488,,,,,,,,,,,,0.0,0.0,0.0,0.0,0
16.26,-2.1093,-4.8149,336.8488,0.0002,0.0002,336.8488,,,,,,,,,,,,0.0,0.0,0.0,0.0,0
16.28,-2.1093,-4.8149,336.8488,0.0002,0.0002,336.8488,,,,,,,,,,,,0.0,0.0,0.0,0.0,0
16.3,-2.1093,-4.8149,336.8488,0.0002,0.0002,336.8488,,,,,,,,,,,,0.0,0.0,0.0,0.0,0
16.32,-2.0932,-4.8872,336.8319,0.0002,0.0002,336.8319,,,,,,,,,,,,0.0,0.0,0.0,0.0,0
16.34,-2.0932,-4.8872,336.8319,0.0002,0.0002,336.8319,,,,,,,,,,,,0.0,0.0,0.0,0.0,0
16.36,-2.0932,-4.8872,336.8319,0.0002,0.0002,336.8319,,,,,,,,,,,,0.0,0.0,0.0,0.0,0
16.38,-2.0932,-4.8872,336.8319,0.0002,0.0002,336.8319,,,,,,,,,,,,0.0,0.0,0.0,0.0,0
16.4,-2.0169,-5.211,336.8709,0.0002,0.0002,336.8709,,,,,,,,,,,,0.0,0.0,0.0,0.0,0
16.42,-2.0169,-5.211,336.8709,0.0002,0.0002,336.8709,,,,,,,,,,,,0.0,0.0,0.0,0.0,0
16.44,-2.0169,-5.211,336.8709,0.0002,0.0002,336.8709,,,,,,,,,,,,0.0,0.0,0.0,0.0,0
16.46,-2.0169,-5.211,336.8709,0.0002,0.0002,336.8709,,,,,,,,,,,,0.0,0.0,0.0,0.0,0
16.48,-2.0169,-5.211,336.8709,0.0002,0.0002,336.8709,,,,,,,,,,,,0.0,0.0,0.0,0.0,0
16.5,-2.0169,-5.211,336.8709,0.0002,0.0002,336.8709,,,,,,,,,,,,0.0,0.0,0.0,0.0,0
16.52,-1.9684,-5.3932,336.8695,0.0002,0.0002,336.8695,,,,,,,,,,,,0.0,0.0,0.0,0.0,0
16.54,-1.9684,-5.3932,336.8695,0.0002,0.0002,336.8695,,,,,,,,,,,,0.0,0.0,0.0,0.0,0
16.56,-1.9684,-5.3932,336.8695,0.0002,0.0002,336.8695,,,,,,,,,,,,0.0,0.0,0.0,0.0,0
16.58,-1.9684,-5.3932,336.8695,0.0002,0.0002,336.8695,,,,,,,,,,,,0.0,0.0,0.0,0.0,0
16.6,-1.9922,-5.2849,336.877,0.0002,0.0002,336.877,,,,,,,,,,,,0.0,0.0,0.0,0.0,0
16.62,-1.9922,-5.2849,336.877,0.0002,0.0002,336.877,,,,,,,,,,,,0.0,0.0,0.0,0.0,0
16.64,-1.9922,-5.2849,336.877,0.0002,0.0002,336.877,,,,,,,,,,,,0.0,0.0,0.0,0.0,0
16.66,-1.9922,-5.2849,336.877,0.0002,0.0002,336.877,,,,,,,,,,,,0.0,0.0,0.0,0.0,0
16.68,-1.9922,-5.2849,336.877,0.0002,0.0002,336.877,,,,,,,,,,,,0.0,0.0,0.0,0.0,0
16.7,-1.9922,-5.2849,336.877,0.0002,0.0002,336.877,,,,,,,,,,,,0.0,0.0,0.0,0.0,0
16.72,-2.004,-5.2251,336.8718,0.0002,0.0002,336.8718,,,,,,,,,,,,0.0,0.0,0.0,0.0,0
16.74,-2.004,-5.2251,336.8718,0.0002,0.0002,336.8718,,,,,,,,,,,,0.0,0.0,0.0,0.0,0
16.76,-2.004,-5.2251,336.8718,0.0002,0.0002,336.8718,,,,,,,,,,,,0.0,0.0,0.0,0.0,0
16.78,-2.004,-5.2251,336.8718,0.0002,0.0002,336.8718,,,,,,,,,,,,0.0,0.0,0.0,0.0,0
16.8,-1.9981,-5.2586,336.8782,0.0002,0.0002,336.8782,,,,,,,,,,,,0.0,0.0,0.0,0.0,0
16.82,-1.9981,-5.2586,336.8782,0.0002,0.0002,336.8782,,,,,,,,,,,,0.0,0.0,0.0,0.0,0
16.84,-1.9981,-5.2586,336.8782,0.0002,0.0002,336.8782,,,,,,,,,,,,0.0,0.0,0.0,0.0,0
16.86,-1.9981,-5.2586,336.8782,0.0002,0.0002,336.8782,,,,,,,,,,,,0.0,0.0,0.0,0.0,0
16.88,-1.9981,-5.2586,336.8782,0.0002,0.0002,336.8782,,,,,,,,,,,,0.0,0.0,0.0,0.0,0
16.9,-1.9981,-5.2586,336.8782,0.0002,0.0002,336.8782,,,,,,,,,,,,0.0,0.0,0.0,0.0,0
16.92,-2.0005,-5.2522,336.889,0.0002,0.0002,336.889,,,,,,,,,,,,0.0,0.0,0.0,0.0,0
16.94,-2.0005,-5.2522,336.889,0.0002,0.0002,336.889,,,,,,,,,,,,0.0,0.0,0.0,0.0,0
16.96,-2.0005,-5.2522,336.889,0.0002,0.0002,336.889,,,,,,,,,,,,0.0,0.0,0.0,0.0,0
16.98,-2.0005,-5.2522,336.889,0.0002,0.0002,336.889,,,,,,,,,,,,0.0,0.0,0.0,0.0,0
17.0,-1.9402,-5.5171,336.902,0.0002,0.0002,336.902,,,,,,,,,,,,0.0,0.0,0.0,0.0,0
17.02,-1.9402,-5.5171,336.902,0.0002,0.0002,336.902,,,,,,,,,,,,0.0,0.0,0.0,0.0,0
17.04,-1.9402,-5.5171,336.902,0.0002,0.0002,336.902,,,,,,,,,,,,0.0,0.0,0.0,0.0,0
17.06,-1.9402,-5.5171,336.902,0.0002,0.0002,336.902,,,,,,,,,,,,0.0,0.0,0.0,0.0,0
17.08,-1.9402,-5.5171,336.902,0.0002,0.0002,336.902,,,,,,,,,,,,0.0,0.0,0.0,0.0,0
17.1,-1.9402,-5.5171,336.902,0.0002,0.0002,336.902,,,,,,,,,,,,0.0,0.0,0.0,0.0,0
17.12,-1.881,-5.7658,336.905,0.0002,0.0002,336.905,,,,,,,,,,,,0.0,0.0,0.0,0.0,0
17.14,-1.881,-5.7658,336.905,0.0002,0.0002,336.905,,,,,,,,,,,,0.0,0.0,0.0,0.0,0
17.16,-1.881,-5.7658,336.905,0.0002,0.0002,336.905,,,,,,,,,,,,0.0,0.0,0.0,0.0,0
17.18,-1.881,-5.7658,336.905,0.0002,0.0002,336.905,,,,,,,,,,,,0.0,0.0,0.0,0.0,0
17.2,-1.8384,-5.9333,336.9281,0.0002,0.0002,336.9281,,,,,,,,,,,,0.0,0.0,0.0,0.0,0
17.22,-1.8384,-5.9333,336.9281,0.0002,0.0002,336.9281,,,,,,,,,,,,0.0,0.0,0.0,0.0,0
17.24,-1.8384,-5.9333,336.9281,0.0002,0.0002,336.9281,,,,,,,,,,,,0.0,0.0,0.0,0.0,0
17.26,-1.8384,-5.9333,336.9281,0.0002,0.0002,336.9281,,,,,,,,,,,,0.0,0.0,0.0,0.0,0
17.28,-1.8384,-5.9333,336.9281,0.0002,0.0002,336.9281,,,,,,,,,,,,0.0,0.0,0.0,0.0,0
17.3,-1.8384,-5.9333,336.9281,0.0002,0.0002,336.9281,,,,,,,,,,,,0.0,0.0,0.0,0.0,0
17.32,-1.8842,-5.788,337.0713,0.0002,0.0002,337.0713,,,,,,,,,,,,0.0,0.0,0.0,0.0,0
17.34,-1.8842,-5.788,337.0713,0.0002,0.0002,337.0713,,,,,,,,,,,,0.0,0.0,0.0,0.0,0
17.36,-1.8842,-5.788,337.0713,0.0002,0.0002,337.0713,,,,,,,,,,,,0.0,0.0,0.0,0.0,0
17.38,-1.8842,-5.788,337.0713,0.0002,0.0002,337.0713,,,,,,,,,,,,0.0,0.0,0.0,0.0,0
17.4,-1.8926,-5.7682,337.1176,0.0002,0.0002,337.1176,,,,,,,,,,,,0.0,0.0,0.0,0.0,0
17.42,-1.8926,-5.7682,337.1176,0.0002,0.0002,337.1176,,,,,,,,,,,,0.0,0.0,0.0,0.0,0
17.44,-1.8926,-5.7682,337.1176,0.0002,0.0002,337.1176,,,,,,,,,,,,0.0,0.0,0.0,0.0,0
17.46,-1.8926,-5.7682,337.1176,0.0002,0.0002,337.1176,,,,,,,,,,,,0.0,0.0,0.0,0.0,0
17.48,-1.8926,-5.7682,337.1176,0.0002,0.0002,337.1176,,,,,,,,,,,,0.0,0.0,0.0,0.0,0
17.5,-1.8926,-5.7682,337.1176,0.0002,0.0002,337.1176,,,,,,,,,,,,0.0,0.0,0.0,0.0,0
17.52,-2.0137,-5.4083,337.4709,0.0002,0.0002,337.4709,,,,,,,,,,,,0.0,0.0,0.0,0.0,0
17.54,-2.0137,-5.4083,337.4709,0.0002,0.0002,337.4709,,,,,,,,,,,,0.0,0.0,0.0,0.0,0
17.56,-2.0137,-5.4083,337.4709,0.0002,0.0002,337.4709,,,,,,,,,,,,0.0,0.0,0.0,0.0,0
17.58,-2.0137,-5.4083,337.4709,0.0002,0.0002,337.4709,,,,,,,,,,,,0.0,0.0,0.0,0.0,0
17.6,-2.021,-5.437,337.5754,0.0002,0.0002,337.5754,,,,,,,,,,,,0.0,0.0,0.0,0.0,0
17.62,-2.021,-5.437,337.5754,0.0002,0.0002,337.5754,,,,,,,,,,,,0.0,0.0,0.0,0.0,0
17.64,-2.021,-5.437,337.5754,0.0002,0.0002,337.5754,,,,,,,,,,,,0.0,0.0,0.0,0.0,0
17.66,-2.021,-5.437,337.5754,0.0002,0.0002,337.5754,,,,,,,,,,,,0.0,0.0,0.0,0.0,0
17.68,-2.021,-5.437,337.5754,0.0002,0.0002,337.5754,,,,,,,,,,,,0.0,0.0,0.0,0.0,0
17.7,-2.021,-5.437,337.5754,0.0002,0.0002,337.5754,,,,,,,,,,,,0.0,0.0,0.0,0.0,0
17.72,-2.0333,-5.3848,337.6053,0.0002,0.0002,337.6054,,,,,,,,,,,,0.0,0.0,0.0,0.0,0
17.74,-2.0333,-5.3848,337.6053,0.0002,0.0002,337.6054,,,,,,,,,,,,0.0,0.0,0.0,0.0,0
17.76,-2.0333,-5.3848,337.6053,0.0002,0.0002,337.6054,,,,,,,,,,,,0.0,0.0,0.0,0.0,0
17.78,-2.0333,-5.3848,337.6053,0.0002,0.0002,337.6054,,,,,,,,,,,,0.0,0.0,0.0,0.0,0
17.8,-2.001,-5.5151,337.601,0.0002,0.0002,337.601,,,,,,,,,,,,0.0,0.0,0.0,0.0,0
17.82,-2.001,-5.5151,337.601,0.0002,0.0002,337.601,,,,,,,,,,,,0.0,0.0,0.0,0.0,0
17.84,-2.001,-5.5151,337.601,0.0002,0.0002,337.601,,,,,,,,,,,,0.0,0.0,0.0,0.0,0
17.86,-2.001,-5.5151,337.601,0.0002,0.0002,337.601,,,,,,,,,,,,0.0,0.0,0.0,0.0,0
17.88,-2.001,-5.5151,337.601,0.0002,0.0002,337.601,,,,,,,,,,,,0.0,0.0,0.0,0.0,0
17.9,-2.001,-5.5151,337.601,0.0002,0.0002,337.601,,,,,,,,,,,,0.0,0.0,0.0,0.0,0
17.92,-2.001,-5.5128,337.6319,0.0002,0.0002,337.6319,,,,,,,,,,,,0.0,0.0,0.0,0.0,0
17.94,-2.001,-5.5128,337.6319,0.0002,0.0002,337.6319,,,,,,,,,,,,0.0,0.0,0.0,0.0,0
17.96,-2.001,-5.5128,337.6319,0.0002,0.0002,337.6319,,,,,,,,,,,,0.0,0.0,0.0,0.0,0
17.98,-2.001,-5.5128,337.6319,0.0002,0.0002,337.6319,,,,,,,,,,,,0.0,0.0,0.0,0.0,0
18.0,-2.0257,-5.4705,337.7405,0.0002,0.0002,337.7405,,,,,,,,,,,,0.0,0.0,0.0,0.0,0
18.02,-2.0257,-5.4705,337.7405,0.0002,0.0002,337.7405,,,,,,,,,,,,0.0,0.0,0.0,0.0,0
18.04,-2.0257,-5.4705,337.7405,0.0002,0.0002,337.7405,,,,,,,,,,,,0.0,0.0,0.0,0.0,0
18.06,-2.0257,-5.4705,337.7405,0.0002,0.0002,337.7405,,,,,,,,,,,,0.0,0.0,0.0,0.0,0
18.08,-2.0257,-5.4705,337.7405,0.0002,0.0002,337.7405,,,,,,,,,,,,0.0,0.0,0.0,0.0,0
18.1,-2.0257,-5.4705,337.7405,0.0002,0.0002,337.7405,,,,,,,,,,,,0.0,0.0,0.0,0.0,0
18.12,-2.0377,-5.4247,337.7708,0.0002,0.0002,337.7708,,,,,,,,,,,,0.0,0.0,0.0,0.0,0
18.14,-2.0377,-5.4247,337.7708,0.0002,0.0002,337.7708,,,,,,,,,,,,0.0,0.0,0.0,0.0,0
18.16,-2.0377,-5.4247,337.7708,0.0002,0.0002,337.7708,,,,,,,,,,,,0.0,0.0,0.0,0.0,0
18.18,-2.0377,-5.4247,337.7708,0.0002,0.0002,337.7708,,,,,,,,,,,,0.0,0.0,0.0,0.0,0
18.2,-2.0259,-5.4719,337.7806,0.0002,0.0002,337.7806,,,,,,,,,,,,0.0,0.0,0.0,0.0,0
18.22,-2.0259,-5.4719,337.7806,0.0002,0.0002,337.7806,,,,,,,,,,,,0.0,0.0,0.0,0.0,0
18.24,-2.0259,-5.4719,337.7806,0.0002,0.0002,337.7806,,,,,,,,,,,,0.0,0.0,0.0,0.0,0
18.26,-2.0259,-5.4719,337.7806,0.0002,0.0002,337.7806,,,,,,,,,,,,0.0,0.0,0.0,0.0,0
18.28,-2.0259,-5.4719,337.7806,0.0002,0.0002,337.7806,,,,,,,,,,,,0.0,0.0,0.0,0.0,0
18.3,-2.0259,-5.4719,337.7806,0.0002,0.0002,337.7806,,,,,,,,,,,,0.0,0.0,0.0,0.0,0
18.32,-2.0102,-5.5595,337.7833,0.0002,0.0002,337.7833,,,,,,,,,,,,0.0,0.0,0.0,0.0,0
18.34,-2.0102,-5.5595,337.7833,0.0002,0.0002,337.7833,,,,,,,,,,,,0.0,0.0,0.0,0.0,0
18.36,-2.0102,-5.5595,337.7833,0.0002,0.0002,337.7833,,,,,,,,,,,,0.0,0.0,0.0,0.0,0
18.38,-2.0102,-5.5595,337.7833,0.0002,0.0002,337.7833,,,,,,,,,,,,0.0,0.0,0.0,0.0,0
18.4,-1.9981,-5.5921,337.7953,0.0002,0.0002,337.7953,,,,,,,,,,,,0.0,0.0,0.0,0.0,0
18.42,-1.9981,-5.5921,337.7953,0.0002,0.0002,337.7953,,,,,,,,,,,,0.0,0.0,0.0,0.0,0
18.44,-1.9981,-5.5921,337.7953,0.0002,0.0002,337.7953,,,,,,,,,,,,0.0,0.0,0.0,0.0,0
18.46,-1.9981,-5.5921,337.7953,0.0002,0.0002,337.7953,,,,,,,,,,,,0.0,0.0,0.0,0.0,0
18.48,-1.9981,-5.5921,337.7953,0.0002,0.0002,337.7953,,,,,,,,,,,,0.0,0.0,0.0,0.0,0
18.5,-1.9981,-5.5921,337.7953,0.0002,0.0002,337.7953,,,,,,,,,,,,0.0,0.0,0.0,0.0,0
18.52,-1.9899,-5.6402,337.8038,0.0002,0.0002,337.8038,,,,,,,,,,,,0.0,0.0,0.0,0.0,0
18.54,-1.9899,-5.6402,337.8038,0.0002,0.0002,337.8038,,,,,,,,,,,,0.0,0.0,0.0,0.0,0
18.56,-1.9899,-5.6402,337.8038,0.0002,0.0002,337.8038,,,,,,,,,,,,0.0,0.0,0.0,0.0,0
18.58,-1.9899,-5.6402,337.8038,0.0002,0.0002,337.8038,,,,,,,,,,,,0.0,0.0,0.0,0.0,0
18.6,-1.9881,-5.6502,337.8069,0.0002,0.0002,337.8068,,,,,,,,,,,,0.0,0.0,0.0,0.0,0
18.62,-1.9881,-5.6502,337.8069,0.0002,0.0002,337.8068,,,,,,,,,,,,0.0,0.0,0.0,0.0,0
18.64,-1.9881,-5.6502,337.8069,0.0002,0.0002,337.8068,,,,,,,,,,,,0.0,0.0,0.0,0.0,0
18.66,-1.9881,-5.6502,337.8069,0.0002,0.0002,337.8068,,,,,,,,,,,,0.0,0.0,0.0,0.0,0
18.68,-1.9881,-5.6502,337.8069,0.0002,0.0002,337.8068,,,,,,,,,,,,0.0,0.0,0.0,0.0,0
18.7,-1.9881,-5.6502,337.8069,0.0002,0.0002,337.8068,,,,,,,,,,,,0.0,0.0,0.0,0.0,0
18.72,-2.0109,-5.5428,337.8192,0.0002,0.0002,337.8192,,,,,,,,,,,,0.0,0.0,0.0,0.0,0
18.74,-2.0109,-5.5428,337.8192,0.0002,0.0002,337.8192,,,,,,,,,,,,0.0,0.0,0.0,0.0,0
18.76,-2.0109,-5.5428,337.8192,0.0002,0.0002,337.8192,,,,,,,,,,,,0.0,0.0,0.0,0.0,0
18.78,-2.0109,-5.5428,337.8192,0.0002,0.0002,337.8192,,,,,,,,,,,,0.0,0.0,0.0,0.0,0
18.8,-2.0329,-5.453,337.8081,0.0002,0.0002,337.8081,,,,,,,,,,,,0.0,0.0,0.0,0.0,0
18.82,-2.0329,-5.453,337.8081,0.0002,0.0002,337.8081,,,,,,,,,,,,0.0,0.0,0.0,0.0,0
18.84,-2.0329,-5.453,337.8081,0.0002,0.0002,337.8081,,,,,,,,,,,,0.0,0.0,0.0,0.0,0
18.86,-2.0329,-5.453,337.8081,0.0002,0.0002,337.8081,,,,,,,,,,,,0.0,0.0,0.0,0.0,0
18.88,-2.0329,-5.453,337.8081,0.0002,0.0002,337.8081,,,,,,,,,,,,0.0,0.0,0.0,0.0,0
18.9,-2.0329,-5.453,337.8081,0.0002,0.0002,337.8081,,,,,,,,,,,,0.0,0.0,0.0,0.0,0
18.92,-2.065,-5.3131,337.8253,0.0002,0.0002,337.8253,,,,,,,,,,,,0.0,0.0,0.0,0.0,0
18.94,-2.065,-5.3131,337.8253,0.0002,0.0002,337.8253,,,,,,,,,,,,0.0,0.0,0.0,0.0,0
18.96,-2.065,-5.3131,337.8253,0.0002,0.0002,337.8253,,,,,,,,,,,,0.0,0.0,0.0,0.0,0
18.98,-2.065,-5.3131,337.8253,0.0002,0.0002,337.8253,,,,,,,,,,,,0.0,0.0,0.0,0.0,0
19.0,-2.3726,-4.1375,338.468,0.0002,0.0002,338.468,,,,,,,,,,,,0.0,0.0,0.0,0.0,0
19.02,-2.3726,-4.1375,338.468,0.0002,0.0002,338.468,,,,,,,,,,,,0.0,0.0,0.0,0.0,0
19.04,-2.3726,-4.1375,338.468,0.0002,0.0002,338.468,,,,,,,,,,,,0.0,0.0,0.0,0.0,0
19.06,-2.3726,-4.1375,338.468,0.0002,0.0002,338.468,,,,,,,,,,,,0.0,0.0,0.0,0.0,0
19.08,-2.3726,-4.1375,338.468,0.0002,0.0002,338.468,,,,,,,,,,,,0.0,0.0,0.0,0.0,0
19.1,-2.3726,-4.1375,338.468,0.0002,0.0002,338.468,,,,,,,,,,,,0.0,0.0,0.0,0.0,0
19.12,-2.3635,-4.2771,338.7317,0.0002,0.0002,338.7317,,,,,,,,,,,,0.0,0.0,0.0,0.0,0
19.14,-2.3635,-4.2771,338.7317,0.0002,0.0002,338.7317,,,,,,,,,,,,0.0,0.0,0.0,0.0,0
19.16,-2.3635,-4.2771,338.7317,0.0002,0.0002,338.7317,,,,,,,,,,,,0.0,0.0,0.0,0.0,0
19.18,-2.3635,-4.2771,338.7317,0.0002,0.0002,338.7317,,,,,,,,,,,,0.0,0.0,0.0,0.0,0
19.2,-2.2559,-4.9627,339.1451,0.0002,0.0002,339.1451,,,,,,,,,,,,0.0,0.0,0.0,0.0,0
19.22,-2.2559,-4.9627,339.1451,0.0002,0.0002,339.1451,,,,,,,,,,,,0.0,0.0,0.0,0.0,0
19.24,-2.2559,-4.9627,339.1451,0.0002,0.0002,339.1451,,,,,,,,,,,,0.0,0.0,0.0,0.0,0
19.26,-2.2559,-4.9627,339.1451,0.0002,0.0002,339.1451,,,,,,,,,,,,0.0,0.0,0.0,0.0,0
19.28,-2.2559,-4.9627,339.1451,0.0002,0.0002,339.1451,,,,,,,,,,,,0.0,0.0,0.0,0.0,0
19.3,-2.2559,-4.9627,339.1451,0.0002,0.0002,339.1451,,,,,,,,,,,,0.0,0.0,0.0,0.0,0
19.32,-2.1338,-6.4857,340.0242,0.0002,0.0002,340.0242,,,,,,,,,,,,0.0,0.0,0.0,0.0,0
19.34,-2.1338,-6.4857,340.0242,0.0002,0.0002,340.0242,,,,,,,,,,,,0.0,0.0,0.0,0.0,0
19.36,-2.1338,-6.4857,340.0242,0.0002,0.0002,340.0242,,,,,,,,,,,,0.0,0.0,0.0,0.0,0
19.38,-2.1338,-6.4857,340.0242,0.0002,0.0002,340.0242,,,,,,,,,,,,0.0,0.0,0.0,0.0,0
19.4,-2.1761,-7.2066,339.3832,0.0002,0.0002,339.3832,,,,,,,,,,,,0.0,0.0,0.0,0.0,0
19.42,-2.1761,-7.2066,339.3832,0.0002,0.0002,339.3832,,,,,,,,,,,,0.0,0.0,0.0,0.0,0
19.44,-2.1761,-7.2066,339.3832,0.0002,0.0002,339.3832,,,,,,,,,,,,0.0,0.0,0.0,0.0,0
19.46,-2.1761,-7.2066,339.3832,0.0002,0.0002,339.3832,,,,,,,,,,,,0.0,0.0,0.0,0.0,0
19.48,-2.1761,-7.2066,339.3832,0.0002,0.0002,339.3832,,,,,,,,,,,,0.0,0.0,0.0,0.0,0
19.5,-2.1761,-7.2066,339.3832,0.0002,0.0002,339.3832,,,,,,,,,,,,0.0,0.0,0.0,0.0,0
19.52,-2.1907,-6.7448,338.787,0.0002,0.0002,338.787,,,,,,,,,,,,0.0,0.0,0.0,0.0,0
19.54,-2.1907,-6.7448,338.787,0.0002,0.0002,338.787,,,,,,,,,,,,0.0,0.0,0.0,0.0,0
19.56,-2.1907,-6.7448,338.787,0.0002,0.0002,338.787,,,,,,,,,,,,0.0,0.0,0.0,0.0,0
19.58,-2.1907,-6.7448,338.787,0.0002,0.0002,338.787,,,,,,,,,,,,0.0,0.0,0.0,0.0,0
19.6,-1.9986,-7.7229,338.8114,0.0002,0.0002,338.8115,,,,,,,,,,,,0.0,0.0,0.0,0.0,0
19.62,-1.9986,-7.7229,338.8114,0.0002,0.0002,338.8115,,,,,,,,,,,,0.0,0.0,0.0,0.0,0
19.64,-1.9986,-7.7229,338.8114,0.0002,0.0002,338.8115,,,,,,,,,,,,0.0,0.0,0.0,0.0,0
19.66,-1.9986,-7.7229,338.8114,0.0002,0.0002,338.8115,,,,,,,,,,,,0.0,0.0,0.0,0.0,0
19.68,-1.9986,-7.7229,338.8114,0.0002,0.0002,338.8115,,,,,,,,,,,,0.0,0.0,0.0,0.0,0
19.7,-1.9986,-7.7229,338.8114,0.0002,0.0002,338.8115,,,,,,,,,,,,0.0,0.0,0.0,0.0,0
19.72,-2.0604,-7.4365,338.823,0.0002,0.0002,338.823,,,,,,,,,,,,0.0,0.0,0.0,0.0,0
19.74,-2.0604,-7.4365,338.823,0.0002,0.0002,338.823,,,,,,,,,,,,0.0,0.0,0.0,0.0,0
19.76,-2.0604,-7.4365,338.823,0.0002,0.0002,338.823,,,,,,,,,,,,0.0,0.0,0.0,0.0,0
19.78,-2.0604,-7.4365,338.823,0.0002,0.0002,338.823,,,,,,,,,,,,0.0,0.0,0.0,0.0,0
19.8,-2.0227,-7.6307,338.8291,0.0002,0.0002,338.8291,,,,,,,,,,,,0.0,0.0,0.0,0.0,0
19.82,-2.0227,-7.6307,338.8291,0.0002,0.0002,338.8291,,,,,,,,,,,,0.0,0.0,0.0,0.0,0
19.84,-2.0227,-7.6307,338.8291,0.0002,0.0002,338.8291,,,,,,,,,,,,0.0,0.0,0.0,0.0,0
19.86,-2.0227,-7.6307,338.8291,0.0002,0.0002,338.8291,,,,,,,,,,,,0.0,0.0,0.0,0.0,0
19.88,-2.0227,-7.6307,338.8291,0.0002,0.0002,338.8291,,,,,,,,,,,,0.0,0.0,0.0,0.0,0
19.9,-2.0227,-7.6307,338.8291,0.0002,0.0002,338.8291,,,,,,,,,,,,0.0,0.0,0.0,0.0,0
19.92,-2.1177,-7.1606,338.8317,0.0002,0.0002,338.8317,,,,,,,,,,,,0.0,0.0,0.0,0.0,0
19.94,-2.1177,-7.1606,338.8317,0.0002,0.0002,338.8317,,,,,,,,,,,,0.0,0.0,0.0,0.0,0
19.96,-2.1177,-7.1606,338.8317,0.0002,0.0002,338.8317,,,,,,,,,,,,0.0,0.0,0.0,0.0,0
19.98,-2.1177,-7.1606,338.8317,0.0002,0.0002,338.8317,,,,,,,,,,,,0.0,0.0,0.0,0.0,0
20.0,-2.1169,-7.1211,338.7771,0.0002,0.0002,338.7771,,,,,,,,,,,,0.0,0.0,0.0,0.0,0
20.02,-2.1169,-7.1211,338.7771,0.0002,0.0002,338.7771,,,,,,,,,,,,0.0,0.0,0.0,0.0,0
20.04,-2.1169,-7.1211,338.7771,0.0002,0.0002,338.7771,,,,,,,,,,,,0.0,0.0,0.0,0.0,0
20.06,-2.1169,-7.1211,338.7771,0.0002,0.0002,338.7771,,,,,,,,,,,,0.0,0.0,0.0,0.0,0
20.08,-2.1169,-7.1211,338.7771,0.0002,0.0002,338.7771,,,,,,,,,,,,0.0,0.0,0.0,0.0,0
20.1,-2.1169,-7.1211,338.7771,0.0002,0.0002,338.7771,,,,,,,,,,,,0.0,0.0,0.0,0.0,0
20.12,-1.9017,-7.7945,338.307,0.0002,0.0002,338.307,,,,,,,,,,,,0.0,0.0,0.0,0.0,0
20.14,-1.9017,-7.7945,338.307,0.0002,0.0002,338.307,,,,,,,,,,,,0.0,0.0,0.0,0.0,0
20.16,-1.9017,-7.7945,338.307,0.0002,0.0002,338.307,,,,,,,,,,,,0.0,0.0,0.0,0.0,0
20.18,-1.9017,-7.7945,338.307,0.0002,0.0002,338.307,,,,,,,,,,,,0.0,0.0,0.0,0.0,0
20.2,-1.9053,-8.1404,338.819,0.0002,0.0002,338.819,,,,,,,,,,,,0.0,0.0,0.0,0.0,0
20.22,-1.9053,-8.1404,338.819,0.0002,0.0002,338.819,,,,,,,,,,,,0.0,0.0,0.0,0.0,0
20.24,-1.9053,-8.1404,338.819,0.0002,0.0002,338.819,,,,,,,,,,,,0.0,0.0,0.0,0.0,0
20.26,-1.9053,-8.1404,338.819,0.0002,0.0002,338.819,,,,,,,,,,,,0.0,0.0,0.0,0.0,0
20.28,-1.9053,-8.1404,338.819,0.0002,0.0002,338.819,,,,,,,,,,,,0.0,0.0,0.0,0.0,0
20.3,-1.9053,-8.1404,338.819,0.0002,0.0002,338.819,,,,,,,,,,,,0.0,0.0,0.0,0.0,0
20.32,-1.8974,-8.1555,338.7784,0.0002,0.0002,338.7784,,,,,,,,,,,,0.0,0.0,0.0,0.0,0
20.34,-1.8974,-8.1555,338.7784,0.0002,0.0002,338.7784,,,,,,,,,,,,0.0,0.0,0.0,0.0,0
20.36,-1.8974,-8.1555,338.7784,0.0002,0.0002,338.7784,,,,,,,,,,,,0.0,0.0,0.0,0.0,0
20.38,-1.8974,-8.1555,338.7784,0.0002,0.0002,338.7784,,,,,,,,,,,,0.0,0.0,0.0,0.0,0
20.4,-1.8853,-8.1874,338.7874,0.0002,0.0002,338.7874,,,,,,,,,,,,0.0,0.0,0.0,0.0,0
20.42,-1.8853,-8.1874,338.7874,0.0002,0.0002,338.7874,,,,,,,,,,,,0.0,0.0,0.0,0.0,0
20.44,-1.8853,-8.1874,338.7874,0.0002,0.0002,338.7874,,,,,,,,,,,,0.0,0.0,0.0,0.0,0
20.46,-1.8853,-8.1874,338.7874,0.0002,0.0002,338.7874,,,,,,,,,,,,0.0,0.0,0.0,0.0,0
20.48,-1.8853,-8.1874,338.7874,0.0002,0.0002,338.7874,,,,,,,,,,,,0.0,0.0,0.0,0.0,0
20.5,-1.8853,-8.1874,338.7874,0.0002,0.0002,338.7874,,,,,,,,,,,,0.0,0.0,0.0,0.0,0
20.52,-1.8171,-8.5377,338.7976,0.0002,0.0002,338.7976,,,,,,,,,,,,0.0,0.0,0.0,0.0,0
20.54,-1.8171,-8.5377,338.7976,0.0002,0.0002,338.7976,,,,,,,,,,,,0.0,0.0,0.0,0.0,0
20.56,-1.8171,-8.5377,338.7976,0.0002,0.0002,338.7976,,,,,,,,,,,,0.0,0.0,0.0,0.0,0
20.58,-1.8171,-8.5377,338.7976,0.0002,0.0002,338.7976,,,,,,,,,,,,0.0,0.0,0.0,0.0,0
20.6,-1.787,-8.6884,338.8214,0.0002,0.0002,338.8214,,,,,,,,,,,,0.0,0.0,0.0,0.0,0
20.62,-1.787,-8.6884,338.8214,0.0002,0.0002,338.8214,,,,,,,,,,,,0.0,0.0,0.0,0.0,0
20.64,-1.787,-8.6884,338.8214,0.0002,0.0002,338.8214,,,,,,,,,,,,0.0,0.0,0.0,0.0,0
20.66,-1.787,-8.6884,338.8214,0.0002,0.0002,338.8214,,,,,,,,,,,,0.0,0.0,0.0,0.0,0
20.68,-1.787,-8.6884,338.8214,0.0002,0.0002,338.8214,,,,,,,,,,,,0.0,0.0,0.0,0.0,0
20.7,-1.787,-8.6884,338.8214,0.0002,0.0002,338.8214,,,,,,,,,,,,0.0,0.0,0.0,0.0,0
20.72,-1.7373,-8.9592,338.8296,0.0002,0.0002,338.8296,,,,,,,,,,,,0.0,0.0,0.0,0.0,0
20.74,-1.7373,-8.9592,338.8296,0.0002,0.0002,338.8296,,,,,,,,,,,,0.0,0.0,0.0,0.0,0
20.76,-1.7373,-8.9592,338.8296,0.0002,0.0002,338.8296,,,,,,,,,,,,0.0,0.0,0.0,0.0,0
20.78,-1.7373,-8.9592,338.8296,0.0002,0.0002,338.8296,,,,,,,,,,,,0.0,0.0,0.0,0.0,0
20.8,-1.6945,-9.1689,338.8459,0.0002,0.0002,338.8459,,,,,,,,,,,,0.0,0.0,0.0,0.0,0
20.82,-1.6945,-9.1689,338.8459,0.0002,0.0002,338.8459,,,,,,,,,,,,0.0,0.0,0.0,0.0,0
20.84,-1.6945,-9.1689,338.8459,0.0002,0.0002,338.8459,,,,,,,,,,,,0.0,0.0,0.0,0.0,0
20.86,-1.6945,-9.1689,338.8459,0.0002,0.0002,338.8459,,,,,,,,,,,,0.0,0.0,0.0,0.0,0
20.88,-1.6945,-9.1689,338.8459,0.0002,0.0002,338.8459,,,,,,,,,,,,0.0,0.0,0.0,0.0,0
20.9,-1.6945,-9.1689,338.8459,0.0002,0.0002,338.8459,,,,,,,,,,,,0.0,0.0,0.0,0.0,0
20.92,-1.6664,-9.3157,338.8618,0.0002,0.0002,338.8618,,,,,,,,,,,,0.0,0.0,0.0,0.0,0
20.94,-1.6664,-9.3157,338.8618,0.0002,0.0002,338.8618,,,,,,,,,,,,0.0,0.0,0.0,0.0,0
20.96,-1.6664,-9.3157,338.8618,0.0002,0.0002,338.8618,,,,,,,,,,,,0.0,0.0,0.0,0.0,0
20.98,-1.6664,-9.3157,338.8618,0.0002,0.0002,338.8618,,,,,,,,,,,,0.0,0.0,0.0,0.0,0
21.0,-1.629,-9.5093,338.8748,0.0002,0.0002,338.8748,,,,,,,,,,,,0.0,0.0,0.0,0.0,0
21.02,-1.629,-9.5093,338.8748,0.0002,0.0002,338.8748,,,,,,,,,,,,0.0,0.0,0.0,0.0,0
21.04,-1.629,-9.5093,338.8748,0.0002,0.0002,338.8748,,,,,,,,,,,,0.0,0.0,0.0,0.0,0
21.06,-1.629,-9.5093,338.8748,0.0002,0.0002,338.8748,,,,,,,,,,,,0.0,0.0,0.0,0.0,0
21.08,-1.629,-9.5093,338.8748,0.0002,0.0002,338.8748,,,,,,,,,,,,0.0,0.0,0.0,0.0,0
21.1,-1.629,-9.5093,338.8748,0.0002,0.0002,338.8748,,,,,,,,,,,,0.0,0.0,0.0,0.0,0
21.12,-1.6312,-9.496,338.8913,0.0002,0.0002,338.8913,,,,,,,,,,,,0.0,0.0,0.0,0.0,0
21.14,-1.6312,-9.496,338.8913,0.0002,0.0002,338.8913,,,,,,,,,,,,0.0,0.0,0.0,0.0,0
21.16,-1.6312,-9.496,338.8913,0.0002,0.0002,338.8913,,,,,,,,,,,,0.0,0.0,0.0,0.0,0
21.18,-1.6312,-9.496,338.8913,0.0002,0.0002,338.8913,,,,,,,,,,,,0.0,0.0,0.0,0.0,0
21.2,-1.6352,-9.4827,338.8879,0.0002,0.0002,338.8879,,,,,,,,,,,,0.0,0.0,0.0,0.0,0
21.22,-1.6352,-9.4827,338.8879,0.0002,0.0002,338.8879,,,,,,,,,,,,0.0,0.0,0.0,0.0,0
21.24,-1.6352,-9.4827,338.8879,0.0002,0.0002,338.8879,,,,,,,,,,,,0.0,0.0,0.0,0.0,0
21.26,-1.6352,-9.4827,338.8879,0.0002,0.0002,338.8879,,,,,,,,,,,,0.0,0.0,0.0,0.0,0
21.28,-1.6352,-9.4827,338.8879,0.0002,0.0002,338.8879,,,,,,,,,,,,0.0,0.0,0.0,0.0,0
21.3,-1.6352,-9.4827,338.8879,0.0002,0.0002,338.8879,,,,,,,,,,,,0.0,0.0,0.0,0.0,0
21.32,-1.6501,-9.3884,338.9001,0.0002,0.0002,338.9001,,,,,,,,,,,,0.0,0.0,0.0,0.0,0
21.34,-1.6501,-9.3884,338.9001,0.0002,0.0002,338.9001,,,,,,,,,,,,0.0,0.0,0.0,0.0,0
21.36,-1.6501,-9.3884,338.9001,0.0002,0.0002,338.9001,,,,,,,,,,,,0.0,0.0,0.0,0.0,0
21.38,-1.6501,-9.3884,338.9001,0.0002,0.0002,338.9001,,,,,,,,,,,,0.0,0.0,0.0,0.0,0
21.4,-1.6749,-9.252,338.9012,0.0002,0.0002,338.9012,,,,,,,,,,,,0.0,0.0,0.0,0.0,0
21.42,-1.6749,-9.252,338.9012,0.0002,0.0002,338.9012,,,,,,,,,,,,0.0,0.0,0.0,0.0,0
21.44,-1.6749,-9.252,338.9012,0.0002,0.0002,338.9012,,,,,,,,,,,,0.0,0.0,0.0,0.0,0
21.46,-1.6749,-9.252,338.9012,0.0002,0.0002,338.9012,,,,,,,,,,,,0.0,0.0,0.0,0.0,0
21.48,-1.6749,-9.252,338.9012,0.0002,0.0002,338.9012,,,,,,,,,,,,0.0,0.0,0.0,0.0,0
21.5,-1.6749,-9.252,338.9012,0.0002,0.0002,338.9012,,,,,,,,,,,,0.0,0.0,0.0,0.0,0
21.52,-1.6554,-9.3551,338.9028,0.0002,0.0002,338.9028,,,,,,,,,,,,0.0,0.0,0.0,0.0,0
21.54,-1.6554,-9.3551,338.9028,0.0002,0.0002,338.9028,,,,,,,,,,,,0.0,0.0,0.0,0.0,0
21.56,-1.6554,-9.3551,338.9028,0.0002,0.0002,338.9028,,,,,,,,,,,,0.0,0.0,0.0,0.0,0
21.58,-1.6554,-9.3551,338.9028,0.0002,0.0002,338.9028,,,,,,,,,,,,0.0,0.0,0.0,0.0,0
21.6,-1.6394,-9.4136,338.9153,0.0002,0.0002,338.9153,,,,,,,,,,,,0.0,0.0,0.0,0.0,0
21.62,-1.6394,-9.4136,338.9153,0.0002,0.0002,338.9153,,,,,,,,,,,,0.0,0.0,0.0,0.0,0
21.64,-1.6394,-9.4136,338.9153,0.0002,0.0002,338.9153,,,,,,,,,,,,0.0,0.0,0.0,0.0,0
21.66,-1.6394,-9.4136,338.9153,0.0002,0.0002,338.9153,,,,,,,,,,,,0.0,0.0,0.0,0.0,0
21.68,-1.6394,-9.4136,338.9153,0.0002,0.0002,338.9153,,,,,,,,,,,,0.0,0.0,0.0,0.0,0
21.7,-1.6394,-9.4136,338.9153,0.0002,0.0002,338.9153,,,,,,,,,,,,0.0,0.0,0.0,0.0,0
21.72,-1.659,-9.3214,338.9139,0.0002,0.0002,338.9139,,,,,,,,,,,,0.0,0.0,0.0,0.0,0
21.74,-1.659,-9.3214,338.9139,0.0002,0.0002,338.9139,,,,,,,,,,,,0.0,0.0,0.0,0.0,0
21.76,-1.659,-9.3214,338.9139,0.0002,0.0002,338.9139,,,,,,,,,,,,0.0,0.0,0.0,0.0,0
21.78,-1.659,-9.3214,338.9139,0.0002,0.0002,338.9139,,,,,,,,,,,,0.0,0.0,0.0,0.0,0
21.8,-1.6783,-9.2137,338.9124,0.0002,0.0002,338.9124,,,,,,,,,,,,0.0,0.0,0.0,0.0,0
21.82,-1.6783,-9.2137,338.9124,0.0002,0.0002,338.9124,,,,,,,,,,,,0.03,0.03,0.03,0.03,0
21.84,-1.6783,-9.2137,338.9124,0.0002,0.0002,338.9124,,,,,,,,,,,,0.03,0.03,0.03,0.03,0
21.86,-1.6783,-9.2137,338.9124,0.0002,0.0002,338.9124,,,,,,,,,,,,0.03,0.03,0.03,0.03,0
21.88,-1.6783,-9.2137,338.9124,0.0002,0.0002,338.9124,,,,,,,,,,,,0.03,0.03,0.03,0.03,0
21.9,-1.6783,-9.2137,338.9124,0.0002,0.0002,338.9124,,,,,,,,,,,,0.03,0.03,0.03,0.03,0
21.92,-1.6901,-9.1526,338.9216,0.0002,0.0002,338.9216,,,,,,,,,,,,0.06,0.06,0.06,0.06,0
21.94,-1.6901,-9.1526,338.9216,0.0002,0.0002,338.9216,,,,,,,,,,,,0.06,0.06,0.06,0.06,0
21.96,-1.6901,-9.1526,338.9216,0.0002,0.0002,338.9216,,,,,,,,,,,,0.06,0.06,0.06,0.06,0
21.98,-1.6901,-9.1526,338.9216,0.0002,0.0002,338.9216,,,,,,,,,,,,0.06,0.06,0.06,0.06,0
22.0,-1.7179,-9.0243,338.9135,0.0002,0.0002,338.9135,,,,,,,,,,,,0.06,0.06,0.06,0.06,0
22.02,-1.7179,-9.0243,338.9135,0.0002,0.0002,338.9135,,,,,,,,,,,,0.09,0.09,0.09,0.09,0
22.04,-1.7179,-9.0243,338.9135,0.0002,0.0002,338.9135,,,,,,,,,,,,0.09,0.09,0.09,0.09,0
22.06,-1.7179,-9.0243,338.9135,0.0002,0.0002,338.9135,,,,,,,,,,,,0.09,0.09,0.09,0.09,0
22.08,-1.7179,-9.0243,338.9135,0.0002,0.0002,338.9135,,,,,,,,,,,,0.09,0.09,0.09,0.09,0
22.1,-1.7179,-9.0243,338.9135,0.0002,0.0002,338.9135,,,,,,,,,,,,0.09,0.09,0.09,0.09,0
22.12,-1.7175,-9.0381,338.9264,0.0002,0.0002,338.9264,,,,,,,,,,,,0.1,0.1,0.1,0.1,0
22.14,-1.7175,-9.0381,338.9264,0.0002,0.0002,338.9264,,,,,,,,,,,,0.1,0.1,0.1,0.1,0
22.16,-1.7175,-9.0381,338.9264,0.0002,0.0002,338.9264,,,,,,,,,,,,0.1,0.1,0.1,0.1,0
22.18,-1.7175,-9.0381,338.9264,0.0002,0.0002,338.9264,,,,,,,,,,,,0.1,0.1,0.1,0.1,0
22.2,-1.6016,-9.5406,338.8488,0.0002,0.0002,338.8488,,,,,,,,,,,,0.1,0.1,0.1,0.1,0
22.22,-1.6016,-9.5406,338.8488,0.0002,0.0002,338.8488,,,,,,,,,,,,0.1,0.1,0.1,0.1,0
22.24,-1.6016,-9.5406,338.8488,0.0002,0.0002,338.8488,,,,,,,,,,,,0.1,0.1,0.1,0.1,0
22.26,-1.6016,-9.5406,338.8488,0.0002,0.0002,338.8488,,,,,,,,,,,,0.1,0.1,0.1,0.1,0
22.28,-1.6016,-9.5406,338.8488,0.0002,0.0002,338.8488,,,,,,,,,,,,0.1,0.1,0.1,0.1,0
22.3,-1.6016,-9.5406,338.8488,0.0002,0.0002,338.8488,,,,,,,,,,,,0.1,0.1,0.1,0.1,0
22.32,-1.4537,-9.9892,338.5341,0.0002,0.0002,338.5341,,,,,,,,,,,,0.1,0.1,0.1,0.1,0
22.34,-1.4537,-9.9892,338.5341,0.0002,0.0002,338.5341,,,,,,,,,,,,0.1,0.1,0.1,0.1,0
22.36,-1.4537,-9.9892,338.5341,0.0002,0.0002,338.5341,,,,,,,,,,,,0.1,0.1,0.1,0.1,0
22.38,-1.4537,-9.9892,338.5341,0.0002,0.0002,338.5341,,,,,,,,,,,,0.1,0.1,0.1,0.1,0
22.4,-1.4471,-10.0326,338.5359,0.0002,0.0002,338.5359,,,,,,,,,,,,0.1,0.1,0.1,0.1,0
22.42,-1.4471,-10.0326,338.5359,0.0002,0.0002,338.5359,,,,,,,,,,,,0.1,0.1,0.1,0.1,0
22.44,-1.4471,-10.0326,338.5359,0.0002,0.0002,338.5359,,,,,,,,,,,,0.1,0.1,0.1,0.1,0
22.46,-1.4471,-10.0326,338.5359,0.0002,0.0002,338.5359,,,,,,,,,,,,0.1,0.1,0.1,0.1,0
22.48,-1.4471,-10.0326,338.5359,0.0002,0.0002,338.5359,,,,,,,,,,,,0.1,0.1,0.1,0.1,0
22.5,-1.4471,-10.0326,338.5359,0.0002,0.0002,338.5359,,,,,,,,,,,,0.1,0.1,0.1,0.1,0
22.52,-1.4575,-9.9714,338.5382,0.0002,0.0002,338.5382,,,,,,,,,,,,0.1,0.1,0.1,0.1,0
22.54,-1.4575,-9.9714,338.5382,0.0002,0.0002,338.5382,,,,,,,,,,,,0.1,0.1,0.1,0.1,0
22.56,-1.4575,-9.9714,338.5382,0.0002,0.0002,338.5382,,,,,,,,,,,,0.1,0.1,0.1,0.1,0
22.58,-1.4575,-9.9714,338.5382,0.0002,0.0002,338.5382,,,,,,,,,,,,0.1,0.1,0.1,0.1,0
22.6,-1.4346,-10.102,338.5503,0.0002,0.0002,338.5503,,,,,,,,,,,,0.1,0.1,0.1,0.1,0
22.62,-1.4346,-10.102,338.5503,0.0002,0.0002,338.5503,,,,,,,,,,,,0.1,0.1,0.1,0.1,0
22.64,-1.4346,-10.102,338.5503,0.0002,0.0002,338.5503,,,,,,,,,,,,0.1,0.1,0.1,0.1,0
22.66,-1.4346,-10.102,338.5503,0.0002,0.0002,338.5503,,,,,,,,,,,,0.1,0.1,0.1,0.1,0
22.68,-1.4346,-10.102,338.5503,0.0002,0.0002,338.5503,,,,,,,,,,,,0.1,0.1,0.1,0.1,0
22.7,-1.4346,-10.102,338.5503,0.0002,0.0002,338.5503,,,,,,,,,,,,0.1,0.1,0.1,0.1,0
22.72,-1.4131,-10.204,338.5634,0.0002,0.0002,338.5634,,,,,,,,,,,,0.1,0.1,0.1,0.1,0
22.74,-1.4131,-10.204,338.5634,0.0002,0.0002,338.5634,,,,,,,,,,,,0.1,0.1,0.1,0.1,0
22.76,-1.4131,-10.204,338.5634,0.0002,0.0002,338.5634,,,,,,,,,,,,0.1,0.1,0.1,0.1,0
22.78,-1.4131,-10.204,338.5634,0.0002,0.0002,338.5634,,,,,,,,,,,,0.1,0.1,0.1,0.1,0
22.8,-1.3904,-10.5126,338.7748,0.0002,0.0002,338.7748,,,,,,,,,,,,0.1,0.1,0.1,0.1,0
22.82,-1.3904,-10.5126,338.7748,0.0002,0.0002,338.7748,,,,,,,,,,,,0.1,0.1,0.1,0.1,0
22.84,-1.3904,-10.5126,338.7748,0.0002,0.0002,338.7748,,,,,,,,,,,,0.1,0.1,0.1,0.1,0
22.86,-1.3904,-10.5126,338.7748,0.0002,0.0002,338.7748,,,,,,,,,,,,0.1,0.1,0.1,0.1,0
22.88,-1.3904,-10.5126,338.7748,0.0002,0.0002,338.7748,,,,,,,,,,,,0.1,0.1,0.1,0.1,0
22.9,-1.3904,-10.5126,338.7748,0.0002,0.0002,338.7748,,,,,,,,,,,,0.1,0.1,0.1,0.1,0
22.92,-1.4358,-10.2614,338.7671,0.0002,0.0002,338.7671,,,,,,,,,,,,0.1,0.1,0.1,0.1,0
22.94,-1.4358,-10.2614,338.7671,0.0002,0.0002,338.7671,,,,,,,,,,,,0.1,0.1,0.1,0.1,0
22.96,-1.4358,-10.2614,338.7671,0.0002,0.0002,338.7671,,,,,,,,,,,,0.1,0.1,0.1,0.1,0
22.98,-1.4358,-10.2614,338.7671,0.0002,0.0002,338.7671,,,,,,,,,,,,0.1,0.1,0.1,0.1,0
23.0,-1.4271,-10.3084,338.7719,0.0002,0.0002,338.7719,,,,,,,,,,,,0.1,0.1,0.1,0.1,0
23.02,-1.4271,-10.3084,338.7719,0.0002,0.0002,338.7719,,,,,,,,,,,,0.1,0.1,0.1,0.1,0
23.04,-1.4271,-10.3084,338.7719,0.0002,0.0002,338.7719,,,,,,,,,,,,0.1,0.1,0.1,0.1,0
23.06,-1.4271,-10.3084,338.7719,0.0002,0.0002,338.7719,,,,,,,,,,,,0.1,0.1,0.1,0.1,0
23.08,-1.4271,-10.3084,338.7719,0.0002,0.0002,338.7719,,,,,,,,,,,,0.1,0.1,0.1,0.1,0
23.1,-1.4271,-10.3084,338.7719,0.0002,0.0002,338.7719,,,,,,,,,,,,0.1,0.1,0.1,0.1,0
23.12,-1.4068,-10.4127,338.7856,0.0002,0.0002,338.7856,,,,,,,,,,,,0.1,0.1,0.1,0.1,0
23.14,-1.4068,-10.4127,338.7856,0.0002,0.0002,338.7856,,,,,,,,,,,,0.1,0.1,0.1,0.1,0
23.16,-1.4068,-10.4127,338.7856,0.0002,0.0002,338.7856,,,,,,,,,,,,0.1,0.1,0.1,0.1,0
23.18,-1.4068,-10.4127,338.7856,0.0002,0.0002,338.7856,,,,,,,,,,,,0.1,0.1,0.1,0.1,0
23.2,-1.3899,-10.5051,338.7899,0.0002,0.0002,338.7899,,,,,,,,,,,,0.1,0.1,0.1,0.1,0
23.22,-1.3899,-10.5051,338.7899,0.0002,0.0002,338.7899,,,,,,,,,,,,0.1,0.1,0.1,0.1,0
23.24,-1.3899,-10.5051,338.7899,0.0002,0.0002,338.7899,,,,,,,,,,,,0.1,0.1,0.1,0.1,0
23.26,-1.3899,-10.5051,338.7899,0.0002,0.0002,338.7899,,,,,,,,,,,,0.1,0.1,0.1,0.1,0
23.28,-1.3899,-10.5051,338.7899,0.0002,0.0002,338.7899,,,,,,,,,,,,0.1,0.1,0.1,0.1,0
23.3,-1.3899,-10.5051,338.7899,0.0002,0.0002,338.7899,,,,,,,,,,,,0.1,0.1,0.1,0.1,0
23.32,-1.3771,-10.6008,338.8026,0.0002,0.0002,338.8026,,,,,,,,,,,,0.1,0.1,0.1,0.1,0
23.34,-1.3771,-10.6008,338.8026,0.0002,0.0002,338.8026,,,,,,,,,,,,0.1,0.1,0.1,0.1,0
23.36,-1.3771,-10.6008,338.8026,0.0002,0.0002,338.8026,,,,,,,,,,,,0.1,0.1,0.1,0.1,0
23.38,-1.3771,-10.6008,338.8026,0.0002,0.0002,338.8026,,,,,,,,,,,,0.1,0.1,0.1,0.1,0
23.4,-1.3653,-10.6534,338.8077,0.0002,0.0002,338.8077,,,,,,,,,,,,0.1,0.1,0.1,0.1,0
23.42,-1.3653,-10.6534,338.8077,0.0002,0.0002,338.8077,,,,,,,,,,,,0.1,0.1,0.1,0.1,0
23.44,-1.3653,-10.6534,338.8077,0.0002,0.0002,338.8077,,,,,,,,,,,,0.1,0.1,0.1,0.1,0
23.46,-1.3653,-10.6534,338.8077,0.0002,0.0002,338.8077,,,,,,,,,,,,0.1,0.1,0.1,0.1,0
23.48,-1.3653,-10.6534,338.8077,0.0002,0.0002,338.8077,,,,,,,,,,,,0.1,0.1,0.1,0.1,0
23.5,-1.3653,-10.6534,338.8077,0.0002,0.0002,338.8077,,,,,,,,,,,,0.1,0.1,0.1,0.1,0
23.52,-1.339,-10.7801,338.81,0.0002,0.0002,338.81,,,,,,,,,,,,0.1,0.1,0.1,0.1,0
23.54,-1.339,-10.7801,338.81,0.0002,0.0002,338.81,,,,,,,,,,,,0.1,0.1,0.1,0.1,0
23.56,-1.339,-10.7801,338.81,0.0002,0.0002,338.81,,,,,,,,,,,,0.1,0.1,0.1,0.1,0
23.58,-1.339,-10.7801,338.81,0.0002,0.0002,338.81,,,,,,,,,,,,0.1,0.1,0.1,0.1,0
23.6,-1.3195,-10.9015,338.8234,0.0002,0.0002,338.8234,,,,,,,,,,,,0.1,0.1,0.1,0.1,0
23.62,-1.3195,-10.9015,338.8234,0.0002,0.0002,338.8234,,,,,,,,,,,,0.1,0.1,0.1,0.1,0
23.64,-1.3195,-10.9015,338.8234,0.0002,0.0002,338.8234,,,,,,,,,,,,0.1,0.1,0.1,0.1,0
23.66,-1.3195,-10.9015,338.8234,0.0002,0.0002,338.8234,,,,,,,,,,,,0.1,0.1,0.1,0.1,0
23.68,-1.3195,-10.9015,338.8234,0.0002,0.0002,338.8234,,,,,,,,,,,,0.1,0.1,0.1,0.1,0
23.7,-1.3195,-10.9015,338.8234,0.0002,0.0002,338.8234,,,,,,,,,,,,0.1,0.1,0.1,0.1,0
23.72,-1.3262,-10.8634,338.8207,0.0002,0.0002,338.8207,,,,,,,,,,,,0.1,0.1,0.1,0.1,0
23.74,-1.3262,-10.8634,338.8207,0.0002,0.0002,338.8207,,,,,,,,,,,,0.1,0.1,0.1,0.1,0
23.76,-1.3262,-10.8634,338.8207,0.0002,0.0002,338.8207,,,,,,,,,,,,0.1,0.1,0.1,0.1,0
23.78,-1.3262,-10.8634,338.8207,0.0002,0.0002,338.8207,,,,,,,,,,,,0.1,0.1,0.1,0.1,0
23.8,-1.3082,-10.9636,338.8385,0.0002,0.0002,338.8385,,,,,,,,,,,,0.1,0.1,0.1,0.1,0
23.82,-1.3082,-10.9636,338.8385,0.0002,0.0002,338.8385,,,,,,,,,,,,0.1,0.1,0.1,0.1,0
23.84,-1.3082,-10.9636,338.8385,0.0002,0.0002,338.8385,,,,,,,,,,,,0.1,0.1,0.1,0.1,0
23.86,-1.3082,-10.9636,338.8385,0.0002,0.0002,338.8385,,,,,,,,,,,,0.1,0.1,0.1,0.1,0
23.88,-1.3082,-10.9636,338.8385,0.0002,0.0002,338.8385,,,,,,,,,,,,0.1,0.1,0.1,0.1,0
23.9,-1.3082,-10.9636,338.8385,0.0002,0.0002,338.8385,,,,,,,,,,,,0.1,0.1,0.1,0.1,0
23.92,-1.2917,-11.0347,338.8376,0.0002,0.0002,338.8376,,,,,,,,,,,,0.1,0.1,0.1,0.1,0
23.94,-1.2917,-11.0347,338.8376,0.0002,0.0002,338.8376,,,,,,,,,,,,0.1,0.1,0.1,0.1,0
23.96,-1.2917,-11.0347,338.8376,0.0002,0.0002,338.8376,,,,,,,,,,,,0.1,0.1,0.1,0.1,0
23.98,-1.2917,-11.0347,338.8376,0.0002,0.0002,338.8376,,,,,,,,,,,,0.1,0.1,0.1,0.1,0
24.0,-1.2561,-11.2355,338.8501,0.0002,0.0002,338.8501,,,,,,,,,,,,0.1,0.1,0.1,0.1,0
24.02,-1.2561,-11.2355,338.8501,0.0002,0.0002,338.8501,,,,,,,,,,,,0.1,0.1,0.1,0.1,0
24.04,-1.2561,-11.2355,338.8501,0.0002,0.0002,338.8501,,,,,,,,,,,,0.1,0.1,0.1,0.1,0
24.06,-1.2561,-11.2355,338.8501,0.0002,0.0002,338.8501,,,,,,,,,,,,0.1,0.1,0.1,0.1,0
24.08,-1.2561,-11.2355,338.8501,0.0002,0.0002,338.8501,,,,,,,,,,,,0.1,0.1,0.1,0.1,0
24.1,-1.2561,-11.2355,338.8501,0.0002,0.0002,338.8501,,,,,,,,,,,,0.1,0.1,0.1,0.1,0
24.12,-1.188,-11.5917,338.8459,0.0002,0.0002,338.8459,,,,,,,,,,,,0.1,0.1,0.1,0.1,0
24.14,-1.188,-11.5917,338.8459,0.0002,0.0002,338.8459,,,,,,,,,,,,0.1,0.1,0.1,0.1,0
24.16,-1.188,-11.5917,338.8459,0.0002,0.0002,338.8459,,,,,,,,,,,,0.1,0.1,0.1,0.1,0
24.18,-1.188,-11.5917,338.8459,0.0002,0.0002,338.8459,,,,,,,,,,,,0.1,0.1,0.1,0.1,0
24.2,-1.0199,-12.2228,338.6616,0.0002,0.0002,338.6616,,,,,,,,,,,,0.1,0.1,0.1,0.1,0
24.22,-1.0199,-12.2228,338.6616,0.0002,0.0002,338.6616,,,,,,,,,,,,0.0,0.0,0.0,0.0,0
24.24,-1.0199,-12.2228,338.6616,0.0002,0.0002,338.6616,,,,,,,,,,,,0.0,0.0,0.0,0.0,0
24.26,-1.0199,-12.2228,338.6616,0.0002,0.0002,338.6616,,,,,,,,,,,,0.0,0.0,0.0,0.0,0
24.28,-1.0199,-12.2228,338.6616,0.0002,0.0002,338.6616,,,,,,,,,,,,0.0,0.0,0.0,0.0,0
24.3,-1.0199,-12.2228,338.6616,0.0002,0.0002,338.6616,,,,,,,,,,,,0.0,0.0,0.0,0.0,0
24.32,-0.9589,-12.4579,338.6014,0.0002,0.0002,338.6014,,,,,,,,,,,,0.0,0.0,0.0,0.0,0
24.34,-0.9589,-12.4579,338.6014,0.0002,0.0002,338.6014,,,,,,,,,,,,0.0,0.0,0.0,0.0,0
24.36,-0.9589,-12.4579,338.6014,0.0002,0.0002,338.6014,,,,,,,,,,,,0.0,0.0,0.0,0.0,0
24.38,-0.9589,-12.4579,338.6014,0.0002,0.0002,338.6014,,,,,,,,,,,,0.0,0.0,0.0,0.0,0
24.4,-1.193,-11.9174,339.1559,0.0002,0.0002,339.1559,,,,,,,,,,,,0.0,0.0,0.0,0.0,0
24.42,-1.193,-11.9174,339.1559,0.0002,0.0002,339.1559,,,,,,,,,,,,0.0,0.0,0.0,0.0,0
24.44,-1.193,-11.9174,339.1559,0.0002,0.0002,339.1559,,,,,,,,,,,,0.0,0.0,0.0,0.0,0
24.46,-1.193,-11.9174,339.1559,0.0002,0.0002,339.1559,,,,,,,,,,,,0.0,0.0,0.0,0.0,0
24.48,-1.193,-11.9174,339.1559,0.0002,0.0002,339.1559,,,,,,,,,,,,0.0,0.0,0.0,0.0,0
24.5,-1.193,-11.9174,339.1559,0.0002,0.0002,339.1559,,,,,,,,,,,,0.0,0.0,0.0,0.0,0
24.52,-1.109,-12.7626,339.5052,0.0002,0.0002,339.5052,,,,,,,,,,,,0.0,0.0,0.0,0.0,0
24.54,-1.109,-12.7626,339.5052,0.0002,0.0002,339.5052,,,,,,,,,,,,0.0,0.0,0.0,0.0,0
24.56,-1.109,-12.7626,339.5052,0.0002,0.0002,339.5052,,,,,,,,,,,,0.0,0.0,0.0,0.0,0
24.58,-1.109,-12.7626,339.5052,0.0002,0.0002,339.5052,,,,,,,,,,,,0.0,0.0,0.0,0.0,0
24.6,-1.0714,-13.2911,339.7599,0.0002,0.0002,339.7599,,,,,,,,,,,,0.0,0.0,0.0,0.0,0
24.62,-1.0714,-13.2911,339.7599,0.0002,0.0002,339.7599,,,,,,,,,,,,0.0,0.0,0.0,0.0,0
24.64,-1.0714,-13.2911,339.7599,0.0002,0.0002,339.7599,,,,,,,,,,,,0.0,0.0,0.0,0.0,0
24.66,-1.0714,-13.2911,339.7599,0.0002,0.0002,339.7599,,,,,,,,,,,,0.0,0.0,0.0,0.0,0
24.68,-1.0714,-13.2911,339.7599,0.0002,0.0002,339.7599,,,,,,,,,,,,0.0,0.0,0.0,0.0,0
24.7,-1.0714,-13.2911,339.7599,0.0002,0.0002,339.7599,,,,,,,,,,,,0.0,0.0,0.0,0.0,0
24.72,-1.6284,-10.278,339.6851,0.0002,0.0002,339.6851,,,,,,,,,,,,0.0,0.0,0.0,0.0,0
24.74,-1.6284,-10.278,339.6851,0.0002,0.0002,339.6851,,,,,,,,,,,,0.0,0.0,0.0,0.0,0
24.76,-1.6284,-10.278,339.6851,0.0002,0.0002,339.6851,,,,,,,,,,,,0.0,0.0,0.0,0.0,0
24.78,-1.6284,-10.278,339.6851,0.0002,0.0002,339.6851,,,,,,,,,,,,0.0,0.0,0.0,0.0,0
24.8,-1.9537,-8.4903,339.6137,0.0002,0.0002,339.6137,,,,,,,,,,,,0.0,0.0,0.0,0.0,0
24.82,-1.9537,-8.4903,339.6137,0.0002,0.0002,339.6137,,,,,,,,,,,,0.0,0.0,0.0,0.0,0
24.84,-1.9537,-8.4903,339.6137,0.0002,0.0002,339.6137,,,,,,,,,,,,0.0,0.0,0.0,0.0,0
24.86,-1.9537,-8.4903,339.6137,0.0002,0.0002,339.6137,,,,,,,,,,,,0.0,0.0,0.0,0.0,0
24.88,-1.9537,-8.4903,339.6137,0.0002,0.0002,339.6137,,,,,,,,,,,,0.0,0.0,0.0,0.0,0
24.9,-1.9537,-8.4903,339.6137,0.0002,0.0002,339.6137,,,,,,,,,,,,0.0,0.0,0.0,0.0,0
24.92,-1.2488,-11.1731,338.6777,0.0002,0.0002,338.6777,,,,,,,,,,,,0.0,0.0,0.0,0.0,0
24.94,-1.2488,-11.1731,338.6777,0.0002,0.0002,338.6777,,,,,,,,,,,,0.0,0.0,0.0,0.0,0
24.96,-1.2488,-11.1731,338.6777,0.0002,0.0002,338.6777,,,,,,,,,,,,0.0,0.0,0.0,0.0,0
24.98,-1.2488,-11.1731,338.6777,0.0002,0.0002,338.6777,,,,,,,,,,,,0.0,0.0,0.0,0.0,0
25.0,-0.8428,-13.5148,338.9923,0.0002,0.0002,338.9923,,,,,,,,,,,,0.0,0.0,0.0,0.0,0
25.02,-0.8428,-13.5148,338.9923,0.0002,0.0002,338.9923,,,,,,,,,,,,0.0,0.0,0.0,0.0,0
25.04,-0.8428,-13.5148,338.9923,0.0002,0.0002,338.9923,,,,,,,,,,,,0.0,0.0,0.0,0.0,0
25.06,-0.8428,-13.5148,338.9923,0.0002,0.0002,338.9923,,,,,,,,,,,,0.0,0.0,0.0,0.0,0
25.08,-0.8428,-13.5148,338.9923,0.0002,0.0002,338.9923,,,,,,,,,,,,0.0,0.0,0.0,0.0,0
25.1,-0.8428,-13.5148,338.9923,0.0002,0.0002,338.9923,,,,,,,,,,,,0.0,0.0,0.0,0.0,0
25.12,-0.826,-13.3504,338.795,0.0002,0.0002,338.795,,,,,,,,,,,,0.0,0.0,0.0,0.0,0
25.14,-0.826,-13.3504,338.795,0.0002,0.0002,338.795,,,,,,,,,,,,0.0,0.0,0.0,0.0,0
25.16,-0.826,-13.3504,338.795,0.0002,0.0002,338.795,,,,,,,,,,,,0.0,0.0,0.0,0.0,0
25.18,-0.826,-13.3504,338.795,0.0002,0.0002,338.795,,,,,,,,,,,,0.0,0.0,0.0,0.0,0
25.2,-0.6561,-13.9705,338.5927,0.0002,0.0002,338.5927,,,,,,,,,,,,0.0,0.0,0.0,0.0,0
25.22,-0.6561,-13.9705,338.5927,0.0002,0.0002,338.5927,,,,,,,,,,,,0.0,0.0,0.0,0.0,0
25.24,-0.6561,-13.9705,338.5927,0.0002,0.0002,338.5927,,,,,,,,,,,,0.0,0.0,0.0,0.0,0
25.26,-0.6561,-13.9705,338.5927,0.0002,0.0002,338.5927,,,,,,,,,,,,0.0,0.0,0.0,0.0,0
25.28,-0.6561,-13.9705,338.5927,0.0002,0.0002,338.5927,,,,,,,,,,,,0.0,0.0,0.0,0.0,0
25.3,-0.6561,-13.9705,338.5927,0.0002,0.0002,338.5927,,,,,,,,,,,,0.0,0.0,0.0,0.0,0
25.32,-0.7504,-13.8661,338.8817,0.0002,0.0002,338.8817,,,,,,,,,,,,0.0,0.0,0.0,0.0,0
25.34,-0.7504,-13.8661,338.8817,0.0002,0.0002,338.8817,,,,,,,,,,,,0.0,0.0,0.0,0.0,0
25.36,-0.7504,-13.8661,338.8817,0.0002,0.0002,338.8817,,,,,,,,,,,,0.0,0.0,0.0,0.0,0
25.38,-0.7504,-13.8661,338.8817,0.0002,0.0002,338.8817,,,,,,,,,,,,0.0,0.0,0.0,0.0,0
25.4,-1.4741,-12.2799,340.6903,0.0002,0.0002,340.6903,,,,,,,,,,,,0.0,0.0,0.0,0.0,0
25.42,-1.4741,-12.2799,340.6903,0.0002,0.0002,340.6903,,,,,,,,,,,,0.0,0.0,0.0,0.0,0
25.44,-1.4741,-12.2799,340.6903,0.0002,0.0002,340.6903,,,,,,,,,,,,0.0,0.0,0.0,0.0,0
25.46,-1.4741,-12.2799,340.6903,0.0002,0.0002,340.6903,,,,,,,,,,,,0.0,0.0,0.0,0.0,0
25.48,-1.4741,-12.2799,340.6903,0.0002,0.0002,340.6903,,,,,,,,,,,,0.0,0.0,0.0,0.0,0
25.5,-1.4741,-12.2799,340.6903,0.0002,0.0002,340.6903,,,,,,,,,,,,0.0,0.0,0.0,0.0,0
25.52,-1.7167,-11.7004,341.3991,0.0002,0.0002,341.3991,,,,,,,,,,,,0.0,0.0,0.0,0.0,0
25.54,-1.7167,-11.7004,341.3991,0.0002,0.0002,341.3991,,,,,,,,,,,,0.0,0.0,0.0,0.0,0
25.56,-1.7167,-11.7004,341.3991,0.0002,0.0002,341.3991,,,,,,,,,,,,0.0,0.0,0.0,0.0,0
25.58,-1.7167,-11.7004,341.3991,0.0002,0.0002,341.3991,,,,,,,,,,,,0.0,0.0,0.0,0.0,0
25.6,-1.9041,-11.0982,341.8337,0.0002,0.0002,341.8337,,,,,,,,,,,,0.0,0.0,0.0,0.0,0
25.62,-1.9041,-11.0982,341.8337,0.0002,0.0002,341.8337,,,,,,,,,,,,0.0,0.0,0.0,0.0,0
25.64,-1.9041,-11.0982,341.8337,0.0002,0.0002,341.8337,,,,,,,,,,,,0.0,0.0,0.0,0.0,0
25.66,-1.9041,-11.0982,341.8337,0.0002,0.0002,341.8337,,,,,,,,,,,,0.0,0.0,0.0,0.0,0
25.68,-1.9041,-11.0982,341.8337,0.0002,0.0002,341.8337,,,,,,,,,,,,0.0,0.0,0.0,0.0,0
25.7,-1.9041,-11.0982,341.8337,0.0002,0.0002,341.8337,,,,,,,,,,,,0.0,0.0,0.0,0.0,0
25.72,-1.7659,-12.0761,341.8651,0.0002,0.0002,341.8651,,,,,,,,,,,,0.0,0.0,0.0,0.0,0
25.74,-1.7659,-12.0761,341.8651,0.0002,0.0002,341.8651,,,,,,,,,,,,0.0,0.0,0.0,0.0,0
25.76,-1.7659,-12.0761,341.8651,0.0002,0.0002,341.8651,,,,,,,,,,,,0.0,0.0,0.0,0.0,0
25.78,-1.7659,-12.0761,341.8651,0.0002,0.0002,341.8651,,,,,,,,,,,,0.0,0.0,0.0,0.0,0
25.8,-1.7446,-11.9739,341.6961,0.0002,0.0002,341.6961,,,,,,,,,,,,0.0,0.0,0.0,0.0,0
25.82,-1.7446,-11.9739,341.6961,0.0002,0.0002,341.6961,,,,,,,,,,,,0.0,0.0,0.0,0.0,0
25.84,-1.7446,-11.9739,341.6961,0.0002,0.0002,341.6961,,,,,,,,,,,,0.0,0.0,0.0,0.0,0
25.86,-1.7446,-11.9739,341.6961,0.0002,0.0002,341.6961,,,,,,,,,,,,0.0,0.0,0.0,0.0,0
25.88,-1.7446,-11.9739,341.6961,0.0002,0.0002,341.6961,,,,,,,,,,,,0.0,0.0,0.0,0.0,0
25.9,-1.7446,-11.9739,341.6961,0.0002,0.0002,341.6961,,,,,,,,,,,,0.0,0.0,0.0,0.0,0
25.92,-1.7008,-12.6811,341.9888,0.0002,0.0002,341.9888,,,,,,,,,,,,0.0,0.0,0.0,0.0,0
25.94,-1.7008,-12.6811,341.9888,0.0002,0.0002,341.9888,,,,,,,,,,,,0.0,0.0,0.0,0.0,0
25.96,-1.7008,-12.6811,341.9888,0.0002,0.0002,341.9888,,,,,,,,,,,,0.0,0.0,0.0,0.0,0
25.98,-1.7008,-12.6811,341.9888,0.0002,0.0002,341.9888,,,,,,,,,,,,0.0,0.0,0.0,0.0,0
26.0,-1.7381,-12.5783,342.0765,0.0002,0.0002,342.0765,,,,,,,,,,,,0.0,0.0,0.0,0.0,0
26.02,-1.7381,-12.5783,342.0765,0.0002,0.0002,342.0765,,,,,,,,,,,,0.0,0.0,0.0,0.0,0
26.04,-1.7381,-12.5783,342.0765,0.0002,0.0002,342.0765,,,,,,,,,,,,0.0,0.0,0.0,0.0,0
26.06,-1.7381,-12.5783,342.0765,0.0002,0.0002,342.0765,,,,,,,,,,,,0.0,0.0,0.0,0.0,0
26.08,-1.7381,-12.5783,342.0765,0.0002,0.0002,342.0765,,,,,,,,,,,,0.0,0.0,0.0,0.0,0
26.1,-1.7381,-12.5783,342.0765,0.0002,0.0002,342.0765,,,,,,,,,,,,0.0,0.0,0.0,0.0,0
26.12,-1.7459,-12.497,342.0677,0.0002,0.0002,342.0677,,,,,,,,,,,,0.0,0.0,0.0,0.0,0
26.14,-1.7459,-12.497,342.0677,0.0002,0.0002,342.0677,,,,,,,,,,,,0.0,0.0,0.0,0.0,0
26.16,-1.7459,-12.497,342.0677,0.0002,0.0002,342.0677,,,,,,,,,,,,0.0,0.0,0.0,0.0,0
26.18,-1.7459,-12.497,342.0677,0.0002,0.0002,342.0677,,,,,,,,,,,,0.0,0.0,0.0,0.0,0
26.2,-1.657,-13.5224,342.3582,0.0002,0.0002,342.3582,,,,,,,,,,,,0.0,0.0,0.0,0.0,0
26.22,-1.657,-13.5224,342.3582,0.0002,0.0002,342.3582,,,,,,,,,,,,0.0,0.0,0.0,0.0,0
26.24,-1.657,-13.5224,342.3582,0.0002,0.0002,342.3582,,,,,,,,,,,,0.0,0.0,0.0,0.0,0
26.26,-1.657,-13.5224,342.3582,0.0002,0.0002,342.3582,,,,,,,,,,,,0.0,0.0,0.0,0.0,0
26.28,-1.657,-13.5224,342.3582,0.0002,0.0002,342.3582,,,,,,,,,,,,0.0,0.0,0.0,0.0,0
26.3,-1.657,-13.5224,342.3582,0.0002,0.0002,342.3582,,,,,,,,,,,,0.0,0.0,0.0,0.0,0
26.32,-1.5465,-14.4446,342.4224,0.0002,0.0002,342.4224,,,,,,,,,,,,0.0,0.0,0.0,0.0,0
26.34,-1.5465,-14.4446,342.4224,0.0002,0.0002,342.4224,,,,,,,,,,,,0.0,0.0,0.0,0.0,0
26.36,-1.5465,-14.4446,342.4224,0.0002,0.0002,342.4224,,,,,,,,,,,,0.0,0.0,0.0,0.0,0
26.38,-1.5465,-14.4446,342.4224,0.0002,0.0002,342.4224,,,,,,,,,,,,0.0,0.0,0.0,0.0,0
26.4,-1.3899,-15.1195,342.1609,0.0002,0.0002,342.1609,,,,,,,,,,,,0.0,0.0,0.0,0.0,0
26.42,-1.3899,-15.1195,342.1609,0.0002,0.0002,342.1609,,,,,,,,,,,,0.0,0.0,0.0,0.0,0
26.44,-1.3899,-15.1195,342.1609,0.0002,0.0002,342.1609,,,,,,,,,,,,0.0,0.0,0.0,0.0,0
26.46,-1.3899,-15.1195,342.1609,0.0002,0.0002,342.1609,,,,,,,,,,,,0.0,0.0,0.0,0.0,0
26.48,-1.3899,-15.1195,342.1609,0.0002,0.0002,342.1609,,,,,,,,,,,,0.0,0.0,0.0,0.0,0
26.5,-1.3899,-15.1195,342.1609,0.0002,0.0002,342.1609,,,,,,,,,,,,0.0,0.0,0.0,0.0,0
26.52,-1.6812,-13.6346,342.4266,0.0002,0.0002,342.4266,,,,,,,,,,,,0.0,0.0,0.0,0.0,0
26.54,-1.6812,-13.6346,342.4266,0.0002,0.0002,342.4266,,,,,,,,,,,,0.0,0.0,0.0,0.0,0
26.56,-1.6812,-13.6346,342.4266,0.0002,0.0002,342.4266,,,,,,,,,,,,0.0,0.0,0.0,0.0,0
26.58,-1.6812,-13.6346,342.4266,0.0002,0.0002,342.4266,,,,,,,,,,,,0.0,0.0,0.0,0.0,0
26.6,-1.69,-13.6996,342.494,0.0002,0.0002,342.494,,,,,,,,,,,,0.0,0.0,0.0,0.0,0
26.62,-1.69,-13.6996,342.494,0.0002,0.0002,342.494,,,,,,,,,,,,0.0,0.0,0.0,0.0,0
26.64,-1.69,-13.6996,342.494,0.0002,0.0002,342.494,,,,,,,,,,,,0.0,0.0,0.0,0.0,0
26.66,-1.69,-13.6996,342.494,0.0002,0.0002,342.494,,,,,,,,,,,,0.0,0.0,0.0,0.0,0
26.68,-1.69,-13.6996,342.494,0.0002,0.0002,342.494,,,,,,,,,,,,0.0,0.0,0.0,0.0,0
26.7,-1.69,-13.6996,342.494,0.0002,0.0002,342.494,,,,,,,,,,,,0.0,0.0,0.0,0.0,0
26.72,-1.6259,-14.0234,342.4328,0.0002,0.0002,342.4328,,,,,,,,,,,,0.0,0.0,0.0,0.0,0
26.74,-1.6259,-14.0234,342.4328,0.0002,0.0002,342.4328,,,,,,,,,,,,0.0,0.0,0.0,0.0,0
26.76,-1.6259,-14.0234,342.4328,0.0002,0.0002,342.4328,,,,,,,,,,,,0.0,0.0,0.0,0.0,0
26.78,-1.6259,-14.0234,342.4328,0.0002,0.0002,342.4328,,,,,,,,,,,,0.0,0.0,0.0,0.0,0
26.8,-1.4558,-14.4805,342.0012,0.0002,0.0002,342.0012,,,,,,,,,,,,0.0,0.0,0.0,0.0,0
26.82,-1.4558,-14.4805,342.0012,0.0002,0.0002,342.0012,,,,,,,,,,,,0.0,0.0,0.0,0.0,0
26.84,-1.4558,-14.4805,342.0012,0.0002,0.0002,342.0012,,,,,,,,,,,,0.0,0.0,0.0,0.0,0
26.86,-1.4558,-14.4805,342.0012,0.0002,0.0002,342.0012,,,,,,,,,,,,0.0,0.0,0.0,0.0,0
26.88,-1.4558,-14.4805,342.0012,0.0002,0.0002,342.0012,,,,,,,,,,,,0.0,0.0,0.0,0.0,0
26.9,-1.4558,-14.4805,342.0012,0.0002,0.0002,342.0012,,,,,,,,,,,,0.0,0.0,0.0,0.0,0
26.92,-1.4548,-14.5117,342.0029,0.0002,0.0002,342.0029,,,,,,,,,,,,0.0,0.0,0.0,0.0,0
26.94,-1.4548,-14.5117,342.0029,0.0002,0.0002,342.0029,,,,,,,,,,,,0.0,0.0,0.0,0.0,0
26.96,-1.4548,-14.5117,342.0029,0.0002,0.0002,342.0029,,,,,,,,,,,,0.0,0.0,0.0,0.0,0
26.98,-1.4548,-14.5117,342.0029,0.0002,0.0002,342.0029,,,,,,,,,,,,0.0,0.0,0.0,0.0,0
27.0,-1.3034,-14.8063,341.5815,0.0002,0.0002,341.5815,,,,,,,,,,,,0.0,0.0,0.0,0.0,0
27.02,-1.3034,-14.8063,341.5815,0.0002,0.0002,341.5815,,,,,,,,,,,,0.0,0.0,0.0,0.0,0
27.04,-1.3034,-14.8063,341.5815,0.0002,0.0002,341.5815,,,,,,,,,,,,0.0,0.0,0.0,0.0,0
27.06,-1.3034,-14.8063,341.5815,0.0002,0.0002,341.5815,,,,,,,,,,,,0.0,0.0,0.0,0.0,0
27.08,-1.3034,-14.8063,341.5815,0.0002,0.0002,341.5815,,,,,,,,,,,,0.0,0.0,0.0,0.0,0
27.1,-1.3034,-14.8063,341.5815,0.0002,0.0002,341.5815,,,,,,,,,,,,0.0,0.0,0.0,0.0,0
27.12,-1.2398,-14.9758,341.4411,0.0002,0.0002,341.4411,,,,,,,,,,,,0.0,0.0,0.0,0.0,0
27.14,-1.2398,-14.9758,341.4411,0.0002,0.0002,341.4411,,,,,,,,,,,,0.0,0.0,0.0,0.0,0
27.16,-1.2398,-14.9758,341.4411,0.0002,0.0002,341.4411,,,,,,,,,,,,0.0,0.0,0.0,0.0,0
27.18,-1.2398,-14.9758,341.4411,0.0002,0.0002,341.4411,,,,,,,,,,,,0.0,0.0,0.0,0.0,0
27.2,-1.1535,-15.5666,341.454,0.0002,0.0002,341.454,,,,,,,,,,,,0.0,0.0,0.0,0.0,0
27.22,-1.1535,-15.5666,341.454,0.0002,0.0002,341.454,,,,,,,,,,,,0.0,0.0,0.0,0.0,0
27.24,-1.1535,-15.5666,341.454,0.0002,0.0002,341.454,,,,,,,,,,,,0.0,0.0,0.0,0.0,0
27.26,-1.1535,-15.5666,341.454,0.0002,0.0002,341.454,,,,,,,,,,,,0.0,0.0,0.0,0.0,0
27.28,-1.1535,-15.5666,341.454,0.0002,0.0002,341.454,,,,,,,,,,,,0.0,0.0,0.0,0.0,0
27.3,-1.1535,-15.5666,341.454,0.0002,0.0002,341.454,,,,,,,,,,,,0.0,0.0,0.0,0.0,0
27.32,-1.0955,-15.6944,341.3196,0.0002,0.0002,341.3195,,,,,,,,,,,,0.0,0.0,0.0,0.0,0
27.34,-1.0955,-15.6944,341.3196,0.0002,0.0002,341.3195,,,,,,,,,,,,0.0,0.0,0.0,0.0,0
27.36,-1.0955,-15.6944,341.3196,0.0002,0.0002,341.3195,,,,,,,,,,,,0.0,0.0,0.0,0.0,0
27.38,-1.0955,-15.6944,341.3196,0.0002,0.0002,341.3195,,,,,,,,,,,,0.0,0.0,0.0,0.0,0
27.4,-0.7371,-16.8569,340.7295,0.0002,0.0002,340.7295,,,,,,,,,,,,0.0,0.0,0.0,0.0,0
27.42,-0.7371,-16.8569,340.7295,0.0002,0.0002,340.7295,,,,,,,,,,,,0.0,0.0,0.0,0.0,0
27.44,-0.7371,-16.8569,340.7295,0.0002,0.0002,340.7295,,,,,,,,,,,,0.0,0.0,0.0,0.0,0
27.46,-0.7371,-16.8569,340.7295,0.0002,0.0002,340.7295,,,,,,,,,,,,0.0,0.0,0.0,0.0,0
27.48,-0.7371,-16.8569,340.7295,0.0002,0.0002,340.7295,,,,,,,,,,,,0.0,0.0,0.0,0.0,0
27.5,-0.7371,-16.8569,340.7295,0.0002,0.0002,340.7295,,,,,,,,,,,,0.0,0.0,0.0,0.0,0
27.52,-0.642,-17.4098,340.7083,0.0002,0.0002,340.7083,,,,,,,,,,,,0.0,0.0,0.0,0.0,0
27.54,-0.642,-17.4098,340.7083,0.0002,0.0002,340.7083,,,,,,,,,,,,0.0,0.0,0.0,0.0,0
27.56,-0.642,-17.4098,340.7083,0.0002,0.0002,340.7083,,,,,,,,,,,,0.0,0.0,0.0,0.0,0
27.58,-0.642,-17.4098,340.7083,0.0002,0.0002,340.7083,,,,,,,,,,,,0.0,0.0,0.0,0.0,0
27.6,-0.643,-17.4169,340.7032,0.0002,0.0002,340.7032,,,,,,,,,,,,0.0,0.0,0.0,0.0,0
27.62,-0.643,-17.4169,340.7032,0.0002,0.0002,340.7032,,,,,,,,,,,,0.0,0.0,0.0,0.0,0
27.64,-0.643,-17.4169,340.7032,0.0002,0.0002,340.7032,,,,,,,,,,,,0.0,0.0,0.0,0.0,0
27.66,-0.643,-17.4169,340.7032,0.0002,0.0002,340.7032,,,,,,,,,,,,0.0,0.0,0.0,0.0,0
27.68,-0.643,-17.4169,340.7032,0.0002,0.0002,340.7032,,,,,,,,,,,,0.0,0.0,0.0,0.0,0
27.7,-0.643,-17.4169,340.7032,0.0002,0.0002,340.7032,,,,,,,,,,,,0.0,0.0,0.0,0.0,0
27.72,-0.7524,-16.8064,340.6911,0.0002,0.0002,340.6911,,,,,,,,,,,,0.0,0.0,0.0,0.0,0
27.74,-0.7524,-16.8064,340.6911,0.0002,0.0002,340.6911,,,,,,,,,,,,0.0,0.0,0.0,0.0,0
27.76,-0.7524,-16.8064,340.6911,0.0002,0.0002,340.6911,,,,,,,,,,,,0.0,0.0,0.0,0.0,0
27.78,-0.7524,-16.8064,340.6911,0.0002,0.0002,340.6911,,,,,,,,,,,,0.0,0.0,0.0,0.0,0
27.8,-0.7873,-16.6989,340.6925,0.0002,0.0002,340.6925,,,,,,,,,,,,0.0,0.0,0.0,0.0,0
27.82,-0.7873,-16.6989,340.6925,0.0002,0.0002,340.6925,,,,,,,,,,,,0.0,0.0,0.0,0.0,0
27.84,-0.7873,-16.6989,340.6925,0.0002,0.0002,340.6925,,,,,,,,,,,,0.0,0.0,0.0,0.0,0
27.86,-0.7873,-16.6989,340.6925,0.0002,0.0002,340.6925,,,,,,,,,,,,0.0,0.0,0.0,0.0,0
27.88,-0.7873,-16.6989,340.6925,0.0002,0.0002,340.6925,,,,,,,,,,,,0.0,0.0,0.0,0.0,0
27.9,-0.7873,-16.6989,340.6925,0.0002,0.0002,340.6925,,,,,,,,,,,,0.0,0.0,0.0,0.0,0
27.92,-1.5088,-13.2536,341.1665,0.0002,0.0002,341.1666,,,,,,,,,,,,0.0,0.0,0.0,0.0,0
27.94,-1.5088,-13.2536,341.1665,0.0002,0.0002,341.1666,,,,,,,,,,,,0.0,0.0,0.0,0.0,0
27.96,-1.5088,-13.2536,341.1665,0.0002,0.0002,341.1666,,,,,,,,,,,,0.0,0.0,0.0,0.0,0
27.98,-1.5088,-13.2536,341.1665,0.0002,0.0002,341.1666,,,,,,,,,,,,0.0,0.0,0.0,0.0,0
28.0,0.1845,-18.8878,338.881,0.0002,0.0002,338.881,,,,,,,,,,,,0.0,0.0,0.0,0.0,0
28.02,0.1845,-18.8878,338.881,0.0002,0.0002,338.881,,,,,,,,,,,,0.0,0.0,0.0,0.0,0
28.04,0.1845,-18.8878,338.881,0.0002,0.0002,338.881,,,,,,,,,,,,0.0,0.0,0.0,0.0,0
28.06,0.1845,-18.8878,338.881,0.0002,0.0002,338.881,,,,,,,,,,,,0.0,0.0,0.0,0.0,0
28.08,0.1845,-18.8878,338.881,0.0002,0.0002,338.881,,,,,,,,,,,,0.0,0.0,0.0,0.0,0
28.1,0.1845,-18.8878,338.881,0.0002,0.0002,338.881,,,,,,,,,,,,0.0,0.0,0.0,0.0,0
28.12,1.4698,-21.8321,336.4159,0.0002,0.0002,336.4159,,,,,,,,,,,,0.0,0.0,0.0,0.0,0
28.14,1.4698,-21.8321,336.4159,0.0002,0.0002,336.4159,,,,,,,,,,,,0.0,0.0,0.0,0.0,0
28.16,1.4698,-21.8321,336.4159,0.0002,0.0002,336.4159,,,,,,,,,,,,0.0,0.0,0.0,0.0,0
28.18,1.4698,-21.8321,336.4159,0.0002,0.0002,336.4159,,,,,,,,,,,,0.0,0.0,0.0,0.0,0
28.2,2.3547,-23.6191,335.2409,0.0002,0.0002,335.2409,,,,,,,,,,,,0.0,0.0,0.0,0.0,0
28.22,2.3547,-23.6191,335.2409,0.0002,0.0002,335.2409,,,,,,,,,,,,0.0,0.0,0.0,0.0,0
28.24,2.3547,-23.6191,335.2409,0.0002,0.0002,335.2409,,,,,,,,,,,,0.0,0.0,0.0,0.0,0
28.26,2.3547,-23.6191,335.2409,0.0002,0.0002,335.2409,,,,,,,,,,,,0.0,0.0,0.0,0.0,0
28.28,2.3547,-23.6191,335.2409,0.0002,0.0002,335.2409,,,,,,,,,,,,0.0,0.0,0.0,0.0,0
28.3,2.3547,-23.6191,335.2409,0.0002,0.0002,335.2409,,,,,,,,,,,,0.0,0.0,0.0,0.0,0
28.32,4.418,-30.5905,332.0219,0.0002,0.0002,332.0219,,,,,,,,,,,,0.0,0.0,0.0,0.0,0
28.34,4.418,-30.5905,332.0219,0.0002,0.0002,332.0219,,,,,,,,,,,,0.0,0.0,0.0,0.0,0
28.36,4.418,-30.5905,332.0219,0.0002,0.0002,332.0219,,,,,,,,,,,,0.0,0.0,0.0,0.0,0
28.38,4.418,-30.5905,332.0219,0.0002,0.0002,332.0219,,,,,,,,,,,,0.0,0.0,0.0,0.0,0
28.4,5.3837,-32.0485,330.1069,0.0002,0.0002,330.1069,,,,,,,,,,,,0.0,0.0,0.0,0.0,0
28.42,5.3837,-32.0485,330.1069,0.0002,0.0002,330.1069,,,,,,,,,,,,0.0,0.0,0.0,0.0,0
28.44,5.3837,-32.0485,330.1069,0.0002,0.0002,330.1069,,,,,,,,,,,,0.0,0.0,0.0,0.0,0
28.46,5.3837,-32.0485,330.1069,0.0002,0.0002,330.1069,,,,,,,,,,,,0.0,0.0,0.0,0.0,0
28.48,5.3837,-32.0485,330.1069,0.0002,0.0002,330.1069,,,,,,,,,,,,0.0,0.0,0.0,0.0,0
28.5,5.3837,-32.0485,330.1069,0.0002,0.0002,330.1069,,,,,,,,,,,,0.0,0.0,0.0,0.0,0
28.52,9.7915,-29.069,328.8242,0.0002,0.0002,328.8242,,,,,,,,,,,,0.0,0.0,0.0,0.0,0
28.54,9.7915,-29.069,328.8242,0.0002,0.0002,328.8242,,,,,,,,,,,,0.0,0.0,0.0,0.0,0
28.56,9.7915,-29.069,328.8242,0.0002,0.0002,328.8242,,,,,,,,,,,,0.0,0.0,0.0,0.0,0
28.58,9.7915,-29.069,328.8242,0.0002,0.0002,328.8242,,,,,,,,,,,,0.0,0.0,0.0,0.0,0
28.6,10.5678,-28.5386,328.9227,0.0002,0.0002,328.9227,,,,,,,,,,,,0.0,0.0,0.0,0.0,0
28.62,10.5678,-28.5386,328.9227,0.0002,0.0002,328.9227,,,,,,,,,,,,0.0,0.0,0.0,0.0,0
28.64,10.5678,-28.5386,328.9227,0.0002,0.0002,328.9227,,,,,,,,,,,,0.0,0.0,0.0,0.0,0
28.66,10.5678,-28.5386,328.9227,0.0002,0.0002,328.9227,,,,,,,,,,,,0.0,0.0,0.0,0.0,0
28.68,10.5678,-28.5386,328.9227,0.0002,0.0002,328.9227,,,,,,,,,,,,0.0,0.0,0.0,0.0,0
28.7,10.5678,-28.5386,328.9227,0.0002,0.0002,328.9227,,,,,,,,,,,,0.0,0.0,0.0,0.0,0
28.72,13.4342,-27.8053,328.3682,0.0002,0.0002,328.3682,,,,,,,,,,,,0.0,0.0,0.0,0.0,0
28.74,13.4342,-27.8053,328.3682,0.0002,0.0002,328.3682,,,,,,,,,,,,0.0,0.0,0.0,0.0,0
28.76,13.4342,-27.8053,328.3682,0.0002,0.0002,328.3682,,,,,,,,,,,,0.0,0.0,0.0,0.0,0
28.78,13.4342,-27.8053,328.3682,0.0002,0.0002,328.3682,,,,,,,,,,,,0.0,0.0,0.0,0.0,0
28.8,15.3999,-28.3664,327.7544,0.0002,0.0002,327.7544,,,,,,,,,,,,0.0,0.0,0.0,0.0,0
28.82,15.3999,-28.3664,327.7544,0.0002,0.0002,327.7544,,,,,,,,,,,,0.0,0.0,0.0,0.0,0
28.84,15.3999,-28.3664,327.7544,0.0002,0.0002,327.7544,,,,,,,,,,,,0.0,0.0,0.0,0.0,0
28.86,15.3999,-28.3664,327.7544,0.0002,0.0002,327.7544,,,,,,,,,,,,0.0,0.0,0.0,0.0,0
28.88,15.3999,-28.3664,327.7544,0.0002,0.0002,327.7544,,,,,,,,,,,,0.0,0.0,0.0,0.0,0
28.9,15.3999,-28.3664,327.7544,0.0002,0.0002,327.7544,,,,,,,,,,,,0.0,0.0,0.0,0.0,0
28.92,14.5205,-28.0782,328.4141,0.0002,0.0002,328.4141,,,,,,,,,,,,0.0,0.0,0.0,0.0,0
28.94,14.5205,-28.0782,328.4141,0.0002,0.0002,328.4141,,,,,,,,,,,,0.0,0.0,0.0,0.0,0
28.96,14.5205,-28.0782,328.4141,0.0002,0.0002,328.4141,,,,,,,,,,,,0.0,0.0,0.0,0.0,0
28.98,14.5205,-28.0782,328.4141,0.0002,0.0002,328.4141,,,,,,,,,,,,0.0,0.0,0.0,0.0,0
29.0,16.0227,-28.5102,327.8232,0.0002,0.0002,327.8232,,,,,,,,,,,,0.0,0.0,0.0,0.0,0
29.02,16.0227,-28.5102,327.8232,0.0002,0.0002,327.8232,,,,,,,,,,,,0.0,0.0,0.0,0.0,0
29.04,16.0227,-28.5102,327.8232,0.0002,0.0002,327.8232,,,,,,,,,,,,0.0,0.0,0.0,0.0,0
29.06,16.0227,-28.5102,327.8232,0.0002,0.0002,327.8232,,,,,,,,,,,,0.0,0.0,0.0,0.0,0
29.08,16.0227,-28.5102,327.8232,0.0002,0.0002,327.8232,,,,,,,,,,,,0.0,0.0,0.0,0.0,0
29.1,16.0227,-28.5102,327.8232,0.0002,0.0002,327.8232,,,,,,,,,,,,0.0,0.0,0.0,0.0,0
29.12,15.5397,-28.3048,328.1537,0.0002,0.0002,328.1537,,,,,,,,,,,,0.0,0.0,0.0,0.0,0
29.14,15.5397,-28.3048,328.1537,0.0002,0.0002,328.1537,,,,,,,,,,,,0.0,0.0,0.0,0.0,0
29.16,15.5397,-28.3048,328.1537,0.0002,0.0002,328.1537,,,,,,,,,,,,0.0,0.0,0.0,0.0,0
29.18,15.5397,-28.3048,328.1537,0.0002,0.0002,328.1537,,,,,,,,,,,,0.0,0.0,0.0,0.0,0
29.2,16.4292,-28.54,327.7482,0.0002,0.0002,327.7482,,,,,,,,,,,,0.0,0.0,0.0,0.0,0
29.22,16.4292,-28.54,327.7482,0.0002,0.0002,327.7482,,,,,,,,,,,,0.0,0.0,0.0,0.0,0
29.24,16.4292,-28.54,327.7482,0.0002,0.0002,327.7482,,,,,,,,,,,,0.0,0.0,0.0,0.0,0
29.26,16.4292,-28.54,327.7482,0.0002,0.0002,327.7482,,,,,,,,,,,,0.0,0.0,0.0,0.0,0
29.28,16.4292,-28.54,327.7482,0.0002,0.0002,327.7482,,,,,,,,,,,,0.0,0.0,0.0,0.0,0
29.3,16.4292,-28.54,327.7482,0.0002,0.0002,327.7482,,,,,,,,,,,,0.0,0.0,0.0,0.0,0
29.32,16.4782,-28.5522,327.9479,0.0002,0.0002,327.9479,,,,,,,,,,,,0.0,0.0,0.0,0.0,0
29.34,16.4782,-28.5522,327.9479,0.0002,0.0002,327.9479,,,,,,,,,,,,0.0,0.0,0.0,0.0,0
29.36,16.4782,-28.5522,327.9479,0.0002,0.0002,327.9479,,,,,,,,,,,,0.0,0.0,0.0,0.0,0
29.38,16.4782,-28.5522,327.9479,0.0002,0.0002,327.9479,,,,,,,,,,,,0.0,0.0,0.0,0.0,0
29.4,16.5581,-28.5819,327.9333,0.0002,0.0002,327.9334,,,,,,,,,,,,0.0,0.0,0.0,0.0,0
29.42,16.5581,-28.5819,327.9333,0.0002,0.0002,327.9334,,,,,,,,,,,,0.0,0.0,0.0,0.0,0
29.44,16.5581,-28.5819,327.9333,0.0002,0.0002,327.9334,,,,,,,,,,,,0.0,0.0,0.0,0.0,0
29.46,16.5581,-28.5819,327.9333,0.0002,0.0002,327.9334,,,,,,,,,,,,0.0,0.0,0.0,0.0,0
29.48,16.5581,-28.5819,327.9333,0.0002,0.0002,327.9334,,,,,,,,,,,,0.0,0.0,0.0,0.0,0
29.5,16.5581,-28.5819,327.9333,0.0002,0.0002,327.9334,,,,,,,,,,,,0.0,0.0,0.0,0.0,0
29.52,16.9824,-28.6939,327.8191,0.0002,0.0002,327.8191,,,,,,,,,,,,0.0,0.0,0.0,0.0,0
29.54,16.9824,-28.6939,327.8191,0.0002,0.0002,327.8191,,,,,,,,,,,,0.0,0.0,0.0,0.0,0
29.56,16.9824,-28.6939,327.8191,0.0002,0.0002,327.8191,,,,,,,,,,,,0.0,0.0,0.0,0.0,0
29.58,16.9824,-28.6939,327.8191,0.0002,0.0002,327.8191,,,,,,,,,,,,0.0,0.0,0.0,0.0,0
29.6,16.719,-28.6191,328.0773,0.0002,0.0002,328.0773,,,,,,,,,,,,0.0,0.0,0.0,0.0,0
29.62,16.719,-28.6191,328.0773,0.0002,0.0002,328.0773,,,,,,,,,,,,0.0,0.0,0.0,0.0,0
29.64,16.719,-28.6191,328.0773,0.0002,0.0002,328.0773,,,,,,,,,,,,0.0,0.0,0.0,0.0,0
29.66,16.719,-28.6191,328.0773,0.0002,0.0002,328.0773,,,,,,,,,,,,0.0,0.0,0.0,0.0,0
29.68,16.719,-28.6191,328.0773,0.0002,0.0002,328.0773,,,,,,,,,,,,0.0,0.0,0.0,0.0,0
29.7,16.719,-28.6191,328.0773,0.0002,0.0002,328.0773,,,,,,,,,,,,0.0,0.0,0.0,0.0,0
29.72,17.2672,-28.7768,327.7622,0.0002,0.0002,327.7622,,,,,,,,,,,,0.0,0.0,0.0,0.0,0
29.74,17.2672,-28.7768,327.7622,0.0002,0.0002,327.7622,,,,,,,,,,,,0.0,0.0,0.0,0.0,0
29.76,17.2672,-28.7768,327.7622,0.0002,0.0002,327.7622,,,,,,,,,,,,0.0,0.0,0.0,0.0,0
29.78,17.2672,-28.7768,327.7622,0.0002,0.0002,327.7622,,,,,,,,,,,,0.0,0.0,0.0,0.0,0
29.8,17.0987,-28.7121,328.0963,0.0002,0.0002,328.0963,,,,,,,,,,,,0.0,0.0,0.0,0.0,0
29.82,17.0987,-28.7121,328.0963,0.0002,0.0002,328.0963,,,,,,,,,,,,0.0,0.0,0.0,0.0,0
29.84,17.0987,-28.7121,328.0963,0.0002,0.0002,328.0963,,,,,,,,,,,,0.0,0.0,0.0,0.0,0
29.86,17.0987,-28.7121,328.0963,0.0002,0.0002,328.0963,,,,,,,,,,,,0.0,0.0,0.0,0.0,0
29.88,17.0987,-28.7121,328.0963,0.0002,0.0002,328.0963,,,,,,,,,,,,0.0,0.0,0.0,0.0,0
29.9,17.0987,-28.7121,328.0963,0.0002,0.0002,328.0963,,,,,,,,,,,,0.0,0.0,0.0,0.0,0
29.92,17.3819,-28.7989,327.7399,0.0002,0.0002,327.7399,,,,,,,,,,,,0.0,0.0,0.0,0.0,0
29.94,17.3819,-28.7989,327.7399,0.0002,0.0002,327.7399,,,,,,,,,,,,0.0,0.0,0.0,0.0,0
29.96,17.3819,-28.7989,327.7399,0.0002,0.0002,327.7399,,,,,,,,,,,,0.0,0.0,0.0,0.0,0
29.98,17.3819,-28.7989,327.7399,0.0002,0.0002,327.7399,,,,,,,,,,,,0.0,0.0,0.0,0.0,0
30.0,17.255,-28.7664,328.061,0.0002,0.0002,328.061,,,,,,,,,,,,0.0,0.0,0.0,0.0,0
30.02,17.255,-28.7664,328.061,0.0002,0.0002,328.061,,,,,,,,,,,,0.0,0.0,0.0,0.0,0
30.04,17.255,-28.7664,328.061,0.0002,0.0002,328.061,,,,,,,,,,,,0.0,0.0,0.0,0.0,0
30.06,17.255,-28.7664,328.061,0.0002,0.0002,328.061,,,,,,,,,,,,0.0,0.0,0.0,0.0,0
30.08,17.255,-28.7664,328.061,0.0002,0.0002,328.061,,,,,,,,,,,,0.0,0.0,0.0,0.0,0
30.1,17.255,-28.7664,328.061,0.0002,0.0002,328.061,,,,,,,,,,,,0.0,0.0,0.0,0.0,0
30.12,17.4655,-28.8325,327.8537,0.0002,0.0002,327.8537,,,,,,,,,,,,0.0,0.0,0.0,0.0,0
30.14,17.4655,-28.8325,327.8537,0.0002,0.0002,327.8537,,,,,,,,,,,,0.0,0.0,0.0,0.0,0
30.16,17.4655,-28.8325,327.8537,0.0002,0.0002,327.8537,,,,,,,,,,,,0.0,0.0,0.0,0.0,0
30.18,17.4655,-28.8325,327.8537,0.0002,0.0002,327.8537,,,,,,,,,,,,0.0,0.0,0.0,0.0,0
30.2,17.5139,-28.8387,327.99,0.0002,0.0002,327.99,,,,,,,,,,,,0.0,0.0,0.0,0.0,0
30.22,17.5139,-28.8387,327.99,0.0002,0.0002,327.99,,,,,,,,,,,,0.0,0.0,0.0,0.0,0
30.24,17.5139,-28.8387,327.99,0.0002,0.0002,327.99,,,,,,,,,,,,0.0,0.0,0.0,0.0,0
30.26,17.5139,-28.8387,327.99,0.0002,0.0002,327.99,,,,,,,,,,,,0.0,0.0,0.0,0.0,0
30.28,17.5139,-28.8387,327.99,0.0002,0.0002,327.99,,,,,,,,,,,,0.0,0.0,0.0,0.0,0
30.3,17.5139,-28.8387,327.99,0.0002,0.0002,327.99,,,,,,,,,,,,0.0,0.0,0.0,0.0,0
30.32,17.574,-28.8525,327.9641,0.0002,0.0002,327.9641,,,,,,,,,,,,0.0,0.0,0.0,0.0,0
30.34,17.574,-28.8525,327.9641,0.0002,0.0002,327.9641,,,,,,,,,,,,0.0,0.0,0.0,0.0,0
30.36,17.574,-28.8525,327.9641,0.0002,0.0002,327.9641,,,,,,,,,,,,0.0,0.0,0.0,0.0,0
30.38,17.574,-28.8525,327.9641,0.0002,0.0002,327.9641,,,,,,,,,,,,0.0,0.0,0.0,0.0,0
30.4,17.7766,-28.9034,327.9209,0.0002,0.0002,327.9209,,,,,,,,,,,,0.0,0.0,0.0,0.0,0
30.42,17.7766,-28.9034,327.9209,0.0002,0.0002,327.9209,,,,,,,,,,,,0.0,0.0,0.0,0.0,0
30.44,17.7766,-28.9034,327.9209,0.0002,0.0002,327.9209,,,,,,,,,,,,0.0,0.0,0.0,0.0,0
30.46,17.7766,-28.9034,327.9209,0.0002,0.0002,327.9209,,,,,,,,,,,,0.0,0.0,0.0,0.0,0
30.48,17.7766,-28.9034,327.9209,0.0002,0.0002,327.9209,,,,,,,,,,,,0.0,0.0,0.0,0.0,0
30.5,17.7766,-28.9034,327.9209,0.0002,0.0002,327.9209,,,,,,,,,,,,0.0,0.0,0.0,0.0,0
30.52,17.7061,-28.8809,328.0477,0.0002,0.0002,328.0477,,,,,,,,,,,,0.0,0.0,0.0,0.0,0
30.54,17.7061,-28.8809,328.0477,0.0002,0.0002,328.0477,,,,,,,,,,,,0.0,0.0,0.0,0.0,0
30.56,17.7061,-28.8809,328.0477,0.0002,0.0002,328.0477,,,,,,,,,,,,0.0,0.0,0.0,0.0,0
30.58,17.7061,-28.8809,328.0477,0.0002,0.0002,328.0477,,,,,,,,,,,,0.0,0.0,0.0,0.0,0
30.6,17.9058,-28.9362,327.8893,0.0002,0.0002,327.8893,,,,,,,,,,,,0.0,0.0,0.0,0.0,0
30.62,17.9058,-28.9362,327.8893,0.0002,0.0002,327.8893,,,,,,,,,,,,0.0,0.0,0.0,0.0,0
30.64,17.9058,-28.9362,327.8893,0.0002,0.0002,327.8893,,,,,,,,,,,,0.0,0.0,0.0,0.0,0
30.66,17.9058,-28.9362,327.8893,0.0002,0.0002,327.8893,,,,,,,,,,,,0.0,0.0,0.0,0.0,0
30.68,17.9058,-28.9362,327.8893,0.0002,0.0002,327.8893,,,,,,,,,,,,0.0,0.0,0.0,0.0,0
30.7,17.9058,-28.9362,327.8893,0.0002,0.0002,327.8893,,,,,,,,,,,,0.0,0.0,0.0,0.0,0
30.72,17.8205,-28.9138,328.0722,0.0002,0.0002,328.0722,,,,,,,,,,,,0.0,0.0,0.0,0.0,0
30.74,17.8205,-28.9138,328.0722,0.0002,0.0002,328.0722,,,,,,,,,,,,0.0,0.0,0.0,0.0,0
30.76,17.8205,-28.9138,328.0722,0.0002,0.0002,328.0722,,,,,,,,,,,,0.0,0.0,0.0,0.0,0
30.78,17.8205,-28.9138,328.0722,0.0002,0.0002,328.0722,,,,,,,,,,,,0.0,0.0,0.0,0.0,0
30.8,17.9991,-28.9657,327.9015,0.0002,0.0002,327.9015,,,,,,,,,,,,0.0,0.0,0.0,0.0,0
30.82,17.9991,-28.9657,327.9015,0.0002,0.0002,327.9015,,,,,,,,,,,,0.0,0.0,0.0,0.0,0
30.84,17.9991,-28.9657,327.9015,0.0002,0.0002,327.9015,,,,,,,,,,,,0.0,0.0,0.0,0.0,0
30.86,17.9991,-28.9657,327.9015,0.0002,0.0002,327.9015,,,,,,,,,,,,0.0,0.0,0.0,0.0,0
30.88,17.9991,-28.9657,327.9015,0.0002,0.0002,327.9015,,,,,,,,,,,,0.0,0.0,0.0,0.0,0
30.9,17.9991,-28.9657,327.9015,0.0002,0.0002,327.9015,,,,,,,,,,,,0.0,0.0,0.0,0.0,0
30.92,17.9468,-28.9455,328.061,0.0002,0.0002,328.061,,,,,,,,,,,,0.0,0.0,0.0,0.0,0
30.94,17.9468,-28.9455,328.061,0.0002,0.0002,328.061,,,,,,,,,,,,0.0,0.0,0.0,0.0,0
30.96,17.9468,-28.9455,328.061,0.0002,0.0002,328.061,,,,,,,,,,,,0.0,0.0,0.0,0.0,0
30.98,17.9468,-28.9455,328.061,0.0002,0.0002,328.061,,,,,,,,,,,,0.0,0.0,0.0,0.0,0
31.0,18.0326,-28.9755,327.9313,0.0002,0.0002,327.9313,,,,,,,,,,,,0.0,0.0,0.0,0.0,0
31.02,18.0326,-28.9755,327.9313,0.0002,0.0002,327.9313,,,,,,,,,,,,0.0,0.0,0.0,0.0,0
31.04,18.0326,-28.9755,327.9313,0.0002,0.0002,327.9313,,,,,,,,,,,,0.0,0.0,0.0,0.0,0
31.06,18.0326,-28.9755,327.9313,0.0002,0.0002,327.9313,,,,,,,,,,,,0.0,0.0,0.0,0.0,0
31.08,18.0326,-28.9755,327.9313,0.0002,0.0002,327.9313,,,,,,,,,,,,0.0,0.0,0.0,0.0,0
31.1,18.0326,-28.9755,327.9313,0.0002,0.0002,327.9313,,,,,,,,,,,,0.0,0.0,0.0,0.0,0
31.12,18.0447,-28.9752,328.0238,0.0002,0.0002,328.0238,,,,,,,,,,,,0.0,0.0,0.0,0.0,0
31.14,18.0447,-28.9752,328.0238,0.0002,0.0002,328.0238,,,,,,,,,,,,0.0,0.0,0.0,0.0,0
31.16,18.0447,-28.9752,328.0238,0.0002,0.0002,328.0238,,,,,,,,,,,,0.0,0.0,0.0,0.0,0
31.18,18.0447,-28.9752,328.0238,0.0002,0.0002,328.0238,,,,,,,,,,,,0.0,0.0,0.0,0.0,0
31.2,18.0996,-28.9877,327.9693,0.0002,0.0002,327.9693,,,,,,,,,,,,0.0,0.0,0.0,0.0,0
31.22,18.0996,-28.9877,327.9693,0.0002,0.0002,327.9693,,,,,,,,,,,,0.0,0.0,0.0,0.0,0
31.24,18.0996,-28.9877,327.9693,0.0002,0.0002,327.9693,,,,,,,,,,,,0.0,0.0,0.0,0.0,0
31.26,18.0996,-28.9877,327.9693,0.0002,0.0002,327.9693,,,,,,,,,,,,0.0,0.0,0.0,0.0,0
31.28,18.0996,-28.9877,327.9693,0.0002,0.0002,327.9693,,,,,,,,,,,,0.0,0.0,0.0,0.0,0
31.3,18.0996,-28.9877,327.9693,0.0002,0.0002,327.9693,,,,,,,,,,,,0.0,0.0,0.0,0.0,0
31.32,18.1485,-29.0034,327.982,0.0002,0.0002,327.982,,,,,,,,,,,,0.0,0.0,0.0,0.0,0
31.34,18.1485,-29.0034,327.982,0.0002,0.0002,327.982,,,,,,,,,,,,0.0,0.0,0.0,0.0,0
31.36,18.1485,-29.0034,327.982,0.0002,0.0002,327.982,,,,,,,,,,,,0.0,0.0,0.0,0.0,0
31.38,18.1485,-29.0034,327.982,0.0002,0.0002,327.982,,,,,,,,,,,,0.0,0.0,0.0,0.0,0
31.4,18.143,-29.0076,328.0108,0.0002,0.0002,328.0108,,,,,,,,,,,,0.0,0.0,0.0,0.0,0
31.42,18.143,-29.0076,328.0108,0.0002,0.0002,328.0108,,,,,,,,,,,,0.0,0.0,0.0,0.0,0
31.44,18.143,-29.0076,328.0108,0.0002,0.0002,328.0108,,,,,,,,,,,,0.0,0.0,0.0,0.0,0
31.46,18.143,-29.0076,328.0108,0.0002,0.0002,328.0108,,,,,,,,,,,,0.0,0.0,0.0,0.0,0
31.48,18.143,-29.0076,328.0108,0.0002,0.0002,328.0108,,,,,,,,,,,,0.0,0.0,0.0,0.0,0
31.5,18.143,-29.0076,328.0108,0.0002,0.0002,328.0108,,,,,,,,,,,,0.0,0.0,0.0,0.0,0
31.52,18.2142,-29.0243,327.9711,0.0002,0.0002,327.9712,,,,,,,,,,,,0.0,0.0,0.0,0.0,0
31.54,18.2142,-29.0243,327.9711,0.0002,0.0002,327.9712,,,,,,,,,,,,0.0,0.0,0.0,0.0,0
31.56,18.2142,-29.0243,327.9711,0.0002,0.0002,327.9712,,,,,,,,,,,,0.0,0.0,0.0,0.0,0
31.58,18.2142,-29.0243,327.9711,0.0002,0.0002,327.9712,,,,,,,,,,,,0.0,0.0,0.0,0.0,0
31.6,18.1944,-29.0159,328.0331,0.0002,0.0002,328.0331,,,,,,,,,,,,0.0,0.0,0.0,0.0,0
31.62,18.1944,-29.0159,328.0331,0.0002,0.0002,328.0331,,,,,,,,,,,,0.0,0.0,0.0,0.0,0
31.64,18.1944,-29.0159,328.0331,0.0002,0.0002,328.0331,,,,,,,,,,,,0.0,0.0,0.0,0.0,0
31.66,18.1944,-29.0159,328.0331,0.0002,0.0002,328.0331,,,,,,,,,,,,0.0,0.0,0.0,0.0,0
31.68,18.1944,-29.0159,328.0331,0.0002,0.0002,328.0331,,,,,,,,,,,,0.0,0.0,0.0,0.0,0
31.7,18.1944,-29.0159,328.0331,0.0002,0.0002,328.0331,,,,,,,,,,,,0.0,0.0,0.0,0.0,0
31.72,18.266,-29.0344,327.9623,0.0002,0.0002,327.9623,,,,,,,,,,,,0.0,0.0,0.0,0.0,0
31.74,18.266,-29.0344,327.9623,0.0002,0.0002,327.9623,,,,,,,,,,,,0.0,0.0,0.0,0.0,0
31.76,18.266,-29.0344,327.9623,0.0002,0.0002,327.9623,,,,,,,,,,,,0.0,0.0,0.0,0.0,0
31.78,18.266,-29.0344,327.9623,0.0002,0.0002,327.9623,,,,,,,,,,,,0.0,0.0,0.0,0.0,0
31.8,18.2463,-29.0244,328.0341,0.0002,0.0002,328.0341,,,,,,,,,,,,0.0,0.0,0.0,0.0,0
31.82,18.2463,-29.0244,328.0341,0.0002,0.0002,328.0341,,,,,,,,,,,,0.0,0.0,0.0,0.0,0
31.84,18.2463,-29.0244,328.0341,0.0002,0.0002,328.0341,,,,,,,,,,,,0.0,0.0,0.0,0.0,0
31.86,18.2463,-29.0244,328.0341,0.0002,0.0002,328.0341,,,,,,,,,,,,0.0,0.0,0.0,0.0,0
31.88,18.2463,-29.0244,328.0341,0.0002,0.0002,328.0341,,,,,,,,,,,,0.0,0.0,0.0,0.0,0
31.9,18.2463,-29.0244,328.0341,0.0002,0.0002,328.0341,,,,,,,,,,,,0.0,0.0,0.0,0.0,0
31.92,18.3085,-29.0381,327.9602,0.0002,0.0002,327.9602,,,,,,,,,,,,0.0,0.0,0.0,0.0,0
31.94,18.3085,-29.0381,327.9602,0.0002,0.0002,327.9602,,,,,,,,,,,,0.0,0.0,0.0,0.0,0
31.96,18.3085,-29.0381,327.9602,0.0002,0.0002,327.9602,,,,,,,,,,,,0.0,0.0,0.0,0.0,0
31.98,18.3085,-29.0381,327.9602,0.0002,0.0002,327.9602,,,,,,,,,,,,0.0,0.0,0.0,0.0,0
32.0,18.3013,-29.0375,328.0232,0.0002,0.0002,328.0232,,,,,,,,,,,,0.0,0.0,0.0,0.0,0
32.02,18.3013,-29.0375,328.0232,0.0002,0.0002,328.0232,,,,,,,,,,,,0.0,0.0,0.0,0.0,0
32.04,18.3013,-29.0375,328.0232,0.0002,0.0002,328.0232,,,,,,,,,,,,0.0,0.0,0.0,0.0,0
32.06,18.3013,-29.0375,328.0232,0.0002,0.0002,328.0232,,,,,,,,,,,,0.0,0.0,0.0,0.0,0
32.08,18.3013,-29.0375,328.0232,0.0002,0.0002,328.0232,,,,,,,,,,,,0.0,0.0,0.0,0.0,0
32.1,18.3013,-29.0375,328.0232,0.0002,0.0002,328.0232,,,,,,,,,,,,0.0,0.0,0.0,0.0,0
32.12,18.35,-29.0482,327.9666,0.0002,0.0002,327.9666,,,,,,,,,,,,0.0,0.0,0.0,0.0,0
32.14,18.35,-29.0482,327.9666,0.0002,0.0002,327.9666,,,,,,,,,,,,0.0,0.0,0.0,0.0,0
32.16,18.35,-29.0482,327.9666,0.0002,0.0002,327.9666,,,,,,,,,,,,0.0,0.0,0.0,0.0,0
32.18,18.35,-29.0482,327.9666,0.0002,0.0002,327.9666,,,,,,,,,,,,0.0,0.0,0.0,0.0,0
32.2,18.3643,-29.053,328.0006,0.0002,0.0002,328.0006,,,,,,,,,,,,0.0,0.0,0.0,0.0,0
32.22,18.3643,-29.053,328.0006,0.0002,0.0002,328.0006,,,,,,,,,,,,0.0,0.0,0.0,0.0,0
32.24,18.3643,-29.053,328.0006,0.0002,0.0002,328.0006,,,,,,,,,,,,0.0,0.0,0.0,0.0,0
32.26,18.3643,-29.053,328.0006,0.0002,0.0002,328.0006,,,,,,,,,,,,0.0,0.0,0.0,0.0,0
32.28,18.3643,-29.053,328.0006,0.0002,0.0002,328.0006,,,,,,,,,,,,0.0,0.0,0.0,0.0,0
32.3,18.3643,-29.053,328.0006,0.0002,0.0002,328.0006,,,,,,,,,,,,0.0,0.0,0.0,0.0,0
32.32,18.3946,-29.0619,327.9745,0.0002,0.0002,327.9745,,,,,,,,,,,,0.0,0.0,0.0,0.0,0
32.34,18.3946,-29.0619,327.9745,0.0002,0.0002,327.9745,,,,,,,,,,,,0.0,0.0,0.0,0.0,0
32.36,18.3946,-29.0619,327.9745,0.0002,0.0002,327.9745,,,,,,,,,,,,0.0,0.0,0.0,0.0,0
32.38,18.3946,-29.0619,327.9745,0.0002,0.0002,327.9745,,,,,,,,,,,,0.0,0.0,0.0,0.0,0
32.4,18.4392,-29.0753,327.9873,0.0002,0.0002,327.9873,,,,,,,,,,,,0.0,0.0,0.0,0.0,0
32.42,18.4392,-29.0753,327.9873,0.0002,0.0002,327.9873,,,,,,,,,,,,0.0,0.0,0.0,0.0,0
32.44,18.4392,-29.0753,327.9873,0.0002,0.0002,327.9873,,,,,,,,,,,,0.0,0.0,0.0,0.0,0
32.46,18.4392,-29.0753,327.9873,0.0002,0.0002,327.9873,,,,,,,,,,,,0.0,0.0,0.0,0.0,0
32.48,18.4392,-29.0753,327.9873,0.0002,0.0002,327.9873,,,,,,,,,,,,0.0,0.0,0.0,0.0,0
32.5,18.4392,-29.0753,327.9873,0.0002,0.0002,327.9873,,,,,,,,,,,,0.0,0.0,0.0,0.0,0
32.52,18.4479,-29.0781,327.9768,0.0002,0.0002,327.9768,,,,,,,,,,,,0.0,0.0,0.0,0.0,0
32.54,18.4479,-29.0781,327.9768,0.0002,0.0002,327.9768,,,,,,,,,,,,0.0,0.0,0.0,0.0,0
32.56,18.4479,-29.0781,327.9768,0.0002,0.0002,327.9768,,,,,,,,,,,,0.0,0.0,0.0,0.0,0
32.58,18.4479,-29.0781,327.9768,0.0002,0.0002,327.9768,,,,,,,,,,,,0.0,0.0,0.0,0.0,0
32.6,18.4693,-29.0839,327.9793,0.0002,0.0002,327.9793,,,,,,,,,,,,0.0,0.0,0.0,0.0,0
32.62,18.4693,-29.0839,327.9793,0.0002,0.0002,327.9793,,,,,,,,,,,,0.0,0.0,0.0,0.0,0
32.64,18.4693,-29.0839,327.9793,0.0002,0.0002,327.9793,,,,,,,,,,,,0.0,0.0,0.0,0.0,0
32.66,18.4693,-29.0839,327.9793,0.0002,0.0002,327.9793,,,,,,,,,,,,0.0,0.0,0.0,0.0,0
32.68,18.4693,-29.0839,327.9793,0.0002,0.0002,327.9793,,,,,,,,,,,,0.0,0.0,0.0,0.0,0
32.7,18.4693,-29.0839,327.9793,0.0002,0.0002,327.9793,,,,,,,,,,,,0.0,0.0,0.0,0.0,0
32.72,18.4828,-29.0884,327.9798,0.0002,0.0002,327.9797,,,,,,,,,,,,0.0,0.0,0.0,0.0,0
32.74,18.4828,-29.0884,327.9798,0.0002,0.0002,327.9797,,,,,,,,,,,,0.0,0.0,0.0,0.0,0
32.76,18.4828,-29.0884,327.9798,0.0002,0.0002,327.9797,,,,,,,,,,,,0.0,0.0,0.0,0.0,0
32.78,18.4828,-29.0884,327.9798,0.0002,0.0002,327.9797,,,,,,,,,,,,0.0,0.0,0.0,0.0,0
32.8,18.5168,-29.0927,327.9609,0.0002,0.0002,327.9609,,,,,,,,,,,,0.0,0.0,0.0,0.0,0
32.82,18.5168,-29.0927,327.9609,0.0002,0.0002,327.9609,,,,,,,,,,,,0.0,0.0,0.0,0.0,0
32.84,18.5168,-29.0927,327.9609,0.0002,0.0002,327.9609,,,,,,,,,,,,0.0,0.0,0.0,0.0,0
32.86,18.5168,-29.0927,327.9609,0.0002,0.0002,327.9609,,,,,,,,,,,,0.0,0.0,0.0,0.0,0
32.88,18.5168,-29.0927,327.9609,0.0002,0.0002,327.9609,,,,,,,,,,,,0.0,0.0,0.0,0.0,0
32.9,18.5168,-29.0927,327.9609,0.0002,0.0002,327.9609,,,,,,,,,,,,0.0,0.0,0.0,0.0,0
32.92,18.5229,-29.0932,327.9716,0.0002,0.0002,327.9716,,,,,,,,,,,,0.0,0.0,0.0,0.0,0
32.94,18.5229,-29.0932,327.9716,0.0002,0.0002,327.9716,,,,,,,,,,,,0.0,0.0,0.0,0.0,0
32.96,18.5229,-29.0932,327.9716,0.0002,0.0002,327.9716,,,,,,,,,,,,0.0,0.0,0.0,0.0,0
32.98,18.5229,-29.0932,327.9716,0.0002,0.0002,327.9716,,,,,,,,,,,,0.0,0.0,0.0,0.0,0
33.0,18.5649,-29.1021,327.9472,0.0002,0.0002,327.9472,,,,,,,,,,,,0.0,0.0,0.0,0.0,0
33.02,18.5649,-29.1021,327.9472,0.0002,0.0002,327.9472,,,,,,,,,,,,0.0,0.0,0.0,0.0,0
33.04,18.5649,-29.1021,327.9472,0.0002,0.0002,327.9472,,,,,,,,,,,,0.0,0.0,0.0,0.0,0
33.06,18.5649,-29.1021,327.9472,0.0002,0.0002,327.9472,,,,,,,,,,,,0.0,0.0,0.0,0.0,0
33.08,18.5649,-29.1021,327.9472,0.0002,0.0002,327.9472,,,,,,,,,,,,0.0,0.0,0.0,0.0,0
33.1,18.5649,-29.1021,327.9472,0.0002,0.0002,327.9472,,,,,,,,,,,,0.0,0.0,0.0,0.0,0
33.12,18.5678,-29.0982,327.968,0.0002,0.0002,327.968,,,,,,,,,,,,0.0,0.0,0.0,0.0,0
33.14,18.5678,-29.0982,327.968,0.0002,0.0002,327.968,,,,,,,,,,,,0.0,0.0,0.0,0.0,0
33.16,18.5678,-29.0982,327.968,0.0002,0.0002,327.968,,,,,,,,,,,,0.0,0.0,0.0,0.0,0
33.18,18.5678,-29.0982,327.968,0.0002,0.0002,327.968,,,,,,,,,,,,0.0,0.0,0.0,0.0,0
33.2,18.5972,-29.103,327.9423,0.0002,0.0002,327.9423,,,,,,,,,,,,0.0,0.0,0.0,0.0,0
33.22,18.5972,-29.103,327.9423,0.0002,0.0002,327.9423,,,,,,,,,,,,0.0,0.0,0.0,0.0,0
33.24,18.5972,-29.103,327.9423,0.0002,0.0002,327.9423,,,,,,,,,,,,0.0,0.0,0.0,0.0,0
33.26,18.5972,-29.103,327.9423,0.0002,0.0002,327.9423,,,,,,,,,,,,0.0,0.0,0.0,0.0,0
33.28,18.5972,-29.103,327.9423,0.0002,0.0002,327.9423,,,,,,,,,,,,0.0,0.0,0.0,0.0,0
33.3,18.5972,-29.103,327.9423,0.0002,0.0002,327.9423,,,,,,,,,,,,0.0,0.0,0.0,0.0,0
33.32,18.6087,-29.1035,327.9563,0.0002,0.0002,327.9563,,,,,,,,,,,,0.0,0.0,0.0,0.0,0
33.34,18.6087,-29.1035,327.9563,0.0002,0.0002,327.9563,,,,,,,,,,,,0.0,0.0,0.0,0.0,0
33.36,18.6087,-29.1035,327.9563,0.0002,0.0002,327.9563,,,,,,,,,,,,0.0,0.0,0.0,0.0,0
33.38,18.6087,-29.1035,327.9563,0.0002,0.0002,327.9563,,,,,,,,,,,,0.0,0.0,0.0,0.0,0
33.4,18.6364,-29.1126,327.9348,0.0002,0.0002,327.9348,,,,,,,,,,,,0.0,0.0,0.0,0.0,0
33.42,18.6364,-29.1126,327.9348,0.0002,0.0002,327.9348,,,,,,,,,,,,0.0,0.0,0.0,0.0,0
33.44,18.6364,-29.1126,327.9348,0.0002,0.0002,327.9348,,,,,,,,,,,,0.0,0.0,0.0,0.0,0
33.46,18.6364,-29.1126,327.9348,0.0002,0.0002,327.9348,,,,,,,,,,,,0.0,0.0,0.0,0.0,0
33.48,18.6364,-29.1126,327.9348,0.0002,0.0002,327.9348,,,,,,,,,,,,0.0,0.0,0.0,0.0,0
33.5,18.6364,-29.1126,327.9348,0.0002,0.0002,327.9348,,,,,,,,,,,,0.0,0.0,0.0,0.0,0
33.52,18.6477,-29.1121,327.9526,0.0002,0.0002,327.9526,,,,,,,,,,,,0.0,0.0,0.0,0.0,0
33.54,18.6477,-29.1121,327.9526,0.0002,0.0002,327.9526,,,,,,,,,,,,0.0,0.0,0.0,0.0,0
33.56,18.6477,-29.1121,327.9526,0.0002,0.0002,327.9526,,,,,,,,,,,,0.0,0.0,0.0,0.0,0
33.58,18.6477,-29.1121,327.9526,0.0002,0.0002,327.9526,,,,,,,,,,,,0.0,0.0,0.0,0.0,0
33.6,18.6773,-29.121,327.9294,0.0002,0.0002,327.9294,,,,,,,,,,,,0.0,0.0,0.0,0.0,0
33.62,18.6773,-29.121,327.9294,0.0002,0.0002,327.9294,,,,,,,,,,,,0.0,0.0,0.0,0.0,0
33.64,18.6773,-29.121,327.9294,0.0002,0.0002,327.9294,,,,,,,,,,,,0.0,0.0,0.0,0.0,0
33.66,18.6773,-29.121,327.9294,0.0002,0.0002,327.9294,,,,,,,,,,,,0.0,0.0,0.0,0.0,0
33.68,18.6773,-29.121,327.9294,0.0002,0.0002,327.9294,,,,,,,,,,,,0.0,0.0,0.0,0.0,0
33.7,18.6773,-29.121,327.9294,0.0002,0.0002,327.9294,,,,,,,,,,,,0.0,0.0,0.0,0.0,0
33.72,18.6905,-29.1242,327.9416,0.0002,0.0002,327.9416,,,,,,,,,,,,0.0,0.0,0.0,0.0,0
33.74,18.6905,-29.1242,327.9416,0.0002,0.0002,327.9416,,,,,,,,,,,,0.0,0.0,0.0,0.0,0
33.76,18.6905,-29.1242,327.9416,0.0002,0.0002,327.9416,,,,,,,,,,,,0.0,0.0,0.0,0.0,0
33.78,18.6905,-29.1242,327.9416,0.0002,0.0002,327.9416,,,,,,,,,,,,0.0,0.0,0.0,0.0,0
33.8,18.7055,-29.1244,327.9268,0.0002,0.0002,327.9268,,,,,,,,,,,,0.0,0.0,0.0,0.0,0
33.82,18.7055,-29.1244,327.9268,0.0002,0.0002,327.9268,,,,,,,,,,,,0.0,0.0,0.0,0.0,0
33.84,18.7055,-29.1244,327.9268,0.0002,0.0002,327.9268,,,,,,,,,,,,0.0,0.0,0.0,0.0,0
33.86,18.7055,-29.1244,327.9268,0.0002,0.0002,327.9268,,,,,,,,,,,,0.0,0.0,0.0,0.0,0
33.88,18.7055,-29.1244,327.9268,0.0002,0.0002,327.9268,,,,,,,,,,,,0.0,0.0,0.0,0.0,0
33.9,18.7055,-29.1244,327.9268,0.0002,0.0002,327.9268,,,,,,,,,,,,0.0,0.0,0.0,0.0,0
33.92,18.7258,-29.1279,327.9288,0.0002,0.0002,327.9288,,,,,,,,,,,,0.0,0.0,0.0,0.0,0
33.94,18.7258,-29.1279,327.9288,0.0002,0.0002,327.9288,,,,,,,,,,,,0.0,0.0,0.0,0.0,0
33.96,18.7258,-29.1279,327.9288,0.0002,0.0002,327.9288,,,,,,,,,,,,0.0,0.0,0.0,0.0,0
33.98,18.7258,-29.1279,327.9288,0.0002,0.0002,327.9288,,,,,,,,,,,,0.0,0.0,0.0,0.0,0
34.0,18.7524,-29.1341,327.9206,0.0002,0.0002,327.9206,,,,,,,,,,,,0.0,0.0,0.0,0.0,0
34.02,18.7524,-29.1341,327.9206,0.0002,0.0002,327.9206,,,,,,,,,,,,0.0,0.0,0.0,0.0,0
34.04,18.7524,-29.1341,327.9206,0.0002,0.0002,327.9206,,,,,,,,,,,,0.0,0.0,0.0,0.0,0
34.06,18.7524,-29.1341,327.9206,0.0002,0.0002,327.9206,,,,,,,,,,,,0.0,0.0,0.0,0.0,0
34.08,18.7524,-29.1341,327.9206,0.0002,0.0002,327.9206,,,,,,,,,,,,0.0,0.0,0.0,0.0,0
34.1,18.7524,-29.1341,327.9206,0.0002,0.0002,327.9206,,,,,,,,,,,,0.0,0.0,0.0,0.0,0
34.12,18.7788,-29.1408,327.9182,0.0002,0.0002,327.9182,,,,,,,,,,,,0.0,0.0,0.0,0.0,0
34.14,18.7788,-29.1408,327.9182,0.0002,0.0002,327.9182,,,,,,,,,,,,0.0,0.0,0.0,0.0,0
34.16,18.7788,-29.1408,327.9182,0.0002,0.0002,327.9182,,,,,,,,,,,,0.0,0.0,0.0,0.0,0
34.18,18.7788,-29.1408,327.9182,0.0002,0.0002,327.9182,,,,,,,,,,,,0.0,0.0,0.0,0.0,0
34.2,18.7919,-29.1439,327.915,0.0002,0.0002,327.915,,,,,,,,,,,,0.0,0.0,0.0,0.0,0
34.22,18.7919,-29.1439,327.915,0.0002,0.0002,327.915,,,,,,,,,,,,0.0,0.0,0.0,0.0,0
34.24,18.7919,-29.1439,327.915,0.0002,0.0002,327.915,,,,,,,,,,,,0.0,0.0,0.0,0.0,0
34.26,18.7919,-29.1439,327.915,0.0002,0.0002,327.915,,,,,,,,,,,,0.0,0.0,0.0,0.0,0
34.28,18.7919,-29.1439,327.915,0.0002,0.0002,327.915,,,,,,,,,,,,0.0,0.0,0.0,0.0,0
34.3,18.7919,-29.1439,327.915,0.0002,0.0002,327.915,,,,,,,,,,,,0.0,0.0,0.0,0.0,0
34.32,18.8154,-29.147,327.9037,0.0002,0.0002,327.9037,,,,,,,,,,,,0.0,0.0,0.0,0.0,0
34.34,18.8154,-29.147,327.9037,0.0002,0.0002,327.9037,,,,,,,,,,,,0.0,0.0,0.0,0.0,0
34.36,18.8154,-29.147,327.9037,0.0002,0.0002,327.9037,,,,,,,,,,,,0.0,0.0,0.0,0.0,0
34.38,18.8154,-29.147,327.9037,0.0002,0.0002,327.9037,,,,,,,,,,,,0.0,0.0,0.0,0.0,0
34.4,18.8259,-29.147,327.8995,0.0002,0.0002,327.8995,,,,,,,,,,,,0.0,0.0,0.0,0.0,0
34.42,18.8259,-29.147,327.8995,0.0002,0.0002,327.8995,,,,,,,,,,,,0.0,0.0,0.0,0.0,0
34.44,18.8259,-29.147,327.8995,0.0002,0.0002,327.8995,,,,,,,,,,,,0.0,0.0,0.0,0.0,0
34.46,18.8259,-29.147,327.8995,0.0002,0.0002,327.8995,,,,,,,,,,,,0.0,0.0,0.0,0.0,0
34.48,18.8259,-29.147,327.8995,0.0002,0.0002,327.8995,,,,,,,,,,,,0.0,0.0,0.0,0.0,0
34.5,18.8259,-29.147,327.8995,0.0002,0.0002,327.8995,,,,,,,,,,,,0.0,0.0,0.0,0.0,0
34.52,18.8476,-29.151,327.8876,0.0002,0.0002,327.8876,,,,,,,,,,,,0.0,0.0,0.0,0.0,0
34.54,18.8476,-29.151,327.8876,0.0002,0.0002,327.8876,,,,,,,,,,,,0.0,0.0,0.0,0.0,0
34.56,18.8476,-29.151,327.8876,0.0002,0.0002,327.8876,,,,,,,,,,,,0.0,0.0,0.0,0.0,0
34.58,18.8476,-29.151,327.8876,0.0002,0.0002,327.8876,,,,,,,,,,,,0.0,0.0,0.0,0.0,0
34.6,18.8572,-29.1503,327.8898,0.0002,0.0002,327.8898,,,,,,,,,,,,0.0,0.0,0.0,0.0,0
34.62,18.8572,-29.1503,327.8898,0.0002,0.0002,327.8898,,,,,,,,,,,,0.0,0.0,0.0,0.0,0
34.64,18.8572,-29.1503,327.8898,0.0002,0.0002,327.8898,,,,,,,,,,,,0.0,0.0,0.0,0.0,0
34.66,18.8572,-29.1503,327.8898,0.0002,0.0002,327.8898,,,,,,,,,,,,0.0,0.0,0.0,0.0,0
34.68,18.8572,-29.1503,327.8898,0.0002,0.0002,327.8898,,,,,,,,,,,,0.0,0.0,0.0,0.0,0
34.7,18.8572,-29.1503,327.8898,0.0002,0.0002,327.8898,,,,,,,,,,,,0.0,0.0,0.0,0.0,0
34.72,18.8784,-29.1531,327.8701,0.0002,0.0002,327.8701,,,,,,,,,,,,0.0,0.0,0.0,0.0,0
34.74,18.8784,-29.1531,327.8701,0.0002,0.0002,327.8701,,,,,,,,,,,,0.0,0.0,0.0,0.0,0
34.76,18.8784,-29.1531,327.8701,0.0002,0.0002,327.8701,,,,,,,,,,,,0.0,0.0,0.0,0.0,0
34.78,18.8784,-29.1531,327.8701,0.0002,0.0002,327.8701,,,,,,,,,,,,0.0,0.0,0.0,0.0,0
34.8,18.8895,-29.1518,327.8701,0.0002,0.0002,327.8701,,,,,,,,,,,,0.0,0.0,0.0,0.0,0
34.82,18.8895,-29.1518,327.8701,0.0002,0.0002,327.8701,,,,,,,,,,,,0.0,0.0,0.0,0.0,0
34.84,18.8895,-29.1518,327.8701,0.0002,0.0002,327.8701,,,,,,,,,,,,0.0,0.0,0.0,0.0,0
34.86,18.8895,-29.1518,327.8701,0.0002,0.0002,327.8701,,,,,,,,,,,,0.0,0.0,0.0,0.0,0
34.88,18.8895,-29.1518,327.8701,0.0002,0.0002,327.8701,,,,,,,,,,,,0.0,0.0,0.0,0.0,0
34.9,18.8895,-29.1518,327.8701,0.0002,0.0002,327.8701,,,,,,,,,,,,0.0,0.0,0.0,0.0,0
34.92,18.909,-29.1581,327.8524,0.0002,0.0002,327.8524,,,,,,,,,,,,0.0,0.0,0.0,0.0,0
34.94,18.909,-29.1581,327.8524,0.0002,0.0002,327.8524,,,,,,,,,,,,0.0,0.0,0.0,0.0,0
34.96,18.909,-29.1581,327.8524,0.0002,0.0002,327.8524,,,,,,,,,,,,0.0,0.0,0.0,0.0,0
34.98,18.909,-29.1581,327.8524,0.0002,0.0002,327.8524,,,,,,,,,,,,0.0,0.0,0.0,0.0,0
35.0,18.9196,-29.159,327.8532,0.0002,0.0002,327.8532,,,,,,,,,,,,0.0,0.0,0.0,0.0,0
35.02,18.9196,-29.159,327.8532,0.0002,0.0002,327.8532,,,,,,,,,,,,0.0,0.0,0.0,0.0,0
35.04,18.9196,-29.159,327.8532,0.0002,0.0002,327.8532,,,,,,,,,,,,0.0,0.0,0.0,0.0,0
35.06,18.9196,-29.159,327.8532,0.0002,0.0002,327.8532,,,,,,,,,,,,0.0,0.0,0.0,0.0,0
35.08,18.9196,-29.159,327.8532,0.0002,0.0002,327.8532,,,,,,,,,,,,0.0,0.0,0.0,0.0,0
35.1,18.9196,-29.159,327.8532,0.0002,0.0002,327.8532,,,,,,,,,,,,0.0,0.0,0.0,0.0,0
35.12,18.9476,-29.1668,327.8352,0.0002,0.0002,327.8352,,,,,,,,,,,,0.0,0.0,0.0,0.0,0
35.14,18.9476,-29.1668,327.8352,0.0002,0.0002,327.8352,,,,,,,,,,,,0.0,0.0,0.0,0.0,0
35.16,18.9476,-29.1668,327.8352,0.0002,0.0002,327.8352,,,,,,,,,,,,0.0,0.0,0.0,0.0,0
35.18,18.9476,-29.1668,327.8352,0.0002,0.0002,327.8352,,,,,,,,,,,,0.0,0.0,0.0,0.0,0
35.2,18.965,-29.1665,327.8376,0.0002,0.0002,327.8376,,,,,,,,,,,,0.0,0.0,0.0,0.0,0
35.22,18.965,-29.1665,327.8376,0.0002,0.0002,327.8376,,,,,,,,,,,,0.0,0.0,0.0,0.0,0
35.24,18.965,-29.1665,327.8376,0.0002,0.0002,327.8376,,,,,,,,,,,,0.0,0.0,0.0,0.0,0
35.26,18.965,-29.1665,327.8376,0.0002,0.0002,327.8376,,,,,,,,,,,,0.0,0.0,0.0,0.0,0
35.28,18.965,-29.1665,327.8376,0.0002,0.0002,327.8376,,,,,,,,,,,,0.0,0.0,0.0,0.0,0
35.3,18.965,-29.1665,327.8376,0.0002,0.0002,327.8376,,,,,,,,,,,,0.0,0.0,0.0,0.0,0
35.32,18.9921,-29.173,327.8161,0.0002,0.0002,327.8161,,,,,,,,,,,,0.0,0.0,0.0,0.0,0
35.34,18.9921,-29.173,327.8161,0.0002,0.0002,327.8161,,,,,,,,,,,,0.0,0.0,0.0,0.0,0
35.36,18.9921,-29.173,327.8161,0.0002,0.0002,327.8161,,,,,,,,,,,,0.0,0.0,0.0,0.0,0
35.38,18.9921,-29.173,327.8161,0.0002,0.0002,327.8161,,,,,,,,,,,,0.0,0.0,0.0,0.0,0
35.4,19.005,-29.1736,327.8163,0.0002,0.0002,327.8163,,,,,,,,,,,,0.0,0.0,0.0,0.0,0
35.42,19.005,-29.1736,327.8163,0.0002,0.0002,327.8163,,,,,,,,,,,,0.0,0.0,0.0,0.0,0
35.44,19.005,-29.1736,327.8163,0.0002,0.0002,327.8163,,,,,,,,,,,,0.0,0.0,0.0,0.0,0
35.46,19.005,-29.1736,327.8163,0.0002,0.0002,327.8163,,,,,,,,,,,,0.0,0.0,0.0,0.0,0
35.48,19.005,-29.1736,327.8163,0.0002,0.0002,327.8163,,,,,,,,,,,,0.0,0.0,0.0,0.0,0
35.5,19.005,-29.1736,327.8163,0.0002,0.0002,327.8163,,,,,,,,,,,,0.0,0.0,0.0,0.0,0
35.52,19.0229,-29.1736,327.7971,0.0002,0.0002,327.7971,,,,,,,,,,,,0.0,0.0,0.0,0.0,0
35.54,19.0229,-29.1736,327.7971,0.0002,0.0002,327.7971,,,,,,,,,,,,0.0,0.0,0.0,0.0,0
35.56,19.0229,-29.1736,327.7971,0.0002,0.0002,327.7971,,,,,,,,,,,,0.0,0.0,0.0,0.0,0
35.58,19.0229,-29.1736,327.7971,0.0002,0.0002,327.7971,,,,,,,,,,,,0.0,0.0,0.0,0.0,0
35.6,19.0406,-29.1784,327.7991,0.0002,0.0002,327.7991,,,,,,,,,,,,0.0,0.0,0.0,0.0,0
35.62,19.0406,-29.1784,327.7991,0.0002,0.0002,327.7991,,,,,,,,,,,,0.0,0.0,0.0,0.0,0
35.64,19.0406,-29.1784,327.7991,0.0002,0.0002,327.7991,,,,,,,,,,,,0.0,0.0,0.0,0.0,0
35.66,19.0406,-29.1784,327.7991,0.0002,0.0002,327.7991,,,,,,,,,,,,0.0,0.0,0.0,0.0,0
35.68,19.0406,-29.1784,327.7991,0.0002,0.0002,327.7991,,,,,,,,,,,,0.0,0.0,0.0,0.0,0
35.7,19.0406,-29.1784,327.7991,0.0002,0.0002,327.7991,,,,,,,,,,,,0.0,0.0,0.0,0.0,0
35.72,19.0588,-29.1809,327.7825,0.0002,0.0002,327.7825,,,,,,,,,,,,0.0,0.0,0.0,0.0,0
35.74,19.0588,-29.1809,327.7825,0.0002,0.0002,327.7825,,,,,,,,,,,,0.0,0.0,0.0,0.0,0
35.76,19.0588,-29.1809,327.7825,0.0002,0.0002,327.7825,,,,,,,,,,,,0.0,0.0,0.0,0.0,0
35.78,19.0588,-29.1809,327.7825,0.0002,0.0002,327.7825,,,,,,,,,,,,0.0,0.0,0.0,0.0,0
35.8,19.0709,-29.1874,327.7798,0.0002,0.0002,327.7799,,,,,,,,,,,,0.0,0.0,0.0,0.0,0
35.82,19.0709,-29.1874,327.7798,0.0002,0.0002,327.7799,,,,,,,,,,,,0.0,0.0,0.0,0.0,0
35.84,19.0709,-29.1874,327.7798,0.0002,0.0002,327.7799,,,,,,,,,,,,0.0,0.0,0.0,0.0,0
35.86,19.0709,-29.1874,327.7798,0.0002,0.0002,327.7799,,,,,,,,,,,,0.0,0.0,0.0,0.0,0
35.88,19.0709,-29.1874,327.7798,0.0002,0.0002,327.7799,,,,,,,,,,,,0.0,0.0,0.0,0.0,0
35.9,19.0709,-29.1874,327.7798,0.0002,0.0002,327.7799,,,,,,,,,,,,0.0,0.0,0.0,0.0,0
35.92,19.0853,-29.1901,327.7663,0.0002,0.0002,327.7663,,,,,,,,,,,,0.0,0.0,0.0,0.0,0
35.94,19.0853,-29.1901,327.7663,0.0002,0.0002,327.7663,,,,,,,,,,,,0.0,0.0,0.0,0.0,0
35.96,19.0853,-29.1901,327.7663,0.0002,0.0002,327.7663,,,,,,,,,,,,0.0,0.0,0.0,0.0,0
35.98,19.0853,-29.1901,327.7663,0.0002,0.0002,327.7663,,,,,,,,,,,,0.0,0.0,0.0,0.0,0
36.0,19.1055,-29.1931,327.7537,0.0002,0.0002,327.7537,,,,,,,,,,,,0.0,0.0,0.0,0.0,0
36.02,19.1055,-29.1931,327.7537,0.0002,0.0002,327.7537,,,,,,,,,,,,0.0,0.0,0.0,0.0,0
36.04,19.1055,-29.1931,327.7537,0.0002,0.0002,327.7537,,,,,,,,,,,,0.0,0.0,0.0,0.0,0
36.06,19.1055,-29.1931,327.7537,0.0002,0.0002,327.7537,,,,,,,,,,,,0.0,0.0,0.0,0.0,0
36.08,19.1055,-29.1931,327.7537,0.0002,0.0002,327.7537,,,,,,,,,,,,0.0,0.0,0.0,0.0,0
36.1,19.1055,-29.1931,327.7537,0.0002,0.0002,327.7537,,,,,,,,,,,,0.0,0.0,0.0,0.0,0
36.12,19.1214,-29.1928,327.7448,0.0002,0.0002,327.7448,,,,,,,,,,,,0.0,0.0,0.0,0.0,0
36.14,19.1214,-29.1928,327.7448,0.0002,0.0002,327.7448,,,,,,,,,,,,0.0,0.0,0.0,0.0,0
36.16,19.1214,-29.1928,327.7448,0.0002,0.0002,327.7448,,,,,,,,,,,,0.0,0.0,0.0,0.0,0
36.18,19.1214,-29.1928,327.7448,0.0002,0.0002,327.7448,,,,,,,,,,,,0.0,0.0,0.0,0.0,0
36.2,19.1452,-29.1955,327.7288,0.0002,0.0002,327.7288,,,,,,,,,,,,0.0,0.0,0.0,0.0,0
36.22,19.1452,-29.1955,327.7288,0.0002,0.0002,327.7288,,,,,,,,,,,,0.0,0.0,0.0,0.0,0
36.24,19.1452,-29.1955,327.7288,0.0002,0.0002,327.7288,,,,,,,,,,,,0.0,0.0,0.0,0.0,0
36.26,19.1452,-29.1955,327.7288,0.0002,0.0002,327.7288,,,,,,,,,,,,0.0,0.0,0.0,0.0,0
36.28,19.1452,-29.1955,327.7288,0.0002,0.0002,327.7288,,,,,,,,,,,,0.0,0.0,0.0,0.0,0
36.3,19.1452,-29.1955,327.7288,0.0002,0.0002,327.7288,,,,,,,,,,,,0.0,0.0,0.0,0.0,0
36.32,19.1603,-29.2006,327.7183,0.0002,0.0002,327.7183,,,,,,,,,,,,0.0,0.0,0.0,0.0,0
36.34,19.1603,-29.2006,327.7183,0.0002,0.0002,327.7183,,,,,,,,,,,,0.0,0.0,0.0,0.0,0
36.36,19.1603,-29.2006,327.7183,0.0002,0.0002,327.7183,,,,,,,,,,,,0.0,0.0,0.0,0.0,0
36.38,19.1603,-29.2006,327.7183,0.0002,0.0002,327.7183,,,,,,,,,,,,0.0,0.0,0.0,0.0,0
36.4,19.1814,-29.2009,327.7012,0.0002,0.0002,327.7012,,,,,,,,,,,,0.0,0.0,0.0,0.0,0
36.42,19.1814,-29.2009,327.7012,0.0002,0.0002,327.7012,,,,,,,,,,,,0.0,0.0,0.0,0.0,0
36.44,19.1814,-29.2009,327.7012,0.0002,0.0002,327.7012,,,,,,,,,,,,0.0,0.0,0.0,0.0,0
36.46,19.1814,-29.2009,327.7012,0.0002,0.0002,327.7012,,,,,,,,,,,,0.0,0.0,0.0,0.0,0
36.48,19.1814,-29.2009,327.7012,0.0002,0.0002,327.7012,,,,,,,,,,,,0.0,0.0,0.0,0.0,0
36.5,19.1814,-29.2009,327.7012,0.0002,0.0002,327.7012,,,,,,,,,,,,0.0,0.0,0.0,0.0,0
36.52,19.1916,-29.205,327.6935,0.0002,0.0002,327.6935,,,,,,,,,,,,0.0,0.0,0.0,0.0,0
36.54,19.1916,-29.205,327.6935,0.0002,0.0002,327.6935,,,,,,,,,,,,0.0,0.0,0.0,0.0,0
36.56,19.1916,-29.205,327.6935,0.0002,0.0002,327.6935,,,,,,,,,,,,0.0,0.0,0.0,0.0,0
36.58,19.1916,-29.205,327.6935,0.0002,0.0002,327.6935,,,,,,,,,,,,0.0,0.0,0.0,0.0,0
36.6,19.2056,-29.2086,327.6765,0.0002,0.0002,327.6765,,,,,,,,,,,,0.0,0.0,0.0,0.0,0
36.62,19.2056,-29.2086,327.6765,0.0002,0.0002,327.6765,,,,,,,,,,,,0.0,0.0,0.0,0.0,0
36.64,19.2056,-29.2086,327.6765,0.0002,0.0002,327.6765,,,,,,,,,,,,0.0,0.0,0.0,0.0,0
36.66,19.2056,-29.2086,327.6765,0.0002,0.0002,327.6765,,,,,,,,,,,,0.0,0.0,0.0,0.0,0
36.68,19.2056,-29.2086,327.6765,0.0002,0.0002,327.6765,,,,,,,,,,,,0.0,0.0,0.0,0.0,0
36.7,19.2056,-29.2086,327.6765,0.0002,0.0002,327.6765,,,,,,,,,,,,0.0,0.0,0.0,0.0,0
36.72,19.2125,-29.2089,327.6746,0.0002,0.0002,327.6746,,,,,,,,,,,,0.0,0.0,0.0,0.0,0
36.74,19.2125,-29.2089,327.6746,0.0002,0.0002,327.6746,,,,,,,,,,,,0.0,0.0,0.0,0.0,0
36.76,19.2125,-29.2089,327.6746,0.0002,0.0002,327.6746,,,,,,,,,,,,0.0,0.0,0.0,0.0,0
36.78,19.2125,-29.2089,327.6746,0.0002,0.0002,327.6746,,,,,,,,,,,,0.0,0.0,0.0,0.0,0
36.8,19.234,-29.2161,327.6538,0.0002,0.0002,327.6538,,,,,,,,,,,,0.0,0.0,0.0,0.0,0
36.82,19.234,-29.2161,327.6538,0.0002,0.0002,327.6538,,,,,,,,,,,,0.0,0.0,0.0,0.0,0
36.84,19.234,-29.2161,327.6538,0.0002,0.0002,327.6538,,,,,,,,,,,,0.0,0.0,0.0,0.0,0
36.86,19.234,-29.2161,327.6538,0.0002,0.0002,327.6538,,,,,,,,,,,,0.0,0.0,0.0,0.0,0
36.88,19.234,-29.2161,327.6538,0.0002,0.0002,327.6538,,,,,,,,,,,,0.0,0.0,0.0,0.0,0
36.9,19.234,-29.2161,327.6538,0.0002,0.0002,327.6538,,,,,,,,,,,,0.0,0.0,0.0,0.0,0
36.92,19.2464,-29.2156,327.6473,0.0002,0.0002,327.6473,,,,,,,,,,,,0.0,0.0,0.0,0.0,0
36.94,19.2464,-29.2156,327.6473,0.0002,0.0002,327.6473,,,,,,,,,,,,0.0,0.0,0.0,0.0,0
36.96,19.2464,-29.2156,327.6473,0.0002,0.0002,327.6473,,,,,,,,,,,,0.0,0.0,0.0,0.0,0
36.98,19.2464,-29.2156,327.6473,0.0002,0.0002,327.6473,,,,,,,,,,,,0.0,0.0,0.0,0.0,0
37.0,19.2604,-29.2209,327.6326,0.0002,0.0002,327.6326,,,,,,,,,,,,0.0,0.0,0.0,0.0,0
37.02,19.2604,-29.2209,327.6326,0.0002,0.0002,327.6326,,,,,,,,,,,,0.0,0.0,0.0,0.0,0
37.04,19.2604,-29.2209,327.6326,0.0002,0.0002,327.6326,,,,,,,,,,,,0.0,0.0,0.0,0.0,0
37.06,19.2604,-29.2209,327.6326,0.0002,0.0002,327.6326,,,,,,,,,,,,0.0,0.0,0.0,0.0,0
37.08,19.2604,-29.2209,327.6326,0.0002,0.0002,327.6326,,,,,,,,,,,,0.0,0.0,0.0,0.0,0
37.1,19.2604,-29.2209,327.6326,0.0002,0.0002,327.6326,,,,,,,,,,,,0.0,0.0,0.0,0.0,0
37.12,19.2739,-29.2225,327.6171,0.0002,0.0002,327.6171,,,,,,,,,,,,0.0,0.0,0.0,0.0,0
37.14,19.2739,-29.2225,327.6171,0.0002,0.0002,327.6171,,,,,,,,,,,,0.0,0.0,0.0,0.0,0
37.16,19.2739,-29.2225,327.6171,0.0002,0.0002,327.6171,,,,,,,,,,,,0.0,0.0,0.0,0.0,0
37.18,19.2739,-29.2225,327.6171,0.0002,0.0002,327.6171,,,,,,,,,,,,0.0,0.0,0.0,0.0,0
37.2,19.2816,-29.2238,327.6044,0.0002,0.0002,327.6044,,,,,,,,,,,,0.0,0.0,0.0,0.0,0
37.22,19.2816,-29.2238,327.6044,0.0002,0.0002,327.6044,,,,,,,,,,,,0.0,0.0,0.0,0.0,0
37.24,19.2816,-29.2238,327.6044,0.0002,0.0002,327.6044,,,,,,,,,,,,0.0,0.0,0.0,0.0,0
37.26,19.2816,-29.2238,327.6044,0.0002,0.0002,327.6044,,,,,,,,,,,,0.0,0.0,0.0,0.0,0
37.28,19.2816,-29.2238,327.6044,0.0002,0.0002,327.6044,,,,,,,,,,,,0.0,0.0,0.0,0.0,0
37.3,19.2816,-29.2238,327.6044,0.0002,0.0002,327.6044,,,,,,,,,,,,0.0,0.0,0.0,0.0,0
37.32,19.2973,-29.2273,327.5862,0.0002,0.0002,327.5862,,,,,,,,,,,,0.0,0.0,0.0,0.0,0
37.34,19.2973,-29.2273,327.5862,0.0002,0.0002,327.5862,,,,,,,,,,,,0.0,0.0,0.0,0.0,0
37.36,19.2973,-29.2273,327.5862,0.0002,0.0002,327.5862,,,,,,,,,,,,0.0,0.0,0.0,0.0,0
37.38,19.2973,-29.2273,327.5862,0.0002,0.0002,327.5862,,,,,,,,,,,,0.0,0.0,0.0,0.0,0
37.4,19.3145,-29.2328,327.5709,0.0002,0.0002,327.571,,,,,,,,,,,,0.0,0.0,0.0,0.0,0
37.42,19.3145,-29.2328,327.5709,0.0002,0.0002,327.571,,,,,,,,,,,,0.0,0.0,0.0,0.0,0
37.44,19.3145,-29.2328,327.5709,0.0002,0.0002,327.571,,,,,,,,,,,,0.0,0.0,0.0,0.0,0
37.46,19.3145,-29.2328,327.5709,0.0002,0.0002,327.571,,,,,,,,,,,,0.0,0.0,0.0,0.0,0
37.48,19.3145,-29.2328,327.5709,0.0002,0.0002,327.571,,,,,,,,,,,,0.0,0.0,0.0,0.0,0
37.5,19.3145,-29.2328,327.5709,0.0002,0.0002,327.571,,,,,,,,,,,,0.0,0.0,0.0,0.0,0
37.52,19.3289,-29.2378,327.5567,0.0002,0.0002,327.5567,,,,,,,,,,,,0.0,0.0,0.0,0.0,0
37.54,19.3289,-29.2378,327.5567,0.0002,0.0002,327.5567,,,,,,,,,,,,0.0,0.0,0.0,0.0,0
37.56,19.3289,-29.2378,327.5567,0.0002,0.0002,327.5567,,,,,,,,,,,,0.0,0.0,0.0,0.0,0
37.58,19.3289,-29.2378,327.5567,0.0002,0.0002,327.5567,,,,,,,,,,,,0.0,0.0,0.0,0.0,0
37.6,19.3408,-29.2433,327.5435,0.0002,0.0002,327.5435,,,,,,,,,,,,0.0,0.0,0.0,0.0,0
37.62,19.3408,-29.2433,327.5435,0.0002,0.0002,327.5435,,,,,,,,,,,,0.0,0.0,0.0,0.0,0
37.64,19.3408,-29.2433,327.5435,0.0002,0.0002,327.5435,,,,,,,,,,,,0.0,0.0,0.0,0.0,0
37.66,19.3408,-29.2433,327.5435,0.0002,0.0002,327.5435,,,,,,,,,,,,0.0,0.0,0.0,0.0,0
37.68,19.3408,-29.2433,327.5435,0.0002,0.0002,327.5435,,,,,,,,,,,,0.0,0.0,0.0,0.0,0
37.7,19.3408,-29.2433,327.5435,0.0002,0.0002,327.5435,,,,,,,,,,,,0.0,0.0,0.0,0.0,0
37.72,19.3607,-29.2473,327.5256,0.0002,0.0002,327.5256,,,,,,,,,,,,0.0,0.0,0.0,0.0,0
37.74,19.3607,-29.2473,327.5256,0.0002,0.0002,327.5256,,,,,,,,,,,,0.0,0.0,0.0,0.0,0
37.76,19.3607,-29.2473,327.5256,0.0002,0.0002,327.5256,,,,,,,,,,,,0.0,0.0,0.0,0.0,0
37.78,19.3607,-29.2473,327.5256,0.0002,0.0002,327.5256,,,,,,,,,,,,0.0,0.0,0.0,0.0,0
37.8,19.3703,-29.2498,327.5148,0.0002,0.0002,327.5148,,,,,,,,,,,,0.0,0.0,0.0,0.0,0
37.82,19.3703,-29.2498,327.5148,0.0002,0.0002,327.5148,,,,,,,,,,,,0.0,0.0,0.0,0.0,0
37.84,19.3703,-29.2498,327.5148,0.0002,0.0002,327.5148,,,,,,,,,,,,0.0,0.0,0.0,0.0,0
37.86,19.3703,-29.2498,327.5148,0.0002,0.0002,327.5148,,,,,,,,,,,,0.0,0.0,0.0,0.0,0
37.88,19.3703,-29.2498,327.5148,0.0002,0.0002,327.5148,,,,,,,,,,,,0.0,0.0,0.0,0.0,0
37.9,19.3703,-29.2498,327.5148,0.0002,0.0002,327.5148,,,,,,,,,,,,0.0,0.0,0.0,0.0,0
37.92,19.3858,-29.2569,327.4951,0.0002,0.0002,327.4951,,,,,,,,,,,,0.0,0.0,0.0,0.0,0
37.94,19.3858,-29.2569,327.4951,0.0002,0.0002,327.4951,,,,,,,,,,,,0.0,0.0,0.0,0.0,0
37.96,19.3858,-29.2569,327.4951,0.0002,0.0002,327.4951,,,,,,,,,,,,0.0,0.0,0.0,0.0,0
37.98,19.3858,-29.2569,327.4951,0.0002,0.0002,327.4951,,,,,,,,,,,,0.0,0.0,0.0,0.0,0
38.0,19.3961,-29.2576,327.4815,0.0002,0.0002,327.4815,,,,,,,,,,,,0.0,0.0,0.0,0.0,0
38.02,19.3961,-29.2576,327.4815,0.0002,0.0002,327.4815,,,,,,,,,,,,0.0,0.0,0.0,0.0,0
38.04,19.3961,-29.2576,327.4815,0.0002,0.0002,327.4815,,,,,,,,,,,,0.0,0.0,0.0,0.0,0
38.06,19.3961,-29.2576,327.4815,0.0002,0.0002,327.4815,,,,,,,,,,,,0.0,0.0,0.0,0.0,0
38.08,19.3961,-29.2576,327.4815,0.0002,0.0002,327.4815,,,,,,,,,,,,0.0,0.0,0.0,0.0,0
38.1,19.3961,-29.2576,327.4815,0.0002,0.0002,327.4815,,,,,,,,,,,,0.0,0.0,0.0,0.0,0
38.12,19.4157,-29.2612,327.4593,0.0002,0.0002,327.4593,,,,,,,,,,,,0.0,0.0,0.0,0.0,0
38.14,19.4157,-29.2612,327.4593,0.0002,0.0002,327.4593,,,,,,,,,,,,0.0,0.0,0.0,0.0,0
38.16,19.4157,-29.2612,327.4593,0.0002,0.0002,327.4593,,,,,,,,,,,,0.0,0.0,0.0,0.0,0
38.18,19.4157,-29.2612,327.4593,0.0002,0.0002,327.4593,,,,,,,,,,,,0.0,0.0,0.0,0.0,0
38.2,19.4255,-29.2658,327.4485,0.0002,0.0002,327.4485,,,,,,,,,,,,0.0,0.0,0.0,0.0,0
38.22,19.4255,-29.2658,327.4485,0.0002,0.0002,327.4485,,,,,,,,,,,,0.0,0.0,0.0,0.0,0
38.24,19.4255,-29.2658,327.4485,0.0002,0.0002,327.4485,,,,,,,,,,,,0.0,0.0,0.0,0.0,0
38.26,19.4255,-29.2658,327.4485,0.0002,0.0002,327.4485,,,,,,,,,,,,0.0,0.0,0.0,0.0,0
38.28,19.4255,-29.2658,327.4485,0.0002,0.0002,327.4485,,,,,,,,,,,,0.0,0.0,0.0,0.0,0
38.3,19.4255,-29.2658,327.4485,0.0002,0.0002,327.4485,,,,,,,,,,,,0.0,0.0,0.0,0.0,0
38.32,19.4404,-29.2686,327.4355,0.0002,0.0002,327.4355,,,,,,,,,,,,0.0,0.0,0.0,0.0,0
38.34,19.4404,-29.2686,327.4355,0.0002,0.0002,327.4355,,,,,,,,,,,,0.0,0.0,0.0,0.0,0
38.36,19.4404,-29.2686,327.4355,0.0002,0.0002,327.4355,,,,,,,,,,,,0.0,0.0,0.0,0.0,0
38.38,19.4404,-29.2686,327.4355,0.0002,0.0002,327.4355,,,,,,,,,,,,0.0,0.0,0.0,0.0,0
38.4,19.4571,-29.2725,327.4211,0.0002,0.0002,327.4211,,,,,,,,,,,,0.0,0.0,0.0,0.0,0
38.42,19.4571,-29.2725,327.4211,0.0002,0.0002,327.4211,,,,,,,,,,,,0.0,0.0,0.0,0.0,0
38.44,19.4571,-29.2725,327.4211,0.0002,0.0002,327.4211,,,,,,,,,,,,0.0,0.0,0.0,0.0,0
38.46,19.4571,-29.2725,327.4211,0.0002,0.0002,327.4211,,,,,,,,,,,,0.0,0.0,0.0,0.0,0
38.48,19.4571,-29.2725,327.4211,0.0002,0.0002,327.4211,,,,,,,,,,,,0.0,0.0,0.0,0.0,0
38.5,19.4571,-29.2725,327.4211,0.0002,0.0002,327.4211,,,,,,,,,,,,0.0,0.0,0.0,0.0,0
38.52,19.4719,-29.275,327.4029,0.0002,0.0002,327.4029,,,,,,,,,,,,0.0,0.0,0.0,0.0,0
38.54,19.4719,-29.275,327.4029,0.0002,0.0002,327.4029,,,,,,,,,,,,0.0,0.0,0.0,0.0,0
38.56,19.4719,-29.275,327.4029,0.0002,0.0002,327.4029,,,,,,,,,,,,0.0,0.0,0.0,0.0,0
38.58,19.4719,-29.275,327.4029,0.0002,0.0002,327.4029,,,,,,,,,,,,0.0,0.0,0.0,0.0,0
38.6,19.4901,-29.2812,327.3779,0.0002,0.0002,327.3779,,,,,,,,,,,,0.0,0.0,0.0,0.0,0
38.62,19.4901,-29.2812,327.3779,0.0002,0.0002,327.3779,,,,,,,,,,,,0.0,0.0,0.0,0.0,0
38.64,19.4901,-29.2812,327.3779,0.0002,0.0002,327.3779,,,,,,,,,,,,0.0,0.0,0.0,0.0,0
38.66,19.4901,-29.2812,327.3779,0.0002,0.0002,327.3779,,,,,,,,,,,,0.0,0.0,0.0,0.0,0
38.68,19.4901,-29.2812,327.3779,0.0002,0.0002,327.3779,,,,,,,,,,,,0.0,0.0,0.0,0.0,0
38.7,19.4901,-29.2812,327.3779,0.0002,0.0002,327.3779,,,,,,,,,,,,0.0,0.0,0.0,0.0,0
38.72,19.4996,-29.2835,327.3699,0.0002,0.0002,327.3699,,,,,,,,,,,,0.0,0.0,0.0,0.0,0
38.74,19.4996,-29.2835,327.3699,0.0002,0.0002,327.3699,,,,,,,,,,,,0.0,0.0,0.0,0.0,0
38.76,19.4996,-29.2835,327.3699,0.0002,0.0002,327.3699,,,,,,,,,,,,0.0,0.0,0.0,0.0,0
38.78,19.4996,-29.2835,327.3699,0.0002,0.0002,327.3699,,,,,,,,,,,,0.0,0.0,0.0,0.0,0
38.8,19.5137,-29.2882,327.3516,0.0002,0.0002,327.3516,,,,,,,,,,,,0.0,0.0,0.0,0.0,0
38.82,19.5137,-29.2882,327.3516,0.0002,0.0002,327.3516,,,,,,,,,,,,0.0,0.0,0.0,0.0,0
38.84,19.5137,-29.2882,327.3516,0.0002,0.0002,327.3516,,,,,,,,,,,,0.0,0.0,0.0,0.0,0
38.86,19.5137,-29.2882,327.3516,0.0002,0.0002,327.3516,,,,,,,,,,,,0.0,0.0,0.0,0.0,0
38.88,19.5137,-29.2882,327.3516,0.0002,0.0002,327.3516,,,,,,,,,,,,0.0,0.0,0.0,0.0,0
38.9,19.5137,-29.2882,327.3516,0.0002,0.0002,327.3516,,,,,,,,,,,,0.0,0.0,0.0,0.0,0
38.92,19.5275,-29.2922,327.3366,0.0002,0.0002,327.3366,,,,,,,,,,,,0.0,0.0,0.0,0.0,0
38.94,19.5275,-29.2922,327.3366,0.0002,0.0002,327.3366,,,,,,,,,,,,0.0,0.0,0.0,0.0,0
38.96,19.5275,-29.2922,327.3366,0.0002,0.0002,327.3366,,,,,,,,,,,,0.0,0.0,0.0,0.0,0
38.98,19.5275,-29.2922,327.3366,0.0002,0.0002,327.3366,,,,,,,,,,,,0.0,0.0,0.0,0.0,0
39.0,19.5445,-29.2926,327.3169,0.0002,0.0002,327.3169,,,,,,,,,,,,0.0,0.0,0.0,0.0,0
39.02,19.5445,-29.2926,327.3169,0.0002,0.0002,327.3169,,,,,,,,,,,,0.0,0.0,0.0,0.0,0
39.04,19.5445,-29.2926,327.3169,0.0002,0.0002,327.3169,,,,,,,,,,,,0.0,0.0,0.0,0.0,0
39.06,19.5445,-29.2926,327.3169,0.0002,0.0002,327.3169,,,,,,,,,,,,0.0,0.0,0.0,0.0,0
39.08,19.5445,-29.2926,327.3169,0.0002,0.0002,327.3169,,,,,,,,,,,,0.0,0.0,0.0,0.0,0
39.1,19.5445,-29.2926,327.3169,0.0002,0.0002,327.3169,,,,,,,,,,,,0.0,0.0,0.0,0.0,0
39.12,19.554,-29.2951,327.3049,0.0002,0.0002,327.3049,,,,,,,,,,,,0.0,0.0,0.0,0.0,0
39.14,19.554,-29.2951,327.3049,0.0002,0.0002,327.3049,,,,,,,,,,,,0.0,0.0,0.0,0.0,0
39.16,19.554,-29.2951,327.3049,0.0002,0.0002,327.3049,,,,,,,,,,,,0.0,0.0,0.0,0.0,0
39.18,19.554,-29.2951,327.3049,0.0002,0.0002,327.3049,,,,,,,,,,,,0.0,0.0,0.0,0.0,0
39.2,19.554,-29.2951,327.3049,0.0002,0.0002,327.3049,,,,,,,,,,,,0.0,0.0,0.0,0.0,0
39.22,19.554,-29.2951,327.3049,0.0002,0.0002,327.3049,,,,,,,,,,,,0.0,0.0,0.0,0.0,0
39.24,19.554,-29.2951,327.3049,0.0002,0.0002,327.3049,,,,,,,,,,,,0.0,0.0,0.0,0.0,0
39.26,19.554,-29.2951,327.3049,0.0002,0.0002,327.3049,,,,,,,,,,,,0.0,0.0,0.0,0.0,0
39.28,19.554,-29.2951,327.3049,0.0002,0.0002,327.3049,,,,,,,,,,,,0.0,0.0,0.0,0.0,0
39.3,19.554,-29.2951,327.3049,0.0002,0.0002,327.3049,,,,,,,,,,,,0.0,0.0,0.0,0.0,0
39.32,19.554,-29.2951,327.3049,0.0002,0.0002,327.3049,,,,,,,,,,,,0.0,0.0,0.0,0.0,0
39.34,19.554,-29.2951,327.3049,0.0002,0.0002,327.3049,,,,,,,,,,,,0.0,0.0,0.0,0.0,0
39.36,19.554,-29.2951,327.3049,0.0002,0.0002,327.3049,,,,,,,,,,,,0.0,0.0,0.0,0.0,0
39.38,19.554,-29.2951,327.3049,0.0002,0.0002,327.3049,,,,,,,,,,,,0.0,0.0,0.0,0.0,0
39.4,19.554,-29.2951,327.3049,0.0002,0.0002,327.3049,,,,,,,,,,,,0.0,0.0,0.0,0.0,0
39.42,19.554,-29.2951,327.3049,0.0002,0.0002,327.3049,,,,,,,,,,,,0.0,0.0,0.0,0.0,0
39.44,19.554,-29.2951,327.3049,0.0002,0.0002,327.3049,,,,,,,,,,,,0.0,0.0,0.0,0.0,0
39.46,19.554,-29.2951,327.3049,0.0002,0.0002,327.3049,,,,,,,,,,,,0.0,0.0,0.0,0.0,0
39.48,19.554,-29.2951,327.3049,0.0002,0.0002,327.3049,,,,,,,,,,,,0.0,0.0,0.0,0.0,0
39.5,19.554,-29.2951,327.3049,0.0002,0.0002,327.3049,,,,,,,,,,,,0.0,0.0,0.0,0.0,0
39.52,19.554,-29.2951,327.3049,0.0002,0.0002,327.3049,,,,,,,,,,,,0.0,0.0,0.0,0.0,0
39.54,19.554,-29.2951,327.3049,0.0002,0.0002,327.3049,,,,,,,,,,,,0.0,0.0,0.0,0.0,0
39.56,19.554,-29.2951,327.3049,0.0002,0.0002,327.3049,,,,,,,,,,,,0.0,0.0,0.0,0.0,0
39.58,19.554,-29.2951,327.3049,0.0002,0.0002,327.3049,,,,,,,,,,,,0.0,0.0,0.0,0.0,0
39.6,19.554,-29.2951,327.3049,0.0002,0.0002,327.3049,,,,,,,,,,,,0.0,0.0,0.0,0.0,0
39.62,19.554,-29.2951,327.3049,0.0002,0.0002,327.3049,,,,,,,,,,,,0.0,0.0,0.0,0.0,0
39.64,19.554,-29.2951,327.3049,0.0002,0.0002,327.3049,,,,,,,,,,,,0.0,0.0,0.0,0.0,0
39.66,19.554,-29.2951,327.3049,0.0002,0.0002,327.3049,,,,,,,,,,,,0.0,0.0,0.0,0.0,0
39.68,19.554,-29.2951,327.3049,0.0002,0.0002,327.3049,,,,,,,,,,,,0.0,0.0,0.0,0.0,0
39.7,19.554,-29.2951,327.3049,0.0002,0.0002,327.3049,,,,,,,,,,,,0.0,0.0,0.0,0.0,0
39.72,19.554,-29.2951,327.3049,0.0002,0.0002,327.3049,,,,,,,,,,,,0.0,0.0,0.0,0.0,0
39.74,19.554,-29.2951,327.3049,0.0002,0.0002,327.3049,,,,,,,,,,,,0.0,0.0,0.0,0.0,0
39.76,19.554,-29.2951,327.3049,0.0002,0.0002,327.3049,,,,,,,,,,,,0.0,0.0,0.0,0.0,0
39.78,19.554,-29.2951,327.3049,0.0002,0.0002,327.3049,,,,,,,,,,,,0.0,0.0,0.0,0.0,0
39.8,19.554,-29.2951,327.3049,0.0002,0.0002,327.3049,,,,,,,,,,,,0.0,0.0,0.0,0.0,0
39.82,19.554,-29.2951,327.3049,0.0002,0.0002,327.3049,,,,,,,,,,,,0.0,0.0,0.0,0.0,0
39.84,19.554,-29.2951,327.3049,0.0002,0.0002,327.3049,,,,,,,,,,,,0.0,0.0,0.0,0.0,0
39.86,19.554,-29.2951,327.3049,0.0002,0.0002,327.3049,,,,,,,,,,,,0.0,0.0,0.0,0.0,0
39.88,19.554,-29.2951,327.3049,0.0002,0.0002,327.3049,,,,,,,,,,,,0.0,0.0,0.0,0.0,0
39.9,19.554,-29.2951,327.3049,0.0002,0.0002,327.3049,,,,,,,,,,,,0.0,0.0,0.0,0.0,0
39.92,19.554,-29.2951,327.3049,0.0002,0.0002,327.3049,,,,,,,,,,,,0.0,0.0,0.0,0.0,0
39.94,19.554,-29.2951,327.3049,0.0002,0.0002,327.3049,,,,,,,,,,,,0.0,0.0,0.0,0.0,0
39.96,19.554,-29.2951,327.3049,0.0002,0.0002,327.3049,,,,,,,,,,,,0.0,0.0,0.0,0.0,0
39.98,19.554,-29.2951,327.3049,0.0002,0.0002,327.3049,,,,,,,,,,,,0.0,0.0,0.0,0.0,0
40.0,19.554,-29.2951,327.3049,0.0002,0.0002,327.3049,,,,,,,,,,,,0.0,0.0,0.0,0.0,0
40.02,19.554,-29.2951,327.3049,0.0002,0.0002,327.3049,,,,,,,,,,,,0.0,0.0,0.0,0.0,0
40.04,19.554,-29.2951,327.3049,0.0002,0.0002,327.3049,,,,,,,,,,,,0.0,0.0,0.0,0.0,0
40.06,19.554,-29.2951,327.3049,0.0002,0.0002,327.3049,,,,,,,,,,,,0.0,0.0,0.0,0.0,0
40.08,19.554,-29.2951,327.3049,0.0002,0.0002,327.3049,,,,,,,,,,,,0.0,0.0,0.0,0.0,0
40.1,19.554,-29.2951,327.3049,0.0002,0.0002,327.3049,,,,,,,,,,,,0.0,0.0,0.0,0.0,0
40.12,19.554,-29.2951,327.3049,0.0002,0.0002,327.3049,,,,,,,,,,,,0.0,0.0,0.0,0.0,0
40.14,19.554,-29.2951,327.3049,0.0002,0.0002,327.3049,,,,,,,,,,,,0.0,0.0,0.0,0.0,0
40.16,19.554,-29.2951,327.3049,0.0002,0.0002,327.3049,,,,,,,,,,,,0.0,0.0,0.0,0.0,0
40.18,19.554,-29.2951,327.3049,0.0002,0.0002,327.3049,,,,,,,,,,,,0.0,0.0,0.0,0.0,0
40.2,19.554,-29.2951,327.3049,0.0002,0.0002,327.3049,,,,,,,,,,,,0.0,0.0,0.0,0.0,0
40.22,19.554,-29.2951,327.3049,0.0002,0.0002,327.3049,,,,,,,,,,,,0.0,0.0,0.0,0.0,0
40.24,19.554,-29.2951,327.3049,0.0002,0.0002,327.3049,,,,,,,,,,,,0.0,0.0,0.0,0.0,0
40.26,19.554,-29.2951,327.3049,0.0002,0.0002,327.3049,,,,,,,,,,,,0.0,0.0,0.0,0.0,0
40.28,19.554,-29.2951,327.3049,0.0002,0.0002,327.3049,,,,,,,,,,,,0.0,0.0,0.0,0.0,0
40.3,19.554,-29.2951,327.3049,0.0002,0.0002,327.3049,,,,,,,,,,,,0.0,0.0,0.0,0.0,0
40.32,19.554,-29.2951,327.3049,0.0002,0.0002,327.3049,,,,,,,,,,,,0.0,0.0,0.0,0.0,0
40.34,19.554,-29.2951,327.3049,0.0002,0.0002,327.3049,,,,,,,,,,,,0.0,0.0,0.0,0.0,0
40.36,19.554,-29.2951,327.3049,0.0002,0.0002,327.3049,,,,,,,,,,,,0.0,0.0,0.0,0.0,0
40.38,19.554,-29.2951,327.3049,0.0002,0.0002,327.3049,,,,,,,,,,,,0.0,0.0,0.0,0.0,0
40.4,19.554,-29.2951,327.3049,0.0002,0.0002,327.3049,,,,,,,,,,,,0.0,0.0,0.0,0.0,0
40.42,19.554,-29.2951,327.3049,0.0002,0.0002,327.3049,,,,,,,,,,,,0.0,0.0,0.0,0.0,0
40.44,19.554,-29.2951,327.3049,0.0002,0.0002,327.3049,,,,,,,,,,,,0.0,0.0,0.0,0.0,0
40.46,19.554,-29.2951,327.3049,0.0002,0.0002,327.3049,,,,,,,,,,,,0.0,0.0,0.0,0.0,0
40.48,19.554,-29.2951,327.3049,0.0002,0.0002,327.3049,,,,,,,,,,,,0.0,0.0,0.0,0.0,0
40.5,19.554,-29.2951,327.3049,0.0002,0.0002,327.3049,,,,,,,,,,,,0.0,0.0,0.0,0.0,0
40.52,19.554,-29.2951,327.3049,0.0002,0.0002,327.3049,,,,,,,,,,,,0.0,0.0,0.0,0.0,0
40.54,19.554,-29.2951,327.3049,0.0002,0.0002,327.3049,,,,,,,,,,,,0.0,0.0,0.0,0.0,0
40.56,19.554,-29.2951,327.3049,0.0002,0.0002,327.3049,,,,,,,,,,,,0.0,0.0,0.0,0.0,0
40.58,19.554,-29.2951,327.3049,0.0002,0.0002,327.3049,,,,,,,,,,,,0.0,0.0,0.0,0.0,0
40.6,19.554,-29.2951,327.3049,0.0002,0.0002,327.3049,,,,,,,,,,,,0.0,0.0,0.0,0.0,0
40.62,19.554,-29.2951,327.3049,0.0002,0.0002,327.3049,,,,,,,,,,,,0.0,0.0,0.0,0.0,0
40.64,19.554,-29.2951,327.3049,0.0002,0.0002,327.3049,,,,,,,,,,,,0.0,0.0,0.0,0.0,0
40.66,19.554,-29.2951,327.3049,0.0002,0.0002,327.3049,,,,,,,,,,,,0.0,0.0,0.0,0.0,0
40.68,19.554,-29.2951,327.3049,0.0002,0.0002,327.3049,,,,,,,,,,,,0.0,0.0,0.0,0.0,0
40.7,19.554,-29.2951,327.3049,0.0002,0.0002,327.3049,,,,,,,,,,,,0.0,0.0,0.0,0.0,0
40.72,19.554,-29.2951,327.3049,0.0002,0.0002,327.3049,,,,,,,,,,,,0.0,0.0,0.0,0.0,0
40.74,19.554,-29.2951,327.3049,0.0002,0.0002,327.3049,,,,,,,,,,,,0.0,0.0,0.0,0.0,0
40.76,19.554,-29.2951,327.3049,0.0002,0.0002,327.3049,,,,,,,,,,,,0.0,0.0,0.0,0.0,0
40.78,19.554,-29.2951,327.3049,0.0002,0.0002,327.3049,,,,,,,,,,,,0.0,0.0,0.0,0.0,0
40.8,19.554,-29.2951,327.3049,0.0002,0.0002,327.3049,,,,,,,,,,,,0.0,0.0,0.0,0.0,0
40.82,19.554,-29.2951,327.3049,0.0002,0.0002,327.3049,,,,,,,,,,,,0.0,0.0,0.0,0.0,0
40.84,19.554,-29.2951,327.3049,0.0002,0.0002,327.3049,,,,,,,,,,,,0.0,0.0,0.0,0.0,0
40.86,19.554,-29.2951,327.3049,0.0002,0.0002,327.3049,,,,,,,,,,,,0.0,0.0,0.0,0.0,0
40.88,19.554,-29.2951,327.3049,0.0002,0.0002,327.3049,,,,,,,,,,,,0.0,0.0,0.0,0.0,0
40.9,19.554,-29.2951,327.3049,0.0002,0.0002,327.3049,,,,,,,,,,,,0.0,0.0,0.0,0.0,0
40.92,19.554,-29.2951,327.3049,0.0002,0.0002,327.3049,,,,,,,,,,,,0.0,0.0,0.0,0.0,0
40.94,19.554,-29.2951,327.3049,0.0002,0.0002,327.3049,,,,,,,,,,,,0.0,0.0,0.0,0.0,0
40.96,19.554,-29.2951,327.3049,0.0002,0.0002,327.3049,,,,,,,,,,,,0.0,0.0,0.0,0.0,0
40.98,19.554,-29.2951,327.3049,0.0002,0.0002,327.3049,,,,,,,,,,,,0.0,0.0,0.0,0.0,0
41.0,19.554,-29.2951,327.3049,0.0002,0.0002,327.3049,,,,,,,,,,,,0.0,0.0,0.0,0.0,0
41.02,19.554,-29.2951,327.3049,0.0002,0.0002,327.3049,,,,,,,,,,,,0.0,0.0,0.0,0.0,0
41.04,19.554,-29.2951,327.3049,0.0002,0.0002,327.3049,,,,,,,,,,,,0.0,0.0,0.0,0.0,0
41.06,19.554,-29.2951,327.3049,0.0002,0.0002,327.3049,,,,,,,,,,,,0.0,0.0,0.0,0.0,0
41.08,19.554,-29.2951,327.3049,0.0002,0.0002,327.3049,,,,,,,,,,,,0.0,0.0,0.0,0.0,0
41.1,19.554,-29.2951,327.3049,0.0002,0.0002,327.3049,,,,,,,,,,,,0.0,0.0,0.0,0.0,0
41.12,19.554,-29.2951,327.3049,0.0002,0.0002,327.3049,,,,,,,,,,,,0.0,0.0,0.0,0.0,0
41.14,19.554,-29.2951,327.3049,0.0002,0.0002,327.3049,,,,,,,,,,,,0.0,0.0,0.0,0.0,0
41.16,19.554,-29.2951,327.3049,0.0002,0.0002,327.3049,,,,,,,,,,,,0.0,0.0,0.0,0.0,0
41.18,19.554,-29.2951,327.3049,0.0002,0.0002,327.3049,,,,,,,,,,,,0.0,0.0,0.0,0.0,0
41.2,19.554,-29.2951,327.3049,0.0002,0.0002,327.3049,,,,,,,,,,,,0.0,0.0,0.0,0.0,0
41.22,19.554,-29.2951,327.3049,0.0002,0.0002,327.3049,,,,,,,,,,,,0.0,0.0,0.0,0.0,0
41.24,19.554,-29.2951,327.3049,0.0002,0.0002,327.3049,,,,,,,,,,,,0.0,0.0,0.0,0.0,0
41.26,19.554,-29.2951,327.3049,0.0002,0.0002,327.3049,,,,,,,,,,,,0.0,0.0,0.0,0.0,0
41.28,19.554,-29.2951,327.3049,0.0002,0.0002,327.3049,,,,,,,,,,,,0.0,0.0,0.0,0.0,0
41.3,19.554,-29.2951,327.3049,0.0002,0.0002,327.3049,,,,,,,,,,,,0.0,0.0,0.0,0.0,0
41.32,19.554,-29.2951,327.3049,0.0002,0.0002,327.3049,,,,,,,,,,,,0.0,0.0,0.0,0.0,0
41.34,19.554,-29.2951,327.3049,0.0002,0.0002,327.3049,,,,,,,,,,,,0.0,0.0,0.0,0.0,0
41.36,19.554,-29.2951,327.3049,0.0002,0.0002,327.3049,,,,,,,,,,,,0.0,0.0,0.0,0.0,0
41.38,19.554,-29.2951,327.3049,0.0002,0.0002,327.3049,,,,,,,,,,,,0.0,0.0,0.0,0.0,0
41.4,19.554,-29.2951,327.3049,0.0002,0.0002,327.3049,,,,,,,,,,,,0.0,0.0,0.0,0.0,0
41.42,19.554,-29.2951,327.3049,0.0002,0.0002,327.3049,,,,,,,,,,,,0.0,0.0,0.0,0.0,0
41.44,19.554,-29.2951,327.3049,0.0002,0.0002,327.3049,,,,,,,,,,,,0.0,0.0,0.0,0.0,0
41.46,19.554,-29.2951,327.3049,0.0002,0.0002,327.3049,,,,,,,,,,,,0.0,0.0,0.0,0.0,0
41.48,19.554,-29.2951,327.3049,0.0002,0.0002,327.3049,,,,,,,,,,,,0.0,0.0,0.0,0.0,0
41.5,19.554,-29.2951,327.3049,0.0002,0.0002,327.3049,,,,,,,,,,,,0.0,0.0,0.0,0.0,0
41.52,19.554,-29.2951,327.3049,0.0002,0.0002,327.3049,,,,,,,,,,,,0.0,0.0,0.0,0.0,0
41.54,19.554,-29.2951,327.3049,0.0002,0.0002,327.3049,,,,,,,,,,,,0.0,0.0,0.0,0.0,0
41.56,19.554,-29.2951,327.3049,0.0002,0.0002,327.3049,,,,,,,,,,,,0.0,0.0,0.0,0.0,0
41.58,19.554,-29.2951,327.3049,0.0002,0.0002,327.3049,,,,,,,,,,,,0.0,0.0,0.0,0.0,0
41.6,19.554,-29.2951,327.3049,0.0002,0.0002,327.3049,,,,,,,,,,,,0.0,0.0,0.0,0.0,0
41.62,19.554,-29.2951,327.3049,0.0002,0.0002,327.3049,,,,,,,,,,,,0.0,0.0,0.0,0.0,0
41.64,19.554,-29.2951,327.3049,0.0002,0.0002,327.3049,,,,,,,,,,,,0.0,0.0,0.0,0.0,0
41.66,19.554,-29.2951,327.3049,0.0002,0.0002,327.3049,,,,,,,,,,,,0.0,0.0,0.0,0.0,0
41.68,19.554,-29.2951,327.3049,0.0002,0.0002,327.3049,,,,,,,,,,,,0.0,0.0,0.0,0.0,0
41.7,19.554,-29.2951,327.3049,0.0002,0.0002,327.3049,,,,,,,,,,,,0.0,0.0,0.0,0.0,0
41.72,19.554,-29.2951,327.3049,0.0002,0.0002,327.3049,,,,,,,,,,,,0.0,0.0,0.0,0.0,0
41.74,19.554,-29.2951,327.3049,0.0002,0.0002,327.3049,,,,,,,,,,,,0.0,0.0,0.0,0.0,0
41.76,19.554,-29.2951,327.3049,0.0002,0.0002,327.3049,,,,,,,,,,,,0.0,0.0,0.0,0.0,0
41.78,19.554,-29.2951,327.3049,0.0002,0.0002,327.3049,,,,,,,,,,,,0.0,0.0,0.0,0.0,0
41.8,19.554,-29.2951,327.3049,0.0002,0.0002,327.3049,,,,,,,,,,,,0.0,0.0,0.0,0.0,0
41.82,19.554,-29.2951,327.3049,0.0002,0.0002,327.3049,,,,,,,,,,,,0.0,0.0,0.0,0.0,0
41.84,19.554,-29.2951,327.3049,0.0002,0.0002,327.3049,,,,,,,,,,,,0.0,0.0,0.0,0.0,0
41.86,19.554,-29.2951,327.3049,0.0002,0.0002,327.3049,,,,,,,,,,,,0.0,0.0,0.0,0.0,0
41.88,19.554,-29.2951,327.3049,0.0002,0.0002,327.3049,,,,,,,,,,,,0.0,0.0,0.0,0.0,0
41.9,19.554,-29.2951,327.3049,0.0002,0.0002,327.3049,,,,,,,,,,,,0.0,0.0,0.0,0.0,0
41.92,19.554,-29.2951,327.3049,0.0002,0.0002,327.3049,,,,,,,,,,,,0.0,0.0,0.0,0.0,0
41.94,19.554,-29.2951,327.3049,0.0002,0.0002,327.3049,,,,,,,,,,,,0.0,0.0,0.0,0.0,0
41.96,19.554,-29.2951,327.3049,0.0002,0.0002,327.3049,,,,,,,,,,,,0.0,0.0,0.0,0.0,0
41.98,19.554,-29.2951,327.3049,0.0002,0.0002,327.3049,,,,,,,,,,,,0.0,0.0,0.0,0.0,0
42.0,19.554,-29.2951,327.3049,0.0002,0.0002,327.3049,,,,,,,,,,,,0.0,0.0,0.0,0.0,0
42.02,19.554,-29.2951,327.3049,0.0002,0.0002,327.3049,,,,,,,,,,,,0.0,0.0,0.0,0.0,0
42.04,19.554,-29.2951,327.3049,0.0002,0.0002,327.3049,,,,,,,,,,,,0.0,0.0,0.0,0.0,0
42.06,19.554,-29.2951,327.3049,0.0002,0.0002,327.3049,,,,,,,,,,,,0.0,0.0,0.0,0.0,0
42.08,19.554,-29.2951,327.3049,0.0002,0.0002,327.3049,,,,,,,,,,,,0.0,0.0,0.0,0.0,0
42.1,19.554,-29.2951,327.3049,0.0002,0.0002,327.3049,,,,,,,,,,,,0.0,0.0,0.0,0.0,0
42.12,19.554,-29.2951,327.3049,0.0002,0.0002,327.3049,,,,,,,,,,,,0.0,0.0,0.0,0.0,0
42.14,19.554,-29.2951,327.3049,0.0002,0.0002,327.3049,,,,,,,,,,,,0.0,0.0,0.0,0.0,0
42.16,19.554,-29.2951,327.3049,0.0002,0.0002,327.3049,,,,,,,,,,,,0.0,0.0,0.0,0.0,0
42.18,19.554,-29.2951,327.3049,0.0002,0.0002,327.3049,,,,,,,,,,,,0.0,0.0,0.0,0.0,0
42.2,19.554,-29.2951,327.3049,0.0002,0.0002,327.3049,,,,,,,,,,,,0.0,0.0,0.0,0.0,0
42.22,19.554,-29.2951,327.3049,0.0002,0.0002,327.3049,,,,,,,,,,,,0.0,0.0,0.0,0.0,0
42.24,19.554,-29.2951,327.3049,0.0002,0.0002,327.3049,,,,,,,,,,,,0.0,0.0,0.0,0.0,0
42.26,19.554,-29.2951,327.3049,0.0002,0.0002,327.3049,,,,,,,,,,,,0.0,0.0,0.0,0.0,0
42.28,19.554,-29.2951,327.3049,0.0002,0.0002,327.3049,,,,,,,,,,,,0.0,0.0,0.0,0.0,0
42.3,19.554,-29.2951,327.3049,0.0002,0.0002,327.3049,,,,,,,,,,,,0.0,0.0,0.0,0.0,0
42.32,19.554,-29.2951,327.3049,0.0002,0.0002,327.3049,,,,,,,,,,,,0.0,0.0,0.0,0.0,0
42.34,19.554,-29.2951,327.3049,0.0002,0.0002,327.3049,,,,,,,,,,,,0.0,0.0,0.0,0.0,0
42.36,19.554,-29.2951,327.3049,0.0002,0.0002,327.3049,,,,,,,,,,,,0.0,0.0,0.0,0.0,0
42.38,19.554,-29.2951,327.3049,0.0002,0.0002,327.3049,,,,,,,,,,,,0.0,0.0,0.0,0.0,0
42.4,19.554,-29.2951,327.3049,0.0002,0.0002,327.3049,,,,,,,,,,,,0.0,0.0,0.0,0.0,0
42.42,19.554,-29.2951,327.3049,0.0002,0.0002,327.3049,,,,,,,,,,,,0.0,0.0,0.0,0.0,0
42.44,19.554,-29.2951,327.3049,0.0002,0.0002,327.3049,,,,,,,,,,,,0.0,0.0,0.0,0.0,0
42.46,19.554,-29.2951,327.3049,0.0002,0.0002,327.3049,,,,,,,,,,,,0.0,0.0,0.0,0.0,0
42.48,19.554,-29.2951,327.3049,0.0002,0.0002,327.3049,,,,,,,,,,,,0.0,0.0,0.0,0.0,0
42.5,19.554,-29.2951,327.3049,0.0002,0.0002,327.3049,,,,,,,,,,,,0.0,0.0,0.0,0.0,0
42.52,19.554,-29.2951,327.3049,0.0002,0.0002,327.3049,,,,,,,,,,,,0.0,0.0,0.0,0.0,0
42.54,19.554,-29.2951,327.3049,0.0002,0.0002,327.3049,,,,,,,,,,,,0.0,0.0,0.0,0.0,0
42.56,19.554,-29.2951,327.3049,0.0002,0.0002,327.3049,,,,,,,,,,,,0.0,0.0,0.0,0.0,0
42.58,19.554,-29.2951,327.3049,0.0002,0.0002,327.3049,,,,,,,,,,,,0.0,0.0,0.0,0.0,0
42.6,19.554,-29.2951,327.3049,0.0002,0.0002,327.3049,,,,,,,,,,,,0.0,0.0,0.0,0.0,0
42.62,19.554,-29.2951,327.3049,0.0002,0.0002,327.3049,,,,,,,,,,,,0.0,0.0,0.0,0.0,0
42.64,19.554,-29.2951,327.3049,0.0002,0.0002,327.3049,,,,,,,,,,,,0.0,0.0,0.0,0.0,0
42.66,19.554,-29.2951,327.3049,0.0002,0.0002,327.3049,,,,,,,,,,,,0.0,0.0,0.0,0.0,0
42.68,19.554,-29.2951,327.3049,0.0002,0.0002,327.3049,,,,,,,,,,,,0.0,0.0,0.0,0.0,0
42.7,19.554,-29.2951,327.3049,0.0002,0.0002,327.3049,,,,,,,,,,,,0.0,0.0,0.0,0.0,0
42.72,19.554,-29.2951,327.3049,0.0002,0.0002,327.3049,,,,,,,,,,,,0.0,0.0,0.0,0.0,0
42.74,19.554,-29.2951,327.3049,0.0002,0.0002,327.3049,,,,,,,,,,,,0.0,0.0,0.0,0.0,0
42.76,19.554,-29.2951,327.3049,0.0002,0.0002,327.3049,,,,,,,,,,,,0.0,0.0,0.0,0.0,0
42.78,19.554,-29.2951,327.3049,0.0002,0.0002,327.3049,,,,,,,,,,,,0.0,0.0,0.0,0.0,0
42.8,19.554,-29.2951,327.3049,0.0002,0.0002,327.3049,,,,,,,,,,,,0.0,0.0,0.0,0.0,0
42.82,19.554,-29.2951,327.3049,0.0002,0.0002,327.3049,,,,,,,,,,,,0.0,0.0,0.0,0.0,0
42.84,19.554,-29.2951,327.3049,0.0002,0.0002,327.3049,,,,,,,,,,,,0.0,0.0,0.0,0.0,0
42.86,19.554,-29.2951,327.3049,0.0002,0.0002,327.3049,,,,,,,,,,,,0.0,0.0,0.0,0.0,0
42.88,19.554,-29.2951,327.3049,0.0002,0.0002,327.3049,,,,,,,,,,,,0.0,0.0,0.0,0.0,0
42.9,19.554,-29.2951,327.3049,0.0002,0.0002,327.3049,,,,,,,,,,,,0.0,0.0,0.0,0.0,0
42.92,19.554,-29.2951,327.3049,0.0002,0.0002,327.3049,,,,,,,,,,,,0.0,0.0,0.0,0.0,0
42.94,19.554,-29.2951,327.3049,0.0002,0.0002,327.3049,,,,,,,,,,,,0.0,0.0,0.0,0.0,0
42.96,19.554,-29.2951,327.3049,0.0002,0.0002,327.3049,,,,,,,,,,,,0.0,0.0,0.0,0.0,0
42.98,19.554,-29.2951,327.3049,0.0002,0.0002,327.3049,,,,,,,,,,,,0.0,0.0,0.0,0.0,0
43.0,19.554,-29.2951,327.3049,0.0002,0.0002,327.3049,,,,,,,,,,,,0.0,0.0,0.0,0.0,0
43.02,19.554,-29.2951,327.3049,0.0002,0.0002,327.3049,,,,,,,,,,,,0.0,0.0,0.0,0.0,0
43.04,19.554,-29.2951,327.3049,0.0002,0.0002,327.3049,,,,,,,,,,,,0.0,0.0,0.0,0.0,0
43.06,19.554,-29.2951,327.3049,0.0002,0.0002,327.3049,,,,,,,,,,,,0.0,0.0,0.0,0.0,0
43.08,19.554,-29.2951,327.3049,0.0002,0.0002,327.3049,,,,,,,,,,,,0.0,0.0,0.0,0.0,0
43.1,19.554,-29.2951,327.3049,0.0002,0.0002,327.3049,,,,,,,,,,,,0.0,0.0,0.0,0.0,0
43.12,19.554,-29.2951,327.3049,0.0002,0.0002,327.3049,,,,,,,,,,,,0.0,0.0,0.0,0.0,0
43.14,19.554,-29.2951,327.3049,0.0002,0.0002,327.3049,,,,,,,,,,,,0.0,0.0,0.0,0.0,0
43.16,19.554,-29.2951,327.3049,0.0002,0.0002,327.3049,,,,,,,,,,,,0.0,0.0,0.0,0.0,0
43.18,19.554,-29.2951,327.3049,0.0002,0.0002,327.3049,,,,,,,,,,,,0.0,0.0,0.0,0.0,0
43.2,19.554,-29.2951,327.3049,0.0002,0.0002,327.3049,,,,,,,,,,,,0.0,0.0,0.0,0.0,0
43.22,19.554,-29.2951,327.3049,0.0002,0.0002,327.3049,,,,,,,,,,,,0.0,0.0,0.0,0.0,0
43.24,19.554,-29.2951,327.3049,0.0002,0.0002,327.3049,,,,,,,,,,,,0.0,0.0,0.0,0.0,0
43.26,19.554,-29.2951,327.3049,0.0002,0.0002,327.3049,,,,,,,,,,,,0.0,0.0,0.0,0.0,0
43.28,19.554,-29.2951,327.3049,0.0002,0.0002,327.3049,,,,,,,,,,,,0.0,0.0,0.0,0.0,0
43.3,19.554,-29.2951,327.3049,0.0002,0.0002,327.3049,,,,,,,,,,,,0.0,0.0,0.0,0.0,0
43.32,19.554,-29.2951,327.3049,0.0002,0.0002,327.3049,,,,,,,,,,,,0.0,0.0,0.0,0.0,0
43.34,19.554,-29.2951,327.3049,0.0002,0.0002,327.3049,,,,,,,,,,,,0.0,0.0,0.0,0.0,0
43.36,19.554,-29.2951,327.3049,0.0002,0.0002,327.3049,,,,,,,,,,,,0.0,0.0,0.0,0.0,0
43.38,19.554,-29.2951,327.3049,0.0002,0.0002,327.3049,,,,,,,,,,,,0.0,0.0,0.0,0.0,0
43.4,19.554,-29.2951,327.3049,0.0002,0.0002,327.3049,,,,,,,,,,,,0.0,0.0,0.0,0.0,0
43.42,19.554,-29.2951,327.3049,0.0002,0.0002,327.3049,,,,,,,,,,,,0.0,0.0,0.0,0.0,0
43.44,19.554,-29.2951,327.3049,0.0002,0.0002,327.3049,,,,,,,,,,,,0.0,0.0,0.0,0.0,0
43.46,19.554,-29.2951,327.3049,0.0002,0.0002,327.3049,,,,,,,,,,,,0.0,0.0,0.0,0.0,0
43.48,19.554,-29.2951,327.3049,0.0002,0.0002,327.3049,,,,,,,,,,,,0.0,0.0,0.0,0.0,0
43.5,19.554,-29.2951,327.3049,0.0002,0.0002,327.3049,,,,,,,,,,,,0.0,0.0,0.0,0.0,0
43.52,19.554,-29.2951,327.3049,0.0002,0.0002,327.3049,,,,,,,,,,,,0.0,0.0,0.0,0.0,0
43.54,19.554,-29.2951,327.3049,0.0002,0.0002,327.3049,,,,,,,,,,,,0.0,0.0,0.0,0.0,0
43.56,19.554,-29.2951,327.3049,0.0002,0.0002,327.3049,,,,,,,,,,,,0.0,0.0,0.0,0.0,0
43.58,19.554,-29.2951,327.3049,0.0002,0.0002,327.3049,,,,,,,,,,,,0.0,0.0,0.0,0.0,0
43.6,19.554,-29.2951,327.3049,0.0002,0.0002,327.3049,,,,,,,,,,,,0.0,0.0,0.0,0.0,0
43.62,19.554,-29.2951,327.3049,0.0002,0.0002,327.3049,,,,,,,,,,,,0.0,0.0,0.0,0.0,0
43.64,19.554,-29.2951,327.3049,0.0002,0.0002,327.3049,,,,,,,,,,,,0.0,0.0,0.0,0.0,0
43.66,19.554,-29.2951,327.3049,0.0002,0.0002,327.3049,,,,,,,,,,,,0.0,0.0,0.0,0.0,0
43.68,19.554,-29.2951,327.3049,0.0002,0.0002,327.3049,,,,,,,,,,,,0.0,0.0,0.0,0.0,0
43.7,19.554,-29.2951,327.3049,0.0002,0.0002,327.3049,,,,,,,,,,,,0.0,0.0,0.0,0.0,0
43.72,19.554,-29.2951,327.3049,0.0002,0.0002,327.3049,,,,,,,,,,,,0.0,0.0,0.0,0.0,0
43.74,19.554,-29.2951,327.3049,0.0002,0.0002,327.3049,,,,,,,,,,,,0.0,0.0,0.0,0.0,0
43.76,19.554,-29.2951,327.3049,0.0002,0.0002,327.3049,,,,,,,,,,,,0.0,0.0,0.0,0.0,0
43.78,19.554,-29.2951,327.3049,0.0002,0.0002,327.3049,,,,,,,,,,,,0.0,0.0,0.0,0.0,0
43.8,19.554,-29.2951,327.3049,0.0002,0.0002,327.3049,,,,,,,,,,,,0.0,0.0,0.0,0.0,0
43.82,19.554,-29.2951,327.3049,0.0002,0.0002,327.3049,,,,,,,,,,,,0.0,0.0,0.0,0.0,0
43.84,19.554,-29.2951,327.3049,0.0002,0.0002,327.3049,,,,,,,,,,,,0.0,0.0,0.0,0.0,0
43.86,19.554,-29.2951,327.3049,0.0002,0.0002,327.3049,,,,,,,,,,,,0.0,0.0,0.0,0.0,0
43.88,19.554,-29.2951,327.3049,0.0002,0.0002,327.3049,,,,,,,,,,,,0.0,0.0,0.0,0.0,0
43.9,19.554,-29.2951,327.3049,0.0002,0.0002,327.3049,,,,,,,,,,,,0.0,0.0,0.0,0.0,0
43.92,19.554,-29.2951,327.3049,0.0002,0.0002,327.3049,,,,,,,,,,,,0.0,0.0,0.0,0.0,0
43.94,19.554,-29.2951,327.3049,0.0002,0.0002,327.3049,,,,,,,,,,,,0.0,0.0,0.0,0.0,0
43.96,19.554,-29.2951,327.3049,0.0002,0.0002,327.3049,,,,,,,,,,,,0.0,0.0,0.0,0.0,0
43.98,19.554,-29.2951,327.3049,0.0002,0.0002,327.3049,,,,,,,,,,,,0.0,0.0,0.0,0.0,0
44.0,19.554,-29.2951,327.3049,0.0002,0.0002,327.3049,,,,,,,,,,,,0.0,0.0,0.0,0.0,0
44.02,19.554,-29.2951,327.3049,0.0002,0.0002,327.3049,,,,,,,,,,,,0.0,0.0,0.0,0.0,0
44.04,19.554,-29.2951,327.3049,0.0002,0.0002,327.3049,,,,,,,,,,,,0.0,0.0,0.0,0.0,0
44.06,19.554,-29.2951,327.3049,0.0002,0.0002,327.3049,,,,,,,,,,,,0.0,0.0,0.0,0.0,0
44.08,19.554,-29.2951,327.3049,0.0002,0.0002,327.3049,,,,,,,,,,,,0.0,0.0,0.0,0.0,0
44.1,19.554,-29.2951,327.3049,0.0002,0.0002,327.3049,,,,,,,,,,,,0.0,0.0,0.0,0.0,0
44.12,19.554,-29.2951,327.3049,0.0002,0.0002,327.3049,,,,,,,,,,,,0.0,0.0,0.0,0.0,0
44.14,19.554,-29.2951,327.3049,0.0002,0.0002,327.3049,,,,,,,,,,,,0.0,0.0,0.0,0.0,0
44.16,19.554,-29.2951,327.3049,0.0002,0.0002,327.3049,,,,,,,,,,,,0.0,0.0,0.0,0.0,0
44.18,19.554,-29.2951,327.3049,0.0002,0.0002,327.3049,,,,,,,,,,,,0.0,0.0,0.0,0.0,0
44.2,19.554,-29.2951,327.3049,0.0002,0.0002,327.3049,,,,,,,,,,,,0.0,0.0,0.0,0.0,0
44.22,19.554,-29.2951,327.3049,0.0002,0.0002,327.3049,,,,,,,,,,,,0.0,0.0,0.0,0.0,0
44.24,19.554,-29.2951,327.3049,0.0002,0.0002,327.3049,,,,,,,,,,,,0.0,0.0,0.0,0.0,0
44.26,19.554,-29.2951,327.3049,0.0002,0.0002,327.3049,,,,,,,,,,,,0.0,0.0,0.0,0.0,0
44.28,19.554,-29.2951,327.3049,0.0002,0.0002,327.3049,,,,,,,,,,,,0.0,0.0,0.0,0.0,0
44.3,19.554,-29.2951,327.3049,0.0002,0.0002,327.3049,,,,,,,,,,,,0.0,0.0,0.0,0.0,0
44.32,19.554,-29.2951,327.3049,0.0002,0.0002,327.3049,,,,,,,,,,,,0.0,0.0,0.0,0.0,0
44.34,19.554,-29.2951,327.3049,0.0002,0.0002,327.3049,,,,,,,,,,,,0.0,0.0,0.0,0.0,0
44.36,19.554,-29.2951,327.3049,0.0002,0.0002,327.3049,,,,,,,,,,,,0.0,0.0,0.0,0.0,0
44.38,19.554,-29.2951,327.3049,0.0002,0.0002,327.3049,,,,,,,,,,,,0.0,0.0,0.0,0.0,0
44.4,19.554,-29.2951,327.3049,0.0002,0.0002,327.3049,,,,,,,,,,,,0.0,0.0,0.0,0.0,0
44.42,19.554,-29.2951,327.3049,0.0002,0.0002,327.3049,,,,,,,,,,,,0.0,0.0,0.0,0.0,0
44.44,19.554,-29.2951,327.3049,0.0002,0.0002,327.3049,,,,,,,,,,,,0.0,0.0,0.0,0.0,0
44.46,19.554,-29.2951,327.3049,0.0002,0.0002,327.3049,,,,,,,,,,,,0.0,0.0,0.0,0.0,0
44.48,19.554,-29.2951,327.3049,0.0002,0.0002,327.3049,,,,,,,,,,,,0.0,0.0,0.0,0.0,0
44.5,19.554,-29.2951,327.3049,0.0002,0.0002,327.3049,,,,,,,,,,,,0.0,0.0,0.0,0.0,0
44.52,19.554,-29.2951,327.3049,0.0002,0.0002,327.3049,,,,,,,,,,,,0.0,0.0,0.0,0.0,0
44.54,19.554,-29.2951,327.3049,0.0002,0.0002,327.3049,,,,,,,,,,,,0.0,0.0,0.0,0.0,0
44.56,19.554,-29.2951,327.3049,0.0002,0.0002,327.3049,,,,,,,,,,,,0.0,0.0,0.0,0.0,0
44.58,19.554,-29.2951,327.3049,0.0002,0.0002,327.3049,,,,,,,,,,,,0.0,0.0,0.0,0.0,0
44.6,19.554,-29.2951,327.3049,0.0002,0.0002,327.3049,,,,,,,,,,,,0.0,0.0,0.0,0.0,0
44.62,19.554,-29.2951,327.3049,0.0002,0.0002,327.3049,,,,,,,,,,,,0.0,0.0,0.0,0.0,0
44.64,19.554,-29.2951,327.3049,0.0002,0.0002,327.3049,,,,,,,,,,,,0.0,0.0,0.0,0.0,0
44.66,19.554,-29.2951,327.3049,0.0002,0.0002,327.3049,,,,,,,,,,,,0.0,0.0,0.0,0.0,0
44.68,19.554,-29.2951,327.3049,0.0002,0.0002,327.3049,,,,,,,,,,,,0.0,0.0,0.0,0.0,0
44.7,19.554,-29.2951,327.3049,0.0002,0.0002,327.3049,,,,,,,,,,,,0.0,0.0,0.0,0.0,0
44.72,19.554,-29.2951,327.3049,0.0002,0.0002,327.3049,,,,,,,,,,,,0.0,0.0,0.0,0.0,0
44.74,19.554,-29.2951,327.3049,0.0002,0.0002,327.3049,,,,,,,,,,,,0.0,0.0,0.0,0.0,0
44.76,19.554,-29.2951,327.3049,0.0002,0.0002,327.3049,,,,,,,,,,,,0.0,0.0,0.0,0.0,0
44.78,19.554,-29.2951,327.3049,0.0002,0.0002,327.3049,,,,,,,,,,,,0.0,0.0,0.0,0.0,0
44.8,19.554,-29.2951,327.3049,0.0002,0.0002,327.3049,,,,,,,,,,,,0.0,0.0,0.0,0.0,0
44.82,19.554,-29.2951,327.3049,0.0002,0.0002,327.3049,,,,,,,,,,,,0.0,0.0,0.0,0.0,0
44.84,19.554,-29.2951,327.3049,0.0002,0.0002,327.3049,,,,,,,,,,,,0.0,0.0,0.0,0.0,0
44.86,19.554,-29.2951,327.3049,0.0002,0.0002,327.3049,,,,,,,,,,,,0.0,0.0,0.0,0.0,0
44.88,19.554,-29.2951,327.3049,0.0002,0.0002,327.3049,,,,,,,,,,,,0.0,0.0,0.0,0.0,0
44.9,19.554,-29.2951,327.3049,0.0002,0.0002,327.3049,,,,,,,,,,,,0.0,0.0,0.0,0.0,0
44.92,19.554,-29.2951,327.3049,0.0002,0.0002,327.3049,,,,,,,,,,,,0.0,0.0,0.0,0.0,0
44.94,19.554,-29.2951,327.3049,0.0002,0.0002,327.3049,,,,,,,,,,,,0.0,0.0,0.0,0.0,0
44.96,19.554,-29.2951,327.3049,0.0002,0.0002,327.3049,,,,,,,,,,,,0.0,0.0,0.0,0.0,0
44.98,19.554,-29.2951,327.3049,0.0002,0.0002,327.3049,,,,,,,,,,,,0.0,0.0,0.0,0.0,0
45.0,19.554,-29.2951,327.3049,0.0002,0.0002,327.3049,,,,,,,,,,,,0.0,0.0,0.0,0.0,0
45.02,19.554,-29.2951,327.3049,0.0002,0.0002,327.3049,,,,,,,,,,,,0.0,0.0,0.0,0.0,0
45.04,19.554,-29.2951,327.3049,0.0002,0.0002,327.3049,,,,,,,,,,,,0.0,0.0,0.0,0.0,0
45.06,19.554,-29.2951,327.3049,0.0002,0.0002,327.3049,,,,,,,,,,,,0.0,0.0,0.0,0.0,0
45.08,19.554,-29.2951,327.3049,0.0002,0.0002,327.3049,,,,,,,,,,,,0.0,0.0,0.0,0.0,0
45.1,19.554,-29.2951,327.3049,0.0002,0.0002,327.3049,,,,,,,,,,,,0.0,0.0,0.0,0.0,0
45.12,19.554,-29.2951,327.3049,0.0002,0.0002,327.3049,,,,,,,,,,,,0.0,0.0,0.0,0.0,0
45.14,19.554,-29.2951,327.3049,0.0002,0.0002,327.3049,,,,,,,,,,,,0.0,0.0,0.0,0.0,0
45.16,19.554,-29.2951,327.3049,0.0002,0.0002,327.3049,,,,,,,,,,,,0.0,0.0,0.0,0.0,0
45.18,19.554,-29.2951,327.3049,0.0002,0.0002,327.3049,,,,,,,,,,,,0.0,0.0,0.0,0.0,0
45.2,19.554,-29.2951,327.3049,0.0002,0.0002,327.3049,,,,,,,,,,,,0.0,0.0,0.0,0.0,0
45.22,19.554,-29.2951,327.3049,0.0002,0.0002,327.3049,,,,,,,,,,,,0.0,0.0,0.0,0.0,0
45.24,19.554,-29.2951,327.3049,0.0002,0.0002,327.3049,,,,,,,,,,,,0.0,0.0,0.0,0.0,0
45.26,19.554,-29.2951,327.3049,0.0002,0.0002,327.3049,,,,,,,,,,,,0.0,0.0,0.0,0.0,0
45.28,19.554,-29.2951,327.3049,0.0002,0.0002,327.3049,,,,,,,,,,,,0.0,0.0,0.0,0.0,0
45.3,19.554,-29.2951,327.3049,0.0002,0.0002,327.3049,,,,,,,,,,,,0.0,0.0,0.0,0.0,0
45.32,19.554,-29.2951,327.3049,0.0002,0.0002,327.3049,,,,,,,,,,,,0.0,0.0,0.0,0.0,0
45.34,19.554,-29.2951,327.3049,0.0002,0.0002,327.3049,,,,,,,,,,,,0.0,0.0,0.0,0.0,0
45.36,19.554,-29.2951,327.3049,0.0002,0.0002,327.3049,,,,,,,,,,,,0.0,0.0,0.0,0.0,0
45.38,19.554,-29.2951,327.3049,0.0002,0.0002,327.3049,,,,,,,,,,,,0.0,0.0,0.0,0.0,0
45.4,19.554,-29.2951,327.3049,0.0002,0.0002,327.3049,,,,,,,,,,,,0.0,0.0,0.0,0.0,0
45.42,19.554,-29.2951,327.3049,0.0002,0.0002,327.3049,,,,,,,,,,,,0.0,0.0,0.0,0.0,0
45.44,19.554,-29.2951,327.3049,0.0002,0.0002,327.3049,,,,,,,,,,,,0.0,0.0,0.0,0.0,0
45.46,19.554,-29.2951,327.3049,0.0002,0.0002,327.3049,,,,,,,,,,,,0.0,0.0,0.0,0.0,0
45.48,19.554,-29.2951,327.3049,0.0002,0.0002,327.3049,,,,,,,,,,,,0.0,0.0,0.0,0.0,0
45.5,19.554,-29.2951,327.3049,0.0002,0.0002,327.3049,,,,,,,,,,,,0.0,0.0,0.0,0.0,0
45.52,19.554,-29.2951,327.3049,0.0002,0.0002,327.3049,,,,,,,,,,,,0.0,0.0,0.0,0.0,0
45.54,19.554,-29.2951,327.3049,0.0002,0.0002,327.3049,,,,,,,,,,,,0.0,0.0,0.0,0.0,0
45.56,19.554,-29.2951,327.3049,0.0002,0.0002,327.3049,,,,,,,,,,,,0.0,0.0,0.0,0.0,0
45.58,19.554,-29.2951,327.3049,0.0002,0.0002,327.3049,,,,,,,,,,,,0.0,0.0,0.0,0.0,0
45.6,19.554,-29.2951,327.3049,0.0002,0.0002,327.3049,,,,,,,,,,,,0.0,0.0,0.0,0.0,0
45.62,19.554,-29.2951,327.3049,0.0002,0.0002,327.3049,,,,,,,,,,,,0.0,0.0,0.0,0.0,0
45.64,19.554,-29.2951,327.3049,0.0002,0.0002,327.3049,,,,,,,,,,,,0.0,0.0,0.0,0.0,0
45.66,19.554,-29.2951,327.3049,0.0002,0.0002,327.3049,,,,,,,,,,,,0.0,0.0,0.0,0.0,0
45.68,19.554,-29.2951,327.3049,0.0002,0.0002,327.3049,,,,,,,,,,,,0.0,0.0,0.0,0.0,0
45.7,19.554,-29.2951,327.3049,0.0002,0.0002,327.3049,,,,,,,,,,,,0.0,0.0,0.0,0.0,0
45.72,19.554,-29.2951,327.3049,0.0002,0.0002,327.3049,,,,,,,,,,,,0.0,0.0,0.0,0.0,0
45.74,19.554,-29.2951,327.3049,0.0002,0.0002,327.3049,,,,,,,,,,,,0.0,0.0,0.0,0.0,0
45.76,19.554,-29.2951,327.3049,0.0002,0.0002,327.3049,,,,,,,,,,,,0.0,0.0,0.0,0.0,0
45.78,19.554,-29.2951,327.3049,0.0002,0.0002,327.3049,,,,,,,,,,,,0.0,0.0,0.0,0.0,0
45.8,19.554,-29.2951,327.3049,0.0002,0.0002,327.3049,,,,,,,,,,,,0.0,0.0,0.0,0.0,0
45.82,19.554,-29.2951,327.3049,0.0002,0.0002,327.3049,,,,,,,,,,,,0.0,0.0,0.0,0.0,0
45.84,19.554,-29.2951,327.3049,0.0002,0.0002,327.3049,,,,,,,,,,,,0.0,0.0,0.0,0.0,0
45.86,19.554,-29.2951,327.3049,0.0002,0.0002,327.3049,,,,,,,,,,,,0.0,0.0,0.0,0.0,0
45.88,19.554,-29.2951,327.3049,0.0002,0.0002,327.3049,,,,,,,,,,,,0.0,0.0,0.0,0.0,0
45.9,19.554,-29.2951,327.3049,0.0002,0.0002,327.3049,,,,,,,,,,,,0.0,0.0,0.0,0.0,0
45.92,19.554,-29.2951,327.3049,0.0002,0.0002,327.3049,,,,,,,,,,,,0.0,0.0,0.0,0.0,0
45.94,19.554,-29.2951,327.3049,0.0002,0.0002,327.3049,,,,,,,,,,,,0.0,0.0,0.0,0.0,0
45.96,19.554,-29.2951,327.3049,0.0002,0.0002,327.3049,,,,,,,,,,,,0.0,0.0,0.0,0.0,0
45.98,19.554,-29.2951,327.3049,0.0002,0.0002,327.3049,,,,,,,,,,,,0.0,0.0,0.0,0.0,0
46.0,19.554,-29.2951,327.3049,0.0002,0.0002,327.3049,,,,,,,,,,,,0.0,0.0,0.0,0.0,0
46.02,19.554,-29.2951,327.3049,0.0002,0.0002,327.3049,,,,,,,,,,,,0.0,0.0,0.0,0.0,0
46.04,19.554,-29.2951,327.3049,0.0002,0.0002,327.3049,,,,,,,,,,,,0.0,0.0,0.0,0.0,0
46.06,19.554,-29.2951,327.3049,0.0002,0.0002,327.3049,,,,,,,,,,,,0.0,0.0,0.0,0.0,0
46.08,19.554,-29.2951,327.3049,0.0002,0.0002,327.3049,,,,,,,,,,,,0.0,0.0,0.0,0.0,0
46.1,19.554,-29.2951,327.3049,0.0002,0.0002,327.3049,,,,,,,,,,,,0.0,0.0,0.0,0.0,0
46.12,19.554,-29.2951,327.3049,0.0002,0.0002,327.3049,,,,,,,,,,,,0.0,0.0,0.0,0.0,0
46.14,19.554,-29.2951,327.3049,0.0002,0.0002,327.3049,,,,,,,,,,,,0.0,0.0,0.0,0.0,0
46.16,19.554,-29.2951,327.3049,0.0002,0.0002,327.3049,,,,,,,,,,,,0.0,0.0,0.0,0.0,0
46.18,19.554,-29.2951,327.3049,0.0002,0.0002,327.3049,,,,,,,,,,,,0.0,0.0,0.0,0.0,0
46.2,19.554,-29.2951,327.3049,0.0002,0.0002,327.3049,,,,,,,,,,,,0.0,0.0,0.0,0.0,0
46.22,19.554,-29.2951,327.3049,0.0002,0.0002,327.3049,,,,,,,,,,,,0.0,0.0,0.0,0.0,0
46.24,19.554,-29.2951,327.3049,0.0002,0.0002,327.3049,,,,,,,,,,,,0.0,0.0,0.0,0.0,0
46.26,19.554,-29.2951,327.3049,0.0002,0.0002,327.3049,,,,,,,,,,,,0.0,0.0,0.0,0.0,0
46.28,19.554,-29.2951,327.3049,0.0002,0.0002,327.3049,,,,,,,,,,,,0.0,0.0,0.0,0.0,0
46.3,19.554,-29.2951,327.3049,0.0002,0.0002,327.3049,,,,,,,,,,,,0.0,0.0,0.0,0.0,0
46.32,19.554,-29.2951,327.3049,0.0002,0.0002,327.3049,,,,,,,,,,,,0.0,0.0,0.0,0.0,0
46.34,19.554,-29.2951,327.3049,0.0002,0.0002,327.3049,,,,,,,,,,,,0.0,0.0,0.0,0.0,0
46.36,19.554,-29.2951,327.3049,0.0002,0.0002,327.3049,,,,,,,,,,,,0.0,0.0,0.0,0.0,0
46.38,19.554,-29.2951,327.3049,0.0002,0.0002,327.3049,,,,,,,,,,,,0.0,0.0,0.0,0.0,0
46.4,19.554,-29.2951,327.3049,0.0002,0.0002,327.3049,,,,,,,,,,,,0.0,0.0,0.0,0.0,0
46.42,19.554,-29.2951,327.3049,0.0002,0.0002,327.3049,,,,,,,,,,,,0.0,0.0,0.0,0.0,0
46.44,19.554,-29.2951,327.3049,0.0002,0.0002,327.3049,,,,,,,,,,,,0.0,0.0,0.0,0.0,0
46.46,19.554,-29.2951,327.3049,0.0002,0.0002,327.3049,,,,,,,,,,,,0.0,0.0,0.0,0.0,0
46.48,19.554,-29.2951,327.3049,0.0002,0.0002,327.3049,,,,,,,,,,,,0.0,0.0,0.0,0.0,0
46.5,19.554,-29.2951,327.3049,0.0002,0.0002,327.3049,,,,,,,,,,,,0.0,0.0,0.0,0.0,0
46.52,19.554,-29.2951,327.3049,0.0002,0.0002,327.3049,,,,,,,,,,,,0.0,0.0,0.0,0.0,0
46.54,19.554,-29.2951,327.3049,0.0002,0.0002,327.3049,,,,,,,,,,,,0.0,0.0,0.0,0.0,0
46.56,19.554,-29.2951,327.3049,0.0002,0.0002,327.3049,,,,,,,,,,,,0.0,0.0,0.0,0.0,0
46.58,19.554,-29.2951,327.3049,0.0002,0.0002,327.3049,,,,,,,,,,,,0.0,0.0,0.0,0.0,0
46.6,19.554,-29.2951,327.3049,0.0002,0.0002,327.3049,,,,,,,,,,,,0.0,0.0,0.0,0.0,0
46.62,19.554,-29.2951,327.3049,0.0002,0.0002,327.3049,,,,,,,,,,,,0.0,0.0,0.0,0.0,0
46.64,19.554,-29.2951,327.3049,0.0002,0.0002,327.3049,,,,,,,,,,,,0.0,0.0,0.0,0.0,0
46.66,19.554,-29.2951,327.3049,0.0002,0.0002,327.3049,,,,,,,,,,,,0.0,0.0,0.0,0.0,0
46.68,19.554,-29.2951,327.3049,0.0002,0.0002,327.3049,,,,,,,,,,,,0.0,0.0,0.0,0.0,0
46.7,19.554,-29.2951,327.3049,0.0002,0.0002,327.3049,,,,,,,,,,,,0.0,0.0,0.0,0.0,0
46.72,19.554,-29.2951,327.3049,0.0002,0.0002,327.3049,,,,,,,,,,,,0.0,0.0,0.0,0.0,0
46.74,19.554,-29.2951,327.3049,0.0002,0.0002,327.3049,,,,,,,,,,,,0.0,0.0,0.0,0.0,0
46.76,19.554,-29.2951,327.3049,0.0002,0.0002,327.3049,,,,,,,,,,,,0.0,0.0,0.0,0.0,0
46.78,19.554,-29.2951,327.3049,0.0002,0.0002,327.3049,,,,,,,,,,,,0.0,0.0,0.0,0.0,0
46.8,19.554,-29.2951,327.3049,0.0002,0.0002,327.3049,,,,,,,,,,,,0.0,0.0,0.0,0.0,0
46.82,19.554,-29.2951,327.3049,0.0002,0.0002,327.3049,,,,,,,,,,,,0.0,0.0,0.0,0.0,0
46.84,19.554,-29.2951,327.3049,0.0002,0.0002,327.3049,,,,,,,,,,,,0.0,0.0,0.0,0.0,0
46.86,19.554,-29.2951,327.3049,0.0002,0.0002,327.3049,,,,,,,,,,,,0.0,0.0,0.0,0.0,0
46.88,19.554,-29.2951,327.3049,0.0002,0.0002,327.3049,,,,,,,,,,,,0.0,0.0,0.0,0.0,0
46.9,19.554,-29.2951,327.3049,0.0002,0.0002,327.3049,,,,,,,,,,,,0.0,0.0,0.0,0.0,0
46.92,19.554,-29.2951,327.3049,0.0002,0.0002,327.3049,,,,,,,,,,,,0.0,0.0,0.0,0.0,0
46.94,19.554,-29.2951,327.3049,0.0002,0.0002,327.3049,,,,,,,,,,,,0.0,0.0,0.0,0.0,0
46.96,19.554,-29.2951,327.3049,0.0002,0.0002,327.3049,,,,,,,,,,,,0.0,0.0,0.0,0.0,0
46.98,19.554,-29.2951,327.3049,0.0002,0.0002,327.3049,,,,,,,,,,,,0.0,0.0,0.0,0.0,0
47.0,19.554,-29.2951,327.3049,0.0002,0.0002,327.3049,,,,,,,,,,,,0.0,0.0,0.0,0.0,0
47.02,19.554,-29.2951,327.3049,0.0002,0.0002,327.3049,,,,,,,,,,,,0.0,0.0,0.0,0.0,0
47.04,19.554,-29.2951,327.3049,0.0002,0.0002,327.3049,,,,,,,,,,,,0.0,0.0,0.0,0.0,0
47.06,19.554,-29.2951,327.3049,0.0002,0.0002,327.3049,,,,,,,,,,,,0.0,0.0,0.0,0.0,0
47.08,19.554,-29.2951,327.3049,0.0002,0.0002,327.3049,,,,,,,,,,,,0.0,0.0,0.0,0.0,0
47.1,19.554,-29.2951,327.3049,0.0002,0.0002,327.3049,,,,,,,,,,,,0.0,0.0,0.0,0.0,0
47.12,19.554,-29.2951,327.3049,0.0002,0.0002,327.3049,,,,,,,,,,,,0.0,0.0,0.0,0.0,0
47.14,19.554,-29.2951,327.3049,0.0002,0.0002,327.3049,,,,,,,,,,,,0.0,0.0,0.0,0.0,0
47.16,19.554,-29.2951,327.3049,0.0002,0.0002,327.3049,,,,,,,,,,,,0.0,0.0,0.0,0.0,0
47.18,19.554,-29.2951,327.3049,0.0002,0.0002,327.3049,,,,,,,,,,,,0.0,0.0,0.0,0.0,0
47.2,19.554,-29.2951,327.3049,0.0002,0.0002,327.3049,,,,,,,,,,,,0.0,0.0,0.0,0.0,0
47.22,19.554,-29.2951,327.3049,0.0002,0.0002,327.3049,,,,,,,,,,,,0.0,0.0,0.0,0.0,0
47.24,19.554,-29.2951,327.3049,0.0002,0.0002,327.3049,,,,,,,,,,,,0.0,0.0,0.0,0.0,0
47.26,19.554,-29.2951,327.3049,0.0002,0.0002,327.3049,,,,,,,,,,,,0.0,0.0,0.0,0.0,0
47.28,19.554,-29.2951,327.3049,0.0002,0.0002,327.3049,,,,,,,,,,,,0.0,0.0,0.0,0.0,0
47.3,19.554,-29.2951,327.3049,0.0002,0.0002,327.3049,,,,,,,,,,,,0.0,0.0,0.0,0.0,0
47.32,19.554,-29.2951,327.3049,0.0002,0.0002,327.3049,,,,,,,,,,,,0.0,0.0,0.0,0.0,0
47.34,19.554,-29.2951,327.3049,0.0002,0.0002,327.3049,,,,,,,,,,,,0.0,0.0,0.0,0.0,0
47.36,19.554,-29.2951,327.3049,0.0002,0.0002,327.3049,,,,,,,,,,,,0.0,0.0,0.0,0.0,0
47.38,19.554,-29.2951,327.3049,0.0002,0.0002,327.3049,,,,,,,,,,,,0.0,0.0,0.0,0.0,0
47.4,19.554,-29.2951,327.3049,0.0002,0.0002,327.3049,,,,,,,,,,,,0.0,0.0,0.0,0.0,0
47.42,19.554,-29.2951,327.3049,0.0002,0.0002,327.3049,,,,,,,,,,,,0.0,0.0,0.0,0.0,0
47.44,19.554,-29.2951,327.3049,0.0002,0.0002,327.3049,,,,,,,,,,,,0.0,0.0,0.0,0.0,0
47.46,19.554,-29.2951,327.3049,0.0002,0.0002,327.3049,,,,,,,,,,,,0.0,0.0,0.0,0.0,0
47.48,19.554,-29.2951,327.3049,0.0002,0.0002,327.3049,,,,,,,,,,,,0.0,0.0,0.0,0.0,0
47.5,19.554,-29.2951,327.3049,0.0002,0.0002,327.3049,,,,,,,,,,,,0.0,0.0,0.0,0.0,0
47.52,19.554,-29.2951,327.3049,0.0002,0.0002,327.3049,,,,,,,,,,,,0.0,0.0,0.0,0.0,0
47.54,19.554,-29.2951,327.3049,0.0002,0.0002,327.3049,,,,,,,,,,,,0.0,0.0,0.0,0.0,0
47.56,19.554,-29.2951,327.3049,0.0002,0.0002,327.3049,,,,,,,,,,,,0.0,0.0,0.0,0.0,0
47.58,19.554,-29.2951,327.3049,0.0002,0.0002,327.3049,,,,,,,,,,,,0.0,0.0,0.0,0.0,0
47.6,19.554,-29.2951,327.3049,0.0002,0.0002,327.3049,,,,,,,,,,,,0.0,0.0,0.0,0.0,0
47.62,19.554,-29.2951,327.3049,0.0002,0.0002,327.3049,,,,,,,,,,,,0.0,0.0,0.0,0.0,0
47.64,19.554,-29.2951,327.3049,0.0002,0.0002,327.3049,,,,,,,,,,,,0.0,0.0,0.0,0.0,0
47.66,19.554,-29.2951,327.3049,0.0002,0.0002,327.3049,,,,,,,,,,,,0.0,0.0,0.0,0.0,0
47.68,19.554,-29.2951,327.3049,0.0002,0.0002,327.3049,,,,,,,,,,,,0.0,0.0,0.0,0.0,0
47.7,19.554,-29.2951,327.3049,0.0002,0.0002,327.3049,,,,,,,,,,,,0.0,0.0,0.0,0.0,0
47.72,19.554,-29.2951,327.3049,0.0002,0.0002,327.3049,,,,,,,,,,,,0.0,0.0,0.0,0.0,0
47.74,19.554,-29.2951,327.3049,0.0002,0.0002,327.3049,,,,,,,,,,,,0.0,0.0,0.0,0.0,0
47.76,19.554,-29.2951,327.3049,0.0002,0.0002,327.3049,,,,,,,,,,,,0.0,0.0,0.0,0.0,0
47.78,19.554,-29.2951,327.3049,0.0002,0.0002,327.3049,,,,,,,,,,,,0.0,0.0,0.0,0.0,0
47.8,19.554,-29.2951,327.3049,0.0002,0.0002,327.3049,,,,,,,,,,,,0.0,0.0,0.0,0.0,0
47.82,19.554,-29.2951,327.3049,0.0002,0.0002,327.3049,,,,,,,,,,,,0.0,0.0,0.0,0.0,0
47.84,19.554,-29.2951,327.3049,0.0002,0.0002,327.3049,,,,,,,,,,,,0.0,0.0,0.0,0.0,0
47.86,19.554,-29.2951,327.3049,0.0002,0.0002,327.3049,,,,,,,,,,,,0.0,0.0,0.0,0.0,0
47.88,19.554,-29.2951,327.3049,0.0002,0.0002,327.3049,,,,,,,,,,,,0.0,0.0,0.0,0.0,0
47.9,19.554,-29.2951,327.3049,0.0002,0.0002,327.3049,,,,,,,,,,,,0.0,0.0,0.0,0.0,0
47.92,19.554,-29.2951,327.3049,0.0002,0.0002,327.3049,,,,,,,,,,,,0.0,0.0,0.0,0.0,0
47.94,19.554,-29.2951,327.3049,0.0002,0.0002,327.3049,,,,,,,,,,,,0.0,0.0,0.0,0.0,0
47.96,19.554,-29.2951,327.3049,0.0002,0.0002,327.3049,,,,,,,,,,,,0.0,0.0,0.0,0.0,0
47.98,19.554,-29.2951,327.3049,0.0002,0.0002,327.3049,,,,,,,,,,,,0.0,0.0,0.0,0.0,0
48.0,19.554,-29.2951,327.3049,0.0002,0.0002,327.3049,,,,,,,,,,,,0.0,0.0,0.0,0.0,0
48.02,19.554,-29.2951,327.3049,0.0002,0.0002,327.3049,,,,,,,,,,,,0.0,0.0,0.0,0.0,0
48.04,19.554,-29.2951,327.3049,0.0002,0.0002,327.3049,,,,,,,,,,,,0.0,0.0,0.0,0.0,0
48.06,19.554,-29.2951,327.3049,0.0002,0.0002,327.3049,,,,,,,,,,,,0.0,0.0,0.0,0.0,0
48.08,19.554,-29.2951,327.3049,0.0002,0.0002,327.3049,,,,,,,,,,,,0.0,0.0,0.0,0.0,0
48.1,19.554,-29.2951,327.3049,0.0002,0.0002,327.3049,,,,,,,,,,,,0.0,0.0,0.0,0.0,0
48.12,19.554,-29.2951,327.3049,0.0002,0.0002,327.3049,,,,,,,,,,,,0.0,0.0,0.0,0.0,0
48.14,19.554,-29.2951,327.3049,0.0002,0.0002,327.3049,,,,,,,,,,,,0.0,0.0,0.0,0.0,0
48.16,19.554,-29.2951,327.3049,0.0002,0.0002,327.3049,,,,,,,,,,,,0.0,0.0,0.0,0.0,0
48.18,19.554,-29.2951,327.3049,0.0002,0.0002,327.3049,,,,,,,,,,,,0.0,0.0,0.0,0.0,0
48.2,19.554,-29.2951,327.3049,0.0002,0.0002,327.3049,,,,,,,,,,,,0.0,0.0,0.0,0.0,0
48.22,19.554,-29.2951,327.3049,0.0002,0.0002,327.3049,,,,,,,,,,,,0.0,0.0,0.0,0.0,0
48.24,19.554,-29.2951,327.3049,0.0002,0.0002,327.3049,,,,,,,,,,,,0.0,0.0,0.0,0.0,0
48.26,19.554,-29.2951,327.3049,0.0002,0.0002,327.3049,,,,,,,,,,,,0.0,0.0,0.0,0.0,0
48.28,19.554,-29.2951,327.3049,0.0002,0.0002,327.3049,,,,,,,,,,,,0.0,0.0,0.0,0.0,0
48.3,19.554,-29.2951,327.3049,0.0002,0.0002,327.3049,,,,,,,,,,,,0.0,0.0,0.0,0.0,0
48.32,19.554,-29.2951,327.3049,0.0002,0.0002,327.3049,,,,,,,,,,,,0.0,0.0,0.0,0.0,0
48.34,19.554,-29.2951,327.3049,0.0002,0.0002,327.3049,,,,,,,,,,,,0.0,0.0,0.0,0.0,0
48.36,19.554,-29.2951,327.3049,0.0002,0.0002,327.3049,,,,,,,,,,,,0.0,0.0,0.0,0.0,0
48.38,19.554,-29.2951,327.3049,0.0002,0.0002,327.3049,,,,,,,,,,,,0.0,0.0,0.0,0.0,0
48.4,19.554,-29.2951,327.3049,0.0002,0.0002,327.3049,,,,,,,,,,,,0.0,0.0,0.0,0.0,0
48.42,19.554,-29.2951,327.3049,0.0002,0.0002,327.3049,,,,,,,,,,,,0.0,0.0,0.0,0.0,0
48.44,19.554,-29.2951,327.3049,0.0002,0.0002,327.3049,,,,,,,,,,,,0.0,0.0,0.0,0.0,0
48.46,19.554,-29.2951,327.3049,0.0002,0.0002,327.3049,,,,,,,,,,,,0.0,0.0,0.0,0.0,0
48.48,19.554,-29.2951,327.3049,0.0002,0.0002,327.3049,,,,,,,,,,,,0.0,0.0,0.0,0.0,0
48.5,19.554,-29.2951,327.3049,0.0002,0.0002,327.3049,,,,,,,,,,,,0.0,0.0,0.0,0.0,0
48.52,19.554,-29.2951,327.3049,0.0002,0.0002,327.3049,,,,,,,,,,,,0.0,0.0,0.0,0.0,0
48.54,19.554,-29.2951,327.3049,0.0002,0.0002,327.3049,,,,,,,,,,,,0.0,0.0,0.0,0.0,0
48.56,19.554,-29.2951,327.3049,0.0002,0.0002,327.3049,,,,,,,,,,,,0.0,0.0,0.0,0.0,0
48.58,19.554,-29.2951,327.3049,0.0002,0.0002,327.3049,,,,,,,,,,,,0.0,0.0,0.0,0.0,0
48.6,19.554,-29.2951,327.3049,0.0002,0.0002,327.3049,,,,,,,,,,,,0.0,0.0,0.0,0.0,0
48.62,19.554,-29.2951,327.3049,0.0002,0.0002,327.3049,,,,,,,,,,,,0.0,0.0,0.0,0.0,0
48.64,19.554,-29.2951,327.3049,0.0002,0.0002,327.3049,,,,,,,,,,,,0.0,0.0,0.0,0.0,0
48.66,19.554,-29.2951,327.3049,0.0002,0.0002,327.3049,,,,,,,,,,,,0.0,0.0,0.0,0.0,0
48.68,19.554,-29.2951,327.3049,0.0002,0.0002,327.3049,,,,,,,,,,,,0.0,0.0,0.0,0.0,0
48.7,19.554,-29.2951,327.3049,0.0002,0.0002,327.3049,,,,,,,,,,,,0.0,0.0,0.0,0.0,0
48.72,19.554,-29.2951,327.3049,0.0002,0.0002,327.3049,,,,,,,,,,,,0.0,0.0,0.0,0.0,0
48.74,19.554,-29.2951,327.3049,0.0002,0.0002,327.3049,,,,,,,,,,,,0.0,0.0,0.0,0.0,0
48.76,19.554,-29.2951,327.3049,0.0002,0.0002,327.3049,,,,,,,,,,,,0.0,0.0,0.0,0.0,0
48.78,19.554,-29.2951,327.3049,0.0002,0.0002,327.3049,,,,,,,,,,,,0.0,0.0,0.0,0.0,0
48.8,19.554,-29.2951,327.3049,0.0002,0.0002,327.3049,,,,,,,,,,,,0.0,0.0,0.0,0.0,0
48.82,19.554,-29.2951,327.3049,0.0002,0.0002,327.3049,,,,,,,,,,,,0.0,0.0,0.0,0.0,0
48.84,19.554,-29.2951,327.3049,0.0002,0.0002,327.3049,,,,,,,,,,,,0.0,0.0,0.0,0.0,0
48.86,19.554,-29.2951,327.3049,0.0002,0.0002,327.3049,,,,,,,,,,,,0.0,0.0,0.0,0.0,0
48.88,19.554,-29.2951,327.3049,0.0002,0.0002,327.3049,,,,,,,,,,,,0.0,0.0,0.0,0.0,0
48.9,19.554,-29.2951,327.3049,0.0002,0.0002,327.3049,,,,,,,,,,,,0.0,0.0,0.0,0.0,0
48.92,19.554,-29.2951,327.3049,0.0002,0.0002,327.3049,,,,,,,,,,,,0.0,0.0,0.0,0.0,0
48.94,19.554,-29.2951,327.3049,0.0002,0.0002,327.3049,,,,,,,,,,,,0.0,0.0,0.0,0.0,0
48.96,19.554,-29.2951,327.3049,0.0002,0.0002,327.3049,,,,,,,,,,,,0.0,0.0,0.0,0.0,0
48.98,19.554,-29.2951,327.3049,0.0002,0.0002,327.3049,,,,,,,,,,,,0.0,0.0,0.0,0.0,0
49.0,19.554,-29.2951,327.3049,0.0002,0.0002,327.3049,,,,,,,,,,,,0.0,0.0,0.0,0.0,0
49.02,19.554,-29.2951,327.3049,0.0002,0.0002,327.3049,,,,,,,,,,,,0.0,0.0,0.0,0.0,0
49.04,19.554,-29.2951,327.3049,0.0002,0.0002,327.3049,,,,,,,,,,,,0.0,0.0,0.0,0.0,0
49.06,19.554,-29.2951,327.3049,0.0002,0.0002,327.3049,,,,,,,,,,,,0.0,0.0,0.0,0.0,0
49.08,19.554,-29.2951,327.3049,0.0002,0.0002,327.3049,,,,,,,,,,,,0.0,0.0,0.0,0.0,0
49.1,19.554,-29.2951,327.3049,0.0002,0.0002,327.3049,,,,,,,,,,,,0.0,0.0,0.0,0.0,0
49.12,19.554,-29.2951,327.3049,0.0002,0.0002,327.3049,,,,,,,,,,,,0.0,0.0,0.0,0.0,0
49.14,19.554,-29.2951,327.3049,0.0002,0.0002,327.3049,,,,,,,,,,,,0.0,0.0,0.0,0.0,0
49.16,19.554,-29.2951,327.3049,0.0002,0.0002,327.3049,,,,,,,,,,,,0.0,0.0,0.0,0.0,0
49.18,19.554,-29.2951,327.3049,0.0002,0.0002,327.3049,,,,,,,,,,,,0.0,0.0,0.0,0.0,0
49.2,19.554,-29.2951,327.3049,0.0002,0.0002,327.3049,,,,,,,,,,,,0.0,0.0,0.0,0.0,0
49.22,19.554,-29.2951,327.3049,0.0002,0.0002,327.3049,,,,,,,,,,,,0.0,0.0,0.0,0.0,0
49.24,19.554,-29.2951,327.3049,0.0002,0.0002,327.3049,,,,,,,,,,,,0.0,0.0,0.0,0.0,0
49.26,19.554,-29.2951,327.3049,0.0002,0.0002,327.3049,,,,,,,,,,,,0.0,0.0,0.0,0.0,0
49.28,19.554,-29.2951,327.3049,0.0002,0.0002,327.3049,,,,,,,,,,,,0.0,0.0,0.0,0.0,0
49.3,19.554,-29.2951,327.3049,0.0002,0.0002,327.3049,,,,,,,,,,,,0.0,0.0,0.0,0.0,0
49.32,19.554,-29.2951,327.3049,0.0002,0.0002,327.3049,,,,,,,,,,,,0.0,0.0,0.0,0.0,0
49.34,19.554,-29.2951,327.3049,0.0002,0.0002,327.3049,,,,,,,,,,,,0.0,0.0,0.0,0.0,0
49.36,19.554,-29.2951,327.3049,0.0002,0.0002,327.3049,,,,,,,,,,,,0.0,0.0,0.0,0.0,0
49.38,19.554,-29.2951,327.3049,0.0002,0.0002,327.3049,,,,,,,,,,,,0.0,0.0,0.0,0.0,0
49.4,19.554,-29.2951,327.3049,0.0002,0.0002,327.3049,,,,,,,,,,,,0.0,0.0,0.0,0.0,0
49.42,19.554,-29.2951,327.3049,0.0002,0.0002,327.3049,,,,,,,,,,,,0.0,0.0,0.0,0.0,0
49.44,19.554,-29.2951,327.3049,0.0002,0.0002,327.3049,,,,,,,,,,,,0.0,0.0,0.0,0.0,0
49.46,19.554,-29.2951,327.3049,0.0002,0.0002,327.3049,,,,,,,,,,,,0.0,0.0,0.0,0.0,0
49.48,19.554,-29.2951,327.3049,0.0002,0.0002,327.3049,,,,,,,,,,,,0.0,0.0,0.0,0.0,0
49.5,19.554,-29.2951,327.3049,0.0002,0.0002,327.3049,,,,,,,,,,,,0.0,0.0,0.0,0.0,0
49.52,19.554,-29.2951,327.3049,0.0002,0.0002,327.3049,,,,,,,,,,,,0.0,0.0,0.0,0.0,0
49.54,19.554,-29.2951,327.3049,0.0002,0.0002,327.3049,,,,,,,,,,,,0.0,0.0,0.0,0.0,0
49.56,19.554,-29.2951,327.3049,0.0002,0.0002,327.3049,,,,,,,,,,,,0.0,0.0,0.0,0.0,0
49.58,19.554,-29.2951,327.3049,0.0002,0.0002,327.3049,,,,,,,,,,,,0.0,0.0,0.0,0.0,0
49.6,19.554,-29.2951,327.3049,0.0002,0.0002,327.3049,,,,,,,,,,,,0.0,0.0,0.0,0.0,0
49.62,19.554,-29.2951,327.3049,0.0002,0.0002,327.3049,,,,,,,,,,,,0.0,0.0,0.0,0.0,0
49.64,19.554,-29.2951,327.3049,0.0002,0.0002,327.3049,,,,,,,,,,,,0.0,0.0,0.0,0.0,0
49.66,19.554,-29.2951,327.3049,0.0002,0.0002,327.3049,,,,,,,,,,,,0.0,0.0,0.0,0.0,0
49.68,19.554,-29.2951,327.3049,0.0002,0.0002,327.3049,,,,,,,,,,,,0.0,0.0,0.0,0.0,0
49.7,19.554,-29.2951,327.3049,0.0002,0.0002,327.3049,,,,,,,,,,,,0.0,0.0,0.0,0.0,0
49.72,19.554,-29.2951,327.3049,0.0002,0.0002,327.3049,,,,,,,,,,,,0.0,0.0,0.0,0.0,0
49.74,19.554,-29.2951,327.3049,0.0002,0.0002,327.3049,,,,,,,,,,,,0.0,0.0,0.0,0.0,0
49.76,19.554,-29.2951,327.3049,0.0002,0.0002,327.3049,,,,,,,,,,,,0.0,0.0,0.0,0.0,0
49.78,19.554,-29.2951,327.3049,0.0002,0.0002,327.3049,,,,,,,,,,,,0.0,0.0,0.0,0.0,0
49.8,19.554,-29.2951,327.3049,0.0002,0.0002,327.3049,,,,,,,,,,,,0.0,0.0,0.0,0.0,0
49.82,19.554,-29.2951,327.3049,0.0002,0.0002,327.3049,,,,,,,,,,,,0.0,0.0,0.0,0.0,0
49.84,19.554,-29.2951,327.3049,0.0002,0.0002,327.3049,,,,,,,,,,,,0.0,0.0,0.0,0.0,0
49.86,19.554,-29.2951,327.3049,0.0002,0.0002,327.3049,,,,,,,,,,,,0.0,0.0,0.0,0.0,0
49.88,19.554,-29.2951,327.3049,0.0002,0.0002,327.3049,,,,,,,,,,,,0.0,0.0,0.0,0.0,0
49.9,19.554,-29.2951,327.3049,0.0002,0.0002,327.3049,,,,,,,,,,,,0.0,0.0,0.0,0.0,0
49.92,19.554,-29.2951,327.3049,0.0002,0.0002,327.3049,,,,,,,,,,,,0.0,0.0,0.0,0.0,0
49.94,19.554,-29.2951,327.3049,0.0002,0.0002,327.3049,,,,,,,,,,,,0.0,0.0,0.0,0.0,0
49.96,19.554,-29.2951,327.3049,0.0002,0.0002,327.3049,,,,,,,,,,,,0.0,0.0,0.0,0.0,0
49.98,19.554,-29.2951,327.3049,0.0002,0.0002,327.3049,,,,,,,,,,,,0.0,0.0,0.0,0.0,0
50.0,19.554,-29.2951,327.3049,0.0002,0.0002,327.3049,,,,,,,,,,,,0.0,0.0,0.0,0.0,0
50.02,19.554,-29.2951,327.3049,0.0002,0.0002,327.3049,,,,,,,,,,,,0.0,0.0,0.0,0.0,0
50.04,19.554,-29.2951,327.3049,0.0002,0.0002,327.3049,,,,,,,,,,,,0.0,0.0,0.0,0.0,0
50.06,19.554,-29.2951,327.3049,0.0002,0.0002,327.3049,,,,,,,,,,,,0.0,0.0,0.0,0.0,0
50.08,19.554,-29.2951,327.3049,0.0002,0.0002,327.3049,,,,,,,,,,,,0.0,0.0,0.0,0.0,0
50.1,19.554,-29.2951,327.3049,0.0002,0.0002,327.3049,,,,,,,,,,,,0.0,0.0,0.0,0.0,0
50.12,19.554,-29.2951,327.3049,0.0002,0.0002,327.3049,,,,,,,,,,,,0.0,0.0,0.0,0.0,0
50.14,19.554,-29.2951,327.3049,0.0002,0.0002,327.3049,,,,,,,,,,,,0.0,0.0,0.0,0.0,0
50.16,19.554,-29.2951,327.3049,0.0002,0.0002,327.3049,,,,,,,,,,,,0.0,0.0,0.0,0.0,0
50.18,19.554,-29.2951,327.3049,0.0002,0.0002,327.3049,,,,,,,,,,,,0.0,0.0,0.0,0.0,0
50.2,19.554,-29.2951,327.3049,0.0002,0.0002,327.3049,,,,,,,,,,,,0.0,0.0,0.0,0.0,0
50.22,19.554,-29.2951,327.3049,0.0002,0.0002,327.3049,,,,,,,,,,,,0.0,0.0,0.0,0.0,0
50.24,19.554,-29.2951,327.3049,0.0002,0.0002,327.3049,,,,,,,,,,,,0.0,0.0,0.0,0.0,0
50.26,19.554,-29.2951,327.3049,0.0002,0.0002,327.3049,,,,,,,,,,,,0.0,0.0,0.0,0.0,0
50.28,19.554,-29.2951,327.3049,0.0002,0.0002,327.3049,,,,,,,,,,,,0.0,0.0,0.0,0.0,0
50.3,19.554,-29.2951,327.3049,0.0002,0.0002,327.3049,,,,,,,,,,,,0.0,0.0,0.0,0.0,0
50.32,19.554,-29.2951,327.3049,0.0002,0.0002,327.3049,,,,,,,,,,,,0.0,0.0,0.0,0.0,0
50.34,19.554,-29.2951,327.3049,0.0002,0.0002,327.3049,,,,,,,,,,,,0.0,0.0,0.0,0.0,0
50.36,19.554,-29.2951,327.3049,0.0002,0.0002,327.3049,,,,,,,,,,,,0.0,0.0,0.0,0.0,0
50.38,19.554,-29.2951,327.3049,0.0002,0.0002,327.3049,,,,,,,,,,,,0.0,0.0,0.0,0.0,0
50.4,19.554,-29.2951,327.3049,0.0002,0.0002,327.3049,,,,,,,,,,,,0.0,0.0,0.0,0.0,0
50.42,19.554,-29.2951,327.3049,0.0002,0.0002,327.3049,,,,,,,,,,,,0.0,0.0,0.0,0.0,0
50.44,19.554,-29.2951,327.3049,0.0002,0.0002,327.3049,,,,,,,,,,,,0.0,0.0,0.0,0.0,0
50.46,19.554,-29.2951,327.3049,0.0002,0.0002,327.3049,,,,,,,,,,,,0.0,0.0,0.0,0.0,0
50.48,19.554,-29.2951,327.3049,0.0002,0.0002,327.3049,,,,,,,,,,,,0.0,0.0,0.0,0.0,0
50.5,19.554,-29.2951,327.3049,0.0002,0.0002,327.3049,,,,,,,,,,,,0.0,0.0,0.0,0.0,0
50.52,19.554,-29.2951,327.3049,0.0002,0.0002,327.3049,,,,,,,,,,,,0.0,0.0,0.0,0.0,0
50.54,19.554,-29.2951,327.3049,0.0002,0.0002,327.3049,,,,,,,,,,,,0.0,0.0,0.0,0.0,0
50.56,19.554,-29.2951,327.3049,0.0002,0.0002,327.3049,,,,,,,,,,,,0.0,0.0,0.0,0.0,0
50.58,19.554,-29.2951,327.3049,0.0002,0.0002,327.3049,,,,,,,,,,,,0.0,0.0,0.0,0.0,0
50.6,19.554,-29.2951,327.3049,0.0002,0.0002,327.3049,,,,,,,,,,,,0.0,0.0,0.0,0.0,0
50.62,19.554,-29.2951,327.3049,0.0002,0.0002,327.3049,,,,,,,,,,,,0.0,0.0,0.0,0.0,0
50.64,19.554,-29.2951,327.3049,0.0002,0.0002,327.3049,,,,,,,,,,,,0.0,0.0,0.0,0.0,0
50.66,19.554,-29.2951,327.3049,0.0002,0.0002,327.3049,,,,,,,,,,,,0.0,0.0,0.0,0.0,0
50.68,19.554,-29.2951,327.3049,0.0002,0.0002,327.3049,,,,,,,,,,,,0.0,0.0,0.0,0.0,0
50.7,19.554,-29.2951,327.3049,0.0002,0.0002,327.3049,,,,,,,,,,,,0.0,0.0,0.0,0.0,0
50.72,19.554,-29.2951,327.3049,0.0002,0.0002,327.3049,,,,,,,,,,,,0.0,0.0,0.0,0.0,0
50.74,19.554,-29.2951,327.3049,0.0002,0.0002,327.3049,,,,,,,,,,,,0.0,0.0,0.0,0.0,0
50.76,19.554,-29.2951,327.3049,0.0002,0.0002,327.3049,,,,,,,,,,,,0.0,0.0,0.0,0.0,0
50.78,19.554,-29.2951,327.3049,0.0002,0.0002,327.3049,,,,,,,,,,,,0.0,0.0,0.0,0.0,0
50.8,19.554,-29.2951,327.3049,0.0002,0.0002,327.3049,,,,,,,,,,,,0.0,0.0,0.0,0.0,0
50.82,19.554,-29.2951,327.3049,0.0002,0.0002,327.3049,,,,,,,,,,,,0.0,0.0,0.0,0.0,0
50.84,19.554,-29.2951,327.3049,0.0002,0.0002,327.3049,,,,,,,,,,,,0.0,0.0,0.0,0.0,0
50.86,19.554,-29.2951,327.3049,0.0002,0.0002,327.3049,,,,,,,,,,,,0.0,0.0,0.0,0.0,0
50.88,19.554,-29.2951,327.3049,0.0002,0.0002,327.3049,,,,,,,,,,,,0.0,0.0,0.0,0.0,0
50.9,19.554,-29.2951,327.3049,0.0002,0.0002,327.3049,,,,,,,,,,,,0.0,0.0,0.0,0.0,0
50.92,19.554,-29.2951,327.3049,0.0002,0.0002,327.3049,,,,,,,,,,,,0.0,0.0,0.0,0.0,0
50.94,19.554,-29.2951,327.3049,0.0002,0.0002,327.3049,,,,,,,,,,,,0.0,0.0,0.0,0.0,0
50.96,19.554,-29.2951,327.3049,0.0002,0.0002,327.3049,,,,,,,,,,,,0.0,0.0,0.0,0.0,0
50.98,19.554,-29.2951,327.3049,0.0002,0.0002,327.3049,,,,,,,,,,,,0.0,0.0,0.0,0.0,0
51.0,19.554,-29.2951,327.3049,0.0002,0.0002,327.3049,,,,,,,,,,,,0.0,0.0,0.0,0.0,0
51.02,19.554,-29.2951,327.3049,0.0002,0.0002,327.3049,,,,,,,,,,,,0.0,0.0,0.0,0.0,0
51.04,19.554,-29.2951,327.3049,0.0002,0.0002,327.3049,,,,,,,,,,,,0.0,0.0,0.0,0.0,0
51.06,19.554,-29.2951,327.3049,0.0002,0.0002,327.3049,,,,,,,,,,,,0.0,0.0,0.0,0.0,0
51.08,19.554,-29.2951,327.3049,0.0002,0.0002,327.3049,,,,,,,,,,,,0.0,0.0,0.0,0.0,0
51.1,19.554,-29.2951,327.3049,0.0002,0.0002,327.3049,,,,,,,,,,,,0.0,0.0,0.0,0.0,0
51.12,19.554,-29.2951,327.3049,0.0002,0.0002,327.3049,,,,,,,,,,,,0.0,0.0,0.0,0.0,0
51.14,19.554,-29.2951,327.3049,0.0002,0.0002,327.3049,,,,,,,,,,,,0.0,0.0,0.0,0.0,0
51.16,19.554,-29.2951,327.3049,0.0002,0.0002,327.3049,,,,,,,,,,,,0.0,0.0,0.0,0.0,0
51.18,19.554,-29.2951,327.3049,0.0002,0.0002,327.3049,,,,,,,,,,,,0.0,0.0,0.0,0.0,0
51.2,19.554,-29.2951,327.3049,0.0002,0.0002,327.3049,,,,,,,,,,,,0.0,0.0,0.0,0.0,0
51.22,19.554,-29.2951,327.3049,0.0002,0.0002,327.3049,,,,,,,,,,,,0.0,0.0,0.0,0.0,0
51.24,19.554,-29.2951,327.3049,0.0002,0.0002,327.3049,,,,,,,,,,,,0.0,0.0,0.0,0.0,0
51.26,19.554,-29.2951,327.3049,0.0002,0.0002,327.3049,,,,,,,,,,,,0.0,0.0,0.0,0.0,0
51.28,19.554,-29.2951,327.3049,0.0002,0.0002,327.3049,,,,,,,,,,,,0.0,0.0,0.0,0.0,0
51.3,19.554,-29.2951,327.3049,0.0002,0.0002,327.3049,,,,,,,,,,,,0.0,0.0,0.0,0.0,0
51.32,19.554,-29.2951,327.3049,0.0002,0.0002,327.3049,,,,,,,,,,,,0.0,0.0,0.0,0.0,0
51.34,19.554,-29.2951,327.3049,0.0002,0.0002,327.3049,,,,,,,,,,,,0.0,0.0,0.0,0.0,0
51.36,19.554,-29.2951,327.3049,0.0002,0.0002,327.3049,,,,,,,,,,,,0.0,0.0,0.0,0.0,0
51.38,19.554,-29.2951,327.3049,0.0002,0.0002,327.3049,,,,,,,,,,,,0.0,0.0,0.0,0.0,0
51.4,19.554,-29.2951,327.3049,0.0002,0.0002,327.3049,,,,,,,,,,,,0.0,0.0,0.0,0.0,0
51.42,19.554,-29.2951,327.3049,0.0002,0.0002,327.3049,,,,,,,,,,,,0.0,0.0,0.0,0.0,0
51.44,19.554,-29.2951,327.3049,0.0002,0.0002,327.3049,,,,,,,,,,,,0.0,0.0,0.0,0.0,0
51.46,19.554,-29.2951,327.3049,0.0002,0.0002,327.3049,,,,,,,,,,,,0.0,0.0,0.0,0.0,0
51.48,19.554,-29.2951,327.3049,0.0002,0.0002,327.3049,,,,,,,,,,,,0.0,0.0,0.0,0.0,0
51.5,19.554,-29.2951,327.3049,0.0002,0.0002,327.3049,,,,,,,,,,,,0.0,0.0,0.0,0.0,0
51.52,19.554,-29.2951,327.3049,0.0002,0.0002,327.3049,,,,,,,,,,,,0.0,0.0,0.0,0.0,0
51.54,19.554,-29.2951,327.3049,0.0002,0.0002,327.3049,,,,,,,,,,,,0.0,0.0,0.0,0.0,0
51.56,19.554,-29.2951,327.3049,0.0002,0.0002,327.3049,,,,,,,,,,,,0.0,0.0,0.0,0.0,0
51.58,19.554,-29.2951,327.3049,0.0002,0.0002,327.3049,,,,,,,,,,,,0.0,0.0,0.0,0.0,0
51.6,19.554,-29.2951,327.3049,0.0002,0.0002,327.3049,,,,,,,,,,,,0.0,0.0,0.0,0.0,0
51.62,19.554,-29.2951,327.3049,0.0002,0.0002,327.3049,,,,,,,,,,,,0.0,0.0,0.0,0.0,0
51.64,19.554,-29.2951,327.3049,0.0002,0.0002,327.3049,,,,,,,,,,,,0.0,0.0,0.0,0.0,0
51.66,19.554,-29.2951,327.3049,0.0002,0.0002,327.3049,,,,,,,,,,,,0.0,0.0,0.0,0.0,0
51.68,19.554,-29.2951,327.3049,0.0002,0.0002,327.3049,,,,,,,,,,,,0.0,0.0,0.0,0.0,0
51.7,19.554,-29.2951,327.3049,0.0002,0.0002,327.3049,,,,,,,,,,,,0.0,0.0,0.0,0.0,0
51.72,19.554,-29.2951,327.3049,0.0002,0.0002,327.3049,,,,,,,,,,,,0.0,0.0,0.0,0.0,0
51.74,19.554,-29.2951,327.3049,0.0002,0.0002,327.3049,,,,,,,,,,,,0.0,0.0,0.0,0.0,0
51.76,19.554,-29.2951,327.3049,0.0002,0.0002,327.3049,,,,,,,,,,,,0.0,0.0,0.0,0.0,0
51.78,19.554,-29.2951,327.3049,0.0002,0.0002,327.3049,,,,,,,,,,,,0.0,0.0,0.0,0.0,0
51.8,19.554,-29.2951,327.3049,0.0002,0.0002,327.3049,,,,,,,,,,,,0.0,0.0,0.0,0.0,0
51.82,19.554,-29.2951,327.3049,0.0002,0.0002,327.3049,,,,,,,,,,,,0.0,0.0,0.0,0.0,0
51.84,19.554,-29.2951,327.3049,0.0002,0.0002,327.3049,,,,,,,,,,,,0.0,0.0,0.0,0.0,0
51.86,19.554,-29.2951,327.3049,0.0002,0.0002,327.3049,,,,,,,,,,,,0.0,0.0,0.0,0.0,0
51.88,19.554,-29.2951,327.3049,0.0002,0.0002,327.3049,,,,,,,,,,,,0.0,0.0,0.0,0.0,0
51.9,19.554,-29.2951,327.3049,0.0002,0.0002,327.3049,,,,,,,,,,,,0.0,0.0,0.0,0.0,0
51.92,19.554,-29.2951,327.3049,0.0002,0.0002,327.3049,,,,,,,,,,,,0.0,0.0,0.0,0.0,0
51.94,19.554,-29.2951,327.3049,0.0002,0.0002,327.3049,,,,,,,,,,,,0.0,0.0,0.0,0.0,0
51.96,19.554,-29.2951,327.3049,0.0002,0.0002,327.3049,,,,,,,,,,,,0.0,0.0,0.0,0.0,0
51.98,19.554,-29.2951,327.3049,0.0002,0.0002,327.3049,,,,,,,,,,,,0.0,0.0,0.0,0.0,0
52.0,19.554,-29.2951,327.3049,0.0002,0.0002,327.3049,,,,,,,,,,,,0.0,0.0,0.0,0.0,0
52.02,19.554,-29.2951,327.3049,0.0002,0.0002,327.3049,,,,,,,,,,,,0.0,0.0,0.0,0.0,0
52.04,19.554,-29.2951,327.3049,0.0002,0.0002,327.3049,,,,,,,,,,,,0.0,0.0,0.0,0.0,0
52.06,19.554,-29.2951,327.3049,0.0002,0.0002,327.3049,,,,,,,,,,,,0.0,0.0,0.0,0.0,0
52.08,19.554,-29.2951,327.3049,0.0002,0.0002,327.3049,,,,,,,,,,,,0.0,0.0,0.0,0.0,0
52.1,19.554,-29.2951,327.3049,0.0002,0.0002,327.3049,,,,,,,,,,,,0.0,0.0,0.0,0.0,0
52.12,19.554,-29.2951,327.3049,0.0002,0.0002,327.3049,,,,,,,,,,,,0.0,0.0,0.0,0.0,0
52.14,19.554,-29.2951,327.3049,0.0002,0.0002,327.3049,,,,,,,,,,,,0.0,0.0,0.0,0.0,0
52.16,19.554,-29.2951,327.3049,0.0002,0.0002,327.3049,,,,,,,,,,,,0.0,0.0,0.0,0.0,0
52.18,19.554,-29.2951,327.3049,0.0002,0.0002,327.3049,,,,,,,,,,,,0.0,0.0,0.0,0.0,0
52.2,19.554,-29.2951,327.3049,0.0002,0.0002,327.3049,,,,,,,,,,,,0.0,0.0,0.0,0.0,0
52.22,19.554,-29.2951,327.3049,0.0002,0.0002,327.3049,,,,,,,,,,,,0.0,0.0,0.0,0.0,0
52.24,19.554,-29.2951,327.3049,0.0002,0.0002,327.3049,,,,,,,,,,,,0.0,0.0,0.0,0.0,0
52.26,19.554,-29.2951,327.3049,0.0002,0.0002,327.3049,,,,,,,,,,,,0.0,0.0,0.0,0.0,0
52.28,19.554,-29.2951,327.3049,0.0002,0.0002,327.3049,,,,,,,,,,,,0.0,0.0,0.0,0.0,0
52.3,19.554,-29.2951,327.3049,0.0002,0.0002,327.3049,,,,,,,,,,,,0.0,0.0,0.0,0.0,0
52.32,19.554,-29.2951,327.3049,0.0002,0.0002,327.3049,,,,,,,,,,,,0.0,0.0,0.0,0.0,0
52.34,19.554,-29.2951,327.3049,0.0002,0.0002,327.3049,,,,,,,,,,,,0.0,0.0,0.0,0.0,0
52.36,19.554,-29.2951,327.3049,0.0002,0.0002,327.3049,,,,,,,,,,,,0.0,0.0,0.0,0.0,0
52.38,19.554,-29.2951,327.3049,0.0002,0.0002,327.3049,,,,,,,,,,,,0.0,0.0,0.0,0.0,0
52.4,19.554,-29.2951,327.3049,0.0002,0.0002,327.3049,,,,,,,,,,,,0.0,0.0,0.0,0.0,0
52.42,19.554,-29.2951,327.3049,0.0002,0.0002,327.3049,,,,,,,,,,,,0.0,0.0,0.0,0.0,0
52.44,19.554,-29.2951,327.3049,0.0002,0.0002,327.3049,,,,,,,,,,,,0.0,0.0,0.0,0.0,0
52.46,19.554,-29.2951,327.3049,0.0002,0.0002,327.3049,,,,,,,,,,,,0.0,0.0,0.0,0.0,0
52.48,19.554,-29.2951,327.3049,0.0002,0.0002,327.3049,,,,,,,,,,,,0.0,0.0,0.0,0.0,0
52.5,19.554,-29.2951,327.3049,0.0002,0.0002,327.3049,,,,,,,,,,,,0.0,0.0,0.0,0.0,0
52.52,19.554,-29.2951,327.3049,0.0002,0.0002,327.3049,,,,,,,,,,,,0.0,0.0,0.0,0.0,0
52.54,19.554,-29.2951,327.3049,0.0002,0.0002,327.3049,,,,,,,,,,,,0.0,0.0,0.0,0.0,0
52.56,19.554,-29.2951,327.3049,0.0002,0.0002,327.3049,,,,,,,,,,,,0.0,0.0,0.0,0.0,0
52.58,19.554,-29.2951,327.3049,0.0002,0.0002,327.3049,,,,,,,,,,,,0.0,0.0,0.0,0.0,0
52.6,19.554,-29.2951,327.3049,0.0002,0.0002,327.3049,,,,,,,,,,,,0.0,0.0,0.0,0.0,0
52.62,19.554,-29.2951,327.3049,0.0002,0.0002,327.3049,,,,,,,,,,,,0.0,0.0,0.0,0.0,0
52.64,19.554,-29.2951,327.3049,0.0002,0.0002,327.3049,,,,,,,,,,,,0.0,0.0,0.0,0.0,0
52.66,19.554,-29.2951,327.3049,0.0002,0.0002,327.3049,,,,,,,,,,,,0.0,0.0,0.0,0.0,0
52.68,19.554,-29.2951,327.3049,0.0002,0.0002,327.3049,,,,,,,,,,,,0.0,0.0,0.0,0.0,0
52.7,19.554,-29.2951,327.3049,0.0002,0.0002,327.3049,,,,,,,,,,,,0.0,0.0,0.0,0.0,0
52.72,19.554,-29.2951,327.3049,0.0002,0.0002,327.3049,,,,,,,,,,,,0.0,0.0,0.0,0.0,0
52.74,19.554,-29.2951,327.3049,0.0002,0.0002,327.3049,,,,,,,,,,,,0.0,0.0,0.0,0.0,0
52.76,19.554,-29.2951,327.3049,0.0002,0.0002,327.3049,,,,,,,,,,,,0.0,0.0,0.0,0.0,0
52.78,19.554,-29.2951,327.3049,0.0002,0.0002,327.3049,,,,,,,,,,,,0.0,0.0,0.0,0.0,0
52.8,19.554,-29.2951,327.3049,0.0002,0.0002,327.3049,,,,,,,,,,,,0.0,0.0,0.0,0.0,0
52.82,19.554,-29.2951,327.3049,0.0002,0.0002,327.3049,,,,,,,,,,,,0.0,0.0,0.0,0.0,0
52.84,19.554,-29.2951,327.3049,0.0002,0.0002,327.3049,,,,,,,,,,,,0.0,0.0,0.0,0.0,0
52.86,19.554,-29.2951,327.3049,0.0002,0.0002,327.3049,,,,,,,,,,,,0.0,0.0,0.0,0.0,0
52.88,19.554,-29.2951,327.3049,0.0002,0.0002,327.3049,,,,,,,,,,,,0.0,0.0,0.0,0.0,0
52.9,19.554,-29.2951,327.3049,0.0002,0.0002,327.3049,,,,,,,,,,,,0.0,0.0,0.0,0.0,0
52.92,19.554,-29.2951,327.3049,0.0002,0.0002,327.3049,,,,,,,,,,,,0.0,0.0,0.0,0.0,0
52.94,19.554,-29.2951,327.3049,0.0002,0.0002,327.3049,,,,,,,,,,,,0.0,0.0,0.0,0.0,0
52.96,19.554,-29.2951,327.3049,0.0002,0.0002,327.3049,,,,,,,,,,,,0.0,0.0,0.0,0.0,0
52.98,19.554,-29.2951,327.3049,0.0002,0.0002,327.3049,,,,,,,,,,,,0.0,0.0,0.0,0.0,0
53.0,19.554,-29.2951,327.3049,0.0002,0.0002,327.3049,,,,,,,,,,,,0.0,0.0,0.0,0.0,0
53.02,19.554,-29.2951,327.3049,0.0002,0.0002,327.3049,,,,,,,,,,,,0.0,0.0,0.0,0.0,0
53.04,19.554,-29.2951,327.3049,0.0002,0.0002,327.3049,,,,,,,,,,,,0.0,0.0,0.0,0.0,0
53.06,19.554,-29.2951,327.3049,0.0002,0.0002,327.3049,,,,,,,,,,,,0.0,0.0,0.0,0.0,0
53.08,19.554,-29.2951,327.3049,0.0002,0.0002,327.3049,,,,,,,,,,,,0.0,0.0,0.0,0.0,0
53.1,19.554,-29.2951,327.3049,0.0002,0.0002,327.3049,,,,,,,,,,,,0.0,0.0,0.0,0.0,0
53.12,19.554,-29.2951,327.3049,0.0002,0.0002,327.3049,,,,,,,,,,,,0.0,0.0,0.0,0.0,0
53.14,19.554,-29.2951,327.3049,0.0002,0.0002,327.3049,,,,,,,,,,,,0.0,0.0,0.0,0.0,0
53.16,19.554,-29.2951,327.3049,0.0002,0.0002,327.3049,,,,,,,,,,,,0.0,0.0,0.0,0.0,0
53.18,19.554,-29.2951,327.3049,0.0002,0.0002,327.3049,,,,,,,,,,,,0.0,0.0,0.0,0.0,0
53.2,19.554,-29.2951,327.3049,0.0002,0.0002,327.3049,,,,,,,,,,,,0.0,0.0,0.0,0.0,0
53.22,19.554,-29.2951,327.3049,0.0002,0.0002,327.3049,,,,,,,,,,,,0.0,0.0,0.0,0.0,0
53.24,19.554,-29.2951,327.3049,0.0002,0.0002,327.3049,,,,,,,,,,,,0.0,0.0,0.0,0.0,0
53.26,19.554,-29.2951,327.3049,0.0002,0.0002,327.3049,,,,,,,,,,,,0.0,0.0,0.0,0.0,0
53.28,19.554,-29.2951,327.3049,0.0002,0.0002,327.3049,,,,,,,,,,,,0.0,0.0,0.0,0.0,0
53.3,19.554,-29.2951,327.3049,0.0002,0.0002,327.3049,,,,,,,,,,,,0.0,0.0,0.0,0.0,0
53.32,19.554,-29.2951,327.3049,0.0002,0.0002,327.3049,,,,,,,,,,,,0.0,0.0,0.0,0.0,0
53.34,19.554,-29.2951,327.3049,0.0002,0.0002,327.3049,,,,,,,,,,,,0.0,0.0,0.0,0.0,0
53.36,19.554,-29.2951,327.3049,0.0002,0.0002,327.3049,,,,,,,,,,,,0.0,0.0,0.0,0.0,0
53.38,19.554,-29.2951,327.3049,0.0002,0.0002,327.3049,,,,,,,,,,,,0.0,0.0,0.0,0.0,0
53.4,19.554,-29.2951,327.3049,0.0002,0.0002,327.3049,,,,,,,,,,,,0.0,0.0,0.0,0.0,0
53.42,19.554,-29.2951,327.3049,0.0002,0.0002,327.3049,,,,,,,,,,,,0.0,0.0,0.0,0.0,0
53.44,19.554,-29.2951,327.3049,0.0002,0.0002,327.3049,,,,,,,,,,,,0.0,0.0,0.0,0.0,0
53.46,19.554,-29.2951,327.3049,0.0002,0.0002,327.3049,,,,,,,,,,,,0.0,0.0,0.0,0.0,0
53.48,19.554,-29.2951,327.3049,0.0002,0.0002,327.3049,,,,,,,,,,,,0.0,0.0,0.0,0.0,0
53.5,19.554,-29.2951,327.3049,0.0002,0.0002,327.3049,,,,,,,,,,,,0.0,0.0,0.0,0.0,0
53.52,19.554,-29.2951,327.3049,0.0002,0.0002,327.3049,,,,,,,,,,,,0.0,0.0,0.0,0.0,0
53.54,19.554,-29.2951,327.3049,0.0002,0.0002,327.3049,,,,,,,,,,,,0.0,0.0,0.0,0.0,0
53.56,19.554,-29.2951,327.3049,0.0002,0.0002,327.3049,,,,,,,,,,,,0.0,0.0,0.0,0.0,0
53.58,19.554,-29.2951,327.3049,0.0002,0.0002,327.3049,,,,,,,,,,,,0.0,0.0,0.0,0.0,0
53.6,19.554,-29.2951,327.3049,0.0002,0.0002,327.3049,,,,,,,,,,,,0.0,0.0,0.0,0.0,0
53.62,19.554,-29.2951,327.3049,0.0002,0.0002,327.3049,,,,,,,,,,,,0.0,0.0,0.0,0.0,0
53.64,19.554,-29.2951,327.3049,0.0002,0.0002,327.3049,,,,,,,,,,,,0.0,0.0,0.0,0.0,0
53.66,19.554,-29.2951,327.3049,0.0002,0.0002,327.3049,,,,,,,,,,,,0.0,0.0,0.0,0.0,0
53.68,19.554,-29.2951,327.3049,0.0002,0.0002,327.3049,,,,,,,,,,,,0.0,0.0,0.0,0.0,0
53.7,19.554,-29.2951,327.3049,0.0002,0.0002,327.3049,,,,,,,,,,,,0.0,0.0,0.0,0.0,0
53.72,19.554,-29.2951,327.3049,0.0002,0.0002,327.3049,,,,,,,,,,,,0.0,0.0,0.0,0.0,0
53.74,19.554,-29.2951,327.3049,0.0002,0.0002,327.3049,,,,,,,,,,,,0.0,0.0,0.0,0.0,0
53.76,19.554,-29.2951,327.3049,0.0002,0.0002,327.3049,,,,,,,,,,,,0.0,0.0,0.0,0.0,0
53.78,19.554,-29.2951,327.3049,0.0002,0.0002,327.3049,,,,,,,,,,,,0.0,0.0,0.0,0.0,0
53.8,19.554,-29.2951,327.3049,0.0002,0.0002,327.3049,,,,,,,,,,,,0.0,0.0,0.0,0.0,0
53.82,19.554,-29.2951,327.3049,0.0002,0.0002,327.3049,,,,,,,,,,,,0.0,0.0,0.0,0.0,0
53.84,19.554,-29.2951,327.3049,0.0002,0.0002,327.3049,,,,,,,,,,,,0.0,0.0,0.0,0.0,0
53.86,19.554,-29.2951,327.3049,0.0002,0.0002,327.3049,,,,,,,,,,,,0.0,0.0,0.0,0.0,0
53.88,19.554,-29.2951,327.3049,0.0002,0.0002,327.3049,,,,,,,,,,,,0.0,0.0,0.0,0.0,0
53.9,19.554,-29.2951,327.3049,0.0002,0.0002,327.3049,,,,,,,,,,,,0.0,0.0,0.0,0.0,0
53.92,19.554,-29.2951,327.3049,0.0002,0.0002,327.3049,,,,,,,,,,,,0.0,0.0,0.0,0.0,0
53.94,19.554,-29.2951,327.3049,0.0002,0.0002,327.3049,,,,,,,,,,,,0.0,0.0,0.0,0.0,0
53.96,19.554,-29.2951,327.3049,0.0002,0.0002,327.3049,,,,,,,,,,,,0.0,0.0,0.0,0.0,0
53.98,19.554,-29.2951,327.3049,0.0002,0.0002,327.3049,,,,,,,,,,,,0.0,0.0,0.0,0.0,0
54.0,19.554,-29.2951,327.3049,0.0002,0.0002,327.3049,,,,,,,,,,,,0.0,0.0,0.0,0.0,0
54.02,19.554,-29.2951,327.3049,0.0002,0.0002,327.3049,,,,,,,,,,,,0.0,0.0,0.0,0.0,0
54.04,19.554,-29.2951,327.3049,0.0002,0.0002,327.3049,,,,,,,,,,,,0.0,0.0,0.0,0.0,0
54.06,19.554,-29.2951,327.3049,0.0002,0.0002,327.3049,,,,,,,,,,,,0.0,0.0,0.0,0.0,0
54.08,19.554,-29.2951,327.3049,0.0002,0.0002,327.3049,,,,,,,,,,,,0.0,0.0,0.0,0.0,0
54.1,19.554,-29.2951,327.3049,0.0002,0.0002,327.3049,,,,,,,,,,,,0.0,0.0,0.0,0.0,0
54.12,19.554,-29.2951,327.3049,0.0002,0.0002,327.3049,,,,,,,,,,,,0.0,0.0,0.0,0.0,0
54.14,19.554,-29.2951,327.3049,0.0002,0.0002,327.3049,,,,,,,,,,,,0.0,0.0,0.0,0.0,0
54.16,19.554,-29.2951,327.3049,0.0002,0.0002,327.3049,,,,,,,,,,,,0.0,0.0,0.0,0.0,0
54.18,19.554,-29.2951,327.3049,0.0002,0.0002,327.3049,,,,,,,,,,,,0.0,0.0,0.0,0.0,0
54.2,19.554,-29.2951,327.3049,0.0002,0.0002,327.3049,,,,,,,,,,,,0.0,0.0,0.0,0.0,0
54.22,19.554,-29.2951,327.3049,0.0002,0.0002,327.3049,,,,,,,,,,,,0.0,0.0,0.0,0.0,0
54.24,19.554,-29.2951,327.3049,0.0002,0.0002,327.3049,,,,,,,,,,,,0.0,0.0,0.0,0.0,0
54.26,19.554,-29.2951,327.3049,0.0002,0.0002,327.3049,,,,,,,,,,,,0.0,0.0,0.0,0.0,0
54.28,19.554,-29.2951,327.3049,0.0002,0.0002,327.3049,,,,,,,,,,,,0.0,0.0,0.0,0.0,0
54.3,19.554,-29.2951,327.3049,0.0002,0.0002,327.3049,,,,,,,,,,,,0.0,0.0,0.0,0.0,0
54.32,19.554,-29.2951,327.3049,0.0002,0.0002,327.3049,,,,,,,,,,,,0.0,0.0,0.0,0.0,0
54.34,19.554,-29.2951,327.3049,0.0002,0.0002,327.3049,,,,,,,,,,,,0.0,0.0,0.0,0.0,0
54.36,19.554,-29.2951,327.3049,0.0002,0.0002,327.3049,,,,,,,,,,,,0.0,0.0,0.0,0.0,0
54.38,19.554,-29.2951,327.3049,0.0002,0.0002,327.3049,,,,,,,,,,,,0.0,0.0,0.0,0.0,0
54.4,19.554,-29.2951,327.3049,0.0002,0.0002,327.3049,,,,,,,,,,,,0.0,0.0,0.0,0.0,0
54.42,19.554,-29.2951,327.3049,0.0002,0.0002,327.3049,,,,,,,,,,,,0.0,0.0,0.0,0.0,0
54.44,19.554,-29.2951,327.3049,0.0002,0.0002,327.3049,,,,,,,,,,,,0.0,0.0,0.0,0.0,0
54.46,19.554,-29.2951,327.3049,0.0002,0.0002,327.3049,,,,,,,,,,,,0.0,0.0,0.0,0.0,0
54.48,19.554,-29.2951,327.3049,0.0002,0.0002,327.3049,,,,,,,,,,,,0.0,0.0,0.0,0.0,0
54.5,19.554,-29.2951,327.3049,0.0002,0.0002,327.3049,,,,,,,,,,,,0.0,0.0,0.0,0.0,0
54.52,19.554,-29.2951,327.3049,0.0002,0.0002,327.3049,,,,,,,,,,,,0.0,0.0,0.0,0.0,0
54.54,19.554,-29.2951,327.3049,0.0002,0.0002,327.3049,,,,,,,,,,,,0.0,0.0,0.0,0.0,0
54.56,19.554,-29.2951,327.3049,0.0002,0.0002,327.3049,,,,,,,,,,,,0.0,0.0,0.0,0.0,0
54.58,19.554,-29.2951,327.3049,0.0002,0.0002,327.3049,,,,,,,,,,,,0.0,0.0,0.0,0.0,0
54.6,19.554,-29.2951,327.3049,0.0002,0.0002,327.3049,,,,,,,,,,,,0.0,0.0,0.0,0.0,0
54.62,19.554,-29.2951,327.3049,0.0002,0.0002,327.3049,,,,,,,,,,,,0.0,0.0,0.0,0.0,0
54.64,19.554,-29.2951,327.3049,0.0002,0.0002,327.3049,,,,,,,,,,,,0.0,0.0,0.0,0.0,0
54.66,19.554,-29.2951,327.3049,0.0002,0.0002,327.3049,,,,,,,,,,,,0.0,0.0,0.0,0.0,0
54.68,19.554,-29.2951,327.3049,0.0002,0.0002,327.3049,,,,,,,,,,,,0.0,0.0,0.0,0.0,0
54.7,19.554,-29.2951,327.3049,0.0002,0.0002,327.3049,,,,,,,,,,,,0.0,0.0,0.0,0.0,0
54.72,19.554,-29.2951,327.3049,0.0002,0.0002,327.3049,,,,,,,,,,,,0.0,0.0,0.0,0.0,0
54.74,19.554,-29.2951,327.3049,0.0002,0.0002,327.3049,,,,,,,,,,,,0.0,0.0,0.0,0.0,0
54.76,19.554,-29.2951,327.3049,0.0002,0.0002,327.3049,,,,,,,,,,,,0.0,0.0,0.0,0.0,0
54.78,19.554,-29.2951,327.3049,0.0002,0.0002,327.3049,,,,,,,,,,,,0.0,0.0,0.0,0.0,0
54.8,19.554,-29.2951,327.3049,0.0002,0.0002,327.3049,,,,,,,,,,,,0.0,0.0,0.0,0.0,0
54.82,19.554,-29.2951,327.3049,0.0002,0.0002,327.3049,,,,,,,,,,,,0.0,0.0,0.0,0.0,0
54.84,19.554,-29.2951,327.3049,0.0002,0.0002,327.3049,,,,,,,,,,,,0.0,0.0,0.0,0.0,0
54.86,19.554,-29.2951,327.3049,0.0002,0.0002,327.3049,,,,,,,,,,,,0.0,0.0,0.0,0.0,0
54.88,19.554,-29.2951,327.3049,0.0002,0.0002,327.3049,,,,,,,,,,,,0.0,0.0,0.0,0.0,0
54.9,19.554,-29.2951,327.3049,0.0002,0.0002,327.3049,,,,,,,,,,,,0.0,0.0,0.0,0.0,0
54.92,19.554,-29.2951,327.3049,0.0002,0.0002,327.3049,,,,,,,,,,,,0.0,0.0,0.0,0.0,0
54.94,19.554,-29.2951,327.3049,0.0002,0.0002,327.3049,,,,,,,,,,,,0.0,0.0,0.0,0.0,0
54.96,19.554,-29.2951,327.3049,0.0002,0.0002,327.3049,,,,,,,,,,,,0.0,0.0,0.0,0.0,0
54.98,19.554,-29.2951,327.3049,0.0002,0.0002,327.3049,,,,,,,,,,,,0.0,0.0,0.0,0.0,0
55.0,19.554,-29.2951,327.3049,0.0002,0.0002,327.3049,,,,,,,,,,,,0.0,0.0,0.0,0.0,0
55.02,19.554,-29.2951,327.3049,0.0002,0.0002,327.3049,,,,,,,,,,,,0.0,0.0,0.0,0.0,0
55.04,19.554,-29.2951,327.3049,0.0002,0.0002,327.3049,,,,,,,,,,,,0.0,0.0,0.0,0.0,0
55.06,19.554,-29.2951,327.3049,0.0002,0.0002,327.3049,,,,,,,,,,,,0.0,0.0,0.0,0.0,0
55.08,19.554,-29.2951,327.3049,0.0002,0.0002,327.3049,,,,,,,,,,,,0.0,0.0,0.0,0.0,0
55.1,19.554,-29.2951,327.3049,0.0002,0.0002,327.3049,,,,,,,,,,,,0.0,0.0,0.0,0.0,0
55.12,19.554,-29.2951,327.3049,0.0002,0.0002,327.3049,,,,,,,,,,,,0.0,0.0,0.0,0.0,0
55.14,19.554,-29.2951,327.3049,0.0002,0.0002,327.3049,,,,,,,,,,,,0.0,0.0,0.0,0.0,0
55.16,19.554,-29.2951,327.3049,0.0002,0.0002,327.3049,,,,,,,,,,,,0.0,0.0,0.0,0.0,0
55.18,19.554,-29.2951,327.3049,0.0002,0.0002,327.3049,,,,,,,,,,,,0.0,0.0,0.0,0.0,0
55.2,19.554,-29.2951,327.3049,0.0002,0.0002,327.3049,,,,,,,,,,,,0.0,0.0,0.0,0.0,0
55.22,19.554,-29.2951,327.3049,0.0002,0.0002,327.3049,,,,,,,,,,,,0.0,0.0,0.0,0.0,0
55.24,19.554,-29.2951,327.3049,0.0002,0.0002,327.3049,,,,,,,,,,,,0.0,0.0,0.0,0.0,0
55.26,19.554,-29.2951,327.3049,0.0002,0.0002,327.3049,,,,,,,,,,,,0.0,0.0,0.0,0.0,0
55.28,19.554,-29.2951,327.3049,0.0002,0.0002,327.3049,,,,,,,,,,,,0.0,0.0,0.0,0.0,0
55.3,19.554,-29.2951,327.3049,0.0002,0.0002,327.3049,,,,,,,,,,,,0.0,0.0,0.0,0.0,0
55.32,19.554,-29.2951,327.3049,0.0002,0.0002,327.3049,,,,,,,,,,,,0.0,0.0,0.0,0.0,0
55.34,19.554,-29.2951,327.3049,0.0002,0.0002,327.3049,,,,,,,,,,,,0.0,0.0,0.0,0.0,0
55.36,19.554,-29.2951,327.3049,0.0002,0.0002,327.3049,,,,,,,,,,,,0.0,0.0,0.0,0.0,0
55.38,19.554,-29.2951,327.3049,0.0002,0.0002,327.3049,,,,,,,,,,,,0.0,0.0,0.0,0.0,0
55.4,19.554,-29.2951,327.3049,0.0002,0.0002,327.3049,,,,,,,,,,,,0.0,0.0,0.0,0.0,0
55.42,19.554,-29.2951,327.3049,0.0002,0.0002,327.3049,,,,,,,,,,,,0.0,0.0,0.0,0.0,0
55.44,19.554,-29.2951,327.3049,0.0002,0.0002,327.3049,,,,,,,,,,,,0.0,0.0,0.0,0.0,0
55.46,19.554,-29.2951,327.3049,0.0002,0.0002,327.3049,,,,,,,,,,,,0.0,0.0,0.0,0.0,0
55.48,19.554,-29.2951,327.3049,0.0002,0.0002,327.3049,,,,,,,,,,,,0.0,0.0,0.0,0.0,0
55.5,19.554,-29.2951,327.3049,0.0002,0.0002,327.3049,,,,,,,,,,,,0.0,0.0,0.0,0.0,0
55.52,19.554,-29.2951,327.3049,0.0002,0.0002,327.3049,,,,,,,,,,,,0.0,0.0,0.0,0.0,0
55.54,19.554,-29.2951,327.3049,0.0002,0.0002,327.3049,,,,,,,,,,,,0.0,0.0,0.0,0.0,0
55.56,19.554,-29.2951,327.3049,0.0002,0.0002,327.3049,,,,,,,,,,,,0.0,0.0,0.0,0.0,0
55.58,19.554,-29.2951,327.3049,0.0002,0.0002,327.3049,,,,,,,,,,,,0.0,0.0,0.0,0.0,0
55.6,19.554,-29.2951,327.3049,0.0002,0.0002,327.3049,,,,,,,,,,,,0.0,0.0,0.0,0.0,0
55.62,19.554,-29.2951,327.3049,0.0002,0.0002,327.3049,,,,,,,,,,,,0.0,0.0,0.0,0.0,0
55.64,19.554,-29.2951,327.3049,0.0002,0.0002,327.3049,,,,,,,,,,,,0.0,0.0,0.0,0.0,0
55.66,19.554,-29.2951,327.3049,0.0002,0.0002,327.3049,,,,,,,,,,,,0.0,0.0,0.0,0.0,0
55.68,19.554,-29.2951,327.3049,0.0002,0.0002,327.3049,,,,,,,,,,,,0.0,0.0,0.0,0.0,0
55.7,19.554,-29.2951,327.3049,0.0002,0.0002,327.3049,,,,,,,,,,,,0.0,0.0,0.0,0.0,0
55.72,19.554,-29.2951,327.3049,0.0002,0.0002,327.3049,,,,,,,,,,,,0.0,0.0,0.0,0.0,0
55.74,19.554,-29.2951,327.3049,0.0002,0.0002,327.3049,,,,,,,,,,,,0.0,0.0,0.0,0.0,0
55.76,19.554,-29.2951,327.3049,0.0002,0.0002,327.3049,,,,,,,,,,,,0.0,0.0,0.0,0.0,0
55.78,19.554,-29.2951,327.3049,0.0002,0.0002,327.3049,,,,,,,,,,,,0.0,0.0,0.0,0.0,0
55.8,19.554,-29.2951,327.3049,0.0002,0.0002,327.3049,,,,,,,,,,,,0.0,0.0,0.0,0.0,0
55.82,19.554,-29.2951,327.3049,0.0002,0.0002,327.3049,,,,,,,,,,,,0.0,0.0,0.0,0.0,0
55.84,19.554,-29.2951,327.3049,0.0002,0.0002,327.3049,,,,,,,,,,,,0.0,0.0,0.0,0.0,0
55.86,19.554,-29.2951,327.3049,0.0002,0.0002,327.3049,,,,,,,,,,,,0.0,0.0,0.0,0.0,0
55.88,19.554,-29.2951,327.3049,0.0002,0.0002,327.3049,,,,,,,,,,,,0.0,0.0,0.0,0.0,0
55.9,19.554,-29.2951,327.3049,0.0002,0.0002,327.3049,,,,,,,,,,,,0.0,0.0,0.0,0.0,0
55.92,19.554,-29.2951,327.3049,0.0002,0.0002,327.3049,,,,,,,,,,,,0.0,0.0,0.0,0.0,0
55.94,19.554,-29.2951,327.3049,0.0002,0.0002,327.3049,,,,,,,,,,,,0.0,0.0,0.0,0.0,0
55.96,19.554,-29.2951,327.3049,0.0002,0.0002,327.3049,,,,,,,,,,,,0.0,0.0,0.0,0.0,0
55.98,19.554,-29.2951,327.3049,0.0002,0.0002,327.3049,,,,,,,,,,,,0.0,0.0,0.0,0.0,0
56.0,19.554,-29.2951,327.3049,0.0002,0.0002,327.3049,,,,,,,,,,,,0.0,0.0,0.0,0.0,0
56.02,19.554,-29.2951,327.3049,0.0002,0.0002,327.3049,,,,,,,,,,,,0.0,0.0,0.0,0.0,0
56.04,19.554,-29.2951,327.3049,0.0002,0.0002,327.3049,,,,,,,,,,,,0.0,0.0,0.0,0.0,0
56.06,19.554,-29.2951,327.3049,0.0002,0.0002,327.3049,,,,,,,,,,,,0.0,0.0,0.0,0.0,0
56.08,19.554,-29.2951,327.3049,0.0002,0.0002,327.3049,,,,,,,,,,,,0.0,0.0,0.0,0.0,0
56.1,19.554,-29.2951,327.3049,0.0002,0.0002,327.3049,,,,,,,,,,,,0.0,0.0,0.0,0.0,0
56.12,19.554,-29.2951,327.3049,0.0002,0.0002,327.3049,,,,,,,,,,,,0.0,0.0,0.0,0.0,0
56.14,19.554,-29.2951,327.3049,0.0002,0.0002,327.3049,,,,,,,,,,,,0.0,0.0,0.0,0.0,0
56.16,19.554,-29.2951,327.3049,0.0002,0.0002,327.3049,,,,,,,,,,,,0.0,0.0,0.0,0.0,0
56.18,19.554,-29.2951,327.3049,0.0002,0.0002,327.3049,,,,,,,,,,,,0.0,0.0,0.0,0.0,0
56.2,19.554,-29.2951,327.3049,0.0002,0.0002,327.3049,,,,,,,,,,,,0.0,0.0,0.0,0.0,0
56.22,19.554,-29.2951,327.3049,0.0002,0.0002,327.3049,,,,,,,,,,,,0.0,0.0,0.0,0.0,0
56.24,19.554,-29.2951,327.3049,0.0002,0.0002,327.3049,,,,,,,,,,,,0.0,0.0,0.0,0.0,0
56.26,19.554,-29.2951,327.3049,0.0002,0.0002,327.3049,,,,,,,,,,,,0.0,0.0,0.0,0.0,0
56.28,19.554,-29.2951,327.3049,0.0002,0.0002,327.3049,,,,,,,,,,,,0.0,0.0,0.0,0.0,0
56.3,19.554,-29.2951,327.3049,0.0002,0.0002,327.3049,,,,,,,,,,,,0.0,0.0,0.0,0.0,0
56.32,19.554,-29.2951,327.3049,0.0002,0.0002,327.3049,,,,,,,,,,,,0.0,0.0,0.0,0.0,0
56.34,19.554,-29.2951,327.3049,0.0002,0.0002,327.3049,,,,,,,,,,,,0.0,0.0,0.0,0.0,0
56.36,19.554,-29.2951,327.3049,0.0002,0.0002,327.3049,,,,,,,,,,,,0.0,0.0,0.0,0.0,0
56.38,19.554,-29.2951,327.3049,0.0002,0.0002,327.3049,,,,,,,,,,,,0.0,0.0,0.0,0.0,0
56.4,19.554,-29.2951,327.3049,0.0002,0.0002,327.3049,,,,,,,,,,,,0.0,0.0,0.0,0.0,0
56.42,19.554,-29.2951,327.3049,0.0002,0.0002,327.3049,,,,,,,,,,,,0.0,0.0,0.0,0.0,0
56.44,19.554,-29.2951,327.3049,0.0002,0.0002,327.3049,,,,,,,,,,,,0.0,0.0,0.0,0.0,0
56.46,19.554,-29.2951,327.3049,0.0002,0.0002,327.3049,,,,,,,,,,,,0.0,0.0,0.0,0.0,0
56.48,19.554,-29.2951,327.3049,0.0002,0.0002,327.3049,,,,,,,,,,,,0.0,0.0,0.0,0.0,0
56.5,19.554,-29.2951,327.3049,0.0002,0.0002,327.3049,,,,,,,,,,,,0.0,0.0,0.0,0.0,0
56.52,19.554,-29.2951,327.3049,0.0002,0.0002,327.3049,,,,,,,,,,,,0.0,0.0,0.0,0.0,0
56.54,19.554,-29.2951,327.3049,0.0002,0.0002,327.3049,,,,,,,,,,,,0.0,0.0,0.0,0.0,0
56.56,19.554,-29.2951,327.3049,0.0002,0.0002,327.3049,,,,,,,,,,,,0.0,0.0,0.0,0.0,0
56.58,19.554,-29.2951,327.3049,0.0002,0.0002,327.3049,,,,,,,,,,,,0.0,0.0,0.0,0.0,0
56.6,19.554,-29.2951,327.3049,0.0002,0.0002,327.3049,,,,,,,,,,,,0.0,0.0,0.0,0.0,0
56.62,19.554,-29.2951,327.3049,0.0002,0.0002,327.3049,,,,,,,,,,,,0.0,0.0,0.0,0.0,0
56.64,19.554,-29.2951,327.3049,0.0002,0.0002,327.3049,,,,,,,,,,,,0.0,0.0,0.0,0.0,0
56.66,19.554,-29.2951,327.3049,0.0002,0.0002,327.3049,,,,,,,,,,,,0.0,0.0,0.0,0.0,0
56.68,19.554,-29.2951,327.3049,0.0002,0.0002,327.3049,,,,,,,,,,,,0.0,0.0,0.0,0.0,0
56.7,19.554,-29.2951,327.3049,0.0002,0.0002,327.3049,,,,,,,,,,,,0.0,0.0,0.0,0.0,0
56.72,19.554,-29.2951,327.3049,0.0002,0.0002,327.3049,,,,,,,,,,,,0.0,0.0,0.0,0.0,0
56.74,19.554,-29.2951,327.3049,0.0002,0.0002,327.3049,,,,,,,,,,,,0.0,0.0,0.0,0.0,0
56.76,19.554,-29.2951,327.3049,0.0002,0.0002,327.3049,,,,,,,,,,,,0.0,0.0,0.0,0.0,0
56.78,19.554,-29.2951,327.3049,0.0002,0.0002,327.3049,,,,,,,,,,,,0.0,0.0,0.0,0.0,0
56.8,19.554,-29.2951,327.3049,0.0002,0.0002,327.3049,,,,,,,,,,,,0.0,0.0,0.0,0.0,0
56.82,19.554,-29.2951,327.3049,0.0002,0.0002,327.3049,,,,,,,,,,,,0.0,0.0,0.0,0.0,0
56.84,19.554,-29.2951,327.3049,0.0002,0.0002,327.3049,,,,,,,,,,,,0.0,0.0,0.0,0.0,0
56.86,19.554,-29.2951,327.3049,0.0002,0.0002,327.3049,,,,,,,,,,,,0.0,0.0,0.0,0.0,0
56.88,19.554,-29.2951,327.3049,0.0002,0.0002,327.3049,,,,,,,,,,,,0.0,0.0,0.0,0.0,0
56.9,19.554,-29.2951,327.3049,0.0002,0.0002,327.3049,,,,,,,,,,,,0.0,0.0,0.0,0.0,0
56.92,19.554,-29.2951,327.3049,0.0002,0.0002,327.3049,,,,,,,,,,,,0.0,0.0,0.0,0.0,0
56.94,19.554,-29.2951,327.3049,0.0002,0.0002,327.3049,,,,,,,,,,,,0.0,0.0,0.0,0.0,0
56.96,19.554,-29.2951,327.3049,0.0002,0.0002,327.3049,,,,,,,,,,,,0.0,0.0,0.0,0.0,0
56.98,19.554,-29.2951,327.3049,0.0002,0.0002,327.3049,,,,,,,,,,,,0.0,0.0,0.0,0.0,0
57.0,19.554,-29.2951,327.3049,0.0002,0.0002,327.3049,,,,,,,,,,,,0.0,0.0,0.0,0.0,0
57.02,19.554,-29.2951,327.3049,0.0002,0.0002,327.3049,,,,,,,,,,,,0.0,0.0,0.0,0.0,0
57.04,19.554,-29.2951,327.3049,0.0002,0.0002,327.3049,,,,,,,,,,,,0.0,0.0,0.0,0.0,0
57.06,19.554,-29.2951,327.3049,0.0002,0.0002,327.3049,,,,,,,,,,,,0.0,0.0,0.0,0.0,0
57.08,19.554,-29.2951,327.3049,0.0002,0.0002,327.3049,,,,,,,,,,,,0.0,0.0,0.0,0.0,0
57.1,19.554,-29.2951,327.3049,0.0002,0.0002,327.3049,,,,,,,,,,,,0.0,0.0,0.0,0.0,0
57.12,19.554,-29.2951,327.3049,0.0002,0.0002,327.3049,,,,,,,,,,,,0.0,0.0,0.0,0.0,0
57.14,19.554,-29.2951,327.3049,0.0002,0.0002,327.3049,,,,,,,,,,,,0.0,0.0,0.0,0.0,0
57.16,19.554,-29.2951,327.3049,0.0002,0.0002,327.3049,,,,,,,,,,,,0.0,0.0,0.0,0.0,0
57.18,19.554,-29.2951,327.3049,0.0002,0.0002,327.3049,,,,,,,,,,,,0.0,0.0,0.0,0.0,0
57.2,19.554,-29.2951,327.3049,0.0002,0.0002,327.3049,,,,,,,,,,,,0.0,0.0,0.0,0.0,0
57.22,19.554,-29.2951,327.3049,0.0002,0.0002,327.3049,,,,,,,,,,,,0.0,0.0,0.0,0.0,0
57.24,19.554,-29.2951,327.3049,0.0002,0.0002,327.3049,,,,,,,,,,,,0.0,0.0,0.0,0.0,0
57.26,19.554,-29.2951,327.3049,0.0002,0.0002,327.3049,,,,,,,,,,,,0.0,0.0,0.0,0.0,0
57.28,19.554,-29.2951,327.3049,0.0002,0.0002,327.3049,,,,,,,,,,,,0.0,0.0,0.0,0.0,0
57.3,19.554,-29.2951,327.3049,0.0002,0.0002,327.3049,,,,,,,,,,,,0.0,0.0,0.0,0.0,0
57.32,19.554,-29.2951,327.3049,0.0002,0.0002,327.3049,,,,,,,,,,,,0.0,0.0,0.0,0.0,0
57.34,19.554,-29.2951,327.3049,0.0002,0.0002,327.3049,,,,,,,,,,,,0.0,0.0,0.0,0.0,0
57.36,19.554,-29.2951,327.3049,0.0002,0.0002,327.3049,,,,,,,,,,,,0.0,0.0,0.0,0.0,0
57.38,19.554,-29.2951,327.3049,0.0002,0.0002,327.3049,,,,,,,,,,,,0.0,0.0,0.0,0.0,0
57.4,19.554,-29.2951,327.3049,0.0002,0.0002,327.3049,,,,,,,,,,,,0.0,0.0,0.0,0.0,0
57.42,19.554,-29.2951,327.3049,0.0002,0.0002,327.3049,,,,,,,,,,,,0.0,0.0,0.0,0.0,0
57.44,19.554,-29.2951,327.3049,0.0002,0.0002,327.3049,,,,,,,,,,,,0.0,0.0,0.0,0.0,0
57.46,19.554,-29.2951,327.3049,0.0002,0.0002,327.3049,,,,,,,,,,,,0.0,0.0,0.0,0.0,0
57.48,19.554,-29.2951,327.3049,0.0002,0.0002,327.3049,,,,,,,,,,,,0.0,0.0,0.0,0.0,0
57.5,19.554,-29.2951,327.3049,0.0002,0.0002,327.3049,,,,,,,,,,,,0.0,0.0,0.0,0.0,0
57.52,19.554,-29.2951,327.3049,0.0002,0.0002,327.3049,,,,,,,,,,,,0.0,0.0,0.0,0.0,0
57.54,19.554,-29.2951,327.3049,0.0002,0.0002,327.3049,,,,,,,,,,,,0.0,0.0,0.0,0.0,0
57.56,19.554,-29.2951,327.3049,0.0002,0.0002,327.3049,,,,,,,,,,,,0.0,0.0,0.0,0.0,0
57.58,19.554,-29.2951,327.3049,0.0002,0.0002,327.3049,,,,,,,,,,,,0.0,0.0,0.0,0.0,0
57.6,19.554,-29.2951,327.3049,0.0002,0.0002,327.3049,,,,,,,,,,,,0.0,0.0,0.0,0.0,0
57.62,19.554,-29.2951,327.3049,0.0002,0.0002,327.3049,,,,,,,,,,,,0.0,0.0,0.0,0.0,0
57.64,19.554,-29.2951,327.3049,0.0002,0.0002,327.3049,,,,,,,,,,,,0.0,0.0,0.0,0.0,0
57.66,19.554,-29.2951,327.3049,0.0002,0.0002,327.3049,,,,,,,,,,,,0.0,0.0,0.0,0.0,0
57.68,19.554,-29.2951,327.3049,0.0002,0.0002,327.3049,,,,,,,,,,,,0.0,0.0,0.0,0.0,0
57.7,19.554,-29.2951,327.3049,0.0002,0.0002,327.3049,,,,,,,,,,,,0.0,0.0,0.0,0.0,0
57.72,19.554,-29.2951,327.3049,0.0002,0.0002,327.3049,,,,,,,,,,,,0.0,0.0,0.0,0.0,0
57.74,19.554,-29.2951,327.3049,0.0002,0.0002,327.3049,,,,,,,,,,,,0.0,0.0,0.0,0.0,0
57.76,19.554,-29.2951,327.3049,0.0002,0.0002,327.3049,,,,,,,,,,,,0.0,0.0,0.0,0.0,0
57.78,19.554,-29.2951,327.3049,0.0002,0.0002,327.3049,,,,,,,,,,,,0.0,0.0,0.0,0.0,0
57.8,19.554,-29.2951,327.3049,0.0002,0.0002,327.3049,,,,,,,,,,,,0.0,0.0,0.0,0.0,0
57.82,19.554,-29.2951,327.3049,0.0002,0.0002,327.3049,,,,,,,,,,,,0.0,0.0,0.0,0.0,0
57.84,19.554,-29.2951,327.3049,0.0002,0.0002,327.3049,,,,,,,,,,,,0.0,0.0,0.0,0.0,0
57.86,19.554,-29.2951,327.3049,0.0002,0.0002,327.3049,,,,,,,,,,,,0.0,0.0,0.0,0.0,0
57.88,19.554,-29.2951,327.3049,0.0002,0.0002,327.3049,,,,,,,,,,,,0.0,0.0,0.0,0.0,0
57.9,19.554,-29.2951,327.3049,0.0002,0.0002,327.3049,,,,,,,,,,,,0.0,0.0,0.0,0.0,0
57.92,19.554,-29.2951,327.3049,0.0002,0.0002,327.3049,,,,,,,,,,,,0.0,0.0,0.0,0.0,0
57.94,19.554,-29.2951,327.3049,0.0002,0.0002,327.3049,,,,,,,,,,,,0.0,0.0,0.0,0.0,0
57.96,19.554,-29.2951,327.3049,0.0002,0.0002,327.3049,,,,,,,,,,,,0.0,0.0,0.0,0.0,0
57.98,19.554,-29.2951,327.3049,0.0002,0.0002,327.3049,,,,,,,,,,,,0.0,0.0,0.0,0.0,0
58.0,19.554,-29.2951,327.3049,0.0002,0.0002,327.3049,,,,,,,,,,,,0.0,0.0,0.0,0.0,0
58.02,19.554,-29.2951,327.3049,0.0002,0.0002,327.3049,,,,,,,,,,,,0.0,0.0,0.0,0.0,0
58.04,19.554,-29.2951,327.3049,0.0002,0.0002,327.3049,,,,,,,,,,,,0.0,0.0,0.0,0.0,0
58.06,19.554,-29.2951,327.3049,0.0002,0.0002,327.3049,,,,,,,,,,,,0.0,0.0,0.0,0.0,0
58.08,19.554,-29.2951,327.3049,0.0002,0.0002,327.3049,,,,,,,,,,,,0.0,0.0,0.0,0.0,0
58.1,19.554,-29.2951,327.3049,0.0002,0.0002,327.3049,,,,,,,,,,,,0.0,0.0,0.0,0.0,0
58.12,19.554,-29.2951,327.3049,0.0002,0.0002,327.3049,,,,,,,,,,,,0.0,0.0,0.0,0.0,0
58.14,19.554,-29.2951,327.3049,0.0002,0.0002,327.3049,,,,,,,,,,,,0.0,0.0,0.0,0.0,0
58.16,19.554,-29.2951,327.3049,0.0002,0.0002,327.3049,,,,,,,,,,,,0.0,0.0,0.0,0.0,0
58.18,19.554,-29.2951,327.3049,0.0002,0.0002,327.3049,,,,,,,,,,,,0.0,0.0,0.0,0.0,0
58.2,19.554,-29.2951,327.3049,0.0002,0.0002,327.3049,,,,,,,,,,,,0.0,0.0,0.0,0.0,0
58.22,19.554,-29.2951,327.3049,0.0002,0.0002,327.3049,,,,,,,,,,,,0.0,0.0,0.0,0.0,0
58.24,19.554,-29.2951,327.3049,0.0002,0.0002,327.3049,,,,,,,,,,,,0.0,0.0,0.0,0.0,0
58.26,19.554,-29.2951,327.3049,0.0002,0.0002,327.3049,,,,,,,,,,,,0.0,0.0,0.0,0.0,0
58.28,19.554,-29.2951,327.3049,0.0002,0.0002,327.3049,,,,,,,,,,,,0.0,0.0,0.0,0.0,0
58.3,19.554,-29.2951,327.3049,0.0002,0.0002,327.3049,,,,,,,,,,,,0.0,0.0,0.0,0.0,0
58.32,19.554,-29.2951,327.3049,0.0002,0.0002,327.3049,,,,,,,,,,,,0.0,0.0,0.0,0.0,0
58.34,19.554,-29.2951,327.3049,0.0002,0.0002,327.3049,,,,,,,,,,,,0.0,0.0,0.0,0.0,0
58.36,19.554,-29.2951,327.3049,0.0002,0.0002,327.3049,,,,,,,,,,,,0.0,0.0,0.0,0.0,0
58.38,19.554,-29.2951,327.3049,0.0002,0.0002,327.3049,,,,,,,,,,,,0.0,0.0,0.0,0.0,0
58.4,19.554,-29.2951,327.3049,0.0002,0.0002,327.3049,,,,,,,,,,,,0.0,0.0,0.0,0.0,0
58.42,19.554,-29.2951,327.3049,0.0002,0.0002,327.3049,,,,,,,,,,,,0.0,0.0,0.0,0.0,0
58.44,19.554,-29.2951,327.3049,0.0002,0.0002,327.3049,,,,,,,,,,,,0.0,0.0,0.0,0.0,0
58.46,19.554,-29.2951,327.3049,0.0002,0.0002,327.3049,,,,,,,,,,,,0.0,0.0,0.0,0.0,0
58.48,19.554,-29.2951,327.3049,0.0002,0.0002,327.3049,,,,,,,,,,,,0.0,0.0,0.0,0.0,0
58.5,19.554,-29.2951,327.3049,0.0002,0.0002,327.3049,,,,,,,,,,,,0.0,0.0,0.0,0.0,0
58.52,19.554,-29.2951,327.3049,0.0002,0.0002,327.3049,,,,,,,,,,,,0.0,0.0,0.0,0.0,0
58.54,19.554,-29.2951,327.3049,0.0002,0.0002,327.3049,,,,,,,,,,,,0.0,0.0,0.0,0.0,0
58.56,19.554,-29.2951,327.3049,0.0002,0.0002,327.3049,,,,,,,,,,,,0.0,0.0,0.0,0.0,0
58.58,19.554,-29.2951,327.3049,0.0002,0.0002,327.3049,,,,,,,,,,,,0.0,0.0,0.0,0.0,0
58.6,19.554,-29.2951,327.3049,0.0002,0.0002,327.3049,,,,,,,,,,,,0.0,0.0,0.0,0.0,0
58.62,19.554,-29.2951,327.3049,0.0002,0.0002,327.3049,,,,,,,,,,,,0.0,0.0,0.0,0.0,0
58.64,19.554,-29.2951,327.3049,0.0002,0.0002,327.3049,,,,,,,,,,,,0.0,0.0,0.0,0.0,0
58.66,19.554,-29.2951,327.3049,0.0002,0.0002,327.3049,,,,,,,,,,,,0.0,0.0,0.0,0.0,0
58.68,19.554,-29.2951,327.3049,0.0002,0.0002,327.3049,,,,,,,,,,,,0.0,0.0,0.0,0.0,0
58.7,19.554,-29.2951,327.3049,0.0002,0.0002,327.3049,,,,,,,,,,,,0.0,0.0,0.0,0.0,0
58.72,19.554,-29.2951,327.3049,0.0002,0.0002,327.3049,,,,,,,,,,,,0.0,0.0,0.0,0.0,0
58.74,19.554,-29.2951,327.3049,0.0002,0.0002,327.3049,,,,,,,,,,,,0.0,0.0,0.0,0.0,0
58.76,19.554,-29.2951,327.3049,0.0002,0.0002,327.3049,,,,,,,,,,,,0.0,0.0,0.0,0.0,0
58.78,19.554,-29.2951,327.3049,0.0002,0.0002,327.3049,,,,,,,,,,,,0.0,0.0,0.0,0.0,0
58.8,19.554,-29.2951,327.3049,0.0002,0.0002,327.3049,,,,,,,,,,,,0.0,0.0,0.0,0.0,0
58.82,19.554,-29.2951,327.3049,0.0002,0.0002,327.3049,,,,,,,,,,,,0.0,0.0,0.0,0.0,0
58.84,19.554,-29.2951,327.3049,0.0002,0.0002,327.3049,,,,,,,,,,,,0.0,0.0,0.0,0.0,0
58.86,19.554,-29.2951,327.3049,0.0002,0.0002,327.3049,,,,,,,,,,,,0.0,0.0,0.0,0.0,0
58.88,19.554,-29.2951,327.3049,0.0002,0.0002,327.3049,,,,,,,,,,,,0.0,0.0,0.0,0.0,0
58.9,19.554,-29.2951,327.3049,0.0002,0.0002,327.3049,,,,,,,,,,,,0.0,0.0,0.0,0.0,0
58.92,19.554,-29.2951,327.3049,0.0002,0.0002,327.3049,,,,,,,,,,,,0.0,0.0,0.0,0.0,0
58.94,19.554,-29.2951,327.3049,0.0002,0.0002,327.3049,,,,,,,,,,,,0.0,0.0,0.0,0.0,0
58.96,19.554,-29.2951,327.3049,0.0002,0.0002,327.3049,,,,,,,,,,,,0.0,0.0,0.0,0.0,0
58.98,19.554,-29.2951,327.3049,0.0002,0.0002,327.3049,,,,,,,,,,,,0.0,0.0,0.0,0.0,0
59.0,19.554,-29.2951,327.3049,0.0002,0.0002,327.3049,,,,,,,,,,,,0.0,0.0,0.0,0.0,0
59.02,19.554,-29.2951,327.3049,0.0002,0.0002,327.3049,,,,,,,,,,,,0.0,0.0,0.0,0.0,0
59.04,19.554,-29.2951,327.3049,0.0002,0.0002,327.3049,,,,,,,,,,,,0.0,0.0,0.0,0.0,0
59.06,19.554,-29.2951,327.3049,0.0002,0.0002,327.3049,,,,,,,,,,,,0.0,0.0,0.0,0.0,0
59.08,19.554,-29.2951,327.3049,0.0002,0.0002,327.3049,,,,,,,,,,,,0.0,0.0,0.0,0.0,0
59.1,19.554,-29.2951,327.3049,0.0002,0.0002,327.3049,,,,,,,,,,,,0.0,0.0,0.0,0.0,0
59.12,19.554,-29.2951,327.3049,0.0002,0.0002,327.3049,,,,,,,,,,,,0.0,0.0,0.0,0.0,0
59.14,19.554,-29.2951,327.3049,0.0002,0.0002,327.3049,,,,,,,,,,,,0.0,0.0,0.0,0.0,0
59.16,19.554,-29.2951,327.3049,0.0002,0.0002,327.3049,,,,,,,,,,,,0.0,0.0,0.0,0.0,0
59.18,19.554,-29.2951,327.3049,0.0002,0.0002,327.3049,,,,,,,,,,,,0.0,0.0,0.0,0.0,0
59.2,19.554,-29.2951,327.3049,0.0002,0.0002,327.3049,,,,,,,,,,,,0.0,0.0,0.0,0.0,0
59.22,19.554,-29.2951,327.3049,0.0002,0.0002,327.3049,,,,,,,,,,,,0.0,0.0,0.0,0.0,0
59.24,19.554,-29.2951,327.3049,0.0002,0.0002,327.3049,,,,,,,,,,,,0.0,0.0,0.0,0.0,0
59.26,19.554,-29.2951,327.3049,0.0002,0.0002,327.3049,,,,,,,,,,,,0.0,0.0,0.0,0.0,0
59.28,19.554,-29.2951,327.3049,0.0002,0.0002,327.3049,,,,,,,,,,,,0.0,0.0,0.0,0.0,0
59.3,19.554,-29.2951,327.3049,0.0002,0.0002,327.3049,,,,,,,,,,,,0.0,0.0,0.0,0.0,0
59.32,19.554,-29.2951,327.3049,0.0002,0.0002,327.3049,,,,,,,,,,,,0.0,0.0,0.0,0.0,0
59.34,19.554,-29.2951,327.3049,0.0002,0.0002,327.3049,,,,,,,,,,,,0.0,0.0,0.0,0.0,0
59.36,19.554,-29.2951,327.3049,0.0002,0.0002,327.3049,,,,,,,,,,,,0.0,0.0,0.0,0.0,0
59.38,19.554,-29.2951,327.3049,0.0002,0.0002,327.3049,,,,,,,,,,,,0.0,0.0,0.0,0.0,0
59.4,19.554,-29.2951,327.3049,0.0002,0.0002,327.3049,,,,,,,,,,,,0.0,0.0,0.0,0.0,0
59.42,19.554,-29.2951,327.3049,0.0002,0.0002,327.3049,,,,,,,,,,,,0.0,0.0,0.0,0.0,0
59.44,19.554,-29.2951,327.3049,0.0002,0.0002,327.3049,,,,,,,,,,,,0.0,0.0,0.0,0.0,0
59.46,19.554,-29.2951,327.3049,0.0002,0.0002,327.3049,,,,,,,,,,,,0.0,0.0,0.0,0.0,0
59.48,19.554,-29.2951,327.3049,0.0002,0.0002,327.3049,,,,,,,,,,,,0.0,0.0,0.0,0.0,0
59.5,19.554,-29.2951,327.3049,0.0002,0.0002,327.3049,,,,,,,,,,,,0.0,0.0,0.0,0.0,0
59.52,19.554,-29.2951,327.3049,0.0002,0.0002,327.3049,,,,,,,,,,,,0.0,0.0,0.0,0.0,0
59.54,19.554,-29.2951,327.3049,0.0002,0.0002,327.3049,,,,,,,,,,,,0.0,0.0,0.0,0.0,0
59.56,19.554,-29.2951,327.3049,0.0002,0.0002,327.3049,,,,,,,,,,,,0.0,0.0,0.0,0.0,0
59.58,19.554,-29.2951,327.3049,0.0002,0.0002,327.3049,,,,,,,,,,,,0.0,0.0,0.0,0.0,0
59.6,19.554,-29.2951,327.3049,0.0002,0.0002,327.3049,,,,,,,,,,,,0.0,0.0,0.0,0.0,0
59.62,19.554,-29.2951,327.3049,0.0002,0.0002,327.3049,,,,,,,,,,,,0.0,0.0,0.0,0.0,0
59.64,19.554,-29.2951,327.3049,0.0002,0.0002,327.3049,,,,,,,,,,,,0.0,0.0,0.0,0.0,0
59.66,19.554,-29.2951,327.3049,0.0002,0.0002,327.3049,,,,,,,,,,,,0.0,0.0,0.0,0.0,0
59.68,19.554,-29.2951,327.3049,0.0002,0.0002,327.3049,,,,,,,,,,,,0.0,0.0,0.0,0.0,0
59.7,19.554,-29.2951,327.3049,0.0002,0.0002,327.3049,,,,,,,,,,,,0.0,0.0,0.0,0.0,0
59.72,19.554,-29.2951,327.3049,0.0002,0.0002,327.3049,,,,,,,,,,,,0.0,0.0,0.0,0.0,0
59.74,19.554,-29.2951,327.3049,0.0002,0.0002,327.3049,,,,,,,,,,,,0.0,0.0,0.0,0.0,0
59.76,19.554,-29.2951,327.3049,0.0002,0.0002,327.3049,,,,,,,,,,,,0.0,0.0,0.0,0.0,0
59.78,19.554,-29.2951,327.3049,0.0002,0.0002,327.3049,,,,,,,,,,,,0.0,0.0,0.0,0.0,0
59.8,19.554,-29.2951,327.3049,0.0002,0.0002,327.3049,,,,,,,,,,,,0.0,0.0,0.0,0.0,0
59.82,19.554,-29.2951,327.3049,0.0002,0.0002,327.3049,,,,,,,,,,,,0.0,0.0,0.0,0.0,0
59.84,19.554,-29.2951,327.3049,0.0002,0.0002,327.3049,,,,,,,,,,,,0.0,0.0,0.0,0.0,0
59.86,19.554,-29.2951,327.3049,0.0002,0.0002,327.3049,,,,,,,,,,,,0.0,0.0,0.0,0.0,0
59.88,19.554,-29.2951,327.3049,0.0002,0.0002,327.3049,,,,,,,,,,,,0.0,0.0,0.0,0.0,0
59.9,19.554,-29.2951,327.3049,0.0002,0.0002,327.3049,,,,,,,,,,,,0.0,0.0,0.0,0.0,0
59.92,19.554,-29.2951,327.3049,0.0002,0.0002,327.3049,,,,,,,,,,,,0.0,0.0,0.0,0.0,0
59.94,19.554,-29.2951,327.3049,0.0002,0.0002,327.3049,,,,,,,,,,,,0.0,0.0,0.0,0.0,0
59.96,19.554,-29.2951,327.3049,0.0002,0.0002,327.3049,,,,,,,,,,,,0.0,0.0,0.0,0.0,0
59.98,19.554,-29.2951,327.3049,0.0002,0.0002,327.3049,,,,,,,,,,,,0.0,0.0,0.0,0.0,0
60.0,19.554,-29.2951,327.3049,0.0002,0.0002,327.3049,,,,,,,,,,,,0.0,0.0,0.0,0.0,0
60.02,19.554,-29.2951,327.3049,0.0002,0.0002,327.3049,,,,,,,,,,,,0.0,0.0,0.0,0.0,0
60.04,19.554,-29.2951,327.3049,0.0002,0.0002,327.3049,,,,,,,,,,,,0.0,0.0,0.0,0.0,0
60.06,19.554,-29.2951,327.3049,0.0002,0.0002,327.3049,,,,,,,,,,,,0.0,0.0,0.0,0.0,0
60.08,19.554,-29.2951,327.3049,0.0002,0.0002,327.3049,,,,,,,,,,,,0.0,0.0,0.0,0.0,0
60.1,19.554,-29.2951,327.3049,0.0002,0.0002,327.3049,,,,,,,,,,,,0.0,0.0,0.0,0.0,0
60.12,19.554,-29.2951,327.3049,0.0002,0.0002,327.3049,,,,,,,,,,,,0.0,0.0,0.0,0.0,0
60.14,19.554,-29.2951,327.3049,0.0002,0.0002,327.3049,,,,,,,,,,,,0.0,0.0,0.0,0.0,0
60.16,19.554,-29.2951,327.3049,0.0002,0.0002,327.3049,,,,,,,,,,,,0.0,0.0,0.0,0.0,0
60.18,19.554,-29.2951,327.3049,0.0002,0.0002,327.3049,,,,,,,,,,,,0.0,0.0,0.0,0.0,0
60.2,19.554,-29.2951,327.3049,0.0002,0.0002,327.3049,,,,,,,,,,,,0.0,0.0,0.0,0.0,0
60.22,19.554,-29.2951,327.3049,0.0002,0.0002,327.3049,,,,,,,,,,,,0.0,0.0,0.0,0.0,0
60.24,19.554,-29.2951,327.3049,0.0002,0.0002,327.3049,,,,,,,,,,,,0.0,0.0,0.0,0.0,0
60.26,19.554,-29.2951,327.3049,0.0002,0.0002,327.3049,,,,,,,,,,,,0.0,0.0,0.0,0.0,0
60.28,19.554,-29.2951,327.3049,0.0002,0.0002,327.3049,,,,,,,,,,,,0.0,0.0,0.0,0.0,0
60.3,19.554,-29.2951,327.3049,0.0002,0.0002,327.3049,,,,,,,,,,,,0.0,0.0,0.0,0.0,0
60.32,19.554,-29.2951,327.3049,0.0002,0.0002,327.3049,,,,,,,,,,,,0.0,0.0,0.0,0.0,0
60.34,19.554,-29.2951,327.3049,0.0002,0.0002,327.3049,,,,,,,,,,,,0.0,0.0,0.0,0.0,0
60.36,19.554,-29.2951,327.3049,0.0002,0.0002,327.3049,,,,,,,,,,,,0.0,0.0,0.0,0.0,0
60.38,19.554,-29.2951,327.3049,0.0002,0.0002,327.3049,,,,,,,,,,,,0.0,0.0,0.0,0.0,0
60.4,19.554,-29.2951,327.3049,0.0002,0.0002,327.3049,,,,,,,,,,,,0.0,0.0,0.0,0.0,0
60.42,19.554,-29.2951,327.3049,0.0002,0.0002,327.3049,,,,,,,,,,,,0.0,0.0,0.0,0.0,0
60.44,19.554,-29.2951,327.3049,0.0002,0.0002,327.3049,,,,,,,,,,,,0.0,0.0,0.0,0.0,0
60.46,19.554,-29.2951,327.3049,0.0002,0.0002,327.3049,,,,,,,,,,,,0.0,0.0,0.0,0.0,0
60.48,19.554,-29.2951,327.3049,0.0002,0.0002,327.3049,,,,,,,,,,,,0.0,0.0,0.0,0.0,0
60.5,19.554,-29.2951,327.3049,0.0002,0.0002,327.3049,,,,,,,,,,,,0.0,0.0,0.0,0.0,0
60.52,19.554,-29.2951,327.3049,0.0002,0.0002,327.3049,,,,,,,,,,,,0.0,0.0,0.0,0.0,0
60.54,19.554,-29.2951,327.3049,0.0002,0.0002,327.3049,,,,,,,,,,,,0.0,0.0,0.0,0.0,0
60.56,19.554,-29.2951,327.3049,0.0002,0.0002,327.3049,,,,,,,,,,,,0.0,0.0,0.0,0.0,0
60.58,19.554,-29.2951,327.3049,0.0002,0.0002,327.3049,,,,,,,,,,,,0.0,0.0,0.0,0.0,0
60.6,19.554,-29.2951,327.3049,0.0002,0.0002,327.3049,,,,,,,,,,,,0.0,0.0,0.0,0.0,0
60.62,19.554,-29.2951,327.3049,0.0002,0.0002,327.3049,,,,,,,,,,,,0.0,0.0,0.0,0.0,0
60.64,19.554,-29.2951,327.3049,0.0002,0.0002,327.3049,,,,,,,,,,,,0.0,0.0,0.0,0.0,0
60.66,19.554,-29.2951,327.3049,0.0002,0.0002,327.3049,,,,,,,,,,,,0.0,0.0,0.0,0.0,0
60.68,19.554,-29.2951,327.3049,0.0002,0.0002,327.3049,,,,,,,,,,,,0.0,0.0,0.0,0.0,0
60.7,19.554,-29.2951,327.3049,0.0002,0.0002,327.3049,,,,,,,,,,,,0.0,0.0,0.0,0.0,0
60.72,19.554,-29.2951,327.3049,0.0002,0.0002,327.3049,,,,,,,,,,,,0.0,0.0,0.0,0.0,0
60.74,19.554,-29.2951,327.3049,0.0002,0.0002,327.3049,,,,,,,,,,,,0.0,0.0,0.0,0.0,0
60.76,19.554,-29.2951,327.3049,0.0002,0.0002,327.3049,,,,,,,,,,,,0.0,0.0,0.0,0.0,0
60.78,19.554,-29.2951,327.3049,0.0002,0.0002,327.3049,,,,,,,,,,,,0.0,0.0,0.0,0.0,0
60.8,19.554,-29.2951,327.3049,0.0002,0.0002,327.3049,,,,,,,,,,,,0.0,0.0,0.0,0.0,0
60.82,19.554,-29.2951,327.3049,0.0002,0.0002,327.3049,,,,,,,,,,,,0.0,0.0,0.0,0.0,0
60.84,19.554,-29.2951,327.3049,0.0002,0.0002,327.3049,,,,,,,,,,,,0.0,0.0,0.0,0.0,0
60.86,19.554,-29.2951,327.3049,0.0002,0.0002,327.3049,,,,,,,,,,,,0.0,0.0,0.0,0.0,0
60.88,19.554,-29.2951,327.3049,0.0002,0.0002,327.3049,,,,,,,,,,,,0.0,0.0,0.0,0.0,0
60.9,19.554,-29.2951,327.3049,0.0002,0.0002,327.3049,,,,,,,,,,,,0.0,0.0,0.0,0.0,0
60.92,19.554,-29.2951,327.3049,0.0002,0.0002,327.3049,,,,,,,,,,,,0.0,0.0,0.0,0.0,0
60.94,19.554,-29.2951,327.3049,0.0002,0.0002,327.3049,,,,,,,,,,,,0.0,0.0,0.0,0.0,0
60.96,19.554,-29.2951,327.3049,0.0002,0.0002,327.3049,,,,,,,,,,,,0.0,0.0,0.0,0.0,0
60.98,19.554,-29.2951,327.3049,0.0002,0.0002,327.3049,,,,,,,,,,,,0.0,0.0,0.0,0.0,0
61.0,19.554,-29.2951,327.3049,0.0002,0.0002,327.3049,,,,,,,,,,,,0.0,0.0,0.0,0.0,0
61.02,19.554,-29.2951,327.3049,0.0002,0.0002,327.3049,,,,,,,,,,,,0.0,0.0,0.0,0.0,0
61.04,19.554,-29.2951,327.3049,0.0002,0.0002,327.3049,,,,,,,,,,,,0.0,0.0,0.0,0.0,0
61.06,19.554,-29.2951,327.3049,0.0002,0.0002,327.3049,,,,,,,,,,,,0.0,0.0,0.0,0.0,0
61.08,19.554,-29.2951,327.3049,0.0002,0.0002,327.3049,,,,,,,,,,,,0.0,0.0,0.0,0.0,0
61.1,19.554,-29.2951,327.3049,0.0002,0.0002,327.3049,,,,,,,,,,,,0.0,0.0,0.0,0.0,0
61.12,19.554,-29.2951,327.3049,0.0002,0.0002,327.3049,,,,,,,,,,,,0.0,0.0,0.0,0.0,0
61.14,19.554,-29.2951,327.3049,0.0002,0.0002,327.3049,,,,,,,,,,,,0.0,0.0,0.0,0.0,0
61.16,19.554,-29.2951,327.3049,0.0002,0.0002,327.3049,,,,,,,,,,,,0.0,0.0,0.0,0.0,0
61.18,19.554,-29.2951,327.3049,0.0002,0.0002,327.3049,,,,,,,,,,,,0.0,0.0,0.0,0.0,0
61.2,19.554,-29.2951,327.3049,0.0002,0.0002,327.3049,,,,,,,,,,,,0.0,0.0,0.0,0.0,0
61.22,19.554,-29.2951,327.3049,0.0002,0.0002,327.3049,,,,,,,,,,,,0.0,0.0,0.0,0.0,0
61.24,19.554,-29.2951,327.3049,0.0002,0.0002,327.3049,,,,,,,,,,,,0.0,0.0,0.0,0.0,0
61.26,19.554,-29.2951,327.3049,0.0002,0.0002,327.3049,,,,,,,,,,,,0.0,0.0,0.0,0.0,0
61.28,19.554,-29.2951,327.3049,0.0002,0.0002,327.3049,,,,,,,,,,,,0.0,0.0,0.0,0.0,0
61.3,19.554,-29.2951,327.3049,0.0002,0.0002,327.3049,,,,,,,,,,,,0.0,0.0,0.0,0.0,0
61.32,19.554,-29.2951,327.3049,0.0002,0.0002,327.3049,,,,,,,,,,,,0.0,0.0,0.0,0.0,0
61.34,19.554,-29.2951,327.3049,0.0002,0.0002,327.3049,,,,,,,,,,,,0.0,0.0,0.0,0.0,0
61.36,19.554,-29.2951,327.3049,0.0002,0.0002,327.3049,,,,,,,,,,,,0.0,0.0,0.0,0.0,0
61.38,19.554,-29.2951,327.3049,0.0002,0.0002,327.3049,,,,,,,,,,,,0.0,0.0,0.0,0.0,0
61.4,19.554,-29.2951,327.3049,0.0002,0.0002,327.3049,,,,,,,,,,,,0.0,0.0,0.0,0.0,0
61.42,19.554,-29.2951,327.3049,0.0002,0.0002,327.3049,,,,,,,,,,,,0.0,0.0,0.0,0.0,0
61.44,19.554,-29.2951,327.3049,0.0002,0.0002,327.3049,,,,,,,,,,,,0.0,0.0,0.0,0.0,0
61.46,19.554,-29.2951,327.3049,0.0002,0.0002,327.3049,,,,,,,,,,,,0.0,0.0,0.0,0.0,0
61.48,19.554,-29.2951,327.3049,0.0002,0.0002,327.3049,,,,,,,,,,,,0.0,0.0,0.0,0.0,0
61.5,19.554,-29.2951,327.3049,0.0002,0.0002,327.3049,,,,,,,,,,,,0.0,0.0,0.0,0.0,0
61.52,19.554,-29.2951,327.3049,0.0002,0.0002,327.3049,,,,,,,,,,,,0.0,0.0,0.0,0.0,0
61.54,19.554,-29.2951,327.3049,0.0002,0.0002,327.3049,,,,,,,,,,,,0.0,0.0,0.0,0.0,0
61.56,19.554,-29.2951,327.3049,0.0002,0.0002,327.3049,,,,,,,,,,,,0.0,0.0,0.0,0.0,0
61.58,19.554,-29.2951,327.3049,0.0002,0.0002,327.3049,,,,,,,,,,,,0.0,0.0,0.0,0.0,0
61.6,19.554,-29.2951,327.3049,0.0002,0.0002,327.3049,,,,,,,,,,,,0.0,0.0,0.0,0.0,0
61.62,19.554,-29.2951,327.3049,0.0002,0.0002,327.3049,,,,,,,,,,,,0.0,0.0,0.0,0.0,0
61.64,19.554,-29.2951,327.3049,0.0002,0.0002,327.3049,,,,,,,,,,,,0.0,0.0,0.0,0.0,0
61.66,19.554,-29.2951,327.3049,0.0002,0.0002,327.3049,,,,,,,,,,,,0.0,0.0,0.0,0.0,0
61.68,19.554,-29.2951,327.3049,0.0002,0.0002,327.3049,,,,,,,,,,,,0.0,0.0,0.0,0.0,0
61.7,19.554,-29.2951,327.3049,0.0002,0.0002,327.3049,,,,,,,,,,,,0.0,0.0,0.0,0.0,0
61.72,19.554,-29.2951,327.3049,0.0002,0.0002,327.3049,,,,,,,,,,,,0.0,0.0,0.0,0.0,0
61.74,19.554,-29.2951,327.3049,0.0002,0.0002,327.3049,,,,,,,,,,,,0.0,0.0,0.0,0.0,0
61.76,19.554,-29.2951,327.3049,0.0002,0.0002,327.3049,,,,,,,,,,,,0.0,0.0,0.0,0.0,0
61.78,19.554,-29.2951,327.3049,0.0002,0.0002,327.3049,,,,,,,,,,,,0.0,0.0,0.0,0.0,0
61.8,19.554,-29.2951,327.3049,0.0002,0.0002,327.3049,,,,,,,,,,,,0.0,0.0,0.0,0.0,0
61.82,19.554,-29.2951,327.3049,0.0002,0.0002,327.3049,,,,,,,,,,,,0.0,0.0,0.0,0.0,0
61.84,19.554,-29.2951,327.3049,0.0002,0.0002,327.3049,,,,,,,,,,,,0.0,0.0,0.0,0.0,0
61.86,19.554,-29.2951,327.3049,0.0002,0.0002,327.3049,,,,,,,,,,,,0.0,0.0,0.0,0.0,0
61.88,19.554,-29.2951,327.3049,0.0002,0.0002,327.3049,,,,,,,,,,,,0.0,0.0,0.0,0.0,0
61.9,19.554,-29.2951,327.3049,0.0002,0.0002,327.3049,,,,,,,,,,,,0.0,0.0,0.0,0.0,0
61.92,19.554,-29.2951,327.3049,0.0002,0.0002,327.3049,,,,,,,,,,,,0.0,0.0,0.0,0.0,0
61.94,19.554,-29.2951,327.3049,0.0002,0.0002,327.3049,,,,,,,,,,,,0.0,0.0,0.0,0.0,0
61.96,19.554,-29.2951,327.3049,0.0002,0.0002,327.3049,,,,,,,,,,,,0.0,0.0,0.0,0.0,0
61.98,19.554,-29.2951,327.3049,0.0002,0.0002,327.3049,,,,,,,,,,,,0.0,0.0,0.0,0.0,0
62.0,19.554,-29.2951,327.3049,0.0002,0.0002,327.3049,,,,,,,,,,,,0.0,0.0,0.0,0.0,0
62.02,19.554,-29.2951,327.3049,0.0002,0.0002,327.3049,,,,,,,,,,,,0.0,0.0,0.0,0.0,0
62.04,19.554,-29.2951,327.3049,0.0002,0.0002,327.3049,,,,,,,,,,,,0.0,0.0,0.0,0.0,0
62.06,19.554,-29.2951,327.3049,0.0002,0.0002,327.3049,,,,,,,,,,,,0.0,0.0,0.0,0.0,0
62.08,19.554,-29.2951,327.3049,0.0002,0.0002,327.3049,,,,,,,,,,,,0.0,0.0,0.0,0.0,0
62.1,19.554,-29.2951,327.3049,0.0002,0.0002,327.3049,,,,,,,,,,,,0.0,0.0,0.0,0.0,0
62.12,19.554,-29.2951,327.3049,0.0002,0.0002,327.3049,,,,,,,,,,,,0.0,0.0,0.0,0.0,0
62.14,19.554,-29.2951,327.3049,0.0002,0.0002,327.3049,,,,,,,,,,,,0.0,0.0,0.0,0.0,0
62.16,19.554,-29.2951,327.3049,0.0002,0.0002,327.3049,,,,,,,,,,,,0.0,0.0,0.0,0.0,0
62.18,19.554,-29.2951,327.3049,0.0002,0.0002,327.3049,,,,,,,,,,,,0.0,0.0,0.0,0.0,0
62.2,19.554,-29.2951,327.3049,0.0002,0.0002,327.3049,,,,,,,,,,,,0.0,0.0,0.0,0.0,0
62.22,19.554,-29.2951,327.3049,0.0002,0.0002,327.3049,,,,,,,,,,,,0.0,0.0,0.0,0.0,0
62.24,19.554,-29.2951,327.3049,0.0002,0.0002,327.3049,,,,,,,,,,,,0.0,0.0,0.0,0.0,0
62.26,19.554,-29.2951,327.3049,0.0002,0.0002,327.3049,,,,,,,,,,,,0.0,0.0,0.0,0.0,0
62.28,19.554,-29.2951,327.3049,0.0002,0.0002,327.3049,,,,,,,,,,,,0.0,0.0,0.0,0.0,0
62.3,19.554,-29.2951,327.3049,0.0002,0.0002,327.3049,,,,,,,,,,,,0.0,0.0,0.0,0.0,0
62.32,19.554,-29.2951,327.3049,0.0002,0.0002,327.3049,,,,,,,,,,,,0.0,0.0,0.0,0.0,0
62.34,19.554,-29.2951,327.3049,0.0002,0.0002,327.3049,,,,,,,,,,,,0.0,0.0,0.0,0.0,0
62.36,19.554,-29.2951,327.3049,0.0002,0.0002,327.3049,,,,,,,,,,,,0.0,0.0,0.0,0.0,0
62.38,19.554,-29.2951,327.3049,0.0002,0.0002,327.3049,,,,,,,,,,,,0.0,0.0,0.0,0.0,0
62.4,19.554,-29.2951,327.3049,0.0002,0.0002,327.3049,,,,,,,,,,,,0.0,0.0,0.0,0.0,0
62.42,19.554,-29.2951,327.3049,0.0002,0.0002,327.3049,,,,,,,,,,,,0.0,0.0,0.0,0.0,0
62.44,19.554,-29.2951,327.3049,0.0002,0.0002,327.3049,,,,,,,,,,,,0.0,0.0,0.0,0.0,0
62.46,19.554,-29.2951,327.3049,0.0002,0.0002,327.3049,,,,,,,,,,,,0.0,0.0,0.0,0.0,0
62.48,19.554,-29.2951,327.3049,0.0002,0.0002,327.3049,,,,,,,,,,,,0.0,0.0,0.0,0.0,0
62.5,19.554,-29.2951,327.3049,0.0002,0.0002,327.3049,,,,,,,,,,,,0.0,0.0,0.0,0.0,0
62.52,19.554,-29.2951,327.3049,0.0002,0.0002,327.3049,,,,,,,,,,,,0.0,0.0,0.0,0.0,0
62.54,19.554,-29.2951,327.3049,0.0002,0.0002,327.3049,,,,,,,,,,,,0.0,0.0,0.0,0.0,0
62.56,19.554,-29.2951,327.3049,0.0002,0.0002,327.3049,,,,,,,,,,,,0.0,0.0,0.0,0.0,0
62.58,19.554,-29.2951,327.3049,0.0002,0.0002,327.3049,,,,,,,,,,,,0.0,0.0,0.0,0.0,0
62.6,19.554,-29.2951,327.3049,0.0002,0.0002,327.3049,,,,,,,,,,,,0.0,0.0,0.0,0.0,0
62.62,19.554,-29.2951,327.3049,0.0002,0.0002,327.3049,,,,,,,,,,,,0.0,0.0,0.0,0.0,0
62.64,19.554,-29.2951,327.3049,0.0002,0.0002,327.3049,,,,,,,,,,,,0.0,0.0,0.0,0.0,0
62.66,19.554,-29.2951,327.3049,0.0002,0.0002,327.3049,,,,,,,,,,,,0.0,0.0,0.0,0.0,0
62.68,19.554,-29.2951,327.3049,0.0002,0.0002,327.3049,,,,,,,,,,,,0.0,0.0,0.0,0.0,0
62.7,19.554,-29.2951,327.3049,0.0002,0.0002,327.3049,,,,,,,,,,,,0.0,0.0,0.0,0.0,0
62.72,19.554,-29.2951,327.3049,0.0002,0.0002,327.3049,,,,,,,,,,,,0.0,0.0,0.0,0.0,0
62.74,19.554,-29.2951,327.3049,0.0002,0.0002,327.3049,,,,,,,,,,,,0.0,0.0,0.0,0.0,0
62.76,19.554,-29.2951,327.3049,0.0002,0.0002,327.3049,,,,,,,,,,,,0.0,0.0,0.0,0.0,0
62.78,19.554,-29.2951,327.3049,0.0002,0.0002,327.3049,,,,,,,,,,,,0.0,0.0,0.0,0.0,0
62.8,19.554,-29.2951,327.3049,0.0002,0.0002,327.3049,,,,,,,,,,,,0.0,0.0,0.0,0.0,0
62.82,19.554,-29.2951,327.3049,0.0002,0.0002,327.3049,,,,,,,,,,,,0.0,0.0,0.0,0.0,0
62.84,19.554,-29.2951,327.3049,0.0002,0.0002,327.3049,,,,,,,,,,,,0.0,0.0,0.0,0.0,0
62.86,19.554,-29.2951,327.3049,0.0002,0.0002,327.3049,,,,,,,,,,,,0.0,0.0,0.0,0.0,0
62.88,19.554,-29.2951,327.3049,0.0002,0.0002,327.3049,,,,,,,,,,,,0.0,0.0,0.0,0.0,0
62.9,19.554,-29.2951,327.3049,0.0002,0.0002,327.3049,,,,,,,,,,,,0.0,0.0,0.0,0.0,0
62.92,19.554,-29.2951,327.3049,0.0002,0.0002,327.3049,,,,,,,,,,,,0.0,0.0,0.0,0.0,0
62.94,19.554,-29.2951,327.3049,0.0002,0.0002,327.3049,,,,,,,,,,,,0.0,0.0,0.0,0.0,0
62.96,19.554,-29.2951,327.3049,0.0002,0.0002,327.3049,,,,,,,,,,,,0.0,0.0,0.0,0.0,0
62.98,19.554,-29.2951,327.3049,0.0002,0.0002,327.3049,,,,,,,,,,,,0.0,0.0,0.0,0.0,0
63.0,19.554,-29.2951,327.3049,0.0002,0.0002,327.3049,,,,,,,,,,,,0.0,0.0,0.0,0.0,0
63.02,19.554,-29.2951,327.3049,0.0002,0.0002,327.3049,,,,,,,,,,,,0.0,0.0,0.0,0.0,0
63.04,19.554,-29.2951,327.3049,0.0002,0.0002,327.3049,,,,,,,,,,,,0.0,0.0,0.0,0.0,0
63.06,19.554,-29.2951,327.3049,0.0002,0.0002,327.3049,,,,,,,,,,,,0.0,0.0,0.0,0.0,0
63.08,19.554,-29.2951,327.3049,0.0002,0.0002,327.3049,,,,,,,,,,,,0.0,0.0,0.0,0.0,0
63.1,19.554,-29.2951,327.3049,0.0002,0.0002,327.3049,,,,,,,,,,,,0.0,0.0,0.0,0.0,0
63.12,19.554,-29.2951,327.3049,0.0002,0.0002,327.3049,,,,,,,,,,,,0.0,0.0,0.0,0.0,0
63.14,19.554,-29.2951,327.3049,0.0002,0.0002,327.3049,,,,,,,,,,,,0.0,0.0,0.0,0.0,0
63.16,19.554,-29.2951,327.3049,0.0002,0.0002,327.3049,,,,,,,,,,,,0.0,0.0,0.0,0.0,0
63.18,19.554,-29.2951,327.3049,0.0002,0.0002,327.3049,,,,,,,,,,,,0.0,0.0,0.0,0.0,0
63.2,19.554,-29.2951,327.3049,0.0002,0.0002,327.3049,,,,,,,,,,,,0.0,0.0,0.0,0.0,0
63.22,19.554,-29.2951,327.3049,0.0002,0.0002,327.3049,,,,,,,,,,,,0.0,0.0,0.0,0.0,0
63.24,19.554,-29.2951,327.3049,0.0002,0.0002,327.3049,,,,,,,,,,,,0.0,0.0,0.0,0.0,0
63.26,19.554,-29.2951,327.3049,0.0002,0.0002,327.3049,,,,,,,,,,,,0.0,0.0,0.0,0.0,0
63.28,19.554,-29.2951,327.3049,0.0002,0.0002,327.3049,,,,,,,,,,,,0.0,0.0,0.0,0.0,0
63.3,19.554,-29.2951,327.3049,0.0002,0.0002,327.3049,,,,,,,,,,,,0.0,0.0,0.0,0.0,0
63.32,19.554,-29.2951,327.3049,0.0002,0.0002,327.3049,,,,,,,,,,,,0.0,0.0,0.0,0.0,0
63.34,19.554,-29.2951,327.3049,0.0002,0.0002,327.3049,,,,,,,,,,,,0.0,0.0,0.0,0.0,0
63.36,19.554,-29.2951,327.3049,0.0002,0.0002,327.3049,,,,,,,,,,,,0.0,0.0,0.0,0.0,0
63.38,19.554,-29.2951,327.3049,0.0002,0.0002,327.3049,,,,,,,,,,,,0.0,0.0,0.0,0.0,0
63.4,19.554,-29.2951,327.3049,0.0002,0.0002,327.3049,,,,,,,,,,,,0.0,0.0,0.0,0.0,0
63.42,19.554,-29.2951,327.3049,0.0002,0.0002,327.3049,,,,,,,,,,,,0.0,0.0,0.0,0.0,0
63.44,19.554,-29.2951,327.3049,0.0002,0.0002,327.3049,,,,,,,,,,,,0.0,0.0,0.0,0.0,0
63.46,19.554,-29.2951,327.3049,0.0002,0.0002,327.3049,,,,,,,,,,,,0.0,0.0,0.0,0.0,0
63.48,19.554,-29.2951,327.3049,0.0002,0.0002,327.3049,,,,,,,,,,,,0.0,0.0,0.0,0.0,0
63.5,19.554,-29.2951,327.3049,0.0002,0.0002,327.3049,,,,,,,,,,,,0.0,0.0,0.0,0.0,0
63.52,19.554,-29.2951,327.3049,0.0002,0.0002,327.3049,,,,,,,,,,,,0.0,0.0,0.0,0.0,0
63.54,19.554,-29.2951,327.3049,0.0002,0.0002,327.3049,,,,,,,,,,,,0.0,0.0,0.0,0.0,0
63.56,19.554,-29.2951,327.3049,0.0002,0.0002,327.3049,,,,,,,,,,,,0.0,0.0,0.0,0.0,0
63.58,19.554,-29.2951,327.3049,0.0002,0.0002,327.3049,,,,,,,,,,,,0.0,0.0,0.0,0.0,0
63.6,19.554,-29.2951,327.3049,0.0002,0.0002,327.3049,,,,,,,,,,,,0.0,0.0,0.0,0.0,0
63.62,19.554,-29.2951,327.3049,0.0002,0.0002,327.3049,,,,,,,,,,,,0.0,0.0,0.0,0.0,0
63.64,19.554,-29.2951,327.3049,0.0002,0.0002,327.3049,,,,,,,,,,,,0.0,0.0,0.0,0.0,0
63.66,19.554,-29.2951,327.3049,0.0002,0.0002,327.3049,,,,,,,,,,,,0.0,0.0,0.0,0.0,0
63.68,19.554,-29.2951,327.3049,0.0002,0.0002,327.3049,,,,,,,,,,,,0.0,0.0,0.0,0.0,0
63.7,19.554,-29.2951,327.3049,0.0002,0.0002,327.3049,,,,,,,,,,,,0.0,0.0,0.0,0.0,0
63.72,19.554,-29.2951,327.3049,0.0002,0.0002,327.3049,,,,,,,,,,,,0.0,0.0,0.0,0.0,0
63.74,19.554,-29.2951,327.3049,0.0002,0.0002,327.3049,,,,,,,,,,,,0.0,0.0,0.0,0.0,0
63.76,19.554,-29.2951,327.3049,0.0002,0.0002,327.3049,,,,,,,,,,,,0.0,0.0,0.0,0.0,0
63.78,19.554,-29.2951,327.3049,0.0002,0.0002,327.3049,,,,,,,,,,,,0.0,0.0,0.0,0.0,0
63.8,19.554,-29.2951,327.3049,0.0002,0.0002,327.3049,,,,,,,,,,,,0.0,0.0,0.0,0.0,0
63.82,19.554,-29.2951,327.3049,0.0002,0.0002,327.3049,,,,,,,,,,,,0.0,0.0,0.0,0.0,0
63.84,19.554,-29.2951,327.3049,0.0002,0.0002,327.3049,,,,,,,,,,,,0.0,0.0,0.0,0.0,0
63.86,19.554,-29.2951,327.3049,0.0002,0.0002,327.3049,,,,,,,,,,,,0.0,0.0,0.0,0.0,0
63.88,19.554,-29.2951,327.3049,0.0002,0.0002,327.3049,,,,,,,,,,,,0.0,0.0,0.0,0.0,0
63.9,19.554,-29.2951,327.3049,0.0002,0.0002,327.3049,,,,,,,,,,,,0.0,0.0,0.0,0.0,0
63.92,19.554,-29.2951,327.3049,0.0002,0.0002,327.3049,,,,,,,,,,,,0.0,0.0,0.0,0.0,0
63.94,19.554,-29.2951,327.3049,0.0002,0.0002,327.3049,,,,,,,,,,,,0.0,0.0,0.0,0.0,0
63.96,19.554,-29.2951,327.3049,0.0002,0.0002,327.3049,,,,,,,,,,,,0.0,0.0,0.0,0.0,0
63.98,19.554,-29.2951,327.3049,0.0002,0.0002,327.3049,,,,,,,,,,,,0.0,0.0,0.0,0.0,0
64.0,19.554,-29.2951,327.3049,0.0002,0.0002,327.3049,,,,,,,,,,,,0.0,0.0,0.0,0.0,0
64.02,19.554,-29.2951,327.3049,0.0002,0.0002,327.3049,,,,,,,,,,,,0.0,0.0,0.0,0.0,0
64.04,19.554,-29.2951,327.3049,0.0002,0.0002,327.3049,,,,,,,,,,,,0.0,0.0,0.0,0.0,0
64.06,19.554,-29.2951,327.3049,0.0002,0.0002,327.3049,,,,,,,,,,,,0.0,0.0,0.0,0.0,0
64.08,19.554,-29.2951,327.3049,0.0002,0.0002,327.3049,,,,,,,,,,,,0.0,0.0,0.0,0.0,0
64.1,19.554,-29.2951,327.3049,0.0002,0.0002,327.3049,,,,,,,,,,,,0.0,0.0,0.0,0.0,0
64.12,19.554,-29.2951,327.3049,0.0002,0.0002,327.3049,,,,,,,,,,,,0.0,0.0,0.0,0.0,0
64.14,19.554,-29.2951,327.3049,0.0002,0.0002,327.3049,,,,,,,,,,,,0.0,0.0,0.0,0.0,0
64.16,19.554,-29.2951,327.3049,0.0002,0.0002,327.3049,,,,,,,,,,,,0.0,0.0,0.0,0.0,0
64.18,19.554,-29.2951,327.3049,0.0002,0.0002,327.3049,,,,,,,,,,,,0.0,0.0,0.0,0.0,0
64.2,19.554,-29.2951,327.3049,0.0002,0.0002,327.3049,,,,,,,,,,,,0.0,0.0,0.0,0.0,0
64.22,19.554,-29.2951,327.3049,0.0002,0.0002,327.3049,,,,,,,,,,,,0.0,0.0,0.0,0.0,0
64.24,19.554,-29.2951,327.3049,0.0002,0.0002,327.3049,,,,,,,,,,,,0.0,0.0,0.0,0.0,0
64.26,19.554,-29.2951,327.3049,0.0002,0.0002,327.3049,,,,,,,,,,,,0.0,0.0,0.0,0.0,0
64.28,19.554,-29.2951,327.3049,0.0002,0.0002,327.3049,,,,,,,,,,,,0.0,0.0,0.0,0.0,0
64.3,19.554,-29.2951,327.3049,0.0002,0.0002,327.3049,,,,,,,,,,,,0.0,0.0,0.0,0.0,0
64.32,19.554,-29.2951,327.3049,0.0002,0.0002,327.3049,,,,,,,,,,,,0.0,0.0,0.0,0.0,0
64.34,19.554,-29.2951,327.3049,0.0002,0.0002,327.3049,,,,,,,,,,,,0.0,0.0,0.0,0.0,0
64.36,19.554,-29.2951,327.3049,0.0002,0.0002,327.3049,,,,,,,,,,,,0.0,0.0,0.0,0.0,0
64.38,19.554,-29.2951,327.3049,0.0002,0.0002,327.3049,,,,,,,,,,,,0.0,0.0,0.0,0.0,0
64.4,19.554,-29.2951,327.3049,0.0002,0.0002,327.3049,,,,,,,,,,,,0.0,0.0,0.0,0.0,0
64.42,19.554,-29.2951,327.3049,0.0002,0.0002,327.3049,,,,,,,,,,,,0.0,0.0,0.0,0.0,0
64.44,19.554,-29.2951,327.3049,0.0002,0.0002,327.3049,,,,,,,,,,,,0.0,0.0,0.0,0.0,0
64.46,19.554,-29.2951,327.3049,0.0002,0.0002,327.3049,,,,,,,,,,,,0.0,0.0,0.0,0.0,0
64.48,19.554,-29.2951,327.3049,0.0002,0.0002,327.3049,,,,,,,,,,,,0.0,0.0,0.0,0.0,0
64.5,19.554,-29.2951,327.3049,0.0002,0.0002,327.3049,,,,,,,,,,,,0.0,0.0,0.0,0.0,0
64.52,19.554,-29.2951,327.3049,0.0002,0.0002,327.3049,,,,,,,,,,,,0.0,0.0,0.0,0.0,0
64.54,19.554,-29.2951,327.3049,0.0002,0.0002,327.3049,,,,,,,,,,,,0.0,0.0,0.0,0.0,0
64.56,19.554,-29.2951,327.3049,0.0002,0.0002,327.3049,,,,,,,,,,,,0.0,0.0,0.0,0.0,0
64.58,19.554,-29.2951,327.3049,0.0002,0.0002,327.3049,,,,,,,,,,,,0.0,0.0,0.0,0.0,0
64.6,19.554,-29.2951,327.3049,0.0002,0.0002,327.3049,,,,,,,,,,,,0.0,0.0,0.0,0.0,0
64.62,19.554,-29.2951,327.3049,0.0002,0.0002,327.3049,,,,,,,,,,,,0.0,0.0,0.0,0.0,0
64.64,19.554,-29.2951,327.3049,0.0002,0.0002,327.3049,,,,,,,,,,,,0.0,0.0,0.0,0.0,0
64.66,19.554,-29.2951,327.3049,0.0002,0.0002,327.3049,,,,,,,,,,,,0.0,0.0,0.0,0.0,0
64.68,19.554,-29.2951,327.3049,0.0002,0.0002,327.3049,,,,,,,,,,,,0.0,0.0,0.0,0.0,0
64.7,19.554,-29.2951,327.3049,0.0002,0.0002,327.3049,,,,,,,,,,,,0.0,0.0,0.0,0.0,0
64.72,19.554,-29.2951,327.3049,0.0002,0.0002,327.3049,,,,,,,,,,,,0.0,0.0,0.0,0.0,0
64.74,19.554,-29.2951,327.3049,0.0002,0.0002,327.3049,,,,,,,,,,,,0.0,0.0,0.0,0.0,0
64.76,19.554,-29.2951,327.3049,0.0002,0.0002,327.3049,,,,,,,,,,,,0.0,0.0,0.0,0.0,0
64.78,19.554,-29.2951,327.3049,0.0002,0.0002,327.3049,,,,,,,,,,,,0.0,0.0,0.0,0.0,0
64.8,19.554,-29.2951,327.3049,0.0002,0.0002,327.3049,,,,,,,,,,,,0.0,0.0,0.0,0.0,0
64.82,19.554,-29.2951,327.3049,0.0002,0.0002,327.3049,,,,,,,,,,,,0.0,0.0,0.0,0.0,0
64.84,19.554,-29.2951,327.3049,0.0002,0.0002,327.3049,,,,,,,,,,,,0.0,0.0,0.0,0.0,0
64.86,19.554,-29.2951,327.3049,0.0002,0.0002,327.3049,,,,,,,,,,,,0.0,0.0,0.0,0.0,0
64.88,19.554,-29.2951,327.3049,0.0002,0.0002,327.3049,,,,,,,,,,,,0.0,0.0,0.0,0.0,0
64.9,19.554,-29.2951,327.3049,0.0002,0.0002,327.3049,,,,,,,,,,,,0.0,0.0,0.0,0.0,0
64.92,19.554,-29.2951,327.3049,0.0002,0.0002,327.3049,,,,,,,,,,,,0.0,0.0,0.0,0.0,0
64.94,19.554,-29.2951,327.3049,0.0002,0.0002,327.3049,,,,,,,,,,,,0.0,0.0,0.0,0.0,0
64.96,19.554,-29.2951,327.3049,0.0002,0.0002,327.3049,,,,,,,,,,,,0.0,0.0,0.0,0.0,0
64.98,19.554,-29.2951,327.3049,0.0002,0.0002,327.3049,,,,,,,,,,,,0.0,0.0,0.0,0.0,0
65.0,19.554,-29.2951,327.3049,0.0002,0.0002,327.3049,,,,,,,,,,,,0.0,0.0,0.0,0.0,0
65.02,19.554,-29.2951,327.3049,0.0002,0.0002,327.3049,,,,,,,,,,,,0.0,0.0,0.0,0.0,0
65.04,19.554,-29.2951,327.3049,0.0002,0.0002,327.3049,,,,,,,,,,,,0.0,0.0,0.0,0.0,0
65.06,19.554,-29.2951,327.3049,0.0002,0.0002,327.3049,,,,,,,,,,,,0.0,0.0,0.0,0.0,0
65.08,19.554,-29.2951,327.3049,0.0002,0.0002,327.3049,,,,,,,,,,,,0.0,0.0,0.0,0.0,0
65.1,19.554,-29.2951,327.3049,0.0002,0.0002,327.3049,,,,,,,,,,,,0.0,0.0,0.0,0.0,0
65.12,19.554,-29.2951,327.3049,0.0002,0.0002,327.3049,,,,,,,,,,,,0.0,0.0,0.0,0.0,0
65.14,19.554,-29.2951,327.3049,0.0002,0.0002,327.3049,,,,,,,,,,,,0.0,0.0,0.0,0.0,0
65.16,19.554,-29.2951,327.3049,0.0002,0.0002,327.3049,,,,,,,,,,,,0.0,0.0,0.0,0.0,0
65.18,19.554,-29.2951,327.3049,0.0002,0.0002,327.3049,,,,,,,,,,,,0.0,0.0,0.0,0.0,0
65.2,19.554,-29.2951,327.3049,0.0002,0.0002,327.3049,,,,,,,,,,,,0.0,0.0,0.0,0.0,0
65.22,19.554,-29.2951,327.3049,0.0002,0.0002,327.3049,,,,,,,,,,,,0.0,0.0,0.0,0.0,0
65.24,19.554,-29.2951,327.3049,0.0002,0.0002,327.3049,,,,,,,,,,,,0.0,0.0,0.0,0.0,0
65.26,19.554,-29.2951,327.3049,0.0002,0.0002,327.3049,,,,,,,,,,,,0.0,0.0,0.0,0.0,0
65.28,19.554,-29.2951,327.3049,0.0002,0.0002,327.3049,,,,,,,,,,,,0.0,0.0,0.0,0.0,0
65.3,19.554,-29.2951,327.3049,0.0002,0.0002,327.3049,,,,,,,,,,,,0.0,0.0,0.0,0.0,0
65.32,19.554,-29.2951,327.3049,0.0002,0.0002,327.3049,,,,,,,,,,,,0.0,0.0,0.0,0.0,0
65.34,19.554,-29.2951,327.3049,0.0002,0.0002,327.3049,,,,,,,,,,,,0.0,0.0,0.0,0.0,0
65.36,19.554,-29.2951,327.3049,0.0002,0.0002,327.3049,,,,,,,,,,,,0.0,0.0,0.0,0.0,0
65.38,19.554,-29.2951,327.3049,0.0002,0.0002,327.3049,,,,,,,,,,,,0.0,0.0,0.0,0.0,0
65.4,19.554,-29.2951,327.3049,0.0002,0.0002,327.3049,,,,,,,,,,,,0.0,0.0,0.0,0.0,0
65.42,19.554,-29.2951,327.3049,0.0002,0.0002,327.3049,,,,,,,,,,,,0.0,0.0,0.0,0.0,0
65.44,19.554,-29.2951,327.3049,0.0002,0.0002,327.3049,,,,,,,,,,,,0.0,0.0,0.0,0.0,0
65.46,19.554,-29.2951,327.3049,0.0002,0.0002,327.3049,,,,,,,,,,,,0.0,0.0,0.0,0.0,0
65.48,19.554,-29.2951,327.3049,0.0002,0.0002,327.3049,,,,,,,,,,,,0.0,0.0,0.0,0.0,0
65.5,19.554,-29.2951,327.3049,0.0002,0.0002,327.3049,,,,,,,,,,,,0.0,0.0,0.0,0.0,0
65.52,19.554,-29.2951,327.3049,0.0002,0.0002,327.3049,,,,,,,,,,,,0.0,0.0,0.0,0.0,0
65.54,19.554,-29.2951,327.3049,0.0002,0.0002,327.3049,,,,,,,,,,,,0.0,0.0,0.0,0.0,0
65.56,19.554,-29.2951,327.3049,0.0002,0.0002,327.3049,,,,,,,,,,,,0.0,0.0,0.0,0.0,0
65.58,19.554,-29.2951,327.3049,0.0002,0.0002,327.3049,,,,,,,,,,,,0.0,0.0,0.0,0.0,0
65.6,19.554,-29.2951,327.3049,0.0002,0.0002,327.3049,,,,,,,,,,,,0.0,0.0,0.0,0.0,0
65.62,19.554,-29.2951,327.3049,0.0002,0.0002,327.3049,,,,,,,,,,,,0.0,0.0,0.0,0.0,0
65.64,19.554,-29.2951,327.3049,0.0002,0.0002,327.3049,,,,,,,,,,,,0.0,0.0,0.0,0.0,0
65.66,19.554,-29.2951,327.3049,0.0002,0.0002,327.3049,,,,,,,,,,,,0.0,0.0,0.0,0.0,0
65.68,19.554,-29.2951,327.3049,0.0002,0.0002,327.3049,,,,,,,,,,,,0.0,0.0,0.0,0.0,0
65.7,19.554,-29.2951,327.3049,0.0002,0.0002,327.3049,,,,,,,,,,,,0.0,0.0,0.0,0.0,0
65.72,19.554,-29.2951,327.3049,0.0002,0.0002,327.3049,,,,,,,,,,,,0.0,0.0,0.0,0.0,0
65.74,19.554,-29.2951,327.3049,0.0002,0.0002,327.3049,,,,,,,,,,,,0.0,0.0,0.0,0.0,0
65.76,19.554,-29.2951,327.3049,0.0002,0.0002,327.3049,,,,,,,,,,,,0.0,0.0,0.0,0.0,0
65.78,19.554,-29.2951,327.3049,0.0002,0.0002,327.3049,,,,,,,,,,,,0.0,0.0,0.0,0.0,0
65.8,19.554,-29.2951,327.3049,0.0002,0.0002,327.3049,,,,,,,,,,,,0.0,0.0,0.0,0.0,0
65.82,19.554,-29.2951,327.3049,0.0002,0.0002,327.3049,,,,,,,,,,,,0.0,0.0,0.0,0.0,0
65.84,19.554,-29.2951,327.3049,0.0002,0.0002,327.3049,,,,,,,,,,,,0.0,0.0,0.0,0.0,0
65.86,19.554,-29.2951,327.3049,0.0002,0.0002,327.3049,,,,,,,,,,,,0.0,0.0,0.0,0.0,0
65.88,19.554,-29.2951,327.3049,0.0002,0.0002,327.3049,,,,,,,,,,,,0.0,0.0,0.0,0.0,0
65.9,19.554,-29.2951,327.3049,0.0002,0.0002,327.3049,,,,,,,,,,,,0.0,0.0,0.0,0.0,0
65.92,19.554,-29.2951,327.3049,0.0002,0.0002,327.3049,,,,,,,,,,,,0.0,0.0,0.0,0.0,0
65.94,19.554,-29.2951,327.3049,0.0002,0.0002,327.3049,,,,,,,,,,,,0.0,0.0,0.0,0.0,0
65.96,19.554,-29.2951,327.3049,0.0002,0.0002,327.3049,,,,,,,,,,,,0.0,0.0,0.0,0.0,0
65.98,19.554,-29.2951,327.3049,0.0002,0.0002,327.3049,,,,,,,,,,,,0.0,0.0,0.0,0.0,0
66.0,19.554,-29.2951,327.3049,0.0002,0.0002,327.3049,,,,,,,,,,,,0.0,0.0,0.0,0.0,0
66.02,19.554,-29.2951,327.3049,0.0002,0.0002,327.3049,,,,,,,,,,,,0.0,0.0,0.0,0.0,0
66.04,19.554,-29.2951,327.3049,0.0002,0.0002,327.3049,,,,,,,,,,,,0.0,0.0,0.0,0.0,0
66.06,19.554,-29.2951,327.3049,0.0002,0.0002,327.3049,,,,,,,,,,,,0.0,0.0,0.0,0.0,0
66.08,19.554,-29.2951,327.3049,0.0002,0.0002,327.3049,,,,,,,,,,,,0.0,0.0,0.0,0.0,0
66.1,19.554,-29.2951,327.3049,0.0002,0.0002,327.3049,,,,,,,,,,,,0.0,0.0,0.0,0.0,0
66.12,19.554,-29.2951,327.3049,0.0002,0.0002,327.3049,,,,,,,,,,,,0.0,0.0,0.0,0.0,0
66.14,19.554,-29.2951,327.3049,0.0002,0.0002,327.3049,,,,,,,,,,,,0.0,0.0,0.0,0.0,0
66.16,19.554,-29.2951,327.3049,0.0002,0.0002,327.3049,,,,,,,,,,,,0.0,0.0,0.0,0.0,0
66.18,19.554,-29.2951,327.3049,0.0002,0.0002,327.3049,,,,,,,,,,,,0.0,0.0,0.0,0.0,0
66.2,19.554,-29.2951,327.3049,0.0002,0.0002,327.3049,,,,,,,,,,,,0.0,0.0,0.0,0.0,0
66.22,19.554,-29.2951,327.3049,0.0002,0.0002,327.3049,,,,,,,,,,,,0.0,0.0,0.0,0.0,0
66.24,19.554,-29.2951,327.3049,0.0002,0.0002,327.3049,,,,,,,,,,,,0.0,0.0,0.0,0.0,0
66.26,19.554,-29.2951,327.3049,0.0002,0.0002,327.3049,,,,,,,,,,,,0.0,0.0,0.0,0.0,0
66.28,19.554,-29.2951,327.3049,0.0002,0.0002,327.3049,,,,,,,,,,,,0.0,0.0,0.0,0.0,0
66.3,19.554,-29.2951,327.3049,0.0002,0.0002,327.3049,,,,,,,,,,,,0.0,0.0,0.0,0.0,0
66.32,19.554,-29.2951,327.3049,0.0002,0.0002,327.3049,,,,,,,,,,,,0.0,0.0,0.0,0.0,0
66.34,19.554,-29.2951,327.3049,0.0002,0.0002,327.3049,,,,,,,,,,,,0.0,0.0,0.0,0.0,0
66.36,19.554,-29.2951,327.3049,0.0002,0.0002,327.3049,,,,,,,,,,,,0.0,0.0,0.0,0.0,0
66.38,19.554,-29.2951,327.3049,0.0002,0.0002,327.3049,,,,,,,,,,,,0.0,0.0,0.0,0.0,0
66.4,19.554,-29.2951,327.3049,0.0002,0.0002,327.3049,,,,,,,,,,,,0.0,0.0,0.0,0.0,0
66.42,19.554,-29.2951,327.3049,0.0002,0.0002,327.3049,,,,,,,,,,,,0.0,0.0,0.0,0.0,0
66.44,19.554,-29.2951,327.3049,0.0002,0.0002,327.3049,,,,,,,,,,,,0.0,0.0,0.0,0.0,0
66.46,19.554,-29.2951,327.3049,0.0002,0.0002,327.3049,,,,,,,,,,,,0.0,0.0,0.0,0.0,0
66.48,19.554,-29.2951,327.3049,0.0002,0.0002,327.3049,,,,,,,,,,,,0.0,0.0,0.0,0.0,0
66.5,19.554,-29.2951,327.3049,0.0002,0.0002,327.3049,,,,,,,,,,,,0.0,0.0,0.0,0.0,0
66.52,19.554,-29.2951,327.3049,0.0002,0.0002,327.3049,,,,,,,,,,,,0.0,0.0,0.0,0.0,0
66.54,19.554,-29.2951,327.3049,0.0002,0.0002,327.3049,,,,,,,,,,,,0.0,0.0,0.0,0.0,0
66.56,19.554,-29.2951,327.3049,0.0002,0.0002,327.3049,,,,,,,,,,,,0.0,0.0,0.0,0.0,0
66.58,19.554,-29.2951,327.3049,0.0002,0.0002,327.3049,,,,,,,,,,,,0.0,0.0,0.0,0.0,0
66.6,19.554,-29.2951,327.3049,0.0002,0.0002,327.3049,,,,,,,,,,,,0.0,0.0,0.0,0.0,0
66.62,19.554,-29.2951,327.3049,0.0002,0.0002,327.3049,,,,,,,,,,,,0.0,0.0,0.0,0.0,0
66.64,19.554,-29.2951,327.3049,0.0002,0.0002,327.3049,,,,,,,,,,,,0.0,0.0,0.0,0.0,0
66.66,19.554,-29.2951,327.3049,0.0002,0.0002,327.3049,,,,,,,,,,,,0.0,0.0,0.0,0.0,0
66.68,19.554,-29.2951,327.3049,0.0002,0.0002,327.3049,,,,,,,,,,,,0.0,0.0,0.0,0.0,0
66.7,19.554,-29.2951,327.3049,0.0002,0.0002,327.3049,,,,,,,,,,,,0.0,0.0,0.0,0.0,0
66.72,19.554,-29.2951,327.3049,0.0002,0.0002,327.3049,,,,,,,,,,,,0.0,0.0,0.0,0.0,0
66.74,19.554,-29.2951,327.3049,0.0002,0.0002,327.3049,,,,,,,,,,,,0.0,0.0,0.0,0.0,0
66.76,19.554,-29.2951,327.3049,0.0002,0.0002,327.3049,,,,,,,,,,,,0.0,0.0,0.0,0.0,0
66.78,19.554,-29.2951,327.3049,0.0002,0.0002,327.3049,,,,,,,,,,,,0.0,0.0,0.0,0.0,0
66.8,19.554,-29.2951,327.3049,0.0002,0.0002,327.3049,,,,,,,,,,,,0.0,0.0,0.0,0.0,0
66.82,19.554,-29.2951,327.3049,0.0002,0.0002,327.3049,,,,,,,,,,,,0.0,0.0,0.0,0.0,0
66.84,19.554,-29.2951,327.3049,0.0002,0.0002,327.3049,,,,,,,,,,,,0.0,0.0,0.0,0.0,0
66.86,19.554,-29.2951,327.3049,0.0002,0.0002,327.3049,,,,,,,,,,,,0.0,0.0,0.0,0.0,0
66.88,19.554,-29.2951,327.3049,0.0002,0.0002,327.3049,,,,,,,,,,,,0.0,0.0,0.0,0.0,0
66.9,19.554,-29.2951,327.3049,0.0002,0.0002,327.3049,,,,,,,,,,,,0.0,0.0,0.0,0.0,0
66.92,19.554,-29.2951,327.3049,0.0002,0.0002,327.3049,,,,,,,,,,,,0.0,0.0,0.0,0.0,0
66.94,19.554,-29.2951,327.3049,0.0002,0.0002,327.3049,,,,,,,,,,,,0.0,0.0,0.0,0.0,0
66.96,19.554,-29.2951,327.3049,0.0002,0.0002,327.3049,,,,,,,,,,,,0.0,0.0,0.0,0.0,0
66.98,19.554,-29.2951,327.3049,0.0002,0.0002,327.3049,,,,,,,,,,,,0.0,0.0,0.0,0.0,0
67.0,19.554,-29.2951,327.3049,0.0002,0.0002,327.3049,,,,,,,,,,,,0.0,0.0,0.0,0.0,0
67.02,19.554,-29.2951,327.3049,0.0002,0.0002,327.3049,,,,,,,,,,,,0.0,0.0,0.0,0.0,0
67.04,19.554,-29.2951,327.3049,0.0002,0.0002,327.3049,,,,,,,,,,,,0.0,0.0,0.0,0.0,0
67.06,19.554,-29.2951,327.3049,0.0002,0.0002,327.3049,,,,,,,,,,,,0.0,0.0,0.0,0.0,0
67.08,19.554,-29.2951,327.3049,0.0002,0.0002,327.3049,,,,,,,,,,,,0.0,0.0,0.0,0.0,0
67.1,19.554,-29.2951,327.3049,0.0002,0.0002,327.3049,,,,,,,,,,,,0.0,0.0,0.0,0.0,0
67.12,19.554,-29.2951,327.3049,0.0002,0.0002,327.3049,,,,,,,,,,,,0.0,0.0,0.0,0.0,0
67.14,19.554,-29.2951,327.3049,0.0002,0.0002,327.3049,,,,,,,,,,,,0.0,0.0,0.0,0.0,0
67.16,19.554,-29.2951,327.3049,0.0002,0.0002,327.3049,,,,,,,,,,,,0.0,0.0,0.0,0.0,0
67.18,19.554,-29.2951,327.3049,0.0002,0.0002,327.3049,,,,,,,,,,,,0.0,0.0,0.0,0.0,0
67.2,19.554,-29.2951,327.3049,0.0002,0.0002,327.3049,,,,,,,,,,,,0.0,0.0,0.0,0.0,0
67.22,19.554,-29.2951,327.3049,0.0002,0.0002,327.3049,,,,,,,,,,,,0.0,0.0,0.0,0.0,0
67.24,19.554,-29.2951,327.3049,0.0002,0.0002,327.3049,,,,,,,,,,,,0.0,0.0,0.0,0.0,0
67.26,19.554,-29.2951,327.3049,0.0002,0.0002,327.3049,,,,,,,,,,,,0.0,0.0,0.0,0.0,0
67.28,19.554,-29.2951,327.3049,0.0002,0.0002,327.3049,,,,,,,,,,,,0.0,0.0,0.0,0.0,0
67.3,19.554,-29.2951,327.3049,0.0002,0.0002,327.3049,,,,,,,,,,,,0.0,0.0,0.0,0.0,0
67.32,19.554,-29.2951,327.3049,0.0002,0.0002,327.3049,,,,,,,,,,,,0.0,0.0,0.0,0.0,0
67.34,19.554,-29.2951,327.3049,0.0002,0.0002,327.3049,,,,,,,,,,,,0.0,0.0,0.0,0.0,0
67.36,19.554,-29.2951,327.3049,0.0002,0.0002,327.3049,,,,,,,,,,,,0.0,0.0,0.0,0.0,0
67.38,19.554,-29.2951,327.3049,0.0002,0.0002,327.3049,,,,,,,,,,,,0.0,0.0,0.0,0.0,0
67.4,19.554,-29.2951,327.3049,0.0002,0.0002,327.3049,,,,,,,,,,,,0.0,0.0,0.0,0.0,0
67.42,19.554,-29.2951,327.3049,0.0002,0.0002,327.3049,,,,,,,,,,,,0.0,0.0,0.0,0.0,0
67.44,19.554,-29.2951,327.3049,0.0002,0.0002,327.3049,,,,,,,,,,,,0.0,0.0,0.0,0.0,0
67.46,19.554,-29.2951,327.3049,0.0002,0.0002,327.3049,,,,,,,,,,,,0.0,0.0,0.0,0.0,0
67.48,19.554,-29.2951,327.3049,0.0002,0.0002,327.3049,,,,,,,,,,,,0.0,0.0,0.0,0.0,0
67.5,19.554,-29.2951,327.3049,0.0002,0.0002,327.3049,,,,,,,,,,,,0.0,0.0,0.0,0.0,0
67.52,19.554,-29.2951,327.3049,0.0002,0.0002,327.3049,,,,,,,,,,,,0.0,0.0,0.0,0.0,0
67.54,19.554,-29.2951,327.3049,0.0002,0.0002,327.3049,,,,,,,,,,,,0.0,0.0,0.0,0.0,0
67.56,19.554,-29.2951,327.3049,0.0002,0.0002,327.3049,,,,,,,,,,,,0.0,0.0,0.0,0.0,0
67.58,19.554,-29.2951,327.3049,0.0002,0.0002,327.3049,,,,,,,,,,,,0.0,0.0,0.0,0.0,0
67.6,19.554,-29.2951,327.3049,0.0002,0.0002,327.3049,,,,,,,,,,,,0.0,0.0,0.0,0.0,0
67.62,19.554,-29.2951,327.3049,0.0002,0.0002,327.3049,,,,,,,,,,,,0.0,0.0,0.0,0.0,0
67.64,19.554,-29.2951,327.3049,0.0002,0.0002,327.3049,,,,,,,,,,,,0.0,0.0,0.0,0.0,0
67.66,19.554,-29.2951,327.3049,0.0002,0.0002,327.3049,,,,,,,,,,,,0.0,0.0,0.0,0.0,0
67.68,19.554,-29.2951,327.3049,0.0002,0.0002,327.3049,,,,,,,,,,,,0.0,0.0,0.0,0.0,0
67.7,19.554,-29.2951,327.3049,0.0002,0.0002,327.3049,,,,,,,,,,,,0.0,0.0,0.0,0.0,0
67.72,19.554,-29.2951,327.3049,0.0002,0.0002,327.3049,,,,,,,,,,,,0.0,0.0,0.0,0.0,0
67.74,19.554,-29.2951,327.3049,0.0002,0.0002,327.3049,,,,,,,,,,,,0.0,0.0,0.0,0.0,0
67.76,19.554,-29.2951,327.3049,0.0002,0.0002,327.3049,,,,,,,,,,,,0.0,0.0,0.0,0.0,0
67.78,19.554,-29.2951,327.3049,0.0002,0.0002,327.3049,,,,,,,,,,,,0.0,0.0,0.0,0.0,0
67.8,19.554,-29.2951,327.3049,0.0002,0.0002,327.3049,,,,,,,,,,,,0.0,0.0,0.0,0.0,0
67.82,19.554,-29.2951,327.3049,0.0002,0.0002,327.3049,,,,,,,,,,,,0.0,0.0,0.0,0.0,0
67.84,19.554,-29.2951,327.3049,0.0002,0.0002,327.3049,,,,,,,,,,,,0.0,0.0,0.0,0.0,0
67.86,19.554,-29.2951,327.3049,0.0002,0.0002,327.3049,,,,,,,,,,,,0.0,0.0,0.0,0.0,0
67.88,19.554,-29.2951,327.3049,0.0002,0.0002,327.3049,,,,,,,,,,,,0.0,0.0,0.0,0.0,0
67.9,19.554,-29.2951,327.3049,0.0002,0.0002,327.3049,,,,,,,,,,,,0.0,0.0,0.0,0.0,0
67.92,19.554,-29.2951,327.3049,0.0002,0.0002,327.3049,,,,,,,,,,,,0.0,0.0,0.0,0.0,0
67.94,19.554,-29.2951,327.3049,0.0002,0.0002,327.3049,,,,,,,,,,,,0.0,0.0,0.0,0.0,0
67.96,19.554,-29.2951,327.3049,0.0002,0.0002,327.3049,,,,,,,,,,,,0.0,0.0,0.0,0.0,0
67.98,19.554,-29.2951,327.3049,0.0002,0.0002,327.3049,,,,,,,,,,,,0.0,0.0,0.0,0.0,0
68.0,19.554,-29.2951,327.3049,0.0002,0.0002,327.3049,,,,,,,,,,,,0.0,0.0,0.0,0.0,0
68.02,19.554,-29.2951,327.3049,0.0002,0.0002,327.3049,,,,,,,,,,,,0.0,0.0,0.0,0.0,0
68.04,19.554,-29.2951,327.3049,0.0002,0.0002,327.3049,,,,,,,,,,,,0.0,0.0,0.0,0.0,0
68.06,19.554,-29.2951,327.3049,0.0002,0.0002,327.3049,,,,,,,,,,,,0.0,0.0,0.0,0.0,0
68.08,19.554,-29.2951,327.3049,0.0002,0.0002,327.3049,,,,,,,,,,,,0.0,0.0,0.0,0.0,0
68.1,19.554,-29.2951,327.3049,0.0002,0.0002,327.3049,,,,,,,,,,,,0.0,0.0,0.0,0.0,0
68.12,19.554,-29.2951,327.3049,0.0002,0.0002,327.3049,,,,,,,,,,,,0.0,0.0,0.0,0.0,0
68.14,19.554,-29.2951,327.3049,0.0002,0.0002,327.3049,,,,,,,,,,,,0.0,0.0,0.0,0.0,0
68.16,19.554,-29.2951,327.3049,0.0002,0.0002,327.3049,,,,,,,,,,,,0.0,0.0,0.0,0.0,0
68.18,19.554,-29.2951,327.3049,0.0002,0.0002,327.3049,,,,,,,,,,,,0.0,0.0,0.0,0.0,0
68.2,19.554,-29.2951,327.3049,0.0002,0.0002,327.3049,,,,,,,,,,,,0.0,0.0,0.0,0.0,0
68.22,19.554,-29.2951,327.3049,0.0002,0.0002,327.3049,,,,,,,,,,,,0.0,0.0,0.0,0.0,0
68.24,19.554,-29.2951,327.3049,0.0002,0.0002,327.3049,,,,,,,,,,,,0.0,0.0,0.0,0.0,0
68.26,19.554,-29.2951,327.3049,0.0002,0.0002,327.3049,,,,,,,,,,,,0.0,0.0,0.0,0.0,0
68.28,19.554,-29.2951,327.3049,0.0002,0.0002,327.3049,,,,,,,,,,,,0.0,0.0,0.0,0.0,0
68.3,19.554,-29.2951,327.3049,0.0002,0.0002,327.3049,,,,,,,,,,,,0.0,0.0,0.0,0.0,0
68.32,19.554,-29.2951,327.3049,0.0002,0.0002,327.3049,,,,,,,,,,,,0.0,0.0,0.0,0.0,0
68.34,19.554,-29.2951,327.3049,0.0002,0.0002,327.3049,,,,,,,,,,,,0.0,0.0,0.0,0.0,0
68.36,19.554,-29.2951,327.3049,0.0002,0.0002,327.3049,,,,,,,,,,,,0.0,0.0,0.0,0.0,0
68.38,19.554,-29.2951,327.3049,0.0002,0.0002,327.3049,,,,,,,,,,,,0.0,0.0,0.0,0.0,0
68.4,19.554,-29.2951,327.3049,0.0002,0.0002,327.3049,,,,,,,,,,,,0.0,0.0,0.0,0.0,0
68.42,19.554,-29.2951,327.3049,0.0002,0.0002,327.3049,,,,,,,,,,,,0.0,0.0,0.0,0.0,0
68.44,19.554,-29.2951,327.3049,0.0002,0.0002,327.3049,,,,,,,,,,,,0.0,0.0,0.0,0.0,0
68.46,19.554,-29.2951,327.3049,0.0002,0.0002,327.3049,,,,,,,,,,,,0.0,0.0,0.0,0.0,0
68.48,19.554,-29.2951,327.3049,0.0002,0.0002,327.3049,,,,,,,,,,,,0.0,0.0,0.0,0.0,0
68.5,19.554,-29.2951,327.3049,0.0002,0.0002,327.3049,,,,,,,,,,,,0.0,0.0,0.0,0.0,0
68.52,19.554,-29.2951,327.3049,0.0002,0.0002,327.3049,,,,,,,,,,,,0.0,0.0,0.0,0.0,0
68.54,19.554,-29.2951,327.3049,0.0002,0.0002,327.3049,,,,,,,,,,,,0.0,0.0,0.0,0.0,0
68.56,19.554,-29.2951,327.3049,0.0002,0.0002,327.3049,,,,,,,,,,,,0.0,0.0,0.0,0.0,0
68.58,19.554,-29.2951,327.3049,0.0002,0.0002,327.3049,,,,,,,,,,,,0.0,0.0,0.0,0.0,0
68.6,19.554,-29.2951,327.3049,0.0002,0.0002,327.3049,,,,,,,,,,,,0.0,0.0,0.0,0.0,0
68.62,19.554,-29.2951,327.3049,0.0002,0.0002,327.3049,,,,,,,,,,,,0.0,0.0,0.0,0.0,0
68.64,19.554,-29.2951,327.3049,0.0002,0.0002,327.3049,,,,,,,,,,,,0.0,0.0,0.0,0.0,0
68.66,19.554,-29.2951,327.3049,0.0002,0.0002,327.3049,,,,,,,,,,,,0.0,0.0,0.0,0.0,0
68.68,19.554,-29.2951,327.3049,0.0002,0.0002,327.3049,,,,,,,,,,,,0.0,0.0,0.0,0.0,0
68.7,19.554,-29.2951,327.3049,0.0002,0.0002,327.3049,,,,,,,,,,,,0.0,0.0,0.0,0.0,0
68.72,19.554,-29.2951,327.3049,0.0002,0.0002,327.3049,,,,,,,,,,,,0.0,0.0,0.0,0.0,0
68.74,19.554,-29.2951,327.3049,0.0002,0.0002,327.3049,,,,,,,,,,,,0.0,0.0,0.0,0.0,0
68.76,19.554,-29.2951,327.3049,0.0002,0.0002,327.3049,,,,,,,,,,,,0.0,0.0,0.0,0.0,0
68.78,19.554,-29.2951,327.3049,0.0002,0.0002,327.3049,,,,,,,,,,,,0.0,0.0,0.0,0.0,0
68.8,19.554,-29.2951,327.3049,0.0002,0.0002,327.3049,,,,,,,,,,,,0.0,0.0,0.0,0.0,0
68.82,19.554,-29.2951,327.3049,0.0002,0.0002,327.3049,,,,,,,,,,,,0.0,0.0,0.0,0.0,0
68.84,19.554,-29.2951,327.3049,0.0002,0.0002,327.3049,,,,,,,,,,,,0.0,0.0,0.0,0.0,0
68.86,19.554,-29.2951,327.3049,0.0002,0.0002,327.3049,,,,,,,,,,,,0.0,0.0,0.0,0.0,0
68.88,19.554,-29.2951,327.3049,0.0002,0.0002,327.3049,,,,,,,,,,,,0.0,0.0,0.0,0.0,0
68.9,19.554,-29.2951,327.3049,0.0002,0.0002,327.3049,,,,,,,,,,,,0.0,0.0,0.0,0.0,0
68.92,19.554,-29.2951,327.3049,0.0002,0.0002,327.3049,,,,,,,,,,,,0.0,0.0,0.0,0.0,0
68.94,19.554,-29.2951,327.3049,0.0002,0.0002,327.3049,,,,,,,,,,,,0.0,0.0,0.0,0.0,0
68.96,19.554,-29.2951,327.3049,0.0002,0.0002,327.3049,,,,,,,,,,,,0.0,0.0,0.0,0.0,0
68.98,19.554,-29.2951,327.3049,0.0002,0.0002,327.3049,,,,,,,,,,,,0.0,0.0,0.0,0.0,0
69.0,19.554,-29.2951,327.3049,0.0002,0.0002,327.3049,,,,,,,,,,,,0.0,0.0,0.0,0.0,0
69.02,19.554,-29.2951,327.3049,0.0002,0.0002,327.3049,,,,,,,,,,,,0.0,0.0,0.0,0.0,0
69.04,19.554,-29.2951,327.3049,0.0002,0.0002,327.3049,,,,,,,,,,,,0.0,0.0,0.0,0.0,0
69.06,19.554,-29.2951,327.3049,0.0002,0.0002,327.3049,,,,,,,,,,,,0.0,0.0,0.0,0.0,0
69.08,19.554,-29.2951,327.3049,0.0002,0.0002,327.3049,,,,,,,,,,,,0.0,0.0,0.0,0.0,0
69.1,19.554,-29.2951,327.3049,0.0002,0.0002,327.3049,,,,,,,,,,,,0.0,0.0,0.0,0.0,0
69.12,19.554,-29.2951,327.3049,0.0002,0.0002,327.3049,,,,,,,,,,,,0.0,0.0,0.0,0.0,0
69.14,19.554,-29.2951,327.3049,0.0002,0.0002,327.3049,,,,,,,,,,,,0.0,0.0,0.0,0.0,0
69.16,19.554,-29.2951,327.3049,0.0002,0.0002,327.3049,,,,,,,,,,,,0.0,0.0,0.0,0.0,0
69.18,19.554,-29.2951,327.3049,0.0002,0.0002,327.3049,,,,,,,,,,,,0.0,0.0,0.0,0.0,0
69.2,19.554,-29.2951,327.3049,0.0002,0.0002,327.3049,,,,,,,,,,,,0.0,0.0,0.0,0.0,0
69.22,19.554,-29.2951,327.3049,0.0002,0.0002,327.3049,,,,,,,,,,,,0.0,0.0,0.0,0.0,0
69.24,19.554,-29.2951,327.3049,0.0002,0.0002,327.3049,,,,,,,,,,,,0.0,0.0,0.0,0.0,0
69.26,19.554,-29.2951,327.3049,0.0002,0.0002,327.3049,,,,,,,,,,,,0.0,0.0,0.0,0.0,0
69.28,19.554,-29.2951,327.3049,0.0002,0.0002,327.3049,,,,,,,,,,,,0.0,0.0,0.0,0.0,0
69.3,19.554,-29.2951,327.3049,0.0002,0.0002,327.3049,,,,,,,,,,,,0.0,0.0,0.0,0.0,0
69.32,19.554,-29.2951,327.3049,0.0002,0.0002,327.3049,,,,,,,,,,,,0.0,0.0,0.0,0.0,0
69.34,19.554,-29.2951,327.3049,0.0002,0.0002,327.3049,,,,,,,,,,,,0.0,0.0,0.0,0.0,0
69.36,19.554,-29.2951,327.3049,0.0002,0.0002,327.3049,,,,,,,,,,,,0.0,0.0,0.0,0.0,0
69.38,19.554,-29.2951,327.3049,0.0002,0.0002,327.3049,,,,,,,,,,,,0.0,0.0,0.0,0.0,0
69.4,19.554,-29.2951,327.3049,0.0002,0.0002,327.3049,,,,,,,,,,,,0.0,0.0,0.0,0.0,0
69.42,19.554,-29.2951,327.3049,0.0002,0.0002,327.3049,,,,,,,,,,,,0.0,0.0,0.0,0.0,0
69.44,19.554,-29.2951,327.3049,0.0002,0.0002,327.3049,,,,,,,,,,,,0.0,0.0,0.0,0.0,0
69.46,19.554,-29.2951,327.3049,0.0002,0.0002,327.3049,,,,,,,,,,,,0.0,0.0,0.0,0.0,0
69.48,19.554,-29.2951,327.3049,0.0002,0.0002,327.3049,,,,,,,,,,,,0.0,0.0,0.0,0.0,0
69.5,26.7921,-30.4583,327.1266,0.0002,0.0002,327.1266,,,,,,,,,,,,0.0,0.0,0.0,0.0,0
69.52,26.7921,-30.4583,327.1266,0.0002,0.0002,327.1266,,,,,,,,,,,,0.0,0.0,0.0,0.0,0
69.54,26.7921,-30.4583,327.1266,0.0002,0.0002,327.1266,,,,,,,,,,,,0.0,0.0,0.0,0.0,0
69.56,26.7921,-30.4583,327.1266,0.0002,0.0002,327.1266,,,,,,,,,,,,0.0,0.0,0.0,0.0,0
69.58,26.7921,-30.4583,327.1266,0.0002,0.0002,327.1266,,,,,,,,,,,,0.0,0.0,0.0,0.0,0
69.6,26.7921,-30.4583,327.1266,0.0002,0.0002,327.1266,,,,,,,,,,,,0.0,0.0,0.0,0.0,0
69.62,26.7921,-30.4583,327.1266,0.0002,0.0002,327.1266,,,,,,,,,,,,0.0,0.0,0.0,0.0,0
69.64,26.7921,-30.4583,327.1266,0.0002,0.0002,327.1266,,,,,,,,,,,,0.0,0.0,0.0,0.0,0
69.66,26.7921,-30.4583,327.1266,0.0002,0.0002,327.1266,,,,,,,,,,,,0.0,0.0,0.0,0.0,0
69.68,26.7921,-30.4583,327.1266,0.0002,0.0002,327.1266,,,,,,,,,,,,0.0,0.0,0.0,0.0,0
69.7,26.7921,-30.4583,327.1266,0.0002,0.0002,327.1266,,,,,,,,,,,,0.0,0.0,0.0,0.0,0
69.72,26.7921,-30.4583,327.1266,0.0002,0.0002,327.1266,,,,,,,,,,,,0.0,0.0,0.0,0.0,0
69.74,26.7921,-30.4583,327.1266,0.0002,0.0002,327.1266,,,,,,,,,,,,0.0,0.0,0.0,0.0,0
69.76,26.7921,-30.4583,327.1266,0.0002,0.0002,327.1266,,,,,,,,,,,,0.0,0.0,0.0,0.0,0
69.78,26.7921,-30.4583,327.1266,0.0002,0.0002,327.1266,,,,,,,,,,,,0.0,0.0,0.0,0.0,0
69.8,26.7921,-30.4583,327.1266,0.0002,0.0002,327.1266,,,,,,,,,,,,0.0,0.0,0.0,0.0,0
69.82,26.7921,-30.4583,327.1266,0.0002,0.0002,327.1266,,,,,,,,,,,,0.0,0.0,0.0,0.0,0
69.84,26.7921,-30.4583,327.1266,0.0002,0.0002,327.1266,,,,,,,,,,,,0.0,0.0,0.0,0.0,0
69.86,26.7921,-30.4583,327.1266,0.0002,0.0002,327.1266,,,,,,,,,,,,0.0,0.0,0.0,0.0,0
69.88,26.7921,-30.4583,327.1266,0.0002,0.0002,327.1266,,,,,,,,,,,,0.0,0.0,0.0,0.0,0
69.9,26.7921,-30.4583,327.1266,0.0002,0.0002,327.1266,,,,,,,,,,,,0.0,0.0,0.0,0.0,0
69.92,26.7921,-30.4583,327.1266,0.0002,0.0002,327.1266,,,,,,,,,,,,0.0,0.0,0.0,0.0,0
69.94,26.7921,-30.4583,327.1266,0.0002,0.0002,327.1266,,,,,,,,,,,,0.0,0.0,0.0,0.0,0
69.96,26.7921,-30.4583,327.1266,0.0002,0.0002,327.1266,,,,,,,,,,,,0.0,0.0,0.0,0.0,0
69.98,26.7921,-30.4583,327.1266,0.0002,0.0002,327.1266,,,,,,,,,,,,0.0,0.0,0.0,0.0,0
70.0,26.7921,-30.4583,327.1266,0.0002,0.0002,327.1266,,,,,,,,,,,,0.0,0.0,0.0,0.0,0
70.02,26.7921,-30.4583,327.1266,0.0002,0.0002,327.1266,,,,,,,,,,,,0.0,0.0,0.0,0.0,0
70.04,26.7921,-30.4583,327.1266,0.0002,0.0002,327.1266,,,,,,,,,,,,0.0,0.0,0.0,0.0,0
70.06,26.7921,-30.4583,327.1266,0.0002,0.0002,327.1266,,,,,,,,,,,,0.0,0.0,0.0,0.0,0
70.08,26.7921,-30.4583,327.1266,0.0002,0.0002,327.1266,,,,,,,,,,,,0.0,0.0,0.0,0.0,0
70.1,26.7921,-30.4583,327.1266,0.0002,0.0002,327.1266,,,,,,,,,,,,0.0,0.0,0.0,0.0,0
70.12,26.7921,-30.4583,327.1266,0.0002,0.0002,327.1266,,,,,,,,,,,,0.0,0.0,0.0,0.0,0
70.14,26.7921,-30.4583,327.1266,0.0002,0.0002,327.1266,,,,,,,,,,,,0.0,0.0,0.0,0.0,0
70.16,26.7921,-30.4583,327.1266,0.0002,0.0002,327.1266,,,,,,,,,,,,0.0,0.0,0.0,0.0,0
70.18,26.7921,-30.4583,327.1266,0.0002,0.0002,327.1266,,,,,,,,,,,,0.0,0.0,0.0,0.0,0
70.2,26.7921,-30.4583,327.1266,0.0002,0.0002,327.1266,,,,,,,,,,,,0.0,0.0,0.0,0.0,0
70.22,26.7921,-30.4583,327.1266,0.0002,0.0002,327.1266,,,,,,,,,,,,0.0,0.0,0.0,0.0,0
70.24,26.7921,-30.4583,327.1266,0.0002,0.0002,327.1266,,,,,,,,,,,,0.0,0.0,0.0,0.0,0
70.26,26.7921,-30.4583,327.1266,0.0002,0.0002,327.1266,,,,,,,,,,,,0.0,0.0,0.0,0.0,0
70.28,26.7921,-30.4583,327.1266,0.0002,0.0002,327.1266,,,,,,,,,,,,0.0,0.0,0.0,0.0,0
70.3,26.7921,-30.4583,327.1266,0.0002,0.0002,327.1266,,,,,,,,,,,,0.0,0.0,0.0,0.0,0
70.32,26.7921,-30.4583,327.1266,0.0002,0.0002,327.1266,,,,,,,,,,,,0.0,0.0,0.0,0.0,0
70.34,26.7921,-30.4583,327.1266,0.0002,0.0002,327.1266,,,,,,,,,,,,0.0,0.0,0.0,0.0,0
70.36,26.7921,-30.4583,327.1266,0.0002,0.0002,327.1266,,,,,,,,,,,,0.0,0.0,0.0,0.0,0
70.38,26.7921,-30.4583,327.1266,0.0002,0.0002,327.1266,,,,,,,,,,,,0.0,0.0,0.0,0.0,0
70.4,26.7921,-30.4583,327.1266,0.0002,0.0002,327.1266,,,,,,,,,,,,0.0,0.0,0.0,0.0,0
70.42,26.7921,-30.4583,327.1266,0.0002,0.0002,327.1266,,,,,,,,,,,,0.0,0.0,0.0,0.0,0
70.44,26.7921,-30.4583,327.1266,0.0002,0.0002,327.1266,,,,,,,,,,,,0.0,0.0,0.0,0.0,0
70.46,26.7921,-30.4583,327.1266,0.0002,0.0002,327.1266,,,,,,,,,,,,0.0,0.0,0.0,0.0,0
70.48,26.7921,-30.4583,327.1266,0.0002,0.0002,327.1266,,,,,,,,,,,,0.0,0.0,0.0,0.0,0
70.5,26.7921,-30.4583,327.1266,0.0002,0.0002,327.1266,,,,,,,,,,,,0.0,0.0,0.0,0.0,0
70.52,26.7921,-30.4583,327.1266,0.0002,0.0002,327.1266,,,,,,,,,,,,0.0,0.0,0.0,0.0,0
70.54,26.7921,-30.4583,327.1266,0.0002,0.0002,327.1266,,,,,,,,,,,,0.0,0.0,0.0,0.0,0
70.56,26.7921,-30.4583,327.1266,0.0002,0.0002,327.1266,,,,,,,,,,,,0.0,0.0,0.0,0.0,0
70.58,26.7921,-30.4583,327.1266,0.0002,0.0002,327.1266,,,,,,,,,,,,0.0,0.0,0.0,0.0,0
70.6,26.7921,-30.4583,327.1266,0.0002,0.0002,327.1266,,,,,,,,,,,,0.0,0.0,0.0,0.0,0
70.62,26.7921,-30.4583,327.1266,0.0002,0.0002,327.1266,,,,,,,,,,,,0.0,0.0,0.0,0.0,0
70.64,26.7921,-30.4583,327.1266,0.0002,0.0002,327.1266,,,,,,,,,,,,0.0,0.0,0.0,0.0,0
70.66,26.7921,-30.4583,327.1266,0.0002,0.0002,327.1266,,,,,,,,,,,,0.0,0.0,0.0,0.0,0
70.68,26.7921,-30.4583,327.1266,0.0002,0.0002,327.1266,,,,,,,,,,,,0.0,0.0,0.0,0.0,0
70.7,26.7921,-30.4583,327.1266,0.0002,0.0002,327.1266,,,,,,,,,,,,0.0,0.0,0.0,0.0,0
70.72,26.7921,-30.4583,327.1266,0.0002,0.0002,327.1266,,,,,,,,,,,,0.0,0.0,0.0,0.0,0
70.74,26.7921,-30.4583,327.1266,0.0002,0.0002,327.1266,,,,,,,,,,,,0.0,0.0,0.0,0.0,0
70.76,26.7921,-30.4583,327.1266,0.0002,0.0002,327.1266,,,,,,,,,,,,0.0,0.0,0.0,0.0,0
70.78,26.7921,-30.4583,327.1266,0.0002,0.0002,327.1266,,,,,,,,,,,,0.0,0.0,0.0,0.0,0
70.8,26.7921,-30.4583,327.1266,0.0002,0.0002,327.1266,,,,,,,,,,,,0.0,0.0,0.0,0.0,0
70.82,26.7921,-30.4583,327.1266,0.0002,0.0002,327.1266,,,,,,,,,,,,0.0,0.0,0.0,0.0,0
70.84,26.7921,-30.4583,327.1266,0.0002,0.0002,327.1266,,,,,,,,,,,,0.0,0.0,0.0,0.0,0
70.86,26.7921,-30.4583,327.1266,0.0002,0.0002,327.1266,,,,,,,,,,,,0.0,0.0,0.0,0.0,0
70.88,26.7921,-30.4583,327.1266,0.0002,0.0002,327.1266,,,,,,,,,,,,0.0,0.0,0.0,0.0,0
70.9,26.7921,-30.4583,327.1266,0.0002,0.0002,327.1266,,,,,,,,,,,,0.0,0.0,0.0,0.0,0
70.92,26.7921,-30.4583,327.1266,0.0002,0.0002,327.1266,,,,,,,,,,,,0.0,0.0,0.0,0.0,0
70.94,26.7921,-30.4583,327.1266,0.0002,0.0002,327.1266,,,,,,,,,,,,0.0,0.0,0.0,0.0,0
70.96,26.7921,-30.4583,327.1266,0.0002,0.0002,327.1266,,,,,,,,,,,,0.0,0.0,0.0,0.0,0
70.98,26.7921,-30.4583,327.1266,0.0002,0.0002,327.1266,,,,,,,,,,,,0.0,0.0,0.0,0.0,0
71.0,26.7921,-30.4583,327.1266,0.0002,0.0002,327.1266,,,,,,,,,,,,0.0,0.0,0.0,0.0,0
71.02,26.7921,-30.4583,327.1266,0.0002,0.0002,327.1266,,,,,,,,,,,,0.0,0.0,0.0,0.0,0
71.04,26.7921,-30.4583,327.1266,0.0002,0.0002,327.1266,,,,,,,,,,,,0.0,0.0,0.0,0.0,0
71.06,26.7921,-30.4583,327.1266,0.0002,0.0002,327.1266,,,,,,,,,,,,0.0,0.0,0.0,0.0,0
71.08,26.7921,-30.4583,327.1266,0.0002,0.0002,327.1266,,,,,,,,,,,,0.0,0.0,0.0,0.0,0
71.1,26.7921,-30.4583,327.1266,0.0002,0.0002,327.1266,,,,,,,,,,,,0.0,0.0,0.0,0.0,0
71.12,26.7921,-30.4583,327.1266,0.0002,0.0002,327.1266,,,,,,,,,,,,0.0,0.0,0.0,0.0,0
71.14,26.7921,-30.4583,327.1266,0.0002,0.0002,327.1266,,,,,,,,,,,,0.0,0.0,0.0,0.0,0
71.16,26.7921,-30.4583,327.1266,0.0002,0.0002,327.1266,,,,,,,,,,,,0.0,0.0,0.0,0.0,0
71.18,26.7921,-30.4583,327.1266,0.0002,0.0002,327.1266,,,,,,,,,,,,0.0,0.0,0.0,0.0,0
71.2,26.7921,-30.4583,327.1266,0.0002,0.0002,327.1266,,,,,,,,,,,,0.0,0.0,0.0,0.0,0
71.22,26.7921,-30.4583,327.1266,0.0002,0.0002,327.1266,,,,,,,,,,,,0.0,0.0,0.0,0.0,0
71.24,26.7921,-30.4583,327.1266,0.0002,0.0002,327.1266,,,,,,,,,,,,0.0,0.0,0.0,0.0,0
71.26,26.7921,-30.4583,327.1266,0.0002,0.0002,327.1266,,,,,,,,,,,,0.0,0.0,0.0,0.0,0
71.28,26.7921,-30.4583,327.1266,0.0002,0.0002,327.1266,,,,,,,,,,,,0.0,0.0,0.0,0.0,0
71.3,26.7921,-30.4583,327.1266,0.0002,0.0002,327.1266,,,,,,,,,,,,0.0,0.0,0.0,0.0,0
71.32,26.7921,-30.4583,327.1266,0.0002,0.0002,327.1266,,,,,,,,,,,,0.0,0.0,0.0,0.0,0
71.34,26.7921,-30.4583,327.1266,0.0002,0.0002,327.1266,,,,,,,,,,,,0.0,0.0,0.0,0.0,0
71.36,26.7921,-30.4583,327.1266,0.0002,0.0002,327.1266,,,,,,,,,,,,0.0,0.0,0.0,0.0,0
71.38,26.7921,-30.4583,327.1266,0.0002,0.0002,327.1266,,,,,,,,,,,,0.0,0.0,0.0,0.0,0
71.4,26.7921,-30.4583,327.1266,0.0002,0.0002,327.1266,,,,,,,,,,,,0.0,0.0,0.0,0.0,0
71.42,26.7921,-30.4583,327.1266,0.0002,0.0002,327.1266,,,,,,,,,,,,0.0,0.0,0.0,0.0,0
71.44,26.7921,-30.4583,327.1266,0.0002,0.0002,327.1266,,,,,,,,,,,,0.0,0.0,0.0,0.0,0
71.46,26.7921,-30.4583,327.1266,0.0002,0.0002,327.1266,,,,,,,,,,,,0.0,0.0,0.0,0.0,0
71.48,26.7921,-30.4583,327.1266,0.0002,0.0002,327.1266,,,,,,,,,,,,0.0,0.0,0.0,0.0,0
71.5,26.7921,-30.4583,327.1266,0.0002,0.0002,327.1266,,,,,,,,,,,,0.0,0.0,0.0,0.0,0
71.52,26.7921,-30.4583,327.1266,0.0002,0.0002,327.1266,,,,,,,,,,,,0.0,0.0,0.0,0.0,0
71.54,26.7921,-30.4583,327.1266,0.0002,0.0002,327.1266,,,,,,,,,,,,0.0,0.0,0.0,0.0,0
71.56,26.7921,-30.4583,327.1266,0.0002,0.0002,327.1266,,,,,,,,,,,,0.0,0.0,0.0,0.0,0
71.58,26.7921,-30.4583,327.1266,0.0002,0.0002,327.1266,,,,,,,,,,,,0.0,0.0,0.0,0.0,0
71.6,26.7921,-30.4583,327.1266,0.0002,0.0002,327.1266,,,,,,,,,,,,0.0,0.0,0.0,0.0,0
71.62,26.7921,-30.4583,327.1266,0.0002,0.0002,327.1266,,,,,,,,,,,,0.0,0.0,0.0,0.0,0
71.64,26.7921,-30.4583,327.1266,0.0002,0.0002,327.1266,,,,,,,,,,,,0.0,0.0,0.0,0.0,0
71.66,26.7921,-30.4583,327.1266,0.0002,0.0002,327.1266,,,,,,,,,,,,0.0,0.0,0.0,0.0,0
71.68,26.7921,-30.4583,327.1266,0.0002,0.0002,327.1266,,,,,,,,,,,,0.0,0.0,0.0,0.0,0
71.7,26.7921,-30.4583,327.1266,0.0002,0.0002,327.1266,,,,,,,,,,,,0.0,0.0,0.0,0.0,0
71.72,26.7921,-30.4583,327.1266,0.0002,0.0002,327.1266,,,,,,,,,,,,0.0,0.0,0.0,0.0,0
71.74,26.7921,-30.4583,327.1266,0.0002,0.0002,327.1266,,,,,,,,,,,,0.0,0.0,0.0,0.0,0
71.76,26.7921,-30.4583,327.1266,0.0002,0.0002,327.1266,,,,,,,,,,,,0.0,0.0,0.0,0.0,0
71.78,26.7921,-30.4583,327.1266,0.0002,0.0002,327.1266,,,,,,,,,,,,0.0,0.0,0.0,0.0,0
71.8,26.7921,-30.4583,327.1266,0.0002,0.0002,327.1266,,,,,,,,,,,,0.0,0.0,0.0,0.0,0
71.82,26.7921,-30.4583,327.1266,0.0002,0.0002,327.1266,,,,,,,,,,,,0.0,0.0,0.0,0.0,0
71.84,26.7921,-30.4583,327.1266,0.0002,0.0002,327.1266,,,,,,,,,,,,0.0,0.0,0.0,0.0,0
71.86,26.7921,-30.4583,327.1266,0.0002,0.0002,327.1266,,,,,,,,,,,,0.0,0.0,0.0,0.0,0
71.88,26.7921,-30.4583,327.1266,0.0002,0.0002,327.1266,,,,,,,,,,,,0.0,0.0,0.0,0.0,0
71.9,26.7921,-30.4583,327.1266,0.0002,0.0002,327.1266,,,,,,,,,,,,0.0,0.0,0.0,0.0,0
71.92,26.7921,-30.4583,327.1266,0.0002,0.0002,327.1266,,,,,,,,,,,,0.0,0.0,0.0,0.0,0
71.94,26.7921,-30.4583,327.1266,0.0002,0.0002,327.1266,,,,,,,,,,,,0.0,0.0,0.0,0.0,0
71.96,26.7921,-30.4583,327.1266,0.0002,0.0002,327.1266,,,,,,,,,,,,0.0,0.0,0.0,0.0,0
71.98,26.7921,-30.4583,327.1266,0.0002,0.0002,327.1266,,,,,,,,,,,,0.0,0.0,0.0,0.0,0
72.0,26.7921,-30.4583,327.1266,0.0002,0.0002,327.1266,,,,,,,,,,,,0.0,0.0,0.0,0.0,0
72.02,26.7921,-30.4583,327.1266,0.0002,0.0002,327.1266,,,,,,,,,,,,0.0,0.0,0.0,0.0,0
72.04,26.7921,-30.4583,327.1266,0.0002,0.0002,327.1266,,,,,,,,,,,,0.0,0.0,0.0,0.0,0
72.06,26.7921,-30.4583,327.1266,0.0002,0.0002,327.1266,,,,,,,,,,,,0.0,0.0,0.0,0.0,0
72.08,26.7921,-30.4583,327.1266,0.0002,0.0002,327.1266,,,,,,,,,,,,0.0,0.0,0.0,0.0,0
72.1,26.7921,-30.4583,327.1266,0.0002,0.0002,327.1266,,,,,,,,,,,,0.0,0.0,0.0,0.0,0
72.12,26.7921,-30.4583,327.1266,0.0002,0.0002,327.1266,,,,,,,,,,,,0.0,0.0,0.0,0.0,0
72.14,26.7921,-30.4583,327.1266,0.0002,0.0002,327.1266,,,,,,,,,,,,0.0,0.0,0.0,0.0,0
72.16,26.7921,-30.4583,327.1266,0.0002,0.0002,327.1266,,,,,,,,,,,,0.0,0.0,0.0,0.0,0
72.18,26.7921,-30.4583,327.1266,0.0002,0.0002,327.1266,,,,,,,,,,,,0.0,0.0,0.0,0.0,0
72.2,26.7921,-30.4583,327.1266,0.0002,0.0002,327.1266,,,,,,,,,,,,0.0,0.0,0.0,0.0,0
72.22,26.7921,-30.4583,327.1266,0.0002,0.0002,327.1266,,,,,,,,,,,,0.0,0.0,0.0,0.0,0
72.24,26.7921,-30.4583,327.1266,0.0002,0.0002,327.1266,,,,,,,,,,,,0.0,0.0,0.0,0.0,0
72.26,26.7921,-30.4583,327.1266,0.0002,0.0002,327.1266,,,,,,,,,,,,0.0,0.0,0.0,0.0,0
72.28,26.7921,-30.4583,327.1266,0.0002,0.0002,327.1266,,,,,,,,,,,,0.0,0.0,0.0,0.0,0
72.3,26.7921,-30.4583,327.1266,0.0002,0.0002,327.1266,,,,,,,,,,,,0.0,0.0,0.0,0.0,0
72.32,26.7921,-30.4583,327.1266,0.0002,0.0002,327.1266,,,,,,,,,,,,0.0,0.0,0.0,0.0,0
72.34,26.7921,-30.4583,327.1266,0.0002,0.0002,327.1266,,,,,,,,,,,,0.0,0.0,0.0,0.0,0
72.36,26.7921,-30.4583,327.1266,0.0002,0.0002,327.1266,,,,,,,,,,,,0.0,0.0,0.0,0.0,0
72.38,26.7921,-30.4583,327.1266,0.0002,0.0002,327.1266,,,,,,,,,,,,0.0,0.0,0.0,0.0,0
72.4,26.7921,-30.4583,327.1266,0.0002,0.0002,327.1266,,,,,,,,,,,,0.0,0.0,0.0,0.0,0
72.42,26.7921,-30.4583,327.1266,0.0002,0.0002,327.1266,,,,,,,,,,,,0.0,0.0,0.0,0.0,0
72.44,26.7921,-30.4583,327.1266,0.0002,0.0002,327.1266,,,,,,,,,,,,0.0,0.0,0.0,0.0,0
72.46,26.7921,-30.4583,327.1266,0.0002,0.0002,327.1266,,,,,,,,,,,,0.0,0.0,0.0,0.0,0
72.48,26.7921,-30.4583,327.1266,0.0002,0.0002,327.1266,,,,,,,,,,,,0.0,0.0,0.0,0.0,0
72.5,26.7921,-30.4583,327.1266,0.0002,0.0002,327.1266,,,,,,,,,,,,0.0,0.0,0.0,0.0,0
72.52,26.7921,-30.4583,327.1266,0.0002,0.0002,327.1266,,,,,,,,,,,,0.0,0.0,0.0,0.0,0
72.54,26.7921,-30.4583,327.1266,0.0002,0.0002,327.1266,,,,,,,,,,,,0.0,0.0,0.0,0.0,0
72.56,26.7921,-30.4583,327.1266,0.0002,0.0002,327.1266,,,,,,,,,,,,0.0,0.0,0.0,0.0,0
72.58,26.7921,-30.4583,327.1266,0.0002,0.0002,327.1266,,,,,,,,,,,,0.0,0.0,0.0,0.0,0
72.6,26.7921,-30.4583,327.1266,0.0002,0.0002,327.1266,,,,,,,,,,,,0.0,0.0,0.0,0.0,0
72.62,26.7921,-30.4583,327.1266,0.0002,0.0002,327.1266,,,,,,,,,,,,0.0,0.0,0.0,0.0,0
72.64,26.7921,-30.4583,327.1266,0.0002,0.0002,327.1266,,,,,,,,,,,,0.0,0.0,0.0,0.0,0
72.66,26.7921,-30.4583,327.1266,0.0002,0.0002,327.1266,,,,,,,,,,,,0.0,0.0,0.0,0.0,0
72.68,26.7921,-30.4583,327.1266,0.0002,0.0002,327.1266,,,,,,,,,,,,0.0,0.0,0.0,0.0,0
72.7,26.7921,-30.4583,327.1266,0.0002,0.0002,327.1266,,,,,,,,,,,,0.0,0.0,0.0,0.0,0
72.72,26.7921,-30.4583,327.1266,0.0002,0.0002,327.1266,,,,,,,,,,,,0.0,0.0,0.0,0.0,0
72.74,26.7921,-30.4583,327.1266,0.0002,0.0002,327.1266,,,,,,,,,,,,0.0,0.0,0.0,0.0,0
72.76,26.7921,-30.4583,327.1266,0.0002,0.0002,327.1266,,,,,,,,,,,,0.0,0.0,0.0,0.0,0
72.78,26.7921,-30.4583,327.1266,0.0002,0.0002,327.1266,,,,,,,,,,,,0.0,0.0,0.0,0.0,0
72.8,26.7921,-30.4583,327.1266,0.0002,0.0002,327.1266,,,,,,,,,,,,0.0,0.0,0.0,0.0,0
72.82,26.7921,-30.4583,327.1266,0.0002,0.0002,327.1266,,,,,,,,,,,,0.0,0.0,0.0,0.0,0
72.84,26.7921,-30.4583,327.1266,0.0002,0.0002,327.1266,,,,,,,,,,,,0.0,0.0,0.0,0.0,0
72.86,26.7921,-30.4583,327.1266,0.0002,0.0002,327.1266,,,,,,,,,,,,0.0,0.0,0.0,0.0,0
72.88,26.7921,-30.4583,327.1266,0.0002,0.0002,327.1266,,,,,,,,,,,,0.0,0.0,0.0,0.0,0
72.9,26.7921,-30.4583,327.1266,0.0002,0.0002,327.1266,,,,,,,,,,,,0.0,0.0,0.0,0.0,0
72.92,26.7921,-30.4583,327.1266,0.0002,0.0002,327.1266,,,,,,,,,,,,0.0,0.0,0.0,0.0,0
72.94,26.7921,-30.4583,327.1266,0.0002,0.0002,327.1266,,,,,,,,,,,,0.0,0.0,0.0,0.0,0
72.96,26.7921,-30.4583,327.1266,0.0002,0.0002,327.1266,,,,,,,,,,,,0.0,0.0,0.0,0.0,0
72.98,26.7921,-30.4583,327.1266,0.0002,0.0002,327.1266,,,,,,,,,,,,0.0,0.0,0.0,0.0,0
73.0,26.7921,-30.4583,327.1266,0.0002,0.0002,327.1266,,,,,,,,,,,,0.0,0.0,0.0,0.0,0
73.02,26.7921,-30.4583,327.1266,0.0002,0.0002,327.1266,,,,,,,,,,,,0.0,0.0,0.0,0.0,0
73.04,26.7921,-30.4583,327.1266,0.0002,0.0002,327.1266,,,,,,,,,,,,0.0,0.0,0.0,0.0,0
73.06,26.7921,-30.4583,327.1266,0.0002,0.0002,327.1266,,,,,,,,,,,,0.0,0.0,0.0,0.0,0
73.08,26.7921,-30.4583,327.1266,0.0002,0.0002,327.1266,,,,,,,,,,,,0.0,0.0,0.0,0.0,0
73.1,26.7921,-30.4583,327.1266,0.0002,0.0002,327.1266,,,,,,,,,,,,0.0,0.0,0.0,0.0,0
73.12,26.7921,-30.4583,327.1266,0.0002,0.0002,327.1266,,,,,,,,,,,,0.0,0.0,0.0,0.0,0
73.14,26.7921,-30.4583,327.1266,0.0002,0.0002,327.1266,,,,,,,,,,,,0.0,0.0,0.0,0.0,0
73.16,26.7921,-30.4583,327.1266,0.0002,0.0002,327.1266,,,,,,,,,,,,0.0,0.0,0.0,0.0,0
73.18,26.7921,-30.4583,327.1266,0.0002,0.0002,327.1266,,,,,,,,,,,,0.0,0.0,0.0,0.0,0
73.2,26.7921,-30.4583,327.1266,0.0002,0.0002,327.1266,,,,,,,,,,,,0.0,0.0,0.0,0.0,0
73.22,26.7921,-30.4583,327.1266,0.0002,0.0002,327.1266,,,,,,,,,,,,0.0,0.0,0.0,0.0,0
73.24,26.7921,-30.4583,327.1266,0.0002,0.0002,327.1266,,,,,,,,,,,,0.0,0.0,0.0,0.0,0
73.26,26.7921,-30.4583,327.1266,0.0002,0.0002,327.1266,,,,,,,,,,,,0.0,0.0,0.0,0.0,0
73.28,26.7921,-30.4583,327.1266,0.0002,0.0002,327.1266,,,,,,,,,,,,0.0,0.0,0.0,0.0,0
73.3,26.7921,-30.4583,327.1266,0.0002,0.0002,327.1266,,,,,,,,,,,,0.0,0.0,0.0,0.0,0
73.32,26.7921,-30.4583,327.1266,0.0002,0.0002,327.1266,,,,,,,,,,,,0.0,0.0,0.0,0.0,0
73.34,26.7921,-30.4583,327.1266,0.0002,0.0002,327.1266,,,,,,,,,,,,0.0,0.0,0.0,0.0,0
73.36,26.7921,-30.4583,327.1266,0.0002,0.0002,327.1266,,,,,,,,,,,,0.0,0.0,0.0,0.0,0
73.38,26.7921,-30.4583,327.1266,0.0002,0.0002,327.1266,,,,,,,,,,,,0.0,0.0,0.0,0.0,0
73.4,26.7921,-30.4583,327.1266,0.0002,0.0002,327.1266,,,,,,,,,,,,0.0,0.0,0.0,0.0,0
73.42,26.7921,-30.4583,327.1266,0.0002,0.0002,327.1266,,,,,,,,,,,,0.0,0.0,0.0,0.0,0
73.44,26.7921,-30.4583,327.1266,0.0002,0.0002,327.1266,,,,,,,,,,,,0.0,0.0,0.0,0.0,0
73.46,26.7921,-30.4583,327.1266,0.0002,0.0002,327.1266,,,,,,,,,,,,0.0,0.0,0.0,0.0,0
73.48,26.7921,-30.4583,327.1266,0.0002,0.0002,327.1266,,,,,,,,,,,,0.0,0.0,0.0,0.0,0
73.5,26.7921,-30.4583,327.1266,0.0002,0.0002,327.1266,,,,,,,,,,,,0.0,0.0,0.0,0.0,0
73.52,26.7921,-30.4583,327.1266,0.0002,0.0002,327.1266,,,,,,,,,,,,0.0,0.0,0.0,0.0,0
73.54,26.7921,-30.4583,327.1266,0.0002,0.0002,327.1266,,,,,,,,,,,,0.0,0.0,0.0,0.0,0
73.56,26.7921,-30.4583,327.1266,0.0002,0.0002,327.1266,,,,,,,,,,,,0.0,0.0,0.0,0.0,0
73.58,26.7921,-30.4583,327.1266,0.0002,0.0002,327.1266,,,,,,,,,,,,0.0,0.0,0.0,0.0,0
73.6,26.7921,-30.4583,327.1266,0.0002,0.0002,327.1266,,,,,,,,,,,,0.0,0.0,0.0,0.0,0
73.62,26.7921,-30.4583,327.1266,0.0002,0.0002,327.1266,,,,,,,,,,,,0.0,0.0,0.0,0.0,0
73.64,26.7921,-30.4583,327.1266,0.0002,0.0002,327.1266,,,,,,,,,,,,0.0,0.0,0.0,0.0,0
73.66,26.7921,-30.4583,327.1266,0.0002,0.0002,327.1266,,,,,,,,,,,,0.0,0.0,0.0,0.0,0
73.68,26.7921,-30.4583,327.1266,0.0002,0.0002,327.1266,,,,,,,,,,,,0.0,0.0,0.0,0.0,0
73.7,26.7921,-30.4583,327.1266,0.0002,0.0002,327.1266,,,,,,,,,,,,0.0,0.0,0.0,0.0,0
73.72,26.7921,-30.4583,327.1266,0.0002,0.0002,327.1266,,,,,,,,,,,,0.0,0.0,0.0,0.0,0
73.74,26.7921,-30.4583,327.1266,0.0002,0.0002,327.1266,,,,,,,,,,,,0.0,0.0,0.0,0.0,0
73.76,26.7921,-30.4583,327.1266,0.0002,0.0002,327.1266,,,,,,,,,,,,0.0,0.0,0.0,0.0,0
73.78,26.7921,-30.4583,327.1266,0.0002,0.0002,327.1266,,,,,,,,,,,,0.0,0.0,0.0,0.0,0
73.8,26.7921,-30.4583,327.1266,0.0002,0.0002,327.1266,,,,,,,,,,,,0.0,0.0,0.0,0.0,0
73.82,26.7921,-30.4583,327.1266,0.0002,0.0002,327.1266,,,,,,,,,,,,0.0,0.0,0.0,0.0,0
73.84,26.7921,-30.4583,327.1266,0.0002,0.0002,327.1266,,,,,,,,,,,,0.0,0.0,0.0,0.0,0
73.86,26.7921,-30.4583,327.1266,0.0002,0.0002,327.1266,,,,,,,,,,,,0.0,0.0,0.0,0.0,0
73.88,26.7921,-30.4583,327.1266,0.0002,0.0002,327.1266,,,,,,,,,,,,0.0,0.0,0.0,0.0,0
73.9,26.7921,-30.4583,327.1266,0.0002,0.0002,327.1266,,,,,,,,,,,,0.0,0.0,0.0,0.0,0
73.92,26.7921,-30.4583,327.1266,0.0002,0.0002,327.1266,,,,,,,,,,,,0.0,0.0,0.0,0.0,0
73.94,26.7921,-30.4583,327.1266,0.0002,0.0002,327.1266,,,,,,,,,,,,0.0,0.0,0.0,0.0,0
73.96,26.7921,-30.4583,327.1266,0.0002,0.0002,327.1266,,,,,,,,,,,,0.0,0.0,0.0,0.0,0
73.98,26.7921,-30.4583,327.1266,0.0002,0.0002,327.1266,,,,,,,,,,,,0.0,0.0,0.0,0.0,0
74.0,26.7921,-30.4583,327.1266,0.0002,0.0002,327.1266,,,,,,,,,,,,0.0,0.0,0.0,0.0,0
74.02,26.7921,-30.4583,327.1266,0.0002,0.0002,327.1266,,,,,,,,,,,,0.0,0.0,0.0,0.0,0
74.04,26.7921,-30.4583,327.1266,0.0002,0.0002,327.1266,,,,,,,,,,,,0.0,0.0,0.0,0.0,0
74.06,26.7921,-30.4583,327.1266,0.0002,0.0002,327.1266,,,,,,,,,,,,0.0,0.0,0.0,0.0,0
74.08,26.7921,-30.4583,327.1266,0.0002,0.0002,327.1266,,,,,,,,,,,,0.0,0.0,0.0,0.0,0
74.1,26.7921,-30.4583,327.1266,0.0002,0.0002,327.1266,,,,,,,,,,,,0.0,0.0,0.0,0.0,0
74.12,26.7921,-30.4583,327.1266,0.0002,0.0002,327.1266,,,,,,,,,,,,0.0,0.0,0.0,0.0,0
74.14,26.7921,-30.4583,327.1266,0.0002,0.0002,327.1266,,,,,,,,,,,,0.0,0.0,0.0,0.0,0
74.16,26.7921,-30.4583,327.1266,0.0002,0.0002,327.1266,,,,,,,,,,,,0.0,0.0,0.0,0.0,0
74.18,26.7921,-30.4583,327.1266,0.0002,0.0002,327.1266,,,,,,,,,,,,0.0,0.0,0.0,0.0,0
74.2,26.7921,-30.4583,327.1266,0.0002,0.0002,327.1266,,,,,,,,,,,,0.0,0.0,0.0,0.0,0
74.22,26.7921,-30.4583,327.1266,0.0002,0.0002,327.1266,,,,,,,,,,,,0.0,0.0,0.0,0.0,0
74.24,26.7921,-30.4583,327.1266,0.0002,0.0002,327.1266,,,,,,,,,,,,0.0,0.0,0.0,0.0,0
74.26,26.7921,-30.4583,327.1266,0.0002,0.0002,327.1266,,,,,,,,,,,,0.0,0.0,0.0,0.0,0
74.28,26.7921,-30.4583,327.1266,0.0002,0.0002,327.1266,,,,,,,,,,,,0.0,0.0,0.0,0.0,0
74.3,26.7921,-30.4583,327.1266,0.0002,0.0002,327.1266,,,,,,,,,,,,0.0,0.0,0.0,0.0,0
74.32,26.7921,-30.4583,327.1266,0.0002,0.0002,327.1266,,,,,,,,,,,,0.0,0.0,0.0,0.0,0
74.34,26.7921,-30.4583,327.1266,0.0002,0.0002,327.1266,,,,,,,,,,,,0.0,0.0,0.0,0.0,0
74.36,26.7921,-30.4583,327.1266,0.0002,0.0002,327.1266,,,,,,,,,,,,0.0,0.0,0.0,0.0,0
74.38,26.7921,-30.4583,327.1266,0.0002,0.0002,327.1266,,,,,,,,,,,,0.0,0.0,0.0,0.0,0
74.4,26.7921,-30.4583,327.1266,0.0002,0.0002,327.1266,,,,,,,,,,,,0.0,0.0,0.0,0.0,0
74.42,26.7921,-30.4583,327.1266,0.0002,0.0002,327.1266,,,,,,,,,,,,0.0,0.0,0.0,0.0,0
74.44,26.7921,-30.4583,327.1266,0.0002,0.0002,327.1266,,,,,,,,,,,,0.0,0.0,0.0,0.0,0
74.46,26.7921,-30.4583,327.1266,0.0002,0.0002,327.1266,,,,,,,,,,,,0.0,0.0,0.0,0.0,0
74.48,26.7921,-30.4583,327.1266,0.0002,0.0002,327.1266,,,,,,,,,,,,0.0,0.0,0.0,0.0,0
74.5,26.7921,-30.4583,327.1266,0.0002,0.0002,327.1266,,,,,,,,,,,,0.0,0.0,0.0,0.0,0
74.52,26.7921,-30.4583,327.1266,0.0002,0.0002,327.1266,,,,,,,,,,,,0.0,0.0,0.0,0.0,0
74.54,26.7921,-30.4583,327.1266,0.0002,0.0002,327.1266,,,,,,,,,,,,0.0,0.0,0.0,0.0,0
74.56,26.7921,-30.4583,327.1266,0.0002,0.0002,327.1266,,,,,,,,,,,,0.0,0.0,0.0,0.0,0
74.58,26.7921,-30.4583,327.1266,0.0002,0.0002,327.1266,,,,,,,,,,,,0.0,0.0,0.0,0.0,0
74.6,26.7921,-30.4583,327.1266,0.0002,0.0002,327.1266,,,,,,,,,,,,0.0,0.0,0.0,0.0,0
74.62,26.7921,-30.4583,327.1266,0.0002,0.0002,327.1266,,,,,,,,,,,,0.0,0.0,0.0,0.0,0
74.64,26.7921,-30.4583,327.1266,0.0002,0.0002,327.1266,,,,,,,,,,,,0.0,0.0,0.0,0.0,0
74.66,26.7921,-30.4583,327.1266,0.0002,0.0002,327.1266,,,,,,,,,,,,0.0,0.0,0.0,0.0,0
74.68,26.7921,-30.4583,327.1266,0.0002,0.0002,327.1266,,,,,,,,,,,,0.0,0.0,0.0,0.0,0
74.7,26.7921,-30.4583,327.1266,0.0002,0.0002,327.1266,,,,,,,,,,,,0.0,0.0,0.0,0.0,0
74.72,26.7921,-30.4583,327.1266,0.0002,0.0002,327.1266,,,,,,,,,,,,0.0,0.0,0.0,0.0,0
74.74,26.7921,-30.4583,327.1266,0.0002,0.0002,327.1266,,,,,,,,,,,,0.0,0.0,0.0,0.0,0
74.76,26.7921,-30.4583,327.1266,0.0002,0.0002,327.1266,,,,,,,,,,,,0.0,0.0,0.0,0.0,0
74.78,26.7921,-30.4583,327.1266,0.0002,0.0002,327.1266,,,,,,,,,,,,0.0,0.0,0.0,0.0,0
74.8,26.7921,-30.4583,327.1266,0.0002,0.0002,327.1266,,,,,,,,,,,,0.0,0.0,0.0,0.0,0
74.82,26.7921,-30.4583,327.1266,0.0002,0.0002,327.1266,,,,,,,,,,,,0.0,0.0,0.0,0.0,0
74.84,26.7921,-30.4583,327.1266,0.0002,0.0002,327.1266,,,,,,,,,,,,0.0,0.0,0.0,0.0,0
74.86,26.7921,-30.4583,327.1266,0.0002,0.0002,327.1266,,,,,,,,,,,,0.0,0.0,0.0,0.0,0
74.88,26.7921,-30.4583,327.1266,0.0002,0.0002,327.1266,,,,,,,,,,,,0.0,0.0,0.0,0.0,0
74.9,26.7921,-30.4583,327.1266,0.0002,0.0002,327.1266,,,,,,,,,,,,0.0,0.0,0.0,0.0,0
74.92,26.7921,-30.4583,327.1266,0.0002,0.0002,327.1266,,,,,,,,,,,,0.0,0.0,0.0,0.0,0
74.94,26.7921,-30.4583,327.1266,0.0002,0.0002,327.1266,,,,,,,,,,,,0.0,0.0,0.0,0.0,0
74.96,26.7921,-30.4583,327.1266,0.0002,0.0002,327.1266,,,,,,,,,,,,0.0,0.0,0.0,0.0,0
74.98,26.7921,-30.4583,327.1266,0.0002,0.0002,327.1266,,,,,,,,,,,,0.0,0.0,0.0,0.0,0
75.0,26.7921,-30.4583,327.1266,0.0002,0.0002,327.1266,,,,,,,,,,,,0.0,0.0,0.0,0.0,0
75.02,26.7921,-30.4583,327.1266,0.0002,0.0002,327.1266,,,,,,,,,,,,0.0,0.0,0.0,0.0,0
75.04,26.7921,-30.4583,327.1266,0.0002,0.0002,327.1266,,,,,,,,,,,,0.0,0.0,0.0,0.0,0
75.06,26.7921,-30.4583,327.1266,0.0002,0.0002,327.1266,,,,,,,,,,,,0.0,0.0,0.0,0.0,0
75.08,26.7921,-30.4583,327.1266,0.0002,0.0002,327.1266,,,,,,,,,,,,0.0,0.0,0.0,0.0,0
75.1,26.7921,-30.4583,327.1266,0.0002,0.0002,327.1266,,,,,,,,,,,,0.0,0.0,0.0,0.0,0
75.12,26.7921,-30.4583,327.1266,0.0002,0.0002,327.1266,,,,,,,,,,,,0.0,0.0,0.0,0.0,0
75.14,26.7921,-30.4583,327.1266,0.0002,0.0002,327.1266,,,,,,,,,,,,0.0,0.0,0.0,0.0,0
75.16,26.7921,-30.4583,327.1266,0.0002,0.0002,327.1266,,,,,,,,,,,,0.0,0.0,0.0,0.0,0
75.18,26.7921,-30.4583,327.1266,0.0002,0.0002,327.1266,,,,,,,,,,,,0.0,0.0,0.0,0.0,0
75.2,26.7921,-30.4583,327.1266,0.0002,0.0002,327.1266,,,,,,,,,,,,0.0,0.0,0.0,0.0,0
75.22,26.7921,-30.4583,327.1266,0.0002,0.0002,327.1266,,,,,,,,,,,,0.0,0.0,0.0,0.0,0
75.24,26.7921,-30.4583,327.1266,0.0002,0.0002,327.1266,,,,,,,,,,,,0.0,0.0,0.0,0.0,0
75.26,26.7921,-30.4583,327.1266,0.0002,0.0002,327.1266,,,,,,,,,,,,0.0,0.0,0.0,0.0,0
75.28,26.7921,-30.4583,327.1266,0.0002,0.0002,327.1266,,,,,,,,,,,,0.0,0.0,0.0,0.0,0
75.3,26.7921,-30.4583,327.1266,0.0002,0.0002,327.1266,,,,,,,,,,,,0.0,0.0,0.0,0.0,0
75.32,26.7921,-30.4583,327.1266,0.0002,0.0002,327.1266,,,,,,,,,,,,0.0,0.0,0.0,0.0,0
75.34,26.7921,-30.4583,327.1266,0.0002,0.0002,327.1266,,,,,,,,,,,,0.0,0.0,0.0,0.0,0
75.36,26.7921,-30.4583,327.1266,0.0002,0.0002,327.1266,,,,,,,,,,,,0.0,0.0,0.0,0.0,0
75.38,26.7921,-30.4583,327.1266,0.0002,0.0002,327.1266,,,,,,,,,,,,0.0,0.0,0.0,0.0,0
75.4,26.7921,-30.4583,327.1266,0.0002,0.0002,327.1266,,,,,,,,,,,,0.0,0.0,0.0,0.0,0
75.42,26.7921,-30.4583,327.1266,0.0002,0.0002,327.1266,,,,,,,,,,,,0.0,0.0,0.0,0.0,0
75.44,26.7921,-30.4583,327.1266,0.0002,0.0002,327.1266,,,,,,,,,,,,0.0,0.0,0.0,0.0,0
75.46,26.7921,-30.4583,327.1266,0.0002,0.0002,327.1266,,,,,,,,,,,,0.0,0.0,0.0,0.0,0
75.48,26.7921,-30.4583,327.1266,0.0002,0.0002,327.1266,,,,,,,,,,,,0.0,0.0,0.0,0.0,0
75.5,26.7921,-30.4583,327.1266,0.0002,0.0002,327.1266,,,,,,,,,,,,0.0,0.0,0.0,0.0,0
75.52,26.7921,-30.4583,327.1266,0.0002,0.0002,327.1266,,,,,,,,,,,,0.0,0.0,0.0,0.0,0
75.54,26.7921,-30.4583,327.1266,0.0002,0.0002,327.1266,,,,,,,,,,,,0.0,0.0,0.0,0.0,0
75.56,26.7921,-30.4583,327.1266,0.0002,0.0002,327.1266,,,,,,,,,,,,0.0,0.0,0.0,0.0,0
75.58,26.7921,-30.4583,327.1266,0.0002,0.0002,327.1266,,,,,,,,,,,,0.0,0.0,0.0,0.0,0
75.6,26.7921,-30.4583,327.1266,0.0002,0.0002,327.1266,,,,,,,,,,,,0.0,0.0,0.0,0.0,0
75.62,26.7921,-30.4583,327.1266,0.0002,0.0002,327.1266,,,,,,,,,,,,0.0,0.0,0.0,0.0,0
75.64,26.7921,-30.4583,327.1266,0.0002,0.0002,327.1266,,,,,,,,,,,,0.0,0.0,0.0,0.0,0
75.66,26.7921,-30.4583,327.1266,0.0002,0.0002,327.1266,,,,,,,,,,,,0.0,0.0,0.0,0.0,0
75.68,26.7921,-30.4583,327.1266,0.0002,0.0002,327.1266,,,,,,,,,,,,0.0,0.0,0.0,0.0,0
75.7,26.7921,-30.4583,327.1266,0.0002,0.0002,327.1266,,,,,,,,,,,,0.0,0.0,0.0,0.0,0
75.72,26.7921,-30.4583,327.1266,0.0002,0.0002,327.1266,,,,,,,,,,,,0.0,0.0,0.0,0.0,0
75.74,26.7921,-30.4583,327.1266,0.0002,0.0002,327.1266,,,,,,,,,,,,0.0,0.0,0.0,0.0,0
75.76,26.7921,-30.4583,327.1266,0.0002,0.0002,327.1266,,,,,,,,,,,,0.0,0.0,0.0,0.0,0
75.78,26.7921,-30.4583,327.1266,0.0002,0.0002,327.1266,,,,,,,,,,,,0.0,0.0,0.0,0.0,0
75.8,26.7921,-30.4583,327.1266,0.0002,0.0002,327.1266,,,,,,,,,,,,0.0,0.0,0.0,0.0,0
75.82,26.7921,-30.4583,327.1266,0.0002,0.0002,327.1266,,,,,,,,,,,,0.0,0.0,0.0,0.0,0
75.84,26.7921,-30.4583,327.1266,0.0002,0.0002,327.1266,,,,,,,,,,,,0.0,0.0,0.0,0.0,0
75.86,26.7921,-30.4583,327.1266,0.0002,0.0002,327.1266,,,,,,,,,,,,0.0,0.0,0.0,0.0,0
75.88,26.7921,-30.4583,327.1266,0.0002,0.0002,327.1266,,,,,,,,,,,,0.0,0.0,0.0,0.0,0
75.9,26.7921,-30.4583,327.1266,0.0002,0.0002,327.1266,,,,,,,,,,,,0.0,0.0,0.0,0.0,0
75.92,26.7921,-30.4583,327.1266,0.0002,0.0002,327.1266,,,,,,,,,,,,0.0,0.0,0.0,0.0,0
75.94,26.7921,-30.4583,327.1266,0.0002,0.0002,327.1266,,,,,,,,,,,,0.0,0.0,0.0,0.0,0
75.96,26.7921,-30.4583,327.1266,0.0002,0.0002,327.1266,,,,,,,,,,,,0.0,0.0,0.0,0.0,0
75.98,26.7921,-30.4583,327.1266,0.0002,0.0002,327.1266,,,,,,,,,,,,0.0,0.0,0.0,0.0,0
76.0,26.7921,-30.4583,327.1266,0.0002,0.0002,327.1266,,,,,,,,,,,,0.0,0.0,0.0,0.0,0
76.02,26.7921,-30.4583,327.1266,0.0002,0.0002,327.1266,,,,,,,,,,,,0.0,0.0,0.0,0.0,0
76.04,26.7921,-30.4583,327.1266,0.0002,0.0002,327.1266,,,,,,,,,,,,0.0,0.0,0.0,0.0,0
76.06,26.7921,-30.4583,327.1266,0.0002,0.0002,327.1266,,,,,,,,,,,,0.0,0.0,0.0,0.0,0
76.08,26.7921,-30.4583,327.1266,0.0002,0.0002,327.1266,,,,,,,,,,,,0.0,0.0,0.0,0.0,0
76.1,26.7921,-30.4583,327.1266,0.0002,0.0002,327.1266,,,,,,,,,,,,0.0,0.0,0.0,0.0,0
76.12,26.7921,-30.4583,327.1266,0.0002,0.0002,327.1266,,,,,,,,,,,,0.0,0.0,0.0,0.0,0
76.14,26.7921,-30.4583,327.1266,0.0002,0.0002,327.1266,,,,,,,,,,,,0.0,0.0,0.0,0.0,0
76.16,26.7921,-30.4583,327.1266,0.0002,0.0002,327.1266,,,,,,,,,,,,0.0,0.0,0.0,0.0,0
76.18,26.7921,-30.4583,327.1266,0.0002,0.0002,327.1266,,,,,,,,,,,,0.0,0.0,0.0,0.0,0
76.2,26.7921,-30.4583,327.1266,0.0002,0.0002,327.1266,,,,,,,,,,,,0.0,0.0,0.0,0.0,0
76.22,26.7921,-30.4583,327.1266,0.0002,0.0002,327.1266,,,,,,,,,,,,0.0,0.0,0.0,0.0,0
76.24,26.7921,-30.4583,327.1266,0.0002,0.0002,327.1266,,,,,,,,,,,,0.0,0.0,0.0,0.0,0
76.26,26.7921,-30.4583,327.1266,0.0002,0.0002,327.1266,,,,,,,,,,,,0.0,0.0,0.0,0.0,0
76.28,26.7921,-30.4583,327.1266,0.0002,0.0002,327.1266,,,,,,,,,,,,0.0,0.0,0.0,0.0,0
76.3,26.7921,-30.4583,327.1266,0.0002,0.0002,327.1266,,,,,,,,,,,,0.0,0.0,0.0,0.0,0
76.32,26.7921,-30.4583,327.1266,0.0002,0.0002,327.1266,,,,,,,,,,,,0.0,0.0,0.0,0.0,0
76.34,26.7921,-30.4583,327.1266,0.0002,0.0002,327.1266,,,,,,,,,,,,0.0,0.0,0.0,0.0,0
76.36,26.7921,-30.4583,327.1266,0.0002,0.0002,327.1266,,,,,,,,,,,,0.0,0.0,0.0,0.0,0
76.38,26.7921,-30.4583,327.1266,0.0002,0.0002,327.1266,,,,,,,,,,,,0.0,0.0,0.0,0.0,0
76.4,26.7921,-30.4583,327.1266,0.0002,0.0002,327.1266,,,,,,,,,,,,0.0,0.0,0.0,0.0,0
76.42,26.7921,-30.4583,327.1266,0.0002,0.0002,327.1266,,,,,,,,,,,,0.0,0.0,0.0,0.0,0
76.44,26.7921,-30.4583,327.1266,0.0002,0.0002,327.1266,,,,,,,,,,,,0.0,0.0,0.0,0.0,0
76.46,26.7921,-30.4583,327.1266,0.0002,0.0002,327.1266,,,,,,,,,,,,0.0,0.0,0.0,0.0,0
76.48,26.7921,-30.4583,327.1266,0.0002,0.0002,327.1266,,,,,,,,,,,,0.0,0.0,0.0,0.0,0
76.5,26.7921,-30.4583,327.1266,0.0002,0.0002,327.1266,,,,,,,,,,,,0.0,0.0,0.0,0.0,0
76.52,26.7921,-30.4583,327.1266,0.0002,0.0002,327.1266,,,,,,,,,,,,0.0,0.0,0.0,0.0,0
76.54,26.7921,-30.4583,327.1266,0.0002,0.0002,327.1266,,,,,,,,,,,,0.0,0.0,0.0,0.0,0
76.56,26.7921,-30.4583,327.1266,0.0002,0.0002,327.1266,,,,,,,,,,,,0.0,0.0,0.0,0.0,0
76.58,26.7921,-30.4583,327.1266,0.0002,0.0002,327.1266,,,,,,,,,,,,0.0,0.0,0.0,0.0,0
76.6,26.7921,-30.4583,327.1266,0.0002,0.0002,327.1266,,,,,,,,,,,,0.0,0.0,0.0,0.0,0
76.62,26.7921,-30.4583,327.1266,0.0002,0.0002,327.1266,,,,,,,,,,,,0.0,0.0,0.0,0.0,0
76.64,26.7921,-30.4583,327.1266,0.0002,0.0002,327.1266,,,,,,,,,,,,0.0,0.0,0.0,0.0,0
76.66,26.7921,-30.4583,327.1266,0.0002,0.0002,327.1266,,,,,,,,,,,,0.0,0.0,0.0,0.0,0
76.68,26.7921,-30.4583,327.1266,0.0002,0.0002,327.1266,,,,,,,,,,,,0.0,0.0,0.0,0.0,0
76.7,26.7921,-30.4583,327.1266,0.0002,0.0002,327.1266,,,,,,,,,,,,0.0,0.0,0.0,0.0,0
76.72,26.7921,-30.4583,327.1266,0.0002,0.0002,327.1266,,,,,,,,,,,,0.0,0.0,0.0,0.0,0
76.74,26.7921,-30.4583,327.1266,0.0002,0.0002,327.1266,,,,,,,,,,,,0.0,0.0,0.0,0.0,0
76.76,26.7921,-30.4583,327.1266,0.0002,0.0002,327.1266,,,,,,,,,,,,0.0,0.0,0.0,0.0,0
76.78,26.7921,-30.4583,327.1266,0.0002,0.0002,327.1266,,,,,,,,,,,,0.0,0.0,0.0,0.0,0
76.8,26.7921,-30.4583,327.1266,0.0002,0.0002,327.1266,,,,,,,,,,,,0.0,0.0,0.0,0.0,0
76.82,26.7921,-30.4583,327.1266,0.0002,0.0002,327.1266,,,,,,,,,,,,0.0,0.0,0.0,0.0,0
76.84,26.7921,-30.4583,327.1266,0.0002,0.0002,327.1266,,,,,,,,,,,,0.0,0.0,0.0,0.0,0
76.86,26.7921,-30.4583,327.1266,0.0002,0.0002,327.1266,,,,,,,,,,,,0.0,0.0,0.0,0.0,0
76.88,26.7921,-30.4583,327.1266,0.0002,0.0002,327.1266,,,,,,,,,,,,0.0,0.0,0.0,0.0,0
76.9,26.7921,-30.4583,327.1266,0.0002,0.0002,327.1266,,,,,,,,,,,,0.0,0.0,0.0,0.0,0
76.92,26.7921,-30.4583,327.1266,0.0002,0.0002,327.1266,,,,,,,,,,,,0.0,0.0,0.0,0.0,0
76.94,26.7921,-30.4583,327.1266,0.0002,0.0002,327.1266,,,,,,,,,,,,0.0,0.0,0.0,0.0,0
76.96,26.7921,-30.4583,327.1266,0.0002,0.0002,327.1266,,,,,,,,,,,,0.0,0.0,0.0,0.0,0
76.98,26.7921,-30.4583,327.1266,0.0002,0.0002,327.1266,,,,,,,,,,,,0.0,0.0,0.0,0.0,0
77.0,26.7921,-30.4583,327.1266,0.0002,0.0002,327.1266,,,,,,,,,,,,0.0,0.0,0.0,0.0,0
77.02,26.7921,-30.4583,327.1266,0.0002,0.0002,327.1266,,,,,,,,,,,,0.0,0.0,0.0,0.0,0
77.04,26.7921,-30.4583,327.1266,0.0002,0.0002,327.1266,,,,,,,,,,,,0.0,0.0,0.0,0.0,0
77.06,26.7921,-30.4583,327.1266,0.0002,0.0002,327.1266,,,,,,,,,,,,0.0,0.0,0.0,0.0,0
77.08,26.7921,-30.4583,327.1266,0.0002,0.0002,327.1266,,,,,,,,,,,,0.0,0.0,0.0,0.0,0
77.1,26.7921,-30.4583,327.1266,0.0002,0.0002,327.1266,,,,,,,,,,,,0.0,0.0,0.0,0.0,0
77.12,26.7921,-30.4583,327.1266,0.0002,0.0002,327.1266,,,,,,,,,,,,0.0,0.0,0.0,0.0,0
77.14,26.7921,-30.4583,327.1266,0.0002,0.0002,327.1266,,,,,,,,,,,,0.0,0.0,0.0,0.0,0
77.16,26.7921,-30.4583,327.1266,0.0002,0.0002,327.1266,,,,,,,,,,,,0.0,0.0,0.0,0.0,0
77.18,26.7921,-30.4583,327.1266,0.0002,0.0002,327.1266,,,,,,,,,,,,0.0,0.0,0.0,0.0,0
77.2,26.7921,-30.4583,327.1266,0.0002,0.0002,327.1266,,,,,,,,,,,,0.0,0.0,0.0,0.0,0
77.22,26.7921,-30.4583,327.1266,0.0002,0.0002,327.1266,,,,,,,,,,,,0.0,0.0,0.0,0.0,0
77.24,26.7921,-30.4583,327.1266,0.0002,0.0002,327.1266,,,,,,,,,,,,0.0,0.0,0.0,0.0,0
77.26,26.7921,-30.4583,327.1266,0.0002,0.0002,327.1266,,,,,,,,,,,,0.0,0.0,0.0,0.0,0
77.28,26.7921,-30.4583,327.1266,0.0002,0.0002,327.1266,,,,,,,,,,,,0.0,0.0,0.0,0.0,0
77.3,26.7921,-30.4583,327.1266,0.0002,0.0002,327.1266,,,,,,,,,,,,0.0,0.0,0.0,0.0,0
77.32,26.7921,-30.4583,327.1266,0.0002,0.0002,327.1266,,,,,,,,,,,,0.0,0.0,0.0,0.0,0
77.34,26.7921,-30.4583,327.1266,0.0002,0.0002,327.1266,,,,,,,,,,,,0.0,0.0,0.0,0.0,0
77.36,26.7921,-30.4583,327.1266,0.0002,0.0002,327.1266,,,,,,,,,,,,0.0,0.0,0.0,0.0,0
77.38,26.7921,-30.4583,327.1266,0.0002,0.0002,327.1266,,,,,,,,,,,,0.0,0.0,0.0,0.0,0
77.4,26.7921,-30.4583,327.1266,0.0002,0.0002,327.1266,,,,,,,,,,,,0.0,0.0,0.0,0.0,0
77.42,26.7921,-30.4583,327.1266,0.0002,0.0002,327.1266,,,,,,,,,,,,0.0,0.0,0.0,0.0,0
77.44,26.7921,-30.4583,327.1266,0.0002,0.0002,327.1266,,,,,,,,,,,,0.0,0.0,0.0,0.0,0
77.46,26.7921,-30.4583,327.1266,0.0002,0.0002,327.1266,,,,,,,,,,,,0.0,0.0,0.0,0.0,0
77.48,26.7921,-30.4583,327.1266,0.0002,0.0002,327.1266,,,,,,,,,,,,0.0,0.0,0.0,0.0,0
77.5,26.7921,-30.4583,327.1266,0.0002,0.0002,327.1266,,,,,,,,,,,,0.0,0.0,0.0,0.0,0
77.52,26.7921,-30.4583,327.1266,0.0002,0.0002,327.1266,,,,,,,,,,,,0.0,0.0,0.0,0.0,0
77.54,26.7921,-30.4583,327.1266,0.0002,0.0002,327.1266,,,,,,,,,,,,0.0,0.0,0.0,0.0,0
77.56,26.7921,-30.4583,327.1266,0.0002,0.0002,327.1266,,,,,,,,,,,,0.0,0.0,0.0,0.0,0
77.58,26.7921,-30.4583,327.1266,0.0002,0.0002,327.1266,,,,,,,,,,,,0.0,0.0,0.0,0.0,0
77.6,26.7921,-30.4583,327.1266,0.0002,0.0002,327.1266,,,,,,,,,,,,0.0,0.0,0.0,0.0,0
77.62,26.7921,-30.4583,327.1266,0.0002,0.0002,327.1266,,,,,,,,,,,,0.0,0.0,0.0,0.0,0
77.64,26.7921,-30.4583,327.1266,0.0002,0.0002,327.1266,,,,,,,,,,,,0.0,0.0,0.0,0.0,0
77.66,26.7921,-30.4583,327.1266,0.0002,0.0002,327.1266,,,,,,,,,,,,0.0,0.0,0.0,0.0,0
77.68,26.7921,-30.4583,327.1266,0.0002,0.0002,327.1266,,,,,,,,,,,,0.0,0.0,0.0,0.0,0
77.7,26.7921,-30.4583,327.1266,0.0002,0.0002,327.1266,,,,,,,,,,,,0.0,0.0,0.0,0.0,0
77.72,26.7921,-30.4583,327.1266,0.0002,0.0002,327.1266,,,,,,,,,,,,0.0,0.0,0.0,0.0,0
77.74,26.7921,-30.4583,327.1266,0.0002,0.0002,327.1266,,,,,,,,,,,,0.0,0.0,0.0,0.0,0
77.76,26.7921,-30.4583,327.1266,0.0002,0.0002,327.1266,,,,,,,,,,,,0.0,0.0,0.0,0.0,0
77.78,26.7921,-30.4583,327.1266,0.0002,0.0002,327.1266,,,,,,,,,,,,0.0,0.0,0.0,0.0,0
77.8,26.7921,-30.4583,327.1266,0.0002,0.0002,327.1266,,,,,,,,,,,,0.0,0.0,0.0,0.0,0
77.82,26.7921,-30.4583,327.1266,0.0002,0.0002,327.1266,,,,,,,,,,,,0.0,0.0,0.0,0.0,0
77.84,26.7921,-30.4583,327.1266,0.0002,0.0002,327.1266,,,,,,,,,,,,0.0,0.0,0.0,0.0,0
77.86,26.7921,-30.4583,327.1266,0.0002,0.0002,327.1266,,,,,,,,,,,,0.0,0.0,0.0,0.0,0
77.88,26.7921,-30.4583,327.1266,0.0002,0.0002,327.1266,,,,,,,,,,,,0.0,0.0,0.0,0.0,0
77.9,26.7921,-30.4583,327.1266,0.0002,0.0002,327.1266,,,,,,,,,,,,0.0,0.0,0.0,0.0,0
77.92,26.7921,-30.4583,327.1266,0.0002,0.0002,327.1266,,,,,,,,,,,,0.0,0.0,0.0,0.0,0
77.94,26.7921,-30.4583,327.1266,0.0002,0.0002,327.1266,,,,,,,,,,,,0.0,0.0,0.0,0.0,0
77.96,26.7921,-30.4583,327.1266,0.0002,0.0002,327.1266,,,,,,,,,,,,0.0,0.0,0.0,0.0,0
77.98,26.7921,-30.4583,327.1266,0.0002,0.0002,327.1266,,,,,,,,,,,,0.0,0.0,0.0,0.0,0
78.0,26.7921,-30.4583,327.1266,0.0002,0.0002,327.1266,,,,,,,,,,,,0.0,0.0,0.0,0.0,0
78.02,26.7921,-30.4583,327.1266,0.0002,0.0002,327.1266,,,,,,,,,,,,0.0,0.0,0.0,0.0,0
78.04,26.7921,-30.4583,327.1266,0.0002,0.0002,327.1266,,,,,,,,,,,,0.0,0.0,0.0,0.0,0
78.06,26.7921,-30.4583,327.1266,0.0002,0.0002,327.1266,,,,,,,,,,,,0.0,0.0,0.0,0.0,0
78.08,26.7921,-30.4583,327.1266,0.0002,0.0002,327.1266,,,,,,,,,,,,0.0,0.0,0.0,0.0,0
78.1,26.7921,-30.4583,327.1266,0.0002,0.0002,327.1266,,,,,,,,,,,,0.0,0.0,0.0,0.0,0
78.12,26.7921,-30.4583,327.1266,0.0002,0.0002,327.1266,,,,,,,,,,,,0.0,0.0,0.0,0.0,0
78.14,26.7921,-30.4583,327.1266,0.0002,0.0002,327.1266,,,,,,,,,,,,0.0,0.0,0.0,0.0,0
78.16,26.7921,-30.4583,327.1266,0.0002,0.0002,327.1266,,,,,,,,,,,,0.0,0.0,0.0,0.0,0
78.18,26.7921,-30.4583,327.1266,0.0002,0.0002,327.1266,,,,,,,,,,,,0.0,0.0,0.0,0.0,0
78.2,26.7921,-30.4583,327.1266,0.0002,0.0002,327.1266,,,,,,,,,,,,0.0,0.0,0.0,0.0,0
78.22,26.7921,-30.4583,327.1266,0.0002,0.0002,327.1266,,,,,,,,,,,,0.0,0.0,0.0,0.0,0
78.24,26.7921,-30.4583,327.1266,0.0002,0.0002,327.1266,,,,,,,,,,,,0.0,0.0,0.0,0.0,0
78.26,26.7921,-30.4583,327.1266,0.0002,0.0002,327.1266,,,,,,,,,,,,0.0,0.0,0.0,0.0,0
78.28,26.7921,-30.4583,327.1266,0.0002,0.0002,327.1266,,,,,,,,,,,,0.0,0.0,0.0,0.0,0
78.3,26.7921,-30.4583,327.1266,0.0002,0.0002,327.1266,,,,,,,,,,,,0.0,0.0,0.0,0.0,0
78.32,26.7921,-30.4583,327.1266,0.0002,0.0002,327.1266,,,,,,,,,,,,0.0,0.0,0.0,0.0,0
78.34,26.7921,-30.4583,327.1266,0.0002,0.0002,327.1266,,,,,,,,,,,,0.0,0.0,0.0,0.0,0
78.36,26.7921,-30.4583,327.1266,0.0002,0.0002,327.1266,,,,,,,,,,,,0.0,0.0,0.0,0.0,0
78.38,26.7921,-30.4583,327.1266,0.0002,0.0002,327.1266,,,,,,,,,,,,0.0,0.0,0.0,0.0,0
78.4,26.7921,-30.4583,327.1266,0.0002,0.0002,327.1266,,,,,,,,,,,,0.0,0.0,0.0,0.0,0
78.42,26.7921,-30.4583,327.1266,0.0002,0.0002,327.1266,,,,,,,,,,,,0.0,0.0,0.0,0.0,0
78.44,26.7921,-30.4583,327.1266,0.0002,0.0002,327.1266,,,,,,,,,,,,0.0,0.0,0.0,0.0,0
78.46,26.7921,-30.4583,327.1266,0.0002,0.0002,327.1266,,,,,,,,,,,,0.0,0.0,0.0,0.0,0
78.48,26.7921,-30.4583,327.1266,0.0002,0.0002,327.1266,,,,,,,,,,,,0.0,0.0,0.0,0.0,0
78.5,26.7921,-30.4583,327.1266,0.0002,0.0002,327.1266,,,,,,,,,,,,0.0,0.0,0.0,0.0,0
78.52,26.7921,-30.4583,327.1266,0.0002,0.0002,327.1266,,,,,,,,,,,,0.0,0.0,0.0,0.0,0
78.54,26.7921,-30.4583,327.1266,0.0002,0.0002,327.1266,,,,,,,,,,,,0.0,0.0,0.0,0.0,0
78.56,26.7921,-30.4583,327.1266,0.0002,0.0002,327.1266,,,,,,,,,,,,0.0,0.0,0.0,0.0,0
78.58,26.7921,-30.4583,327.1266,0.0002,0.0002,327.1266,,,,,,,,,,,,0.0,0.0,0.0,0.0,0
78.6,26.7921,-30.4583,327.1266,0.0002,0.0002,327.1266,,,,,,,,,,,,0.0,0.0,0.0,0.0,0
78.62,26.7921,-30.4583,327.1266,0.0002,0.0002,327.1266,,,,,,,,,,,,0.0,0.0,0.0,0.0,0
78.64,26.7921,-30.4583,327.1266,0.0002,0.0002,327.1266,,,,,,,,,,,,0.0,0.0,0.0,0.0,0
78.66,26.7921,-30.4583,327.1266,0.0002,0.0002,327.1266,,,,,,,,,,,,0.0,0.0,0.0,0.0,0
78.68,26.7921,-30.4583,327.1266,0.0002,0.0002,327.1266,,,,,,,,,,,,0.0,0.0,0.0,0.0,0
78.7,26.7921,-30.4583,327.1266,0.0002,0.0002,327.1266,,,,,,,,,,,,0.0,0.0,0.0,0.0,0
78.72,26.7921,-30.4583,327.1266,0.0002,0.0002,327.1266,,,,,,,,,,,,0.0,0.0,0.0,0.0,0
78.74,26.7921,-30.4583,327.1266,0.0002,0.0002,327.1266,,,,,,,,,,,,0.0,0.0,0.0,0.0,0
78.76,26.7921,-30.4583,327.1266,0.0002,0.0002,327.1266,,,,,,,,,,,,0.0,0.0,0.0,0.0,0
78.78,26.7921,-30.4583,327.1266,0.0002,0.0002,327.1266,,,,,,,,,,,,0.0,0.0,0.0,0.0,0
78.8,26.7921,-30.4583,327.1266,0.0002,0.0002,327.1266,,,,,,,,,,,,0.0,0.0,0.0,0.0,0
78.82,26.7921,-30.4583,327.1266,0.0002,0.0002,327.1266,,,,,,,,,,,,0.0,0.0,0.0,0.0,0
78.84,26.7921,-30.4583,327.1266,0.0002,0.0002,327.1266,,,,,,,,,,,,0.0,0.0,0.0,0.0,0
78.86,26.7921,-30.4583,327.1266,0.0002,0.0002,327.1266,,,,,,,,,,,,0.0,0.0,0.0,0.0,0
78.88,26.7921,-30.4583,327.1266,0.0002,0.0002,327.1266,,,,,,,,,,,,0.0,0.0,0.0,0.0,0
78.9,26.7921,-30.4583,327.1266,0.0002,0.0002,327.1266,,,,,,,,,,,,0.0,0.0,0.0,0.0,0
78.92,26.7921,-30.4583,327.1266,0.0002,0.0002,327.1266,,,,,,,,,,,,0.0,0.0,0.0,0.0,0
78.94,26.7921,-30.4583,327.1266,0.0002,0.0002,327.1266,,,,,,,,,,,,0.0,0.0,0.0,0.0,0
78.96,26.7921,-30.4583,327.1266,0.0002,0.0002,327.1266,,,,,,,,,,,,0.0,0.0,0.0,0.0,0
78.98,26.7921,-30.4583,327.1266,0.0002,0.0002,327.1266,,,,,,,,,,,,0.0,0.0,0.0,0.0,0
79.0,26.7921,-30.4583,327.1266,0.0002,0.0002,327.1266,,,,,,,,,,,,0.0,0.0,0.0,0.0,0
79.02,26.7921,-30.4583,327.1266,0.0002,0.0002,327.1266,,,,,,,,,,,,0.0,0.0,0.0,0.0,0
79.04,26.7921,-30.4583,327.1266,0.0002,0.0002,327.1266,,,,,,,,,,,,0.0,0.0,0.0,0.0,0
79.06,26.7921,-30.4583,327.1266,0.0002,0.0002,327.1266,,,,,,,,,,,,0.0,0.0,0.0,0.0,0
79.08,26.7921,-30.4583,327.1266,0.0002,0.0002,327.1266,,,,,,,,,,,,0.0,0.0,0.0,0.0,0
79.1,26.7921,-30.4583,327.1266,0.0002,0.0002,327.1266,,,,,,,,,,,,0.0,0.0,0.0,0.0,0
79.12,26.7921,-30.4583,327.1266,0.0002,0.0002,327.1266,,,,,,,,,,,,0.0,0.0,0.0,0.0,0
79.14,26.7921,-30.4583,327.1266,0.0002,0.0002,327.1266,,,,,,,,,,,,0.0,0.0,0.0,0.0,0
79.16,26.7921,-30.4583,327.1266,0.0002,0.0002,327.1266,,,,,,,,,,,,0.0,0.0,0.0,0.0,0
79.18,26.7921,-30.4583,327.1266,0.0002,0.0002,327.1266,,,,,,,,,,,,0.0,0.0,0.0,0.0,0
79.2,26.7921,-30.4583,327.1266,0.0002,0.0002,327.1266,,,,,,,,,,,,0.0,0.0,0.0,0.0,0
79.22,26.7921,-30.4583,327.1266,0.0002,0.0002,327.1266,,,,,,,,,,,,0.0,0.0,0.0,0.0,0
79.24,26.7921,-30.4583,327.1266,0.0002,0.0002,327.1266,,,,,,,,,,,,0.0,0.0,0.0,0.0,0
79.26,26.7921,-30.4583,327.1266,0.0002,0.0002,327.1266,,,,,,,,,,,,0.0,0.0,0.0,0.0,0
79.28,26.7921,-30.4583,327.1266,0.0002,0.0002,327.1266,,,,,,,,,,,,0.0,0.0,0.0,0.0,0
79.3,26.7921,-30.4583,327.1266,0.0002,0.0002,327.1266,,,,,,,,,,,,0.0,0.0,0.0,0.0,0
79.32,26.7921,-30.4583,327.1266,0.0002,0.0002,327.1266,,,,,,,,,,,,0.0,0.0,0.0,0.0,0
79.34,26.7921,-30.4583,327.1266,0.0002,0.0002,327.1266,,,,,,,,,,,,0.0,0.0,0.0,0.0,0
79.36,26.7921,-30.4583,327.1266,0.0002,0.0002,327.1266,,,,,,,,,,,,0.0,0.0,0.0,0.0,0
79.38,26.7921,-30.4583,327.1266,0.0002,0.0002,327.1266,,,,,,,,,,,,0.0,0.0,0.0,0.0,0
79.4,26.7921,-30.4583,327.1266,0.0002,0.0002,327.1266,,,,,,,,,,,,0.0,0.0,0.0,0.0,0
79.42,26.7921,-30.4583,327.1266,0.0002,0.0002,327.1266,,,,,,,,,,,,0.0,0.0,0.0,0.0,0
79.44,26.7921,-30.4583,327.1266,0.0002,0.0002,327.1266,,,,,,,,,,,,0.0,0.0,0.0,0.0,0
79.46,26.7921,-30.4583,327.1266,0.0002,0.0002,327.1266,,,,,,,,,,,,0.0,0.0,0.0,0.0,0
79.48,26.7921,-30.4583,327.1266,0.0002,0.0002,327.1266,,,,,,,,,,,,0.0,0.0,0.0,0.0,0
79.5,26.7921,-30.4583,327.1266,0.0002,0.0002,327.1266,,,,,,,,,,,,0.0,0.0,0.0,0.0,0
79.52,26.7921,-30.4583,327.1266,0.0002,0.0002,327.1266,,,,,,,,,,,,0.0,0.0,0.0,0.0,0
79.54,26.7921,-30.4583,327.1266,0.0002,0.0002,327.1266,,,,,,,,,,,,0.0,0.0,0.0,0.0,0
79.56,26.7921,-30.4583,327.1266,0.0002,0.0002,327.1266,,,,,,,,,,,,0.0,0.0,0.0,0.0,0
79.58,26.7921,-30.4583,327.1266,0.0002,0.0002,327.1266,,,,,,,,,,,,0.0,0.0,0.0,0.0,0
79.6,26.7921,-30.4583,327.1266,0.0002,0.0002,327.1266,,,,,,,,,,,,0.0,0.0,0.0,0.0,0
79.62,26.7921,-30.4583,327.1266,0.0002,0.0002,327.1266,,,,,,,,,,,,0.0,0.0,0.0,0.0,0
79.64,26.7921,-30.4583,327.1266,0.0002,0.0002,327.1266,,,,,,,,,,,,0.0,0.0,0.0,0.0,0
79.66,26.7921,-30.4583,327.1266,0.0002,0.0002,327.1266,,,,,,,,,,,,0.0,0.0,0.0,0.0,0
79.68,26.7921,-30.4583,327.1266,0.0002,0.0002,327.1266,,,,,,,,,,,,0.0,0.0,0.0,0.0,0
79.7,26.7921,-30.4583,327.1266,0.0002,0.0002,327.1266,,,,,,,,,,,,0.0,0.0,0.0,0.0,0
79.72,26.7921,-30.4583,327.1266,0.0002,0.0002,327.1266,,,,,,,,,,,,0.0,0.0,0.0,0.0,0
79.74,26.7921,-30.4583,327.1266,0.0002,0.0002,327.1266,,,,,,,,,,,,0.0,0.0,0.0,0.0,0
79.76,26.7921,-30.4583,327.1266,0.0002,0.0002,327.1266,,,,,,,,,,,,0.0,0.0,0.0,0.0,0
79.78,26.7921,-30.4583,327.1266,0.0002,0.0002,327.1266,,,,,,,,,,,,0.0,0.0,0.0,0.0,0
79.8,26.7921,-30.4583,327.1266,0.0002,0.0002,327.1266,,,,,,,,,,,,0.0,0.0,0.0,0.0,0
79.82,26.7921,-30.4583,327.1266,0.0002,0.0002,327.1266,,,,,,,,,,,,0.0,0.0,0.0,0.0,0
79.84,26.7921,-30.4583,327.1266,0.0002,0.0002,327.1266,,,,,,,,,,,,0.0,0.0,0.0,0.0,0
79.86,26.7921,-30.4583,327.1266,0.0002,0.0002,327.1266,,,,,,,,,,,,0.0,0.0,0.0,0.0,0
79.88,26.7921,-30.4583,327.1266,0.0002,0.0002,327.1266,,,,,,,,,,,,0.0,0.0,0.0,0.0,0
79.9,26.7921,-30.4583,327.1266,0.0002,0.0002,327.1266,,,,,,,,,,,,0.0,0.0,0.0,0.0,0
79.92,26.7921,-30.4583,327.1266,0.0002,0.0002,327.1266,,,,,,,,,,,,0.0,0.0,0.0,0.0,0
79.94,26.7921,-30.4583,327.1266,0.0002,0.0002,327.1266,,,,,,,,,,,,0.0,0.0,0.0,0.0,0
79.96,26.7921,-30.4583,327.1266,0.0002,0.0002,327.1266,,,,,,,,,,,,0.0,0.0,0.0,0.0,0
79.98,26.7921,-30.4583,327.1266,0.0002,0.0002,327.1266,,,,,,,,,,,,0.0,0.0,0.0,0.0,0
80.0,26.7921,-30.4583,327.1266,0.0002,0.0002,327.1266,,,,,,,,,,,,0.0,0.0,0.0,0.0,0
80.02,26.7921,-30.4583,327.1266,0.0002,0.0002,327.1266,,,,,,,,,,,,0.0,0.0,0.0,0.0,0
80.04,26.7921,-30.4583,327.1266,0.0002,0.0002,327.1266,,,,,,,,,,,,0.0,0.0,0.0,0.0,0
80.06,26.7921,-30.4583,327.1266,0.0002,0.0002,327.1266,,,,,,,,,,,,0.0,0.0,0.0,0.0,0
80.08,26.7921,-30.4583,327.1266,0.0002,0.0002,327.1266,,,,,,,,,,,,0.0,0.0,0.0,0.0,0
80.1,26.7921,-30.4583,327.1266,0.0002,0.0002,327.1266,,,,,,,,,,,,0.0,0.0,0.0,0.0,0
80.12,26.7921,-30.4583,327.1266,0.0002,0.0002,327.1266,,,,,,,,,,,,0.0,0.0,0.0,0.0,0
80.14,26.7921,-30.4583,327.1266,0.0002,0.0002,327.1266,,,,,,,,,,,,0.0,0.0,0.0,0.0,0
80.16,26.7921,-30.4583,327.1266,0.0002,0.0002,327.1266,,,,,,,,,,,,0.0,0.0,0.0,0.0,0
80.18,26.7921,-30.4583,327.1266,0.0002,0.0002,327.1266,,,,,,,,,,,,0.0,0.0,0.0,0.0,0
80.2,26.7921,-30.4583,327.1266,0.0002,0.0002,327.1266,,,,,,,,,,,,0.0,0.0,0.0,0.0,0
80.22,26.7921,-30.4583,327.1266,0.0002,0.0002,327.1266,,,,,,,,,,,,0.0,0.0,0.0,0.0,0
80.24,26.7921,-30.4583,327.1266,0.0002,0.0002,327.1266,,,,,,,,,,,,0.0,0.0,0.0,0.0,0
80.26,26.7921,-30.4583,327.1266,0.0002,0.0002,327.1266,,,,,,,,,,,,0.0,0.0,0.0,0.0,0
80.28,26.7921,-30.4583,327.1266,0.0002,0.0002,327.1266,,,,,,,,,,,,0.0,0.0,0.0,0.0,0
80.3,26.7921,-30.4583,327.1266,0.0002,0.0002,327.1266,,,,,,,,,,,,0.0,0.0,0.0,0.0,0
80.32,26.7921,-30.4583,327.1266,0.0002,0.0002,327.1266,,,,,,,,,,,,0.0,0.0,0.0,0.0,0
80.34,26.7921,-30.4583,327.1266,0.0002,0.0002,327.1266,,,,,,,,,,,,0.0,0.0,0.0,0.0,0
80.36,26.7921,-30.4583,327.1266,0.0002,0.0002,327.1266,,,,,,,,,,,,0.0,0.0,0.0,0.0,0
80.38,26.7921,-30.4583,327.1266,0.0002,0.0002,327.1266,,,,,,,,,,,,0.0,0.0,0.0,0.0,0
80.4,26.7921,-30.4583,327.1266,0.0002,0.0002,327.1266,,,,,,,,,,,,0.0,0.0,0.0,0.0,0
80.42,26.7921,-30.4583,327.1266,0.0002,0.0002,327.1266,,,,,,,,,,,,0.0,0.0,0.0,0.0,0
80.44,26.7921,-30.4583,327.1266,0.0002,0.0002,327.1266,,,,,,,,,,,,0.0,0.0,0.0,0.0,0
80.46,26.7921,-30.4583,327.1266,0.0002,0.0002,327.1266,,,,,,,,,,,,0.0,0.0,0.0,0.0,0
80.48,26.7921,-30.4583,327.1266,0.0002,0.0002,327.1266,,,,,,,,,,,,0.0,0.0,0.0,0.0,0
80.5,26.7921,-30.4583,327.1266,0.0002,0.0002,327.1266,,,,,,,,,,,,0.0,0.0,0.0,0.0,0
80.52,26.7921,-30.4583,327.1266,0.0002,0.0002,327.1266,,,,,,,,,,,,0.0,0.0,0.0,0.0,0
80.54,26.7921,-30.4583,327.1266,0.0002,0.0002,327.1266,,,,,,,,,,,,0.0,0.0,0.0,0.0,0
80.56,26.7921,-30.4583,327.1266,0.0002,0.0002,327.1266,,,,,,,,,,,,0.0,0.0,0.0,0.0,0
80.58,26.7921,-30.4583,327.1266,0.0002,0.0002,327.1266,,,,,,,,,,,,0.0,0.0,0.0,0.0,0
80.6,26.7921,-30.4583,327.1266,0.0002,0.0002,327.1266,,,,,,,,,,,,0.0,0.0,0.0,0.0,0
80.62,26.7921,-30.4583,327.1266,0.0002,0.0002,327.1266,,,,,,,,,,,,0.0,0.0,0.0,0.0,0
80.64,26.7921,-30.4583,327.1266,0.0002,0.0002,327.1266,,,,,,,,,,,,0.0,0.0,0.0,0.0,0
80.66,26.7921,-30.4583,327.1266,0.0002,0.0002,327.1266,,,,,,,,,,,,0.0,0.0,0.0,0.0,0
80.68,26.7921,-30.4583,327.1266,0.0002,0.0002,327.1266,,,,,,,,,,,,0.0,0.0,0.0,0.0,0
80.7,26.7921,-30.4583,327.1266,0.0002,0.0002,327.1266,,,,,,,,,,,,0.0,0.0,0.0,0.0,0
80.72,26.7921,-30.4583,327.1266,0.0002,0.0002,327.1266,,,,,,,,,,,,0.0,0.0,0.0,0.0,0
80.74,26.7921,-30.4583,327.1266,0.0002,0.0002,327.1266,,,,,,,,,,,,0.0,0.0,0.0,0.0,0
80.76,26.7921,-30.4583,327.1266,0.0002,0.0002,327.1266,,,,,,,,,,,,0.0,0.0,0.0,0.0,0
80.78,26.7921,-30.4583,327.1266,0.0002,0.0002,327.1266,,,,,,,,,,,,0.0,0.0,0.0,0.0,0
80.8,26.7921,-30.4583,327.1266,0.0002,0.0002,327.1266,,,,,,,,,,,,0.0,0.0,0.0,0.0,0
80.82,26.7921,-30.4583,327.1266,0.0002,0.0002,327.1266,,,,,,,,,,,,0.0,0.0,0.0,0.0,0
80.84,26.7921,-30.4583,327.1266,0.0002,0.0002,327.1266,,,,,,,,,,,,0.0,0.0,0.0,0.0,0
80.86,26.7921,-30.4583,327.1266,0.0002,0.0002,327.1266,,,,,,,,,,,,0.0,0.0,0.0,0.0,0
80.88,26.7921,-30.4583,327.1266,0.0002,0.0002,327.1266,,,,,,,,,,,,0.0,0.0,0.0,0.0,0
80.9,26.7921,-30.4583,327.1266,0.0002,0.0002,327.1266,,,,,,,,,,,,0.0,0.0,0.0,0.0,0
80.92,26.7921,-30.4583,327.1266,0.0002,0.0002,327.1266,,,,,,,,,,,,0.0,0.0,0.0,0.0,0
80.94,26.7921,-30.4583,327.1266,0.0002,0.0002,327.1266,,,,,,,,,,,,0.0,0.0,0.0,0.0,0
80.96,26.7921,-30.4583,327.1266,0.0002,0.0002,327.1266,,,,,,,,,,,,0.0,0.0,0.0,0.0,0
80.98,26.7921,-30.4583,327.1266,0.0002,0.0002,327.1266,,,,,,,,,,,,0.0,0.0,0.0,0.0,0
81.0,26.7921,-30.4583,327.1266,0.0002,0.0002,327.1266,,,,,,,,,,,,0.0,0.0,0.0,0.0,0
81.02,26.7921,-30.4583,327.1266,0.0002,0.0002,327.1266,,,,,,,,,,,,0.0,0.0,0.0,0.0,0
81.04,26.7921,-30.4583,327.1266,0.0002,0.0002,327.1266,,,,,,,,,,,,0.0,0.0,0.0,0.0,0
81.06,26.7921,-30.4583,327.1266,0.0002,0.0002,327.1266,,,,,,,,,,,,0.0,0.0,0.0,0.0,0
81.08,26.7921,-30.4583,327.1266,0.0002,0.0002,327.1266,,,,,,,,,,,,0.0,0.0,0.0,0.0,0
81.1,26.7921,-30.4583,327.1266,0.0002,0.0002,327.1266,,,,,,,,,,,,0.0,0.0,0.0,0.0,0
81.12,26.7921,-30.4583,327.1266,0.0002,0.0002,327.1266,,,,,,,,,,,,0.0,0.0,0.0,0.0,0
81.14,26.7921,-30.4583,327.1266,0.0002,0.0002,327.1266,,,,,,,,,,,,0.0,0.0,0.0,0.0,0
81.16,26.7921,-30.4583,327.1266,0.0002,0.0002,327.1266,,,,,,,,,,,,0.0,0.0,0.0,0.0,0
81.18,26.7921,-30.4583,327.1266,0.0002,0.0002,327.1266,,,,,,,,,,,,0.0,0.0,0.0,0.0,0
81.2,26.7921,-30.4583,327.1266,0.0002,0.0002,327.1266,,,,,,,,,,,,0.0,0.0,0.0,0.0,0
81.22,26.7921,-30.4583,327.1266,0.0002,0.0002,327.1266,,,,,,,,,,,,0.0,0.0,0.0,0.0,0
81.24,26.7921,-30.4583,327.1266,0.0002,0.0002,327.1266,,,,,,,,,,,,0.0,0.0,0.0,0.0,0
81.26,26.7921,-30.4583,327.1266,0.0002,0.0002,327.1266,,,,,,,,,,,,0.0,0.0,0.0,0.0,0
81.28,26.7921,-30.4583,327.1266,0.0002,0.0002,327.1266,,,,,,,,,,,,0.0,0.0,0.0,0.0,0
81.3,26.7921,-30.4583,327.1266,0.0002,0.0002,327.1266,,,,,,,,,,,,0.0,0.0,0.0,0.0,0
81.32,26.7921,-30.4583,327.1266,0.0002,0.0002,327.1266,,,,,,,,,,,,0.0,0.0,0.0,0.0,0
81.34,26.7921,-30.4583,327.1266,0.0002,0.0002,327.1266,,,,,,,,,,,,0.0,0.0,0.0,0.0,0
81.36,26.7921,-30.4583,327.1266,0.0002,0.0002,327.1266,,,,,,,,,,,,0.0,0.0,0.0,0.0,0
81.38,26.7921,-30.4583,327.1266,0.0002,0.0002,327.1266,,,,,,,,,,,,0.0,0.0,0.0,0.0,0
81.4,26.7921,-30.4583,327.1266,0.0002,0.0002,327.1266,,,,,,,,,,,,0.0,0.0,0.0,0.0,0
81.42,26.7921,-30.4583,327.1266,0.0002,0.0002,327.1266,,,,,,,,,,,,0.0,0.0,0.0,0.0,0
81.44,26.7921,-30.4583,327.1266,0.0002,0.0002,327.1266,,,,,,,,,,,,0.0,0.0,0.0,0.0,0
81.46,26.7921,-30.4583,327.1266,0.0002,0.0002,327.1266,,,,,,,,,,,,0.0,0.0,0.0,0.0,0
81.48,26.7921,-30.4583,327.1266,0.0002,0.0002,327.1266,,,,,,,,,,,,0.0,0.0,0.0,0.0,0
81.5,26.7921,-30.4583,327.1266,0.0002,0.0002,327.1266,,,,,,,,,,,,0.0,0.0,0.0,0.0,0
81.52,26.7921,-30.4583,327.1266,0.0002,0.0002,327.1266,,,,,,,,,,,,0.0,0.0,0.0,0.0,0
81.54,26.7921,-30.4583,327.1266,0.0002,0.0002,327.1266,,,,,,,,,,,,0.0,0.0,0.0,0.0,0
81.56,26.7921,-30.4583,327.1266,0.0002,0.0002,327.1266,,,,,,,,,,,,0.0,0.0,0.0,0.0,0
81.58,26.7921,-30.4583,327.1266,0.0002,0.0002,327.1266,,,,,,,,,,,,0.0,0.0,0.0,0.0,0
81.6,26.7921,-30.4583,327.1266,0.0002,0.0002,327.1266,,,,,,,,,,,,0.0,0.0,0.0,0.0,0
81.62,26.7921,-30.4583,327.1266,0.0002,0.0002,327.1266,,,,,,,,,,,,0.0,0.0,0.0,0.0,0
81.64,26.7921,-30.4583,327.1266,0.0002,0.0002,327.1266,,,,,,,,,,,,0.0,0.0,0.0,0.0,0
81.66,26.7921,-30.4583,327.1266,0.0002,0.0002,327.1266,,,,,,,,,,,,0.0,0.0,0.0,0.0,0
81.68,26.7921,-30.4583,327.1266,0.0002,0.0002,327.1266,,,,,,,,,,,,0.0,0.0,0.0,0.0,0
81.7,26.7921,-30.4583,327.1266,0.0002,0.0002,327.1266,,,,,,,,,,,,0.0,0.0,0.0,0.0,0
81.72,26.7921,-30.4583,327.1266,0.0002,0.0002,327.1266,,,,,,,,,,,,0.0,0.0,0.0,0.0,0
81.74,26.7921,-30.4583,327.1266,0.0002,0.0002,327.1266,,,,,,,,,,,,0.0,0.0,0.0,0.0,0
81.76,26.7921,-30.4583,327.1266,0.0002,0.0002,327.1266,,,,,,,,,,,,0.0,0.0,0.0,0.0,0
81.78,26.7921,-30.4583,327.1266,0.0002,0.0002,327.1266,,,,,,,,,,,,0.0,0.0,0.0,0.0,0
81.8,26.7921,-30.4583,327.1266,0.0002,0.0002,327.1266,,,,,,,,,,,,0.0,0.0,0.0,0.0,0
81.82,26.7921,-30.4583,327.1266,0.0002,0.0002,327.1266,,,,,,,,,,,,0.0,0.0,0.0,0.0,0
81.84,26.7921,-30.4583,327.1266,0.0002,0.0002,327.1266,,,,,,,,,,,,0.0,0.0,0.0,0.0,0
81.86,26.7921,-30.4583,327.1266,0.0002,0.0002,327.1266,,,,,,,,,,,,0.0,0.0,0.0,0.0,0
81.88,26.7921,-30.4583,327.1266,0.0002,0.0002,327.1266,,,,,,,,,,,,0.0,0.0,0.0,0.0,0
81.9,26.7921,-30.4583,327.1266,0.0002,0.0002,327.1266,,,,,,,,,,,,0.0,0.0,0.0,0.0,0
81.92,26.7921,-30.4583,327.1266,0.0002,0.0002,327.1266,,,,,,,,,,,,0.0,0.0,0.0,0.0,0
81.94,26.7921,-30.4583,327.1266,0.0002,0.0002,327.1266,,,,,,,,,,,,0.0,0.0,0.0,0.0,0
81.96,26.7921,-30.4583,327.1266,0.0002,0.0002,327.1266,,,,,,,,,,,,0.0,0.0,0.0,0.0,0
81.98,26.7921,-30.4583,327.1266,0.0002,0.0002,327.1266,,,,,,,,,,,,0.0,0.0,0.0,0.0,0
82.0,26.7921,-30.4583,327.1266,0.0002,0.0002,327.1266,,,,,,,,,,,,0.0,0.0,0.0,0.0,0
82.02,26.7921,-30.4583,327.1266,0.0002,0.0002,327.1266,,,,,,,,,,,,0.0,0.0,0.0,0.0,0
82.04,26.7921,-30.4583,327.1266,0.0002,0.0002,327.1266,,,,,,,,,,,,0.0,0.0,0.0,0.0,0
82.06,26.7921,-30.4583,327.1266,0.0002,0.0002,327.1266,,,,,,,,,,,,0.0,0.0,0.0,0.0,0
82.08,26.7921,-30.4583,327.1266,0.0002,0.0002,327.1266,,,,,,,,,,,,0.0,0.0,0.0,0.0,0
82.1,26.7921,-30.4583,327.1266,0.0002,0.0002,327.1266,,,,,,,,,,,,0.0,0.0,0.0,0.0,0
82.12,26.7921,-30.4583,327.1266,0.0002,0.0002,327.1266,,,,,,,,,,,,0.0,0.0,0.0,0.0,0
82.14,26.7921,-30.4583,327.1266,0.0002,0.0002,327.1266,,,,,,,,,,,,0.0,0.0,0.0,0.0,0
82.16,26.7921,-30.4583,327.1266,0.0002,0.0002,327.1266,,,,,,,,,,,,0.0,0.0,0.0,0.0,0
82.18,26.7921,-30.4583,327.1266,0.0002,0.0002,327.1266,,,,,,,,,,,,0.0,0.0,0.0,0.0,0
82.2,26.7921,-30.4583,327.1266,0.0002,0.0002,327.1266,,,,,,,,,,,,0.0,0.0,0.0,0.0,0
82.22,26.7921,-30.4583,327.1266,0.0002,0.0002,327.1266,,,,,,,,,,,,0.0,0.0,0.0,0.0,0
82.24,26.7921,-30.4583,327.1266,0.0002,0.0002,327.1266,,,,,,,,,,,,0.0,0.0,0.0,0.0,0
82.26,26.7921,-30.4583,327.1266,0.0002,0.0002,327.1266,,,,,,,,,,,,0.0,0.0,0.0,0.0,0
82.28,26.7921,-30.4583,327.1266,0.0002,0.0002,327.1266,,,,,,,,,,,,0.0,0.0,0.0,0.0,0
82.3,26.7921,-30.4583,327.1266,0.0002,0.0002,327.1266,,,,,,,,,,,,0.0,0.0,0.0,0.0,0
82.32,26.7921,-30.4583,327.1266,0.0002,0.0002,327.1266,,,,,,,,,,,,0.0,0.0,0.0,0.0,0
82.34,26.7921,-30.4583,327.1266,0.0002,0.0002,327.1266,,,,,,,,,,,,0.0,0.0,0.0,0.0,0
82.36,26.7921,-30.4583,327.1266,0.0002,0.0002,327.1266,,,,,,,,,,,,0.0,0.0,0.0,0.0,0
82.38,26.7921,-30.4583,327.1266,0.0002,0.0002,327.1266,,,,,,,,,,,,0.0,0.0,0.0,0.0,0
82.4,26.7921,-30.4583,327.1266,0.0002,0.0002,327.1266,,,,,,,,,,,,0.0,0.0,0.0,0.0,0
82.42,26.7921,-30.4583,327.1266,0.0002,0.0002,327.1266,,,,,,,,,,,,0.0,0.0,0.0,0.0,0
82.44,26.7921,-30.4583,327.1266,0.0002,0.0002,327.1266,,,,,,,,,,,,0.0,0.0,0.0,0.0,0
82.46,26.7921,-30.4583,327.1266,0.0002,0.0002,327.1266,,,,,,,,,,,,0.0,0.0,0.0,0.0,0
82.48,26.7921,-30.4583,327.1266,0.0002,0.0002,327.1266,,,,,,,,,,,,0.0,0.0,0.0,0.0,0
82.5,26.7921,-30.4583,327.1266,0.0002,0.0002,327.1266,,,,,,,,,,,,0.0,0.0,0.0,0.0,0
82.52,26.7921,-30.4583,327.1266,0.0002,0.0002,327.1266,,,,,,,,,,,,0.0,0.0,0.0,0.0,0
82.54,26.7921,-30.4583,327.1266,0.0002,0.0002,327.1266,,,,,,,,,,,,0.0,0.0,0.0,0.0,0
82.56,26.7921,-30.4583,327.1266,0.0002,0.0002,327.1266,,,,,,,,,,,,0.0,0.0,0.0,0.0,0
82.58,26.7921,-30.4583,327.1266,0.0002,0.0002,327.1266,,,,,,,,,,,,0.0,0.0,0.0,0.0,0
82.6,26.7921,-30.4583,327.1266,0.0002,0.0002,327.1266,,,,,,,,,,,,0.0,0.0,0.0,0.0,0
82.62,26.7921,-30.4583,327.1266,0.0002,0.0002,327.1266,,,,,,,,,,,,0.0,0.0,0.0,0.0,0
82.64,26.7921,-30.4583,327.1266,0.0002,0.0002,327.1266,,,,,,,,,,,,0.0,0.0,0.0,0.0,0
82.66,26.7921,-30.4583,327.1266,0.0002,0.0002,327.1266,,,,,,,,,,,,0.0,0.0,0.0,0.0,0
82.68,26.7921,-30.4583,327.1266,0.0002,0.0002,327.1266,,,,,,,,,,,,0.0,0.0,0.0,0.0,0
82.7,26.7921,-30.4583,327.1266,0.0002,0.0002,327.1266,,,,,,,,,,,,0.0,0.0,0.0,0.0,0
82.72,26.7921,-30.4583,327.1266,0.0002,0.0002,327.1266,,,,,,,,,,,,0.0,0.0,0.0,0.0,0
82.74,26.7921,-30.4583,327.1266,0.0002,0.0002,327.1266,,,,,,,,,,,,0.0,0.0,0.0,0.0,0
82.76,26.7921,-30.4583,327.1266,0.0002,0.0002,327.1266,,,,,,,,,,,,0.0,0.0,0.0,0.0,0
82.78,26.7921,-30.4583,327.1266,0.0002,0.0002,327.1266,,,,,,,,,,,,0.0,0.0,0.0,0.0,0
82.8,26.7921,-30.4583,327.1266,0.0002,0.0002,327.1266,,,,,,,,,,,,0.0,0.0,0.0,0.0,0
82.82,26.7921,-30.4583,327.1266,0.0002,0.0002,327.1266,,,,,,,,,,,,0.0,0.0,0.0,0.0,0
82.84,26.7921,-30.4583,327.1266,0.0002,0.0002,327.1266,,,,,,,,,,,,0.0,0.0,0.0,0.0,0
82.86,26.7921,-30.4583,327.1266,0.0002,0.0002,327.1266,,,,,,,,,,,,0.0,0.0,0.0,0.0,0
82.88,26.7921,-30.4583,327.1266,0.0002,0.0002,327.1266,,,,,,,,,,,,0.0,0.0,0.0,0.0,0
82.9,26.7921,-30.4583,327.1266,0.0002,0.0002,327.1266,,,,,,,,,,,,0.0,0.0,0.0,0.0,0
82.92,26.7921,-30.4583,327.1266,0.0002,0.0002,327.1266,,,,,,,,,,,,0.0,0.0,0.0,0.0,0
82.94,26.7921,-30.4583,327.1266,0.0002,0.0002,327.1266,,,,,,,,,,,,0.0,0.0,0.0,0.0,0
82.96,26.7921,-30.4583,327.1266,0.0002,0.0002,327.1266,,,,,,,,,,,,0.0,0.0,0.0,0.0,0
82.98,26.7921,-30.4583,327.1266,0.0002,0.0002,327.1266,,,,,,,,,,,,0.0,0.0,0.0,0.0,0
83.0,26.7921,-30.4583,327.1266,0.0002,0.0002,327.1266,,,,,,,,,,,,0.0,0.0,0.0,0.0,0
83.02,26.7921,-30.4583,327.1266,0.0002,0.0002,327.1266,,,,,,,,,,,,0.0,0.0,0.0,0.0,0
83.04,26.7921,-30.4583,327.1266,0.0002,0.0002,327.1266,,,,,,,,,,,,0.0,0.0,0.0,0.0,0
83.06,26.7921,-30.4583,327.1266,0.0002,0.0002,327.1266,,,,,,,,,,,,0.0,0.0,0.0,0.0,0
83.08,26.7921,-30.4583,327.1266,0.0002,0.0002,327.1266,,,,,,,,,,,,0.0,0.0,0.0,0.0,0
83.1,26.7921,-30.4583,327.1266,0.0002,0.0002,327.1266,,,,,,,,,,,,0.0,0.0,0.0,0.0,0
83.12,26.7921,-30.4583,327.1266,0.0002,0.0002,327.1266,,,,,,,,,,,,0.0,0.0,0.0,0.0,0
83.14,26.7921,-30.4583,327.1266,0.0002,0.0002,327.1266,,,,,,,,,,,,0.0,0.0,0.0,0.0,0
83.16,26.7921,-30.4583,327.1266,0.0002,0.0002,327.1266,,,,,,,,,,,,0.0,0.0,0.0,0.0,0
83.18,26.7921,-30.4583,327.1266,0.0002,0.0002,327.1266,,,,,,,,,,,,0.0,0.0,0.0,0.0,0
83.2,26.7921,-30.4583,327.1266,0.0002,0.0002,327.1266,,,,,,,,,,,,0.0,0.0,0.0,0.0,0
83.22,26.7921,-30.4583,327.1266,0.0002,0.0002,327.1266,,,,,,,,,,,,0.0,0.0,0.0,0.0,0
83.24,26.7921,-30.4583,327.1266,0.0002,0.0002,327.1266,,,,,,,,,,,,0.0,0.0,0.0,0.0,0
83.26,26.7921,-30.4583,327.1266,0.0002,0.0002,327.1266,,,,,,,,,,,,0.0,0.0,0.0,0.0,0
83.28,26.7921,-30.4583,327.1266,0.0002,0.0002,327.1266,,,,,,,,,,,,0.0,0.0,0.0,0.0,0
83.3,26.7921,-30.4583,327.1266,0.0002,0.0002,327.1266,,,,,,,,,,,,0.0,0.0,0.0,0.0,0
83.32,26.7921,-30.4583,327.1266,0.0002,0.0002,327.1266,,,,,,,,,,,,0.0,0.0,0.0,0.0,0
83.34,26.7921,-30.4583,327.1266,0.0002,0.0002,327.1266,,,,,,,,,,,,0.0,0.0,0.0,0.0,0
83.36,26.7921,-30.4583,327.1266,0.0002,0.0002,327.1266,,,,,,,,,,,,0.0,0.0,0.0,0.0,0
83.38,26.7921,-30.4583,327.1266,0.0002,0.0002,327.1266,,,,,,,,,,,,0.0,0.0,0.0,0.0,0
83.4,26.7921,-30.4583,327.1266,0.0002,0.0002,327.1266,,,,,,,,,,,,0.0,0.0,0.0,0.0,0
83.42,26.7921,-30.4583,327.1266,0.0002,0.0002,327.1266,,,,,,,,,,,,0.0,0.0,0.0,0.0,0
83.44,26.7921,-30.4583,327.1266,0.0002,0.0002,327.1266,,,,,,,,,,,,0.0,0.0,0.0,0.0,0
83.46,26.7921,-30.4583,327.1266,0.0002,0.0002,327.1266,,,,,,,,,,,,0.0,0.0,0.0,0.0,0
83.48,26.7921,-30.4583,327.1266,0.0002,0.0002,327.1266,,,,,,,,,,,,0.0,0.0,0.0,0.0,0
83.5,26.7921,-30.4583,327.1266,0.0002,0.0002,327.1266,,,,,,,,,,,,0.0,0.0,0.0,0.0,0
83.52,26.7921,-30.4583,327.1266,0.0002,0.0002,327.1266,,,,,,,,,,,,0.0,0.0,0.0,0.0,0
83.54,26.7921,-30.4583,327.1266,0.0002,0.0002,327.1266,,,,,,,,,,,,0.0,0.0,0.0,0.0,0
83.56,26.7921,-30.4583,327.1266,0.0002,0.0002,327.1266,,,,,,,,,,,,0.0,0.0,0.0,0.0,0
83.58,26.7921,-30.4583,327.1266,0.0002,0.0002,327.1266,,,,,,,,,,,,0.0,0.0,0.0,0.0,0
83.6,26.7921,-30.4583,327.1266,0.0002,0.0002,327.1266,,,,,,,,,,,,0.0,0.0,0.0,0.0,0
83.62,26.7921,-30.4583,327.1266,0.0002,0.0002,327.1266,,,,,,,,,,,,0.0,0.0,0.0,0.0,0
83.64,26.7921,-30.4583,327.1266,0.0002,0.0002,327.1266,,,,,,,,,,,,0.0,0.0,0.0,0.0,0
83.66,26.7921,-30.4583,327.1266,0.0002,0.0002,327.1266,,,,,,,,,,,,0.0,0.0,0.0,0.0,0
83.68,26.7921,-30.4583,327.1266,0.0002,0.0002,327.1266,,,,,,,,,,,,0.0,0.0,0.0,0.0,0
83.7,26.7921,-30.4583,327.1266,0.0002,0.0002,327.1266,,,,,,,,,,,,0.0,0.0,0.0,0.0,0
83.72,26.7921,-30.4583,327.1266,0.0002,0.0002,327.1266,,,,,,,,,,,,0.0,0.0,0.0,0.0,0
83.74,26.7921,-30.4583,327.1266,0.0002,0.0002,327.1266,,,,,,,,,,,,0.0,0.0,0.0,0.0,0
83.76,26.7921,-30.4583,327.1266,0.0002,0.0002,327.1266,,,,,,,,,,,,0.0,0.0,0.0,0.0,0
83.78,26.7921,-30.4583,327.1266,0.0002,0.0002,327.1266,,,,,,,,,,,,0.0,0.0,0.0,0.0,0
83.8,26.7921,-30.4583,327.1266,0.0002,0.0002,327.1266,,,,,,,,,,,,0.0,0.0,0.0,0.0,0
83.82,26.7921,-30.4583,327.1266,0.0002,0.0002,327.1266,,,,,,,,,,,,0.0,0.0,0.0,0.0,0
83.84,26.7921,-30.4583,327.1266,0.0002,0.0002,327.1266,,,,,,,,,,,,0.0,0.0,0.0,0.0,0
83.86,26.7921,-30.4583,327.1266,0.0002,0.0002,327.1266,,,,,,,,,,,,0.0,0.0,0.0,0.0,0
83.88,26.7921,-30.4583,327.1266,0.0002,0.0002,327.1266,,,,,,,,,,,,0.0,0.0,0.0,0.0,0
83.9,26.7921,-30.4583,327.1266,0.0002,0.0002,327.1266,,,,,,,,,,,,0.0,0.0,0.0,0.0,0
83.92,26.7921,-30.4583,327.1266,0.0002,0.0002,327.1266,,,,,,,,,,,,0.0,0.0,0.0,0.0,0
83.94,26.7921,-30.4583,327.1266,0.0002,0.0002,327.1266,,,,,,,,,,,,0.0,0.0,0.0,0.0,0
83.96,26.7921,-30.4583,327.1266,0.0002,0.0002,327.1266,,,,,,,,,,,,0.0,0.0,0.0,0.0,0
83.98,26.7921,-30.4583,327.1266,0.0002,0.0002,327.1266,,,,,,,,,,,,0.0,0.0,0.0,0.0,0
84.0,26.7921,-30.4583,327.1266,0.0002,0.0002,327.1266,,,,,,,,,,,,0.0,0.0,0.0,0.0,0
84.02,26.7921,-30.4583,327.1266,0.0002,0.0002,327.1266,,,,,,,,,,,,0.0,0.0,0.0,0.0,0
84.04,26.7921,-30.4583,327.1266,0.0002,0.0002,327.1266,,,,,,,,,,,,0.0,0.0,0.0,0.0,0
84.06,26.7921,-30.4583,327.1266,0.0002,0.0002,327.1266,,,,,,,,,,,,0.0,0.0,0.0,0.0,0
84.08,26.7921,-30.4583,327.1266,0.0002,0.0002,327.1266,,,,,,,,,,,,0.0,0.0,0.0,0.0,0
84.1,26.7921,-30.4583,327.1266,0.0002,0.0002,327.1266,,,,,,,,,,,,0.0,0.0,0.0,0.0,0
84.12,26.7921,-30.4583,327.1266,0.0002,0.0002,327.1266,,,,,,,,,,,,0.0,0.0,0.0,0.0,0
84.14,26.7921,-30.4583,327.1266,0.0002,0.0002,327.1266,,,,,,,,,,,,0.0,0.0,0.0,0.0,0
84.16,26.7921,-30.4583,327.1266,0.0002,0.0002,327.1266,,,,,,,,,,,,0.0,0.0,0.0,0.0,0
84.18,26.7921,-30.4583,327.1266,0.0002,0.0002,327.1266,,,,,,,,,,,,0.0,0.0,0.0,0.0,0
84.2,26.7921,-30.4583,327.1266,0.0002,0.0002,327.1266,,,,,,,,,,,,0.0,0.0,0.0,0.0,0
84.22,26.7921,-30.4583,327.1266,0.0002,0.0002,327.1266,,,,,,,,,,,,0.0,0.0,0.0,0.0,0
84.24,26.7921,-30.4583,327.1266,0.0002,0.0002,327.1266,,,,,,,,,,,,0.0,0.0,0.0,0.0,0
84.26,26.7921,-30.4583,327.1266,0.0002,0.0002,327.1266,,,,,,,,,,,,0.0,0.0,0.0,0.0,0
84.28,26.7921,-30.4583,327.1266,0.0002,0.0002,327.1266,,,,,,,,,,,,0.0,0.0,0.0,0.0,0
84.3,26.7921,-30.4583,327.1266,0.0002,0.0002,327.1266,,,,,,,,,,,,0.0,0.0,0.0,0.0,0
84.32,26.7921,-30.4583,327.1266,0.0002,0.0002,327.1266,,,,,,,,,,,,0.0,0.0,0.0,0.0,0
84.34,26.7921,-30.4583,327.1266,0.0002,0.0002,327.1266,,,,,,,,,,,,0.0,0.0,0.0,0.0,0
84.36,26.7921,-30.4583,327.1266,0.0002,0.0002,327.1266,,,,,,,,,,,,0.0,0.0,0.0,0.0,0
84.38,26.7921,-30.4583,327.1266,0.0002,0.0002,327.1266,,,,,,,,,,,,0.0,0.0,0.0,0.0,0
84.4,26.7921,-30.4583,327.1266,0.0002,0.0002,327.1266,,,,,,,,,,,,0.0,0.0,0.0,0.0,0
84.42,26.7921,-30.4583,327.1266,0.0002,0.0002,327.1266,,,,,,,,,,,,0.0,0.0,0.0,0.0,0
84.44,26.7921,-30.4583,327.1266,0.0002,0.0002,327.1266,,,,,,,,,,,,0.0,0.0,0.0,0.0,0
84.46,26.7921,-30.4583,327.1266,0.0002,0.0002,327.1266,,,,,,,,,,,,0.0,0.0,0.0,0.0,0
84.48,26.7921,-30.4583,327.1266,0.0002,0.0002,327.1266,,,,,,,,,,,,0.0,0.0,0.0,0.0,0
84.5,26.7921,-30.4583,327.1266,0.0002,0.0002,327.1266,,,,,,,,,,,,0.0,0.0,0.0,0.0,0
84.52,26.7921,-30.4583,327.1266,0.0002,0.0002,327.1266,,,,,,,,,,,,0.0,0.0,0.0,0.0,0
84.54,26.7921,-30.4583,327.1266,0.0002,0.0002,327.1266,,,,,,,,,,,,0.0,0.0,0.0,0.0,0
84.56,26.7921,-30.4583,327.1266,0.0002,0.0002,327.1266,,,,,,,,,,,,0.0,0.0,0.0,0.0,0
84.58,26.7921,-30.4583,327.1266,0.0002,0.0002,327.1266,,,,,,,,,,,,0.0,0.0,0.0,0.0,0
84.6,26.7921,-30.4583,327.1266,0.0002,0.0002,327.1266,,,,,,,,,,,,0.0,0.0,0.0,0.0,0
84.62,26.7921,-30.4583,327.1266,0.0002,0.0002,327.1266,,,,,,,,,,,,0.0,0.0,0.0,0.0,0
84.64,26.7921,-30.4583,327.1266,0.0002,0.0002,327.1266,,,,,,,,,,,,0.0,0.0,0.0,0.0,0
84.66,26.7921,-30.4583,327.1266,0.0002,0.0002,327.1266,,,,,,,,,,,,0.0,0.0,0.0,0.0,0
84.68,26.7921,-30.4583,327.1266,0.0002,0.0002,327.1266,,,,,,,,,,,,0.0,0.0,0.0,0.0,0
84.7,26.7921,-30.4583,327.1266,0.0002,0.0002,327.1266,,,,,,,,,,,,0.0,0.0,0.0,0.0,0
84.72,26.7921,-30.4583,327.1266,0.0002,0.0002,327.1266,,,,,,,,,,,,0.0,0.0,0.0,0.0,0
84.74,26.7921,-30.4583,327.1266,0.0002,0.0002,327.1266,,,,,,,,,,,,0.0,0.0,0.0,0.0,0
84.76,26.7921,-30.4583,327.1266,0.0002,0.0002,327.1266,,,,,,,,,,,,0.0,0.0,0.0,0.0,0
84.78,26.7921,-30.4583,327.1266,0.0002,0.0002,327.1266,,,,,,,,,,,,0.0,0.0,0.0,0.0,0
84.8,26.7921,-30.4583,327.1266,0.0002,0.0002,327.1266,,,,,,,,,,,,0.0,0.0,0.0,0.0,0
84.82,26.7921,-30.4583,327.1266,0.0002,0.0002,327.1266,,,,,,,,,,,,0.0,0.0,0.0,0.0,0
84.84,26.7921,-30.4583,327.1266,0.0002,0.0002,327.1266,,,,,,,,,,,,0.0,0.0,0.0,0.0,0
84.86,26.7921,-30.4583,327.1266,0.0002,0.0002,327.1266,,,,,,,,,,,,0.0,0.0,0.0,0.0,0
84.88,26.7921,-30.4583,327.1266,0.0002,0.0002,327.1266,,,,,,,,,,,,0.0,0.0,0.0,0.0,0
84.9,26.7921,-30.4583,327.1266,0.0002,0.0002,327.1266,,,,,,,,,,,,0.0,0.0,0.0,0.0,0
84.92,26.7921,-30.4583,327.1266,0.0002,0.0002,327.1266,,,,,,,,,,,,0.0,0.0,0.0,0.0,0
84.94,26.7921,-30.4583,327.1266,0.0002,0.0002,327.1266,,,,,,,,,,,,0.0,0.0,0.0,0.0,0
84.96,26.7921,-30.4583,327.1266,0.0002,0.0002,327.1266,,,,,,,,,,,,0.0,0.0,0.0,0.0,0
84.98,26.7921,-30.4583,327.1266,0.0002,0.0002,327.1266,,,,,,,,,,,,0.0,0.0,0.0,0.0,0
85.0,26.7921,-30.4583,327.1266,0.0002,0.0002,327.1266,,,,,,,,,,,,0.0,0.0,0.0,0.0,0
85.02,26.7921,-30.4583,327.1266,0.0002,0.0002,327.1266,,,,,,,,,,,,0.0,0.0,0.0,0.0,0
85.04,26.7921,-30.4583,327.1266,0.0002,0.0002,327.1266,,,,,,,,,,,,0.0,0.0,0.0,0.0,0
85.06,26.7921,-30.4583,327.1266,0.0002,0.0002,327.1266,,,,,,,,,,,,0.0,0.0,0.0,0.0,0
85.08,26.7921,-30.4583,327.1266,0.0002,0.0002,327.1266,,,,,,,,,,,,0.0,0.0,0.0,0.0,0
85.1,26.7921,-30.4583,327.1266,0.0002,0.0002,327.1266,,,,,,,,,,,,0.0,0.0,0.0,0.0,0
85.12,26.7921,-30.4583,327.1266,0.0002,0.0002,327.1266,,,,,,,,,,,,0.0,0.0,0.0,0.0,0
85.14,26.7921,-30.4583,327.1266,0.0002,0.0002,327.1266,,,,,,,,,,,,0.0,0.0,0.0,0.0,0
85.16,26.7921,-30.4583,327.1266,0.0002,0.0002,327.1266,,,,,,,,,,,,0.0,0.0,0.0,0.0,0
85.18,26.7921,-30.4583,327.1266,0.0002,0.0002,327.1266,,,,,,,,,,,,0.0,0.0,0.0,0.0,0
85.2,26.7921,-30.4583,327.1266,0.0002,0.0002,327.1266,,,,,,,,,,,,0.0,0.0,0.0,0.0,0
85.22,26.7921,-30.4583,327.1266,0.0002,0.0002,327.1266,,,,,,,,,,,,0.0,0.0,0.0,0.0,0
85.24,26.7921,-30.4583,327.1266,0.0002,0.0002,327.1266,,,,,,,,,,,,0.0,0.0,0.0,0.0,0
85.26,26.7921,-30.4583,327.1266,0.0002,0.0002,327.1266,,,,,,,,,,,,0.0,0.0,0.0,0.0,0
85.28,26.7921,-30.4583,327.1266,0.0002,0.0002,327.1266,,,,,,,,,,,,0.0,0.0,0.0,0.0,0
85.3,26.7921,-30.4583,327.1266,0.0002,0.0002,327.1266,,,,,,,,,,,,0.0,0.0,0.0,0.0,0
85.32,26.7921,-30.4583,327.1266,0.0002,0.0002,327.1266,,,,,,,,,,,,0.0,0.0,0.0,0.0,0
85.34,26.7921,-30.4583,327.1266,0.0002,0.0002,327.1266,,,,,,,,,,,,0.0,0.0,0.0,0.0,0
85.36,26.7921,-30.4583,327.1266,0.0002,0.0002,327.1266,,,,,,,,,,,,0.0,0.0,0.0,0.0,0
85.38,26.7921,-30.4583,327.1266,0.0002,0.0002,327.1266,,,,,,,,,,,,0.0,0.0,0.0,0.0,0
85.4,26.7921,-30.4583,327.1266,0.0002,0.0002,327.1266,,,,,,,,,,,,0.0,0.0,0.0,0.0,0
85.42,26.7921,-30.4583,327.1266,0.0002,0.0002,327.1266,,,,,,,,,,,,0.0,0.0,0.0,0.0,0
85.44,26.7921,-30.4583,327.1266,0.0002,0.0002,327.1266,,,,,,,,,,,,0.0,0.0,0.0,0.0,0
85.46,26.7921,-30.4583,327.1266,0.0002,0.0002,327.1266,,,,,,,,,,,,0.0,0.0,0.0,0.0,0
85.48,26.7921,-30.4583,327.1266,0.0002,0.0002,327.1266,,,,,,,,,,,,0.0,0.0,0.0,0.0,0
85.5,26.7921,-30.4583,327.1266,0.0002,0.0002,327.1266,,,,,,,,,,,,0.0,0.0,0.0,0.0,0
85.52,26.7921,-30.4583,327.1266,0.0002,0.0002,327.1266,,,,,,,,,,,,0.0,0.0,0.0,0.0,0
85.54,26.7921,-30.4583,327.1266,0.0002,0.0002,327.1266,,,,,,,,,,,,0.0,0.0,0.0,0.0,0
85.56,26.7921,-30.4583,327.1266,0.0002,0.0002,327.1266,,,,,,,,,,,,0.0,0.0,0.0,0.0,0
85.58,26.7921,-30.4583,327.1266,0.0002,0.0002,327.1266,,,,,,,,,,,,0.0,0.0,0.0,0.0,0
85.6,26.7921,-30.4583,327.1266,0.0002,0.0002,327.1266,,,,,,,,,,,,0.0,0.0,0.0,0.0,0
85.62,26.7921,-30.4583,327.1266,0.0002,0.0002,327.1266,,,,,,,,,,,,0.0,0.0,0.0,0.0,0
85.64,26.7921,-30.4583,327.1266,0.0002,0.0002,327.1266,,,,,,,,,,,,0.0,0.0,0.0,0.0,0
85.66,26.7921,-30.4583,327.1266,0.0002,0.0002,327.1266,,,,,,,,,,,,0.0,0.0,0.0,0.0,0
85.68,26.7921,-30.4583,327.1266,0.0002,0.0002,327.1266,,,,,,,,,,,,0.0,0.0,0.0,0.0,0
85.7,26.7921,-30.4583,327.1266,0.0002,0.0002,327.1266,,,,,,,,,,,,0.0,0.0,0.0,0.0,0
85.72,26.7921,-30.4583,327.1266,0.0002,0.0002,327.1266,,,,,,,,,,,,0.0,0.0,0.0,0.0,0
85.74,26.7921,-30.4583,327.1266,0.0002,0.0002,327.1266,,,,,,,,,,,,0.0,0.0,0.0,0.0,0
85.76,26.7921,-30.4583,327.1266,0.0002,0.0002,327.1266,,,,,,,,,,,,0.0,0.0,0.0,0.0,0
85.78,26.7921,-30.4583,327.1266,0.0002,0.0002,327.1266,,,,,,,,,,,,0.0,0.0,0.0,0.0,0
85.8,26.7921,-30.4583,327.1266,0.0002,0.0002,327.1266,,,,,,,,,,,,0.0,0.0,0.0,0.0,0
85.82,26.7921,-30.4583,327.1266,0.0002,0.0002,327.1266,,,,,,,,,,,,0.0,0.0,0.0,0.0,0
85.84,26.7921,-30.4583,327.1266,0.0002,0.0002,327.1266,,,,,,,,,,,,0.0,0.0,0.0,0.0,0
85.86,26.7921,-30.4583,327.1266,0.0002,0.0002,327.1266,,,,,,,,,,,,0.0,0.0,0.0,0.0,0
85.88,26.7921,-30.4583,327.1266,0.0002,0.0002,327.1266,,,,,,,,,,,,0.0,0.0,0.0,0.0,0
85.9,26.7921,-30.4583,327.1266,0.0002,0.0002,327.1266,,,,,,,,,,,,0.0,0.0,0.0,0.0,0
85.92,26.7921,-30.4583,327.1266,0.0002,0.0002,327.1266,,,,,,,,,,,,0.0,0.0,0.0,0.0,0
85.94,26.7921,-30.4583,327.1266,0.0002,0.0002,327.1266,,,,,,,,,,,,0.0,0.0,0.0,0.0,0
85.96,26.7921,-30.4583,327.1266,0.0002,0.0002,327.1266,,,,,,,,,,,,0.0,0.0,0.0,0.0,0
85.98,26.7921,-30.4583,327.1266,0.0002,0.0002,327.1266,,,,,,,,,,,,0.0,0.0,0.0,0.0,0
86.0,26.7921,-30.4583,327.1266,0.0002,0.0002,327.1266,,,,,,,,,,,,0.0,0.0,0.0,0.0,0
86.02,26.7921,-30.4583,327.1266,0.0002,0.0002,327.1266,,,,,,,,,,,,0.0,0.0,0.0,0.0,0
86.04,26.7921,-30.4583,327.1266,0.0002,0.0002,327.1266,,,,,,,,,,,,0.0,0.0,0.0,0.0,0
86.06,26.7921,-30.4583,327.1266,0.0002,0.0002,327.1266,,,,,,,,,,,,0.0,0.0,0.0,0.0,0
86.08,26.7921,-30.4583,327.1266,0.0002,0.0002,327.1266,,,,,,,,,,,,0.0,0.0,0.0,0.0,0
86.1,26.7921,-30.4583,327.1266,0.0002,0.0002,327.1266,,,,,,,,,,,,0.0,0.0,0.0,0.0,0
86.12,26.7921,-30.4583,327.1266,0.0002,0.0002,327.1266,,,,,,,,,,,,0.0,0.0,0.0,0.0,0
86.14,26.7921,-30.4583,327.1266,0.0002,0.0002,327.1266,,,,,,,,,,,,0.0,0.0,0.0,0.0,0
86.16,26.7921,-30.4583,327.1266,0.0002,0.0002,327.1266,,,,,,,,,,,,0.0,0.0,0.0,0.0,0
86.18,26.7921,-30.4583,327.1266,0.0002,0.0002,327.1266,,,,,,,,,,,,0.0,0.0,0.0,0.0,0
86.2,26.7921,-30.4583,327.1266,0.0002,0.0002,327.1266,,,,,,,,,,,,0.0,0.0,0.0,0.0,0
86.22,26.7921,-30.4583,327.1266,0.0002,0.0002,327.1266,,,,,,,,,,,,0.0,0.0,0.0,0.0,0
86.24,26.7921,-30.4583,327.1266,0.0002,0.0002,327.1266,,,,,,,,,,,,0.0,0.0,0.0,0.0,0
86.26,26.7921,-30.4583,327.1266,0.0002,0.0002,327.1266,,,,,,,,,,,,0.0,0.0,0.0,0.0,0
86.28,26.7921,-30.4583,327.1266,0.0002,0.0002,327.1266,,,,,,,,,,,,0.0,0.0,0.0,0.0,0
86.3,26.7921,-30.4583,327.1266,0.0002,0.0002,327.1266,,,,,,,,,,,,0.0,0.0,0.0,0.0,0
86.32,26.7921,-30.4583,327.1266,0.0002,0.0002,327.1266,,,,,,,,,,,,0.0,0.0,0.0,0.0,0
86.34,26.7921,-30.4583,327.1266,0.0002,0.0002,327.1266,,,,,,,,,,,,0.0,0.0,0.0,0.0,0
86.36,26.7921,-30.4583,327.1266,0.0002,0.0002,327.1266,,,,,,,,,,,,0.0,0.0,0.0,0.0,0
86.38,26.7921,-30.4583,327.1266,0.0002,0.0002,327.1266,,,,,,,,,,,,0.0,0.0,0.0,0.0,0
86.4,26.7921,-30.4583,327.1266,0.0002,0.0002,327.1266,,,,,,,,,,,,0.0,0.0,0.0,0.0,0
86.42,26.7921,-30.4583,327.1266,0.0002,0.0002,327.1266,,,,,,,,,,,,0.0,0.0,0.0,0.0,0
86.44,26.7921,-30.4583,327.1266,0.0002,0.0002,327.1266,,,,,,,,,,,,0.0,0.0,0.0,0.0,0
86.46,26.7921,-30.4583,327.1266,0.0002,0.0002,327.1266,,,,,,,,,,,,0.0,0.0,0.0,0.0,0
86.48,26.7921,-30.4583,327.1266,0.0002,0.0002,327.1266,,,,,,,,,,,,0.0,0.0,0.0,0.0,0
86.5,26.7921,-30.4583,327.1266,0.0002,0.0002,327.1266,,,,,,,,,,,,0.0,0.0,0.0,0.0,0
86.52,26.7921,-30.4583,327.1266,0.0002,0.0002,327.1266,,,,,,,,,,,,0.0,0.0,0.0,0.0,0
86.54,26.7921,-30.4583,327.1266,0.0002,0.0002,327.1266,,,,,,,,,,,,0.0,0.0,0.0,0.0,0
86.56,26.7921,-30.4583,327.1266,0.0002,0.0002,327.1266,,,,,,,,,,,,0.0,0.0,0.0,0.0,0
86.58,26.7921,-30.4583,327.1266,0.0002,0.0002,327.1266,,,,,,,,,,,,0.0,0.0,0.0,0.0,0
86.6,26.7921,-30.4583,327.1266,0.0002,0.0002,327.1266,,,,,,,,,,,,0.0,0.0,0.0,0.0,0
86.62,26.7921,-30.4583,327.1266,0.0002,0.0002,327.1266,,,,,,,,,,,,0.0,0.0,0.0,0.0,0
86.64,26.7921,-30.4583,327.1266,0.0002,0.0002,327.1266,,,,,,,,,,,,0.0,0.0,0.0,0.0,0
86.66,26.7921,-30.4583,327.1266,0.0002,0.0002,327.1266,,,,,,,,,,,,0.0,0.0,0.0,0.0,0
86.68,26.7921,-30.4583,327.1266,0.0002,0.0002,327.1266,,,,,,,,,,,,0.0,0.0,0.0,0.0,0
86.7,26.7921,-30.4583,327.1266,0.0002,0.0002,327.1266,,,,,,,,,,,,0.0,0.0,0.0,0.0,0
86.72,26.7921,-30.4583,327.1266,0.0002,0.0002,327.1266,,,,,,,,,,,,0.0,0.0,0.0,0.0,0
86.74,26.7921,-30.4583,327.1266,0.0002,0.0002,327.1266,,,,,,,,,,,,0.0,0.0,0.0,0.0,0
86.76,26.7921,-30.4583,327.1266,0.0002,0.0002,327.1266,,,,,,,,,,,,0.0,0.0,0.0,0.0,0
86.78,26.7921,-30.4583,327.1266,0.0002,0.0002,327.1266,,,,,,,,,,,,0.0,0.0,0.0,0.0,0
86.8,26.7921,-30.4583,327.1266,0.0002,0.0002,327.1266,,,,,,,,,,,,0.0,0.0,0.0,0.0,0
86.82,26.7921,-30.4583,327.1266,0.0002,0.0002,327.1266,,,,,,,,,,,,0.0,0.0,0.0,0.0,0
86.84,26.7921,-30.4583,327.1266,0.0002,0.0002,327.1266,,,,,,,,,,,,0.0,0.0,0.0,0.0,0
86.86,26.7921,-30.4583,327.1266,0.0002,0.0002,327.1266,,,,,,,,,,,,0.0,0.0,0.0,0.0,0
86.88,26.7921,-30.4583,327.1266,0.0002,0.0002,327.1266,,,,,,,,,,,,0.0,0.0,0.0,0.0,0
86.9,26.7921,-30.4583,327.1266,0.0002,0.0002,327.1266,,,,,,,,,,,,0.0,0.0,0.0,0.0,0
86.92,26.7921,-30.4583,327.1266,0.0002,0.0002,327.1266,,,,,,,,,,,,0.0,0.0,0.0,0.0,0
86.94,26.7921,-30.4583,327.1266,0.0002,0.0002,327.1266,,,,,,,,,,,,0.0,0.0,0.0,0.0,0
86.96,26.7921,-30.4583,327.1266,0.0002,0.0002,327.1266,,,,,,,,,,,,0.0,0.0,0.0,0.0,0
86.98,26.7921,-30.4583,327.1266,0.0002,0.0002,327.1266,,,,,,,,,,,,0.0,0.0,0.0,0.0,0
87.0,26.7921,-30.4583,327.1266,0.0002,0.0002,327.1266,,,,,,,,,,,,0.0,0.0,0.0,0.0,0
87.02,26.7921,-30.4583,327.1266,0.0002,0.0002,327.1266,,,,,,,,,,,,0.0,0.0,0.0,0.0,0
87.04,26.7921,-30.4583,327.1266,0.0002,0.0002,327.1266,,,,,,,,,,,,0.0,0.0,0.0,0.0,0
87.06,26.7921,-30.4583,327.1266,0.0002,0.0002,327.1266,,,,,,,,,,,,0.0,0.0,0.0,0.0,0
87.08,26.7921,-30.4583,327.1266,0.0002,0.0002,327.1266,,,,,,,,,,,,0.0,0.0,0.0,0.0,0
87.1,26.7921,-30.4583,327.1266,0.0002,0.0002,327.1266,,,,,,,,,,,,0.0,0.0,0.0,0.0,0
87.12,26.7921,-30.4583,327.1266,0.0002,0.0002,327.1266,,,,,,,,,,,,0.0,0.0,0.0,0.0,0
87.14,26.7921,-30.4583,327.1266,0.0002,0.0002,327.1266,,,,,,,,,,,,0.0,0.0,0.0,0.0,0
87.16,26.7921,-30.4583,327.1266,0.0002,0.0002,327.1266,,,,,,,,,,,,0.0,0.0,0.0,0.0,0
87.18,26.7921,-30.4583,327.1266,0.0002,0.0002,327.1266,,,,,,,,,,,,0.0,0.0,0.0,0.0,0
87.2,26.7921,-30.4583,327.1266,0.0002,0.0002,327.1266,,,,,,,,,,,,0.0,0.0,0.0,0.0,0
87.22,26.7921,-30.4583,327.1266,0.0002,0.0002,327.1266,,,,,,,,,,,,0.0,0.0,0.0,0.0,0
87.24,26.7921,-30.4583,327.1266,0.0002,0.0002,327.1266,,,,,,,,,,,,0.0,0.0,0.0,0.0,0
87.26,26.7921,-30.4583,327.1266,0.0002,0.0002,327.1266,,,,,,,,,,,,0.0,0.0,0.0,0.0,0
87.28,26.7921,-30.4583,327.1266,0.0002,0.0002,327.1266,,,,,,,,,,,,0.0,0.0,0.0,0.0,0
87.3,26.7921,-30.4583,327.1266,0.0002,0.0002,327.1266,,,,,,,,,,,,0.0,0.0,0.0,0.0,0
87.32,26.7921,-30.4583,327.1266,0.0002,0.0002,327.1266,,,,,,,,,,,,0.0,0.0,0.0,0.0,0
87.34,26.7921,-30.4583,327.1266,0.0002,0.0002,327.1266,,,,,,,,,,,,0.0,0.0,0.0,0.0,0
87.36,26.7921,-30.4583,327.1266,0.0002,0.0002,327.1266,,,,,,,,,,,,0.0,0.0,0.0,0.0,0
87.38,26.7921,-30.4583,327.1266,0.0002,0.0002,327.1266,,,,,,,,,,,,0.0,0.0,0.0,0.0,0
87.4,26.7921,-30.4583,327.1266,0.0002,0.0002,327.1266,,,,,,,,,,,,0.0,0.0,0.0,0.0,0
87.42,26.7921,-30.4583,327.1266,0.0002,0.0002,327.1266,,,,,,,,,,,,0.0,0.0,0.0,0.0,0
87.44,26.7921,-30.4583,327.1266,0.0002,0.0002,327.1266,,,,,,,,,,,,0.0,0.0,0.0,0.0,0
87.46,26.7921,-30.4583,327.1266,0.0002,0.0002,327.1266,,,,,,,,,,,,0.0,0.0,0.0,0.0,0
87.48,26.7921,-30.4583,327.1266,0.0002,0.0002,327.1266,,,,,,,,,,,,0.0,0.0,0.0,0.0,0
87.5,26.7921,-30.4583,327.1266,0.0002,0.0002,327.1266,,,,,,,,,,,,0.0,0.0,0.0,0.0,0
87.52,26.7921,-30.4583,327.1266,0.0002,0.0002,327.1266,,,,,,,,,,,,0.0,0.0,0.0,0.0,0
87.54,26.7921,-30.4583,327.1266,0.0002,0.0002,327.1266,,,,,,,,,,,,0.0,0.0,0.0,0.0,0
87.56,26.7921,-30.4583,327.1266,0.0002,0.0002,327.1266,,,,,,,,,,,,0.0,0.0,0.0,0.0,0
87.58,26.7921,-30.4583,327.1266,0.0002,0.0002,327.1266,,,,,,,,,,,,0.0,0.0,0.0,0.0,0
87.6,26.7921,-30.4583,327.1266,0.0002,0.0002,327.1266,,,,,,,,,,,,0.0,0.0,0.0,0.0,0
87.62,26.7921,-30.4583,327.1266,0.0002,0.0002,327.1266,,,,,,,,,,,,0.0,0.0,0.0,0.0,0
87.64,26.7921,-30.4583,327.1266,0.0002,0.0002,327.1266,,,,,,,,,,,,0.0,0.0,0.0,0.0,0
87.66,26.7921,-30.4583,327.1266,0.0002,0.0002,327.1266,,,,,,,,,,,,0.0,0.0,0.0,0.0,0
87.68,26.7921,-30.4583,327.1266,0.0002,0.0002,327.1266,,,,,,,,,,,,0.0,0.0,0.0,0.0,0
87.7,26.7921,-30.4583,327.1266,0.0002,0.0002,327.1266,,,,,,,,,,,,0.0,0.0,0.0,0.0,0
87.72,26.7921,-30.4583,327.1266,0.0002,0.0002,327.1266,,,,,,,,,,,,0.0,0.0,0.0,0.0,0
87.74,26.7921,-30.4583,327.1266,0.0002,0.0002,327.1266,,,,,,,,,,,,0.0,0.0,0.0,0.0,0
87.76,26.7921,-30.4583,327.1266,0.0002,0.0002,327.1266,,,,,,,,,,,,0.0,0.0,0.0,0.0,0
87.78,26.7921,-30.4583,327.1266,0.0002,0.0002,327.1266,,,,,,,,,,,,0.0,0.0,0.0,0.0,0
87.8,26.7921,-30.4583,327.1266,0.0002,0.0002,327.1266,,,,,,,,,,,,0.0,0.0,0.0,0.0,0
87.82,26.7921,-30.4583,327.1266,0.0002,0.0002,327.1266,,,,,,,,,,,,0.0,0.0,0.0,0.0,0
87.84,26.7921,-30.4583,327.1266,0.0002,0.0002,327.1266,,,,,,,,,,,,0.0,0.0,0.0,0.0,0
87.86,26.7921,-30.4583,327.1266,0.0002,0.0002,327.1266,,,,,,,,,,,,0.0,0.0,0.0,0.0,0
87.88,26.7921,-30.4583,327.1266,0.0002,0.0002,327.1266,,,,,,,,,,,,0.0,0.0,0.0,0.0,0
87.9,26.7921,-30.4583,327.1266,0.0002,0.0002,327.1266,,,,,,,,,,,,0.0,0.0,0.0,0.0,0
87.92,26.7921,-30.4583,327.1266,0.0002,0.0002,327.1266,,,,,,,,,,,,0.0,0.0,0.0,0.0,0
87.94,26.7921,-30.4583,327.1266,0.0002,0.0002,327.1266,,,,,,,,,,,,0.0,0.0,0.0,0.0,0
87.96,26.7921,-30.4583,327.1266,0.0002,0.0002,327.1266,,,,,,,,,,,,0.0,0.0,0.0,0.0,0
87.98,26.7921,-30.4583,327.1266,0.0002,0.0002,327.1266,,,,,,,,,,,,0.0,0.0,0.0,0.0,0
88.0,26.7921,-30.4583,327.1266,0.0002,0.0002,327.1266,,,,,,,,,,,,0.0,0.0,0.0,0.0,0
88.02,26.7921,-30.4583,327.1266,0.0002,0.0002,327.1266,,,,,,,,,,,,0.0,0.0,0.0,0.0,0
88.04,26.7921,-30.4583,327.1266,0.0002,0.0002,327.1266,,,,,,,,,,,,0.0,0.0,0.0,0.0,0
88.06,26.7921,-30.4583,327.1266,0.0002,0.0002,327.1266,,,,,,,,,,,,0.0,0.0,0.0,0.0,0
88.08,26.7921,-30.4583,327.1266,0.0002,0.0002,327.1266,,,,,,,,,,,,0.0,0.0,0.0,0.0,0
88.1,26.7921,-30.4583,327.1266,0.0002,0.0002,327.1266,,,,,,,,,,,,0.0,0.0,0.0,0.0,0
88.12,26.7921,-30.4583,327.1266,0.0002,0.0002,327.1266,,,,,,,,,,,,0.0,0.0,0.0,0.0,0
88.14,26.7921,-30.4583,327.1266,0.0002,0.0002,327.1266,,,,,,,,,,,,0.0,0.0,0.0,0.0,0
88.16,26.7921,-30.4583,327.1266,0.0002,0.0002,327.1266,,,,,,,,,,,,0.0,0.0,0.0,0.0,0
88.18,26.7921,-30.4583,327.1266,0.0002,0.0002,327.1266,,,,,,,,,,,,0.0,0.0,0.0,0.0,0
88.2,26.7921,-30.4583,327.1266,0.0002,0.0002,327.1266,,,,,,,,,,,,0.0,0.0,0.0,0.0,0
88.22,26.7921,-30.4583,327.1266,0.0002,0.0002,327.1266,,,,,,,,,,,,0.0,0.0,0.0,0.0,0
88.24,26.7921,-30.4583,327.1266,0.0002,0.0002,327.1266,,,,,,,,,,,,0.0,0.0,0.0,0.0,0
88.26,26.7921,-30.4583,327.1266,0.0002,0.0002,327.1266,,,,,,,,,,,,0.0,0.0,0.0,0.0,0
88.28,26.7921,-30.4583,327.1266,0.0002,0.0002,327.1266,,,,,,,,,,,,0.0,0.0,0.0,0.0,0
88.3,26.7921,-30.4583,327.1266,0.0002,0.0002,327.1266,,,,,,,,,,,,0.0,0.0,0.0,0.0,0
88.32,26.7921,-30.4583,327.1266,0.0002,0.0002,327.1266,,,,,,,,,,,,0.0,0.0,0.0,0.0,0
88.34,26.7921,-30.4583,327.1266,0.0002,0.0002,327.1266,,,,,,,,,,,,0.0,0.0,0.0,0.0,0
88.36,26.7921,-30.4583,327.1266,0.0002,0.0002,327.1266,,,,,,,,,,,,0.0,0.0,0.0,0.0,0
88.38,26.7921,-30.4583,327.1266,0.0002,0.0002,327.1266,,,,,,,,,,,,0.0,0.0,0.0,0.0,0
88.4,26.7921,-30.4583,327.1266,0.0002,0.0002,327.1266,,,,,,,,,,,,0.0,0.0,0.0,0.0,0
88.42,26.7921,-30.4583,327.1266,0.0002,0.0002,327.1266,,,,,,,,,,,,0.0,0.0,0.0,0.0,0
88.44,26.7921,-30.4583,327.1266,0.0002,0.0002,327.1266,,,,,,,,,,,,0.0,0.0,0.0,0.0,0
88.46,26.7921,-30.4583,327.1266,0.0002,0.0002,327.1266,,,,,,,,,,,,0.0,0.0,0.0,0.0,0
88.48,26.7921,-30.4583,327.1266,0.0002,0.0002,327.1266,,,,,,,,,,,,0.0,0.0,0.0,0.0,0
88.5,26.7921,-30.4583,327.1266,0.0002,0.0002,327.1266,,,,,,,,,,,,0.0,0.0,0.0,0.0,0
88.52,26.7921,-30.4583,327.1266,0.0002,0.0002,327.1266,,,,,,,,,,,,0.0,0.0,0.0,0.0,0
88.54,26.7921,-30.4583,327.1266,0.0002,0.0002,327.1266,,,,,,,,,,,,0.0,0.0,0.0,0.0,0
88.56,26.7921,-30.4583,327.1266,0.0002,0.0002,327.1266,,,,,,,,,,,,0.0,0.0,0.0,0.0,0
88.58,26.7921,-30.4583,327.1266,0.0002,0.0002,327.1266,,,,,,,,,,,,0.0,0.0,0.0,0.0,0
88.6,26.7921,-30.4583,327.1266,0.0002,0.0002,327.1266,,,,,,,,,,,,0.0,0.0,0.0,0.0,0
88.62,26.7921,-30.4583,327.1266,0.0002,0.0002,327.1266,,,,,,,,,,,,0.0,0.0,0.0,0.0,0
88.64,26.7921,-30.4583,327.1266,0.0002,0.0002,327.1266,,,,,,,,,,,,0.0,0.0,0.0,0.0,0
88.66,26.7921,-30.4583,327.1266,0.0002,0.0002,327.1266,,,,,,,,,,,,0.0,0.0,0.0,0.0,0
88.68,26.7921,-30.4583,327.1266,0.0002,0.0002,327.1266,,,,,,,,,,,,0.0,0.0,0.0,0.0,0
88.7,26.7921,-30.4583,327.1266,0.0002,0.0002,327.1266,,,,,,,,,,,,0.0,0.0,0.0,0.0,0
88.72,26.7921,-30.4583,327.1266,0.0002,0.0002,327.1266,,,,,,,,,,,,0.0,0.0,0.0,0.0,0
88.74,26.7921,-30.4583,327.1266,0.0002,0.0002,327.1266,,,,,,,,,,,,0.0,0.0,0.0,0.0,0
88.76,26.7921,-30.4583,327.1266,0.0002,0.0002,327.1266,,,,,,,,,,,,0.0,0.0,0.0,0.0,0
88.78,26.7921,-30.4583,327.1266,0.0002,0.0002,327.1266,,,,,,,,,,,,0.0,0.0,0.0,0.0,0
88.8,26.7921,-30.4583,327.1266,0.0002,0.0002,327.1266,,,,,,,,,,,,0.0,0.0,0.0,0.0,0
88.82,26.7921,-30.4583,327.1266,0.0002,0.0002,327.1266,,,,,,,,,,,,0.0,0.0,0.0,0.0,0
88.84,26.7921,-30.4583,327.1266,0.0002,0.0002,327.1266,,,,,,,,,,,,0.0,0.0,0.0,0.0,0
88.86,26.7921,-30.4583,327.1266,0.0002,0.0002,327.1266,,,,,,,,,,,,0.0,0.0,0.0,0.0,0
88.88,26.7921,-30.4583,327.1266,0.0002,0.0002,327.1266,,,,,,,,,,,,0.0,0.0,0.0,0.0,0
88.9,26.7921,-30.4583,327.1266,0.0002,0.0002,327.1266,,,,,,,,,,,,0.0,0.0,0.0,0.0,0
88.92,26.7921,-30.4583,327.1266,0.0002,0.0002,327.1266,,,,,,,,,,,,0.0,0.0,0.0,0.0,0
88.94,26.7921,-30.4583,327.1266,0.0002,0.0002,327.1266,,,,,,,,,,,,0.0,0.0,0.0,0.0,0
88.96,26.7921,-30.4583,327.1266,0.0002,0.0002,327.1266,,,,,,,,,,,,0.0,0.0,0.0,0.0,0
88.98,26.7921,-30.4583,327.1266,0.0002,0.0002,327.1266,,,,,,,,,,,,0.0,0.0,0.0,0.0,0
89.0,26.7921,-30.4583,327.1266,0.0002,0.0002,327.1266,,,,,,,,,,,,0.0,0.0,0.0,0.0,0
89.02,26.7921,-30.4583,327.1266,0.0002,0.0002,327.1266,,,,,,,,,,,,0.0,0.0,0.0,0.0,0
89.04,26.7921,-30.4583,327.1266,0.0002,0.0002,327.1266,,,,,,,,,,,,0.0,0.0,0.0,0.0,0
89.06,26.7921,-30.4583,327.1266,0.0002,0.0002,327.1266,,,,,,,,,,,,0.0,0.0,0.0,0.0,0
89.08,26.7921,-30.4583,327.1266,0.0002,0.0002,327.1266,,,,,,,,,,,,0.0,0.0,0.0,0.0,0
89.1,26.7921,-30.4583,327.1266,0.0002,0.0002,327.1266,,,,,,,,,,,,0.0,0.0,0.0,0.0,0
89.12,26.7921,-30.4583,327.1266,0.0002,0.0002,327.1266,,,,,,,,,,,,0.0,0.0,0.0,0.0,0
89.14,26.7921,-30.4583,327.1266,0.0002,0.0002,327.1266,,,,,,,,,,,,0.0,0.0,0.0,0.0,0
89.16,26.7921,-30.4583,327.1266,0.0002,0.0002,327.1266,,,,,,,,,,,,0.0,0.0,0.0,0.0,0
89.18,26.7921,-30.4583,327.1266,0.0002,0.0002,327.1266,,,,,,,,,,,,0.0,0.0,0.0,0.0,0
89.2,26.7921,-30.4583,327.1266,0.0002,0.0002,327.1266,,,,,,,,,,,,0.0,0.0,0.0,0.0,0
89.22,26.7921,-30.4583,327.1266,0.0002,0.0002,327.1266,,,,,,,,,,,,0.0,0.0,0.0,0.0,0
89.24,26.7921,-30.4583,327.1266,0.0002,0.0002,327.1266,,,,,,,,,,,,0.0,0.0,0.0,0.0,0
89.26,26.7921,-30.4583,327.1266,0.0002,0.0002,327.1266,,,,,,,,,,,,0.0,0.0,0.0,0.0,0
89.28,26.7921,-30.4583,327.1266,0.0002,0.0002,327.1266,,,,,,,,,,,,0.0,0.0,0.0,0.0,0
89.3,26.7921,-30.4583,327.1266,0.0002,0.0002,327.1266,,,,,,,,,,,,0.0,0.0,0.0,0.0,0
89.32,26.7921,-30.4583,327.1266,0.0002,0.0002,327.1266,,,,,,,,,,,,0.0,0.0,0.0,0.0,0
89.34,26.7921,-30.4583,327.1266,0.0002,0.0002,327.1266,,,,,,,,,,,,0.0,0.0,0.0,0.0,0
89.36,26.7921,-30.4583,327.1266,0.0002,0.0002,327.1266,,,,,,,,,,,,0.0,0.0,0.0,0.0,0
89.38,26.7921,-30.4583,327.1266,0.0002,0.0002,327.1266,,,,,,,,,,,,0.0,0.0,0.0,0.0,0
89.4,26.7921,-30.4583,327.1266,0.0002,0.0002,327.1266,,,,,,,,,,,,0.0,0.0,0.0,0.0,0
89.42,26.7921,-30.4583,327.1266,0.0002,0.0002,327.1266,,,,,,,,,,,,0.0,0.0,0.0,0.0,0
89.44,26.7921,-30.4583,327.1266,0.0002,0.0002,327.1266,,,,,,,,,,,,0.0,0.0,0.0,0.0,0
89.46,26.7921,-30.4583,327.1266,0.0002,0.0002,327.1266,,,,,,,,,,,,0.0,0.0,0.0,0.0,0
89.48,26.7921,-30.4583,327.1266,0.0002,0.0002,327.1266,,,,,,,,,,,,0.0,0.0,0.0,0.0,0
89.5,26.7921,-30.4583,327.1266,0.0002,0.0002,327.1266,,,,,,,,,,,,0.0,0.0,0.0,0.0,0
89.52,26.7921,-30.4583,327.1266,0.0002,0.0002,327.1266,,,,,,,,,,,,0.0,0.0,0.0,0.0,0
89.54,26.7921,-30.4583,327.1266,0.0002,0.0002,327.1266,,,,,,,,,,,,0.0,0.0,0.0,0.0,0
89.56,26.7921,-30.4583,327.1266,0.0002,0.0002,327.1266,,,,,,,,,,,,0.0,0.0,0.0,0.0,0
89.58,26.7921,-30.4583,327.1266,0.0002,0.0002,327.1266,,,,,,,,,,,,0.0,0.0,0.0,0.0,0
89.6,26.7921,-30.4583,327.1266,0.0002,0.0002,327.1266,,,,,,,,,,,,0.0,0.0,0.0,0.0,0
89.62,26.7921,-30.4583,327.1266,0.0002,0.0002,327.1266,,,,,,,,,,,,0.0,0.0,0.0,0.0,0
89.64,26.7921,-30.4583,327.1266,0.0002,0.0002,327.1266,,,,,,,,,,,,0.0,0.0,0.0,0.0,0
89.66,26.7921,-30.4583,327.1266,0.0002,0.0002,327.1266,,,,,,,,,,,,0.0,0.0,0.0,0.0,0
89.68,26.7921,-30.4583,327.1266,0.0002,0.0002,327.1266,,,,,,,,,,,,0.0,0.0,0.0,0.0,0
89.7,26.7921,-30.4583,327.1266,0.0002,0.0002,327.1266,,,,,,,,,,,,0.0,0.0,0.0,0.0,0
89.72,26.7921,-30.4583,327.1266,0.0002,0.0002,327.1266,,,,,,,,,,,,0.0,0.0,0.0,0.0,0
89.74,26.7921,-30.4583,327.1266,0.0002,0.0002,327.1266,,,,,,,,,,,,0.0,0.0,0.0,0.0,0
89.76,26.7921,-30.4583,327.1266,0.0002,0.0002,327.1266,,,,,,,,,,,,0.0,0.0,0.0,0.0,0
89.78,26.7921,-30.4583,327.1266,0.0002,0.0002,327.1266,,,,,,,,,,,,0.0,0.0,0.0,0.0,0
89.8,26.7921,-30.4583,327.1266,0.0002,0.0002,327.1266,,,,,,,,,,,,0.0,0.0,0.0,0.0,0
89.82,26.7921,-30.4583,327.1266,0.0002,0.0002,327.1266,,,,,,,,,,,,0.0,0.0,0.0,0.0,0
89.84,26.7921,-30.4583,327.1266,0.0002,0.0002,327.1266,,,,,,,,,,,,0.0,0.0,0.0,0.0,0
89.86,26.7921,-30.4583,327.1266,0.0002,0.0002,327.1266,,,,,,,,,,,,0.0,0.0,0.0,0.0,0
89.88,26.7921,-30.4583,327.1266,0.0002,0.0002,327.1266,,,,,,,,,,,,0.0,0.0,0.0,0.0,0
89.9,26.7921,-30.4583,327.1266,0.0002,0.0002,327.1266,,,,,,,,,,,,0.0,0.0,0.0,0.0,0
89.92,26.7921,-30.4583,327.1266,0.0002,0.0002,327.1266,,,,,,,,,,,,0.0,0.0,0.0,0.0,0
89.94,26.7921,-30.4583,327.1266,0.0002,0.0002,327.1266,,,,,,,,,,,,0.0,0.0,0.0,0.0,0
89.96,26.7921,-30.4583,327.1266,0.0002,0.0002,327.1266,,,,,,,,,,,,0.0,0.0,0.0,0.0,0
89.98,26.7921,-30.4583,327.1266,0.0002,0.0002,327.1266,,,,,,,,,,,,0.0,0.0,0.0,0.0,0
90.0,26.7921,-30.4583,327.1266,0.0002,0.0002,327.1266,,,,,,,,,,,,0.0,0.0,0.0,0.0,0
90.02,26.7921,-30.4583,327.1266,0.0002,0.0002,327.1266,,,,,,,,,,,,0.0,0.0,0.0,0.0,0
90.04,26.7921,-30.4583,327.1266,0.0002,0.0002,327.1266,,,,,,,,,,,,0.0,0.0,0.0,0.0,0
90.06,26.7921,-30.4583,327.1266,0.0002,0.0002,327.1266,,,,,,,,,,,,0.0,0.0,0.0,0.0,0
90.08,26.7921,-30.4583,327.1266,0.0002,0.0002,327.1266,,,,,,,,,,,,0.0,0.0,0.0,0.0,0
90.1,26.7921,-30.4583,327.1266,0.0002,0.0002,327.1266,,,,,,,,,,,,0.0,0.0,0.0,0.0,0
90.12,26.7921,-30.4583,327.1266,0.0002,0.0002,327.1266,,,,,,,,,,,,0.0,0.0,0.0,0.0,0
90.14,26.7921,-30.4583,327.1266,0.0002,0.0002,327.1266,,,,,,,,,,,,0.0,0.0,0.0,0.0,0
90.16,26.7921,-30.4583,327.1266,0.0002,0.0002,327.1266,,,,,,,,,,,,0.0,0.0,0.0,0.0,0
90.18,26.7921,-30.4583,327.1266,0.0002,0.0002,327.1266,,,,,,,,,,,,0.0,0.0,0.0,0.0,0
90.2,26.7921,-30.4583,327.1266,0.0002,0.0002,327.1266,,,,,,,,,,,,0.0,0.0,0.0,0.0,0
90.22,26.7921,-30.4583,327.1266,0.0002,0.0002,327.1266,,,,,,,,,,,,0.0,0.0,0.0,0.0,0
90.24,26.7921,-30.4583,327.1266,0.0002,0.0002,327.1266,,,,,,,,,,,,0.0,0.0,0.0,0.0,0
90.26,26.7921,-30.4583,327.1266,0.0002,0.0002,327.1266,,,,,,,,,,,,0.0,0.0,0.0,0.0,0
90.28,26.7921,-30.4583,327.1266,0.0002,0.0002,327.1266,,,,,,,,,,,,0.0,0.0,0.0,0.0,0
90.3,26.7921,-30.4583,327.1266,0.0002,0.0002,327.1266,,,,,,,,,,,,0.0,0.0,0.0,0.0,0
90.32,26.7921,-30.4583,327.1266,0.0002,0.0002,327.1266,,,,,,,,,,,,0.0,0.0,0.0,0.0,0
90.34,26.7921,-30.4583,327.1266,0.0002,0.0002,327.1266,,,,,,,,,,,,0.0,0.0,0.0,0.0,0
90.36,26.7921,-30.4583,327.1266,0.0002,0.0002,327.1266,,,,,,,,,,,,0.0,0.0,0.0,0.0,0
90.38,26.7921,-30.4583,327.1266,0.0002,0.0002,327.1266,,,,,,,,,,,,0.0,0.0,0.0,0.0,0
90.4,26.7921,-30.4583,327.1266,0.0002,0.0002,327.1266,,,,,,,,,,,,0.0,0.0,0.0,0.0,0
90.42,26.7921,-30.4583,327.1266,0.0002,0.0002,327.1266,,,,,,,,,,,,0.0,0.0,0.0,0.0,0
90.44,26.7921,-30.4583,327.1266,0.0002,0.0002,327.1266,,,,,,,,,,,,0.0,0.0,0.0,0.0,0
90.46,26.7921,-30.4583,327.1266,0.0002,0.0002,327.1266,,,,,,,,,,,,0.0,0.0,0.0,0.0,0
90.48,26.7921,-30.4583,327.1266,0.0002,0.0002,327.1266,,,,,,,,,,,,0.0,0.0,0.0,0.0,0
90.5,26.7921,-30.4583,327.1266,0.0002,0.0002,327.1266,,,,,,,,,,,,0.0,0.0,0.0,0.0,0
90.52,26.7921,-30.4583,327.1266,0.0002,0.0002,327.1266,,,,,,,,,,,,0.0,0.0,0.0,0.0,0
90.54,26.7921,-30.4583,327.1266,0.0002,0.0002,327.1266,,,,,,,,,,,,0.0,0.0,0.0,0.0,0
90.56,26.7921,-30.4583,327.1266,0.0002,0.0002,327.1266,,,,,,,,,,,,0.0,0.0,0.0,0.0,0
90.58,26.7921,-30.4583,327.1266,0.0002,0.0002,327.1266,,,,,,,,,,,,0.0,0.0,0.0,0.0,0
90.6,26.7921,-30.4583,327.1266,0.0002,0.0002,327.1266,,,,,,,,,,,,0.0,0.0,0.0,0.0,0
90.62,26.7921,-30.4583,327.1266,0.0002,0.0002,327.1266,,,,,,,,,,,,0.0,0.0,0.0,0.0,0
90.64,26.7921,-30.4583,327.1266,0.0002,0.0002,327.1266,,,,,,,,,,,,0.0,0.0,0.0,0.0,0
90.66,26.7921,-30.4583,327.1266,0.0002,0.0002,327.1266,,,,,,,,,,,,0.0,0.0,0.0,0.0,0
90.68,26.7921,-30.4583,327.1266,0.0002,0.0002,327.1266,,,,,,,,,,,,0.0,0.0,0.0,0.0,0
90.7,26.7921,-30.4583,327.1266,0.0002,0.0002,327.1266,,,,,,,,,,,,0.0,0.0,0.0,0.0,0
90.72,26.7921,-30.4583,327.1266,0.0002,0.0002,327.1266,,,,,,,,,,,,0.0,0.0,0.0,0.0,0
90.74,26.7921,-30.4583,327.1266,0.0002,0.0002,327.1266,,,,,,,,,,,,0.0,0.0,0.0,0.0,0
90.76,26.7921,-30.4583,327.1266,0.0002,0.0002,327.1266,,,,,,,,,,,,0.0,0.0,0.0,0.0,0
90.78,26.7921,-30.4583,327.1266,0.0002,0.0002,327.1266,,,,,,,,,,,,0.0,0.0,0.0,0.0,0
90.8,26.7921,-30.4583,327.1266,0.0002,0.0002,327.1266,,,,,,,,,,,,0.0,0.0,0.0,0.0,0
90.82,26.7921,-30.4583,327.1266,0.0002,0.0002,327.1266,,,,,,,,,,,,0.0,0.0,0.0,0.0,0
90.84,26.7921,-30.4583,327.1266,0.0002,0.0002,327.1266,,,,,,,,,,,,0.0,0.0,0.0,0.0,0
90.86,26.7921,-30.4583,327.1266,0.0002,0.0002,327.1266,,,,,,,,,,,,0.0,0.0,0.0,0.0,0
90.88,26.7921,-30.4583,327.1266,0.0002,0.0002,327.1266,,,,,,,,,,,,0.0,0.0,0.0,0.0,0
90.9,26.7921,-30.4583,327.1266,0.0002,0.0002,327.1266,,,,,,,,,,,,0.0,0.0,0.0,0.0,0
90.92,26.7921,-30.4583,327.1266,0.0002,0.0002,327.1266,,,,,,,,,,,,0.0,0.0,0.0,0.0,0
90.94,26.7921,-30.4583,327.1266,0.0002,0.0002,327.1266,,,,,,,,,,,,0.0,0.0,0.0,0.0,0
90.96,26.7921,-30.4583,327.1266,0.0002,0.0002,327.1266,,,,,,,,,,,,0.0,0.0,0.0,0.0,0
90.98,26.7921,-30.4583,327.1266,0.0002,0.0002,327.1266,,,,,,,,,,,,0.0,0.0,0.0,0.0,0
91.0,26.7921,-30.4583,327.1266,0.0002,0.0002,327.1266,,,,,,,,,,,,0.0,0.0,0.0,0.0,0
91.02,26.7921,-30.4583,327.1266,0.0002,0.0002,327.1266,,,,,,,,,,,,0.0,0.0,0.0,0.0,0
91.04,26.7921,-30.4583,327.1266,0.0002,0.0002,327.1266,,,,,,,,,,,,0.0,0.0,0.0,0.0,0
91.06,26.7921,-30.4583,327.1266,0.0002,0.0002,327.1266,,,,,,,,,,,,0.0,0.0,0.0,0.0,0
91.08,26.7921,-30.4583,327.1266,0.0002,0.0002,327.1266,,,,,,,,,,,,0.0,0.0,0.0,0.0,0
91.1,26.7921,-30.4583,327.1266,0.0002,0.0002,327.1266,,,,,,,,,,,,0.0,0.0,0.0,0.0,0
91.12,26.7921,-30.4583,327.1266,0.0002,0.0002,327.1266,,,,,,,,,,,,0.0,0.0,0.0,0.0,0
91.14,26.7921,-30.4583,327.1266,0.0002,0.0002,327.1266,,,,,,,,,,,,0.0,0.0,0.0,0.0,0
91.16,26.7921,-30.4583,327.1266,0.0002,0.0002,327.1266,,,,,,,,,,,,0.0,0.0,0.0,0.0,0
91.18,26.7921,-30.4583,327.1266,0.0002,0.0002,327.1266,,,,,,,,,,,,0.0,0.0,0.0,0.0,0
91.2,26.7921,-30.4583,327.1266,0.0002,0.0002,327.1266,,,,,,,,,,,,0.0,0.0,0.0,0.0,0
91.22,26.7921,-30.4583,327.1266,0.0002,0.0002,327.1266,,,,,,,,,,,,0.0,0.0,0.0,0.0,0
91.24,26.7921,-30.4583,327.1266,0.0002,0.0002,327.1266,,,,,,,,,,,,0.0,0.0,0.0,0.0,0
91.26,26.7921,-30.4583,327.1266,0.0002,0.0002,327.1266,,,,,,,,,,,,0.0,0.0,0.0,0.0,0
91.28,26.7921,-30.4583,327.1266,0.0002,0.0002,327.1266,,,,,,,,,,,,0.0,0.0,0.0,0.0,0
91.3,26.7921,-30.4583,327.1266,0.0002,0.0002,327.1266,,,,,,,,,,,,0.0,0.0,0.0,0.0,0
91.32,26.7921,-30.4583,327.1266,0.0002,0.0002,327.1266,,,,,,,,,,,,0.0,0.0,0.0,0.0,0
91.34,26.7921,-30.4583,327.1266,0.0002,0.0002,327.1266,,,,,,,,,,,,0.0,0.0,0.0,0.0,0
91.36,26.7921,-30.4583,327.1266,0.0002,0.0002,327.1266,,,,,,,,,,,,0.0,0.0,0.0,0.0,0
91.38,26.7921,-30.4583,327.1266,0.0002,0.0002,327.1266,,,,,,,,,,,,0.0,0.0,0.0,0.0,0
91.4,26.7921,-30.4583,327.1266,0.0002,0.0002,327.1266,,,,,,,,,,,,0.0,0.0,0.0,0.0,0
91.42,26.7921,-30.4583,327.1266,0.0002,0.0002,327.1266,,,,,,,,,,,,0.0,0.0,0.0,0.0,0
91.44,26.7921,-30.4583,327.1266,0.0002,0.0002,327.1266,,,,,,,,,,,,0.0,0.0,0.0,0.0,0
91.46,26.7921,-30.4583,327.1266,0.0002,0.0002,327.1266,,,,,,,,,,,,0.0,0.0,0.0,0.0,0
91.48,26.7921,-30.4583,327.1266,0.0002,0.0002,327.1266,,,,,,,,,,,,0.0,0.0,0.0,0.0,0
91.5,26.7921,-30.4583,327.1266,0.0002,0.0002,327.1266,,,,,,,,,,,,0.0,0.0,0.0,0.0,0
91.52,26.7921,-30.4583,327.1266,0.0002,0.0002,327.1266,,,,,,,,,,,,0.0,0.0,0.0,0.0,0
91.54,26.7921,-30.4583,327.1266,0.0002,0.0002,327.1266,,,,,,,,,,,,0.0,0.0,0.0,0.0,0
91.56,26.7921,-30.4583,327.1266,0.0002,0.0002,327.1266,,,,,,,,,,,,0.0,0.0,0.0,0.0,0
91.58,26.7921,-30.4583,327.1266,0.0002,0.0002,327.1266,,,,,,,,,,,,0.0,0.0,0.0,0.0,0
91.6,26.7921,-30.4583,327.1266,0.0002,0.0002,327.1266,,,,,,,,,,,,0.0,0.0,0.0,0.0,0
91.62,26.7921,-30.4583,327.1266,0.0002,0.0002,327.1266,,,,,,,,,,,,0.0,0.0,0.0,0.0,0
91.64,26.7921,-30.4583,327.1266,0.0002,0.0002,327.1266,,,,,,,,,,,,0.0,0.0,0.0,0.0,0
91.66,26.7921,-30.4583,327.1266,0.0002,0.0002,327.1266,,,,,,,,,,,,0.0,0.0,0.0,0.0,0
91.68,26.7921,-30.4583,327.1266,0.0002,0.0002,327.1266,,,,,,,,,,,,0.0,0.0,0.0,0.0,0
91.7,26.7921,-30.4583,327.1266,0.0002,0.0002,327.1266,,,,,,,,,,,,0.0,0.0,0.0,0.0,0
91.72,26.7921,-30.4583,327.1266,0.0002,0.0002,327.1266,,,,,,,,,,,,0.0,0.0,0.0,0.0,0
91.74,26.7921,-30.4583,327.1266,0.0002,0.0002,327.1266,,,,,,,,,,,,0.0,0.0,0.0,0.0,0
91.76,26.7921,-30.4583,327.1266,0.0002,0.0002,327.1266,,,,,,,,,,,,0.0,0.0,0.0,0.0,0
91.78,26.7921,-30.4583,327.1266,0.0002,0.0002,327.1266,,,,,,,,,,,,0.0,0.0,0.0,0.0,0
91.8,26.7921,-30.4583,327.1266,0.0002,0.0002,327.1266,,,,,,,,,,,,0.0,0.0,0.0,0.0,0
91.82,26.7921,-30.4583,327.1266,0.0002,0.0002,327.1266,,,,,,,,,,,,0.0,0.0,0.0,0.0,0
91.84,26.7921,-30.4583,327.1266,0.0002,0.0002,327.1266,,,,,,,,,,,,0.0,0.0,0.0,0.0,0
91.86,26.7921,-30.4583,327.1266,0.0002,0.0002,327.1266,,,,,,,,,,,,0.0,0.0,0.0,0.0,0
91.88,26.7921,-30.4583,327.1266,0.0002,0.0002,327.1266,,,,,,,,,,,,0.0,0.0,0.0,0.0,0
91.9,26.7921,-30.4583,327.1266,0.0002,0.0002,327.1266,,,,,,,,,,,,0.0,0.0,0.0,0.0,0
91.92,26.7921,-30.4583,327.1266,0.0002,0.0002,327.1266,,,,,,,,,,,,0.0,0.0,0.0,0.0,0
91.94,26.7921,-30.4583,327.1266,0.0002,0.0002,327.1266,,,,,,,,,,,,0.0,0.0,0.0,0.0,0
91.96,26.7921,-30.4583,327.1266,0.0002,0.0002,327.1266,,,,,,,,,,,,0.0,0.0,0.0,0.0,0
91.98,26.7921,-30.4583,327.1266,0.0002,0.0002,327.1266,,,,,,,,,,,,0.0,0.0,0.0,0.0,0
92.0,26.7921,-30.4583,327.1266,0.0002,0.0002,327.1266,,,,,,,,,,,,0.0,0.0,0.0,0.0,0
92.02,26.7921,-30.4583,327.1266,0.0002,0.0002,327.1266,,,,,,,,,,,,0.0,0.0,0.0,0.0,0
92.04,26.7921,-30.4583,327.1266,0.0002,0.0002,327.1266,,,,,,,,,,,,0.0,0.0,0.0,0.0,0
92.06,26.7921,-30.4583,327.1266,0.0002,0.0002,327.1266,,,,,,,,,,,,0.0,0.0,0.0,0.0,0
92.08,26.7921,-30.4583,327.1266,0.0002,0.0002,327.1266,,,,,,,,,,,,0.0,0.0,0.0,0.0,0
92.1,26.7921,-30.4583,327.1266,0.0002,0.0002,327.1266,,,,,,,,,,,,0.0,0.0,0.0,0.0,0
92.12,26.7921,-30.4583,327.1266,0.0002,0.0002,327.1266,,,,,,,,,,,,0.0,0.0,0.0,0.0,0
92.14,26.7921,-30.4583,327.1266,0.0002,0.0002,327.1266,,,,,,,,,,,,0.0,0.0,0.0,0.0,0
92.16,26.7921,-30.4583,327.1266,0.0002,0.0002,327.1266,,,,,,,,,,,,0.0,0.0,0.0,0.0,0
92.18,26.7921,-30.4583,327.1266,0.0002,0.0002,327.1266,,,,,,,,,,,,0.0,0.0,0.0,0.0,0
92.2,26.7921,-30.4583,327.1266,0.0002,0.0002,327.1266,,,,,,,,,,,,0.0,0.0,0.0,0.0,0
92.22,26.7921,-30.4583,327.1266,0.0002,0.0002,327.1266,,,,,,,,,,,,0.0,0.0,0.0,0.0,0
92.24,26.7921,-30.4583,327.1266,0.0002,0.0002,327.1266,,,,,,,,,,,,0.0,0.0,0.0,0.0,0
92.26,26.7921,-30.4583,327.1266,0.0002,0.0002,327.1266,,,,,,,,,,,,0.0,0.0,0.0,0.0,0
92.28,26.7921,-30.4583,327.1266,0.0002,0.0002,327.1266,,,,,,,,,,,,0.0,0.0,0.0,0.0,0
92.3,26.7921,-30.4583,327.1266,0.0002,0.0002,327.1266,,,,,,,,,,,,0.0,0.0,0.0,0.0,0
92.32,26.7921,-30.4583,327.1266,0.0002,0.0002,327.1266,,,,,,,,,,,,0.0,0.0,0.0,0.0,0
92.34,26.7921,-30.4583,327.1266,0.0002,0.0002,327.1266,,,,,,,,,,,,0.0,0.0,0.0,0.0,0
92.36,26.7921,-30.4583,327.1266,0.0002,0.0002,327.1266,,,,,,,,,,,,0.0,0.0,0.0,0.0,0
92.38,26.7921,-30.4583,327.1266,0.0002,0.0002,327.1266,,,,,,,,,,,,0.0,0.0,0.0,0.0,0
92.4,26.7921,-30.4583,327.1266,0.0002,0.0002,327.1266,,,,,,,,,,,,0.0,0.0,0.0,0.0,0
92.42,26.7921,-30.4583,327.1266,0.0002,0.0002,327.1266,,,,,,,,,,,,0.0,0.0,0.0,0.0,0
92.44,26.7921,-30.4583,327.1266,0.0002,0.0002,327.1266,,,,,,,,,,,,0.0,0.0,0.0,0.0,0
92.46,26.7921,-30.4583,327.1266,0.0002,0.0002,327.1266,,,,,,,,,,,,0.0,0.0,0.0,0.0,0
92.48,26.7921,-30.4583,327.1266,0.0002,0.0002,327.1266,,,,,,,,,,,,0.0,0.0,0.0,0.0,0
92.5,26.7921,-30.4583,327.1266,0.0002,0.0002,327.1266,,,,,,,,,,,,0.0,0.0,0.0,0.0,0
92.52,26.7921,-30.4583,327.1266,0.0002,0.0002,327.1266,,,,,,,,,,,,0.0,0.0,0.0,0.0,0
92.54,26.7921,-30.4583,327.1266,0.0002,0.0002,327.1266,,,,,,,,,,,,0.0,0.0,0.0,0.0,0
92.56,26.7921,-30.4583,327.1266,0.0002,0.0002,327.1266,,,,,,,,,,,,0.0,0.0,0.0,0.0,0
92.58,26.7921,-30.4583,327.1266,0.0002,0.0002,327.1266,,,,,,,,,,,,0.0,0.0,0.0,0.0,0
92.6,26.7921,-30.4583,327.1266,0.0002,0.0002,327.1266,,,,,,,,,,,,0.0,0.0,0.0,0.0,0
92.62,26.7921,-30.4583,327.1266,0.0002,0.0002,327.1266,,,,,,,,,,,,0.0,0.0,0.0,0.0,0
92.64,26.7921,-30.4583,327.1266,0.0002,0.0002,327.1266,,,,,,,,,,,,0.0,0.0,0.0,0.0,0
92.66,26.7921,-30.4583,327.1266,0.0002,0.0002,327.1266,,,,,,,,,,,,0.0,0.0,0.0,0.0,0
92.68,26.7921,-30.4583,327.1266,0.0002,0.0002,327.1266,,,,,,,,,,,,0.0,0.0,0.0,0.0,0
92.7,26.7921,-30.4583,327.1266,0.0002,0.0002,327.1266,,,,,,,,,,,,0.0,0.0,0.0,0.0,0
92.72,26.7921,-30.4583,327.1266,0.0002,0.0002,327.1266,,,,,,,,,,,,0.0,0.0,0.0,0.0,0
92.74,26.7921,-30.4583,327.1266,0.0002,0.0002,327.1266,,,,,,,,,,,,0.0,0.0,0.0,0.0,0
92.76,26.7921,-30.4583,327.1266,0.0002,0.0002,327.1266,,,,,,,,,,,,0.0,0.0,0.0,0.0,0
92.78,26.7921,-30.4583,327.1266,0.0002,0.0002,327.1266,,,,,,,,,,,,0.0,0.0,0.0,0.0,0
92.8,26.7921,-30.4583,327.1266,0.0002,0.0002,327.1266,,,,,,,,,,,,0.0,0.0,0.0,0.0,0
92.82,26.7921,-30.4583,327.1266,0.0002,0.0002,327.1266,,,,,,,,,,,,0.0,0.0,0.0,0.0,0
92.84,26.7921,-30.4583,327.1266,0.0002,0.0002,327.1266,,,,,,,,,,,,0.0,0.0,0.0,0.0,0
92.86,26.7921,-30.4583,327.1266,0.0002,0.0002,327.1266,,,,,,,,,,,,0.0,0.0,0.0,0.0,0
92.88,26.7921,-30.4583,327.1266,0.0002,0.0002,327.1266,,,,,,,,,,,,0.0,0.0,0.0,0.0,0
92.9,26.7921,-30.4583,327.1266,0.0002,0.0002,327.1266,,,,,,,,,,,,0.0,0.0,0.0,0.0,0
92.92,26.7921,-30.4583,327.1266,0.0002,0.0002,327.1266,,,,,,,,,,,,0.0,0.0,0.0,0.0,0
92.94,26.7921,-30.4583,327.1266,0.0002,0.0002,327.1266,,,,,,,,,,,,0.0,0.0,0.0,0.0,0
92.96,26.7921,-30.4583,327.1266,0.0002,0.0002,327.1266,,,,,,,,,,,,0.0,0.0,0.0,0.0,0
92.98,26.7921,-30.4583,327.1266,0.0002,0.0002,327.1266,,,,,,,,,,,,0.0,0.0,0.0,0.0,0
93.0,26.7921,-30.4583,327.1266,0.0002,0.0002,327.1266,,,,,,,,,,,,0.0,0.0,0.0,0.0,0
93.02,26.7921,-30.4583,327.1266,0.0002,0.0002,327.1266,,,,,,,,,,,,0.0,0.0,0.0,0.0,0
93.04,26.7921,-30.4583,327.1266,0.0002,0.0002,327.1266,,,,,,,,,,,,0.0,0.0,0.0,0.0,0
93.06,26.7921,-30.4583,327.1266,0.0002,0.0002,327.1266,,,,,,,,,,,,0.0,0.0,0.0,0.0,0
93.08,26.7921,-30.4583,327.1266,0.0002,0.0002,327.1266,,,,,,,,,,,,0.0,0.0,0.0,0.0,0
93.1,26.7921,-30.4583,327.1266,0.0002,0.0002,327.1266,,,,,,,,,,,,0.0,0.0,0.0,0.0,0
93.12,26.7921,-30.4583,327.1266,0.0002,0.0002,327.1266,,,,,,,,,,,,0.0,0.0,0.0,0.0,0
93.14,26.7921,-30.4583,327.1266,0.0002,0.0002,327.1266,,,,,,,,,,,,0.0,0.0,0.0,0.0,0
93.16,26.7921,-30.4583,327.1266,0.0002,0.0002,327.1266,,,,,,,,,,,,0.0,0.0,0.0,0.0,0
93.18,26.7921,-30.4583,327.1266,0.0002,0.0002,327.1266,,,,,,,,,,,,0.0,0.0,0.0,0.0,0
93.2,26.7921,-30.4583,327.1266,0.0002,0.0002,327.1266,,,,,,,,,,,,0.0,0.0,0.0,0.0,0
93.22,26.7921,-30.4583,327.1266,0.0002,0.0002,327.1266,,,,,,,,,,,,0.0,0.0,0.0,0.0,0
93.24,26.7921,-30.4583,327.1266,0.0002,0.0002,327.1266,,,,,,,,,,,,0.0,0.0,0.0,0.0,0
93.26,26.7921,-30.4583,327.1266,0.0002,0.0002,327.1266,,,,,,,,,,,,0.0,0.0,0.0,0.0,0
93.28,26.7921,-30.4583,327.1266,0.0002,0.0002,327.1266,,,,,,,,,,,,0.0,0.0,0.0,0.0,0
93.3,26.7921,-30.4583,327.1266,0.0002,0.0002,327.1266,,,,,,,,,,,,0.0,0.0,0.0,0.0,0
93.32,26.7921,-30.4583,327.1266,0.0002,0.0002,327.1266,,,,,,,,,,,,0.0,0.0,0.0,0.0,0
93.34,26.7921,-30.4583,327.1266,0.0002,0.0002,327.1266,,,,,,,,,,,,0.0,0.0,0.0,0.0,0
93.36,26.7921,-30.4583,327.1266,0.0002,0.0002,327.1266,,,,,,,,,,,,0.0,0.0,0.0,0.0,0
93.38,26.7921,-30.4583,327.1266,0.0002,0.0002,327.1266,,,,,,,,,,,,0.0,0.0,0.0,0.0,0
93.4,26.7921,-30.4583,327.1266,0.0002,0.0002,327.1266,,,,,,,,,,,,0.0,0.0,0.0,0.0,0
93.42,26.7921,-30.4583,327.1266,0.0002,0.0002,327.1266,,,,,,,,,,,,0.0,0.0,0.0,0.0,0
93.44,26.7921,-30.4583,327.1266,0.0002,0.0002,327.1266,,,,,,,,,,,,0.0,0.0,0.0,0.0,0
93.46,26.7921,-30.4583,327.1266,0.0002,0.0002,327.1266,,,,,,,,,,,,0.0,0.0,0.0,0.0,0
93.48,26.7921,-30.4583,327.1266,0.0002,0.0002,327.1266,,,,,,,,,,,,0.0,0.0,0.0,0.0,0
93.5,26.7921,-30.4583,327.1266,0.0002,0.0002,327.1266,,,,,,,,,,,,0.0,0.0,0.0,0.0,0
93.52,26.7921,-30.4583,327.1266,0.0002,0.0002,327.1266,,,,,,,,,,,,0.0,0.0,0.0,0.0,0
93.54,26.7921,-30.4583,327.1266,0.0002,0.0002,327.1266,,,,,,,,,,,,0.0,0.0,0.0,0.0,0
93.56,26.7921,-30.4583,327.1266,0.0002,0.0002,327.1266,,,,,,,,,,,,0.0,0.0,0.0,0.0,0
93.58,26.7921,-30.4583,327.1266,0.0002,0.0002,327.1266,,,,,,,,,,,,0.0,0.0,0.0,0.0,0
93.6,26.7921,-30.4583,327.1266,0.0002,0.0002,327.1266,,,,,,,,,,,,0.0,0.0,0.0,0.0,0
93.62,26.7921,-30.4583,327.1266,0.0002,0.0002,327.1266,,,,,,,,,,,,0.0,0.0,0.0,0.0,0
93.64,26.7921,-30.4583,327.1266,0.0002,0.0002,327.1266,,,,,,,,,,,,0.0,0.0,0.0,0.0,0
93.66,26.7921,-30.4583,327.1266,0.0002,0.0002,327.1266,,,,,,,,,,,,0.0,0.0,0.0,0.0,0
93.68,26.7921,-30.4583,327.1266,0.0002,0.0002,327.1266,,,,,,,,,,,,0.0,0.0,0.0,0.0,0
93.7,26.7921,-30.4583,327.1266,0.0002,0.0002,327.1266,,,,,,,,,,,,0.0,0.0,0.0,0.0,0
93.72,26.7921,-30.4583,327.1266,0.0002,0.0002,327.1266,,,,,,,,,,,,0.0,0.0,0.0,0.0,0
93.74,26.7921,-30.4583,327.1266,0.0002,0.0002,327.1266,,,,,,,,,,,,0.0,0.0,0.0,0.0,0
93.76,26.7921,-30.4583,327.1266,0.0002,0.0002,327.1266,,,,,,,,,,,,0.0,0.0,0.0,0.0,0
93.78,26.7921,-30.4583,327.1266,0.0002,0.0002,327.1266,,,,,,,,,,,,0.0,0.0,0.0,0.0,0
93.8,26.7921,-30.4583,327.1266,0.0002,0.0002,327.1266,,,,,,,,,,,,0.0,0.0,0.0,0.0,0
93.82,26.7921,-30.4583,327.1266,0.0002,0.0002,327.1266,,,,,,,,,,,,0.0,0.0,0.0,0.0,0
93.84,26.7921,-30.4583,327.1266,0.0002,0.0002,327.1266,,,,,,,,,,,,0.0,0.0,0.0,0.0,0
93.86,26.7921,-30.4583,327.1266,0.0002,0.0002,327.1266,,,,,,,,,,,,0.0,0.0,0.0,0.0,0
93.88,26.7921,-30.4583,327.1266,0.0002,0.0002,327.1266,,,,,,,,,,,,0.0,0.0,0.0,0.0,0
93.9,26.7921,-30.4583,327.1266,0.0002,0.0002,327.1266,,,,,,,,,,,,0.0,0.0,0.0,0.0,0
93.92,26.7921,-30.4583,327.1266,0.0002,0.0002,327.1266,,,,,,,,,,,,0.0,0.0,0.0,0.0,0
93.94,26.7921,-30.4583,327.1266,0.0002,0.0002,327.1266,,,,,,,,,,,,0.0,0.0,0.0,0.0,0
93.96,26.7921,-30.4583,327.1266,0.0002,0.0002,327.1266,,,,,,,,,,,,0.0,0.0,0.0,0.0,0
93.98,26.7921,-30.4583,327.1266,0.0002,0.0002,327.1266,,,,,,,,,,,,0.0,0.0,0.0,0.0,0
94.0,26.7921,-30.4583,327.1266,0.0002,0.0002,327.1266,,,,,,,,,,,,0.0,0.0,0.0,0.0,0
94.02,26.7921,-30.4583,327.1266,0.0002,0.0002,327.1266,,,,,,,,,,,,0.0,0.0,0.0,0.0,0
94.04,26.7921,-30.4583,327.1266,0.0002,0.0002,327.1266,,,,,,,,,,,,0.0,0.0,0.0,0.0,0
94.06,26.7921,-30.4583,327.1266,0.0002,0.0002,327.1266,,,,,,,,,,,,0.0,0.0,0.0,0.0,0
94.08,26.7921,-30.4583,327.1266,0.0002,0.0002,327.1266,,,,,,,,,,,,0.0,0.0,0.0,0.0,0
94.1,26.7921,-30.4583,327.1266,0.0002,0.0002,327.1266,,,,,,,,,,,,0.0,0.0,0.0,0.0,0
94.12,26.7921,-30.4583,327.1266,0.0002,0.0002,327.1266,,,,,,,,,,,,0.0,0.0,0.0,0.0,0
94.14,26.7921,-30.4583,327.1266,0.0002,0.0002,327.1266,,,,,,,,,,,,0.0,0.0,0.0,0.0,0
94.16,26.7921,-30.4583,327.1266,0.0002,0.0002,327.1266,,,,,,,,,,,,0.0,0.0,0.0,0.0,0
94.18,26.7921,-30.4583,327.1266,0.0002,0.0002,327.1266,,,,,,,,,,,,0.0,0.0,0.0,0.0,0
94.2,26.7921,-30.4583,327.1266,0.0002,0.0002,327.1266,,,,,,,,,,,,0.0,0.0,0.0,0.0,0
94.22,26.7921,-30.4583,327.1266,0.0002,0.0002,327.1266,,,,,,,,,,,,0.0,0.0,0.0,0.0,0
94.24,26.7921,-30.4583,327.1266,0.0002,0.0002,327.1266,,,,,,,,,,,,0.0,0.0,0.0,0.0,0
94.26,26.7921,-30.4583,327.1266,0.0002,0.0002,327.1266,,,,,,,,,,,,0.0,0.0,0.0,0.0,0
94.28,26.7921,-30.4583,327.1266,0.0002,0.0002,327.1266,,,,,,,,,,,,0.0,0.0,0.0,0.0,0
94.3,26.7921,-30.4583,327.1266,0.0002,0.0002,327.1266,,,,,,,,,,,,0.0,0.0,0.0,0.0,0
94.32,26.7921,-30.4583,327.1266,0.0002,0.0002,327.1266,,,,,,,,,,,,0.0,0.0,0.0,0.0,0
94.34,26.7921,-30.4583,327.1266,0.0002,0.0002,327.1266,,,,,,,,,,,,0.0,0.0,0.0,0.0,0
94.36,26.7921,-30.4583,327.1266,0.0002,0.0002,327.1266,,,,,,,,,,,,0.0,0.0,0.0,0.0,0
94.38,26.7921,-30.4583,327.1266,0.0002,0.0002,327.1266,,,,,,,,,,,,0.0,0.0,0.0,0.0,0
94.4,26.7921,-30.4583,327.1266,0.0002,0.0002,327.1266,,,,,,,,,,,,0.0,0.0,0.0,0.0,0
94.42,26.7921,-30.4583,327.1266,0.0002,0.0002,327.1266,,,,,,,,,,,,0.0,0.0,0.0,0.0,0
94.44,26.7921,-30.4583,327.1266,0.0002,0.0002,327.1266,,,,,,,,,,,,0.0,0.0,0.0,0.0,0
94.46,26.7921,-30.4583,327.1266,0.0002,0.0002,327.1266,,,,,,,,,,,,0.0,0.0,0.0,0.0,0
94.48,26.7921,-30.4583,327.1266,0.0002,0.0002,327.1266,,,,,,,,,,,,0.0,0.0,0.0,0.0,0
94.5,26.7921,-30.4583,327.1266,0.0002,0.0002,327.1266,,,,,,,,,,,,0.0,0.0,0.0,0.0,0
94.52,26.7921,-30.4583,327.1266,0.0002,0.0002,327.1266,,,,,,,,,,,,0.0,0.0,0.0,0.0,0
94.54,26.7921,-30.4583,327.1266,0.0002,0.0002,327.1266,,,,,,,,,,,,0.0,0.0,0.0,0.0,0
94.56,26.7921,-30.4583,327.1266,0.0002,0.0002,327.1266,,,,,,,,,,,,0.0,0.0,0.0,0.0,0
94.58,26.7921,-30.4583,327.1266,0.0002,0.0002,327.1266,,,,,,,,,,,,0.0,0.0,0.0,0.0,0
94.6,26.7921,-30.4583,327.1266,0.0002,0.0002,327.1266,,,,,,,,,,,,0.0,0.0,0.0,0.0,0
94.62,26.7921,-30.4583,327.1266,0.0002,0.0002,327.1266,,,,,,,,,,,,0.0,0.0,0.0,0.0,0
94.64,26.7921,-30.4583,327.1266,0.0002,0.0002,327.1266,,,,,,,,,,,,0.0,0.0,0.0,0.0,0
94.66,26.7921,-30.4583,327.1266,0.0002,0.0002,327.1266,,,,,,,,,,,,0.0,0.0,0.0,0.0,0
94.68,26.7921,-30.4583,327.1266,0.0002,0.0002,327.1266,,,,,,,,,,,,0.0,0.0,0.0,0.0,0
94.7,26.7921,-30.4583,327.1266,0.0002,0.0002,327.1266,,,,,,,,,,,,0.0,0.0,0.0,0.0,0
94.72,26.7921,-30.4583,327.1266,0.0002,0.0002,327.1266,,,,,,,,,,,,0.0,0.0,0.0,0.0,0
94.74,26.7921,-30.4583,327.1266,0.0002,0.0002,327.1266,,,,,,,,,,,,0.0,0.0,0.0,0.0,0
94.76,26.7921,-30.4583,327.1266,0.0002,0.0002,327.1266,,,,,,,,,,,,0.0,0.0,0.0,0.0,0
94.78,26.7921,-30.4583,327.1266,0.0002,0.0002,327.1266,,,,,,,,,,,,0.0,0.0,0.0,0.0,0
94.8,26.7921,-30.4583,327.1266,0.0002,0.0002,327.1266,,,,,,,,,,,,0.0,0.0,0.0,0.0,0
94.82,26.7921,-30.4583,327.1266,0.0002,0.0002,327.1266,,,,,,,,,,,,0.0,0.0,0.0,0.0,0
94.84,26.7921,-30.4583,327.1266,0.0002,0.0002,327.1266,,,,,,,,,,,,0.0,0.0,0.0,0.0,0
94.86,26.7921,-30.4583,327.1266,0.0002,0.0002,327.1266,,,,,,,,,,,,0.0,0.0,0.0,0.0,0
94.88,26.7921,-30.4583,327.1266,0.0002,0.0002,327.1266,,,,,,,,,,,,0.0,0.0,0.0,0.0,0
94.9,26.7921,-30.4583,327.1266,0.0002,0.0002,327.1266,,,,,,,,,,,,0.0,0.0,0.0,0.0,0
94.92,26.7921,-30.4583,327.1266,0.0002,0.0002,327.1266,,,,,,,,,,,,0.0,0.0,0.0,0.0,0
94.94,26.7921,-30.4583,327.1266,0.0002,0.0002,327.1266,,,,,,,,,,,,0.0,0.0,0.0,0.0,0
94.96,26.7921,-30.4583,327.1266,0.0002,0.0002,327.1266,,,,,,,,,,,,0.0,0.0,0.0,0.0,0
94.98,26.7921,-30.4583,327.1266,0.0002,0.0002,327.1266,,,,,,,,,,,,0.0,0.0,0.0,0.0,0
95.0,26.7921,-30.4583,327.1266,0.0002,0.0002,327.1266,,,,,,,,,,,,0.0,0.0,0.0,0.0,0
95.02,26.7921,-30.4583,327.1266,0.0002,0.0002,327.1266,,,,,,,,,,,,0.0,0.0,0.0,0.0,0
95.04,26.7921,-30.4583,327.1266,0.0002,0.0002,327.1266,,,,,,,,,,,,0.0,0.0,0.0,0.0,0
95.06,26.7921,-30.4583,327.1266,0.0002,0.0002,327.1266,,,,,,,,,,,,0.0,0.0,0.0,0.0,0
95.08,26.7921,-30.4583,327.1266,0.0002,0.0002,327.1266,,,,,,,,,,,,0.0,0.0,0.0,0.0,0
95.1,26.7921,-30.4583,327.1266,0.0002,0.0002,327.1266,,,,,,,,,,,,0.0,0.0,0.0,0.0,0
95.12,26.7921,-30.4583,327.1266,0.0002,0.0002,327.1266,,,,,,,,,,,,0.0,0.0,0.0,0.0,0
95.14,26.7921,-30.4583,327.1266,0.0002,0.0002,327.1266,,,,,,,,,,,,0.0,0.0,0.0,0.0,0
95.16,26.7921,-30.4583,327.1266,0.0002,0.0002,327.1266,,,,,,,,,,,,0.0,0.0,0.0,0.0,0
95.18,26.7921,-30.4583,327.1266,0.0002,0.0002,327.1266,,,,,,,,,,,,0.0,0.0,0.0,0.0,0
95.2,26.7921,-30.4583,327.1266,0.0002,0.0002,327.1266,,,,,,,,,,,,0.0,0.0,0.0,0.0,0
95.22,26.7921,-30.4583,327.1266,0.0002,0.0002,327.1266,,,,,,,,,,,,0.0,0.0,0.0,0.0,0
95.24,26.7921,-30.4583,327.1266,0.0002,0.0002,327.1266,,,,,,,,,,,,0.0,0.0,0.0,0.0,0
95.26,26.7921,-30.4583,327.1266,0.0002,0.0002,327.1266,,,,,,,,,,,,0.0,0.0,0.0,0.0,0
95.28,26.7921,-30.4583,327.1266,0.0002,0.0002,327.1266,,,,,,,,,,,,0.0,0.0,0.0,0.0,0
95.3,26.7921,-30.4583,327.1266,0.0002,0.0002,327.1266,,,,,,,,,,,,0.0,0.0,0.0,0.0,0
95.32,26.7921,-30.4583,327.1266,0.0002,0.0002,327.1266,,,,,,,,,,,,0.0,0.0,0.0,0.0,0
95.34,26.7921,-30.4583,327.1266,0.0002,0.0002,327.1266,,,,,,,,,,,,0.0,0.0,0.0,0.0,0
95.36,26.7921,-30.4583,327.1266,0.0002,0.0002,327.1266,,,,,,,,,,,,0.0,0.0,0.0,0.0,0
95.38,26.7921,-30.4583,327.1266,0.0002,0.0002,327.1266,,,,,,,,,,,,0.0,0.0,0.0,0.0,0
95.4,26.7921,-30.4583,327.1266,0.0002,0.0002,327.1266,,,,,,,,,,,,0.0,0.0,0.0,0.0,0
95.42,26.7921,-30.4583,327.1266,0.0002,0.0002,327.1266,,,,,,,,,,,,0.0,0.0,0.0,0.0,0
95.44,26.7921,-30.4583,327.1266,0.0002,0.0002,327.1266,,,,,,,,,,,,0.0,0.0,0.0,0.0,0
95.46,26.7921,-30.4583,327.1266,0.0002,0.0002,327.1266,,,,,,,,,,,,0.0,0.0,0.0,0.0,0
95.48,26.7921,-30.4583,327.1266,0.0002,0.0002,327.1266,,,,,,,,,,,,0.0,0.0,0.0,0.0,0
95.5,26.7921,-30.4583,327.1266,0.0002,0.0002,327.1266,,,,,,,,,,,,0.0,0.0,0.0,0.0,0
95.52,26.7921,-30.4583,327.1266,0.0002,0.0002,327.1266,,,,,,,,,,,,0.0,0.0,0.0,0.0,0
95.54,26.7921,-30.4583,327.1266,0.0002,0.0002,327.1266,,,,,,,,,,,,0.0,0.0,0.0,0.0,0
95.56,26.7921,-30.4583,327.1266,0.0002,0.0002,327.1266,,,,,,,,,,,,0.0,0.0,0.0,0.0,0
95.58,26.7921,-30.4583,327.1266,0.0002,0.0002,327.1266,,,,,,,,,,,,0.0,0.0,0.0,0.0,0
95.6,26.7921,-30.4583,327.1266,0.0002,0.0002,327.1266,,,,,,,,,,,,0.0,0.0,0.0,0.0,0
95.62,26.7921,-30.4583,327.1266,0.0002,0.0002,327.1266,,,,,,,,,,,,0.0,0.0,0.0,0.0,0
95.64,26.7921,-30.4583,327.1266,0.0002,0.0002,327.1266,,,,,,,,,,,,0.0,0.0,0.0,0.0,0
95.66,26.7921,-30.4583,327.1266,0.0002,0.0002,327.1266,,,,,,,,,,,,0.0,0.0,0.0,0.0,0
95.68,26.7921,-30.4583,327.1266,0.0002,0.0002,327.1266,,,,,,,,,,,,0.0,0.0,0.0,0.0,0
95.7,26.7921,-30.4583,327.1266,0.0002,0.0002,327.1266,,,,,,,,,,,,0.0,0.0,0.0,0.0,0
95.72,26.7921,-30.4583,327.1266,0.0002,0.0002,327.1266,,,,,,,,,,,,0.0,0.0,0.0,0.0,0
95.74,26.7921,-30.4583,327.1266,0.0002,0.0002,327.1266,,,,,,,,,,,,0.0,0.0,0.0,0.0,0
95.76,26.7921,-30.4583,327.1266,0.0002,0.0002,327.1266,,,,,,,,,,,,0.0,0.0,0.0,0.0,0
95.78,26.7921,-30.4583,327.1266,0.0002,0.0002,327.1266,,,,,,,,,,,,0.0,0.0,0.0,0.0,0
95.8,26.7921,-30.4583,327.1266,0.0002,0.0002,327.1266,,,,,,,,,,,,0.0,0.0,0.0,0.0,0
95.82,26.7921,-30.4583,327.1266,0.0002,0.0002,327.1266,,,,,,,,,,,,0.0,0.0,0.0,0.0,0
95.84,26.7921,-30.4583,327.1266,0.0002,0.0002,327.1266,,,,,,,,,,,,0.0,0.0,0.0,0.0,0
95.86,26.7921,-30.4583,327.1266,0.0002,0.0002,327.1266,,,,,,,,,,,,0.0,0.0,0.0,0.0,0
95.88,26.7921,-30.4583,327.1266,0.0002,0.0002,327.1266,,,,,,,,,,,,0.0,0.0,0.0,0.0,0
95.9,26.7921,-30.4583,327.1266,0.0002,0.0002,327.1266,,,,,,,,,,,,0.0,0.0,0.0,0.0,0
95.92,26.7921,-30.4583,327.1266,0.0002,0.0002,327.1266,,,,,,,,,,,,0.0,0.0,0.0,0.0,0
95.94,26.7921,-30.4583,327.1266,0.0002,0.0002,327.1266,,,,,,,,,,,,0.0,0.0,0.0,0.0,0
95.96,26.7921,-30.4583,327.1266,0.0002,0.0002,327.1266,,,,,,,,,,,,0.0,0.0,0.0,0.0,0
95.98,26.7921,-30.4583,327.1266,0.0002,0.0002,327.1266,,,,,,,,,,,,0.0,0.0,0.0,0.0,0
96.0,26.7921,-30.4583,327.1266,0.0002,0.0002,327.1266,,,,,,,,,,,,0.0,0.0,0.0,0.0,0
96.02,26.7921,-30.4583,327.1266,0.0002,0.0002,327.1266,,,,,,,,,,,,0.0,0.0,0.0,0.0,0
96.04,26.7921,-30.4583,327.1266,0.0002,0.0002,327.1266,,,,,,,,,,,,0.0,0.0,0.0,0.0,0
96.06,26.7921,-30.4583,327.1266,0.0002,0.0002,327.1266,,,,,,,,,,,,0.0,0.0,0.0,0.0,0
96.08,26.7921,-30.4583,327.1266,0.0002,0.0002,327.1266,,,,,,,,,,,,0.0,0.0,0.0,0.0,0
96.1,26.7921,-30.4583,327.1266,0.0002,0.0002,327.1266,,,,,,,,,,,,0.0,0.0,0.0,0.0,0
96.12,26.7921,-30.4583,327.1266,0.0002,0.0002,327.1266,,,,,,,,,,,,0.0,0.0,0.0,0.0,0
96.14,26.7921,-30.4583,327.1266,0.0002,0.0002,327.1266,,,,,,,,,,,,0.0,0.0,0.0,0.0,0
96.16,26.7921,-30.4583,327.1266,0.0002,0.0002,327.1266,,,,,,,,,,,,0.0,0.0,0.0,0.0,0
96.18,26.7921,-30.4583,327.1266,0.0002,0.0002,327.1266,,,,,,,,,,,,0.0,0.0,0.0,0.0,0
96.2,26.7921,-30.4583,327.1266,0.0002,0.0002,327.1266,,,,,,,,,,,,0.0,0.0,0.0,0.0,0
96.22,26.7921,-30.4583,327.1266,0.0002,0.0002,327.1266,,,,,,,,,,,,0.0,0.0,0.0,0.0,0
96.24,26.7921,-30.4583,327.1266,0.0002,0.0002,327.1266,,,,,,,,,,,,0.0,0.0,0.0,0.0,0
96.26,26.7921,-30.4583,327.1266,0.0002,0.0002,327.1266,,,,,,,,,,,,0.0,0.0,0.0,0.0,0
96.28,26.7921,-30.4583,327.1266,0.0002,0.0002,327.1266,,,,,,,,,,,,0.0,0.0,0.0,0.0,0
96.3,26.7921,-30.4583,327.1266,0.0002,0.0002,327.1266,,,,,,,,,,,,0.0,0.0,0.0,0.0,0
96.32,26.7921,-30.4583,327.1266,0.0002,0.0002,327.1266,,,,,,,,,,,,0.0,0.0,0.0,0.0,0
96.34,26.7921,-30.4583,327.1266,0.0002,0.0002,327.1266,,,,,,,,,,,,0.0,0.0,0.0,0.0,0
96.36,26.7921,-30.4583,327.1266,0.0002,0.0002,327.1266,,,,,,,,,,,,0.0,0.0,0.0,0.0,0
96.38,26.7921,-30.4583,327.1266,0.0002,0.0002,327.1266,,,,,,,,,,,,0.0,0.0,0.0,0.0,0
96.4,26.7921,-30.4583,327.1266,0.0002,0.0002,327.1266,,,,,,,,,,,,0.0,0.0,0.0,0.0,0
96.42,26.7921,-30.4583,327.1266,0.0002,0.0002,327.1266,,,,,,,,,,,,0.0,0.0,0.0,0.0,0
96.44,26.7921,-30.4583,327.1266,0.0002,0.0002,327.1266,,,,,,,,,,,,0.0,0.0,0.0,0.0,0
96.46,26.7921,-30.4583,327.1266,0.0002,0.0002,327.1266,,,,,,,,,,,,0.0,0.0,0.0,0.0,0
96.48,26.7921,-30.4583,327.1266,0.0002,0.0002,327.1266,,,,,,,,,,,,0.0,0.0,0.0,0.0,0
96.5,26.7921,-30.4583,327.1266,0.0002,0.0002,327.1266,,,,,,,,,,,,0.0,0.0,0.0,0.0,0
96.52,26.7921,-30.4583,327.1266,0.0002,0.0002,327.1266,,,,,,,,,,,,0.0,0.0,0.0,0.0,0
96.54,26.7921,-30.4583,327.1266,0.0002,0.0002,327.1266,,,,,,,,,,,,0.0,0.0,0.0,0.0,0
96.56,26.7921,-30.4583,327.1266,0.0002,0.0002,327.1266,,,,,,,,,,,,0.0,0.0,0.0,0.0,0
96.58,26.7921,-30.4583,327.1266,0.0002,0.0002,327.1266,,,,,,,,,,,,0.0,0.0,0.0,0.0,0
96.6,26.7921,-30.4583,327.1266,0.0002,0.0002,327.1266,,,,,,,,,,,,0.0,0.0,0.0,0.0,0
96.62,26.7921,-30.4583,327.1266,0.0002,0.0002,327.1266,,,,,,,,,,,,0.0,0.0,0.0,0.0,0
96.64,26.7921,-30.4583,327.1266,0.0002,0.0002,327.1266,,,,,,,,,,,,0.0,0.0,0.0,0.0,0
96.66,26.7921,-30.4583,327.1266,0.0002,0.0002,327.1266,,,,,,,,,,,,0.0,0.0,0.0,0.0,0
96.68,26.7921,-30.4583,327.1266,0.0002,0.0002,327.1266,,,,,,,,,,,,0.0,0.0,0.0,0.0,0
96.7,26.7921,-30.4583,327.1266,0.0002,0.0002,327.1266,,,,,,,,,,,,0.0,0.0,0.0,0.0,0
96.72,26.7921,-30.4583,327.1266,0.0002,0.0002,327.1266,,,,,,,,,,,,0.0,0.0,0.0,0.0,0
96.74,26.7921,-30.4583,327.1266,0.0002,0.0002,327.1266,,,,,,,,,,,,0.0,0.0,0.0,0.0,0
96.76,26.7921,-30.4583,327.1266,0.0002,0.0002,327.1266,,,,,,,,,,,,0.0,0.0,0.0,0.0,0
96.78,26.7921,-30.4583,327.1266,0.0002,0.0002,327.1266,,,,,,,,,,,,0.0,0.0,0.0,0.0,0
96.8,26.7921,-30.4583,327.1266,0.0002,0.0002,327.1266,,,,,,,,,,,,0.0,0.0,0.0,0.0,0
96.82,26.7921,-30.4583,327.1266,0.0002,0.0002,327.1266,,,,,,,,,,,,0.0,0.0,0.0,0.0,0
96.84,26.7921,-30.4583,327.1266,0.0002,0.0002,327.1266,,,,,,,,,,,,0.0,0.0,0.0,0.0,0
96.86,26.7921,-30.4583,327.1266,0.0002,0.0002,327.1266,,,,,,,,,,,,0.0,0.0,0.0,0.0,0
96.88,26.7921,-30.4583,327.1266,0.0002,0.0002,327.1266,,,,,,,,,,,,0.0,0.0,0.0,0.0,0
96.9,26.7921,-30.4583,327.1266,0.0002,0.0002,327.1266,,,,,,,,,,,,0.0,0.0,0.0,0.0,0
96.92,26.7921,-30.4583,327.1266,0.0002,0.0002,327.1266,,,,,,,,,,,,0.0,0.0,0.0,0.0,0
96.94,26.7921,-30.4583,327.1266,0.0002,0.0002,327.1266,,,,,,,,,,,,0.0,0.0,0.0,0.0,0
96.96,26.7921,-30.4583,327.1266,0.0002,0.0002,327.1266,,,,,,,,,,,,0.0,0.0,0.0,0.0,0
96.98,26.7921,-30.4583,327.1266,0.0002,0.0002,327.1266,,,,,,,,,,,,0.0,0.0,0.0,0.0,0
97.0,26.7921,-30.4583,327.1266,0.0002,0.0002,327.1266,,,,,,,,,,,,0.0,0.0,0.0,0.0,0
97.02,26.7921,-30.4583,327.1266,0.0002,0.0002,327.1266,,,,,,,,,,,,0.0,0.0,0.0,0.0,0
97.04,26.7921,-30.4583,327.1266,0.0002,0.0002,327.1266,,,,,,,,,,,,0.0,0.0,0.0,0.0,0
97.06,26.7921,-30.4583,327.1266,0.0002,0.0002,327.1266,,,,,,,,,,,,0.0,0.0,0.0,0.0,0
97.08,26.7921,-30.4583,327.1266,0.0002,0.0002,327.1266,,,,,,,,,,,,0.0,0.0,0.0,0.0,0
97.1,26.7921,-30.4583,327.1266,0.0002,0.0002,327.1266,,,,,,,,,,,,0.0,0.0,0.0,0.0,0
97.12,26.7921,-30.4583,327.1266,0.0002,0.0002,327.1266,,,,,,,,,,,,0.0,0.0,0.0,0.0,0
97.14,26.7921,-30.4583,327.1266,0.0002,0.0002,327.1266,,,,,,,,,,,,0.0,0.0,0.0,0.0,0
97.16,26.7921,-30.4583,327.1266,0.0002,0.0002,327.1266,,,,,,,,,,,,0.0,0.0,0.0,0.0,0
97.18,26.7921,-30.4583,327.1266,0.0002,0.0002,327.1266,,,,,,,,,,,,0.0,0.0,0.0,0.0,0
97.2,26.7921,-30.4583,327.1266,0.0002,0.0002,327.1266,,,,,,,,,,,,0.0,0.0,0.0,0.0,0
97.22,26.7921,-30.4583,327.1266,0.0002,0.0002,327.1266,,,,,,,,,,,,0.0,0.0,0.0,0.0,0
97.24,26.7921,-30.4583,327.1266,0.0002,0.0002,327.1266,,,,,,,,,,,,0.0,0.0,0.0,0.0,0
97.26,26.7921,-30.4583,327.1266,0.0002,0.0002,327.1266,,,,,,,,,,,,0.0,0.0,0.0,0.0,0
97.28,26.7921,-30.4583,327.1266,0.0002,0.0002,327.1266,,,,,,,,,,,,0.0,0.0,0.0,0.0,0
97.3,26.7921,-30.4583,327.1266,0.0002,0.0002,327.1266,,,,,,,,,,,,0.0,0.0,0.0,0.0,0
97.32,26.7921,-30.4583,327.1266,0.0002,0.0002,327.1266,,,,,,,,,,,,0.0,0.0,0.0,0.0,0
97.34,26.7921,-30.4583,327.1266,0.0002,0.0002,327.1266,,,,,,,,,,,,0.0,0.0,0.0,0.0,0
97.36,26.7921,-30.4583,327.1266,0.0002,0.0002,327.1266,,,,,,,,,,,,0.0,0.0,0.0,0.0,0
97.38,26.7921,-30.4583,327.1266,0.0002,0.0002,327.1266,,,,,,,,,,,,0.0,0.0,0.0,0.0,0
97.4,26.7921,-30.4583,327.1266,0.0002,0.0002,327.1266,,,,,,,,,,,,0.0,0.0,0.0,0.0,0
97.42,26.7921,-30.4583,327.1266,0.0002,0.0002,327.1266,,,,,,,,,,,,0.0,0.0,0.0,0.0,0
97.44,26.7921,-30.4583,327.1266,0.0002,0.0002,327.1266,,,,,,,,,,,,0.0,0.0,0.0,0.0,0
97.46,26.7921,-30.4583,327.1266,0.0002,0.0002,327.1266,,,,,,,,,,,,0.0,0.0,0.0,0.0,0
97.48,26.7921,-30.4583,327.1266,0.0002,0.0002,327.1266,,,,,,,,,,,,0.0,0.0,0.0,0.0,0
97.5,26.7921,-30.4583,327.1266,0.0002,0.0002,327.1266,,,,,,,,,,,,0.0,0.0,0.0,0.0,0
97.52,26.7921,-30.4583,327.1266,0.0002,0.0002,327.1266,,,,,,,,,,,,0.0,0.0,0.0,0.0,0
97.54,26.7921,-30.4583,327.1266,0.0002,0.0002,327.1266,,,,,,,,,,,,0.0,0.0,0.0,0.0,0
97.56,26.7921,-30.4583,327.1266,0.0002,0.0002,327.1266,,,,,,,,,,,,0.0,0.0,0.0,0.0,0
97.58,26.7921,-30.4583,327.1266,0.0002,0.0002,327.1266,,,,,,,,,,,,0.0,0.0,0.0,0.0,0
97.6,26.7921,-30.4583,327.1266,0.0002,0.0002,327.1266,,,,,,,,,,,,0.0,0.0,0.0,0.0,0
97.62,26.7921,-30.4583,327.1266,0.0002,0.0002,327.1266,,,,,,,,,,,,0.0,0.0,0.0,0.0,0
97.64,26.7921,-30.4583,327.1266,0.0002,0.0002,327.1266,,,,,,,,,,,,0.0,0.0,0.0,0.0,0
97.66,26.7921,-30.4583,327.1266,0.0002,0.0002,327.1266,,,,,,,,,,,,0.0,0.0,0.0,0.0,0
97.68,26.7921,-30.4583,327.1266,0.0002,0.0002,327.1266,,,,,,,,,,,,0.0,0.0,0.0,0.0,0
97.7,26.7921,-30.4583,327.1266,0.0002,0.0002,327.1266,,,,,,,,,,,,0.0,0.0,0.0,0.0,0
97.72,26.7921,-30.4583,327.1266,0.0002,0.0002,327.1266,,,,,,,,,,,,0.0,0.0,0.0,0.0,0
97.74,26.7921,-30.4583,327.1266,0.0002,0.0002,327.1266,,,,,,,,,,,,0.0,0.0,0.0,0.0,0
97.76,26.7921,-30.4583,327.1266,0.0002,0.0002,327.1266,,,,,,,,,,,,0.0,0.0,0.0,0.0,0
97.78,26.7921,-30.4583,327.1266,0.0002,0.0002,327.1266,,,,,,,,,,,,0.0,0.0,0.0,0.0,0
97.8,26.7921,-30.4583,327.1266,0.0002,0.0002,327.1266,,,,,,,,,,,,0.0,0.0,0.0,0.0,0
97.82,26.7921,-30.4583,327.1266,0.0002,0.0002,327.1266,,,,,,,,,,,,0.0,0.0,0.0,0.0,0
97.84,26.7921,-30.4583,327.1266,0.0002,0.0002,327.1266,,,,,,,,,,,,0.0,0.0,0.0,0.0,0
97.86,26.7921,-30.4583,327.1266,0.0002,0.0002,327.1266,,,,,,,,,,,,0.0,0.0,0.0,0.0,0
97.88,26.7921,-30.4583,327.1266,0.0002,0.0002,327.1266,,,,,,,,,,,,0.0,0.0,0.0,0.0,0
97.9,26.7921,-30.4583,327.1266,0.0002,0.0002,327.1266,,,,,,,,,,,,0.0,0.0,0.0,0.0,0
97.92,26.7921,-30.4583,327.1266,0.0002,0.0002,327.1266,,,,,,,,,,,,0.0,0.0,0.0,0.0,0
97.94,26.7921,-30.4583,327.1266,0.0002,0.0002,327.1266,,,,,,,,,,,,0.0,0.0,0.0,0.0,0
97.96,26.7921,-30.4583,327.1266,0.0002,0.0002,327.1266,,,,,,,,,,,,0.0,0.0,0.0,0.0,0
97.98,26.7921,-30.4583,327.1266,0.0002,0.0002,327.1266,,,,,,,,,,,,0.0,0.0,0.0,0.0,0
98.0,26.7921,-30.4583,327.1266,0.0002,0.0002,327.1266,,,,,,,,,,,,0.0,0.0,0.0,0.0,0
98.02,26.7921,-30.4583,327.1266,0.0002,0.0002,327.1266,,,,,,,,,,,,0.0,0.0,0.0,0.0,0
98.04,26.7921,-30.4583,327.1266,0.0002,0.0002,327.1266,,,,,,,,,,,,0.0,0.0,0.0,0.0,0
98.06,26.7921,-30.4583,327.1266,0.0002,0.0002,327.1266,,,,,,,,,,,,0.0,0.0,0.0,0.0,0
98.08,26.7921,-30.4583,327.1266,0.0002,0.0002,327.1266,,,,,,,,,,,,0.0,0.0,0.0,0.0,0
98.1,26.7921,-30.4583,327.1266,0.0002,0.0002,327.1266,,,,,,,,,,,,0.0,0.0,0.0,0.0,0
98.12,26.7921,-30.4583,327.1266,0.0002,0.0002,327.1266,,,,,,,,,,,,0.0,0.0,0.0,0.0,0
98.14,26.7921,-30.4583,327.1266,0.0002,0.0002,327.1266,,,,,,,,,,,,0.0,0.0,0.0,0.0,0
98.16,26.7921,-30.4583,327.1266,0.0002,0.0002,327.1266,,,,,,,,,,,,0.0,0.0,0.0,0.0,0
98.18,26.7921,-30.4583,327.1266,0.0002,0.0002,327.1266,,,,,,,,,,,,0.0,0.0,0.0,0.0,0
98.2,26.7921,-30.4583,327.1266,0.0002,0.0002,327.1266,,,,,,,,,,,,0.0,0.0,0.0,0.0,0
98.22,26.7921,-30.4583,327.1266,0.0002,0.0002,327.1266,,,,,,,,,,,,0.0,0.0,0.0,0.0,0
98.24,26.7921,-30.4583,327.1266,0.0002,0.0002,327.1266,,,,,,,,,,,,0.0,0.0,0.0,0.0,0
98.26,26.7921,-30.4583,327.1266,0.0002,0.0002,327.1266,,,,,,,,,,,,0.0,0.0,0.0,0.0,0
98.28,26.7921,-30.4583,327.1266,0.0002,0.0002,327.1266,,,,,,,,,,,,0.0,0.0,0.0,0.0,0
98.3,26.7921,-30.4583,327.1266,0.0002,0.0002,327.1266,,,,,,,,,,,,0.0,0.0,0.0,0.0,0
98.32,26.7921,-30.4583,327.1266,0.0002,0.0002,327.1266,,,,,,,,,,,,0.0,0.0,0.0,0.0,0
98.34,26.7921,-30.4583,327.1266,0.0002,0.0002,327.1266,,,,,,,,,,,,0.0,0.0,0.0,0.0,0
98.36,26.7921,-30.4583,327.1266,0.0002,0.0002,327.1266,,,,,,,,,,,,0.0,0.0,0.0,0.0,0
98.38,26.7921,-30.4583,327.1266,0.0002,0.0002,327.1266,,,,,,,,,,,,0.0,0.0,0.0,0.0,0
98.4,26.7921,-30.4583,327.1266,0.0002,0.0002,327.1266,,,,,,,,,,,,0.0,0.0,0.0,0.0,0
98.42,26.7921,-30.4583,327.1266,0.0002,0.0002,327.1266,,,,,,,,,,,,0.0,0.0,0.0,0.0,0
98.44,26.7921,-30.4583,327.1266,0.0002,0.0002,327.1266,,,,,,,,,,,,0.0,0.0,0.0,0.0,0
98.46,26.7921,-30.4583,327.1266,0.0002,0.0002,327.1266,,,,,,,,,,,,0.0,0.0,0.0,0.0,0
98.48,26.7921,-30.4583,327.1266,0.0002,0.0002,327.1266,,,,,,,,,,,,0.0,0.0,0.0,0.0,0
98.5,26.7921,-30.4583,327.1266,0.0002,0.0002,327.1266,,,,,,,,,,,,0.0,0.0,0.0,0.0,0
98.52,26.7921,-30.4583,327.1266,0.0002,0.0002,327.1266,,,,,,,,,,,,0.0,0.0,0.0,0.0,0
98.54,26.7921,-30.4583,327.1266,0.0002,0.0002,327.1266,,,,,,,,,,,,0.0,0.0,0.0,0.0,0
98.56,26.7921,-30.4583,327.1266,0.0002,0.0002,327.1266,,,,,,,,,,,,0.0,0.0,0.0,0.0,0
98.58,26.7921,-30.4583,327.1266,0.0002,0.0002,327.1266,,,,,,,,,,,,0.0,0.0,0.0,0.0,0
98.6,26.7921,-30.4583,327.1266,0.0002,0.0002,327.1266,,,,,,,,,,,,0.0,0.0,0.0,0.0,0
98.62,26.7921,-30.4583,327.1266,0.0002,0.0002,327.1266,,,,,,,,,,,,0.0,0.0,0.0,0.0,0
98.64,26.7921,-30.4583,327.1266,0.0002,0.0002,327.1266,,,,,,,,,,,,0.0,0.0,0.0,0.0,0
98.66,26.7921,-30.4583,327.1266,0.0002,0.0002,327.1266,,,,,,,,,,,,0.0,0.0,0.0,0.0,0
98.68,26.7921,-30.4583,327.1266,0.0002,0.0002,327.1266,,,,,,,,,,,,0.0,0.0,0.0,0.0,0
98.7,26.7921,-30.4583,327.1266,0.0002,0.0002,327.1266,,,,,,,,,,,,0.0,0.0,0.0,0.0,0
98.72,26.7921,-30.4583,327.1266,0.0002,0.0002,327.1266,,,,,,,,,,,,0.0,0.0,0.0,0.0,0
98.74,26.7921,-30.4583,327.1266,0.0002,0.0002,327.1266,,,,,,,,,,,,0.0,0.0,0.0,0.0,0
98.76,26.7921,-30.4583,327.1266,0.0002,0.0002,327.1266,,,,,,,,,,,,0.0,0.0,0.0,0.0,0
98.78,26.7921,-30.4583,327.1266,0.0002,0.0002,327.1266,,,,,,,,,,,,0.0,0.0,0.0,0.0,0
98.8,26.7921,-30.4583,327.1266,0.0002,0.0002,327.1266,,,,,,,,,,,,0.0,0.0,0.0,0.0,0
98.82,26.7921,-30.4583,327.1266,0.0002,0.0002,327.1266,,,,,,,,,,,,0.0,0.0,0.0,0.0,0
98.84,26.7921,-30.4583,327.1266,0.0002,0.0002,327.1266,,,,,,,,,,,,0.0,0.0,0.0,0.0,0
98.86,26.7921,-30.4583,327.1266,0.0002,0.0002,327.1266,,,,,,,,,,,,0.0,0.0,0.0,0.0,0
98.88,26.7921,-30.4583,327.1266,0.0002,0.0002,327.1266,,,,,,,,,,,,0.0,0.0,0.0,0.0,0
98.9,26.7921,-30.4583,327.1266,0.0002,0.0002,327.1266,,,,,,,,,,,,0.0,0.0,0.0,0.0,0
98.92,26.7921,-30.4583,327.1266,0.0002,0.0002,327.1266,,,,,,,,,,,,0.0,0.0,0.0,0.0,0
98.94,26.7921,-30.4583,327.1266,0.0002,0.0002,327.1266,,,,,,,,,,,,0.0,0.0,0.0,0.0,0
98.96,26.7921,-30.4583,327.1266,0.0002,0.0002,327.1266,,,,,,,,,,,,0.0,0.0,0.0,0.0,0
98.98,26.7921,-30.4583,327.1266,0.0002,0.0002,327.1266,,,,,,,,,,,,0.0,0.0,0.0,0.0,0
99.0,26.7921,-30.4583,327.1266,0.0002,0.0002,327.1266,,,,,,,,,,,,0.0,0.0,0.0,0.0,0
99.02,26.7921,-30.4583,327.1266,0.0002,0.0002,327.1266,,,,,,,,,,,,0.0,0.0,0.0,0.0,0
99.04,26.7921,-30.4583,327.1266,0.0002,0.0002,327.1266,,,,,,,,,,,,0.0,0.0,0.0,0.0,0
99.06,26.7921,-30.4583,327.1266,0.0002,0.0002,327.1266,,,,,,,,,,,,0.0,0.0,0.0,0.0,0
99.08,26.7921,-30.4583,327.1266,0.0002,0.0002,327.1266,,,,,,,,,,,,0.0,0.0,0.0,0.0,0
99.1,26.7921,-30.4583,327.1266,0.0002,0.0002,327.1266,,,,,,,,,,,,0.0,0.0,0.0,0.0,0
99.12,26.7921,-30.4583,327.1266,0.0002,0.0002,327.1266,,,,,,,,,,,,0.0,0.0,0.0,0.0,0
99.14,26.7921,-30.4583,327.1266,0.0002,0.0002,327.1266,,,,,,,,,,,,0.0,0.0,0.0,0.0,0
99.16,26.7921,-30.4583,327.1266,0.0002,0.0002,327.1266,,,,,,,,,,,,0.0,0.0,0.0,0.0,0
99.18,26.7921,-30.4583,327.1266,0.0002,0.0002,327.1266,,,,,,,,,,,,0.0,0.0,0.0,0.0,0
99.2,26.7921,-30.4583,327.1266,0.0002,0.0002,327.1266,,,,,,,,,,,,0.0,0.0,0.0,0.0,0
99.22,26.7921,-30.4583,327.1266,0.0002,0.0002,327.1266,,,,,,,,,,,,0.0,0.0,0.0,0.0,0
99.24,26.7921,-30.4583,327.1266,0.0002,0.0002,327.1266,,,,,,,,,,,,0.0,0.0,0.0,0.0,0
99.26,26.7921,-30.4583,327.1266,0.0002,0.0002,327.1266,,,,,,,,,,,,0.0,0.0,0.0,0.0,0
99.28,26.7921,-30.4583,327.1266,0.0002,0.0002,327.1266,,,,,,,,,,,,0.0,0.0,0.0,0.0,0
99.3,26.7921,-30.4583,327.1266,0.0002,0.0002,327.1266,,,,,,,,,,,,0.0,0.0,0.0,0.0,0
99.32,26.7921,-30.4583,327.1266,0.0002,0.0002,327.1266,,,,,,,,,,,,0.0,0.0,0.0,0.0,0
99.34,26.7921,-30.4583,327.1266,0.0002,0.0002,327.1266,,,,,,,,,,,,0.0,0.0,0.0,0.0,0
99.36,26.7921,-30.4583,327.1266,0.0002,0.0002,327.1266,,,,,,,,,,,,0.0,0.0,0.0,0.0,0
99.38,26.7921,-30.4583,327.1266,0.0002,0.0002,327.1266,,,,,,,,,,,,0.0,0.0,0.0,0.0,0
99.4,26.7921,-30.4583,327.1266,0.0002,0.0002,327.1266,,,,,,,,,,,,0.0,0.0,0.0,0.0,0
99.42,26.7921,-30.4583,327.1266,0.0002,0.0002,327.1266,,,,,,,,,,,,0.0,0.0,0.0,0.0,0
99.44,26.7921,-30.4583,327.1266,0.0002,0.0002,327.1266,,,,,,,,,,,,0.0,0.0,0.0,0.0,0
99.46,26.7921,-30.4583,327.1266,0.0002,0.0002,327.1266,,,,,,,,,,,,0.0,0.0,0.0,0.0,0
99.48,26.7921,-30.4583,327.1266,0.0002,0.0002,327.1266,,,,,,,,,,,,0.0,0.0,0.0,0.0,0
99.5,26.7921,-30.4583,327.1266,0.0002,0.0002,327.1266,,,,,,,,,,,,0.0,0.0,0.0,0.0,0
99.52,26.7921,-30.4583,327.1266,0.0002,0.0002,327.1266,,,,,,,,,,,,0.0,0.0,0.0,0.0,0
99.54,26.7921,-30.4583,327.1266,0.0002,0.0002,327.1266,,,,,,,,,,,,0.0,0.0,0.0,0.0,0
99.56,26.7921,-30.4583,327.1266,0.0002,0.0002,327.1266,,,,,,,,,,,,0.0,0.0,0.0,0.0,0
99.58,26.7921,-30.4583,327.1266,0.0002,0.0002,327.1266,,,,,,,,,,,,0.0,0.0,0.0,0.0,0
99.6,26.7921,-30.4583,327.1266,0.0002,0.0002,327.1266,,,,,,,,,,,,0.0,0.0,0.0,0.0,0
99.62,26.7921,-30.4583,327.1266,0.0002,0.0002,327.1266,,,,,,,,,,,,0.0,0.0,0.0,0.0,0
99.64,26.7921,-30.4583,327.1266,0.0002,0.0002,327.1266,,,,,,,,,,,,0.0,0.0,0.0,0.0,0
99.66,26.7921,-30.4583,327.1266,0.0002,0.0002,327.1266,,,,,,,,,,,,0.0,0.0,0.0,0.0,0
99.68,26.7921,-30.4583,327.1266,0.0002,0.0002,327.1266,,,,,,,,,,,,0.0,0.0,0.0,0.0,0
99.7,26.7921,-30.4583,327.1266,0.0002,0.0002,327.1266,,,,,,,,,,,,0.0,0.0,0.0,0.0,0
99.72,26.7921,-30.4583,327.1266,0.0002,0.0002,327.1266,,,,,,,,,,,,0.0,0.0,0.0,0.0,0
99.74,26.7921,-30.4583,327.1266,0.0002,0.0002,327.1266,,,,,,,,,,,,0.0,0.0,0.0,0.0,0
99.76,26.7921,-30.4583,327.1266,0.0002,0.0002,327.1266,,,,,,,,,,,,0.0,0.0,0.0,0.0,0
99.78,26.7921,-30.4583,327.1266,0.0002,0.0002,327.1266,,,,,,,,,,,,0.0,0.0,0.0,0.0,0
99.8,26.7921,-30.4583,327.1266,0.0002,0.0002,327.1266,,,,,,,,,,,,0.0,0.0,0.0,0.0,0
99.82,26.7921,-30.4583,327.1266,0.0002,0.0002,327.1266,,,,,,,,,,,,0.0,0.0,0.0,0.0,0
99.84,26.7921,-30.4583,327.1266,0.0002,0.0002,327.1266,,,,,,,,,,,,0.0,0.0,0.0,0.0,0
99.86,26.7921,-30.4583,327.1266,0.0002,0.0002,327.1266,,,,,,,,,,,,0.0,0.0,0.0,0.0,0
99.88,26.7921,-30.4583,327.1266,0.0002,0.0002,327.1266,,,,,,,,,,,,0.0,0.0,0.0,0.0,0
99.9,26.7921,-30.4583,327.1266,0.0002,0.0002,327.1266,,,,,,,,,,,,0.0,0.0,0.0,0.0,0
99.92,26.7955,-30.4615,327.1262,0.0002,0.0002,327.1262,,,,,,,,,,,,0.0,0.0,0.0,0.0,0
99.94,26.7955,-30.4615,327.1262,0.0002,0.0002,327.1262,,,,,,,,,,,,0.0,0.0,0.0,0.0,0
99.96,26.7955,-30.4615,327.1262,0.0002,0.0002,327.1262,,,,,,,,,,,,0.0,0.0,0.0,0.0,0
99.98,26.7955,-30.4615,327.1262,0.0002,0.0002,327.1262,,,,,,,,,,,,0.0,0.0,0.0,0.0,0
100.0,26.7963,-30.4622,327.1336,0.0002,0.0002,327.1336,,,,,,,,,,,,0.0,0.0,0.0,0.0,0
100.02,26.7963,-30.4622,327.1336,0.0002,0.0002,327.1336,,,,,,,,,,,,0.0,0.0,0.0,0.0,0
100.04,26.7963,-30.4622,327.1336,0.0002,0.0002,327.1336,,,,,,,,,,,,0.0,0.0,0.0,0.0,0
100.06,26.7963,-30.4622,327.1336,0.0002,0.0002,327.1336,,,,,,,,,,,,0.0,0.0,0.0,0.0,0
100.08,26.7963,-30.4622,327.1336,0.0002,0.0002,327.1336,,,,,,,,,,,,0.0,0.0,0.0,0.0,0
100.1,26.7963,-30.4622,327.1336,0.0002,0.0002,327.1336,,,,,,,,,,,,0.0,0.0,0.0,0.0,0
100.12,26.7963,-30.4617,327.1309,0.0002,0.0002,327.1309,,,,,,,,,,,,0.0,0.0,0.0,0.0,0
100.14,26.7963,-30.4617,327.1309,0.0002,0.0002,327.1309,,,,,,,,,,,,0.0,0.0,0.0,0.0,0
100.16,26.7963,-30.4617,327.1309,0.0002,0.0002,327.1309,,,,,,,,,,,,0.0,0.0,0.0,0.0,0
100.18,26.7963,-30.4617,327.1309,0.0002,0.0002,327.1309,,,,,,,,,,,,0.0,0.0,0.0,0.0,0
100.2,26.8019,-30.4682,327.1349,0.0002,0.0002,327.1349,,,,,,,,,,,,0.0,0.0,0.0,0.0,0
100.22,26.8019,-30.4682,327.1349,0.0002,0.0002,327.1349,,,,,,,,,,,,0.0,0.0,0.0,0.0,0
100.24,26.8019,-30.4682,327.1349,0.0002,0.0002,327.1349,,,,,,,,,,,,0.0,0.0,0.0,0.0,0
100.26,26.8019,-30.4682,327.1349,0.0002,0.0002,327.1349,,,,,,,,,,,,0.0,0.0,0.0,0.0,0
100.28,26.8019,-30.4682,327.1349,0.0002,0.0002,327.1349,,,,,,,,,,,,0.0,0.0,0.0,0.0,0
100.3,26.8019,-30.4682,327.1349,0.0002,0.0002,327.1349,,,,,,,,,,,,0.0,0.0,0.0,0.0,0
100.32,26.8055,-30.4695,327.1331,0.0002,0.0002,327.1331,,,,,,,,,,,,0.0,0.0,0.0,0.0,0
100.34,26.8055,-30.4695,327.1331,0.0002,0.0002,327.1331,,,,,,,,,,,,0.0,0.0,0.0,0.0,0
100.36,26.8055,-30.4695,327.1331,0.0002,0.0002,327.1331,,,,,,,,,,,,0.0,0.0,0.0,0.0,0
100.38,26.8055,-30.4695,327.1331,0.0002,0.0002,327.1331,,,,,,,,,,,,0.0,0.0,0.0,0.0,0
100.4,26.8066,-30.4622,327.1337,0.0002,0.0002,327.1337,,,,,,,,,,,,0.0,0.0,0.0,0.0,0
100.42,26.8066,-30.4622,327.1337,0.0002,0.0002,327.1337,,,,,,,,,,,,0.0,0.0,0.0,0.0,0
100.44,26.8066,-30.4622,327.1337,0.0002,0.0002,327.1337,,,,,,,,,,,,0.0,0.0,0.0,0.0,0
100.46,26.8066,-30.4622,327.1337,0.0002,0.0002,327.1337,,,,,,,,,,,,0.0,0.0,0.0,0.0,0
100.48,26.8066,-30.4622,327.1337,0.0002,0.0002,327.1337,,,,,,,,,,,,0.0,0.0,0.0,0.0,0
100.5,26.8066,-30.4622,327.1337,0.0002,0.0002,327.1337,,,,,,,,,,,,0.0,0.0,0.0,0.0,0
100.52,26.8108,-30.4645,327.1374,0.0002,0.0002,327.1374,,,,,,,,,,,,0.0,0.0,0.0,0.0,0
100.54,26.8108,-30.4645,327.1374,0.0002,0.0002,327.1374,,,,,,,,,,,,0.0,0.0,0.0,0.0,0
100.56,26.8108,-30.4645,327.1374,0.0002,0.0002,327.1374,,,,,,,,,,,,0.0,0.0,0.0,0.0,0
100.58,26.8108,-30.4645,327.1374,0.0002,0.0002,327.1374,,,,,,,,,,,,0.0,0.0,0.0,0.0,0
100.6,26.8134,-30.4621,327.1357,0.0002,0.0002,327.1357,,,,,,,,,,,,0.0,0.0,0.0,0.0,0
100.62,26.8134,-30.4621,327.1357,0.0002,0.0002,327.1357,,,,,,,,,,,,0.0,0.0,0.0,0.0,0
100.64,26.8134,-30.4621,327.1357,0.0002,0.0002,327.1357,,,,,,,,,,,,0.0,0.0,0.0,0.0,0
100.66,26.8134,-30.4621,327.1357,0.0002,0.0002,327.1357,,,,,,,,,,,,0.0,0.0,0.0,0.0,0
100.68,26.8134,-30.4621,327.1357,0.0002,0.0002,327.1357,,,,,,,,,,,,0.0,0.0,0.0,0.0,0
100.7,26.8134,-30.4621,327.1357,0.0002,0.0002,327.1357,,,,,,,,,,,,0.0,0.0,0.0,0.0,0
100.72,26.813,-30.4594,327.1358,0.0002,0.0002,327.1358,,,,,,,,,,,,0.0,0.0,0.0,0.0,0
100.74,26.813,-30.4594,327.1358,0.0002,0.0002,327.1358,,,,,,,,,,,,0.0,0.0,0.0,0.0,0
100.76,26.813,-30.4594,327.1358,0.0002,0.0002,327.1358,,,,,,,,,,,,0.0,0.0,0.0,0.0,0
100.78,26.813,-30.4594,327.1358,0.0002,0.0002,327.1358,,,,,,,,,,,,0.0,0.0,0.0,0.0,0
100.8,26.8165,-30.4632,327.1326,0.0002,0.0002,327.1327,,,,,,,,,,,,0.0,0.0,0.0,0.0,0
100.82,26.8165,-30.4632,327.1326,0.0002,0.0002,327.1327,,,,,,,,,,,,0.0,0.0,0.0,0.0,0
100.84,26.8165,-30.4632,327.1326,0.0002,0.0002,327.1327,,,,,,,,,,,,0.0,0.0,0.0,0.0,0
100.86,26.8165,-30.4632,327.1326,0.0002,0.0002,327.1327,,,,,,,,,,,,0.0,0.0,0.0,0.0,0
100.88,26.8165,-30.4632,327.1326,0.0002,0.0002,327.1327,,,,,,,,,,,,0.0,0.0,0.0,0.0,0
100.9,26.8165,-30.4632,327.1326,0.0002,0.0002,327.1327,,,,,,,,,,,,0.0,0.0,0.0,0.0,0
100.92,26.8123,-30.462,327.1399,0.0002,0.0002,327.1399,,,,,,,,,,,,0.0,0.0,0.0,0.0,0
100.94,26.8123,-30.462,327.1399,0.0002,0.0002,327.1399,,,,,,,,,,,,0.0,0.0,0.0,0.0,0
100.96,26.8123,-30.462,327.1399,0.0002,0.0002,327.1399,,,,,,,,,,,,0.0,0.0,0.0,0.0,0
100.98,26.8123,-30.462,327.1399,0.0002,0.0002,327.1399,,,,,,,,,,,,0.0,0.0,0.0,0.0,0
101.0,26.817,-30.4624,327.1375,0.0002,0.0002,327.1375,,,,,,,,,,,,0.0,0.0,0.0,0.0,0
101.02,26.817,-30.4624,327.1375,0.0002,0.0002,327.1375,,,,,,,,,,,,0.0,0.0,0.0,0.0,0
101.04,26.817,-30.4624,327.1375,0.0002,0.0002,327.1375,,,,,,,,,,,,0.0,0.0,0.0,0.0,0
101.06,26.817,-30.4624,327.1375,0.0002,0.0002,327.1375,,,,,,,,,,,,0.0,0.0,0.0,0.0,0
101.08,26.817,-30.4624,327.1375,0.0002,0.0002,327.1375,,,,,,,,,,,,0.0,0.0,0.0,0.0,0
101.1,26.817,-30.4624,327.1375,0.0002,0.0002,327.1375,,,,,,,,,,,,0.0,0.0,0.0,0.0,0
101.12,26.8132,-30.4617,327.1416,0.0002,0.0002,327.1416,,,,,,,,,,,,0.0,0.0,0.0,0.0,0
101.14,26.8132,-30.4617,327.1416,0.0002,0.0002,327.1416,,,,,,,,,,,,0.0,0.0,0.0,0.0,0
101.16,26.8132,-30.4617,327.1416,0.0002,0.0002,327.1416,,,,,,,,,,,,0.0,0.0,0.0,0.0,0
101.18,26.8132,-30.4617,327.1416,0.0002,0.0002,327.1416,,,,,,,,,,,,0.0,0.0,0.0,0.0,0
101.2,26.8174,-30.4606,327.1383,0.0002,0.0002,327.1383,,,,,,,,,,,,0.0,0.0,0.0,0.0,0
101.22,26.8174,-30.4606,327.1383,0.0002,0.0002,327.1383,,,,,,,,,,,,0.0,0.0,0.0,0.0,0
101.24,26.8174,-30.4606,327.1383,0.0002,0.0002,327.1383,,,,,,,,,,,,0.0,0.0,0.0,0.0,0
101.26,26.8174,-30.4606,327.1383,0.0002,0.0002,327.1383,,,,,,,,,,,,0.0,0.0,0.0,0.0,0
101.28,26.8174,-30.4606,327.1383,0.0002,0.0002,327.1383,,,,,,,,,,,,0.0,0.0,0.0,0.0,0
101.3,26.8174,-30.4606,327.1383,0.0002,0.0002,327.1383,,,,,,,,,,,,0.0,0.0,0.0,0.0,0
101.32,26.8182,-30.4642,327.1393,0.0002,0.0002,327.1393,,,,,,,,,,,,0.0,0.0,0.0,0.0,0
101.34,26.8182,-30.4642,327.1393,0.0002,0.0002,327.1393,,,,,,,,,,,,0.0,0.0,0.0,0.0,0
101.36,26.8182,-30.4642,327.1393,0.0002,0.0002,327.1393,,,,,,,,,,,,0.0,0.0,0.0,0.0,0
101.38,26.8182,-30.4642,327.1393,0.0002,0.0002,327.1393,,,,,,,,,,,,0.0,0.0,0.0,0.0,0
101.4,26.8214,-30.4667,327.136,0.0002,0.0002,327.136,,,,,,,,,,,,0.0,0.0,0.0,0.0,0
101.42,26.8214,-30.4667,327.136,0.0002,0.0002,327.136,,,,,,,,,,,,0.0,0.0,0.0,0.0,0
101.44,26.8214,-30.4667,327.136,0.0002,0.0002,327.136,,,,,,,,,,,,0.0,0.0,0.0,0.0,0
101.46,26.8214,-30.4667,327.136,0.0002,0.0002,327.136,,,,,,,,,,,,0.0,0.0,0.0,0.0,0
101.48,26.8214,-30.4667,327.136,0.0002,0.0002,327.136,,,,,,,,,,,,0.0,0.0,0.0,0.0,0
101.5,26.8214,-30.4667,327.136,0.0002,0.0002,327.136,,,,,,,,,,,,0.0,0.0,0.0,0.0,0
101.52,26.8262,-30.4686,327.1386,0.0002,0.0002,327.1386,,,,,,,,,,,,0.0,0.0,0.0,0.0,0
101.54,26.8262,-30.4686,327.1386,0.0002,0.0002,327.1386,,,,,,,,,,,,0.0,0.0,0.0,0.0,0
101.56,26.8262,-30.4686,327.1386,0.0002,0.0002,327.1386,,,,,,,,,,,,0.0,0.0,0.0,0.0,0
101.58,26.8262,-30.4686,327.1386,0.0002,0.0002,327.1386,,,,,,,,,,,,0.0,0.0,0.0,0.0,0
101.6,26.8277,-30.4689,327.1392,0.0002,0.0002,327.1392,,,,,,,,,,,,0.0,0.0,0.0,0.0,0
101.62,26.8277,-30.4689,327.1392,0.0002,0.0002,327.1392,,,,,,,,,,,,0.0,0.0,0.0,0.0,0
101.64,26.8277,-30.4689,327.1392,0.0002,0.0002,327.1392,,,,,,,,,,,,0.0,0.0,0.0,0.0,0
101.66,26.8277,-30.4689,327.1392,0.0002,0.0002,327.1392,,,,,,,,,,,,0.0,0.0,0.0,0.0,0
101.68,26.8277,-30.4689,327.1392,0.0002,0.0002,327.1392,,,,,,,,,,,,0.0,0.0,0.0,0.0,0
101.7,26.8277,-30.4689,327.1392,0.0002,0.0002,327.1392,,,,,,,,,,,,0.0,0.0,0.0,0.0,0
101.72,26.8285,-30.4685,327.1431,0.0002,0.0002,327.1431,,,,,,,,,,,,0.0,0.0,0.0,0.0,0
101.74,26.8285,-30.4685,327.1431,0.0002,0.0002,327.1431,,,,,,,,,,,,0.0,0.0,0.0,0.0,0
101.76,26.8285,-30.4685,327.1431,0.0002,0.0002,327.1431,,,,,,,,,,,,0.0,0.0,0.0,0.0,0
101.78,26.8285,-30.4685,327.1431,0.0002,0.0002,327.1431,,,,,,,,,,,,0.0,0.0,0.0,0.0,0
101.8,26.8314,-30.4708,327.1439,0.0002,0.0002,327.1439,,,,,,,,,,,,0.0,0.0,0.0,0.0,0
101.82,26.8314,-30.4708,327.1439,0.0002,0.0002,327.1439,,,,,,,,,,,,0.0,0.0,0.0,0.0,0
101.84,26.8314,-30.4708,327.1439,0.0002,0.0002,327.1439,,,,,,,,,,,,0.0,0.0,0.0,0.0,0
101.86,26.8314,-30.4708,327.1439,0.0002,0.0002,327.1439,,,,,,,,,,,,0.0,0.0,0.0,0.0,0
101.88,26.8314,-30.4708,327.1439,0.0002,0.0002,327.1439,,,,,,,,,,,,0.0,0.0,0.0,0.0,0
101.9,26.8314,-30.4708,327.1439,0.0002,0.0002,327.1439,,,,,,,,,,,,0.0,0.0,0.0,0.0,0
101.92,26.8332,-30.4686,327.1429,0.0002,0.0002,327.1429,,,,,,,,,,,,0.0,0.0,0.0,0.0,0
101.94,26.8332,-30.4686,327.1429,0.0002,0.0002,327.1429,,,,,,,,,,,,0.0,0.0,0.0,0.0,0
101.96,26.8332,-30.4686,327.1429,0.0002,0.0002,327.1429,,,,,,,,,,,,0.0,0.0,0.0,0.0,0
101.98,26.8332,-30.4686,327.1429,0.0002,0.0002,327.1429,,,,,,,,,,,,0.0,0.0,0.0,0.0,0
102.0,26.8324,-30.4706,327.1475,0.0002,0.0002,327.1475,,,,,,,,,,,,0.0,0.0,0.0,0.0,0
102.02,26.8324,-30.4706,327.1475,0.0002,0.0002,327.1475,,,,,,,,,,,,0.0,0.0,0.0,0.0,0
102.04,26.8324,-30.4706,327.1475,0.0002,0.0002,327.1475,,,,,,,,,,,,0.0,0.0,0.0,0.0,0
102.06,26.8324,-30.4706,327.1475,0.0002,0.0002,327.1475,,,,,,,,,,,,0.0,0.0,0.0,0.0,0
102.08,26.8324,-30.4706,327.1475,0.0002,0.0002,327.1475,,,,,,,,,,,,0.0,0.0,0.0,0.0,0
102.1,26.8324,-30.4706,327.1475,0.0002,0.0002,327.1475,,,,,,,,,,,,0.0,0.0,0.0,0.0,0
102.12,26.8366,-30.4701,327.1422,0.0002,0.0002,327.1423,,,,,,,,,,,,0.0,0.0,0.0,0.0,0
102.14,26.8366,-30.4701,327.1422,0.0002,0.0002,327.1423,,,,,,,,,,,,0.0,0.0,0.0,0.0,0
102.16,26.8366,-30.4701,327.1422,0.0002,0.0002,327.1423,,,,,,,,,,,,0.0,0.0,0.0,0.0,0
102.18,26.8366,-30.4701,327.1422,0.0002,0.0002,327.1423,,,,,,,,,,,,0.0,0.0,0.0,0.0,0
102.2,26.8329,-30.4653,327.1515,0.0002,0.0002,327.1515,,,,,,,,,,,,0.0,0.0,0.0,0.0,0
102.22,26.8329,-30.4653,327.1515,0.0002,0.0002,327.1515,,,,,,,,,,,,0.0,0.0,0.0,0.0,0
102.24,26.8329,-30.4653,327.1515,0.0002,0.0002,327.1515,,,,,,,,,,,,0.0,0.0,0.0,0.0,0
102.26,26.8329,-30.4653,327.1515,0.0002,0.0002,327.1515,,,,,,,,,,,,0.0,0.0,0.0,0.0,0
102.28,26.8329,-30.4653,327.1515,0.0002,0.0002,327.1515,,,,,,,,,,,,0.0,0.0,0.0,0.0,0
102.3,26.8329,-30.4653,327.1515,0.0002,0.0002,327.1515,,,,,,,,,,,,0.0,0.0,0.0,0.0,0
102.32,26.8346,-30.4681,327.1496,0.0002,0.0002,327.1496,,,,,,,,,,,,0.0,0.0,0.0,0.0,0
102.34,26.8346,-30.4681,327.1496,0.0002,0.0002,327.1496,,,,,,,,,,,,0.0,0.0,0.0,0.0,0
102.36,26.8346,-30.4681,327.1496,0.0002,0.0002,327.1496,,,,,,,,,,,,0.0,0.0,0.0,0.0,0
102.38,26.8346,-30.4681,327.1496,0.0002,0.0002,327.1496,,,,,,,,,,,,0.0,0.0,0.0,0.0,0
102.4,26.8393,-30.4692,327.148,0.0002,0.0002,327.148,,,,,,,,,,,,0.0,0.0,0.0,0.0,0
102.42,26.8393,-30.4692,327.148,0.0002,0.0002,327.148,,,,,,,,,,,,0.0,0.0,0.0,0.0,0
102.44,26.8393,-30.4692,327.148,0.0002,0.0002,327.148,,,,,,,,,,,,0.0,0.0,0.0,0.0,0
102.46,26.8393,-30.4692,327.148,0.0002,0.0002,327.148,,,,,,,,,,,,0.0,0.0,0.0,0.0,0
102.48,26.8393,-30.4692,327.148,0.0002,0.0002,327.148,,,,,,,,,,,,0.0,0.0,0.0,0.0,0
102.5,26.8393,-30.4692,327.148,0.0002,0.0002,327.148,,,,,,,,,,,,0.0,0.0,0.0,0.0,0
102.52,26.8401,-30.4696,327.1494,0.0002,0.0002,327.1494,,,,,,,,,,,,0.0,0.0,0.0,0.0,0
102.54,26.8401,-30.4696,327.1494,0.0002,0.0002,327.1494,,,,,,,,,,,,0.0,0.0,0.0,0.0,0
102.56,26.8401,-30.4696,327.1494,0.0002,0.0002,327.1494,,,,,,,,,,,,0.0,0.0,0.0,0.0,0
102.58,26.8401,-30.4696,327.1494,0.0002,0.0002,327.1494,,,,,,,,,,,,0.0,0.0,0.0,0.0,0
102.6,26.8456,-30.4679,327.1534,0.0002,0.0002,327.1534,,,,,,,,,,,,0.0,0.0,0.0,0.0,0
102.62,26.8456,-30.4679,327.1534,0.0002,0.0002,327.1534,,,,,,,,,,,,0.0,0.0,0.0,0.0,0
102.64,26.8456,-30.4679,327.1534,0.0002,0.0002,327.1534,,,,,,,,,,,,0.0,0.0,0.0,0.0,0
102.66,26.8456,-30.4679,327.1534,0.0002,0.0002,327.1534,,,,,,,,,,,,0.0,0.0,0.0,0.0,0
102.68,26.8456,-30.4679,327.1534,0.0002,0.0002,327.1534,,,,,,,,,,,,0.0,0.0,0.0,0.0,0
102.7,26.8456,-30.4679,327.1534,0.0002,0.0002,327.1534,,,,,,,,,,,,0.0,0.0,0.0,0.0,0
102.72,26.8489,-30.4702,327.1496,0.0002,0.0002,327.1496,,,,,,,,,,,,0.0,0.0,0.0,0.0,0
102.74,26.8489,-30.4702,327.1496,0.0002,0.0002,327.1496,,,,,,,,,,,,0.0,0.0,0.0,0.0,0
102.76,26.8489,-30.4702,327.1496,0.0002,0.0002,327.1496,,,,,,,,,,,,0.0,0.0,0.0,0.0,0
102.78,26.8489,-30.4702,327.1496,0.0002,0.0002,327.1496,,,,,,,,,,,,0.0,0.0,0.0,0.0,0
102.8,26.8534,-30.4657,327.1479,-2.1848,0.0001,327.1479,,,,,,,,,,,,0.0,0.0,0.0,0.0,0
102.82,26.8534,-30.4657,327.1479,-2.1848,0.0001,327.1479,,,,,,,,,,,,0.0,0.0,0.0,0.0,0
102.84,26.8534,-30.4657,327.1479,-2.1848,0.0001,327.1479,,,,,,,,,,,,0.0,0.0,0.0,0.0,0
102.86,26.8534,-30.4657,327.1479,-2.1848,0.0001,327.1479,,,,,,,,,,,,0.0,0.0,0.0,0.0,0
102.88,26.8534,-30.4657,327.1479,-2.1848,0.0001,327.1479,,,,,,,,,,,,0.0,0.0,0.0,0.0,0
102.9,26.8534,-30.4657,327.1479,-2.1848,0.0001,327.1479,,,,,,,,,,,,0.0,0.0,0.0,0.0,0
102.92,26.8526,-30.4691,327.1496,-2.782,0.0001,327.1496,,,,,,,,,,,,0.0,0.0,0.0,0.0,0
102.94,26.8526,-30.4691,327.1496,-2.782,0.0001,327.1496,,,,,,,,,,,,0.0,0.0,0.0,0.0,0
102.96,26.8526,-30.4691,327.1496,-2.782,0.0001,327.1496,,,,,,,,,,,,0.0,0.0,0.0,0.0,0
102.98,26.8526,-30.4691,327.1496,-2.782,0.0001,327.1496,,,,,,,,,,,,0.0,0.0,0.0,0.0,0
103.0,26.8527,-30.4675,327.1498,-1.4203,0.0,327.1498,,,,,,,,,,,,0.0,0.0,0.0,0.0,0
103.02,26.8527,-30.4675,327.1498,-1.4203,0.0,327.1498,,,,,,,,,,,,0.0,0.0,0.0,0.0,0
103.04,26.8527,-30.4675,327.1498,-1.4203,0.0,327.1498,,,,,,,,,,,,0.0,0.0,0.0,0.0,0
103.06,26.8527,-30.4675,327.1498,-1.4203,0.0,327.1498,,,,,,,,,,,,0.0,0.0,0.0,0.0,0
103.08,26.8527,-30.4675,327.1498,-1.4203,0.0,327.1498,,,,,,,,,,,,0.0,0.0,0.0,0.0,0
103.1,26.8527,-30.4675,327.1498,-1.4203,0.0,327.1498,,,,,,,,,,,,0.0,0.0,0.0,0.0,0
103.12,26.852,-30.4654,327.1512,-0.7251,0.0,327.1512,,,,,,,,,,,,0.0,0.0,0.0,0.0,0
103.14,26.852,-30.4654,327.1512,-0.7251,0.0,327.1512,,,,,,,,,,,,0.0,0.0,0.0,0.0,0
103.16,26.852,-30.4654,327.1512,-0.7251,0.0,327.1512,,,,,,,,,,,,0.0,0.0,0.0,0.0,0
103.18,26.852,-30.4654,327.1512,-0.7251,0.0,327.1512,,,,,,,,,,,,0.0,0.0,0.0,0.0,0
103.2,26.8558,-30.4662,327.1509,-0.3702,0.0,327.1509,,,,,,,,,,,,0.0,0.0,0.0,0.0,0
103.22,26.8558,-30.4662,327.1509,-0.3702,0.0,327.1509,,,,,,,,,,,,0.0,0.0,0.0,0.0,0
103.24,26.8558,-30.4662,327.1509,-0.3702,0.0,327.1509,,,,,,,,,,,,0.0,0.0,0.0,0.0,0
103.26,26.8558,-30.4662,327.1509,-0.3702,0.0,327.1509,,,,,,,,,,,,0.0,0.0,0.0,0.0,0
103.28,26.8558,-30.4662,327.1509,-0.3702,0.0,327.1509,,,,,,,,,,,,0.0,0.0,0.0,0.0,0
103.3,26.8558,-30.4662,327.1509,-0.3702,0.0,327.1509,,,,,,,,,,,,0.0,0.0,0.0,0.0,0
103.32,26.8583,-30.4665,327.1515,-0.189,0.0,327.1515,,,,,,,,,,,,0.0,0.0,0.0,0.0,0
103.34,26.8583,-30.4665,327.1515,-0.189,0.0,327.1515,,,,,,,,,,,,0.0,0.0,0.0,0.0,0
103.36,26.8583,-30.4665,327.1515,-0.189,0.0,327.1515,,,,,,,,,,,,0.0,0.0,0.0,0.0,0
103.38,26.8583,-30.4665,327.1515,-0.189,0.0,327.1515,,,,,,,,,,,,0.0,0.0,0.0,0.0,0
103.4,26.8626,-30.4622,327.1489,-0.0965,0.0,327.1489,,,,,,,,,,,,0.0,0.0,0.0,0.0,0
103.42,26.8626,-30.4622,327.1489,-0.0965,0.0,327.1489,,,,,,,,,,,,0.0,0.0,0.0,0.0,0
103.44,26.8626,-30.4622,327.1489,-0.0965,0.0,327.1489,,,,,,,,,,,,0.0,0.0,0.0,0.0,0
103.46,26.8626,-30.4622,327.1489,-0.0965,0.0,327.1489,,,,,,,,,,,,0.0,0.0,0.0,0.0,0
103.48,26.8626,-30.4622,327.1489,-0.0965,0.0,327.1489,,,,,,,,,,,,0.0,0.0,0.0,0.0,0
103.5,26.8626,-30.4622,327.1489,-0.0965,0.0,327.1489,,,,,,,,,,,,0.0,0.0,0.0,0.0,0
103.52,26.8618,-30.4641,327.1524,-0.0493,0.0,327.1524,,,,,,,,,,,,0.0,0.0,0.0,0.0,0
103.54,26.8618,-30.4641,327.1524,-0.0493,0.0,327.1524,,,,,,,,,,,,0.0,0.0,0.0,0.0,0
103.56,26.8618,-30.4641,327.1524,-0.0493,0.0,327.1524,,,,,,,,,,,,0.0,0.0,0.0,0.0,0
103.58,26.8618,-30.4641,327.1524,-0.0493,0.0,327.1524,,,,,,,,,,,,0.0,0.0,0.0,0.0,0
103.6,26.8587,-30.4603,327.1548,-0.0252,0.0,327.1548,,,,,,,,,,,,0.0,0.0,0.0,0.0,0
103.62,26.8587,-30.4603,327.1548,-0.0252,0.0,327.1548,,,,,,,,,,,,0.0,0.0,0.0,0.0,0
103.64,26.8587,-30.4603,327.1548,-0.0252,0.0,327.1548,,,,,,,,,,,,0.0,0.0,0.0,0.0,0
103.66,26.8587,-30.4603,327.1548,-0.0252,0.0,327.1548,,,,,,,,,,,,0.0,0.0,0.0,0.0,0
103.68,26.8587,-30.4603,327.1548,-0.0252,0.0,327.1548,,,,,,,,,,,,0.0,0.0,0.0,0.0,0
103.7,26.8587,-30.4603,327.1548,-0.0252,0.0,327.1548,,,,,,,,,,,,0.0,0.0,0.0,0.0,0
103.72,26.8608,-30.4603,327.1566,-0.0128,0.0,327.1566,,,,,,,,,,,,0.0,0.0,0.0,0.0,0
103.74,26.8608,-30.4603,327.1566,-0.0128,0.0,327.1566,,,,,,,,,,,,0.0,0.0,0.0,0.0,0
103.76,26.8608,-30.4603,327.1566,-0.0128,0.0,327.1566,,,,,,,,,,,,0.0,0.0,0.0,0.0,0
103.78,26.8608,-30.4603,327.1566,-0.0128,0.0,327.1566,,,,,,,,,,,,0.0,0.0,0.0,0.0,0
103.8,26.8642,-30.4649,327.1577,-0.0066,0.0,327.1577,,,,,,,,,,,,0.0,0.0,0.0,0.0,0
103.82,26.8642,-30.4649,327.1577,-0.0066,0.0,327.1577,,,,,,,,,,,,0.0,0.0,0.0,0.0,0
103.84,26.8642,-30.4649,327.1577,-0.0066,0.0,327.1577,,,,,,,,,,,,0.0,0.0,0.0,0.0,0
103.86,26.8642,-30.4649,327.1577,-0.0066,0.0,327.1577,,,,,,,,,,,,0.0,0.0,0.0,0.0,0
103.88,26.8642,-30.4649,327.1577,-0.0066,0.0,327.1577,,,,,,,,,,,,0.0,0.0,0.0,0.0,0
103.9,26.8642,-30.4649,327.1577,-0.0066,0.0,327.1577,,,,,,,,,,,,0.0,0.0,0.0,0.0,0
103.92,26.8618,-30.4587,327.1586,-0.0033,0.0,327.1586,,,,,,,,,,,,0.0,0.0,0.0,0.0,0
103.94,26.8618,-30.4587,327.1586,-0.0033,0.0,327.1586,,,,,,,,,,,,0.0,0.0,0.0,0.0,0
103.96,26.8618,-30.4587,327.1586,-0.0033,0.0,327.1586,,,,,,,,,,,,0.0,0.0,0.0,0.0,0
103.98,26.8618,-30.4587,327.1586,-0.0033,0.0,327.1586,,,,,,,,,,,,0.0,0.0,0.0,0.0,0
104.0,26.8593,-30.4619,327.16,-0.0017,0.0,327.16,,,,,,,,,,,,0.0,0.0,0.0,0.0,0
104.02,26.8593,-30.4619,327.16,-0.0017,0.0,327.16,,,,,,,,,,,,0.0,0.0,0.0,0.0,0
104.04,26.8593,-30.4619,327.16,-0.0017,0.0,327.16,,,,,,,,,,,,0.0,0.0,0.0,0.0,0
104.06,26.8593,-30.4619,327.16,-0.0017,0.0,327.16,,,,,,,,,,,,0.0,0.0,0.0,0.0,0
104.08,26.8593,-30.4619,327.16,-0.0017,0.0,327.16,,,,,,,,,,,,0.0,0.0,0.0,0.0,0
104.1,26.8593,-30.4619,327.16,-0.0017,0.0,327.16,,,,,,,,,,,,0.0,0.0,0.0,0.0,0
104.12,26.8665,-30.465,327.1515,-0.0009,0.0,327.1515,,,,,,,,,,,,0.0,0.0,0.0,0.0,0
104.14,26.8665,-30.465,327.1515,-0.0009,0.0,327.1515,,,,,,,,,,,,0.0,0.0,0.0,0.0,0
104.16,26.8665,-30.465,327.1515,-0.0009,0.0,327.1515,,,,,,,,,,,,0.0,0.0,0.0,0.0,0
104.18,26.8665,-30.465,327.1515,-0.0009,0.0,327.1515,,,,,,,,,,,,0.0,0.0,0.0,0.0,0
104.2,26.8634,-30.4593,327.1528,-0.0004,0.0,327.1528,,,,,,,,,,,,0.0,0.0,0.0,0.0,0
104.22,26.8634,-30.4593,327.1528,-0.0004,0.0,327.1528,,,,,,,,,,,,0.0,0.0,0.0,0.0,0
104.24,26.8634,-30.4593,327.1528,-0.0004,0.0,327.1528,,,,,,,,,,,,0.0,0.0,0.0,0.0,0
104.26,26.8634,-30.4593,327.1528,-0.0004,0.0,327.1528,,,,,,,,,,,,0.0,0.0,0.0,0.0,0
104.28,26.8634,-30.4593,327.1528,-0.0004,0.0,327.1528,,,,,,,,,,,,0.0,0.0,0.0,0.0,0
104.3,26.8634,-30.4593,327.1528,-0.0004,0.0,327.1528,,,,,,,,,,,,0.0,0.0,0.0,0.0,0
104.32,26.8635,-30.4584,327.1441,-0.0004,0.0,327.1441,,,,,,,,,,,,0.0,0.0,0.0,0.0,0
104.34,26.8635,-30.4584,327.1441,-0.0004,0.0,327.1441,,,,,,,,,,,,0.0,0.0,0.0,0.0,0
104.36,26.8635,-30.4584,327.1441,-0.0004,0.0,327.1441,,,,,,,,,,,,0.0,0.0,0.0,0.0,0
104.38,26.8635,-30.4584,327.1441,-0.0004,0.0,327.1441,,,,,,,,,,,,0.0,0.0,0.0,0.0,0
104.4,26.8657,-30.4598,327.1428,-0.0004,0.0,327.1428,,,,,,,,,,,,0.0,0.0,0.0,0.0,0
104.42,26.8657,-30.4598,327.1428,-0.0004,0.0,327.1428,,,,,,,,,,,,0.0,0.0,0.0,0.0,0
104.44,26.8657,-30.4598,327.1428,-0.0004,0.0,327.1428,,,,,,,,,,,,0.0,0.0,0.0,0.0,0
104.46,26.8657,-30.4598,327.1428,-0.0004,0.0,327.1428,,,,,,,,,,,,0.0,0.0,0.0,0.0,0
104.48,26.8657,-30.4598,327.1428,-0.0004,0.0,327.1428,,,,,,,,,,,,0.0,0.0,0.0,0.0,0
104.5,26.8657,-30.4598,327.1428,-0.0004,0.0,327.1428,,,,,,,,,,,,0.0,0.0,0.0,0.0,0
104.52,26.8628,-30.459,327.1407,-0.0004,0.0,327.1407,,,,,,,,,,,,0.0,0.0,0.0,0.0,0
104.54,26.8628,-30.459,327.1407,-0.0004,0.0,327.1407,,,,,,,,,,,,0.0,0.0,0.0,0.0,0
104.56,26.8628,-30.459,327.1407,-0.0004,0.0,327.1407,,,,,,,,,,,,0.0,0.0,0.0,0.0,0
104.58,26.8628,-30.459,327.1407,-0.0004,0.0,327.1407,,,,,,,,,,,,0.0,0.0,0.0,0.0,0
104.6,26.8648,-30.4623,327.1421,-0.0004,0.0,327.1421,,,,,,,,,,,,0.0,0.0,0.0,0.0,0
104.62,26.8648,-30.4623,327.1421,-0.0004,0.0,327.1421,,,,,,,,,,,,0.0,0.0,0.0,0.0,0
104.64,26.8648,-30.4623,327.1421,-0.0004,0.0,327.1421,,,,,,,,,,,,0.0,0.0,0.0,0.0,0
104.66,26.8648,-30.4623,327.1421,-0.0004,0.0,327.1421,,,,,,,,,,,,0.0,0.0,0.0,0.0,0
104.68,26.8648,-30.4623,327.1421,-0.0004,0.0,327.1421,,,,,,,,,,,,0.0,0.0,0.0,0.0,0
104.7,26.8648,-30.4623,327.1421,-0.0004,0.0,327.1421,,,,,,,,,,,,0.0,0.0,0.0,0.0,0
104.72,26.8662,-30.4643,327.133,-0.0004,0.0,327.133,,,,,,,,,,,,0.0,0.0,0.0,0.0,0
104.74,26.8662,-30.4643,327.133,-0.0004,0.0,327.133,,,,,,,,,,,,0.0,0.0,0.0,0.0,0
104.76,26.8662,-30.4643,327.133,-0.0004,0.0,327.133,,,,,,,,,,,,0.0,0.0,0.0,0.0,0
104.78,26.8662,-30.4643,327.133,-0.0004,0.0,327.133,,,,,,,,,,,,0.0,0.0,0.0,0.0,0
104.8,26.8655,-30.4655,327.1297,-0.0004,0.0,327.1297,,,,,,,,,,,,0.0,0.0,0.0,0.0,0
104.82,26.8655,-30.4655,327.1297,-0.0004,0.0,327.1297,,,,,,,,,,,,0.0,0.0,0.0,0.0,0
104.84,26.8655,-30.4655,327.1297,-0.0004,0.0,327.1297,,,,,,,,,,,,0.0,0.0,0.0,0.0,0
104.86,26.8655,-30.4655,327.1297,-0.0004,0.0,327.1297,,,,,,,,,,,,0.0,0.0,0.0,0.0,0
104.88,26.8655,-30.4655,327.1297,-0.0004,0.0,327.1297,,,,,,,,,,,,0.0,0.0,0.0,0.0,0
104.9,26.8655,-30.4655,327.1297,-0.0004,0.0,327.1297,,,,,,,,,,,,0.0,0.0,0.0,0.0,0
104.92,26.8689,-30.4693,327.1227,-0.0004,0.0,327.1227,,,,,,,,,,,,0.0,0.0,0.0,0.0,0
104.94,26.8689,-30.4693,327.1227,-0.0004,0.0,327.1227,,,,,,,,,,,,0.0,0.0,0.0,0.0,0
104.96,26.8689,-30.4693,327.1227,-0.0004,0.0,327.1227,,,,,,,,,,,,0.0,0.0,0.0,0.0,0
104.98,26.8689,-30.4693,327.1227,-0.0004,0.0,327.1227,,,,,,,,,,,,0.0,0.0,0.0,0.0,0
105.0,26.8734,-30.469,327.1208,-0.0004,0.0,327.1208,,,,,,,,,,,,0.0,0.0,0.0,0.0,0
105.02,26.8734,-30.469,327.1208,-0.0004,0.0,327.1208,,,,,,,,,,,,0.0,0.0,0.0,0.0,0
105.04,26.8734,-30.469,327.1208,-0.0004,0.0,327.1208,,,,,,,,,,,,0.0,0.0,0.0,0.0,0
105.06,26.8734,-30.469,327.1208,-0.0004,0.0,327.1208,,,,,,,,,,,,0.0,0.0,0.0,0.0,0
105.08,26.8734,-30.469,327.1208,-0.0004,0.0,327.1208,,,,,,,,,,,,0.0,0.0,0.0,0.0,0
105.1,26.8734,-30.469,327.1208,-0.0004,0.0,327.1208,,,,,,,,,,,,0.0,0.0,0.0,0.0,0
105.12,26.8726,-30.4648,327.1214,-0.0004,0.0,327.1214,,,,,,,,,,,,0.0,0.0,0.0,0.0,0
105.14,26.8726,-30.4648,327.1214,-0.0004,0.0,327.1214,,,,,,,,,,,,0.0,0.0,0.0,0.0,0
105.16,26.8726,-30.4648,327.1214,-0.0004,0.0,327.1214,,,,,,,,,,,,0.0,0.0,0.0,0.0,0
105.18,26.8726,-30.4648,327.1214,-0.0004,0.0,327.1214,,,,,,,,,,,,0.0,0.0,0.0,0.0,0
105.2,26.8713,-30.4628,327.1202,-0.0004,0.0,327.1202,,,,,,,,,,,,0.0,0.0,0.0,0.0,0
105.22,26.8713,-30.4628,327.1202,-0.0004,0.0,327.1202,,,,,,,,,,,,0.0,0.0,0.0,0.0,0
105.24,26.8713,-30.4628,327.1202,-0.0004,0.0,327.1202,,,,,,,,,,,,0.0,0.0,0.0,0.0,0
105.26,26.8713,-30.4628,327.1202,-0.0004,0.0,327.1202,,,,,,,,,,,,0.0,0.0,0.0,0.0,0
105.28,26.8713,-30.4628,327.1202,-0.0004,0.0,327.1202,,,,,,,,,,,,0.0,0.0,0.0,0.0,0
105.3,26.8713,-30.4628,327.1202,-0.0004,0.0,327.1202,,,,,,,,,,,,0.0,0.0,0.0,0.0,0
105.32,26.874,-30.4645,327.1132,-0.0004,0.0,327.1132,,,,,,,,,,,,0.0,0.0,0.0,0.0,0
105.34,26.874,-30.4645,327.1132,-0.0004,0.0,327.1132,,,,,,,,,,,,0.0,0.0,0.0,0.0,0
105.36,26.874,-30.4645,327.1132,-0.0004,0.0,327.1132,,,,,,,,,,,,0.0,0.0,0.0,0.0,0
105.38,26.874,-30.4645,327.1132,-0.0004,0.0,327.1132,,,,,,,,,,,,0.0,0.0,0.0,0.0,0
105.4,26.7782,-30.3909,327.0939,-0.0004,0.0,327.0939,,,,,,,,,,,,0.0,0.0,0.0,0.0,0
105.42,26.7782,-30.3909,327.0939,-0.0004,0.0,327.0939,,,,,,,,,,,,0.0,0.0,0.0,0.0,0
105.44,26.7782,-30.3909,327.0939,-0.0004,0.0,327.0939,,,,,,,,,,,,0.0,0.0,0.0,0.0,0
105.46,26.7782,-30.3909,327.0939,-0.0004,0.0,327.0939,,,,,,,,,,,,0.0,0.0,0.0,0.0,0
105.48,26.7782,-30.3909,327.0939,-0.0004,0.0,327.0939,,,,,,,,,,,,0.0,0.0,0.0,0.0,0
105.5,26.7782,-30.3909,327.0939,-0.0004,0.0,327.0939,,,,,,,,,,,,0.0,0.0,0.0,0.0,0
105.52,29.166,-30.1788,322.0445,-0.0004,0.0,322.0445,,,,,,,,,,,,0.0,0.0,0.0,0.0,0
105.54,29.166,-30.1788,322.0445,-0.0004,0.0,322.0445,,,,,,,,,,,,0.0,0.0,0.0,0.0,0
105.56,29.166,-30.1788,322.0445,-0.0004,0.0,322.0445,,,,,,,,,,,,0.0,0.0,0.0,0.0,0
105.58,29.166,-30.1788,322.0445,-0.0004,0.0,322.0445,,,,,,,,,,,,0.0,0.0,0.0,0.0,0
105.6,34.6204,-27.7815,317.2669,-0.0004,0.0,317.2669,,,,,,,,,,,,0.0,0.0,0.0,0.0,0
105.62,34.6204,-27.7815,317.2669,-0.0004,0.0,317.2669,,,,,,,,,,,,0.0,0.0,0.0,0.0,0
105.64,34.6204,-27.7815,317.2669,-0.0004,0.0,317.2669,,,,,,,,,,,,0.0,0.0,0.0,0.0,0
105.66,34.6204,-27.7815,317.2669,-0.0004,0.0,317.2669,,,,,,,,,,,,0.0,0.0,0.0,0.0,0
105.68,34.6204,-27.7815,317.2669,-0.0004,0.0,317.2669,,,,,,,,,,,,0.0,0.0,0.0,0.0,0
105.7,34.6204,-27.7815,317.2669,-0.0004,0.0,317.2669,,,,,,,,,,,,0.0,0.0,0.0,0.0,0
105.72,33.9378,-27.2166,317.5632,-0.0004,0.0,317.5632,,,,,,,,,,,,0.0,0.0,0.0,0.0,0
105.74,33.9378,-27.2166,317.5632,-0.0004,0.0,317.5632,,,,,,,,,,,,0.0,0.0,0.0,0.0,0
105.76,33.9378,-27.2166,317.5632,-0.0004,0.0,317.5632,,,,,,,,,,,,0.0,0.0,0.0,0.0,0
105.78,33.9378,-27.2166,317.5632,-0.0004,0.0,317.5632,,,,,,,,,,,,0.0,0.0,0.0,0.0,0
105.8,35.876,-27.6292,317.3235,-0.0004,0.0,317.3235,,,,,,,,,,,,0.0,0.0,0.0,0.0,0
105.82,35.876,-27.6292,317.3235,-0.0004,0.0,317.3235,,,,,,,,,,,,0.0,0.0,0.0,0.0,0
105.84,35.876,-27.6292,317.3235,-0.0004,0.0,317.3235,,,,,,,,,,,,0.0,0.0,0.0,0.0,0
105.86,35.876,-27.6292,317.3235,-0.0004,0.0,317.3235,,,,,,,,,,,,0.0,0.0,0.0,0.0,0
105.88,35.876,-27.6292,317.3235,-0.0004,0.0,317.3235,,,,,,,,,,,,0.0,0.0,0.0,0.0,0
105.9,35.876,-27.6292,317.3235,-0.0004,0.0,317.3235,,,,,,,,,,,,0.0,0.0,0.0,0.0,0
105.92,36.311,-27.7414,317.3218,-0.0004,0.0,317.3218,,,,,,,,,,,,0.0,0.0,0.0,0.0,0
105.94,36.311,-27.7414,317.3218,-0.0004,0.0,317.3218,,,,,,,,,,,,0.0,0.0,0.0,0.0,0
105.96,36.311,-27.7414,317.3218,-0.0004,0.0,317.3218,,,,,,,,,,,,0.0,0.0,0.0,0.0,0
105.98,36.311,-27.7414,317.3218,-0.0004,0.0,317.3218,,,,,,,,,,,,0.0,0.0,0.0,0.0,0
106.0,36.3094,-28.1304,317.7385,-0.0004,0.0,317.7385,,,,,,,,,,,,0.0,0.0,0.0,0.0,0
106.02,36.3094,-28.1304,317.7385,-0.0004,0.0,317.7385,,,,,,,,,,,,0.0,0.0,0.0,0.0,0
106.04,36.3094,-28.1304,317.7385,-0.0004,0.0,317.7385,,,,,,,,,,,,0.0,0.0,0.0,0.0,0
106.06,36.3094,-28.1304,317.7385,-0.0004,0.0,317.7385,,,,,,,,,,,,0.0,0.0,0.0,0.0,0
106.08,36.3094,-28.1304,317.7385,-0.0004,0.0,317.7385,,,,,,,,,,,,0.0,0.0,0.0,0.0,0
106.1,36.3094,-28.1304,317.7385,-0.0004,0.0,317.7385,,,,,,,,,,,,0.0,0.0,0.0,0.0,0
106.12,35.1538,-27.6638,317.5123,-0.0004,0.0,317.5123,,,,,,,,,,,,0.0,0.0,0.0,0.0,0
106.14,35.1538,-27.6638,317.5123,-0.0004,0.0,317.5123,,,,,,,,,,,,0.0,0.0,0.0,0.0,0
106.16,35.1538,-27.6638,317.5123,-0.0004,0.0,317.5123,,,,,,,,,,,,0.0,0.0,0.0,0.0,0
106.18,35.1538,-27.6638,317.5123,-0.0004,0.0,317.5123,,,,,,,,,,,,0.0,0.0,0.0,0.0,0
106.2,38.9484,-29.8276,317.8267,-0.0004,0.0,317.8267,,,,,,,,,,,,0.0,0.0,0.0,0.0,0
106.22,38.9484,-29.8276,317.8267,-0.0004,0.0,317.8267,,,,,,,,,,,,0.0,0.0,0.0,0.0,0
106.24,38.9484,-29.8276,317.8267,-0.0004,0.0,317.8267,,,,,,,,,,,,0.0,0.0,0.0,0.0,0
106.26,38.9484,-29.8276,317.8267,-0.0004,0.0,317.8267,,,,,,,,,,,,0.0,0.0,0.0,0.0,0
106.28,38.9484,-29.8276,317.8267,-0.0004,0.0,317.8267,,,,,,,,,,,,0.0,0.0,0.0,0.0,0
106.3,38.9484,-29.8276,317.8267,-0.0004,0.0,317.8267,,,,,,,,,,,,0.0,0.0,0.0,0.0,0
106.32,27.951,-33.1725,318.7513,-0.0004,0.0,318.7513,,,,,,,,,,,,0.0,0.0,0.0,0.0,0
106.34,27.951,-33.1725,318.7513,-0.0004,0.0,318.7513,,,,,,,,,,,,0.0,0.0,0.0,0.0,0
106.36,27.951,-33.1725,318.7513,-0.0004,0.0,318.7513,,,,,,,,,,,,0.0,0.0,0.0,0.0,0
106.38,27.951,-33.1725,318.7513,-0.0004,0.0,318.7513,,,,,,,,,,,,0.0,0.0,0.0,0.0,0
106.4,20.5706,-27.8028,316.9003,-0.0004,0.0,316.9003,,,,,,,,,,,,0.0,0.0,0.0,0.0,0
106.42,20.5706,-27.8028,316.9003,-0.0004,0.0,316.9003,,,,,,,,,,,,0.0,0.0,0.0,0.0,0
106.44,20.5706,-27.8028,316.9003,-0.0004,0.0,316.9003,,,,,,,,,,,,0.0,0.0,0.0,0.0,0
106.46,20.5706,-27.8028,316.9003,-0.0004,0.0,316.9003,,,,,,,,,,,,0.0,0.0,0.0,0.0,0
106.48,20.5706,-27.8028,316.9003,-0.0004,0.0,316.9003,,,,,,,,,,,,0.0,0.0,0.0,0.0,0
106.5,20.5706,-27.8028,316.9003,-0.0004,0.0,316.9003,,,,,,,,,,,,0.0,0.0,0.0,0.0,0
106.52,14.473,-23.8599,319.1516,-0.0004,0.0,319.1516,,,,,,,,,,,,0.0,0.0,0.0,0.0,0
106.54,14.473,-23.8599,319.1516,-0.0004,0.0,319.1516,,,,,,,,,,,,0.0,0.0,0.0,0.0,0
106.56,14.473,-23.8599,319.1516,-0.0004,0.0,319.1516,,,,,,,,,,,,0.0,0.0,0.0,0.0,0
106.58,14.473,-23.8599,319.1516,-0.0004,0.0,319.1516,,,,,,,,,,,,0.0,0.0,0.0,0.0,0
106.6,11.608,-24.5137,319.5594,-0.0004,0.0,319.5594,,,,,,,,,,,,0.0,0.0,0.0,0.0,0
106.62,11.608,-24.5137,319.5594,-0.0004,0.0,319.5594,,,,,,,,,,,,0.0,0.0,0.0,0.0,0
106.64,11.608,-24.5137,319.5594,-0.0004,0.0,319.5594,,,,,,,,,,,,0.0,0.0,0.0,0.0,0
106.66,11.608,-24.5137,319.5594,-0.0004,0.0,319.5594,,,,,,,,,,,,0.0,0.0,0.0,0.0,0
106.68,11.608,-24.5137,319.5594,-0.0004,0.0,319.5594,,,,,,,,,,,,0.0,0.0,0.0,0.0,0
106.7,11.608,-24.5137,319.5594,-0.0004,0.0,319.5594,,,,,,,,,,,,0.0,0.0,0.0,0.0,0
106.72,11.9073,-23.3298,320.1263,-0.0004,0.0,320.1263,,,,,,,,,,,,0.0,0.0,0.0,0.0,0
106.74,11.9073,-23.3298,320.1263,-0.0004,0.0,320.1263,,,,,,,,,,,,0.0,0.0,0.0,0.0,0
106.76,11.9073,-23.3298,320.1263,-0.0004,0.0,320.1263,,,,,,,,,,,,0.0,0.0,0.0,0.0,0
106.78,11.9073,-23.3298,320.1263,-0.0004,0.0,320.1263,,,,,,,,,,,,0.0,0.0,0.0,0.0,0
106.8,10.4074,-23.4994,317.9452,-0.0004,0.0,317.9452,,,,,,,,,,,,0.0,0.0,0.0,0.0,0
106.82,10.4074,-23.4994,317.9452,-0.0004,0.0,317.9452,,,,,,,,,,,,0.0,0.0,0.0,0.0,0
106.84,10.4074,-23.4994,317.9452,-0.0004,0.0,317.9452,,,,,,,,,,,,0.0,0.0,0.0,0.0,0
106.86,10.4074,-23.4994,317.9452,-0.0004,0.0,317.9452,,,,,,,,,,,,0.0,0.0,0.0,0.0,0
106.88,10.4074,-23.4994,317.9452,-0.0004,0.0,317.9452,,,,,,,,,,,,0.0,0.0,0.0,0.0,0
106.9,10.4074,-23.4994,317.9452,-0.0004,0.0,317.9452,,,,,,,,,,,,0.0,0.0,0.0,0.0,0
106.92,10.4705,-23.5113,318.5659,-0.0004,0.0,318.5659,,,,,,,,,,,,0.0,0.0,0.0,0.0,0
106.94,10.4705,-23.5113,318.5659,-0.0004,0.0,318.5659,,,,,,,,,,,,0.0,0.0,0.0,0.0,0
106.96,10.4705,-23.5113,318.5659,-0.0004,0.0,318.5659,,,,,,,,,,,,0.0,0.0,0.0,0.0,0
106.98,10.4705,-23.5113,318.5659,-0.0004,0.0,318.5659,,,,,,,,,,,,0.0,0.0,0.0,0.0,0
107.0,8.5378,-22.711,319.0667,-0.0004,0.0,319.0667,,,,,,,,,,,,0.0,0.0,0.0,0.0,0
107.02,8.5378,-22.711,319.0667,-0.0004,0.0,319.0667,,,,,,,,,,,,0.0,0.0,0.0,0.0,0
107.04,8.5378,-22.711,319.0667,-0.0004,0.0,319.0667,,,,,,,,,,,,0.0,0.0,0.0,0.0,0
107.06,8.5378,-22.711,319.0667,-0.0004,0.0,319.0667,,,,,,,,,,,,0.0,0.0,0.0,0.0,0
107.08,8.5378,-22.711,319.0667,-0.0004,0.0,319.0667,,,,,,,,,,,,0.0,0.0,0.0,0.0,0
107.1,8.5378,-22.711,319.0667,-0.0004,0.0,319.0667,,,,,,,,,,,,0.0,0.0,0.0,0.0,0
107.12,7.232,-22.8784,318.7465,-0.0004,0.0,318.7465,,,,,,,,,,,,0.0,0.0,0.0,0.0,0
107.14,7.232,-22.8784,318.7465,-0.0004,0.0,318.7465,,,,,,,,,,,,0.0,0.0,0.0,0.0,0
107.16,7.232,-22.8784,318.7465,-0.0004,0.0,318.7465,,,,,,,,,,,,0.0,0.0,0.0,0.0,0
107.18,7.232,-22.8784,318.7465,-0.0004,0.0,318.7465,,,,,,,,,,,,0.0,0.0,0.0,0.0,0
107.2,6.5918,-21.5706,319.303,-0.0004,0.0,319.303,,,,,,,,,,,,0.0,0.0,0.0,0.0,0
107.22,6.5918,-21.5706,319.303,-0.0004,0.0,319.303,,,,,,,,,,,,0.0,0.0,0.0,0.0,0
107.24,6.5918,-21.5706,319.303,-0.0004,0.0,319.303,,,,,,,,,,,,0.0,0.0,0.0,0.0,0
107.26,6.5918,-21.5706,319.303,-0.0004,0.0,319.303,,,,,,,,,,,,0.0,0.0,0.0,0.0,0
107.28,6.5918,-21.5706,319.303,-0.0004,0.0,319.303,,,,,,,,,,,,0.0,0.0,0.0,0.0,0
107.3,6.5918,-21.5706,319.303,-0.0004,0.0,319.303,,,,,,,,,,,,0.0,0.0,0.0,0.0,0
107.32,7.4504,-24.0372,319.1762,-0.0004,0.0,319.1762,,,,,,,,,,,,0.0,0.0,0.0,0.0,0
107.34,7.4504,-24.0372,319.1762,-0.0004,0.0,319.1762,,,,,,,,,,,,0.0,0.0,0.0,0.0,0
107.36,7.4504,-24.0372,319.1762,-0.0004,0.0,319.1762,,,,,,,,,,,,0.0,0.0,0.0,0.0,0
107.38,7.4504,-24.0372,319.1762,-0.0004,0.0,319.1762,,,,,,,,,,,,0.0,0.0,0.0,0.0,0
107.4,8.0587,-24.21,317.4873,-0.0004,0.0,317.4873,,,,,,,,,,,,0.0,0.0,0.0,0.0,0
107.42,8.0587,-24.21,317.4873,-0.0004,0.0,317.4873,,,,,,,,,,,,0.0,0.0,0.0,0.0,0
107.44,8.0587,-24.21,317.4873,-0.0004,0.0,317.4873,,,,,,,,,,,,0.0,0.0,0.0,0.0,0
107.46,8.0587,-24.21,317.4873,-0.0004,0.0,317.4873,,,,,,,,,,,,0.0,0.0,0.0,0.0,0
107.48,8.0587,-24.21,317.4873,-0.0004,0.0,317.4873,,,,,,,,,,,,0.0,0.0,0.0,0.0,0
107.5,8.0587,-24.21,317.4873,-0.0004,0.0,317.4873,,,,,,,,,,,,0.0,0.0,0.0,0.0,0
107.52,7.9144,-25.0373,316.7564,-0.0004,0.0,316.7564,,,,,,,,,,,,0.0,0.0,0.0,0.0,0
107.54,7.9144,-25.0373,316.7564,-0.0004,0.0,316.7564,,,,,,,,,,,,0.0,0.0,0.0,0.0,0
107.56,7.9144,-25.0373,316.7564,-0.0004,0.0,316.7564,,,,,,,,,,,,0.0,0.0,0.0,0.0,0
107.58,7.9144,-25.0373,316.7564,-0.0004,0.0,316.7564,,,,,,,,,,,,0.0,0.0,0.0,0.0,0
107.6,8.5281,-25.1738,316.5607,-0.0004,0.0,316.5607,,,,,,,,,,,,0.0,0.0,0.0,0.0,0
107.62,8.5281,-25.1738,316.5607,-0.0004,0.0,316.5607,,,,,,,,,,,,0.0,0.0,0.0,0.0,0
107.64,8.5281,-25.1738,316.5607,-0.0004,0.0,316.5607,,,,,,,,,,,,0.0,0.0,0.0,0.0,0
107.66,8.5281,-25.1738,316.5607,-0.0004,0.0,316.5607,,,,,,,,,,,,0.0,0.0,0.0,0.0,0
107.68,8.5281,-25.1738,316.5607,-0.0004,0.0,316.5607,,,,,,,,,,,,0.0,0.0,0.0,0.0,0
107.7,8.5281,-25.1738,316.5607,-0.0004,0.0,316.5607,,,,,,,,,,,,0.0,0.0,0.0,0.0,0
107.72,8.4103,-25.1331,316.3515,-0.0004,0.0,316.3515,,,,,,,,,,,,0.0,0.0,0.0,0.0,0
107.74,8.4103,-25.1331,316.3515,-0.0004,0.0,316.3515,,,,,,,,,,,,0.0,0.0,0.0,0.0,0
107.76,8.4103,-25.1331,316.3515,-0.0004,0.0,316.3515,,,,,,,,,,,,0.0,0.0,0.0,0.0,0
107.78,8.4103,-25.1331,316.3515,-0.0004,0.0,316.3515,,,,,,,,,,,,0.0,0.0,0.0,0.0,0
107.8,7.9282,-25.3479,316.8545,-0.0004,0.0,316.8545,,,,,,,,,,,,0.0,0.0,0.0,0.0,0
107.82,7.9282,-25.3479,316.8545,-0.0004,0.0,316.8545,,,,,,,,,,,,0.0,0.0,0.0,0.0,0
107.84,7.9282,-25.3479,316.8545,-0.0004,0.0,316.8545,,,,,,,,,,,,0.0,0.0,0.0,0.0,0
107.86,7.9282,-25.3479,316.8545,-0.0004,0.0,316.8545,,,,,,,,,,,,0.0,0.0,0.0,0.0,0
107.88,7.9282,-25.3479,316.8545,-0.0004,0.0,316.8545,,,,,,,,,,,,0.0,0.0,0.0,0.0,0
107.9,7.9282,-25.3479,316.8545,-0.0004,0.0,316.8545,,,,,,,,,,,,0.0,0.0,0.0,0.0,0
107.92,5.7869,-22.6324,314.2995,-0.0004,0.0,314.2995,,,,,,,,,,,,0.0,0.0,0.0,0.0,0
107.94,5.7869,-22.6324,314.2995,-0.0004,0.0,314.2995,,,,,,,,,,,,0.0,0.0,0.0,0.0,0
107.96,5.7869,-22.6324,314.2995,-0.0004,0.0,314.2995,,,,,,,,,,,,0.0,0.0,0.0,0.0,0
107.98,5.7869,-22.6324,314.2995,-0.0004,0.0,314.2995,,,,,,,,,,,,0.0,0.0,0.0,0.0,0
108.0,5.5723,-17.6572,309.7122,-0.0004,0.0,309.7122,,,,,,,,,,,,0.0,0.0,0.0,0.0,0
108.02,5.5723,-17.6572,309.7122,-0.0004,0.0,309.7122,,,,,,,,,,,,0.0,0.0,0.0,0.0,0
108.04,5.5723,-17.6572,309.7122,-0.0004,0.0,309.7122,,,,,,,,,,,,0.0,0.0,0.0,0.0,0
108.06,5.5723,-17.6572,309.7122,-0.0004,0.0,309.7122,,,,,,,,,,,,0.0,0.0,0.0,0.0,0
108.08,5.5723,-17.6572,309.7122,-0.0004,0.0,309.7122,,,,,,,,,,,,0.0,0.0,0.0,0.0,0
108.1,5.5723,-17.6572,309.7122,-0.0004,0.0,309.7122,,,,,,,,,,,,0.0,0.0,0.0,0.0,0
108.12,6.155,-16.2159,316.2332,-0.0004,0.0,316.2332,,,,,,,,,,,,0.0,0.0,0.0,0.0,0
108.14,6.155,-16.2159,316.2332,-0.0004,0.0,316.2332,,,,,,,,,,,,0.0,0.0,0.0,0.0,0
108.16,6.155,-16.2159,316.2332,-0.0004,0.0,316.2332,,,,,,,,,,,,0.0,0.0,0.0,0.0,0
108.18,6.155,-16.2159,316.2332,-0.0004,0.0,316.2332,,,,,,,,,,,,0.0,0.0,0.0,0.0,0
108.2,2.973,-17.116,321.1691,-0.0004,0.0,321.1691,,,,,,,,,,,,0.0,0.0,0.0,0.0,0
108.22,2.973,-17.116,321.1691,-0.0004,0.0,321.1691,,,,,,,,,,,,0.0,0.0,0.0,0.0,0
108.24,2.973,-17.116,321.1691,-0.0004,0.0,321.1691,,,,,,,,,,,,0.0,0.0,0.0,0.0,0
108.26,2.973,-17.116,321.1691,-0.0004,0.0,321.1691,,,,,,,,,,,,0.0,0.0,0.0,0.0,0
108.28,2.973,-17.116,321.1691,-0.0004,0.0,321.1691,,,,,,,,,,,,0.0,0.0,0.0,0.0,0
108.3,2.973,-17.116,321.1691,-0.0004,0.0,321.1691,,,,,,,,,,,,0.0,0.0,0.0,0.0,0
108.32,3.8,-16.6619,323.6081,-0.0004,0.0,323.6081,,,,,,,,,,,,0.0,0.0,0.0,0.0,0
108.34,3.8,-16.6619,323.6081,-0.0004,0.0,323.6081,,,,,,,,,,,,0.0,0.0,0.0,0.0,0
108.36,3.8,-16.6619,323.6081,-0.0004,0.0,323.6081,,,,,,,,,,,,0.0,0.0,0.0,0.0,0
108.38,3.8,-16.6619,323.6081,-0.0004,0.0,323.6081,,,,,,,,,,,,0.0,0.0,0.0,0.0,0
108.4,4.3954,-17.804,322.4215,-0.0004,0.0,322.4215,,,,,,,,,,,,0.0,0.0,0.0,0.0,0
108.42,4.3954,-17.804,322.4215,-0.0004,0.0,322.4215,,,,,,,,,,,,0.0,0.0,0.0,0.0,0
108.44,4.3954,-17.804,322.4215,-0.0004,0.0,322.4215,,,,,,,,,,,,0.0,0.0,0.0,0.0,0
108.46,4.3954,-17.804,322.4215,-0.0004,0.0,322.4215,,,,,,,,,,,,0.0,0.0,0.0,0.0,0
108.48,4.3954,-17.804,322.4215,-0.0004,0.0,322.4215,,,,,,,,,,,,0.0,0.0,0.0,0.0,0
108.5,4.3954,-17.804,322.4215,-0.0004,0.0,322.4215,,,,,,,,,,,,0.0,0.0,0.0,0.0,0
108.52,5.8899,-17.8162,323.264,-0.0004,0.0,323.264,,,,,,,,,,,,0.0,0.0,0.0,0.0,0
108.54,5.8899,-17.8162,323.264,-0.0004,0.0,323.264,,,,,,,,,,,,0.0,0.0,0.0,0.0,0
108.56,5.8899,-17.8162,323.264,-0.0004,0.0,323.264,,,,,,,,,,,,0.0,0.0,0.0,0.0,0
108.58,5.8899,-17.8162,323.264,-0.0004,0.0,323.264,,,,,,,,,,,,0.0,0.0,0.0,0.0,0
108.6,4.4796,-26.7419,326.1537,-0.0004,0.0,326.1537,,,,,,,,,,,,0.0,0.0,0.0,0.0,0
108.62,4.4796,-26.7419,326.1537,-0.0004,0.0,326.1537,,,,,,,,,,,,0.0,0.0,0.0,0.0,0
108.64,4.4796,-26.7419,326.1537,-0.0004,0.0,326.1537,,,,,,,,,,,,0.0,0.0,0.0,0.0,0
108.66,4.4796,-26.7419,326.1537,-0.0004,0.0,326.1537,,,,,,,,,,,,0.0,0.0,0.0,0.0,0
108.68,4.4796,-26.7419,326.1537,-0.0004,0.0,326.1537,,,,,,,,,,,,0.0,0.0,0.0,0.0,0
108.7,4.4796,-26.7419,326.1537,-0.0004,0.0,326.1537,,,,,,,,,,,,0.0,0.0,0.0,0.0,0
108.72,6.8,-26.1891,326.0038,-0.0004,0.0,326.0038,,,,,,,,,,,,0.0,0.0,0.0,0.0,0
108.74,6.8,-26.1891,326.0038,-0.0004,0.0,326.0038,,,,,,,,,,,,0.0,0.0,0.0,0.0,0
108.76,6.8,-26.1891,326.0038,-0.0004,0.0,326.0038,,,,,,,,,,,,0.0,0.0,0.0,0.0,0
108.78,6.8,-26.1891,326.0038,-0.0004,0.0,326.0038,,,,,,,,,,,,0.0,0.0,0.0,0.0,0
108.8,6.8809,-26.0793,325.7054,-0.0004,0.0,325.7054,,,,,,,,,,,,0.0,0.0,0.0,0.0,0
108.82,6.8809,-26.0793,325.7054,-0.0004,0.0,325.7054,,,,,,,,,,,,0.0,0.0,0.0,0.0,0
108.84,6.8809,-26.0793,325.7054,-0.0004,0.0,325.7054,,,,,,,,,,,,0.0,0.0,0.0,0.0,0
108.86,6.8809,-26.0793,325.7054,-0.0004,0.0,325.7054,,,,,,,,,,,,0.0,0.0,0.0,0.0,0
108.88,6.8809,-26.0793,325.7054,-0.0004,0.0,325.7054,,,,,,,,,,,,0.0,0.0,0.0,0.0,0
108.9,6.8809,-26.0793,325.7054,-0.0004,0.0,325.7054,,,,,,,,,,,,0.0,0.0,0.0,0.0,0
108.92,6.6753,-26.1604,325.8279,-0.0004,0.0,325.8279,,,,,,,,,,,,0.0,0.0,0.0,0.0,0
108.94,6.6753,-26.1604,325.8279,-0.0004,0.0,325.8279,,,,,,,,,,,,0.0,0.0,0.0,0.0,0
108.96,6.6753,-26.1604,325.8279,-0.0004,0.0,325.8279,,,,,,,,,,,,0.0,0.0,0.0,0.0,0
108.98,6.6753,-26.1604,325.8279,-0.0004,0.0,325.8279,,,,,,,,,,,,0.0,0.0,0.0,0.0,0
109.0,6.5055,-26.0416,325.0659,-0.0004,0.0,325.0659,,,,,,,,,,,,0.0,0.0,0.0,0.0,0
109.02,6.5055,-26.0416,325.0659,-0.0004,0.0,325.0659,,,,,,,,,,,,0.0,0.0,0.0,0.0,0
109.04,6.5055,-26.0416,325.0659,-0.0004,0.0,325.0659,,,,,,,,,,,,0.0,0.0,0.0,0.0,0
109.06,6.5055,-26.0416,325.0659,-0.0004,0.0,325.0659,,,,,,,,,,,,0.0,0.0,0.0,0.0,0
109.08,6.5055,-26.0416,325.0659,-0.0004,0.0,325.0659,,,,,,,,,,,,0.0,0.0,0.0,0.0,0
109.1,6.5055,-26.0416,325.0659,-0.0004,0.0,325.0659,,,,,,,,,,,,0.0,0.0,0.0,0.0,0
109.12,6.0657,-26.1207,325.1033,-0.0004,0.0,325.1033,,,,,,,,,,,,0.0,0.0,0.0,0.0,0
109.14,6.0657,-26.1207,325.1033,-0.0004,0.0,325.1033,,,,,,,,,,,,0.0,0.0,0.0,0.0,0
109.16,6.0657,-26.1207,325.1033,-0.0004,0.0,325.1033,,,,,,,,,,,,0.0,0.0,0.0,0.0,0
109.18,6.0657,-26.1207,325.1033,-0.0004,0.0,325.1033,,,,,,,,,,,,0.0,0.0,0.0,0.0,0
109.2,6.0495,-26.1463,325.2678,-0.0004,0.0,325.2678,,,,,,,,,,,,0.0,0.0,0.0,0.0,0
109.22,6.0495,-26.1463,325.2678,-0.0004,0.0,325.2678,,,,,,,,,,,,0.0,0.0,0.0,0.0,0
109.24,6.0495,-26.1463,325.2678,-0.0004,0.0,325.2678,,,,,,,,,,,,0.0,0.0,0.0,0.0,0
109.26,6.0495,-26.1463,325.2678,-0.0004,0.0,325.2678,,,,,,,,,,,,0.0,0.0,0.0,0.0,0
109.28,6.0495,-26.1463,325.2678,-0.0004,0.0,325.2678,,,,,,,,,,,,0.0,0.0,0.0,0.0,0
109.3,6.0495,-26.1463,325.2678,-0.0004,0.0,325.2678,,,,,,,,,,,,0.0,0.0,0.0,0.0,0
109.32,6.0373,-26.1914,325.1234,-0.0004,0.0,325.1234,,,,,,,,,,,,0.0,0.0,0.0,0.0,0
109.34,6.0373,-26.1914,325.1234,-0.0004,0.0,325.1234,,,,,,,,,,,,0.0,0.0,0.0,0.0,0
109.36,6.0373,-26.1914,325.1234,-0.0004,0.0,325.1234,,,,,,,,,,,,0.0,0.0,0.0,0.0,0
109.38,6.0373,-26.1914,325.1234,-0.0004,0.0,325.1234,,,,,,,,,,,,0.0,0.0,0.0,0.0,0
109.4,5.9931,-26.1948,325.0497,-0.0004,0.0,325.0497,,,,,,,,,,,,0.0,0.0,0.0,0.0,0
109.42,5.9931,-26.1948,325.0497,-0.0004,0.0,325.0497,,,,,,,,,,,,0.0,0.0,0.0,0.0,0
109.44,5.9931,-26.1948,325.0497,-0.0004,0.0,325.0497,,,,,,,,,,,,0.0,0.0,0.0,0.0,0
109.46,5.9931,-26.1948,325.0497,-0.0004,0.0,325.0497,,,,,,,,,,,,0.0,0.0,0.0,0.0,0
109.48,5.9931,-26.1948,325.0497,-0.0004,0.0,325.0497,,,,,,,,,,,,0.0,0.0,0.0,0.0,0
109.5,5.9931,-26.1948,325.0497,-0.0004,0.0,325.0497,,,,,,,,,,,,0.0,0.0,0.0,0.0,0
109.52,5.9521,-26.2244,324.8907,-0.0004,0.0,324.8907,,,,,,,,,,,,0.0,0.0,0.0,0.0,0
109.54,5.9521,-26.2244,324.8907,-0.0004,0.0,324.8907,,,,,,,,,,,,0.0,0.0,0.0,0.0,0
109.56,5.9521,-26.2244,324.8907,-0.0004,0.0,324.8907,,,,,,,,,,,,0.0,0.0,0.0,0.0,0
109.58,5.9521,-26.2244,324.8907,-0.0004,0.0,324.8907,,,,,,,,,,,,0.0,0.0,0.0,0.0,0
109.6,5.8972,-26.2434,324.7591,-0.0004,0.0,324.7591,,,,,,,,,,,,0.0,0.0,0.0,0.0,0
109.62,5.8972,-26.2434,324.7591,-0.0004,0.0,324.7591,,,,,,,,,,,,0.0,0.0,0.0,0.0,0
109.64,5.8972,-26.2434,324.7591,-0.0004,0.0,324.7591,,,,,,,,,,,,0.0,0.0,0.0,0.0,0
109.66,5.8972,-26.2434,324.7591,-0.0004,0.0,324.7591,,,,,,,,,,,,0.0,0.0,0.0,0.0,0
109.68,5.8972,-26.2434,324.7591,-0.0004,0.0,324.7591,,,,,,,,,,,,0.0,0.0,0.0,0.0,0
109.7,5.8972,-26.2434,324.7591,-0.0004,0.0,324.7591,,,,,,,,,,,,0.0,0.0,0.0,0.0,0
109.72,5.8538,-26.26,324.6191,-0.0004,0.0,324.6191,,,,,,,,,,,,0.0,0.0,0.0,0.0,0
109.74,5.8538,-26.26,324.6191,-0.0004,0.0,324.6191,,,,,,,,,,,,0.0,0.0,0.0,0.0,0
109.76,5.8538,-26.26,324.6191,-0.0004,0.0,324.6191,,,,,,,,,,,,0.0,0.0,0.0,0.0,0
109.78,5.8538,-26.26,324.6191,-0.0004,0.0,324.6191,,,,,,,,,,,,0.0,0.0,0.0,0.0,0
109.8,5.8184,-26.2893,324.5325,-0.0004,0.0,324.5325,,,,,,,,,,,,0.0,0.0,0.0,0.0,0
109.82,5.8184,-26.2893,324.5325,-0.0004,0.0,324.5325,,,,,,,,,,,,0.0,0.0,0.0,0.0,0
109.84,5.8184,-26.2893,324.5325,-0.0004,0.0,324.5325,,,,,,,,,,,,0.0,0.0,0.0,0.0,0
109.86,5.8184,-26.2893,324.5325,-0.0004,0.0,324.5325,,,,,,,,,,,,0.0,0.0,0.0,0.0,0
109.88,5.8184,-26.2893,324.5325,-0.0004,0.0,324.5325,,,,,,,,,,,,0.0,0.0,0.0,0.0,0
109.9,5.8184,-26.2893,324.5325,-0.0004,0.0,324.5325,,,,,,,,,,,,0.0,0.0,0.0,0.0,0
109.92,5.7897,-26.2992,324.3484,-0.0004,0.0,324.3484,,,,,,,,,,,,0.0,0.0,0.0,0.0,0
109.94,5.7897,-26.2992,324.3484,-0.0004,0.0,324.3484,,,,,,,,,,,,0.0,0.0,0.0,0.0,0
109.96,5.7897,-26.2992,324.3484,-0.0004,0.0,324.3484,,,,,,,,,,,,0.0,0.0,0.0,0.0,0
109.98,5.7897,-26.2992,324.3484,-0.0004,0.0,324.3484,,,,,,,,,,,,0.0,0.0,0.0,0.0,0
110.0,5.7251,-26.3341,324.2976,-0.0004,0.0,324.2976,,,,,,,,,,,,0.0,0.0,0.0,0.0,0
110.02,5.7251,-26.3341,324.2976,-0.0004,0.0,324.2976,,,,,,,,,,,,0.0,0.0,0.0,0.0,0
110.04,5.7251,-26.3341,324.2976,-0.0004,0.0,324.2976,,,,,,,,,,,,0.0,0.0,0.0,0.0,0
110.06,5.7251,-26.3341,324.2976,-0.0004,0.0,324.2976,,,,,,,,,,,,0.0,0.0,0.0,0.0,0
110.08,5.7251,-26.3341,324.2976,-0.0004,0.0,324.2976,,,,,,,,,,,,0.0,0.0,0.0,0.0,0
110.1,5.7251,-26.3341,324.2976,-0.0004,0.0,324.2976,,,,,,,,,,,,0.0,0.0,0.0,0.0,0
110.12,5.6912,-26.3385,324.1593,-0.0004,0.0,324.1593,,,,,,,,,,,,0.0,0.0,0.0,0.0,0
110.14,5.6912,-26.3385,324.1593,-0.0004,0.0,324.1593,,,,,,,,,,,,0.0,0.0,0.0,0.0,0
110.16,5.6912,-26.3385,324.1593,-0.0004,0.0,324.1593,,,,,,,,,,,,0.0,0.0,0.0,0.0,0
110.18,5.6912,-26.3385,324.1593,-0.0004,0.0,324.1593,,,,,,,,,,,,0.0,0.0,0.0,0.0,0
110.2,5.6097,-26.3732,324.063,-0.0004,0.0,324.063,,,,,,,,,,,,0.0,0.0,0.0,0.0,0
110.22,5.6097,-26.3732,324.063,-0.0004,0.0,324.063,,,,,,,,,,,,0.0,0.0,0.0,0.0,0
110.24,5.6097,-26.3732,324.063,-0.0004,0.0,324.063,,,,,,,,,,,,0.0,0.0,0.0,0.0,0
110.26,5.6097,-26.3732,324.063,-0.0004,0.0,324.063,,,,,,,,,,,,0.0,0.0,0.0,0.0,0
110.28,5.6097,-26.3732,324.063,-0.0004,0.0,324.063,,,,,,,,,,,,0.0,0.0,0.0,0.0,0
110.3,5.6097,-26.3732,324.063,-0.0004,0.0,324.063,,,,,,,,,,,,0.0,0.0,0.0,0.0,0
110.32,5.542,-26.3727,323.9497,-0.0004,0.0,323.9497,,,,,,,,,,,,0.0,0.0,0.0,0.0,0
110.34,5.542,-26.3727,323.9497,-0.0004,0.0,323.9497,,,,,,,,,,,,0.0,0.0,0.0,0.0,0
110.36,5.542,-26.3727,323.9497,-0.0004,0.0,323.9497,,,,,,,,,,,,0.0,0.0,0.0,0.0,0
110.38,5.542,-26.3727,323.9497,-0.0004,0.0,323.9497,,,,,,,,,,,,0.0,0.0,0.0,0.0,0
110.4,5.4977,-26.4012,323.7777,-0.0004,0.0,323.7777,,,,,,,,,,,,0.0,0.0,0.0,0.0,0
110.42,5.4977,-26.4012,323.7777,-0.0004,0.0,323.7777,,,,,,,,,,,,0.0,0.0,0.0,0.0,0
110.44,5.4977,-26.4012,323.7777,-0.0004,0.0,323.7777,,,,,,,,,,,,0.0,0.0,0.0,0.0,0
110.46,5.4977,-26.4012,323.7777,-0.0004,0.0,323.7777,,,,,,,,,,,,0.0,0.0,0.0,0.0,0
110.48,5.4977,-26.4012,323.7777,-0.0004,0.0,323.7777,,,,,,,,,,,,0.0,0.0,0.0,0.0,0
110.5,5.4977,-26.4012,323.7777,-0.0004,0.0,323.7777,,,,,,,,,,,,0.0,0.0,0.0,0.0,0
110.52,5.4497,-26.3996,323.6096,-0.0004,0.0,323.6096,,,,,,,,,,,,0.0,0.0,0.0,0.0,0
110.54,5.4497,-26.3996,323.6096,-0.0004,0.0,323.6096,,,,,,,,,,,,0.0,0.0,0.0,0.0,0
110.56,5.4497,-26.3996,323.6096,-0.0004,0.0,323.6096,,,,,,,,,,,,0.0,0.0,0.0,0.0,0
110.58,5.4497,-26.3996,323.6096,-0.0004,0.0,323.6096,,,,,,,,,,,,0.0,0.0,0.0,0.0,0
110.6,5.4067,-26.4295,323.4829,-0.0004,0.0,323.4829,,,,,,,,,,,,0.0,0.0,0.0,0.0,0
110.62,5.4067,-26.4295,323.4829,-0.0004,0.0,323.4829,,,,,,,,,,,,0.0,0.0,0.0,0.0,0
110.64,5.4067,-26.4295,323.4829,-0.0004,0.0,323.4829,,,,,,,,,,,,0.0,0.0,0.0,0.0,0
110.66,5.4067,-26.4295,323.4829,-0.0004,0.0,323.4829,,,,,,,,,,,,0.0,0.0,0.0,0.0,0
110.68,5.4067,-26.4295,323.4829,-0.0004,0.0,323.4829,,,,,,,,,,,,0.0,0.0,0.0,0.0,0
110.7,5.4067,-26.4295,323.4829,-0.0004,0.0,323.4829,,,,,,,,,,,,0.0,0.0,0.0,0.0,0
110.72,5.3817,-26.441,323.3348,-0.0004,0.0,323.3348,,,,,,,,,,,,0.0,0.0,0.0,0.0,0
110.74,5.3817,-26.441,323.3348,-0.0004,0.0,323.3348,,,,,,,,,,,,0.0,0.0,0.0,0.0,0
110.76,5.3817,-26.441,323.3348,-0.0004,0.0,323.3348,,,,,,,,,,,,0.0,0.0,0.0,0.0,0
110.78,5.3817,-26.441,323.3348,-0.0004,0.0,323.3348,,,,,,,,,,,,0.0,0.0,0.0,0.0,0
110.8,5.3032,-26.4598,323.2504,-0.0004,0.0,323.2504,,,,,,,,,,,,0.0,0.0,0.0,0.0,0
110.82,5.3032,-26.4598,323.2504,-0.0004,0.0,323.2504,,,,,,,,,,,,0.0,0.0,0.0,0.0,0
110.84,5.3032,-26.4598,323.2504,-0.0004,0.0,323.2504,,,,,,,,,,,,0.0,0.0,0.0,0.0,0
110.86,5.3032,-26.4598,323.2504,-0.0004,0.0,323.2504,,,,,,,,,,,,0.0,0.0,0.0,0.0,0
110.88,5.3032,-26.4598,323.2504,-0.0004,0.0,323.2504,,,,,,,,,,,,0.0,0.0,0.0,0.0,0
110.9,5.3032,-26.4598,323.2504,-0.0004,0.0,323.2504,,,,,,,,,,,,0.0,0.0,0.0,0.0,0
110.92,5.2739,-26.4712,323.1052,-0.0004,0.0,323.1052,,,,,,,,,,,,0.0,0.0,0.0,0.0,0
110.94,5.2739,-26.4712,323.1052,-0.0004,0.0,323.1052,,,,,,,,,,,,0.0,0.0,0.0,0.0,0
110.96,5.2739,-26.4712,323.1052,-0.0004,0.0,323.1052,,,,,,,,,,,,0.0,0.0,0.0,0.0,0
110.98,5.2739,-26.4712,323.1052,-0.0004,0.0,323.1052,,,,,,,,,,,,0.0,0.0,0.0,0.0,0
111.0,5.2263,-26.4893,322.9622,-0.0004,0.0,322.9622,,,,,,,,,,,,0.0,0.0,0.0,0.0,0
111.02,5.2263,-26.4893,322.9622,-0.0004,0.0,322.9622,,,,,,,,,,,,0.0,0.0,0.0,0.0,0
111.04,5.2263,-26.4893,322.9622,-0.0004,0.0,322.9622,,,,,,,,,,,,0.0,0.0,0.0,0.0,0
111.06,5.2263,-26.4893,322.9622,-0.0004,0.0,322.9622,,,,,,,,,,,,0.0,0.0,0.0,0.0,0
111.08,5.2263,-26.4893,322.9622,-0.0004,0.0,322.9622,,,,,,,,,,,,0.0,0.0,0.0,0.0,0
111.1,5.2263,-26.4893,322.9622,-0.0004,0.0,322.9622,,,,,,,,,,,,0.0,0.0,0.0,0.0,0
111.12,5.1844,-26.5042,322.8432,-0.0004,0.0,322.8432,,,,,,,,,,,,0.0,0.0,0.0,0.0,0
111.14,5.1844,-26.5042,322.8432,-0.0004,0.0,322.8432,,,,,,,,,,,,0.0,0.0,0.0,0.0,0
111.16,5.1844,-26.5042,322.8432,-0.0004,0.0,322.8432,,,,,,,,,,,,0.0,0.0,0.0,0.0,0
111.18,5.1844,-26.5042,322.8432,-0.0004,0.0,322.8432,,,,,,,,,,,,0.0,0.0,0.0,0.0,0
111.2,5.1423,-26.5199,322.697,-0.0004,0.0,322.697,,,,,,,,,,,,0.0,0.0,0.0,0.0,0
111.22,5.1423,-26.5199,322.697,-0.0004,0.0,322.697,,,,,,,,,,,,0.0,0.0,0.0,0.0,0
111.24,5.1423,-26.5199,322.697,-0.0004,0.0,322.697,,,,,,,,,,,,0.0,0.0,0.0,0.0,0
111.26,5.1423,-26.5199,322.697,-0.0004,0.0,322.697,,,,,,,,,,,,0.0,0.0,0.0,0.0,0
111.28,5.1423,-26.5199,322.697,-0.0004,0.0,322.697,,,,,,,,,,,,0.0,0.0,0.0,0.0,0
111.3,5.1423,-26.5199,322.697,-0.0004,0.0,322.697,,,,,,,,,,,,0.0,0.0,0.0,0.0,0
111.32,5.0939,-26.538,322.5821,-0.0004,0.0,322.5821,,,,,,,,,,,,0.0,0.0,0.0,0.0,0
111.34,5.0939,-26.538,322.5821,-0.0004,0.0,322.5821,,,,,,,,,,,,0.0,0.0,0.0,0.0,0
111.36,5.0939,-26.538,322.5821,-0.0004,0.0,322.5821,,,,,,,,,,,,0.0,0.0,0.0,0.0,0
111.38,5.0939,-26.538,322.5821,-0.0004,0.0,322.5821,,,,,,,,,,,,0.0,0.0,0.0,0.0,0
111.4,5.0383,-26.5544,322.4875,-0.0004,0.0,322.4875,,,,,,,,,,,,0.0,0.0,0.0,0.0,0
111.42,5.0383,-26.5544,322.4875,-0.0004,0.0,322.4875,,,,,,,,,,,,0.0,0.0,0.0,0.0,0
111.44,5.0383,-26.5544,322.4875,-0.0004,0.0,322.4875,,,,,,,,,,,,0.0,0.0,0.0,0.0,0
111.46,5.0383,-26.5544,322.4875,-0.0004,0.0,322.4875,,,,,,,,,,,,0.0,0.0,0.0,0.0,0
111.48,5.0383,-26.5544,322.4875,-0.0004,0.0,322.4875,,,,,,,,,,,,0.0,0.0,0.0,0.0,0
111.5,5.0383,-26.5544,322.4875,-0.0004,0.0,322.4875,,,,,,,,,,,,0.0,0.0,0.0,0.0,0
111.52,5.0166,-26.5765,322.3592,-0.0004,0.0,322.3592,,,,,,,,,,,,0.0,0.0,0.0,0.0,0
111.54,5.0166,-26.5765,322.3592,-0.0004,0.0,322.3592,,,,,,,,,,,,0.0,0.0,0.0,0.0,0
111.56,5.0166,-26.5765,322.3592,-0.0004,0.0,322.3592,,,,,,,,,,,,0.0,0.0,0.0,0.0,0
111.58,5.0166,-26.5765,322.3592,-0.0004,0.0,322.3592,,,,,,,,,,,,0.0,0.0,0.0,0.0,0
111.6,4.9451,-26.5883,322.2467,-0.0004,0.0,322.2467,,,,,,,,,,,,0.0,0.0,0.0,0.0,0
111.62,4.9451,-26.5883,322.2467,-0.0004,0.0,322.2467,,,,,,,,,,,,0.0,0.0,0.0,0.0,0
111.64,4.9451,-26.5883,322.2467,-0.0004,0.0,322.2467,,,,,,,,,,,,0.0,0.0,0.0,0.0,0
111.66,4.9451,-26.5883,322.2467,-0.0004,0.0,322.2467,,,,,,,,,,,,0.0,0.0,0.0,0.0,0
111.68,4.9451,-26.5883,322.2467,-0.0004,0.0,322.2467,,,,,,,,,,,,0.0,0.0,0.0,0.0,0
111.7,4.9451,-26.5883,322.2467,-0.0004,0.0,322.2467,,,,,,,,,,,,0.0,0.0,0.0,0.0,0
111.72,4.895,-26.6064,322.1447,-0.0004,0.0,322.1447,,,,,,,,,,,,0.0,0.0,0.0,0.0,0
111.74,4.895,-26.6064,322.1447,-0.0004,0.0,322.1447,,,,,,,,,,,,0.0,0.0,0.0,0.0,0
111.76,4.895,-26.6064,322.1447,-0.0004,0.0,322.1447,,,,,,,,,,,,0.0,0.0,0.0,0.0,0
111.78,4.895,-26.6064,322.1447,-0.0004,0.0,322.1447,,,,,,,,,,,,0.0,0.0,0.0,0.0,0
111.8,4.2471,-26.6075,321.9603,-0.0004,0.0,321.9603,,,,,,,,,,,,0.0,0.0,0.0,0.0,0
111.82,4.2471,-26.6075,321.9603,-0.0004,0.0,321.9603,,,,,,,,,,,,0.0,0.0,0.0,0.0,0
111.84,4.2471,-26.6075,321.9603,-0.0004,0.0,321.9603,,,,,,,,,,,,0.0,0.0,0.0,0.0,0
111.86,4.2471,-26.6075,321.9603,-0.0004,0.0,321.9603,,,,,,,,,,,,0.0,0.0,0.0,0.0,0
111.88,4.2471,-26.6075,321.9603,-0.0004,0.0,321.9603,,,,,,,,,,,,0.0,0.0,0.0,0.0,0
111.9,4.2471,-26.6075,321.9603,-0.0004,0.0,321.9603,,,,,,,,,,,,0.0,0.0,0.0,0.0,0
111.92,2.9692,-23.4334,322.4132,-0.0004,0.0,322.4132,,,,,,,,,,,,0.0,0.0,0.0,0.0,0
111.94,2.9692,-23.4334,322.4132,-0.0004,0.0,322.4132,,,,,,,,,,,,0.0,0.0,0.0,0.0,0
111.96,2.9692,-23.4334,322.4132,-0.0004,0.0,322.4132,,,,,,,,,,,,0.0,0.0,0.0,0.0,0
111.98,2.9692,-23.4334,322.4132,-0.0004,0.0,322.4132,,,,,,,,,,,,0.0,0.0,0.0,0.0,0
112.0,7.4907,-14.2769,322.4665,-0.0004,0.0,322.4665,,,,,,,,,,,,0.0,0.0,0.0,0.0,0
112.02,7.4907,-14.2769,322.4665,-0.0004,0.0,322.4665,,,,,,,,,,,,0.0,0.0,0.0,0.0,0
112.04,7.4907,-14.2769,322.4665,-0.0004,0.0,322.4665,,,,,,,,,,,,0.0,0.0,0.0,0.0,0
112.06,7.4907,-14.2769,322.4665,-0.0004,0.0,322.4665,,,,,,,,,,,,0.0,0.0,0.0,0.0,0
112.08,7.4907,-14.2769,322.4665,-0.0004,0.0,322.4665,,,,,,,,,,,,0.0,0.0,0.0,0.0,0
112.1,7.4907,-14.2769,322.4665,-0.0004,0.0,322.4665,,,,,,,,,,,,0.0,0.0,0.0,0.0,0
112.12,9.1948,1.2111,331.9279,-0.0004,0.0,331.9279,,,,,,,,,,,,0.0,0.0,0.0,0.0,0
112.14,9.1948,1.2111,331.9279,-0.0004,0.0,331.9279,,,,,,,,,,,,0.0,0.0,0.0,0.0,0
112.16,9.1948,1.2111,331.9279,-0.0004,0.0,331.9279,,,,,,,,,,,,0.0,0.0,0.0,0.0,0
112.18,9.1948,1.2111,331.9279,-0.0004,0.0,331.9279,,,,,,,,,,,,0.0,0.0,0.0,0.0,0
112.2,11.8464,3.8798,334.9301,-0.0004,0.0,334.9301,,,,,,,,,,,,0.0,0.0,0.0,0.0,0
112.22,11.8464,3.8798,334.9301,-0.0004,0.0,334.9301,,,,,,,,,,,,0.0,0.0,0.0,0.0,0
112.24,11.8464,3.8798,334.9301,-0.0004,0.0,334.9301,,,,,,,,,,,,0.0,0.0,0.0,0.0,0
112.26,11.8464,3.8798,334.9301,-0.0004,0.0,334.9301,,,,,,,,,,,,0.0,0.0,0.0,0.0,0
112.28,11.8464,3.8798,334.9301,-0.0004,0.0,334.9301,,,,,,,,,,,,0.0,0.0,0.0,0.0,0
112.3,11.8464,3.8798,334.9301,-0.0004,0.0,334.9301,,,,,,,,,,,,0.0,0.0,0.0,0.0,0
112.32,6.3576,4.2796,336.5632,-0.0004,0.0,336.5632,,,,,,,,,,,,0.0,0.0,0.0,0.0,0
112.34,6.3576,4.2796,336.5632,-0.0004,0.0,336.5632,,,,,,,,,,,,0.0,0.0,0.0,0.0,0
112.36,6.3576,4.2796,336.5632,-0.0004,0.0,336.5632,,,,,,,,,,,,0.0,0.0,0.0,0.0,0
112.38,6.3576,4.2796,336.5632,-0.0004,0.0,336.5632,,,,,,,,,,,,0.0,0.0,0.0,0.0,0
112.4,7.4155,6.4559,335.7416,-0.0004,0.0,335.7416,,,,,,,,,,,,0.0,0.0,0.0,0.0,0
112.42,7.4155,6.4559,335.7416,-0.0004,0.0,335.7416,,,,,,,,,,,,0.0,0.0,0.0,0.0,0
112.44,7.4155,6.4559,335.7416,-0.0004,0.0,335.7416,,,,,,,,,,,,0.0,0.0,0.0,0.0,0
112.46,7.4155,6.4559,335.7416,-0.0004,0.0,335.7416,,,,,,,,,,,,0.0,0.0,0.0,0.0,0
112.48,7.4155,6.4559,335.7416,-0.0004,0.0,335.7416,,,,,,,,,,,,0.0,0.0,0.0,0.0,0
112.5,7.4155,6.4559,335.7416,-0.0004,0.0,335.7416,,,,,,,,,,,,0.0,0.0,0.0,0.0,0
112.52,3.044,-1.0834,334.2736,-0.0004,0.0,334.2736,,,,,,,,,,,,0.0,0.0,0.0,0.0,0
112.54,3.044,-1.0834,334.2736,-0.0004,0.0,334.2736,,,,,,,,,,,,0.0,0.0,0.0,0.0,0
112.56,3.044,-1.0834,334.2736,-0.0004,0.0,334.2736,,,,,,,,,,,,0.0,0.0,0.0,0.0,0
112.58,3.044,-1.0834,334.2736,-0.0004,0.0,334.2736,,,,,,,,,,,,0.0,0.0,0.0,0.0,0
112.6,3.9097,-0.5686,331.867,-0.0004,0.0,331.867,,,,,,,,,,,,0.0,0.0,0.0,0.0,0
112.62,3.9097,-0.5686,331.867,-0.0004,0.0,331.867,,,,,,,,,,,,0.0,0.0,0.0,0.0,0
112.64,3.9097,-0.5686,331.867,-0.0004,0.0,331.867,,,,,,,,,,,,0.0,0.0,0.0,0.0,0
112.66,3.9097,-0.5686,331.867,-0.0004,0.0,331.867,,,,,,,,,,,,0.0,0.0,0.0,0.0,0
112.68,3.9097,-0.5686,331.867,-0.0004,0.0,331.867,,,,,,,,,,,,0.0,0.0,0.0,0.0,0
112.7,3.9097,-0.5686,331.867,-0.0004,0.0,331.867,,,,,,,,,,,,0.0,0.0,0.0,0.0,0
112.72,0.0202,0.5815,331.4452,-0.0004,0.0,331.4451,,,,,,,,,,,,0.0,0.0,0.0,0.0,0
112.74,0.0202,0.5815,331.4452,-0.0004,0.0,331.4451,,,,,,,,,,,,0.0,0.0,0.0,0.0,0
112.76,0.0202,0.5815,331.4452,-0.0004,0.0,331.4451,,,,,,,,,,,,0.0,0.0,0.0,0.0,0
112.78,0.0202,0.5815,331.4452,-0.0004,0.0,331.4451,,,,,,,,,,,,0.0,0.0,0.0,0.0,0
112.8,-8.9212,-5.5736,326.5634,-0.0004,0.0,326.5634,,,,,,,,,,,,0.0,0.0,0.0,0.0,0
112.82,-8.9212,-5.5736,326.5634,-0.0004,0.0,326.5634,,,,,,,,,,,,0.0,0.0,0.0,0.0,0
112.84,-8.9212,-5.5736,326.5634,-0.0004,0.0,326.5634,,,,,,,,,,,,0.0,0.0,0.0,0.0,0
112.86,-8.9212,-5.5736,326.5634,-0.0004,0.0,326.5634,,,,,,,,,,,,0.0,0.0,0.0,0.0,0
112.88,-8.9212,-5.5736,326.5634,-0.0004,0.0,326.5634,,,,,,,,,,,,0.0,0.0,0.0,0.0,0
112.9,-8.9212,-5.5736,326.5634,-0.0004,0.0,326.5634,,,,,,,,,,,,0.0,0.0,0.0,0.0,0
112.92,-3.1191,-3.2172,326.5506,-0.0004,0.0,326.5506,,,,,,,,,,,,0.0,0.0,0.0,0.0,0
112.94,-3.1191,-3.2172,326.5506,-0.0004,0.0,326.5506,,,,,,,,,,,,0.0,0.0,0.0,0.0,0
112.96,-3.1191,-3.2172,326.5506,-0.0004,0.0,326.5506,,,,,,,,,,,,0.0,0.0,0.0,0.0,0
112.98,-3.1191,-3.2172,326.5506,-0.0004,0.0,326.5506,,,,,,,,,,,,0.0,0.0,0.0,0.0,0
113.0,3.0036,-2.3693,325.9833,-0.0004,0.0,325.9833,,,,,,,,,,,,0.0,0.0,0.0,0.0,0
113.02,3.0036,-2.3693,325.9833,-0.0004,0.0,325.9833,,,,,,,,,,,,0.0,0.0,0.0,0.0,0
113.04,3.0036,-2.3693,325.9833,-0.0004,0.0,325.9833,,,,,,,,,,,,0.0,0.0,0.0,0.0,0
113.06,3.0036,-2.3693,325.9833,-0.0004,0.0,325.9833,,,,,,,,,,,,0.0,0.0,0.0,0.0,0
113.08,3.0036,-2.3693,325.9833,-0.0004,0.0,325.9833,,,,,,,,,,,,0.0,0.0,0.0,0.0,0
113.1,3.0036,-2.3693,325.9833,-0.0004,0.0,325.9833,,,,,,,,,,,,0.0,0.0,0.0,0.0,0
113.12,3.726,-0.0245,327.0635,-0.0004,0.0,327.0635,,,,,,,,,,,,0.0,0.0,0.0,0.0,0
113.14,3.726,-0.0245,327.0635,-0.0004,0.0,327.0635,,,,,,,,,,,,0.0,0.0,0.0,0.0,0
113.16,3.726,-0.0245,327.0635,-0.0004,0.0,327.0635,,,,,,,,,,,,0.0,0.0,0.0,0.0,0
113.18,3.726,-0.0245,327.0635,-0.0004,0.0,327.0635,,,,,,,,,,,,0.0,0.0,0.0,0.0,0
113.2,6.1322,1.402,327.6205,-0.0004,0.0,327.6205,,,,,,,,,,,,0.0,0.0,0.0,0.0,0
113.22,6.1322,1.402,327.6205,-0.0004,0.0,327.6205,,,,,,,,,,,,0.0,0.0,0.0,0.0,0
113.24,6.1322,1.402,327.6205,-0.0004,0.0,327.6205,,,,,,,,,,,,0.0,0.0,0.0,0.0,0
113.26,6.1322,1.402,327.6205,-0.0004,0.0,327.6205,,,,,,,,,,,,0.0,0.0,0.0,0.0,0
113.28,6.1322,1.402,327.6205,-0.0004,0.0,327.6205,,,,,,,,,,,,0.0,0.0,0.0,0.0,0
113.3,6.1322,1.402,327.6205,-0.0004,0.0,327.6205,,,,,,,,,,,,0.0,0.0,0.0,0.0,0
113.32,7.0436,0.9088,326.8833,-0.0004,0.0,326.8833,,,,,,,,,,,,0.0,0.0,0.0,0.0,0
113.34,7.0436,0.9088,326.8833,-0.0004,0.0,326.8833,,,,,,,,,,,,0.0,0.0,0.0,0.0,0
113.36,7.0436,0.9088,326.8833,-0.0004,0.0,326.8833,,,,,,,,,,,,0.0,0.0,0.0,0.0,0
113.38,7.0436,0.9088,326.8833,-0.0004,0.0,326.8833,,,,,,,,,,,,0.0,0.0,0.0,0.0,0
113.4,7.2791,-0.3111,326.5493,-0.0004,0.0,326.5493,,,,,,,,,,,,0.0,0.0,0.0,0.0,0
113.42,7.2791,-0.3111,326.5493,-0.0004,0.0,326.5493,,,,,,,,,,,,0.0,0.0,0.0,0.0,0
113.44,7.2791,-0.3111,326.5493,-0.0004,0.0,326.5493,,,,,,,,,,,,0.0,0.0,0.0,0.0,0
113.46,7.2791,-0.3111,326.5493,-0.0004,0.0,326.5493,,,,,,,,,,,,0.0,0.0,0.0,0.0,0
113.48,7.2791,-0.3111,326.5493,-0.0004,0.0,326.5493,,,,,,,,,,,,0.0,0.0,0.0,0.0,0
113.5,7.2791,-0.3111,326.5493,-0.0004,0.0,326.5493,,,,,,,,,,,,0.0,0.0,0.0,0.0,0
113.52,7.0229,-0.8285,326.5702,-0.0004,0.0,326.5702,,,,,,,,,,,,0.0,0.0,0.0,0.0,0
113.54,7.0229,-0.8285,326.5702,-0.0004,0.0,326.5702,,,,,,,,,,,,0.0,0.0,0.0,0.0,0
113.56,7.0229,-0.8285,326.5702,-0.0004,0.0,326.5702,,,,,,,,,,,,0.0,0.0,0.0,0.0,0
113.58,7.0229,-0.8285,326.5702,-0.0004,0.0,326.5702,,,,,,,,,,,,0.0,0.0,0.0,0.0,0
113.6,7.5681,-1.2801,326.3662,-0.0004,0.0,326.3662,,,,,,,,,,,,0.0,0.0,0.0,0.0,0
113.62,7.5681,-1.2801,326.3662,-0.0004,0.0,326.3662,,,,,,,,,,,,0.0,0.0,0.0,0.0,0
113.64,7.5681,-1.2801,326.3662,-0.0004,0.0,326.3662,,,,,,,,,,,,0.0,0.0,0.0,0.0,0
113.66,7.5681,-1.2801,326.3662,-0.0004,0.0,326.3662,,,,,,,,,,,,0.0,0.0,0.0,0.0,0
113.68,7.5681,-1.2801,326.3662,-0.0004,0.0,326.3662,,,,,,,,,,,,0.0,0.0,0.0,0.0,0
113.7,7.5681,-1.2801,326.3662,-0.0004,0.0,326.3662,,,,,,,,,,,,0.0,0.0,0.0,0.0,0
113.72,7.7989,-1.162,326.2081,-0.0004,0.0,326.2081,,,,,,,,,,,,0.0,0.0,0.0,0.0,0
113.74,7.7989,-1.162,326.2081,-0.0004,0.0,326.2081,,,,,,,,,,,,0.0,0.0,0.0,0.0,0
113.76,7.7989,-1.162,326.2081,-0.0004,0.0,326.2081,,,,,,,,,,,,0.0,0.0,0.0,0.0,0
113.78,7.7989,-1.162,326.2081,-0.0004,0.0,326.2081,,,,,,,,,,,,0.0,0.0,0.0,0.0,0
113.8,7.747,-0.8516,325.9944,-0.0004,0.0,325.9944,,,,,,,,,,,,0.0,0.0,0.0,0.0,0
113.82,7.747,-0.8516,325.9944,-0.0004,0.0,325.9944,,,,,,,,,,,,0.0,0.0,0.0,0.0,0
113.84,7.747,-0.8516,325.9944,-0.0004,0.0,325.9944,,,,,,,,,,,,0.0,0.0,0.0,0.0,0
113.86,7.747,-0.8516,325.9944,-0.0004,0.0,325.9944,,,,,,,,,,,,0.0,0.0,0.0,0.0,0
113.88,7.747,-0.8516,325.9944,-0.0004,0.0,325.9944,,,,,,,,,,,,0.0,0.0,0.0,0.0,0
113.9,7.747,-0.8516,325.9944,-0.0004,0.0,325.9944,,,,,,,,,,,,0.0,0.0,0.0,0.0,0
113.92,7.7689,-0.8548,325.8176,-0.0004,0.0,325.8176,,,,,,,,,,,,0.0,0.0,0.0,0.0,0
113.94,7.7689,-0.8548,325.8176,-0.0004,0.0,325.8176,,,,,,,,,,,,0.0,0.0,0.0,0.0,0
113.96,7.7689,-0.8548,325.8176,-0.0004,0.0,325.8176,,,,,,,,,,,,0.0,0.0,0.0,0.0,0
113.98,7.7689,-0.8548,325.8176,-0.0004,0.0,325.8176,,,,,,,,,,,,0.0,0.0,0.0,0.0,0
114.0,7.9946,-0.8222,325.7064,-0.0004,0.0,325.7064,,,,,,,,,,,,0.0,0.0,0.0,0.0,0
114.02,7.9946,-0.8222,325.7064,-0.0004,0.0,325.7064,,,,,,,,,,,,0.0,0.0,0.0,0.0,0
114.04,7.9946,-0.8222,325.7064,-0.0004,0.0,325.7064,,,,,,,,,,,,0.0,0.0,0.0,0.0,0
114.06,7.9946,-0.8222,325.7064,-0.0004,0.0,325.7064,,,,,,,,,,,,0.0,0.0,0.0,0.0,0
114.08,7.9946,-0.8222,325.7064,-0.0004,0.0,325.7064,,,,,,,,,,,,0.0,0.0,0.0,0.0,0
114.1,7.9946,-0.8222,325.7064,-0.0004,0.0,325.7064,,,,,,,,,,,,0.0,0.0,0.0,0.0,0
114.12,8.3383,-0.6377,325.4423,-0.0004,0.0,325.4423,,,,,,,,,,,,0.0,0.0,0.0,0.0,0
114.14,8.3383,-0.6377,325.4423,-0.0004,0.0,325.4423,,,,,,,,,,,,0.0,0.0,0.0,0.0,0
114.16,8.3383,-0.6377,325.4423,-0.0004,0.0,325.4423,,,,,,,,,,,,0.0,0.0,0.0,0.0,0
114.18,8.3383,-0.6377,325.4423,-0.0004,0.0,325.4423,,,,,,,,,,,,0.0,0.0,0.0,0.0,0
114.2,8.3649,-0.5596,325.5806,-0.0004,0.0,325.5805,,,,,,,,,,,,0.0,0.0,0.0,0.0,0
114.22,8.3649,-0.5596,325.5806,-0.0004,0.0,325.5805,,,,,,,,,,,,0.0,0.0,0.0,0.0,0
114.24,8.3649,-0.5596,325.5806,-0.0004,0.0,325.5805,,,,,,,,,,,,0.0,0.0,0.0,0.0,0
114.26,8.3649,-0.5596,325.5806,-0.0004,0.0,325.5805,,,,,,,,,,,,0.0,0.0,0.0,0.0,0
114.28,8.3649,-0.5596,325.5806,-0.0004,0.0,325.5805,,,,,,,,,,,,0.0,0.0,0.0,0.0,0
114.3,8.3649,-0.5596,325.5806,-0.0004,0.0,325.5805,,,,,,,,,,,,0.0,0.0,0.0,0.0,0
114.32,8.1243,-0.3101,325.767,-0.0004,0.0,325.767,,,,,,,,,,,,0.0,0.0,0.0,0.0,0
114.34,8.1243,-0.3101,325.767,-0.0004,0.0,325.767,,,,,,,,,,,,0.0,0.0,0.0,0.0,0
114.36,8.1243,-0.3101,325.767,-0.0004,0.0,325.767,,,,,,,,,,,,0.0,0.0,0.0,0.0,0
114.38,8.1243,-0.3101,325.767,-0.0004,0.0,325.767,,,,,,,,,,,,0.0,0.0,0.0,0.0,0
114.4,7.9114,-0.1653,325.7529,-0.0004,0.0,325.7529,,,,,,,,,,,,0.0,0.0,0.0,0.0,0
114.42,7.9114,-0.1653,325.7529,-0.0004,0.0,325.7529,,,,,,,,,,,,0.0,0.0,0.0,0.0,0
114.44,7.9114,-0.1653,325.7529,-0.0004,0.0,325.7529,,,,,,,,,,,,0.0,0.0,0.0,0.0,0
114.46,7.9114,-0.1653,325.7529,-0.0004,0.0,325.7529,,,,,,,,,,,,0.0,0.0,0.0,0.0,0
114.48,7.9114,-0.1653,325.7529,-0.0004,0.0,325.7529,,,,,,,,,,,,0.0,0.0,0.0,0.0,0
114.5,7.9114,-0.1653,325.7529,-0.0004,0.0,325.7529,,,,,,,,,,,,0.0,0.0,0.0,0.0,0
114.52,7.7643,-0.0847,325.7242,-0.0004,0.0,325.7242,,,,,,,,,,,,0.0,0.0,0.0,0.0,0
114.54,7.7643,-0.0847,325.7242,-0.0004,0.0,325.7242,,,,,,,,,,,,0.0,0.0,0.0,0.0,0
114.56,7.7643,-0.0847,325.7242,-0.0004,0.0,325.7242,,,,,,,,,,,,0.0,0.0,0.0,0.0,0
114.58,7.7643,-0.0847,325.7242,-0.0004,0.0,325.7242,,,,,,,,,,,,0.0,0.0,0.0,0.0,0
114.6,7.7226,-0.1757,325.6802,-0.0004,0.0,325.6802,,,,,,,,,,,,0.0,0.0,0.0,0.0,0
114.62,7.7226,-0.1757,325.6802,-0.0004,0.0,325.6802,,,,,,,,,,,,0.0,0.0,0.0,0.0,0
114.64,7.7226,-0.1757,325.6802,-0.0004,0.0,325.6802,,,,,,,,,,,,0.0,0.0,0.0,0.0,0
114.66,7.7226,-0.1757,325.6802,-0.0004,0.0,325.6802,,,,,,,,,,,,0.0,0.0,0.0,0.0,0
114.68,7.7226,-0.1757,325.6802,-0.0004,0.0,325.6802,,,,,,,,,,,,0.0,0.0,0.0,0.0,0
114.7,7.7226,-0.1757,325.6802,-0.0004,0.0,325.6802,,,,,,,,,,,,0.0,0.0,0.0,0.0,0
114.72,7.6455,-0.0862,325.8454,-0.0004,0.0,325.8454,,,,,,,,,,,,0.0,0.0,0.0,0.0,0
114.74,7.6455,-0.0862,325.8454,-0.0004,0.0,325.8454,,,,,,,,,,,,0.0,0.0,0.0,0.0,0
114.76,7.6455,-0.0862,325.8454,-0.0004,0.0,325.8454,,,,,,,,,,,,0.0,0.0,0.0,0.0,0
114.78,7.6455,-0.0862,325.8454,-0.0004,0.0,325.8454,,,,,,,,,,,,0.0,0.0,0.0,0.0,0
114.8,7.577,-0.0085,326.1147,-0.0004,0.0,326.1147,,,,,,,,,,,,0.0,0.0,0.0,0.0,0
114.82,7.577,-0.0085,326.1147,-0.0004,0.0,326.1147,,,,,,,,,,,,0.0,0.0,0.0,0.0,0
114.84,7.577,-0.0085,326.1147,-0.0004,0.0,326.1147,,,,,,,,,,,,0.0,0.0,0.0,0.0,0
114.86,7.577,-0.0085,326.1147,-0.0004,0.0,326.1147,,,,,,,,,,,,0.0,0.0,0.0,0.0,0
114.88,7.577,-0.0085,326.1147,-0.0004,0.0,326.1147,,,,,,,,,,,,0.0,0.0,0.0,0.0,0
114.9,7.577,-0.0085,326.1147,-0.0004,0.0,326.1147,,,,,,,,,,,,0.0,0.0,0.0,0.0,0
114.92,7.6,-0.129,326.1219,-0.0004,0.0,326.1219,,,,,,,,,,,,0.0,0.0,0.0,0.0,0
114.94,7.6,-0.129,326.1219,-0.0004,0.0,326.1219,,,,,,,,,,,,0.0,0.0,0.0,0.0,0
114.96,7.6,-0.129,326.1219,-0.0004,0.0,326.1219,,,,,,,,,,,,0.0,0.0,0.0,0.0,0
114.98,7.6,-0.129,326.1219,-0.0004,0.0,326.1219,,,,,,,,,,,,0.0,0.0,0.0,0.0,0
115.0,7.6924,-0.0634,326.0142,-0.0004,0.0,326.0142,,,,,,,,,,,,0.0,0.0,0.0,0.0,0
115.02,7.6924,-0.0634,326.0142,-0.0004,0.0,326.0142,,,,,,,,,,,,0.0,0.0,0.0,0.0,0
115.04,7.6924,-0.0634,326.0142,-0.0004,0.0,326.0142,,,,,,,,,,,,0.0,0.0,0.0,0.0,0
115.06,7.6924,-0.0634,326.0142,-0.0004,0.0,326.0142,,,,,,,,,,,,0.0,0.0,0.0,0.0,0
115.08,7.6924,-0.0634,326.0142,-0.0004,0.0,326.0142,,,,,,,,,,,,0.0,0.0,0.0,0.0,0
115.1,7.6924,-0.0634,326.0142,-0.0004,0.0,326.0142,,,,,,,,,,,,0.0,0.0,0.0,0.0,0
115.12,7.7715,-0.0114,326.0067,-0.0004,0.0,326.0067,,,,,,,,,,,,0.0,0.0,0.0,0.0,0
115.14,7.7715,-0.0114,326.0067,-0.0004,0.0,326.0067,,,,,,,,,,,,0.0,0.0,0.0,0.0,0
115.16,7.7715,-0.0114,326.0067,-0.0004,0.0,326.0067,,,,,,,,,,,,0.0,0.0,0.0,0.0,0
115.18,7.7715,-0.0114,326.0067,-0.0004,0.0,326.0067,,,,,,,,,,,,0.0,0.0,0.0,0.0,0
115.2,7.7984,0.0819,325.9539,-0.0004,0.0,325.9539,,,,,,,,,,,,0.0,0.0,0.0,0.0,0
115.22,7.7984,0.0819,325.9539,-0.0004,0.0,325.9539,,,,,,,,,,,,0.0,0.0,0.0,0.0,0
115.24,7.7984,0.0819,325.9539,-0.0004,0.0,325.9539,,,,,,,,,,,,0.0,0.0,0.0,0.0,0
115.26,7.7984,0.0819,325.9539,-0.0004,0.0,325.9539,,,,,,,,,,,,0.0,0.0,0.0,0.0,0
115.28,7.7984,0.0819,325.9539,-0.0004,0.0,325.9539,,,,,,,,,,,,0.0,0.0,0.0,0.0,0
115.3,7.7984,0.0819,325.9539,-0.0004,0.0,325.9539,,,,,,,,,,,,0.0,0.0,0.0,0.0,0
115.32,7.7063,0.1477,326.0149,-0.0004,0.0,326.0149,,,,,,,,,,,,0.0,0.0,0.0,0.0,0
115.34,7.7063,0.1477,326.0149,-0.0004,0.0,326.0149,,,,,,,,,,,,0.0,0.0,0.0,0.0,0
115.36,7.7063,0.1477,326.0149,-0.0004,0.0,326.0149,,,,,,,,,,,,0.0,0.0,0.0,0.0,0
115.38,7.7063,0.1477,326.0149,-0.0004,0.0,326.0149,,,,,,,,,,,,0.0,0.0,0.0,0.0,0
115.4,7.459,0.1945,326.1829,-0.0004,0.0,326.1829,,,,,,,,,,,,0.0,0.0,0.0,0.0,0
115.42,7.459,0.1945,326.1829,-0.0004,0.0,326.1829,,,,,,,,,,,,0.0,0.0,0.0,0.0,0
115.44,7.459,0.1945,326.1829,-0.0004,0.0,326.1829,,,,,,,,,,,,0.0,0.0,0.0,0.0,0
115.46,7.459,0.1945,326.1829,-0.0004,0.0,326.1829,,,,,,,,,,,,0.0,0.0,0.0,0.0,0
115.48,7.459,0.1945,326.1829,-0.0004,0.0,326.1829,,,,,,,,,,,,0.0,0.0,0.0,0.0,0
115.5,7.459,0.1945,326.1829,-0.0004,0.0,326.1829,,,,,,,,,,,,0.0,0.0,0.0,0.0,0
115.52,6.944,0.2639,326.3505,-0.0004,0.0,326.3505,,,,,,,,,,,,0.0,0.0,0.0,0.0,0
115.54,6.944,0.2639,326.3505,-0.0004,0.0,326.3505,,,,,,,,,,,,0.0,0.0,0.0,0.0,0
115.56,6.944,0.2639,326.3505,-0.0004,0.0,326.3505,,,,,,,,,,,,0.0,0.0,0.0,0.0,0
115.58,6.944,0.2639,326.3505,-0.0004,0.0,326.3505,,,,,,,,,,,,0.0,0.0,0.0,0.0,0
115.6,6.6703,0.3265,326.2912,-0.0004,0.0,326.2912,,,,,,,,,,,,0.0,0.0,0.0,0.0,0
115.62,6.6703,0.3265,326.2912,-0.0004,0.0,326.2912,,,,,,,,,,,,0.0,0.0,0.0,0.0,0
115.64,6.6703,0.3265,326.2912,-0.0004,0.0,326.2912,,,,,,,,,,,,0.0,0.0,0.0,0.0,0
115.66,6.6703,0.3265,326.2912,-0.0004,0.0,326.2912,,,,,,,,,,,,0.0,0.0,0.0,0.0,0
115.68,6.6703,0.3265,326.2912,-0.0004,0.0,326.2912,,,,,,,,,,,,0.0,0.0,0.0,0.0,0
115.7,6.6703,0.3265,326.2912,-0.0004,0.0,326.2912,,,,,,,,,,,,0.0,0.0,0.0,0.0,0
115.72,6.2735,0.4025,326.3929,-0.0004,0.0,326.3929,,,,,,,,,,,,0.0,0.0,0.0,0.0,0
115.74,6.2735,0.4025,326.3929,-0.0004,0.0,326.3929,,,,,,,,,,,,0.0,0.0,0.0,0.0,0
115.76,6.2735,0.4025,326.3929,-0.0004,0.0,326.3929,,,,,,,,,,,,0.0,0.0,0.0,0.0,0
115.78,6.2735,0.4025,326.3929,-0.0004,0.0,326.3929,,,,,,,,,,,,0.0,0.0,0.0,0.0,0
115.8,5.992,0.3909,326.3779,-0.0004,0.0,326.3779,,,,,,,,,,,,0.0,0.0,0.0,0.0,0
115.82,5.992,0.3909,326.3779,-0.0004,0.0,326.3779,,,,,,,,,,,,0.0,0.0,0.0,0.0,0
115.84,5.992,0.3909,326.3779,-0.0004,0.0,326.3779,,,,,,,,,,,,0.0,0.0,0.0,0.0,0
115.86,5.992,0.3909,326.3779,-0.0004,0.0,326.3779,,,,,,,,,,,,0.0,0.0,0.0,0.0,0
115.88,5.992,0.3909,326.3779,-0.0004,0.0,326.3779,,,,,,,,,,,,0.0,0.0,0.0,0.0,0
115.9,5.992,0.3909,326.3779,-0.0004,0.0,326.3779,,,,,,,,,,,,0.0,0.0,0.0,0.0,0
115.92,5.9103,0.2996,326.3296,-0.0004,0.0,326.3296,,,,,,,,,,,,0.0,0.0,0.0,0.0,0
115.94,5.9103,0.2996,326.3296,-0.0004,0.0,326.3296,,,,,,,,,,,,0.0,0.0,0.0,0.0,0
115.96,5.9103,0.2996,326.3296,-0.0004,0.0,326.3296,,,,,,,,,,,,0.0,0.0,0.0,0.0,0
115.98,5.9103,0.2996,326.3296,-0.0004,0.0,326.3296,,,,,,,,,,,,0.0,0.0,0.0,0.0,0
116.0,5.8768,0.2332,326.3766,-0.0004,0.0,326.3766,,,,,,,,,,,,0.0,0.0,0.0,0.0,0
116.02,5.8768,0.2332,326.3766,-0.0004,0.0,326.3766,,,,,,,,,,,,0.0,0.0,0.0,0.0,0
116.04,5.8768,0.2332,326.3766,-0.0004,0.0,326.3766,,,,,,,,,,,,0.0,0.0,0.0,0.0,0
116.06,5.8768,0.2332,326.3766,-0.0004,0.0,326.3766,,,,,,,,,,,,0.0,0.0,0.0,0.0,0
116.08,5.8768,0.2332,326.3766,-0.0004,0.0,326.3766,,,,,,,,,,,,0.0,0.0,0.0,0.0,0
116.1,5.8768,0.2332,326.3766,-0.0004,0.0,326.3766,,,,,,,,,,,,0.0,0.0,0.0,0.0,0
116.12,5.7928,0.1969,326.3499,-0.0004,0.0,326.3499,,,,,,,,,,,,0.0,0.0,0.0,0.0,0
116.14,5.7928,0.1969,326.3499,-0.0004,0.0,326.3499,,,,,,,,,,,,0.0,0.0,0.0,0.0,0
116.16,5.7928,0.1969,326.3499,-0.0004,0.0,326.3499,,,,,,,,,,,,0.0,0.0,0.0,0.0,0
116.18,5.7928,0.1969,326.3499,-0.0004,0.0,326.3499,,,,,,,,,,,,0.0,0.0,0.0,0.0,0
116.2,5.7878,0.0877,326.388,-0.0004,0.0,326.388,,,,,,,,,,,,0.0,0.0,0.0,0.0,0
116.22,5.7878,0.0877,326.388,-0.0004,0.0,326.388,,,,,,,,,,,,0.0,0.0,0.0,0.0,0
116.24,5.7878,0.0877,326.388,-0.0004,0.0,326.388,,,,,,,,,,,,0.0,0.0,0.0,0.0,0
116.26,5.7878,0.0877,326.388,-0.0004,0.0,326.388,,,,,,,,,,,,0.0,0.0,0.0,0.0,0
116.28,5.7878,0.0877,326.388,-0.0004,0.0,326.388,,,,,,,,,,,,0.0,0.0,0.0,0.0,0
116.3,5.7878,0.0877,326.388,-0.0004,0.0,326.388,,,,,,,,,,,,0.0,0.0,0.0,0.0,0
116.32,5.7729,-0.0059,326.3078,-0.0004,0.0,326.3078,,,,,,,,,,,,0.0,0.0,0.0,0.0,0
116.34,5.7729,-0.0059,326.3078,-0.0004,0.0,326.3078,,,,,,,,,,,,0.0,0.0,0.0,0.0,0
116.36,5.7729,-0.0059,326.3078,-0.0004,0.0,326.3078,,,,,,,,,,,,0.0,0.0,0.0,0.0,0
116.38,5.7729,-0.0059,326.3078,-0.0004,0.0,326.3078,,,,,,,,,,,,0.0,0.0,0.0,0.0,0
116.4,5.8733,-0.88,326.0784,-0.0004,0.0,326.0784,,,,,,,,,,,,0.0,0.0,0.0,0.0,0
116.42,5.8733,-0.88,326.0784,-0.0004,0.0,326.0784,,,,,,,,,,,,0.0,0.0,0.0,0.0,0
116.44,5.8733,-0.88,326.0784,-0.0004,0.0,326.0784,,,,,,,,,,,,0.0,0.0,0.0,0.0,0
116.46,5.8733,-0.88,326.0784,-0.0004,0.0,326.0784,,,,,,,,,,,,0.0,0.0,0.0,0.0,0
116.48,5.8733,-0.88,326.0784,-0.0004,0.0,326.0784,,,,,,,,,,,,0.0,0.0,0.0,0.0,0
116.5,5.8733,-0.88,326.0784,-0.0004,0.0,326.0784,,,,,,,,,,,,0.0,0.0,0.0,0.0,0
116.52,5.9736,-1.0714,325.6703,-0.0004,0.0,325.6703,,,,,,,,,,,,0.0,0.0,0.0,0.0,0
116.54,5.9736,-1.0714,325.6703,-0.0004,0.0,325.6703,,,,,,,,,,,,0.0,0.0,0.0,0.0,0
116.56,5.9736,-1.0714,325.6703,-0.0004,0.0,325.6703,,,,,,,,,,,,0.0,0.0,0.0,0.0,0
116.58,5.9736,-1.0714,325.6703,-0.0004,0.0,325.6703,,,,,,,,,,,,0.0,0.0,0.0,0.0,0
116.6,6.0783,-1.2872,325.3033,-0.0004,0.0,325.3033,,,,,,,,,,,,0.0,0.0,0.0,0.0,0
116.62,6.0783,-1.2872,325.3033,-0.0004,0.0,325.3033,,,,,,,,,,,,0.0,0.0,0.0,0.0,0
116.64,6.0783,-1.2872,325.3033,-0.0004,0.0,325.3033,,,,,,,,,,,,0.0,0.0,0.0,0.0,0
116.66,6.0783,-1.2872,325.3033,-0.0004,0.0,325.3033,,,,,,,,,,,,0.0,0.0,0.0,0.0,0
116.68,6.0783,-1.2872,325.3033,-0.0004,0.0,325.3033,,,,,,,,,,,,0.0,0.0,0.0,0.0,0
116.7,6.0783,-1.2872,325.3033,-0.0004,0.0,325.3033,,,,,,,,,,,,0.0,0.0,0.0,0.0,0
116.72,6.0619,-1.4743,325.4213,-0.0004,0.0,325.4212,,,,,,,,,,,,0.0,0.0,0.0,0.0,0
116.74,6.0619,-1.4743,325.4213,-0.0004,0.0,325.4212,,,,,,,,,,,,0.0,0.0,0.0,0.0,0
116.76,6.0619,-1.4743,325.4213,-0.0004,0.0,325.4212,,,,,,,,,,,,0.0,0.0,0.0,0.0,0
116.78,6.0619,-1.4743,325.4213,-0.0004,0.0,325.4212,,,,,,,,,,,,0.0,0.0,0.0,0.0,0
116.8,6.0987,-1.6656,325.6174,-0.0004,0.0,325.6174,,,,,,,,,,,,0.0,0.0,0.0,0.0,0
116.82,6.0987,-1.6656,325.6174,-0.0004,0.0,325.6174,,,,,,,,,,,,0.0,0.0,0.0,0.0,0
116.84,6.0987,-1.6656,325.6174,-0.0004,0.0,325.6174,,,,,,,,,,,,0.0,0.0,0.0,0.0,0
116.86,6.0987,-1.6656,325.6174,-0.0004,0.0,325.6174,,,,,,,,,,,,0.0,0.0,0.0,0.0,0
116.88,6.0987,-1.6656,325.6174,-0.0004,0.0,325.6174,,,,,,,,,,,,0.0,0.0,0.0,0.0,0
116.9,6.0987,-1.6656,325.6174,-0.0004,0.0,325.6174,,,,,,,,,,,,0.0,0.0,0.0,0.0,0
116.92,6.0197,-1.517,325.862,-0.0004,0.0,325.862,,,,,,,,,,,,0.0,0.0,0.0,0.0,0
116.94,6.0197,-1.517,325.862,-0.0004,0.0,325.862,,,,,,,,,,,,0.0,0.0,0.0,0.0,0
116.96,6.0197,-1.517,325.862,-0.0004,0.0,325.862,,,,,,,,,,,,0.0,0.0,0.0,0.0,0
116.98,6.0197,-1.517,325.862,-0.0004,0.0,325.862,,,,,,,,,,,,0.0,0.0,0.0,0.0,0
117.0,6.0037,-1.3932,325.9287,-0.0004,0.0,325.9287,,,,,,,,,,,,0.0,0.0,0.0,0.0,0
117.02,6.0037,-1.3932,325.9287,-0.0004,0.0,325.9287,,,,,,,,,,,,0.0,0.0,0.0,0.0,0
117.04,6.0037,-1.3932,325.9287,-0.0004,0.0,325.9287,,,,,,,,,,,,0.0,0.0,0.0,0.0,0
117.06,6.0037,-1.3932,325.9287,-0.0004,0.0,325.9287,,,,,,,,,,,,0.0,0.0,0.0,0.0,0
117.08,6.0037,-1.3932,325.9287,-0.0004,0.0,325.9287,,,,,,,,,,,,0.0,0.0,0.0,0.0,0
117.1,6.0037,-1.3932,325.9287,-0.0004,0.0,325.9287,,,,,,,,,,,,0.0,0.0,0.0,0.0,0
117.12,6.0013,-1.3341,325.9639,-0.0004,0.0,325.9639,,,,,,,,,,,,0.0,0.0,0.0,0.0,0
117.14,6.0013,-1.3341,325.9639,-0.0004,0.0,325.9639,,,,,,,,,,,,0.0,0.0,0.0,0.0,0
117.16,6.0013,-1.3341,325.9639,-0.0004,0.0,325.9639,,,,,,,,,,,,0.0,0.0,0.0,0.0,0
117.18,6.0013,-1.3341,325.9639,-0.0004,0.0,325.9639,,,,,,,,,,,,0.0,0.0,0.0,0.0,0
117.2,5.9683,-1.3224,325.9995,-0.0004,0.0,325.9995,,,,,,,,,,,,0.0,0.0,0.0,0.0,0
117.22,5.9683,-1.3224,325.9995,-0.0004,0.0,325.9995,,,,,,,,,,,,0.0,0.0,0.0,0.0,0
117.24,5.9683,-1.3224,325.9995,-0.0004,0.0,325.9995,,,,,,,,,,,,0.0,0.0,0.0,0.0,0
117.26,5.9683,-1.3224,325.9995,-0.0004,0.0,325.9995,,,,,,,,,,,,0.0,0.0,0.0,0.0,0
117.28,5.9683,-1.3224,325.9995,-0.0004,0.0,325.9995,,,,,,,,,,,,0.0,0.0,0.0,0.0,0
117.3,5.9683,-1.3224,325.9995,-0.0004,0.0,325.9995,,,,,,,,,,,,0.0,0.0,0.0,0.0,0
117.32,5.9649,-1.2961,326.0302,-0.0004,0.0,326.0302,,,,,,,,,,,,0.0,0.0,0.0,0.0,0
117.34,5.9649,-1.2961,326.0302,-0.0004,0.0,326.0302,,,,,,,,,,,,0.0,0.0,0.0,0.0,0
117.36,5.9649,-1.2961,326.0302,-0.0004,0.0,326.0302,,,,,,,,,,,,0.0,0.0,0.0,0.0,0
117.38,5.9649,-1.2961,326.0302,-0.0004,0.0,326.0302,,,,,,,,,,,,0.0,0.0,0.0,0.0,0
117.4,5.9113,-1.2774,326.0661,-0.0004,0.0,326.0661,,,,,,,,,,,,0.0,0.0,0.0,0.0,0
117.42,5.9113,-1.2774,326.0661,-0.0004,0.0,326.0661,,,,,,,,,,,,0.0,0.0,0.0,0.0,0
117.44,5.9113,-1.2774,326.0661,-0.0004,0.0,326.0661,,,,,,,,,,,,0.0,0.0,0.0,0.0,0
117.46,5.9113,-1.2774,326.0661,-0.0004,0.0,326.0661,,,,,,,,,,,,0.0,0.0,0.0,0.0,0
117.48,5.9113,-1.2774,326.0661,-0.0004,0.0,326.0661,,,,,,,,,,,,0.0,0.0,0.0,0.0,0
117.5,5.9113,-1.2774,326.0661,-0.0004,0.0,326.0661,,,,,,,,,,,,0.0,0.0,0.0,0.0,0
117.52,5.8639,-1.2789,326.0807,-0.0004,0.0,326.0807,,,,,,,,,,,,0.0,0.0,0.0,0.0,0
117.54,5.8639,-1.2789,326.0807,-0.0004,0.0,326.0807,,,,,,,,,,,,0.0,0.0,0.0,0.0,0
117.56,5.8639,-1.2789,326.0807,-0.0004,0.0,326.0807,,,,,,,,,,,,0.0,0.0,0.0,0.0,0
117.58,5.8639,-1.2789,326.0807,-0.0004,0.0,326.0807,,,,,,,,,,,,0.0,0.0,0.0,0.0,0
117.6,5.8888,-1.2984,325.9962,-0.0004,0.0,325.9962,,,,,,,,,,,,0.0,0.0,0.0,0.0,0
117.62,5.8888,-1.2984,325.9962,-0.0004,0.0,325.9962,,,,,,,,,,,,0.0,0.0,0.0,0.0,0
117.64,5.8888,-1.2984,325.9962,-0.0004,0.0,325.9962,,,,,,,,,,,,0.0,0.0,0.0,0.0,0
117.66,5.8888,-1.2984,325.9962,-0.0004,0.0,325.9962,,,,,,,,,,,,0.0,0.0,0.0,0.0,0
117.68,5.8888,-1.2984,325.9962,-0.0004,0.0,325.9962,,,,,,,,,,,,0.0,0.0,0.0,0.0,0
117.7,5.8888,-1.2984,325.9962,-0.0004,0.0,325.9962,,,,,,,,,,,,0.0,0.0,0.0,0.0,0
117.72,5.9045,-1.2508,326.0307,-0.0004,0.0,326.0307,,,,,,,,,,,,0.0,0.0,0.0,0.0,0
117.74,5.9045,-1.2508,326.0307,-0.0004,0.0,326.0307,,,,,,,,,,,,0.0,0.0,0.0,0.0,0
117.76,5.9045,-1.2508,326.0307,-0.0004,0.0,326.0307,,,,,,,,,,,,0.0,0.0,0.0,0.0,0
117.78,5.9045,-1.2508,326.0307,-0.0004,0.0,326.0307,,,,,,,,,,,,0.0,0.0,0.0,0.0,0
117.8,5.894,-1.3087,326.0538,-0.0004,0.0,326.0538,,,,,,,,,,,,0.0,0.0,0.0,0.0,0
117.82,5.894,-1.3087,326.0538,-0.0004,0.0,326.0538,,,,,,,,,,,,0.0,0.0,0.0,0.0,0
117.84,5.894,-1.3087,326.0538,-0.0004,0.0,326.0538,,,,,,,,,,,,0.0,0.0,0.0,0.0,0
117.86,5.894,-1.3087,326.0538,-0.0004,0.0,326.0538,,,,,,,,,,,,0.0,0.0,0.0,0.0,0
117.88,5.894,-1.3087,326.0538,-0.0004,0.0,326.0538,,,,,,,,,,,,0.0,0.0,0.0,0.0,0
117.9,5.894,-1.3087,326.0538,-0.0004,0.0,326.0538,,,,,,,,,,,,0.0,0.0,0.0,0.0,0
117.92,5.7766,-1.3567,326.0438,-0.0004,0.0,326.0438,,,,,,,,,,,,0.0,0.0,0.0,0.0,0
117.94,5.7766,-1.3567,326.0438,-0.0004,0.0,326.0438,,,,,,,,,,,,0.0,0.0,0.0,0.0,0
117.96,5.7766,-1.3567,326.0438,-0.0004,0.0,326.0438,,,,,,,,,,,,0.0,0.0,0.0,0.0,0
117.98,5.7766,-1.3567,326.0438,-0.0004,0.0,326.0438,,,,,,,,,,,,0.0,0.0,0.0,0.0,0
118.0,5.7872,-1.3351,325.9915,-0.0004,0.0,325.9915,,,,,,,,,,,,0.0,0.0,0.0,0.0,0
118.02,5.7872,-1.3351,325.9915,-0.0004,0.0,325.9915,,,,,,,,,,,,0.0,0.0,0.0,0.0,0
118.04,5.7872,-1.3351,325.9915,-0.0004,0.0,325.9915,,,,,,,,,,,,0.0,0.0,0.0,0.0,0
118.06,5.7872,-1.3351,325.9915,-0.0004,0.0,325.9915,,,,,,,,,,,,0.0,0.0,0.0,0.0,0
118.08,5.7872,-1.3351,325.9915,-0.0004,0.0,325.9915,,,,,,,,,,,,0.0,0.0,0.0,0.0,0
118.1,5.7872,-1.3351,325.9915,-0.0004,0.0,325.9915,,,,,,,,,,,,0.0,0.0,0.0,0.0,0
118.12,5.6605,-1.3267,326.0906,-0.0004,0.0,326.0906,,,,,,,,,,,,0.0,0.0,0.0,0.0,0
118.14,5.6605,-1.3267,326.0906,-0.0004,0.0,326.0906,,,,,,,,,,,,0.0,0.0,0.0,0.0,0
118.16,5.6605,-1.3267,326.0906,-0.0004,0.0,326.0906,,,,,,,,,,,,0.0,0.0,0.0,0.0,0
118.18,5.6605,-1.3267,326.0906,-0.0004,0.0,326.0906,,,,,,,,,,,,0.0,0.0,0.0,0.0,0
118.2,5.6637,-1.3168,326.1667,-0.0004,0.0,326.1667,,,,,,,,,,,,0.0,0.0,0.0,0.0,0
118.22,5.6637,-1.3168,326.1667,-0.0004,0.0,326.1667,,,,,,,,,,,,0.0,0.0,0.0,0.0,0
118.24,5.6637,-1.3168,326.1667,-0.0004,0.0,326.1667,,,,,,,,,,,,0.0,0.0,0.0,0.0,0
118.26,5.6637,-1.3168,326.1667,-0.0004,0.0,326.1667,,,,,,,,,,,,0.0,0.0,0.0,0.0,0
118.28,5.6637,-1.3168,326.1667,-0.0004,0.0,326.1667,,,,,,,,,,,,0.0,0.0,0.0,0.0,0
118.3,5.6637,-1.3168,326.1667,-0.0004,0.0,326.1667,,,,,,,,,,,,0.0,0.0,0.0,0.0,0
118.32,5.6247,-1.3528,326.1799,-0.0004,0.0,326.1799,,,,,,,,,,,,0.0,0.0,0.0,0.0,0
118.34,5.6247,-1.3528,326.1799,-0.0004,0.0,326.1799,,,,,,,,,,,,0.0,0.0,0.0,0.0,0
118.36,5.6247,-1.3528,326.1799,-0.0004,0.0,326.1799,,,,,,,,,,,,0.0,0.0,0.0,0.0,0
118.38,5.6247,-1.3528,326.1799,-0.0004,0.0,326.1799,,,,,,,,,,,,0.0,0.0,0.0,0.0,0
118.4,5.6196,-1.4228,326.1677,-0.0004,0.0,326.1677,,,,,,,,,,,,0.0,0.0,0.0,0.0,0
118.42,5.6196,-1.4228,326.1677,-0.0004,0.0,326.1677,,,,,,,,,,,,0.0,0.0,0.0,0.0,0
118.44,5.6196,-1.4228,326.1677,-0.0004,0.0,326.1677,,,,,,,,,,,,0.0,0.0,0.0,0.0,0
118.46,5.6196,-1.4228,326.1677,-0.0004,0.0,326.1677,,,,,,,,,,,,0.0,0.0,0.0,0.0,0
118.48,5.6196,-1.4228,326.1677,-0.0004,0.0,326.1677,,,,,,,,,,,,0.0,0.0,0.0,0.0,0
118.5,5.6196,-1.4228,326.1677,-0.0004,0.0,326.1677,,,,,,,,,,,,0.0,0.0,0.0,0.0,0
118.52,5.6429,-1.4398,326.1761,-0.0004,0.0,326.1761,,,,,,,,,,,,0.0,0.0,0.0,0.0,0
118.54,5.6429,-1.4398,326.1761,-0.0004,0.0,326.1761,,,,,,,,,,,,0.0,0.0,0.0,0.0,0
118.56,5.6429,-1.4398,326.1761,-0.0004,0.0,326.1761,,,,,,,,,,,,0.0,0.0,0.0,0.0,0
118.58,5.6429,-1.4398,326.1761,-0.0004,0.0,326.1761,,,,,,,,,,,,0.0,0.0,0.0,0.0,0
118.6,5.6545,-1.4654,326.1994,-0.0004,0.0,326.1994,,,,,,,,,,,,0.0,0.0,0.0,0.0,0
118.62,5.6545,-1.4654,326.1994,-0.0004,0.0,326.1994,,,,,,,,,,,,0.0,0.0,0.0,0.0,0
118.64,5.6545,-1.4654,326.1994,-0.0004,0.0,326.1994,,,,,,,,,,,,0.0,0.0,0.0,0.0,0
118.66,5.6545,-1.4654,326.1994,-0.0004,0.0,326.1994,,,,,,,,,,,,0.0,0.0,0.0,0.0,0
118.68,5.6545,-1.4654,326.1994,-0.0004,0.0,326.1994,,,,,,,,,,,,0.0,0.0,0.0,0.0,0
118.7,5.6545,-1.4654,326.1994,-0.0004,0.0,326.1994,,,,,,,,,,,,0.0,0.0,0.0,0.0,0
118.72,5.645,-1.4203,326.1849,-0.0004,0.0,326.1849,,,,,,,,,,,,0.0,0.0,0.0,0.0,0
118.74,5.645,-1.4203,326.1849,-0.0004,0.0,326.1849,,,,,,,,,,,,0.0,0.0,0.0,0.0,0
118.76,5.645,-1.4203,326.1849,-0.0004,0.0,326.1849,,,,,,,,,,,,0.0,0.0,0.0,0.0,0
118.78,5.645,-1.4203,326.1849,-0.0004,0.0,326.1849,,,,,,,,,,,,0.0,0.0,0.0,0.0,0
118.8,5.626,-1.3747,326.1758,-0.0004,0.0,326.1758,,,,,,,,,,,,0.0,0.0,0.0,0.0,0
118.82,5.626,-1.3747,326.1758,-0.0004,0.0,326.1758,,,,,,,,,,,,0.0,0.0,0.0,0.0,0
118.84,5.626,-1.3747,326.1758,-0.0004,0.0,326.1758,,,,,,,,,,,,0.0,0.0,0.0,0.0,0
118.86,5.626,-1.3747,326.1758,-0.0004,0.0,326.1758,,,,,,,,,,,,0.0,0.0,0.0,0.0,0
118.88,5.626,-1.3747,326.1758,-0.0004,0.0,326.1758,,,,,,,,,,,,0.0,0.0,0.0,0.0,0
118.9,5.626,-1.3747,326.1758,-0.0004,0.0,326.1758,,,,,,,,,,,,0.0,0.0,0.0,0.0,0
118.92,5.6384,-1.3469,326.2068,-0.0004,0.0,326.2068,,,,,,,,,,,,0.0,0.0,0.0,0.0,0
118.94,5.6384,-1.3469,326.2068,-0.0004,0.0,326.2068,,,,,,,,,,,,0.0,0.0,0.0,0.0,0
118.96,5.6384,-1.3469,326.2068,-0.0004,0.0,326.2068,,,,,,,,,,,,0.0,0.0,0.0,0.0,0
118.98,5.6384,-1.3469,326.2068,-0.0004,0.0,326.2068,,,,,,,,,,,,0.0,0.0,0.0,0.0,0
119.0,5.5857,-1.3411,326.2107,-0.0004,0.0,326.2107,,,,,,,,,,,,0.0,0.0,0.0,0.0,0
119.02,5.5857,-1.3411,326.2107,-0.0004,0.0,326.2107,,,,,,,,,,,,0.0,0.0,0.0,0.0,0
119.04,5.5857,-1.3411,326.2107,-0.0004,0.0,326.2107,,,,,,,,,,,,0.0,0.0,0.0,0.0,0
119.06,5.5857,-1.3411,326.2107,-0.0004,0.0,326.2107,,,,,,,,,,,,0.0,0.0,0.0,0.0,0
119.08,5.5857,-1.3411,326.2107,-0.0004,0.0,326.2107,,,,,,,,,,,,0.0,0.0,0.0,0.0,0
119.1,5.5857,-1.3411,326.2107,-0.0004,0.0,326.2107,,,,,,,,,,,,0.0,0.0,0.0,0.0,0
119.12,5.5735,-1.3341,326.254,-0.0004,0.0,326.254,,,,,,,,,,,,0.0,0.0,0.0,0.0,0
119.14,5.5735,-1.3341,326.254,-0.0004,0.0,326.254,,,,,,,,,,,,0.0,0.0,0.0,0.0,0
119.16,5.5735,-1.3341,326.254,-0.0004,0.0,326.254,,,,,,,,,,,,0.0,0.0,0.0,0.0,0
119.18,5.5735,-1.3341,326.254,-0.0004,0.0,326.254,,,,,,,,,,,,0.0,0.0,0.0,0.0,0
119.2,5.5511,-1.3399,326.2257,-0.0004,0.0,326.2257,,,,,,,,,,,,0.0,0.0,0.0,0.0,0
119.22,5.5511,-1.3399,326.2257,-0.0004,0.0,326.2257,,,,,,,,,,,,0.0,0.0,0.0,0.0,0
119.24,5.5511,-1.3399,326.2257,-0.0004,0.0,326.2257,,,,,,,,,,,,0.0,0.0,0.0,0.0,0
119.26,5.5511,-1.3399,326.2257,-0.0004,0.0,326.2257,,,,,,,,,,,,0.0,0.0,0.0,0.0,0
119.28,5.5511,-1.3399,326.2257,-0.0004,0.0,326.2257,,,,,,,,,,,,0.0,0.0,0.0,0.0,0
119.3,5.5511,-1.3399,326.2257,-0.0004,0.0,326.2257,,,,,,,,,,,,0.0,0.0,0.0,0.0,0
119.32,5.5672,-1.3402,326.2387,-0.0004,0.0,326.2387,,,,,,,,,,,,0.0,0.0,0.0,0.0,0
119.34,5.5672,-1.3402,326.2387,-0.0004,0.0,326.2387,,,,,,,,,,,,0.0,0.0,0.0,0.0,0
119.36,5.5672,-1.3402,326.2387,-0.0004,0.0,326.2387,,,,,,,,,,,,0.0,0.0,0.0,0.0,0
119.38,5.5672,-1.3402,326.2387,-0.0004,0.0,326.2387,,,,,,,,,,,,0.0,0.0,0.0,0.0,0
119.4,5.5758,-1.3746,326.2058,-0.0004,0.0,326.2058,,,,,,,,,,,,0.0,0.0,0.0,0.0,0
119.42,5.5758,-1.3746,326.2058,-0.0004,0.0,326.2058,,,,,,,,,,,,0.0,0.0,0.0,0.0,0
119.44,5.5758,-1.3746,326.2058,-0.0004,0.0,326.2058,,,,,,,,,,,,0.0,0.0,0.0,0.0,0
119.46,5.5758,-1.3746,326.2058,-0.0004,0.0,326.2058,,,,,,,,,,,,0.0,0.0,0.0,0.0,0
119.48,5.5758,-1.3746,326.2058,-0.0004,0.0,326.2058,,,,,,,,,,,,0.0,0.0,0.0,0.0,0
119.5,5.5758,-1.3746,326.2058,-0.0004,0.0,326.2058,,,,,,,,,,,,0.0,0.0,0.0,0.0,0
119.52,5.5471,-1.3712,326.2208,-0.0004,0.0,326.2208,,,,,,,,,,,,0.0,0.0,0.0,0.0,0
119.54,5.5471,-1.3712,326.2208,-0.0004,0.0,326.2208,,,,,,,,,,,,0.0,0.0,0.0,0.0,0
119.56,5.5471,-1.3712,326.2208,-0.0004,0.0,326.2208,,,,,,,,,,,,0.0,0.0,0.0,0.0,0
119.58,5.5471,-1.3712,326.2208,-0.0004,0.0,326.2208,,,,,,,,,,,,0.0,0.0,0.0,0.0,0
119.6,5.5315,-1.3473,326.2271,-0.0004,0.0,326.2271,,,,,,,,,,,,0.0,0.0,0.0,0.0,0
119.62,5.5315,-1.3473,326.2271,-0.0004,0.0,326.2271,,,,,,,,,,,,0.0,0.0,0.0,0.0,0
119.64,5.5315,-1.3473,326.2271,-0.0004,0.0,326.2271,,,,,,,,,,,,0.0,0.0,0.0,0.0,0
119.66,5.5315,-1.3473,326.2271,-0.0004,0.0,326.2271,,,,,,,,,,,,0.0,0.0,0.0,0.0,0
119.68,5.5315,-1.3473,326.2271,-0.0004,0.0,326.2271,,,,,,,,,,,,0.0,0.0,0.0,0.0,0
119.7,5.5315,-1.3473,326.2271,-0.0004,0.0,326.2271,,,,,,,,,,,,0.0,0.0,0.0,0.0,0
119.72,5.5005,-1.3197,326.3286,-0.0004,0.0,326.3286,,,,,,,,,,,,0.0,0.0,0.0,0.0,0
119.74,5.5005,-1.3197,326.3286,-0.0004,0.0,326.3286,,,,,,,,,,,,0.0,0.0,0.0,0.0,0
119.76,5.5005,-1.3197,326.3286,-0.0004,0.0,326.3286,,,,,,,,,,,,0.0,0.0,0.0,0.0,0
119.78,5.5005,-1.3197,326.3286,-0.0004,0.0,326.3286,,,,,,,,,,,,0.0,0.0,0.0,0.0,0
119.8,5.5713,-1.2261,326.3141,-0.0004,0.0,326.3141,,,,,,,,,,,,0.0,0.0,0.0,0.0,0
119.82,5.5713,-1.2261,326.3141,-0.0004,0.0,326.3141,,,,,,,,,,,,0.0,0.0,0.0,0.0,0
119.84,5.5713,-1.2261,326.3141,-0.0004,0.0,326.3141,,,,,,,,,,,,0.0,0.0,0.0,0.0,0
119.86,5.5713,-1.2261,326.3141,-0.0004,0.0,326.3141,,,,,,,,,,,,0.0,0.0,0.0,0.0,0
119.88,5.5713,-1.2261,326.3141,-0.0004,0.0,326.3141,,,,,,,,,,,,0.0,0.0,0.0,0.0,0
119.9,5.5713,-1.2261,326.3141,-0.0004,0.0,326.3141,,,,,,,,,,,,0.0,0.0,0.0,0.0,0
119.92,5.5543,-1.2074,326.3023,-0.0004,0.0,326.3023,,,,,,,,,,,,0.0,0.0,0.0,0.0,0
119.94,5.5543,-1.2074,326.3023,-0.0004,0.0,326.3023,,,,,,,,,,,,0.0,0.0,0.0,0.0,0
119.96,5.5543,-1.2074,326.3023,-0.0004,0.0,326.3023,,,,,,,,,,,,0.0,0.0,0.0,0.0,0
119.98,5.5543,-1.2074,326.3023,-0.0004,0.0,326.3023,,,,,,,,,,,,0.0,0.0,0.0,0.0,0
120.0,5.5896,-1.2175,326.3005,-0.0004,0.0,326.3005,,,,,,,,,,,,0.0,0.0,0.0,0.0,0
120.02,5.5896,-1.2175,326.3005,-0.0004,0.0,326.3005,,,,,,,,,,,,0.0,0.0,0.0,0.0,0
120.04,5.5896,-1.2175,326.3005,-0.0004,0.0,326.3005,,,,,,,,,,,,0.0,0.0,0.0,0.0,0
120.06,5.5896,-1.2175,326.3005,-0.0004,0.0,326.3005,,,,,,,,,,,,0.0,0.0,0.0,0.0,0
120.08,5.5896,-1.2175,326.3005,-0.0004,0.0,326.3005,,,,,,,,,,,,0.0,0.0,0.0,0.0,0
120.1,5.5896,-1.2175,326.3005,-0.0004,0.0,326.3005,,,,,,,,,,,,0.0,0.0,0.0,0.0,0
120.12,5.5532,-1.2162,326.2793,-0.0004,0.0,326.2793,,,,,,,,,,,,0.0,0.0,0.0,0.0,0
120.14,5.5532,-1.2162,326.2793,-0.0004,0.0,326.2793,,,,,,,,,,,,0.0,0.0,0.0,0.0,0
120.16,5.5532,-1.2162,326.2793,-0.0004,0.0,326.2793,,,,,,,,,,,,0.0,0.0,0.0,0.0,0
120.18,5.5532,-1.2162,326.2793,-0.0004,0.0,326.2793,,,,,,,,,,,,0.0,0.0,0.0,0.0,0
120.2,5.5561,-1.2183,326.263,-0.0004,0.0,326.263,,,,,,,,,,,,0.0,0.0,0.0,0.0,0
120.22,5.5561,-1.2183,326.263,-0.0004,0.0,326.263,,,,,,,,,,,,0.0,0.0,0.0,0.0,0
120.24,5.5561,-1.2183,326.263,-0.0004,0.0,326.263,,,,,,,,,,,,0.0,0.0,0.0,0.0,0
120.26,5.5561,-1.2183,326.263,-0.0004,0.0,326.263,,,,,,,,,,,,0.0,0.0,0.0,0.0,0
120.28,5.5561,-1.2183,326.263,-0.0004,0.0,326.263,,,,,,,,,,,,0.0,0.0,0.0,0.0,0
120.3,5.5561,-1.2183,326.263,-0.0004,0.0,326.263,,,,,,,,,,,,0.0,0.0,0.0,0.0,0
120.32,5.5455,-1.229,326.2789,-0.0004,0.0,326.2789,,,,,,,,,,,,0.0,0.0,0.0,0.0,0
120.34,5.5455,-1.229,326.2789,-0.0004,0.0,326.2789,,,,,,,,,,,,0.0,0.0,0.0,0.0,0
120.36,5.5455,-1.229,326.2789,-0.0004,0.0,326.2789,,,,,,,,,,,,0.0,0.0,0.0,0.0,0
120.38,5.5455,-1.229,326.2789,-0.0004,0.0,326.2789,,,,,,,,,,,,0.0,0.0,0.0,0.0,0
120.4,5.552,-1.2652,326.2502,-0.0004,0.0,326.2502,,,,,,,,,,,,0.0,0.0,0.0,0.0,0
120.42,5.552,-1.2652,326.2502,-0.0004,0.0,326.2502,,,,,,,,,,,,0.0,0.0,0.0,0.0,0
120.44,5.552,-1.2652,326.2502,-0.0004,0.0,326.2502,,,,,,,,,,,,0.0,0.0,0.0,0.0,0
120.46,5.552,-1.2652,326.2502,-0.0004,0.0,326.2502,,,,,,,,,,,,0.0,0.0,0.0,0.0,0
120.48,5.552,-1.2652,326.2502,-0.0004,0.0,326.2502,,,,,,,,,,,,0.0,0.0,0.0,0.0,0
120.5,5.552,-1.2652,326.2502,-0.0004,0.0,326.2502,,,,,,,,,,,,0.0,0.0,0.0,0.0,0
120.52,5.567,-1.2484,326.2688,-0.0004,0.0,326.2688,,,,,,,,,,,,0.0,0.0,0.0,0.0,0
120.54,5.567,-1.2484,326.2688,-0.0004,0.0,326.2688,,,,,,,,,,,,0.0,0.0,0.0,0.0,0
120.56,5.567,-1.2484,326.2688,-0.0004,0.0,326.2688,,,,,,,,,,,,0.0,0.0,0.0,0.0,0
120.58,5.567,-1.2484,326.2688,-0.0004,0.0,326.2688,,,,,,,,,,,,0.0,0.0,0.0,0.0,0
120.6,5.6234,-1.2916,326.2539,-0.0004,0.0,326.2539,,,,,,,,,,,,0.0,0.0,0.0,0.0,0
120.62,5.6234,-1.2916,326.2539,-0.0004,0.0,326.2539,,,,,,,,,,,,0.0,0.0,0.0,0.0,0
120.64,5.6234,-1.2916,326.2539,-0.0004,0.0,326.2539,,,,,,,,,,,,0.0,0.0,0.0,0.0,0
120.66,5.6234,-1.2916,326.2539,-0.0004,0.0,326.2539,,,,,,,,,,,,0.0,0.0,0.0,0.0,0
120.68,5.6234,-1.2916,326.2539,-0.0004,0.0,326.2539,,,,,,,,,,,,0.0,0.0,0.0,0.0,0
120.7,5.6234,-1.2916,326.2539,-0.0004,0.0,326.2539,,,,,,,,,,,,0.0,0.0,0.0,0.0,0
120.72,5.6001,-1.245,326.2723,-0.0004,0.0,326.2723,,,,,,,,,,,,0.0,0.0,0.0,0.0,0
120.74,5.6001,-1.245,326.2723,-0.0004,0.0,326.2723,,,,,,,,,,,,0.0,0.0,0.0,0.0,0
120.76,5.6001,-1.245,326.2723,-0.0004,0.0,326.2723,,,,,,,,,,,,0.0,0.0,0.0,0.0,0
120.78,5.6001,-1.245,326.2723,-0.0004,0.0,326.2723,,,,,,,,,,,,0.0,0.0,0.0,0.0,0
120.8,5.6144,-1.2559,326.27,-0.0004,0.0,326.27,,,,,,,,,,,,0.0,0.0,0.0,0.0,0
120.82,5.6144,-1.2559,326.27,-0.0004,0.0,326.27,,,,,,,,,,,,0.0,0.0,0.0,0.0,0
120.84,5.6144,-1.2559,326.27,-0.0004,0.0,326.27,,,,,,,,,,,,0.0,0.0,0.0,0.0,0
120.86,5.6144,-1.2559,326.27,-0.0004,0.0,326.27,,,,,,,,,,,,0.0,0.0,0.0,0.0,0
120.88,5.6144,-1.2559,326.27,-0.0004,0.0,326.27,,,,,,,,,,,,0.0,0.0,0.0,0.0,0
120.9,5.6144,-1.2559,326.27,-0.0004,0.0,326.27,,,,,,,,,,,,0.0,0.0,0.0,0.0,0
120.92,5.6241,-1.2656,326.2647,-0.0004,0.0,326.2647,,,,,,,,,,,,0.0,0.0,0.0,0.0,0
120.94,5.6241,-1.2656,326.2647,-0.0004,0.0,326.2647,,,,,,,,,,,,0.0,0.0,0.0,0.0,0
120.96,5.6241,-1.2656,326.2647,-0.0004,0.0,326.2647,,,,,,,,,,,,0.0,0.0,0.0,0.0,0
120.98,5.6241,-1.2656,326.2647,-0.0004,0.0,326.2647,,,,,,,,,,,,0.0,0.0,0.0,0.0,0
121.0,5.5989,-1.245,326.2536,-0.0004,0.0,326.2536,,,,,,,,,,,,0.0,0.0,0.0,0.0,0
121.02,5.5989,-1.245,326.2536,-0.0004,0.0,326.2536,,,,,,,,,,,,0.0,0.0,0.0,0.0,0
121.04,5.5989,-1.245,326.2536,-0.0004,0.0,326.2536,,,,,,,,,,,,0.0,0.0,0.0,0.0,0
121.06,5.5989,-1.245,326.2536,-0.0004,0.0,326.2536,,,,,,,,,,,,0.0,0.0,0.0,0.0,0
121.08,5.5989,-1.245,326.2536,-0.0004,0.0,326.2536,,,,,,,,,,,,0.0,0.0,0.0,0.0,0
121.1,5.5989,-1.245,326.2536,-0.0004,0.0,326.2536,,,,,,,,,,,,0.0,0.0,0.0,0.0,0
121.12,5.5846,-1.2218,326.2593,-0.0004,0.0,326.2593,,,,,,,,,,,,0.0,0.0,0.0,0.0,0
121.14,5.5846,-1.2218,326.2593,-0.0004,0.0,326.2593,,,,,,,,,,,,0.0,0.0,0.0,0.0,0
121.16,5.5846,-1.2218,326.2593,-0.0004,0.0,326.2593,,,,,,,,,,,,0.0,0.0,0.0,0.0,0
121.18,5.5846,-1.2218,326.2593,-0.0004,0.0,326.2593,,,,,,,,,,,,0.0,0.0,0.0,0.0,0
121.2,5.569,-1.2232,326.2738,-0.0004,0.0,326.2738,,,,,,,,,,,,0.0,0.0,0.0,0.0,0
121.22,5.569,-1.2232,326.2738,-0.0004,0.0,326.2738,,,,,,,,,,,,0.0,0.0,0.0,0.0,0
121.24,5.569,-1.2232,326.2738,-0.0004,0.0,326.2738,,,,,,,,,,,,0.0,0.0,0.0,0.0,0
121.26,5.569,-1.2232,326.2738,-0.0004,0.0,326.2738,,,,,,,,,,,,0.0,0.0,0.0,0.0,0
121.28,5.569,-1.2232,326.2738,-0.0004,0.0,326.2738,,,,,,,,,,,,0.0,0.0,0.0,0.0,0
121.3,5.569,-1.2232,326.2738,-0.0004,0.0,326.2738,,,,,,,,,,,,0.0,0.0,0.0,0.0,0
121.32,5.5367,-1.2141,326.2802,-0.0004,0.0,326.2802,,,,,,,,,,,,0.0,0.0,0.0,0.0,0
121.34,5.5367,-1.2141,326.2802,-0.0004,0.0,326.2802,,,,,,,,,,,,0.0,0.0,0.0,0.0,0
121.36,5.5367,-1.2141,326.2802,-0.0004,0.0,326.2802,,,,,,,,,,,,0.0,0.0,0.0,0.0,0
121.38,5.5367,-1.2141,326.2802,-0.0004,0.0,326.2802,,,,,,,,,,,,0.0,0.0,0.0,0.0,0
121.4,5.5344,-1.2359,326.2617,-0.0004,0.0,326.2617,,,,,,,,,,,,0.0,0.0,0.0,0.0,0
121.42,5.5344,-1.2359,326.2617,-0.0004,0.0,326.2617,,,,,,,,,,,,0.0,0.0,0.0,0.0,0
121.44,5.5344,-1.2359,326.2617,-0.0004,0.0,326.2617,,,,,,,,,,,,0.0,0.0,0.0,0.0,0
121.46,5.5344,-1.2359,326.2617,-0.0004,0.0,326.2617,,,,,,,,,,,,0.0,0.0,0.0,0.0,0
121.48,5.5344,-1.2359,326.2617,-0.0004,0.0,326.2617,,,,,,,,,,,,0.0,0.0,0.0,0.0,0
121.5,5.5344,-1.2359,326.2617,-0.0004,0.0,326.2617,,,,,,,,,,,,0.0,0.0,0.0,0.0,0
121.52,5.5248,-1.1782,326.2546,-0.0004,0.0,326.2546,,,,,,,,,,,,0.0,0.0,0.0,0.0,0
121.54,5.5248,-1.1782,326.2546,-0.0004,0.0,326.2546,,,,,,,,,,,,0.0,0.0,0.0,0.0,0
121.56,5.5248,-1.1782,326.2546,-0.0004,0.0,326.2546,,,,,,,,,,,,0.0,0.0,0.0,0.0,0
121.58,5.5248,-1.1782,326.2546,-0.0004,0.0,326.2546,,,,,,,,,,,,0.0,0.0,0.0,0.0,0
121.6,5.5358,-1.1686,326.2713,-0.0004,0.0,326.2713,,,,,,,,,,,,0.0,0.0,0.0,0.0,0
121.62,5.5358,-1.1686,326.2713,-0.0004,0.0,326.2713,,,,,,,,,,,,0.0,0.0,0.0,0.0,0
121.64,5.5358,-1.1686,326.2713,-0.0004,0.0,326.2713,,,,,,,,,,,,0.0,0.0,0.0,0.0,0
121.66,5.5358,-1.1686,326.2713,-0.0004,0.0,326.2713,,,,,,,,,,,,0.0,0.0,0.0,0.0,0
121.68,5.5358,-1.1686,326.2713,-0.0004,0.0,326.2713,,,,,,,,,,,,0.0,0.0,0.0,0.0,0
121.7,5.5358,-1.1686,326.2713,-0.0004,0.0,326.2713,,,,,,,,,,,,0.0,0.0,0.0,0.0,0
121.72,5.5818,-1.1008,326.2484,-0.0004,0.0,326.2484,,,,,,,,,,,,0.0,0.0,0.0,0.0,0
121.74,5.5818,-1.1008,326.2484,-0.0004,0.0,326.2484,,,,,,,,,,,,0.0,0.0,0.0,0.0,0
121.76,5.5818,-1.1008,326.2484,-0.0004,0.0,326.2484,,,,,,,,,,,,0.0,0.0,0.0,0.0,0
121.78,5.5818,-1.1008,326.2484,-0.0004,0.0,326.2484,,,,,,,,,,,,0.0,0.0,0.0,0.0,0
121.8,5.611,-1.0527,326.2441,-0.0004,0.0,326.2441,,,,,,,,,,,,0.0,0.0,0.0,0.0,0
121.82,5.611,-1.0527,326.2441,-0.0004,0.0,326.2441,,,,,,,,,,,,0.0,0.0,0.0,0.0,0
121.84,5.611,-1.0527,326.2441,-0.0004,0.0,326.2441,,,,,,,,,,,,0.0,0.0,0.0,0.0,0
121.86,5.611,-1.0527,326.2441,-0.0004,0.0,326.2441,,,,,,,,,,,,0.0,0.0,0.0,0.0,0
121.88,5.611,-1.0527,326.2441,-0.0004,0.0,326.2441,,,,,,,,,,,,0.0,0.0,0.0,0.0,0
121.9,5.611,-1.0527,326.2441,-0.0004,0.0,326.2441,,,,,,,,,,,,0.0,0.0,0.0,0.0,0
121.92,5.656,-0.9945,326.3643,-0.0004,0.0,326.3643,,,,,,,,,,,,0.0,0.0,0.0,0.0,0
121.94,5.656,-0.9945,326.3643,-0.0004,0.0,326.3643,,,,,,,,,,,,0.0,0.0,0.0,0.0,0
121.96,5.656,-0.9945,326.3643,-0.0004,0.0,326.3643,,,,,,,,,,,,0.0,0.0,0.0,0.0,0
121.98,5.656,-0.9945,326.3643,-0.0004,0.0,326.3643,,,,,,,,,,,,0.0,0.0,0.0,0.0,0
122.0,5.6242,-0.8711,326.5388,-0.0004,0.0,326.5388,,,,,,,,,,,,0.0,0.0,0.0,0.0,0
122.02,5.6242,-0.8711,326.5388,-0.0004,0.0,326.5388,,,,,,,,,,,,0.0,0.0,0.0,0.0,0
122.04,5.6242,-0.8711,326.5388,-0.0004,0.0,326.5388,,,,,,,,,,,,0.0,0.0,0.0,0.0,0
122.06,5.6242,-0.8711,326.5388,-0.0004,0.0,326.5388,,,,,,,,,,,,0.0,0.0,0.0,0.0,0
122.08,5.6242,-0.8711,326.5388,-0.0004,0.0,326.5388,,,,,,,,,,,,0.0,0.0,0.0,0.0,0
122.1,5.6242,-0.8711,326.5388,-0.0004,0.0,326.5388,,,,,,,,,,,,0.0,0.0,0.0,0.0,0
122.12,5.664,-0.9251,326.6038,-0.0004,0.0,326.6038,,,,,,,,,,,,0.0,0.0,0.0,0.0,0
122.14,5.664,-0.9251,326.6038,-0.0004,0.0,326.6038,,,,,,,,,,,,0.0,0.0,0.0,0.0,0
122.16,5.664,-0.9251,326.6038,-0.0004,0.0,326.6038,,,,,,,,,,,,0.0,0.0,0.0,0.0,0
122.18,5.664,-0.9251,326.6038,-0.0004,0.0,326.6038,,,,,,,,,,,,0.0,0.0,0.0,0.0,0
122.2,5.4618,-1.0801,326.5301,-0.0004,0.0,326.5301,,,,,,,,,,,,0.0,0.0,0.0,0.0,0
122.22,5.4618,-1.0801,326.5301,-0.0004,0.0,326.5301,,,,,,,,,,,,0.0,0.0,0.0,0.0,0
122.24,5.4618,-1.0801,326.5301,-0.0004,0.0,326.5301,,,,,,,,,,,,0.0,0.0,0.0,0.0,0
122.26,5.4618,-1.0801,326.5301,-0.0004,0.0,326.5301,,,,,,,,,,,,0.0,0.0,0.0,0.0,0
122.28,5.4618,-1.0801,326.5301,-0.0004,0.0,326.5301,,,,,,,,,,,,0.0,0.0,0.0,0.0,0
122.3,5.4618,-1.0801,326.5301,-0.0004,0.0,326.5301,,,,,,,,,,,,0.0,0.0,0.0,0.0,0
122.32,5.3705,-1.3128,326.2944,-0.0004,0.0,326.2944,,,,,,,,,,,,0.0,0.0,0.0,0.0,0
122.34,5.3705,-1.3128,326.2944,-0.0004,0.0,326.2944,,,,,,,,,,,,0.0,0.0,0.0,0.0,0
122.36,5.3705,-1.3128,326.2944,-0.0004,0.0,326.2944,,,,,,,,,,,,0.0,0.0,0.0,0.0,0
122.38,5.3705,-1.3128,326.2944,-0.0004,0.0,326.2944,,,,,,,,,,,,0.0,0.0,0.0,0.0,0
122.4,5.3889,-1.5219,326.2508,-0.0004,0.0,326.2508,,,,,,,,,,,,0.0,0.0,0.0,0.0,0
122.42,5.3889,-1.5219,326.2508,-0.0004,0.0,326.2508,,,,,,,,,,,,0.0,0.0,0.0,0.0,0
122.44,5.3889,-1.5219,326.2508,-0.0004,0.0,326.2508,,,,,,,,,,,,0.0,0.0,0.0,0.0,0
122.46,5.3889,-1.5219,326.2508,-0.0004,0.0,326.2508,,,,,,,,,,,,0.0,0.0,0.0,0.0,0
122.48,5.3889,-1.5219,326.2508,-0.0004,0.0,326.2508,,,,,,,,,,,,0.0,0.0,0.0,0.0,0
122.5,5.3889,-1.5219,326.2508,-0.0004,0.0,326.2508,,,,,,,,,,,,0.0,0.0,0.0,0.0,0
122.52,5.2995,-1.4222,326.2585,-0.0004,0.0,326.2585,,,,,,,,,,,,0.0,0.0,0.0,0.0,0
122.54,5.2995,-1.4222,326.2585,-0.0004,0.0,326.2585,,,,,,,,,,,,0.0,0.0,0.0,0.0,0
122.56,5.2995,-1.4222,326.2585,-0.0004,0.0,326.2585,,,,,,,,,,,,0.0,0.0,0.0,0.0,0
122.58,5.2995,-1.4222,326.2585,-0.0004,0.0,326.2585,,,,,,,,,,,,0.0,0.0,0.0,0.0,0
122.6,5.3995,-1.2836,326.3076,-0.0004,0.0,326.3076,,,,,,,,,,,,0.0,0.0,0.0,0.0,0
122.62,5.3995,-1.2836,326.3076,-0.0004,0.0,326.3076,,,,,,,,,,,,0.0,0.0,0.0,0.0,0
122.64,5.3995,-1.2836,326.3076,-0.0004,0.0,326.3076,,,,,,,,,,,,0.0,0.0,0.0,0.0,0
122.66,5.3995,-1.2836,326.3076,-0.0004,0.0,326.3076,,,,,,,,,,,,0.0,0.0,0.0,0.0,0
122.68,5.3995,-1.2836,326.3076,-0.0004,0.0,326.3076,,,,,,,,,,,,0.0,0.0,0.0,0.0,0
122.7,5.3995,-1.2836,326.3076,-0.0004,0.0,326.3076,,,,,,,,,,,,0.0,0.0,0.0,0.0,0
122.72,5.4199,-1.175,326.4182,-0.0004,0.0,326.4182,,,,,,,,,,,,0.0,0.0,0.0,0.0,0
122.74,5.4199,-1.175,326.4182,-0.0004,0.0,326.4182,,,,,,,,,,,,0.0,0.0,0.0,0.0,0
122.76,5.4199,-1.175,326.4182,-0.0004,0.0,326.4182,,,,,,,,,,,,0.0,0.0,0.0,0.0,0
122.78,5.4199,-1.175,326.4182,-0.0004,0.0,326.4182,,,,,,,,,,,,0.0,0.0,0.0,0.0,0
122.8,5.4709,-1.1093,326.4676,-0.0004,0.0,326.4676,,,,,,,,,,,,0.0,0.0,0.0,0.0,0
122.82,5.4709,-1.1093,326.4676,-0.0004,0.0,326.4676,,,,,,,,,,,,0.0,0.0,0.0,0.0,0
122.84,5.4709,-1.1093,326.4676,-0.0004,0.0,326.4676,,,,,,,,,,,,0.0,0.0,0.0,0.0,0
122.86,5.4709,-1.1093,326.4676,-0.0004,0.0,326.4676,,,,,,,,,,,,0.0,0.0,0.0,0.0,0
122.88,5.4709,-1.1093,326.4676,-0.0004,0.0,326.4676,,,,,,,,,,,,0.0,0.0,0.0,0.0,0
122.9,5.4709,-1.1093,326.4676,-0.0004,0.0,326.4676,,,,,,,,,,,,0.0,0.0,0.0,0.0,0
122.92,5.2747,-0.9924,326.5178,-0.0004,0.0,326.5178,,,,,,,,,,,,0.0,0.0,0.0,0.0,0
122.94,5.2747,-0.9924,326.5178,-0.0004,0.0,326.5178,,,,,,,,,,,,0.0,0.0,0.0,0.0,0
122.96,5.2747,-0.9924,326.5178,-0.0004,0.0,326.5178,,,,,,,,,,,,0.0,0.0,0.0,0.0,0
122.98,5.2747,-0.9924,326.5178,-0.0004,0.0,326.5178,,,,,,,,,,,,0.0,0.0,0.0,0.0,0
123.0,5.1116,-0.9354,326.5375,-0.0004,0.0,326.5375,,,,,,,,,,,,0.0,0.0,0.0,0.0,0
123.02,5.1116,-0.9354,326.5375,-0.0004,0.0,326.5375,,,,,,,,,,,,0.029,0.029,0.029,0.029,0
123.04,5.1116,-0.9354,326.5375,-0.0004,0.0,326.5375,,,,,,,,,,,,0.029,0.029,0.029,0.029,0
123.06,5.1116,-0.9354,326.5375,-0.0004,0.0,326.5375,,,,,,,,,,,,0.029,0.029,0.029,0.029,0
123.08,5.1116,-0.9354,326.5375,-0.0004,0.0,326.5375,,,,,,,,,,,,0.029,0.029,0.029,0.029,0
123.1,5.1116,-0.9354,326.5375,-0.0004,0.0,326.5375,,,,,,,,,,,,0.029,0.029,0.029,0.029,0
123.12,4.9886,-0.9907,326.5025,-0.0004,0.0,326.5025,,,,,,,,,,,,0.06,0.06,0.06,0.06,0
123.14,4.9886,-0.9907,326.5025,-0.0004,0.0,326.5025,,,,,,,,,,,,0.06,0.06,0.06,0.06,0
123.16,4.9886,-0.9907,326.5025,-0.0004,0.0,326.5025,,,,,,,,,,,,0.06,0.06,0.06,0.06,0
123.18,4.9886,-0.9907,326.5025,-0.0004,0.0,326.5025,,,,,,,,,,,,0.06,0.06,0.06,0.06,0
123.2,4.9505,-1.0381,326.492,-0.0004,0.0,326.492,,,,,,,,,,,,0.06,0.06,0.06,0.06,0
123.22,4.9505,-1.0381,326.492,-0.0004,0.0,326.492,,,,,,,,,,,,0.089,0.089,0.089,0.089,0
123.24,4.9505,-1.0381,326.492,-0.0004,0.0,326.492,,,,,,,,,,,,0.089,0.089,0.089,0.089,0
123.26,4.9505,-1.0381,326.492,-0.0004,0.0,326.492,,,,,,,,,,,,0.089,0.089,0.089,0.089,0
123.28,4.9505,-1.0381,326.492,-0.0004,0.0,326.492,,,,,,,,,,,,0.089,0.089,0.089,0.089,0
123.3,4.9505,-1.0381,326.492,-0.0004,0.0,326.492,,,,,,,,,,,,0.089,0.089,0.089,0.089,0
123.32,4.9113,-1.0756,326.4424,-0.0004,0.0,326.4424,,,,,,,,,,,,0.1,0.1,0.1,0.1,0
123.34,4.9113,-1.0756,326.4424,-0.0004,0.0,326.4424,,,,,,,,,,,,0.1,0.1,0.1,0.1,0
123.36,4.9113,-1.0756,326.4424,-0.0004,0.0,326.4424,,,,,,,,,,,,0.1,0.1,0.1,0.1,0
123.38,4.9113,-1.0756,326.4424,-0.0004,0.0,326.4424,,,,,,,,,,,,0.1,0.1,0.1,0.1,0
123.4,4.908,-1.1467,326.4038,-0.0004,0.0,326.4038,,,,,,,,,,,,0.1,0.1,0.1,0.1,0
123.42,4.908,-1.1467,326.4038,-0.0004,0.0,326.4038,,,,,,,,,,,,0.1,0.1,0.1,0.1,0
123.44,4.908,-1.1467,326.4038,-0.0004,0.0,326.4038,,,,,,,,,,,,0.1,0.1,0.1,0.1,0
123.46,4.908,-1.1467,326.4038,-0.0004,0.0,326.4038,,,,,,,,,,,,0.1,0.1,0.1,0.1,0
123.48,4.908,-1.1467,326.4038,-0.0004,0.0,326.4038,,,,,,,,,,,,0.1,0.1,0.1,0.1,0
123.5,4.908,-1.1467,326.4038,-0.0004,0.0,326.4038,,,,,,,,,,,,0.1,0.1,0.1,0.1,0
123.52,4.8353,-1.1342,326.3987,-0.0004,0.0,326.3987,,,,,,,,,,,,0.1,0.1,0.1,0.1,0
123.54,4.8353,-1.1342,326.3987,-0.0004,0.0,326.3987,,,,,,,,,,,,0.1,0.1,0.1,0.1,0
123.56,4.8353,-1.1342,326.3987,-0.0004,0.0,326.3987,,,,,,,,,,,,0.1,0.1,0.1,0.1,0
123.58,4.8353,-1.1342,326.3987,-0.0004,0.0,326.3987,,,,,,,,,,,,0.1,0.1,0.1,0.1,0
123.6,4.7888,-1.1156,326.3788,-0.0004,0.0,326.3788,,,,,,,,,,,,0.1,0.1,0.1,0.1,0
123.62,4.7888,-1.1156,326.3788,-0.0004,0.0,326.3788,,,,,,,,,,,,0.1,0.1,0.1,0.1,0
123.64,4.7888,-1.1156,326.3788,-0.0004,0.0,326.3788,,,,,,,,,,,,0.1,0.1,0.1,0.1,0
123.66,4.7888,-1.1156,326.3788,-0.0004,0.0,326.3788,,,,,,,,,,,,0.1,0.1,0.1,0.1,0
123.68,4.7888,-1.1156,326.3788,-0.0004,0.0,326.3788,,,,,,,,,,,,0.1,0.1,0.1,0.1,0
123.7,4.7888,-1.1156,326.3788,-0.0004,0.0,326.3788,,,,,,,,,,,,0.1,0.1,0.1,0.1,0
123.72,4.7886,-1.1614,326.3244,-0.0004,0.0,326.3244,,,,,,,,,,,,0.1,0.1,0.1,0.1,0
123.74,4.7886,-1.1614,326.3244,-0.0004,0.0,326.3244,,,,,,,,,,,,0.1,0.1,0.1,0.1,0
123.76,4.7886,-1.1614,326.3244,-0.0004,0.0,326.3244,,,,,,,,,,,,0.1,0.1,0.1,0.1,0
123.78,4.7886,-1.1614,326.3244,-0.0004,0.0,326.3244,,,,,,,,,,,,0.1,0.1,0.1,0.1,0
123.8,4.7756,-1.183,326.3041,-0.0004,0.0,326.3041,,,,,,,,,,,,0.1,0.1,0.1,0.1,0
123.82,4.7756,-1.183,326.3041,-0.0004,0.0,326.3041,,,,,,,,,,,,0.1,0.1,0.1,0.1,0
123.84,4.7756,-1.183,326.3041,-0.0004,0.0,326.3041,,,,,,,,,,,,0.1,0.1,0.1,0.1,0
123.86,4.7756,-1.183,326.3041,-0.0004,0.0,326.3041,,,,,,,,,,,,0.1,0.1,0.1,0.1,0
123.88,4.7756,-1.183,326.3041,-0.0004,0.0,326.3041,,,,,,,,,,,,0.1,0.1,0.1,0.1,0
123.9,4.7756,-1.183,326.3041,-0.0004,0.0,326.3041,,,,,,,,,,,,0.1,0.1,0.1,0.1,0
123.92,4.7986,-1.2035,326.2701,-0.0004,0.0,326.2701,,,,,,,,,,,,0.116,0.116,0.116,0.116,0
123.94,4.7986,-1.2035,326.2701,-0.0004,0.0,326.2701,,,,,,,,,,,,0.116,0.116,0.116,0.116,0
123.96,4.7986,-1.2035,326.2701,-0.0004,0.0,326.2701,,,,,,,,,,,,0.116,0.116,0.116,0.116,0
123.98,4.7986,-1.2035,326.2701,-0.0004,0.0,326.2701,,,,,,,,,,,,0.116,0.116,0.116,0.116,0
124.0,4.7689,-1.1582,326.2662,-0.0004,0.0,326.2662,,,,,,,,,,,,0.116,0.116,0.116,0.116,0
124.02,4.7689,-1.1582,326.2662,-0.0004,0.0,326.2662,,,,,,,,,,,,0.146,0.146,0.146,0.146,0
124.04,4.7689,-1.1582,326.2662,-0.0004,0.0,326.2662,,,,,,,,,,,,0.146,0.146,0.146,0.146,0
124.06,4.7689,-1.1582,326.2662,-0.0004,0.0,326.2662,,,,,,,,,,,,0.146,0.146,0.146,0.146,0
124.08,4.7689,-1.1582,326.2662,-0.0004,0.0,326.2662,,,,,,,,,,,,0.146,0.146,0.146,0.146,0
124.1,4.7689,-1.1582,326.2662,-0.0004,0.0,326.2662,,,,,,,,,,,,0.146,0.146,0.146,0.146,0
124.12,4.8018,-1.1121,326.2792,-0.0003,0.0,326.3808,,,,,,,,,,,,0.465,0.391,0.4,0.453,0
124.14,4.8018,-1.1121,326.2792,-0.0003,0.0,326.3808,,,,,,,,,,,,0.465,0.391,0.4,0.453,0
124.16,4.8018,-1.1121,326.2792,-0.0003,0.0,326.3808,,,,,,,,,,,,0.465,0.391,0.4,0.453,0
124.18,4.8018,-1.1121,326.2792,-0.0003,0.0,326.3808,,,,,,,,,,,,0.465,0.391,0.4,0.453,0
124.2,4.7791,-1.0666,326.3441,-0.0003,0.0,326.3808,,,,,,,,,,,,0.465,0.391,0.4,0.453,0
124.22,4.7791,-1.0666,326.3441,-0.0003,0.0,326.3808,,,,,,,,,,,,0.646,0.592,0.599,0.64,0
124.24,4.7791,-1.0666,326.3441,-0.0003,0.0,326.3808,,,,,,,,,,,,0.646,0.592,0.599,0.64,0
124.26,4.7791,-1.0666,326.3441,-0.0003,0.0,326.3808,,,,,,,,,,,,0.646,0.592,0.599,0.64,0
124.28,4.7791,-1.0666,326.3441,-0.0003,0.0,326.3808,,,,,,,,,,,,0.646,0.592,0.599,0.64,0
124.3,4.7791,-1.0666,326.3441,-0.0003,0.0,326.3808,,,,,,,,,,,,0.646,0.592,0.599,0.64,0
124.32,4.7244,-1.0556,326.3442,-0.0003,0.0,326.3808,,,,,,,,,,,,0.792,0.743,0.751,0.785,0
124.34,4.7244,-1.0556,326.3442,-0.0003,0.0,326.3808,,,,,,,,,,,,0.792,0.743,0.751,0.785,0
124.36,4.7244,-1.0556,326.3442,-0.0003,0.0,326.3808,,,,,,,,,,,,0.792,0.743,0.751,0.785,0
124.38,4.7244,-1.0556,326.3442,-0.0003,0.0,326.3808,,,,,,,,,,,,0.792,0.743,0.751,0.785,0
124.4,4.6548,-1.0685,326.3129,-0.0003,0.0,326.3808,,,,,,,,,,,,0.792,0.743,0.751,0.785,0
124.42,4.6548,-1.0685,326.3129,-0.0003,0.0,326.3808,,,,,,,,,,,,0.916,0.873,0.879,0.908,0
124.44,4.6548,-1.0685,326.3129,-0.0003,0.0,326.3808,,,,,,,,,,,,0.916,0.873,0.879,0.908,0
124.46,4.6548,-1.0685,326.3129,-0.0003,0.0,326.3808,,,,,,,,,,,,0.916,0.873,0.879,0.908,0
124.48,4.6548,-1.0685,326.3129,-0.0003,0.0,326.3808,,,,,,,,,,,,0.916,0.873,0.879,0.908,0
124.5,4.6548,-1.0685,326.3129,-0.0003,0.0,326.3808,,,,,,,,,,,,0.916,0.873,0.879,0.908,0
124.52,4.5248,-1.0901,326.3549,-0.0003,0.0,326.3808,,,,,,,,,,,,0.949,0.899,0.912,0.938,0
124.54,4.5248,-1.0901,326.3549,-0.0003,0.0,326.3808,,,,,,,,,,,,0.949,0.899,0.912,0.938,0
124.56,4.5248,-1.0901,326.3549,-0.0003,0.0,326.3808,,,,,,,,,,,,0.949,0.899,0.912,0.938,0
124.58,4.5248,-1.0901,326.3549,-0.0003,0.0,326.3808,,,,,,,,,,,,0.949,0.899,0.912,0.938,0
124.6,4.4387,-1.1533,326.3458,-0.0003,0.0,326.3808,,,,,,,,,,,,0.949,0.899,0.912,0.938,0
124.62,4.4387,-1.1533,326.3458,-0.0003,0.0,326.3808,,,,,,,,,,,,0.949,0.902,0.912,0.941,0
124.64,4.4387,-1.1533,326.3458,-0.0003,0.0,326.3808,,,,,,,,,,,,0.949,0.902,0.912,0.941,0
124.66,4.4387,-1.1533,326.3458,-0.0003,0.0,326.3808,,,,,,,,,,,,0.949,0.902,0.912,0.941,0
124.68,4.4387,-1.1533,326.3458,-0.0003,0.0,326.3808,,,,,,,,,,,,0.949,0.902,0.912,0.941,0
124.7,4.4387,-1.1533,326.3458,-0.0003,0.0,326.3808,,,,,,,,,,,,0.949,0.902,0.912,0.941,0
124.72,1.9369,-1.0614,326.6442,-0.0003,0.0,326.3808,,,,,,,,,,,,0.914,0.924,0.949,0.898,0
124.74,1.9369,-1.0614,326.6442,-0.0003,0.0,326.3808,,,,,,,,,,,,0.914,0.924,0.949,0.898,0
124.76,1.9369,-1.0614,326.6442,-0.0003,0.0,326.3808,,,,,,,,,,,,0.914,0.924,0.949,0.898,0
124.78,1.9369,-1.0614,326.6442,-0.0003,0.0,326.3808,,,,,,,,,,,,0.914,0.924,0.949,0.898,0
124.8,1.0472,-1.2482,326.3614,-0.0003,0.0,326.3808,,,,,,,,,,,,0.914,0.924,0.949,0.898,0
124.82,1.0472,-1.2482,326.3614,-0.0003,0.0,326.3808,,,,,,,,,,,,0.949,0.926,0.933,0.94,0
124.84,1.0472,-1.2482,326.3614,-0.0003,0.0,326.3808,,,,,,,,,,,,0.949,0.926,0.933,0.94,0
124.86,1.0472,-1.2482,326.3614,-0.0003,0.0,326.3808,,,,,,,,,,,,0.949,0.926,0.933,0.94,0
124.88,1.0472,-1.2482,326.3614,-0.0003,0.0,326.3808,,,,,,,,,,,,0.949,0.926,0.933,0.94,0
124.9,1.0472,-1.2482,326.3614,-0.0003,0.0,326.3808,,,,,,,,,,,,0.949,0.926,0.933,0.94,0
124.92,1.0929,-1.4777,326.2091,-0.0003,0.0,326.3808,,,,,,,,,,,,0.949,0.918,0.928,0.933,0
124.94,1.0929,-1.4777,326.2091,-0.0003,0.0,326.3808,,,,,,,,,,,,0.949,0.918,0.928,0.933,0
124.96,1.0929,-1.4777,326.2091,-0.0003,0.0,326.3808,,,,,,,,,,,,0.949,0.918,0.928,0.933,0
124.98,1.0929,-1.4777,326.2091,-0.0003,0.0,326.3808,,,,,,,,,,,,0.949,0.918,0.928,0.933,0
125.0,1.1504,-1.5542,326.1468,-0.0003,0.0,326.3808,,,,,,,,,,,,0.949,0.918,0.928,0.933,0
125.02,1.1504,-1.5542,326.1468,-0.0003,0.0,326.3808,,,,,,,,,,,,0.949,0.91,0.925,0.93,0
125.04,1.1504,-1.5542,326.1468,-0.0003,0.0,326.3808,,,,,,,,,,,,0.949,0.91,0.925,0.93,0
125.06,1.1504,-1.5542,326.1468,-0.0003,0.0,326.3808,,,,,,,,,,,,0.949,0.91,0.925,0.93,0
125.08,1.1504,-1.5542,326.1468,-0.0003,0.0,326.3808,,,,,,,,,,,,0.949,0.91,0.925,0.93,0
125.1,1.1504,-1.5542,326.1468,-0.0003,0.0,326.3808,,,,,,,,,,,,0.949,0.91,0.925,0.93,0
125.12,1.1537,-1.5434,326.2025,-0.0002,0.0,326.4013,,,,,,,,,,,,0.462,0.379,0.413,0.427,0
125.14,1.1537,-1.5434,326.2025,-0.0002,0.0,326.4013,,,,,,,,,,,,0.462,0.379,0.413,0.427,0
125.16,1.1537,-1.5434,326.2025,-0.0002,0.0,326.4013,,,,,,,,,,,,0.462,0.379,0.413,0.427,0
125.18,1.1537,-1.5434,326.2025,-0.0002,0.0,326.4013,,,,,,,,,,,,0.462,0.379,0.413,0.427,0
125.2,1.1932,-1.5335,326.1607,-0.0002,0.0,326.4283,,,,,,,,,,,,0.462,0.379,0.413,0.427,0
125.22,1.1932,-1.5335,326.1607,-0.0002,0.0,326.4283,,,,,,,,,,,,0.294,0.15,0.211,0.232,0
125.24,1.1932,-1.5335,326.1607,-0.0002,0.0,326.4283,,,,,,,,,,,,0.294,0.15,0.211,0.232,0
125.26,1.1932,-1.5335,326.1607,-0.0002,0.0,326.4283,,,,,,,,,,,,0.294,0.15,0.211,0.232,0
125.28,1.1932,-1.5335,326.1607,-0.0002,0.0,326.4283,,,,,,,,,,,,0.294,0.15,0.211,0.232,0
125.3,1.1932,-1.5335,326.1607,-0.0002,0.0,326.4283,,,,,,,,,,,,0.294,0.15,0.211,0.232,0
125.32,1.2018,-1.577,326.1713,-0.0002,0.0,326.4283,,,,,,,,,,,,0.293,0.15,0.215,0.233,0
125.34,1.2018,-1.577,326.1713,-0.0002,0.0,326.4283,,,,,,,,,,,,0.293,0.15,0.215,0.233,0
125.36,1.2018,-1.577,326.1713,-0.0002,0.0,326.4283,,,,,,,,,,,,0.293,0.15,0.215,0.233,0
125.38,1.2018,-1.577,326.1713,-0.0002,0.0,326.4283,,,,,,,,,,,,0.293,0.15,0.215,0.233,0
125.4,1.2261,-1.5953,326.1614,-0.0002,0.0,326.4283,,,,,,,,,,,,0.293,0.15,0.215,0.233,0
125.42,1.2261,-1.5953,326.1614,-0.0002,0.0,326.4283,,,,,,,,,,,,0.294,0.15,0.215,0.233,0
125.44,1.2261,-1.5953,326.1614,-0.0002,0.0,326.4283,,,,,,,,,,,,0.294,0.15,0.215,0.233,0
125.46,1.2261,-1.5953,326.1614,-0.0002,0.0,326.4283,,,,,,,,,,,,0.294,0.15,0.215,0.233,0
125.48,1.2261,-1.5953,326.1614,-0.0002,0.0,326.4283,,,,,,,,,,,,0.294,0.15,0.215,0.233,0
125.5,1.2261,-1.5953,326.1614,-0.0002,0.0,326.4283,,,,,,,,,,,,0.294,0.15,0.215,0.233,0
125.52,1.2265,-1.5983,326.1667,-0.0001,0.0,327.5083,,,,,,,,,,,,0.706,0.65,0.645,0.654,0
125.54,1.2265,-1.5983,326.1667,-0.0001,0.0,327.5083,,,,,,,,,,,,0.706,0.65,0.645,0.654,0
125.56,1.2265,-1.5983,326.1667,-0.0001,0.0,327.5083,,,,,,,,,,,,0.706,0.65,0.645,0.654,0
125.58,1.2265,-1.5983,326.1667,-0.0001,0.0,327.5083,,,,,,,,,,,,0.706,0.65,0.645,0.654,0
125.6,1.1941,-1.6072,326.2204,-0.0001,0.0,328.0157,,,,,,,,,,,,0.706,0.65,0.645,0.654,0
125.62,1.1941,-1.6072,326.2204,-0.0001,0.0,328.0157,,,,,,,,,,,,0.949,0.908,0.906,0.91,0
125.64,1.1941,-1.6072,326.2204,-0.0001,0.0,328.0157,,,,,,,,,,,,0.949,0.908,0.906,0.91,0
125.66,1.1941,-1.6072,326.2204,-0.0001,0.0,328.0157,,,,,,,,,,,,0.949,0.908,0.906,0.91,0
125.68,1.1941,-1.6072,326.2204,-0.0001,0.0,328.0157,,,,,,,,,,,,0.949,0.908,0.906,0.91,0
125.7,1.1941,-1.6072,326.2204,-0.0001,0.0,328.0157,,,,,,,,,,,,0.949,0.908,0.906,0.91,0
125.72,1.1173,-1.5528,326.2997,-0.0,0.0,329.1773,,,,,,,,,,,,0.949,0.904,0.89,0.893,0
125.74,1.1173,-1.5528,326.2997,-0.0,0.0,329.1773,,,,,,,,,,,,0.949,0.904,0.89,0.893,0
125.76,1.1173,-1.5528,326.2997,-0.0,0.0,329.1773,,,,,,,,,,,,0.949,0.904,0.89,0.893,0
125.78,1.1173,-1.5528,326.2997,-0.0,0.0,329.1773,,,,,,,,,,,,0.949,0.904,0.89,0.893,0
125.8,0.7732,-1.5097,326.5341,-0.0,0.0,329.5002,,,,,,,,,,,,0.949,0.904,0.89,0.893,0
125.82,0.7732,-1.5097,326.5341,-0.0,0.0,329.5002,,,,,,,,,,,,0.949,0.914,0.914,0.892,0
125.84,0.7732,-1.5097,326.5341,-0.0,0.0,329.5002,,,,,,,,,,,,0.949,0.914,0.914,0.892,0
125.86,0.7732,-1.5097,326.5341,-0.0,0.0,329.5002,,,,,,,,,,,,0.949,0.914,0.914,0.892,0
125.88,0.7732,-1.5097,326.5341,-0.0,0.0,329.5002,,,,,,,,,,,,0.949,0.914,0.914,0.892,0
125.9,0.7732,-1.5097,326.5341,-0.0,0.0,329.5002,,,,,,,,,,,,0.949,0.914,0.914,0.892,0
125.92,-0.4741,-1.2865,326.9795,-0.0,0.0,329.5002,,,,,,,,,,,,0.685,0.614,0.628,0.621,0
125.94,-0.4741,-1.2865,326.9795,-0.0,0.0,329.5002,,,,,,,,,,,,0.685,0.614,0.628,0.621,0
125.96,-0.4741,-1.2865,326.9795,-0.0,0.0,329.5002,,,,,,,,,,,,0.685,0.614,0.628,0.621,0
125.98,-0.4741,-1.2865,326.9795,-0.0,0.0,329.5002,,,,,,,,,,,,0.685,0.614,0.628,0.621,0
126.0,-0.5029,-1.3679,326.6654,-0.0,0.0,329.5002,,,,,,,,,,,,0.685,0.614,0.628,0.621,0
126.02,-0.5029,-1.3679,326.6654,-0.0,0.0,329.5002,,,,,,,,,,,,0.459,0.366,0.369,0.346,0
126.04,-0.5029,-1.3679,326.6654,-0.0,0.0,329.5002,,,,,,,,,,,,0.459,0.366,0.369,0.346,0
126.06,-0.5029,-1.3679,326.6654,-0.0,0.0,329.5002,,,,,,,,,,,,0.459,0.366,0.369,0.346,0
126.08,-0.5029,-1.3679,326.6654,-0.0,0.0,329.5002,,,,,,,,,,,,0.459,0.366,0.369,0.346,0
126.1,-0.5029,-1.3679,326.6654,-0.0,0.0,329.5002,,,,,,,,,,,,0.459,0.366,0.369,0.346,0
126.12,-0.6443,-1.3566,326.5712,-0.0,0.0,329.5002,,,,,,,,,,,,0.317,0.212,0.201,0.15,0
126.14,-0.6443,-1.3566,326.5712,-0.0,0.0,329.5002,,,,,,,,,,,,0.317,0.212,0.201,0.15,0
126.16,-0.6443,-1.3566,326.5712,-0.0,0.0,329.5002,,,,,,,,,,,,0.317,0.212,0.201,0.15,0
126.18,-0.6443,-1.3566,326.5712,-0.0,0.0,329.5002,,,,,,,,,,,,0.317,0.212,0.201,0.15,0
126.2,-0.733,-1.418,326.555,-0.0,0.0,329.5052,,,,,,,,,,,,0.317,0.212,0.201,0.15,0
126.22,-0.733,-1.418,326.555,-0.0,0.0,329.5052,,,,,,,,,,,,0.442,0.38,0.374,0.334,0
126.24,-0.733,-1.418,326.555,-0.0,0.0,329.5052,,,,,,,,,,,,0.442,0.38,0.374,0.334,0
126.26,-0.733,-1.418,326.555,-0.0,0.0,329.5052,,,,,,,,,,,,0.442,0.38,0.374,0.334,0
126.28,-0.733,-1.418,326.555,-0.0,0.0,329.5052,,,,,,,,,,,,0.442,0.38,0.374,0.334,0
126.3,-0.733,-1.418,326.555,-0.0,0.0,329.5052,,,,,,,,,,,,0.442,0.38,0.374,0.334,0
126.32,-0.6959,-1.4887,326.4683,-0.0,0.0,329.5478,,,,,,,,,,,,0.87,0.831,0.825,0.814,0
126.34,-0.6959,-1.4887,326.4683,-0.0,0.0,329.5478,,,,,,,,,,,,0.87,0.831,0.825,0.814,0
126.36,-0.6959,-1.4887,326.4683,-0.0,0.0,329.5478,,,,,,,,,,,,0.87,0.831,0.825,0.814,0
126.38,-0.6959,-1.4887,326.4683,-0.0,0.0,329.5478,,,,,,,,,,,,0.87,0.831,0.825,0.814,0
126.4,-0.6443,-1.456,326.4529,-0.0,0.0,329.455,,,,,,,,,,,,0.87,0.831,0.825,0.814,0
126.42,-0.6443,-1.456,326.4529,-0.0,0.0,329.455,,,,,,,,,,,,0.949,0.91,0.911,0.897,0
126.44,-0.6443,-1.456,326.4529,-0.0,0.0,329.455,,,,,,,,,,,,0.949,0.91,0.911,0.897,0
126.46,-0.6443,-1.456,326.4529,-0.0,0.0,329.455,,,,,,,,,,,,0.949,0.91,0.911,0.897,0
126.48,-0.6443,-1.456,326.4529,-0.0,0.0,329.455,,,,,,,,,,,,0.949,0.91,0.911,0.897,0
126.5,-0.6443,-1.456,326.4529,-0.0,0.0,329.455,,,,,,,,,,,,0.949,0.91,0.911,0.897,0
126.52,-0.5319,-1.5188,326.3705,0.188,0.0001,327.3964,,,,,,,,,,,,0.915,0.913,0.949,0.893,0
126.54,-0.5319,-1.5188,326.3705,0.188,0.0001,327.3964,,,,,,,,,,,,0.915,0.913,0.949,0.893,0
126.56,-0.5319,-1.5188,326.3705,0.188,0.0001,327.3964,,,,,,,,,,,,0.915,0.913,0.949,0.893,0
126.58,-0.5319,-1.5188,326.3705,0.188,0.0001,327.3964,,,,,,,,,,,,0.915,0.913,0.949,0.893,0
126.6,-0.3718,-1.585,326.318,4.7173,0.0036,322.637,,,,,,,,,,,,0.915,0.913,0.949,0.893,0
126.62,-0.3718,-1.585,326.318,4.7173,0.0036,322.637,,,,,,,,,,,,0.812,0.844,0.949,0.87,0
126.64,-0.3718,-1.585,326.318,4.7173,0.0036,322.637,,,,,,,,,,,,0.812,0.844,0.949,0.87,0
126.66,-0.3718,-1.585,326.318,4.7173,0.0036,322.637,,,,,,,,,,,,0.812,0.844,0.949,0.87,0
126.68,-0.3718,-1.585,326.318,4.7173,0.0036,322.637,,,,,,,,,,,,0.812,0.844,0.949,0.87,0
126.7,-0.3718,-1.585,326.318,4.7173,0.0036,322.637,,,,,,,,,,,,0.812,0.844,0.949,0.87,0
126.72,-0.3459,-1.537,326.4404,9.7709,0.0086,315.1674,,,,,,,,,,,,0.5,0.778,0.949,0.762,0
126.74,-0.3459,-1.537,326.4404,9.7709,0.0086,315.1674,,,,,,,,,,,,0.5,0.778,0.949,0.762,0
126.76,-0.3459,-1.537,326.4404,9.7709,0.0086,315.1674,,,,,,,,,,,,0.5,0.778,0.949,0.762,0
126.78,-0.3459,-1.537,326.4404,9.7709,0.0086,315.1674,,,,,,,,,,,,0.5,0.778,0.949,0.762,0
126.8,-0.3823,-1.5387,326.4793,18.6131,-0.2836,305.3484,,,,,,,,,,,,0.5,0.778,0.949,0.762,0
126.82,-0.3823,-1.5387,326.4793,18.6131,-0.2836,305.3484,,,,,,,,,,,,0.381,0.803,0.949,0.818,0
126.84,-0.3823,-1.5387,326.4793,18.6131,-0.2836,305.3484,,,,,,,,,,,,0.381,0.803,0.949,0.818,0
126.86,-0.3823,-1.5387,326.4793,18.6131,-0.2836,305.3484,,,,,,,,,,,,0.381,0.803,0.949,0.818,0
126.88,-0.3823,-1.5387,326.4793,18.6131,-0.2836,305.3484,,,,,,,,,,,,0.381,0.803,0.949,0.818,0
126.9,-0.3823,-1.5387,326.4793,18.6131,-0.2836,305.3484,,,,,,,,,,,,0.381,0.803,0.949,0.818,0
126.92,-0.3725,-1.4888,326.5836,22.4423,-4.846,297.2161,,,,,,,,,,,,0.301,0.685,0.801,0.949,0
126.94,-0.3725,-1.4888,326.5836,22.4423,-4.846,297.2161,,,,,,,,,,,,0.301,0.685,0.801,0.949,0
126.96,-0.3725,-1.4888,326.5836,22.4423,-4.846,297.2161,,,,,,,,,,,,0.301,0.685,0.801,0.949,0
126.98,-0.3725,-1.4888,326.5836,22.4423,-4.846,297.2161,,,,,,,,,,,,0.301,0.685,0.801,0.949,0
127.0,-0.3248,-1.2234,326.5375,15.9137,-13.3317,292.0175,,,,,,,,,,,,0.301,0.685,0.801,0.949,0
127.02,-0.3248,-1.2234,326.5375,15.9137,-13.3317,292.0175,,,,,,,,,,,,0.516,0.427,0.671,0.949,0
127.04,-0.3248,-1.2234,326.5375,15.9137,-13.3317,292.0175,,,,,,,,,,,,0.516,0.427,0.671,0.949,0
127.06,-0.3248,-1.2234,326.5375,15.9137,-13.3317,292.0175,,,,,,,,,,,,0.516,0.427,0.671,0.949,0
127.08,-0.3248,-1.2234,326.5375,15.9137,-13.3317,292.0175,,,,,,,,,,,,0.516,0.427,0.671,0.949,0
127.1,-0.3248,-1.2234,326.5375,15.9137,-13.3317,292.0175,,,,,,,,,,,,0.516,0.427,0.671,0.949,0
127.12,-0.2923,-1.2975,326.6333,-1.0508,-14.9282,289.6931,,,,,,,,,,,,0.949,0.508,0.885,0.944,0
127.14,-0.2923,-1.2975,326.6333,-1.0508,-14.9282,289.6931,,,,,,,,,,,,0.949,0.508,0.885,0.944,0
127.16,-0.2923,-1.2975,326.6333,-1.0508,-14.9282,289.6931,,,,,,,,,,,,0.949,0.508,0.885,0.944,0
127.18,-0.2923,-1.2975,326.6333,-1.0508,-14.9282,289.6931,,,,,,,,,,,,0.949,0.508,0.885,0.944,0
127.2,-0.3157,-1.3051,326.649,-14.7814,-8.06,290.15,,,,,,,,,,,,0.949,0.508,0.885,0.944,0
127.22,-0.3157,-1.3051,326.649,-14.7814,-8.06,290.15,,,,,,,,,,,,0.804,0.3,0.846,0.818,0
127.24,-0.3157,-1.3051,326.649,-14.7814,-8.06,290.15,,,,,,,,,,,,0.804,0.3,0.846,0.818,0
127.26,-0.3157,-1.3051,326.649,-14.7814,-8.06,290.15,,,,,,,,,,,,0.804,0.3,0.846,0.818,0
127.28,-0.3157,-1.3051,326.649,-14.7814,-8.06,290.15,,,,,,,,,,,,0.804,0.3,0.846,0.818,0
127.3,-0.3157,-1.3051,326.649,-14.7814,-8.06,290.15,,,,,,,,,,,,0.804,0.3,0.846,0.818,0
127.32,-0.3462,-1.5343,326.8703,-20.7477,-3.8945,293.4478,,,,,,,,,,,,0.64,0.198,0.671,0.684,0
127.34,-0.3462,-1.5343,326.8703,-20.7477,-3.8945,293.4478,,,,,,,,,,,,0.64,0.198,0.671,0.684,0
127.36,-0.3462,-1.5343,326.8703,-20.7477,-3.8945,293.4478,,,,,,,,,,,,0.64,0.198,0.671,0.684,0
127.38,-0.3462,-1.5343,326.8703,-20.7477,-3.8945,293.4478,,,,,,,,,,,,0.64,0.198,0.671,0.684,0
127.4,-0.2833,-1.5113,326.976,-16.6169,-1.9934,299.4399,,,,,,,,,,,,0.64,0.198,0.671,0.684,0
127.42,-0.2833,-1.5113,326.976,-16.6169,-1.9934,299.4399,,,,,,,,,,,,0.409,0.463,0.577,0.517,0
127.44,-0.2833,-1.5113,326.976,-16.6169,-1.9934,299.4399,,,,,,,,,,,,0.409,0.463,0.577,0.517,0
127.46,-0.2833,-1.5113,326.976,-16.6169,-1.9934,299.4399,,,,,,,,,,,,0.409,0.463,0.577,0.517,0
127.48,-0.2833,-1.5113,326.976,-16.6169,-1.9934,299.4399,,,,,,,,,,,,0.409,0.463,0.577,0.517,0
127.5,-0.2833,-1.5113,326.976,-16.6169,-1.9934,299.4399,,,,,,,,,,,,0.409,0.463,0.577,0.517,0
127.52,-0.2997,-1.5374,327.0163,-7.3797,-1.0246,304.2571,,,,,,,,,,,,0.193,0.475,0.539,0.39,0
127.54,-0.2997,-1.5374,327.0163,-7.3797,-1.0246,304.2571,,,,,,,,,,,,0.193,0.475,0.539,0.39,0
127.56,-0.2997,-1.5374,327.0163,-7.3797,-1.0246,304.2571,,,,,,,,,,,,0.193,0.475,0.539,0.39,0
127.58,-0.2997,-1.5374,327.0163,-7.3797,-1.0246,304.2571,,,,,,,,,,,,0.193,0.475,0.539,0.39,0
127.6,-0.3307,-1.9481,327.0186,1.7395,-2.5314,306.3412,,,,,,,,,,,,0.193,0.475,0.539,0.39,0
127.62,-0.3307,-1.9481,327.0186,1.7395,-2.5314,306.3412,,,,,,,,,,,,0.15,0.244,0.226,0.274,0
127.64,-0.3307,-1.9481,327.0186,1.7395,-2.5314,306.3412,,,,,,,,,,,,0.15,0.244,0.226,0.274,0
127.66,-0.3307,-1.9481,327.0186,1.7395,-2.5314,306.3412,,,,,,,,,,,,0.15,0.244,0.226,0.274,0
127.68,-0.3307,-1.9481,327.0186,1.7395,-2.5314,306.3412,,,,,,,,,,,,0.15,0.244,0.226,0.274,0
127.7,-0.3307,-1.9481,327.0186,1.7395,-2.5314,306.3412,,,,,,,,,,,,0.15,0.244,0.226,0.274,0
127.72,-0.4737,-2.1991,326.738,5.3248,-13.1464,306.4332,,,,,,,,,,,,0.15,0.239,0.175,0.316,0
127.74,-0.4737,-2.1991,326.738,5.3248,-13.1464,306.4332,,,,,,,,,,,,0.15,0.239,0.175,0.316,0
127.76,-0.4737,-2.1991,326.738,5.3248,-13.1464,306.4332,,,,,,,,,,,,0.15,0.239,0.175,0.316,0
127.78,-0.4737,-2.1991,326.738,5.3248,-13.1464,306.4332,,,,,,,,,,,,0.15,0.239,0.175,0.316,0
127.8,-0.6539,-2.2788,326.4556,1.7597,-21.2038,306.4391,,,,,,,,,,,,0.15,0.239,0.175,0.316,0
127.82,-0.6539,-2.2788,326.4556,1.7597,-21.2038,306.4391,,,,,,,,,,,,0.204,0.171,0.15,0.344,0
127.84,-0.6539,-2.2788,326.4556,1.7597,-21.2038,306.4391,,,,,,,,,,,,0.204,0.171,0.15,0.344,0
127.86,-0.6539,-2.2788,326.4556,1.7597,-21.2038,306.4391,,,,,,,,,,,,0.204,0.171,0.15,0.344,0
127.88,-0.6539,-2.2788,326.4556,1.7597,-21.2038,306.4391,,,,,,,,,,,,0.204,0.171,0.15,0.344,0
127.9,-0.6539,-2.2788,326.4556,1.7597,-21.2038,306.4391,,,,,,,,,,,,0.204,0.171,0.15,0.344,0
127.92,-0.8821,-2.6662,326.3773,-7.3486,-23.0365,306.443,,,,,,,,,,,,0.239,0.15,0.184,0.311,0
127.94,-0.8821,-2.6662,326.3773,-7.3486,-23.0365,306.443,,,,,,,,,,,,0.239,0.15,0.184,0.311,0
127.96,-0.8821,-2.6662,326.3773,-7.3486,-23.0365,306.443,,,,,,,,,,,,0.239,0.15,0.184,0.311,0
127.98,-0.8821,-2.6662,326.3773,-7.3486,-23.0365,306.443,,,,,,,,,,,,0.239,0.15,0.184,0.311,0
128.0,-0.9521,-2.6208,326.1988,-15.0979,-21.2984,306.4398,,,,,,,,,,,,0.239,0.15,0.184,0.311,0
128.02,-0.9521,-2.6208,326.1988,-15.0979,-21.2984,306.4398,,,,,,,,,,,,0.256,0.15,0.212,0.275,0
128.04,-0.9521,-2.6208,326.1988,-15.0979,-21.2984,306.4398,,,,,,,,,,,,0.256,0.15,0.212,0.275,0
128.06,-0.9521,-2.6208,326.1988,-15.0979,-21.2984,306.4398,,,,,,,,,,,,0.256,0.15,0.212,0.275,0
128.08,-0.9521,-2.6208,326.1988,-15.0979,-21.2984,306.4398,,,,,,,,,,,,0.256,0.15,0.212,0.275,0
128.1,-0.9521,-2.6208,326.1988,-15.0979,-21.2984,306.4398,,,,,,,,,,,,0.256,0.15,0.212,0.275,0
128.12,-1.0184,-2.6964,326.0376,-21.7452,-13.0695,306.4279,,,,,,,,,,,,0.253,0.15,0.244,0.249,0
128.14,-1.0184,-2.6964,326.0376,-21.7452,-13.0695,306.4279,,,,,,,,,,,,0.253,0.15,0.244,0.249,0
128.16,-1.0184,-2.6964,326.0376,-21.7452,-13.0695,306.4279,,,,,,,,,,,,0.253,0.15,0.244,0.249,0
128.18,-1.0184,-2.6964,326.0376,-21.7452,-13.0695,306.4279,,,,,,,,,,,,0.253,0.15,0.244,0.249,0
128.2,-1.0068,-2.7446,325.9597,-18.7897,-3.1806,306.4349,,,,,,,,,,,,0.253,0.15,0.244,0.249,0
128.22,-1.0068,-2.7446,325.9597,-18.7897,-3.1806,306.4349,,,,,,,,,,,,0.213,0.15,0.337,0.173,0
128.24,-1.0068,-2.7446,325.9597,-18.7897,-3.1806,306.4349,,,,,,,,,,,,0.213,0.15,0.337,0.173,0
128.26,-1.0068,-2.7446,325.9597,-18.7897,-3.1806,306.4349,,,,,,,,,,,,0.213,0.15,0.337,0.173,0
128.28,-1.0068,-2.7446,325.9597,-18.7897,-3.1806,306.4349,,,,,,,,,,,,0.213,0.15,0.337,0.173,0
128.3,-1.0068,-2.7446,325.9597,-18.7897,-3.1806,306.4349,,,,,,,,,,,,0.213,0.15,0.337,0.173,0
128.32,-1.0366,-2.7221,325.8858,-7.7808,6.2351,306.4573,,,,,,,,,,,,0.15,0.229,0.329,0.168,0
128.34,-1.0366,-2.7221,325.8858,-7.7808,6.2351,306.4573,,,,,,,,,,,,0.15,0.229,0.329,0.168,0
128.36,-1.0366,-2.7221,325.8858,-7.7808,6.2351,306.4573,,,,,,,,,,,,0.15,0.229,0.329,0.168,0
128.38,-1.0366,-2.7221,325.8858,-7.7808,6.2351,306.4573,,,,,,,,,,,,0.15,0.229,0.329,0.168,0
128.4,-1.0162,-3.0137,325.7892,3.0005,7.4603,306.4615,,,,,,,,,,,,0.15,0.229,0.329,0.168,0
128.42,-1.0162,-3.0137,325.7892,3.0005,7.4603,306.4615,,,,,,,,,,,,0.15,0.237,0.264,0.246,0
128.44,-1.0162,-3.0137,325.7892,3.0005,7.4603,306.4615,,,,,,,,,,,,0.15,0.237,0.264,0.246,0
128.46,-1.0162,-3.0137,325.7892,3.0005,7.4603,306.4615,,,,,,,,,,,,0.15,0.237,0.264,0.246,0
128.48,-1.0162,-3.0137,325.7892,3.0005,7.4603,306.4615,,,,,,,,,,,,0.15,0.237,0.264,0.246,0
128.5,-1.0162,-3.0137,325.7892,3.0005,7.4603,306.4615,,,,,,,,,,,,0.15,0.237,0.264,0.246,0
128.52,-0.9283,-2.7405,325.8467,4.2922,3.8191,325.8468,,,,,,,,,,,,0.146,0.146,0.146,0.146,0
128.54,-0.9283,-2.7405,325.8467,4.2922,3.8191,325.8468,,,,,,,,,,,,0.146,0.146,0.146,0.146,0
128.56,-0.9283,-2.7405,325.8467,4.2922,3.8191,325.8468,,,,,,,,,,,,0.146,0.146,0.146,0.146,0
128.58,-0.9283,-2.7405,325.8467,4.2922,3.8191,325.8468,,,,,,,,,,,,0.146,0.146,0.146,0.146,0
128.6,-1.078,-2.8291,326.018,2.1914,1.9498,326.018,,,,,,,,,,,,0.146,0.146,0.146,0.146,0
128.62,-1.078,-2.8291,326.018,2.1914,1.9498,326.018,,,,,,,,,,,,0.116,0.116,0.116,0.116,0
128.64,-1.078,-2.8291,326.018,2.1914,1.9498,326.018,,,,,,,,,,,,0.116,0.116,0.116,0.116,0
128.66,-1.078,-2.8291,326.018,2.1914,1.9498,326.018,,,,,,,,,,,,0.116,0.116,0.116,0.116,0
128.68,-1.078,-2.8291,326.018,2.1914,1.9498,326.018,,,,,,,,,,,,0.116,0.116,0.116,0.116,0
128.7,-1.078,-2.8291,326.018,2.1914,1.9498,326.018,,,,,,,,,,,,0.116,0.116,0.116,0.116,0
128.72,-1.0504,-2.8434,326.0098,1.1188,0.9955,326.0098,,,,,,,,,,,,0.1,0.1,0.1,0.1,0
128.74,-1.0504,-2.8434,326.0098,1.1188,0.9955,326.0098,,,,,,,,,,,,0.1,0.1,0.1,0.1,0
128.76,-1.0504,-2.8434,326.0098,1.1188,0.9955,326.0098,,,,,,,,,,,,0.1,0.1,0.1,0.1,0
128.78,-1.0504,-2.8434,326.0098,1.1188,0.9955,326.0098,,,,,,,,,,,,0.1,0.1,0.1,0.1,0
128.8,-0.9884,-2.8419,326.069,0.571,0.5081,326.069,,,,,,,,,,,,0.1,0.1,0.1,0.1,0
128.82,-0.9884,-2.8419,326.069,0.571,0.5081,326.069,,,,,,,,,,,,0.1,0.1,0.1,0.1,0
128.84,-0.9884,-2.8419,326.069,0.571,0.5081,326.069,,,,,,,,,,,,0.1,0.1,0.1,0.1,0
128.86,-0.9884,-2.8419,326.069,0.571,0.5081,326.069,,,,,,,,,,,,0.1,0.1,0.1,0.1,0
128.88,-0.9884,-2.8419,326.069,0.571,0.5081,326.069,,,,,,,,,,,,0.1,0.1,0.1,0.1,0
128.9,-0.9884,-2.8419,326.069,0.571,0.5081,326.069,,,,,,,,,,,,0.1,0.1,0.1,0.1,0
128.92,-0.887,-2.9228,326.0942,0.2916,0.2595,326.0942,,,,,,,,,,,,0.1,0.1,0.1,0.1,0
128.94,-0.887,-2.9228,326.0942,0.2916,0.2595,326.0942,,,,,,,,,,,,0.1,0.1,0.1,0.1,0
128.96,-0.887,-2.9228,326.0942,0.2916,0.2595,326.0942,,,,,,,,,,,,0.1,0.1,0.1,0.1,0
128.98,-0.887,-2.9228,326.0942,0.2916,0.2595,326.0942,,,,,,,,,,,,0.1,0.1,0.1,0.1,0
129.0,-0.7928,-2.6671,326.078,0.1489,0.1325,326.078,,,,,,,,,,,,0.1,0.1,0.1,0.1,0
129.02,-0.7928,-2.6671,326.078,0.1489,0.1325,326.078,,,,,,,,,,,,0.1,0.1,0.1,0.1,0
129.04,-0.7928,-2.6671,326.078,0.1489,0.1325,326.078,,,,,,,,,,,,0.1,0.1,0.1,0.1,0
129.06,-0.7928,-2.6671,326.078,0.1489,0.1325,326.078,,,,,,,,,,,,0.1,0.1,0.1,0.1,0
129.08,-0.7928,-2.6671,326.078,0.1489,0.1325,326.078,,,,,,,,,,,,0.1,0.1,0.1,0.1,0
129.1,-0.7928,-2.6671,326.078,0.1489,0.1325,326.078,,,,,,,,,,,,0.1,0.1,0.1,0.1,0
129.12,-0.8293,-2.7649,325.9662,0.076,0.0676,325.9662,,,,,,,,,,,,0.1,0.1,0.1,0.1,0
129.14,-0.8293,-2.7649,325.9662,0.076,0.0676,325.9662,,,,,,,,,,,,0.1,0.1,0.1,0.1,0
129.16,-0.8293,-2.7649,325.9662,0.076,0.0676,325.9662,,,,,,,,,,,,0.1,0.1,0.1,0.1,0
129.18,-0.8293,-2.7649,325.9662,0.076,0.0676,325.9662,,,,,,,,,,,,0.1,0.1,0.1,0.1,0
129.2,-0.7809,-2.9018,325.9851,0.0388,0.0345,325.9851,,,,,,,,,,,,0.1,0.1,0.1,0.1,0
129.22,-0.7809,-2.9018,325.9851,0.0388,0.0345,325.9851,,,,,,,,,,,,0.1,0.1,0.1,0.1,0
129.24,-0.7809,-2.9018,325.9851,0.0388,0.0345,325.9851,,,,,,,,,,,,0.1,0.1,0.1,0.1,0
129.26,-0.7809,-2.9018,325.9851,0.0388,0.0345,325.9851,,,,,,,,,,,,0.1,0.1,0.1,0.1,0
129.28,-0.7809,-2.9018,325.9851,0.0388,0.0345,325.9851,,,,,,,,,,,,0.1,0.1,0.1,0.1,0
129.3,-0.7809,-2.9018,325.9851,0.0388,0.0345,325.9851,,,,,,,,,,,,0.1,0.1,0.1,0.1,0
129.32,-0.7921,-2.841,326.03,0.0198,0.0176,326.03,,,,,,,,,,,,0.1,0.1,0.1,0.1,0
129.34,-0.7921,-2.841,326.03,0.0198,0.0176,326.03,,,,,,,,,,,,0.1,0.1,0.1,0.1,0
129.36,-0.7921,-2.841,326.03,0.0198,0.0176,326.03,,,,,,,,,,,,0.1,0.1,0.1,0.1,0
129.38,-0.7921,-2.841,326.03,0.0198,0.0176,326.03,,,,,,,,,,,,0.1,0.1,0.1,0.1,0
129.4,-0.789,-2.8251,325.9681,0.0101,0.009,325.9681,,,,,,,,,,,,0.1,0.1,0.1,0.1,0
129.42,-0.789,-2.8251,325.9681,0.0101,0.009,325.9681,,,,,,,,,,,,0.1,0.1,0.1,0.1,0
129.44,-0.789,-2.8251,325.9681,0.0101,0.009,325.9681,,,,,,,,,,,,0.1,0.1,0.1,0.1,0
129.46,-0.789,-2.8251,325.9681,0.0101,0.009,325.9681,,,,,,,,,,,,0.1,0.1,0.1,0.1,0
129.48,-0.789,-2.8251,325.9681,0.0101,0.009,325.9681,,,,,,,,,,,,0.1,0.1,0.1,0.1,0
129.5,-0.789,-2.8251,325.9681,0.0101,0.009,325.9681,,,,,,,,,,,,0.1,0.1,0.1,0.1,0
129.52,-0.7478,-2.8127,325.9896,0.0052,0.0046,325.9896,,,,,,,,,,,,0.1,0.1,0.1,0.1,0
129.54,-0.7478,-2.8127,325.9896,0.0052,0.0046,325.9896,,,,,,,,,,,,0.1,0.1,0.1,0.1,0
129.56,-0.7478,-2.8127,325.9896,0.0052,0.0046,325.9896,,,,,,,,,,,,0.1,0.1,0.1,0.1,0
129.58,-0.7478,-2.8127,325.9896,0.0052,0.0046,325.9896,,,,,,,,,,,,0.1,0.1,0.1,0.1,0
129.6,-0.752,-2.8809,325.9222,0.0026,0.0023,325.9222,,,,,,,,,,,,0.1,0.1,0.1,0.1,0
129.62,-0.752,-2.8809,325.9222,0.0026,0.0023,325.9222,,,,,,,,,,,,0.1,0.1,0.1,0.1,0
129.64,-0.752,-2.8809,325.9222,0.0026,0.0023,325.9222,,,,,,,,,,,,0.1,0.1,0.1,0.1,0
129.66,-0.752,-2.8809,325.9222,0.0026,0.0023,325.9222,,,,,,,,,,,,0.1,0.1,0.1,0.1,0
129.68,-0.752,-2.8809,325.9222,0.0026,0.0023,325.9222,,,,,,,,,,,,0.1,0.1,0.1,0.1,0
129.7,-0.752,-2.8809,325.9222,0.0026,0.0023,325.9222,,,,,,,,,,,,0.1,0.1,0.1,0.1,0
129.72,-0.7777,-2.9126,325.8119,0.0013,0.0012,325.8119,,,,,,,,,,,,0.1,0.1,0.1,0.1,0
129.74,-0.7777,-2.9126,325.8119,0.0013,0.0012,325.8119,,,,,,,,,,,,0.1,0.1,0.1,0.1,0
129.76,-0.7777,-2.9126,325.8119,0.0013,0.0012,325.8119,,,,,,,,,,,,0.1,0.1,0.1,0.1,0
129.78,-0.7777,-2.9126,325.8119,0.0013,0.0012,325.8119,,,,,,,,,,,,0.1,0.1,0.1,0.1,0
129.8,-0.9012,-2.948,325.79,0.0007,0.0006,325.79,,,,,,,,,,,,0.1,0.1,0.1,0.1,0
129.82,-0.9012,-2.948,325.79,0.0007,0.0006,325.79,,,,,,,,,,,,0.1,0.1,0.1,0.1,0
129.84,-0.9012,-2.948,325.79,0.0007,0.0006,325.79,,,,,,,,,,,,0.1,0.1,0.1,0.1,0
129.86,-0.9012,-2.948,325.79,0.0007,0.0006,325.79,,,,,,,,,,,,0.1,0.1,0.1,0.1,0
129.88,-0.9012,-2.948,325.79,0.0007,0.0006,325.79,,,,,,,,,,,,0.1,0.1,0.1,0.1,0
129.9,-0.9012,-2.948,325.79,0.0007,0.0006,325.79,,,,,,,,,,,,0.1,0.1,0.1,0.1,0
129.92,-0.8781,-2.9633,325.8026,0.0004,0.0003,325.8026,,,,,,,,,,,,0.1,0.1,0.1,0.1,0
129.94,-0.8781,-2.9633,325.8026,0.0004,0.0003,325.8026,,,,,,,,,,,,0.1,0.1,0.1,0.1,0
129.96,-0.8781,-2.9633,325.8026,0.0004,0.0003,325.8026,,,,,,,,,,,,0.1,0.1,0.1,0.1,0
129.98,-0.8781,-2.9633,325.8026,0.0004,0.0003,325.8026,,,,,,,,,,,,0.1,0.1,0.1,0.1,0
130.0,-0.9237,-2.9887,325.8947,0.0003,0.0003,325.8947,,,,,,,,,,,,0.1,0.1,0.1,0.1,0
130.02,-0.9237,-2.9887,325.8947,0.0003,0.0003,325.8947,,,,,,,,,,,,0.1,0.1,0.1,0.1,0
130.04,-0.9237,-2.9887,325.8947,0.0003,0.0003,325.8947,,,,,,,,,,,,0.1,0.1,0.1,0.1,0
130.06,-0.9237,-2.9887,325.8947,0.0003,0.0003,325.8947,,,,,,,,,,,,0.1,0.1,0.1,0.1,0
130.08,-0.9237,-2.9887,325.8947,0.0003,0.0003,325.8947,,,,,,,,,,,,0.1,0.1,0.1,0.1,0
130.1,-0.9237,-2.9887,325.8947,0.0003,0.0003,325.8947,,,,,,,,,,,,0.1,0.1,0.1,0.1,0
130.12,-0.9311,-3.0501,325.8067,0.0003,0.0003,325.8067,,,,,,,,,,,,0.1,0.1,0.1,0.1,0
130.14,-0.9311,-3.0501,325.8067,0.0003,0.0003,325.8067,,,,,,,,,,,,0.1,0.1,0.1,0.1,0
130.16,-0.9311,-3.0501,325.8067,0.0003,0.0003,325.8067,,,,,,,,,,,,0.1,0.1,0.1,0.1,0
130.18,-0.9311,-3.0501,325.8067,0.0003,0.0003,325.8067,,,,,,,,,,,,0.1,0.1,0.1,0.1,0
130.2,-0.8435,-2.9315,325.9132,0.0003,0.0003,325.9132,,,,,,,,,,,,0.1,0.1,0.1,0.1,0
130.22,-0.8435,-2.9315,325.9132,0.0003,0.0003,325.9132,,,,,,,,,,,,0.1,0.1,0.1,0.1,0
130.24,-0.8435,-2.9315,325.9132,0.0003,0.0003,325.9132,,,,,,,,,,,,0.1,0.1,0.1,0.1,0
130.26,-0.8435,-2.9315,325.9132,0.0003,0.0003,325.9132,,,,,,,,,,,,0.1,0.1,0.1,0.1,0
130.28,-0.8435,-2.9315,325.9132,0.0003,0.0003,325.9132,,,,,,,,,,,,0.1,0.1,0.1,0.1,0
130.3,-0.8435,-2.9315,325.9132,0.0003,0.0003,325.9132,,,,,,,,,,,,0.1,0.1,0.1,0.1,0
130.32,-0.8298,-3.0001,325.8707,0.0003,0.0003,325.8707,,,,,,,,,,,,0.0,0.0,0.0,0.0,0
130.34,-0.8298,-3.0001,325.8707,0.0003,0.0003,325.8707,,,,,,,,,,,,0.0,0.0,0.0,0.0,0
130.36,-0.8298,-3.0001,325.8707,0.0003,0.0003,325.8707,,,,,,,,,,,,0.0,0.0,0.0,0.0,0
130.38,-0.8298,-3.0001,325.8707,0.0003,0.0003,325.8707,,,,,,,,,,,,0.0,0.0,0.0,0.0,0
130.4,-0.9122,-3.1321,325.7973,0.0003,0.0003,325.7973,,,,,,,,,,,,0.0,0.0,0.0,0.0,0
130.42,-0.9122,-3.1321,325.7973,0.0003,0.0003,325.7973,,,,,,,,,,,,0.0,0.0,0.0,0.0,0
130.44,-0.9122,-3.1321,325.7973,0.0003,0.0003,325.7973,,,,,,,,,,,,0.0,0.0,0.0,0.0,0
130.46,-0.9122,-3.1321,325.7973,0.0003,0.0003,325.7973,,,,,,,,,,,,0.0,0.0,0.0,0.0,0
130.48,-0.9122,-3.1321,325.7973,0.0003,0.0003,325.7973,,,,,,,,,,,,0.0,0.0,0.0,0.0,0
130.5,-0.9122,-3.1321,325.7973,0.0003,0.0003,325.7973,,,,,,,,,,,,0.0,0.0,0.0,0.0,0
130.52,-0.9736,-3.4304,325.6919,0.0003,0.0003,325.6919,,,,,,,,,,,,0.0,0.0,0.0,0.0,0
130.54,-0.9736,-3.4304,325.6919,0.0003,0.0003,325.6919,,,,,,,,,,,,0.0,0.0,0.0,0.0,0
130.56,-0.9736,-3.4304,325.6919,0.0003,0.0003,325.6919,,,,,,,,,,,,0.0,0.0,0.0,0.0,0
130.58,-0.9736,-3.4304,325.6919,0.0003,0.0003,325.6919,,,,,,,,,,,,0.0,0.0,0.0,0.0,0
130.6,-0.9746,-3.5111,325.618,0.0003,0.0003,325.618,,,,,,,,,,,,0.0,0.0,0.0,0.0,0
130.62,-0.9746,-3.5111,325.618,0.0003,0.0003,325.618,,,,,,,,,,,,0.0,0.0,0.0,0.0,0
130.64,-0.9746,-3.5111,325.618,0.0003,0.0003,325.618,,,,,,,,,,,,0.0,0.0,0.0,0.0,0
130.66,-0.9746,-3.5111,325.618,0.0003,0.0003,325.618,,,,,,,,,,,,0.0,0.0,0.0,0.0,0
130.68,-0.9746,-3.5111,325.618,0.0003,0.0003,325.618,,,,,,,,,,,,0.0,0.0,0.0,0.0,0
130.7,-0.9746,-3.5111,325.618,0.0003,0.0003,325.618,,,,,,,,,,,,0.0,0.0,0.0,0.0,0
130.72,-0.7621,-3.4597,325.5914,0.0003,0.0003,325.5914,,,,,,,,,,,,0.0,0.0,0.0,0.0,0
130.74,-0.7621,-3.4597,325.5914,0.0003,0.0003,325.5914,,,,,,,,,,,,0.0,0.0,0.0,0.0,0
130.76,-0.7621,-3.4597,325.5914,0.0003,0.0003,325.5914,,,,,,,,,,,,0.0,0.0,0.0,0.0,0
130.78,-0.7621,-3.4597,325.5914,0.0003,0.0003,325.5914,,,,,,,,,,,,0.0,0.0,0.0,0.0,0
130.8,-0.6744,-3.3004,325.8246,0.0003,0.0003,325.8246,,,,,,,,,,,,0.0,0.0,0.0,0.0,0
130.82,-0.6744,-3.3004,325.8246,0.0003,0.0003,325.8246,,,,,,,,,,,,0.0,0.0,0.0,0.0,0
130.84,-0.6744,-3.3004,325.8246,0.0003,0.0003,325.8246,,,,,,,,,,,,0.0,0.0,0.0,0.0,0
130.86,-0.6744,-3.3004,325.8246,0.0003,0.0003,325.8246,,,,,,,,,,,,0.0,0.0,0.0,0.0,0
130.88,-0.6744,-3.3004,325.8246,0.0003,0.0003,325.8246,,,,,,,,,,,,0.0,0.0,0.0,0.0,0
130.9,-0.6744,-3.3004,325.8246,0.0003,0.0003,325.8246,,,,,,,,,,,,0.0,0.0,0.0,0.0,0
130.92,-0.6702,-3.1706,326.1367,0.0003,0.0003,326.1367,,,,,,,,,,,,0.0,0.0,0.0,0.0,0
130.94,-0.6702,-3.1706,326.1367,0.0003,0.0003,326.1367,,,,,,,,,,,,0.0,0.0,0.0,0.0,0
130.96,-0.6702,-3.1706,326.1367,0.0003,0.0003,326.1367,,,,,,,,,,,,0.0,0.0,0.0,0.0,0
130.98,-0.6702,-3.1706,326.1367,0.0003,0.0003,326.1367,,,,,,,,,,,,0.0,0.0,0.0,0.0,0
131.0,-0.6188,-3.1402,326.327,0.0003,0.0003,326.327,,,,,,,,,,,,0.0,0.0,0.0,0.0,0
131.02,-0.6188,-3.1402,326.327,0.0003,0.0003,326.327,,,,,,,,,,,,0.0,0.0,0.0,0.0,0
131.04,-0.6188,-3.1402,326.327,0.0003,0.0003,326.327,,,,,,,,,,,,0.0,0.0,0.0,0.0,0
131.06,-0.6188,-3.1402,326.327,0.0003,0.0003,326.327,,,,,,,,,,,,0.0,0.0,0.0,0.0,0
131.08,-0.6188,-3.1402,326.327,0.0003,0.0003,326.327,,,,,,,,,,,,0.0,0.0,0.0,0.0,0
131.1,-0.6188,-3.1402,326.327,0.0003,0.0003,326.327,,,,,,,,,,,,0.0,0.0,0.0,0.0,0
131.12,-0.662,-3.1236,326.3184,0.0003,0.0003,326.3184,,,,,,,,,,,,0.0,0.0,0.0,0.0,0
131.14,-0.662,-3.1236,326.3184,0.0003,0.0003,326.3184,,,,,,,,,,,,0.0,0.0,0.0,0.0,0
131.16,-0.662,-3.1236,326.3184,0.0003,0.0003,326.3184,,,,,,,,,,,,0.0,0.0,0.0,0.0,0
131.18,-0.662,-3.1236,326.3184,0.0003,0.0003,326.3184,,,,,,,,,,,,0.0,0.0,0.0,0.0,0
131.2,-0.5695,-3.2064,326.2535,0.0003,0.0003,326.2535,,,,,,,,,,,,0.0,0.0,0.0,0.0,0
131.22,-0.5695,-3.2064,326.2535,0.0003,0.0003,326.2535,,,,,,,,,,,,0.0,0.0,0.0,0.0,0
131.24,-0.5695,-3.2064,326.2535,0.0003,0.0003,326.2535,,,,,,,,,,,,0.0,0.0,0.0,0.0,0
131.26,-0.5695,-3.2064,326.2535,0.0003,0.0003,326.2535,,,,,,,,,,,,0.0,0.0,0.0,0.0,0
131.28,-0.5695,-3.2064,326.2535,0.0003,0.0003,326.2535,,,,,,,,,,,,0.0,0.0,0.0,0.0,0
131.3,-0.5695,-3.2064,326.2535,0.0003,0.0003,326.2535,,,,,,,,,,,,0.0,0.0,0.0,0.0,0
131.32,-0.612,-3.2586,326.3108,0.0003,0.0003,326.3108,,,,,,,,,,,,0.0,0.0,0.0,0.0,0
131.34,-0.612,-3.2586,326.3108,0.0003,0.0003,326.3108,,,,,,,,,,,,0.0,0.0,0.0,0.0,0
131.36,-0.612,-3.2586,326.3108,0.0003,0.0003,326.3108,,,,,,,,,,,,0.0,0.0,0.0,0.0,0
131.38,-0.612,-3.2586,326.3108,0.0003,0.0003,326.3108,,,,,,,,,,,,0.0,0.0,0.0,0.0,0
131.4,-0.6121,-3.2134,326.3026,0.0003,0.0003,326.3026,,,,,,,,,,,,0.0,0.0,0.0,0.0,0
131.42,-0.6121,-3.2134,326.3026,0.0003,0.0003,326.3026,,,,,,,,,,,,0.0,0.0,0.0,0.0,0
131.44,-0.6121,-3.2134,326.3026,0.0003,0.0003,326.3026,,,,,,,,,,,,0.0,0.0,0.0,0.0,0
131.46,-0.6121,-3.2134,326.3026,0.0003,0.0003,326.3026,,,,,,,,,,,,0.0,0.0,0.0,0.0,0
131.48,-0.6121,-3.2134,326.3026,0.0003,0.0003,326.3026,,,,,,,,,,,,0.0,0.0,0.0,0.0,0
131.5,-0.6121,-3.2134,326.3026,0.0003,0.0003,326.3026,,,,,,,,,,,,0.0,0.0,0.0,0.0,0
131.52,-0.6568,-3.0647,326.4315,0.0003,0.0003,326.4315,,,,,,,,,,,,0.0,0.0,0.0,0.0,0
131.54,-0.6568,-3.0647,326.4315,0.0003,0.0003,326.4315,,,,,,,,,,,,0.0,0.0,0.0,0.0,0
131.56,-0.6568,-3.0647,326.4315,0.0003,0.0003,326.4315,,,,,,,,,,,,0.0,0.0,0.0,0.0,0
131.58,-0.6568,-3.0647,326.4315,0.0003,0.0003,326.4315,,,,,,,,,,,,0.0,0.0,0.0,0.0,0
131.6,-0.6788,-3.031,326.4928,0.0003,0.0003,326.4928,,,,,,,,,,,,0.0,0.0,0.0,0.0,0
131.62,-0.6788,-3.031,326.4928,0.0003,0.0003,326.4928,,,,,,,,,,,,0.0,0.0,0.0,0.0,0
131.64,-0.6788,-3.031,326.4928,0.0003,0.0003,326.4928,,,,,,,,,,,,0.0,0.0,0.0,0.0,0
131.66,-0.6788,-3.031,326.4928,0.0003,0.0003,326.4928,,,,,,,,,,,,0.0,0.0,0.0,0.0,0
131.68,-0.6788,-3.031,326.4928,0.0003,0.0003,326.4928,,,,,,,,,,,,0.0,0.0,0.0,0.0,0
131.7,-0.6788,-3.031,326.4928,0.0003,0.0003,326.4928,,,,,,,,,,,,0.0,0.0,0.0,0.0,0
131.72,-0.6577,-3.0796,326.5643,0.0003,0.0003,326.5643,,,,,,,,,,,,0.0,0.0,0.0,0.0,0
131.74,-0.6577,-3.0796,326.5643,0.0003,0.0003,326.5643,,,,,,,,,,,,0.0,0.0,0.0,0.0,0
131.76,-0.6577,-3.0796,326.5643,0.0003,0.0003,326.5643,,,,,,,,,,,,0.0,0.0,0.0,0.0,0
131.78,-0.6577,-3.0796,326.5643,0.0003,0.0003,326.5643,,,,,,,,,,,,0.0,0.0,0.0,0.0,0
131.8,-0.6727,-3.1212,326.4614,0.0003,0.0003,326.4614,,,,,,,,,,,,0.0,0.0,0.0,0.0,0
131.82,-0.6727,-3.1212,326.4614,0.0003,0.0003,326.4614,,,,,,,,,,,,0.0,0.0,0.0,0.0,0
131.84,-0.6727,-3.1212,326.4614,0.0003,0.0003,326.4614,,,,,,,,,,,,0.0,0.0,0.0,0.0,0
131.86,-0.6727,-3.1212,326.4614,0.0003,0.0003,326.4614,,,,,,,,,,,,0.0,0.0,0.0,0.0,0
131.88,-0.6727,-3.1212,326.4614,0.0003,0.0003,326.4614,,,,,,,,,,,,0.0,0.0,0.0,0.0,0
131.9,-0.6727,-3.1212,326.4614,0.0003,0.0003,326.4614,,,,,,,,,,,,0.0,0.0,0.0,0.0,0
131.92,-0.6492,-3.1903,326.3365,0.0003,0.0003,326.3365,,,,,,,,,,,,0.0,0.0,0.0,0.0,0
131.94,-0.6492,-3.1903,326.3365,0.0003,0.0003,326.3365,,,,,,,,,,,,0.0,0.0,0.0,0.0,0
131.96,-0.6492,-3.1903,326.3365,0.0003,0.0003,326.3365,,,,,,,,,,,,0.0,0.0,0.0,0.0,0
131.98,-0.6492,-3.1903,326.3365,0.0003,0.0003,326.3365,,,,,,,,,,,,0.0,0.0,0.0,0.0,0
132.0,-0.644,-3.1537,326.3081,0.0003,0.0003,326.3081,,,,,,,,,,,,0.0,0.0,0.0,0.0,0
132.02,-0.644,-3.1537,326.3081,0.0003,0.0003,326.3081,,,,,,,,,,,,0.0,0.0,0.0,0.0,0
132.04,-0.644,-3.1537,326.3081,0.0003,0.0003,326.3081,,,,,,,,,,,,0.0,0.0,0.0,0.0,0
132.06,-0.644,-3.1537,326.3081,0.0003,0.0003,326.3081,,,,,,,,,,,,0.0,0.0,0.0,0.0,0
132.08,-0.644,-3.1537,326.3081,0.0003,0.0003,326.3081,,,,,,,,,,,,0.0,0.0,0.0,0.0,0
132.1,-0.644,-3.1537,326.3081,0.0003,0.0003,326.3081,,,,,,,,,,,,0.0,0.0,0.0,0.0,0
132.12,-0.6332,-3.1104,326.4218,0.0003,0.0003,326.4218,,,,,,,,,,,,0.0,0.0,0.0,0.0,0
132.14,-0.6332,-3.1104,326.4218,0.0003,0.0003,326.4218,,,,,,,,,,,,0.0,0.0,0.0,0.0,0
132.16,-0.6332,-3.1104,326.4218,0.0003,0.0003,326.4218,,,,,,,,,,,,0.0,0.0,0.0,0.0,0
132.18,-0.6332,-3.1104,326.4218,0.0003,0.0003,326.4218,,,,,,,,,,,,0.0,0.0,0.0,0.0,0
132.2,-0.5833,-3.0657,326.4283,0.0003,0.0003,326.4283,,,,,,,,,,,,0.0,0.0,0.0,0.0,0
132.22,-0.5833,-3.0657,326.4283,0.0003,0.0003,326.4283,,,,,,,,,,,,0.0,0.0,0.0,0.0,0
132.24,-0.5833,-3.0657,326.4283,0.0003,0.0003,326.4283,,,,,,,,,,,,0.0,0.0,0.0,0.0,0
132.26,-0.5833,-3.0657,326.4283,0.0003,0.0003,326.4283,,,,,,,,,,,,0.0,0.0,0.0,0.0,0
132.28,-0.5833,-3.0657,326.4283,0.0003,0.0003,326.4283,,,,,,,,,,,,0.0,0.0,0.0,0.0,0
132.3,-0.5833,-3.0657,326.4283,0.0003,0.0003,326.4283,,,,,,,,,,,,0.0,0.0,0.0,0.0,0
132.32,-0.5685,-3.0492,326.445,0.0003,0.0003,326.445,,,,,,,,,,,,0.0,0.0,0.0,0.0,0
132.34,-0.5685,-3.0492,326.445,0.0003,0.0003,326.445,,,,,,,,,,,,0.0,0.0,0.0,0.0,0
132.36,-0.5685,-3.0492,326.445,0.0003,0.0003,326.445,,,,,,,,,,,,0.0,0.0,0.0,0.0,0
132.38,-0.5685,-3.0492,326.445,0.0003,0.0003,326.445,,,,,,,,,,,,0.0,0.0,0.0,0.0,0
132.4,-0.5247,-3.0456,326.4596,0.0003,0.0003,326.4596,,,,,,,,,,,,0.0,0.0,0.0,0.0,0
132.42,-0.5247,-3.0456,326.4596,0.0003,0.0003,326.4596,,,,,,,,,,,,0.0,0.0,0.0,0.0,0
132.44,-0.5247,-3.0456,326.4596,0.0003,0.0003,326.4596,,,,,,,,,,,,0.0,0.0,0.0,0.0,0
132.46,-0.5247,-3.0456,326.4596,0.0003,0.0003,326.4596,,,,,,,,,,,,0.0,0.0,0.0,0.0,0
132.48,-0.5247,-3.0456,326.4596,0.0003,0.0003,326.4596,,,,,,,,,,,,0.0,0.0,0.0,0.0,0
132.5,-0.5247,-3.0456,326.4596,0.0003,0.0003,326.4596,,,,,,,,,,,,0.0,0.0,0.0,0.0,0
132.52,-0.4624,-3.121,326.3818,0.0003,0.0003,326.3818,,,,,,,,,,,,0.0,0.0,0.0,0.0,0
132.54,-0.4624,-3.121,326.3818,0.0003,0.0003,326.3818,,,,,,,,,,,,0.0,0.0,0.0,0.0,0
132.56,-0.4624,-3.121,326.3818,0.0003,0.0003,326.3818,,,,,,,,,,,,0.0,0.0,0.0,0.0,0
132.58,-0.4624,-3.121,326.3818,0.0003,0.0003,326.3818,,,,,,,,,,,,0.0,0.0,0.0,0.0,0
132.6,-0.3206,-3.1398,326.2798,0.0003,0.0003,326.2798,,,,,,,,,,,,0.0,0.0,0.0,0.0,0
132.62,-0.3206,-3.1398,326.2798,0.0003,0.0003,326.2798,,,,,,,,,,,,0.0,0.0,0.0,0.0,0
132.64,-0.3206,-3.1398,326.2798,0.0003,0.0003,326.2798,,,,,,,,,,,,0.0,0.0,0.0,0.0,0
132.66,-0.3206,-3.1398,326.2798,0.0003,0.0003,326.2798,,,,,,,,,,,,0.0,0.0,0.0,0.0,0
132.68,-0.3206,-3.1398,326.2798,0.0003,0.0003,326.2798,,,,,,,,,,,,0.0,0.0,0.0,0.0,0
132.7,-0.3206,-3.1398,326.2798,0.0003,0.0003,326.2798,,,,,,,,,,,,0.0,0.0,0.0,0.0,0
132.72,-0.2544,-3.0664,326.3321,0.0003,0.0003,326.3321,,,,,,,,,,,,0.0,0.0,0.0,0.0,0
132.74,-0.2544,-3.0664,326.3321,0.0003,0.0003,326.3321,,,,,,,,,,,,0.0,0.0,0.0,0.0,0
132.76,-0.2544,-3.0664,326.3321,0.0003,0.0003,326.3321,,,,,,,,,,,,0.0,0.0,0.0,0.0,0
132.78,-0.2544,-3.0664,326.3321,0.0003,0.0003,326.3321,,,,,,,,,,,,0.0,0.0,0.0,0.0,0
132.8,-0.1299,-3.0048,326.3311,0.0003,0.0003,326.3311,,,,,,,,,,,,0.0,0.0,0.0,0.0,0
132.82,-0.1299,-3.0048,326.3311,0.0003,0.0003,326.3311,,,,,,,,,,,,0.0,0.0,0.0,0.0,0
132.84,-0.1299,-3.0048,326.3311,0.0003,0.0003,326.3311,,,,,,,,,,,,0.0,0.0,0.0,0.0,0
132.86,-0.1299,-3.0048,326.3311,0.0003,0.0003,326.3311,,,,,,,,,,,,0.0,0.0,0.0,0.0,0
132.88,-0.1299,-3.0048,326.3311,0.0003,0.0003,326.3311,,,,,,,,,,,,0.0,0.0,0.0,0.0,0
132.9,-0.1299,-3.0048,326.3311,0.0003,0.0003,326.3311,,,,,,,,,,,,0.0,0.0,0.0,0.0,0
132.92,0.0544,-2.7599,326.4585,0.0003,0.0003,326.4585,,,,,,,,,,,,0.0,0.0,0.0,0.0,0
132.94,0.0544,-2.7599,326.4585,0.0003,0.0003,326.4585,,,,,,,,,,,,0.0,0.0,0.0,0.0,0
132.96,0.0544,-2.7599,326.4585,0.0003,0.0003,326.4585,,,,,,,,,,,,0.0,0.0,0.0,0.0,0
132.98,0.0544,-2.7599,326.4585,0.0003,0.0003,326.4585,,,,,,,,,,,,0.0,0.0,0.0,0.0,0
133.0,1.1961,-1.902,327.2179,0.0003,0.0003,327.2179,,,,,,,,,,,,0.0,0.0,0.0,0.0,0
133.02,1.1961,-1.902,327.2179,0.0003,0.0003,327.2179,,,,,,,,,,,,0.0,0.0,0.0,0.0,0
133.04,1.1961,-1.902,327.2179,0.0003,0.0003,327.2179,,,,,,,,,,,,0.0,0.0,0.0,0.0,0
133.06,1.1961,-1.902,327.2179,0.0003,0.0003,327.2179,,,,,,,,,,,,0.0,0.0,0.0,0.0,0
133.08,1.1961,-1.902,327.2179,0.0003,0.0003,327.2179,,,,,,,,,,,,0.0,0.0,0.0,0.0,0
133.1,1.1961,-1.902,327.2179,0.0003,0.0003,327.2179,,,,,,,,,,,,0.0,0.0,0.0,0.0,0
133.12,1.1964,-1.867,327.3446,0.0003,0.0003,327.3445,,,,,,,,,,,,0.0,0.0,0.0,0.0,0
133.14,1.1964,-1.867,327.3446,0.0003,0.0003,327.3445,,,,,,,,,,,,0.0,0.0,0.0,0.0,0
133.16,1.1964,-1.867,327.3446,0.0003,0.0003,327.3445,,,,,,,,,,,,0.0,0.0,0.0,0.0,0
133.18,1.1964,-1.867,327.3446,0.0003,0.0003,327.3445,,,,,,,,,,,,0.0,0.0,0.0,0.0,0
133.2,1.3447,-1.938,327.2358,0.0003,0.0003,327.2358,,,,,,,,,,,,0.0,0.0,0.0,0.0,0
133.22,1.3447,-1.938,327.2358,0.0003,0.0003,327.2358,,,,,,,,,,,,0.0,0.0,0.0,0.0,0
133.24,1.3447,-1.938,327.2358,0.0003,0.0003,327.2358,,,,,,,,,,,,0.0,0.0,0.0,0.0,0
133.26,1.3447,-1.938,327.2358,0.0003,0.0003,327.2358,,,,,,,,,,,,0.0,0.0,0.0,0.0,0
133.28,1.3447,-1.938,327.2358,0.0003,0.0003,327.2358,,,,,,,,,,,,0.0,0.0,0.0,0.0,0
133.3,1.3447,-1.938,327.2358,0.0003,0.0003,327.2358,,,,,,,,,,,,0.0,0.0,0.0,0.0,0
133.32,1.3776,-1.8716,327.211,0.0003,0.0003,327.211,,,,,,,,,,,,0.0,0.0,0.0,0.0,0
133.34,1.3776,-1.8716,327.211,0.0003,0.0003,327.211,,,,,,,,,,,,0.0,0.0,0.0,0.0,0
133.36,1.3776,-1.8716,327.211,0.0003,0.0003,327.211,,,,,,,,,,,,0.0,0.0,0.0,0.0,0
133.38,1.3776,-1.8716,327.211,0.0003,0.0003,327.211,,,,,,,,,,,,0.0,0.0,0.0,0.0,0
133.4,1.2244,-2.0098,327.1285,0.0003,0.0003,327.1285,,,,,,,,,,,,0.0,0.0,0.0,0.0,0
133.42,1.2244,-2.0098,327.1285,0.0003,0.0003,327.1285,,,,,,,,,,,,0.0,0.0,0.0,0.0,0
133.44,1.2244,-2.0098,327.1285,0.0003,0.0003,327.1285,,,,,,,,,,,,0.0,0.0,0.0,0.0,0
133.46,1.2244,-2.0098,327.1285,0.0003,0.0003,327.1285,,,,,,,,,,,,0.0,0.0,0.0,0.0,0
133.48,1.2244,-2.0098,327.1285,0.0003,0.0003,327.1285,,,,,,,,,,,,0.0,0.0,0.0,0.0,0
133.5,1.2244,-2.0098,327.1285,0.0003,0.0003,327.1285,,,,,,,,,,,,0.0,0.0,0.0,0.0,0
133.52,0.948,-2.3061,326.8577,0.0003,0.0003,326.8577,,,,,,,,,,,,0.0,0.0,0.0,0.0,0
133.54,0.948,-2.3061,326.8577,0.0003,0.0003,326.8577,,,,,,,,,,,,0.0,0.0,0.0,0.0,0
133.56,0.948,-2.3061,326.8577,0.0003,0.0003,326.8577,,,,,,,,,,,,0.0,0.0,0.0,0.0,0
133.58,0.948,-2.3061,326.8577,0.0003,0.0003,326.8577,,,,,,,,,,,,0.0,0.0,0.0,0.0,0
133.6,0.7262,-2.518,326.6811,0.0003,0.0003,326.6811,,,,,,,,,,,,0.0,0.0,0.0,0.0,0
133.62,0.7262,-2.518,326.6811,0.0003,0.0003,326.6811,,,,,,,,,,,,0.0,0.0,0.0,0.0,0
133.64,0.7262,-2.518,326.6811,0.0003,0.0003,326.6811,,,,,,,,,,,,0.0,0.0,0.0,0.0,0
133.66,0.7262,-2.518,326.6811,0.0003,0.0003,326.6811,,,,,,,,,,,,0.0,0.0,0.0,0.0,0
133.68,0.7262,-2.518,326.6811,0.0003,0.0003,326.6811,,,,,,,,,,,,0.0,0.0,0.0,0.0,0
133.7,0.7262,-2.518,326.6811,0.0003,0.0003,326.6811,,,,,,,,,,,,0.0,0.0,0.0,0.0,0
133.72,0.5648,-2.6611,326.5641,0.0003,0.0003,326.5641,,,,,,,,,,,,0.0,0.0,0.0,0.0,0
133.74,0.5648,-2.6611,326.5641,0.0003,0.0003,326.5641,,,,,,,,,,,,0.0,0.0,0.0,0.0,0
133.76,0.5648,-2.6611,326.5641,0.0003,0.0003,326.5641,,,,,,,,,,,,0.0,0.0,0.0,0.0,0
133.78,0.5648,-2.6611,326.5641,0.0003,0.0003,326.5641,,,,,,,,,,,,0.0,0.0,0.0,0.0,0
133.8,0.4464,-2.7363,326.4722,0.0003,0.0003,326.4722,,,,,,,,,,,,0.0,0.0,0.0,0.0,0
133.82,0.4464,-2.7363,326.4722,0.0003,0.0003,326.4722,,,,,,,,,,,,0.0,0.0,0.0,0.0,0
133.84,0.4464,-2.7363,326.4722,0.0003,0.0003,326.4722,,,,,,,,,,,,0.0,0.0,0.0,0.0,0
133.86,0.4464,-2.7363,326.4722,0.0003,0.0003,326.4722,,,,,,,,,,,,0.0,0.0,0.0,0.0,0
133.88,0.4464,-2.7363,326.4722,0.0003,0.0003,326.4722,,,,,,,,,,,,0.0,0.0,0.0,0.0,0
133.9,0.4464,-2.7363,326.4722,0.0003,0.0003,326.4722,,,,,,,,,,,,0.0,0.0,0.0,0.0,0
133.92,0.3838,-2.8008,326.4893,0.0003,0.0003,326.4893,,,,,,,,,,,,0.0,0.0,0.0,0.0,0
133.94,0.3838,-2.8008,326.4893,0.0003,0.0003,326.4893,,,,,,,,,,,,0.0,0.0,0.0,0.0,0
133.96,0.3838,-2.8008,326.4893,0.0003,0.0003,326.4893,,,,,,,,,,,,0.0,0.0,0.0,0.0,0
133.98,0.3838,-2.8008,326.4893,0.0003,0.0003,326.4893,,,,,,,,,,,,0.0,0.0,0.0,0.0,0
134.0,0.3122,-2.9076,326.3344,0.0003,0.0003,326.3344,,,,,,,,,,,,0.0,0.0,0.0,0.0,0
134.02,0.3122,-2.9076,326.3344,0.0003,0.0003,326.3344,,,,,,,,,,,,0.0,0.0,0.0,0.0,0
134.04,0.3122,-2.9076,326.3344,0.0003,0.0003,326.3344,,,,,,,,,,,,0.0,0.0,0.0,0.0,0
134.06,0.3122,-2.9076,326.3344,0.0003,0.0003,326.3344,,,,,,,,,,,,0.0,0.0,0.0,0.0,0
134.08,0.3122,-2.9076,326.3344,0.0003,0.0003,326.3344,,,,,,,,,,,,0.0,0.0,0.0,0.0,0
134.1,0.3122,-2.9076,326.3344,0.0003,0.0003,326.3344,,,,,,,,,,,,0.0,0.0,0.0,0.0,0
134.12,0.3119,-2.8755,326.3327,0.0003,0.0003,326.3327,,,,,,,,,,,,0.0,0.0,0.0,0.0,0
134.14,0.3119,-2.8755,326.3327,0.0003,0.0003,326.3327,,,,,,,,,,,,0.0,0.0,0.0,0.0,0
134.16,0.3119,-2.8755,326.3327,0.0003,0.0003,326.3327,,,,,,,,,,,,0.0,0.0,0.0,0.0,0
134.18,0.3119,-2.8755,326.3327,0.0003,0.0003,326.3327,,,,,,,,,,,,0.0,0.0,0.0,0.0,0
134.2,0.3662,-2.8775,326.3998,0.0003,0.0003,326.3998,,,,,,,,,,,,0.0,0.0,0.0,0.0,0
134.22,0.3662,-2.8775,326.3998,0.0003,0.0003,326.3998,,,,,,,,,,,,0.0,0.0,0.0,0.0,0
134.24,0.3662,-2.8775,326.3998,0.0003,0.0003,326.3998,,,,,,,,,,,,0.0,0.0,0.0,0.0,0
134.26,0.3662,-2.8775,326.3998,0.0003,0.0003,326.3998,,,,,,,,,,,,0.0,0.0,0.0,0.0,0
134.28,0.3662,-2.8775,326.3998,0.0003,0.0003,326.3998,,,,,,,,,,,,0.0,0.0,0.0,0.0,0
134.3,0.3662,-2.8775,326.3998,0.0003,0.0003,326.3998,,,,,,,,,,,,0.0,0.0,0.0,0.0,0
134.32,0.3506,-2.8411,326.4613,0.0003,0.0003,326.4613,,,,,,,,,,,,0.0,0.0,0.0,0.0,0
134.34,0.3506,-2.8411,326.4613,0.0003,0.0003,326.4613,,,,,,,,,,,,0.0,0.0,0.0,0.0,0
134.36,0.3506,-2.8411,326.4613,0.0003,0.0003,326.4613,,,,,,,,,,,,0.0,0.0,0.0,0.0,0
134.38,0.3506,-2.8411,326.4613,0.0003,0.0003,326.4613,,,,,,,,,,,,0.0,0.0,0.0,0.0,0
134.4,0.3603,-2.8388,326.4363,0.0003,0.0003,326.4363,,,,,,,,,,,,0.0,0.0,0.0,0.0,0
134.42,0.3603,-2.8388,326.4363,0.0003,0.0003,326.4363,,,,,,,,,,,,0.0,0.0,0.0,0.0,0
134.44,0.3603,-2.8388,326.4363,0.0003,0.0003,326.4363,,,,,,,,,,,,0.0,0.0,0.0,0.0,0
134.46,0.3603,-2.8388,326.4363,0.0003,0.0003,326.4363,,,,,,,,,,,,0.0,0.0,0.0,0.0,0
134.48,0.3603,-2.8388,326.4363,0.0003,0.0003,326.4363,,,,,,,,,,,,0.0,0.0,0.0,0.0,0
134.5,0.3603,-2.8388,326.4363,0.0003,0.0003,326.4363,,,,,,,,,,,,0.0,0.0,0.0,0.0,0
134.52,0.3508,-2.7754,326.4643,0.0003,0.0003,326.4643,,,,,,,,,,,,0.0,0.0,0.0,0.0,0
134.54,0.3508,-2.7754,326.4643,0.0003,0.0003,326.4643,,,,,,,,,,,,0.0,0.0,0.0,0.0,0
134.56,0.3508,-2.7754,326.4643,0.0003,0.0003,326.4643,,,,,,,,,,,,0.0,0.0,0.0,0.0,0
134.58,0.3508,-2.7754,326.4643,0.0003,0.0003,326.4643,,,,,,,,,,,,0.0,0.0,0.0,0.0,0
134.6,0.325,-2.8202,326.2858,0.0003,0.0003,326.2858,,,,,,,,,,,,0.0,0.0,0.0,0.0,0
134.62,0.325,-2.8202,326.2858,0.0003,0.0003,326.2858,,,,,,,,,,,,0.0,0.0,0.0,0.0,0
134.64,0.325,-2.8202,326.2858,0.0003,0.0003,326.2858,,,,,,,,,,,,0.0,0.0,0.0,0.0,0
134.66,0.325,-2.8202,326.2858,0.0003,0.0003,326.2858,,,,,,,,,,,,0.0,0.0,0.0,0.0,0
134.68,0.325,-2.8202,326.2858,0.0003,0.0003,326.2858,,,,,,,,,,,,0.0,0.0,0.0,0.0,0
134.7,0.325,-2.8202,326.2858,0.0003,0.0003,326.2858,,,,,,,,,,,,0.0,0.0,0.0,0.0,0
134.72,0.2866,-3.0867,326.2197,0.0003,0.0003,326.2197,,,,,,,,,,,,0.0,0.0,0.0,0.0,0
134.74,0.2866,-3.0867,326.2197,0.0003,0.0003,326.2197,,,,,,,,,,,,0.0,0.0,0.0,0.0,0
134.76,0.2866,-3.0867,326.2197,0.0003,0.0003,326.2197,,,,,,,,,,,,0.0,0.0,0.0,0.0,0
134.78,0.2866,-3.0867,326.2197,0.0003,0.0003,326.2197,,,,,,,,,,,,0.0,0.0,0.0,0.0,0
134.8,0.3307,-3.5092,326.2641,0.0003,0.0003,326.2641,,,,,,,,,,,,0.0,0.0,0.0,0.0,0
134.82,0.3307,-3.5092,326.2641,0.0003,0.0003,326.2641,,,,,,,,,,,,0.0,0.0,0.0,0.0,0
134.84,0.3307,-3.5092,326.2641,0.0003,0.0003,326.2641,,,,,,,,,,,,0.0,0.0,0.0,0.0,0
134.86,0.3307,-3.5092,326.2641,0.0003,0.0003,326.2641,,,,,,,,,,,,0.0,0.0,0.0,0.0,0
134.88,0.3307,-3.5092,326.2641,0.0003,0.0003,326.2641,,,,,,,,,,,,0.0,0.0,0.0,0.0,0
134.9,0.3307,-3.5092,326.2641,0.0003,0.0003,326.2641,,,,,,,,,,,,0.0,0.0,0.0,0.0,0
134.92,0.1594,-3.4559,326.075,0.0003,0.0003,326.075,,,,,,,,,,,,0.0,0.0,0.0,0.0,0
134.94,0.1594,-3.4559,326.075,0.0003,0.0003,326.075,,,,,,,,,,,,0.0,0.0,0.0,0.0,0
134.96,0.1594,-3.4559,326.075,0.0003,0.0003,326.075,,,,,,,,,,,,0.0,0.0,0.0,0.0,0
134.98,0.1594,-3.4559,326.075,0.0003,0.0003,326.075,,,,,,,,,,,,0.0,0.0,0.0,0.0,0
135.0,0.0395,-3.5059,326.1223,0.0003,0.0003,326.1223,,,,,,,,,,,,0.0,0.0,0.0,0.0,0
135.02,0.0395,-3.5059,326.1223,0.0003,0.0003,326.1223,,,,,,,,,,,,0.0,0.0,0.0,0.0,0
135.04,0.0395,-3.5059,326.1223,0.0003,0.0003,326.1223,,,,,,,,,,,,0.0,0.0,0.0,0.0,0
135.06,0.0395,-3.5059,326.1223,0.0003,0.0003,326.1223,,,,,,,,,,,,0.0,0.0,0.0,0.0,0
135.08,0.0395,-3.5059,326.1223,0.0003,0.0003,326.1223,,,,,,,,,,,,0.0,0.0,0.0,0.0,0
135.1,0.0395,-3.5059,326.1223,0.0003,0.0003,326.1223,,,,,,,,,,,,0.0,0.0,0.0,0.0,0
135.12,0.1432,-3.4985,326.3319,0.0003,0.0003,326.3319,,,,,,,,,,,,0.0,0.0,0.0,0.0,0
135.14,0.1432,-3.4985,326.3319,0.0003,0.0003,326.3319,,,,,,,,,,,,0.0,0.0,0.0,0.0,0
135.16,0.1432,-3.4985,326.3319,0.0003,0.0003,326.3319,,,,,,,,,,,,0.0,0.0,0.0,0.0,0
135.18,0.1432,-3.4985,326.3319,0.0003,0.0003,326.3319,,,,,,,,,,,,0.0,0.0,0.0,0.0,0
135.2,0.3174,-3.0988,326.4958,0.0003,0.0003,326.4958,,,,,,,,,,,,0.0,0.0,0.0,0.0,0
135.22,0.3174,-3.0988,326.4958,0.0003,0.0003,326.4958,,,,,,,,,,,,0.0,0.0,0.0,0.0,0
135.24,0.3174,-3.0988,326.4958,0.0003,0.0003,326.4958,,,,,,,,,,,,0.0,0.0,0.0,0.0,0
135.26,0.3174,-3.0988,326.4958,0.0003,0.0003,326.4958,,,,,,,,,,,,0.0,0.0,0.0,0.0,0
135.28,0.3174,-3.0988,326.4958,0.0003,0.0003,326.4958,,,,,,,,,,,,0.0,0.0,0.0,0.0,0
135.3,0.3174,-3.0988,326.4958,0.0003,0.0003,326.4958,,,,,,,,,,,,0.0,0.0,0.0,0.0,0
135.32,0.3285,-3.0993,326.6573,0.0003,0.0003,326.6573,,,,,,,,,,,,0.0,0.0,0.0,0.0,0
135.34,0.3285,-3.0993,326.6573,0.0003,0.0003,326.6573,,,,,,,,,,,,0.0,0.0,0.0,0.0,0
135.36,0.3285,-3.0993,326.6573,0.0003,0.0003,326.6573,,,,,,,,,,,,0.0,0.0,0.0,0.0,0
135.38,0.3285,-3.0993,326.6573,0.0003,0.0003,326.6573,,,,,,,,,,,,0.0,0.0,0.0,0.0,0
135.4,0.4029,-3.1148,326.8995,0.0003,0.0003,326.8995,,,,,,,,,,,,0.0,0.0,0.0,0.0,0
135.42,0.4029,-3.1148,326.8995,0.0003,0.0003,326.8995,,,,,,,,,,,,0.0,0.0,0.0,0.0,0
135.44,0.4029,-3.1148,326.8995,0.0003,0.0003,326.8995,,,,,,,,,,,,0.0,0.0,0.0,0.0,0
135.46,0.4029,-3.1148,326.8995,0.0003,0.0003,326.8995,,,,,,,,,,,,0.0,0.0,0.0,0.0,0
135.48,0.4029,-3.1148,326.8995,0.0003,0.0003,326.8995,,,,,,,,,,,,0.0,0.0,0.0,0.0,0
135.5,0.4029,-3.1148,326.8995,0.0003,0.0003,326.8995,,,,,,,,,,,,0.0,0.0,0.0,0.0,0
135.52,0.3984,-3.3051,326.8554,0.0003,0.0003,326.8554,,,,,,,,,,,,0.0,0.0,0.0,0.0,0
135.54,0.3984,-3.3051,326.8554,0.0003,0.0003,326.8554,,,,,,,,,,,,0.0,0.0,0.0,0.0,0
135.56,0.3984,-3.3051,326.8554,0.0003,0.0003,326.8554,,,,,,,,,,,,0.0,0.0,0.0,0.0,0
135.58,0.3984,-3.3051,326.8554,0.0003,0.0003,326.8554,,,,,,,,,,,,0.0,0.0,0.0,0.0,0
135.6,0.3847,-3.5557,326.7702,0.0003,0.0003,326.7702,,,,,,,,,,,,0.0,0.0,0.0,0.0,0
135.62,0.3847,-3.5557,326.7702,0.0003,0.0003,326.7702,,,,,,,,,,,,0.0,0.0,0.0,0.0,0
135.64,0.3847,-3.5557,326.7702,0.0003,0.0003,326.7702,,,,,,,,,,,,0.0,0.0,0.0,0.0,0
135.66,0.3847,-3.5557,326.7702,0.0003,0.0003,326.7702,,,,,,,,,,,,0.0,0.0,0.0,0.0,0
135.68,0.3847,-3.5557,326.7702,0.0003,0.0003,326.7702,,,,,,,,,,,,0.0,0.0,0.0,0.0,0
135.7,0.3847,-3.5557,326.7702,0.0003,0.0003,326.7702,,,,,,,,,,,,0.0,0.0,0.0,0.0,0
135.72,0.3312,-3.7645,326.7009,0.0003,0.0003,326.7009,,,,,,,,,,,,0.0,0.0,0.0,0.0,0
135.74,0.3312,-3.7645,326.7009,0.0003,0.0003,326.7009,,,,,,,,,,,,0.0,0.0,0.0,0.0,0
135.76,0.3312,-3.7645,326.7009,0.0003,0.0003,326.7009,,,,,,,,,,,,0.0,0.0,0.0,0.0,0
135.78,0.3312,-3.7645,326.7009,0.0003,0.0003,326.7009,,,,,,,,,,,,0.0,0.0,0.0,0.0,0
135.8,0.2071,-4.1373,326.5622,0.0003,0.0003,326.5622,,,,,,,,,,,,0.0,0.0,0.0,0.0,0
135.82,0.2071,-4.1373,326.5622,0.0003,0.0003,326.5622,,,,,,,,,,,,0.0,0.0,0.0,0.0,0
135.84,0.2071,-4.1373,326.5622,0.0003,0.0003,326.5622,,,,,,,,,,,,0.0,0.0,0.0,0.0,0
135.86,0.2071,-4.1373,326.5622,0.0003,0.0003,326.5622,,,,,,,,,,,,0.0,0.0,0.0,0.0,0
135.88,0.2071,-4.1373,326.5622,0.0003,0.0003,326.5622,,,,,,,,,,,,0.0,0.0,0.0,0.0,0
135.9,0.2071,-4.1373,326.5622,0.0003,0.0003,326.5622,,,,,,,,,,,,0.0,0.0,0.0,0.0,0
135.92,0.0773,-4.5216,326.3474,0.0003,0.0003,326.3474,,,,,,,,,,,,0.0,0.0,0.0,0.0,0
135.94,0.0773,-4.5216,326.3474,0.0003,0.0003,326.3474,,,,,,,,,,,,0.0,0.0,0.0,0.0,0
135.96,0.0773,-4.5216,326.3474,0.0003,0.0003,326.3474,,,,,,,,,,,,0.0,0.0,0.0,0.0,0
135.98,0.0773,-4.5216,326.3474,0.0003,0.0003,326.3474,,,,,,,,,,,,0.0,0.0,0.0,0.0,0
136.0,-0.0869,-4.7159,326.0737,0.0003,0.0003,326.0737,,,,,,,,,,,,0.0,0.0,0.0,0.0,0
136.02,-0.0869,-4.7159,326.0737,0.0003,0.0003,326.0737,,,,,,,,,,,,0.0,0.0,0.0,0.0,0
136.04,-0.0869,-4.7159,326.0737,0.0003,0.0003,326.0737,,,,,,,,,,,,0.0,0.0,0.0,0.0,0
136.06,-0.0869,-4.7159,326.0737,0.0003,0.0003,326.0737,,,,,,,,,,,,0.0,0.0,0.0,0.0,0
136.08,-0.0869,-4.7159,326.0737,0.0003,0.0003,326.0737,,,,,,,,,,,,0.0,0.0,0.0,0.0,0
136.1,-0.0869,-4.7159,326.0737,0.0003,0.0003,326.0737,,,,,,,,,,,,0.0,0.0,0.0,0.0,0
136.12,-0.3006,-4.8418,325.9575,0.0003,0.0003,325.9575,,,,,,,,,,,,0.0,0.0,0.0,0.0,0
136.14,-0.3006,-4.8418,325.9575,0.0003,0.0003,325.9575,,,,,,,,,,,,0.0,0.0,0.0,0.0,0
136.16,-0.3006,-4.8418,325.9575,0.0003,0.0003,325.9575,,,,,,,,,,,,0.0,0.0,0.0,0.0,0
136.18,-0.3006,-4.8418,325.9575,0.0003,0.0003,325.9575,,,,,,,,,,,,0.0,0.0,0.0,0.0,0
136.2,-0.5559,-5.0148,325.6518,0.0003,0.0003,325.6518,,,,,,,,,,,,0.0,0.0,0.0,0.0,0
136.22,-0.5559,-5.0148,325.6518,0.0003,0.0003,325.6518,,,,,,,,,,,,0.0,0.0,0.0,0.0,0
136.24,-0.5559,-5.0148,325.6518,0.0003,0.0003,325.6518,,,,,,,,,,,,0.0,0.0,0.0,0.0,0
136.26,-0.5559,-5.0148,325.6518,0.0003,0.0003,325.6518,,,,,,,,,,,,0.0,0.0,0.0,0.0,0
136.28,-0.5559,-5.0148,325.6518,0.0003,0.0003,325.6518,,,,,,,,,,,,0.0,0.0,0.0,0.0,0
136.3,-0.5559,-5.0148,325.6518,0.0003,0.0003,325.6518,,,,,,,,,,,,0.0,0.0,0.0,0.0,0
136.32,-0.8442,-5.3632,325.5058,0.0003,0.0003,325.5058,,,,,,,,,,,,0.0,0.0,0.0,0.0,0
136.34,-0.8442,-5.3632,325.5058,0.0003,0.0003,325.5058,,,,,,,,,,,,0.0,0.0,0.0,0.0,0
136.36,-0.8442,-5.3632,325.5058,0.0003,0.0003,325.5058,,,,,,,,,,,,0.0,0.0,0.0,0.0,0
136.38,-0.8442,-5.3632,325.5058,0.0003,0.0003,325.5058,,,,,,,,,,,,0.0,0.0,0.0,0.0,0
136.4,-0.9894,-5.5459,325.6041,0.0003,0.0003,325.6041,,,,,,,,,,,,0.0,0.0,0.0,0.0,0
136.42,-0.9894,-5.5459,325.6041,0.0003,0.0003,325.6041,,,,,,,,,,,,0.0,0.0,0.0,0.0,0
136.44,-0.9894,-5.5459,325.6041,0.0003,0.0003,325.6041,,,,,,,,,,,,0.0,0.0,0.0,0.0,0
136.46,-0.9894,-5.5459,325.6041,0.0003,0.0003,325.6041,,,,,,,,,,,,0.0,0.0,0.0,0.0,0
136.48,-0.9894,-5.5459,325.6041,0.0003,0.0003,325.6041,,,,,,,,,,,,0.0,0.0,0.0,0.0,0
136.5,-0.9894,-5.5459,325.6041,0.0003,0.0003,325.6041,,,,,,,,,,,,0.0,0.0,0.0,0.0,0
136.52,-0.9544,-5.5655,325.616,0.0003,0.0003,325.616,,,,,,,,,,,,0.0,0.0,0.0,0.0,0
136.54,-0.9544,-5.5655,325.616,0.0003,0.0003,325.616,,,,,,,,,,,,0.0,0.0,0.0,0.0,0
136.56,-0.9544,-5.5655,325.616,0.0003,0.0003,325.616,,,,,,,,,,,,0.0,0.0,0.0,0.0,0
136.58,-0.9544,-5.5655,325.616,0.0003,0.0003,325.616,,,,,,,,,,,,0.0,0.0,0.0,0.0,0
136.6,-0.9453,-5.5702,325.5616,0.0003,0.0003,325.5616,,,,,,,,,,,,0.0,0.0,0.0,0.0,0
136.62,-0.9453,-5.5702,325.5616,0.0003,0.0003,325.5616,,,,,,,,,,,,0.0,0.0,0.0,0.0,0
136.64,-0.9453,-5.5702,325.5616,0.0003,0.0003,325.5616,,,,,,,,,,,,0.0,0.0,0.0,0.0,0
136.66,-0.9453,-5.5702,325.5616,0.0003,0.0003,325.5616,,,,,,,,,,,,0.0,0.0,0.0,0.0,0
136.68,-0.9453,-5.5702,325.5616,0.0003,0.0003,325.5616,,,,,,,,,,,,0.0,0.0,0.0,0.0,0
136.7,-0.9453,-5.5702,325.5616,0.0003,0.0003,325.5616,,,,,,,,,,,,0.0,0.0,0.0,0.0,0
136.72,-1.0399,-5.6846,325.5233,0.0003,0.0003,325.5233,,,,,,,,,,,,0.0,0.0,0.0,0.0,0
136.74,-1.0399,-5.6846,325.5233,0.0003,0.0003,325.5233,,,,,,,,,,,,0.0,0.0,0.0,0.0,0
136.76,-1.0399,-5.6846,325.5233,0.0003,0.0003,325.5233,,,,,,,,,,,,0.0,0.0,0.0,0.0,0
136.78,-1.0399,-5.6846,325.5233,0.0003,0.0003,325.5233,,,,,,,,,,,,0.0,0.0,0.0,0.0,0
136.8,-1.2344,-5.7005,325.192,0.0003,0.0003,325.192,,,,,,,,,,,,0.0,0.0,0.0,0.0,0
136.82,-1.2344,-5.7005,325.192,0.0003,0.0003,325.192,,,,,,,,,,,,0.0,0.0,0.0,0.0,0
136.84,-1.2344,-5.7005,325.192,0.0003,0.0003,325.192,,,,,,,,,,,,0.0,0.0,0.0,0.0,0
136.86,-1.2344,-5.7005,325.192,0.0003,0.0003,325.192,,,,,,,,,,,,0.0,0.0,0.0,0.0,0
136.88,-1.2344,-5.7005,325.192,0.0003,0.0003,325.192,,,,,,,,,,,,0.0,0.0,0.0,0.0,0
136.9,-1.2344,-5.7005,325.192,0.0003,0.0003,325.192,,,,,,,,,,,,0.0,0.0,0.0,0.0,0
136.92,-1.4059,-5.9084,325.0396,0.0003,0.0003,325.0396,,,,,,,,,,,,0.0,0.0,0.0,0.0,0
136.94,-1.4059,-5.9084,325.0396,0.0003,0.0003,325.0396,,,,,,,,,,,,0.0,0.0,0.0,0.0,0
136.96,-1.4059,-5.9084,325.0396,0.0003,0.0003,325.0396,,,,,,,,,,,,0.0,0.0,0.0,0.0,0
136.98,-1.4059,-5.9084,325.0396,0.0003,0.0003,325.0396,,,,,,,,,,,,0.0,0.0,0.0,0.0,0
137.0,-1.5271,-6.3597,324.8923,0.0003,0.0003,324.8923,,,,,,,,,,,,0.0,0.0,0.0,0.0,0
137.02,-1.5271,-6.3597,324.8923,0.0003,0.0003,324.8923,,,,,,,,,,,,0.0,0.0,0.0,0.0,0
137.04,-1.5271,-6.3597,324.8923,0.0003,0.0003,324.8923,,,,,,,,,,,,0.0,0.0,0.0,0.0,0
137.06,-1.5271,-6.3597,324.8923,0.0003,0.0003,324.8923,,,,,,,,,,,,0.0,0.0,0.0,0.0,0
137.08,-1.5271,-6.3597,324.8923,0.0003,0.0003,324.8923,,,,,,,,,,,,0.0,0.0,0.0,0.0,0
137.1,-1.5271,-6.3597,324.8923,0.0003,0.0003,324.8923,,,,,,,,,,,,0.0,0.0,0.0,0.0,0
137.12,-1.5656,-6.8887,324.9013,0.0003,0.0003,324.9013,,,,,,,,,,,,0.0,0.0,0.0,0.0,0
137.14,-1.5656,-6.8887,324.9013,0.0003,0.0003,324.9013,,,,,,,,,,,,0.0,0.0,0.0,0.0,0
137.16,-1.5656,-6.8887,324.9013,0.0003,0.0003,324.9013,,,,,,,,,,,,0.0,0.0,0.0,0.0,0
137.18,-1.5656,-6.8887,324.9013,0.0003,0.0003,324.9013,,,,,,,,,,,,0.0,0.0,0.0,0.0,0
137.2,-1.5346,-7.0162,324.8205,0.0003,0.0003,324.8205,,,,,,,,,,,,0.0,0.0,0.0,0.0,0
137.22,-1.5346,-7.0162,324.8205,0.0003,0.0003,324.8205,,,,,,,,,,,,0.0,0.0,0.0,0.0,0
137.24,-1.5346,-7.0162,324.8205,0.0003,0.0003,324.8205,,,,,,,,,,,,0.0,0.0,0.0,0.0,0
137.26,-1.5346,-7.0162,324.8205,0.0003,0.0003,324.8205,,,,,,,,,,,,0.0,0.0,0.0,0.0,0
137.28,-1.5346,-7.0162,324.8205,0.0003,0.0003,324.8205,,,,,,,,,,,,0.0,0.0,0.0,0.0,0
137.3,-1.5346,-7.0162,324.8205,0.0003,0.0003,324.8205,,,,,,,,,,,,0.0,0.0,0.0,0.0,0
137.32,-1.5525,-7.1313,324.7006,0.0003,0.0003,324.7006,,,,,,,,,,,,0.0,0.0,0.0,0.0,0
137.34,-1.5525,-7.1313,324.7006,0.0003,0.0003,324.7006,,,,,,,,,,,,0.0,0.0,0.0,0.0,0
137.36,-1.5525,-7.1313,324.7006,0.0003,0.0003,324.7006,,,,,,,,,,,,0.0,0.0,0.0,0.0,0
137.38,-1.5525,-7.1313,324.7006,0.0003,0.0003,324.7006,,,,,,,,,,,,0.0,0.0,0.0,0.0,0
137.4,-1.5397,-7.4026,324.7624,0.0003,0.0003,324.7624,,,,,,,,,,,,0.0,0.0,0.0,0.0,0
137.42,-1.5397,-7.4026,324.7624,0.0003,0.0003,324.7624,,,,,,,,,,,,0.0,0.0,0.0,0.0,0
137.44,-1.5397,-7.4026,324.7624,0.0003,0.0003,324.7624,,,,,,,,,,,,0.0,0.0,0.0,0.0,0
137.46,-1.5397,-7.4026,324.7624,0.0003,0.0003,324.7624,,,,,,,,,,,,0.0,0.0,0.0,0.0,0
137.48,-1.5397,-7.4026,324.7624,0.0003,0.0003,324.7624,,,,,,,,,,,,0.0,0.0,0.0,0.0,0
137.5,-1.5397,-7.4026,324.7624,0.0003,0.0003,324.7624,,,,,,,,,,,,0.0,0.0,0.0,0.0,0
137.52,-1.4705,-7.7383,324.8752,0.0003,0.0003,324.8752,,,,,,,,,,,,0.0,0.0,0.0,0.0,0
137.54,-1.4705,-7.7383,324.8752,0.0003,0.0003,324.8752,,,,,,,,,,,,0.0,0.0,0.0,0.0,0
137.56,-1.4705,-7.7383,324.8752,0.0003,0.0003,324.8752,,,,,,,,,,,,0.0,0.0,0.0,0.0,0
137.58,-1.4705,-7.7383,324.8752,0.0003,0.0003,324.8752,,,,,,,,,,,,0.0,0.0,0.0,0.0,0
137.6,-1.2996,-7.9952,324.8274,0.0003,0.0003,324.8274,,,,,,,,,,,,0.0,0.0,0.0,0.0,0
137.62,-1.2996,-7.9952,324.8274,0.0003,0.0003,324.8274,,,,,,,,,,,,0.0,0.0,0.0,0.0,0
137.64,-1.2996,-7.9952,324.8274,0.0003,0.0003,324.8274,,,,,,,,,,,,0.0,0.0,0.0,0.0,0
137.66,-1.2996,-7.9952,324.8274,0.0003,0.0003,324.8274,,,,,,,,,,,,0.0,0.0,0.0,0.0,0
137.68,-1.2996,-7.9952,324.8274,0.0003,0.0003,324.8274,,,,,,,,,,,,0.0,0.0,0.0,0.0,0
137.7,-1.2996,-7.9952,324.8274,0.0003,0.0003,324.8274,,,,,,,,,,,,0.0,0.0,0.0,0.0,0
137.72,-1.1265,-8.0817,324.8701,0.0003,0.0003,324.8701,,,,,,,,,,,,0.0,0.0,0.0,0.0,0
137.74,-1.1265,-8.0817,324.8701,0.0003,0.0003,324.8701,,,,,,,,,,,,0.0,0.0,0.0,0.0,0
137.76,-1.1265,-8.0817,324.8701,0.0003,0.0003,324.8701,,,,,,,,,,,,0.0,0.0,0.0,0.0,0
137.78,-1.1265,-8.0817,324.8701,0.0003,0.0003,324.8701,,,,,,,,,,,,0.0,0.0,0.0,0.0,0
137.8,-1.044,-8.0685,324.8772,0.0003,0.0003,324.8772,,,,,,,,,,,,0.0,0.0,0.0,0.0,0
137.82,-1.044,-8.0685,324.8772,0.0003,0.0003,324.8772,,,,,,,,,,,,0.0,0.0,0.0,0.0,0
137.84,-1.044,-8.0685,324.8772,0.0003,0.0003,324.8772,,,,,,,,,,,,0.0,0.0,0.0,0.0,0
137.86,-1.044,-8.0685,324.8772,0.0003,0.0003,324.8772,,,,,,,,,,,,0.0,0.0,0.0,0.0,0
137.88,-1.044,-8.0685,324.8772,0.0003,0.0003,324.8772,,,,,,,,,,,,0.0,0.0,0.0,0.0,0
137.9,-1.044,-8.0685,324.8772,0.0003,0.0003,324.8772,,,,,,,,,,,,0.0,0.0,0.0,0.0,0
137.92,-1.0048,-8.0055,324.8854,0.0003,0.0003,324.8854,,,,,,,,,,,,0.0,0.0,0.0,0.0,0
137.94,-1.0048,-8.0055,324.8854,0.0003,0.0003,324.8854,,,,,,,,,,,,0.0,0.0,0.0,0.0,0
137.96,-1.0048,-8.0055,324.8854,0.0003,0.0003,324.8854,,,,,,,,,,,,0.0,0.0,0.0,0.0,0
137.98,-1.0048,-8.0055,324.8854,0.0003,0.0003,324.8854,,,,,,,,,,,,0.0,0.0,0.0,0.0,0
138.0,-0.9898,-8.1004,324.9887,0.0003,0.0003,324.9887,,,,,,,,,,,,0.0,0.0,0.0,0.0,0
138.02,-0.9898,-8.1004,324.9887,0.0003,0.0003,324.9887,,,,,,,,,,,,0.0,0.0,0.0,0.0,0
138.04,-0.9898,-8.1004,324.9887,0.0003,0.0003,324.9887,,,,,,,,,,,,0.0,0.0,0.0,0.0,0
138.06,-0.9898,-8.1004,324.9887,0.0003,0.0003,324.9887,,,,,,,,,,,,0.0,0.0,0.0,0.0,0
138.08,-0.9898,-8.1004,324.9887,0.0003,0.0003,324.9887,,,,,,,,,,,,0.0,0.0,0.0,0.0,0
138.1,-0.9898,-8.1004,324.9887,0.0003,0.0003,324.9887,,,,,,,,,,,,0.0,0.0,0.0,0.0,0
138.12,-1.0428,-8.2208,325.1132,0.0003,0.0003,325.1132,,,,,,,,,,,,0.0,0.0,0.0,0.0,0
138.14,-1.0428,-8.2208,325.1132,0.0003,0.0003,325.1132,,,,,,,,,,,,0.0,0.0,0.0,0.0,0
138.16,-1.0428,-8.2208,325.1132,0.0003,0.0003,325.1132,,,,,,,,,,,,0.0,0.0,0.0,0.0,0
138.18,-1.0428,-8.2208,325.1132,0.0003,0.0003,325.1132,,,,,,,,,,,,0.0,0.0,0.0,0.0,0
138.2,-1.0884,-8.5142,325.1889,0.0003,0.0003,325.1889,,,,,,,,,,,,0.0,0.0,0.0,0.0,0
138.22,-1.0884,-8.5142,325.1889,0.0003,0.0003,325.1889,,,,,,,,,,,,0.0,0.0,0.0,0.0,0
138.24,-1.0884,-8.5142,325.1889,0.0003,0.0003,325.1889,,,,,,,,,,,,0.0,0.0,0.0,0.0,0
138.26,-1.0884,-8.5142,325.1889,0.0003,0.0003,325.1889,,,,,,,,,,,,0.0,0.0,0.0,0.0,0
138.28,-1.0884,-8.5142,325.1889,0.0003,0.0003,325.1889,,,,,,,,,,,,0.0,0.0,0.0,0.0,0
138.3,-1.0884,-8.5142,325.1889,0.0003,0.0003,325.1889,,,,,,,,,,,,0.0,0.0,0.0,0.0,0
138.32,-1.1517,-8.767,325.2158,0.0003,0.0003,325.2158,,,,,,,,,,,,0.0,0.0,0.0,0.0,0
138.34,-1.1517,-8.767,325.2158,0.0003,0.0003,325.2158,,,,,,,,,,,,0.0,0.0,0.0,0.0,0
138.36,-1.1517,-8.767,325.2158,0.0003,0.0003,325.2158,,,,,,,,,,,,0.0,0.0,0.0,0.0,0
138.38,-1.1517,-8.767,325.2158,0.0003,0.0003,325.2158,,,,,,,,,,,,0.0,0.0,0.0,0.0,0
138.4,-1.1593,-8.9871,325.1526,0.0003,0.0003,325.1526,,,,,,,,,,,,0.0,0.0,0.0,0.0,0
138.42,-1.1593,-8.9871,325.1526,0.0003,0.0003,325.1526,,,,,,,,,,,,0.0,0.0,0.0,0.0,0
138.44,-1.1593,-8.9871,325.1526,0.0003,0.0003,325.1526,,,,,,,,,,,,0.0,0.0,0.0,0.0,0
138.46,-1.1593,-8.9871,325.1526,0.0003,0.0003,325.1526,,,,,,,,,,,,0.0,0.0,0.0,0.0,0
138.48,-1.1593,-8.9871,325.1526,0.0003,0.0003,325.1526,,,,,,,,,,,,0.0,0.0,0.0,0.0,0
138.5,-1.1593,-8.9871,325.1526,0.0003,0.0003,325.1526,,,,,,,,,,,,0.0,0.0,0.0,0.0,0
138.52,-1.1882,-9.1315,325.0897,0.0003,0.0003,325.0896,,,,,,,,,,,,0.0,0.0,0.0,0.0,0
138.54,-1.1882,-9.1315,325.0897,0.0003,0.0003,325.0896,,,,,,,,,,,,0.0,0.0,0.0,0.0,0
138.56,-1.1882,-9.1315,325.0897,0.0003,0.0003,325.0896,,,,,,,,,,,,0.0,0.0,0.0,0.0,0
138.58,-1.1882,-9.1315,325.0897,0.0003,0.0003,325.0896,,,,,,,,,,,,0.0,0.0,0.0,0.0,0
138.6,-1.2012,-9.3545,325.0373,0.0003,0.0003,325.0373,,,,,,,,,,,,0.0,0.0,0.0,0.0,0
138.62,-1.2012,-9.3545,325.0373,0.0003,0.0003,325.0373,,,,,,,,,,,,0.0,0.0,0.0,0.0,0
138.64,-1.2012,-9.3545,325.0373,0.0003,0.0003,325.0373,,,,,,,,,,,,0.0,0.0,0.0,0.0,0
138.66,-1.2012,-9.3545,325.0373,0.0003,0.0003,325.0373,,,,,,,,,,,,0.0,0.0,0.0,0.0,0
138.68,-1.2012,-9.3545,325.0373,0.0003,0.0003,325.0373,,,,,,,,,,,,0.0,0.0,0.0,0.0,0
138.7,-1.2012,-9.3545,325.0373,0.0003,0.0003,325.0373,,,,,,,,,,,,0.0,0.0,0.0,0.0,0
138.72,-1.1929,-9.4949,325.0915,0.0003,0.0003,325.0915,,,,,,,,,,,,0.0,0.0,0.0,0.0,0
138.74,-1.1929,-9.4949,325.0915,0.0003,0.0003,325.0915,,,,,,,,,,,,0.0,0.0,0.0,0.0,0
138.76,-1.1929,-9.4949,325.0915,0.0003,0.0003,325.0915,,,,,,,,,,,,0.0,0.0,0.0,0.0,0
138.78,-1.1929,-9.4949,325.0915,0.0003,0.0003,325.0915,,,,,,,,,,,,0.0,0.0,0.0,0.0,0
138.8,-1.2,-9.5063,325.0892,0.0003,0.0003,325.0892,,,,,,,,,,,,0.0,0.0,0.0,0.0,0
138.82,-1.2,-9.5063,325.0892,0.0003,0.0003,325.0892,,,,,,,,,,,,0.0,0.0,0.0,0.0,0
138.84,-1.2,-9.5063,325.0892,0.0003,0.0003,325.0892,,,,,,,,,,,,0.0,0.0,0.0,0.0,0
138.86,-1.2,-9.5063,325.0892,0.0003,0.0003,325.0892,,,,,,,,,,,,0.0,0.0,0.0,0.0,0
138.88,-1.2,-9.5063,325.0892,0.0003,0.0003,325.0892,,,,,,,,,,,,0.0,0.0,0.0,0.0,0
138.9,-1.2,-9.5063,325.0892,0.0003,0.0003,325.0892,,,,,,,,,,,,0.0,0.0,0.0,0.0,0
138.92,-1.1962,-9.4886,325.1514,0.0003,0.0003,325.1514,,,,,,,,,,,,0.0,0.0,0.0,0.0,0
138.94,-1.1962,-9.4886,325.1514,0.0003,0.0003,325.1514,,,,,,,,,,,,0.0,0.0,0.0,0.0,0
138.96,-1.1962,-9.4886,325.1514,0.0003,0.0003,325.1514,,,,,,,,,,,,0.0,0.0,0.0,0.0,0
138.98,-1.1962,-9.4886,325.1514,0.0003,0.0003,325.1514,,,,,,,,,,,,0.0,0.0,0.0,0.0,0
139.0,-1.0262,-9.5635,325.1876,0.0003,0.0003,325.1876,,,,,,,,,,,,0.0,0.0,0.0,0.0,0
139.02,-1.0262,-9.5635,325.1876,0.0003,0.0003,325.1876,,,,,,,,,,,,0.0,0.0,0.0,0.0,0
139.04,-1.0262,-9.5635,325.1876,0.0003,0.0003,325.1876,,,,,,,,,,,,0.0,0.0,0.0,0.0,0
139.06,-1.0262,-9.5635,325.1876,0.0003,0.0003,325.1876,,,,,,,,,,,,0.0,0.0,0.0,0.0,0
139.08,-1.0262,-9.5635,325.1876,0.0003,0.0003,325.1876,,,,,,,,,,,,0.0,0.0,0.0,0.0,0
139.1,-1.0262,-9.5635,325.1876,0.0003,0.0003,325.1876,,,,,,,,,,,,0.0,0.0,0.0,0.0,0
139.12,-1.0962,-9.6385,325.2465,0.0003,0.0003,325.2465,,,,,,,,,,,,0.0,0.0,0.0,0.0,0
139.14,-1.0962,-9.6385,325.2465,0.0003,0.0003,325.2465,,,,,,,,,,,,0.0,0.0,0.0,0.0,0
139.16,-1.0962,-9.6385,325.2465,0.0003,0.0003,325.2465,,,,,,,,,,,,0.0,0.0,0.0,0.0,0
139.18,-1.0962,-9.6385,325.2465,0.0003,0.0003,325.2465,,,,,,,,,,,,0.0,0.0,0.0,0.0,0
139.2,-1.1264,-9.6327,325.2228,0.0003,0.0003,325.2228,,,,,,,,,,,,0.0,0.0,0.0,0.0,0
139.22,-1.1264,-9.6327,325.2228,0.0003,0.0003,325.2228,,,,,,,,,,,,0.0,0.0,0.0,0.0,0
139.24,-1.1264,-9.6327,325.2228,0.0003,0.0003,325.2228,,,,,,,,,,,,0.0,0.0,0.0,0.0,0
139.26,-1.1264,-9.6327,325.2228,0.0003,0.0003,325.2228,,,,,,,,,,,,0.0,0.0,0.0,0.0,0
139.28,-1.1264,-9.6327,325.2228,0.0003,0.0003,325.2228,,,,,,,,,,,,0.0,0.0,0.0,0.0,0
139.3,-1.1264,-9.6327,325.2228,0.0003,0.0003,325.2228,,,,,,,,,,,,0.0,0.0,0.0,0.0,0
139.32,-1.1322,-9.5607,325.2512,0.0003,0.0003,325.2512,,,,,,,,,,,,0.0,0.0,0.0,0.0,0
139.34,-1.1322,-9.5607,325.2512,0.0003,0.0003,325.2512,,,,,,,,,,,,0.0,0.0,0.0,0.0,0
139.36,-1.1322,-9.5607,325.2512,0.0003,0.0003,325.2512,,,,,,,,,,,,0.0,0.0,0.0,0.0,0
139.38,-1.1322,-9.5607,325.2512,0.0003,0.0003,325.2512,,,,,,,,,,,,0.0,0.0,0.0,0.0,0
139.4,-1.1076,-9.5908,325.2727,0.0003,0.0003,325.2727,,,,,,,,,,,,0.0,0.0,0.0,0.0,0
139.42,-1.1076,-9.5908,325.2727,0.0003,0.0003,325.2727,,,,,,,,,,,,0.0,0.0,0.0,0.0,0
139.44,-1.1076,-9.5908,325.2727,0.0003,0.0003,325.2727,,,,,,,,,,,,0.0,0.0,0.0,0.0,0
139.46,-1.1076,-9.5908,325.2727,0.0003,0.0003,325.2727,,,,,,,,,,,,0.0,0.0,0.0,0.0,0
139.48,-1.1076,-9.5908,325.2727,0.0003,0.0003,325.2727,,,,,,,,,,,,0.0,0.0,0.0,0.0,0
139.5,-1.1076,-9.5908,325.2727,0.0003,0.0003,325.2727,,,,,,,,,,,,0.0,0.0,0.0,0.0,0
139.52,-1.0254,-9.6405,325.2942,0.0003,0.0003,325.2942,,,,,,,,,,,,0.0,0.0,0.0,0.0,0
139.54,-1.0254,-9.6405,325.2942,0.0003,0.0003,325.2942,,,,,,,,,,,,0.0,0.0,0.0,0.0,0
139.56,-1.0254,-9.6405,325.2942,0.0003,0.0003,325.2942,,,,,,,,,,,,0.0,0.0,0.0,0.0,0
139.58,-1.0254,-9.6405,325.2942,0.0003,0.0003,325.2942,,,,,,,,,,,,0.0,0.0,0.0,0.0,0
139.6,-0.8536,-9.6419,325.2343,0.0003,0.0003,325.2343,,,,,,,,,,,,0.0,0.0,0.0,0.0,0
139.62,-0.8536,-9.6419,325.2343,0.0003,0.0003,325.2343,,,,,,,,,,,,0.0,0.0,0.0,0.0,0
139.64,-0.8536,-9.6419,325.2343,0.0003,0.0003,325.2343,,,,,,,,,,,,0.0,0.0,0.0,0.0,0
139.66,-0.8536,-9.6419,325.2343,0.0003,0.0003,325.2343,,,,,,,,,,,,0.0,0.0,0.0,0.0,0
139.68,-0.8536,-9.6419,325.2343,0.0003,0.0003,325.2343,,,,,,,,,,,,0.0,0.0,0.0,0.0,0
139.7,-0.8536,-9.6419,325.2343,0.0003,0.0003,325.2343,,,,,,,,,,,,0.0,0.0,0.0,0.0,0
139.72,-0.9008,-9.8878,325.2736,0.0003,0.0003,325.2736,,,,,,,,,,,,0.0,0.0,0.0,0.0,0
139.74,-0.9008,-9.8878,325.2736,0.0003,0.0003,325.2736,,,,,,,,,,,,0.0,0.0,0.0,0.0,0
139.76,-0.9008,-9.8878,325.2736,0.0003,0.0003,325.2736,,,,,,,,,,,,0.0,0.0,0.0,0.0,0
139.78,-0.9008,-9.8878,325.2736,0.0003,0.0003,325.2736,,,,,,,,,,,,0.0,0.0,0.0,0.0,0
139.8,-1.0062,-10.2088,325.1937,0.0003,0.0003,325.1937,,,,,,,,,,,,0.0,0.0,0.0,0.0,0
139.82,-1.0062,-10.2088,325.1937,0.0003,0.0003,325.1937,,,,,,,,,,,,0.0,0.0,0.0,0.0,0
139.84,-1.0062,-10.2088,325.1937,0.0003,0.0003,325.1937,,,,,,,,,,,,0.0,0.0,0.0,0.0,0
139.86,-1.0062,-10.2088,325.1937,0.0003,0.0003,325.1937,,,,,,,,,,,,0.0,0.0,0.0,0.0,0
139.88,-1.0062,-10.2088,325.1937,0.0003,0.0003,325.1937,,,,,,,,,,,,0.0,0.0,0.0,0.0,0
139.9,-1.0062,-10.2088,325.1937,0.0003,0.0003,325.1937,,,,,,,,,,,,0.0,0.0,0.0,0.0,0
139.92,-1.1277,-11.0842,324.7009,0.0003,0.0003,324.7009,,,,,,,,,,,,0.0,0.0,0.0,0.0,0
139.94,-1.1277,-11.0842,324.7009,0.0003,0.0003,324.7009,,,,,,,,,,,,0.0,0.0,0.0,0.0,0
139.96,-1.1277,-11.0842,324.7009,0.0003,0.0003,324.7009,,,,,,,,,,,,0.0,0.0,0.0,0.0,0
139.98,-1.1277,-11.0842,324.7009,0.0003,0.0003,324.7009,,,,,,,,,,,,0.0,0.0,0.0,0.0,0
140.0,-0.9252,-12.8079,324.3799,0.0003,0.0003,324.3799,,,,,,,,,,,,0.0,0.0,0.0,0.0,0
140.02,-0.9252,-12.8079,324.3799,0.0003,0.0003,324.3799,,,,,,,,,,,,0.0,0.0,0.0,0.0,0
140.04,-0.9252,-12.8079,324.3799,0.0003,0.0003,324.3799,,,,,,,,,,,,0.0,0.0,0.0,0.0,0
140.06,-0.9252,-12.8079,324.3799,0.0003,0.0003,324.3799,,,,,,,,,,,,0.0,0.0,0.0,0.0,0
140.08,-0.9252,-12.8079,324.3799,0.0003,0.0003,324.3799,,,,,,,,,,,,0.0,0.0,0.0,0.0,0
140.1,-0.9252,-12.8079,324.3799,0.0003,0.0003,324.3799,,,,,,,,,,,,0.0,0.0,0.0,0.0,0
140.12,-0.7914,-15.5544,323.8616,0.0003,0.0003,323.8616,,,,,,,,,,,,0.0,0.0,0.0,0.0,0
140.14,-0.7914,-15.5544,323.8616,0.0003,0.0003,323.8616,,,,,,,,,,,,0.0,0.0,0.0,0.0,0
140.16,-0.7914,-15.5544,323.8616,0.0003,0.0003,323.8616,,,,,,,,,,,,0.0,0.0,0.0,0.0,0
140.18,-0.7914,-15.5544,323.8616,0.0003,0.0003,323.8616,,,,,,,,,,,,0.0,0.0,0.0,0.0,0
140.2,-1.5189,-16.8165,323.6585,0.0003,0.0003,323.6585,,,,,,,,,,,,0.0,0.0,0.0,0.0,0
140.22,-1.5189,-16.8165,323.6585,0.0003,0.0003,323.6585,,,,,,,,,,,,0.0,0.0,0.0,0.0,0
140.24,-1.5189,-16.8165,323.6585,0.0003,0.0003,323.6585,,,,,,,,,,,,0.0,0.0,0.0,0.0,0
140.26,-1.5189,-16.8165,323.6585,0.0003,0.0003,323.6585,,,,,,,,,,,,0.0,0.0,0.0,0.0,0
140.28,-1.5189,-16.8165,323.6585,0.0003,0.0003,323.6585,,,,,,,,,,,,0.0,0.0,0.0,0.0,0
140.3,-1.5189,-16.8165,323.6585,0.0003,0.0003,323.6585,,,,,,,,,,,,0.0,0.0,0.0,0.0,0
140.32,-2.5836,-19.684,322.7429,0.0003,0.0003,322.7429,,,,,,,,,,,,0.0,0.0,0.0,0.0,0
140.34,-2.5836,-19.684,322.7429,0.0003,0.0003,322.7429,,,,,,,,,,,,0.0,0.0,0.0,0.0,0
140.36,-2.5836,-19.684,322.7429,0.0003,0.0003,322.7429,,,,,,,,,,,,0.0,0.0,0.0,0.0,0
140.38,-2.5836,-19.684,322.7429,0.0003,0.0003,322.7429,,,,,,,,,,,,0.0,0.0,0.0,0.0,0
140.4,-1.8847,-17.7986,326.1747,0.0003,0.0003,326.1747,,,,,,,,,,,,0.0,0.0,0.0,0.0,0
140.42,-1.8847,-17.7986,326.1747,0.0003,0.0003,326.1747,,,,,,,,,,,,0.0,0.0,0.0,0.0,0
140.44,-1.8847,-17.7986,326.1747,0.0003,0.0003,326.1747,,,,,,,,,,,,0.0,0.0,0.0,0.0,0
140.46,-1.8847,-17.7986,326.1747,0.0003,0.0003,326.1747,,,,,,,,,,,,0.0,0.0,0.0,0.0,0
140.48,-1.8847,-17.7986,326.1747,0.0003,0.0003,326.1747,,,,,,,,,,,,0.0,0.0,0.0,0.0,0
140.5,-1.8847,-17.7986,326.1747,0.0003,0.0003,326.1747,,,,,,,,,,,,0.0,0.0,0.0,0.0,0
140.52,-3.7864,-20.7146,324.9043,0.0003,0.0003,324.9043,,,,,,,,,,,,0.0,0.0,0.0,0.0,0
140.54,-3.7864,-20.7146,324.9043,0.0003,0.0003,324.9043,,,,,,,,,,,,0.0,0.0,0.0,0.0,0
140.56,-3.7864,-20.7146,324.9043,0.0003,0.0003,324.9043,,,,,,,,,,,,0.0,0.0,0.0,0.0,0
140.58,-3.7864,-20.7146,324.9043,0.0003,0.0003,324.9043,,,,,,,,,,,,0.0,0.0,0.0,0.0,0
140.6,-4.9996,-18.8915,326.192,0.0003,0.0003,326.192,,,,,,,,,,,,0.0,0.0,0.0,0.0,0
140.62,-4.9996,-18.8915,326.192,0.0003,0.0003,326.192,,,,,,,,,,,,0.0,0.0,0.0,0.0,0
140.64,-4.9996,-18.8915,326.192,0.0003,0.0003,326.192,,,,,,,,,,,,0.0,0.0,0.0,0.0,0
140.66,-4.9996,-18.8915,326.192,0.0003,0.0003,326.192,,,,,,,,,,,,0.0,0.0,0.0,0.0,0
140.68,-4.9996,-18.8915,326.192,0.0003,0.0003,326.192,,,,,,,,,,,,0.0,0.0,0.0,0.0,0
140.7,-4.9996,-18.8915,326.192,0.0003,0.0003,326.192,,,,,,,,,,,,0.0,0.0,0.0,0.0,0
140.72,-1.1237,-18.3098,326.3925,0.0003,0.0003,326.3925,,,,,,,,,,,,0.0,0.0,0.0,0.0,0
140.74,-1.1237,-18.3098,326.3925,0.0003,0.0003,326.3925,,,,,,,,,,,,0.0,0.0,0.0,0.0,0
140.76,-1.1237,-18.3098,326.3925,0.0003,0.0003,326.3925,,,,,,,,,,,,0.0,0.0,0.0,0.0,0
140.78,-1.1237,-18.3098,326.3925,0.0003,0.0003,326.3925,,,,,,,,,,,,0.0,0.0,0.0,0.0,0
140.8,-5.5384,-22.0642,327.2837,0.0003,0.0003,327.2837,,,,,,,,,,,,0.0,0.0,0.0,0.0,0
140.82,-5.5384,-22.0642,327.2837,0.0003,0.0003,327.2837,,,,,,,,,,,,0.0,0.0,0.0,0.0,0
140.84,-5.5384,-22.0642,327.2837,0.0003,0.0003,327.2837,,,,,,,,,,,,0.0,0.0,0.0,0.0,0
140.86,-5.5384,-22.0642,327.2837,0.0003,0.0003,327.2837,,,,,,,,,,,,0.0,0.0,0.0,0.0,0
140.88,-5.5384,-22.0642,327.2837,0.0003,0.0003,327.2837,,,,,,,,,,,,0.0,0.0,0.0,0.0,0
140.9,-5.5384,-22.0642,327.2837,0.0003,0.0003,327.2837,,,,,,,,,,,,0.0,0.0,0.0,0.0,0
140.92,-6.3872,-24.2449,327.6115,0.0003,0.0003,327.6115,,,,,,,,,,,,0.0,0.0,0.0,0.0,0
140.94,-6.3872,-24.2449,327.6115,0.0003,0.0003,327.6115,,,,,,,,,,,,0.0,0.0,0.0,0.0,0
140.96,-6.3872,-24.2449,327.6115,0.0003,0.0003,327.6115,,,,,,,,,,,,0.0,0.0,0.0,0.0,0
140.98,-6.3872,-24.2449,327.6115,0.0003,0.0003,327.6115,,,,,,,,,,,,0.0,0.0,0.0,0.0,0
141.0,-4.7148,-25.4063,328.4994,0.0003,0.0003,328.4994,,,,,,,,,,,,0.0,0.0,0.0,0.0,0
141.02,-4.7148,-25.4063,328.4994,0.0003,0.0003,328.4994,,,,,,,,,,,,0.0,0.0,0.0,0.0,0
141.04,-4.7148,-25.4063,328.4994,0.0003,0.0003,328.4994,,,,,,,,,,,,0.0,0.0,0.0,0.0,0
141.06,-4.7148,-25.4063,328.4994,0.0003,0.0003,328.4994,,,,,,,,,,,,0.0,0.0,0.0,0.0,0
141.08,-4.7148,-25.4063,328.4994,0.0003,0.0003,328.4994,,,,,,,,,,,,0.0,0.0,0.0,0.0,0
141.1,-4.7148,-25.4063,328.4994,0.0003,0.0003,328.4994,,,,,,,,,,,,0.0,0.0,0.0,0.0,0
141.12,-7.4634,-25.7607,330.5973,0.0003,0.0003,330.5973,,,,,,,,,,,,0.0,0.0,0.0,0.0,0
141.14,-7.4634,-25.7607,330.5973,0.0003,0.0003,330.5973,,,,,,,,,,,,0.0,0.0,0.0,0.0,0
141.16,-7.4634,-25.7607,330.5973,0.0003,0.0003,330.5973,,,,,,,,,,,,0.0,0.0,0.0,0.0,0
141.18,-7.4634,-25.7607,330.5973,0.0003,0.0003,330.5973,,,,,,,,,,,,0.0,0.0,0.0,0.0,0
141.2,-8.4023,-25.8403,330.8705,0.0003,0.0003,330.8705,,,,,,,,,,,,0.0,0.0,0.0,0.0,0
141.22,-8.4023,-25.8403,330.8705,0.0003,0.0003,330.8705,,,,,,,,,,,,0.0,0.0,0.0,0.0,0
141.24,-8.4023,-25.8403,330.8705,0.0003,0.0003,330.8705,,,,,,,,,,,,0.0,0.0,0.0,0.0,0
141.26,-8.4023,-25.8403,330.8705,0.0003,0.0003,330.8705,,,,,,,,,,,,0.0,0.0,0.0,0.0,0
141.28,-8.4023,-25.8403,330.8705,0.0003,0.0003,330.8705,,,,,,,,,,,,0.0,0.0,0.0,0.0,0
141.3,-8.4023,-25.8403,330.8705,0.0003,0.0003,330.8705,,,,,,,,,,,,0.0,0.0,0.0,0.0,0
141.32,-7.6602,-25.9983,331.3107,0.0003,0.0003,331.3107,,,,,,,,,,,,0.0,0.0,0.0,0.0,0
141.34,-7.6602,-25.9983,331.3107,0.0003,0.0003,331.3107,,,,,,,,,,,,0.0,0.0,0.0,0.0,0
141.36,-7.6602,-25.9983,331.3107,0.0003,0.0003,331.3107,,,,,,,,,,,,0.0,0.0,0.0,0.0,0
141.38,-7.6602,-25.9983,331.3107,0.0003,0.0003,331.3107,,,,,,,,,,,,0.0,0.0,0.0,0.0,0
141.4,-7.838,-26.083,331.8701,0.0003,0.0003,331.8701,,,,,,,,,,,,0.0,0.0,0.0,0.0,0
141.42,-7.838,-26.083,331.8701,0.0003,0.0003,331.8701,,,,,,,,,,,,0.0,0.0,0.0,0.0,0
141.44,-7.838,-26.083,331.8701,0.0003,0.0003,331.8701,,,,,,,,,,,,0.0,0.0,0.0,0.0,0
141.46,-7.838,-26.083,331.8701,0.0003,0.0003,331.8701,,,,,,,,,,,,0.0,0.0,0.0,0.0,0
141.48,-7.838,-26.083,331.8701,0.0003,0.0003,331.8701,,,,,,,,,,,,0.0,0.0,0.0,0.0,0
141.5,-7.838,-26.083,331.8701,0.0003,0.0003,331.8701,,,,,,,,,,,,0.0,0.0,0.0,0.0,0
141.52,-7.7048,-26.2629,331.8625,0.0003,0.0003,331.8625,,,,,,,,,,,,0.0,0.0,0.0,0.0,0
141.54,-7.7048,-26.2629,331.8625,0.0003,0.0003,331.8625,,,,,,,,,,,,0.0,0.0,0.0,0.0,0
141.56,-7.7048,-26.2629,331.8625,0.0003,0.0003,331.8625,,,,,,,,,,,,0.0,0.0,0.0,0.0,0
141.58,-7.7048,-26.2629,331.8625,0.0003,0.0003,331.8625,,,,,,,,,,,,0.0,0.0,0.0,0.0,0
141.6,-7.4381,-26.5773,332.2086,0.0003,0.0003,332.2086,,,,,,,,,,,,0.0,0.0,0.0,0.0,0
141.62,-7.4381,-26.5773,332.2086,0.0003,0.0003,332.2086,,,,,,,,,,,,0.0,0.0,0.0,0.0,0
141.64,-7.4381,-26.5773,332.2086,0.0003,0.0003,332.2086,,,,,,,,,,,,0.0,0.0,0.0,0.0,0
141.66,-7.4381,-26.5773,332.2086,0.0003,0.0003,332.2086,,,,,,,,,,,,0.0,0.0,0.0,0.0,0
141.68,-7.4381,-26.5773,332.2086,0.0003,0.0003,332.2086,,,,,,,,,,,,0.0,0.0,0.0,0.0,0
141.7,-7.4381,-26.5773,332.2086,0.0003,0.0003,332.2086,,,,,,,,,,,,0.0,0.0,0.0,0.0,0
141.72,-5.324,-25.7966,331.835,0.0003,0.0003,331.835,,,,,,,,,,,,0.0,0.0,0.0,0.0,0
141.74,-5.324,-25.7966,331.835,0.0003,0.0003,331.835,,,,,,,,,,,,0.0,0.0,0.0,0.0,0
141.76,-5.324,-25.7966,331.835,0.0003,0.0003,331.835,,,,,,,,,,,,0.0,0.0,0.0,0.0,0
141.78,-5.324,-25.7966,331.835,0.0003,0.0003,331.835,,,,,,,,,,,,0.0,0.0,0.0,0.0,0
141.8,-5.4162,-24.2879,332.911,0.0003,0.0003,332.911,,,,,,,,,,,,0.0,0.0,0.0,0.0,0
141.82,-5.4162,-24.2879,332.911,0.0003,0.0003,332.911,,,,,,,,,,,,0.0,0.0,0.0,0.0,0
141.84,-5.4162,-24.2879,332.911,0.0003,0.0003,332.911,,,,,,,,,,,,0.0,0.0,0.0,0.0,0
141.86,-5.4162,-24.2879,332.911,0.0003,0.0003,332.911,,,,,,,,,,,,0.0,0.0,0.0,0.0,0
141.88,-5.4162,-24.2879,332.911,0.0003,0.0003,332.911,,,,,,,,,,,,0.0,0.0,0.0,0.0,0
141.9,-5.4162,-24.2879,332.911,0.0003,0.0003,332.911,,,,,,,,,,,,0.0,0.0,0.0,0.0,0
141.92,-5.3128,-24.2705,332.7999,0.0003,0.0003,332.7999,,,,,,,,,,,,0.0,0.0,0.0,0.0,0
141.94,-5.3128,-24.2705,332.7999,0.0003,0.0003,332.7999,,,,,,,,,,,,0.0,0.0,0.0,0.0,0
141.96,-5.3128,-24.2705,332.7999,0.0003,0.0003,332.7999,,,,,,,,,,,,0.0,0.0,0.0,0.0,0
141.98,-5.3128,-24.2705,332.7999,0.0003,0.0003,332.7999,,,,,,,,,,,,0.0,0.0,0.0,0.0,0
142.0,-5.1912,-24.3024,332.8307,0.0003,0.0003,332.8307,,,,,,,,,,,,0.0,0.0,0.0,0.0,0
142.02,-5.1912,-24.3024,332.8307,0.0003,0.0003,332.8307,,,,,,,,,,,,0.0,0.0,0.0,0.0,0
142.04,-5.1912,-24.3024,332.8307,0.0003,0.0003,332.8307,,,,,,,,,,,,0.0,0.0,0.0,0.0,0
142.06,-5.1912,-24.3024,332.8307,0.0003,0.0003,332.8307,,,,,,,,,,,,0.0,0.0,0.0,0.0,0
142.08,-5.1912,-24.3024,332.8307,0.0003,0.0003,332.8307,,,,,,,,,,,,0.0,0.0,0.0,0.0,0
142.1,-5.1912,-24.3024,332.8307,0.0003,0.0003,332.8307,,,,,,,,,,,,0.0,0.0,0.0,0.0,0
142.12,-4.9545,-24.3806,332.7122,0.0003,0.0003,332.7122,,,,,,,,,,,,0.0,0.0,0.0,0.0,0
142.14,-4.9545,-24.3806,332.7122,0.0003,0.0003,332.7122,,,,,,,,,,,,0.0,0.0,0.0,0.0,0
142.16,-4.9545,-24.3806,332.7122,0.0003,0.0003,332.7122,,,,,,,,,,,,0.0,0.0,0.0,0.0,0
142.18,-4.9545,-24.3806,332.7122,0.0003,0.0003,332.7122,,,,,,,,,,,,0.0,0.0,0.0,0.0,0
142.2,-4.784,-24.4169,332.81,0.0003,0.0003,332.81,,,,,,,,,,,,0.0,0.0,0.0,0.0,0
142.22,-4.784,-24.4169,332.81,0.0003,0.0003,332.81,,,,,,,,,,,,0.0,0.0,0.0,0.0,0
142.24,-4.784,-24.4169,332.81,0.0003,0.0003,332.81,,,,,,,,,,,,0.0,0.0,0.0,0.0,0
142.26,-4.784,-24.4169,332.81,0.0003,0.0003,332.81,,,,,,,,,,,,0.0,0.0,0.0,0.0,0
142.28,-4.784,-24.4169,332.81,0.0003,0.0003,332.81,,,,,,,,,,,,0.0,0.0,0.0,0.0,0
142.3,-4.784,-24.4169,332.81,0.0003,0.0003,332.81,,,,,,,,,,,,0.0,0.0,0.0,0.0,0
142.32,-4.7023,-24.4193,332.7383,0.0003,0.0003,332.7383,,,,,,,,,,,,0.0,0.0,0.0,0.0,0
142.34,-4.7023,-24.4193,332.7383,0.0003,0.0003,332.7383,,,,,,,,,,,,0.0,0.0,0.0,0.0,0
142.36,-4.7023,-24.4193,332.7383,0.0003,0.0003,332.7383,,,,,,,,,,,,0.0,0.0,0.0,0.0,0
142.38,-4.7023,-24.4193,332.7383,0.0003,0.0003,332.7383,,,,,,,,,,,,0.0,0.0,0.0,0.0,0
142.4,-4.7093,-24.4045,332.6146,0.0003,0.0003,332.6146,,,,,,,,,,,,0.0,0.0,0.0,0.0,0
142.42,-4.7093,-24.4045,332.6146,0.0003,0.0003,332.6146,,,,,,,,,,,,0.0,0.0,0.0,0.0,0
142.44,-4.7093,-24.4045,332.6146,0.0003,0.0003,332.6146,,,,,,,,,,,,0.0,0.0,0.0,0.0,0
142.46,-4.7093,-24.4045,332.6146,0.0003,0.0003,332.6146,,,,,,,,,,,,0.0,0.0,0.0,0.0,0
142.48,-4.7093,-24.4045,332.6146,0.0003,0.0003,332.6146,,,,,,,,,,,,0.0,0.0,0.0,0.0,0
142.5,-4.7093,-24.4045,332.6146,0.0003,0.0003,332.6146,,,,,,,,,,,,0.0,0.0,0.0,0.0,0
142.52,-4.7152,-24.4001,332.511,0.0003,0.0003,332.511,,,,,,,,,,,,0.0,0.0,0.0,0.0,0
142.54,-4.7152,-24.4001,332.511,0.0003,0.0003,332.511,,,,,,,,,,,,0.0,0.0,0.0,0.0,0
142.56,-4.7152,-24.4001,332.511,0.0003,0.0003,332.511,,,,,,,,,,,,0.0,0.0,0.0,0.0,0
142.58,-4.7152,-24.4001,332.511,0.0003,0.0003,332.511,,,,,,,,,,,,0.0,0.0,0.0,0.0,0
142.6,-4.704,-24.4128,332.3755,0.0003,0.0003,332.3755,,,,,,,,,,,,0.0,0.0,0.0,0.0,0
142.62,-4.704,-24.4128,332.3755,0.0003,0.0003,332.3755,,,,,,,,,,,,0.0,0.0,0.0,0.0,0
142.64,-4.704,-24.4128,332.3755,0.0003,0.0003,332.3755,,,,,,,,,,,,0.0,0.0,0.0,0.0,0
142.66,-4.704,-24.4128,332.3755,0.0003,0.0003,332.3755,,,,,,,,,,,,0.0,0.0,0.0,0.0,0
142.68,-4.704,-24.4128,332.3755,0.0003,0.0003,332.3755,,,,,,,,,,,,0.0,0.0,0.0,0.0,0
142.7,-4.704,-24.4128,332.3755,0.0003,0.0003,332.3755,,,,,,,,,,,,0.0,0.0,0.0,0.0,0
142.72,-4.54,-24.4375,332.3212,0.0003,0.0003,332.3212,,,,,,,,,,,,0.0,0.0,0.0,0.0,0
142.74,-4.54,-24.4375,332.3212,0.0003,0.0003,332.3212,,,,,,,,,,,,0.0,0.0,0.0,0.0,0
142.76,-4.54,-24.4375,332.3212,0.0003,0.0003,332.3212,,,,,,,,,,,,0.0,0.0,0.0,0.0,0
142.78,-4.54,-24.4375,332.3212,0.0003,0.0003,332.3212,,,,,,,,,,,,0.0,0.0,0.0,0.0,0
142.8,-4.4499,-24.4864,332.21,0.0003,0.0003,332.21,,,,,,,,,,,,0.0,0.0,0.0,0.0,0
142.82,-4.4499,-24.4864,332.21,0.0003,0.0003,332.21,,,,,,,,,,,,0.0,0.0,0.0,0.0,0
142.84,-4.4499,-24.4864,332.21,0.0003,0.0003,332.21,,,,,,,,,,,,0.0,0.0,0.0,0.0,0
142.86,-4.4499,-24.4864,332.21,0.0003,0.0003,332.21,,,,,,,,,,,,0.0,0.0,0.0,0.0,0
142.88,-4.4499,-24.4864,332.21,0.0003,0.0003,332.21,,,,,,,,,,,,0.0,0.0,0.0,0.0,0
142.9,-4.4499,-24.4864,332.21,0.0003,0.0003,332.21,,,,,,,,,,,,0.0,0.0,0.0,0.0,0
142.92,-4.4393,-24.4947,332.1819,0.0003,0.0003,332.1819,,,,,,,,,,,,0.0,0.0,0.0,0.0,0
142.94,-4.4393,-24.4947,332.1819,0.0003,0.0003,332.1819,,,,,,,,,,,,0.0,0.0,0.0,0.0,0
142.96,-4.4393,-24.4947,332.1819,0.0003,0.0003,332.1819,,,,,,,,,,,,0.0,0.0,0.0,0.0,0
142.98,-4.4393,-24.4947,332.1819,0.0003,0.0003,332.1819,,,,,,,,,,,,0.0,0.0,0.0,0.0,0
143.0,-4.4396,-24.493,332.129,0.0003,0.0003,332.129,,,,,,,,,,,,0.0,0.0,0.0,0.0,0
143.02,-4.4396,-24.493,332.129,0.0003,0.0003,332.129,,,,,,,,,,,,0.0,0.0,0.0,0.0,0
143.04,-4.4396,-24.493,332.129,0.0003,0.0003,332.129,,,,,,,,,,,,0.0,0.0,0.0,0.0,0
143.06,-4.4396,-24.493,332.129,0.0003,0.0003,332.129,,,,,,,,,,,,0.0,0.0,0.0,0.0,0
143.08,-4.4396,-24.493,332.129,0.0003,0.0003,332.129,,,,,,,,,,,,0.0,0.0,0.0,0.0,0
143.1,-4.4396,-24.493,332.129,0.0003,0.0003,332.129,,,,,,,,,,,,0.0,0.0,0.0,0.0,0
143.12,-4.3928,-24.4954,331.9146,0.0003,0.0003,331.9146,,,,,,,,,,,,0.0,0.0,0.0,0.0,0
143.14,-4.3928,-24.4954,331.9146,0.0003,0.0003,331.9146,,,,,,,,,,,,0.0,0.0,0.0,0.0,0
143.16,-4.3928,-24.4954,331.9146,0.0003,0.0003,331.9146,,,,,,,,,,,,0.0,0.0,0.0,0.0,0
143.18,-4.3928,-24.4954,331.9146,0.0003,0.0003,331.9146,,,,,,,,,,,,0.0,0.0,0.0,0.0,0
143.2,-4.3983,-24.4954,331.8459,0.0003,0.0003,331.8459,,,,,,,,,,,,0.0,0.0,0.0,0.0,0
143.22,-4.3983,-24.4954,331.8459,0.0003,0.0003,331.8459,,,,,,,,,,,,0.0,0.0,0.0,0.0,0
143.24,-4.3983,-24.4954,331.8459,0.0003,0.0003,331.8459,,,,,,,,,,,,0.0,0.0,0.0,0.0,0
143.26,-4.3983,-24.4954,331.8459,0.0003,0.0003,331.8459,,,,,,,,,,,,0.0,0.0,0.0,0.0,0
143.28,-4.3983,-24.4954,331.8459,0.0003,0.0003,331.8459,,,,,,,,,,,,0.0,0.0,0.0,0.0,0
143.3,-4.3983,-24.4954,331.8459,0.0003,0.0003,331.8459,,,,,,,,,,,,0.0,0.0,0.0,0.0,0
143.32,-4.4078,-24.4968,331.813,0.0003,0.0003,331.813,,,,,,,,,,,,0.0,0.0,0.0,0.0,0
143.34,-4.4078,-24.4968,331.813,0.0003,0.0003,331.813,,,,,,,,,,,,0.0,0.0,0.0,0.0,0
143.36,-4.4078,-24.4968,331.813,0.0003,0.0003,331.813,,,,,,,,,,,,0.0,0.0,0.0,0.0,0
143.38,-4.4078,-24.4968,331.813,0.0003,0.0003,331.813,,,,,,,,,,,,0.0,0.0,0.0,0.0,0
143.4,-4.3751,-24.5005,331.678,0.0003,0.0003,331.678,,,,,,,,,,,,0.0,0.0,0.0,0.0,0
143.42,-4.3751,-24.5005,331.678,0.0003,0.0003,331.678,,,,,,,,,,,,0.0,0.0,0.0,0.0,0
143.44,-4.3751,-24.5005,331.678,0.0003,0.0003,331.678,,,,,,,,,,,,0.0,0.0,0.0,0.0,0
143.46,-4.3751,-24.5005,331.678,0.0003,0.0003,331.678,,,,,,,,,,,,0.0,0.0,0.0,0.0,0
143.48,-4.3751,-24.5005,331.678,0.0003,0.0003,331.678,,,,,,,,,,,,0.0,0.0,0.0,0.0,0
143.5,-4.3751,-24.5005,331.678,0.0003,0.0003,331.678,,,,,,,,,,,,0.0,0.0,0.0,0.0,0
143.52,-4.3633,-24.4973,331.5596,0.0003,0.0003,331.5596,,,,,,,,,,,,0.0,0.0,0.0,0.0,0
143.54,-4.3633,-24.4973,331.5596,0.0003,0.0003,331.5596,,,,,,,,,,,,0.0,0.0,0.0,0.0,0
143.56,-4.3633,-24.4973,331.5596,0.0003,0.0003,331.5596,,,,,,,,,,,,0.0,0.0,0.0,0.0,0
143.58,-4.3633,-24.4973,331.5596,0.0003,0.0003,331.5596,,,,,,,,,,,,0.0,0.0,0.0,0.0,0
143.6,-4.333,-24.5041,331.4637,0.0003,0.0003,331.4637,,,,,,,,,,,,0.0,0.0,0.0,0.0,0
143.62,-4.333,-24.5041,331.4637,0.0003,0.0003,331.4637,,,,,,,,,,,,0.0,0.0,0.0,0.0,0
143.64,-4.333,-24.5041,331.4637,0.0003,0.0003,331.4637,,,,,,,,,,,,0.0,0.0,0.0,0.0,0
143.66,-4.333,-24.5041,331.4637,0.0003,0.0003,331.4637,,,,,,,,,,,,0.0,0.0,0.0,0.0,0
143.68,-4.333,-24.5041,331.4637,0.0003,0.0003,331.4637,,,,,,,,,,,,0.0,0.0,0.0,0.0,0
143.7,-4.333,-24.5041,331.4637,0.0003,0.0003,331.4637,,,,,,,,,,,,0.0,0.0,0.0,0.0,0
143.72,-4.3081,-24.5051,331.3294,0.0003,0.0003,331.3294,,,,,,,,,,,,0.0,0.0,0.0,0.0,0
143.74,-4.3081,-24.5051,331.3294,0.0003,0.0003,331.3294,,,,,,,,,,,,0.0,0.0,0.0,0.0,0
143.76,-4.3081,-24.5051,331.3294,0.0003,0.0003,331.3294,,,,,,,,,,,,0.0,0.0,0.0,0.0,0
143.78,-4.3081,-24.5051,331.3294,0.0003,0.0003,331.3294,,,,,,,,,,,,0.0,0.0,0.0,0.0,0
143.8,-4.2273,-24.5201,331.2665,0.0003,0.0003,331.2665,,,,,,,,,,,,0.0,0.0,0.0,0.0,0
143.82,-4.2273,-24.5201,331.2665,0.0003,0.0003,331.2665,,,,,,,,,,,,0.0,0.0,0.0,0.0,0
143.84,-4.2273,-24.5201,331.2665,0.0003,0.0003,331.2665,,,,,,,,,,,,0.0,0.0,0.0,0.0,0
143.86,-4.2273,-24.5201,331.2665,0.0003,0.0003,331.2665,,,,,,,,,,,,0.0,0.0,0.0,0.0,0
143.88,-4.2273,-24.5201,331.2665,0.0003,0.0003,331.2665,,,,,,,,,,,,0.0,0.0,0.0,0.0,0
143.9,-4.2273,-24.5201,331.2665,0.0003,0.0003,331.2665,,,,,,,,,,,,0.0,0.0,0.0,0.0,0
143.92,-4.2428,-24.5148,331.2079,0.0003,0.0003,331.2079,,,,,,,,,,,,0.0,0.0,0.0,0.0,0
143.94,-4.2428,-24.5148,331.2079,0.0003,0.0003,331.2079,,,,,,,,,,,,0.0,0.0,0.0,0.0,0
143.96,-4.2428,-24.5148,331.2079,0.0003,0.0003,331.2079,,,,,,,,,,,,0.0,0.0,0.0,0.0,0
143.98,-4.2428,-24.5148,331.2079,0.0003,0.0003,331.2079,,,,,,,,,,,,0.0,0.0,0.0,0.0,0
144.0,-4.2626,-24.5239,331.0845,0.0003,0.0003,331.0845,,,,,,,,,,,,0.0,0.0,0.0,0.0,0
144.02,-4.2626,-24.5239,331.0845,0.0003,0.0003,331.0845,,,,,,,,,,,,0.0,0.0,0.0,0.0,0
144.04,-4.2626,-24.5239,331.0845,0.0003,0.0003,331.0845,,,,,,,,,,,,0.0,0.0,0.0,0.0,0
144.06,-4.2626,-24.5239,331.0845,0.0003,0.0003,331.0845,,,,,,,,,,,,0.0,0.0,0.0,0.0,0
144.08,-4.2626,-24.5239,331.0845,0.0003,0.0003,331.0845,,,,,,,,,,,,0.0,0.0,0.0,0.0,0
144.1,-4.2626,-24.5239,331.0845,0.0003,0.0003,331.0845,,,,,,,,,,,,0.0,0.0,0.0,0.0,0
144.12,-4.2569,-24.5343,330.9419,0.0003,0.0003,330.9419,,,,,,,,,,,,0.0,0.0,0.0,0.0,0
144.14,-4.2569,-24.5343,330.9419,0.0003,0.0003,330.9419,,,,,,,,,,,,0.0,0.0,0.0,0.0,0
144.16,-4.2569,-24.5343,330.9419,0.0003,0.0003,330.9419,,,,,,,,,,,,0.0,0.0,0.0,0.0,0
144.18,-4.2569,-24.5343,330.9419,0.0003,0.0003,330.9419,,,,,,,,,,,,0.0,0.0,0.0,0.0,0
144.2,-4.4785,-24.5493,330.8234,0.0003,0.0003,330.8234,,,,,,,,,,,,0.0,0.0,0.0,0.0,0
144.22,-4.4785,-24.5493,330.8234,0.0003,0.0003,330.8234,,,,,,,,,,,,0.0,0.0,0.0,0.0,0
144.24,-4.4785,-24.5493,330.8234,0.0003,0.0003,330.8234,,,,,,,,,,,,0.0,0.0,0.0,0.0,0
144.26,-4.4785,-24.5493,330.8234,0.0003,0.0003,330.8234,,,,,,,,,,,,0.0,0.0,0.0,0.0,0
144.28,-4.4785,-24.5493,330.8234,0.0003,0.0003,330.8234,,,,,,,,,,,,0.0,0.0,0.0,0.0,0
144.3,-4.4785,-24.5493,330.8234,0.0003,0.0003,330.8234,,,,,,,,,,,,0.0,0.0,0.0,0.0,0
144.32,-4.4407,-24.5511,330.7798,0.0003,0.0003,330.7798,,,,,,,,,,,,0.0,0.0,0.0,0.0,0
144.34,-4.4407,-24.5511,330.7798,0.0003,0.0003,330.7798,,,,,,,,,,,,0.0,0.0,0.0,0.0,0
144.36,-4.4407,-24.5511,330.7798,0.0003,0.0003,330.7798,,,,,,,,,,,,0.0,0.0,0.0,0.0,0
144.38,-4.4407,-24.5511,330.7798,0.0003,0.0003,330.7798,,,,,,,,,,,,0.0,0.0,0.0,0.0,0
144.4,-4.3993,-24.5461,330.6836,0.0003,0.0003,330.6836,,,,,,,,,,,,0.0,0.0,0.0,0.0,0
144.42,-4.3993,-24.5461,330.6836,0.0003,0.0003,330.6836,,,,,,,,,,,,0.0,0.0,0.0,0.0,0
144.44,-4.3993,-24.5461,330.6836,0.0003,0.0003,330.6836,,,,,,,,,,,,0.0,0.0,0.0,0.0,0
144.46,-4.3993,-24.5461,330.6836,0.0003,0.0003,330.6836,,,,,,,,,,,,0.0,0.0,0.0,0.0,0
144.48,-4.3993,-24.5461,330.6836,0.0003,0.0003,330.6836,,,,,,,,,,,,0.0,0.0,0.0,0.0,0
144.5,-4.3993,-24.5461,330.6836,0.0003,0.0003,330.6836,,,,,,,,,,,,0.0,0.0,0.0,0.0,0
144.52,-4.3657,-24.5547,330.5909,0.0003,0.0003,330.5909,,,,,,,,,,,,0.0,0.0,0.0,0.0,0
144.54,-4.3657,-24.5547,330.5909,0.0003,0.0003,330.5909,,,,,,,,,,,,0.0,0.0,0.0,0.0,0
144.56,-4.3657,-24.5547,330.5909,0.0003,0.0003,330.5909,,,,,,,,,,,,0.0,0.0,0.0,0.0,0
144.58,-4.3657,-24.5547,330.5909,0.0003,0.0003,330.5909,,,,,,,,,,,,0.0,0.0,0.0,0.0,0
144.6,-4.3348,-24.6088,330.5344,0.0003,0.0003,330.5344,,,,,,,,,,,,0.0,0.0,0.0,0.0,0
144.62,-4.3348,-24.6088,330.5344,0.0003,0.0003,330.5344,,,,,,,,,,,,0.0,0.0,0.0,0.0,0
144.64,-4.3348,-24.6088,330.5344,0.0003,0.0003,330.5344,,,,,,,,,,,,0.0,0.0,0.0,0.0,0
144.66,-4.3348,-24.6088,330.5344,0.0003,0.0003,330.5344,,,,,,,,,,,,0.0,0.0,0.0,0.0,0
144.68,-4.3348,-24.6088,330.5344,0.0003,0.0003,330.5344,,,,,,,,,,,,0.0,0.0,0.0,0.0,0
144.7,-4.3348,-24.6088,330.5344,0.0003,0.0003,330.5344,,,,,,,,,,,,0.0,0.0,0.0,0.0,0
144.72,-4.3068,-24.5556,330.4886,0.0003,0.0003,330.4886,,,,,,,,,,,,0.0,0.0,0.0,0.0,0
144.74,-4.3068,-24.5556,330.4886,0.0003,0.0003,330.4886,,,,,,,,,,,,0.0,0.0,0.0,0.0,0
144.76,-4.3068,-24.5556,330.4886,0.0003,0.0003,330.4886,,,,,,,,,,,,0.0,0.0,0.0,0.0,0
144.78,-4.3068,-24.5556,330.4886,0.0003,0.0003,330.4886,,,,,,,,,,,,0.0,0.0,0.0,0.0,0
144.8,-4.1974,-24.5694,330.2807,0.0003,0.0003,330.2807,,,,,,,,,,,,0.0,0.0,0.0,0.0,0
144.82,-4.1974,-24.5694,330.2807,0.0003,0.0003,330.2807,,,,,,,,,,,,0.0,0.0,0.0,0.0,0
144.84,-4.1974,-24.5694,330.2807,0.0003,0.0003,330.2807,,,,,,,,,,,,0.0,0.0,0.0,0.0,0
144.86,-4.1974,-24.5694,330.2807,0.0003,0.0003,330.2807,,,,,,,,,,,,0.0,0.0,0.0,0.0,0
144.88,-4.1974,-24.5694,330.2807,0.0003,0.0003,330.2807,,,,,,,,,,,,0.0,0.0,0.0,0.0,0
144.9,-4.1974,-24.5694,330.2807,0.0003,0.0003,330.2807,,,,,,,,,,,,0.0,0.0,0.0,0.0,0
144.92,-4.1179,-24.5904,330.1303,0.0003,0.0003,330.1303,,,,,,,,,,,,0.0,0.0,0.0,0.0,0
144.94,-4.1179,-24.5904,330.1303,0.0003,0.0003,330.1303,,,,,,,,,,,,0.0,0.0,0.0,0.0,0
144.96,-4.1179,-24.5904,330.1303,0.0003,0.0003,330.1303,,,,,,,,,,,,0.0,0.0,0.0,0.0,0
144.98,-4.1179,-24.5904,330.1303,0.0003,0.0003,330.1303,,,,,,,,,,,,0.0,0.0,0.0,0.0,0
145.0,-4.0738,-24.5663,330.1527,0.0003,0.0003,330.1527,,,,,,,,,,,,0.0,0.0,0.0,0.0,0
145.02,-4.0738,-24.5663,330.1527,0.0003,0.0003,330.1527,,,,,,,,,,,,0.0,0.0,0.0,0.0,0
145.04,-4.0738,-24.5663,330.1527,0.0003,0.0003,330.1527,,,,,,,,,,,,0.0,0.0,0.0,0.0,0
145.06,-4.0738,-24.5663,330.1527,0.0003,0.0003,330.1527,,,,,,,,,,,,0.0,0.0,0.0,0.0,0
145.08,-4.0738,-24.5663,330.1527,0.0003,0.0003,330.1527,,,,,,,,,,,,0.0,0.0,0.0,0.0,0
145.1,-4.0738,-24.5663,330.1527,0.0003,0.0003,330.1527,,,,,,,,,,,,0.0,0.0,0.0,0.0,0
145.12,-4.0436,-24.567,330.0352,0.0003,0.0003,330.0352,,,,,,,,,,,,0.0,0.0,0.0,0.0,0
145.14,-4.0436,-24.567,330.0352,0.0003,0.0003,330.0352,,,,,,,,,,,,0.0,0.0,0.0,0.0,0
145.16,-4.0436,-24.567,330.0352,0.0003,0.0003,330.0352,,,,,,,,,,,,0.0,0.0,0.0,0.0,0
145.18,-4.0436,-24.567,330.0352,0.0003,0.0003,330.0352,,,,,,,,,,,,0.0,0.0,0.0,0.0,0
145.2,-4.0633,-24.5443,329.9622,0.0003,0.0003,329.9622,,,,,,,,,,,,0.0,0.0,0.0,0.0,0
145.22,-4.0633,-24.5443,329.9622,0.0003,0.0003,329.9622,,,,,,,,,,,,0.0,0.0,0.0,0.0,0
145.24,-4.0633,-24.5443,329.9622,0.0003,0.0003,329.9622,,,,,,,,,,,,0.0,0.0,0.0,0.0,0
145.26,-4.0633,-24.5443,329.9622,0.0003,0.0003,329.9622,,,,,,,,,,,,0.0,0.0,0.0,0.0,0
145.28,-4.0633,-24.5443,329.9622,0.0003,0.0003,329.9622,,,,,,,,,,,,0.0,0.0,0.0,0.0,0
145.3,-4.0633,-24.5443,329.9622,0.0003,0.0003,329.9622,,,,,,,,,,,,0.0,0.0,0.0,0.0,0
145.32,-4.0633,-24.5443,329.9622,0.0003,0.0003,329.9622,,,,,,,,,,,,0.0,0.0,0.0,0.0,0
145.34,-4.0633,-24.5443,329.9622,0.0003,0.0003,329.9622,,,,,,,,,,,,0.0,0.0,0.0,0.0,0
145.36,-4.0633,-24.5443,329.9622,0.0003,0.0003,329.9622,,,,,,,,,,,,0.0,0.0,0.0,0.0,0
145.38,-4.0633,-24.5443,329.9622,0.0003,0.0003,329.9622,,,,,,,,,,,,0.0,0.0,0.0,0.0,0
145.4,-4.0633,-24.5443,329.9622,0.0003,0.0003,329.9622,,,,,,,,,,,,0.0,0.0,0.0,0.0,0
145.42,-4.0633,-24.5443,329.9622,0.0003,0.0003,329.9622,,,,,,,,,,,,0.0,0.0,0.0,0.0,0
145.44,-4.0633,-24.5443,329.9622,0.0003,0.0003,329.9622,,,,,,,,,,,,0.0,0.0,0.0,0.0,0
145.46,-4.0633,-24.5443,329.9622,0.0003,0.0003,329.9622,,,,,,,,,,,,0.0,0.0,0.0,0.0,0
145.48,-4.0633,-24.5443,329.9622,0.0003,0.0003,329.9622,,,,,,,,,,,,0.0,0.0,0.0,0.0,0
145.5,-4.0633,-24.5443,329.9622,0.0003,0.0003,329.9622,,,,,,,,,,,,0.0,0.0,0.0,0.0,0
145.52,-4.0633,-24.5443,329.9622,0.0003,0.0003,329.9622,,,,,,,,,,,,0.0,0.0,0.0,0.0,0
145.54,-4.0633,-24.5443,329.9622,0.0003,0.0003,329.9622,,,,,,,,,,,,0.0,0.0,0.0,0.0,0
145.56,-4.0633,-24.5443,329.9622,0.0003,0.0003,329.9622,,,,,,,,,,,,0.0,0.0,0.0,0.0,0
145.58,-4.0633,-24.5443,329.9622,0.0003,0.0003,329.9622,,,,,,,,,,,,0.0,0.0,0.0,0.0,0
145.6,-4.0633,-24.5443,329.9622,0.0003,0.0003,329.9622,,,,,,,,,,,,0.0,0.0,0.0,0.0,0
145.62,-4.0633,-24.5443,329.9622,0.0003,0.0003,329.9622,,,,,,,,,,,,0.0,0.0,0.0,0.0,0
145.64,-4.0633,-24.5443,329.9622,0.0003,0.0003,329.9622,,,,,,,,,,,,0.0,0.0,0.0,0.0,0
145.66,-4.0633,-24.5443,329.9622,0.0003,0.0003,329.9622,,,,,,,,,,,,0.0,0.0,0.0,0.0,0
145.68,-4.0633,-24.5443,329.9622,0.0003,0.0003,329.9622,,,,,,,,,,,,0.0,0.0,0.0,0.0,0
145.7,-4.0633,-24.5443,329.9622,0.0003,0.0003,329.9622,,,,,,,,,,,,0.0,0.0,0.0,0.0,0
145.72,-4.0633,-24.5443,329.9622,0.0003,0.0003,329.9622,,,,,,,,,,,,0.0,0.0,0.0,0.0,0
145.74,-4.0633,-24.5443,329.9622,0.0003,0.0003,329.9622,,,,,,,,,,,,0.0,0.0,0.0,0.0,0
145.76,-4.0633,-24.5443,329.9622,0.0003,0.0003,329.9622,,,,,,,,,,,,0.0,0.0,0.0,0.0,0
145.78,-4.0633,-24.5443,329.9622,0.0003,0.0003,329.9622,,,,,,,,,,,,0.0,0.0,0.0,0.0,0
145.8,-4.0633,-24.5443,329.9622,0.0003,0.0003,329.9622,,,,,,,,,,,,0.0,0.0,0.0,0.0,0
145.82,-4.0633,-24.5443,329.9622,0.0003,0.0003,329.9622,,,,,,,,,,,,0.0,0.0,0.0,0.0,0
145.84,-4.0633,-24.5443,329.9622,0.0003,0.0003,329.9622,,,,,,,,,,,,0.0,0.0,0.0,0.0,0
145.86,-4.0633,-24.5443,329.9622,0.0003,0.0003,329.9622,,,,,,,,,,,,0.0,0.0,0.0,0.0,0
145.88,-4.0633,-24.5443,329.9622,0.0003,0.0003,329.9622,,,,,,,,,,,,0.0,0.0,0.0,0.0,0
145.9,-4.0633,-24.5443,329.9622,0.0003,0.0003,329.9622,,,,,,,,,,,,0.0,0.0,0.0,0.0,0
145.92,-4.0633,-24.5443,329.9622,0.0003,0.0003,329.9622,,,,,,,,,,,,0.0,0.0,0.0,0.0,0
145.94,-4.0633,-24.5443,329.9622,0.0003,0.0003,329.9622,,,,,,,,,,,,0.0,0.0,0.0,0.0,0
145.96,-4.0633,-24.5443,329.9622,0.0003,0.0003,329.9622,,,,,,,,,,,,0.0,0.0,0.0,0.0,0
145.98,-4.0633,-24.5443,329.9622,0.0003,0.0003,329.9622,,,,,,,,,,,,0.0,0.0,0.0,0.0,0
146.0,-4.0633,-24.5443,329.9622,0.0003,0.0003,329.9622,,,,,,,,,,,,0.0,0.0,0.0,0.0,0
146.02,-4.0633,-24.5443,329.9622,0.0003,0.0003,329.9622,,,,,,,,,,,,0.0,0.0,0.0,0.0,0
146.04,-4.0633,-24.5443,329.9622,0.0003,0.0003,329.9622,,,,,,,,,,,,0.0,0.0,0.0,0.0,0
146.06,-4.0633,-24.5443,329.9622,0.0003,0.0003,329.9622,,,,,,,,,,,,0.0,0.0,0.0,0.0,0
146.08,-4.0633,-24.5443,329.9622,0.0003,0.0003,329.9622,,,,,,,,,,,,0.0,0.0,0.0,0.0,0
146.1,-4.0633,-24.5443,329.9622,0.0003,0.0003,329.9622,,,,,,,,,,,,0.0,0.0,0.0,0.0,0
146.12,-4.0633,-24.5443,329.9622,0.0003,0.0003,329.9622,,,,,,,,,,,,0.0,0.0,0.0,0.0,0
146.14,-4.0633,-24.5443,329.9622,0.0003,0.0003,329.9622,,,,,,,,,,,,0.0,0.0,0.0,0.0,0
146.16,-4.0633,-24.5443,329.9622,0.0003,0.0003,329.9622,,,,,,,,,,,,0.0,0.0,0.0,0.0,0
146.18,-4.0633,-24.5443,329.9622,0.0003,0.0003,329.9622,,,,,,,,,,,,0.0,0.0,0.0,0.0,0
146.2,-4.0633,-24.5443,329.9622,0.0003,0.0003,329.9622,,,,,,,,,,,,0.0,0.0,0.0,0.0,0
146.22,-4.0633,-24.5443,329.9622,0.0003,0.0003,329.9622,,,,,,,,,,,,0.0,0.0,0.0,0.0,0
146.24,-4.0633,-24.5443,329.9622,0.0003,0.0003,329.9622,,,,,,,,,,,,0.0,0.0,0.0,0.0,0
146.26,-4.0633,-24.5443,329.9622,0.0003,0.0003,329.9622,,,,,,,,,,,,0.0,0.0,0.0,0.0,0
146.28,-4.0633,-24.5443,329.9622,0.0003,0.0003,329.9622,,,,,,,,,,,,0.0,0.0,0.0,0.0,0
146.3,-4.0633,-24.5443,329.9622,0.0003,0.0003,329.9622,,,,,,,,,,,,0.0,0.0,0.0,0.0,0
146.32,-4.0633,-24.5443,329.9622,0.0003,0.0003,329.9622,,,,,,,,,,,,0.0,0.0,0.0,0.0,0
146.34,-4.0633,-24.5443,329.9622,0.0003,0.0003,329.9622,,,,,,,,,,,,0.0,0.0,0.0,0.0,0
146.36,-4.0633,-24.5443,329.9622,0.0003,0.0003,329.9622,,,,,,,,,,,,0.0,0.0,0.0,0.0,0
146.38,-4.0633,-24.5443,329.9622,0.0003,0.0003,329.9622,,,,,,,,,,,,0.0,0.0,0.0,0.0,0
146.4,-4.0633,-24.5443,329.9622,0.0003,0.0003,329.9622,,,,,,,,,,,,0.0,0.0,0.0,0.0,0
146.42,-4.0633,-24.5443,329.9622,0.0003,0.0003,329.9622,,,,,,,,,,,,0.0,0.0,0.0,0.0,0
146.44,-4.0633,-24.5443,329.9622,0.0003,0.0003,329.9622,,,,,,,,,,,,0.0,0.0,0.0,0.0,0
146.46,-4.0633,-24.5443,329.9622,0.0003,0.0003,329.9622,,,,,,,,,,,,0.0,0.0,0.0,0.0,0
146.48,-4.0633,-24.5443,329.9622,0.0003,0.0003,329.9622,,,,,,,,,,,,0.0,0.0,0.0,0.0,0
146.5,-4.0633,-24.5443,329.9622,0.0003,0.0003,329.9622,,,,,,,,,,,,0.0,0.0,0.0,0.0,0
146.52,-4.0633,-24.5443,329.9622,0.0003,0.0003,329.9622,,,,,,,,,,,,0.0,0.0,0.0,0.0,0
146.54,-4.0633,-24.5443,329.9622,0.0003,0.0003,329.9622,,,,,,,,,,,,0.0,0.0,0.0,0.0,0
146.56,-4.0633,-24.5443,329.9622,0.0003,0.0003,329.9622,,,,,,,,,,,,0.0,0.0,0.0,0.0,0
146.58,-4.0633,-24.5443,329.9622,0.0003,0.0003,329.9622,,,,,,,,,,,,0.0,0.0,0.0,0.0,0
146.6,-4.0633,-24.5443,329.9622,0.0003,0.0003,329.9622,,,,,,,,,,,,0.0,0.0,0.0,0.0,0
146.62,-4.0633,-24.5443,329.9622,0.0003,0.0003,329.9622,,,,,,,,,,,,0.0,0.0,0.0,0.0,0
146.64,-4.0633,-24.5443,329.9622,0.0003,0.0003,329.9622,,,,,,,,,,,,0.0,0.0,0.0,0.0,0
146.66,-4.0633,-24.5443,329.9622,0.0003,0.0003,329.9622,,,,,,,,,,,,0.0,0.0,0.0,0.0,0
146.68,-4.0633,-24.5443,329.9622,0.0003,0.0003,329.9622,,,,,,,,,,,,0.0,0.0,0.0,0.0,0
146.7,-4.0633,-24.5443,329.9622,0.0003,0.0003,329.9622,,,,,,,,,,,,0.0,0.0,0.0,0.0,0
146.72,-4.0633,-24.5443,329.9622,0.0003,0.0003,329.9622,,,,,,,,,,,,0.0,0.0,0.0,0.0,0
146.74,-4.0633,-24.5443,329.9622,0.0003,0.0003,329.9622,,,,,,,,,,,,0.0,0.0,0.0,0.0,0
146.76,-4.0633,-24.5443,329.9622,0.0003,0.0003,329.9622,,,,,,,,,,,,0.0,0.0,0.0,0.0,0
146.78,-4.0633,-24.5443,329.9622,0.0003,0.0003,329.9622,,,,,,,,,,,,0.0,0.0,0.0,0.0,0
146.8,-4.0633,-24.5443,329.9622,0.0003,0.0003,329.9622,,,,,,,,,,,,0.0,0.0,0.0,0.0,0
146.82,-4.0633,-24.5443,329.9622,0.0003,0.0003,329.9622,,,,,,,,,,,,0.0,0.0,0.0,0.0,0
146.84,-4.0633,-24.5443,329.9622,0.0003,0.0003,329.9622,,,,,,,,,,,,0.0,0.0,0.0,0.0,0
146.86,-4.0633,-24.5443,329.9622,0.0003,0.0003,329.9622,,,,,,,,,,,,0.0,0.0,0.0,0.0,0
146.88,-4.0633,-24.5443,329.9622,0.0003,0.0003,329.9622,,,,,,,,,,,,0.0,0.0,0.0,0.0,0
146.9,-4.0633,-24.5443,329.9622,0.0003,0.0003,329.9622,,,,,,,,,,,,0.0,0.0,0.0,0.0,0
146.92,-4.0633,-24.5443,329.9622,0.0003,0.0003,329.9622,,,,,,,,,,,,0.0,0.0,0.0,0.0,0
146.94,-4.0633,-24.5443,329.9622,0.0003,0.0003,329.9622,,,,,,,,,,,,0.0,0.0,0.0,0.0,0
146.96,-4.0633,-24.5443,329.9622,0.0003,0.0003,329.9622,,,,,,,,,,,,0.0,0.0,0.0,0.0,0
146.98,-4.0633,-24.5443,329.9622,0.0003,0.0003,329.9622,,,,,,,,,,,,0.0,0.0,0.0,0.0,0
147.0,-4.0633,-24.5443,329.9622,0.0003,0.0003,329.9622,,,,,,,,,,,,0.0,0.0,0.0,0.0,0
147.02,-4.0633,-24.5443,329.9622,0.0003,0.0003,329.9622,,,,,,,,,,,,0.0,0.0,0.0,0.0,0
147.04,-4.0633,-24.5443,329.9622,0.0003,0.0003,329.9622,,,,,,,,,,,,0.0,0.0,0.0,0.0,0
147.06,-4.0633,-24.5443,329.9622,0.0003,0.0003,329.9622,,,,,,,,,,,,0.0,0.0,0.0,0.0,0
147.08,-4.0633,-24.5443,329.9622,0.0003,0.0003,329.9622,,,,,,,,,,,,0.0,0.0,0.0,0.0,0
147.1,-4.0633,-24.5443,329.9622,0.0003,0.0003,329.9622,,,,,,,,,,,,0.0,0.0,0.0,0.0,0
147.12,-4.0633,-24.5443,329.9622,0.0003,0.0003,329.9622,,,,,,,,,,,,0.0,0.0,0.0,0.0,0
147.14,-4.0633,-24.5443,329.9622,0.0003,0.0003,329.9622,,,,,,,,,,,,0.0,0.0,0.0,0.0,0
147.16,-4.0633,-24.5443,329.9622,0.0003,0.0003,329.9622,,,,,,,,,,,,0.0,0.0,0.0,0.0,0
147.18,-4.0633,-24.5443,329.9622,0.0003,0.0003,329.9622,,,,,,,,,,,,0.0,0.0,0.0,0.0,0
147.2,-4.0633,-24.5443,329.9622,0.0003,0.0003,329.9622,,,,,,,,,,,,0.0,0.0,0.0,0.0,0
147.22,-4.0633,-24.5443,329.9622,0.0003,0.0003,329.9622,,,,,,,,,,,,0.0,0.0,0.0,0.0,0
147.24,-4.0633,-24.5443,329.9622,0.0003,0.0003,329.9622,,,,,,,,,,,,0.0,0.0,0.0,0.0,0
147.26,-4.0633,-24.5443,329.9622,0.0003,0.0003,329.9622,,,,,,,,,,,,0.0,0.0,0.0,0.0,0
147.28,-4.0633,-24.5443,329.9622,0.0003,0.0003,329.9622,,,,,,,,,,,,0.0,0.0,0.0,0.0,0
147.3,-4.0633,-24.5443,329.9622,0.0003,0.0003,329.9622,,,,,,,,,,,,0.0,0.0,0.0,0.0,0
147.32,-4.0633,-24.5443,329.9622,0.0003,0.0003,329.9622,,,,,,,,,,,,0.0,0.0,0.0,0.0,0
147.34,-4.0633,-24.5443,329.9622,0.0003,0.0003,329.9622,,,,,,,,,,,,0.0,0.0,0.0,0.0,0
147.36,-4.0633,-24.5443,329.9622,0.0003,0.0003,329.9622,,,,,,,,,,,,0.0,0.0,0.0,0.0,0
147.38,-4.0633,-24.5443,329.9622,0.0003,0.0003,329.9622,,,,,,,,,,,,0.0,0.0,0.0,0.0,0
147.4,-4.0633,-24.5443,329.9622,0.0003,0.0003,329.9622,,,,,,,,,,,,0.0,0.0,0.0,0.0,0
147.42,-4.0633,-24.5443,329.9622,0.0003,0.0003,329.9622,,,,,,,,,,,,0.0,0.0,0.0,0.0,0
147.44,-4.0633,-24.5443,329.9622,0.0003,0.0003,329.9622,,,,,,,,,,,,0.0,0.0,0.0,0.0,0
147.46,-4.0633,-24.5443,329.9622,0.0003,0.0003,329.9622,,,,,,,,,,,,0.0,0.0,0.0,0.0,0
147.48,-4.0633,-24.5443,329.9622,0.0003,0.0003,329.9622,,,,,,,,,,,,0.0,0.0,0.0,0.0,0
147.5,-4.0633,-24.5443,329.9622,0.0003,0.0003,329.9622,,,,,,,,,,,,0.0,0.0,0.0,0.0,0
147.52,-4.0633,-24.5443,329.9622,0.0003,0.0003,329.9622,,,,,,,,,,,,0.0,0.0,0.0,0.0,0
147.54,-4.0633,-24.5443,329.9622,0.0003,0.0003,329.9622,,,,,,,,,,,,0.0,0.0,0.0,0.0,0
147.56,-4.0633,-24.5443,329.9622,0.0003,0.0003,329.9622,,,,,,,,,,,,0.0,0.0,0.0,0.0,0
147.58,-4.0633,-24.5443,329.9622,0.0003,0.0003,329.9622,,,,,,,,,,,,0.0,0.0,0.0,0.0,0
147.6,-4.0633,-24.5443,329.9622,0.0003,0.0003,329.9622,,,,,,,,,,,,0.0,0.0,0.0,0.0,0
147.62,-4.0633,-24.5443,329.9622,0.0003,0.0003,329.9622,,,,,,,,,,,,0.0,0.0,0.0,0.0,0
147.64,-4.0633,-24.5443,329.9622,0.0003,0.0003,329.9622,,,,,,,,,,,,0.0,0.0,0.0,0.0,0
147.66,-4.0633,-24.5443,329.9622,0.0003,0.0003,329.9622,,,,,,,,,,,,0.0,0.0,0.0,0.0,0
147.68,-4.0633,-24.5443,329.9622,0.0003,0.0003,329.9622,,,,,,,,,,,,0.0,0.0,0.0,0.0,0
147.7,-4.0633,-24.5443,329.9622,0.0003,0.0003,329.9622,,,,,,,,,,,,0.0,0.0,0.0,0.0,0
147.72,-4.0633,-24.5443,329.9622,0.0003,0.0003,329.9622,,,,,,,,,,,,0.0,0.0,0.0,0.0,0
147.74,-4.0633,-24.5443,329.9622,0.0003,0.0003,329.9622,,,,,,,,,,,,0.0,0.0,0.0,0.0,0
147.76,-4.0633,-24.5443,329.9622,0.0003,0.0003,329.9622,,,,,,,,,,,,0.0,0.0,0.0,0.0,0
147.78,-4.0633,-24.5443,329.9622,0.0003,0.0003,329.9622,,,,,,,,,,,,0.0,0.0,0.0,0.0,0
147.8,-4.0633,-24.5443,329.9622,0.0003,0.0003,329.9622,,,,,,,,,,,,0.0,0.0,0.0,0.0,0
147.82,-4.0633,-24.5443,329.9622,0.0003,0.0003,329.9622,,,,,,,,,,,,0.0,0.0,0.0,0.0,0
147.84,-4.0633,-24.5443,329.9622,0.0003,0.0003,329.9622,,,,,,,,,,,,0.0,0.0,0.0,0.0,0
147.86,-4.0633,-24.5443,329.9622,0.0003,0.0003,329.9622,,,,,,,,,,,,0.0,0.0,0.0,0.0,0
147.88,-4.0633,-24.5443,329.9622,0.0003,0.0003,329.9622,,,,,,,,,,,,0.0,0.0,0.0,0.0,0
147.9,-4.0633,-24.5443,329.9622,0.0003,0.0003,329.9622,,,,,,,,,,,,0.0,0.0,0.0,0.0,0
147.92,-4.0633,-24.5443,329.9622,0.0003,0.0003,329.9622,,,,,,,,,,,,0.0,0.0,0.0,0.0,0
147.94,-4.0633,-24.5443,329.9622,0.0003,0.0003,329.9622,,,,,,,,,,,,0.0,0.0,0.0,0.0,0
147.96,-4.0633,-24.5443,329.9622,0.0003,0.0003,329.9622,,,,,,,,,,,,0.0,0.0,0.0,0.0,0
147.98,-4.0633,-24.5443,329.9622,0.0003,0.0003,329.9622,,,,,,,,,,,,0.0,0.0,0.0,0.0,0
148.0,-4.0633,-24.5443,329.9622,0.0003,0.0003,329.9622,,,,,,,,,,,,0.0,0.0,0.0,0.0,0
148.02,-4.0633,-24.5443,329.9622,0.0003,0.0003,329.9622,,,,,,,,,,,,0.0,0.0,0.0,0.0,0
148.04,-4.0633,-24.5443,329.9622,0.0003,0.0003,329.9622,,,,,,,,,,,,0.0,0.0,0.0,0.0,0
148.06,-4.0633,-24.5443,329.9622,0.0003,0.0003,329.9622,,,,,,,,,,,,0.0,0.0,0.0,0.0,0
148.08,-4.0633,-24.5443,329.9622,0.0003,0.0003,329.9622,,,,,,,,,,,,0.0,0.0,0.0,0.0,0
148.1,-4.0633,-24.5443,329.9622,0.0003,0.0003,329.9622,,,,,,,,,,,,0.0,0.0,0.0,0.0,0
148.12,-4.0633,-24.5443,329.9622,0.0003,0.0003,329.9622,,,,,,,,,,,,0.0,0.0,0.0,0.0,0
148.14,-4.0633,-24.5443,329.9622,0.0003,0.0003,329.9622,,,,,,,,,,,,0.0,0.0,0.0,0.0,0
148.16,-4.0633,-24.5443,329.9622,0.0003,0.0003,329.9622,,,,,,,,,,,,0.0,0.0,0.0,0.0,0
148.18,-4.0633,-24.5443,329.9622,0.0003,0.0003,329.9622,,,,,,,,,,,,0.0,0.0,0.0,0.0,0
148.2,-4.0633,-24.5443,329.9622,0.0003,0.0003,329.9622,,,,,,,,,,,,0.0,0.0,0.0,0.0,0
148.22,-4.0633,-24.5443,329.9622,0.0003,0.0003,329.9622,,,,,,,,,,,,0.0,0.0,0.0,0.0,0
148.24,-4.0633,-24.5443,329.9622,0.0003,0.0003,329.9622,,,,,,,,,,,,0.0,0.0,0.0,0.0,0
148.26,-4.0633,-24.5443,329.9622,0.0003,0.0003,329.9622,,,,,,,,,,,,0.0,0.0,0.0,0.0,0
148.28,-4.0633,-24.5443,329.9622,0.0003,0.0003,329.9622,,,,,,,,,,,,0.0,0.0,0.0,0.0,0
148.3,-4.0633,-24.5443,329.9622,0.0003,0.0003,329.9622,,,,,,,,,,,,0.0,0.0,0.0,0.0,0
148.32,-4.0633,-24.5443,329.9622,0.0003,0.0003,329.9622,,,,,,,,,,,,0.0,0.0,0.0,0.0,0
148.34,-4.0633,-24.5443,329.9622,0.0003,0.0003,329.9622,,,,,,,,,,,,0.0,0.0,0.0,0.0,0
148.36,-4.0633,-24.5443,329.9622,0.0003,0.0003,329.9622,,,,,,,,,,,,0.0,0.0,0.0,0.0,0
148.38,-4.0633,-24.5443,329.9622,0.0003,0.0003,329.9622,,,,,,,,,,,,0.0,0.0,0.0,0.0,0
148.4,-4.0633,-24.5443,329.9622,0.0003,0.0003,329.9622,,,,,,,,,,,,0.0,0.0,0.0,0.0,0
148.42,-4.0633,-24.5443,329.9622,0.0003,0.0003,329.9622,,,,,,,,,,,,0.0,0.0,0.0,0.0,0
148.44,-4.0633,-24.5443,329.9622,0.0003,0.0003,329.9622,,,,,,,,,,,,0.0,0.0,0.0,0.0,0
148.46,-4.0633,-24.5443,329.9622,0.0003,0.0003,329.9622,,,,,,,,,,,,0.0,0.0,0.0,0.0,0
148.48,-4.0633,-24.5443,329.9622,0.0003,0.0003,329.9622,,,,,,,,,,,,0.0,0.0,0.0,0.0,0
148.5,-4.0633,-24.5443,329.9622,0.0003,0.0003,329.9622,,,,,,,,,,,,0.0,0.0,0.0,0.0,0
148.52,-4.0633,-24.5443,329.9622,0.0003,0.0003,329.9622,,,,,,,,,,,,0.0,0.0,0.0,0.0,0
148.54,-4.0633,-24.5443,329.9622,0.0003,0.0003,329.9622,,,,,,,,,,,,0.0,0.0,0.0,0.0,0
148.56,-4.0633,-24.5443,329.9622,0.0003,0.0003,329.9622,,,,,,,,,,,,0.0,0.0,0.0,0.0,0
148.58,-4.0633,-24.5443,329.9622,0.0003,0.0003,329.9622,,,,,,,,,,,,0.0,0.0,0.0,0.0,0
148.6,-4.0633,-24.5443,329.9622,0.0003,0.0003,329.9622,,,,,,,,,,,,0.0,0.0,0.0,0.0,0
148.62,-4.0633,-24.5443,329.9622,0.0003,0.0003,329.9622,,,,,,,,,,,,0.0,0.0,0.0,0.0,0
148.64,-4.0633,-24.5443,329.9622,0.0003,0.0003,329.9622,,,,,,,,,,,,0.0,0.0,0.0,0.0,0
148.66,-4.0633,-24.5443,329.9622,0.0003,0.0003,329.9622,,,,,,,,,,,,0.0,0.0,0.0,0.0,0
148.68,-4.0633,-24.5443,329.9622,0.0003,0.0003,329.9622,,,,,,,,,,,,0.0,0.0,0.0,0.0,0
148.7,-4.0633,-24.5443,329.9622,0.0003,0.0003,329.9622,,,,,,,,,,,,0.0,0.0,0.0,0.0,0
148.72,-4.0633,-24.5443,329.9622,0.0003,0.0003,329.9622,,,,,,,,,,,,0.0,0.0,0.0,0.0,0
148.74,-4.0633,-24.5443,329.9622,0.0003,0.0003,329.9622,,,,,,,,,,,,0.0,0.0,0.0,0.0,0
148.76,-4.0633,-24.5443,329.9622,0.0003,0.0003,329.9622,,,,,,,,,,,,0.0,0.0,0.0,0.0,0
148.78,-4.0633,-24.5443,329.9622,0.0003,0.0003,329.9622,,,,,,,,,,,,0.0,0.0,0.0,0.0,0
148.8,-4.0633,-24.5443,329.9622,0.0003,0.0003,329.9622,,,,,,,,,,,,0.0,0.0,0.0,0.0,0
148.82,-4.0633,-24.5443,329.9622,0.0003,0.0003,329.9622,,,,,,,,,,,,0.0,0.0,0.0,0.0,0
148.84,-4.0633,-24.5443,329.9622,0.0003,0.0003,329.9622,,,,,,,,,,,,0.0,0.0,0.0,0.0,0
148.86,-4.0633,-24.5443,329.9622,0.0003,0.0003,329.9622,,,,,,,,,,,,0.0,0.0,0.0,0.0,0
148.88,-4.0633,-24.5443,329.9622,0.0003,0.0003,329.9622,,,,,,,,,,,,0.0,0.0,0.0,0.0,0
148.9,-4.0633,-24.5443,329.9622,0.0003,0.0003,329.9622,,,,,,,,,,,,0.0,0.0,0.0,0.0,0
148.92,-4.0633,-24.5443,329.9622,0.0003,0.0003,329.9622,,,,,,,,,,,,0.0,0.0,0.0,0.0,0
148.94,-4.0633,-24.5443,329.9622,0.0003,0.0003,329.9622,,,,,,,,,,,,0.0,0.0,0.0,0.0,0
148.96,-4.0633,-24.5443,329.9622,0.0003,0.0003,329.9622,,,,,,,,,,,,0.0,0.0,0.0,0.0,0
148.98,-4.0633,-24.5443,329.9622,0.0003,0.0003,329.9622,,,,,,,,,,,,0.0,0.0,0.0,0.0,0
149.0,-4.0633,-24.5443,329.9622,0.0003,0.0003,329.9622,,,,,,,,,,,,0.0,0.0,0.0,0.0,0
149.02,-4.0633,-24.5443,329.9622,0.0003,0.0003,329.9622,,,,,,,,,,,,0.0,0.0,0.0,0.0,0
149.04,-4.0633,-24.5443,329.9622,0.0003,0.0003,329.9622,,,,,,,,,,,,0.0,0.0,0.0,0.0,0
149.06,-4.0633,-24.5443,329.9622,0.0003,0.0003,329.9622,,,,,,,,,,,,0.0,0.0,0.0,0.0,0
149.08,-4.0633,-24.5443,329.9622,0.0003,0.0003,329.9622,,,,,,,,,,,,0.0,0.0,0.0,0.0,0
149.1,-4.0633,-24.5443,329.9622,0.0003,0.0003,329.9622,,,,,,,,,,,,0.0,0.0,0.0,0.0,0
149.12,-4.0633,-24.5443,329.9622,0.0003,0.0003,329.9622,,,,,,,,,,,,0.0,0.0,0.0,0.0,0
149.14,-4.0633,-24.5443,329.9622,0.0003,0.0003,329.9622,,,,,,,,,,,,0.0,0.0,0.0,0.0,0
149.16,-4.0633,-24.5443,329.9622,0.0003,0.0003,329.9622,,,,,,,,,,,,0.0,0.0,0.0,0.0,0
149.18,-4.0633,-24.5443,329.9622,0.0003,0.0003,329.9622,,,,,,,,,,,,0.0,0.0,0.0,0.0,0
149.2,-4.0633,-24.5443,329.9622,0.0003,0.0003,329.9622,,,,,,,,,,,,0.0,0.0,0.0,0.0,0
149.22,-4.0633,-24.5443,329.9622,0.0003,0.0003,329.9622,,,,,,,,,,,,0.0,0.0,0.0,0.0,0
149.24,-4.0633,-24.5443,329.9622,0.0003,0.0003,329.9622,,,,,,,,,,,,0.0,0.0,0.0,0.0,0
149.26,-4.0633,-24.5443,329.9622,0.0003,0.0003,329.9622,,,,,,,,,,,,0.0,0.0,0.0,0.0,0
149.28,-4.0633,-24.5443,329.9622,0.0003,0.0003,329.9622,,,,,,,,,,,,0.0,0.0,0.0,0.0,0
149.3,-4.0633,-24.5443,329.9622,0.0003,0.0003,329.9622,,,,,,,,,,,,0.0,0.0,0.0,0.0,0
149.32,-4.0633,-24.5443,329.9622,0.0003,0.0003,329.9622,,,,,,,,,,,,0.0,0.0,0.0,0.0,0
149.34,-4.0633,-24.5443,329.9622,0.0003,0.0003,329.9622,,,,,,,,,,,,0.0,0.0,0.0,0.0,0
149.36,-4.0633,-24.5443,329.9622,0.0003,0.0003,329.9622,,,,,,,,,,,,0.0,0.0,0.0,0.0,0
149.38,-4.0633,-24.5443,329.9622,0.0003,0.0003,329.9622,,,,,,,,,,,,0.0,0.0,0.0,0.0,0
149.4,-4.0633,-24.5443,329.9622,0.0003,0.0003,329.9622,,,,,,,,,,,,0.0,0.0,0.0,0.0,0
149.42,-4.0633,-24.5443,329.9622,0.0003,0.0003,329.9622,,,,,,,,,,,,0.0,0.0,0.0,0.0,0
149.44,-4.0633,-24.5443,329.9622,0.0003,0.0003,329.9622,,,,,,,,,,,,0.0,0.0,0.0,0.0,0
149.46,-4.0633,-24.5443,329.9622,0.0003,0.0003,329.9622,,,,,,,,,,,,0.0,0.0,0.0,0.0,0
149.48,-4.0633,-24.5443,329.9622,0.0003,0.0003,329.9622,,,,,,,,,,,,0.0,0.0,0.0,0.0,0
149.5,-4.0633,-24.5443,329.9622,0.0003,0.0003,329.9622,,,,,,,,,,,,0.0,0.0,0.0,0.0,0
149.52,-4.0633,-24.5443,329.9622,0.0003,0.0003,329.9622,,,,,,,,,,,,0.0,0.0,0.0,0.0,0
149.54,-4.0633,-24.5443,329.9622,0.0003,0.0003,329.9622,,,,,,,,,,,,0.0,0.0,0.0,0.0,0
149.56,-4.0633,-24.5443,329.9622,0.0003,0.0003,329.9622,,,,,,,,,,,,0.0,0.0,0.0,0.0,0
149.58,-4.0633,-24.5443,329.9622,0.0003,0.0003,329.9622,,,,,,,,,,,,0.0,0.0,0.0,0.0,0
149.6,-4.0633,-24.5443,329.9622,0.0003,0.0003,329.9622,,,,,,,,,,,,0.0,0.0,0.0,0.0,0
149.62,-4.0633,-24.5443,329.9622,0.0003,0.0003,329.9622,,,,,,,,,,,,0.0,0.0,0.0,0.0,0
149.64,-4.0633,-24.5443,329.9622,0.0003,0.0003,329.9622,,,,,,,,,,,,0.0,0.0,0.0,0.0,0
149.66,-4.0633,-24.5443,329.9622,0.0003,0.0003,329.9622,,,,,,,,,,,,0.0,0.0,0.0,0.0,0
149.68,-4.0633,-24.5443,329.9622,0.0003,0.0003,329.9622,,,,,,,,,,,,0.0,0.0,0.0,0.0,0
149.7,-4.0633,-24.5443,329.9622,0.0003,0.0003,329.9622,,,,,,,,,,,,0.0,0.0,0.0,0.0,0
149.72,-4.0633,-24.5443,329.9622,0.0003,0.0003,329.9622,,,,,,,,,,,,0.0,0.0,0.0,0.0,0
149.74,-4.0633,-24.5443,329.9622,0.0003,0.0003,329.9622,,,,,,,,,,,,0.0,0.0,0.0,0.0,0
149.76,-4.0633,-24.5443,329.9622,0.0003,0.0003,329.9622,,,,,,,,,,,,0.0,0.0,0.0,0.0,0
149.78,-4.0633,-24.5443,329.9622,0.0003,0.0003,329.9622,,,,,,,,,,,,0.0,0.0,0.0,0.0,0
149.8,-4.0633,-24.5443,329.9622,0.0003,0.0003,329.9622,,,,,,,,,,,,0.0,0.0,0.0,0.0,0
149.82,-4.0633,-24.5443,329.9622,0.0003,0.0003,329.9622,,,,,,,,,,,,0.0,0.0,0.0,0.0,0
149.84,-4.0633,-24.5443,329.9622,0.0003,0.0003,329.9622,,,,,,,,,,,,0.0,0.0,0.0,0.0,0
149.86,-4.0633,-24.5443,329.9622,0.0003,0.0003,329.9622,,,,,,,,,,,,0.0,0.0,0.0,0.0,0
149.88,-4.0633,-24.5443,329.9622,0.0003,0.0003,329.9622,,,,,,,,,,,,0.0,0.0,0.0,0.0,0
149.9,-4.0633,-24.5443,329.9622,0.0003,0.0003,329.9622,,,,,,,,,,,,0.0,0.0,0.0,0.0,0
149.92,-4.0633,-24.5443,329.9622,0.0003,0.0003,329.9622,,,,,,,,,,,,0.0,0.0,0.0,0.0,0
149.94,-4.0633,-24.5443,329.9622,0.0003,0.0003,329.9622,,,,,,,,,,,,0.0,0.0,0.0,0.0,0
149.96,-4.0633,-24.5443,329.9622,0.0003,0.0003,329.9622,,,,,,,,,,,,0.0,0.0,0.0,0.0,0
149.98,-4.0633,-24.5443,329.9622,0.0003,0.0003,329.9622,,,,,,,,,,,,0.0,0.0,0.0,0.0,0
150.0,-4.0633,-24.5443,329.9622,0.0003,0.0003,329.9622,,,,,,,,,,,,0.0,0.0,0.0,0.0,0
150.02,-4.0633,-24.5443,329.9622,0.0003,0.0003,329.9622,,,,,,,,,,,,0.0,0.0,0.0,0.0,0
150.04,-4.0633,-24.5443,329.9622,0.0003,0.0003,329.9622,,,,,,,,,,,,0.0,0.0,0.0,0.0,0
150.06,-4.0633,-24.5443,329.9622,0.0003,0.0003,329.9622,,,,,,,,,,,,0.0,0.0,0.0,0.0,0
150.08,-4.0633,-24.5443,329.9622,0.0003,0.0003,329.9622,,,,,,,,,,,,0.0,0.0,0.0,0.0,0
150.1,-4.0633,-24.5443,329.9622,0.0003,0.0003,329.9622,,,,,,,,,,,,0.0,0.0,0.0,0.0,0
150.12,-4.0633,-24.5443,329.9622,0.0003,0.0003,329.9622,,,,,,,,,,,,0.0,0.0,0.0,0.0,0
150.14,-4.0633,-24.5443,329.9622,0.0003,0.0003,329.9622,,,,,,,,,,,,0.0,0.0,0.0,0.0,0
150.16,-4.0633,-24.5443,329.9622,0.0003,0.0003,329.9622,,,,,,,,,,,,0.0,0.0,0.0,0.0,0
150.18,-4.0633,-24.5443,329.9622,0.0003,0.0003,329.9622,,,,,,,,,,,,0.0,0.0,0.0,0.0,0
150.2,-4.0633,-24.5443,329.9622,0.0003,0.0003,329.9622,,,,,,,,,,,,0.0,0.0,0.0,0.0,0
150.22,-4.0633,-24.5443,329.9622,0.0003,0.0003,329.9622,,,,,,,,,,,,0.0,0.0,0.0,0.0,0
150.24,-4.0633,-24.5443,329.9622,0.0003,0.0003,329.9622,,,,,,,,,,,,0.0,0.0,0.0,0.0,0
150.26,-4.0633,-24.5443,329.9622,0.0003,0.0003,329.9622,,,,,,,,,,,,0.0,0.0,0.0,0.0,0
150.28,-4.0633,-24.5443,329.9622,0.0003,0.0003,329.9622,,,,,,,,,,,,0.0,0.0,0.0,0.0,0
150.3,-4.0633,-24.5443,329.9622,0.0003,0.0003,329.9622,,,,,,,,,,,,0.0,0.0,0.0,0.0,0
150.32,-4.0633,-24.5443,329.9622,0.0003,0.0003,329.9622,,,,,,,,,,,,0.0,0.0,0.0,0.0,0
150.34,-4.0633,-24.5443,329.9622,0.0003,0.0003,329.9622,,,,,,,,,,,,0.0,0.0,0.0,0.0,0
150.36,-4.0633,-24.5443,329.9622,0.0003,0.0003,329.9622,,,,,,,,,,,,0.0,0.0,0.0,0.0,0
150.38,-4.0633,-24.5443,329.9622,0.0003,0.0003,329.9622,,,,,,,,,,,,0.0,0.0,0.0,0.0,0
150.4,-4.0633,-24.5443,329.9622,0.0003,0.0003,329.9622,,,,,,,,,,,,0.0,0.0,0.0,0.0,0
150.42,-4.0633,-24.5443,329.9622,0.0003,0.0003,329.9622,,,,,,,,,,,,0.0,0.0,0.0,0.0,0
150.44,-4.0633,-24.5443,329.9622,0.0003,0.0003,329.9622,,,,,,,,,,,,0.0,0.0,0.0,0.0,0
150.46,-4.0633,-24.5443,329.9622,0.0003,0.0003,329.9622,,,,,,,,,,,,0.0,0.0,0.0,0.0,0
150.48,-4.0633,-24.5443,329.9622,0.0003,0.0003,329.9622,,,,,,,,,,,,0.0,0.0,0.0,0.0,0
150.5,-4.0633,-24.5443,329.9622,0.0003,0.0003,329.9622,,,,,,,,,,,,0.0,0.0,0.0,0.0,0
150.52,-4.0633,-24.5443,329.9622,0.0003,0.0003,329.9622,,,,,,,,,,,,0.0,0.0,0.0,0.0,0
150.54,-4.0633,-24.5443,329.9622,0.0003,0.0003,329.9622,,,,,,,,,,,,0.0,0.0,0.0,0.0,0
150.56,-4.0633,-24.5443,329.9622,0.0003,0.0003,329.9622,,,,,,,,,,,,0.0,0.0,0.0,0.0,0
150.58,-4.0633,-24.5443,329.9622,0.0003,0.0003,329.9622,,,,,,,,,,,,0.0,0.0,0.0,0.0,0
150.6,-4.0633,-24.5443,329.9622,0.0003,0.0003,329.9622,,,,,,,,,,,,0.0,0.0,0.0,0.0,0
150.62,-4.0633,-24.5443,329.9622,0.0003,0.0003,329.9622,,,,,,,,,,,,0.0,0.0,0.0,0.0,0
150.64,-4.0633,-24.5443,329.9622,0.0003,0.0003,329.9622,,,,,,,,,,,,0.0,0.0,0.0,0.0,0
150.66,-4.0633,-24.5443,329.9622,0.0003,0.0003,329.9622,,,,,,,,,,,,0.0,0.0,0.0,0.0,0
150.68,-4.0633,-24.5443,329.9622,0.0003,0.0003,329.9622,,,,,,,,,,,,0.0,0.0,0.0,0.0,0
150.7,-4.0633,-24.5443,329.9622,0.0003,0.0003,329.9622,,,,,,,,,,,,0.0,0.0,0.0,0.0,0
150.72,-4.0633,-24.5443,329.9622,0.0003,0.0003,329.9622,,,,,,,,,,,,0.0,0.0,0.0,0.0,0
150.74,-4.0633,-24.5443,329.9622,0.0003,0.0003,329.9622,,,,,,,,,,,,0.0,0.0,0.0,0.0,0
150.76,-4.0633,-24.5443,329.9622,0.0003,0.0003,329.9622,,,,,,,,,,,,0.0,0.0,0.0,0.0,0
150.78,-4.0633,-24.5443,329.9622,0.0003,0.0003,329.9622,,,,,,,,,,,,0.0,0.0,0.0,0.0,0
150.8,-4.0633,-24.5443,329.9622,0.0003,0.0003,329.9622,,,,,,,,,,,,0.0,0.0,0.0,0.0,0
150.82,-4.0633,-24.5443,329.9622,0.0003,0.0003,329.9622,,,,,,,,,,,,0.0,0.0,0.0,0.0,0
150.84,-4.0633,-24.5443,329.9622,0.0003,0.0003,329.9622,,,,,,,,,,,,0.0,0.0,0.0,0.0,0
150.86,-4.0633,-24.5443,329.9622,0.0003,0.0003,329.9622,,,,,,,,,,,,0.0,0.0,0.0,0.0,0
150.88,-4.0633,-24.5443,329.9622,0.0003,0.0003,329.9622,,,,,,,,,,,,0.0,0.0,0.0,0.0,0
150.9,-4.0633,-24.5443,329.9622,0.0003,0.0003,329.9622,,,,,,,,,,,,0.0,0.0,0.0,0.0,0
150.92,-4.0633,-24.5443,329.9622,0.0003,0.0003,329.9622,,,,,,,,,,,,0.0,0.0,0.0,0.0,0
150.94,-4.0633,-24.5443,329.9622,0.0003,0.0003,329.9622,,,,,,,,,,,,0.0,0.0,0.0,0.0,0
150.96,-4.0633,-24.5443,329.9622,0.0003,0.0003,329.9622,,,,,,,,,,,,0.0,0.0,0.0,0.0,0
150.98,-4.0633,-24.5443,329.9622,0.0003,0.0003,329.9622,,,,,,,,,,,,0.0,0.0,0.0,0.0,0
151.0,-4.0633,-24.5443,329.9622,0.0003,0.0003,329.9622,,,,,,,,,,,,0.0,0.0,0.0,0.0,0
151.02,-4.0633,-24.5443,329.9622,0.0003,0.0003,329.9622,,,,,,,,,,,,0.0,0.0,0.0,0.0,0
151.04,-4.0633,-24.5443,329.9622,0.0003,0.0003,329.9622,,,,,,,,,,,,0.0,0.0,0.0,0.0,0
151.06,-4.0633,-24.5443,329.9622,0.0003,0.0003,329.9622,,,,,,,,,,,,0.0,0.0,0.0,0.0,0
151.08,-4.0633,-24.5443,329.9622,0.0003,0.0003,329.9622,,,,,,,,,,,,0.0,0.0,0.0,0.0,0
151.1,-4.0633,-24.5443,329.9622,0.0003,0.0003,329.9622,,,,,,,,,,,,0.0,0.0,0.0,0.0,0
151.12,-4.0633,-24.5443,329.9622,0.0003,0.0003,329.9622,,,,,,,,,,,,0.0,0.0,0.0,0.0,0
151.14,-4.0633,-24.5443,329.9622,0.0003,0.0003,329.9622,,,,,,,,,,,,0.0,0.0,0.0,0.0,0
151.16,-4.0633,-24.5443,329.9622,0.0003,0.0003,329.9622,,,,,,,,,,,,0.0,0.0,0.0,0.0,0
151.18,-4.0633,-24.5443,329.9622,0.0003,0.0003,329.9622,,,,,,,,,,,,0.0,0.0,0.0,0.0,0
151.2,-4.0633,-24.5443,329.9622,0.0003,0.0003,329.9622,,,,,,,,,,,,0.0,0.0,0.0,0.0,0
151.22,-4.0633,-24.5443,329.9622,0.0003,0.0003,329.9622,,,,,,,,,,,,0.0,0.0,0.0,0.0,0
151.24,-4.0633,-24.5443,329.9622,0.0003,0.0003,329.9622,,,,,,,,,,,,0.0,0.0,0.0,0.0,0
151.26,-4.0633,-24.5443,329.9622,0.0003,0.0003,329.9622,,,,,,,,,,,,0.0,0.0,0.0,0.0,0
151.28,-4.0633,-24.5443,329.9622,0.0003,0.0003,329.9622,,,,,,,,,,,,0.0,0.0,0.0,0.0,0
151.3,-4.0633,-24.5443,329.9622,0.0003,0.0003,329.9622,,,,,,,,,,,,0.0,0.0,0.0,0.0,0
151.32,-4.0633,-24.5443,329.9622,0.0003,0.0003,329.9622,,,,,,,,,,,,0.0,0.0,0.0,0.0,0
151.34,-4.0633,-24.5443,329.9622,0.0003,0.0003,329.9622,,,,,,,,,,,,0.0,0.0,0.0,0.0,0
151.36,-4.0633,-24.5443,329.9622,0.0003,0.0003,329.9622,,,,,,,,,,,,0.0,0.0,0.0,0.0,0
151.38,-4.0633,-24.5443,329.9622,0.0003,0.0003,329.9622,,,,,,,,,,,,0.0,0.0,0.0,0.0,0
151.4,-4.0633,-24.5443,329.9622,0.0003,0.0003,329.9622,,,,,,,,,,,,0.0,0.0,0.0,0.0,0
151.42,-4.0633,-24.5443,329.9622,0.0003,0.0003,329.9622,,,,,,,,,,,,0.0,0.0,0.0,0.0,0
151.44,-4.0633,-24.5443,329.9622,0.0003,0.0003,329.9622,,,,,,,,,,,,0.0,0.0,0.0,0.0,0
151.46,-4.0633,-24.5443,329.9622,0.0003,0.0003,329.9622,,,,,,,,,,,,0.0,0.0,0.0,0.0,0
151.48,-4.0633,-24.5443,329.9622,0.0003,0.0003,329.9622,,,,,,,,,,,,0.0,0.0,0.0,0.0,0
151.5,-4.0633,-24.5443,329.9622,0.0003,0.0003,329.9622,,,,,,,,,,,,0.0,0.0,0.0,0.0,0
151.52,-4.0633,-24.5443,329.9622,0.0003,0.0003,329.9622,,,,,,,,,,,,0.0,0.0,0.0,0.0,0
151.54,-4.0633,-24.5443,329.9622,0.0003,0.0003,329.9622,,,,,,,,,,,,0.0,0.0,0.0,0.0,0
151.56,-4.0633,-24.5443,329.9622,0.0003,0.0003,329.9622,,,,,,,,,,,,0.0,0.0,0.0,0.0,0
151.58,-4.0633,-24.5443,329.9622,0.0003,0.0003,329.9622,,,,,,,,,,,,0.0,0.0,0.0,0.0,0
151.6,-4.0633,-24.5443,329.9622,0.0003,0.0003,329.9622,,,,,,,,,,,,0.0,0.0,0.0,0.0,0
151.62,-4.0633,-24.5443,329.9622,0.0003,0.0003,329.9622,,,,,,,,,,,,0.0,0.0,0.0,0.0,0
151.64,-4.0633,-24.5443,329.9622,0.0003,0.0003,329.9622,,,,,,,,,,,,0.0,0.0,0.0,0.0,0
151.66,-4.0633,-24.5443,329.9622,0.0003,0.0003,329.9622,,,,,,,,,,,,0.0,0.0,0.0,0.0,0
151.68,-4.0633,-24.5443,329.9622,0.0003,0.0003,329.9622,,,,,,,,,,,,0.0,0.0,0.0,0.0,0
151.7,-4.0633,-24.5443,329.9622,0.0003,0.0003,329.9622,,,,,,,,,,,,0.0,0.0,0.0,0.0,0
151.72,-4.0633,-24.5443,329.9622,0.0003,0.0003,329.9622,,,,,,,,,,,,0.0,0.0,0.0,0.0,0
151.74,-4.0633,-24.5443,329.9622,0.0003,0.0003,329.9622,,,,,,,,,,,,0.0,0.0,0.0,0.0,0
151.76,-4.0633,-24.5443,329.9622,0.0003,0.0003,329.9622,,,,,,,,,,,,0.0,0.0,0.0,0.0,0
151.78,-4.0633,-24.5443,329.9622,0.0003,0.0003,329.9622,,,,,,,,,,,,0.0,0.0,0.0,0.0,0
151.8,-4.0633,-24.5443,329.9622,0.0003,0.0003,329.9622,,,,,,,,,,,,0.0,0.0,0.0,0.0,0
151.82,-4.0633,-24.5443,329.9622,0.0003,0.0003,329.9622,,,,,,,,,,,,0.0,0.0,0.0,0.0,0
151.84,-4.0633,-24.5443,329.9622,0.0003,0.0003,329.9622,,,,,,,,,,,,0.0,0.0,0.0,0.0,0
151.86,-4.0633,-24.5443,329.9622,0.0003,0.0003,329.9622,,,,,,,,,,,,0.0,0.0,0.0,0.0,0
151.88,-4.0633,-24.5443,329.9622,0.0003,0.0003,329.9622,,,,,,,,,,,,0.0,0.0,0.0,0.0,0
151.9,-4.0633,-24.5443,329.9622,0.0003,0.0003,329.9622,,,,,,,,,,,,0.0,0.0,0.0,0.0,0
151.92,-4.0633,-24.5443,329.9622,0.0003,0.0003,329.9622,,,,,,,,,,,,0.0,0.0,0.0,0.0,0
151.94,-4.0633,-24.5443,329.9622,0.0003,0.0003,329.9622,,,,,,,,,,,,0.0,0.0,0.0,0.0,0
151.96,-4.0633,-24.5443,329.9622,0.0003,0.0003,329.9622,,,,,,,,,,,,0.0,0.0,0.0,0.0,0
151.98,-4.0633,-24.5443,329.9622,0.0003,0.0003,329.9622,,,,,,,,,,,,0.0,0.0,0.0,0.0,0
152.0,-4.0633,-24.5443,329.9622,0.0003,0.0003,329.9622,,,,,,,,,,,,0.0,0.0,0.0,0.0,0
152.02,-4.0633,-24.5443,329.9622,0.0003,0.0003,329.9622,,,,,,,,,,,,0.0,0.0,0.0,0.0,0
152.04,-4.0633,-24.5443,329.9622,0.0003,0.0003,329.9622,,,,,,,,,,,,0.0,0.0,0.0,0.0,0
152.06,-4.0633,-24.5443,329.9622,0.0003,0.0003,329.9622,,,,,,,,,,,,0.0,0.0,0.0,0.0,0
152.08,-4.0633,-24.5443,329.9622,0.0003,0.0003,329.9622,,,,,,,,,,,,0.0,0.0,0.0,0.0,0
152.1,-4.0633,-24.5443,329.9622,0.0003,0.0003,329.9622,,,,,,,,,,,,0.0,0.0,0.0,0.0,0
152.12,19.3273,-8.1322,322.5628,0.0003,0.0003,322.5629,,,,,,,,,,,,0.0,0.0,0.0,0.0,0
152.14,19.3273,-8.1322,322.5628,0.0003,0.0003,322.5629,,,,,,,,,,,,0.0,0.0,0.0,0.0,0
152.16,19.3273,-8.1322,322.5628,0.0003,0.0003,322.5629,,,,,,,,,,,,0.0,0.0,0.0,0.0,0
152.18,19.3273,-8.1322,322.5628,0.0003,0.0003,322.5629,,,,,,,,,,,,0.0,0.0,0.0,0.0,0
152.2,19.2704,-8.3493,322.7388,0.0003,0.0003,322.7388,,,,,,,,,,,,0.0,0.0,0.0,0.0,0
152.22,19.2704,-8.3493,322.7388,0.0003,0.0003,322.7388,,,,,,,,,,,,0.0,0.0,0.0,0.0,0
152.24,19.2704,-8.3493,322.7388,0.0003,0.0003,322.7388,,,,,,,,,,,,0.0,0.0,0.0,0.0,0
152.26,19.2704,-8.3493,322.7388,0.0003,0.0003,322.7388,,,,,,,,,,,,0.0,0.0,0.0,0.0,0
152.28,19.2704,-8.3493,322.7388,0.0003,0.0003,322.7388,,,,,,,,,,,,0.0,0.0,0.0,0.0,0
152.3,19.2704,-8.3493,322.7388,0.0003,0.0003,322.7388,,,,,,,,,,,,0.0,0.0,0.0,0.0,0
152.32,19.2589,-8.5888,322.8639,0.0003,0.0003,322.8639,,,,,,,,,,,,0.0,0.0,0.0,0.0,0
152.34,19.2589,-8.5888,322.8639,0.0003,0.0003,322.8639,,,,,,,,,,,,0.0,0.0,0.0,0.0,0
152.36,19.2589,-8.5888,322.8639,0.0003,0.0003,322.8639,,,,,,,,,,,,0.0,0.0,0.0,0.0,0
152.38,19.2589,-8.5888,322.8639,0.0003,0.0003,322.8639,,,,,,,,,,,,0.0,0.0,0.0,0.0,0
152.4,19.4727,-8.5618,322.9544,0.0003,0.0003,322.9544,,,,,,,,,,,,0.0,0.0,0.0,0.0,0
152.42,19.4727,-8.5618,322.9544,0.0003,0.0003,322.9544,,,,,,,,,,,,0.0,0.0,0.0,0.0,0
152.44,19.4727,-8.5618,322.9544,0.0003,0.0003,322.9544,,,,,,,,,,,,0.0,0.0,0.0,0.0,0
152.46,19.4727,-8.5618,322.9544,0.0003,0.0003,322.9544,,,,,,,,,,,,0.0,0.0,0.0,0.0,0
152.48,19.4727,-8.5618,322.9544,0.0003,0.0003,322.9544,,,,,,,,,,,,0.0,0.0,0.0,0.0,0
152.5,19.4727,-8.5618,322.9544,0.0003,0.0003,322.9544,,,,,,,,,,,,0.0,0.0,0.0,0.0,0
152.52,19.5584,-8.6496,323.2567,0.0003,0.0003,323.2567,,,,,,,,,,,,0.0,0.0,0.0,0.0,0
152.54,19.5584,-8.6496,323.2567,0.0003,0.0003,323.2567,,,,,,,,,,,,0.0,0.0,0.0,0.0,0
152.56,19.5584,-8.6496,323.2567,0.0003,0.0003,323.2567,,,,,,,,,,,,0.0,0.0,0.0,0.0,0
152.58,19.5584,-8.6496,323.2567,0.0003,0.0003,323.2567,,,,,,,,,,,,0.0,0.0,0.0,0.0,0
152.6,19.9825,-8.4265,323.5704,0.0003,0.0003,323.5704,,,,,,,,,,,,0.0,0.0,0.0,0.0,0
152.62,19.9825,-8.4265,323.5704,0.0003,0.0003,323.5704,,,,,,,,,,,,0.0,0.0,0.0,0.0,0
152.64,19.9825,-8.4265,323.5704,0.0003,0.0003,323.5704,,,,,,,,,,,,0.0,0.0,0.0,0.0,0
152.66,19.9825,-8.4265,323.5704,0.0003,0.0003,323.5704,,,,,,,,,,,,0.0,0.0,0.0,0.0,0
152.68,19.9825,-8.4265,323.5704,0.0003,0.0003,323.5704,,,,,,,,,,,,0.0,0.0,0.0,0.0,0
152.7,19.9825,-8.4265,323.5704,0.0003,0.0003,323.5704,,,,,,,,,,,,0.0,0.0,0.0,0.0,0
152.72,20.1169,-8.4569,323.7852,0.0003,0.0003,323.7852,,,,,,,,,,,,0.0,0.0,0.0,0.0,0
152.74,20.1169,-8.4569,323.7852,0.0003,0.0003,323.7852,,,,,,,,,,,,0.0,0.0,0.0,0.0,0
152.76,20.1169,-8.4569,323.7852,0.0003,0.0003,323.7852,,,,,,,,,,,,0.0,0.0,0.0,0.0,0
152.78,20.1169,-8.4569,323.7852,0.0003,0.0003,323.7852,,,,,,,,,,,,0.0,0.0,0.0,0.0,0
152.8,20.2458,-8.4581,323.9302,0.0003,0.0003,323.9302,,,,,,,,,,,,0.0,0.0,0.0,0.0,0
152.82,20.2458,-8.4581,323.9302,0.0003,0.0003,323.9302,,,,,,,,,,,,0.0,0.0,0.0,0.0,0
152.84,20.2458,-8.4581,323.9302,0.0003,0.0003,323.9302,,,,,,,,,,,,0.0,0.0,0.0,0.0,0
152.86,20.2458,-8.4581,323.9302,0.0003,0.0003,323.9302,,,,,,,,,,,,0.0,0.0,0.0,0.0,0
152.88,20.2458,-8.4581,323.9302,0.0003,0.0003,323.9302,,,,,,,,,,,,0.0,0.0,0.0,0.0,0
152.9,20.2458,-8.4581,323.9302,0.0003,0.0003,323.9302,,,,,,,,,,,,0.0,0.0,0.0,0.0,0
152.92,20.1984,-8.6478,324.1787,0.0003,0.0003,324.1787,,,,,,,,,,,,0.0,0.0,0.0,0.0,0
152.94,20.1984,-8.6478,324.1787,0.0003,0.0003,324.1787,,,,,,,,,,,,0.0,0.0,0.0,0.0,0
152.96,20.1984,-8.6478,324.1787,0.0003,0.0003,324.1787,,,,,,,,,,,,0.0,0.0,0.0,0.0,0
152.98,20.1984,-8.6478,324.1787,0.0003,0.0003,324.1787,,,,,,,,,,,,0.0,0.0,0.0,0.0,0
153.0,20.3785,-8.5129,324.2819,0.0003,0.0003,324.2819,,,,,,,,,,,,0.0,0.0,0.0,0.0,0
153.02,20.3785,-8.5129,324.2819,0.0003,0.0003,324.2819,,,,,,,,,,,,0.0,0.0,0.0,0.0,0
153.04,20.3785,-8.5129,324.2819,0.0003,0.0003,324.2819,,,,,,,,,,,,0.0,0.0,0.0,0.0,0
153.06,20.3785,-8.5129,324.2819,0.0003,0.0003,324.2819,,,,,,,,,,,,0.0,0.0,0.0,0.0,0
153.08,20.3785,-8.5129,324.2819,0.0003,0.0003,324.2819,,,,,,,,,,,,0.0,0.0,0.0,0.0,0
153.1,20.3785,-8.5129,324.2819,0.0003,0.0003,324.2819,,,,,,,,,,,,0.0,0.0,0.0,0.0,0
153.12,20.55,-8.4355,324.4465,0.0003,0.0003,324.4465,,,,,,,,,,,,0.0,0.0,0.0,0.0,0
153.14,20.55,-8.4355,324.4465,0.0003,0.0003,324.4465,,,,,,,,,,,,0.0,0.0,0.0,0.0,0
153.16,20.55,-8.4355,324.4465,0.0003,0.0003,324.4465,,,,,,,,,,,,0.0,0.0,0.0,0.0,0
153.18,20.55,-8.4355,324.4465,0.0003,0.0003,324.4465,,,,,,,,,,,,0.0,0.0,0.0,0.0,0
153.2,20.4473,-8.5652,324.4958,0.0003,0.0003,324.4958,,,,,,,,,,,,0.0,0.0,0.0,0.0,0
153.22,20.4473,-8.5652,324.4958,0.0003,0.0003,324.4958,,,,,,,,,,,,0.0,0.0,0.0,0.0,0
153.24,20.4473,-8.5652,324.4958,0.0003,0.0003,324.4958,,,,,,,,,,,,0.0,0.0,0.0,0.0,0
153.26,20.4473,-8.5652,324.4958,0.0003,0.0003,324.4958,,,,,,,,,,,,0.0,0.0,0.0,0.0,0
153.28,20.4473,-8.5652,324.4958,0.0003,0.0003,324.4958,,,,,,,,,,,,0.0,0.0,0.0,0.0,0
153.3,20.4473,-8.5652,324.4958,0.0003,0.0003,324.4958,,,,,,,,,,,,0.0,0.0,0.0,0.0,0
153.32,20.3223,-8.5856,324.6156,0.0003,0.0003,324.6156,,,,,,,,,,,,0.0,0.0,0.0,0.0,0
153.34,20.3223,-8.5856,324.6156,0.0003,0.0003,324.6156,,,,,,,,,,,,0.0,0.0,0.0,0.0,0
153.36,20.3223,-8.5856,324.6156,0.0003,0.0003,324.6156,,,,,,,,,,,,0.0,0.0,0.0,0.0,0
153.38,20.3223,-8.5856,324.6156,0.0003,0.0003,324.6156,,,,,,,,,,,,0.0,0.0,0.0,0.0,0
153.4,20.2007,-8.6217,324.6834,0.0003,0.0003,324.6834,,,,,,,,,,,,0.0,0.0,0.0,0.0,0
153.42,20.2007,-8.6217,324.6834,0.0003,0.0003,324.6834,,,,,,,,,,,,0.0,0.0,0.0,0.0,0
153.44,20.2007,-8.6217,324.6834,0.0003,0.0003,324.6834,,,,,,,,,,,,0.0,0.0,0.0,0.0,0
153.46,20.2007,-8.6217,324.6834,0.0003,0.0003,324.6834,,,,,,,,,,,,0.0,0.0,0.0,0.0,0
153.48,20.2007,-8.6217,324.6834,0.0003,0.0003,324.6834,,,,,,,,,,,,0.0,0.0,0.0,0.0,0
153.5,20.2007,-8.6217,324.6834,0.0003,0.0003,324.6834,,,,,,,,,,,,0.0,0.0,0.0,0.0,0
153.52,20.0984,-8.6124,324.7608,0.0003,0.0003,324.7608,,,,,,,,,,,,0.0,0.0,0.0,0.0,0
153.54,20.0984,-8.6124,324.7608,0.0003,0.0003,324.7608,,,,,,,,,,,,0.0,0.0,0.0,0.0,0
153.56,20.0984,-8.6124,324.7608,0.0003,0.0003,324.7608,,,,,,,,,,,,0.0,0.0,0.0,0.0,0
153.58,20.0984,-8.6124,324.7608,0.0003,0.0003,324.7608,,,,,,,,,,,,0.0,0.0,0.0,0.0,0
153.6,20.0025,-8.6356,324.816,0.0003,0.0003,324.816,,,,,,,,,,,,0.0,0.0,0.0,0.0,0
153.62,20.0025,-8.6356,324.816,0.0003,0.0003,324.816,,,,,,,,,,,,0.0,0.0,0.0,0.0,0
153.64,20.0025,-8.6356,324.816,0.0003,0.0003,324.816,,,,,,,,,,,,0.0,0.0,0.0,0.0,0
153.66,20.0025,-8.6356,324.816,0.0003,0.0003,324.816,,,,,,,,,,,,0.0,0.0,0.0,0.0,0
153.68,20.0025,-8.6356,324.816,0.0003,0.0003,324.816,,,,,,,,,,,,0.0,0.0,0.0,0.0,0
153.7,20.0025,-8.6356,324.816,0.0003,0.0003,324.816,,,,,,,,,,,,0.0,0.0,0.0,0.0,0
153.72,19.9858,-8.6225,324.8651,0.0003,0.0003,324.8651,,,,,,,,,,,,0.0,0.0,0.0,0.0,0
153.74,19.9858,-8.6225,324.8651,0.0003,0.0003,324.8651,,,,,,,,,,,,0.0,0.0,0.0,0.0,0
153.76,19.9858,-8.6225,324.8651,0.0003,0.0003,324.8651,,,,,,,,,,,,0.0,0.0,0.0,0.0,0
153.78,19.9858,-8.6225,324.8651,0.0003,0.0003,324.8651,,,,,,,,,,,,0.0,0.0,0.0,0.0,0
153.8,20.0776,-8.6034,324.9709,0.0003,0.0003,324.9709,,,,,,,,,,,,0.0,0.0,0.0,0.0,0
153.82,20.0776,-8.6034,324.9709,0.0003,0.0003,324.9709,,,,,,,,,,,,0.0,0.0,0.0,0.0,0
153.84,20.0776,-8.6034,324.9709,0.0003,0.0003,324.9709,,,,,,,,,,,,0.0,0.0,0.0,0.0,0
153.86,20.0776,-8.6034,324.9709,0.0003,0.0003,324.9709,,,,,,,,,,,,0.0,0.0,0.0,0.0,0
153.88,20.0776,-8.6034,324.9709,0.0003,0.0003,324.9709,,,,,,,,,,,,0.0,0.0,0.0,0.0,0
153.9,20.0776,-8.6034,324.9709,0.0003,0.0003,324.9709,,,,,,,,,,,,0.0,0.0,0.0,0.0,0
153.92,20.1119,-8.5098,325.1211,0.0003,0.0003,325.1211,,,,,,,,,,,,0.0,0.0,0.0,0.0,0
153.94,20.1119,-8.5098,325.1211,0.0003,0.0003,325.1211,,,,,,,,,,,,0.0,0.0,0.0,0.0,0
153.96,20.1119,-8.5098,325.1211,0.0003,0.0003,325.1211,,,,,,,,,,,,0.0,0.0,0.0,0.0,0
153.98,20.1119,-8.5098,325.1211,0.0003,0.0003,325.1211,,,,,,,,,,,,0.0,0.0,0.0,0.0,0
154.0,20.1444,-8.52,325.2091,0.0003,0.0003,325.2091,,,,,,,,,,,,0.0,0.0,0.0,0.0,0
154.02,20.1444,-8.52,325.2091,0.0003,0.0003,325.2091,,,,,,,,,,,,0.0,0.0,0.0,0.0,0
154.04,20.1444,-8.52,325.2091,0.0003,0.0003,325.2091,,,,,,,,,,,,0.0,0.0,0.0,0.0,0
154.06,20.1444,-8.52,325.2091,0.0003,0.0003,325.2091,,,,,,,,,,,,0.0,0.0,0.0,0.0,0
154.08,20.1444,-8.52,325.2091,0.0003,0.0003,325.2091,,,,,,,,,,,,0.0,0.0,0.0,0.0,0
154.1,20.1444,-8.52,325.2091,0.0003,0.0003,325.2091,,,,,,,,,,,,0.0,0.0,0.0,0.0,0
154.12,20.1885,-8.4835,325.2635,0.0003,0.0003,325.2635,,,,,,,,,,,,0.0,0.0,0.0,0.0,0
154.14,20.1885,-8.4835,325.2635,0.0003,0.0003,325.2635,,,,,,,,,,,,0.0,0.0,0.0,0.0,0
154.16,20.1885,-8.4835,325.2635,0.0003,0.0003,325.2635,,,,,,,,,,,,0.0,0.0,0.0,0.0,0
154.18,20.1885,-8.4835,325.2635,0.0003,0.0003,325.2635,,,,,,,,,,,,0.0,0.0,0.0,0.0,0
154.2,20.2076,-8.4451,325.2948,0.0003,0.0003,325.2948,,,,,,,,,,,,0.0,0.0,0.0,0.0,0
154.22,20.2076,-8.4451,325.2948,0.0003,0.0003,325.2948,,,,,,,,,,,,0.03,0.03,0.03,0.03,0
154.24,20.2076,-8.4451,325.2948,0.0003,0.0003,325.2948,,,,,,,,,,,,0.03,0.03,0.03,0.03,0
154.26,20.2076,-8.4451,325.2948,0.0003,0.0003,325.2948,,,,,,,,,,,,0.03,0.03,0.03,0.03,0
154.28,20.2076,-8.4451,325.2948,0.0003,0.0003,325.2948,,,,,,,,,,,,0.03,0.03,0.03,0.03,0
154.3,20.2076,-8.4451,325.2948,0.0003,0.0003,325.2948,,,,,,,,,,,,0.03,0.03,0.03,0.03,0
154.32,20.1678,-8.4575,325.3323,0.0003,0.0003,325.3323,,,,,,,,,,,,0.06,0.06,0.06,0.06,0
154.34,20.1678,-8.4575,325.3323,0.0003,0.0003,325.3323,,,,,,,,,,,,0.06,0.06,0.06,0.06,0
154.36,20.1678,-8.4575,325.3323,0.0003,0.0003,325.3323,,,,,,,,,,,,0.06,0.06,0.06,0.06,0
154.38,20.1678,-8.4575,325.3323,0.0003,0.0003,325.3323,,,,,,,,,,,,0.06,0.06,0.06,0.06,0
154.4,20.2148,-8.3877,325.3714,0.0003,0.0003,325.3714,,,,,,,,,,,,0.06,0.06,0.06,0.06,0
154.42,20.2148,-8.3877,325.3714,0.0003,0.0003,325.3714,,,,,,,,,,,,0.09,0.09,0.09,0.09,0
154.44,20.2148,-8.3877,325.3714,0.0003,0.0003,325.3714,,,,,,,,,,,,0.09,0.09,0.09,0.09,0
154.46,20.2148,-8.3877,325.3714,0.0003,0.0003,325.3714,,,,,,,,,,,,0.09,0.09,0.09,0.09,0
154.48,20.2148,-8.3877,325.3714,0.0003,0.0003,325.3714,,,,,,,,,,,,0.09,0.09,0.09,0.09,0
154.5,20.2148,-8.3877,325.3714,0.0003,0.0003,325.3714,,,,,,,,,,,,0.09,0.09,0.09,0.09,0
154.52,20.1928,-8.3754,325.4107,0.0003,0.0003,325.4107,,,,,,,,,,,,0.12,0.12,0.12,0.12,0
154.54,20.1928,-8.3754,325.4107,0.0003,0.0003,325.4107,,,,,,,,,,,,0.12,0.12,0.12,0.12,0
154.56,20.1928,-8.3754,325.4107,0.0003,0.0003,325.4107,,,,,,,,,,,,0.12,0.12,0.12,0.12,0
154.58,20.1928,-8.3754,325.4107,0.0003,0.0003,325.4107,,,,,,,,,,,,0.12,0.12,0.12,0.12,0
154.6,20.2349,-8.3527,325.4617,0.0003,0.0003,325.4609,,,,,,,,,,,,0.12,0.12,0.12,0.12,0
154.62,20.2349,-8.3527,325.4617,0.0003,0.0003,325.4609,,,,,,,,,,,,0.15,0.15,0.15,0.15,0
154.64,20.2349,-8.3527,325.4617,0.0003,0.0003,325.4609,,,,,,,,,,,,0.15,0.15,0.15,0.15,0
154.66,20.2349,-8.3527,325.4617,0.0003,0.0003,325.4609,,,,,,,,,,,,0.15,0.15,0.15,0.15,0
154.68,20.2349,-8.3527,325.4617,0.0003,0.0003,325.4609,,,,,,,,,,,,0.15,0.15,0.15,0.15,0
154.7,20.2349,-8.3527,325.4617,0.0003,0.0003,325.4609,,,,,,,,,,,,0.15,0.15,0.15,0.15,0
154.72,20.2598,-8.3405,325.5016,0.0003,0.0003,325.4609,,,,,,,,,,,,0.594,0.225,0.396,0.53,0
154.74,20.2598,-8.3405,325.5016,0.0003,0.0003,325.4609,,,,,,,,,,,,0.594,0.225,0.396,0.53,0
154.76,20.2598,-8.3405,325.5016,0.0003,0.0003,325.4609,,,,,,,,,,,,0.594,0.225,0.396,0.53,0
154.78,20.2598,-8.3405,325.5016,0.0003,0.0003,325.4609,,,,,,,,,,,,0.594,0.225,0.396,0.53,0
154.8,20.2624,-8.1413,325.5648,0.0003,0.0003,325.4609,,,,,,,,,,,,0.594,0.225,0.396,0.53,0
154.82,20.2624,-8.1413,325.5648,0.0003,0.0003,325.4609,,,,,,,,,,,,0.757,0.479,0.596,0.697,0
154.84,20.2624,-8.1413,325.5648,0.0003,0.0003,325.4609,,,,,,,,,,,,0.757,0.479,0.596,0.697,0
154.86,20.2624,-8.1413,325.5648,0.0003,0.0003,325.4609,,,,,,,,,,,,0.757,0.479,0.596,0.697,0
154.88,20.2624,-8.1413,325.5648,0.0003,0.0003,325.4609,,,,,,,,,,,,0.757,0.479,0.596,0.697,0
154.9,20.2624,-8.1413,325.5648,0.0003,0.0003,325.4609,,,,,,,,,,,,0.757,0.479,0.596,0.697,0
154.92,20.2583,-8.1075,325.66,0.0003,0.0003,325.4609,,,,,,,,,,,,0.892,0.644,0.741,0.842,0
154.94,20.2583,-8.1075,325.66,0.0003,0.0003,325.4609,,,,,,,,,,,,0.892,0.644,0.741,0.842,0
154.96,20.2583,-8.1075,325.66,0.0003,0.0003,325.4609,,,,,,,,,,,,0.892,0.644,0.741,0.842,0
154.98,20.2583,-8.1075,325.66,0.0003,0.0003,325.4609,,,,,,,,,,,,0.892,0.644,0.741,0.842,0
155.0,20.242,-8.1112,325.6994,0.0003,0.0003,325.4609,,,,,,,,,,,,0.892,0.644,0.741,0.842,0
155.02,20.242,-8.1112,325.6994,0.0003,0.0003,325.4609,,,,,,,,,,,,0.949,0.697,0.796,0.896,0
155.04,20.242,-8.1112,325.6994,0.0003,0.0003,325.4609,,,,,,,,,,,,0.949,0.697,0.796,0.896,0
155.06,20.242,-8.1112,325.6994,0.0003,0.0003,325.4609,,,,,,,,,,,,0.949,0.697,0.796,0.896,0
155.08,20.242,-8.1112,325.6994,0.0003,0.0003,325.4609,,,,,,,,,,,,0.949,0.697,0.796,0.896,0
155.1,20.242,-8.1112,325.6994,0.0003,0.0003,325.4609,,,,,,,,,,,,0.949,0.697,0.796,0.896,0
155.12,20.1981,-8.0244,325.7367,0.0003,0.0003,325.4609,,,,,,,,,,,,0.949,0.68,0.781,0.896,0
155.14,20.1981,-8.0244,325.7367,0.0003,0.0003,325.4609,,,,,,,,,,,,0.949,0.68,0.781,0.896,0
155.16,20.1981,-8.0244,325.7367,0.0003,0.0003,325.4609,,,,,,,,,,,,0.949,0.68,0.781,0.896,0
155.18,20.1981,-8.0244,325.7367,0.0003,0.0003,325.4609,,,,,,,,,,,,0.949,0.68,0.781,0.896,0
155.2,20.1491,-8.0538,325.739,0.0003,0.0003,325.4609,,,,,,,,,,,,0.949,0.68,0.781,0.896,0
155.22,20.1491,-8.0538,325.739,0.0003,0.0003,325.4609,,,,,,,,,,,,0.949,0.651,0.765,0.888,0
155.24,20.1491,-8.0538,325.739,0.0003,0.0003,325.4609,,,,,,,,,,,,0.949,0.651,0.765,0.888,0
155.26,20.1491,-8.0538,325.739,0.0003,0.0003,325.4609,,,,,,,,,,,,0.949,0.651,0.765,0.888,0
155.28,20.1491,-8.0538,325.739,0.0003,0.0003,325.4609,,,,,,,,,,,,0.949,0.651,0.765,0.888,0
155.3,20.1491,-8.0538,325.739,0.0003,0.0003,325.4609,,,,,,,,,,,,0.949,0.651,0.765,0.888,0
155.32,20.1243,-7.9728,325.8045,0.0002,0.0002,325.7177,,,,,,,,,,,,0.764,0.306,0.51,0.666,0
155.34,20.1243,-7.9728,325.8045,0.0002,0.0002,325.7177,,,,,,,,,,,,0.764,0.306,0.51,0.666,0
155.36,20.1243,-7.9728,325.8045,0.0002,0.0002,325.7177,,,,,,,,,,,,0.764,0.306,0.51,0.666,0
155.38,20.1243,-7.9728,325.8045,0.0002,0.0002,325.7177,,,,,,,,,,,,0.764,0.306,0.51,0.666,0
155.4,20.0844,-7.9897,325.8243,0.0001,0.0001,326.6112,,,,,,,,,,,,0.764,0.306,0.51,0.666,0
155.42,20.0844,-7.9897,325.8243,0.0001,0.0001,326.6112,,,,,,,,,,,,0.333,0.15,0.215,0.287,0
155.44,20.0844,-7.9897,325.8243,0.0001,0.0001,326.6112,,,,,,,,,,,,0.333,0.15,0.215,0.287,0
155.46,20.0844,-7.9897,325.8243,0.0001,0.0001,326.6112,,,,,,,,,,,,0.333,0.15,0.215,0.287,0
155.48,20.0844,-7.9897,325.8243,0.0001,0.0001,326.6112,,,,,,,,,,,,0.333,0.15,0.215,0.287,0
155.5,20.0844,-7.9897,325.8243,0.0001,0.0001,326.6112,,,,,,,,,,,,0.333,0.15,0.215,0.287,0
155.52,19.9944,-7.9857,325.8614,0.0001,0.0001,326.8043,,,,,,,,,,,,0.288,0.15,0.197,0.255,0
155.54,19.9944,-7.9857,325.8614,0.0001,0.0001,326.8043,,,,,,,,,,,,0.288,0.15,0.197,0.255,0
155.56,19.9944,-7.9857,325.8614,0.0001,0.0001,326.8043,,,,,,,,,,,,0.288,0.15,0.197,0.255,0
155.58,19.9944,-7.9857,325.8614,0.0001,0.0001,326.8043,,,,,,,,,,,,0.288,0.15,0.197,0.255,0
155.6,19.9079,-7.8748,325.9164,0.0,0.0,325.8189,,,,,,,,,,,,0.288,0.15,0.197,0.255,0
155.62,19.9079,-7.8748,325.9164,0.0,0.0,325.8189,,,,,,,,,,,,0.281,0.15,0.204,0.257,0
155.64,19.9079,-7.8748,325.9164,0.0,0.0,325.8189,,,,,,,,,,,,0.281,0.15,0.204,0.257,0
155.66,19.9079,-7.8748,325.9164,0.0,0.0,325.8189,,,,,,,,,,,,0.281,0.15,0.204,0.257,0
155.68,19.9079,-7.8748,325.9164,0.0,0.0,325.8189,,,,,,,,,,,,0.281,0.15,0.204,0.257,0
155.7,19.9079,-7.8748,325.9164,0.0,0.0,325.8189,,,,,,,,,,,,0.281,0.15,0.204,0.257,0
155.72,20.2073,-7.8849,325.8293,0.0,0.0,325.723,,,,,,,,,,,,0.283,0.15,0.202,0.256,0
155.74,20.2073,-7.8849,325.8293,0.0,0.0,325.723,,,,,,,,,,,,0.283,0.15,0.202,0.256,0
155.76,20.2073,-7.8849,325.8293,0.0,0.0,325.723,,,,,,,,,,,,0.283,0.15,0.202,0.256,0
155.78,20.2073,-7.8849,325.8293,0.0,0.0,325.723,,,,,,,,,,,,0.283,0.15,0.202,0.256,0
155.8,20.8595,-8.0534,325.5141,0.0,0.0,325.723,,,,,,,,,,,,0.283,0.15,0.202,0.256,0
155.82,20.8595,-8.0534,325.5141,0.0,0.0,325.723,,,,,,,,,,,,0.285,0.15,0.198,0.257,0
155.84,20.8595,-8.0534,325.5141,0.0,0.0,325.723,,,,,,,,,,,,0.285,0.15,0.198,0.257,0
155.86,20.8595,-8.0534,325.5141,0.0,0.0,325.723,,,,,,,,,,,,0.285,0.15,0.198,0.257,0
155.88,20.8595,-8.0534,325.5141,0.0,0.0,325.723,,,,,,,,,,,,0.285,0.15,0.198,0.257,0
155.9,20.8595,-8.0534,325.5141,0.0,0.0,325.723,,,,,,,,,,,,0.285,0.15,0.198,0.257,0
155.92,20.2419,-8.7075,325.3747,0.0,0.0,325.723,,,,,,,,,,,,0.284,0.15,0.214,0.245,0
155.94,20.2419,-8.7075,325.3747,0.0,0.0,325.723,,,,,,,,,,,,0.284,0.15,0.214,0.245,0
155.96,20.2419,-8.7075,325.3747,0.0,0.0,325.723,,,,,,,,,,,,0.284,0.15,0.214,0.245,0
155.98,20.2419,-8.7075,325.3747,0.0,0.0,325.723,,,,,,,,,,,,0.284,0.15,0.214,0.245,0
156.0,18.3368,-10.0672,325.1254,0.0,0.0,325.723,,,,,,,,,,,,0.284,0.15,0.214,0.245,0
156.02,18.3368,-10.0672,325.1254,0.0,0.0,325.723,,,,,,,,,,,,0.283,0.15,0.201,0.256,0
156.04,18.3368,-10.0672,325.1254,0.0,0.0,325.723,,,,,,,,,,,,0.283,0.15,0.201,0.256,0
156.06,18.3368,-10.0672,325.1254,0.0,0.0,325.723,,,,,,,,,,,,0.283,0.15,0.201,0.256,0
156.08,18.3368,-10.0672,325.1254,0.0,0.0,325.723,,,,,,,,,,,,0.283,0.15,0.201,0.256,0
156.1,18.3368,-10.0672,325.1254,0.0,0.0,325.723,,,,,,,,,,,,0.283,0.15,0.201,0.256,0
156.12,18.9785,-10.2057,324.4366,0.0,0.0,325.723,,,,,,,,,,,,0.289,0.15,0.211,0.241,0
156.14,18.9785,-10.2057,324.4366,0.0,0.0,325.723,,,,,,,,,,,,0.289,0.15,0.211,0.241,0
156.16,18.9785,-10.2057,324.4366,0.0,0.0,325.723,,,,,,,,,,,,0.289,0.15,0.211,0.241,0
156.18,18.9785,-10.2057,324.4366,0.0,0.0,325.723,,,,,,,,,,,,0.289,0.15,0.211,0.241,0
156.2,17.8808,-11.3599,324.461,0.0,0.0,325.723,,,,,,,,,,,,0.289,0.15,0.211,0.241,0
156.22,17.8808,-11.3599,324.461,0.0,0.0,325.723,,,,,,,,,,,,0.285,0.15,0.218,0.24,0
156.24,17.8808,-11.3599,324.461,0.0,0.0,325.723,,,,,,,,,,,,0.285,0.15,0.218,0.24,0
156.26,17.8808,-11.3599,324.461,0.0,0.0,325.723,,,,,,,,,,,,0.285,0.15,0.218,0.24,0
156.28,17.8808,-11.3599,324.461,0.0,0.0,325.723,,,,,,,,,,,,0.285,0.15,0.218,0.24,0
156.3,17.8808,-11.3599,324.461,0.0,0.0,325.723,,,,,,,,,,,,0.285,0.15,0.218,0.24,0
156.32,10.8375,-17.9385,324.723,0.0,0.0,325.723,,,,,,,,,,,,0.15,0.15,0.15,0.15,0
156.34,10.8375,-17.9385,324.723,0.0,0.0,325.723,,,,,,,,,,,,0.15,0.15,0.15,0.15,0
156.36,10.8375,-17.9385,324.723,0.0,0.0,325.723,,,,,,,,,,,,0.15,0.15,0.15,0.15,0
156.38,10.8375,-17.9385,324.723,0.0,0.0,325.723,,,,,,,,,,,,0.15,0.15,0.15,0.15,0
156.4,-3.2667,-21.7985,327.3111,0.0,0.0,327.3111,,,,,,,,,,,,0.15,0.15,0.15,0.15,0
156.42,-3.2667,-21.7985,327.3111,0.0,0.0,327.3111,,,,,,,,,,,,0.12,0.12,0.12,0.12,0
156.44,-3.2667,-21.7985,327.3111,0.0,0.0,327.3111,,,,,,,,,,,,0.12,0.12,0.12,0.12,0
156.46,-3.2667,-21.7985,327.3111,0.0,0.0,327.3111,,,,,,,,,,,,0.12,0.12,0.12,0.12,0
156.48,-3.2667,-21.7985,327.3111,0.0,0.0,327.3111,,,,,,,,,,,,0.12,0.12,0.12,0.12,0
156.5,-3.2667,-21.7985,327.3111,0.0,0.0,327.3111,,,,,,,,,,,,0.12,0.12,0.12,0.12,0
156.52,-5.2943,-23.3405,327.4139,0.0,0.0,327.4139,,,,,,,,,,,,0.0,0.0,0.0,0.0,0
156.54,-5.2943,-23.3405,327.4139,0.0,0.0,327.4139,,,,,,,,,,,,0.0,0.0,0.0,0.0,0
156.56,-5.2943,-23.3405,327.4139,0.0,0.0,327.4139,,,,,,,,,,,,0.0,0.0,0.0,0.0,0
156.58,-5.2943,-23.3405,327.4139,0.0,0.0,327.4139,,,,,,,,,,,,0.0,0.0,0.0,0.0,0
156.6,-6.7779,-23.9132,327.6046,0.0,0.0,327.6046,,,,,,,,,,,,0.0,0.0,0.0,0.0,0
156.62,-6.7779,-23.9132,327.6046,0.0,0.0,327.6046,,,,,,,,,,,,0.0,0.0,0.0,0.0,0
156.64,-6.7779,-23.9132,327.6046,0.0,0.0,327.6046,,,,,,,,,,,,0.0,0.0,0.0,0.0,0
156.66,-6.7779,-23.9132,327.6046,0.0,0.0,327.6046,,,,,,,,,,,,0.0,0.0,0.0,0.0,0
156.68,-6.7779,-23.9132,327.6046,0.0,0.0,327.6046,,,,,,,,,,,,0.0,0.0,0.0,0.0,0
156.7,-6.7779,-23.9132,327.6046,0.0,0.0,327.6046,,,,,,,,,,,,0.0,0.0,0.0,0.0,0
156.72,-7.0135,-23.9391,327.3103,0.0,0.0,327.3103,,,,,,,,,,,,0.0,0.0,0.0,0.0,0
156.74,-7.0135,-23.9391,327.3103,0.0,0.0,327.3103,,,,,,,,,,,,0.0,0.0,0.0,0.0,0
156.76,-7.0135,-23.9391,327.3103,0.0,0.0,327.3103,,,,,,,,,,,,0.0,0.0,0.0,0.0,0
156.78,-7.0135,-23.9391,327.3103,0.0,0.0,327.3103,,,,,,,,,,,,0.0,0.0,0.0,0.0,0
156.8,-7.292,-24.8218,327.4758,0.0,0.0,327.4758,,,,,,,,,,,,0.0,0.0,0.0,0.0,0
156.82,-7.292,-24.8218,327.4758,0.0,0.0,327.4758,,,,,,,,,,,,0.0,0.0,0.0,0.0,0
156.84,-7.292,-24.8218,327.4758,0.0,0.0,327.4758,,,,,,,,,,,,0.0,0.0,0.0,0.0,0
156.86,-7.292,-24.8218,327.4758,0.0,0.0,327.4758,,,,,,,,,,,,0.0,0.0,0.0,0.0,0
156.88,-7.292,-24.8218,327.4758,0.0,0.0,327.4758,,,,,,,,,,,,0.0,0.0,0.0,0.0,0
156.9,-7.292,-24.8218,327.4758,0.0,0.0,327.4758,,,,,,,,,,,,0.0,0.0,0.0,0.0,0
156.92,-7.7744,-25.6368,327.5202,0.0,0.0,327.5202,,,,,,,,,,,,0.0,0.0,0.0,0.0,0
156.94,-7.7744,-25.6368,327.5202,0.0,0.0,327.5202,,,,,,,,,,,,0.0,0.0,0.0,0.0,0
156.96,-7.7744,-25.6368,327.5202,0.0,0.0,327.5202,,,,,,,,,,,,0.0,0.0,0.0,0.0,0
156.98,-7.7744,-25.6368,327.5202,0.0,0.0,327.5202,,,,,,,,,,,,0.0,0.0,0.0,0.0,0
157.0,-4.5857,-24.7317,326.7114,0.0,0.0,326.7114,,,,,,,,,,,,0.0,0.0,0.0,0.0,0
157.02,-4.5857,-24.7317,326.7114,0.0,0.0,326.7114,,,,,,,,,,,,0.0,0.0,0.0,0.0,0
157.04,-4.5857,-24.7317,326.7114,0.0,0.0,326.7114,,,,,,,,,,,,0.0,0.0,0.0,0.0,0
157.06,-4.5857,-24.7317,326.7114,0.0,0.0,326.7114,,,,,,,,,,,,0.0,0.0,0.0,0.0,0
157.08,-4.5857,-24.7317,326.7114,0.0,0.0,326.7114,,,,,,,,,,,,0.0,0.0,0.0,0.0,0
157.1,-4.5857,-24.7317,326.7114,0.0,0.0,326.7114,,,,,,,,,,,,0.0,0.0,0.0,0.0,0
157.12,-5.2254,-24.9048,327.7826,0.0,0.0,327.7826,,,,,,,,,,,,0.0,0.0,0.0,0.0,0
157.14,-5.2254,-24.9048,327.7826,0.0,0.0,327.7826,,,,,,,,,,,,0.0,0.0,0.0,0.0,0
157.16,-5.2254,-24.9048,327.7826,0.0,0.0,327.7826,,,,,,,,,,,,0.0,0.0,0.0,0.0,0
157.18,-5.2254,-24.9048,327.7826,0.0,0.0,327.7826,,,,,,,,,,,,0.0,0.0,0.0,0.0,0
157.2,-5.1135,-24.9033,327.8571,0.0,0.0,327.8571,,,,,,,,,,,,0.0,0.0,0.0,0.0,0
157.22,-5.1135,-24.9033,327.8571,0.0,0.0,327.8571,,,,,,,,,,,,0.0,0.0,0.0,0.0,0
157.24,-5.1135,-24.9033,327.8571,0.0,0.0,327.8571,,,,,,,,,,,,0.0,0.0,0.0,0.0,0
157.26,-5.1135,-24.9033,327.8571,0.0,0.0,327.8571,,,,,,,,,,,,0.0,0.0,0.0,0.0,0
157.28,-5.1135,-24.9033,327.8571,0.0,0.0,327.8571,,,,,,,,,,,,0.0,0.0,0.0,0.0,0
157.3,-5.1135,-24.9033,327.8571,0.0,0.0,327.8571,,,,,,,,,,,,0.0,0.0,0.0,0.0,0
157.32,-5.1391,-24.9959,327.8136,0.0,0.0,327.8136,,,,,,,,,,,,0.0,0.0,0.0,0.0,0
157.34,-5.1391,-24.9959,327.8136,0.0,0.0,327.8136,,,,,,,,,,,,0.0,0.0,0.0,0.0,0
157.36,-5.1391,-24.9959,327.8136,0.0,0.0,327.8136,,,,,,,,,,,,0.0,0.0,0.0,0.0,0
157.38,-5.1391,-24.9959,327.8136,0.0,0.0,327.8136,,,,,,,,,,,,0.0,0.0,0.0,0.0,0
157.4,-4.7384,-24.9986,327.9494,0.0,0.0,327.9494,,,,,,,,,,,,0.0,0.0,0.0,0.0,0
157.42,-4.7384,-24.9986,327.9494,0.0,0.0,327.9494,,,,,,,,,,,,0.0,0.0,0.0,0.0,0
157.44,-4.7384,-24.9986,327.9494,0.0,0.0,327.9494,,,,,,,,,,,,0.0,0.0,0.0,0.0,0
157.46,-4.7384,-24.9986,327.9494,0.0,0.0,327.9494,,,,,,,,,,,,0.0,0.0,0.0,0.0,0
157.48,-4.7384,-24.9986,327.9494,0.0,0.0,327.9494,,,,,,,,,,,,0.0,0.0,0.0,0.0,0
157.5,-4.7384,-24.9986,327.9494,0.0,0.0,327.9494,,,,,,,,,,,,0.0,0.0,0.0,0.0,0
157.52,-5.4198,-25.3209,328.27,0.0,0.0,328.27,,,,,,,,,,,,0.0,0.0,0.0,0.0,0
157.54,-5.4198,-25.3209,328.27,0.0,0.0,328.27,,,,,,,,,,,,0.0,0.0,0.0,0.0,0
157.56,-5.4198,-25.3209,328.27,0.0,0.0,328.27,,,,,,,,,,,,0.0,0.0,0.0,0.0,0
157.58,-5.4198,-25.3209,328.27,0.0,0.0,328.27,,,,,,,,,,,,0.0,0.0,0.0,0.0,0
157.6,-5.105,-25.2318,328.1478,0.0,0.0,328.1478,,,,,,,,,,,,0.0,0.0,0.0,0.0,0
157.62,-5.105,-25.2318,328.1478,0.0,0.0,328.1478,,,,,,,,,,,,0.0,0.0,0.0,0.0,0
157.64,-5.105,-25.2318,328.1478,0.0,0.0,328.1478,,,,,,,,,,,,0.0,0.0,0.0,0.0,0
157.66,-5.105,-25.2318,328.1478,0.0,0.0,328.1478,,,,,,,,,,,,0.0,0.0,0.0,0.0,0
157.68,-5.105,-25.2318,328.1478,0.0,0.0,328.1478,,,,,,,,,,,,0.0,0.0,0.0,0.0,0
157.7,-5.105,-25.2318,328.1478,0.0,0.0,328.1478,,,,,,,,,,,,0.0,0.0,0.0,0.0,0
157.72,-5.1524,-25.1007,327.7047,0.0,0.0,327.7047,,,,,,,,,,,,0.0,0.0,0.0,0.0,0
157.74,-5.1524,-25.1007,327.7047,0.0,0.0,327.7047,,,,,,,,,,,,0.0,0.0,0.0,0.0,0
157.76,-5.1524,-25.1007,327.7047,0.0,0.0,327.7047,,,,,,,,,,,,0.0,0.0,0.0,0.0,0
157.78,-5.1524,-25.1007,327.7047,0.0,0.0,327.7047,,,,,,,,,,,,0.0,0.0,0.0,0.0,0
157.8,-5.0997,-25.1035,327.789,0.0,0.0,327.789,,,,,,,,,,,,0.0,0.0,0.0,0.0,0
157.82,-5.0997,-25.1035,327.789,0.0,0.0,327.789,,,,,,,,,,,,0.0,0.0,0.0,0.0,0
157.84,-5.0997,-25.1035,327.789,0.0,0.0,327.789,,,,,,,,,,,,0.0,0.0,0.0,0.0,0
157.86,-5.0997,-25.1035,327.789,0.0,0.0,327.789,,,,,,,,,,,,0.0,0.0,0.0,0.0,0
157.88,-5.0997,-25.1035,327.789,0.0,0.0,327.789,,,,,,,,,,,,0.0,0.0,0.0,0.0,0
157.9,-5.0997,-25.1035,327.789,0.0,0.0,327.789,,,,,,,,,,,,0.0,0.0,0.0,0.0,0
157.92,-5.0901,-25.109,327.734,0.0,0.0,327.734,,,,,,,,,,,,0.0,0.0,0.0,0.0,0
157.94,-5.0901,-25.109,327.734,0.0,0.0,327.734,,,,,,,,,,,,0.0,0.0,0.0,0.0,0
157.96,-5.0901,-25.109,327.734,0.0,0.0,327.734,,,,,,,,,,,,0.0,0.0,0.0,0.0,0
157.98,-5.0901,-25.109,327.734,0.0,0.0,327.734,,,,,,,,,,,,0.0,0.0,0.0,0.0,0
158.0,-5.0708,-25.1215,327.6076,0.0,0.0,327.6076,,,,,,,,,,,,0.0,0.0,0.0,0.0,0
158.02,-5.0708,-25.1215,327.6076,0.0,0.0,327.6076,,,,,,,,,,,,0.0,0.0,0.0,0.0,0
158.04,-5.0708,-25.1215,327.6076,0.0,0.0,327.6076,,,,,,,,,,,,0.0,0.0,0.0,0.0,0
158.06,-5.0708,-25.1215,327.6076,0.0,0.0,327.6076,,,,,,,,,,,,0.0,0.0,0.0,0.0,0
158.08,-5.0708,-25.1215,327.6076,0.0,0.0,327.6076,,,,,,,,,,,,0.0,0.0,0.0,0.0,0
158.1,-5.0708,-25.1215,327.6076,0.0,0.0,327.6076,,,,,,,,,,,,0.0,0.0,0.0,0.0,0
158.12,-5.0341,-25.1332,327.5412,0.0,0.0,327.5412,,,,,,,,,,,,0.0,0.0,0.0,0.0,0
158.14,-5.0341,-25.1332,327.5412,0.0,0.0,327.5412,,,,,,,,,,,,0.0,0.0,0.0,0.0,0
158.16,-5.0341,-25.1332,327.5412,0.0,0.0,327.5412,,,,,,,,,,,,0.0,0.0,0.0,0.0,0
158.18,-5.0341,-25.1332,327.5412,0.0,0.0,327.5412,,,,,,,,,,,,0.0,0.0,0.0,0.0,0
158.2,-5.2252,-25.0851,327.4601,0.0,0.0,327.4601,,,,,,,,,,,,0.0,0.0,0.0,0.0,0
158.22,-5.2252,-25.0851,327.4601,0.0,0.0,327.4601,,,,,,,,,,,,0.0,0.0,0.0,0.0,0
158.24,-5.2252,-25.0851,327.4601,0.0,0.0,327.4601,,,,,,,,,,,,0.0,0.0,0.0,0.0,0
158.26,-5.2252,-25.0851,327.4601,0.0,0.0,327.4601,,,,,,,,,,,,0.0,0.0,0.0,0.0,0
158.28,-5.2252,-25.0851,327.4601,0.0,0.0,327.4601,,,,,,,,,,,,0.0,0.0,0.0,0.0,0
158.3,-5.2252,-25.0851,327.4601,0.0,0.0,327.4601,,,,,,,,,,,,0.0,0.0,0.0,0.0,0
158.32,-5.3087,-25.0084,327.4211,0.0,0.0,327.4211,,,,,,,,,,,,0.0,0.0,0.0,0.0,0
158.34,-5.3087,-25.0084,327.4211,0.0,0.0,327.4211,,,,,,,,,,,,0.0,0.0,0.0,0.0,0
158.36,-5.3087,-25.0084,327.4211,0.0,0.0,327.4211,,,,,,,,,,,,0.0,0.0,0.0,0.0,0
158.38,-5.3087,-25.0084,327.4211,0.0,0.0,327.4211,,,,,,,,,,,,0.0,0.0,0.0,0.0,0
158.4,-5.3039,-25.0638,327.3575,0.0,0.0,327.3575,,,,,,,,,,,,0.0,0.0,0.0,0.0,0
158.42,-5.3039,-25.0638,327.3575,0.0,0.0,327.3575,,,,,,,,,,,,0.0,0.0,0.0,0.0,0
158.44,-5.3039,-25.0638,327.3575,0.0,0.0,327.3575,,,,,,,,,,,,0.0,0.0,0.0,0.0,0
158.46,-5.3039,-25.0638,327.3575,0.0,0.0,327.3575,,,,,,,,,,,,0.0,0.0,0.0,0.0,0
158.48,-5.3039,-25.0638,327.3575,0.0,0.0,327.3575,,,,,,,,,,,,0.0,0.0,0.0,0.0,0
158.5,-5.3039,-25.0638,327.3575,0.0,0.0,327.3575,,,,,,,,,,,,0.0,0.0,0.0,0.0,0
158.52,-5.2288,-25.0592,327.1995,0.0,0.0,327.1995,,,,,,,,,,,,0.0,0.0,0.0,0.0,0
158.54,-5.2288,-25.0592,327.1995,0.0,0.0,327.1995,,,,,,,,,,,,0.0,0.0,0.0,0.0,0
158.56,-5.2288,-25.0592,327.1995,0.0,0.0,327.1995,,,,,,,,,,,,0.0,0.0,0.0,0.0,0
158.58,-5.2288,-25.0592,327.1995,0.0,0.0,327.1995,,,,,,,,,,,,0.0,0.0,0.0,0.0,0
158.6,-5.2844,-25.0536,327.1989,0.0,0.0,327.1989,,,,,,,,,,,,0.0,0.0,0.0,0.0,0
158.62,-5.2844,-25.0536,327.1989,0.0,0.0,327.1989,,,,,,,,,,,,0.0,0.0,0.0,0.0,0
158.64,-5.2844,-25.0536,327.1989,0.0,0.0,327.1989,,,,,,,,,,,,0.0,0.0,0.0,0.0,0
158.66,-5.2844,-25.0536,327.1989,0.0,0.0,327.1989,,,,,,,,,,,,0.0,0.0,0.0,0.0,0
158.68,-5.2844,-25.0536,327.1989,0.0,0.0,327.1989,,,,,,,,,,,,0.0,0.0,0.0,0.0,0
158.7,-5.2844,-25.0536,327.1989,0.0,0.0,327.1989,,,,,,,,,,,,0.0,0.0,0.0,0.0,0
158.72,-5.3102,-25.0448,327.1391,0.0,0.0,327.1391,,,,,,,,,,,,0.0,0.0,0.0,0.0,0
158.74,-5.3102,-25.0448,327.1391,0.0,0.0,327.1391,,,,,,,,,,,,0.0,0.0,0.0,0.0,0
158.76,-5.3102,-25.0448,327.1391,0.0,0.0,327.1391,,,,,,,,,,,,0.0,0.0,0.0,0.0,0
158.78,-5.3102,-25.0448,327.1391,0.0,0.0,327.1391,,,,,,,,,,,,0.0,0.0,0.0,0.0,0
158.8,-5.3122,-25.0613,327.0474,0.0,0.0,327.0474,,,,,,,,,,,,0.0,0.0,0.0,0.0,0
158.82,-5.3122,-25.0613,327.0474,0.0,0.0,327.0474,,,,,,,,,,,,0.0,0.0,0.0,0.0,0
158.84,-5.3122,-25.0613,327.0474,0.0,0.0,327.0474,,,,,,,,,,,,0.0,0.0,0.0,0.0,0
158.86,-5.3122,-25.0613,327.0474,0.0,0.0,327.0474,,,,,,,,,,,,0.0,0.0,0.0,0.0,0
158.88,-5.3122,-25.0613,327.0474,0.0,0.0,327.0474,,,,,,,,,,,,0.0,0.0,0.0,0.0,0
158.9,-5.3122,-25.0613,327.0474,0.0,0.0,327.0474,,,,,,,,,,,,0.0,0.0,0.0,0.0,0
158.92,-5.331,-25.0533,327.0018,0.0,0.0,327.0018,,,,,,,,,,,,0.0,0.0,0.0,0.0,0
158.94,-5.331,-25.0533,327.0018,0.0,0.0,327.0018,,,,,,,,,,,,0.0,0.0,0.0,0.0,0
158.96,-5.331,-25.0533,327.0018,0.0,0.0,327.0018,,,,,,,,,,,,0.0,0.0,0.0,0.0,0
158.98,-5.331,-25.0533,327.0018,0.0,0.0,327.0018,,,,,,,,,,,,0.0,0.0,0.0,0.0,0
159.0,-5.3181,-25.0572,326.9003,0.0,0.0,326.9003,,,,,,,,,,,,0.0,0.0,0.0,0.0,0
159.02,-5.3181,-25.0572,326.9003,0.0,0.0,326.9003,,,,,,,,,,,,0.0,0.0,0.0,0.0,0
159.04,-5.3181,-25.0572,326.9003,0.0,0.0,326.9003,,,,,,,,,,,,0.0,0.0,0.0,0.0,0
159.06,-5.3181,-25.0572,326.9003,0.0,0.0,326.9003,,,,,,,,,,,,0.0,0.0,0.0,0.0,0
159.08,-5.3181,-25.0572,326.9003,0.0,0.0,326.9003,,,,,,,,,,,,0.0,0.0,0.0,0.0,0
159.1,-5.3181,-25.0572,326.9003,0.0,0.0,326.9003,,,,,,,,,,,,0.0,0.0,0.0,0.0,0
159.12,-5.3336,-25.0518,326.7919,0.0,0.0,326.7919,,,,,,,,,,,,0.0,0.0,0.0,0.0,0
159.14,-5.3336,-25.0518,326.7919,0.0,0.0,326.7919,,,,,,,,,,,,0.0,0.0,0.0,0.0,0
159.16,-5.3336,-25.0518,326.7919,0.0,0.0,326.7919,,,,,,,,,,,,0.0,0.0,0.0,0.0,0
159.18,-5.3336,-25.0518,326.7919,0.0,0.0,326.7919,,,,,,,,,,,,0.0,0.0,0.0,0.0,0
159.2,-5.3763,-25.0421,326.7274,0.0,0.0,326.7274,,,,,,,,,,,,0.0,0.0,0.0,0.0,0
159.22,-5.3763,-25.0421,326.7274,0.0,0.0,326.7274,,,,,,,,,,,,0.0,0.0,0.0,0.0,0
159.24,-5.3763,-25.0421,326.7274,0.0,0.0,326.7274,,,,,,,,,,,,0.0,0.0,0.0,0.0,0
159.26,-5.3763,-25.0421,326.7274,0.0,0.0,326.7274,,,,,,,,,,,,0.0,0.0,0.0,0.0,0
159.28,-5.3763,-25.0421,326.7274,0.0,0.0,326.7274,,,,,,,,,,,,0.0,0.0,0.0,0.0,0
159.3,-5.3763,-25.0421,326.7274,0.0,0.0,326.7274,,,,,,,,,,,,0.0,0.0,0.0,0.0,0
159.32,-5.4175,-25.0295,326.6308,0.0,0.0,326.6308,,,,,,,,,,,,0.0,0.0,0.0,0.0,0
159.34,-5.4175,-25.0295,326.6308,0.0,0.0,326.6308,,,,,,,,,,,,0.0,0.0,0.0,0.0,0
159.36,-5.4175,-25.0295,326.6308,0.0,0.0,326.6308,,,,,,,,,,,,0.0,0.0,0.0,0.0,0
159.38,-5.4175,-25.0295,326.6308,0.0,0.0,326.6308,,,,,,,,,,,,0.0,0.0,0.0,0.0,0
159.4,-5.421,-25.0198,326.5461,0.0,0.0,326.5461,,,,,,,,,,,,0.0,0.0,0.0,0.0,0
159.42,-5.421,-25.0198,326.5461,0.0,0.0,326.5461,,,,,,,,,,,,0.0,0.0,0.0,0.0,0
159.44,-5.421,-25.0198,326.5461,0.0,0.0,326.5461,,,,,,,,,,,,0.0,0.0,0.0,0.0,0
159.46,-5.421,-25.0198,326.5461,0.0,0.0,326.5461,,,,,,,,,,,,0.0,0.0,0.0,0.0,0
159.48,-5.421,-25.0198,326.5461,0.0,0.0,326.5461,,,,,,,,,,,,0.0,0.0,0.0,0.0,0
159.5,-5.421,-25.0198,326.5461,0.0,0.0,326.5461,,,,,,,,,,,,0.0,0.0,0.0,0.0,0
159.52,-5.4403,-24.9962,326.4971,0.0,0.0,326.4971,,,,,,,,,,,,0.0,0.0,0.0,0.0,0
159.54,-5.4403,-24.9962,326.4971,0.0,0.0,326.4971,,,,,,,,,,,,0.0,0.0,0.0,0.0,0
159.56,-5.4403,-24.9962,326.4971,0.0,0.0,326.4971,,,,,,,,,,,,0.0,0.0,0.0,0.0,0
159.58,-5.4403,-24.9962,326.4971,0.0,0.0,326.4971,,,,,,,,,,,,0.0,0.0,0.0,0.0,0
159.6,-5.3851,-24.963,326.349,0.0,0.0,326.349,,,,,,,,,,,,0.0,0.0,0.0,0.0,0
159.62,-5.3851,-24.963,326.349,0.0,0.0,326.349,,,,,,,,,,,,0.0,0.0,0.0,0.0,0
159.64,-5.3851,-24.963,326.349,0.0,0.0,326.349,,,,,,,,,,,,0.0,0.0,0.0,0.0,0
159.66,-5.3851,-24.963,326.349,0.0,0.0,326.349,,,,,,,,,,,,0.0,0.0,0.0,0.0,0
159.68,-5.3851,-24.963,326.349,0.0,0.0,326.349,,,,,,,,,,,,0.0,0.0,0.0,0.0,0
159.7,-5.3851,-24.963,326.349,0.0,0.0,326.349,,,,,,,,,,,,0.0,0.0,0.0,0.0,0
159.72,-5.4518,-24.9471,326.3357,0.0,0.0,326.3357,,,,,,,,,,,,0.0,0.0,0.0,0.0,0
159.74,-5.4518,-24.9471,326.3357,0.0,0.0,326.3357,,,,,,,,,,,,0.0,0.0,0.0,0.0,0
159.76,-5.4518,-24.9471,326.3357,0.0,0.0,326.3357,,,,,,,,,,,,0.0,0.0,0.0,0.0,0
159.78,-5.4518,-24.9471,326.3357,0.0,0.0,326.3357,,,,,,,,,,,,0.0,0.0,0.0,0.0,0
159.8,-5.4888,-24.9415,326.2829,0.0,0.0,326.2829,,,,,,,,,,,,0.0,0.0,0.0,0.0,0
159.82,-5.4888,-24.9415,326.2829,0.0,0.0,326.2829,,,,,,,,,,,,0.0,0.0,0.0,0.0,0
159.84,-5.4888,-24.9415,326.2829,0.0,0.0,326.2829,,,,,,,,,,,,0.0,0.0,0.0,0.0,0
159.86,-5.4888,-24.9415,326.2829,0.0,0.0,326.2829,,,,,,,,,,,,0.0,0.0,0.0,0.0,0
159.88,-5.4888,-24.9415,326.2829,0.0,0.0,326.2829,,,,,,,,,,,,0.0,0.0,0.0,0.0,0
159.9,-5.4888,-24.9415,326.2829,0.0,0.0,326.2829,,,,,,,,,,,,0.0,0.0,0.0,0.0,0
159.92,-5.4847,-24.9398,326.1482,0.0,0.0,326.1482,,,,,,,,,,,,0.0,0.0,0.0,0.0,0
159.94,-5.4847,-24.9398,326.1482,0.0,0.0,326.1482,,,,,,,,,,,,0.0,0.0,0.0,0.0,0
159.96,-5.4847,-24.9398,326.1482,0.0,0.0,326.1482,,,,,,,,,,,,0.0,0.0,0.0,0.0,0
159.98,-5.4847,-24.9398,326.1482,0.0,0.0,326.1482,,,,,,,,,,,,0.0,0.0,0.0,0.0,0
160.0,-5.5331,-24.9222,326.1798,0.0,0.0,326.1798,,,,,,,,,,,,0.0,0.0,0.0,0.0,0
160.02,-5.5331,-24.9222,326.1798,0.0,0.0,326.1798,,,,,,,,,,,,0.0,0.0,0.0,0.0,0
160.04,-5.5331,-24.9222,326.1798,0.0,0.0,326.1798,,,,,,,,,,,,0.0,0.0,0.0,0.0,0
160.06,-5.5331,-24.9222,326.1798,0.0,0.0,326.1798,,,,,,,,,,,,0.0,0.0,0.0,0.0,0
160.08,-5.5331,-24.9222,326.1798,0.0,0.0,326.1798,,,,,,,,,,,,0.0,0.0,0.0,0.0,0
160.1,-5.5331,-24.9222,326.1798,0.0,0.0,326.1798,,,,,,,,,,,,0.0,0.0,0.0,0.0,0
160.12,-5.5621,-24.9191,326.0646,0.0,0.0,326.0645,,,,,,,,,,,,0.0,0.0,0.0,0.0,0
160.14,-5.5621,-24.9191,326.0646,0.0,0.0,326.0645,,,,,,,,,,,,0.0,0.0,0.0,0.0,0
160.16,-5.5621,-24.9191,326.0646,0.0,0.0,326.0645,,,,,,,,,,,,0.0,0.0,0.0,0.0,0
160.18,-5.5621,-24.9191,326.0646,0.0,0.0,326.0645,,,,,,,,,,,,0.0,0.0,0.0,0.0,0
160.2,-5.5401,-24.9198,325.9273,0.0,0.0,325.9273,,,,,,,,,,,,0.0,0.0,0.0,0.0,0
160.22,-5.5401,-24.9198,325.9273,0.0,0.0,325.9273,,,,,,,,,,,,0.0,0.0,0.0,0.0,0
160.24,-5.5401,-24.9198,325.9273,0.0,0.0,325.9273,,,,,,,,,,,,0.0,0.0,0.0,0.0,0
160.26,-5.5401,-24.9198,325.9273,0.0,0.0,325.9273,,,,,,,,,,,,0.0,0.0,0.0,0.0,0
160.28,-5.5401,-24.9198,325.9273,0.0,0.0,325.9273,,,,,,,,,,,,0.0,0.0,0.0,0.0,0
160.3,-5.5401,-24.9198,325.9273,0.0,0.0,325.9273,,,,,,,,,,,,0.0,0.0,0.0,0.0,0
160.32,-5.5767,-24.9178,325.9134,0.0,0.0,325.9134,,,,,,,,,,,,0.0,0.0,0.0,0.0,0
160.34,-5.5767,-24.9178,325.9134,0.0,0.0,325.9134,,,,,,,,,,,,0.0,0.0,0.0,0.0,0
160.36,-5.5767,-24.9178,325.9134,0.0,0.0,325.9134,,,,,,,,,,,,0.0,0.0,0.0,0.0,0
160.38,-5.5767,-24.9178,325.9134,0.0,0.0,325.9134,,,,,,,,,,,,0.0,0.0,0.0,0.0,0
160.4,-5.6735,-24.8759,325.8943,0.0,0.0,325.8943,,,,,,,,,,,,0.0,0.0,0.0,0.0,0
160.42,-5.6735,-24.8759,325.8943,0.0,0.0,325.8943,,,,,,,,,,,,0.0,0.0,0.0,0.0,0
160.44,-5.6735,-24.8759,325.8943,0.0,0.0,325.8943,,,,,,,,,,,,0.0,0.0,0.0,0.0,0
160.46,-5.6735,-24.8759,325.8943,0.0,0.0,325.8943,,,,,,,,,,,,0.0,0.0,0.0,0.0,0
160.48,-5.6735,-24.8759,325.8943,0.0,0.0,325.8943,,,,,,,,,,,,0.0,0.0,0.0,0.0,0
160.5,-5.6735,-24.8759,325.8943,0.0,0.0,325.8943,,,,,,,,,,,,0.0,0.0,0.0,0.0,0
160.52,-5.9952,-24.7137,326.0694,0.0,0.0,326.0694,,,,,,,,,,,,0.0,0.0,0.0,0.0,0
160.54,-5.9952,-24.7137,326.0694,0.0,0.0,326.0694,,,,,,,,,,,,0.0,0.0,0.0,0.0,0
160.56,-5.9952,-24.7137,326.0694,0.0,0.0,326.0694,,,,,,,,,,,,0.0,0.0,0.0,0.0,0
160.58,-5.9952,-24.7137,326.0694,0.0,0.0,326.0694,,,,,,,,,,,,0.0,0.0,0.0,0.0,0
160.6,-5.9768,-24.2683,325.1635,0.0,0.0,325.1635,,,,,,,,,,,,0.0,0.0,0.0,0.0,0
160.62,-5.9768,-24.2683,325.1635,0.0,0.0,325.1635,,,,,,,,,,,,0.0,0.0,0.0,0.0,0
160.64,-5.9768,-24.2683,325.1635,0.0,0.0,325.1635,,,,,,,,,,,,0.0,0.0,0.0,0.0,0
160.66,-5.9768,-24.2683,325.1635,0.0,0.0,325.1635,,,,,,,,,,,,0.0,0.0,0.0,0.0,0
160.68,-5.9768,-24.2683,325.1635,0.0,0.0,325.1635,,,,,,,,,,,,0.0,0.0,0.0,0.0,0
160.7,-5.9768,-24.2683,325.1635,0.0,0.0,325.1635,,,,,,,,,,,,0.0,0.0,0.0,0.0,0
160.72,-6.2851,-24.4743,325.76,0.0,0.0,325.76,,,,,,,,,,,,0.0,0.0,0.0,0.0,0
160.74,-6.2851,-24.4743,325.76,0.0,0.0,325.76,,,,,,,,,,,,0.0,0.0,0.0,0.0,0
160.76,-6.2851,-24.4743,325.76,0.0,0.0,325.76,,,,,,,,,,,,0.0,0.0,0.0,0.0,0
160.78,-6.2851,-24.4743,325.76,0.0,0.0,325.76,,,,,,,,,,,,0.0,0.0,0.0,0.0,0
160.8,-6.0624,-24.1878,325.5285,0.0,0.0,325.5285,,,,,,,,,,,,0.0,0.0,0.0,0.0,0
160.82,-6.0624,-24.1878,325.5285,0.0,0.0,325.5285,,,,,,,,,,,,0.0,0.0,0.0,0.0,0
160.84,-6.0624,-24.1878,325.5285,0.0,0.0,325.5285,,,,,,,,,,,,0.0,0.0,0.0,0.0,0
160.86,-6.0624,-24.1878,325.5285,0.0,0.0,325.5285,,,,,,,,,,,,0.0,0.0,0.0,0.0,0
160.88,-6.0624,-24.1878,325.5285,0.0,0.0,325.5285,,,,,,,,,,,,0.0,0.0,0.0,0.0,0
160.9,-6.0624,-24.1878,325.5285,0.0,0.0,325.5285,,,,,,,,,,,,0.0,0.0,0.0,0.0,0
160.92,-6.5672,-24.0887,325.6508,0.0,0.0,325.6508,,,,,,,,,,,,0.0,0.0,0.0,0.0,0
160.94,-6.5672,-24.0887,325.6508,0.0,0.0,325.6508,,,,,,,,,,,,0.0,0.0,0.0,0.0,0
160.96,-6.5672,-24.0887,325.6508,0.0,0.0,325.6508,,,,,,,,,,,,0.0,0.0,0.0,0.0,0
160.98,-6.5672,-24.0887,325.6508,0.0,0.0,325.6508,,,,,,,,,,,,0.0,0.0,0.0,0.0,0
161.0,-5.4659,-24.565,324.8611,0.0,0.0,324.861,,,,,,,,,,,,0.0,0.0,0.0,0.0,0
161.02,-5.4659,-24.565,324.8611,0.0,0.0,324.861,,,,,,,,,,,,0.0,0.0,0.0,0.0,0
161.04,-5.4659,-24.565,324.8611,0.0,0.0,324.861,,,,,,,,,,,,0.0,0.0,0.0,0.0,0
161.06,-5.4659,-24.565,324.8611,0.0,0.0,324.861,,,,,,,,,,,,0.0,0.0,0.0,0.0,0
161.08,-5.4659,-24.565,324.8611,0.0,0.0,324.861,,,,,,,,,,,,0.0,0.0,0.0,0.0,0
161.1,-5.4659,-24.565,324.8611,0.0,0.0,324.861,,,,,,,,,,,,0.0,0.0,0.0,0.0,0
161.12,-1.9389,-22.4299,328.0509,0.0,0.0,328.0509,,,,,,,,,,,,0.0,0.0,0.0,0.0,0
161.14,-1.9389,-22.4299,328.0509,0.0,0.0,328.0509,,,,,,,,,,,,0.0,0.0,0.0,0.0,0
161.16,-1.9389,-22.4299,328.0509,0.0,0.0,328.0509,,,,,,,,,,,,0.0,0.0,0.0,0.0,0
161.18,-1.9389,-22.4299,328.0509,0.0,0.0,328.0509,,,,,,,,,,,,0.0,0.0,0.0,0.0,0
161.2,-4.2521,-21.7752,327.9812,0.0,0.0,327.9812,,,,,,,,,,,,0.0,0.0,0.0,0.0,0
161.22,-4.2521,-21.7752,327.9812,0.0,0.0,327.9812,,,,,,,,,,,,0.0,0.0,0.0,0.0,0
161.24,-4.2521,-21.7752,327.9812,0.0,0.0,327.9812,,,,,,,,,,,,0.0,0.0,0.0,0.0,0
161.26,-4.2521,-21.7752,327.9812,0.0,0.0,327.9812,,,,,,,,,,,,0.0,0.0,0.0,0.0,0
161.28,-4.2521,-21.7752,327.9812,0.0,0.0,327.9812,,,,,,,,,,,,0.0,0.0,0.0,0.0,0
161.3,-4.2521,-21.7752,327.9812,0.0,0.0,327.9812,,,,,,,,,,,,0.0,0.0,0.0,0.0,0
161.32,-16.2133,-17.7685,329.5413,0.0,0.0,329.5413,,,,,,,,,,,,0.0,0.0,0.0,0.0,0
161.34,-16.2133,-17.7685,329.5413,0.0,0.0,329.5413,,,,,,,,,,,,0.0,0.0,0.0,0.0,0
161.36,-16.2133,-17.7685,329.5413,0.0,0.0,329.5413,,,,,,,,,,,,0.0,0.0,0.0,0.0,0
161.38,-16.2133,-17.7685,329.5413,0.0,0.0,329.5413,,,,,,,,,,,,0.0,0.0,0.0,0.0,0
161.4,-9.8537,-9.79,333.2975,0.0,0.0,333.2975,,,,,,,,,,,,0.0,0.0,0.0,0.0,0
161.42,-9.8537,-9.79,333.2975,0.0,0.0,333.2975,,,,,,,,,,,,0.0,0.0,0.0,0.0,0
161.44,-9.8537,-9.79,333.2975,0.0,0.0,333.2975,,,,,,,,,,,,0.0,0.0,0.0,0.0,0
161.46,-9.8537,-9.79,333.2975,0.0,0.0,333.2975,,,,,,,,,,,,0.0,0.0,0.0,0.0,0
161.48,-9.8537,-9.79,333.2975,0.0,0.0,333.2975,,,,,,,,,,,,0.0,0.0,0.0,0.0,0
161.5,-9.8537,-9.79,333.2975,0.0,0.0,333.2975,,,,,,,,,,,,0.0,0.0,0.0,0.0,0
161.52,0.1166,-4.9789,337.7675,0.0,0.0,337.7675,,,,,,,,,,,,0.0,0.0,0.0,0.0,0
161.54,0.1166,-4.9789,337.7675,0.0,0.0,337.7675,,,,,,,,,,,,0.0,0.0,0.0,0.0,0
161.56,0.1166,-4.9789,337.7675,0.0,0.0,337.7675,,,,,,,,,,,,0.0,0.0,0.0,0.0,0
161.58,0.1166,-4.9789,337.7675,0.0,0.0,337.7675,,,,,,,,,,,,0.0,0.0,0.0,0.0,0
161.6,5.1676,-5.4149,340.5236,0.0,0.0,340.5235,,,,,,,,,,,,0.0,0.0,0.0,0.0,0
161.62,5.1676,-5.4149,340.5236,0.0,0.0,340.5235,,,,,,,,,,,,0.0,0.0,0.0,0.0,0
161.64,5.1676,-5.4149,340.5236,0.0,0.0,340.5235,,,,,,,,,,,,0.0,0.0,0.0,0.0,0
161.66,5.1676,-5.4149,340.5236,0.0,0.0,340.5235,,,,,,,,,,,,0.0,0.0,0.0,0.0,0
161.68,5.1676,-5.4149,340.5236,0.0,0.0,340.5235,,,,,,,,,,,,0.0,0.0,0.0,0.0,0
161.7,5.1676,-5.4149,340.5236,0.0,0.0,340.5235,,,,,,,,,,,,0.0,0.0,0.0,0.0,0
161.72,5.476,0.8774,350.3238,0.0,0.0,350.3238,,,,,,,,,,,,0.0,0.0,0.0,0.0,0
161.74,5.476,0.8774,350.3238,0.0,0.0,350.3238,,,,,,,,,,,,0.0,0.0,0.0,0.0,0
161.76,5.476,0.8774,350.3238,0.0,0.0,350.3238,,,,,,,,,,,,0.0,0.0,0.0,0.0,0
161.78,5.476,0.8774,350.3238,0.0,0.0,350.3238,,,,,,,,,,,,0.0,0.0,0.0,0.0,0
161.8,10.2964,8.6649,356.1622,0.0,0.0,356.1622,,,,,,,,,,,,0.0,0.0,0.0,0.0,0
161.82,10.2964,8.6649,356.1622,0.0,0.0,356.1622,,,,,,,,,,,,0.0,0.0,0.0,0.0,0
161.84,10.2964,8.6649,356.1622,0.0,0.0,356.1622,,,,,,,,,,,,0.0,0.0,0.0,0.0,0
161.86,10.2964,8.6649,356.1622,0.0,0.0,356.1622,,,,,,,,,,,,0.0,0.0,0.0,0.0,0
161.88,10.2964,8.6649,356.1622,0.0,0.0,356.1622,,,,,,,,,,,,0.0,0.0,0.0,0.0,0
161.9,10.2964,8.6649,356.1622,0.0,0.0,356.1622,,,,,,,,,,,,0.0,0.0,0.0,0.0,0
161.92,11.4539,11.5391,358.9138,0.0,0.0,358.9138,,,,,,,,,,,,0.0,0.0,0.0,0.0,0
161.94,11.4539,11.5391,358.9138,0.0,0.0,358.9138,,,,,,,,,,,,0.0,0.0,0.0,0.0,0
161.96,11.4539,11.5391,358.9138,0.0,0.0,358.9138,,,,,,,,,,,,0.0,0.0,0.0,0.0,0
161.98,11.4539,11.5391,358.9138,0.0,0.0,358.9138,,,,,,,,,,,,0.0,0.0,0.0,0.0,0
162.0,9.9559,8.8457,358.9795,0.0,0.0,358.9795,,,,,,,,,,,,0.0,0.0,0.0,0.0,0
162.02,9.9559,8.8457,358.9795,0.0,0.0,358.9795,,,,,,,,,,,,0.0,0.0,0.0,0.0,0
162.04,9.9559,8.8457,358.9795,0.0,0.0,358.9795,,,,,,,,,,,,0.0,0.0,0.0,0.0,0
162.06,9.9559,8.8457,358.9795,0.0,0.0,358.9795,,,,,,,,,,,,0.0,0.0,0.0,0.0,0
162.08,9.9559,8.8457,358.9795,0.0,0.0,358.9795,,,,,,,,,,,,0.0,0.0,0.0,0.0,0
162.1,9.9559,8.8457,358.9795,0.0,0.0,358.9795,,,,,,,,,,,,0.0,0.0,0.0,0.0,0
162.12,8.1126,8.2813,358.6273,0.0,0.0,358.6273,,,,,,,,,,,,0.0,0.0,0.0,0.0,0
162.14,8.1126,8.2813,358.6273,0.0,0.0,358.6273,,,,,,,,,,,,0.0,0.0,0.0,0.0,0
162.16,8.1126,8.2813,358.6273,0.0,0.0,358.6273,,,,,,,,,,,,0.0,0.0,0.0,0.0,0
162.18,8.1126,8.2813,358.6273,0.0,0.0,358.6273,,,,,,,,,,,,0.0,0.0,0.0,0.0,0
162.2,5.049,7.3825,358.6458,0.0,0.0,358.6458,,,,,,,,,,,,0.0,0.0,0.0,0.0,0
162.22,5.049,7.3825,358.6458,0.0,0.0,358.6458,,,,,,,,,,,,0.0,0.0,0.0,0.0,0
162.24,5.049,7.3825,358.6458,0.0,0.0,358.6458,,,,,,,,,,,,0.0,0.0,0.0,0.0,0
162.26,5.049,7.3825,358.6458,0.0,0.0,358.6458,,,,,,,,,,,,0.0,0.0,0.0,0.0,0
162.28,5.049,7.3825,358.6458,0.0,0.0,358.6458,,,,,,,,,,,,0.0,0.0,0.0,0.0,0
162.3,5.049,7.3825,358.6458,0.0,0.0,358.6458,,,,,,,,,,,,0.0,0.0,0.0,0.0,0
162.32,2.2803,6.3547,358.6671,0.0,0.0,358.6671,,,,,,,,,,,,0.0,0.0,0.0,0.0,0
162.34,2.2803,6.3547,358.6671,0.0,0.0,358.6671,,,,,,,,,,,,0.0,0.0,0.0,0.0,0
162.36,2.2803,6.3547,358.6671,0.0,0.0,358.6671,,,,,,,,,,,,0.0,0.0,0.0,0.0,0
162.38,2.2803,6.3547,358.6671,0.0,0.0,358.6671,,,,,,,,,,,,0.0,0.0,0.0,0.0,0
162.4,3.099,7.1576,359.4646,0.0,0.0,359.4646,,,,,,,,,,,,0.0,0.0,0.0,0.0,0
162.42,3.099,7.1576,359.4646,0.0,0.0,359.4646,,,,,,,,,,,,0.0,0.0,0.0,0.0,0
162.44,3.099,7.1576,359.4646,0.0,0.0,359.4646,,,,,,,,,,,,0.0,0.0,0.0,0.0,0
162.46,3.099,7.1576,359.4646,0.0,0.0,359.4646,,,,,,,,,,,,0.0,0.0,0.0,0.0,0
162.48,3.099,7.1576,359.4646,0.0,0.0,359.4646,,,,,,,,,,,,0.0,0.0,0.0,0.0,0
162.5,3.099,7.1576,359.4646,0.0,0.0,359.4646,,,,,,,,,,,,0.0,0.0,0.0,0.0,0
162.52,2.5988,7.4212,359.5947,0.0,0.0,359.5947,,,,,,,,,,,,0.0,0.0,0.0,0.0,0
162.54,2.5988,7.4212,359.5947,0.0,0.0,359.5947,,,,,,,,,,,,0.0,0.0,0.0,0.0,0
162.56,2.5988,7.4212,359.5947,0.0,0.0,359.5947,,,,,,,,,,,,0.0,0.0,0.0,0.0,0
162.58,2.5988,7.4212,359.5947,0.0,0.0,359.5947,,,,,,,,,,,,0.0,0.0,0.0,0.0,0
162.6,2.4119,7.4732,359.8773,0.0,0.0,359.8773,,,,,,,,,,,,0.0,0.0,0.0,0.0,0
162.62,2.4119,7.4732,359.8773,0.0,0.0,359.8773,,,,,,,,,,,,0.0,0.0,0.0,0.0,0
162.64,2.4119,7.4732,359.8773,0.0,0.0,359.8773,,,,,,,,,,,,0.0,0.0,0.0,0.0,0
162.66,2.4119,7.4732,359.8773,0.0,0.0,359.8773,,,,,,,,,,,,0.0,0.0,0.0,0.0,0
162.68,2.4119,7.4732,359.8773,0.0,0.0,359.8773,,,,,,,,,,,,0.0,0.0,0.0,0.0,0
162.7,2.4119,7.4732,359.8773,0.0,0.0,359.8773,,,,,,,,,,,,0.0,0.0,0.0,0.0,0
162.72,2.795,7.1619,0.1167,0.0,0.0,0.1167,,,,,,,,,,,,0.0,0.0,0.0,0.0,0
162.74,2.795,7.1619,0.1167,0.0,0.0,0.1167,,,,,,,,,,,,0.0,0.0,0.0,0.0,0
162.76,2.795,7.1619,0.1167,0.0,0.0,0.1167,,,,,,,,,,,,0.0,0.0,0.0,0.0,0
162.78,2.795,7.1619,0.1167,0.0,0.0,0.1167,,,,,,,,,,,,0.0,0.0,0.0,0.0,0
162.8,2.7618,7.0985,0.2435,0.0,0.0,0.2435,,,,,,,,,,,,0.0,0.0,0.0,0.0,0
162.82,2.7618,7.0985,0.2435,0.0,0.0,0.2435,,,,,,,,,,,,0.0,0.0,0.0,0.0,0
162.84,2.7618,7.0985,0.2435,0.0,0.0,0.2435,,,,,,,,,,,,0.0,0.0,0.0,0.0,0
162.86,2.7618,7.0985,0.2435,0.0,0.0,0.2435,,,,,,,,,,,,0.0,0.0,0.0,0.0,0
162.88,2.7618,7.0985,0.2435,0.0,0.0,0.2435,,,,,,,,,,,,0.0,0.0,0.0,0.0,0
162.9,2.7618,7.0985,0.2435,0.0,0.0,0.2435,,,,,,,,,,,,0.0,0.0,0.0,0.0,0
162.92,2.7144,6.9127,0.2723,0.0,0.0,0.2723,,,,,,,,,,,,0.0,0.0,0.0,0.0,0
162.94,2.7144,6.9127,0.2723,0.0,0.0,0.2723,,,,,,,,,,,,0.0,0.0,0.0,0.0,0
162.96,2.7144,6.9127,0.2723,0.0,0.0,0.2723,,,,,,,,,,,,0.0,0.0,0.0,0.0,0
162.98,2.7144,6.9127,0.2723,0.0,0.0,0.2723,,,,,,,,,,,,0.0,0.0,0.0,0.0,0
163.0,2.7135,6.9064,0.4202,0.0,0.0,0.4202,,,,,,,,,,,,0.0,0.0,0.0,0.0,0
163.02,2.7135,6.9064,0.4202,0.0,0.0,0.4202,,,,,,,,,,,,0.0,0.0,0.0,0.0,0
163.04,2.7135,6.9064,0.4202,0.0,0.0,0.4202,,,,,,,,,,,,0.0,0.0,0.0,0.0,0
163.06,2.7135,6.9064,0.4202,0.0,0.0,0.4202,,,,,,,,,,,,0.0,0.0,0.0,0.0,0
163.08,2.7135,6.9064,0.4202,0.0,0.0,0.4202,,,,,,,,,,,,0.0,0.0,0.0,0.0,0
163.1,2.7135,6.9064,0.4202,0.0,0.0,0.4202,,,,,,,,,,,,0.0,0.0,0.0,0.0,0
163.12,2.7224,6.7989,0.5013,0.0,0.0,0.5013,,,,,,,,,,,,0.0,0.0,0.0,0.0,0
163.14,2.7224,6.7989,0.5013,0.0,0.0,0.5013,,,,,,,,,,,,0.0,0.0,0.0,0.0,0
163.16,2.7224,6.7989,0.5013,0.0,0.0,0.5013,,,,,,,,,,,,0.0,0.0,0.0,0.0,0
163.18,2.7224,6.7989,0.5013,0.0,0.0,0.5013,,,,,,,,,,,,0.0,0.0,0.0,0.0,0
163.2,2.9809,6.8737,0.6049,0.0,0.0,0.6049,,,,,,,,,,,,0.0,0.0,0.0,0.0,0
163.22,2.9809,6.8737,0.6049,0.0,0.0,0.6049,,,,,,,,,,,,0.0,0.0,0.0,0.0,0
163.24,2.9809,6.8737,0.6049,0.0,0.0,0.6049,,,,,,,,,,,,0.0,0.0,0.0,0.0,0
163.26,2.9809,6.8737,0.6049,0.0,0.0,0.6049,,,,,,,,,,,,0.0,0.0,0.0,0.0,0
163.28,2.9809,6.8737,0.6049,0.0,0.0,0.6049,,,,,,,,,,,,0.0,0.0,0.0,0.0,0
163.3,2.9809,6.8737,0.6049,0.0,0.0,0.6049,,,,,,,,,,,,0.0,0.0,0.0,0.0,0
163.32,3.07,6.7383,0.6129,0.0,0.0,0.6129,,,,,,,,,,,,0.0,0.0,0.0,0.0,0
163.34,3.07,6.7383,0.6129,0.0,0.0,0.6129,,,,,,,,,,,,0.0,0.0,0.0,0.0,0
163.36,3.07,6.7383,0.6129,0.0,0.0,0.6129,,,,,,,,,,,,0.0,0.0,0.0,0.0,0
163.38,3.07,6.7383,0.6129,0.0,0.0,0.6129,,,,,,,,,,,,0.0,0.0,0.0,0.0,0
163.4,3.2253,6.6655,0.6797,0.0,0.0,0.6797,,,,,,,,,,,,0.0,0.0,0.0,0.0,0
163.42,3.2253,6.6655,0.6797,0.0,0.0,0.6797,,,,,,,,,,,,0.0,0.0,0.0,0.0,0
163.44,3.2253,6.6655,0.6797,0.0,0.0,0.6797,,,,,,,,,,,,0.0,0.0,0.0,0.0,0
163.46,3.2253,6.6655,0.6797,0.0,0.0,0.6797,,,,,,,,,,,,0.0,0.0,0.0,0.0,0
163.48,3.2253,6.6655,0.6797,0.0,0.0,0.6797,,,,,,,,,,,,0.0,0.0,0.0,0.0,0
163.5,3.2253,6.6655,0.6797,0.0,0.0,0.6797,,,,,,,,,,,,0.0,0.0,0.0,0.0,0
163.52,3.217,6.7889,0.7691,0.0,0.0,0.7691,,,,,,,,,,,,0.0,0.0,0.0,0.0,0
163.54,3.217,6.7889,0.7691,0.0,0.0,0.7691,,,,,,,,,,,,0.0,0.0,0.0,0.0,0
163.56,3.217,6.7889,0.7691,0.0,0.0,0.7691,,,,,,,,,,,,0.0,0.0,0.0,0.0,0
163.58,3.217,6.7889,0.7691,0.0,0.0,0.7691,,,,,,,,,,,,0.0,0.0,0.0,0.0,0
163.6,3.1901,6.7469,0.8758,0.0,0.0,0.8758,,,,,,,,,,,,0.0,0.0,0.0,0.0,0
163.62,3.1901,6.7469,0.8758,0.0,0.0,0.8758,,,,,,,,,,,,0.0,0.0,0.0,0.0,0
163.64,3.1901,6.7469,0.8758,0.0,0.0,0.8758,,,,,,,,,,,,0.0,0.0,0.0,0.0,0
163.66,3.1901,6.7469,0.8758,0.0,0.0,0.8758,,,,,,,,,,,,0.0,0.0,0.0,0.0,0
163.68,3.1901,6.7469,0.8758,0.0,0.0,0.8758,,,,,,,,,,,,0.0,0.0,0.0,0.0,0
163.7,3.1901,6.7469,0.8758,0.0,0.0,0.8758,,,,,,,,,,,,0.0,0.0,0.0,0.0,0
163.72,3.3795,6.6125,0.9258,0.0,0.0,0.9258,,,,,,,,,,,,0.0,0.0,0.0,0.0,0
163.74,3.3795,6.6125,0.9258,0.0,0.0,0.9258,,,,,,,,,,,,0.0,0.0,0.0,0.0,0
163.76,3.3795,6.6125,0.9258,0.0,0.0,0.9258,,,,,,,,,,,,0.0,0.0,0.0,0.0,0
163.78,3.3795,6.6125,0.9258,0.0,0.0,0.9258,,,,,,,,,,,,0.0,0.0,0.0,0.0,0
163.8,3.5973,6.429,0.9488,0.0,0.0,0.9488,,,,,,,,,,,,0.0,0.0,0.0,0.0,0
163.82,3.5973,6.429,0.9488,0.0,0.0,0.9488,,,,,,,,,,,,0.0,0.0,0.0,0.0,0
163.84,3.5973,6.429,0.9488,0.0,0.0,0.9488,,,,,,,,,,,,0.0,0.0,0.0,0.0,0
163.86,3.5973,6.429,0.9488,0.0,0.0,0.9488,,,,,,,,,,,,0.0,0.0,0.0,0.0,0
163.88,3.5973,6.429,0.9488,0.0,0.0,0.9488,,,,,,,,,,,,0.0,0.0,0.0,0.0,0
163.9,3.5973,6.429,0.9488,0.0,0.0,0.9488,,,,,,,,,,,,0.0,0.0,0.0,0.0,0
163.92,3.7198,6.5874,1.0122,0.0,0.0,1.0122,,,,,,,,,,,,0.0,0.0,0.0,0.0,0
163.94,3.7198,6.5874,1.0122,0.0,0.0,1.0122,,,,,,,,,,,,0.0,0.0,0.0,0.0,0
163.96,3.7198,6.5874,1.0122,0.0,0.0,1.0122,,,,,,,,,,,,0.0,0.0,0.0,0.0,0
163.98,3.7198,6.5874,1.0122,0.0,0.0,1.0122,,,,,,,,,,,,0.0,0.0,0.0,0.0,0
164.0,3.7394,6.5693,1.0818,0.0,0.0,1.0818,,,,,,,,,,,,0.0,0.0,0.0,0.0,0
164.02,3.7394,6.5693,1.0818,0.0,0.0,1.0818,,,,,,,,,,,,0.0,0.0,0.0,0.0,0
164.04,3.7394,6.5693,1.0818,0.0,0.0,1.0818,,,,,,,,,,,,0.0,0.0,0.0,0.0,0
164.06,3.7394,6.5693,1.0818,0.0,0.0,1.0818,,,,,,,,,,,,0.0,0.0,0.0,0.0,0
164.08,3.7394,6.5693,1.0818,0.0,0.0,1.0818,,,,,,,,,,,,0.0,0.0,0.0,0.0,0
164.1,3.7394,6.5693,1.0818,0.0,0.0,1.0818,,,,,,,,,,,,0.0,0.0,0.0,0.0,0
164.12,3.8428,6.4132,1.1272,0.0,0.0,1.1272,,,,,,,,,,,,0.0,0.0,0.0,0.0,0
164.14,3.8428,6.4132,1.1272,0.0,0.0,1.1272,,,,,,,,,,,,0.0,0.0,0.0,0.0,0
164.16,3.8428,6.4132,1.1272,0.0,0.0,1.1272,,,,,,,,,,,,0.0,0.0,0.0,0.0,0
164.18,3.8428,6.4132,1.1272,0.0,0.0,1.1272,,,,,,,,,,,,0.0,0.0,0.0,0.0,0
164.2,3.891,6.291,1.1551,0.0,0.0,1.1551,,,,,,,,,,,,0.0,0.0,0.0,0.0,0
164.22,3.891,6.291,1.1551,0.0,0.0,1.1551,,,,,,,,,,,,0.0,0.0,0.0,0.0,0
164.24,3.891,6.291,1.1551,0.0,0.0,1.1551,,,,,,,,,,,,0.0,0.0,0.0,0.0,0
164.26,3.891,6.291,1.1551,0.0,0.0,1.1551,,,,,,,,,,,,0.0,0.0,0.0,0.0,0
164.28,3.891,6.291,1.1551,0.0,0.0,1.1551,,,,,,,,,,,,0.0,0.0,0.0,0.0,0
164.3,3.891,6.291,1.1551,0.0,0.0,1.1551,,,,,,,,,,,,0.0,0.0,0.0,0.0,0
164.32,4.006,6.1826,1.2198,0.0,0.0,1.2198,,,,,,,,,,,,0.0,0.0,0.0,0.0,0
164.34,4.006,6.1826,1.2198,0.0,0.0,1.2198,,,,,,,,,,,,0.0,0.0,0.0,0.0,0
164.36,4.006,6.1826,1.2198,0.0,0.0,1.2198,,,,,,,,,,,,0.0,0.0,0.0,0.0,0
164.38,4.006,6.1826,1.2198,0.0,0.0,1.2198,,,,,,,,,,,,0.0,0.0,0.0,0.0,0
164.4,3.993,6.0345,1.2092,0.0,0.0,1.2092,,,,,,,,,,,,0.0,0.0,0.0,0.0,0
164.42,3.993,6.0345,1.2092,0.0,0.0,1.2092,,,,,,,,,,,,0.0,0.0,0.0,0.0,0
164.44,3.993,6.0345,1.2092,0.0,0.0,1.2092,,,,,,,,,,,,0.0,0.0,0.0,0.0,0
164.46,3.993,6.0345,1.2092,0.0,0.0,1.2092,,,,,,,,,,,,0.0,0.0,0.0,0.0,0
164.48,3.993,6.0345,1.2092,0.0,0.0,1.2092,,,,,,,,,,,,0.0,0.0,0.0,0.0,0
164.5,3.993,6.0345,1.2092,0.0,0.0,1.2092,,,,,,,,,,,,0.0,0.0,0.0,0.0,0
164.52,3.8473,5.9203,1.117,0.0,0.0,1.117,,,,,,,,,,,,0.0,0.0,0.0,0.0,0
164.54,3.8473,5.9203,1.117,0.0,0.0,1.117,,,,,,,,,,,,0.0,0.0,0.0,0.0,0
164.56,3.8473,5.9203,1.117,0.0,0.0,1.117,,,,,,,,,,,,0.0,0.0,0.0,0.0,0
164.58,3.8473,5.9203,1.117,0.0,0.0,1.117,,,,,,,,,,,,0.0,0.0,0.0,0.0,0
164.6,3.904,5.918,1.0359,0.0,0.0,1.0359,,,,,,,,,,,,0.0,0.0,0.0,0.0,0
164.62,3.904,5.918,1.0359,0.0,0.0,1.0359,,,,,,,,,,,,0.0,0.0,0.0,0.0,0
164.64,3.904,5.918,1.0359,0.0,0.0,1.0359,,,,,,,,,,,,0.0,0.0,0.0,0.0,0
164.66,3.904,5.918,1.0359,0.0,0.0,1.0359,,,,,,,,,,,,0.0,0.0,0.0,0.0,0
164.68,3.904,5.918,1.0359,0.0,0.0,1.0359,,,,,,,,,,,,0.0,0.0,0.0,0.0,0
164.7,3.904,5.918,1.0359,0.0,0.0,1.0359,,,,,,,,,,,,0.0,0.0,0.0,0.0,0
164.72,4.0385,5.7894,1.0353,0.0,0.0,1.0353,,,,,,,,,,,,0.0,0.0,0.0,0.0,0
164.74,4.0385,5.7894,1.0353,0.0,0.0,1.0353,,,,,,,,,,,,0.0,0.0,0.0,0.0,0
164.76,4.0385,5.7894,1.0353,0.0,0.0,1.0353,,,,,,,,,,,,0.0,0.0,0.0,0.0,0
164.78,4.0385,5.7894,1.0353,0.0,0.0,1.0353,,,,,,,,,,,,0.0,0.0,0.0,0.0,0
164.8,4.1104,5.7808,1.0432,0.0,0.0,1.0432,,,,,,,,,,,,0.0,0.0,0.0,0.0,0
164.82,4.1104,5.7808,1.0432,0.0,0.0,1.0432,,,,,,,,,,,,0.0,0.0,0.0,0.0,0
164.84,4.1104,5.7808,1.0432,0.0,0.0,1.0432,,,,,,,,,,,,0.0,0.0,0.0,0.0,0
164.86,4.1104,5.7808,1.0432,0.0,0.0,1.0432,,,,,,,,,,,,0.0,0.0,0.0,0.0,0
164.88,4.1104,5.7808,1.0432,0.0,0.0,1.0432,,,,,,,,,,,,0.0,0.0,0.0,0.0,0
164.9,4.1104,5.7808,1.0432,0.0,0.0,1.0432,,,,,,,,,,,,0.0,0.0,0.0,0.0,0
164.92,4.0407,5.8953,1.0375,0.0,0.0,1.0375,,,,,,,,,,,,0.0,0.0,0.0,0.0,0
164.94,4.0407,5.8953,1.0375,0.0,0.0,1.0375,,,,,,,,,,,,0.0,0.0,0.0,0.0,0
164.96,4.0407,5.8953,1.0375,0.0,0.0,1.0375,,,,,,,,,,,,0.0,0.0,0.0,0.0,0
164.98,4.0407,5.8953,1.0375,0.0,0.0,1.0375,,,,,,,,,,,,0.0,0.0,0.0,0.0,0
165.0,3.9553,5.8707,0.9611,0.0,0.0,0.9611,,,,,,,,,,,,0.0,0.0,0.0,0.0,0
165.02,3.9553,5.8707,0.9611,0.0,0.0,0.9611,,,,,,,,,,,,0.03,0.03,0.03,0.03,0
165.04,3.9553,5.8707,0.9611,0.0,0.0,0.9611,,,,,,,,,,,,0.03,0.03,0.03,0.03,0
165.06,3.9553,5.8707,0.9611,0.0,0.0,0.9611,,,,,,,,,,,,0.03,0.03,0.03,0.03,0
165.08,3.9553,5.8707,0.9611,0.0,0.0,0.9611,,,,,,,,,,,,0.03,0.03,0.03,0.03,0
165.1,3.9553,5.8707,0.9611,0.0,0.0,0.9611,,,,,,,,,,,,0.03,0.03,0.03,0.03,0
165.12,4.0773,5.9004,0.9402,0.0,0.0,0.9402,,,,,,,,,,,,0.06,0.06,0.06,0.06,0
165.14,4.0773,5.9004,0.9402,0.0,0.0,0.9402,,,,,,,,,,,,0.06,0.06,0.06,0.06,0
165.16,4.0773,5.9004,0.9402,0.0,0.0,0.9402,,,,,,,,,,,,0.06,0.06,0.06,0.06,0
165.18,4.0773,5.9004,0.9402,0.0,0.0,0.9402,,,,,,,,,,,,0.06,0.06,0.06,0.06,0
165.2,4.2268,5.8394,1.0019,0.0,0.0,1.0019,,,,,,,,,,,,0.06,0.06,0.06,0.06,0
165.22,4.2268,5.8394,1.0019,0.0,0.0,1.0019,,,,,,,,,,,,0.09,0.09,0.09,0.09,0
165.24,4.2268,5.8394,1.0019,0.0,0.0,1.0019,,,,,,,,,,,,0.09,0.09,0.09,0.09,0
165.26,4.2268,5.8394,1.0019,0.0,0.0,1.0019,,,,,,,,,,,,0.09,0.09,0.09,0.09,0
165.28,4.2268,5.8394,1.0019,0.0,0.0,1.0019,,,,,,,,,,,,0.09,0.09,0.09,0.09,0
165.3,4.2268,5.8394,1.0019,0.0,0.0,1.0019,,,,,,,,,,,,0.09,0.09,0.09,0.09,0
165.32,4.3336,5.9294,1.0627,0.0,0.0,1.0627,,,,,,,,,,,,0.1,0.1,0.1,0.1,0
165.34,4.3336,5.9294,1.0627,0.0,0.0,1.0627,,,,,,,,,,,,0.1,0.1,0.1,0.1,0
165.36,4.3336,5.9294,1.0627,0.0,0.0,1.0627,,,,,,,,,,,,0.1,0.1,0.1,0.1,0
165.38,4.3336,5.9294,1.0627,0.0,0.0,1.0627,,,,,,,,,,,,0.1,0.1,0.1,0.1,0
165.4,4.5043,6.0606,0.9817,0.0,0.0,0.9817,,,,,,,,,,,,0.1,0.1,0.1,0.1,0
165.42,4.5043,6.0606,0.9817,0.0,0.0,0.9817,,,,,,,,,,,,0.1,0.1,0.1,0.1,0
165.44,4.5043,6.0606,0.9817,0.0,0.0,0.9817,,,,,,,,,,,,0.1,0.1,0.1,0.1,0
165.46,4.5043,6.0606,0.9817,0.0,0.0,0.9817,,,,,,,,,,,,0.1,0.1,0.1,0.1,0
165.48,4.5043,6.0606,0.9817,0.0,0.0,0.9817,,,,,,,,,,,,0.1,0.1,0.1,0.1,0
165.5,4.5043,6.0606,0.9817,0.0,0.0,0.9817,,,,,,,,,,,,0.1,0.1,0.1,0.1,0
165.52,4.6496,5.9632,0.895,0.0,0.0,0.895,,,,,,,,,,,,0.1,0.1,0.1,0.1,0
165.54,4.6496,5.9632,0.895,0.0,0.0,0.895,,,,,,,,,,,,0.1,0.1,0.1,0.1,0
165.56,4.6496,5.9632,0.895,0.0,0.0,0.895,,,,,,,,,,,,0.1,0.1,0.1,0.1,0
165.58,4.6496,5.9632,0.895,0.0,0.0,0.895,,,,,,,,,,,,0.1,0.1,0.1,0.1,0
165.6,4.6638,5.9242,0.7795,0.0,0.0,0.7795,,,,,,,,,,,,0.1,0.1,0.1,0.1,0
165.62,4.6638,5.9242,0.7795,0.0,0.0,0.7795,,,,,,,,,,,,0.1,0.1,0.1,0.1,0
165.64,4.6638,5.9242,0.7795,0.0,0.0,0.7795,,,,,,,,,,,,0.1,0.1,0.1,0.1,0
165.66,4.6638,5.9242,0.7795,0.0,0.0,0.7795,,,,,,,,,,,,0.1,0.1,0.1,0.1,0
165.68,4.6638,5.9242,0.7795,0.0,0.0,0.7795,,,,,,,,,,,,0.1,0.1,0.1,0.1,0
165.7,4.6638,5.9242,0.7795,0.0,0.0,0.7795,,,,,,,,,,,,0.1,0.1,0.1,0.1,0
165.72,4.815,5.9573,0.8,0.0,0.0,0.8,,,,,,,,,,,,0.1,0.1,0.1,0.1,0
165.74,4.815,5.9573,0.8,0.0,0.0,0.8,,,,,,,,,,,,0.1,0.1,0.1,0.1,0
165.76,4.815,5.9573,0.8,0.0,0.0,0.8,,,,,,,,,,,,0.1,0.1,0.1,0.1,0
165.78,4.815,5.9573,0.8,0.0,0.0,0.8,,,,,,,,,,,,0.1,0.1,0.1,0.1,0
165.8,4.9863,5.819,0.7401,0.0,0.0,0.7401,,,,,,,,,,,,0.1,0.1,0.1,0.1,0
165.82,4.9863,5.819,0.7401,0.0,0.0,0.7401,,,,,,,,,,,,0.1,0.1,0.1,0.1,0
165.84,4.9863,5.819,0.7401,0.0,0.0,0.7401,,,,,,,,,,,,0.1,0.1,0.1,0.1,0
165.86,4.9863,5.819,0.7401,0.0,0.0,0.7401,,,,,,,,,,,,0.1,0.1,0.1,0.1,0
165.88,4.9863,5.819,0.7401,0.0,0.0,0.7401,,,,,,,,,,,,0.1,0.1,0.1,0.1,0
165.9,4.9863,5.819,0.7401,0.0,0.0,0.7401,,,,,,,,,,,,0.1,0.1,0.1,0.1,0
165.92,4.9451,5.5808,0.5435,0.0,0.0,0.5435,,,,,,,,,,,,0.1,0.1,0.1,0.1,0
165.94,4.9451,5.5808,0.5435,0.0,0.0,0.5435,,,,,,,,,,,,0.1,0.1,0.1,0.1,0
165.96,4.9451,5.5808,0.5435,0.0,0.0,0.5435,,,,,,,,,,,,0.1,0.1,0.1,0.1,0
165.98,4.9451,5.5808,0.5435,0.0,0.0,0.5435,,,,,,,,,,,,0.1,0.1,0.1,0.1,0
166.0,5.1265,5.4624,0.5053,0.0,0.0,0.5053,,,,,,,,,,,,0.1,0.1,0.1,0.1,0
166.02,5.1265,5.4624,0.5053,0.0,0.0,0.5053,,,,,,,,,,,,0.1,0.1,0.1,0.1,0
166.04,5.1265,5.4624,0.5053,0.0,0.0,0.5053,,,,,,,,,,,,0.1,0.1,0.1,0.1,0
166.06,5.1265,5.4624,0.5053,0.0,0.0,0.5053,,,,,,,,,,,,0.1,0.1,0.1,0.1,0
166.08,5.1265,5.4624,0.5053,0.0,0.0,0.5053,,,,,,,,,,,,0.1,0.1,0.1,0.1,0
166.1,5.1265,5.4624,0.5053,0.0,0.0,0.5053,,,,,,,,,,,,0.1,0.1,0.1,0.1,0
166.12,5.0386,5.4285,0.5022,0.0,0.0,0.5022,,,,,,,,,,,,0.1,0.1,0.1,0.1,0
166.14,5.0386,5.4285,0.5022,0.0,0.0,0.5022,,,,,,,,,,,,0.1,0.1,0.1,0.1,0
166.16,5.0386,5.4285,0.5022,0.0,0.0,0.5022,,,,,,,,,,,,0.1,0.1,0.1,0.1,0
166.18,5.0386,5.4285,0.5022,0.0,0.0,0.5022,,,,,,,,,,,,0.1,0.1,0.1,0.1,0
166.2,4.9439,5.279,0.4141,0.0,0.0,0.4141,,,,,,,,,,,,0.1,0.1,0.1,0.1,0
166.22,4.9439,5.279,0.4141,0.0,0.0,0.4141,,,,,,,,,,,,0.1,0.1,0.1,0.1,0
166.24,4.9439,5.279,0.4141,0.0,0.0,0.4141,,,,,,,,,,,,0.1,0.1,0.1,0.1,0
166.26,4.9439,5.279,0.4141,0.0,0.0,0.4141,,,,,,,,,,,,0.1,0.1,0.1,0.1,0
166.28,4.9439,5.279,0.4141,0.0,0.0,0.4141,,,,,,,,,,,,0.1,0.1,0.1,0.1,0
166.3,4.9439,5.279,0.4141,0.0,0.0,0.4141,,,,,,,,,,,,0.1,0.1,0.1,0.1,0
166.32,4.9398,5.1246,0.3361,0.0,0.0,0.3361,,,,,,,,,,,,0.1,0.1,0.1,0.1,0
166.34,4.9398,5.1246,0.3361,0.0,0.0,0.3361,,,,,,,,,,,,0.1,0.1,0.1,0.1,0
166.36,4.9398,5.1246,0.3361,0.0,0.0,0.3361,,,,,,,,,,,,0.1,0.1,0.1,0.1,0
166.38,4.9398,5.1246,0.3361,0.0,0.0,0.3361,,,,,,,,,,,,0.1,0.1,0.1,0.1,0
166.4,5.0309,5.1256,0.2888,0.0,0.0,0.2888,,,,,,,,,,,,0.1,0.1,0.1,0.1,0
166.42,5.0309,5.1256,0.2888,0.0,0.0,0.2888,,,,,,,,,,,,0.1,0.1,0.1,0.1,0
166.44,5.0309,5.1256,0.2888,0.0,0.0,0.2888,,,,,,,,,,,,0.1,0.1,0.1,0.1,0
166.46,5.0309,5.1256,0.2888,0.0,0.0,0.2888,,,,,,,,,,,,0.1,0.1,0.1,0.1,0
166.48,5.0309,5.1256,0.2888,0.0,0.0,0.2888,,,,,,,,,,,,0.1,0.1,0.1,0.1,0
166.5,5.0309,5.1256,0.2888,0.0,0.0,0.2888,,,,,,,,,,,,0.1,0.1,0.1,0.1,0
166.52,5.2146,5.0108,0.2321,0.0,0.0,0.2321,,,,,,,,,,,,0.1,0.1,0.1,0.1,0
166.54,5.2146,5.0108,0.2321,0.0,0.0,0.2321,,,,,,,,,,,,0.1,0.1,0.1,0.1,0
166.56,5.2146,5.0108,0.2321,0.0,0.0,0.2321,,,,,,,,,,,,0.1,0.1,0.1,0.1,0
166.58,5.2146,5.0108,0.2321,0.0,0.0,0.2321,,,,,,,,,,,,0.1,0.1,0.1,0.1,0
166.6,5.3124,4.9466,0.2658,0.0,0.0,0.2658,,,,,,,,,,,,0.1,0.1,0.1,0.1,0
166.62,5.3124,4.9466,0.2658,0.0,0.0,0.2658,,,,,,,,,,,,0.1,0.1,0.1,0.1,0
166.64,5.3124,4.9466,0.2658,0.0,0.0,0.2658,,,,,,,,,,,,0.1,0.1,0.1,0.1,0
166.66,5.3124,4.9466,0.2658,0.0,0.0,0.2658,,,,,,,,,,,,0.1,0.1,0.1,0.1,0
166.68,5.3124,4.9466,0.2658,0.0,0.0,0.2658,,,,,,,,,,,,0.1,0.1,0.1,0.1,0
166.7,5.3124,4.9466,0.2658,0.0,0.0,0.2658,,,,,,,,,,,,0.1,0.1,0.1,0.1,0
166.72,5.2858,4.9852,0.2983,0.0,0.0,0.2983,,,,,,,,,,,,0.1,0.1,0.1,0.1,0
166.74,5.2858,4.9852,0.2983,0.0,0.0,0.2983,,,,,,,,,,,,0.1,0.1,0.1,0.1,0
166.76,5.2858,4.9852,0.2983,0.0,0.0,0.2983,,,,,,,,,,,,0.1,0.1,0.1,0.1,0
166.78,5.2858,4.9852,0.2983,0.0,0.0,0.2983,,,,,,,,,,,,0.1,0.1,0.1,0.1,0
166.8,5.3462,4.9436,0.3558,0.0,0.0,0.3558,,,,,,,,,,,,0.1,0.1,0.1,0.1,0
166.82,5.3462,4.9436,0.3558,0.0,0.0,0.3558,,,,,,,,,,,,0.1,0.1,0.1,0.1,0
166.84,5.3462,4.9436,0.3558,0.0,0.0,0.3558,,,,,,,,,,,,0.1,0.1,0.1,0.1,0
166.86,5.3462,4.9436,0.3558,0.0,0.0,0.3558,,,,,,,,,,,,0.1,0.1,0.1,0.1,0
166.88,5.3462,4.9436,0.3558,0.0,0.0,0.3558,,,,,,,,,,,,0.1,0.1,0.1,0.1,0
166.9,5.3462,4.9436,0.3558,0.0,0.0,0.3558,,,,,,,,,,,,0.1,0.1,0.1,0.1,0
166.92,5.364,4.9343,0.3753,0.0,0.0,0.3753,,,,,,,,,,,,0.1,0.1,0.1,0.1,0
166.94,5.364,4.9343,0.3753,0.0,0.0,0.3753,,,,,,,,,,,,0.1,0.1,0.1,0.1,0
166.96,5.364,4.9343,0.3753,0.0,0.0,0.3753,,,,,,,,,,,,0.1,0.1,0.1,0.1,0
166.98,5.364,4.9343,0.3753,0.0,0.0,0.3753,,,,,,,,,,,,0.1,0.1,0.1,0.1,0
167.0,5.3853,4.9409,0.3667,0.0,0.0,0.3667,,,,,,,,,,,,0.1,0.1,0.1,0.1,0
167.02,5.3853,4.9409,0.3667,0.0,0.0,0.3667,,,,,,,,,,,,0.1,0.1,0.1,0.1,0
167.04,5.3853,4.9409,0.3667,0.0,0.0,0.3667,,,,,,,,,,,,0.1,0.1,0.1,0.1,0
167.06,5.3853,4.9409,0.3667,0.0,0.0,0.3667,,,,,,,,,,,,0.1,0.1,0.1,0.1,0
167.08,5.3853,4.9409,0.3667,0.0,0.0,0.3667,,,,,,,,,,,,0.1,0.1,0.1,0.1,0
167.1,5.3853,4.9409,0.3667,0.0,0.0,0.3667,,,,,,,,,,,,0.1,0.1,0.1,0.1,0
167.12,5.4733,4.9935,0.4309,0.0,0.0,0.4309,,,,,,,,,,,,0.117,0.117,0.117,0.117,0
167.14,5.4733,4.9935,0.4309,0.0,0.0,0.4309,,,,,,,,,,,,0.117,0.117,0.117,0.117,0
167.16,5.4733,4.9935,0.4309,0.0,0.0,0.4309,,,,,,,,,,,,0.117,0.117,0.117,0.117,0
167.18,5.4733,4.9935,0.4309,0.0,0.0,0.4309,,,,,,,,,,,,0.117,0.117,0.117,0.117,0
167.2,5.5649,4.8803,0.4505,0.0,0.0,0.4505,,,,,,,,,,,,0.117,0.117,0.117,0.117,0
167.22,5.5649,4.8803,0.4505,0.0,0.0,0.4505,,,,,,,,,,,,0.147,0.147,0.147,0.147,0
167.24,5.5649,4.8803,0.4505,0.0,0.0,0.4505,,,,,,,,,,,,0.147,0.147,0.147,0.147,0
167.26,5.5649,4.8803,0.4505,0.0,0.0,0.4505,,,,,,,,,,,,0.147,0.147,0.147,0.147,0
167.28,5.5649,4.8803,0.4505,0.0,0.0,0.4505,,,,,,,,,,,,0.147,0.147,0.147,0.147,0
167.3,5.5649,4.8803,0.4505,0.0,0.0,0.4505,,,,,,,,,,,,0.147,0.147,0.147,0.147,0
167.32,5.5391,4.8273,0.2636,0.0,0.0,0.427,,,,,,,,,,,,0.444,0.435,0.351,0.495,0
167.34,5.5391,4.8273,0.2636,0.0,0.0,0.427,,,,,,,,,,,,0.444,0.435,0.351,0.495,0
167.36,5.5391,4.8273,0.2636,0.0,0.0,0.427,,,,,,,,,,,,0.444,0.435,0.351,0.495,0
167.38,5.5391,4.8273,0.2636,0.0,0.0,0.427,,,,,,,,,,,,0.444,0.435,0.351,0.495,0
167.4,5.6175,5.0554,0.327,0.0,0.0,0.427,,,,,,,,,,,,0.444,0.435,0.351,0.495,0
167.42,5.6175,5.0554,0.327,0.0,0.0,0.427,,,,,,,,,,,,0.632,0.621,0.558,0.679,0
167.44,5.6175,5.0554,0.327,0.0,0.0,0.427,,,,,,,,,,,,0.632,0.621,0.558,0.679,0
167.46,5.6175,5.0554,0.327,0.0,0.0,0.427,,,,,,,,,,,,0.632,0.621,0.558,0.679,0
167.48,5.6175,5.0554,0.327,0.0,0.0,0.427,,,,,,,,,,,,0.632,0.621,0.558,0.679,0
167.5,5.6175,5.0554,0.327,0.0,0.0,0.427,,,,,,,,,,,,0.632,0.621,0.558,0.679,0
167.52,5.6995,5.0967,0.4758,0.0,0.0,0.427,,,,,,,,,,,,0.771,0.774,0.721,0.818,0
167.54,5.6995,5.0967,0.4758,0.0,0.0,0.427,,,,,,,,,,,,0.771,0.774,0.721,0.818,0
167.56,5.6995,5.0967,0.4758,0.0,0.0,0.427,,,,,,,,,,,,0.771,0.774,0.721,0.818,0
167.58,5.6995,5.0967,0.4758,0.0,0.0,0.427,,,,,,,,,,,,0.771,0.774,0.721,0.818,0
167.6,5.7258,5.0547,0.4994,0.0,0.0,0.4639,,,,,,,,,,,,0.771,0.774,0.721,0.818,0
167.62,5.7258,5.0547,0.4994,0.0,0.0,0.4639,,,,,,,,,,,,0.903,0.894,0.85,0.94,0
167.64,5.7258,5.0547,0.4994,0.0,0.0,0.4639,,,,,,,,,,,,0.903,0.894,0.85,0.94,0
167.66,5.7258,5.0547,0.4994,0.0,0.0,0.4639,,,,,,,,,,,,0.903,0.894,0.85,0.94,0
167.68,5.7258,5.0547,0.4994,0.0,0.0,0.4639,,,,,,,,,,,,0.903,0.894,0.85,0.94,0
167.7,5.7258,5.0547,0.4994,0.0,0.0,0.4639,,,,,,,,,,,,0.903,0.894,0.85,0.94,0
167.72,5.7685,4.8859,0.4539,0.0,0.0,0.4813,,,,,,,,,,,,0.915,0.9,0.856,0.949,0
167.74,5.7685,4.8859,0.4539,0.0,0.0,0.4813,,,,,,,,,,,,0.915,0.9,0.856,0.949,0
167.76,5.7685,4.8859,0.4539,0.0,0.0,0.4813,,,,,,,,,,,,0.915,0.9,0.856,0.949,0
167.78,5.7685,4.8859,0.4539,0.0,0.0,0.4813,,,,,,,,,,,,0.915,0.9,0.856,0.949,0
167.8,5.7823,4.7896,0.4222,0.0,0.0,0.4813,,,,,,,,,,,,0.915,0.9,0.856,0.949,0
167.82,5.7823,4.7896,0.4222,0.0,0.0,0.4813,,,,,,,,,,,,0.909,0.897,0.846,0.949,0
167.84,5.7823,4.7896,0.4222,0.0,0.0,0.4813,,,,,,,,,,,,0.909,0.897,0.846,0.949,0
167.86,5.7823,4.7896,0.4222,0.0,0.0,0.4813,,,,,,,,,,,,0.909,0.897,0.846,0.949,0
167.88,5.7823,4.7896,0.4222,0.0,0.0,0.4813,,,,,,,,,,,,0.909,0.897,0.846,0.949,0
167.9,5.7823,4.7896,0.4222,0.0,0.0,0.4813,,,,,,,,,,,,0.909,0.897,0.846,0.949,0
167.92,5.8374,4.7698,0.4335,0.0,0.0,0.4813,,,,,,,,,,,,0.907,0.886,0.833,0.949,0
167.94,5.8374,4.7698,0.4335,0.0,0.0,0.4813,,,,,,,,,,,,0.907,0.886,0.833,0.949,0
167.96,5.8374,4.7698,0.4335,0.0,0.0,0.4813,,,,,,,,,,,,0.907,0.886,0.833,0.949,0
167.98,5.8374,4.7698,0.4335,0.0,0.0,0.4813,,,,,,,,,,,,0.907,0.886,0.833,0.949,0
168.0,5.9649,4.6652,0.4228,0.0,0.0,0.4813,,,,,,,,,,,,0.907,0.886,0.833,0.949,0
168.02,5.9649,4.6652,0.4228,0.0,0.0,0.4813,,,,,,,,,,,,0.903,0.889,0.832,0.949,0
168.04,5.9649,4.6652,0.4228,0.0,0.0,0.4813,,,,,,,,,,,,0.903,0.889,0.832,0.949,0
168.06,5.9649,4.6652,0.4228,0.0,0.0,0.4813,,,,,,,,,,,,0.903,0.889,0.832,0.949,0
168.08,5.9649,4.6652,0.4228,0.0,0.0,0.4813,,,,,,,,,,,,0.903,0.889,0.832,0.949,0
168.1,5.9649,4.6652,0.4228,0.0,0.0,0.4813,,,,,,,,,,,,0.903,0.889,0.832,0.949,0
168.12,5.9958,4.6752,0.4033,0.0,0.0,0.4813,,,,,,,,,,,,0.898,0.884,0.82,0.949,0
168.14,5.9958,4.6752,0.4033,0.0,0.0,0.4813,,,,,,,,,,,,0.898,0.884,0.82,0.949,0
168.16,5.9958,4.6752,0.4033,0.0,0.0,0.4813,,,,,,,,,,,,0.898,0.884,0.82,0.949,0
168.18,5.9958,4.6752,0.4033,0.0,0.0,0.4813,,,,,,,,,,,,0.898,0.884,0.82,0.949,0
168.2,6.062,4.7071,0.4239,0.0,0.0,0.4813,,,,,,,,,,,,0.898,0.884,0.82,0.949,0
168.22,6.062,4.7071,0.4239,0.0,0.0,0.4813,,,,,,,,,,,,0.894,0.882,0.814,0.949,0
168.24,6.062,4.7071,0.4239,0.0,0.0,0.4813,,,,,,,,,,,,0.894,0.882,0.814,0.949,0
168.26,6.062,4.7071,0.4239,0.0,0.0,0.4813,,,,,,,,,,,,0.894,0.882,0.814,0.949,0
168.28,6.062,4.7071,0.4239,0.0,0.0,0.4813,,,,,,,,,,,,0.894,0.882,0.814,0.949,0
168.3,6.062,4.7071,0.4239,0.0,0.0,0.4813,,,,,,,,,,,,0.894,0.882,0.814,0.949,0
168.32,6.1327,4.8477,0.4825,0.0,0.0,0.4813,,,,,,,,,,,,0.891,0.875,0.804,0.949,0
168.34,6.1327,4.8477,0.4825,0.0,0.0,0.4813,,,,,,,,,,,,0.891,0.875,0.804,0.949,0
168.36,6.1327,4.8477,0.4825,0.0,0.0,0.4813,,,,,,,,,,,,0.891,0.875,0.804,0.949,0
168.38,6.1327,4.8477,0.4825,0.0,0.0,0.4813,,,,,,,,,,,,0.891,0.875,0.804,0.949,0
168.4,6.228,4.8354,0.5509,0.0,0.0,0.4813,,,,,,,,,,,,0.891,0.875,0.804,0.949,0
168.42,6.228,4.8354,0.5509,0.0,0.0,0.4813,,,,,,,,,,,,0.883,0.869,0.791,0.949,0
168.44,6.228,4.8354,0.5509,0.0,0.0,0.4813,,,,,,,,,,,,0.883,0.869,0.791,0.949,0
168.46,6.228,4.8354,0.5509,0.0,0.0,0.4813,,,,,,,,,,,,0.883,0.869,0.791,0.949,0
168.48,6.228,4.8354,0.5509,0.0,0.0,0.4813,,,,,,,,,,,,0.883,0.869,0.791,0.949,0
168.5,6.228,4.8354,0.5509,0.0,0.0,0.4813,,,,,,,,,,,,0.883,0.869,0.791,0.949,0
168.52,6.2604,4.752,0.5444,0.0,0.0,0.4813,,,,,,,,,,,,0.892,0.861,0.792,0.949,0
168.54,6.2604,4.752,0.5444,0.0,0.0,0.4813,,,,,,,,,,,,0.892,0.861,0.792,0.949,0
168.56,6.2604,4.752,0.5444,0.0,0.0,0.4813,,,,,,,,,,,,0.892,0.861,0.792,0.949,0
168.58,6.2604,4.752,0.5444,0.0,0.0,0.4813,,,,,,,,,,,,0.892,0.861,0.792,0.949,0
168.6,6.3134,4.5962,0.6718,0.0,0.0,0.4813,,,,,,,,,,,,0.892,0.861,0.792,0.949,0
168.62,6.3134,4.5962,0.6718,0.0,0.0,0.4813,,,,,,,,,,,,0.883,0.859,0.784,0.949,0
168.64,6.3134,4.5962,0.6718,0.0,0.0,0.4813,,,,,,,,,,,,0.883,0.859,0.784,0.949,0
168.66,6.3134,4.5962,0.6718,0.0,0.0,0.4813,,,,,,,,,,,,0.883,0.859,0.784,0.949,0
168.68,6.3134,4.5962,0.6718,0.0,0.0,0.4813,,,,,,,,,,,,0.883,0.859,0.784,0.949,0
168.7,6.3134,4.5962,0.6718,0.0,0.0,0.4813,,,,,,,,,,,,0.883,0.859,0.784,0.949,0
168.72,6.3698,4.4156,0.6377,0.0,0.0,0.4813,,,,,,,,,,,,0.882,0.858,0.778,0.949,0
168.74,6.3698,4.4156,0.6377,0.0,0.0,0.4813,,,,,,,,,,,,0.882,0.858,0.778,0.949,0
168.76,6.3698,4.4156,0.6377,0.0,0.0,0.4813,,,,,,,,,,,,0.882,0.858,0.778,0.949,0
168.78,6.3698,4.4156,0.6377,0.0,0.0,0.4813,,,,,,,,,,,,0.882,0.858,0.778,0.949,0
168.8,6.5032,4.1811,0.5888,0.0,0.0,0.4813,,,,,,,,,,,,0.882,0.858,0.778,0.949,0
168.82,6.5032,4.1811,0.5888,0.0,0.0,0.4813,,,,,,,,,,,,0.886,0.854,0.777,0.949,0
168.84,6.5032,4.1811,0.5888,0.0,0.0,0.4813,,,,,,,,,,,,0.886,0.854,0.777,0.949,0
168.86,6.5032,4.1811,0.5888,0.0,0.0,0.4813,,,,,,,,,,,,0.886,0.854,0.777,0.949,0
168.88,6.5032,4.1811,0.5888,0.0,0.0,0.4813,,,,,,,,,,,,0.886,0.854,0.777,0.949,0
168.9,6.5032,4.1811,0.5888,0.0,0.0,0.4813,,,,,,,,,,,,0.886,0.854,0.777,0.949,0
168.92,6.4299,4.2364,0.6397,0.0,0.0,0.4813,,,,,,,,,,,,0.879,0.846,0.763,0.949,0
168.94,6.4299,4.2364,0.6397,0.0,0.0,0.4813,,,,,,,,,,,,0.879,0.846,0.763,0.949,0
168.96,6.4299,4.2364,0.6397,0.0,0.0,0.4813,,,,,,,,,,,,0.879,0.846,0.763,0.949,0
168.98,6.4299,4.2364,0.6397,0.0,0.0,0.4813,,,,,,,,,,,,0.879,0.846,0.763,0.949,0
169.0,6.4391,4.3225,0.6661,0.0,0.0,0.4813,,,,,,,,,,,,0.879,0.846,0.763,0.949,0
169.02,6.4391,4.3225,0.6661,0.0,0.0,0.4813,,,,,,,,,,,,0.872,0.848,0.758,0.949,0
169.04,6.4391,4.3225,0.6661,0.0,0.0,0.4813,,,,,,,,,,,,0.872,0.848,0.758,0.949,0
169.06,6.4391,4.3225,0.6661,0.0,0.0,0.4813,,,,,,,,,,,,0.872,0.848,0.758,0.949,0
169.08,6.4391,4.3225,0.6661,0.0,0.0,0.4813,,,,,,,,,,,,0.872,0.848,0.758,0.949,0
169.1,6.4391,4.3225,0.6661,0.0,0.0,0.4813,,,,,,,,,,,,0.872,0.848,0.758,0.949,0
169.12,6.4933,4.3689,0.7817,0.0,0.0,0.4813,,,,,,,,,,,,0.868,0.837,0.744,0.949,0
169.14,6.4933,4.3689,0.7817,0.0,0.0,0.4813,,,,,,,,,,,,0.868,0.837,0.744,0.949,0
169.16,6.4933,4.3689,0.7817,0.0,0.0,0.4813,,,,,,,,,,,,0.868,0.837,0.744,0.949,0
169.18,6.4933,4.3689,0.7817,0.0,0.0,0.4813,,,,,,,,,,,,0.868,0.837,0.744,0.949,0
169.2,6.6067,4.3557,0.7849,0.0,0.0,0.4813,,,,,,,,,,,,0.868,0.837,0.744,0.949,0
169.22,6.6067,4.3557,0.7849,0.0,0.0,0.4813,,,,,,,,,,,,0.869,0.833,0.741,0.949,0
169.24,6.6067,4.3557,0.7849,0.0,0.0,0.4813,,,,,,,,,,,,0.869,0.833,0.741,0.949,0
169.26,6.6067,4.3557,0.7849,0.0,0.0,0.4813,,,,,,,,,,,,0.869,0.833,0.741,0.949,0
169.28,6.6067,4.3557,0.7849,0.0,0.0,0.4813,,,,,,,,,,,,0.869,0.833,0.741,0.949,0
169.3,6.6067,4.3557,0.7849,0.0,0.0,0.4813,,,,,,,,,,,,0.869,0.833,0.741,0.949,0
169.32,6.6078,4.3572,0.8049,0.0,0.0,0.4813,,,,,,,,,,,,0.865,0.83,0.731,0.949,0
169.34,6.6078,4.3572,0.8049,0.0,0.0,0.4813,,,,,,,,,,,,0.865,0.83,0.731,0.949,0
169.36,6.6078,4.3572,0.8049,0.0,0.0,0.4813,,,,,,,,,,,,0.865,0.83,0.731,0.949,0
169.38,6.6078,4.3572,0.8049,0.0,0.0,0.4813,,,,,,,,,,,,0.865,0.83,0.731,0.949,0
169.4,6.6736,4.1683,0.7872,0.0,0.0,0.4813,,,,,,,,,,,,0.865,0.83,0.731,0.949,0
169.42,6.6736,4.1683,0.7872,0.0,0.0,0.4813,,,,,,,,,,,,0.865,0.821,0.722,0.949,0
169.44,6.6736,4.1683,0.7872,0.0,0.0,0.4813,,,,,,,,,,,,0.865,0.821,0.722,0.949,0
169.46,6.6736,4.1683,0.7872,0.0,0.0,0.4813,,,,,,,,,,,,0.865,0.821,0.722,0.949,0
169.48,6.6736,4.1683,0.7872,0.0,0.0,0.4813,,,,,,,,,,,,0.865,0.821,0.722,0.949,0
169.5,6.6736,4.1683,0.7872,0.0,0.0,0.4813,,,,,,,,,,,,0.865,0.821,0.722,0.949,0
169.52,6.77,4.2184,0.8107,0.0,0.0,0.4813,,,,,,,,,,,,0.864,0.819,0.719,0.949,0
169.54,6.77,4.2184,0.8107,0.0,0.0,0.4813,,,,,,,,,,,,0.864,0.819,0.719,0.949,0
169.56,6.77,4.2184,0.8107,0.0,0.0,0.4813,,,,,,,,,,,,0.864,0.819,0.719,0.949,0
169.58,6.77,4.2184,0.8107,0.0,0.0,0.4813,,,,,,,,,,,,0.864,0.819,0.719,0.949,0
169.6,6.7591,4.2906,0.8919,0.0,0.0,0.4813,,,,,,,,,,,,0.864,0.819,0.719,0.949,0
169.62,6.7591,4.2906,0.8919,0.0,0.0,0.4813,,,,,,,,,,,,0.852,0.811,0.697,0.949,0
169.64,6.7591,4.2906,0.8919,0.0,0.0,0.4813,,,,,,,,,,,,0.852,0.811,0.697,0.949,0
169.66,6.7591,4.2906,0.8919,0.0,0.0,0.4813,,,,,,,,,,,,0.852,0.811,0.697,0.949,0
169.68,6.7591,4.2906,0.8919,0.0,0.0,0.4813,,,,,,,,,,,,0.852,0.811,0.697,0.949,0
169.7,6.7591,4.2906,0.8919,0.0,0.0,0.4813,,,,,,,,,,,,0.852,0.811,0.697,0.949,0
169.72,6.8072,4.1701,0.9197,0.0,0.0,0.4813,,,,,,,,,,,,0.855,0.806,0.697,0.949,0
169.74,6.8072,4.1701,0.9197,0.0,0.0,0.4813,,,,,,,,,,,,0.855,0.806,0.697,0.949,0
169.76,6.8072,4.1701,0.9197,0.0,0.0,0.4813,,,,,,,,,,,,0.855,0.806,0.697,0.949,0
169.78,6.8072,4.1701,0.9197,0.0,0.0,0.4813,,,,,,,,,,,,0.855,0.806,0.697,0.949,0
169.8,6.8161,4.3251,0.9631,0.0,0.0,0.4813,,,,,,,,,,,,0.855,0.806,0.697,0.949,0
169.82,6.8161,4.3251,0.9631,0.0,0.0,0.4813,,,,,,,,,,,,0.85,0.806,0.689,0.949,0
169.84,6.8161,4.3251,0.9631,0.0,0.0,0.4813,,,,,,,,,,,,0.85,0.806,0.689,0.949,0
169.86,6.8161,4.3251,0.9631,0.0,0.0,0.4813,,,,,,,,,,,,0.85,0.806,0.689,0.949,0
169.88,6.8161,4.3251,0.9631,0.0,0.0,0.4813,,,,,,,,,,,,0.85,0.806,0.689,0.949,0
169.9,6.8161,4.3251,0.9631,0.0,0.0,0.4813,,,,,,,,,,,,0.85,0.806,0.689,0.949,0
169.92,6.8844,4.4154,1.0913,0.0,0.0,0.4813,,,,,,,,,,,,0.841,0.798,0.674,0.949,0
169.94,6.8844,4.4154,1.0913,0.0,0.0,0.4813,,,,,,,,,,,,0.841,0.798,0.674,0.949,0
169.96,6.8844,4.4154,1.0913,0.0,0.0,0.4813,,,,,,,,,,,,0.841,0.798,0.674,0.949,0
169.98,6.8844,4.4154,1.0913,0.0,0.0,0.4813,,,,,,,,,,,,0.841,0.798,0.674,0.949,0
170.0,6.8962,4.4755,1.1995,0.0,0.0,0.4813,,,,,,,,,,,,0.841,0.798,0.674,0.949,0
170.02,6.8962,4.4755,1.1995,0.0,0.0,0.4813,,,,,,,,,,,,0.835,0.788,0.659,0.949,0
170.04,6.8962,4.4755,1.1995,0.0,0.0,0.4813,,,,,,,,,,,,0.835,0.788,0.659,0.949,0
170.06,6.8962,4.4755,1.1995,0.0,0.0,0.4813,,,,,,,,,,,,0.835,0.788,0.659,0.949,0
170.08,6.8962,4.4755,1.1995,0.0,0.0,0.4813,,,,,,,,,,,,0.835,0.788,0.659,0.949,0
170.1,6.8962,4.4755,1.1995,0.0,0.0,0.4813,,,,,,,,,,,,0.835,0.788,0.659,0.949,0
170.12,7.1414,4.7663,1.3286,0.0,0.0,0.4813,,,,,,,,,,,,0.827,0.77,0.629,0.949,0
170.14,7.1414,4.7663,1.3286,0.0,0.0,0.4813,,,,,,,,,,,,0.827,0.77,0.629,0.949,0
170.16,7.1414,4.7663,1.3286,0.0,0.0,0.4813,,,,,,,,,,,,0.827,0.77,0.629,0.949,0
170.18,7.1414,4.7663,1.3286,0.0,0.0,0.4813,,,,,,,,,,,,0.827,0.77,0.629,0.949,0
170.2,7.2119,4.6281,1.3407,0.0,0.0,0.4813,,,,,,,,,,,,0.827,0.77,0.629,0.949,0
170.22,7.2119,4.6281,1.3407,0.0,0.0,0.4813,,,,,,,,,,,,0.838,0.777,0.651,0.949,0
170.24,7.2119,4.6281,1.3407,0.0,0.0,0.4813,,,,,,,,,,,,0.838,0.777,0.651,0.949,0
170.26,7.2119,4.6281,1.3407,0.0,0.0,0.4813,,,,,,,,,,,,0.838,0.777,0.651,0.949,0
170.28,7.2119,4.6281,1.3407,0.0,0.0,0.4813,,,,,,,,,,,,0.838,0.777,0.651,0.949,0
170.3,7.2119,4.6281,1.3407,0.0,0.0,0.4813,,,,,,,,,,,,0.838,0.777,0.651,0.949,0
170.32,7.175,4.4847,1.2937,0.0,0.0,0.4813,,,,,,,,,,,,0.833,0.78,0.645,0.949,0
170.34,7.175,4.4847,1.2937,0.0,0.0,0.4813,,,,,,,,,,,,0.833,0.78,0.645,0.949,0
170.36,7.175,4.4847,1.2937,0.0,0.0,0.4813,,,,,,,,,,,,0.833,0.78,0.645,0.949,0
170.38,7.175,4.4847,1.2937,0.0,0.0,0.4813,,,,,,,,,,,,0.833,0.78,0.645,0.949,0
170.4,7.1864,4.4177,1.32,0.0,0.0,0.4813,,,,,,,,,,,,0.833,0.78,0.645,0.949,0
170.42,7.1864,4.4177,1.32,0.0,0.0,0.4813,,,,,,,,,,,,0.826,0.763,0.617,0.949,0
170.44,7.1864,4.4177,1.32,0.0,0.0,0.4813,,,,,,,,,,,,0.826,0.763,0.617,0.949,0
170.46,7.1864,4.4177,1.32,0.0,0.0,0.4813,,,,,,,,,,,,0.826,0.763,0.617,0.949,0
170.48,7.1864,4.4177,1.32,0.0,0.0,0.4813,,,,,,,,,,,,0.826,0.763,0.617,0.949,0
170.5,7.1864,4.4177,1.32,0.0,0.0,0.4813,,,,,,,,,,,,0.826,0.763,0.617,0.949,0
170.52,7.1524,4.4855,1.3314,0.0,0.0,0.4813,,,,,,,,,,,,0.82,0.758,0.603,0.949,0
170.54,7.1524,4.4855,1.3314,0.0,0.0,0.4813,,,,,,,,,,,,0.82,0.758,0.603,0.949,0
170.56,7.1524,4.4855,1.3314,0.0,0.0,0.4813,,,,,,,,,,,,0.82,0.758,0.603,0.949,0
170.58,7.1524,4.4855,1.3314,0.0,0.0,0.4813,,,,,,,,,,,,0.82,0.758,0.603,0.949,0
170.6,7.1552,4.3958,1.3796,0.0,0.0,0.4813,,,,,,,,,,,,0.82,0.758,0.603,0.949,0
170.62,7.1552,4.3958,1.3796,0.0,0.0,0.4813,,,,,,,,,,,,0.824,0.755,0.607,0.949,0
170.64,7.1552,4.3958,1.3796,0.0,0.0,0.4813,,,,,,,,,,,,0.824,0.755,0.607,0.949,0
170.66,7.1552,4.3958,1.3796,0.0,0.0,0.4813,,,,,,,,,,,,0.824,0.755,0.607,0.949,0
170.68,7.1552,4.3958,1.3796,0.0,0.0,0.4813,,,,,,,,,,,,0.824,0.755,0.607,0.949,0
170.7,7.1552,4.3958,1.3796,0.0,0.0,0.4813,,,,,,,,,,,,0.824,0.755,0.607,0.949,0
170.72,7.016,4.309,1.353,0.0,0.0,0.4813,,,,,,,,,,,,0.821,0.752,0.598,0.949,0
170.74,7.016,4.309,1.353,0.0,0.0,0.4813,,,,,,,,,,,,0.821,0.752,0.598,0.949,0
170.76,7.016,4.309,1.353,0.0,0.0,0.4813,,,,,,,,,,,,0.821,0.752,0.598,0.949,0
170.78,7.016,4.309,1.353,0.0,0.0,0.4813,,,,,,,,,,,,0.821,0.752,0.598,0.949,0
170.8,6.9123,4.1045,1.3321,0.0,0.0,0.4813,,,,,,,,,,,,0.821,0.752,0.598,0.949,0
170.82,6.9123,4.1045,1.3321,0.0,0.0,0.4813,,,,,,,,,,,,0.824,0.739,0.585,0.949,0
170.84,6.9123,4.1045,1.3321,0.0,0.0,0.4813,,,,,,,,,,,,0.824,0.739,0.585,0.949,0
170.86,6.9123,4.1045,1.3321,0.0,0.0,0.4813,,,,,,,,,,,,0.824,0.739,0.585,0.949,0
170.88,6.9123,4.1045,1.3321,0.0,0.0,0.4813,,,,,,,,,,,,0.824,0.739,0.585,0.949,0
170.9,6.9123,4.1045,1.3321,0.0,0.0,0.4813,,,,,,,,,,,,0.824,0.739,0.585,0.949,0
170.92,6.8838,3.9632,1.2321,0.0,0.0,0.4813,,,,,,,,,,,,0.821,0.751,0.591,0.949,0
170.94,6.8838,3.9632,1.2321,0.0,0.0,0.4813,,,,,,,,,,,,0.821,0.751,0.591,0.949,0
170.96,6.8838,3.9632,1.2321,0.0,0.0,0.4813,,,,,,,,,,,,0.821,0.751,0.591,0.949,0
170.98,6.8838,3.9632,1.2321,0.0,0.0,0.4813,,,,,,,,,,,,0.821,0.751,0.591,0.949,0
171.0,6.7615,3.9706,1.2508,0.0,0.0,0.4813,,,,,,,,,,,,0.821,0.751,0.591,0.949,0
171.02,6.7615,3.9706,1.2508,0.0,0.0,0.4813,,,,,,,,,,,,0.814,0.742,0.574,0.949,0
171.04,6.7615,3.9706,1.2508,0.0,0.0,0.4813,,,,,,,,,,,,0.814,0.742,0.574,0.949,0
171.06,6.7615,3.9706,1.2508,0.0,0.0,0.4813,,,,,,,,,,,,0.814,0.742,0.574,0.949,0
171.08,6.7615,3.9706,1.2508,0.0,0.0,0.4813,,,,,,,,,,,,0.814,0.742,0.574,0.949,0
171.1,6.7615,3.9706,1.2508,0.0,0.0,0.4813,,,,,,,,,,,,0.814,0.742,0.574,0.949,0
171.12,6.7959,4.1392,1.2896,0.0,0.0,0.4813,,,,,,,,,,,,0.805,0.73,0.547,0.949,0
171.14,6.7959,4.1392,1.2896,0.0,0.0,0.4813,,,,,,,,,,,,0.805,0.73,0.547,0.949,0
171.16,6.7959,4.1392,1.2896,0.0,0.0,0.4813,,,,,,,,,,,,0.805,0.73,0.547,0.949,0
171.18,6.7959,4.1392,1.2896,0.0,0.0,0.4813,,,,,,,,,,,,0.805,0.73,0.547,0.949,0
171.2,6.8328,4.1217,1.3693,0.0,0.0,0.4813,,,,,,,,,,,,0.805,0.73,0.547,0.949,0
171.22,6.8328,4.1217,1.3693,0.0,0.0,0.4813,,,,,,,,,,,,0.611,0.507,0.218,0.786,0
171.24,6.8328,4.1217,1.3693,0.0,0.0,0.4813,,,,,,,,,,,,0.611,0.507,0.218,0.786,0
171.26,6.8328,4.1217,1.3693,0.0,0.0,0.4813,,,,,,,,,,,,0.611,0.507,0.218,0.786,0
171.28,6.8328,4.1217,1.3693,0.0,0.0,0.4813,,,,,,,,,,,,0.611,0.507,0.218,0.786,0
171.3,6.8328,4.1217,1.3693,0.0,0.0,0.4813,,,,,,,,,,,,0.611,0.507,0.218,0.786,0
171.32,6.7693,4.1102,1.3557,0.0,0.0,0.6028,,,,,,,,,,,,0.398,0.327,0.15,0.507,0
171.34,6.7693,4.1102,1.3557,0.0,0.0,0.6028,,,,,,,,,,,,0.398,0.327,0.15,0.507,0
171.36,6.7693,4.1102,1.3557,0.0,0.0,0.6028,,,,,,,,,,,,0.398,0.327,0.15,0.507,0
171.38,6.7693,4.1102,1.3557,0.0,0.0,0.6028,,,,,,,,,,,,0.398,0.327,0.15,0.507,0
171.4,6.8003,4.0625,1.4063,0.0,0.0,0.7091,,,,,,,,,,,,0.398,0.327,0.15,0.507,0
171.42,6.8003,4.0625,1.4063,0.0,0.0,0.7091,,,,,,,,,,,,0.241,0.212,0.15,0.289,0
171.44,6.8003,4.0625,1.4063,0.0,0.0,0.7091,,,,,,,,,,,,0.241,0.212,0.15,0.289,0
171.46,6.8003,4.0625,1.4063,0.0,0.0,0.7091,,,,,,,,,,,,0.241,0.212,0.15,0.289,0
171.48,6.8003,4.0625,1.4063,0.0,0.0,0.7091,,,,,,,,,,,,0.241,0.212,0.15,0.289,0
171.5,6.8003,4.0625,1.4063,0.0,0.0,0.7091,,,,,,,,,,,,0.241,0.212,0.15,0.289,0
171.52,6.7713,3.9932,1.4388,0.0,0.0,0.5801,,,,,,,,,,,,0.24,0.211,0.15,0.29,0
171.54,6.7713,3.9932,1.4388,0.0,0.0,0.5801,,,,,,,,,,,,0.24,0.211,0.15,0.29,0
171.56,6.7713,3.9932,1.4388,0.0,0.0,0.5801,,,,,,,,,,,,0.24,0.211,0.15,0.29,0
171.58,6.7713,3.9932,1.4388,0.0,0.0,0.5801,,,,,,,,,,,,0.24,0.211,0.15,0.29,0
171.6,6.7452,4.0045,1.4614,0.0,0.0,1.4072,,,,,,,,,,,,0.24,0.211,0.15,0.29,0
171.62,6.7452,4.0045,1.4614,0.0,0.0,1.4072,,,,,,,,,,,,0.769,0.682,0.461,0.904,0
171.64,6.7452,4.0045,1.4614,0.0,0.0,1.4072,,,,,,,,,,,,0.769,0.682,0.461,0.904,0
171.66,6.7452,4.0045,1.4614,0.0,0.0,1.4072,,,,,,,,,,,,0.769,0.682,0.461,0.904,0
171.68,6.7452,4.0045,1.4614,0.0,0.0,1.4072,,,,,,,,,,,,0.769,0.682,0.461,0.904,0
171.7,6.7452,4.0045,1.4614,0.0,0.0,1.4072,,,,,,,,,,,,0.769,0.682,0.461,0.904,0
171.72,6.7608,4.097,1.517,0.0,0.0,1.9994,,,,,,,,,,,,0.823,0.747,0.543,0.949,0
171.74,6.7608,4.097,1.517,0.0,0.0,1.9994,,,,,,,,,,,,0.823,0.747,0.543,0.949,0
171.76,6.7608,4.097,1.517,0.0,0.0,1.9994,,,,,,,,,,,,0.823,0.747,0.543,0.949,0
171.78,6.7608,4.097,1.517,0.0,0.0,1.9994,,,,,,,,,,,,0.823,0.747,0.543,0.949,0
171.8,6.7296,4.0778,1.5178,0.0,0.0,1.9994,,,,,,,,,,,,0.823,0.747,0.543,0.949,0
171.82,6.7296,4.0778,1.5178,0.0,0.0,1.9994,,,,,,,,,,,,0.816,0.731,0.525,0.949,0
171.84,6.7296,4.0778,1.5178,0.0,0.0,1.9994,,,,,,,,,,,,0.816,0.731,0.525,0.949,0
171.86,6.7296,4.0778,1.5178,0.0,0.0,1.9994,,,,,,,,,,,,0.816,0.731,0.525,0.949,0
171.88,6.7296,4.0778,1.5178,0.0,0.0,1.9994,,,,,,,,,,,,0.816,0.731,0.525,0.949,0
171.9,6.7296,4.0778,1.5178,0.0,0.0,1.9994,,,,,,,,,,,,0.816,0.731,0.525,0.949,0
171.92,6.6688,4.0029,1.4876,0.0,0.0,1.9994,,,,,,,,,,,,0.814,0.728,0.521,0.949,0
171.94,6.6688,4.0029,1.4876,0.0,0.0,1.9994,,,,,,,,,,,,0.814,0.728,0.521,0.949,0
171.96,6.6688,4.0029,1.4876,0.0,0.0,1.9994,,,,,,,,,,,,0.814,0.728,0.521,0.949,0
171.98,6.6688,4.0029,1.4876,0.0,0.0,1.9994,,,,,,,,,,,,0.814,0.728,0.521,0.949,0
172.0,6.6786,3.9177,1.5214,0.0,0.0,1.9994,,,,,,,,,,,,0.814,0.728,0.521,0.949,0
172.02,6.6786,3.9177,1.5214,0.0,0.0,1.9994,,,,,,,,,,,,0.809,0.719,0.505,0.949,0
172.04,6.6786,3.9177,1.5214,0.0,0.0,1.9994,,,,,,,,,,,,0.809,0.719,0.505,0.949,0
172.06,6.6786,3.9177,1.5214,0.0,0.0,1.9994,,,,,,,,,,,,0.809,0.719,0.505,0.949,0
172.08,6.6786,3.9177,1.5214,0.0,0.0,1.9994,,,,,,,,,,,,0.809,0.719,0.505,0.949,0
172.1,6.6786,3.9177,1.5214,0.0,0.0,1.9994,,,,,,,,,,,,0.809,0.719,0.505,0.949,0
172.12,6.6238,3.9095,1.5015,0.0,0.0,1.9994,,,,,,,,,,,,0.805,0.718,0.495,0.949,0
172.14,6.6238,3.9095,1.5015,0.0,0.0,1.9994,,,,,,,,,,,,0.805,0.718,0.495,0.949,0
172.16,6.6238,3.9095,1.5015,0.0,0.0,1.9994,,,,,,,,,,,,0.805,0.718,0.495,0.949,0
172.18,6.6238,3.9095,1.5015,0.0,0.0,1.9994,,,,,,,,,,,,0.805,0.718,0.495,0.949,0
172.2,6.5619,3.8281,1.4886,0.0,0.0,1.9994,,,,,,,,,,,,0.805,0.718,0.495,0.949,0
172.22,6.5619,3.8281,1.4886,0.0,0.0,1.9994,,,,,,,,,,,,0.441,0.365,0.15,0.553,0
172.24,6.5619,3.8281,1.4886,0.0,0.0,1.9994,,,,,,,,,,,,0.441,0.365,0.15,0.553,0
172.26,6.5619,3.8281,1.4886,0.0,0.0,1.9994,,,,,,,,,,,,0.441,0.365,0.15,0.553,0
172.28,6.5619,3.8281,1.4886,0.0,0.0,1.9994,,,,,,,,,,,,0.441,0.365,0.15,0.553,0
172.3,6.5619,3.8281,1.4886,0.0,0.0,1.9994,,,,,,,,,,,,0.441,0.365,0.15,0.553,0
172.32,6.5886,3.8306,1.5082,0.0,0.0,1.2144,,,,,,,,,,,,0.239,0.212,0.15,0.291,0
172.34,6.5886,3.8306,1.5082,0.0,0.0,1.2144,,,,,,,,,,,,0.239,0.212,0.15,0.291,0
172.36,6.5886,3.8306,1.5082,0.0,0.0,1.2144,,,,,,,,,,,,0.239,0.212,0.15,0.291,0
172.38,6.5886,3.8306,1.5082,0.0,0.0,1.2144,,,,,,,,,,,,0.239,0.212,0.15,0.291,0
172.4,6.5319,3.8534,1.57,0.0,0.0,357.8059,,,,,,,,,,,,0.239,0.212,0.15,0.291,0
172.42,6.5319,3.8534,1.57,0.0,0.0,357.8059,,,,,,,,,,,,0.229,0.196,0.15,0.311,0
172.44,6.5319,3.8534,1.57,0.0,0.0,357.8059,,,,,,,,,,,,0.229,0.196,0.15,0.311,0
172.46,6.5319,3.8534,1.57,0.0,0.0,357.8059,,,,,,,,,,,,0.229,0.196,0.15,0.311,0
172.48,6.5319,3.8534,1.57,0.0,0.0,357.8059,,,,,,,,,,,,0.229,0.196,0.15,0.311,0
172.5,6.5319,3.8534,1.57,0.0,0.0,357.8059,,,,,,,,,,,,0.229,0.196,0.15,0.311,0
172.52,6.4873,4.0169,1.6536,0.0,0.0,351.9331,,,,,,,,,,,,0.215,0.186,0.15,0.328,0
172.54,6.4873,4.0169,1.6536,0.0,0.0,351.9331,,,,,,,,,,,,0.215,0.186,0.15,0.328,0
172.56,6.4873,4.0169,1.6536,0.0,0.0,351.9331,,,,,,,,,,,,0.215,0.186,0.15,0.328,0
172.58,6.4873,4.0169,1.6536,0.0,0.0,351.9331,,,,,,,,,,,,0.215,0.186,0.15,0.328,0
172.6,6.4358,3.9836,1.7607,0.0,0.0,343.7718,,,,,,,,,,,,0.215,0.186,0.15,0.328,0
172.62,6.4358,3.9836,1.7607,0.0,0.0,343.7718,,,,,,,,,,,,0.217,0.186,0.15,0.326,0
172.64,6.4358,3.9836,1.7607,0.0,0.0,343.7718,,,,,,,,,,,,0.217,0.186,0.15,0.326,0
172.66,6.4358,3.9836,1.7607,0.0,0.0,343.7718,,,,,,,,,,,,0.217,0.186,0.15,0.326,0
172.68,6.4358,3.9836,1.7607,0.0,0.0,343.7718,,,,,,,,,,,,0.217,0.186,0.15,0.326,0
172.7,6.4358,3.9836,1.7607,0.0,0.0,343.7718,,,,,,,,,,,,0.217,0.186,0.15,0.326,0
172.72,6.4026,3.8758,1.7223,0.0,0.0,335.8122,,,,,,,,,,,,0.218,0.182,0.15,0.328,0
172.74,6.4026,3.8758,1.7223,0.0,0.0,335.8122,,,,,,,,,,,,0.218,0.182,0.15,0.328,0
172.76,6.4026,3.8758,1.7223,0.0,0.0,335.8122,,,,,,,,,,,,0.218,0.182,0.15,0.328,0
172.78,6.4026,3.8758,1.7223,0.0,0.0,335.8122,,,,,,,,,,,,0.218,0.182,0.15,0.328,0
172.8,6.3861,3.7573,1.6259,0.0,0.0,330.5511,,,,,,,,,,,,0.218,0.182,0.15,0.328,0
172.82,6.3861,3.7573,1.6259,0.0,0.0,330.5511,,,,,,,,,,,,0.219,0.181,0.15,0.328,0
172.84,6.3861,3.7573,1.6259,0.0,0.0,330.5511,,,,,,,,,,,,0.219,0.181,0.15,0.328,0
172.86,6.3861,3.7573,1.6259,0.0,0.0,330.5511,,,,,,,,,,,,0.219,0.181,0.15,0.328,0
172.88,6.3861,3.7573,1.6259,0.0,0.0,330.5511,,,,,,,,,,,,0.219,0.181,0.15,0.328,0
172.9,6.3861,3.7573,1.6259,0.0,0.0,330.5511,,,,,,,,,,,,0.219,0.181,0.15,0.328,0
172.92,6.3108,3.6466,1.5766,0.0,0.0,327.9901,,,,,,,,,,,,0.22,0.179,0.15,0.328,0
172.94,6.3108,3.6466,1.5766,0.0,0.0,327.9901,,,,,,,,,,,,0.22,0.179,0.15,0.328,0
172.96,6.3108,3.6466,1.5766,0.0,0.0,327.9901,,,,,,,,,,,,0.22,0.179,0.15,0.328,0
172.98,6.3108,3.6466,1.5766,0.0,0.0,327.9901,,,,,,,,,,,,0.22,0.179,0.15,0.328,0
173.0,6.2689,3.7631,1.6645,0.0,0.0,327.7185,,,,,,,,,,,,0.22,0.179,0.15,0.328,0
173.02,6.2689,3.7631,1.6645,0.0,0.0,327.7185,,,,,,,,,,,,0.222,0.177,0.15,0.329,0
173.04,6.2689,3.7631,1.6645,0.0,0.0,327.7185,,,,,,,,,,,,0.222,0.177,0.15,0.329,0
173.06,6.2689,3.7631,1.6645,0.0,0.0,327.7185,,,,,,,,,,,,0.222,0.177,0.15,0.329,0
173.08,6.2689,3.7631,1.6645,0.0,0.0,327.7185,,,,,,,,,,,,0.222,0.177,0.15,0.329,0
173.1,6.2689,3.7631,1.6645,0.0,0.0,327.7185,,,,,,,,,,,,0.222,0.177,0.15,0.329,0
173.12,6.1481,3.7512,1.6143,0.0,0.0,327.7185,,,,,,,,,,,,0.221,0.178,0.15,0.329,0
173.14,6.1481,3.7512,1.6143,0.0,0.0,327.7185,,,,,,,,,,,,0.221,0.178,0.15,0.329,0
173.16,6.1481,3.7512,1.6143,0.0,0.0,327.7185,,,,,,,,,,,,0.221,0.178,0.15,0.329,0
173.18,6.1481,3.7512,1.6143,0.0,0.0,327.7185,,,,,,,,,,,,0.221,0.178,0.15,0.329,0
173.2,6.0059,3.6414,1.2689,0.0,0.0,327.7185,,,,,,,,,,,,0.221,0.178,0.15,0.329,0
173.22,6.0059,3.6414,1.2689,0.0,0.0,327.7185,,,,,,,,,,,,0.161,0.153,0.15,0.183,0
173.24,6.0059,3.6414,1.2689,0.0,0.0,327.7185,,,,,,,,,,,,0.161,0.153,0.15,0.183,0
173.26,6.0059,3.6414,1.2689,0.0,0.0,327.7185,,,,,,,,,,,,0.161,0.153,0.15,0.183,0
173.28,6.0059,3.6414,1.2689,0.0,0.0,327.7185,,,,,,,,,,,,0.161,0.153,0.15,0.183,0
173.3,6.0059,3.6414,1.2689,0.0,0.0,327.7185,,,,,,,,,,,,0.161,0.153,0.15,0.183,0
173.32,5.7799,3.7694,1.0032,0.0,0.0,1.0032,,,,,,,,,,,,0.121,0.121,0.121,0.121,0
173.34,5.7799,3.7694,1.0032,0.0,0.0,1.0032,,,,,,,,,,,,0.121,0.121,0.121,0.121,0
173.36,5.7799,3.7694,1.0032,0.0,0.0,1.0032,,,,,,,,,,,,0.121,0.121,0.121,0.121,0
173.38,5.7799,3.7694,1.0032,0.0,0.0,1.0032,,,,,,,,,,,,0.121,0.121,0.121,0.121,0
173.4,5.7495,4.092,1.1478,0.0,0.0,1.1478,,,,,,,,,,,,0.121,0.121,0.121,0.121,0
173.42,5.7495,4.092,1.1478,0.0,0.0,1.1478,,,,,,,,,,,,0.1,0.1,0.1,0.1,0
173.44,5.7495,4.092,1.1478,0.0,0.0,1.1478,,,,,,,,,,,,0.1,0.1,0.1,0.1,0
173.46,5.7495,4.092,1.1478,0.0,0.0,1.1478,,,,,,,,,,,,0.1,0.1,0.1,0.1,0
173.48,5.7495,4.092,1.1478,0.0,0.0,1.1478,,,,,,,,,,,,0.1,0.1,0.1,0.1,0
173.5,5.7495,4.092,1.1478,0.0,0.0,1.1478,,,,,,,,,,,,0.1,0.1,0.1,0.1,0
173.52,5.5296,4.0897,0.8631,0.0,0.0,0.8631,,,,,,,,,,,,0.0,0.0,0.0,0.0,0
173.54,5.5296,4.0897,0.8631,0.0,0.0,0.8631,,,,,,,,,,,,0.0,0.0,0.0,0.0,0
173.56,5.5296,4.0897,0.8631,0.0,0.0,0.8631,,,,,,,,,,,,0.0,0.0,0.0,0.0,0
173.58,5.5296,4.0897,0.8631,0.0,0.0,0.8631,,,,,,,,,,,,0.0,0.0,0.0,0.0,0
173.6,5.5469,4.0943,0.5893,0.0,0.0,0.5893,,,,,,,,,,,,0.0,0.0,0.0,0.0,0
173.62,5.5469,4.0943,0.5893,0.0,0.0,0.5893,,,,,,,,,,,,0.0,0.0,0.0,0.0,0
173.64,5.5469,4.0943,0.5893,0.0,0.0,0.5893,,,,,,,,,,,,0.0,0.0,0.0,0.0,0
173.66,5.5469,4.0943,0.5893,0.0,0.0,0.5893,,,,,,,,,,,,0.0,0.0,0.0,0.0,0
173.68,5.5469,4.0943,0.5893,0.0,0.0,0.5893,,,,,,,,,,,,0.0,0.0,0.0,0.0,0
173.7,5.5469,4.0943,0.5893,0.0,0.0,0.5893,,,,,,,,,,,,0.0,0.0,0.0,0.0,0
173.72,5.24,3.8553,359.9916,0.0,0.0,359.9916,,,,,,,,,,,,0.0,0.0,0.0,0.0,0
173.74,5.24,3.8553,359.9916,0.0,0.0,359.9916,,,,,,,,,,,,0.0,0.0,0.0,0.0,0
173.76,5.24,3.8553,359.9916,0.0,0.0,359.9916,,,,,,,,,,,,0.0,0.0,0.0,0.0,0
173.78,5.24,3.8553,359.9916,0.0,0.0,359.9916,,,,,,,,,,,,0.0,0.0,0.0,0.0,0
173.8,5.0238,3.0296,359.2821,0.0,0.0,359.2821,,,,,,,,,,,,0.0,0.0,0.0,0.0,0
173.82,5.0238,3.0296,359.2821,0.0,0.0,359.2821,,,,,,,,,,,,0.0,0.0,0.0,0.0,0
173.84,5.0238,3.0296,359.2821,0.0,0.0,359.2821,,,,,,,,,,,,0.0,0.0,0.0,0.0,0
173.86,5.0238,3.0296,359.2821,0.0,0.0,359.2821,,,,,,,,,,,,0.0,0.0,0.0,0.0,0
173.88,5.0238,3.0296,359.2821,0.0,0.0,359.2821,,,,,,,,,,,,0.0,0.0,0.0,0.0,0
173.9,5.0238,3.0296,359.2821,0.0,0.0,359.2821,,,,,,,,,,,,0.0,0.0,0.0,0.0,0
173.92,4.0048,1.7408,358.6411,0.0,0.0,358.6411,,,,,,,,,,,,0.0,0.0,0.0,0.0,0
173.94,4.0048,1.7408,358.6411,0.0,0.0,358.6411,,,,,,,,,,,,0.0,0.0,0.0,0.0,0
173.96,4.0048,1.7408,358.6411,0.0,0.0,358.6411,,,,,,,,,,,,0.0,0.0,0.0,0.0,0
173.98,4.0048,1.7408,358.6411,0.0,0.0,358.6411,,,,,,,,,,,,0.0,0.0,0.0,0.0,0
174.0,2.0541,-1.8329,359.4311,0.0,0.0,359.4311,,,,,,,,,,,,0.0,0.0,0.0,0.0,0
174.02,2.0541,-1.8329,359.4311,0.0,0.0,359.4311,,,,,,,,,,,,0.0,0.0,0.0,0.0,0
174.04,2.0541,-1.8329,359.4311,0.0,0.0,359.4311,,,,,,,,,,,,0.0,0.0,0.0,0.0,0
174.06,2.0541,-1.8329,359.4311,0.0,0.0,359.4311,,,,,,,,,,,,0.0,0.0,0.0,0.0,0
174.08,2.0541,-1.8329,359.4311,0.0,0.0,359.4311,,,,,,,,,,,,0.0,0.0,0.0,0.0,0
174.1,2.0541,-1.8329,359.4311,0.0,0.0,359.4311,,,,,,,,,,,,0.0,0.0,0.0,0.0,0
174.12,-7.1079,-8.627,359.1133,0.0,0.0,359.1133,,,,,,,,,,,,0.0,0.0,0.0,0.0,0
174.14,-7.1079,-8.627,359.1133,0.0,0.0,359.1133,,,,,,,,,,,,0.0,0.0,0.0,0.0,0
174.16,-7.1079,-8.627,359.1133,0.0,0.0,359.1133,,,,,,,,,,,,0.0,0.0,0.0,0.0,0
174.18,-7.1079,-8.627,359.1133,0.0,0.0,359.1133,,,,,,,,,,,,0.0,0.0,0.0,0.0,0
174.2,-13.5122,-14.6351,357.6533,0.0,0.0,357.6533,,,,,,,,,,,,0.0,0.0,0.0,0.0,0
174.22,-13.5122,-14.6351,357.6533,0.0,0.0,357.6533,,,,,,,,,,,,0.0,0.0,0.0,0.0,0
174.24,-13.5122,-14.6351,357.6533,0.0,0.0,357.6533,,,,,,,,,,,,0.0,0.0,0.0,0.0,0
174.26,-13.5122,-14.6351,357.6533,0.0,0.0,357.6533,,,,,,,,,,,,0.0,0.0,0.0,0.0,0
174.28,-13.5122,-14.6351,357.6533,0.0,0.0,357.6533,,,,,,,,,,,,0.0,0.0,0.0,0.0,0
174.3,-13.5122,-14.6351,357.6533,0.0,0.0,357.6533,,,,,,,,,,,,0.0,0.0,0.0,0.0,0
174.32,-18.1117,-19.6022,354.5701,0.0,0.0,354.5701,,,,,,,,,,,,0.0,0.0,0.0,0.0,0
174.34,-18.1117,-19.6022,354.5701,0.0,0.0,354.5701,,,,,,,,,,,,0.0,0.0,0.0,0.0,0
174.36,-18.1117,-19.6022,354.5701,0.0,0.0,354.5701,,,,,,,,,,,,0.0,0.0,0.0,0.0,0
174.38,-18.1117,-19.6022,354.5701,0.0,0.0,354.5701,,,,,,,,,,,,0.0,0.0,0.0,0.0,0
174.4,-20.2112,-23.5837,352.7119,0.0,0.0,352.7119,,,,,,,,,,,,0.0,0.0,0.0,0.0,0
174.42,-20.2112,-23.5837,352.7119,0.0,0.0,352.7119,,,,,,,,,,,,0.0,0.0,0.0,0.0,0
174.44,-20.2112,-23.5837,352.7119,0.0,0.0,352.7119,,,,,,,,,,,,0.0,0.0,0.0,0.0,0
174.46,-20.2112,-23.5837,352.7119,0.0,0.0,352.7119,,,,,,,,,,,,0.0,0.0,0.0,0.0,0
174.48,-20.2112,-23.5837,352.7119,0.0,0.0,352.7119,,,,,,,,,,,,0.0,0.0,0.0,0.0,0
174.5,-20.2112,-23.5837,352.7119,0.0,0.0,352.7119,,,,,,,,,,,,0.0,0.0,0.0,0.0,0
174.52,-20.3689,-24.3874,353.546,0.0,0.0,353.546,,,,,,,,,,,,0.0,0.0,0.0,0.0,0
174.54,-20.3689,-24.3874,353.546,0.0,0.0,353.546,,,,,,,,,,,,0.0,0.0,0.0,0.0,0
174.56,-20.3689,-24.3874,353.546,0.0,0.0,353.546,,,,,,,,,,,,0.0,0.0,0.0,0.0,0
174.58,-20.3689,-24.3874,353.546,0.0,0.0,353.546,,,,,,,,,,,,0.0,0.0,0.0,0.0,0
174.6,-22.6176,-28.5397,351.2667,0.0,0.0,351.2667,,,,,,,,,,,,0.0,0.0,0.0,0.0,0
174.62,-22.6176,-28.5397,351.2667,0.0,0.0,351.2667,,,,,,,,,,,,0.0,0.0,0.0,0.0,0
174.64,-22.6176,-28.5397,351.2667,0.0,0.0,351.2667,,,,,,,,,,,,0.0,0.0,0.0,0.0,0
174.66,-22.6176,-28.5397,351.2667,0.0,0.0,351.2667,,,,,,,,,,,,0.0,0.0,0.0,0.0,0
174.68,-22.6176,-28.5397,351.2667,0.0,0.0,351.2667,,,,,,,,,,,,0.0,0.0,0.0,0.0,0
174.7,-22.6176,-28.5397,351.2667,0.0,0.0,351.2667,,,,,,,,,,,,0.0,0.0,0.0,0.0,0
174.72,-23.8003,-32.6362,348.9199,0.0,0.0,348.9199,,,,,,,,,,,,0.0,0.0,0.0,0.0,0
174.74,-23.8003,-32.6362,348.9199,0.0,0.0,348.9199,,,,,,,,,,,,0.0,0.0,0.0,0.0,0
174.76,-23.8003,-32.6362,348.9199,0.0,0.0,348.9199,,,,,,,,,,,,0.0,0.0,0.0,0.0,0
174.78,-23.8003,-32.6362,348.9199,0.0,0.0,348.9199,,,,,,,,,,,,0.0,0.0,0.0,0.0,0
174.8,-23.1795,-30.6376,348.5144,0.0,0.0,348.5144,,,,,,,,,,,,0.0,0.0,0.0,0.0,0
174.82,-23.1795,-30.6376,348.5144,0.0,0.0,348.5144,,,,,,,,,,,,0.0,0.0,0.0,0.0,0
174.84,-23.1795,-30.6376,348.5144,0.0,0.0,348.5144,,,,,,,,,,,,0.0,0.0,0.0,0.0,0
174.86,-23.1795,-30.6376,348.5144,0.0,0.0,348.5144,,,,,,,,,,,,0.0,0.0,0.0,0.0,0
174.88,-23.1795,-30.6376,348.5144,0.0,0.0,348.5144,,,,,,,,,,,,0.0,0.0,0.0,0.0,0
174.9,-23.1795,-30.6376,348.5144,0.0,0.0,348.5144,,,,,,,,,,,,0.0,0.0,0.0,0.0,0
174.92,-22.5498,-30.0367,348.942,0.0,0.0,348.942,,,,,,,,,,,,0.0,0.0,0.0,0.0,0
174.94,-22.5498,-30.0367,348.942,0.0,0.0,348.942,,,,,,,,,,,,0.0,0.0,0.0,0.0,0
174.96,-22.5498,-30.0367,348.942,0.0,0.0,348.942,,,,,,,,,,,,0.0,0.0,0.0,0.0,0
174.98,-22.5498,-30.0367,348.942,0.0,0.0,348.942,,,,,,,,,,,,0.0,0.0,0.0,0.0,0
175.0,-22.4053,-30.1552,348.5966,0.0,0.0,348.5966,,,,,,,,,,,,0.0,0.0,0.0,0.0,0
175.02,-22.4053,-30.1552,348.5966,0.0,0.0,348.5966,,,,,,,,,,,,0.0,0.0,0.0,0.0,0
175.04,-22.4053,-30.1552,348.5966,0.0,0.0,348.5966,,,,,,,,,,,,0.0,0.0,0.0,0.0,0
175.06,-22.4053,-30.1552,348.5966,0.0,0.0,348.5966,,,,,,,,,,,,0.0,0.0,0.0,0.0,0
175.08,-22.4053,-30.1552,348.5966,0.0,0.0,348.5966,,,,,,,,,,,,0.0,0.0,0.0,0.0,0
175.1,-22.4053,-30.1552,348.5966,0.0,0.0,348.5966,,,,,,,,,,,,0.0,0.0,0.0,0.0,0
175.12,-21.9349,-29.3271,348.3822,0.0,0.0,348.3822,,,,,,,,,,,,0.0,0.0,0.0,0.0,0
175.14,-21.9349,-29.3271,348.3822,0.0,0.0,348.3822,,,,,,,,,,,,0.0,0.0,0.0,0.0,0
175.16,-21.9349,-29.3271,348.3822,0.0,0.0,348.3822,,,,,,,,,,,,0.0,0.0,0.0,0.0,0
175.18,-21.9349,-29.3271,348.3822,0.0,0.0,348.3822,,,,,,,,,,,,0.0,0.0,0.0,0.0,0
175.2,-21.5491,-28.9918,348.1412,0.0,0.0,348.1412,,,,,,,,,,,,0.0,0.0,0.0,0.0,0
175.22,-21.5491,-28.9918,348.1412,0.0,0.0,348.1412,,,,,,,,,,,,0.0,0.0,0.0,0.0,0
175.24,-21.5491,-28.9918,348.1412,0.0,0.0,348.1412,,,,,,,,,,,,0.0,0.0,0.0,0.0,0
175.26,-21.5491,-28.9918,348.1412,0.0,0.0,348.1412,,,,,,,,,,,,0.0,0.0,0.0,0.0,0
175.28,-21.5491,-28.9918,348.1412,0.0,0.0,348.1412,,,,,,,,,,,,0.0,0.0,0.0,0.0,0
175.3,-21.5491,-28.9918,348.1412,0.0,0.0,348.1412,,,,,,,,,,,,0.0,0.0,0.0,0.0,0
175.32,-21.3643,-28.9633,348.0434,0.0,0.0,348.0434,,,,,,,,,,,,0.0,0.0,0.0,0.0,0
175.34,-21.3643,-28.9633,348.0434,0.0,0.0,348.0434,,,,,,,,,,,,0.0,0.0,0.0,0.0,0
175.36,-21.3643,-28.9633,348.0434,0.0,0.0,348.0434,,,,,,,,,,,,0.0,0.0,0.0,0.0,0
175.38,-21.3643,-28.9633,348.0434,0.0,0.0,348.0434,,,,,,,,,,,,0.0,0.0,0.0,0.0,0
175.4,-21.1517,-28.9472,347.9207,0.0,0.0,347.9207,,,,,,,,,,,,0.0,0.0,0.0,0.0,0
175.42,-21.1517,-28.9472,347.9207,0.0,0.0,347.9207,,,,,,,,,,,,0.0,0.0,0.0,0.0,0
175.44,-21.1517,-28.9472,347.9207,0.0,0.0,347.9207,,,,,,,,,,,,0.0,0.0,0.0,0.0,0
175.46,-21.1517,-28.9472,347.9207,0.0,0.0,347.9207,,,,,,,,,,,,0.0,0.0,0.0,0.0,0
175.48,-21.1517,-28.9472,347.9207,0.0,0.0,347.9207,,,,,,,,,,,,0.0,0.0,0.0,0.0,0
175.5,-21.1517,-28.9472,347.9207,0.0,0.0,347.9207,,,,,,,,,,,,0.0,0.0,0.0,0.0,0
175.52,-21.0116,-28.9201,347.8178,0.0,0.0,347.8178,,,,,,,,,,,,0.0,0.0,0.0,0.0,0
175.54,-21.0116,-28.9201,347.8178,0.0,0.0,347.8178,,,,,,,,,,,,0.0,0.0,0.0,0.0,0
175.56,-21.0116,-28.9201,347.8178,0.0,0.0,347.8178,,,,,,,,,,,,0.0,0.0,0.0,0.0,0
175.58,-21.0116,-28.9201,347.8178,0.0,0.0,347.8178,,,,,,,,,,,,0.0,0.0,0.0,0.0,0
175.6,-20.8038,-28.9088,347.6922,0.0,0.0,347.6922,,,,,,,,,,,,0.0,0.0,0.0,0.0,0
175.62,-20.8038,-28.9088,347.6922,0.0,0.0,347.6922,,,,,,,,,,,,0.0,0.0,0.0,0.0,0
175.64,-20.8038,-28.9088,347.6922,0.0,0.0,347.6922,,,,,,,,,,,,0.0,0.0,0.0,0.0,0
175.66,-20.8038,-28.9088,347.6922,0.0,0.0,347.6922,,,,,,,,,,,,0.0,0.0,0.0,0.0,0
175.68,-20.8038,-28.9088,347.6922,0.0,0.0,347.6922,,,,,,,,,,,,0.0,0.0,0.0,0.0,0
175.7,-20.8038,-28.9088,347.6922,0.0,0.0,347.6922,,,,,,,,,,,,0.0,0.0,0.0,0.0,0
175.72,-20.6597,-28.8746,347.6033,0.0,0.0,347.6033,,,,,,,,,,,,0.0,0.0,0.0,0.0,0
175.74,-20.6597,-28.8746,347.6033,0.0,0.0,347.6033,,,,,,,,,,,,0.0,0.0,0.0,0.0,0
175.76,-20.6597,-28.8746,347.6033,0.0,0.0,347.6033,,,,,,,,,,,,0.0,0.0,0.0,0.0,0
175.78,-20.6597,-28.8746,347.6033,0.0,0.0,347.6033,,,,,,,,,,,,0.0,0.0,0.0,0.0,0
175.8,-20.4795,-28.8535,347.4957,0.0,0.0,347.4957,,,,,,,,,,,,0.0,0.0,0.0,0.0,0
175.82,-20.4795,-28.8535,347.4957,0.0,0.0,347.4957,,,,,,,,,,,,0.0,0.0,0.0,0.0,0
175.84,-20.4795,-28.8535,347.4957,0.0,0.0,347.4957,,,,,,,,,,,,0.0,0.0,0.0,0.0,0
175.86,-20.4795,-28.8535,347.4957,0.0,0.0,347.4957,,,,,,,,,,,,0.0,0.0,0.0,0.0,0
175.88,-20.4795,-28.8535,347.4957,0.0,0.0,347.4957,,,,,,,,,,,,0.0,0.0,0.0,0.0,0
175.9,-20.4795,-28.8535,347.4957,0.0,0.0,347.4957,,,,,,,,,,,,0.0,0.0,0.0,0.0,0
175.92,-20.3421,-28.8273,347.4201,0.0,0.0,347.4202,,,,,,,,,,,,0.0,0.0,0.0,0.0,0
175.94,-20.3421,-28.8273,347.4201,0.0,0.0,347.4202,,,,,,,,,,,,0.0,0.0,0.0,0.0,0
175.96,-20.3421,-28.8273,347.4201,0.0,0.0,347.4202,,,,,,,,,,,,0.0,0.0,0.0,0.0,0
175.98,-20.3421,-28.8273,347.4201,0.0,0.0,347.4202,,,,,,,,,,,,0.0,0.0,0.0,0.0,0
176.0,-20.2162,-28.81,347.3108,0.0,0.0,347.3108,,,,,,,,,,,,0.0,0.0,0.0,0.0,0
176.02,-20.2162,-28.81,347.3108,0.0,0.0,347.3108,,,,,,,,,,,,0.0,0.0,0.0,0.0,0
176.04,-20.2162,-28.81,347.3108,0.0,0.0,347.3108,,,,,,,,,,,,0.0,0.0,0.0,0.0,0
176.06,-20.2162,-28.81,347.3108,0.0,0.0,347.3108,,,,,,,,,,,,0.0,0.0,0.0,0.0,0
176.08,-20.2162,-28.81,347.3108,0.0,0.0,347.3108,,,,,,,,,,,,0.0,0.0,0.0,0.0,0
176.1,-20.2162,-28.81,347.3108,0.0,0.0,347.3108,,,,,,,,,,,,0.0,0.0,0.0,0.0,0
176.12,-20.077,-28.7776,347.274,0.0197,0.0197,347.274,,,,,,,,,,,,0.0,0.0,0.0,0.0,0
176.14,-20.077,-28.7776,347.274,0.0197,0.0197,347.274,,,,,,,,,,,,0.0,0.0,0.0,0.0,0
176.16,-20.077,-28.7776,347.274,0.0197,0.0197,347.274,,,,,,,,,,,,0.0,0.0,0.0,0.0,0
176.18,-20.077,-28.7776,347.274,0.0197,0.0197,347.274,,,,,,,,,,,,0.0,0.0,0.0,0.0,0
176.2,-19.9796,-28.7622,347.2596,0.01,0.01,347.2596,,,,,,,,,,,,0.0,0.0,0.0,0.0,0
176.22,-19.9796,-28.7622,347.2596,0.01,0.01,347.2596,,,,,,,,,,,,0.0,0.0,0.0,0.0,0
176.24,-19.9796,-28.7622,347.2596,0.01,0.01,347.2596,,,,,,,,,,,,0.0,0.0,0.0,0.0,0
176.26,-19.9796,-28.7622,347.2596,0.01,0.01,347.2596,,,,,,,,,,,,0.0,0.0,0.0,0.0,0
176.28,-19.9796,-28.7622,347.2596,0.01,0.01,347.2596,,,,,,,,,,,,0.0,0.0,0.0,0.0,0
176.3,-19.9796,-28.7622,347.2596,0.01,0.01,347.2596,,,,,,,,,,,,0.0,0.0,0.0,0.0,0
176.32,-19.8471,-28.7429,347.1911,0.0051,0.0051,347.1911,,,,,,,,,,,,0.0,0.0,0.0,0.0,0
176.34,-19.8471,-28.7429,347.1911,0.0051,0.0051,347.1911,,,,,,,,,,,,0.0,0.0,0.0,0.0,0
176.36,-19.8471,-28.7429,347.1911,0.0051,0.0051,347.1911,,,,,,,,,,,,0.0,0.0,0.0,0.0,0
176.38,-19.8471,-28.7429,347.1911,0.0051,0.0051,347.1911,,,,,,,,,,,,0.0,0.0,0.0,0.0,0
176.4,-19.7519,-28.7194,347.1591,0.0026,0.0026,347.1591,,,,,,,,,,,,0.0,0.0,0.0,0.0,0
176.42,-19.7519,-28.7194,347.1591,0.0026,0.0026,347.1591,,,,,,,,,,,,0.0,0.0,0.0,0.0,0
176.44,-19.7519,-28.7194,347.1591,0.0026,0.0026,347.1591,,,,,,,,,,,,0.0,0.0,0.0,0.0,0
176.46,-19.7519,-28.7194,347.1591,0.0026,0.0026,347.1591,,,,,,,,,,,,0.0,0.0,0.0,0.0,0
176.48,-19.7519,-28.7194,347.1591,0.0026,0.0026,347.1591,,,,,,,,,,,,0.0,0.0,0.0,0.0,0
176.5,-19.7519,-28.7194,347.1591,0.0026,0.0026,347.1591,,,,,,,,,,,,0.0,0.0,0.0,0.0,0
176.52,-19.6322,-28.687,347.1254,0.0013,0.0013,347.1254,,,,,,,,,,,,0.0,0.0,0.0,0.0,0
176.54,-19.6322,-28.687,347.1254,0.0013,0.0013,347.1254,,,,,,,,,,,,0.0,0.0,0.0,0.0,0
176.56,-19.6322,-28.687,347.1254,0.0013,0.0013,347.1254,,,,,,,,,,,,0.0,0.0,0.0,0.0,0
176.58,-19.6322,-28.687,347.1254,0.0013,0.0013,347.1254,,,,,,,,,,,,0.0,0.0,0.0,0.0,0
176.6,-19.5704,-28.6764,347.1422,0.0007,0.0007,347.1422,,,,,,,,,,,,0.0,0.0,0.0,0.0,0
176.62,-19.5704,-28.6764,347.1422,0.0007,0.0007,347.1422,,,,,,,,,,,,0.0,0.0,0.0,0.0,0
176.64,-19.5704,-28.6764,347.1422,0.0007,0.0007,347.1422,,,,,,,,,,,,0.0,0.0,0.0,0.0,0
176.66,-19.5704,-28.6764,347.1422,0.0007,0.0007,347.1422,,,,,,,,,,,,0.0,0.0,0.0,0.0,0
176.68,-19.5704,-28.6764,347.1422,0.0007,0.0007,347.1422,,,,,,,,,,,,0.0,0.0,0.0,0.0,0
176.7,-19.5704,-28.6764,347.1422,0.0007,0.0007,347.1422,,,,,,,,,,,,0.0,0.0,0.0,0.0,0
176.72,-19.4709,-28.6672,346.9872,0.0003,0.0003,346.9872,,,,,,,,,,,,0.0,0.0,0.0,0.0,0
176.74,-19.4709,-28.6672,346.9872,0.0003,0.0003,346.9872,,,,,,,,,,,,0.0,0.0,0.0,0.0,0
176.76,-19.4709,-28.6672,346.9872,0.0003,0.0003,346.9872,,,,,,,,,,,,0.0,0.0,0.0,0.0,0
176.78,-19.4709,-28.6672,346.9872,0.0003,0.0003,346.9872,,,,,,,,,,,,0.0,0.0,0.0,0.0,0
176.8,-19.4167,-28.6573,346.9425,0.0003,0.0003,346.9425,,,,,,,,,,,,0.0,0.0,0.0,0.0,0
176.82,-19.4167,-28.6573,346.9425,0.0003,0.0003,346.9425,,,,,,,,,,,,0.0,0.0,0.0,0.0,0
176.84,-19.4167,-28.6573,346.9425,0.0003,0.0003,346.9425,,,,,,,,,,,,0.0,0.0,0.0,0.0,0
176.86,-19.4167,-28.6573,346.9425,0.0003,0.0003,346.9425,,,,,,,,,,,,0.0,0.0,0.0,0.0,0
176.88,-19.4167,-28.6573,346.9425,0.0003,0.0003,346.9425,,,,,,,,,,,,0.0,0.0,0.0,0.0,0
176.9,-19.4167,-28.6573,346.9425,0.0003,0.0003,346.9425,,,,,,,,,,,,0.0,0.0,0.0,0.0,0
176.92,-19.2973,-28.6461,346.7579,0.0003,0.0003,346.7579,,,,,,,,,,,,0.0,0.0,0.0,0.0,0
176.94,-19.2973,-28.6461,346.7579,0.0003,0.0003,346.7579,,,,,,,,,,,,0.0,0.0,0.0,0.0,0
176.96,-19.2973,-28.6461,346.7579,0.0003,0.0003,346.7579,,,,,,,,,,,,0.0,0.0,0.0,0.0,0
176.98,-19.2973,-28.6461,346.7579,0.0003,0.0003,346.7579,,,,,,,,,,,,0.0,0.0,0.0,0.0,0
177.0,-19.2856,-28.635,346.7678,0.0003,0.0003,346.7678,,,,,,,,,,,,0.0,0.0,0.0,0.0,0
177.02,-19.2856,-28.635,346.7678,0.0003,0.0003,346.7678,,,,,,,,,,,,0.0,0.0,0.0,0.0,0
177.04,-19.2856,-28.635,346.7678,0.0003,0.0003,346.7678,,,,,,,,,,,,0.0,0.0,0.0,0.0,0
177.06,-19.2856,-28.635,346.7678,0.0003,0.0003,346.7678,,,,,,,,,,,,0.0,0.0,0.0,0.0,0
177.08,-19.2856,-28.635,346.7678,0.0003,0.0003,346.7678,,,,,,,,,,,,0.0,0.0,0.0,0.0,0
177.1,-19.2856,-28.635,346.7678,0.0003,0.0003,346.7678,,,,,,,,,,,,0.0,0.0,0.0,0.0,0
177.12,-19.1709,-28.6385,346.5359,0.0003,0.0003,346.5359,,,,,,,,,,,,0.0,0.0,0.0,0.0,0
177.14,-19.1709,-28.6385,346.5359,0.0003,0.0003,346.5359,,,,,,,,,,,,0.0,0.0,0.0,0.0,0
177.16,-19.1709,-28.6385,346.5359,0.0003,0.0003,346.5359,,,,,,,,,,,,0.0,0.0,0.0,0.0,0
177.18,-19.1709,-28.6385,346.5359,0.0003,0.0003,346.5359,,,,,,,,,,,,0.0,0.0,0.0,0.0,0
177.2,-19.1075,-28.6321,346.3858,0.0003,0.0003,346.3858,,,,,,,,,,,,0.0,0.0,0.0,0.0,0
177.22,-19.1075,-28.6321,346.3858,0.0003,0.0003,346.3858,,,,,,,,,,,,0.0,0.0,0.0,0.0,0
177.24,-19.1075,-28.6321,346.3858,0.0003,0.0003,346.3858,,,,,,,,,,,,0.0,0.0,0.0,0.0,0
177.26,-19.1075,-28.6321,346.3858,0.0003,0.0003,346.3858,,,,,,,,,,,,0.0,0.0,0.0,0.0,0
177.28,-19.1075,-28.6321,346.3858,0.0003,0.0003,346.3858,,,,,,,,,,,,0.0,0.0,0.0,0.0,0
177.3,-19.1075,-28.6321,346.3858,0.0003,0.0003,346.3858,,,,,,,,,,,,0.0,0.0,0.0,0.0,0
177.32,-19.0838,-28.6211,346.2889,0.0003,0.0003,346.2889,,,,,,,,,,,,0.0,0.0,0.0,0.0,0
177.34,-19.0838,-28.6211,346.2889,0.0003,0.0003,346.2889,,,,,,,,,,,,0.0,0.0,0.0,0.0,0
177.36,-19.0838,-28.6211,346.2889,0.0003,0.0003,346.2889,,,,,,,,,,,,0.0,0.0,0.0,0.0,0
177.38,-19.0838,-28.6211,346.2889,0.0003,0.0003,346.2889,,,,,,,,,,,,0.0,0.0,0.0,0.0,0
177.4,-19.0521,-28.6214,346.1728,0.0003,0.0003,346.1728,,,,,,,,,,,,0.0,0.0,0.0,0.0,0
177.42,-19.0521,-28.6214,346.1728,0.0003,0.0003,346.1728,,,,,,,,,,,,0.0,0.0,0.0,0.0,0
177.44,-19.0521,-28.6214,346.1728,0.0003,0.0003,346.1728,,,,,,,,,,,,0.0,0.0,0.0,0.0,0
177.46,-19.0521,-28.6214,346.1728,0.0003,0.0003,346.1728,,,,,,,,,,,,0.0,0.0,0.0,0.0,0
177.48,-19.0521,-28.6214,346.1728,0.0003,0.0003,346.1728,,,,,,,,,,,,0.0,0.0,0.0,0.0,0
177.5,-19.0521,-28.6214,346.1728,0.0003,0.0003,346.1728,,,,,,,,,,,,0.0,0.0,0.0,0.0,0
177.52,-18.9958,-28.6222,346.021,0.0003,0.0003,346.021,,,,,,,,,,,,0.0,0.0,0.0,0.0,0
177.54,-18.9958,-28.6222,346.021,0.0003,0.0003,346.021,,,,,,,,,,,,0.0,0.0,0.0,0.0,0
177.56,-18.9958,-28.6222,346.021,0.0003,0.0003,346.021,,,,,,,,,,,,0.0,0.0,0.0,0.0,0
177.58,-18.9958,-28.6222,346.021,0.0003,0.0003,346.021,,,,,,,,,,,,0.0,0.0,0.0,0.0,0
177.6,-18.9549,-28.6206,345.8831,0.0003,0.0003,345.8831,,,,,,,,,,,,0.0,0.0,0.0,0.0,0
177.62,-18.9549,-28.6206,345.8831,0.0003,0.0003,345.8831,,,,,,,,,,,,0.0,0.0,0.0,0.0,0
177.64,-18.9549,-28.6206,345.8831,0.0003,0.0003,345.8831,,,,,,,,,,,,0.0,0.0,0.0,0.0,0
177.66,-18.9549,-28.6206,345.8831,0.0003,0.0003,345.8831,,,,,,,,,,,,0.0,0.0,0.0,0.0,0
177.68,-18.9549,-28.6206,345.8831,0.0003,0.0003,345.8831,,,,,,,,,,,,0.0,0.0,0.0,0.0,0
177.7,-18.9549,-28.6206,345.8831,0.0003,0.0003,345.8831,,,,,,,,,,,,0.0,0.0,0.0,0.0,0
177.72,-18.9083,-28.6176,345.7435,0.0003,0.0003,345.7435,,,,,,,,,,,,0.0,0.0,0.0,0.0,0
177.74,-18.9083,-28.6176,345.7435,0.0003,0.0003,345.7435,,,,,,,,,,,,0.0,0.0,0.0,0.0,0
177.76,-18.9083,-28.6176,345.7435,0.0003,0.0003,345.7435,,,,,,,,,,,,0.0,0.0,0.0,0.0,0
177.78,-18.9083,-28.6176,345.7435,0.0003,0.0003,345.7435,,,,,,,,,,,,0.0,0.0,0.0,0.0,0
177.8,-18.8632,-28.6101,345.6678,0.0003,0.0003,345.6678,,,,,,,,,,,,0.0,0.0,0.0,0.0,0
177.82,-18.8632,-28.6101,345.6678,0.0003,0.0003,345.6678,,,,,,,,,,,,0.0,0.0,0.0,0.0,0
177.84,-18.8632,-28.6101,345.6678,0.0003,0.0003,345.6678,,,,,,,,,,,,0.0,0.0,0.0,0.0,0
177.86,-18.8632,-28.6101,345.6678,0.0003,0.0003,345.6678,,,,,,,,,,,,0.0,0.0,0.0,0.0,0
177.88,-18.8632,-28.6101,345.6678,0.0003,0.0003,345.6678,,,,,,,,,,,,0.0,0.0,0.0,0.0,0
177.9,-18.8632,-28.6101,345.6678,0.0003,0.0003,345.6678,,,,,,,,,,,,0.0,0.0,0.0,0.0,0
177.92,-18.8425,-28.6097,345.5299,0.0003,0.0003,345.5299,,,,,,,,,,,,0.0,0.0,0.0,0.0,0
177.94,-18.8425,-28.6097,345.5299,0.0003,0.0003,345.5299,,,,,,,,,,,,0.0,0.0,0.0,0.0,0
177.96,-18.8425,-28.6097,345.5299,0.0003,0.0003,345.5299,,,,,,,,,,,,0.0,0.0,0.0,0.0,0
177.98,-18.8425,-28.6097,345.5299,0.0003,0.0003,345.5299,,,,,,,,,,,,0.0,0.0,0.0,0.0,0
178.0,-18.8116,-28.6094,345.4429,0.0003,0.0003,345.4429,,,,,,,,,,,,0.0,0.0,0.0,0.0,0
178.02,-18.8116,-28.6094,345.4429,0.0003,0.0003,345.4429,,,,,,,,,,,,0.0,0.0,0.0,0.0,0
178.04,-18.8116,-28.6094,345.4429,0.0003,0.0003,345.4429,,,,,,,,,,,,0.0,0.0,0.0,0.0,0
178.06,-18.8116,-28.6094,345.4429,0.0003,0.0003,345.4429,,,,,,,,,,,,0.0,0.0,0.0,0.0,0
178.08,-18.8116,-28.6094,345.4429,0.0003,0.0003,345.4429,,,,,,,,,,,,0.0,0.0,0.0,0.0,0
178.1,-18.8116,-28.6094,345.4429,0.0003,0.0003,345.4429,,,,,,,,,,,,0.0,0.0,0.0,0.0,0
178.12,-18.7697,-28.6031,345.3008,0.0003,0.0003,345.3008,,,,,,,,,,,,0.0,0.0,0.0,0.0,0
178.14,-18.7697,-28.6031,345.3008,0.0003,0.0003,345.3008,,,,,,,,,,,,0.0,0.0,0.0,0.0,0
178.16,-18.7697,-28.6031,345.3008,0.0003,0.0003,345.3008,,,,,,,,,,,,0.0,0.0,0.0,0.0,0
178.18,-18.7697,-28.6031,345.3008,0.0003,0.0003,345.3008,,,,,,,,,,,,0.0,0.0,0.0,0.0,0
178.2,-18.7299,-28.6065,345.1605,0.0003,0.0003,345.1605,,,,,,,,,,,,0.0,0.0,0.0,0.0,0
178.22,-18.7299,-28.6065,345.1605,0.0003,0.0003,345.1605,,,,,,,,,,,,0.0,0.0,0.0,0.0,0
178.24,-18.7299,-28.6065,345.1605,0.0003,0.0003,345.1605,,,,,,,,,,,,0.0,0.0,0.0,0.0,0
178.26,-18.7299,-28.6065,345.1605,0.0003,0.0003,345.1605,,,,,,,,,,,,0.0,0.0,0.0,0.0,0
178.28,-18.7299,-28.6065,345.1605,0.0003,0.0003,345.1605,,,,,,,,,,,,0.0,0.0,0.0,0.0,0
178.3,-18.7299,-28.6065,345.1605,0.0003,0.0003,345.1605,,,,,,,,,,,,0.0,0.0,0.0,0.0,0
178.32,-18.7214,-28.6091,345.0895,0.0003,0.0003,345.0895,,,,,,,,,,,,0.0,0.0,0.0,0.0,0
178.34,-18.7214,-28.6091,345.0895,0.0003,0.0003,345.0895,,,,,,,,,,,,0.0,0.0,0.0,0.0,0
178.36,-18.7214,-28.6091,345.0895,0.0003,0.0003,345.0895,,,,,,,,,,,,0.0,0.0,0.0,0.0,0
178.38,-18.7214,-28.6091,345.0895,0.0003,0.0003,345.0895,,,,,,,,,,,,0.0,0.0,0.0,0.0,0
178.4,-18.7066,-28.6061,344.967,0.0003,0.0003,344.967,,,,,,,,,,,,0.0,0.0,0.0,0.0,0
178.42,-18.7066,-28.6061,344.967,0.0003,0.0003,344.967,,,,,,,,,,,,0.0,0.0,0.0,0.0,0
178.44,-18.7066,-28.6061,344.967,0.0003,0.0003,344.967,,,,,,,,,,,,0.0,0.0,0.0,0.0,0
178.46,-18.7066,-28.6061,344.967,0.0003,0.0003,344.967,,,,,,,,,,,,0.0,0.0,0.0,0.0,0
178.48,-18.7066,-28.6061,344.967,0.0003,0.0003,344.967,,,,,,,,,,,,0.0,0.0,0.0,0.0,0
178.5,-18.7066,-28.6061,344.967,0.0003,0.0003,344.967,,,,,,,,,,,,0.0,0.0,0.0,0.0,0
178.52,-18.6807,-28.6039,344.8155,0.0003,0.0003,344.8155,,,,,,,,,,,,0.0,0.0,0.0,0.0,0
178.54,-18.6807,-28.6039,344.8155,0.0003,0.0003,344.8155,,,,,,,,,,,,0.0,0.0,0.0,0.0,0
178.56,-18.6807,-28.6039,344.8155,0.0003,0.0003,344.8155,,,,,,,,,,,,0.0,0.0,0.0,0.0,0
178.58,-18.6807,-28.6039,344.8155,0.0003,0.0003,344.8155,,,,,,,,,,,,0.0,0.0,0.0,0.0,0
178.6,-18.6342,-28.6034,344.6501,0.0003,0.0003,344.6501,,,,,,,,,,,,0.0,0.0,0.0,0.0,0
178.62,-18.6342,-28.6034,344.6501,0.0003,0.0003,344.6501,,,,,,,,,,,,0.0,0.0,0.0,0.0,0
178.64,-18.6342,-28.6034,344.6501,0.0003,0.0003,344.6501,,,,,,,,,,,,0.0,0.0,0.0,0.0,0
178.66,-18.6342,-28.6034,344.6501,0.0003,0.0003,344.6501,,,,,,,,,,,,0.0,0.0,0.0,0.0,0
178.68,-18.6342,-28.6034,344.6501,0.0003,0.0003,344.6501,,,,,,,,,,,,0.0,0.0,0.0,0.0,0
178.7,-18.6342,-28.6034,344.6501,0.0003,0.0003,344.6501,,,,,,,,,,,,0.0,0.0,0.0,0.0,0
178.72,-18.6245,-28.603,344.5552,0.0003,0.0003,344.5552,,,,,,,,,,,,0.0,0.0,0.0,0.0,0
178.74,-18.6245,-28.603,344.5552,0.0003,0.0003,344.5552,,,,,,,,,,,,0.0,0.0,0.0,0.0,0
178.76,-18.6245,-28.603,344.5552,0.0003,0.0003,344.5552,,,,,,,,,,,,0.0,0.0,0.0,0.0,0
178.78,-18.6245,-28.603,344.5552,0.0003,0.0003,344.5552,,,,,,,,,,,,0.0,0.0,0.0,0.0,0
178.8,-18.615,-28.6017,344.4585,0.0003,0.0003,344.4585,,,,,,,,,,,,0.0,0.0,0.0,0.0,0
178.82,-18.615,-28.6017,344.4585,0.0003,0.0003,344.4585,,,,,,,,,,,,0.0,0.0,0.0,0.0,0
178.84,-18.615,-28.6017,344.4585,0.0003,0.0003,344.4585,,,,,,,,,,,,0.0,0.0,0.0,0.0,0
178.86,-18.615,-28.6017,344.4585,0.0003,0.0003,344.4585,,,,,,,,,,,,0.0,0.0,0.0,0.0,0
178.88,-18.615,-28.6017,344.4585,0.0003,0.0003,344.4585,,,,,,,,,,,,0.0,0.0,0.0,0.0,0
178.9,-18.615,-28.6017,344.4585,0.0003,0.0003,344.4585,,,,,,,,,,,,0.0,0.0,0.0,0.0,0
178.92,-18.6016,-28.6027,344.3565,0.0003,0.0003,344.3565,,,,,,,,,,,,0.0,0.0,0.0,0.0,0
178.94,-18.6016,-28.6027,344.3565,0.0003,0.0003,344.3565,,,,,,,,,,,,0.0,0.0,0.0,0.0,0
178.96,-18.6016,-28.6027,344.3565,0.0003,0.0003,344.3565,,,,,,,,,,,,0.0,0.0,0.0,0.0,0
178.98,-18.6016,-28.6027,344.3565,0.0003,0.0003,344.3565,,,,,,,,,,,,0.0,0.0,0.0,0.0,0
179.0,-18.595,-28.5992,344.2484,0.0003,0.0003,344.2484,,,,,,,,,,,,0.0,0.0,0.0,0.0,0
179.02,-18.595,-28.5992,344.2484,0.0003,0.0003,344.2484,,,,,,,,,,,,0.0,0.0,0.0,0.0,0
179.04,-18.595,-28.5992,344.2484,0.0003,0.0003,344.2484,,,,,,,,,,,,0.0,0.0,0.0,0.0,0
179.06,-18.595,-28.5992,344.2484,0.0003,0.0003,344.2484,,,,,,,,,,,,0.0,0.0,0.0,0.0,0
179.08,-18.595,-28.5992,344.2484,0.0003,0.0003,344.2484,,,,,,,,,,,,0.0,0.0,0.0,0.0,0
179.1,-18.595,-28.5992,344.2484,0.0003,0.0003,344.2484,,,,,,,,,,,,0.0,0.0,0.0,0.0,0
179.12,-18.5871,-28.6012,344.1412,0.0003,0.0003,344.1412,,,,,,,,,,,,0.0,0.0,0.0,0.0,0
179.14,-18.5871,-28.6012,344.1412,0.0003,0.0003,344.1412,,,,,,,,,,,,0.0,0.0,0.0,0.0,0
179.16,-18.5871,-28.6012,344.1412,0.0003,0.0003,344.1412,,,,,,,,,,,,0.0,0.0,0.0,0.0,0
179.18,-18.5871,-28.6012,344.1412,0.0003,0.0003,344.1412,,,,,,,,,,,,0.0,0.0,0.0,0.0,0
179.2,-18.5612,-28.5991,344.0195,0.0003,0.0003,344.0195,,,,,,,,,,,,0.0,0.0,0.0,0.0,0
179.22,-18.5612,-28.5991,344.0195,0.0003,0.0003,344.0195,,,,,,,,,,,,0.0,0.0,0.0,0.0,0
179.24,-18.5612,-28.5991,344.0195,0.0003,0.0003,344.0195,,,,,,,,,,,,0.0,0.0,0.0,0.0,0
179.26,-18.5612,-28.5991,344.0195,0.0003,0.0003,344.0195,,,,,,,,,,,,0.0,0.0,0.0,0.0,0
179.28,-18.5612,-28.5991,344.0195,0.0003,0.0003,344.0195,,,,,,,,,,,,0.0,0.0,0.0,0.0,0
179.3,-18.5612,-28.5991,344.0195,0.0003,0.0003,344.0195,,,,,,,,,,,,0.0,0.0,0.0,0.0,0
179.32,-18.564,-28.5982,343.9085,0.0003,0.0003,343.9085,,,,,,,,,,,,0.0,0.0,0.0,0.0,0
179.34,-18.564,-28.5982,343.9085,0.0003,0.0003,343.9085,,,,,,,,,,,,0.0,0.0,0.0,0.0,0
179.36,-18.564,-28.5982,343.9085,0.0003,0.0003,343.9085,,,,,,,,,,,,0.0,0.0,0.0,0.0,0
179.38,-18.564,-28.5982,343.9085,0.0003,0.0003,343.9085,,,,,,,,,,,,0.0,0.0,0.0,0.0,0
179.4,-18.5362,-28.6002,343.7766,0.0003,0.0003,343.7766,,,,,,,,,,,,0.0,0.0,0.0,0.0,0
179.42,-18.5362,-28.6002,343.7766,0.0003,0.0003,343.7766,,,,,,,,,,,,0.0,0.0,0.0,0.0,0
179.44,-18.5362,-28.6002,343.7766,0.0003,0.0003,343.7766,,,,,,,,,,,,0.0,0.0,0.0,0.0,0
179.46,-18.5362,-28.6002,343.7766,0.0003,0.0003,343.7766,,,,,,,,,,,,0.0,0.0,0.0,0.0,0
179.48,-18.5362,-28.6002,343.7766,0.0003,0.0003,343.7766,,,,,,,,,,,,0.0,0.0,0.0,0.0,0
179.5,-18.5362,-28.6002,343.7766,0.0003,0.0003,343.7766,,,,,,,,,,,,0.0,0.0,0.0,0.0,0
179.52,-18.5137,-28.6062,343.6564,0.0003,0.0003,343.6564,,,,,,,,,,,,0.0,0.0,0.0,0.0,0
179.54,-18.5137,-28.6062,343.6564,0.0003,0.0003,343.6564,,,,,,,,,,,,0.0,0.0,0.0,0.0,0
179.56,-18.5137,-28.6062,343.6564,0.0003,0.0003,343.6564,,,,,,,,,,,,0.0,0.0,0.0,0.0,0
179.58,-18.5137,-28.6062,343.6564,0.0003,0.0003,343.6564,,,,,,,,,,,,0.0,0.0,0.0,0.0,0
179.6,-18.5058,-28.6095,343.5539,0.0003,0.0003,343.5539,,,,,,,,,,,,0.0,0.0,0.0,0.0,0
179.62,-18.5058,-28.6095,343.5539,0.0003,0.0003,343.5539,,,,,,,,,,,,0.0,0.0,0.0,0.0,0
179.64,-18.5058,-28.6095,343.5539,0.0003,0.0003,343.5539,,,,,,,,,,,,0.0,0.0,0.0,0.0,0
179.66,-18.5058,-28.6095,343.5539,0.0003,0.0003,343.5539,,,,,,,,,,,,0.0,0.0,0.0,0.0,0
179.68,-18.5058,-28.6095,343.5539,0.0003,0.0003,343.5539,,,,,,,,,,,,0.0,0.0,0.0,0.0,0
179.7,-18.5058,-28.6095,343.5539,0.0003,0.0003,343.5539,,,,,,,,,,,,0.0,0.0,0.0,0.0,0
179.72,-18.5022,-28.6096,343.4499,0.0003,0.0003,343.4499,,,,,,,,,,,,0.0,0.0,0.0,0.0,0
179.74,-18.5022,-28.6096,343.4499,0.0003,0.0003,343.4499,,,,,,,,,,,,0.0,0.0,0.0,0.0,0
179.76,-18.5022,-28.6096,343.4499,0.0003,0.0003,343.4499,,,,,,,,,,,,0.0,0.0,0.0,0.0,0
179.78,-18.5022,-28.6096,343.4499,0.0003,0.0003,343.4499,,,,,,,,,,,,0.0,0.0,0.0,0.0,0
179.8,-18.4828,-28.6083,343.3212,0.0003,0.0003,343.3212,,,,,,,,,,,,0.0,0.0,0.0,0.0,0
179.82,-18.4828,-28.6083,343.3212,0.0003,0.0003,343.3212,,,,,,,,,,,,0.0,0.0,0.0,0.0,0
179.84,-18.4828,-28.6083,343.3212,0.0003,0.0003,343.3212,,,,,,,,,,,,0.0,0.0,0.0,0.0,0
179.86,-18.4828,-28.6083,343.3212,0.0003,0.0003,343.3212,,,,,,,,,,,,0.0,0.0,0.0,0.0,0
179.88,-18.4828,-28.6083,343.3212,0.0003,0.0003,343.3212,,,,,,,,,,,,0.0,0.0,0.0,0.0,0
179.9,-18.4828,-28.6083,343.3212,0.0003,0.0003,343.3212,,,,,,,,,,,,0.0,0.0,0.0,0.0,0
179.92,-18.4735,-28.6103,343.2303,0.0003,0.0003,343.2303,,,,,,,,,,,,0.0,0.0,0.0,0.0,0
179.94,-18.4735,-28.6103,343.2303,0.0003,0.0003,343.2303,,,,,,,,,,,,0.0,0.0,0.0,0.0,0
179.96,-18.4735,-28.6103,343.2303,0.0003,0.0003,343.2303,,,,,,,,,,,,0.0,0.0,0.0,0.0,0
179.98,-18.4735,-28.6103,343.2303,0.0003,0.0003,343.2303,,,,,,,,,,,,0.0,0.0,0.0,0.0,0
180.0,-18.4642,-28.6099,343.1058,0.0003,0.0003,343.1058,,,,,,,,,,,,0.0,0.0,0.0,0.0,0
180.02,-18.4642,-28.6099,343.1058,0.0003,0.0003,343.1058,,,,,,,,,,,,0.0,0.0,0.0,0.0,0
180.04,-18.4642,-28.6099,343.1058,0.0003,0.0003,343.1058,,,,,,,,,,,,0.0,0.0,0.0,0.0,0
180.06,-18.4642,-28.6099,343.1058,0.0003,0.0003,343.1058,,,,,,,,,,,,0.0,0.0,0.0,0.0,0
180.08,-18.4642,-28.6099,343.1058,0.0003,0.0003,343.1058,,,,,,,,,,,,0.0,0.0,0.0,0.0,0
180.1,-18.4642,-28.6099,343.1058,0.0003,0.0003,343.1058,,,,,,,,,,,,0.0,0.0,0.0,0.0,0
180.12,-18.468,-28.6096,342.9901,0.0003,0.0003,342.9901,,,,,,,,,,,,0.0,0.0,0.0,0.0,0
180.14,-18.468,-28.6096,342.9901,0.0003,0.0003,342.9901,,,,,,,,,,,,0.0,0.0,0.0,0.0,0
180.16,-18.468,-28.6096,342.9901,0.0003,0.0003,342.9901,,,,,,,,,,,,0.0,0.0,0.0,0.0,0
180.18,-18.468,-28.6096,342.9901,0.0003,0.0003,342.9901,,,,,,,,,,,,0.0,0.0,0.0,0.0,0
180.2,-18.4559,-28.6092,342.8645,0.0003,0.0003,342.8645,,,,,,,,,,,,0.0,0.0,0.0,0.0,0
180.22,-18.4559,-28.6092,342.8645,0.0003,0.0003,342.8645,,,,,,,,,,,,0.0,0.0,0.0,0.0,0
180.24,-18.4559,-28.6092,342.8645,0.0003,0.0003,342.8645,,,,,,,,,,,,0.0,0.0,0.0,0.0,0
180.26,-18.4559,-28.6092,342.8645,0.0003,0.0003,342.8645,,,,,,,,,,,,0.0,0.0,0.0,0.0,0
180.28,-18.4559,-28.6092,342.8645,0.0003,0.0003,342.8645,,,,,,,,,,,,0.0,0.0,0.0,0.0,0
180.3,-18.4559,-28.6092,342.8645,0.0003,0.0003,342.8645,,,,,,,,,,,,0.0,0.0,0.0,0.0,0
180.32,-18.3901,-28.5757,342.6897,0.0003,0.0003,342.6897,,,,,,,,,,,,0.0,0.0,0.0,0.0,0
180.34,-18.3901,-28.5757,342.6897,0.0003,0.0003,342.6897,,,,,,,,,,,,0.0,0.0,0.0,0.0,0
180.36,-18.3901,-28.5757,342.6897,0.0003,0.0003,342.6897,,,,,,,,,,,,0.0,0.0,0.0,0.0,0
180.38,-18.3901,-28.5757,342.6897,0.0003,0.0003,342.6897,,,,,,,,,,,,0.0,0.0,0.0,0.0,0
180.4,-18.3728,-28.58,342.5728,0.0003,0.0003,342.5728,,,,,,,,,,,,0.0,0.0,0.0,0.0,0
180.42,-18.3728,-28.58,342.5728,0.0003,0.0003,342.5728,,,,,,,,,,,,0.0,0.0,0.0,0.0,0
180.44,-18.3728,-28.58,342.5728,0.0003,0.0003,342.5728,,,,,,,,,,,,0.0,0.0,0.0,0.0,0
180.46,-18.3728,-28.58,342.5728,0.0003,0.0003,342.5728,,,,,,,,,,,,0.0,0.0,0.0,0.0,0
180.48,-18.3728,-28.58,342.5728,0.0003,0.0003,342.5728,,,,,,,,,,,,0.0,0.0,0.0,0.0,0
180.5,-18.3728,-28.58,342.5728,0.0003,0.0003,342.5728,,,,,,,,,,,,0.0,0.0,0.0,0.0,0
180.52,-18.3411,-28.5767,342.4647,0.0003,0.0003,342.4647,,,,,,,,,,,,0.0,0.0,0.0,0.0,0
180.54,-18.3411,-28.5767,342.4647,0.0003,0.0003,342.4647,,,,,,,,,,,,0.0,0.0,0.0,0.0,0
180.56,-18.3411,-28.5767,342.4647,0.0003,0.0003,342.4647,,,,,,,,,,,,0.0,0.0,0.0,0.0,0
180.58,-18.3411,-28.5767,342.4647,0.0003,0.0003,342.4647,,,,,,,,,,,,0.0,0.0,0.0,0.0,0
180.6,-17.623,-27.5513,342.029,0.0003,0.0003,342.029,,,,,,,,,,,,0.0,0.0,0.0,0.0,0
180.62,-17.623,-27.5513,342.029,0.0003,0.0003,342.029,,,,,,,,,,,,0.0,0.0,0.0,0.0,0
180.64,-17.623,-27.5513,342.029,0.0003,0.0003,342.029,,,,,,,,,,,,0.0,0.0,0.0,0.0,0
180.66,-17.623,-27.5513,342.029,0.0003,0.0003,342.029,,,,,,,,,,,,0.0,0.0,0.0,0.0,0
180.68,-17.623,-27.5513,342.029,0.0003,0.0003,342.029,,,,,,,,,,,,0.0,0.0,0.0,0.0,0
180.7,-17.623,-27.5513,342.029,0.0003,0.0003,342.029,,,,,,,,,,,,0.0,0.0,0.0,0.0,0
180.72,-17.5861,-27.5203,341.9166,0.0003,0.0003,341.9166,,,,,,,,,,,,0.0,0.0,0.0,0.0,0
180.74,-17.5861,-27.5203,341.9166,0.0003,0.0003,341.9166,,,,,,,,,,,,0.0,0.0,0.0,0.0,0
180.76,-17.5861,-27.5203,341.9166,0.0003,0.0003,341.9166,,,,,,,,,,,,0.0,0.0,0.0,0.0,0
180.78,-17.5861,-27.5203,341.9166,0.0003,0.0003,341.9166,,,,,,,,,,,,0.0,0.0,0.0,0.0,0
180.8,-17.5964,-27.4861,341.8242,0.0003,0.0003,341.8242,,,,,,,,,,,,0.0,0.0,0.0,0.0,0
180.82,-17.5964,-27.4861,341.8242,0.0003,0.0003,341.8242,,,,,,,,,,,,0.0,0.0,0.0,0.0,0
180.84,-17.5964,-27.4861,341.8242,0.0003,0.0003,341.8242,,,,,,,,,,,,0.0,0.0,0.0,0.0,0
180.86,-17.5964,-27.4861,341.8242,0.0003,0.0003,341.8242,,,,,,,,,,,,0.0,0.0,0.0,0.0,0
180.88,-17.5964,-27.4861,341.8242,0.0003,0.0003,341.8242,,,,,,,,,,,,0.0,0.0,0.0,0.0,0
180.9,-17.5964,-27.4861,341.8242,0.0003,0.0003,341.8242,,,,,,,,,,,,0.0,0.0,0.0,0.0,0
180.92,-17.5652,-27.493,341.6953,0.0003,0.0003,341.6953,,,,,,,,,,,,0.0,0.0,0.0,0.0,0
180.94,-17.5652,-27.493,341.6953,0.0003,0.0003,341.6953,,,,,,,,,,,,0.0,0.0,0.0,0.0,0
180.96,-17.5652,-27.493,341.6953,0.0003,0.0003,341.6953,,,,,,,,,,,,0.0,0.0,0.0,0.0,0
180.98,-17.5652,-27.493,341.6953,0.0003,0.0003,341.6953,,,,,,,,,,,,0.0,0.0,0.0,0.0,0
181.0,-17.4879,-27.5287,341.536,0.0003,0.0003,341.536,,,,,,,,,,,,0.0,0.0,0.0,0.0,0
181.02,-17.4879,-27.5287,341.536,0.0003,0.0003,341.536,,,,,,,,,,,,0.0,0.0,0.0,0.0,0
181.04,-17.4879,-27.5287,341.536,0.0003,0.0003,341.536,,,,,,,,,,,,0.0,0.0,0.0,0.0,0
181.06,-17.4879,-27.5287,341.536,0.0003,0.0003,341.536,,,,,,,,,,,,0.0,0.0,0.0,0.0,0
181.08,-17.4879,-27.5287,341.536,0.0003,0.0003,341.536,,,,,,,,,,,,0.0,0.0,0.0,0.0,0
181.1,-17.4879,-27.5287,341.536,0.0003,0.0003,341.536,,,,,,,,,,,,0.0,0.0,0.0,0.0,0
181.12,-17.4875,-27.5047,341.4848,0.0003,0.0003,341.4848,,,,,,,,,,,,0.0,0.0,0.0,0.0,0
181.14,-17.4875,-27.5047,341.4848,0.0003,0.0003,341.4848,,,,,,,,,,,,0.0,0.0,0.0,0.0,0
181.16,-17.4875,-27.5047,341.4848,0.0003,0.0003,341.4848,,,,,,,,,,,,0.0,0.0,0.0,0.0,0
181.18,-17.4875,-27.5047,341.4848,0.0003,0.0003,341.4848,,,,,,,,,,,,0.0,0.0,0.0,0.0,0
181.2,-17.5951,-27.4581,341.4817,0.0003,0.0003,341.4817,,,,,,,,,,,,0.0,0.0,0.0,0.0,0
181.22,-17.5951,-27.4581,341.4817,0.0003,0.0003,341.4817,,,,,,,,,,,,0.0,0.0,0.0,0.0,0
181.24,-17.5951,-27.4581,341.4817,0.0003,0.0003,341.4817,,,,,,,,,,,,0.0,0.0,0.0,0.0,0
181.26,-17.5951,-27.4581,341.4817,0.0003,0.0003,341.4817,,,,,,,,,,,,0.0,0.0,0.0,0.0,0
181.28,-17.5951,-27.4581,341.4817,0.0003,0.0003,341.4817,,,,,,,,,,,,0.0,0.0,0.0,0.0,0
181.3,-17.5951,-27.4581,341.4817,0.0003,0.0003,341.4817,,,,,,,,,,,,0.0,0.0,0.0,0.0,0
181.32,-17.474,-27.5158,341.2809,0.0003,0.0003,341.2809,,,,,,,,,,,,0.0,0.0,0.0,0.0,0
181.34,-17.474,-27.5158,341.2809,0.0003,0.0003,341.2809,,,,,,,,,,,,0.0,0.0,0.0,0.0,0
181.36,-17.474,-27.5158,341.2809,0.0003,0.0003,341.2809,,,,,,,,,,,,0.0,0.0,0.0,0.0,0
181.38,-17.474,-27.5158,341.2809,0.0003,0.0003,341.2809,,,,,,,,,,,,0.0,0.0,0.0,0.0,0
181.4,-17.5652,-27.4396,341.275,0.0003,0.0003,341.275,,,,,,,,,,,,0.0,0.0,0.0,0.0,0
181.42,-17.5652,-27.4396,341.275,0.0003,0.0003,341.275,,,,,,,,,,,,0.0,0.0,0.0,0.0,0
181.44,-17.5652,-27.4396,341.275,0.0003,0.0003,341.275,,,,,,,,,,,,0.0,0.0,0.0,0.0,0
181.46,-17.5652,-27.4396,341.275,0.0003,0.0003,341.275,,,,,,,,,,,,0.0,0.0,0.0,0.0,0
181.48,-17.5652,-27.4396,341.275,0.0003,0.0003,341.275,,,,,,,,,,,,0.0,0.0,0.0,0.0,0
181.5,-17.5652,-27.4396,341.275,0.0003,0.0003,341.275,,,,,,,,,,,,0.0,0.0,0.0,0.0,0
181.52,-17.4954,-27.4848,341.1135,0.0003,0.0003,341.1135,,,,,,,,,,,,0.0,0.0,0.0,0.0,0
181.54,-17.4954,-27.4848,341.1135,0.0003,0.0003,341.1135,,,,,,,,,,,,0.0,0.0,0.0,0.0,0
181.56,-17.4954,-27.4848,341.1135,0.0003,0.0003,341.1135,,,,,,,,,,,,0.0,0.0,0.0,0.0,0
181.58,-17.4954,-27.4848,341.1135,0.0003,0.0003,341.1135,,,,,,,,,,,,0.0,0.0,0.0,0.0,0
181.6,-17.4949,-27.4508,341.0382,0.0003,0.0003,341.0382,,,,,,,,,,,,0.0,0.0,0.0,0.0,0
181.62,-17.4949,-27.4508,341.0382,0.0003,0.0003,341.0382,,,,,,,,,,,,0.0,0.0,0.0,0.0,0
181.64,-17.4949,-27.4508,341.0382,0.0003,0.0003,341.0382,,,,,,,,,,,,0.0,0.0,0.0,0.0,0
181.66,-17.4949,-27.4508,341.0382,0.0003,0.0003,341.0382,,,,,,,,,,,,0.0,0.0,0.0,0.0,0
181.68,-17.4949,-27.4508,341.0382,0.0003,0.0003,341.0382,,,,,,,,,,,,0.0,0.0,0.0,0.0,0
181.7,-17.4949,-27.4508,341.0382,0.0003,0.0003,341.0382,,,,,,,,,,,,0.0,0.0,0.0,0.0,0
181.72,-17.4926,-27.432,340.9615,0.0003,0.0003,340.9615,,,,,,,,,,,,0.0,0.0,0.0,0.0,0
181.74,-17.4926,-27.432,340.9615,0.0003,0.0003,340.9615,,,,,,,,,,,,0.0,0.0,0.0,0.0,0
181.76,-17.4926,-27.432,340.9615,0.0003,0.0003,340.9615,,,,,,,,,,,,0.0,0.0,0.0,0.0,0
181.78,-17.4926,-27.432,340.9615,0.0003,0.0003,340.9615,,,,,,,,,,,,0.0,0.0,0.0,0.0,0
181.8,-17.4378,-27.4171,340.8557,0.0003,0.0003,340.8557,,,,,,,,,,,,0.0,0.0,0.0,0.0,0
181.82,-17.4378,-27.4171,340.8557,0.0003,0.0003,340.8557,,,,,,,,,,,,0.0,0.0,0.0,0.0,0
181.84,-17.4378,-27.4171,340.8557,0.0003,0.0003,340.8557,,,,,,,,,,,,0.0,0.0,0.0,0.0,0
181.86,-17.4378,-27.4171,340.8557,0.0003,0.0003,340.8557,,,,,,,,,,,,0.0,0.0,0.0,0.0,0
181.88,-17.4378,-27.4171,340.8557,0.0003,0.0003,340.8557,,,,,,,,,,,,0.0,0.0,0.0,0.0,0
181.9,-17.4378,-27.4171,340.8557,0.0003,0.0003,340.8557,,,,,,,,,,,,0.0,0.0,0.0,0.0,0
181.92,-17.4714,-27.4366,340.7534,0.0003,0.0003,340.7534,,,,,,,,,,,,0.0,0.0,0.0,0.0,0
181.94,-17.4714,-27.4366,340.7534,0.0003,0.0003,340.7534,,,,,,,,,,,,0.0,0.0,0.0,0.0,0
181.96,-17.4714,-27.4366,340.7534,0.0003,0.0003,340.7534,,,,,,,,,,,,0.0,0.0,0.0,0.0,0
181.98,-17.4714,-27.4366,340.7534,0.0003,0.0003,340.7534,,,,,,,,,,,,0.0,0.0,0.0,0.0,0
182.0,-17.4134,-27.4395,340.584,0.0003,0.0003,340.584,,,,,,,,,,,,0.0,0.0,0.0,0.0,0
182.02,-17.4134,-27.4395,340.584,0.0003,0.0003,340.584,,,,,,,,,,,,0.0,0.0,0.0,0.0,0
182.04,-17.4134,-27.4395,340.584,0.0003,0.0003,340.584,,,,,,,,,,,,0.0,0.0,0.0,0.0,0
182.06,-17.4134,-27.4395,340.584,0.0003,0.0003,340.584,,,,,,,,,,,,0.0,0.0,0.0,0.0,0
182.08,-17.4134,-27.4395,340.584,0.0003,0.0003,340.584,,,,,,,,,,,,0.0,0.0,0.0,0.0,0
182.1,-17.4134,-27.4395,340.584,0.0003,0.0003,340.584,,,,,,,,,,,,0.0,0.0,0.0,0.0,0
182.12,-17.5589,-27.3784,340.6107,0.0003,0.0003,340.6107,,,,,,,,,,,,0.0,0.0,0.0,0.0,0
182.14,-17.5589,-27.3784,340.6107,0.0003,0.0003,340.6107,,,,,,,,,,,,0.0,0.0,0.0,0.0,0
182.16,-17.5589,-27.3784,340.6107,0.0003,0.0003,340.6107,,,,,,,,,,,,0.0,0.0,0.0,0.0,0
182.18,-17.5589,-27.3784,340.6107,0.0003,0.0003,340.6107,,,,,,,,,,,,0.0,0.0,0.0,0.0,0
182.2,-17.5078,-27.3866,340.494,0.0003,0.0003,340.494,,,,,,,,,,,,0.0,0.0,0.0,0.0,0
182.22,-17.5078,-27.3866,340.494,0.0003,0.0003,340.494,,,,,,,,,,,,0.0,0.0,0.0,0.0,0
182.24,-17.5078,-27.3866,340.494,0.0003,0.0003,340.494,,,,,,,,,,,,0.0,0.0,0.0,0.0,0
182.26,-17.5078,-27.3866,340.494,0.0003,0.0003,340.494,,,,,,,,,,,,0.0,0.0,0.0,0.0,0
182.28,-17.5078,-27.3866,340.494,0.0003,0.0003,340.494,,,,,,,,,,,,0.0,0.0,0.0,0.0,0
182.3,-17.5078,-27.3866,340.494,0.0003,0.0003,340.494,,,,,,,,,,,,0.0,0.0,0.0,0.0,0
182.32,-17.4701,-27.4367,340.4044,0.0003,0.0003,340.4044,,,,,,,,,,,,0.0,0.0,0.0,0.0,0
182.34,-17.4701,-27.4367,340.4044,0.0003,0.0003,340.4044,,,,,,,,,,,,0.0,0.0,0.0,0.0,0
182.36,-17.4701,-27.4367,340.4044,0.0003,0.0003,340.4044,,,,,,,,,,,,0.0,0.0,0.0,0.0,0
182.38,-17.4701,-27.4367,340.4044,0.0003,0.0003,340.4044,,,,,,,,,,,,0.0,0.0,0.0,0.0,0
182.4,-17.5287,-27.3984,340.3669,0.0003,0.0003,340.3669,,,,,,,,,,,,0.0,0.0,0.0,0.0,0
182.42,-17.5287,-27.3984,340.3669,0.0003,0.0003,340.3669,,,,,,,,,,,,0.0,0.0,0.0,0.0,0
182.44,-17.5287,-27.3984,340.3669,0.0003,0.0003,340.3669,,,,,,,,,,,,0.0,0.0,0.0,0.0,0
182.46,-17.5287,-27.3984,340.3669,0.0003,0.0003,340.3669,,,,,,,,,,,,0.0,0.0,0.0,0.0,0
182.48,-17.5287,-27.3984,340.3669,0.0003,0.0003,340.3669,,,,,,,,,,,,0.0,0.0,0.0,0.0,0
182.5,-17.5287,-27.3984,340.3669,0.0003,0.0003,340.3669,,,,,,,,,,,,0.0,0.0,0.0,0.0,0
182.52,-17.4767,-27.4062,340.2234,0.0003,0.0003,340.2234,,,,,,,,,,,,0.0,0.0,0.0,0.0,0
182.54,-17.4767,-27.4062,340.2234,0.0003,0.0003,340.2234,,,,,,,,,,,,0.0,0.0,0.0,0.0,0
182.56,-17.4767,-27.4062,340.2234,0.0003,0.0003,340.2234,,,,,,,,,,,,0.0,0.0,0.0,0.0,0
182.58,-17.4767,-27.4062,340.2234,0.0003,0.0003,340.2234,,,,,,,,,,,,0.0,0.0,0.0,0.0,0
182.6,-17.5045,-27.388,340.1369,0.0003,0.0003,340.1369,,,,,,,,,,,,0.0,0.0,0.0,0.0,0
182.62,-17.5045,-27.388,340.1369,0.0003,0.0003,340.1369,,,,,,,,,,,,0.0,0.0,0.0,0.0,0
182.64,-17.5045,-27.388,340.1369,0.0003,0.0003,340.1369,,,,,,,,,,,,0.0,0.0,0.0,0.0,0
182.66,-17.5045,-27.388,340.1369,0.0003,0.0003,340.1369,,,,,,,,,,,,0.0,0.0,0.0,0.0,0
182.68,-17.5045,-27.388,340.1369,0.0003,0.0003,340.1369,,,,,,,,,,,,0.0,0.0,0.0,0.0,0
182.7,-17.5045,-27.388,340.1369,0.0003,0.0003,340.1369,,,,,,,,,,,,0.0,0.0,0.0,0.0,0
182.72,-17.4621,-27.4056,340.01,0.0003,0.0003,340.01,,,,,,,,,,,,0.0,0.0,0.0,0.0,0
182.74,-17.4621,-27.4056,340.01,0.0003,0.0003,340.01,,,,,,,,,,,,0.0,0.0,0.0,0.0,0
182.76,-17.4621,-27.4056,340.01,0.0003,0.0003,340.01,,,,,,,,,,,,0.0,0.0,0.0,0.0,0
182.78,-17.4621,-27.4056,340.01,0.0003,0.0003,340.01,,,,,,,,,,,,0.0,0.0,0.0,0.0,0
182.8,-17.5092,-27.3833,339.9644,0.0003,0.0003,339.9644,,,,,,,,,,,,0.0,0.0,0.0,0.0,0
182.82,-17.5092,-27.3833,339.9644,0.0003,0.0003,339.9644,,,,,,,,,,,,0.0,0.0,0.0,0.0,0
182.84,-17.5092,-27.3833,339.9644,0.0003,0.0003,339.9644,,,,,,,,,,,,0.0,0.0,0.0,0.0,0
182.86,-17.5092,-27.3833,339.9644,0.0003,0.0003,339.9644,,,,,,,,,,,,0.0,0.0,0.0,0.0,0
182.88,-17.5092,-27.3833,339.9644,0.0003,0.0003,339.9644,,,,,,,,,,,,0.0,0.0,0.0,0.0,0
182.9,-17.5092,-27.3833,339.9644,0.0003,0.0003,339.9644,,,,,,,,,,,,0.0,0.0,0.0,0.0,0
182.92,-17.4566,-27.4042,339.8243,0.0003,0.0003,339.8243,,,,,,,,,,,,0.0,0.0,0.0,0.0,0
182.94,-17.4566,-27.4042,339.8243,0.0003,0.0003,339.8243,,,,,,,,,,,,0.0,0.0,0.0,0.0,0
182.96,-17.4566,-27.4042,339.8243,0.0003,0.0003,339.8243,,,,,,,,,,,,0.0,0.0,0.0,0.0,0
182.98,-17.4566,-27.4042,339.8243,0.0003,0.0003,339.8243,,,,,,,,,,,,0.0,0.0,0.0,0.0,0
183.0,-17.5093,-27.3852,339.7343,0.0003,0.0003,339.7343,,,,,,,,,,,,0.0,0.0,0.0,0.0,0
183.02,-17.5093,-27.3852,339.7343,0.0003,0.0003,339.7343,,,,,,,,,,,,0.0,0.0,0.0,0.0,0
183.04,-17.5093,-27.3852,339.7343,0.0003,0.0003,339.7343,,,,,,,,,,,,0.0,0.0,0.0,0.0,0
183.06,-17.5093,-27.3852,339.7343,0.0003,0.0003,339.7343,,,,,,,,,,,,0.0,0.0,0.0,0.0,0
183.08,-17.5093,-27.3852,339.7343,0.0003,0.0003,339.7343,,,,,,,,,,,,0.0,0.0,0.0,0.0,0
183.1,-17.5093,-27.3852,339.7343,0.0003,0.0003,339.7343,,,,,,,,,,,,0.0,0.0,0.0,0.0,0
183.12,-17.4592,-27.3938,339.5976,0.0003,0.0003,339.5976,,,,,,,,,,,,0.0,0.0,0.0,0.0,0
183.14,-17.4592,-27.3938,339.5976,0.0003,0.0003,339.5976,,,,,,,,,,,,0.0,0.0,0.0,0.0,0
183.16,-17.4592,-27.3938,339.5976,0.0003,0.0003,339.5976,,,,,,,,,,,,0.0,0.0,0.0,0.0,0
183.18,-17.4592,-27.3938,339.5976,0.0003,0.0003,339.5976,,,,,,,,,,,,0.0,0.0,0.0,0.0,0
183.2,-17.473,-27.38,339.5312,0.0003,0.0003,339.5312,,,,,,,,,,,,0.0,0.0,0.0,0.0,0
183.22,-17.473,-27.38,339.5312,0.0003,0.0003,339.5312,,,,,,,,,,,,0.0,0.0,0.0,0.0,0
183.24,-17.473,-27.38,339.5312,0.0003,0.0003,339.5312,,,,,,,,,,,,0.0,0.0,0.0,0.0,0
183.26,-17.473,-27.38,339.5312,0.0003,0.0003,339.5312,,,,,,,,,,,,0.0,0.0,0.0,0.0,0
183.28,-17.473,-27.38,339.5312,0.0003,0.0003,339.5312,,,,,,,,,,,,0.0,0.0,0.0,0.0,0
183.3,-17.473,-27.38,339.5312,0.0003,0.0003,339.5312,,,,,,,,,,,,0.0,0.0,0.0,0.0,0
183.32,-17.4122,-27.356,339.3747,0.0003,0.0003,339.3747,,,,,,,,,,,,0.0,0.0,0.0,0.0,0
183.34,-17.4122,-27.356,339.3747,0.0003,0.0003,339.3747,,,,,,,,,,,,0.0,0.0,0.0,0.0,0
183.36,-17.4122,-27.356,339.3747,0.0003,0.0003,339.3747,,,,,,,,,,,,0.0,0.0,0.0,0.0,0
183.38,-17.4122,-27.356,339.3747,0.0003,0.0003,339.3747,,,,,,,,,,,,0.0,0.0,0.0,0.0,0
183.4,-17.4299,-27.3468,339.2457,0.0003,0.0003,339.2457,,,,,,,,,,,,0.0,0.0,0.0,0.0,0
183.42,-17.4299,-27.3468,339.2457,0.0003,0.0003,339.2457,,,,,,,,,,,,0.0,0.0,0.0,0.0,0
183.44,-17.4299,-27.3468,339.2457,0.0003,0.0003,339.2457,,,,,,,,,,,,0.0,0.0,0.0,0.0,0
183.46,-17.4299,-27.3468,339.2457,0.0003,0.0003,339.2457,,,,,,,,,,,,0.0,0.0,0.0,0.0,0
183.48,-17.4299,-27.3468,339.2457,0.0003,0.0003,339.2457,,,,,,,,,,,,0.0,0.0,0.0,0.0,0
183.5,-17.4299,-27.3468,339.2457,0.0003,0.0003,339.2457,,,,,,,,,,,,0.0,0.0,0.0,0.0,0
183.52,-17.4866,-27.3333,338.9231,0.0003,0.0003,338.9231,,,,,,,,,,,,0.0,0.0,0.0,0.0,0
183.54,-17.4866,-27.3333,338.9231,0.0003,0.0003,338.9231,,,,,,,,,,,,0.0,0.0,0.0,0.0,0
183.56,-17.4866,-27.3333,338.9231,0.0003,0.0003,338.9231,,,,,,,,,,,,0.0,0.0,0.0,0.0,0
183.58,-17.4866,-27.3333,338.9231,0.0003,0.0003,338.9231,,,,,,,,,,,,0.0,0.0,0.0,0.0,0
183.6,-17.4767,-27.3273,338.8638,0.0003,0.0003,338.8638,,,,,,,,,,,,0.0,0.0,0.0,0.0,0
183.62,-17.4767,-27.3273,338.8638,0.0003,0.0003,338.8638,,,,,,,,,,,,0.0,0.0,0.0,0.0,0
183.64,-17.4767,-27.3273,338.8638,0.0003,0.0003,338.8638,,,,,,,,,,,,0.0,0.0,0.0,0.0,0
183.66,-17.4767,-27.3273,338.8638,0.0003,0.0003,338.8638,,,,,,,,,,,,0.0,0.0,0.0,0.0,0
183.68,-17.4767,-27.3273,338.8638,0.0003,0.0003,338.8638,,,,,,,,,,,,0.0,0.0,0.0,0.0,0
183.7,-17.4767,-27.3273,338.8638,0.0003,0.0003,338.8638,,,,,,,,,,,,0.0,0.0,0.0,0.0,0
183.72,-17.496,-27.3123,338.7901,0.0003,0.0003,338.7901,,,,,,,,,,,,0.0,0.0,0.0,0.0,0
183.74,-17.496,-27.3123,338.7901,0.0003,0.0003,338.7901,,,,,,,,,,,,0.0,0.0,0.0,0.0,0
183.76,-17.496,-27.3123,338.7901,0.0003,0.0003,338.7901,,,,,,,,,,,,0.0,0.0,0.0,0.0,0
183.78,-17.496,-27.3123,338.7901,0.0003,0.0003,338.7901,,,,,,,,,,,,0.0,0.0,0.0,0.0,0
183.8,-17.4622,-27.3128,338.6399,0.0003,0.0003,338.6399,,,,,,,,,,,,0.0,0.0,0.0,0.0,0
183.82,-17.4622,-27.3128,338.6399,0.0003,0.0003,338.6399,,,,,,,,,,,,0.0,0.0,0.0,0.0,0
183.84,-17.4622,-27.3128,338.6399,0.0003,0.0003,338.6399,,,,,,,,,,,,0.0,0.0,0.0,0.0,0
183.86,-17.4622,-27.3128,338.6399,0.0003,0.0003,338.6399,,,,,,,,,,,,0.0,0.0,0.0,0.0,0
183.88,-17.4622,-27.3128,338.6399,0.0003,0.0003,338.6399,,,,,,,,,,,,0.0,0.0,0.0,0.0,0
183.9,-17.4622,-27.3128,338.6399,0.0003,0.0003,338.6399,,,,,,,,,,,,0.0,0.0,0.0,0.0,0
183.92,-17.4085,-27.1607,338.1105,0.0003,0.0003,338.1105,,,,,,,,,,,,0.0,0.0,0.0,0.0,0
183.94,-17.4085,-27.1607,338.1105,0.0003,0.0003,338.1105,,,,,,,,,,,,0.0,0.0,0.0,0.0,0
183.96,-17.4085,-27.1607,338.1105,0.0003,0.0003,338.1105,,,,,,,,,,,,0.0,0.0,0.0,0.0,0
183.98,-17.4085,-27.1607,338.1105,0.0003,0.0003,338.1105,,,,,,,,,,,,0.0,0.0,0.0,0.0,0
184.0,-17.1692,-26.8477,337.6164,0.0003,0.0003,337.6164,,,,,,,,,,,,0.0,0.0,0.0,0.0,0
184.02,-17.1692,-26.8477,337.6164,0.0003,0.0003,337.6164,,,,,,,,,,,,0.0,0.0,0.0,0.0,0
184.04,-17.1692,-26.8477,337.6164,0.0003,0.0003,337.6164,,,,,,,,,,,,0.0,0.0,0.0,0.0,0
184.06,-17.1692,-26.8477,337.6164,0.0003,0.0003,337.6164,,,,,,,,,,,,0.0,0.0,0.0,0.0,0
184.08,-17.1692,-26.8477,337.6164,0.0003,0.0003,337.6164,,,,,,,,,,,,0.0,0.0,0.0,0.0,0
184.1,-17.1692,-26.8477,337.6164,0.0003,0.0003,337.6164,,,,,,,,,,,,0.0,0.0,0.0,0.0,0
184.12,-17.2577,-26.8591,337.1379,0.0003,0.0003,337.1378,,,,,,,,,,,,0.0,0.0,0.0,0.0,0
184.14,-17.2577,-26.8591,337.1379,0.0003,0.0003,337.1378,,,,,,,,,,,,0.0,0.0,0.0,0.0,0
184.16,-17.2577,-26.8591,337.1379,0.0003,0.0003,337.1378,,,,,,,,,,,,0.0,0.0,0.0,0.0,0
184.18,-17.2577,-26.8591,337.1379,0.0003,0.0003,337.1378,,,,,,,,,,,,0.0,0.0,0.0,0.0,0
184.2,-18.0181,-27.1131,337.6475,0.0003,0.0003,337.6475,,,,,,,,,,,,0.0,0.0,0.0,0.0,0
184.22,-18.0181,-27.1131,337.6475,0.0003,0.0003,337.6475,,,,,,,,,,,,0.0,0.0,0.0,0.0,0
184.24,-18.0181,-27.1131,337.6475,0.0003,0.0003,337.6475,,,,,,,,,,,,0.0,0.0,0.0,0.0,0
184.26,-18.0181,-27.1131,337.6475,0.0003,0.0003,337.6475,,,,,,,,,,,,0.0,0.0,0.0,0.0,0
184.28,-18.0181,-27.1131,337.6475,0.0003,0.0003,337.6475,,,,,,,,,,,,0.0,0.0,0.0,0.0,0
184.3,-18.0181,-27.1131,337.6475,0.0003,0.0003,337.6475,,,,,,,,,,,,0.0,0.0,0.0,0.0,0
184.32,-18.1393,-27.2164,337.2547,0.0003,0.0003,337.2547,,,,,,,,,,,,0.0,0.0,0.0,0.0,0
184.34,-18.1393,-27.2164,337.2547,0.0003,0.0003,337.2547,,,,,,,,,,,,0.0,0.0,0.0,0.0,0
184.36,-18.1393,-27.2164,337.2547,0.0003,0.0003,337.2547,,,,,,,,,,,,0.0,0.0,0.0,0.0,0
184.38,-18.1393,-27.2164,337.2547,0.0003,0.0003,337.2547,,,,,,,,,,,,0.0,0.0,0.0,0.0,0
184.4,-18.0235,-27.1966,337.4218,0.0003,0.0003,337.4218,,,,,,,,,,,,0.0,0.0,0.0,0.0,0
184.42,-18.0235,-27.1966,337.4218,0.0003,0.0003,337.4218,,,,,,,,,,,,0.0,0.0,0.0,0.0,0
184.44,-18.0235,-27.1966,337.4218,0.0003,0.0003,337.4218,,,,,,,,,,,,0.0,0.0,0.0,0.0,0
184.46,-18.0235,-27.1966,337.4218,0.0003,0.0003,337.4218,,,,,,,,,,,,0.0,0.0,0.0,0.0,0
184.48,-18.0235,-27.1966,337.4218,0.0003,0.0003,337.4218,,,,,,,,,,,,0.0,0.0,0.0,0.0,0
184.5,-18.0235,-27.1966,337.4218,0.0003,0.0003,337.4218,,,,,,,,,,,,0.0,0.0,0.0,0.0,0
184.52,-17.9765,-27.1822,337.3336,0.0003,0.0003,337.3336,,,,,,,,,,,,0.0,0.0,0.0,0.0,0
184.54,-17.9765,-27.1822,337.3336,0.0003,0.0003,337.3336,,,,,,,,,,,,0.0,0.0,0.0,0.0,0
184.56,-17.9765,-27.1822,337.3336,0.0003,0.0003,337.3336,,,,,,,,,,,,0.0,0.0,0.0,0.0,0
184.58,-17.9765,-27.1822,337.3336,0.0003,0.0003,337.3336,,,,,,,,,,,,0.0,0.0,0.0,0.0,0
184.6,-18.0058,-27.1886,337.152,0.0003,0.0003,337.152,,,,,,,,,,,,0.0,0.0,0.0,0.0,0
184.62,-18.0058,-27.1886,337.152,0.0003,0.0003,337.152,,,,,,,,,,,,0.0,0.0,0.0,0.0,0
184.64,-18.0058,-27.1886,337.152,0.0003,0.0003,337.152,,,,,,,,,,,,0.0,0.0,0.0,0.0,0
184.66,-18.0058,-27.1886,337.152,0.0003,0.0003,337.152,,,,,,,,,,,,0.0,0.0,0.0,0.0,0
184.68,-18.0058,-27.1886,337.152,0.0003,0.0003,337.152,,,,,,,,,,,,0.0,0.0,0.0,0.0,0
184.7,-18.0058,-27.1886,337.152,0.0003,0.0003,337.152,,,,,,,,,,,,0.0,0.0,0.0,0.0,0
184.72,-18.1224,-27.2031,336.8332,0.0003,0.0003,336.8332,,,,,,,,,,,,0.0,0.0,0.0,0.0,0
184.74,-18.1224,-27.2031,336.8332,0.0003,0.0003,336.8332,,,,,,,,,,,,0.0,0.0,0.0,0.0,0
184.76,-18.1224,-27.2031,336.8332,0.0003,0.0003,336.8332,,,,,,,,,,,,0.0,0.0,0.0,0.0,0
184.78,-18.1224,-27.2031,336.8332,0.0003,0.0003,336.8332,,,,,,,,,,,,0.0,0.0,0.0,0.0,0
184.8,-17.8594,-27.1396,337.2628,0.0003,0.0003,337.2628,,,,,,,,,,,,0.0,0.0,0.0,0.0,0
184.82,-17.8594,-27.1396,337.2628,0.0003,0.0003,337.2628,,,,,,,,,,,,0.0,0.0,0.0,0.0,0
184.84,-17.8594,-27.1396,337.2628,0.0003,0.0003,337.2628,,,,,,,,,,,,0.0,0.0,0.0,0.0,0
184.86,-17.8594,-27.1396,337.2628,0.0003,0.0003,337.2628,,,,,,,,,,,,0.0,0.0,0.0,0.0,0
184.88,-17.8594,-27.1396,337.2628,0.0003,0.0003,337.2628,,,,,,,,,,,,0.0,0.0,0.0,0.0,0
184.9,-17.8594,-27.1396,337.2628,0.0003,0.0003,337.2628,,,,,,,,,,,,0.0,0.0,0.0,0.0,0
184.92,-17.8306,-27.132,337.1315,0.0003,0.0003,337.1315,,,,,,,,,,,,0.0,0.0,0.0,0.0,0
184.94,-17.8306,-27.132,337.1315,0.0003,0.0003,337.1315,,,,,,,,,,,,0.0,0.0,0.0,0.0,0
184.96,-17.8306,-27.132,337.1315,0.0003,0.0003,337.1315,,,,,,,,,,,,0.0,0.0,0.0,0.0,0
184.98,-17.8306,-27.132,337.1315,0.0003,0.0003,337.1315,,,,,,,,,,,,0.0,0.0,0.0,0.0,0
185.0,-17.8376,-27.1247,337.0498,0.0003,0.0003,337.0498,,,,,,,,,,,,0.0,0.0,0.0,0.0,0
185.02,-17.8376,-27.1247,337.0498,0.0003,0.0003,337.0498,,,,,,,,,,,,0.0,0.0,0.0,0.0,0
185.04,-17.8376,-27.1247,337.0498,0.0003,0.0003,337.0498,,,,,,,,,,,,0.0,0.0,0.0,0.0,0
185.06,-17.8376,-27.1247,337.0498,0.0003,0.0003,337.0498,,,,,,,,,,,,0.0,0.0,0.0,0.0,0
185.08,-17.8376,-27.1247,337.0498,0.0003,0.0003,337.0498,,,,,,,,,,,,0.0,0.0,0.0,0.0,0
185.1,-17.8376,-27.1247,337.0498,0.0003,0.0003,337.0498,,,,,,,,,,,,0.0,0.0,0.0,0.0,0
185.12,-17.8286,-27.1273,336.9307,0.0003,0.0003,336.9307,,,,,,,,,,,,0.0,0.0,0.0,0.0,0
185.14,-17.8286,-27.1273,336.9307,0.0003,0.0003,336.9307,,,,,,,,,,,,0.0,0.0,0.0,0.0,0
185.16,-17.8286,-27.1273,336.9307,0.0003,0.0003,336.9307,,,,,,,,,,,,0.0,0.0,0.0,0.0,0
185.18,-17.8286,-27.1273,336.9307,0.0003,0.0003,336.9307,,,,,,,,,,,,0.0,0.0,0.0,0.0,0
185.2,-17.8124,-27.1214,336.827,0.0003,0.0003,336.827,,,,,,,,,,,,0.0,0.0,0.0,0.0,0
185.22,-17.8124,-27.1214,336.827,0.0003,0.0003,336.827,,,,,,,,,,,,0.0,0.0,0.0,0.0,0
185.24,-17.8124,-27.1214,336.827,0.0003,0.0003,336.827,,,,,,,,,,,,0.0,0.0,0.0,0.0,0
185.26,-17.8124,-27.1214,336.827,0.0003,0.0003,336.827,,,,,,,,,,,,0.0,0.0,0.0,0.0,0
185.28,-17.8124,-27.1214,336.827,0.0003,0.0003,336.827,,,,,,,,,,,,0.0,0.0,0.0,0.0,0
185.3,-17.8124,-27.1214,336.827,0.0003,0.0003,336.827,,,,,,,,,,,,0.0,0.0,0.0,0.0,0
185.32,-17.8265,-27.1153,336.7218,0.0003,0.0003,336.7218,,,,,,,,,,,,0.0,0.0,0.0,0.0,0
185.34,-17.8265,-27.1153,336.7218,0.0003,0.0003,336.7218,,,,,,,,,,,,0.0,0.0,0.0,0.0,0
185.36,-17.8265,-27.1153,336.7218,0.0003,0.0003,336.7218,,,,,,,,,,,,0.0,0.0,0.0,0.0,0
185.38,-17.8265,-27.1153,336.7218,0.0003,0.0003,336.7218,,,,,,,,,,,,0.0,0.0,0.0,0.0,0
185.4,-17.8097,-27.1063,336.638,0.0003,0.0003,336.638,,,,,,,,,,,,0.0,0.0,0.0,0.0,0
185.42,-17.8097,-27.1063,336.638,0.0003,0.0003,336.638,,,,,,,,,,,,0.0,0.0,0.0,0.0,0
185.44,-17.8097,-27.1063,336.638,0.0003,0.0003,336.638,,,,,,,,,,,,0.0,0.0,0.0,0.0,0
185.46,-17.8097,-27.1063,336.638,0.0003,0.0003,336.638,,,,,,,,,,,,0.0,0.0,0.0,0.0,0
185.48,-17.8097,-27.1063,336.638,0.0003,0.0003,336.638,,,,,,,,,,,,0.0,0.0,0.0,0.0,0
185.5,-17.8097,-27.1063,336.638,0.0003,0.0003,336.638,,,,,,,,,,,,0.0,0.0,0.0,0.0,0
185.52,-17.6817,-27.089,336.6607,0.0003,0.0003,336.6607,,,,,,,,,,,,0.0,0.0,0.0,0.0,0
185.54,-17.6817,-27.089,336.6607,0.0003,0.0003,336.6607,,,,,,,,,,,,0.0,0.0,0.0,0.0,0
185.56,-17.6817,-27.089,336.6607,0.0003,0.0003,336.6607,,,,,,,,,,,,0.0,0.0,0.0,0.0,0
185.58,-17.6817,-27.089,336.6607,0.0003,0.0003,336.6607,,,,,,,,,,,,0.0,0.0,0.0,0.0,0
185.6,-17.5651,-26.8746,336.9803,0.0003,0.0003,336.9803,,,,,,,,,,,,0.0,0.0,0.0,0.0,0
185.62,-17.5651,-26.8746,336.9803,0.0003,0.0003,336.9803,,,,,,,,,,,,0.0,0.0,0.0,0.0,0
185.64,-17.5651,-26.8746,336.9803,0.0003,0.0003,336.9803,,,,,,,,,,,,0.0,0.0,0.0,0.0,0
185.66,-17.5651,-26.8746,336.9803,0.0003,0.0003,336.9803,,,,,,,,,,,,0.0,0.0,0.0,0.0,0
185.68,-17.5651,-26.8746,336.9803,0.0003,0.0003,336.9803,,,,,,,,,,,,0.0,0.0,0.0,0.0,0
185.7,-17.5651,-26.8746,336.9803,0.0003,0.0003,336.9803,,,,,,,,,,,,0.0,0.0,0.0,0.0,0
185.72,-16.925,-25.924,336.4279,0.0003,0.0003,336.4279,,,,,,,,,,,,0.0,0.0,0.0,0.0,0
185.74,-16.925,-25.924,336.4279,0.0003,0.0003,336.4279,,,,,,,,,,,,0.0,0.0,0.0,0.0,0
185.76,-16.925,-25.924,336.4279,0.0003,0.0003,336.4279,,,,,,,,,,,,0.0,0.0,0.0,0.0,0
185.78,-16.925,-25.924,336.4279,0.0003,0.0003,336.4279,,,,,,,,,,,,0.0,0.0,0.0,0.0,0
185.8,-16.844,-25.9071,336.4017,0.0003,0.0003,336.4016,,,,,,,,,,,,0.0,0.0,0.0,0.0,0
185.82,-16.844,-25.9071,336.4017,0.0003,0.0003,336.4016,,,,,,,,,,,,0.0,0.0,0.0,0.0,0
185.84,-16.844,-25.9071,336.4017,0.0003,0.0003,336.4016,,,,,,,,,,,,0.0,0.0,0.0,0.0,0
185.86,-16.844,-25.9071,336.4017,0.0003,0.0003,336.4016,,,,,,,,,,,,0.0,0.0,0.0,0.0,0
185.88,-16.844,-25.9071,336.4017,0.0003,0.0003,336.4016,,,,,,,,,,,,0.0,0.0,0.0,0.0,0
185.9,-16.844,-25.9071,336.4017,0.0003,0.0003,336.4016,,,,,,,,,,,,0.0,0.0,0.0,0.0,0
185.92,-16.8532,-25.8842,336.3699,0.0003,0.0003,336.3699,,,,,,,,,,,,0.0,0.0,0.0,0.0,0
185.94,-16.8532,-25.8842,336.3699,0.0003,0.0003,336.3699,,,,,,,,,,,,0.0,0.0,0.0,0.0,0
185.96,-16.8532,-25.8842,336.3699,0.0003,0.0003,336.3699,,,,,,,,,,,,0.0,0.0,0.0,0.0,0
185.98,-16.8532,-25.8842,336.3699,0.0003,0.0003,336.3699,,,,,,,,,,,,0.0,0.0,0.0,0.0,0
186.0,-16.8008,-25.8721,336.221,0.0003,0.0003,336.221,,,,,,,,,,,,0.0,0.0,0.0,0.0,0
186.02,-16.8008,-25.8721,336.221,0.0003,0.0003,336.221,,,,,,,,,,,,0.0,0.0,0.0,0.0,0
186.04,-16.8008,-25.8721,336.221,0.0003,0.0003,336.221,,,,,,,,,,,,0.0,0.0,0.0,0.0,0
186.06,-16.8008,-25.8721,336.221,0.0003,0.0003,336.221,,,,,,,,,,,,0.0,0.0,0.0,0.0,0
186.08,-16.8008,-25.8721,336.221,0.0003,0.0003,336.221,,,,,,,,,,,,0.0,0.0,0.0,0.0,0
186.1,-16.8008,-25.8721,336.221,0.0003,0.0003,336.221,,,,,,,,,,,,0.0,0.0,0.0,0.0,0
186.12,-16.8051,-25.8533,336.1567,0.0003,0.0003,336.1567,,,,,,,,,,,,0.0,0.0,0.0,0.0,0
186.14,-16.8051,-25.8533,336.1567,0.0003,0.0003,336.1567,,,,,,,,,,,,0.0,0.0,0.0,0.0,0
186.16,-16.8051,-25.8533,336.1567,0.0003,0.0003,336.1567,,,,,,,,,,,,0.0,0.0,0.0,0.0,0
186.18,-16.8051,-25.8533,336.1567,0.0003,0.0003,336.1567,,,,,,,,,,,,0.0,0.0,0.0,0.0,0
186.2,-16.7965,-25.8367,336.0952,0.0003,0.0003,336.0952,,,,,,,,,,,,0.0,0.0,0.0,0.0,0
186.22,-16.7965,-25.8367,336.0952,0.0003,0.0003,336.0952,,,,,,,,,,,,0.0,0.0,0.0,0.0,0
186.24,-16.7965,-25.8367,336.0952,0.0003,0.0003,336.0952,,,,,,,,,,,,0.0,0.0,0.0,0.0,0
186.26,-16.7965,-25.8367,336.0952,0.0003,0.0003,336.0952,,,,,,,,,,,,0.0,0.0,0.0,0.0,0
186.28,-16.7965,-25.8367,336.0952,0.0003,0.0003,336.0952,,,,,,,,,,,,0.0,0.0,0.0,0.0,0
186.3,-16.7965,-25.8367,336.0952,0.0003,0.0003,336.0952,,,,,,,,,,,,0.0,0.0,0.0,0.0,0
186.32,-16.7729,-25.8285,335.9643,0.0003,0.0003,335.9643,,,,,,,,,,,,0.0,0.0,0.0,0.0,0
186.34,-16.7729,-25.8285,335.9643,0.0003,0.0003,335.9643,,,,,,,,,,,,0.0,0.0,0.0,0.0,0
186.36,-16.7729,-25.8285,335.9643,0.0003,0.0003,335.9643,,,,,,,,,,,,0.0,0.0,0.0,0.0,0
186.38,-16.7729,-25.8285,335.9643,0.0003,0.0003,335.9643,,,,,,,,,,,,0.0,0.0,0.0,0.0,0
186.4,-16.7717,-25.8211,335.9089,0.0003,0.0003,335.9089,,,,,,,,,,,,0.0,0.0,0.0,0.0,0
186.42,-16.7717,-25.8211,335.9089,0.0003,0.0003,335.9089,,,,,,,,,,,,0.0,0.0,0.0,0.0,0
186.44,-16.7717,-25.8211,335.9089,0.0003,0.0003,335.9089,,,,,,,,,,,,0.0,0.0,0.0,0.0,0
186.46,-16.7717,-25.8211,335.9089,0.0003,0.0003,335.9089,,,,,,,,,,,,0.0,0.0,0.0,0.0,0
186.48,-16.7717,-25.8211,335.9089,0.0003,0.0003,335.9089,,,,,,,,,,,,0.0,0.0,0.0,0.0,0
186.5,-16.7717,-25.8211,335.9089,0.0003,0.0003,335.9089,,,,,,,,,,,,0.0,0.0,0.0,0.0,0
186.52,-16.795,-25.8175,335.8099,0.0003,0.0003,335.8099,,,,,,,,,,,,0.0,0.0,0.0,0.0,0
186.54,-16.795,-25.8175,335.8099,0.0003,0.0003,335.8099,,,,,,,,,,,,0.0,0.0,0.0,0.0,0
186.56,-16.795,-25.8175,335.8099,0.0003,0.0003,335.8099,,,,,,,,,,,,0.0,0.0,0.0,0.0,0
186.58,-16.795,-25.8175,335.8099,0.0003,0.0003,335.8099,,,,,,,,,,,,0.0,0.0,0.0,0.0,0
186.6,-16.7684,-25.823,335.6214,0.0003,0.0003,335.6214,,,,,,,,,,,,0.0,0.0,0.0,0.0,0
186.62,-16.7684,-25.823,335.6214,0.0003,0.0003,335.6214,,,,,,,,,,,,0.0,0.0,0.0,0.0,0
186.64,-16.7684,-25.823,335.6214,0.0003,0.0003,335.6214,,,,,,,,,,,,0.0,0.0,0.0,0.0,0
186.66,-16.7684,-25.823,335.6214,0.0003,0.0003,335.6214,,,,,,,,,,,,0.0,0.0,0.0,0.0,0
186.68,-16.7684,-25.823,335.6214,0.0003,0.0003,335.6214,,,,,,,,,,,,0.0,0.0,0.0,0.0,0
186.7,-16.7684,-25.823,335.6214,0.0003,0.0003,335.6214,,,,,,,,,,,,0.0,0.0,0.0,0.0,0
186.72,-16.7676,-25.8172,335.5352,0.0003,0.0003,335.5352,,,,,,,,,,,,0.0,0.0,0.0,0.0,0
186.74,-16.7676,-25.8172,335.5352,0.0003,0.0003,335.5352,,,,,,,,,,,,0.0,0.0,0.0,0.0,0
186.76,-16.7676,-25.8172,335.5352,0.0003,0.0003,335.5352,,,,,,,,,,,,0.0,0.0,0.0,0.0,0
186.78,-16.7676,-25.8172,335.5352,0.0003,0.0003,335.5352,,,,,,,,,,,,0.0,0.0,0.0,0.0,0
186.8,-16.7383,-25.8043,335.4771,0.0003,0.0003,335.4771,,,,,,,,,,,,0.0,0.0,0.0,0.0,0
186.82,-16.7383,-25.8043,335.4771,0.0003,0.0003,335.4771,,,,,,,,,,,,0.0,0.0,0.0,0.0,0
186.84,-16.7383,-25.8043,335.4771,0.0003,0.0003,335.4771,,,,,,,,,,,,0.0,0.0,0.0,0.0,0
186.86,-16.7383,-25.8043,335.4771,0.0003,0.0003,335.4771,,,,,,,,,,,,0.0,0.0,0.0,0.0,0
186.88,-16.7383,-25.8043,335.4771,0.0003,0.0003,335.4771,,,,,,,,,,,,0.0,0.0,0.0,0.0,0
186.9,-16.7383,-25.8043,335.4771,0.0003,0.0003,335.4771,,,,,,,,,,,,0.0,0.0,0.0,0.0,0
186.92,-16.766,-25.8013,335.3955,0.0003,0.0003,335.3955,,,,,,,,,,,,0.0,0.0,0.0,0.0,0
186.94,-16.766,-25.8013,335.3955,0.0003,0.0003,335.3955,,,,,,,,,,,,0.0,0.0,0.0,0.0,0
186.96,-16.766,-25.8013,335.3955,0.0003,0.0003,335.3955,,,,,,,,,,,,0.0,0.0,0.0,0.0,0
186.98,-16.766,-25.8013,335.3955,0.0003,0.0003,335.3955,,,,,,,,,,,,0.0,0.0,0.0,0.0,0
187.0,-16.7558,-25.7988,335.2323,0.0003,0.0003,335.2323,,,,,,,,,,,,0.0,0.0,0.0,0.0,0
187.02,-16.7558,-25.7988,335.2323,0.0003,0.0003,335.2323,,,,,,,,,,,,0.0,0.0,0.0,0.0,0
187.04,-16.7558,-25.7988,335.2323,0.0003,0.0003,335.2323,,,,,,,,,,,,0.0,0.0,0.0,0.0,0
187.06,-16.7558,-25.7988,335.2323,0.0003,0.0003,335.2323,,,,,,,,,,,,0.0,0.0,0.0,0.0,0
187.08,-16.7558,-25.7988,335.2323,0.0003,0.0003,335.2323,,,,,,,,,,,,0.0,0.0,0.0,0.0,0
187.1,-16.7558,-25.7988,335.2323,0.0003,0.0003,335.2323,,,,,,,,,,,,0.0,0.0,0.0,0.0,0
187.12,-16.7491,-25.7911,335.1482,0.0003,0.0003,335.1482,,,,,,,,,,,,0.0,0.0,0.0,0.0,0
187.14,-16.7491,-25.7911,335.1482,0.0003,0.0003,335.1482,,,,,,,,,,,,0.0,0.0,0.0,0.0,0
187.16,-16.7491,-25.7911,335.1482,0.0003,0.0003,335.1482,,,,,,,,,,,,0.0,0.0,0.0,0.0,0
187.18,-16.7491,-25.7911,335.1482,0.0003,0.0003,335.1482,,,,,,,,,,,,0.0,0.0,0.0,0.0,0
187.2,-16.7325,-25.7895,335.0236,0.0003,0.0003,335.0236,,,,,,,,,,,,0.0,0.0,0.0,0.0,0
187.22,-16.7325,-25.7895,335.0236,0.0003,0.0003,335.0236,,,,,,,,,,,,0.0,0.0,0.0,0.0,0
187.24,-16.7325,-25.7895,335.0236,0.0003,0.0003,335.0236,,,,,,,,,,,,0.0,0.0,0.0,0.0,0
187.26,-16.7325,-25.7895,335.0236,0.0003,0.0003,335.0236,,,,,,,,,,,,0.0,0.0,0.0,0.0,0
187.28,-16.7325,-25.7895,335.0236,0.0003,0.0003,335.0236,,,,,,,,,,,,0.0,0.0,0.0,0.0,0
187.3,-16.7325,-25.7895,335.0236,0.0003,0.0003,335.0236,,,,,,,,,,,,0.0,0.0,0.0,0.0,0
187.32,-16.7374,-25.789,334.8434,0.0003,0.0003,334.8434,,,,,,,,,,,,0.0,0.0,0.0,0.0,0
187.34,-16.7374,-25.789,334.8434,0.0003,0.0003,334.8434,,,,,,,,,,,,0.0,0.0,0.0,0.0,0
187.36,-16.7374,-25.789,334.8434,0.0003,0.0003,334.8434,,,,,,,,,,,,0.0,0.0,0.0,0.0,0
187.38,-16.7374,-25.789,334.8434,0.0003,0.0003,334.8434,,,,,,,,,,,,0.0,0.0,0.0,0.0,0
187.4,-16.7373,-25.7854,334.7538,0.0003,0.0003,334.7538,,,,,,,,,,,,0.0,0.0,0.0,0.0,0
187.42,-16.7373,-25.7854,334.7538,0.0003,0.0003,334.7538,,,,,,,,,,,,0.0,0.0,0.0,0.0,0
187.44,-16.7373,-25.7854,334.7538,0.0003,0.0003,334.7538,,,,,,,,,,,,0.0,0.0,0.0,0.0,0
187.46,-16.7373,-25.7854,334.7538,0.0003,0.0003,334.7538,,,,,,,,,,,,0.0,0.0,0.0,0.0,0
187.48,-16.7373,-25.7854,334.7538,0.0003,0.0003,334.7538,,,,,,,,,,,,0.0,0.0,0.0,0.0,0
187.5,-16.7373,-25.7854,334.7538,0.0003,0.0003,334.7538,,,,,,,,,,,,0.0,0.0,0.0,0.0,0
187.52,-16.7642,-25.7778,334.6926,0.0003,0.0003,334.6926,,,,,,,,,,,,0.0,0.0,0.0,0.0,0
187.54,-16.7642,-25.7778,334.6926,0.0003,0.0003,334.6926,,,,,,,,,,,,0.0,0.0,0.0,0.0,0
187.56,-16.7642,-25.7778,334.6926,0.0003,0.0003,334.6926,,,,,,,,,,,,0.0,0.0,0.0,0.0,0
187.58,-16.7642,-25.7778,334.6926,0.0003,0.0003,334.6926,,,,,,,,,,,,0.0,0.0,0.0,0.0,0
187.6,-16.7612,-25.7753,334.5027,0.0003,0.0003,334.5027,,,,,,,,,,,,0.0,0.0,0.0,0.0,0
187.62,-16.7612,-25.7753,334.5027,0.0003,0.0003,334.5027,,,,,,,,,,,,0.0,0.0,0.0,0.0,0
187.64,-16.7612,-25.7753,334.5027,0.0003,0.0003,334.5027,,,,,,,,,,,,0.0,0.0,0.0,0.0,0
187.66,-16.7612,-25.7753,334.5027,0.0003,0.0003,334.5027,,,,,,,,,,,,0.0,0.0,0.0,0.0,0
187.68,-16.7612,-25.7753,334.5027,0.0003,0.0003,334.5027,,,,,,,,,,,,0.0,0.0,0.0,0.0,0
187.7,-16.7612,-25.7753,334.5027,0.0003,0.0003,334.5027,,,,,,,,,,,,0.0,0.0,0.0,0.0,0
187.72,-16.7898,-25.7799,334.3508,0.0003,0.0003,334.3508,,,,,,,,,,,,0.0,0.0,0.0,0.0,0
187.74,-16.7898,-25.7799,334.3508,0.0003,0.0003,334.3508,,,,,,,,,,,,0.0,0.0,0.0,0.0,0
187.76,-16.7898,-25.7799,334.3508,0.0003,0.0003,334.3508,,,,,,,,,,,,0.0,0.0,0.0,0.0,0
187.78,-16.7898,-25.7799,334.3508,0.0003,0.0003,334.3508,,,,,,,,,,,,0.0,0.0,0.0,0.0,0
187.8,-16.8396,-25.7842,334.1986,0.0003,0.0003,334.1986,,,,,,,,,,,,0.0,0.0,0.0,0.0,0
187.82,-16.8396,-25.7842,334.1986,0.0003,0.0003,334.1986,,,,,,,,,,,,0.0,0.0,0.0,0.0,0
187.84,-16.8396,-25.7842,334.1986,0.0003,0.0003,334.1986,,,,,,,,,,,,0.0,0.0,0.0,0.0,0
187.86,-16.8396,-25.7842,334.1986,0.0003,0.0003,334.1986,,,,,,,,,,,,0.0,0.0,0.0,0.0,0
187.88,-16.8396,-25.7842,334.1986,0.0003,0.0003,334.1986,,,,,,,,,,,,0.0,0.0,0.0,0.0,0
187.9,-16.8396,-25.7842,334.1986,0.0003,0.0003,334.1986,,,,,,,,,,,,0.0,0.0,0.0,0.0,0
187.92,-16.789,-25.7792,334.1108,0.0003,0.0003,334.1108,,,,,,,,,,,,0.0,0.0,0.0,0.0,0
187.94,-16.789,-25.7792,334.1108,0.0003,0.0003,334.1108,,,,,,,,,,,,0.0,0.0,0.0,0.0,0
187.96,-16.789,-25.7792,334.1108,0.0003,0.0003,334.1108,,,,,,,,,,,,0.0,0.0,0.0,0.0,0
187.98,-16.789,-25.7792,334.1108,0.0003,0.0003,334.1108,,,,,,,,,,,,0.0,0.0,0.0,0.0,0
188.0,-16.7769,-25.7775,333.9376,0.0003,0.0003,333.9376,,,,,,,,,,,,0.0,0.0,0.0,0.0,0
188.02,-16.7769,-25.7775,333.9376,0.0003,0.0003,333.9376,,,,,,,,,,,,0.0,0.0,0.0,0.0,0
188.04,-16.7769,-25.7775,333.9376,0.0003,0.0003,333.9376,,,,,,,,,,,,0.0,0.0,0.0,0.0,0
188.06,-16.7769,-25.7775,333.9376,0.0003,0.0003,333.9376,,,,,,,,,,,,0.0,0.0,0.0,0.0,0
188.08,-16.7769,-25.7775,333.9376,0.0003,0.0003,333.9376,,,,,,,,,,,,0.0,0.0,0.0,0.0,0
188.1,-16.7769,-25.7775,333.9376,0.0003,0.0003,333.9376,,,,,,,,,,,,0.0,0.0,0.0,0.0,0
188.12,-16.7822,-25.7719,333.8108,0.0003,0.0003,333.8108,,,,,,,,,,,,0.0,0.0,0.0,0.0,0
188.14,-16.7822,-25.7719,333.8108,0.0003,0.0003,333.8108,,,,,,,,,,,,0.0,0.0,0.0,0.0,0
188.16,-16.7822,-25.7719,333.8108,0.0003,0.0003,333.8108,,,,,,,,,,,,0.0,0.0,0.0,0.0,0
188.18,-16.7822,-25.7719,333.8108,0.0003,0.0003,333.8108,,,,,,,,,,,,0.0,0.0,0.0,0.0,0
188.2,-16.7963,-25.7613,333.7839,0.0003,0.0003,333.7839,,,,,,,,,,,,0.0,0.0,0.0,0.0,0
188.22,-16.7963,-25.7613,333.7839,0.0003,0.0003,333.7839,,,,,,,,,,,,0.0,0.0,0.0,0.0,0
188.24,-16.7963,-25.7613,333.7839,0.0003,0.0003,333.7839,,,,,,,,,,,,0.0,0.0,0.0,0.0,0
188.26,-16.7963,-25.7613,333.7839,0.0003,0.0003,333.7839,,,,,,,,,,,,0.0,0.0,0.0,0.0,0
188.28,-16.7963,-25.7613,333.7839,0.0003,0.0003,333.7839,,,,,,,,,,,,0.0,0.0,0.0,0.0,0
188.3,-16.7963,-25.7613,333.7839,0.0003,0.0003,333.7839,,,,,,,,,,,,0.0,0.0,0.0,0.0,0
188.32,-16.8194,-25.7749,333.5424,0.0003,0.0003,333.5424,,,,,,,,,,,,0.0,0.0,0.0,0.0,0
188.34,-16.8194,-25.7749,333.5424,0.0003,0.0003,333.5424,,,,,,,,,,,,0.0,0.0,0.0,0.0,0
188.36,-16.8194,-25.7749,333.5424,0.0003,0.0003,333.5424,,,,,,,,,,,,0.0,0.0,0.0,0.0,0
188.38,-16.8194,-25.7749,333.5424,0.0003,0.0003,333.5424,,,,,,,,,,,,0.0,0.0,0.0,0.0,0
188.4,-16.7801,-25.7857,333.2885,0.0003,0.0003,333.2885,,,,,,,,,,,,0.0,0.0,0.0,0.0,0
188.42,-16.7801,-25.7857,333.2885,0.0003,0.0003,333.2885,,,,,,,,,,,,0.0,0.0,0.0,0.0,0
188.44,-16.7801,-25.7857,333.2885,0.0003,0.0003,333.2885,,,,,,,,,,,,0.0,0.0,0.0,0.0,0
