time_sec,roll,pitch,yaw,roll_des,pitch_des,yaw_des,gyro_x,gyro_y,gyro_z,accel_x,accel_y,accel_z,vbat,ibat,lat,lon,alt,motor_1,motor_2,motor_3,motor_4,flight_mode
0.0,0.9167,-0.4283,62.9816,-0.0001,-0.0003,62.9816,,,,,,,,,,,,0.0,0.0,0.0,0.0,0
0.02,0.9167,-0.4283,62.9816,-0.0001,-0.0003,62.9816,,,,,,,,,,,,0.0,0.0,0.0,0.0,0
0.04,0.9167,-0.4283,62.9816,-0.0001,-0.0003,62.9816,,,,,,,,,,,,0.0,0.0,0.0,0.0,0
0.06,0.9167,-0.4283,62.9816,-0.0001,-0.0003,62.9816,,,,,,,,,,,,0.0,0.0,0.0,0.0,0
0.08,0.9167,-0.4283,62.9816,-0.0001,-0.0003,62.9816,,,,,,,,,,,,0.0,0.0,0.0,0.0,0
0.1,0.9158,-0.4258,62.9649,-0.0001,-0.0003,62.9649,,,,,,,,,,,,0.0,0.0,0.0,0.0,0
0.12,0.9158,-0.4258,62.9649,-0.0001,-0.0003,62.9649,,,,,,,,,,,,0.0,0.0,0.0,0.0,0
0.14,0.9158,-0.4258,62.9649,-0.0001,-0.0003,62.9649,,,,,,,,,,,,0.0,0.0,0.0,0.0,0
0.16,0.9158,-0.4258,62.9649,-0.0001,-0.0003,62.9649,,,,,,,,,,,,0.0,0.0,0.0,0.0,0
0.18,0.9158,-0.4258,62.9649,-0.0001,-0.0003,62.9649,,,,,,,,,,,,0.0,0.0,0.0,0.0,0
0.2,0.9162,-0.4262,62.9708,-0.0001,-0.0003,62.9708,,,,,,,,,,,,0.0,0.0,0.0,0.0,0
0.22,0.9162,-0.4262,62.9708,-0.0001,-0.0003,62.9708,,,,,,,,,,,,0.0,0.0,0.0,0.0,0
0.24,0.9162,-0.4262,62.9708,-0.0001,-0.0003,62.9708,,,,,,,,,,,,0.0,0.0,0.0,0.0,0
0.26,0.9162,-0.4262,62.9708,-0.0001,-0.0003,62.9708,,,,,,,,,,,,0.0,0.0,0.0,0.0,0
0.28,0.9162,-0.4262,62.9708,-0.0001,-0.0003,62.9708,,,,,,,,,,,,0.0,0.0,0.0,0.0,0
0.3,0.9154,-0.4298,62.9757,-0.0001,-0.0003,62.9758,,,,,,,,,,,,0.0,0.0,0.0,0.0,0
0.32,0.9154,-0.4298,62.9757,-0.0001,-0.0003,62.9758,,,,,,,,,,,,0.0,0.0,0.0,0.0,0
0.34,0.9154,-0.4298,62.9757,-0.0001,-0.0003,62.9758,,,,,,,,,,,,0.0,0.0,0.0,0.0,0
0.36,0.9154,-0.4298,62.9757,-0.0001,-0.0003,62.9758,,,,,,,,,,,,0.0,0.0,0.0,0.0,0
0.38,0.9154,-0.4298,62.9757,-0.0001,-0.0003,62.9758,,,,,,,,,,,,0.0,0.0,0.0,0.0,0
0.4,0.9153,-0.4254,62.9496,-0.0001,-0.0003,62.9496,,,,,,,,,,,,0.0,0.0,0.0,0.0,0
0.42,0.9153,-0.4254,62.9496,-0.0001,-0.0003,62.9496,,,,,,,,,,,,0.0,0.0,0.0,0.0,0
0.44,0.9153,-0.4254,62.9496,-0.0001,-0.0003,62.9496,,,,,,,,,,,,0.0,0.0,0.0,0.0,0
0.46,0.9153,-0.4254,62.9496,-0.0001,-0.0003,62.9496,,,,,,,,,,,,0.0,0.0,0.0,0.0,0
0.48,0.9153,-0.4254,62.9496,-0.0001,-0.0003,62.9496,,,,,,,,,,,,0.0,0.0,0.0,0.0,0
0.5,0.9176,-0.4207,62.9503,-0.0001,-0.0003,62.9503,,,,,,,,,,,,0.0,0.0,0.0,0.0,0
0.52,0.9176,-0.4207,62.9503,-0.0001,-0.0003,62.9503,,,,,,,,,,,,0.0,0.0,0.0,0.0,0
0.54,0.9176,-0.4207,62.9503,-0.0001,-0.0003,62.9503,,,,,,,,,,,,0.0,0.0,0.0,0.0,0
0.56,0.9176,-0.4207,62.9503,-0.0001,-0.0003,62.9503,,,,,,,,,,,,0.0,0.0,0.0,0.0,0
0.58,0.9176,-0.4207,62.9503,-0.0001,-0.0003,62.9503,,,,,,,,,,,,0.0,0.0,0.0,0.0,0
0.6,0.9281,-0.4122,62.9149,-0.0001,-0.0003,62.9149,,,,,,,,,,,,0.0,0.0,0.0,0.0,0
0.62,0.9281,-0.4122,62.9149,-0.0001,-0.0003,62.9149,,,,,,,,,,,,0.0,0.0,0.0,0.0,0
0.64,0.9281,-0.4122,62.9149,-0.0001,-0.0003,62.9149,,,,,,,,,,,,0.0,0.0,0.0,0.0,0
0.66,0.9281,-0.4122,62.9149,-0.0001,-0.0003,62.9149,,,,,,,,,,,,0.0,0.0,0.0,0.0,0
0.68,0.9281,-0.4122,62.9149,-0.0001,-0.0003,62.9149,,,,,,,,,,,,0.0,0.0,0.0,0.0,0
0.7,0.9317,-0.4052,62.9029,-0.0001,-0.0003,62.9029,,,,,,,,,,,,0.0,0.0,0.0,0.0,0
0.72,0.9317,-0.4052,62.9029,-0.0001,-0.0003,62.9029,,,,,,,,,,,,0.0,0.0,0.0,0.0,0
0.74,0.9317,-0.4052,62.9029,-0.0001,-0.0003,62.9029,,,,,,,,,,,,0.0,0.0,0.0,0.0,0
0.76,0.9317,-0.4052,62.9029,-0.0001,-0.0003,62.9029,,,,,,,,,,,,0.0,0.0,0.0,0.0,0
0.78,0.9317,-0.4052,62.9029,-0.0001,-0.0003,62.9029,,,,,,,,,,,,0.0,0.0,0.0,0.0,0
0.8,0.9304,-0.413,62.9088,-0.0001,-0.0003,62.9088,,,,,,,,,,,,0.0,0.0,0.0,0.0,0
0.82,0.9304,-0.413,62.9088,-0.0001,-0.0003,62.9088,,,,,,,,,,,,0.0,0.0,0.0,0.0,0
0.84,0.9304,-0.413,62.9088,-0.0001,-0.0003,62.9088,,,,,,,,,,,,0.0,0.0,0.0,0.0,0
0.86,0.9304,-0.413,62.9088,-0.0001,-0.0003,62.9088,,,,,,,,,,,,0.0,0.0,0.0,0.0,0
0.88,0.9304,-0.413,62.9088,-0.0001,-0.0003,62.9088,,,,,,,,,,,,0.0,0.0,0.0,0.0,0
0.9,0.9304,-0.4105,62.8804,-0.0001,-0.0003,62.8804,,,,,,,,,,,,0.0,0.0,0.0,0.0,0
0.92,0.9304,-0.4105,62.8804,-0.0001,-0.0003,62.8804,,,,,,,,,,,,0.0,0.0,0.0,0.0,0
0.94,0.9304,-0.4105,62.8804,-0.0001,-0.0003,62.8804,,,,,,,,,,,,0.0,0.0,0.0,0.0,0
0.96,0.9304,-0.4105,62.8804,-0.0001,-0.0003,62.8804,,,,,,,,,,,,0.0,0.0,0.0,0.0,0
0.98,0.9304,-0.4105,62.8804,-0.0001,-0.0003,62.8804,,,,,,,,,,,,0.0,0.0,0.0,0.0,0
1.0,0.9313,-0.4092,62.8994,-0.0001,-0.0003,62.8994,,,,,,,,,,,,0.0,0.0,0.0,0.0,0
1.02,0.9313,-0.4092,62.8994,-0.0001,-0.0003,62.8994,,,,,,,,,,,,0.0,0.0,0.0,0.0,0
1.04,0.9313,-0.4092,62.8994,-0.0001,-0.0003,62.8994,,,,,,,,,,,,0.0,0.0,0.0,0.0,0
1.06,0.9313,-0.4092,62.8994,-0.0001,-0.0003,62.8994,,,,,,,,,,,,0.0,0.0,0.0,0.0,0
1.08,0.9313,-0.4092,62.8994,-0.0001,-0.0003,62.8994,,,,,,,,,,,,0.0,0.0,0.0,0.0,0
1.1,0.9333,-0.405,62.858,-0.0001,-0.0003,62.858,,,,,,,,,,,,0.0,0.0,0.0,0.0,0
1.12,0.9333,-0.405,62.858,-0.0001,-0.0003,62.858,,,,,,,,,,,,0.0,0.0,0.0,0.0,0
1.14,0.9333,-0.405,62.858,-0.0001,-0.0003,62.858,,,,,,,,,,,,0.0,0.0,0.0,0.0,0
1.16,0.9333,-0.405,62.858,-0.0001,-0.0003,62.858,,,,,,,,,,,,0.0,0.0,0.0,0.0,0
1.18,0.9333,-0.405,62.858,-0.0001,-0.0003,62.858,,,,,,,,,,,,0.0,0.0,0.0,0.0,0
1.2,0.9403,-0.4045,62.8551,-0.0001,-0.0003,62.8551,,,,,,,,,,,,0.0,0.0,0.0,0.0,0
1.22,0.9403,-0.4045,62.8551,-0.0001,-0.0003,62.8551,,,,,,,,,,,,0.0,0.0,0.0,0.0,0
1.24,0.9403,-0.4045,62.8551,-0.0001,-0.0003,62.8551,,,,,,,,,,,,0.0,0.0,0.0,0.0,0
1.26,0.9403,-0.4045,62.8551,-0.0001,-0.0003,62.8551,,,,,,,,,,,,0.0,0.0,0.0,0.0,0
1.28,0.9403,-0.4045,62.8551,-0.0001,-0.0003,62.8551,,,,,,,,,,,,0.0,0.0,0.0,0.0,0
1.3,0.941,-0.4038,62.8385,-0.0001,-0.0003,62.8385,,,,,,,,,,,,0.0,0.0,0.0,0.0,0
1.32,0.941,-0.4038,62.8385,-0.0001,-0.0003,62.8385,,,,,,,,,,,,0.0,0.0,0.0,0.0,0
1.34,0.941,-0.4038,62.8385,-0.0001,-0.0003,62.8385,,,,,,,,,,,,0.0,0.0,0.0,0.0,0
1.36,0.941,-0.4038,62.8385,-0.0001,-0.0003,62.8385,,,,,,,,,,,,0.0,0.0,0.0,0.0,0
1.38,0.941,-0.4038,62.8385,-0.0001,-0.0003,62.8385,,,,,,,,,,,,0.0,0.0,0.0,0.0,0
1.4,0.9367,-0.4091,62.8133,-0.0001,-0.0003,62.8133,,,,,,,,,,,,0.0,0.0,0.0,0.0,0
1.42,0.9367,-0.4091,62.8133,-0.0001,-0.0003,62.8133,,,,,,,,,,,,0.0,0.0,0.0,0.0,0
1.44,0.9367,-0.4091,62.8133,-0.0001,-0.0003,62.8133,,,,,,,,,,,,0.0,0.0,0.0,0.0,0
1.46,0.9367,-0.4091,62.8133,-0.0001,-0.0003,62.8133,,,,,,,,,,,,0.0,0.0,0.0,0.0,0
1.48,0.9367,-0.4091,62.8133,-0.0001,-0.0003,62.8133,,,,,,,,,,,,0.0,0.0,0.0,0.0,0
1.5,0.9371,-0.4075,62.8231,-0.0001,-0.0003,62.8231,,,,,,,,,,,,0.0,0.0,0.0,0.0,0
1.52,0.9371,-0.4075,62.8231,-0.0001,-0.0003,62.8231,,,,,,,,,,,,0.0,0.0,0.0,0.0,0
1.54,0.9371,-0.4075,62.8231,-0.0001,-0.0003,62.8231,,,,,,,,,,,,0.0,0.0,0.0,0.0,0
1.56,0.9371,-0.4075,62.8231,-0.0001,-0.0003,62.8231,,,,,,,,,,,,0.0,0.0,0.0,0.0,0
1.58,0.9371,-0.4075,62.8231,-0.0001,-0.0003,62.8231,,,,,,,,,,,,0.0,0.0,0.0,0.0,0
1.6,0.9317,-0.4045,62.7865,-0.0001,-0.0003,62.7865,,,,,,,,,,,,0.0,0.0,0.0,0.0,0
1.62,0.9317,-0.4045,62.7865,-0.0001,-0.0003,62.7865,,,,,,,,,,,,0.0,0.0,0.0,0.0,0
1.64,0.9317,-0.4045,62.7865,-0.0001,-0.0003,62.7865,,,,,,,,,,,,0.0,0.0,0.0,0.0,0
1.66,0.9317,-0.4045,62.7865,-0.0001,-0.0003,62.7865,,,,,,,,,,,,0.0,0.0,0.0,0.0,0
1.68,0.9317,-0.4045,62.7865,-0.0001,-0.0003,62.7865,,,,,,,,,,,,0.0,0.0,0.0,0.0,0
1.7,0.9348,-0.3984,62.8162,-0.0001,-0.0003,62.8162,,,,,,,,,,,,0.0,0.0,0.0,0.0,0
1.72,0.9348,-0.3984,62.8162,-0.0001,-0.0003,62.8162,,,,,,,,,,,,0.0,0.0,0.0,0.0,0
1.74,0.9348,-0.3984,62.8162,-0.0001,-0.0003,62.8162,,,,,,,,,,,,0.0,0.0,0.0,0.0,0
1.76,0.9348,-0.3984,62.8162,-0.0001,-0.0003,62.8162,,,,,,,,,,,,0.0,0.0,0.0,0.0,0
1.78,0.9348,-0.3984,62.8162,-0.0001,-0.0003,62.8162,,,,,,,,,,,,0.0,0.0,0.0,0.0,0
1.8,0.9354,-0.3976,62.78,-0.0001,-0.0003,62.78,,,,,,,,,,,,0.0,0.0,0.0,0.0,0
1.82,0.9354,-0.3976,62.78,-0.0001,-0.0003,62.78,,,,,,,,,,,,0.0,0.0,0.0,0.0,0
1.84,0.9354,-0.3976,62.78,-0.0001,-0.0003,62.78,,,,,,,,,,,,0.0,0.0,0.0,0.0,0
1.86,0.9354,-0.3976,62.78,-0.0001,-0.0003,62.78,,,,,,,,,,,,0.0,0.0,0.0,0.0,0
1.88,0.9354,-0.3976,62.78,-0.0001,-0.0003,62.78,,,,,,,,,,,,0.0,0.0,0.0,0.0,0
1.9,0.9401,-0.4032,62.7905,-0.0001,-0.0003,62.7905,,,,,,,,,,,,0.0,0.0,0.0,0.0,0
1.92,0.9401,-0.4032,62.7905,-0.0001,-0.0003,62.7905,,,,,,,,,,,,0.0,0.0,0.0,0.0,0
1.94,0.9401,-0.4032,62.7905,-0.0001,-0.0003,62.7905,,,,,,,,,,,,0.0,0.0,0.0,0.0,0
1.96,0.9401,-0.4032,62.7905,-0.0001,-0.0003,62.7905,,,,,,,,,,,,0.0,0.0,0.0,0.0,0
1.98,0.9401,-0.4032,62.7905,-0.0001,-0.0003,62.7905,,,,,,,,,,,,0.0,0.0,0.0,0.0,0
2.0,0.9409,-0.408,62.7802,-0.0001,-0.0003,62.7802,,,,,,,,,,,,0.0,0.0,0.0,0.0,0
2.02,0.9409,-0.408,62.7802,-0.0001,-0.0003,62.7802,,,,,,,,,,,,0.0,0.0,0.0,0.0,0
2.04,0.9409,-0.408,62.7802,-0.0001,-0.0003,62.7802,,,,,,,,,,,,0.0,0.0,0.0,0.0,0
2.06,0.9409,-0.408,62.7802,-0.0001,-0.0003,62.7802,,,,,,,,,,,,0.0,0.0,0.0,0.0,0
2.08,0.9409,-0.408,62.7802,-0.0001,-0.0003,62.7802,,,,,,,,,,,,0.0,0.0,0.0,0.0,0
2.1,0.9378,-0.407,62.7651,-0.0001,-0.0003,62.7651,,,,,,,,,,,,0.0,0.0,0.0,0.0,0
2.12,0.9378,-0.407,62.7651,-0.0001,-0.0003,62.7651,,,,,,,,,,,,0.029,0.029,0.029,0.029,0
2.14,0.9378,-0.407,62.7651,-0.0001,-0.0003,62.7651,,,,,,,,,,,,0.029,0.029,0.029,0.029,0
2.16,0.9378,-0.407,62.7651,-0.0001,-0.0003,62.7651,,,,,,,,,,,,0.029,0.029,0.029,0.029,0
2.18,0.9378,-0.407,62.7651,-0.0001,-0.0003,62.7651,,,,,,,,,,,,0.029,0.029,0.029,0.029,0
2.2,0.9327,-0.4033,62.7776,-0.0001,-0.0003,62.7776,,,,,,,,,,,,0.029,0.029,0.029,0.029,0
2.22,0.9327,-0.4033,62.7776,-0.0001,-0.0003,62.7776,,,,,,,,,,,,0.059,0.059,0.059,0.059,0
2.24,0.9327,-0.4033,62.7776,-0.0001,-0.0003,62.7776,,,,,,,,,,,,0.059,0.059,0.059,0.059,0
2.26,0.9327,-0.4033,62.7776,-0.0001,-0.0003,62.7776,,,,,,,,,,,,0.059,0.059,0.059,0.059,0
2.28,0.9327,-0.4033,62.7776,-0.0001,-0.0003,62.7776,,,,,,,,,,,,0.059,0.059,0.059,0.059,0
2.3,0.9294,-0.4052,62.7671,-0.0001,-0.0003,62.7671,,,,,,,,,,,,0.059,0.059,0.059,0.059,0
2.32,0.9294,-0.4052,62.7671,-0.0001,-0.0003,62.7671,,,,,,,,,,,,0.09,0.09,0.09,0.09,0
2.34,0.9294,-0.4052,62.7671,-0.0001,-0.0003,62.7671,,,,,,,,,,,,0.09,0.09,0.09,0.09,0
2.36,0.9294,-0.4052,62.7671,-0.0001,-0.0003,62.7671,,,,,,,,,,,,0.09,0.09,0.09,0.09,0
2.38,0.9294,-0.4052,62.7671,-0.0001,-0.0003,62.7671,,,,,,,,,,,,0.09,0.09,0.09,0.09,0
2.4,0.9281,-0.3974,62.6384,-0.0001,-0.0003,62.6384,,,,,,,,,,,,0.09,0.09,0.09,0.09,0
2.42,0.9281,-0.3974,62.6384,-0.0001,-0.0003,62.6384,,,,,,,,,,,,0.119,0.119,0.119,0.119,0
2.44,0.9281,-0.3974,62.6384,-0.0001,-0.0003,62.6384,,,,,,,,,,,,0.119,0.119,0.119,0.119,0
2.46,0.9281,-0.3974,62.6384,-0.0001,-0.0003,62.6384,,,,,,,,,,,,0.119,0.119,0.119,0.119,0
2.48,0.9281,-0.3974,62.6384,-0.0001,-0.0003,62.6384,,,,,,,,,,,,0.119,0.119,0.119,0.119,0
2.5,0.9267,-0.4136,62.9009,-0.0001,-0.0003,62.9034,,,,,,,,,,,,0.119,0.119,0.119,0.119,0
2.52,0.9267,-0.4136,62.9009,-0.0001,-0.0003,62.9034,,,,,,,,,,,,0.15,0.15,0.15,0.15,0
2.54,0.9267,-0.4136,62.9009,-0.0001,-0.0003,62.9034,,,,,,,,,,,,0.15,0.15,0.15,0.15,0
2.56,0.9267,-0.4136,62.9009,-0.0001,-0.0003,62.9034,,,,,,,,,,,,0.15,0.15,0.15,0.15,0
2.58,0.9267,-0.4136,62.9009,-0.0001,-0.0003,62.9034,,,,,,,,,,,,0.15,0.15,0.15,0.15,0
2.6,0.9224,-0.4101,62.6383,-0.0001,-0.0003,62.9324,,,,,,,,,,,,0.15,0.15,0.15,0.15,0
2.62,0.9224,-0.4101,62.6383,-0.0001,-0.0003,62.9324,,,,,,,,,,,,0.474,0.447,0.449,0.454,0
2.64,0.9224,-0.4101,62.6383,-0.0001,-0.0003,62.9324,,,,,,,,,,,,0.474,0.447,0.449,0.454,0
2.66,0.9224,-0.4101,62.6383,-0.0001,-0.0003,62.9324,,,,,,,,,,,,0.474,0.447,0.449,0.454,0
2.68,0.9224,-0.4101,62.6383,-0.0001,-0.0003,62.9324,,,,,,,,,,,,0.474,0.447,0.449,0.454,0
2.7,0.8768,-0.3857,62.8834,-0.0,-0.0002,62.9796,,,,,,,,,,,,0.474,0.447,0.449,0.454,0
2.72,0.8768,-0.3857,62.8834,-0.0,-0.0002,62.9796,,,,,,,,,,,,0.493,0.478,0.483,0.489,0
2.74,0.8768,-0.3857,62.8834,-0.0,-0.0002,62.9796,,,,,,,,,,,,0.493,0.478,0.483,0.489,0
2.76,0.8768,-0.3857,62.8834,-0.0,-0.0002,62.9796,,,,,,,,,,,,0.493,0.478,0.483,0.489,0
2.78,0.8768,-0.3857,62.8834,-0.0,-0.0002,62.9796,,,,,,,,,,,,0.493,0.478,0.483,0.489,0
2.8,1.1237,-0.4779,62.7448,-0.0,-0.0002,62.9796,,,,,,,,,,,,0.493,0.478,0.483,0.489,0
2.82,1.1237,-0.4779,62.7448,-0.0,-0.0002,62.9796,,,,,,,,,,,,0.554,0.419,0.463,0.507,0
2.84,1.1237,-0.4779,62.7448,-0.0,-0.0002,62.9796,,,,,,,,,,,,0.554,0.419,0.463,0.507,0
2.86,1.1237,-0.4779,62.7448,-0.0,-0.0002,62.9796,,,,,,,,,,,,0.554,0.419,0.463,0.507,0
2.88,1.1237,-0.4779,62.7448,-0.0,-0.0002,62.9796,,,,,,,,,,,,0.554,0.419,0.463,0.507,0
2.9,0.6985,-0.5395,62.6606,-0.0,-0.0002,62.9796,,,,,,,,,,,,0.554,0.419,0.463,0.507,0
2.92,0.6985,-0.5395,62.6606,-0.0,-0.0002,62.9796,,,,,,,,,,,,0.456,0.524,0.514,0.454,0
2.94,0.6985,-0.5395,62.6606,-0.0,-0.0002,62.9796,,,,,,,,,,,,0.456,0.524,0.514,0.454,0
2.96,0.6985,-0.5395,62.6606,-0.0,-0.0002,62.9796,,,,,,,,,,,,0.456,0.524,0.514,0.454,0
2.98,0.6985,-0.5395,62.6606,-0.0,-0.0002,62.9796,,,,,,,,,,,,0.456,0.524,0.514,0.454,0
3.0,0.8228,-0.6708,62.6717,-0.0,-0.0002,62.9847,,,,,,,,,,,,0.456,0.524,0.514,0.454,0
3.02,0.8228,-0.6708,62.6717,-0.0,-0.0002,62.9847,,,,,,,,,,,,0.495,0.517,0.54,0.464,0
3.04,0.8228,-0.6708,62.6717,-0.0,-0.0002,62.9847,,,,,,,,,,,,0.495,0.517,0.54,0.464,0
3.06,0.8228,-0.6708,62.6717,-0.0,-0.0002,62.9847,,,,,,,,,,,,0.495,0.517,0.54,0.464,0
3.08,0.8228,-0.6708,62.6717,-0.0,-0.0002,62.9847,,,,,,,,,,,,0.495,0.517,0.54,0.464,0
3.1,1.0362,-0.4042,62.2909,-0.0,-0.0001,63.7077,,,,,,,,,,,,0.495,0.517,0.54,0.464,0
3.12,1.0362,-0.4042,62.2909,-0.0,-0.0001,63.7077,,,,,,,,,,,,0.589,0.474,0.457,0.533,0
3.14,1.0362,-0.4042,62.2909,-0.0,-0.0001,63.7077,,,,,,,,,,,,0.589,0.474,0.457,0.533,0
3.16,1.0362,-0.4042,62.2909,-0.0,-0.0001,63.7077,,,,,,,,,,,,0.589,0.474,0.457,0.533,0
3.18,1.0362,-0.4042,62.2909,-0.0,-0.0001,63.7077,,,,,,,,,,,,0.589,0.474,0.457,0.533,0
3.2,0.3993,-0.9436,62.4637,-0.0,-0.0001,63.7884,,,,,,,,,,,,0.589,0.474,0.457,0.533,0
3.22,0.3993,-0.9436,62.4637,-0.0,-0.0001,63.7884,,,,,,,,,,,,0.524,0.545,0.53,0.5,0
3.24,0.3993,-0.9436,62.4637,-0.0,-0.0001,63.7884,,,,,,,,,,,,0.524,0.545,0.53,0.5,0
3.26,0.3993,-0.9436,62.4637,-0.0,-0.0001,63.7884,,,,,,,,,,,,0.524,0.545,0.53,0.5,0
3.28,0.3993,-0.9436,62.4637,-0.0,-0.0001,63.7884,,,,,,,,,,,,0.524,0.545,0.53,0.5,0
3.3,0.7591,-1.2092,62.4003,-0.0,-0.0,64.2559,,,,,,,,,,,,0.524,0.545,0.53,0.5,0
3.32,0.7591,-1.2092,62.4003,-0.0,-0.0,64.2559,,,,,,,,,,,,0.596,0.513,0.576,0.463,0
3.34,0.7591,-1.2092,62.4003,-0.0,-0.0,64.2559,,,,,,,,,,,,0.596,0.513,0.576,0.463,0
3.36,0.7591,-1.2092,62.4003,-0.0,-0.0,64.2559,,,,,,,,,,,,0.596,0.513,0.576,0.463,0
3.38,0.7591,-1.2092,62.4003,-0.0,-0.0,64.2559,,,,,,,,,,,,0.596,0.513,0.576,0.463,0
3.4,0.4095,-1.4603,62.337,-0.0,-0.0,64.3293,,,,,,,,,,,,0.596,0.513,0.576,0.463,0
3.42,0.4095,-1.4603,62.337,-0.0,-0.0,64.3293,,,,,,,,,,,,0.58,0.545,0.512,0.55,0
3.44,0.4095,-1.4603,62.337,-0.0,-0.0,64.3293,,,,,,,,,,,,0.58,0.545,0.512,0.55,0
3.46,0.4095,-1.4603,62.337,-0.0,-0.0,64.3293,,,,,,,,,,,,0.58,0.545,0.512,0.55,0
3.48,0.4095,-1.4603,62.337,-0.0,-0.0,64.3293,,,,,,,,,,,,0.58,0.545,0.512,0.55,0
3.5,0.6766,-2.5005,62.3051,-0.0,-0.0,64.3293,,,,,,,,,,,,0.58,0.545,0.512,0.55,0
3.52,0.6766,-2.5005,62.3051,-0.0,-0.0,64.3293,,,,,,,,,,,,0.634,0.498,0.548,0.537,0
3.54,0.6766,-2.5005,62.3051,-0.0,-0.0,64.3293,,,,,,,,,,,,0.634,0.498,0.548,0.537,0
3.56,0.6766,-2.5005,62.3051,-0.0,-0.0,64.3293,,,,,,,,,,,,0.634,0.498,0.548,0.537,0
3.58,0.6766,-2.5005,62.3051,-0.0,-0.0,64.3293,,,,,,,,,,,,0.634,0.498,0.548,0.537,0
3.6,-0.2071,-4.4551,61.7616,-0.0,-0.0,64.3293,,,,,,,,,,,,0.634,0.498,0.548,0.537,0
3.62,-0.2071,-4.4551,61.7616,-0.0,-0.0,64.3293,,,,,,,,,,,,0.598,0.556,0.584,0.485,0
3.64,-0.2071,-4.4551,61.7616,-0.0,-0.0,64.3293,,,,,,,,,,,,0.598,0.556,0.584,0.485,0
3.66,-0.2071,-4.4551,61.7616,-0.0,-0.0,64.3293,,,,,,,,,,,,0.598,0.556,0.584,0.485,0
3.68,-0.2071,-4.4551,61.7616,-0.0,-0.0,64.3293,,,,,,,,,,,,0.598,0.556,0.584,0.485,0
3.7,-0.4403,-6.175,60.99,-0.0,-0.0,64.3293,,,,,,,,,,,,0.598,0.556,0.584,0.485,0
3.72,-0.4403,-6.175,60.99,-0.0,-0.0,64.3293,,,,,,,,,,,,0.64,0.535,0.599,0.455,0
3.74,-0.4403,-6.175,60.99,-0.0,-0.0,64.3293,,,,,,,,,,,,0.64,0.535,0.599,0.455,0
3.76,-0.4403,-6.175,60.99,-0.0,-0.0,64.3293,,,,,,,,,,,,0.64,0.535,0.599,0.455,0
3.78,-0.4403,-6.175,60.99,-0.0,-0.0,64.3293,,,,,,,,,,,,0.64,0.535,0.599,0.455,0
3.8,-0.6081,-5.8279,60.5214,-0.0,0.0119,64.3293,,,,,,,,,,,,0.64,0.535,0.599,0.455,0
3.82,-0.6081,-5.8279,60.5214,-0.0,0.0119,64.3293,,,,,,,,,,,,0.605,0.566,0.527,0.533,0
3.84,-0.6081,-5.8279,60.5214,-0.0,0.0119,64.3293,,,,,,,,,,,,0.605,0.566,0.527,0.533,0
3.86,-0.6081,-5.8279,60.5214,-0.0,0.0119,64.3293,,,,,,,,,,,,0.605,0.566,0.527,0.533,0
3.88,-0.6081,-5.8279,60.5214,-0.0,0.0119,64.3293,,,,,,,,,,,,0.605,0.566,0.527,0.533,0
3.9,0.0463,-3.327,60.1077,-0.0,1.1997,64.3293,,,,,,,,,,,,0.605,0.566,0.527,0.533,0
3.92,0.0463,-3.327,60.1077,-0.0,1.1997,64.3293,,,,,,,,,,,,0.572,0.601,0.553,0.494,0
3.94,0.0463,-3.327,60.1077,-0.0,1.1997,64.3293,,,,,,,,,,,,0.572,0.601,0.553,0.494,0
3.96,0.0463,-3.327,60.1077,-0.0,1.1997,64.3293,,,,,,,,,,,,0.572,0.601,0.553,0.494,0
3.98,0.0463,-3.327,60.1077,-0.0,1.1997,64.3293,,,,,,,,,,,,0.572,0.601,0.553,0.494,0
4.0,-0.6485,0.2534,59.6948,-0.0,2.0412,64.3293,,,,,,,,,,,,0.572,0.601,0.553,0.494,0
4.02,-0.6485,0.2534,59.6948,-0.0,2.0412,64.3293,,,,,,,,,,,,0.552,0.623,0.584,0.455,0
4.04,-0.6485,0.2534,59.6948,-0.0,2.0412,64.3293,,,,,,,,,,,,0.552,0.623,0.584,0.455,0
4.06,-0.6485,0.2534,59.6948,-0.0,2.0412,64.3293,,,,,,,,,,,,0.552,0.623,0.584,0.455,0
4.08,-0.6485,0.2534,59.6948,-0.0,2.0412,64.3293,,,,,,,,,,,,0.552,0.623,0.584,0.455,0
4.1,-0.6522,2.3355,60.0663,-0.0,2.1283,64.3293,,,,,,,,,,,,0.552,0.623,0.584,0.455,0
4.12,-0.6522,2.3355,60.0663,-0.0,2.1283,64.3293,,,,,,,,,,,,0.632,0.533,0.488,0.574,0
4.14,-0.6522,2.3355,60.0663,-0.0,2.1283,64.3293,,,,,,,,,,,,0.632,0.533,0.488,0.574,0
4.16,-0.6522,2.3355,60.0663,-0.0,2.1283,64.3293,,,,,,,,,,,,0.632,0.533,0.488,0.574,0
4.18,-0.6522,2.3355,60.0663,-0.0,2.1283,64.3293,,,,,,,,,,,,0.632,0.533,0.488,0.574,0
4.2,0.061,2.0554,60.6979,-0.0,1.7231,64.3294,,,,,,,,,,,,0.632,0.533,0.488,0.574,0
4.22,0.061,2.0554,60.6979,-0.0,1.7231,64.3294,,,,,,,,,,,,0.653,0.505,0.585,0.495,0
4.24,0.061,2.0554,60.6979,-0.0,1.7231,64.3294,,,,,,,,,,,,0.653,0.505,0.585,0.495,0
4.26,0.061,2.0554,60.6979,-0.0,1.7231,64.3294,,,,,,,,,,,,0.653,0.505,0.585,0.495,0
4.28,0.061,2.0554,60.6979,-0.0,1.7231,64.3294,,,,,,,,,,,,0.653,0.505,0.585,0.495,0
4.3,-1.5193,-3.1714,61.8341,-0.0,1.0091,64.3294,,,,,,,,,,,,0.653,0.505,0.585,0.495,0
4.32,-1.5193,-3.1714,61.8341,-0.0,1.0091,64.3294,,,,,,,,,,,,0.651,0.497,0.671,0.418,0
4.34,-1.5193,-3.1714,61.8341,-0.0,1.0091,64.3294,,,,,,,,,,,,0.651,0.497,0.671,0.418,0
4.36,-1.5193,-3.1714,61.8341,-0.0,1.0091,64.3294,,,,,,,,,,,,0.651,0.497,0.671,0.418,0
4.38,-1.5193,-3.1714,61.8341,-0.0,1.0091,64.3294,,,,,,,,,,,,0.651,0.497,0.671,0.418,0
4.4,-0.6828,-6.8837,64.2209,-0.0,0.5152,64.3294,,,,,,,,,,,,0.651,0.497,0.671,0.418,0
4.42,-0.6828,-6.8837,64.2209,-0.0,0.5152,64.3294,,,,,,,,,,,,0.687,0.405,0.582,0.588,0
4.44,-0.6828,-6.8837,64.2209,-0.0,0.5152,64.3294,,,,,,,,,,,,0.687,0.405,0.582,0.588,0
4.46,-0.6828,-6.8837,64.2209,-0.0,0.5152,64.3294,,,,,,,,,,,,0.687,0.405,0.582,0.588,0
4.48,-0.6828,-6.8837,64.2209,-0.0,0.5152,64.3294,,,,,,,,,,,,0.687,0.405,0.582,0.588,0
4.5,1.8579,-4.6822,67.6804,-0.0,0.263,64.3294,,,,,,,,,,,,0.687,0.405,0.582,0.588,0
4.52,1.8579,-4.6822,67.6804,-0.0,0.263,64.3294,,,,,,,,,,,,0.475,0.572,0.592,0.645,0
4.54,1.8579,-4.6822,67.6804,-0.0,0.263,64.3294,,,,,,,,,,,,0.475,0.572,0.592,0.645,0
4.56,1.8579,-4.6822,67.6804,-0.0,0.263,64.3294,,,,,,,,,,,,0.475,0.572,0.592,0.645,0
4.58,1.8579,-4.6822,67.6804,-0.0,0.263,64.3294,,,,,,,,,,,,0.475,0.572,0.592,0.645,0
4.6,1.7158,3.0243,70.3775,-0.0,0.1553,64.3294,,,,,,,,,,,,0.475,0.572,0.592,0.645,0
4.62,1.7158,3.0243,70.3775,-0.0,0.1553,64.3294,,,,,,,,,,,,0.426,0.592,0.589,0.675,0
4.64,1.7158,3.0243,70.3775,-0.0,0.1553,64.3294,,,,,,,,,,,,0.426,0.592,0.589,0.675,0
4.66,1.7158,3.0243,70.3775,-0.0,0.1553,64.3294,,,,,,,,,,,,0.426,0.592,0.589,0.675,0
4.68,1.7158,3.0243,70.3775,-0.0,0.1553,64.3294,,,,,,,,,,,,0.426,0.592,0.589,0.675,0
4.7,-1.1489,6.1446,71.4114,-0.0,0.172,64.3294,,,,,,,,,,,,0.426,0.592,0.589,0.675,0
4.72,-1.1489,6.1446,71.4114,-0.0,0.172,64.3294,,,,,,,,,,,,0.509,0.53,0.683,0.575,0
4.74,-1.1489,6.1446,71.4114,-0.0,0.172,64.3294,,,,,,,,,,,,0.509,0.53,0.683,0.575,0
4.76,-1.1489,6.1446,71.4114,-0.0,0.172,64.3294,,,,,,,,,,,,0.509,0.53,0.683,0.575,0
4.78,-1.1489,6.1446,71.4114,-0.0,0.172,64.3294,,,,,,,,,,,,0.509,0.53,0.683,0.575,0
4.8,-2.1384,3.7899,71.2885,-0.0,0.0894,64.3294,,,,,,,,,,,,0.509,0.53,0.683,0.575,0
4.82,-2.1384,3.7899,71.2885,-0.0,0.0894,64.3294,,,,,,,,,,,,0.541,0.533,0.703,0.531,0
4.84,-2.1384,3.7899,71.2885,-0.0,0.0894,64.3294,,,,,,,,,,,,0.541,0.533,0.703,0.531,0
4.86,-2.1384,3.7899,71.2885,-0.0,0.0894,64.3294,,,,,,,,,,,,0.541,0.533,0.703,0.531,0
4.88,-2.1384,3.7899,71.2885,-0.0,0.0894,64.3294,,,,,,,,,,,,0.541,0.533,0.703,0.531,0
4.9,0.0017,1.6429,70.5402,-0.0,0.0456,64.3294,,,,,,,,,,,,0.541,0.533,0.703,0.531,0
4.92,0.0017,1.6429,70.5402,-0.0,0.0456,64.3294,,,,,,,,,,,,0.519,0.584,0.63,0.596,0
4.94,0.0017,1.6429,70.5402,-0.0,0.0456,64.3294,,,,,,,,,,,,0.519,0.584,0.63,0.596,0
4.96,0.0017,1.6429,70.5402,-0.0,0.0456,64.3294,,,,,,,,,,,,0.519,0.584,0.63,0.596,0
4.98,0.0017,1.6429,70.5402,-0.0,0.0456,64.3294,,,,,,,,,,,,0.519,0.584,0.63,0.596,0
5.0,1.6857,2.4333,69.5474,-0.0,0.0233,64.3294,,,,,,,,,,,,0.519,0.584,0.63,0.596,0
5.02,1.6857,2.4333,69.5474,-0.0,0.0233,64.3294,,,,,,,,,,,,0.577,0.553,0.539,0.662,0
5.04,1.6857,2.4333,69.5474,-0.0,0.0233,64.3294,,,,,,,,,,,,0.577,0.553,0.539,0.662,0
5.06,1.6857,2.4333,69.5474,-0.0,0.0233,64.3294,,,,,,,,,,,,0.577,0.553,0.539,0.662,0
5.08,1.6857,2.4333,69.5474,-0.0,0.0233,64.3294,,,,,,,,,,,,0.577,0.553,0.539,0.662,0
5.1,-1.167,1.6536,68.0701,-0.0,0.0119,64.3294,,,,,,,,,,,,0.577,0.553,0.539,0.662,0
5.12,-1.167,1.6536,68.0701,-0.0,0.0119,64.3294,,,,,,,,,,,,0.532,0.638,0.677,0.509,0
5.14,-1.167,1.6536,68.0701,-0.0,0.0119,64.3294,,,,,,,,,,,,0.532,0.638,0.677,0.509,0
5.16,-1.167,1.6536,68.0701,-0.0,0.0119,64.3294,,,,,,,,,,,,0.532,0.638,0.677,0.509,0
5.18,-1.167,1.6536,68.0701,-0.0,0.0119,64.3294,,,,,,,,,,,,0.532,0.638,0.677,0.509,0
5.2,0.3696,3.1832,65.5968,-0.0,0.0061,64.3294,,,,,,,,,,,,0.532,0.638,0.677,0.509,0
5.22,0.3696,3.1832,65.5968,-0.0,0.0061,64.3294,,,,,,,,,,,,0.64,0.583,0.442,0.697,0
5.24,0.3696,3.1832,65.5968,-0.0,0.0061,64.3294,,,,,,,,,,,,0.64,0.583,0.442,0.697,0
5.26,0.3696,3.1832,65.5968,-0.0,0.0061,64.3294,,,,,,,,,,,,0.64,0.583,0.442,0.697,0
5.28,0.3696,3.1832,65.5968,-0.0,0.0061,64.3294,,,,,,,,,,,,0.64,0.583,0.442,0.697,0
5.3,2.2132,2.5641,63.3428,-0.0,0.0031,64.3294,,,,,,,,,,,,0.64,0.583,0.442,0.697,0
5.32,2.2132,2.5641,63.3428,-0.0,0.0031,64.3294,,,,,,,,,,,,0.638,0.64,0.656,0.504,0
5.34,2.2132,2.5641,63.3428,-0.0,0.0031,64.3294,,,,,,,,,,,,0.638,0.64,0.656,0.504,0
5.36,2.2132,2.5641,63.3428,-0.0,0.0031,64.3294,,,,,,,,,,,,0.638,0.64,0.656,0.504,0
5.38,2.2132,2.5641,63.3428,-0.0,0.0031,64.3294,,,,,,,,,,,,0.638,0.64,0.656,0.504,0
5.4,-0.1955,1.7729,62.2515,-0.0,0.0016,64.3294,,,,,,,,,,,,0.638,0.64,0.656,0.504,0
5.42,-0.1955,1.7729,62.2515,-0.0,0.0016,64.3294,,,,,,,,,,,,0.632,0.65,0.596,0.575,0
5.44,-0.1955,1.7729,62.2515,-0.0,0.0016,64.3294,,,,,,,,,,,,0.632,0.65,0.596,0.575,0
5.46,-0.1955,1.7729,62.2515,-0.0,0.0016,64.3294,,,,,,,,,,,,0.632,0.65,0.596,0.575,0
5.48,-0.1955,1.7729,62.2515,-0.0,0.0016,64.3294,,,,,,,,,,,,0.632,0.65,0.596,0.575,0
5.5,-2.4138,1.3158,61.0772,-0.0,0.0008,64.3294,,,,,,,,,,,,0.632,0.65,0.596,0.575,0
5.52,-2.4138,1.3158,61.0772,-0.0,0.0008,64.3294,,,,,,,,,,,,0.667,0.625,0.536,0.628,0
5.54,-2.4138,1.3158,61.0772,-0.0,0.0008,64.3294,,,,,,,,,,,,0.667,0.625,0.536,0.628,0
5.56,-2.4138,1.3158,61.0772,-0.0,0.0008,64.3294,,,,,,,,,,,,0.667,0.625,0.536,0.628,0
5.58,-2.4138,1.3158,61.0772,-0.0,0.0008,64.3294,,,,,,,,,,,,0.667,0.625,0.536,0.628,0
5.6,-1.5254,0.3669,60.3509,-0.0,0.0004,64.3294,,,,,,,,,,,,0.667,0.625,0.536,0.628,0
5.62,-1.5254,0.3669,60.3509,-0.0,0.0004,64.3294,,,,,,,,,,,,0.681,0.614,0.599,0.563,0
5.64,-1.5254,0.3669,60.3509,-0.0,0.0004,64.3294,,,,,,,,,,,,0.681,0.614,0.599,0.563,0
5.66,-1.5254,0.3669,60.3509,-0.0,0.0004,64.3294,,,,,,,,,,,,0.681,0.614,0.599,0.563,0
5.68,-1.5254,0.3669,60.3509,-0.0,0.0004,64.3294,,,,,,,,,,,,0.681,0.614,0.599,0.563,0
5.7,2.5564,0.1062,59.9921,-0.0,0.0004,64.3294,,,,,,,,,,,,0.681,0.614,0.599,0.563,0
5.72,2.5564,0.1062,59.9921,-0.0,0.0004,64.3294,,,,,,,,,,,,0.683,0.607,0.525,0.638,0
5.74,2.5564,0.1062,59.9921,-0.0,0.0004,64.3294,,,,,,,,,,,,0.683,0.607,0.525,0.638,0
5.76,2.5564,0.1062,59.9921,-0.0,0.0004,64.3294,,,,,,,,,,,,0.683,0.607,0.525,0.638,0
5.78,2.5564,0.1062,59.9921,-0.0,0.0004,64.3294,,,,,,,,,,,,0.683,0.607,0.525,0.638,0
5.8,4.4005,1.2834,60.1394,0.0207,0.0003,64.3293,,,,,,,,,,,,0.683,0.607,0.525,0.638,0
5.82,4.4005,1.2834,60.1394,0.0207,0.0003,64.3293,,,,,,,,,,,,0.653,0.633,0.474,0.681,0
5.84,4.4005,1.2834,60.1394,0.0207,0.0003,64.3293,,,,,,,,,,,,0.653,0.633,0.474,0.681,0
5.86,4.4005,1.2834,60.1394,0.0207,0.0003,64.3293,,,,,,,,,,,,0.653,0.633,0.474,0.681,0
5.88,4.4005,1.2834,60.1394,0.0207,0.0003,64.3293,,,,,,,,,,,,0.653,0.633,0.474,0.681,0
5.9,2.5686,1.3776,60.5827,0.6899,0.0002,64.3294,,,,,,,,,,,,0.653,0.633,0.474,0.681,0
5.92,2.5686,1.3776,60.5827,0.6899,0.0002,64.3294,,,,,,,,,,,,0.623,0.647,0.624,0.553,0
5.94,2.5686,1.3776,60.5827,0.6899,0.0002,64.3294,,,,,,,,,,,,0.623,0.647,0.624,0.553,0
5.96,2.5686,1.3776,60.5827,0.6899,0.0002,64.3294,,,,,,,,,,,,0.623,0.647,0.624,0.553,0
5.98,2.5686,1.3776,60.5827,0.6899,0.0002,64.3294,,,,,,,,,,,,0.623,0.647,0.624,0.553,0
6.0,0.3497,0.2434,60.8721,2.1167,0.0001,64.3293,,,,,,,,,,,,0.623,0.647,0.624,0.553,0
6.02,0.3497,0.2434,60.8721,2.1167,0.0001,64.3293,,,,,,,,,,,,0.629,0.635,0.621,0.56,0
6.04,0.3497,0.2434,60.8721,2.1167,0.0001,64.3293,,,,,,,,,,,,0.629,0.635,0.621,0.56,0
6.06,0.3497,0.2434,60.8721,2.1167,0.0001,64.3293,,,,,,,,,,,,0.629,0.635,0.621,0.56,0
6.08,0.3497,0.2434,60.8721,2.1167,0.0001,64.3293,,,,,,,,,,,,0.629,0.635,0.621,0.56,0
6.1,2.8815,-0.7149,61.1487,3.656,0.0,64.3294,,,,,,,,,,,,0.629,0.635,0.621,0.56,0
6.12,2.8815,-0.7149,61.1487,3.656,0.0,64.3294,,,,,,,,,,,,0.631,0.626,0.573,0.614,0
6.14,2.8815,-0.7149,61.1487,3.656,0.0,64.3294,,,,,,,,,,,,0.631,0.626,0.573,0.614,0
6.16,2.8815,-0.7149,61.1487,3.656,0.0,64.3294,,,,,,,,,,,,0.631,0.626,0.573,0.614,0
6.18,2.8815,-0.7149,61.1487,3.656,0.0,64.3294,,,,,,,,,,,,0.631,0.626,0.573,0.614,0
6.2,8.0191,-0.3617,61.8807,4.9417,0.0,64.3293,,,,,,,,,,,,0.631,0.626,0.573,0.614,0
6.22,8.0191,-0.3617,61.8807,4.9417,0.0,64.3293,,,,,,,,,,,,0.669,0.555,0.619,0.562,0
6.24,8.0191,-0.3617,61.8807,4.9417,0.0,64.3293,,,,,,,,,,,,0.669,0.555,0.619,0.562,0
6.26,8.0191,-0.3617,61.8807,4.9417,0.0,64.3293,,,,,,,,,,,,0.669,0.555,0.619,0.562,0
6.28,8.0191,-0.3617,61.8807,4.9417,0.0,64.3293,,,,,,,,,,,,0.669,0.555,0.619,0.562,0
6.3,8.2569,0.2058,62.88,6.0375,0.0,64.3293,,,,,,,,,,,,0.669,0.555,0.619,0.562,0
6.32,8.2569,0.2058,62.88,6.0375,0.0,64.3293,,,,,,,,,,,,0.643,0.561,0.594,0.6,0
6.34,8.2569,0.2058,62.88,6.0375,0.0,64.3293,,,,,,,,,,,,0.643,0.561,0.594,0.6,0
6.36,8.2569,0.2058,62.88,6.0375,0.0,64.3293,,,,,,,,,,,,0.643,0.561,0.594,0.6,0
6.38,8.2569,0.2058,62.88,6.0375,0.0,64.3293,,,,,,,,,,,,0.643,0.561,0.594,0.6,0
6.4,6.9538,-0.4083,63.2267,6.9171,0.0,64.3293,,,,,,,,,,,,0.643,0.561,0.594,0.6,0
6.42,6.9538,-0.4083,63.2267,6.9171,0.0,64.3293,,,,,,,,,,,,0.621,0.577,0.624,0.565,0
6.44,6.9538,-0.4083,63.2267,6.9171,0.0,64.3293,,,,,,,,,,,,0.621,0.577,0.624,0.565,0
6.46,6.9538,-0.4083,63.2267,6.9171,0.0,64.3293,,,,,,,,,,,,0.621,0.577,0.624,0.565,0
6.48,6.9538,-0.4083,63.2267,6.9171,0.0,64.3293,,,,,,,,,,,,0.621,0.577,0.624,0.565,0
6.5,9.3296,-1.1766,63.3853,7.4599,0.0,64.3293,,,,,,,,,,,,0.621,0.577,0.624,0.565,0
6.52,9.3296,-1.1766,63.3853,7.4599,0.0,64.3293,,,,,,,,,,,,0.688,0.505,0.546,0.644,0
6.54,9.3296,-1.1766,63.3853,7.4599,0.0,64.3293,,,,,,,,,,,,0.688,0.505,0.546,0.644,0
6.56,9.3296,-1.1766,63.3853,7.4599,0.0,64.3293,,,,,,,,,,,,0.688,0.505,0.546,0.644,0
6.58,9.3296,-1.1766,63.3853,7.4599,0.0,64.3293,,,,,,,,,,,,0.688,0.505,0.546,0.644,0
6.6,11.2732,-0.6504,63.4737,7.7042,0.0,64.3293,,,,,,,,,,,,0.688,0.505,0.546,0.644,0
6.62,11.2732,-0.6504,63.4737,7.7042,0.0,64.3293,,,,,,,,,,,,0.622,0.589,0.586,0.611,0
6.64,11.2732,-0.6504,63.4737,7.7042,0.0,64.3293,,,,,,,,,,,,0.622,0.589,0.586,0.611,0
6.66,11.2732,-0.6504,63.4737,7.7042,0.0,64.3293,,,,,,,,,,,,0.622,0.589,0.586,0.611,0
6.68,11.2732,-0.6504,63.4737,7.7042,0.0,64.3293,,,,,,,,,,,,0.622,0.589,0.586,0.611,0
6.7,9.2249,-0.2712,63.5828,7.6376,0.0,64.3294,,,,,,,,,,,,0.622,0.589,0.586,0.611,0
6.72,9.2249,-0.2712,63.5828,7.6376,0.0,64.3294,,,,,,,,,,,,0.536,0.668,0.676,0.511,0
6.74,9.2249,-0.2712,63.5828,7.6376,0.0,64.3294,,,,,,,,,,,,0.536,0.668,0.676,0.511,0
6.76,9.2249,-0.2712,63.5828,7.6376,0.0,64.3294,,,,,,,,,,,,0.536,0.668,0.676,0.511,0
6.78,9.2249,-0.2712,63.5828,7.6376,0.0,64.3294,,,,,,,,,,,,0.536,0.668,0.676,0.511,0
6.8,5.7764,0.5045,63.737,6.9422,0.0,64.3294,,,,,,,,,,,,0.536,0.668,0.676,0.511,0
6.82,5.7764,0.5045,63.737,6.9422,0.0,64.3294,,,,,,,,,,,,0.609,0.597,0.577,0.616,0
6.84,5.7764,0.5045,63.737,6.9422,0.0,64.3294,,,,,,,,,,,,0.609,0.597,0.577,0.616,0
6.86,5.7764,0.5045,63.737,6.9422,0.0,64.3294,,,,,,,,,,,,0.609,0.597,0.577,0.616,0
6.88,5.7764,0.5045,63.737,6.9422,0.0,64.3294,,,,,,,,,,,,0.609,0.597,0.577,0.616,0
6.9,1.1962,0.0393,63.9856,4.2568,0.0,64.3293,,,,,,,,,,,,0.609,0.597,0.577,0.616,0
6.92,1.1962,0.0393,63.9856,4.2568,0.0,64.3293,,,,,,,,,,,,0.529,0.663,0.661,0.533,0
6.94,1.1962,0.0393,63.9856,4.2568,0.0,64.3293,,,,,,,,,,,,0.529,0.663,0.661,0.533,0
6.96,1.1962,0.0393,63.9856,4.2568,0.0,64.3293,,,,,,,,,,,,0.529,0.663,0.661,0.533,0
6.98,1.1962,0.0393,63.9856,4.2568,0.0,64.3293,,,,,,,,,,,,0.529,0.663,0.661,0.533,0
7.0,-2.6063,0.3917,64.6769,2.1733,0.0,64.3902,,,,,,,,,,,,0.529,0.663,0.661,0.533,0
7.02,-2.6063,0.3917,64.6769,2.1733,0.0,64.3902,,,,,,,,,,,,0.566,0.618,0.664,0.543,0
7.04,-2.6063,0.3917,64.6769,2.1733,0.0,64.3902,,,,,,,,,,,,0.566,0.618,0.664,0.543,0
7.06,-2.6063,0.3917,64.6769,2.1733,0.0,64.3902,,,,,,,,,,,,0.566,0.618,0.664,0.543,0
7.08,-2.6063,0.3917,64.6769,2.1733,0.0,64.3902,,,,,,,,,,,,0.566,0.618,0.664,0.543,0
7.1,-3.7712,-0.2178,65.8079,1.1096,0.0003,66.124,,,,,,,,,,,,0.566,0.618,0.664,0.543,0
7.12,-3.7712,-0.2178,65.8079,1.1096,0.0003,66.124,,,,,,,,,,,,0.666,0.536,0.601,0.58,0
7.14,-3.7712,-0.2178,65.8079,1.1096,0.0003,66.124,,,,,,,,,,,,0.666,0.536,0.601,0.58,0
7.16,-3.7712,-0.2178,65.8079,1.1096,0.0003,66.124,,,,,,,,,,,,0.666,0.536,0.601,0.58,0
7.18,-3.7712,-0.2178,65.8079,1.1096,0.0003,66.124,,,,,,,,,,,,0.666,0.536,0.601,0.58,0
7.2,-2.2558,-0.9521,67.3291,0.5665,0.0005,70.3493,,,,,,,,,,,,0.666,0.536,0.601,0.58,0
7.22,-2.2558,-0.9521,67.3291,0.5665,0.0005,70.3493,,,,,,,,,,,,0.674,0.598,0.546,0.559,0
7.24,-2.2558,-0.9521,67.3291,0.5665,0.0005,70.3493,,,,,,,,,,,,0.674,0.598,0.546,0.559,0
7.26,-2.2558,-0.9521,67.3291,0.5665,0.0005,70.3493,,,,,,,,,,,,0.674,0.598,0.546,0.559,0
7.28,-2.2558,-0.9521,67.3291,0.5665,0.0005,70.3493,,,,,,,,,,,,0.674,0.598,0.546,0.559,0
7.3,-0.2988,-0.4164,69.7518,0.2892,0.0004,74.0493,,,,,,,,,,,,0.674,0.598,0.546,0.559,0
7.32,-0.2988,-0.4164,69.7518,0.2892,0.0004,74.0493,,,,,,,,,,,,0.645,0.631,0.44,0.647,0
7.34,-0.2988,-0.4164,69.7518,0.2892,0.0004,74.0493,,,,,,,,,,,,0.645,0.631,0.44,0.647,0
7.36,-0.2988,-0.4164,69.7518,0.2892,0.0004,74.0493,,,,,,,,,,,,0.645,0.631,0.44,0.647,0
7.38,-0.2988,-0.4164,69.7518,0.2892,0.0004,74.0493,,,,,,,,,,,,0.645,0.631,0.44,0.647,0
7.4,-0.1983,1.6707,73.6777,0.1477,0.0003,76.2927,,,,,,,,,,,,0.645,0.631,0.44,0.647,0
7.42,-0.1983,1.6707,73.6777,0.1477,0.0003,76.2927,,,,,,,,,,,,0.558,0.657,0.503,0.662,0
7.44,-0.1983,1.6707,73.6777,0.1477,0.0003,76.2927,,,,,,,,,,,,0.558,0.657,0.503,0.662,0
7.46,-0.1983,1.6707,73.6777,0.1477,0.0003,76.2927,,,,,,,,,,,,0.558,0.657,0.503,0.662,0
7.48,-0.1983,1.6707,73.6777,0.1477,0.0003,76.2927,,,,,,,,,,,,0.558,0.657,0.503,0.662,0
7.5,-2.4952,2.2591,78.1726,0.0754,0.0001,76.6352,,,,,,,,,,,,0.558,0.657,0.503,0.662,0
7.52,-2.4952,2.2591,78.1726,0.0754,0.0001,76.6352,,,,,,,,,,,,0.544,0.58,0.628,0.644,0
7.54,-2.4952,2.2591,78.1726,0.0754,0.0001,76.6352,,,,,,,,,,,,0.544,0.58,0.628,0.644,0
7.56,-2.4952,2.2591,78.1726,0.0754,0.0001,76.6352,,,,,,,,,,,,0.544,0.58,0.628,0.644,0
7.58,-2.4952,2.2591,78.1726,0.0754,0.0001,76.6352,,,,,,,,,,,,0.544,0.58,0.628,0.644,0
7.6,-3.2935,1.0574,81.966,0.0385,0.0001,76.6352,,,,,,,,,,,,0.544,0.58,0.628,0.644,0
7.62,-3.2935,1.0574,81.966,0.0385,0.0001,76.6352,,,,,,,,,,,,0.484,0.582,0.661,0.656,0
7.64,-3.2935,1.0574,81.966,0.0385,0.0001,76.6352,,,,,,,,,,,,0.484,0.582,0.661,0.656,0
7.66,-3.2935,1.0574,81.966,0.0385,0.0001,76.6352,,,,,,,,,,,,0.484,0.582,0.661,0.656,0
7.68,-3.2935,1.0574,81.966,0.0385,0.0001,76.6352,,,,,,,,,,,,0.484,0.582,0.661,0.656,0
7.7,0.3521,1.704,84.4527,0.0196,0.0,76.6352,,,,,,,,,,,,0.484,0.582,0.661,0.656,0
7.72,0.3521,1.704,84.4527,0.0196,0.0,76.6352,,,,,,,,,,,,0.55,0.501,0.605,0.718,0
7.74,0.3521,1.704,84.4527,0.0196,0.0,76.6352,,,,,,,,,,,,0.55,0.501,0.605,0.718,0
7.76,0.3521,1.704,84.4527,0.0196,0.0,76.6352,,,,,,,,,,,,0.55,0.501,0.605,0.718,0
7.78,0.3521,1.704,84.4527,0.0196,0.0,76.6352,,,,,,,,,,,,0.55,0.501,0.605,0.718,0
7.8,2.6611,4.6858,85.5115,0.01,0.0,76.6352,,,,,,,,,,,,0.55,0.501,0.605,0.718,0
7.82,2.6611,4.6858,85.5115,0.01,0.0,76.6352,,,,,,,,,,,,0.582,0.485,0.514,0.778,0
7.84,2.6611,4.6858,85.5115,0.01,0.0,76.6352,,,,,,,,,,,,0.582,0.485,0.514,0.778,0
7.86,2.6611,4.6858,85.5115,0.01,0.0,76.6352,,,,,,,,,,,,0.582,0.485,0.514,0.778,0
7.88,2.6611,4.6858,85.5115,0.01,0.0,76.6352,,,,,,,,,,,,0.582,0.485,0.514,0.778,0
7.9,1.4543,4.6745,85.7149,0.0051,0.0,76.6087,,,,,,,,,,,,0.582,0.485,0.514,0.778,0
7.92,1.4543,4.6745,85.7149,0.0051,0.0,76.6087,,,,,,,,,,,,0.481,0.6,0.732,0.559,0
7.94,1.4543,4.6745,85.7149,0.0051,0.0,76.6087,,,,,,,,,,,,0.481,0.6,0.732,0.559,0
7.96,1.4543,4.6745,85.7149,0.0051,0.0,76.6087,,,,,,,,,,,,0.481,0.6,0.732,0.559,0
7.98,1.4543,4.6745,85.7149,0.0051,0.0,76.6087,,,,,,,,,,,,0.481,0.6,0.732,0.559,0
8.0,-1.1947,1.9329,85.1579,0.0026,0.0,75.9072,,,,,,,,,,,,0.481,0.6,0.732,0.559,0
8.02,-1.1947,1.9329,85.1579,0.0026,0.0,75.9072,,,,,,,,,,,,0.51,0.578,0.732,0.552,0
8.04,-1.1947,1.9329,85.1579,0.0026,0.0,75.9072,,,,,,,,,,,,0.51,0.578,0.732,0.552,0
8.06,-1.1947,1.9329,85.1579,0.0026,0.0,75.9072,,,,,,,,,,,,0.51,0.578,0.732,0.552,0
8.08,-1.1947,1.9329,85.1579,0.0026,0.0,75.9072,,,,,,,,,,,,0.51,0.578,0.732,0.552,0
8.1,-1.9434,0.2284,83.53,0.0013,0.0,75.1016,,,,,,,,,,,,0.51,0.578,0.732,0.552,0
8.12,-1.9434,0.2284,83.53,0.0013,0.0,75.1016,,,,,,,,,,,,0.553,0.56,0.679,0.595,0
8.14,-1.9434,0.2284,83.53,0.0013,0.0,75.1016,,,,,,,,,,,,0.553,0.56,0.679,0.595,0
8.16,-1.9434,0.2284,83.53,0.0013,0.0,75.1016,,,,,,,,,,,,0.553,0.56,0.679,0.595,0
8.18,-1.9434,0.2284,83.53,0.0013,0.0,75.1016,,,,,,,,,,,,0.553,0.56,0.679,0.595,0
8.2,-1.4063,1.0329,81.0248,0.0007,0.0,75.0599,,,,,,,,,,,,0.553,0.56,0.679,0.595,0
8.22,-1.4063,1.0329,81.0248,0.0007,0.0,75.0599,,,,,,,,,,,,0.56,0.604,0.587,0.64,0
8.24,-1.4063,1.0329,81.0248,0.0007,0.0,75.0599,,,,,,,,,,,,0.56,0.604,0.587,0.64,0
8.26,-1.4063,1.0329,81.0248,0.0007,0.0,75.0599,,,,,,,,,,,,0.56,0.604,0.587,0.64,0
8.28,-1.4063,1.0329,81.0248,0.0007,0.0,75.0599,,,,,,,,,,,,0.56,0.604,0.587,0.64,0
8.3,-1.4614,1.9763,77.9383,0.0004,0.0099,75.0599,,,,,,,,,,,,0.56,0.604,0.587,0.64,0
8.32,-1.4614,1.9763,77.9383,0.0004,0.0099,75.0599,,,,,,,,,,,,0.586,0.628,0.627,0.553,0
8.34,-1.4614,1.9763,77.9383,0.0004,0.0099,75.0599,,,,,,,,,,,,0.586,0.628,0.627,0.553,0
8.36,-1.4614,1.9763,77.9383,0.0004,0.0099,75.0599,,,,,,,,,,,,0.586,0.628,0.627,0.553,0
8.38,-1.4614,1.9763,77.9383,0.0004,0.0099,75.0599,,,,,,,,,,,,0.586,0.628,0.627,0.553,0
8.4,-1.6505,0.9309,74.959,0.0002,1.0552,75.0599,,,,,,,,,,,,0.586,0.628,0.627,0.553,0
8.42,-1.6505,0.9309,74.959,0.0002,1.0552,75.0599,,,,,,,,,,,,0.655,0.599,0.573,0.569,0
8.44,-1.6505,0.9309,74.959,0.0002,1.0552,75.0599,,,,,,,,,,,,0.655,0.599,0.573,0.569,0
8.46,-1.6505,0.9309,74.959,0.0002,1.0552,75.0599,,,,,,,,,,,,0.655,0.599,0.573,0.569,0
8.48,-1.6505,0.9309,74.959,0.0002,1.0552,75.0599,,,,,,,,,,,,0.655,0.599,0.573,0.569,0
8.5,-0.9318,0.5409,72.2172,0.0001,2.1978,75.0599,,,,,,,,,,,,0.655,0.599,0.573,0.569,0
8.52,-0.9318,0.5409,72.2172,0.0001,2.1978,75.0599,,,,,,,,,,,,0.659,0.626,0.552,0.567,0
8.54,-0.9318,0.5409,72.2172,0.0001,2.1978,75.0599,,,,,,,,,,,,0.659,0.626,0.552,0.567,0
8.56,-0.9318,0.5409,72.2172,0.0001,2.1978,75.0599,,,,,,,,,,,,0.659,0.626,0.552,0.567,0
8.58,-0.9318,0.5409,72.2172,0.0001,2.1978,75.0599,,,,,,,,,,,,0.659,0.626,0.552,0.567,0
8.6,0.491,1.3828,70.1033,0.0001,3.0519,75.0599,,,,,,,,,,,,0.659,0.626,0.552,0.567,0
8.62,0.491,1.3828,70.1033,0.0001,3.0519,75.0599,,,,,,,,,,,,0.654,0.651,0.582,0.519,0
8.64,0.491,1.3828,70.1033,0.0001,3.0519,75.0599,,,,,,,,,,,,0.654,0.651,0.582,0.519,0
8.66,0.491,1.3828,70.1033,0.0001,3.0519,75.0599,,,,,,,,,,,,0.654,0.651,0.582,0.519,0
8.68,0.491,1.3828,70.1033,0.0001,3.0519,75.0599,,,,,,,,,,,,0.654,0.651,0.582,0.519,0
8.7,1.9105,2.5632,68.9094,-0.2726,3.9055,75.0599,,,,,,,,,,,,0.654,0.651,0.582,0.519,0
8.72,1.9105,2.5632,68.9094,-0.2726,3.9055,75.0599,,,,,,,,,,,,0.695,0.609,0.579,0.52,0
8.74,1.9105,2.5632,68.9094,-0.2726,3.9055,75.0599,,,,,,,,,,,,0.695,0.609,0.579,0.52,0
8.76,1.9105,2.5632,68.9094,-0.2726,3.9055,75.0599,,,,,,,,,,,,0.695,0.609,0.579,0.52,0
8.78,1.9105,2.5632,68.9094,-0.2726,3.9055,75.0599,,,,,,,,,,,,0.695,0.609,0.579,0.52,0
8.8,0.987,3.7461,68.2085,-0.5306,5.5161,75.0598,,,,,,,,,,,,0.695,0.609,0.579,0.52,0
8.82,0.987,3.7461,68.2085,-0.5306,5.5161,75.0598,,,,,,,,,,,,0.658,0.647,0.537,0.567,0
8.84,0.987,3.7461,68.2085,-0.5306,5.5161,75.0598,,,,,,,,,,,,0.658,0.647,0.537,0.567,0
8.86,0.987,3.7461,68.2085,-0.5306,5.5161,75.0598,,,,,,,,,,,,0.658,0.647,0.537,0.567,0
8.88,0.987,3.7461,68.2085,-0.5306,5.5161,75.0598,,,,,,,,,,,,0.658,0.647,0.537,0.567,0
8.9,-0.9516,5.6752,67.9221,-0.6115,7.2458,75.0598,,,,,,,,,,,,0.658,0.647,0.537,0.567,0
8.92,-0.9516,5.6752,67.9221,-0.6115,7.2458,75.0598,,,,,,,,,,,,0.659,0.644,0.529,0.58,0
8.94,-0.9516,5.6752,67.9221,-0.6115,7.2458,75.0598,,,,,,,,,,,,0.659,0.644,0.529,0.58,0
8.96,-0.9516,5.6752,67.9221,-0.6115,7.2458,75.0598,,,,,,,,,,,,0.659,0.644,0.529,0.58,0
8.98,-0.9516,5.6752,67.9221,-0.6115,7.2458,75.0598,,,,,,,,,,,,0.659,0.644,0.529,0.58,0
9.0,-1.5109,7.1915,68.2009,-1.0651,8.4038,75.0596,,,,,,,,,,,,0.659,0.644,0.529,0.58,0
9.02,-1.5109,7.1915,68.2009,-1.0651,8.4038,75.0596,,,,,,,,,,,,0.667,0.624,0.545,0.575,0
9.04,-1.5109,7.1915,68.2009,-1.0651,8.4038,75.0596,,,,,,,,,,,,0.667,0.624,0.545,0.575,0
9.06,-1.5109,7.1915,68.2009,-1.0651,8.4038,75.0596,,,,,,,,,,,,0.667,0.624,0.545,0.575,0
9.08,-1.5109,7.1915,68.2009,-1.0651,8.4038,75.0596,,,,,,,,,,,,0.667,0.624,0.545,0.575,0
9.1,-1.4757,8.1678,68.6667,-1.6352,9.0926,75.0596,,,,,,,,,,,,0.667,0.624,0.545,0.575,0
9.12,-1.4757,8.1678,68.6667,-1.6352,9.0926,75.0596,,,,,,,,,,,,0.676,0.606,0.538,0.593,0
9.14,-1.4757,8.1678,68.6667,-1.6352,9.0926,75.0596,,,,,,,,,,,,0.676,0.606,0.538,0.593,0
9.16,-1.4757,8.1678,68.6667,-1.6352,9.0926,75.0596,,,,,,,,,,,,0.676,0.606,0.538,0.593,0
9.18,-1.4757,8.1678,68.6667,-1.6352,9.0926,75.0596,,,,,,,,,,,,0.676,0.606,0.538,0.593,0
9.2,-3.3636,9.0612,69.2692,-2.0224,9.4421,75.0595,,,,,,,,,,,,0.676,0.606,0.538,0.593,0
9.22,-3.3636,9.0612,69.2692,-2.0224,9.4421,75.0595,,,,,,,,,,,,0.64,0.637,0.578,0.566,0
9.24,-3.3636,9.0612,69.2692,-2.0224,9.4421,75.0595,,,,,,,,,,,,0.64,0.637,0.578,0.566,0
9.26,-3.3636,9.0612,69.2692,-2.0224,9.4421,75.0595,,,,,,,,,,,,0.64,0.637,0.578,0.566,0
9.28,-3.3636,9.0612,69.2692,-2.0224,9.4421,75.0595,,,,,,,,,,,,0.64,0.637,0.578,0.566,0
9.3,-4.7186,8.9341,70.1433,-2.4461,9.631,75.0901,,,,,,,,,,,,0.64,0.637,0.578,0.566,0
9.32,-4.7186,8.9341,70.1433,-2.4461,9.631,75.0901,,,,,,,,,,,,0.624,0.642,0.611,0.54,0
9.34,-4.7186,8.9341,70.1433,-2.4461,9.631,75.0901,,,,,,,,,,,,0.624,0.642,0.611,0.54,0
9.36,-4.7186,8.9341,70.1433,-2.4461,9.631,75.0901,,,,,,,,,,,,0.624,0.642,0.611,0.54,0
9.38,-4.7186,8.9341,70.1433,-2.4461,9.631,75.0901,,,,,,,,,,,,0.624,0.642,0.611,0.54,0
9.4,-3.882,8.1582,71.2298,-2.8361,9.7076,75.3215,,,,,,,,,,,,0.624,0.642,0.611,0.54,0
9.42,-3.882,8.1582,71.2298,-2.8361,9.7076,75.3215,,,,,,,,,,,,0.67,0.585,0.652,0.496,0
9.44,-3.882,8.1582,71.2298,-2.8361,9.7076,75.3215,,,,,,,,,,,,0.67,0.585,0.652,0.496,0
9.46,-3.882,8.1582,71.2298,-2.8361,9.7076,75.3215,,,,,,,,,,,,0.67,0.585,0.652,0.496,0
9.48,-3.882,8.1582,71.2298,-2.8361,9.7076,75.3215,,,,,,,,,,,,0.67,0.585,0.652,0.496,0
9.5,-2.1611,7.6995,72.4748,-3.1643,9.3669,75.4178,,,,,,,,,,,,0.67,0.585,0.652,0.496,0
9.52,-2.1611,7.6995,72.4748,-3.1643,9.3669,75.4178,,,,,,,,,,,,0.676,0.554,0.609,0.564,0
9.54,-2.1611,7.6995,72.4748,-3.1643,9.3669,75.4178,,,,,,,,,,,,0.676,0.554,0.609,0.564,0
9.56,-2.1611,7.6995,72.4748,-3.1643,9.3669,75.4178,,,,,,,,,,,,0.676,0.554,0.609,0.564,0
9.58,-2.1611,7.6995,72.4748,-3.1643,9.3669,75.4178,,,,,,,,,,,,0.676,0.554,0.609,0.564,0
9.6,-0.7542,7.9337,73.736,-3.3246,8.9329,75.4178,,,,,,,,,,,,0.676,0.554,0.609,0.564,0
9.62,-0.7542,7.9337,73.736,-3.3246,8.9329,75.4178,,,,,,,,,,,,0.648,0.569,0.586,0.604,0
9.64,-0.7542,7.9337,73.736,-3.3246,8.9329,75.4178,,,,,,,,,,,,0.648,0.569,0.586,0.604,0
9.66,-0.7542,7.9337,73.736,-3.3246,8.9329,75.4178,,,,,,,,,,,,0.648,0.569,0.586,0.604,0
9.68,-0.7542,7.9337,73.736,-3.3246,8.9329,75.4178,,,,,,,,,,,,0.648,0.569,0.586,0.604,0
9.7,-1.6255,7.7815,74.9394,-3.3018,8.2688,75.4178,,,,,,,,,,,,0.648,0.569,0.586,0.604,0
9.72,-1.6255,7.7815,74.9394,-3.3018,8.2688,75.4178,,,,,,,,,,,,0.582,0.607,0.554,0.633,0
9.74,-1.6255,7.7815,74.9394,-3.3018,8.2688,75.4178,,,,,,,,,,,,0.582,0.607,0.554,0.633,0
9.76,-1.6255,7.7815,74.9394,-3.3018,8.2688,75.4178,,,,,,,,,,,,0.582,0.607,0.554,0.633,0
9.78,-1.6255,7.7815,74.9394,-3.3018,8.2688,75.4178,,,,,,,,,,,,0.582,0.607,0.554,0.633,0
9.8,-2.9411,6.625,76.0834,-2.7963,8.4026,75.4179,,,,,,,,,,,,0.582,0.607,0.554,0.633,0
9.82,-2.9411,6.625,76.0834,-2.7963,8.4026,75.4179,,,,,,,,,,,,0.636,0.525,0.582,0.613,0
9.84,-2.9411,6.625,76.0834,-2.7963,8.4026,75.4179,,,,,,,,,,,,0.636,0.525,0.582,0.613,0
9.86,-2.9411,6.625,76.0834,-2.7963,8.4026,75.4179,,,,,,,,,,,,0.636,0.525,0.582,0.613,0
9.88,-2.9411,6.625,76.0834,-2.7963,8.4026,75.4179,,,,,,,,,,,,0.636,0.525,0.582,0.613,0
9.9,-2.9973,6.6136,76.8887,-2.176,9.7459,75.418,,,,,,,,,,,,0.636,0.525,0.582,0.613,0
9.92,-2.9973,6.6136,76.8887,-2.176,9.7459,75.418,,,,,,,,,,,,0.59,0.572,0.654,0.543,0
9.94,-2.9973,6.6136,76.8887,-2.176,9.7459,75.418,,,,,,,,,,,,0.59,0.572,0.654,0.543,0
9.96,-2.9973,6.6136,76.8887,-2.176,9.7459,75.418,,,,,,,,,,,,0.59,0.572,0.654,0.543,0
9.98,-2.9973,6.6136,76.8887,-2.176,9.7459,75.418,,,,,,,,,,,,0.59,0.572,0.654,0.543,0
10.0,-0.9132,8.9882,76.9819,-1.7597,10.5265,75.4181,,,,,,,,,,,,0.59,0.572,0.654,0.543,0
10.02,-0.9132,8.9882,76.9819,-1.7597,10.5265,75.4181,,,,,,,,,,,,0.6,0.576,0.562,0.637,0
10.04,-0.9132,8.9882,76.9819,-1.7597,10.5265,75.4181,,,,,,,,,,,,0.6,0.576,0.562,0.637,0
10.06,-0.9132,8.9882,76.9819,-1.7597,10.5265,75.4181,,,,,,,,,,,,0.6,0.576,0.562,0.637,0
10.08,-0.9132,8.9882,76.9819,-1.7597,10.5265,75.4181,,,,,,,,,,,,0.6,0.576,0.562,0.637,0
10.1,0.8392,10.7634,76.8991,-1.5723,10.8415,75.4181,,,,,,,,,,,,0.6,0.576,0.562,0.637,0
10.12,0.8392,10.7634,76.8991,-1.5723,10.8415,75.4181,,,,,,,,,,,,0.624,0.559,0.571,0.626,0
10.14,0.8392,10.7634,76.8991,-1.5723,10.8415,75.4181,,,,,,,,,,,,0.624,0.559,0.571,0.626,0
10.16,0.8392,10.7634,76.8991,-1.5723,10.8415,75.4181,,,,,,,,,,,,0.624,0.559,0.571,0.626,0
10.18,0.8392,10.7634,76.8991,-1.5723,10.8415,75.4181,,,,,,,,,,,,0.624,0.559,0.571,0.626,0
10.2,0.9509,9.7636,76.7222,-1.5258,10.8598,75.4181,,,,,,,,,,,,0.624,0.559,0.571,0.626,0
10.22,0.9509,9.7636,76.7222,-1.5258,10.8598,75.4181,,,,,,,,,,,,0.647,0.538,0.682,0.494,0
10.24,0.9509,9.7636,76.7222,-1.5258,10.8598,75.4181,,,,,,,,,,,,0.647,0.538,0.682,0.494,0
10.26,0.9509,9.7636,76.7222,-1.5258,10.8598,75.4181,,,,,,,,,,,,0.647,0.538,0.682,0.494,0
10.28,0.9509,9.7636,76.7222,-1.5258,10.8598,75.4181,,,,,,,,,,,,0.647,0.538,0.682,0.494,0
10.3,-1.9862,8.2658,76.6159,-1.2983,10.4905,75.4181,,,,,,,,,,,,0.647,0.538,0.682,0.494,0
10.32,-1.9862,8.2658,76.6159,-1.2983,10.4905,75.4181,,,,,,,,,,,,0.622,0.563,0.596,0.592,0
10.34,-1.9862,8.2658,76.6159,-1.2983,10.4905,75.4181,,,,,,,,,,,,0.622,0.563,0.596,0.592,0
10.36,-1.9862,8.2658,76.6159,-1.2983,10.4905,75.4181,,,,,,,,,,,,0.622,0.563,0.596,0.592,0
10.38,-1.9862,8.2658,76.6159,-1.2983,10.4905,75.4181,,,,,,,,,,,,0.622,0.563,0.596,0.592,0
10.4,-3.17,7.7838,76.7977,-1.2415,10.4323,75.4181,,,,,,,,,,,,0.622,0.563,0.596,0.592,0
10.42,-3.17,7.7838,76.7977,-1.2415,10.4323,75.4181,,,,,,,,,,,,0.611,0.572,0.617,0.573,0
10.44,-3.17,7.7838,76.7977,-1.2415,10.4323,75.4181,,,,,,,,,,,,0.611,0.572,0.617,0.573,0
10.46,-3.17,7.7838,76.7977,-1.2415,10.4323,75.4181,,,,,,,,,,,,0.611,0.572,0.617,0.573,0
10.48,-3.17,7.7838,76.7977,-1.2415,10.4323,75.4181,,,,,,,,,,,,0.611,0.572,0.617,0.573,0
10.5,-2.0408,8.6099,76.6102,-1.5349,10.5091,75.4181,,,,,,,,,,,,0.611,0.572,0.617,0.573,0
10.52,-2.0408,8.6099,76.6102,-1.5349,10.5091,75.4181,,,,,,,,,,,,0.604,0.584,0.57,0.615,0
10.54,-2.0408,8.6099,76.6102,-1.5349,10.5091,75.4181,,,,,,,,,,,,0.604,0.584,0.57,0.615,0
10.56,-2.0408,8.6099,76.6102,-1.5349,10.5091,75.4181,,,,,,,,,,,,0.604,0.584,0.57,0.615,0
10.58,-2.0408,8.6099,76.6102,-1.5349,10.5091,75.4181,,,,,,,,,,,,0.604,0.584,0.57,0.615,0
10.6,-0.8385,9.5628,75.7681,-1.8505,10.23,75.4181,,,,,,,,,,,,0.604,0.584,0.57,0.615,0
10.62,-0.8385,9.5628,75.7681,-1.8505,10.23,75.4181,,,,,,,,,,,,0.645,0.557,0.551,0.62,0
10.64,-0.8385,9.5628,75.7681,-1.8505,10.23,75.4181,,,,,,,,,,,,0.645,0.557,0.551,0.62,0
10.66,-0.8385,9.5628,75.7681,-1.8505,10.23,75.4181,,,,,,,,,,,,0.645,0.557,0.551,0.62,0
10.68,-0.8385,9.5628,75.7681,-1.8505,10.23,75.4181,,,,,,,,,,,,0.645,0.557,0.551,0.62,0
10.7,-2.0671,8.2958,74.9433,-2.1007,9.9355,75.4181,,,,,,,,,,,,0.645,0.557,0.551,0.62,0
10.72,-2.0671,8.2958,74.9433,-2.1007,9.9355,75.4181,,,,,,,,,,,,0.636,0.582,0.68,0.455,0
10.74,-2.0671,8.2958,74.9433,-2.1007,9.9355,75.4181,,,,,,,,,,,,0.636,0.582,0.68,0.455,0
10.76,-2.0671,8.2958,74.9433,-2.1007,9.9355,75.4181,,,,,,,,,,,,0.636,0.582,0.68,0.455,0
10.78,-2.0671,8.2958,74.9433,-2.1007,9.9355,75.4181,,,,,,,,,,,,0.636,0.582,0.68,0.455,0
10.8,-1.7758,6.167,74.2129,-2.2133,9.6856,75.4181,,,,,,,,,,,,0.636,0.582,0.68,0.455,0
10.82,-1.7758,6.167,74.2129,-2.2133,9.6856,75.4181,,,,,,,,,,,,0.707,0.505,0.564,0.576,0
10.84,-1.7758,6.167,74.2129,-2.2133,9.6856,75.4181,,,,,,,,,,,,0.707,0.505,0.564,0.576,0
10.86,-1.7758,6.167,74.2129,-2.2133,9.6856,75.4181,,,,,,,,,,,,0.707,0.505,0.564,0.576,0
10.88,-1.7758,6.167,74.2129,-2.2133,9.6856,75.4181,,,,,,,,,,,,0.707,0.505,0.564,0.576,0
10.9,-0.5629,5.5845,73.6744,-2.3985,9.5707,75.4182,,,,,,,,,,,,0.707,0.505,0.564,0.576,0
10.92,-0.5629,5.5845,73.6744,-2.3985,9.5707,75.4182,,,,,,,,,,,,0.664,0.561,0.611,0.522,0
10.94,-0.5629,5.5845,73.6744,-2.3985,9.5707,75.4182,,,,,,,,,,,,0.664,0.561,0.611,0.522,0
10.96,-0.5629,5.5845,73.6744,-2.3985,9.5707,75.4182,,,,,,,,,,,,0.664,0.561,0.611,0.522,0
10.98,-0.5629,5.5845,73.6744,-2.3985,9.5707,75.4182,,,,,,,,,,,,0.664,0.561,0.611,0.522,0
11.0,0.125,7.3347,73.4673,-2.3828,9.234,75.4182,,,,,,,,,,,,0.664,0.561,0.611,0.522,0
11.02,0.125,7.3347,73.4673,-2.3828,9.234,75.4182,,,,,,,,,,,,0.607,0.617,0.623,0.518,0
11.04,0.125,7.3347,73.4673,-2.3828,9.234,75.4182,,,,,,,,,,,,0.607,0.617,0.623,0.518,0
11.06,0.125,7.3347,73.4673,-2.3828,9.234,75.4182,,,,,,,,,,,,0.607,0.617,0.623,0.518,0
11.08,0.125,7.3347,73.4673,-2.3828,9.234,75.4182,,,,,,,,,,,,0.607,0.617,0.623,0.518,0
11.1,-0.6794,7.8664,73.807,-1.7577,7.9428,75.4179,,,,,,,,,,,,0.607,0.617,0.623,0.518,0
11.12,-0.6794,7.8664,73.807,-1.7577,7.9428,75.4179,,,,,,,,,,,,0.58,0.63,0.624,0.533,0
11.14,-0.6794,7.8664,73.807,-1.7577,7.9428,75.4179,,,,,,,,,,,,0.58,0.63,0.624,0.533,0
11.16,-0.6794,7.8664,73.807,-1.7577,7.9428,75.4179,,,,,,,,,,,,0.58,0.63,0.624,0.533,0
11.18,-0.6794,7.8664,73.807,-1.7577,7.9428,75.4179,,,,,,,,,,,,0.58,0.63,0.624,0.533,0
11.2,-0.9794,5.582,74.5415,-0.8974,5.7684,75.4175,,,,,,,,,,,,0.58,0.63,0.624,0.533,0
11.22,-0.9794,5.582,74.5415,-0.8974,5.7684,75.4175,,,,,,,,,,,,0.608,0.581,0.631,0.537,0
11.24,-0.9794,5.582,74.5415,-0.8974,5.7684,75.4175,,,,,,,,,,,,0.608,0.581,0.631,0.537,0
11.26,-0.9794,5.582,74.5415,-0.8974,5.7684,75.4175,,,,,,,,,,,,0.608,0.581,0.631,0.537,0
11.28,-0.9794,5.582,74.5415,-0.8974,5.7684,75.4175,,,,,,,,,,,,0.608,0.581,0.631,0.537,0
11.3,1.0504,2.4142,75.194,-0.8037,4.529,75.4175,,,,,,,,,,,,0.608,0.581,0.631,0.537,0
11.32,1.0504,2.4142,75.194,-0.8037,4.529,75.4175,,,,,,,,,,,,0.643,0.531,0.621,0.555,0
11.34,1.0504,2.4142,75.194,-0.8037,4.529,75.4175,,,,,,,,,,,,0.643,0.531,0.621,0.555,0
11.36,1.0504,2.4142,75.194,-0.8037,4.529,75.4175,,,,,,,,,,,,0.643,0.531,0.621,0.555,0
11.38,1.0504,2.4142,75.194,-0.8037,4.529,75.4175,,,,,,,,,,,,0.643,0.531,0.621,0.555,0
11.4,3.728,2.3737,75.6316,-0.8405,3.8478,75.4176,,,,,,,,,,,,0.643,0.531,0.621,0.555,0
11.42,3.728,2.3737,75.6316,-0.8405,3.8478,75.4176,,,,,,,,,,,,0.651,0.522,0.567,0.611,0
11.44,3.728,2.3737,75.6316,-0.8405,3.8478,75.4176,,,,,,,,,,,,0.651,0.522,0.567,0.611,0
11.46,3.728,2.3737,75.6316,-0.8405,3.8478,75.4176,,,,,,,,,,,,0.651,0.522,0.567,0.611,0
11.48,3.728,2.3737,75.6316,-0.8405,3.8478,75.4176,,,,,,,,,,,,0.651,0.522,0.567,0.611,0
11.5,1.8756,3.9778,75.9536,-0.5948,3.4563,75.4175,,,,,,,,,,,,0.651,0.522,0.567,0.611,0
11.52,1.8756,3.9778,75.9536,-0.5948,3.4563,75.4175,,,,,,,,,,,,0.582,0.592,0.615,0.568,0
11.54,1.8756,3.9778,75.9536,-0.5948,3.4563,75.4175,,,,,,,,,,,,0.582,0.592,0.615,0.568,0
11.56,1.8756,3.9778,75.9536,-0.5948,3.4563,75.4175,,,,,,,,,,,,0.582,0.592,0.615,0.568,0
11.58,1.8756,3.9778,75.9536,-0.5948,3.4563,75.4175,,,,,,,,,,,,0.582,0.592,0.615,0.568,0
11.6,-0.2633,3.8409,76.1594,-1.1099,3.2705,75.4176,,,,,,,,,,,,0.582,0.592,0.615,0.568,0
11.62,-0.2633,3.8409,76.1594,-1.1099,3.2705,75.4176,,,,,,,,,,,,0.615,0.561,0.608,0.579,0
11.64,-0.2633,3.8409,76.1594,-1.1099,3.2705,75.4176,,,,,,,,,,,,0.615,0.561,0.608,0.579,0
11.66,-0.2633,3.8409,76.1594,-1.1099,3.2705,75.4176,,,,,,,,,,,,0.615,0.561,0.608,0.579,0
11.68,-0.2633,3.8409,76.1594,-1.1099,3.2705,75.4176,,,,,,,,,,,,0.615,0.561,0.608,0.579,0
11.7,-1.691,1.7112,76.2742,-1.5878,2.623,75.4177,,,,,,,,,,,,0.615,0.561,0.608,0.579,0
11.72,-1.691,1.7112,76.2742,-1.5878,2.623,75.4177,,,,,,,,,,,,0.611,0.562,0.613,0.578,0
11.74,-1.691,1.7112,76.2742,-1.5878,2.623,75.4177,,,,,,,,,,,,0.611,0.562,0.613,0.578,0
11.76,-1.691,1.7112,76.2742,-1.5878,2.623,75.4177,,,,,,,,,,,,0.611,0.562,0.613,0.578,0
11.78,-1.691,1.7112,76.2742,-1.5878,2.623,75.4177,,,,,,,,,,,,0.611,0.562,0.613,0.578,0
11.8,-1.7855,0.6074,76.5498,-3.0242,2.8425,75.4175,,,,,,,,,,,,0.611,0.562,0.613,0.578,0
11.82,-1.7855,0.6074,76.5498,-3.0242,2.8425,75.4175,,,,,,,,,,,,0.646,0.525,0.658,0.528,0
11.84,-1.7855,0.6074,76.5498,-3.0242,2.8425,75.4175,,,,,,,,,,,,0.646,0.525,0.658,0.528,0
11.86,-1.7855,0.6074,76.5498,-3.0242,2.8425,75.4175,,,,,,,,,,,,0.646,0.525,0.658,0.528,0
11.88,-1.7855,0.6074,76.5498,-3.0242,2.8425,75.4175,,,,,,,,,,,,0.646,0.525,0.658,0.528,0
11.9,-3.7276,3.6006,76.7799,-5.2469,3.6919,75.4171,,,,,,,,,,,,0.646,0.525,0.658,0.528,0
11.92,-3.7276,3.6006,76.7799,-5.2469,3.6919,75.4171,,,,,,,,,,,,0.599,0.575,0.529,0.665,0
11.94,-3.7276,3.6006,76.7799,-5.2469,3.6919,75.4171,,,,,,,,,,,,0.599,0.575,0.529,0.665,0
11.96,-3.7276,3.6006,76.7799,-5.2469,3.6919,75.4171,,,,,,,,,,,,0.599,0.575,0.529,0.665,0
11.98,-3.7276,3.6006,76.7799,-5.2469,3.6919,75.4171,,,,,,,,,,,,0.599,0.575,0.529,0.665,0
12.0,-6.8188,6.4336,76.7361,-6.9083,4.2983,75.4169,,,,,,,,,,,,0.599,0.575,0.529,0.665,0
12.02,-6.8188,6.4336,76.7361,-6.9083,4.2983,75.4169,,,,,,,,,,,,0.57,0.619,0.648,0.576,0
12.04,-6.8188,6.4336,76.7361,-6.9083,4.2983,75.4169,,,,,,,,,,,,0.57,0.619,0.648,0.576,0
12.06,-6.8188,6.4336,76.7361,-6.9083,4.2983,75.4169,,,,,,,,,,,,0.57,0.619,0.648,0.576,0
12.08,-6.8188,6.4336,76.7361,-6.9083,4.2983,75.4169,,,,,,,,,,,,0.57,0.619,0.648,0.576,0
12.1,-8.3069,6.0945,76.9031,-7.8293,4.749,75.4168,,,,,,,,,,,,0.57,0.619,0.648,0.576,0
12.12,-8.3069,6.0945,76.9031,-7.8293,4.749,75.4168,,,,,,,,,,,,0.671,0.513,0.599,0.624,0
12.14,-8.3069,6.0945,76.9031,-7.8293,4.749,75.4168,,,,,,,,,,,,0.671,0.513,0.599,0.624,0
12.16,-8.3069,6.0945,76.9031,-7.8293,4.749,75.4168,,,,,,,,,,,,0.671,0.513,0.599,0.624,0
12.18,-8.3069,6.0945,76.9031,-7.8293,4.749,75.4168,,,,,,,,,,,,0.671,0.513,0.599,0.624,0
12.2,-6.9899,3.9747,77.2875,-8.1065,4.885,75.4168,,,,,,,,,,,,0.671,0.513,0.599,0.624,0
12.22,-6.9899,3.9747,77.2875,-8.1065,4.885,75.4168,,,,,,,,,,,,0.652,0.531,0.626,0.597,0
12.24,-6.9899,3.9747,77.2875,-8.1065,4.885,75.4168,,,,,,,,,,,,0.652,0.531,0.626,0.597,0
12.26,-6.9899,3.9747,77.2875,-8.1065,4.885,75.4168,,,,,,,,,,,,0.652,0.531,0.626,0.597,0
12.28,-6.9899,3.9747,77.2875,-8.1065,4.885,75.4168,,,,,,,,,,,,0.652,0.531,0.626,0.597,0
12.3,-6.282,4.5298,77.6724,-6.9634,4.1182,75.4165,,,,,,,,,,,,0.652,0.531,0.626,0.597,0
12.32,-6.282,4.5298,77.6724,-6.9634,4.1182,75.4165,,,,,,,,,,,,0.616,0.558,0.576,0.653,0
12.34,-6.282,4.5298,77.6724,-6.9634,4.1182,75.4165,,,,,,,,,,,,0.616,0.558,0.576,0.653,0
12.36,-6.282,4.5298,77.6724,-6.9634,4.1182,75.4165,,,,,,,,,,,,0.616,0.558,0.576,0.653,0
12.38,-6.282,4.5298,77.6724,-6.9634,4.1182,75.4165,,,,,,,,,,,,0.616,0.558,0.576,0.653,0
12.4,-6.3212,4.7186,77.9951,-5.138,3.1049,75.4162,,,,,,,,,,,,0.616,0.558,0.576,0.653,0
12.42,-6.3212,4.7186,77.9951,-5.138,3.1049,75.4162,,,,,,,,,,,,0.576,0.598,0.667,0.563,0
12.44,-6.3212,4.7186,77.9951,-5.138,3.1049,75.4162,,,,,,,,,,,,0.576,0.598,0.667,0.563,0
12.46,-6.3212,4.7186,77.9951,-5.138,3.1049,75.4162,,,,,,,,,,,,0.576,0.598,0.667,0.563,0
12.48,-6.3212,4.7186,77.9951,-5.138,3.1049,75.4162,,,,,,,,,,,,0.576,0.598,0.667,0.563,0
12.5,-5.8861,1.3405,78.1514,-2.7447,1.6932,75.4154,,,,,,,,,,,,0.576,0.598,0.667,0.563,0
12.52,-5.8861,1.3405,78.1514,-2.7447,1.6932,75.4154,,,,,,,,,,,,0.605,0.57,0.718,0.493,0
12.54,-5.8861,1.3405,78.1514,-2.7447,1.6932,75.4154,,,,,,,,,,,,0.605,0.57,0.718,0.493,0
12.56,-5.8861,1.3405,78.1514,-2.7447,1.6932,75.4154,,,,,,,,,,,,0.605,0.57,0.718,0.493,0
12.58,-5.8861,1.3405,78.1514,-2.7447,1.6932,75.4154,,,,,,,,,,,,0.605,0.57,0.718,0.493,0
12.6,-1.5825,-1.5637,78.1993,-1.4013,0.8644,75.4151,,,,,,,,,,,,0.605,0.57,0.718,0.493,0
12.62,-1.5825,-1.5637,78.1993,-1.4013,0.8644,75.4151,,,,,,,,,,,,0.623,0.557,0.68,0.547,0
12.64,-1.5825,-1.5637,78.1993,-1.4013,0.8644,75.4151,,,,,,,,,,,,0.623,0.557,0.68,0.547,0
12.66,-1.5825,-1.5637,78.1993,-1.4013,0.8644,75.4151,,,,,,,,,,,,0.623,0.557,0.68,0.547,0
12.68,-1.5825,-1.5637,78.1993,-1.4013,0.8644,75.4151,,,,,,,,,,,,0.623,0.557,0.68,0.547,0
12.7,1.7622,-1.2465,77.7906,-0.7154,0.4687,75.415,,,,,,,,,,,,0.623,0.557,0.68,0.547,0
12.72,1.7622,-1.2465,77.7906,-0.7154,0.4687,75.415,,,,,,,,,,,,0.641,0.55,0.527,0.693,0
12.74,1.7622,-1.2465,77.7906,-0.7154,0.4687,75.415,,,,,,,,,,,,0.641,0.55,0.527,0.693,0
12.76,1.7622,-1.2465,77.7906,-0.7154,0.4687,75.415,,,,,,,,,,,,0.641,0.55,0.527,0.693,0
12.78,1.7622,-1.2465,77.7906,-0.7154,0.4687,75.415,,,,,,,,,,,,0.641,0.55,0.527,0.693,0
12.8,1.2574,0.2601,77.2649,-0.3652,0.8822,75.4151,,,,,,,,,,,,0.641,0.55,0.527,0.693,0
12.82,1.2574,0.2601,77.2649,-0.3652,0.8822,75.4151,,,,,,,,,,,,0.596,0.607,0.703,0.502,0
12.84,1.2574,0.2601,77.2649,-0.3652,0.8822,75.4151,,,,,,,,,,,,0.596,0.607,0.703,0.502,0
12.86,1.2574,0.2601,77.2649,-0.3652,0.8822,75.4151,,,,,,,,,,,,0.596,0.607,0.703,0.502,0
12.88,1.2574,0.2601,77.2649,-0.3652,0.8822,75.4151,,,,,,,,,,,,0.596,0.607,0.703,0.502,0
12.9,0.3635,1.0414,76.7621,-0.1865,1.7268,75.4151,,,,,,,,,,,,0.596,0.607,0.703,0.502,0
12.92,0.3635,1.0414,76.7621,-0.1865,1.7268,75.4151,,,,,,,,,,,,0.705,0.479,0.565,0.646,0
12.94,0.3635,1.0414,76.7621,-0.1865,1.7268,75.4151,,,,,,,,,,,,0.705,0.479,0.565,0.646,0
12.96,0.3635,1.0414,76.7621,-0.1865,1.7268,75.4151,,,,,,,,,,,,0.705,0.479,0.565,0.646,0
12.98,0.3635,1.0414,76.7621,-0.1865,1.7268,75.4151,,,,,,,,,,,,0.705,0.479,0.565,0.646,0
13.0,0.2381,1.5723,76.3035,-0.0952,3.5551,75.4151,,,,,,,,,,,,0.705,0.479,0.565,0.646,0
13.02,0.2381,1.5723,76.3035,-0.0952,3.5551,75.4151,,,,,,,,,,,,0.669,0.535,0.617,0.596,0
13.04,0.2381,1.5723,76.3035,-0.0952,3.5551,75.4151,,,,,,,,,,,,0.669,0.535,0.617,0.596,0
13.06,0.2381,1.5723,76.3035,-0.0952,3.5551,75.4151,,,,,,,,,,,,0.669,0.535,0.617,0.596,0
13.08,0.2381,1.5723,76.3035,-0.0952,3.5551,75.4151,,,,,,,,,,,,0.669,0.535,0.617,0.596,0
13.1,1.1483,4.6196,75.8822,0.0593,5.917,75.4152,,,,,,,,,,,,0.669,0.535,0.617,0.596,0
13.12,1.1483,4.6196,75.8822,0.0593,5.917,75.4152,,,,,,,,,,,,0.625,0.59,0.586,0.625,0
13.14,1.1483,4.6196,75.8822,0.0593,5.917,75.4152,,,,,,,,,,,,0.625,0.59,0.586,0.625,0
13.16,1.1483,4.6196,75.8822,0.0593,5.917,75.4152,,,,,,,,,,,,0.625,0.59,0.586,0.625,0
13.18,1.1483,4.6196,75.8822,0.0593,5.917,75.4152,,,,,,,,,,,,0.625,0.59,0.586,0.625,0
13.2,3.04,7.9139,75.6966,0.0559,7.6293,75.4152,,,,,,,,,,,,0.625,0.59,0.586,0.625,0
13.22,3.04,7.9139,75.6966,0.0559,7.6293,75.4152,,,,,,,,,,,,0.689,0.539,0.585,0.641,0
13.24,3.04,7.9139,75.6966,0.0559,7.6293,75.4152,,,,,,,,,,,,0.689,0.539,0.585,0.641,0
13.26,3.04,7.9139,75.6966,0.0559,7.6293,75.4152,,,,,,,,,,,,0.689,0.539,0.585,0.641,0
13.28,3.04,7.9139,75.6966,0.0559,7.6293,75.4152,,,,,,,,,,,,0.689,0.539,0.585,0.641,0
13.3,2.4441,8.4323,75.5592,0.2029,8.6905,75.4153,,,,,,,,,,,,0.689,0.539,0.585,0.641,0
13.32,2.4441,8.4323,75.5592,0.2029,8.6905,75.4153,,,,,,,,,,,,0.698,0.534,0.619,0.612,0
13.34,2.4441,8.4323,75.5592,0.2029,8.6905,75.4153,,,,,,,,,,,,0.698,0.534,0.619,0.612,0
13.36,2.4441,8.4323,75.5592,0.2029,8.6905,75.4153,,,,,,,,,,,,0.698,0.534,0.619,0.612,0
13.38,2.4441,8.4323,75.5592,0.2029,8.6905,75.4153,,,,,,,,,,,,0.698,0.534,0.619,0.612,0
13.4,0.4397,6.8092,75.2167,0.1609,9.0805,75.4153,,,,,,,,,,,,0.698,0.534,0.619,0.612,0
13.42,0.4397,6.8092,75.2167,0.1609,9.0805,75.4153,,,,,,,,,,,,0.673,0.567,0.666,0.555,0
13.44,0.4397,6.8092,75.2167,0.1609,9.0805,75.4153,,,,,,,,,,,,0.673,0.567,0.666,0.555,0
13.46,0.4397,6.8092,75.2167,0.1609,9.0805,75.4153,,,,,,,,,,,,0.673,0.567,0.666,0.555,0
13.48,0.4397,6.8092,75.2167,0.1609,9.0805,75.4153,,,,,,,,,,,,0.673,0.567,0.666,0.555,0
13.5,-0.081,6.511,75.1551,0.1608,8.8507,75.4153,,,,,,,,,,,,0.673,0.567,0.666,0.555,0
13.52,-0.081,6.511,75.1551,0.1608,8.8507,75.4153,,,,,,,,,,,,0.688,0.553,0.579,0.641,0
13.54,-0.081,6.511,75.1551,0.1608,8.8507,75.4153,,,,,,,,,,,,0.688,0.553,0.579,0.641,0
13.56,-0.081,6.511,75.1551,0.1608,8.8507,75.4153,,,,,,,,,,,,0.688,0.553,0.579,0.641,0
13.58,-0.081,6.511,75.1551,0.1608,8.8507,75.4153,,,,,,,,,,,,0.688,0.553,0.579,0.641,0
13.6,0.5308,7.2674,75.0764,0.2865,8.0936,75.4153,,,,,,,,,,,,0.688,0.553,0.579,0.641,0
13.62,0.5308,7.2674,75.0764,0.2865,8.0936,75.4153,,,,,,,,,,,,0.661,0.583,0.588,0.634,0
13.64,0.5308,7.2674,75.0764,0.2865,8.0936,75.4153,,,,,,,,,,,,0.661,0.583,0.588,0.634,0
13.66,0.5308,7.2674,75.0764,0.2865,8.0936,75.4153,,,,,,,,,,,,0.661,0.583,0.588,0.634,0
13.68,0.5308,7.2674,75.0764,0.2865,8.0936,75.4153,,,,,,,,,,,,0.661,0.583,0.588,0.634,0
13.7,2.3999,6.6393,74.8755,1.607,7.1959,75.415,,,,,,,,,,,,0.661,0.583,0.588,0.634,0
13.72,2.3999,6.6393,74.8755,1.607,7.1959,75.415,,,,,,,,,,,,0.642,0.607,0.667,0.542,0
13.74,2.3999,6.6393,74.8755,1.607,7.1959,75.415,,,,,,,,,,,,0.642,0.607,0.667,0.542,0
13.76,2.3999,6.6393,74.8755,1.607,7.1959,75.415,,,,,,,,,,,,0.642,0.607,0.667,0.542,0
13.78,2.3999,6.6393,74.8755,1.607,7.1959,75.415,,,,,,,,,,,,0.642,0.607,0.667,0.542,0
13.8,3.8403,5.0658,74.2675,2.8622,6.5753,75.4148,,,,,,,,,,,,0.642,0.607,0.667,0.542,0
13.82,3.8403,5.0658,74.2675,2.8622,6.5753,75.4148,,,,,,,,,,,,0.695,0.554,0.57,0.636,0
13.84,3.8403,5.0658,74.2675,2.8622,6.5753,75.4148,,,,,,,,,,,,0.695,0.554,0.57,0.636,0
13.86,3.8403,5.0658,74.2675,2.8622,6.5753,75.4148,,,,,,,,,,,,0.695,0.554,0.57,0.636,0
13.88,3.8403,5.0658,74.2675,2.8622,6.5753,75.4148,,,,,,,,,,,,0.695,0.554,0.57,0.636,0
13.9,5.5296,3.1437,74.1589,3.775,5.7723,75.4146,,,,,,,,,,,,0.695,0.554,0.57,0.636,0
13.92,5.5296,3.1437,74.1589,3.775,5.7723,75.4146,,,,,,,,,,,,0.7,0.54,0.682,0.514,0
13.94,5.5296,3.1437,74.1589,3.775,5.7723,75.4146,,,,,,,,,,,,0.7,0.54,0.682,0.514,0
13.96,5.5296,3.1437,74.1589,3.775,5.7723,75.4146,,,,,,,,,,,,0.7,0.54,0.682,0.514,0
13.98,5.5296,3.1437,74.1589,3.775,5.7723,75.4146,,,,,,,,,,,,0.7,0.54,0.682,0.514,0
14.0,5.222,2.1605,74.7441,4.2447,4.9189,75.4146,,,,,,,,,,,,0.7,0.54,0.682,0.514,0
14.02,5.222,2.1605,74.7441,4.2447,4.9189,75.4146,,,,,,,,,,,,0.636,0.593,0.646,0.574,0
14.04,5.222,2.1605,74.7441,4.2447,4.9189,75.4146,,,,,,,,,,,,0.636,0.593,0.646,0.574,0
14.06,5.222,2.1605,74.7441,4.2447,4.9189,75.4146,,,,,,,,,,,,0.636,0.593,0.646,0.574,0
14.08,5.222,2.1605,74.7441,4.2447,4.9189,75.4146,,,,,,,,,,,,0.636,0.593,0.646,0.574,0
14.1,5.0982,2.295,75.4425,4.419,4.0258,75.4145,,,,,,,,,,,,0.636,0.593,0.646,0.574,0
14.12,5.0982,2.295,75.4425,4.419,4.0258,75.4145,,,,,,,,,,,,0.671,0.541,0.61,0.62,0
14.14,5.0982,2.295,75.4425,4.419,4.0258,75.4145,,,,,,,,,,,,0.671,0.541,0.61,0.62,0
14.16,5.0982,2.295,75.4425,4.419,4.0258,75.4145,,,,,,,,,,,,0.671,0.541,0.61,0.62,0
14.18,5.0982,2.295,75.4425,4.419,4.0258,75.4145,,,,,,,,,,,,0.671,0.541,0.61,0.62,0
14.2,4.453,2.4673,76.0794,4.5257,3.118,75.4145,,,,,,,,,,,,0.671,0.541,0.61,0.62,0
14.22,4.453,2.4673,76.0794,4.5257,3.118,75.4145,,,,,,,,,,,,0.651,0.556,0.582,0.654,0
14.24,4.453,2.4673,76.0794,4.5257,3.118,75.4145,,,,,,,,,,,,0.651,0.556,0.582,0.654,0
14.26,4.453,2.4673,76.0794,4.5257,3.118,75.4145,,,,,,,,,,,,0.651,0.556,0.582,0.654,0
14.28,4.453,2.4673,76.0794,4.5257,3.118,75.4145,,,,,,,,,,,,0.651,0.556,0.582,0.654,0
14.3,4.9479,1.8532,76.6207,4.7277,2.1603,75.4145,,,,,,,,,,,,0.651,0.556,0.582,0.654,0
14.32,4.9479,1.8532,76.6207,4.7277,2.1603,75.4145,,,,,,,,,,,,0.632,0.567,0.629,0.619,0
14.34,4.9479,1.8532,76.6207,4.7277,2.1603,75.4145,,,,,,,,,,,,0.632,0.567,0.629,0.619,0
14.36,4.9479,1.8532,76.6207,4.7277,2.1603,75.4145,,,,,,,,,,,,0.632,0.567,0.629,0.619,0
14.38,4.9479,1.8532,76.6207,4.7277,2.1603,75.4145,,,,,,,,,,,,0.632,0.567,0.629,0.619,0
14.4,5.5861,0.4579,76.9275,5.101,1.1029,75.4144,,,,,,,,,,,,0.632,0.567,0.629,0.619,0
14.42,5.5861,0.4579,76.9275,5.101,1.1029,75.4144,,,,,,,,,,,,0.654,0.544,0.682,0.558,0
14.44,5.5861,0.4579,76.9275,5.101,1.1029,75.4144,,,,,,,,,,,,0.654,0.544,0.682,0.558,0
14.46,5.5861,0.4579,76.9275,5.101,1.1029,75.4144,,,,,,,,,,,,0.654,0.544,0.682,0.558,0
14.48,5.5861,0.4579,76.9275,5.101,1.1029,75.4144,,,,,,,,,,,,0.654,0.544,0.682,0.558,0
14.5,4.6513,-0.8721,76.8318,5.8985,0.5631,75.4143,,,,,,,,,,,,0.654,0.544,0.682,0.558,0
14.52,4.6513,-0.8721,76.8318,5.8985,0.5631,75.4143,,,,,,,,,,,,0.577,0.619,0.695,0.529,0
14.54,4.6513,-0.8721,76.8318,5.8985,0.5631,75.4143,,,,,,,,,,,,0.577,0.619,0.695,0.529,0
14.56,4.6513,-0.8721,76.8318,5.8985,0.5631,75.4143,,,,,,,,,,,,0.577,0.619,0.695,0.529,0
14.58,4.6513,-0.8721,76.8318,5.8985,0.5631,75.4143,,,,,,,,,,,,0.577,0.619,0.695,0.529,0
14.6,5.5285,-0.5419,77.0444,6.4358,0.2875,75.4143,,,,,,,,,,,,0.577,0.619,0.695,0.529,0
14.62,5.5285,-0.5419,77.0444,6.4358,0.2875,75.4143,,,,,,,,,,,,0.627,0.567,0.653,0.58,0
14.64,5.5285,-0.5419,77.0444,6.4358,0.2875,75.4143,,,,,,,,,,,,0.627,0.567,0.653,0.58,0
14.66,5.5285,-0.5419,77.0444,6.4358,0.2875,75.4143,,,,,,,,,,,,0.627,0.567,0.653,0.58,0
14.68,5.5285,-0.5419,77.0444,6.4358,0.2875,75.4143,,,,,,,,,,,,0.627,0.567,0.653,0.58,0
14.7,5.1519,-0.0862,76.8812,6.5068,0.1468,75.4143,,,,,,,,,,,,0.627,0.567,0.653,0.58,0
14.72,5.1519,-0.0862,76.8812,6.5068,0.1468,75.4143,,,,,,,,,,,,0.632,0.566,0.592,0.639,0
14.74,5.1519,-0.0862,76.8812,6.5068,0.1468,75.4143,,,,,,,,,,,,0.632,0.566,0.592,0.639,0
14.76,5.1519,-0.0862,76.8812,6.5068,0.1468,75.4143,,,,,,,,,,,,0.632,0.566,0.592,0.639,0
14.78,5.1519,-0.0862,76.8812,6.5068,0.1468,75.4143,,,,,,,,,,,,0.632,0.566,0.592,0.639,0
14.8,5.0277,0.1166,76.8368,5.8921,0.0749,75.4143,,,,,,,,,,,,0.632,0.566,0.592,0.639,0
14.82,5.0277,0.1166,76.8368,5.8921,0.0749,75.4143,,,,,,,,,,,,0.653,0.542,0.632,0.599,0
14.84,5.0277,0.1166,76.8368,5.8921,0.0749,75.4143,,,,,,,,,,,,0.653,0.542,0.632,0.599,0
14.86,5.0277,0.1166,76.8368,5.8921,0.0749,75.4143,,,,,,,,,,,,0.653,0.542,0.632,0.599,0
14.88,5.0277,0.1166,76.8368,5.8921,0.0749,75.4143,,,,,,,,,,,,0.653,0.542,0.632,0.599,0
14.9,3.1317,1.0527,76.6085,3.6555,0.0383,75.4144,,,,,,,,,,,,0.653,0.542,0.632,0.599,0
14.92,3.1317,1.0527,76.6085,3.6555,0.0383,75.4144,,,,,,,,,,,,0.613,0.589,0.592,0.633,0
14.94,3.1317,1.0527,76.6085,3.6555,0.0383,75.4144,,,,,,,,,,,,0.613,0.589,0.592,0.633,0
14.96,3.1317,1.0527,76.6085,3.6555,0.0383,75.4144,,,,,,,,,,,,0.613,0.589,0.592,0.633,0
14.98,3.1317,1.0527,76.6085,3.6555,0.0383,75.4144,,,,,,,,,,,,0.613,0.589,0.592,0.633,0
15.0,0.241,1.5846,76.2916,1.8663,0.0195,75.4144,,,,,,,,,,,,0.613,0.589,0.592,0.633,0
15.02,0.241,1.5846,76.2916,1.8663,0.0195,75.4144,,,,,,,,,,,,0.603,0.608,0.68,0.526,0
15.04,0.241,1.5846,76.2916,1.8663,0.0195,75.4144,,,,,,,,,,,,0.603,0.608,0.68,0.526,0
15.06,0.241,1.5846,76.2916,1.8663,0.0195,75.4144,,,,,,,,,,,,0.603,0.608,0.68,0.526,0
15.08,0.241,1.5846,76.2916,1.8663,0.0195,75.4144,,,,,,,,,,,,0.603,0.608,0.68,0.526,0
15.1,-2.2945,1.1899,76.1222,0.9527,0.01,75.4144,,,,,,,,,,,,0.603,0.608,0.68,0.526,0
15.12,-2.2945,1.1899,76.1222,0.9527,0.01,75.4144,,,,,,,,,,,,0.638,0.569,0.615,0.602,0
15.14,-2.2945,1.1899,76.1222,0.9527,0.01,75.4144,,,,,,,,,,,,0.638,0.569,0.615,0.602,0
15.16,-2.2945,1.1899,76.1222,0.9527,0.01,75.4144,,,,,,,,,,,,0.638,0.569,0.615,0.602,0
15.18,-2.2945,1.1899,76.1222,0.9527,0.01,75.4144,,,,,,,,,,,,0.638,0.569,0.615,0.602,0
15.2,-1.9862,1.2491,76.0175,0.4864,0.0051,75.4144,,,,,,,,,,,,0.638,0.569,0.615,0.602,0
15.22,-1.9862,1.2491,76.0175,0.4864,0.0051,75.4144,,,,,,,,,,,,0.602,0.606,0.582,0.635,0
15.24,-1.9862,1.2491,76.0175,0.4864,0.0051,75.4144,,,,,,,,,,,,0.602,0.606,0.582,0.635,0
15.26,-1.9862,1.2491,76.0175,0.4864,0.0051,75.4144,,,,,,,,,,,,0.602,0.606,0.582,0.635,0
15.28,-1.9862,1.2491,76.0175,0.4864,0.0051,75.4144,,,,,,,,,,,,0.602,0.606,0.582,0.635,0
15.3,-0.1908,2.0197,75.9385,0.2483,0.0026,75.4144,,,,,,,,,,,,0.602,0.606,0.582,0.635,0
15.32,-0.1908,2.0197,75.9385,0.2483,0.0026,75.4144,,,,,,,,,,,,0.65,0.555,0.628,0.59,0
15.34,-0.1908,2.0197,75.9385,0.2483,0.0026,75.4144,,,,,,,,,,,,0.65,0.555,0.628,0.59,0
15.36,-0.1908,2.0197,75.9385,0.2483,0.0026,75.4144,,,,,,,,,,,,0.65,0.555,0.628,0.59,0
15.38,-0.1908,2.0197,75.9385,0.2483,0.0026,75.4144,,,,,,,,,,,,0.65,0.555,0.628,0.59,0
15.4,-0.1358,1.5327,75.7757,0.1268,0.0013,75.4144,,,,,,,,,,,,0.65,0.555,0.628,0.59,0
15.42,-0.1358,1.5327,75.7757,0.1268,0.0013,75.4144,,,,,,,,,,,,0.616,0.598,0.622,0.59,0
15.44,-0.1358,1.5327,75.7757,0.1268,0.0013,75.4144,,,,,,,,,,,,0.616,0.598,0.622,0.59,0
15.46,-0.1358,1.5327,75.7757,0.1268,0.0013,75.4144,,,,,,,,,,,,0.616,0.598,0.622,0.59,0
15.48,-0.1358,1.5327,75.7757,0.1268,0.0013,75.4144,,,,,,,,,,,,0.616,0.598,0.622,0.59,0
15.5,0.2455,0.4551,75.28,0.0647,0.0007,75.4144,,,,,,,,,,,,0.616,0.598,0.622,0.59,0
15.52,0.2455,0.4551,75.28,0.0647,0.0007,75.4144,,,,,,,,,,,,0.639,0.584,0.633,0.567,0
15.54,0.2455,0.4551,75.28,0.0647,0.0007,75.4144,,,,,,,,,,,,0.639,0.584,0.633,0.567,0
15.56,0.2455,0.4551,75.28,0.0647,0.0007,75.4144,,,,,,,,,,,,0.639,0.584,0.633,0.567,0
15.58,0.2455,0.4551,75.28,0.0647,0.0007,75.4144,,,,,,,,,,,,0.639,0.584,0.633,0.567,0
15.6,-0.0358,0.3142,74.7293,0.033,0.0003,75.4144,,,,,,,,,,,,0.639,0.584,0.633,0.567,0
15.62,-0.0358,0.3142,74.7293,0.033,0.0003,75.4144,,,,,,,,,,,,0.665,0.563,0.579,0.615,0
15.64,-0.0358,0.3142,74.7293,0.033,0.0003,75.4144,,,,,,,,,,,,0.665,0.563,0.579,0.615,0
15.66,-0.0358,0.3142,74.7293,0.033,0.0003,75.4144,,,,,,,,,,,,0.665,0.563,0.579,0.615,0
15.68,-0.0358,0.3142,74.7293,0.033,0.0003,75.4144,,,,,,,,,,,,0.665,0.563,0.579,0.615,0
15.7,-0.036,0.1511,74.3925,0.0169,0.0002,75.4144,,,,,,,,,,,,0.665,0.563,0.579,0.615,0
15.72,-0.036,0.1511,74.3925,0.0169,0.0002,75.4144,,,,,,,,,,,,0.614,0.621,0.685,0.49,0
15.74,-0.036,0.1511,74.3925,0.0169,0.0002,75.4144,,,,,,,,,,,,0.614,0.621,0.685,0.49,0
15.76,-0.036,0.1511,74.3925,0.0169,0.0002,75.4144,,,,,,,,,,,,0.614,0.621,0.685,0.49,0
15.78,-0.036,0.1511,74.3925,0.0169,0.0002,75.4144,,,,,,,,,,,,0.614,0.621,0.685,0.49,0
15.8,0.0155,0.49,74.4232,0.0086,0.0001,75.4144,,,,,,,,,,,,0.614,0.621,0.685,0.49,0
15.82,0.0155,0.49,74.4232,0.0086,0.0001,75.4144,,,,,,,,,,,,0.659,0.566,0.608,0.59,0
15.84,0.0155,0.49,74.4232,0.0086,0.0001,75.4144,,,,,,,,,,,,0.659,0.566,0.608,0.59,0
15.86,0.0155,0.49,74.4232,0.0086,0.0001,75.4144,,,,,,,,,,,,0.659,0.566,0.608,0.59,0
15.88,0.0155,0.49,74.4232,0.0086,0.0001,75.4144,,,,,,,,,,,,0.659,0.566,0.608,0.59,0
15.9,0.3915,0.1837,74.4093,0.0044,0.0,75.4144,,,,,,,,,,,,0.659,0.566,0.608,0.59,0
15.92,0.3915,0.1837,74.4093,0.0044,0.0,75.4144,,,,,,,,,,,,0.652,0.573,0.594,0.604,0
15.94,0.3915,0.1837,74.4093,0.0044,0.0,75.4144,,,,,,,,,,,,0.652,0.573,0.594,0.604,0
15.96,0.3915,0.1837,74.4093,0.0044,0.0,75.4144,,,,,,,,,,,,0.652,0.573,0.594,0.604,0
15.98,0.3915,0.1837,74.4093,0.0044,0.0,75.4144,,,,,,,,,,,,0.652,0.573,0.594,0.604,0
16.0,0.1972,-0.1044,74.3812,1.1222,0.0,75.4144,,,,,,,,,,,,0.652,0.573,0.594,0.604,0
16.02,0.1972,-0.1044,74.3812,1.1222,0.0,75.4144,,,,,,,,,,,,0.585,0.641,0.646,0.55,0
16.04,0.1972,-0.1044,74.3812,1.1222,0.0,75.4144,,,,,,,,,,,,0.585,0.641,0.646,0.55,0
16.06,0.1972,-0.1044,74.3812,1.1222,0.0,75.4144,,,,,,,,,,,,0.585,0.641,0.646,0.55,0
16.08,0.1972,-0.1044,74.3812,1.1222,0.0,75.4144,,,,,,,,,,,,0.585,0.641,0.646,0.55,0
16.1,1.435,0.7298,74.6609,2.5557,0.0,75.4144,,,,,,,,,,,,0.585,0.641,0.646,0.55,0
16.12,1.435,0.7298,74.6609,2.5557,0.0,75.4144,,,,,,,,,,,,0.615,0.605,0.643,0.56,0
16.14,1.435,0.7298,74.6609,2.5557,0.0,75.4144,,,,,,,,,,,,0.615,0.605,0.643,0.56,0
16.16,1.435,0.7298,74.6609,2.5557,0.0,75.4144,,,,,,,,,,,,0.615,0.605,0.643,0.56,0
16.18,1.435,0.7298,74.6609,2.5557,0.0,75.4144,,,,,,,,,,,,0.615,0.605,0.643,0.56,0
16.2,2.6677,1.3495,75.0419,3.7663,0.0,75.4144,,,,,,,,,,,,0.615,0.605,0.643,0.56,0
16.22,2.6677,1.3495,75.0419,3.7663,0.0,75.4144,,,,,,,,,,,,0.64,0.576,0.653,0.553,0
16.24,2.6677,1.3495,75.0419,3.7663,0.0,75.4144,,,,,,,,,,,,0.64,0.576,0.653,0.553,0
16.26,2.6677,1.3495,75.0419,3.7663,0.0,75.4144,,,,,,,,,,,,0.64,0.576,0.653,0.553,0
16.28,2.6677,1.3495,75.0419,3.7663,0.0,75.4144,,,,,,,,,,,,0.64,0.576,0.653,0.553,0
16.3,4.0119,1.4621,75.2442,4.5394,0.0,75.4144,,,,,,,,,,,,0.64,0.576,0.653,0.553,0
16.32,4.0119,1.4621,75.2442,4.5394,0.0,75.4144,,,,,,,,,,,,0.668,0.542,0.536,0.671,0
16.34,4.0119,1.4621,75.2442,4.5394,0.0,75.4144,,,,,,,,,,,,0.668,0.542,0.536,0.671,0
16.36,4.0119,1.4621,75.2442,4.5394,0.0,75.4144,,,,,,,,,,,,0.668,0.542,0.536,0.671,0
16.38,4.0119,1.4621,75.2442,4.5394,0.0,75.4144,,,,,,,,,,,,0.668,0.542,0.536,0.671,0
16.4,5.1363,0.6945,75.6693,4.9508,0.0,75.4144,,,,,,,,,,,,0.668,0.542,0.536,0.671,0
16.42,5.1363,0.6945,75.6693,4.9508,0.0,75.4144,,,,,,,,,,,,0.628,0.578,0.647,0.575,0
16.44,5.1363,0.6945,75.6693,4.9508,0.0,75.4144,,,,,,,,,,,,0.628,0.578,0.647,0.575,0
16.46,5.1363,0.6945,75.6693,4.9508,0.0,75.4144,,,,,,,,,,,,0.628,0.578,0.647,0.575,0
16.48,5.1363,0.6945,75.6693,4.9508,0.0,75.4144,,,,,,,,,,,,0.628,0.578,0.647,0.575,0
16.5,5.3397,0.7095,76.2067,5.1115,0.0,75.4144,,,,,,,,,,,,0.628,0.578,0.647,0.575,0
16.52,5.3397,0.7095,76.2067,5.1115,0.0,75.4144,,,,,,,,,,,,0.621,0.577,0.632,0.596,0
16.54,5.3397,0.7095,76.2067,5.1115,0.0,75.4144,,,,,,,,,,,,0.621,0.577,0.632,0.596,0
16.56,5.3397,0.7095,76.2067,5.1115,0.0,75.4144,,,,,,,,,,,,0.621,0.577,0.632,0.596,0
16.58,5.3397,0.7095,76.2067,5.1115,0.0,75.4144,,,,,,,,,,,,0.621,0.577,0.632,0.596,0
16.6,4.7705,0.9531,76.4658,4.9402,0.0,75.4144,,,,,,,,,,,,0.621,0.577,0.632,0.596,0
16.62,4.7705,0.9531,76.4658,4.9402,0.0,75.4144,,,,,,,,,,,,0.634,0.561,0.593,0.636,0
16.64,4.7705,0.9531,76.4658,4.9402,0.0,75.4144,,,,,,,,,,,,0.634,0.561,0.593,0.636,0
16.66,4.7705,0.9531,76.4658,4.9402,0.0,75.4144,,,,,,,,,,,,0.634,0.561,0.593,0.636,0
16.68,4.7705,0.9531,76.4658,4.9402,0.0,75.4144,,,,,,,,,,,,0.634,0.561,0.593,0.636,0
16.7,3.9957,1.126,76.6504,3.8877,0.0,75.4144,,,,,,,,,,,,0.634,0.561,0.593,0.636,0
16.72,3.9957,1.126,76.6504,3.8877,0.0,75.4144,,,,,,,,,,,,0.575,0.62,0.666,0.552,0
16.74,3.9957,1.126,76.6504,3.8877,0.0,75.4144,,,,,,,,,,,,0.575,0.62,0.666,0.552,0
16.76,3.9957,1.126,76.6504,3.8877,0.0,75.4144,,,,,,,,,,,,0.575,0.62,0.666,0.552,0
16.78,3.9957,1.126,76.6504,3.8877,0.0,75.4144,,,,,,,,,,,,0.575,0.62,0.666,0.552,0
16.8,1.7289,0.9493,76.6336,3.1725,0.0,75.4144,,,,,,,,,,,,0.575,0.62,0.666,0.552,0
16.82,1.7289,0.9493,76.6336,3.1725,0.0,75.4144,,,,,,,,,,,,0.61,0.584,0.6,0.624,0
16.84,1.7289,0.9493,76.6336,3.1725,0.0,75.4144,,,,,,,,,,,,0.61,0.584,0.6,0.624,0
16.86,1.7289,0.9493,76.6336,3.1725,0.0,75.4144,,,,,,,,,,,,0.61,0.584,0.6,0.624,0
16.88,1.7289,0.9493,76.6336,3.1725,0.0,75.4144,,,,,,,,,,,,0.61,0.584,0.6,0.624,0
16.9,1.1313,-0.1655,76.6145,2.7521,-0.0305,75.4144,,,,,,,,,,,,0.61,0.584,0.6,0.624,0
16.92,1.1313,-0.1655,76.6145,2.7521,-0.0305,75.4144,,,,,,,,,,,,0.617,0.581,0.667,0.554,0
16.94,1.1313,-0.1655,76.6145,2.7521,-0.0305,75.4144,,,,,,,,,,,,0.617,0.581,0.667,0.554,0
16.96,1.1313,-0.1655,76.6145,2.7521,-0.0305,75.4144,,,,,,,,,,,,0.617,0.581,0.667,0.554,0
16.98,1.1313,-0.1655,76.6145,2.7521,-0.0305,75.4144,,,,,,,,,,,,0.617,0.581,0.667,0.554,0
17.0,1.0721,-0.3731,76.5809,2.0179,-0.7474,75.4145,,,,,,,,,,,,0.617,0.581,0.667,0.554,0
17.02,1.0721,-0.3731,76.5809,2.0179,-0.7474,75.4145,,,,,,,,,,,,0.588,0.612,0.655,0.564,0
17.04,1.0721,-0.3731,76.5809,2.0179,-0.7474,75.4145,,,,,,,,,,,,0.588,0.612,0.655,0.564,0
17.06,1.0721,-0.3731,76.5809,2.0179,-0.7474,75.4145,,,,,,,,,,,,0.588,0.612,0.655,0.564,0
17.08,1.0721,-0.3731,76.5809,2.0179,-0.7474,75.4145,,,,,,,,,,,,0.588,0.612,0.655,0.564,0
17.1,1.0233,-0.3068,76.2255,1.4429,-1.7144,75.4146,,,,,,,,,,,,0.588,0.612,0.655,0.564,0
17.12,1.0233,-0.3068,76.2255,1.4429,-1.7144,75.4146,,,,,,,,,,,,0.668,0.53,0.518,0.684,0
17.14,1.0233,-0.3068,76.2255,1.4429,-1.7144,75.4146,,,,,,,,,,,,0.668,0.53,0.518,0.684,0
17.16,1.0233,-0.3068,76.2255,1.4429,-1.7144,75.4146,,,,,,,,,,,,0.668,0.53,0.518,0.684,0
17.18,1.0233,-0.3068,76.2255,1.4429,-1.7144,75.4146,,,,,,,,,,,,0.668,0.53,0.518,0.684,0
17.2,0.1679,-1.6525,75.9022,1.0685,-2.3991,75.4147,,,,,,,,,,,,0.668,0.53,0.518,0.684,0
17.22,0.1679,-1.6525,75.9022,1.0685,-2.3991,75.4147,,,,,,,,,,,,0.58,0.632,0.717,0.469,0
17.24,0.1679,-1.6525,75.9022,1.0685,-2.3991,75.4147,,,,,,,,,,,,0.58,0.632,0.717,0.469,0
17.26,0.1679,-1.6525,75.9022,1.0685,-2.3991,75.4147,,,,,,,,,,,,0.58,0.632,0.717,0.469,0
17.28,0.1679,-1.6525,75.9022,1.0685,-2.3991,75.4147,,,,,,,,,,,,0.58,0.632,0.717,0.469,0
17.3,0.2524,-2.2083,75.7508,0.8453,-2.624,75.4147,,,,,,,,,,,,0.58,0.632,0.717,0.469,0
17.32,0.2524,-2.2083,75.7508,0.8453,-2.624,75.4147,,,,,,,,,,,,0.65,0.559,0.663,0.542,0
17.34,0.2524,-2.2083,75.7508,0.8453,-2.624,75.4147,,,,,,,,,,,,0.65,0.559,0.663,0.542,0
17.36,0.2524,-2.2083,75.7508,0.8453,-2.624,75.4147,,,,,,,,,,,,0.65,0.559,0.663,0.542,0
17.38,0.2524,-2.2083,75.7508,0.8453,-2.624,75.4147,,,,,,,,,,,,0.65,0.559,0.663,0.542,0
17.4,0.506,-2.5185,75.9955,0.7314,-2.709,75.4147,,,,,,,,,,,,0.65,0.559,0.663,0.542,0
17.42,0.506,-2.5185,75.9955,0.7314,-2.709,75.4147,,,,,,,,,,,,0.63,0.574,0.617,0.605,0
17.44,0.506,-2.5185,75.9955,0.7314,-2.709,75.4147,,,,,,,,,,,,0.63,0.574,0.617,0.605,0
17.46,0.506,-2.5185,75.9955,0.7314,-2.709,75.4147,,,,,,,,,,,,0.63,0.574,0.617,0.605,0
17.48,0.506,-2.5185,75.9955,0.7314,-2.709,75.4147,,,,,,,,,,,,0.63,0.574,0.617,0.605,0
17.5,1.1826,-1.9626,75.9848,0.6419,-2.8061,75.4147,,,,,,,,,,,,0.63,0.574,0.617,0.605,0
17.52,1.1826,-1.9626,75.9848,0.6419,-2.8061,75.4147,,,,,,,,,,,,0.653,0.551,0.593,0.626,0
17.54,1.1826,-1.9626,75.9848,0.6419,-2.8061,75.4147,,,,,,,,,,,,0.653,0.551,0.593,0.626,0
17.56,1.1826,-1.9626,75.9848,0.6419,-2.8061,75.4147,,,,,,,,,,,,0.653,0.551,0.593,0.626,0
17.58,1.1826,-1.9626,75.9848,0.6419,-2.8061,75.4147,,,,,,,,,,,,0.653,0.551,0.593,0.626,0
17.6,0.7743,-1.5285,75.5687,0.6094,-3.0175,75.4147,,,,,,,,,,,,0.653,0.551,0.593,0.626,0
17.62,0.7743,-1.5285,75.5687,0.6094,-3.0175,75.4147,,,,,,,,,,,,0.561,0.653,0.653,0.554,0
17.64,0.7743,-1.5285,75.5687,0.6094,-3.0175,75.4147,,,,,,,,,,,,0.561,0.653,0.653,0.554,0
17.66,0.7743,-1.5285,75.5687,0.6094,-3.0175,75.4147,,,,,,,,,,,,0.561,0.653,0.653,0.554,0
17.68,0.7743,-1.5285,75.5687,0.6094,-3.0175,75.4147,,,,,,,,,,,,0.561,0.653,0.653,0.554,0
17.7,0.647,-0.9626,74.9661,0.5308,-2.9926,75.4147,,,,,,,,,,,,0.561,0.653,0.653,0.554,0
17.72,0.647,-0.9626,74.9661,0.5308,-2.9926,75.4147,,,,,,,,,,,,0.651,0.578,0.579,0.622,0
17.74,0.647,-0.9626,74.9661,0.5308,-2.9926,75.4147,,,,,,,,,,,,0.651,0.578,0.579,0.622,0
17.76,0.647,-0.9626,74.9661,0.5308,-2.9926,75.4147,,,,,,,,,,,,0.651,0.578,0.579,0.622,0
17.78,0.647,-0.9626,74.9661,0.5308,-2.9926,75.4147,,,,,,,,,,,,0.651,0.578,0.579,0.622,0
17.8,0.017,-0.5247,74.1586,0.271,-2.6387,75.4147,,,,,,,,,,,,0.651,0.578,0.579,0.622,0
17.82,0.017,-0.5247,74.1586,0.271,-2.6387,75.4147,,,,,,,,,,,,0.596,0.648,0.625,0.56,0
17.84,0.017,-0.5247,74.1586,0.271,-2.6387,75.4147,,,,,,,,,,,,0.596,0.648,0.625,0.56,0
17.86,0.017,-0.5247,74.1586,0.271,-2.6387,75.4147,,,,,,,,,,,,0.596,0.648,0.625,0.56,0
17.88,0.017,-0.5247,74.1586,0.271,-2.6387,75.4147,,,,,,,,,,,,0.596,0.648,0.625,0.56,0
17.9,-0.2941,-0.1774,73.2739,0.1384,-2.3888,75.4148,,,,,,,,,,,,0.596,0.648,0.625,0.56,0
17.92,-0.2941,-0.1774,73.2739,0.1384,-2.3888,75.4148,,,,,,,,,,,,0.644,0.614,0.585,0.593,0
17.94,-0.2941,-0.1774,73.2739,0.1384,-2.3888,75.4148,,,,,,,,,,,,0.644,0.614,0.585,0.593,0
17.96,-0.2941,-0.1774,73.2739,0.1384,-2.3888,75.4148,,,,,,,,,,,,0.644,0.614,0.585,0.593,0
17.98,-0.2941,-0.1774,73.2739,0.1384,-2.3888,75.4148,,,,,,,,,,,,0.644,0.614,0.585,0.593,0
18.0,-0.0108,-0.6407,72.6049,0.0706,-2.2357,75.4147,,,,,,,,,,,,0.644,0.614,0.585,0.593,0
18.02,-0.0108,-0.6407,72.6049,0.0706,-2.2357,75.4147,,,,,,,,,,,,0.646,0.617,0.596,0.57,0
18.04,-0.0108,-0.6407,72.6049,0.0706,-2.2357,75.4147,,,,,,,,,,,,0.646,0.617,0.596,0.57,0
18.06,-0.0108,-0.6407,72.6049,0.0706,-2.2357,75.4147,,,,,,,,,,,,0.646,0.617,0.596,0.57,0
18.08,-0.0108,-0.6407,72.6049,0.0706,-2.2357,75.4147,,,,,,,,,,,,0.646,0.617,0.596,0.57,0
18.1,0.5168,-1.1028,71.9207,0.0361,-2.6169,75.4148,,,,,,,,,,,,0.646,0.617,0.596,0.57,0
18.12,0.5168,-1.1028,71.9207,0.0361,-2.6169,75.4148,,,,,,,,,,,,0.668,0.599,0.528,0.629,0
18.14,0.5168,-1.1028,71.9207,0.0361,-2.6169,75.4148,,,,,,,,,,,,0.668,0.599,0.528,0.629,0
18.16,0.5168,-1.1028,71.9207,0.0361,-2.6169,75.4148,,,,,,,,,,,,0.668,0.599,0.528,0.629,0
18.18,0.5168,-1.1028,71.9207,0.0361,-2.6169,75.4148,,,,,,,,,,,,0.668,0.599,0.528,0.629,0
18.2,1.4029,-2.0102,71.6529,0.0184,-3.357,75.4148,,,,,,,,,,,,0.668,0.599,0.528,0.629,0
18.22,1.4029,-2.0102,71.6529,0.0184,-3.357,75.4148,,,,,,,,,,,,0.664,0.604,0.566,0.592,0
18.24,1.4029,-2.0102,71.6529,0.0184,-3.357,75.4148,,,,,,,,,,,,0.664,0.604,0.566,0.592,0
18.26,1.4029,-2.0102,71.6529,0.0184,-3.357,75.4148,,,,,,,,,,,,0.664,0.604,0.566,0.592,0
18.28,1.4029,-2.0102,71.6529,0.0184,-3.357,75.4148,,,,,,,,,,,,0.664,0.604,0.566,0.592,0
18.3,1.0133,-3.4012,71.3679,0.0094,-4.1525,75.4148,,,,,,,,,,,,0.664,0.604,0.566,0.592,0
18.32,1.0133,-3.4012,71.3679,0.0094,-4.1525,75.4148,,,,,,,,,,,,0.646,0.622,0.615,0.54,0
18.34,1.0133,-3.4012,71.3679,0.0094,-4.1525,75.4148,,,,,,,,,,,,0.646,0.622,0.615,0.54,0
18.36,1.0133,-3.4012,71.3679,0.0094,-4.1525,75.4148,,,,,,,,,,,,0.646,0.622,0.615,0.54,0
18.38,1.0133,-3.4012,71.3679,0.0094,-4.1525,75.4148,,,,,,,,,,,,0.646,0.622,0.615,0.54,0
18.4,0.4944,-4.5567,71.5248,0.0048,-4.6403,75.4621,,,,,,,,,,,,0.646,0.622,0.615,0.54,0
18.42,0.4944,-4.5567,71.5248,0.0048,-4.6403,75.4621,,,,,,,,,,,,0.664,0.599,0.627,0.537,0
18.44,0.4944,-4.5567,71.5248,0.0048,-4.6403,75.4621,,,,,,,,,,,,0.664,0.599,0.627,0.537,0
18.46,0.4944,-4.5567,71.5248,0.0048,-4.6403,75.4621,,,,,,,,,,,,0.664,0.599,0.627,0.537,0
18.48,0.4944,-4.5567,71.5248,0.0048,-4.6403,75.4621,,,,,,,,,,,,0.664,0.599,0.627,0.537,0
18.5,-0.0525,-5.4645,72.1481,0.0024,-4.8835,75.8006,,,,,,,,,,,,0.664,0.599,0.627,0.537,0
18.52,-0.0525,-5.4645,72.1481,0.0024,-4.8835,75.8006,,,,,,,,,,,,0.64,0.619,0.612,0.558,0
18.54,-0.0525,-5.4645,72.1481,0.0024,-4.8835,75.8006,,,,,,,,,,,,0.64,0.619,0.612,0.558,0
18.56,-0.0525,-5.4645,72.1481,0.0024,-4.8835,75.8006,,,,,,,,,,,,0.64,0.619,0.612,0.558,0
18.58,-0.0525,-5.4645,72.1481,0.0024,-4.8835,75.8006,,,,,,,,,,,,0.64,0.619,0.612,0.558,0
18.6,0.5738,-5.3477,72.7638,0.0012,-5.2654,76.2528,,,,,,,,,,,,0.64,0.619,0.612,0.558,0
18.62,0.5738,-5.3477,72.7638,0.0012,-5.2654,76.2528,,,,,,,,,,,,0.671,0.583,0.526,0.642,0
18.64,0.5738,-5.3477,72.7638,0.0012,-5.2654,76.2528,,,,,,,,,,,,0.671,0.583,0.526,0.642,0
18.66,0.5738,-5.3477,72.7638,0.0012,-5.2654,76.2528,,,,,,,,,,,,0.671,0.583,0.526,0.642,0
18.68,0.5738,-5.3477,72.7638,0.0012,-5.2654,76.2528,,,,,,,,,,,,0.671,0.583,0.526,0.642,0
18.7,0.3014,-4.8765,73.7692,0.0006,-5.648,76.6002,,,,,,,,,,,,0.671,0.583,0.526,0.642,0
18.72,0.3014,-4.8765,73.7692,0.0006,-5.648,76.6002,,,,,,,,,,,,0.623,0.618,0.505,0.673,0
18.74,0.3014,-4.8765,73.7692,0.0006,-5.648,76.6002,,,,,,,,,,,,0.623,0.618,0.505,0.673,0
18.76,0.3014,-4.8765,73.7692,0.0006,-5.648,76.6002,,,,,,,,,,,,0.623,0.618,0.505,0.673,0
18.78,0.3014,-4.8765,73.7692,0.0006,-5.648,76.6002,,,,,,,,,,,,0.623,0.618,0.505,0.673,0
18.8,0.5521,-4.7058,75.3665,0.0003,-5.7904,76.7955,,,,,,,,,,,,0.623,0.618,0.505,0.673,0
18.82,0.5521,-4.7058,75.3665,0.0003,-5.7904,76.7955,,,,,,,,,,,,0.581,0.632,0.589,0.627,0
18.84,0.5521,-4.7058,75.3665,0.0003,-5.7904,76.7955,,,,,,,,,,,,0.581,0.632,0.589,0.627,0
18.86,0.5521,-4.7058,75.3665,0.0003,-5.7904,76.7955,,,,,,,,,,,,0.581,0.632,0.589,0.627,0
18.88,0.5521,-4.7058,75.3665,0.0003,-5.7904,76.7955,,,,,,,,,,,,0.581,0.632,0.589,0.627,0
18.9,-0.298,-4.7799,76.8718,0.0002,-5.764,76.7996,,,,,,,,,,,,0.581,0.632,0.589,0.627,0
18.92,-0.298,-4.7799,76.8718,0.0002,-5.764,76.7996,,,,,,,,,,,,0.565,0.624,0.658,0.576,0
18.94,-0.298,-4.7799,76.8718,0.0002,-5.764,76.7996,,,,,,,,,,,,0.565,0.624,0.658,0.576,0
18.96,-0.298,-4.7799,76.8718,0.0002,-5.764,76.7996,,,,,,,,,,,,0.565,0.624,0.658,0.576,0
18.98,-0.298,-4.7799,76.8718,0.0002,-5.764,76.7996,,,,,,,,,,,,0.565,0.624,0.658,0.576,0
19.0,-0.363,-4.445,78.1242,0.0001,-5.8062,76.7996,,,,,,,,,,,,0.565,0.624,0.658,0.576,0
19.02,-0.363,-4.445,78.1242,0.0001,-5.8062,76.7996,,,,,,,,,,,,0.618,0.545,0.655,0.574,0
19.04,-0.363,-4.445,78.1242,0.0001,-5.8062,76.7996,,,,,,,,,,,,0.618,0.545,0.655,0.574,0
19.06,-0.363,-4.445,78.1242,0.0001,-5.8062,76.7996,,,,,,,,,,,,0.618,0.545,0.655,0.574,0
19.08,-0.363,-4.445,78.1242,0.0001,-5.8062,76.7996,,,,,,,,,,,,0.618,0.545,0.655,0.574,0
19.1,-0.7088,-3.8637,78.5496,0.0,-6.0281,76.7996,,,,,,,,,,,,0.618,0.545,0.655,0.574,0
19.12,-0.7088,-3.8637,78.5496,0.0,-6.0281,76.7996,,,,,,,,,,,,0.612,0.551,0.504,0.705,0
19.14,-0.7088,-3.8637,78.5496,0.0,-6.0281,76.7996,,,,,,,,,,,,0.612,0.551,0.504,0.705,0
19.16,-0.7088,-3.8637,78.5496,0.0,-6.0281,76.7996,,,,,,,,,,,,0.612,0.551,0.504,0.705,0
19.18,-0.7088,-3.8637,78.5496,0.0,-6.0281,76.7996,,,,,,,,,,,,0.612,0.551,0.504,0.705,0
19.2,-0.1749,-3.5913,78.6952,0.0,-6.2009,76.7996,,,,,,,,,,,,0.612,0.551,0.504,0.705,0
19.22,-0.1749,-3.5913,78.6952,0.0,-6.2009,76.7996,,,,,,,,,,,,0.506,0.659,0.611,0.61,0
19.24,-0.1749,-3.5913,78.6952,0.0,-6.2009,76.7996,,,,,,,,,,,,0.506,0.659,0.611,0.61,0
19.26,-0.1749,-3.5913,78.6952,0.0,-6.2009,76.7996,,,,,,,,,,,,0.506,0.659,0.611,0.61,0
19.28,-0.1749,-3.5913,78.6952,0.0,-6.2009,76.7996,,,,,,,,,,,,0.506,0.659,0.611,0.61,0
19.3,1.2945,-2.6515,78.6612,0.0,-6.3154,76.7996,,,,,,,,,,,,0.506,0.659,0.611,0.61,0
19.32,1.2945,-2.6515,78.6612,0.0,-6.3154,76.7996,,,,,,,,,,,,0.601,0.579,0.555,0.655,0
19.34,1.2945,-2.6515,78.6612,0.0,-6.3154,76.7996,,,,,,,,,,,,0.601,0.579,0.555,0.655,0
19.36,1.2945,-2.6515,78.6612,0.0,-6.3154,76.7996,,,,,,,,,,,,0.601,0.579,0.555,0.655,0
19.38,1.2945,-2.6515,78.6612,0.0,-6.3154,76.7996,,,,,,,,,,,,0.601,0.579,0.555,0.655,0
19.4,1.4301,-3.068,78.1553,0.0,-6.4322,76.7996,,,,,,,,,,,,0.601,0.579,0.555,0.655,0
19.42,1.4301,-3.068,78.1553,0.0,-6.4322,76.7996,,,,,,,,,,,,0.604,0.587,0.637,0.564,0
19.44,1.4301,-3.068,78.1553,0.0,-6.4322,76.7996,,,,,,,,,,,,0.604,0.587,0.637,0.564,0
19.46,1.4301,-3.068,78.1553,0.0,-6.4322,76.7996,,,,,,,,,,,,0.604,0.587,0.637,0.564,0
19.48,1.4301,-3.068,78.1553,0.0,-6.4322,76.7996,,,,,,,,,,,,0.604,0.587,0.637,0.564,0
19.5,0.8309,-3.848,77.4464,0.0,-6.5483,76.7995,,,,,,,,,,,,0.604,0.587,0.637,0.564,0
19.52,0.8309,-3.848,77.4464,0.0,-6.5483,76.7995,,,,,,,,,,,,0.606,0.635,0.652,0.578,0
19.54,0.8309,-3.848,77.4464,0.0,-6.5483,76.7995,,,,,,,,,,,,0.606,0.635,0.652,0.578,0
19.56,0.8309,-3.848,77.4464,0.0,-6.5483,76.7995,,,,,,,,,,,,0.606,0.635,0.652,0.578,0
19.58,0.8309,-3.848,77.4464,0.0,-6.5483,76.7995,,,,,,,,,,,,0.606,0.635,0.652,0.578,0
19.6,0.9406,-3.9952,76.9116,0.0,-6.6193,76.7996,,,,,,,,,,,,0.606,0.635,0.652,0.578,0
19.62,0.9406,-3.9952,76.9116,0.0,-6.6193,76.7996,,,,,,,,,,,,0.661,0.586,0.516,0.696,0
19.64,0.9406,-3.9952,76.9116,0.0,-6.6193,76.7996,,,,,,,,,,,,0.661,0.586,0.516,0.696,0
19.66,0.9406,-3.9952,76.9116,0.0,-6.6193,76.7996,,,,,,,,,,,,0.661,0.586,0.516,0.696,0
19.68,0.9406,-3.9952,76.9116,0.0,-6.6193,76.7996,,,,,,,,,,,,0.661,0.586,0.516,0.696,0
19.7,0.7212,-4.1548,76.5327,0.0,-6.6555,76.7996,,,,,,,,,,,,0.661,0.586,0.516,0.696,0
19.72,0.7212,-4.1548,76.5327,0.0,-6.6555,76.7996,,,,,,,,,,,,0.62,0.627,0.595,0.624,0
19.74,0.7212,-4.1548,76.5327,0.0,-6.6555,76.7996,,,,,,,,,,,,0.62,0.627,0.595,0.624,0
19.76,0.7212,-4.1548,76.5327,0.0,-6.6555,76.7996,,,,,,,,,,,,0.62,0.627,0.595,0.624,0
19.78,0.7212,-4.1548,76.5327,0.0,-6.6555,76.7996,,,,,,,,,,,,0.62,0.627,0.595,0.624,0
19.8,0.3538,-5.0282,76.0709,0.0,-6.674,76.7996,,,,,,,,,,,,0.62,0.627,0.595,0.624,0
19.82,0.3538,-5.0282,76.0709,0.0,-6.674,76.7996,,,,,,,,,,,,0.603,0.652,0.678,0.532,0
19.84,0.3538,-5.0282,76.0709,0.0,-6.674,76.7996,,,,,,,,,,,,0.603,0.652,0.678,0.532,0
19.86,0.3538,-5.0282,76.0709,0.0,-6.674,76.7996,,,,,,,,,,,,0.603,0.652,0.678,0.532,0
19.88,0.3538,-5.0282,76.0709,0.0,-6.674,76.7996,,,,,,,,,,,,0.603,0.652,0.678,0.532,0
19.9,0.8142,-5.3445,75.8886,0.0,-6.6277,76.7996,,,,,,,,,,,,0.603,0.652,0.678,0.532,0
19.92,0.8142,-5.3445,75.8886,0.0,-6.6277,76.7996,,,,,,,,,,,,0.675,0.594,0.567,0.664,0
19.94,0.8142,-5.3445,75.8886,0.0,-6.6277,76.7996,,,,,,,,,,,,0.675,0.594,0.567,0.664,0
19.96,0.8142,-5.3445,75.8886,0.0,-6.6277,76.7996,,,,,,,,,,,,0.675,0.594,0.567,0.664,0
19.98,0.8142,-5.3445,75.8886,0.0,-6.6277,76.7996,,,,,,,,,,,,0.675,0.594,0.567,0.664,0
20.0,0.1999,-5.8717,75.6402,0.0,-6.5734,76.7996,,,,,,,,,,,,0.675,0.594,0.567,0.664,0
20.02,0.1999,-5.8717,75.6402,0.0,-6.5734,76.7996,,,,,,,,,,,,0.606,0.669,0.631,0.606,0
20.04,0.1999,-5.8717,75.6402,0.0,-6.5734,76.7996,,,,,,,,,,,,0.606,0.669,0.631,0.606,0
20.06,0.1999,-5.8717,75.6402,0.0,-6.5734,76.7996,,,,,,,,,,,,0.606,0.669,0.631,0.606,0
20.08,0.1999,-5.8717,75.6402,0.0,-6.5734,76.7996,,,,,,,,,,,,0.606,0.669,0.631,0.606,0
20.1,-0.1302,-5.4724,75.1758,0.0,-6.4757,76.7996,,,,,,,,,,,,0.606,0.669,0.631,0.606,0
20.12,-0.1302,-5.4724,75.1758,0.0,-6.4757,76.7996,,,,,,,,,,,,0.608,0.672,0.627,0.599,0
20.14,-0.1302,-5.4724,75.1758,0.0,-6.4757,76.7996,,,,,,,,,,,,0.608,0.672,0.627,0.599,0
20.16,-0.1302,-5.4724,75.1758,0.0,-6.4757,76.7996,,,,,,,,,,,,0.608,0.672,0.627,0.599,0
20.18,-0.1302,-5.4724,75.1758,0.0,-6.4757,76.7996,,,,,,,,,,,,0.608,0.672,0.627,0.599,0
20.2,0.0427,-4.3634,74.9208,0.0,-6.3856,76.7996,,,,,,,,,,,,0.608,0.672,0.627,0.599,0
20.22,0.0427,-4.3634,74.9208,0.0,-6.3856,76.7996,,,,,,,,,,,,0.651,0.631,0.52,0.691,0
20.24,0.0427,-4.3634,74.9208,0.0,-6.3856,76.7996,,,,,,,,,,,,0.651,0.631,0.52,0.691,0
20.26,0.0427,-4.3634,74.9208,0.0,-6.3856,76.7996,,,,,,,,,,,,0.651,0.631,0.52,0.691,0
20.28,0.0427,-4.3634,74.9208,0.0,-6.3856,76.7996,,,,,,,,,,,,0.651,0.631,0.52,0.691,0
20.3,0.1452,-4.2984,74.7815,0.0,-6.3486,76.7996,,,,,,,,,,,,0.651,0.631,0.52,0.691,0
20.32,0.1452,-4.2984,74.7815,0.0,-6.3486,76.7996,,,,,,,,,,,,0.643,0.665,0.631,0.618,0
20.34,0.1452,-4.2984,74.7815,0.0,-6.3486,76.7996,,,,,,,,,,,,0.643,0.665,0.631,0.618,0
20.36,0.1452,-4.2984,74.7815,0.0,-6.3486,76.7996,,,,,,,,,,,,0.643,0.665,0.631,0.618,0
20.38,0.1452,-4.2984,74.7815,0.0,-6.3486,76.7996,,,,,,,,,,,,0.643,0.665,0.631,0.618,0
20.4,0.2934,-4.7397,74.6123,0.0,-6.3497,76.7995,,,,,,,,,,,,0.643,0.665,0.631,0.618,0
20.42,0.2934,-4.7397,74.6123,0.0,-6.3497,76.7995,,,,,,,,,,,,0.652,0.661,0.669,0.582,0
20.44,0.2934,-4.7397,74.6123,0.0,-6.3497,76.7995,,,,,,,,,,,,0.652,0.661,0.669,0.582,0
20.46,0.2934,-4.7397,74.6123,0.0,-6.3497,76.7995,,,,,,,,,,,,0.652,0.661,0.669,0.582,0
20.48,0.2934,-4.7397,74.6123,0.0,-6.3497,76.7995,,,,,,,,,,,,0.652,0.661,0.669,0.582,0
20.5,0.7248,-4.6988,74.703,0.0,-6.42,76.7996,,,,,,,,,,,,0.652,0.661,0.669,0.582,0
20.52,0.7248,-4.6988,74.703,0.0,-6.42,76.7996,,,,,,,,,,,,0.663,0.641,0.545,0.7,0
20.54,0.7248,-4.6988,74.703,0.0,-6.42,76.7996,,,,,,,,,,,,0.663,0.641,0.545,0.7,0
20.56,0.7248,-4.6988,74.703,0.0,-6.42,76.7996,,,,,,,,,,,,0.663,0.641,0.545,0.7,0
20.58,0.7248,-4.6988,74.703,0.0,-6.42,76.7996,,,,,,,,,,,,0.663,0.641,0.545,0.7,0
20.6,0.7699,-4.5511,74.918,0.0,-6.4079,76.7996,,,,,,,,,,,,0.663,0.641,0.545,0.7,0
20.62,0.7699,-4.5511,74.918,0.0,-6.4079,76.7996,,,,,,,,,,,,0.636,0.666,0.58,0.672,0
20.64,0.7699,-4.5511,74.918,0.0,-6.4079,76.7996,,,,,,,,,,,,0.636,0.666,0.58,0.672,0
20.66,0.7699,-4.5511,74.918,0.0,-6.4079,76.7996,,,,,,,,,,,,0.636,0.666,0.58,0.672,0
20.68,0.7699,-4.5511,74.918,0.0,-6.4079,76.7996,,,,,,,,,,,,0.636,0.666,0.58,0.672,0
20.7,0.6179,-4.1709,75.1161,0.0,-6.3675,76.7996,,,,,,,,,,,,0.636,0.666,0.58,0.672,0
20.72,0.6179,-4.1709,75.1161,0.0,-6.3675,76.7996,,,,,,,,,,,,0.672,0.626,0.588,0.666,0
20.74,0.6179,-4.1709,75.1161,0.0,-6.3675,76.7996,,,,,,,,,,,,0.672,0.626,0.588,0.666,0
20.76,0.6179,-4.1709,75.1161,0.0,-6.3675,76.7996,,,,,,,,,,,,0.672,0.626,0.588,0.666,0
20.78,0.6179,-4.1709,75.1161,0.0,-6.3675,76.7996,,,,,,,,,,,,0.672,0.626,0.588,0.666,0
20.8,-0.0968,-4.0606,75.2347,0.0,-5.6996,76.7996,,,,,,,,,,,,0.672,0.626,0.588,0.666,0
20.82,-0.0968,-4.0606,75.2347,0.0,-5.6996,76.7996,,,,,,,,,,,,0.687,0.601,0.534,0.705,0
20.84,-0.0968,-4.0606,75.2347,0.0,-5.6996,76.7996,,,,,,,,,,,,0.687,0.601,0.534,0.705,0
20.86,-0.0968,-4.0606,75.2347,0.0,-5.6996,76.7996,,,,,,,,,,,,0.687,0.601,0.534,0.705,0
20.88,-0.0968,-4.0606,75.2347,0.0,-5.6996,76.7996,,,,,,,,,,,,0.687,0.601,0.534,0.705,0
20.9,0.0658,-3.388,75.7115,0.0,-3.7604,76.7997,,,,,,,,,,,,0.687,0.601,0.534,0.705,0
20.92,0.0658,-3.388,75.7115,0.0,-3.7604,76.7997,,,,,,,,,,,,0.671,0.6,0.638,0.606,0
20.94,0.0658,-3.388,75.7115,0.0,-3.7604,76.7997,,,,,,,,,,,,0.671,0.6,0.638,0.606,0
20.96,0.0658,-3.388,75.7115,0.0,-3.7604,76.7997,,,,,,,,,,,,0.671,0.6,0.638,0.606,0
20.98,0.0658,-3.388,75.7115,0.0,-3.7604,76.7997,,,,,,,,,,,,0.671,0.6,0.638,0.606,0
21.0,0.2522,-0.9491,75.8924,0.0,-1.9246,76.7997,,,,,,,,,,,,0.671,0.6,0.638,0.606,0
21.02,0.2522,-0.9491,75.8924,0.0,-1.9246,76.7997,,,,,,,,,,,,0.603,0.667,0.603,0.647,0
21.04,0.2522,-0.9491,75.8924,0.0,-1.9246,76.7997,,,,,,,,,,,,0.603,0.667,0.603,0.647,0
21.06,0.2522,-0.9491,75.8924,0.0,-1.9246,76.7997,,,,,,,,,,,,0.603,0.667,0.603,0.647,0
21.08,0.2522,-0.9491,75.8924,0.0,-1.9246,76.7997,,,,,,,,,,,,0.603,0.667,0.603,0.647,0
21.1,0.487,1.4381,76.2289,0.0,-0.9826,76.7997,,,,,,,,,,,,0.603,0.667,0.603,0.647,0
21.12,0.487,1.4381,76.2289,0.0,-0.9826,76.7997,,,,,,,,,,,,0.554,0.707,0.639,0.614,0
21.14,0.487,1.4381,76.2289,0.0,-0.9826,76.7997,,,,,,,,,,,,0.554,0.707,0.639,0.614,0
21.16,0.487,1.4381,76.2289,0.0,-0.9826,76.7997,,,,,,,,,,,,0.554,0.707,0.639,0.614,0
21.18,0.487,1.4381,76.2289,0.0,-0.9826,76.7997,,,,,,,,,,,,0.554,0.707,0.639,0.614,0
21.2,0.4458,1.9534,76.5111,0.0,-0.4733,76.7997,,,,,,,,,,,,0.554,0.707,0.639,0.614,0
21.22,0.4458,1.9534,76.5111,0.0,-0.4733,76.7997,,,,,,,,,,,,0.596,0.669,0.695,0.554,0
21.24,0.4458,1.9534,76.5111,0.0,-0.4733,76.7997,,,,,,,,,,,,0.596,0.669,0.695,0.554,0
21.26,0.4458,1.9534,76.5111,0.0,-0.4733,76.7997,,,,,,,,,,,,0.596,0.669,0.695,0.554,0
21.28,0.4458,1.9534,76.5111,0.0,-0.4733,76.7997,,,,,,,,,,,,0.596,0.669,0.695,0.554,0
21.3,-0.0883,1.3884,76.8353,0.0,0.5038,76.7997,,,,,,,,,,,,0.596,0.669,0.695,0.554,0
21.32,-0.0883,1.3884,76.8353,0.0,0.5038,76.7997,,,,,,,,,,,,0.621,0.639,0.674,0.585,0
21.34,-0.0883,1.3884,76.8353,0.0,0.5038,76.7997,,,,,,,,,,,,0.621,0.639,0.674,0.585,0
21.36,-0.0883,1.3884,76.8353,0.0,0.5038,76.7997,,,,,,,,,,,,0.621,0.639,0.674,0.585,0
21.38,-0.0883,1.3884,76.8353,0.0,0.5038,76.7997,,,,,,,,,,,,0.621,0.639,0.674,0.585,0
21.4,-0.4592,1.7505,77.1772,0.0,1.5234,76.7997,,,,,,,,,,,,0.621,0.639,0.674,0.585,0
21.42,-0.4592,1.7505,77.1772,0.0,1.5234,76.7997,,,,,,,,,,,,0.641,0.614,0.533,0.718,0
21.44,-0.4592,1.7505,77.1772,0.0,1.5234,76.7997,,,,,,,,,,,,0.641,0.614,0.533,0.718,0
21.46,-0.4592,1.7505,77.1772,0.0,1.5234,76.7997,,,,,,,,,,,,0.641,0.614,0.533,0.718,0
21.48,-0.4592,1.7505,77.1772,0.0,1.5234,76.7997,,,,,,,,,,,,0.641,0.614,0.533,0.718,0
21.5,0.274,2.7442,77.6615,0.0,2.8037,76.7997,,,,,,,,,,,,0.641,0.614,0.533,0.718,0
21.52,0.274,2.7442,77.6615,0.0,2.8037,76.7997,,,,,,,,,,,,0.663,0.59,0.601,0.666,0
21.54,0.274,2.7442,77.6615,0.0,2.8037,76.7997,,,,,,,,,,,,0.663,0.59,0.601,0.666,0
21.56,0.274,2.7442,77.6615,0.0,2.8037,76.7997,,,,,,,,,,,,0.663,0.59,0.601,0.666,0
21.58,0.274,2.7442,77.6615,0.0,2.8037,76.7997,,,,,,,,,,,,0.663,0.59,0.601,0.666,0
21.6,0.3806,4.5437,77.6233,0.0,3.8938,76.7998,,,,,,,,,,,,0.663,0.59,0.601,0.666,0
21.62,0.3806,4.5437,77.6233,0.0,3.8938,76.7998,,,,,,,,,,,,0.651,0.61,0.565,0.695,0
21.64,0.3806,4.5437,77.6233,0.0,3.8938,76.7998,,,,,,,,,,,,0.651,0.61,0.565,0.695,0
21.66,0.3806,4.5437,77.6233,0.0,3.8938,76.7998,,,,,,,,,,,,0.651,0.61,0.565,0.695,0
21.68,0.3806,4.5437,77.6233,0.0,3.8938,76.7998,,,,,,,,,,,,0.651,0.61,0.565,0.695,0
21.7,-0.8667,4.6713,77.5969,0.0,4.5783,76.7998,,,,,,,,,,,,0.651,0.61,0.565,0.695,0
21.72,-0.8667,4.6713,77.5969,0.0,4.5783,76.7998,,,,,,,,,,,,0.622,0.643,0.66,0.604,0
21.74,-0.8667,4.6713,77.5969,0.0,4.5783,76.7998,,,,,,,,,,,,0.622,0.643,0.66,0.604,0
21.76,-0.8667,4.6713,77.5969,0.0,4.5783,76.7998,,,,,,,,,,,,0.622,0.643,0.66,0.604,0
21.78,-0.8667,4.6713,77.5969,0.0,4.5783,76.7998,,,,,,,,,,,,0.622,0.643,0.66,0.604,0
21.8,-1.8525,4.0187,77.2503,0.0,4.7709,76.7998,,,,,,,,,,,,0.622,0.643,0.66,0.604,0
21.82,-1.8525,4.0187,77.2503,0.0,4.7709,76.7998,,,,,,,,,,,,0.631,0.637,0.631,0.623,0
21.84,-1.8525,4.0187,77.2503,0.0,4.7709,76.7998,,,,,,,,,,,,0.631,0.637,0.631,0.623,0
21.86,-1.8525,4.0187,77.2503,0.0,4.7709,76.7998,,,,,,,,,,,,0.631,0.637,0.631,0.623,0
21.88,-1.8525,4.0187,77.2503,0.0,4.7709,76.7998,,,,,,,,,,,,0.631,0.637,0.631,0.623,0
21.9,-1.9343,3.4713,76.6541,0.0,4.4084,76.7998,,,,,,,,,,,,0.631,0.637,0.631,0.623,0
21.92,-1.9343,3.4713,76.6541,0.0,4.4084,76.7998,,,,,,,,,,,,0.627,0.649,0.63,0.612,0
21.94,-1.9343,3.4713,76.6541,0.0,4.4084,76.7998,,,,,,,,,,,,0.627,0.649,0.63,0.612,0
21.96,-1.9343,3.4713,76.6541,0.0,4.4084,76.7998,,,,,,,,,,,,0.627,0.649,0.63,0.612,0
21.98,-1.9343,3.4713,76.6541,0.0,4.4084,76.7998,,,,,,,,,,,,0.627,0.649,0.63,0.612,0
22.0,-1.0378,3.3053,76.0191,0.0,3.6867,76.7998,,,,,,,,,,,,0.627,0.649,0.63,0.612,0
22.02,-1.0378,3.3053,76.0191,0.0,3.6867,76.7998,,,,,,,,,,,,0.591,0.65,0.594,0.592,0
22.04,-1.0378,3.3053,76.0191,0.0,3.6867,76.7998,,,,,,,,,,,,0.591,0.65,0.594,0.592,0
22.06,-1.0378,3.3053,76.0191,0.0,3.6867,76.7998,,,,,,,,,,,,0.591,0.65,0.594,0.592,0
22.08,-1.0378,3.3053,76.0191,0.0,3.6867,76.7998,,,,,,,,,,,,0.591,0.65,0.594,0.592,0
22.1,-0.4696,2.7121,75.5171,0.0,2.9195,76.7998,,,,,,,,,,,,0.591,0.65,0.594,0.592,0
22.12,-0.4696,2.7121,75.5171,0.0,2.9195,76.7998,,,,,,,,,,,,0.625,0.596,0.495,0.647,0
22.14,-0.4696,2.7121,75.5171,0.0,2.9195,76.7998,,,,,,,,,,,,0.625,0.596,0.495,0.647,0
22.16,-0.4696,2.7121,75.5171,0.0,2.9195,76.7998,,,,,,,,,,,,0.625,0.596,0.495,0.647,0
22.18,-0.4696,2.7121,75.5171,0.0,2.9195,76.7998,,,,,,,,,,,,0.625,0.596,0.495,0.647,0
22.2,-0.8489,1.1538,75.247,0.0,2.4934,76.7998,,,,,,,,,,,,0.625,0.596,0.495,0.647,0
22.22,-0.8489,1.1538,75.247,0.0,2.4934,76.7998,,,,,,,,,,,,0.604,0.621,0.645,0.502,0
22.24,-0.8489,1.1538,75.247,0.0,2.4934,76.7998,,,,,,,,,,,,0.604,0.621,0.645,0.502,0
22.26,-0.8489,1.1538,75.247,0.0,2.4934,76.7998,,,,,,,,,,,,0.604,0.621,0.645,0.502,0
22.28,-0.8489,1.1538,75.247,0.0,2.4934,76.7998,,,,,,,,,,,,0.604,0.621,0.645,0.502,0
22.3,-1.4097,0.4998,75.0763,0.0915,2.7871,76.7999,,,,,,,,,,,,0.604,0.621,0.645,0.502,0
22.32,-1.4097,0.4998,75.0763,0.0915,2.7871,76.7999,,,,,,,,,,,,0.646,0.593,0.643,0.519,0
22.34,-1.4097,0.4998,75.0763,0.0915,2.7871,76.7999,,,,,,,,,,,,0.646,0.593,0.643,0.519,0
22.36,-1.4097,0.4998,75.0763,0.0915,2.7871,76.7999,,,,,,,,,,,,0.646,0.593,0.643,0.519,0
22.38,-1.4097,0.4998,75.0763,0.0915,2.7871,76.7999,,,,,,,,,,,,0.646,0.593,0.643,0.519,0
22.4,-0.2394,1.9382,74.7052,0.1487,3.5428,76.7999,,,,,,,,,,,,0.646,0.593,0.643,0.519,0
22.42,-0.2394,1.9382,74.7052,0.1487,3.5428,76.7999,,,,,,,,,,,,0.667,0.582,0.535,0.632,0
22.44,-0.2394,1.9382,74.7052,0.1487,3.5428,76.7999,,,,,,,,,,,,0.667,0.582,0.535,0.632,0
22.46,-0.2394,1.9382,74.7052,0.1487,3.5428,76.7999,,,,,,,,,,,,0.667,0.582,0.535,0.632,0
22.48,-0.2394,1.9382,74.7052,0.1487,3.5428,76.7999,,,,,,,,,,,,0.667,0.582,0.535,0.632,0
22.5,1.7483,4.5172,74.5947,0.1621,3.9132,76.7999,,,,,,,,,,,,0.667,0.582,0.535,0.632,0
22.52,1.7483,4.5172,74.5947,0.1621,3.9132,76.7999,,,,,,,,,,,,0.638,0.614,0.505,0.659,0
22.54,1.7483,4.5172,74.5947,0.1621,3.9132,76.7999,,,,,,,,,,,,0.638,0.614,0.505,0.659,0
22.56,1.7483,4.5172,74.5947,0.1621,3.9132,76.7999,,,,,,,,,,,,0.638,0.614,0.505,0.659,0
22.58,1.7483,4.5172,74.5947,0.1621,3.9132,76.7999,,,,,,,,,,,,0.638,0.614,0.505,0.659,0
22.6,2.4181,5.6921,74.4078,0.2878,3.5196,76.7999,,,,,,,,,,,,0.638,0.614,0.505,0.659,0
22.62,2.4181,5.6921,74.4078,0.2878,3.5196,76.7999,,,,,,,,,,,,0.596,0.655,0.593,0.578,0
22.64,2.4181,5.6921,74.4078,0.2878,3.5196,76.7999,,,,,,,,,,,,0.596,0.655,0.593,0.578,0
22.66,2.4181,5.6921,74.4078,0.2878,3.5196,76.7999,,,,,,,,,,,,0.596,0.655,0.593,0.578,0
22.68,2.4181,5.6921,74.4078,0.2878,3.5196,76.7999,,,,,,,,,,,,0.596,0.655,0.593,0.578,0
22.7,1.8107,4.4616,73.993,0.7149,2.6201,76.7998,,,,,,,,,,,,0.596,0.655,0.593,0.578,0
22.72,1.8107,4.4616,73.993,0.7149,2.6201,76.7998,,,,,,,,,,,,0.623,0.636,0.544,0.61,0
22.74,1.8107,4.4616,73.993,0.7149,2.6201,76.7998,,,,,,,,,,,,0.623,0.636,0.544,0.61,0
22.76,1.8107,4.4616,73.993,0.7149,2.6201,76.7998,,,,,,,,,,,,0.623,0.636,0.544,0.61,0
22.78,1.8107,4.4616,73.993,0.7149,2.6201,76.7998,,,,,,,,,,,,0.623,0.636,0.544,0.61,0
22.8,1.3531,0.9413,73.2043,1.9512,1.3732,76.7994,,,,,,,,,,,,0.623,0.636,0.544,0.61,0
22.82,1.3531,0.9413,73.2043,1.9512,1.3732,76.7994,,,,,,,,,,,,0.656,0.612,0.619,0.519,0
22.84,1.3531,0.9413,73.2043,1.9512,1.3732,76.7994,,,,,,,,,,,,0.656,0.612,0.619,0.519,0
22.86,1.3531,0.9413,73.2043,1.9512,1.3732,76.7994,,,,,,,,,,,,0.656,0.612,0.619,0.519,0
22.88,1.3531,0.9413,73.2043,1.9512,1.3732,76.7994,,,,,,,,,,,,0.656,0.612,0.619,0.519,0
22.9,4.1572,-1.4308,72.5366,3.4971,0.7011,76.7992,,,,,,,,,,,,0.656,0.612,0.619,0.519,0
22.92,4.1572,-1.4308,72.5366,3.4971,0.7011,76.7992,,,,,,,,,,,,0.69,0.585,0.548,0.589,0
22.94,4.1572,-1.4308,72.5366,3.4971,0.7011,76.7992,,,,,,,,,,,,0.69,0.585,0.548,0.589,0
22.96,4.1572,-1.4308,72.5366,3.4971,0.7011,76.7992,,,,,,,,,,,,0.69,0.585,0.548,0.589,0
22.98,4.1572,-1.4308,72.5366,3.4971,0.7011,76.7992,,,,,,,,,,,,0.69,0.585,0.548,0.589,0
23.0,8.1003,-1.7668,72.124,4.5578,0.3579,76.7991,,,,,,,,,,,,0.69,0.585,0.548,0.589,0
23.02,8.1003,-1.7668,72.124,4.5578,0.3579,76.7991,,,,,,,,,,,,0.717,0.562,0.446,0.673,0
23.04,8.1003,-1.7668,72.124,4.5578,0.3579,76.7991,,,,,,,,,,,,0.717,0.562,0.446,0.673,0
23.06,8.1003,-1.7668,72.124,4.5578,0.3579,76.7991,,,,,,,,,,,,0.717,0.562,0.446,0.673,0
23.08,8.1003,-1.7668,72.124,4.5578,0.3579,76.7991,,,,,,,,,,,,0.717,0.562,0.446,0.673,0
23.1,9.617,-1.2822,71.8666,4.9334,0.1827,76.7991,,,,,,,,,,,,0.717,0.562,0.446,0.673,0
23.12,9.617,-1.2822,71.8666,4.9334,0.1827,76.7991,,,,,,,,,,,,0.661,0.626,0.522,0.617,0
23.14,9.617,-1.2822,71.8666,4.9334,0.1827,76.7991,,,,,,,,,,,,0.661,0.626,0.522,0.617,0
23.16,9.617,-1.2822,71.8666,4.9334,0.1827,76.7991,,,,,,,,,,,,0.661,0.626,0.522,0.617,0
23.18,9.617,-1.2822,71.8666,4.9334,0.1827,76.7991,,,,,,,,,,,,0.661,0.626,0.522,0.617,0
23.2,8.1075,-0.9412,71.5629,3.8013,0.0933,76.7991,,,,,,,,,,,,0.661,0.626,0.522,0.617,0
23.22,8.1075,-0.9412,71.5629,3.8013,0.0933,76.7991,,,,,,,,,,,,0.673,0.616,0.58,0.552,0
23.24,8.1075,-0.9412,71.5629,3.8013,0.0933,76.7991,,,,,,,,,,,,0.673,0.616,0.58,0.552,0
23.26,8.1075,-0.9412,71.5629,3.8013,0.0933,76.7991,,,,,,,,,,,,0.673,0.616,0.58,0.552,0
23.28,8.1075,-0.9412,71.5629,3.8013,0.0933,76.7991,,,,,,,,,,,,0.673,0.616,0.58,0.552,0
23.3,4.8451,-0.5433,71.3787,1.9834,0.0476,76.7991,,,,,,,,,,,,0.673,0.616,0.58,0.552,0
23.32,4.8451,-0.5433,71.3787,1.9834,0.0476,76.7991,,,,,,,,,,,,0.655,0.633,0.499,0.621,0
23.34,4.8451,-0.5433,71.3787,1.9834,0.0476,76.7991,,,,,,,,,,,,0.655,0.633,0.499,0.621,0
23.36,4.8451,-0.5433,71.3787,1.9834,0.0476,76.7991,,,,,,,,,,,,0.655,0.633,0.499,0.621,0
23.38,4.8451,-0.5433,71.3787,1.9834,0.0476,76.7991,,,,,,,,,,,,0.655,0.633,0.499,0.621,0
23.4,1.7977,-1.1786,71.2188,1.0126,0.0283,76.7991,,,,,,,,,,,,0.655,0.633,0.499,0.621,0
23.42,1.7977,-1.1786,71.2188,1.0126,0.0283,76.7991,,,,,,,,,,,,0.639,0.645,0.611,0.507,0
23.44,1.7977,-1.1786,71.2188,1.0126,0.0283,76.7991,,,,,,,,,,,,0.639,0.645,0.611,0.507,0
23.46,1.7977,-1.1786,71.2188,1.0126,0.0283,76.7991,,,,,,,,,,,,0.639,0.645,0.611,0.507,0
23.48,1.7977,-1.1786,71.2188,1.0126,0.0283,76.7991,,,,,,,,,,,,0.639,0.645,0.611,0.507,0
23.5,1.7231,-1.5484,71.4622,0.517,0.4681,76.7991,,,,,,,,,,,,0.639,0.645,0.611,0.507,0
23.52,1.7231,-1.5484,71.4622,0.517,0.4681,76.7991,,,,,,,,,,,,0.691,0.581,0.575,0.556,0
23.54,1.7231,-1.5484,71.4622,0.517,0.4681,76.7991,,,,,,,,,,,,0.691,0.581,0.575,0.556,0
23.56,1.7231,-1.5484,71.4622,0.517,0.4681,76.7991,,,,,,,,,,,,0.691,0.581,0.575,0.556,0
23.58,1.7231,-1.5484,71.4622,0.517,0.4681,76.7991,,,,,,,,,,,,0.691,0.581,0.575,0.556,0
23.6,2.4138,-0.6847,72.136,0.2639,2.0499,76.799,,,,,,,,,,,,0.691,0.581,0.575,0.556,0
23.62,2.4138,-0.6847,72.136,0.2639,2.0499,76.799,,,,,,,,,,,,0.655,0.611,0.593,0.556,0
23.64,2.4138,-0.6847,72.136,0.2639,2.0499,76.799,,,,,,,,,,,,0.655,0.611,0.593,0.556,0
23.66,2.4138,-0.6847,72.136,0.2639,2.0499,76.799,,,,,,,,,,,,0.655,0.611,0.593,0.556,0
23.68,2.4138,-0.6847,72.136,0.2639,2.0499,76.799,,,,,,,,,,,,0.655,0.611,0.593,0.556,0
23.7,2.2165,1.7568,72.9493,-0.2911,3.2016,76.7989,,,,,,,,,,,,0.655,0.611,0.593,0.556,0
23.72,2.2165,1.7568,72.9493,-0.2911,3.2016,76.7989,,,,,,,,,,,,0.659,0.597,0.568,0.591,0
23.74,2.2165,1.7568,72.9493,-0.2911,3.2016,76.7989,,,,,,,,,,,,0.659,0.597,0.568,0.591,0
23.76,2.2165,1.7568,72.9493,-0.2911,3.2016,76.7989,,,,,,,,,,,,0.659,0.597,0.568,0.591,0
23.78,2.2165,1.7568,72.9493,-0.2911,3.2016,76.7989,,,,,,,,,,,,0.659,0.597,0.568,0.591,0
23.8,-0.1096,3.4803,73.7407,-1.1375,3.743,76.7988,,,,,,,,,,,,0.659,0.597,0.568,0.591,0
23.82,-0.1096,3.4803,73.7407,-1.1375,3.743,76.7988,,,,,,,,,,,,0.653,0.592,0.535,0.634,0
23.84,-0.1096,3.4803,73.7407,-1.1375,3.743,76.7988,,,,,,,,,,,,0.653,0.592,0.535,0.634,0
23.86,-0.1096,3.4803,73.7407,-1.1375,3.743,76.7988,,,,,,,,,,,,0.653,0.592,0.535,0.634,0
23.88,-0.1096,3.4803,73.7407,-1.1375,3.743,76.7988,,,,,,,,,,,,0.653,0.592,0.535,0.634,0
23.9,-2.356,2.7496,74.6373,-1.9908,4.3105,76.7987,,,,,,,,,,,,0.653,0.592,0.535,0.634,0
23.92,-2.356,2.7496,74.6373,-1.9908,4.3105,76.7987,,,,,,,,,,,,0.646,0.588,0.656,0.518,0
23.94,-2.356,2.7496,74.6373,-1.9908,4.3105,76.7987,,,,,,,,,,,,0.646,0.588,0.656,0.518,0
23.96,-2.356,2.7496,74.6373,-1.9908,4.3105,76.7987,,,,,,,,,,,,0.646,0.588,0.656,0.518,0
23.98,-2.356,2.7496,74.6373,-1.9908,4.3105,76.7987,,,,,,,,,,,,0.646,0.588,0.656,0.518,0
24.0,-4.2633,2.8999,75.6028,-2.9764,5.2122,76.7985,,,,,,,,,,,,0.646,0.588,0.656,0.518,0
24.02,-4.2633,2.8999,75.6028,-2.9764,5.2122,76.7985,,,,,,,,,,,,0.647,0.577,0.599,0.593,0
24.04,-4.2633,2.8999,75.6028,-2.9764,5.2122,76.7985,,,,,,,,,,,,0.647,0.577,0.599,0.593,0
24.06,-4.2633,2.8999,75.6028,-2.9764,5.2122,76.7985,,,,,,,,,,,,0.647,0.577,0.599,0.593,0
24.08,-4.2633,2.8999,75.6028,-2.9764,5.2122,76.7985,,,,,,,,,,,,0.647,0.577,0.599,0.593,0
24.1,-4.7291,4.926,77.0296,-3.7586,6.28,76.7983,,,,,,,,,,,,0.647,0.577,0.599,0.593,0
24.12,-4.7291,4.926,77.0296,-3.7586,6.28,76.7983,,,,,,,,,,,,0.63,0.572,0.563,0.654,0
24.14,-4.7291,4.926,77.0296,-3.7586,6.28,76.7983,,,,,,,,,,,,0.63,0.572,0.563,0.654,0
24.16,-4.7291,4.926,77.0296,-3.7586,6.28,76.7983,,,,,,,,,,,,0.63,0.572,0.563,0.654,0
24.18,-4.7291,4.926,77.0296,-3.7586,6.28,76.7983,,,,,,,,,,,,0.63,0.572,0.563,0.654,0
24.2,-5.1688,7.0117,78.6094,-3.6689,7.3803,76.7983,,,,,,,,,,,,0.63,0.572,0.563,0.654,0
24.22,-5.1688,7.0117,78.6094,-3.6689,7.3803,76.7983,,,,,,,,,,,,0.592,0.59,0.572,0.673,0
24.24,-5.1688,7.0117,78.6094,-3.6689,7.3803,76.7983,,,,,,,,,,,,0.592,0.59,0.572,0.673,0
24.26,-5.1688,7.0117,78.6094,-3.6689,7.3803,76.7983,,,,,,,,,,,,0.592,0.59,0.572,0.673,0
24.28,-5.1688,7.0117,78.6094,-3.6689,7.3803,76.7983,,,,,,,,,,,,0.592,0.59,0.572,0.673,0
24.3,-5.6843,7.8347,80.1421,-3.8144,8.356,76.7983,,,,,,,,,,,,0.592,0.59,0.572,0.673,0
24.32,-5.6843,7.8347,80.1421,-3.8144,8.356,76.7983,,,,,,,,,,,,0.568,0.598,0.667,0.597,0
24.34,-5.6843,7.8347,80.1421,-3.8144,8.356,76.7983,,,,,,,,,,,,0.568,0.598,0.667,0.597,0
24.36,-5.6843,7.8347,80.1421,-3.8144,8.356,76.7983,,,,,,,,,,,,0.568,0.598,0.667,0.597,0
24.38,-5.6843,7.8347,80.1421,-3.8144,8.356,76.7983,,,,,,,,,,,,0.568,0.598,0.667,0.597,0
24.4,-5.7005,8.1637,81.217,-3.6067,9.2219,76.7984,,,,,,,,,,,,0.568,0.598,0.667,0.597,0
24.42,-5.7005,8.1637,81.217,-3.6067,9.2219,76.7984,,,,,,,,,,,,0.606,0.556,0.637,0.634,0
24.44,-5.7005,8.1637,81.217,-3.6067,9.2219,76.7984,,,,,,,,,,,,0.606,0.556,0.637,0.634,0
24.46,-5.7005,8.1637,81.217,-3.6067,9.2219,76.7984,,,,,,,,,,,,0.606,0.556,0.637,0.634,0
24.48,-5.7005,8.1637,81.217,-3.6067,9.2219,76.7984,,,,,,,,,,,,0.606,0.556,0.637,0.634,0
24.5,-5.6265,8.5756,81.8092,-3.4443,9.8721,76.7984,,,,,,,,,,,,0.606,0.556,0.637,0.634,0
24.52,-5.6265,8.5756,81.8092,-3.4443,9.8721,76.7984,,,,,,,,,,,,0.546,0.619,0.704,0.557,0
24.54,-5.6265,8.5756,81.8092,-3.4443,9.8721,76.7984,,,,,,,,,,,,0.546,0.619,0.704,0.557,0
24.56,-5.6265,8.5756,81.8092,-3.4443,9.8721,76.7984,,,,,,,,,,,,0.546,0.619,0.704,0.557,0
24.58,-5.6265,8.5756,81.8092,-3.4443,9.8721,76.7984,,,,,,,,,,,,0.546,0.619,0.704,0.557,0
24.6,-5.862,9.2603,82.0221,-3.1293,10.3572,76.7985,,,,,,,,,,,,0.546,0.619,0.704,0.557,0
24.62,-5.862,9.2603,82.0221,-3.1293,10.3572,76.7985,,,,,,,,,,,,0.58,0.588,0.632,0.637,0
24.64,-5.862,9.2603,82.0221,-3.1293,10.3572,76.7985,,,,,,,,,,,,0.58,0.588,0.632,0.637,0
24.66,-5.862,9.2603,82.0221,-3.1293,10.3572,76.7985,,,,,,,,,,,,0.58,0.588,0.632,0.637,0
24.68,-5.862,9.2603,82.0221,-3.1293,10.3572,76.7985,,,,,,,,,,,,0.58,0.588,0.632,0.637,0
24.7,-5.0209,9.5132,82.1969,-2.9092,10.7296,76.7985,,,,,,,,,,,,0.58,0.588,0.632,0.637,0
24.72,-5.0209,9.5132,82.1969,-2.9092,10.7296,76.7985,,,,,,,,,,,,0.626,0.539,0.651,0.617,0
24.74,-5.0209,9.5132,82.1969,-2.9092,10.7296,76.7985,,,,,,,,,,,,0.626,0.539,0.651,0.617,0
24.76,-5.0209,9.5132,82.1969,-2.9092,10.7296,76.7985,,,,,,,,,,,,0.626,0.539,0.651,0.617,0
24.78,-5.0209,9.5132,82.1969,-2.9092,10.7296,76.7985,,,,,,,,,,,,0.626,0.539,0.651,0.617,0
24.8,-4.0607,9.7208,81.7431,-2.4311,11.0077,76.7985,,,,,,,,,,,,0.626,0.539,0.651,0.617,0
24.82,-4.0607,9.7208,81.7431,-2.4311,11.0077,76.7985,,,,,,,,,,,,0.607,0.572,0.618,0.639,0
24.84,-4.0607,9.7208,81.7431,-2.4311,11.0077,76.7985,,,,,,,,,,,,0.607,0.572,0.618,0.639,0
24.86,-4.0607,9.7208,81.7431,-2.4311,11.0077,76.7985,,,,,,,,,,,,0.607,0.572,0.618,0.639,0
24.88,-4.0607,9.7208,81.7431,-2.4311,11.0077,76.7985,,,,,,,,,,,,0.607,0.572,0.618,0.639,0
24.9,-1.802,9.5733,81.0925,-1.7798,11.1716,76.7986,,,,,,,,,,,,0.607,0.572,0.618,0.639,0
24.92,-1.802,9.5733,81.0925,-1.7798,11.1716,76.7986,,,,,,,,,,,,0.689,0.492,0.525,0.707,0
24.94,-1.802,9.5733,81.0925,-1.7798,11.1716,76.7986,,,,,,,,,,,,0.689,0.492,0.525,0.707,0
24.96,-1.802,9.5733,81.0925,-1.7798,11.1716,76.7986,,,,,,,,,,,,0.689,0.492,0.525,0.707,0
24.98,-1.802,9.5733,81.0925,-1.7798,11.1716,76.7986,,,,,,,,,,,,0.689,0.492,0.525,0.707,0
25.0,0.0685,9.2652,80.3611,-1.4327,11.3296,76.7986,,,,,,,,,,,,0.689,0.492,0.525,0.707,0
25.02,0.0685,9.2652,80.3611,-1.4327,11.3296,76.7986,,,,,,,,,,,,0.632,0.574,0.669,0.558,0
25.04,0.0685,9.2652,80.3611,-1.4327,11.3296,76.7986,,,,,,,,,,,,0.632,0.574,0.669,0.558,0
25.06,0.0685,9.2652,80.3611,-1.4327,11.3296,76.7986,,,,,,,,,,,,0.632,0.574,0.669,0.558,0
25.08,0.0685,9.2652,80.3611,-1.4327,11.3296,76.7986,,,,,,,,,,,,0.632,0.574,0.669,0.558,0
25.1,0.2592,9.8215,79.6134,-1.2847,11.4745,76.7986,,,,,,,,,,,,0.632,0.574,0.669,0.558,0
25.12,0.2592,9.8215,79.6134,-1.2847,11.4745,76.7986,,,,,,,,,,,,0.627,0.587,0.548,0.674,0
25.14,0.2592,9.8215,79.6134,-1.2847,11.4745,76.7986,,,,,,,,,,,,0.627,0.587,0.548,0.674,0
25.16,0.2592,9.8215,79.6134,-1.2847,11.4745,76.7986,,,,,,,,,,,,0.627,0.587,0.548,0.674,0
25.18,0.2592,9.8215,79.6134,-1.2847,11.4745,76.7986,,,,,,,,,,,,0.627,0.587,0.548,0.674,0
25.2,-0.5246,9.1803,79.3227,-1.0291,11.5358,76.7986,,,,,,,,,,,,0.627,0.587,0.548,0.674,0
25.22,-0.5246,9.1803,79.3227,-1.0291,11.5358,76.7986,,,,,,,,,,,,0.577,0.633,0.677,0.545,0
25.24,-0.5246,9.1803,79.3227,-1.0291,11.5358,76.7986,,,,,,,,,,,,0.577,0.633,0.677,0.545,0
25.26,-0.5246,9.1803,79.3227,-1.0291,11.5358,76.7986,,,,,,,,,,,,0.577,0.633,0.677,0.545,0
25.28,-0.5246,9.1803,79.3227,-1.0291,11.5358,76.7986,,,,,,,,,,,,0.577,0.633,0.677,0.545,0
25.3,0.058,9.0557,79.2018,-0.8544,11.4537,76.7986,,,,,,,,,,,,0.577,0.633,0.677,0.545,0
25.32,0.058,9.0557,79.2018,-0.8544,11.4537,76.7986,,,,,,,,,,,,0.663,0.54,0.666,0.558,0
25.34,0.058,9.0557,79.2018,-0.8544,11.4537,76.7986,,,,,,,,,,,,0.663,0.54,0.666,0.558,0
25.36,0.058,9.0557,79.2018,-0.8544,11.4537,76.7986,,,,,,,,,,,,0.663,0.54,0.666,0.558,0
25.38,0.058,9.0557,79.2018,-0.8544,11.4537,76.7986,,,,,,,,,,,,0.663,0.54,0.666,0.558,0
25.4,0.5951,9.5148,79.4527,-0.8812,11.3169,76.7986,,,,,,,,,,,,0.663,0.54,0.666,0.558,0
25.42,0.5951,9.5148,79.4527,-0.8812,11.3169,76.7986,,,,,,,,,,,,0.679,0.51,0.574,0.662,0
25.44,0.5951,9.5148,79.4527,-0.8812,11.3169,76.7986,,,,,,,,,,,,0.679,0.51,0.574,0.662,0
25.46,0.5951,9.5148,79.4527,-0.8812,11.3169,76.7986,,,,,,,,,,,,0.679,0.51,0.574,0.662,0
25.48,0.5951,9.5148,79.4527,-0.8812,11.3169,76.7986,,,,,,,,,,,,0.679,0.51,0.574,0.662,0
25.5,0.6282,8.6655,79.9665,-0.8868,11.1666,76.7987,,,,,,,,,,,,0.679,0.51,0.574,0.662,0
25.52,0.6282,8.6655,79.9665,-0.8868,11.1666,76.7987,,,,,,,,,,,,0.672,0.505,0.585,0.662,0
25.54,0.6282,8.6655,79.9665,-0.8868,11.1666,76.7987,,,,,,,,,,,,0.672,0.505,0.585,0.662,0
25.56,0.6282,8.6655,79.9665,-0.8868,11.1666,76.7987,,,,,,,,,,,,0.672,0.505,0.585,0.662,0
25.58,0.6282,8.6655,79.9665,-0.8868,11.1666,76.7987,,,,,,,,,,,,0.672,0.505,0.585,0.662,0
25.6,1.7333,7.9174,80.2033,-0.6762,11.1655,76.7987,,,,,,,,,,,,0.672,0.505,0.585,0.662,0
25.62,1.7333,7.9174,80.2033,-0.6762,11.1655,76.7987,,,,,,,,,,,,0.672,0.515,0.657,0.608,0
25.64,1.7333,7.9174,80.2033,-0.6762,11.1655,76.7987,,,,,,,,,,,,0.672,0.515,0.657,0.608,0
25.66,1.7333,7.9174,80.2033,-0.6762,11.1655,76.7987,,,,,,,,,,,,0.672,0.515,0.657,0.608,0
25.68,1.7333,7.9174,80.2033,-0.6762,11.1655,76.7987,,,,,,,,,,,,0.672,0.515,0.657,0.608,0
25.7,2.176,7.9004,80.1821,-0.6395,11.2094,76.7986,,,,,,,,,,,,0.672,0.515,0.657,0.608,0
25.72,2.176,7.9004,80.1821,-0.6395,11.2094,76.7986,,,,,,,,,,,,0.695,0.495,0.61,0.652,0
25.74,2.176,7.9004,80.1821,-0.6395,11.2094,76.7986,,,,,,,,,,,,0.695,0.495,0.61,0.652,0
25.76,2.176,7.9004,80.1821,-0.6395,11.2094,76.7986,,,,,,,,,,,,0.695,0.495,0.61,0.652,0
25.78,2.176,7.9004,80.1821,-0.6395,11.2094,76.7986,,,,,,,,,,,,0.695,0.495,0.61,0.652,0
25.8,1.1646,7.728,79.8706,-0.7235,11.1667,76.7987,,,,,,,,,,,,0.695,0.495,0.61,0.652,0
25.82,1.1646,7.728,79.8706,-0.7235,11.1667,76.7987,,,,,,,,,,,,0.64,0.573,0.708,0.534,0
25.84,1.1646,7.728,79.8706,-0.7235,11.1667,76.7987,,,,,,,,,,,,0.64,0.573,0.708,0.534,0
25.86,1.1646,7.728,79.8706,-0.7235,11.1667,76.7987,,,,,,,,,,,,0.64,0.573,0.708,0.534,0
25.88,1.1646,7.728,79.8706,-0.7235,11.1667,76.7987,,,,,,,,,,,,0.64,0.573,0.708,0.534,0
25.9,-0.1151,7.8489,79.3345,-0.7659,11.1669,76.7986,,,,,,,,,,,,0.64,0.573,0.708,0.534,0
25.92,-0.1151,7.8489,79.3345,-0.7659,11.1669,76.7986,,,,,,,,,,,,0.639,0.589,0.684,0.564,0
25.94,-0.1151,7.8489,79.3345,-0.7659,11.1669,76.7986,,,,,,,,,,,,0.639,0.589,0.684,0.564,0
25.96,-0.1151,7.8489,79.3345,-0.7659,11.1669,76.7986,,,,,,,,,,,,0.639,0.589,0.684,0.564,0
25.98,-0.1151,7.8489,79.3345,-0.7659,11.1669,76.7986,,,,,,,,,,,,0.639,0.589,0.684,0.564,0
26.0,1.7896,8.6601,79.2672,-0.7043,11.2499,76.7986,,,,,,,,,,,,0.639,0.589,0.684,0.564,0
26.02,1.7896,8.6601,79.2672,-0.7043,11.2499,76.7986,,,,,,,,,,,,0.72,0.489,0.595,0.66,0
26.04,1.7896,8.6601,79.2672,-0.7043,11.2499,76.7986,,,,,,,,,,,,0.72,0.489,0.595,0.66,0
26.06,1.7896,8.6601,79.2672,-0.7043,11.2499,76.7986,,,,,,,,,,,,0.72,0.489,0.595,0.66,0
26.08,1.7896,8.6601,79.2672,-0.7043,11.2499,76.7986,,,,,,,,,,,,0.72,0.489,0.595,0.66,0
26.1,2.2903,8.9497,78.8498,-0.6541,11.212,76.7987,,,,,,,,,,,,0.72,0.489,0.595,0.66,0
26.12,2.2903,8.9497,78.8498,-0.6541,11.212,76.7987,,,,,,,,,,,,0.655,0.573,0.653,0.593,0
26.14,2.2903,8.9497,78.8498,-0.6541,11.212,76.7987,,,,,,,,,,,,0.655,0.573,0.653,0.593,0
26.16,2.2903,8.9497,78.8498,-0.6541,11.212,76.7987,,,,,,,,,,,,0.655,0.573,0.653,0.593,0
26.18,2.2903,8.9497,78.8498,-0.6541,11.212,76.7987,,,,,,,,,,,,0.655,0.573,0.653,0.593,0
26.2,2.2966,8.5826,78.3634,-0.5161,10.9843,76.7987,,,,,,,,,,,,0.655,0.573,0.653,0.593,0
26.22,2.2966,8.5826,78.3634,-0.5161,10.9843,76.7987,,,,,,,,,,,,0.685,0.543,0.613,0.625,0
26.24,2.2966,8.5826,78.3634,-0.5161,10.9843,76.7987,,,,,,,,,,,,0.685,0.543,0.613,0.625,0
26.26,2.2966,8.5826,78.3634,-0.5161,10.9843,76.7987,,,,,,,,,,,,0.685,0.543,0.613,0.625,0
26.28,2.2966,8.5826,78.3634,-0.5161,10.9843,76.7987,,,,,,,,,,,,0.685,0.543,0.613,0.625,0
26.3,1.7351,7.624,78.0602,-0.2698,10.3336,76.7986,,,,,,,,,,,,0.685,0.543,0.613,0.625,0
26.32,1.7351,7.624,78.0602,-0.2698,10.3336,76.7986,,,,,,,,,,,,0.697,0.529,0.636,0.594,0
26.34,1.7351,7.624,78.0602,-0.2698,10.3336,76.7986,,,,,,,,,,,,0.697,0.529,0.636,0.594,0
26.36,1.7351,7.624,78.0602,-0.2698,10.3336,76.7986,,,,,,,,,,,,0.697,0.529,0.636,0.594,0
26.38,1.7351,7.624,78.0602,-0.2698,10.3336,76.7986,,,,,,,,,,,,0.697,0.529,0.636,0.594,0
26.4,-0.0997,6.0435,77.7308,-0.1377,9.7707,76.7987,,,,,,,,,,,,0.697,0.529,0.636,0.594,0
26.42,-0.0997,6.0435,77.7308,-0.1377,9.7707,76.7987,,,,,,,,,,,,0.66,0.571,0.68,0.542,0
26.44,-0.0997,6.0435,77.7308,-0.1377,9.7707,76.7987,,,,,,,,,,,,0.66,0.571,0.68,0.542,0
26.46,-0.0997,6.0435,77.7308,-0.1377,9.7707,76.7987,,,,,,,,,,,,0.66,0.571,0.68,0.542,0
26.48,-0.0997,6.0435,77.7308,-0.1377,9.7707,76.7987,,,,,,,,,,,,0.66,0.571,0.68,0.542,0
26.5,0.1178,5.6342,78.0446,-0.0703,9.4082,76.7986,,,,,,,,,,,,0.66,0.571,0.68,0.542,0
26.52,0.1178,5.6342,78.0446,-0.0703,9.4082,76.7986,,,,,,,,,,,,0.699,0.513,0.626,0.612,0
26.54,0.1178,5.6342,78.0446,-0.0703,9.4082,76.7986,,,,,,,,,,,,0.699,0.513,0.626,0.612,0
26.56,0.1178,5.6342,78.0446,-0.0703,9.4082,76.7986,,,,,,,,,,,,0.699,0.513,0.626,0.612,0
26.58,0.1178,5.6342,78.0446,-0.0703,9.4082,76.7986,,,,,,,,,,,,0.699,0.513,0.626,0.612,0
26.6,-0.0783,5.8707,78.0667,-0.0359,9.1769,76.7986,,,,,,,,,,,,0.699,0.513,0.626,0.612,0
26.62,-0.0783,5.8707,78.0667,-0.0359,9.1769,76.7986,,,,,,,,,,,,0.686,0.53,0.586,0.655,0
26.64,-0.0783,5.8707,78.0667,-0.0359,9.1769,76.7986,,,,,,,,,,,,0.686,0.53,0.586,0.655,0
26.66,-0.0783,5.8707,78.0667,-0.0359,9.1769,76.7986,,,,,,,,,,,,0.686,0.53,0.586,0.655,0
26.68,-0.0783,5.8707,78.0667,-0.0359,9.1769,76.7986,,,,,,,,,,,,0.686,0.53,0.586,0.655,0
26.7,0.4595,6.5067,78.2171,-0.0183,7.9482,76.7987,,,,,,,,,,,,0.686,0.53,0.586,0.655,0
26.72,0.4595,6.5067,78.2171,-0.0183,7.9482,76.7987,,,,,,,,,,,,0.636,0.588,0.658,0.586,0
26.74,0.4595,6.5067,78.2171,-0.0183,7.9482,76.7987,,,,,,,,,,,,0.636,0.588,0.658,0.586,0
26.76,0.4595,6.5067,78.2171,-0.0183,7.9482,76.7987,,,,,,,,,,,,0.636,0.588,0.658,0.586,0
26.78,0.4595,6.5067,78.2171,-0.0183,7.9482,76.7987,,,,,,,,,,,,0.636,0.588,0.658,0.586,0
26.8,0.8436,5.684,78.4208,-0.0094,5.6896,76.7987,,,,,,,,,,,,0.636,0.588,0.658,0.586,0
26.82,0.8436,5.684,78.4208,-0.0094,5.6896,76.7987,,,,,,,,,,,,0.666,0.549,0.619,0.626,0
26.84,0.8436,5.684,78.4208,-0.0094,5.6896,76.7987,,,,,,,,,,,,0.666,0.549,0.619,0.626,0
26.86,0.8436,5.684,78.4208,-0.0094,5.6896,76.7987,,,,,,,,,,,,0.666,0.549,0.619,0.626,0
26.88,0.8436,5.684,78.4208,-0.0094,5.6896,76.7987,,,,,,,,,,,,0.666,0.549,0.619,0.626,0
26.9,0.6456,2.7556,78.1876,0.561,3.4974,76.7984,,,,,,,,,,,,0.666,0.549,0.619,0.626,0
26.92,0.6456,2.7556,78.1876,0.561,3.4974,76.7984,,,,,,,,,,,,0.658,0.56,0.694,0.533,0
26.94,0.6456,2.7556,78.1876,0.561,3.4974,76.7984,,,,,,,,,,,,0.658,0.56,0.694,0.533,0
26.96,0.6456,2.7556,78.1876,0.561,3.4974,76.7984,,,,,,,,,,,,0.658,0.56,0.694,0.533,0
26.98,0.6456,2.7556,78.1876,0.561,3.4974,76.7984,,,,,,,,,,,,0.658,0.56,0.694,0.533,0
27.0,0.8145,-0.6034,77.927,1.3299,2.0129,76.7981,,,,,,,,,,,,0.658,0.56,0.694,0.533,0
27.02,0.8145,-0.6034,77.927,1.3299,2.0129,76.7981,,,,,,,,,,,,0.715,0.489,0.61,0.617,0
27.04,0.8145,-0.6034,77.927,1.3299,2.0129,76.7981,,,,,,,,,,,,0.715,0.489,0.61,0.617,0
27.06,0.8145,-0.6034,77.927,1.3299,2.0129,76.7981,,,,,,,,,,,,0.715,0.489,0.61,0.617,0
27.08,0.8145,-0.6034,77.927,1.3299,2.0129,76.7981,,,,,,,,,,,,0.715,0.489,0.61,0.617,0
27.1,1.5049,-1.7392,77.5382,1.9186,1.0282,76.798,,,,,,,,,,,,0.715,0.489,0.61,0.617,0
27.12,1.5049,-1.7392,77.5382,1.9186,1.0282,76.798,,,,,,,,,,,,0.682,0.537,0.6,0.625,0
27.14,1.5049,-1.7392,77.5382,1.9186,1.0282,76.798,,,,,,,,,,,,0.682,0.537,0.6,0.625,0
27.16,1.5049,-1.7392,77.5382,1.9186,1.0282,76.798,,,,,,,,,,,,0.682,0.537,0.6,0.625,0
27.18,1.5049,-1.7392,77.5382,1.9186,1.0282,76.798,,,,,,,,,,,,0.682,0.537,0.6,0.625,0
27.2,2.5235,-0.6755,77.3256,2.3525,0.5249,76.798,,,,,,,,,,,,0.682,0.537,0.6,0.625,0
27.22,2.5235,-0.6755,77.3256,2.3525,0.5249,76.798,,,,,,,,,,,,0.607,0.613,0.696,0.498,0
27.24,2.5235,-0.6755,77.3256,2.3525,0.5249,76.798,,,,,,,,,,,,0.607,0.613,0.696,0.498,0
27.26,2.5235,-0.6755,77.3256,2.3525,0.5249,76.798,,,,,,,,,,,,0.607,0.613,0.696,0.498,0
27.28,2.5235,-0.6755,77.3256,2.3525,0.5249,76.798,,,,,,,,,,,,0.607,0.613,0.696,0.498,0
27.3,1.9981,0.4091,74.5203,3.247,0.2543,73.977,,,,,,,,,,,,0.607,0.613,0.696,0.498,0
27.32,1.9981,0.4091,74.5203,3.247,0.2543,73.977,,,,,,,,,,,,0.64,0.566,0.593,0.613,0
27.34,1.9981,0.4091,74.5203,3.247,0.2543,73.977,,,,,,,,,,,,0.64,0.566,0.593,0.613,0
27.36,1.9981,0.4091,74.5203,3.247,0.2543,73.977,,,,,,,,,,,,0.64,0.566,0.593,0.613,0
27.38,1.9981,0.4091,74.5203,3.247,0.2543,73.977,,,,,,,,,,,,0.64,0.566,0.593,0.613,0
27.4,1.8616,-1.069,74.6976,3.472,0.1298,73.977,,,,,,,,,,,,0.64,0.566,0.593,0.613,0
27.42,1.8616,-1.069,74.6976,3.472,0.1298,73.977,,,,,,,,,,,,0.688,0.502,0.624,0.582,0
27.44,1.8616,-1.069,74.6976,3.472,0.1298,73.977,,,,,,,,,,,,0.688,0.502,0.624,0.582,0
27.46,1.8616,-1.069,74.6976,3.472,0.1298,73.977,,,,,,,,,,,,0.688,0.502,0.624,0.582,0
27.48,1.8616,-1.069,74.6976,3.472,0.1298,73.977,,,,,,,,,,,,0.688,0.502,0.624,0.582,0
27.5,3.6485,-1.7502,74.497,3.6195,0.0663,73.977,,,,,,,,,,,,0.688,0.502,0.624,0.582,0
27.52,3.6485,-1.7502,74.497,3.6195,0.0663,73.977,,,,,,,,,,,,0.707,0.489,0.51,0.676,0
27.54,3.6485,-1.7502,74.497,3.6195,0.0663,73.977,,,,,,,,,,,,0.707,0.489,0.51,0.676,0
27.56,3.6485,-1.7502,74.497,3.6195,0.0663,73.977,,,,,,,,,,,,0.707,0.489,0.51,0.676,0
27.58,3.6485,-1.7502,74.497,3.6195,0.0663,73.977,,,,,,,,,,,,0.707,0.489,0.51,0.676,0
27.6,6.9478,0.0855,74.4634,3.9374,0.0338,73.977,,,,,,,,,,,,0.707,0.489,0.51,0.676,0
27.62,6.9478,0.0855,74.4634,3.9374,0.0338,73.977,,,,,,,,,,,,0.671,0.541,0.534,0.659,0
27.64,6.9478,0.0855,74.4634,3.9374,0.0338,73.977,,,,,,,,,,,,0.671,0.541,0.534,0.659,0
27.66,6.9478,0.0855,74.4634,3.9374,0.0338,73.977,,,,,,,,,,,,0.671,0.541,0.534,0.659,0
27.68,6.9478,0.0855,74.4634,3.9374,0.0338,73.977,,,,,,,,,,,,0.671,0.541,0.534,0.659,0
27.7,6.6749,1.3087,74.2114,3.8486,0.0173,73.977,,,,,,,,,,,,0.671,0.541,0.534,0.659,0
27.72,6.6749,1.3087,74.2114,3.8486,0.0173,73.977,,,,,,,,,,,,0.648,0.573,0.644,0.545,0
27.74,6.6749,1.3087,74.2114,3.8486,0.0173,73.977,,,,,,,,,,,,0.648,0.573,0.644,0.545,0
27.76,6.6749,1.3087,74.2114,3.8486,0.0173,73.977,,,,,,,,,,,,0.648,0.573,0.644,0.545,0
27.78,6.6749,1.3087,74.2114,3.8486,0.0173,73.977,,,,,,,,,,,,0.648,0.573,0.644,0.545,0
27.8,2.8249,-0.3492,73.8704,2.9557,0.0088,73.977,,,,,,,,,,,,0.648,0.573,0.644,0.545,0
27.82,2.8249,-0.3492,73.8704,2.9557,0.0088,73.977,,,,,,,,,,,,0.67,0.545,0.588,0.6,0
27.84,2.8249,-0.3492,73.8704,2.9557,0.0088,73.977,,,,,,,,,,,,0.67,0.545,0.588,0.6,0
27.86,2.8249,-0.3492,73.8704,2.9557,0.0088,73.977,,,,,,,,,,,,0.67,0.545,0.588,0.6,0
27.88,2.8249,-0.3492,73.8704,2.9557,0.0088,73.977,,,,,,,,,,,,0.67,0.545,0.588,0.6,0
27.9,0.4989,-2.0436,73.7572,1.5203,0.0045,73.977,,,,,,,,,,,,0.67,0.545,0.588,0.6,0
27.92,0.4989,-2.0436,73.7572,1.5203,0.0045,73.977,,,,,,,,,,,,0.72,0.473,0.562,0.628,0
27.94,0.4989,-2.0436,73.7572,1.5203,0.0045,73.977,,,,,,,,,,,,0.72,0.473,0.562,0.628,0
27.96,0.4989,-2.0436,73.7572,1.5203,0.0045,73.977,,,,,,,,,,,,0.72,0.473,0.562,0.628,0
27.98,0.4989,-2.0436,73.7572,1.5203,0.0045,73.977,,,,,,,,,,,,0.72,0.473,0.562,0.628,0
28.0,0.191,-1.8028,73.6334,0.7761,0.012,73.977,,,,,,,,,,,,0.72,0.473,0.562,0.628,0
28.02,0.191,-1.8028,73.6334,0.7761,0.012,73.977,,,,,,,,,,,,0.687,0.523,0.608,0.586,0
28.04,0.191,-1.8028,73.6334,0.7761,0.012,73.977,,,,,,,,,,,,0.687,0.523,0.608,0.586,0
28.06,0.191,-1.8028,73.6334,0.7761,0.012,73.977,,,,,,,,,,,,0.687,0.523,0.608,0.586,0
28.08,0.191,-1.8028,73.6334,0.7761,0.012,73.977,,,,,,,,,,,,0.687,0.523,0.608,0.586,0
28.1,2.1698,0.0476,73.6562,0.3962,1.1095,73.9769,,,,,,,,,,,,0.687,0.523,0.608,0.586,0
28.12,2.1698,0.0476,73.6562,0.3962,1.1095,73.9769,,,,,,,,,,,,0.697,0.51,0.533,0.659,0
28.14,2.1698,0.0476,73.6562,0.3962,1.1095,73.9769,,,,,,,,,,,,0.697,0.51,0.533,0.659,0
28.16,2.1698,0.0476,73.6562,0.3962,1.1095,73.9769,,,,,,,,,,,,0.697,0.51,0.533,0.659,0
28.18,2.1698,0.0476,73.6562,0.3962,1.1095,73.9769,,,,,,,,,,,,0.697,0.51,0.533,0.659,0
28.2,1.7814,2.2809,74.1718,0.2023,2.9668,73.9769,,,,,,,,,,,,0.697,0.51,0.533,0.659,0
28.22,1.7814,2.2809,74.1718,0.2023,2.9668,73.9769,,,,,,,,,,,,0.639,0.565,0.61,0.6,0
28.24,1.7814,2.2809,74.1718,0.2023,2.9668,73.9769,,,,,,,,,,,,0.639,0.565,0.61,0.6,0
28.26,1.7814,2.2809,74.1718,0.2023,2.9668,73.9769,,,,,,,,,,,,0.639,0.565,0.61,0.6,0
28.28,1.7814,2.2809,74.1718,0.2023,2.9668,73.9769,,,,,,,,,,,,0.639,0.565,0.61,0.6,0
28.3,-0.5637,4.6818,74.4836,0.1033,4.4079,73.9769,,,,,,,,,,,,0.639,0.565,0.61,0.6,0
28.32,-0.5637,4.6818,74.4836,0.1033,4.4079,73.9769,,,,,,,,,,,,0.659,0.539,0.589,0.626,0
28.34,-0.5637,4.6818,74.4836,0.1033,4.4079,73.9769,,,,,,,,,,,,0.659,0.539,0.589,0.626,0
28.36,-0.5637,4.6818,74.4836,0.1033,4.4079,73.9769,,,,,,,,,,,,0.659,0.539,0.589,0.626,0
28.38,-0.5637,4.6818,74.4836,0.1033,4.4079,73.9769,,,,,,,,,,,,0.659,0.539,0.589,0.626,0
28.4,-1.1274,5.4462,75.1556,-0.2006,5.2622,73.9768,,,,,,,,,,,,0.659,0.539,0.589,0.626,0
28.42,-1.1274,5.4462,75.1556,-0.2006,5.2622,73.9768,,,,,,,,,,,,0.672,0.516,0.676,0.539,0
28.44,-1.1274,5.4462,75.1556,-0.2006,5.2622,73.9768,,,,,,,,,,,,0.672,0.516,0.676,0.539,0
28.46,-1.1274,5.4462,75.1556,-0.2006,5.2622,73.9768,,,,,,,,,,,,0.672,0.516,0.676,0.539,0
28.48,-1.1274,5.4462,75.1556,-0.2006,5.2622,73.9768,,,,,,,,,,,,0.672,0.516,0.676,0.539,0
28.5,0.162,5.6212,76.2217,-1.0692,6.0607,73.9766,,,,,,,,,,,,0.672,0.516,0.676,0.539,0
28.52,0.162,5.6212,76.2217,-1.0692,6.0607,73.9766,,,,,,,,,,,,0.682,0.481,0.629,0.611,0
28.54,0.162,5.6212,76.2217,-1.0692,6.0607,73.9766,,,,,,,,,,,,0.682,0.481,0.629,0.611,0
28.56,0.162,5.6212,76.2217,-1.0692,6.0607,73.9766,,,,,,,,,,,,0.682,0.481,0.629,0.611,0
28.58,0.162,5.6212,76.2217,-1.0692,6.0607,73.9766,,,,,,,,,,,,0.682,0.481,0.629,0.611,0
28.6,-0.2052,6.4973,77.0693,-2.3415,6.7364,73.9765,,,,,,,,,,,,0.682,0.481,0.629,0.611,0
28.62,-0.2052,6.4973,77.0693,-2.3415,6.7364,73.9765,,,,,,,,,,,,0.643,0.526,0.65,0.596,0
28.64,-0.2052,6.4973,77.0693,-2.3415,6.7364,73.9765,,,,,,,,,,,,0.643,0.526,0.65,0.596,0
28.66,-0.2052,6.4973,77.0693,-2.3415,6.7364,73.9765,,,,,,,,,,,,0.643,0.526,0.65,0.596,0
28.68,-0.2052,6.4973,77.0693,-2.3415,6.7364,73.9765,,,,,,,,,,,,0.643,0.526,0.65,0.596,0
28.7,-4.6737,8.0053,77.388,-3.4593,7.2398,73.9763,,,,,,,,,,,,0.643,0.526,0.65,0.596,0
28.72,-4.6737,8.0053,77.388,-3.4593,7.2398,73.9763,,,,,,,,,,,,0.536,0.638,0.712,0.526,0
28.74,-4.6737,8.0053,77.388,-3.4593,7.2398,73.9763,,,,,,,,,,,,0.536,0.638,0.712,0.526,0
28.76,-4.6737,8.0053,77.388,-3.4593,7.2398,73.9763,,,,,,,,,,,,0.536,0.638,0.712,0.526,0
28.78,-4.6737,8.0053,77.388,-3.4593,7.2398,73.9763,,,,,,,,,,,,0.536,0.638,0.712,0.526,0
28.8,-6.1395,9.3646,77.6672,-4.2992,7.4255,73.9763,,,,,,,,,,,,0.536,0.638,0.712,0.526,0
28.82,-6.1395,9.3646,77.6672,-4.2992,7.4255,73.9763,,,,,,,,,,,,0.601,0.577,0.658,0.599,0
28.84,-6.1395,9.3646,77.6672,-4.2992,7.4255,73.9763,,,,,,,,,,,,0.601,0.577,0.658,0.599,0
28.86,-6.1395,9.3646,77.6672,-4.2992,7.4255,73.9763,,,,,,,,,,,,0.601,0.577,0.658,0.599,0
28.88,-6.1395,9.3646,77.6672,-4.2992,7.4255,73.9763,,,,,,,,,,,,0.601,0.577,0.658,0.599,0
28.9,-5.5036,8.9955,77.6478,-4.6993,7.3771,73.9763,,,,,,,,,,,,0.601,0.577,0.658,0.599,0
28.92,-5.5036,8.9955,77.6478,-4.6993,7.3771,73.9763,,,,,,,,,,,,0.678,0.49,0.625,0.628,0
28.94,-5.5036,8.9955,77.6478,-4.6993,7.3771,73.9763,,,,,,,,,,,,0.678,0.49,0.625,0.628,0
28.96,-5.5036,8.9955,77.6478,-4.6993,7.3771,73.9763,,,,,,,,,,,,0.678,0.49,0.625,0.628,0
28.98,-5.5036,8.9955,77.6478,-4.6993,7.3771,73.9763,,,,,,,,,,,,0.678,0.49,0.625,0.628,0
29.0,-5.7824,7.0313,77.7652,-4.7561,7.268,73.9763,,,,,,,,,,,,0.678,0.49,0.625,0.628,0
29.02,-5.7824,7.0313,77.7652,-4.7561,7.268,73.9763,,,,,,,,,,,,0.65,0.524,0.673,0.573,0
29.04,-5.7824,7.0313,77.7652,-4.7561,7.268,73.9763,,,,,,,,,,,,0.65,0.524,0.673,0.573,0
29.06,-5.7824,7.0313,77.7652,-4.7561,7.268,73.9763,,,,,,,,,,,,0.65,0.524,0.673,0.573,0
29.08,-5.7824,7.0313,77.7652,-4.7561,7.268,73.9763,,,,,,,,,,,,0.65,0.524,0.673,0.573,0
29.1,-6.4693,6.1415,77.8943,-4.6659,7.2179,73.9763,,,,,,,,,,,,0.65,0.524,0.673,0.573,0
29.12,-6.4693,6.1415,77.8943,-4.6659,7.2179,73.9763,,,,,,,,,,,,0.578,0.603,0.697,0.542,0
29.14,-6.4693,6.1415,77.8943,-4.6659,7.2179,73.9763,,,,,,,,,,,,0.578,0.603,0.697,0.542,0
29.16,-6.4693,6.1415,77.8943,-4.6659,7.2179,73.9763,,,,,,,,,,,,0.578,0.603,0.697,0.542,0
29.18,-6.4693,6.1415,77.8943,-4.6659,7.2179,73.9763,,,,,,,,,,,,0.578,0.603,0.697,0.542,0
29.2,-5.7736,6.7416,77.8725,-4.181,7.1831,73.9763,,,,,,,,,,,,0.578,0.603,0.697,0.542,0
29.22,-5.7736,6.7416,77.8725,-4.181,7.1831,73.9763,,,,,,,,,,,,0.602,0.584,0.687,0.561,0
29.24,-5.7736,6.7416,77.8725,-4.181,7.1831,73.9763,,,,,,,,,,,,0.602,0.584,0.687,0.561,0
29.26,-5.7736,6.7416,77.8725,-4.181,7.1831,73.9763,,,,,,,,,,,,0.602,0.584,0.687,0.561,0
29.28,-5.7736,6.7416,77.8725,-4.181,7.1831,73.9763,,,,,,,,,,,,0.602,0.584,0.687,0.561,0
29.3,-4.4564,7.0124,77.7379,-3.6163,7.1481,73.9763,,,,,,,,,,,,0.602,0.584,0.687,0.561,0
29.32,-4.4564,7.0124,77.7379,-3.6163,7.1481,73.9763,,,,,,,,,,,,0.677,0.498,0.607,0.643,0
29.34,-4.4564,7.0124,77.7379,-3.6163,7.1481,73.9763,,,,,,,,,,,,0.677,0.498,0.607,0.643,0
29.36,-4.4564,7.0124,77.7379,-3.6163,7.1481,73.9763,,,,,,,,,,,,0.677,0.498,0.607,0.643,0
29.38,-4.4564,7.0124,77.7379,-3.6163,7.1481,73.9763,,,,,,,,,,,,0.677,0.498,0.607,0.643,0
29.4,-3.3167,6.0716,77.3865,-2.4691,7.0881,73.9763,,,,,,,,,,,,0.677,0.498,0.607,0.643,0
29.42,-3.3167,6.0716,77.3865,-2.4691,7.0881,73.9763,,,,,,,,,,,,0.69,0.483,0.631,0.611,0
29.44,-3.3167,6.0716,77.3865,-2.4691,7.0881,73.9763,,,,,,,,,,,,0.69,0.483,0.631,0.611,0
29.46,-3.3167,6.0716,77.3865,-2.4691,7.0881,73.9763,,,,,,,,,,,,0.69,0.483,0.631,0.611,0
29.48,-3.3167,6.0716,77.3865,-2.4691,7.0881,73.9763,,,,,,,,,,,,0.69,0.483,0.631,0.611,0
29.5,-1.7593,5.34,76.7109,-1.2605,7.0711,73.9763,,,,,,,,,,,,0.69,0.483,0.631,0.611,0
29.52,-1.7593,5.34,76.7109,-1.2605,7.0711,73.9763,,,,,,,,,,,,0.686,0.5,0.627,0.602,0
29.54,-1.7593,5.34,76.7109,-1.2605,7.0711,73.9763,,,,,,,,,,,,0.686,0.5,0.627,0.602,0
29.56,-1.7593,5.34,76.7109,-1.2605,7.0711,73.9763,,,,,,,,,,,,0.686,0.5,0.627,0.602,0
29.58,-1.7593,5.34,76.7109,-1.2605,7.0711,73.9763,,,,,,,,,,,,0.686,0.5,0.627,0.602,0
29.6,0.0834,5.313,76.2283,-0.2684,6.8662,73.9763,,,,,,,,,,,,0.686,0.5,0.627,0.602,0
29.62,0.0834,5.313,76.2283,-0.2684,6.8662,73.9763,,,,,,,,,,,,0.588,0.614,0.718,0.488,0
29.64,0.0834,5.313,76.2283,-0.2684,6.8662,73.9763,,,,,,,,,,,,0.588,0.614,0.718,0.488,0
29.66,0.0834,5.313,76.2283,-0.2684,6.8662,73.9763,,,,,,,,,,,,0.588,0.614,0.718,0.488,0
29.68,0.0834,5.313,76.2283,-0.2684,6.8662,73.9763,,,,,,,,,,,,0.588,0.614,0.718,0.488,0
29.7,1.9846,6.6342,76.2732,2.0517,6.4606,73.9761,,,,,,,,,,,,0.588,0.614,0.718,0.488,0
29.72,1.9846,6.6342,76.2732,2.0517,6.4606,73.9761,,,,,,,,,,,,0.625,0.58,0.648,0.597,0
29.74,1.9846,6.6342,76.2732,2.0517,6.4606,73.9761,,,,,,,,,,,,0.625,0.58,0.648,0.597,0
29.76,1.9846,6.6342,76.2732,2.0517,6.4606,73.9761,,,,,,,,,,,,0.625,0.58,0.648,0.597,0
29.78,1.9846,6.6342,76.2732,2.0517,6.4606,73.9761,,,,,,,,,,,,0.625,0.58,0.648,0.597,0
29.8,4.4253,6.7103,76.3703,2.8012,6.0658,73.976,,,,,,,,,,,,0.625,0.58,0.648,0.597,0
29.82,4.4253,6.7103,76.3703,2.8012,6.0658,73.976,,,,,,,,,,,,0.684,0.515,0.64,0.616,0
29.84,4.4253,6.7103,76.3703,2.8012,6.0658,73.976,,,,,,,,,,,,0.684,0.515,0.64,0.616,0
29.86,4.4253,6.7103,76.3703,2.8012,6.0658,73.976,,,,,,,,,,,,0.684,0.515,0.64,0.616,0
29.88,4.4253,6.7103,76.3703,2.8012,6.0658,73.976,,,,,,,,,,,,0.684,0.515,0.64,0.616,0
29.9,4.223,5.7508,76.3348,2.6163,5.6271,73.976,,,,,,,,,,,,0.684,0.515,0.64,0.616,0
29.92,4.223,5.7508,76.3348,2.6163,5.6271,73.976,,,,,,,,,,,,0.675,0.527,0.615,0.647,0
29.94,4.223,5.7508,76.3348,2.6163,5.6271,73.976,,,,,,,,,,,,0.675,0.527,0.615,0.647,0
29.96,4.223,5.7508,76.3348,2.6163,5.6271,73.976,,,,,,,,,,,,0.675,0.527,0.615,0.647,0
29.98,4.223,5.7508,76.3348,2.6163,5.6271,73.976,,,,,,,,,,,,0.675,0.527,0.615,0.647,0
30.0,2.3714,5.1,76.7289,2.3617,5.2955,73.9761,,,,,,,,,,,,0.675,0.527,0.615,0.647,0
30.02,2.3714,5.1,76.7289,2.3617,5.2955,73.9761,,,,,,,,,,,,0.612,0.584,0.753,0.486,0
30.04,2.3714,5.1,76.7289,2.3617,5.2955,73.9761,,,,,,,,,,,,0.612,0.584,0.753,0.486,0
30.06,2.3714,5.1,76.7289,2.3617,5.2955,73.9761,,,,,,,,,,,,0.612,0.584,0.753,0.486,0
30.08,2.3714,5.1,76.7289,2.3617,5.2955,73.9761,,,,,,,,,,,,0.612,0.584,0.753,0.486,0
30.1,-0.5931,4.1838,77.0166,1.954,4.8542,73.9761,,,,,,,,,,,,0.612,0.584,0.753,0.486,0
30.12,-0.5931,4.1838,77.0166,1.954,4.8542,73.9761,,,,,,,,,,,,0.616,0.569,0.738,0.509,0
30.14,-0.5931,4.1838,77.0166,1.954,4.8542,73.9761,,,,,,,,,,,,0.616,0.569,0.738,0.509,0
30.16,-0.5931,4.1838,77.0166,1.954,4.8542,73.9761,,,,,,,,,,,,0.616,0.569,0.738,0.509,0
30.18,-0.5931,4.1838,77.0166,1.954,4.8542,73.9761,,,,,,,,,,,,0.616,0.569,0.738,0.509,0
30.2,-1.5022,2.1837,76.8362,1.3683,4.4596,73.9762,,,,,,,,,,,,0.616,0.569,0.738,0.509,0
30.22,-1.5022,2.1837,76.8362,1.3683,4.4596,73.9762,,,,,,,,,,,,0.624,0.567,0.76,0.467,0
30.24,-1.5022,2.1837,76.8362,1.3683,4.4596,73.9762,,,,,,,,,,,,0.624,0.567,0.76,0.467,0
30.26,-1.5022,2.1837,76.8362,1.3683,4.4596,73.9762,,,,,,,,,,,,0.624,0.567,0.76,0.467,0
30.28,-1.5022,2.1837,76.8362,1.3683,4.4596,73.9762,,,,,,,,,,,,0.624,0.567,0.76,0.467,0
30.3,-0.8117,0.9634,76.4167,2.0038,4.7118,73.9763,,,,,,,,,,,,0.624,0.567,0.76,0.467,0
30.32,-0.8117,0.9634,76.4167,2.0038,4.7118,73.9763,,,,,,,,,,,,0.619,0.584,0.751,0.474,0
30.34,-0.8117,0.9634,76.4167,2.0038,4.7118,73.9763,,,,,,,,,,,,0.619,0.584,0.751,0.474,0
30.36,-0.8117,0.9634,76.4167,2.0038,4.7118,73.9763,,,,,,,,,,,,0.619,0.584,0.751,0.474,0
30.38,-0.8117,0.9634,76.4167,2.0038,4.7118,73.9763,,,,,,,,,,,,0.619,0.584,0.751,0.474,0
30.4,1.4854,1.9524,75.8616,3.5813,5.1987,73.9764,,,,,,,,,,,,0.619,0.584,0.751,0.474,0
30.42,1.4854,1.9524,75.8616,3.5813,5.1987,73.9764,,,,,,,,,,,,0.679,0.525,0.636,0.608,0
30.44,1.4854,1.9524,75.8616,3.5813,5.1987,73.9764,,,,,,,,,,,,0.679,0.525,0.636,0.608,0
30.46,1.4854,1.9524,75.8616,3.5813,5.1987,73.9764,,,,,,,,,,,,0.679,0.525,0.636,0.608,0
30.48,1.4854,1.9524,75.8616,3.5813,5.1987,73.9764,,,,,,,,,,,,0.679,0.525,0.636,0.608,0
30.5,2.9875,4.8191,75.0923,4.5631,5.1542,73.9765,,,,,,,,,,,,0.679,0.525,0.636,0.608,0
30.52,2.9875,4.8191,75.0923,4.5631,5.1542,73.9765,,,,,,,,,,,,0.627,0.605,0.619,0.614,0
30.54,2.9875,4.8191,75.0923,4.5631,5.1542,73.9765,,,,,,,,,,,,0.627,0.605,0.619,0.614,0
30.56,2.9875,4.8191,75.0923,4.5631,5.1542,73.9765,,,,,,,,,,,,0.627,0.605,0.619,0.614,0
30.58,2.9875,4.8191,75.0923,4.5631,5.1542,73.9765,,,,,,,,,,,,0.627,0.605,0.619,0.614,0
30.6,3.5543,6.659,74.46,5.3755,5.082,73.9764,,,,,,,,,,,,0.627,0.605,0.619,0.614,0
30.62,3.5543,6.659,74.46,5.3755,5.082,73.9764,,,,,,,,,,,,0.61,0.634,0.698,0.514,0
30.64,3.5543,6.659,74.46,5.3755,5.082,73.9764,,,,,,,,,,,,0.61,0.634,0.698,0.514,0
30.66,3.5543,6.659,74.46,5.3755,5.082,73.9764,,,,,,,,,,,,0.61,0.634,0.698,0.514,0
30.68,3.5543,6.659,74.46,5.3755,5.082,73.9764,,,,,,,,,,,,0.61,0.634,0.698,0.514,0
30.7,4.7472,5.7397,74.0593,6.571,5.284,73.9765,,,,,,,,,,,,0.61,0.634,0.698,0.514,0
30.72,4.7472,5.7397,74.0593,6.571,5.284,73.9765,,,,,,,,,,,,0.646,0.598,0.73,0.468,0
30.74,4.7472,5.7397,74.0593,6.571,5.284,73.9765,,,,,,,,,,,,0.646,0.598,0.73,0.468,0
30.76,4.7472,5.7397,74.0593,6.571,5.284,73.9765,,,,,,,,,,,,0.646,0.598,0.73,0.468,0
30.78,4.7472,5.7397,74.0593,6.571,5.284,73.9765,,,,,,,,,,,,0.646,0.598,0.73,0.468,0
30.8,6.3626,3.6618,73.588,7.8793,5.6436,73.9766,,,,,,,,,,,,0.646,0.598,0.73,0.468,0
30.82,6.3626,3.6618,73.588,7.8793,5.6436,73.9766,,,,,,,,,,,,0.655,0.586,0.689,0.524,0
30.84,6.3626,3.6618,73.588,7.8793,5.6436,73.9766,,,,,,,,,,,,0.655,0.586,0.689,0.524,0
30.86,6.3626,3.6618,73.588,7.8793,5.6436,73.9766,,,,,,,,,,,,0.655,0.586,0.689,0.524,0
30.88,6.3626,3.6618,73.588,7.8793,5.6436,73.9766,,,,,,,,,,,,0.655,0.586,0.689,0.524,0
30.9,7.7803,4.2383,73.5322,9.1812,6.041,73.9767,,,,,,,,,,,,0.655,0.586,0.689,0.524,0
30.92,7.7803,4.2383,73.5322,9.1812,6.041,73.9767,,,,,,,,,,,,0.627,0.617,0.636,0.595,0
30.94,7.7803,4.2383,73.5322,9.1812,6.041,73.9767,,,,,,,,,,,,0.627,0.617,0.636,0.595,0
30.96,7.7803,4.2383,73.5322,9.1812,6.041,73.9767,,,,,,,,,,,,0.627,0.617,0.636,0.595,0
30.98,7.7803,4.2383,73.5322,9.1812,6.041,73.9767,,,,,,,,,,,,0.627,0.617,0.636,0.595,0
31.0,9.9262,7.1106,73.7332,9.9241,6.3004,73.9768,,,,,,,,,,,,0.627,0.617,0.636,0.595,0
31.02,9.9262,7.1106,73.7332,9.9241,6.3004,73.9768,,,,,,,,,,,,0.662,0.585,0.59,0.645,0
31.04,9.9262,7.1106,73.7332,9.9241,6.3004,73.9768,,,,,,,,,,,,0.662,0.585,0.59,0.645,0
31.06,9.9262,7.1106,73.7332,9.9241,6.3004,73.9768,,,,,,,,,,,,0.662,0.585,0.59,0.645,0
31.08,9.9262,7.1106,73.7332,9.9241,6.3004,73.9768,,,,,,,,,,,,0.662,0.585,0.59,0.645,0
31.1,9.3066,8.7855,74.0149,8.3637,5.7178,73.9771,,,,,,,,,,,,0.662,0.585,0.59,0.645,0
31.12,9.3066,8.7855,74.0149,8.3637,5.7178,73.9771,,,,,,,,,,,,0.641,0.612,0.655,0.577,0
31.14,9.3066,8.7855,74.0149,8.3637,5.7178,73.9771,,,,,,,,,,,,0.641,0.612,0.655,0.577,0
31.16,9.3066,8.7855,74.0149,8.3637,5.7178,73.9771,,,,,,,,,,,,0.641,0.612,0.655,0.577,0
31.18,9.3066,8.7855,74.0149,8.3637,5.7178,73.9771,,,,,,,,,,,,0.641,0.612,0.655,0.577,0
31.2,4.5096,7.1221,73.9843,4.5331,3.0864,73.9793,,,,,,,,,,,,0.641,0.612,0.655,0.577,0
31.22,4.5096,7.1221,73.9843,4.5331,3.0864,73.9793,,,,,,,,,,,,0.664,0.575,0.624,0.608,0
31.24,4.5096,7.1221,73.9843,4.5331,3.0864,73.9793,,,,,,,,,,,,0.664,0.575,0.624,0.608,0
31.26,4.5096,7.1221,73.9843,4.5331,3.0864,73.9793,,,,,,,,,,,,0.664,0.575,0.624,0.608,0
31.28,4.5096,7.1221,73.9843,4.5331,3.0864,73.9793,,,,,,,,,,,,0.664,0.575,0.624,0.608,0
31.3,-1.3964,0.4973,73.9633,2.3144,1.5757,73.9801,,,,,,,,,,,,0.664,0.575,0.624,0.608,0
31.32,-1.3964,0.4973,73.9633,2.3144,1.5757,73.9801,,,,,,,,,,,,0.673,0.551,0.74,0.455,0
31.34,-1.3964,0.4973,73.9633,2.3144,1.5757,73.9801,,,,,,,,,,,,0.673,0.551,0.74,0.455,0
31.36,-1.3964,0.4973,73.9633,2.3144,1.5757,73.9801,,,,,,,,,,,,0.673,0.551,0.74,0.455,0
31.38,-1.3964,0.4973,73.9633,2.3144,1.5757,73.9801,,,,,,,,,,,,0.673,0.551,0.74,0.455,0
31.4,-3.0988,-3.2045,73.7796,1.1815,0.8044,73.9803,,,,,,,,,,,,0.673,0.551,0.74,0.455,0
31.42,-3.0988,-3.2045,73.7796,1.1815,0.8044,73.9803,,,,,,,,,,,,0.658,0.576,0.714,0.484,0
31.44,-3.0988,-3.2045,73.7796,1.1815,0.8044,73.9803,,,,,,,,,,,,0.658,0.576,0.714,0.484,0
31.46,-3.0988,-3.2045,73.7796,1.1815,0.8044,73.9803,,,,,,,,,,,,0.658,0.576,0.714,0.484,0
31.48,-3.0988,-3.2045,73.7796,1.1815,0.8044,73.9803,,,,,,,,,,,,0.658,0.576,0.714,0.484,0
31.5,-0.1175,-1.8633,72.5684,0.6032,0.4107,73.9803,,,,,,,,,,,,0.658,0.576,0.714,0.484,0
31.52,-0.1175,-1.8633,72.5684,0.6032,0.4107,73.9803,,,,,,,,,,,,0.694,0.554,0.519,0.668,0
31.54,-0.1175,-1.8633,72.5684,0.6032,0.4107,73.9803,,,,,,,,,,,,0.694,0.554,0.519,0.668,0
31.56,-0.1175,-1.8633,72.5684,0.6032,0.4107,73.9803,,,,,,,,,,,,0.694,0.554,0.519,0.668,0
31.58,-0.1175,-1.8633,72.5684,0.6032,0.4107,73.9803,,,,,,,,,,,,0.694,0.554,0.519,0.668,0
31.6,3.2672,1.7003,71.6159,0.308,0.2097,73.9804,,,,,,,,,,,,0.694,0.554,0.519,0.668,0
31.62,3.2672,1.7003,71.6159,0.308,0.2097,73.9804,,,,,,,,,,,,0.655,0.618,0.613,0.57,0
31.64,3.2672,1.7003,71.6159,0.308,0.2097,73.9804,,,,,,,,,,,,0.655,0.618,0.613,0.57,0
31.66,3.2672,1.7003,71.6159,0.308,0.2097,73.9804,,,,,,,,,,,,0.655,0.618,0.613,0.57,0
31.68,3.2672,1.7003,71.6159,0.308,0.2097,73.9804,,,,,,,,,,,,0.655,0.618,0.613,0.57,0
31.7,3.9543,1.9532,71.8669,0.1572,0.1071,73.9841,,,,,,,,,,,,0.655,0.618,0.613,0.57,0
31.72,3.9543,1.9532,71.8669,0.1572,0.1071,73.9841,,,,,,,,,,,,0.683,0.574,0.699,0.473,0
31.74,3.9543,1.9532,71.8669,0.1572,0.1071,73.9841,,,,,,,,,,,,0.683,0.574,0.699,0.473,0
31.76,3.9543,1.9532,71.8669,0.1572,0.1071,73.9841,,,,,,,,,,,,0.683,0.574,0.699,0.473,0
31.78,3.9543,1.9532,71.8669,0.1572,0.1071,73.9841,,,,,,,,,,,,0.683,0.574,0.699,0.473,0
31.8,1.5937,-1.3265,72.7064,0.0803,0.0547,75.0477,,,,,,,,,,,,0.683,0.574,0.699,0.473,0
31.82,1.5937,-1.3265,72.7064,0.0803,0.0547,75.0477,,,,,,,,,,,,0.679,0.582,0.714,0.435,0
31.84,1.5937,-1.3265,72.7064,0.0803,0.0547,75.0477,,,,,,,,,,,,0.679,0.582,0.714,0.435,0
31.86,1.5937,-1.3265,72.7064,0.0803,0.0547,75.0477,,,,,,,,,,,,0.679,0.582,0.714,0.435,0
31.88,1.5937,-1.3265,72.7064,0.0803,0.0547,75.0477,,,,,,,,,,,,0.679,0.582,0.714,0.435,0
31.9,-1.6762,-3.6196,73.7284,0.041,0.0279,77.4237,,,,,,,,,,,,0.679,0.582,0.714,0.435,0
31.92,-1.6762,-3.6196,73.7284,0.041,0.0279,77.4237,,,,,,,,,,,,0.716,0.57,0.651,0.487,0
31.94,-1.6762,-3.6196,73.7284,0.041,0.0279,77.4237,,,,,,,,,,,,0.716,0.57,0.651,0.487,0
31.96,-1.6762,-3.6196,73.7284,0.041,0.0279,77.4237,,,,,,,,,,,,0.716,0.57,0.651,0.487,0
31.98,-1.6762,-3.6196,73.7284,0.041,0.0279,77.4237,,,,,,,,,,,,0.716,0.57,0.651,0.487,0
32.0,-1.425,-3.3589,75.1037,0.0209,0.0143,79.8114,,,,,,,,,,,,0.716,0.57,0.651,0.487,0
32.02,-1.425,-3.3589,75.1037,0.0209,0.0143,79.8114,,,,,,,,,,,,0.651,0.641,0.587,0.547,0
32.04,-1.425,-3.3589,75.1037,0.0209,0.0143,79.8114,,,,,,,,,,,,0.651,0.641,0.587,0.547,0
32.06,-1.425,-3.3589,75.1037,0.0209,0.0143,79.8114,,,,,,,,,,,,0.651,0.641,0.587,0.547,0
32.08,-1.425,-3.3589,75.1037,0.0209,0.0143,79.8114,,,,,,,,,,,,0.651,0.641,0.587,0.547,0
32.1,-0.3253,0.0896,76.5369,0.0107,0.0073,80.6741,,,,,,,,,,,,0.651,0.641,0.587,0.547,0
32.12,-0.3253,0.0896,76.5369,0.0107,0.0073,80.6741,,,,,,,,,,,,0.674,0.582,0.557,0.607,0
32.14,-0.3253,0.0896,76.5369,0.0107,0.0073,80.6741,,,,,,,,,,,,0.674,0.582,0.557,0.607,0
32.16,-0.3253,0.0896,76.5369,0.0107,0.0073,80.6741,,,,,,,,,,,,0.674,0.582,0.557,0.607,0
32.18,-0.3253,0.0896,76.5369,0.0107,0.0073,80.6741,,,,,,,,,,,,0.674,0.582,0.557,0.607,0
32.2,-0.8751,2.7959,77.9509,0.0054,0.0037,80.6741,,,,,,,,,,,,0.674,0.582,0.557,0.607,0
32.22,-0.8751,2.7959,77.9509,0.0054,0.0037,80.6741,,,,,,,,,,,,0.679,0.545,0.496,0.685,0
32.24,-0.8751,2.7959,77.9509,0.0054,0.0037,80.6741,,,,,,,,,,,,0.679,0.545,0.496,0.685,0
32.26,-0.8751,2.7959,77.9509,0.0054,0.0037,80.6741,,,,,,,,,,,,0.679,0.545,0.496,0.685,0
32.28,-0.8751,2.7959,77.9509,0.0054,0.0037,80.6741,,,,,,,,,,,,0.679,0.545,0.496,0.685,0
32.3,-1.1167,2.1801,79.4862,0.0028,0.0019,80.6741,,,,,,,,,,,,0.679,0.545,0.496,0.685,0
32.32,-1.1167,2.1801,79.4862,0.0028,0.0019,80.6741,,,,,,,,,,,,0.656,0.548,0.666,0.543,0
32.34,-1.1167,2.1801,79.4862,0.0028,0.0019,80.6741,,,,,,,,,,,,0.656,0.548,0.666,0.543,0
32.36,-1.1167,2.1801,79.4862,0.0028,0.0019,80.6741,,,,,,,,,,,,0.656,0.548,0.666,0.543,0
32.38,-1.1167,2.1801,79.4862,0.0028,0.0019,80.6741,,,,,,,,,,,,0.656,0.548,0.666,0.543,0
32.4,-1.8961,1.2446,80.3301,0.0014,0.001,80.6741,,,,,,,,,,,,0.656,0.548,0.666,0.543,0
32.42,-1.8961,1.2446,80.3301,0.0014,0.001,80.6741,,,,,,,,,,,,0.614,0.59,0.648,0.569,0
32.44,-1.8961,1.2446,80.3301,0.0014,0.001,80.6741,,,,,,,,,,,,0.614,0.59,0.648,0.569,0
32.46,-1.8961,1.2446,80.3301,0.0014,0.001,80.6741,,,,,,,,,,,,0.614,0.59,0.648,0.569,0
32.48,-1.8961,1.2446,80.3301,0.0014,0.001,80.6741,,,,,,,,,,,,0.614,0.59,0.648,0.569,0
32.5,-2.2608,1.0486,80.6568,0.0007,0.0005,81.0121,,,,,,,,,,,,0.614,0.59,0.648,0.569,0
32.52,-2.2608,1.0486,80.6568,0.0007,0.0005,81.0121,,,,,,,,,,,,0.64,0.573,0.64,0.568,0
32.54,-2.2608,1.0486,80.6568,0.0007,0.0005,81.0121,,,,,,,,,,,,0.64,0.573,0.64,0.568,0
32.56,-2.2608,1.0486,80.6568,0.0007,0.0005,81.0121,,,,,,,,,,,,0.64,0.573,0.64,0.568,0
32.58,-2.2608,1.0486,80.6568,0.0007,0.0005,81.0121,,,,,,,,,,,,0.64,0.573,0.64,0.568,0
32.6,-1.3217,0.84,80.6821,0.0004,0.0003,82.2442,,,,,,,,,,,,0.64,0.573,0.64,0.568,0
32.62,-1.3217,0.84,80.6821,0.0004,0.0003,82.2442,,,,,,,,,,,,0.654,0.594,0.666,0.497,0
32.64,-1.3217,0.84,80.6821,0.0004,0.0003,82.2442,,,,,,,,,,,,0.654,0.594,0.666,0.497,0
32.66,-1.3217,0.84,80.6821,0.0004,0.0003,82.2442,,,,,,,,,,,,0.654,0.594,0.666,0.497,0
32.68,-1.3217,0.84,80.6821,0.0004,0.0003,82.2442,,,,,,,,,,,,0.654,0.594,0.666,0.497,0
32.7,-1.5102,1.1512,80.6478,0.0003,0.0002,82.3545,,,,,,,,,,,,0.654,0.594,0.666,0.497,0
32.72,-1.5102,1.1512,80.6478,0.0003,0.0002,82.3545,,,,,,,,,,,,0.591,0.647,0.677,0.494,0
32.74,-1.5102,1.1512,80.6478,0.0003,0.0002,82.3545,,,,,,,,,,,,0.591,0.647,0.677,0.494,0
32.76,-1.5102,1.1512,80.6478,0.0003,0.0002,82.3545,,,,,,,,,,,,0.591,0.647,0.677,0.494,0
32.78,-1.5102,1.1512,80.6478,0.0003,0.0002,82.3545,,,,,,,,,,,,0.591,0.647,0.677,0.494,0
32.8,-1.5213,1.7167,80.5973,0.0298,0.0002,82.3545,,,,,,,,,,,,0.591,0.647,0.677,0.494,0
32.82,-1.5213,1.7167,80.5973,0.0298,0.0002,82.3545,,,,,,,,,,,,0.673,0.557,0.589,0.6,0
32.84,-1.5213,1.7167,80.5973,0.0298,0.0002,82.3545,,,,,,,,,,,,0.673,0.557,0.589,0.6,0
32.86,-1.5213,1.7167,80.5973,0.0298,0.0002,82.3545,,,,,,,,,,,,0.673,0.557,0.589,0.6,0
32.88,-1.5213,1.7167,80.5973,0.0298,0.0002,82.3545,,,,,,,,,,,,0.673,0.557,0.589,0.6,0
32.9,0.3773,1.2941,80.9953,1.8165,0.0001,82.3545,,,,,,,,,,,,0.673,0.557,0.589,0.6,0
32.92,0.3773,1.2941,80.9953,1.8165,0.0001,82.3545,,,,,,,,,,,,0.687,0.533,0.603,0.592,0
32.94,0.3773,1.2941,80.9953,1.8165,0.0001,82.3545,,,,,,,,,,,,0.687,0.533,0.603,0.592,0
32.96,0.3773,1.2941,80.9953,1.8165,0.0001,82.3545,,,,,,,,,,,,0.687,0.533,0.603,0.592,0
32.98,0.3773,1.2941,80.9953,1.8165,0.0001,82.3545,,,,,,,,,,,,0.687,0.533,0.603,0.592,0
33.0,5.3784,1.3643,81.9205,3.4668,0.0001,82.3545,,,,,,,,,,,,0.687,0.533,0.603,0.592,0
33.02,5.3784,1.3643,81.9205,3.4668,0.0001,82.3545,,,,,,,,,,,,0.708,0.48,0.477,0.717,0
33.04,5.3784,1.3643,81.9205,3.4668,0.0001,82.3545,,,,,,,,,,,,0.708,0.48,0.477,0.717,0
33.06,5.3784,1.3643,81.9205,3.4668,0.0001,82.3545,,,,,,,,,,,,0.708,0.48,0.477,0.717,0
33.08,5.3784,1.3643,81.9205,3.4668,0.0001,82.3545,,,,,,,,,,,,0.708,0.48,0.477,0.717,0
33.1,8.3549,2.5562,83.3329,4.0708,0.0,82.3545,,,,,,,,,,,,0.708,0.48,0.477,0.717,0
33.12,8.3549,2.5562,83.3329,4.0708,0.0,82.3545,,,,,,,,,,,,0.648,0.532,0.585,0.651,0
33.14,8.3549,2.5562,83.3329,4.0708,0.0,82.3545,,,,,,,,,,,,0.648,0.532,0.585,0.651,0
33.16,8.3549,2.5562,83.3329,4.0708,0.0,82.3545,,,,,,,,,,,,0.648,0.532,0.585,0.651,0
33.18,8.3549,2.5562,83.3329,4.0708,0.0,82.3545,,,,,,,,,,,,0.648,0.532,0.585,0.651,0
33.2,6.6677,3.3772,84.4981,4.3241,0.0,82.3545,,,,,,,,,,,,0.648,0.532,0.585,0.651,0
33.22,6.6677,3.3772,84.4981,4.3241,0.0,82.3545,,,,,,,,,,,,0.569,0.596,0.721,0.497,0
33.24,6.6677,3.3772,84.4981,4.3241,0.0,82.3545,,,,,,,,,,,,0.569,0.596,0.721,0.497,0
33.26,6.6677,3.3772,84.4981,4.3241,0.0,82.3545,,,,,,,,,,,,0.569,0.596,0.721,0.497,0
33.28,6.6677,3.3772,84.4981,4.3241,0.0,82.3545,,,,,,,,,,,,0.569,0.596,0.721,0.497,0
33.3,2.9736,2.417,85.743,4.6584,0.0,82.3545,,,,,,,,,,,,0.569,0.596,0.721,0.497,0
33.32,2.9736,2.417,85.743,4.6584,0.0,82.3545,,,,,,,,,,,,0.57,0.572,0.672,0.576,0
33.34,2.9736,2.417,85.743,4.6584,0.0,82.3545,,,,,,,,,,,,0.57,0.572,0.672,0.576,0
33.36,2.9736,2.417,85.743,4.6584,0.0,82.3545,,,,,,,,,,,,0.57,0.572,0.672,0.576,0
33.38,2.9736,2.417,85.743,4.6584,0.0,82.3545,,,,,,,,,,,,0.57,0.572,0.672,0.576,0
33.4,0.951,-0.0247,86.6945,4.8862,0.0,82.3545,,,,,,,,,,,,0.57,0.572,0.672,0.576,0
33.42,0.951,-0.0247,86.6945,4.8862,0.0,82.3545,,,,,,,,,,,,0.614,0.512,0.666,0.592,0
33.44,0.951,-0.0247,86.6945,4.8862,0.0,82.3545,,,,,,,,,,,,0.614,0.512,0.666,0.592,0
33.46,0.951,-0.0247,86.6945,4.8862,0.0,82.3545,,,,,,,,,,,,0.614,0.512,0.666,0.592,0
33.48,0.951,-0.0247,86.6945,4.8862,0.0,82.3545,,,,,,,,,,,,0.614,0.512,0.666,0.592,0
33.5,4.0143,0.0724,87.0504,4.9432,0.0,82.3545,,,,,,,,,,,,0.614,0.512,0.666,0.592,0
33.52,4.0143,0.0724,87.0504,4.9432,0.0,82.3545,,,,,,,,,,,,0.634,0.498,0.589,0.664,0
33.54,4.0143,0.0724,87.0504,4.9432,0.0,82.3545,,,,,,,,,,,,0.634,0.498,0.589,0.664,0
33.56,4.0143,0.0724,87.0504,4.9432,0.0,82.3545,,,,,,,,,,,,0.634,0.498,0.589,0.664,0
33.58,4.0143,0.0724,87.0504,4.9432,0.0,82.3545,,,,,,,,,,,,0.634,0.498,0.589,0.664,0
33.6,7.449,1.7512,87.2218,4.9752,0.0,82.3545,,,,,,,,,,,,0.634,0.498,0.589,0.664,0
33.62,7.449,1.7512,87.2218,4.9752,0.0,82.3545,,,,,,,,,,,,0.635,0.511,0.587,0.659,0
33.64,7.449,1.7512,87.2218,4.9752,0.0,82.3545,,,,,,,,,,,,0.635,0.511,0.587,0.659,0
33.66,7.449,1.7512,87.2218,4.9752,0.0,82.3545,,,,,,,,,,,,0.635,0.511,0.587,0.659,0
33.68,7.449,1.7512,87.2218,4.9752,0.0,82.3545,,,,,,,,,,,,0.635,0.511,0.587,0.659,0
33.7,3.2379,1.0941,86.7926,5.0785,0.0,82.3545,,,,,,,,,,,,0.635,0.511,0.587,0.659,0
33.72,3.2379,1.0941,86.7926,5.0785,0.0,82.3545,,,,,,,,,,,,0.571,0.585,0.622,0.62,0
33.74,3.2379,1.0941,86.7926,5.0785,0.0,82.3545,,,,,,,,,,,,0.571,0.585,0.622,0.62,0
33.76,3.2379,1.0941,86.7926,5.0785,0.0,82.3545,,,,,,,,,,,,0.571,0.585,0.622,0.62,0
33.78,3.2379,1.0941,86.7926,5.0785,0.0,82.3545,,,,,,,,,,,,0.571,0.585,0.622,0.62,0
33.8,-1.0918,1.1457,86.1885,5.2231,0.0,82.3545,,,,,,,,,,,,0.571,0.585,0.622,0.62,0
33.82,-1.0918,1.1457,86.1885,5.2231,0.0,82.3545,,,,,,,,,,,,0.573,0.593,0.669,0.557,0
33.84,-1.0918,1.1457,86.1885,5.2231,0.0,82.3545,,,,,,,,,,,,0.573,0.593,0.669,0.557,0
33.86,-1.0918,1.1457,86.1885,5.2231,0.0,82.3545,,,,,,,,,,,,0.573,0.593,0.669,0.557,0
33.88,-1.0918,1.1457,86.1885,5.2231,0.0,82.3545,,,,,,,,,,,,0.573,0.593,0.669,0.557,0
33.9,-1.2009,-0.0218,85.143,5.2999,0.0,82.3545,,,,,,,,,,,,0.573,0.593,0.669,0.557,0
33.92,-1.2009,-0.0218,85.143,5.2999,0.0,82.3545,,,,,,,,,,,,0.701,0.466,0.623,0.585,0
33.94,-1.2009,-0.0218,85.143,5.2999,0.0,82.3545,,,,,,,,,,,,0.701,0.466,0.623,0.585,0
33.96,-1.2009,-0.0218,85.143,5.2999,0.0,82.3545,,,,,,,,,,,,0.701,0.466,0.623,0.585,0
33.98,-1.2009,-0.0218,85.143,5.2999,0.0,82.3545,,,,,,,,,,,,0.701,0.466,0.623,0.585,0
34.0,4.9485,-1.1774,84.0174,5.3008,0.0,82.3545,,,,,,,,,,,,0.701,0.466,0.623,0.585,0
34.02,4.9485,-1.1774,84.0174,5.3008,0.0,82.3545,,,,,,,,,,,,0.712,0.474,0.466,0.709,0
34.04,4.9485,-1.1774,84.0174,5.3008,0.0,82.3545,,,,,,,,,,,,0.712,0.474,0.466,0.709,0
34.06,4.9485,-1.1774,84.0174,5.3008,0.0,82.3545,,,,,,,,,,,,0.712,0.474,0.466,0.709,0
34.08,4.9485,-1.1774,84.0174,5.3008,0.0,82.3545,,,,,,,,,,,,0.712,0.474,0.466,0.709,0
34.1,8.9929,0.9356,82.8521,5.2776,0.0,82.3545,,,,,,,,,,,,0.712,0.474,0.466,0.709,0
34.12,8.9929,0.9356,82.8521,5.2776,0.0,82.3545,,,,,,,,,,,,0.63,0.598,0.556,0.628,0
34.14,8.9929,0.9356,82.8521,5.2776,0.0,82.3545,,,,,,,,,,,,0.63,0.598,0.556,0.628,0
34.16,8.9929,0.9356,82.8521,5.2776,0.0,82.3545,,,,,,,,,,,,0.63,0.598,0.556,0.628,0
34.18,8.9929,0.9356,82.8521,5.2776,0.0,82.3545,,,,,,,,,,,,0.63,0.598,0.556,0.628,0
34.2,4.9676,2.2177,81.6918,5.2657,0.0,82.3545,,,,,,,,,,,,0.63,0.598,0.556,0.628,0
34.22,4.9676,2.2177,81.6918,5.2657,0.0,82.3545,,,,,,,,,,,,0.54,0.691,0.702,0.438,0
34.24,4.9676,2.2177,81.6918,5.2657,0.0,82.3545,,,,,,,,,,,,0.54,0.691,0.702,0.438,0
34.26,4.9676,2.2177,81.6918,5.2657,0.0,82.3545,,,,,,,,,,,,0.54,0.691,0.702,0.438,0
34.28,4.9676,2.2177,81.6918,5.2657,0.0,82.3545,,,,,,,,,,,,0.54,0.691,0.702,0.438,0
34.3,1.2143,0.0845,80.3898,5.2722,0.0,82.3545,,,,,,,,,,,,0.54,0.691,0.702,0.438,0
34.32,1.2143,0.0845,80.3898,5.2722,0.0,82.3545,,,,,,,,,,,,0.658,0.589,0.697,0.427,0
34.34,1.2143,0.0845,80.3898,5.2722,0.0,82.3545,,,,,,,,,,,,0.658,0.589,0.697,0.427,0
34.36,1.2143,0.0845,80.3898,5.2722,0.0,82.3545,,,,,,,,,,,,0.658,0.589,0.697,0.427,0
34.38,1.2143,0.0845,80.3898,5.2722,0.0,82.3545,,,,,,,,,,,,0.658,0.589,0.697,0.427,0
34.4,2.9264,-1.5043,79.6999,5.325,0.0,82.3545,,,,,,,,,,,,0.658,0.589,0.697,0.427,0
34.42,2.9264,-1.5043,79.6999,5.325,0.0,82.3545,,,,,,,,,,,,0.663,0.587,0.632,0.52,0
34.44,2.9264,-1.5043,79.6999,5.325,0.0,82.3545,,,,,,,,,,,,0.663,0.587,0.632,0.52,0
34.46,2.9264,-1.5043,79.6999,5.325,0.0,82.3545,,,,,,,,,,,,0.663,0.587,0.632,0.52,0
34.48,2.9264,-1.5043,79.6999,5.325,0.0,82.3545,,,,,,,,,,,,0.663,0.587,0.632,0.52,0
34.5,5.7379,-0.6865,79.283,5.3519,0.0,82.3546,,,,,,,,,,,,0.663,0.587,0.632,0.52,0
34.52,5.7379,-0.6865,79.283,5.3519,0.0,82.3546,,,,,,,,,,,,0.608,0.646,0.636,0.518,0
34.54,5.7379,-0.6865,79.283,5.3519,0.0,82.3546,,,,,,,,,,,,0.608,0.646,0.636,0.518,0
34.56,5.7379,-0.6865,79.283,5.3519,0.0,82.3546,,,,,,,,,,,,0.608,0.646,0.636,0.518,0
34.58,5.7379,-0.6865,79.283,5.3519,0.0,82.3546,,,,,,,,,,,,0.608,0.646,0.636,0.518,0
34.6,7.8513,0.9616,79.1674,5.3524,0.0,82.3546,,,,,,,,,,,,0.608,0.646,0.636,0.518,0
34.62,7.8513,0.9616,79.1674,5.3524,0.0,82.3546,,,,,,,,,,,,0.679,0.579,0.585,0.577,0
34.64,7.8513,0.9616,79.1674,5.3524,0.0,82.3546,,,,,,,,,,,,0.679,0.579,0.585,0.577,0
34.66,7.8513,0.9616,79.1674,5.3524,0.0,82.3546,,,,,,,,,,,,0.679,0.579,0.585,0.577,0
34.68,7.8513,0.9616,79.1674,5.3524,0.0,82.3546,,,,,,,,,,,,0.679,0.579,0.585,0.577,0
34.7,5.1352,1.0757,78.8591,5.3039,0.0,82.3546,,,,,,,,,,,,0.679,0.579,0.585,0.577,0
34.72,5.1352,1.0757,78.8591,5.3039,0.0,82.3546,,,,,,,,,,,,0.652,0.61,0.613,0.541,0
34.74,5.1352,1.0757,78.8591,5.3039,0.0,82.3546,,,,,,,,,,,,0.652,0.61,0.613,0.541,0
34.76,5.1352,1.0757,78.8591,5.3039,0.0,82.3546,,,,,,,,,,,,0.652,0.61,0.613,0.541,0
34.78,5.1352,1.0757,78.8591,5.3039,0.0,82.3546,,,,,,,,,,,,0.652,0.61,0.613,0.541,0
34.8,3.1309,-0.0267,78.7816,5.4377,0.2773,82.3546,,,,,,,,,,,,0.652,0.61,0.613,0.541,0
34.82,3.1309,-0.0267,78.7816,5.4377,0.2773,82.3546,,,,,,,,,,,,0.655,0.6,0.682,0.451,0
34.84,3.1309,-0.0267,78.7816,5.4377,0.2773,82.3546,,,,,,,,,,,,0.655,0.6,0.682,0.451,0
34.86,3.1309,-0.0267,78.7816,5.4377,0.2773,82.3546,,,,,,,,,,,,0.655,0.6,0.682,0.451,0
34.88,3.1309,-0.0267,78.7816,5.4377,0.2773,82.3546,,,,,,,,,,,,0.655,0.6,0.682,0.451,0
34.9,5.1009,-1.0643,78.4479,5.5802,1.1537,82.3546,,,,,,,,,,,,0.655,0.6,0.682,0.451,0
34.92,5.1009,-1.0643,78.4479,5.5802,1.1537,82.3546,,,,,,,,,,,,0.739,0.502,0.571,0.585,0
34.94,5.1009,-1.0643,78.4479,5.5802,1.1537,82.3546,,,,,,,,,,,,0.739,0.502,0.571,0.585,0
34.96,5.1009,-1.0643,78.4479,5.5802,1.1537,82.3546,,,,,,,,,,,,0.739,0.502,0.571,0.585,0
34.98,5.1009,-1.0643,78.4479,5.5802,1.1537,82.3546,,,,,,,,,,,,0.739,0.502,0.571,0.585,0
35.0,9.4513,1.6252,78.3929,4.5278,3.8225,82.354,,,,,,,,,,,,0.739,0.502,0.571,0.585,0
35.02,9.4513,1.6252,78.3929,4.5278,3.8225,82.354,,,,,,,,,,,,0.733,0.538,0.485,0.68,0
35.04,9.4513,1.6252,78.3929,4.5278,3.8225,82.354,,,,,,,,,,,,0.733,0.538,0.485,0.68,0
35.06,9.4513,1.6252,78.3929,4.5278,3.8225,82.354,,,,,,,,,,,,0.733,0.538,0.485,0.68,0
35.08,9.4513,1.6252,78.3929,4.5278,3.8225,82.354,,,,,,,,,,,,0.733,0.538,0.485,0.68,0
35.1,5.582,8.8827,78.8765,2.9852,7.3411,82.3528,,,,,,,,,,,,0.733,0.538,0.485,0.68,0
35.12,5.582,8.8827,78.8765,2.9852,7.3411,82.3528,,,,,,,,,,,,0.587,0.697,0.531,0.654,0
35.14,5.582,8.8827,78.8765,2.9852,7.3411,82.3528,,,,,,,,,,,,0.587,0.697,0.531,0.654,0
35.16,5.582,8.8827,78.8765,2.9852,7.3411,82.3528,,,,,,,,,,,,0.587,0.697,0.531,0.654,0
35.18,5.582,8.8827,78.8765,2.9852,7.3411,82.3528,,,,,,,,,,,,0.587,0.697,0.531,0.654,0
35.2,-1.4477,13.4583,78.97,1.9546,10.7869,82.3561,,,,,,,,,,,,0.587,0.697,0.531,0.654,0
35.22,-1.4477,13.4583,78.97,1.9546,10.7869,82.3561,,,,,,,,,,,,0.632,0.669,0.684,0.524,0
35.24,-1.4477,13.4583,78.97,1.9546,10.7869,82.3561,,,,,,,,,,,,0.632,0.669,0.684,0.524,0
35.26,-1.4477,13.4583,78.97,1.9546,10.7869,82.3561,,,,,,,,,,,,0.632,0.669,0.684,0.524,0
35.28,-1.4477,13.4583,78.97,1.9546,10.7869,82.3561,,,,,,,,,,,,0.632,0.669,0.684,0.524,0
35.3,-3.3237,13.5638,78.6225,1.2806,13.4819,82.4414,,,,,,,,,,,,0.632,0.669,0.684,0.524,0
35.32,-3.3237,13.5638,78.6225,1.2806,13.4819,82.4414,,,,,,,,,,,,0.732,0.571,0.676,0.526,0
35.34,-3.3237,13.5638,78.6225,1.2806,13.4819,82.4414,,,,,,,,,,,,0.732,0.571,0.676,0.526,0
35.36,-3.3237,13.5638,78.6225,1.2806,13.4819,82.4414,,,,,,,,,,,,0.732,0.571,0.676,0.526,0
35.38,-3.3237,13.5638,78.6225,1.2806,13.4819,82.4414,,,,,,,,,,,,0.732,0.571,0.676,0.526,0
35.4,0.0021,13.477,78.6324,0.768,15.1192,82.5229,,,,,,,,,,,,0.732,0.571,0.676,0.526,0
35.42,0.0021,13.477,78.6324,0.768,15.1192,82.5229,,,,,,,,,,,,0.727,0.578,0.576,0.627,0
35.44,0.0021,13.477,78.6324,0.768,15.1192,82.5229,,,,,,,,,,,,0.727,0.578,0.576,0.627,0
35.46,0.0021,13.477,78.6324,0.768,15.1192,82.5229,,,,,,,,,,,,0.727,0.578,0.576,0.627,0
35.48,0.0021,13.477,78.6324,0.768,15.1192,82.5229,,,,,,,,,,,,0.727,0.578,0.576,0.627,0
35.5,3.1186,15.3573,79.1703,0.6381,15.7799,82.5229,,,,,,,,,,,,0.727,0.578,0.576,0.627,0
35.52,3.1186,15.3573,79.1703,0.6381,15.7799,82.5229,,,,,,,,,,,,0.692,0.62,0.588,0.631,0
35.54,3.1186,15.3573,79.1703,0.6381,15.7799,82.5229,,,,,,,,,,,,0.692,0.62,0.588,0.631,0
35.56,3.1186,15.3573,79.1703,0.6381,15.7799,82.5229,,,,,,,,,,,,0.692,0.62,0.588,0.631,0
35.58,3.1186,15.3573,79.1703,0.6381,15.7799,82.5229,,,,,,,,,,,,0.692,0.62,0.588,0.631,0
35.6,2.4814,17.3283,79.5722,0.5064,16.0929,82.5229,,,,,,,,,,,,0.692,0.62,0.588,0.631,0
35.62,2.4814,17.3283,79.5722,0.5064,16.0929,82.5229,,,,,,,,,,,,0.704,0.609,0.605,0.626,0
35.64,2.4814,17.3283,79.5722,0.5064,16.0929,82.5229,,,,,,,,,,,,0.704,0.609,0.605,0.626,0
35.66,2.4814,17.3283,79.5722,0.5064,16.0929,82.5229,,,,,,,,,,,,0.704,0.609,0.605,0.626,0
35.68,2.4814,17.3283,79.5722,0.5064,16.0929,82.5229,,,,,,,,,,,,0.704,0.609,0.605,0.626,0
35.7,-0.2566,16.9857,79.8778,0.6885,15.9003,82.5228,,,,,,,,,,,,0.704,0.609,0.605,0.626,0
35.72,-0.2566,16.9857,79.8778,0.6885,15.9003,82.5228,,,,,,,,,,,,0.625,0.684,0.719,0.497,0
35.74,-0.2566,16.9857,79.8778,0.6885,15.9003,82.5228,,,,,,,,,,,,0.625,0.684,0.719,0.497,0
35.76,-0.2566,16.9857,79.8778,0.6885,15.9003,82.5228,,,,,,,,,,,,0.625,0.684,0.719,0.497,0
35.78,-0.2566,16.9857,79.8778,0.6885,15.9003,82.5228,,,,,,,,,,,,0.625,0.684,0.719,0.497,0
35.8,-0.7792,15.3731,80.7743,0.6182,15.2519,82.5228,,,,,,,,,,,,0.625,0.684,0.719,0.497,0
35.82,-0.7792,15.3731,80.7743,0.6182,15.2519,82.5228,,,,,,,,,,,,0.724,0.548,0.668,0.577,0
35.84,-0.7792,15.3731,80.7743,0.6182,15.2519,82.5228,,,,,,,,,,,,0.724,0.548,0.668,0.577,0
35.86,-0.7792,15.3731,80.7743,0.6182,15.2519,82.5228,,,,,,,,,,,,0.724,0.548,0.668,0.577,0
35.88,-0.7792,15.3731,80.7743,0.6182,15.2519,82.5228,,,,,,,,,,,,0.724,0.548,0.668,0.577,0
35.9,-0.5624,12.0527,81.6681,0.4684,14.632,82.5228,,,,,,,,,,,,0.724,0.548,0.668,0.577,0
35.92,-0.5624,12.0527,81.6681,0.4684,14.632,82.5228,,,,,,,,,,,,0.726,0.521,0.632,0.619,0
35.94,-0.5624,12.0527,81.6681,0.4684,14.632,82.5228,,,,,,,,,,,,0.726,0.521,0.632,0.619,0
35.96,-0.5624,12.0527,81.6681,0.4684,14.632,82.5228,,,,,,,,,,,,0.726,0.521,0.632,0.619,0
35.98,-0.5624,12.0527,81.6681,0.4684,14.632,82.5228,,,,,,,,,,,,0.726,0.521,0.632,0.619,0
36.0,1.1685,10.6845,82.0893,0.3662,13.5486,82.5229,,,,,,,,,,,,0.726,0.521,0.632,0.619,0
36.02,1.1685,10.6845,82.0893,0.3662,13.5486,82.5229,,,,,,,,,,,,0.697,0.555,0.563,0.68,0
36.04,1.1685,10.6845,82.0893,0.3662,13.5486,82.5229,,,,,,,,,,,,0.697,0.555,0.563,0.68,0
36.06,1.1685,10.6845,82.0893,0.3662,13.5486,82.5229,,,,,,,,,,,,0.697,0.555,0.563,0.68,0
36.08,1.1685,10.6845,82.0893,0.3662,13.5486,82.5229,,,,,,,,,,,,0.697,0.555,0.563,0.68,0
36.1,3.0015,10.9432,82.3383,0.399,9.0259,82.5228,,,,,,,,,,,,0.697,0.555,0.563,0.68,0
36.12,3.0015,10.9432,82.3383,0.399,9.0259,82.5228,,,,,,,,,,,,0.662,0.604,0.542,0.685,0
36.14,3.0015,10.9432,82.3383,0.399,9.0259,82.5228,,,,,,,,,,,,0.662,0.604,0.542,0.685,0
36.16,3.0015,10.9432,82.3383,0.399,9.0259,82.5228,,,,,,,,,,,,0.662,0.604,0.542,0.685,0
36.18,3.0015,10.9432,82.3383,0.399,9.0259,82.5228,,,,,,,,,,,,0.662,0.604,0.542,0.685,0
36.2,1.0744,6.6624,82.2653,0.4019,4.7143,82.5228,,,,,,,,,,,,0.662,0.604,0.542,0.685,0
36.22,1.0744,6.6624,82.2653,0.4019,4.7143,82.5228,,,,,,,,,,,,0.641,0.623,0.677,0.549,0
36.24,1.0744,6.6624,82.2653,0.4019,4.7143,82.5228,,,,,,,,,,,,0.641,0.623,0.677,0.549,0
36.26,1.0744,6.6624,82.2653,0.4019,4.7143,82.5228,,,,,,,,,,,,0.641,0.623,0.677,0.549,0
36.28,1.0744,6.6624,82.2653,0.4019,4.7143,82.5228,,,,,,,,,,,,0.641,0.623,0.677,0.549,0
36.3,-1.9211,0.5788,82.6474,0.4957,2.4065,82.5227,,,,,,,,,,,,0.641,0.623,0.677,0.549,0
36.32,-1.9211,0.5788,82.6474,0.4957,2.4065,82.5227,,,,,,,,,,,,0.647,0.599,0.782,0.412,0
36.34,-1.9211,0.5788,82.6474,0.4957,2.4065,82.5227,,,,,,,,,,,,0.647,0.599,0.782,0.412,0
36.36,-1.9211,0.5788,82.6474,0.4957,2.4065,82.5227,,,,,,,,,,,,0.647,0.599,0.782,0.412,0
36.38,-1.9211,0.5788,82.6474,0.4957,2.4065,82.5227,,,,,,,,,,,,0.647,0.599,0.782,0.412,0
36.4,-4.75,-2.9087,83.0532,0.468,1.2288,82.5227,,,,,,,,,,,,0.647,0.599,0.782,0.412,0
36.42,-4.75,-2.9087,83.0532,0.468,1.2288,82.5227,,,,,,,,,,,,0.621,0.623,0.742,0.49,0
36.44,-4.75,-2.9087,83.0532,0.468,1.2288,82.5227,,,,,,,,,,,,0.621,0.623,0.742,0.49,0
36.46,-4.75,-2.9087,83.0532,0.468,1.2288,82.5227,,,,,,,,,,,,0.621,0.623,0.742,0.49,0
36.48,-4.75,-2.9087,83.0532,0.468,1.2288,82.5227,,,,,,,,,,,,0.621,0.623,0.742,0.49,0
36.5,-3.5116,-3.3491,82.9309,1.4058,0.6273,82.5226,,,,,,,,,,,,0.621,0.623,0.742,0.49,0
36.52,-3.5116,-3.3491,82.9309,1.4058,0.6273,82.5226,,,,,,,,,,,,0.68,0.562,0.63,0.616,0
36.54,-3.5116,-3.3491,82.9309,1.4058,0.6273,82.5226,,,,,,,,,,,,0.68,0.562,0.63,0.616,0
36.56,-3.5116,-3.3491,82.9309,1.4058,0.6273,82.5226,,,,,,,,,,,,0.68,0.562,0.63,0.616,0
36.58,-3.5116,-3.3491,82.9309,1.4058,0.6273,82.5226,,,,,,,,,,,,0.68,0.562,0.63,0.616,0
36.6,4.4203,-2.5858,82.5426,4.455,0.3203,82.5224,,,,,,,,,,,,0.68,0.562,0.63,0.616,0
36.62,4.4203,-2.5858,82.5426,4.455,0.3203,82.5224,,,,,,,,,,,,0.721,0.512,0.64,0.599,0
36.64,4.4203,-2.5858,82.5426,4.455,0.3203,82.5224,,,,,,,,,,,,0.721,0.512,0.64,0.599,0
36.66,4.4203,-2.5858,82.5426,4.455,0.3203,82.5224,,,,,,,,,,,,0.721,0.512,0.64,0.599,0
36.68,4.4203,-2.5858,82.5426,4.455,0.3203,82.5224,,,,,,,,,,,,0.721,0.512,0.64,0.599,0
36.7,13.1654,-1.9313,82.4224,6.5486,0.1635,82.5223,,,,,,,,,,,,0.721,0.512,0.64,0.599,0
36.72,13.1654,-1.9313,82.4224,6.5486,0.1635,82.5223,,,,,,,,,,,,0.712,0.542,0.547,0.7,0
36.74,13.1654,-1.9313,82.4224,6.5486,0.1635,82.5223,,,,,,,,,,,,0.712,0.542,0.547,0.7,0
36.76,13.1654,-1.9313,82.4224,6.5486,0.1635,82.5223,,,,,,,,,,,,0.712,0.542,0.547,0.7,0
36.78,13.1654,-1.9313,82.4224,6.5486,0.1635,82.5223,,,,,,,,,,,,0.712,0.542,0.547,0.7,0
36.8,12.2598,1.2326,82.5781,7.5525,0.0835,82.5223,,,,,,,,,,,,0.712,0.542,0.547,0.7,0
36.82,12.2598,1.2326,82.5781,7.5525,0.0835,82.5223,,,,,,,,,,,,0.571,0.697,0.706,0.526,0
36.84,12.2598,1.2326,82.5781,7.5525,0.0835,82.5223,,,,,,,,,,,,0.571,0.697,0.706,0.526,0
36.86,12.2598,1.2326,82.5781,7.5525,0.0835,82.5223,,,,,,,,,,,,0.571,0.697,0.706,0.526,0
36.88,12.2598,1.2326,82.5781,7.5525,0.0835,82.5223,,,,,,,,,,,,0.571,0.697,0.706,0.526,0
36.9,7.5981,2.2646,82.3549,7.7006,0.0426,82.5223,,,,,,,,,,,,0.571,0.697,0.706,0.526,0
36.92,7.5981,2.2646,82.3549,7.7006,0.0426,82.5223,,,,,,,,,,,,0.662,0.609,0.655,0.572,0
36.94,7.5981,2.2646,82.3549,7.7006,0.0426,82.5223,,,,,,,,,,,,0.662,0.609,0.655,0.572,0
36.96,7.5981,2.2646,82.3549,7.7006,0.0426,82.5223,,,,,,,,,,,,0.662,0.609,0.655,0.572,0
36.98,7.5981,2.2646,82.3549,7.7006,0.0426,82.5223,,,,,,,,,,,,0.662,0.609,0.655,0.572,0
37.0,5.0142,0.4735,81.6701,7.7743,0.0218,82.5223,,,,,,,,,,,,0.662,0.609,0.655,0.572,0
37.02,5.0142,0.4735,81.6701,7.7743,0.0218,82.5223,,,,,,,,,,,,0.701,0.565,0.653,0.565,0
37.04,5.0142,0.4735,81.6701,7.7743,0.0218,82.5223,,,,,,,,,,,,0.701,0.565,0.653,0.565,0
37.06,5.0142,0.4735,81.6701,7.7743,0.0218,82.5223,,,,,,,,,,,,0.701,0.565,0.653,0.565,0
37.08,5.0142,0.4735,81.6701,7.7743,0.0218,82.5223,,,,,,,,,,,,0.701,0.565,0.653,0.565,0
37.1,8.6668,-0.4763,81.438,7.7381,0.0111,82.5223,,,,,,,,,,,,0.701,0.565,0.653,0.565,0
37.12,8.6668,-0.4763,81.438,7.7381,0.0111,82.5223,,,,,,,,,,,,0.738,0.522,0.579,0.644,0
37.14,8.6668,-0.4763,81.438,7.7381,0.0111,82.5223,,,,,,,,,,,,0.738,0.522,0.579,0.644,0
37.16,8.6668,-0.4763,81.438,7.7381,0.0111,82.5223,,,,,,,,,,,,0.738,0.522,0.579,0.644,0
37.18,8.6668,-0.4763,81.438,7.7381,0.0111,82.5223,,,,,,,,,,,,0.738,0.522,0.579,0.644,0
37.2,11.6931,-0.1322,80.903,7.5817,0.0057,82.5223,,,,,,,,,,,,0.738,0.522,0.579,0.644,0
37.22,11.6931,-0.1322,80.903,7.5817,0.0057,82.5223,,,,,,,,,,,,0.715,0.57,0.526,0.688,0
37.24,11.6931,-0.1322,80.903,7.5817,0.0057,82.5223,,,,,,,,,,,,0.715,0.57,0.526,0.688,0
37.26,11.6931,-0.1322,80.903,7.5817,0.0057,82.5223,,,,,,,,,,,,0.715,0.57,0.526,0.688,0
37.28,11.6931,-0.1322,80.903,7.5817,0.0057,82.5223,,,,,,,,,,,,0.715,0.57,0.526,0.688,0
37.3,7.8367,2.0527,81.4408,6.7823,0.0029,82.5224,,,,,,,,,,,,0.715,0.57,0.526,0.688,0
37.32,7.8367,2.0527,81.4408,6.7823,0.0029,82.5224,,,,,,,,,,,,0.609,0.667,0.682,0.535,0
37.34,7.8367,2.0527,81.4408,6.7823,0.0029,82.5224,,,,,,,,,,,,0.609,0.667,0.682,0.535,0
37.36,7.8367,2.0527,81.4408,6.7823,0.0029,82.5224,,,,,,,,,,,,0.609,0.667,0.682,0.535,0
37.38,7.8367,2.0527,81.4408,6.7823,0.0029,82.5224,,,,,,,,,,,,0.609,0.667,0.682,0.535,0
37.4,2.608,2.9367,82.1091,4.6515,0.0015,82.5224,,,,,,,,,,,,0.609,0.667,0.682,0.535,0
37.42,2.608,2.9367,82.1091,4.6515,0.0015,82.5224,,,,,,,,,,,,0.679,0.569,0.624,0.607,0
37.44,2.608,2.9367,82.1091,4.6515,0.0015,82.5224,,,,,,,,,,,,0.679,0.569,0.624,0.607,0
37.46,2.608,2.9367,82.1091,4.6515,0.0015,82.5224,,,,,,,,,,,,0.679,0.569,0.624,0.607,0
37.48,2.608,2.9367,82.1091,4.6515,0.0015,82.5224,,,,,,,,,,,,0.679,0.569,0.624,0.607,0
37.5,-0.4767,2.4897,82.109,2.5389,0.0008,82.5224,,,,,,,,,,,,0.679,0.569,0.624,0.607,0
37.52,-0.4767,2.4897,82.109,2.5389,0.0008,82.5224,,,,,,,,,,,,0.643,0.612,0.63,0.593,0
37.54,-0.4767,2.4897,82.109,2.5389,0.0008,82.5224,,,,,,,,,,,,0.643,0.612,0.63,0.593,0
37.56,-0.4767,2.4897,82.109,2.5389,0.0008,82.5224,,,,,,,,,,,,0.643,0.612,0.63,0.593,0
37.58,-0.4767,2.4897,82.109,2.5389,0.0008,82.5224,,,,,,,,,,,,0.643,0.612,0.63,0.593,0
37.6,0.0657,2.0541,81.6228,1.2962,0.0004,82.5224,,,,,,,,,,,,0.643,0.612,0.63,0.593,0
37.62,0.0657,2.0541,81.6228,1.2962,0.0004,82.5224,,,,,,,,,,,,0.642,0.623,0.631,0.579,0
37.64,0.0657,2.0541,81.6228,1.2962,0.0004,82.5224,,,,,,,,,,,,0.642,0.623,0.631,0.579,0
37.66,0.0657,2.0541,81.6228,1.2962,0.0004,82.5224,,,,,,,,,,,,0.642,0.623,0.631,0.579,0
37.68,0.0657,2.0541,81.6228,1.2962,0.0004,82.5224,,,,,,,,,,,,0.642,0.623,0.631,0.579,0
37.7,1.4614,1.5025,80.8408,0.6618,-0.1338,82.5224,,,,,,,,,,,,0.642,0.623,0.631,0.579,0
37.72,1.4614,1.5025,80.8408,0.6618,-0.1338,82.5224,,,,,,,,,,,,0.641,0.637,0.538,0.655,0
37.74,1.4614,1.5025,80.8408,0.6618,-0.1338,82.5224,,,,,,,,,,,,0.641,0.637,0.538,0.655,0
37.76,1.4614,1.5025,80.8408,0.6618,-0.1338,82.5224,,,,,,,,,,,,0.641,0.637,0.538,0.655,0
37.78,1.4614,1.5025,80.8408,0.6618,-0.1338,82.5224,,,,,,,,,,,,0.641,0.637,0.538,0.655,0
37.8,-1.3094,2.8101,80.5164,0.3379,-0.7763,82.5225,,,,,,,,,,,,0.641,0.637,0.538,0.655,0
37.82,-1.3094,2.8101,80.5164,0.3379,-0.7763,82.5225,,,,,,,,,,,,0.54,0.729,0.669,0.527,0
37.84,-1.3094,2.8101,80.5164,0.3379,-0.7763,82.5225,,,,,,,,,,,,0.54,0.729,0.669,0.527,0
37.86,-1.3094,2.8101,80.5164,0.3379,-0.7763,82.5225,,,,,,,,,,,,0.54,0.729,0.669,0.527,0
37.88,-1.3094,2.8101,80.5164,0.3379,-0.7763,82.5225,,,,,,,,,,,,0.54,0.729,0.669,0.527,0
37.9,-3.3092,2.4916,80.1049,0.1725,-1.492,82.5225,,,,,,,,,,,,0.54,0.729,0.669,0.527,0
37.92,-3.3092,2.4916,80.1049,0.1725,-1.492,82.5225,,,,,,,,,,,,0.643,0.642,0.631,0.569,0
37.94,-3.3092,2.4916,80.1049,0.1725,-1.492,82.5225,,,,,,,,,,,,0.643,0.642,0.631,0.569,0
37.96,-3.3092,2.4916,80.1049,0.1725,-1.492,82.5225,,,,,,,,,,,,0.643,0.642,0.631,0.569,0
37.98,-3.3092,2.4916,80.1049,0.1725,-1.492,82.5225,,,,,,,,,,,,0.643,0.642,0.631,0.569,0
38.0,-2.4351,-1.2711,79.8873,0.0881,-2.0557,82.5225,,,,,,,,,,,,0.643,0.642,0.631,0.569,0
38.02,-2.4351,-1.2711,79.8873,0.0881,-2.0557,82.5225,,,,,,,,,,,,0.73,0.548,0.688,0.493,0
38.04,-2.4351,-1.2711,79.8873,0.0881,-2.0557,82.5225,,,,,,,,,,,,0.73,0.548,0.688,0.493,0
38.06,-2.4351,-1.2711,79.8873,0.0881,-2.0557,82.5225,,,,,,,,,,,,0.73,0.548,0.688,0.493,0
38.08,-2.4351,-1.2711,79.8873,0.0881,-2.0557,82.5225,,,,,,,,,,,,0.73,0.548,0.688,0.493,0
38.1,-0.444,-3.8631,79.7354,0.045,-2.4876,82.5225,,,,,,,,,,,,0.73,0.548,0.688,0.493,0
38.12,-0.444,-3.8631,79.7354,0.045,-2.4876,82.5225,,,,,,,,,,,,0.697,0.587,0.612,0.58,0
38.14,-0.444,-3.8631,79.7354,0.045,-2.4876,82.5225,,,,,,,,,,,,0.697,0.587,0.612,0.58,0
38.16,-0.444,-3.8631,79.7354,0.045,-2.4876,82.5225,,,,,,,,,,,,0.697,0.587,0.612,0.58,0
38.18,-0.444,-3.8631,79.7354,0.045,-2.4876,82.5225,,,,,,,,,,,,0.697,0.587,0.612,0.58,0
38.2,0.0807,-2.0997,79.5827,0.023,-2.8472,82.5226,,,,,,,,,,,,0.697,0.587,0.612,0.58,0
38.22,0.0807,-2.0997,79.5827,0.023,-2.8472,82.5226,,,,,,,,,,,,0.655,0.631,0.51,0.67,0
38.24,0.0807,-2.0997,79.5827,0.023,-2.8472,82.5226,,,,,,,,,,,,0.655,0.631,0.51,0.67,0
38.26,0.0807,-2.0997,79.5827,0.023,-2.8472,82.5226,,,,,,,,,,,,0.655,0.631,0.51,0.67,0
38.28,0.0807,-2.0997,79.5827,0.023,-2.8472,82.5226,,,,,,,,,,,,0.655,0.631,0.51,0.67,0
38.3,-0.0759,-0.2019,79.7733,0.0117,-3.0312,82.9927,,,,,,,,,,,,0.655,0.631,0.51,0.67,0
38.32,-0.0759,-0.2019,79.7733,0.0117,-3.0312,82.9927,,,,,,,,,,,,0.648,0.644,0.596,0.587,0
38.34,-0.0759,-0.2019,79.7733,0.0117,-3.0312,82.9927,,,,,,,,,,,,0.648,0.644,0.596,0.587,0
38.36,-0.0759,-0.2019,79.7733,0.0117,-3.0312,82.9927,,,,,,,,,,,,0.648,0.644,0.596,0.587,0
38.38,-0.0759,-0.2019,79.7733,0.0117,-3.0312,82.9927,,,,,,,,,,,,0.648,0.644,0.596,0.587,0
38.4,0.4418,-0.5834,80.0997,0.006,-3.0942,84.011,,,,,,,,,,,,0.648,0.644,0.596,0.587,0
38.42,0.4418,-0.5834,80.0997,0.006,-3.0942,84.011,,,,,,,,,,,,0.729,0.567,0.498,0.66,0
38.44,0.4418,-0.5834,80.0997,0.006,-3.0942,84.011,,,,,,,,,,,,0.729,0.567,0.498,0.66,0
38.46,0.4418,-0.5834,80.0997,0.006,-3.0942,84.011,,,,,,,,,,,,0.729,0.567,0.498,0.66,0
38.48,0.4418,-0.5834,80.0997,0.006,-3.0942,84.011,,,,,,,,,,,,0.729,0.567,0.498,0.66,0
38.5,2.2058,-2.1246,81.5551,0.003,-3.1078,85.0473,,,,,,,,,,,,0.729,0.567,0.498,0.66,0
38.52,2.2058,-2.1246,81.5551,0.003,-3.1078,85.0473,,,,,,,,,,,,0.716,0.567,0.538,0.643,0
38.54,2.2058,-2.1246,81.5551,0.003,-3.1078,85.0473,,,,,,,,,,,,0.716,0.567,0.538,0.643,0
38.56,2.2058,-2.1246,81.5551,0.003,-3.1078,85.0473,,,,,,,,,,,,0.716,0.567,0.538,0.643,0
38.58,2.2058,-2.1246,81.5551,0.003,-3.1078,85.0473,,,,,,,,,,,,0.716,0.567,0.538,0.643,0
38.6,3.4948,-2.9223,83.4131,0.0016,-3.0548,85.6015,,,,,,,,,,,,0.716,0.567,0.538,0.643,0
38.62,3.4948,-2.9223,83.4131,0.0016,-3.0548,85.6015,,,,,,,,,,,,0.646,0.614,0.631,0.584,0
38.64,3.4948,-2.9223,83.4131,0.0016,-3.0548,85.6015,,,,,,,,,,,,0.646,0.614,0.631,0.584,0
38.66,3.4948,-2.9223,83.4131,0.0016,-3.0548,85.6015,,,,,,,,,,,,0.646,0.614,0.631,0.584,0
38.68,3.4948,-2.9223,83.4131,0.0016,-3.0548,85.6015,,,,,,,,,,,,0.646,0.614,0.631,0.584,0
38.7,4.1866,-1.9317,84.7644,0.0008,-2.8837,85.6015,,,,,,,,,,,,0.646,0.614,0.631,0.584,0
38.72,4.1866,-1.9317,84.7644,0.0008,-2.8837,85.6015,,,,,,,,,,,,0.675,0.565,0.592,0.64,0
38.74,4.1866,-1.9317,84.7644,0.0008,-2.8837,85.6015,,,,,,,,,,,,0.675,0.565,0.592,0.64,0
38.76,4.1866,-1.9317,84.7644,0.0008,-2.8837,85.6015,,,,,,,,,,,,0.675,0.565,0.592,0.64,0
38.78,4.1866,-1.9317,84.7644,0.0008,-2.8837,85.6015,,,,,,,,,,,,0.675,0.565,0.592,0.64,0
38.8,2.8006,-1.4707,85.2451,0.0004,-2.6643,85.6015,,,,,,,,,,,,0.675,0.565,0.592,0.64,0
38.82,2.8006,-1.4707,85.2451,0.0004,-2.6643,85.6015,,,,,,,,,,,,0.644,0.598,0.613,0.621,0
38.84,2.8006,-1.4707,85.2451,0.0004,-2.6643,85.6015,,,,,,,,,,,,0.644,0.598,0.613,0.621,0
38.86,2.8006,-1.4707,85.2451,0.0004,-2.6643,85.6015,,,,,,,,,,,,0.644,0.598,0.613,0.621,0
38.88,2.8006,-1.4707,85.2451,0.0004,-2.6643,85.6015,,,,,,,,,,,,0.644,0.598,0.613,0.621,0
38.9,1.8723,-1.0655,85.4521,0.0002,-2.528,85.6015,,,,,,,,,,,,0.644,0.598,0.613,0.621,0
38.92,1.8723,-1.0655,85.4521,0.0002,-2.528,85.6015,,,,,,,,,,,,0.628,0.617,0.651,0.576,0
38.94,1.8723,-1.0655,85.4521,0.0002,-2.528,85.6015,,,,,,,,,,,,0.628,0.617,0.651,0.576,0
38.96,1.8723,-1.0655,85.4521,0.0002,-2.528,85.6015,,,,,,,,,,,,0.628,0.617,0.651,0.576,0
38.98,1.8723,-1.0655,85.4521,0.0002,-2.528,85.6015,,,,,,,,,,,,0.628,0.617,0.651,0.576,0
39.0,1.6108,-1.1016,85.3199,0.0001,-2.5402,85.6016,,,,,,,,,,,,0.628,0.617,0.651,0.576,0
39.02,1.6108,-1.1016,85.3199,0.0001,-2.5402,85.6016,,,,,,,,,,,,0.71,0.525,0.497,0.713,0
39.04,1.6108,-1.1016,85.3199,0.0001,-2.5402,85.6016,,,,,,,,,,,,0.71,0.525,0.497,0.713,0
39.06,1.6108,-1.1016,85.3199,0.0001,-2.5402,85.6016,,,,,,,,,,,,0.71,0.525,0.497,0.713,0
39.08,1.6108,-1.1016,85.3199,0.0001,-2.5402,85.6016,,,,,,,,,,,,0.71,0.525,0.497,0.713,0
39.1,3.122,-0.8266,85.5621,0.0001,-2.8782,85.6015,,,,,,,,,,,,0.71,0.525,0.497,0.713,0
39.12,3.122,-0.8266,85.5621,0.0001,-2.8782,85.6015,,,,,,,,,,,,0.595,0.636,0.648,0.563,0
39.14,3.122,-0.8266,85.5621,0.0001,-2.8782,85.6015,,,,,,,,,,,,0.595,0.636,0.648,0.563,0
39.16,3.122,-0.8266,85.5621,0.0001,-2.8782,85.6015,,,,,,,,,,,,0.595,0.636,0.648,0.563,0
39.18,3.122,-0.8266,85.5621,0.0001,-2.8782,85.6015,,,,,,,,,,,,0.595,0.636,0.648,0.563,0
39.2,3.1418,0.2933,85.9428,0.0,-3.2726,85.6016,,,,,,,,,,,,0.595,0.636,0.648,0.563,0
39.22,3.1418,0.2933,85.9428,0.0,-3.2726,85.6016,,,,,,,,,,,,0.62,0.587,0.577,0.616,0
39.24,3.1418,0.2933,85.9428,0.0,-3.2726,85.6016,,,,,,,,,,,,0.62,0.587,0.577,0.616,0
39.26,3.1418,0.2933,85.9428,0.0,-3.2726,85.6016,,,,,,,,,,,,0.62,0.587,0.577,0.616,0
39.28,3.1418,0.2933,85.9428,0.0,-3.2726,85.6016,,,,,,,,,,,,0.62,0.587,0.577,0.616,0
39.3,0.9604,0.0224,85.3697,0.0,-3.6496,85.6016,,,,,,,,,,,,0.62,0.587,0.577,0.616,0
39.32,0.9604,0.0224,85.3697,0.0,-3.6496,85.6016,,,,,,,,,,,,0.635,0.561,0.5,0.64,0
39.34,0.9604,0.0224,85.3697,0.0,-3.6496,85.6016,,,,,,,,,,,,0.635,0.561,0.5,0.64,0
39.36,0.9604,0.0224,85.3697,0.0,-3.6496,85.6016,,,,,,,,,,,,0.635,0.561,0.5,0.64,0
39.38,0.9604,0.0224,85.3697,0.0,-3.6496,85.6016,,,,,,,,,,,,0.635,0.561,0.5,0.64,0
39.4,0.3953,-2.5764,84.3879,0.0,-3.8801,85.6016,,,,,,,,,,,,0.635,0.561,0.5,0.64,0
39.42,0.3953,-2.5764,84.3879,0.0,-3.8801,85.6016,,,,,,,,,,,,0.681,0.529,0.538,0.59,0
39.44,0.3953,-2.5764,84.3879,0.0,-3.8801,85.6016,,,,,,,,,,,,0.681,0.529,0.538,0.59,0
39.46,0.3953,-2.5764,84.3879,0.0,-3.8801,85.6016,,,,,,,,,,,,0.681,0.529,0.538,0.59,0
39.48,0.3953,-2.5764,84.3879,0.0,-3.8801,85.6016,,,,,,,,,,,,0.681,0.529,0.538,0.59,0
39.5,-0.9803,-5.0578,83.6112,0.0,-4.0486,85.6016,,,,,,,,,,,,0.681,0.529,0.538,0.59,0
39.52,-0.9803,-5.0578,83.6112,0.0,-4.0486,85.6016,,,,,,,,,,,,0.592,0.637,0.642,0.471,0
39.54,-0.9803,-5.0578,83.6112,0.0,-4.0486,85.6016,,,,,,,,,,,,0.592,0.637,0.642,0.471,0
39.56,-0.9803,-5.0578,83.6112,0.0,-4.0486,85.6016,,,,,,,,,,,,0.592,0.637,0.642,0.471,0
39.58,-0.9803,-5.0578,83.6112,0.0,-4.0486,85.6016,,,,,,,,,,,,0.592,0.637,0.642,0.471,0
39.6,-3.1273,-5.0465,83.072,0.0,-4.2517,85.6016,,,,,,,,,,,,0.592,0.637,0.642,0.471,0
39.62,-3.1273,-5.0465,83.072,0.0,-4.2517,85.6016,,,,,,,,,,,,0.549,0.683,0.631,0.48,0
39.64,-3.1273,-5.0465,83.072,0.0,-4.2517,85.6016,,,,,,,,,,,,0.549,0.683,0.631,0.48,0
39.66,-3.1273,-5.0465,83.072,0.0,-4.2517,85.6016,,,,,,,,,,,,0.549,0.683,0.631,0.48,0
39.68,-3.1273,-5.0465,83.072,0.0,-4.2517,85.6016,,,,,,,,,,,,0.549,0.683,0.631,0.48,0
39.7,-2.8724,-2.5384,81.8154,0.0,-4.5097,85.6016,,,,,,,,,,,,0.549,0.683,0.631,0.48,0
39.72,-2.8724,-2.5384,81.8154,0.0,-4.5097,85.6016,,,,,,,,,,,,0.682,0.571,0.472,0.623,0
39.74,-2.8724,-2.5384,81.8154,0.0,-4.5097,85.6016,,,,,,,,,,,,0.682,0.571,0.472,0.623,0
39.76,-2.8724,-2.5384,81.8154,0.0,-4.5097,85.6016,,,,,,,,,,,,0.682,0.571,0.472,0.623,0
39.78,-2.8724,-2.5384,81.8154,0.0,-4.5097,85.6016,,,,,,,,,,,,0.682,0.571,0.472,0.623,0
39.8,1.6561,-3.2148,81.0591,0.0,-4.2955,85.6015,,,,,,,,,,,,0.682,0.571,0.472,0.623,0
39.82,1.6561,-3.2148,81.0591,0.0,-4.2955,85.6015,,,,,,,,,,,,0.762,0.524,0.464,0.656,0
39.84,1.6561,-3.2148,81.0591,0.0,-4.2955,85.6015,,,,,,,,,,,,0.762,0.524,0.464,0.656,0
39.86,1.6561,-3.2148,81.0591,0.0,-4.2955,85.6015,,,,,,,,,,,,0.762,0.524,0.464,0.656,0
39.88,1.6561,-3.2148,81.0591,0.0,-4.2955,85.6015,,,,,,,,,,,,0.762,0.524,0.464,0.656,0
39.9,4.1464,-4.2598,81.0565,0.3519,-3.2689,85.6016,,,,,,,,,,,,0.762,0.524,0.464,0.656,0
39.92,4.1464,-4.2598,81.0565,0.3519,-3.2689,85.6016,,,,,,,,,,,,0.689,0.609,0.593,0.559,0
39.94,4.1464,-4.2598,81.0565,0.3519,-3.2689,85.6016,,,,,,,,,,,,0.689,0.609,0.593,0.559,0
39.96,4.1464,-4.2598,81.0565,0.3519,-3.2689,85.6016,,,,,,,,,,,,0.689,0.609,0.593,0.559,0
39.98,4.1464,-4.2598,81.0565,0.3519,-3.2689,85.6016,,,,,,,,,,,,0.689,0.609,0.593,0.559,0
40.0,3.0019,-1.4145,81.7868,1.8805,-1.7627,85.6021,,,,,,,,,,,,0.689,0.609,0.593,0.559,0
40.02,3.0019,-1.4145,81.7868,1.8805,-1.7627,85.6021,,,,,,,,,,,,0.543,0.723,0.672,0.479,0
40.04,3.0019,-1.4145,81.7868,1.8805,-1.7627,85.6021,,,,,,,,,,,,0.543,0.723,0.672,0.479,0
40.06,3.0019,-1.4145,81.7868,1.8805,-1.7627,85.6021,,,,,,,,,,,,0.543,0.723,0.672,0.479,0
40.08,3.0019,-1.4145,81.7868,1.8805,-1.7627,85.6021,,,,,,,,,,,,0.543,0.723,0.672,0.479,0
40.1,1.8823,1.9692,83.082,3.0023,-0.8999,85.6023,,,,,,,,,,,,0.543,0.723,0.672,0.479,0
40.12,1.8823,1.9692,83.082,3.0023,-0.8999,85.6023,,,,,,,,,,,,0.61,0.645,0.591,0.599,0
40.14,1.8823,1.9692,83.082,3.0023,-0.8999,85.6023,,,,,,,,,,,,0.61,0.645,0.591,0.599,0
40.16,1.8823,1.9692,83.082,3.0023,-0.8999,85.6023,,,,,,,,,,,,0.61,0.645,0.591,0.599,0
40.18,1.8823,1.9692,83.082,3.0023,-0.8999,85.6023,,,,,,,,,,,,0.61,0.645,0.591,0.599,0
40.2,2.1356,1.8075,84.4827,3.9734,-0.4594,85.6025,,,,,,,,,,,,0.61,0.645,0.591,0.599,0
40.22,2.1356,1.8075,84.4827,3.9734,-0.4594,85.6025,,,,,,,,,,,,0.683,0.544,0.563,0.646,0
40.24,2.1356,1.8075,84.4827,3.9734,-0.4594,85.6025,,,,,,,,,,,,0.683,0.544,0.563,0.646,0
40.26,2.1356,1.8075,84.4827,3.9734,-0.4594,85.6025,,,,,,,,,,,,0.683,0.544,0.563,0.646,0
40.28,2.1356,1.8075,84.4827,3.9734,-0.4594,85.6025,,,,,,,,,,,,0.683,0.544,0.563,0.646,0
40.3,4.0427,-0.6956,85.5915,5.0679,-0.2346,85.6025,,,,,,,,,,,,0.683,0.544,0.563,0.646,0
40.32,4.0427,-0.6956,85.5915,5.0679,-0.2346,85.6025,,,,,,,,,,,,0.678,0.533,0.622,0.606,0
40.34,4.0427,-0.6956,85.5915,5.0679,-0.2346,85.6025,,,,,,,,,,,,0.678,0.533,0.622,0.606,0
40.36,4.0427,-0.6956,85.5915,5.0679,-0.2346,85.6025,,,,,,,,,,,,0.678,0.533,0.622,0.606,0
40.38,4.0427,-0.6956,85.5915,5.0679,-0.2346,85.6025,,,,,,,,,,,,0.678,0.533,0.622,0.606,0
40.4,7.088,-0.963,86.0569,6.0144,-0.1198,85.6025,,,,,,,,,,,,0.678,0.533,0.622,0.606,0
40.42,7.088,-0.963,86.0569,6.0144,-0.1198,85.6025,,,,,,,,,,,,0.609,0.617,0.668,0.557,0
40.44,7.088,-0.963,86.0569,6.0144,-0.1198,85.6025,,,,,,,,,,,,0.609,0.617,0.668,0.557,0
40.46,7.088,-0.963,86.0569,6.0144,-0.1198,85.6025,,,,,,,,,,,,0.609,0.617,0.668,0.557,0
40.48,7.088,-0.963,86.0569,6.0144,-0.1198,85.6025,,,,,,,,,,,,0.609,0.617,0.668,0.557,0
40.5,5.4008,0.5919,86.4106,6.7032,-0.0611,85.6025,,,,,,,,,,,,0.609,0.617,0.668,0.557,0
40.52,5.4008,0.5919,86.4106,6.7032,-0.0611,85.6025,,,,,,,,,,,,0.561,0.662,0.607,0.618,0
40.54,5.4008,0.5919,86.4106,6.7032,-0.0611,85.6025,,,,,,,,,,,,0.561,0.662,0.607,0.618,0
40.56,5.4008,0.5919,86.4106,6.7032,-0.0611,85.6025,,,,,,,,,,,,0.561,0.662,0.607,0.618,0
40.58,5.4008,0.5919,86.4106,6.7032,-0.0611,85.6025,,,,,,,,,,,,0.561,0.662,0.607,0.618,0
40.6,2.1966,2.5435,86.4759,7.1128,-0.0312,85.6025,,,,,,,,,,,,0.561,0.662,0.607,0.618,0
40.62,2.1966,2.5435,86.4759,7.1128,-0.0312,85.6025,,,,,,,,,,,,0.538,0.699,0.713,0.502,0
40.64,2.1966,2.5435,86.4759,7.1128,-0.0312,85.6025,,,,,,,,,,,,0.538,0.699,0.713,0.502,0
40.66,2.1966,2.5435,86.4759,7.1128,-0.0312,85.6025,,,,,,,,,,,,0.538,0.699,0.713,0.502,0
40.68,2.1966,2.5435,86.4759,7.1128,-0.0312,85.6025,,,,,,,,,,,,0.538,0.699,0.713,0.502,0
40.7,4.5863,2.1656,86.2907,7.2955,-0.0159,85.6025,,,,,,,,,,,,0.538,0.699,0.713,0.502,0
40.72,4.5863,2.1656,86.2907,7.2955,-0.0159,85.6025,,,,,,,,,,,,0.686,0.565,0.605,0.628,0
40.74,4.5863,2.1656,86.2907,7.2955,-0.0159,85.6025,,,,,,,,,,,,0.686,0.565,0.605,0.628,0
40.76,4.5863,2.1656,86.2907,7.2955,-0.0159,85.6025,,,,,,,,,,,,0.686,0.565,0.605,0.628,0
40.78,4.5863,2.1656,86.2907,7.2955,-0.0159,85.6025,,,,,,,,,,,,0.686,0.565,0.605,0.628,0
40.8,9.2605,1.1794,86.5666,7.2831,-0.0081,85.6025,,,,,,,,,,,,0.686,0.565,0.605,0.628,0
40.82,9.2605,1.1794,86.5666,7.2831,-0.0081,85.6025,,,,,,,,,,,,0.632,0.624,0.59,0.661,0
40.84,9.2605,1.1794,86.5666,7.2831,-0.0081,85.6025,,,,,,,,,,,,0.632,0.624,0.59,0.661,0
40.86,9.2605,1.1794,86.5666,7.2831,-0.0081,85.6025,,,,,,,,,,,,0.632,0.624,0.59,0.661,0
40.88,9.2605,1.1794,86.5666,7.2831,-0.0081,85.6025,,,,,,,,,,,,0.632,0.624,0.59,0.661,0
40.9,7.7814,2.0306,86.7149,7.1075,-0.0042,85.6026,,,,,,,,,,,,0.632,0.624,0.59,0.661,0
40.92,7.7814,2.0306,86.7149,7.1075,-0.0042,85.6026,,,,,,,,,,,,0.55,0.715,0.737,0.521,0
40.94,7.7814,2.0306,86.7149,7.1075,-0.0042,85.6026,,,,,,,,,,,,0.55,0.715,0.737,0.521,0
40.96,7.7814,2.0306,86.7149,7.1075,-0.0042,85.6026,,,,,,,,,,,,0.55,0.715,0.737,0.521,0
40.98,7.7814,2.0306,86.7149,7.1075,-0.0042,85.6026,,,,,,,,,,,,0.55,0.715,0.737,0.521,0
41.0,4.6345,2.0155,87.4245,6.9455,-0.0021,85.6025,,,,,,,,,,,,0.55,0.715,0.737,0.521,0
41.02,4.6345,2.0155,87.4245,6.9455,-0.0021,85.6025,,,,,,,,,,,,0.635,0.64,0.64,0.661,0
41.04,4.6345,2.0155,87.4245,6.9455,-0.0021,85.6025,,,,,,,,,,,,0.635,0.64,0.64,0.661,0
41.06,4.6345,2.0155,87.4245,6.9455,-0.0021,85.6025,,,,,,,,,,,,0.635,0.64,0.64,0.661,0
41.08,4.6345,2.0155,87.4245,6.9455,-0.0021,85.6025,,,,,,,,,,,,0.635,0.64,0.64,0.661,0
41.1,1.9259,-0.2768,88.2203,6.7736,-0.0011,85.6025,,,,,,,,,,,,0.635,0.64,0.64,0.661,0
41.12,1.9259,-0.2768,88.2203,6.7736,-0.0011,85.6025,,,,,,,,,,,,0.697,0.57,0.614,0.716,0
41.14,1.9259,-0.2768,88.2203,6.7736,-0.0011,85.6025,,,,,,,,,,,,0.697,0.57,0.614,0.716,0
41.16,1.9259,-0.2768,88.2203,6.7736,-0.0011,85.6025,,,,,,,,,,,,0.697,0.57,0.614,0.716,0
41.18,1.9259,-0.2768,88.2203,6.7736,-0.0011,85.6025,,,,,,,,,,,,0.697,0.57,0.614,0.716,0
41.2,3.4672,-1.4774,88.8838,6.5715,-0.0006,85.6025,,,,,,,,,,,,0.697,0.57,0.614,0.716,0
41.22,3.4672,-1.4774,88.8838,6.5715,-0.0006,85.6025,,,,,,,,,,,,0.715,0.543,0.626,0.718,0
41.24,3.4672,-1.4774,88.8838,6.5715,-0.0006,85.6025,,,,,,,,,,,,0.715,0.543,0.626,0.718,0
41.26,3.4672,-1.4774,88.8838,6.5715,-0.0006,85.6025,,,,,,,,,,,,0.715,0.543,0.626,0.718,0
41.28,3.4672,-1.4774,88.8838,6.5715,-0.0006,85.6025,,,,,,,,,,,,0.715,0.543,0.626,0.718,0
41.3,7.1617,-0.448,89.6038,6.2326,-0.0003,85.6025,,,,,,,,,,,,0.715,0.543,0.626,0.718,0
41.32,7.1617,-0.448,89.6038,6.2326,-0.0003,85.6025,,,,,,,,,,,,0.646,0.644,0.612,0.752,0
41.34,7.1617,-0.448,89.6038,6.2326,-0.0003,85.6025,,,,,,,,,,,,0.646,0.644,0.612,0.752,0
41.36,7.1617,-0.448,89.6038,6.2326,-0.0003,85.6025,,,,,,,,,,,,0.646,0.644,0.612,0.752,0
41.38,7.1617,-0.448,89.6038,6.2326,-0.0003,85.6025,,,,,,,,,,,,0.646,0.644,0.612,0.752,0
41.4,3.5271,4.4433,89.6346,5.9219,-0.0001,85.6026,,,,,,,,,,,,0.646,0.644,0.612,0.752,0
41.42,3.5271,4.4433,89.6346,5.9219,-0.0001,85.6026,,,,,,,,,,,,0.495,0.793,0.744,0.624,0
41.44,3.5271,4.4433,89.6346,5.9219,-0.0001,85.6026,,,,,,,,,,,,0.495,0.793,0.744,0.624,0
41.46,3.5271,4.4433,89.6346,5.9219,-0.0001,85.6026,,,,,,,,,,,,0.495,0.793,0.744,0.624,0
41.48,3.5271,4.4433,89.6346,5.9219,-0.0001,85.6026,,,,,,,,,,,,0.495,0.793,0.744,0.624,0
41.5,2.8471,2.6571,88.5554,5.6129,-0.0001,85.6025,,,,,,,,,,,,0.495,0.793,0.744,0.624,0
41.52,2.8471,2.6571,88.5554,5.6129,-0.0001,85.6025,,,,,,,,,,,,0.879,0.358,0.821,0.496,0
41.54,2.8471,2.6571,88.5554,5.6129,-0.0001,85.6025,,,,,,,,,,,,0.879,0.358,0.821,0.496,0
41.56,2.8471,2.6571,88.5554,5.6129,-0.0001,85.6025,,,,,,,,,,,,0.879,0.358,0.821,0.496,0
41.58,2.8471,2.6571,88.5554,5.6129,-0.0001,85.6025,,,,,,,,,,,,0.879,0.358,0.821,0.496,0
41.6,9.2865,-8.0976,86.3511,5.2878,-0.0,85.6025,,,,,,,,,,,,0.879,0.358,0.821,0.496,0
41.62,9.2865,-8.0976,86.3511,5.2878,-0.0,85.6025,,,,,,,,,,,,0.763,0.585,0.627,0.724,0
41.64,9.2865,-8.0976,86.3511,5.2878,-0.0,85.6025,,,,,,,,,,,,0.763,0.585,0.627,0.724,0
41.66,9.2865,-8.0976,86.3511,5.2878,-0.0,85.6025,,,,,,,,,,,,0.763,0.585,0.627,0.724,0
41.68,9.2865,-8.0976,86.3511,5.2878,-0.0,85.6025,,,,,,,,,,,,0.763,0.585,0.627,0.724,0
41.7,8.8084,-3.2425,85.511,4.9298,-0.0,85.6026,,,,,,,,,,,,0.763,0.585,0.627,0.724,0
41.72,8.8084,-3.2425,85.511,4.9298,-0.0,85.6026,,,,,,,,,,,,0.541,0.814,0.653,0.665,0
41.74,8.8084,-3.2425,85.511,4.9298,-0.0,85.6026,,,,,,,,,,,,0.541,0.814,0.653,0.665,0
41.76,8.8084,-3.2425,85.511,4.9298,-0.0,85.6026,,,,,,,,,,,,0.541,0.814,0.653,0.665,0
41.78,8.8084,-3.2425,85.511,4.9298,-0.0,85.6026,,,,,,,,,,,,0.541,0.814,0.653,0.665,0
41.8,1.2284,6.4688,83.9072,4.5564,-0.0,85.6026,,,,,,,,,,,,0.541,0.814,0.653,0.665,0
41.82,1.2284,6.4688,83.9072,4.5564,-0.0,85.6026,,,,,,,,,,,,0.446,0.898,0.695,0.574,0
41.84,1.2284,6.4688,83.9072,4.5564,-0.0,85.6026,,,,,,,,,,,,0.446,0.898,0.695,0.574,0
41.86,1.2284,6.4688,83.9072,4.5564,-0.0,85.6026,,,,,,,,,,,,0.446,0.898,0.695,0.574,0
41.88,1.2284,6.4688,83.9072,4.5564,-0.0,85.6026,,,,,,,,,,,,0.446,0.898,0.695,0.574,0
41.9,-2.9869,8.4941,81.8833,4.1785,-0.0,85.6026,,,,,,,,,,,,0.446,0.898,0.695,0.574,0
41.92,-2.9869,8.4941,81.8833,4.1785,-0.0,85.6026,,,,,,,,,,,,0.699,0.73,0.681,0.579,0
41.94,-2.9869,8.4941,81.8833,4.1785,-0.0,85.6026,,,,,,,,,,,,0.699,0.73,0.681,0.579,0
41.96,-2.9869,8.4941,81.8833,4.1785,-0.0,85.6026,,,,,,,,,,,,0.699,0.73,0.681,0.579,0
41.98,-2.9869,8.4941,81.8833,4.1785,-0.0,85.6026,,,,,,,,,,,,0.699,0.73,0.681,0.579,0
42.0,2.5698,3.3895,81.3165,3.4077,-0.0,85.6026,,,,,,,,,,,,0.699,0.73,0.681,0.579,0
42.02,2.5698,3.3895,81.3165,3.4077,-0.0,85.6026,,,,,,,,,,,,0.841,0.544,0.514,0.736,0
42.04,2.5698,3.3895,81.3165,3.4077,-0.0,85.6026,,,,,,,,,,,,0.841,0.544,0.514,0.736,0
42.06,2.5698,3.3895,81.3165,3.4077,-0.0,85.6026,,,,,,,,,,,,0.841,0.544,0.514,0.736,0
42.08,2.5698,3.3895,81.3165,3.4077,-0.0,85.6026,,,,,,,,,,,,0.841,0.544,0.514,0.736,0
42.1,6.0632,-1.0291,81.4962,2.2184,-0.0,85.6026,,,,,,,,,,,,0.841,0.544,0.514,0.736,0
42.12,6.0632,-1.0291,81.4962,2.2184,-0.0,85.6026,,,,,,,,,,,,0.709,0.68,0.702,0.581,0
42.14,6.0632,-1.0291,81.4962,2.2184,-0.0,85.6026,,,,,,,,,,,,0.709,0.68,0.702,0.581,0
42.16,6.0632,-1.0291,81.4962,2.2184,-0.0,85.6026,,,,,,,,,,,,0.709,0.68,0.702,0.581,0
42.18,6.0632,-1.0291,81.4962,2.2184,-0.0,85.6026,,,,,,,,,,,,0.709,0.68,0.702,0.581,0
42.2,4.2506,-0.6234,83.1813,1.4144,-0.0,85.6026,,,,,,,,,,,,0.709,0.68,0.702,0.581,0
42.22,4.2506,-0.6234,83.1813,1.4144,-0.0,85.6026,,,,,,,,,,,,0.612,0.713,0.732,0.543,0
42.24,4.2506,-0.6234,83.1813,1.4144,-0.0,85.6026,,,,,,,,,,,,0.612,0.713,0.732,0.543,0
42.26,4.2506,-0.6234,83.1813,1.4144,-0.0,85.6026,,,,,,,,,,,,0.612,0.713,0.732,0.543,0
42.28,4.2506,-0.6234,83.1813,1.4144,-0.0,85.6026,,,,,,,,,,,,0.612,0.713,0.732,0.543,0
42.3,-0.7316,-0.1768,85.2483,0.7221,0.0,85.6512,,,,,,,,,,,,0.612,0.713,0.732,0.543,0
42.32,-0.7316,-0.1768,85.2483,0.7221,0.0,85.6512,,,,,,,,,,,,0.624,0.641,0.646,0.643,0
42.34,-0.7316,-0.1768,85.2483,0.7221,0.0,85.6512,,,,,,,,,,,,0.624,0.641,0.646,0.643,0
42.36,-0.7316,-0.1768,85.2483,0.7221,0.0,85.6512,,,,,,,,,,,,0.624,0.641,0.646,0.643,0
42.38,-0.7316,-0.1768,85.2483,0.7221,0.0,85.6512,,,,,,,,,,,,0.624,0.641,0.646,0.643,0
42.4,-1.9973,-1.071,87.088,0.3687,0.0,86.0214,,,,,,,,,,,,0.624,0.641,0.646,0.643,0
42.42,-1.9973,-1.071,87.088,0.3687,0.0,86.0214,,,,,,,,,,,,0.62,0.638,0.711,0.587,0
42.44,-1.9973,-1.071,87.088,0.3687,0.0,86.0214,,,,,,,,,,,,0.62,0.638,0.711,0.587,0
42.46,-1.9973,-1.071,87.088,0.3687,0.0,86.0214,,,,,,,,,,,,0.62,0.638,0.711,0.587,0
42.48,-1.9973,-1.071,87.088,0.3687,0.0,86.0214,,,,,,,,,,,,0.62,0.638,0.711,0.587,0
42.5,0.7179,-0.4991,88.6598,0.1882,0.0,86.2998,,,,,,,,,,,,0.62,0.638,0.711,0.587,0
42.52,0.7179,-0.4991,88.6598,0.1882,0.0,86.2998,,,,,,,,,,,,0.644,0.6,0.623,0.689,0
42.54,0.7179,-0.4991,88.6598,0.1882,0.0,86.2998,,,,,,,,,,,,0.644,0.6,0.623,0.689,0
42.56,0.7179,-0.4991,88.6598,0.1882,0.0,86.2998,,,,,,,,,,,,0.644,0.6,0.623,0.689,0
42.58,0.7179,-0.4991,88.6598,0.1882,0.0,86.2998,,,,,,,,,,,,0.644,0.6,0.623,0.689,0
42.6,1.6293,1.2536,90.0014,0.0961,0.0,86.2998,,,,,,,,,,,,0.644,0.6,0.623,0.689,0
42.62,1.6293,1.2536,90.0014,0.0961,0.0,86.2998,,,,,,,,,,,,0.576,0.648,0.671,0.665,0
42.64,1.6293,1.2536,90.0014,0.0961,0.0,86.2998,,,,,,,,,,,,0.576,0.648,0.671,0.665,0
42.66,1.6293,1.2536,90.0014,0.0961,0.0,86.2998,,,,,,,,,,,,0.576,0.648,0.671,0.665,0
42.68,1.6293,1.2536,90.0014,0.0961,0.0,86.2998,,,,,,,,,,,,0.576,0.648,0.671,0.665,0
42.7,2.7404,3.0587,91.3945,0.0491,0.0,86.2998,,,,,,,,,,,,0.576,0.648,0.671,0.665,0
42.72,2.7404,3.0587,91.3945,0.0491,0.0,86.2998,,,,,,,,,,,,0.663,0.526,0.554,0.77,0
42.74,2.7404,3.0587,91.3945,0.0491,0.0,86.2998,,,,,,,,,,,,0.663,0.526,0.554,0.77,0
42.76,2.7404,3.0587,91.3945,0.0491,0.0,86.2998,,,,,,,,,,,,0.663,0.526,0.554,0.77,0
42.78,2.7404,3.0587,91.3945,0.0491,0.0,86.2998,,,,,,,,,,,,0.663,0.526,0.554,0.77,0
42.8,0.9539,2.0161,92.3877,0.025,0.0,86.2998,,,,,,,,,,,,0.663,0.526,0.554,0.77,0
42.82,0.9539,2.0161,92.3877,0.025,0.0,86.2998,,,,,,,,,,,,0.525,0.602,0.715,0.577,0
42.84,0.9539,2.0161,92.3877,0.025,0.0,86.2998,,,,,,,,,,,,0.525,0.602,0.715,0.577,0
42.86,0.9539,2.0161,92.3877,0.025,0.0,86.2998,,,,,,,,,,,,0.525,0.602,0.715,0.577,0
42.88,0.9539,2.0161,92.3877,0.025,0.0,86.2998,,,,,,,,,,,,0.525,0.602,0.715,0.577,0
42.9,0.3151,0.4106,92.6359,0.0128,0.0,86.2998,,,,,,,,,,,,0.525,0.602,0.715,0.577,0
42.92,0.3151,0.4106,92.6359,0.0128,0.0,86.2998,,,,,,,,,,,,0.568,0.565,0.63,0.663,0
42.94,0.3151,0.4106,92.6359,0.0128,0.0,86.2998,,,,,,,,,,,,0.568,0.565,0.63,0.663,0
42.96,0.3151,0.4106,92.6359,0.0128,0.0,86.2998,,,,,,,,,,,,0.568,0.565,0.63,0.663,0
42.98,0.3151,0.4106,92.6359,0.0128,0.0,86.2998,,,,,,,,,,,,0.568,0.565,0.63,0.663,0
43.0,1.4794,0.4129,92.7333,0.0065,0.0,86.2998,,,,,,,,,,,,0.568,0.565,0.63,0.663,0
43.02,1.4794,0.4129,92.7333,0.0065,0.0,86.2998,,,,,,,,,,,,0.626,0.517,0.507,0.758,0
43.04,1.4794,0.4129,92.7333,0.0065,0.0,86.2998,,,,,,,,,,,,0.626,0.517,0.507,0.758,0
43.06,1.4794,0.4129,92.7333,0.0065,0.0,86.2998,,,,,,,,,,,,0.626,0.517,0.507,0.758,0
43.08,1.4794,0.4129,92.7333,0.0065,0.0,86.2998,,,,,,,,,,,,0.626,0.517,0.507,0.758,0
43.1,1.9085,2.2657,92.5884,0.0033,0.0,86.2998,,,,,,,,,,,,0.626,0.517,0.507,0.758,0
43.12,1.9085,2.2657,92.5884,0.0033,0.0,86.2998,,,,,,,,,,,,0.509,0.642,0.701,0.577,0
43.14,1.9085,2.2657,92.5884,0.0033,0.0,86.2998,,,,,,,,,,,,0.509,0.642,0.701,0.577,0
43.16,1.9085,2.2657,92.5884,0.0033,0.0,86.2998,,,,,,,,,,,,0.509,0.642,0.701,0.577,0
43.18,1.9085,2.2657,92.5884,0.0033,0.0,86.2998,,,,,,,,,,,,0.509,0.642,0.701,0.577,0
43.2,2.2937,4.0996,92.1629,0.0017,0.0,86.2998,,,,,,,,,,,,0.509,0.642,0.701,0.577,0
43.22,2.2937,4.0996,92.1629,0.0017,0.0,86.2998,,,,,,,,,,,,0.588,0.578,0.614,0.665,0
43.24,2.2937,4.0996,92.1629,0.0017,0.0,86.2998,,,,,,,,,,,,0.588,0.578,0.614,0.665,0
43.26,2.2937,4.0996,92.1629,0.0017,0.0,86.2998,,,,,,,,,,,,0.588,0.578,0.614,0.665,0
43.28,2.2937,4.0996,92.1629,0.0017,0.0,86.2998,,,,,,,,,,,,0.588,0.578,0.614,0.665,0
43.3,2.7244,3.6971,91.1262,0.0009,0.0,86.2998,,,,,,,,,,,,0.588,0.578,0.614,0.665,0
43.32,2.7244,3.6971,91.1262,0.0009,0.0,86.2998,,,,,,,,,,,,0.628,0.557,0.572,0.688,0
43.34,2.7244,3.6971,91.1262,0.0009,0.0,86.2998,,,,,,,,,,,,0.628,0.557,0.572,0.688,0
43.36,2.7244,3.6971,91.1262,0.0009,0.0,86.2998,,,,,,,,,,,,0.628,0.557,0.572,0.688,0
43.38,2.7244,3.6971,91.1262,0.0009,0.0,86.2998,,,,,,,,,,,,0.628,0.557,0.572,0.688,0
43.4,3.7586,1.7834,89.7975,0.0004,0.0133,86.2998,,,,,,,,,,,,0.628,0.557,0.572,0.688,0
43.42,3.7586,1.7834,89.7975,0.0004,0.0133,86.2998,,,,,,,,,,,,0.675,0.526,0.502,0.728,0
43.44,3.7586,1.7834,89.7975,0.0004,0.0133,86.2998,,,,,,,,,,,,0.675,0.526,0.502,0.728,0
43.46,3.7586,1.7834,89.7975,0.0004,0.0133,86.2998,,,,,,,,,,,,0.675,0.526,0.502,0.728,0
43.48,3.7586,1.7834,89.7975,0.0004,0.0133,86.2998,,,,,,,,,,,,0.675,0.526,0.502,0.728,0
43.5,3.194,-0.1891,88.6694,0.0002,0.696,86.2998,,,,,,,,,,,,0.675,0.526,0.502,0.728,0
43.52,3.194,-0.1891,88.6694,0.0002,0.696,86.2998,,,,,,,,,,,,0.617,0.602,0.664,0.574,0
43.54,3.194,-0.1891,88.6694,0.0002,0.696,86.2998,,,,,,,,,,,,0.617,0.602,0.664,0.574,0
43.56,3.194,-0.1891,88.6694,0.0002,0.696,86.2998,,,,,,,,,,,,0.617,0.602,0.664,0.574,0
43.58,3.194,-0.1891,88.6694,0.0002,0.696,86.2998,,,,,,,,,,,,0.617,0.602,0.664,0.574,0
43.6,2.579,0.6152,88.4497,0.0001,2.3044,86.2999,,,,,,,,,,,,0.617,0.602,0.664,0.574,0
43.62,2.579,0.6152,88.4497,0.0001,2.3044,86.2999,,,,,,,,,,,,0.644,0.577,0.602,0.646,0
43.64,2.579,0.6152,88.4497,0.0001,2.3044,86.2999,,,,,,,,,,,,0.644,0.577,0.602,0.646,0
43.66,2.579,0.6152,88.4497,0.0001,2.3044,86.2999,,,,,,,,,,,,0.644,0.577,0.602,0.646,0
43.68,2.579,0.6152,88.4497,0.0001,2.3044,86.2999,,,,,,,,,,,,0.644,0.577,0.602,0.646,0
43.7,0.4422,3.5046,88.0796,0.0001,4.1461,86.2999,,,,,,,,,,,,0.644,0.577,0.602,0.646,0
43.72,0.4422,3.5046,88.0796,0.0001,4.1461,86.2999,,,,,,,,,,,,0.558,0.668,0.656,0.592,0
43.74,0.4422,3.5046,88.0796,0.0001,4.1461,86.2999,,,,,,,,,,,,0.558,0.668,0.656,0.592,0
43.76,0.4422,3.5046,88.0796,0.0001,4.1461,86.2999,,,,,,,,,,,,0.558,0.668,0.656,0.592,0
43.78,0.4422,3.5046,88.0796,0.0001,4.1461,86.2999,,,,,,,,,,,,0.558,0.668,0.656,0.592,0
43.8,0.1447,5.1826,87.8422,0.0,5.6513,86.3,,,,,,,,,,,,0.558,0.668,0.656,0.592,0
43.82,0.1447,5.1826,87.8422,0.0,5.6513,86.3,,,,,,,,,,,,0.683,0.549,0.591,0.659,0
43.84,0.1447,5.1826,87.8422,0.0,5.6513,86.3,,,,,,,,,,,,0.683,0.549,0.591,0.659,0
43.86,0.1447,5.1826,87.8422,0.0,5.6513,86.3,,,,,,,,,,,,0.683,0.549,0.591,0.659,0
43.88,0.1447,5.1826,87.8422,0.0,5.6513,86.3,,,,,,,,,,,,0.683,0.549,0.591,0.659,0
43.9,0.2081,5.2424,87.68,-0.0329,6.8218,86.3,,,,,,,,,,,,0.683,0.549,0.591,0.659,0
43.92,0.2081,5.2424,87.68,-0.0329,6.8218,86.3,,,,,,,,,,,,0.602,0.638,0.706,0.537,0
43.94,0.2081,5.2424,87.68,-0.0329,6.8218,86.3,,,,,,,,,,,,0.602,0.638,0.706,0.537,0
43.96,0.2081,5.2424,87.68,-0.0329,6.8218,86.3,,,,,,,,,,,,0.602,0.638,0.706,0.537,0
43.98,0.2081,5.2424,87.68,-0.0329,6.8218,86.3,,,,,,,,,,,,0.602,0.638,0.706,0.537,0
44.0,0.6483,5.7648,87.7197,-0.2132,7.6909,86.3,,,,,,,,,,,,0.602,0.638,0.706,0.537,0
44.02,0.6483,5.7648,87.7197,-0.2132,7.6909,86.3,,,,,,,,,,,,0.655,0.581,0.542,0.716,0
44.04,0.6483,5.7648,87.7197,-0.2132,7.6909,86.3,,,,,,,,,,,,0.655,0.581,0.542,0.716,0
44.06,0.6483,5.7648,87.7197,-0.2132,7.6909,86.3,,,,,,,,,,,,0.655,0.581,0.542,0.716,0
44.08,0.6483,5.7648,87.7197,-0.2132,7.6909,86.3,,,,,,,,,,,,0.655,0.581,0.542,0.716,0
44.1,1.0938,7.3471,88.6193,-0.6142,8.2178,86.2999,,,,,,,,,,,,0.655,0.581,0.542,0.716,0
44.12,1.0938,7.3471,88.6193,-0.6142,8.2178,86.2999,,,,,,,,,,,,0.609,0.615,0.735,0.539,0
44.14,1.0938,7.3471,88.6193,-0.6142,8.2178,86.2999,,,,,,,,,,,,0.609,0.615,0.735,0.539,0
44.16,1.0938,7.3471,88.6193,-0.6142,8.2178,86.2999,,,,,,,,,,,,0.609,0.615,0.735,0.539,0
44.18,1.0938,7.3471,88.6193,-0.6142,8.2178,86.2999,,,,,,,,,,,,0.609,0.615,0.735,0.539,0
44.2,0.9832,7.9267,89.8855,-0.9076,8.5103,86.2999,,,,,,,,,,,,0.609,0.615,0.735,0.539,0
44.22,0.9832,7.9267,89.8855,-0.9076,8.5103,86.2999,,,,,,,,,,,,0.655,0.542,0.635,0.678,0
44.24,0.9832,7.9267,89.8855,-0.9076,8.5103,86.2999,,,,,,,,,,,,0.655,0.542,0.635,0.678,0
44.26,0.9832,7.9267,89.8855,-0.9076,8.5103,86.2999,,,,,,,,,,,,0.655,0.542,0.635,0.678,0
44.28,0.9832,7.9267,89.8855,-0.9076,8.5103,86.2999,,,,,,,,,,,,0.655,0.542,0.635,0.678,0
44.3,-2.1592,6.0841,91.287,-1.3383,8.1236,86.2999,,,,,,,,,,,,0.655,0.542,0.635,0.678,0
44.32,-2.1592,6.0841,91.287,-1.3383,8.1236,86.2999,,,,,,,,,,,,0.533,0.639,0.739,0.584,0
44.34,-2.1592,6.0841,91.287,-1.3383,8.1236,86.2999,,,,,,,,,,,,0.533,0.639,0.739,0.584,0
44.36,-2.1592,6.0841,91.287,-1.3383,8.1236,86.2999,,,,,,,,,,,,0.533,0.639,0.739,0.584,0
44.38,-2.1592,6.0841,91.287,-1.3383,8.1236,86.2999,,,,,,,,,,,,0.533,0.639,0.739,0.584,0
44.4,-4.3265,5.5275,92.5731,-2.0558,7.3609,86.3,,,,,,,,,,,,0.533,0.639,0.739,0.584,0
44.42,-4.3265,5.5275,92.5731,-2.0558,7.3609,86.3,,,,,,,,,,,,0.54,0.621,0.747,0.588,0
44.44,-4.3265,5.5275,92.5731,-2.0558,7.3609,86.3,,,,,,,,,,,,0.54,0.621,0.747,0.588,0
44.46,-4.3265,5.5275,92.5731,-2.0558,7.3609,86.3,,,,,,,,,,,,0.54,0.621,0.747,0.588,0
44.48,-4.3265,5.5275,92.5731,-2.0558,7.3609,86.3,,,,,,,,,,,,0.54,0.621,0.747,0.588,0
44.5,-4.9647,4.8007,93.326,-2.6039,6.6208,86.3001,,,,,,,,,,,,0.54,0.621,0.747,0.588,0
44.52,-4.9647,4.8007,93.326,-2.6039,6.6208,86.3001,,,,,,,,,,,,0.631,0.527,0.635,0.707,0
44.54,-4.9647,4.8007,93.326,-2.6039,6.6208,86.3001,,,,,,,,,,,,0.631,0.527,0.635,0.707,0
44.56,-4.9647,4.8007,93.326,-2.6039,6.6208,86.3001,,,,,,,,,,,,0.631,0.527,0.635,0.707,0
44.58,-4.9647,4.8007,93.326,-2.6039,6.6208,86.3001,,,,,,,,,,,,0.631,0.527,0.635,0.707,0
44.6,-2.7135,3.4321,93.3963,-2.8037,5.7437,86.3002,,,,,,,,,,,,0.631,0.527,0.635,0.707,0
44.62,-2.7135,3.4321,93.3963,-2.8037,5.7437,86.3002,,,,,,,,,,,,0.581,0.588,0.767,0.551,0
44.64,-2.7135,3.4321,93.3963,-2.8037,5.7437,86.3002,,,,,,,,,,,,0.581,0.588,0.767,0.551,0
44.66,-2.7135,3.4321,93.3963,-2.8037,5.7437,86.3002,,,,,,,,,,,,0.581,0.588,0.767,0.551,0
44.68,-2.7135,3.4321,93.3963,-2.8037,5.7437,86.3002,,,,,,,,,,,,0.581,0.588,0.767,0.551,0
44.7,-0.9452,2.2506,92.8901,-2.6728,4.3287,86.3001,,,,,,,,,,,,0.581,0.588,0.767,0.551,0
44.72,-0.9452,2.2506,92.8901,-2.6728,4.3287,86.3001,,,,,,,,,,,,0.617,0.56,0.631,0.69,0
44.74,-0.9452,2.2506,92.8901,-2.6728,4.3287,86.3001,,,,,,,,,,,,0.617,0.56,0.631,0.69,0
44.76,-0.9452,2.2506,92.8901,-2.6728,4.3287,86.3001,,,,,,,,,,,,0.617,0.56,0.631,0.69,0
44.78,-0.9452,2.2506,92.8901,-2.6728,4.3287,86.3001,,,,,,,,,,,,0.617,0.56,0.631,0.69,0
44.8,-2.5994,1.1643,92.0766,-2.0444,2.5439,86.2999,,,,,,,,,,,,0.617,0.56,0.631,0.69,0
44.82,-2.5994,1.1643,92.0766,-2.0444,2.5439,86.2999,,,,,,,,,,,,0.578,0.614,0.692,0.612,0
44.84,-2.5994,1.1643,92.0766,-2.0444,2.5439,86.2999,,,,,,,,,,,,0.578,0.614,0.692,0.612,0
44.86,-2.5994,1.1643,92.0766,-2.0444,2.5439,86.2999,,,,,,,,,,,,0.578,0.614,0.692,0.612,0
44.88,-2.5994,1.1643,92.0766,-2.0444,2.5439,86.2999,,,,,,,,,,,,0.578,0.614,0.692,0.612,0
44.9,-4.8897,-1.2745,90.7472,-1.1984,1.2988,86.2997,,,,,,,,,,,,0.578,0.614,0.692,0.612,0
44.92,-4.8897,-1.2745,90.7472,-1.1984,1.2988,86.2997,,,,,,,,,,,,0.538,0.673,0.777,0.478,0
44.94,-4.8897,-1.2745,90.7472,-1.1984,1.2988,86.2997,,,,,,,,,,,,0.538,0.673,0.777,0.478,0
44.96,-4.8897,-1.2745,90.7472,-1.1984,1.2988,86.2997,,,,,,,,,,,,0.538,0.673,0.777,0.478,0
44.98,-4.8897,-1.2745,90.7472,-1.1984,1.2988,86.2997,,,,,,,,,,,,0.538,0.673,0.777,0.478,0
45.0,-1.9201,-2.6183,89.5754,-0.6166,0.6631,86.2996,,,,,,,,,,,,0.538,0.673,0.777,0.478,0
45.02,-1.9201,-2.6183,89.5754,-0.6166,0.6631,86.2996,,,,,,,,,,,,0.651,0.58,0.697,0.566,0
45.04,-1.9201,-2.6183,89.5754,-0.6166,0.6631,86.2996,,,,,,,,,,,,0.651,0.58,0.697,0.566,0
45.06,-1.9201,-2.6183,89.5754,-0.6166,0.6631,86.2996,,,,,,,,,,,,0.651,0.58,0.697,0.566,0
45.08,-1.9201,-2.6183,89.5754,-0.6166,0.6631,86.2996,,,,,,,,,,,,0.651,0.58,0.697,0.566,0
45.1,1.3799,-2.6896,88.394,-0.3148,0.3385,86.2996,,,,,,,,,,,,0.651,0.58,0.697,0.566,0
45.12,1.3799,-2.6896,88.394,-0.3148,0.3385,86.2996,,,,,,,,,,,,0.684,0.554,0.58,0.675,0
45.14,1.3799,-2.6896,88.394,-0.3148,0.3385,86.2996,,,,,,,,,,,,0.684,0.554,0.58,0.675,0
45.16,1.3799,-2.6896,88.394,-0.3148,0.3385,86.2996,,,,,,,,,,,,0.684,0.554,0.58,0.675,0
45.18,1.3799,-2.6896,88.394,-0.3148,0.3385,86.2996,,,,,,,,,,,,0.684,0.554,0.58,0.675,0
45.2,1.4569,-1.2369,87.1818,-0.03,0.1728,86.2997,,,,,,,,,,,,0.684,0.554,0.58,0.675,0
45.22,1.4569,-1.2369,87.1818,-0.03,0.1728,86.2997,,,,,,,,,,,,0.577,0.675,0.696,0.534,0
45.24,1.4569,-1.2369,87.1818,-0.03,0.1728,86.2997,,,,,,,,,,,,0.577,0.675,0.696,0.534,0
45.26,1.4569,-1.2369,87.1818,-0.03,0.1728,86.2997,,,,,,,,,,,,0.577,0.675,0.696,0.534,0
45.28,1.4569,-1.2369,87.1818,-0.03,0.1728,86.2997,,,,,,,,,,,,0.577,0.675,0.696,0.534,0
45.3,1.1276,-1.2091,85.9827,1.6563,0.0882,86.2996,,,,,,,,,,,,0.577,0.675,0.696,0.534,0
45.32,1.1276,-1.2091,85.9827,1.6563,0.0882,86.2996,,,,,,,,,,,,0.696,0.567,0.593,0.632,0
45.34,1.1276,-1.2091,85.9827,1.6563,0.0882,86.2996,,,,,,,,,,,,0.696,0.567,0.593,0.632,0
45.36,1.1276,-1.2091,85.9827,1.6563,0.0882,86.2996,,,,,,,,,,,,0.696,0.567,0.593,0.632,0
45.38,1.1276,-1.2091,85.9827,1.6563,0.0882,86.2996,,,,,,,,,,,,0.696,0.567,0.593,0.632,0
45.4,2.8172,-2.0808,85.1353,4.0019,0.045,86.2996,,,,,,,,,,,,0.696,0.567,0.593,0.632,0
45.42,2.8172,-2.0808,85.1353,4.0019,0.045,86.2996,,,,,,,,,,,,0.699,0.567,0.622,0.602,0
45.44,2.8172,-2.0808,85.1353,4.0019,0.045,86.2996,,,,,,,,,,,,0.699,0.567,0.622,0.602,0
45.46,2.8172,-2.0808,85.1353,4.0019,0.045,86.2996,,,,,,,,,,,,0.699,0.567,0.622,0.602,0
45.48,2.8172,-2.0808,85.1353,4.0019,0.045,86.2996,,,,,,,,,,,,0.699,0.567,0.622,0.602,0
45.5,7.8929,-0.9037,85.022,6.1521,0.023,86.2995,,,,,,,,,,,,0.699,0.567,0.622,0.602,0
45.52,7.8929,-0.9037,85.022,6.1521,0.023,86.2995,,,,,,,,,,,,0.712,0.552,0.502,0.717,0
45.54,7.8929,-0.9037,85.022,6.1521,0.023,86.2995,,,,,,,,,,,,0.712,0.552,0.502,0.717,0
45.56,7.8929,-0.9037,85.022,6.1521,0.023,86.2995,,,,,,,,,,,,0.712,0.552,0.502,0.717,0
45.58,7.8929,-0.9037,85.022,6.1521,0.023,86.2995,,,,,,,,,,,,0.712,0.552,0.502,0.717,0
45.6,13.3518,1.2378,86.0623,7.3937,0.0117,86.2995,,,,,,,,,,,,0.712,0.552,0.502,0.717,0
45.62,13.3518,1.2378,86.0623,7.3937,0.0117,86.2995,,,,,,,,,,,,0.654,0.61,0.641,0.624,0
45.64,13.3518,1.2378,86.0623,7.3937,0.0117,86.2995,,,,,,,,,,,,0.654,0.61,0.641,0.624,0
45.66,13.3518,1.2378,86.0623,7.3937,0.0117,86.2995,,,,,,,,,,,,0.654,0.61,0.641,0.624,0
45.68,13.3518,1.2378,86.0623,7.3937,0.0117,86.2995,,,,,,,,,,,,0.654,0.61,0.641,0.624,0
45.7,13.2591,2.6563,87.7203,8.0102,0.006,86.2995,,,,,,,,,,,,0.654,0.61,0.641,0.624,0
45.72,13.2591,2.6563,87.7203,8.0102,0.006,86.2995,,,,,,,,,,,,0.66,0.579,0.578,0.707,0
45.74,13.2591,2.6563,87.7203,8.0102,0.006,86.2995,,,,,,,,,,,,0.66,0.579,0.578,0.707,0
45.76,13.2591,2.6563,87.7203,8.0102,0.006,86.2995,,,,,,,,,,,,0.66,0.579,0.578,0.707,0
45.78,13.2591,2.6563,87.7203,8.0102,0.006,86.2995,,,,,,,,,,,,0.66,0.579,0.578,0.707,0
45.8,8.585,1.1319,88.3781,7.805,0.0031,86.2995,,,,,,,,,,,,0.66,0.579,0.578,0.707,0
45.82,8.585,1.1319,88.3781,7.805,0.0031,86.2995,,,,,,,,,,,,0.584,0.632,0.732,0.546,0
45.84,8.585,1.1319,88.3781,7.805,0.0031,86.2995,,,,,,,,,,,,0.584,0.632,0.732,0.546,0
45.86,8.585,1.1319,88.3781,7.805,0.0031,86.2995,,,,,,,,,,,,0.584,0.632,0.732,0.546,0
45.88,8.585,1.1319,88.3781,7.805,0.0031,86.2995,,,,,,,,,,,,0.584,0.632,0.732,0.546,0
45.9,5.862,-0.8661,88.7864,6.505,0.0016,86.2996,,,,,,,,,,,,0.584,0.632,0.732,0.546,0
45.92,5.862,-0.8661,88.7864,6.505,0.0016,86.2996,,,,,,,,,,,,0.661,0.544,0.632,0.657,0
45.94,5.862,-0.8661,88.7864,6.505,0.0016,86.2996,,,,,,,,,,,,0.661,0.544,0.632,0.657,0
45.96,5.862,-0.8661,88.7864,6.505,0.0016,86.2996,,,,,,,,,,,,0.661,0.544,0.632,0.657,0
45.98,5.862,-0.8661,88.7864,6.505,0.0016,86.2996,,,,,,,,,,,,0.661,0.544,0.632,0.657,0
46.0,3.6878,-1.2762,88.9407,4.7091,0.0008,86.2996,,,,,,,,,,,,0.661,0.544,0.632,0.657,0
46.02,3.6878,-1.2762,88.9407,4.7091,0.0008,86.2996,,,,,,,,,,,,0.613,0.599,0.682,0.601,0
46.04,3.6878,-1.2762,88.9407,4.7091,0.0008,86.2996,,,,,,,,,,,,0.613,0.599,0.682,0.601,0
46.06,3.6878,-1.2762,88.9407,4.7091,0.0008,86.2996,,,,,,,,,,,,0.613,0.599,0.682,0.601,0
46.08,3.6878,-1.2762,88.9407,4.7091,0.0008,86.2996,,,,,,,,,,,,0.613,0.599,0.682,0.601,0
46.1,1.5584,0.4207,89.2531,2.8224,0.0004,86.2996,,,,,,,,,,,,0.613,0.599,0.682,0.601,0
46.12,1.5584,0.4207,89.2531,2.8224,0.0004,86.2996,,,,,,,,,,,,0.552,0.656,0.69,0.589,0
46.14,1.5584,0.4207,89.2531,2.8224,0.0004,86.2996,,,,,,,,,,,,0.552,0.656,0.69,0.589,0
46.16,1.5584,0.4207,89.2531,2.8224,0.0004,86.2996,,,,,,,,,,,,0.552,0.656,0.69,0.589,0
46.18,1.5584,0.4207,89.2531,2.8224,0.0004,86.2996,,,,,,,,,,,,0.552,0.656,0.69,0.589,0
46.2,-2.0513,1.9309,88.7075,1.4863,0.0002,86.2996,,,,,,,,,,,,0.552,0.656,0.69,0.589,0
46.22,-2.0513,1.9309,88.7075,1.4863,0.0002,86.2996,,,,,,,,,,,,0.607,0.619,0.629,0.645,0
46.24,-2.0513,1.9309,88.7075,1.4863,0.0002,86.2996,,,,,,,,,,,,0.607,0.619,0.629,0.645,0
46.26,-2.0513,1.9309,88.7075,1.4863,0.0002,86.2996,,,,,,,,,,,,0.607,0.619,0.629,0.645,0
46.28,-2.0513,1.9309,88.7075,1.4863,0.0002,86.2996,,,,,,,,,,,,0.607,0.619,0.629,0.645,0
46.3,-1.1284,1.2705,88.2336,0.7588,0.0001,86.2996,,,,,,,,,,,,0.607,0.619,0.629,0.645,0
46.32,-1.1284,1.2705,88.2336,0.7588,0.0001,86.2996,,,,,,,,,,,,0.673,0.559,0.67,0.592,0
46.34,-1.1284,1.2705,88.2336,0.7588,0.0001,86.2996,,,,,,,,,,,,0.673,0.559,0.67,0.592,0
46.36,-1.1284,1.2705,88.2336,0.7588,0.0001,86.2996,,,,,,,,,,,,0.673,0.559,0.67,0.592,0
46.38,-1.1284,1.2705,88.2336,0.7588,0.0001,86.2996,,,,,,,,,,,,0.673,0.559,0.67,0.592,0
46.4,0.1564,-0.5636,88.1083,0.3874,0.0001,86.2996,,,,,,,,,,,,0.673,0.559,0.67,0.592,0
46.42,0.1564,-0.5636,88.1083,0.3874,0.0001,86.2996,,,,,,,,,,,,0.67,0.555,0.594,0.674,0
46.44,0.1564,-0.5636,88.1083,0.3874,0.0001,86.2996,,,,,,,,,,,,0.67,0.555,0.594,0.674,0
46.46,0.1564,-0.5636,88.1083,0.3874,0.0001,86.2996,,,,,,,,,,,,0.67,0.555,0.594,0.674,0
46.48,0.1564,-0.5636,88.1083,0.3874,0.0001,86.2996,,,,,,,,,,,,0.67,0.555,0.594,0.674,0
46.5,0.8941,-0.9327,87.9286,0.2745,0.0,86.2996,,,,,,,,,,,,0.67,0.555,0.594,0.674,0
46.52,0.8941,-0.9327,87.9286,0.2745,0.0,86.2996,,,,,,,,,,,,0.628,0.601,0.623,0.647,0
46.54,0.8941,-0.9327,87.9286,0.2745,0.0,86.2996,,,,,,,,,,,,0.628,0.601,0.623,0.647,0
46.56,0.8941,-0.9327,87.9286,0.2745,0.0,86.2996,,,,,,,,,,,,0.628,0.601,0.623,0.647,0
46.58,0.8941,-0.9327,87.9286,0.2745,0.0,86.2996,,,,,,,,,,,,0.628,0.601,0.623,0.647,0
46.6,1.6779,-1.1721,87.8302,1.1741,0.0,86.2996,,,,,,,,,,,,0.628,0.601,0.623,0.647,0
46.62,1.6779,-1.1721,87.8302,1.1741,0.0,86.2996,,,,,,,,,,,,0.646,0.586,0.691,0.571,0
46.64,1.6779,-1.1721,87.8302,1.1741,0.0,86.2996,,,,,,,,,,,,0.646,0.586,0.691,0.571,0
46.66,1.6779,-1.1721,87.8302,1.1741,0.0,86.2996,,,,,,,,,,,,0.646,0.586,0.691,0.571,0
46.68,1.6779,-1.1721,87.8302,1.1741,0.0,86.2996,,,,,,,,,,,,0.646,0.586,0.691,0.571,0
46.7,1.8515,-2.3928,87.569,2.5721,0.0,86.2996,,,,,,,,,,,,0.646,0.586,0.691,0.571,0
46.72,1.8515,-2.3928,87.569,2.5721,0.0,86.2996,,,,,,,,,,,,0.628,0.605,0.71,0.55,0
46.74,1.8515,-2.3928,87.569,2.5721,0.0,86.2996,,,,,,,,,,,,0.628,0.605,0.71,0.55,0
46.76,1.8515,-2.3928,87.569,2.5721,0.0,86.2996,,,,,,,,,,,,0.628,0.605,0.71,0.55,0
46.78,1.8515,-2.3928,87.569,2.5721,0.0,86.2996,,,,,,,,,,,,0.628,0.605,0.71,0.55,0
46.8,3.7242,-1.9929,87.6057,3.6673,0.0,86.2996,,,,,,,,,,,,0.628,0.605,0.71,0.55,0
46.82,3.7242,-1.9929,87.6057,3.6673,0.0,86.2996,,,,,,,,,,,,0.596,0.634,0.723,0.538,0
46.84,3.7242,-1.9929,87.6057,3.6673,0.0,86.2996,,,,,,,,,,,,0.596,0.634,0.723,0.538,0
46.86,3.7242,-1.9929,87.6057,3.6673,0.0,86.2996,,,,,,,,,,,,0.596,0.634,0.723,0.538,0
46.88,3.7242,-1.9929,87.6057,3.6673,0.0,86.2996,,,,,,,,,,,,0.596,0.634,0.723,0.538,0
46.9,6.8161,-0.214,87.9043,4.3636,0.0,86.2995,,,,,,,,,,,,0.596,0.634,0.723,0.538,0
46.92,6.8161,-0.214,87.9043,4.3636,0.0,86.2995,,,,,,,,,,,,0.661,0.569,0.553,0.713,0
46.94,6.8161,-0.214,87.9043,4.3636,0.0,86.2995,,,,,,,,,,,,0.661,0.569,0.553,0.713,0
46.96,6.8161,-0.214,87.9043,4.3636,0.0,86.2995,,,,,,,,,,,,0.661,0.569,0.553,0.713,0
46.98,6.8161,-0.214,87.9043,4.3636,0.0,86.2995,,,,,,,,,,,,0.661,0.569,0.553,0.713,0
47.0,6.202,0.6563,88.4121,4.9957,0.0,86.2995,,,,,,,,,,,,0.661,0.569,0.553,0.713,0
47.02,6.202,0.6563,88.4121,4.9957,0.0,86.2995,,,,,,,,,,,,0.65,0.571,0.516,0.75,0
47.04,6.202,0.6563,88.4121,4.9957,0.0,86.2995,,,,,,,,,,,,0.65,0.571,0.516,0.75,0
47.06,6.202,0.6563,88.4121,4.9957,0.0,86.2995,,,,,,,,,,,,0.65,0.571,0.516,0.75,0
47.08,6.202,0.6563,88.4121,4.9957,0.0,86.2995,,,,,,,,,,,,0.65,0.571,0.516,0.75,0
47.1,4.9841,0.004,89.0461,5.3406,0.0,86.2995,,,,,,,,,,,,0.65,0.571,0.516,0.75,0
47.12,4.9841,0.004,89.0461,5.3406,0.0,86.2995,,,,,,,,,,,,0.633,0.574,0.633,0.664,0
47.14,4.9841,0.004,89.0461,5.3406,0.0,86.2995,,,,,,,,,,,,0.633,0.574,0.633,0.664,0
47.16,4.9841,0.004,89.0461,5.3406,0.0,86.2995,,,,,,,,,,,,0.633,0.574,0.633,0.664,0
47.18,4.9841,0.004,89.0461,5.3406,0.0,86.2995,,,,,,,,,,,,0.633,0.574,0.633,0.664,0
47.2,6.1631,-0.3123,89.3896,4.986,0.0,86.2996,,,,,,,,,,,,0.633,0.574,0.633,0.664,0
47.22,6.1631,-0.3123,89.3896,4.986,0.0,86.2996,,,,,,,,,,,,0.662,0.541,0.619,0.678,0
47.24,6.1631,-0.3123,89.3896,4.986,0.0,86.2996,,,,,,,,,,,,0.662,0.541,0.619,0.678,0
47.26,6.1631,-0.3123,89.3896,4.986,0.0,86.2996,,,,,,,,,,,,0.662,0.541,0.619,0.678,0
47.28,6.1631,-0.3123,89.3896,4.986,0.0,86.2996,,,,,,,,,,,,0.662,0.541,0.619,0.678,0
47.3,5.7246,0.1627,88.9924,4.5442,0.0,86.2996,,,,,,,,,,,,0.662,0.541,0.619,0.678,0
47.32,5.7246,0.1627,88.9924,4.5442,0.0,86.2996,,,,,,,,,,,,0.6,0.624,0.685,0.594,0
47.34,5.7246,0.1627,88.9924,4.5442,0.0,86.2996,,,,,,,,,,,,0.6,0.624,0.685,0.594,0
47.36,5.7246,0.1627,88.9924,4.5442,0.0,86.2996,,,,,,,,,,,,0.6,0.624,0.685,0.594,0
47.38,5.7246,0.1627,88.9924,4.5442,0.0,86.2996,,,,,,,,,,,,0.6,0.624,0.685,0.594,0
47.4,3.9073,1.076,87.9094,3.9637,0.0,86.2996,,,,,,,,,,,,0.6,0.624,0.685,0.594,0
47.42,3.9073,1.076,87.9094,3.9637,0.0,86.2996,,,,,,,,,,,,0.652,0.593,0.616,0.644,0
47.44,3.9073,1.076,87.9094,3.9637,0.0,86.2996,,,,,,,,,,,,0.652,0.593,0.616,0.644,0
47.46,3.9073,1.076,87.9094,3.9637,0.0,86.2996,,,,,,,,,,,,0.652,0.593,0.616,0.644,0
47.48,3.9073,1.076,87.9094,3.9637,0.0,86.2996,,,,,,,,,,,,0.652,0.593,0.616,0.644,0
47.5,2.2115,1.3616,86.6095,3.3811,0.0,86.2996,,,,,,,,,,,,0.652,0.593,0.616,0.644,0
47.52,2.2115,1.3616,86.6095,3.3811,0.0,86.2996,,,,,,,,,,,,0.651,0.646,0.674,0.587,0
47.54,2.2115,1.3616,86.6095,3.3811,0.0,86.2996,,,,,,,,,,,,0.651,0.646,0.674,0.587,0
47.56,2.2115,1.3616,86.6095,3.3811,0.0,86.2996,,,,,,,,,,,,0.651,0.646,0.674,0.587,0
47.58,2.2115,1.3616,86.6095,3.3811,0.0,86.2996,,,,,,,,,,,,0.651,0.646,0.674,0.587,0
47.6,-0.2439,0.5754,85.3465,2.8478,0.0,86.2996,,,,,,,,,,,,0.651,0.646,0.674,0.587,0
47.62,-0.2439,0.5754,85.3465,2.8478,0.0,86.2996,,,,,,,,,,,,0.665,0.648,0.635,0.621,0
47.64,-0.2439,0.5754,85.3465,2.8478,0.0,86.2996,,,,,,,,,,,,0.665,0.648,0.635,0.621,0
47.66,-0.2439,0.5754,85.3465,2.8478,0.0,86.2996,,,,,,,,,,,,0.665,0.648,0.635,0.621,0
47.68,-0.2439,0.5754,85.3465,2.8478,0.0,86.2996,,,,,,,,,,,,0.665,0.648,0.635,0.621,0
47.7,0.4406,0.7742,84.6008,2.4268,0.0,86.2996,,,,,,,,,,,,0.665,0.648,0.635,0.621,0
47.72,0.4406,0.7742,84.6008,2.4268,0.0,86.2996,,,,,,,,,,,,0.705,0.605,0.531,0.713,0
47.74,0.4406,0.7742,84.6008,2.4268,0.0,86.2996,,,,,,,,,,,,0.705,0.605,0.531,0.713,0
47.76,0.4406,0.7742,84.6008,2.4268,0.0,86.2996,,,,,,,,,,,,0.705,0.605,0.531,0.713,0
47.78,0.4406,0.7742,84.6008,2.4268,0.0,86.2996,,,,,,,,,,,,0.705,0.605,0.531,0.713,0
47.8,0.8602,1.626,84.2172,2.1637,0.0,86.2996,,,,,,,,,,,,0.705,0.605,0.531,0.713,0
47.82,0.8602,1.626,84.2172,2.1637,0.0,86.2996,,,,,,,,,,,,0.615,0.695,0.683,0.567,0
47.84,0.8602,1.626,84.2172,2.1637,0.0,86.2996,,,,,,,,,,,,0.615,0.695,0.683,0.567,0
47.86,0.8602,1.626,84.2172,2.1637,0.0,86.2996,,,,,,,,,,,,0.615,0.695,0.683,0.567,0
47.88,0.8602,1.626,84.2172,2.1637,0.0,86.2996,,,,,,,,,,,,0.615,0.695,0.683,0.567,0
47.9,1.0339,2.8645,84.3435,1.9731,0.0,86.2996,,,,,,,,,,,,0.615,0.695,0.683,0.567,0
47.92,1.0339,2.8645,84.3435,1.9731,0.0,86.2996,,,,,,,,,,,,0.598,0.701,0.735,0.507,0
47.94,1.0339,2.8645,84.3435,1.9731,0.0,86.2996,,,,,,,,,,,,0.598,0.701,0.735,0.507,0
47.96,1.0339,2.8645,84.3435,1.9731,0.0,86.2996,,,,,,,,,,,,0.598,0.701,0.735,0.507,0
47.98,1.0339,2.8645,84.3435,1.9731,0.0,86.2996,,,,,,,,,,,,0.598,0.701,0.735,0.507,0
48.0,1.7152,2.2952,84.4949,1.9145,0.0,86.2996,,,,,,,,,,,,0.598,0.701,0.735,0.507,0
48.02,1.7152,2.2952,84.4949,1.9145,0.0,86.2996,,,,,,,,,,,,0.665,0.629,0.603,0.656,0
48.04,1.7152,2.2952,84.4949,1.9145,0.0,86.2996,,,,,,,,,,,,0.665,0.629,0.603,0.656,0
48.06,1.7152,2.2952,84.4949,1.9145,0.0,86.2996,,,,,,,,,,,,0.665,0.629,0.603,0.656,0
48.08,1.7152,2.2952,84.4949,1.9145,0.0,86.2996,,,,,,,,,,,,0.665,0.629,0.603,0.656,0
48.1,2.7789,0.8566,84.9566,1.8846,0.0,86.2996,,,,,,,,,,,,0.665,0.629,0.603,0.656,0
48.12,2.7789,0.8566,84.9566,1.8846,0.0,86.2996,,,,,,,,,,,,0.663,0.619,0.599,0.669,0
48.14,2.7789,0.8566,84.9566,1.8846,0.0,86.2996,,,,,,,,,,,,0.663,0.619,0.599,0.669,0
48.16,2.7789,0.8566,84.9566,1.8846,0.0,86.2996,,,,,,,,,,,,0.663,0.619,0.599,0.669,0
48.18,2.7789,0.8566,84.9566,1.8846,0.0,86.2996,,,,,,,,,,,,0.663,0.619,0.599,0.669,0
48.2,4.6604,0.4888,85.2798,1.897,0.0,86.2996,,,,,,,,,,,,0.663,0.619,0.599,0.669,0
48.22,4.6604,0.4888,85.2798,1.897,0.0,86.2996,,,,,,,,,,,,0.675,0.604,0.558,0.708,0
48.24,4.6604,0.4888,85.2798,1.897,0.0,86.2996,,,,,,,,,,,,0.675,0.604,0.558,0.708,0
48.26,4.6604,0.4888,85.2798,1.897,0.0,86.2996,,,,,,,,,,,,0.675,0.604,0.558,0.708,0
48.28,4.6604,0.4888,85.2798,1.897,0.0,86.2996,,,,,,,,,,,,0.675,0.604,0.558,0.708,0
48.3,3.7798,1.0016,85.2731,2.3092,0.0,86.2996,,,,,,,,,,,,0.675,0.604,0.558,0.708,0
48.32,3.7798,1.0016,85.2731,2.3092,0.0,86.2996,,,,,,,,,,,,0.581,0.698,0.719,0.539,0
48.34,3.7798,1.0016,85.2731,2.3092,0.0,86.2996,,,,,,,,,,,,0.581,0.698,0.719,0.539,0
48.36,3.7798,1.0016,85.2731,2.3092,0.0,86.2996,,,,,,,,,,,,0.581,0.698,0.719,0.539,0
48.38,3.7798,1.0016,85.2731,2.3092,0.0,86.2996,,,,,,,,,,,,0.581,0.698,0.719,0.539,0
48.4,4.0495,2.0165,85.6708,4.105,0.4755,86.2998,,,,,,,,,,,,0.581,0.698,0.719,0.539,0
48.42,4.0495,2.0165,85.6708,4.105,0.4755,86.2998,,,,,,,,,,,,0.632,0.648,0.686,0.583,0
48.44,4.0495,2.0165,85.6708,4.105,0.4755,86.2998,,,,,,,,,,,,0.632,0.648,0.686,0.583,0
48.46,4.0495,2.0165,85.6708,4.105,0.4755,86.2998,,,,,,,,,,,,0.632,0.648,0.686,0.583,0
48.48,4.0495,2.0165,85.6708,4.105,0.4755,86.2998,,,,,,,,,,,,0.632,0.648,0.686,0.583,0
48.5,4.8756,2.1241,86.2838,6.3978,2.2288,86.3007,,,,,,,,,,,,0.632,0.648,0.686,0.583,0
48.52,4.8756,2.1241,86.2838,6.3978,2.2288,86.3007,,,,,,,,,,,,0.657,0.61,0.598,0.691,0
48.54,4.8756,2.1241,86.2838,6.3978,2.2288,86.3007,,,,,,,,,,,,0.657,0.61,0.598,0.691,0
48.56,4.8756,2.1241,86.2838,6.3978,2.2288,86.3007,,,,,,,,,,,,0.657,0.61,0.598,0.691,0
48.58,4.8756,2.1241,86.2838,6.3978,2.2288,86.3007,,,,,,,,,,,,0.657,0.61,0.598,0.691,0
48.6,9.4832,3.1383,86.9857,7.8318,3.2839,86.301,,,,,,,,,,,,0.657,0.61,0.598,0.691,0
48.62,9.4832,3.1383,86.9857,7.8318,3.2839,86.301,,,,,,,,,,,,0.668,0.597,0.612,0.69,0
48.64,9.4832,3.1383,86.9857,7.8318,3.2839,86.301,,,,,,,,,,,,0.668,0.597,0.612,0.69,0
48.66,9.4832,3.1383,86.9857,7.8318,3.2839,86.301,,,,,,,,,,,,0.668,0.597,0.612,0.69,0
48.68,9.4832,3.1383,86.9857,7.8318,3.2839,86.301,,,,,,,,,,,,0.668,0.597,0.612,0.69,0
48.7,12.4491,5.8389,87.3992,8.5995,3.6467,86.3011,,,,,,,,,,,,0.668,0.597,0.612,0.69,0
48.72,12.4491,5.8389,87.3992,8.5995,3.6467,86.3011,,,,,,,,,,,,0.611,0.671,0.62,0.687,0
48.74,12.4491,5.8389,87.3992,8.5995,3.6467,86.3011,,,,,,,,,,,,0.611,0.671,0.62,0.687,0
48.76,12.4491,5.8389,87.3992,8.5995,3.6467,86.3011,,,,,,,,,,,,0.611,0.671,0.62,0.687,0
48.78,12.4491,5.8389,87.3992,8.5995,3.6467,86.3011,,,,,,,,,,,,0.611,0.671,0.62,0.687,0
48.8,11.6127,6.6345,87.4056,7.7632,2.5357,86.3014,,,,,,,,,,,,0.611,0.671,0.62,0.687,0
48.82,11.6127,6.6345,87.4056,7.7632,2.5357,86.3014,,,,,,,,,,,,0.637,0.657,0.623,0.673,0
48.84,11.6127,6.6345,87.4056,7.7632,2.5357,86.3014,,,,,,,,,,,,0.637,0.657,0.623,0.673,0
48.86,11.6127,6.6345,87.4056,7.7632,2.5357,86.3014,,,,,,,,,,,,0.637,0.657,0.623,0.673,0
48.88,11.6127,6.6345,87.4056,7.7632,2.5357,86.3014,,,,,,,,,,,,0.637,0.657,0.623,0.673,0
48.9,8.2254,4.542,87.1213,4.5578,1.2946,86.3022,,,,,,,,,,,,0.637,0.657,0.623,0.673,0
48.92,8.2254,4.542,87.1213,4.5578,1.2946,86.3022,,,,,,,,,,,,0.644,0.636,0.687,0.602,0
48.94,8.2254,4.542,87.1213,4.5578,1.2946,86.3022,,,,,,,,,,,,0.644,0.636,0.687,0.602,0
48.96,8.2254,4.542,87.1213,4.5578,1.2946,86.3022,,,,,,,,,,,,0.644,0.636,0.687,0.602,0
48.98,8.2254,4.542,87.1213,4.5578,1.2946,86.3022,,,,,,,,,,,,0.644,0.636,0.687,0.602,0
49.0,2.4249,0.8844,86.5666,2.327,0.6609,86.3026,,,,,,,,,,,,0.644,0.636,0.687,0.602,0
49.02,2.4249,0.8844,86.5666,2.327,0.6609,86.3026,,,,,,,,,,,,0.622,0.652,0.769,0.482,0
49.04,2.4249,0.8844,86.5666,2.327,0.6609,86.3026,,,,,,,,,,,,0.622,0.652,0.769,0.482,0
49.06,2.4249,0.8844,86.5666,2.327,0.6609,86.3026,,,,,,,,,,,,0.622,0.652,0.769,0.482,0
49.08,2.4249,0.8844,86.5666,2.327,0.6609,86.3026,,,,,,,,,,,,0.622,0.652,0.769,0.482,0
49.1,-0.2441,-1.9224,86.4084,1.188,0.3374,86.3026,,,,,,,,,,,,0.622,0.652,0.769,0.482,0
49.12,-0.2441,-1.9224,86.4084,1.188,0.3374,86.3026,,,,,,,,,,,,0.681,0.593,0.639,0.638,0
49.14,-0.2441,-1.9224,86.4084,1.188,0.3374,86.3026,,,,,,,,,,,,0.681,0.593,0.639,0.638,0
49.16,-0.2441,-1.9224,86.4084,1.188,0.3374,86.3026,,,,,,,,,,,,0.681,0.593,0.639,0.638,0
49.18,-0.2441,-1.9224,86.4084,1.188,0.3374,86.3026,,,,,,,,,,,,0.681,0.593,0.639,0.638,0
49.2,-0.7562,-2.2209,86.225,0.6065,0.1723,86.3027,,,,,,,,,,,,0.681,0.593,0.639,0.638,0
49.22,-0.7562,-2.2209,86.225,0.6065,0.1723,86.3027,,,,,,,,,,,,0.603,0.674,0.695,0.576,0
49.24,-0.7562,-2.2209,86.225,0.6065,0.1723,86.3027,,,,,,,,,,,,0.603,0.674,0.695,0.576,0
49.26,-0.7562,-2.2209,86.225,0.6065,0.1723,86.3027,,,,,,,,,,,,0.603,0.674,0.695,0.576,0
49.28,-0.7562,-2.2209,86.225,0.6065,0.1723,86.3027,,,,,,,,,,,,0.603,0.674,0.695,0.576,0
49.3,0.1375,-0.3055,86.7586,0.3097,0.088,86.3026,,,,,,,,,,,,0.603,0.674,0.695,0.576,0
49.32,0.1375,-0.3055,86.7586,0.3097,0.088,86.3026,,,,,,,,,,,,0.625,0.642,0.642,0.646,0
49.34,0.1375,-0.3055,86.7586,0.3097,0.088,86.3026,,,,,,,,,,,,0.625,0.642,0.642,0.646,0
49.36,0.1375,-0.3055,86.7586,0.3097,0.088,86.3026,,,,,,,,,,,,0.625,0.642,0.642,0.646,0
49.38,0.1375,-0.3055,86.7586,0.3097,0.088,86.3026,,,,,,,,,,,,0.625,0.642,0.642,0.646,0
49.4,-0.3809,-0.4712,87.1004,0.1581,-0.0157,86.3027,,,,,,,,,,,,0.625,0.642,0.642,0.646,0
49.42,-0.3809,-0.4712,87.1004,0.1581,-0.0157,86.3027,,,,,,,,,,,,0.626,0.632,0.705,0.586,0
49.44,-0.3809,-0.4712,87.1004,0.1581,-0.0157,86.3027,,,,,,,,,,,,0.626,0.632,0.705,0.586,0
49.46,-0.3809,-0.4712,87.1004,0.1581,-0.0157,86.3027,,,,,,,,,,,,0.626,0.632,0.705,0.586,0
49.48,-0.3809,-0.4712,87.1004,0.1581,-0.0157,86.3027,,,,,,,,,,,,0.626,0.632,0.705,0.586,0
49.5,-0.7756,-2.0707,87.4045,0.0376,-0.6696,86.3027,,,,,,,,,,,,0.626,0.632,0.705,0.586,0
49.52,-0.7756,-2.0707,87.4045,0.0376,-0.6696,86.3027,,,,,,,,,,,,0.658,0.594,0.653,0.645,0
49.54,-0.7756,-2.0707,87.4045,0.0376,-0.6696,86.3027,,,,,,,,,,,,0.658,0.594,0.653,0.645,0
49.56,-0.7756,-2.0707,87.4045,0.0376,-0.6696,86.3027,,,,,,,,,,,,0.658,0.594,0.653,0.645,0
49.58,-0.7756,-2.0707,87.4045,0.0376,-0.6696,86.3027,,,,,,,,,,,,0.658,0.594,0.653,0.645,0
49.6,-1.0984,-3.3866,87.4526,-0.2392,-1.1748,86.3027,,,,,,,,,,,,0.658,0.594,0.653,0.645,0
49.62,-1.0984,-3.3866,87.4526,-0.2392,-1.1748,86.3027,,,,,,,,,,,,0.658,0.6,0.667,0.628,0
49.64,-1.0984,-3.3866,87.4526,-0.2392,-1.1748,86.3027,,,,,,,,,,,,0.658,0.6,0.667,0.628,0
49.66,-1.0984,-3.3866,87.4526,-0.2392,-1.1748,86.3027,,,,,,,,,,,,0.658,0.6,0.667,0.628,0
49.68,-1.0984,-3.3866,87.4526,-0.2392,-1.1748,86.3027,,,,,,,,,,,,0.658,0.6,0.667,0.628,0
49.7,-2.3313,-4.5122,87.1619,-0.4272,-1.5214,86.3028,,,,,,,,,,,,0.658,0.6,0.667,0.628,0
49.72,-2.3313,-4.5122,87.1619,-0.4272,-1.5214,86.3028,,,,,,,,,,,,0.632,0.634,0.693,0.594,0
49.74,-2.3313,-4.5122,87.1619,-0.4272,-1.5214,86.3028,,,,,,,,,,,,0.632,0.634,0.693,0.594,0
49.76,-2.3313,-4.5122,87.1619,-0.4272,-1.5214,86.3028,,,,,,,,,,,,0.632,0.634,0.693,0.594,0
49.78,-2.3313,-4.5122,87.1619,-0.4272,-1.5214,86.3028,,,,,,,,,,,,0.632,0.634,0.693,0.594,0
49.8,-1.2798,-3.6001,87.001,-0.2517,-1.0704,86.3028,,,,,,,,,,,,0.632,0.634,0.693,0.594,0
49.82,-1.2798,-3.6001,87.001,-0.2517,-1.0704,86.3028,,,,,,,,,,,,0.602,0.668,0.743,0.524,0
49.84,-1.2798,-3.6001,87.001,-0.2517,-1.0704,86.3028,,,,,,,,,,,,0.602,0.668,0.743,0.524,0
49.86,-1.2798,-3.6001,87.001,-0.2517,-1.0704,86.3028,,,,,,,,,,,,0.602,0.668,0.743,0.524,0
49.88,-1.2798,-3.6001,87.001,-0.2517,-1.0704,86.3028,,,,,,,,,,,,0.602,0.668,0.743,0.524,0
49.9,0.5622,-1.006,86.9973,-0.1285,-0.5465,86.3028,,,,,,,,,,,,0.602,0.668,0.743,0.524,0
49.92,0.5622,-1.006,86.9973,-0.1285,-0.5465,86.3028,,,,,,,,,,,,0.658,0.608,0.567,0.711,0
49.94,0.5622,-1.006,86.9973,-0.1285,-0.5465,86.3028,,,,,,,,,,,,0.658,0.608,0.567,0.711,0
49.96,0.5622,-1.006,86.9973,-0.1285,-0.5465,86.3028,,,,,,,,,,,,0.658,0.608,0.567,0.711,0
49.98,0.5622,-1.006,86.9973,-0.1285,-0.5465,86.3028,,,,,,,,,,,,0.658,0.608,0.567,0.711,0
50.0,1.9228,0.9735,86.9294,-0.0656,-0.279,86.3028,,,,,,,,,,,,0.658,0.608,0.567,0.711,0
50.02,1.9228,0.9735,86.9294,-0.0656,-0.279,86.3028,,,,,,,,,,,,0.632,0.616,0.65,0.618,0
50.04,1.9228,0.9735,86.9294,-0.0656,-0.279,86.3028,,,,,,,,,,,,0.632,0.616,0.65,0.618,0
50.06,1.9228,0.9735,86.9294,-0.0656,-0.279,86.3028,,,,,,,,,,,,0.632,0.616,0.65,0.618,0
50.08,1.9228,0.9735,86.9294,-0.0656,-0.279,86.3028,,,,,,,,,,,,0.632,0.616,0.65,0.618,0
50.1,1.503,1.4151,86.8797,-0.0335,-0.1424,86.3028,,,,,,,,,,,,0.632,0.616,0.65,0.618,0
50.12,1.503,1.4151,86.8797,-0.0335,-0.1424,86.3028,,,,,,,,,,,,0.591,0.655,0.68,0.585,0
50.14,1.503,1.4151,86.8797,-0.0335,-0.1424,86.3028,,,,,,,,,,,,0.591,0.655,0.68,0.585,0
50.16,1.503,1.4151,86.8797,-0.0335,-0.1424,86.3028,,,,,,,,,,,,0.591,0.655,0.68,0.585,0
50.18,1.503,1.4151,86.8797,-0.0335,-0.1424,86.3028,,,,,,,,,,,,0.591,0.655,0.68,0.585,0
50.2,1.3622,1.2393,86.8553,-0.2049,-0.0727,86.3028,,,,,,,,,,,,0.591,0.655,0.68,0.585,0
50.22,1.3622,1.2393,86.8553,-0.2049,-0.0727,86.3028,,,,,,,,,,,,0.689,0.552,0.595,0.674,0
50.24,1.3622,1.2393,86.8553,-0.2049,-0.0727,86.3028,,,,,,,,,,,,0.689,0.552,0.595,0.674,0
50.26,1.3622,1.2393,86.8553,-0.2049,-0.0727,86.3028,,,,,,,,,,,,0.689,0.552,0.595,0.674,0
50.28,1.3622,1.2393,86.8553,-0.2049,-0.0727,86.3028,,,,,,,,,,,,0.689,0.552,0.595,0.674,0
50.3,0.7728,0.9439,86.4686,-0.5905,-0.0371,86.3029,,,,,,,,,,,,0.689,0.552,0.595,0.674,0
50.32,0.7728,0.9439,86.4686,-0.5905,-0.0371,86.3029,,,,,,,,,,,,0.645,0.613,0.618,0.642,0
50.34,0.7728,0.9439,86.4686,-0.5905,-0.0371,86.3029,,,,,,,,,,,,0.645,0.613,0.618,0.642,0
50.36,0.7728,0.9439,86.4686,-0.5905,-0.0371,86.3029,,,,,,,,,,,,0.645,0.613,0.618,0.642,0
50.38,0.7728,0.9439,86.4686,-0.5905,-0.0371,86.3029,,,,,,,,,,,,0.645,0.613,0.618,0.642,0
50.4,-0.1234,1.0451,85.7393,-1.0565,-0.019,86.303,,,,,,,,,,,,0.645,0.613,0.618,0.642,0
50.42,-0.1234,1.0451,85.7393,-1.0565,-0.019,86.303,,,,,,,,,,,,0.604,0.664,0.67,0.573,0
50.44,-0.1234,1.0451,85.7393,-1.0565,-0.019,86.303,,,,,,,,,,,,0.604,0.664,0.67,0.573,0
50.46,-0.1234,1.0451,85.7393,-1.0565,-0.019,86.303,,,,,,,,,,,,0.604,0.664,0.67,0.573,0
50.48,-0.1234,1.0451,85.7393,-1.0565,-0.019,86.303,,,,,,,,,,,,0.604,0.664,0.67,0.573,0
50.5,-0.6955,0.761,85.3427,-1.6155,-0.0097,86.3031,,,,,,,,,,,,0.604,0.664,0.67,0.573,0
50.52,-0.6955,0.761,85.3427,-1.6155,-0.0097,86.3031,,,,,,,,,,,,0.657,0.608,0.575,0.66,0
50.54,-0.6955,0.761,85.3427,-1.6155,-0.0097,86.3031,,,,,,,,,,,,0.657,0.608,0.575,0.66,0
50.56,-0.6955,0.761,85.3427,-1.6155,-0.0097,86.3031,,,,,,,,,,,,0.657,0.608,0.575,0.66,0
50.58,-0.6955,0.761,85.3427,-1.6155,-0.0097,86.3031,,,,,,,,,,,,0.657,0.608,0.575,0.66,0
50.6,-1.0262,0.9055,85.4313,-1.9767,-0.0049,86.303,,,,,,,,,,,,0.657,0.608,0.575,0.66,0
50.62,-1.0262,0.9055,85.4313,-1.9767,-0.0049,86.303,,,,,,,,,,,,0.598,0.647,0.726,0.484,0
50.64,-1.0262,0.9055,85.4313,-1.9767,-0.0049,86.303,,,,,,,,,,,,0.598,0.647,0.726,0.484,0
50.66,-1.0262,0.9055,85.4313,-1.9767,-0.0049,86.303,,,,,,,,,,,,0.598,0.647,0.726,0.484,0
50.68,-1.0262,0.9055,85.4313,-1.9767,-0.0049,86.303,,,,,,,,,,,,0.598,0.647,0.726,0.484,0
50.7,-0.9656,0.7153,86.2194,-2.161,-0.0025,86.303,,,,,,,,,,,,0.598,0.647,0.726,0.484,0
50.72,-0.9656,0.7153,86.2194,-2.161,-0.0025,86.303,,,,,,,,,,,,0.633,0.587,0.653,0.591,0
50.74,-0.9656,0.7153,86.2194,-2.161,-0.0025,86.303,,,,,,,,,,,,0.633,0.587,0.653,0.591,0
50.76,-0.9656,0.7153,86.2194,-2.161,-0.0025,86.303,,,,,,,,,,,,0.633,0.587,0.653,0.591,0
50.78,-0.9656,0.7153,86.2194,-2.161,-0.0025,86.303,,,,,,,,,,,,0.633,0.587,0.653,0.591,0
50.8,-1.5663,0.3271,86.9881,-2.1327,-0.0013,86.303,,,,,,,,,,,,0.633,0.587,0.653,0.591,0
50.82,-1.5663,0.3271,86.9881,-2.1327,-0.0013,86.303,,,,,,,,,,,,0.582,0.62,0.655,0.591,0
50.84,-1.5663,0.3271,86.9881,-2.1327,-0.0013,86.303,,,,,,,,,,,,0.582,0.62,0.655,0.591,0
50.86,-1.5663,0.3271,86.9881,-2.1327,-0.0013,86.303,,,,,,,,,,,,0.582,0.62,0.655,0.591,0
50.88,-1.5663,0.3271,86.9881,-2.1327,-0.0013,86.303,,,,,,,,,,,,0.582,0.62,0.655,0.591,0
50.9,-1.274,0.0344,87.3041,-1.9761,-0.0391,86.303,,,,,,,,,,,,0.582,0.62,0.655,0.591,0
50.92,-1.274,0.0344,87.3041,-1.9761,-0.0391,86.303,,,,,,,,,,,,0.659,0.531,0.554,0.681,0
50.94,-1.274,0.0344,87.3041,-1.9761,-0.0391,86.303,,,,,,,,,,,,0.659,0.531,0.554,0.681,0
50.96,-1.274,0.0344,87.3041,-1.9761,-0.0391,86.303,,,,,,,,,,,,0.659,0.531,0.554,0.681,0
50.98,-1.274,0.0344,87.3041,-1.9761,-0.0391,86.303,,,,,,,,,,,,0.659,0.531,0.554,0.681,0
51.0,-1.4082,0.1685,87.2758,-1.7964,-0.02,86.303,,,,,,,,,,,,0.659,0.531,0.554,0.681,0
51.02,-1.4082,0.1685,87.2758,-1.7964,-0.02,86.303,,,,,,,,,,,,0.602,0.601,0.622,0.618,0
51.04,-1.4082,0.1685,87.2758,-1.7964,-0.02,86.303,,,,,,,,,,,,0.602,0.601,0.622,0.618,0
51.06,-1.4082,0.1685,87.2758,-1.7964,-0.02,86.303,,,,,,,,,,,,0.602,0.601,0.622,0.618,0
51.08,-1.4082,0.1685,87.2758,-1.7964,-0.02,86.303,,,,,,,,,,,,0.602,0.601,0.622,0.618,0
51.1,-1.0679,-0.062,87.2711,-1.3922,-0.1096,86.303,,,,,,,,,,,,0.602,0.601,0.622,0.618,0
51.12,-1.0679,-0.062,87.2711,-1.3922,-0.1096,86.303,,,,,,,,,,,,0.608,0.603,0.622,0.614,0
51.14,-1.0679,-0.062,87.2711,-1.3922,-0.1096,86.303,,,,,,,,,,,,0.608,0.603,0.622,0.614,0
51.16,-1.0679,-0.062,87.2711,-1.3922,-0.1096,86.303,,,,,,,,,,,,0.608,0.603,0.622,0.614,0
51.18,-1.0679,-0.062,87.2711,-1.3922,-0.1096,86.303,,,,,,,,,,,,0.608,0.603,0.622,0.614,0
51.2,-1.4439,-0.9363,86.7509,-0.7218,-0.7884,86.3028,,,,,,,,,,,,0.608,0.603,0.622,0.614,0
51.22,-1.4439,-0.9363,86.7509,-0.7218,-0.7884,86.3028,,,,,,,,,,,,0.641,0.581,0.62,0.613,0
51.24,-1.4439,-0.9363,86.7509,-0.7218,-0.7884,86.3028,,,,,,,,,,,,0.641,0.581,0.62,0.613,0
51.26,-1.4439,-0.9363,86.7509,-0.7218,-0.7884,86.3028,,,,,,,,,,,,0.641,0.581,0.62,0.613,0
51.28,-1.4439,-0.9363,86.7509,-0.7218,-0.7884,86.3028,,,,,,,,,,,,0.641,0.581,0.62,0.613,0
51.3,-0.3857,-1.4515,86.1708,-0.3685,-1.2342,86.3028,,,,,,,,,,,,0.641,0.581,0.62,0.613,0
51.32,-0.3857,-1.4515,86.1708,-0.3685,-1.2342,86.3028,,,,,,,,,,,,0.642,0.591,0.586,0.634,0
51.34,-0.3857,-1.4515,86.1708,-0.3685,-1.2342,86.3028,,,,,,,,,,,,0.642,0.591,0.586,0.634,0
51.36,-0.3857,-1.4515,86.1708,-0.3685,-1.2342,86.3028,,,,,,,,,,,,0.642,0.591,0.586,0.634,0
51.38,-0.3857,-1.4515,86.1708,-0.3685,-1.2342,86.3028,,,,,,,,,,,,0.642,0.591,0.586,0.634,0
51.4,0.7354,-1.4567,85.2949,-0.1881,-1.6131,86.3027,,,,,,,,,,,,0.642,0.591,0.586,0.634,0
51.42,0.7354,-1.4567,85.2949,-0.1881,-1.6131,86.3027,,,,,,,,,,,,0.63,0.622,0.588,0.622,0
51.44,0.7354,-1.4567,85.2949,-0.1881,-1.6131,86.3027,,,,,,,,,,,,0.63,0.622,0.588,0.622,0
51.46,0.7354,-1.4567,85.2949,-0.1881,-1.6131,86.3027,,,,,,,,,,,,0.63,0.622,0.588,0.622,0
51.48,0.7354,-1.4567,85.2949,-0.1881,-1.6131,86.3027,,,,,,,,,,,,0.63,0.622,0.588,0.622,0
51.5,0.4604,-1.9459,84.3508,-0.0961,-2.0396,86.3027,,,,,,,,,,,,0.63,0.622,0.588,0.622,0
51.52,0.4604,-1.9459,84.3508,-0.0961,-2.0396,86.3027,,,,,,,,,,,,0.581,0.686,0.693,0.498,0
51.54,0.4604,-1.9459,84.3508,-0.0961,-2.0396,86.3027,,,,,,,,,,,,0.581,0.686,0.693,0.498,0
51.56,0.4604,-1.9459,84.3508,-0.0961,-2.0396,86.3027,,,,,,,,,,,,0.581,0.686,0.693,0.498,0
51.58,0.4604,-1.9459,84.3508,-0.0961,-2.0396,86.3027,,,,,,,,,,,,0.581,0.686,0.693,0.498,0
51.6,1.453,-2.5539,84.0944,-0.049,-2.6372,86.3027,,,,,,,,,,,,0.581,0.686,0.693,0.498,0
51.62,1.453,-2.5539,84.0944,-0.049,-2.6372,86.3027,,,,,,,,,,,,0.666,0.603,0.654,0.548,0
51.64,1.453,-2.5539,84.0944,-0.049,-2.6372,86.3027,,,,,,,,,,,,0.666,0.603,0.654,0.548,0
51.66,1.453,-2.5539,84.0944,-0.049,-2.6372,86.3027,,,,,,,,,,,,0.666,0.603,0.654,0.548,0
51.68,1.453,-2.5539,84.0944,-0.049,-2.6372,86.3027,,,,,,,,,,,,0.666,0.603,0.654,0.548,0
51.7,1.1628,-3.4204,84.1289,-0.025,-3.2492,86.3027,,,,,,,,,,,,0.666,0.603,0.654,0.548,0
51.72,1.1628,-3.4204,84.1289,-0.025,-3.2492,86.3027,,,,,,,,,,,,0.671,0.591,0.568,0.642,0
51.74,1.1628,-3.4204,84.1289,-0.025,-3.2492,86.3027,,,,,,,,,,,,0.671,0.591,0.568,0.642,0
51.76,1.1628,-3.4204,84.1289,-0.025,-3.2492,86.3027,,,,,,,,,,,,0.671,0.591,0.568,0.642,0
51.78,1.1628,-3.4204,84.1289,-0.025,-3.2492,86.3027,,,,,,,,,,,,0.671,0.591,0.568,0.642,0
51.8,0.7383,-3.853,84.0283,-0.0128,-3.8319,86.3028,,,,,,,,,,,,0.671,0.591,0.568,0.642,0
51.82,0.7383,-3.853,84.0283,-0.0128,-3.8319,86.3028,,,,,,,,,,,,0.665,0.592,0.594,0.614,0
51.84,0.7383,-3.853,84.0283,-0.0128,-3.8319,86.3028,,,,,,,,,,,,0.665,0.592,0.594,0.614,0
51.86,0.7383,-3.853,84.0283,-0.0128,-3.8319,86.3028,,,,,,,,,,,,0.665,0.592,0.594,0.614,0
51.88,0.7383,-3.853,84.0283,-0.0128,-3.8319,86.3028,,,,,,,,,,,,0.665,0.592,0.594,0.614,0
51.9,2.2215,-3.5821,84.1229,-0.0065,-4.2506,86.3028,,,,,,,,,,,,0.665,0.592,0.594,0.614,0
51.92,2.2215,-3.5821,84.1229,-0.0065,-4.2506,86.3028,,,,,,,,,,,,0.636,0.622,0.644,0.562,0
51.94,2.2215,-3.5821,84.1229,-0.0065,-4.2506,86.3028,,,,,,,,,,,,0.636,0.622,0.644,0.562,0
51.96,2.2215,-3.5821,84.1229,-0.0065,-4.2506,86.3028,,,,,,,,,,,,0.636,0.622,0.644,0.562,0
51.98,2.2215,-3.5821,84.1229,-0.0065,-4.2506,86.3028,,,,,,,,,,,,0.636,0.622,0.644,0.562,0
52.0,2.6337,-3.147,84.7591,-0.0033,-4.6242,86.3028,,,,,,,,,,,,0.636,0.622,0.644,0.562,0
52.02,2.6337,-3.147,84.7591,-0.0033,-4.6242,86.3028,,,,,,,,,,,,0.645,0.599,0.57,0.651,0
52.04,2.6337,-3.147,84.7591,-0.0033,-4.6242,86.3028,,,,,,,,,,,,0.645,0.599,0.57,0.651,0
52.06,2.6337,-3.147,84.7591,-0.0033,-4.6242,86.3028,,,,,,,,,,,,0.645,0.599,0.57,0.651,0
52.08,2.6337,-3.147,84.7591,-0.0033,-4.6242,86.3028,,,,,,,,,,,,0.645,0.599,0.57,0.651,0
52.1,2.0342,-3.0836,85.3936,-0.0017,-4.9456,86.3027,,,,,,,,,,,,0.645,0.599,0.57,0.651,0
52.12,2.0342,-3.0836,85.3936,-0.0017,-4.9456,86.3027,,,,,,,,,,,,0.654,0.579,0.545,0.687,0
52.14,2.0342,-3.0836,85.3936,-0.0017,-4.9456,86.3027,,,,,,,,,,,,0.654,0.579,0.545,0.687,0
52.16,2.0342,-3.0836,85.3936,-0.0017,-4.9456,86.3027,,,,,,,,,,,,0.654,0.579,0.545,0.687,0
52.18,2.0342,-3.0836,85.3936,-0.0017,-4.9456,86.3027,,,,,,,,,,,,0.654,0.579,0.545,0.687,0
52.2,3.0095,-2.496,86.3384,-0.0009,-5.2614,86.3027,,,,,,,,,,,,0.654,0.579,0.545,0.687,0
52.22,3.0095,-2.496,86.3384,-0.0009,-5.2614,86.3027,,,,,,,,,,,,0.631,0.594,0.577,0.67,0
52.24,3.0095,-2.496,86.3384,-0.0009,-5.2614,86.3027,,,,,,,,,,,,0.631,0.594,0.577,0.67,0
52.26,3.0095,-2.496,86.3384,-0.0009,-5.2614,86.3027,,,,,,,,,,,,0.631,0.594,0.577,0.67,0
52.28,3.0095,-2.496,86.3384,-0.0009,-5.2614,86.3027,,,,,,,,,,,,0.631,0.594,0.577,0.67,0
52.3,1.4598,-2.9768,86.7694,-0.0004,-5.4797,86.3027,,,,,,,,,,,,0.631,0.594,0.577,0.67,0
52.32,1.4598,-2.9768,86.7694,-0.0004,-5.4797,86.3027,,,,,,,,,,,,0.601,0.622,0.637,0.621,0
52.34,1.4598,-2.9768,86.7694,-0.0004,-5.4797,86.3027,,,,,,,,,,,,0.601,0.622,0.637,0.621,0
52.36,1.4598,-2.9768,86.7694,-0.0004,-5.4797,86.3027,,,,,,,,,,,,0.601,0.622,0.637,0.621,0
52.38,1.4598,-2.9768,86.7694,-0.0004,-5.4797,86.3027,,,,,,,,,,,,0.601,0.622,0.637,0.621,0
52.4,1.2373,-3.6517,87.1486,-0.0002,-5.306,86.3027,,,,,,,,,,,,0.601,0.622,0.637,0.621,0
52.42,1.2373,-3.6517,87.1486,-0.0002,-5.306,86.3027,,,,,,,,,,,,0.665,0.563,0.584,0.678,0
52.44,1.2373,-3.6517,87.1486,-0.0002,-5.306,86.3027,,,,,,,,,,,,0.665,0.563,0.584,0.678,0
52.46,1.2373,-3.6517,87.1486,-0.0002,-5.306,86.3027,,,,,,,,,,,,0.665,0.563,0.584,0.678,0
52.48,1.2373,-3.6517,87.1486,-0.0002,-5.306,86.3027,,,,,,,,,,,,0.665,0.563,0.584,0.678,0
52.5,1.2999,-4.1293,87.113,-0.0001,-5.0786,86.3027,,,,,,,,,,,,0.665,0.563,0.584,0.678,0
52.52,1.2999,-4.1293,87.113,-0.0001,-5.0786,86.3027,,,,,,,,,,,,0.616,0.619,0.635,0.628,0
52.54,1.2999,-4.1293,87.113,-0.0001,-5.0786,86.3027,,,,,,,,,,,,0.616,0.619,0.635,0.628,0
52.56,1.2999,-4.1293,87.113,-0.0001,-5.0786,86.3027,,,,,,,,,,,,0.616,0.619,0.635,0.628,0
52.58,1.2999,-4.1293,87.113,-0.0001,-5.0786,86.3027,,,,,,,,,,,,0.616,0.619,0.635,0.628,0
52.6,1.8534,-2.97,86.7388,-0.0001,-4.9129,86.3027,,,,,,,,,,,,0.616,0.619,0.635,0.628,0
52.62,1.8534,-2.97,86.7388,-0.0001,-4.9129,86.3027,,,,,,,,,,,,0.636,0.608,0.54,0.703,0
52.64,1.8534,-2.97,86.7388,-0.0001,-4.9129,86.3027,,,,,,,,,,,,0.636,0.608,0.54,0.703,0
52.66,1.8534,-2.97,86.7388,-0.0001,-4.9129,86.3027,,,,,,,,,,,,0.636,0.608,0.54,0.703,0
52.68,1.8534,-2.97,86.7388,-0.0001,-4.9129,86.3027,,,,,,,,,,,,0.636,0.608,0.54,0.703,0
52.7,1.7596,-2.0866,86.1205,0.0067,-4.8273,86.3027,,,,,,,,,,,,0.636,0.608,0.54,0.703,0
52.72,1.7596,-2.0866,86.1205,0.0067,-4.8273,86.3027,,,,,,,,,,,,0.666,0.591,0.503,0.723,0
52.74,1.7596,-2.0866,86.1205,0.0067,-4.8273,86.3027,,,,,,,,,,,,0.666,0.591,0.503,0.723,0
52.76,1.7596,-2.0866,86.1205,0.0067,-4.8273,86.3027,,,,,,,,,,,,0.666,0.591,0.503,0.723,0
52.78,1.7596,-2.0866,86.1205,0.0067,-4.8273,86.3027,,,,,,,,,,,,0.666,0.591,0.503,0.723,0
52.8,1.1486,-2.5562,85.4738,0.8404,-4.2933,86.3028,,,,,,,,,,,,0.666,0.591,0.503,0.723,0
52.82,1.1486,-2.5562,85.4738,0.8404,-4.2933,86.3028,,,,,,,,,,,,0.682,0.587,0.548,0.681,0
52.84,1.1486,-2.5562,85.4738,0.8404,-4.2933,86.3028,,,,,,,,,,,,0.682,0.587,0.548,0.681,0
52.86,1.1486,-2.5562,85.4738,0.8404,-4.2933,86.3028,,,,,,,,,,,,0.682,0.587,0.548,0.681,0
52.88,1.1486,-2.5562,85.4738,0.8404,-4.2933,86.3028,,,,,,,,,,,,0.682,0.587,0.548,0.681,0
52.9,0.6357,-3.3471,84.6749,1.7374,-3.6594,86.303,,,,,,,,,,,,0.682,0.587,0.548,0.681,0
52.92,0.6357,-3.3471,84.6749,1.7374,-3.6594,86.303,,,,,,,,,,,,0.642,0.647,0.618,0.616,0
52.94,0.6357,-3.3471,84.6749,1.7374,-3.6594,86.303,,,,,,,,,,,,0.642,0.647,0.618,0.616,0
52.96,0.6357,-3.3471,84.6749,1.7374,-3.6594,86.303,,,,,,,,,,,,0.642,0.647,0.618,0.616,0
52.98,0.6357,-3.3471,84.6749,1.7374,-3.6594,86.303,,,,,,,,,,,,0.642,0.647,0.618,0.616,0
53.0,3.3717,-2.2508,84.0241,2.1556,-3.3326,86.303,,,,,,,,,,,,0.642,0.647,0.618,0.616,0
53.02,3.3717,-2.2508,84.0241,2.1556,-3.3326,86.303,,,,,,,,,,,,0.71,0.6,0.426,0.769,0
53.04,3.3717,-2.2508,84.0241,2.1556,-3.3326,86.303,,,,,,,,,,,,0.71,0.6,0.426,0.769,0
53.06,3.3717,-2.2508,84.0241,2.1556,-3.3326,86.303,,,,,,,,,,,,0.71,0.6,0.426,0.769,0
53.08,3.3717,-2.2508,84.0241,2.1556,-3.3326,86.303,,,,,,,,,,,,0.71,0.6,0.426,0.769,0
53.1,4.6149,-0.7984,83.6004,2.8853,-3.0942,86.303,,,,,,,,,,,,0.71,0.6,0.426,0.769,0
53.12,4.6149,-0.7984,83.6004,2.8853,-3.0942,86.303,,,,,,,,,,,,0.629,0.687,0.596,0.637,0
53.14,4.6149,-0.7984,83.6004,2.8853,-3.0942,86.303,,,,,,,,,,,,0.629,0.687,0.596,0.637,0
53.16,4.6149,-0.7984,83.6004,2.8853,-3.0942,86.303,,,,,,,,,,,,0.629,0.687,0.596,0.637,0
53.18,4.6149,-0.7984,83.6004,2.8853,-3.0942,86.303,,,,,,,,,,,,0.629,0.687,0.596,0.637,0
53.2,3.2748,-0.2551,83.0368,3.5311,-2.7758,86.3031,,,,,,,,,,,,0.629,0.687,0.596,0.637,0
53.22,3.2748,-0.2551,83.0368,3.5311,-2.7758,86.3031,,,,,,,,,,,,0.62,0.698,0.604,0.623,0
53.24,3.2748,-0.2551,83.0368,3.5311,-2.7758,86.3031,,,,,,,,,,,,0.62,0.698,0.604,0.623,0
53.26,3.2748,-0.2551,83.0368,3.5311,-2.7758,86.3031,,,,,,,,,,,,0.62,0.698,0.604,0.623,0
53.28,3.2748,-0.2551,83.0368,3.5311,-2.7758,86.3031,,,,,,,,,,,,0.62,0.698,0.604,0.623,0
53.3,3.6177,-0.1852,82.6151,3.9376,-2.6473,86.3031,,,,,,,,,,,,0.62,0.698,0.604,0.623,0
53.32,3.6177,-0.1852,82.6151,3.9376,-2.6473,86.3031,,,,,,,,,,,,0.658,0.67,0.574,0.644,0
53.34,3.6177,-0.1852,82.6151,3.9376,-2.6473,86.3031,,,,,,,,,,,,0.658,0.67,0.574,0.644,0
53.36,3.6177,-0.1852,82.6151,3.9376,-2.6473,86.3031,,,,,,,,,,,,0.658,0.67,0.574,0.644,0
53.38,3.6177,-0.1852,82.6151,3.9376,-2.6473,86.3031,,,,,,,,,,,,0.658,0.67,0.574,0.644,0
53.4,4.0024,-0.6527,82.4898,4.1147,-2.4714,86.3031,,,,,,,,,,,,0.658,0.67,0.574,0.644,0
53.42,4.0024,-0.6527,82.4898,4.1147,-2.4714,86.3031,,,,,,,,,,,,0.71,0.611,0.503,0.71,0
53.44,4.0024,-0.6527,82.4898,4.1147,-2.4714,86.3031,,,,,,,,,,,,0.71,0.611,0.503,0.71,0
53.46,4.0024,-0.6527,82.4898,4.1147,-2.4714,86.3031,,,,,,,,,,,,0.71,0.611,0.503,0.71,0
53.48,4.0024,-0.6527,82.4898,4.1147,-2.4714,86.3031,,,,,,,,,,,,0.71,0.611,0.503,0.71,0
53.5,4.6578,-0.8751,82.5628,3.8994,-2.3656,86.3031,,,,,,,,,,,,0.71,0.611,0.503,0.71,0
53.52,4.6578,-0.8751,82.5628,3.8994,-2.3656,86.3031,,,,,,,,,,,,0.626,0.695,0.686,0.541,0
53.54,4.6578,-0.8751,82.5628,3.8994,-2.3656,86.3031,,,,,,,,,,,,0.626,0.695,0.686,0.541,0
53.56,4.6578,-0.8751,82.5628,3.8994,-2.3656,86.3031,,,,,,,,,,,,0.626,0.695,0.686,0.541,0
53.58,4.6578,-0.8751,82.5628,3.8994,-2.3656,86.3031,,,,,,,,,,,,0.626,0.695,0.686,0.541,0
53.6,4.234,-0.5422,82.8139,3.7054,-2.2807,86.3031,,,,,,,,,,,,0.626,0.695,0.686,0.541,0
53.62,4.234,-0.5422,82.8139,3.7054,-2.2807,86.3031,,,,,,,,,,,,0.668,0.655,0.548,0.688,0
53.64,4.234,-0.5422,82.8139,3.7054,-2.2807,86.3031,,,,,,,,,,,,0.668,0.655,0.548,0.688,0
53.66,4.234,-0.5422,82.8139,3.7054,-2.2807,86.3031,,,,,,,,,,,,0.668,0.655,0.548,0.688,0
53.68,4.234,-0.5422,82.8139,3.7054,-2.2807,86.3031,,,,,,,,,,,,0.668,0.655,0.548,0.688,0
53.7,2.4584,-0.4358,83.1433,3.6995,-2.1986,86.3032,,,,,,,,,,,,0.668,0.655,0.548,0.688,0
53.72,2.4584,-0.4358,83.1433,3.6995,-2.1986,86.3032,,,,,,,,,,,,0.617,0.698,0.66,0.59,0
53.74,2.4584,-0.4358,83.1433,3.6995,-2.1986,86.3032,,,,,,,,,,,,0.617,0.698,0.66,0.59,0
53.76,2.4584,-0.4358,83.1433,3.6995,-2.1986,86.3032,,,,,,,,,,,,0.617,0.698,0.66,0.59,0
53.78,2.4584,-0.4358,83.1433,3.6995,-2.1986,86.3032,,,,,,,,,,,,0.617,0.698,0.66,0.59,0
53.8,2.906,0.1304,83.7707,3.5062,-1.9219,86.3032,,,,,,,,,,,,0.617,0.698,0.66,0.59,0
53.82,2.906,0.1304,83.7707,3.5062,-1.9219,86.3032,,,,,,,,,,,,0.685,0.623,0.521,0.725,0
53.84,2.906,0.1304,83.7707,3.5062,-1.9219,86.3032,,,,,,,,,,,,0.685,0.623,0.521,0.725,0
53.86,2.906,0.1304,83.7707,3.5062,-1.9219,86.3032,,,,,,,,,,,,0.685,0.623,0.521,0.725,0
53.88,2.906,0.1304,83.7707,3.5062,-1.9219,86.3032,,,,,,,,,,,,0.685,0.623,0.521,0.725,0
53.9,2.9682,0.3202,84.2276,2.8018,-1.5485,86.3031,,,,,,,,,,,,0.685,0.623,0.521,0.725,0
53.92,2.9682,0.3202,84.2276,2.8018,-1.5485,86.3031,,,,,,,,,,,,0.607,0.691,0.656,0.609,0
53.94,2.9682,0.3202,84.2276,2.8018,-1.5485,86.3031,,,,,,,,,,,,0.607,0.691,0.656,0.609,0
53.96,2.9682,0.3202,84.2276,2.8018,-1.5485,86.3031,,,,,,,,,,,,0.607,0.691,0.656,0.609,0
53.98,2.9682,0.3202,84.2276,2.8018,-1.5485,86.3031,,,,,,,,,,,,0.607,0.691,0.656,0.609,0
54.0,1.7587,0.4349,84.7432,2.0156,-1.5001,86.3031,,,,,,,,,,,,0.607,0.691,0.656,0.609,0
54.02,1.7587,0.4349,84.7432,2.0156,-1.5001,86.3031,,,,,,,,,,,,0.652,0.64,0.552,0.712,0
54.04,1.7587,0.4349,84.7432,2.0156,-1.5001,86.3031,,,,,,,,,,,,0.652,0.64,0.552,0.712,0
54.06,1.7587,0.4349,84.7432,2.0156,-1.5001,86.3031,,,,,,,,,,,,0.652,0.64,0.552,0.712,0
54.08,1.7587,0.4349,84.7432,2.0156,-1.5001,86.3031,,,,,,,,,,,,0.652,0.64,0.552,0.712,0
54.1,0.1952,-0.2374,85.343,1.0929,-1.6671,86.3031,,,,,,,,,,,,0.652,0.64,0.552,0.712,0
54.12,0.1952,-0.2374,85.343,1.0929,-1.6671,86.3031,,,,,,,,,,,,0.673,0.611,0.564,0.707,0
54.14,0.1952,-0.2374,85.343,1.0929,-1.6671,86.3031,,,,,,,,,,,,0.673,0.611,0.564,0.707,0
54.16,0.1952,-0.2374,85.343,1.0929,-1.6671,86.3031,,,,,,,,,,,,0.673,0.611,0.564,0.707,0
54.18,0.1952,-0.2374,85.343,1.0929,-1.6671,86.3031,,,,,,,,,,,,0.673,0.611,0.564,0.707,0
54.2,-1.711,-1.8289,85.6612,0.558,-2.0773,86.3031,,,,,,,,,,,,0.673,0.611,0.564,0.707,0
54.22,-1.711,-1.8289,85.6612,0.558,-2.0773,86.3031,,,,,,,,,,,,0.606,0.675,0.688,0.587,0
54.24,-1.711,-1.8289,85.6612,0.558,-2.0773,86.3031,,,,,,,,,,,,0.606,0.675,0.688,0.587,0
54.26,-1.711,-1.8289,85.6612,0.558,-2.0773,86.3031,,,,,,,,,,,,0.606,0.675,0.688,0.587,0
54.28,-1.711,-1.8289,85.6612,0.558,-2.0773,86.3031,,,,,,,,,,,,0.606,0.675,0.688,0.587,0
54.3,-0.1975,-1.9866,86.4675,0.2849,-2.5264,86.3032,,,,,,,,,,,,0.606,0.675,0.688,0.587,0
54.32,-0.1975,-1.9866,86.4675,0.2849,-2.5264,86.3032,,,,,,,,,,,,0.681,0.585,0.577,0.708,0
54.34,-0.1975,-1.9866,86.4675,0.2849,-2.5264,86.3032,,,,,,,,,,,,0.681,0.585,0.577,0.708,0
54.36,-0.1975,-1.9866,86.4675,0.2849,-2.5264,86.3032,,,,,,,,,,,,0.681,0.585,0.577,0.708,0
54.38,-0.1975,-1.9866,86.4675,0.2849,-2.5264,86.3032,,,,,,,,,,,,0.681,0.585,0.577,0.708,0
54.4,0.8126,-1.514,86.8339,0.1454,-3.0191,86.3032,,,,,,,,,,,,0.681,0.585,0.577,0.708,0
54.42,0.8126,-1.514,86.8339,0.1454,-3.0191,86.3032,,,,,,,,,,,,0.603,0.666,0.675,0.615,0
54.44,0.8126,-1.514,86.8339,0.1454,-3.0191,86.3032,,,,,,,,,,,,0.603,0.666,0.675,0.615,0
54.46,0.8126,-1.514,86.8339,0.1454,-3.0191,86.3032,,,,,,,,,,,,0.603,0.666,0.675,0.615,0
54.48,0.8126,-1.514,86.8339,0.1454,-3.0191,86.3032,,,,,,,,,,,,0.603,0.666,0.675,0.615,0
54.5,0.3806,-1.1858,86.9963,0.0743,-3.5239,86.3032,,,,,,,,,,,,0.603,0.666,0.675,0.615,0
54.52,0.3806,-1.1858,86.9963,0.0743,-3.5239,86.3032,,,,,,,,,,,,0.54,0.716,0.712,0.569,0
54.54,0.3806,-1.1858,86.9963,0.0743,-3.5239,86.3032,,,,,,,,,,,,0.54,0.716,0.712,0.569,0
54.56,0.3806,-1.1858,86.9963,0.0743,-3.5239,86.3032,,,,,,,,,,,,0.54,0.716,0.712,0.569,0
54.58,0.3806,-1.1858,86.9963,0.0743,-3.5239,86.3032,,,,,,,,,,,,0.54,0.716,0.712,0.569,0
54.6,-0.0628,-2.3319,86.7297,0.0379,-3.8809,86.3032,,,,,,,,,,,,0.54,0.716,0.712,0.569,0
54.62,-0.0628,-2.3319,86.7297,0.0379,-3.8809,86.3032,,,,,,,,,,,,0.62,0.653,0.687,0.591,0
54.64,-0.0628,-2.3319,86.7297,0.0379,-3.8809,86.3032,,,,,,,,,,,,0.62,0.653,0.687,0.591,0
54.66,-0.0628,-2.3319,86.7297,0.0379,-3.8809,86.3032,,,,,,,,,,,,0.62,0.653,0.687,0.591,0
54.68,-0.0628,-2.3319,86.7297,0.0379,-3.8809,86.3032,,,,,,,,,,,,0.62,0.653,0.687,0.591,0
54.7,0.1681,-3.9214,86.4259,0.0194,-4.1124,86.3031,,,,,,,,,,,,0.62,0.653,0.687,0.591,0
54.72,0.1681,-3.9214,86.4259,0.0194,-4.1124,86.3031,,,,,,,,,,,,0.659,0.624,0.616,0.666,0
54.74,0.1681,-3.9214,86.4259,0.0194,-4.1124,86.3031,,,,,,,,,,,,0.659,0.624,0.616,0.666,0
54.76,0.1681,-3.9214,86.4259,0.0194,-4.1124,86.3031,,,,,,,,,,,,0.659,0.624,0.616,0.666,0
54.78,0.1681,-3.9214,86.4259,0.0194,-4.1124,86.3031,,,,,,,,,,,,0.659,0.624,0.616,0.666,0
54.8,1.0241,-4.9944,86.1271,0.0099,-4.2728,86.3031,,,,,,,,,,,,0.659,0.624,0.616,0.666,0
54.82,1.0241,-4.9944,86.1271,0.0099,-4.2728,86.3031,,,,,,,,,,,,0.68,0.607,0.541,0.726,0
54.84,1.0241,-4.9944,86.1271,0.0099,-4.2728,86.3031,,,,,,,,,,,,0.68,0.607,0.541,0.726,0
54.86,1.0241,-4.9944,86.1271,0.0099,-4.2728,86.3031,,,,,,,,,,,,0.68,0.607,0.541,0.726,0
54.88,1.0241,-4.9944,86.1271,0.0099,-4.2728,86.3031,,,,,,,,,,,,0.68,0.607,0.541,0.726,0
54.9,1.4362,-5.2064,85.9975,0.005,-4.1199,86.3031,,,,,,,,,,,,0.68,0.607,0.541,0.726,0
54.92,1.4362,-5.2064,85.9975,0.005,-4.1199,86.3031,,,,,,,,,,,,0.66,0.633,0.578,0.696,0
54.94,1.4362,-5.2064,85.9975,0.005,-4.1199,86.3031,,,,,,,,,,,,0.66,0.633,0.578,0.696,0
54.96,1.4362,-5.2064,85.9975,0.005,-4.1199,86.3031,,,,,,,,,,,,0.66,0.633,0.578,0.696,0
54.98,1.4362,-5.2064,85.9975,0.005,-4.1199,86.3031,,,,,,,,,,,,0.66,0.633,0.578,0.696,0
55.0,1.0659,-4.6078,85.7747,0.2653,-3.6733,86.3032,,,,,,,,,,,,0.66,0.633,0.578,0.696,0
55.02,1.0659,-4.6078,85.7747,0.2653,-3.6733,86.3032,,,,,,,,,,,,0.65,0.646,0.634,0.64,0
55.04,1.0659,-4.6078,85.7747,0.2653,-3.6733,86.3032,,,,,,,,,,,,0.65,0.646,0.634,0.64,0
55.06,1.0659,-4.6078,85.7747,0.2653,-3.6733,86.3032,,,,,,,,,,,,0.65,0.646,0.634,0.64,0
55.08,1.0659,-4.6078,85.7747,0.2653,-3.6733,86.3032,,,,,,,,,,,,0.65,0.646,0.634,0.64,0
55.1,1.3773,-3.0539,85.48,0.733,-3.3431,86.3032,,,,,,,,,,,,0.65,0.646,0.634,0.64,0
55.12,1.3773,-3.0539,85.48,0.733,-3.3431,86.3032,,,,,,,,,,,,0.642,0.657,0.597,0.671,0
55.14,1.3773,-3.0539,85.48,0.733,-3.3431,86.3032,,,,,,,,,,,,0.642,0.657,0.597,0.671,0
55.16,1.3773,-3.0539,85.48,0.733,-3.3431,86.3032,,,,,,,,,,,,0.642,0.657,0.597,0.671,0
55.18,1.3773,-3.0539,85.48,0.733,-3.3431,86.3032,,,,,,,,,,,,0.642,0.657,0.597,0.671,0
55.2,2.4316,-2.0289,85.2626,0.8125,-3.0385,86.3032,,,,,,,,,,,,0.642,0.657,0.597,0.671,0
55.22,2.4316,-2.0289,85.2626,0.8125,-3.0385,86.3032,,,,,,,,,,,,0.649,0.65,0.59,0.676,0
55.24,2.4316,-2.0289,85.2626,0.8125,-3.0385,86.3032,,,,,,,,,,,,0.649,0.65,0.59,0.676,0
55.26,2.4316,-2.0289,85.2626,0.8125,-3.0385,86.3032,,,,,,,,,,,,0.649,0.65,0.59,0.676,0
55.28,2.4316,-2.0289,85.2626,0.8125,-3.0385,86.3032,,,,,,,,,,,,0.649,0.65,0.59,0.676,0
55.3,3.2435,-1.4917,85.2257,0.6963,-2.7743,86.3032,,,,,,,,,,,,0.649,0.65,0.59,0.676,0
55.32,3.2435,-1.4917,85.2257,0.6963,-2.7743,86.3032,,,,,,,,,,,,0.648,0.65,0.604,0.665,0
55.34,3.2435,-1.4917,85.2257,0.6963,-2.7743,86.3032,,,,,,,,,,,,0.648,0.65,0.604,0.665,0
55.36,3.2435,-1.4917,85.2257,0.6963,-2.7743,86.3032,,,,,,,,,,,,0.648,0.65,0.604,0.665,0
55.38,3.2435,-1.4917,85.2257,0.6963,-2.7743,86.3032,,,,,,,,,,,,0.648,0.65,0.604,0.665,0
55.4,2.1529,-1.2847,85.1485,0.7799,-2.566,86.3032,,,,,,,,,,,,0.648,0.65,0.604,0.665,0
55.42,2.1529,-1.2847,85.1485,0.7799,-2.566,86.3032,,,,,,,,,,,,0.616,0.682,0.638,0.633,0
55.44,2.1529,-1.2847,85.1485,0.7799,-2.566,86.3032,,,,,,,,,,,,0.616,0.682,0.638,0.633,0
55.46,2.1529,-1.2847,85.1485,0.7799,-2.566,86.3032,,,,,,,,,,,,0.616,0.682,0.638,0.633,0
55.48,2.1529,-1.2847,85.1485,0.7799,-2.566,86.3032,,,,,,,,,,,,0.616,0.682,0.638,0.633,0
55.5,0.7113,-1.2033,85.0618,1.0044,-2.2562,86.3032,,,,,,,,,,,,0.616,0.682,0.638,0.633,0
55.52,0.7113,-1.2033,85.0618,1.0044,-2.2562,86.3032,,,,,,,,,,,,0.626,0.672,0.62,0.647,0
55.54,0.7113,-1.2033,85.0618,1.0044,-2.2562,86.3032,,,,,,,,,,,,0.626,0.672,0.62,0.647,0
55.56,0.7113,-1.2033,85.0618,1.0044,-2.2562,86.3032,,,,,,,,,,,,0.626,0.672,0.62,0.647,0
55.58,0.7113,-1.2033,85.0618,1.0044,-2.2562,86.3032,,,,,,,,,,,,0.626,0.672,0.62,0.647,0
55.6,0.5917,-1.6329,85.047,1.1285,-1.9576,86.3032,,,,,,,,,,,,0.626,0.672,0.62,0.647,0
55.62,0.5917,-1.6329,85.047,1.1285,-1.9576,86.3032,,,,,,,,,,,,0.67,0.627,0.545,0.713,0
55.64,0.5917,-1.6329,85.047,1.1285,-1.9576,86.3032,,,,,,,,,,,,0.67,0.627,0.545,0.713,0
55.66,0.5917,-1.6329,85.047,1.1285,-1.9576,86.3032,,,,,,,,,,,,0.67,0.627,0.545,0.713,0
55.68,0.5917,-1.6329,85.047,1.1285,-1.9576,86.3032,,,,,,,,,,,,0.67,0.627,0.545,0.713,0
55.7,2.2065,-1.5622,85.4239,1.1796,-1.7234,86.3032,,,,,,,,,,,,0.67,0.627,0.545,0.713,0
55.72,2.2065,-1.5622,85.4239,1.1796,-1.7234,86.3032,,,,,,,,,,,,0.693,0.595,0.491,0.76,0
55.74,2.2065,-1.5622,85.4239,1.1796,-1.7234,86.3032,,,,,,,,,,,,0.693,0.595,0.491,0.76,0
55.76,2.2065,-1.5622,85.4239,1.1796,-1.7234,86.3032,,,,,,,,,,,,0.693,0.595,0.491,0.76,0
55.78,2.2065,-1.5622,85.4239,1.1796,-1.7234,86.3032,,,,,,,,,,,,0.693,0.595,0.491,0.76,0
55.8,2.7426,-1.2666,85.8921,1.1822,-1.5618,86.3032,,,,,,,,,,,,0.693,0.595,0.491,0.76,0
55.82,2.7426,-1.2666,85.8921,1.1822,-1.5618,86.3032,,,,,,,,,,,,0.644,0.64,0.573,0.705,0
55.84,2.7426,-1.2666,85.8921,1.1822,-1.5618,86.3032,,,,,,,,,,,,0.644,0.64,0.573,0.705,0
55.86,2.7426,-1.2666,85.8921,1.1822,-1.5618,86.3032,,,,,,,,,,,,0.644,0.64,0.573,0.705,0
55.88,2.7426,-1.2666,85.8921,1.1822,-1.5618,86.3032,,,,,,,,,,,,0.644,0.64,0.573,0.705,0
55.9,1.3908,-0.7691,86.2434,1.0937,-1.1215,86.3032,,,,,,,,,,,,0.644,0.64,0.573,0.705,0
55.92,1.3908,-0.7691,86.2434,1.0937,-1.1215,86.3032,,,,,,,,,,,,0.593,0.685,0.652,0.636,0
55.94,1.3908,-0.7691,86.2434,1.0937,-1.1215,86.3032,,,,,,,,,,,,0.593,0.685,0.652,0.636,0
55.96,1.3908,-0.7691,86.2434,1.0937,-1.1215,86.3032,,,,,,,,,,,,0.593,0.685,0.652,0.636,0
55.98,1.3908,-0.7691,86.2434,1.0937,-1.1215,86.3032,,,,,,,,,,,,0.593,0.685,0.652,0.636,0
56.0,0.0588,-0.2551,86.3778,0.6909,-0.5725,86.3032,,,,,,,,,,,,0.593,0.685,0.652,0.636,0
56.02,0.0588,-0.2551,86.3778,0.6909,-0.5725,86.3032,,,,,,,,,,,,0.608,0.671,0.616,0.671,0
56.04,0.0588,-0.2551,86.3778,0.6909,-0.5725,86.3032,,,,,,,,,,,,0.608,0.671,0.616,0.671,0
56.06,0.0588,-0.2551,86.3778,0.6909,-0.5725,86.3032,,,,,,,,,,,,0.608,0.671,0.616,0.671,0
56.08,0.0588,-0.2551,86.3778,0.6909,-0.5725,86.3032,,,,,,,,,,,,0.608,0.671,0.616,0.671,0
56.1,0.4473,0.2746,86.5054,0.4252,-0.2923,86.3032,,,,,,,,,,,,0.608,0.671,0.616,0.671,0
56.12,0.4473,0.2746,86.5054,0.4252,-0.2923,86.3032,,,,,,,,,,,,0.682,0.599,0.535,0.742,0
56.14,0.4473,0.2746,86.5054,0.4252,-0.2923,86.3032,,,,,,,,,,,,0.682,0.599,0.535,0.742,0
56.16,0.4473,0.2746,86.5054,0.4252,-0.2923,86.3032,,,,,,,,,,,,0.682,0.599,0.535,0.742,0
56.18,0.4473,0.2746,86.5054,0.4252,-0.2923,86.3032,,,,,,,,,,,,0.682,0.599,0.535,0.742,0
56.2,1.1935,1.0518,86.6499,0.4171,-0.1492,86.3033,,,,,,,,,,,,0.682,0.599,0.535,0.742,0
56.22,1.1935,1.0518,86.6499,0.4171,-0.1492,86.3033,,,,,,,,,,,,0.664,0.621,0.532,0.745,0
56.24,1.1935,1.0518,86.6499,0.4171,-0.1492,86.3033,,,,,,,,,,,,0.664,0.621,0.532,0.745,0
56.26,1.1935,1.0518,86.6499,0.4171,-0.1492,86.3033,,,,,,,,,,,,0.664,0.621,0.532,0.745,0
56.28,1.1935,1.0518,86.6499,0.4171,-0.1492,86.3033,,,,,,,,,,,,0.664,0.621,0.532,0.745,0
56.3,1.0802,1.3304,86.5178,0.4412,-0.0762,86.3034,,,,,,,,,,,,0.664,0.621,0.532,0.745,0
56.32,1.0802,1.3304,86.5178,0.4412,-0.0762,86.3034,,,,,,,,,,,,0.666,0.623,0.554,0.725,0
56.34,1.0802,1.3304,86.5178,0.4412,-0.0762,86.3034,,,,,,,,,,,,0.666,0.623,0.554,0.725,0
56.36,1.0802,1.3304,86.5178,0.4412,-0.0762,86.3034,,,,,,,,,,,,0.666,0.623,0.554,0.725,0
56.38,1.0802,1.3304,86.5178,0.4412,-0.0762,86.3034,,,,,,,,,,,,0.666,0.623,0.554,0.725,0
56.4,0.7146,0.7026,86.2428,0.335,-0.0389,86.3032,,,,,,,,,,,,0.666,0.623,0.554,0.725,0
56.42,0.7146,0.7026,86.2428,0.335,-0.0389,86.3032,,,,,,,,,,,,0.677,0.615,0.56,0.717,0
56.44,0.7146,0.7026,86.2428,0.335,-0.0389,86.3032,,,,,,,,,,,,0.677,0.615,0.56,0.717,0
56.46,0.7146,0.7026,86.2428,0.335,-0.0389,86.3032,,,,,,,,,,,,0.677,0.615,0.56,0.717,0
56.48,0.7146,0.7026,86.2428,0.335,-0.0389,86.3032,,,,,,,,,,,,0.677,0.615,0.56,0.717,0
56.5,0.6206,0.7207,85.9607,0.1721,0.0236,86.3033,,,,,,,,,,,,0.677,0.615,0.56,0.717,0
56.52,0.6206,0.7207,85.9607,0.1721,0.0236,86.3033,,,,,,,,,,,,0.685,0.614,0.575,0.703,0
56.54,0.6206,0.7207,85.9607,0.1721,0.0236,86.3033,,,,,,,,,,,,0.685,0.614,0.575,0.703,0
56.56,0.6206,0.7207,85.9607,0.1721,0.0236,86.3033,,,,,,,,,,,,0.685,0.614,0.575,0.703,0
56.58,0.6206,0.7207,85.9607,0.1721,0.0236,86.3033,,,,,,,,,,,,0.685,0.614,0.575,0.703,0
56.6,0.3351,1.4463,85.7715,0.0879,0.6486,86.3032,,,,,,,,,,,,0.685,0.614,0.575,0.703,0
56.62,0.3351,1.4463,85.7715,0.0879,0.6486,86.3032,,,,,,,,,,,,0.692,0.609,0.575,0.701,0
56.64,0.3351,1.4463,85.7715,0.0879,0.6486,86.3032,,,,,,,,,,,,0.692,0.609,0.575,0.701,0
56.66,0.3351,1.4463,85.7715,0.0879,0.6486,86.3032,,,,,,,,,,,,0.692,0.609,0.575,0.701,0
56.68,0.3351,1.4463,85.7715,0.0879,0.6486,86.3032,,,,,,,,,,,,0.692,0.609,0.575,0.701,0
56.7,0.3903,2.2784,85.5821,0.0449,1.4323,86.3033,,,,,,,,,,,,0.692,0.609,0.575,0.701,0
56.72,0.3903,2.2784,85.5821,0.0449,1.4323,86.3033,,,,,,,,,,,,0.721,0.584,0.563,0.714,0
56.74,0.3903,2.2784,85.5821,0.0449,1.4323,86.3033,,,,,,,,,,,,0.721,0.584,0.563,0.714,0
56.76,0.3903,2.2784,85.5821,0.0449,1.4323,86.3033,,,,,,,,,,,,0.721,0.584,0.563,0.714,0
56.78,0.3903,2.2784,85.5821,0.0449,1.4323,86.3033,,,,,,,,,,,,0.721,0.584,0.563,0.714,0
56.8,1.1311,2.3274,85.4719,0.0229,2.0572,86.3033,,,,,,,,,,,,0.721,0.584,0.563,0.714,0
56.82,1.1311,2.3274,85.4719,0.0229,2.0572,86.3033,,,,,,,,,,,,0.72,0.585,0.57,0.709,0
56.84,1.1311,2.3274,85.4719,0.0229,2.0572,86.3033,,,,,,,,,,,,0.72,0.585,0.57,0.709,0
56.86,1.1311,2.3274,85.4719,0.0229,2.0572,86.3033,,,,,,,,,,,,0.72,0.585,0.57,0.709,0
56.88,1.1311,2.3274,85.4719,0.0229,2.0572,86.3033,,,,,,,,,,,,0.72,0.585,0.57,0.709,0
56.9,0.9028,2.3487,85.4671,0.0117,2.5281,86.3034,,,,,,,,,,,,0.72,0.585,0.57,0.709,0
56.92,0.9028,2.3487,85.4671,0.0117,2.5281,86.3034,,,,,,,,,,,,0.678,0.632,0.618,0.668,0
56.94,0.9028,2.3487,85.4671,0.0117,2.5281,86.3034,,,,,,,,,,,,0.678,0.632,0.618,0.668,0
56.96,0.9028,2.3487,85.4671,0.0117,2.5281,86.3034,,,,,,,,,,,,0.678,0.632,0.618,0.668,0
56.98,0.9028,2.3487,85.4671,0.0117,2.5281,86.3034,,,,,,,,,,,,0.678,0.632,0.618,0.668,0
57.0,0.5623,2.5551,85.4171,0.006,2.6047,86.3033,,,,,,,,,,,,0.678,0.632,0.618,0.668,0
57.02,0.5623,2.5551,85.4171,0.006,2.6047,86.3033,,,,,,,,,,,,0.687,0.624,0.628,0.657,0
57.04,0.5623,2.5551,85.4171,0.006,2.6047,86.3033,,,,,,,,,,,,0.687,0.624,0.628,0.657,0
57.06,0.5623,2.5551,85.4171,0.006,2.6047,86.3033,,,,,,,,,,,,0.687,0.624,0.628,0.657,0
57.08,0.5623,2.5551,85.4171,0.006,2.6047,86.3033,,,,,,,,,,,,0.687,0.624,0.628,0.657,0
57.1,1.2083,1.9403,85.2549,0.003,2.1468,86.3032,,,,,,,,,,,,0.687,0.624,0.628,0.657,0
57.12,1.2083,1.9403,85.2549,0.003,2.1468,86.3032,,,,,,,,,,,,0.699,0.614,0.627,0.654,0
57.14,1.2083,1.9403,85.2549,0.003,2.1468,86.3032,,,,,,,,,,,,0.699,0.614,0.627,0.654,0
57.16,1.2083,1.9403,85.2549,0.003,2.1468,86.3032,,,,,,,,,,,,0.699,0.614,0.627,0.654,0
57.18,1.2083,1.9403,85.2549,0.003,2.1468,86.3032,,,,,,,,,,,,0.699,0.614,0.627,0.654,0
57.2,1.7817,0.7628,85.0223,0.0073,1.2809,86.3032,,,,,,,,,,,,0.699,0.614,0.627,0.654,0
57.22,1.7817,0.7628,85.0223,0.0073,1.2809,86.3032,,,,,,,,,,,,0.686,0.63,0.621,0.654,0
57.24,1.7817,0.7628,85.0223,0.0073,1.2809,86.3032,,,,,,,,,,,,0.686,0.63,0.621,0.654,0
57.26,1.7817,0.7628,85.0223,0.0073,1.2809,86.3032,,,,,,,,,,,,0.686,0.63,0.621,0.654,0
57.28,1.7817,0.7628,85.0223,0.0073,1.2809,86.3032,,,,,,,,,,,,0.686,0.63,0.621,0.654,0
57.3,1.7808,-0.4981,84.7063,0.3892,0.654,86.3032,,,,,,,,,,,,0.686,0.63,0.621,0.654,0
57.32,1.7808,-0.4981,84.7063,0.3892,0.654,86.3032,,,,,,,,,,,,0.699,0.614,0.595,0.668,0
57.34,1.7808,-0.4981,84.7063,0.3892,0.654,86.3032,,,,,,,,,,,,0.699,0.614,0.595,0.668,0
57.36,1.7808,-0.4981,84.7063,0.3892,0.654,86.3032,,,,,,,,,,,,0.699,0.614,0.595,0.668,0
57.38,1.7808,-0.4981,84.7063,0.3892,0.654,86.3032,,,,,,,,,,,,0.699,0.614,0.595,0.668,0
57.4,1.1807,-1.8105,84.3551,1.1315,0.3339,86.3031,,,,,,,,,,,,0.699,0.614,0.595,0.668,0
57.42,1.1807,-1.8105,84.3551,1.1315,0.3339,86.3031,,,,,,,,,,,,0.651,0.653,0.621,0.624,0
57.44,1.1807,-1.8105,84.3551,1.1315,0.3339,86.3031,,,,,,,,,,,,0.651,0.653,0.621,0.624,0
57.46,1.1807,-1.8105,84.3551,1.1315,0.3339,86.3031,,,,,,,,,,,,0.651,0.653,0.621,0.624,0
57.48,1.1807,-1.8105,84.3551,1.1315,0.3339,86.3031,,,,,,,,,,,,0.651,0.653,0.621,0.624,0
57.5,1.7325,-2.2256,83.9742,2.3707,0.1705,86.3031,,,,,,,,,,,,0.651,0.653,0.621,0.624,0
57.52,1.7325,-2.2256,83.9742,2.3707,0.1705,86.3031,,,,,,,,,,,,0.646,0.652,0.545,0.681,0
57.54,1.7325,-2.2256,83.9742,2.3707,0.1705,86.3031,,,,,,,,,,,,0.646,0.652,0.545,0.681,0
57.56,1.7325,-2.2256,83.9742,2.3707,0.1705,86.3031,,,,,,,,,,,,0.646,0.652,0.545,0.681,0
57.58,1.7325,-2.2256,83.9742,2.3707,0.1705,86.3031,,,,,,,,,,,,0.646,0.652,0.545,0.681,0
57.6,4.4704,-1.2415,84.4005,3.5384,0.087,86.3031,,,,,,,,,,,,0.646,0.652,0.545,0.681,0
57.62,4.4704,-1.2415,84.4005,3.5384,0.087,86.3031,,,,,,,,,,,,0.646,0.636,0.557,0.674,0
57.64,4.4704,-1.2415,84.4005,3.5384,0.087,86.3031,,,,,,,,,,,,0.646,0.636,0.557,0.674,0
57.66,4.4704,-1.2415,84.4005,3.5384,0.087,86.3031,,,,,,,,,,,,0.646,0.636,0.557,0.674,0
57.68,4.4704,-1.2415,84.4005,3.5384,0.087,86.3031,,,,,,,,,,,,0.646,0.636,0.557,0.674,0
57.7,5.5448,-0.2571,84.7795,3.86,0.0444,86.3031,,,,,,,,,,,,0.646,0.636,0.557,0.674,0
57.72,5.5448,-0.2571,84.7795,3.86,0.0444,86.3031,,,,,,,,,,,,0.624,0.642,0.597,0.636,0
57.74,5.5448,-0.2571,84.7795,3.86,0.0444,86.3031,,,,,,,,,,,,0.624,0.642,0.597,0.636,0
57.76,5.5448,-0.2571,84.7795,3.86,0.0444,86.3031,,,,,,,,,,,,0.624,0.642,0.597,0.636,0
57.78,5.5448,-0.2571,84.7795,3.86,0.0444,86.3031,,,,,,,,,,,,0.624,0.642,0.597,0.636,0
57.8,4.5049,-0.2747,85.3997,3.4852,0.0227,86.3031,,,,,,,,,,,,0.624,0.642,0.597,0.636,0
57.82,4.5049,-0.2747,85.3997,3.4852,0.0227,86.3031,,,,,,,,,,,,0.643,0.602,0.619,0.616,0
57.84,4.5049,-0.2747,85.3997,3.4852,0.0227,86.3031,,,,,,,,,,,,0.643,0.602,0.619,0.616,0
57.86,4.5049,-0.2747,85.3997,3.4852,0.0227,86.3031,,,,,,,,,,,,0.643,0.602,0.619,0.616,0
57.88,4.5049,-0.2747,85.3997,3.4852,0.0227,86.3031,,,,,,,,,,,,0.643,0.602,0.619,0.616,0
57.9,2.6202,-1.4812,85.7683,2.2756,0.0116,86.3031,,,,,,,,,,,,0.643,0.602,0.619,0.616,0
57.92,2.6202,-1.4812,85.7683,2.2756,0.0116,86.3031,,,,,,,,,,,,0.647,0.599,0.575,0.663,0
57.94,2.6202,-1.4812,85.7683,2.2756,0.0116,86.3031,,,,,,,,,,,,0.647,0.599,0.575,0.663,0
57.96,2.6202,-1.4812,85.7683,2.2756,0.0116,86.3031,,,,,,,,,,,,0.647,0.599,0.575,0.663,0
57.98,2.6202,-1.4812,85.7683,2.2756,0.0116,86.3031,,,,,,,,,,,,0.647,0.599,0.575,0.663,0
58.0,0.7333,-1.87,85.9389,1.195,0.0059,86.3031,,,,,,,,,,,,0.647,0.599,0.575,0.663,0
58.02,0.7333,-1.87,85.9389,1.195,0.0059,86.3031,,,,,,,,,,,,0.616,0.636,0.656,0.582,0
58.04,0.7333,-1.87,85.9389,1.195,0.0059,86.3031,,,,,,,,,,,,0.616,0.636,0.656,0.582,0
58.06,0.7333,-1.87,85.9389,1.195,0.0059,86.3031,,,,,,,,,,,,0.616,0.636,0.656,0.582,0
58.08,0.7333,-1.87,85.9389,1.195,0.0059,86.3031,,,,,,,,,,,,0.616,0.636,0.656,0.582,0
58.1,-0.6659,-1.2045,85.8315,0.6101,0.7519,86.303,,,,,,,,,,,,0.616,0.636,0.656,0.582,0
58.12,-0.6659,-1.2045,85.8315,0.6101,0.7519,86.303,,,,,,,,,,,,0.628,0.635,0.648,0.595,0
58.14,-0.6659,-1.2045,85.8315,0.6101,0.7519,86.303,,,,,,,,,,,,0.628,0.635,0.648,0.595,0
58.16,-0.6659,-1.2045,85.8315,0.6101,0.7519,86.303,,,,,,,,,,,,0.628,0.635,0.648,0.595,0
58.18,-0.6659,-1.2045,85.8315,0.6101,0.7519,86.303,,,,,,,,,,,,0.628,0.635,0.648,0.595,0
58.2,0.3774,1.2118,85.8624,0.3115,1.9131,86.303,,,,,,,,,,,,0.628,0.635,0.648,0.595,0
58.22,0.3774,1.2118,85.8624,0.3115,1.9131,86.303,,,,,,,,,,,,0.654,0.61,0.571,0.667,0
58.24,0.3774,1.2118,85.8624,0.3115,1.9131,86.303,,,,,,,,,,,,0.654,0.61,0.571,0.667,0
58.26,0.3774,1.2118,85.8624,0.3115,1.9131,86.303,,,,,,,,,,,,0.654,0.61,0.571,0.667,0
58.28,0.3774,1.2118,85.8624,0.3115,1.9131,86.303,,,,,,,,,,,,0.654,0.61,0.571,0.667,0
58.3,-0.0938,3.0046,85.6755,0.159,2.8021,86.3029,,,,,,,,,,,,0.654,0.61,0.571,0.667,0
58.32,-0.0938,3.0046,85.6755,0.159,2.8021,86.3029,,,,,,,,,,,,0.605,0.653,0.648,0.582,0
58.34,-0.0938,3.0046,85.6755,0.159,2.8021,86.3029,,,,,,,,,,,,0.605,0.653,0.648,0.582,0
58.36,-0.0938,3.0046,85.6755,0.159,2.8021,86.3029,,,,,,,,,,,,0.605,0.653,0.648,0.582,0
58.38,-0.0938,3.0046,85.6755,0.159,2.8021,86.3029,,,,,,,,,,,,0.605,0.653,0.648,0.582,0
58.4,-0.2887,3.4844,85.2065,0.0812,3.2473,86.3029,,,,,,,,,,,,0.605,0.653,0.648,0.582,0
58.42,-0.2887,3.4844,85.2065,0.0812,3.2473,86.3029,,,,,,,,,,,,0.656,0.578,0.531,0.657,0
58.44,-0.2887,3.4844,85.2065,0.0812,3.2473,86.3029,,,,,,,,,,,,0.656,0.578,0.531,0.657,0
58.46,-0.2887,3.4844,85.2065,0.0812,3.2473,86.3029,,,,,,,,,,,,0.656,0.578,0.531,0.657,0
58.48,-0.2887,3.4844,85.2065,0.0812,3.2473,86.3029,,,,,,,,,,,,0.656,0.578,0.531,0.657,0
58.5,0.5811,3.0056,84.7662,0.0414,3.4068,86.3029,,,,,,,,,,,,0.656,0.578,0.531,0.657,0
58.52,0.5811,3.0056,84.7662,0.0414,3.4068,86.3029,,,,,,,,,,,,0.675,0.569,0.531,0.648,0
58.54,0.5811,3.0056,84.7662,0.0414,3.4068,86.3029,,,,,,,,,,,,0.675,0.569,0.531,0.648,0
58.56,0.5811,3.0056,84.7662,0.0414,3.4068,86.3029,,,,,,,,,,,,0.675,0.569,0.531,0.648,0
58.58,0.5811,3.0056,84.7662,0.0414,3.4068,86.3029,,,,,,,,,,,,0.675,0.569,0.531,0.648,0
58.6,-0.687,2.0171,84.3768,0.0212,3.6325,86.303,,,,,,,,,,,,0.675,0.569,0.531,0.648,0
58.62,-0.687,2.0171,84.3768,0.0212,3.6325,86.303,,,,,,,,,,,,0.668,0.583,0.546,0.641,0
58.64,-0.687,2.0171,84.3768,0.0212,3.6325,86.303,,,,,,,,,,,,0.668,0.583,0.546,0.641,0
58.66,-0.687,2.0171,84.3768,0.0212,3.6325,86.303,,,,,,,,,,,,0.668,0.583,0.546,0.641,0
58.68,-0.687,2.0171,84.3768,0.0212,3.6325,86.303,,,,,,,,,,,,0.668,0.583,0.546,0.641,0
58.7,-1.0464,2.7935,84.5019,0.0108,4.2745,86.303,,,,,,,,,,,,0.668,0.583,0.546,0.641,0
58.72,-1.0464,2.7935,84.5019,0.0108,4.2745,86.303,,,,,,,,,,,,0.618,0.631,0.616,0.582,0
58.74,-1.0464,2.7935,84.5019,0.0108,4.2745,86.303,,,,,,,,,,,,0.618,0.631,0.616,0.582,0
58.76,-1.0464,2.7935,84.5019,0.0108,4.2745,86.303,,,,,,,,,,,,0.618,0.631,0.616,0.582,0
58.78,-1.0464,2.7935,84.5019,0.0108,4.2745,86.303,,,,,,,,,,,,0.618,0.631,0.616,0.582,0
58.8,-0.1957,4.5401,84.9816,0.0055,5.0525,86.3031,,,,,,,,,,,,0.618,0.631,0.616,0.582,0
58.82,-0.1957,4.5401,84.9816,0.0055,5.0525,86.3031,,,,,,,,,,,,0.595,0.644,0.601,0.606,0
58.84,-0.1957,4.5401,84.9816,0.0055,5.0525,86.3031,,,,,,,,,,,,0.595,0.644,0.601,0.606,0
58.86,-0.1957,4.5401,84.9816,0.0055,5.0525,86.3031,,,,,,,,,,,,0.595,0.644,0.601,0.606,0
58.88,-0.1957,4.5401,84.9816,0.0055,5.0525,86.3031,,,,,,,,,,,,0.595,0.644,0.601,0.606,0
58.9,0.013,6.2784,85.4724,0.0028,5.4563,86.3031,,,,,,,,,,,,0.595,0.644,0.601,0.606,0
58.92,0.013,6.2784,85.4724,0.0028,5.4563,86.3031,,,,,,,,,,,,0.639,0.593,0.538,0.676,0
58.94,0.013,6.2784,85.4724,0.0028,5.4563,86.3031,,,,,,,,,,,,0.639,0.593,0.538,0.676,0
58.96,0.013,6.2784,85.4724,0.0028,5.4563,86.3031,,,,,,,,,,,,0.639,0.593,0.538,0.676,0
58.98,0.013,6.2784,85.4724,0.0028,5.4563,86.3031,,,,,,,,,,,,0.639,0.593,0.538,0.676,0
59.0,1.1124,6.9701,86.1864,0.0014,5.7462,86.3031,,,,,,,,,,,,0.639,0.593,0.538,0.676,0
59.02,1.1124,6.9701,86.1864,0.0014,5.7462,86.3031,,,,,,,,,,,,0.65,0.589,0.576,0.669,0
59.04,1.1124,6.9701,86.1864,0.0014,5.7462,86.3031,,,,,,,,,,,,0.65,0.589,0.576,0.669,0
59.06,1.1124,6.9701,86.1864,0.0014,5.7462,86.3031,,,,,,,,,,,,0.65,0.589,0.576,0.669,0
59.08,1.1124,6.9701,86.1864,0.0014,5.7462,86.3031,,,,,,,,,,,,0.65,0.589,0.576,0.669,0
59.1,-0.5535,6.3107,86.7226,0.0007,5.9733,86.3031,,,,,,,,,,,,0.65,0.589,0.576,0.669,0
59.12,-0.5535,6.3107,86.7226,0.0007,5.9733,86.3031,,,,,,,,,,,,0.588,0.647,0.657,0.602,0
59.14,-0.5535,6.3107,86.7226,0.0007,5.9733,86.3031,,,,,,,,,,,,0.588,0.647,0.657,0.602,0
59.16,-0.5535,6.3107,86.7226,0.0007,5.9733,86.3031,,,,,,,,,,,,0.588,0.647,0.657,0.602,0
59.18,-0.5535,6.3107,86.7226,0.0007,5.9733,86.3031,,,,,,,,,,,,0.588,0.647,0.657,0.602,0
59.2,-1.3406,5.9803,87.472,0.0004,6.1057,86.303,,,,,,,,,,,,0.588,0.647,0.657,0.602,0
59.22,-1.3406,5.9803,87.472,0.0004,6.1057,86.303,,,,,,,,,,,,0.667,0.56,0.553,0.709,0
59.24,-1.3406,5.9803,87.472,0.0004,6.1057,86.303,,,,,,,,,,,,0.667,0.56,0.553,0.709,0
59.26,-1.3406,5.9803,87.472,0.0004,6.1057,86.303,,,,,,,,,,,,0.667,0.56,0.553,0.709,0
59.28,-1.3406,5.9803,87.472,0.0004,6.1057,86.303,,,,,,,,,,,,0.667,0.56,0.553,0.709,0
59.3,-2.3046,5.8965,88.1239,0.0002,6.2431,86.303,,,,,,,,,,,,0.667,0.56,0.553,0.709,0
59.32,-2.3046,5.8965,88.1239,0.0002,6.2431,86.303,,,,,,,,,,,,0.604,0.616,0.62,0.66,0
59.34,-2.3046,5.8965,88.1239,0.0002,6.2431,86.303,,,,,,,,,,,,0.604,0.616,0.62,0.66,0
59.36,-2.3046,5.8965,88.1239,0.0002,6.2431,86.303,,,,,,,,,,,,0.604,0.616,0.62,0.66,0
59.38,-2.3046,5.8965,88.1239,0.0002,6.2431,86.303,,,,,,,,,,,,0.604,0.616,0.62,0.66,0
59.4,-0.286,6.3198,88.6546,0.0001,6.0008,86.3031,,,,,,,,,,,,0.604,0.616,0.62,0.66,0
59.42,-0.286,6.3198,88.6546,0.0001,6.0008,86.3031,,,,,,,,,,,,0.69,0.517,0.441,0.797,0
59.44,-0.286,6.3198,88.6546,0.0001,6.0008,86.3031,,,,,,,,,,,,0.69,0.517,0.441,0.797,0
59.46,-0.286,6.3198,88.6546,0.0001,6.0008,86.3031,,,,,,,,,,,,0.69,0.517,0.441,0.797,0
59.48,-0.286,6.3198,88.6546,0.0001,6.0008,86.3031,,,,,,,,,,,,0.69,0.517,0.441,0.797,0
59.5,0.1753,5.7532,89.1955,0.0001,5.3526,86.303,,,,,,,,,,,,0.69,0.517,0.441,0.797,0
59.52,0.1753,5.7532,89.1955,0.0001,5.3526,86.303,,,,,,,,,,,,0.609,0.623,0.631,0.675,0
59.54,0.1753,5.7532,89.1955,0.0001,5.3526,86.303,,,,,,,,,,,,0.609,0.623,0.631,0.675,0
59.56,0.1753,5.7532,89.1955,0.0001,5.3526,86.303,,,,,,,,,,,,0.609,0.623,0.631,0.675,0
59.58,0.1753,5.7532,89.1955,0.0001,5.3526,86.303,,,,,,,,,,,,0.609,0.623,0.631,0.675,0
59.6,-1.404,3.7127,89.2411,0.0,4.4851,86.303,,,,,,,,,,,,0.609,0.623,0.631,0.675,0
59.62,-1.404,3.7127,89.2411,0.0,4.4851,86.303,,,,,,,,,,,,0.587,0.648,0.703,0.599,0
59.64,-1.404,3.7127,89.2411,0.0,4.4851,86.303,,,,,,,,,,,,0.587,0.648,0.703,0.599,0
59.66,-1.404,3.7127,89.2411,0.0,4.4851,86.303,,,,,,,,,,,,0.587,0.648,0.703,0.599,0
59.68,-1.404,3.7127,89.2411,0.0,4.4851,86.303,,,,,,,,,,,,0.587,0.648,0.703,0.599,0
59.7,-2.4829,1.3298,89.0327,0.0,3.9658,86.303,,,,,,,,,,,,0.587,0.648,0.703,0.599,0
59.72,-2.4829,1.3298,89.0327,0.0,3.9658,86.303,,,,,,,,,,,,0.659,0.585,0.67,0.629,0
59.74,-2.4829,1.3298,89.0327,0.0,3.9658,86.303,,,,,,,,,,,,0.659,0.585,0.67,0.629,0
59.76,-2.4829,1.3298,89.0327,0.0,3.9658,86.303,,,,,,,,,,,,0.659,0.585,0.67,0.629,0
59.78,-2.4829,1.3298,89.0327,0.0,3.9658,86.303,,,,,,,,,,,,0.659,0.585,0.67,0.629,0
59.8,-1.3384,0.5445,88.3734,0.0,3.8037,86.303,,,,,,,,,,,,0.659,0.585,0.67,0.629,0
59.82,-1.3384,0.5445,88.3734,0.0,3.8037,86.303,,,,,,,,,,,,0.699,0.576,0.609,0.687,0
59.84,-1.3384,0.5445,88.3734,0.0,3.8037,86.303,,,,,,,,,,,,0.699,0.576,0.609,0.687,0
59.86,-1.3384,0.5445,88.3734,0.0,3.8037,86.303,,,,,,,,,,,,0.699,0.576,0.609,0.687,0
59.88,-1.3384,0.5445,88.3734,0.0,3.8037,86.303,,,,,,,,,,,,0.699,0.576,0.609,0.687,0
59.9,0.5245,1.6397,87.2085,0.0,3.8197,86.303,,,,,,,,,,,,0.699,0.576,0.609,0.687,0
59.92,0.5245,1.6397,87.2085,0.0,3.8197,86.303,,,,,,,,,,,,0.715,0.592,0.514,0.758,0
59.94,0.5245,1.6397,87.2085,0.0,3.8197,86.303,,,,,,,,,,,,0.715,0.592,0.514,0.758,0
59.96,0.5245,1.6397,87.2085,0.0,3.8197,86.303,,,,,,,,,,,,0.715,0.592,0.514,0.758,0
59.98,0.5245,1.6397,87.2085,0.0,3.8197,86.303,,,,,,,,,,,,0.715,0.592,0.514,0.758,0
60.0,1.3825,2.5579,86.2107,0.0087,3.3039,86.303,,,,,,,,,,,,0.715,0.592,0.514,0.758,0
60.02,1.3825,2.5579,86.2107,0.0087,3.3039,86.303,,,,,,,,,,,,0.688,0.631,0.617,0.659,0
60.04,1.3825,2.5579,86.2107,0.0087,3.3039,86.303,,,,,,,,,,,,0.688,0.631,0.617,0.659,0
60.06,1.3825,2.5579,86.2107,0.0087,3.3039,86.303,,,,,,,,,,,,0.688,0.631,0.617,0.659,0
60.08,1.3825,2.5579,86.2107,0.0087,3.3039,86.303,,,,,,,,,,,,0.688,0.631,0.617,0.659,0
60.1,2.169,1.5028,85.3029,0.6065,1.9064,86.3029,,,,,,,,,,,,0.688,0.631,0.617,0.659,0
60.12,2.169,1.5028,85.3029,0.6065,1.9064,86.3029,,,,,,,,,,,,0.726,0.594,0.565,0.695,0
60.14,2.169,1.5028,85.3029,0.6065,1.9064,86.3029,,,,,,,,,,,,0.726,0.594,0.565,0.695,0
60.16,2.169,1.5028,85.3029,0.6065,1.9064,86.3029,,,,,,,,,,,,0.726,0.594,0.565,0.695,0
60.18,2.169,1.5028,85.3029,0.6065,1.9064,86.3029,,,,,,,,,,,,0.726,0.594,0.565,0.695,0
60.2,2.4834,-1.4182,84.5404,1.3416,0.9733,86.3027,,,,,,,,,,,,0.726,0.594,0.565,0.695,0
60.22,2.4834,-1.4182,84.5404,1.3416,0.9733,86.3027,,,,,,,,,,,,0.694,0.633,0.647,0.615,0
60.24,2.4834,-1.4182,84.5404,1.3416,0.9733,86.3027,,,,,,,,,,,,0.694,0.633,0.647,0.615,0
60.26,2.4834,-1.4182,84.5404,1.3416,0.9733,86.3027,,,,,,,,,,,,0.694,0.633,0.647,0.615,0
60.28,2.4834,-1.4182,84.5404,1.3416,0.9733,86.3027,,,,,,,,,,,,0.694,0.633,0.647,0.615,0
60.3,2.8506,-3.2951,83.8033,2.0331,0.4969,86.3027,,,,,,,,,,,,0.694,0.633,0.647,0.615,0
60.32,2.8506,-3.2951,83.8033,2.0331,0.4969,86.3027,,,,,,,,,,,,0.722,0.603,0.635,0.616,0
60.34,2.8506,-3.2951,83.8033,2.0331,0.4969,86.3027,,,,,,,,,,,,0.722,0.603,0.635,0.616,0
60.36,2.8506,-3.2951,83.8033,2.0331,0.4969,86.3027,,,,,,,,,,,,0.722,0.603,0.635,0.616,0
60.38,2.8506,-3.2951,83.8033,2.0331,0.4969,86.3027,,,,,,,,,,,,0.722,0.603,0.635,0.616,0
60.4,3.4228,-3.1186,83.3419,2.2954,0.2537,86.3026,,,,,,,,,,,,0.722,0.603,0.635,0.616,0
60.42,3.4228,-3.1186,83.3419,2.2954,0.2537,86.3026,,,,,,,,,,,,0.697,0.636,0.586,0.658,0
60.44,3.4228,-3.1186,83.3419,2.2954,0.2537,86.3026,,,,,,,,,,,,0.697,0.636,0.586,0.658,0
60.46,3.4228,-3.1186,83.3419,2.2954,0.2537,86.3026,,,,,,,,,,,,0.697,0.636,0.586,0.658,0
60.48,3.4228,-3.1186,83.3419,2.2954,0.2537,86.3026,,,,,,,,,,,,0.697,0.636,0.586,0.658,0
60.5,4.13,-1.1806,83.3789,2.2328,0.1295,86.3027,,,,,,,,,,,,0.697,0.636,0.586,0.658,0
60.52,4.13,-1.1806,83.3789,2.2328,0.1295,86.3027,,,,,,,,,,,,0.728,0.593,0.522,0.709,0
60.54,4.13,-1.1806,83.3789,2.2328,0.1295,86.3027,,,,,,,,,,,,0.728,0.593,0.522,0.709,0
60.56,4.13,-1.1806,83.3789,2.2328,0.1295,86.3027,,,,,,,,,,,,0.728,0.593,0.522,0.709,0
60.58,4.13,-1.1806,83.3789,2.2328,0.1295,86.3027,,,,,,,,,,,,0.728,0.593,0.522,0.709,0
60.6,1.9522,-0.1087,83.6655,2.1596,0.0661,86.3027,,,,,,,,,,,,0.728,0.593,0.522,0.709,0
60.62,1.9522,-0.1087,83.6655,2.1596,0.0661,86.3027,,,,,,,,,,,,0.651,0.663,0.637,0.612,0
60.64,1.9522,-0.1087,83.6655,2.1596,0.0661,86.3027,,,,,,,,,,,,0.651,0.663,0.637,0.612,0
60.66,1.9522,-0.1087,83.6655,2.1596,0.0661,86.3027,,,,,,,,,,,,0.651,0.663,0.637,0.612,0
60.68,1.9522,-0.1087,83.6655,2.1596,0.0661,86.3027,,,,,,,,,,,,0.651,0.663,0.637,0.612,0
60.7,0.8447,-0.0738,83.9624,2.6204,0.0338,86.3027,,,,,,,,,,,,0.651,0.663,0.637,0.612,0
60.72,0.8447,-0.0738,83.9624,2.6204,0.0338,86.3027,,,,,,,,,,,,0.662,0.637,0.586,0.658,0
60.74,0.8447,-0.0738,83.9624,2.6204,0.0338,86.3027,,,,,,,,,,,,0.662,0.637,0.586,0.658,0
60.76,0.8447,-0.0738,83.9624,2.6204,0.0338,86.3027,,,,,,,,,,,,0.662,0.637,0.586,0.658,0
60.78,0.8447,-0.0738,83.9624,2.6204,0.0338,86.3027,,,,,,,,,,,,0.662,0.637,0.586,0.658,0
60.8,1.9919,-0.6335,84.8997,3.8412,0.0172,86.3027,,,,,,,,,,,,0.662,0.637,0.586,0.658,0
60.82,1.9919,-0.6335,84.8997,3.8412,0.0172,86.3027,,,,,,,,,,,,0.643,0.621,0.652,0.589,0
60.84,1.9919,-0.6335,84.8997,3.8412,0.0172,86.3027,,,,,,,,,,,,0.643,0.621,0.652,0.589,0
60.86,1.9919,-0.6335,84.8997,3.8412,0.0172,86.3027,,,,,,,,,,,,0.643,0.621,0.652,0.589,0
60.88,1.9919,-0.6335,84.8997,3.8412,0.0172,86.3027,,,,,,,,,,,,0.643,0.621,0.652,0.589,0
60.9,3.2538,-0.7991,85.7582,4.1473,0.0088,86.3026,,,,,,,,,,,,0.643,0.621,0.652,0.589,0
60.92,3.2538,-0.7991,85.7582,4.1473,0.0088,86.3026,,,,,,,,,,,,0.671,0.558,0.565,0.67,0
60.94,3.2538,-0.7991,85.7582,4.1473,0.0088,86.3026,,,,,,,,,,,,0.671,0.558,0.565,0.67,0
60.96,3.2538,-0.7991,85.7582,4.1473,0.0088,86.3026,,,,,,,,,,,,0.671,0.558,0.565,0.67,0
60.98,3.2538,-0.7991,85.7582,4.1473,0.0088,86.3026,,,,,,,,,,,,0.671,0.558,0.565,0.67,0
61.0,4.4314,0.5104,86.6766,4.0299,0.0045,86.3027,,,,,,,,,,,,0.671,0.558,0.565,0.67,0
61.02,4.4314,0.5104,86.6766,4.0299,0.0045,86.3027,,,,,,,,,,,,0.629,0.592,0.57,0.669,0
61.04,4.4314,0.5104,86.6766,4.0299,0.0045,86.3027,,,,,,,,,,,,0.629,0.592,0.57,0.669,0
61.06,4.4314,0.5104,86.6766,4.0299,0.0045,86.3027,,,,,,,,,,,,0.629,0.592,0.57,0.669,0
61.08,4.4314,0.5104,86.6766,4.0299,0.0045,86.3027,,,,,,,,,,,,0.629,0.592,0.57,0.669,0
61.1,2.8931,0.9343,87.7906,4.0007,0.0023,86.3027,,,,,,,,,,,,0.629,0.592,0.57,0.669,0
61.12,2.8931,0.9343,87.7906,4.0007,0.0023,86.3027,,,,,,,,,,,,0.612,0.588,0.606,0.655,0
61.14,2.8931,0.9343,87.7906,4.0007,0.0023,86.3027,,,,,,,,,,,,0.612,0.588,0.606,0.655,0
61.16,2.8931,0.9343,87.7906,4.0007,0.0023,86.3027,,,,,,,,,,,,0.612,0.588,0.606,0.655,0
61.18,2.8931,0.9343,87.7906,4.0007,0.0023,86.3027,,,,,,,,,,,,0.612,0.588,0.606,0.655,0
61.2,2.7113,0.5187,88.7668,3.9527,0.0012,86.3027,,,,,,,,,,,,0.612,0.588,0.606,0.655,0
61.22,2.7113,0.5187,88.7668,3.9527,0.0012,86.3027,,,,,,,,,,,,0.645,0.547,0.549,0.716,0
61.24,2.7113,0.5187,88.7668,3.9527,0.0012,86.3027,,,,,,,,,,,,0.645,0.547,0.549,0.716,0
61.26,2.7113,0.5187,88.7668,3.9527,0.0012,86.3027,,,,,,,,,,,,0.645,0.547,0.549,0.716,0
61.28,2.7113,0.5187,88.7668,3.9527,0.0012,86.3027,,,,,,,,,,,,0.645,0.547,0.549,0.716,0
61.3,1.2982,-0.6565,89.5229,3.3739,0.0006,86.3027,,,,,,,,,,,,0.645,0.547,0.549,0.716,0
61.32,1.2982,-0.6565,89.5229,3.3739,0.0006,86.3027,,,,,,,,,,,,0.565,0.622,0.729,0.542,0
61.34,1.2982,-0.6565,89.5229,3.3739,0.0006,86.3027,,,,,,,,,,,,0.565,0.622,0.729,0.542,0
61.36,1.2982,-0.6565,89.5229,3.3739,0.0006,86.3027,,,,,,,,,,,,0.565,0.622,0.729,0.542,0
61.38,1.2982,-0.6565,89.5229,3.3739,0.0006,86.3027,,,,,,,,,,,,0.565,0.622,0.729,0.542,0
61.4,1.4314,-0.2199,90.5608,2.2165,0.2739,86.3026,,,,,,,,,,,,0.565,0.622,0.729,0.542,0
61.42,1.4314,-0.2199,90.5608,2.2165,0.2739,86.3026,,,,,,,,,,,,0.637,0.535,0.634,0.661,0
61.44,1.4314,-0.2199,90.5608,2.2165,0.2739,86.3026,,,,,,,,,,,,0.637,0.535,0.634,0.661,0
61.46,1.4314,-0.2199,90.5608,2.2165,0.2739,86.3026,,,,,,,,,,,,0.637,0.535,0.634,0.661,0
61.48,1.4314,-0.2199,90.5608,2.2165,0.2739,86.3026,,,,,,,,,,,,0.637,0.535,0.634,0.661,0
61.5,-1.1679,0.9684,90.7483,1.2368,1.1771,86.287,,,,,,,,,,,,0.637,0.535,0.634,0.661,0
61.52,-1.1679,0.9684,90.7483,1.2368,1.1771,86.287,,,,,,,,,,,,0.578,0.599,0.642,0.649,0
61.54,-1.1679,0.9684,90.7483,1.2368,1.1771,86.287,,,,,,,,,,,,0.578,0.599,0.642,0.649,0
61.56,-1.1679,0.9684,90.7483,1.2368,1.1771,86.287,,,,,,,,,,,,0.578,0.599,0.642,0.649,0
61.58,-1.1679,0.9684,90.7483,1.2368,1.1771,86.287,,,,,,,,,,,,0.578,0.599,0.642,0.649,0
61.6,-1.9,2.8704,90.4505,0.6441,1.3901,85.3515,,,,,,,,,,,,0.578,0.599,0.642,0.649,0
61.62,-1.9,2.8704,90.4505,0.6441,1.3901,85.3515,,,,,,,,,,,,0.596,0.571,0.612,0.688,0
61.64,-1.9,2.8704,90.4505,0.6441,1.3901,85.3515,,,,,,,,,,,,0.596,0.571,0.612,0.688,0
61.66,-1.9,2.8704,90.4505,0.6441,1.3901,85.3515,,,,,,,,,,,,0.596,0.571,0.612,0.688,0
61.68,-1.9,2.8704,90.4505,0.6441,1.3901,85.3515,,,,,,,,,,,,0.596,0.571,0.612,0.688,0
61.7,-1.0888,3.4068,89.5495,0.3289,1.3411,83.8089,,,,,,,,,,,,0.596,0.571,0.612,0.688,0
61.72,-1.0888,3.4068,89.5495,0.3289,1.3411,83.8089,,,,,,,,,,,,0.612,0.542,0.547,0.752,0
61.74,-1.0888,3.4068,89.5495,0.3289,1.3411,83.8089,,,,,,,,,,,,0.612,0.542,0.547,0.752,0
61.76,-1.0888,3.4068,89.5495,0.3289,1.3411,83.8089,,,,,,,,,,,,0.612,0.542,0.547,0.752,0
61.78,-1.0888,3.4068,89.5495,0.3289,1.3411,83.8089,,,,,,,,,,,,0.612,0.542,0.547,0.752,0
61.8,0.1965,2.0923,88.5538,0.1679,1.2893,81.9948,,,,,,,,,,,,0.612,0.542,0.547,0.752,0
61.82,0.1965,2.0923,88.5538,0.1679,1.2893,81.9948,,,,,,,,,,,,0.609,0.533,0.629,0.691,0
61.84,0.1965,2.0923,88.5538,0.1679,1.2893,81.9948,,,,,,,,,,,,0.609,0.533,0.629,0.691,0
61.86,0.1965,2.0923,88.5538,0.1679,1.2893,81.9948,,,,,,,,,,,,0.609,0.533,0.629,0.691,0
61.88,0.1965,2.0923,88.5538,0.1679,1.2893,81.9948,,,,,,,,,,,,0.609,0.533,0.629,0.691,0
61.9,-0.383,0.7482,86.6867,0.0857,1.1702,80.885,,,,,,,,,,,,0.609,0.533,0.629,0.691,0
61.92,-0.383,0.7482,86.6867,0.0857,1.1702,80.885,,,,,,,,,,,,0.636,0.531,0.587,0.704,0
61.94,-0.383,0.7482,86.6867,0.0857,1.1702,80.885,,,,,,,,,,,,0.636,0.531,0.587,0.704,0
61.96,-0.383,0.7482,86.6867,0.0857,1.1702,80.885,,,,,,,,,,,,0.636,0.531,0.587,0.704,0
61.98,-0.383,0.7482,86.6867,0.0857,1.1702,80.885,,,,,,,,,,,,0.636,0.531,0.587,0.704,0
62.0,-1.0919,0.3682,84.9897,0.0438,1.092,80.8236,,,,,,,,,,,,0.636,0.531,0.587,0.704,0
62.02,-1.0919,0.3682,84.9897,0.0438,1.092,80.8236,,,,,,,,,,,,0.667,0.538,0.559,0.693,0
62.04,-1.0919,0.3682,84.9897,0.0438,1.092,80.8236,,,,,,,,,,,,0.667,0.538,0.559,0.693,0
62.06,-1.0919,0.3682,84.9897,0.0438,1.092,80.8236,,,,,,,,,,,,0.667,0.538,0.559,0.693,0
62.08,-1.0919,0.3682,84.9897,0.0438,1.092,80.8236,,,,,,,,,,,,0.667,0.538,0.559,0.693,0
62.1,-3.0219,-0.4055,83.8169,0.0223,1.4641,80.8236,,,,,,,,,,,,0.667,0.538,0.559,0.693,0
62.12,-3.0219,-0.4055,83.8169,0.0223,1.4641,80.8236,,,,,,,,,,,,0.593,0.632,0.698,0.545,0
62.14,-3.0219,-0.4055,83.8169,0.0223,1.4641,80.8236,,,,,,,,,,,,0.593,0.632,0.698,0.545,0
62.16,-3.0219,-0.4055,83.8169,0.0223,1.4641,80.8236,,,,,,,,,,,,0.593,0.632,0.698,0.545,0
62.18,-3.0219,-0.4055,83.8169,0.0223,1.4641,80.8236,,,,,,,,,,,,0.593,0.632,0.698,0.545,0
62.2,-1.7529,0.6581,83.1788,0.0114,2.6031,80.8235,,,,,,,,,,,,0.593,0.632,0.698,0.545,0
62.22,-1.7529,0.6581,83.1788,0.0114,2.6031,80.8235,,,,,,,,,,,,0.635,0.596,0.657,0.6,0
62.24,-1.7529,0.6581,83.1788,0.0114,2.6031,80.8235,,,,,,,,,,,,0.635,0.596,0.657,0.6,0
62.26,-1.7529,0.6581,83.1788,0.0114,2.6031,80.8235,,,,,,,,,,,,0.635,0.596,0.657,0.6,0
62.28,-1.7529,0.6581,83.1788,0.0114,2.6031,80.8235,,,,,,,,,,,,0.635,0.596,0.657,0.6,0
62.3,-0.3311,2.8885,82.8267,0.0058,3.9671,80.8235,,,,,,,,,,,,0.635,0.596,0.657,0.6,0
62.32,-0.3311,2.8885,82.8267,0.0058,3.9671,80.8235,,,,,,,,,,,,0.632,0.616,0.598,0.672,0
62.34,-0.3311,2.8885,82.8267,0.0058,3.9671,80.8235,,,,,,,,,,,,0.632,0.616,0.598,0.672,0
62.36,-0.3311,2.8885,82.8267,0.0058,3.9671,80.8235,,,,,,,,,,,,0.632,0.616,0.598,0.672,0
62.38,-0.3311,2.8885,82.8267,0.0058,3.9671,80.8235,,,,,,,,,,,,0.632,0.616,0.598,0.672,0
62.4,0.1201,4.6291,82.2303,0.003,4.74,80.8235,,,,,,,,,,,,0.632,0.616,0.598,0.672,0
62.42,0.1201,4.6291,82.2303,0.003,4.74,80.8235,,,,,,,,,,,,0.615,0.641,0.676,0.591,0
62.44,0.1201,4.6291,82.2303,0.003,4.74,80.8235,,,,,,,,,,,,0.615,0.641,0.676,0.591,0
62.46,0.1201,4.6291,82.2303,0.003,4.74,80.8235,,,,,,,,,,,,0.615,0.641,0.676,0.591,0
62.48,0.1201,4.6291,82.2303,0.003,4.74,80.8235,,,,,,,,,,,,0.615,0.641,0.676,0.591,0
62.5,-0.5411,4.2164,81.7337,0.0015,5.0689,80.8235,,,,,,,,,,,,0.615,0.641,0.676,0.591,0
62.52,-0.5411,4.2164,81.7337,0.0015,5.0689,80.8235,,,,,,,,,,,,0.647,0.617,0.647,0.623,0
62.54,-0.5411,4.2164,81.7337,0.0015,5.0689,80.8235,,,,,,,,,,,,0.647,0.617,0.647,0.623,0
62.56,-0.5411,4.2164,81.7337,0.0015,5.0689,80.8235,,,,,,,,,,,,0.647,0.617,0.647,0.623,0
62.58,-0.5411,4.2164,81.7337,0.0015,5.0689,80.8235,,,,,,,,,,,,0.647,0.617,0.647,0.623,0
62.6,0.9881,3.2247,81.607,0.0008,5.0376,80.8235,,,,,,,,,,,,0.647,0.617,0.647,0.623,0
62.62,0.9881,3.2247,81.607,0.0008,5.0376,80.8235,,,,,,,,,,,,0.694,0.569,0.641,0.632,0
62.64,0.9881,3.2247,81.607,0.0008,5.0376,80.8235,,,,,,,,,,,,0.694,0.569,0.641,0.632,0
62.66,0.9881,3.2247,81.607,0.0008,5.0376,80.8235,,,,,,,,,,,,0.694,0.569,0.641,0.632,0
62.68,0.9881,3.2247,81.607,0.0008,5.0376,80.8235,,,,,,,,,,,,0.694,0.569,0.641,0.632,0
62.7,1.1984,3.409,81.0073,0.0004,4.7336,80.8234,,,,,,,,,,,,0.694,0.569,0.641,0.632,0
62.72,1.1984,3.409,81.0073,0.0004,4.7336,80.8234,,,,,,,,,,,,0.648,0.63,0.631,0.639,0
62.74,1.1984,3.409,81.0073,0.0004,4.7336,80.8234,,,,,,,,,,,,0.648,0.63,0.631,0.639,0
62.76,1.1984,3.409,81.0073,0.0004,4.7336,80.8234,,,,,,,,,,,,0.648,0.63,0.631,0.639,0
62.78,1.1984,3.409,81.0073,0.0004,4.7336,80.8234,,,,,,,,,,,,0.648,0.63,0.631,0.639,0
62.8,0.9837,3.5992,80.7083,0.3268,3.5976,80.8234,,,,,,,,,,,,0.648,0.63,0.631,0.639,0
62.82,0.9837,3.5992,80.7083,0.3268,3.5976,80.8234,,,,,,,,,,,,0.642,0.636,0.597,0.666,0
62.84,0.9837,3.5992,80.7083,0.3268,3.5976,80.8234,,,,,,,,,,,,0.642,0.636,0.597,0.666,0
62.86,0.9837,3.5992,80.7083,0.3268,3.5976,80.8234,,,,,,,,,,,,0.642,0.636,0.597,0.666,0
62.88,0.9837,3.5992,80.7083,0.3268,3.5976,80.8234,,,,,,,,,,,,0.642,0.636,0.597,0.666,0
62.9,1.0491,2.0279,81.0996,1.2998,2.2281,80.8231,,,,,,,,,,,,0.642,0.636,0.597,0.666,0
62.92,1.0491,2.0279,81.0996,1.2998,2.2281,80.8231,,,,,,,,,,,,0.662,0.601,0.679,0.591,0
62.94,1.0491,2.0279,81.0996,1.2998,2.2281,80.8231,,,,,,,,,,,,0.662,0.601,0.679,0.591,0
62.96,1.0491,2.0279,81.0996,1.2998,2.2281,80.8231,,,,,,,,,,,,0.662,0.601,0.679,0.591,0
62.98,1.0491,2.0279,81.0996,1.2998,2.2281,80.8231,,,,,,,,,,,,0.662,0.601,0.679,0.591,0
63.0,0.2066,-1.0885,81.4463,2.2497,1.3624,80.8229,,,,,,,,,,,,0.662,0.601,0.679,0.591,0
63.02,0.2066,-1.0885,81.4463,2.2497,1.3624,80.8229,,,,,,,,,,,,0.653,0.604,0.668,0.619,0
63.04,0.2066,-1.0885,81.4463,2.2497,1.3624,80.8229,,,,,,,,,,,,0.653,0.604,0.668,0.619,0
63.06,0.2066,-1.0885,81.4463,2.2497,1.3624,80.8229,,,,,,,,,,,,0.653,0.604,0.668,0.619,0
63.08,0.2066,-1.0885,81.4463,2.2497,1.3624,80.8229,,,,,,,,,,,,0.653,0.604,0.668,0.619,0
63.1,2.5839,-2.1268,81.9897,2.9262,0.8643,80.8228,,,,,,,,,,,,0.653,0.604,0.668,0.619,0
63.12,2.5839,-2.1268,81.9897,2.9262,0.8643,80.8228,,,,,,,,,,,,0.659,0.6,0.667,0.637,0
63.14,2.5839,-2.1268,81.9897,2.9262,0.8643,80.8228,,,,,,,,,,,,0.659,0.6,0.667,0.637,0
63.16,2.5839,-2.1268,81.9897,2.9262,0.8643,80.8228,,,,,,,,,,,,0.659,0.6,0.667,0.637,0
63.18,2.5839,-2.1268,81.9897,2.9262,0.8643,80.8228,,,,,,,,,,,,0.659,0.6,0.667,0.637,0
63.2,2.5459,-1.289,82.7418,3.0695,0.727,80.8228,,,,,,,,,,,,0.659,0.6,0.667,0.637,0
63.22,2.5459,-1.289,82.7418,3.0695,0.727,80.8228,,,,,,,,,,,,0.669,0.576,0.571,0.736,0
63.24,2.5459,-1.289,82.7418,3.0695,0.727,80.8228,,,,,,,,,,,,0.669,0.576,0.571,0.736,0
63.26,2.5459,-1.289,82.7418,3.0695,0.727,80.8228,,,,,,,,,,,,0.669,0.576,0.571,0.736,0
63.28,2.5459,-1.289,82.7418,3.0695,0.727,80.8228,,,,,,,,,,,,0.669,0.576,0.571,0.736,0
63.3,2.037,0.6593,83.5767,3.3984,0.5781,80.8228,,,,,,,,,,,,0.669,0.576,0.571,0.736,0
63.32,2.037,0.6593,83.5767,3.3984,0.5781,80.8228,,,,,,,,,,,,0.551,0.679,0.736,0.579,0
63.34,2.037,0.6593,83.5767,3.3984,0.5781,80.8228,,,,,,,,,,,,0.551,0.679,0.736,0.579,0
63.36,2.037,0.6593,83.5767,3.3984,0.5781,80.8228,,,,,,,,,,,,0.551,0.679,0.736,0.579,0
63.38,2.037,0.6593,83.5767,3.3984,0.5781,80.8228,,,,,,,,,,,,0.551,0.679,0.736,0.579,0
63.4,1.9039,1.5276,84.2762,3.9918,0.3173,80.8228,,,,,,,,,,,,0.551,0.679,0.736,0.579,0
63.42,1.9039,1.5276,84.2762,3.9918,0.3173,80.8228,,,,,,,,,,,,0.667,0.559,0.552,0.767,0
63.44,1.9039,1.5276,84.2762,3.9918,0.3173,80.8228,,,,,,,,,,,,0.667,0.559,0.552,0.767,0
63.46,1.9039,1.5276,84.2762,3.9918,0.3173,80.8228,,,,,,,,,,,,0.667,0.559,0.552,0.767,0
63.48,1.9039,1.5276,84.2762,3.9918,0.3173,80.8228,,,,,,,,,,,,0.667,0.559,0.552,0.767,0
63.5,3.2406,0.9329,85.1147,4.2225,0.162,80.8228,,,,,,,,,,,,0.667,0.559,0.552,0.767,0
63.52,3.2406,0.9329,85.1147,4.2225,0.162,80.8228,,,,,,,,,,,,0.607,0.63,0.778,0.568,0
63.54,3.2406,0.9329,85.1147,4.2225,0.162,80.8228,,,,,,,,,,,,0.607,0.63,0.778,0.568,0
63.56,3.2406,0.9329,85.1147,4.2225,0.162,80.8228,,,,,,,,,,,,0.607,0.63,0.778,0.568,0
63.58,3.2406,0.9329,85.1147,4.2225,0.162,80.8228,,,,,,,,,,,,0.607,0.63,0.778,0.568,0
63.6,4.743,0.5571,85.8837,4.1475,0.1318,80.8228,,,,,,,,,,,,0.607,0.63,0.778,0.568,0
63.62,4.743,0.5571,85.8837,4.1475,0.1318,80.8228,,,,,,,,,,,,0.681,0.542,0.597,0.769,0
63.64,4.743,0.5571,85.8837,4.1475,0.1318,80.8228,,,,,,,,,,,,0.681,0.542,0.597,0.769,0
63.66,4.743,0.5571,85.8837,4.1475,0.1318,80.8228,,,,,,,,,,,,0.681,0.542,0.597,0.769,0
63.68,4.743,0.5571,85.8837,4.1475,0.1318,80.8228,,,,,,,,,,,,0.681,0.542,0.597,0.769,0
63.7,3.6245,0.451,86.2564,4.089,0.126,80.8228,,,,,,,,,,,,0.681,0.542,0.597,0.769,0
63.72,3.6245,0.451,86.2564,4.089,0.126,80.8228,,,,,,,,,,,,0.563,0.67,0.727,0.644,0
63.74,3.6245,0.451,86.2564,4.089,0.126,80.8228,,,,,,,,,,,,0.563,0.67,0.727,0.644,0
63.76,3.6245,0.451,86.2564,4.089,0.126,80.8228,,,,,,,,,,,,0.563,0.67,0.727,0.644,0
63.78,3.6245,0.451,86.2564,4.089,0.126,80.8228,,,,,,,,,,,,0.563,0.67,0.727,0.644,0
63.8,2.7487,0.3518,85.5822,4.1093,0.0863,80.8228,,,,,,,,,,,,0.563,0.67,0.727,0.644,0
63.82,2.7487,0.3518,85.5822,4.1093,0.0863,80.8228,,,,,,,,,,,,0.628,0.629,0.687,0.667,0
63.84,2.7487,0.3518,85.5822,4.1093,0.0863,80.8228,,,,,,,,,,,,0.628,0.629,0.687,0.667,0
63.86,2.7487,0.3518,85.5822,4.1093,0.0863,80.8228,,,,,,,,,,,,0.628,0.629,0.687,0.667,0
63.88,2.7487,0.3518,85.5822,4.1093,0.0863,80.8228,,,,,,,,,,,,0.628,0.629,0.687,0.667,0
63.9,2.5463,0.1641,84.4768,4.1388,0.044,80.8228,,,,,,,,,,,,0.628,0.629,0.687,0.667,0
63.92,2.5463,0.1641,84.4768,4.1388,0.044,80.8228,,,,,,,,,,,,0.603,0.673,0.7,0.632,0
63.94,2.5463,0.1641,84.4768,4.1388,0.044,80.8228,,,,,,,,,,,,0.603,0.673,0.7,0.632,0
63.96,2.5463,0.1641,84.4768,4.1388,0.044,80.8228,,,,,,,,,,,,0.603,0.673,0.7,0.632,0
63.98,2.5463,0.1641,84.4768,4.1388,0.044,80.8228,,,,,,,,,,,,0.603,0.673,0.7,0.632,0
64.0,3.061,-0.1285,83.1624,4.0455,0.0264,80.8228,,,,,,,,,,,,0.603,0.673,0.7,0.632,0
64.02,3.061,-0.1285,83.1624,4.0455,0.0264,80.8228,,,,,,,,,,,,0.654,0.643,0.68,0.636,0
64.04,3.061,-0.1285,83.1624,4.0455,0.0264,80.8228,,,,,,,,,,,,0.654,0.643,0.68,0.636,0
64.06,3.061,-0.1285,83.1624,4.0455,0.0264,80.8228,,,,,,,,,,,,0.654,0.643,0.68,0.636,0
64.08,3.061,-0.1285,83.1624,4.0455,0.0264,80.8228,,,,,,,,,,,,0.654,0.643,0.68,0.636,0
64.1,3.613,0.0437,81.8278,3.9019,0.0428,80.8228,,,,,,,,,,,,0.654,0.643,0.68,0.636,0
64.12,3.613,0.0437,81.8278,3.9019,0.0428,80.8228,,,,,,,,,,,,0.674,0.639,0.636,0.664,0
64.14,3.613,0.0437,81.8278,3.9019,0.0428,80.8228,,,,,,,,,,,,0.674,0.639,0.636,0.664,0
64.16,3.613,0.0437,81.8278,3.9019,0.0428,80.8228,,,,,,,,,,,,0.674,0.639,0.636,0.664,0
64.18,3.613,0.0437,81.8278,3.9019,0.0428,80.8228,,,,,,,,,,,,0.674,0.639,0.636,0.664,0
64.2,3.5452,0.3233,80.5062,3.7487,0.0579,80.8228,,,,,,,,,,,,0.674,0.639,0.636,0.664,0
64.22,3.5452,0.3233,80.5062,3.7487,0.0579,80.8228,,,,,,,,,,,,0.698,0.628,0.609,0.675,0
64.24,3.5452,0.3233,80.5062,3.7487,0.0579,80.8228,,,,,,,,,,,,0.698,0.628,0.609,0.675,0
64.26,3.5452,0.3233,80.5062,3.7487,0.0579,80.8228,,,,,,,,,,,,0.698,0.628,0.609,0.675,0
64.28,3.5452,0.3233,80.5062,3.7487,0.0579,80.8228,,,,,,,,,,,,0.698,0.628,0.609,0.675,0
64.3,3.6376,0.3957,79.4146,3.2563,0.2558,80.8228,,,,,,,,,,,,0.698,0.628,0.609,0.675,0
64.32,3.6376,0.3957,79.4146,3.2563,0.2558,80.8228,,,,,,,,,,,,0.708,0.628,0.593,0.679,0
64.34,3.6376,0.3957,79.4146,3.2563,0.2558,80.8228,,,,,,,,,,,,0.708,0.628,0.593,0.679,0
64.36,3.6376,0.3957,79.4146,3.2563,0.2558,80.8228,,,,,,,,,,,,0.708,0.628,0.593,0.679,0
64.38,3.6376,0.3957,79.4146,3.2563,0.2558,80.8228,,,,,,,,,,,,0.708,0.628,0.593,0.679,0
64.4,3.9566,0.6491,78.6233,2.2303,1.1036,80.8226,,,,,,,,,,,,0.708,0.628,0.593,0.679,0
64.42,3.9566,0.6491,78.6233,2.2303,1.1036,80.8226,,,,,,,,,,,,0.698,0.642,0.614,0.658,0
64.44,3.9566,0.6491,78.6233,2.2303,1.1036,80.8226,,,,,,,,,,,,0.698,0.642,0.614,0.658,0
64.46,3.9566,0.6491,78.6233,2.2303,1.1036,80.8226,,,,,,,,,,,,0.698,0.642,0.614,0.658,0
64.48,3.9566,0.6491,78.6233,2.2303,1.1036,80.8226,,,,,,,,,,,,0.698,0.642,0.614,0.658,0
64.5,2.2929,1.7567,78.2844,1.159,2.6295,80.8222,,,,,,,,,,,,0.698,0.642,0.614,0.658,0
64.52,2.2929,1.7567,78.2844,1.159,2.6295,80.8222,,,,,,,,,,,,0.63,0.702,0.727,0.53,0
64.54,2.2929,1.7567,78.2844,1.159,2.6295,80.8222,,,,,,,,,,,,0.63,0.702,0.727,0.53,0
64.56,2.2929,1.7567,78.2844,1.159,2.6295,80.8222,,,,,,,,,,,,0.63,0.702,0.727,0.53,0
64.58,2.2929,1.7567,78.2844,1.159,2.6295,80.8222,,,,,,,,,,,,0.63,0.702,0.727,0.53,0
64.6,1.6037,4.9857,78.7742,0.5917,4.2281,80.822,,,,,,,,,,,,0.63,0.702,0.727,0.53,0
64.62,1.6037,4.9857,78.7742,0.5917,4.2281,80.822,,,,,,,,,,,,0.708,0.607,0.497,0.762,0
64.64,1.6037,4.9857,78.7742,0.5917,4.2281,80.822,,,,,,,,,,,,0.708,0.607,0.497,0.762,0
64.66,1.6037,4.9857,78.7742,0.5917,4.2281,80.822,,,,,,,,,,,,0.708,0.607,0.497,0.762,0
64.68,1.6037,4.9857,78.7742,0.5917,4.2281,80.822,,,,,,,,,,,,0.708,0.607,0.497,0.762,0
64.7,0.0042,6.8575,79.6814,0.3021,5.557,80.8219,,,,,,,,,,,,0.708,0.607,0.497,0.762,0
64.72,0.0042,6.8575,79.6814,0.3021,5.557,80.8219,,,,,,,,,,,,0.633,0.645,0.641,0.644,0
64.74,0.0042,6.8575,79.6814,0.3021,5.557,80.8219,,,,,,,,,,,,0.633,0.645,0.641,0.644,0
64.76,0.0042,6.8575,79.6814,0.3021,5.557,80.8219,,,,,,,,,,,,0.633,0.645,0.641,0.644,0
64.78,0.0042,6.8575,79.6814,0.3021,5.557,80.8219,,,,,,,,,,,,0.633,0.645,0.641,0.644,0
64.8,0.1307,7.7607,80.666,0.1542,6.7045,80.8218,,,,,,,,,,,,0.633,0.645,0.641,0.644,0
64.82,0.1307,7.7607,80.666,0.1542,6.7045,80.8218,,,,,,,,,,,,0.691,0.558,0.556,0.721,0
64.84,0.1307,7.7607,80.666,0.1542,6.7045,80.8218,,,,,,,,,,,,0.691,0.558,0.556,0.721,0
64.86,0.1307,7.7607,80.666,0.1542,6.7045,80.8218,,,,,,,,,,,,0.691,0.558,0.556,0.721,0
64.88,0.1307,7.7607,80.666,0.1542,6.7045,80.8218,,,,,,,,,,,,0.691,0.558,0.556,0.721,0
64.9,0.7061,8.4145,81.5023,0.0787,7.4943,80.8219,,,,,,,,,,,,0.691,0.558,0.556,0.721,0
64.92,0.7061,8.4145,81.5023,0.0787,7.4943,80.8219,,,,,,,,,,,,0.603,0.645,0.709,0.579,0
64.94,0.7061,8.4145,81.5023,0.0787,7.4943,80.8219,,,,,,,,,,,,0.603,0.645,0.709,0.579,0
64.96,0.7061,8.4145,81.5023,0.0787,7.4943,80.8219,,,,,,,,,,,,0.603,0.645,0.709,0.579,0
64.98,0.7061,8.4145,81.5023,0.0787,7.4943,80.8219,,,,,,,,,,,,0.603,0.645,0.709,0.579,0
65.0,0.1697,9.2944,82.5148,0.0402,7.9696,80.8218,,,,,,,,,,,,0.603,0.645,0.709,0.579,0
65.02,0.1697,9.2944,82.5148,0.0402,7.9696,80.8218,,,,,,,,,,,,0.65,0.586,0.544,0.755,0
65.04,0.1697,9.2944,82.5148,0.0402,7.9696,80.8218,,,,,,,,,,,,0.65,0.586,0.544,0.755,0
65.06,0.1697,9.2944,82.5148,0.0402,7.9696,80.8218,,,,,,,,,,,,0.65,0.586,0.544,0.755,0
65.08,0.1697,9.2944,82.5148,0.0402,7.9696,80.8218,,,,,,,,,,,,0.65,0.586,0.544,0.755,0
65.1,-1.2494,8.2887,83.4929,0.0205,8.2268,80.8219,,,,,,,,,,,,0.65,0.586,0.544,0.755,0
65.12,-1.2494,8.2887,83.4929,0.0205,8.2268,80.8219,,,,,,,,,,,,0.585,0.639,0.723,0.595,0
65.14,-1.2494,8.2887,83.4929,0.0205,8.2268,80.8219,,,,,,,,,,,,0.585,0.639,0.723,0.595,0
65.16,-1.2494,8.2887,83.4929,0.0205,8.2268,80.8219,,,,,,,,,,,,0.585,0.639,0.723,0.595,0
65.18,-1.2494,8.2887,83.4929,0.0205,8.2268,80.8219,,,,,,,,,,,,0.585,0.639,0.723,0.595,0
65.2,-0.6998,7.4601,83.8729,0.0105,8.2803,80.8219,,,,,,,,,,,,0.585,0.639,0.723,0.595,0
65.22,-0.6998,7.4601,83.8729,0.0105,8.2803,80.8219,,,,,,,,,,,,0.696,0.52,0.591,0.723,0
65.24,-0.6998,7.4601,83.8729,0.0105,8.2803,80.8219,,,,,,,,,,,,0.696,0.52,0.591,0.723,0
65.26,-0.6998,7.4601,83.8729,0.0105,8.2803,80.8219,,,,,,,,,,,,0.696,0.52,0.591,0.723,0
65.28,-0.6998,7.4601,83.8729,0.0105,8.2803,80.8219,,,,,,,,,,,,0.696,0.52,0.591,0.723,0
65.3,0.125,7.0331,84.0308,0.0054,8.1992,80.7219,,,,,,,,,,,,0.696,0.52,0.591,0.723,0
65.32,0.125,7.0331,84.0308,0.0054,8.1992,80.7219,,,,,,,,,,,,0.588,0.639,0.733,0.574,0
65.34,0.125,7.0331,84.0308,0.0054,8.1992,80.7219,,,,,,,,,,,,0.588,0.639,0.733,0.574,0
65.36,0.125,7.0331,84.0308,0.0054,8.1992,80.7219,,,,,,,,,,,,0.588,0.639,0.733,0.574,0
65.38,0.125,7.0331,84.0308,0.0054,8.1992,80.7219,,,,,,,,,,,,0.588,0.639,0.733,0.574,0
65.4,-0.1075,7.7627,84.1341,0.0027,8.0972,80.7215,,,,,,,,,,,,0.588,0.639,0.733,0.574,0
65.42,-0.1075,7.7627,84.1341,0.0027,8.0972,80.7215,,,,,,,,,,,,0.632,0.6,0.559,0.751,0
65.44,-0.1075,7.7627,84.1341,0.0027,8.0972,80.7215,,,,,,,,,,,,0.632,0.6,0.559,0.751,0
65.46,-0.1075,7.7627,84.1341,0.0027,8.0972,80.7215,,,,,,,,,,,,0.632,0.6,0.559,0.751,0
65.48,-0.1075,7.7627,84.1341,0.0027,8.0972,80.7215,,,,,,,,,,,,0.632,0.6,0.559,0.751,0
65.5,-1.4607,7.1534,84.5338,0.0014,8.1999,80.7214,,,,,,,,,,,,0.632,0.6,0.559,0.751,0
65.52,-1.4607,7.1534,84.5338,0.0014,8.1999,80.7214,,,,,,,,,,,,0.604,0.634,0.763,0.564,0
65.54,-1.4607,7.1534,84.5338,0.0014,8.1999,80.7214,,,,,,,,,,,,0.604,0.634,0.763,0.564,0
65.56,-1.4607,7.1534,84.5338,0.0014,8.1999,80.7214,,,,,,,,,,,,0.604,0.634,0.763,0.564,0
65.58,-1.4607,7.1534,84.5338,0.0014,8.1999,80.7214,,,,,,,,,,,,0.604,0.634,0.763,0.564,0
65.6,-0.5763,7.5871,84.7869,0.0007,8.3109,80.7214,,,,,,,,,,,,0.604,0.634,0.763,0.564,0
65.62,-0.5763,7.5871,84.7869,0.0007,8.3109,80.7214,,,,,,,,,,,,0.661,0.574,0.584,0.753,0
65.64,-0.5763,7.5871,84.7869,0.0007,8.3109,80.7214,,,,,,,,,,,,0.661,0.574,0.584,0.753,0
65.66,-0.5763,7.5871,84.7869,0.0007,8.3109,80.7214,,,,,,,,,,,,0.661,0.574,0.584,0.753,0
65.68,-0.5763,7.5871,84.7869,0.0007,8.3109,80.7214,,,,,,,,,,,,0.661,0.574,0.584,0.753,0
65.7,-0.1789,7.1282,84.7694,0.0004,8.4819,80.7214,,,,,,,,,,,,0.661,0.574,0.584,0.753,0
65.72,-0.1789,7.1282,84.7694,0.0004,8.4819,80.7214,,,,,,,,,,,,0.676,0.574,0.663,0.697,0
65.74,-0.1789,7.1282,84.7694,0.0004,8.4819,80.7214,,,,,,,,,,,,0.676,0.574,0.663,0.697,0
65.76,-0.1789,7.1282,84.7694,0.0004,8.4819,80.7214,,,,,,,,,,,,0.676,0.574,0.663,0.697,0
65.78,-0.1789,7.1282,84.7694,0.0004,8.4819,80.7214,,,,,,,,,,,,0.676,0.574,0.663,0.697,0
65.8,1.2738,7.767,84.336,0.0002,8.652,80.7214,,,,,,,,,,,,0.676,0.574,0.663,0.697,0
65.82,1.2738,7.767,84.336,0.0002,8.652,80.7214,,,,,,,,,,,,0.653,0.616,0.647,0.699,0
65.84,1.2738,7.767,84.336,0.0002,8.652,80.7214,,,,,,,,,,,,0.653,0.616,0.647,0.699,0
65.86,1.2738,7.767,84.336,0.0002,8.652,80.7214,,,,,,,,,,,,0.653,0.616,0.647,0.699,0
65.88,1.2738,7.767,84.336,0.0002,8.652,80.7214,,,,,,,,,,,,0.653,0.616,0.647,0.699,0
65.9,1.1124,8.1348,83.2606,0.0001,8.816,80.7214,,,,,,,,,,,,0.653,0.616,0.647,0.699,0
65.92,1.1124,8.1348,83.2606,0.0001,8.816,80.7214,,,,,,,,,,,,0.68,0.614,0.651,0.68,0
65.94,1.1124,8.1348,83.2606,0.0001,8.816,80.7214,,,,,,,,,,,,0.68,0.614,0.651,0.68,0
65.96,1.1124,8.1348,83.2606,0.0001,8.816,80.7214,,,,,,,,,,,,0.68,0.614,0.651,0.68,0
65.98,1.1124,8.1348,83.2606,0.0001,8.816,80.7214,,,,,,,,,,,,0.68,0.614,0.651,0.68,0
66.0,1.2276,7.539,81.8898,0.0001,8.9256,80.7214,,,,,,,,,,,,0.68,0.614,0.651,0.68,0
66.02,1.2276,7.539,81.8898,0.0001,8.9256,80.7214,,,,,,,,,,,,0.696,0.625,0.665,0.652,0
66.04,1.2276,7.539,81.8898,0.0001,8.9256,80.7214,,,,,,,,,,,,0.696,0.625,0.665,0.652,0
66.06,1.2276,7.539,81.8898,0.0001,8.9256,80.7214,,,,,,,,,,,,0.696,0.625,0.665,0.652,0
66.08,1.2276,7.539,81.8898,0.0001,8.9256,80.7214,,,,,,,,,,,,0.696,0.625,0.665,0.652,0
66.1,1.4021,6.4373,80.571,0.0,8.9542,80.7214,,,,,,,,,,,,0.696,0.625,0.665,0.652,0
66.12,1.4021,6.4373,80.571,0.0,8.9542,80.7214,,,,,,,,,,,,0.725,0.61,0.675,0.631,0
66.14,1.4021,6.4373,80.571,0.0,8.9542,80.7214,,,,,,,,,,,,0.725,0.61,0.675,0.631,0
66.16,1.4021,6.4373,80.571,0.0,8.9542,80.7214,,,,,,,,,,,,0.725,0.61,0.675,0.631,0
66.18,1.4021,6.4373,80.571,0.0,8.9542,80.7214,,,,,,,,,,,,0.725,0.61,0.675,0.631,0
66.2,1.7044,5.7807,79.5065,0.0,8.6511,80.7214,,,,,,,,,,,,0.725,0.61,0.675,0.631,0
66.22,1.7044,5.7807,79.5065,0.0,8.6511,80.7214,,,,,,,,,,,,0.705,0.641,0.675,0.619,0
66.24,1.7044,5.7807,79.5065,0.0,8.6511,80.7214,,,,,,,,,,,,0.705,0.641,0.675,0.619,0
66.26,1.7044,5.7807,79.5065,0.0,8.6511,80.7214,,,,,,,,,,,,0.705,0.641,0.675,0.619,0
66.28,1.7044,5.7807,79.5065,0.0,8.6511,80.7214,,,,,,,,,,,,0.705,0.641,0.675,0.619,0
66.3,1.2577,5.5755,78.7358,0.0,8.4531,80.7214,,,,,,,,,,,,0.705,0.641,0.675,0.619,0
66.32,1.2577,5.5755,78.7358,0.0,8.4531,80.7214,,,,,,,,,,,,0.716,0.632,0.662,0.628,0
66.34,1.2577,5.5755,78.7358,0.0,8.4531,80.7214,,,,,,,,,,,,0.716,0.632,0.662,0.628,0
66.36,1.2577,5.5755,78.7358,0.0,8.4531,80.7214,,,,,,,,,,,,0.716,0.632,0.662,0.628,0
66.38,1.2577,5.5755,78.7358,0.0,8.4531,80.7214,,,,,,,,,,,,0.716,0.632,0.662,0.628,0
66.4,0.7981,5.2371,78.2403,0.0,8.2701,80.7214,,,,,,,,,,,,0.716,0.632,0.662,0.628,0
66.42,0.7981,5.2371,78.2403,0.0,8.2701,80.7214,,,,,,,,,,,,0.703,0.643,0.663,0.62,0
66.44,0.7981,5.2371,78.2403,0.0,8.2701,80.7214,,,,,,,,,,,,0.703,0.643,0.663,0.62,0
66.46,0.7981,5.2371,78.2403,0.0,8.2701,80.7214,,,,,,,,,,,,0.703,0.643,0.663,0.62,0
66.48,0.7981,5.2371,78.2403,0.0,8.2701,80.7214,,,,,,,,,,,,0.703,0.643,0.663,0.62,0
66.5,0.8317,4.5699,78.0298,-0.3029,7.5271,80.7215,,,,,,,,,,,,0.703,0.643,0.663,0.62,0
66.52,0.8317,4.5699,78.0298,-0.3029,7.5271,80.7215,,,,,,,,,,,,0.763,0.567,0.586,0.691,0
66.54,0.8317,4.5699,78.0298,-0.3029,7.5271,80.7215,,,,,,,,,,,,0.763,0.567,0.586,0.691,0
66.56,0.8317,4.5699,78.0298,-0.3029,7.5271,80.7215,,,,,,,,,,,,0.763,0.567,0.586,0.691,0
66.58,0.8317,4.5699,78.0298,-0.3029,7.5271,80.7215,,,,,,,,,,,,0.763,0.567,0.586,0.691,0
66.6,0.8008,4.1668,78.2208,-1.292,6.6882,80.7216,,,,,,,,,,,,0.763,0.567,0.586,0.691,0
66.62,0.8008,4.1668,78.2208,-1.292,6.6882,80.7216,,,,,,,,,,,,0.705,0.589,0.606,0.637,0
66.64,0.8008,4.1668,78.2208,-1.292,6.6882,80.7216,,,,,,,,,,,,0.705,0.589,0.606,0.637,0
66.66,0.8008,4.1668,78.2208,-1.292,6.6882,80.7216,,,,,,,,,,,,0.705,0.589,0.606,0.637,0
66.68,0.8008,4.1668,78.2208,-1.292,6.6882,80.7216,,,,,,,,,,,,0.705,0.589,0.606,0.637,0
66.7,-0.5104,3.7941,78.5393,-1.7515,5.7745,80.7218,,,,,,,,,,,,0.705,0.589,0.606,0.637,0
66.72,-0.5104,3.7941,78.5393,-1.7515,5.7745,80.7218,,,,,,,,,,,,0.591,0.614,0.626,0.536,0
66.74,-0.5104,3.7941,78.5393,-1.7515,5.7745,80.7218,,,,,,,,,,,,0.591,0.614,0.626,0.536,0
66.76,-0.5104,3.7941,78.5393,-1.7515,5.7745,80.7218,,,,,,,,,,,,0.591,0.614,0.626,0.536,0
66.78,-0.5104,3.7941,78.5393,-1.7515,5.7745,80.7218,,,,,,,,,,,,0.591,0.614,0.626,0.536,0
66.8,-1.7372,3.3009,78.8425,-1.9337,4.9671,80.7218,,,,,,,,,,,,0.591,0.614,0.626,0.536,0
66.82,-1.7372,3.3009,78.8425,-1.9337,4.9671,80.7218,,,,,,,,,,,,0.673,0.523,0.58,0.599,0
66.84,-1.7372,3.3009,78.8425,-1.9337,4.9671,80.7218,,,,,,,,,,,,0.673,0.523,0.58,0.599,0
66.86,-1.7372,3.3009,78.8425,-1.9337,4.9671,80.7218,,,,,,,,,,,,0.673,0.523,0.58,0.599,0
66.88,-1.7372,3.3009,78.8425,-1.9337,4.9671,80.7218,,,,,,,,,,,,0.673,0.523,0.58,0.599,0
66.9,-2.1449,2.7325,79.2642,-1.9711,4.6477,80.7218,,,,,,,,,,,,0.673,0.523,0.58,0.599,0
66.92,-2.1449,2.7325,79.2642,-1.9711,4.6477,80.7218,,,,,,,,,,,,0.624,0.576,0.629,0.554,0
66.94,-2.1449,2.7325,79.2642,-1.9711,4.6477,80.7218,,,,,,,,,,,,0.624,0.576,0.629,0.554,0
66.96,-2.1449,2.7325,79.2642,-1.9711,4.6477,80.7218,,,,,,,,,,,,0.624,0.576,0.629,0.554,0
66.98,-2.1449,2.7325,79.2642,-1.9711,4.6477,80.7218,,,,,,,,,,,,0.624,0.576,0.629,0.554,0
67.0,-1.3582,3.0092,79.6658,-1.907,4.5757,80.7218,,,,,,,,,,,,0.624,0.576,0.629,0.554,0
67.02,-1.3582,3.0092,79.6658,-1.907,4.5757,80.7218,,,,,,,,,,,,0.66,0.548,0.566,0.639,0
67.04,-1.3582,3.0092,79.6658,-1.907,4.5757,80.7218,,,,,,,,,,,,0.66,0.548,0.566,0.639,0
67.06,-1.3582,3.0092,79.6658,-1.907,4.5757,80.7218,,,,,,,,,,,,0.66,0.548,0.566,0.639,0
67.08,-1.3582,3.0092,79.6658,-1.907,4.5757,80.7218,,,,,,,,,,,,0.66,0.548,0.566,0.639,0
67.1,-1.8774,3.8066,80.0378,-1.4629,3.5714,80.7216,,,,,,,,,,,,0.66,0.548,0.566,0.639,0
67.12,-1.8774,3.8066,80.0378,-1.4629,3.5714,80.7216,,,,,,,,,,,,0.62,0.584,0.488,0.707,0
67.14,-1.8774,3.8066,80.0378,-1.4629,3.5714,80.7216,,,,,,,,,,,,0.62,0.584,0.488,0.707,0
67.16,-1.8774,3.8066,80.0378,-1.4629,3.5714,80.7216,,,,,,,,,,,,0.62,0.584,0.488,0.707,0
67.18,-1.8774,3.8066,80.0378,-1.4629,3.5714,80.7216,,,,,,,,,,,,0.62,0.584,0.488,0.707,0
67.2,-1.6112,2.7441,80.7442,-1.0733,1.8234,80.7215,,,,,,,,,,,,0.62,0.584,0.488,0.707,0
67.22,-1.6112,2.7441,80.7442,-1.0733,1.8234,80.7215,,,,,,,,,,,,0.653,0.527,0.616,0.607,0
67.24,-1.6112,2.7441,80.7442,-1.0733,1.8234,80.7215,,,,,,,,,,,,0.653,0.527,0.616,0.607,0
67.26,-1.6112,2.7441,80.7442,-1.0733,1.8234,80.7215,,,,,,,,,,,,0.653,0.527,0.616,0.607,0
67.28,-1.6112,2.7441,80.7442,-1.0733,1.8234,80.7215,,,,,,,,,,,,0.653,0.527,0.616,0.607,0
67.3,-0.6286,-0.1119,81.6456,-0.6589,0.9309,80.7214,,,,,,,,,,,,0.653,0.527,0.616,0.607,0
67.32,-0.6286,-0.1119,81.6456,-0.6589,0.9309,80.7214,,,,,,,,,,,,0.604,0.569,0.683,0.544,0
67.34,-0.6286,-0.1119,81.6456,-0.6589,0.9309,80.7214,,,,,,,,,,,,0.604,0.569,0.683,0.544,0
67.36,-0.6286,-0.1119,81.6456,-0.6589,0.9309,80.7214,,,,,,,,,,,,0.604,0.569,0.683,0.544,0
67.38,-0.6286,-0.1119,81.6456,-0.6589,0.9309,80.7214,,,,,,,,,,,,0.604,0.569,0.683,0.544,0
67.4,-0.9737,-2.0681,82.2466,-0.3364,-0.4328,80.7213,,,,,,,,,,,,0.604,0.569,0.683,0.544,0
67.42,-0.9737,-2.0681,82.2466,-0.3364,-0.4328,80.7213,,,,,,,,,,,,0.563,0.604,0.698,0.523,0
67.44,-0.9737,-2.0681,82.2466,-0.3364,-0.4328,80.7213,,,,,,,,,,,,0.563,0.604,0.698,0.523,0
67.46,-0.9737,-2.0681,82.2466,-0.3364,-0.4328,80.7213,,,,,,,,,,,,0.563,0.604,0.698,0.523,0
67.48,-0.9737,-2.0681,82.2466,-0.3364,-0.4328,80.7213,,,,,,,,,,,,0.563,0.604,0.698,0.523,0
67.5,-0.5611,-3.1928,82.7142,-0.1717,-3.0047,80.7212,,,,,,,,,,,,0.563,0.604,0.698,0.523,0
67.52,-0.5611,-3.1928,82.7142,-0.1717,-3.0047,80.7212,,,,,,,,,,,,0.65,0.484,0.515,0.694,0
67.54,-0.5611,-3.1928,82.7142,-0.1717,-3.0047,80.7212,,,,,,,,,,,,0.65,0.484,0.515,0.694,0
67.56,-0.5611,-3.1928,82.7142,-0.1717,-3.0047,80.7212,,,,,,,,,,,,0.65,0.484,0.515,0.694,0
67.58,-0.5611,-3.1928,82.7142,-0.1717,-3.0047,80.7212,,,,,,,,,,,,0.65,0.484,0.515,0.694,0
67.6,-1.0202,-5.4847,83.4223,-0.0877,-5.2024,80.7212,,,,,,,,,,,,0.65,0.484,0.515,0.694,0
67.62,-1.0202,-5.4847,83.4223,-0.0877,-5.2024,80.7212,,,,,,,,,,,,0.637,0.49,0.546,0.68,0
67.64,-1.0202,-5.4847,83.4223,-0.0877,-5.2024,80.7212,,,,,,,,,,,,0.637,0.49,0.546,0.68,0
67.66,-1.0202,-5.4847,83.4223,-0.0877,-5.2024,80.7212,,,,,,,,,,,,0.637,0.49,0.546,0.68,0
67.68,-1.0202,-5.4847,83.4223,-0.0877,-5.2024,80.7212,,,,,,,,,,,,0.637,0.49,0.546,0.68,0
67.7,-0.5319,-7.5139,83.9255,-0.0448,-6.5043,80.7211,,,,,,,,,,,,0.637,0.49,0.546,0.68,0
67.72,-0.5319,-7.5139,83.9255,-0.0448,-6.5043,80.7211,,,,,,,,,,,,0.641,0.485,0.61,0.628,0
67.74,-0.5319,-7.5139,83.9255,-0.0448,-6.5043,80.7211,,,,,,,,,,,,0.641,0.485,0.61,0.628,0
67.76,-0.5319,-7.5139,83.9255,-0.0448,-6.5043,80.7211,,,,,,,,,,,,0.641,0.485,0.61,0.628,0
67.78,-0.5319,-7.5139,83.9255,-0.0448,-6.5043,80.7211,,,,,,,,,,,,0.641,0.485,0.61,0.628,0
67.8,-0.9735,-8.318,83.3711,-0.0229,-7.1802,80.7212,,,,,,,,,,,,0.641,0.485,0.61,0.628,0
67.82,-0.9735,-8.318,83.3711,-0.0229,-7.1802,80.7212,,,,,,,,,,,,0.63,0.521,0.56,0.658,0
67.84,-0.9735,-8.318,83.3711,-0.0229,-7.1802,80.7212,,,,,,,,,,,,0.63,0.521,0.56,0.658,0
67.86,-0.9735,-8.318,83.3711,-0.0229,-7.1802,80.7212,,,,,,,,,,,,0.63,0.521,0.56,0.658,0
67.88,-0.9735,-8.318,83.3711,-0.0229,-7.1802,80.7212,,,,,,,,,,,,0.63,0.521,0.56,0.658,0
67.9,-2.0099,-8.4087,82.7438,-0.0117,-7.4193,80.7212,,,,,,,,,,,,0.63,0.521,0.56,0.658,0
67.92,-2.0099,-8.4087,82.7438,-0.0117,-7.4193,80.7212,,,,,,,,,,,,0.515,0.65,0.729,0.45,0
67.94,-2.0099,-8.4087,82.7438,-0.0117,-7.4193,80.7212,,,,,,,,,,,,0.515,0.65,0.729,0.45,0
67.96,-2.0099,-8.4087,82.7438,-0.0117,-7.4193,80.7212,,,,,,,,,,,,0.515,0.65,0.729,0.45,0
67.98,-2.0099,-8.4087,82.7438,-0.0117,-7.4193,80.7212,,,,,,,,,,,,0.515,0.65,0.729,0.45,0
68.0,-1.6385,-7.5494,82.091,-0.006,-7.36,80.7212,,,,,,,,,,,,0.515,0.65,0.729,0.45,0
68.02,-1.6385,-7.5494,82.091,-0.006,-7.36,80.7212,,,,,,,,,,,,0.646,0.527,0.58,0.619,0
68.04,-1.6385,-7.5494,82.091,-0.006,-7.36,80.7212,,,,,,,,,,,,0.646,0.527,0.58,0.619,0
68.06,-1.6385,-7.5494,82.091,-0.006,-7.36,80.7212,,,,,,,,,,,,0.646,0.527,0.58,0.619,0
68.08,-1.6385,-7.5494,82.091,-0.006,-7.36,80.7212,,,,,,,,,,,,0.646,0.527,0.58,0.619,0
68.1,-0.7861,-6.8305,81.2681,-0.003,-7.2723,80.7212,,,,,,,,,,,,0.646,0.527,0.58,0.619,0
68.12,-0.7861,-6.8305,81.2681,-0.003,-7.2723,80.7212,,,,,,,,,,,,0.603,0.592,0.576,0.613,0
68.14,-0.7861,-6.8305,81.2681,-0.003,-7.2723,80.7212,,,,,,,,,,,,0.603,0.592,0.576,0.613,0
68.16,-0.7861,-6.8305,81.2681,-0.003,-7.2723,80.7212,,,,,,,,,,,,0.603,0.592,0.576,0.613,0
68.18,-0.7861,-6.8305,81.2681,-0.003,-7.2723,80.7212,,,,,,,,,,,,0.603,0.592,0.576,0.613,0
68.2,0.5236,-6.3887,80.5489,-0.0016,-6.8573,80.7212,,,,,,,,,,,,0.603,0.592,0.576,0.613,0
68.22,0.5236,-6.3887,80.5489,-0.0016,-6.8573,80.7212,,,,,,,,,,,,0.615,0.623,0.643,0.568,0
68.24,0.5236,-6.3887,80.5489,-0.0016,-6.8573,80.7212,,,,,,,,,,,,0.615,0.623,0.643,0.568,0
68.26,0.5236,-6.3887,80.5489,-0.0016,-6.8573,80.7212,,,,,,,,,,,,0.615,0.623,0.643,0.568,0
68.28,0.5236,-6.3887,80.5489,-0.0016,-6.8573,80.7212,,,,,,,,,,,,0.615,0.623,0.643,0.568,0
68.3,0.1202,-5.9818,79.9313,-0.0008,-6.4887,80.7212,,,,,,,,,,,,0.615,0.623,0.643,0.568,0
68.32,0.1202,-5.9818,79.9313,-0.0008,-6.4887,80.7212,,,,,,,,,,,,0.586,0.664,0.678,0.531,0
68.34,0.1202,-5.9818,79.9313,-0.0008,-6.4887,80.7212,,,,,,,,,,,,0.586,0.664,0.678,0.531,0
68.36,0.1202,-5.9818,79.9313,-0.0008,-6.4887,80.7212,,,,,,,,,,,,0.586,0.664,0.678,0.531,0
68.38,0.1202,-5.9818,79.9313,-0.0008,-6.4887,80.7212,,,,,,,,,,,,0.586,0.664,0.678,0.531,0
68.4,-0.3153,-5.678,79.2296,-0.0004,-6.3879,80.7212,,,,,,,,,,,,0.586,0.664,0.678,0.531,0
68.42,-0.3153,-5.678,79.2296,-0.0004,-6.3879,80.7212,,,,,,,,,,,,0.64,0.621,0.636,0.568,0
68.44,-0.3153,-5.678,79.2296,-0.0004,-6.3879,80.7212,,,,,,,,,,,,0.64,0.621,0.636,0.568,0
68.46,-0.3153,-5.678,79.2296,-0.0004,-6.3879,80.7212,,,,,,,,,,,,0.64,0.621,0.636,0.568,0
68.48,-0.3153,-5.678,79.2296,-0.0004,-6.3879,80.7212,,,,,,,,,,,,0.64,0.621,0.636,0.568,0
68.5,0.6621,-5.7215,78.3995,-0.0002,-6.3598,80.7211,,,,,,,,,,,,0.64,0.621,0.636,0.568,0
68.52,0.6621,-5.7215,78.3995,-0.0002,-6.3598,80.7211,,,,,,,,,,,,0.718,0.558,0.562,0.644,0
68.54,0.6621,-5.7215,78.3995,-0.0002,-6.3598,80.7211,,,,,,,,,,,,0.718,0.558,0.562,0.644,0
68.56,0.6621,-5.7215,78.3995,-0.0002,-6.3598,80.7211,,,,,,,,,,,,0.718,0.558,0.562,0.644,0
68.58,0.6621,-5.7215,78.3995,-0.0002,-6.3598,80.7211,,,,,,,,,,,,0.718,0.558,0.562,0.644,0
68.6,1.7884,-5.9255,77.6959,-0.0001,-6.0667,80.7212,,,,,,,,,,,,0.718,0.558,0.562,0.644,0
68.62,1.7884,-5.9255,77.6959,-0.0001,-6.0667,80.7212,,,,,,,,,,,,0.691,0.598,0.591,0.617,0
68.64,1.7884,-5.9255,77.6959,-0.0001,-6.0667,80.7212,,,,,,,,,,,,0.691,0.598,0.591,0.617,0
68.66,1.7884,-5.9255,77.6959,-0.0001,-6.0667,80.7212,,,,,,,,,,,,0.691,0.598,0.591,0.617,0
68.68,1.7884,-5.9255,77.6959,-0.0001,-6.0667,80.7212,,,,,,,,,,,,0.691,0.598,0.591,0.617,0
68.7,2.3006,-4.7111,77.6322,-0.0001,-5.7175,80.7212,,,,,,,,,,,,0.691,0.598,0.591,0.617,0
68.72,2.3006,-4.7111,77.6322,-0.0001,-5.7175,80.7212,,,,,,,,,,,,0.679,0.61,0.493,0.705,0
68.74,2.3006,-4.7111,77.6322,-0.0001,-5.7175,80.7212,,,,,,,,,,,,0.679,0.61,0.493,0.705,0
68.76,2.3006,-4.7111,77.6322,-0.0001,-5.7175,80.7212,,,,,,,,,,,,0.679,0.61,0.493,0.705,0
68.78,2.3006,-4.7111,77.6322,-0.0001,-5.7175,80.7212,,,,,,,,,,,,0.679,0.61,0.493,0.705,0
68.8,0.2248,-3.8196,78.1286,-0.0,-5.4526,80.7212,,,,,,,,,,,,0.679,0.61,0.493,0.705,0
68.82,0.2248,-3.8196,78.1286,-0.0,-5.4526,80.7212,,,,,,,,,,,,0.66,0.61,0.559,0.668,0
68.84,0.2248,-3.8196,78.1286,-0.0,-5.4526,80.7212,,,,,,,,,,,,0.66,0.61,0.559,0.668,0
68.86,0.2248,-3.8196,78.1286,-0.0,-5.4526,80.7212,,,,,,,,,,,,0.66,0.61,0.559,0.668,0
68.88,0.2248,-3.8196,78.1286,-0.0,-5.4526,80.7212,,,,,,,,,,,,0.66,0.61,0.559,0.668,0
68.9,-0.4143,-3.4035,79.5245,-0.0,-5.2721,80.7212,,,,,,,,,,,,0.66,0.61,0.559,0.668,0
68.92,-0.4143,-3.4035,79.5245,-0.0,-5.2721,80.7212,,,,,,,,,,,,0.65,0.586,0.598,0.657,0
68.94,-0.4143,-3.4035,79.5245,-0.0,-5.2721,80.7212,,,,,,,,,,,,0.65,0.586,0.598,0.657,0
68.96,-0.4143,-3.4035,79.5245,-0.0,-5.2721,80.7212,,,,,,,,,,,,0.65,0.586,0.598,0.657,0
68.98,-0.4143,-3.4035,79.5245,-0.0,-5.2721,80.7212,,,,,,,,,,,,0.65,0.586,0.598,0.657,0
69.0,-0.7846,-3.5575,80.7571,-0.0,-5.0737,80.7212,,,,,,,,,,,,0.65,0.586,0.598,0.657,0
69.02,-0.7846,-3.5575,80.7571,-0.0,-5.0737,80.7212,,,,,,,,,,,,0.633,0.587,0.637,0.633,0
69.04,-0.7846,-3.5575,80.7571,-0.0,-5.0737,80.7212,,,,,,,,,,,,0.633,0.587,0.637,0.633,0
69.06,-0.7846,-3.5575,80.7571,-0.0,-5.0737,80.7212,,,,,,,,,,,,0.633,0.587,0.637,0.633,0
69.08,-0.7846,-3.5575,80.7571,-0.0,-5.0737,80.7212,,,,,,,,,,,,0.633,0.587,0.637,0.633,0
69.1,-0.0181,-3.1631,81.4485,-0.0,-4.9594,80.7212,,,,,,,,,,,,0.633,0.587,0.637,0.633,0
69.12,-0.0181,-3.1631,81.4485,-0.0,-4.9594,80.7212,,,,,,,,,,,,0.645,0.575,0.589,0.674,0
69.14,-0.0181,-3.1631,81.4485,-0.0,-4.9594,80.7212,,,,,,,,,,,,0.645,0.575,0.589,0.674,0
69.16,-0.0181,-3.1631,81.4485,-0.0,-4.9594,80.7212,,,,,,,,,,,,0.645,0.575,0.589,0.674,0
69.18,-0.0181,-3.1631,81.4485,-0.0,-4.9594,80.7212,,,,,,,,,,,,0.645,0.575,0.589,0.674,0
69.2,-0.4544,-2.4508,81.1321,-0.0,-4.8379,80.7212,,,,,,,,,,,,0.645,0.575,0.589,0.674,0
69.22,-0.4544,-2.4508,81.1321,-0.0,-4.8379,80.7212,,,,,,,,,,,,0.565,0.666,0.707,0.535,0
69.24,-0.4544,-2.4508,81.1321,-0.0,-4.8379,80.7212,,,,,,,,,,,,0.565,0.666,0.707,0.535,0
69.26,-0.4544,-2.4508,81.1321,-0.0,-4.8379,80.7212,,,,,,,,,,,,0.565,0.666,0.707,0.535,0
69.28,-0.4544,-2.4508,81.1321,-0.0,-4.8379,80.7212,,,,,,,,,,,,0.565,0.666,0.707,0.535,0
69.3,0.8251,-1.4056,80.94,-0.0,-4.1689,80.7212,,,,,,,,,,,,0.565,0.666,0.707,0.535,0
69.32,0.8251,-1.4056,80.94,-0.0,-4.1689,80.7212,,,,,,,,,,,,0.697,0.536,0.507,0.724,0
69.34,0.8251,-1.4056,80.94,-0.0,-4.1689,80.7212,,,,,,,,,,,,0.697,0.536,0.507,0.724,0
69.36,0.8251,-1.4056,80.94,-0.0,-4.1689,80.7212,,,,,,,,,,,,0.697,0.536,0.507,0.724,0
69.38,0.8251,-1.4056,80.94,-0.0,-4.1689,80.7212,,,,,,,,,,,,0.697,0.536,0.507,0.724,0
69.4,-0.7733,-0.992,80.6066,-0.0,-3.3729,80.7213,,,,,,,,,,,,0.697,0.536,0.507,0.724,0
69.42,-0.7733,-0.992,80.6066,-0.0,-3.3729,80.7213,,,,,,,,,,,,0.591,0.655,0.655,0.59,0
69.44,-0.7733,-0.992,80.6066,-0.0,-3.3729,80.7213,,,,,,,,,,,,0.591,0.655,0.655,0.59,0
69.46,-0.7733,-0.992,80.6066,-0.0,-3.3729,80.7213,,,,,,,,,,,,0.591,0.655,0.655,0.59,0
69.48,-0.7733,-0.992,80.6066,-0.0,-3.3729,80.7213,,,,,,,,,,,,0.591,0.655,0.655,0.59,0
69.5,-0.2087,0.6093,80.0436,-0.0,-2.915,80.7213,,,,,,,,,,,,0.591,0.655,0.655,0.59,0
69.52,-0.2087,0.6093,80.0436,-0.0,-2.915,80.7213,,,,,,,,,,,,0.631,0.633,0.553,0.677,0
69.54,-0.2087,0.6093,80.0436,-0.0,-2.915,80.7213,,,,,,,,,,,,0.631,0.633,0.553,0.677,0
69.56,-0.2087,0.6093,80.0436,-0.0,-2.915,80.7213,,,,,,,,,,,,0.631,0.633,0.553,0.677,0
69.58,-0.2087,0.6093,80.0436,-0.0,-2.915,80.7213,,,,,,,,,,,,0.631,0.633,0.553,0.677,0
69.6,-0.5977,1.1186,79.5867,-0.0,-2.8372,80.7213,,,,,,,,,,,,0.631,0.633,0.553,0.677,0
69.62,-0.5977,1.1186,79.5867,-0.0,-2.8372,80.7213,,,,,,,,,,,,0.65,0.634,0.545,0.698,0
69.64,-0.5977,1.1186,79.5867,-0.0,-2.8372,80.7213,,,,,,,,,,,,0.65,0.634,0.545,0.698,0
69.66,-0.5977,1.1186,79.5867,-0.0,-2.8372,80.7213,,,,,,,,,,,,0.65,0.634,0.545,0.698,0
69.68,-0.5977,1.1186,79.5867,-0.0,-2.8372,80.7213,,,,,,,,,,,,0.65,0.634,0.545,0.698,0
69.7,-0.4248,0.415,79.08,0.3894,-2.6379,80.7213,,,,,,,,,,,,0.65,0.634,0.545,0.698,0
69.72,-0.4248,0.415,79.08,0.3894,-2.6379,80.7213,,,,,,,,,,,,0.62,0.68,0.73,0.503,0
69.74,-0.4248,0.415,79.08,0.3894,-2.6379,80.7213,,,,,,,,,,,,0.62,0.68,0.73,0.503,0
69.76,-0.4248,0.415,79.08,0.3894,-2.6379,80.7213,,,,,,,,,,,,0.62,0.68,0.73,0.503,0
69.78,-0.4248,0.415,79.08,0.3894,-2.6379,80.7213,,,,,,,,,,,,0.62,0.68,0.73,0.503,0
69.8,1.4445,0.0188,78.5265,1.2109,-2.2262,80.7214,,,,,,,,,,,,0.62,0.68,0.73,0.503,0
69.82,1.4445,0.0188,78.5265,1.2109,-2.2262,80.7214,,,,,,,,,,,,0.705,0.607,0.588,0.658,0
69.84,1.4445,0.0188,78.5265,1.2109,-2.2262,80.7214,,,,,,,,,,,,0.705,0.607,0.588,0.658,0
69.86,1.4445,0.0188,78.5265,1.2109,-2.2262,80.7214,,,,,,,,,,,,0.705,0.607,0.588,0.658,0
69.88,1.4445,0.0188,78.5265,1.2109,-2.2262,80.7214,,,,,,,,,,,,0.705,0.607,0.588,0.658,0
69.9,1.929,0.0864,77.3964,1.3068,-1.7921,80.7214,,,,,,,,,,,,0.705,0.607,0.588,0.658,0
69.92,1.929,0.0864,77.3964,1.3068,-1.7921,80.7214,,,,,,,,,,,,0.677,0.668,0.61,0.634,0
69.94,1.929,0.0864,77.3964,1.3068,-1.7921,80.7214,,,,,,,,,,,,0.677,0.668,0.61,0.634,0
69.96,1.929,0.0864,77.3964,1.3068,-1.7921,80.7214,,,,,,,,,,,,0.677,0.668,0.61,0.634,0
69.98,1.929,0.0864,77.3964,1.3068,-1.7921,80.7214,,,,,,,,,,,,0.677,0.668,0.61,0.634,0
70.0,3.6308,1.199,76.4809,1.1773,-1.3867,80.7214,,,,,,,,,,,,0.677,0.668,0.61,0.634,0
70.02,3.6308,1.199,76.4809,1.1773,-1.3867,80.7214,,,,,,,,,,,,0.738,0.634,0.565,0.678,0
70.04,3.6308,1.199,76.4809,1.1773,-1.3867,80.7214,,,,,,,,,,,,0.738,0.634,0.565,0.678,0
70.06,3.6308,1.199,76.4809,1.1773,-1.3867,80.7214,,,,,,,,,,,,0.738,0.634,0.565,0.678,0
70.08,3.6308,1.199,76.4809,1.1773,-1.3867,80.7214,,,,,,,,,,,,0.738,0.634,0.565,0.678,0
70.1,2.6153,1.1109,75.2901,0.9405,-1.0963,80.7214,,,,,,,,,,,,0.738,0.634,0.565,0.678,0
70.12,2.6153,1.1109,75.2901,0.9405,-1.0963,80.7214,,,,,,,,,,,,0.686,0.702,0.632,0.601,0
70.14,2.6153,1.1109,75.2901,0.9405,-1.0963,80.7214,,,,,,,,,,,,0.686,0.702,0.632,0.601,0
70.16,2.6153,1.1109,75.2901,0.9405,-1.0963,80.7214,,,,,,,,,,,,0.686,0.702,0.632,0.601,0
70.18,2.6153,1.1109,75.2901,0.9405,-1.0963,80.7214,,,,,,,,,,,,0.686,0.702,0.632,0.601,0
70.2,2.3848,1.0021,74.4918,0.698,-0.9576,80.7214,,,,,,,,,,,,0.686,0.702,0.632,0.601,0
70.22,2.3848,1.0021,74.4918,0.698,-0.9576,80.7214,,,,,,,,,,,,0.729,0.66,0.489,0.712,0
70.24,2.3848,1.0021,74.4918,0.698,-0.9576,80.7214,,,,,,,,,,,,0.729,0.66,0.489,0.712,0
70.26,2.3848,1.0021,74.4918,0.698,-0.9576,80.7214,,,,,,,,,,,,0.729,0.66,0.489,0.712,0
70.28,2.3848,1.0021,74.4918,0.698,-0.9576,80.7214,,,,,,,,,,,,0.729,0.66,0.489,0.712,0
70.3,0.9391,0.2668,73.9313,0.5368,-0.9861,80.7213,,,,,,,,,,,,0.729,0.66,0.489,0.712,0
70.32,0.9391,0.2668,73.9313,0.5368,-0.9861,80.7213,,,,,,,,,,,,0.677,0.71,0.634,0.58,0
70.34,0.9391,0.2668,73.9313,0.5368,-0.9861,80.7213,,,,,,,,,,,,0.677,0.71,0.634,0.58,0
70.36,0.9391,0.2668,73.9313,0.5368,-0.9861,80.7213,,,,,,,,,,,,0.677,0.71,0.634,0.58,0
70.38,0.9391,0.2668,73.9313,0.5368,-0.9861,80.7213,,,,,,,,,,,,0.677,0.71,0.634,0.58,0
70.4,1.924,0.7837,73.9111,0.35,-1.203,80.8161,,,,,,,,,,,,0.677,0.71,0.634,0.58,0
70.42,1.924,0.7837,73.9111,0.35,-1.203,80.8161,,,,,,,,,,,,0.688,0.694,0.595,0.615,0
70.44,1.924,0.7837,73.9111,0.35,-1.203,80.8161,,,,,,,,,,,,0.688,0.694,0.595,0.615,0
70.46,1.924,0.7837,73.9111,0.35,-1.203,80.8161,,,,,,,,,,,,0.688,0.694,0.595,0.615,0
70.48,1.924,0.7837,73.9111,0.35,-1.203,80.8161,,,,,,,,,,,,0.688,0.694,0.595,0.615,0
70.5,1.9572,1.0642,74.0348,0.1786,-1.4347,81.5197,,,,,,,,,,,,0.688,0.694,0.595,0.615,0
70.52,1.9572,1.0642,74.0348,0.1786,-1.4347,81.5197,,,,,,,,,,,,0.723,0.658,0.494,0.688,0
70.54,1.9572,1.0642,74.0348,0.1786,-1.4347,81.5197,,,,,,,,,,,,0.723,0.658,0.494,0.688,0
70.56,1.9572,1.0642,74.0348,0.1786,-1.4347,81.5197,,,,,,,,,,,,0.723,0.658,0.494,0.688,0
70.58,1.9572,1.0642,74.0348,0.1786,-1.4347,81.5197,,,,,,,,,,,,0.723,0.658,0.494,0.688,0
70.6,1.7798,0.2652,74.7283,0.0912,-1.5968,82.5111,,,,,,,,,,,,0.723,0.658,0.494,0.688,0
70.62,1.7798,0.2652,74.7283,0.0912,-1.5968,82.5111,,,,,,,,,,,,0.692,0.691,0.647,0.534,0
70.64,1.7798,0.2652,74.7283,0.0912,-1.5968,82.5111,,,,,,,,,,,,0.692,0.691,0.647,0.534,0
70.66,1.7798,0.2652,74.7283,0.0912,-1.5968,82.5111,,,,,,,,,,,,0.692,0.691,0.647,0.534,0
70.68,1.7798,0.2652,74.7283,0.0912,-1.5968,82.5111,,,,,,,,,,,,0.692,0.691,0.647,0.534,0
70.7,1.6598,-0.9622,75.5336,0.0465,-1.705,83.5972,,,,,,,,,,,,0.692,0.691,0.647,0.534,0
70.72,1.6598,-0.9622,75.5336,0.0465,-1.705,83.5972,,,,,,,,,,,,0.732,0.65,0.484,0.687,0
70.74,1.6598,-0.9622,75.5336,0.0465,-1.705,83.5972,,,,,,,,,,,,0.732,0.65,0.484,0.687,0
70.76,1.6598,-0.9622,75.5336,0.0465,-1.705,83.5972,,,,,,,,,,,,0.732,0.65,0.484,0.687,0
70.78,1.6598,-0.9622,75.5336,0.0465,-1.705,83.5972,,,,,,,,,,,,0.732,0.65,0.484,0.687,0
70.8,0.6071,-1.6336,76.7548,0.0238,-1.6898,84.2189,,,,,,,,,,,,0.732,0.65,0.484,0.687,0
70.82,0.6071,-1.6336,76.7548,0.0238,-1.6898,84.2189,,,,,,,,,,,,0.736,0.629,0.518,0.68,0
70.84,0.6071,-1.6336,76.7548,0.0238,-1.6898,84.2189,,,,,,,,,,,,0.736,0.629,0.518,0.68,0
70.86,0.6071,-1.6336,76.7548,0.0238,-1.6898,84.2189,,,,,,,,,,,,0.736,0.629,0.518,0.68,0
70.88,0.6071,-1.6336,76.7548,0.0238,-1.6898,84.2189,,,,,,,,,,,,0.736,0.629,0.518,0.68,0
70.9,1.7353,-1.4577,78.2152,0.0121,-1.5081,84.4157,,,,,,,,,,,,0.736,0.629,0.518,0.68,0
70.92,1.7353,-1.4577,78.2152,0.0121,-1.5081,84.4157,,,,,,,,,,,,0.695,0.65,0.621,0.614,0
70.94,1.7353,-1.4577,78.2152,0.0121,-1.5081,84.4157,,,,,,,,,,,,0.695,0.65,0.621,0.614,0
70.96,1.7353,-1.4577,78.2152,0.0121,-1.5081,84.4157,,,,,,,,,,,,0.695,0.65,0.621,0.614,0
70.98,1.7353,-1.4577,78.2152,0.0121,-1.5081,84.4157,,,,,,,,,,,,0.695,0.65,0.621,0.614,0
71.0,2.7647,-1.843,79.984,0.0062,-1.2575,84.4157,,,,,,,,,,,,0.695,0.65,0.621,0.614,0
71.02,2.7647,-1.843,79.984,0.0062,-1.2575,84.4157,,,,,,,,,,,,0.709,0.611,0.605,0.656,0
71.04,2.7647,-1.843,79.984,0.0062,-1.2575,84.4157,,,,,,,,,,,,0.709,0.611,0.605,0.656,0
71.06,2.7647,-1.843,79.984,0.0062,-1.2575,84.4157,,,,,,,,,,,,0.709,0.611,0.605,0.656,0
71.08,2.7647,-1.843,79.984,0.0062,-1.2575,84.4157,,,,,,,,,,,,0.709,0.611,0.605,0.656,0
71.1,0.5776,-1.4533,81.3023,0.0032,-1.0679,84.4158,,,,,,,,,,,,0.709,0.611,0.605,0.656,0
71.12,0.5776,-1.4533,81.3023,0.0032,-1.0679,84.4158,,,,,,,,,,,,0.636,0.672,0.62,0.655,0
71.14,0.5776,-1.4533,81.3023,0.0032,-1.0679,84.4158,,,,,,,,,,,,0.636,0.672,0.62,0.655,0
71.16,0.5776,-1.4533,81.3023,0.0032,-1.0679,84.4158,,,,,,,,,,,,0.636,0.672,0.62,0.655,0
71.18,0.5776,-1.4533,81.3023,0.0032,-1.0679,84.4158,,,,,,,,,,,,0.636,0.672,0.62,0.655,0
71.2,1.074,-0.1425,82.7199,0.0016,-1.002,84.4158,,,,,,,,,,,,0.636,0.672,0.62,0.655,0
71.22,1.074,-0.1425,82.7199,0.0016,-1.002,84.4158,,,,,,,,,,,,0.715,0.574,0.451,0.795,0
71.24,1.074,-0.1425,82.7199,0.0016,-1.002,84.4158,,,,,,,,,,,,0.715,0.574,0.451,0.795,0
71.26,1.074,-0.1425,82.7199,0.0016,-1.002,84.4158,,,,,,,,,,,,0.715,0.574,0.451,0.795,0
71.28,1.074,-0.1425,82.7199,0.0016,-1.002,84.4158,,,,,,,,,,,,0.715,0.574,0.451,0.795,0
71.3,2.5907,0.2358,84.0155,0.0008,-1.3495,84.4157,,,,,,,,,,,,0.715,0.574,0.451,0.795,0
71.32,2.5907,0.2358,84.0155,0.0008,-1.3495,84.4157,,,,,,,,,,,,0.658,0.623,0.583,0.712,0
71.34,2.5907,0.2358,84.0155,0.0008,-1.3495,84.4157,,,,,,,,,,,,0.658,0.623,0.583,0.712,0
71.36,2.5907,0.2358,84.0155,0.0008,-1.3495,84.4157,,,,,,,,,,,,0.658,0.623,0.583,0.712,0
71.38,2.5907,0.2358,84.0155,0.0008,-1.3495,84.4157,,,,,,,,,,,,0.658,0.623,0.583,0.712,0
71.4,3.1227,0.2333,84.8765,0.0004,-1.8941,84.4158,,,,,,,,,,,,0.658,0.623,0.583,0.712,0
71.42,3.1227,0.2333,84.8765,0.0004,-1.8941,84.4158,,,,,,,,,,,,0.612,0.669,0.668,0.64,0
71.44,3.1227,0.2333,84.8765,0.0004,-1.8941,84.4158,,,,,,,,,,,,0.612,0.669,0.668,0.64,0
71.46,3.1227,0.2333,84.8765,0.0004,-1.8941,84.4158,,,,,,,,,,,,0.612,0.669,0.668,0.64,0
71.48,3.1227,0.2333,84.8765,0.0004,-1.8941,84.4158,,,,,,,,,,,,0.612,0.669,0.668,0.64,0
71.5,1.7983,-1.2727,85.2826,0.0002,-2.0551,84.4157,,,,,,,,,,,,0.612,0.669,0.668,0.64,0
71.52,1.7983,-1.2727,85.2826,0.0002,-2.0551,84.4157,,,,,,,,,,,,0.653,0.647,0.709,0.611,0
71.54,1.7983,-1.2727,85.2826,0.0002,-2.0551,84.4157,,,,,,,,,,,,0.653,0.647,0.709,0.611,0
71.56,1.7983,-1.2727,85.2826,0.0002,-2.0551,84.4157,,,,,,,,,,,,0.653,0.647,0.709,0.611,0
71.58,1.7983,-1.2727,85.2826,0.0002,-2.0551,84.4157,,,,,,,,,,,,0.653,0.647,0.709,0.611,0
71.6,-0.5622,-2.7835,85.2673,0.0001,-1.8851,84.4157,,,,,,,,,,,,0.653,0.647,0.709,0.611,0
71.62,-0.5622,-2.7835,85.2673,0.0001,-1.8851,84.4157,,,,,,,,,,,,0.628,0.678,0.723,0.59,0
71.64,-0.5622,-2.7835,85.2673,0.0001,-1.8851,84.4157,,,,,,,,,,,,0.628,0.678,0.723,0.59,0
71.66,-0.5622,-2.7835,85.2673,0.0001,-1.8851,84.4157,,,,,,,,,,,,0.628,0.678,0.723,0.59,0
71.68,-0.5622,-2.7835,85.2673,0.0001,-1.8851,84.4157,,,,,,,,,,,,0.628,0.678,0.723,0.59,0
71.7,-2.2547,-2.6186,85.2337,0.0001,-1.6687,84.4157,,,,,,,,,,,,0.628,0.678,0.723,0.59,0
71.72,-2.2547,-2.6186,85.2337,0.0001,-1.6687,84.4157,,,,,,,,,,,,0.68,0.623,0.548,0.754,0
71.74,-2.2547,-2.6186,85.2337,0.0001,-1.6687,84.4157,,,,,,,,,,,,0.68,0.623,0.548,0.754,0
71.76,-2.2547,-2.6186,85.2337,0.0001,-1.6687,84.4157,,,,,,,,,,,,0.68,0.623,0.548,0.754,0
71.78,-2.2547,-2.6186,85.2337,0.0001,-1.6687,84.4157,,,,,,,,,,,,0.68,0.623,0.548,0.754,0
71.8,-0.237,-1.989,85.7962,0.0,-1.4899,84.4158,,,,,,,,,,,,0.68,0.623,0.548,0.754,0
71.82,-0.237,-1.989,85.7962,0.0,-1.4899,84.4158,,,,,,,,,,,,0.669,0.627,0.663,0.662,0
71.84,-0.237,-1.989,85.7962,0.0,-1.4899,84.4158,,,,,,,,,,,,0.669,0.627,0.663,0.662,0
71.86,-0.237,-1.989,85.7962,0.0,-1.4899,84.4158,,,,,,,,,,,,0.669,0.627,0.663,0.662,0
71.88,-0.237,-1.989,85.7962,0.0,-1.4899,84.4158,,,,,,,,,,,,0.669,0.627,0.663,0.662,0
71.9,0.5347,-1.0603,85.9862,0.0,-1.325,84.4157,,,,,,,,,,,,0.669,0.627,0.663,0.662,0
71.92,0.5347,-1.0603,85.9862,0.0,-1.325,84.4157,,,,,,,,,,,,0.595,0.697,0.722,0.601,0
71.94,0.5347,-1.0603,85.9862,0.0,-1.325,84.4157,,,,,,,,,,,,0.595,0.697,0.722,0.601,0
71.96,0.5347,-1.0603,85.9862,0.0,-1.325,84.4157,,,,,,,,,,,,0.595,0.697,0.722,0.601,0
71.98,0.5347,-1.0603,85.9862,0.0,-1.325,84.4157,,,,,,,,,,,,0.595,0.697,0.722,0.601,0
72.0,1.2175,-0.3557,85.9333,0.0,-1.2077,84.4157,,,,,,,,,,,,0.595,0.697,0.722,0.601,0
72.02,1.2175,-0.3557,85.9333,0.0,-1.2077,84.4157,,,,,,,,,,,,0.631,0.673,0.725,0.594,0
72.04,1.2175,-0.3557,85.9333,0.0,-1.2077,84.4157,,,,,,,,,,,,0.631,0.673,0.725,0.594,0
72.06,1.2175,-0.3557,85.9333,0.0,-1.2077,84.4157,,,,,,,,,,,,0.631,0.673,0.725,0.594,0
72.08,1.2175,-0.3557,85.9333,0.0,-1.2077,84.4157,,,,,,,,,,,,0.631,0.673,0.725,0.594,0
72.1,0.5211,-1.2694,85.676,0.0,-1.0789,84.4157,,,,,,,,,,,,0.631,0.673,0.725,0.594,0
72.12,0.5211,-1.2694,85.676,0.0,-1.0789,84.4157,,,,,,,,,,,,0.662,0.651,0.623,0.7,0
72.14,0.5211,-1.2694,85.676,0.0,-1.0789,84.4157,,,,,,,,,,,,0.662,0.651,0.623,0.7,0
72.16,0.5211,-1.2694,85.676,0.0,-1.0789,84.4157,,,,,,,,,,,,0.662,0.651,0.623,0.7,0
72.18,0.5211,-1.2694,85.676,0.0,-1.0789,84.4157,,,,,,,,,,,,0.662,0.651,0.623,0.7,0
72.2,2.4078,-0.4043,87.3108,0.0,-0.9585,84.4157,,,,,,,,,,,,0.662,0.651,0.623,0.7,0
72.22,2.4078,-0.4043,87.3108,0.0,-0.9585,84.4157,,,,,,,,,,,,0.64,0.637,0.664,0.707,0
72.24,2.4078,-0.4043,87.3108,0.0,-0.9585,84.4157,,,,,,,,,,,,0.64,0.637,0.664,0.707,0
72.26,2.4078,-0.4043,87.3108,0.0,-0.9585,84.4157,,,,,,,,,,,,0.64,0.637,0.664,0.707,0
72.28,2.4078,-0.4043,87.3108,0.0,-0.9585,84.4157,,,,,,,,,,,,0.64,0.637,0.664,0.707,0
72.3,3.4153,0.7923,89.7118,0.0,-0.8744,84.4157,,,,,,,,,,,,0.64,0.637,0.664,0.707,0
72.32,3.4153,0.7923,89.7118,0.0,-0.8744,84.4157,,,,,,,,,,,,0.654,0.581,0.64,0.77,0
72.34,3.4153,0.7923,89.7118,0.0,-0.8744,84.4157,,,,,,,,,,,,0.654,0.581,0.64,0.77,0
72.36,3.4153,0.7923,89.7118,0.0,-0.8744,84.4157,,,,,,,,,,,,0.654,0.581,0.64,0.77,0
72.38,3.4153,0.7923,89.7118,0.0,-0.8744,84.4157,,,,,,,,,,,,0.654,0.581,0.64,0.77,0
72.4,-1.3051,-0.0652,90.7196,0.0,-0.7632,84.4157,,,,,,,,,,,,0.654,0.581,0.64,0.77,0
72.42,-1.3051,-0.0652,90.7196,0.0,-0.7632,84.4157,,,,,,,,,,,,0.539,0.691,0.788,0.616,0
72.44,-1.3051,-0.0652,90.7196,0.0,-0.7632,84.4157,,,,,,,,,,,,0.539,0.691,0.788,0.616,0
72.46,-1.3051,-0.0652,90.7196,0.0,-0.7632,84.4157,,,,,,,,,,,,0.539,0.691,0.788,0.616,0
72.48,-1.3051,-0.0652,90.7196,0.0,-0.7632,84.4157,,,,,,,,,,,,0.539,0.691,0.788,0.616,0
72.5,-3.1571,-1.3491,90.6441,0.0,-0.6328,84.4157,,,,,,,,,,,,0.539,0.691,0.788,0.616,0
72.52,-3.1571,-1.3491,90.6441,0.0,-0.6328,84.4157,,,,,,,,,,,,0.642,0.611,0.707,0.684,0
72.54,-3.1571,-1.3491,90.6441,0.0,-0.6328,84.4157,,,,,,,,,,,,0.642,0.611,0.707,0.684,0
72.56,-3.1571,-1.3491,90.6441,0.0,-0.6328,84.4157,,,,,,,,,,,,0.642,0.611,0.707,0.684,0
72.58,-3.1571,-1.3491,90.6441,0.0,-0.6328,84.4157,,,,,,,,,,,,0.642,0.611,0.707,0.684,0
72.6,-1.8672,-1.551,89.5534,0.0,-0.5532,84.4157,,,,,,,,,,,,0.642,0.611,0.707,0.684,0
72.62,-1.8672,-1.551,89.5534,0.0,-0.5532,84.4157,,,,,,,,,,,,0.674,0.602,0.615,0.746,0
72.64,-1.8672,-1.551,89.5534,0.0,-0.5532,84.4157,,,,,,,,,,,,0.674,0.602,0.615,0.746,0
72.66,-1.8672,-1.551,89.5534,0.0,-0.5532,84.4157,,,,,,,,,,,,0.674,0.602,0.615,0.746,0
72.68,-1.8672,-1.551,89.5534,0.0,-0.5532,84.4157,,,,,,,,,,,,0.674,0.602,0.615,0.746,0
72.7,-0.0801,-0.5876,87.9129,0.0,-0.5207,84.4157,,,,,,,,,,,,0.674,0.602,0.615,0.746,0
72.72,-0.0801,-0.5876,87.9129,0.0,-0.5207,84.4157,,,,,,,,,,,,0.631,0.677,0.693,0.648,0
72.74,-0.0801,-0.5876,87.9129,0.0,-0.5207,84.4157,,,,,,,,,,,,0.631,0.677,0.693,0.648,0
72.76,-0.0801,-0.5876,87.9129,0.0,-0.5207,84.4157,,,,,,,,,,,,0.631,0.677,0.693,0.648,0
72.78,-0.0801,-0.5876,87.9129,0.0,-0.5207,84.4157,,,,,,,,,,,,0.631,0.677,0.693,0.648,0
72.8,-0.0802,-0.0393,86.3014,0.0,-0.6001,84.4157,,,,,,,,,,,,0.631,0.677,0.693,0.648,0
72.82,-0.0802,-0.0393,86.3014,0.0,-0.6001,84.4157,,,,,,,,,,,,0.645,0.677,0.644,0.669,0
72.84,-0.0802,-0.0393,86.3014,0.0,-0.6001,84.4157,,,,,,,,,,,,0.645,0.677,0.644,0.669,0
72.86,-0.0802,-0.0393,86.3014,0.0,-0.6001,84.4157,,,,,,,,,,,,0.645,0.677,0.644,0.669,0
72.88,-0.0802,-0.0393,86.3014,0.0,-0.6001,84.4157,,,,,,,,,,,,0.645,0.677,0.644,0.669,0
72.9,-2.5606,-1.2641,84.6317,0.0,-1.5178,84.4157,,,,,,,,,,,,0.645,0.677,0.644,0.669,0
72.92,-2.5606,-1.2641,84.6317,0.0,-1.5178,84.4157,,,,,,,,,,,,0.676,0.606,0.535,0.693,0
72.94,-2.5606,-1.2641,84.6317,0.0,-1.5178,84.4157,,,,,,,,,,,,0.676,0.606,0.535,0.693,0
72.96,-2.5606,-1.2641,84.6317,0.0,-1.5178,84.4157,,,,,,,,,,,,0.676,0.606,0.535,0.693,0
72.98,-2.5606,-1.2641,84.6317,0.0,-1.5178,84.4157,,,,,,,,,,,,0.676,0.606,0.535,0.693,0
73.0,-2.9567,-3.0879,83.6966,0.0,-2.3624,84.4157,,,,,,,,,,,,0.676,0.606,0.535,0.693,0
73.02,-2.9567,-3.0879,83.6966,0.0,-2.3624,84.4157,,,,,,,,,,,,0.677,0.61,0.634,0.596,0
73.04,-2.9567,-3.0879,83.6966,0.0,-2.3624,84.4157,,,,,,,,,,,,0.677,0.61,0.634,0.596,0
73.06,-2.9567,-3.0879,83.6966,0.0,-2.3624,84.4157,,,,,,,,,,,,0.677,0.61,0.634,0.596,0
73.08,-2.9567,-3.0879,83.6966,0.0,-2.3624,84.4157,,,,,,,,,,,,0.677,0.61,0.634,0.596,0
73.1,-1.7309,-4.3902,83.5923,0.0,-2.5144,84.4157,,,,,,,,,,,,0.677,0.61,0.634,0.596,0
73.12,-1.7309,-4.3902,83.5923,0.0,-2.5144,84.4157,,,,,,,,,,,,0.705,0.567,0.468,0.746,0
73.14,-1.7309,-4.3902,83.5923,0.0,-2.5144,84.4157,,,,,,,,,,,,0.705,0.567,0.468,0.746,0
73.16,-1.7309,-4.3902,83.5923,0.0,-2.5144,84.4157,,,,,,,,,,,,0.705,0.567,0.468,0.746,0
73.18,-1.7309,-4.3902,83.5923,0.0,-2.5144,84.4157,,,,,,,,,,,,0.705,0.567,0.468,0.746,0
73.2,0.2025,-3.2463,84.1093,0.0,-2.5229,84.4158,,,,,,,,,,,,0.705,0.567,0.468,0.746,0
73.22,0.2025,-3.2463,84.1093,0.0,-2.5229,84.4158,,,,,,,,,,,,0.685,0.573,0.463,0.765,0
73.24,0.2025,-3.2463,84.1093,0.0,-2.5229,84.4158,,,,,,,,,,,,0.685,0.573,0.463,0.765,0
73.26,0.2025,-3.2463,84.1093,0.0,-2.5229,84.4158,,,,,,,,,,,,0.685,0.573,0.463,0.765,0
73.28,0.2025,-3.2463,84.1093,0.0,-2.5229,84.4158,,,,,,,,,,,,0.685,0.573,0.463,0.765,0
73.3,-0.2388,-1.7419,84.7509,0.0,-2.5898,84.4158,,,,,,,,,,,,0.685,0.573,0.463,0.765,0
73.32,-0.2388,-1.7419,84.7509,0.0,-2.5898,84.4158,,,,,,,,,,,,0.626,0.628,0.594,0.68,0
73.34,-0.2388,-1.7419,84.7509,0.0,-2.5898,84.4158,,,,,,,,,,,,0.626,0.628,0.594,0.68,0
73.36,-0.2388,-1.7419,84.7509,0.0,-2.5898,84.4158,,,,,,,,,,,,0.626,0.628,0.594,0.68,0
73.38,-0.2388,-1.7419,84.7509,0.0,-2.5898,84.4158,,,,,,,,,,,,0.626,0.628,0.594,0.68,0
73.4,-1.1969,-1.4982,85.1658,0.0,-2.6462,84.4157,,,,,,,,,,,,0.626,0.628,0.594,0.68,0
73.42,-1.1969,-1.4982,85.1658,0.0,-2.6462,84.4157,,,,,,,,,,,,0.6,0.648,0.691,0.577,0
73.44,-1.1969,-1.4982,85.1658,0.0,-2.6462,84.4157,,,,,,,,,,,,0.6,0.648,0.691,0.577,0
73.46,-1.1969,-1.4982,85.1658,0.0,-2.6462,84.4157,,,,,,,,,,,,0.6,0.648,0.691,0.577,0
73.48,-1.1969,-1.4982,85.1658,0.0,-2.6462,84.4157,,,,,,,,,,,,0.6,0.648,0.691,0.577,0
73.5,-2.5689,-2.1327,85.2859,-0.3026,-2.6068,84.4157,,,,,,,,,,,,0.6,0.648,0.691,0.577,0
73.52,-2.5689,-2.1327,85.2859,-0.3026,-2.6068,84.4157,,,,,,,,,,,,0.654,0.594,0.612,0.661,0
73.54,-2.5689,-2.1327,85.2859,-0.3026,-2.6068,84.4157,,,,,,,,,,,,0.654,0.594,0.612,0.661,0
73.56,-2.5689,-2.1327,85.2859,-0.3026,-2.6068,84.4157,,,,,,,,,,,,0.654,0.594,0.612,0.661,0
73.58,-2.5689,-2.1327,85.2859,-0.3026,-2.6068,84.4157,,,,,,,,,,,,0.654,0.594,0.612,0.661,0
73.6,-2.2037,-1.6885,85.4611,-0.6699,-2.4152,84.4157,,,,,,,,,,,,0.654,0.594,0.612,0.661,0
73.62,-2.2037,-1.6885,85.4611,-0.6699,-2.4152,84.4157,,,,,,,,,,,,0.599,0.65,0.725,0.535,0
73.64,-2.2037,-1.6885,85.4611,-0.6699,-2.4152,84.4157,,,,,,,,,,,,0.599,0.65,0.725,0.535,0
73.66,-2.2037,-1.6885,85.4611,-0.6699,-2.4152,84.4157,,,,,,,,,,,,0.599,0.65,0.725,0.535,0
73.68,-2.2037,-1.6885,85.4611,-0.6699,-2.4152,84.4157,,,,,,,,,,,,0.599,0.65,0.725,0.535,0
73.7,-2.5863,-1.1346,85.8544,-0.9044,-2.2304,84.4156,,,,,,,,,,,,0.599,0.65,0.725,0.535,0
73.72,-2.5863,-1.1346,85.8544,-0.9044,-2.2304,84.4156,,,,,,,,,,,,0.623,0.619,0.62,0.663,0
73.74,-2.5863,-1.1346,85.8544,-0.9044,-2.2304,84.4156,,,,,,,,,,,,0.623,0.619,0.62,0.663,0
73.76,-2.5863,-1.1346,85.8544,-0.9044,-2.2304,84.4156,,,,,,,,,,,,0.623,0.619,0.62,0.663,0
73.78,-2.5863,-1.1346,85.8544,-0.9044,-2.2304,84.4156,,,,,,,,,,,,0.623,0.619,0.62,0.663,0
73.8,-3.4601,-1.5277,85.9443,-1.02,-2.162,84.4156,,,,,,,,,,,,0.623,0.619,0.62,0.663,0
73.82,-3.4601,-1.5277,85.9443,-1.02,-2.162,84.4156,,,,,,,,,,,,0.579,0.661,0.725,0.548,0
73.84,-3.4601,-1.5277,85.9443,-1.02,-2.162,84.4156,,,,,,,,,,,,0.579,0.661,0.725,0.548,0
73.86,-3.4601,-1.5277,85.9443,-1.02,-2.162,84.4156,,,,,,,,,,,,0.579,0.661,0.725,0.548,0
73.88,-3.4601,-1.5277,85.9443,-1.02,-2.162,84.4156,,,,,,,,,,,,0.579,0.661,0.725,0.548,0
73.9,-2.4574,-2.1028,86.0123,-1.1105,-2.1845,84.4156,,,,,,,,,,,,0.579,0.661,0.725,0.548,0
73.92,-2.4574,-2.1028,86.0123,-1.1105,-2.1845,84.4156,,,,,,,,,,,,0.696,0.538,0.488,0.767,0
73.94,-2.4574,-2.1028,86.0123,-1.1105,-2.1845,84.4156,,,,,,,,,,,,0.696,0.538,0.488,0.767,0
73.96,-2.4574,-2.1028,86.0123,-1.1105,-2.1845,84.4156,,,,,,,,,,,,0.696,0.538,0.488,0.767,0
73.98,-2.4574,-2.1028,86.0123,-1.1105,-2.1845,84.4156,,,,,,,,,,,,0.696,0.538,0.488,0.767,0
74.0,-3.0936,-2.8118,86.4522,-1.2416,-2.1616,84.4156,,,,,,,,,,,,0.696,0.538,0.488,0.767,0
74.02,-3.0936,-2.8118,86.4522,-1.2416,-2.1616,84.4156,,,,,,,,,,,,0.581,0.653,0.648,0.649,0
74.04,-3.0936,-2.8118,86.4522,-1.2416,-2.1616,84.4156,,,,,,,,,,,,0.581,0.653,0.648,0.649,0
74.06,-3.0936,-2.8118,86.4522,-1.2416,-2.1616,84.4156,,,,,,,,,,,,0.581,0.653,0.648,0.649,0
74.08,-3.0936,-2.8118,86.4522,-1.2416,-2.1616,84.4156,,,,,,,,,,,,0.581,0.653,0.648,0.649,0
74.1,-2.0082,-1.9955,87.0287,-1.1809,-2.1414,84.4156,,,,,,,,,,,,0.581,0.653,0.648,0.649,0
74.12,-2.0082,-1.9955,87.0287,-1.1809,-2.1414,84.4156,,,,,,,,,,,,0.594,0.646,0.685,0.628,0
74.14,-2.0082,-1.9955,87.0287,-1.1809,-2.1414,84.4156,,,,,,,,,,,,0.594,0.646,0.685,0.628,0
74.16,-2.0082,-1.9955,87.0287,-1.1809,-2.1414,84.4156,,,,,,,,,,,,0.594,0.646,0.685,0.628,0
74.18,-2.0082,-1.9955,87.0287,-1.1809,-2.1414,84.4156,,,,,,,,,,,,0.594,0.646,0.685,0.628,0
74.2,-2.1384,-1.4539,87.0661,-0.9049,-2.1885,84.4156,,,,,,,,,,,,0.594,0.646,0.685,0.628,0
74.22,-2.1384,-1.4539,87.0661,-0.9049,-2.1885,84.4156,,,,,,,,,,,,0.638,0.608,0.656,0.66,0
74.24,-2.1384,-1.4539,87.0661,-0.9049,-2.1885,84.4156,,,,,,,,,,,,0.638,0.608,0.656,0.66,0
74.26,-2.1384,-1.4539,87.0661,-0.9049,-2.1885,84.4156,,,,,,,,,,,,0.638,0.608,0.656,0.66,0
74.28,-2.1384,-1.4539,87.0661,-0.9049,-2.1885,84.4156,,,,,,,,,,,,0.638,0.608,0.656,0.66,0
74.3,0.0883,-1.3766,87.0791,-0.6436,-2.0818,84.4156,,,,,,,,,,,,0.638,0.608,0.656,0.66,0
74.32,0.0883,-1.3766,87.0791,-0.6436,-2.0818,84.4156,,,,,,,,,,,,0.716,0.539,0.584,0.735,0
74.34,0.0883,-1.3766,87.0791,-0.6436,-2.0818,84.4156,,,,,,,,,,,,0.716,0.539,0.584,0.735,0
74.36,0.0883,-1.3766,87.0791,-0.6436,-2.0818,84.4156,,,,,,,,,,,,0.716,0.539,0.584,0.735,0
74.38,0.0883,-1.3766,87.0791,-0.6436,-2.0818,84.4156,,,,,,,,,,,,0.716,0.539,0.584,0.735,0
74.4,0.1935,-1.4565,86.9716,-0.3436,-1.9149,84.4156,,,,,,,,,,,,0.716,0.539,0.584,0.735,0
74.42,0.1935,-1.4565,86.9716,-0.3436,-1.9149,84.4156,,,,,,,,,,,,0.619,0.658,0.665,0.669,0
74.44,0.1935,-1.4565,86.9716,-0.3436,-1.9149,84.4156,,,,,,,,,,,,0.619,0.658,0.665,0.669,0
74.46,0.1935,-1.4565,86.9716,-0.3436,-1.9149,84.4156,,,,,,,,,,,,0.619,0.658,0.665,0.669,0
74.48,0.1935,-1.4565,86.9716,-0.3436,-1.9149,84.4156,,,,,,,,,,,,0.619,0.658,0.665,0.669,0
74.5,-0.5234,-1.5853,86.8612,-0.1754,-1.743,84.4156,,,,,,,,,,,,0.619,0.658,0.665,0.669,0
74.52,-0.5234,-1.5853,86.8612,-0.1754,-1.743,84.4156,,,,,,,,,,,,0.61,0.666,0.685,0.649,0
74.54,-0.5234,-1.5853,86.8612,-0.1754,-1.743,84.4156,,,,,,,,,,,,0.61,0.666,0.685,0.649,0
74.56,-0.5234,-1.5853,86.8612,-0.1754,-1.743,84.4156,,,,,,,,,,,,0.61,0.666,0.685,0.649,0
74.58,-0.5234,-1.5853,86.8612,-0.1754,-1.743,84.4156,,,,,,,,,,,,0.61,0.666,0.685,0.649,0
74.6,-0.5396,-1.6744,86.9514,-0.0896,-1.5718,84.4156,,,,,,,,,,,,0.61,0.666,0.685,0.649,0
74.62,-0.5396,-1.6744,86.9514,-0.0896,-1.5718,84.4156,,,,,,,,,,,,0.635,0.634,0.68,0.656,0
74.64,-0.5396,-1.6744,86.9514,-0.0896,-1.5718,84.4156,,,,,,,,,,,,0.635,0.634,0.68,0.656,0
74.66,-0.5396,-1.6744,86.9514,-0.0896,-1.5718,84.4156,,,,,,,,,,,,0.635,0.634,0.68,0.656,0
74.68,-0.5396,-1.6744,86.9514,-0.0896,-1.5718,84.4156,,,,,,,,,,,,0.635,0.634,0.68,0.656,0
74.7,-1.0001,-2.2292,86.8245,-0.0457,-1.4929,84.4156,,,,,,,,,,,,0.635,0.634,0.68,0.656,0
74.72,-1.0001,-2.2292,86.8245,-0.0457,-1.4929,84.4156,,,,,,,,,,,,0.626,0.645,0.687,0.641,0
74.74,-1.0001,-2.2292,86.8245,-0.0457,-1.4929,84.4156,,,,,,,,,,,,0.626,0.645,0.687,0.641,0
74.76,-1.0001,-2.2292,86.8245,-0.0457,-1.4929,84.4156,,,,,,,,,,,,0.626,0.645,0.687,0.641,0
74.78,-1.0001,-2.2292,86.8245,-0.0457,-1.4929,84.4156,,,,,,,,,,,,0.626,0.645,0.687,0.641,0
74.8,-0.2787,-2.2866,86.6824,-0.0233,-1.5129,84.4156,,,,,,,,,,,,0.626,0.645,0.687,0.641,0
74.82,-0.2787,-2.2866,86.6824,-0.0233,-1.5129,84.4156,,,,,,,,,,,,0.679,0.591,0.552,0.76,0
74.84,-0.2787,-2.2866,86.6824,-0.0233,-1.5129,84.4156,,,,,,,,,,,,0.679,0.591,0.552,0.76,0
74.86,-0.2787,-2.2866,86.6824,-0.0233,-1.5129,84.4156,,,,,,,,,,,,0.679,0.591,0.552,0.76,0
74.88,-0.2787,-2.2866,86.6824,-0.0233,-1.5129,84.4156,,,,,,,,,,,,0.679,0.591,0.552,0.76,0
74.9,0.1061,-2.2787,86.9595,-0.0119,-1.5922,84.4155,,,,,,,,,,,,0.679,0.591,0.552,0.76,0
74.92,0.1061,-2.2787,86.9595,-0.0119,-1.5922,84.4155,,,,,,,,,,,,0.632,0.621,0.687,0.629,0
74.94,0.1061,-2.2787,86.9595,-0.0119,-1.5922,84.4155,,,,,,,,,,,,0.632,0.621,0.687,0.629,0
74.96,0.1061,-2.2787,86.9595,-0.0119,-1.5922,84.4155,,,,,,,,,,,,0.632,0.621,0.687,0.629,0
74.98,0.1061,-2.2787,86.9595,-0.0119,-1.5922,84.4155,,,,,,,,,,,,0.632,0.621,0.687,0.629,0
75.0,-0.2219,-1.1949,86.987,-0.0061,-1.7441,84.4155,,,,,,,,,,,,0.632,0.621,0.687,0.629,0
75.02,-0.2219,-1.1949,86.987,-0.0061,-1.7441,84.4155,,,,,,,,,,,,0.581,0.649,0.632,0.668,0
75.04,-0.2219,-1.1949,86.987,-0.0061,-1.7441,84.4155,,,,,,,,,,,,0.581,0.649,0.632,0.668,0
75.06,-0.2219,-1.1949,86.987,-0.0061,-1.7441,84.4155,,,,,,,,,,,,0.581,0.649,0.632,0.668,0
75.08,-0.2219,-1.1949,86.987,-0.0061,-1.7441,84.4155,,,,,,,,,,,,0.581,0.649,0.632,0.668,0
75.1,-0.8457,-0.7033,86.6526,-0.0031,-1.9303,84.4155,,,,,,,,,,,,0.581,0.649,0.632,0.668,0
75.12,-0.8457,-0.7033,86.6526,-0.0031,-1.9303,84.4155,,,,,,,,,,,,0.551,0.677,0.717,0.558,0
75.14,-0.8457,-0.7033,86.6526,-0.0031,-1.9303,84.4155,,,,,,,,,,,,0.551,0.677,0.717,0.558,0
75.16,-0.8457,-0.7033,86.6526,-0.0031,-1.9303,84.4155,,,,,,,,,,,,0.551,0.677,0.717,0.558,0
75.18,-0.8457,-0.7033,86.6526,-0.0031,-1.9303,84.4155,,,,,,,,,,,,0.551,0.677,0.717,0.558,0
75.2,-1.0612,-1.4641,86.1158,-0.0016,-1.9413,84.4155,,,,,,,,,,,,0.551,0.677,0.717,0.558,0
75.22,-1.0612,-1.4641,86.1158,-0.0016,-1.9413,84.4155,,,,,,,,,,,,0.64,0.599,0.592,0.681,0
75.24,-1.0612,-1.4641,86.1158,-0.0016,-1.9413,84.4155,,,,,,,,,,,,0.64,0.599,0.592,0.681,0
75.26,-1.0612,-1.4641,86.1158,-0.0016,-1.9413,84.4155,,,,,,,,,,,,0.64,0.599,0.592,0.681,0
75.28,-1.0612,-1.4641,86.1158,-0.0016,-1.9413,84.4155,,,,,,,,,,,,0.64,0.599,0.592,0.681,0
75.3,0.4596,-2.523,86.0651,-0.0008,-1.8197,84.4155,,,,,,,,,,,,0.64,0.599,0.592,0.681,0
75.32,0.4596,-2.523,86.0651,-0.0008,-1.8197,84.4155,,,,,,,,,,,,0.678,0.557,0.602,0.671,0
75.34,0.4596,-2.523,86.0651,-0.0008,-1.8197,84.4155,,,,,,,,,,,,0.678,0.557,0.602,0.671,0
75.36,0.4596,-2.523,86.0651,-0.0008,-1.8197,84.4155,,,,,,,,,,,,0.678,0.557,0.602,0.671,0
75.38,0.4596,-2.523,86.0651,-0.0008,-1.8197,84.4155,,,,,,,,,,,,0.678,0.557,0.602,0.671,0
75.4,0.9647,-2.4556,85.5108,-0.0004,-1.6741,84.4155,,,,,,,,,,,,0.678,0.557,0.602,0.671,0
75.42,0.9647,-2.4556,85.5108,-0.0004,-1.6741,84.4155,,,,,,,,,,,,0.642,0.611,0.649,0.621,0
75.44,0.9647,-2.4556,85.5108,-0.0004,-1.6741,84.4155,,,,,,,,,,,,0.642,0.611,0.649,0.621,0
75.46,0.9647,-2.4556,85.5108,-0.0004,-1.6741,84.4155,,,,,,,,,,,,0.642,0.611,0.649,0.621,0
75.48,0.9647,-2.4556,85.5108,-0.0004,-1.6741,84.4155,,,,,,,,,,,,0.642,0.611,0.649,0.621,0
75.5,0.0778,-1.7614,85.1796,-0.0002,-1.5086,84.4155,,,,,,,,,,,,0.642,0.611,0.649,0.621,0
75.52,0.0778,-1.7614,85.1796,-0.0002,-1.5086,84.4155,,,,,,,,,,,,0.587,0.663,0.61,0.656,0
75.54,0.0778,-1.7614,85.1796,-0.0002,-1.5086,84.4155,,,,,,,,,,,,0.587,0.663,0.61,0.656,0
75.56,0.0778,-1.7614,85.1796,-0.0002,-1.5086,84.4155,,,,,,,,,,,,0.587,0.663,0.61,0.656,0
75.58,0.0778,-1.7614,85.1796,-0.0002,-1.5086,84.4155,,,,,,,,,,,,0.587,0.663,0.61,0.656,0
75.6,0.1613,-0.8964,85.1908,-0.0001,-1.4186,84.4155,,,,,,,,,,,,0.587,0.663,0.61,0.656,0
75.62,0.1613,-0.8964,85.1908,-0.0001,-1.4186,84.4155,,,,,,,,,,,,0.661,0.582,0.577,0.683,0
75.64,0.1613,-0.8964,85.1908,-0.0001,-1.4186,84.4155,,,,,,,,,,,,0.661,0.582,0.577,0.683,0
75.66,0.1613,-0.8964,85.1908,-0.0001,-1.4186,84.4155,,,,,,,,,,,,0.661,0.582,0.577,0.683,0
75.68,0.1613,-0.8964,85.1908,-0.0001,-1.4186,84.4155,,,,,,,,,,,,0.661,0.582,0.577,0.683,0
75.7,0.2741,-0.7537,84.945,-0.0001,-1.3853,84.4155,,,,,,,,,,,,0.661,0.582,0.577,0.683,0
75.72,0.2741,-0.7537,84.945,-0.0001,-1.3853,84.4155,,,,,,,,,,,,0.613,0.583,0.631,0.573,0
75.74,0.2741,-0.7537,84.945,-0.0001,-1.3853,84.4155,,,,,,,,,,,,0.613,0.583,0.631,0.573,0
75.76,0.2741,-0.7537,84.945,-0.0001,-1.3853,84.4155,,,,,,,,,,,,0.613,0.583,0.631,0.573,0
75.78,0.2741,-0.7537,84.945,-0.0001,-1.3853,84.4155,,,,,,,,,,,,0.613,0.583,0.631,0.573,0
75.8,-0.3623,-0.9282,84.8332,-0.0,-1.3276,84.4155,,,,,,,,,,,,0.613,0.583,0.631,0.573,0
75.82,-0.3623,-0.9282,84.8332,-0.0,-1.3276,84.4155,,,,,,,,,,,,0.617,0.58,0.558,0.651,0
75.84,-0.3623,-0.9282,84.8332,-0.0,-1.3276,84.4155,,,,,,,,,,,,0.617,0.58,0.558,0.651,0
75.86,-0.3623,-0.9282,84.8332,-0.0,-1.3276,84.4155,,,,,,,,,,,,0.617,0.58,0.558,0.651,0
75.88,-0.3623,-0.9282,84.8332,-0.0,-1.3276,84.4155,,,,,,,,,,,,0.617,0.58,0.558,0.651,0
75.9,0.4072,-0.8435,84.7331,-0.0,-1.1543,84.4155,,,,,,,,,,,,0.617,0.58,0.558,0.651,0
75.92,0.4072,-0.8435,84.7331,-0.0,-1.1543,84.4155,,,,,,,,,,,,0.566,0.64,0.642,0.574,0
75.94,0.4072,-0.8435,84.7331,-0.0,-1.1543,84.4155,,,,,,,,,,,,0.566,0.64,0.642,0.574,0
75.96,0.4072,-0.8435,84.7331,-0.0,-1.1543,84.4155,,,,,,,,,,,,0.566,0.64,0.642,0.574,0
75.98,0.4072,-0.8435,84.7331,-0.0,-1.1543,84.4155,,,,,,,,,,,,0.566,0.64,0.642,0.574,0
76.0,0.3633,-0.4955,84.8986,-0.0,-0.8767,84.4155,,,,,,,,,,,,0.566,0.64,0.642,0.574,0
76.02,0.3633,-0.4955,84.8986,-0.0,-0.8767,84.4155,,,,,,,,,,,,0.648,0.567,0.518,0.707,0
76.04,0.3633,-0.4955,84.8986,-0.0,-0.8767,84.4155,,,,,,,,,,,,0.648,0.567,0.518,0.707,0
76.06,0.3633,-0.4955,84.8986,-0.0,-0.8767,84.4155,,,,,,,,,,,,0.648,0.567,0.518,0.707,0
76.08,0.3633,-0.4955,84.8986,-0.0,-0.8767,84.4155,,,,,,,,,,,,0.648,0.567,0.518,0.707,0
76.1,-1.0912,-0.2176,85.2744,-0.0,-0.6668,84.4155,,,,,,,,,,,,0.648,0.567,0.518,0.707,0
76.12,-1.0912,-0.2176,85.2744,-0.0,-0.6668,84.4155,,,,,,,,,,,,0.643,0.572,0.588,0.668,0
76.14,-1.0912,-0.2176,85.2744,-0.0,-0.6668,84.4155,,,,,,,,,,,,0.643,0.572,0.588,0.668,0
76.16,-1.0912,-0.2176,85.2744,-0.0,-0.6668,84.4155,,,,,,,,,,,,0.643,0.572,0.588,0.668,0
76.18,-1.0912,-0.2176,85.2744,-0.0,-0.6668,84.4155,,,,,,,,,,,,0.643,0.572,0.588,0.668,0
76.2,-0.9625,0.2997,85.5142,-0.0,-0.4915,84.4155,,,,,,,,,,,,0.643,0.572,0.588,0.668,0
76.22,-0.9625,0.2997,85.5142,-0.0,-0.4915,84.4155,,,,,,,,,,,,0.542,0.675,0.735,0.512,0
76.24,-0.9625,0.2997,85.5142,-0.0,-0.4915,84.4155,,,,,,,,,,,,0.542,0.675,0.735,0.512,0
76.26,-0.9625,0.2997,85.5142,-0.0,-0.4915,84.4155,,,,,,,,,,,,0.542,0.675,0.735,0.512,0
76.28,-0.9625,0.2997,85.5142,-0.0,-0.4915,84.4155,,,,,,,,,,,,0.542,0.675,0.735,0.512,0
76.3,0.0219,0.216,86.1664,-0.0,-0.3944,84.4155,,,,,,,,,,,,0.542,0.675,0.735,0.512,0
76.32,0.0219,0.216,86.1664,-0.0,-0.3944,84.4155,,,,,,,,,,,,0.623,0.595,0.6,0.681,0
76.34,0.0219,0.216,86.1664,-0.0,-0.3944,84.4155,,,,,,,,,,,,0.623,0.595,0.6,0.681,0
76.36,0.0219,0.216,86.1664,-0.0,-0.3944,84.4155,,,,,,,,,,,,0.623,0.595,0.6,0.681,0
76.38,0.0219,0.216,86.1664,-0.0,-0.3944,84.4155,,,,,,,,,,,,0.623,0.595,0.6,0.681,0
76.4,-1.0403,-0.47,86.6773,-0.0,-0.3311,84.4155,,,,,,,,,,,,0.623,0.595,0.6,0.681,0
76.42,-1.0403,-0.47,86.6773,-0.0,-0.3311,84.4155,,,,,,,,,,,,0.621,0.589,0.675,0.619,0
76.44,-1.0403,-0.47,86.6773,-0.0,-0.3311,84.4155,,,,,,,,,,,,0.621,0.589,0.675,0.619,0
76.46,-1.0403,-0.47,86.6773,-0.0,-0.3311,84.4155,,,,,,,,,,,,0.621,0.589,0.675,0.619,0
76.48,-1.0403,-0.47,86.6773,-0.0,-0.3311,84.4155,,,,,,,,,,,,0.621,0.589,0.675,0.619,0
76.5,-0.4488,-0.2244,87.3383,-0.0,-0.2919,84.4155,,,,,,,,,,,,0.621,0.589,0.675,0.619,0
76.52,-0.4488,-0.2244,87.3383,-0.0,-0.2919,84.4155,,,,,,,,,,,,0.575,0.628,0.688,0.61,0
76.54,-0.4488,-0.2244,87.3383,-0.0,-0.2919,84.4155,,,,,,,,,,,,0.575,0.628,0.688,0.61,0
76.56,-0.4488,-0.2244,87.3383,-0.0,-0.2919,84.4155,,,,,,,,,,,,0.575,0.628,0.688,0.61,0
76.58,-0.4488,-0.2244,87.3383,-0.0,-0.2919,84.4155,,,,,,,,,,,,0.575,0.628,0.688,0.61,0
76.6,-0.4447,-0.0223,88.2644,-0.0,-0.2766,84.4155,,,,,,,,,,,,0.575,0.628,0.688,0.61,0
76.62,-0.4447,-0.0223,88.2644,-0.0,-0.2766,84.4155,,,,,,,,,,,,0.643,0.544,0.509,0.786,0
76.64,-0.4447,-0.0223,88.2644,-0.0,-0.2766,84.4155,,,,,,,,,,,,0.643,0.544,0.509,0.786,0
76.66,-0.4447,-0.0223,88.2644,-0.0,-0.2766,84.4155,,,,,,,,,,,,0.643,0.544,0.509,0.786,0
76.68,-0.4447,-0.0223,88.2644,-0.0,-0.2766,84.4155,,,,,,,,,,,,0.643,0.544,0.509,0.786,0
76.7,-0.6859,0.3821,89.17,-0.0,-0.2587,84.4155,,,,,,,,,,,,0.643,0.544,0.509,0.786,0
76.72,-0.6859,0.3821,89.17,-0.0,-0.2587,84.4155,,,,,,,,,,,,0.555,0.624,0.678,0.659,0
76.74,-0.6859,0.3821,89.17,-0.0,-0.2587,84.4155,,,,,,,,,,,,0.555,0.624,0.678,0.659,0
76.76,-0.6859,0.3821,89.17,-0.0,-0.2587,84.4155,,,,,,,,,,,,0.555,0.624,0.678,0.659,0
76.78,-0.6859,0.3821,89.17,-0.0,-0.2587,84.4155,,,,,,,,,,,,0.555,0.624,0.678,0.659,0
76.8,-0.4669,0.6255,89.4347,-0.0,-0.2515,84.4155,,,,,,,,,,,,0.555,0.624,0.678,0.659,0
76.82,-0.4669,0.6255,89.4347,-0.0,-0.2515,84.4155,,,,,,,,,,,,0.6,0.587,0.601,0.725,0
76.84,-0.4669,0.6255,89.4347,-0.0,-0.2515,84.4155,,,,,,,,,,,,0.6,0.587,0.601,0.725,0
76.86,-0.4669,0.6255,89.4347,-0.0,-0.2515,84.4155,,,,,,,,,,,,0.6,0.587,0.601,0.725,0
76.88,-0.4669,0.6255,89.4347,-0.0,-0.2515,84.4155,,,,,,,,,,,,0.6,0.587,0.601,0.725,0
76.9,-1.0435,-4.7253,89.1778,-0.0,-0.3168,84.4155,,,,,,,,,,,,0.6,0.587,0.601,0.725,0
76.92,-1.0435,-4.7253,89.1778,-0.0,-0.3168,84.4155,,,,,,,,,,,,0.745,0.386,0.778,0.499,0
76.94,-1.0435,-4.7253,89.1778,-0.0,-0.3168,84.4155,,,,,,,,,,,,0.745,0.386,0.778,0.499,0
76.96,-1.0435,-4.7253,89.1778,-0.0,-0.3168,84.4155,,,,,,,,,,,,0.745,0.386,0.778,0.499,0
76.98,-1.0435,-4.7253,89.1778,-0.0,-0.3168,84.4155,,,,,,,,,,,,0.745,0.386,0.778,0.499,0
77.0,-0.2432,-9.1554,89.7516,-0.0,-0.2975,84.4155,,,,,,,,,,,,0.745,0.386,0.778,0.499,0
77.02,-0.2432,-9.1554,89.7516,-0.0,-0.2975,84.4155,,,,,,,,,,,,0.517,0.586,0.67,0.595,0
77.04,-0.2432,-9.1554,89.7516,-0.0,-0.2975,84.4155,,,,,,,,,,,,0.517,0.586,0.67,0.595,0
77.06,-0.2432,-9.1554,89.7516,-0.0,-0.2975,84.4155,,,,,,,,,,,,0.517,0.586,0.67,0.595,0
77.08,-0.2432,-9.1554,89.7516,-0.0,-0.2975,84.4155,,,,,,,,,,,,0.517,0.586,0.67,0.595,0
77.1,0.2413,-1.7373,90.127,-0.0,-0.2462,84.4155,,,,,,,,,,,,0.517,0.586,0.67,0.595,0
77.12,0.2413,-1.7373,90.127,-0.0,-0.2462,84.4155,,,,,,,,,,,,0.152,0.471,0.267,0.602,0
77.14,0.2413,-1.7373,90.127,-0.0,-0.2462,84.4155,,,,,,,,,,,,0.152,0.471,0.267,0.602,0
77.16,0.2413,-1.7373,90.127,-0.0,-0.2462,84.4155,,,,,,,,,,,,0.152,0.471,0.267,0.602,0
77.18,0.2413,-1.7373,90.127,-0.0,-0.2462,84.4155,,,,,,,,,,,,0.152,0.471,0.267,0.602,0
77.2,-1.8271,6.993,90.1997,-0.0,-0.1345,84.4155,,,,,,,,,,,,0.152,0.471,0.267,0.602,0
77.22,-1.8271,6.993,90.1997,-0.0,-0.1345,84.4155,,,,,,,,,,,,0.15,0.299,0.226,0.315,0
77.24,-1.8271,6.993,90.1997,-0.0,-0.1345,84.4155,,,,,,,,,,,,0.15,0.299,0.226,0.315,0
77.26,-1.8271,6.993,90.1997,-0.0,-0.1345,84.4155,,,,,,,,,,,,0.15,0.299,0.226,0.315,0
77.28,-1.8271,6.993,90.1997,-0.0,-0.1345,84.4155,,,,,,,,,,,,0.15,0.299,0.226,0.315,0
77.3,-1.3504,8.7506,89.5964,-0.0,-0.0687,84.4155,,,,,,,,,,,,0.15,0.299,0.226,0.315,0
77.32,-1.3504,8.7506,89.5964,-0.0,-0.0687,84.4155,,,,,,,,,,,,0.275,0.15,0.24,0.23,0
77.34,-1.3504,8.7506,89.5964,-0.0,-0.0687,84.4155,,,,,,,,,,,,0.275,0.15,0.24,0.23,0
77.36,-1.3504,8.7506,89.5964,-0.0,-0.0687,84.4155,,,,,,,,,,,,0.275,0.15,0.24,0.23,0
77.38,-1.3504,8.7506,89.5964,-0.0,-0.0687,84.4155,,,,,,,,,,,,0.275,0.15,0.24,0.23,0
77.4,1.1145,-3.2275,85.7378,-0.0,-0.0351,83.8887,,,,,,,,,,,,0.275,0.15,0.24,0.23,0
77.42,1.1145,-3.2275,85.7378,-0.0,-0.0351,83.8887,,,,,,,,,,,,0.291,0.15,0.262,0.185,0
77.44,1.1145,-3.2275,85.7378,-0.0,-0.0351,83.8887,,,,,,,,,,,,0.291,0.15,0.262,0.185,0
77.46,1.1145,-3.2275,85.7378,-0.0,-0.0351,83.8887,,,,,,,,,,,,0.291,0.15,0.262,0.185,0
77.48,1.1145,-3.2275,85.7378,-0.0,-0.0351,83.8887,,,,,,,,,,,,0.291,0.15,0.262,0.185,0
77.5,-1.7993,-3.0889,81.0492,-0.0,-0.0179,83.737,,,,,,,,,,,,0.291,0.15,0.262,0.185,0
77.52,-1.7993,-3.0889,81.0492,-0.0,-0.0179,83.737,,,,,,,,,,,,0.248,0.259,0.15,0.239,0
77.54,-1.7993,-3.0889,81.0492,-0.0,-0.0179,83.737,,,,,,,,,,,,0.248,0.259,0.15,0.239,0
77.56,-1.7993,-3.0889,81.0492,-0.0,-0.0179,83.737,,,,,,,,,,,,0.248,0.259,0.15,0.239,0
77.58,-1.7993,-3.0889,81.0492,-0.0,-0.0179,83.737,,,,,,,,,,,,0.248,0.259,0.15,0.239,0
77.6,0.6884,-5.7,77.3546,-0.0,-0.0091,83.737,,,,,,,,,,,,0.248,0.259,0.15,0.239,0
77.62,0.6884,-5.7,77.3546,-0.0,-0.0091,83.737,,,,,,,,,,,,0.295,0.274,0.162,0.15,0
77.64,0.6884,-5.7,77.3546,-0.0,-0.0091,83.737,,,,,,,,,,,,0.295,0.274,0.162,0.15,0
77.66,0.6884,-5.7,77.3546,-0.0,-0.0091,83.737,,,,,,,,,,,,0.295,0.274,0.162,0.15,0
77.68,0.6884,-5.7,77.3546,-0.0,-0.0091,83.737,,,,,,,,,,,,0.295,0.274,0.162,0.15,0
77.7,0.7655,-5.313,76.3653,-0.0,-0.0047,83.737,,,,,,,,,,,,0.295,0.274,0.162,0.15,0
77.72,0.7655,-5.313,76.3653,-0.0,-0.0047,83.737,,,,,,,,,,,,0.278,0.29,0.15,0.164,0
77.74,0.7655,-5.313,76.3653,-0.0,-0.0047,83.737,,,,,,,,,,,,0.278,0.29,0.15,0.164,0
77.76,0.7655,-5.313,76.3653,-0.0,-0.0047,83.737,,,,,,,,,,,,0.278,0.29,0.15,0.164,0
77.78,0.7655,-5.313,76.3653,-0.0,-0.0047,83.737,,,,,,,,,,,,0.278,0.29,0.15,0.164,0
77.8,0.6174,-5.2419,76.378,-0.0,-0.0024,83.737,,,,,,,,,,,,0.278,0.29,0.15,0.164,0
77.82,0.6174,-5.2419,76.378,-0.0,-0.0024,83.737,,,,,,,,,,,,0.296,0.265,0.173,0.15,0
77.84,0.6174,-5.2419,76.378,-0.0,-0.0024,83.737,,,,,,,,,,,,0.296,0.265,0.173,0.15,0
77.86,0.6174,-5.2419,76.378,-0.0,-0.0024,83.737,,,,,,,,,,,,0.296,0.265,0.173,0.15,0
77.88,0.6174,-5.2419,76.378,-0.0,-0.0024,83.737,,,,,,,,,,,,0.296,0.265,0.173,0.15,0
77.9,0.6505,-5.2457,76.4299,-0.0,-0.0012,83.737,,,,,,,,,,,,0.296,0.265,0.173,0.15,0
77.92,0.6505,-5.2457,76.4299,-0.0,-0.0012,83.737,,,,,,,,,,,,0.31,0.239,0.186,0.15,0
77.94,0.6505,-5.2457,76.4299,-0.0,-0.0012,83.737,,,,,,,,,,,,0.31,0.239,0.186,0.15,0
77.96,0.6505,-5.2457,76.4299,-0.0,-0.0012,83.737,,,,,,,,,,,,0.31,0.239,0.186,0.15,0
77.98,0.6505,-5.2457,76.4299,-0.0,-0.0012,83.737,,,,,,,,,,,,0.31,0.239,0.186,0.15,0
78.0,0.7869,-5.1967,76.5967,-0.0,-0.0006,83.737,,,,,,,,,,,,0.31,0.239,0.186,0.15,0
78.02,0.7869,-5.1967,76.5967,-0.0,-0.0006,83.737,,,,,,,,,,,,0.303,0.233,0.203,0.15,0
78.04,0.7869,-5.1967,76.5967,-0.0,-0.0006,83.737,,,,,,,,,,,,0.303,0.233,0.203,0.15,0
78.06,0.7869,-5.1967,76.5967,-0.0,-0.0006,83.737,,,,,,,,,,,,0.303,0.233,0.203,0.15,0
78.08,0.7869,-5.1967,76.5967,-0.0,-0.0006,83.737,,,,,,,,,,,,0.303,0.233,0.203,0.15,0
78.1,0.8118,-5.1288,76.7193,-0.0,-0.0004,83.737,,,,,,,,,,,,0.303,0.233,0.203,0.15,0
78.12,0.8118,-5.1288,76.7193,-0.0,-0.0004,83.737,,,,,,,,,,,,0.283,0.232,0.188,0.15,0
78.14,0.8118,-5.1288,76.7193,-0.0,-0.0004,83.737,,,,,,,,,,,,0.283,0.232,0.188,0.15,0
78.16,0.8118,-5.1288,76.7193,-0.0,-0.0004,83.737,,,,,,,,,,,,0.283,0.232,0.188,0.15,0
78.18,0.8118,-5.1288,76.7193,-0.0,-0.0004,83.737,,,,,,,,,,,,0.283,0.232,0.188,0.15,0
78.2,0.8637,-5.0529,76.7196,-0.0,-0.0004,76.7196,,,,,,,,,,,,0.283,0.232,0.188,0.15,0
78.22,0.8637,-5.0529,76.7196,-0.0,-0.0004,76.7196,,,,,,,,,,,,0.0,0.0,0.0,0.0,0
78.24,0.8637,-5.0529,76.7196,-0.0,-0.0004,76.7196,,,,,,,,,,,,0.0,0.0,0.0,0.0,0
78.26,0.8637,-5.0529,76.7196,-0.0,-0.0004,76.7196,,,,,,,,,,,,0.0,0.0,0.0,0.0,0
78.28,0.8637,-5.0529,76.7196,-0.0,-0.0004,76.7196,,,,,,,,,,,,0.0,0.0,0.0,0.0,0
78.3,0.9004,-4.9239,76.8355,-0.0,-0.0004,76.8355,,,,,,,,,,,,0.0,0.0,0.0,0.0,0
78.32,0.9004,-4.9239,76.8355,-0.0,-0.0004,76.8355,,,,,,,,,,,,0.0,0.0,0.0,0.0,0
78.34,0.9004,-4.9239,76.8355,-0.0,-0.0004,76.8355,,,,,,,,,,,,0.0,0.0,0.0,0.0,0
78.36,0.9004,-4.9239,76.8355,-0.0,-0.0004,76.8355,,,,,,,,,,,,0.0,0.0,0.0,0.0,0
78.38,0.9004,-4.9239,76.8355,-0.0,-0.0004,76.8355,,,,,,,,,,,,0.0,0.0,0.0,0.0,0
78.4,0.8677,-4.8238,76.662,-0.0,-0.0004,76.662,,,,,,,,,,,,0.0,0.0,0.0,0.0,0
78.42,0.8677,-4.8238,76.662,-0.0,-0.0004,76.662,,,,,,,,,,,,0.0,0.0,0.0,0.0,0
78.44,0.8677,-4.8238,76.662,-0.0,-0.0004,76.662,,,,,,,,,,,,0.0,0.0,0.0,0.0,0
78.46,0.8677,-4.8238,76.662,-0.0,-0.0004,76.662,,,,,,,,,,,,0.0,0.0,0.0,0.0,0
78.48,0.8677,-4.8238,76.662,-0.0,-0.0004,76.662,,,,,,,,,,,,0.0,0.0,0.0,0.0,0
78.5,0.7944,-4.7809,76.5908,-0.0,-0.0004,76.5908,,,,,,,,,,,,0.0,0.0,0.0,0.0,0
78.52,0.7944,-4.7809,76.5908,-0.0,-0.0004,76.5908,,,,,,,,,,,,0.0,0.0,0.0,0.0,0
78.54,0.7944,-4.7809,76.5908,-0.0,-0.0004,76.5908,,,,,,,,,,,,0.0,0.0,0.0,0.0,0
78.56,0.7944,-4.7809,76.5908,-0.0,-0.0004,76.5908,,,,,,,,,,,,0.0,0.0,0.0,0.0,0
78.58,0.7944,-4.7809,76.5908,-0.0,-0.0004,76.5908,,,,,,,,,,,,0.0,0.0,0.0,0.0,0
78.6,0.8149,-4.7688,76.4929,-0.0,-0.0004,76.4929,,,,,,,,,,,,0.0,0.0,0.0,0.0,0
78.62,0.8149,-4.7688,76.4929,-0.0,-0.0004,76.4929,,,,,,,,,,,,0.0,0.0,0.0,0.0,0
78.64,0.8149,-4.7688,76.4929,-0.0,-0.0004,76.4929,,,,,,,,,,,,0.0,0.0,0.0,0.0,0
78.66,0.8149,-4.7688,76.4929,-0.0,-0.0004,76.4929,,,,,,,,,,,,0.0,0.0,0.0,0.0,0
78.68,0.8149,-4.7688,76.4929,-0.0,-0.0004,76.4929,,,,,,,,,,,,0.0,0.0,0.0,0.0,0
78.7,0.816,-4.7771,76.4606,-0.0,-0.0004,76.4606,,,,,,,,,,,,0.0,0.0,0.0,0.0,0
78.72,0.816,-4.7771,76.4606,-0.0,-0.0004,76.4606,,,,,,,,,,,,0.0,0.0,0.0,0.0,0
78.74,0.816,-4.7771,76.4606,-0.0,-0.0004,76.4606,,,,,,,,,,,,0.0,0.0,0.0,0.0,0
78.76,0.816,-4.7771,76.4606,-0.0,-0.0004,76.4606,,,,,,,,,,,,0.0,0.0,0.0,0.0,0
78.78,0.816,-4.7771,76.4606,-0.0,-0.0004,76.4606,,,,,,,,,,,,0.0,0.0,0.0,0.0,0
78.8,0.8131,-4.7731,76.3969,-0.0,-0.0004,76.3969,,,,,,,,,,,,0.0,0.0,0.0,0.0,0
78.82,0.8131,-4.7731,76.3969,-0.0,-0.0004,76.3969,,,,,,,,,,,,0.0,0.0,0.0,0.0,0
78.84,0.8131,-4.7731,76.3969,-0.0,-0.0004,76.3969,,,,,,,,,,,,0.0,0.0,0.0,0.0,0
78.86,0.8131,-4.7731,76.3969,-0.0,-0.0004,76.3969,,,,,,,,,,,,0.0,0.0,0.0,0.0,0
78.88,0.8131,-4.7731,76.3969,-0.0,-0.0004,76.3969,,,,,,,,,,,,0.0,0.0,0.0,0.0,0
78.9,0.8242,-4.7649,76.3515,-0.0,-0.0004,76.3516,,,,,,,,,,,,0.0,0.0,0.0,0.0,0
78.92,0.8242,-4.7649,76.3515,-0.0,-0.0004,76.3516,,,,,,,,,,,,0.0,0.0,0.0,0.0,0
78.94,0.8242,-4.7649,76.3515,-0.0,-0.0004,76.3516,,,,,,,,,,,,0.0,0.0,0.0,0.0,0
78.96,0.8242,-4.7649,76.3515,-0.0,-0.0004,76.3516,,,,,,,,,,,,0.0,0.0,0.0,0.0,0
78.98,0.8242,-4.7649,76.3515,-0.0,-0.0004,76.3516,,,,,,,,,,,,0.0,0.0,0.0,0.0,0
79.0,0.8288,-4.7509,76.306,-0.0,-0.0004,76.306,,,,,,,,,,,,0.0,0.0,0.0,0.0,0
79.02,0.8288,-4.7509,76.306,-0.0,-0.0004,76.306,,,,,,,,,,,,0.0,0.0,0.0,0.0,0
79.04,0.8288,-4.7509,76.306,-0.0,-0.0004,76.306,,,,,,,,,,,,0.0,0.0,0.0,0.0,0
79.06,0.8288,-4.7509,76.306,-0.0,-0.0004,76.306,,,,,,,,,,,,0.0,0.0,0.0,0.0,0
79.08,0.8288,-4.7509,76.306,-0.0,-0.0004,76.306,,,,,,,,,,,,0.0,0.0,0.0,0.0,0
79.1,0.8282,-4.7227,76.2447,-0.0,-0.0004,76.2447,,,,,,,,,,,,0.0,0.0,0.0,0.0,0
79.12,0.8282,-4.7227,76.2447,-0.0,-0.0004,76.2447,,,,,,,,,,,,0.0,0.0,0.0,0.0,0
79.14,0.8282,-4.7227,76.2447,-0.0,-0.0004,76.2447,,,,,,,,,,,,0.0,0.0,0.0,0.0,0
79.16,0.8282,-4.7227,76.2447,-0.0,-0.0004,76.2447,,,,,,,,,,,,0.0,0.0,0.0,0.0,0
79.18,0.8282,-4.7227,76.2447,-0.0,-0.0004,76.2447,,,,,,,,,,,,0.0,0.0,0.0,0.0,0
79.2,0.8342,-4.6914,76.2234,-0.0,-0.0004,76.2234,,,,,,,,,,,,0.0,0.0,0.0,0.0,0
79.22,0.8342,-4.6914,76.2234,-0.0,-0.0004,76.2234,,,,,,,,,,,,0.0,0.0,0.0,0.0,0
79.24,0.8342,-4.6914,76.2234,-0.0,-0.0004,76.2234,,,,,,,,,,,,0.0,0.0,0.0,0.0,0
79.26,0.8342,-4.6914,76.2234,-0.0,-0.0004,76.2234,,,,,,,,,,,,0.0,0.0,0.0,0.0,0
79.28,0.8342,-4.6914,76.2234,-0.0,-0.0004,76.2234,,,,,,,,,,,,0.0,0.0,0.0,0.0,0
79.3,0.8339,-4.6596,76.1458,-0.0,-0.0004,76.1458,,,,,,,,,,,,0.0,0.0,0.0,0.0,0
79.32,0.8339,-4.6596,76.1458,-0.0,-0.0004,76.1458,,,,,,,,,,,,0.0,0.0,0.0,0.0,0
79.34,0.8339,-4.6596,76.1458,-0.0,-0.0004,76.1458,,,,,,,,,,,,0.0,0.0,0.0,0.0,0
79.36,0.8339,-4.6596,76.1458,-0.0,-0.0004,76.1458,,,,,,,,,,,,0.0,0.0,0.0,0.0,0
79.38,0.8339,-4.6596,76.1458,-0.0,-0.0004,76.1458,,,,,,,,,,,,0.0,0.0,0.0,0.0,0
79.4,0.8374,-4.6337,76.1191,-0.0,-0.0004,76.119,,,,,,,,,,,,0.0,0.0,0.0,0.0,0
79.42,0.8374,-4.6337,76.1191,-0.0,-0.0004,76.119,,,,,,,,,,,,0.0,0.0,0.0,0.0,0
79.44,0.8374,-4.6337,76.1191,-0.0,-0.0004,76.119,,,,,,,,,,,,0.0,0.0,0.0,0.0,0
79.46,0.8374,-4.6337,76.1191,-0.0,-0.0004,76.119,,,,,,,,,,,,0.0,0.0,0.0,0.0,0
79.48,0.8374,-4.6337,76.1191,-0.0,-0.0004,76.119,,,,,,,,,,,,0.0,0.0,0.0,0.0,0
79.5,0.8414,-4.604,76.0394,-0.0,-0.0004,76.0393,,,,,,,,,,,,0.0,0.0,0.0,0.0,0
79.52,0.8414,-4.604,76.0394,-0.0,-0.0004,76.0393,,,,,,,,,,,,0.0,0.0,0.0,0.0,0
79.54,0.8414,-4.604,76.0394,-0.0,-0.0004,76.0393,,,,,,,,,,,,0.0,0.0,0.0,0.0,0
79.56,0.8414,-4.604,76.0394,-0.0,-0.0004,76.0393,,,,,,,,,,,,0.0,0.0,0.0,0.0,0
79.58,0.8414,-4.604,76.0394,-0.0,-0.0004,76.0393,,,,,,,,,,,,0.0,0.0,0.0,0.0,0
79.6,0.8435,-4.5733,76.0235,-0.0,-0.0004,76.0235,,,,,,,,,,,,0.0,0.0,0.0,0.0,0
79.62,0.8435,-4.5733,76.0235,-0.0,-0.0004,76.0235,,,,,,,,,,,,0.0,0.0,0.0,0.0,0
79.64,0.8435,-4.5733,76.0235,-0.0,-0.0004,76.0235,,,,,,,,,,,,0.0,0.0,0.0,0.0,0
79.66,0.8435,-4.5733,76.0235,-0.0,-0.0004,76.0235,,,,,,,,,,,,0.0,0.0,0.0,0.0,0
79.68,0.8435,-4.5733,76.0235,-0.0,-0.0004,76.0235,,,,,,,,,,,,0.0,0.0,0.0,0.0,0
79.7,0.8482,-4.5436,75.9315,-0.0,-0.0004,75.9315,,,,,,,,,,,,0.0,0.0,0.0,0.0,0
79.72,0.8482,-4.5436,75.9315,-0.0,-0.0004,75.9315,,,,,,,,,,,,0.0,0.0,0.0,0.0,0
79.74,0.8482,-4.5436,75.9315,-0.0,-0.0004,75.9315,,,,,,,,,,,,0.0,0.0,0.0,0.0,0
79.76,0.8482,-4.5436,75.9315,-0.0,-0.0004,75.9315,,,,,,,,,,,,0.0,0.0,0.0,0.0,0
79.78,0.8482,-4.5436,75.9315,-0.0,-0.0004,75.9315,,,,,,,,,,,,0.0,0.0,0.0,0.0,0
79.8,0.845,-4.5171,75.922,-0.0,-0.0004,75.922,,,,,,,,,,,,0.0,0.0,0.0,0.0,0
79.82,0.845,-4.5171,75.922,-0.0,-0.0004,75.922,,,,,,,,,,,,0.0,0.0,0.0,0.0,0
79.84,0.845,-4.5171,75.922,-0.0,-0.0004,75.922,,,,,,,,,,,,0.0,0.0,0.0,0.0,0
79.86,0.845,-4.5171,75.922,-0.0,-0.0004,75.922,,,,,,,,,,,,0.0,0.0,0.0,0.0,0
79.88,0.845,-4.5171,75.922,-0.0,-0.0004,75.922,,,,,,,,,,,,0.0,0.0,0.0,0.0,0
79.9,0.8448,-4.4914,75.8395,-0.0,-0.0004,75.8395,,,,,,,,,,,,0.0,0.0,0.0,0.0,0
79.92,0.8448,-4.4914,75.8395,-0.0,-0.0004,75.8395,,,,,,,,,,,,0.0,0.0,0.0,0.0,0
79.94,0.8448,-4.4914,75.8395,-0.0,-0.0004,75.8395,,,,,,,,,,,,0.0,0.0,0.0,0.0,0
79.96,0.8448,-4.4914,75.8395,-0.0,-0.0004,75.8395,,,,,,,,,,,,0.0,0.0,0.0,0.0,0
79.98,0.8448,-4.4914,75.8395,-0.0,-0.0004,75.8395,,,,,,,,,,,,0.0,0.0,0.0,0.0,0
80.0,0.8451,-4.4692,75.8305,-0.0,-0.0004,75.8305,,,,,,,,,,,,0.0,0.0,0.0,0.0,0
80.02,0.8451,-4.4692,75.8305,-0.0,-0.0004,75.8305,,,,,,,,,,,,0.0,0.0,0.0,0.0,0
80.04,0.8451,-4.4692,75.8305,-0.0,-0.0004,75.8305,,,,,,,,,,,,0.0,0.0,0.0,0.0,0
80.06,0.8451,-4.4692,75.8305,-0.0,-0.0004,75.8305,,,,,,,,,,,,0.0,0.0,0.0,0.0,0
80.08,0.8451,-4.4692,75.8305,-0.0,-0.0004,75.8305,,,,,,,,,,,,0.0,0.0,0.0,0.0,0
80.1,0.8452,-4.4488,75.777,-0.0,-0.0004,75.777,,,,,,,,,,,,0.0,0.0,0.0,0.0,0
80.12,0.8452,-4.4488,75.777,-0.0,-0.0004,75.777,,,,,,,,,,,,0.0,0.0,0.0,0.0,0
80.14,0.8452,-4.4488,75.777,-0.0,-0.0004,75.777,,,,,,,,,,,,0.0,0.0,0.0,0.0,0
80.16,0.8452,-4.4488,75.777,-0.0,-0.0004,75.777,,,,,,,,,,,,0.0,0.0,0.0,0.0,0
80.18,0.8452,-4.4488,75.777,-0.0,-0.0004,75.777,,,,,,,,,,,,0.0,0.0,0.0,0.0,0
80.2,0.8378,-4.4268,75.7422,-0.0,-0.0004,75.7422,,,,,,,,,,,,0.0,0.0,0.0,0.0,0
80.22,0.8378,-4.4268,75.7422,-0.0,-0.0004,75.7422,,,,,,,,,,,,0.0,0.0,0.0,0.0,0
80.24,0.8378,-4.4268,75.7422,-0.0,-0.0004,75.7422,,,,,,,,,,,,0.0,0.0,0.0,0.0,0
80.26,0.8378,-4.4268,75.7422,-0.0,-0.0004,75.7422,,,,,,,,,,,,0.0,0.0,0.0,0.0,0
80.28,0.8378,-4.4268,75.7422,-0.0,-0.0004,75.7422,,,,,,,,,,,,0.0,0.0,0.0,0.0,0
80.3,0.8334,-4.4093,75.7149,-0.0,-0.0004,75.7149,,,,,,,,,,,,0.0,0.0,0.0,0.0,0
80.32,0.8334,-4.4093,75.7149,-0.0,-0.0004,75.7149,,,,,,,,,,,,0.0,0.0,0.0,0.0,0
80.34,0.8334,-4.4093,75.7149,-0.0,-0.0004,75.7149,,,,,,,,,,,,0.0,0.0,0.0,0.0,0
80.36,0.8334,-4.4093,75.7149,-0.0,-0.0004,75.7149,,,,,,,,,,,,0.0,0.0,0.0,0.0,0
80.38,0.8334,-4.4093,75.7149,-0.0,-0.0004,75.7149,,,,,,,,,,,,0.0,0.0,0.0,0.0,0
80.4,0.8264,-4.3936,75.6622,-0.0,-0.0004,75.6622,,,,,,,,,,,,0.0,0.0,0.0,0.0,0
80.42,0.8264,-4.3936,75.6622,-0.0,-0.0004,75.6622,,,,,,,,,,,,0.0,0.0,0.0,0.0,0
80.44,0.8264,-4.3936,75.6622,-0.0,-0.0004,75.6622,,,,,,,,,,,,0.0,0.0,0.0,0.0,0
80.46,0.8264,-4.3936,75.6622,-0.0,-0.0004,75.6622,,,,,,,,,,,,0.0,0.0,0.0,0.0,0
80.48,0.8264,-4.3936,75.6622,-0.0,-0.0004,75.6622,,,,,,,,,,,,0.0,0.0,0.0,0.0,0
80.5,0.8183,-4.3805,75.6502,-0.0,-0.0004,75.6502,,,,,,,,,,,,0.0,0.0,0.0,0.0,0
80.52,0.8183,-4.3805,75.6502,-0.0,-0.0004,75.6502,,,,,,,,,,,,0.0,0.0,0.0,0.0,0
80.54,0.8183,-4.3805,75.6502,-0.0,-0.0004,75.6502,,,,,,,,,,,,0.0,0.0,0.0,0.0,0
80.56,0.8183,-4.3805,75.6502,-0.0,-0.0004,75.6502,,,,,,,,,,,,0.0,0.0,0.0,0.0,0
80.58,0.8183,-4.3805,75.6502,-0.0,-0.0004,75.6502,,,,,,,,,,,,0.0,0.0,0.0,0.0,0
80.6,0.8098,-4.3693,75.5968,-0.0,-0.0004,75.5968,,,,,,,,,,,,0.0,0.0,0.0,0.0,0
80.62,0.8098,-4.3693,75.5968,-0.0,-0.0004,75.5968,,,,,,,,,,,,0.0,0.0,0.0,0.0,0
80.64,0.8098,-4.3693,75.5968,-0.0,-0.0004,75.5968,,,,,,,,,,,,0.0,0.0,0.0,0.0,0
80.66,0.8098,-4.3693,75.5968,-0.0,-0.0004,75.5968,,,,,,,,,,,,0.0,0.0,0.0,0.0,0
80.68,0.8098,-4.3693,75.5968,-0.0,-0.0004,75.5968,,,,,,,,,,,,0.0,0.0,0.0,0.0,0
80.7,0.7949,-4.3642,75.5857,-0.0,-0.0004,75.5857,,,,,,,,,,,,0.0,0.0,0.0,0.0,0
80.72,0.7949,-4.3642,75.5857,-0.0,-0.0004,75.5857,,,,,,,,,,,,0.0,0.0,0.0,0.0,0
80.74,0.7949,-4.3642,75.5857,-0.0,-0.0004,75.5857,,,,,,,,,,,,0.0,0.0,0.0,0.0,0
80.76,0.7949,-4.3642,75.5857,-0.0,-0.0004,75.5857,,,,,,,,,,,,0.0,0.0,0.0,0.0,0
80.78,0.7949,-4.3642,75.5857,-0.0,-0.0004,75.5857,,,,,,,,,,,,0.0,0.0,0.0,0.0,0
80.8,0.7852,-4.3548,75.5328,-0.0,-0.0004,75.5328,,,,,,,,,,,,0.0,0.0,0.0,0.0,0
80.82,0.7852,-4.3548,75.5328,-0.0,-0.0004,75.5328,,,,,,,,,,,,0.0,0.0,0.0,0.0,0
80.84,0.7852,-4.3548,75.5328,-0.0,-0.0004,75.5328,,,,,,,,,,,,0.0,0.0,0.0,0.0,0
80.86,0.7852,-4.3548,75.5328,-0.0,-0.0004,75.5328,,,,,,,,,,,,0.0,0.0,0.0,0.0,0
80.88,0.7852,-4.3548,75.5328,-0.0,-0.0004,75.5328,,,,,,,,,,,,0.0,0.0,0.0,0.0,0
80.9,0.775,-4.3525,75.5302,-0.0,-0.0004,75.5302,,,,,,,,,,,,0.0,0.0,0.0,0.0,0
80.92,0.775,-4.3525,75.5302,-0.0,-0.0004,75.5302,,,,,,,,,,,,0.0,0.0,0.0,0.0,0
80.94,0.775,-4.3525,75.5302,-0.0,-0.0004,75.5302,,,,,,,,,,,,0.0,0.0,0.0,0.0,0
80.96,0.775,-4.3525,75.5302,-0.0,-0.0004,75.5302,,,,,,,,,,,,0.0,0.0,0.0,0.0,0
80.98,0.775,-4.3525,75.5302,-0.0,-0.0004,75.5302,,,,,,,,,,,,0.0,0.0,0.0,0.0,0
81.0,0.7605,-4.3481,75.4776,-0.0,-0.0004,75.4776,,,,,,,,,,,,0.0,0.0,0.0,0.0,0
81.02,0.7605,-4.3481,75.4776,-0.0,-0.0004,75.4776,,,,,,,,,,,,0.0,0.0,0.0,0.0,0
81.04,0.7605,-4.3481,75.4776,-0.0,-0.0004,75.4776,,,,,,,,,,,,0.0,0.0,0.0,0.0,0
81.06,0.7605,-4.3481,75.4776,-0.0,-0.0004,75.4776,,,,,,,,,,,,0.0,0.0,0.0,0.0,0
81.08,0.7605,-4.3481,75.4776,-0.0,-0.0004,75.4776,,,,,,,,,,,,0.0,0.0,0.0,0.0,0
81.1,0.746,-4.3471,75.4776,-0.0,-0.0004,75.4776,,,,,,,,,,,,0.0,0.0,0.0,0.0,0
81.12,0.746,-4.3471,75.4776,-0.0,-0.0004,75.4776,,,,,,,,,,,,0.0,0.0,0.0,0.0,0
81.14,0.746,-4.3471,75.4776,-0.0,-0.0004,75.4776,,,,,,,,,,,,0.0,0.0,0.0,0.0,0
81.16,0.746,-4.3471,75.4776,-0.0,-0.0004,75.4776,,,,,,,,,,,,0.0,0.0,0.0,0.0,0
81.18,0.746,-4.3471,75.4776,-0.0,-0.0004,75.4776,,,,,,,,,,,,0.0,0.0,0.0,0.0,0
81.2,0.7343,-4.3474,75.4279,-0.0,-0.0004,75.428,,,,,,,,,,,,0.0,0.0,0.0,0.0,0
81.22,0.7343,-4.3474,75.4279,-0.0,-0.0004,75.428,,,,,,,,,,,,0.0,0.0,0.0,0.0,0
81.24,0.7343,-4.3474,75.4279,-0.0,-0.0004,75.428,,,,,,,,,,,,0.0,0.0,0.0,0.0,0
81.26,0.7343,-4.3474,75.4279,-0.0,-0.0004,75.428,,,,,,,,,,,,0.0,0.0,0.0,0.0,0
81.28,0.7343,-4.3474,75.4279,-0.0,-0.0004,75.428,,,,,,,,,,,,0.0,0.0,0.0,0.0,0
81.3,0.7207,-4.3468,75.4264,-0.0,-0.0004,75.4263,,,,,,,,,,,,0.0,0.0,0.0,0.0,0
81.32,0.7207,-4.3468,75.4264,-0.0,-0.0004,75.4263,,,,,,,,,,,,0.0,0.0,0.0,0.0,0
81.34,0.7207,-4.3468,75.4264,-0.0,-0.0004,75.4263,,,,,,,,,,,,0.0,0.0,0.0,0.0,0
81.36,0.7207,-4.3468,75.4264,-0.0,-0.0004,75.4263,,,,,,,,,,,,0.0,0.0,0.0,0.0,0
81.38,0.7207,-4.3468,75.4264,-0.0,-0.0004,75.4263,,,,,,,,,,,,0.0,0.0,0.0,0.0,0
81.4,0.7044,-4.3478,75.3815,-0.0,-0.0004,75.3815,,,,,,,,,,,,0.0,0.0,0.0,0.0,0
81.42,0.7044,-4.3478,75.3815,-0.0,-0.0004,75.3815,,,,,,,,,,,,0.0,0.0,0.0,0.0,0
81.44,0.7044,-4.3478,75.3815,-0.0,-0.0004,75.3815,,,,,,,,,,,,0.0,0.0,0.0,0.0,0
81.46,0.7044,-4.3478,75.3815,-0.0,-0.0004,75.3815,,,,,,,,,,,,0.0,0.0,0.0,0.0,0
81.48,0.7044,-4.3478,75.3815,-0.0,-0.0004,75.3815,,,,,,,,,,,,0.0,0.0,0.0,0.0,0
81.5,0.6887,-4.3495,75.3793,-0.0,-0.0004,75.3793,,,,,,,,,,,,0.0,0.0,0.0,0.0,0
81.52,0.6887,-4.3495,75.3793,-0.0,-0.0004,75.3793,,,,,,,,,,,,0.0,0.0,0.0,0.0,0
81.54,0.6887,-4.3495,75.3793,-0.0,-0.0004,75.3793,,,,,,,,,,,,0.0,0.0,0.0,0.0,0
81.56,0.6887,-4.3495,75.3793,-0.0,-0.0004,75.3793,,,,,,,,,,,,0.0,0.0,0.0,0.0,0
81.58,0.6887,-4.3495,75.3793,-0.0,-0.0004,75.3793,,,,,,,,,,,,0.0,0.0,0.0,0.0,0
81.6,0.6761,-4.346,75.3336,-0.0,-0.0004,75.3336,,,,,,,,,,,,0.0,0.0,0.0,0.0,0
81.62,0.6761,-4.346,75.3336,-0.0,-0.0004,75.3336,,,,,,,,,,,,0.0,0.0,0.0,0.0,0
81.64,0.6761,-4.346,75.3336,-0.0,-0.0004,75.3336,,,,,,,,,,,,0.0,0.0,0.0,0.0,0
81.66,0.6761,-4.346,75.3336,-0.0,-0.0004,75.3336,,,,,,,,,,,,0.0,0.0,0.0,0.0,0
81.68,0.6761,-4.346,75.3336,-0.0,-0.0004,75.3336,,,,,,,,,,,,0.0,0.0,0.0,0.0,0
81.7,0.6588,-4.3473,75.3286,-0.0,-0.0004,75.3286,,,,,,,,,,,,0.0,0.0,0.0,0.0,0
81.72,0.6588,-4.3473,75.3286,-0.0,-0.0004,75.3286,,,,,,,,,,,,0.0,0.0,0.0,0.0,0
81.74,0.6588,-4.3473,75.3286,-0.0,-0.0004,75.3286,,,,,,,,,,,,0.0,0.0,0.0,0.0,0
81.76,0.6588,-4.3473,75.3286,-0.0,-0.0004,75.3286,,,,,,,,,,,,0.0,0.0,0.0,0.0,0
81.78,0.6588,-4.3473,75.3286,-0.0,-0.0004,75.3286,,,,,,,,,,,,0.0,0.0,0.0,0.0,0
81.8,0.6463,-4.3476,75.291,-0.0,-0.0004,75.291,,,,,,,,,,,,0.0,0.0,0.0,0.0,0
81.82,0.6463,-4.3476,75.291,-0.0,-0.0004,75.291,,,,,,,,,,,,0.0,0.0,0.0,0.0,0
81.84,0.6463,-4.3476,75.291,-0.0,-0.0004,75.291,,,,,,,,,,,,0.0,0.0,0.0,0.0,0
81.86,0.6463,-4.3476,75.291,-0.0,-0.0004,75.291,,,,,,,,,,,,0.0,0.0,0.0,0.0,0
81.88,0.6463,-4.3476,75.291,-0.0,-0.0004,75.291,,,,,,,,,,,,0.0,0.0,0.0,0.0,0
81.9,0.6319,-4.3514,75.2836,-0.0,-0.0004,75.2836,,,,,,,,,,,,0.0,0.0,0.0,0.0,0
81.92,0.6319,-4.3514,75.2836,-0.0,-0.0004,75.2836,,,,,,,,,,,,0.0,0.0,0.0,0.0,0
81.94,0.6319,-4.3514,75.2836,-0.0,-0.0004,75.2836,,,,,,,,,,,,0.0,0.0,0.0,0.0,0
81.96,0.6319,-4.3514,75.2836,-0.0,-0.0004,75.2836,,,,,,,,,,,,0.0,0.0,0.0,0.0,0
81.98,0.6319,-4.3514,75.2836,-0.0,-0.0004,75.2836,,,,,,,,,,,,0.0,0.0,0.0,0.0,0
82.0,0.6144,-4.3509,75.2536,-0.0,-0.0004,75.2536,,,,,,,,,,,,0.0,0.0,0.0,0.0,0
82.02,0.6144,-4.3509,75.2536,-0.0,-0.0004,75.2536,,,,,,,,,,,,0.0,0.0,0.0,0.0,0
82.04,0.6144,-4.3509,75.2536,-0.0,-0.0004,75.2536,,,,,,,,,,,,0.0,0.0,0.0,0.0,0
82.06,0.6144,-4.3509,75.2536,-0.0,-0.0004,75.2536,,,,,,,,,,,,0.0,0.0,0.0,0.0,0
82.08,0.6144,-4.3509,75.2536,-0.0,-0.0004,75.2536,,,,,,,,,,,,0.0,0.0,0.0,0.0,0
82.1,0.5975,-4.3542,75.2485,-0.0,-0.0004,75.2485,,,,,,,,,,,,0.0,0.0,0.0,0.0,0
82.12,0.5975,-4.3542,75.2485,-0.0,-0.0004,75.2485,,,,,,,,,,,,0.0,0.0,0.0,0.0,0
82.14,0.5975,-4.3542,75.2485,-0.0,-0.0004,75.2485,,,,,,,,,,,,0.0,0.0,0.0,0.0,0
82.16,0.5975,-4.3542,75.2485,-0.0,-0.0004,75.2485,,,,,,,,,,,,0.0,0.0,0.0,0.0,0
82.18,0.5975,-4.3542,75.2485,-0.0,-0.0004,75.2485,,,,,,,,,,,,0.0,0.0,0.0,0.0,0
82.2,0.5847,-4.3606,75.216,-0.0,-0.0004,75.216,,,,,,,,,,,,0.0,0.0,0.0,0.0,0
82.22,0.5847,-4.3606,75.216,-0.0,-0.0004,75.216,,,,,,,,,,,,0.0,0.0,0.0,0.0,0
82.24,0.5847,-4.3606,75.216,-0.0,-0.0004,75.216,,,,,,,,,,,,0.0,0.0,0.0,0.0,0
82.26,0.5847,-4.3606,75.216,-0.0,-0.0004,75.216,,,,,,,,,,,,0.0,0.0,0.0,0.0,0
82.28,0.5847,-4.3606,75.216,-0.0,-0.0004,75.216,,,,,,,,,,,,0.0,0.0,0.0,0.0,0
82.3,0.569,-4.3678,75.208,-0.0,-0.0004,75.208,,,,,,,,,,,,0.0,0.0,0.0,0.0,0
82.32,0.569,-4.3678,75.208,-0.0,-0.0004,75.208,,,,,,,,,,,,0.0,0.0,0.0,0.0,0
82.34,0.569,-4.3678,75.208,-0.0,-0.0004,75.208,,,,,,,,,,,,0.0,0.0,0.0,0.0,0
82.36,0.569,-4.3678,75.208,-0.0,-0.0004,75.208,,,,,,,,,,,,0.0,0.0,0.0,0.0,0
82.38,0.569,-4.3678,75.208,-0.0,-0.0004,75.208,,,,,,,,,,,,0.0,0.0,0.0,0.0,0
82.4,0.5562,-4.3683,75.177,-0.0,-0.0004,75.177,,,,,,,,,,,,0.0,0.0,0.0,0.0,0
82.42,0.5562,-4.3683,75.177,-0.0,-0.0004,75.177,,,,,,,,,,,,0.0,0.0,0.0,0.0,0
82.44,0.5562,-4.3683,75.177,-0.0,-0.0004,75.177,,,,,,,,,,,,0.0,0.0,0.0,0.0,0
82.46,0.5562,-4.3683,75.177,-0.0,-0.0004,75.177,,,,,,,,,,,,0.0,0.0,0.0,0.0,0
82.48,0.5562,-4.3683,75.177,-0.0,-0.0004,75.177,,,,,,,,,,,,0.0,0.0,0.0,0.0,0
82.5,0.5466,-4.3738,75.161,-0.0,-0.0004,75.161,,,,,,,,,,,,0.0,0.0,0.0,0.0,0
82.52,0.5466,-4.3738,75.161,-0.0,-0.0004,75.161,,,,,,,,,,,,0.0,0.0,0.0,0.0,0
82.54,0.5466,-4.3738,75.161,-0.0,-0.0004,75.161,,,,,,,,,,,,0.0,0.0,0.0,0.0,0
82.56,0.5466,-4.3738,75.161,-0.0,-0.0004,75.161,,,,,,,,,,,,0.0,0.0,0.0,0.0,0
82.58,0.5466,-4.3738,75.161,-0.0,-0.0004,75.161,,,,,,,,,,,,0.0,0.0,0.0,0.0,0
82.6,0.5372,-4.3744,75.1329,-0.0,-0.0004,75.1329,,,,,,,,,,,,0.0,0.0,0.0,0.0,0
82.62,0.5372,-4.3744,75.1329,-0.0,-0.0004,75.1329,,,,,,,,,,,,0.0,0.0,0.0,0.0,0
82.64,0.5372,-4.3744,75.1329,-0.0,-0.0004,75.1329,,,,,,,,,,,,0.0,0.0,0.0,0.0,0
82.66,0.5372,-4.3744,75.1329,-0.0,-0.0004,75.1329,,,,,,,,,,,,0.0,0.0,0.0,0.0,0
82.68,0.5372,-4.3744,75.1329,-0.0,-0.0004,75.1329,,,,,,,,,,,,0.0,0.0,0.0,0.0,0
82.7,0.526,-4.3775,75.1188,-0.0,-0.0004,75.1188,,,,,,,,,,,,0.0,0.0,0.0,0.0,0
82.72,0.526,-4.3775,75.1188,-0.0,-0.0004,75.1188,,,,,,,,,,,,0.0,0.0,0.0,0.0,0
82.74,0.526,-4.3775,75.1188,-0.0,-0.0004,75.1188,,,,,,,,,,,,0.0,0.0,0.0,0.0,0
82.76,0.526,-4.3775,75.1188,-0.0,-0.0004,75.1188,,,,,,,,,,,,0.0,0.0,0.0,0.0,0
82.78,0.526,-4.3775,75.1188,-0.0,-0.0004,75.1188,,,,,,,,,,,,0.0,0.0,0.0,0.0,0
82.8,0.5112,-4.3789,75.0936,-0.0,-0.0004,75.0936,,,,,,,,,,,,0.0,0.0,0.0,0.0,0
82.82,0.5112,-4.3789,75.0936,-0.0,-0.0004,75.0936,,,,,,,,,,,,0.0,0.0,0.0,0.0,0
82.84,0.5112,-4.3789,75.0936,-0.0,-0.0004,75.0936,,,,,,,,,,,,0.0,0.0,0.0,0.0,0
82.86,0.5112,-4.3789,75.0936,-0.0,-0.0004,75.0936,,,,,,,,,,,,0.0,0.0,0.0,0.0,0
82.88,0.5112,-4.3789,75.0936,-0.0,-0.0004,75.0936,,,,,,,,,,,,0.0,0.0,0.0,0.0,0
82.9,0.5012,-4.3844,75.0754,-0.0,-0.0004,75.0754,,,,,,,,,,,,0.0,0.0,0.0,0.0,0
82.92,0.5012,-4.3844,75.0754,-0.0,-0.0004,75.0754,,,,,,,,,,,,0.0,0.0,0.0,0.0,0
82.94,0.5012,-4.3844,75.0754,-0.0,-0.0004,75.0754,,,,,,,,,,,,0.0,0.0,0.0,0.0,0
82.96,0.5012,-4.3844,75.0754,-0.0,-0.0004,75.0754,,,,,,,,,,,,0.0,0.0,0.0,0.0,0
82.98,0.5012,-4.3844,75.0754,-0.0,-0.0004,75.0754,,,,,,,,,,,,0.0,0.0,0.0,0.0,0
83.0,0.4928,-4.387,75.0521,-0.0,-0.0004,75.0521,,,,,,,,,,,,0.0,0.0,0.0,0.0,0
83.02,0.4928,-4.387,75.0521,-0.0,-0.0004,75.0521,,,,,,,,,,,,0.0,0.0,0.0,0.0,0
83.04,0.4928,-4.387,75.0521,-0.0,-0.0004,75.0521,,,,,,,,,,,,0.0,0.0,0.0,0.0,0
83.06,0.4928,-4.387,75.0521,-0.0,-0.0004,75.0521,,,,,,,,,,,,0.0,0.0,0.0,0.0,0
83.08,0.4928,-4.387,75.0521,-0.0,-0.0004,75.0521,,,,,,,,,,,,0.0,0.0,0.0,0.0,0
83.1,0.4832,-4.3918,75.0395,-0.0,-0.0004,75.0395,,,,,,,,,,,,0.0,0.0,0.0,0.0,0
83.12,0.4832,-4.3918,75.0395,-0.0,-0.0004,75.0395,,,,,,,,,,,,0.0,0.0,0.0,0.0,0
83.14,0.4832,-4.3918,75.0395,-0.0,-0.0004,75.0395,,,,,,,,,,,,0.0,0.0,0.0,0.0,0
83.16,0.4832,-4.3918,75.0395,-0.0,-0.0004,75.0395,,,,,,,,,,,,0.0,0.0,0.0,0.0,0
83.18,0.4832,-4.3918,75.0395,-0.0,-0.0004,75.0395,,,,,,,,,,,,0.0,0.0,0.0,0.0,0
83.2,0.473,-4.3919,75.0183,-0.0,-0.0004,75.0183,,,,,,,,,,,,0.0,0.0,0.0,0.0,0
83.22,0.473,-4.3919,75.0183,-0.0,-0.0004,75.0183,,,,,,,,,,,,0.0,0.0,0.0,0.0,0
83.24,0.473,-4.3919,75.0183,-0.0,-0.0004,75.0183,,,,,,,,,,,,0.0,0.0,0.0,0.0,0
83.26,0.473,-4.3919,75.0183,-0.0,-0.0004,75.0183,,,,,,,,,,,,0.0,0.0,0.0,0.0,0
83.28,0.473,-4.3919,75.0183,-0.0,-0.0004,75.0183,,,,,,,,,,,,0.0,0.0,0.0,0.0,0
83.3,0.4758,-4.407,75.0218,-0.0,-0.0004,75.0218,,,,,,,,,,,,0.0,0.0,0.0,0.0,0
83.32,0.4758,-4.407,75.0218,-0.0,-0.0004,75.0218,,,,,,,,,,,,0.0,0.0,0.0,0.0,0
83.34,0.4758,-4.407,75.0218,-0.0,-0.0004,75.0218,,,,,,,,,,,,0.0,0.0,0.0,0.0,0
83.36,0.4758,-4.407,75.0218,-0.0,-0.0004,75.0218,,,,,,,,,,,,0.0,0.0,0.0,0.0,0
83.38,0.4758,-4.407,75.0218,-0.0,-0.0004,75.0218,,,,,,,,,,,,0.0,0.0,0.0,0.0,0
83.4,0.311,-4.3934,75.0242,-0.0,-0.0004,75.0242,,,,,,,,,,,,0.0,0.0,0.0,0.0,0
83.42,0.311,-4.3934,75.0242,-0.0,-0.0004,75.0242,,,,,,,,,,,,0.0,0.0,0.0,0.0,0
83.44,0.311,-4.3934,75.0242,-0.0,-0.0004,75.0242,,,,,,,,,,,,0.0,0.0,0.0,0.0,0
83.46,0.311,-4.3934,75.0242,-0.0,-0.0004,75.0242,,,,,,,,,,,,0.0,0.0,0.0,0.0,0
83.48,0.311,-4.3934,75.0242,-0.0,-0.0004,75.0242,,,,,,,,,,,,0.0,0.0,0.0,0.0,0
83.5,0.5451,-4.4641,75.0247,-0.0,-0.0004,75.0247,,,,,,,,,,,,0.0,0.0,0.0,0.0,0
