time_sec,roll,pitch,yaw,roll_des,pitch_des,yaw_des,gyro_x,gyro_y,gyro_z,accel_x,accel_y,accel_z,vbat,ibat,lat,lon,alt,motor_1,motor_2,motor_3,motor_4,flight_mode
0.0,-1.9314,0.7529,197.5737,-0.0022,-0.0,197.5737,,,,,,,,,,,,0.0,0.0,0.0,0.0,0
0.02,-1.9314,0.7529,197.5737,-0.0022,-0.0,197.5737,,,,,,,,,,,,0.0,0.0,0.0,0.0,0
0.04,-1.9314,0.7529,197.5737,-0.0022,-0.0,197.5737,,,,,,,,,,,,0.0,0.0,0.0,0.0,0
0.06,-1.9314,0.7529,197.5737,-0.0022,-0.0,197.5737,,,,,,,,,,,,0.0,0.0,0.0,0.0,0
0.08,-1.9314,0.7529,197.5737,-0.0022,-0.0,197.5737,,,,,,,,,,,,0.0,0.0,0.0,0.0,0
0.1,-1.9236,0.7779,197.5173,-0.0011,-0.0,197.5173,,,,,,,,,,,,0.0,0.0,0.0,0.0,0
0.12,-1.9236,0.7779,197.5173,-0.0011,-0.0,197.5173,,,,,,,,,,,,0.0,0.0,0.0,0.0,0
0.14,-1.9236,0.7779,197.5173,-0.0011,-0.0,197.5173,,,,,,,,,,,,0.0,0.0,0.0,0.0,0
0.16,-1.9236,0.7779,197.5173,-0.0011,-0.0,197.5173,,,,,,,,,,,,0.0,0.0,0.0,0.0,0
0.18,-1.9236,0.7779,197.5173,-0.0011,-0.0,197.5173,,,,,,,,,,,,0.0,0.0,0.0,0.0,0
0.2,-2.0968,0.9811,197.5081,-0.0006,-0.0,197.5081,,,,,,,,,,,,0.0,0.0,0.0,0.0,0
0.22,-2.0968,0.9811,197.5081,-0.0006,-0.0,197.5081,,,,,,,,,,,,0.0,0.0,0.0,0.0,0
0.24,-2.0968,0.9811,197.5081,-0.0006,-0.0,197.5081,,,,,,,,,,,,0.0,0.0,0.0,0.0,0
0.26,-2.0968,0.9811,197.5081,-0.0006,-0.0,197.5081,,,,,,,,,,,,0.0,0.0,0.0,0.0,0
0.28,-2.0968,0.9811,197.5081,-0.0006,-0.0,197.5081,,,,,,,,,,,,0.0,0.0,0.0,0.0,0
0.3,-2.0968,0.9811,197.5081,-0.0006,-0.0,197.5081,,,,,,,,,,,,0.0,0.0,0.0,0.0,0
0.32,-2.1316,1.0293,197.2344,-0.0004,-0.0,197.2344,,,,,,,,,,,,0.0,0.0,0.0,0.0,0
0.34,-2.1316,1.0293,197.2344,-0.0004,-0.0,197.2344,,,,,,,,,,,,0.0,0.0,0.0,0.0,0
0.36,-2.1316,1.0293,197.2344,-0.0004,-0.0,197.2344,,,,,,,,,,,,0.0,0.0,0.0,0.0,0
0.38,-2.1316,1.0293,197.2344,-0.0004,-0.0,197.2344,,,,,,,,,,,,0.0,0.0,0.0,0.0,0
0.4,-2.2029,1.1222,197.2909,-0.0004,-0.0,197.2909,,,,,,,,,,,,0.0,0.0,0.0,0.0,0
0.42,-2.2029,1.1222,197.2909,-0.0004,-0.0,197.2909,,,,,,,,,,,,0.0,0.0,0.0,0.0,0
0.44,-2.2029,1.1222,197.2909,-0.0004,-0.0,197.2909,,,,,,,,,,,,0.0,0.0,0.0,0.0,0
0.46,-2.2029,1.1222,197.2909,-0.0004,-0.0,197.2909,,,,,,,,,,,,0.0,0.0,0.0,0.0,0
0.48,-2.2029,1.1222,197.2909,-0.0004,-0.0,197.2909,,,,,,,,,,,,0.0,0.0,0.0,0.0,0
0.5,-2.2029,1.1222,197.2909,-0.0004,-0.0,197.2909,,,,,,,,,,,,0.0,0.0,0.0,0.0,0
0.52,-2.2078,1.2054,197.207,-0.0004,-0.0,197.207,,,,,,,,,,,,0.0,0.0,0.0,0.0,0
0.54,-2.2078,1.2054,197.207,-0.0004,-0.0,197.207,,,,,,,,,,,,0.0,0.0,0.0,0.0,0
0.56,-2.2078,1.2054,197.207,-0.0004,-0.0,197.207,,,,,,,,,,,,0.0,0.0,0.0,0.0,0
0.58,-2.2078,1.2054,197.207,-0.0004,-0.0,197.207,,,,,,,,,,,,0.0,0.0,0.0,0.0,0
0.6,-2.2675,1.2655,197.3229,-0.0004,-0.0,197.3229,,,,,,,,,,,,0.0,0.0,0.0,0.0,0
0.62,-2.2675,1.2655,197.3229,-0.0004,-0.0,197.3229,,,,,,,,,,,,0.0,0.0,0.0,0.0,0
0.64,-2.2675,1.2655,197.3229,-0.0004,-0.0,197.3229,,,,,,,,,,,,0.0,0.0,0.0,0.0,0
0.66,-2.2675,1.2655,197.3229,-0.0004,-0.0,197.3229,,,,,,,,,,,,0.0,0.0,0.0,0.0,0
0.68,-2.2675,1.2655,197.3229,-0.0004,-0.0,197.3229,,,,,,,,,,,,0.0,0.0,0.0,0.0,0
0.7,-2.2675,1.2655,197.3229,-0.0004,-0.0,197.3229,,,,,,,,,,,,0.0,0.0,0.0,0.0,0
0.72,-2.2891,1.2241,197.1594,-0.0004,-0.0,197.1594,,,,,,,,,,,,0.0,0.0,0.0,0.0,0
0.74,-2.2891,1.2241,197.1594,-0.0004,-0.0,197.1594,,,,,,,,,,,,0.0,0.0,0.0,0.0,0
0.76,-2.2891,1.2241,197.1594,-0.0004,-0.0,197.1594,,,,,,,,,,,,0.0,0.0,0.0,0.0,0
0.78,-2.2891,1.2241,197.1594,-0.0004,-0.0,197.1594,,,,,,,,,,,,0.0,0.0,0.0,0.0,0
0.8,-2.2753,1.2277,197.3068,-0.0004,-0.0,197.3068,,,,,,,,,,,,0.0,0.0,0.0,0.0,0
0.82,-2.2753,1.2277,197.3068,-0.0004,-0.0,197.3068,,,,,,,,,,,,0.0,0.0,0.0,0.0,0
0.84,-2.2753,1.2277,197.3068,-0.0004,-0.0,197.3068,,,,,,,,,,,,0.0,0.0,0.0,0.0,0
0.86,-2.2753,1.2277,197.3068,-0.0004,-0.0,197.3068,,,,,,,,,,,,0.0,0.0,0.0,0.0,0
0.88,-2.2753,1.2277,197.3068,-0.0004,-0.0,197.3068,,,,,,,,,,,,0.0,0.0,0.0,0.0,0
0.9,-2.2753,1.2277,197.3068,-0.0004,-0.0,197.3068,,,,,,,,,,,,0.0,0.0,0.0,0.0,0
0.92,-2.2851,1.2197,197.2309,-0.0004,-0.0,197.2309,,,,,,,,,,,,0.0,0.0,0.0,0.0,0
0.94,-2.2851,1.2197,197.2309,-0.0004,-0.0,197.2309,,,,,,,,,,,,0.0,0.0,0.0,0.0,0
0.96,-2.2851,1.2197,197.2309,-0.0004,-0.0,197.2309,,,,,,,,,,,,0.0,0.0,0.0,0.0,0
0.98,-2.2851,1.2197,197.2309,-0.0004,-0.0,197.2309,,,,,,,,,,,,0.0,0.0,0.0,0.0,0
1.0,-2.3131,1.2398,197.2098,-0.0004,-0.0,197.2098,,,,,,,,,,,,0.0,0.0,0.0,0.0,0
1.02,-2.3131,1.2398,197.2098,-0.0004,-0.0,197.2098,,,,,,,,,,,,0.0,0.0,0.0,0.0,0
1.04,-2.3131,1.2398,197.2098,-0.0004,-0.0,197.2098,,,,,,,,,,,,0.0,0.0,0.0,0.0,0
1.06,-2.3131,1.2398,197.2098,-0.0004,-0.0,197.2098,,,,,,,,,,,,0.0,0.0,0.0,0.0,0
1.08,-2.3131,1.2398,197.2098,-0.0004,-0.0,197.2098,,,,,,,,,,,,0.0,0.0,0.0,0.0,0
1.1,-2.3131,1.2398,197.2098,-0.0004,-0.0,197.2098,,,,,,,,,,,,0.0,0.0,0.0,0.0,0
1.12,-2.3039,1.2515,197.1608,-0.0004,-0.0,197.1608,,,,,,,,,,,,0.0,0.0,0.0,0.0,0
1.14,-2.3039,1.2515,197.1608,-0.0004,-0.0,197.1608,,,,,,,,,,,,0.0,0.0,0.0,0.0,0
1.16,-2.3039,1.2515,197.1608,-0.0004,-0.0,197.1608,,,,,,,,,,,,0.0,0.0,0.0,0.0,0
1.18,-2.3039,1.2515,197.1608,-0.0004,-0.0,197.1608,,,,,,,,,,,,0.0,0.0,0.0,0.0,0
1.2,-2.3107,1.3013,197.1293,-0.0004,-0.0,197.1293,,,,,,,,,,,,0.0,0.0,0.0,0.0,0
1.22,-2.3107,1.3013,197.1293,-0.0004,-0.0,197.1293,,,,,,,,,,,,0.0,0.0,0.0,0.0,0
1.24,-2.3107,1.3013,197.1293,-0.0004,-0.0,197.1293,,,,,,,,,,,,0.0,0.0,0.0,0.0,0
1.26,-2.3107,1.3013,197.1293,-0.0004,-0.0,197.1293,,,,,,,,,,,,0.0,0.0,0.0,0.0,0
1.28,-2.3107,1.3013,197.1293,-0.0004,-0.0,197.1293,,,,,,,,,,,,0.0,0.0,0.0,0.0,0
1.3,-2.3107,1.3013,197.1293,-0.0004,-0.0,197.1293,,,,,,,,,,,,0.0,0.0,0.0,0.0,0
1.32,-2.3185,1.311,197.0232,-0.0004,-0.0,197.0232,,,,,,,,,,,,0.0,0.0,0.0,0.0,0
1.34,-2.3185,1.311,197.0232,-0.0004,-0.0,197.0232,,,,,,,,,,,,0.0,0.0,0.0,0.0,0
1.36,-2.3185,1.311,197.0232,-0.0004,-0.0,197.0232,,,,,,,,,,,,0.0,0.0,0.0,0.0,0
1.38,-2.3185,1.311,197.0232,-0.0004,-0.0,197.0232,,,,,,,,,,,,0.0,0.0,0.0,0.0,0
1.4,-2.3167,1.3276,197.0992,-0.0004,-0.0,197.0992,,,,,,,,,,,,0.0,0.0,0.0,0.0,0
1.42,-2.3167,1.3276,197.0992,-0.0004,-0.0,197.0992,,,,,,,,,,,,0.0,0.0,0.0,0.0,0
1.44,-2.3167,1.3276,197.0992,-0.0004,-0.0,197.0992,,,,,,,,,,,,0.0,0.0,0.0,0.0,0
1.46,-2.3167,1.3276,197.0992,-0.0004,-0.0,197.0992,,,,,,,,,,,,0.0,0.0,0.0,0.0,0
1.48,-2.3167,1.3276,197.0992,-0.0004,-0.0,197.0992,,,,,,,,,,,,0.0,0.0,0.0,0.0,0
1.5,-2.3167,1.3276,197.0992,-0.0004,-0.0,197.0992,,,,,,,,,,,,0.0,0.0,0.0,0.0,0
1.52,-2.3174,1.3308,197.0515,-0.0004,-0.0,197.0515,,,,,,,,,,,,0.0,0.0,0.0,0.0,0
1.54,-2.3174,1.3308,197.0515,-0.0004,-0.0,197.0515,,,,,,,,,,,,0.0,0.0,0.0,0.0,0
1.56,-2.3174,1.3308,197.0515,-0.0004,-0.0,197.0515,,,,,,,,,,,,0.0,0.0,0.0,0.0,0
1.58,-2.3174,1.3308,197.0515,-0.0004,-0.0,197.0515,,,,,,,,,,,,0.0,0.0,0.0,0.0,0
1.6,-2.3238,1.3447,197.0581,-0.0004,-0.0,197.0581,,,,,,,,,,,,0.0,0.0,0.0,0.0,0
1.62,-2.3238,1.3447,197.0581,-0.0004,-0.0,197.0581,,,,,,,,,,,,0.0,0.0,0.0,0.0,0
1.64,-2.3238,1.3447,197.0581,-0.0004,-0.0,197.0581,,,,,,,,,,,,0.0,0.0,0.0,0.0,0
1.66,-2.3238,1.3447,197.0581,-0.0004,-0.0,197.0581,,,,,,,,,,,,0.0,0.0,0.0,0.0,0
1.68,-2.3238,1.3447,197.0581,-0.0004,-0.0,197.0581,,,,,,,,,,,,0.0,0.0,0.0,0.0,0
1.7,-2.3238,1.3447,197.0581,-0.0004,-0.0,197.0581,,,,,,,,,,,,0.0,0.0,0.0,0.0,0
1.72,-2.2613,1.2857,197.0673,-0.0004,-0.0,197.0673,,,,,,,,,,,,0.0,0.0,0.0,0.0,0
1.74,-2.2613,1.2857,197.0673,-0.0004,-0.0,197.0673,,,,,,,,,,,,0.0,0.0,0.0,0.0,0
1.76,-2.2613,1.2857,197.0673,-0.0004,-0.0,197.0673,,,,,,,,,,,,0.0,0.0,0.0,0.0,0
1.78,-2.2613,1.2857,197.0673,-0.0004,-0.0,197.0673,,,,,,,,,,,,0.0,0.0,0.0,0.0,0
1.8,-2.2692,1.2908,197.0879,-0.0004,-0.0,197.0879,,,,,,,,,,,,0.0,0.0,0.0,0.0,0
1.82,-2.2692,1.2908,197.0879,-0.0004,-0.0,197.0879,,,,,,,,,,,,0.0,0.0,0.0,0.0,0
1.84,-2.2692,1.2908,197.0879,-0.0004,-0.0,197.0879,,,,,,,,,,,,0.0,0.0,0.0,0.0,0
1.86,-2.2692,1.2908,197.0879,-0.0004,-0.0,197.0879,,,,,,,,,,,,0.0,0.0,0.0,0.0,0
1.88,-2.2692,1.2908,197.0879,-0.0004,-0.0,197.0879,,,,,,,,,,,,0.0,0.0,0.0,0.0,0
1.9,-2.2692,1.2908,197.0879,-0.0004,-0.0,197.0879,,,,,,,,,,,,0.0,0.0,0.0,0.0,0
1.92,-2.2716,1.2617,196.9513,-0.0004,-0.0,196.9513,,,,,,,,,,,,0.0,0.0,0.0,0.0,0
1.94,-2.2716,1.2617,196.9513,-0.0004,-0.0,196.9513,,,,,,,,,,,,0.0,0.0,0.0,0.0,0
1.96,-2.2716,1.2617,196.9513,-0.0004,-0.0,196.9513,,,,,,,,,,,,0.0,0.0,0.0,0.0,0
1.98,-2.2716,1.2617,196.9513,-0.0004,-0.0,196.9513,,,,,,,,,,,,0.0,0.0,0.0,0.0,0
2.0,-2.2679,1.2508,197.0445,-0.0004,-0.0,197.0445,,,,,,,,,,,,0.0,0.0,0.0,0.0,0
2.02,-2.2679,1.2508,197.0445,-0.0004,-0.0,197.0445,,,,,,,,,,,,0.0,0.0,0.0,0.0,0
2.04,-2.2679,1.2508,197.0445,-0.0004,-0.0,197.0445,,,,,,,,,,,,0.0,0.0,0.0,0.0,0
2.06,-2.2679,1.2508,197.0445,-0.0004,-0.0,197.0445,,,,,,,,,,,,0.0,0.0,0.0,0.0,0
2.08,-2.2679,1.2508,197.0445,-0.0004,-0.0,197.0445,,,,,,,,,,,,0.0,0.0,0.0,0.0,0
2.1,-2.2679,1.2508,197.0445,-0.0004,-0.0,197.0445,,,,,,,,,,,,0.0,0.0,0.0,0.0,0
2.12,-2.2827,1.2529,196.9882,-0.0004,-0.0,196.9882,,,,,,,,,,,,0.03,0.03,0.03,0.03,0
2.14,-2.2827,1.2529,196.9882,-0.0004,-0.0,196.9882,,,,,,,,,,,,0.03,0.03,0.03,0.03,0
2.16,-2.2827,1.2529,196.9882,-0.0004,-0.0,196.9882,,,,,,,,,,,,0.03,0.03,0.03,0.03,0
2.18,-2.2827,1.2529,196.9882,-0.0004,-0.0,196.9882,,,,,,,,,,,,0.03,0.03,0.03,0.03,0
2.2,-2.2599,1.2311,197.0335,-0.0004,-0.0,197.0335,,,,,,,,,,,,0.03,0.03,0.03,0.03,0
2.22,-2.2599,1.2311,197.0335,-0.0004,-0.0,197.0335,,,,,,,,,,,,0.059,0.059,0.059,0.059,0
2.24,-2.2599,1.2311,197.0335,-0.0004,-0.0,197.0335,,,,,,,,,,,,0.059,0.059,0.059,0.059,0
2.26,-2.2599,1.2311,197.0335,-0.0004,-0.0,197.0335,,,,,,,,,,,,0.059,0.059,0.059,0.059,0
2.28,-2.2599,1.2311,197.0335,-0.0004,-0.0,197.0335,,,,,,,,,,,,0.059,0.059,0.059,0.059,0
2.3,-2.2599,1.2311,197.0335,-0.0004,-0.0,197.0335,,,,,,,,,,,,0.059,0.059,0.059,0.059,0
2.32,-2.2571,1.2179,196.9737,-0.0004,-0.0,196.9737,,,,,,,,,,,,0.09,0.09,0.09,0.09,0
2.34,-2.2571,1.2179,196.9737,-0.0004,-0.0,196.9737,,,,,,,,,,,,0.09,0.09,0.09,0.09,0
2.36,-2.2571,1.2179,196.9737,-0.0004,-0.0,196.9737,,,,,,,,,,,,0.09,0.09,0.09,0.09,0
2.38,-2.2571,1.2179,196.9737,-0.0004,-0.0,196.9737,,,,,,,,,,,,0.09,0.09,0.09,0.09,0
2.4,-2.2535,1.1942,196.9603,-0.0004,-0.0,196.9603,,,,,,,,,,,,0.09,0.09,0.09,0.09,0
2.42,-2.2535,1.1942,196.9603,-0.0004,-0.0,196.9603,,,,,,,,,,,,0.1,0.1,0.1,0.1,0
2.44,-2.2535,1.1942,196.9603,-0.0004,-0.0,196.9603,,,,,,,,,,,,0.1,0.1,0.1,0.1,0
2.46,-2.2535,1.1942,196.9603,-0.0004,-0.0,196.9603,,,,,,,,,,,,0.1,0.1,0.1,0.1,0
2.48,-2.2535,1.1942,196.9603,-0.0004,-0.0,196.9603,,,,,,,,,,,,0.1,0.1,0.1,0.1,0
2.5,-2.2535,1.1942,196.9603,-0.0004,-0.0,196.9603,,,,,,,,,,,,0.1,0.1,0.1,0.1,0
2.52,-2.2153,1.1525,196.9138,-0.0004,-0.0,196.9139,,,,,,,,,,,,0.1,0.1,0.1,0.1,0
2.54,-2.2153,1.1525,196.9138,-0.0004,-0.0,196.9139,,,,,,,,,,,,0.1,0.1,0.1,0.1,0
2.56,-2.2153,1.1525,196.9138,-0.0004,-0.0,196.9139,,,,,,,,,,,,0.1,0.1,0.1,0.1,0
2.58,-2.2153,1.1525,196.9138,-0.0004,-0.0,196.9139,,,,,,,,,,,,0.1,0.1,0.1,0.1,0
2.6,-2.2044,1.167,196.8716,-0.0004,-0.0,196.8716,,,,,,,,,,,,0.1,0.1,0.1,0.1,0
2.62,-2.2044,1.167,196.8716,-0.0004,-0.0,196.8716,,,,,,,,,,,,0.1,0.1,0.1,0.1,0
2.64,-2.2044,1.167,196.8716,-0.0004,-0.0,196.8716,,,,,,,,,,,,0.1,0.1,0.1,0.1,0
2.66,-2.2044,1.167,196.8716,-0.0004,-0.0,196.8716,,,,,,,,,,,,0.1,0.1,0.1,0.1,0
2.68,-2.2044,1.167,196.8716,-0.0004,-0.0,196.8716,,,,,,,,,,,,0.1,0.1,0.1,0.1,0
2.7,-2.2044,1.167,196.8716,-0.0004,-0.0,196.8716,,,,,,,,,,,,0.1,0.1,0.1,0.1,0
2.72,-2.2098,1.1578,196.7886,-0.0004,-0.0,196.7886,,,,,,,,,,,,0.1,0.1,0.1,0.1,0
2.74,-2.2098,1.1578,196.7886,-0.0004,-0.0,196.7886,,,,,,,,,,,,0.1,0.1,0.1,0.1,0
2.76,-2.2098,1.1578,196.7886,-0.0004,-0.0,196.7886,,,,,,,,,,,,0.1,0.1,0.1,0.1,0
2.78,-2.2098,1.1578,196.7886,-0.0004,-0.0,196.7886,,,,,,,,,,,,0.1,0.1,0.1,0.1,0
2.8,-2.1827,1.1251,196.7272,-0.0004,-0.0,196.7272,,,,,,,,,,,,0.1,0.1,0.1,0.1,0
2.82,-2.1827,1.1251,196.7272,-0.0004,-0.0,196.7272,,,,,,,,,,,,0.1,0.1,0.1,0.1,0
2.84,-2.1827,1.1251,196.7272,-0.0004,-0.0,196.7272,,,,,,,,,,,,0.1,0.1,0.1,0.1,0
2.86,-2.1827,1.1251,196.7272,-0.0004,-0.0,196.7272,,,,,,,,,,,,0.1,0.1,0.1,0.1,0
2.88,-2.1827,1.1251,196.7272,-0.0004,-0.0,196.7272,,,,,,,,,,,,0.1,0.1,0.1,0.1,0
2.9,-2.1827,1.1251,196.7272,-0.0004,-0.0,196.7272,,,,,,,,,,,,0.1,0.1,0.1,0.1,0
2.92,-2.2015,1.1456,196.7099,-0.0004,-0.0,196.7099,,,,,,,,,,,,0.1,0.1,0.1,0.1,0
2.94,-2.2015,1.1456,196.7099,-0.0004,-0.0,196.7099,,,,,,,,,,,,0.1,0.1,0.1,0.1,0
2.96,-2.2015,1.1456,196.7099,-0.0004,-0.0,196.7099,,,,,,,,,,,,0.1,0.1,0.1,0.1,0
2.98,-2.2015,1.1456,196.7099,-0.0004,-0.0,196.7099,,,,,,,,,,,,0.1,0.1,0.1,0.1,0
3.0,-2.2262,1.1403,196.6799,-0.0004,-0.0,196.6799,,,,,,,,,,,,0.1,0.1,0.1,0.1,0
3.02,-2.2262,1.1403,196.6799,-0.0004,-0.0,196.6799,,,,,,,,,,,,0.1,0.1,0.1,0.1,0
3.04,-2.2262,1.1403,196.6799,-0.0004,-0.0,196.6799,,,,,,,,,,,,0.1,0.1,0.1,0.1,0
3.06,-2.2262,1.1403,196.6799,-0.0004,-0.0,196.6799,,,,,,,,,,,,0.1,0.1,0.1,0.1,0
3.08,-2.2262,1.1403,196.6799,-0.0004,-0.0,196.6799,,,,,,,,,,,,0.1,0.1,0.1,0.1,0
3.1,-2.2262,1.1403,196.6799,-0.0004,-0.0,196.6799,,,,,,,,,,,,0.1,0.1,0.1,0.1,0
3.12,-2.213,1.1019,196.616,-0.0004,-0.0,196.616,,,,,,,,,,,,0.1,0.1,0.1,0.1,0
3.14,-2.213,1.1019,196.616,-0.0004,-0.0,196.616,,,,,,,,,,,,0.1,0.1,0.1,0.1,0
3.16,-2.213,1.1019,196.616,-0.0004,-0.0,196.616,,,,,,,,,,,,0.1,0.1,0.1,0.1,0
3.18,-2.213,1.1019,196.616,-0.0004,-0.0,196.616,,,,,,,,,,,,0.1,0.1,0.1,0.1,0
3.2,-2.2273,1.125,196.6087,-0.0004,-0.0,196.6087,,,,,,,,,,,,0.1,0.1,0.1,0.1,0
3.22,-2.2273,1.125,196.6087,-0.0004,-0.0,196.6087,,,,,,,,,,,,0.1,0.1,0.1,0.1,0
3.24,-2.2273,1.125,196.6087,-0.0004,-0.0,196.6087,,,,,,,,,,,,0.1,0.1,0.1,0.1,0
3.26,-2.2273,1.125,196.6087,-0.0004,-0.0,196.6087,,,,,,,,,,,,0.1,0.1,0.1,0.1,0
3.28,-2.2273,1.125,196.6087,-0.0004,-0.0,196.6087,,,,,,,,,,,,0.1,0.1,0.1,0.1,0
3.3,-2.2273,1.125,196.6087,-0.0004,-0.0,196.6087,,,,,,,,,,,,0.1,0.1,0.1,0.1,0
3.32,-2.2284,1.1329,196.5589,-0.0004,-0.0,196.5589,,,,,,,,,,,,0.1,0.1,0.1,0.1,0
3.34,-2.2284,1.1329,196.5589,-0.0004,-0.0,196.5589,,,,,,,,,,,,0.1,0.1,0.1,0.1,0
3.36,-2.2284,1.1329,196.5589,-0.0004,-0.0,196.5589,,,,,,,,,,,,0.1,0.1,0.1,0.1,0
3.38,-2.2284,1.1329,196.5589,-0.0004,-0.0,196.5589,,,,,,,,,,,,0.1,0.1,0.1,0.1,0
3.4,-2.2193,1.1137,196.4902,-0.0004,-0.0,196.4902,,,,,,,,,,,,0.1,0.1,0.1,0.1,0
3.42,-2.2193,1.1137,196.4902,-0.0004,-0.0,196.4902,,,,,,,,,,,,0.1,0.1,0.1,0.1,0
3.44,-2.2193,1.1137,196.4902,-0.0004,-0.0,196.4902,,,,,,,,,,,,0.1,0.1,0.1,0.1,0
3.46,-2.2193,1.1137,196.4902,-0.0004,-0.0,196.4902,,,,,,,,,,,,0.1,0.1,0.1,0.1,0
3.48,-2.2193,1.1137,196.4902,-0.0004,-0.0,196.4902,,,,,,,,,,,,0.1,0.1,0.1,0.1,0
3.5,-2.2193,1.1137,196.4902,-0.0004,-0.0,196.4902,,,,,,,,,,,,0.1,0.1,0.1,0.1,0
3.52,-2.213,1.1225,196.5014,-0.0004,-0.0,196.5014,,,,,,,,,,,,0.1,0.1,0.1,0.1,0
3.54,-2.213,1.1225,196.5014,-0.0004,-0.0,196.5014,,,,,,,,,,,,0.1,0.1,0.1,0.1,0
3.56,-2.213,1.1225,196.5014,-0.0004,-0.0,196.5014,,,,,,,,,,,,0.1,0.1,0.1,0.1,0
3.58,-2.213,1.1225,196.5014,-0.0004,-0.0,196.5014,,,,,,,,,,,,0.1,0.1,0.1,0.1,0
3.6,-2.2111,1.0988,196.4251,-0.0004,-0.0,196.4251,,,,,,,,,,,,0.1,0.1,0.1,0.1,0
3.62,-2.2111,1.0988,196.4251,-0.0004,-0.0,196.4251,,,,,,,,,,,,0.1,0.1,0.1,0.1,0
3.64,-2.2111,1.0988,196.4251,-0.0004,-0.0,196.4251,,,,,,,,,,,,0.1,0.1,0.1,0.1,0
3.66,-2.2111,1.0988,196.4251,-0.0004,-0.0,196.4251,,,,,,,,,,,,0.1,0.1,0.1,0.1,0
3.68,-2.2111,1.0988,196.4251,-0.0004,-0.0,196.4251,,,,,,,,,,,,0.1,0.1,0.1,0.1,0
3.7,-2.2111,1.0988,196.4251,-0.0004,-0.0,196.4251,,,,,,,,,,,,0.1,0.1,0.1,0.1,0
3.72,-2.2199,1.0998,196.4125,-0.0004,-0.0,196.4125,,,,,,,,,,,,0.1,0.1,0.1,0.1,0
3.74,-2.2199,1.0998,196.4125,-0.0004,-0.0,196.4125,,,,,,,,,,,,0.1,0.1,0.1,0.1,0
3.76,-2.2199,1.0998,196.4125,-0.0004,-0.0,196.4125,,,,,,,,,,,,0.1,0.1,0.1,0.1,0
3.78,-2.2199,1.0998,196.4125,-0.0004,-0.0,196.4125,,,,,,,,,,,,0.1,0.1,0.1,0.1,0
3.8,-2.2187,1.0971,196.3614,-0.0004,-0.0,196.3614,,,,,,,,,,,,0.1,0.1,0.1,0.1,0
3.82,-2.2187,1.0971,196.3614,-0.0004,-0.0,196.3614,,,,,,,,,,,,0.1,0.1,0.1,0.1,0
3.84,-2.2187,1.0971,196.3614,-0.0004,-0.0,196.3614,,,,,,,,,,,,0.1,0.1,0.1,0.1,0
3.86,-2.2187,1.0971,196.3614,-0.0004,-0.0,196.3614,,,,,,,,,,,,0.1,0.1,0.1,0.1,0
3.88,-2.2187,1.0971,196.3614,-0.0004,-0.0,196.3614,,,,,,,,,,,,0.1,0.1,0.1,0.1,0
3.9,-2.2187,1.0971,196.3614,-0.0004,-0.0,196.3614,,,,,,,,,,,,0.1,0.1,0.1,0.1,0
3.92,-2.2233,1.0936,196.3146,-0.0004,-0.0,196.3145,,,,,,,,,,,,0.1,0.1,0.1,0.1,0
3.94,-2.2233,1.0936,196.3146,-0.0004,-0.0,196.3145,,,,,,,,,,,,0.1,0.1,0.1,0.1,0
3.96,-2.2233,1.0936,196.3146,-0.0004,-0.0,196.3145,,,,,,,,,,,,0.1,0.1,0.1,0.1,0
3.98,-2.2233,1.0936,196.3146,-0.0004,-0.0,196.3145,,,,,,,,,,,,0.1,0.1,0.1,0.1,0
4.0,-2.2114,1.0945,196.2544,-0.0004,-0.0,196.2544,,,,,,,,,,,,0.1,0.1,0.1,0.1,0
4.02,-2.2114,1.0945,196.2544,-0.0004,-0.0,196.2544,,,,,,,,,,,,0.1,0.1,0.1,0.1,0
4.04,-2.2114,1.0945,196.2544,-0.0004,-0.0,196.2544,,,,,,,,,,,,0.1,0.1,0.1,0.1,0
4.06,-2.2114,1.0945,196.2544,-0.0004,-0.0,196.2544,,,,,,,,,,,,0.1,0.1,0.1,0.1,0
4.08,-2.2114,1.0945,196.2544,-0.0004,-0.0,196.2544,,,,,,,,,,,,0.1,0.1,0.1,0.1,0
4.1,-2.2114,1.0945,196.2544,-0.0004,-0.0,196.2544,,,,,,,,,,,,0.1,0.1,0.1,0.1,0
4.12,-2.2293,1.1144,196.2623,-0.0004,-0.0,196.2624,,,,,,,,,,,,0.1,0.1,0.1,0.1,0
4.14,-2.2293,1.1144,196.2623,-0.0004,-0.0,196.2624,,,,,,,,,,,,0.1,0.1,0.1,0.1,0
4.16,-2.2293,1.1144,196.2623,-0.0004,-0.0,196.2624,,,,,,,,,,,,0.1,0.1,0.1,0.1,0
4.18,-2.2293,1.1144,196.2623,-0.0004,-0.0,196.2624,,,,,,,,,,,,0.1,0.1,0.1,0.1,0
4.2,-2.2231,1.0676,196.1656,-0.0004,-0.0,196.1655,,,,,,,,,,,,0.1,0.1,0.1,0.1,0
4.22,-2.2231,1.0676,196.1656,-0.0004,-0.0,196.1655,,,,,,,,,,,,0.1,0.1,0.1,0.1,0
4.24,-2.2231,1.0676,196.1656,-0.0004,-0.0,196.1655,,,,,,,,,,,,0.1,0.1,0.1,0.1,0
4.26,-2.2231,1.0676,196.1656,-0.0004,-0.0,196.1655,,,,,,,,,,,,0.1,0.1,0.1,0.1,0
4.28,-2.2231,1.0676,196.1656,-0.0004,-0.0,196.1655,,,,,,,,,,,,0.1,0.1,0.1,0.1,0
4.3,-2.2231,1.0676,196.1656,-0.0004,-0.0,196.1655,,,,,,,,,,,,0.1,0.1,0.1,0.1,0
4.32,-2.2318,1.0773,196.2147,-0.0004,-0.0,196.2147,,,,,,,,,,,,0.1,0.1,0.1,0.1,0
4.34,-2.2318,1.0773,196.2147,-0.0004,-0.0,196.2147,,,,,,,,,,,,0.1,0.1,0.1,0.1,0
4.36,-2.2318,1.0773,196.2147,-0.0004,-0.0,196.2147,,,,,,,,,,,,0.1,0.1,0.1,0.1,0
4.38,-2.2318,1.0773,196.2147,-0.0004,-0.0,196.2147,,,,,,,,,,,,0.1,0.1,0.1,0.1,0
4.4,-2.2195,1.0581,196.1962,-0.0004,-0.0,196.1962,,,,,,,,,,,,0.1,0.1,0.1,0.1,0
4.42,-2.2195,1.0581,196.1962,-0.0004,-0.0,196.1962,,,,,,,,,,,,0.1,0.1,0.1,0.1,0
4.44,-2.2195,1.0581,196.1962,-0.0004,-0.0,196.1962,,,,,,,,,,,,0.1,0.1,0.1,0.1,0
4.46,-2.2195,1.0581,196.1962,-0.0004,-0.0,196.1962,,,,,,,,,,,,0.1,0.1,0.1,0.1,0
4.48,-2.2195,1.0581,196.1962,-0.0004,-0.0,196.1962,,,,,,,,,,,,0.1,0.1,0.1,0.1,0
4.5,-2.2195,1.0581,196.1962,-0.0004,-0.0,196.1962,,,,,,,,,,,,0.1,0.1,0.1,0.1,0
4.52,-2.2255,1.0404,196.1258,-0.0004,-0.0,196.1258,,,,,,,,,,,,0.1,0.1,0.1,0.1,0
4.54,-2.2255,1.0404,196.1258,-0.0004,-0.0,196.1258,,,,,,,,,,,,0.1,0.1,0.1,0.1,0
4.56,-2.2255,1.0404,196.1258,-0.0004,-0.0,196.1258,,,,,,,,,,,,0.1,0.1,0.1,0.1,0
4.58,-2.2255,1.0404,196.1258,-0.0004,-0.0,196.1258,,,,,,,,,,,,0.1,0.1,0.1,0.1,0
4.6,-2.2403,1.0345,196.1203,-0.0004,-0.0,196.1203,,,,,,,,,,,,0.1,0.1,0.1,0.1,0
4.62,-2.2403,1.0345,196.1203,-0.0004,-0.0,196.1203,,,,,,,,,,,,0.1,0.1,0.1,0.1,0
4.64,-2.2403,1.0345,196.1203,-0.0004,-0.0,196.1203,,,,,,,,,,,,0.1,0.1,0.1,0.1,0
4.66,-2.2403,1.0345,196.1203,-0.0004,-0.0,196.1203,,,,,,,,,,,,0.1,0.1,0.1,0.1,0
4.68,-2.2403,1.0345,196.1203,-0.0004,-0.0,196.1203,,,,,,,,,,,,0.1,0.1,0.1,0.1,0
4.7,-2.2403,1.0345,196.1203,-0.0004,-0.0,196.1203,,,,,,,,,,,,0.1,0.1,0.1,0.1,0
4.72,-2.2236,1.0417,196.096,-0.0004,-0.0,196.096,,,,,,,,,,,,0.1,0.1,0.1,0.1,0
4.74,-2.2236,1.0417,196.096,-0.0004,-0.0,196.096,,,,,,,,,,,,0.1,0.1,0.1,0.1,0
4.76,-2.2236,1.0417,196.096,-0.0004,-0.0,196.096,,,,,,,,,,,,0.1,0.1,0.1,0.1,0
4.78,-2.2236,1.0417,196.096,-0.0004,-0.0,196.096,,,,,,,,,,,,0.1,0.1,0.1,0.1,0
4.8,-2.1999,1.0299,196.0634,-0.0004,-0.0,196.0634,,,,,,,,,,,,0.1,0.1,0.1,0.1,0
4.82,-2.1999,1.0299,196.0634,-0.0004,-0.0,196.0634,,,,,,,,,,,,0.1,0.1,0.1,0.1,0
4.84,-2.1999,1.0299,196.0634,-0.0004,-0.0,196.0634,,,,,,,,,,,,0.1,0.1,0.1,0.1,0
4.86,-2.1999,1.0299,196.0634,-0.0004,-0.0,196.0634,,,,,,,,,,,,0.1,0.1,0.1,0.1,0
4.88,-2.1999,1.0299,196.0634,-0.0004,-0.0,196.0634,,,,,,,,,,,,0.1,0.1,0.1,0.1,0
4.9,-2.1999,1.0299,196.0634,-0.0004,-0.0,196.0634,,,,,,,,,,,,0.1,0.1,0.1,0.1,0
4.92,-2.1926,1.0322,196.0747,-0.0004,-0.0,196.0747,,,,,,,,,,,,0.1,0.1,0.1,0.1,0
4.94,-2.1926,1.0322,196.0747,-0.0004,-0.0,196.0747,,,,,,,,,,,,0.1,0.1,0.1,0.1,0
4.96,-2.1926,1.0322,196.0747,-0.0004,-0.0,196.0747,,,,,,,,,,,,0.1,0.1,0.1,0.1,0
4.98,-2.1926,1.0322,196.0747,-0.0004,-0.0,196.0747,,,,,,,,,,,,0.1,0.1,0.1,0.1,0
5.0,-2.1915,1.0278,196.0758,-0.0004,-0.0,196.0758,,,,,,,,,,,,0.1,0.1,0.1,0.1,0
5.02,-2.1915,1.0278,196.0758,-0.0004,-0.0,196.0758,,,,,,,,,,,,0.1,0.1,0.1,0.1,0
5.04,-2.1915,1.0278,196.0758,-0.0004,-0.0,196.0758,,,,,,,,,,,,0.1,0.1,0.1,0.1,0
5.06,-2.1915,1.0278,196.0758,-0.0004,-0.0,196.0758,,,,,,,,,,,,0.1,0.1,0.1,0.1,0
5.08,-2.1915,1.0278,196.0758,-0.0004,-0.0,196.0758,,,,,,,,,,,,0.1,0.1,0.1,0.1,0
5.1,-2.1915,1.0278,196.0758,-0.0004,-0.0,196.0758,,,,,,,,,,,,0.1,0.1,0.1,0.1,0
5.12,-2.2035,1.0133,196.04,-0.0004,-0.0,196.04,,,,,,,,,,,,0.1,0.1,0.1,0.1,0
5.14,-2.2035,1.0133,196.04,-0.0004,-0.0,196.04,,,,,,,,,,,,0.1,0.1,0.1,0.1,0
5.16,-2.2035,1.0133,196.04,-0.0004,-0.0,196.04,,,,,,,,,,,,0.1,0.1,0.1,0.1,0
5.18,-2.2035,1.0133,196.04,-0.0004,-0.0,196.04,,,,,,,,,,,,0.1,0.1,0.1,0.1,0
5.2,-2.1983,1.0158,196.0712,-0.0004,-0.0,196.0712,,,,,,,,,,,,0.1,0.1,0.1,0.1,0
5.22,-2.1983,1.0158,196.0712,-0.0004,-0.0,196.0712,,,,,,,,,,,,0.1,0.1,0.1,0.1,0
5.24,-2.1983,1.0158,196.0712,-0.0004,-0.0,196.0712,,,,,,,,,,,,0.1,0.1,0.1,0.1,0
5.26,-2.1983,1.0158,196.0712,-0.0004,-0.0,196.0712,,,,,,,,,,,,0.1,0.1,0.1,0.1,0
5.28,-2.1983,1.0158,196.0712,-0.0004,-0.0,196.0712,,,,,,,,,,,,0.1,0.1,0.1,0.1,0
5.3,-2.1983,1.0158,196.0712,-0.0004,-0.0,196.0712,,,,,,,,,,,,0.1,0.1,0.1,0.1,0
5.32,-2.2067,1.0179,196.0639,-0.0004,-0.0,196.0639,,,,,,,,,,,,0.1,0.1,0.1,0.1,0
5.34,-2.2067,1.0179,196.0639,-0.0004,-0.0,196.0639,,,,,,,,,,,,0.1,0.1,0.1,0.1,0
5.36,-2.2067,1.0179,196.0639,-0.0004,-0.0,196.0639,,,,,,,,,,,,0.1,0.1,0.1,0.1,0
5.38,-2.2067,1.0179,196.0639,-0.0004,-0.0,196.0639,,,,,,,,,,,,0.1,0.1,0.1,0.1,0
5.4,-2.2113,1.0305,196.0453,-0.211,-0.0528,196.0453,,,,,,,,,,,,0.1,0.1,0.1,0.1,0
5.42,-2.2113,1.0305,196.0453,-0.211,-0.0528,196.0453,,,,,,,,,,,,0.1,0.1,0.1,0.1,0
5.44,-2.2113,1.0305,196.0453,-0.211,-0.0528,196.0453,,,,,,,,,,,,0.1,0.1,0.1,0.1,0
5.46,-2.2113,1.0305,196.0453,-0.211,-0.0528,196.0453,,,,,,,,,,,,0.1,0.1,0.1,0.1,0
5.48,-2.2113,1.0305,196.0453,-0.211,-0.0528,196.0453,,,,,,,,,,,,0.1,0.1,0.1,0.1,0
5.5,-2.2113,1.0305,196.0453,-0.211,-0.0528,196.0453,,,,,,,,,,,,0.1,0.1,0.1,0.1,0
5.52,-2.2026,1.023,196.0667,-0.4757,-0.0296,196.0667,,,,,,,,,,,,0.1,0.1,0.1,0.1,0
5.54,-2.2026,1.023,196.0667,-0.4757,-0.0296,196.0667,,,,,,,,,,,,0.1,0.1,0.1,0.1,0
5.56,-2.2026,1.023,196.0667,-0.4757,-0.0296,196.0667,,,,,,,,,,,,0.1,0.1,0.1,0.1,0
5.58,-2.2026,1.023,196.0667,-0.4757,-0.0296,196.0667,,,,,,,,,,,,0.1,0.1,0.1,0.1,0
5.6,-2.2133,1.009,196.0052,-0.5459,-0.0151,196.0052,,,,,,,,,,,,0.1,0.1,0.1,0.1,0
5.62,-2.2133,1.009,196.0052,-0.5459,-0.0151,196.0052,,,,,,,,,,,,0.1,0.1,0.1,0.1,0
5.64,-2.2133,1.009,196.0052,-0.5459,-0.0151,196.0052,,,,,,,,,,,,0.1,0.1,0.1,0.1,0
5.66,-2.2133,1.009,196.0052,-0.5459,-0.0151,196.0052,,,,,,,,,,,,0.1,0.1,0.1,0.1,0
5.68,-2.2133,1.009,196.0052,-0.5459,-0.0151,196.0052,,,,,,,,,,,,0.1,0.1,0.1,0.1,0
5.7,-2.2133,1.009,196.0052,-0.5459,-0.0151,196.0052,,,,,,,,,,,,0.1,0.1,0.1,0.1,0
5.72,-2.2271,1.0065,196.0457,-0.5467,-0.0077,196.0457,,,,,,,,,,,,0.1,0.1,0.1,0.1,0
5.74,-2.2271,1.0065,196.0457,-0.5467,-0.0077,196.0457,,,,,,,,,,,,0.1,0.1,0.1,0.1,0
5.76,-2.2271,1.0065,196.0457,-0.5467,-0.0077,196.0457,,,,,,,,,,,,0.1,0.1,0.1,0.1,0
5.78,-2.2271,1.0065,196.0457,-0.5467,-0.0077,196.0457,,,,,,,,,,,,0.1,0.1,0.1,0.1,0
5.8,-2.243,1.0254,195.9965,-0.4919,-0.0039,195.9965,,,,,,,,,,,,0.1,0.1,0.1,0.1,0
5.82,-2.243,1.0254,195.9965,-0.4919,-0.0039,195.9965,,,,,,,,,,,,0.0,0.0,0.0,0.0,0
5.84,-2.243,1.0254,195.9965,-0.4919,-0.0039,195.9965,,,,,,,,,,,,0.0,0.0,0.0,0.0,0
5.86,-2.243,1.0254,195.9965,-0.4919,-0.0039,195.9965,,,,,,,,,,,,0.0,0.0,0.0,0.0,0
5.88,-2.243,1.0254,195.9965,-0.4919,-0.0039,195.9965,,,,,,,,,,,,0.0,0.0,0.0,0.0,0
5.9,-2.243,1.0254,195.9965,-0.4919,-0.0039,195.9965,,,,,,,,,,,,0.0,0.0,0.0,0.0,0
5.92,-2.2396,1.0284,196.0766,-0.3941,-0.002,196.0766,,,,,,,,,,,,0.0,0.0,0.0,0.0,0
5.94,-2.2396,1.0284,196.0766,-0.3941,-0.002,196.0766,,,,,,,,,,,,0.0,0.0,0.0,0.0,0
5.96,-2.2396,1.0284,196.0766,-0.3941,-0.002,196.0766,,,,,,,,,,,,0.0,0.0,0.0,0.0,0
5.98,-2.2396,1.0284,196.0766,-0.3941,-0.002,196.0766,,,,,,,,,,,,0.0,0.0,0.0,0.0,0
6.0,-2.2382,1.0209,195.9983,-0.2225,-0.001,195.9983,,,,,,,,,,,,0.0,0.0,0.0,0.0,0
6.02,-2.2382,1.0209,195.9983,-0.2225,-0.001,195.9983,,,,,,,,,,,,0.0,0.0,0.0,0.0,0
6.04,-2.2382,1.0209,195.9983,-0.2225,-0.001,195.9983,,,,,,,,,,,,0.0,0.0,0.0,0.0,0
6.06,-2.2382,1.0209,195.9983,-0.2225,-0.001,195.9983,,,,,,,,,,,,0.0,0.0,0.0,0.0,0
6.08,-2.2382,1.0209,195.9983,-0.2225,-0.001,195.9983,,,,,,,,,,,,0.0,0.0,0.0,0.0,0
6.1,-2.2382,1.0209,195.9983,-0.2225,-0.001,195.9983,,,,,,,,,,,,0.0,0.0,0.0,0.0,0
6.12,-2.2563,1.0472,196.1565,-0.1136,-0.0005,196.1565,,,,,,,,,,,,0.0,0.0,0.0,0.0,0
6.14,-2.2563,1.0472,196.1565,-0.1136,-0.0005,196.1565,,,,,,,,,,,,0.0,0.0,0.0,0.0,0
6.16,-2.2563,1.0472,196.1565,-0.1136,-0.0005,196.1565,,,,,,,,,,,,0.0,0.0,0.0,0.0,0
6.18,-2.2563,1.0472,196.1565,-0.1136,-0.0005,196.1565,,,,,,,,,,,,0.0,0.0,0.0,0.0,0
6.2,-2.2925,1.0403,196.078,-0.058,-0.0003,196.078,,,,,,,,,,,,0.0,0.0,0.0,0.0,0
6.22,-2.2925,1.0403,196.078,-0.058,-0.0003,196.078,,,,,,,,,,,,0.0,0.0,0.0,0.0,0
6.24,-2.2925,1.0403,196.078,-0.058,-0.0003,196.078,,,,,,,,,,,,0.0,0.0,0.0,0.0,0
6.26,-2.2925,1.0403,196.078,-0.058,-0.0003,196.078,,,,,,,,,,,,0.0,0.0,0.0,0.0,0
6.28,-2.2925,1.0403,196.078,-0.058,-0.0003,196.078,,,,,,,,,,,,0.0,0.0,0.0,0.0,0
6.3,-2.2925,1.0403,196.078,-0.058,-0.0003,196.078,,,,,,,,,,,,0.0,0.0,0.0,0.0,0
6.32,-2.314,1.0403,196.1395,-0.0296,-0.0001,196.1395,,,,,,,,,,,,0.0,0.0,0.0,0.0,0
6.34,-2.314,1.0403,196.1395,-0.0296,-0.0001,196.1395,,,,,,,,,,,,0.0,0.0,0.0,0.0,0
6.36,-2.314,1.0403,196.1395,-0.0296,-0.0001,196.1395,,,,,,,,,,,,0.0,0.0,0.0,0.0,0
6.38,-2.314,1.0403,196.1395,-0.0296,-0.0001,196.1395,,,,,,,,,,,,0.0,0.0,0.0,0.0,0
6.4,-2.3418,1.0619,196.2015,-0.0151,-0.0001,196.2015,,,,,,,,,,,,0.0,0.0,0.0,0.0,0
6.42,-2.3418,1.0619,196.2015,-0.0151,-0.0001,196.2015,,,,,,,,,,,,0.0,0.0,0.0,0.0,0
6.44,-2.3418,1.0619,196.2015,-0.0151,-0.0001,196.2015,,,,,,,,,,,,0.0,0.0,0.0,0.0,0
6.46,-2.3418,1.0619,196.2015,-0.0151,-0.0001,196.2015,,,,,,,,,,,,0.0,0.0,0.0,0.0,0
6.48,-2.3418,1.0619,196.2015,-0.0151,-0.0001,196.2015,,,,,,,,,,,,0.0,0.0,0.0,0.0,0
6.5,-2.3418,1.0619,196.2015,-0.0151,-0.0001,196.2015,,,,,,,,,,,,0.0,0.0,0.0,0.0,0
6.52,-2.1446,0.7858,196.1651,-0.0077,-0.0,196.1651,,,,,,,,,,,,0.0,0.0,0.0,0.0,0
6.54,-2.1446,0.7858,196.1651,-0.0077,-0.0,196.1651,,,,,,,,,,,,0.0,0.0,0.0,0.0,0
6.56,-2.1446,0.7858,196.1651,-0.0077,-0.0,196.1651,,,,,,,,,,,,0.0,0.0,0.0,0.0,0
6.58,-2.1446,0.7858,196.1651,-0.0077,-0.0,196.1651,,,,,,,,,,,,0.0,0.0,0.0,0.0,0
6.6,-2.1338,0.6133,196.0534,-0.0039,-0.0,196.0533,,,,,,,,,,,,0.0,0.0,0.0,0.0,0
6.62,-2.1338,0.6133,196.0534,-0.0039,-0.0,196.0533,,,,,,,,,,,,0.0,0.0,0.0,0.0,0
6.64,-2.1338,0.6133,196.0534,-0.0039,-0.0,196.0533,,,,,,,,,,,,0.0,0.0,0.0,0.0,0
6.66,-2.1338,0.6133,196.0534,-0.0039,-0.0,196.0533,,,,,,,,,,,,0.0,0.0,0.0,0.0,0
6.68,-2.1338,0.6133,196.0534,-0.0039,-0.0,196.0533,,,,,,,,,,,,0.0,0.0,0.0,0.0,0
6.7,-2.1338,0.6133,196.0534,-0.0039,-0.0,196.0533,,,,,,,,,,,,0.0,0.0,0.0,0.0,0
6.72,-2.0623,0.4188,196.8316,-0.002,-0.0,196.8316,,,,,,,,,,,,0.0,0.0,0.0,0.0,0
6.74,-2.0623,0.4188,196.8316,-0.002,-0.0,196.8316,,,,,,,,,,,,0.0,0.0,0.0,0.0,0
6.76,-2.0623,0.4188,196.8316,-0.002,-0.0,196.8316,,,,,,,,,,,,0.0,0.0,0.0,0.0,0
6.78,-2.0623,0.4188,196.8316,-0.002,-0.0,196.8316,,,,,,,,,,,,0.0,0.0,0.0,0.0,0
6.8,-2.1111,0.4147,196.6075,-0.001,-0.0,196.6075,,,,,,,,,,,,0.0,0.0,0.0,0.0,0
6.82,-2.1111,0.4147,196.6075,-0.001,-0.0,196.6075,,,,,,,,,,,,0.0,0.0,0.0,0.0,0
6.84,-2.1111,0.4147,196.6075,-0.001,-0.0,196.6075,,,,,,,,,,,,0.0,0.0,0.0,0.0,0
6.86,-2.1111,0.4147,196.6075,-0.001,-0.0,196.6075,,,,,,,,,,,,0.0,0.0,0.0,0.0,0
6.88,-2.1111,0.4147,196.6075,-0.001,-0.0,196.6075,,,,,,,,,,,,0.0,0.0,0.0,0.0,0
6.9,-2.1111,0.4147,196.6075,-0.001,-0.0,196.6075,,,,,,,,,,,,0.0,0.0,0.0,0.0,0
6.92,-2.1334,0.4321,196.7163,-0.0005,-0.0,196.7163,,,,,,,,,,,,0.0,0.0,0.0,0.0,0
6.94,-2.1334,0.4321,196.7163,-0.0005,-0.0,196.7163,,,,,,,,,,,,0.0,0.0,0.0,0.0,0
6.96,-2.1334,0.4321,196.7163,-0.0005,-0.0,196.7163,,,,,,,,,,,,0.0,0.0,0.0,0.0,0
6.98,-2.1334,0.4321,196.7163,-0.0005,-0.0,196.7163,,,,,,,,,,,,0.0,0.0,0.0,0.0,0
7.0,-2.1443,0.4348,196.6059,-0.0004,-0.0,196.6059,,,,,,,,,,,,0.0,0.0,0.0,0.0,0
7.02,-2.1443,0.4348,196.6059,-0.0004,-0.0,196.6059,,,,,,,,,,,,0.0,0.0,0.0,0.0,0
7.04,-2.1443,0.4348,196.6059,-0.0004,-0.0,196.6059,,,,,,,,,,,,0.0,0.0,0.0,0.0,0
7.06,-2.1443,0.4348,196.6059,-0.0004,-0.0,196.6059,,,,,,,,,,,,0.0,0.0,0.0,0.0,0
7.08,-2.1443,0.4348,196.6059,-0.0004,-0.0,196.6059,,,,,,,,,,,,0.0,0.0,0.0,0.0,0
7.1,-2.1443,0.4348,196.6059,-0.0004,-0.0,196.6059,,,,,,,,,,,,0.0,0.0,0.0,0.0,0
7.12,-2.107,0.423,196.9199,-0.0004,-0.0,196.9199,,,,,,,,,,,,0.0,0.0,0.0,0.0,0
7.14,-2.107,0.423,196.9199,-0.0004,-0.0,196.9199,,,,,,,,,,,,0.0,0.0,0.0,0.0,0
7.16,-2.107,0.423,196.9199,-0.0004,-0.0,196.9199,,,,,,,,,,,,0.0,0.0,0.0,0.0,0
7.18,-2.107,0.423,196.9199,-0.0004,-0.0,196.9199,,,,,,,,,,,,0.0,0.0,0.0,0.0,0
7.2,-2.1436,0.4065,196.6046,-0.0004,-0.0,196.6046,,,,,,,,,,,,0.0,0.0,0.0,0.0,0
7.22,-2.1436,0.4065,196.6046,-0.0004,-0.0,196.6046,,,,,,,,,,,,0.0,0.0,0.0,0.0,0
7.24,-2.1436,0.4065,196.6046,-0.0004,-0.0,196.6046,,,,,,,,,,,,0.0,0.0,0.0,0.0,0
7.26,-2.1436,0.4065,196.6046,-0.0004,-0.0,196.6046,,,,,,,,,,,,0.0,0.0,0.0,0.0,0
7.28,-2.1436,0.4065,196.6046,-0.0004,-0.0,196.6046,,,,,,,,,,,,0.0,0.0,0.0,0.0,0
7.3,-2.1436,0.4065,196.6046,-0.0004,-0.0,196.6046,,,,,,,,,,,,0.0,0.0,0.0,0.0,0
7.32,-2.1276,0.4131,197.22,-0.0004,-0.0,197.22,,,,,,,,,,,,0.0,0.0,0.0,0.0,0
7.34,-2.1276,0.4131,197.22,-0.0004,-0.0,197.22,,,,,,,,,,,,0.0,0.0,0.0,0.0,0
7.36,-2.1276,0.4131,197.22,-0.0004,-0.0,197.22,,,,,,,,,,,,0.0,0.0,0.0,0.0,0
7.38,-2.1276,0.4131,197.22,-0.0004,-0.0,197.22,,,,,,,,,,,,0.0,0.0,0.0,0.0,0
7.4,-2.0725,0.2215,196.274,-0.0004,-0.0,196.274,,,,,,,,,,,,0.0,0.0,0.0,0.0,0
7.42,-2.0725,0.2215,196.274,-0.0004,-0.0,196.274,,,,,,,,,,,,0.0,0.0,0.0,0.0,0
7.44,-2.0725,0.2215,196.274,-0.0004,-0.0,196.274,,,,,,,,,,,,0.0,0.0,0.0,0.0,0
7.46,-2.0725,0.2215,196.274,-0.0004,-0.0,196.274,,,,,,,,,,,,0.0,0.0,0.0,0.0,0
7.48,-2.0725,0.2215,196.274,-0.0004,-0.0,196.274,,,,,,,,,,,,0.0,0.0,0.0,0.0,0
7.5,-2.0725,0.2215,196.274,-0.0004,-0.0,196.274,,,,,,,,,,,,0.0,0.0,0.0,0.0,0
7.52,-2.0873,0.245,196.6497,-0.0004,-0.0,196.6497,,,,,,,,,,,,0.0,0.0,0.0,0.0,0
7.54,-2.0873,0.245,196.6497,-0.0004,-0.0,196.6497,,,,,,,,,,,,0.0,0.0,0.0,0.0,0
7.56,-2.0873,0.245,196.6497,-0.0004,-0.0,196.6497,,,,,,,,,,,,0.0,0.0,0.0,0.0,0
7.58,-2.0873,0.245,196.6497,-0.0004,-0.0,196.6497,,,,,,,,,,,,0.0,0.0,0.0,0.0,0
7.6,-2.1183,0.2721,196.4323,-0.0004,-0.0,196.4323,,,,,,,,,,,,0.0,0.0,0.0,0.0,0
7.62,-2.1183,0.2721,196.4323,-0.0004,-0.0,196.4323,,,,,,,,,,,,0.0,0.0,0.0,0.0,0
7.64,-2.1183,0.2721,196.4323,-0.0004,-0.0,196.4323,,,,,,,,,,,,0.0,0.0,0.0,0.0,0
7.66,-2.1183,0.2721,196.4323,-0.0004,-0.0,196.4323,,,,,,,,,,,,0.0,0.0,0.0,0.0,0
7.68,-2.1183,0.2721,196.4323,-0.0004,-0.0,196.4323,,,,,,,,,,,,0.0,0.0,0.0,0.0,0
7.7,-2.1183,0.2721,196.4323,-0.0004,-0.0,196.4323,,,,,,,,,,,,0.0,0.0,0.0,0.0,0
7.72,-2.0733,0.2989,197.5002,-0.0004,-0.0,197.5002,,,,,,,,,,,,0.0,0.0,0.0,0.0,0
7.74,-2.0733,0.2989,197.5002,-0.0004,-0.0,197.5002,,,,,,,,,,,,0.0,0.0,0.0,0.0,0
7.76,-2.0733,0.2989,197.5002,-0.0004,-0.0,197.5002,,,,,,,,,,,,0.0,0.0,0.0,0.0,0
7.78,-2.0733,0.2989,197.5002,-0.0004,-0.0,197.5002,,,,,,,,,,,,0.0,0.0,0.0,0.0,0
7.8,-2.1873,0.2834,196.5455,-0.0004,-0.0,196.5455,,,,,,,,,,,,0.0,0.0,0.0,0.0,0
7.82,-2.1873,0.2834,196.5455,-0.0004,-0.0,196.5455,,,,,,,,,,,,0.0,0.0,0.0,0.0,0
7.84,-2.1873,0.2834,196.5455,-0.0004,-0.0,196.5455,,,,,,,,,,,,0.0,0.0,0.0,0.0,0
7.86,-2.1873,0.2834,196.5455,-0.0004,-0.0,196.5455,,,,,,,,,,,,0.0,0.0,0.0,0.0,0
7.88,-2.1873,0.2834,196.5455,-0.0004,-0.0,196.5455,,,,,,,,,,,,0.0,0.0,0.0,0.0,0
7.9,-2.1873,0.2834,196.5455,-0.0004,-0.0,196.5455,,,,,,,,,,,,0.0,0.0,0.0,0.0,0
7.92,-2.0466,0.1964,196.6446,-0.0004,-0.0,196.6446,,,,,,,,,,,,0.0,0.0,0.0,0.0,0
7.94,-2.0466,0.1964,196.6446,-0.0004,-0.0,196.6446,,,,,,,,,,,,0.0,0.0,0.0,0.0,0
7.96,-2.0466,0.1964,196.6446,-0.0004,-0.0,196.6446,,,,,,,,,,,,0.0,0.0,0.0,0.0,0
7.98,-2.0466,0.1964,196.6446,-0.0004,-0.0,196.6446,,,,,,,,,,,,0.0,0.0,0.0,0.0,0
8.0,-2.0387,0.1664,196.8817,-0.0004,-0.0,196.8817,,,,,,,,,,,,0.0,0.0,0.0,0.0,0
8.02,-2.0387,0.1664,196.8817,-0.0004,-0.0,196.8817,,,,,,,,,,,,0.0,0.0,0.0,0.0,0
8.04,-2.0387,0.1664,196.8817,-0.0004,-0.0,196.8817,,,,,,,,,,,,0.0,0.0,0.0,0.0,0
8.06,-2.0387,0.1664,196.8817,-0.0004,-0.0,196.8817,,,,,,,,,,,,0.0,0.0,0.0,0.0,0
8.08,-2.0387,0.1664,196.8817,-0.0004,-0.0,196.8817,,,,,,,,,,,,0.0,0.0,0.0,0.0,0
8.1,-2.0387,0.1664,196.8817,-0.0004,-0.0,196.8817,,,,,,,,,,,,0.0,0.0,0.0,0.0,0
8.12,-2.0584,0.1927,196.3961,-0.0004,-0.0,196.3961,,,,,,,,,,,,0.0,0.0,0.0,0.0,0
8.14,-2.0584,0.1927,196.3961,-0.0004,-0.0,196.3961,,,,,,,,,,,,0.0,0.0,0.0,0.0,0
8.16,-2.0584,0.1927,196.3961,-0.0004,-0.0,196.3961,,,,,,,,,,,,0.0,0.0,0.0,0.0,0
8.18,-2.0584,0.1927,196.3961,-0.0004,-0.0,196.3961,,,,,,,,,,,,0.0,0.0,0.0,0.0,0
8.2,-1.9033,0.2429,197.6995,-0.0004,-0.0,197.6995,,,,,,,,,,,,0.0,0.0,0.0,0.0,0
8.22,-1.9033,0.2429,197.6995,-0.0004,-0.0,197.6995,,,,,,,,,,,,0.0,0.0,0.0,0.0,0
8.24,-1.9033,0.2429,197.6995,-0.0004,-0.0,197.6995,,,,,,,,,,,,0.0,0.0,0.0,0.0,0
8.26,-1.9033,0.2429,197.6995,-0.0004,-0.0,197.6995,,,,,,,,,,,,0.0,0.0,0.0,0.0,0
8.28,-1.9033,0.2429,197.6995,-0.0004,-0.0,197.6995,,,,,,,,,,,,0.0,0.0,0.0,0.0,0
8.3,-1.9033,0.2429,197.6995,-0.0004,-0.0,197.6995,,,,,,,,,,,,0.0,0.0,0.0,0.0,0
8.32,-2.1408,0.2198,196.7931,-0.0004,-0.0,196.7931,,,,,,,,,,,,0.0,0.0,0.0,0.0,0
8.34,-2.1408,0.2198,196.7931,-0.0004,-0.0,196.7931,,,,,,,,,,,,0.0,0.0,0.0,0.0,0
8.36,-2.1408,0.2198,196.7931,-0.0004,-0.0,196.7931,,,,,,,,,,,,0.0,0.0,0.0,0.0,0
8.38,-2.1408,0.2198,196.7931,-0.0004,-0.0,196.7931,,,,,,,,,,,,0.0,0.0,0.0,0.0,0
8.4,-2.0836,0.2723,196.6364,-0.0004,-0.0,196.6364,,,,,,,,,,,,0.0,0.0,0.0,0.0,0
8.42,-2.0836,0.2723,196.6364,-0.0004,-0.0,196.6364,,,,,,,,,,,,0.0,0.0,0.0,0.0,0
8.44,-2.0836,0.2723,196.6364,-0.0004,-0.0,196.6364,,,,,,,,,,,,0.0,0.0,0.0,0.0,0
8.46,-2.0836,0.2723,196.6364,-0.0004,-0.0,196.6364,,,,,,,,,,,,0.0,0.0,0.0,0.0,0
8.48,-2.0836,0.2723,196.6364,-0.0004,-0.0,196.6364,,,,,,,,,,,,0.0,0.0,0.0,0.0,0
8.5,-2.0836,0.2723,196.6364,-0.0004,-0.0,196.6364,,,,,,,,,,,,0.0,0.0,0.0,0.0,0
8.52,-2.0228,0.1585,197.2037,-0.0004,-0.0,197.2037,,,,,,,,,,,,0.0,0.0,0.0,0.0,0
8.54,-2.0228,0.1585,197.2037,-0.0004,-0.0,197.2037,,,,,,,,,,,,0.0,0.0,0.0,0.0,0
8.56,-2.0228,0.1585,197.2037,-0.0004,-0.0,197.2037,,,,,,,,,,,,0.0,0.0,0.0,0.0,0
8.58,-2.0228,0.1585,197.2037,-0.0004,-0.0,197.2037,,,,,,,,,,,,0.0,0.0,0.0,0.0,0
8.6,-2.064,0.3122,196.5017,-0.0004,-0.0,196.5017,,,,,,,,,,,,0.0,0.0,0.0,0.0,0
8.62,-2.064,0.3122,196.5017,-0.0004,-0.0,196.5017,,,,,,,,,,,,0.0,0.0,0.0,0.0,0
8.64,-2.064,0.3122,196.5017,-0.0004,-0.0,196.5017,,,,,,,,,,,,0.0,0.0,0.0,0.0,0
8.66,-2.064,0.3122,196.5017,-0.0004,-0.0,196.5017,,,,,,,,,,,,0.0,0.0,0.0,0.0,0
8.68,-2.064,0.3122,196.5017,-0.0004,-0.0,196.5017,,,,,,,,,,,,0.0,0.0,0.0,0.0,0
8.7,-2.064,0.3122,196.5017,-0.0004,-0.0,196.5017,,,,,,,,,,,,0.0,0.0,0.0,0.0,0
8.72,-2.0244,0.1976,197.2583,-0.0004,-0.0,197.2583,,,,,,,,,,,,0.0,0.0,0.0,0.0,0
8.74,-2.0244,0.1976,197.2583,-0.0004,-0.0,197.2583,,,,,,,,,,,,0.0,0.0,0.0,0.0,0
8.76,-2.0244,0.1976,197.2583,-0.0004,-0.0,197.2583,,,,,,,,,,,,0.0,0.0,0.0,0.0,0
8.78,-2.0244,0.1976,197.2583,-0.0004,-0.0,197.2583,,,,,,,,,,,,0.0,0.0,0.0,0.0,0
8.8,-2.1251,0.2162,196.8082,-0.0004,-0.0,196.8082,,,,,,,,,,,,0.0,0.0,0.0,0.0,0
8.82,-2.1251,0.2162,196.8082,-0.0004,-0.0,196.8082,,,,,,,,,,,,0.0,0.0,0.0,0.0,0
8.84,-2.1251,0.2162,196.8082,-0.0004,-0.0,196.8082,,,,,,,,,,,,0.0,0.0,0.0,0.0,0
8.86,-2.1251,0.2162,196.8082,-0.0004,-0.0,196.8082,,,,,,,,,,,,0.0,0.0,0.0,0.0,0
8.88,-2.1251,0.2162,196.8082,-0.0004,-0.0,196.8082,,,,,,,,,,,,0.0,0.0,0.0,0.0,0
8.9,-2.1251,0.2162,196.8082,-0.0004,-0.0,196.8082,,,,,,,,,,,,0.0,0.0,0.0,0.0,0
8.92,-4.6166,3.1041,198.5095,-0.0004,-0.0,198.5095,,,,,,,,,,,,0.0,0.0,0.0,0.0,0
8.94,-4.6166,3.1041,198.5095,-0.0004,-0.0,198.5095,,,,,,,,,,,,0.0,0.0,0.0,0.0,0
8.96,-4.6166,3.1041,198.5095,-0.0004,-0.0,198.5095,,,,,,,,,,,,0.0,0.0,0.0,0.0,0
8.98,-4.6166,3.1041,198.5095,-0.0004,-0.0,198.5095,,,,,,,,,,,,0.0,0.0,0.0,0.0,0
9.0,-3.1987,1.3102,200.0473,-0.0004,-0.0,200.0473,,,,,,,,,,,,0.0,0.0,0.0,0.0,0
9.02,-3.1987,1.3102,200.0473,-0.0004,-0.0,200.0473,,,,,,,,,,,,0.0,0.0,0.0,0.0,0
9.04,-3.1987,1.3102,200.0473,-0.0004,-0.0,200.0473,,,,,,,,,,,,0.0,0.0,0.0,0.0,0
9.06,-3.1987,1.3102,200.0473,-0.0004,-0.0,200.0473,,,,,,,,,,,,0.0,0.0,0.0,0.0,0
9.08,-3.1987,1.3102,200.0473,-0.0004,-0.0,200.0473,,,,,,,,,,,,0.0,0.0,0.0,0.0,0
9.1,-3.1987,1.3102,200.0473,-0.0004,-0.0,200.0473,,,,,,,,,,,,0.0,0.0,0.0,0.0,0
9.12,-3.6217,1.8677,198.7363,-0.0004,-0.0,198.7363,,,,,,,,,,,,0.0,0.0,0.0,0.0,0
9.14,-3.6217,1.8677,198.7363,-0.0004,-0.0,198.7363,,,,,,,,,,,,0.0,0.0,0.0,0.0,0
9.16,-3.6217,1.8677,198.7363,-0.0004,-0.0,198.7363,,,,,,,,,,,,0.0,0.0,0.0,0.0,0
9.18,-3.6217,1.8677,198.7363,-0.0004,-0.0,198.7363,,,,,,,,,,,,0.0,0.0,0.0,0.0,0
9.2,-2.8006,0.7732,198.8283,-0.0004,-0.0,198.8283,,,,,,,,,,,,0.0,0.0,0.0,0.0,0
9.22,-2.8006,0.7732,198.8283,-0.0004,-0.0,198.8283,,,,,,,,,,,,0.0,0.0,0.0,0.0,0
9.24,-2.8006,0.7732,198.8283,-0.0004,-0.0,198.8283,,,,,,,,,,,,0.0,0.0,0.0,0.0,0
9.26,-2.8006,0.7732,198.8283,-0.0004,-0.0,198.8283,,,,,,,,,,,,0.0,0.0,0.0,0.0,0
9.28,-2.8006,0.7732,198.8283,-0.0004,-0.0,198.8283,,,,,,,,,,,,0.0,0.0,0.0,0.0,0
9.3,-2.8006,0.7732,198.8283,-0.0004,-0.0,198.8283,,,,,,,,,,,,0.0,0.0,0.0,0.0,0
9.32,-3.3037,1.4785,198.9197,-0.0004,-0.0,198.9197,,,,,,,,,,,,0.0,0.0,0.0,0.0,0
9.34,-3.3037,1.4785,198.9197,-0.0004,-0.0,198.9197,,,,,,,,,,,,0.0,0.0,0.0,0.0,0
9.36,-3.3037,1.4785,198.9197,-0.0004,-0.0,198.9197,,,,,,,,,,,,0.0,0.0,0.0,0.0,0
9.38,-3.3037,1.4785,198.9197,-0.0004,-0.0,198.9197,,,,,,,,,,,,0.0,0.0,0.0,0.0,0
9.4,-2.6715,0.6939,199.4434,-0.0004,-0.0,199.4434,,,,,,,,,,,,0.0,0.0,0.0,0.0,0
9.42,-2.6715,0.6939,199.4434,-0.0004,-0.0,199.4434,,,,,,,,,,,,0.0,0.0,0.0,0.0,0
9.44,-2.6715,0.6939,199.4434,-0.0004,-0.0,199.4434,,,,,,,,,,,,0.0,0.0,0.0,0.0,0
9.46,-2.6715,0.6939,199.4434,-0.0004,-0.0,199.4434,,,,,,,,,,,,0.0,0.0,0.0,0.0,0
9.48,-2.6715,0.6939,199.4434,-0.0004,-0.0,199.4434,,,,,,,,,,,,0.0,0.0,0.0,0.0,0
9.5,-2.6715,0.6939,199.4434,-0.0004,-0.0,199.4434,,,,,,,,,,,,0.0,0.0,0.0,0.0,0
9.52,-3.0152,1.1566,198.8393,-0.0004,-0.0,198.8393,,,,,,,,,,,,0.0,0.0,0.0,0.0,0
9.54,-3.0152,1.1566,198.8393,-0.0004,-0.0,198.8393,,,,,,,,,,,,0.0,0.0,0.0,0.0,0
9.56,-3.0152,1.1566,198.8393,-0.0004,-0.0,198.8393,,,,,,,,,,,,0.0,0.0,0.0,0.0,0
9.58,-3.0152,1.1566,198.8393,-0.0004,-0.0,198.8393,,,,,,,,,,,,0.0,0.0,0.0,0.0,0
9.6,-2.3534,0.5588,198.6231,-0.0004,-0.0,198.6231,,,,,,,,,,,,0.0,0.0,0.0,0.0,0
9.62,-2.3534,0.5588,198.6231,-0.0004,-0.0,198.6231,,,,,,,,,,,,0.0,0.0,0.0,0.0,0
9.64,-2.3534,0.5588,198.6231,-0.0004,-0.0,198.6231,,,,,,,,,,,,0.0,0.0,0.0,0.0,0
9.66,-2.3534,0.5588,198.6231,-0.0004,-0.0,198.6231,,,,,,,,,,,,0.0,0.0,0.0,0.0,0
9.68,-2.3534,0.5588,198.6231,-0.0004,-0.0,198.6231,,,,,,,,,,,,0.0,0.0,0.0,0.0,0
9.7,-2.3534,0.5588,198.6231,-0.0004,-0.0,198.6231,,,,,,,,,,,,0.0,0.0,0.0,0.0,0
9.72,-2.629,0.7449,199.412,-0.0004,-0.0,199.412,,,,,,,,,,,,0.0,0.0,0.0,0.0,0
9.74,-2.629,0.7449,199.412,-0.0004,-0.0,199.412,,,,,,,,,,,,0.0,0.0,0.0,0.0,0
9.76,-2.629,0.7449,199.412,-0.0004,-0.0,199.412,,,,,,,,,,,,0.0,0.0,0.0,0.0,0
9.78,-2.629,0.7449,199.412,-0.0004,-0.0,199.412,,,,,,,,,,,,0.0,0.0,0.0,0.0,0
9.8,-2.3712,0.5087,198.1549,-0.0004,-0.0,198.1549,,,,,,,,,,,,0.0,0.0,0.0,0.0,0
9.82,-2.3712,0.5087,198.1549,-0.0004,-0.0,198.1549,,,,,,,,,,,,0.0,0.0,0.0,0.0,0
9.84,-2.3712,0.5087,198.1549,-0.0004,-0.0,198.1549,,,,,,,,,,,,0.0,0.0,0.0,0.0,0
9.86,-2.3712,0.5087,198.1549,-0.0004,-0.0,198.1549,,,,,,,,,,,,0.0,0.0,0.0,0.0,0
9.88,-2.3712,0.5087,198.1549,-0.0004,-0.0,198.1549,,,,,,,,,,,,0.0,0.0,0.0,0.0,0
9.9,-2.3712,0.5087,198.1549,-0.0004,-0.0,198.1549,,,,,,,,,,,,0.0,0.0,0.0,0.0,0
9.92,-2.2699,0.3949,199.071,-0.0004,-0.0,199.071,,,,,,,,,,,,0.0,0.0,0.0,0.0,0
9.94,-2.2699,0.3949,199.071,-0.0004,-0.0,199.071,,,,,,,,,,,,0.0,0.0,0.0,0.0,0
9.96,-2.2699,0.3949,199.071,-0.0004,-0.0,199.071,,,,,,,,,,,,0.0,0.0,0.0,0.0,0
9.98,-2.2699,0.3949,199.071,-0.0004,-0.0,199.071,,,,,,,,,,,,0.0,0.0,0.0,0.0,0
10.0,-2.2453,0.3814,199.0734,-0.0004,-0.0,199.0734,,,,,,,,,,,,0.0,0.0,0.0,0.0,0
10.02,-2.2453,0.3814,199.0734,-0.0004,-0.0,199.0734,,,,,,,,,,,,0.0,0.0,0.0,0.0,0
10.04,-2.2453,0.3814,199.0734,-0.0004,-0.0,199.0734,,,,,,,,,,,,0.0,0.0,0.0,0.0,0
10.06,-2.2453,0.3814,199.0734,-0.0004,-0.0,199.0734,,,,,,,,,,,,0.0,0.0,0.0,0.0,0
10.08,-2.2453,0.3814,199.0734,-0.0004,-0.0,199.0734,,,,,,,,,,,,0.0,0.0,0.0,0.0,0
10.1,-2.2453,0.3814,199.0734,-0.0004,-0.0,199.0734,,,,,,,,,,,,0.0,0.0,0.0,0.0,0
10.12,-2.182,0.3711,198.5758,-0.0004,-0.0,198.5758,,,,,,,,,,,,0.0,0.0,0.0,0.0,0
10.14,-2.182,0.3711,198.5758,-0.0004,-0.0,198.5758,,,,,,,,,,,,0.0,0.0,0.0,0.0,0
10.16,-2.182,0.3711,198.5758,-0.0004,-0.0,198.5758,,,,,,,,,,,,0.0,0.0,0.0,0.0,0
10.18,-2.182,0.3711,198.5758,-0.0004,-0.0,198.5758,,,,,,,,,,,,0.0,0.0,0.0,0.0,0
10.2,-2.2595,0.361,199.5284,-0.0004,-0.0,199.5284,,,,,,,,,,,,0.0,0.0,0.0,0.0,0
10.22,-2.2595,0.361,199.5284,-0.0004,-0.0,199.5284,,,,,,,,,,,,0.0,0.0,0.0,0.0,0
10.24,-2.2595,0.361,199.5284,-0.0004,-0.0,199.5284,,,,,,,,,,,,0.0,0.0,0.0,0.0,0
10.26,-2.2595,0.361,199.5284,-0.0004,-0.0,199.5284,,,,,,,,,,,,0.0,0.0,0.0,0.0,0
10.28,-2.2595,0.361,199.5284,-0.0004,-0.0,199.5284,,,,,,,,,,,,0.0,0.0,0.0,0.0,0
10.3,-2.2595,0.361,199.5284,-0.0004,-0.0,199.5284,,,,,,,,,,,,0.0,0.0,0.0,0.0,0
10.32,-2.2238,0.3316,198.8161,-0.0004,-0.0,198.8161,,,,,,,,,,,,0.0,0.0,0.0,0.0,0
10.34,-2.2238,0.3316,198.8161,-0.0004,-0.0,198.8161,,,,,,,,,,,,0.0,0.0,0.0,0.0,0
10.36,-2.2238,0.3316,198.8161,-0.0004,-0.0,198.8161,,,,,,,,,,,,0.0,0.0,0.0,0.0,0
10.38,-2.2238,0.3316,198.8161,-0.0004,-0.0,198.8161,,,,,,,,,,,,0.0,0.0,0.0,0.0,0
10.4,-2.1879,0.3407,199.0444,-0.0004,-0.0,199.0444,,,,,,,,,,,,0.0,0.0,0.0,0.0,0
10.42,-2.1879,0.3407,199.0444,-0.0004,-0.0,199.0444,,,,,,,,,,,,0.0,0.0,0.0,0.0,0
10.44,-2.1879,0.3407,199.0444,-0.0004,-0.0,199.0444,,,,,,,,,,,,0.0,0.0,0.0,0.0,0
10.46,-2.1879,0.3407,199.0444,-0.0004,-0.0,199.0444,,,,,,,,,,,,0.0,0.0,0.0,0.0,0
10.48,-2.1879,0.3407,199.0444,-0.0004,-0.0,199.0444,,,,,,,,,,,,0.0,0.0,0.0,0.0,0
10.5,-2.1879,0.3407,199.0444,-0.0004,-0.0,199.0444,,,,,,,,,,,,0.0,0.0,0.0,0.0,0
10.52,-2.2048,0.3436,198.9737,-0.0004,-0.0,198.9737,,,,,,,,,,,,0.0,0.0,0.0,0.0,0
10.54,-2.2048,0.3436,198.9737,-0.0004,-0.0,198.9737,,,,,,,,,,,,0.0,0.0,0.0,0.0,0
10.56,-2.2048,0.3436,198.9737,-0.0004,-0.0,198.9737,,,,,,,,,,,,0.0,0.0,0.0,0.0,0
10.58,-2.2048,0.3436,198.9737,-0.0004,-0.0,198.9737,,,,,,,,,,,,0.0,0.0,0.0,0.0,0
10.6,-2.2121,0.3659,198.7903,-0.0004,-0.0,198.7903,,,,,,,,,,,,0.0,0.0,0.0,0.0,0
10.62,-2.2121,0.3659,198.7903,-0.0004,-0.0,198.7903,,,,,,,,,,,,0.0,0.0,0.0,0.0,0
10.64,-2.2121,0.3659,198.7903,-0.0004,-0.0,198.7903,,,,,,,,,,,,0.0,0.0,0.0,0.0,0
10.66,-2.2121,0.3659,198.7903,-0.0004,-0.0,198.7903,,,,,,,,,,,,0.0,0.0,0.0,0.0,0
10.68,-2.2121,0.3659,198.7903,-0.0004,-0.0,198.7903,,,,,,,,,,,,0.0,0.0,0.0,0.0,0
10.7,-2.2121,0.3659,198.7903,-0.0004,-0.0,198.7903,,,,,,,,,,,,0.0,0.0,0.0,0.0,0
10.72,-2.2263,0.3608,199.0547,-0.0004,-0.0,199.0547,,,,,,,,,,,,0.0,0.0,0.0,0.0,0
10.74,-2.2263,0.3608,199.0547,-0.0004,-0.0,199.0547,,,,,,,,,,,,0.0,0.0,0.0,0.0,0
10.76,-2.2263,0.3608,199.0547,-0.0004,-0.0,199.0547,,,,,,,,,,,,0.0,0.0,0.0,0.0,0
10.78,-2.2263,0.3608,199.0547,-0.0004,-0.0,199.0547,,,,,,,,,,,,0.0,0.0,0.0,0.0,0
10.8,-2.2328,0.3387,198.7186,-0.0004,-0.0,198.7186,,,,,,,,,,,,0.0,0.0,0.0,0.0,0
10.82,-2.2328,0.3387,198.7186,-0.0004,-0.0,198.7186,,,,,,,,,,,,0.0,0.0,0.0,0.0,0
10.84,-2.2328,0.3387,198.7186,-0.0004,-0.0,198.7186,,,,,,,,,,,,0.0,0.0,0.0,0.0,0
10.86,-2.2328,0.3387,198.7186,-0.0004,-0.0,198.7186,,,,,,,,,,,,0.0,0.0,0.0,0.0,0
10.88,-2.2328,0.3387,198.7186,-0.0004,-0.0,198.7186,,,,,,,,,,,,0.0,0.0,0.0,0.0,0
10.9,-2.2328,0.3387,198.7186,-0.0004,-0.0,198.7186,,,,,,,,,,,,0.0,0.0,0.0,0.0,0
10.92,-2.2131,0.3472,199.1655,-0.0004,-0.0,199.1655,,,,,,,,,,,,0.0,0.0,0.0,0.0,0
10.94,-2.2131,0.3472,199.1655,-0.0004,-0.0,199.1655,,,,,,,,,,,,0.0,0.0,0.0,0.0,0
10.96,-2.2131,0.3472,199.1655,-0.0004,-0.0,199.1655,,,,,,,,,,,,0.0,0.0,0.0,0.0,0
10.98,-2.2131,0.3472,199.1655,-0.0004,-0.0,199.1655,,,,,,,,,,,,0.0,0.0,0.0,0.0,0
11.0,-2.1584,0.3799,198.731,-0.0004,-0.0,198.731,,,,,,,,,,,,0.0,0.0,0.0,0.0,0
11.02,-2.1584,0.3799,198.731,-0.0004,-0.0,198.731,,,,,,,,,,,,0.0,0.0,0.0,0.0,0
11.04,-2.1584,0.3799,198.731,-0.0004,-0.0,198.731,,,,,,,,,,,,0.0,0.0,0.0,0.0,0
11.06,-2.1584,0.3799,198.731,-0.0004,-0.0,198.731,,,,,,,,,,,,0.0,0.0,0.0,0.0,0
11.08,-2.1584,0.3799,198.731,-0.0004,-0.0,198.731,,,,,,,,,,,,0.0,0.0,0.0,0.0,0
11.1,-2.1584,0.3799,198.731,-0.0004,-0.0,198.731,,,,,,,,,,,,0.0,0.0,0.0,0.0,0
11.12,-2.1361,0.3643,198.88,-0.0004,-0.0,198.88,,,,,,,,,,,,0.0,0.0,0.0,0.0,0
11.14,-2.1361,0.3643,198.88,-0.0004,-0.0,198.88,,,,,,,,,,,,0.0,0.0,0.0,0.0,0
11.16,-2.1361,0.3643,198.88,-0.0004,-0.0,198.88,,,,,,,,,,,,0.0,0.0,0.0,0.0,0
11.18,-2.1361,0.3643,198.88,-0.0004,-0.0,198.88,,,,,,,,,,,,0.0,0.0,0.0,0.0,0
11.2,-2.0563,0.3435,198.7376,-0.0004,-0.0,198.7376,,,,,,,,,,,,0.0,0.0,0.0,0.0,0
11.22,-2.0563,0.3435,198.7376,-0.0004,-0.0,198.7376,,,,,,,,,,,,0.0,0.0,0.0,0.0,0
11.24,-2.0563,0.3435,198.7376,-0.0004,-0.0,198.7376,,,,,,,,,,,,0.0,0.0,0.0,0.0,0
11.26,-2.0563,0.3435,198.7376,-0.0004,-0.0,198.7376,,,,,,,,,,,,0.0,0.0,0.0,0.0,0
11.28,-2.0563,0.3435,198.7376,-0.0004,-0.0,198.7376,,,,,,,,,,,,0.0,0.0,0.0,0.0,0
11.3,-2.0563,0.3435,198.7376,-0.0004,-0.0,198.7376,,,,,,,,,,,,0.0,0.0,0.0,0.0,0
11.32,-2.1383,0.3564,198.6916,-0.0004,-0.0,198.6916,,,,,,,,,,,,0.0,0.0,0.0,0.0,0
11.34,-2.1383,0.3564,198.6916,-0.0004,-0.0,198.6916,,,,,,,,,,,,0.0,0.0,0.0,0.0,0
11.36,-2.1383,0.3564,198.6916,-0.0004,-0.0,198.6916,,,,,,,,,,,,0.0,0.0,0.0,0.0,0
11.38,-2.1383,0.3564,198.6916,-0.0004,-0.0,198.6916,,,,,,,,,,,,0.0,0.0,0.0,0.0,0
11.4,-2.0682,0.3337,198.5843,-0.0004,-0.0,198.5843,,,,,,,,,,,,0.0,0.0,0.0,0.0,0
11.42,-2.0682,0.3337,198.5843,-0.0004,-0.0,198.5843,,,,,,,,,,,,0.0,0.0,0.0,0.0,0
11.44,-2.0682,0.3337,198.5843,-0.0004,-0.0,198.5843,,,,,,,,,,,,0.0,0.0,0.0,0.0,0
11.46,-2.0682,0.3337,198.5843,-0.0004,-0.0,198.5843,,,,,,,,,,,,0.0,0.0,0.0,0.0,0
11.48,-2.0682,0.3337,198.5843,-0.0004,-0.0,198.5843,,,,,,,,,,,,0.0,0.0,0.0,0.0,0
11.5,-2.0682,0.3337,198.5843,-0.0004,-0.0,198.5843,,,,,,,,,,,,0.0,0.0,0.0,0.0,0
11.52,-2.0958,0.3085,198.8076,-0.0004,-0.0,198.8076,,,,,,,,,,,,0.0,0.0,0.0,0.0,0
11.54,-2.0958,0.3085,198.8076,-0.0004,-0.0,198.8076,,,,,,,,,,,,0.0,0.0,0.0,0.0,0
11.56,-2.0958,0.3085,198.8076,-0.0004,-0.0,198.8076,,,,,,,,,,,,0.0,0.0,0.0,0.0,0
11.58,-2.0958,0.3085,198.8076,-0.0004,-0.0,198.8076,,,,,,,,,,,,0.0,0.0,0.0,0.0,0
11.6,-2.2271,0.3519,198.6506,-0.0004,-0.0,198.6506,,,,,,,,,,,,0.0,0.0,0.0,0.0,0
11.62,-2.2271,0.3519,198.6506,-0.0004,-0.0,198.6506,,,,,,,,,,,,0.0,0.0,0.0,0.0,0
11.64,-2.2271,0.3519,198.6506,-0.0004,-0.0,198.6506,,,,,,,,,,,,0.0,0.0,0.0,0.0,0
11.66,-2.2271,0.3519,198.6506,-0.0004,-0.0,198.6506,,,,,,,,,,,,0.0,0.0,0.0,0.0,0
11.68,-2.2271,0.3519,198.6506,-0.0004,-0.0,198.6506,,,,,,,,,,,,0.0,0.0,0.0,0.0,0
11.7,-2.2271,0.3519,198.6506,-0.0004,-0.0,198.6506,,,,,,,,,,,,0.0,0.0,0.0,0.0,0
11.72,-2.1891,0.3231,198.7778,-0.0004,-0.0,198.7778,,,,,,,,,,,,0.0,0.0,0.0,0.0,0
11.74,-2.1891,0.3231,198.7778,-0.0004,-0.0,198.7778,,,,,,,,,,,,0.0,0.0,0.0,0.0,0
11.76,-2.1891,0.3231,198.7778,-0.0004,-0.0,198.7778,,,,,,,,,,,,0.0,0.0,0.0,0.0,0
11.78,-2.1891,0.3231,198.7778,-0.0004,-0.0,198.7778,,,,,,,,,,,,0.0,0.0,0.0,0.0,0
11.8,-2.1695,0.3586,198.8677,-0.0004,-0.0,198.8677,,,,,,,,,,,,0.0,0.0,0.0,0.0,0
11.82,-2.1695,0.3586,198.8677,-0.0004,-0.0,198.8677,,,,,,,,,,,,0.0,0.0,0.0,0.0,0
11.84,-2.1695,0.3586,198.8677,-0.0004,-0.0,198.8677,,,,,,,,,,,,0.0,0.0,0.0,0.0,0
11.86,-2.1695,0.3586,198.8677,-0.0004,-0.0,198.8677,,,,,,,,,,,,0.0,0.0,0.0,0.0,0
11.88,-2.1695,0.3586,198.8677,-0.0004,-0.0,198.8677,,,,,,,,,,,,0.0,0.0,0.0,0.0,0
11.9,-2.1695,0.3586,198.8677,-0.0004,-0.0,198.8677,,,,,,,,,,,,0.0,0.0,0.0,0.0,0
11.92,-2.1794,0.3434,198.806,-0.0004,-0.0,198.806,,,,,,,,,,,,0.0,0.0,0.0,0.0,0
11.94,-2.1794,0.3434,198.806,-0.0004,-0.0,198.806,,,,,,,,,,,,0.0,0.0,0.0,0.0,0
11.96,-2.1794,0.3434,198.806,-0.0004,-0.0,198.806,,,,,,,,,,,,0.0,0.0,0.0,0.0,0
11.98,-2.1794,0.3434,198.806,-0.0004,-0.0,198.806,,,,,,,,,,,,0.0,0.0,0.0,0.0,0
12.0,-2.3293,0.3782,198.9096,-0.0004,-0.0,198.9096,,,,,,,,,,,,0.0,0.0,0.0,0.0,0
12.02,-2.3293,0.3782,198.9096,-0.0004,-0.0,198.9096,,,,,,,,,,,,0.0,0.0,0.0,0.0,0
12.04,-2.3293,0.3782,198.9096,-0.0004,-0.0,198.9096,,,,,,,,,,,,0.0,0.0,0.0,0.0,0
12.06,-2.3293,0.3782,198.9096,-0.0004,-0.0,198.9096,,,,,,,,,,,,0.0,0.0,0.0,0.0,0
12.08,-2.3293,0.3782,198.9096,-0.0004,-0.0,198.9096,,,,,,,,,,,,0.0,0.0,0.0,0.0,0
12.1,-2.3293,0.3782,198.9096,-0.0004,-0.0,198.9096,,,,,,,,,,,,0.0,0.0,0.0,0.0,0
12.12,-2.3779,0.3551,199.0328,-0.0004,-0.0,199.0328,,,,,,,,,,,,0.0,0.0,0.0,0.0,0
12.14,-2.3779,0.3551,199.0328,-0.0004,-0.0,199.0328,,,,,,,,,,,,0.0,0.0,0.0,0.0,0
12.16,-2.3779,0.3551,199.0328,-0.0004,-0.0,199.0328,,,,,,,,,,,,0.0,0.0,0.0,0.0,0
12.18,-2.3779,0.3551,199.0328,-0.0004,-0.0,199.0328,,,,,,,,,,,,0.0,0.0,0.0,0.0,0
12.2,-2.4423,0.2933,199.1453,-0.0004,-0.0,199.1453,,,,,,,,,,,,0.0,0.0,0.0,0.0,0
12.22,-2.4423,0.2933,199.1453,-0.0004,-0.0,199.1453,,,,,,,,,,,,0.0,0.0,0.0,0.0,0
12.24,-2.4423,0.2933,199.1453,-0.0004,-0.0,199.1453,,,,,,,,,,,,0.0,0.0,0.0,0.0,0
12.26,-2.4423,0.2933,199.1453,-0.0004,-0.0,199.1453,,,,,,,,,,,,0.0,0.0,0.0,0.0,0
12.28,-2.4423,0.2933,199.1453,-0.0004,-0.0,199.1453,,,,,,,,,,,,0.0,0.0,0.0,0.0,0
12.3,-2.4423,0.2933,199.1453,-0.0004,-0.0,199.1453,,,,,,,,,,,,0.0,0.0,0.0,0.0,0
12.32,-2.407,0.2776,199.2355,-0.0004,-0.0,199.2355,,,,,,,,,,,,0.0,0.0,0.0,0.0,0
12.34,-2.407,0.2776,199.2355,-0.0004,-0.0,199.2355,,,,,,,,,,,,0.0,0.0,0.0,0.0,0
12.36,-2.407,0.2776,199.2355,-0.0004,-0.0,199.2355,,,,,,,,,,,,0.0,0.0,0.0,0.0,0
12.38,-2.407,0.2776,199.2355,-0.0004,-0.0,199.2355,,,,,,,,,,,,0.0,0.0,0.0,0.0,0
12.4,-2.3051,0.3019,199.4256,-0.0004,-0.0,199.4256,,,,,,,,,,,,0.0,0.0,0.0,0.0,0
12.42,-2.3051,0.3019,199.4256,-0.0004,-0.0,199.4256,,,,,,,,,,,,0.0,0.0,0.0,0.0,0
12.44,-2.3051,0.3019,199.4256,-0.0004,-0.0,199.4256,,,,,,,,,,,,0.0,0.0,0.0,0.0,0
12.46,-2.3051,0.3019,199.4256,-0.0004,-0.0,199.4256,,,,,,,,,,,,0.0,0.0,0.0,0.0,0
12.48,-2.3051,0.3019,199.4256,-0.0004,-0.0,199.4256,,,,,,,,,,,,0.0,0.0,0.0,0.0,0
12.5,-2.3051,0.3019,199.4256,-0.0004,-0.0,199.4256,,,,,,,,,,,,0.0,0.0,0.0,0.0,0
12.52,-2.3398,0.3279,199.4211,-0.0004,-0.0,199.4211,,,,,,,,,,,,0.0,0.0,0.0,0.0,0
12.54,-2.3398,0.3279,199.4211,-0.0004,-0.0,199.4211,,,,,,,,,,,,0.0,0.0,0.0,0.0,0
12.56,-2.3398,0.3279,199.4211,-0.0004,-0.0,199.4211,,,,,,,,,,,,0.0,0.0,0.0,0.0,0
12.58,-2.3398,0.3279,199.4211,-0.0004,-0.0,199.4211,,,,,,,,,,,,0.0,0.0,0.0,0.0,0
12.6,-2.3199,0.3611,199.3282,-0.0004,-0.0,199.3282,,,,,,,,,,,,0.0,0.0,0.0,0.0,0
12.62,-2.3199,0.3611,199.3282,-0.0004,-0.0,199.3282,,,,,,,,,,,,0.0,0.0,0.0,0.0,0
12.64,-2.3199,0.3611,199.3282,-0.0004,-0.0,199.3282,,,,,,,,,,,,0.0,0.0,0.0,0.0,0
12.66,-2.3199,0.3611,199.3282,-0.0004,-0.0,199.3282,,,,,,,,,,,,0.0,0.0,0.0,0.0,0
12.68,-2.3199,0.3611,199.3282,-0.0004,-0.0,199.3282,,,,,,,,,,,,0.0,0.0,0.0,0.0,0
12.7,-2.3199,0.3611,199.3282,-0.0004,-0.0,199.3282,,,,,,,,,,,,0.0,0.0,0.0,0.0,0
12.72,-2.3156,0.3597,199.4861,-0.0004,-0.0,199.4861,,,,,,,,,,,,0.0,0.0,0.0,0.0,0
12.74,-2.3156,0.3597,199.4861,-0.0004,-0.0,199.4861,,,,,,,,,,,,0.0,0.0,0.0,0.0,0
12.76,-2.3156,0.3597,199.4861,-0.0004,-0.0,199.4861,,,,,,,,,,,,0.0,0.0,0.0,0.0,0
12.78,-2.3156,0.3597,199.4861,-0.0004,-0.0,199.4861,,,,,,,,,,,,0.0,0.0,0.0,0.0,0
12.8,-2.4075,0.4162,199.5182,-0.0004,-0.0,199.5182,,,,,,,,,,,,0.0,0.0,0.0,0.0,0
12.82,-2.4075,0.4162,199.5182,-0.0004,-0.0,199.5182,,,,,,,,,,,,0.0,0.0,0.0,0.0,0
12.84,-2.4075,0.4162,199.5182,-0.0004,-0.0,199.5182,,,,,,,,,,,,0.0,0.0,0.0,0.0,0
12.86,-2.4075,0.4162,199.5182,-0.0004,-0.0,199.5182,,,,,,,,,,,,0.0,0.0,0.0,0.0,0
12.88,-2.4075,0.4162,199.5182,-0.0004,-0.0,199.5182,,,,,,,,,,,,0.0,0.0,0.0,0.0,0
12.9,-2.4075,0.4162,199.5182,-0.0004,-0.0,199.5182,,,,,,,,,,,,0.0,0.0,0.0,0.0,0
12.92,-2.3908,0.4025,199.4385,-0.0004,-0.0,199.4385,,,,,,,,,,,,0.0,0.0,0.0,0.0,0
12.94,-2.3908,0.4025,199.4385,-0.0004,-0.0,199.4385,,,,,,,,,,,,0.0,0.0,0.0,0.0,0
12.96,-2.3908,0.4025,199.4385,-0.0004,-0.0,199.4385,,,,,,,,,,,,0.0,0.0,0.0,0.0,0
12.98,-2.3908,0.4025,199.4385,-0.0004,-0.0,199.4385,,,,,,,,,,,,0.0,0.0,0.0,0.0,0
13.0,-2.3745,0.4048,199.5297,-0.0004,-0.0,199.5297,,,,,,,,,,,,0.0,0.0,0.0,0.0,0
13.02,-2.3745,0.4048,199.5297,-0.0004,-0.0,199.5297,,,,,,,,,,,,0.0,0.0,0.0,0.0,0
13.04,-2.3745,0.4048,199.5297,-0.0004,-0.0,199.5297,,,,,,,,,,,,0.0,0.0,0.0,0.0,0
13.06,-2.3745,0.4048,199.5297,-0.0004,-0.0,199.5297,,,,,,,,,,,,0.0,0.0,0.0,0.0,0
13.08,-2.3745,0.4048,199.5297,-0.0004,-0.0,199.5297,,,,,,,,,,,,0.0,0.0,0.0,0.0,0
13.1,-2.3745,0.4048,199.5297,-0.0004,-0.0,199.5297,,,,,,,,,,,,0.0,0.0,0.0,0.0,0
13.12,-2.3276,0.3783,199.5173,-0.0004,-0.0,199.5173,,,,,,,,,,,,0.0,0.0,0.0,0.0,0
13.14,-2.3276,0.3783,199.5173,-0.0004,-0.0,199.5173,,,,,,,,,,,,0.0,0.0,0.0,0.0,0
13.16,-2.3276,0.3783,199.5173,-0.0004,-0.0,199.5173,,,,,,,,,,,,0.0,0.0,0.0,0.0,0
13.18,-2.3276,0.3783,199.5173,-0.0004,-0.0,199.5173,,,,,,,,,,,,0.0,0.0,0.0,0.0,0
13.2,-2.2811,0.3698,199.5963,-0.0004,-0.0,199.5963,,,,,,,,,,,,0.0,0.0,0.0,0.0,0
13.22,-2.2811,0.3698,199.5963,-0.0004,-0.0,199.5963,,,,,,,,,,,,0.0,0.0,0.0,0.0,0
13.24,-2.2811,0.3698,199.5963,-0.0004,-0.0,199.5963,,,,,,,,,,,,0.0,0.0,0.0,0.0,0
13.26,-2.2811,0.3698,199.5963,-0.0004,-0.0,199.5963,,,,,,,,,,,,0.0,0.0,0.0,0.0,0
13.28,-2.2811,0.3698,199.5963,-0.0004,-0.0,199.5963,,,,,,,,,,,,0.0,0.0,0.0,0.0,0
13.3,-2.2811,0.3698,199.5963,-0.0004,-0.0,199.5963,,,,,,,,,,,,0.0,0.0,0.0,0.0,0
13.32,-2.365,0.3922,199.5655,-0.0004,-0.0,199.5655,,,,,,,,,,,,0.0,0.0,0.0,0.0,0
13.34,-2.365,0.3922,199.5655,-0.0004,-0.0,199.5655,,,,,,,,,,,,0.0,0.0,0.0,0.0,0
13.36,-2.365,0.3922,199.5655,-0.0004,-0.0,199.5655,,,,,,,,,,,,0.0,0.0,0.0,0.0,0
13.38,-2.365,0.3922,199.5655,-0.0004,-0.0,199.5655,,,,,,,,,,,,0.0,0.0,0.0,0.0,0
13.4,-2.3614,0.384,199.566,-0.0004,-0.0,199.5659,,,,,,,,,,,,0.0,0.0,0.0,0.0,0
13.42,-2.3614,0.384,199.566,-0.0004,-0.0,199.5659,,,,,,,,,,,,0.0,0.0,0.0,0.0,0
13.44,-2.3614,0.384,199.566,-0.0004,-0.0,199.5659,,,,,,,,,,,,0.0,0.0,0.0,0.0,0
13.46,-2.3614,0.384,199.566,-0.0004,-0.0,199.5659,,,,,,,,,,,,0.0,0.0,0.0,0.0,0
13.48,-2.3614,0.384,199.566,-0.0004,-0.0,199.5659,,,,,,,,,,,,0.0,0.0,0.0,0.0,0
13.5,-2.3614,0.384,199.566,-0.0004,-0.0,199.5659,,,,,,,,,,,,0.0,0.0,0.0,0.0,0
13.52,-2.4277,0.439,199.5407,-0.0004,-0.0,199.5407,,,,,,,,,,,,0.0,0.0,0.0,0.0,0
13.54,-2.4277,0.439,199.5407,-0.0004,-0.0,199.5407,,,,,,,,,,,,0.0,0.0,0.0,0.0,0
13.56,-2.4277,0.439,199.5407,-0.0004,-0.0,199.5407,,,,,,,,,,,,0.0,0.0,0.0,0.0,0
13.58,-2.4277,0.439,199.5407,-0.0004,-0.0,199.5407,,,,,,,,,,,,0.0,0.0,0.0,0.0,0
13.6,-2.4363,0.4484,199.6453,-0.0004,-0.0,199.6453,,,,,,,,,,,,0.0,0.0,0.0,0.0,0
13.62,-2.4363,0.4484,199.6453,-0.0004,-0.0,199.6453,,,,,,,,,,,,0.0,0.0,0.0,0.0,0
13.64,-2.4363,0.4484,199.6453,-0.0004,-0.0,199.6453,,,,,,,,,,,,0.0,0.0,0.0,0.0,0
13.66,-2.4363,0.4484,199.6453,-0.0004,-0.0,199.6453,,,,,,,,,,,,0.0,0.0,0.0,0.0,0
13.68,-2.4363,0.4484,199.6453,-0.0004,-0.0,199.6453,,,,,,,,,,,,0.0,0.0,0.0,0.0,0
13.7,-2.4363,0.4484,199.6453,-0.0004,-0.0,199.6453,,,,,,,,,,,,0.0,0.0,0.0,0.0,0
13.72,-2.439,0.4574,199.6154,-0.0004,-0.0,199.6154,,,,,,,,,,,,0.0,0.0,0.0,0.0,0
13.74,-2.439,0.4574,199.6154,-0.0004,-0.0,199.6154,,,,,,,,,,,,0.0,0.0,0.0,0.0,0
13.76,-2.439,0.4574,199.6154,-0.0004,-0.0,199.6154,,,,,,,,,,,,0.0,0.0,0.0,0.0,0
13.78,-2.439,0.4574,199.6154,-0.0004,-0.0,199.6154,,,,,,,,,,,,0.0,0.0,0.0,0.0,0
13.8,-2.4246,0.4342,199.5805,-0.0004,-0.0,199.5805,,,,,,,,,,,,0.0,0.0,0.0,0.0,0
13.82,-2.4246,0.4342,199.5805,-0.0004,-0.0,199.5805,,,,,,,,,,,,0.0,0.0,0.0,0.0,0
13.84,-2.4246,0.4342,199.5805,-0.0004,-0.0,199.5805,,,,,,,,,,,,0.0,0.0,0.0,0.0,0
13.86,-2.4246,0.4342,199.5805,-0.0004,-0.0,199.5805,,,,,,,,,,,,0.0,0.0,0.0,0.0,0
13.88,-2.4246,0.4342,199.5805,-0.0004,-0.0,199.5805,,,,,,,,,,,,0.0,0.0,0.0,0.0,0
13.9,-2.4246,0.4342,199.5805,-0.0004,-0.0,199.5805,,,,,,,,,,,,0.0,0.0,0.0,0.0,0
13.92,-2.4699,0.4238,199.5423,-0.0004,-0.0,199.5423,,,,,,,,,,,,0.0,0.0,0.0,0.0,0
13.94,-2.4699,0.4238,199.5423,-0.0004,-0.0,199.5423,,,,,,,,,,,,0.0,0.0,0.0,0.0,0
13.96,-2.4699,0.4238,199.5423,-0.0004,-0.0,199.5423,,,,,,,,,,,,0.0,0.0,0.0,0.0,0
13.98,-2.4699,0.4238,199.5423,-0.0004,-0.0,199.5423,,,,,,,,,,,,0.0,0.0,0.0,0.0,0
14.0,-2.4376,0.3811,199.6436,-0.0004,-0.0,199.6436,,,,,,,,,,,,0.0,0.0,0.0,0.0,0
14.02,-2.4376,0.3811,199.6436,-0.0004,-0.0,199.6436,,,,,,,,,,,,0.0,0.0,0.0,0.0,0
14.04,-2.4376,0.3811,199.6436,-0.0004,-0.0,199.6436,,,,,,,,,,,,0.0,0.0,0.0,0.0,0
14.06,-2.4376,0.3811,199.6436,-0.0004,-0.0,199.6436,,,,,,,,,,,,0.0,0.0,0.0,0.0,0
14.08,-2.4376,0.3811,199.6436,-0.0004,-0.0,199.6436,,,,,,,,,,,,0.0,0.0,0.0,0.0,0
14.1,-2.4376,0.3811,199.6436,-0.0004,-0.0,199.6436,,,,,,,,,,,,0.0,0.0,0.0,0.0,0
14.12,-2.4287,0.404,199.5639,-0.0004,-0.0,199.5639,,,,,,,,,,,,0.029,0.029,0.029,0.029,0
14.14,-2.4287,0.404,199.5639,-0.0004,-0.0,199.5639,,,,,,,,,,,,0.029,0.029,0.029,0.029,0
14.16,-2.4287,0.404,199.5639,-0.0004,-0.0,199.5639,,,,,,,,,,,,0.029,0.029,0.029,0.029,0
14.18,-2.4287,0.404,199.5639,-0.0004,-0.0,199.5639,,,,,,,,,,,,0.029,0.029,0.029,0.029,0
14.2,-2.4525,0.4677,199.6095,-0.0004,-0.0,199.6095,,,,,,,,,,,,0.029,0.029,0.029,0.029,0
14.22,-2.4525,0.4677,199.6095,-0.0004,-0.0,199.6095,,,,,,,,,,,,0.06,0.06,0.06,0.06,0
14.24,-2.4525,0.4677,199.6095,-0.0004,-0.0,199.6095,,,,,,,,,,,,0.06,0.06,0.06,0.06,0
14.26,-2.4525,0.4677,199.6095,-0.0004,-0.0,199.6095,,,,,,,,,,,,0.06,0.06,0.06,0.06,0
14.28,-2.4525,0.4677,199.6095,-0.0004,-0.0,199.6095,,,,,,,,,,,,0.06,0.06,0.06,0.06,0
14.3,-2.4525,0.4677,199.6095,-0.0004,-0.0,199.6095,,,,,,,,,,,,0.06,0.06,0.06,0.06,0
14.32,-2.4437,0.5426,199.5709,-0.0004,-0.0,199.5709,,,,,,,,,,,,0.09,0.09,0.09,0.09,0
14.34,-2.4437,0.5426,199.5709,-0.0004,-0.0,199.5709,,,,,,,,,,,,0.09,0.09,0.09,0.09,0
14.36,-2.4437,0.5426,199.5709,-0.0004,-0.0,199.5709,,,,,,,,,,,,0.09,0.09,0.09,0.09,0
14.38,-2.4437,0.5426,199.5709,-0.0004,-0.0,199.5709,,,,,,,,,,,,0.09,0.09,0.09,0.09,0
14.4,-2.4321,0.5483,199.5277,-0.0004,-0.0,199.5277,,,,,,,,,,,,0.09,0.09,0.09,0.09,0
14.42,-2.4321,0.5483,199.5277,-0.0004,-0.0,199.5277,,,,,,,,,,,,0.1,0.1,0.1,0.1,0
14.44,-2.4321,0.5483,199.5277,-0.0004,-0.0,199.5277,,,,,,,,,,,,0.1,0.1,0.1,0.1,0
14.46,-2.4321,0.5483,199.5277,-0.0004,-0.0,199.5277,,,,,,,,,,,,0.1,0.1,0.1,0.1,0
14.48,-2.4321,0.5483,199.5277,-0.0004,-0.0,199.5277,,,,,,,,,,,,0.1,0.1,0.1,0.1,0
14.5,-2.4321,0.5483,199.5277,-0.0004,-0.0,199.5277,,,,,,,,,,,,0.1,0.1,0.1,0.1,0
14.52,-2.4728,0.6022,199.4887,-0.0004,-0.0,199.4887,,,,,,,,,,,,0.1,0.1,0.1,0.1,0
14.54,-2.4728,0.6022,199.4887,-0.0004,-0.0,199.4887,,,,,,,,,,,,0.1,0.1,0.1,0.1,0
14.56,-2.4728,0.6022,199.4887,-0.0004,-0.0,199.4887,,,,,,,,,,,,0.1,0.1,0.1,0.1,0
14.58,-2.4728,0.6022,199.4887,-0.0004,-0.0,199.4887,,,,,,,,,,,,0.1,0.1,0.1,0.1,0
14.6,-2.4264,0.5839,199.4792,-0.0004,-0.0,199.4792,,,,,,,,,,,,0.1,0.1,0.1,0.1,0
14.62,-2.4264,0.5839,199.4792,-0.0004,-0.0,199.4792,,,,,,,,,,,,0.1,0.1,0.1,0.1,0
14.64,-2.4264,0.5839,199.4792,-0.0004,-0.0,199.4792,,,,,,,,,,,,0.1,0.1,0.1,0.1,0
14.66,-2.4264,0.5839,199.4792,-0.0004,-0.0,199.4792,,,,,,,,,,,,0.1,0.1,0.1,0.1,0
14.68,-2.4264,0.5839,199.4792,-0.0004,-0.0,199.4792,,,,,,,,,,,,0.1,0.1,0.1,0.1,0
14.7,-2.4264,0.5839,199.4792,-0.0004,-0.0,199.4792,,,,,,,,,,,,0.1,0.1,0.1,0.1,0
14.72,-2.4709,0.6313,199.5137,-0.0004,-0.0,199.5137,,,,,,,,,,,,0.1,0.1,0.1,0.1,0
14.74,-2.4709,0.6313,199.5137,-0.0004,-0.0,199.5137,,,,,,,,,,,,0.1,0.1,0.1,0.1,0
14.76,-2.4709,0.6313,199.5137,-0.0004,-0.0,199.5137,,,,,,,,,,,,0.1,0.1,0.1,0.1,0
14.78,-2.4709,0.6313,199.5137,-0.0004,-0.0,199.5137,,,,,,,,,,,,0.1,0.1,0.1,0.1,0
14.8,-2.5117,0.6284,199.3837,-0.0004,-0.0,199.3837,,,,,,,,,,,,0.1,0.1,0.1,0.1,0
14.82,-2.5117,0.6284,199.3837,-0.0004,-0.0,199.3837,,,,,,,,,,,,0.1,0.1,0.1,0.1,0
14.84,-2.5117,0.6284,199.3837,-0.0004,-0.0,199.3837,,,,,,,,,,,,0.1,0.1,0.1,0.1,0
14.86,-2.5117,0.6284,199.3837,-0.0004,-0.0,199.3837,,,,,,,,,,,,0.1,0.1,0.1,0.1,0
14.88,-2.5117,0.6284,199.3837,-0.0004,-0.0,199.3837,,,,,,,,,,,,0.1,0.1,0.1,0.1,0
14.9,-2.5117,0.6284,199.3837,-0.0004,-0.0,199.3837,,,,,,,,,,,,0.1,0.1,0.1,0.1,0
14.92,-2.5191,0.6184,199.4403,-0.0004,-0.0,199.4403,,,,,,,,,,,,0.1,0.1,0.1,0.1,0
14.94,-2.5191,0.6184,199.4403,-0.0004,-0.0,199.4403,,,,,,,,,,,,0.1,0.1,0.1,0.1,0
14.96,-2.5191,0.6184,199.4403,-0.0004,-0.0,199.4403,,,,,,,,,,,,0.1,0.1,0.1,0.1,0
14.98,-2.5191,0.6184,199.4403,-0.0004,-0.0,199.4403,,,,,,,,,,,,0.1,0.1,0.1,0.1,0
15.0,-2.5539,0.6506,199.3457,-0.0004,-0.0,199.3457,,,,,,,,,,,,0.1,0.1,0.1,0.1,0
15.02,-2.5539,0.6506,199.3457,-0.0004,-0.0,199.3457,,,,,,,,,,,,0.1,0.1,0.1,0.1,0
15.04,-2.5539,0.6506,199.3457,-0.0004,-0.0,199.3457,,,,,,,,,,,,0.1,0.1,0.1,0.1,0
15.06,-2.5539,0.6506,199.3457,-0.0004,-0.0,199.3457,,,,,,,,,,,,0.1,0.1,0.1,0.1,0
15.08,-2.5539,0.6506,199.3457,-0.0004,-0.0,199.3457,,,,,,,,,,,,0.1,0.1,0.1,0.1,0
15.1,-2.5539,0.6506,199.3457,-0.0004,-0.0,199.3457,,,,,,,,,,,,0.1,0.1,0.1,0.1,0
15.12,-2.5355,0.6389,199.363,-0.0004,-0.0,199.363,,,,,,,,,,,,0.1,0.1,0.1,0.1,0
15.14,-2.5355,0.6389,199.363,-0.0004,-0.0,199.363,,,,,,,,,,,,0.1,0.1,0.1,0.1,0
15.16,-2.5355,0.6389,199.363,-0.0004,-0.0,199.363,,,,,,,,,,,,0.1,0.1,0.1,0.1,0
15.18,-2.5355,0.6389,199.363,-0.0004,-0.0,199.363,,,,,,,,,,,,0.1,0.1,0.1,0.1,0
15.2,-2.5424,0.6689,199.2702,-0.0004,-0.0,199.2702,,,,,,,,,,,,0.1,0.1,0.1,0.1,0
15.22,-2.5424,0.6689,199.2702,-0.0004,-0.0,199.2702,,,,,,,,,,,,0.1,0.1,0.1,0.1,0
15.24,-2.5424,0.6689,199.2702,-0.0004,-0.0,199.2702,,,,,,,,,,,,0.1,0.1,0.1,0.1,0
15.26,-2.5424,0.6689,199.2702,-0.0004,-0.0,199.2702,,,,,,,,,,,,0.1,0.1,0.1,0.1,0
15.28,-2.5424,0.6689,199.2702,-0.0004,-0.0,199.2702,,,,,,,,,,,,0.1,0.1,0.1,0.1,0
15.3,-2.5424,0.6689,199.2702,-0.0004,-0.0,199.2702,,,,,,,,,,,,0.1,0.1,0.1,0.1,0
15.32,-2.5751,0.663,199.2683,-0.0004,-0.0,199.2683,,,,,,,,,,,,0.1,0.1,0.1,0.1,0
15.34,-2.5751,0.663,199.2683,-0.0004,-0.0,199.2683,,,,,,,,,,,,0.1,0.1,0.1,0.1,0
15.36,-2.5751,0.663,199.2683,-0.0004,-0.0,199.2683,,,,,,,,,,,,0.1,0.1,0.1,0.1,0
15.38,-2.5751,0.663,199.2683,-0.0004,-0.0,199.2683,,,,,,,,,,,,0.1,0.1,0.1,0.1,0
15.4,-2.602,0.6922,199.1409,-0.0004,-0.0,199.1409,,,,,,,,,,,,0.1,0.1,0.1,0.1,0
15.42,-2.602,0.6922,199.1409,-0.0004,-0.0,199.1409,,,,,,,,,,,,0.1,0.1,0.1,0.1,0
15.44,-2.602,0.6922,199.1409,-0.0004,-0.0,199.1409,,,,,,,,,,,,0.1,0.1,0.1,0.1,0
15.46,-2.602,0.6922,199.1409,-0.0004,-0.0,199.1409,,,,,,,,,,,,0.1,0.1,0.1,0.1,0
15.48,-2.602,0.6922,199.1409,-0.0004,-0.0,199.1409,,,,,,,,,,,,0.1,0.1,0.1,0.1,0
15.5,-2.602,0.6922,199.1409,-0.0004,-0.0,199.1409,,,,,,,,,,,,0.1,0.1,0.1,0.1,0
15.52,-2.6156,0.7528,199.2151,-0.0004,-0.0,199.2151,,,,,,,,,,,,0.1,0.1,0.1,0.1,0
15.54,-2.6156,0.7528,199.2151,-0.0004,-0.0,199.2151,,,,,,,,,,,,0.1,0.1,0.1,0.1,0
15.56,-2.6156,0.7528,199.2151,-0.0004,-0.0,199.2151,,,,,,,,,,,,0.1,0.1,0.1,0.1,0
15.58,-2.6156,0.7528,199.2151,-0.0004,-0.0,199.2151,,,,,,,,,,,,0.1,0.1,0.1,0.1,0
15.6,-2.6424,0.7582,199.1354,-0.0004,-0.0,199.1354,,,,,,,,,,,,0.1,0.1,0.1,0.1,0
15.62,-2.6424,0.7582,199.1354,-0.0004,-0.0,199.1354,,,,,,,,,,,,0.1,0.1,0.1,0.1,0
15.64,-2.6424,0.7582,199.1354,-0.0004,-0.0,199.1354,,,,,,,,,,,,0.1,0.1,0.1,0.1,0
15.66,-2.6424,0.7582,199.1354,-0.0004,-0.0,199.1354,,,,,,,,,,,,0.1,0.1,0.1,0.1,0
15.68,-2.6424,0.7582,199.1354,-0.0004,-0.0,199.1354,,,,,,,,,,,,0.1,0.1,0.1,0.1,0
15.7,-2.6424,0.7582,199.1354,-0.0004,-0.0,199.1354,,,,,,,,,,,,0.1,0.1,0.1,0.1,0
15.72,-2.6823,0.8097,199.0304,-0.0004,-0.0,199.0304,,,,,,,,,,,,0.1,0.1,0.1,0.1,0
15.74,-2.6823,0.8097,199.0304,-0.0004,-0.0,199.0304,,,,,,,,,,,,0.1,0.1,0.1,0.1,0
15.76,-2.6823,0.8097,199.0304,-0.0004,-0.0,199.0304,,,,,,,,,,,,0.1,0.1,0.1,0.1,0
15.78,-2.6823,0.8097,199.0304,-0.0004,-0.0,199.0304,,,,,,,,,,,,0.1,0.1,0.1,0.1,0
15.8,-2.6744,0.8354,199.0242,-0.0004,-0.0,199.0242,,,,,,,,,,,,0.1,0.1,0.1,0.1,0
15.82,-2.6744,0.8354,199.0242,-0.0004,-0.0,199.0242,,,,,,,,,,,,0.1,0.1,0.1,0.1,0
15.84,-2.6744,0.8354,199.0242,-0.0004,-0.0,199.0242,,,,,,,,,,,,0.1,0.1,0.1,0.1,0
15.86,-2.6744,0.8354,199.0242,-0.0004,-0.0,199.0242,,,,,,,,,,,,0.1,0.1,0.1,0.1,0
15.88,-2.6744,0.8354,199.0242,-0.0004,-0.0,199.0242,,,,,,,,,,,,0.1,0.1,0.1,0.1,0
15.9,-2.6744,0.8354,199.0242,-0.0004,-0.0,199.0242,,,,,,,,,,,,0.1,0.1,0.1,0.1,0
15.92,-2.6918,0.8933,199.1151,-0.0004,-0.0,199.1151,,,,,,,,,,,,0.1,0.1,0.1,0.1,0
15.94,-2.6918,0.8933,199.1151,-0.0004,-0.0,199.1151,,,,,,,,,,,,0.1,0.1,0.1,0.1,0
15.96,-2.6918,0.8933,199.1151,-0.0004,-0.0,199.1151,,,,,,,,,,,,0.1,0.1,0.1,0.1,0
15.98,-2.6918,0.8933,199.1151,-0.0004,-0.0,199.1151,,,,,,,,,,,,0.1,0.1,0.1,0.1,0
16.0,-2.7188,0.9048,199.0524,-0.0004,-0.0,199.0524,,,,,,,,,,,,0.1,0.1,0.1,0.1,0
16.02,-2.7188,0.9048,199.0524,-0.0004,-0.0,199.0524,,,,,,,,,,,,0.1,0.1,0.1,0.1,0
16.04,-2.7188,0.9048,199.0524,-0.0004,-0.0,199.0524,,,,,,,,,,,,0.1,0.1,0.1,0.1,0
16.06,-2.7188,0.9048,199.0524,-0.0004,-0.0,199.0524,,,,,,,,,,,,0.1,0.1,0.1,0.1,0
16.08,-2.7188,0.9048,199.0524,-0.0004,-0.0,199.0524,,,,,,,,,,,,0.1,0.1,0.1,0.1,0
16.1,-2.7188,0.9048,199.0524,-0.0004,-0.0,199.0524,,,,,,,,,,,,0.1,0.1,0.1,0.1,0
16.12,-2.7211,0.9188,198.9239,-0.0004,-0.0,198.9239,,,,,,,,,,,,0.1,0.1,0.1,0.1,0
16.14,-2.7211,0.9188,198.9239,-0.0004,-0.0,198.9239,,,,,,,,,,,,0.1,0.1,0.1,0.1,0
16.16,-2.7211,0.9188,198.9239,-0.0004,-0.0,198.9239,,,,,,,,,,,,0.1,0.1,0.1,0.1,0
16.18,-2.7211,0.9188,198.9239,-0.0004,-0.0,198.9239,,,,,,,,,,,,0.1,0.1,0.1,0.1,0
16.2,-2.7117,0.9302,198.9306,-0.0004,-0.0,198.9307,,,,,,,,,,,,0.1,0.1,0.1,0.1,0
16.22,-2.7117,0.9302,198.9306,-0.0004,-0.0,198.9307,,,,,,,,,,,,0.1,0.1,0.1,0.1,0
16.24,-2.7117,0.9302,198.9306,-0.0004,-0.0,198.9307,,,,,,,,,,,,0.1,0.1,0.1,0.1,0
16.26,-2.7117,0.9302,198.9306,-0.0004,-0.0,198.9307,,,,,,,,,,,,0.1,0.1,0.1,0.1,0
16.28,-2.7117,0.9302,198.9306,-0.0004,-0.0,198.9307,,,,,,,,,,,,0.1,0.1,0.1,0.1,0
16.3,-2.7117,0.9302,198.9306,-0.0004,-0.0,198.9307,,,,,,,,,,,,0.1,0.1,0.1,0.1,0
16.32,-2.7127,0.9258,199.0191,-0.0004,-0.0,199.0191,,,,,,,,,,,,0.0,0.0,0.0,0.0,0
16.34,-2.7127,0.9258,199.0191,-0.0004,-0.0,199.0191,,,,,,,,,,,,0.0,0.0,0.0,0.0,0
16.36,-2.7127,0.9258,199.0191,-0.0004,-0.0,199.0191,,,,,,,,,,,,0.0,0.0,0.0,0.0,0
16.38,-2.7127,0.9258,199.0191,-0.0004,-0.0,199.0191,,,,,,,,,,,,0.0,0.0,0.0,0.0,0
16.4,-2.6865,0.922,198.9524,-0.0004,-0.0,198.9524,,,,,,,,,,,,0.0,0.0,0.0,0.0,0
16.42,-2.6865,0.922,198.9524,-0.0004,-0.0,198.9524,,,,,,,,,,,,0.0,0.0,0.0,0.0,0
16.44,-2.6865,0.922,198.9524,-0.0004,-0.0,198.9524,,,,,,,,,,,,0.0,0.0,0.0,0.0,0
16.46,-2.6865,0.922,198.9524,-0.0004,-0.0,198.9524,,,,,,,,,,,,0.0,0.0,0.0,0.0,0
16.48,-2.6865,0.922,198.9524,-0.0004,-0.0,198.9524,,,,,,,,,,,,0.0,0.0,0.0,0.0,0
16.5,-2.6865,0.922,198.9524,-0.0004,-0.0,198.9524,,,,,,,,,,,,0.0,0.0,0.0,0.0,0
16.52,-2.6382,0.8704,198.918,-0.0004,-0.0,198.918,,,,,,,,,,,,0.0,0.0,0.0,0.0,0
16.54,-2.6382,0.8704,198.918,-0.0004,-0.0,198.918,,,,,,,,,,,,0.0,0.0,0.0,0.0,0
16.56,-2.6382,0.8704,198.918,-0.0004,-0.0,198.918,,,,,,,,,,,,0.0,0.0,0.0,0.0,0
16.58,-2.6382,0.8704,198.918,-0.0004,-0.0,198.918,,,,,,,,,,,,0.0,0.0,0.0,0.0,0
16.6,-2.628,0.935,199.0897,-0.0004,-0.0,199.0897,,,,,,,,,,,,0.0,0.0,0.0,0.0,0
16.62,-2.628,0.935,199.0897,-0.0004,-0.0,199.0897,,,,,,,,,,,,0.0,0.0,0.0,0.0,0
16.64,-2.628,0.935,199.0897,-0.0004,-0.0,199.0897,,,,,,,,,,,,0.0,0.0,0.0,0.0,0
16.66,-2.628,0.935,199.0897,-0.0004,-0.0,199.0897,,,,,,,,,,,,0.0,0.0,0.0,0.0,0
16.68,-2.628,0.935,199.0897,-0.0004,-0.0,199.0897,,,,,,,,,,,,0.0,0.0,0.0,0.0,0
16.7,-2.628,0.935,199.0897,-0.0004,-0.0,199.0897,,,,,,,,,,,,0.0,0.0,0.0,0.0,0
16.72,-2.6308,0.9314,199.032,-0.0004,-0.0,199.032,,,,,,,,,,,,0.0,0.0,0.0,0.0,0
16.74,-2.6308,0.9314,199.032,-0.0004,-0.0,199.032,,,,,,,,,,,,0.0,0.0,0.0,0.0,0
16.76,-2.6308,0.9314,199.032,-0.0004,-0.0,199.032,,,,,,,,,,,,0.0,0.0,0.0,0.0,0
16.78,-2.6308,0.9314,199.032,-0.0004,-0.0,199.032,,,,,,,,,,,,0.0,0.0,0.0,0.0,0
16.8,-2.6528,0.9814,199.0164,-0.0004,-0.0,199.0164,,,,,,,,,,,,0.0,0.0,0.0,0.0,0
16.82,-2.6528,0.9814,199.0164,-0.0004,-0.0,199.0164,,,,,,,,,,,,0.0,0.0,0.0,0.0,0
16.84,-2.6528,0.9814,199.0164,-0.0004,-0.0,199.0164,,,,,,,,,,,,0.0,0.0,0.0,0.0,0
16.86,-2.6528,0.9814,199.0164,-0.0004,-0.0,199.0164,,,,,,,,,,,,0.0,0.0,0.0,0.0,0
16.88,-2.6528,0.9814,199.0164,-0.0004,-0.0,199.0164,,,,,,,,,,,,0.0,0.0,0.0,0.0,0
16.9,-2.6528,0.9814,199.0164,-0.0004,-0.0,199.0164,,,,,,,,,,,,0.0,0.0,0.0,0.0,0
16.92,-2.6753,0.9524,199.1198,-0.0004,-0.0,199.1198,,,,,,,,,,,,0.0,0.0,0.0,0.0,0
16.94,-2.6753,0.9524,199.1198,-0.0004,-0.0,199.1198,,,,,,,,,,,,0.0,0.0,0.0,0.0,0
16.96,-2.6753,0.9524,199.1198,-0.0004,-0.0,199.1198,,,,,,,,,,,,0.0,0.0,0.0,0.0,0
16.98,-2.6753,0.9524,199.1198,-0.0004,-0.0,199.1198,,,,,,,,,,,,0.0,0.0,0.0,0.0,0
17.0,-2.6478,0.9238,199.1104,-0.0004,-0.0,199.1104,,,,,,,,,,,,0.0,0.0,0.0,0.0,0
17.02,-2.6478,0.9238,199.1104,-0.0004,-0.0,199.1104,,,,,,,,,,,,0.0,0.0,0.0,0.0,0
17.04,-2.6478,0.9238,199.1104,-0.0004,-0.0,199.1104,,,,,,,,,,,,0.0,0.0,0.0,0.0,0
17.06,-2.6478,0.9238,199.1104,-0.0004,-0.0,199.1104,,,,,,,,,,,,0.0,0.0,0.0,0.0,0
17.08,-2.6478,0.9238,199.1104,-0.0004,-0.0,199.1104,,,,,,,,,,,,0.0,0.0,0.0,0.0,0
17.1,-2.6478,0.9238,199.1104,-0.0004,-0.0,199.1104,,,,,,,,,,,,0.0,0.0,0.0,0.0,0
17.12,-2.6114,0.8838,199.1151,-0.0004,-0.0,199.1151,,,,,,,,,,,,0.0,0.0,0.0,0.0,0
17.14,-2.6114,0.8838,199.1151,-0.0004,-0.0,199.1151,,,,,,,,,,,,0.0,0.0,0.0,0.0,0
17.16,-2.6114,0.8838,199.1151,-0.0004,-0.0,199.1151,,,,,,,,,,,,0.0,0.0,0.0,0.0,0
17.18,-2.6114,0.8838,199.1151,-0.0004,-0.0,199.1151,,,,,,,,,,,,0.0,0.0,0.0,0.0,0
17.2,-2.6329,0.9499,199.2254,-0.0004,-0.0,199.2254,,,,,,,,,,,,0.0,0.0,0.0,0.0,0
17.22,-2.6329,0.9499,199.2254,-0.0004,-0.0,199.2254,,,,,,,,,,,,0.0,0.0,0.0,0.0,0
17.24,-2.6329,0.9499,199.2254,-0.0004,-0.0,199.2254,,,,,,,,,,,,0.0,0.0,0.0,0.0,0
17.26,-2.6329,0.9499,199.2254,-0.0004,-0.0,199.2254,,,,,,,,,,,,0.0,0.0,0.0,0.0,0
17.28,-2.6329,0.9499,199.2254,-0.0004,-0.0,199.2254,,,,,,,,,,,,0.0,0.0,0.0,0.0,0
17.3,-2.6329,0.9499,199.2254,-0.0004,-0.0,199.2254,,,,,,,,,,,,0.0,0.0,0.0,0.0,0
17.32,-2.6352,0.9411,199.1484,-0.0004,-0.0,199.1484,,,,,,,,,,,,0.0,0.0,0.0,0.0,0
17.34,-2.6352,0.9411,199.1484,-0.0004,-0.0,199.1484,,,,,,,,,,,,0.0,0.0,0.0,0.0,0
17.36,-2.6352,0.9411,199.1484,-0.0004,-0.0,199.1484,,,,,,,,,,,,0.0,0.0,0.0,0.0,0
17.38,-2.6352,0.9411,199.1484,-0.0004,-0.0,199.1484,,,,,,,,,,,,0.0,0.0,0.0,0.0,0
17.4,-2.6168,0.9461,199.151,-0.0004,-0.0,199.151,,,,,,,,,,,,0.0,0.0,0.0,0.0,0
17.42,-2.6168,0.9461,199.151,-0.0004,-0.0,199.151,,,,,,,,,,,,0.0,0.0,0.0,0.0,0
17.44,-2.6168,0.9461,199.151,-0.0004,-0.0,199.151,,,,,,,,,,,,0.0,0.0,0.0,0.0,0
17.46,-2.6168,0.9461,199.151,-0.0004,-0.0,199.151,,,,,,,,,,,,0.0,0.0,0.0,0.0,0
17.48,-2.6168,0.9461,199.151,-0.0004,-0.0,199.151,,,,,,,,,,,,0.0,0.0,0.0,0.0,0
17.5,-2.6168,0.9461,199.151,-0.0004,-0.0,199.151,,,,,,,,,,,,0.0,0.0,0.0,0.0,0
17.52,-2.5952,0.9597,199.2002,-0.0004,-0.0,199.2002,,,,,,,,,,,,0.0,0.0,0.0,0.0,0
17.54,-2.5952,0.9597,199.2002,-0.0004,-0.0,199.2002,,,,,,,,,,,,0.0,0.0,0.0,0.0,0
17.56,-2.5952,0.9597,199.2002,-0.0004,-0.0,199.2002,,,,,,,,,,,,0.0,0.0,0.0,0.0,0
17.58,-2.5952,0.9597,199.2002,-0.0004,-0.0,199.2002,,,,,,,,,,,,0.0,0.0,0.0,0.0,0
17.6,-2.5909,0.9215,199.1667,-0.0004,-0.0,199.1667,,,,,,,,,,,,0.0,0.0,0.0,0.0,0
17.62,-2.5909,0.9215,199.1667,-0.0004,-0.0,199.1667,,,,,,,,,,,,0.0,0.0,0.0,0.0,0
17.64,-2.5909,0.9215,199.1667,-0.0004,-0.0,199.1667,,,,,,,,,,,,0.0,0.0,0.0,0.0,0
17.66,-2.5909,0.9215,199.1667,-0.0004,-0.0,199.1667,,,,,,,,,,,,0.0,0.0,0.0,0.0,0
17.68,-2.5909,0.9215,199.1667,-0.0004,-0.0,199.1667,,,,,,,,,,,,0.0,0.0,0.0,0.0,0
17.7,-2.5909,0.9215,199.1667,-0.0004,-0.0,199.1667,,,,,,,,,,,,0.0,0.0,0.0,0.0,0
17.72,-2.6082,0.9263,199.1674,-0.0004,-0.0,199.1674,,,,,,,,,,,,0.0,0.0,0.0,0.0,0
17.74,-2.6082,0.9263,199.1674,-0.0004,-0.0,199.1674,,,,,,,,,,,,0.0,0.0,0.0,0.0,0
17.76,-2.6082,0.9263,199.1674,-0.0004,-0.0,199.1674,,,,,,,,,,,,0.0,0.0,0.0,0.0,0
17.78,-2.6082,0.9263,199.1674,-0.0004,-0.0,199.1674,,,,,,,,,,,,0.0,0.0,0.0,0.0,0
17.8,-2.6377,0.9444,199.0622,-0.0004,-0.0,199.0622,,,,,,,,,,,,0.0,0.0,0.0,0.0,0
17.82,-2.6377,0.9444,199.0622,-0.0004,-0.0,199.0622,,,,,,,,,,,,0.0,0.0,0.0,0.0,0
17.84,-2.6377,0.9444,199.0622,-0.0004,-0.0,199.0622,,,,,,,,,,,,0.0,0.0,0.0,0.0,0
17.86,-2.6377,0.9444,199.0622,-0.0004,-0.0,199.0622,,,,,,,,,,,,0.0,0.0,0.0,0.0,0
17.88,-2.6377,0.9444,199.0622,-0.0004,-0.0,199.0622,,,,,,,,,,,,0.0,0.0,0.0,0.0,0
17.9,-2.6377,0.9444,199.0622,-0.0004,-0.0,199.0622,,,,,,,,,,,,0.0,0.0,0.0,0.0,0
17.92,-2.6484,0.9475,199.1211,-0.0004,-0.0,199.1211,,,,,,,,,,,,0.0,0.0,0.0,0.0,0
17.94,-2.6484,0.9475,199.1211,-0.0004,-0.0,199.1211,,,,,,,,,,,,0.0,0.0,0.0,0.0,0
17.96,-2.6484,0.9475,199.1211,-0.0004,-0.0,199.1211,,,,,,,,,,,,0.0,0.0,0.0,0.0,0
17.98,-2.6484,0.9475,199.1211,-0.0004,-0.0,199.1211,,,,,,,,,,,,0.0,0.0,0.0,0.0,0
18.0,-2.6462,0.9191,199.0542,-0.0004,-0.0,199.0541,,,,,,,,,,,,0.0,0.0,0.0,0.0,0
18.02,-2.6462,0.9191,199.0542,-0.0004,-0.0,199.0541,,,,,,,,,,,,0.0,0.0,0.0,0.0,0
18.04,-2.6462,0.9191,199.0542,-0.0004,-0.0,199.0541,,,,,,,,,,,,0.0,0.0,0.0,0.0,0
18.06,-2.6462,0.9191,199.0542,-0.0004,-0.0,199.0541,,,,,,,,,,,,0.0,0.0,0.0,0.0,0
18.08,-2.6462,0.9191,199.0542,-0.0004,-0.0,199.0541,,,,,,,,,,,,0.0,0.0,0.0,0.0,0
18.1,-2.6462,0.9191,199.0542,-0.0004,-0.0,199.0541,,,,,,,,,,,,0.0,0.0,0.0,0.0,0
18.12,-2.6196,0.9171,199.0038,-0.0004,-0.0,199.0038,,,,,,,,,,,,0.0,0.0,0.0,0.0,0
18.14,-2.6196,0.9171,199.0038,-0.0004,-0.0,199.0038,,,,,,,,,,,,0.0,0.0,0.0,0.0,0
18.16,-2.6196,0.9171,199.0038,-0.0004,-0.0,199.0038,,,,,,,,,,,,0.0,0.0,0.0,0.0,0
18.18,-2.6196,0.9171,199.0038,-0.0004,-0.0,199.0038,,,,,,,,,,,,0.0,0.0,0.0,0.0,0
18.2,-2.6243,0.9262,199.141,-0.0004,-0.0,199.141,,,,,,,,,,,,0.0,0.0,0.0,0.0,0
18.22,-2.6243,0.9262,199.141,-0.0004,-0.0,199.141,,,,,,,,,,,,0.0,0.0,0.0,0.0,0
18.24,-2.6243,0.9262,199.141,-0.0004,-0.0,199.141,,,,,,,,,,,,0.0,0.0,0.0,0.0,0
18.26,-2.6243,0.9262,199.141,-0.0004,-0.0,199.141,,,,,,,,,,,,0.0,0.0,0.0,0.0,0
18.28,-2.6243,0.9262,199.141,-0.0004,-0.0,199.141,,,,,,,,,,,,0.0,0.0,0.0,0.0,0
18.3,-2.6243,0.9262,199.141,-0.0004,-0.0,199.141,,,,,,,,,,,,0.0,0.0,0.0,0.0,0
18.32,-2.6602,0.9554,198.8973,-0.0004,-0.0,198.8973,,,,,,,,,,,,0.0,0.0,0.0,0.0,0
18.34,-2.6602,0.9554,198.8973,-0.0004,-0.0,198.8973,,,,,,,,,,,,0.0,0.0,0.0,0.0,0
18.36,-2.6602,0.9554,198.8973,-0.0004,-0.0,198.8973,,,,,,,,,,,,0.0,0.0,0.0,0.0,0
18.38,-2.6602,0.9554,198.8973,-0.0004,-0.0,198.8973,,,,,,,,,,,,0.0,0.0,0.0,0.0,0
18.4,-2.7262,1.0668,199.1507,-0.0004,-0.0,199.1507,,,,,,,,,,,,0.0,0.0,0.0,0.0,0
18.42,-2.7262,1.0668,199.1507,-0.0004,-0.0,199.1507,,,,,,,,,,,,0.0,0.0,0.0,0.0,0
18.44,-2.7262,1.0668,199.1507,-0.0004,-0.0,199.1507,,,,,,,,,,,,0.0,0.0,0.0,0.0,0
18.46,-2.7262,1.0668,199.1507,-0.0004,-0.0,199.1507,,,,,,,,,,,,0.0,0.0,0.0,0.0,0
18.48,-2.7262,1.0668,199.1507,-0.0004,-0.0,199.1507,,,,,,,,,,,,0.0,0.0,0.0,0.0,0
18.5,-2.7262,1.0668,199.1507,-0.0004,-0.0,199.1507,,,,,,,,,,,,0.0,0.0,0.0,0.0,0
18.52,-2.8442,1.2042,198.9008,-0.0004,-0.0,198.9008,,,,,,,,,,,,0.0,0.0,0.0,0.0,0
18.54,-2.8442,1.2042,198.9008,-0.0004,-0.0,198.9008,,,,,,,,,,,,0.0,0.0,0.0,0.0,0
18.56,-2.8442,1.2042,198.9008,-0.0004,-0.0,198.9008,,,,,,,,,,,,0.0,0.0,0.0,0.0,0
18.58,-2.8442,1.2042,198.9008,-0.0004,-0.0,198.9008,,,,,,,,,,,,0.0,0.0,0.0,0.0,0
18.6,-2.7759,1.1439,198.8694,-0.0004,-0.0,198.8694,,,,,,,,,,,,0.0,0.0,0.0,0.0,0
18.62,-2.7759,1.1439,198.8694,-0.0004,-0.0,198.8694,,,,,,,,,,,,0.0,0.0,0.0,0.0,0
18.64,-2.7759,1.1439,198.8694,-0.0004,-0.0,198.8694,,,,,,,,,,,,0.0,0.0,0.0,0.0,0
18.66,-2.7759,1.1439,198.8694,-0.0004,-0.0,198.8694,,,,,,,,,,,,0.0,0.0,0.0,0.0,0
18.68,-2.7759,1.1439,198.8694,-0.0004,-0.0,198.8694,,,,,,,,,,,,0.0,0.0,0.0,0.0,0
18.7,-2.7759,1.1439,198.8694,-0.0004,-0.0,198.8694,,,,,,,,,,,,0.0,0.0,0.0,0.0,0
18.72,-2.8099,1.1875,199.1743,-0.0004,-0.0,199.1743,,,,,,,,,,,,0.0,0.0,0.0,0.0,0
18.74,-2.8099,1.1875,199.1743,-0.0004,-0.0,199.1743,,,,,,,,,,,,0.0,0.0,0.0,0.0,0
18.76,-2.8099,1.1875,199.1743,-0.0004,-0.0,199.1743,,,,,,,,,,,,0.0,0.0,0.0,0.0,0
18.78,-2.8099,1.1875,199.1743,-0.0004,-0.0,199.1743,,,,,,,,,,,,0.0,0.0,0.0,0.0,0
18.8,-2.8272,1.1784,198.7351,-0.0004,-0.0,198.7351,,,,,,,,,,,,0.0,0.0,0.0,0.0,0
18.82,-2.8272,1.1784,198.7351,-0.0004,-0.0,198.7351,,,,,,,,,,,,0.0,0.0,0.0,0.0,0
18.84,-2.8272,1.1784,198.7351,-0.0004,-0.0,198.7351,,,,,,,,,,,,0.0,0.0,0.0,0.0,0
18.86,-2.8272,1.1784,198.7351,-0.0004,-0.0,198.7351,,,,,,,,,,,,0.0,0.0,0.0,0.0,0
18.88,-2.8272,1.1784,198.7351,-0.0004,-0.0,198.7351,,,,,,,,,,,,0.0,0.0,0.0,0.0,0
18.9,-2.8272,1.1784,198.7351,-0.0004,-0.0,198.7351,,,,,,,,,,,,0.0,0.0,0.0,0.0,0
18.92,-2.8302,1.2485,199.0935,-0.0004,-0.0,199.0935,,,,,,,,,,,,0.0,0.0,0.0,0.0,0
18.94,-2.8302,1.2485,199.0935,-0.0004,-0.0,199.0935,,,,,,,,,,,,0.0,0.0,0.0,0.0,0
18.96,-2.8302,1.2485,199.0935,-0.0004,-0.0,199.0935,,,,,,,,,,,,0.0,0.0,0.0,0.0,0
18.98,-2.8302,1.2485,199.0935,-0.0004,-0.0,199.0935,,,,,,,,,,,,0.0,0.0,0.0,0.0,0
19.0,-2.6908,1.1678,199.1028,-0.0004,-0.0,199.1028,,,,,,,,,,,,0.0,0.0,0.0,0.0,0
19.02,-2.6908,1.1678,199.1028,-0.0004,-0.0,199.1028,,,,,,,,,,,,0.0,0.0,0.0,0.0,0
19.04,-2.6908,1.1678,199.1028,-0.0004,-0.0,199.1028,,,,,,,,,,,,0.0,0.0,0.0,0.0,0
19.06,-2.6908,1.1678,199.1028,-0.0004,-0.0,199.1028,,,,,,,,,,,,0.0,0.0,0.0,0.0,0
19.08,-2.6908,1.1678,199.1028,-0.0004,-0.0,199.1028,,,,,,,,,,,,0.0,0.0,0.0,0.0,0
19.1,-2.6908,1.1678,199.1028,-0.0004,-0.0,199.1028,,,,,,,,,,,,0.0,0.0,0.0,0.0,0
19.12,-2.49,1.0359,200.2068,-0.0004,-0.0,200.2068,,,,,,,,,,,,0.0,0.0,0.0,0.0,0
19.14,-2.49,1.0359,200.2068,-0.0004,-0.0,200.2068,,,,,,,,,,,,0.0,0.0,0.0,0.0,0
19.16,-2.49,1.0359,200.2068,-0.0004,-0.0,200.2068,,,,,,,,,,,,0.0,0.0,0.0,0.0,0
19.18,-2.49,1.0359,200.2068,-0.0004,-0.0,200.2068,,,,,,,,,,,,0.0,0.0,0.0,0.0,0
19.2,-2.396,0.9595,200.2165,-0.0004,-0.0,200.2165,,,,,,,,,,,,0.0,0.0,0.0,0.0,0
19.22,-2.396,0.9595,200.2165,-0.0004,-0.0,200.2165,,,,,,,,,,,,0.0,0.0,0.0,0.0,0
19.24,-2.396,0.9595,200.2165,-0.0004,-0.0,200.2165,,,,,,,,,,,,0.0,0.0,0.0,0.0,0
19.26,-2.396,0.9595,200.2165,-0.0004,-0.0,200.2165,,,,,,,,,,,,0.0,0.0,0.0,0.0,0
19.28,-2.396,0.9595,200.2165,-0.0004,-0.0,200.2165,,,,,,,,,,,,0.0,0.0,0.0,0.0,0
19.3,-2.396,0.9595,200.2165,-0.0004,-0.0,200.2165,,,,,,,,,,,,0.0,0.0,0.0,0.0,0
19.32,-2.2661,1.0807,201.4372,-0.0004,-0.0,201.4372,,,,,,,,,,,,0.0,0.0,0.0,0.0,0
19.34,-2.2661,1.0807,201.4372,-0.0004,-0.0,201.4372,,,,,,,,,,,,0.0,0.0,0.0,0.0,0
19.36,-2.2661,1.0807,201.4372,-0.0004,-0.0,201.4372,,,,,,,,,,,,0.0,0.0,0.0,0.0,0
19.38,-2.2661,1.0807,201.4372,-0.0004,-0.0,201.4372,,,,,,,,,,,,0.0,0.0,0.0,0.0,0
19.4,-2.0839,0.9469,202.3428,-0.0004,-0.0,202.3428,,,,,,,,,,,,0.0,0.0,0.0,0.0,0
19.42,-2.0839,0.9469,202.3428,-0.0004,-0.0,202.3428,,,,,,,,,,,,0.0,0.0,0.0,0.0,0
19.44,-2.0839,0.9469,202.3428,-0.0004,-0.0,202.3428,,,,,,,,,,,,0.0,0.0,0.0,0.0,0
19.46,-2.0839,0.9469,202.3428,-0.0004,-0.0,202.3428,,,,,,,,,,,,0.0,0.0,0.0,0.0,0
19.48,-2.0839,0.9469,202.3428,-0.0004,-0.0,202.3428,,,,,,,,,,,,0.0,0.0,0.0,0.0,0
19.5,-2.0839,0.9469,202.3428,-0.0004,-0.0,202.3428,,,,,,,,,,,,0.0,0.0,0.0,0.0,0
19.52,-1.9105,0.5157,202.9103,-0.0004,-0.0,202.9103,,,,,,,,,,,,0.0,0.0,0.0,0.0,0
19.54,-1.9105,0.5157,202.9103,-0.0004,-0.0,202.9103,,,,,,,,,,,,0.0,0.0,0.0,0.0,0
19.56,-1.9105,0.5157,202.9103,-0.0004,-0.0,202.9103,,,,,,,,,,,,0.0,0.0,0.0,0.0,0
19.58,-1.9105,0.5157,202.9103,-0.0004,-0.0,202.9103,,,,,,,,,,,,0.0,0.0,0.0,0.0,0
19.6,-1.8503,0.5103,203.7187,-0.0004,-0.0,203.7187,,,,,,,,,,,,0.0,0.0,0.0,0.0,0
19.62,-1.8503,0.5103,203.7187,-0.0004,-0.0,203.7187,,,,,,,,,,,,0.0,0.0,0.0,0.0,0
19.64,-1.8503,0.5103,203.7187,-0.0004,-0.0,203.7187,,,,,,,,,,,,0.0,0.0,0.0,0.0,0
19.66,-1.8503,0.5103,203.7187,-0.0004,-0.0,203.7187,,,,,,,,,,,,0.0,0.0,0.0,0.0,0
19.68,-1.8503,0.5103,203.7187,-0.0004,-0.0,203.7187,,,,,,,,,,,,0.0,0.0,0.0,0.0,0
19.7,-1.8503,0.5103,203.7187,-0.0004,-0.0,203.7187,,,,,,,,,,,,0.0,0.0,0.0,0.0,0
19.72,-1.7742,0.5421,204.1984,-0.0004,-0.0,204.1984,,,,,,,,,,,,0.0,0.0,0.0,0.0,0
19.74,-1.7742,0.5421,204.1984,-0.0004,-0.0,204.1984,,,,,,,,,,,,0.0,0.0,0.0,0.0,0
19.76,-1.7742,0.5421,204.1984,-0.0004,-0.0,204.1984,,,,,,,,,,,,0.0,0.0,0.0,0.0,0
19.78,-1.7742,0.5421,204.1984,-0.0004,-0.0,204.1984,,,,,,,,,,,,0.0,0.0,0.0,0.0,0
19.8,-1.79,0.4908,203.8939,-0.0004,-0.0,203.8939,,,,,,,,,,,,0.0,0.0,0.0,0.0,0
19.82,-1.79,0.4908,203.8939,-0.0004,-0.0,203.8939,,,,,,,,,,,,0.0,0.0,0.0,0.0,0
19.84,-1.79,0.4908,203.8939,-0.0004,-0.0,203.8939,,,,,,,,,,,,0.0,0.0,0.0,0.0,0
19.86,-1.79,0.4908,203.8939,-0.0004,-0.0,203.8939,,,,,,,,,,,,0.0,0.0,0.0,0.0,0
19.88,-1.79,0.4908,203.8939,-0.0004,-0.0,203.8939,,,,,,,,,,,,0.0,0.0,0.0,0.0,0
19.9,-1.79,0.4908,203.8939,-0.0004,-0.0,203.8939,,,,,,,,,,,,0.0,0.0,0.0,0.0,0
19.92,-2.1571,0.7125,202.9497,-0.0004,-0.0,202.9497,,,,,,,,,,,,0.0,0.0,0.0,0.0,0
19.94,-2.1571,0.7125,202.9497,-0.0004,-0.0,202.9497,,,,,,,,,,,,0.0,0.0,0.0,0.0,0
19.96,-2.1571,0.7125,202.9497,-0.0004,-0.0,202.9497,,,,,,,,,,,,0.0,0.0,0.0,0.0,0
19.98,-2.1571,0.7125,202.9497,-0.0004,-0.0,202.9497,,,,,,,,,,,,0.0,0.0,0.0,0.0,0
20.0,-2.247,0.6051,202.2966,-0.0004,-0.0,202.2966,,,,,,,,,,,,0.0,0.0,0.0,0.0,0
20.02,-2.247,0.6051,202.2966,-0.0004,-0.0,202.2966,,,,,,,,,,,,0.0,0.0,0.0,0.0,0
20.04,-2.247,0.6051,202.2966,-0.0004,-0.0,202.2966,,,,,,,,,,,,0.0,0.0,0.0,0.0,0
20.06,-2.247,0.6051,202.2966,-0.0004,-0.0,202.2966,,,,,,,,,,,,0.0,0.0,0.0,0.0,0
20.08,-2.247,0.6051,202.2966,-0.0004,-0.0,202.2966,,,,,,,,,,,,0.0,0.0,0.0,0.0,0
20.1,-2.247,0.6051,202.2966,-0.0004,-0.0,202.2966,,,,,,,,,,,,0.0,0.0,0.0,0.0,0
20.12,-2.2503,0.5609,201.9992,-0.0004,-0.0,201.9992,,,,,,,,,,,,0.0,0.0,0.0,0.0,0
20.14,-2.2503,0.5609,201.9992,-0.0004,-0.0,201.9992,,,,,,,,,,,,0.0,0.0,0.0,0.0,0
20.16,-2.2503,0.5609,201.9992,-0.0004,-0.0,201.9992,,,,,,,,,,,,0.0,0.0,0.0,0.0,0
20.18,-2.2503,0.5609,201.9992,-0.0004,-0.0,201.9992,,,,,,,,,,,,0.0,0.0,0.0,0.0,0
20.2,-2.2004,0.6481,201.5286,-0.0004,-0.0,201.5286,,,,,,,,,,,,0.0,0.0,0.0,0.0,0
20.22,-2.2004,0.6481,201.5286,-0.0004,-0.0,201.5286,,,,,,,,,,,,0.0,0.0,0.0,0.0,0
20.24,-2.2004,0.6481,201.5286,-0.0004,-0.0,201.5286,,,,,,,,,,,,0.0,0.0,0.0,0.0,0
20.26,-2.2004,0.6481,201.5286,-0.0004,-0.0,201.5286,,,,,,,,,,,,0.0,0.0,0.0,0.0,0
20.28,-2.2004,0.6481,201.5286,-0.0004,-0.0,201.5286,,,,,,,,,,,,0.0,0.0,0.0,0.0,0
20.3,-2.2004,0.6481,201.5286,-0.0004,-0.0,201.5286,,,,,,,,,,,,0.0,0.0,0.0,0.0,0
20.32,-2.0747,0.5232,202.0818,-0.0004,-0.0,202.0818,,,,,,,,,,,,0.0,0.0,0.0,0.0,0
20.34,-2.0747,0.5232,202.0818,-0.0004,-0.0,202.0818,,,,,,,,,,,,0.0,0.0,0.0,0.0,0
20.36,-2.0747,0.5232,202.0818,-0.0004,-0.0,202.0818,,,,,,,,,,,,0.0,0.0,0.0,0.0,0
20.38,-2.0747,0.5232,202.0818,-0.0004,-0.0,202.0818,,,,,,,,,,,,0.0,0.0,0.0,0.0,0
20.4,-2.0743,0.5464,202.2723,-0.0004,-0.0,202.2723,,,,,,,,,,,,0.0,0.0,0.0,0.0,0
20.42,-2.0743,0.5464,202.2723,-0.0004,-0.0,202.2723,,,,,,,,,,,,0.0,0.0,0.0,0.0,0
20.44,-2.0743,0.5464,202.2723,-0.0004,-0.0,202.2723,,,,,,,,,,,,0.0,0.0,0.0,0.0,0
20.46,-2.0743,0.5464,202.2723,-0.0004,-0.0,202.2723,,,,,,,,,,,,0.0,0.0,0.0,0.0,0
20.48,-2.0743,0.5464,202.2723,-0.0004,-0.0,202.2723,,,,,,,,,,,,0.0,0.0,0.0,0.0,0
20.5,-2.0743,0.5464,202.2723,-0.0004,-0.0,202.2723,,,,,,,,,,,,0.0,0.0,0.0,0.0,0
20.52,-2.0336,0.5701,202.4453,-0.0004,-0.0,202.4453,,,,,,,,,,,,0.0,0.0,0.0,0.0,0
20.54,-2.0336,0.5701,202.4453,-0.0004,-0.0,202.4453,,,,,,,,,,,,0.0,0.0,0.0,0.0,0
20.56,-2.0336,0.5701,202.4453,-0.0004,-0.0,202.4453,,,,,,,,,,,,0.0,0.0,0.0,0.0,0
20.58,-2.0336,0.5701,202.4453,-0.0004,-0.0,202.4453,,,,,,,,,,,,0.0,0.0,0.0,0.0,0
20.6,-1.8039,0.2486,203.3348,-0.0004,-0.0,203.3348,,,,,,,,,,,,0.0,0.0,0.0,0.0,0
20.62,-1.8039,0.2486,203.3348,-0.0004,-0.0,203.3348,,,,,,,,,,,,0.0,0.0,0.0,0.0,0
20.64,-1.8039,0.2486,203.3348,-0.0004,-0.0,203.3348,,,,,,,,,,,,0.0,0.0,0.0,0.0,0
20.66,-1.8039,0.2486,203.3348,-0.0004,-0.0,203.3348,,,,,,,,,,,,0.0,0.0,0.0,0.0,0
20.68,-1.8039,0.2486,203.3348,-0.0004,-0.0,203.3348,,,,,,,,,,,,0.0,0.0,0.0,0.0,0
20.7,-1.8039,0.2486,203.3348,-0.0004,-0.0,203.3348,,,,,,,,,,,,0.0,0.0,0.0,0.0,0
20.72,-1.0514,-0.794,204.3815,-0.0004,-0.0,204.3815,,,,,,,,,,,,0.0,0.0,0.0,0.0,0
20.74,-1.0514,-0.794,204.3815,-0.0004,-0.0,204.3815,,,,,,,,,,,,0.0,0.0,0.0,0.0,0
20.76,-1.0514,-0.794,204.3815,-0.0004,-0.0,204.3815,,,,,,,,,,,,0.0,0.0,0.0,0.0,0
20.78,-1.0514,-0.794,204.3815,-0.0004,-0.0,204.3815,,,,,,,,,,,,0.0,0.0,0.0,0.0,0
20.8,-1.3028,-0.3081,206.5545,-0.0004,-0.0,206.5545,,,,,,,,,,,,0.0,0.0,0.0,0.0,0
20.82,-1.3028,-0.3081,206.5545,-0.0004,-0.0,206.5545,,,,,,,,,,,,0.0,0.0,0.0,0.0,0
20.84,-1.3028,-0.3081,206.5545,-0.0004,-0.0,206.5545,,,,,,,,,,,,0.0,0.0,0.0,0.0,0
20.86,-1.3028,-0.3081,206.5545,-0.0004,-0.0,206.5545,,,,,,,,,,,,0.0,0.0,0.0,0.0,0
20.88,-1.3028,-0.3081,206.5545,-0.0004,-0.0,206.5545,,,,,,,,,,,,0.0,0.0,0.0,0.0,0
20.9,-1.3028,-0.3081,206.5545,-0.0004,-0.0,206.5545,,,,,,,,,,,,0.0,0.0,0.0,0.0,0
20.92,-1.3929,-0.393,208.9696,-0.0004,-0.0,208.9696,,,,,,,,,,,,0.0,0.0,0.0,0.0,0
20.94,-1.3929,-0.393,208.9696,-0.0004,-0.0,208.9696,,,,,,,,,,,,0.0,0.0,0.0,0.0,0
20.96,-1.3929,-0.393,208.9696,-0.0004,-0.0,208.9696,,,,,,,,,,,,0.0,0.0,0.0,0.0,0
20.98,-1.3929,-0.393,208.9696,-0.0004,-0.0,208.9696,,,,,,,,,,,,0.0,0.0,0.0,0.0,0
21.0,-1.2232,-0.5469,211.6544,-0.0004,-0.0,211.6544,,,,,,,,,,,,0.0,0.0,0.0,0.0,0
21.02,-1.2232,-0.5469,211.6544,-0.0004,-0.0,211.6544,,,,,,,,,,,,0.0,0.0,0.0,0.0,0
21.04,-1.2232,-0.5469,211.6544,-0.0004,-0.0,211.6544,,,,,,,,,,,,0.0,0.0,0.0,0.0,0
21.06,-1.2232,-0.5469,211.6544,-0.0004,-0.0,211.6544,,,,,,,,,,,,0.0,0.0,0.0,0.0,0
21.08,-1.2232,-0.5469,211.6544,-0.0004,-0.0,211.6544,,,,,,,,,,,,0.0,0.0,0.0,0.0,0
21.1,-1.2232,-0.5469,211.6544,-0.0004,-0.0,211.6544,,,,,,,,,,,,0.0,0.0,0.0,0.0,0
21.12,-1.4716,-0.256,214.1029,-0.0004,-0.0,214.1029,,,,,,,,,,,,0.0,0.0,0.0,0.0,0
21.14,-1.4716,-0.256,214.1029,-0.0004,-0.0,214.1029,,,,,,,,,,,,0.0,0.0,0.0,0.0,0
21.16,-1.4716,-0.256,214.1029,-0.0004,-0.0,214.1029,,,,,,,,,,,,0.0,0.0,0.0,0.0,0
21.18,-1.4716,-0.256,214.1029,-0.0004,-0.0,214.1029,,,,,,,,,,,,0.0,0.0,0.0,0.0,0
21.2,-1.2189,-0.5019,216.9666,-0.0004,-0.0,216.9666,,,,,,,,,,,,0.0,0.0,0.0,0.0,0
21.22,-1.2189,-0.5019,216.9666,-0.0004,-0.0,216.9666,,,,,,,,,,,,0.0,0.0,0.0,0.0,0
21.24,-1.2189,-0.5019,216.9666,-0.0004,-0.0,216.9666,,,,,,,,,,,,0.0,0.0,0.0,0.0,0
21.26,-1.2189,-0.5019,216.9666,-0.0004,-0.0,216.9666,,,,,,,,,,,,0.0,0.0,0.0,0.0,0
21.28,-1.2189,-0.5019,216.9666,-0.0004,-0.0,216.9666,,,,,,,,,,,,0.0,0.0,0.0,0.0,0
21.3,-1.2189,-0.5019,216.9666,-0.0004,-0.0,216.9666,,,,,,,,,,,,0.0,0.0,0.0,0.0,0
21.32,-1.3014,-0.3547,220.1147,-0.0004,-0.0,220.1147,,,,,,,,,,,,0.0,0.0,0.0,0.0,0
21.34,-1.3014,-0.3547,220.1147,-0.0004,-0.0,220.1147,,,,,,,,,,,,0.0,0.0,0.0,0.0,0
21.36,-1.3014,-0.3547,220.1147,-0.0004,-0.0,220.1147,,,,,,,,,,,,0.0,0.0,0.0,0.0,0
21.38,-1.3014,-0.3547,220.1147,-0.0004,-0.0,220.1147,,,,,,,,,,,,0.0,0.0,0.0,0.0,0
21.4,-1.6449,-0.0054,223.6246,-0.0004,-0.0,223.6246,,,,,,,,,,,,0.0,0.0,0.0,0.0,0
21.42,-1.6449,-0.0054,223.6246,-0.0004,-0.0,223.6246,,,,,,,,,,,,0.0,0.0,0.0,0.0,0
21.44,-1.6449,-0.0054,223.6246,-0.0004,-0.0,223.6246,,,,,,,,,,,,0.0,0.0,0.0,0.0,0
21.46,-1.6449,-0.0054,223.6246,-0.0004,-0.0,223.6246,,,,,,,,,,,,0.0,0.0,0.0,0.0,0
21.48,-1.6449,-0.0054,223.6246,-0.0004,-0.0,223.6246,,,,,,,,,,,,0.0,0.0,0.0,0.0,0
21.5,-1.6449,-0.0054,223.6246,-0.0004,-0.0,223.6246,,,,,,,,,,,,0.0,0.0,0.0,0.0,0
21.52,-1.636,-0.266,226.5457,-0.0004,-0.0,226.5457,,,,,,,,,,,,0.0,0.0,0.0,0.0,0
21.54,-1.636,-0.266,226.5457,-0.0004,-0.0,226.5457,,,,,,,,,,,,0.0,0.0,0.0,0.0,0
21.56,-1.636,-0.266,226.5457,-0.0004,-0.0,226.5457,,,,,,,,,,,,0.0,0.0,0.0,0.0,0
21.58,-1.636,-0.266,226.5457,-0.0004,-0.0,226.5457,,,,,,,,,,,,0.0,0.0,0.0,0.0,0
21.6,-1.8655,-0.0416,226.0685,-0.0004,-0.0,226.0685,,,,,,,,,,,,0.0,0.0,0.0,0.0,0
21.62,-1.8655,-0.0416,226.0685,-0.0004,-0.0,226.0685,,,,,,,,,,,,0.0,0.0,0.0,0.0,0
21.64,-1.8655,-0.0416,226.0685,-0.0004,-0.0,226.0685,,,,,,,,,,,,0.0,0.0,0.0,0.0,0
21.66,-1.8655,-0.0416,226.0685,-0.0004,-0.0,226.0685,,,,,,,,,,,,0.0,0.0,0.0,0.0,0
21.68,-1.8655,-0.0416,226.0685,-0.0004,-0.0,226.0685,,,,,,,,,,,,0.0,0.0,0.0,0.0,0
21.7,-1.8655,-0.0416,226.0685,-0.0004,-0.0,226.0685,,,,,,,,,,,,0.0,0.0,0.0,0.0,0
21.72,-1.9711,-0.0078,225.4143,-0.0004,-0.0,225.4143,,,,,,,,,,,,0.0,0.0,0.0,0.0,0
21.74,-1.9711,-0.0078,225.4143,-0.0004,-0.0,225.4143,,,,,,,,,,,,0.0,0.0,0.0,0.0,0
21.76,-1.9711,-0.0078,225.4143,-0.0004,-0.0,225.4143,,,,,,,,,,,,0.0,0.0,0.0,0.0,0
21.78,-1.9711,-0.0078,225.4143,-0.0004,-0.0,225.4143,,,,,,,,,,,,0.0,0.0,0.0,0.0,0
21.8,-1.9818,-0.0211,224.9567,-0.0004,-0.0,224.9567,,,,,,,,,,,,0.0,0.0,0.0,0.0,0
21.82,-1.9818,-0.0211,224.9567,-0.0004,-0.0,224.9567,,,,,,,,,,,,0.0,0.0,0.0,0.0,0
21.84,-1.9818,-0.0211,224.9567,-0.0004,-0.0,224.9567,,,,,,,,,,,,0.0,0.0,0.0,0.0,0
21.86,-1.9818,-0.0211,224.9567,-0.0004,-0.0,224.9567,,,,,,,,,,,,0.0,0.0,0.0,0.0,0
21.88,-1.9818,-0.0211,224.9567,-0.0004,-0.0,224.9567,,,,,,,,,,,,0.0,0.0,0.0,0.0,0
21.9,-1.9818,-0.0211,224.9567,-0.0004,-0.0,224.9567,,,,,,,,,,,,0.0,0.0,0.0,0.0,0
21.92,-1.924,-0.0033,225.26,-0.0004,-0.0,225.26,,,,,,,,,,,,0.0,0.0,0.0,0.0,0
21.94,-1.924,-0.0033,225.26,-0.0004,-0.0,225.26,,,,,,,,,,,,0.0,0.0,0.0,0.0,0
21.96,-1.924,-0.0033,225.26,-0.0004,-0.0,225.26,,,,,,,,,,,,0.0,0.0,0.0,0.0,0
21.98,-1.924,-0.0033,225.26,-0.0004,-0.0,225.26,,,,,,,,,,,,0.0,0.0,0.0,0.0,0
22.0,-1.824,-0.072,225.0293,-0.0004,-0.0,225.0293,,,,,,,,,,,,0.0,0.0,0.0,0.0,0
22.02,-1.824,-0.072,225.0293,-0.0004,-0.0,225.0293,,,,,,,,,,,,0.0,0.0,0.0,0.0,0
22.04,-1.824,-0.072,225.0293,-0.0004,-0.0,225.0293,,,,,,,,,,,,0.0,0.0,0.0,0.0,0
22.06,-1.824,-0.072,225.0293,-0.0004,-0.0,225.0293,,,,,,,,,,,,0.0,0.0,0.0,0.0,0
22.08,-1.824,-0.072,225.0293,-0.0004,-0.0,225.0293,,,,,,,,,,,,0.0,0.0,0.0,0.0,0
22.1,-1.824,-0.072,225.0293,-0.0004,-0.0,225.0293,,,,,,,,,,,,0.0,0.0,0.0,0.0,0
22.12,-1.7365,-0.1432,225.6,-0.0004,-0.0,225.6,,,,,,,,,,,,0.0,0.0,0.0,0.0,0
22.14,-1.7365,-0.1432,225.6,-0.0004,-0.0,225.6,,,,,,,,,,,,0.0,0.0,0.0,0.0,0
22.16,-1.7365,-0.1432,225.6,-0.0004,-0.0,225.6,,,,,,,,,,,,0.0,0.0,0.0,0.0,0
22.18,-1.7365,-0.1432,225.6,-0.0004,-0.0,225.6,,,,,,,,,,,,0.0,0.0,0.0,0.0,0
22.2,-1.4769,-0.3033,226.1511,-0.0004,-0.0,226.1511,,,,,,,,,,,,0.0,0.0,0.0,0.0,0
22.22,-1.4769,-0.3033,226.1511,-0.0004,-0.0,226.1511,,,,,,,,,,,,0.0,0.0,0.0,0.0,0
22.24,-1.4769,-0.3033,226.1511,-0.0004,-0.0,226.1511,,,,,,,,,,,,0.0,0.0,0.0,0.0,0
22.26,-1.4769,-0.3033,226.1511,-0.0004,-0.0,226.1511,,,,,,,,,,,,0.0,0.0,0.0,0.0,0
22.28,-1.4769,-0.3033,226.1511,-0.0004,-0.0,226.1511,,,,,,,,,,,,0.0,0.0,0.0,0.0,0
22.3,-1.4769,-0.3033,226.1511,-0.0004,-0.0,226.1511,,,,,,,,,,,,0.0,0.0,0.0,0.0,0
22.32,-1.148,-0.6962,226.3006,-0.0004,-0.0,226.3006,,,,,,,,,,,,0.0,0.0,0.0,0.0,0
22.34,-1.148,-0.6962,226.3006,-0.0004,-0.0,226.3006,,,,,,,,,,,,0.0,0.0,0.0,0.0,0
22.36,-1.148,-0.6962,226.3006,-0.0004,-0.0,226.3006,,,,,,,,,,,,0.0,0.0,0.0,0.0,0
22.38,-1.148,-0.6962,226.3006,-0.0004,-0.0,226.3006,,,,,,,,,,,,0.0,0.0,0.0,0.0,0
22.4,-1.1432,-0.6627,226.7948,-0.0004,-0.0,226.7948,,,,,,,,,,,,0.0,0.0,0.0,0.0,0
22.42,-1.1432,-0.6627,226.7948,-0.0004,-0.0,226.7948,,,,,,,,,,,,0.0,0.0,0.0,0.0,0
22.44,-1.1432,-0.6627,226.7948,-0.0004,-0.0,226.7948,,,,,,,,,,,,0.0,0.0,0.0,0.0,0
22.46,-1.1432,-0.6627,226.7948,-0.0004,-0.0,226.7948,,,,,,,,,,,,0.0,0.0,0.0,0.0,0
22.48,-1.1432,-0.6627,226.7948,-0.0004,-0.0,226.7948,,,,,,,,,,,,0.0,0.0,0.0,0.0,0
22.5,-1.1432,-0.6627,226.7948,-0.0004,-0.0,226.7948,,,,,,,,,,,,0.0,0.0,0.0,0.0,0
22.52,-1.2267,-0.5678,226.96,-0.0004,-0.0,226.96,,,,,,,,,,,,0.0,0.0,0.0,0.0,0
22.54,-1.2267,-0.5678,226.96,-0.0004,-0.0,226.96,,,,,,,,,,,,0.0,0.0,0.0,0.0,0
22.56,-1.2267,-0.5678,226.96,-0.0004,-0.0,226.96,,,,,,,,,,,,0.0,0.0,0.0,0.0,0
22.58,-1.2267,-0.5678,226.96,-0.0004,-0.0,226.96,,,,,,,,,,,,0.0,0.0,0.0,0.0,0
22.6,-1.2407,-0.62,226.7685,-0.0004,-0.0,226.7685,,,,,,,,,,,,0.0,0.0,0.0,0.0,0
22.62,-1.2407,-0.62,226.7685,-0.0004,-0.0,226.7685,,,,,,,,,,,,0.0,0.0,0.0,0.0,0
22.64,-1.2407,-0.62,226.7685,-0.0004,-0.0,226.7685,,,,,,,,,,,,0.0,0.0,0.0,0.0,0
22.66,-1.2407,-0.62,226.7685,-0.0004,-0.0,226.7685,,,,,,,,,,,,0.0,0.0,0.0,0.0,0
22.68,-1.2407,-0.62,226.7685,-0.0004,-0.0,226.7685,,,,,,,,,,,,0.0,0.0,0.0,0.0,0
22.7,-1.2407,-0.62,226.7685,-0.0004,-0.0,226.7685,,,,,,,,,,,,0.0,0.0,0.0,0.0,0
22.72,-1.205,-0.6532,226.7145,-0.0004,-0.0,226.7145,,,,,,,,,,,,0.0,0.0,0.0,0.0,0
22.74,-1.205,-0.6532,226.7145,-0.0004,-0.0,226.7145,,,,,,,,,,,,0.0,0.0,0.0,0.0,0
22.76,-1.205,-0.6532,226.7145,-0.0004,-0.0,226.7145,,,,,,,,,,,,0.0,0.0,0.0,0.0,0
22.78,-1.205,-0.6532,226.7145,-0.0004,-0.0,226.7145,,,,,,,,,,,,0.0,0.0,0.0,0.0,0
22.8,-1.1597,-0.6444,226.9076,-0.0004,-0.0,226.9076,,,,,,,,,,,,0.0,0.0,0.0,0.0,0
22.82,-1.1597,-0.6444,226.9076,-0.0004,-0.0,226.9076,,,,,,,,,,,,0.0,0.0,0.0,0.0,0
22.84,-1.1597,-0.6444,226.9076,-0.0004,-0.0,226.9076,,,,,,,,,,,,0.0,0.0,0.0,0.0,0
22.86,-1.1597,-0.6444,226.9076,-0.0004,-0.0,226.9076,,,,,,,,,,,,0.0,0.0,0.0,0.0,0
22.88,-1.1597,-0.6444,226.9076,-0.0004,-0.0,226.9076,,,,,,,,,,,,0.0,0.0,0.0,0.0,0
22.9,-1.1597,-0.6444,226.9076,-0.0004,-0.0,226.9076,,,,,,,,,,,,0.0,0.0,0.0,0.0,0
22.92,-1.0773,-0.7233,227.1255,-0.0004,-0.0,227.1254,,,,,,,,,,,,0.0,0.0,0.0,0.0,0
22.94,-1.0773,-0.7233,227.1255,-0.0004,-0.0,227.1254,,,,,,,,,,,,0.0,0.0,0.0,0.0,0
22.96,-1.0773,-0.7233,227.1255,-0.0004,-0.0,227.1254,,,,,,,,,,,,0.0,0.0,0.0,0.0,0
22.98,-1.0773,-0.7233,227.1255,-0.0004,-0.0,227.1254,,,,,,,,,,,,0.0,0.0,0.0,0.0,0
23.0,-1.1246,-0.6919,227.2273,-0.0004,-0.0,227.2273,,,,,,,,,,,,0.0,0.0,0.0,0.0,0
23.02,-1.1246,-0.6919,227.2273,-0.0004,-0.0,227.2273,,,,,,,,,,,,0.0,0.0,0.0,0.0,0
23.04,-1.1246,-0.6919,227.2273,-0.0004,-0.0,227.2273,,,,,,,,,,,,0.0,0.0,0.0,0.0,0
23.06,-1.1246,-0.6919,227.2273,-0.0004,-0.0,227.2273,,,,,,,,,,,,0.0,0.0,0.0,0.0,0
23.08,-1.1246,-0.6919,227.2273,-0.0004,-0.0,227.2273,,,,,,,,,,,,0.0,0.0,0.0,0.0,0
23.1,-1.1246,-0.6919,227.2273,-0.0004,-0.0,227.2273,,,,,,,,,,,,0.0,0.0,0.0,0.0,0
23.12,-1.1849,-0.5855,227.3464,-0.0004,-0.0,227.3464,,,,,,,,,,,,0.0,0.0,0.0,0.0,0
23.14,-1.1849,-0.5855,227.3464,-0.0004,-0.0,227.3464,,,,,,,,,,,,0.0,0.0,0.0,0.0,0
23.16,-1.1849,-0.5855,227.3464,-0.0004,-0.0,227.3464,,,,,,,,,,,,0.0,0.0,0.0,0.0,0
23.18,-1.1849,-0.5855,227.3464,-0.0004,-0.0,227.3464,,,,,,,,,,,,0.0,0.0,0.0,0.0,0
23.2,-1.3061,-0.3008,228.0773,-0.0004,-0.0,228.0773,,,,,,,,,,,,0.0,0.0,0.0,0.0,0
23.22,-1.3061,-0.3008,228.0773,-0.0004,-0.0,228.0773,,,,,,,,,,,,0.0,0.0,0.0,0.0,0
23.24,-1.3061,-0.3008,228.0773,-0.0004,-0.0,228.0773,,,,,,,,,,,,0.0,0.0,0.0,0.0,0
23.26,-1.3061,-0.3008,228.0773,-0.0004,-0.0,228.0773,,,,,,,,,,,,0.0,0.0,0.0,0.0,0
23.28,-1.3061,-0.3008,228.0773,-0.0004,-0.0,228.0773,,,,,,,,,,,,0.0,0.0,0.0,0.0,0
23.3,-1.3061,-0.3008,228.0773,-0.0004,-0.0,228.0773,,,,,,,,,,,,0.0,0.0,0.0,0.0,0
23.32,-1.4053,-0.2855,228.2948,-0.0004,-0.0,228.2948,,,,,,,,,,,,0.0,0.0,0.0,0.0,0
23.34,-1.4053,-0.2855,228.2948,-0.0004,-0.0,228.2948,,,,,,,,,,,,0.0,0.0,0.0,0.0,0
23.36,-1.4053,-0.2855,228.2948,-0.0004,-0.0,228.2948,,,,,,,,,,,,0.0,0.0,0.0,0.0,0
23.38,-1.4053,-0.2855,228.2948,-0.0004,-0.0,228.2948,,,,,,,,,,,,0.0,0.0,0.0,0.0,0
23.4,-1.3548,-0.3865,227.953,-0.0004,-0.0,227.953,,,,,,,,,,,,0.0,0.0,0.0,0.0,0
23.42,-1.3548,-0.3865,227.953,-0.0004,-0.0,227.953,,,,,,,,,,,,0.0,0.0,0.0,0.0,0
23.44,-1.3548,-0.3865,227.953,-0.0004,-0.0,227.953,,,,,,,,,,,,0.0,0.0,0.0,0.0,0
23.46,-1.3548,-0.3865,227.953,-0.0004,-0.0,227.953,,,,,,,,,,,,0.0,0.0,0.0,0.0,0
23.48,-1.3548,-0.3865,227.953,-0.0004,-0.0,227.953,,,,,,,,,,,,0.0,0.0,0.0,0.0,0
23.5,-1.3548,-0.3865,227.953,-0.0004,-0.0,227.953,,,,,,,,,,,,0.0,0.0,0.0,0.0,0
23.52,-1.2173,-0.5324,227.8534,-0.0004,-0.0,227.8534,,,,,,,,,,,,0.0,0.0,0.0,0.0,0
23.54,-1.2173,-0.5324,227.8534,-0.0004,-0.0,227.8534,,,,,,,,,,,,0.0,0.0,0.0,0.0,0
23.56,-1.2173,-0.5324,227.8534,-0.0004,-0.0,227.8534,,,,,,,,,,,,0.0,0.0,0.0,0.0,0
23.58,-1.2173,-0.5324,227.8534,-0.0004,-0.0,227.8534,,,,,,,,,,,,0.0,0.0,0.0,0.0,0
23.6,-0.9483,-1.0291,227.8997,-0.0004,-0.0,227.8997,,,,,,,,,,,,0.0,0.0,0.0,0.0,0
23.62,-0.9483,-1.0291,227.8997,-0.0004,-0.0,227.8997,,,,,,,,,,,,0.0,0.0,0.0,0.0,0
23.64,-0.9483,-1.0291,227.8997,-0.0004,-0.0,227.8997,,,,,,,,,,,,0.0,0.0,0.0,0.0,0
23.66,-0.9483,-1.0291,227.8997,-0.0004,-0.0,227.8997,,,,,,,,,,,,0.0,0.0,0.0,0.0,0
23.68,-0.9483,-1.0291,227.8997,-0.0004,-0.0,227.8997,,,,,,,,,,,,0.0,0.0,0.0,0.0,0
23.7,-0.9483,-1.0291,227.8997,-0.0004,-0.0,227.8997,,,,,,,,,,,,0.0,0.0,0.0,0.0,0
23.72,-0.5243,-1.9819,227.7705,-0.0004,-0.0,227.7705,,,,,,,,,,,,0.0,0.0,0.0,0.0,0
23.74,-0.5243,-1.9819,227.7705,-0.0004,-0.0,227.7705,,,,,,,,,,,,0.0,0.0,0.0,0.0,0
23.76,-0.5243,-1.9819,227.7705,-0.0004,-0.0,227.7705,,,,,,,,,,,,0.0,0.0,0.0,0.0,0
23.78,-0.5243,-1.9819,227.7705,-0.0004,-0.0,227.7705,,,,,,,,,,,,0.0,0.0,0.0,0.0,0
23.8,0.4203,-2.2074,227.8885,-0.0004,-0.0,227.8885,,,,,,,,,,,,0.0,0.0,0.0,0.0,0
23.82,0.4203,-2.2074,227.8885,-0.0004,-0.0,227.8885,,,,,,,,,,,,0.0,0.0,0.0,0.0,0
23.84,0.4203,-2.2074,227.8885,-0.0004,-0.0,227.8885,,,,,,,,,,,,0.0,0.0,0.0,0.0,0
23.86,0.4203,-2.2074,227.8885,-0.0004,-0.0,227.8885,,,,,,,,,,,,0.0,0.0,0.0,0.0,0
23.88,0.4203,-2.2074,227.8885,-0.0004,-0.0,227.8885,,,,,,,,,,,,0.0,0.0,0.0,0.0,0
23.9,0.4203,-2.2074,227.8885,-0.0004,-0.0,227.8885,,,,,,,,,,,,0.0,0.0,0.0,0.0,0
23.92,0.618,-2.2259,227.823,-0.0004,-0.0,227.823,,,,,,,,,,,,0.0,0.0,0.0,0.0,0
23.94,0.618,-2.2259,227.823,-0.0004,-0.0,227.823,,,,,,,,,,,,0.0,0.0,0.0,0.0,0
23.96,0.618,-2.2259,227.823,-0.0004,-0.0,227.823,,,,,,,,,,,,0.0,0.0,0.0,0.0,0
23.98,0.618,-2.2259,227.823,-0.0004,-0.0,227.823,,,,,,,,,,,,0.0,0.0,0.0,0.0,0
24.0,1.9024,-2.1812,227.3041,-0.0004,-0.0,227.3041,,,,,,,,,,,,0.0,0.0,0.0,0.0,0
24.02,1.9024,-2.1812,227.3041,-0.0004,-0.0,227.3041,,,,,,,,,,,,0.0,0.0,0.0,0.0,0
24.04,1.9024,-2.1812,227.3041,-0.0004,-0.0,227.3041,,,,,,,,,,,,0.0,0.0,0.0,0.0,0
24.06,1.9024,-2.1812,227.3041,-0.0004,-0.0,227.3041,,,,,,,,,,,,0.0,0.0,0.0,0.0,0
24.08,1.9024,-2.1812,227.3041,-0.0004,-0.0,227.3041,,,,,,,,,,,,0.0,0.0,0.0,0.0,0
24.1,1.9024,-2.1812,227.3041,-0.0004,-0.0,227.3041,,,,,,,,,,,,0.0,0.0,0.0,0.0,0
24.12,2.1427,-2.1826,227.9466,-0.0004,-0.0,227.9466,,,,,,,,,,,,0.0,0.0,0.0,0.0,0
24.14,2.1427,-2.1826,227.9466,-0.0004,-0.0,227.9466,,,,,,,,,,,,0.0,0.0,0.0,0.0,0
24.16,2.1427,-2.1826,227.9466,-0.0004,-0.0,227.9466,,,,,,,,,,,,0.0,0.0,0.0,0.0,0
24.18,2.1427,-2.1826,227.9466,-0.0004,-0.0,227.9466,,,,,,,,,,,,0.0,0.0,0.0,0.0,0
24.2,2.4756,-3.5053,227.5631,-0.0004,-0.0,227.5631,,,,,,,,,,,,0.0,0.0,0.0,0.0,0
24.22,2.4756,-3.5053,227.5631,-0.0004,-0.0,227.5631,,,,,,,,,,,,0.0,0.0,0.0,0.0,0
24.24,2.4756,-3.5053,227.5631,-0.0004,-0.0,227.5631,,,,,,,,,,,,0.0,0.0,0.0,0.0,0
24.26,2.4756,-3.5053,227.5631,-0.0004,-0.0,227.5631,,,,,,,,,,,,0.0,0.0,0.0,0.0,0
24.28,2.4756,-3.5053,227.5631,-0.0004,-0.0,227.5631,,,,,,,,,,,,0.0,0.0,0.0,0.0,0
24.3,2.4756,-3.5053,227.5631,-0.0004,-0.0,227.5631,,,,,,,,,,,,0.0,0.0,0.0,0.0,0
24.32,0.0202,-5.8874,226.6521,-0.0004,-0.0,226.6521,,,,,,,,,,,,0.0,0.0,0.0,0.0,0
24.34,0.0202,-5.8874,226.6521,-0.0004,-0.0,226.6521,,,,,,,,,,,,0.0,0.0,0.0,0.0,0
24.36,0.0202,-5.8874,226.6521,-0.0004,-0.0,226.6521,,,,,,,,,,,,0.0,0.0,0.0,0.0,0
24.38,0.0202,-5.8874,226.6521,-0.0004,-0.0,226.6521,,,,,,,,,,,,0.0,0.0,0.0,0.0,0
24.4,-0.7258,-7.0397,225.2378,-0.0004,-0.0,225.2378,,,,,,,,,,,,0.0,0.0,0.0,0.0,0
24.42,-0.7258,-7.0397,225.2378,-0.0004,-0.0,225.2378,,,,,,,,,,,,0.0,0.0,0.0,0.0,0
24.44,-0.7258,-7.0397,225.2378,-0.0004,-0.0,225.2378,,,,,,,,,,,,0.0,0.0,0.0,0.0,0
24.46,-0.7258,-7.0397,225.2378,-0.0004,-0.0,225.2378,,,,,,,,,,,,0.0,0.0,0.0,0.0,0
24.48,-0.7258,-7.0397,225.2378,-0.0004,-0.0,225.2378,,,,,,,,,,,,0.0,0.0,0.0,0.0,0
24.5,-0.7258,-7.0397,225.2378,-0.0004,-0.0,225.2378,,,,,,,,,,,,0.0,0.0,0.0,0.0,0
24.52,-0.8852,-7.1725,224.9037,-0.0004,-0.0,224.9037,,,,,,,,,,,,0.0,0.0,0.0,0.0,0
24.54,-0.8852,-7.1725,224.9037,-0.0004,-0.0,224.9037,,,,,,,,,,,,0.0,0.0,0.0,0.0,0
24.56,-0.8852,-7.1725,224.9037,-0.0004,-0.0,224.9037,,,,,,,,,,,,0.0,0.0,0.0,0.0,0
24.58,-0.8852,-7.1725,224.9037,-0.0004,-0.0,224.9037,,,,,,,,,,,,0.0,0.0,0.0,0.0,0
24.6,-0.8843,-6.4287,225.2489,-0.0004,-0.0,225.2489,,,,,,,,,,,,0.0,0.0,0.0,0.0,0
24.62,-0.8843,-6.4287,225.2489,-0.0004,-0.0,225.2489,,,,,,,,,,,,0.0,0.0,0.0,0.0,0
24.64,-0.8843,-6.4287,225.2489,-0.0004,-0.0,225.2489,,,,,,,,,,,,0.0,0.0,0.0,0.0,0
24.66,-0.8843,-6.4287,225.2489,-0.0004,-0.0,225.2489,,,,,,,,,,,,0.0,0.0,0.0,0.0,0
24.68,-0.8843,-6.4287,225.2489,-0.0004,-0.0,225.2489,,,,,,,,,,,,0.0,0.0,0.0,0.0,0
24.7,-0.8843,-6.4287,225.2489,-0.0004,-0.0,225.2489,,,,,,,,,,,,0.0,0.0,0.0,0.0,0
24.72,-1.0622,-6.235,225.7136,-0.0004,-0.0,225.7136,,,,,,,,,,,,0.0,0.0,0.0,0.0,0
24.74,-1.0622,-6.235,225.7136,-0.0004,-0.0,225.7136,,,,,,,,,,,,0.0,0.0,0.0,0.0,0
24.76,-1.0622,-6.235,225.7136,-0.0004,-0.0,225.7136,,,,,,,,,,,,0.0,0.0,0.0,0.0,0
24.78,-1.0622,-6.235,225.7136,-0.0004,-0.0,225.7136,,,,,,,,,,,,0.0,0.0,0.0,0.0,0
24.8,-0.9549,-6.0784,225.9751,-0.0004,-0.0,225.9751,,,,,,,,,,,,0.0,0.0,0.0,0.0,0
24.82,-0.9549,-6.0784,225.9751,-0.0004,-0.0,225.9751,,,,,,,,,,,,0.0,0.0,0.0,0.0,0
24.84,-0.9549,-6.0784,225.9751,-0.0004,-0.0,225.9751,,,,,,,,,,,,0.0,0.0,0.0,0.0,0
24.86,-0.9549,-6.0784,225.9751,-0.0004,-0.0,225.9751,,,,,,,,,,,,0.0,0.0,0.0,0.0,0
24.88,-0.9549,-6.0784,225.9751,-0.0004,-0.0,225.9751,,,,,,,,,,,,0.0,0.0,0.0,0.0,0
24.9,-0.9549,-6.0784,225.9751,-0.0004,-0.0,225.9751,,,,,,,,,,,,0.0,0.0,0.0,0.0,0
24.92,-0.6265,-5.309,226.7049,-0.0004,-0.0,226.7049,,,,,,,,,,,,0.0,0.0,0.0,0.0,0
24.94,-0.6265,-5.309,226.7049,-0.0004,-0.0,226.7049,,,,,,,,,,,,0.0,0.0,0.0,0.0,0
24.96,-0.6265,-5.309,226.7049,-0.0004,-0.0,226.7049,,,,,,,,,,,,0.0,0.0,0.0,0.0,0
24.98,-0.6265,-5.309,226.7049,-0.0004,-0.0,226.7049,,,,,,,,,,,,0.0,0.0,0.0,0.0,0
25.0,-0.8617,-5.1846,226.5378,-0.0004,-0.0,226.5378,,,,,,,,,,,,0.0,0.0,0.0,0.0,0
25.02,-0.8617,-5.1846,226.5378,-0.0004,-0.0,226.5378,,,,,,,,,,,,0.0,0.0,0.0,0.0,0
25.04,-0.8617,-5.1846,226.5378,-0.0004,-0.0,226.5378,,,,,,,,,,,,0.0,0.0,0.0,0.0,0
25.06,-0.8617,-5.1846,226.5378,-0.0004,-0.0,226.5378,,,,,,,,,,,,0.0,0.0,0.0,0.0,0
25.08,-0.8617,-5.1846,226.5378,-0.0004,-0.0,226.5378,,,,,,,,,,,,0.0,0.0,0.0,0.0,0
25.1,-0.8617,-5.1846,226.5378,-0.0004,-0.0,226.5378,,,,,,,,,,,,0.0,0.0,0.0,0.0,0
25.12,-0.2133,-4.722,226.5871,-0.0004,-0.0,226.5871,,,,,,,,,,,,0.0,0.0,0.0,0.0,0
25.14,-0.2133,-4.722,226.5871,-0.0004,-0.0,226.5871,,,,,,,,,,,,0.0,0.0,0.0,0.0,0
25.16,-0.2133,-4.722,226.5871,-0.0004,-0.0,226.5871,,,,,,,,,,,,0.0,0.0,0.0,0.0,0
25.18,-0.2133,-4.722,226.5871,-0.0004,-0.0,226.5871,,,,,,,,,,,,0.0,0.0,0.0,0.0,0
25.2,0.0277,-4.6376,226.5941,-0.0004,-0.0,226.5942,,,,,,,,,,,,0.0,0.0,0.0,0.0,0
25.22,0.0277,-4.6376,226.5941,-0.0004,-0.0,226.5942,,,,,,,,,,,,0.0,0.0,0.0,0.0,0
25.24,0.0277,-4.6376,226.5941,-0.0004,-0.0,226.5942,,,,,,,,,,,,0.0,0.0,0.0,0.0,0
