time_sec,roll,pitch,yaw,roll_des,pitch_des,yaw_des,gyro_x,gyro_y,gyro_z,accel_x,accel_y,accel_z,vbat,ibat,lat,lon,alt,motor_1,motor_2,motor_3,motor_4,flight_mode
0.0,-1.5243,-0.1638,263.5057,-0.0005,0.0001,263.5057,,,,,,,,,,,,0.0,0.0,0.0,0.0,0
0.02,-1.5243,-0.1638,263.5057,-0.0005,0.0001,263.5057,,,,,,,,,,,,0.0,0.0,0.0,0.0,0
0.04,-1.5243,-0.1638,263.5057,-0.0005,0.0001,263.5057,,,,,,,,,,,,0.0,0.0,0.0,0.0,0
0.06,-1.5243,-0.1638,263.5057,-0.0005,0.0001,263.5057,,,,,,,,,,,,0.0,0.0,0.0,0.0,0
0.08,-1.5243,-0.1638,263.5057,-0.0005,0.0001,263.5057,,,,,,,,,,,,0.0,0.0,0.0,0.0,0
0.1,-1.5298,-0.1551,263.516,-0.0004,0.0001,263.516,,,,,,,,,,,,0.0,0.0,0.0,0.0,0
0.12,-1.5298,-0.1551,263.516,-0.0004,0.0001,263.516,,,,,,,,,,,,0.0,0.0,0.0,0.0,0
0.14,-1.5298,-0.1551,263.516,-0.0004,0.0001,263.516,,,,,,,,,,,,0.0,0.0,0.0,0.0,0
0.16,-1.5298,-0.1551,263.516,-0.0004,0.0001,263.516,,,,,,,,,,,,0.0,0.0,0.0,0.0,0
0.18,-1.5298,-0.1551,263.516,-0.0004,0.0001,263.516,,,,,,,,,,,,0.0,0.0,0.0,0.0,0
0.2,-1.5361,-0.1465,263.5117,-0.0004,0.0001,263.5117,,,,,,,,,,,,0.0,0.0,0.0,0.0,0
0.22,-1.5361,-0.1465,263.5117,-0.0004,0.0001,263.5117,,,,,,,,,,,,0.0,0.0,0.0,0.0,0
0.24,-1.5361,-0.1465,263.5117,-0.0004,0.0001,263.5117,,,,,,,,,,,,0.0,0.0,0.0,0.0,0
0.26,-1.5361,-0.1465,263.5117,-0.0004,0.0001,263.5117,,,,,,,,,,,,0.0,0.0,0.0,0.0,0
0.28,-1.5361,-0.1465,263.5117,-0.0004,0.0001,263.5117,,,,,,,,,,,,0.0,0.0,0.0,0.0,0
0.3,-1.5436,-0.1403,263.5182,-0.0004,0.0001,263.5182,,,,,,,,,,,,0.0,0.0,0.0,0.0,0
0.32,-1.5436,-0.1403,263.5182,-0.0004,0.0001,263.5182,,,,,,,,,,,,0.0,0.0,0.0,0.0,0
0.34,-1.5436,-0.1403,263.5182,-0.0004,0.0001,263.5182,,,,,,,,,,,,0.0,0.0,0.0,0.0,0
0.36,-1.5436,-0.1403,263.5182,-0.0004,0.0001,263.5182,,,,,,,,,,,,0.0,0.0,0.0,0.0,0
0.38,-1.5436,-0.1403,263.5182,-0.0004,0.0001,263.5182,,,,,,,,,,,,0.0,0.0,0.0,0.0,0
0.4,-1.5464,-0.1362,263.5169,-0.0004,0.0001,263.5169,,,,,,,,,,,,0.0,0.0,0.0,0.0,0
0.42,-1.5464,-0.1362,263.5169,-0.0004,0.0001,263.5169,,,,,,,,,,,,0.0,0.0,0.0,0.0,0
0.44,-1.5464,-0.1362,263.5169,-0.0004,0.0001,263.5169,,,,,,,,,,,,0.0,0.0,0.0,0.0,0
0.46,-1.5464,-0.1362,263.5169,-0.0004,0.0001,263.5169,,,,,,,,,,,,0.0,0.0,0.0,0.0,0
0.48,-1.5464,-0.1362,263.5169,-0.0004,0.0001,263.5169,,,,,,,,,,,,0.0,0.0,0.0,0.0,0
0.5,-1.5509,-0.1313,263.5291,-0.0004,0.0001,263.5291,,,,,,,,,,,,0.0,0.0,0.0,0.0,0
0.52,-1.5509,-0.1313,263.5291,-0.0004,0.0001,263.5291,,,,,,,,,,,,0.0,0.0,0.0,0.0,0
0.54,-1.5509,-0.1313,263.5291,-0.0004,0.0001,263.5291,,,,,,,,,,,,0.0,0.0,0.0,0.0,0
0.56,-1.5509,-0.1313,263.5291,-0.0004,0.0001,263.5291,,,,,,,,,,,,0.0,0.0,0.0,0.0,0
0.58,-1.5509,-0.1313,263.5291,-0.0004,0.0001,263.5291,,,,,,,,,,,,0.0,0.0,0.0,0.0,0
0.6,-1.5554,-0.1265,263.5247,-0.0004,0.0001,263.5248,,,,,,,,,,,,0.0,0.0,0.0,0.0,0
0.62,-1.5554,-0.1265,263.5247,-0.0004,0.0001,263.5248,,,,,,,,,,,,0.0,0.0,0.0,0.0,0
0.64,-1.5554,-0.1265,263.5247,-0.0004,0.0001,263.5248,,,,,,,,,,,,0.0,0.0,0.0,0.0,0
0.66,-1.5554,-0.1265,263.5247,-0.0004,0.0001,263.5248,,,,,,,,,,,,0.0,0.0,0.0,0.0,0
0.68,-1.5554,-0.1265,263.5247,-0.0004,0.0001,263.5248,,,,,,,,,,,,0.0,0.0,0.0,0.0,0
0.7,-1.561,-0.1187,263.53,-0.0004,0.0001,263.53,,,,,,,,,,,,0.0,0.0,0.0,0.0,0
0.72,-1.561,-0.1187,263.53,-0.0004,0.0001,263.53,,,,,,,,,,,,0.0,0.0,0.0,0.0,0
0.74,-1.561,-0.1187,263.53,-0.0004,0.0001,263.53,,,,,,,,,,,,0.0,0.0,0.0,0.0,0
0.76,-1.561,-0.1187,263.53,-0.0004,0.0001,263.53,,,,,,,,,,,,0.0,0.0,0.0,0.0,0
0.78,-1.561,-0.1187,263.53,-0.0004,0.0001,263.53,,,,,,,,,,,,0.0,0.0,0.0,0.0,0
0.8,-1.5675,-0.1131,263.5307,-0.0004,0.0001,263.5307,,,,,,,,,,,,0.0,0.0,0.0,0.0,0
0.82,-1.5675,-0.1131,263.5307,-0.0004,0.0001,263.5307,,,,,,,,,,,,0.0,0.0,0.0,0.0,0
0.84,-1.5675,-0.1131,263.5307,-0.0004,0.0001,263.5307,,,,,,,,,,,,0.0,0.0,0.0,0.0,0
0.86,-1.5675,-0.1131,263.5307,-0.0004,0.0001,263.5307,,,,,,,,,,,,0.0,0.0,0.0,0.0,0
0.88,-1.5675,-0.1131,263.5307,-0.0004,0.0001,263.5307,,,,,,,,,,,,0.0,0.0,0.0,0.0,0
0.9,-1.5729,-0.1098,263.5327,-0.0004,0.0001,263.5327,,,,,,,,,,,,0.0,0.0,0.0,0.0,0
0.92,-1.5729,-0.1098,263.5327,-0.0004,0.0001,263.5327,,,,,,,,,,,,0.0,0.0,0.0,0.0,0
0.94,-1.5729,-0.1098,263.5327,-0.0004,0.0001,263.5327,,,,,,,,,,,,0.0,0.0,0.0,0.0,0
0.96,-1.5729,-0.1098,263.5327,-0.0004,0.0001,263.5327,,,,,,,,,,,,0.0,0.0,0.0,0.0,0
0.98,-1.5729,-0.1098,263.5327,-0.0004,0.0001,263.5327,,,,,,,,,,,,0.0,0.0,0.0,0.0,0
1.0,-1.5801,-0.1034,263.5469,-0.0004,0.0001,263.5468,,,,,,,,,,,,0.0,0.0,0.0,0.0,0
1.02,-1.5801,-0.1034,263.5469,-0.0004,0.0001,263.5468,,,,,,,,,,,,0.0,0.0,0.0,0.0,0
1.04,-1.5801,-0.1034,263.5469,-0.0004,0.0001,263.5468,,,,,,,,,,,,0.0,0.0,0.0,0.0,0
1.06,-1.5801,-0.1034,263.5469,-0.0004,0.0001,263.5468,,,,,,,,,,,,0.0,0.0,0.0,0.0,0
1.08,-1.5801,-0.1034,263.5469,-0.0004,0.0001,263.5468,,,,,,,,,,,,0.0,0.0,0.0,0.0,0
1.1,-1.5884,-0.0971,263.5514,-0.0004,0.0001,263.5514,,,,,,,,,,,,0.0,0.0,0.0,0.0,0
1.12,-1.5884,-0.0971,263.5514,-0.0004,0.0001,263.5514,,,,,,,,,,,,0.0,0.0,0.0,0.0,0
1.14,-1.5884,-0.0971,263.5514,-0.0004,0.0001,263.5514,,,,,,,,,,,,0.0,0.0,0.0,0.0,0
1.16,-1.5884,-0.0971,263.5514,-0.0004,0.0001,263.5514,,,,,,,,,,,,0.0,0.0,0.0,0.0,0
1.18,-1.5884,-0.0971,263.5514,-0.0004,0.0001,263.5514,,,,,,,,,,,,0.0,0.0,0.0,0.0,0
1.2,-1.6012,-0.1265,263.5559,-0.0004,0.0001,263.5559,,,,,,,,,,,,0.0,0.0,0.0,0.0,0
1.22,-1.6012,-0.1265,263.5559,-0.0004,0.0001,263.5559,,,,,,,,,,,,0.0,0.0,0.0,0.0,0
1.24,-1.6012,-0.1265,263.5559,-0.0004,0.0001,263.5559,,,,,,,,,,,,0.0,0.0,0.0,0.0,0
1.26,-1.6012,-0.1265,263.5559,-0.0004,0.0001,263.5559,,,,,,,,,,,,0.0,0.0,0.0,0.0,0
1.28,-1.6012,-0.1265,263.5559,-0.0004,0.0001,263.5559,,,,,,,,,,,,0.0,0.0,0.0,0.0,0
1.3,-1.6199,-0.1759,263.56,-0.0004,0.0001,263.56,,,,,,,,,,,,0.0,0.0,0.0,0.0,0
1.32,-1.6199,-0.1759,263.56,-0.0004,0.0001,263.56,,,,,,,,,,,,0.0,0.0,0.0,0.0,0
1.34,-1.6199,-0.1759,263.56,-0.0004,0.0001,263.56,,,,,,,,,,,,0.0,0.0,0.0,0.0,0
1.36,-1.6199,-0.1759,263.56,-0.0004,0.0001,263.56,,,,,,,,,,,,0.0,0.0,0.0,0.0,0
1.38,-1.6199,-0.1759,263.56,-0.0004,0.0001,263.56,,,,,,,,,,,,0.0,0.0,0.0,0.0,0
1.4,-1.6352,-0.2108,263.5574,-0.0004,0.0001,263.5574,,,,,,,,,,,,0.0,0.0,0.0,0.0,0
1.42,-1.6352,-0.2108,263.5574,-0.0004,0.0001,263.5574,,,,,,,,,,,,0.0,0.0,0.0,0.0,0
1.44,-1.6352,-0.2108,263.5574,-0.0004,0.0001,263.5574,,,,,,,,,,,,0.0,0.0,0.0,0.0,0
1.46,-1.6352,-0.2108,263.5574,-0.0004,0.0001,263.5574,,,,,,,,,,,,0.0,0.0,0.0,0.0,0
1.48,-1.6352,-0.2108,263.5574,-0.0004,0.0001,263.5574,,,,,,,,,,,,0.0,0.0,0.0,0.0,0
1.5,-1.6467,-0.2241,263.5498,-0.0004,0.0001,263.5498,,,,,,,,,,,,0.0,0.0,0.0,0.0,0
1.52,-1.6467,-0.2241,263.5498,-0.0004,0.0001,263.5498,,,,,,,,,,,,0.0,0.0,0.0,0.0,0
1.54,-1.6467,-0.2241,263.5498,-0.0004,0.0001,263.5498,,,,,,,,,,,,0.0,0.0,0.0,0.0,0
1.56,-1.6467,-0.2241,263.5498,-0.0004,0.0001,263.5498,,,,,,,,,,,,0.0,0.0,0.0,0.0,0
1.58,-1.6467,-0.2241,263.5498,-0.0004,0.0001,263.5498,,,,,,,,,,,,0.0,0.0,0.0,0.0,0
1.6,-1.6535,-0.2322,263.5513,-0.0004,0.0001,263.5513,,,,,,,,,,,,0.0,0.0,0.0,0.0,0
1.62,-1.6535,-0.2322,263.5513,-0.0004,0.0001,263.5513,,,,,,,,,,,,0.0,0.0,0.0,0.0,0
1.64,-1.6535,-0.2322,263.5513,-0.0004,0.0001,263.5513,,,,,,,,,,,,0.0,0.0,0.0,0.0,0
1.66,-1.6535,-0.2322,263.5513,-0.0004,0.0001,263.5513,,,,,,,,,,,,0.0,0.0,0.0,0.0,0
1.68,-1.6535,-0.2322,263.5513,-0.0004,0.0001,263.5513,,,,,,,,,,,,0.0,0.0,0.0,0.0,0
1.7,-1.6625,-0.2335,263.5578,-0.0004,0.0001,263.5579,,,,,,,,,,,,0.0,0.0,0.0,0.0,0
1.72,-1.6625,-0.2335,263.5578,-0.0004,0.0001,263.5579,,,,,,,,,,,,0.0,0.0,0.0,0.0,0
1.74,-1.6625,-0.2335,263.5578,-0.0004,0.0001,263.5579,,,,,,,,,,,,0.0,0.0,0.0,0.0,0
1.76,-1.6625,-0.2335,263.5578,-0.0004,0.0001,263.5579,,,,,,,,,,,,0.0,0.0,0.0,0.0,0
1.78,-1.6625,-0.2335,263.5578,-0.0004,0.0001,263.5579,,,,,,,,,,,,0.0,0.0,0.0,0.0,0
1.8,-1.6671,-0.235,263.5557,-0.0004,0.0001,263.5557,,,,,,,,,,,,0.0,0.0,0.0,0.0,0
1.82,-1.6671,-0.235,263.5557,-0.0004,0.0001,263.5557,,,,,,,,,,,,0.0,0.0,0.0,0.0,0
1.84,-1.6671,-0.235,263.5557,-0.0004,0.0001,263.5557,,,,,,,,,,,,0.0,0.0,0.0,0.0,0
1.86,-1.6671,-0.235,263.5557,-0.0004,0.0001,263.5557,,,,,,,,,,,,0.0,0.0,0.0,0.0,0
1.88,-1.6671,-0.235,263.5557,-0.0004,0.0001,263.5557,,,,,,,,,,,,0.0,0.0,0.0,0.0,0
1.9,-1.6729,-0.2375,263.5639,-0.0004,0.0001,263.5639,,,,,,,,,,,,0.0,0.0,0.0,0.0,0
1.92,-1.6729,-0.2375,263.5639,-0.0004,0.0001,263.5639,,,,,,,,,,,,0.0,0.0,0.0,0.0,0
1.94,-1.6729,-0.2375,263.5639,-0.0004,0.0001,263.5639,,,,,,,,,,,,0.0,0.0,0.0,0.0,0
1.96,-1.6729,-0.2375,263.5639,-0.0004,0.0001,263.5639,,,,,,,,,,,,0.0,0.0,0.0,0.0,0
1.98,-1.6729,-0.2375,263.5639,-0.0004,0.0001,263.5639,,,,,,,,,,,,0.0,0.0,0.0,0.0,0
2.0,-1.6755,-0.2449,263.5632,-0.0004,0.0001,263.5632,,,,,,,,,,,,0.0,0.0,0.0,0.0,0
2.02,-1.6755,-0.2449,263.5632,-0.0004,0.0001,263.5632,,,,,,,,,,,,0.0,0.0,0.0,0.0,0
2.04,-1.6755,-0.2449,263.5632,-0.0004,0.0001,263.5632,,,,,,,,,,,,0.0,0.0,0.0,0.0,0
2.06,-1.6755,-0.2449,263.5632,-0.0004,0.0001,263.5632,,,,,,,,,,,,0.0,0.0,0.0,0.0,0
2.08,-1.6755,-0.2449,263.5632,-0.0004,0.0001,263.5632,,,,,,,,,,,,0.0,0.0,0.0,0.0,0
2.1,-1.6802,-0.2543,263.5728,-0.0004,0.0001,263.5728,,,,,,,,,,,,0.0,0.0,0.0,0.0,0
2.12,-1.6802,-0.2543,263.5728,-0.0004,0.0001,263.5728,,,,,,,,,,,,0.0,0.0,0.0,0.0,0
2.14,-1.6802,-0.2543,263.5728,-0.0004,0.0001,263.5728,,,,,,,,,,,,0.0,0.0,0.0,0.0,0
2.16,-1.6802,-0.2543,263.5728,-0.0004,0.0001,263.5728,,,,,,,,,,,,0.0,0.0,0.0,0.0,0
2.18,-1.6802,-0.2543,263.5728,-0.0004,0.0001,263.5728,,,,,,,,,,,,0.0,0.0,0.0,0.0,0
2.2,-1.6812,-0.2566,263.5779,-0.0004,0.0001,263.5779,,,,,,,,,,,,0.0,0.0,0.0,0.0,0
2.22,-1.6812,-0.2566,263.5779,-0.0004,0.0001,263.5779,,,,,,,,,,,,0.0,0.0,0.0,0.0,0
2.24,-1.6812,-0.2566,263.5779,-0.0004,0.0001,263.5779,,,,,,,,,,,,0.0,0.0,0.0,0.0,0
2.26,-1.6812,-0.2566,263.5779,-0.0004,0.0001,263.5779,,,,,,,,,,,,0.0,0.0,0.0,0.0,0
2.28,-1.6812,-0.2566,263.5779,-0.0004,0.0001,263.5779,,,,,,,,,,,,0.0,0.0,0.0,0.0,0
2.3,-1.6849,-0.2568,263.5869,-0.0004,0.0001,263.5869,,,,,,,,,,,,0.0,0.0,0.0,0.0,0
2.32,-1.6849,-0.2568,263.5869,-0.0004,0.0001,263.5869,,,,,,,,,,,,0.0,0.0,0.0,0.0,0
2.34,-1.6849,-0.2568,263.5869,-0.0004,0.0001,263.5869,,,,,,,,,,,,0.0,0.0,0.0,0.0,0
2.36,-1.6849,-0.2568,263.5869,-0.0004,0.0001,263.5869,,,,,,,,,,,,0.0,0.0,0.0,0.0,0
2.38,-1.6849,-0.2568,263.5869,-0.0004,0.0001,263.5869,,,,,,,,,,,,0.0,0.0,0.0,0.0,0
2.4,-1.6854,-0.2591,263.5897,-0.0004,0.0001,263.5897,,,,,,,,,,,,0.0,0.0,0.0,0.0,0
2.42,-1.6854,-0.2591,263.5897,-0.0004,0.0001,263.5897,,,,,,,,,,,,0.0,0.0,0.0,0.0,0
2.44,-1.6854,-0.2591,263.5897,-0.0004,0.0001,263.5897,,,,,,,,,,,,0.0,0.0,0.0,0.0,0
2.46,-1.6854,-0.2591,263.5897,-0.0004,0.0001,263.5897,,,,,,,,,,,,0.0,0.0,0.0,0.0,0
2.48,-1.6854,-0.2591,263.5897,-0.0004,0.0001,263.5897,,,,,,,,,,,,0.0,0.0,0.0,0.0,0
2.5,-1.6846,-0.2635,263.5917,-0.0004,0.0001,263.5917,,,,,,,,,,,,0.0,0.0,0.0,0.0,0
2.52,-1.6846,-0.2635,263.5917,-0.0004,0.0001,263.5917,,,,,,,,,,,,0.0,0.0,0.0,0.0,0
2.54,-1.6846,-0.2635,263.5917,-0.0004,0.0001,263.5917,,,,,,,,,,,,0.0,0.0,0.0,0.0,0
2.56,-1.6846,-0.2635,263.5917,-0.0004,0.0001,263.5917,,,,,,,,,,,,0.0,0.0,0.0,0.0,0
2.58,-1.6846,-0.2635,263.5917,-0.0004,0.0001,263.5917,,,,,,,,,,,,0.0,0.0,0.0,0.0,0
2.6,-1.6831,-0.2666,263.588,-0.0004,0.0001,263.588,,,,,,,,,,,,0.0,0.0,0.0,0.0,0
2.62,-1.6831,-0.2666,263.588,-0.0004,0.0001,263.588,,,,,,,,,,,,0.0,0.0,0.0,0.0,0
2.64,-1.6831,-0.2666,263.588,-0.0004,0.0001,263.588,,,,,,,,,,,,0.0,0.0,0.0,0.0,0
2.66,-1.6831,-0.2666,263.588,-0.0004,0.0001,263.588,,,,,,,,,,,,0.0,0.0,0.0,0.0,0
2.68,-1.6831,-0.2666,263.588,-0.0004,0.0001,263.588,,,,,,,,,,,,0.0,0.0,0.0,0.0,0
2.7,-1.6809,-0.2664,263.5933,-0.0004,0.0001,263.5933,,,,,,,,,,,,0.0,0.0,0.0,0.0,0
2.72,-1.6809,-0.2664,263.5933,-0.0004,0.0001,263.5933,,,,,,,,,,,,0.0,0.0,0.0,0.0,0
2.74,-1.6809,-0.2664,263.5933,-0.0004,0.0001,263.5933,,,,,,,,,,,,0.0,0.0,0.0,0.0,0
2.76,-1.6809,-0.2664,263.5933,-0.0004,0.0001,263.5933,,,,,,,,,,,,0.0,0.0,0.0,0.0,0
2.78,-1.6809,-0.2664,263.5933,-0.0004,0.0001,263.5933,,,,,,,,,,,,0.0,0.0,0.0,0.0,0
2.8,-1.6778,-0.2712,263.5948,-0.0004,0.0001,263.5948,,,,,,,,,,,,0.0,0.0,0.0,0.0,0
2.82,-1.6778,-0.2712,263.5948,-0.0004,0.0001,263.5948,,,,,,,,,,,,0.0,0.0,0.0,0.0,0
2.84,-1.6778,-0.2712,263.5948,-0.0004,0.0001,263.5948,,,,,,,,,,,,0.0,0.0,0.0,0.0,0
2.86,-1.6778,-0.2712,263.5948,-0.0004,0.0001,263.5948,,,,,,,,,,,,0.0,0.0,0.0,0.0,0
2.88,-1.6778,-0.2712,263.5948,-0.0004,0.0001,263.5948,,,,,,,,,,,,0.0,0.0,0.0,0.0,0
2.9,-1.677,-0.2669,263.6065,-0.0004,0.0001,263.6065,,,,,,,,,,,,0.0,0.0,0.0,0.0,0
2.92,-1.677,-0.2669,263.6065,-0.0004,0.0001,263.6065,,,,,,,,,,,,0.0,0.0,0.0,0.0,0
2.94,-1.677,-0.2669,263.6065,-0.0004,0.0001,263.6065,,,,,,,,,,,,0.0,0.0,0.0,0.0,0
2.96,-1.677,-0.2669,263.6065,-0.0004,0.0001,263.6065,,,,,,,,,,,,0.0,0.0,0.0,0.0,0
2.98,-1.677,-0.2669,263.6065,-0.0004,0.0001,263.6065,,,,,,,,,,,,0.0,0.0,0.0,0.0,0
3.0,-1.6731,-0.2696,263.6137,-0.0004,0.0001,263.6137,,,,,,,,,,,,0.0,0.0,0.0,0.0,0
3.02,-1.6731,-0.2696,263.6137,-0.0004,0.0001,263.6137,,,,,,,,,,,,0.0,0.0,0.0,0.0,0
3.04,-1.6731,-0.2696,263.6137,-0.0004,0.0001,263.6137,,,,,,,,,,,,0.0,0.0,0.0,0.0,0
3.06,-1.6731,-0.2696,263.6137,-0.0004,0.0001,263.6137,,,,,,,,,,,,0.0,0.0,0.0,0.0,0
3.08,-1.6731,-0.2696,263.6137,-0.0004,0.0001,263.6137,,,,,,,,,,,,0.0,0.0,0.0,0.0,0
3.1,-1.6721,-0.2672,263.6252,-0.0004,0.0001,263.6252,,,,,,,,,,,,0.0,0.0,0.0,0.0,0
3.12,-1.6721,-0.2672,263.6252,-0.0004,0.0001,263.6252,,,,,,,,,,,,0.0,0.0,0.0,0.0,0
3.14,-1.6721,-0.2672,263.6252,-0.0004,0.0001,263.6252,,,,,,,,,,,,0.0,0.0,0.0,0.0,0
3.16,-1.6721,-0.2672,263.6252,-0.0004,0.0001,263.6252,,,,,,,,,,,,0.0,0.0,0.0,0.0,0
3.18,-1.6721,-0.2672,263.6252,-0.0004,0.0001,263.6252,,,,,,,,,,,,0.0,0.0,0.0,0.0,0
3.2,-1.6689,-0.2665,263.6317,-0.0004,0.0001,263.6317,,,,,,,,,,,,0.0,0.0,0.0,0.0,0
3.22,-1.6689,-0.2665,263.6317,-0.0004,0.0001,263.6317,,,,,,,,,,,,0.0,0.0,0.0,0.0,0
3.24,-1.6689,-0.2665,263.6317,-0.0004,0.0001,263.6317,,,,,,,,,,,,0.0,0.0,0.0,0.0,0
3.26,-1.6689,-0.2665,263.6317,-0.0004,0.0001,263.6317,,,,,,,,,,,,0.0,0.0,0.0,0.0,0
3.28,-1.6689,-0.2665,263.6317,-0.0004,0.0001,263.6317,,,,,,,,,,,,0.0,0.0,0.0,0.0,0
3.3,-1.6679,-0.2699,263.6368,-0.0004,0.0001,263.6368,,,,,,,,,,,,0.0,0.0,0.0,0.0,0
3.32,-1.6679,-0.2699,263.6368,-0.0004,0.0001,263.6368,,,,,,,,,,,,0.0,0.0,0.0,0.0,0
3.34,-1.6679,-0.2699,263.6368,-0.0004,0.0001,263.6368,,,,,,,,,,,,0.0,0.0,0.0,0.0,0
3.36,-1.6679,-0.2699,263.6368,-0.0004,0.0001,263.6368,,,,,,,,,,,,0.0,0.0,0.0,0.0,0
3.38,-1.6679,-0.2699,263.6368,-0.0004,0.0001,263.6368,,,,,,,,,,,,0.0,0.0,0.0,0.0,0
3.4,-1.666,-0.2678,263.6362,-0.0004,0.0001,263.6362,,,,,,,,,,,,0.0,0.0,0.0,0.0,0
3.42,-1.666,-0.2678,263.6362,-0.0004,0.0001,263.6362,,,,,,,,,,,,0.0,0.0,0.0,0.0,0
3.44,-1.666,-0.2678,263.6362,-0.0004,0.0001,263.6362,,,,,,,,,,,,0.0,0.0,0.0,0.0,0
3.46,-1.666,-0.2678,263.6362,-0.0004,0.0001,263.6362,,,,,,,,,,,,0.0,0.0,0.0,0.0,0
3.48,-1.666,-0.2678,263.6362,-0.0004,0.0001,263.6362,,,,,,,,,,,,0.0,0.0,0.0,0.0,0
3.5,-1.6641,-0.2669,263.6334,-0.0004,0.0001,263.6334,,,,,,,,,,,,0.0,0.0,0.0,0.0,0
3.52,-1.6641,-0.2669,263.6334,-0.0004,0.0001,263.6334,,,,,,,,,,,,0.0,0.0,0.0,0.0,0
3.54,-1.6641,-0.2669,263.6334,-0.0004,0.0001,263.6334,,,,,,,,,,,,0.0,0.0,0.0,0.0,0
3.56,-1.6641,-0.2669,263.6334,-0.0004,0.0001,263.6334,,,,,,,,,,,,0.0,0.0,0.0,0.0,0
3.58,-1.6641,-0.2669,263.6334,-0.0004,0.0001,263.6334,,,,,,,,,,,,0.0,0.0,0.0,0.0,0
3.6,-1.6602,-0.2676,263.6307,-0.0004,0.0001,263.6307,,,,,,,,,,,,0.0,0.0,0.0,0.0,0
3.62,-1.6602,-0.2676,263.6307,-0.0004,0.0001,263.6307,,,,,,,,,,,,0.0,0.0,0.0,0.0,0
3.64,-1.6602,-0.2676,263.6307,-0.0004,0.0001,263.6307,,,,,,,,,,,,0.0,0.0,0.0,0.0,0
3.66,-1.6602,-0.2676,263.6307,-0.0004,0.0001,263.6307,,,,,,,,,,,,0.0,0.0,0.0,0.0,0
3.68,-1.6602,-0.2676,263.6307,-0.0004,0.0001,263.6307,,,,,,,,,,,,0.0,0.0,0.0,0.0,0
3.7,-1.6562,-0.2676,263.63,-0.0004,0.0001,263.63,,,,,,,,,,,,0.0,0.0,0.0,0.0,0
3.72,-1.6562,-0.2676,263.63,-0.0004,0.0001,263.63,,,,,,,,,,,,0.0,0.0,0.0,0.0,0
3.74,-1.6562,-0.2676,263.63,-0.0004,0.0001,263.63,,,,,,,,,,,,0.0,0.0,0.0,0.0,0
3.76,-1.6562,-0.2676,263.63,-0.0004,0.0001,263.63,,,,,,,,,,,,0.0,0.0,0.0,0.0,0
3.78,-1.6562,-0.2676,263.63,-0.0004,0.0001,263.63,,,,,,,,,,,,0.0,0.0,0.0,0.0,0
3.8,-1.651,-0.2678,263.6255,-0.0004,0.0001,263.6255,,,,,,,,,,,,0.0,0.0,0.0,0.0,0
3.82,-1.651,-0.2678,263.6255,-0.0004,0.0001,263.6255,,,,,,,,,,,,0.0,0.0,0.0,0.0,0
3.84,-1.651,-0.2678,263.6255,-0.0004,0.0001,263.6255,,,,,,,,,,,,0.0,0.0,0.0,0.0,0
3.86,-1.651,-0.2678,263.6255,-0.0004,0.0001,263.6255,,,,,,,,,,,,0.0,0.0,0.0,0.0,0
3.88,-1.651,-0.2678,263.6255,-0.0004,0.0001,263.6255,,,,,,,,,,,,0.0,0.0,0.0,0.0,0
3.9,-1.6508,-0.2694,263.6241,-0.0004,0.0001,263.6241,,,,,,,,,,,,0.0,0.0,0.0,0.0,0
3.92,-1.6508,-0.2694,263.6241,-0.0004,0.0001,263.6241,,,,,,,,,,,,0.0,0.0,0.0,0.0,0
3.94,-1.6508,-0.2694,263.6241,-0.0004,0.0001,263.6241,,,,,,,,,,,,0.0,0.0,0.0,0.0,0
3.96,-1.6508,-0.2694,263.6241,-0.0004,0.0001,263.6241,,,,,,,,,,,,0.0,0.0,0.0,0.0,0
3.98,-1.6508,-0.2694,263.6241,-0.0004,0.0001,263.6241,,,,,,,,,,,,0.0,0.0,0.0,0.0,0
4.0,-1.6494,-0.2661,263.624,-0.0004,0.0001,263.624,,,,,,,,,,,,0.0,0.0,0.0,0.0,0
4.02,-1.6494,-0.2661,263.624,-0.0004,0.0001,263.624,,,,,,,,,,,,0.0,0.0,0.0,0.0,0
4.04,-1.6494,-0.2661,263.624,-0.0004,0.0001,263.624,,,,,,,,,,,,0.0,0.0,0.0,0.0,0
4.06,-1.6494,-0.2661,263.624,-0.0004,0.0001,263.624,,,,,,,,,,,,0.0,0.0,0.0,0.0,0
4.08,-1.6494,-0.2661,263.624,-0.0004,0.0001,263.624,,,,,,,,,,,,0.0,0.0,0.0,0.0,0
4.1,-1.6536,-0.2636,263.63,-0.0004,0.0001,263.63,,,,,,,,,,,,0.0,0.0,0.0,0.0,0
4.12,-1.6536,-0.2636,263.63,-0.0004,0.0001,263.63,,,,,,,,,,,,0.0,0.0,0.0,0.0,0
4.14,-1.6536,-0.2636,263.63,-0.0004,0.0001,263.63,,,,,,,,,,,,0.0,0.0,0.0,0.0,0
4.16,-1.6536,-0.2636,263.63,-0.0004,0.0001,263.63,,,,,,,,,,,,0.0,0.0,0.0,0.0,0
4.18,-1.6536,-0.2636,263.63,-0.0004,0.0001,263.63,,,,,,,,,,,,0.0,0.0,0.0,0.0,0
4.2,-1.6552,-0.2677,263.6338,-0.0004,0.0001,263.6338,,,,,,,,,,,,0.0,0.0,0.0,0.0,0
4.22,-1.6552,-0.2677,263.6338,-0.0004,0.0001,263.6338,,,,,,,,,,,,0.0,0.0,0.0,0.0,0
4.24,-1.6552,-0.2677,263.6338,-0.0004,0.0001,263.6338,,,,,,,,,,,,0.0,0.0,0.0,0.0,0
4.26,-1.6552,-0.2677,263.6338,-0.0004,0.0001,263.6338,,,,,,,,,,,,0.0,0.0,0.0,0.0,0
4.28,-1.6552,-0.2677,263.6338,-0.0004,0.0001,263.6338,,,,,,,,,,,,0.0,0.0,0.0,0.0,0
4.3,-1.6566,-0.2632,263.6355,-0.0004,0.0001,263.6355,,,,,,,,,,,,0.0,0.0,0.0,0.0,0
4.32,-1.6566,-0.2632,263.6355,-0.0004,0.0001,263.6355,,,,,,,,,,,,0.0,0.0,0.0,0.0,0
4.34,-1.6566,-0.2632,263.6355,-0.0004,0.0001,263.6355,,,,,,,,,,,,0.0,0.0,0.0,0.0,0
4.36,-1.6566,-0.2632,263.6355,-0.0004,0.0001,263.6355,,,,,,,,,,,,0.0,0.0,0.0,0.0,0
4.38,-1.6566,-0.2632,263.6355,-0.0004,0.0001,263.6355,,,,,,,,,,,,0.0,0.0,0.0,0.0,0
4.4,-1.657,-0.2621,263.643,-0.0004,0.0001,263.643,,,,,,,,,,,,0.0,0.0,0.0,0.0,0
4.42,-1.657,-0.2621,263.643,-0.0004,0.0001,263.643,,,,,,,,,,,,0.0,0.0,0.0,0.0,0
4.44,-1.657,-0.2621,263.643,-0.0004,0.0001,263.643,,,,,,,,,,,,0.0,0.0,0.0,0.0,0
4.46,-1.657,-0.2621,263.643,-0.0004,0.0001,263.643,,,,,,,,,,,,0.0,0.0,0.0,0.0,0
4.48,-1.657,-0.2621,263.643,-0.0004,0.0001,263.643,,,,,,,,,,,,0.0,0.0,0.0,0.0,0
4.5,-1.6582,-0.2596,263.6491,-0.0004,0.0001,263.6491,,,,,,,,,,,,0.0,0.0,0.0,0.0,0
4.52,-1.6582,-0.2596,263.6491,-0.0004,0.0001,263.6491,,,,,,,,,,,,0.0,0.0,0.0,0.0,0
4.54,-1.6582,-0.2596,263.6491,-0.0004,0.0001,263.6491,,,,,,,,,,,,0.0,0.0,0.0,0.0,0
4.56,-1.6582,-0.2596,263.6491,-0.0004,0.0001,263.6491,,,,,,,,,,,,0.0,0.0,0.0,0.0,0
4.58,-1.6582,-0.2596,263.6491,-0.0004,0.0001,263.6491,,,,,,,,,,,,0.0,0.0,0.0,0.0,0
4.6,-1.6638,-0.2562,263.6562,-0.0004,0.0001,263.6562,,,,,,,,,,,,0.0,0.0,0.0,0.0,0
4.62,-1.6638,-0.2562,263.6562,-0.0004,0.0001,263.6562,,,,,,,,,,,,0.0,0.0,0.0,0.0,0
4.64,-1.6638,-0.2562,263.6562,-0.0004,0.0001,263.6562,,,,,,,,,,,,0.0,0.0,0.0,0.0,0
4.66,-1.6638,-0.2562,263.6562,-0.0004,0.0001,263.6562,,,,,,,,,,,,0.0,0.0,0.0,0.0,0
4.68,-1.6638,-0.2562,263.6562,-0.0004,0.0001,263.6562,,,,,,,,,,,,0.0,0.0,0.0,0.0,0
4.7,-1.6646,-0.2571,263.6592,-0.0004,0.0001,263.6592,,,,,,,,,,,,0.0,0.0,0.0,0.0,0
4.72,-1.6646,-0.2571,263.6592,-0.0004,0.0001,263.6592,,,,,,,,,,,,0.0,0.0,0.0,0.0,0
4.74,-1.6646,-0.2571,263.6592,-0.0004,0.0001,263.6592,,,,,,,,,,,,0.0,0.0,0.0,0.0,0
4.76,-1.6646,-0.2571,263.6592,-0.0004,0.0001,263.6592,,,,,,,,,,,,0.0,0.0,0.0,0.0,0
4.78,-1.6646,-0.2571,263.6592,-0.0004,0.0001,263.6592,,,,,,,,,,,,0.0,0.0,0.0,0.0,0
4.8,-1.6676,-0.2605,263.6644,-0.0004,0.0001,263.6644,,,,,,,,,,,,0.0,0.0,0.0,0.0,0
4.82,-1.6676,-0.2605,263.6644,-0.0004,0.0001,263.6644,,,,,,,,,,,,0.0,0.0,0.0,0.0,0
4.84,-1.6676,-0.2605,263.6644,-0.0004,0.0001,263.6644,,,,,,,,,,,,0.0,0.0,0.0,0.0,0
4.86,-1.6676,-0.2605,263.6644,-0.0004,0.0001,263.6644,,,,,,,,,,,,0.0,0.0,0.0,0.0,0
4.88,-1.6676,-0.2605,263.6644,-0.0004,0.0001,263.6644,,,,,,,,,,,,0.0,0.0,0.0,0.0,0
4.9,-1.668,-0.2636,263.6699,-0.0004,0.0001,263.6699,,,,,,,,,,,,0.0,0.0,0.0,0.0,0
4.92,-1.668,-0.2636,263.6699,-0.0004,0.0001,263.6699,,,,,,,,,,,,0.0,0.0,0.0,0.0,0
4.94,-1.668,-0.2636,263.6699,-0.0004,0.0001,263.6699,,,,,,,,,,,,0.0,0.0,0.0,0.0,0
4.96,-1.668,-0.2636,263.6699,-0.0004,0.0001,263.6699,,,,,,,,,,,,0.0,0.0,0.0,0.0,0
4.98,-1.668,-0.2636,263.6699,-0.0004,0.0001,263.6699,,,,,,,,,,,,0.0,0.0,0.0,0.0,0
5.0,-1.6732,-0.2602,263.6795,-0.0004,0.0001,263.6795,,,,,,,,,,,,0.0,0.0,0.0,0.0,0
5.02,-1.6732,-0.2602,263.6795,-0.0004,0.0001,263.6795,,,,,,,,,,,,0.0,0.0,0.0,0.0,0
5.04,-1.6732,-0.2602,263.6795,-0.0004,0.0001,263.6795,,,,,,,,,,,,0.0,0.0,0.0,0.0,0
5.06,-1.6732,-0.2602,263.6795,-0.0004,0.0001,263.6795,,,,,,,,,,,,0.0,0.0,0.0,0.0,0
5.08,-1.6732,-0.2602,263.6795,-0.0004,0.0001,263.6795,,,,,,,,,,,,0.0,0.0,0.0,0.0,0
5.1,-1.6765,-0.2606,263.6879,-0.0004,0.0001,263.6879,,,,,,,,,,,,0.0,0.0,0.0,0.0,0
5.12,-1.6765,-0.2606,263.6879,-0.0004,0.0001,263.6879,,,,,,,,,,,,0.0,0.0,0.0,0.0,0
5.14,-1.6765,-0.2606,263.6879,-0.0004,0.0001,263.6879,,,,,,,,,,,,0.0,0.0,0.0,0.0,0
5.16,-1.6765,-0.2606,263.6879,-0.0004,0.0001,263.6879,,,,,,,,,,,,0.0,0.0,0.0,0.0,0
5.18,-1.6765,-0.2606,263.6879,-0.0004,0.0001,263.6879,,,,,,,,,,,,0.0,0.0,0.0,0.0,0
5.2,-1.6783,-0.2636,263.6895,-0.0004,0.0001,263.6895,,,,,,,,,,,,0.0,0.0,0.0,0.0,0
5.22,-1.6783,-0.2636,263.6895,-0.0004,0.0001,263.6895,,,,,,,,,,,,0.0,0.0,0.0,0.0,0
5.24,-1.6783,-0.2636,263.6895,-0.0004,0.0001,263.6895,,,,,,,,,,,,0.0,0.0,0.0,0.0,0
5.26,-1.6783,-0.2636,263.6895,-0.0004,0.0001,263.6895,,,,,,,,,,,,0.0,0.0,0.0,0.0,0
5.28,-1.6783,-0.2636,263.6895,-0.0004,0.0001,263.6895,,,,,,,,,,,,0.0,0.0,0.0,0.0,0
5.3,-1.6804,-0.2653,263.6928,-0.0004,0.0001,263.6928,,,,,,,,,,,,0.0,0.0,0.0,0.0,0
5.32,-1.6804,-0.2653,263.6928,-0.0004,0.0001,263.6928,,,,,,,,,,,,0.0,0.0,0.0,0.0,0
5.34,-1.6804,-0.2653,263.6928,-0.0004,0.0001,263.6928,,,,,,,,,,,,0.0,0.0,0.0,0.0,0
5.36,-1.6804,-0.2653,263.6928,-0.0004,0.0001,263.6928,,,,,,,,,,,,0.0,0.0,0.0,0.0,0
5.38,-1.6804,-0.2653,263.6928,-0.0004,0.0001,263.6928,,,,,,,,,,,,0.0,0.0,0.0,0.0,0
5.4,-1.6816,-0.2662,263.6933,-0.0004,0.0001,263.6933,,,,,,,,,,,,0.0,0.0,0.0,0.0,0
5.42,-1.6816,-0.2662,263.6933,-0.0004,0.0001,263.6933,,,,,,,,,,,,0.0,0.0,0.0,0.0,0
5.44,-1.6816,-0.2662,263.6933,-0.0004,0.0001,263.6933,,,,,,,,,,,,0.0,0.0,0.0,0.0,0
5.46,-1.6816,-0.2662,263.6933,-0.0004,0.0001,263.6933,,,,,,,,,,,,0.0,0.0,0.0,0.0,0
5.48,-1.6816,-0.2662,263.6933,-0.0004,0.0001,263.6933,,,,,,,,,,,,0.0,0.0,0.0,0.0,0
5.5,-1.6804,-0.2678,263.6983,-0.0004,0.0001,263.6983,,,,,,,,,,,,0.0,0.0,0.0,0.0,0
5.52,-1.6804,-0.2678,263.6983,-0.0004,0.0001,263.6983,,,,,,,,,,,,0.0,0.0,0.0,0.0,0
5.54,-1.6804,-0.2678,263.6983,-0.0004,0.0001,263.6983,,,,,,,,,,,,0.0,0.0,0.0,0.0,0
5.56,-1.6804,-0.2678,263.6983,-0.0004,0.0001,263.6983,,,,,,,,,,,,0.0,0.0,0.0,0.0,0
5.58,-1.6804,-0.2678,263.6983,-0.0004,0.0001,263.6983,,,,,,,,,,,,0.0,0.0,0.0,0.0,0
5.6,-1.6781,-0.2707,263.6838,-0.0004,0.0001,263.6838,,,,,,,,,,,,0.0,0.0,0.0,0.0,0
5.62,-1.6781,-0.2707,263.6838,-0.0004,0.0001,263.6838,,,,,,,,,,,,0.0,0.0,0.0,0.0,0
5.64,-1.6781,-0.2707,263.6838,-0.0004,0.0001,263.6838,,,,,,,,,,,,0.0,0.0,0.0,0.0,0
5.66,-1.6781,-0.2707,263.6838,-0.0004,0.0001,263.6838,,,,,,,,,,,,0.0,0.0,0.0,0.0,0
5.68,-1.6781,-0.2707,263.6838,-0.0004,0.0001,263.6838,,,,,,,,,,,,0.0,0.0,0.0,0.0,0
5.7,-1.6787,-0.2678,263.6938,-0.0004,0.0001,263.6938,,,,,,,,,,,,0.0,0.0,0.0,0.0,0
5.72,-1.6787,-0.2678,263.6938,-0.0004,0.0001,263.6938,,,,,,,,,,,,0.0,0.0,0.0,0.0,0
5.74,-1.6787,-0.2678,263.6938,-0.0004,0.0001,263.6938,,,,,,,,,,,,0.0,0.0,0.0,0.0,0
5.76,-1.6787,-0.2678,263.6938,-0.0004,0.0001,263.6938,,,,,,,,,,,,0.0,0.0,0.0,0.0,0
5.78,-1.6787,-0.2678,263.6938,-0.0004,0.0001,263.6938,,,,,,,,,,,,0.0,0.0,0.0,0.0,0
5.8,-1.679,-0.2689,263.6904,-0.0004,0.0001,263.6904,,,,,,,,,,,,0.0,0.0,0.0,0.0,0
5.82,-1.679,-0.2689,263.6904,-0.0004,0.0001,263.6904,,,,,,,,,,,,0.0,0.0,0.0,0.0,0
5.84,-1.679,-0.2689,263.6904,-0.0004,0.0001,263.6904,,,,,,,,,,,,0.0,0.0,0.0,0.0,0
5.86,-1.679,-0.2689,263.6904,-0.0004,0.0001,263.6904,,,,,,,,,,,,0.0,0.0,0.0,0.0,0
5.88,-1.679,-0.2689,263.6904,-0.0004,0.0001,263.6904,,,,,,,,,,,,0.0,0.0,0.0,0.0,0
5.9,-1.678,-0.2658,263.7048,-0.0004,0.0001,263.7048,,,,,,,,,,,,0.0,0.0,0.0,0.0,0
5.92,-1.678,-0.2658,263.7048,-0.0004,0.0001,263.7048,,,,,,,,,,,,0.029,0.029,0.029,0.029,0
5.94,-1.678,-0.2658,263.7048,-0.0004,0.0001,263.7048,,,,,,,,,,,,0.029,0.029,0.029,0.029,0
5.96,-1.678,-0.2658,263.7048,-0.0004,0.0001,263.7048,,,,,,,,,,,,0.029,0.029,0.029,0.029,0
5.98,-1.678,-0.2658,263.7048,-0.0004,0.0001,263.7048,,,,,,,,,,,,0.029,0.029,0.029,0.029,0
6.0,-1.6756,-0.2682,263.7123,-0.0004,0.0001,263.7123,,,,,,,,,,,,0.029,0.029,0.029,0.029,0
6.02,-1.6756,-0.2682,263.7123,-0.0004,0.0001,263.7123,,,,,,,,,,,,0.059,0.059,0.059,0.059,0
6.04,-1.6756,-0.2682,263.7123,-0.0004,0.0001,263.7123,,,,,,,,,,,,0.059,0.059,0.059,0.059,0
6.06,-1.6756,-0.2682,263.7123,-0.0004,0.0001,263.7123,,,,,,,,,,,,0.059,0.059,0.059,0.059,0
6.08,-1.6756,-0.2682,263.7123,-0.0004,0.0001,263.7123,,,,,,,,,,,,0.059,0.059,0.059,0.059,0
6.1,-1.6717,-0.2711,263.6838,-0.0004,0.0001,263.6838,,,,,,,,,,,,0.059,0.059,0.059,0.059,0
6.12,-1.6717,-0.2711,263.6838,-0.0004,0.0001,263.6838,,,,,,,,,,,,0.089,0.089,0.089,0.089,0
6.14,-1.6717,-0.2711,263.6838,-0.0004,0.0001,263.6838,,,,,,,,,,,,0.089,0.089,0.089,0.089,0
6.16,-1.6717,-0.2711,263.6838,-0.0004,0.0001,263.6838,,,,,,,,,,,,0.089,0.089,0.089,0.089,0
6.18,-1.6717,-0.2711,263.6838,-0.0004,0.0001,263.6838,,,,,,,,,,,,0.089,0.089,0.089,0.089,0
6.2,-1.6749,-0.2687,263.6682,-0.0004,0.0001,263.6682,,,,,,,,,,,,0.089,0.089,0.089,0.089,0
6.22,-1.6749,-0.2687,263.6682,-0.0004,0.0001,263.6682,,,,,,,,,,,,0.1,0.1,0.1,0.1,0
6.24,-1.6749,-0.2687,263.6682,-0.0004,0.0001,263.6682,,,,,,,,,,,,0.1,0.1,0.1,0.1,0
6.26,-1.6749,-0.2687,263.6682,-0.0004,0.0001,263.6682,,,,,,,,,,,,0.1,0.1,0.1,0.1,0
6.28,-1.6749,-0.2687,263.6682,-0.0004,0.0001,263.6682,,,,,,,,,,,,0.1,0.1,0.1,0.1,0
6.3,-1.6726,-0.2611,263.7422,-0.0004,0.0001,263.7422,,,,,,,,,,,,0.1,0.1,0.1,0.1,0
6.32,-1.6726,-0.2611,263.7422,-0.0004,0.0001,263.7422,,,,,,,,,,,,0.1,0.1,0.1,0.1,0
6.34,-1.6726,-0.2611,263.7422,-0.0004,0.0001,263.7422,,,,,,,,,,,,0.1,0.1,0.1,0.1,0
6.36,-1.6726,-0.2611,263.7422,-0.0004,0.0001,263.7422,,,,,,,,,,,,0.1,0.1,0.1,0.1,0
6.38,-1.6726,-0.2611,263.7422,-0.0004,0.0001,263.7422,,,,,,,,,,,,0.1,0.1,0.1,0.1,0
6.4,-1.665,-0.2737,263.6705,-0.0004,0.0001,263.6705,,,,,,,,,,,,0.1,0.1,0.1,0.1,0
6.42,-1.665,-0.2737,263.6705,-0.0004,0.0001,263.6705,,,,,,,,,,,,0.1,0.1,0.1,0.1,0
6.44,-1.665,-0.2737,263.6705,-0.0004,0.0001,263.6705,,,,,,,,,,,,0.1,0.1,0.1,0.1,0
6.46,-1.665,-0.2737,263.6705,-0.0004,0.0001,263.6705,,,,,,,,,,,,0.1,0.1,0.1,0.1,0
6.48,-1.665,-0.2737,263.6705,-0.0004,0.0001,263.6705,,,,,,,,,,,,0.1,0.1,0.1,0.1,0
6.5,-1.6668,-0.2723,263.7393,-0.0004,0.0001,263.7393,,,,,,,,,,,,0.1,0.1,0.1,0.1,0
6.52,-1.6668,-0.2723,263.7393,-0.0004,0.0001,263.7393,,,,,,,,,,,,0.1,0.1,0.1,0.1,0
6.54,-1.6668,-0.2723,263.7393,-0.0004,0.0001,263.7393,,,,,,,,,,,,0.1,0.1,0.1,0.1,0
6.56,-1.6668,-0.2723,263.7393,-0.0004,0.0001,263.7393,,,,,,,,,,,,0.1,0.1,0.1,0.1,0
6.58,-1.6668,-0.2723,263.7393,-0.0004,0.0001,263.7393,,,,,,,,,,,,0.1,0.1,0.1,0.1,0
6.6,-1.6575,-0.2745,263.6733,-0.0004,0.0001,263.6733,,,,,,,,,,,,0.1,0.1,0.1,0.1,0
6.62,-1.6575,-0.2745,263.6733,-0.0004,0.0001,263.6733,,,,,,,,,,,,0.1,0.1,0.1,0.1,0
6.64,-1.6575,-0.2745,263.6733,-0.0004,0.0001,263.6733,,,,,,,,,,,,0.1,0.1,0.1,0.1,0
6.66,-1.6575,-0.2745,263.6733,-0.0004,0.0001,263.6733,,,,,,,,,,,,0.1,0.1,0.1,0.1,0
6.68,-1.6575,-0.2745,263.6733,-0.0004,0.0001,263.6733,,,,,,,,,,,,0.1,0.1,0.1,0.1,0
6.7,-1.6565,-0.2681,263.7516,-0.0004,0.0001,263.7516,,,,,,,,,,,,0.1,0.1,0.1,0.1,0
6.72,-1.6565,-0.2681,263.7516,-0.0004,0.0001,263.7516,,,,,,,,,,,,0.1,0.1,0.1,0.1,0
6.74,-1.6565,-0.2681,263.7516,-0.0004,0.0001,263.7516,,,,,,,,,,,,0.1,0.1,0.1,0.1,0
6.76,-1.6565,-0.2681,263.7516,-0.0004,0.0001,263.7516,,,,,,,,,,,,0.1,0.1,0.1,0.1,0
6.78,-1.6565,-0.2681,263.7516,-0.0004,0.0001,263.7516,,,,,,,,,,,,0.1,0.1,0.1,0.1,0
6.8,-1.6493,-0.2766,263.6733,-0.0004,0.0001,263.6733,,,,,,,,,,,,0.1,0.1,0.1,0.1,0
6.82,-1.6493,-0.2766,263.6733,-0.0004,0.0001,263.6733,,,,,,,,,,,,0.116,0.116,0.116,0.116,0
6.84,-1.6493,-0.2766,263.6733,-0.0004,0.0001,263.6733,,,,,,,,,,,,0.116,0.116,0.116,0.116,0
6.86,-1.6493,-0.2766,263.6733,-0.0004,0.0001,263.6733,,,,,,,,,,,,0.116,0.116,0.116,0.116,0
6.88,-1.6493,-0.2766,263.6733,-0.0004,0.0001,263.6733,,,,,,,,,,,,0.116,0.116,0.116,0.116,0
6.9,-1.6461,-0.2752,263.7515,-0.0004,0.0001,263.7515,,,,,,,,,,,,0.116,0.116,0.116,0.116,0
6.92,-1.6461,-0.2752,263.7515,-0.0004,0.0001,263.7515,,,,,,,,,,,,0.146,0.146,0.146,0.146,0
6.94,-1.6461,-0.2752,263.7515,-0.0004,0.0001,263.7515,,,,,,,,,,,,0.146,0.146,0.146,0.146,0
6.96,-1.6461,-0.2752,263.7515,-0.0004,0.0001,263.7515,,,,,,,,,,,,0.146,0.146,0.146,0.146,0
6.98,-1.6461,-0.2752,263.7515,-0.0004,0.0001,263.7515,,,,,,,,,,,,0.146,0.146,0.146,0.146,0
7.0,-1.6279,-0.2762,263.6935,-0.0004,0.0001,263.7575,,,,,,,,,,,,0.146,0.146,0.146,0.146,0
7.02,-1.6279,-0.2762,263.6935,-0.0004,0.0001,263.7575,,,,,,,,,,,,0.165,0.198,0.201,0.151,0
7.04,-1.6279,-0.2762,263.6935,-0.0004,0.0001,263.7575,,,,,,,,,,,,0.165,0.198,0.201,0.151,0
7.06,-1.6279,-0.2762,263.6935,-0.0004,0.0001,263.7575,,,,,,,,,,,,0.165,0.198,0.201,0.151,0
7.08,-1.6279,-0.2762,263.6935,-0.0004,0.0001,263.7575,,,,,,,,,,,,0.165,0.198,0.201,0.151,0
7.1,-1.6272,-0.2594,263.7769,-0.0004,0.0001,263.7575,,,,,,,,,,,,0.165,0.198,0.201,0.151,0
7.12,-1.6272,-0.2594,263.7769,-0.0004,0.0001,263.7575,,,,,,,,,,,,0.168,0.202,0.207,0.169,0
7.14,-1.6272,-0.2594,263.7769,-0.0004,0.0001,263.7575,,,,,,,,,,,,0.168,0.202,0.207,0.169,0
7.16,-1.6272,-0.2594,263.7769,-0.0004,0.0001,263.7575,,,,,,,,,,,,0.168,0.202,0.207,0.169,0
7.18,-1.6272,-0.2594,263.7769,-0.0004,0.0001,263.7575,,,,,,,,,,,,0.168,0.202,0.207,0.169,0
7.2,-1.6239,-0.2651,263.6904,-0.0004,0.0001,263.7575,,,,,,,,,,,,0.168,0.202,0.207,0.169,0
7.22,-1.6239,-0.2651,263.6904,-0.0004,0.0001,263.7575,,,,,,,,,,,,0.17,0.209,0.204,0.162,0
7.24,-1.6239,-0.2651,263.6904,-0.0004,0.0001,263.7575,,,,,,,,,,,,0.17,0.209,0.204,0.162,0
7.26,-1.6239,-0.2651,263.6904,-0.0004,0.0001,263.7575,,,,,,,,,,,,0.17,0.209,0.204,0.162,0
7.28,-1.6239,-0.2651,263.6904,-0.0004,0.0001,263.7575,,,,,,,,,,,,0.17,0.209,0.204,0.162,0
7.3,-1.6252,-0.2567,263.774,-0.0004,0.0001,263.7575,,,,,,,,,,,,0.17,0.209,0.204,0.162,0
7.32,-1.6252,-0.2567,263.774,-0.0004,0.0001,263.7575,,,,,,,,,,,,0.173,0.219,0.224,0.171,0
7.34,-1.6252,-0.2567,263.774,-0.0004,0.0001,263.7575,,,,,,,,,,,,0.173,0.219,0.224,0.171,0
7.36,-1.6252,-0.2567,263.774,-0.0004,0.0001,263.7575,,,,,,,,,,,,0.173,0.219,0.224,0.171,0
7.38,-1.6252,-0.2567,263.774,-0.0004,0.0001,263.7575,,,,,,,,,,,,0.173,0.219,0.224,0.171,0
7.4,-1.6215,-0.2622,263.7108,-0.0004,0.0001,263.7575,,,,,,,,,,,,0.173,0.219,0.224,0.171,0
7.42,-1.6215,-0.2622,263.7108,-0.0004,0.0001,263.7575,,,,,,,,,,,,0.209,0.241,0.248,0.193,0
7.44,-1.6215,-0.2622,263.7108,-0.0004,0.0001,263.7575,,,,,,,,,,,,0.209,0.241,0.248,0.193,0
7.46,-1.6215,-0.2622,263.7108,-0.0004,0.0001,263.7575,,,,,,,,,,,,0.209,0.241,0.248,0.193,0
7.48,-1.6215,-0.2622,263.7108,-0.0004,0.0001,263.7575,,,,,,,,,,,,0.209,0.241,0.248,0.193,0
7.5,-1.6045,-0.2475,263.7483,-0.0004,0.0001,263.7575,,,,,,,,,,,,0.209,0.241,0.248,0.193,0
7.52,-1.6045,-0.2475,263.7483,-0.0004,0.0001,263.7575,,,,,,,,,,,,0.235,0.282,0.287,0.232,0
7.54,-1.6045,-0.2475,263.7483,-0.0004,0.0001,263.7575,,,,,,,,,,,,0.235,0.282,0.287,0.232,0
7.56,-1.6045,-0.2475,263.7483,-0.0004,0.0001,263.7575,,,,,,,,,,,,0.235,0.282,0.287,0.232,0
7.58,-1.6045,-0.2475,263.7483,-0.0004,0.0001,263.7575,,,,,,,,,,,,0.235,0.282,0.287,0.232,0
7.6,-1.5782,-0.2518,263.7113,-0.0004,0.0001,263.7575,,,,,,,,,,,,0.235,0.282,0.287,0.232,0
7.62,-1.5782,-0.2518,263.7113,-0.0004,0.0001,263.7575,,,,,,,,,,,,0.247,0.29,0.294,0.236,0
7.64,-1.5782,-0.2518,263.7113,-0.0004,0.0001,263.7575,,,,,,,,,,,,0.247,0.29,0.294,0.236,0
7.66,-1.5782,-0.2518,263.7113,-0.0004,0.0001,263.7575,,,,,,,,,,,,0.247,0.29,0.294,0.236,0
7.68,-1.5782,-0.2518,263.7113,-0.0004,0.0001,263.7575,,,,,,,,,,,,0.247,0.29,0.294,0.236,0
7.7,-1.5811,-0.2623,263.7331,-0.0004,0.0001,263.7575,,,,,,,,,,,,0.247,0.29,0.294,0.236,0
7.72,-1.5811,-0.2623,263.7331,-0.0004,0.0001,263.7575,,,,,,,,,,,,0.254,0.292,0.305,0.241,0
7.74,-1.5811,-0.2623,263.7331,-0.0004,0.0001,263.7575,,,,,,,,,,,,0.254,0.292,0.305,0.241,0
7.76,-1.5811,-0.2623,263.7331,-0.0004,0.0001,263.7575,,,,,,,,,,,,0.254,0.292,0.305,0.241,0
7.78,-1.5811,-0.2623,263.7331,-0.0004,0.0001,263.7575,,,,,,,,,,,,0.254,0.292,0.305,0.241,0
7.8,-1.5999,-0.2465,263.695,-0.0004,0.0001,263.7575,,,,,,,,,,,,0.254,0.292,0.305,0.241,0
7.82,-1.5999,-0.2465,263.695,-0.0004,0.0001,263.7575,,,,,,,,,,,,0.265,0.319,0.318,0.26,0
7.84,-1.5999,-0.2465,263.695,-0.0004,0.0001,263.7575,,,,,,,,,,,,0.265,0.319,0.318,0.26,0
7.86,-1.5999,-0.2465,263.695,-0.0004,0.0001,263.7575,,,,,,,,,,,,0.265,0.319,0.318,0.26,0
7.88,-1.5999,-0.2465,263.695,-0.0004,0.0001,263.7575,,,,,,,,,,,,0.265,0.319,0.318,0.26,0
7.9,-1.5669,-0.2917,263.7624,-0.0004,0.0001,263.7575,,,,,,,,,,,,0.265,0.319,0.318,0.26,0
7.92,-1.5669,-0.2917,263.7624,-0.0004,0.0001,263.7575,,,,,,,,,,,,0.306,0.3,0.334,0.271,0
7.94,-1.5669,-0.2917,263.7624,-0.0004,0.0001,263.7575,,,,,,,,,,,,0.306,0.3,0.334,0.271,0
7.96,-1.5669,-0.2917,263.7624,-0.0004,0.0001,263.7575,,,,,,,,,,,,0.306,0.3,0.334,0.271,0
7.98,-1.5669,-0.2917,263.7624,-0.0004,0.0001,263.7575,,,,,,,,,,,,0.306,0.3,0.334,0.271,0
8.0,-1.564,-0.263,263.6949,-0.0004,0.0001,263.7575,,,,,,,,,,,,0.306,0.3,0.334,0.271,0
8.02,-1.564,-0.263,263.6949,-0.0004,0.0001,263.7575,,,,,,,,,,,,0.299,0.335,0.33,0.299,0
8.04,-1.564,-0.263,263.6949,-0.0004,0.0001,263.7575,,,,,,,,,,,,0.299,0.335,0.33,0.299,0
8.06,-1.564,-0.263,263.6949,-0.0004,0.0001,263.7575,,,,,,,,,,,,0.299,0.335,0.33,0.299,0
8.08,-1.564,-0.263,263.6949,-0.0004,0.0001,263.7575,,,,,,,,,,,,0.299,0.335,0.33,0.299,0
8.1,-1.5322,-0.2393,263.6719,-0.0004,0.0001,263.7575,,,,,,,,,,,,0.299,0.335,0.33,0.299,0
8.12,-1.5322,-0.2393,263.6719,-0.0004,0.0001,263.7575,,,,,,,,,,,,0.306,0.338,0.34,0.297,0
8.14,-1.5322,-0.2393,263.6719,-0.0004,0.0001,263.7575,,,,,,,,,,,,0.306,0.338,0.34,0.297,0
8.16,-1.5322,-0.2393,263.6719,-0.0004,0.0001,263.7575,,,,,,,,,,,,0.306,0.338,0.34,0.297,0
8.18,-1.5322,-0.2393,263.6719,-0.0004,0.0001,263.7575,,,,,,,,,,,,0.306,0.338,0.34,0.297,0
8.2,-1.4448,-0.299,263.6729,-0.0004,0.0001,263.7575,,,,,,,,,,,,0.306,0.338,0.34,0.297,0
8.22,-1.4448,-0.299,263.6729,-0.0004,0.0001,263.7575,,,,,,,,,,,,0.281,0.361,0.343,0.297,0
8.24,-1.4448,-0.299,263.6729,-0.0004,0.0001,263.7575,,,,,,,,,,,,0.281,0.361,0.343,0.297,0
8.26,-1.4448,-0.299,263.6729,-0.0004,0.0001,263.7575,,,,,,,,,,,,0.281,0.361,0.343,0.297,0
8.28,-1.4448,-0.299,263.6729,-0.0004,0.0001,263.7575,,,,,,,,,,,,0.281,0.361,0.343,0.297,0
8.3,-1.438,-0.3623,263.6917,-0.0004,0.0001,263.7575,,,,,,,,,,,,0.281,0.361,0.343,0.297,0
8.32,-1.438,-0.3623,263.6917,-0.0004,0.0001,263.7575,,,,,,,,,,,,0.322,0.341,0.361,0.294,0
8.34,-1.438,-0.3623,263.6917,-0.0004,0.0001,263.7575,,,,,,,,,,,,0.322,0.341,0.361,0.294,0
8.36,-1.438,-0.3623,263.6917,-0.0004,0.0001,263.7575,,,,,,,,,,,,0.322,0.341,0.361,0.294,0
8.38,-1.438,-0.3623,263.6917,-0.0004,0.0001,263.7575,,,,,,,,,,,,0.322,0.341,0.361,0.294,0
8.4,-1.3467,-0.4581,263.6561,-0.0004,0.0001,263.7575,,,,,,,,,,,,0.322,0.341,0.361,0.294,0
8.42,-1.3467,-0.4581,263.6561,-0.0004,0.0001,263.7575,,,,,,,,,,,,0.342,0.366,0.387,0.313,0
8.44,-1.3467,-0.4581,263.6561,-0.0004,0.0001,263.7575,,,,,,,,,,,,0.342,0.366,0.387,0.313,0
8.46,-1.3467,-0.4581,263.6561,-0.0004,0.0001,263.7575,,,,,,,,,,,,0.342,0.366,0.387,0.313,0
8.48,-1.3467,-0.4581,263.6561,-0.0004,0.0001,263.7575,,,,,,,,,,,,0.342,0.366,0.387,0.313,0
8.5,-1.3257,-0.5078,263.6218,-0.0004,0.0001,263.7575,,,,,,,,,,,,0.342,0.366,0.387,0.313,0
8.52,-1.3257,-0.5078,263.6218,-0.0004,0.0001,263.7575,,,,,,,,,,,,0.353,0.365,0.398,0.308,0
8.54,-1.3257,-0.5078,263.6218,-0.0004,0.0001,263.7575,,,,,,,,,,,,0.353,0.365,0.398,0.308,0
8.56,-1.3257,-0.5078,263.6218,-0.0004,0.0001,263.7575,,,,,,,,,,,,0.353,0.365,0.398,0.308,0
8.58,-1.3257,-0.5078,263.6218,-0.0004,0.0001,263.7575,,,,,,,,,,,,0.353,0.365,0.398,0.308,0
8.6,-1.4495,-0.5511,263.6071,-0.0004,0.0001,263.7575,,,,,,,,,,,,0.353,0.365,0.398,0.308,0
8.62,-1.4495,-0.5511,263.6071,-0.0004,0.0001,263.7575,,,,,,,,,,,,0.343,0.394,0.39,0.336,0
8.64,-1.4495,-0.5511,263.6071,-0.0004,0.0001,263.7575,,,,,,,,,,,,0.343,0.394,0.39,0.336,0
8.66,-1.4495,-0.5511,263.6071,-0.0004,0.0001,263.7575,,,,,,,,,,,,0.343,0.394,0.39,0.336,0
8.68,-1.4495,-0.5511,263.6071,-0.0004,0.0001,263.7575,,,,,,,,,,,,0.343,0.394,0.39,0.336,0
8.7,-1.2455,-0.6713,263.5883,-0.0004,0.0001,263.7575,,,,,,,,,,,,0.343,0.394,0.39,0.336,0
8.72,-1.2455,-0.6713,263.5883,-0.0004,0.0001,263.7575,,,,,,,,,,,,0.367,0.379,0.419,0.314,0
8.74,-1.2455,-0.6713,263.5883,-0.0004,0.0001,263.7575,,,,,,,,,,,,0.367,0.379,0.419,0.314,0
8.76,-1.2455,-0.6713,263.5883,-0.0004,0.0001,263.7575,,,,,,,,,,,,0.367,0.379,0.419,0.314,0
8.78,-1.2455,-0.6713,263.5883,-0.0004,0.0001,263.7575,,,,,,,,,,,,0.367,0.379,0.419,0.314,0
8.8,-1.2957,-0.6321,263.384,-0.0004,0.0001,263.7575,,,,,,,,,,,,0.367,0.379,0.419,0.314,0
8.82,-1.2957,-0.6321,263.384,-0.0004,0.0001,263.7575,,,,,,,,,,,,0.346,0.412,0.398,0.336,0
8.84,-1.2957,-0.6321,263.384,-0.0004,0.0001,263.7575,,,,,,,,,,,,0.346,0.412,0.398,0.336,0
8.86,-1.2957,-0.6321,263.384,-0.0004,0.0001,263.7575,,,,,,,,,,,,0.346,0.412,0.398,0.336,0
8.88,-1.2957,-0.6321,263.384,-0.0004,0.0001,263.7575,,,,,,,,,,,,0.346,0.412,0.398,0.336,0
8.9,-1.2888,-0.6081,263.2083,-0.0004,0.0001,263.7575,,,,,,,,,,,,0.346,0.412,0.398,0.336,0
8.92,-1.2888,-0.6081,263.2083,-0.0004,0.0001,263.7575,,,,,,,,,,,,0.367,0.397,0.402,0.327,0
8.94,-1.2888,-0.6081,263.2083,-0.0004,0.0001,263.7575,,,,,,,,,,,,0.367,0.397,0.402,0.327,0
8.96,-1.2888,-0.6081,263.2083,-0.0004,0.0001,263.7575,,,,,,,,,,,,0.367,0.397,0.402,0.327,0
8.98,-1.2888,-0.6081,263.2083,-0.0004,0.0001,263.7575,,,,,,,,,,,,0.367,0.397,0.402,0.327,0
9.0,-1.2952,-0.6651,263.1803,-0.0004,0.0001,263.7575,,,,,,,,,,,,0.367,0.397,0.402,0.327,0
9.02,-1.2952,-0.6651,263.1803,-0.0004,0.0001,263.7575,,,,,,,,,,,,0.364,0.398,0.419,0.308,0
9.04,-1.2952,-0.6651,263.1803,-0.0004,0.0001,263.7575,,,,,,,,,,,,0.364,0.398,0.419,0.308,0
9.06,-1.2952,-0.6651,263.1803,-0.0004,0.0001,263.7575,,,,,,,,,,,,0.364,0.398,0.419,0.308,0
9.08,-1.2952,-0.6651,263.1803,-0.0004,0.0001,263.7575,,,,,,,,,,,,0.364,0.398,0.419,0.308,0
9.1,-1.2154,-0.535,263.0862,-0.0004,0.0001,263.7575,,,,,,,,,,,,0.364,0.398,0.419,0.308,0
9.12,-1.2154,-0.535,263.0862,-0.0004,0.0001,263.7575,,,,,,,,,,,,0.36,0.399,0.402,0.324,0
9.14,-1.2154,-0.535,263.0862,-0.0004,0.0001,263.7575,,,,,,,,,,,,0.36,0.399,0.402,0.324,0
9.16,-1.2154,-0.535,263.0862,-0.0004,0.0001,263.7575,,,,,,,,,,,,0.36,0.399,0.402,0.324,0
9.18,-1.2154,-0.535,263.0862,-0.0004,0.0001,263.7575,,,,,,,,,,,,0.36,0.399,0.402,0.324,0
9.2,-1.2585,-0.651,262.9617,-0.0004,0.0001,263.7575,,,,,,,,,,,,0.36,0.399,0.402,0.324,0
9.22,-1.2585,-0.651,262.9617,-0.0004,0.0001,263.7575,,,,,,,,,,,,0.387,0.375,0.399,0.32,0
9.24,-1.2585,-0.651,262.9617,-0.0004,0.0001,263.7575,,,,,,,,,,,,0.387,0.375,0.399,0.32,0
9.26,-1.2585,-0.651,262.9617,-0.0004,0.0001,263.7575,,,,,,,,,,,,0.387,0.375,0.399,0.32,0
9.28,-1.2585,-0.651,262.9617,-0.0004,0.0001,263.7575,,,,,,,,,,,,0.387,0.375,0.399,0.32,0
9.3,-1.2469,-0.6729,263.0298,-0.0004,0.0001,263.7575,,,,,,,,,,,,0.387,0.375,0.399,0.32,0
9.32,-1.2469,-0.6729,263.0298,-0.0004,0.0001,263.7575,,,,,,,,,,,,0.321,0.43,0.378,0.349,0
9.34,-1.2469,-0.6729,263.0298,-0.0004,0.0001,263.7575,,,,,,,,,,,,0.321,0.43,0.378,0.349,0
9.36,-1.2469,-0.6729,263.0298,-0.0004,0.0001,263.7575,,,,,,,,,,,,0.321,0.43,0.378,0.349,0
9.38,-1.2469,-0.6729,263.0298,-0.0004,0.0001,263.7575,,,,,,,,,,,,0.321,0.43,0.378,0.349,0
9.4,-1.2693,-0.6579,262.8901,-0.0004,0.0001,263.7575,,,,,,,,,,,,0.321,0.43,0.378,0.349,0
9.42,-1.2693,-0.6579,262.8901,-0.0004,0.0001,263.7575,,,,,,,,,,,,0.348,0.415,0.42,0.294,0
9.44,-1.2693,-0.6579,262.8901,-0.0004,0.0001,263.7575,,,,,,,,,,,,0.348,0.415,0.42,0.294,0
9.46,-1.2693,-0.6579,262.8901,-0.0004,0.0001,263.7575,,,,,,,,,,,,0.348,0.415,0.42,0.294,0
9.48,-1.2693,-0.6579,262.8901,-0.0004,0.0001,263.7575,,,,,,,,,,,,0.348,0.415,0.42,0.294,0
9.5,-1.2172,-0.8281,262.8698,-0.0004,0.0001,263.7575,,,,,,,,,,,,0.348,0.415,0.42,0.294,0
9.52,-1.2172,-0.8281,262.8698,-0.0004,0.0001,263.7575,,,,,,,,,,,,0.379,0.39,0.429,0.286,0
9.54,-1.2172,-0.8281,262.8698,-0.0004,0.0001,263.7575,,,,,,,,,,,,0.379,0.39,0.429,0.286,0
9.56,-1.2172,-0.8281,262.8698,-0.0004,0.0001,263.7575,,,,,,,,,,,,0.379,0.39,0.429,0.286,0
9.58,-1.2172,-0.8281,262.8698,-0.0004,0.0001,263.7575,,,,,,,,,,,,0.379,0.39,0.429,0.286,0
9.6,-1.1025,-0.7188,262.8363,-0.0004,0.0001,263.7575,,,,,,,,,,,,0.379,0.39,0.429,0.286,0
9.62,-1.1025,-0.7188,262.8363,-0.0004,0.0001,263.7575,,,,,,,,,,,,0.371,0.397,0.398,0.326,0
9.64,-1.1025,-0.7188,262.8363,-0.0004,0.0001,263.7575,,,,,,,,,,,,0.371,0.397,0.398,0.326,0
9.66,-1.1025,-0.7188,262.8363,-0.0004,0.0001,263.7575,,,,,,,,,,,,0.371,0.397,0.398,0.326,0
9.68,-1.1025,-0.7188,262.8363,-0.0004,0.0001,263.7575,,,,,,,,,,,,0.371,0.397,0.398,0.326,0
9.7,-1.1089,-0.7097,262.7336,-0.0004,0.0001,263.7575,,,,,,,,,,,,0.371,0.397,0.398,0.326,0
9.72,-1.1089,-0.7097,262.7336,-0.0004,0.0001,263.7575,,,,,,,,,,,,0.371,0.397,0.405,0.311,0
9.74,-1.1089,-0.7097,262.7336,-0.0004,0.0001,263.7575,,,,,,,,,,,,0.371,0.397,0.405,0.311,0
9.76,-1.1089,-0.7097,262.7336,-0.0004,0.0001,263.7575,,,,,,,,,,,,0.371,0.397,0.405,0.311,0
9.78,-1.1089,-0.7097,262.7336,-0.0004,0.0001,263.7575,,,,,,,,,,,,0.371,0.397,0.405,0.311,0
9.8,-1.1673,-0.7476,262.8366,-0.0004,0.0001,263.7575,,,,,,,,,,,,0.371,0.397,0.405,0.311,0
9.82,-1.1673,-0.7476,262.8366,-0.0004,0.0001,263.7575,,,,,,,,,,,,0.366,0.398,0.426,0.287,0
9.84,-1.1673,-0.7476,262.8366,-0.0004,0.0001,263.7575,,,,,,,,,,,,0.366,0.398,0.426,0.287,0
9.86,-1.1673,-0.7476,262.8366,-0.0004,0.0001,263.7575,,,,,,,,,,,,0.366,0.398,0.426,0.287,0
9.88,-1.1673,-0.7476,262.8366,-0.0004,0.0001,263.7575,,,,,,,,,,,,0.366,0.398,0.426,0.287,0
9.9,-1.1479,-0.72,262.9488,-0.0004,0.0001,263.7575,,,,,,,,,,,,0.366,0.398,0.426,0.287,0
9.92,-1.1479,-0.72,262.9488,-0.0004,0.0001,263.7575,,,,,,,,,,,,0.357,0.404,0.4,0.325,0
9.94,-1.1479,-0.72,262.9488,-0.0004,0.0001,263.7575,,,,,,,,,,,,0.357,0.404,0.4,0.325,0
9.96,-1.1479,-0.72,262.9488,-0.0004,0.0001,263.7575,,,,,,,,,,,,0.357,0.404,0.4,0.325,0
9.98,-1.1479,-0.72,262.9488,-0.0004,0.0001,263.7575,,,,,,,,,,,,0.357,0.404,0.4,0.325,0
10.0,-1.2011,-0.7374,262.9825,-0.0004,0.0001,263.7575,,,,,,,,,,,,0.357,0.404,0.4,0.325,0
10.02,-1.2011,-0.7374,262.9825,-0.0004,0.0001,263.7575,,,,,,,,,,,,0.337,0.419,0.404,0.318,0
10.04,-1.2011,-0.7374,262.9825,-0.0004,0.0001,263.7575,,,,,,,,,,,,0.337,0.419,0.404,0.318,0
10.06,-1.2011,-0.7374,262.9825,-0.0004,0.0001,263.7575,,,,,,,,,,,,0.337,0.419,0.404,0.318,0
10.08,-1.2011,-0.7374,262.9825,-0.0004,0.0001,263.7575,,,,,,,,,,,,0.337,0.419,0.404,0.318,0
10.1,-1.1495,-0.8448,262.9344,-0.0004,0.0001,263.7575,,,,,,,,,,,,0.337,0.419,0.404,0.318,0
10.12,-1.1495,-0.8448,262.9344,-0.0004,0.0001,263.7575,,,,,,,,,,,,0.338,0.381,0.394,0.278,0
10.14,-1.1495,-0.8448,262.9344,-0.0004,0.0001,263.7575,,,,,,,,,,,,0.338,0.381,0.394,0.278,0
10.16,-1.1495,-0.8448,262.9344,-0.0004,0.0001,263.7575,,,,,,,,,,,,0.338,0.381,0.394,0.278,0
10.18,-1.1495,-0.8448,262.9344,-0.0004,0.0001,263.7575,,,,,,,,,,,,0.338,0.381,0.394,0.278,0
10.2,-1.0632,-0.8781,263.0232,-0.0004,0.0001,263.7575,,,,,,,,,,,,0.338,0.381,0.394,0.278,0
10.22,-1.0632,-0.8781,263.0232,-0.0004,0.0001,263.7575,,,,,,,,,,,,0.237,0.261,0.29,0.15,0
10.24,-1.0632,-0.8781,263.0232,-0.0004,0.0001,263.7575,,,,,,,,,,,,0.237,0.261,0.29,0.15,0
10.26,-1.0632,-0.8781,263.0232,-0.0004,0.0001,263.7575,,,,,,,,,,,,0.237,0.261,0.29,0.15,0
10.28,-1.0632,-0.8781,263.0232,-0.0004,0.0001,263.7575,,,,,,,,,,,,0.237,0.261,0.29,0.15,0
10.3,-1.1251,-0.7308,262.996,-0.0004,0.0001,263.7575,,,,,,,,,,,,0.237,0.261,0.29,0.15,0
10.32,-1.1251,-0.7308,262.996,-0.0004,0.0001,263.7575,,,,,,,,,,,,0.216,0.256,0.272,0.15,0
10.34,-1.1251,-0.7308,262.996,-0.0004,0.0001,263.7575,,,,,,,,,,,,0.216,0.256,0.272,0.15,0
10.36,-1.1251,-0.7308,262.996,-0.0004,0.0001,263.7575,,,,,,,,,,,,0.216,0.256,0.272,0.15,0
10.38,-1.1251,-0.7308,262.996,-0.0004,0.0001,263.7575,,,,,,,,,,,,0.216,0.256,0.272,0.15,0
10.4,-1.1896,-0.7162,263.1223,-0.0004,0.0001,263.7575,,,,,,,,,,,,0.216,0.256,0.272,0.15,0
10.42,-1.1896,-0.7162,263.1223,-0.0004,0.0001,263.7575,,,,,,,,,,,,0.21,0.257,0.276,0.15,0
10.44,-1.1896,-0.7162,263.1223,-0.0004,0.0001,263.7575,,,,,,,,,,,,0.21,0.257,0.276,0.15,0
10.46,-1.1896,-0.7162,263.1223,-0.0004,0.0001,263.7575,,,,,,,,,,,,0.21,0.257,0.276,0.15,0
10.48,-1.1896,-0.7162,263.1223,-0.0004,0.0001,263.7575,,,,,,,,,,,,0.21,0.257,0.276,0.15,0
10.5,-1.2278,-0.6508,263.0527,-0.0004,0.0001,263.7575,,,,,,,,,,,,0.21,0.257,0.276,0.15,0
10.52,-1.2278,-0.6508,263.0527,-0.0004,0.0001,263.7575,,,,,,,,,,,,0.202,0.269,0.271,0.15,0
10.54,-1.2278,-0.6508,263.0527,-0.0004,0.0001,263.7575,,,,,,,,,,,,0.202,0.269,0.271,0.15,0
10.56,-1.2278,-0.6508,263.0527,-0.0004,0.0001,263.7575,,,,,,,,,,,,0.202,0.269,0.271,0.15,0
10.58,-1.2278,-0.6508,263.0527,-0.0004,0.0001,263.7575,,,,,,,,,,,,0.202,0.269,0.271,0.15,0
10.6,-1.1961,-0.6731,263.1482,-0.0004,0.0001,263.7575,,,,,,,,,,,,0.202,0.269,0.271,0.15,0
10.62,-1.1961,-0.6731,263.1482,-0.0004,0.0001,263.7575,,,,,,,,,,,,0.223,0.245,0.276,0.15,0
10.64,-1.1961,-0.6731,263.1482,-0.0004,0.0001,263.7575,,,,,,,,,,,,0.223,0.245,0.276,0.15,0
10.66,-1.1961,-0.6731,263.1482,-0.0004,0.0001,263.7575,,,,,,,,,,,,0.223,0.245,0.276,0.15,0
10.68,-1.1961,-0.6731,263.1482,-0.0004,0.0001,263.7575,,,,,,,,,,,,0.223,0.245,0.276,0.15,0
10.7,-1.1935,-0.6342,263.1102,-0.0004,0.0001,263.7575,,,,,,,,,,,,0.223,0.245,0.276,0.15,0
10.72,-1.1935,-0.6342,263.1102,-0.0004,0.0001,263.7575,,,,,,,,,,,,0.218,0.253,0.273,0.15,0
10.74,-1.1935,-0.6342,263.1102,-0.0004,0.0001,263.7575,,,,,,,,,,,,0.218,0.253,0.273,0.15,0
10.76,-1.1935,-0.6342,263.1102,-0.0004,0.0001,263.7575,,,,,,,,,,,,0.218,0.253,0.273,0.15,0
10.78,-1.1935,-0.6342,263.1102,-0.0004,0.0001,263.7575,,,,,,,,,,,,0.218,0.253,0.273,0.15,0
10.8,-1.1719,-0.6151,263.2203,-0.0004,0.0001,263.7575,,,,,,,,,,,,0.218,0.253,0.273,0.15,0
10.82,-1.1719,-0.6151,263.2203,-0.0004,0.0001,263.7575,,,,,,,,,,,,0.22,0.248,0.277,0.15,0
10.84,-1.1719,-0.6151,263.2203,-0.0004,0.0001,263.7575,,,,,,,,,,,,0.22,0.248,0.277,0.15,0
10.86,-1.1719,-0.6151,263.2203,-0.0004,0.0001,263.7575,,,,,,,,,,,,0.22,0.248,0.277,0.15,0
10.88,-1.1719,-0.6151,263.2203,-0.0004,0.0001,263.7575,,,,,,,,,,,,0.22,0.248,0.277,0.15,0
10.9,-1.1558,-0.6245,263.2453,-0.0004,0.0001,263.7575,,,,,,,,,,,,0.22,0.248,0.277,0.15,0
10.92,-1.1558,-0.6245,263.2453,-0.0004,0.0001,263.7575,,,,,,,,,,,,0.221,0.248,0.276,0.15,0
10.94,-1.1558,-0.6245,263.2453,-0.0004,0.0001,263.7575,,,,,,,,,,,,0.221,0.248,0.276,0.15,0
10.96,-1.1558,-0.6245,263.2453,-0.0004,0.0001,263.7575,,,,,,,,,,,,0.221,0.248,0.276,0.15,0
10.98,-1.1558,-0.6245,263.2453,-0.0004,0.0001,263.7575,,,,,,,,,,,,0.221,0.248,0.276,0.15,0
11.0,-1.1505,-0.6069,263.2617,-0.0004,0.0001,263.7575,,,,,,,,,,,,0.221,0.248,0.276,0.15,0
11.02,-1.1505,-0.6069,263.2617,-0.0004,0.0001,263.7575,,,,,,,,,,,,0.223,0.244,0.278,0.15,0
11.04,-1.1505,-0.6069,263.2617,-0.0004,0.0001,263.7575,,,,,,,,,,,,0.223,0.244,0.278,0.15,0
11.06,-1.1505,-0.6069,263.2617,-0.0004,0.0001,263.7575,,,,,,,,,,,,0.223,0.244,0.278,0.15,0
11.08,-1.1505,-0.6069,263.2617,-0.0004,0.0001,263.7575,,,,,,,,,,,,0.223,0.244,0.278,0.15,0
11.1,-1.1713,-0.6093,263.3289,-0.0004,0.0001,263.3289,,,,,,,,,,,,0.223,0.244,0.278,0.15,0
11.12,-1.1713,-0.6093,263.3289,-0.0004,0.0001,263.3289,,,,,,,,,,,,0.0,0.0,0.0,0.0,0
11.14,-1.1713,-0.6093,263.3289,-0.0004,0.0001,263.3289,,,,,,,,,,,,0.0,0.0,0.0,0.0,0
11.16,-1.1713,-0.6093,263.3289,-0.0004,0.0001,263.3289,,,,,,,,,,,,0.0,0.0,0.0,0.0,0
11.18,-1.1713,-0.6093,263.3289,-0.0004,0.0001,263.3289,,,,,,,,,,,,0.0,0.0,0.0,0.0,0
11.2,-1.2041,-0.6001,263.3728,-0.0004,0.0001,263.3728,,,,,,,,,,,,0.0,0.0,0.0,0.0,0
11.22,-1.2041,-0.6001,263.3728,-0.0004,0.0001,263.3728,,,,,,,,,,,,0.0,0.0,0.0,0.0,0
11.24,-1.2041,-0.6001,263.3728,-0.0004,0.0001,263.3728,,,,,,,,,,,,0.0,0.0,0.0,0.0,0
11.26,-1.2041,-0.6001,263.3728,-0.0004,0.0001,263.3728,,,,,,,,,,,,0.0,0.0,0.0,0.0,0
11.28,-1.2041,-0.6001,263.3728,-0.0004,0.0001,263.3728,,,,,,,,,,,,0.0,0.0,0.0,0.0,0
11.3,-1.195,-0.5935,263.4023,-0.0004,0.0001,263.4023,,,,,,,,,,,,0.0,0.0,0.0,0.0,0
11.32,-1.195,-0.5935,263.4023,-0.0004,0.0001,263.4023,,,,,,,,,,,,0.0,0.0,0.0,0.0,0
11.34,-1.195,-0.5935,263.4023,-0.0004,0.0001,263.4023,,,,,,,,,,,,0.0,0.0,0.0,0.0,0
11.36,-1.195,-0.5935,263.4023,-0.0004,0.0001,263.4023,,,,,,,,,,,,0.0,0.0,0.0,0.0,0
11.38,-1.195,-0.5935,263.4023,-0.0004,0.0001,263.4023,,,,,,,,,,,,0.0,0.0,0.0,0.0,0
11.4,-1.1794,-0.585,263.451,-0.0004,0.0001,263.451,,,,,,,,,,,,0.0,0.0,0.0,0.0,0
11.42,-1.1794,-0.585,263.451,-0.0004,0.0001,263.451,,,,,,,,,,,,0.0,0.0,0.0,0.0,0
11.44,-1.1794,-0.585,263.451,-0.0004,0.0001,263.451,,,,,,,,,,,,0.0,0.0,0.0,0.0,0
11.46,-1.1794,-0.585,263.451,-0.0004,0.0001,263.451,,,,,,,,,,,,0.0,0.0,0.0,0.0,0
11.48,-1.1794,-0.585,263.451,-0.0004,0.0001,263.451,,,,,,,,,,,,0.0,0.0,0.0,0.0,0
11.5,-1.1574,-0.572,263.439,-0.0004,0.0001,263.439,,,,,,,,,,,,0.0,0.0,0.0,0.0,0
11.52,-1.1574,-0.572,263.439,-0.0004,0.0001,263.439,,,,,,,,,,,,0.0,0.0,0.0,0.0,0
11.54,-1.1574,-0.572,263.439,-0.0004,0.0001,263.439,,,,,,,,,,,,0.0,0.0,0.0,0.0,0
11.56,-1.1574,-0.572,263.439,-0.0004,0.0001,263.439,,,,,,,,,,,,0.0,0.0,0.0,0.0,0
11.58,-1.1574,-0.572,263.439,-0.0004,0.0001,263.439,,,,,,,,,,,,0.0,0.0,0.0,0.0,0
11.6,-1.1461,-0.5794,263.5186,-0.0004,0.0001,263.5186,,,,,,,,,,,,0.0,0.0,0.0,0.0,0
11.62,-1.1461,-0.5794,263.5186,-0.0004,0.0001,263.5186,,,,,,,,,,,,0.0,0.0,0.0,0.0,0
11.64,-1.1461,-0.5794,263.5186,-0.0004,0.0001,263.5186,,,,,,,,,,,,0.0,0.0,0.0,0.0,0
11.66,-1.1461,-0.5794,263.5186,-0.0004,0.0001,263.5186,,,,,,,,,,,,0.0,0.0,0.0,0.0,0
11.68,-1.1461,-0.5794,263.5186,-0.0004,0.0001,263.5186,,,,,,,,,,,,0.0,0.0,0.0,0.0,0
11.7,-1.1619,-0.5901,263.5026,-0.0004,0.0001,263.5026,,,,,,,,,,,,0.0,0.0,0.0,0.0,0
11.72,-1.1619,-0.5901,263.5026,-0.0004,0.0001,263.5026,,,,,,,,,,,,0.0,0.0,0.0,0.0,0
11.74,-1.1619,-0.5901,263.5026,-0.0004,0.0001,263.5026,,,,,,,,,,,,0.0,0.0,0.0,0.0,0
11.76,-1.1619,-0.5901,263.5026,-0.0004,0.0001,263.5026,,,,,,,,,,,,0.0,0.0,0.0,0.0,0
11.78,-1.1619,-0.5901,263.5026,-0.0004,0.0001,263.5026,,,,,,,,,,,,0.0,0.0,0.0,0.0,0
11.8,-1.143,-0.5798,263.5955,-0.0004,0.0001,263.5954,,,,,,,,,,,,0.0,0.0,0.0,0.0,0
11.82,-1.143,-0.5798,263.5955,-0.0004,0.0001,263.5954,,,,,,,,,,,,0.0,0.0,0.0,0.0,0
11.84,-1.143,-0.5798,263.5955,-0.0004,0.0001,263.5954,,,,,,,,,,,,0.0,0.0,0.0,0.0,0
11.86,-1.143,-0.5798,263.5955,-0.0004,0.0001,263.5954,,,,,,,,,,,,0.0,0.0,0.0,0.0,0
11.88,-1.143,-0.5798,263.5955,-0.0004,0.0001,263.5954,,,,,,,,,,,,0.0,0.0,0.0,0.0,0
11.9,-1.1287,-0.5808,263.557,-0.0004,0.0001,263.557,,,,,,,,,,,,0.0,0.0,0.0,0.0,0
11.92,-1.1287,-0.5808,263.557,-0.0004,0.0001,263.557,,,,,,,,,,,,0.0,0.0,0.0,0.0,0
11.94,-1.1287,-0.5808,263.557,-0.0004,0.0001,263.557,,,,,,,,,,,,0.0,0.0,0.0,0.0,0
11.96,-1.1287,-0.5808,263.557,-0.0004,0.0001,263.557,,,,,,,,,,,,0.0,0.0,0.0,0.0,0
11.98,-1.1287,-0.5808,263.557,-0.0004,0.0001,263.557,,,,,,,,,,,,0.0,0.0,0.0,0.0,0
12.0,-1.1081,-0.5887,263.6502,-0.0004,0.0001,263.6502,,,,,,,,,,,,0.0,0.0,0.0,0.0,0
12.02,-1.1081,-0.5887,263.6502,-0.0004,0.0001,263.6502,,,,,,,,,,,,0.0,0.0,0.0,0.0,0
12.04,-1.1081,-0.5887,263.6502,-0.0004,0.0001,263.6502,,,,,,,,,,,,0.0,0.0,0.0,0.0,0
12.06,-1.1081,-0.5887,263.6502,-0.0004,0.0001,263.6502,,,,,,,,,,,,0.0,0.0,0.0,0.0,0
12.08,-1.1081,-0.5887,263.6502,-0.0004,0.0001,263.6502,,,,,,,,,,,,0.0,0.0,0.0,0.0,0
12.1,-1.0964,-0.5928,263.5973,-0.0004,0.0001,263.5973,,,,,,,,,,,,0.0,0.0,0.0,0.0,0
12.12,-1.0964,-0.5928,263.5973,-0.0004,0.0001,263.5973,,,,,,,,,,,,0.0,0.0,0.0,0.0,0
12.14,-1.0964,-0.5928,263.5973,-0.0004,0.0001,263.5973,,,,,,,,,,,,0.0,0.0,0.0,0.0,0
12.16,-1.0964,-0.5928,263.5973,-0.0004,0.0001,263.5973,,,,,,,,,,,,0.0,0.0,0.0,0.0,0
12.18,-1.0964,-0.5928,263.5973,-0.0004,0.0001,263.5973,,,,,,,,,,,,0.0,0.0,0.0,0.0,0
12.2,-1.0726,-0.585,263.7179,-0.0004,0.0001,263.7179,,,,,,,,,,,,0.0,0.0,0.0,0.0,0
12.22,-1.0726,-0.585,263.7179,-0.0004,0.0001,263.7179,,,,,,,,,,,,0.0,0.0,0.0,0.0,0
12.24,-1.0726,-0.585,263.7179,-0.0004,0.0001,263.7179,,,,,,,,,,,,0.0,0.0,0.0,0.0,0
12.26,-1.0726,-0.585,263.7179,-0.0004,0.0001,263.7179,,,,,,,,,,,,0.0,0.0,0.0,0.0,0
12.28,-1.0726,-0.585,263.7179,-0.0004,0.0001,263.7179,,,,,,,,,,,,0.0,0.0,0.0,0.0,0
12.3,-1.0722,-0.5797,263.6528,-0.0004,0.0001,263.6528,,,,,,,,,,,,0.0,0.0,0.0,0.0,0
12.32,-1.0722,-0.5797,263.6528,-0.0004,0.0001,263.6528,,,,,,,,,,,,0.0,0.0,0.0,0.0,0
12.34,-1.0722,-0.5797,263.6528,-0.0004,0.0001,263.6528,,,,,,,,,,,,0.0,0.0,0.0,0.0,0
12.36,-1.0722,-0.5797,263.6528,-0.0004,0.0001,263.6528,,,,,,,,,,,,0.0,0.0,0.0,0.0,0
12.38,-1.0722,-0.5797,263.6528,-0.0004,0.0001,263.6528,,,,,,,,,,,,0.0,0.0,0.0,0.0,0
12.4,-1.0503,-0.5765,263.7715,-0.0004,0.0001,263.7715,,,,,,,,,,,,0.0,0.0,0.0,0.0,0
12.42,-1.0503,-0.5765,263.7715,-0.0004,0.0001,263.7715,,,,,,,,,,,,0.0,0.0,0.0,0.0,0
12.44,-1.0503,-0.5765,263.7715,-0.0004,0.0001,263.7715,,,,,,,,,,,,0.0,0.0,0.0,0.0,0
12.46,-1.0503,-0.5765,263.7715,-0.0004,0.0001,263.7715,,,,,,,,,,,,0.0,0.0,0.0,0.0,0
12.48,-1.0503,-0.5765,263.7715,-0.0004,0.0001,263.7715,,,,,,,,,,,,0.0,0.0,0.0,0.0,0
12.5,-1.0438,-0.5849,263.6778,-0.0004,0.0001,263.6778,,,,,,,,,,,,0.0,0.0,0.0,0.0,0
12.52,-1.0438,-0.5849,263.6778,-0.0004,0.0001,263.6778,,,,,,,,,,,,0.0,0.0,0.0,0.0,0
12.54,-1.0438,-0.5849,263.6778,-0.0004,0.0001,263.6778,,,,,,,,,,,,0.0,0.0,0.0,0.0,0
12.56,-1.0438,-0.5849,263.6778,-0.0004,0.0001,263.6778,,,,,,,,,,,,0.0,0.0,0.0,0.0,0
12.58,-1.0438,-0.5849,263.6778,-0.0004,0.0001,263.6778,,,,,,,,,,,,0.0,0.0,0.0,0.0,0
12.6,-1.0342,-0.5843,263.8076,-0.0004,0.0001,263.8076,,,,,,,,,,,,0.0,0.0,0.0,0.0,0
12.62,-1.0342,-0.5843,263.8076,-0.0004,0.0001,263.8076,,,,,,,,,,,,0.0,0.0,0.0,0.0,0
12.64,-1.0342,-0.5843,263.8076,-0.0004,0.0001,263.8076,,,,,,,,,,,,0.0,0.0,0.0,0.0,0
12.66,-1.0342,-0.5843,263.8076,-0.0004,0.0001,263.8076,,,,,,,,,,,,0.0,0.0,0.0,0.0,0
12.68,-1.0342,-0.5843,263.8076,-0.0004,0.0001,263.8076,,,,,,,,,,,,0.0,0.0,0.0,0.0,0
12.7,-1.042,-0.5812,263.7204,-0.0004,0.0001,263.7204,,,,,,,,,,,,0.0,0.0,0.0,0.0,0
12.72,-1.042,-0.5812,263.7204,-0.0004,0.0001,263.7204,,,,,,,,,,,,0.0,0.0,0.0,0.0,0
12.74,-1.042,-0.5812,263.7204,-0.0004,0.0001,263.7204,,,,,,,,,,,,0.0,0.0,0.0,0.0,0
12.76,-1.042,-0.5812,263.7204,-0.0004,0.0001,263.7204,,,,,,,,,,,,0.0,0.0,0.0,0.0,0
12.78,-1.042,-0.5812,263.7204,-0.0004,0.0001,263.7204,,,,,,,,,,,,0.0,0.0,0.0,0.0,0
12.8,-1.0358,-0.572,263.8359,-0.0004,0.0001,263.8359,,,,,,,,,,,,0.0,0.0,0.0,0.0,0
12.82,-1.0358,-0.572,263.8359,-0.0004,0.0001,263.8359,,,,,,,,,,,,0.0,0.0,0.0,0.0,0
12.84,-1.0358,-0.572,263.8359,-0.0004,0.0001,263.8359,,,,,,,,,,,,0.0,0.0,0.0,0.0,0
12.86,-1.0358,-0.572,263.8359,-0.0004,0.0001,263.8359,,,,,,,,,,,,0.0,0.0,0.0,0.0,0
12.88,-1.0358,-0.572,263.8359,-0.0004,0.0001,263.8359,,,,,,,,,,,,0.0,0.0,0.0,0.0,0
12.9,-1.0385,-0.5637,263.7679,-0.0004,0.0001,263.7679,,,,,,,,,,,,0.0,0.0,0.0,0.0,0
12.92,-1.0385,-0.5637,263.7679,-0.0004,0.0001,263.7679,,,,,,,,,,,,0.0,0.0,0.0,0.0,0
12.94,-1.0385,-0.5637,263.7679,-0.0004,0.0001,263.7679,,,,,,,,,,,,0.0,0.0,0.0,0.0,0
12.96,-1.0385,-0.5637,263.7679,-0.0004,0.0001,263.7679,,,,,,,,,,,,0.0,0.0,0.0,0.0,0
12.98,-1.0385,-0.5637,263.7679,-0.0004,0.0001,263.7679,,,,,,,,,,,,0.0,0.0,0.0,0.0,0
13.0,-1.0347,-0.5579,263.8654,-0.0004,0.0001,263.8654,,,,,,,,,,,,0.0,0.0,0.0,0.0,0
13.02,-1.0347,-0.5579,263.8654,-0.0004,0.0001,263.8654,,,,,,,,,,,,0.0,0.0,0.0,0.0,0
13.04,-1.0347,-0.5579,263.8654,-0.0004,0.0001,263.8654,,,,,,,,,,,,0.0,0.0,0.0,0.0,0
13.06,-1.0347,-0.5579,263.8654,-0.0004,0.0001,263.8654,,,,,,,,,,,,0.0,0.0,0.0,0.0,0
13.08,-1.0347,-0.5579,263.8654,-0.0004,0.0001,263.8654,,,,,,,,,,,,0.0,0.0,0.0,0.0,0
13.1,-1.0382,-0.5527,263.832,-0.0004,0.0001,263.832,,,,,,,,,,,,0.0,0.0,0.0,0.0,0
13.12,-1.0382,-0.5527,263.832,-0.0004,0.0001,263.832,,,,,,,,,,,,0.0,0.0,0.0,0.0,0
13.14,-1.0382,-0.5527,263.832,-0.0004,0.0001,263.832,,,,,,,,,,,,0.0,0.0,0.0,0.0,0
13.16,-1.0382,-0.5527,263.832,-0.0004,0.0001,263.832,,,,,,,,,,,,0.0,0.0,0.0,0.0,0
13.18,-1.0382,-0.5527,263.832,-0.0004,0.0001,263.832,,,,,,,,,,,,0.0,0.0,0.0,0.0,0
13.2,-1.0428,-0.5425,263.9022,-0.0004,0.0001,263.9022,,,,,,,,,,,,0.0,0.0,0.0,0.0,0
13.22,-1.0428,-0.5425,263.9022,-0.0004,0.0001,263.9022,,,,,,,,,,,,0.0,0.0,0.0,0.0,0
13.24,-1.0428,-0.5425,263.9022,-0.0004,0.0001,263.9022,,,,,,,,,,,,0.0,0.0,0.0,0.0,0
13.26,-1.0428,-0.5425,263.9022,-0.0004,0.0001,263.9022,,,,,,,,,,,,0.0,0.0,0.0,0.0,0
13.28,-1.0428,-0.5425,263.9022,-0.0004,0.0001,263.9022,,,,,,,,,,,,0.0,0.0,0.0,0.0,0
13.3,-1.0576,-0.5329,263.8831,-0.0004,0.0001,263.8831,,,,,,,,,,,,0.0,0.0,0.0,0.0,0
13.32,-1.0576,-0.5329,263.8831,-0.0004,0.0001,263.8831,,,,,,,,,,,,0.0,0.0,0.0,0.0,0
13.34,-1.0576,-0.5329,263.8831,-0.0004,0.0001,263.8831,,,,,,,,,,,,0.0,0.0,0.0,0.0,0
13.36,-1.0576,-0.5329,263.8831,-0.0004,0.0001,263.8831,,,,,,,,,,,,0.0,0.0,0.0,0.0,0
13.38,-1.0576,-0.5329,263.8831,-0.0004,0.0001,263.8831,,,,,,,,,,,,0.0,0.0,0.0,0.0,0
13.4,-1.0641,-0.5209,263.9236,-0.0004,0.0001,263.9236,,,,,,,,,,,,0.0,0.0,0.0,0.0,0
13.42,-1.0641,-0.5209,263.9236,-0.0004,0.0001,263.9236,,,,,,,,,,,,0.0,0.0,0.0,0.0,0
13.44,-1.0641,-0.5209,263.9236,-0.0004,0.0001,263.9236,,,,,,,,,,,,0.0,0.0,0.0,0.0,0
13.46,-1.0641,-0.5209,263.9236,-0.0004,0.0001,263.9236,,,,,,,,,,,,0.0,0.0,0.0,0.0,0
13.48,-1.0641,-0.5209,263.9236,-0.0004,0.0001,263.9236,,,,,,,,,,,,0.0,0.0,0.0,0.0,0
13.5,-1.0715,-0.5113,263.9056,-0.0004,0.0001,263.9056,,,,,,,,,,,,0.0,0.0,0.0,0.0,0
13.52,-1.0715,-0.5113,263.9056,-0.0004,0.0001,263.9056,,,,,,,,,,,,0.0,0.0,0.0,0.0,0
13.54,-1.0715,-0.5113,263.9056,-0.0004,0.0001,263.9056,,,,,,,,,,,,0.0,0.0,0.0,0.0,0
13.56,-1.0715,-0.5113,263.9056,-0.0004,0.0001,263.9056,,,,,,,,,,,,0.0,0.0,0.0,0.0,0
13.58,-1.0715,-0.5113,263.9056,-0.0004,0.0001,263.9056,,,,,,,,,,,,0.0,0.0,0.0,0.0,0
13.6,-1.0746,-0.5021,263.9502,-0.0004,0.0001,263.9502,,,,,,,,,,,,0.0,0.0,0.0,0.0,0
13.62,-1.0746,-0.5021,263.9502,-0.0004,0.0001,263.9502,,,,,,,,,,,,0.0,0.0,0.0,0.0,0
13.64,-1.0746,-0.5021,263.9502,-0.0004,0.0001,263.9502,,,,,,,,,,,,0.0,0.0,0.0,0.0,0
13.66,-1.0746,-0.5021,263.9502,-0.0004,0.0001,263.9502,,,,,,,,,,,,0.0,0.0,0.0,0.0,0
13.68,-1.0746,-0.5021,263.9502,-0.0004,0.0001,263.9502,,,,,,,,,,,,0.0,0.0,0.0,0.0,0
13.7,-1.0823,-0.4929,263.941,-0.0004,0.0001,263.941,,,,,,,,,,,,0.0,0.0,0.0,0.0,0
13.72,-1.0823,-0.4929,263.941,-0.0004,0.0001,263.941,,,,,,,,,,,,0.0,0.0,0.0,0.0,0
13.74,-1.0823,-0.4929,263.941,-0.0004,0.0001,263.941,,,,,,,,,,,,0.0,0.0,0.0,0.0,0
13.76,-1.0823,-0.4929,263.941,-0.0004,0.0001,263.941,,,,,,,,,,,,0.0,0.0,0.0,0.0,0
13.78,-1.0823,-0.4929,263.941,-0.0004,0.0001,263.941,,,,,,,,,,,,0.0,0.0,0.0,0.0,0
13.8,-1.0896,-0.4833,263.9841,-0.0004,0.0001,263.9841,,,,,,,,,,,,0.0,0.0,0.0,0.0,0
13.82,-1.0896,-0.4833,263.9841,-0.0004,0.0001,263.9841,,,,,,,,,,,,0.0,0.0,0.0,0.0,0
13.84,-1.0896,-0.4833,263.9841,-0.0004,0.0001,263.9841,,,,,,,,,,,,0.0,0.0,0.0,0.0,0
13.86,-1.0896,-0.4833,263.9841,-0.0004,0.0001,263.9841,,,,,,,,,,,,0.0,0.0,0.0,0.0,0
13.88,-1.0896,-0.4833,263.9841,-0.0004,0.0001,263.9841,,,,,,,,,,,,0.0,0.0,0.0,0.0,0
13.9,-1.1009,-0.4698,263.9785,-0.0004,0.0001,263.9785,,,,,,,,,,,,0.0,0.0,0.0,0.0,0
13.92,-1.1009,-0.4698,263.9785,-0.0004,0.0001,263.9785,,,,,,,,,,,,0.0,0.0,0.0,0.0,0
13.94,-1.1009,-0.4698,263.9785,-0.0004,0.0001,263.9785,,,,,,,,,,,,0.0,0.0,0.0,0.0,0
13.96,-1.1009,-0.4698,263.9785,-0.0004,0.0001,263.9785,,,,,,,,,,,,0.0,0.0,0.0,0.0,0
13.98,-1.1009,-0.4698,263.9785,-0.0004,0.0001,263.9785,,,,,,,,,,,,0.0,0.0,0.0,0.0,0
14.0,-1.11,-0.4591,264.0163,-0.0004,0.0001,264.0163,,,,,,,,,,,,0.0,0.0,0.0,0.0,0
14.02,-1.11,-0.4591,264.0163,-0.0004,0.0001,264.0163,,,,,,,,,,,,0.0,0.0,0.0,0.0,0
14.04,-1.11,-0.4591,264.0163,-0.0004,0.0001,264.0163,,,,,,,,,,,,0.0,0.0,0.0,0.0,0
14.06,-1.11,-0.4591,264.0163,-0.0004,0.0001,264.0163,,,,,,,,,,,,0.0,0.0,0.0,0.0,0
14.08,-1.11,-0.4591,264.0163,-0.0004,0.0001,264.0163,,,,,,,,,,,,0.0,0.0,0.0,0.0,0
14.1,-1.1212,-0.4487,264.0056,-0.0004,0.0001,264.0056,,,,,,,,,,,,0.0,0.0,0.0,0.0,0
14.12,-1.1212,-0.4487,264.0056,-0.0004,0.0001,264.0056,,,,,,,,,,,,0.0,0.0,0.0,0.0,0
14.14,-1.1212,-0.4487,264.0056,-0.0004,0.0001,264.0056,,,,,,,,,,,,0.0,0.0,0.0,0.0,0
14.16,-1.1212,-0.4487,264.0056,-0.0004,0.0001,264.0056,,,,,,,,,,,,0.0,0.0,0.0,0.0,0
14.18,-1.1212,-0.4487,264.0056,-0.0004,0.0001,264.0056,,,,,,,,,,,,0.0,0.0,0.0,0.0,0
14.2,-1.1321,-0.444,264.0441,-0.0004,0.0001,264.0441,,,,,,,,,,,,0.0,0.0,0.0,0.0,0
14.22,-1.1321,-0.444,264.0441,-0.0004,0.0001,264.0441,,,,,,,,,,,,0.0,0.0,0.0,0.0,0
14.24,-1.1321,-0.444,264.0441,-0.0004,0.0001,264.0441,,,,,,,,,,,,0.0,0.0,0.0,0.0,0
14.26,-1.1321,-0.444,264.0441,-0.0004,0.0001,264.0441,,,,,,,,,,,,0.0,0.0,0.0,0.0,0
14.28,-1.1321,-0.444,264.0441,-0.0004,0.0001,264.0441,,,,,,,,,,,,0.0,0.0,0.0,0.0,0
14.3,-1.1408,-0.4383,264.0336,-0.0004,0.0001,264.0336,,,,,,,,,,,,0.0,0.0,0.0,0.0,0
14.32,-1.1408,-0.4383,264.0336,-0.0004,0.0001,264.0336,,,,,,,,,,,,0.0,0.0,0.0,0.0,0
14.34,-1.1408,-0.4383,264.0336,-0.0004,0.0001,264.0336,,,,,,,,,,,,0.0,0.0,0.0,0.0,0
14.36,-1.1408,-0.4383,264.0336,-0.0004,0.0001,264.0336,,,,,,,,,,,,0.0,0.0,0.0,0.0,0
14.38,-1.1408,-0.4383,264.0336,-0.0004,0.0001,264.0336,,,,,,,,,,,,0.0,0.0,0.0,0.0,0
14.4,-1.1497,-0.4305,264.0666,-0.0004,0.0001,264.0666,,,,,,,,,,,,0.0,0.0,0.0,0.0,0
14.42,-1.1497,-0.4305,264.0666,-0.0004,0.0001,264.0666,,,,,,,,,,,,0.0,0.0,0.0,0.0,0
14.44,-1.1497,-0.4305,264.0666,-0.0004,0.0001,264.0666,,,,,,,,,,,,0.0,0.0,0.0,0.0,0
14.46,-1.1497,-0.4305,264.0666,-0.0004,0.0001,264.0666,,,,,,,,,,,,0.0,0.0,0.0,0.0,0
14.48,-1.1497,-0.4305,264.0666,-0.0004,0.0001,264.0666,,,,,,,,,,,,0.0,0.0,0.0,0.0,0
14.5,-1.1589,-0.4201,264.0479,-0.0004,0.0001,264.0479,,,,,,,,,,,,0.0,0.0,0.0,0.0,0
14.52,-1.1589,-0.4201,264.0479,-0.0004,0.0001,264.0479,,,,,,,,,,,,0.0,0.0,0.0,0.0,0
14.54,-1.1589,-0.4201,264.0479,-0.0004,0.0001,264.0479,,,,,,,,,,,,0.0,0.0,0.0,0.0,0
14.56,-1.1589,-0.4201,264.0479,-0.0004,0.0001,264.0479,,,,,,,,,,,,0.0,0.0,0.0,0.0,0
14.58,-1.1589,-0.4201,264.0479,-0.0004,0.0001,264.0479,,,,,,,,,,,,0.0,0.0,0.0,0.0,0
14.6,-1.1672,-0.4123,264.0786,-0.0004,0.0001,264.0786,,,,,,,,,,,,0.0,0.0,0.0,0.0,0
14.62,-1.1672,-0.4123,264.0786,-0.0004,0.0001,264.0786,,,,,,,,,,,,0.0,0.0,0.0,0.0,0
14.64,-1.1672,-0.4123,264.0786,-0.0004,0.0001,264.0786,,,,,,,,,,,,0.0,0.0,0.0,0.0,0
14.66,-1.1672,-0.4123,264.0786,-0.0004,0.0001,264.0786,,,,,,,,,,,,0.0,0.0,0.0,0.0,0
14.68,-1.1672,-0.4123,264.0786,-0.0004,0.0001,264.0786,,,,,,,,,,,,0.0,0.0,0.0,0.0,0
14.7,-1.1746,-0.4038,264.062,-0.0004,0.0001,264.062,,,,,,,,,,,,0.0,0.0,0.0,0.0,0
14.72,-1.1746,-0.4038,264.062,-0.0004,0.0001,264.062,,,,,,,,,,,,0.0,0.0,0.0,0.0,0
14.74,-1.1746,-0.4038,264.062,-0.0004,0.0001,264.062,,,,,,,,,,,,0.0,0.0,0.0,0.0,0
14.76,-1.1746,-0.4038,264.062,-0.0004,0.0001,264.062,,,,,,,,,,,,0.0,0.0,0.0,0.0,0
14.78,-1.1746,-0.4038,264.062,-0.0004,0.0001,264.062,,,,,,,,,,,,0.0,0.0,0.0,0.0,0
14.8,-1.1827,-0.3953,264.097,-0.0004,0.0001,264.097,,,,,,,,,,,,0.0,0.0,0.0,0.0,0
14.82,-1.1827,-0.3953,264.097,-0.0004,0.0001,264.097,,,,,,,,,,,,0.0,0.0,0.0,0.0,0
14.84,-1.1827,-0.3953,264.097,-0.0004,0.0001,264.097,,,,,,,,,,,,0.0,0.0,0.0,0.0,0
14.86,-1.1827,-0.3953,264.097,-0.0004,0.0001,264.097,,,,,,,,,,,,0.0,0.0,0.0,0.0,0
14.88,-1.1827,-0.3953,264.097,-0.0004,0.0001,264.097,,,,,,,,,,,,0.0,0.0,0.0,0.0,0
14.9,-1.189,-0.3909,264.088,-0.0004,0.0001,264.088,,,,,,,,,,,,0.0,0.0,0.0,0.0,0
14.92,-1.189,-0.3909,264.088,-0.0004,0.0001,264.088,,,,,,,,,,,,0.0,0.0,0.0,0.0,0
14.94,-1.189,-0.3909,264.088,-0.0004,0.0001,264.088,,,,,,,,,,,,0.0,0.0,0.0,0.0,0
14.96,-1.189,-0.3909,264.088,-0.0004,0.0001,264.088,,,,,,,,,,,,0.0,0.0,0.0,0.0,0
14.98,-1.189,-0.3909,264.088,-0.0004,0.0001,264.088,,,,,,,,,,,,0.0,0.0,0.0,0.0,0
15.0,-1.1972,-0.388,264.1201,-0.0004,0.0001,264.1201,,,,,,,,,,,,0.0,0.0,0.0,0.0,0
15.02,-1.1972,-0.388,264.1201,-0.0004,0.0001,264.1201,,,,,,,,,,,,0.0,0.0,0.0,0.0,0
15.04,-1.1972,-0.388,264.1201,-0.0004,0.0001,264.1201,,,,,,,,,,,,0.0,0.0,0.0,0.0,0
15.06,-1.1972,-0.388,264.1201,-0.0004,0.0001,264.1201,,,,,,,,,,,,0.0,0.0,0.0,0.0,0
15.08,-1.1972,-0.388,264.1201,-0.0004,0.0001,264.1201,,,,,,,,,,,,0.0,0.0,0.0,0.0,0
15.1,-1.2025,-0.3829,264.1104,-0.0004,0.0001,264.1104,,,,,,,,,,,,0.0,0.0,0.0,0.0,0
15.12,-1.2025,-0.3829,264.1104,-0.0004,0.0001,264.1104,,,,,,,,,,,,0.0,0.0,0.0,0.0,0
15.14,-1.2025,-0.3829,264.1104,-0.0004,0.0001,264.1104,,,,,,,,,,,,0.0,0.0,0.0,0.0,0
15.16,-1.2025,-0.3829,264.1104,-0.0004,0.0001,264.1104,,,,,,,,,,,,0.0,0.0,0.0,0.0,0
15.18,-1.2025,-0.3829,264.1104,-0.0004,0.0001,264.1104,,,,,,,,,,,,0.0,0.0,0.0,0.0,0
15.2,-1.2068,-0.383,264.1352,-0.0004,0.0001,264.1352,,,,,,,,,,,,0.0,0.0,0.0,0.0,0
15.22,-1.2068,-0.383,264.1352,-0.0004,0.0001,264.1352,,,,,,,,,,,,0.0,0.0,0.0,0.0,0
15.24,-1.2068,-0.383,264.1352,-0.0004,0.0001,264.1352,,,,,,,,,,,,0.0,0.0,0.0,0.0,0
15.26,-1.2068,-0.383,264.1352,-0.0004,0.0001,264.1352,,,,,,,,,,,,0.0,0.0,0.0,0.0,0
15.28,-1.2068,-0.383,264.1352,-0.0004,0.0001,264.1352,,,,,,,,,,,,0.0,0.0,0.0,0.0,0
15.3,-1.2103,-0.3773,264.1285,-0.0004,0.0001,264.1285,,,,,,,,,,,,0.0,0.0,0.0,0.0,0
15.32,-1.2103,-0.3773,264.1285,-0.0004,0.0001,264.1285,,,,,,,,,,,,0.0,0.0,0.0,0.0,0
15.34,-1.2103,-0.3773,264.1285,-0.0004,0.0001,264.1285,,,,,,,,,,,,0.0,0.0,0.0,0.0,0
15.36,-1.2103,-0.3773,264.1285,-0.0004,0.0001,264.1285,,,,,,,,,,,,0.0,0.0,0.0,0.0,0
15.38,-1.2103,-0.3773,264.1285,-0.0004,0.0001,264.1285,,,,,,,,,,,,0.0,0.0,0.0,0.0,0
15.4,-1.2166,-0.3682,264.1551,-0.0004,0.0001,264.1551,,,,,,,,,,,,0.0,0.0,0.0,0.0,0
15.42,-1.2166,-0.3682,264.1551,-0.0004,0.0001,264.1551,,,,,,,,,,,,0.0,0.0,0.0,0.0,0
15.44,-1.2166,-0.3682,264.1551,-0.0004,0.0001,264.1551,,,,,,,,,,,,0.0,0.0,0.0,0.0,0
15.46,-1.2166,-0.3682,264.1551,-0.0004,0.0001,264.1551,,,,,,,,,,,,0.0,0.0,0.0,0.0,0
15.48,-1.2166,-0.3682,264.1551,-0.0004,0.0001,264.1551,,,,,,,,,,,,0.0,0.0,0.0,0.0,0
15.5,-1.2243,-0.3658,264.145,-0.0004,0.0001,264.145,,,,,,,,,,,,0.0,0.0,0.0,0.0,0
15.52,-1.2243,-0.3658,264.145,-0.0004,0.0001,264.145,,,,,,,,,,,,0.0,0.0,0.0,0.0,0
15.54,-1.2243,-0.3658,264.145,-0.0004,0.0001,264.145,,,,,,,,,,,,0.0,0.0,0.0,0.0,0
15.56,-1.2243,-0.3658,264.145,-0.0004,0.0001,264.145,,,,,,,,,,,,0.0,0.0,0.0,0.0,0
15.58,-1.2243,-0.3658,264.145,-0.0004,0.0001,264.145,,,,,,,,,,,,0.0,0.0,0.0,0.0,0
15.6,-1.2269,-0.3618,264.1734,-0.0004,0.0001,264.1734,,,,,,,,,,,,0.0,0.0,0.0,0.0,0
15.62,-1.2269,-0.3618,264.1734,-0.0004,0.0001,264.1734,,,,,,,,,,,,0.0,0.0,0.0,0.0,0
15.64,-1.2269,-0.3618,264.1734,-0.0004,0.0001,264.1734,,,,,,,,,,,,0.0,0.0,0.0,0.0,0
15.66,-1.2269,-0.3618,264.1734,-0.0004,0.0001,264.1734,,,,,,,,,,,,0.0,0.0,0.0,0.0,0
15.68,-1.2269,-0.3618,264.1734,-0.0004,0.0001,264.1734,,,,,,,,,,,,0.0,0.0,0.0,0.0,0
15.7,-1.2346,-0.3621,264.1588,-0.0004,0.0001,264.1588,,,,,,,,,,,,0.0,0.0,0.0,0.0,0
15.72,-1.2346,-0.3621,264.1588,-0.0004,0.0001,264.1588,,,,,,,,,,,,0.0,0.0,0.0,0.0,0
15.74,-1.2346,-0.3621,264.1588,-0.0004,0.0001,264.1588,,,,,,,,,,,,0.0,0.0,0.0,0.0,0
15.76,-1.2346,-0.3621,264.1588,-0.0004,0.0001,264.1588,,,,,,,,,,,,0.0,0.0,0.0,0.0,0
15.78,-1.2346,-0.3621,264.1588,-0.0004,0.0001,264.1588,,,,,,,,,,,,0.0,0.0,0.0,0.0,0
15.8,-1.2387,-0.3616,264.1857,-0.0004,0.0001,264.1857,,,,,,,,,,,,0.0,0.0,0.0,0.0,0
15.82,-1.2387,-0.3616,264.1857,-0.0004,0.0001,264.1857,,,,,,,,,,,,0.0,0.0,0.0,0.0,0
15.84,-1.2387,-0.3616,264.1857,-0.0004,0.0001,264.1857,,,,,,,,,,,,0.0,0.0,0.0,0.0,0
15.86,-1.2387,-0.3616,264.1857,-0.0004,0.0001,264.1857,,,,,,,,,,,,0.0,0.0,0.0,0.0,0
15.88,-1.2387,-0.3616,264.1857,-0.0004,0.0001,264.1857,,,,,,,,,,,,0.0,0.0,0.0,0.0,0
15.9,-1.2463,-0.361,264.1709,-0.0004,0.0001,264.1709,,,,,,,,,,,,0.0,0.0,0.0,0.0,0
15.92,-1.2463,-0.361,264.1709,-0.0004,0.0001,264.1709,,,,,,,,,,,,0.0,0.0,0.0,0.0,0
15.94,-1.2463,-0.361,264.1709,-0.0004,0.0001,264.1709,,,,,,,,,,,,0.0,0.0,0.0,0.0,0
15.96,-1.2463,-0.361,264.1709,-0.0004,0.0001,264.1709,,,,,,,,,,,,0.0,0.0,0.0,0.0,0
15.98,-1.2463,-0.361,264.1709,-0.0004,0.0001,264.1709,,,,,,,,,,,,0.0,0.0,0.0,0.0,0
16.0,-1.25,-0.3522,264.1945,-0.0004,0.0001,264.1945,,,,,,,,,,,,0.0,0.0,0.0,0.0,0
16.02,-1.25,-0.3522,264.1945,-0.0004,0.0001,264.1945,,,,,,,,,,,,0.0,0.0,0.0,0.0,0
16.04,-1.25,-0.3522,264.1945,-0.0004,0.0001,264.1945,,,,,,,,,,,,0.0,0.0,0.0,0.0,0
16.06,-1.25,-0.3522,264.1945,-0.0004,0.0001,264.1945,,,,,,,,,,,,0.0,0.0,0.0,0.0,0
16.08,-1.25,-0.3522,264.1945,-0.0004,0.0001,264.1945,,,,,,,,,,,,0.0,0.0,0.0,0.0,0
16.1,-1.2521,-0.3467,264.1987,-0.0004,0.0001,264.1987,,,,,,,,,,,,0.0,0.0,0.0,0.0,0
16.12,-1.2521,-0.3467,264.1987,-0.0004,0.0001,264.1987,,,,,,,,,,,,0.0,0.0,0.0,0.0,0
16.14,-1.2521,-0.3467,264.1987,-0.0004,0.0001,264.1987,,,,,,,,,,,,0.0,0.0,0.0,0.0,0
16.16,-1.2521,-0.3467,264.1987,-0.0004,0.0001,264.1987,,,,,,,,,,,,0.0,0.0,0.0,0.0,0
16.18,-1.2521,-0.3467,264.1987,-0.0004,0.0001,264.1987,,,,,,,,,,,,0.0,0.0,0.0,0.0,0
16.2,-1.2527,-0.3405,264.2155,-0.0004,0.0001,264.2155,,,,,,,,,,,,0.0,0.0,0.0,0.0,0
16.22,-1.2527,-0.3405,264.2155,-0.0004,0.0001,264.2155,,,,,,,,,,,,0.0,0.0,0.0,0.0,0
16.24,-1.2527,-0.3405,264.2155,-0.0004,0.0001,264.2155,,,,,,,,,,,,0.0,0.0,0.0,0.0,0
16.26,-1.2527,-0.3405,264.2155,-0.0004,0.0001,264.2155,,,,,,,,,,,,0.0,0.0,0.0,0.0,0
16.28,-1.2527,-0.3405,264.2155,-0.0004,0.0001,264.2155,,,,,,,,,,,,0.0,0.0,0.0,0.0,0
16.3,-1.2491,-0.3364,264.2141,-0.0004,0.0001,264.2141,,,,,,,,,,,,0.0,0.0,0.0,0.0,0
16.32,-1.2491,-0.3364,264.2141,-0.0004,0.0001,264.2141,,,,,,,,,,,,0.0,0.0,0.0,0.0,0
16.34,-1.2491,-0.3364,264.2141,-0.0004,0.0001,264.2141,,,,,,,,,,,,0.0,0.0,0.0,0.0,0
16.36,-1.2491,-0.3364,264.2141,-0.0004,0.0001,264.2141,,,,,,,,,,,,0.0,0.0,0.0,0.0,0
16.38,-1.2491,-0.3364,264.2141,-0.0004,0.0001,264.2141,,,,,,,,,,,,0.0,0.0,0.0,0.0,0
16.4,-1.2492,-0.3313,264.226,-0.0004,0.0001,264.226,,,,,,,,,,,,0.0,0.0,0.0,0.0,0
16.42,-1.2492,-0.3313,264.226,-0.0004,0.0001,264.226,,,,,,,,,,,,0.0,0.0,0.0,0.0,0
16.44,-1.2492,-0.3313,264.226,-0.0004,0.0001,264.226,,,,,,,,,,,,0.0,0.0,0.0,0.0,0
16.46,-1.2492,-0.3313,264.226,-0.0004,0.0001,264.226,,,,,,,,,,,,0.0,0.0,0.0,0.0,0
16.48,-1.2492,-0.3313,264.226,-0.0004,0.0001,264.226,,,,,,,,,,,,0.0,0.0,0.0,0.0,0
16.5,-1.2455,-0.3291,264.2274,-0.0004,0.0001,264.2273,,,,,,,,,,,,0.0,0.0,0.0,0.0,0
16.52,-1.2455,-0.3291,264.2274,-0.0004,0.0001,264.2273,,,,,,,,,,,,0.0,0.0,0.0,0.0,0
16.54,-1.2455,-0.3291,264.2274,-0.0004,0.0001,264.2273,,,,,,,,,,,,0.0,0.0,0.0,0.0,0
16.56,-1.2455,-0.3291,264.2274,-0.0004,0.0001,264.2273,,,,,,,,,,,,0.0,0.0,0.0,0.0,0
16.58,-1.2455,-0.3291,264.2274,-0.0004,0.0001,264.2273,,,,,,,,,,,,0.0,0.0,0.0,0.0,0
16.6,-1.2426,-0.3255,264.2354,-0.0004,0.0001,264.2354,,,,,,,,,,,,0.0,0.0,0.0,0.0,0
16.62,-1.2426,-0.3255,264.2354,-0.0004,0.0001,264.2354,,,,,,,,,,,,0.0,0.0,0.0,0.0,0
16.64,-1.2426,-0.3255,264.2354,-0.0004,0.0001,264.2354,,,,,,,,,,,,0.0,0.0,0.0,0.0,0
16.66,-1.2426,-0.3255,264.2354,-0.0004,0.0001,264.2354,,,,,,,,,,,,0.0,0.0,0.0,0.0,0
16.68,-1.2426,-0.3255,264.2354,-0.0004,0.0001,264.2354,,,,,,,,,,,,0.0,0.0,0.0,0.0,0
16.7,-1.2377,-0.3213,264.2439,-0.0004,0.0001,264.2439,,,,,,,,,,,,0.0,0.0,0.0,0.0,0
16.72,-1.2377,-0.3213,264.2439,-0.0004,0.0001,264.2439,,,,,,,,,,,,0.0,0.0,0.0,0.0,0
16.74,-1.2377,-0.3213,264.2439,-0.0004,0.0001,264.2439,,,,,,,,,,,,0.0,0.0,0.0,0.0,0
16.76,-1.2377,-0.3213,264.2439,-0.0004,0.0001,264.2439,,,,,,,,,,,,0.0,0.0,0.0,0.0,0
16.78,-1.2377,-0.3213,264.2439,-0.0004,0.0001,264.2439,,,,,,,,,,,,0.0,0.0,0.0,0.0,0
16.8,-1.2345,-0.316,264.2507,-0.0004,0.0001,264.2507,,,,,,,,,,,,0.0,0.0,0.0,0.0,0
16.82,-1.2345,-0.316,264.2507,-0.0004,0.0001,264.2507,,,,,,,,,,,,0.0,0.0,0.0,0.0,0
16.84,-1.2345,-0.316,264.2507,-0.0004,0.0001,264.2507,,,,,,,,,,,,0.0,0.0,0.0,0.0,0
16.86,-1.2345,-0.316,264.2507,-0.0004,0.0001,264.2507,,,,,,,,,,,,0.0,0.0,0.0,0.0,0
16.88,-1.2345,-0.316,264.2507,-0.0004,0.0001,264.2507,,,,,,,,,,,,0.0,0.0,0.0,0.0,0
16.9,-1.2289,-0.3158,264.2588,-0.0004,0.0001,264.2588,,,,,,,,,,,,0.0,0.0,0.0,0.0,0
16.92,-1.2289,-0.3158,264.2588,-0.0004,0.0001,264.2588,,,,,,,,,,,,0.0,0.0,0.0,0.0,0
16.94,-1.2289,-0.3158,264.2588,-0.0004,0.0001,264.2588,,,,,,,,,,,,0.0,0.0,0.0,0.0,0
16.96,-1.2289,-0.3158,264.2588,-0.0004,0.0001,264.2588,,,,,,,,,,,,0.0,0.0,0.0,0.0,0
16.98,-1.2289,-0.3158,264.2588,-0.0004,0.0001,264.2588,,,,,,,,,,,,0.0,0.0,0.0,0.0,0
17.0,-1.2257,-0.3109,264.2626,-0.0004,0.0001,264.2627,,,,,,,,,,,,0.0,0.0,0.0,0.0,0
17.02,-1.2257,-0.3109,264.2626,-0.0004,0.0001,264.2627,,,,,,,,,,,,0.0,0.0,0.0,0.0,0
17.04,-1.2257,-0.3109,264.2626,-0.0004,0.0001,264.2627,,,,,,,,,,,,0.0,0.0,0.0,0.0,0
17.06,-1.2257,-0.3109,264.2626,-0.0004,0.0001,264.2627,,,,,,,,,,,,0.0,0.0,0.0,0.0,0
17.08,-1.2257,-0.3109,264.2626,-0.0004,0.0001,264.2627,,,,,,,,,,,,0.0,0.0,0.0,0.0,0
17.1,-1.2181,-0.3098,264.2716,-0.0004,0.0001,264.2717,,,,,,,,,,,,0.0,0.0,0.0,0.0,0
17.12,-1.2181,-0.3098,264.2716,-0.0004,0.0001,264.2717,,,,,,,,,,,,0.0,0.0,0.0,0.0,0
17.14,-1.2181,-0.3098,264.2716,-0.0004,0.0001,264.2717,,,,,,,,,,,,0.0,0.0,0.0,0.0,0
17.16,-1.2181,-0.3098,264.2716,-0.0004,0.0001,264.2717,,,,,,,,,,,,0.0,0.0,0.0,0.0,0
17.18,-1.2181,-0.3098,264.2716,-0.0004,0.0001,264.2717,,,,,,,,,,,,0.0,0.0,0.0,0.0,0
17.2,-1.2139,-0.3035,264.2709,-0.0004,0.0001,264.2709,,,,,,,,,,,,0.0,0.0,0.0,0.0,0
17.22,-1.2139,-0.3035,264.2709,-0.0004,0.0001,264.2709,,,,,,,,,,,,0.0,0.0,0.0,0.0,0
17.24,-1.2139,-0.3035,264.2709,-0.0004,0.0001,264.2709,,,,,,,,,,,,0.0,0.0,0.0,0.0,0
17.26,-1.2139,-0.3035,264.2709,-0.0004,0.0001,264.2709,,,,,,,,,,,,0.0,0.0,0.0,0.0,0
17.28,-1.2139,-0.3035,264.2709,-0.0004,0.0001,264.2709,,,,,,,,,,,,0.0,0.0,0.0,0.0,0
17.3,-1.213,-0.3008,264.2854,-0.0004,0.0001,264.2854,,,,,,,,,,,,0.0,0.0,0.0,0.0,0
17.32,-1.213,-0.3008,264.2854,-0.0004,0.0001,264.2854,,,,,,,,,,,,0.0,0.0,0.0,0.0,0
17.34,-1.213,-0.3008,264.2854,-0.0004,0.0001,264.2854,,,,,,,,,,,,0.0,0.0,0.0,0.0,0
17.36,-1.213,-0.3008,264.2854,-0.0004,0.0001,264.2854,,,,,,,,,,,,0.0,0.0,0.0,0.0,0
17.38,-1.213,-0.3008,264.2854,-0.0004,0.0001,264.2854,,,,,,,,,,,,0.0,0.0,0.0,0.0,0
17.4,-1.2145,-0.2986,264.2861,-0.0004,0.0001,264.2862,,,,,,,,,,,,0.0,0.0,0.0,0.0,0
17.42,-1.2145,-0.2986,264.2861,-0.0004,0.0001,264.2862,,,,,,,,,,,,0.0,0.0,0.0,0.0,0
17.44,-1.2145,-0.2986,264.2861,-0.0004,0.0001,264.2862,,,,,,,,,,,,0.0,0.0,0.0,0.0,0
17.46,-1.2145,-0.2986,264.2861,-0.0004,0.0001,264.2862,,,,,,,,,,,,0.0,0.0,0.0,0.0,0
17.48,-1.2145,-0.2986,264.2861,-0.0004,0.0001,264.2862,,,,,,,,,,,,0.0,0.0,0.0,0.0,0
17.5,-1.2128,-0.2921,264.304,-0.0004,0.0001,264.304,,,,,,,,,,,,0.0,0.0,0.0,0.0,0
17.52,-1.2128,-0.2921,264.304,-0.0004,0.0001,264.304,,,,,,,,,,,,0.0,0.0,0.0,0.0,0
17.54,-1.2128,-0.2921,264.304,-0.0004,0.0001,264.304,,,,,,,,,,,,0.0,0.0,0.0,0.0,0
17.56,-1.2128,-0.2921,264.304,-0.0004,0.0001,264.304,,,,,,,,,,,,0.0,0.0,0.0,0.0,0
17.58,-1.2128,-0.2921,264.304,-0.0004,0.0001,264.304,,,,,,,,,,,,0.0,0.0,0.0,0.0,0
17.6,-1.2121,-0.2889,264.3042,-0.0004,0.0001,264.3042,,,,,,,,,,,,0.0,0.0,0.0,0.0,0
17.62,-1.2121,-0.2889,264.3042,-0.0004,0.0001,264.3042,,,,,,,,,,,,0.0,0.0,0.0,0.0,0
17.64,-1.2121,-0.2889,264.3042,-0.0004,0.0001,264.3042,,,,,,,,,,,,0.0,0.0,0.0,0.0,0
17.66,-1.2121,-0.2889,264.3042,-0.0004,0.0001,264.3042,,,,,,,,,,,,0.0,0.0,0.0,0.0,0
17.68,-1.2121,-0.2889,264.3042,-0.0004,0.0001,264.3042,,,,,,,,,,,,0.0,0.0,0.0,0.0,0
17.7,-1.2139,-0.2823,264.3168,-0.0004,0.0001,264.3168,,,,,,,,,,,,0.0,0.0,0.0,0.0,0
17.72,-1.2139,-0.2823,264.3168,-0.0004,0.0001,264.3168,,,,,,,,,,,,0.0,0.0,0.0,0.0,0
17.74,-1.2139,-0.2823,264.3168,-0.0004,0.0001,264.3168,,,,,,,,,,,,0.0,0.0,0.0,0.0,0
17.76,-1.2139,-0.2823,264.3168,-0.0004,0.0001,264.3168,,,,,,,,,,,,0.0,0.0,0.0,0.0,0
17.78,-1.2139,-0.2823,264.3168,-0.0004,0.0001,264.3168,,,,,,,,,,,,0.0,0.0,0.0,0.0,0
17.8,-1.2128,-0.2782,264.3175,-0.0004,0.0001,264.3175,,,,,,,,,,,,0.0,0.0,0.0,0.0,0
17.82,-1.2128,-0.2782,264.3175,-0.0004,0.0001,264.3175,,,,,,,,,,,,0.0,0.0,0.0,0.0,0
17.84,-1.2128,-0.2782,264.3175,-0.0004,0.0001,264.3175,,,,,,,,,,,,0.0,0.0,0.0,0.0,0
17.86,-1.2128,-0.2782,264.3175,-0.0004,0.0001,264.3175,,,,,,,,,,,,0.0,0.0,0.0,0.0,0
17.88,-1.2128,-0.2782,264.3175,-0.0004,0.0001,264.3175,,,,,,,,,,,,0.0,0.0,0.0,0.0,0
17.9,-1.2112,-0.2714,264.3295,-0.0004,0.0001,264.3295,,,,,,,,,,,,0.0,0.0,0.0,0.0,0
17.92,-1.2112,-0.2714,264.3295,-0.0004,0.0001,264.3295,,,,,,,,,,,,0.0,0.0,0.0,0.0,0
17.94,-1.2112,-0.2714,264.3295,-0.0004,0.0001,264.3295,,,,,,,,,,,,0.0,0.0,0.0,0.0,0
17.96,-1.2112,-0.2714,264.3295,-0.0004,0.0001,264.3295,,,,,,,,,,,,0.0,0.0,0.0,0.0,0
17.98,-1.2112,-0.2714,264.3295,-0.0004,0.0001,264.3295,,,,,,,,,,,,0.0,0.0,0.0,0.0,0
18.0,-1.2131,-0.2644,264.3284,-0.0004,0.0001,264.3284,,,,,,,,,,,,0.0,0.0,0.0,0.0,0
18.02,-1.2131,-0.2644,264.3284,-0.0004,0.0001,264.3284,,,,,,,,,,,,0.03,0.03,0.03,0.03,0
18.04,-1.2131,-0.2644,264.3284,-0.0004,0.0001,264.3284,,,,,,,,,,,,0.03,0.03,0.03,0.03,0
18.06,-1.2131,-0.2644,264.3284,-0.0004,0.0001,264.3284,,,,,,,,,,,,0.03,0.03,0.03,0.03,0
18.08,-1.2131,-0.2644,264.3284,-0.0004,0.0001,264.3284,,,,,,,,,,,,0.03,0.03,0.03,0.03,0
18.1,-1.2117,-0.2592,264.3399,-0.0004,0.0001,264.3399,,,,,,,,,,,,0.03,0.03,0.03,0.03,0
18.12,-1.2117,-0.2592,264.3399,-0.0004,0.0001,264.3399,,,,,,,,,,,,0.06,0.06,0.06,0.06,0
18.14,-1.2117,-0.2592,264.3399,-0.0004,0.0001,264.3399,,,,,,,,,,,,0.06,0.06,0.06,0.06,0
18.16,-1.2117,-0.2592,264.3399,-0.0004,0.0001,264.3399,,,,,,,,,,,,0.06,0.06,0.06,0.06,0
18.18,-1.2117,-0.2592,264.3399,-0.0004,0.0001,264.3399,,,,,,,,,,,,0.06,0.06,0.06,0.06,0
18.2,-1.2057,-0.2522,264.3622,-0.0004,0.0001,264.3622,,,,,,,,,,,,0.06,0.06,0.06,0.06,0
18.22,-1.2057,-0.2522,264.3622,-0.0004,0.0001,264.3622,,,,,,,,,,,,0.09,0.09,0.09,0.09,0
18.24,-1.2057,-0.2522,264.3622,-0.0004,0.0001,264.3622,,,,,,,,,,,,0.09,0.09,0.09,0.09,0
18.26,-1.2057,-0.2522,264.3622,-0.0004,0.0001,264.3622,,,,,,,,,,,,0.09,0.09,0.09,0.09,0
18.28,-1.2057,-0.2522,264.3622,-0.0004,0.0001,264.3622,,,,,,,,,,,,0.09,0.09,0.09,0.09,0
18.3,-1.21,-0.2479,264.2532,-0.0004,0.0001,264.2532,,,,,,,,,,,,0.09,0.09,0.09,0.09,0
18.32,-1.21,-0.2479,264.2532,-0.0004,0.0001,264.2532,,,,,,,,,,,,0.1,0.1,0.1,0.1,0
18.34,-1.21,-0.2479,264.2532,-0.0004,0.0001,264.2532,,,,,,,,,,,,0.1,0.1,0.1,0.1,0
18.36,-1.21,-0.2479,264.2532,-0.0004,0.0001,264.2532,,,,,,,,,,,,0.1,0.1,0.1,0.1,0
18.38,-1.21,-0.2479,264.2532,-0.0004,0.0001,264.2532,,,,,,,,,,,,0.1,0.1,0.1,0.1,0
18.4,-1.2014,-0.2364,264.4509,-0.0004,0.0001,264.4509,,,,,,,,,,,,0.1,0.1,0.1,0.1,0
18.42,-1.2014,-0.2364,264.4509,-0.0004,0.0001,264.4509,,,,,,,,,,,,0.1,0.1,0.1,0.1,0
18.44,-1.2014,-0.2364,264.4509,-0.0004,0.0001,264.4509,,,,,,,,,,,,0.1,0.1,0.1,0.1,0
18.46,-1.2014,-0.2364,264.4509,-0.0004,0.0001,264.4509,,,,,,,,,,,,0.1,0.1,0.1,0.1,0
18.48,-1.2014,-0.2364,264.4509,-0.0004,0.0001,264.4509,,,,,,,,,,,,0.1,0.1,0.1,0.1,0
18.5,-1.2084,-0.2374,264.262,-0.0004,0.0001,264.262,,,,,,,,,,,,0.1,0.1,0.1,0.1,0
18.52,-1.2084,-0.2374,264.262,-0.0004,0.0001,264.262,,,,,,,,,,,,0.1,0.1,0.1,0.1,0
18.54,-1.2084,-0.2374,264.262,-0.0004,0.0001,264.262,,,,,,,,,,,,0.1,0.1,0.1,0.1,0
18.56,-1.2084,-0.2374,264.262,-0.0004,0.0001,264.262,,,,,,,,,,,,0.1,0.1,0.1,0.1,0
18.58,-1.2084,-0.2374,264.262,-0.0004,0.0001,264.262,,,,,,,,,,,,0.1,0.1,0.1,0.1,0
18.6,-1.2076,-0.2266,264.4466,-0.0004,0.0001,264.4466,,,,,,,,,,,,0.1,0.1,0.1,0.1,0
18.62,-1.2076,-0.2266,264.4466,-0.0004,0.0001,264.4466,,,,,,,,,,,,0.1,0.1,0.1,0.1,0
18.64,-1.2076,-0.2266,264.4466,-0.0004,0.0001,264.4466,,,,,,,,,,,,0.1,0.1,0.1,0.1,0
18.66,-1.2076,-0.2266,264.4466,-0.0004,0.0001,264.4466,,,,,,,,,,,,0.1,0.1,0.1,0.1,0
18.68,-1.2076,-0.2266,264.4466,-0.0004,0.0001,264.4466,,,,,,,,,,,,0.1,0.1,0.1,0.1,0
18.7,-1.2087,-0.2209,264.2509,-0.0004,0.0001,264.2509,,,,,,,,,,,,0.1,0.1,0.1,0.1,0
18.72,-1.2087,-0.2209,264.2509,-0.0004,0.0001,264.2509,,,,,,,,,,,,0.1,0.1,0.1,0.1,0
18.74,-1.2087,-0.2209,264.2509,-0.0004,0.0001,264.2509,,,,,,,,,,,,0.1,0.1,0.1,0.1,0
18.76,-1.2087,-0.2209,264.2509,-0.0004,0.0001,264.2509,,,,,,,,,,,,0.1,0.1,0.1,0.1,0
18.78,-1.2087,-0.2209,264.2509,-0.0004,0.0001,264.2509,,,,,,,,,,,,0.1,0.1,0.1,0.1,0
18.8,-1.1912,-0.2118,264.445,-0.0004,0.0001,264.445,,,,,,,,,,,,0.1,0.1,0.1,0.1,0
18.82,-1.1912,-0.2118,264.445,-0.0004,0.0001,264.445,,,,,,,,,,,,0.1,0.1,0.1,0.1,0
18.84,-1.1912,-0.2118,264.445,-0.0004,0.0001,264.445,,,,,,,,,,,,0.1,0.1,0.1,0.1,0
18.86,-1.1912,-0.2118,264.445,-0.0004,0.0001,264.445,,,,,,,,,,,,0.1,0.1,0.1,0.1,0
18.88,-1.1912,-0.2118,264.445,-0.0004,0.0001,264.445,,,,,,,,,,,,0.1,0.1,0.1,0.1,0
18.9,-1.1912,-0.2068,264.2661,-0.0004,0.0001,264.2661,,,,,,,,,,,,0.1,0.1,0.1,0.1,0
18.92,-1.1912,-0.2068,264.2661,-0.0004,0.0001,264.2661,,,,,,,,,,,,0.1,0.1,0.1,0.1,0
18.94,-1.1912,-0.2068,264.2661,-0.0004,0.0001,264.2661,,,,,,,,,,,,0.1,0.1,0.1,0.1,0
18.96,-1.1912,-0.2068,264.2661,-0.0004,0.0001,264.2661,,,,,,,,,,,,0.1,0.1,0.1,0.1,0
18.98,-1.1912,-0.2068,264.2661,-0.0004,0.0001,264.2661,,,,,,,,,,,,0.1,0.1,0.1,0.1,0
19.0,-1.1871,-0.1972,264.4553,-0.0004,0.0001,264.4553,,,,,,,,,,,,0.1,0.1,0.1,0.1,0
19.02,-1.1871,-0.1972,264.4553,-0.0004,0.0001,264.4553,,,,,,,,,,,,0.1,0.1,0.1,0.1,0
19.04,-1.1871,-0.1972,264.4553,-0.0004,0.0001,264.4553,,,,,,,,,,,,0.1,0.1,0.1,0.1,0
19.06,-1.1871,-0.1972,264.4553,-0.0004,0.0001,264.4553,,,,,,,,,,,,0.1,0.1,0.1,0.1,0
19.08,-1.1871,-0.1972,264.4553,-0.0004,0.0001,264.4553,,,,,,,,,,,,0.1,0.1,0.1,0.1,0
19.1,-1.1989,-0.1916,264.2987,-0.0004,0.0001,264.2987,,,,,,,,,,,,0.1,0.1,0.1,0.1,0
19.12,-1.1989,-0.1916,264.2987,-0.0004,0.0001,264.2987,,,,,,,,,,,,0.1,0.1,0.1,0.1,0
19.14,-1.1989,-0.1916,264.2987,-0.0004,0.0001,264.2987,,,,,,,,,,,,0.1,0.1,0.1,0.1,0
19.16,-1.1989,-0.1916,264.2987,-0.0004,0.0001,264.2987,,,,,,,,,,,,0.1,0.1,0.1,0.1,0
19.18,-1.1989,-0.1916,264.2987,-0.0004,0.0001,264.2987,,,,,,,,,,,,0.1,0.1,0.1,0.1,0
19.2,-1.1939,-0.1882,264.4506,-0.0004,0.0001,264.4506,,,,,,,,,,,,0.1,0.1,0.1,0.1,0
19.22,-1.1939,-0.1882,264.4506,-0.0004,0.0001,264.4506,,,,,,,,,,,,0.1,0.1,0.1,0.1,0
19.24,-1.1939,-0.1882,264.4506,-0.0004,0.0001,264.4506,,,,,,,,,,,,0.1,0.1,0.1,0.1,0
19.26,-1.1939,-0.1882,264.4506,-0.0004,0.0001,264.4506,,,,,,,,,,,,0.1,0.1,0.1,0.1,0
19.28,-1.1939,-0.1882,264.4506,-0.0004,0.0001,264.4506,,,,,,,,,,,,0.1,0.1,0.1,0.1,0
19.3,-1.2045,-0.1866,264.32,-0.0004,0.0001,264.32,,,,,,,,,,,,0.1,0.1,0.1,0.1,0
19.32,-1.2045,-0.1866,264.32,-0.0004,0.0001,264.32,,,,,,,,,,,,0.1,0.1,0.1,0.1,0
19.34,-1.2045,-0.1866,264.32,-0.0004,0.0001,264.32,,,,,,,,,,,,0.1,0.1,0.1,0.1,0
19.36,-1.2045,-0.1866,264.32,-0.0004,0.0001,264.32,,,,,,,,,,,,0.1,0.1,0.1,0.1,0
19.38,-1.2045,-0.1866,264.32,-0.0004,0.0001,264.32,,,,,,,,,,,,0.1,0.1,0.1,0.1,0
19.4,-1.1961,-0.1847,264.4627,-0.0004,0.0001,264.4627,,,,,,,,,,,,0.1,0.1,0.1,0.1,0
19.42,-1.1961,-0.1847,264.4627,-0.0004,0.0001,264.4627,,,,,,,,,,,,0.1,0.1,0.1,0.1,0
19.44,-1.1961,-0.1847,264.4627,-0.0004,0.0001,264.4627,,,,,,,,,,,,0.1,0.1,0.1,0.1,0
19.46,-1.1961,-0.1847,264.4627,-0.0004,0.0001,264.4627,,,,,,,,,,,,0.1,0.1,0.1,0.1,0
19.48,-1.1961,-0.1847,264.4627,-0.0004,0.0001,264.4627,,,,,,,,,,,,0.1,0.1,0.1,0.1,0
19.5,-1.2007,-0.1774,264.3308,-0.0004,0.0001,264.3308,,,,,,,,,,,,0.1,0.1,0.1,0.1,0
19.52,-1.2007,-0.1774,264.3308,-0.0004,0.0001,264.3308,,,,,,,,,,,,0.1,0.1,0.1,0.1,0
19.54,-1.2007,-0.1774,264.3308,-0.0004,0.0001,264.3308,,,,,,,,,,,,0.1,0.1,0.1,0.1,0
19.56,-1.2007,-0.1774,264.3308,-0.0004,0.0001,264.3308,,,,,,,,,,,,0.1,0.1,0.1,0.1,0
19.58,-1.2007,-0.1774,264.3308,-0.0004,0.0001,264.3308,,,,,,,,,,,,0.1,0.1,0.1,0.1,0
19.6,-1.1943,-0.1755,264.4706,-0.0004,0.0001,264.4706,,,,,,,,,,,,0.1,0.1,0.1,0.1,0
19.62,-1.1943,-0.1755,264.4706,-0.0004,0.0001,264.4706,,,,,,,,,,,,0.1,0.1,0.1,0.1,0
19.64,-1.1943,-0.1755,264.4706,-0.0004,0.0001,264.4706,,,,,,,,,,,,0.1,0.1,0.1,0.1,0
19.66,-1.1943,-0.1755,264.4706,-0.0004,0.0001,264.4706,,,,,,,,,,,,0.1,0.1,0.1,0.1,0
19.68,-1.1943,-0.1755,264.4706,-0.0004,0.0001,264.4706,,,,,,,,,,,,0.1,0.1,0.1,0.1,0
19.7,-1.2092,-0.158,264.3565,-0.0004,0.0001,264.3565,,,,,,,,,,,,0.1,0.1,0.1,0.1,0
19.72,-1.2092,-0.158,264.3565,-0.0004,0.0001,264.3565,,,,,,,,,,,,0.1,0.1,0.1,0.1,0
19.74,-1.2092,-0.158,264.3565,-0.0004,0.0001,264.3565,,,,,,,,,,,,0.1,0.1,0.1,0.1,0
19.76,-1.2092,-0.158,264.3565,-0.0004,0.0001,264.3565,,,,,,,,,,,,0.1,0.1,0.1,0.1,0
19.78,-1.2092,-0.158,264.3565,-0.0004,0.0001,264.3565,,,,,,,,,,,,0.1,0.1,0.1,0.1,0
19.8,-1.2002,-0.1549,264.4685,-0.0004,0.0001,264.4685,,,,,,,,,,,,0.1,0.1,0.1,0.1,0
19.82,-1.2002,-0.1549,264.4685,-0.0004,0.0001,264.4685,,,,,,,,,,,,0.1,0.1,0.1,0.1,0
19.84,-1.2002,-0.1549,264.4685,-0.0004,0.0001,264.4685,,,,,,,,,,,,0.1,0.1,0.1,0.1,0
19.86,-1.2002,-0.1549,264.4685,-0.0004,0.0001,264.4685,,,,,,,,,,,,0.1,0.1,0.1,0.1,0
19.88,-1.2002,-0.1549,264.4685,-0.0004,0.0001,264.4685,,,,,,,,,,,,0.1,0.1,0.1,0.1,0
19.9,-1.2155,-0.1533,264.3837,-0.0004,0.0001,264.3837,,,,,,,,,,,,0.1,0.1,0.1,0.1,0
19.92,-1.2155,-0.1533,264.3837,-0.0004,0.0001,264.3837,,,,,,,,,,,,0.124,0.124,0.124,0.124,0
19.94,-1.2155,-0.1533,264.3837,-0.0004,0.0001,264.3837,,,,,,,,,,,,0.124,0.124,0.124,0.124,0
19.96,-1.2155,-0.1533,264.3837,-0.0004,0.0001,264.3837,,,,,,,,,,,,0.124,0.124,0.124,0.124,0
19.98,-1.2155,-0.1533,264.3837,-0.0004,0.0001,264.3837,,,,,,,,,,,,0.124,0.124,0.124,0.124,0
20.0,-1.2023,-0.1518,264.481,-0.0004,0.0001,264.4604,,,,,,,,,,,,0.124,0.124,0.124,0.124,0
20.02,-1.2023,-0.1518,264.481,-0.0004,0.0001,264.4604,,,,,,,,,,,,0.195,0.215,0.224,0.195,0
20.04,-1.2023,-0.1518,264.481,-0.0004,0.0001,264.4604,,,,,,,,,,,,0.195,0.215,0.224,0.195,0
20.06,-1.2023,-0.1518,264.481,-0.0004,0.0001,264.4604,,,,,,,,,,,,0.195,0.215,0.224,0.195,0
20.08,-1.2023,-0.1518,264.481,-0.0004,0.0001,264.4604,,,,,,,,,,,,0.195,0.215,0.224,0.195,0
20.1,-1.1879,-0.1303,264.383,-0.0004,0.0001,264.4604,,,,,,,,,,,,0.195,0.215,0.224,0.195,0
20.12,-1.1879,-0.1303,264.383,-0.0004,0.0001,264.4604,,,,,,,,,,,,0.215,0.241,0.232,0.214,0
20.14,-1.1879,-0.1303,264.383,-0.0004,0.0001,264.4604,,,,,,,,,,,,0.215,0.241,0.232,0.214,0
20.16,-1.1879,-0.1303,264.383,-0.0004,0.0001,264.4604,,,,,,,,,,,,0.215,0.241,0.232,0.214,0
20.18,-1.1879,-0.1303,264.383,-0.0004,0.0001,264.4604,,,,,,,,,,,,0.215,0.241,0.232,0.214,0
20.2,-1.1806,-0.1138,264.5062,-0.0004,0.0001,264.4604,,,,,,,,,,,,0.215,0.241,0.232,0.214,0
20.22,-1.1806,-0.1138,264.5062,-0.0004,0.0001,264.4604,,,,,,,,,,,,0.209,0.236,0.236,0.222,0
20.24,-1.1806,-0.1138,264.5062,-0.0004,0.0001,264.4604,,,,,,,,,,,,0.209,0.236,0.236,0.222,0
20.26,-1.1806,-0.1138,264.5062,-0.0004,0.0001,264.4604,,,,,,,,,,,,0.209,0.236,0.236,0.222,0
20.28,-1.1806,-0.1138,264.5062,-0.0004,0.0001,264.4604,,,,,,,,,,,,0.209,0.236,0.236,0.222,0
20.3,-1.1855,-0.1091,264.4294,-0.0004,0.0001,264.4604,,,,,,,,,,,,0.209,0.236,0.236,0.222,0
20.32,-1.1855,-0.1091,264.4294,-0.0004,0.0001,264.4604,,,,,,,,,,,,0.216,0.234,0.231,0.212,0
20.34,-1.1855,-0.1091,264.4294,-0.0004,0.0001,264.4604,,,,,,,,,,,,0.216,0.234,0.231,0.212,0
20.36,-1.1855,-0.1091,264.4294,-0.0004,0.0001,264.4604,,,,,,,,,,,,0.216,0.234,0.231,0.212,0
20.38,-1.1855,-0.1091,264.4294,-0.0004,0.0001,264.4604,,,,,,,,,,,,0.216,0.234,0.231,0.212,0
20.4,-1.1887,-0.1151,264.517,-0.0004,0.0001,264.4604,,,,,,,,,,,,0.216,0.234,0.231,0.212,0
20.42,-1.1887,-0.1151,264.517,-0.0004,0.0001,264.4604,,,,,,,,,,,,0.217,0.232,0.253,0.203,0
20.44,-1.1887,-0.1151,264.517,-0.0004,0.0001,264.4604,,,,,,,,,,,,0.217,0.232,0.253,0.203,0
20.46,-1.1887,-0.1151,264.517,-0.0004,0.0001,264.4604,,,,,,,,,,,,0.217,0.232,0.253,0.203,0
20.48,-1.1887,-0.1151,264.517,-0.0004,0.0001,264.4604,,,,,,,,,,,,0.217,0.232,0.253,0.203,0
20.5,-1.1857,-0.1031,264.4451,-0.0004,0.0001,264.4604,,,,,,,,,,,,0.217,0.232,0.253,0.203,0
20.52,-1.1857,-0.1031,264.4451,-0.0004,0.0001,264.4604,,,,,,,,,,,,0.221,0.251,0.257,0.21,0
20.54,-1.1857,-0.1031,264.4451,-0.0004,0.0001,264.4604,,,,,,,,,,,,0.221,0.251,0.257,0.21,0
20.56,-1.1857,-0.1031,264.4451,-0.0004,0.0001,264.4604,,,,,,,,,,,,0.221,0.251,0.257,0.21,0
20.58,-1.1857,-0.1031,264.4451,-0.0004,0.0001,264.4604,,,,,,,,,,,,0.221,0.251,0.257,0.21,0
20.6,-1.1701,-0.1106,264.532,-0.0004,0.0001,264.4604,,,,,,,,,,,,0.221,0.251,0.257,0.21,0
20.62,-1.1701,-0.1106,264.532,-0.0004,0.0001,264.4604,,,,,,,,,,,,0.244,0.252,0.272,0.232,0
20.64,-1.1701,-0.1106,264.532,-0.0004,0.0001,264.4604,,,,,,,,,,,,0.244,0.252,0.272,0.232,0
20.66,-1.1701,-0.1106,264.532,-0.0004,0.0001,264.4604,,,,,,,,,,,,0.244,0.252,0.272,0.232,0
20.68,-1.1701,-0.1106,264.532,-0.0004,0.0001,264.4604,,,,,,,,,,,,0.244,0.252,0.272,0.232,0
20.7,-1.1601,-0.095,264.436,-0.0004,0.0001,264.4604,,,,,,,,,,,,0.244,0.252,0.272,0.232,0
20.72,-1.1601,-0.095,264.436,-0.0004,0.0001,264.4604,,,,,,,,,,,,0.234,0.272,0.272,0.23,0
20.74,-1.1601,-0.095,264.436,-0.0004,0.0001,264.4604,,,,,,,,,,,,0.234,0.272,0.272,0.23,0
20.76,-1.1601,-0.095,264.436,-0.0004,0.0001,264.4604,,,,,,,,,,,,0.234,0.272,0.272,0.23,0
20.78,-1.1601,-0.095,264.436,-0.0004,0.0001,264.4604,,,,,,,,,,,,0.234,0.272,0.272,0.23,0
20.8,-1.1636,-0.093,264.5151,-0.0004,0.0001,264.4604,,,,,,,,,,,,0.234,0.272,0.272,0.23,0
20.82,-1.1636,-0.093,264.5151,-0.0004,0.0001,264.4604,,,,,,,,,,,,0.223,0.275,0.276,0.231,0
20.84,-1.1636,-0.093,264.5151,-0.0004,0.0001,264.4604,,,,,,,,,,,,0.223,0.275,0.276,0.231,0
20.86,-1.1636,-0.093,264.5151,-0.0004,0.0001,264.4604,,,,,,,,,,,,0.223,0.275,0.276,0.231,0
20.88,-1.1636,-0.093,264.5151,-0.0004,0.0001,264.4604,,,,,,,,,,,,0.223,0.275,0.276,0.231,0
20.9,-1.1742,-0.0771,264.4692,-0.0004,0.0001,264.4604,,,,,,,,,,,,0.223,0.275,0.276,0.231,0
20.92,-1.1742,-0.0771,264.4692,-0.0004,0.0001,264.4604,,,,,,,,,,,,0.229,0.275,0.275,0.228,0
20.94,-1.1742,-0.0771,264.4692,-0.0004,0.0001,264.4604,,,,,,,,,,,,0.229,0.275,0.275,0.228,0
20.96,-1.1742,-0.0771,264.4692,-0.0004,0.0001,264.4604,,,,,,,,,,,,0.229,0.275,0.275,0.228,0
20.98,-1.1742,-0.0771,264.4692,-0.0004,0.0001,264.4604,,,,,,,,,,,,0.229,0.275,0.275,0.228,0
21.0,-1.18,-0.0739,264.5284,-0.0004,0.0001,264.4604,,,,,,,,,,,,0.229,0.275,0.275,0.228,0
21.02,-1.18,-0.0739,264.5284,-0.0004,0.0001,264.4604,,,,,,,,,,,,0.222,0.276,0.277,0.23,0
21.04,-1.18,-0.0739,264.5284,-0.0004,0.0001,264.4604,,,,,,,,,,,,0.222,0.276,0.277,0.23,0
21.06,-1.18,-0.0739,264.5284,-0.0004,0.0001,264.4604,,,,,,,,,,,,0.222,0.276,0.277,0.23,0
21.08,-1.18,-0.0739,264.5284,-0.0004,0.0001,264.4604,,,,,,,,,,,,0.222,0.276,0.277,0.23,0
21.1,-1.1526,-0.0788,264.4866,-0.0004,0.0001,264.4604,,,,,,,,,,,,0.222,0.276,0.277,0.23,0
21.12,-1.1526,-0.0788,264.4866,-0.0004,0.0001,264.4604,,,,,,,,,,,,0.25,0.274,0.29,0.232,0
21.14,-1.1526,-0.0788,264.4866,-0.0004,0.0001,264.4604,,,,,,,,,,,,0.25,0.274,0.29,0.232,0
21.16,-1.1526,-0.0788,264.4866,-0.0004,0.0001,264.4604,,,,,,,,,,,,0.25,0.274,0.29,0.232,0
21.18,-1.1526,-0.0788,264.4866,-0.0004,0.0001,264.4604,,,,,,,,,,,,0.25,0.274,0.29,0.232,0
21.2,-1.146,-0.0664,264.537,-0.0004,0.0001,264.4604,,,,,,,,,,,,0.25,0.274,0.29,0.232,0
21.22,-1.146,-0.0664,264.537,-0.0004,0.0001,264.4604,,,,,,,,,,,,0.238,0.295,0.296,0.245,0
21.24,-1.146,-0.0664,264.537,-0.0004,0.0001,264.4604,,,,,,,,,,,,0.238,0.295,0.296,0.245,0
21.26,-1.146,-0.0664,264.537,-0.0004,0.0001,264.4604,,,,,,,,,,,,0.238,0.295,0.296,0.245,0
21.28,-1.146,-0.0664,264.537,-0.0004,0.0001,264.4604,,,,,,,,,,,,0.238,0.295,0.296,0.245,0
21.3,-1.1403,-0.0677,264.4805,-0.0004,0.0001,264.4604,,,,,,,,,,,,0.238,0.295,0.296,0.245,0
21.32,-1.1403,-0.0677,264.4805,-0.0004,0.0001,264.4604,,,,,,,,,,,,0.264,0.307,0.307,0.265,0
21.34,-1.1403,-0.0677,264.4805,-0.0004,0.0001,264.4604,,,,,,,,,,,,0.264,0.307,0.307,0.265,0
21.36,-1.1403,-0.0677,264.4805,-0.0004,0.0001,264.4604,,,,,,,,,,,,0.264,0.307,0.307,0.265,0
21.38,-1.1403,-0.0677,264.4805,-0.0004,0.0001,264.4604,,,,,,,,,,,,0.264,0.307,0.307,0.265,0
21.4,-1.134,-0.0644,264.5462,-0.0004,0.0001,264.4604,,,,,,,,,,,,0.264,0.307,0.307,0.265,0
21.42,-1.134,-0.0644,264.5462,-0.0004,0.0001,264.4604,,,,,,,,,,,,0.273,0.318,0.323,0.277,0
21.44,-1.134,-0.0644,264.5462,-0.0004,0.0001,264.4604,,,,,,,,,,,,0.273,0.318,0.323,0.277,0
21.46,-1.134,-0.0644,264.5462,-0.0004,0.0001,264.4604,,,,,,,,,,,,0.273,0.318,0.323,0.277,0
21.48,-1.134,-0.0644,264.5462,-0.0004,0.0001,264.4604,,,,,,,,,,,,0.273,0.318,0.323,0.277,0
21.5,-1.1155,-0.1014,264.4986,-0.0004,0.0001,264.4604,,,,,,,,,,,,0.273,0.318,0.323,0.277,0
21.52,-1.1155,-0.1014,264.4986,-0.0004,0.0001,264.4604,,,,,,,,,,,,0.275,0.326,0.328,0.273,0
21.54,-1.1155,-0.1014,264.4986,-0.0004,0.0001,264.4604,,,,,,,,,,,,0.275,0.326,0.328,0.273,0
21.56,-1.1155,-0.1014,264.4986,-0.0004,0.0001,264.4604,,,,,,,,,,,,0.275,0.326,0.328,0.273,0
21.58,-1.1155,-0.1014,264.4986,-0.0004,0.0001,264.4604,,,,,,,,,,,,0.275,0.326,0.328,0.273,0
21.6,-1.0498,-0.1669,264.5356,-0.0004,0.0001,264.4604,,,,,,,,,,,,0.275,0.326,0.328,0.273,0
21.62,-1.0498,-0.1669,264.5356,-0.0004,0.0001,264.4604,,,,,,,,,,,,0.269,0.328,0.327,0.278,0
21.64,-1.0498,-0.1669,264.5356,-0.0004,0.0001,264.4604,,,,,,,,,,,,0.269,0.328,0.327,0.278,0
21.66,-1.0498,-0.1669,264.5356,-0.0004,0.0001,264.4604,,,,,,,,,,,,0.269,0.328,0.327,0.278,0
21.68,-1.0498,-0.1669,264.5356,-0.0004,0.0001,264.4604,,,,,,,,,,,,0.269,0.328,0.327,0.278,0
21.7,-1.0426,-0.1969,264.5173,-0.0004,0.0001,264.4604,,,,,,,,,,,,0.269,0.328,0.327,0.278,0
21.72,-1.0426,-0.1969,264.5173,-0.0004,0.0001,264.4604,,,,,,,,,,,,0.286,0.315,0.328,0.274,0
21.74,-1.0426,-0.1969,264.5173,-0.0004,0.0001,264.4604,,,,,,,,,,,,0.286,0.315,0.328,0.274,0
21.76,-1.0426,-0.1969,264.5173,-0.0004,0.0001,264.4604,,,,,,,,,,,,0.286,0.315,0.328,0.274,0
21.78,-1.0426,-0.1969,264.5173,-0.0004,0.0001,264.4604,,,,,,,,,,,,0.286,0.315,0.328,0.274,0
21.8,-1.1251,-0.139,264.5187,-0.0004,0.0001,264.4604,,,,,,,,,,,,0.286,0.315,0.328,0.274,0
21.82,-1.1251,-0.139,264.5187,-0.0004,0.0001,264.4604,,,,,,,,,,,,0.296,0.333,0.339,0.295,0
21.84,-1.1251,-0.139,264.5187,-0.0004,0.0001,264.4604,,,,,,,,,,,,0.296,0.333,0.339,0.295,0
21.86,-1.1251,-0.139,264.5187,-0.0004,0.0001,264.4604,,,,,,,,,,,,0.296,0.333,0.339,0.295,0
21.88,-1.1251,-0.139,264.5187,-0.0004,0.0001,264.4604,,,,,,,,,,,,0.296,0.333,0.339,0.295,0
21.9,-1.0877,-0.2169,264.4843,-0.0004,0.0001,264.4604,,,,,,,,,,,,0.296,0.333,0.339,0.295,0
21.92,-1.0877,-0.2169,264.4843,-0.0004,0.0001,264.4604,,,,,,,,,,,,0.296,0.343,0.361,0.278,0
21.94,-1.0877,-0.2169,264.4843,-0.0004,0.0001,264.4604,,,,,,,,,,,,0.296,0.343,0.361,0.278,0
21.96,-1.0877,-0.2169,264.4843,-0.0004,0.0001,264.4604,,,,,,,,,,,,0.296,0.343,0.361,0.278,0
21.98,-1.0877,-0.2169,264.4843,-0.0004,0.0001,264.4604,,,,,,,,,,,,0.296,0.343,0.361,0.278,0
22.0,-1.0497,-0.2157,264.4921,-0.0004,0.0001,264.4604,,,,,,,,,,,,0.296,0.343,0.361,0.278,0
22.02,-1.0497,-0.2157,264.4921,-0.0004,0.0001,264.4604,,,,,,,,,,,,0.315,0.325,0.349,0.292,0
22.04,-1.0497,-0.2157,264.4921,-0.0004,0.0001,264.4604,,,,,,,,,,,,0.315,0.325,0.349,0.292,0
22.06,-1.0497,-0.2157,264.4921,-0.0004,0.0001,264.4604,,,,,,,,,,,,0.315,0.325,0.349,0.292,0
22.08,-1.0497,-0.2157,264.4921,-0.0004,0.0001,264.4604,,,,,,,,,,,,0.315,0.325,0.349,0.292,0
22.1,-1.0046,-0.1535,264.5163,-0.0004,0.0001,264.4604,,,,,,,,,,,,0.315,0.325,0.349,0.292,0
22.12,-1.0046,-0.1535,264.5163,-0.0004,0.0001,264.4604,,,,,,,,,,,,0.275,0.36,0.338,0.306,0
22.14,-1.0046,-0.1535,264.5163,-0.0004,0.0001,264.4604,,,,,,,,,,,,0.275,0.36,0.338,0.306,0
22.16,-1.0046,-0.1535,264.5163,-0.0004,0.0001,264.4604,,,,,,,,,,,,0.275,0.36,0.338,0.306,0
22.18,-1.0046,-0.1535,264.5163,-0.0004,0.0001,264.4604,,,,,,,,,,,,0.275,0.36,0.338,0.306,0
22.2,-0.9956,-0.2048,264.533,-0.0004,0.0001,264.4604,,,,,,,,,,,,0.275,0.36,0.338,0.306,0
22.22,-0.9956,-0.2048,264.533,-0.0004,0.0001,264.4604,,,,,,,,,,,,0.282,0.356,0.358,0.283,0
22.24,-0.9956,-0.2048,264.533,-0.0004,0.0001,264.4604,,,,,,,,,,,,0.282,0.356,0.358,0.283,0
22.26,-0.9956,-0.2048,264.533,-0.0004,0.0001,264.4604,,,,,,,,,,,,0.282,0.356,0.358,0.283,0
22.28,-0.9956,-0.2048,264.533,-0.0004,0.0001,264.4604,,,,,,,,,,,,0.282,0.356,0.358,0.283,0
22.3,-1.0491,-0.1754,264.4853,-0.0004,0.0001,264.4604,,,,,,,,,,,,0.282,0.356,0.358,0.283,0
22.32,-1.0491,-0.1754,264.4853,-0.0004,0.0001,264.4604,,,,,,,,,,,,0.287,0.351,0.365,0.272,0
22.34,-1.0491,-0.1754,264.4853,-0.0004,0.0001,264.4604,,,,,,,,,,,,0.287,0.351,0.365,0.272,0
22.36,-1.0491,-0.1754,264.4853,-0.0004,0.0001,264.4604,,,,,,,,,,,,0.287,0.351,0.365,0.272,0
22.38,-1.0491,-0.1754,264.4853,-0.0004,0.0001,264.4604,,,,,,,,,,,,0.287,0.351,0.365,0.272,0
22.4,-1.0459,-0.1619,264.5119,-0.0004,0.0001,264.4604,,,,,,,,,,,,0.287,0.351,0.365,0.272,0
22.42,-1.0459,-0.1619,264.5119,-0.0004,0.0001,264.4604,,,,,,,,,,,,0.298,0.35,0.361,0.288,0
22.44,-1.0459,-0.1619,264.5119,-0.0004,0.0001,264.4604,,,,,,,,,,,,0.298,0.35,0.361,0.288,0
22.46,-1.0459,-0.1619,264.5119,-0.0004,0.0001,264.4604,,,,,,,,,,,,0.298,0.35,0.361,0.288,0
22.48,-1.0459,-0.1619,264.5119,-0.0004,0.0001,264.4604,,,,,,,,,,,,0.298,0.35,0.361,0.288,0
22.5,-0.9858,-0.1659,264.4596,-0.0004,0.0001,264.4604,,,,,,,,,,,,0.298,0.35,0.361,0.288,0
22.52,-0.9858,-0.1659,264.4596,-0.0004,0.0001,264.4604,,,,,,,,,,,,0.286,0.381,0.365,0.304,0
22.54,-0.9858,-0.1659,264.4596,-0.0004,0.0001,264.4604,,,,,,,,,,,,0.286,0.381,0.365,0.304,0
22.56,-0.9858,-0.1659,264.4596,-0.0004,0.0001,264.4604,,,,,,,,,,,,0.286,0.381,0.365,0.304,0
22.58,-0.9858,-0.1659,264.4596,-0.0004,0.0001,264.4604,,,,,,,,,,,,0.286,0.381,0.365,0.304,0
22.6,-1.0113,-0.1697,264.4456,-0.0004,0.0001,264.4604,,,,,,,,,,,,0.286,0.381,0.365,0.304,0
22.62,-1.0113,-0.1697,264.4456,-0.0004,0.0001,264.4604,,,,,,,,,,,,0.326,0.381,0.385,0.323,0
22.64,-1.0113,-0.1697,264.4456,-0.0004,0.0001,264.4604,,,,,,,,,,,,0.326,0.381,0.385,0.323,0
22.66,-1.0113,-0.1697,264.4456,-0.0004,0.0001,264.4604,,,,,,,,,,,,0.326,0.381,0.385,0.323,0
22.68,-1.0113,-0.1697,264.4456,-0.0004,0.0001,264.4604,,,,,,,,,,,,0.326,0.381,0.385,0.323,0
22.7,-0.9507,-0.2063,264.3593,-0.0004,0.0001,264.4604,,,,,,,,,,,,0.326,0.381,0.385,0.323,0
22.72,-0.9507,-0.2063,264.3593,-0.0004,0.0001,264.4604,,,,,,,,,,,,0.374,0.395,0.39,0.371,0
22.74,-0.9507,-0.2063,264.3593,-0.0004,0.0001,264.4604,,,,,,,,,,,,0.374,0.395,0.39,0.371,0
22.76,-0.9507,-0.2063,264.3593,-0.0004,0.0001,264.4604,,,,,,,,,,,,0.374,0.395,0.39,0.371,0
22.78,-0.9507,-0.2063,264.3593,-0.0004,0.0001,264.4604,,,,,,,,,,,,0.374,0.395,0.39,0.371,0
22.8,-1.0253,-0.3046,264.3516,-0.0004,0.0001,264.4604,,,,,,,,,,,,0.374,0.395,0.39,0.371,0
22.82,-1.0253,-0.3046,264.3516,-0.0004,0.0001,264.4604,,,,,,,,,,,,0.363,0.403,0.424,0.335,0
22.84,-1.0253,-0.3046,264.3516,-0.0004,0.0001,264.4604,,,,,,,,,,,,0.363,0.403,0.424,0.335,0
22.86,-1.0253,-0.3046,264.3516,-0.0004,0.0001,264.4604,,,,,,,,,,,,0.363,0.403,0.424,0.335,0
22.88,-1.0253,-0.3046,264.3516,-0.0004,0.0001,264.4604,,,,,,,,,,,,0.363,0.403,0.424,0.335,0
22.9,-0.9305,-0.1873,264.1673,-0.0004,0.0001,264.4604,,,,,,,,,,,,0.363,0.403,0.424,0.335,0
22.92,-0.9305,-0.1873,264.1673,-0.0004,0.0001,264.4604,,,,,,,,,,,,0.389,0.393,0.414,0.349,0
22.94,-0.9305,-0.1873,264.1673,-0.0004,0.0001,264.4604,,,,,,,,,,,,0.389,0.393,0.414,0.349,0
22.96,-0.9305,-0.1873,264.1673,-0.0004,0.0001,264.4604,,,,,,,,,,,,0.389,0.393,0.414,0.349,0
22.98,-0.9305,-0.1873,264.1673,-0.0004,0.0001,264.4604,,,,,,,,,,,,0.389,0.393,0.414,0.349,0
23.0,-0.9587,-0.2506,264.0236,-0.0004,0.0001,264.4604,,,,,,,,,,,,0.389,0.393,0.414,0.349,0
23.02,-0.9587,-0.2506,264.0236,-0.0004,0.0001,264.4604,,,,,,,,,,,,0.394,0.408,0.418,0.361,0
23.04,-0.9587,-0.2506,264.0236,-0.0004,0.0001,264.4604,,,,,,,,,,,,0.394,0.408,0.418,0.361,0
23.06,-0.9587,-0.2506,264.0236,-0.0004,0.0001,264.4604,,,,,,,,,,,,0.394,0.408,0.418,0.361,0
23.08,-0.9587,-0.2506,264.0236,-0.0004,0.0001,264.4604,,,,,,,,,,,,0.394,0.408,0.418,0.361,0
23.1,-0.7947,-0.428,263.9837,-0.0004,0.0001,264.4604,,,,,,,,,,,,0.394,0.408,0.418,0.361,0
23.12,-0.7947,-0.428,263.9837,-0.0004,0.0001,264.4604,,,,,,,,,,,,0.416,0.392,0.424,0.364,0
23.14,-0.7947,-0.428,263.9837,-0.0004,0.0001,264.4604,,,,,,,,,,,,0.416,0.392,0.424,0.364,0
23.16,-0.7947,-0.428,263.9837,-0.0004,0.0001,264.4604,,,,,,,,,,,,0.416,0.392,0.424,0.364,0
23.18,-0.7947,-0.428,263.9837,-0.0004,0.0001,264.4604,,,,,,,,,,,,0.416,0.392,0.424,0.364,0
23.2,-0.8888,-0.1964,263.8418,-0.0004,0.0001,264.4604,,,,,,,,,,,,0.416,0.392,0.424,0.364,0
23.22,-0.8888,-0.1964,263.8418,-0.0004,0.0001,264.4604,,,,,,,,,,,,0.39,0.441,0.413,0.393,0
23.24,-0.8888,-0.1964,263.8418,-0.0004,0.0001,264.4604,,,,,,,,,,,,0.39,0.441,0.413,0.393,0
23.26,-0.8888,-0.1964,263.8418,-0.0004,0.0001,264.4604,,,,,,,,,,,,0.39,0.441,0.413,0.393,0
23.28,-0.8888,-0.1964,263.8418,-0.0004,0.0001,264.4604,,,,,,,,,,,,0.39,0.441,0.413,0.393,0
23.3,-0.9592,-0.249,263.6187,-0.0004,0.0001,264.4604,,,,,,,,,,,,0.39,0.441,0.413,0.393,0
23.32,-0.9592,-0.249,263.6187,-0.0004,0.0001,264.4604,,,,,,,,,,,,0.406,0.465,0.461,0.371,0
23.34,-0.9592,-0.249,263.6187,-0.0004,0.0001,264.4604,,,,,,,,,,,,0.406,0.465,0.461,0.371,0
23.36,-0.9592,-0.249,263.6187,-0.0004,0.0001,264.4604,,,,,,,,,,,,0.406,0.465,0.461,0.371,0
23.38,-0.9592,-0.249,263.6187,-0.0004,0.0001,264.4604,,,,,,,,,,,,0.406,0.465,0.461,0.371,0
23.4,-0.9767,-0.2902,263.728,-0.0004,0.0001,264.4604,,,,,,,,,,,,0.406,0.465,0.461,0.371,0
23.42,-0.9767,-0.2902,263.728,-0.0004,0.0001,264.4604,,,,,,,,,,,,0.358,0.515,0.459,0.401,0
23.44,-0.9767,-0.2902,263.728,-0.0004,0.0001,264.4604,,,,,,,,,,,,0.358,0.515,0.459,0.401,0
23.46,-0.9767,-0.2902,263.728,-0.0004,0.0001,264.4604,,,,,,,,,,,,0.358,0.515,0.459,0.401,0
23.48,-0.9767,-0.2902,263.728,-0.0004,0.0001,264.4604,,,,,,,,,,,,0.358,0.515,0.459,0.401,0
23.5,-0.8159,-0.3994,263.4328,-0.0004,0.0001,264.4604,,,,,,,,,,,,0.358,0.515,0.459,0.401,0
23.52,-0.8159,-0.3994,263.4328,-0.0004,0.0001,264.4604,,,,,,,,,,,,0.442,0.465,0.474,0.384,0
23.54,-0.8159,-0.3994,263.4328,-0.0004,0.0001,264.4604,,,,,,,,,,,,0.442,0.465,0.474,0.384,0
23.56,-0.8159,-0.3994,263.4328,-0.0004,0.0001,264.4604,,,,,,,,,,,,0.442,0.465,0.474,0.384,0
23.58,-0.8159,-0.3994,263.4328,-0.0004,0.0001,264.4604,,,,,,,,,,,,0.442,0.465,0.474,0.384,0
23.6,-0.8664,-0.4287,263.2003,-0.0004,0.0001,264.4604,,,,,,,,,,,,0.442,0.465,0.474,0.384,0
23.62,-0.8664,-0.4287,263.2003,-0.0004,0.0001,264.4604,,,,,,,,,,,,0.451,0.497,0.488,0.407,0
23.64,-0.8664,-0.4287,263.2003,-0.0004,0.0001,264.4604,,,,,,,,,,,,0.451,0.497,0.488,0.407,0
23.66,-0.8664,-0.4287,263.2003,-0.0004,0.0001,264.4604,,,,,,,,,,,,0.451,0.497,0.488,0.407,0
23.68,-0.8664,-0.4287,263.2003,-0.0004,0.0001,264.4604,,,,,,,,,,,,0.451,0.497,0.488,0.407,0
23.7,-0.8367,-0.4365,263.0201,-0.0004,0.0001,264.4604,,,,,,,,,,,,0.451,0.497,0.488,0.407,0
23.72,-0.8367,-0.4365,263.0201,-0.0004,0.0001,264.4604,,,,,,,,,,,,0.476,0.51,0.498,0.434,0
23.74,-0.8367,-0.4365,263.0201,-0.0004,0.0001,264.4604,,,,,,,,,,,,0.476,0.51,0.498,0.434,0
23.76,-0.8367,-0.4365,263.0201,-0.0004,0.0001,264.4604,,,,,,,,,,,,0.476,0.51,0.498,0.434,0
23.78,-0.8367,-0.4365,263.0201,-0.0004,0.0001,264.4604,,,,,,,,,,,,0.476,0.51,0.498,0.434,0
23.8,-0.7849,-0.4558,262.8068,-0.0004,0.0001,264.4604,,,,,,,,,,,,0.476,0.51,0.498,0.434,0
23.82,-0.7849,-0.4558,262.8068,-0.0004,0.0001,264.4604,,,,,,,,,,,,0.523,0.485,0.5,0.449,0
23.84,-0.7849,-0.4558,262.8068,-0.0004,0.0001,264.4604,,,,,,,,,,,,0.523,0.485,0.5,0.449,0
23.86,-0.7849,-0.4558,262.8068,-0.0004,0.0001,264.4604,,,,,,,,,,,,0.523,0.485,0.5,0.449,0
23.88,-0.7849,-0.4558,262.8068,-0.0004,0.0001,264.4604,,,,,,,,,,,,0.523,0.485,0.5,0.449,0
23.9,-0.716,-0.4972,262.5853,-0.0004,0.0001,264.4604,,,,,,,,,,,,0.523,0.485,0.5,0.449,0
23.92,-0.716,-0.4972,262.5853,-0.0004,0.0001,264.4604,,,,,,,,,,,,0.504,0.524,0.512,0.447,0
23.94,-0.716,-0.4972,262.5853,-0.0004,0.0001,264.4604,,,,,,,,,,,,0.504,0.524,0.512,0.447,0
23.96,-0.716,-0.4972,262.5853,-0.0004,0.0001,264.4604,,,,,,,,,,,,0.504,0.524,0.512,0.447,0
23.98,-0.716,-0.4972,262.5853,-0.0004,0.0001,264.4604,,,,,,,,,,,,0.504,0.524,0.512,0.447,0
24.0,-0.8136,-0.3475,262.4995,-0.0004,0.0001,264.4604,,,,,,,,,,,,0.504,0.524,0.512,0.447,0
24.02,-0.8136,-0.3475,262.4995,-0.0004,0.0001,264.4604,,,,,,,,,,,,0.483,0.555,0.501,0.473,0
24.04,-0.8136,-0.3475,262.4995,-0.0004,0.0001,264.4604,,,,,,,,,,,,0.483,0.555,0.501,0.473,0
24.06,-0.8136,-0.3475,262.4995,-0.0004,0.0001,264.4604,,,,,,,,,,,,0.483,0.555,0.501,0.473,0
24.08,-0.8136,-0.3475,262.4995,-0.0004,0.0001,264.4604,,,,,,,,,,,,0.483,0.555,0.501,0.473,0
24.1,-0.8052,-0.6693,262.3139,-0.0004,0.0001,264.4604,,,,,,,,,,,,0.483,0.555,0.501,0.473,0
24.12,-0.8052,-0.6693,262.3139,-0.0004,0.0001,264.4604,,,,,,,,,,,,0.499,0.55,0.537,0.438,0
24.14,-0.8052,-0.6693,262.3139,-0.0004,0.0001,264.4604,,,,,,,,,,,,0.499,0.55,0.537,0.438,0
24.16,-0.8052,-0.6693,262.3139,-0.0004,0.0001,264.4604,,,,,,,,,,,,0.499,0.55,0.537,0.438,0
24.18,-0.8052,-0.6693,262.3139,-0.0004,0.0001,264.4604,,,,,,,,,,,,0.499,0.55,0.537,0.438,0
24.2,-0.6105,-0.6352,262.1831,-0.0004,0.0001,264.4604,,,,,,,,,,,,0.499,0.55,0.537,0.438,0
24.22,-0.6105,-0.6352,262.1831,-0.0004,0.0001,264.4604,,,,,,,,,,,,0.516,0.543,0.528,0.457,0
24.24,-0.6105,-0.6352,262.1831,-0.0004,0.0001,264.4604,,,,,,,,,,,,0.516,0.543,0.528,0.457,0
24.26,-0.6105,-0.6352,262.1831,-0.0004,0.0001,264.4604,,,,,,,,,,,,0.516,0.543,0.528,0.457,0
24.28,-0.6105,-0.6352,262.1831,-0.0004,0.0001,264.4604,,,,,,,,,,,,0.516,0.543,0.528,0.457,0
24.3,-0.7438,-0.6757,261.901,-0.0004,0.0001,264.4604,,,,,,,,,,,,0.516,0.543,0.528,0.457,0
24.32,-0.7438,-0.6757,261.901,-0.0004,0.0001,264.4604,,,,,,,,,,,,0.566,0.522,0.54,0.462,0
24.34,-0.7438,-0.6757,261.901,-0.0004,0.0001,264.4604,,,,,,,,,,,,0.566,0.522,0.54,0.462,0
24.36,-0.7438,-0.6757,261.901,-0.0004,0.0001,264.4604,,,,,,,,,,,,0.566,0.522,0.54,0.462,0
24.38,-0.7438,-0.6757,261.901,-0.0004,0.0001,264.4604,,,,,,,,,,,,0.566,0.522,0.54,0.462,0
24.4,-0.8206,-0.4116,261.4455,-0.0004,0.0001,264.4604,,,,,,,,,,,,0.566,0.522,0.54,0.462,0
24.42,-0.8206,-0.4116,261.4455,-0.0004,0.0001,264.4604,,,,,,,,,,,,0.526,0.595,0.543,0.474,0
24.44,-0.8206,-0.4116,261.4455,-0.0004,0.0001,264.4604,,,,,,,,,,,,0.526,0.595,0.543,0.474,0
24.46,-0.8206,-0.4116,261.4455,-0.0004,0.0001,264.4604,,,,,,,,,,,,0.526,0.595,0.543,0.474,0
24.48,-0.8206,-0.4116,261.4455,-0.0004,0.0001,264.4604,,,,,,,,,,,,0.526,0.595,0.543,0.474,0
24.5,-0.6841,-0.5348,261.1892,-0.0004,0.0001,264.4604,,,,,,,,,,,,0.526,0.595,0.543,0.474,0
24.52,-0.6841,-0.5348,261.1892,-0.0004,0.0001,264.4604,,,,,,,,,,,,0.563,0.573,0.55,0.476,0
24.54,-0.6841,-0.5348,261.1892,-0.0004,0.0001,264.4604,,,,,,,,,,,,0.563,0.573,0.55,0.476,0
24.56,-0.6841,-0.5348,261.1892,-0.0004,0.0001,264.4604,,,,,,,,,,,,0.563,0.573,0.55,0.476,0
24.58,-0.6841,-0.5348,261.1892,-0.0004,0.0001,264.4604,,,,,,,,,,,,0.563,0.573,0.55,0.476,0
24.6,-0.909,-0.2682,260.9322,-0.0004,0.0001,264.4604,,,,,,,,,,,,0.563,0.573,0.55,0.476,0
24.62,-0.909,-0.2682,260.9322,-0.0004,0.0001,264.4604,,,,,,,,,,,,0.522,0.62,0.571,0.457,0
24.64,-0.909,-0.2682,260.9322,-0.0004,0.0001,264.4604,,,,,,,,,,,,0.522,0.62,0.571,0.457,0
24.66,-0.909,-0.2682,260.9322,-0.0004,0.0001,264.4604,,,,,,,,,,,,0.522,0.62,0.571,0.457,0
24.68,-0.909,-0.2682,260.9322,-0.0004,0.0001,264.4604,,,,,,,,,,,,0.522,0.62,0.571,0.457,0
24.7,-0.5653,-0.0391,260.4774,-0.0004,0.0001,264.4604,,,,,,,,,,,,0.522,0.62,0.571,0.457,0
24.72,-0.5653,-0.0391,260.4774,-0.0004,0.0001,264.4604,,,,,,,,,,,,0.561,0.601,0.531,0.504,0
24.74,-0.5653,-0.0391,260.4774,-0.0004,0.0001,264.4604,,,,,,,,,,,,0.561,0.601,0.531,0.504,0
24.76,-0.5653,-0.0391,260.4774,-0.0004,0.0001,264.4604,,,,,,,,,,,,0.561,0.601,0.531,0.504,0
24.78,-0.5653,-0.0391,260.4774,-0.0004,0.0001,264.4604,,,,,,,,,,,,0.561,0.601,0.531,0.504,0
24.8,-0.6283,0.0197,259.8044,0.2734,0.0,264.4604,,,,,,,,,,,,0.561,0.601,0.531,0.504,0
24.82,-0.6283,0.0197,259.8044,0.2734,0.0,264.4604,,,,,,,,,,,,0.577,0.614,0.572,0.462,0
24.84,-0.6283,0.0197,259.8044,0.2734,0.0,264.4604,,,,,,,,,,,,0.577,0.614,0.572,0.462,0
24.86,-0.6283,0.0197,259.8044,0.2734,0.0,264.4604,,,,,,,,,,,,0.577,0.614,0.572,0.462,0
24.88,-0.6283,0.0197,259.8044,0.2734,0.0,264.4604,,,,,,,,,,,,0.577,0.614,0.572,0.462,0
24.9,-0.5225,-0.2376,259.1155,0.8599,0.0,264.4604,,,,,,,,,,,,0.577,0.614,0.572,0.462,0
24.92,-0.5225,-0.2376,259.1155,0.8599,0.0,264.4604,,,,,,,,,,,,0.564,0.65,0.55,0.493,0
24.94,-0.5225,-0.2376,259.1155,0.8599,0.0,264.4604,,,,,,,,,,,,0.564,0.65,0.55,0.493,0
24.96,-0.5225,-0.2376,259.1155,0.8599,0.0,264.4604,,,,,,,,,,,,0.564,0.65,0.55,0.493,0
24.98,-0.5225,-0.2376,259.1155,0.8599,0.0,264.4604,,,,,,,,,,,,0.564,0.65,0.55,0.493,0
25.0,-0.1004,0.4807,258.3724,1.4692,0.0,264.4604,,,,,,,,,,,,0.564,0.65,0.55,0.493,0
25.02,-0.1004,0.4807,258.3724,1.4692,0.0,264.4604,,,,,,,,,,,,0.585,0.642,0.539,0.49,0
25.04,-0.1004,0.4807,258.3724,1.4692,0.0,264.4604,,,,,,,,,,,,0.585,0.642,0.539,0.49,0
25.06,-0.1004,0.4807,258.3724,1.4692,0.0,264.4604,,,,,,,,,,,,0.585,0.642,0.539,0.49,0
25.08,-0.1004,0.4807,258.3724,1.4692,0.0,264.4604,,,,,,,,,,,,0.585,0.642,0.539,0.49,0
25.1,0.2041,1.6479,257.468,2.1386,0.0,264.4604,,,,,,,,,,,,0.585,0.642,0.539,0.49,0
25.12,0.2041,1.6479,257.468,2.1386,0.0,264.4604,,,,,,,,,,,,0.529,0.703,0.555,0.455,0
25.14,0.2041,1.6479,257.468,2.1386,0.0,264.4604,,,,,,,,,,,,0.529,0.703,0.555,0.455,0
25.16,0.2041,1.6479,257.468,2.1386,0.0,264.4604,,,,,,,,,,,,0.529,0.703,0.555,0.455,0
25.18,0.2041,1.6479,257.468,2.1386,0.0,264.4604,,,,,,,,,,,,0.529,0.703,0.555,0.455,0
25.2,-0.6637,2.7351,256.3997,2.6565,-0.0019,264.4604,,,,,,,,,,,,0.529,0.703,0.555,0.455,0
25.22,-0.6637,2.7351,256.3997,2.6565,-0.0019,264.4604,,,,,,,,,,,,0.573,0.68,0.518,0.479,0
25.24,-0.6637,2.7351,256.3997,2.6565,-0.0019,264.4604,,,,,,,,,,,,0.573,0.68,0.518,0.479,0
25.26,-0.6637,2.7351,256.3997,2.6565,-0.0019,264.4604,,,,,,,,,,,,0.573,0.68,0.518,0.479,0
25.28,-0.6637,2.7351,256.3997,2.6565,-0.0019,264.4604,,,,,,,,,,,,0.573,0.68,0.518,0.479,0
25.3,-0.311,2.1772,255.6965,2.3355,-0.5481,264.4605,,,,,,,,,,,,0.573,0.68,0.518,0.479,0
25.32,-0.311,2.1772,255.6965,2.3355,-0.5481,264.4605,,,,,,,,,,,,0.61,0.649,0.527,0.465,0
25.34,-0.311,2.1772,255.6965,2.3355,-0.5481,264.4605,,,,,,,,,,,,0.61,0.649,0.527,0.465,0
25.36,-0.311,2.1772,255.6965,2.3355,-0.5481,264.4605,,,,,,,,,,,,0.61,0.649,0.527,0.465,0
25.38,-0.311,2.1772,255.6965,2.3355,-0.5481,264.4605,,,,,,,,,,,,0.61,0.649,0.527,0.465,0
25.4,0.1054,1.8358,255.017,1.3743,-2.6118,264.4609,,,,,,,,,,,,0.61,0.649,0.527,0.465,0
25.42,0.1054,1.8358,255.017,1.3743,-2.6118,264.4609,,,,,,,,,,,,0.546,0.704,0.514,0.466,0
25.44,0.1054,1.8358,255.017,1.3743,-2.6118,264.4609,,,,,,,,,,,,0.546,0.704,0.514,0.466,0
25.46,0.1054,1.8358,255.017,1.3743,-2.6118,264.4609,,,,,,,,,,,,0.546,0.704,0.514,0.466,0
25.48,0.1054,1.8358,255.017,1.3743,-2.6118,264.4609,,,,,,,,,,,,0.546,0.704,0.514,0.466,0
25.5,-1.0434,0.5161,254.0892,1.1171,-4.3402,264.461,,,,,,,,,,,,0.546,0.704,0.514,0.466,0
25.52,-1.0434,0.5161,254.0892,1.1171,-4.3402,264.461,,,,,,,,,,,,0.601,0.667,0.519,0.445,0
25.54,-1.0434,0.5161,254.0892,1.1171,-4.3402,264.461,,,,,,,,,,,,0.601,0.667,0.519,0.445,0
25.56,-1.0434,0.5161,254.0892,1.1171,-4.3402,264.461,,,,,,,,,,,,0.601,0.667,0.519,0.445,0
25.58,-1.0434,0.5161,254.0892,1.1171,-4.3402,264.461,,,,,,,,,,,,0.601,0.667,0.519,0.445,0
25.6,-0.6872,-0.6783,253.6664,1.2465,-5.408,264.461,,,,,,,,,,,,0.601,0.667,0.519,0.445,0
25.62,-0.6872,-0.6783,253.6664,1.2465,-5.408,264.461,,,,,,,,,,,,0.485,0.756,0.46,0.507,0
25.64,-0.6872,-0.6783,253.6664,1.2465,-5.408,264.461,,,,,,,,,,,,0.485,0.756,0.46,0.507,0
25.66,-0.6872,-0.6783,253.6664,1.2465,-5.408,264.461,,,,,,,,,,,,0.485,0.756,0.46,0.507,0
25.68,-0.6872,-0.6783,253.6664,1.2465,-5.408,264.461,,,,,,,,,,,,0.485,0.756,0.46,0.507,0
25.7,-0.314,-1.2651,253.7736,1.1686,-6.6726,264.461,,,,,,,,,,,,0.485,0.756,0.46,0.507,0
25.72,-0.314,-1.2651,253.7736,1.1686,-6.6726,264.461,,,,,,,,,,,,0.536,0.712,0.507,0.472,0
25.74,-0.314,-1.2651,253.7736,1.1686,-6.6726,264.461,,,,,,,,,,,,0.536,0.712,0.507,0.472,0
25.76,-0.314,-1.2651,253.7736,1.1686,-6.6726,264.461,,,,,,,,,,,,0.536,0.712,0.507,0.472,0
25.78,-0.314,-1.2651,253.7736,1.1686,-6.6726,264.461,,,,,,,,,,,,0.536,0.712,0.507,0.472,0
25.8,0.1801,-0.8851,254.0493,1.1168,-7.6793,264.461,,,,,,,,,,,,0.536,0.712,0.507,0.472,0
25.82,0.1801,-0.8851,254.0493,1.1168,-7.6793,264.461,,,,,,,,,,,,0.572,0.677,0.478,0.509,0
25.84,0.1801,-0.8851,254.0493,1.1168,-7.6793,264.461,,,,,,,,,,,,0.572,0.677,0.478,0.509,0
25.86,0.1801,-0.8851,254.0493,1.1168,-7.6793,264.461,,,,,,,,,,,,0.572,0.677,0.478,0.509,0
25.88,0.1801,-0.8851,254.0493,1.1168,-7.6793,264.461,,,,,,,,,,,,0.572,0.677,0.478,0.509,0
25.9,-0.4543,-1.2296,254.3763,1.3077,-8.462,264.4609,,,,,,,,,,,,0.572,0.677,0.478,0.509,0
25.92,-0.4543,-1.2296,254.3763,1.3077,-8.462,264.4609,,,,,,,,,,,,0.521,0.722,0.481,0.514,0
25.94,-0.4543,-1.2296,254.3763,1.3077,-8.462,264.4609,,,,,,,,,,,,0.521,0.722,0.481,0.514,0
25.96,-0.4543,-1.2296,254.3763,1.3077,-8.462,264.4609,,,,,,,,,,,,0.521,0.722,0.481,0.514,0
25.98,-0.4543,-1.2296,254.3763,1.3077,-8.462,264.4609,,,,,,,,,,,,0.521,0.722,0.481,0.514,0
26.0,0.5255,-1.1524,254.8023,1.4247,-8.8765,264.4609,,,,,,,,,,,,0.521,0.722,0.481,0.514,0
26.02,0.5255,-1.1524,254.8023,1.4247,-8.8765,264.4609,,,,,,,,,,,,0.56,0.693,0.509,0.501,0
26.04,0.5255,-1.1524,254.8023,1.4247,-8.8765,264.4609,,,,,,,,,,,,0.56,0.693,0.509,0.501,0
26.06,0.5255,-1.1524,254.8023,1.4247,-8.8765,264.4609,,,,,,,,,,,,0.56,0.693,0.509,0.501,0
26.08,0.5255,-1.1524,254.8023,1.4247,-8.8765,264.4609,,,,,,,,,,,,0.56,0.693,0.509,0.501,0
26.1,0.6413,-1.3589,255.3289,1.4457,-9.0198,264.461,,,,,,,,,,,,0.56,0.693,0.509,0.501,0
26.12,0.6413,-1.3589,255.3289,1.4457,-9.0198,264.461,,,,,,,,,,,,0.535,0.729,0.523,0.519,0
26.14,0.6413,-1.3589,255.3289,1.4457,-9.0198,264.461,,,,,,,,,,,,0.535,0.729,0.523,0.519,0
26.16,0.6413,-1.3589,255.3289,1.4457,-9.0198,264.461,,,,,,,,,,,,0.535,0.729,0.523,0.519,0
26.18,0.6413,-1.3589,255.3289,1.4457,-9.0198,264.461,,,,,,,,,,,,0.535,0.729,0.523,0.519,0
26.2,1.1034,-1.7562,256.0229,1.5086,-9.0962,264.461,,,,,,,,,,,,0.535,0.729,0.523,0.519,0
26.22,1.1034,-1.7562,256.0229,1.5086,-9.0962,264.461,,,,,,,,,,,,0.538,0.723,0.533,0.517,0
26.24,1.1034,-1.7562,256.0229,1.5086,-9.0962,264.461,,,,,,,,,,,,0.538,0.723,0.533,0.517,0
26.26,1.1034,-1.7562,256.0229,1.5086,-9.0962,264.461,,,,,,,,,,,,0.538,0.723,0.533,0.517,0
26.28,1.1034,-1.7562,256.0229,1.5086,-9.0962,264.461,,,,,,,,,,,,0.538,0.723,0.533,0.517,0
26.3,2.3984,-1.6523,256.8385,1.6169,-9.0254,264.461,,,,,,,,,,,,0.538,0.723,0.533,0.517,0
26.32,2.3984,-1.6523,256.8385,1.6169,-9.0254,264.461,,,,,,,,,,,,0.57,0.692,0.502,0.562,0
26.34,2.3984,-1.6523,256.8385,1.6169,-9.0254,264.461,,,,,,,,,,,,0.57,0.692,0.502,0.562,0
26.36,2.3984,-1.6523,256.8385,1.6169,-9.0254,264.461,,,,,,,,,,,,0.57,0.692,0.502,0.562,0
26.38,2.3984,-1.6523,256.8385,1.6169,-9.0254,264.461,,,,,,,,,,,,0.57,0.692,0.502,0.562,0
26.4,3.6241,-2.4736,257.5161,1.8226,-8.95,264.461,,,,,,,,,,,,0.57,0.692,0.502,0.562,0
26.42,3.6241,-2.4736,257.5161,1.8226,-8.95,264.461,,,,,,,,,,,,0.554,0.702,0.489,0.579,0
26.44,3.6241,-2.4736,257.5161,1.8226,-8.95,264.461,,,,,,,,,,,,0.554,0.702,0.489,0.579,0
26.46,3.6241,-2.4736,257.5161,1.8226,-8.95,264.461,,,,,,,,,,,,0.554,0.702,0.489,0.579,0
26.48,3.6241,-2.4736,257.5161,1.8226,-8.95,264.461,,,,,,,,,,,,0.554,0.702,0.489,0.579,0
26.5,4.9723,-3.4896,257.6723,1.6253,-8.432,264.461,,,,,,,,,,,,0.554,0.702,0.489,0.579,0
26.52,4.9723,-3.4896,257.6723,1.6253,-8.432,264.461,,,,,,,,,,,,0.602,0.667,0.504,0.562,0
26.54,4.9723,-3.4896,257.6723,1.6253,-8.432,264.461,,,,,,,,,,,,0.602,0.667,0.504,0.562,0
26.56,4.9723,-3.4896,257.6723,1.6253,-8.432,264.461,,,,,,,,,,,,0.602,0.667,0.504,0.562,0
26.58,4.9723,-3.4896,257.6723,1.6253,-8.432,264.461,,,,,,,,,,,,0.602,0.667,0.504,0.562,0
26.6,4.4703,-3.3803,257.7978,0.8779,-7.4324,264.4608,,,,,,,,,,,,0.602,0.667,0.504,0.562,0
26.62,4.4703,-3.3803,257.7978,0.8779,-7.4324,264.4608,,,,,,,,,,,,0.562,0.7,0.509,0.554,0
26.64,4.4703,-3.3803,257.7978,0.8779,-7.4324,264.4608,,,,,,,,,,,,0.562,0.7,0.509,0.554,0
26.66,4.4703,-3.3803,257.7978,0.8779,-7.4324,264.4608,,,,,,,,,,,,0.562,0.7,0.509,0.554,0
26.68,4.4703,-3.3803,257.7978,0.8779,-7.4324,264.4608,,,,,,,,,,,,0.562,0.7,0.509,0.554,0
26.7,1.8285,-2.8746,257.9761,0.4482,-6.3691,264.4608,,,,,,,,,,,,0.562,0.7,0.509,0.554,0
26.72,1.8285,-2.8746,257.9761,0.4482,-6.3691,264.4608,,,,,,,,,,,,0.48,0.758,0.561,0.498,0
26.74,1.8285,-2.8746,257.9761,0.4482,-6.3691,264.4608,,,,,,,,,,,,0.48,0.758,0.561,0.498,0
26.76,1.8285,-2.8746,257.9761,0.4482,-6.3691,264.4608,,,,,,,,,,,,0.48,0.758,0.561,0.498,0
26.78,1.8285,-2.8746,257.9761,0.4482,-6.3691,264.4608,,,,,,,,,,,,0.48,0.758,0.561,0.498,0
26.8,-0.6359,-0.8402,257.8346,0.2288,-5.8639,264.4608,,,,,,,,,,,,0.48,0.758,0.561,0.498,0
26.82,-0.6359,-0.8402,257.8346,0.2288,-5.8639,264.4608,,,,,,,,,,,,0.534,0.726,0.448,0.594,0
26.84,-0.6359,-0.8402,257.8346,0.2288,-5.8639,264.4608,,,,,,,,,,,,0.534,0.726,0.448,0.594,0
26.86,-0.6359,-0.8402,257.8346,0.2288,-5.8639,264.4608,,,,,,,,,,,,0.534,0.726,0.448,0.594,0
26.88,-0.6359,-0.8402,257.8346,0.2288,-5.8639,264.4608,,,,,,,,,,,,0.534,0.726,0.448,0.594,0
26.9,-0.2739,-1.9218,257.7214,0.1168,-5.6283,264.4608,,,,,,,,,,,,0.534,0.726,0.448,0.594,0
26.92,-0.2739,-1.9218,257.7214,0.1168,-5.6283,264.4608,,,,,,,,,,,,0.571,0.7,0.514,0.539,0
26.94,-0.2739,-1.9218,257.7214,0.1168,-5.6283,264.4608,,,,,,,,,,,,0.571,0.7,0.514,0.539,0
26.96,-0.2739,-1.9218,257.7214,0.1168,-5.6283,264.4608,,,,,,,,,,,,0.571,0.7,0.514,0.539,0
26.98,-0.2739,-1.9218,257.7214,0.1168,-5.6283,264.4608,,,,,,,,,,,,0.571,0.7,0.514,0.539,0
27.0,-0.562,-2.4853,257.7088,0.0596,-5.2758,264.4608,,,,,,,,,,,,0.571,0.7,0.514,0.539,0
27.02,-0.562,-2.4853,257.7088,0.0596,-5.2758,264.4608,,,,,,,,,,,,0.555,0.735,0.52,0.563,0
27.04,-0.562,-2.4853,257.7088,0.0596,-5.2758,264.4608,,,,,,,,,,,,0.555,0.735,0.52,0.563,0
27.06,-0.562,-2.4853,257.7088,0.0596,-5.2758,264.4608,,,,,,,,,,,,0.555,0.735,0.52,0.563,0
27.08,-0.562,-2.4853,257.7088,0.0596,-5.2758,264.4608,,,,,,,,,,,,0.555,0.735,0.52,0.563,0
27.1,-0.5891,-2.027,257.8715,0.0305,-4.9444,264.4607,,,,,,,,,,,,0.555,0.735,0.52,0.563,0
27.12,-0.5891,-2.027,257.8715,0.0305,-4.9444,264.4607,,,,,,,,,,,,0.544,0.744,0.54,0.552,0
27.14,-0.5891,-2.027,257.8715,0.0305,-4.9444,264.4607,,,,,,,,,,,,0.544,0.744,0.54,0.552,0
27.16,-0.5891,-2.027,257.8715,0.0305,-4.9444,264.4607,,,,,,,,,,,,0.544,0.744,0.54,0.552,0
27.18,-0.5891,-2.027,257.8715,0.0305,-4.9444,264.4607,,,,,,,,,,,,0.544,0.744,0.54,0.552,0
27.2,-0.8182,-1.3093,258.4773,0.0155,-4.6462,264.4608,,,,,,,,,,,,0.544,0.744,0.54,0.552,0
27.22,-0.8182,-1.3093,258.4773,0.0155,-4.6462,264.4608,,,,,,,,,,,,0.548,0.734,0.548,0.559,0
27.24,-0.8182,-1.3093,258.4773,0.0155,-4.6462,264.4608,,,,,,,,,,,,0.548,0.734,0.548,0.559,0
27.26,-0.8182,-1.3093,258.4773,0.0155,-4.6462,264.4608,,,,,,,,,,,,0.548,0.734,0.548,0.559,0
27.28,-0.8182,-1.3093,258.4773,0.0155,-4.6462,264.4608,,,,,,,,,,,,0.548,0.734,0.548,0.559,0
27.3,-0.4881,-1.7544,258.9846,0.0079,-4.2907,264.4608,,,,,,,,,,,,0.548,0.734,0.548,0.559,0
27.32,-0.4881,-1.7544,258.9846,0.0079,-4.2907,264.4608,,,,,,,,,,,,0.513,0.759,0.576,0.545,0
27.34,-0.4881,-1.7544,258.9846,0.0079,-4.2907,264.4608,,,,,,,,,,,,0.513,0.759,0.576,0.545,0
27.36,-0.4881,-1.7544,258.9846,0.0079,-4.2907,264.4608,,,,,,,,,,,,0.513,0.759,0.576,0.545,0
27.38,-0.4881,-1.7544,258.9846,0.0079,-4.2907,264.4608,,,,,,,,,,,,0.513,0.759,0.576,0.545,0
27.4,-0.3543,-2.3265,259.8253,0.0041,-4.2513,264.4608,,,,,,,,,,,,0.513,0.759,0.576,0.545,0
27.42,-0.3543,-2.3265,259.8253,0.0041,-4.2513,264.4608,,,,,,,,,,,,0.57,0.706,0.545,0.589,0
27.44,-0.3543,-2.3265,259.8253,0.0041,-4.2513,264.4608,,,,,,,,,,,,0.57,0.706,0.545,0.589,0
27.46,-0.3543,-2.3265,259.8253,0.0041,-4.2513,264.4608,,,,,,,,,,,,0.57,0.706,0.545,0.589,0
27.48,-0.3543,-2.3265,259.8253,0.0041,-4.2513,264.4608,,,,,,,,,,,,0.57,0.706,0.545,0.589,0
27.5,0.758,-3.8731,261.0671,0.2395,-4.3799,264.4608,,,,,,,,,,,,0.57,0.706,0.545,0.589,0
27.52,0.758,-3.8731,261.0671,0.2395,-4.3799,264.4608,,,,,,,,,,,,0.597,0.669,0.599,0.568,0
27.54,0.758,-3.8731,261.0671,0.2395,-4.3799,264.4608,,,,,,,,,,,,0.597,0.669,0.599,0.568,0
27.56,0.758,-3.8731,261.0671,0.2395,-4.3799,264.4608,,,,,,,,,,,,0.597,0.669,0.599,0.568,0
27.58,0.758,-3.8731,261.0671,0.2395,-4.3799,264.4608,,,,,,,,,,,,0.597,0.669,0.599,0.568,0
27.6,2.0147,-5.6464,262.3333,0.6827,-4.651,264.4608,,,,,,,,,,,,0.597,0.669,0.599,0.568,0
27.62,2.0147,-5.6464,262.3333,0.6827,-4.651,264.4608,,,,,,,,,,,,0.593,0.662,0.58,0.615,0
27.64,2.0147,-5.6464,262.3333,0.6827,-4.651,264.4608,,,,,,,,,,,,0.593,0.662,0.58,0.615,0
27.66,2.0147,-5.6464,262.3333,0.6827,-4.651,264.4608,,,,,,,,,,,,0.593,0.662,0.58,0.615,0
27.68,2.0147,-5.6464,262.3333,0.6827,-4.651,264.4608,,,,,,,,,,,,0.593,0.662,0.58,0.615,0
27.7,3.8171,-6.2209,263.453,0.7172,-4.7786,264.4608,,,,,,,,,,,,0.593,0.662,0.58,0.615,0
27.72,3.8171,-6.2209,263.453,0.7172,-4.7786,264.4608,,,,,,,,,,,,0.57,0.675,0.554,0.649,0
27.74,3.8171,-6.2209,263.453,0.7172,-4.7786,264.4608,,,,,,,,,,,,0.57,0.675,0.554,0.649,0
27.76,3.8171,-6.2209,263.453,0.7172,-4.7786,264.4608,,,,,,,,,,,,0.57,0.675,0.554,0.649,0
27.78,3.8171,-6.2209,263.453,0.7172,-4.7786,264.4608,,,,,,,,,,,,0.57,0.675,0.554,0.649,0
27.8,4.696,-6.1017,264.1599,0.3949,-4.4551,264.4608,,,,,,,,,,,,0.57,0.675,0.554,0.649,0
27.82,4.696,-6.1017,264.1599,0.3949,-4.4551,264.4608,,,,,,,,,,,,0.563,0.681,0.575,0.633,0
27.84,4.696,-6.1017,264.1599,0.3949,-4.4551,264.4608,,,,,,,,,,,,0.563,0.681,0.575,0.633,0
27.86,4.696,-6.1017,264.1599,0.3949,-4.4551,264.4608,,,,,,,,,,,,0.563,0.681,0.575,0.633,0
27.88,4.696,-6.1017,264.1599,0.3949,-4.4551,264.4608,,,,,,,,,,,,0.563,0.681,0.575,0.633,0
27.9,4.2704,-4.8667,264.381,0.2016,-4.0956,264.4607,,,,,,,,,,,,0.563,0.681,0.575,0.633,0
27.92,4.2704,-4.8667,264.381,0.2016,-4.0956,264.4607,,,,,,,,,,,,0.556,0.689,0.574,0.627,0
27.94,4.2704,-4.8667,264.381,0.2016,-4.0956,264.4607,,,,,,,,,,,,0.556,0.689,0.574,0.627,0
27.96,4.2704,-4.8667,264.381,0.2016,-4.0956,264.4607,,,,,,,,,,,,0.556,0.689,0.574,0.627,0
27.98,4.2704,-4.8667,264.381,0.2016,-4.0956,264.4607,,,,,,,,,,,,0.556,0.689,0.574,0.627,0
28.0,2.5922,-2.6053,264.103,0.1029,-3.7478,264.4607,,,,,,,,,,,,0.556,0.689,0.574,0.627,0
28.02,2.5922,-2.6053,264.103,0.1029,-3.7478,264.4607,,,,,,,,,,,,0.509,0.738,0.574,0.611,0
28.04,2.5922,-2.6053,264.103,0.1029,-3.7478,264.4607,,,,,,,,,,,,0.509,0.738,0.574,0.611,0
28.06,2.5922,-2.6053,264.103,0.1029,-3.7478,264.4607,,,,,,,,,,,,0.509,0.738,0.574,0.611,0
28.08,2.5922,-2.6053,264.103,0.1029,-3.7478,264.4607,,,,,,,,,,,,0.509,0.738,0.574,0.611,0
28.1,-0.3927,-1.2278,263.4937,0.0526,-3.2324,264.4607,,,,,,,,,,,,0.509,0.738,0.574,0.611,0
28.12,-0.3927,-1.2278,263.4937,0.0526,-3.2324,264.4607,,,,,,,,,,,,0.524,0.742,0.621,0.554,0
28.14,-0.3927,-1.2278,263.4937,0.0526,-3.2324,264.4607,,,,,,,,,,,,0.524,0.742,0.621,0.554,0
28.16,-0.3927,-1.2278,263.4937,0.0526,-3.2324,264.4607,,,,,,,,,,,,0.524,0.742,0.621,0.554,0
28.18,-0.3927,-1.2278,263.4937,0.0526,-3.2324,264.4607,,,,,,,,,,,,0.524,0.742,0.621,0.554,0
28.2,0.2929,-1.1341,262.695,0.0268,-2.2492,264.4607,,,,,,,,,,,,0.524,0.742,0.621,0.554,0
28.22,0.2929,-1.1341,262.695,0.0268,-2.2492,264.4607,,,,,,,,,,,,0.629,0.676,0.597,0.579,0
28.24,0.2929,-1.1341,262.695,0.0268,-2.2492,264.4607,,,,,,,,,,,,0.629,0.676,0.597,0.579,0
28.26,0.2929,-1.1341,262.695,0.0268,-2.2492,264.4607,,,,,,,,,,,,0.629,0.676,0.597,0.579,0
28.28,0.2929,-1.1341,262.695,0.0268,-2.2492,264.4607,,,,,,,,,,,,0.629,0.676,0.597,0.579,0
28.3,0.0898,-1.9577,262.0424,0.0137,-1.4036,264.4606,,,,,,,,,,,,0.629,0.676,0.597,0.579,0
28.32,0.0898,-1.9577,262.0424,0.0137,-1.4036,264.4606,,,,,,,,,,,,0.581,0.728,0.58,0.599,0
28.34,0.0898,-1.9577,262.0424,0.0137,-1.4036,264.4606,,,,,,,,,,,,0.581,0.728,0.58,0.599,0
28.36,0.0898,-1.9577,262.0424,0.0137,-1.4036,264.4606,,,,,,,,,,,,0.581,0.728,0.58,0.599,0
28.38,0.0898,-1.9577,262.0424,0.0137,-1.4036,264.4606,,,,,,,,,,,,0.581,0.728,0.58,0.599,0
28.4,-0.3851,-0.2623,261.4189,0.007,-0.7387,264.4607,,,,,,,,,,,,0.581,0.728,0.58,0.599,0
28.42,-0.3851,-0.2623,261.4189,0.007,-0.7387,264.4607,,,,,,,,,,,,0.545,0.766,0.591,0.584,0
28.44,-0.3851,-0.2623,261.4189,0.007,-0.7387,264.4607,,,,,,,,,,,,0.545,0.766,0.591,0.584,0
28.46,-0.3851,-0.2623,261.4189,0.007,-0.7387,264.4607,,,,,,,,,,,,0.545,0.766,0.591,0.584,0
28.48,-0.3851,-0.2623,261.4189,0.007,-0.7387,264.4607,,,,,,,,,,,,0.545,0.766,0.591,0.584,0
28.5,-0.975,-0.6195,260.9204,0.0036,-0.3771,264.4607,,,,,,,,,,,,0.545,0.766,0.591,0.584,0
28.52,-0.975,-0.6195,260.9204,0.0036,-0.3771,264.4607,,,,,,,,,,,,0.594,0.734,0.605,0.571,0
28.54,-0.975,-0.6195,260.9204,0.0036,-0.3771,264.4607,,,,,,,,,,,,0.594,0.734,0.605,0.571,0
28.56,-0.975,-0.6195,260.9204,0.0036,-0.3771,264.4607,,,,,,,,,,,,0.594,0.734,0.605,0.571,0
28.58,-0.975,-0.6195,260.9204,0.0036,-0.3771,264.4607,,,,,,,,,,,,0.594,0.734,0.605,0.571,0
28.6,-1.9155,-0.1994,260.3904,0.0018,-0.1925,264.4608,,,,,,,,,,,,0.594,0.734,0.605,0.571,0
28.62,-1.9155,-0.1994,260.3904,0.0018,-0.1925,264.4608,,,,,,,,,,,,0.586,0.748,0.56,0.607,0
28.64,-1.9155,-0.1994,260.3904,0.0018,-0.1925,264.4608,,,,,,,,,,,,0.586,0.748,0.56,0.607,0
28.66,-1.9155,-0.1994,260.3904,0.0018,-0.1925,264.4608,,,,,,,,,,,,0.586,0.748,0.56,0.607,0
28.68,-1.9155,-0.1994,260.3904,0.0018,-0.1925,264.4608,,,,,,,,,,,,0.586,0.748,0.56,0.607,0
28.7,-0.4521,-0.765,259.8556,0.0009,-0.0983,264.4608,,,,,,,,,,,,0.586,0.748,0.56,0.607,0
28.72,-0.4521,-0.765,259.8556,0.0009,-0.0983,264.4608,,,,,,,,,,,,0.685,0.666,0.593,0.571,0
28.74,-0.4521,-0.765,259.8556,0.0009,-0.0983,264.4608,,,,,,,,,,,,0.685,0.666,0.593,0.571,0
28.76,-0.4521,-0.765,259.8556,0.0009,-0.0983,264.4608,,,,,,,,,,,,0.685,0.666,0.593,0.571,0
28.78,-0.4521,-0.765,259.8556,0.0009,-0.0983,264.4608,,,,,,,,,,,,0.685,0.666,0.593,0.571,0
28.8,-0.2263,-1.5413,259.9485,0.0005,-0.0649,264.4608,,,,,,,,,,,,0.685,0.666,0.593,0.571,0
28.82,-0.2263,-1.5413,259.9485,0.0005,-0.0649,264.4608,,,,,,,,,,,,0.591,0.743,0.572,0.603,0
28.84,-0.2263,-1.5413,259.9485,0.0005,-0.0649,264.4608,,,,,,,,,,,,0.591,0.743,0.572,0.603,0
28.86,-0.2263,-1.5413,259.9485,0.0005,-0.0649,264.4608,,,,,,,,,,,,0.591,0.743,0.572,0.603,0
28.88,-0.2263,-1.5413,259.9485,0.0005,-0.0649,264.4608,,,,,,,,,,,,0.591,0.743,0.572,0.603,0
28.9,0.3939,-0.6231,260.6472,0.0002,-0.1915,264.4608,,,,,,,,,,,,0.591,0.743,0.572,0.603,0
28.92,0.3939,-0.6231,260.6472,0.0002,-0.1915,264.4608,,,,,,,,,,,,0.572,0.743,0.57,0.622,0
28.94,0.3939,-0.6231,260.6472,0.0002,-0.1915,264.4608,,,,,,,,,,,,0.572,0.743,0.57,0.622,0
28.96,0.3939,-0.6231,260.6472,0.0002,-0.1915,264.4608,,,,,,,,,,,,0.572,0.743,0.57,0.622,0
28.98,0.3939,-0.6231,260.6472,0.0002,-0.1915,264.4608,,,,,,,,,,,,0.572,0.743,0.57,0.622,0
29.0,0.9917,-0.2688,261.4934,0.0001,-0.4361,264.4607,,,,,,,,,,,,0.572,0.743,0.57,0.622,0
29.02,0.9917,-0.2688,261.4934,0.0001,-0.4361,264.4607,,,,,,,,,,,,0.592,0.715,0.565,0.64,0
29.04,0.9917,-0.2688,261.4934,0.0001,-0.4361,264.4607,,,,,,,,,,,,0.592,0.715,0.565,0.64,0
29.06,0.9917,-0.2688,261.4934,0.0001,-0.4361,264.4607,,,,,,,,,,,,0.592,0.715,0.565,0.64,0
29.08,0.9917,-0.2688,261.4934,0.0001,-0.4361,264.4607,,,,,,,,,,,,0.592,0.715,0.565,0.64,0
29.1,1.5937,-0.9206,262.4406,0.0001,-0.7271,264.4607,,,,,,,,,,,,0.592,0.715,0.565,0.64,0
29.12,1.5937,-0.9206,262.4406,0.0001,-0.7271,264.4607,,,,,,,,,,,,0.579,0.716,0.616,0.603,0
29.14,1.5937,-0.9206,262.4406,0.0001,-0.7271,264.4607,,,,,,,,,,,,0.579,0.716,0.616,0.603,0
29.16,1.5937,-0.9206,262.4406,0.0001,-0.7271,264.4607,,,,,,,,,,,,0.579,0.716,0.616,0.603,0
29.18,1.5937,-0.9206,262.4406,0.0001,-0.7271,264.4607,,,,,,,,,,,,0.579,0.716,0.616,0.603,0
29.2,1.7788,-2.8739,263.4401,0.0,-0.9922,264.4606,,,,,,,,,,,,0.579,0.716,0.616,0.603,0
29.22,1.7788,-2.8739,263.4401,0.0,-0.9922,264.4606,,,,,,,,,,,,0.596,0.688,0.657,0.576,0
29.24,1.7788,-2.8739,263.4401,0.0,-0.9922,264.4606,,,,,,,,,,,,0.596,0.688,0.657,0.576,0
29.26,1.7788,-2.8739,263.4401,0.0,-0.9922,264.4606,,,,,,,,,,,,0.596,0.688,0.657,0.576,0
29.28,1.7788,-2.8739,263.4401,0.0,-0.9922,264.4606,,,,,,,,,,,,0.596,0.688,0.657,0.576,0
29.3,0.7564,-3.3948,264.2945,0.0,-1.3499,264.4606,,,,,,,,,,,,0.596,0.688,0.657,0.576,0
29.32,0.7564,-3.3948,264.2945,0.0,-1.3499,264.4606,,,,,,,,,,,,0.552,0.717,0.632,0.612,0
29.34,0.7564,-3.3948,264.2945,0.0,-1.3499,264.4606,,,,,,,,,,,,0.552,0.717,0.632,0.612,0
29.36,0.7564,-3.3948,264.2945,0.0,-1.3499,264.4606,,,,,,,,,,,,0.552,0.717,0.632,0.612,0
29.38,0.7564,-3.3948,264.2945,0.0,-1.3499,264.4606,,,,,,,,,,,,0.552,0.717,0.632,0.612,0
29.4,0.3346,-2.9439,264.8159,0.0,-1.7007,264.4606,,,,,,,,,,,,0.552,0.717,0.632,0.612,0
29.42,0.3346,-2.9439,264.8159,0.0,-1.7007,264.4606,,,,,,,,,,,,0.552,0.718,0.633,0.61,0
29.44,0.3346,-2.9439,264.8159,0.0,-1.7007,264.4606,,,,,,,,,,,,0.552,0.718,0.633,0.61,0
29.46,0.3346,-2.9439,264.8159,0.0,-1.7007,264.4606,,,,,,,,,,,,0.552,0.718,0.633,0.61,0
29.48,0.3346,-2.9439,264.8159,0.0,-1.7007,264.4606,,,,,,,,,,,,0.552,0.718,0.633,0.61,0
29.5,0.6064,-2.4508,265.2989,0.0,-1.9003,264.4606,,,,,,,,,,,,0.552,0.718,0.633,0.61,0
29.52,0.6064,-2.4508,265.2989,0.0,-1.9003,264.4606,,,,,,,,,,,,0.567,0.703,0.602,0.643,0
29.54,0.6064,-2.4508,265.2989,0.0,-1.9003,264.4606,,,,,,,,,,,,0.567,0.703,0.602,0.643,0
29.56,0.6064,-2.4508,265.2989,0.0,-1.9003,264.4606,,,,,,,,,,,,0.567,0.703,0.602,0.643,0
29.58,0.6064,-2.4508,265.2989,0.0,-1.9003,264.4606,,,,,,,,,,,,0.567,0.703,0.602,0.643,0
29.6,1.8768,-1.67,265.8864,0.0,-2.0749,264.4606,,,,,,,,,,,,0.567,0.703,0.602,0.643,0
29.62,1.8768,-1.67,265.8864,0.0,-2.0749,264.4606,,,,,,,,,,,,0.592,0.674,0.575,0.676,0
29.64,1.8768,-1.67,265.8864,0.0,-2.0749,264.4606,,,,,,,,,,,,0.592,0.674,0.575,0.676,0
29.66,1.8768,-1.67,265.8864,0.0,-2.0749,264.4606,,,,,,,,,,,,0.592,0.674,0.575,0.676,0
29.68,1.8768,-1.67,265.8864,0.0,-2.0749,264.4606,,,,,,,,,,,,0.592,0.674,0.575,0.676,0
29.7,2.5975,-1.9166,266.4602,0.0,-2.2177,264.4606,,,,,,,,,,,,0.592,0.674,0.575,0.676,0
29.72,2.5975,-1.9166,266.4602,0.0,-2.2177,264.4606,,,,,,,,,,,,0.546,0.709,0.614,0.65,0
29.74,2.5975,-1.9166,266.4602,0.0,-2.2177,264.4606,,,,,,,,,,,,0.546,0.709,0.614,0.65,0
29.76,2.5975,-1.9166,266.4602,0.0,-2.2177,264.4606,,,,,,,,,,,,0.546,0.709,0.614,0.65,0
29.78,2.5975,-1.9166,266.4602,0.0,-2.2177,264.4606,,,,,,,,,,,,0.546,0.709,0.614,0.65,0
29.8,3.7883,-1.3764,266.9285,0.0,-2.236,264.4606,,,,,,,,,,,,0.546,0.709,0.614,0.65,0
29.82,3.7883,-1.3764,266.9285,0.0,-2.236,264.4606,,,,,,,,,,,,0.624,0.654,0.57,0.709,0
29.84,3.7883,-1.3764,266.9285,0.0,-2.236,264.4606,,,,,,,,,,,,0.624,0.654,0.57,0.709,0
29.86,3.7883,-1.3764,266.9285,0.0,-2.236,264.4606,,,,,,,,,,,,0.624,0.654,0.57,0.709,0
29.88,3.7883,-1.3764,266.9285,0.0,-2.236,264.4606,,,,,,,,,,,,0.624,0.654,0.57,0.709,0
29.9,4.0879,-1.5376,267.0911,0.0,-2.1529,264.4606,,,,,,,,,,,,0.624,0.654,0.57,0.709,0
29.92,4.0879,-1.5376,267.0911,0.0,-2.1529,264.4606,,,,,,,,,,,,0.596,0.683,0.631,0.656,0
29.94,4.0879,-1.5376,267.0911,0.0,-2.1529,264.4606,,,,,,,,,,,,0.596,0.683,0.631,0.656,0
29.96,4.0879,-1.5376,267.0911,0.0,-2.1529,264.4606,,,,,,,,,,,,0.596,0.683,0.631,0.656,0
29.98,4.0879,-1.5376,267.0911,0.0,-2.1529,264.4606,,,,,,,,,,,,0.596,0.683,0.631,0.656,0
30.0,2.2846,-2.7237,266.8613,0.0,-2.0193,264.4606,,,,,,,,,,,,0.596,0.683,0.631,0.656,0
30.02,2.2846,-2.7237,266.8613,0.0,-2.0193,264.4606,,,,,,,,,,,,0.557,0.722,0.646,0.635,0
30.04,2.2846,-2.7237,266.8613,0.0,-2.0193,264.4606,,,,,,,,,,,,0.557,0.722,0.646,0.635,0
30.06,2.2846,-2.7237,266.8613,0.0,-2.0193,264.4606,,,,,,,,,,,,0.557,0.722,0.646,0.635,0
30.08,2.2846,-2.7237,266.8613,0.0,-2.0193,264.4606,,,,,,,,,,,,0.557,0.722,0.646,0.635,0
30.1,1.7039,-2.3732,266.4066,0.0,-1.7045,264.4606,,,,,,,,,,,,0.557,0.722,0.646,0.635,0
30.12,1.7039,-2.3732,266.4066,0.0,-1.7045,264.4606,,,,,,,,,,,,0.588,0.705,0.601,0.667,0
30.14,1.7039,-2.3732,266.4066,0.0,-1.7045,264.4606,,,,,,,,,,,,0.588,0.705,0.601,0.667,0
30.16,1.7039,-2.3732,266.4066,0.0,-1.7045,264.4606,,,,,,,,,,,,0.588,0.705,0.601,0.667,0
30.18,1.7039,-2.3732,266.4066,0.0,-1.7045,264.4606,,,,,,,,,,,,0.588,0.705,0.601,0.667,0
30.2,1.867,-0.3235,265.474,0.0,-1.5579,264.4606,,,,,,,,,,,,0.588,0.705,0.601,0.667,0
30.22,1.867,-0.3235,265.474,0.0,-1.5579,264.4606,,,,,,,,,,,,0.597,0.713,0.558,0.687,0
30.24,1.867,-0.3235,265.474,0.0,-1.5579,264.4606,,,,,,,,,,,,0.597,0.713,0.558,0.687,0
30.26,1.867,-0.3235,265.474,0.0,-1.5579,264.4606,,,,,,,,,,,,0.597,0.713,0.558,0.687,0
30.28,1.867,-0.3235,265.474,0.0,-1.5579,264.4606,,,,,,,,,,,,0.597,0.713,0.558,0.687,0
30.3,1.7788,0.2187,264.2181,0.0,-2.0253,264.4606,,,,,,,,,,,,0.597,0.713,0.558,0.687,0
30.32,1.7788,0.2187,264.2181,0.0,-2.0253,264.4606,,,,,,,,,,,,0.609,0.721,0.59,0.634,0
30.34,1.7788,0.2187,264.2181,0.0,-2.0253,264.4606,,,,,,,,,,,,0.609,0.721,0.59,0.634,0
30.36,1.7788,0.2187,264.2181,0.0,-2.0253,264.4606,,,,,,,,,,,,0.609,0.721,0.59,0.634,0
30.38,1.7788,0.2187,264.2181,0.0,-2.0253,264.4606,,,,,,,,,,,,0.609,0.721,0.59,0.634,0
30.4,1.1547,-1.4548,262.5692,0.0,-2.7418,264.4606,,,,,,,,,,,,0.609,0.721,0.59,0.634,0
30.42,1.1547,-1.4548,262.5692,0.0,-2.7418,264.4606,,,,,,,,,,,,0.61,0.732,0.569,0.622,0
30.44,1.1547,-1.4548,262.5692,0.0,-2.7418,264.4606,,,,,,,,,,,,0.61,0.732,0.569,0.622,0
30.46,1.1547,-1.4548,262.5692,0.0,-2.7418,264.4606,,,,,,,,,,,,0.61,0.732,0.569,0.622,0
30.48,1.1547,-1.4548,262.5692,0.0,-2.7418,264.4606,,,,,,,,,,,,0.61,0.732,0.569,0.622,0
30.5,2.1042,-2.5442,261.31,-0.0754,-3.7748,264.4606,,,,,,,,,,,,0.61,0.732,0.569,0.622,0
30.52,2.1042,-2.5442,261.31,-0.0754,-3.7748,264.4606,,,,,,,,,,,,0.639,0.686,0.531,0.61,0
30.54,2.1042,-2.5442,261.31,-0.0754,-3.7748,264.4606,,,,,,,,,,,,0.639,0.686,0.531,0.61,0
30.56,2.1042,-2.5442,261.31,-0.0754,-3.7748,264.4606,,,,,,,,,,,,0.639,0.686,0.531,0.61,0
30.58,2.1042,-2.5442,261.31,-0.0754,-3.7748,264.4606,,,,,,,,,,,,0.639,0.686,0.531,0.61,0
30.6,2.2342,-3.6435,260.6943,-2.1372,-3.8999,264.4606,,,,,,,,,,,,0.639,0.686,0.531,0.61,0
30.62,2.2342,-3.6435,260.6943,-2.1372,-3.8999,264.4606,,,,,,,,,,,,0.67,0.651,0.53,0.609,0
30.64,2.2342,-3.6435,260.6943,-2.1372,-3.8999,264.4606,,,,,,,,,,,,0.67,0.651,0.53,0.609,0
30.66,2.2342,-3.6435,260.6943,-2.1372,-3.8999,264.4606,,,,,,,,,,,,0.67,0.651,0.53,0.609,0
30.68,2.2342,-3.6435,260.6943,-2.1372,-3.8999,264.4606,,,,,,,,,,,,0.67,0.651,0.53,0.609,0
30.7,-0.1707,-5.6804,260.3199,-4.8836,-4.0662,264.4607,,,,,,,,,,,,0.67,0.651,0.53,0.609,0
30.72,-0.1707,-5.6804,260.3199,-4.8836,-4.0662,264.4607,,,,,,,,,,,,0.638,0.675,0.525,0.605,0
30.74,-0.1707,-5.6804,260.3199,-4.8836,-4.0662,264.4607,,,,,,,,,,,,0.638,0.675,0.525,0.605,0
30.76,-0.1707,-5.6804,260.3199,-4.8836,-4.0662,264.4607,,,,,,,,,,,,0.638,0.675,0.525,0.605,0
30.78,-0.1707,-5.6804,260.3199,-4.8836,-4.0662,264.4607,,,,,,,,,,,,0.638,0.675,0.525,0.605,0
30.8,-4.9492,-6.3547,260.115,-7.6605,-3.8206,264.4606,,,,,,,,,,,,0.638,0.675,0.525,0.605,0
30.82,-4.9492,-6.3547,260.115,-7.6605,-3.8206,264.4606,,,,,,,,,,,,0.581,0.725,0.553,0.571,0
30.84,-4.9492,-6.3547,260.115,-7.6605,-3.8206,264.4606,,,,,,,,,,,,0.581,0.725,0.553,0.571,0
30.86,-4.9492,-6.3547,260.115,-7.6605,-3.8206,264.4606,,,,,,,,,,,,0.581,0.725,0.553,0.571,0
30.88,-4.9492,-6.3547,260.115,-7.6605,-3.8206,264.4606,,,,,,,,,,,,0.581,0.725,0.553,0.571,0
30.9,-9.9969,-5.2809,259.6658,-9.304,-3.5284,264.4604,,,,,,,,,,,,0.581,0.725,0.553,0.571,0
30.92,-9.9969,-5.2809,259.6658,-9.304,-3.5284,264.4604,,,,,,,,,,,,0.565,0.748,0.555,0.569,0
30.94,-9.9969,-5.2809,259.6658,-9.304,-3.5284,264.4604,,,,,,,,,,,,0.565,0.748,0.555,0.569,0
30.96,-9.9969,-5.2809,259.6658,-9.304,-3.5284,264.4604,,,,,,,,,,,,0.565,0.748,0.555,0.569,0
30.98,-9.9969,-5.2809,259.6658,-9.304,-3.5284,264.4604,,,,,,,,,,,,0.565,0.748,0.555,0.569,0
31.0,-11.019,-3.4515,259.1145,-9.2433,-3.7986,264.4604,,,,,,,,,,,,0.565,0.748,0.555,0.569,0
31.02,-11.019,-3.4515,259.1145,-9.2433,-3.7986,264.4604,,,,,,,,,,,,0.56,0.754,0.487,0.63,0
31.04,-11.019,-3.4515,259.1145,-9.2433,-3.7986,264.4604,,,,,,,,,,,,0.56,0.754,0.487,0.63,0
31.06,-11.019,-3.4515,259.1145,-9.2433,-3.7986,264.4604,,,,,,,,,,,,0.56,0.754,0.487,0.63,0
31.08,-11.019,-3.4515,259.1145,-9.2433,-3.7986,264.4604,,,,,,,,,,,,0.56,0.754,0.487,0.63,0
31.1,-7.0598,-2.1016,258.7769,-7.9151,-3.9485,264.4604,,,,,,,,,,,,0.56,0.754,0.487,0.63,0
31.12,-7.0598,-2.1016,258.7769,-7.9151,-3.9485,264.4604,,,,,,,,,,,,0.612,0.709,0.307,0.734,0
31.14,-7.0598,-2.1016,258.7769,-7.9151,-3.9485,264.4604,,,,,,,,,,,,0.612,0.709,0.307,0.734,0
31.16,-7.0598,-2.1016,258.7769,-7.9151,-3.9485,264.4604,,,,,,,,,,,,0.612,0.709,0.307,0.734,0
31.18,-7.0598,-2.1016,258.7769,-7.9151,-3.9485,264.4604,,,,,,,,,,,,0.612,0.709,0.307,0.734,0
31.2,0.4495,0.3161,258.5498,-5.396,-3.9389,264.4604,,,,,,,,,,,,0.612,0.709,0.307,0.734,0
31.22,0.4495,0.3161,258.5498,-5.396,-3.9389,264.4604,,,,,,,,,,,,0.582,0.755,0.64,0.476,0
31.24,0.4495,0.3161,258.5498,-5.396,-3.9389,264.4604,,,,,,,,,,,,0.582,0.755,0.64,0.476,0
31.26,0.4495,0.3161,258.5498,-5.396,-3.9389,264.4604,,,,,,,,,,,,0.582,0.755,0.64,0.476,0
31.28,0.4495,0.3161,258.5498,-5.396,-3.9389,264.4604,,,,,,,,,,,,0.582,0.755,0.64,0.476,0
31.3,-4.0113,-1.9934,260.0559,-3.3736,-3.9214,264.4604,,,,,,,,,,,,0.582,0.755,0.64,0.476,0
31.32,-4.0113,-1.9934,260.0559,-3.3736,-3.9214,264.4604,,,,,,,,,,,,0.56,0.744,0.591,0.581,0
31.34,-4.0113,-1.9934,260.0559,-3.3736,-3.9214,264.4604,,,,,,,,,,,,0.56,0.744,0.591,0.581,0
31.36,-4.0113,-1.9934,260.0559,-3.3736,-3.9214,264.4604,,,,,,,,,,,,0.56,0.744,0.591,0.581,0
31.38,-4.0113,-1.9934,260.0559,-3.3736,-3.9214,264.4604,,,,,,,,,,,,0.56,0.744,0.591,0.581,0
31.4,-3.9743,-5.1271,260.7373,-2.0569,-3.5491,264.4605,,,,,,,,,,,,0.56,0.744,0.591,0.581,0
31.42,-3.9743,-5.1271,260.7373,-2.0569,-3.5491,264.4605,,,,,,,,,,,,0.667,0.655,0.578,0.602,0
31.44,-3.9743,-5.1271,260.7373,-2.0569,-3.5491,264.4605,,,,,,,,,,,,0.667,0.655,0.578,0.602,0
31.46,-3.9743,-5.1271,260.7373,-2.0569,-3.5491,264.4605,,,,,,,,,,,,0.667,0.655,0.578,0.602,0
31.48,-3.9743,-5.1271,260.7373,-2.0569,-3.5491,264.4605,,,,,,,,,,,,0.667,0.655,0.578,0.602,0
31.5,0.6264,-6.4979,260.7446,-1.1418,-2.9337,264.4606,,,,,,,,,,,,0.667,0.655,0.578,0.602,0
31.52,0.6264,-6.4979,260.7446,-1.1418,-2.9337,264.4606,,,,,,,,,,,,0.712,0.617,0.507,0.656,0
31.54,0.6264,-6.4979,260.7446,-1.1418,-2.9337,264.4606,,,,,,,,,,,,0.712,0.617,0.507,0.656,0
31.56,0.6264,-6.4979,260.7446,-1.1418,-2.9337,264.4606,,,,,,,,,,,,0.712,0.617,0.507,0.656,0
31.58,0.6264,-6.4979,260.7446,-1.1418,-2.9337,264.4606,,,,,,,,,,,,0.712,0.617,0.507,0.656,0
31.6,4.9567,-6.0167,260.4441,-0.583,-2.4527,264.4606,,,,,,,,,,,,0.712,0.617,0.507,0.656,0
31.62,4.9567,-6.0167,260.4441,-0.583,-2.4527,264.4606,,,,,,,,,,,,0.676,0.665,0.486,0.667,0
31.64,4.9567,-6.0167,260.4441,-0.583,-2.4527,264.4606,,,,,,,,,,,,0.676,0.665,0.486,0.667,0
31.66,4.9567,-6.0167,260.4441,-0.583,-2.4527,264.4606,,,,,,,,,,,,0.676,0.665,0.486,0.667,0
31.68,4.9567,-6.0167,260.4441,-0.583,-2.4527,264.4606,,,,,,,,,,,,0.676,0.665,0.486,0.667,0
31.7,3.124,-3.1765,260.2887,-0.2976,-2.301,264.4607,,,,,,,,,,,,0.676,0.665,0.486,0.667,0
31.72,3.124,-3.1765,260.2887,-0.2976,-2.301,264.4607,,,,,,,,,,,,0.556,0.771,0.534,0.619,0
31.74,3.124,-3.1765,260.2887,-0.2976,-2.301,264.4607,,,,,,,,,,,,0.556,0.771,0.534,0.619,0
31.76,3.124,-3.1765,260.2887,-0.2976,-2.301,264.4607,,,,,,,,,,,,0.556,0.771,0.534,0.619,0
31.78,3.124,-3.1765,260.2887,-0.2976,-2.301,264.4607,,,,,,,,,,,,0.556,0.771,0.534,0.619,0
31.8,-3.1566,-0.026,260.2007,-0.152,-2.1099,264.4607,,,,,,,,,,,,0.556,0.771,0.534,0.619,0
31.82,-3.1566,-0.026,260.2007,-0.152,-2.1099,264.4607,,,,,,,,,,,,0.53,0.788,0.594,0.56,0
31.84,-3.1566,-0.026,260.2007,-0.152,-2.1099,264.4607,,,,,,,,,,,,0.53,0.788,0.594,0.56,0
31.86,-3.1566,-0.026,260.2007,-0.152,-2.1099,264.4607,,,,,,,,,,,,0.53,0.788,0.594,0.56,0
31.88,-3.1566,-0.026,260.2007,-0.152,-2.1099,264.4607,,,,,,,,,,,,0.53,0.788,0.594,0.56,0
31.9,-6.3219,0.5223,260.0409,-0.0776,-1.6388,264.4607,,,,,,,,,,,,0.53,0.788,0.594,0.56,0
31.92,-6.3219,0.5223,260.0409,-0.0776,-1.6388,264.4607,,,,,,,,,,,,0.607,0.732,0.587,0.571,0
31.94,-6.3219,0.5223,260.0409,-0.0776,-1.6388,264.4607,,,,,,,,,,,,0.607,0.732,0.587,0.571,0
31.96,-6.3219,0.5223,260.0409,-0.0776,-1.6388,264.4607,,,,,,,,,,,,0.607,0.732,0.587,0.571,0
31.98,-6.3219,0.5223,260.0409,-0.0776,-1.6388,264.4607,,,,,,,,,,,,0.607,0.732,0.587,0.571,0
32.0,-4.3888,0.0152,259.9688,-0.0396,-1.1968,264.4607,,,,,,,,,,,,0.607,0.732,0.587,0.571,0
32.02,-4.3888,0.0152,259.9688,-0.0396,-1.1968,264.4607,,,,,,,,,,,,0.649,0.693,0.508,0.64,0
32.04,-4.3888,0.0152,259.9688,-0.0396,-1.1968,264.4607,,,,,,,,,,,,0.649,0.693,0.508,0.64,0
32.06,-4.3888,0.0152,259.9688,-0.0396,-1.1968,264.4607,,,,,,,,,,,,0.649,0.693,0.508,0.64,0
32.08,-4.3888,0.0152,259.9688,-0.0396,-1.1968,264.4607,,,,,,,,,,,,0.649,0.693,0.508,0.64,0
32.1,2.0018,-0.721,259.8329,-0.0202,-1.2007,264.4606,,,,,,,,,,,,0.649,0.693,0.508,0.64,0
32.12,2.0018,-0.721,259.8329,-0.0202,-1.2007,264.4606,,,,,,,,,,,,0.704,0.637,0.468,0.669,0
32.14,2.0018,-0.721,259.8329,-0.0202,-1.2007,264.4606,,,,,,,,,,,,0.704,0.637,0.468,0.669,0
32.16,2.0018,-0.721,259.8329,-0.0202,-1.2007,264.4606,,,,,,,,,,,,0.704,0.637,0.468,0.669,0
32.18,2.0018,-0.721,259.8329,-0.0202,-1.2007,264.4606,,,,,,,,,,,,0.704,0.637,0.468,0.669,0
32.2,3.0141,-1.6007,259.877,-0.0103,-1.242,264.4606,,,,,,,,,,,,0.704,0.637,0.468,0.669,0
32.22,3.0141,-1.6007,259.877,-0.0103,-1.242,264.4606,,,,,,,,,,,,0.497,0.808,0.62,0.532,0
32.24,3.0141,-1.6007,259.877,-0.0103,-1.242,264.4606,,,,,,,,,,,,0.497,0.808,0.62,0.532,0
32.26,3.0141,-1.6007,259.877,-0.0103,-1.242,264.4606,,,,,,,,,,,,0.497,0.808,0.62,0.532,0
32.28,3.0141,-1.6007,259.877,-0.0103,-1.242,264.4606,,,,,,,,,,,,0.497,0.808,0.62,0.532,0
32.3,-3.6959,0.703,260.1448,-0.0053,-1.1501,264.4606,,,,,,,,,,,,0.497,0.808,0.62,0.532,0
32.32,-3.6959,0.703,260.1448,-0.0053,-1.1501,264.4606,,,,,,,,,,,,0.491,0.808,0.586,0.578,0
32.34,-3.6959,0.703,260.1448,-0.0053,-1.1501,264.4606,,,,,,,,,,,,0.491,0.808,0.586,0.578,0
32.36,-3.6959,0.703,260.1448,-0.0053,-1.1501,264.4606,,,,,,,,,,,,0.491,0.808,0.586,0.578,0
32.38,-3.6959,0.703,260.1448,-0.0053,-1.1501,264.4606,,,,,,,,,,,,0.491,0.808,0.586,0.578,0
32.4,-3.8195,0.3681,260.1552,-0.0027,-0.7234,264.4606,,,,,,,,,,,,0.491,0.808,0.586,0.578,0
32.42,-3.8195,0.3681,260.1552,-0.0027,-0.7234,264.4606,,,,,,,,,,,,0.66,0.68,0.548,0.608,0
32.44,-3.8195,0.3681,260.1552,-0.0027,-0.7234,264.4606,,,,,,,,,,,,0.66,0.68,0.548,0.608,0
32.46,-3.8195,0.3681,260.1552,-0.0027,-0.7234,264.4606,,,,,,,,,,,,0.66,0.68,0.548,0.608,0
32.48,-3.8195,0.3681,260.1552,-0.0027,-0.7234,264.4606,,,,,,,,,,,,0.66,0.68,0.548,0.608,0
32.5,1.3875,-2.5358,259.8676,-0.0014,-0.3693,264.4606,,,,,,,,,,,,0.66,0.68,0.548,0.608,0
32.52,1.3875,-2.5358,259.8676,-0.0014,-0.3693,264.4606,,,,,,,,,,,,0.657,0.695,0.519,0.627,0
32.54,1.3875,-2.5358,259.8676,-0.0014,-0.3693,264.4606,,,,,,,,,,,,0.657,0.695,0.519,0.627,0
32.56,1.3875,-2.5358,259.8676,-0.0014,-0.3693,264.4606,,,,,,,,,,,,0.657,0.695,0.519,0.627,0
32.58,1.3875,-2.5358,259.8676,-0.0014,-0.3693,264.4606,,,,,,,,,,,,0.657,0.695,0.519,0.627,0
32.6,-0.0606,-0.5533,260.601,-0.0007,-0.1885,264.4606,,,,,,,,,,,,0.657,0.695,0.519,0.627,0
32.62,-0.0606,-0.5533,260.601,-0.0007,-0.1885,264.4606,,,,,,,,,,,,0.513,0.714,0.493,0.575,0
32.64,-0.0606,-0.5533,260.601,-0.0007,-0.1885,264.4606,,,,,,,,,,,,0.513,0.714,0.493,0.575,0
32.66,-0.0606,-0.5533,260.601,-0.0007,-0.1885,264.4606,,,,,,,,,,,,0.513,0.714,0.493,0.575,0
32.68,-0.0606,-0.5533,260.601,-0.0007,-0.1885,264.4606,,,,,,,,,,,,0.513,0.714,0.493,0.575,0
32.7,-1.7148,0.4157,261.2379,-0.0004,-0.0963,264.4606,,,,,,,,,,,,0.513,0.714,0.493,0.575,0
32.72,-1.7148,0.4157,261.2379,-0.0004,-0.0963,264.4606,,,,,,,,,,,,0.28,0.438,0.222,0.252,0
32.74,-1.7148,0.4157,261.2379,-0.0004,-0.0963,264.4606,,,,,,,,,,,,0.28,0.438,0.222,0.252,0
32.76,-1.7148,0.4157,261.2379,-0.0004,-0.0963,264.4606,,,,,,,,,,,,0.28,0.438,0.222,0.252,0
32.78,-1.7148,0.4157,261.2379,-0.0004,-0.0963,264.4606,,,,,,,,,,,,0.28,0.438,0.222,0.252,0
32.8,0.0651,0.2423,261.4206,-0.0002,-0.0491,264.8055,,,,,,,,,,,,0.28,0.438,0.222,0.252,0
32.82,0.0651,0.2423,261.4206,-0.0002,-0.0491,264.8055,,,,,,,,,,,,0.222,0.301,0.15,0.216,0
32.84,0.0651,0.2423,261.4206,-0.0002,-0.0491,264.8055,,,,,,,,,,,,0.222,0.301,0.15,0.216,0
32.86,0.0651,0.2423,261.4206,-0.0002,-0.0491,264.8055,,,,,,,,,,,,0.222,0.301,0.15,0.216,0
32.88,0.0651,0.2423,261.4206,-0.0002,-0.0491,264.8055,,,,,,,,,,,,0.222,0.301,0.15,0.216,0
32.9,-0.4757,-0.4468,262.0867,-0.0001,-0.0251,265.1411,,,,,,,,,,,,0.222,0.301,0.15,0.216,0
32.92,-0.4757,-0.4468,262.0867,-0.0001,-0.0251,265.1411,,,,,,,,,,,,0.242,0.26,0.15,0.245,0
32.94,-0.4757,-0.4468,262.0867,-0.0001,-0.0251,265.1411,,,,,,,,,,,,0.242,0.26,0.15,0.245,0
32.96,-0.4757,-0.4468,262.0867,-0.0001,-0.0251,265.1411,,,,,,,,,,,,0.242,0.26,0.15,0.245,0
32.98,-0.4757,-0.4468,262.0867,-0.0001,-0.0251,265.1411,,,,,,,,,,,,0.242,0.26,0.15,0.245,0
33.0,-0.8182,0.595,262.7023,-0.0,-0.0128,265.1559,,,,,,,,,,,,0.242,0.26,0.15,0.245,0
33.02,-0.8182,0.595,262.7023,-0.0,-0.0128,265.1559,,,,,,,,,,,,0.17,0.364,0.173,0.15,0
33.04,-0.8182,0.595,262.7023,-0.0,-0.0128,265.1559,,,,,,,,,,,,0.17,0.364,0.173,0.15,0
33.06,-0.8182,0.595,262.7023,-0.0,-0.0128,265.1559,,,,,,,,,,,,0.17,0.364,0.173,0.15,0
33.08,-0.8182,0.595,262.7023,-0.0,-0.0128,265.1559,,,,,,,,,,,,0.17,0.364,0.173,0.15,0
33.1,-0.7383,0.3057,262.9902,-0.0,-0.0065,265.1559,,,,,,,,,,,,0.17,0.364,0.173,0.15,0
33.12,-0.7383,0.3057,262.9902,-0.0,-0.0065,265.1559,,,,,,,,,,,,0.156,0.338,0.15,0.225,0
33.14,-0.7383,0.3057,262.9902,-0.0,-0.0065,265.1559,,,,,,,,,,,,0.156,0.338,0.15,0.225,0
33.16,-0.7383,0.3057,262.9902,-0.0,-0.0065,265.1559,,,,,,,,,,,,0.156,0.338,0.15,0.225,0
33.18,-0.7383,0.3057,262.9902,-0.0,-0.0065,265.1559,,,,,,,,,,,,0.156,0.338,0.15,0.225,0
33.2,-0.7944,0.1377,262.8359,-0.0,-0.0033,265.1559,,,,,,,,,,,,0.156,0.338,0.15,0.225,0
33.22,-0.7944,0.1377,262.8359,-0.0,-0.0033,265.1559,,,,,,,,,,,,0.184,0.329,0.15,0.216,0
33.24,-0.7944,0.1377,262.8359,-0.0,-0.0033,265.1559,,,,,,,,,,,,0.184,0.329,0.15,0.216,0
33.26,-0.7944,0.1377,262.8359,-0.0,-0.0033,265.1559,,,,,,,,,,,,0.184,0.329,0.15,0.216,0
33.28,-0.7944,0.1377,262.8359,-0.0,-0.0033,265.1559,,,,,,,,,,,,0.184,0.329,0.15,0.216,0
33.3,-0.729,0.1755,262.7669,-0.0,-0.0017,265.1559,,,,,,,,,,,,0.184,0.329,0.15,0.216,0
33.32,-0.729,0.1755,262.7669,-0.0,-0.0017,265.1559,,,,,,,,,,,,0.198,0.308,0.15,0.231,0
33.34,-0.729,0.1755,262.7669,-0.0,-0.0017,265.1559,,,,,,,,,,,,0.198,0.308,0.15,0.231,0
33.36,-0.729,0.1755,262.7669,-0.0,-0.0017,265.1559,,,,,,,,,,,,0.198,0.308,0.15,0.231,0
33.38,-0.729,0.1755,262.7669,-0.0,-0.0017,265.1559,,,,,,,,,,,,0.198,0.308,0.15,0.231,0
33.4,-0.7927,0.175,262.8701,-0.0,-0.0009,262.8701,,,,,,,,,,,,0.198,0.308,0.15,0.231,0
33.42,-0.7927,0.175,262.8701,-0.0,-0.0009,262.8701,,,,,,,,,,,,0.0,0.0,0.0,0.0,0
33.44,-0.7927,0.175,262.8701,-0.0,-0.0009,262.8701,,,,,,,,,,,,0.0,0.0,0.0,0.0,0
33.46,-0.7927,0.175,262.8701,-0.0,-0.0009,262.8701,,,,,,,,,,,,0.0,0.0,0.0,0.0,0
33.48,-0.7927,0.175,262.8701,-0.0,-0.0009,262.8701,,,,,,,,,,,,0.0,0.0,0.0,0.0,0
33.5,-0.8064,0.157,262.71,-0.0,-0.0004,262.71,,,,,,,,,,,,0.0,0.0,0.0,0.0,0
33.52,-0.8064,0.157,262.71,-0.0,-0.0004,262.71,,,,,,,,,,,,0.0,0.0,0.0,0.0,0
33.54,-0.8064,0.157,262.71,-0.0,-0.0004,262.71,,,,,,,,,,,,0.0,0.0,0.0,0.0,0
33.56,-0.8064,0.157,262.71,-0.0,-0.0004,262.71,,,,,,,,,,,,0.0,0.0,0.0,0.0,0
33.58,-0.8064,0.157,262.71,-0.0,-0.0004,262.71,,,,,,,,,,,,0.0,0.0,0.0,0.0,0
33.6,-0.7953,0.1675,262.7755,-0.0,-0.0004,262.7755,,,,,,,,,,,,0.0,0.0,0.0,0.0,0
33.62,-0.7953,0.1675,262.7755,-0.0,-0.0004,262.7755,,,,,,,,,,,,0.0,0.0,0.0,0.0,0
33.64,-0.7953,0.1675,262.7755,-0.0,-0.0004,262.7755,,,,,,,,,,,,0.0,0.0,0.0,0.0,0
33.66,-0.7953,0.1675,262.7755,-0.0,-0.0004,262.7755,,,,,,,,,,,,0.0,0.0,0.0,0.0,0
33.68,-0.7953,0.1675,262.7755,-0.0,-0.0004,262.7755,,,,,,,,,,,,0.0,0.0,0.0,0.0,0
33.7,-0.7951,0.1652,262.7371,-0.0,-0.0004,262.7371,,,,,,,,,,,,0.0,0.0,0.0,0.0,0
33.72,-0.7951,0.1652,262.7371,-0.0,-0.0004,262.7371,,,,,,,,,,,,0.0,0.0,0.0,0.0,0
33.74,-0.7951,0.1652,262.7371,-0.0,-0.0004,262.7371,,,,,,,,,,,,0.0,0.0,0.0,0.0,0
33.76,-0.7951,0.1652,262.7371,-0.0,-0.0004,262.7371,,,,,,,,,,,,0.0,0.0,0.0,0.0,0
33.78,-0.7951,0.1652,262.7371,-0.0,-0.0004,262.7371,,,,,,,,,,,,0.0,0.0,0.0,0.0,0
33.8,-0.822,0.1619,262.65,-0.0,-0.0004,262.65,,,,,,,,,,,,0.0,0.0,0.0,0.0,0
33.82,-0.822,0.1619,262.65,-0.0,-0.0004,262.65,,,,,,,,,,,,0.0,0.0,0.0,0.0,0
33.84,-0.822,0.1619,262.65,-0.0,-0.0004,262.65,,,,,,,,,,,,0.0,0.0,0.0,0.0,0
33.86,-0.822,0.1619,262.65,-0.0,-0.0004,262.65,,,,,,,,,,,,0.0,0.0,0.0,0.0,0
33.88,-0.822,0.1619,262.65,-0.0,-0.0004,262.65,,,,,,,,,,,,0.0,0.0,0.0,0.0,0
33.9,-0.7896,0.1595,262.7831,-0.0,-0.0004,262.7831,,,,,,,,,,,,0.0,0.0,0.0,0.0,0
33.92,-0.7896,0.1595,262.7831,-0.0,-0.0004,262.7831,,,,,,,,,,,,0.0,0.0,0.0,0.0,0
33.94,-0.7896,0.1595,262.7831,-0.0,-0.0004,262.7831,,,,,,,,,,,,0.0,0.0,0.0,0.0,0
33.96,-0.7896,0.1595,262.7831,-0.0,-0.0004,262.7831,,,,,,,,,,,,0.0,0.0,0.0,0.0,0
33.98,-0.7896,0.1595,262.7831,-0.0,-0.0004,262.7831,,,,,,,,,,,,0.0,0.0,0.0,0.0,0
34.0,-0.808,0.1399,262.6357,-0.0,-0.0004,262.6357,,,,,,,,,,,,0.0,0.0,0.0,0.0,0
34.02,-0.808,0.1399,262.6357,-0.0,-0.0004,262.6357,,,,,,,,,,,,0.0,0.0,0.0,0.0,0
34.04,-0.808,0.1399,262.6357,-0.0,-0.0004,262.6357,,,,,,,,,,,,0.0,0.0,0.0,0.0,0
34.06,-0.808,0.1399,262.6357,-0.0,-0.0004,262.6357,,,,,,,,,,,,0.0,0.0,0.0,0.0,0
34.08,-0.808,0.1399,262.6357,-0.0,-0.0004,262.6357,,,,,,,,,,,,0.0,0.0,0.0,0.0,0
34.1,-0.8052,0.127,262.7098,-0.0,-0.0004,262.7098,,,,,,,,,,,,0.0,0.0,0.0,0.0,0
34.12,-0.8052,0.127,262.7098,-0.0,-0.0004,262.7098,,,,,,,,,,,,0.0,0.0,0.0,0.0,0
34.14,-0.8052,0.127,262.7098,-0.0,-0.0004,262.7098,,,,,,,,,,,,0.0,0.0,0.0,0.0,0
34.16,-0.8052,0.127,262.7098,-0.0,-0.0004,262.7098,,,,,,,,,,,,0.0,0.0,0.0,0.0,0
34.18,-0.8052,0.127,262.7098,-0.0,-0.0004,262.7098,,,,,,,,,,,,0.0,0.0,0.0,0.0,0
34.2,-0.7985,0.0792,262.7204,-0.0,-0.0004,262.7204,,,,,,,,,,,,0.0,0.0,0.0,0.0,0
34.22,-0.7985,0.0792,262.7204,-0.0,-0.0004,262.7204,,,,,,,,,,,,0.0,0.0,0.0,0.0,0
34.24,-0.7985,0.0792,262.7204,-0.0,-0.0004,262.7204,,,,,,,,,,,,0.0,0.0,0.0,0.0,0
34.26,-0.7985,0.0792,262.7204,-0.0,-0.0004,262.7204,,,,,,,,,,,,0.0,0.0,0.0,0.0,0
34.28,-0.7985,0.0792,262.7204,-0.0,-0.0004,262.7204,,,,,,,,,,,,0.0,0.0,0.0,0.0,0
34.3,-0.8041,0.0172,262.6388,-0.0,-0.0004,262.6388,,,,,,,,,,,,0.0,0.0,0.0,0.0,0
34.32,-0.8041,0.0172,262.6388,-0.0,-0.0004,262.6388,,,,,,,,,,,,0.0,0.0,0.0,0.0,0
34.34,-0.8041,0.0172,262.6388,-0.0,-0.0004,262.6388,,,,,,,,,,,,0.0,0.0,0.0,0.0,0
34.36,-0.8041,0.0172,262.6388,-0.0,-0.0004,262.6388,,,,,,,,,,,,0.0,0.0,0.0,0.0,0
34.38,-0.8041,0.0172,262.6388,-0.0,-0.0004,262.6388,,,,,,,,,,,,0.0,0.0,0.0,0.0,0
34.4,-0.7947,-0.05,262.7395,-0.0,-0.0004,262.7395,,,,,,,,,,,,0.0,0.0,0.0,0.0,0
34.42,-0.7947,-0.05,262.7395,-0.0,-0.0004,262.7395,,,,,,,,,,,,0.0,0.0,0.0,0.0,0
34.44,-0.7947,-0.05,262.7395,-0.0,-0.0004,262.7395,,,,,,,,,,,,0.0,0.0,0.0,0.0,0
34.46,-0.7947,-0.05,262.7395,-0.0,-0.0004,262.7395,,,,,,,,,,,,0.0,0.0,0.0,0.0,0
34.48,-0.7947,-0.05,262.7395,-0.0,-0.0004,262.7395,,,,,,,,,,,,0.0,0.0,0.0,0.0,0
34.5,-0.8168,-0.14,262.6414,-0.0,-0.0004,262.6414,,,,,,,,,,,,0.0,0.0,0.0,0.0,0
34.52,-0.8168,-0.14,262.6414,-0.0,-0.0004,262.6414,,,,,,,,,,,,0.0,0.0,0.0,0.0,0
34.54,-0.8168,-0.14,262.6414,-0.0,-0.0004,262.6414,,,,,,,,,,,,0.0,0.0,0.0,0.0,0
34.56,-0.8168,-0.14,262.6414,-0.0,-0.0004,262.6414,,,,,,,,,,,,0.0,0.0,0.0,0.0,0
34.58,-0.8168,-0.14,262.6414,-0.0,-0.0004,262.6414,,,,,,,,,,,,0.0,0.0,0.0,0.0,0
34.6,-0.8019,-0.2417,262.7164,-0.0,-0.0004,262.7164,,,,,,,,,,,,0.0,0.0,0.0,0.0,0
34.62,-0.8019,-0.2417,262.7164,-0.0,-0.0004,262.7164,,,,,,,,,,,,0.0,0.0,0.0,0.0,0
34.64,-0.8019,-0.2417,262.7164,-0.0,-0.0004,262.7164,,,,,,,,,,,,0.0,0.0,0.0,0.0,0
34.66,-0.8019,-0.2417,262.7164,-0.0,-0.0004,262.7164,,,,,,,,,,,,0.0,0.0,0.0,0.0,0
34.68,-0.8019,-0.2417,262.7164,-0.0,-0.0004,262.7164,,,,,,,,,,,,0.0,0.0,0.0,0.0,0
34.7,-0.8029,-0.3646,262.6866,-0.0,-0.0004,262.6866,,,,,,,,,,,,0.0,0.0,0.0,0.0,0
34.72,-0.8029,-0.3646,262.6866,-0.0,-0.0004,262.6866,,,,,,,,,,,,0.0,0.0,0.0,0.0,0
34.74,-0.8029,-0.3646,262.6866,-0.0,-0.0004,262.6866,,,,,,,,,,,,0.0,0.0,0.0,0.0,0
34.76,-0.8029,-0.3646,262.6866,-0.0,-0.0004,262.6866,,,,,,,,,,,,0.0,0.0,0.0,0.0,0
34.78,-0.8029,-0.3646,262.6866,-0.0,-0.0004,262.6866,,,,,,,,,,,,0.0,0.0,0.0,0.0,0
34.8,-0.8109,-0.4852,262.6982,-0.0,-0.0004,262.6982,,,,,,,,,,,,0.0,0.0,0.0,0.0,0
34.82,-0.8109,-0.4852,262.6982,-0.0,-0.0004,262.6982,,,,,,,,,,,,0.0,0.0,0.0,0.0,0
34.84,-0.8109,-0.4852,262.6982,-0.0,-0.0004,262.6982,,,,,,,,,,,,0.0,0.0,0.0,0.0,0
34.86,-0.8109,-0.4852,262.6982,-0.0,-0.0004,262.6982,,,,,,,,,,,,0.0,0.0,0.0,0.0,0
34.88,-0.8109,-0.4852,262.6982,-0.0,-0.0004,262.6982,,,,,,,,,,,,0.0,0.0,0.0,0.0,0
34.9,-0.8228,-0.6069,262.7474,-0.0,-0.0004,262.7474,,,,,,,,,,,,0.0,0.0,0.0,0.0,0
34.92,-0.8228,-0.6069,262.7474,-0.0,-0.0004,262.7474,,,,,,,,,,,,0.0,0.0,0.0,0.0,0
34.94,-0.8228,-0.6069,262.7474,-0.0,-0.0004,262.7474,,,,,,,,,,,,0.0,0.0,0.0,0.0,0
34.96,-0.8228,-0.6069,262.7474,-0.0,-0.0004,262.7474,,,,,,,,,,,,0.0,0.0,0.0,0.0,0
34.98,-0.8228,-0.6069,262.7474,-0.0,-0.0004,262.7474,,,,,,,,,,,,0.0,0.0,0.0,0.0,0
35.0,-0.8399,-0.735,262.7018,-0.0,-0.0004,262.7018,,,,,,,,,,,,0.0,0.0,0.0,0.0,0
35.02,-0.8399,-0.735,262.7018,-0.0,-0.0004,262.7018,,,,,,,,,,,,0.0,0.0,0.0,0.0,0
35.04,-0.8399,-0.735,262.7018,-0.0,-0.0004,262.7018,,,,,,,,,,,,0.0,0.0,0.0,0.0,0
35.06,-0.8399,-0.735,262.7018,-0.0,-0.0004,262.7018,,,,,,,,,,,,0.0,0.0,0.0,0.0,0
35.08,-0.8399,-0.735,262.7018,-0.0,-0.0004,262.7018,,,,,,,,,,,,0.0,0.0,0.0,0.0,0
35.1,-0.8387,-0.8628,262.7668,-0.0,-0.0004,262.7668,,,,,,,,,,,,0.0,0.0,0.0,0.0,0
35.12,-0.8387,-0.8628,262.7668,-0.0,-0.0004,262.7668,,,,,,,,,,,,0.0,0.0,0.0,0.0,0
35.14,-0.8387,-0.8628,262.7668,-0.0,-0.0004,262.7668,,,,,,,,,,,,0.0,0.0,0.0,0.0,0
35.16,-0.8387,-0.8628,262.7668,-0.0,-0.0004,262.7668,,,,,,,,,,,,0.0,0.0,0.0,0.0,0
35.18,-0.8387,-0.8628,262.7668,-0.0,-0.0004,262.7668,,,,,,,,,,,,0.0,0.0,0.0,0.0,0
35.2,-0.8529,-0.9773,262.7212,-0.0,-0.0004,262.7213,,,,,,,,,,,,0.0,0.0,0.0,0.0,0
35.22,-0.8529,-0.9773,262.7212,-0.0,-0.0004,262.7213,,,,,,,,,,,,0.0,0.0,0.0,0.0,0
35.24,-0.8529,-0.9773,262.7212,-0.0,-0.0004,262.7213,,,,,,,,,,,,0.0,0.0,0.0,0.0,0
35.26,-0.8529,-0.9773,262.7212,-0.0,-0.0004,262.7213,,,,,,,,,,,,0.0,0.0,0.0,0.0,0
35.28,-0.8529,-0.9773,262.7212,-0.0,-0.0004,262.7213,,,,,,,,,,,,0.0,0.0,0.0,0.0,0
35.3,-0.8642,-1.0696,262.746,-0.0,-0.0004,262.7461,,,,,,,,,,,,0.0,0.0,0.0,0.0,0
35.32,-0.8642,-1.0696,262.746,-0.0,-0.0004,262.7461,,,,,,,,,,,,0.0,0.0,0.0,0.0,0
35.34,-0.8642,-1.0696,262.746,-0.0,-0.0004,262.7461,,,,,,,,,,,,0.0,0.0,0.0,0.0,0
35.36,-0.8642,-1.0696,262.746,-0.0,-0.0004,262.7461,,,,,,,,,,,,0.0,0.0,0.0,0.0,0
35.38,-0.8642,-1.0696,262.746,-0.0,-0.0004,262.7461,,,,,,,,,,,,0.0,0.0,0.0,0.0,0
35.4,-0.883,-1.1607,262.7383,-0.0,-0.0004,262.7383,,,,,,,,,,,,0.0,0.0,0.0,0.0,0
35.42,-0.883,-1.1607,262.7383,-0.0,-0.0004,262.7383,,,,,,,,,,,,0.0,0.0,0.0,0.0,0
35.44,-0.883,-1.1607,262.7383,-0.0,-0.0004,262.7383,,,,,,,,,,,,0.0,0.0,0.0,0.0,0
35.46,-0.883,-1.1607,262.7383,-0.0,-0.0004,262.7383,,,,,,,,,,,,0.0,0.0,0.0,0.0,0
35.48,-0.883,-1.1607,262.7383,-0.0,-0.0004,262.7383,,,,,,,,,,,,0.0,0.0,0.0,0.0,0
35.5,-0.8947,-1.2417,262.717,-0.0,-0.0004,262.717,,,,,,,,,,,,0.0,0.0,0.0,0.0,0
35.52,-0.8947,-1.2417,262.717,-0.0,-0.0004,262.717,,,,,,,,,,,,0.0,0.0,0.0,0.0,0
35.54,-0.8947,-1.2417,262.717,-0.0,-0.0004,262.717,,,,,,,,,,,,0.0,0.0,0.0,0.0,0
35.56,-0.8947,-1.2417,262.717,-0.0,-0.0004,262.717,,,,,,,,,,,,0.0,0.0,0.0,0.0,0
35.58,-0.8947,-1.2417,262.717,-0.0,-0.0004,262.717,,,,,,,,,,,,0.0,0.0,0.0,0.0,0
35.6,-0.9084,-1.3054,262.7247,-0.0,-0.0004,262.7247,,,,,,,,,,,,0.0,0.0,0.0,0.0,0
35.62,-0.9084,-1.3054,262.7247,-0.0,-0.0004,262.7247,,,,,,,,,,,,0.0,0.0,0.0,0.0,0
35.64,-0.9084,-1.3054,262.7247,-0.0,-0.0004,262.7247,,,,,,,,,,,,0.0,0.0,0.0,0.0,0
35.66,-0.9084,-1.3054,262.7247,-0.0,-0.0004,262.7247,,,,,,,,,,,,0.0,0.0,0.0,0.0,0
35.68,-0.9084,-1.3054,262.7247,-0.0,-0.0004,262.7247,,,,,,,,,,,,0.0,0.0,0.0,0.0,0
35.7,-0.9275,-1.3594,262.7055,-0.0,-0.0004,262.7055,,,,,,,,,,,,0.0,0.0,0.0,0.0,0
35.72,-0.9275,-1.3594,262.7055,-0.0,-0.0004,262.7055,,,,,,,,,,,,0.0,0.0,0.0,0.0,0
35.74,-0.9275,-1.3594,262.7055,-0.0,-0.0004,262.7055,,,,,,,,,,,,0.0,0.0,0.0,0.0,0
35.76,-0.9275,-1.3594,262.7055,-0.0,-0.0004,262.7055,,,,,,,,,,,,0.0,0.0,0.0,0.0,0
35.78,-0.9275,-1.3594,262.7055,-0.0,-0.0004,262.7055,,,,,,,,,,,,0.0,0.0,0.0,0.0,0
35.8,-0.9459,-1.3985,262.6982,-0.0,-0.0004,262.6982,,,,,,,,,,,,0.0,0.0,0.0,0.0,0
35.82,-0.9459,-1.3985,262.6982,-0.0,-0.0004,262.6982,,,,,,,,,,,,0.0,0.0,0.0,0.0,0
35.84,-0.9459,-1.3985,262.6982,-0.0,-0.0004,262.6982,,,,,,,,,,,,0.0,0.0,0.0,0.0,0
35.86,-0.9459,-1.3985,262.6982,-0.0,-0.0004,262.6982,,,,,,,,,,,,0.0,0.0,0.0,0.0,0
35.88,-0.9459,-1.3985,262.6982,-0.0,-0.0004,262.6982,,,,,,,,,,,,0.0,0.0,0.0,0.0,0
35.9,-0.9554,-1.4311,262.6785,-0.0,-0.0004,262.6785,,,,,,,,,,,,0.0,0.0,0.0,0.0,0
35.92,-0.9554,-1.4311,262.6785,-0.0,-0.0004,262.6785,,,,,,,,,,,,0.0,0.0,0.0,0.0,0
35.94,-0.9554,-1.4311,262.6785,-0.0,-0.0004,262.6785,,,,,,,,,,,,0.0,0.0,0.0,0.0,0
35.96,-0.9554,-1.4311,262.6785,-0.0,-0.0004,262.6785,,,,,,,,,,,,0.0,0.0,0.0,0.0,0
35.98,-0.9554,-1.4311,262.6785,-0.0,-0.0004,262.6785,,,,,,,,,,,,0.0,0.0,0.0,0.0,0
36.0,-0.9616,-1.4563,262.6693,-0.0,-0.0004,262.6693,,,,,,,,,,,,0.0,0.0,0.0,0.0,0
36.02,-0.9616,-1.4563,262.6693,-0.0,-0.0004,262.6693,,,,,,,,,,,,0.0,0.0,0.0,0.0,0
36.04,-0.9616,-1.4563,262.6693,-0.0,-0.0004,262.6693,,,,,,,,,,,,0.0,0.0,0.0,0.0,0
36.06,-0.9616,-1.4563,262.6693,-0.0,-0.0004,262.6693,,,,,,,,,,,,0.0,0.0,0.0,0.0,0
36.08,-0.9616,-1.4563,262.6693,-0.0,-0.0004,262.6693,,,,,,,,,,,,0.0,0.0,0.0,0.0,0
36.1,-1.0039,-1.3839,262.3784,-0.0,-0.0004,262.3784,,,,,,,,,,,,0.0,0.0,0.0,0.0,0
36.12,-1.0039,-1.3839,262.3784,-0.0,-0.0004,262.3784,,,,,,,,,,,,0.0,0.0,0.0,0.0,0
36.14,-1.0039,-1.3839,262.3784,-0.0,-0.0004,262.3784,,,,,,,,,,,,0.0,0.0,0.0,0.0,0
36.16,-1.0039,-1.3839,262.3784,-0.0,-0.0004,262.3784,,,,,,,,,,,,0.0,0.0,0.0,0.0,0
36.18,-1.0039,-1.3839,262.3784,-0.0,-0.0004,262.3784,,,,,,,,,,,,0.0,0.0,0.0,0.0,0
36.2,-1.4251,-1.6666,262.2963,-0.0,-0.0004,262.2963,,,,,,,,,,,,0.0,0.0,0.0,0.0,0
36.22,-1.4251,-1.6666,262.2963,-0.0,-0.0004,262.2963,,,,,,,,,,,,0.0,0.0,0.0,0.0,0
36.24,-1.4251,-1.6666,262.2963,-0.0,-0.0004,262.2963,,,,,,,,,,,,0.0,0.0,0.0,0.0,0
36.26,-1.4251,-1.6666,262.2963,-0.0,-0.0004,262.2963,,,,,,,,,,,,0.0,0.0,0.0,0.0,0
36.28,-1.4251,-1.6666,262.2963,-0.0,-0.0004,262.2963,,,,,,,,,,,,0.0,0.0,0.0,0.0,0
36.3,-3.411,-3.8824,265.1307,-0.0,-0.0004,265.1307,,,,,,,,,,,,0.0,0.0,0.0,0.0,0
36.32,-3.411,-3.8824,265.1307,-0.0,-0.0004,265.1307,,,,,,,,,,,,0.0,0.0,0.0,0.0,0
36.34,-3.411,-3.8824,265.1307,-0.0,-0.0004,265.1307,,,,,,,,,,,,0.0,0.0,0.0,0.0,0
36.36,-3.411,-3.8824,265.1307,-0.0,-0.0004,265.1307,,,,,,,,,,,,0.0,0.0,0.0,0.0,0
36.38,-3.411,-3.8824,265.1307,-0.0,-0.0004,265.1307,,,,,,,,,,,,0.0,0.0,0.0,0.0,0
36.4,-8.3259,-7.3632,267.229,-0.0,-0.0004,267.229,,,,,,,,,,,,0.0,0.0,0.0,0.0,0
36.42,-8.3259,-7.3632,267.229,-0.0,-0.0004,267.229,,,,,,,,,,,,0.0,0.0,0.0,0.0,0
36.44,-8.3259,-7.3632,267.229,-0.0,-0.0004,267.229,,,,,,,,,,,,0.0,0.0,0.0,0.0,0
36.46,-8.3259,-7.3632,267.229,-0.0,-0.0004,267.229,,,,,,,,,,,,0.0,0.0,0.0,0.0,0
36.48,-8.3259,-7.3632,267.229,-0.0,-0.0004,267.229,,,,,,,,,,,,0.0,0.0,0.0,0.0,0
36.5,-14.7006,-11.2482,268.189,-0.0,-0.0004,268.189,,,,,,,,,,,,0.0,0.0,0.0,0.0,0
36.52,-14.7006,-11.2482,268.189,-0.0,-0.0004,268.189,,,,,,,,,,,,0.0,0.0,0.0,0.0,0
36.54,-14.7006,-11.2482,268.189,-0.0,-0.0004,268.189,,,,,,,,,,,,0.0,0.0,0.0,0.0,0
36.56,-14.7006,-11.2482,268.189,-0.0,-0.0004,268.189,,,,,,,,,,,,0.0,0.0,0.0,0.0,0
36.58,-14.7006,-11.2482,268.189,-0.0,-0.0004,268.189,,,,,,,,,,,,0.0,0.0,0.0,0.0,0
36.6,-18.897,-14.5473,269.3536,-0.0,-0.0004,269.3536,,,,,,,,,,,,0.0,0.0,0.0,0.0,0
36.62,-18.897,-14.5473,269.3536,-0.0,-0.0004,269.3536,,,,,,,,,,,,0.0,0.0,0.0,0.0,0
36.64,-18.897,-14.5473,269.3536,-0.0,-0.0004,269.3536,,,,,,,,,,,,0.0,0.0,0.0,0.0,0
36.66,-18.897,-14.5473,269.3536,-0.0,-0.0004,269.3536,,,,,,,,,,,,0.0,0.0,0.0,0.0,0
36.68,-18.897,-14.5473,269.3536,-0.0,-0.0004,269.3536,,,,,,,,,,,,0.0,0.0,0.0,0.0,0
36.7,-22.8283,-16.8969,272.3407,-0.0,-0.0004,272.3407,,,,,,,,,,,,0.0,0.0,0.0,0.0,0
36.72,-22.8283,-16.8969,272.3407,-0.0,-0.0004,272.3407,,,,,,,,,,,,0.0,0.0,0.0,0.0,0
36.74,-22.8283,-16.8969,272.3407,-0.0,-0.0004,272.3407,,,,,,,,,,,,0.0,0.0,0.0,0.0,0
36.76,-22.8283,-16.8969,272.3407,-0.0,-0.0004,272.3407,,,,,,,,,,,,0.0,0.0,0.0,0.0,0
36.78,-22.8283,-16.8969,272.3407,-0.0,-0.0004,272.3407,,,,,,,,,,,,0.0,0.0,0.0,0.0,0
36.8,-28.3972,-19.3037,275.7306,-0.0,-0.0004,275.7306,,,,,,,,,,,,0.0,0.0,0.0,0.0,0
36.82,-28.3972,-19.3037,275.7306,-0.0,-0.0004,275.7306,,,,,,,,,,,,0.0,0.0,0.0,0.0,0
36.84,-28.3972,-19.3037,275.7306,-0.0,-0.0004,275.7306,,,,,,,,,,,,0.0,0.0,0.0,0.0,0
36.86,-28.3972,-19.3037,275.7306,-0.0,-0.0004,275.7306,,,,,,,,,,,,0.0,0.0,0.0,0.0,0
36.88,-28.3972,-19.3037,275.7306,-0.0,-0.0004,275.7306,,,,,,,,,,,,0.0,0.0,0.0,0.0,0
36.9,-34.0061,-19.5241,276.3107,-0.0,-0.0004,276.3107,,,,,,,,,,,,0.0,0.0,0.0,0.0,0
36.92,-34.0061,-19.5241,276.3107,-0.0,-0.0004,276.3107,,,,,,,,,,,,0.0,0.0,0.0,0.0,0
36.94,-34.0061,-19.5241,276.3107,-0.0,-0.0004,276.3107,,,,,,,,,,,,0.0,0.0,0.0,0.0,0
36.96,-34.0061,-19.5241,276.3107,-0.0,-0.0004,276.3107,,,,,,,,,,,,0.0,0.0,0.0,0.0,0
36.98,-34.0061,-19.5241,276.3107,-0.0,-0.0004,276.3107,,,,,,,,,,,,0.0,0.0,0.0,0.0,0
37.0,-37.4598,-18.275,274.6291,-0.0,-0.0004,274.6291,,,,,,,,,,,,0.0,0.0,0.0,0.0,0
37.02,-37.4598,-18.275,274.6291,-0.0,-0.0004,274.6291,,,,,,,,,,,,0.0,0.0,0.0,0.0,0
37.04,-37.4598,-18.275,274.6291,-0.0,-0.0004,274.6291,,,,,,,,,,,,0.0,0.0,0.0,0.0,0
37.06,-37.4598,-18.275,274.6291,-0.0,-0.0004,274.6291,,,,,,,,,,,,0.0,0.0,0.0,0.0,0
37.08,-37.4598,-18.275,274.6291,-0.0,-0.0004,274.6291,,,,,,,,,,,,0.0,0.0,0.0,0.0,0
37.1,-38.1703,-17.1143,273.0456,-0.0,-0.0004,273.0456,,,,,,,,,,,,0.0,0.0,0.0,0.0,0
37.12,-38.1703,-17.1143,273.0456,-0.0,-0.0004,273.0456,,,,,,,,,,,,0.0,0.0,0.0,0.0,0
37.14,-38.1703,-17.1143,273.0456,-0.0,-0.0004,273.0456,,,,,,,,,,,,0.0,0.0,0.0,0.0,0
37.16,-38.1703,-17.1143,273.0456,-0.0,-0.0004,273.0456,,,,,,,,,,,,0.0,0.0,0.0,0.0,0
37.18,-38.1703,-17.1143,273.0456,-0.0,-0.0004,273.0456,,,,,,,,,,,,0.0,0.0,0.0,0.0,0
37.2,-41.0176,-16.348,272.7441,-0.0,-0.0004,272.7441,,,,,,,,,,,,0.0,0.0,0.0,0.0,0
37.22,-41.0176,-16.348,272.7441,-0.0,-0.0004,272.7441,,,,,,,,,,,,0.0,0.0,0.0,0.0,0
37.24,-41.0176,-16.348,272.7441,-0.0,-0.0004,272.7441,,,,,,,,,,,,0.0,0.0,0.0,0.0,0
37.26,-41.0176,-16.348,272.7441,-0.0,-0.0004,272.7441,,,,,,,,,,,,0.0,0.0,0.0,0.0,0
37.28,-41.0176,-16.348,272.7441,-0.0,-0.0004,272.7441,,,,,,,,,,,,0.0,0.0,0.0,0.0,0
37.3,-41.546,-15.7143,270.9641,-0.0,-0.0004,270.9641,,,,,,,,,,,,0.0,0.0,0.0,0.0,0
37.32,-41.546,-15.7143,270.9641,-0.0,-0.0004,270.9641,,,,,,,,,,,,0.0,0.0,0.0,0.0,0
37.34,-41.546,-15.7143,270.9641,-0.0,-0.0004,270.9641,,,,,,,,,,,,0.0,0.0,0.0,0.0,0
37.36,-41.546,-15.7143,270.9641,-0.0,-0.0004,270.9641,,,,,,,,,,,,0.0,0.0,0.0,0.0,0
37.38,-41.546,-15.7143,270.9641,-0.0,-0.0004,270.9641,,,,,,,,,,,,0.0,0.0,0.0,0.0,0
37.4,-41.6909,-14.9246,270.642,-0.0,-0.0004,270.642,,,,,,,,,,,,0.0,0.0,0.0,0.0,0
37.42,-41.6909,-14.9246,270.642,-0.0,-0.0004,270.642,,,,,,,,,,,,0.0,0.0,0.0,0.0,0
37.44,-41.6909,-14.9246,270.642,-0.0,-0.0004,270.642,,,,,,,,,,,,0.0,0.0,0.0,0.0,0
37.46,-41.6909,-14.9246,270.642,-0.0,-0.0004,270.642,,,,,,,,,,,,0.0,0.0,0.0,0.0,0
37.48,-41.6909,-14.9246,270.642,-0.0,-0.0004,270.642,,,,,,,,,,,,0.0,0.0,0.0,0.0,0
37.5,-40.8994,-14.7585,270.9818,-0.0,-0.0004,270.9818,,,,,,,,,,,,0.0,0.0,0.0,0.0,0
37.52,-40.8994,-14.7585,270.9818,-0.0,-0.0004,270.9818,,,,,,,,,,,,0.0,0.0,0.0,0.0,0
37.54,-40.8994,-14.7585,270.9818,-0.0,-0.0004,270.9818,,,,,,,,,,,,0.0,0.0,0.0,0.0,0
37.56,-40.8994,-14.7585,270.9818,-0.0,-0.0004,270.9818,,,,,,,,,,,,0.0,0.0,0.0,0.0,0
37.58,-40.8994,-14.7585,270.9818,-0.0,-0.0004,270.9818,,,,,,,,,,,,0.0,0.0,0.0,0.0,0
37.6,-40.483,-14.1752,271.4625,-0.0,-0.0004,271.4625,,,,,,,,,,,,0.0,0.0,0.0,0.0,0
37.62,-40.483,-14.1752,271.4625,-0.0,-0.0004,271.4625,,,,,,,,,,,,0.0,0.0,0.0,0.0,0
37.64,-40.483,-14.1752,271.4625,-0.0,-0.0004,271.4625,,,,,,,,,,,,0.0,0.0,0.0,0.0,0
37.66,-40.483,-14.1752,271.4625,-0.0,-0.0004,271.4625,,,,,,,,,,,,0.0,0.0,0.0,0.0,0
37.68,-40.483,-14.1752,271.4625,-0.0,-0.0004,271.4625,,,,,,,,,,,,0.0,0.0,0.0,0.0,0
37.7,-39.5865,-13.1595,271.4545,-0.0,-0.0004,271.4545,,,,,,,,,,,,0.0,0.0,0.0,0.0,0
37.72,-39.5865,-13.1595,271.4545,-0.0,-0.0004,271.4545,,,,,,,,,,,,0.0,0.0,0.0,0.0,0
37.74,-39.5865,-13.1595,271.4545,-0.0,-0.0004,271.4545,,,,,,,,,,,,0.0,0.0,0.0,0.0,0
37.76,-39.5865,-13.1595,271.4545,-0.0,-0.0004,271.4545,,,,,,,,,,,,0.0,0.0,0.0,0.0,0
37.78,-39.5865,-13.1595,271.4545,-0.0,-0.0004,271.4545,,,,,,,,,,,,0.0,0.0,0.0,0.0,0
37.8,-38.3256,-13.1344,272.2252,-0.0,-0.0004,272.2252,,,,,,,,,,,,0.0,0.0,0.0,0.0,0
37.82,-38.3256,-13.1344,272.2252,-0.0,-0.0004,272.2252,,,,,,,,,,,,0.0,0.0,0.0,0.0,0
37.84,-38.3256,-13.1344,272.2252,-0.0,-0.0004,272.2252,,,,,,,,,,,,0.0,0.0,0.0,0.0,0
37.86,-38.3256,-13.1344,272.2252,-0.0,-0.0004,272.2252,,,,,,,,,,,,0.0,0.0,0.0,0.0,0
37.88,-38.3256,-13.1344,272.2252,-0.0,-0.0004,272.2252,,,,,,,,,,,,0.0,0.0,0.0,0.0,0
37.9,-37.107,-12.9725,273.5129,-0.0,-0.0004,273.5129,,,,,,,,,,,,0.0,0.0,0.0,0.0,0
37.92,-37.107,-12.9725,273.5129,-0.0,-0.0004,273.5129,,,,,,,,,,,,0.0,0.0,0.0,0.0,0
37.94,-37.107,-12.9725,273.5129,-0.0,-0.0004,273.5129,,,,,,,,,,,,0.0,0.0,0.0,0.0,0
37.96,-37.107,-12.9725,273.5129,-0.0,-0.0004,273.5129,,,,,,,,,,,,0.0,0.0,0.0,0.0,0
37.98,-37.107,-12.9725,273.5129,-0.0,-0.0004,273.5129,,,,,,,,,,,,0.0,0.0,0.0,0.0,0
38.0,-37.2296,-13.1878,274.0407,-0.0,-0.0004,274.0407,,,,,,,,,,,,0.0,0.0,0.0,0.0,0
38.02,-37.2296,-13.1878,274.0407,-0.0,-0.0004,274.0407,,,,,,,,,,,,0.0,0.0,0.0,0.0,0
38.04,-37.2296,-13.1878,274.0407,-0.0,-0.0004,274.0407,,,,,,,,,,,,0.0,0.0,0.0,0.0,0
38.06,-37.2296,-13.1878,274.0407,-0.0,-0.0004,274.0407,,,,,,,,,,,,0.0,0.0,0.0,0.0,0
38.08,-37.2296,-13.1878,274.0407,-0.0,-0.0004,274.0407,,,,,,,,,,,,0.0,0.0,0.0,0.0,0
38.1,-38.1045,-12.3355,272.6158,-0.0,-0.0004,272.6158,,,,,,,,,,,,0.0,0.0,0.0,0.0,0
38.12,-38.1045,-12.3355,272.6158,-0.0,-0.0004,272.6158,,,,,,,,,,,,0.0,0.0,0.0,0.0,0
38.14,-38.1045,-12.3355,272.6158,-0.0,-0.0004,272.6158,,,,,,,,,,,,0.0,0.0,0.0,0.0,0
38.16,-38.1045,-12.3355,272.6158,-0.0,-0.0004,272.6158,,,,,,,,,,,,0.0,0.0,0.0,0.0,0
38.18,-38.1045,-12.3355,272.6158,-0.0,-0.0004,272.6158,,,,,,,,,,,,0.0,0.0,0.0,0.0,0
38.2,-38.6287,-11.3513,270.7382,-0.0,-0.0004,270.7382,,,,,,,,,,,,0.0,0.0,0.0,0.0,0
38.22,-38.6287,-11.3513,270.7382,-0.0,-0.0004,270.7382,,,,,,,,,,,,0.0,0.0,0.0,0.0,0
38.24,-38.6287,-11.3513,270.7382,-0.0,-0.0004,270.7382,,,,,,,,,,,,0.0,0.0,0.0,0.0,0
38.26,-38.6287,-11.3513,270.7382,-0.0,-0.0004,270.7382,,,,,,,,,,,,0.0,0.0,0.0,0.0,0
38.28,-38.6287,-11.3513,270.7382,-0.0,-0.0004,270.7382,,,,,,,,,,,,0.0,0.0,0.0,0.0,0
38.3,-37.1185,-11.5214,271.1314,-0.0,-0.0004,271.1314,,,,,,,,,,,,0.0,0.0,0.0,0.0,0
38.32,-37.1185,-11.5214,271.1314,-0.0,-0.0004,271.1314,,,,,,,,,,,,0.0,0.0,0.0,0.0,0
38.34,-37.1185,-11.5214,271.1314,-0.0,-0.0004,271.1314,,,,,,,,,,,,0.0,0.0,0.0,0.0,0
38.36,-37.1185,-11.5214,271.1314,-0.0,-0.0004,271.1314,,,,,,,,,,,,0.0,0.0,0.0,0.0,0
38.38,-37.1185,-11.5214,271.1314,-0.0,-0.0004,271.1314,,,,,,,,,,,,0.0,0.0,0.0,0.0,0
38.4,-36.383,-12.3234,272.1936,-0.0,-0.0004,272.1936,,,,,,,,,,,,0.0,0.0,0.0,0.0,0
38.42,-36.383,-12.3234,272.1936,-0.0,-0.0004,272.1936,,,,,,,,,,,,0.0,0.0,0.0,0.0,0
38.44,-36.383,-12.3234,272.1936,-0.0,-0.0004,272.1936,,,,,,,,,,,,0.0,0.0,0.0,0.0,0
38.46,-36.383,-12.3234,272.1936,-0.0,-0.0004,272.1936,,,,,,,,,,,,0.0,0.0,0.0,0.0,0
38.48,-36.383,-12.3234,272.1936,-0.0,-0.0004,272.1936,,,,,,,,,,,,0.0,0.0,0.0,0.0,0
38.5,-34.9387,-12.0303,272.0611,-0.0,-0.0004,272.0611,,,,,,,,,,,,0.0,0.0,0.0,0.0,0
38.52,-34.9387,-12.0303,272.0611,-0.0,-0.0004,272.0611,,,,,,,,,,,,0.0,0.0,0.0,0.0,0
38.54,-34.9387,-12.0303,272.0611,-0.0,-0.0004,272.0611,,,,,,,,,,,,0.0,0.0,0.0,0.0,0
38.56,-34.9387,-12.0303,272.0611,-0.0,-0.0004,272.0611,,,,,,,,,,,,0.0,0.0,0.0,0.0,0
38.58,-34.9387,-12.0303,272.0611,-0.0,-0.0004,272.0611,,,,,,,,,,,,0.0,0.0,0.0,0.0,0
38.6,-34.6577,-12.3295,272.3173,-0.0,-0.0004,272.3173,,,,,,,,,,,,0.0,0.0,0.0,0.0,0
38.62,-34.6577,-12.3295,272.3173,-0.0,-0.0004,272.3173,,,,,,,,,,,,0.0,0.0,0.0,0.0,0
38.64,-34.6577,-12.3295,272.3173,-0.0,-0.0004,272.3173,,,,,,,,,,,,0.0,0.0,0.0,0.0,0
38.66,-34.6577,-12.3295,272.3173,-0.0,-0.0004,272.3173,,,,,,,,,,,,0.0,0.0,0.0,0.0,0
38.68,-34.6577,-12.3295,272.3173,-0.0,-0.0004,272.3173,,,,,,,,,,,,0.0,0.0,0.0,0.0,0
38.7,-33.3777,-11.8505,272.4624,-0.0,-0.0004,272.4624,,,,,,,,,,,,0.0,0.0,0.0,0.0,0
38.72,-33.3777,-11.8505,272.4624,-0.0,-0.0004,272.4624,,,,,,,,,,,,0.0,0.0,0.0,0.0,0
38.74,-33.3777,-11.8505,272.4624,-0.0,-0.0004,272.4624,,,,,,,,,,,,0.0,0.0,0.0,0.0,0
38.76,-33.3777,-11.8505,272.4624,-0.0,-0.0004,272.4624,,,,,,,,,,,,0.0,0.0,0.0,0.0,0
38.78,-33.3777,-11.8505,272.4624,-0.0,-0.0004,272.4624,,,,,,,,,,,,0.0,0.0,0.0,0.0,0
38.8,-33.3955,-11.9275,272.6501,-0.0,-0.0004,272.6501,,,,,,,,,,,,0.0,0.0,0.0,0.0,0
38.82,-33.3955,-11.9275,272.6501,-0.0,-0.0004,272.6501,,,,,,,,,,,,0.0,0.0,0.0,0.0,0
38.84,-33.3955,-11.9275,272.6501,-0.0,-0.0004,272.6501,,,,,,,,,,,,0.0,0.0,0.0,0.0,0
38.86,-33.3955,-11.9275,272.6501,-0.0,-0.0004,272.6501,,,,,,,,,,,,0.0,0.0,0.0,0.0,0
38.88,-33.3955,-11.9275,272.6501,-0.0,-0.0004,272.6501,,,,,,,,,,,,0.0,0.0,0.0,0.0,0
38.9,-33.744,-11.5866,271.0751,-0.0,-0.0004,271.0751,,,,,,,,,,,,0.0,0.0,0.0,0.0,0
38.92,-33.744,-11.5866,271.0751,-0.0,-0.0004,271.0751,,,,,,,,,,,,0.0,0.0,0.0,0.0,0
38.94,-33.744,-11.5866,271.0751,-0.0,-0.0004,271.0751,,,,,,,,,,,,0.0,0.0,0.0,0.0,0
38.96,-33.744,-11.5866,271.0751,-0.0,-0.0004,271.0751,,,,,,,,,,,,0.0,0.0,0.0,0.0,0
38.98,-33.744,-11.5866,271.0751,-0.0,-0.0004,271.0751,,,,,,,,,,,,0.0,0.0,0.0,0.0,0
39.0,-36.1934,-9.6108,269.5132,-0.0,-0.0004,269.5132,,,,,,,,,,,,0.0,0.0,0.0,0.0,0
39.02,-36.1934,-9.6108,269.5132,-0.0,-0.0004,269.5132,,,,,,,,,,,,0.0,0.0,0.0,0.0,0
39.04,-36.1934,-9.6108,269.5132,-0.0,-0.0004,269.5132,,,,,,,,,,,,0.0,0.0,0.0,0.0,0
39.06,-36.1934,-9.6108,269.5132,-0.0,-0.0004,269.5132,,,,,,,,,,,,0.0,0.0,0.0,0.0,0
39.08,-36.1934,-9.6108,269.5132,-0.0,-0.0004,269.5132,,,,,,,,,,,,0.0,0.0,0.0,0.0,0
39.1,-35.8537,-8.7176,269.2112,-0.0,-0.0004,269.2112,,,,,,,,,,,,0.0,0.0,0.0,0.0,0
39.12,-35.8537,-8.7176,269.2112,-0.0,-0.0004,269.2112,,,,,,,,,,,,0.0,0.0,0.0,0.0,0
39.14,-35.8537,-8.7176,269.2112,-0.0,-0.0004,269.2112,,,,,,,,,,,,0.0,0.0,0.0,0.0,0
39.16,-35.8537,-8.7176,269.2112,-0.0,-0.0004,269.2112,,,,,,,,,,,,0.0,0.0,0.0,0.0,0
39.18,-35.8537,-8.7176,269.2112,-0.0,-0.0004,269.2112,,,,,,,,,,,,0.0,0.0,0.0,0.0,0
39.2,-32.4046,-8.1841,272.4111,-0.0,-0.0004,272.4111,,,,,,,,,,,,0.0,0.0,0.0,0.0,0
39.22,-32.4046,-8.1841,272.4111,-0.0,-0.0004,272.4111,,,,,,,,,,,,0.0,0.0,0.0,0.0,0
39.24,-32.4046,-8.1841,272.4111,-0.0,-0.0004,272.4111,,,,,,,,,,,,0.0,0.0,0.0,0.0,0
39.26,-32.4046,-8.1841,272.4111,-0.0,-0.0004,272.4111,,,,,,,,,,,,0.0,0.0,0.0,0.0,0
39.28,-32.4046,-8.1841,272.4111,-0.0,-0.0004,272.4111,,,,,,,,,,,,0.0,0.0,0.0,0.0,0
39.3,-31.9816,-8.7117,273.7512,-0.0,-0.0004,273.7512,,,,,,,,,,,,0.0,0.0,0.0,0.0,0
39.32,-31.9816,-8.7117,273.7512,-0.0,-0.0004,273.7512,,,,,,,,,,,,0.0,0.0,0.0,0.0,0
39.34,-31.9816,-8.7117,273.7512,-0.0,-0.0004,273.7512,,,,,,,,,,,,0.0,0.0,0.0,0.0,0
39.36,-31.9816,-8.7117,273.7512,-0.0,-0.0004,273.7512,,,,,,,,,,,,0.0,0.0,0.0,0.0,0
39.38,-31.9816,-8.7117,273.7512,-0.0,-0.0004,273.7512,,,,,,,,,,,,0.0,0.0,0.0,0.0,0
39.4,-33.41,-7.7664,273.5258,-0.0,-0.0004,273.5258,,,,,,,,,,,,0.0,0.0,0.0,0.0,0
39.42,-33.41,-7.7664,273.5258,-0.0,-0.0004,273.5258,,,,,,,,,,,,0.0,0.0,0.0,0.0,0
39.44,-33.41,-7.7664,273.5258,-0.0,-0.0004,273.5258,,,,,,,,,,,,0.0,0.0,0.0,0.0,0
39.46,-33.41,-7.7664,273.5258,-0.0,-0.0004,273.5258,,,,,,,,,,,,0.0,0.0,0.0,0.0,0
39.48,-33.41,-7.7664,273.5258,-0.0,-0.0004,273.5258,,,,,,,,,,,,0.0,0.0,0.0,0.0,0
39.5,-32.5308,-7.627,273.2612,-0.0,-0.0004,273.2612,,,,,,,,,,,,0.0,0.0,0.0,0.0,0
39.52,-32.5308,-7.627,273.2612,-0.0,-0.0004,273.2612,,,,,,,,,,,,0.0,0.0,0.0,0.0,0
39.54,-32.5308,-7.627,273.2612,-0.0,-0.0004,273.2612,,,,,,,,,,,,0.0,0.0,0.0,0.0,0
39.56,-32.5308,-7.627,273.2612,-0.0,-0.0004,273.2612,,,,,,,,,,,,0.0,0.0,0.0,0.0,0
39.58,-32.5308,-7.627,273.2612,-0.0,-0.0004,273.2612,,,,,,,,,,,,0.0,0.0,0.0,0.0,0
39.6,-32.4185,-7.3212,273.8567,-0.0,-0.0004,273.8567,,,,,,,,,,,,0.0,0.0,0.0,0.0,0
39.62,-32.4185,-7.3212,273.8567,-0.0,-0.0004,273.8567,,,,,,,,,,,,0.0,0.0,0.0,0.0,0
39.64,-32.4185,-7.3212,273.8567,-0.0,-0.0004,273.8567,,,,,,,,,,,,0.0,0.0,0.0,0.0,0
39.66,-32.4185,-7.3212,273.8567,-0.0,-0.0004,273.8567,,,,,,,,,,,,0.0,0.0,0.0,0.0,0
39.68,-32.4185,-7.3212,273.8567,-0.0,-0.0004,273.8567,,,,,,,,,,,,0.0,0.0,0.0,0.0,0
39.7,-31.7173,-7.7533,274.0875,-0.0,-0.0004,274.0875,,,,,,,,,,,,0.0,0.0,0.0,0.0,0
39.72,-31.7173,-7.7533,274.0875,-0.0,-0.0004,274.0875,,,,,,,,,,,,0.0,0.0,0.0,0.0,0
39.74,-31.7173,-7.7533,274.0875,-0.0,-0.0004,274.0875,,,,,,,,,,,,0.0,0.0,0.0,0.0,0
39.76,-31.7173,-7.7533,274.0875,-0.0,-0.0004,274.0875,,,,,,,,,,,,0.0,0.0,0.0,0.0,0
39.78,-31.7173,-7.7533,274.0875,-0.0,-0.0004,274.0875,,,,,,,,,,,,0.0,0.0,0.0,0.0,0
39.8,-31.0587,-6.7778,274.5933,-0.0,-0.0004,274.5933,,,,,,,,,,,,0.0,0.0,0.0,0.0,0
39.82,-31.0587,-6.7778,274.5933,-0.0,-0.0004,274.5933,,,,,,,,,,,,0.0,0.0,0.0,0.0,0
39.84,-31.0587,-6.7778,274.5933,-0.0,-0.0004,274.5933,,,,,,,,,,,,0.0,0.0,0.0,0.0,0
39.86,-31.0587,-6.7778,274.5933,-0.0,-0.0004,274.5933,,,,,,,,,,,,0.0,0.0,0.0,0.0,0
39.88,-31.0587,-6.7778,274.5933,-0.0,-0.0004,274.5933,,,,,,,,,,,,0.0,0.0,0.0,0.0,0
39.9,-29.5011,-6.5202,274.5566,-0.0,-0.0004,274.5566,,,,,,,,,,,,0.0,0.0,0.0,0.0,0
39.92,-29.5011,-6.5202,274.5566,-0.0,-0.0004,274.5566,,,,,,,,,,,,0.0,0.0,0.0,0.0,0
39.94,-29.5011,-6.5202,274.5566,-0.0,-0.0004,274.5566,,,,,,,,,,,,0.0,0.0,0.0,0.0,0
39.96,-29.5011,-6.5202,274.5566,-0.0,-0.0004,274.5566,,,,,,,,,,,,0.0,0.0,0.0,0.0,0
39.98,-29.5011,-6.5202,274.5566,-0.0,-0.0004,274.5566,,,,,,,,,,,,0.0,0.0,0.0,0.0,0
40.0,-27.4921,-6.783,275.2917,-0.0,-0.0004,275.2917,,,,,,,,,,,,0.0,0.0,0.0,0.0,0
40.02,-27.4921,-6.783,275.2917,-0.0,-0.0004,275.2917,,,,,,,,,,,,0.0,0.0,0.0,0.0,0
40.04,-27.4921,-6.783,275.2917,-0.0,-0.0004,275.2917,,,,,,,,,,,,0.0,0.0,0.0,0.0,0
40.06,-27.4921,-6.783,275.2917,-0.0,-0.0004,275.2917,,,,,,,,,,,,0.0,0.0,0.0,0.0,0
40.08,-27.4921,-6.783,275.2917,-0.0,-0.0004,275.2917,,,,,,,,,,,,0.0,0.0,0.0,0.0,0
40.1,-27.6059,-6.554,275.9182,-0.0,-0.0004,275.9182,,,,,,,,,,,,0.0,0.0,0.0,0.0,0
40.12,-27.6059,-6.554,275.9182,-0.0,-0.0004,275.9182,,,,,,,,,,,,0.0,0.0,0.0,0.0,0
40.14,-27.6059,-6.554,275.9182,-0.0,-0.0004,275.9182,,,,,,,,,,,,0.0,0.0,0.0,0.0,0
40.16,-27.6059,-6.554,275.9182,-0.0,-0.0004,275.9182,,,,,,,,,,,,0.0,0.0,0.0,0.0,0
40.18,-27.6059,-6.554,275.9182,-0.0,-0.0004,275.9182,,,,,,,,,,,,0.0,0.0,0.0,0.0,0
40.2,-28.7979,-3.9498,273.3966,-0.0,-0.0004,273.3966,,,,,,,,,,,,0.0,0.0,0.0,0.0,0
40.22,-28.7979,-3.9498,273.3966,-0.0,-0.0004,273.3966,,,,,,,,,,,,0.0,0.0,0.0,0.0,0
40.24,-28.7979,-3.9498,273.3966,-0.0,-0.0004,273.3966,,,,,,,,,,,,0.0,0.0,0.0,0.0,0
40.26,-28.7979,-3.9498,273.3966,-0.0,-0.0004,273.3966,,,,,,,,,,,,0.0,0.0,0.0,0.0,0
40.28,-28.7979,-3.9498,273.3966,-0.0,-0.0004,273.3966,,,,,,,,,,,,0.0,0.0,0.0,0.0,0
40.3,-29.3595,-1.3222,268.7193,-0.0,-0.0004,268.7193,,,,,,,,,,,,0.0,0.0,0.0,0.0,0
40.32,-29.3595,-1.3222,268.7193,-0.0,-0.0004,268.7193,,,,,,,,,,,,0.0,0.0,0.0,0.0,0
40.34,-29.3595,-1.3222,268.7193,-0.0,-0.0004,268.7193,,,,,,,,,,,,0.0,0.0,0.0,0.0,0
40.36,-29.3595,-1.3222,268.7193,-0.0,-0.0004,268.7193,,,,,,,,,,,,0.0,0.0,0.0,0.0,0
40.38,-29.3595,-1.3222,268.7193,-0.0,-0.0004,268.7193,,,,,,,,,,,,0.0,0.0,0.0,0.0,0
40.4,-27.5857,-1.4095,268.3786,-0.0,-0.0004,268.3786,,,,,,,,,,,,0.0,0.0,0.0,0.0,0
40.42,-27.5857,-1.4095,268.3786,-0.0,-0.0004,268.3786,,,,,,,,,,,,0.0,0.0,0.0,0.0,0
40.44,-27.5857,-1.4095,268.3786,-0.0,-0.0004,268.3786,,,,,,,,,,,,0.0,0.0,0.0,0.0,0
40.46,-27.5857,-1.4095,268.3786,-0.0,-0.0004,268.3786,,,,,,,,,,,,0.0,0.0,0.0,0.0,0
40.48,-27.5857,-1.4095,268.3786,-0.0,-0.0004,268.3786,,,,,,,,,,,,0.0,0.0,0.0,0.0,0
40.5,-22.3548,-1.8486,271.1454,-0.0,-0.0004,271.1454,,,,,,,,,,,,0.0,0.0,0.0,0.0,0
40.52,-22.3548,-1.8486,271.1454,-0.0,-0.0004,271.1454,,,,,,,,,,,,0.0,0.0,0.0,0.0,0
40.54,-22.3548,-1.8486,271.1454,-0.0,-0.0004,271.1454,,,,,,,,,,,,0.0,0.0,0.0,0.0,0
40.56,-22.3548,-1.8486,271.1454,-0.0,-0.0004,271.1454,,,,,,,,,,,,0.0,0.0,0.0,0.0,0
40.58,-22.3548,-1.8486,271.1454,-0.0,-0.0004,271.1454,,,,,,,,,,,,0.0,0.0,0.0,0.0,0
40.6,-16.0978,-4.0453,272.5707,-0.0,-0.0004,272.5707,,,,,,,,,,,,0.0,0.0,0.0,0.0,0
40.62,-16.0978,-4.0453,272.5707,-0.0,-0.0004,272.5707,,,,,,,,,,,,0.0,0.0,0.0,0.0,0
40.64,-16.0978,-4.0453,272.5707,-0.0,-0.0004,272.5707,,,,,,,,,,,,0.0,0.0,0.0,0.0,0
40.66,-16.0978,-4.0453,272.5707,-0.0,-0.0004,272.5707,,,,,,,,,,,,0.0,0.0,0.0,0.0,0
40.68,-16.0978,-4.0453,272.5707,-0.0,-0.0004,272.5707,,,,,,,,,,,,0.0,0.0,0.0,0.0,0
40.7,-13.2108,-3.2501,271.6166,-0.0,-0.0004,271.6166,,,,,,,,,,,,0.0,0.0,0.0,0.0,0
40.72,-13.2108,-3.2501,271.6166,-0.0,-0.0004,271.6166,,,,,,,,,,,,0.0,0.0,0.0,0.0,0
40.74,-13.2108,-3.2501,271.6166,-0.0,-0.0004,271.6166,,,,,,,,,,,,0.0,0.0,0.0,0.0,0
40.76,-13.2108,-3.2501,271.6166,-0.0,-0.0004,271.6166,,,,,,,,,,,,0.0,0.0,0.0,0.0,0
40.78,-13.2108,-3.2501,271.6166,-0.0,-0.0004,271.6166,,,,,,,,,,,,0.0,0.0,0.0,0.0,0
40.8,-11.2898,-0.9916,270.3712,-0.0,-0.0004,270.3712,,,,,,,,,,,,0.0,0.0,0.0,0.0,0
40.82,-11.2898,-0.9916,270.3712,-0.0,-0.0004,270.3712,,,,,,,,,,,,0.0,0.0,0.0,0.0,0
40.84,-11.2898,-0.9916,270.3712,-0.0,-0.0004,270.3712,,,,,,,,,,,,0.0,0.0,0.0,0.0,0
40.86,-11.2898,-0.9916,270.3712,-0.0,-0.0004,270.3712,,,,,,,,,,,,0.0,0.0,0.0,0.0,0
40.88,-11.2898,-0.9916,270.3712,-0.0,-0.0004,270.3712,,,,,,,,,,,,0.0,0.0,0.0,0.0,0
40.9,-7.3937,-5.2187,270.3391,-0.0,-0.0004,270.3391,,,,,,,,,,,,0.0,0.0,0.0,0.0,0
40.92,-7.3937,-5.2187,270.3391,-0.0,-0.0004,270.3391,,,,,,,,,,,,0.0,0.0,0.0,0.0,0
40.94,-7.3937,-5.2187,270.3391,-0.0,-0.0004,270.3391,,,,,,,,,,,,0.0,0.0,0.0,0.0,0
40.96,-7.3937,-5.2187,270.3391,-0.0,-0.0004,270.3391,,,,,,,,,,,,0.0,0.0,0.0,0.0,0
40.98,-7.3937,-5.2187,270.3391,-0.0,-0.0004,270.3391,,,,,,,,,,,,0.0,0.0,0.0,0.0,0
41.0,-4.1586,-18.0154,267.2245,-0.0,-0.0004,267.2245,,,,,,,,,,,,0.0,0.0,0.0,0.0,0
41.02,-4.1586,-18.0154,267.2245,-0.0,-0.0004,267.2245,,,,,,,,,,,,0.0,0.0,0.0,0.0,0
41.04,-4.1586,-18.0154,267.2245,-0.0,-0.0004,267.2245,,,,,,,,,,,,0.0,0.0,0.0,0.0,0
41.06,-4.1586,-18.0154,267.2245,-0.0,-0.0004,267.2245,,,,,,,,,,,,0.0,0.0,0.0,0.0,0
41.08,-4.1586,-18.0154,267.2245,-0.0,-0.0004,267.2245,,,,,,,,,,,,0.0,0.0,0.0,0.0,0
41.1,-2.632,-21.7941,264.8235,-0.0,-0.0004,264.8235,,,,,,,,,,,,0.0,0.0,0.0,0.0,0
41.12,-2.632,-21.7941,264.8235,-0.0,-0.0004,264.8235,,,,,,,,,,,,0.0,0.0,0.0,0.0,0
41.14,-2.632,-21.7941,264.8235,-0.0,-0.0004,264.8235,,,,,,,,,,,,0.0,0.0,0.0,0.0,0
41.16,-2.632,-21.7941,264.8235,-0.0,-0.0004,264.8235,,,,,,,,,,,,0.0,0.0,0.0,0.0,0
41.18,-2.632,-21.7941,264.8235,-0.0,-0.0004,264.8235,,,,,,,,,,,,0.0,0.0,0.0,0.0,0
41.2,-10.5653,-20.3492,266.7439,-0.0,-0.0004,266.7439,,,,,,,,,,,,0.0,0.0,0.0,0.0,0
41.22,-10.5653,-20.3492,266.7439,-0.0,-0.0004,266.7439,,,,,,,,,,,,0.0,0.0,0.0,0.0,0
41.24,-10.5653,-20.3492,266.7439,-0.0,-0.0004,266.7439,,,,,,,,,,,,0.0,0.0,0.0,0.0,0
41.26,-10.5653,-20.3492,266.7439,-0.0,-0.0004,266.7439,,,,,,,,,,,,0.0,0.0,0.0,0.0,0
41.28,-10.5653,-20.3492,266.7439,-0.0,-0.0004,266.7439,,,,,,,,,,,,0.0,0.0,0.0,0.0,0
41.3,-17.0681,-17.9112,266.0974,-0.0,-0.0004,266.0974,,,,,,,,,,,,0.0,0.0,0.0,0.0,0
41.32,-17.0681,-17.9112,266.0974,-0.0,-0.0004,266.0974,,,,,,,,,,,,0.0,0.0,0.0,0.0,0
41.34,-17.0681,-17.9112,266.0974,-0.0,-0.0004,266.0974,,,,,,,,,,,,0.0,0.0,0.0,0.0,0
41.36,-17.0681,-17.9112,266.0974,-0.0,-0.0004,266.0974,,,,,,,,,,,,0.0,0.0,0.0,0.0,0
41.38,-17.0681,-17.9112,266.0974,-0.0,-0.0004,266.0974,,,,,,,,,,,,0.0,0.0,0.0,0.0,0
41.4,-16.1289,-18.1764,261.2466,-0.0,-0.0004,261.2466,,,,,,,,,,,,0.0,0.0,0.0,0.0,0
41.42,-16.1289,-18.1764,261.2466,-0.0,-0.0004,261.2466,,,,,,,,,,,,0.0,0.0,0.0,0.0,0
41.44,-16.1289,-18.1764,261.2466,-0.0,-0.0004,261.2466,,,,,,,,,,,,0.0,0.0,0.0,0.0,0
41.46,-16.1289,-18.1764,261.2466,-0.0,-0.0004,261.2466,,,,,,,,,,,,0.0,0.0,0.0,0.0,0
41.48,-16.1289,-18.1764,261.2466,-0.0,-0.0004,261.2466,,,,,,,,,,,,0.0,0.0,0.0,0.0,0
41.5,-11.753,-18.5059,255.2835,-0.0,-0.0004,255.2835,,,,,,,,,,,,0.0,0.0,0.0,0.0,0
41.52,-11.753,-18.5059,255.2835,-0.0,-0.0004,255.2835,,,,,,,,,,,,0.0,0.0,0.0,0.0,0
41.54,-11.753,-18.5059,255.2835,-0.0,-0.0004,255.2835,,,,,,,,,,,,0.0,0.0,0.0,0.0,0
41.56,-11.753,-18.5059,255.2835,-0.0,-0.0004,255.2835,,,,,,,,,,,,0.0,0.0,0.0,0.0,0
41.58,-11.753,-18.5059,255.2835,-0.0,-0.0004,255.2835,,,,,,,,,,,,0.0,0.0,0.0,0.0,0
41.6,-7.8731,-19.5262,249.6057,-0.0,-0.0004,249.6057,,,,,,,,,,,,0.0,0.0,0.0,0.0,0
41.62,-7.8731,-19.5262,249.6057,-0.0,-0.0004,249.6057,,,,,,,,,,,,0.0,0.0,0.0,0.0,0
41.64,-7.8731,-19.5262,249.6057,-0.0,-0.0004,249.6057,,,,,,,,,,,,0.0,0.0,0.0,0.0,0
41.66,-7.8731,-19.5262,249.6057,-0.0,-0.0004,249.6057,,,,,,,,,,,,0.0,0.0,0.0,0.0,0
41.68,-7.8731,-19.5262,249.6057,-0.0,-0.0004,249.6057,,,,,,,,,,,,0.0,0.0,0.0,0.0,0
41.7,-6.0328,-20.906,243.4883,-0.0,-0.0004,243.4883,,,,,,,,,,,,0.0,0.0,0.0,0.0,0
41.72,-6.0328,-20.906,243.4883,-0.0,-0.0004,243.4883,,,,,,,,,,,,0.0,0.0,0.0,0.0,0
41.74,-6.0328,-20.906,243.4883,-0.0,-0.0004,243.4883,,,,,,,,,,,,0.0,0.0,0.0,0.0,0
41.76,-6.0328,-20.906,243.4883,-0.0,-0.0004,243.4883,,,,,,,,,,,,0.0,0.0,0.0,0.0,0
41.78,-6.0328,-20.906,243.4883,-0.0,-0.0004,243.4883,,,,,,,,,,,,0.0,0.0,0.0,0.0,0
41.8,-5.9919,-21.8635,238.5622,-0.0,-0.0004,238.5622,,,,,,,,,,,,0.0,0.0,0.0,0.0,0
41.82,-5.9919,-21.8635,238.5622,-0.0,-0.0004,238.5622,,,,,,,,,,,,0.0,0.0,0.0,0.0,0
41.84,-5.9919,-21.8635,238.5622,-0.0,-0.0004,238.5622,,,,,,,,,,,,0.0,0.0,0.0,0.0,0
41.86,-5.9919,-21.8635,238.5622,-0.0,-0.0004,238.5622,,,,,,,,,,,,0.0,0.0,0.0,0.0,0
41.88,-5.9919,-21.8635,238.5622,-0.0,-0.0004,238.5622,,,,,,,,,,,,0.0,0.0,0.0,0.0,0
41.9,-10.4248,-19.8291,232.2327,-0.0,-0.0004,232.2327,,,,,,,,,,,,0.0,0.0,0.0,0.0,0
41.92,-10.4248,-19.8291,232.2327,-0.0,-0.0004,232.2327,,,,,,,,,,,,0.0,0.0,0.0,0.0,0
41.94,-10.4248,-19.8291,232.2327,-0.0,-0.0004,232.2327,,,,,,,,,,,,0.0,0.0,0.0,0.0,0
41.96,-10.4248,-19.8291,232.2327,-0.0,-0.0004,232.2327,,,,,,,,,,,,0.0,0.0,0.0,0.0,0
41.98,-10.4248,-19.8291,232.2327,-0.0,-0.0004,232.2327,,,,,,,,,,,,0.0,0.0,0.0,0.0,0
42.0,-12.5869,-15.4452,223.328,-0.0,-0.0004,223.328,,,,,,,,,,,,0.0,0.0,0.0,0.0,0
42.02,-12.5869,-15.4452,223.328,-0.0,-0.0004,223.328,,,,,,,,,,,,0.0,0.0,0.0,0.0,0
42.04,-12.5869,-15.4452,223.328,-0.0,-0.0004,223.328,,,,,,,,,,,,0.0,0.0,0.0,0.0,0
42.06,-12.5869,-15.4452,223.328,-0.0,-0.0004,223.328,,,,,,,,,,,,0.0,0.0,0.0,0.0,0
42.08,-12.5869,-15.4452,223.328,-0.0,-0.0004,223.328,,,,,,,,,,,,0.0,0.0,0.0,0.0,0
42.1,-13.0818,-11.6922,216.0139,-0.0,-0.0004,216.0139,,,,,,,,,,,,0.0,0.0,0.0,0.0,0
42.12,-13.0818,-11.6922,216.0139,-0.0,-0.0004,216.0139,,,,,,,,,,,,0.0,0.0,0.0,0.0,0
42.14,-13.0818,-11.6922,216.0139,-0.0,-0.0004,216.0139,,,,,,,,,,,,0.0,0.0,0.0,0.0,0
42.16,-13.0818,-11.6922,216.0139,-0.0,-0.0004,216.0139,,,,,,,,,,,,0.0,0.0,0.0,0.0,0
42.18,-13.0818,-11.6922,216.0139,-0.0,-0.0004,216.0139,,,,,,,,,,,,0.0,0.0,0.0,0.0,0
42.2,-12.113,-11.0023,210.8077,-0.0,-0.0004,210.8077,,,,,,,,,,,,0.0,0.0,0.0,0.0,0
42.22,-12.113,-11.0023,210.8077,-0.0,-0.0004,210.8077,,,,,,,,,,,,0.0,0.0,0.0,0.0,0
42.24,-12.113,-11.0023,210.8077,-0.0,-0.0004,210.8077,,,,,,,,,,,,0.0,0.0,0.0,0.0,0
42.26,-12.113,-11.0023,210.8077,-0.0,-0.0004,210.8077,,,,,,,,,,,,0.0,0.0,0.0,0.0,0
42.28,-12.113,-11.0023,210.8077,-0.0,-0.0004,210.8077,,,,,,,,,,,,0.0,0.0,0.0,0.0,0
42.3,-12.5169,-12.0286,205.5154,-0.0,-0.0004,205.5154,,,,,,,,,,,,0.0,0.0,0.0,0.0,0
42.32,-12.5169,-12.0286,205.5154,-0.0,-0.0004,205.5154,,,,,,,,,,,,0.0,0.0,0.0,0.0,0
42.34,-12.5169,-12.0286,205.5154,-0.0,-0.0004,205.5154,,,,,,,,,,,,0.0,0.0,0.0,0.0,0
42.36,-12.5169,-12.0286,205.5154,-0.0,-0.0004,205.5154,,,,,,,,,,,,0.0,0.0,0.0,0.0,0
42.38,-12.5169,-12.0286,205.5154,-0.0,-0.0004,205.5154,,,,,,,,,,,,0.0,0.0,0.0,0.0,0
42.4,-15.3428,-13.0638,199.6486,-0.0,-0.0004,199.6486,,,,,,,,,,,,0.0,0.0,0.0,0.0,0
42.42,-15.3428,-13.0638,199.6486,-0.0,-0.0004,199.6486,,,,,,,,,,,,0.0,0.0,0.0,0.0,0
42.44,-15.3428,-13.0638,199.6486,-0.0,-0.0004,199.6486,,,,,,,,,,,,0.0,0.0,0.0,0.0,0
42.46,-15.3428,-13.0638,199.6486,-0.0,-0.0004,199.6486,,,,,,,,,,,,0.0,0.0,0.0,0.0,0
42.48,-15.3428,-13.0638,199.6486,-0.0,-0.0004,199.6486,,,,,,,,,,,,0.0,0.0,0.0,0.0,0
42.5,-14.7438,-11.0858,192.7036,-0.0,-0.0004,192.7036,,,,,,,,,,,,0.0,0.0,0.0,0.0,0
42.52,-14.7438,-11.0858,192.7036,-0.0,-0.0004,192.7036,,,,,,,,,,,,0.0,0.0,0.0,0.0,0
42.54,-14.7438,-11.0858,192.7036,-0.0,-0.0004,192.7036,,,,,,,,,,,,0.0,0.0,0.0,0.0,0
42.56,-14.7438,-11.0858,192.7036,-0.0,-0.0004,192.7036,,,,,,,,,,,,0.0,0.0,0.0,0.0,0
42.58,-14.7438,-11.0858,192.7036,-0.0,-0.0004,192.7036,,,,,,,,,,,,0.0,0.0,0.0,0.0,0
42.6,-13.2671,-7.1546,184.5739,-0.0,-0.0004,184.5739,,,,,,,,,,,,0.0,0.0,0.0,0.0,0
42.62,-13.2671,-7.1546,184.5739,-0.0,-0.0004,184.5739,,,,,,,,,,,,0.0,0.0,0.0,0.0,0
42.64,-13.2671,-7.1546,184.5739,-0.0,-0.0004,184.5739,,,,,,,,,,,,0.0,0.0,0.0,0.0,0
42.66,-13.2671,-7.1546,184.5739,-0.0,-0.0004,184.5739,,,,,,,,,,,,0.0,0.0,0.0,0.0,0
42.68,-13.2671,-7.1546,184.5739,-0.0,-0.0004,184.5739,,,,,,,,,,,,0.0,0.0,0.0,0.0,0
42.7,-16.5451,-4.1635,179.3642,-0.0,-0.0004,179.3642,,,,,,,,,,,,0.0,0.0,0.0,0.0,0
42.72,-16.5451,-4.1635,179.3642,-0.0,-0.0004,179.3642,,,,,,,,,,,,0.0,0.0,0.0,0.0,0
42.74,-16.5451,-4.1635,179.3642,-0.0,-0.0004,179.3642,,,,,,,,,,,,0.0,0.0,0.0,0.0,0
42.76,-16.5451,-4.1635,179.3642,-0.0,-0.0004,179.3642,,,,,,,,,,,,0.0,0.0,0.0,0.0,0
42.78,-16.5451,-4.1635,179.3642,-0.0,-0.0004,179.3642,,,,,,,,,,,,0.0,0.0,0.0,0.0,0
42.8,-20.318,1.3606,177.1302,-0.0,-0.0004,177.1302,,,,,,,,,,,,0.0,0.0,0.0,0.0,0
42.82,-20.318,1.3606,177.1302,-0.0,-0.0004,177.1302,,,,,,,,,,,,0.0,0.0,0.0,0.0,0
42.84,-20.318,1.3606,177.1302,-0.0,-0.0004,177.1302,,,,,,,,,,,,0.0,0.0,0.0,0.0,0
42.86,-20.318,1.3606,177.1302,-0.0,-0.0004,177.1302,,,,,,,,,,,,0.0,0.0,0.0,0.0,0
42.88,-20.318,1.3606,177.1302,-0.0,-0.0004,177.1302,,,,,,,,,,,,0.0,0.0,0.0,0.0,0
42.9,-28.6029,3.3564,174.1974,-0.0,-0.0004,174.1974,,,,,,,,,,,,0.0,0.0,0.0,0.0,0
42.92,-28.6029,3.3564,174.1974,-0.0,-0.0004,174.1974,,,,,,,,,,,,0.0,0.0,0.0,0.0,0
42.94,-28.6029,3.3564,174.1974,-0.0,-0.0004,174.1974,,,,,,,,,,,,0.0,0.0,0.0,0.0,0
42.96,-28.6029,3.3564,174.1974,-0.0,-0.0004,174.1974,,,,,,,,,,,,0.0,0.0,0.0,0.0,0
42.98,-28.6029,3.3564,174.1974,-0.0,-0.0004,174.1974,,,,,,,,,,,,0.0,0.0,0.0,0.0,0
43.0,-30.0325,6.5022,169.7696,-0.0,-0.0004,169.7696,,,,,,,,,,,,0.0,0.0,0.0,0.0,0
43.02,-30.0325,6.5022,169.7696,-0.0,-0.0004,169.7696,,,,,,,,,,,,0.0,0.0,0.0,0.0,0
43.04,-30.0325,6.5022,169.7696,-0.0,-0.0004,169.7696,,,,,,,,,,,,0.0,0.0,0.0,0.0,0
43.06,-30.0325,6.5022,169.7696,-0.0,-0.0004,169.7696,,,,,,,,,,,,0.0,0.0,0.0,0.0,0
43.08,-30.0325,6.5022,169.7696,-0.0,-0.0004,169.7696,,,,,,,,,,,,0.0,0.0,0.0,0.0,0
43.1,-29.862,2.832,168.0903,-0.0,-0.0004,168.0903,,,,,,,,,,,,0.0,0.0,0.0,0.0,0
43.12,-29.862,2.832,168.0903,-0.0,-0.0004,168.0903,,,,,,,,,,,,0.0,0.0,0.0,0.0,0
43.14,-29.862,2.832,168.0903,-0.0,-0.0004,168.0903,,,,,,,,,,,,0.0,0.0,0.0,0.0,0
43.16,-29.862,2.832,168.0903,-0.0,-0.0004,168.0903,,,,,,,,,,,,0.0,0.0,0.0,0.0,0
43.18,-29.862,2.832,168.0903,-0.0,-0.0004,168.0903,,,,,,,,,,,,0.0,0.0,0.0,0.0,0
43.2,-31.351,0.0232,164.6895,-0.0,-0.0004,164.6895,,,,,,,,,,,,0.0,0.0,0.0,0.0,0
43.22,-31.351,0.0232,164.6895,-0.0,-0.0004,164.6895,,,,,,,,,,,,0.0,0.0,0.0,0.0,0
43.24,-31.351,0.0232,164.6895,-0.0,-0.0004,164.6895,,,,,,,,,,,,0.0,0.0,0.0,0.0,0
43.26,-31.351,0.0232,164.6895,-0.0,-0.0004,164.6895,,,,,,,,,,,,0.0,0.0,0.0,0.0,0
43.28,-31.351,0.0232,164.6895,-0.0,-0.0004,164.6895,,,,,,,,,,,,0.0,0.0,0.0,0.0,0
43.3,-34.9774,0.7259,159.3273,-0.0,-0.0004,159.3273,,,,,,,,,,,,0.0,0.0,0.0,0.0,0
43.32,-34.9774,0.7259,159.3273,-0.0,-0.0004,159.3273,,,,,,,,,,,,0.0,0.0,0.0,0.0,0
43.34,-34.9774,0.7259,159.3273,-0.0,-0.0004,159.3273,,,,,,,,,,,,0.0,0.0,0.0,0.0,0
43.36,-34.9774,0.7259,159.3273,-0.0,-0.0004,159.3273,,,,,,,,,,,,0.0,0.0,0.0,0.0,0
43.38,-34.9774,0.7259,159.3273,-0.0,-0.0004,159.3273,,,,,,,,,,,,0.0,0.0,0.0,0.0,0
43.4,-39.4939,2.6545,152.4923,-0.0,-0.0004,152.4922,,,,,,,,,,,,0.0,0.0,0.0,0.0,0
43.42,-39.4939,2.6545,152.4923,-0.0,-0.0004,152.4922,,,,,,,,,,,,0.0,0.0,0.0,0.0,0
43.44,-39.4939,2.6545,152.4923,-0.0,-0.0004,152.4922,,,,,,,,,,,,0.0,0.0,0.0,0.0,0
43.46,-39.4939,2.6545,152.4923,-0.0,-0.0004,152.4922,,,,,,,,,,,,0.0,0.0,0.0,0.0,0
43.48,-39.4939,2.6545,152.4923,-0.0,-0.0004,152.4922,,,,,,,,,,,,0.0,0.0,0.0,0.0,0
43.5,-41.1207,2.0137,146.4447,-0.0,-0.0004,146.4447,,,,,,,,,,,,0.0,0.0,0.0,0.0,0
43.52,-41.1207,2.0137,146.4447,-0.0,-0.0004,146.4447,,,,,,,,,,,,0.0,0.0,0.0,0.0,0
43.54,-41.1207,2.0137,146.4447,-0.0,-0.0004,146.4447,,,,,,,,,,,,0.0,0.0,0.0,0.0,0
43.56,-41.1207,2.0137,146.4447,-0.0,-0.0004,146.4447,,,,,,,,,,,,0.0,0.0,0.0,0.0,0
43.58,-41.1207,2.0137,146.4447,-0.0,-0.0004,146.4447,,,,,,,,,,,,0.0,0.0,0.0,0.0,0
43.6,-43.5868,-0.2993,144.5621,-0.0,-0.0004,144.5621,,,,,,,,,,,,0.0,0.0,0.0,0.0,0
43.62,-43.5868,-0.2993,144.5621,-0.0,-0.0004,144.5621,,,,,,,,,,,,0.0,0.0,0.0,0.0,0
43.64,-43.5868,-0.2993,144.5621,-0.0,-0.0004,144.5621,,,,,,,,,,,,0.0,0.0,0.0,0.0,0
43.66,-43.5868,-0.2993,144.5621,-0.0,-0.0004,144.5621,,,,,,,,,,,,0.0,0.0,0.0,0.0,0
43.68,-43.5868,-0.2993,144.5621,-0.0,-0.0004,144.5621,,,,,,,,,,,,0.0,0.0,0.0,0.0,0
43.7,-47.2638,-0.8023,142.2064,-0.0,-0.0004,142.2064,,,,,,,,,,,,0.0,0.0,0.0,0.0,0
43.72,-47.2638,-0.8023,142.2064,-0.0,-0.0004,142.2064,,,,,,,,,,,,0.0,0.0,0.0,0.0,0
43.74,-47.2638,-0.8023,142.2064,-0.0,-0.0004,142.2064,,,,,,,,,,,,0.0,0.0,0.0,0.0,0
43.76,-47.2638,-0.8023,142.2064,-0.0,-0.0004,142.2064,,,,,,,,,,,,0.0,0.0,0.0,0.0,0
43.78,-47.2638,-0.8023,142.2064,-0.0,-0.0004,142.2064,,,,,,,,,,,,0.0,0.0,0.0,0.0,0
43.8,-52.4173,1.0876,140.4796,-0.0,-0.0004,140.4796,,,,,,,,,,,,0.0,0.0,0.0,0.0,0
43.82,-52.4173,1.0876,140.4796,-0.0,-0.0004,140.4796,,,,,,,,,,,,0.0,0.0,0.0,0.0,0
43.84,-52.4173,1.0876,140.4796,-0.0,-0.0004,140.4796,,,,,,,,,,,,0.0,0.0,0.0,0.0,0
43.86,-52.4173,1.0876,140.4796,-0.0,-0.0004,140.4796,,,,,,,,,,,,0.0,0.0,0.0,0.0,0
43.88,-52.4173,1.0876,140.4796,-0.0,-0.0004,140.4796,,,,,,,,,,,,0.0,0.0,0.0,0.0,0
43.9,-56.2203,3.2566,137.9411,-0.0,-0.0004,137.9411,,,,,,,,,,,,0.0,0.0,0.0,0.0,0
43.92,-56.2203,3.2566,137.9411,-0.0,-0.0004,137.9411,,,,,,,,,,,,0.0,0.0,0.0,0.0,0
43.94,-56.2203,3.2566,137.9411,-0.0,-0.0004,137.9411,,,,,,,,,,,,0.0,0.0,0.0,0.0,0
43.96,-56.2203,3.2566,137.9411,-0.0,-0.0004,137.9411,,,,,,,,,,,,0.0,0.0,0.0,0.0,0
43.98,-56.2203,3.2566,137.9411,-0.0,-0.0004,137.9411,,,,,,,,,,,,0.0,0.0,0.0,0.0,0
44.0,-58.8184,4.2281,137.2251,-0.0,-0.0004,137.2251,,,,,,,,,,,,0.0,0.0,0.0,0.0,0
44.02,-58.8184,4.2281,137.2251,-0.0,-0.0004,137.2251,,,,,,,,,,,,0.0,0.0,0.0,0.0,0
44.04,-58.8184,4.2281,137.2251,-0.0,-0.0004,137.2251,,,,,,,,,,,,0.0,0.0,0.0,0.0,0
44.06,-58.8184,4.2281,137.2251,-0.0,-0.0004,137.2251,,,,,,,,,,,,0.0,0.0,0.0,0.0,0
44.08,-58.8184,4.2281,137.2251,-0.0,-0.0004,137.2251,,,,,,,,,,,,0.0,0.0,0.0,0.0,0
44.1,-60.3853,3.4906,138.6041,-0.0,-0.0004,138.6041,,,,,,,,,,,,0.0,0.0,0.0,0.0,0
44.12,-60.3853,3.4906,138.6041,-0.0,-0.0004,138.6041,,,,,,,,,,,,0.0,0.0,0.0,0.0,0
44.14,-60.3853,3.4906,138.6041,-0.0,-0.0004,138.6041,,,,,,,,,,,,0.0,0.0,0.0,0.0,0
44.16,-60.3853,3.4906,138.6041,-0.0,-0.0004,138.6041,,,,,,,,,,,,0.0,0.0,0.0,0.0,0
44.18,-60.3853,3.4906,138.6041,-0.0,-0.0004,138.6041,,,,,,,,,,,,0.0,0.0,0.0,0.0,0
44.2,-60.7248,2.9662,140.1272,-0.0,-0.0004,140.1272,,,,,,,,,,,,0.0,0.0,0.0,0.0,0
44.22,-60.7248,2.9662,140.1272,-0.0,-0.0004,140.1272,,,,,,,,,,,,0.0,0.0,0.0,0.0,0
44.24,-60.7248,2.9662,140.1272,-0.0,-0.0004,140.1272,,,,,,,,,,,,0.0,0.0,0.0,0.0,0
44.26,-60.7248,2.9662,140.1272,-0.0,-0.0004,140.1272,,,,,,,,,,,,0.0,0.0,0.0,0.0,0
44.28,-60.7248,2.9662,140.1272,-0.0,-0.0004,140.1272,,,,,,,,,,,,0.0,0.0,0.0,0.0,0
44.3,-61.5055,3.3944,140.6102,-0.0,-0.0004,140.6102,,,,,,,,,,,,0.0,0.0,0.0,0.0,0
44.32,-61.5055,3.3944,140.6102,-0.0,-0.0004,140.6102,,,,,,,,,,,,0.0,0.0,0.0,0.0,0
44.34,-61.5055,3.3944,140.6102,-0.0,-0.0004,140.6102,,,,,,,,,,,,0.0,0.0,0.0,0.0,0
44.36,-61.5055,3.3944,140.6102,-0.0,-0.0004,140.6102,,,,,,,,,,,,0.0,0.0,0.0,0.0,0
44.38,-61.5055,3.3944,140.6102,-0.0,-0.0004,140.6102,,,,,,,,,,,,0.0,0.0,0.0,0.0,0
44.4,-63.0534,4.0398,140.545,-0.0,-0.0004,140.545,,,,,,,,,,,,0.0,0.0,0.0,0.0,0
44.42,-63.0534,4.0398,140.545,-0.0,-0.0004,140.545,,,,,,,,,,,,0.0,0.0,0.0,0.0,0
44.44,-63.0534,4.0398,140.545,-0.0,-0.0004,140.545,,,,,,,,,,,,0.0,0.0,0.0,0.0,0
44.46,-63.0534,4.0398,140.545,-0.0,-0.0004,140.545,,,,,,,,,,,,0.0,0.0,0.0,0.0,0
44.48,-63.0534,4.0398,140.545,-0.0,-0.0004,140.545,,,,,,,,,,,,0.0,0.0,0.0,0.0,0
44.5,-64.3986,4.9824,140.3228,-0.0,-0.0004,140.3228,,,,,,,,,,,,0.0,0.0,0.0,0.0,0
44.52,-64.3986,4.9824,140.3228,-0.0,-0.0004,140.3228,,,,,,,,,,,,0.0,0.0,0.0,0.0,0
44.54,-64.3986,4.9824,140.3228,-0.0,-0.0004,140.3228,,,,,,,,,,,,0.0,0.0,0.0,0.0,0
44.56,-64.3986,4.9824,140.3228,-0.0,-0.0004,140.3228,,,,,,,,,,,,0.0,0.0,0.0,0.0,0
44.58,-64.3986,4.9824,140.3228,-0.0,-0.0004,140.3228,,,,,,,,,,,,0.0,0.0,0.0,0.0,0
44.6,-64.4345,5.9266,140.2337,-0.0,-0.0004,140.2337,,,,,,,,,,,,0.0,0.0,0.0,0.0,0
44.62,-64.4345,5.9266,140.2337,-0.0,-0.0004,140.2337,,,,,,,,,,,,0.0,0.0,0.0,0.0,0
44.64,-64.4345,5.9266,140.2337,-0.0,-0.0004,140.2337,,,,,,,,,,,,0.0,0.0,0.0,0.0,0
44.66,-64.4345,5.9266,140.2337,-0.0,-0.0004,140.2337,,,,,,,,,,,,0.0,0.0,0.0,0.0,0
44.68,-64.4345,5.9266,140.2337,-0.0,-0.0004,140.2337,,,,,,,,,,,,0.0,0.0,0.0,0.0,0
44.7,-64.2244,6.357,140.5368,-0.0,-0.0004,140.5368,,,,,,,,,,,,0.0,0.0,0.0,0.0,0
44.72,-64.2244,6.357,140.5368,-0.0,-0.0004,140.5368,,,,,,,,,,,,0.0,0.0,0.0,0.0,0
44.74,-64.2244,6.357,140.5368,-0.0,-0.0004,140.5368,,,,,,,,,,,,0.0,0.0,0.0,0.0,0
44.76,-64.2244,6.357,140.5368,-0.0,-0.0004,140.5368,,,,,,,,,,,,0.0,0.0,0.0,0.0,0
44.78,-64.2244,6.357,140.5368,-0.0,-0.0004,140.5368,,,,,,,,,,,,0.0,0.0,0.0,0.0,0
44.8,-65.434,7.6957,140.6534,-0.0,-0.0004,140.6534,,,,,,,,,,,,0.0,0.0,0.0,0.0,0
44.82,-65.434,7.6957,140.6534,-0.0,-0.0004,140.6534,,,,,,,,,,,,0.0,0.0,0.0,0.0,0
44.84,-65.434,7.6957,140.6534,-0.0,-0.0004,140.6534,,,,,,,,,,,,0.0,0.0,0.0,0.0,0
44.86,-65.434,7.6957,140.6534,-0.0,-0.0004,140.6534,,,,,,,,,,,,0.0,0.0,0.0,0.0,0
44.88,-65.434,7.6957,140.6534,-0.0,-0.0004,140.6534,,,,,,,,,,,,0.0,0.0,0.0,0.0,0
44.9,-67.004,8.5732,140.8736,-0.0,-0.0004,140.8736,,,,,,,,,,,,0.0,0.0,0.0,0.0,0
44.92,-67.004,8.5732,140.8736,-0.0,-0.0004,140.8736,,,,,,,,,,,,0.0,0.0,0.0,0.0,0
44.94,-67.004,8.5732,140.8736,-0.0,-0.0004,140.8736,,,,,,,,,,,,0.0,0.0,0.0,0.0,0
44.96,-67.004,8.5732,140.8736,-0.0,-0.0004,140.8736,,,,,,,,,,,,0.0,0.0,0.0,0.0,0
44.98,-67.004,8.5732,140.8736,-0.0,-0.0004,140.8736,,,,,,,,,,,,0.0,0.0,0.0,0.0,0
45.0,-67.8318,9.1179,139.9911,-0.0,-0.0004,139.9911,,,,,,,,,,,,0.0,0.0,0.0,0.0,0
45.02,-67.8318,9.1179,139.9911,-0.0,-0.0004,139.9911,,,,,,,,,,,,0.0,0.0,0.0,0.0,0
45.04,-67.8318,9.1179,139.9911,-0.0,-0.0004,139.9911,,,,,,,,,,,,0.0,0.0,0.0,0.0,0
45.06,-67.8318,9.1179,139.9911,-0.0,-0.0004,139.9911,,,,,,,,,,,,0.0,0.0,0.0,0.0,0
45.08,-67.8318,9.1179,139.9911,-0.0,-0.0004,139.9911,,,,,,,,,,,,0.0,0.0,0.0,0.0,0
45.1,-68.0547,9.2839,138.9686,-0.0,-0.0004,138.9686,,,,,,,,,,,,0.0,0.0,0.0,0.0,0
45.12,-68.0547,9.2839,138.9686,-0.0,-0.0004,138.9686,,,,,,,,,,,,0.0,0.0,0.0,0.0,0
45.14,-68.0547,9.2839,138.9686,-0.0,-0.0004,138.9686,,,,,,,,,,,,0.0,0.0,0.0,0.0,0
45.16,-68.0547,9.2839,138.9686,-0.0,-0.0004,138.9686,,,,,,,,,,,,0.0,0.0,0.0,0.0,0
45.18,-68.0547,9.2839,138.9686,-0.0,-0.0004,138.9686,,,,,,,,,,,,0.0,0.0,0.0,0.0,0
45.2,-68.2157,8.5933,138.6935,-0.0,-0.0004,138.6935,,,,,,,,,,,,0.0,0.0,0.0,0.0,0
45.22,-68.2157,8.5933,138.6935,-0.0,-0.0004,138.6935,,,,,,,,,,,,0.0,0.0,0.0,0.0,0
45.24,-68.2157,8.5933,138.6935,-0.0,-0.0004,138.6935,,,,,,,,,,,,0.0,0.0,0.0,0.0,0
45.26,-68.2157,8.5933,138.6935,-0.0,-0.0004,138.6935,,,,,,,,,,,,0.0,0.0,0.0,0.0,0
45.28,-68.2157,8.5933,138.6935,-0.0,-0.0004,138.6935,,,,,,,,,,,,0.0,0.0,0.0,0.0,0
45.3,-67.6248,8.7507,138.7543,-0.0,-0.0004,138.7543,,,,,,,,,,,,0.0,0.0,0.0,0.0,0
45.32,-67.6248,8.7507,138.7543,-0.0,-0.0004,138.7543,,,,,,,,,,,,0.0,0.0,0.0,0.0,0
45.34,-67.6248,8.7507,138.7543,-0.0,-0.0004,138.7543,,,,,,,,,,,,0.0,0.0,0.0,0.0,0
45.36,-67.6248,8.7507,138.7543,-0.0,-0.0004,138.7543,,,,,,,,,,,,0.0,0.0,0.0,0.0,0
45.38,-67.6248,8.7507,138.7543,-0.0,-0.0004,138.7543,,,,,,,,,,,,0.0,0.0,0.0,0.0,0
45.4,-66.5459,8.0999,140.9082,-0.0,-0.0004,140.9082,,,,,,,,,,,,0.0,0.0,0.0,0.0,0
45.42,-66.5459,8.0999,140.9082,-0.0,-0.0004,140.9082,,,,,,,,,,,,0.0,0.0,0.0,0.0,0
45.44,-66.5459,8.0999,140.9082,-0.0,-0.0004,140.9082,,,,,,,,,,,,0.0,0.0,0.0,0.0,0
45.46,-66.5459,8.0999,140.9082,-0.0,-0.0004,140.9082,,,,,,,,,,,,0.0,0.0,0.0,0.0,0
45.48,-66.5459,8.0999,140.9082,-0.0,-0.0004,140.9082,,,,,,,,,,,,0.0,0.0,0.0,0.0,0
45.5,-66.5206,7.2151,141.9289,-0.0,-0.0004,141.9289,,,,,,,,,,,,0.0,0.0,0.0,0.0,0
45.52,-66.5206,7.2151,141.9289,-0.0,-0.0004,141.9289,,,,,,,,,,,,0.0,0.0,0.0,0.0,0
45.54,-66.5206,7.2151,141.9289,-0.0,-0.0004,141.9289,,,,,,,,,,,,0.0,0.0,0.0,0.0,0
45.56,-66.5206,7.2151,141.9289,-0.0,-0.0004,141.9289,,,,,,,,,,,,0.0,0.0,0.0,0.0,0
45.58,-66.5206,7.2151,141.9289,-0.0,-0.0004,141.9289,,,,,,,,,,,,0.0,0.0,0.0,0.0,0
45.6,-66.8173,7.3018,142.449,-0.0,-0.0004,142.449,,,,,,,,,,,,0.0,0.0,0.0,0.0,0
45.62,-66.8173,7.3018,142.449,-0.0,-0.0004,142.449,,,,,,,,,,,,0.0,0.0,0.0,0.0,0
45.64,-66.8173,7.3018,142.449,-0.0,-0.0004,142.449,,,,,,,,,,,,0.0,0.0,0.0,0.0,0
45.66,-66.8173,7.3018,142.449,-0.0,-0.0004,142.449,,,,,,,,,,,,0.0,0.0,0.0,0.0,0
45.68,-66.8173,7.3018,142.449,-0.0,-0.0004,142.449,,,,,,,,,,,,0.0,0.0,0.0,0.0,0
45.7,-66.4576,7.0599,143.9249,-0.0,-0.0004,143.9249,,,,,,,,,,,,0.0,0.0,0.0,0.0,0
45.72,-66.4576,7.0599,143.9249,-0.0,-0.0004,143.9249,,,,,,,,,,,,0.0,0.0,0.0,0.0,0
45.74,-66.4576,7.0599,143.9249,-0.0,-0.0004,143.9249,,,,,,,,,,,,0.0,0.0,0.0,0.0,0
45.76,-66.4576,7.0599,143.9249,-0.0,-0.0004,143.9249,,,,,,,,,,,,0.0,0.0,0.0,0.0,0
45.78,-66.4576,7.0599,143.9249,-0.0,-0.0004,143.9249,,,,,,,,,,,,0.0,0.0,0.0,0.0,0
45.8,-66.2597,5.971,144.473,-0.0,-0.0004,144.473,,,,,,,,,,,,0.0,0.0,0.0,0.0,0
45.82,-66.2597,5.971,144.473,-0.0,-0.0004,144.473,,,,,,,,,,,,0.0,0.0,0.0,0.0,0
45.84,-66.2597,5.971,144.473,-0.0,-0.0004,144.473,,,,,,,,,,,,0.0,0.0,0.0,0.0,0
45.86,-66.2597,5.971,144.473,-0.0,-0.0004,144.473,,,,,,,,,,,,0.0,0.0,0.0,0.0,0
45.88,-66.2597,5.971,144.473,-0.0,-0.0004,144.473,,,,,,,,,,,,0.0,0.0,0.0,0.0,0
45.9,-66.3515,5.745,144.3472,-0.0,-0.0004,144.3472,,,,,,,,,,,,0.0,0.0,0.0,0.0,0
45.92,-66.3515,5.745,144.3472,-0.0,-0.0004,144.3472,,,,,,,,,,,,0.0,0.0,0.0,0.0,0
45.94,-66.3515,5.745,144.3472,-0.0,-0.0004,144.3472,,,,,,,,,,,,0.0,0.0,0.0,0.0,0
45.96,-66.3515,5.745,144.3472,-0.0,-0.0004,144.3472,,,,,,,,,,,,0.0,0.0,0.0,0.0,0
45.98,-66.3515,5.745,144.3472,-0.0,-0.0004,144.3472,,,,,,,,,,,,0.0,0.0,0.0,0.0,0
46.0,-66.6096,5.928,145.214,-0.0,-0.0004,145.214,,,,,,,,,,,,0.0,0.0,0.0,0.0,0
46.02,-66.6096,5.928,145.214,-0.0,-0.0004,145.214,,,,,,,,,,,,0.0,0.0,0.0,0.0,0
46.04,-66.6096,5.928,145.214,-0.0,-0.0004,145.214,,,,,,,,,,,,0.0,0.0,0.0,0.0,0
46.06,-66.6096,5.928,145.214,-0.0,-0.0004,145.214,,,,,,,,,,,,0.0,0.0,0.0,0.0,0
46.08,-66.6096,5.928,145.214,-0.0,-0.0004,145.214,,,,,,,,,,,,0.0,0.0,0.0,0.0,0
46.1,-66.3846,5.8805,145.5169,-0.0,-0.0004,145.5169,,,,,,,,,,,,0.0,0.0,0.0,0.0,0
46.12,-66.3846,5.8805,145.5169,-0.0,-0.0004,145.5169,,,,,,,,,,,,0.0,0.0,0.0,0.0,0
46.14,-66.3846,5.8805,145.5169,-0.0,-0.0004,145.5169,,,,,,,,,,,,0.0,0.0,0.0,0.0,0
46.16,-66.3846,5.8805,145.5169,-0.0,-0.0004,145.5169,,,,,,,,,,,,0.0,0.0,0.0,0.0,0
46.18,-66.3846,5.8805,145.5169,-0.0,-0.0004,145.5169,,,,,,,,,,,,0.0,0.0,0.0,0.0,0
46.2,-66.3895,5.7153,145.4591,-0.0,-0.0004,145.4591,,,,,,,,,,,,0.0,0.0,0.0,0.0,0
46.22,-66.3895,5.7153,145.4591,-0.0,-0.0004,145.4591,,,,,,,,,,,,0.0,0.0,0.0,0.0,0
46.24,-66.3895,5.7153,145.4591,-0.0,-0.0004,145.4591,,,,,,,,,,,,0.0,0.0,0.0,0.0,0
46.26,-66.3895,5.7153,145.4591,-0.0,-0.0004,145.4591,,,,,,,,,,,,0.0,0.0,0.0,0.0,0
46.28,-66.3895,5.7153,145.4591,-0.0,-0.0004,145.4591,,,,,,,,,,,,0.0,0.0,0.0,0.0,0
46.3,-66.9283,5.9995,145.3132,-0.0,-0.0004,145.3132,,,,,,,,,,,,0.0,0.0,0.0,0.0,0
46.32,-66.9283,5.9995,145.3132,-0.0,-0.0004,145.3132,,,,,,,,,,,,0.0,0.0,0.0,0.0,0
46.34,-66.9283,5.9995,145.3132,-0.0,-0.0004,145.3132,,,,,,,,,,,,0.0,0.0,0.0,0.0,0
46.36,-66.9283,5.9995,145.3132,-0.0,-0.0004,145.3132,,,,,,,,,,,,0.0,0.0,0.0,0.0,0
46.38,-66.9283,5.9995,145.3132,-0.0,-0.0004,145.3132,,,,,,,,,,,,0.0,0.0,0.0,0.0,0
46.4,-67.2512,6.0276,144.4231,-0.0,-0.0004,144.4231,,,,,,,,,,,,0.0,0.0,0.0,0.0,0
46.42,-67.2512,6.0276,144.4231,-0.0,-0.0004,144.4231,,,,,,,,,,,,0.0,0.0,0.0,0.0,0
46.44,-67.2512,6.0276,144.4231,-0.0,-0.0004,144.4231,,,,,,,,,,,,0.0,0.0,0.0,0.0,0
46.46,-67.2512,6.0276,144.4231,-0.0,-0.0004,144.4231,,,,,,,,,,,,0.0,0.0,0.0,0.0,0
46.48,-67.2512,6.0276,144.4231,-0.0,-0.0004,144.4231,,,,,,,,,,,,0.0,0.0,0.0,0.0,0
46.5,-68.222,6.3301,143.0175,-0.0,-0.0004,143.0175,,,,,,,,,,,,0.0,0.0,0.0,0.0,0
46.52,-68.222,6.3301,143.0175,-0.0,-0.0004,143.0175,,,,,,,,,,,,0.0,0.0,0.0,0.0,0
46.54,-68.222,6.3301,143.0175,-0.0,-0.0004,143.0175,,,,,,,,,,,,0.0,0.0,0.0,0.0,0
46.56,-68.222,6.3301,143.0175,-0.0,-0.0004,143.0175,,,,,,,,,,,,0.0,0.0,0.0,0.0,0
46.58,-68.222,6.3301,143.0175,-0.0,-0.0004,143.0175,,,,,,,,,,,,0.0,0.0,0.0,0.0,0
46.6,-69.2457,6.4574,143.8643,-0.0,-0.0004,143.8643,,,,,,,,,,,,0.0,0.0,0.0,0.0,0
46.62,-69.2457,6.4574,143.8643,-0.0,-0.0004,143.8643,,,,,,,,,,,,0.0,0.0,0.0,0.0,0
46.64,-69.2457,6.4574,143.8643,-0.0,-0.0004,143.8643,,,,,,,,,,,,0.0,0.0,0.0,0.0,0
46.66,-69.2457,6.4574,143.8643,-0.0,-0.0004,143.8643,,,,,,,,,,,,0.0,0.0,0.0,0.0,0
46.68,-69.2457,6.4574,143.8643,-0.0,-0.0004,143.8643,,,,,,,,,,,,0.0,0.0,0.0,0.0,0
46.7,-68.356,6.3778,145.1362,-0.0,-0.0004,145.1362,,,,,,,,,,,,0.0,0.0,0.0,0.0,0
46.72,-68.356,6.3778,145.1362,-0.0,-0.0004,145.1362,,,,,,,,,,,,0.0,0.0,0.0,0.0,0
46.74,-68.356,6.3778,145.1362,-0.0,-0.0004,145.1362,,,,,,,,,,,,0.0,0.0,0.0,0.0,0
46.76,-68.356,6.3778,145.1362,-0.0,-0.0004,145.1362,,,,,,,,,,,,0.0,0.0,0.0,0.0,0
46.78,-68.356,6.3778,145.1362,-0.0,-0.0004,145.1362,,,,,,,,,,,,0.0,0.0,0.0,0.0,0
46.8,-67.3695,6.7137,146.2463,-0.0,-0.0004,146.2463,,,,,,,,,,,,0.0,0.0,0.0,0.0,0
46.82,-67.3695,6.7137,146.2463,-0.0,-0.0004,146.2463,,,,,,,,,,,,0.0,0.0,0.0,0.0,0
46.84,-67.3695,6.7137,146.2463,-0.0,-0.0004,146.2463,,,,,,,,,,,,0.0,0.0,0.0,0.0,0
46.86,-67.3695,6.7137,146.2463,-0.0,-0.0004,146.2463,,,,,,,,,,,,0.0,0.0,0.0,0.0,0
46.88,-67.3695,6.7137,146.2463,-0.0,-0.0004,146.2463,,,,,,,,,,,,0.0,0.0,0.0,0.0,0
46.9,-67.417,7.5134,146.7264,-0.0,-0.0004,146.7264,,,,,,,,,,,,0.0,0.0,0.0,0.0,0
46.92,-67.417,7.5134,146.7264,-0.0,-0.0004,146.7264,,,,,,,,,,,,0.0,0.0,0.0,0.0,0
46.94,-67.417,7.5134,146.7264,-0.0,-0.0004,146.7264,,,,,,,,,,,,0.0,0.0,0.0,0.0,0
46.96,-67.417,7.5134,146.7264,-0.0,-0.0004,146.7264,,,,,,,,,,,,0.0,0.0,0.0,0.0,0
46.98,-67.417,7.5134,146.7264,-0.0,-0.0004,146.7264,,,,,,,,,,,,0.0,0.0,0.0,0.0,0
47.0,-67.9606,8.3915,147.0115,-0.0,-0.0004,147.0115,,,,,,,,,,,,0.0,0.0,0.0,0.0,0
47.02,-67.9606,8.3915,147.0115,-0.0,-0.0004,147.0115,,,,,,,,,,,,0.0,0.0,0.0,0.0,0
47.04,-67.9606,8.3915,147.0115,-0.0,-0.0004,147.0115,,,,,,,,,,,,0.0,0.0,0.0,0.0,0
47.06,-67.9606,8.3915,147.0115,-0.0,-0.0004,147.0115,,,,,,,,,,,,0.0,0.0,0.0,0.0,0
47.08,-67.9606,8.3915,147.0115,-0.0,-0.0004,147.0115,,,,,,,,,,,,0.0,0.0,0.0,0.0,0
47.1,-68.0553,9.3694,147.3629,-0.0,-0.0004,147.3629,,,,,,,,,,,,0.0,0.0,0.0,0.0,0
47.12,-68.0553,9.3694,147.3629,-0.0,-0.0004,147.3629,,,,,,,,,,,,0.0,0.0,0.0,0.0,0
47.14,-68.0553,9.3694,147.3629,-0.0,-0.0004,147.3629,,,,,,,,,,,,0.0,0.0,0.0,0.0,0
47.16,-68.0553,9.3694,147.3629,-0.0,-0.0004,147.3629,,,,,,,,,,,,0.0,0.0,0.0,0.0,0
47.18,-68.0553,9.3694,147.3629,-0.0,-0.0004,147.3629,,,,,,,,,,,,0.0,0.0,0.0,0.0,0
47.2,-67.551,10.3045,148.324,-0.0,-0.0004,148.3241,,,,,,,,,,,,0.0,0.0,0.0,0.0,0
47.22,-67.551,10.3045,148.324,-0.0,-0.0004,148.3241,,,,,,,,,,,,0.0,0.0,0.0,0.0,0
47.24,-67.551,10.3045,148.324,-0.0,-0.0004,148.3241,,,,,,,,,,,,0.0,0.0,0.0,0.0,0
47.26,-67.551,10.3045,148.324,-0.0,-0.0004,148.3241,,,,,,,,,,,,0.0,0.0,0.0,0.0,0
47.28,-67.551,10.3045,148.324,-0.0,-0.0004,148.3241,,,,,,,,,,,,0.0,0.0,0.0,0.0,0
47.3,-66.4973,11.7612,148.8301,-0.0,-0.0004,148.8301,,,,,,,,,,,,0.0,0.0,0.0,0.0,0
47.32,-66.4973,11.7612,148.8301,-0.0,-0.0004,148.8301,,,,,,,,,,,,0.0,0.0,0.0,0.0,0
47.34,-66.4973,11.7612,148.8301,-0.0,-0.0004,148.8301,,,,,,,,,,,,0.0,0.0,0.0,0.0,0
47.36,-66.4973,11.7612,148.8301,-0.0,-0.0004,148.8301,,,,,,,,,,,,0.0,0.0,0.0,0.0,0
47.38,-66.4973,11.7612,148.8301,-0.0,-0.0004,148.8301,,,,,,,,,,,,0.0,0.0,0.0,0.0,0
47.4,-65.9516,13.6312,149.6628,-0.0,-0.0004,149.6628,,,,,,,,,,,,0.0,0.0,0.0,0.0,0
47.42,-65.9516,13.6312,149.6628,-0.0,-0.0004,149.6628,,,,,,,,,,,,0.0,0.0,0.0,0.0,0
47.44,-65.9516,13.6312,149.6628,-0.0,-0.0004,149.6628,,,,,,,,,,,,0.0,0.0,0.0,0.0,0
47.46,-65.9516,13.6312,149.6628,-0.0,-0.0004,149.6628,,,,,,,,,,,,0.0,0.0,0.0,0.0,0
47.48,-65.9516,13.6312,149.6628,-0.0,-0.0004,149.6628,,,,,,,,,,,,0.0,0.0,0.0,0.0,0
47.5,-65.6678,15.1441,150.6026,-0.0,-0.0004,150.6027,,,,,,,,,,,,0.0,0.0,0.0,0.0,0
47.52,-65.6678,15.1441,150.6026,-0.0,-0.0004,150.6027,,,,,,,,,,,,0.0,0.0,0.0,0.0,0
47.54,-65.6678,15.1441,150.6026,-0.0,-0.0004,150.6027,,,,,,,,,,,,0.0,0.0,0.0,0.0,0
47.56,-65.6678,15.1441,150.6026,-0.0,-0.0004,150.6027,,,,,,,,,,,,0.0,0.0,0.0,0.0,0
47.58,-65.6678,15.1441,150.6026,-0.0,-0.0004,150.6027,,,,,,,,,,,,0.0,0.0,0.0,0.0,0
47.6,-67.6979,16.4645,150.3622,-0.0,-0.0004,150.3622,,,,,,,,,,,,0.0,0.0,0.0,0.0,0
47.62,-67.6979,16.4645,150.3622,-0.0,-0.0004,150.3622,,,,,,,,,,,,0.0,0.0,0.0,0.0,0
47.64,-67.6979,16.4645,150.3622,-0.0,-0.0004,150.3622,,,,,,,,,,,,0.0,0.0,0.0,0.0,0
47.66,-67.6979,16.4645,150.3622,-0.0,-0.0004,150.3622,,,,,,,,,,,,0.0,0.0,0.0,0.0,0
47.68,-67.6979,16.4645,150.3622,-0.0,-0.0004,150.3622,,,,,,,,,,,,0.0,0.0,0.0,0.0,0
47.7,-71.5342,17.9006,148.603,-0.0,-0.0004,148.603,,,,,,,,,,,,0.0,0.0,0.0,0.0,0
47.72,-71.5342,17.9006,148.603,-0.0,-0.0004,148.603,,,,,,,,,,,,0.0,0.0,0.0,0.0,0
47.74,-71.5342,17.9006,148.603,-0.0,-0.0004,148.603,,,,,,,,,,,,0.0,0.0,0.0,0.0,0
47.76,-71.5342,17.9006,148.603,-0.0,-0.0004,148.603,,,,,,,,,,,,0.0,0.0,0.0,0.0,0
47.78,-71.5342,17.9006,148.603,-0.0,-0.0004,148.603,,,,,,,,,,,,0.0,0.0,0.0,0.0,0
47.8,-75.2771,20.7626,147.1658,-0.0,-0.0004,147.1658,,,,,,,,,,,,0.0,0.0,0.0,0.0,0
47.82,-75.2771,20.7626,147.1658,-0.0,-0.0004,147.1658,,,,,,,,,,,,0.0,0.0,0.0,0.0,0
47.84,-75.2771,20.7626,147.1658,-0.0,-0.0004,147.1658,,,,,,,,,,,,0.0,0.0,0.0,0.0,0
47.86,-75.2771,20.7626,147.1658,-0.0,-0.0004,147.1658,,,,,,,,,,,,0.0,0.0,0.0,0.0,0
47.88,-75.2771,20.7626,147.1658,-0.0,-0.0004,147.1658,,,,,,,,,,,,0.0,0.0,0.0,0.0,0
47.9,-78.4902,23.7607,145.7202,-0.0,-0.0004,145.7202,,,,,,,,,,,,0.0,0.0,0.0,0.0,0
47.92,-78.4902,23.7607,145.7202,-0.0,-0.0004,145.7202,,,,,,,,,,,,0.0,0.0,0.0,0.0,0
47.94,-78.4902,23.7607,145.7202,-0.0,-0.0004,145.7202,,,,,,,,,,,,0.0,0.0,0.0,0.0,0
47.96,-78.4902,23.7607,145.7202,-0.0,-0.0004,145.7202,,,,,,,,,,,,0.0,0.0,0.0,0.0,0
47.98,-78.4902,23.7607,145.7202,-0.0,-0.0004,145.7202,,,,,,,,,,,,0.0,0.0,0.0,0.0,0
48.0,-82.8549,27.5916,142.8869,-0.0,-0.0004,142.8869,,,,,,,,,,,,0.0,0.0,0.0,0.0,0
48.02,-82.8549,27.5916,142.8869,-0.0,-0.0004,142.8869,,,,,,,,,,,,0.0,0.0,0.0,0.0,0
48.04,-82.8549,27.5916,142.8869,-0.0,-0.0004,142.8869,,,,,,,,,,,,0.0,0.0,0.0,0.0,0
48.06,-82.8549,27.5916,142.8869,-0.0,-0.0004,142.8869,,,,,,,,,,,,0.0,0.0,0.0,0.0,0
48.08,-82.8549,27.5916,142.8869,-0.0,-0.0004,142.8869,,,,,,,,,,,,0.0,0.0,0.0,0.0,0
48.1,-88.0647,33.6359,141.1019,-0.0,-0.0004,141.1019,,,,,,,,,,,,0.0,0.0,0.0,0.0,0
48.12,-88.0647,33.6359,141.1019,-0.0,-0.0004,141.1019,,,,,,,,,,,,0.0,0.0,0.0,0.0,0
48.14,-88.0647,33.6359,141.1019,-0.0,-0.0004,141.1019,,,,,,,,,,,,0.0,0.0,0.0,0.0,0
48.16,-88.0647,33.6359,141.1019,-0.0,-0.0004,141.1019,,,,,,,,,,,,0.0,0.0,0.0,0.0,0
48.18,-88.0647,33.6359,141.1019,-0.0,-0.0004,141.1019,,,,,,,,,,,,0.0,0.0,0.0,0.0,0
48.2,-92.6848,41.0853,140.0726,-0.0,-0.0004,140.0726,,,,,,,,,,,,0.0,0.0,0.0,0.0,0
48.22,-92.6848,41.0853,140.0726,-0.0,-0.0004,140.0726,,,,,,,,,,,,0.0,0.0,0.0,0.0,0
48.24,-92.6848,41.0853,140.0726,-0.0,-0.0004,140.0726,,,,,,,,,,,,0.0,0.0,0.0,0.0,0
48.26,-92.6848,41.0853,140.0726,-0.0,-0.0004,140.0726,,,,,,,,,,,,0.0,0.0,0.0,0.0,0
48.28,-92.6848,41.0853,140.0726,-0.0,-0.0004,140.0726,,,,,,,,,,,,0.0,0.0,0.0,0.0,0
48.3,-94.9019,49.7083,142.5487,-0.0001,-0.0004,146.8325,,,,,,,,,,,,0.0,0.0,0.0,0.0,0
48.32,-94.9019,49.7083,142.5487,-0.0001,-0.0004,146.8325,,,,,,,,,,,,0.0,0.0,0.0,0.0,0
48.34,-94.9019,49.7083,142.5487,-0.0001,-0.0004,146.8325,,,,,,,,,,,,0.0,0.0,0.0,0.0,0
48.36,-94.9019,49.7083,142.5487,-0.0001,-0.0004,146.8325,,,,,,,,,,,,0.0,0.0,0.0,0.0,0
